snapshot_time,chart_timeframe,chart_genre,chart_year,chart_week,rank,artist_name,song_title,likes_count,play_count,comments_count,song_url,artist_url,cover_image_url,cover_image_local_path,artist_handle,artist_identity,artist_city,artist_joined_date,artist_accredited_datetime,artist_music_count,artist_fans_count,artist_following_count,artist_facebook_url,artist_instagram_url,artist_youtube_url,related_news,big_thing_appearances,genre,album_title,album_url,collaborators,description,lyrics,release_date,song_accredited_datetime,honors,is_editor_recommended,is_song_of_the_day,critic_review_url
2026-08-15 05:45:53,realtime,hip_hop,,,1,蘇裔非,開車音樂,79,4143,6,https://streetvoice.com/ifeisu/songs/871298/,https://streetvoice.com/ifeisu/,"https://akstatic.streetvoice.com/song_covers/if/ei/ifeisu/MJWQw5RxQf8Q66fedonMrV.jpeg?x-oss-process=image/resize,m_fixed,h_1,w_1,limit_0/resize,m_fixed,h_630,w_1200,limit_0/watermark,image_c29uZ19jb3ZlcnMvaWYvZWkvaWZlaXN1L01KV1F3NVJ4UWY4UTY2ZmVkb25NclYuanBlZz94LW9zcy1wcm9jZXNzPWltYWdlL3Jlc2l6ZSxtX2ZpeGVkLGhfMzQ0LHdfMzQ0LGxpbWl0XzA,g_nw,x_428,y_143/watermark,image_YXNzZXQvaW1hZ2VzL21ldGFpbWFnZS1zb25nLnBuZw,g_nw,x_0,y_0",images/871298.jpeg,@ifeisu,音樂人,台北市,2023-08-01,2023-10-11 15:40,9,275,1,,,https://www.youtube.com/user/StreetVoiceTV,,,Hip hop / Rap,,,,,"動態歌詞
Got a roll-call over on the west side 他問什麼時候到我回他現在 左手方向盤我右手播著電台 FM 91.3 在我腦裡 yeah right Got them redeye over on my 眼白 剩下你還沒有綁好的肩帶 他問我什麼時候到我回他現在 huh, yeah, but when I I dream about this all the time I’m doing quite alright So would you like to be my ride or die If you hit me up better on time 我開車開太久了開始變得有點搶拍 你叫我不要想太多 xanny and some hot wine 週刊連載這個旅程right on that Jumpboy 開了三十分鐘 左邊還是大海 開了三十分鐘 But I’m going offline 他問我什麼是愛我說would die for it but I won’t I dream about this all the time I’m doing quite alright So would you like to be my ride or die 這個城市充滿我的playlist 戴上墨鏡 傾聽我的隨意 嘿 華麗的轉過身去 我的鬆弛不被明碼標記 瞧我笑的得體 得意 dirty Bad and boujee ,extra lazy 像是喝了台啤的Harley Quinn Came straight out of Disney Got a roll-call over on the west side 他問什麼時候到我回他現在 左手方向盤我右手播著電台 FM 91.3 在我腦裡 yeah right Got them redeye over on my 眼白 剩下你還沒有綁好的肩帶 他問我什麼時候到我回他現在 huh, yeah, but when I I dream about this all the time I’m doing quite alright So would you like to be my ride or die 
Got a roll-call over on the west side 他問什麼時候到我回他現在 左手方向盤我右手播著電台 FM 91.3 在我腦裡 yeah right Got them redeye over on my 眼白 剩下你還沒有綁好的肩帶 他問我什麼時候到我回他現在 huh, yeah, but when I
I dream about this all the time I’m doing quite alright So would you like to be my ride or die
If you hit me up better on time 我開車開太久了開始變得有點搶拍 你叫我不要想太多 xanny and some hot wine 週刊連載這個旅程right on that Jumpboy 開了三十分鐘 左邊還是大海 開了三十分鐘 But I’m going offline 他問我什麼是愛我說would die for it but I won’t
I dream about this all the time I’m doing quite alright So would you like to be my ride or die
這個城市充滿我的playlist 戴上墨鏡 傾聽我的隨意 嘿 華麗的轉過身去 我的鬆弛不被明碼標記 瞧我笑的得體 得意 dirty Bad and boujee ,extra lazy 像是喝了台啤的Harley Quinn Came straight out of Disney
Got a roll-call over on the west side 他問什麼時候到我回他現在 左手方向盤我右手播著電台 FM 91.3 在我腦裡 yeah right Got them redeye over on my 眼白 剩下你還沒有綁好的肩帶 他問我什麼時候到我回他現在 huh, yeah, but when I
I dream about this all the time I’m doing quite alright So would you like to be my ride or die
留言（ 6 ） 最相關留言 所有留言
留言（ 6 ）",2026-08-01,,Song of the Day; 編輯推薦,True,True,
2026-08-15 05:45:53,realtime,hip_hop,,,2,N!ceT!M,小鎮姑娘,21,1171,1,https://streetvoice.com/NICETIM/songs/873393/,https://streetvoice.com/NICETIM/,"https://akstatic.streetvoice.com/song_covers/NI/CE/NICETIM/iUXQJxUeHsvJ7spSZatVs9.jpeg?x-oss-process=image/resize,m_fixed,h_1,w_1,limit_0/resize,m_fixed,h_630,w_1200,limit_0/watermark,image_c29uZ19jb3ZlcnMvTkkvQ0UvTklDRVRJTS9pVVhRSnhVZUhzdko3c3BTWmF0VnM5LmpwZWc_eC1vc3MtcHJvY2Vzcz1pbWFnZS9yZXNpemUsbV9maXhlZCxoXzM0NCx3XzM0NCxsaW1pdF8w,g_nw,x_428,y_143/watermark,image_YXNzZXQvaW1hZ2VzL21ldGFpbWFnZS1zb25nLnBuZw,g_nw,x_0,y_0",images/873393.jpeg,@NICETIM,音樂人,,,2022-02-24 18:05,14,211,8,,https://www.instagram.com/timgamestory,https://www.youtube.com/channel/UCGTVXYyeBAfNkAV0jhS1-5Q/featured,,,Hip hop / Rap,都市風雲兒,https://streetvoice.com/NICETIM/songs/album/97325857/,,,"說實在 到底哪兒殺出來的小鎮姑娘 那些都市的女孩通通顯得小肚雞腸 不算成功的大人確實很少suit&tie 妳說妳蠻不在乎只要讓妳feel right 我有點社會化了 但妳讀自然組 從來不斤斤計較捲起的愛火還在含吐 明明就庄腳來ㄟ 像在走香榭大道 謀督丟哩這款ㄟ 哇歸剛巄勒嘛嘛吼 I am so high so high 我把心弦調個音 讓我唱歌給妳聽 妳讓我感覺 so high so high 讓妳傷害我的心 我有點上了癮 真他媽有點上了癮 no way no way......oh yes I do no way no way......oh yes I do 以前愛出頭 現在喜歡看妳帥 「A Star is born」,you make me feel beauyt&wild 妳知道的那瞬間 當夜半我們一起聽fortnight I don't lie 我真的可以拒絕天音真比奈 本來想當個永遠的孩子開始想畫點大餅 yeah 扛起了可可亞西村頭上的草帽有點大頂 yeah you don't need to tell me nothing 幫妳蓋掉舊的tattoo 畫一些新的藍圖 來讓這遊戲調些難度 I am so high so high 我把心弦調個音 讓我唱歌給妳聽 妳讓我感覺 so high so high 讓妳傷害我的心 我有點上了癮 真他媽有點上了癮 no way no way......oh yes I do no way no way......oh yes I do no way no way......oh yes I do no way no way......oh yes I do 欸 不是啦 真的不行 我平常就沒在用那些東西啊 不是每個玩嘻哈的都會這樣好不好 不信你問我朋友 真的真的 不是不想陪你 好啦好啦 一次 就一次就一次 I am so high so high 我把心弦調個音 讓我唱歌給妳聽 妳讓我感覺 so high so high 讓妳傷害我的心 我有點上了癮 真他媽有點上了癮 no way no way......oh yes I do no way no way......oh yes I do no way no way......oh yes I do no way no way......oh yes I do 
說實在 到底哪兒殺出來的小鎮姑娘 那些都市的女孩通通顯得小肚雞腸 不算成功的大人確實很少suit&tie 妳說妳蠻不在乎只要讓妳feel right 我有點社會化了 但妳讀自然組 從來不斤斤計較捲起的愛火還在含吐 明明就庄腳來ㄟ 像在走香榭大道 謀督丟哩這款ㄟ 哇歸剛巄勒嘛嘛吼
I am so high so high 我把心弦調個音 讓我唱歌給妳聽 妳讓我感覺 so high so high 讓妳傷害我的心 我有點上了癮 真他媽有點上了癮
no way no way......oh yes I do no way no way......oh yes I do
以前愛出頭 現在喜歡看妳帥 「A Star is born」,you make me feel beauyt&wild 妳知道的那瞬間 當夜半我們一起聽fortnight I don't lie 我真的可以拒絕天音真比奈 本來想當個永遠的孩子開始想畫點大餅 yeah 扛起了可可亞西村頭上的草帽有點大頂 yeah you don't need to tell me nothing 幫妳蓋掉舊的tattoo 畫一些新的藍圖 來讓這遊戲調些難度
I am so high so high 我把心弦調個音 讓我唱歌給妳聽 妳讓我感覺 so high so high 讓妳傷害我的心 我有點上了癮 真他媽有點上了癮
no way no way......oh yes I do no way no way......oh yes I do no way no way......oh yes I do no way no way......oh yes I do
欸 不是啦 真的不行 我平常就沒在用那些東西啊 不是每個玩嘻哈的都會這樣好不好 不信你問我朋友 真的真的 不是不想陪你 好啦好啦 一次 就一次就一次
I am so high so high 我把心弦調個音 讓我唱歌給妳聽 妳讓我感覺 so high so high 讓妳傷害我的心 我有點上了癮 真他媽有點上了癮 no way no way......oh yes I do no way no way......oh yes I do no way no way......oh yes I do no way no way......oh yes I do
留言（ 1 ） 最相關留言 所有留言
留言（ 1 ）",2026-08-07,,編輯推薦,True,False,
2026-08-15 05:45:53,realtime,hip_hop,,,3,N!ceT!M,Vibing (ft.黃琳媛 Ally),10,751,2,https://streetvoice.com/NICETIM/songs/873395/,https://streetvoice.com/NICETIM/,"https://akstatic.streetvoice.com/song_covers/NI/CE/NICETIM/9sZCCwM47RwXg5YdUszrfv.jpeg?x-oss-process=image/resize,m_fixed,h_1,w_1,limit_0/resize,m_fixed,h_630,w_1200,limit_0/watermark,image_c29uZ19jb3ZlcnMvTkkvQ0UvTklDRVRJTS85c1pDQ3dNNDdSd1hnNVlkVXN6cmZ2LmpwZWc_eC1vc3MtcHJvY2Vzcz1pbWFnZS9yZXNpemUsbV9maXhlZCxoXzM0NCx3XzM0NCxsaW1pdF8w,g_nw,x_428,y_143/watermark,image_YXNzZXQvaW1hZ2VzL21ldGFpbWFnZS1zb25nLnBuZw,g_nw,x_0,y_0",images/873395.jpeg,@NICETIM,音樂人,,,2022-02-24 18:05,14,211,8,,https://www.instagram.com/timgamestory,https://www.youtube.com/channel/UCGTVXYyeBAfNkAV0jhS1-5Q/featured,,,Hip hop / Rap,都市風雲兒,https://streetvoice.com/NICETIM/songs/album/97325857/,,,"i am in my vibing 不要來robbing我的思緒 我還在旅行 我們在踏青 踏完踏沙地 走前記得清理這美景 幫我們dubbing 不會唱也行 就跟著dadala嗯嗯嗯 dadaladadala嗯嗯嗯 dadaladadala嗯嗯嗯 (黃琳媛Ally) 說走就走的旅行 帶著舊的照相機 紀錄一些風和日麗 照片裡還有我和你 思緒被快樂包圍 好不真實的感覺 功成名就不是絕對 花花世界太多是非 Ay你說的都對 青春怎麼能被我們浪費 太多不該被現實給磨碎 人生勇往直前冒險才是My way i am in my vibing 不要來robbing我的思緒 我還在旅行 我們在踏青 踏完踏沙地 走前記得清理這美景 幫我們dubbing 不會唱也行 就跟著dadala嗯嗯嗯 dadaladadala嗯嗯嗯 dadaladadala嗯嗯嗯 這個感覺太美 聽到這種伴奏我就是要寫 只要我開心我爽當大爺誰管太商業太普通還是什麼太主流 怕被外人定義才像被主囚 就算好像畢業還在被暑修 人生大冒險可以輸了但換個心裡舒服 (總比老的糊塗) 我是老司機 快把東西打包 忘東忘西到底又是哪招 孤魂野鬼看要晃去哪飄 處在同個頻率才能相處比喻可能feel like 帶上我的Full band 帥的像是快打部隊 整個太上等的路線 行程絕不敷衍 太陽整個too 艷 i am in my vibing 不要來robbing我的思緒 我還在旅行 我們在踏青 踏完踏沙地 走前記得清理這美景 幫我們dubbing 不會唱也行 就跟著dadala嗯嗯嗯 dadaladadala嗯嗯嗯 dadaladadala嗯嗯嗯 i am in my vibing 不要來robbing我的思緒 woo ho oh oh 我們在踏青 踏完踏沙地 踏完去海底 woo ho oh oh 幫我們dubbing 不會唱也行 就跟著 woo woo ho oh oh woo ho oh oh ho oh oh woo ho oh oh i am in my vibe in the paradise 全部 in my mind in my vibe in the paradise 全部 in my mind in my vibe in the paradise 全部 in my mind woo ho oh oh woo ho oh oh ho oh oh woo ho oh oh 
i am in my vibing 不要來robbing我的思緒 我還在旅行 我們在踏青 踏完踏沙地 走前記得清理這美景 幫我們dubbing 不會唱也行 就跟著dadala嗯嗯嗯 dadaladadala嗯嗯嗯 dadaladadala嗯嗯嗯
(黃琳媛Ally) 說走就走的旅行 帶著舊的照相機 紀錄一些風和日麗 照片裡還有我和你 思緒被快樂包圍 好不真實的感覺 功成名就不是絕對 花花世界太多是非 Ay你說的都對 青春怎麼能被我們浪費 太多不該被現實給磨碎 人生勇往直前冒險才是My way
i am in my vibing 不要來robbing我的思緒 我還在旅行 我們在踏青 踏完踏沙地 走前記得清理這美景 幫我們dubbing 不會唱也行 就跟著dadala嗯嗯嗯 dadaladadala嗯嗯嗯 dadaladadala嗯嗯嗯
這個感覺太美 聽到這種伴奏我就是要寫 只要我開心我爽當大爺誰管太商業太普通還是什麼太主流 怕被外人定義才像被主囚 就算好像畢業還在被暑修 人生大冒險可以輸了但換個心裡舒服 (總比老的糊塗)
我是老司機 快把東西打包 忘東忘西到底又是哪招 孤魂野鬼看要晃去哪飄 處在同個頻率才能相處比喻可能feel like
帶上我的Full band 帥的像是快打部隊 整個太上等的路線 行程絕不敷衍 太陽整個too 艷
i am in my vibing 不要來robbing我的思緒 我還在旅行 我們在踏青 踏完踏沙地 走前記得清理這美景 幫我們dubbing 不會唱也行 就跟著dadala嗯嗯嗯 dadaladadala嗯嗯嗯 dadaladadala嗯嗯嗯
i am in my vibing 不要來robbing我的思緒 woo ho oh oh 我們在踏青 踏完踏沙地 踏完去海底 woo ho oh oh 幫我們dubbing 不會唱也行 就跟著 woo woo ho oh oh woo ho oh oh ho oh oh woo ho oh oh
i am in my vibe in the paradise 全部 in my mind in my vibe in the paradise 全部 in my mind in my vibe in the paradise 全部 in my mind woo ho oh oh woo ho oh oh ho oh oh woo ho oh oh
留言（ 2 ） 最相關留言 所有留言
留言（ 2 ）",2026-08-07,,編輯推薦,True,False,
2026-08-15 05:45:53,realtime,hip_hop,,,4,ほしくず_褲子,請對我說,5,302,1,https://streetvoice.com/h0sh1kuzu_m4a/songs/874343/,https://streetvoice.com/h0sh1kuzu_m4a/,"https://akstatic.streetvoice.com/song_covers/h0/sh/h0sh1kuzu_m4a/n474q8Ky5TaKXTXrCX3y5t.jpg?x-oss-process=image/resize,m_fixed,h_1,w_1,limit_0/resize,m_fixed,h_630,w_1200,limit_0/watermark,image_c29uZ19jb3ZlcnMvaDAvc2gvaDBzaDFrdXp1X200YS9uNDc0cThLeTVUYUtYVFhyQ1gzeTV0LmpwZz94LW9zcy1wcm9jZXNzPWltYWdlL3Jlc2l6ZSxtX2ZpeGVkLGhfMzQ0LHdfMzQ0LGxpbWl0XzA,g_nw,x_428,y_143/watermark,image_YXNzZXQvaW1hZ2VzL21ldGFpbWFnZS1zb25nLnBuZw,g_nw,x_0,y_0",images/874343.jpg,@h0sh1kuzu_m4a,音樂人,台中市,2025-11-01,,10,29,16,,,https://www.youtube.com/user/StreetVoiceTV,,,Hip hop / Rap,,,,"能不能放過我 能不能抱緊我 能不能 能不能 告訴我 我沒有錯？ - 錄混：h0sh1kuzu 詞曲：h0sh1kuzu Beat：AnthonyWhang ft.ichika nito 
能不能放過我 能不能抱緊我 能不能 能不能 告訴我 我沒有錯？ - 錄混：h0sh1kuzu 詞曲：h0sh1kuzu Beat：AnthonyWhang ft.ichika nito","已讀的通知被放置了幾個小時 有毒的措辭還沒意識疼痛太過真實 不能正視還沒證實的終點 即使 這並不是第一次但結局總是似曾相識 沈浸單方面的自以為 說來可恥 安靜過頭的床上悵然若失 你知道我不會喝酒 其實 我知道我又成了 棄子 能不能放過你也放過我 能不能帶點同理擁抱我 能不能 能不能 需要我 深愛我 拉著我 從頭來過 能不能放過你也放過我 能不能帶點同理擁抱我 能不能 能不能 需要我 深愛我 拉著我 請對我說 請對我說 我沒有錯 焦慮建立在難以觸及的希望之上 也在必定致死的頂樓上 找不到方向 分不清是路燈還是太陽 願望 太多的願望 不敢奢求便埋葬 吃了太多藥 所以今晚大概不會睡 下個路口轉轉 嘗試擺脫暈菸加上酒醉 吸吐之間 又重新復燃的一期一會 燈火明滅 月色的淚痕滲入進了脊髓 看著夜幕升起 你不在我家裡 遲來的訊息 即將成為的屍體 回不去的光陰 遙遙無期 碎玻璃滿地 且走且恐懼 失重的身體 完結的電影 請對我說 能不能放過你也放過我 能不能帶點同理擁抱我 能不能 能不能 需要我 深愛我 拉著我 從頭來過 能不能放過你也放過我 能不能帶點同理擁抱我 能不能 能不能 需要我 深愛我 拉著我 請對我說 請對我說 能不能放過你也放過我 能不能帶點同理擁抱我 能不能 能不能 需要我 深愛我 拉著我 從頭來過 能不能放過你也放過我 能不能帶點同理擁抱我 能不能 能不能 需要我 深愛我 拉著我 請對我說 
已讀的通知被放置了幾個小時 有毒的措辭還沒意識疼痛太過真實 不能正視還沒證實的終點 即使 這並不是第一次但結局總是似曾相識 沈浸單方面的自以為 說來可恥 安靜過頭的床上悵然若失 你知道我不會喝酒 其實 我知道我又成了 棄子 能不能放過你也放過我 能不能帶點同理擁抱我 能不能 能不能 需要我 深愛我 拉著我 從頭來過 能不能放過你也放過我 能不能帶點同理擁抱我 能不能 能不能 需要我 深愛我 拉著我 請對我說 請對我說 我沒有錯
焦慮建立在難以觸及的希望之上 也在必定致死的頂樓上 找不到方向 分不清是路燈還是太陽 願望 太多的願望 不敢奢求便埋葬 吃了太多藥 所以今晚大概不會睡 下個路口轉轉 嘗試擺脫暈菸加上酒醉 吸吐之間 又重新復燃的一期一會 燈火明滅 月色的淚痕滲入進了脊髓
看著夜幕升起 你不在我家裡 遲來的訊息 即將成為的屍體 回不去的光陰 遙遙無期 碎玻璃滿地 且走且恐懼 失重的身體 完結的電影
請對我說
能不能放過你也放過我 能不能帶點同理擁抱我 能不能 能不能 需要我 深愛我 拉著我 從頭來過 能不能放過你也放過我 能不能帶點同理擁抱我 能不能 能不能 需要我 深愛我 拉著我 請對我說 請對我說 能不能放過你也放過我 能不能帶點同理擁抱我 能不能 能不能 需要我 深愛我 拉著我 從頭來過 能不能放過你也放過我 能不能帶點同理擁抱我 能不能 能不能 需要我 深愛我 拉著我 請對我說
留言（ 1 ） 最相關留言 所有留言
留言（ 1 ）",2026-08-13,,,False,False,
2026-08-15 05:45:53,realtime,hip_hop,,,5,脸是熊MTUT,直覺動物,2,54,0,https://streetvoice.com/MichaelTut/songs/874151/,https://streetvoice.com/MichaelTut/,"https://akstatic.streetvoice.com/song_covers/Mi/ch/MichaelTut/8LebYegpAwQ8aSZGKfSRRM.jpeg?x-oss-process=image/resize,m_fixed,h_1,w_1,limit_0/resize,m_fixed,h_630,w_1200,limit_0/watermark,image_c29uZ19jb3ZlcnMvTWkvY2gvTWljaGFlbFR1dC84TGViWWVncEF3UThhU1pHS2ZTUlJNLmpwZWc_eC1vc3MtcHJvY2Vzcz1pbWFnZS9yZXNpemUsbV9maXhlZCxoXzM0NCx3XzM0NCxsaW1pdF8w,g_nw,x_428,y_143/watermark,image_YXNzZXQvaW1hZ2VzL21ldGFpbWFnZS1zb25nLnBuZw,g_nw,x_0,y_0",images/874151.jpeg,@MichaelTut,音樂人,美國,2019-08-01,,8,4,1,,,https://www.youtube.com/user/StreetVoiceTV,,,Hip hop / Rap,紅樹林下稍息 SHENZHEN MANGROVE NATURE RESERVE,https://streetvoice.com/MichaelTut/songs/album/97325888/,,,"動態歌詞
鍵盤：臉是熊 製作人：臉是熊 和聲：臉是熊 混音：臉是熊 —— 臉是熊—— Staying chill Feeling brand new and my heart beat's guiding my bare foot 當靈感來了擋也擋不住 我的生活全都依靠直覺 雖然也不是不知道理論 我生在千禧前年代 媽媽出門都包裡裝警棍 要是遇到了危險 問題的關鍵是要用愛來抵恨 就算不小心踩到蛇 但鞋跟剛好能踩七寸 Y'all read those books too much Never let the rationale start ruin your passion 要保持興奮 比起理性的冰冷 她說更愛沒有理由的 她用的文字是靠直覺 沒什麼猶豫和制約 圓弧的舞步很直接 對話著理解訴說我們成長話題 “記得我係INFP，睇咗醫生ADHD” “All those ideas rain on me，個腦好似播緊電影” 每一個想法都基於經驗 每一個預言都想要靈驗 俘獲你心靈的言語 就算我們是不交叉的兩平行線 當陷入這每個音符 像嵌入在牆裡面停住 貼著鼓流露的文字記錄 舒緩的韻律能止小兒啼哭 像鳥兒飛進了迷霧 就索性跟天空來起舞也不用翻什麼地圖 或許不能算是顆鑽石 但就算我是泥土，未來也花叢密布 Staying chill Feeling brand new and my heart beat's guiding my bare foot 當靈感來了擋也擋不住 —— Tray Sean—— Heart beating so fast 就嚟百四BPM I been trapping on this shyt a long long time ago no no 唔係EDM 聽唔到太多嘅喧嘩聲 早就已經進入咗flow state 高出不勝寒於高地 I feel like ""Coldplay"" Trynna take what's mine that's no way 一路憑藉直覺嚟行動 每個時刻都冇放鬆過 從來都未試過失手 身手太好繼續擴充貨 They been acting so dumb 唔該畀啲心機努力去做功課 保持感恩之心 永遠記得係邊一個 幫我擋風過 Cuz I got the feeling 打一個照面 邊個係樸素 邊個係妖豔 邊個講真話 邊個係狡辯 邊個係殘廢 邊個係矯健 邊個係冇料 淨係得個表面 使乜講證據 只靠住個直覺 啲鬼五馬六嘅全部都會顯形 Only trust my feeling I don't trust no one I don't trust no gun I don't trust no hoes 噴出嘅口水 同歌詞 同flow so sharp 都係為咗hit my goal Stay on the ground 我腳踏實地 行事保持警惕 Tip my toes Never sell my soul 一路攀到高處 I'll see you on the road 
鍵盤：臉是熊
製作人：臉是熊
和聲：臉是熊
混音：臉是熊
—— 臉是熊——
Staying chill
Feeling brand new
and my heart beat's guiding my bare foot
當靈感來了擋也擋不住
我的生活全都依靠直覺
雖然也不是不知道理論
我生在千禧前年代
媽媽出門都包裡裝警棍
要是遇到了危險
問題的關鍵是要用愛來抵恨
就算不小心踩到蛇
但鞋跟剛好能踩七寸
Y'all read those books too much
Never let the rationale start ruin your passion
要保持興奮
比起理性的冰冷
她說更愛沒有理由的
她用的文字是靠直覺
沒什麼猶豫和制約
圓弧的舞步很直接
對話著理解訴說我們成長話題
“記得我係INFP，睇咗醫生ADHD”
“All those ideas rain on me，個腦好似播緊電影”
每一個想法都基於經驗
每一個預言都想要靈驗
俘獲你心靈的言語
就算我們是不交叉的兩平行線
當陷入這每個音符
像嵌入在牆裡面停住
貼著鼓流露的文字記錄
舒緩的韻律能止小兒啼哭
像鳥兒飛進了迷霧
就索性跟天空來起舞也不用翻什麼地圖
或許不能算是顆鑽石
但就算我是泥土，未來也花叢密布
Staying chill
Feeling brand new
and my heart beat's guiding my bare foot
當靈感來了擋也擋不住
—— Tray Sean——
Heart beating so fast
就嚟百四BPM
I been trapping on this shyt a long long time ago no no
唔係EDM
聽唔到太多嘅喧嘩聲 早就已經進入咗flow state
高出不勝寒於高地
I feel like ""Coldplay""
Trynna take what's mine that's no way
一路憑藉直覺嚟行動 每個時刻都冇放鬆過
從來都未試過失手
身手太好繼續擴充貨
They been acting so dumb
唔該畀啲心機努力去做功課
保持感恩之心 永遠記得係邊一個 幫我擋風過
Cuz I got the feeling
打一個照面
邊個係樸素 邊個係妖豔
邊個講真話 邊個係狡辯
邊個係殘廢 邊個係矯健
邊個係冇料 淨係得個表面
使乜講證據 只靠住個直覺
啲鬼五馬六嘅全部都會顯形
Only trust my feeling I don't trust no one
I don't trust no gun I don't trust no hoes
噴出嘅口水 同歌詞 同flow so sharp
都係為咗hit my goal
Stay on the ground 我腳踏實地 行事保持警惕
Tip my toes
Never sell my soul
一路攀到高處
I'll see you on the road
留言（ 0 ） 最相關留言 所有留言
留言（ 0 ）",2026-08-12,,編輯推薦,True,False,
2026-08-15 05:45:53,realtime,hip_hop,,,6,N!ceT!M,午夜之子,6,457,0,https://streetvoice.com/NICETIM/songs/873394/,https://streetvoice.com/NICETIM/,"https://akstatic.streetvoice.com/song_covers/NI/CE/NICETIM/KTvY6XAN4mCRG7jXdGWhcZ.jpeg?x-oss-process=image/resize,m_fixed,h_1,w_1,limit_0/resize,m_fixed,h_630,w_1200,limit_0/watermark,image_c29uZ19jb3ZlcnMvTkkvQ0UvTklDRVRJTS9LVHZZNlhBTjRtQ1JHN2pYZEdXaGNaLmpwZWc_eC1vc3MtcHJvY2Vzcz1pbWFnZS9yZXNpemUsbV9maXhlZCxoXzM0NCx3XzM0NCxsaW1pdF8w,g_nw,x_428,y_143/watermark,image_YXNzZXQvaW1hZ2VzL21ldGFpbWFnZS1zb25nLnBuZw,g_nw,x_0,y_0",images/873394.jpeg,@NICETIM,音樂人,,,2022-02-24 18:05,14,211,8,,https://www.instagram.com/timgamestory,https://www.youtube.com/channel/UCGTVXYyeBAfNkAV0jhS1-5Q/featured,,,Hip hop / Rap,都市風雲兒,https://streetvoice.com/NICETIM/songs/album/97325857/,,,"從來沒有在閒晃 為了環境為了我的kid 呆子繼續挑毛病吧 吹的油門起跳都是億 我的face就是密碼 解鎖用的key 讓 這段旅程變得fantasy 古今中外激賞 急著找我擊掌當我drive my car and I riding throw the city 欸 外型很骨感而我思想總是豐滿 大腦每天在打ping pong ball 這種壓力使我舒坦 把靈感存進撲滿 piggy吃滿換我來開動 一手拿刀 on my right 一手拿叉 on my left 兩手通通 hold your hands up 今天繫上你的背帶 沒在跟你going down 歌詞本又寫了五頁 這長篇故事我從副本寫到主線 從凌晨又一次寫到午夜 再到5.A.M 睡意沒出現 歌詞本又寫了五頁 這長篇故事我從副本寫到主線 從凌晨又一次寫到午夜 再到5.A.M 熬夜來主演 shake your body 寶島ㄟhollywood 明星 I am M.I.T so成群不搞mobbing yeah 車停哪裡 跟我押韻一樣隨意 躺廣場大廳哼 do re mi fa  so la si shake your body 寶島ㄟhollywood 明星 I am M.I.T so成群不搞mobbing yeah 車停哪裡 跟我押韻一樣隨意 躺廣場大廳哼 do re mi fa  so la si 真的O.M.G G-SHOCK在我身上像ROLEX RELAX就要play my song真的超級鬆 誰還他媽給我吸COCAINE 最愛那種富有挑戰性的 強化我的性能 少女看我發歌都要得心臟病 有人病發我要診斷我的病人 名牌寫著N!ceT!M嘴裡嚐著NICETEA whole life I will feel like king 動脈 send me energy 在外就算玩到瘋掉 go home 我要繼續 play my steam 打開專屬我的清單 每天都在頒獎一直敲冰磚 每天都要播放一點才會心安 我眉清目秀去掉那些腥羶 別再為了鳥事傷心 我會是你在這水泥鋼筋 遇過最新鮮的空氣 close your eyes 一起city camping 歌詞本又寫了五頁 這長篇故事我從副本寫到主線 從凌晨又一次寫到午夜 再到5.A.M 睡意沒出現 歌詞本又寫了五頁 這長篇故事我從副本寫到主線 從凌晨又一次寫到午夜 再到5.A.M 熬夜來主演 shake your body 寶島ㄟhollywood 明星 I am M.I.T so成群不搞mobbing yeah 車停哪裡 跟我押韻一樣隨意 躺廣場大廳哼 do re mi fa  so la si shake your body 寶島ㄟhollywood 明星 I am M.I.T so成群不搞mobbing yeah 車停哪裡 跟我押韻一樣隨意 躺廣場大廳哼 do re mi fa  so la si 
從來沒有在閒晃 為了環境為了我的kid 呆子繼續挑毛病吧 吹的油門起跳都是億
我的face就是密碼 解鎖用的key 讓 這段旅程變得fantasy 古今中外激賞 急著找我擊掌當我drive my car and I riding throw the city 欸
外型很骨感而我思想總是豐滿 大腦每天在打ping pong ball 這種壓力使我舒坦 把靈感存進撲滿 piggy吃滿換我來開動
一手拿刀 on my right 一手拿叉 on my left 兩手通通 hold your hands up 今天繫上你的背帶 沒在跟你going down
歌詞本又寫了五頁 這長篇故事我從副本寫到主線 從凌晨又一次寫到午夜 再到5.A.M 睡意沒出現
歌詞本又寫了五頁 這長篇故事我從副本寫到主線 從凌晨又一次寫到午夜 再到5.A.M 熬夜來主演
shake your body 寶島ㄟhollywood 明星 I am M.I.T so成群不搞mobbing yeah
車停哪裡 跟我押韻一樣隨意 躺廣場大廳哼 do re mi fa  so la si
shake your body 寶島ㄟhollywood 明星 I am M.I.T so成群不搞mobbing yeah
車停哪裡 跟我押韻一樣隨意 躺廣場大廳哼 do re mi fa  so la si
真的O.M.G G-SHOCK在我身上像ROLEX RELAX就要play my song真的超級鬆 誰還他媽給我吸COCAINE 最愛那種富有挑戰性的 強化我的性能 少女看我發歌都要得心臟病 有人病發我要診斷我的病人 名牌寫著N!ceT!M嘴裡嚐著NICETEA whole life I will feel like king 動脈 send me energy 在外就算玩到瘋掉 go home 我要繼續 play my steam
打開專屬我的清單 每天都在頒獎一直敲冰磚 每天都要播放一點才會心安 我眉清目秀去掉那些腥羶
別再為了鳥事傷心 我會是你在這水泥鋼筋 遇過最新鮮的空氣 close your eyes 一起city camping
歌詞本又寫了五頁 這長篇故事我從副本寫到主線 從凌晨又一次寫到午夜 再到5.A.M 睡意沒出現
歌詞本又寫了五頁 這長篇故事我從副本寫到主線 從凌晨又一次寫到午夜 再到5.A.M 熬夜來主演
shake your body 寶島ㄟhollywood 明星 I am M.I.T so成群不搞mobbing yeah
車停哪裡 跟我押韻一樣隨意 躺廣場大廳哼 do re mi fa  so la si
shake your body 寶島ㄟhollywood 明星 I am M.I.T so成群不搞mobbing yeah
車停哪裡 跟我押韻一樣隨意 躺廣場大廳哼 do re mi fa  so la si
留言（ 0 ） 最相關留言 所有留言
留言（ 0 ）",2026-08-07,,編輯推薦,True,False,
2026-08-15 05:45:53,realtime,hip_hop,,,7,漢堡雞,what is love,3,579,1,https://streetvoice.com/HamboG/songs/874216/,https://streetvoice.com/HamboG/,"https://akstatic.streetvoice.com/song_covers/Ha/mb/HamboG/JEkjQzynKJ4iY7qLvmbjZp.jpeg?x-oss-process=image/resize,m_fixed,h_1,w_1,limit_0/resize,m_fixed,h_630,w_1200,limit_0/watermark,image_c29uZ19jb3ZlcnMvSGEvbWIvSGFtYm9HL0pFa2pRenluS0o0aVk3cUx2bWJqWnAuanBlZz94LW9zcy1wcm9jZXNzPWltYWdlL3Jlc2l6ZSxtX2ZpeGVkLGhfMzQ0LHdfMzQ0LGxpbWl0XzA,g_nw,x_428,y_143/watermark,image_YXNzZXQvaW1hZ2VzL21ldGFpbWFnZS1zb25nLnBuZw,g_nw,x_0,y_0",images/874216.jpeg,@HamboG,音樂人,,,,15,12,4,,,https://www.youtube.com/user/StreetVoiceTV,,,Hip hop / Rap,,,,"編曲：漢堡雞 詞曲：漢堡雞 演唱：漢堡雞 混音：漢堡雞 
編曲：漢堡雞 詞曲：漢堡雞 演唱：漢堡雞 混音：漢堡雞","[Verse 1] What is love? Is it 恆久忍耐直到盡頭 還是愛的人都在 就覺得 已經 足夠 不相信 How they switch like the weather do 但我閉上嘴 Then act like I never knew. 馬上就翻臉 當沒了好處 早習慣接受 選擇自我保護 也許早知道 Is love just a test of pain 還在掙扎 努力不回到以前 [Pre-Chorus] 我也想要, come clean. 曾經的那些憧憬 讓我feel like I’m failed 就算一樣努力 把我的pain Say it loud. 能否堅持 就算被嘲笑 [Chorus] What is love? (what is love?) 網路上有一堆 What is love? (what is love?) 想當超人 但我不會飛 What is love? (what is love?) 是困惑還是絕對 What is love? (what is love?) 可能一輩子學不會 [Verse 2] 我承認我很廢 32, 沒存款now. 辜負all the trust, 等不到 when I rise. I gave all my time, 但不一定get paid 有時不是努力 就一定珍貴 也許是報應 正在paying the price Love got weight 就算妳已不在 我也不想 總跟自己作對 就算遇到愛 還是會feel like a threat [Pre-Chorus] 我也想要, come clean. 曾經的那些憧憬 讓我feel like I’m failed 就算一樣努力 把我的pain Say it loud. 能否堅持 就算被嘲笑 [Chorus] What is love? (what is love?) 網路上就有一堆 What is love? (what is love?) 想當超人 但我不會飛 What is love? (what is love?) 是困惑還是絕對 What is love? (what is love?) 可能一輩子學不會 [Bridge] Maybe love ain’t soft. 可能是bullet proof 是 never going back 等著dream come true Maybe love don’t shine. 或許愛是忍耐 或許愛是fighting To keep what you have. [Chorus] What is love? (what is love?) 嘴巴上講一堆 What is love? (what is love?) 想當超人 我不會飛 What is love? (what is love?) Do I hold it or replace What is love? (what is love?) 不敢說的太絕對 
[Verse 1] What is love? Is it 恆久忍耐直到盡頭 還是愛的人都在 就覺得 已經 足夠
不相信 How they switch like the weather do 但我閉上嘴 Then act like I never knew.
馬上就翻臉 當沒了好處 早習慣接受 選擇自我保護
也許早知道 Is love just a test of pain 還在掙扎 努力不回到以前
[Pre-Chorus] 我也想要, come clean. 曾經的那些憧憬 讓我feel like I’m failed 就算一樣努力
把我的pain Say it loud. 能否堅持 就算被嘲笑
[Chorus] What is love? (what is love?) 網路上有一堆 What is love? (what is love?) 想當超人 但我不會飛
What is love? (what is love?) 是困惑還是絕對 What is love? (what is love?) 可能一輩子學不會
[Verse 2] 我承認我很廢 32, 沒存款now. 辜負all the trust, 等不到 when I rise.
I gave all my time, 但不一定get paid 有時不是努力 就一定珍貴
也許是報應 正在paying the price Love got weight 就算妳已不在
我也不想 總跟自己作對 就算遇到愛 還是會feel like a threat
[Pre-Chorus] 我也想要, come clean. 曾經的那些憧憬 讓我feel like I’m failed 就算一樣努力
把我的pain Say it loud. 能否堅持 就算被嘲笑
[Chorus] What is love? (what is love?) 網路上就有一堆 What is love? (what is love?) 想當超人 但我不會飛
What is love? (what is love?) 是困惑還是絕對 What is love? (what is love?) 可能一輩子學不會
[Bridge] Maybe love ain’t soft. 可能是bullet proof 是 never going back 等著dream come true
Maybe love don’t shine. 或許愛是忍耐 或許愛是fighting To keep what you have.
[Chorus] What is love? (what is love?) 嘴巴上講一堆 What is love? (what is love?) 想當超人 我不會飛
What is love? (what is love?) Do I hold it or replace What is love? (what is love?) 不敢說的太絕對
留言（ 1 ） 最相關留言 所有留言
留言（ 1 ）",2026-08-12,,AI 協作 Hip hop / Rap,False,False,
2026-08-15 05:45:53,realtime,hip_hop,,,8,DiePression,T 38°,2,68,0,https://streetvoice.com/diepression_official/songs/874341/,https://streetvoice.com/diepression_official/,"https://akstatic.streetvoice.com/song_covers/di/ep/diepression_official/3mhT6AEq9jSJcsWubzTYAU.jpg?x-oss-process=image/resize,m_fixed,h_1,w_1,limit_0/resize,m_fixed,h_630,w_1200,limit_0/watermark,image_c29uZ19jb3ZlcnMvZGkvZXAvZGllcHJlc3Npb25fb2ZmaWNpYWwvM21oVDZBRXE5alNKY3NXdWJ6VFlBVS5qcGc_eC1vc3MtcHJvY2Vzcz1pbWFnZS9yZXNpemUsbV9maXhlZCxoXzM0NCx3XzM0NCxsaW1pdF8w,g_nw,x_428,y_143/watermark,image_YXNzZXQvaW1hZ2VzL21ldGFpbWFnZS1zb25nLnBuZw,g_nw,x_0,y_0",images/874341.jpg,@diepression_official,音樂人,,,2021-08-13 14:49,13,248,5,https://www.facebook.com/Diepressionofficial,https://instagram.com/diepression_official,https://www.youtube.com/@diepression6162,2026台灣祭4/3、4/4、4/5墾丁登場！三日全陣容、演出時間表大公開！|||https://blow.streetvoice.com/86817/?utm_source=streetvoice&utm_medium=profile-news-block; 【吹專訪】「我小時候的志向是在5萬人面前彈power chord！」——血肉果汁機吉他手Matt談Bro Time Festival誕生|||https://blow.streetvoice.com/81679/?utm_source=streetvoice&utm_medium=profile-news-block; 手頭的文化幣還沒用完？2023下半年全台音樂祭大彙整！|||https://blow.streetvoice.com/69093/?utm_source=streetvoice&utm_medium=profile-news-block,,Hip hop / Rap,,,,"OO-OO-AA-AA, “ook-ook” 
OO-OO-AA-AA, “ook-ook”","這是沒有提供歌詞的歌曲
留言（ 0 ） 最相關留言 所有留言
留言（ 0 ）",2026-08-13,,,False,False,
2026-08-15 05:45:53,realtime,hip_hop,,,9,N!ceT!M,Shiny Day!,4,525,0,https://streetvoice.com/NICETIM/songs/873392/,https://streetvoice.com/NICETIM/,"https://akstatic.streetvoice.com/song_covers/NI/CE/NICETIM/FyWBq6LvMrwzYmAcZhwcbN.jpeg?x-oss-process=image/resize,m_fixed,h_1,w_1,limit_0/resize,m_fixed,h_630,w_1200,limit_0/watermark,image_c29uZ19jb3ZlcnMvTkkvQ0UvTklDRVRJTS9GeVdCcTZMdk1yd3pZbUFjWmh3Y2JOLmpwZWc_eC1vc3MtcHJvY2Vzcz1pbWFnZS9yZXNpemUsbV9maXhlZCxoXzM0NCx3XzM0NCxsaW1pdF8w,g_nw,x_428,y_143/watermark,image_YXNzZXQvaW1hZ2VzL21ldGFpbWFnZS1zb25nLnBuZw,g_nw,x_0,y_0",images/873392.jpeg,@NICETIM,音樂人,,,2022-02-24 18:05,14,211,8,,https://www.instagram.com/timgamestory,https://www.youtube.com/channel/UCGTVXYyeBAfNkAV0jhS1-5Q/featured,,,Hip hop / Rap,都市風雲兒,https://streetvoice.com/NICETIM/songs/album/97325857/,,,"It's a shiny day! 壞的球不接 Let it pass,ok 當我站定位 jumping miles away I will I will ... alley oops woo woo 二輪秀往巨星的道路 Kame Hame Ha 輕鬆用出經典的招數 let go 轉瞬間到你的背後 我化身無情的獵獸 是來自天外的獼猴 吃幾顆仙豆 dope! LEGO! 用積木拼出的bad boss 太惡霸出入不帶passport fake people can you get off? but chilrden I want some more 愛上夏天的風 特別爽 心情特別暢通 跟我的對家不同 看起來精神特別的哆嗦 聲音貼著beat 滑順的再翻個觔斗雲 我歌詞塞的密 時光屋是我的大型加速器 生在一個環海的小島 步調愜意的就像HAWAII 配上一點BABY VOICE 年近30還這麼的KAWAII OH NO! 被龜殼絆了一跤我差點要放棄 終究 讓我修好了這「臺」rap的機器 It's a shiny day! 壞的球不接 Let it pass,ok 當我站定位 jumping miles away I will I will ... alley oops woo woo 二輪秀往巨星的道路 Kame Hame Ha 輕鬆用出經典的招數 看起來吊兒啷噹但真的要選球鞋 I choose FILA! 一個人單槍匹馬對抗一整團的MAMMA MIA! cold in my vain 手打了冰晶卻有顆炙熱的心呀 like 轟焦凍 so我只需要讓我的母親開心啦 大齡新秀 My dreams come true 不多寫幾個hook我不滿足 拿幾瓶香檳來 我要倒滿整個swimming pool 變得富 未來的目標我現在看得更清楚 靠得住 I feel like 大同區的地基主 
It's a shiny day! 壞的球不接 Let it pass,ok 當我站定位 jumping miles away I will I will ... alley oops woo woo 二輪秀往巨星的道路 Kame Hame Ha 輕鬆用出經典的招數
let go 轉瞬間到你的背後 我化身無情的獵獸 是來自天外的獼猴 吃幾顆仙豆 dope! LEGO! 用積木拼出的bad boss 太惡霸出入不帶passport fake people can you get off? but chilrden I want some more
愛上夏天的風 特別爽 心情特別暢通 跟我的對家不同 看起來精神特別的哆嗦
聲音貼著beat 滑順的再翻個觔斗雲 我歌詞塞的密 時光屋是我的大型加速器
生在一個環海的小島 步調愜意的就像HAWAII 配上一點BABY VOICE 年近30還這麼的KAWAII OH NO! 被龜殼絆了一跤我差點要放棄 終究 讓我修好了這「臺」rap的機器
It's a shiny day! 壞的球不接 Let it pass,ok 當我站定位 jumping miles away I will I will ... alley oops woo woo 二輪秀往巨星的道路 Kame Hame Ha 輕鬆用出經典的招數
看起來吊兒啷噹但真的要選球鞋 I choose FILA! 一個人單槍匹馬對抗一整團的MAMMA MIA! cold in my vain 手打了冰晶卻有顆炙熱的心呀 like 轟焦凍 so我只需要讓我的母親開心啦
大齡新秀 My dreams come true 不多寫幾個hook我不滿足 拿幾瓶香檳來 我要倒滿整個swimming pool 變得富 未來的目標我現在看得更清楚 靠得住 I feel like 大同區的地基主
留言（ 0 ） 最相關留言 所有留言
留言（ 0 ）",2026-08-07,,編輯推薦,True,False,
2026-08-15 05:45:53,realtime,hip_hop,,,10,巫雨彤,假裝沒看見,2,72,0,https://streetvoice.com/Sub_attack_715/songs/874352/,https://streetvoice.com/Sub_attack_715/,"https://akstatic.streetvoice.com/song_covers/Su/b_/Sub_attack_715/2SGuQXVDEnSYJ9nL3QZAig.jpg?x-oss-process=image/resize,m_fixed,h_1,w_1,limit_0/resize,m_fixed,h_630,w_1200,limit_0/watermark,image_c29uZ19jb3ZlcnMvU3UvYl8vU3ViX2F0dGFja183MTUvMlNHdVFYVkRFblNZSjluTDNRWkFpZy5qcGc_eC1vc3MtcHJvY2Vzcz1pbWFnZS9yZXNpemUsbV9maXhlZCxoXzM0NCx3XzM0NCxsaW1pdF8w,g_nw,x_428,y_143/watermark,image_YXNzZXQvaW1hZ2VzL21ldGFpbWFnZS1zb25nLnBuZw,g_nw,x_0,y_0",images/874352.jpg,@Sub_attack_715,音樂人,雲林縣,2024-08-01,,42,16,2,,,https://www.youtube.com/user/StreetVoiceTV,,,Hip hop / Rap,,,,,"為什麼你總是要假裝沒有看見 這是誰  那是誰   今天真倒霉 為什麼你連打個招呼都可以不會 天啊你真的讓我超他媽的丟臉 喝了水 上廁所 找不到洗手間 找到人問卻把文字卡死再嘴邊 聲音小到讓你可以按穿音量鍵 尷尬 丟臉 是我看到的畫面 我試著改變 盡可能的顯眼 習慣那些視線 扼殺那個大腦裡面的膽怯 我試著改變 盡可能的顯眼 習慣那些視線 扼殺那個大腦裡面的膽怯 你做不到的 我看著你呢 有種就把我殺了  你怎麼又不敢了 閉嘴你吵死了 時間本來就不多了 本來會好起來的  本來都快要好了 都快要好了 都快要好了 為什麼挫折   怎麼不快樂 到底怎麼了 我做得太多  是我做錯了什麼 我不想再理你了  是時候離開了 我試著改變 盡可能的顯眼 習慣那些視線 扼殺那個大腦裡面的膽怯 我試著改變 盡可能的顯眼 習慣那些視線 扼殺那個大腦裡面的膽怯 我試著改變 盡可能的顯眼 習慣那些視線 扼殺那個大腦裡面的膽怯 我試著改變 盡可能的顯眼 習慣那些視線 扼殺那個大腦裡面的膽怯 
為什麼你總是要假裝沒有看見 這是誰  那是誰   今天真倒霉
為什麼你連打個招呼都可以不會 天啊你真的讓我超他媽的丟臉
喝了水 上廁所 找不到洗手間 找到人問卻把文字卡死再嘴邊
聲音小到讓你可以按穿音量鍵 尷尬 丟臉 是我看到的畫面
我試著改變 盡可能的顯眼 習慣那些視線 扼殺那個大腦裡面的膽怯
我試著改變 盡可能的顯眼 習慣那些視線 扼殺那個大腦裡面的膽怯
你做不到的 我看著你呢 有種就把我殺了  你怎麼又不敢了
閉嘴你吵死了 時間本來就不多了 本來會好起來的  本來都快要好了
都快要好了 都快要好了 為什麼挫折   怎麼不快樂 到底怎麼了
我做得太多  是我做錯了什麼 我不想再理你了  是時候離開了
我試著改變 盡可能的顯眼 習慣那些視線 扼殺那個大腦裡面的膽怯
我試著改變 盡可能的顯眼 習慣那些視線 扼殺那個大腦裡面的膽怯
我試著改變 盡可能的顯眼 習慣那些視線 扼殺那個大腦裡面的膽怯
我試著改變 盡可能的顯眼 習慣那些視線 扼殺那個大腦裡面的膽怯
留言（ 0 ） 最相關留言 所有留言
留言（ 0 ）",2026-08-13,,,False,False,
2026-08-15 05:45:53,realtime,hip_hop,,,11,脸是熊MTUT,南國,1,48,0,https://streetvoice.com/MichaelTut/songs/874153/,https://streetvoice.com/MichaelTut/,"https://akstatic.streetvoice.com/music_albums/Mi/ch/MichaelTut/B7zSmu9S3GUhr6o5mbHKYs.jpeg?x-oss-process=image/resize,m_fixed,h_1,w_1,limit_0/resize,m_fixed,h_630,w_1200,limit_0/watermark,image_bXVzaWNfYWxidW1zL01pL2NoL01pY2hhZWxUdXQvQjd6U211OVMzR1VocjZvNW1iSEtZcy5qcGVnP3gtb3NzLXByb2Nlc3M9aW1hZ2UvcmVzaXplLG1fZml4ZWQsaF8zNDQsd18zNDQsbGltaXRfMA,g_nw,x_428,y_143/watermark,image_YXNzZXQvaW1hZ2VzL21ldGFpbWFnZS1zb25nLnBuZw,g_nw,x_0,y_0",images/874153.jpeg,@MichaelTut,音樂人,美國,2019-08-01,,8,4,1,,,https://www.youtube.com/user/StreetVoiceTV,,,Hip hop / Rap,紅樹林下稍息 SHENZHEN MANGROVE NATURE RESERVE,https://streetvoice.com/MichaelTut/songs/album/97325888/,冒牌罕哥,,"動態歌詞
混音：脸是熊MTUT ——脸是熊MTUT—— 南国的冬天总是太过潮湿 黏稠空气里荔枝才会好吃 想立止暴晒建议戴顶栗色帽子 旁边茶坊的阿嬷立刻做你方言老师 好吃的包子要等小姐下了南国 小心搞怪耍赖的蚊子多又难躲 这里的都市生活闲暇却不懒惰 这里的街坊都是穿着白背心人字拖 你看这车流做着slow motion 多么 明媚的下午抽身去门口坐着 不留神，错过了小虫子骚扰着游人 我就是南国的孩子手拿着摹本 南洋的口音说着最通俗不过的国文 或许是你看到的形象若你认识我 冒泡的汤暖的肚子源自我认真制作 瓷砖和金边的茶具二十多 若小姐到了南国要带伞 这里总雨朦胧 南国雨，下也下不停 （all I see is rain） 给这城市披上湿冷外衣 （my memories all blurry with no pain） 宣纸和笔 （I write it down） 红豆配 相思意 （how I adored your smile） 旧梦沿江潮湿了诗句 （the same old feelings will never be found） ——冒牌罕哥—— 第一次来到这那时候我十八岁 异国的孤人，心情像是被发配 站在KL，路口找不到方位 杂糅的语言，对话有没有答对 面孔肤色打扮各种模样 在这里发生什么故事不用放在心上 乌云或彩霞，变化着形状 买件花衬衫，穿上和local多像 赤道上空太阳在烘烤 牵着手在伞下走着像找到归属 暴雨铺天盖地又开始冲扫 街道、屋檐旁的墙上爬满壁虎 片段场景记住 剩余的日子全都变成褪色的梦 我飞到香港，依旧地处南国 依旧大雨滂沱，每年相同的季度 就让雨水成为我的庇护 南国雨，下也下不停 （all I see is rain） 给这城市披上湿冷外衣 （my memories all blurry with no pain） 宣纸和笔 （I write it down） 红豆配 相思意 （how I adored your smile） 旧梦沿江潮湿了诗句 （the same old feelings will never be found） 
混音：脸是熊MTUT
——脸是熊MTUT——
南国的冬天总是太过潮湿
黏稠空气里荔枝才会好吃
想立止暴晒建议戴顶栗色帽子
旁边茶坊的阿嬷立刻做你方言老师
好吃的包子要等小姐下了南国
小心搞怪耍赖的蚊子多又难躲
这里的都市生活闲暇却不懒惰
这里的街坊都是穿着白背心人字拖
你看这车流做着slow motion
多么 明媚的下午抽身去门口坐着
不留神，错过了小虫子骚扰着游人
我就是南国的孩子手拿着摹本
南洋的口音说着最通俗不过的国文
或许是你看到的形象若你认识我
冒泡的汤暖的肚子源自我认真制作
瓷砖和金边的茶具二十多
若小姐到了南国要带伞
这里总雨朦胧
南国雨，下也下不停
（all I see is rain）
给这城市披上湿冷外衣
（my memories all blurry with no pain）
宣纸和笔
（I write it down）
红豆配 相思意
（how I adored your smile）
旧梦沿江潮湿了诗句
（the same old feelings will never be found）
——冒牌罕哥——
第一次来到这那时候我十八岁
异国的孤人，心情像是被发配
站在KL，路口找不到方位
杂糅的语言，对话有没有答对
面孔肤色打扮各种模样
在这里发生什么故事不用放在心上
乌云或彩霞，变化着形状
买件花衬衫，穿上和local多像
赤道上空太阳在烘烤
牵着手在伞下走着像找到归属
暴雨铺天盖地又开始冲扫
街道、屋檐旁的墙上爬满壁虎
片段场景记住
剩余的日子全都变成褪色的梦
我飞到香港，依旧地处南国
依旧大雨滂沱，每年相同的季度
就让雨水成为我的庇护
南国雨，下也下不停
（all I see is rain）
给这城市披上湿冷外衣
（my memories all blurry with no pain）
宣纸和笔
（I write it down）
红豆配 相思意
（how I adored your smile）
旧梦沿江潮湿了诗句
（the same old feelings will never be found）
留言（ 0 ） 最相關留言 所有留言
留言（ 0 ）",2026-08-12,,編輯推薦,True,False,
2026-08-15 05:45:53,realtime,hip_hop,,,12,YouNg ReaL_🎲,感謝 kám-siā,2,8,1,https://streetvoice.com/Youngreal_886/songs/874528/,https://streetvoice.com/Youngreal_886/,"https://akstatic.streetvoice.com/song_covers/Yo/un/Youngreal_886/6nQDspjuw8wfDYgywuW9S7.jpeg?x-oss-process=image/resize,m_fixed,h_1,w_1,limit_0/resize,m_fixed,h_630,w_1200,limit_0/watermark,image_c29uZ19jb3ZlcnMvWW8vdW4vWW91bmdyZWFsXzg4Ni82blFEc3BqdXc4d2ZEWWd5d3VXOVM3LmpwZWc_eC1vc3MtcHJvY2Vzcz1pbWFnZS9yZXNpemUsbV9maXhlZCxoXzM0NCx3XzM0NCxsaW1pdF8w,g_nw,x_428,y_143/watermark,image_YXNzZXQvaW1hZ2VzL21ldGFpbWFnZS1zb25nLnBuZw,g_nw,x_0,y_0",images/874528.jpeg,@Youngreal_886,音樂人,,,,3,6,6,,,https://www.youtube.com/user/StreetVoiceTV,,,Hip hop / Rap,,,,"詞曲 Songwriter |  YouNg ReaL 製作 Producer | YouNg ReaL 編曲 Arranger |  YouNg ReaL 混音  Mixing  |  YouNg ReaL 
詞曲 Songwriter |  YouNg ReaL 製作 Producer | YouNg ReaL 編曲 Arranger |  YouNg ReaL 混音  Mixing  |  YouNg ReaL","在某個凌晨兩點挑選著type beat 寂寞和孤獨感瀰漫在房間空氣 走到外面抽根菸 再打給我的兄弟他說 「期望雖落了空 但你會慢慢走起」 在這空盪的街巷 月光灑落在身上 帶著虛假的面具 累積街頭的聲望 但是成功的方向都早已遙遙無期 即便死了也不甘願永遠默默無名 默默無名 躲在無名巷裡面 玩著 table game 開著  new project 其實快樂 就要得 搞耍點 用著舊筆電 段落還要錄幾遍 看著樹 寫著hook 總是入不敷出 這條路  我的crew 等待狀態復甦 如果可以 請別現在才發現 曾經的回憶 變成模糊的照片 我感謝天 感謝地 感謝所有的風景 感謝那些殘存於腦海的美好憧憬 I proud of FCC 和兄弟褲子 S/o to hazzi 他修正我的固執 我感謝天 感謝地 感謝所有的風景 感謝那些殘存於腦海的美好憧憬 I proud of FCC 和兄弟褲子 S/o to hazii 他修正我的固執 也許 很快就會 遇到分岔路 結局 是好是壞 都還不算數 從前也血氣方剛  走上絕路 打打殺殺 長大後只想停止時間 慵懶躺在沙發 我的出發點 那是蛋堡也是 軟嘴唇 現在才發現 還沒站好卻被 船誹聞 我的音樂就像柳如煙 沒有顧北程 如今身分變成 做音樂的台北人 
在某個凌晨兩點挑選著type beat 寂寞和孤獨感瀰漫在房間空氣 走到外面抽根菸 再打給我的兄弟他說 「期望雖落了空 但你會慢慢走起」
在這空盪的街巷 月光灑落在身上 帶著虛假的面具 累積街頭的聲望 但是成功的方向都早已遙遙無期 即便死了也不甘願永遠默默無名
默默無名 躲在無名巷裡面 玩著 table game 開著  new project
其實快樂 就要得 搞耍點 用著舊筆電 段落還要錄幾遍 看著樹 寫著hook 總是入不敷出 這條路  我的crew 等待狀態復甦
如果可以 請別現在才發現 曾經的回憶 變成模糊的照片
我感謝天 感謝地 感謝所有的風景 感謝那些殘存於腦海的美好憧憬 I proud of FCC 和兄弟褲子 S/o to hazzi 他修正我的固執
我感謝天 感謝地 感謝所有的風景 感謝那些殘存於腦海的美好憧憬 I proud of FCC 和兄弟褲子 S/o to hazii 他修正我的固執
也許 很快就會 遇到分岔路 結局 是好是壞 都還不算數 從前也血氣方剛  走上絕路 打打殺殺 長大後只想停止時間 慵懶躺在沙發
我的出發點 那是蛋堡也是 軟嘴唇 現在才發現 還沒站好卻被 船誹聞 我的音樂就像柳如煙 沒有顧北程 如今身分變成 做音樂的台北人
留言（ 1 ） 最相關留言 所有留言
留言（ 1 ）",2026-08-14,,,False,False,
2026-08-15 05:45:53,realtime,hip_hop,,,13,千曼,二月二十七,1,11,0,https://streetvoice.com/ada_kung/songs/874426/,https://streetvoice.com/ada_kung/,"https://akstatic.streetvoice.com/music_albums/ad/a_/ada_kung/fSgV4FDR7rQ7N47CTgzmzF.jpg?x-oss-process=image/resize,m_fixed,h_1,w_1,limit_0/resize,m_fixed,h_630,w_1200,limit_0/watermark,image_bXVzaWNfYWxidW1zL2FkL2FfL2FkYV9rdW5nL2ZTZ1Y0RkRSN3JRN040N0NUZ3ptekYuanBnP3gtb3NzLXByb2Nlc3M9aW1hZ2UvcmVzaXplLG1fZml4ZWQsaF8zNDQsd18zNDQsbGltaXRfMA,g_nw,x_428,y_143/watermark,image_YXNzZXQvaW1hZ2VzL21ldGFpbWFnZS1zb25nLnBuZw,g_nw,x_0,y_0",images/874426.jpg,@ada_kung,音樂人,,,,21,1,,,,https://www.youtube.com/user/StreetVoiceTV,,,Hip hop / Rap,二月二十七我生辰他撿回命根,https://streetvoice.com/ada_kung/songs/album/97325894/,,,"生活悶得發沉 牌桌磨著單身 一罐冰啤酒滲進衣痕 誰料到命運亂了分寸 日子泡在昏沉 牌館熬到黃昏 他低著頭擦淨桌塵 店員催我上樓再等 陌生的人口氣太狠 我皺著眉心納悶 他亂畫前程亂認親人 指尖掃過鬢邊擾我心神 煙和話熬到凌晨 他吐出十年前塵 我本不愛過問 偏偏聽完他的浮沉 問我生辰哪一輪 我說二月二十七 凌晨 他笑出聲說太狠 同日他撿回一條命根 二月二十七 命運夠折騰 我的生辰他脫困翻身 兩個路人撞出一段緣分 無端攪亂我死水般平穩 二月二十七 風聲太逼人 我向來清冷不沾半塵 偏偏這一眼動搖我方寸 從此這人生再也不單純 我慣於獨善其身 遠離江湖紛爭 不接陌生人遞來的溫存 守住自己那點天真 牌館昏黃的時辰 啤酒陪著我發愣 一場沒預約的相逢 硬生生改寫往後餘生 啤酒做媒人 樓梯牽緣分 無心的轉身 顛覆我一生 二月二十七 命運夠折騰 我的生辰他脫困翻身 兩個路人撞出一段緣分 無端攪亂我死水般平穩 二月二十七 刻進我心神 從遇見你的那個凌晨 再也回不去從前的單純 啤酒陪著我發愣 改寫餘生的緣分 
生活悶得發沉 牌桌磨著單身 一罐冰啤酒滲進衣痕 誰料到命運亂了分寸 日子泡在昏沉 牌館熬到黃昏 他低著頭擦淨桌塵 店員催我上樓再等 陌生的人口氣太狠 我皺著眉心納悶 他亂畫前程亂認親人 指尖掃過鬢邊擾我心神 煙和話熬到凌晨 他吐出十年前塵 我本不愛過問 偏偏聽完他的浮沉 問我生辰哪一輪 我說二月二十七 凌晨 他笑出聲說太狠 同日他撿回一條命根 二月二十七 命運夠折騰 我的生辰他脫困翻身 兩個路人撞出一段緣分 無端攪亂我死水般平穩 二月二十七 風聲太逼人 我向來清冷不沾半塵 偏偏這一眼動搖我方寸 從此這人生再也不單純 我慣於獨善其身 遠離江湖紛爭 不接陌生人遞來的溫存 守住自己那點天真 牌館昏黃的時辰 啤酒陪著我發愣 一場沒預約的相逢 硬生生改寫往後餘生 啤酒做媒人 樓梯牽緣分 無心的轉身 顛覆我一生 二月二十七 命運夠折騰 我的生辰他脫困翻身 兩個路人撞出一段緣分 無端攪亂我死水般平穩 二月二十七 刻進我心神 從遇見你的那個凌晨 再也回不去從前的單純 啤酒陪著我發愣 改寫餘生的緣分
留言（ 0 ） 最相關留言 所有留言
留言（ 0 ）",2026-08-14,,AI 協作 Hip hop / Rap ・ 二月二十七我生辰他撿回命根,False,False,
2026-08-15 05:45:53,realtime,hip_hop,,,14,脸是熊MTUT,嘿！禮拜日,0,38,0,https://streetvoice.com/MichaelTut/songs/874155/,https://streetvoice.com/MichaelTut/,"https://akstatic.streetvoice.com/music_albums/Mi/ch/MichaelTut/B7zSmu9S3GUhr6o5mbHKYs.jpeg?x-oss-process=image/resize,m_fixed,h_1,w_1,limit_0/resize,m_fixed,h_630,w_1200,limit_0/watermark,image_bXVzaWNfYWxidW1zL01pL2NoL01pY2hhZWxUdXQvQjd6U211OVMzR1VocjZvNW1iSEtZcy5qcGVnP3gtb3NzLXByb2Nlc3M9aW1hZ2UvcmVzaXplLG1fZml4ZWQsaF8zNDQsd18zNDQsbGltaXRfMA,g_nw,x_428,y_143/watermark,image_YXNzZXQvaW1hZ2VzL21ldGFpbWFnZS1zb25nLnBuZw,g_nw,x_0,y_0",images/874155.jpeg,@MichaelTut,音樂人,美國,2019-08-01,,8,4,1,,,https://www.youtube.com/user/StreetVoiceTV,,,Hip hop / Rap,紅樹林下稍息 SHENZHEN MANGROVE NATURE RESERVE,https://streetvoice.com/MichaelTut/songs/album/97325888/,,,"動態歌詞
混音：臉是熊 ——臉是熊—— 一個人超市消費小吃 速凍區表示要吃餃子 我知道不新鮮偏要老吃 拿兩個面膜要注重保濕 這是周日，回到了臥室享受我的幼稚 終於就讓自己休息無休止 大城市要鬥志要大口吃 我總拿慵懶用來寫一首詩 (Chorus) Everyday think of mine And I put it on my rhyme 比太陽還要早起來 Coffee cold but it's all fine My luck always come on Sunday night 想和你偷閒每天，腦裡的思念都變成線 不要著急過今天，未來和自己遇見 ——陳雪花—— 想 chill 想囂 想與你周末變得招積 But still 冇 feel 生活賬單令你變挑剔 見招拆招 shit so real But they say you fake 你 feel 好焦慮 想個心唔好變 so 迫 Deal, just let it go 那陽光免費 灑落你塊面度 有光有陰影 就讓佢變作 放鬆嘅笑容 快樂會遍佈 How about that 不如寫返首歌 寫乜風格好呢 佢話：How about rap? How about you, 朋友 Mind this gap 咪將注意力 擺曬落啲手機 apps 試下放空你啲念頭 間唔中可以帶啲變奏 這感覺好似星際漫遊 生活中並非只有戰鬥 未來嘅我 佢叫我記得笑 無論晴天雨天 都要笑住面對 Keep it real 請我做返自己 No one cares 除低嗰副面具 要記得笑，要記得笑 就算考試肥佬都要笑住面對 No big deal 即管做自己 No one cares 除低你副面具 ——臉是熊—— 呵欠閉眼 今天安睡 也習慣一夜夢裡往前 明天願好一點 隨輕飄的步伐也伴著音節 太陽給我發來請帖 那樣的豔陽天 買一千的新鞋 我還能揮霍即使兜裡沒錢 這不算贏學 自己的享樂我自己自費吧 比如跟你幾次旅行規劃 去珠江的飛機來自日內瓦 周日不想只待在家 (Chorus) Everyday think of mine And I put it on my rhyme 比太陽還要早起來 Coffee cold but it's all fine My luck always come on Sunday night 想和你偷閒每天，腦裡的思念都變成線 不要著急過今天，未來和自己遇見 
混音：臉是熊
——臉是熊——
一個人超市消費小吃
速凍區表示要吃餃子
我知道不新鮮偏要老吃
拿兩個面膜要注重保濕
這是周日，回到了臥室享受我的幼稚
終於就讓自己休息無休止
大城市要鬥志要大口吃
我總拿慵懶用來寫一首詩
(Chorus)
Everyday think of mine
And I put it on my rhyme
比太陽還要早起來
Coffee cold but it's all fine
My luck always come on Sunday night
想和你偷閒每天，腦裡的思念都變成線
不要著急過今天，未來和自己遇見
——陳雪花——
想 chill 想囂 想與你周末變得招積
But still 冇 feel 生活賬單令你變挑剔
見招拆招 shit so real
But they say you fake
你 feel 好焦慮
想個心唔好變 so 迫
Deal, just let it go
那陽光免費
灑落你塊面度
有光有陰影
就讓佢變作
放鬆嘅笑容
快樂會遍佈
How about that
不如寫返首歌
寫乜風格好呢
佢話：How about rap?
How about you, 朋友
Mind this gap
咪將注意力
擺曬落啲手機 apps
試下放空你啲念頭
間唔中可以帶啲變奏
這感覺好似星際漫遊
生活中並非只有戰鬥
未來嘅我
佢叫我記得笑
無論晴天雨天
都要笑住面對
Keep it real
請我做返自己
No one cares
除低嗰副面具
要記得笑，要記得笑
就算考試肥佬都要笑住面對
No big deal 即管做自己
No one cares 除低你副面具
——臉是熊——
呵欠閉眼
今天安睡
也習慣一夜夢裡往前
明天願好一點
隨輕飄的步伐也伴著音節
太陽給我發來請帖
那樣的豔陽天
買一千的新鞋
我還能揮霍即使兜裡沒錢
這不算贏學
自己的享樂我自己自費吧
比如跟你幾次旅行規劃
去珠江的飛機來自日內瓦
周日不想只待在家
(Chorus)
Everyday think of mine
And I put it on my rhyme
比太陽還要早起來
Coffee cold but it's all fine
My luck always come on Sunday night
想和你偷閒每天，腦裡的思念都變成線
不要著急過今天，未來和自己遇見
留言（ 0 ） 最相關留言 所有留言
留言（ 0 ）",2026-08-12,,編輯推薦,True,False,
2026-08-15 05:45:53,realtime,hip_hop,,,15,千曼,227不再見他媽的遭,1,9,0,https://streetvoice.com/ada_kung/songs/874416/,https://streetvoice.com/ada_kung/,"https://akstatic.streetvoice.com/music_albums/ad/a_/ada_kung/fSgV4FDR7rQ7N47CTgzmzF.jpg?x-oss-process=image/resize,m_fixed,h_1,w_1,limit_0/resize,m_fixed,h_630,w_1200,limit_0/watermark,image_bXVzaWNfYWxidW1zL2FkL2FfL2FkYV9rdW5nL2ZTZ1Y0RkRSN3JRN040N0NUZ3ptekYuanBnP3gtb3NzLXByb2Nlc3M9aW1hZ2UvcmVzaXplLG1fZml4ZWQsaF8zNDQsd18zNDQsbGltaXRfMA,g_nw,x_428,y_143/watermark,image_YXNzZXQvaW1hZ2VzL21ldGFpbWFnZS1zb25nLnBuZw,g_nw,x_0,y_0",images/874416.jpg,@ada_kung,音樂人,,,,21,1,,,,https://www.youtube.com/user/StreetVoiceTV,,,Hip hop / Rap,二月二十七我生辰他撿回命根,https://streetvoice.com/ada_kung/songs/album/97325894/,,,"227這日期真的是太埋汰 說倒楣也是說考驗人性也是 原以為是美美的開場幸福的收尾，結果根本一團他媽的遭 雙魚座的我要這時候可以不要那麼準確嗎，怕什麼來什麼，以前擇偶條件要170，要月薪白領有五萬幽默最重要的事有看到我就會笑嘻嘻的，結果老天跟我開玩笑我討厭什麼來什麼，我禁止刺青什麼半件一件的插畫圖，更不能接受的是大嘴小腿沒有一個地方是乾淨的，遠看我以為他雙網襪，近看我想全基隆只有你才有這雙腳吧，刺青中了阿不隆冬中了，脾氣不好講話大聲也中了我也太好運了，一開始我們在我的汽車上聊天我有告知你我脾氣不好，但是我是講道理拍的，常常遇到你這種硬要凹的我火得來了 幾乎三天吵或是天天吵，我很疲憊，我什麼要站著茅坑不拉屎，你沒有欠我我也沒有欠你讓我走吧，在下去我很快心臟會裝支架，我問老天那時候開完結束阿 原以為你真的是為我等候，我是為你守候 結果只是我想太多，這段情注定是來還債的孽緣 美好的故事從來都只會在電視裡上演 相伴兩年半，你從沒有尊重、用心與包容 處處我退讓到底，你卻性情暴躁、自私、滿口謊言、不務正業 整整兩年半都是我在養你，向來巧言令色 但凡跟你在一起的女人，最後都會被你逼瘋 
227這日期真的是太埋汰 說倒楣也是說考驗人性也是 原以為是美美的開場幸福的收尾，結果根本一團他媽的遭 雙魚座的我要這時候可以不要那麼準確嗎，怕什麼來什麼，以前擇偶條件要170，要月薪白領有五萬幽默最重要的事有看到我就會笑嘻嘻的，結果老天跟我開玩笑我討厭什麼來什麼，我禁止刺青什麼半件一件的插畫圖，更不能接受的是大嘴小腿沒有一個地方是乾淨的，遠看我以為他雙網襪，近看我想全基隆只有你才有這雙腳吧，刺青中了阿不隆冬中了，脾氣不好講話大聲也中了我也太好運了，一開始我們在我的汽車上聊天我有告知你我脾氣不好，但是我是講道理拍的，常常遇到你這種硬要凹的我火得來了 幾乎三天吵或是天天吵，我很疲憊，我什麼要站著茅坑不拉屎，你沒有欠我我也沒有欠你讓我走吧，在下去我很快心臟會裝支架，我問老天那時候開完結束阿
原以為你真的是為我等候，我是為你守候 結果只是我想太多，這段情注定是來還債的孽緣 美好的故事從來都只會在電視裡上演 相伴兩年半，你從沒有尊重、用心與包容 處處我退讓到底，你卻性情暴躁、自私、滿口謊言、不務正業 整整兩年半都是我在養你，向來巧言令色 但凡跟你在一起的女人，最後都會被你逼瘋
留言（ 0 ） 最相關留言 所有留言
留言（ 0 ）",2026-08-14,,AI 協作 Hip hop / Rap ・ 二月二十七我生辰他撿回命根,False,False,
2026-08-15 05:45:53,realtime,hip_hop,,,16,千曼,不要了,1,5,0,https://streetvoice.com/ada_kung/songs/874434/,https://streetvoice.com/ada_kung/,"https://akstatic.streetvoice.com/profile_images/ad/a_/ada_kung/YGJWa3TB3ZDzwUVj2Q7cBV.jpg?x-oss-process=image/resize,m_fixed,h_1,w_1,limit_0/resize,m_fixed,h_630,w_1200,limit_0/watermark,image_cHJvZmlsZV9pbWFnZXMvYWQvYV8vYWRhX2t1bmcvWUdKV2EzVEIzWkR6d1VWajJRN2NCVi5qcGc_eC1vc3MtcHJvY2Vzcz1pbWFnZS9yZXNpemUsbV9maXhlZCxoXzM0NCx3XzM0NCxsaW1pdF8w,g_nw,x_428,y_143/watermark,image_YXNzZXQvaW1hZ2VzL21ldGFpbWFnZS1zb25nLnBuZw,g_nw,x_0,y_0",images/874434.jpg,@ada_kung,音樂人,,,,21,1,,,,https://www.youtube.com/user/StreetVoiceTV,,,Hip hop / Rap,,,,,"227這日期真的是太埋汰 說倒楣也是說考驗人性也是 原以為是美美的開場幸福的收尾，結果根本一團他媽的遭 雙魚座的我要這時候可以不要那麼準確嗎，怕什麼來什麼，以前擇偶條件要170，要月薪白領有五萬幽默最重要的事有看到我就會笑嘻嘻的，結果老天跟我開玩笑我討厭什麼來什麼，我禁止刺青什麼半件一件的插畫圖，更不能接受的是大嘴小腿沒有一個地方是乾淨的，遠看我以為他雙網襪，近看我想全基隆只有你才有這雙腳吧，刺青中了阿不隆冬中了，脾氣不好講話大聲也中了我也太好運了，一開始我們在我的汽車上聊天我有告知你我脾氣不好，但是我是講道理拍的，常常遇到你這種硬要凹的我火得來了 幾乎三天吵或是天天吵，我很疲憊，我什麼要站著茅坑不拉屎，你沒有欠我我也沒有欠你讓我走吧，在下去我很快心臟會裝支架，我問老天那時候開完結束阿 原以為你真的是為我等候，我是為你守候 結果只是我想太多，這段情注定是來還債的孽緣 美好的故事從來都只會在電視裡上演 相伴兩年半，你從沒有尊重、用心與包容 處處我退讓到底，你卻性情暴躁、自私、滿口謊言、不務正業 整整兩年半都是我在養你，向來巧言令色 但凡跟你在一起的女人，最後都會被你逼瘋 
227這日期真的是太埋汰 說倒楣也是說考驗人性也是 原以為是美美的開場幸福的收尾，結果根本一團他媽的遭 雙魚座的我要這時候可以不要那麼準確嗎，怕什麼來什麼，以前擇偶條件要170，要月薪白領有五萬幽默最重要的事有看到我就會笑嘻嘻的，結果老天跟我開玩笑我討厭什麼來什麼，我禁止刺青什麼半件一件的插畫圖，更不能接受的是大嘴小腿沒有一個地方是乾淨的，遠看我以為他雙網襪，近看我想全基隆只有你才有這雙腳吧，刺青中了阿不隆冬中了，脾氣不好講話大聲也中了我也太好運了，一開始我們在我的汽車上聊天我有告知你我脾氣不好，但是我是講道理拍的，常常遇到你這種硬要凹的我火得來了 幾乎三天吵或是天天吵，我很疲憊，我什麼要站著茅坑不拉屎，你沒有欠我我也沒有欠你讓我走吧，在下去我很快心臟會裝支架，我問老天那時候開完結束阿
原以為你真的是為我等候，我是為你守候 結果只是我想太多，這段情注定是來還債的孽緣 美好的故事從來都只會在電視裡上演 相伴兩年半，你從沒有尊重、用心與包容 處處我退讓到底，你卻性情暴躁、自私、滿口謊言、不務正業 整整兩年半都是我在養你，向來巧言令色 但凡跟你在一起的女人，最後都會被你逼瘋
留言（ 0 ） 最相關留言 所有留言
留言（ 0 ）",2026-08-14,,,False,False,
2026-08-15 05:45:53,realtime,hip_hop,,,17,Xin.H,sin (prod.cabernett),21,3430,3,https://streetvoice.com/a36345501/songs/872663/,https://streetvoice.com/a36345501/,"https://akstatic.streetvoice.com/profile_images/a3/63/a36345501/TSwSriomNYyGLKsZQ2Mx4y.jpg?x-oss-process=image/resize,m_fixed,h_1,w_1,limit_0/resize,m_fixed,h_630,w_1200,limit_0/watermark,image_cHJvZmlsZV9pbWFnZXMvYTMvNjMvYTM2MzQ1NTAxL1RTd1NyaW9tTll5R0xLc1pRMk14NHkuanBnP3gtb3NzLXByb2Nlc3M9aW1hZ2UvcmVzaXplLG1fZml4ZWQsaF8zNDQsd18zNDQsbGltaXRfMA,g_nw,x_428,y_143/watermark,image_YXNzZXQvaW1hZ2VzL21ldGFpbWFnZS1zb25nLnBuZw,g_nw,x_0,y_0",images/872663.jpg,@a36345501,音樂人,,,,2,8,2,,,https://www.youtube.com/user/StreetVoiceTV,,,Hip hop / Rap,,,,"編曲: cabernett 詞曲: Xin.H 錄音: Xin.H 混音: Xin.H 母帶: Xin.H 
編曲: cabernett 詞曲: Xin.H 錄音: Xin.H 混音: Xin.H 母帶: Xin.H","動態歌詞
I be gonna crush now I wanna die 卻聽見你的聲音求我別離開 可是你明明已經不再愛 你要我怎麼辦 I be gonna crush now I wanna die 聽不見你的聲音我哭了一整晚 血藍色的薔薇纏繞在左手腕 我心碎了一灘 還記得你的 brown hair 土星的耳釘 I know 你說你受夠 ‘’拜託請你 leave me alone‘’ 複雜的情緒不停躁動 妳精心編織的謊言我無法接受 妳說可以也不想走 但我們總不能餓著肚子過活 妳說這不是妳想要過的生活 你放不下我 Ok 我先走 以為I can decided 我失去一切卻換來妳的不理睬 Yeah you were my 現在全部已不在 Yeah you were my 現在全部已不再 Now you become my past time 拜託請你別再回來 我不想再掉入同個循環 腦海還盤旋你的聲音 流逝的那些時光他正在把我點醒 隔著一片海的我找不到你 有些話我還沒說給你聽 I be gonna crush now I wanna die 卻聽見你的聲音求我別離開 可是你明明已經不再愛 你要我怎麼辦 I be gonna crush now I wanna die 聽不見你的聲音我哭了一整晚 血藍色的薔薇纏繞在左手腕 我心碎了一灘 如果一切都是夢魘 也就兩年而已 我看見你的身影 我沒有辦法前進 I wanna set my sin please just set my sint 
I be gonna crush now I wanna die 卻聽見你的聲音求我別離開 可是你明明已經不再愛 你要我怎麼辦
I be gonna crush now I wanna die 聽不見你的聲音我哭了一整晚 血藍色的薔薇纏繞在左手腕 我心碎了一灘
還記得你的 brown hair 土星的耳釘 I know 你說你受夠 ‘’拜託請你 leave me alone‘’
複雜的情緒不停躁動 妳精心編織的謊言我無法接受
妳說可以也不想走 但我們總不能餓著肚子過活 妳說這不是妳想要過的生活 你放不下我 Ok 我先走
以為I can decided 我失去一切卻換來妳的不理睬 Yeah you were my 現在全部已不在 Yeah you were my 現在全部已不再
Now you become my past time 拜託請你別再回來 我不想再掉入同個循環
腦海還盤旋你的聲音 流逝的那些時光他正在把我點醒 隔著一片海的我找不到你 有些話我還沒說給你聽
I be gonna crush now I wanna die 卻聽見你的聲音求我別離開 可是你明明已經不再愛 你要我怎麼辦
I be gonna crush now I wanna die 聽不見你的聲音我哭了一整晚 血藍色的薔薇纏繞在左手腕 我心碎了一灘
如果一切都是夢魘 也就兩年而已 我看見你的身影 我沒有辦法前進 I wanna set my sin please just set my sint
留言（ 3 ） 最相關留言 所有留言
留言（ 3 ）",2026-08-03,,,False,False,
2026-08-15 05:45:53,realtime,hip_hop,,,18,千曼,千萬分之一,1,3,0,https://streetvoice.com/ada_kung/songs/874418/,https://streetvoice.com/ada_kung/,"https://akstatic.streetvoice.com/music_albums/ad/a_/ada_kung/fSgV4FDR7rQ7N47CTgzmzF.jpg?x-oss-process=image/resize,m_fixed,h_1,w_1,limit_0/resize,m_fixed,h_630,w_1200,limit_0/watermark,image_bXVzaWNfYWxidW1zL2FkL2FfL2FkYV9rdW5nL2ZTZ1Y0RkRSN3JRN040N0NUZ3ptekYuanBnP3gtb3NzLXByb2Nlc3M9aW1hZ2UvcmVzaXplLG1fZml4ZWQsaF8zNDQsd18zNDQsbGltaXRfMA,g_nw,x_428,y_143/watermark,image_YXNzZXQvaW1hZ2VzL21ldGFpbWFnZS1zb25nLnBuZw,g_nw,x_0,y_0",images/874418.jpg,@ada_kung,音樂人,,,,21,1,,,,https://www.youtube.com/user/StreetVoiceTV,,,Hip hop / Rap,二月二十七我生辰他撿回命根,https://streetvoice.com/ada_kung/songs/album/97325894/,,,"【主歌 1】 他蹲在角落 修著牌桌 背影很瘦弱 我偷帶淡麗 躲進二樓 坐他旁邊沒說話 他開門第一句 像審問 沒禮貌的問候 我心想這男人 真夠沒水準 加個賴就走啦 【预副歌】 可他伸手 摸了我的頭 兩秒的停留 十幾年築的牆 忽然裂開一道縫 電話裡他說 關了十年 聲音在顫抖 我躺在床上 聽一個更生人 說他的錯 【副歌】 二月二十七 我的生辰 他的重生 千萬分之一 是命運寫的劇本 不是巧合 是前世欠下的吻 是宇宙在輪迴裡 把我們確認 二月二十七 我的生辰 他的重生 這不是童話 是宿命在敲我的魂 我來到人間 他走出深淵 這世界 真的有人 為你在等 千萬年 【主歌 2】 他畫大餅 說麻將館 再開一間 我笑著聽 心裡想 大哥你誰啊 我們才剛遇見 可那天晚上 電話打到 耳朵都紅了邊 他問我哪天生 我說 二月二十七那天 【预副歌】 電話那頭 忽然 安靜了一秒 他大叫 說真巧 那是他 重生的記號 我拿著手機 看著天花板 心跳在燒 這世界 有些事情 真的 無法預料 【副歌】 二月二十七 我的生辰 他的重生 千萬分之一 是命運寫的劇本 不是巧合 是前世欠下的吻 是宇宙在輪迴裡 把我們確認 二月二十七 我的生辰 他的重生 這不是童話 是宿命在敲我的魂 我來到人間 他走出深淵 這世界 真的有人 為你在等 千萬年 【桥段】 划地三尺 只為轉世靈魂 換你的生辰 誦一段因果 結來世的紅繩 我站在奈何橋頭 沒有喝孟婆的湯 就是為了 在今生 認出你的模樣 【尾声】 淡麗啤酒 還冒著氣泡 我聽見 命運在偷笑 二月二十七 不是巧合 是前世的我 和今生的你 在時間盡頭 約好的 擁抱 
【主歌 1】 他蹲在角落 修著牌桌 背影很瘦弱 我偷帶淡麗 躲進二樓 坐他旁邊沒說話 他開門第一句 像審問 沒禮貌的問候 我心想這男人 真夠沒水準 加個賴就走啦 【预副歌】 可他伸手 摸了我的頭 兩秒的停留 十幾年築的牆 忽然裂開一道縫 電話裡他說 關了十年 聲音在顫抖 我躺在床上 聽一個更生人 說他的錯 【副歌】 二月二十七 我的生辰 他的重生 千萬分之一 是命運寫的劇本 不是巧合 是前世欠下的吻 是宇宙在輪迴裡 把我們確認 二月二十七 我的生辰 他的重生 這不是童話 是宿命在敲我的魂 我來到人間 他走出深淵 這世界 真的有人 為你在等 千萬年 【主歌 2】 他畫大餅 說麻將館 再開一間 我笑著聽 心裡想 大哥你誰啊 我們才剛遇見 可那天晚上 電話打到 耳朵都紅了邊 他問我哪天生 我說 二月二十七那天 【预副歌】 電話那頭 忽然 安靜了一秒 他大叫 說真巧 那是他 重生的記號 我拿著手機 看著天花板 心跳在燒 這世界 有些事情 真的 無法預料 【副歌】 二月二十七 我的生辰 他的重生 千萬分之一 是命運寫的劇本 不是巧合 是前世欠下的吻 是宇宙在輪迴裡 把我們確認 二月二十七 我的生辰 他的重生 這不是童話 是宿命在敲我的魂 我來到人間 他走出深淵 這世界 真的有人 為你在等 千萬年 【桥段】 划地三尺 只為轉世靈魂 換你的生辰 誦一段因果 結來世的紅繩 我站在奈何橋頭 沒有喝孟婆的湯 就是為了 在今生 認出你的模樣 【尾声】 淡麗啤酒 還冒著氣泡 我聽見 命運在偷笑 二月二十七 不是巧合 是前世的我 和今生的你 在時間盡頭 約好的 擁抱
留言（ 0 ） 最相關留言 所有留言
留言（ 0 ）",2026-08-14,,AI 協作 Hip hop / Rap ・ 二月二十七我生辰他撿回命根,False,False,
2026-08-15 05:45:53,realtime,hip_hop,,,19,Tcompass,HABITUAL DISTORTION(大嘻哈時代3線上海選入選歌曲),1,3,0,https://streetvoice.com/Tcompass/songs/874527/,https://streetvoice.com/Tcompass/,"https://akstatic.streetvoice.com/song_covers/Tc/om/Tcompass/CarwrwLRnJzxBDxaREtyTv.jpeg?x-oss-process=image/resize,m_fixed,h_1,w_1,limit_0/resize,m_fixed,h_630,w_1200,limit_0/watermark,image_c29uZ19jb3ZlcnMvVGMvb20vVGNvbXBhc3MvQ2Fyd3J3TFJuSnp4QkR4YVJFdHlUdi5qcGVnP3gtb3NzLXByb2Nlc3M9aW1hZ2UvcmVzaXplLG1fZml4ZWQsaF8zNDQsd18zNDQsbGltaXRfMA,g_nw,x_428,y_143/watermark,image_YXNzZXQvaW1hZ2VzL21ldGFpbWFnZS1zb25nLnBuZw,g_nw,x_0,y_0",images/874527.jpeg,@Tcompass,音樂人,台北市,2024-07-01,,10,7,8,,,https://www.youtube.com/user/StreetVoiceTV,,,Hip hop / Rap,,,,"我們不會因為一時的改變而扭曲，但往往會在長期的習慣中失真。 慣性失真是指系統因自身「慣性」無法即時同步跟上訊號或環境的快速變化，進而導致輸出結果與真實狀態產生偏差。 (此單曲為大嘻哈時代三實體海選入選歌曲) 
我們不會因為一時的改變而扭曲，但往往會在長期的習慣中失真。 慣性失真是指系統因自身「慣性」無法即時同步跟上訊號或環境的快速變化，進而導致輸出結果與真實狀態產生偏差。 (此單曲為大嘻哈時代三實體海選入選歌曲)","不能講不能揚 不太喜歡真話 不斷的昇華當你還在無理想被神化 把禁忌都晉級成穿太多 沒戴口罩全像沒了脈搏 抱歉EQ不高 都偏激性 被說屌的創作通常都偏即興 個性機歪帶點偏執性 偏急性 祖籍嘉義 出生台北 是有點偏極 性 太多噪音around me 嫌人不夠多他們著急召集 似乎想鎖定我的蹤跡 害怕失去也是大家的通病 被趕著 管著 觸動到你的軟肋 來看這 散射 出的光讓你忐忑 Another 怪  Another 菜 又來 想拿這種形容我 別怪我對你太直白 嗅久這酸臭的市場 多留點清流在這世上 抄襲太多韻角根本負了債 講點實話他們都在閃 They don't like. 嗅久這酸臭的市場 多留點清流在這世上 抄襲太多韻角根本負了債 講點實話他們都在閃 They don't like. 
不能講不能揚 不太喜歡真話 不斷的昇華當你還在無理想被神化 把禁忌都晉級成穿太多 沒戴口罩全像沒了脈搏
抱歉EQ不高 都偏激性 被說屌的創作通常都偏即興 個性機歪帶點偏執性 偏急性 祖籍嘉義 出生台北 是有點偏極 性
太多噪音around me 嫌人不夠多他們著急召集 似乎想鎖定我的蹤跡 害怕失去也是大家的通病
被趕著 管著 觸動到你的軟肋 來看這 散射 出的光讓你忐忑 Another 怪  Another 菜 又來 想拿這種形容我 別怪我對你太直白
嗅久這酸臭的市場 多留點清流在這世上 抄襲太多韻角根本負了債 講點實話他們都在閃 They don't like. 嗅久這酸臭的市場 多留點清流在這世上 抄襲太多韻角根本負了債 講點實話他們都在閃 They don't like.
留言（ 0 ） 最相關留言 所有留言
留言（ 0 ）",2026-08-14,,,False,False,
2026-08-15 05:45:53,realtime,hip_hop,,,20,Greg0109,拿著剛沖好的咖啡在東京的街頭漫步,0,6,0,https://streetvoice.com/Greg0109/songs/874342/,https://streetvoice.com/Greg0109/,"https://akstatic.streetvoice.com/asset/images/default/img-profile-head-default.png?x-oss-process=image/resize,m_fixed,h_1,w_1,limit_0/resize,m_fixed,h_630,w_1200,limit_0/watermark,image_YXNzZXQvaW1hZ2VzL2RlZmF1bHQvaW1nLXByb2ZpbGUtaGVhZC1kZWZhdWx0LnBuZz94LW9zcy1wcm9jZXNzPWltYWdlL3Jlc2l6ZSxtX2ZpeGVkLGhfMzQ0LHdfMzQ0LGxpbWl0XzA,g_nw,x_428,y_143/watermark,image_YXNzZXQvaW1hZ2VzL21ldGFpbWFnZS1zb25nLnBuZw,g_nw,x_0,y_0",images/874342.png,@Greg0109,音樂人,,,,1,,,,,https://www.youtube.com/user/StreetVoiceTV,,,Hip hop / Rap,,,,"詞/Beat：Terry Yang 編/Mix：蔡志驤 
詞/Beat：Terry Yang 編/Mix：蔡志驤","這是沒有提供歌詞的歌曲
留言（ 0 ） 最相關留言 所有留言
留言（ 0 ）",2026-08-13,,,False,False,
2026-08-15 05:45:53,realtime,hip_hop,,,21,千曼,昼间折磨,1,3,0,https://streetvoice.com/ada_kung/songs/874472/,https://streetvoice.com/ada_kung/,"https://akstatic.streetvoice.com/music_albums/ad/a_/ada_kung/HDAzeNR5y4NDTHWRB8oRyG.jpg?x-oss-process=image/resize,m_fixed,h_1,w_1,limit_0/resize,m_fixed,h_630,w_1200,limit_0/watermark,image_bXVzaWNfYWxidW1zL2FkL2FfL2FkYV9rdW5nL0hEQXplTlI1eTRORFRIV1JCOG9SeUcuanBnP3gtb3NzLXByb2Nlc3M9aW1hZ2UvcmVzaXplLG1fZml4ZWQsaF8zNDQsd18zNDQsbGltaXRfMA,g_nw,x_428,y_143/watermark,image_YXNzZXQvaW1hZ2VzL21ldGFpbWFnZS1zb25nLnBuZw,g_nw,x_0,y_0",images/874472.jpg,@ada_kung,音樂人,,,,21,1,,,,https://www.youtube.com/user/StreetVoiceTV,,,Hip hop / Rap,偏偏清醒,https://streetvoice.com/ada_kung/songs/album/97325895/,,,"爭執繞著從前前妻 你專門刺我底 我叫你閉嘴別提舊事 你總有本事扯到她閨女 買份甜點問你嘗過沒 你臉色馬上翻篇 反咬我態度有問題 我只閒聊 哪來輕蔑 舊人舊事毀了好心情 你轉頭提起 底線被你踐踏 包容體貼全被剎那 相處全是折磨 不如痛快放手 我們不同路 何苦互相受夠 不肯放我走 也不顧感受 消耗我的執念 拿我的難受當藉口 陪你忙完整個晝 沒有合照沒有溫柔 滿腹委屈堵喉頭 發聲都嫌多 踩我的傷口 真心當玩偶 到頭來各自安好 謝謝你給的折磨 陪你忙完整個晝 沒有體貼沒有問候 滿腔怨氣收心頭 爭吵都嫌陋 越過我界口 感情成腐朽 到頭來各自安好 謝謝你給的折磨 陪你四處奔波處理瑣事 胸口堵得發慌快樂被吞噬 氣到靈魂出竅滿腹荒謬 拿捏我的軟弱不肯鬆手 我的邊界你當虛設 情緒起落你從不體會 提分手你不願分 相處處處作對只剩疲憊 相處全是折磨 不如痛快放手 我們不同路 何苦互相受夠 不肯放我走 也不顧感受 消耗我的執念 拿我的難受當藉口 陪你忙完整個晝 沒有合照沒有溫柔 滿腹委屈堵喉頭 發聲都嫌多 踩我的傷口 真心當玩偶 到頭來各自安好 謝謝你給的折磨 陪你忙完整個晝 沒有體貼沒有問候 滿腔怨氣收心頭 爭吵都嫌陋 越過我界口 感情成腐朽 到頭來各自安好 謝謝你給的折磨 吵到麻木不想辯解 不期待悔改不期待諾言 我的認真在你眼裡廉價可憐 各自安好 謝謝就好 
爭執繞著從前前妻 你專門刺我底 我叫你閉嘴別提舊事 你總有本事扯到她閨女 買份甜點問你嘗過沒 你臉色馬上翻篇 反咬我態度有問題 我只閒聊 哪來輕蔑 舊人舊事毀了好心情 你轉頭提起 底線被你踐踏 包容體貼全被剎那 相處全是折磨 不如痛快放手 我們不同路 何苦互相受夠 不肯放我走 也不顧感受 消耗我的執念 拿我的難受當藉口 陪你忙完整個晝 沒有合照沒有溫柔 滿腹委屈堵喉頭 發聲都嫌多 踩我的傷口 真心當玩偶 到頭來各自安好 謝謝你給的折磨 陪你忙完整個晝 沒有體貼沒有問候 滿腔怨氣收心頭 爭吵都嫌陋 越過我界口 感情成腐朽 到頭來各自安好 謝謝你給的折磨 陪你四處奔波處理瑣事 胸口堵得發慌快樂被吞噬 氣到靈魂出竅滿腹荒謬 拿捏我的軟弱不肯鬆手 我的邊界你當虛設 情緒起落你從不體會 提分手你不願分 相處處處作對只剩疲憊 相處全是折磨 不如痛快放手 我們不同路 何苦互相受夠 不肯放我走 也不顧感受 消耗我的執念 拿我的難受當藉口 陪你忙完整個晝 沒有合照沒有溫柔 滿腹委屈堵喉頭 發聲都嫌多 踩我的傷口 真心當玩偶 到頭來各自安好 謝謝你給的折磨 陪你忙完整個晝 沒有體貼沒有問候 滿腔怨氣收心頭 爭吵都嫌陋 越過我界口 感情成腐朽 到頭來各自安好 謝謝你給的折磨 吵到麻木不想辯解 不期待悔改不期待諾言 我的認真在你眼裡廉價可憐 各自安好 謝謝就好
留言（ 0 ） 最相關留言 所有留言
留言（ 0 ）",2026-08-15,,,False,False,
2026-08-15 05:45:53,realtime,hip_hop,,,22,huhu胡胡,且高歌休訴,14,606,3,https://streetvoice.com/huhualsichkann/songs/872776/,https://streetvoice.com/huhualsichkann/,"https://akstatic.streetvoice.com/song_covers/hu/hu/huhualsichkann/XyU9QE5tUDjdySNfoYz9VC.jpeg?x-oss-process=image/resize,m_fixed,h_1,w_1,limit_0/resize,m_fixed,h_630,w_1200,limit_0/watermark,image_c29uZ19jb3ZlcnMvaHUvaHUvaHVodWFsc2ljaGthbm4vWHlVOVFFNXRVRGpkeVNOZm9ZejlWQy5qcGVnP3gtb3NzLXByb2Nlc3M9aW1hZ2UvcmVzaXplLG1fZml4ZWQsaF8zNDQsd18zNDQsbGltaXRfMA,g_nw,x_428,y_143/watermark,image_YXNzZXQvaW1hZ2VzL21ldGFpbWFnZS1zb25nLnBuZw,g_nw,x_0,y_0",images/872776.jpeg,@huhualsichkann,音樂人,,,2025-07-14 19:10,4,155,12,,https://www.instagram.com/huhualsichkann,https://www.youtube.com/user/StreetVoiceTV,,,Hip hop / Rap,,,,"不得不和學生時代說再見了，抱著這樣的想法開始寫這首歌。 我承認自己沒那麼勇敢，還沒辦法孤注一擲去做一個不那麼“傳統”的人。不過，這也沒什麼，總要學會在狗一樣的生活上做出神仙一樣的事。 所以，祝願我們繼續保持對世界的好奇、對他人的體察，以及對內在節奏的尊重。在面對懸而未決的人生課題時，依舊保留有某種決心。 「花開花謝、都來幾許。且高歌休訴。」 —————— 詞曲 Lyricist&Composor｜huhu胡胡 製作人 Producer｜Flowstrong 編曲 Arrangement｜Flowstrong 電吉他 Electric Guitar｜高翔煜 XY Kao 貝斯 Bass｜高翔煜 XY Kao 錄音室 Recording Studio｜Cashmere  Studio 混音工程師 Mixing Engineer｜Flowstrong 母帶後期處理工程師 Mastering Engineer｜Thomas 莊鈞智 母帶後期錄音室 Mastering Studio | Sketch Studio 封面設計 Designer｜淵淵 胡胡 發行 Distribution｜生煎唱片SJ RECORDS 
不得不和學生時代說再見了，抱著這樣的想法開始寫這首歌。
我承認自己沒那麼勇敢，還沒辦法孤注一擲去做一個不那麼“傳統”的人。不過，這也沒什麼，總要學會在狗一樣的生活上做出神仙一樣的事。
所以，祝願我們繼續保持對世界的好奇、對他人的體察，以及對內在節奏的尊重。在面對懸而未決的人生課題時，依舊保留有某種決心。
「花開花謝、都來幾許。且高歌休訴。」
——————
詞曲 Lyricist&Composor｜huhu胡胡 製作人 Producer｜Flowstrong 編曲 Arrangement｜Flowstrong 電吉他 Electric Guitar｜高翔煜 XY Kao 貝斯 Bass｜高翔煜 XY Kao 錄音室 Recording Studio｜Cashmere  Studio 混音工程師 Mixing Engineer｜Flowstrong 母帶後期處理工程師 Mastering Engineer｜Thomas 莊鈞智 母帶後期錄音室 Mastering Studio | Sketch Studio 封面設計 Designer｜淵淵 胡胡 發行 Distribution｜生煎唱片SJ RECORDS","動態歌詞
叹气 像两条相交的线 定义 不会再有交点 呼吸 四季更迭流转 记忆在我们之间 缠绕 深深羁绊 I can’t say goodbye 轻易地 尽管 聚散是人生的课题 敲击着键盘 千言万语到最后只剩寥寥几笔 我看着未来 有一点徘徊 是否往前迈 分不清东南西北 何时能喝彩 要像 云一样 通达四海 同你再饮一杯酒 明天要远行 烟波万里秋 去何处觅知音 终曲来临已泪流 荆桃早飘零 放心去追求 不必总是回头 房间被打通了 可惜那里再也没有我的工位了 新的角色正在缓冲着 下次见面是否班味变得很重呢 一直焦虑着 还没开始就想退休 或是赖在被窝 床是最小的诺亚方舟 载着你的乡愁 你的梦 整个宇宙 running running running 地球不停转 自然不敢停止回复消息 funny money honey 如果都得到了 请告诉我 why are you crying 如果可以 放声高歌 不要有顾虑 如果可以 好想拥抱你 二十多岁的我自己 啦——啦——啦——啦啦啦啦啦 同你再饮一杯酒 明天要远行 烟波万里秋 去何处觅知音 终曲来临已泪流 荆桃早飘零 放心去追求 不必总是回头 
叹气 像两条相交的线 定义 不会再有交点 呼吸 四季更迭流转 记忆在我们之间 缠绕 深深羁绊 I can’t say goodbye 轻易地 尽管 聚散是人生的课题 敲击着键盘 千言万语到最后只剩寥寥几笔 我看着未来 有一点徘徊 是否往前迈 分不清东南西北 何时能喝彩 要像 云一样 通达四海 同你再饮一杯酒 明天要远行 烟波万里秋 去何处觅知音 终曲来临已泪流 荆桃早飘零 放心去追求 不必总是回头 房间被打通了 可惜那里再也没有我的工位了 新的角色正在缓冲着 下次见面是否班味变得很重呢 一直焦虑着 还没开始就想退休 或是赖在被窝 床是最小的诺亚方舟 载着你的乡愁 你的梦 整个宇宙 running running running 地球不停转 自然不敢停止回复消息 funny money honey 如果都得到了 请告诉我 why are you crying 如果可以 放声高歌 不要有顾虑 如果可以 好想拥抱你 二十多岁的我自己
啦——啦——啦——啦啦啦啦啦
同你再饮一杯酒 明天要远行 烟波万里秋 去何处觅知音 终曲来临已泪流 荆桃早飘零 放心去追求 不必总是回头
留言（ 3 ） 最相關留言 所有留言
留言（ 3 ）",2026-08-04,,編輯推薦,True,False,
2026-08-15 05:45:53,realtime,hip_hop,,,23,桃子A1J,Cuz it&#x27;s Luv,22,1178,2,https://streetvoice.com/peach_jaye_23/songs/871850/,https://streetvoice.com/peach_jaye_23/,"https://akstatic.streetvoice.com/song_covers/pe/ac/peach_jaye_23/mHnQYpJNnGK8Rugn57jSk6.jpeg?x-oss-process=image/resize,m_fixed,h_1,w_1,limit_0/resize,m_fixed,h_630,w_1200,limit_0/watermark,image_c29uZ19jb3ZlcnMvcGUvYWMvcGVhY2hfamF5ZV8yMy9tSG5RWXBKTm5HSzhSdWduNTdqU2s2LmpwZWc_eC1vc3MtcHJvY2Vzcz1pbWFnZS9yZXNpemUsbV9maXhlZCxoXzM0NCx3XzM0NCxsaW1pdF8w,g_nw,x_428,y_143/watermark,image_YXNzZXQvaW1hZ2VzL21ldGFpbWFnZS1zb25nLnBuZw,g_nw,x_0,y_0",images/871850.jpeg,@peach_jaye_23,音樂人,台北市,2019-10-01,2021-09-16 16:00,31,7158,10,,https://instagram.com/peach_jaye_a1j,https://youtube.com/channel/UCRJv6EsGm5iVqb_YrKxPFPA,台越混血歌手桃子A1J 聯手滴燙Diiton推出新曲〈4to9〉|||https://blow.streetvoice.com/85200/?utm_source=streetvoice&utm_medium=profile-news-block; K6劉家凱預告10月發行專輯《太棒了！我一無是處的人生》 新歌〈一無是處的人生〉搭檔台越混血饒舌歌手桃子A1J|||https://blow.streetvoice.com/69286/?utm_source=streetvoice&utm_medium=profile-news-block; 李映霏邀桃子A1J擔任專場嘉賓 限定NFT塔羅牌送樂迷|||https://blow.streetvoice.com/64859/?utm_source=streetvoice&utm_medium=profile-news-block,,Hip hop / Rap,,,,"【音樂 製作團隊 MUSIC CREDIT】 詞Lyricist｜桃子A1J 曲Composer｜桃子A1J、滴燙Diiton 製作人Producer｜滴燙Diiton‪‪、桃子A1J 和聲Background Vocals｜桃子A1J、滴燙Diiton 合聲編寫Background Vocals Arrangement｜桃子A1J、滴燙Diiton 編曲Arrangement｜Diiton滴燙 錄音師Recording Engineer｜Diiton滴燙 混音師Mixing Engineer｜Diiton滴燙 
【音樂 製作團隊 MUSIC CREDIT】 詞Lyricist｜桃子A1J 曲Composer｜桃子A1J、滴燙Diiton 製作人Producer｜滴燙Diiton‪‪、桃子A1J 和聲Background Vocals｜桃子A1J、滴燙Diiton 合聲編寫Background Vocals Arrangement｜桃子A1J、滴燙Diiton 編曲Arrangement｜Diiton滴燙 錄音師Recording Engineer｜Diiton滴燙 混音師Mixing Engineer｜Diiton滴燙","Verse 1: 等待 試圖設法逃離 人還 在 同樣一道軌跡 boy why you lied to me But you shine so bright to me 牽動著心情 慣性造就了癮 你讓我著了迷 每一刻朝著你 Pre: 可無法克制住心的這般感覺 陳列交錯浸泡在這火焰 伴隨著 歲月不停在蔓延 只為了你 I gonn' do anything they say love is blind 就剩我 在這片大海 you're my lullaby 潛入夢 境不斷徘徊 Hook: love yeah cuz it lalalalalala love 全給你 lalalalalala love 儘管這 lalalalalala love yeah cuz it la love it's lala love Verse 2: better than anodyne ya hurt me once but still I lose twice 隕石墜落是怎麼躲得開 someone tell tell tell me what is right 持續 追追追朔 回憶 尋找 撕裂的痕跡 大可不必 浪費費費 力氣 找不回的曾經 here’s my love take it for take it for free 別置放宇宙邊際 take it closer 看看仔細 what if what if you and me Pre: 可無法克制住心的這般感覺 陳列交錯浸泡在這火焰 伴隨著 歲月不停在蔓延 只為了你 I gonn' do anything they say love is blind 就剩我 在這片大海 you're my lullaby 潛入夢 境不斷徘徊 Hook: love yeah cuz it lalalalalala love 全給你 lalalalalala love 儘管這 lalalalalala love yeah cuz it la love it's lala love 
Verse 1: 等待 試圖設法逃離 人還 在 同樣一道軌跡 boy why you lied to me But you shine so bright to me 牽動著心情 慣性造就了癮 你讓我著了迷 每一刻朝著你
Pre: 可無法克制住心的這般感覺 陳列交錯浸泡在這火焰 伴隨著 歲月不停在蔓延 只為了你 I gonn' do anything
they say love is blind 就剩我 在這片大海 you're my lullaby 潛入夢 境不斷徘徊
Hook: love yeah cuz it lalalalalala love 全給你 lalalalalala love 儘管這 lalalalalala love yeah cuz it la love it's lala love
Verse 2: better than anodyne ya hurt me once but still I lose twice 隕石墜落是怎麼躲得開 someone tell tell tell me what is right
持續 追追追朔 回憶 尋找 撕裂的痕跡 大可不必 浪費費費 力氣 找不回的曾經
here’s my love take it for take it for free 別置放宇宙邊際 take it closer 看看仔細 what if what if you and me
Pre: 可無法克制住心的這般感覺 陳列交錯浸泡在這火焰 伴隨著 歲月不停在蔓延 只為了你 I gonn' do anything
they say love is blind 就剩我 在這片大海 you're my lullaby 潛入夢 境不斷徘徊
Hook: love yeah cuz it lalalalalala love 全給你 lalalalalala love 儘管這 lalalalalala love yeah cuz it la love it's lala love
留言（ 2 ） 最相關留言 所有留言
留言（ 2 ）",2026-07-29,,編輯推薦,True,False,
2026-08-15 05:45:53,realtime,hip_hop,,,24,千曼,免費看護,0,5,0,https://streetvoice.com/ada_kung/songs/874473/,https://streetvoice.com/ada_kung/,"https://akstatic.streetvoice.com/music_albums/ad/a_/ada_kung/fSgV4FDR7rQ7N47CTgzmzF.jpg?x-oss-process=image/resize,m_fixed,h_1,w_1,limit_0/resize,m_fixed,h_630,w_1200,limit_0/watermark,image_bXVzaWNfYWxidW1zL2FkL2FfL2FkYV9rdW5nL2ZTZ1Y0RkRSN3JRN040N0NUZ3ptekYuanBnP3gtb3NzLXByb2Nlc3M9aW1hZ2UvcmVzaXplLG1fZml4ZWQsaF8zNDQsd18zNDQsbGltaXRfMA,g_nw,x_428,y_143/watermark,image_YXNzZXQvaW1hZ2VzL21ldGFpbWFnZS1zb25nLnBuZw,g_nw,x_0,y_0",images/874473.jpg,@ada_kung,音樂人,,,,21,1,,,,https://www.youtube.com/user/StreetVoiceTV,,,Hip hop / Rap,二月二十七我生辰他撿回命根,https://streetvoice.com/ada_kung/songs/album/97325894/,,,"她把你的衣服塞进黑色垃圾袋 我还笑着说 怎么不把你也一起装进去，等垃圾车来 结果最好笑的是 我竟然真的把你捡回家 我看你可怜 想说单身十几年 孩子也都长大了 也该给自己一次冲新幸福的机会 结果不是幸福 是加班 你说她伤你很深 我信了 你说她害你很惨 我也信了 我陪你从谷底慢慢站起来 结果你谈在原地像一滩烂泥 浪费我两年半 你总替她挡 替她扛 替她找尽所有理由原谅 轮到我 只剩一句 「你想太多」 她不要你 我把你当成宝 我把你当未来 你把我当过渡期 黑色垃圾袋 真的很好笑 她把你丢出去 我把你捡回来 後來你前妻賣掉了你們基隆的舊家，搬去台北擁有了全新的生活，徹底揮別過往。 唯獨你，死死困在回憶裡不肯走。 我翻着那个黑色垃圾袋 才发现里面装的从来不是你的衣服 是我一香情愿的付出 和那些被你踩碎的自尊 你总替她挡 替她扛 替她找尽所有理由原谅 轮到我 只剩一句 「你想太多」 她不要你 我把你当依靠 我把你当以后 你把我当临时站 黑色垃圾袋 终于明白了 她随手扔掉的 是我捡不起的 原来 黑色垃圾袋装的不是你的衣服 装的是我的眼光 装的是我的天真 装的是我自以为能正救谁的幻想 早知道 垃圾车来的时候 我就该回收了 她不要你 我把你当唯一 你把我当替代品 黑色垃圾袋 终于装满了 装的是我两年半的青春 和一场笑话 早知道 垃圾车来的时候 我就该回收了 
她把你的衣服塞进黑色垃圾袋 我还笑着说 怎么不把你也一起装进去，等垃圾车来 结果最好笑的是 我竟然真的把你捡回家 我看你可怜 想说单身十几年 孩子也都长大了 也该给自己一次冲新幸福的机会 结果不是幸福 是加班 你说她伤你很深 我信了 你说她害你很惨 我也信了 我陪你从谷底慢慢站起来 结果你谈在原地像一滩烂泥 浪费我两年半 你总替她挡 替她扛 替她找尽所有理由原谅 轮到我 只剩一句 「你想太多」 她不要你 我把你当成宝 我把你当未来 你把我当过渡期 黑色垃圾袋 真的很好笑 她把你丢出去 我把你捡回来 後來你前妻賣掉了你們基隆的舊家，搬去台北擁有了全新的生活，徹底揮別過往。 唯獨你，死死困在回憶裡不肯走。 我翻着那个黑色垃圾袋 才发现里面装的从来不是你的衣服 是我一香情愿的付出 和那些被你踩碎的自尊 你总替她挡 替她扛 替她找尽所有理由原谅 轮到我 只剩一句 「你想太多」 她不要你 我把你当依靠 我把你当以后 你把我当临时站 黑色垃圾袋 终于明白了 她随手扔掉的 是我捡不起的 原来 黑色垃圾袋装的不是你的衣服 装的是我的眼光 装的是我的天真 装的是我自以为能正救谁的幻想 早知道 垃圾车来的时候 我就该回收了 她不要你 我把你当唯一 你把我当替代品 黑色垃圾袋 终于装满了 装的是我两年半的青春 和一场笑话 早知道 垃圾车来的时候 我就该回收了
留言（ 0 ） 最相關留言 所有留言
留言（ 0 ）",2026-08-15,,AI 協作 Hip hop / Rap ・ 二月二十七我生辰他撿回命根,False,False,
2026-08-15 05:45:53,realtime,hip_hop,,,25,VITA Lee,壞結局,1,20,0,https://streetvoice.com/zzy0617/songs/874339/,https://streetvoice.com/zzy0617/,"https://akstatic.streetvoice.com/song_covers/zz/y0/zzy0617/nqg9hZvoxJ5A3MDNSR8vG9.jpeg?x-oss-process=image/resize,m_fixed,h_1,w_1,limit_0/resize,m_fixed,h_630,w_1200,limit_0/watermark,image_c29uZ19jb3ZlcnMvenoveTAvenp5MDYxNy9ucWc5aFp2b3hKNUEzTUROU1I4dkc5LmpwZWc_eC1vc3MtcHJvY2Vzcz1pbWFnZS9yZXNpemUsbV9maXhlZCxoXzM0NCx3XzM0NCxsaW1pdF8w,g_nw,x_428,y_143/watermark,image_YXNzZXQvaW1hZ2VzL21ldGFpbWFnZS1zb25nLnBuZw,g_nw,x_0,y_0",images/874339.jpeg,@zzy0617,音樂人,倫敦市,2020-11-01,,16,3,2,,,https://www.youtube.com/user/StreetVoiceTV,,,Hip hop / Rap,Bad Ending,https://streetvoice.com/zzy0617/songs/album/97325900/,,"Lyrics & Composer 詞 : VITA Lee Beat Arrangement 編曲 :bonnytown Recording & Mixing 錄音 / 混音 : VITA Lee Mastering 母帶處理 : VITA Lee Photo design 封面設計 : D/A Studio 
Lyrics & Composer 詞 : VITA Lee Beat Arrangement 編曲 :bonnytown Recording & Mixing 錄音 / 混音 : VITA Lee Mastering 母帶處理 : VITA Lee Photo design 封面設計 : D/A Studio","這是沒有提供歌詞的歌曲
留言（ 0 ） 最相關留言 所有留言
留言（ 0 ）",2026-08-13,,,False,False,
2026-08-15 05:45:53,realtime,hip_hop,,,26,Mowna,失戀特效藥（demo）,0,37,0,https://streetvoice.com/Mowna/songs/874197/,https://streetvoice.com/Mowna/,"https://akstatic.streetvoice.com/song_covers/Mo/wn/Mowna/YeLCVeV9vYwAoYeg8QhaZy.jpg?x-oss-process=image/resize,m_fixed,h_1,w_1,limit_0/resize,m_fixed,h_630,w_1200,limit_0/watermark,image_c29uZ19jb3ZlcnMvTW8vd24vTW93bmEvWWVMQ1ZlVjl2WXdBb1llZzhRaGFaeS5qcGc_eC1vc3MtcHJvY2Vzcz1pbWFnZS9yZXNpemUsbV9maXhlZCxoXzM0NCx3XzM0NCxsaW1pdF8w,g_nw,x_428,y_143/watermark,image_YXNzZXQvaW1hZ2VzL21ldGFpbWFnZS1zb25nLnBuZw,g_nw,x_0,y_0",images/874197.jpg,@Mowna,音樂人,,,,11,2,2,,,https://www.youtube.com/user/StreetVoiceTV,Puente 長橋樂團 夢想與故鄉之間的故事|||https://blow.streetvoice.com/16873/?utm_source=streetvoice&utm_medium=profile-news-block,,Hip hop / Rap,,,,"這首歌的概念是講述一個人遭遇分手後，得到失戀病的遭遇。這人極度渴望得到一個像是七龍珠裡仙豆一樣的藥。他希望吃了這顆失戀特效藥，什麼痛苦都可以消失。 
這首歌的概念是講述一個人遭遇分手後，得到失戀病的遭遇。這人極度渴望得到一個像是七龍珠裡仙豆一樣的藥。他希望吃了這顆失戀特效藥，什麼痛苦都可以消失。","分分分手了 也該放手了 那藏在安穩的謊也顯露了 分分分手了 你也該放手了 那藏在安穩的謊也顯露了 上個月我真的失戀了 我的心還在痛著 上個月我真的失戀了 我的心還在痛著 失戀特效藥 止住想念的痛 失戀特效藥 遠離思念的病 欸欸欸 我昨晚做了重複的夢 那個看似美好的夢有你也有我 這一切場景是多麼的熟悉 我還想用盡全身力氣讓你注意 欸每次醒來後 半乾的淚痕不斷在提醒我 要去面對現實 珍惜誠實 但不要過度暴飲暴食 打起精神來 請你打起精神來 失戀 你不過就是失戀 失戀特效藥 止住想念的痛 失戀特效藥 遠離思念的病 喂？我跟你說喔剛才睡午覺又夢到他了 夢醒了 人也醒了 但刺在心裡的痛又開始了 夢醒了 你人也醒了 但刺在心裡的痛又開始了 欸欸欸 我最近在找失戀的藥 那個超級稀有的藥我也想得到 這一切幻想是多麼的奢侈 沒想到我竟留下這麼多的羞恥 唉每次分手後 拋棄的感覺不斷在提醒我 要去學習承擔 體驗孤單 但別把愛看得 太過簡單 失戀特效藥 止住想念的痛 失戀特效藥 遠離思念的病 
分分分手了 也該放手了 那藏在安穩的謊也顯露了
分分分手了 你也該放手了 那藏在安穩的謊也顯露了
上個月我真的失戀了 我的心還在痛著 上個月我真的失戀了 我的心還在痛著
失戀特效藥 止住想念的痛 失戀特效藥 遠離思念的病
欸欸欸 我昨晚做了重複的夢 那個看似美好的夢有你也有我 這一切場景是多麼的熟悉 我還想用盡全身力氣讓你注意
欸每次醒來後 半乾的淚痕不斷在提醒我 要去面對現實 珍惜誠實 但不要過度暴飲暴食
打起精神來 請你打起精神來 失戀 你不過就是失戀
失戀特效藥 止住想念的痛 失戀特效藥 遠離思念的病
喂？我跟你說喔剛才睡午覺又夢到他了
夢醒了 人也醒了 但刺在心裡的痛又開始了
夢醒了 你人也醒了 但刺在心裡的痛又開始了
欸欸欸 我最近在找失戀的藥 那個超級稀有的藥我也想得到 這一切幻想是多麼的奢侈 沒想到我竟留下這麼多的羞恥
唉每次分手後 拋棄的感覺不斷在提醒我 要去學習承擔 體驗孤單 但別把愛看得 太過簡單
失戀特效藥 止住想念的痛 失戀特效藥 遠離思念的病
留言（ 0 ） 最相關留言 所有留言
留言（ 0 ）",2026-08-12,,,False,False,
2026-08-15 05:45:53,realtime,hip_hop,,,27,千曼,27孽緣,0,2,0,https://streetvoice.com/ada_kung/songs/874429/,https://streetvoice.com/ada_kung/,"https://akstatic.streetvoice.com/profile_images/ad/a_/ada_kung/YGJWa3TB3ZDzwUVj2Q7cBV.jpg?x-oss-process=image/resize,m_fixed,h_1,w_1,limit_0/resize,m_fixed,h_630,w_1200,limit_0/watermark,image_cHJvZmlsZV9pbWFnZXMvYWQvYV8vYWRhX2t1bmcvWUdKV2EzVEIzWkR6d1VWajJRN2NCVi5qcGc_eC1vc3MtcHJvY2Vzcz1pbWFnZS9yZXNpemUsbV9maXhlZCxoXzM0NCx3XzM0NCxsaW1pdF8w,g_nw,x_428,y_143/watermark,image_YXNzZXQvaW1hZ2VzL21ldGFpbWFnZS1zb25nLnBuZw,g_nw,x_0,y_0",images/874429.jpg,@ada_kung,音樂人,,,,21,1,,,,https://www.youtube.com/user/StreetVoiceTV,,,Hip hop / Rap,,,,,"這是沒有提供歌詞的歌曲
留言（ 0 ） 最相關留言 所有留言
留言（ 0 ）",2026-08-14,,AI 協作 Hip hop / Rap,False,False,
2026-08-15 05:45:53,realtime,hip_hop,,,28,千曼,失控,0,2,0,https://streetvoice.com/ada_kung/songs/874468/,https://streetvoice.com/ada_kung/,"https://akstatic.streetvoice.com/profile_images/ad/a_/ada_kung/YGJWa3TB3ZDzwUVj2Q7cBV.jpg?x-oss-process=image/resize,m_fixed,h_1,w_1,limit_0/resize,m_fixed,h_630,w_1200,limit_0/watermark,image_cHJvZmlsZV9pbWFnZXMvYWQvYV8vYWRhX2t1bmcvWUdKV2EzVEIzWkR6d1VWajJRN2NCVi5qcGc_eC1vc3MtcHJvY2Vzcz1pbWFnZS9yZXNpemUsbV9maXhlZCxoXzM0NCx3XzM0NCxsaW1pdF8w,g_nw,x_428,y_143/watermark,image_YXNzZXQvaW1hZ2VzL21ldGFpbWFnZS1zb25nLnBuZw,g_nw,x_0,y_0",images/874468.jpg,@ada_kung,音樂人,,,,21,1,,,,https://www.youtube.com/user/StreetVoiceTV,,,Hip hop / Rap,,,,,"這是沒有提供歌詞的歌曲
留言（ 0 ） 最相關留言 所有留言
留言（ 0 ）",2026-08-15,,AI 協作 Hip hop / Rap,False,False,
2026-08-15 05:45:53,realtime,hip_hop,,,29,千曼,不要了(1),0,1,0,https://streetvoice.com/ada_kung/songs/874424/,https://streetvoice.com/ada_kung/,"https://akstatic.streetvoice.com/profile_images/ad/a_/ada_kung/YGJWa3TB3ZDzwUVj2Q7cBV.jpg?x-oss-process=image/resize,m_fixed,h_1,w_1,limit_0/resize,m_fixed,h_630,w_1200,limit_0/watermark,image_cHJvZmlsZV9pbWFnZXMvYWQvYV8vYWRhX2t1bmcvWUdKV2EzVEIzWkR6d1VWajJRN2NCVi5qcGc_eC1vc3MtcHJvY2Vzcz1pbWFnZS9yZXNpemUsbV9maXhlZCxoXzM0NCx3XzM0NCxsaW1pdF8w,g_nw,x_428,y_143/watermark,image_YXNzZXQvaW1hZ2VzL21ldGFpbWFnZS1zb25nLnBuZw,g_nw,x_0,y_0",images/874424.jpg,@ada_kung,音樂人,,,,21,1,,,,https://www.youtube.com/user/StreetVoiceTV,,,Hip hop / Rap,,,,,"《不要了》完整歌詞｜千曼 ada_kung （音頻逐句整理原版，未潤色修改） 嗯嗯嗯嗯 嗯 真的不要 耶，Jasmine 拉我去棋牌館殺時間 一百次都沒撞見你那張臉 偏偏今天你出現在二樓門板後面 皺著眉問我誰呀？ 我翻白眼，半句解釋都懶得給你聽 店員叫我上樓等，說牌局快開 你走過來搭話，嘴裡全是發財 什麼賺錢項目，什麼之後詳談 要走我的聯絡方式，笑得太坦然 臨走還摸我的頭 乖一點，安分一點 我41了，你叫我乖 我怕我的苦變成別人的刺 我怕姐妹知道了以後怎麼看她的臉 所以我把嘴閉上，把話全咽進肚裡面 就剩這首歌替我把賬算一遍 爛劇還在演，我還沒走遠 鏡子裡的人問我，你到底看上他哪邊？ 爛劇還在演，劇本爛透了還不換 41歲的女人，不舒服的關係 我不要我不要我不要我不裝了，我不要 耶耶耶耶 你整夜抓著我聊幾個小時不說再見 隔天一早騎那台破車，戴那頂舊安全帽 從萬里騎到京東，就為了約我吃早餐 這副寒酸樣也叫追求，也配叫表演 我心軟嘴快說著你好好努力吧，別出去丟我的臉 不該動的感情就這樣開了第一頁 你約我去萬里看海，說幫我散心 我提前掛號，底線喝酒別開車，訂房要提前 飯吃了，酒喝了，心事全掏空了 你把訂好的客房換成你自己的家 說空房多能陪你過 我就這樣踩進去，一腳深一腳淺 全是錯，全是血 爛劇還在演，我還沒走遠 鏡子裡的人問我，你到底看上他哪邊？ 爛劇還在演，劇本爛透了還不換 41歲的女人，不舒服的關係 我不要我不要我不要 我不要，我不裝了，我不要 手機亮了，是你那邊傳來的訊息 我整個人懵了，像被人從夢裡拽醒 我逼你拿證件，你真的拿出來給我驗 白紙黑字寫著利益，你沒有騙 可上面寫你們從來沒斷過連線 四月我們才認識 三月你還租車帶她出去兜風、留戀 她滿嘴髒話罵我，每個字都刺進耳朵裡 我死死盯著你，你全程沉默一個字不敢接 你不說話，你不解釋，你不擋在我前面 你就站在那裡，像個局外人一樣旁觀這場鬧劇上演 我想斷你不放，我想走你拉著 我從頭到尾都不想介入你們的爛仗 現在只能認栽，怪自己瞎了這雙眼 可我最恨的不是你，是我自己 是我心軟，是我膽怯 是我當下接下你聯繫的那個瞬間 是我那天說散心也好的夜晚 是我明明畫好了底線，卻讓你一步一步全部突破 姐姐姐姐，聽我一句，睜大你的眼 帶著一身落魄趕來見你的不一定是真心 也可能是上一場戲還沒演完 他嘴裡滿是溫柔、滿是愛、滿是想你 以為你是唯一 其實你只是他劇本裡新加上的一個角色 41歲，我才學會 不舒服的關係，不要不要不要 查看更多 1. 41岁女人对一段不舒服关系的自述（不要了(1).mp3） 
《不要了》完整歌詞｜千曼 ada_kung
（音頻逐句整理原版，未潤色修改）
嗯嗯嗯嗯 嗯 真的不要
耶，Jasmine 拉我去棋牌館殺時間 一百次都沒撞見你那張臉 偏偏今天你出現在二樓門板後面 皺著眉問我誰呀？ 我翻白眼，半句解釋都懶得給你聽 店員叫我上樓等，說牌局快開 你走過來搭話，嘴裡全是發財 什麼賺錢項目，什麼之後詳談 要走我的聯絡方式，笑得太坦然 臨走還摸我的頭 乖一點，安分一點 我41了，你叫我乖
我怕我的苦變成別人的刺 我怕姐妹知道了以後怎麼看她的臉 所以我把嘴閉上，把話全咽進肚裡面 就剩這首歌替我把賬算一遍
爛劇還在演，我還沒走遠 鏡子裡的人問我，你到底看上他哪邊？ 爛劇還在演，劇本爛透了還不換 41歲的女人，不舒服的關係 我不要我不要我不要我不裝了，我不要
耶耶耶耶 你整夜抓著我聊幾個小時不說再見 隔天一早騎那台破車，戴那頂舊安全帽 從萬里騎到京東，就為了約我吃早餐 這副寒酸樣也叫追求，也配叫表演 我心軟嘴快說著你好好努力吧，別出去丟我的臉
不該動的感情就這樣開了第一頁 你約我去萬里看海，說幫我散心 我提前掛號，底線喝酒別開車，訂房要提前 飯吃了，酒喝了，心事全掏空了 你把訂好的客房換成你自己的家 說空房多能陪你過 我就這樣踩進去，一腳深一腳淺 全是錯，全是血
爛劇還在演，我還沒走遠 鏡子裡的人問我，你到底看上他哪邊？ 爛劇還在演，劇本爛透了還不換 41歲的女人，不舒服的關係 我不要我不要我不要 我不要，我不裝了，我不要
手機亮了，是你那邊傳來的訊息 我整個人懵了，像被人從夢裡拽醒 我逼你拿證件，你真的拿出來給我驗 白紙黑字寫著利益，你沒有騙 可上面寫你們從來沒斷過連線 四月我們才認識 三月你還租車帶她出去兜風、留戀
她滿嘴髒話罵我，每個字都刺進耳朵裡 我死死盯著你，你全程沉默一個字不敢接 你不說話，你不解釋，你不擋在我前面 你就站在那裡，像個局外人一樣旁觀這場鬧劇上演
我想斷你不放，我想走你拉著 我從頭到尾都不想介入你們的爛仗 現在只能認栽，怪自己瞎了這雙眼 可我最恨的不是你，是我自己 是我心軟，是我膽怯 是我當下接下你聯繫的那個瞬間 是我那天說散心也好的夜晚 是我明明畫好了底線，卻讓你一步一步全部突破
姐姐姐姐，聽我一句，睜大你的眼 帶著一身落魄趕來見你的不一定是真心 也可能是上一場戲還沒演完 他嘴裡滿是溫柔、滿是愛、滿是想你 以為你是唯一 其實你只是他劇本裡新加上的一個角色
41歲，我才學會 不舒服的關係，不要不要不要
1. 41岁女人对一段不舒服关系的自述（不要了(1).mp3）
留言（ 0 ） 最相關留言 所有留言
留言（ 0 ）",2026-08-14,,AI 協作 Hip hop / Rap,False,False,
2026-08-15 05:45:53,realtime,hip_hop,,,30,Triple C,心記 Demo,1,29,0,https://streetvoice.com/handsome1024/songs/874266/,https://streetvoice.com/handsome1024/,"https://akstatic.streetvoice.com/song_covers/ha/nd/handsome1024/UMt8mdGnxSfPnfRnD3sxdN.jpg?x-oss-process=image/resize,m_fixed,h_1,w_1,limit_0/resize,m_fixed,h_630,w_1200,limit_0/watermark,image_c29uZ19jb3ZlcnMvaGEvbmQvaGFuZHNvbWUxMDI0L1VNdDhtZEdueFNmUG5mUm5EM3N4ZE4uanBnP3gtb3NzLXByb2Nlc3M9aW1hZ2UvcmVzaXplLG1fZml4ZWQsaF8zNDQsd18zNDQsbGltaXRfMA,g_nw,x_428,y_143/watermark,image_YXNzZXQvaW1hZ2VzL21ldGFpbWFnZS1zb25nLnBuZw,g_nw,x_0,y_0",images/874266.jpg,@handsome1024,音樂人,台中市,2023-03-01,,2,2,29,,,https://www.youtube.com/user/StreetVoiceTV,Triple Deer首場泰國演出 360度環繞舞台獲好評|||https://blow.streetvoice.com/87037/?utm_source=streetvoice&utm_medium=profile-news-block; Triple Deer勇奪2025全球音樂獎 11月展開全新巡演企劃《TRUTH OR DEER》|||https://blow.streetvoice.com/84158/?utm_source=streetvoice&utm_medium=profile-news-block; Triple Deer新歌〈Roche limit〉合作饒舌新人soby 11月將推出特別企劃|||https://blow.streetvoice.com/82746/?utm_source=streetvoice&utm_medium=profile-news-block,,Hip hop / Rap,,,,,"他們 不知道我怎樣 我在 半夜胡思亂想 Auh 睡不著 他們叫我別想 我在畏懼不可能的被嗆」*2 不知道在畏懼什麼 我連自己都難以捉摸 做事情也喜歡偷偷 臉上的痘疤都是自己亂摳 我已經三天沒睡 是不是該休 過了這麼久還是不接受平庸 像他們對我能力產生的美夢 I need to grow up雖然我早熟 經歷太多事情我覺得自己晚熟 我找不到出路 未來我該怎麼走 STFU 你們怎麼那麼囉嗦 我清楚你們不希望我一直蹉跎 我對音樂不斷琢磨 我被饒舌不斷拯救 像調理我的全身針灸 我的血液跟著音樂節奏 Sorry to my childhood self 我不在巧虎島 在人生的路摔了一跤 依舊選擇操場跑 我做出的選擇 他們都不知道 就像是醫生說我自律神經失調 半夜 心悸 不斷焦躁 我哥 電話 想要逃跑 PTSD讓我不敢通話 曾經的理想抱負 早就放棄 go up 我沉浸在無線的創作世界 我想要放棄現實所有一切 還是沒有辦法 I need to pay that fucking xi 我還想逃避 但這是必須交的稅 逃避 睡醒 逃避 睡醒 未來 科系 當下 成績 沒有一個能成正比 面對壓力只剩下逃避 羨慕女的摳逼不會喪失陽氣 我的人生剩下不斷啟動飛機 「他們 不知道我怎樣 我在 半夜胡思亂想 Auh 睡不著 他們叫我別想 我在畏懼不可能的被嗆」*2 不知道在畏懼什麼 我連自己都難以捉摸 做事情也喜歡偷偷 臉上的痘疤都是自己亂摳 我已經三天沒睡 是不是該休 過了這麼久還是不接受平庸 像他們對我能力產生的美夢 操他媽的我還是不能接受 
他們 不知道我怎樣 我在 半夜胡思亂想 Auh 睡不著 他們叫我別想 我在畏懼不可能的被嗆」*2 不知道在畏懼什麼 我連自己都難以捉摸 做事情也喜歡偷偷 臉上的痘疤都是自己亂摳 我已經三天沒睡 是不是該休 過了這麼久還是不接受平庸 像他們對我能力產生的美夢 I need to grow up雖然我早熟
經歷太多事情我覺得自己晚熟 我找不到出路 未來我該怎麼走 STFU 你們怎麼那麼囉嗦 我清楚你們不希望我一直蹉跎 我對音樂不斷琢磨 我被饒舌不斷拯救 像調理我的全身針灸 我的血液跟著音樂節奏 Sorry to my childhood self 我不在巧虎島 在人生的路摔了一跤 依舊選擇操場跑 我做出的選擇 他們都不知道 就像是醫生說我自律神經失調 半夜 心悸 不斷焦躁 我哥 電話 想要逃跑 PTSD讓我不敢通話 曾經的理想抱負 早就放棄 go up 我沉浸在無線的創作世界 我想要放棄現實所有一切 還是沒有辦法 I need to pay that fucking xi 我還想逃避 但這是必須交的稅 逃避 睡醒 逃避 睡醒 未來 科系 當下 成績 沒有一個能成正比 面對壓力只剩下逃避 羨慕女的摳逼不會喪失陽氣 我的人生剩下不斷啟動飛機
「他們 不知道我怎樣 我在 半夜胡思亂想 Auh 睡不著 他們叫我別想 我在畏懼不可能的被嗆」*2 不知道在畏懼什麼 我連自己都難以捉摸 做事情也喜歡偷偷 臉上的痘疤都是自己亂摳 我已經三天沒睡 是不是該休 過了這麼久還是不接受平庸 像他們對我能力產生的美夢 操他媽的我還是不能接受
留言（ 0 ） 最相關留言 所有留言
留言（ 0 ）",2026-08-12,,,False,False,
2026-08-15 05:45:53,realtime,hip_hop,,,31,千曼,前妻,0,2,0,https://streetvoice.com/ada_kung/songs/874474/,https://streetvoice.com/ada_kung/,"https://akstatic.streetvoice.com/music_albums/ad/a_/ada_kung/HDAzeNR5y4NDTHWRB8oRyG.jpg?x-oss-process=image/resize,m_fixed,h_1,w_1,limit_0/resize,m_fixed,h_630,w_1200,limit_0/watermark,image_bXVzaWNfYWxidW1zL2FkL2FfL2FkYV9rdW5nL0hEQXplTlI1eTRORFRIV1JCOG9SeUcuanBnP3gtb3NzLXByb2Nlc3M9aW1hZ2UvcmVzaXplLG1fZml4ZWQsaF8zNDQsd18zNDQsbGltaXRfMA,g_nw,x_428,y_143/watermark,image_YXNzZXQvaW1hZ2VzL21ldGFpbWFnZS1zb25nLnBuZw,g_nw,x_0,y_0",images/874474.jpg,@ada_kung,音樂人,,,,21,1,,,,https://www.youtube.com/user/StreetVoiceTV,,,Hip hop / Rap,偏偏清醒,https://streetvoice.com/ada_kung/songs/album/97325895/,,,"這是沒有提供歌詞的歌曲
留言（ 0 ） 最相關留言 所有留言
留言（ 0 ）",2026-08-15,,AI 協作 Hip hop / Rap ・ 偏偏清醒,False,False,
2026-08-15 05:45:53,realtime,hip_hop,,,32,千曼,我生辰他撿回命跟,0,1,0,https://streetvoice.com/ada_kung/songs/874471/,https://streetvoice.com/ada_kung/,"https://akstatic.streetvoice.com/music_albums/ad/a_/ada_kung/HDAzeNR5y4NDTHWRB8oRyG.jpg?x-oss-process=image/resize,m_fixed,h_1,w_1,limit_0/resize,m_fixed,h_630,w_1200,limit_0/watermark,image_bXVzaWNfYWxidW1zL2FkL2FfL2FkYV9rdW5nL0hEQXplTlI1eTRORFRIV1JCOG9SeUcuanBnP3gtb3NzLXByb2Nlc3M9aW1hZ2UvcmVzaXplLG1fZml4ZWQsaF8zNDQsd18zNDQsbGltaXRfMA,g_nw,x_428,y_143/watermark,image_YXNzZXQvaW1hZ2VzL21ldGFpbWFnZS1zb25nLnBuZw,g_nw,x_0,y_0",images/874471.jpg,@ada_kung,音樂人,,,,21,1,,,,https://www.youtube.com/user/StreetVoiceTV,,,Hip hop / Rap,偏偏清醒,https://streetvoice.com/ada_kung/songs/album/97325895/,,,"這是沒有提供歌詞的歌曲
留言（ 0 ） 最相關留言 所有留言
留言（ 0 ）",2026-08-15,,,False,False,
2026-08-15 05:45:53,realtime,hip_hop,,,33,千曼,瞎眼（千曼獻醜）,0,3,0,https://streetvoice.com/ada_kung/songs/874465/,https://streetvoice.com/ada_kung/,"https://akstatic.streetvoice.com/music_albums/ad/a_/ada_kung/fSgV4FDR7rQ7N47CTgzmzF.jpg?x-oss-process=image/resize,m_fixed,h_1,w_1,limit_0/resize,m_fixed,h_630,w_1200,limit_0/watermark,image_bXVzaWNfYWxidW1zL2FkL2FfL2FkYV9rdW5nL2ZTZ1Y0RkRSN3JRN040N0NUZ3ptekYuanBnP3gtb3NzLXByb2Nlc3M9aW1hZ2UvcmVzaXplLG1fZml4ZWQsaF8zNDQsd18zNDQsbGltaXRfMA,g_nw,x_428,y_143/watermark,image_YXNzZXQvaW1hZ2VzL21ldGFpbWFnZS1zb25nLnBuZw,g_nw,x_0,y_0",images/874465.jpg,@ada_kung,音樂人,,,,21,1,,,,https://www.youtube.com/user/StreetVoiceTV,,,Hip hop / Rap,二月二十七我生辰他撿回命根,https://streetvoice.com/ada_kung/songs/album/97325894/,,,"姐妹拉我去棋牌馆消磨时间 百次都没碰见你这自大嘴脸 今天偏偏撞上难搞的你出现 手握冰透淡丽踏梯上二楼前 抬手敲响办公室门你皱眉问我是谁 我翻个白眼懒得解释半句闲言 店员叫我上楼等牌局孽缘从此开篇 你凑近胡乱搭话谎称有赚钱项目牵线 要走我的联系方式说之后再详谈 离开前轻浮摸我头叫我安分乖巧一点 整夜抓着我闲聊数小时不肯说再见 隔天一早你骑破车戴旧盔出现 专程从基隆跑到万里约我吃早餐店面 这副寒酸模样也配叫做追求表演 我心软口快说车借你开别丢脸 不该动的感情序幕就此拉开上演 你约我去万里看海说帮我散心解结 我提前划好底线喝酒别开车订房要提前 谁知饭吃酒喝心事掏空一切 预定客房直接换成你家你说空房多能陪夜 我就这样踩进错爱深渊沦陷 对着镜子痛骂自己眼光太差太贱 当初怎会看上你这副嘴脸 直到手机传来你前妻消息炸裂 我逼问你是否离婚查验证件 证件不假可她坚称从未断开连接 我们四月相识三月你租车带她游玩缠绵 我才醒悟全程被你蒙蔽欺骗 我也骂自己难道我完全无辜可怜 前妻满口脏话辱骂我难听刺耳 我只能死死盯着一旁你的沉默无言以对 我想断绝所有往来你却不肯定放手后退 我从一开始就不想介入你们的纠葛是罪 只能认我当初瞎透了双眼后悔 姐妹又拉我去棋牌馆打发时间 百次都没碰见像你这样的自大狂颜 今天偏偏撞见难相处的这张脸 手拿冰酒踏着木梯走上二楼间 抬手敲响那扇办公室门沿 你皱眉质问我来历和身份 我翻个白眼懒得跟你多费唇舌 店员叫我上楼等牌局孽缘开了头 你凑上来开始胡乱地搭话 谎称有个赚钱项目要找我合作 要走联系方式说以后再细聊 临走轻浮摸我头叫我安分乖巧 整夜抓着我闲聊好几个钟点 隔天一早你骑破车戴旧盔 从基隆跑到万里约我吃早餐 这副寒酸模样也配叫追求 我心软一时口快说车借你开走 不该动心的感情就这样拉开序幕 对着镜子骂自己眼光太差太烂 当初怎么偏偏看上你这模样 直到你前妻消息传到我手机上面 我逼问离婚真假亲眼查验证件 证件不假可她说从未断开牵连 我们四月相识三月你租车带她游玩 我才明白全程被你蒙骗 我也骂自己难道就真的无辜可怜 前妻脏话辱骂我难听刺耳 我只能死死盯着一旁的你无言 想断绝所有往而你却不肯放手 我从不想介入你们之间的纠葛 只能认我当初瞎透了这双眼 对着镜子痛骂自己眼光太差 当初怎会看上你这副嘴脸 直到手机传来你前妻消息炸裂 我逼问你是否离婚查验证件 证件不假可她坚称从未断开连接 我们四月相识三月你租车带她游玩缠绵 我才醒悟全程被你蒙蔽欺骗 我也骂自己难道我完全无辜可怜 前妻满口脏话辱骂我难听刺耳 我只能死死盯着一旁你的沉默无言 我想断绝所有往来你却不肯放手后退 我从一开始就不想介入这纠葛是罪 只能认我当初瞎透了双眼后悔 
姐妹拉我去棋牌馆消磨时间 百次都没碰见你这自大嘴脸 今天偏偏撞上难搞的你出现 手握冰透淡丽踏梯上二楼前 抬手敲响办公室门你皱眉问我是谁 我翻个白眼懒得解释半句闲言 店员叫我上楼等牌局孽缘从此开篇 你凑近胡乱搭话谎称有赚钱项目牵线 要走我的联系方式说之后再详谈 离开前轻浮摸我头叫我安分乖巧一点 整夜抓着我闲聊数小时不肯说再见 隔天一早你骑破车戴旧盔出现 专程从基隆跑到万里约我吃早餐店面 这副寒酸模样也配叫做追求表演 我心软口快说车借你开别丢脸 不该动的感情序幕就此拉开上演 你约我去万里看海说帮我散心解结 我提前划好底线喝酒别开车订房要提前 谁知饭吃酒喝心事掏空一切 预定客房直接换成你家你说空房多能陪夜 我就这样踩进错爱深渊沦陷 对着镜子痛骂自己眼光太差太贱 当初怎会看上你这副嘴脸 直到手机传来你前妻消息炸裂 我逼问你是否离婚查验证件 证件不假可她坚称从未断开连接 我们四月相识三月你租车带她游玩缠绵 我才醒悟全程被你蒙蔽欺骗 我也骂自己难道我完全无辜可怜 前妻满口脏话辱骂我难听刺耳 我只能死死盯着一旁你的沉默无言以对 我想断绝所有往来你却不肯定放手后退 我从一开始就不想介入你们的纠葛是罪 只能认我当初瞎透了双眼后悔 姐妹又拉我去棋牌馆打发时间 百次都没碰见像你这样的自大狂颜 今天偏偏撞见难相处的这张脸 手拿冰酒踏着木梯走上二楼间 抬手敲响那扇办公室门沿 你皱眉质问我来历和身份 我翻个白眼懒得跟你多费唇舌 店员叫我上楼等牌局孽缘开了头 你凑上来开始胡乱地搭话 谎称有个赚钱项目要找我合作 要走联系方式说以后再细聊 临走轻浮摸我头叫我安分乖巧 整夜抓着我闲聊好几个钟点 隔天一早你骑破车戴旧盔 从基隆跑到万里约我吃早餐 这副寒酸模样也配叫追求 我心软一时口快说车借你开走 不该动心的感情就这样拉开序幕 对着镜子骂自己眼光太差太烂 当初怎么偏偏看上你这模样 直到你前妻消息传到我手机上面 我逼问离婚真假亲眼查验证件 证件不假可她说从未断开牵连 我们四月相识三月你租车带她游玩 我才明白全程被你蒙骗 我也骂自己难道就真的无辜可怜 前妻脏话辱骂我难听刺耳 我只能死死盯着一旁的你无言 想断绝所有往而你却不肯放手 我从不想介入你们之间的纠葛 只能认我当初瞎透了这双眼 对着镜子痛骂自己眼光太差 当初怎会看上你这副嘴脸 直到手机传来你前妻消息炸裂 我逼问你是否离婚查验证件 证件不假可她坚称从未断开连接 我们四月相识三月你租车带她游玩缠绵 我才醒悟全程被你蒙蔽欺骗 我也骂自己难道我完全无辜可怜 前妻满口脏话辱骂我难听刺耳 我只能死死盯着一旁你的沉默无言 我想断绝所有往来你却不肯放手后退 我从一开始就不想介入这纠葛是罪 只能认我当初瞎透了双眼后悔
留言（ 0 ） 最相關留言 所有留言
留言（ 0 ）",2026-08-15,,AI 協作 Hip hop / Rap ・ 二月二十七我生辰他撿回命根,False,False,
2026-08-15 05:45:53,realtime,hip_hop,,,34,千曼,粵語相愛擾民,0,2,0,https://streetvoice.com/ada_kung/songs/874452/,https://streetvoice.com/ada_kung/,"https://akstatic.streetvoice.com/music_albums/ad/a_/ada_kung/fSgV4FDR7rQ7N47CTgzmzF.jpg?x-oss-process=image/resize,m_fixed,h_1,w_1,limit_0/resize,m_fixed,h_630,w_1200,limit_0/watermark,image_bXVzaWNfYWxidW1zL2FkL2FfL2FkYV9rdW5nL2ZTZ1Y0RkRSN3JRN040N0NUZ3ptekYuanBnP3gtb3NzLXByb2Nlc3M9aW1hZ2UvcmVzaXplLG1fZml4ZWQsaF8zNDQsd18zNDQsbGltaXRfMA,g_nw,x_428,y_143/watermark,image_YXNzZXQvaW1hZ2VzL21ldGFpbWFnZS1zb25nLnBuZw,g_nw,x_0,y_0",images/874452.jpg,@ada_kung,音樂人,,,,21,1,,,,https://www.youtube.com/user/StreetVoiceTV,,,Hip hop / Rap,二月二十七我生辰他撿回命根,https://streetvoice.com/ada_kung/songs/album/97325894/,,,"[intro] [verse] 相識莫名相愛擾民 萬分機率難再相遇 傷人傷心又傷肺 沒有共同點回憶 [verse] 沒有興趣紀念品 到底在一起什麼東西 嘴掛前妻為前妻做 想來真是可笑至極 [pre-chorus] 如今換人常叫老婆 用老婆做我不理 想到就來氣 [chorus] 前妻被a他誓死保護到底 拿槍袒護要對方利潤降低 我被拷貝只見軟糯說壓力 腦神經快不行 [verse] 我微笑破口大罵 要你有何用不如穿長裙 我真的是對不起 對不起我自己 [pre-chorus] 相識莫名相愛擾民 萬分機率難再相遇 傷人傷心又傷肺 沒有共同點回憶 [chorus] 前妻被a他誓死保護到底 拿槍袒護要對方利潤降低 我被拷貝只見軟糯說壓力 腦神經快不行 [chorus] 前妻被a他誓死保護到底 拿槍袒護要對方利潤降低 我被拷貝只見軟糯說壓力 腦神經快不行 [outro] 
[intro] [verse] 相識莫名相愛擾民 萬分機率難再相遇 傷人傷心又傷肺 沒有共同點回憶 [verse] 沒有興趣紀念品 到底在一起什麼東西 嘴掛前妻為前妻做 想來真是可笑至極 [pre-chorus] 如今換人常叫老婆 用老婆做我不理 想到就來氣 [chorus] 前妻被a他誓死保護到底 拿槍袒護要對方利潤降低 我被拷貝只見軟糯說壓力 腦神經快不行 [verse] 我微笑破口大罵 要你有何用不如穿長裙 我真的是對不起 對不起我自己 [pre-chorus] 相識莫名相愛擾民 萬分機率難再相遇 傷人傷心又傷肺 沒有共同點回憶 [chorus] 前妻被a他誓死保護到底 拿槍袒護要對方利潤降低 我被拷貝只見軟糯說壓力 腦神經快不行 [chorus] 前妻被a他誓死保護到底 拿槍袒護要對方利潤降低 我被拷貝只見軟糯說壓力 腦神經快不行 [outro]
留言（ 0 ） 最相關留言 所有留言
留言（ 0 ）",2026-08-15,,AI 協作 Hip hop / Rap ・ 二月二十七我生辰他撿回命根,False,False,
2026-08-15 05:45:53,realtime,hip_hop,,,35,千曼,宿命之約,0,2,0,https://streetvoice.com/ada_kung/songs/874451/,https://streetvoice.com/ada_kung/,"https://akstatic.streetvoice.com/music_albums/ad/a_/ada_kung/fSgV4FDR7rQ7N47CTgzmzF.jpg?x-oss-process=image/resize,m_fixed,h_1,w_1,limit_0/resize,m_fixed,h_630,w_1200,limit_0/watermark,image_bXVzaWNfYWxidW1zL2FkL2FfL2FkYV9rdW5nL2ZTZ1Y0RkRSN3JRN040N0NUZ3ptekYuanBnP3gtb3NzLXByb2Nlc3M9aW1hZ2UvcmVzaXplLG1fZml4ZWQsaF8zNDQsd18zNDQsbGltaXRfMA,g_nw,x_428,y_143/watermark,image_YXNzZXQvaW1hZ2VzL21ldGFpbWFnZS1zb25nLnBuZw,g_nw,x_0,y_0",images/874451.jpg,@ada_kung,音樂人,,,,21,1,,,,https://www.youtube.com/user/StreetVoiceTV,,,Hip hop / Rap,二月二十七我生辰他撿回命根,https://streetvoice.com/ada_kung/songs/album/97325894/,,,"《重生與生辰的命運之約》完整歌詞 @多阿多 風格：嘻哈、R&B、說唱 他蹲在角落修那張牌桌 背影很瘦像被日子壓過 我偷帶啤酒躲上二樓 坐在他旁邊什麼都沒說 他一開口就像審問我 沒禮貌得讓人想發火 我在心裡罵他夠笨拙 加了聯絡轉身就下樓 可他伸手摸了摸我的頭 那兩秒停了很久 我心裡多年築起的牆 忽然裂開一道口 電話裡他說關了十年 聲音抖得像風在走 我躺在床上聽一個人 講他錯過的春秋 副歌 二月二十七 我的生辰他的重生 千萬分之一 是命運寫的劇本 不是巧合是前世落下的吻 是宇宙在輪迴裡把我們確認 二月二十七 我的生辰他的重生 這不是童話 是宿命敲我的魂 我來到人間他走出深淵 這世界真的有人為你在等 他畫著餅說麻將館再開一間 我笑著聽心裡還在翻白眼 大哥你是誰我們才剛遇見 話說太滿容易被時間打臉 可那天深夜電話打到兩點 耳朵發燙話卻越說越偏 他隨口問我生日是哪一天 我說二月二十七那天 電話那頭忽然安靜了一秒 他失聲說真巧那是他重生的記號 我舉著手機盯著天花板心跳 有些事真的不靠預謀來到 副歌 二月二十七 我的生辰他的重生 千萬分之一 是命運寫的劇本 不是巧合是前世落下的吻 是宇宙在輪迴裡把我們確認 二月二十七 我的生辰他的重生 這不是童話 是宿命敲我的魂 我來到人間他走出深淵 這世界真的有人為你在等 我不信神佛卻在這一刻發愣 像是有人替我守過前世的門 沒喝那碗忘川的水太認真 才會在今生一眼認出你的眼神 
《重生與生辰的命運之約》完整歌詞
@多阿多 風格：嘻哈、R&B、說唱
他蹲在角落修那張牌桌 背影很瘦像被日子壓過 我偷帶啤酒躲上二樓 坐在他旁邊什麼都沒說
他一開口就像審問我 沒禮貌得讓人想發火 我在心裡罵他夠笨拙 加了聯絡轉身就下樓
可他伸手摸了摸我的頭 那兩秒停了很久 我心裡多年築起的牆 忽然裂開一道口
電話裡他說關了十年 聲音抖得像風在走 我躺在床上聽一個人 講他錯過的春秋
副歌
二月二十七 我的生辰他的重生 千萬分之一 是命運寫的劇本 不是巧合是前世落下的吻 是宇宙在輪迴裡把我們確認
二月二十七 我的生辰他的重生 這不是童話 是宿命敲我的魂 我來到人間他走出深淵 這世界真的有人為你在等
他畫著餅說麻將館再開一間 我笑著聽心裡還在翻白眼 大哥你是誰我們才剛遇見 話說太滿容易被時間打臉
可那天深夜電話打到兩點 耳朵發燙話卻越說越偏 他隨口問我生日是哪一天 我說二月二十七那天
電話那頭忽然安靜了一秒 他失聲說真巧那是他重生的記號 我舉著手機盯著天花板心跳 有些事真的不靠預謀來到
副歌
二月二十七 我的生辰他的重生 千萬分之一 是命運寫的劇本 不是巧合是前世落下的吻 是宇宙在輪迴裡把我們確認
二月二十七 我的生辰他的重生 這不是童話 是宿命敲我的魂 我來到人間他走出深淵 這世界真的有人為你在等
我不信神佛卻在這一刻發愣 像是有人替我守過前世的門 沒喝那碗忘川的水太認真 才會在今生一眼認出你的眼神
留言（ 0 ） 最相關留言 所有留言
留言（ 0 ）",2026-08-15,,AI 協作 Hip hop / Rap ・ 二月二十七我生辰他撿回命根,False,False,
2026-08-15 05:45:53,realtime,hip_hop,,,36,千曼,227晦氣日期,0,1,0,https://streetvoice.com/ada_kung/songs/874421/,https://streetvoice.com/ada_kung/,"https://akstatic.streetvoice.com/music_albums/ad/a_/ada_kung/HDAzeNR5y4NDTHWRB8oRyG.jpg?x-oss-process=image/resize,m_fixed,h_1,w_1,limit_0/resize,m_fixed,h_630,w_1200,limit_0/watermark,image_bXVzaWNfYWxidW1zL2FkL2FfL2FkYV9rdW5nL0hEQXplTlI1eTRORFRIV1JCOG9SeUcuanBnP3gtb3NzLXByb2Nlc3M9aW1hZ2UvcmVzaXplLG1fZml4ZWQsaF8zNDQsd18zNDQsbGltaXRfMA,g_nw,x_428,y_143/watermark,image_YXNzZXQvaW1hZ2VzL21ldGFpbWFnZS1zb25nLnBuZw,g_nw,x_0,y_0",images/874421.jpg,@ada_kung,音樂人,,,,21,1,,,,https://www.youtube.com/user/StreetVoiceTV,,,Hip hop / Rap,偏偏清醒,https://streetvoice.com/ada_kung/songs/album/97325895/,,,"這是沒有提供歌詞的歌曲
留言（ 0 ） 最相關留言 所有留言
留言（ 0 ）",2026-08-14,,AI 協作 Hip hop / Rap ・ 偏偏清醒,False,False,
2026-08-15 05:45:53,realtime,hip_hop,,,37,N!ceT!M,點石成金 (ft.雙子GMN),5,166,0,https://streetvoice.com/NICETIM/songs/873396/,https://streetvoice.com/NICETIM/,"https://akstatic.streetvoice.com/song_covers/NI/CE/NICETIM/YCuEURQTZQo3kQqKGbbXTL.jpeg?x-oss-process=image/resize,m_fixed,h_1,w_1,limit_0/resize,m_fixed,h_630,w_1200,limit_0/watermark,image_c29uZ19jb3ZlcnMvTkkvQ0UvTklDRVRJTS9ZQ3VFVVJRVFpRbzNrUXFLR2JiWFRMLmpwZWc_eC1vc3MtcHJvY2Vzcz1pbWFnZS9yZXNpemUsbV9maXhlZCxoXzM0NCx3XzM0NCxsaW1pdF8w,g_nw,x_428,y_143/watermark,image_YXNzZXQvaW1hZ2VzL21ldGFpbWFnZS1zb25nLnBuZw,g_nw,x_0,y_0",images/873396.jpeg,@NICETIM,音樂人,,,2022-02-24 18:05,14,211,8,,https://www.instagram.com/timgamestory,https://www.youtube.com/channel/UCGTVXYyeBAfNkAV0jhS1-5Q/featured,,,Hip hop / Rap,都市風雲兒,https://streetvoice.com/NICETIM/songs/album/97325857/,,,"掏 心 掏 肺 來成為我的backing 在這麼大的city 甘 願做我的背景 哦讓我變得清醒 拿得起也放的輕 感染妳的激情 我要點石變成金 掏 心 掏 肺 來成為我的backing 在這麼大的city 甘 願做我的背景 哦讓我變得清醒 拿得起也放的輕 感染妳的激情 我要點石變成金 封閉的心 受到妳的鼓舞 像阿基里斯 但 我拒絕再屠戮 挑一張白紙 塗上Lover sign 攪進來 不過normal life (雙子GMN) 當星辰黯淡後 能看見妳閃爍的眼眸 情緒 就像泛舟 不小心我就會臉紅 妳像 寒冬的火把 遇見妳後我把 心倒出 成我憂鬱的清道夫 幸福臉多傻 這片寂靜的海洋我來過 將勇氣也埋沒 但有妳後我來拓 世界的攻略我來破 妳說妳多疑心也玻璃我會帶妳脫離 擔心是多餘 未來不boring條件心是 for me 將時間give me 情慾就歇斯底里 怎麼發展皆是以妳 拜託理智hit me hit me ya I'm a Fool 就掉入 妳的心裡咬住 我不想走 我不想走 想在妳生命跳舞 掏 心 掏 肺 來成為我的backing 在這麼大的city 甘 願做我的背景 哦讓我變得清醒 拿得起也放的輕 感染妳的激情 我要點石變成金 封閉的心 受到妳的鼓舞 像阿基里斯 但 我拒絕再屠戮 挑一張白紙 塗上Lover sign 攪進來 不過normal life 沒見妳不過three days 我心裡像是空了位 遇見妳時感情有空窗其他男孩瞎了眼 愛紀錄妳笑顏 photo湊成一本magazine 我一直很努力 但不知道do anything for who Now I can do anything for you 主動報備從來不會含糊 妳是強盜我會break my rules shawty ,you always make me lose my cool 每當見妳我的心跳飛離地平線 妳總能抓住金探子像騎光輪有千里眼 最期待跟妳逛街把妳整個人推進試衣間 我最父權的思維就是每天都想過付清節 掏 心 掏 肺 來成為我的backing 在這麼大的city 甘願做我的背景 哦讓我變得清醒 拿得起也放的輕 感染妳的激情 我要點石變成金 封閉的心 受到妳的鼓舞 像阿基里斯 但 我拒絕再屠戮 挑一張白紙 塗上Lover sign 攪進來 不過normal life 
掏 心 掏 肺 來成為我的backing 在這麼大的city 甘 願做我的背景 哦讓我變得清醒 拿得起也放的輕 感染妳的激情 我要點石變成金
掏 心 掏 肺 來成為我的backing 在這麼大的city 甘 願做我的背景 哦讓我變得清醒 拿得起也放的輕 感染妳的激情 我要點石變成金 封閉的心 受到妳的鼓舞 像阿基里斯 但 我拒絕再屠戮 挑一張白紙 塗上Lover sign 攪進來 不過normal life
(雙子GMN) 當星辰黯淡後 能看見妳閃爍的眼眸 情緒 就像泛舟 不小心我就會臉紅 妳像 寒冬的火把 遇見妳後我把 心倒出 成我憂鬱的清道夫 幸福臉多傻 這片寂靜的海洋我來過 將勇氣也埋沒 但有妳後我來拓 世界的攻略我來破 妳說妳多疑心也玻璃我會帶妳脫離 擔心是多餘 未來不boring條件心是 for me 將時間give me 情慾就歇斯底里 怎麼發展皆是以妳 拜託理智hit me hit me ya I'm a Fool 就掉入 妳的心裡咬住 我不想走 我不想走 想在妳生命跳舞
掏 心 掏 肺 來成為我的backing 在這麼大的city 甘 願做我的背景 哦讓我變得清醒 拿得起也放的輕 感染妳的激情 我要點石變成金 封閉的心 受到妳的鼓舞 像阿基里斯 但 我拒絕再屠戮 挑一張白紙 塗上Lover sign 攪進來 不過normal life
沒見妳不過three days 我心裡像是空了位 遇見妳時感情有空窗其他男孩瞎了眼 愛紀錄妳笑顏 photo湊成一本magazine 我一直很努力 但不知道do anything for who Now I can do anything for you 主動報備從來不會含糊 妳是強盜我會break my rules shawty ,you always make me lose my cool 每當見妳我的心跳飛離地平線 妳總能抓住金探子像騎光輪有千里眼 最期待跟妳逛街把妳整個人推進試衣間 我最父權的思維就是每天都想過付清節
掏 心 掏 肺 來成為我的backing 在這麼大的city 甘願做我的背景 哦讓我變得清醒 拿得起也放的輕 感染妳的激情 我要點石變成金 封閉的心 受到妳的鼓舞 像阿基里斯 但 我拒絕再屠戮 挑一張白紙 塗上Lover sign 攪進來 不過normal life
留言（ 0 ） 最相關留言 所有留言
留言（ 0 ）",2026-08-07,,,False,False,
2026-08-15 05:45:53,realtime,hip_hop,,,38,脸是熊MTUT,紅樹林下稍息,1,23,0,https://streetvoice.com/MichaelTut/songs/874152/,https://streetvoice.com/MichaelTut/,"https://akstatic.streetvoice.com/song_covers/Mi/ch/MichaelTut/CUx4Xytum8rHMGSt75FKi5.jpeg?x-oss-process=image/resize,m_fixed,h_1,w_1,limit_0/resize,m_fixed,h_630,w_1200,limit_0/watermark,image_c29uZ19jb3ZlcnMvTWkvY2gvTWljaGFlbFR1dC9DVXg0WHl0dW04ckhNR1N0NzVGS2k1LmpwZWc_eC1vc3MtcHJvY2Vzcz1pbWFnZS9yZXNpemUsbV9maXhlZCxoXzM0NCx3XzM0NCxsaW1pdF8w,g_nw,x_428,y_143/watermark,image_YXNzZXQvaW1hZ2VzL21ldGFpbWFnZS1zb25nLnBuZw,g_nw,x_0,y_0",images/874152.jpeg,@MichaelTut,音樂人,美國,2019-08-01,,8,4,1,,,https://www.youtube.com/user/StreetVoiceTV,,,Hip hop / Rap,紅樹林下稍息 SHENZHEN MANGROVE NATURE RESERVE,https://streetvoice.com/MichaelTut/songs/album/97325888/,,,"動態歌詞
混音：臉是熊 製作人：臉是熊 感受到你吸引力 就一定靠你過來的別擔心 樹蔭下的收音機 站著稍息 逃離消息 在踩草地 紅樹林下帶耳機 誰發的簡訊我不想聽 我留給世界秘密 會是風的聲音 吹過雨季 天陰或是天晴 面前都是公路 不一樣的車子路線總是重複 要學會融入，共處或共赴 大樓反射陽光反而形成濃霧 現在都太難比專注 需要趕三分四十秒的匆促 羨慕外面自由的松鼠 想去外頭總又擔心中暑 I gotta say 總是往前我總會累 別擋我入睡 每天一杯咖啡 隨便時間浪費 建議你當烏龜 那些衝得快的兔子其實都無所謂 反正終點只是另一個起點在排隊 那就不如在途中故意多休息幾回 千萬別強求機會 感受到你吸引力 就一定靠你過來的別擔心 樹蔭下的收音機 站著稍息 逃離消息 在踩草地 紅樹林下帶耳機 誰發的簡訊我不想聽 我留給世界秘密 會是風的聲音 吹過雨季 天陰或是天晴 看到媽媽告訴小孩距離高考還剩2627天 就開始倒計時 雖然大好時光但是非要用在「正道」 好多娛樂不能體驗 小心思要抑制 但不能不警示 眼一閉一睜 一輩子太短 對孩子哪來麼多違禁的事 要注意給內心的健康做體檢 少為了不重要的目標再去立些無謂的誓 真正無畏的事 是考慮喜好不為得失 獨自日思夜想導致你入睡的遲 可能是錯的事 不理智多的是 好比是 我上次數學課數拍子 畫琴鍵不為了應試 不陪小孩玩的家長想預防電子產品侵蝕 但騙子竟是他們自己 要保護孩子氣 告訴你今日禁止思考煩心事 多出來玩 才能避免近視 感受到你吸引力 就一定會靠你過來的別擔心 樹蔭下的收音機 站著稍息 逃離消息 在踩草地 紅樹林下帶耳機 誰發的簡訊我不想聽 我留給世界秘密 會是風的聲音 吹過雨季 天陰或是天晴 
混音：臉是熊
製作人：臉是熊
感受到你吸引力
就一定靠你過來的別擔心
樹蔭下的收音機
站著稍息
逃離消息
在踩草地
紅樹林下帶耳機
誰發的簡訊我不想聽
我留給世界秘密
會是風的聲音
吹過雨季
天陰或是天晴
面前都是公路
不一樣的車子路線總是重複
要學會融入，共處或共赴
大樓反射陽光反而形成濃霧
現在都太難比專注
需要趕三分四十秒的匆促
羨慕外面自由的松鼠
想去外頭總又擔心中暑
I gotta say
總是往前我總會累
別擋我入睡
每天一杯咖啡
隨便時間浪費
建議你當烏龜
那些衝得快的兔子其實都無所謂
反正終點只是另一個起點在排隊
那就不如在途中故意多休息幾回
千萬別強求機會
感受到你吸引力
就一定靠你過來的別擔心
樹蔭下的收音機
站著稍息
逃離消息
在踩草地
紅樹林下帶耳機
誰發的簡訊我不想聽
我留給世界秘密
會是風的聲音
吹過雨季
天陰或是天晴
看到媽媽告訴小孩距離高考還剩2627天
就開始倒計時
雖然大好時光但是非要用在「正道」
好多娛樂不能體驗
小心思要抑制
但不能不警示
眼一閉一睜
一輩子太短
對孩子哪來麼多違禁的事
要注意給內心的健康做體檢
少為了不重要的目標再去立些無謂的誓
真正無畏的事
是考慮喜好不為得失
獨自日思夜想導致你入睡的遲
可能是錯的事
不理智多的是
好比是
我上次數學課數拍子
畫琴鍵不為了應試
不陪小孩玩的家長想預防電子產品侵蝕
但騙子竟是他們自己
要保護孩子氣
告訴你今日禁止思考煩心事
多出來玩
才能避免近視
感受到你吸引力
就一定會靠你過來的別擔心
樹蔭下的收音機
站著稍息
逃離消息
在踩草地
紅樹林下帶耳機
誰發的簡訊我不想聽
我留給世界秘密
會是風的聲音
吹過雨季
天陰或是天晴
留言（ 0 ） 最相關留言 所有留言
留言（ 0 ）",2026-08-12,,,False,False,
2026-08-15 05:45:53,realtime,hip_hop,,,39,Hanjane韓珍,Blacksong,2,22,4,https://streetvoice.com/Hanjane_DEM/songs/870054/,https://streetvoice.com/Hanjane_DEM/,"https://akstatic.streetvoice.com/music_albums/Ha/nj/Hanjane_DEM/bySzn7VRzNQUpp8HBEoHrQ.jpg?x-oss-process=image/resize,m_fixed,h_1,w_1,limit_0/resize,m_fixed,h_630,w_1200,limit_0/watermark,image_bXVzaWNfYWxidW1zL0hhL25qL0hhbmphbmVfREVNL2J5U3puN1ZSek5RVXBwOEhCRW9IclEuanBnP3gtb3NzLXByb2Nlc3M9aW1hZ2UvcmVzaXplLG1fZml4ZWQsaF8zNDQsd18zNDQsbGltaXRfMA,g_nw,x_428,y_143/watermark,image_YXNzZXQvaW1hZ2VzL21ldGFpbWFnZS1zb25nLnBuZw,g_nw,x_0,y_0",images/870054.jpg,@Hanjane_DEM,音樂人,,,,14,3,3,,,https://www.youtube.com/user/StreetVoiceTV,,,Hip hop / Rap,Girl On The Hearts,https://streetvoice.com/Hanjane_DEM/songs/album/97325671/,,"上網時是否有遇到黑粉呢？每一次遇到黑粉都很想送他們一個 F Word 但因為要保持現象所以無法說出口 當然這個時候這首歌就拍上用場了！ 以嘻哈混合 Nu-Disco 的曲風去回擊那些黑粉吧！ 
上網時是否有遇到黑粉呢？每一次遇到黑粉都很想送他們一個 F Word 但因為要保持現象所以無法說出口 當然這個時候這首歌就拍上用場了！ 以嘻哈混合 Nu-Disco 的曲風去回擊那些黑粉吧！","[Intro] Yeahhhh~, Your Regina is back! She carried a sign that read, ""Blacksong is going to give to... anti-fans."" (Wow!) [Chorus] 你為我的貼文留下了一則負評，謝謝你的幫助 為我的事業增加了一大筆的收入 我開著我的演唱會，你只能看著你的 hate 謝謝你的負評讓我笑了一夜又一年，回想起你的言論還是可笑又可憐！ (Hahaha~) Oops!, Older than me~ [Verse-1] 說著我的外貌與身材有問題，沒事就愛挑我語病 But I'm sorry, I'm only seventeen, 但你就像一個 Kids 在鬧脾氣 You know my personality is a bit ""harsh"", 但你總是無限次的 Touch (Oh...) 看著我沒有任何傷害，反而在鍵盤上敲斷手指，才換來一聲 “Ouch!” [Pre-Chorus-1] 一位二十歲的人叫我減肥，在網路上謾罵著我的容顏 不知道智商不代表成績，感覺像沒上過小學 抓錯字抓的太明顯，轉頭問網友怎麼應對？ (Hmm, what should I say... Thanks for your watching? Hmm, no, Haha~) [Chorus] 你為我的貼文留下了一則負評，謝謝你的幫助 為我的事業增加了一大筆的收入 我開著我的演唱會，你只能看著你的 hate 謝謝你的負評讓我笑了一夜又一年，回想起你的言論還是可笑又可憐！ (Hahaha~) Oops!, Older than me~ [Verse-2] (Ha... continue your performance.) You said ""bleh-blah-blah"" 就是為了 Talk it, Talk it 噴了一大堆垃圾話，顯得自己比較大尾 (Ew~) 挖掉自己的眼睛，就是為了 Talk Shit (Talk Shit~) 胡亂表達不需要的觀點，評論著沒人問你的抹黑 Thank you so much, you jerk~ (haha~) [Pre-Chorus-2] “Oh-la-la-la-la, 你都不聽這些觀點, Oh-la-la-la-la, You deserve your retribution it” 這就是我常收到的留言 不要以為我不知道你的手指還在出血~ 我早就突破你那傳統的觀點~ (Ha-ah-ah-ah!) [Chorus] 你為我的貼文留下了一則負評，謝謝你的幫助 為我的事業增加了一大筆的收入 期待有一天你會從垃圾桶中找到閃閃發光的 Me..., Me-e-e-e-e [Bridge] 我回了一個笑臉，你就氣到瘋掉 (Na~) 一句一句的冷靜，回應著你的無理取鬧 (Oh~) 你為了我把手指全部掰掉 (Ouch!) 螢幕後你的無聲尖叫... 現在... 是誰想逃？ [Chorus] 你為我的貼文留下了一則負評，謝謝你的幫助 為我的事業增加了一大筆的收入 期待有一天你會從垃圾桶中找到閃閃發光的 Me 我開著我的演唱會，你只能看著你的 hate 謝謝你的負評讓我笑了一夜又一年，回想起你的言論還是可笑又可憐！ (Hahaha~) Oops!, Older than me... 
[Intro] Yeahhhh~, Your Regina is back! She carried a sign that read, ""Blacksong is going to give to... anti-fans."" (Wow!)
[Chorus] 你為我的貼文留下了一則負評，謝謝你的幫助 為我的事業增加了一大筆的收入 我開著我的演唱會，你只能看著你的 hate 謝謝你的負評讓我笑了一夜又一年，回想起你的言論還是可笑又可憐！ (Hahaha~) Oops!, Older than me~
[Verse-1] 說著我的外貌與身材有問題，沒事就愛挑我語病 But I'm sorry, I'm only seventeen, 但你就像一個 Kids 在鬧脾氣 You know my personality is a bit ""harsh"", 但你總是無限次的 Touch (Oh...) 看著我沒有任何傷害，反而在鍵盤上敲斷手指，才換來一聲 “Ouch!”
[Pre-Chorus-1] 一位二十歲的人叫我減肥，在網路上謾罵著我的容顏 不知道智商不代表成績，感覺像沒上過小學 抓錯字抓的太明顯，轉頭問網友怎麼應對？ (Hmm, what should I say... Thanks for your watching? Hmm, no, Haha~)
[Chorus] 你為我的貼文留下了一則負評，謝謝你的幫助 為我的事業增加了一大筆的收入 我開著我的演唱會，你只能看著你的 hate 謝謝你的負評讓我笑了一夜又一年，回想起你的言論還是可笑又可憐！ (Hahaha~) Oops!, Older than me~
[Verse-2] (Ha... continue your performance.) You said ""bleh-blah-blah"" 就是為了 Talk it, Talk it 噴了一大堆垃圾話，顯得自己比較大尾 (Ew~) 挖掉自己的眼睛，就是為了 Talk Shit (Talk Shit~) 胡亂表達不需要的觀點，評論著沒人問你的抹黑 Thank you so much, you jerk~ (haha~)
[Pre-Chorus-2] “Oh-la-la-la-la, 你都不聽這些觀點, Oh-la-la-la-la, You deserve your retribution it” 這就是我常收到的留言 不要以為我不知道你的手指還在出血~ 我早就突破你那傳統的觀點~ (Ha-ah-ah-ah!)
[Chorus] 你為我的貼文留下了一則負評，謝謝你的幫助 為我的事業增加了一大筆的收入 期待有一天你會從垃圾桶中找到閃閃發光的 Me..., Me-e-e-e-e
[Bridge] 我回了一個笑臉，你就氣到瘋掉 (Na~) 一句一句的冷靜，回應著你的無理取鬧 (Oh~) 你為了我把手指全部掰掉 (Ouch!) 螢幕後你的無聲尖叫... 現在... 是誰想逃？
[Chorus] 你為我的貼文留下了一則負評，謝謝你的幫助 為我的事業增加了一大筆的收入 期待有一天你會從垃圾桶中找到閃閃發光的 Me 我開著我的演唱會，你只能看著你的 hate 謝謝你的負評讓我笑了一夜又一年，回想起你的言論還是可笑又可憐！ (Hahaha~) Oops!, Older than me...
留言（ 4 ） 最相關留言 所有留言
留言（ 4 ）",2026-08-12,,AI 協作 Hip hop / Rap ・ Girl On The Hearts,False,False,
2026-08-15 05:45:53,realtime,hip_hop,,,40,向黑 Sean.A,或許有些,1,11,0,https://streetvoice.com/qyc_920/songs/874244/,https://streetvoice.com/qyc_920/,"https://akstatic.streetvoice.com/song_covers/qy/c_/qyc_920/U6HcouioM7RHQSk4DEsYfj.jpg?x-oss-process=image/resize,m_fixed,h_1,w_1,limit_0/resize,m_fixed,h_630,w_1200,limit_0/watermark,image_c29uZ19jb3ZlcnMvcXkvY18vcXljXzkyMC9VNkhjb3Vpb003UkhRU2s0REVzWWZqLmpwZz94LW9zcy1wcm9jZXNzPWltYWdlL3Jlc2l6ZSxtX2ZpeGVkLGhfMzQ0LHdfMzQ0LGxpbWl0XzA,g_nw,x_428,y_143/watermark,image_YXNzZXQvaW1hZ2VzL21ldGFpbWFnZS1zb25nLnBuZw,g_nw,x_0,y_0",images/874244.jpg,@qyc_920,音樂人,台東縣,2020-01-01,2024-03-27 11:56,30,101,20,,https://www.instagram.com/dazzle.boi,https://youtube.com/@rlong0920,,,Hip hop / Rap,,,,"或許吧 
或許吧","或許有些 風景不該屬於我 相信妳也相信過 我 挽留的話不再說出口 在你權衡利弊後 或許哪天 我也能學會灑脫 不再追問錯過了什麼 那些沒能抵達的承諾 留給歲月慢慢帶走 I don’t know why I don’t know why you had to go. Maybe we were never meant to know 至少離開之前讓我牽著妳的手 走 溫柔不該停留在這裡 為彼此留下了深刻痕跡 有些答案本就沒伏筆 又是誰在等待著奇蹟 已經一點兩點三點 為什麼都不會累 翻了四圈五圈六圈 要怎麼入睡 想妳七回八回九回 七回八回九回 就會見面嗎 我不知道 不敢戒菸呀 想妳瘋掉 或許有些 風景不該屬於我 相信妳也相信過 我 挽留的話不再說出口 在你權衡利弊後 或許哪天 我也能學會灑脫 不再追問錯過了什麼 那些沒能抵達的承諾 留給歲月慢慢帶走 
或許有些 風景不該屬於我 相信妳也相信過 我 挽留的話不再說出口 在你權衡利弊後 或許哪天 我也能學會灑脫 不再追問錯過了什麼 那些沒能抵達的承諾 留給歲月慢慢帶走
I don’t know why I don’t know why you had to go. Maybe we were never meant to know 至少離開之前讓我牽著妳的手 走 溫柔不該停留在這裡 為彼此留下了深刻痕跡 有些答案本就沒伏筆 又是誰在等待著奇蹟 已經一點兩點三點 為什麼都不會累 翻了四圈五圈六圈 要怎麼入睡 想妳七回八回九回 七回八回九回 就會見面嗎 我不知道 不敢戒菸呀 想妳瘋掉
或許有些 風景不該屬於我 相信妳也相信過 我 挽留的話不再說出口 在你權衡利弊後 或許哪天 我也能學會灑脫 不再追問錯過了什麼 那些沒能抵達的承諾 留給歲月慢慢帶走
留言（ 0 ） 最相關留言 所有留言
留言（ 0 ）",2026-08-12,,,False,False,
2026-08-15 05:45:53,realtime,hip_hop,,,41,Half studio,暗潮 Dark Tide || Offical Music,1,11,1,https://streetvoice.com/Shaung8888/songs/874192/,https://streetvoice.com/Shaung8888/,"https://akstatic.streetvoice.com/song_covers/Sh/au/Shaung8888/RcGahoaBzfTHnxVbYZRqsZ.jpeg?x-oss-process=image/resize,m_fixed,h_1,w_1,limit_0/resize,m_fixed,h_630,w_1200,limit_0/watermark,image_c29uZ19jb3ZlcnMvU2gvYXUvU2hhdW5nODg4OC9SY0dhaG9hQnpmVEhueFZiWVpScXNaLmpwZWc_eC1vc3MtcHJvY2Vzcz1pbWFnZS9yZXNpemUsbV9maXhlZCxoXzM0NCx3XzM0NCxsaW1pdF8w,g_nw,x_428,y_143/watermark,image_YXNzZXQvaW1hZ2VzL21ldGFpbWFnZS1zb25nLnBuZw,g_nw,x_0,y_0",images/874192.jpeg,@Shaung8888,音樂人,,,,2,4,3,,,https://www.youtube.com/user/StreetVoiceTV,金屬通電哈扣不變 專訪暴走 DJ：Billy Drummed|||https://blow.streetvoice.com/34453/?utm_source=streetvoice&utm_medium=profile-news-block,,Hip hop / Rap,暗潮 Dark Tide,https://streetvoice.com/Shaung8888/songs/album/97325892/,,"🔥 🔥🔥【重磅上線】🔥🔥🔥 重拍暗黑 Trap 新紀元。 立即收聽 Half studio 最新單曲《暗潮 Dark Tide》。 沉寂已久的心跳已經回歸。感受深淵的律動。咚... 咚... 咚... 深度解析《暗潮 Dark Tide》 他們以為我死了。他們錯了。 Half studio 榮譽呈獻 《暗潮 Dark Tide》，這是一場直擊復仇與覺醒心理深淵的聽覺盛宴。 不只是一首歌，這是一次從地底發出的宣言， 一次建立在骨骼破碎般 Trap 節奏和冷酷 Flow 上的電影級審判。 忘記那些虛偽的和平吧。 《暗潮》是你腳下裂縫正在無聲變形的聲音。 體驗 Half studio 如何將多年的沉默與痛苦，轉化為具有爆發力的聽覺體驗，將你拉入一個黑暗即是力量、仁慈已成遺跡的世界。 「我在深淵潛伏太久，甚至忘了光的溫度……卻沒看見腳下的裂縫，正在無聲地變形。閉上嘴，這不是求饒的環節。」 = 製作團隊 Connect with Half studio = = Artist/Production/Engineering/Compose/Lrc: Half studio 
🔥 🔥🔥【重磅上線】🔥🔥🔥 重拍暗黑 Trap 新紀元。 立即收聽 Half studio 最新單曲《暗潮 Dark Tide》。 沉寂已久的心跳已經回歸。感受深淵的律動。咚... 咚... 咚...
深度解析《暗潮 Dark Tide》 他們以為我死了。他們錯了。 Half studio 榮譽呈獻 《暗潮 Dark Tide》，這是一場直擊復仇與覺醒心理深淵的聽覺盛宴。 不只是一首歌，這是一次從地底發出的宣言， 一次建立在骨骼破碎般 Trap 節奏和冷酷 Flow 上的電影級審判。
忘記那些虛偽的和平吧。 《暗潮》是你腳下裂縫正在無聲變形的聲音。 體驗 Half studio 如何將多年的沉默與痛苦，轉化為具有爆發力的聽覺體驗，將你拉入一個黑暗即是力量、仁慈已成遺跡的世界。
「我在深淵潛伏太久，甚至忘了光的溫度……卻沒看見腳下的裂縫，正在無聲地變形。閉上嘴，這不是求饒的環節。」
= 製作團隊 Connect with Half studio = = Artist/Production/Engineering/Compose/Lrc: Half studio","動態歌詞
暗潮 Dark Tide Artist: Half studio Production/Enigneering : Half studio Compose/Lrc : Half studio Yeah 聽到了嗎？那種聲音 就像是地底下的心跳 咚... 咚... 咚... 他們以為我死了，哈 太天真了 我在深淵潛伏太久，甚至忘了光的溫度 把痛苦當作養分，這頓晚餐特別豐富 你們在上面開香檳，慶祝虛偽的和平 卻沒看見腳下的裂縫，正在無聲地變形 閉上嘴，這不是求饒的環節 把恐懼吞進肚子，看我怎麼改寫章節 那些曾經踩著我頭顱往上爬的廢物 現在該把欠我的利息，全部都給我背負 暗潮湧動，沒人能夠逃脫 黑暗力量覺醒，就在這一刻 我要把這世界染成我的顏色 反擊的號角，不需要任何仁慈的施捨 Watch out, watch out, 這是我的主場 所有虛假的光明，全部給我退場 暗潮湧動，巨浪已經掀起 這一次，誰都別想再跟我講道理 看看鏡子裡的自己，瞳孔已經變黑 不再需要那些沒用的同情和眼淚 我是復仇的化身，是你們噩夢的具象 把那些所謂的規則，全部撕碎在路上 yeah Trap beat 這麼重，像是心臟被重擊 我的 Flow 像機關槍，掃射你們的虛情假意 別想跑，這座城市已經被我封鎖 每一寸陰影裡，都有我的兄弟在等候 累積了多少年的恨，現在一次爆發 這不是演習，這是最後的審判， 別在那裡驚訝 你們建立的高塔，地基早就已經爛透 只要我輕輕一推，就能看見毀滅的節奏 所有的隱忍 所有的傷痕 所有的沉默 都在等這這一瞬 (噓... 聽到了嗎？崩塌的聲音) 暗潮湧動，沒人能夠逃脫 黑暗力量覺醒，就在這一刻 我要把這世界染成我的顏色 反擊的號角，不需要任何仁慈的施捨 Watch out, watch out, 這是我的主場 所有虛假的光明，全部給我退場 暗潮湧動，巨浪已經掀起 這一次，誰都別想再跟我講道理 這只是開始 黑暗還沒降臨 你們祈禱吧 雖然祈禱也沒用 Yeah Dark Tide rising... Game over. Artist: Half studio Production/Enigneering : Half studio Compose/Lrc : Half studio 
暗潮 Dark Tide Artist: Half studio Production/Enigneering : Half studio Compose/Lrc : Half studio Yeah 聽到了嗎？那種聲音 就像是地底下的心跳 咚... 咚... 咚... 他們以為我死了，哈 太天真了 我在深淵潛伏太久，甚至忘了光的溫度 把痛苦當作養分，這頓晚餐特別豐富 你們在上面開香檳，慶祝虛偽的和平 卻沒看見腳下的裂縫，正在無聲地變形 閉上嘴，這不是求饒的環節
把恐懼吞進肚子，看我怎麼改寫章節 那些曾經踩著我頭顱往上爬的廢物 現在該把欠我的利息，全部都給我背負 暗潮湧動，沒人能夠逃脫 黑暗力量覺醒，就在這一刻 我要把這世界染成我的顏色 反擊的號角，不需要任何仁慈的施捨 Watch out, watch out, 這是我的主場 所有虛假的光明，全部給我退場 暗潮湧動，巨浪已經掀起 這一次，誰都別想再跟我講道理 看看鏡子裡的自己，瞳孔已經變黑 不再需要那些沒用的同情和眼淚 我是復仇的化身，是你們噩夢的具象 把那些所謂的規則，全部撕碎在路上 yeah Trap beat 這麼重，像是心臟被重擊 我的 Flow 像機關槍，掃射你們的虛情假意 別想跑，這座城市已經被我封鎖 每一寸陰影裡，都有我的兄弟在等候 累積了多少年的恨，現在一次爆發 這不是演習，這是最後的審判， 別在那裡驚訝 你們建立的高塔，地基早就已經爛透 只要我輕輕一推，就能看見毀滅的節奏 所有的隱忍 所有的傷痕 所有的沉默 都在等這這一瞬 (噓... 聽到了嗎？崩塌的聲音) 暗潮湧動，沒人能夠逃脫 黑暗力量覺醒，就在這一刻 我要把這世界染成我的顏色 反擊的號角，不需要任何仁慈的施捨 Watch out, watch out, 這是我的主場 所有虛假的光明，全部給我退場 暗潮湧動，巨浪已經掀起 這一次，誰都別想再跟我講道理 這只是開始 黑暗還沒降臨 你們祈禱吧 雖然祈禱也沒用 Yeah Dark Tide rising... Game over.
Artist: Half studio Production/Enigneering : Half studio Compose/Lrc : Half studio
留言（ 1 ） 最相關留言 所有留言
留言（ 1 ）",2026-08-12,,,False,False,
2026-08-15 05:45:53,realtime,hip_hop,,,42,D-R¥DE,Forever,2,57,1,https://streetvoice.com/ttt_ryder/songs/873439/,https://streetvoice.com/ttt_ryder/,"https://akstatic.streetvoice.com/song_covers/tt/t_/ttt_ryder/RDrxzkfknbtJNfeGTaosPp.jpg?x-oss-process=image/resize,m_fixed,h_1,w_1,limit_0/resize,m_fixed,h_630,w_1200,limit_0/watermark,image_c29uZ19jb3ZlcnMvdHQvdF8vdHR0X3J5ZGVyL1JEcnh6a2ZrbmJ0Sk5mZUdUYW9zUHAuanBnP3gtb3NzLXByb2Nlc3M9aW1hZ2UvcmVzaXplLG1fZml4ZWQsaF8zNDQsd18zNDQsbGltaXRfMA,g_nw,x_428,y_143/watermark,image_YXNzZXQvaW1hZ2VzL21ldGFpbWFnZS1zb25nLnBuZw,g_nw,x_0,y_0",images/873439.jpg,@ttt_ryder,音樂人,,,,8,3,3,,,https://www.youtube.com/user/StreetVoiceTV,,,Hip hop / Rap,,,,"我IG是@cheng.hong0501 
我IG是@cheng.hong0501","我想過陪在你的身邊forever 哪怕是天塌了我依然在這 耳機裡聽著那首寫給你的情歌 如果這是夢境 我就不醒了 And I try so hard, and I try so hard. 遇到你總是說不出口心中的真心話 沒有了你就像是我沒了家 什麼時候才能變成你籌碼 只有一個夢想就是陪在你身旁 永遠忘不掉你 儲存在我心頭上 When I see your face 美貌讓別人都嫉妒 想成為你的誰 成為你最堅強的庇護 每當你落下 化為你的翅膀 迷失了方向 就讓我為你導航 說過的每句話 都放在了心上 還是深愛著你 衝動停不下 那些回憶還在腦中繞 feel so empty when you're not around 是真心誠意想要對你好 I fall in love 我想過陪在你的身邊forever 哪怕是天塌了我依然在這 耳機裡聽著那首寫給你的情歌 如果這是夢境 我就不醒了 And I try so hard, and I try so hard. 遇到你總是說不出口心中的真心話 沒有了你就像是我沒了家 什麼時候才能變成你籌碼 baby 你是我的愛你是我的唯一 脖子上掛著 去年送我的圍巾 你想要什麼東西我都給你 一個人的時後 有我陪你 那些回憶還在腦中繞 feel so empty when you're not around 是真心誠意想要對你好 I fall in love 我想過陪在你的身邊forever 哪怕是天塌了我依然在這 耳機裡聽著那首寫給你的情歌 如果這是夢境 我就不醒了 And I try so hard, and I try so hard. 遇到你總是說不出口心中的真心話 沒有了你就像是我沒了家 什麼時候才能變成你籌碼 
我想過陪在你的身邊forever 哪怕是天塌了我依然在這 耳機裡聽著那首寫給你的情歌 如果這是夢境 我就不醒了 And I try so hard, and I try so hard. 遇到你總是說不出口心中的真心話 沒有了你就像是我沒了家 什麼時候才能變成你籌碼
只有一個夢想就是陪在你身旁 永遠忘不掉你 儲存在我心頭上 When I see your face 美貌讓別人都嫉妒 想成為你的誰 成為你最堅強的庇護
每當你落下 化為你的翅膀 迷失了方向 就讓我為你導航 說過的每句話 都放在了心上 還是深愛著你 衝動停不下
那些回憶還在腦中繞 feel so empty when you're not around 是真心誠意想要對你好 I fall in love
我想過陪在你的身邊forever 哪怕是天塌了我依然在這 耳機裡聽著那首寫給你的情歌 如果這是夢境 我就不醒了 And I try so hard, and I try so hard. 遇到你總是說不出口心中的真心話 沒有了你就像是我沒了家 什麼時候才能變成你籌碼
baby 你是我的愛你是我的唯一 脖子上掛著 去年送我的圍巾 你想要什麼東西我都給你 一個人的時後 有我陪你
那些回憶還在腦中繞 feel so empty when you're not around 是真心誠意想要對你好 I fall in love
我想過陪在你的身邊forever 哪怕是天塌了我依然在這 耳機裡聽著那首寫給你的情歌 如果這是夢境 我就不醒了 And I try so hard, and I try so hard. 遇到你總是說不出口心中的真心話 沒有了你就像是我沒了家 什麼時候才能變成你籌碼
留言（ 1 ） 最相關留言 所有留言
留言（ 1 ）",2026-08-07,,,False,False,
2026-08-15 05:45:53,realtime,hip_hop,,,43,CELL,鐵籠,9,359,5,https://streetvoice.com/shiny_disk_hit/songs/872477/,https://streetvoice.com/shiny_disk_hit/,"https://akstatic.streetvoice.com/song_covers/sh/in/shiny_disk_hit/7boCmgdzdr8YpoMWg42H48.jpg?x-oss-process=image/resize,m_fixed,h_1,w_1,limit_0/resize,m_fixed,h_630,w_1200,limit_0/watermark,image_c29uZ19jb3ZlcnMvc2gvaW4vc2hpbnlfZGlza19oaXQvN2JvQ21nZHpkcjhZcG9NV2c0Mkg0OC5qcGc_eC1vc3MtcHJvY2Vzcz1pbWFnZS9yZXNpemUsbV9maXhlZCxoXzM0NCx3XzM0NCxsaW1pdF8w,g_nw,x_428,y_143/watermark,image_YXNzZXQvaW1hZ2VzL21ldGFpbWFnZS1zb25nLnBuZw,g_nw,x_0,y_0",images/872477.jpg,@shiny_disk_hit,音樂人,花蓮縣,2022-08-01,,3,59,10,,,https://www.youtube.com/user/StreetVoiceTV,辦一趟可能取消的巡迴？deca joins、無妄合作社公布「Cancelled巡迴取消」T-Shirt販售計畫|||https://blow.streetvoice.com/49414/?utm_source=streetvoice&utm_medium=profile-news-block; 日本音樂兄弟檔KICELL開唱 攜手洪申豪站台|||https://blow.streetvoice.com/5074/?utm_source=streetvoice&utm_medium=profile-news-block; 第18屆Freshmusic Awards得獎名單揭曉 陶晶瑩首次參與評審|||https://blow.streetvoice.com/81270/?utm_source=streetvoice&utm_medium=profile-news-block,,Hip hop / Rap,,,,"在每個需要被拯救的夜晚 這是Demo 但我覺得先發出來好了開心比較重要 
在每個需要被拯救的夜晚 這是Demo 但我覺得先發出來好了開心比較重要","我找不到理由 沒時間能讓我 去思考這洶湧 我承認我平庸 還是他們不懂 可我沒時間回頭 丟下 恐懼 在曙光出現之前 自卑 焦慮 總出現在我視線 我期盼著 誰來拯救我脫離這裡 一切 終將 都消逝在我眼前 無法 投降 這壓力無處發洩 我期待的 是那生鏽的鐵能撫平 別想的太多再過去之前 我的眼淚對他來說不值錢 要好好愛自己他說這是歷練 可是他還不太明白我眼淚 我掙脫了那道枷鎖 
我找不到理由 沒時間能讓我 去思考這洶湧 我承認我平庸 還是他們不懂 可我沒時間回頭 丟下 恐懼 在曙光出現之前 自卑 焦慮 總出現在我視線 我期盼著 誰來拯救我脫離這裡 一切 終將 都消逝在我眼前 無法 投降 這壓力無處發洩 我期待的 是那生鏽的鐵能撫平 別想的太多再過去之前 我的眼淚對他來說不值錢 要好好愛自己他說這是歷練 可是他還不太明白我眼淚 我掙脫了那道枷鎖
留言（ 5 ） 最相關留言 所有留言
留言（ 5 ）",2026-08-02,,編輯推薦,True,False,
2026-08-15 05:45:53,realtime,hip_hop,,,44,cjø4wut,STÒP,1,35,0,https://streetvoice.com/cj_0412/songs/873921/,https://streetvoice.com/cj_0412/,"https://akstatic.streetvoice.com/profile_images/cj/_0/cj_0412/geUdu9ALyxBLc88rJd6EPg.jpg?x-oss-process=image/resize,m_fixed,h_1,w_1,limit_0/resize,m_fixed,h_630,w_1200,limit_0/watermark,image_cHJvZmlsZV9pbWFnZXMvY2ovXzAvY2pfMDQxMi9nZVVkdTlBTHl4QkxjODhySmQ2RVBnLmpwZz94LW9zcy1wcm9jZXNzPWltYWdlL3Jlc2l6ZSxtX2ZpeGVkLGhfMzQ0LHdfMzQ0LGxpbWl0XzA,g_nw,x_428,y_143/watermark,image_YXNzZXQvaW1hZ2VzL21ldGFpbWFnZS1zb25nLnBuZw,g_nw,x_0,y_0",images/873921.jpg,@cj_0412,音樂人,台北市,2025-06-01,,5,7,14,,,https://www.youtube.com/user/StreetVoiceTV,,,Hip hop / Rap,,,,"荒廢已久的寫歌終於又重新開始 
荒廢已久的寫歌終於又重新開始","這是沒有提供歌詞的歌曲
留言（ 0 ） 最相關留言 所有留言
留言（ 0 ）",2026-08-11,,,False,False,
2026-08-15 05:45:53,realtime,hip_hop,,,45,脸是熊MTUT,و¢§و،گه±±é‌ˆ,0,2,0,https://streetvoice.com/MichaelTut/songs/874166/,https://streetvoice.com/MichaelTut/,"https://akstatic.streetvoice.com/music_albums/Mi/ch/MichaelTut/B7zSmu9S3GUhr6o5mbHKYs.jpeg?x-oss-process=image/resize,m_fixed,h_1,w_1,limit_0/resize,m_fixed,h_630,w_1200,limit_0/watermark,image_bXVzaWNfYWxidW1zL01pL2NoL01pY2hhZWxUdXQvQjd6U211OVMzR1VocjZvNW1iSEtZcy5qcGVnP3gtb3NzLXByb2Nlc3M9aW1hZ2UvcmVzaXplLG1fZml4ZWQsaF8zNDQsd18zNDQsbGltaXRfMA,g_nw,x_428,y_143/watermark,image_YXNzZXQvaW1hZ2VzL21ldGFpbWFnZS1zb25nLnBuZw,g_nw,x_0,y_0",images/874166.jpeg,@MichaelTut,音樂人,美國,2019-08-01,,8,4,1,,,https://www.youtube.com/user/StreetVoiceTV,,,Hip hop / Rap,ç´…و¨¹و‍—ن¸‹ç¨چوپ¯ SHENZHEN MANGROVE NATURE RESERVE,https://streetvoice.com/MichaelTut/songs/album/97325888/,,,,,,,False,False,
2026-08-15 05:45:53,realtime,hip_hop,,,46,脸是熊MTUT,理想高中,0,2,0,https://streetvoice.com/MichaelTut/songs/874165/,https://streetvoice.com/MichaelTut/,"https://akstatic.streetvoice.com/music_albums/Mi/ch/MichaelTut/B7zSmu9S3GUhr6o5mbHKYs.jpeg?x-oss-process=image/resize,m_fixed,h_1,w_1,limit_0/resize,m_fixed,h_630,w_1200,limit_0/watermark,image_bXVzaWNfYWxidW1zL01pL2NoL01pY2hhZWxUdXQvQjd6U211OVMzR1VocjZvNW1iSEtZcy5qcGVnP3gtb3NzLXByb2Nlc3M9aW1hZ2UvcmVzaXplLG1fZml4ZWQsaF8zNDQsd18zNDQsbGltaXRfMA,g_nw,x_428,y_143/watermark,image_YXNzZXQvaW1hZ2VzL21ldGFpbWFnZS1zb25nLnBuZw,g_nw,x_0,y_0",images/874165.jpeg,@MichaelTut,音樂人,美國,2019-08-01,,8,4,1,,,https://www.youtube.com/user/StreetVoiceTV,,,Hip hop / Rap,紅樹林下稍息 SHENZHEN MANGROVE NATURE RESERVE,https://streetvoice.com/MichaelTut/songs/album/97325888/,,,"動態歌詞
混音：臉是熊 製作人：臉是熊 採樣：《Tommorow》- 艾薇兒.拉維妮 —— 臉是熊 —— 動漫裡故事大半都在高中的年紀 眼前是書本眼裡卻是漫無邊際想像力 都能飄到高空延續 幾十名穿著同樣衣服的少男少女當中 不同樣的劇情腦裡泛起浪漫漣漪 留堂舉手去走廊放空 走向球場的夕陽紅 知了在上空 像掌控著蒼穹 像在你和我稚氣的臉上也畫上妝容 沒幾年就要長大突然有點傷心惶恐 幻想過當大英雄，郭靜和黃蓉洪七公 總覺得懂了又沒全懂 不想苦悶地和平庸相容 學校啊，好一個安全的帳篷 沒教會獨立的孩子不可以隨便盲從 每天枯燥千篇一律 荷爾蒙也兼顧傷痛的情緒 放縱跳脫的思緒就像棉絮 青春的調色盤色彩斑斕 對比度高不太灰 胡亂催著向前去 總是會模糊的見理想的輪廓 很多表達錯誤，但是情緒不讓沉默 想法交雜不少困惑 在心的田野夢的村落 我的魂魄稍顯稚嫩笨拙但還沒渾濁 想法如馬良手裡的神筆 一身的活力上不封頂 從格林童話畫到山海經 想要有帥外型 簡單也複雜的關係人際 交織不大不小的煩問題 總是讓思緒在深夜裡頭游離 很多語言來不及整理就溢出了筆跡 學會了什麼本領 未來的解法該我怎麼證明呢 —— 成為家 —— 想法太多把耳機塞進袖子 口口聲聲說好感的 那些人都沒在回頭看 忽遠忽近的鬧鈴沒有聲音 奶奶說換了新電池 就匆忙騎行在路上 你我的距離 只差幾個位置 坐我邊上的同學說 “是否開始有點胖” 把想法留在耳朵 轉動大腦 今晚放學路口 是什麼時間才能夠你碰上 好巧，不巧 很多次下雨 沒有看到你 初夏六月 煩惱，煩惱 下個路口之前 我總會失眠 好巧，不巧 很多次下雨 沒有看到你 初夏六月 煩惱，煩惱 在下個路口之前 —— 臉是熊 —— 總是會模糊的見理想的輪廓 很多表達錯誤，但是情緒不讓沉默 想法交雜不少困惑 在心的田野夢的村落 我的魂魄稍顯稚嫩笨拙但還沒渾濁 
混音：臉是熊
製作人：臉是熊
採樣：《Tommorow》- 艾薇兒.拉維妮
—— 臉是熊 ——
動漫裡故事大半都在高中的年紀
眼前是書本眼裡卻是漫無邊際想像力
都能飄到高空延續
幾十名穿著同樣衣服的少男少女當中
不同樣的劇情腦裡泛起浪漫漣漪
留堂舉手去走廊放空
走向球場的夕陽紅
知了在上空
像掌控著蒼穹
像在你和我稚氣的臉上也畫上妝容
沒幾年就要長大突然有點傷心惶恐
幻想過當大英雄，郭靜和黃蓉洪七公
總覺得懂了又沒全懂
不想苦悶地和平庸相容
學校啊，好一個安全的帳篷
沒教會獨立的孩子不可以隨便盲從
每天枯燥千篇一律
荷爾蒙也兼顧傷痛的情緒
放縱跳脫的思緒就像棉絮
青春的調色盤色彩斑斕
對比度高不太灰
胡亂催著向前去
總是會模糊的見理想的輪廓
很多表達錯誤，但是情緒不讓沉默
想法交雜不少困惑
在心的田野夢的村落
我的魂魄稍顯稚嫩笨拙但還沒渾濁
想法如馬良手裡的神筆
一身的活力上不封頂
從格林童話畫到山海經
想要有帥外型
簡單也複雜的關係人際
交織不大不小的煩問題
總是讓思緒在深夜裡頭游離
很多語言來不及整理就溢出了筆跡
學會了什麼本領
未來的解法該我怎麼證明呢
—— 成為家 ——
想法太多把耳機塞進袖子
口口聲聲說好感的
那些人都沒在回頭看
忽遠忽近的鬧鈴沒有聲音
奶奶說換了新電池
就匆忙騎行在路上
你我的距離
只差幾個位置
坐我邊上的同學說
“是否開始有點胖”
把想法留在耳朵
轉動大腦
今晚放學路口
是什麼時間才能夠你碰上
好巧，不巧
很多次下雨
沒有看到你
初夏六月
煩惱，煩惱
下個路口之前
我總會失眠
好巧，不巧
很多次下雨
沒有看到你
初夏六月
煩惱，煩惱
在下個路口之前
—— 臉是熊 ——
總是會模糊的見理想的輪廓
很多表達錯誤，但是情緒不讓沉默
想法交雜不少困惑
在心的田野夢的村落
我的魂魄稍顯稚嫩笨拙但還沒渾濁
留言（ 0 ） 最相關留言 所有留言
留言（ 0 ）",2026-08-12,,,False,False,
2026-08-15 05:45:53,realtime,hip_hop,,,47,脸是熊MTUT,破繭,0,2,0,https://streetvoice.com/MichaelTut/songs/874164/,https://streetvoice.com/MichaelTut/,"https://akstatic.streetvoice.com/music_albums/Mi/ch/MichaelTut/B7zSmu9S3GUhr6o5mbHKYs.jpeg?x-oss-process=image/resize,m_fixed,h_1,w_1,limit_0/resize,m_fixed,h_630,w_1200,limit_0/watermark,image_bXVzaWNfYWxidW1zL01pL2NoL01pY2hhZWxUdXQvQjd6U211OVMzR1VocjZvNW1iSEtZcy5qcGVnP3gtb3NzLXByb2Nlc3M9aW1hZ2UvcmVzaXplLG1fZml4ZWQsaF8zNDQsd18zNDQsbGltaXRfMA,g_nw,x_428,y_143/watermark,image_YXNzZXQvaW1hZ2VzL21ldGFpbWFnZS1zb25nLnBuZw,g_nw,x_0,y_0",images/874164.jpeg,@MichaelTut,音樂人,美國,2019-08-01,,8,4,1,,,https://www.youtube.com/user/StreetVoiceTV,,,Hip hop / Rap,紅樹林下稍息 SHENZHEN MANGROVE NATURE RESERVE,https://streetvoice.com/MichaelTut/songs/album/97325888/,,,"動態歌詞
混音：臉是熊 制作人：臉是熊 —— 臉是熊—— 我确实有些固执己见 越是遇到不对付的越想坚持底线 可是这首嘻哈歌并不是声张态度 是明白成长需要蜕变 那叫做成年 打开门踩上落叶 太阳光线给我身上打装点 有猫一般的双眼 走街上故意不让电话黏在手 珍惜寂寞独处放大感官感受人间 今天的我要开始抛掉过往的成见 透过门帘，穿过尘烟 目光落在云朵下一秒就成仙 新的可能会来自改变 I want some changes behavioral change 换一些小习惯 也算新鲜 I wanna change behavioral change 有时换了标签 就换了明天 —— Yeeda意達 —— Boombap 的鼓点让我想起了高中时代 为了省钱录首歌每天伙食费剩十块 在晚自习写的歌词 在楼梯间 battle 到现在 hiphop陪着我 她一直在 离开了绿洲嘻哈社就再没当过大哥大 我把我的四年青春埋葬在了药科大 在烧烤摊里吹着牛 台球厅里叫着骂 身边没了同路人快忘记怎么玩hiphop 直到2025 聚集起兄弟们 办了smooth outro我不想要再当空气人 下一站出发洛城前我会和你说再见 很多事 都在变 谁都不用说抱歉 像我从没想过这一天 像我想要去体验的远远不止这一点 这差不多的bpm我还要再唱几遍呢 我向上帝许愿了我会变的更体面的 等成全我弱点 把从前豁免 兄弟还在等我成蝶破茧 —— 臉是熊 —— I want some changes behavioral change 换一些小习惯 也算新鲜 I wanna changes behavioral change 有时换了标签 就破茧成蝶 
混音：臉是熊
制作人：臉是熊
—— 臉是熊——
我确实有些固执己见
越是遇到不对付的越想坚持底线
可是这首嘻哈歌并不是声张态度
是明白成长需要蜕变
那叫做成年
打开门踩上落叶
太阳光线给我身上打装点
有猫一般的双眼
走街上故意不让电话黏在手
珍惜寂寞独处放大感官感受人间
今天的我要开始抛掉过往的成见
透过门帘，穿过尘烟
目光落在云朵下一秒就成仙
新的可能会来自改变
I want some changes
behavioral change
换一些小习惯
也算新鲜
I wanna change
behavioral change
有时换了标签
就换了明天
—— Yeeda意達 ——
Boombap 的鼓点让我想起了高中时代
为了省钱录首歌每天伙食费剩十块
在晚自习写的歌词 在楼梯间 battle
到现在 hiphop陪着我 她一直在
离开了绿洲嘻哈社就再没当过大哥大
我把我的四年青春埋葬在了药科大
在烧烤摊里吹着牛 台球厅里叫着骂
身边没了同路人快忘记怎么玩hiphop
直到2025 聚集起兄弟们
办了smooth outro我不想要再当空气人
下一站出发洛城前我会和你说再见
很多事 都在变 谁都不用说抱歉
像我从没想过这一天
像我想要去体验的远远不止这一点
这差不多的bpm我还要再唱几遍呢
我向上帝许愿了我会变的更体面的
等成全我弱点 把从前豁免
兄弟还在等我成蝶破茧
—— 臉是熊 ——
I want some changes
behavioral change
换一些小习惯
也算新鲜
I wanna changes
behavioral change
有时换了标签
就破茧成蝶
留言（ 0 ） 最相關留言 所有留言
留言（ 0 ）",2026-08-12,,,False,False,
2026-08-15 05:45:53,realtime,hip_hop,,,48,脸是熊MTUT,心事,0,2,0,https://streetvoice.com/MichaelTut/songs/874163/,https://streetvoice.com/MichaelTut/,"https://akstatic.streetvoice.com/music_albums/Mi/ch/MichaelTut/B7zSmu9S3GUhr6o5mbHKYs.jpeg?x-oss-process=image/resize,m_fixed,h_1,w_1,limit_0/resize,m_fixed,h_630,w_1200,limit_0/watermark,image_bXVzaWNfYWxidW1zL01pL2NoL01pY2hhZWxUdXQvQjd6U211OVMzR1VocjZvNW1iSEtZcy5qcGVnP3gtb3NzLXByb2Nlc3M9aW1hZ2UvcmVzaXplLG1fZml4ZWQsaF8zNDQsd18zNDQsbGltaXRfMA,g_nw,x_428,y_143/watermark,image_YXNzZXQvaW1hZ2VzL21ldGFpbWFnZS1zb25nLnBuZw,g_nw,x_0,y_0",images/874163.jpeg,@MichaelTut,音樂人,美國,2019-08-01,,8,4,1,,,https://www.youtube.com/user/StreetVoiceTV,,,Hip hop / Rap,紅樹林下稍息 SHENZHEN MANGROVE NATURE RESERVE,https://streetvoice.com/MichaelTut/songs/album/97325888/,,,"動態歌詞
愛上你就是這幾日心間事 大膽的話說不出口 我站那轉著圈硬撐面子 腦裡幻想的泡沫變成了戒指挺結實 大大小小想說的話亂得像是拼貼字 也擔心拖了太久等要到了臨別時 強制性的耐心把擔心的心情掩飾 如果是你主動發現我心思那我情願是 畢竟太陽底下沒有什麼新鮮事 怕巴士直達你家 拍拍肩膀，靠著不到半小時 怕花式尬聊藏著花心思成假把勢 怕同事的玩笑戳破害怕事大 怕領導視察 怕我們作息有時差 我不想有些界限模糊，只說是玩伴 每次目光對上時會放大了感官 設計的語氣和語調是對我自己的宣傳 一起走時求別察覺我故意走的緩慢 I'll always be by your side By your side 我的心猜不來 猜不來 或許我們可以在一塊 剖開我內心 都是你背影 那不是最近 是幾個月來的回音 就請你靜靜聆聽 我的心弦叮鈴叮 因為我清醒 怕你回應冷冰冰 小心翼翼地試探 明明很怕還假惺惺 想親親的心情 不能算違禁 星星亮晶晶地看著我 像致命的曼陀羅 吸引我耍小心機創造些新意的導火索 那時社交媒體沒那麼發達 沒見過太多心思 對你的想法我只能靠以為 樓下去買咖啡時候幫你帶一杯 或主動找你學習之後聊天好幾回 猜想你會不會其實是高手 看透我一切的行為 結局是我被擊退 今天的造型符不符合你的審美 因為你每一天我面對這沉重的生活 都要學會認真準備 I'll always be by your side By your side 我的心猜不來 猜不來 或許我們可以在一塊 I'll always be by your side By your side 我的心猜不來 猜不來 或許我們可以在一塊 
愛上你就是這幾日心間事
大膽的話說不出口
我站那轉著圈硬撐面子
腦裡幻想的泡沫變成了戒指挺結實
大大小小想說的話亂得像是拼貼字
也擔心拖了太久等要到了臨別時
強制性的耐心把擔心的心情掩飾
如果是你主動發現我心思那我情願是
畢竟太陽底下沒有什麼新鮮事
怕巴士直達你家
拍拍肩膀，靠著不到半小時
怕花式尬聊藏著花心思成假把勢
怕同事的玩笑戳破害怕事大
怕領導視察
怕我們作息有時差
我不想有些界限模糊，只說是玩伴
每次目光對上時會放大了感官
設計的語氣和語調是對我自己的宣傳
一起走時求別察覺我故意走的緩慢
I'll always be by your side
By your side
我的心猜不來
猜不來
或許我們可以在一塊
剖開我內心
都是你背影
那不是最近
是幾個月來的回音
就請你靜靜聆聽
我的心弦叮鈴叮
因為我清醒
怕你回應冷冰冰
小心翼翼地試探
明明很怕還假惺惺
想親親的心情
不能算違禁
星星亮晶晶地看著我
像致命的曼陀羅
吸引我耍小心機創造些新意的導火索
那時社交媒體沒那麼發達
沒見過太多心思
對你的想法我只能靠以為
樓下去買咖啡時候幫你帶一杯
或主動找你學習之後聊天好幾回
猜想你會不會其實是高手
看透我一切的行為
結局是我被擊退
今天的造型符不符合你的審美
因為你每一天我面對這沉重的生活
都要學會認真準備
I'll always be by your side
By your side
我的心猜不來
猜不來
或許我們可以在一塊
I'll always be by your side
By your side
我的心猜不來
猜不來
或許我們可以在一塊
留言（ 0 ） 最相關留言 所有留言
留言（ 0 ）",2026-08-12,,,False,False,
2026-08-15 05:45:53,realtime,hip_hop,,,49,脸是熊MTUT,蘆柑先生,1,19,0,https://streetvoice.com/MichaelTut/songs/874161/,https://streetvoice.com/MichaelTut/,"https://akstatic.streetvoice.com/music_albums/Mi/ch/MichaelTut/B7zSmu9S3GUhr6o5mbHKYs.jpeg?x-oss-process=image/resize,m_fixed,h_1,w_1,limit_0/resize,m_fixed,h_630,w_1200,limit_0/watermark,image_bXVzaWNfYWxidW1zL01pL2NoL01pY2hhZWxUdXQvQjd6U211OVMzR1VocjZvNW1iSEtZcy5qcGVnP3gtb3NzLXByb2Nlc3M9aW1hZ2UvcmVzaXplLG1fZml4ZWQsaF8zNDQsd18zNDQsbGltaXRfMA,g_nw,x_428,y_143/watermark,image_YXNzZXQvaW1hZ2VzL21ldGFpbWFnZS1zb25nLnBuZw,g_nw,x_0,y_0",images/874161.jpeg,@MichaelTut,音樂人,美國,2019-08-01,,8,4,1,,,https://www.youtube.com/user/StreetVoiceTV,,,Hip hop / Rap,紅樹林下稍息 SHENZHEN MANGROVE NATURE RESERVE,https://streetvoice.com/MichaelTut/songs/album/97325888/,,,"動態歌詞
混音：臉是熊 制作人：臉是熊 Scratches：AIYO —— 臉是熊 —— （Chorus） 天顶月娘你敢知（闽) 因盼望从水共你捞出来（闽) 足奇怪（闽) 拢决记（闽) 你讲阮需要勤勉靠家己（闽) 顾好咱厝里做阿弟阿妹依靠（闽) 从来都不靠天吃饭 靠的都是双手 行走每条街一步留一脚印 而那些繁华的繁杂的迷人眼的危险 都得小心 扰乱我心声的频率要消音 虽偶尔对某个周遭的消息总是不厌其烦 独自一人避免再陷入交际的泥潭 可你我都看不到自己的后脑 只能靠镜子 就像人要依赖他人眼里才能看到世界另一半 我不羡慕台上的星 只当红尘的庸人 根扎进泥土里 不用谁带我跳过龙门 一人成军只用「沉着」二字竖立的堂口 「努力」和「坚持」就足够当我的双花红棍 你说那算不算是天真 说大不大的天份 把态度摆着对抗时间的成年人 闽粤的湿气带着炎热 特色的橘子叫芦柑带着酸涩 不争日照却能也慢慢熟成甜份 （Chorus） 天顶月娘你敢知（闽) 因盼望从水共你捞出来（闽) 足奇怪（闽) 拢决记（闽) 你讲阮需要勤勉靠家己（闽) 顾好咱厝里做阿弟阿妹依靠（闽) —— J-Mo（闽） —— 為了囝仔，為了爸母 為了一畝三分沐規身軀 為了查某，為了一口氣 煞一世人，無叫一聲老母 為了傳統，孫仔分內外 為了照顧大漢的，因為歹趁食 人活一世，攏嘛有階段 啊一家伙仔咧，無緣規氣拆散 蘆柑先生，你深明大義 敢必要閣堅持沐遮破落代誌？ 的大道理我聽甲痟死 號做為你好的攏嘛是為家己 為了面子，為了一套房 為了一粒錶，為了一條金飾 講到底，攏嘛是為錢 生不帶來死不帶走 遮敢有意義？ 天頂月娘你敢知 我閣是相信手伸出來袂對內 天頂月娘你敢知 我閣是甘願有孝團結阮這代 
混音：臉是熊
制作人：臉是熊
Scratches：AIYO
—— 臉是熊 ——
（Chorus）
天顶月娘你敢知（闽)
因盼望从水共你捞出来（闽)
足奇怪（闽)
拢决记（闽)
你讲阮需要勤勉靠家己（闽)
顾好咱厝里做阿弟阿妹依靠（闽)
从来都不靠天吃饭
靠的都是双手
行走每条街一步留一脚印
而那些繁华的繁杂的迷人眼的危险
都得小心
扰乱我心声的频率要消音
虽偶尔对某个周遭的消息总是不厌其烦
独自一人避免再陷入交际的泥潭
可你我都看不到自己的后脑
只能靠镜子
就像人要依赖他人眼里才能看到世界另一半
我不羡慕台上的星
只当红尘的庸人
根扎进泥土里
不用谁带我跳过龙门
一人成军只用「沉着」二字竖立的堂口
「努力」和「坚持」就足够当我的双花红棍
你说那算不算是天真
说大不大的天份
把态度摆着对抗时间的成年人
闽粤的湿气带着炎热
特色的橘子叫芦柑带着酸涩
不争日照却能也慢慢熟成甜份
（Chorus）
天顶月娘你敢知（闽)
因盼望从水共你捞出来（闽)
足奇怪（闽)
拢决记（闽)
你讲阮需要勤勉靠家己（闽)
顾好咱厝里做阿弟阿妹依靠（闽)
—— J-Mo（闽） ——
為了囝仔，為了爸母
為了一畝三分沐規身軀
為了查某，為了一口氣
煞一世人，無叫一聲老母
為了傳統，孫仔分內外
為了照顧大漢的，因為歹趁食
人活一世，攏嘛有階段
啊一家伙仔咧，無緣規氣拆散
蘆柑先生，你深明大義
敢必要閣堅持沐遮破落代誌？
的大道理我聽甲痟死
號做為你好的攏嘛是為家己
為了面子，為了一套房
為了一粒錶，為了一條金飾
講到底，攏嘛是為錢
生不帶來死不帶走
遮敢有意義？
天頂月娘你敢知
我閣是相信手伸出來袂對內
天頂月娘你敢知
我閣是甘願有孝團結阮這代
留言（ 0 ） 最相關留言 所有留言
留言（ 0 ）",2026-08-12,,,False,False,
2026-08-15 05:45:53,realtime,hip_hop,,,50,脸是熊MTUT,稱讚練習,0,12,0,https://streetvoice.com/MichaelTut/songs/874160/,https://streetvoice.com/MichaelTut/,"https://akstatic.streetvoice.com/music_albums/Mi/ch/MichaelTut/B7zSmu9S3GUhr6o5mbHKYs.jpeg?x-oss-process=image/resize,m_fixed,h_1,w_1,limit_0/resize,m_fixed,h_630,w_1200,limit_0/watermark,image_bXVzaWNfYWxidW1zL01pL2NoL01pY2hhZWxUdXQvQjd6U211OVMzR1VocjZvNW1iSEtZcy5qcGVnP3gtb3NzLXByb2Nlc3M9aW1hZ2UvcmVzaXplLG1fZml4ZWQsaF8zNDQsd18zNDQsbGltaXRfMA,g_nw,x_428,y_143/watermark,image_YXNzZXQvaW1hZ2VzL21ldGFpbWFnZS1zb25nLnBuZw,g_nw,x_0,y_0",images/874160.jpeg,@MichaelTut,音樂人,美國,2019-08-01,,8,4,1,,,https://www.youtube.com/user/StreetVoiceTV,,,Hip hop / Rap,紅樹林下稍息 SHENZHEN MANGROVE NATURE RESERVE,https://streetvoice.com/MichaelTut/songs/album/97325888/,,,"動態歌詞
混音：臉是熊 製作人：臉是熊 ——臉是熊—— 一句老實話 我不想看到你們近況 我的酸放在心裡隱藏 不想表達我的欣賞 我把電視調大音量 會給你點讚我儘量 我們相同為何我沒金獎 我的天賦讓我感到迷茫 我從來不嫉妒那些離我遙遠的 但只會嫉妒你 我的朋友 我們有一樣的愛好一樣的特點 所以我就是偏偏羨慕你的成就 我的內心自私陰暗除了自己不想看到任何人出這風頭 嗯 給我個沒有人搶的風口 太多的煩惱隨他人進眼裏 偷偷地攀比但我還得裝作很得體 嘖，這麼會演戲 有時也感嘆自己的演技 怎麼還不像懂事的年紀 建議我找回初心 放下身段 真心給他人拍手稱讚 我想我真的欠練習 How does it feel when your glow is mine to hold? I’ll trade my envy for the cheers untold How does it feel when your glow outshines my own? I’ll trade my envy for a heart grown bold. —— 七八孩子 —— 告訴你最後的答案是42 從冰箱取出這個世紀的冷靜和柔軟 仇恨沒有緣由 語言只剩下拳頭 減壓艙減不下，誰也拆不散 我時常幻想著一場基督山伯爵式的復仇 搶奪我從沒失去過的愛 重新學習呼吸 幾萬米高空人類怎麼能存在 給你我的皮膚塗上蠟 冒著氣泡，擺在展館 只剩下屋頂上的雪還沒有化 把我們點燃去溫暖它 在二十一世紀 —— 臉是熊 —— How does it feel when your glow is mine to hold? I’ll trade my envy for the cheers untold How does it feel when your glow outshines my own? I’ll trade my envy for a heart grown bold. 
混音：臉是熊
製作人：臉是熊
——臉是熊——
一句老實話
我不想看到你們近況
我的酸放在心裡隱藏
不想表達我的欣賞
我把電視調大音量
會給你點讚我儘量
我們相同為何我沒金獎
我的天賦讓我感到迷茫
我從來不嫉妒那些離我遙遠的
但只會嫉妒你
我的朋友
我們有一樣的愛好一樣的特點
所以我就是偏偏羨慕你的成就
我的內心自私陰暗除了自己不想看到任何人出這風頭
嗯
給我個沒有人搶的風口
太多的煩惱隨他人進眼裏
偷偷地攀比但我還得裝作很得體
嘖，這麼會演戲
有時也感嘆自己的演技
怎麼還不像懂事的年紀
建議我找回初心
放下身段
真心給他人拍手稱讚
我想我真的欠練習
How does it feel when your glow is mine to hold?
I’ll trade my envy for the cheers untold
How does it feel when your glow outshines my own?
I’ll trade my envy for a heart grown bold.
—— 七八孩子 ——
告訴你最後的答案是42
從冰箱取出這個世紀的冷靜和柔軟
仇恨沒有緣由
語言只剩下拳頭
減壓艙減不下，誰也拆不散
我時常幻想著一場基督山伯爵式的復仇
搶奪我從沒失去過的愛
重新學習呼吸
幾萬米高空人類怎麼能存在
給你我的皮膚塗上蠟
冒著氣泡，擺在展館
只剩下屋頂上的雪還沒有化
把我們點燃去溫暖它
在二十一世紀
—— 臉是熊 ——
How does it feel when your glow is mine to hold?
I’ll trade my envy for the cheers untold
How does it feel when your glow outshines my own?
I’ll trade my envy for a heart grown bold.
留言（ 0 ） 最相關留言 所有留言
留言（ 0 ）",2026-08-12,,,False,False,
