snapshot_time,chart_timeframe,chart_genre,chart_year,chart_week,rank,artist_name,song_title,likes_count,play_count,comments_count,song_url,artist_url,cover_image_url,cover_image_local_path,artist_handle,artist_identity,artist_city,artist_joined_date,artist_accredited_datetime,artist_music_count,artist_fans_count,artist_following_count,artist_facebook_url,artist_instagram_url,artist_youtube_url,related_news,big_thing_appearances,genre,album_title,album_url,collaborators,description,lyrics,release_date,song_accredited_datetime,honors,is_editor_recommended,is_song_of_the_day,critic_review_url
2026-08-31 05:00:02,realtime,all,,,1,劉正 J.Liu,相愛是什麼(Feat. 宋家耘 Üne SONG ）,55,4950,25,https://streetvoice.com/old_fire_rzc/songs/875768/,https://streetvoice.com/old_fire_rzc/,"https://akstatic.streetvoice.com/song_covers/ol/d_/old_fire_rzc/MBr5SfeS5ViSo4guEvW4mi.jpeg?x-oss-process=image/resize,m_fixed,h_1,w_1,limit_0/resize,m_fixed,h_630,w_1200,limit_0/watermark,image_c29uZ19jb3ZlcnMvb2wvZF8vb2xkX2ZpcmVfcnpjL01CcjVTZmVTNVZpU280Z3VFdlc0bWkuanBlZz94LW9zcy1wcm9jZXNzPWltYWdlL3Jlc2l6ZSxtX2ZpeGVkLGhfMzQ0LHdfMzQ0LGxpbWl0XzA,g_nw,x_428,y_143/watermark,image_YXNzZXQvaW1hZ2VzL21ldGFpbWFnZS1zb25nLnBuZw,g_nw,x_0,y_0",images/875768.jpeg,@old_fire_rzc,音樂人,新北市,2017-06-01,2026-06-18 10:02,1,211,32,https://www.facebook.com/karl831028/,https://www.instagram.com/theseus_jeffery/,https://www.youtube.com/user/StreetVoiceTV,,,Pop,,,Theseus忒修斯,"相愛是什麼？ 我們試著用理性理解愛，卻在真正心動的時候變得慌張失措。那些說不出口的話、無法量化的心動，都在提醒我們——愛不是公式，也沒有標準答案。 當「你的」和「我的」不再計較，慢慢成為「我們」，或許那一刻，就是相愛。 
相愛是什麼？ 我們試著用理性理解愛，卻在真正心動的時候變得慌張失措。那些說不出口的話、無法量化的心動，都在提醒我們——愛不是公式，也沒有標準答案。 當「你的」和「我的」不再計較，慢慢成為「我們」，或許那一刻，就是相愛。","相愛是什麼 用什麼 算怎麼 能把你的和我的 當成一個我們 相愛是什麼 算什麼 該怎麼 能把計較從愛的 人眼睛裏抽走 而我 想說卻慌張失措  像夢 似幻又清醒矇朧 克制我對 苦境甘來的幻想 日子並非 觀望 美好就到 承受你包容 閉上眼出現 你的微笑 我想 萬語千言都亂套 答案 普通心理學書上 僅限理論  無法量化你讓我  心口不一了 算不算一種 喜上眉梢  而我 如何能確定 相愛是什麼 用什麼 算怎麼 能把你的和我的 當成一個我們 相愛是什麼 算什麼 該怎麼 能把計較從愛的 人眼睛裏抽走 而我 想說卻慌張失措 像夢 似幻又清醒矇朧 相愛是什麼 用什麼 算怎麼 能把你的和我的 當成一個我們 相愛是什麼 算什麼 該怎麼 能把計較從愛的 人眼睛裏抽走 而我 想說卻慌張失措 像夢 似幻又清醒矇朧 
相愛是什麼 用什麼 算怎麼 能把你的和我的 當成一個我們 相愛是什麼 算什麼 該怎麼 能把計較從愛的 人眼睛裏抽走 而我 想說卻慌張失措  像夢 似幻又清醒矇朧
克制我對 苦境甘來的幻想 日子並非 觀望 美好就到 承受你包容 閉上眼出現 你的微笑 我想 萬語千言都亂套 答案 普通心理學書上 僅限理論  無法量化你讓我  心口不一了 算不算一種 喜上眉梢  而我 如何能確定
相愛是什麼 用什麼 算怎麼 能把你的和我的 當成一個我們 相愛是什麼 算什麼 該怎麼 能把計較從愛的 人眼睛裏抽走 而我 想說卻慌張失措 像夢 似幻又清醒矇朧
相愛是什麼 用什麼 算怎麼 能把你的和我的 當成一個我們 相愛是什麼 算什麼 該怎麼 能把計較從愛的 人眼睛裏抽走 而我 想說卻慌張失措 像夢 似幻又清醒矇朧
留言（ 25 ） 最相關留言 所有留言
留言（ 25 ）",2026-08-21,,Song of the Day; 編輯推薦,True,True,
2026-08-31 05:00:02,realtime,all,,,2,jiMMY CHYN,青春假期結束,17,429,1,https://streetvoice.com/jimmy3063/songs/876199/,https://streetvoice.com/jimmy3063/,"https://akstatic.streetvoice.com/music_albums/ji/mm/jimmy3063/Ko62M8LfUvahk25D8r4Hgm.jpeg?x-oss-process=image/resize,m_fixed,h_1,w_1,limit_0/resize,m_fixed,h_630,w_1200,limit_0/watermark,image_bXVzaWNfYWxidW1zL2ppL21tL2ppbW15MzA2My9LbzYyTThMZlV2YWhrMjVEOHI0SGdtLmpwZWc_eC1vc3MtcHJvY2Vzcz1pbWFnZS9yZXNpemUsbV9maXhlZCxoXzM0NCx3XzM0NCxsaW1pdF8w,g_nw,x_428,y_143/watermark,image_YXNzZXQvaW1hZ2VzL21ldGFpbWFnZS1zb25nLnBuZw,g_nw,x_0,y_0",images/876199.jpeg,@jimmy3063,音樂人,台北市,2012-04-01,2021-06-01 13:03,12,195,7,https://www.facebook.com/jimmywang0511/,https://www.instagram.com/jimmy_0511,https://www.youtube.com/user/StreetVoiceTV,,,R&B / Soul,26.mp3,https://streetvoice.com/jimmy3063/songs/album/97325950/,Qmo,"獻給那些曾經一起長大、如今只存在回憶裡的人們。 - 詞曲 Songwriter｜jiMMY CHYN 演唱 Vocal｜jiMMY CHYN 合聲 Chorus｜jiMMY CHYN 吉他 Guitars｜張祐誠 Qmo 貝斯 Bass｜張祐誠 Qmo 編曲 Arrangement｜張祐誠 Qmo 混音 Mix Engineer｜張祐誠 Qmo 
獻給那些曾經一起長大、如今只存在回憶裡的人們。
- 詞曲 Songwriter｜jiMMY CHYN 演唱 Vocal｜jiMMY CHYN 合聲 Chorus｜jiMMY CHYN 吉他 Guitars｜張祐誠 Qmo 貝斯 Bass｜張祐誠 Qmo 編曲 Arrangement｜張祐誠 Qmo 混音 Mix Engineer｜張祐誠 Qmo","一個人回憶在深夜 想起 生活緊密的那些年 你說別為自己設限 踏出舒適圈 從此豐富了我的視野 如今 你不在這邊 所有過程經歷 都有了意義 我不再去抱怨 不再去逃避 謝謝我們曾經 有過那一段 感情 比朋友還更貼近 你 是這世上的唯一 那麽深刻了解了我的心 曾經 曾經是那麼的貼近 時間過去 當初的默契 沒人代替 還記得淡水的風聲吹響了夜巴黎 說不完的話題 (還記得) 清晨陽光照進 酒瓶散落一地 做過夢的屋頂 摩托車的風景 (希望) 再見面笑鬧如往昔 所有過程經歷 都有了意義 我不再去抱怨 不再去逃避 謝謝我們曾經 有過那一段 感情 比朋友還更貼近 你 是這世上的唯一 那麽深刻了解了我的心 如今 已沒有餘力再相聚 總是精神喊話 但你現在在哪 你還活著嗎 都回不去啦 真的超級想你 卻只能走向各自的時區 我也早就已經遠離青春假期 
一個人回憶在深夜 想起 生活緊密的那些年 你說別為自己設限 踏出舒適圈 從此豐富了我的視野 如今 你不在這邊
所有過程經歷 都有了意義 我不再去抱怨 不再去逃避 謝謝我們曾經 有過那一段 感情 比朋友還更貼近 你 是這世上的唯一 那麽深刻了解了我的心 曾經 曾經是那麼的貼近
時間過去 當初的默契 沒人代替 還記得淡水的風聲吹響了夜巴黎 說不完的話題 (還記得) 清晨陽光照進 酒瓶散落一地 做過夢的屋頂 摩托車的風景 (希望) 再見面笑鬧如往昔
所有過程經歷 都有了意義 我不再去抱怨 不再去逃避 謝謝我們曾經 有過那一段 感情 比朋友還更貼近 你 是這世上的唯一 那麽深刻了解了我的心 如今 已沒有餘力再相聚
總是精神喊話 但你現在在哪 你還活著嗎 都回不去啦 真的超級想你 卻只能走向各自的時區 我也早就已經遠離青春假期
留言（ 1 ） 最相關留言 所有留言
留言（ 1 ）",2026-08-24,,Song of the Day; 編輯推薦,True,True,
2026-08-31 05:00:02,realtime,all,,,3,安眠巫師 WiFi,順流 （天氣加成版）ft.黃玠瑋 Zooey Wonder,94,12485,85,https://streetvoice.com/sleepywifizzz/songs/876157/,https://streetvoice.com/sleepywifizzz/,"https://akstatic.streetvoice.com/song_covers/sl/ee/sleepywifizzz/AYjU5Zx8r4VnpgqhRv885M.jpeg?x-oss-process=image/resize,m_fixed,h_1,w_1,limit_0/resize,m_fixed,h_630,w_1200,limit_0/watermark,image_c29uZ19jb3ZlcnMvc2wvZWUvc2xlZXB5d2lmaXp6ei9BWWpVNVp4OHI0Vm5wZ3FoUnY4ODVNLmpwZWc_eC1vc3MtcHJvY2Vzcz1pbWFnZS9yZXNpemUsbV9maXhlZCxoXzM0NCx3XzM0NCxsaW1pdF8w,g_nw,x_428,y_143/watermark,image_YXNzZXQvaW1hZ2VzL21ldGFpbWFnZS1zb25nLnBuZw,g_nw,x_0,y_0",images/876157.jpeg,@sleepywifizzz,音樂人,,,,1,43,,,,https://www.youtube.com/user/StreetVoiceTV,秦旭章化身安眠巫師 邀陳如山、盧律銘合作新歌〈月光假面〉|||https://blow.streetvoice.com/61042/?utm_source=streetvoice&utm_medium=profile-news-block; 守夜人團長秦旭章新身份「安眠巫師」 首支個人單曲〈我們沒救了〉MV上線|||https://blow.streetvoice.com/60361/?utm_source=streetvoice&utm_medium=profile-news-block,,Folk,,,,"🎧 https://umg.lnk.to/spwfzysl 這次我們獨家在街聲放了最流動的原始創作✨ 有沒有一種時候， 你已經試過很多方法了。 換方向、換方法、換態度， 甚至連人生觀都重新安裝一次。 但事情還是沒有比較順。 於是某一天， 你突然想說—— 算了。 把自己關機好了 不是放棄， 只是有點累。 - 2026年 送給 突然不想再證明什麼了的自己 不強抓， 不討好， 不過度在意。 順流。 不在意。 沒關係。 — 「安眠巫師 WiFi」是守夜人 Night Keepers 團長旭章 WiFi， 所創造出來的分靈體角色。他能以反心靈雞湯語錄般的黑色幽默語氣，帶你用負能量化解負能量，另類「解惑」人生的各類疑難雜症。 安眠巫師與黃玠瑋在創作《順流》這首歌時，兩人都正處於各自生命裡的「逆流」時刻，與其寫下勵志口號，他們選擇誠實面對那些難以言說的疲憊與無力。 於是，將那些真正喘不過氣的內心話，誠實地寫進歌曲裡。 「無能為力」、「已經花光所有力氣」、「不要在意別人眼中的自己」—— 那些看似無力的念頭，在這首歌裡，被溫柔地接住。 《順流》以 Indie Pop × Dream Pop 為基底，融合 Ambient Folk 的空間感與如公路電影般的流動氛圍。編曲刻意保留大量留白，情緒內斂而緩慢推進，安眠巫師與黃玠瑋的聲線在歌曲中交錯，如同兩條逆流中的水脈，在孤獨與理解之間慢慢靠近。 這不是一首鼓勵你振作的歌， 而是一首在你累了的時候，陪你慢慢往前走的歌。 黃玠瑋形容錄音時腦海浮現的畫面，就像一部公路電影： 一條很長的道路，有人經過，有人上車，有人離開。 你不知道該不該回應，甚至有點孤單，但慢慢會發現——頻率對的人，自然會留下。 對安眠巫師而言，《順流》也是一種性格的鬆動。 允許不合時宜，允許自己的速度，也允許暫時不知道自己在做什麼。 這首歌不是要帶你去更遠的地方。 只是陪你， 把車繼續往前開。 人生如果真的卡住了， 有時候不是要重開機。 只是要先順流一下。 即使不知道明天在哪裡。 但方向， 會慢慢對上。 . 《 順流 (天氣加成版) 》  ｜安眠巫師  feat. 黃玠瑋 現在，你可以不用再用力了。 
🎧 https://umg.lnk.to/spwfzysl
https://umg.lnk.to/spwfzysl
這次我們獨家在街聲放了最流動的原始創作✨
有沒有一種時候， 你已經試過很多方法了。
換方向、換方法、換態度， 甚至連人生觀都重新安裝一次。
但事情還是沒有比較順。
於是某一天， 你突然想說—— 算了。 把自己關機好了
不是放棄， 只是有點累。
-
2026年 送給 突然不想再證明什麼了的自己
不強抓， 不討好， 不過度在意。 順流。 不在意。 沒關係。 —
「安眠巫師 WiFi」是守夜人 Night Keepers 團長旭章 WiFi， 所創造出來的分靈體角色。他能以反心靈雞湯語錄般的黑色幽默語氣，帶你用負能量化解負能量，另類「解惑」人生的各類疑難雜症。
安眠巫師與黃玠瑋在創作《順流》這首歌時，兩人都正處於各自生命裡的「逆流」時刻，與其寫下勵志口號，他們選擇誠實面對那些難以言說的疲憊與無力。
於是，將那些真正喘不過氣的內心話，誠實地寫進歌曲裡。
「無能為力」、「已經花光所有力氣」、「不要在意別人眼中的自己」—— 那些看似無力的念頭，在這首歌裡，被溫柔地接住。
《順流》以 Indie Pop × Dream Pop 為基底，融合 Ambient Folk 的空間感與如公路電影般的流動氛圍。編曲刻意保留大量留白，情緒內斂而緩慢推進，安眠巫師與黃玠瑋的聲線在歌曲中交錯，如同兩條逆流中的水脈，在孤獨與理解之間慢慢靠近。
這不是一首鼓勵你振作的歌， 而是一首在你累了的時候，陪你慢慢往前走的歌。
黃玠瑋形容錄音時腦海浮現的畫面，就像一部公路電影： 一條很長的道路，有人經過，有人上車，有人離開。
你不知道該不該回應，甚至有點孤單，但慢慢會發現——頻率對的人，自然會留下。
對安眠巫師而言，《順流》也是一種性格的鬆動。 允許不合時宜，允許自己的速度，也允許暫時不知道自己在做什麼。
這首歌不是要帶你去更遠的地方。 只是陪你， 把車繼續往前開。 人生如果真的卡住了， 有時候不是要重開機。 只是要先順流一下。
即使不知道明天在哪裡。 但方向， 會慢慢對上。
.
《 順流 (天氣加成版) 》  ｜安眠巫師  feat. 黃玠瑋
現在，你可以不用再用力了。","🎧 https://umg.lnk.to/spwfzysl 作詞| 黃玠瑋/ 秦旭章 作曲| 秦旭章 製作| 秦旭章/鍾承洋 訂了單程的車票 不想規劃去哪裡 維持平凡的生活 已經花光我所有的力氣 ⠀⠀ 有時我無能為力 只想躺平在家裡 我不想困在原地 不確定 ⠀⠀⠀⠀ 通往順流的頻率 深呼吸呀喘口氣 還沒發生的事情 看不透也沒關係 ⠀⠀⠀⠀ 明天在哪裡 不想去在意 我會在哪裡 我的影子在哪裡 我的笑容在哪裡 川流不息的海底 不知不覺的外空動力 ⠀⠀⠀⠀ 會不會太在意 每個人眼裡的自己 擁抱當下的每片風景 確定 ⠀⠀⠀⠀ 通往順流的頻率 深呼吸呀喘口氣 還沒發生的事情 看不透也沒關係 ⠀⠀⠀⠀ 明天在哪裡 不想去在意 我會在哪裡 時間每分每秒在流逝 只剩我還停留在這兒 每個人有自己的時區 沒關係 ⠀⠀⠀⠀ 通往順流的頻率 深呼吸呀喘口氣 還沒發生的事情 看不透也沒關係 ⠀⠀⠀⠀ 明天在哪裡 不想去在意 我會在哪裡 不想去在意 哪裡 
🎧 https://umg.lnk.to/spwfzysl
作詞| 黃玠瑋/ 秦旭章 作曲| 秦旭章 製作| 秦旭章/鍾承洋
訂了單程的車票 不想規劃去哪裡 維持平凡的生活 已經花光我所有的力氣 ⠀⠀
有時我無能為力 只想躺平在家裡 我不想困在原地 不確定 ⠀⠀⠀⠀
通往順流的頻率 深呼吸呀喘口氣 還沒發生的事情 看不透也沒關係 ⠀⠀⠀⠀
明天在哪裡 不想去在意 我會在哪裡
我的影子在哪裡 我的笑容在哪裡 川流不息的海底 不知不覺的外空動力 ⠀⠀⠀⠀
會不會太在意 每個人眼裡的自己 擁抱當下的每片風景 確定 ⠀⠀⠀⠀
通往順流的頻率 深呼吸呀喘口氣 還沒發生的事情 看不透也沒關係 ⠀⠀⠀⠀
明天在哪裡 不想去在意 我會在哪裡
時間每分每秒在流逝 只剩我還停留在這兒 每個人有自己的時區 沒關係 ⠀⠀⠀⠀
通往順流的頻率 深呼吸呀喘口氣 還沒發生的事情 看不透也沒關係 ⠀⠀⠀⠀
明天在哪裡 不想去在意 我會在哪裡 不想去在意
哪裡
留言（ 85 ） 最相關留言 所有留言
留言（ 85 ）",2026-08-24,,編輯推薦,True,False,
2026-08-31 05:00:02,realtime,all,,,4,哈樂黛 Haradise,瓶中信 (Demo),36,2476,9,https://streetvoice.com/haradise202412/songs/875693/,https://streetvoice.com/haradise202412/,"https://akstatic.streetvoice.com/song_covers/ha/ra/haradise202412/MuihQxXUzKofMPxhzhmNyE.jpeg?x-oss-process=image/resize,m_fixed,h_1,w_1,limit_0/resize,m_fixed,h_630,w_1200,limit_0/watermark,image_c29uZ19jb3ZlcnMvaGEvcmEvaGFyYWRpc2UyMDI0MTIvTXVpaFF4WFV6S29mTVB4aHpobU55RS5qcGVnP3gtb3NzLXByb2Nlc3M9aW1hZ2UvcmVzaXplLG1fZml4ZWQsaF8zNDQsd18zNDQsbGltaXRfMA,g_nw,x_428,y_143/watermark,image_YXNzZXQvaW1hZ2VzL21ldGFpbWFnZS1zb25nLnBuZw,g_nw,x_0,y_0",images/875693.jpeg,@haradise202412,音樂人,台北市,2016-03-01,2026-07-06 10:41,7,58,4,,https://www.instagram.com/haradise202412,https://www.youtube.com/@haradisebandofficialchannel,,,Folk,,,雨國 Kingdom of Rain、周趙容瑄,"詞：哈樂黛 曲：Chou Chao 編曲：哈樂黛 混音：趙沛 母帶：陳翰 製作人：陳翰 
詞：哈樂黛 曲：Chou Chao 編曲：哈樂黛 混音：趙沛 母帶：陳翰 製作人：陳翰","我是一封沒有地址的信 蜷縮在冰冷的玻璃瓶裡 隨著洋流 帶著你筆尖與淚痕的點滴 一起迷失在你的柔波裡 貼近著海浪的呼吸 濕氣洗去陌生的姓名在 一片汪洋裡 褪色的字句牽著我和你 展開我們的無聲遠行 陽光折射的橙色光暈 水下還藏另一片天地 不停的放映著褪色默劇 輪轉著 生鏽的回憶投影 瓶裝著 與你的幻影 我忘了我是一封信 泡沫唱著褪色的署名 被海浪叼去 連同迷路人魚 沉入海底 陽光折射的橙色光暈 水下還藏另一片天地 不停的放映著褪色默劇 嘆息撐破了玻璃瓶 字跡已落在你心底 
我是一封沒有地址的信 蜷縮在冰冷的玻璃瓶裡 隨著洋流 帶著你筆尖與淚痕的點滴 一起迷失在你的柔波裡
貼近著海浪的呼吸 濕氣洗去陌生的姓名在 一片汪洋裡 褪色的字句牽著我和你 展開我們的無聲遠行
陽光折射的橙色光暈 水下還藏另一片天地 不停的放映著褪色默劇 輪轉著 生鏽的回憶投影 瓶裝著 與你的幻影
我忘了我是一封信 泡沫唱著褪色的署名 被海浪叼去 連同迷路人魚 沉入海底
陽光折射的橙色光暈 水下還藏另一片天地 不停的放映著褪色默劇 嘆息撐破了玻璃瓶 字跡已落在你心底
留言（ 9 ） 最相關留言 所有留言
留言（ 9 ）",2026-08-21,,Song of the Day; 編輯推薦,True,True,
2026-08-31 05:00:02,realtime,all,,,5,AuZTIN,怎說？(demo),318,64153,84,https://streetvoice.com/summer_bush_wns/songs/875477/,https://streetvoice.com/summer_bush_wns/,"https://akstatic.streetvoice.com/song_covers/su/mm/summer_bush_wns/njQYwPArm5Qfh45hTjvtsb.jpeg?x-oss-process=image/resize,m_fixed,h_1,w_1,limit_0/resize,m_fixed,h_630,w_1200,limit_0/watermark,image_c29uZ19jb3ZlcnMvc3UvbW0vc3VtbWVyX2J1c2hfd25zL25qUVl3UEFybTVRZmg0NWhUanZ0c2IuanBlZz94LW9zcy1wcm9jZXNzPWltYWdlL3Jlc2l6ZSxtX2ZpeGVkLGhfMzQ0LHdfMzQ0LGxpbWl0XzA,g_nw,x_428,y_143/watermark,image_YXNzZXQvaW1hZ2VzL21ldGFpbWFnZS1zb25nLnBuZw,g_nw,x_0,y_0",images/875477.jpeg,@summer_bush_wns,音樂人,新北市,2022-05-01,,4,2950,1,,,https://www.youtube.com/user/StreetVoiceTV,第三屆「街聲年度音樂趨勢大獎」盛大登場！李竺芯：「街聲見證了我，金曲獎前面這些大家看不到的歷程！」|||https://blow.streetvoice.com/85903/?utm_source=streetvoice&utm_medium=profile-news-block; 第二屆「街聲年度音樂趨勢大獎」擴大規模舉辦！邀張震嶽、熊仔、國國、鄭宜農擔任頒獎嘉賓|||https://blow.streetvoice.com/78673/?utm_source=streetvoice&utm_medium=profile-news-block; 金曲、金音前哨站，第二屆「𝙎𝙩𝙧𝙚𝙚𝙩𝙑𝙤𝙞𝙘𝙚 𝘼𝙬𝙖𝙧𝙙𝙨 街聲年度音樂趨勢大獎」公布全名單|||https://blow.streetvoice.com/78557/?utm_source=streetvoice&utm_medium=profile-news-block,,Pop,,,,"我們重來過，你怎麼說？ 
我們重來過，你怎麼說？","我們重來過 怎怎怎 怎麼說 就當這場雨 躲躲躲 了過頭 再讓我陪你 走走走 了好久 只要你能夠 夠等我 我振作 你怎麼說 我坐在六月的北極圈盼著落日 麻痹的雙手再接不住你的心事 看著迷路的訊息有多諷刺 在受傷的同時算著傷了你幾次 現在的你會不會怪我太慢懂事 又傷了自己能不能來罵我幼稚 我接受忽視接手沒你的城市 卻再固執再無知地期待童話結局被收拾 有些話我們不該說 有些承諾讓你等了太久 若我放棄了執著 你別放棄溫柔 能不能把傷鎖在角落 如果我們重來過 怎怎怎 怎麼說 就當作一切 都都沒發生過 就算要時間過過過了好久 只要你能夠 夠等我 我振作 我們重來過 怎怎怎 怎麼說 就當這場雨 躲躲躲 了過頭 再讓我陪你 走走走 了好久 答應你能夠 夠等我 我振作 你怎麼說 
我們重來過 怎怎怎 怎麼說 就當這場雨 躲躲躲 了過頭 再讓我陪你 走走走 了好久 只要你能夠 夠等我 我振作 你怎麼說
我坐在六月的北極圈盼著落日 麻痹的雙手再接不住你的心事 看著迷路的訊息有多諷刺 在受傷的同時算著傷了你幾次 現在的你會不會怪我太慢懂事 又傷了自己能不能來罵我幼稚 我接受忽視接手沒你的城市 卻再固執再無知地期待童話結局被收拾
有些話我們不該說 有些承諾讓你等了太久 若我放棄了執著 你別放棄溫柔 能不能把傷鎖在角落
如果我們重來過 怎怎怎 怎麼說 就當作一切 都都沒發生過 就算要時間過過過了好久 只要你能夠 夠等我 我振作
我們重來過 怎怎怎 怎麼說 就當這場雨 躲躲躲 了過頭 再讓我陪你 走走走 了好久 答應你能夠 夠等我 我振作 你怎麼說
留言（ 84 ） 最相關留言 所有留言
留言（ 84 ）",2026-08-19,,週排行冠軍; 編輯推薦,True,False,
2026-08-31 05:00:02,realtime,all,,,6,邓加宇,爱人,14,792,1,https://streetvoice.com/djy2690/songs/875984/,https://streetvoice.com/djy2690/,"https://akstatic.streetvoice.com/song_covers/dj/y2/djy2690/oWcwUm4DXauGuewkGmAPQz.jpeg?x-oss-process=image/resize,m_fixed,h_1,w_1,limit_0/resize,m_fixed,h_630,w_1200,limit_0/watermark,image_c29uZ19jb3ZlcnMvZGoveTIvZGp5MjY5MC9vV2N3VW00RFhhdUd1ZXdrR21BUFF6LmpwZWc_eC1vc3MtcHJvY2Vzcz1pbWFnZS9yZXNpemUsbV9maXhlZCxoXzM0NCx3XzM0NCxsaW1pdF8w,g_nw,x_428,y_143/watermark,image_YXNzZXQvaW1hZ2VzL21ldGFpbWFnZS1zb25nLnBuZw,g_nw,x_0,y_0",images/875984.jpeg,@djy2690,音樂人,北京,2019-07-01,,11,21,1,,,https://www.youtube.com/user/StreetVoiceTV,第18屆Freshmusic Awards得獎名單揭曉 陶晶瑩首次參與評審|||https://blow.streetvoice.com/81270/?utm_source=streetvoice&utm_medium=profile-news-block; 第17屆Freshmusic Awards入圍名單公布！6/20線上直播揭獎！|||https://blow.streetvoice.com/73888/?utm_source=streetvoice&utm_medium=profile-news-block,,Pop,30岁前的世界观,https://streetvoice.com/djy2690/songs/album/97325943/,,"5 
5","動態歌詞
作曲 Composed by：邓加宇 Joe Deng 作词 Lyrics by：邓加宇 Joe Deng 制作人 Produced by：邓加宇 Joe Deng 编曲 Music Arranged：邓加宇 Joe Deng 混音 Mixed by：一丁 Yi Ding 母带 Mastered by：Felix Davis 监制 Supervised by：黄宏展 Huang Hong Zhan 吉他 Guitar：邓加宇 Joe Deng 钢琴/键盘/合成器 Piano/keyboard/Synthesizer：邓加宇 Joe Deng 贝斯 Bass：邓加宇 Joe Deng 采样 Sampled by：邓加宇 Joe Deng 人声编辑 Vocal Editing by：邓加宇 Joe Deng 人声录音Vocals Recorded by：一丁 Yi Ding 邓加宇 Joe Deng 钢琴录音 Piano Recorded by：一丁 Yi Ding 夏侯哲Xia Hou Zhe 乐器录音 Instruments Recorded by：邓加宇 Joe Deng 和声/合唱 Backing Vocals ：邓加宇 Joe Deng 周菲戈Zhou Fei Ge 和声编写 Backing Vocals Arranged by：邓加宇 Joe Deng 我又再梦到你 雾对岸静谧的眼 越过不可能的风 相见 唱过歌的那边 强壮的人擎着帆 不自觉哼起那段 遥远又真切 的时间抱歉那时候我还没 学会 爱人 我的 爱人 乘起风筝 我想我还没理解我 们 青春如此美好 可却又如此短暂 转眼已踩在山 外 山 一千个普通的夜 稚嫩的莺不停歇 不厌烦诉说那些 遥远又真切 的时间抱歉那时候我还没 学会 爱人 我的 爱人 乘起风筝 原谅我还没理解我 学会 爱人 我的 爱人 成为风筝 挥霍在澄亮的时分 祝好我的爱人 
作曲 Composed by：邓加宇 Joe Deng 作词 Lyrics by：邓加宇 Joe Deng 制作人 Produced by：邓加宇 Joe Deng 编曲 Music Arranged：邓加宇 Joe Deng 混音 Mixed by：一丁 Yi Ding 母带 Mastered by：Felix Davis 监制 Supervised by：黄宏展 Huang Hong Zhan 吉他 Guitar：邓加宇 Joe Deng 钢琴/键盘/合成器 Piano/keyboard/Synthesizer：邓加宇 Joe Deng 贝斯 Bass：邓加宇 Joe Deng 采样 Sampled by：邓加宇 Joe Deng 人声编辑 Vocal Editing by：邓加宇 Joe Deng 人声录音Vocals Recorded by：一丁 Yi Ding 邓加宇 Joe Deng 钢琴录音 Piano Recorded by：一丁 Yi Ding 夏侯哲Xia Hou Zhe 乐器录音 Instruments Recorded by：邓加宇 Joe Deng 和声/合唱 Backing Vocals ：邓加宇 Joe Deng 周菲戈Zhou Fei Ge 和声编写 Backing Vocals Arranged by：邓加宇 Joe Deng
我又再梦到你 雾对岸静谧的眼 越过不可能的风 相见
唱过歌的那边 强壮的人擎着帆 不自觉哼起那段
遥远又真切 的时间抱歉那时候我还没
学会 爱人 我的 爱人 乘起风筝 我想我还没理解我 们 青春如此美好 可却又如此短暂 转眼已踩在山 外 山
一千个普通的夜 稚嫩的莺不停歇 不厌烦诉说那些
遥远又真切 的时间抱歉那时候我还没
学会 爱人 我的 爱人 乘起风筝 原谅我还没理解我 学会 爱人 我的 爱人 成为风筝 挥霍在澄亮的时分
祝好我的爱人
留言（ 1 ） 最相關留言 所有留言
留言（ 1 ）",2026-08-23,,Song of the Day; 編輯推薦,True,True,
2026-08-31 05:00:02,realtime,all,,,7,沒有才能,二十五,81,3494,9,https://streetvoice.com/anti_talent/songs/876006/,https://streetvoice.com/anti_talent/,"https://akstatic.streetvoice.com/song_covers/an/ti/anti_talent/7weRVH3PFb6WKcjGyaM9sF.jpeg?x-oss-process=image/resize,m_fixed,h_1,w_1,limit_0/resize,m_fixed,h_630,w_1200,limit_0/watermark,image_c29uZ19jb3ZlcnMvYW4vdGkvYW50aV90YWxlbnQvN3dlUlZIM1BGYjZXS2NqR3lhTTlzRi5qcGVnP3gtb3NzLXByb2Nlc3M9aW1hZ2UvcmVzaXplLG1fZml4ZWQsaF8zNDQsd18zNDQsbGltaXRfMA,g_nw,x_428,y_143/watermark,image_YXNzZXQvaW1hZ2VzL21ldGFpbWFnZS1zb25nLnBuZw,g_nw,x_0,y_0",images/876006.jpeg,@anti_talent,音樂人,花蓮縣,2019-03-01,2021-06-30 20:14,14,5784,21,https://www.facebook.com/profile.php?id=100057806991024,https://www.instagram.com/antitalentttt/,https://www.youtube.com/channel/UCioPM4PKLFaMaW7VTBXai_Q,金旋音樂節即將登場！力邀LAWA合體鄒序、楊子平攜手沒有才能等四組共演驚喜上陣|||https://blow.streetvoice.com/79258/?utm_source=streetvoice&utm_medium=profile-news-block; 從長頸鹿進化成人類！沒有才能推出首張專輯《我終於也變成人了》宣告正式轉大人|||https://blow.streetvoice.com/76073/?utm_source=streetvoice&utm_medium=profile-news-block; 新銳唱作人Everydaze擔任製作 沒有才能新歌〈此時此刻〉衝上街聲即時排行榜冠軍|||https://blow.streetvoice.com/75521/?utm_source=streetvoice&utm_medium=profile-news-block,,R&B / Soul,,,,"送給每一位面臨25歲半半生危機但仍繼續努力的人 從年少的心願變成眼前的生活，我們可以，我們做得到 Credit: 詞曲 Lyricist / Composer｜沒有才能 anti-talent 編曲 Arrangement ｜碩美 咪媽 Mixing&Mastering ｜碩美 
送給每一位面臨25歲半半生危機但仍繼續努力的人 從年少的心願變成眼前的生活，我們可以，我們做得到
Credit: 詞曲 Lyricist / Composer｜沒有才能 anti-talent 編曲 Arrangement ｜碩美 咪媽 Mixing&Mastering ｜碩美","不知不覺 就到了這門檻 不再無知 但將來怎麼辦 他們說 蹲的低才跳的高 他們說 敗不餒 勝不驕 以為長大會撥雲見日 還是怕丟臉 但至少有誠實 再給我點時間 我也會很特別 熟悉的空房間裡 壓抑著想念 再給我點信念 我也能走到那 夢裡見到的風景 我一定要親眼看見 嗚 轉眼25 前方的路依舊不清楚 手握畫筆繼續畫圖 它長得太抽象 不能預測方向 站遠仔細端詳 不由自主流下一滴淚 Keep your head up 即使會害怕 你為了看見那個景象付了代價 在冷嘲熱諷裡面你連滾帶爬 還是殺不掉你熱情因為那是愛啊 像陰鬱土壤內依舊會開花 像那個天才也曾被人當成呆瓜 難道你甘願永遠在台下拍嗎 去成為你想成為的 其他隨風吹吧 最開始的心願 也不是很特別 重複闖進深夜裡 渴望著明天 再給我點信念 我也能走到那 夢裡見到的風景 我一定要親眼看見 要看見 它實現 要看見 它實現 要看見 它實現 看見 它實現 再給我點時間 我也會很特別 熟悉的空房間裡 壓抑著想念 再給我點信念 我也能走到那 夢裡見到的風景 我一定要親眼看見 
不知不覺 就到了這門檻 不再無知 但將來怎麼辦 他們說 蹲的低才跳的高 他們說 敗不餒 勝不驕 以為長大會撥雲見日 還是怕丟臉 但至少有誠實
再給我點時間 我也會很特別 熟悉的空房間裡 壓抑著想念 再給我點信念 我也能走到那 夢裡見到的風景 我一定要親眼看見
嗚 轉眼25 前方的路依舊不清楚 手握畫筆繼續畫圖 它長得太抽象 不能預測方向 站遠仔細端詳 不由自主流下一滴淚
Keep your head up 即使會害怕 你為了看見那個景象付了代價 在冷嘲熱諷裡面你連滾帶爬 還是殺不掉你熱情因為那是愛啊 像陰鬱土壤內依舊會開花 像那個天才也曾被人當成呆瓜 難道你甘願永遠在台下拍嗎 去成為你想成為的 其他隨風吹吧
最開始的心願 也不是很特別 重複闖進深夜裡 渴望著明天 再給我點信念 我也能走到那 夢裡見到的風景 我一定要親眼看見
要看見 它實現 要看見 它實現 要看見 它實現 看見 它實現
再給我點時間 我也會很特別 熟悉的空房間裡 壓抑著想念 再給我點信念 我也能走到那 夢裡見到的風景 我一定要親眼看見
留言（ 9 ） 最相關留言 所有留言
留言（ 9 ）",2026-08-25,,編輯推薦,True,False,
2026-08-31 05:00:02,realtime,all,,,8,Daydream,ドキドキ(dokidoki),10,534,3,https://streetvoice.com/28daydream/songs/876758/,https://streetvoice.com/28daydream/,"https://akstatic.streetvoice.com/song_covers/28/da/28daydream/fbBARbgiVA6mVFC4c3C6Dk.jpg?x-oss-process=image/resize,m_fixed,h_1,w_1,limit_0/resize,m_fixed,h_630,w_1200,limit_0/watermark,image_c29uZ19jb3ZlcnMvMjgvZGEvMjhkYXlkcmVhbS9mYkJBUmJnaVZBNm1WRkM0YzNDNkRrLmpwZz94LW9zcy1wcm9jZXNzPWltYWdlL3Jlc2l6ZSxtX2ZpeGVkLGhfMzQ0LHdfMzQ0LGxpbWl0XzA,g_nw,x_428,y_143/watermark,image_YXNzZXQvaW1hZ2VzL21ldGFpbWFnZS1zb25nLnBuZw,g_nw,x_0,y_0",images/876758.jpg,@28daydream,音樂人,嘉義縣,2024-01-01,,3,14,7,,,https://www.youtube.com/user/StreetVoiceTV,破千萬點聽單曲〈Okinawa〉原唱 「咖啡廳歌單必備」自然系樂團92914首次登台！|||https://blow.streetvoice.com/67168/?utm_source=streetvoice&utm_medium=profile-news-block; 這些自創畢業歌你都看過了嗎？ 2017寫歌潮又來了|||https://blow.streetvoice.com/33816/?utm_source=streetvoice&utm_medium=profile-news-block; 達人聽歌：微酸的偷窺狂〈過去的過不去〉直白爽快 毫不保留的歌詞讓人雀躍舞動|||https://blow.streetvoice.com/29315/?utm_source=streetvoice&utm_medium=profile-news-block,,Hip hop / Rap,,,,"高中時的戀愛 雖然有一點短暫♪♫ 作詞｜Daydream 賴婕綺 作曲｜Daydream 賴婕綺 type beat｜CALL ME （ https://youtu.be/m2Qarizoq6Q?si=K_KX-G-KdSzg0OlG） 錄音｜Daydream 賴婕綺 混音｜Daydream 賴婕綺 封面｜Daydream 賴婕綺、攝影師｜Weirdy 
高中時的戀愛 雖然有一點短暫♪♫
作詞｜Daydream 賴婕綺 作曲｜Daydream 賴婕綺 type beat｜CALL ME （ https://youtu.be/m2Qarizoq6Q?si=K_KX-G-KdSzg0OlG） 錄音｜Daydream 賴婕綺 混音｜Daydream 賴婕綺 封面｜Daydream 賴婕綺、攝影師｜Weirdy
https://youtu.be/m2Qarizoq6Q?si=K_KX-G-KdSzg0OlG）","動態歌詞
心！ ドキドキドキドキドキドキド 我⋯ 好好好好緊張緊張好好好好緊張 手 牽著又緊握緊牽著又心動 殺死我的到底是浪漫 還是你的手指頭？ 你一口 我一口 吃吃看 這不錯 我保證 有以後 你願不願 意跟我走？ 闖進我心房的理由 難不成是看上我優秀的面孔 哦 我心房已上了鎖 命令你只准牽我手 看著我雙眸再親我一口 其他的就晚點再說 專屬於你的鑰匙 我早就放在你制服右邊口袋 我喜歡你喜歡得要死 如果可以想把你裝進右邊口袋 交換運動服外套 身上穿著你的香味我好喜歡 便當盒忘了帶到 沒關係去你們班吃你碗內的菜 我恨不得大聲炫耀 四處公告 讓知道你的人知道 你有我罩 只要你一開口我就會笑 你的身影你的心跳我都明瞭 我們是備受矚目的焦點 旁人羨慕都找不到缺點 有時會磨合有時會冤家 了解彼此原意各退一些 關於愛情我能明白 你對愛的不安和恐懼感 現在說這不算太晚 從現在開始調整愛的型態 心！ ドキドキドキドキドキドキド 我⋯ 好好好好緊張緊張好好好好緊張 手 牽著又緊握緊牽著又心動 殺死我的到底是浪漫 還是你的手指頭？？ 
心！ ドキドキドキドキドキドキド 我⋯ 好好好好緊張緊張好好好好緊張 手 牽著又緊握緊牽著又心動 殺死我的到底是浪漫 還是你的手指頭？ 你一口 我一口 吃吃看 這不錯 我保證 有以後 你願不願 意跟我走？ 闖進我心房的理由 難不成是看上我優秀的面孔 哦 我心房已上了鎖 命令你只准牽我手 看著我雙眸再親我一口 其他的就晚點再說 專屬於你的鑰匙 我早就放在你制服右邊口袋 我喜歡你喜歡得要死 如果可以想把你裝進右邊口袋 交換運動服外套 身上穿著你的香味我好喜歡 便當盒忘了帶到 沒關係去你們班吃你碗內的菜 我恨不得大聲炫耀 四處公告 讓知道你的人知道 你有我罩 只要你一開口我就會笑 你的身影你的心跳我都明瞭 我們是備受矚目的焦點 旁人羨慕都找不到缺點 有時會磨合有時會冤家 了解彼此原意各退一些 關於愛情我能明白 你對愛的不安和恐懼感 現在說這不算太晚 從現在開始調整愛的型態 心！ ドキドキドキドキドキドキド 我⋯ 好好好好緊張緊張好好好好緊張 手 牽著又緊握緊牽著又心動 殺死我的到底是浪漫 還是你的手指頭？？
留言（ 3 ） 最相關留言 所有留言
留言（ 3 ）",2026-08-28,,編輯推薦,True,False,
2026-08-31 05:00:02,realtime,all,,,9,雷克非 Christopher R,晴空萬里,11,167,20,https://streetvoice.com/ChristopherR/songs/876986/,https://streetvoice.com/ChristopherR/,"https://akstatic.streetvoice.com/song_covers/Ch/ri/ChristopherR/YvrH4mCixMHxRCRYV62rD7.jpeg?x-oss-process=image/resize,m_fixed,h_1,w_1,limit_0/resize,m_fixed,h_630,w_1200,limit_0/watermark,image_c29uZ19jb3ZlcnMvQ2gvcmkvQ2hyaXN0b3BoZXJSL1l2ckg0bUNpeE1IeFJDUllWNjJyRDcuanBlZz94LW9zcy1wcm9jZXNzPWltYWdlL3Jlc2l6ZSxtX2ZpeGVkLGhfMzQ0LHdfMzQ0LGxpbWl0XzA,g_nw,x_428,y_143/watermark,image_YXNzZXQvaW1hZ2VzL21ldGFpbWFnZS1zb25nLnBuZw,g_nw,x_0,y_0",images/876986.jpeg,@ChristopherR,音樂人,,,,45,46,132,,,https://www.youtube.com/user/StreetVoiceTV,,,World,晴空萬里,https://streetvoice.com/ChristopherR/songs/album/97325999/,李敏哲,"晴空萬里 開車去找你 卻開進一場暴風雨 是你 詞：雷克非 曲：雷克非/李敏哲/SUNO 唱：李敏哲 
晴空萬里 開車去找你 卻開進一場暴風雨 是你
詞：雷克非 曲：雷克非/李敏哲/SUNO 唱：李敏哲","[Verse 1] 晴空萬里，出發時我還笑著得意 連天氣預報，都說不會下雨 太想你，才不管它那麼多顧慮 心裡早就沒有一絲懷疑 [Pre-Chorus] 路的盡頭，烏雲悄悄地聚在一起 天氣的變化，好像有它自己的邏輯 其實颳風下雨，我大概也還是會去 連自己都覺得，這樣有點可笑又可議 [Chorus] 晴空萬里，我開車去找你 偏偏開進了一場暴風雨 雨刷來回，說著同一個道理 笑著笑著，也想通了自己 [Verse 2] 車速慢了，我笑出聲來也沒關係 方向盤握著，像握住一份遲來的心意 沒什麼道理，這程度叫做瘋狂愛你 即使沉默，也都用盡全力 [Chorus] 晴空萬里，我開車去找你 還是開進了這場暴風雨 雨刷來回，我沒打算就此放棄 是誰的天氣，落在了這裡 [Bridge] 唱歌歸唱歌，濕身歸濕身沒關係 連自己都懶得問是不是天意 太想你，硬著頭皮 這場暴風雨，好像也可以 [Outro] 到了，雨還沒放過這齣戲 太想你，硬著頭皮 卻擁抱了你，這場暴風雨 淋濕了，也沒關係 
[Verse 1] 晴空萬里，出發時我還笑著得意 連天氣預報，都說不會下雨 太想你，才不管它那麼多顧慮 心裡早就沒有一絲懷疑
[Pre-Chorus] 路的盡頭，烏雲悄悄地聚在一起 天氣的變化，好像有它自己的邏輯 其實颳風下雨，我大概也還是會去 連自己都覺得，這樣有點可笑又可議
[Chorus] 晴空萬里，我開車去找你 偏偏開進了一場暴風雨 雨刷來回，說著同一個道理 笑著笑著，也想通了自己
[Verse 2] 車速慢了，我笑出聲來也沒關係 方向盤握著，像握住一份遲來的心意 沒什麼道理，這程度叫做瘋狂愛你 即使沉默，也都用盡全力
[Chorus] 晴空萬里，我開車去找你 還是開進了這場暴風雨 雨刷來回，我沒打算就此放棄 是誰的天氣，落在了這裡
[Bridge] 唱歌歸唱歌，濕身歸濕身沒關係 連自己都懶得問是不是天意 太想你，硬著頭皮 這場暴風雨，好像也可以
[Outro] 到了，雨還沒放過這齣戲 太想你，硬著頭皮 卻擁抱了你，這場暴風雨 淋濕了，也沒關係
留言（ 20 ） 最相關留言 所有留言
留言（ 20 ）",2026-08-30,,AI 協作 World ・ 晴空萬里,False,False,
2026-08-31 05:00:02,realtime,all,,,10,雨國 Kingdom of Rain,總有不同的路要走,58,2063,28,https://streetvoice.com/kingdomofrain/songs/876158/,https://streetvoice.com/kingdomofrain/,"https://akstatic.streetvoice.com/song_covers/ki/ng/kingdomofrain/khetXxJhrhEpYBK9y9Nrmh.jpeg?x-oss-process=image/resize,m_fixed,h_1,w_1,limit_0/resize,m_fixed,h_630,w_1200,limit_0/watermark,image_c29uZ19jb3ZlcnMva2kvbmcva2luZ2RvbW9mcmFpbi9raGV0WHhKaHJoRXBZQks5eTlOcm1oLmpwZWc_eC1vc3MtcHJvY2Vzcz1pbWFnZS9yZXNpemUsbV9maXhlZCxoXzM0NCx3XzM0NCxsaW1pdF8w,g_nw,x_428,y_143/watermark,image_YXNzZXQvaW1hZ2VzL21ldGFpbWFnZS1zb25nLnBuZw,g_nw,x_0,y_0",images/876158.jpeg,@kingdomofrain,音樂人,,,2021-05-20 15:42,53,1463,1,,,https://youtu.be/GRV3uu6d_xw,無畏地走下去 雨國 Kingdom of Rain 新曲〈奇遇〉釋出|||https://blow.streetvoice.com/22980/?utm_source=streetvoice&utm_medium=profile-news-block; 海洋音樂祭評審團大獎得主雨國 新歌〈Robot Dreams〉靈感取自《再見機器人》|||https://blow.streetvoice.com/84673/?utm_source=streetvoice&utm_medium=profile-news-block; 恭喜Nana高娜娜、雨國、逃走鮑伯獲選2019臺北周末音樂不斷電優勝團隊|||https://blow.streetvoice.com/47753/?utm_source=streetvoice&utm_medium=profile-news-block,,Dance,,,,"詞曲：陳翰 編曲：雨國 混音：曹安 母帶：曹安 
詞曲：陳翰 編曲：雨國 混音：曹安 母帶：曹安","動態歌詞
我們總有不同條的路要走 在這些日常不過的對話中 總有繼續往下走的足夠理由 理解季節週期仍會變動 試著放下過去擔憂的困惑 春夏秋冬中你會懂得過 在那些過往的日常對話當中 萬物總會有放下的理由 平淡的對話 平淡的時候 不想庸庸碌碌過著生活 那些改變不了自己的平庸 提醒著你我 學著把話放在心中 只對自己說 學會將話存在心中 只為你而活 學著把話放在心中 只對自己說 學會將話存在心中 只為你而活 理解生命的變動 諒解一切的無果 理解故事的結果 未必能有始有終 我們總有不同條的路要走 在這些日常不過的對話中 總有繼續往下走的足夠理由 理解季節週期仍會變動 試著放下過去擔憂的困惑 春夏秋冬中你會懂得過 在那些過往的日常對話當中 萬物總會有放下的理由 理解故事的結果 未必能有始有終 理解生命的變動 諒解一切的無果 理解故事的結果 未必能有始有終 理解生命的變動 諒解一切的無果 理解故事的結果 未必能有始有終 理解生命的變動 諒解一切的無果 理解故事的結果 未必能有始有終 理解生命的變動 諒解一切的無果 理解故事的結果 未必能有始有終 
我們總有不同條的路要走 在這些日常不過的對話中 總有繼續往下走的足夠理由 理解季節週期仍會變動 試著放下過去擔憂的困惑 春夏秋冬中你會懂得過 在那些過往的日常對話當中 萬物總會有放下的理由 平淡的對話 平淡的時候 不想庸庸碌碌過著生活 那些改變不了自己的平庸 提醒著你我 學著把話放在心中 只對自己說 學會將話存在心中 只為你而活 學著把話放在心中 只對自己說 學會將話存在心中 只為你而活 理解生命的變動 諒解一切的無果 理解故事的結果 未必能有始有終 我們總有不同條的路要走 在這些日常不過的對話中 總有繼續往下走的足夠理由 理解季節週期仍會變動 試著放下過去擔憂的困惑 春夏秋冬中你會懂得過 在那些過往的日常對話當中 萬物總會有放下的理由 理解故事的結果 未必能有始有終 理解生命的變動 諒解一切的無果 理解故事的結果 未必能有始有終 理解生命的變動 諒解一切的無果 理解故事的結果 未必能有始有終 理解生命的變動 諒解一切的無果 理解故事的結果 未必能有始有終 理解生命的變動 諒解一切的無果 理解故事的結果 未必能有始有終
留言（ 28 ） 最相關留言 所有留言
留言（ 28 ）",2026-08-24,,編輯推薦,True,False,
2026-08-31 05:00:02,realtime,all,,,11,labere,天文氣候色彩學-Demo,53,2768,5,https://streetvoice.com/Chen_Wen_Yue/songs/875470/,https://streetvoice.com/Chen_Wen_Yue/,"https://akstatic.streetvoice.com/song_covers/Ch/en/Chen_Wen_Yue/hZtZ7YqpmtYaCzsicmqNtm.jpeg?x-oss-process=image/resize,m_fixed,h_1,w_1,limit_0/resize,m_fixed,h_630,w_1200,limit_0/watermark,image_c29uZ19jb3ZlcnMvQ2gvZW4vQ2hlbl9XZW5fWXVlL2hadFo3WXFwbXRZYUN6c2ljbXFOdG0uanBlZz94LW9zcy1wcm9jZXNzPWltYWdlL3Jlc2l6ZSxtX2ZpeGVkLGhfMzQ0LHdfMzQ0LGxpbWl0XzA,g_nw,x_428,y_143/watermark,image_YXNzZXQvaW1hZ2VzL21ldGFpbWFnZS1zb25nLnBuZw,g_nw,x_0,y_0",images/875470.jpeg,@Chen_Wen_Yue,音樂人,台東縣,2018-04-01,2022-04-25 21:27,5,150,15,,https://www.instagram.com/labere_chen/,https://www.youtube.com/user/StreetVoiceTV,第二屆「街聲年度音樂趨勢大獎」擴大規模舉辦！邀張震嶽、熊仔、國國、鄭宜農擔任頒獎嘉賓|||https://blow.streetvoice.com/78673/?utm_source=streetvoice&utm_medium=profile-news-block; 金曲、金音前哨站，第二屆「𝙎𝙩𝙧𝙚𝙚𝙩𝙑𝙤𝙞𝙘𝙚 𝘼𝙬𝙖𝙧𝙙𝙨 街聲年度音樂趨勢大獎」公布全名單|||https://blow.streetvoice.com/78557/?utm_source=streetvoice&utm_medium=profile-news-block,,Folk,,,,"Lyrics: Pacak Music: LABERE Arrangement: LABERE 
Lyrics: Pacak Music: LABERE Arrangement: LABERE","紅色是你 毫無保留揮灑了自己 橘色是我 溫柔包裝所有不安定 黃色是你 就像太陽照亮這行星 綠色是我 草原咀嚼著地心引力 藍色是你 熱愛海洋跟風和日麗 紫色是我 幻想跟你一起被雨淋 當我心理複雜的像氣候 軀殼空蕩的像宇宙 你卻不在乎的擁抱我 當我不喜歡自己的時候 越脆弱 越希望被拯救 越倔強 越渴望被你的溫柔包裹 
紅色是你 毫無保留揮灑了自己
橘色是我 溫柔包裝所有不安定
黃色是你 就像太陽照亮這行星
綠色是我 草原咀嚼著地心引力
藍色是你 熱愛海洋跟風和日麗
紫色是我 幻想跟你一起被雨淋
當我心理複雜的像氣候
軀殼空蕩的像宇宙
你卻不在乎的擁抱我
當我不喜歡自己的時候
越脆弱 越希望被拯救
越倔強 越渴望被你的溫柔包裹
留言（ 5 ） 最相關留言 所有留言
留言（ 5 ）",2026-08-19,,編輯推薦,True,False,
2026-08-31 05:00:02,realtime,all,,,12,MORE BE US,退潮,146,12605,12,https://streetvoice.com/morebeus_official/songs/874196/,https://streetvoice.com/morebeus_official/,"https://akstatic.streetvoice.com/song_covers/mo/re/morebeus_official/4Cc95H92v5bbYN2uCsnkju.jpeg?x-oss-process=image/resize,m_fixed,h_1,w_1,limit_0/resize,m_fixed,h_630,w_1200,limit_0/watermark,image_c29uZ19jb3ZlcnMvbW8vcmUvbW9yZWJldXNfb2ZmaWNpYWwvNENjOTVIOTJ2NWJiWU4ydUNzbmtqdS5qcGVnP3gtb3NzLXByb2Nlc3M9aW1hZ2UvcmVzaXplLG1fZml4ZWQsaF8zNDQsd18zNDQsbGltaXRfMA,g_nw,x_428,y_143/watermark,image_YXNzZXQvaW1hZ2VzL21ldGFpbWFnZS1zb25nLnBuZw,g_nw,x_0,y_0",images/874196.jpeg,@morebeus_official,音樂人,台灣,2025-12-01,2026-02-12 09:57,5,622,3,,https://www.instagram.com/morebeus_official/,https://www.youtube.com/@morebeus_official,「秋OUT音樂節」海外陣容驚喜加碼！日本樂團礼賛、東京製作鬼才VIDEOTAPEMUSIC、蒙古樂團NaraBara參戰|||https://blow.streetvoice.com/82661/?utm_source=streetvoice&utm_medium=profile-news-block; 2025大港開唱再公布20組陣容！黃大謙與I Mean Us合作，獻上首次音樂祭演出|||https://blow.streetvoice.com/78923/?utm_source=streetvoice&utm_medium=profile-news-block; 2024浪人祭推出全新海外陣容：西班牙文青女聲Russian Red再次訪台，kanekoayano、Science Noodles接力開唱|||https://blow.streetvoice.com/76097/?utm_source=streetvoice&utm_medium=profile-news-block,,Rock,,,,"站在沙灘上，你很難只憑一道浪，就判斷海是在漲潮還是退潮。浪花一次次漫過雙腳，又退回海裡，順勢帶走腳下幾粒沙。 退潮從不是一次帶走所有，而是在一次又一次的浪裡，無聲地讓一些東西悄悄離開。有些人的離開，也是如此。等你終於回過頭，那個曾經眼裡只有你的人，早已不在原地。 
站在沙灘上，你很難只憑一道浪，就判斷海是在漲潮還是退潮。浪花一次次漫過雙腳，又退回海裡，順勢帶走腳下幾粒沙。
退潮從不是一次帶走所有，而是在一次又一次的浪裡，無聲地讓一些東西悄悄離開。有些人的離開，也是如此。等你終於回過頭，那個曾經眼裡只有你的人，早已不在原地。","動態歌詞
風暖暖的沙灘上 靜悄悄的走在一起 好嗎 你多我一大截步伐 讓我一刻都不能停下 隨著你走 退潮帶走了我 無影無蹤 你可曾找尋過 那顆愛你的心 充滿你的眼睛 海水輕輕淹沒了 不知不覺的 風冷冷的 沙灘上 緊緊挨著走在一起 好嗎 別先走 我跟不上 你回頭 看看我 好不好嘛 好嗎 隨著你走 退潮帶走了我 無影無蹤 你可曾找尋過 那個執著著你 不是你就不行 海水輕輕淹沒了 無跡可循的 你走 別假裝在乎我 是我 讓真相如此赤裸 別找回我的心 別看向我眼睛 海水輕輕淹沒了 重重墜落的 我 
風暖暖的沙灘上 靜悄悄的走在一起 好嗎 你多我一大截步伐 讓我一刻都不能停下
隨著你走 退潮帶走了我 無影無蹤 你可曾找尋過 那顆愛你的心 充滿你的眼睛 海水輕輕淹沒了 不知不覺的
風冷冷的 沙灘上 緊緊挨著走在一起 好嗎 別先走 我跟不上 你回頭 看看我 好不好嘛 好嗎
隨著你走 退潮帶走了我 無影無蹤 你可曾找尋過 那個執著著你 不是你就不行 海水輕輕淹沒了 無跡可循的
你走 別假裝在乎我 是我 讓真相如此赤裸 別找回我的心 別看向我眼睛 海水輕輕淹沒了 重重墜落的 我
留言（ 12 ） 最相關留言 所有留言
留言（ 12 ）",2026-08-12,,Song of the Day; 週排行冠軍; 編輯推薦,True,True,
2026-08-31 05:00:02,realtime,all,,,13,Hazii,《自傳》demo-Hazii,6,119,7,https://streetvoice.com/VictorHu/songs/877045/,https://streetvoice.com/VictorHu/,"https://akstatic.streetvoice.com/song_covers/Vi/ct/VictorHu/TgyskaySvNBg67xmp2EyL7.jpg?x-oss-process=image/resize,m_fixed,h_1,w_1,limit_0/resize,m_fixed,h_630,w_1200,limit_0/watermark,image_c29uZ19jb3ZlcnMvVmkvY3QvVmljdG9ySHUvVGd5c2theVN2TkJnNjd4bXAyRXlMNy5qcGc_eC1vc3MtcHJvY2Vzcz1pbWFnZS9yZXNpemUsbV9maXhlZCxoXzM0NCx3XzM0NCxsaW1pdF8w,g_nw,x_428,y_143/watermark,image_YXNzZXQvaW1hZ2VzL21ldGFpbWFnZS1zb25nLnBuZw,g_nw,x_0,y_0",images/877045.jpg,@VictorHu,音樂人,,,,2,12,13,,,https://www.youtube.com/user/StreetVoiceTV,,,Hip hop / Rap,,,,"這首歌的發想從24年開始就想做了 礙於當時整理思緒跟編排的能力太差無法實現 終於在一個好的狀態下把這首歌完成 真的很感動 想跟大家分享一下我的故事 歡迎進入我的夢境 好眠❤️ 
這首歌的發想從24年開始就想做了 礙於當時整理思緒跟編排的能力太差無法實現 終於在一個好的狀態下把這首歌完成 真的很感動 想跟大家分享一下我的故事 歡迎進入我的夢境 好眠❤️","清晨的霧被陽光穿透 在夢境裡我對著溫熱探出了手 隱隱約約能夠觸碰那層反光的膜 但映照出的只是逐漸扭曲的我 在白晝來臨之前還有多久能夠思索 他們推著我 撞破了頭 無止境的下落 隨著重力我被吸入另一個黑洞 那裡充滿自責充斥著對錯 或許我還是挺享受 不需要有人拯救 有的時候只是平靜到 耐不住寂寞 從懸崖邊推落 還有什麼能承受 遇見音樂作為神我承蒙它的保佑 孩子你別逞強 那都不是你的罪過 總會有人踐踏碎片去蔑視你的脆弱 跟他們爭辯什麼都是純粹自找罪受 在無盡惡意之前 有我能在你背後 For real 受夠了想念那麼重 受夠了太切實的痛 受夠了被情緒左右 受夠反覆出現的夢 受夠了想念那麼重 受夠了太切實的痛 受夠了被情緒左右 還有那反覆的夢 太多太多的話猶豫著沒說出口 不知是否自卑作祟所以怕出醜 還幻想著那天誰能對我伸出手 總是差一步成了心頭上一片腐肉 依靠著煙霧 去遮蓋 一個一個的洞 徘徊在街角 尼古丁 無數夜晚的空 我還被困在 腦海裡 那長滿銹的籠 我說聽著這是hazii 歡迎來到我的夢 或許我還是挺享受 不需要有人拯救 有的時候只是平靜到 耐不住寂寞 從懸崖邊推落 還有什麼能承受 遇見音樂作為神我承蒙它的保佑 孩子你別逞強 那都不是你的罪過 總會有人踐踏碎片去蔑視你的脆弱 跟他們爭辯什麼都是純粹自找罪受 在無盡惡意之前 有我能在你背後 For real 
清晨的霧被陽光穿透 在夢境裡我對著溫熱探出了手 隱隱約約能夠觸碰那層反光的膜 但映照出的只是逐漸扭曲的我 在白晝來臨之前還有多久能夠思索 他們推著我 撞破了頭 無止境的下落 隨著重力我被吸入另一個黑洞 那裡充滿自責充斥著對錯
或許我還是挺享受 不需要有人拯救 有的時候只是平靜到 耐不住寂寞 從懸崖邊推落 還有什麼能承受 遇見音樂作為神我承蒙它的保佑
孩子你別逞強 那都不是你的罪過 總會有人踐踏碎片去蔑視你的脆弱 跟他們爭辯什麼都是純粹自找罪受 在無盡惡意之前 有我能在你背後 For real
受夠了想念那麼重 受夠了太切實的痛 受夠了被情緒左右 受夠反覆出現的夢
受夠了想念那麼重 受夠了太切實的痛 受夠了被情緒左右 還有那反覆的夢
太多太多的話猶豫著沒說出口 不知是否自卑作祟所以怕出醜 還幻想著那天誰能對我伸出手 總是差一步成了心頭上一片腐肉
依靠著煙霧 去遮蓋 一個一個的洞 徘徊在街角 尼古丁 無數夜晚的空 我還被困在 腦海裡 那長滿銹的籠 我說聽著這是hazii 歡迎來到我的夢
或許我還是挺享受 不需要有人拯救 有的時候只是平靜到 耐不住寂寞 從懸崖邊推落 還有什麼能承受 遇見音樂作為神我承蒙它的保佑
孩子你別逞強 那都不是你的罪過 總會有人踐踏碎片去蔑視你的脆弱 跟他們爭辯什麼都是純粹自找罪受 在無盡惡意之前 有我能在你背後 For real
留言（ 7 ） 最相關留言 所有留言
留言（ 7 ）",2026-08-30,,,False,False,
2026-08-31 05:00:02,realtime,all,,,14,雷克非 Christopher R,La distance de l’orage - 開進一場暴風雨,9,180,6,https://streetvoice.com/ChristopherR/songs/876934/,https://streetvoice.com/ChristopherR/,"https://akstatic.streetvoice.com/song_covers/Ch/ri/ChristopherR/dJiYMvjbDTRs4MEeFap49Y.jpeg?x-oss-process=image/resize,m_fixed,h_1,w_1,limit_0/resize,m_fixed,h_630,w_1200,limit_0/watermark,image_c29uZ19jb3ZlcnMvQ2gvcmkvQ2hyaXN0b3BoZXJSL2RKaVlNdmpiRFRSczRNRWVGYXA0OVkuanBlZz94LW9zcy1wcm9jZXNzPWltYWdlL3Jlc2l6ZSxtX2ZpeGVkLGhfMzQ0LHdfMzQ0LGxpbWl0XzA,g_nw,x_428,y_143/watermark,image_YXNzZXQvaW1hZ2VzL21ldGFpbWFnZS1zb25nLnBuZw,g_nw,x_0,y_0",images/876934.jpeg,@ChristopherR,音樂人,,,,45,46,132,,,https://www.youtube.com/user/StreetVoiceTV,,,Experimental,晴空萬里,https://streetvoice.com/ChristopherR/songs/album/97325999/,,"晴空萬里，開車去找你。 但其實就算颳風下雨，我大概還是會去。 沒有什麼道理，那個現象叫做克非想你。 唱歌歸唱歌，濕身歸濕身。 太想你，硬著頭皮，卻擁抱了你這場暴風雨。 
晴空萬里，開車去找你。
但其實就算颳風下雨，我大概還是會去。
沒有什麼道理，那個現象叫做克非想你。
唱歌歸唱歌，濕身歸濕身。
太想你，硬著頭皮，卻擁抱了你這場暴風雨。","La distance de l’orage 風暴的距離 [Verse 1] Clear skies when I left, 出發時，天空還一片晴朗， almost laughing under my breath 我甚至忍不住暗自發笑。 Talking about fate, 一路談著命運， like it already knew the rest 彷彿它早就知道後來的一切。 Je le savais déjà, 其實我早就知道， mais j’ai suivi 卻還是一路跟了過來。 Mile by mile, 一哩又一哩， the truth grew clearer somehow 事情反而越來越清楚。 “Foolish” is a word 「愚蠢」這個詞， I’m learning to allow 我開始學著承認它也適合我。 Je ris un peu, 我輕輕笑了一下， sans savoir pourquoi 也說不上為什麼。 [Pre-Chorus] Clouds gathered quietly 烏雲悄悄聚了起來， at the end of the road 就在道路的盡頭。 Like the ending was written 彷彿結局早已寫好， before I wrote a word 早在我落下第一個字以前。 Je l’ai vu venir, 我看著它一路逼近， et j’ai souri quand même 卻還是笑了。 [Chorus] Clear skies 明明是晴天， when I set out to find you 在我出發去找你的時候。 Straight into the storm, 然後我就這樣， I drove right through 筆直開進了暴風雨。 Wipers keep time, 雨刷一下、一下替我打著拍子， reminding me I already knew 提醒著我：其實我早就知道。 Et je continue quand même, 可我還是繼續往前， tant pis 算了，就這樣吧。 [Verse 2] Traffic slows down, 車流漸漸慢了下來， and I start to laugh out loud 我卻突然笑出了聲。 Hands on the wheel, 雙手握著方向盤， while the promise turns stale somehow 那些承諾，不知怎麼已經失了味道。 Mon silence sourit 我的沉默也在微笑， d’une ironie tranquille 帶著一種安靜的諷刺。 Should’ve guessed 我早該猜到， the weather wouldn’t let this go 這場天氣不會輕易放過我。 A joke I keep telling myself, 像一個我不斷說給自己聽的笑話， soft and slow 輕輕地，慢慢地。 Je ris encore, 我又笑了， un peu trop bas 只是笑聲低得幾乎聽不見。 [Chorus – Variation] Clear skies 明明是晴天， when I set out to find you 在我出發去找你的時候。 Still I drove straight 可我還是一路向前， into the storm 開進那場暴風雨。 Wipers keep time, 雨刷依舊替我打著拍子， I won’t turn back—it’s true 而我真的沒有打算回頭。 Sans un mot, 一句話也不說， je souris et je poursuis 我只是笑著，繼續往前。 [Bridge] Whose weather is this, 這究竟是誰的天氣， falling over me? 如今全落在我身上？ Too tired to ask 我已經累得不想再問， if it’s fate or irony 這究竟是命運，還是諷刺。 Maybe this stubbornness 也許這份固執， is absurd, but it’s mine 確實荒謬，但至少它是我的。 Est-ce ton orage, 這是你的暴風雨， ou seulement le mien ? 還是其實，只屬於我？ [Outro] I’ve arrived, 我到了。 the rain still plays its scene 雨還在演著它自己的戲。 Engine off, 熄了引擎， I sit here with a quiet smile 我只是坐著，安靜地笑。 Not stepping out— 我還不打算下車， I’ll wait here for a while 就在這裡再坐一會兒。 Je suis arrivé, 我終於到了， et ça me fait sourire 而這件事，竟然讓我想笑。 
La distance de l’orage 風暴的距離
[Verse 1]
Clear skies when I left, 出發時，天空還一片晴朗，
almost laughing under my breath 我甚至忍不住暗自發笑。
Talking about fate, 一路談著命運，
like it already knew the rest 彷彿它早就知道後來的一切。
Je le savais déjà, 其實我早就知道，
mais j’ai suivi 卻還是一路跟了過來。
Mile by mile, 一哩又一哩，
the truth grew clearer somehow 事情反而越來越清楚。
“Foolish” is a word 「愚蠢」這個詞，
I’m learning to allow 我開始學著承認它也適合我。
Je ris un peu, 我輕輕笑了一下，
sans savoir pourquoi 也說不上為什麼。
[Pre-Chorus]
Clouds gathered quietly 烏雲悄悄聚了起來，
at the end of the road 就在道路的盡頭。
Like the ending was written 彷彿結局早已寫好，
before I wrote a word 早在我落下第一個字以前。
Je l’ai vu venir, 我看著它一路逼近，
et j’ai souri quand même 卻還是笑了。
[Chorus]
Clear skies 明明是晴天，
when I set out to find you 在我出發去找你的時候。
Straight into the storm, 然後我就這樣，
I drove right through 筆直開進了暴風雨。
Wipers keep time, 雨刷一下、一下替我打著拍子，
reminding me I already knew 提醒著我：其實我早就知道。
Et je continue quand même, 可我還是繼續往前，
tant pis 算了，就這樣吧。
[Verse 2]
Traffic slows down, 車流漸漸慢了下來，
and I start to laugh out loud 我卻突然笑出了聲。
Hands on the wheel, 雙手握著方向盤，
while the promise turns stale somehow 那些承諾，不知怎麼已經失了味道。
Mon silence sourit 我的沉默也在微笑，
d’une ironie tranquille 帶著一種安靜的諷刺。
Should’ve guessed 我早該猜到，
the weather wouldn’t let this go 這場天氣不會輕易放過我。
A joke I keep telling myself, 像一個我不斷說給自己聽的笑話，
soft and slow 輕輕地，慢慢地。
Je ris encore, 我又笑了，
un peu trop bas 只是笑聲低得幾乎聽不見。
[Chorus – Variation]
Clear skies 明明是晴天，
when I set out to find you 在我出發去找你的時候。
Still I drove straight 可我還是一路向前，
into the storm 開進那場暴風雨。
Wipers keep time, 雨刷依舊替我打著拍子，
I won’t turn back—it’s true 而我真的沒有打算回頭。
Sans un mot, 一句話也不說，
je souris et je poursuis 我只是笑著，繼續往前。
[Bridge]
Whose weather is this, 這究竟是誰的天氣，
falling over me? 如今全落在我身上？
Too tired to ask 我已經累得不想再問，
if it’s fate or irony 這究竟是命運，還是諷刺。
Maybe this stubbornness 也許這份固執，
is absurd, but it’s mine 確實荒謬，但至少它是我的。
Est-ce ton orage, 這是你的暴風雨，
ou seulement le mien ? 還是其實，只屬於我？
[Outro]
I’ve arrived, 我到了。
the rain still plays its scene 雨還在演著它自己的戲。
Engine off, 熄了引擎，
I sit here with a quiet smile 我只是坐著，安靜地笑。
Not stepping out— 我還不打算下車，
I’ll wait here for a while 就在這裡再坐一會兒。
Je suis arrivé, 我終於到了，
et ça me fait sourire 而這件事，竟然讓我想笑。
留言（ 6 ） 最相關留言 所有留言
留言（ 6 ）",2026-08-29,,AI 協作 Experimental ・ 晴空萬里,False,False,
2026-08-31 05:00:02,realtime,all,,,15,Áīôť≥∂ Seizer,偽善 Acoustic live ver.,35,1833,1,https://streetvoice.com/seizer_official/songs/876203/,https://streetvoice.com/seizer_official/,"https://akstatic.streetvoice.com/song_covers/se/iz/seizer_official/8q5UYN3MWPtjiAMRTY6FMi.jpeg?x-oss-process=image/resize,m_fixed,h_1,w_1,limit_0/resize,m_fixed,h_630,w_1200,limit_0/watermark,image_c29uZ19jb3ZlcnMvc2UvaXovc2VpemVyX29mZmljaWFsLzhxNVVZTjNNV1B0amlBTVJUWTZGTWkuanBlZz94LW9zcy1wcm9jZXNzPWltYWdlL3Jlc2l6ZSxtX2ZpeGVkLGhfMzQ0LHdfMzQ0LGxpbWl0XzA,g_nw,x_428,y_143/watermark,image_YXNzZXQvaW1hZ2VzL21ldGFpbWFnZS1zb25nLnBuZw,g_nw,x_0,y_0",images/876203.jpeg,,,,,,9,2008,,,https://www.instagram.com/seizer.com.tw/,https://www.youtube.com/user/StreetVoiceTV,紙鳶首登泰國Monster Music Festival 回歸宣布新專輯《缺頁的名冊》即將發行|||https://blow.streetvoice.com/89229/?utm_source=streetvoice&utm_medium=profile-news-block; 北流「Open Lab人才培育計畫」五週年成果亮眼 媒合紙鳶登泰國音樂節|||https://blow.streetvoice.com/88857/?utm_source=streetvoice&utm_medium=profile-news-block; 紙鳶聯手羊米人推出首支台語單曲〈六月的雨縫〉為9月新專輯暖身|||https://blow.streetvoice.com/88034/?utm_source=streetvoice&utm_medium=profile-news-block,,Folk,,,,"詞 Lyrics｜仁杰 曲 Composer｜仁杰 編曲 Arrangement｜紙鳶 Seizer 主唱 Vocal｜仁杰 和聲 Backing Vocal｜紙鳶 Seizer 木吉他 Acoustic Guitar｜蘇崇祐 Kay 楊博皓 Seal 貝斯 Bass｜呂建亨 Henry 木箱鼓 Cajon｜王秉宸 Daniel 鍵盤與合成器 ｜Keyboards & Synth Design｜楊博皓 Seal 製作人 Producer｜楊博皓 Seal 和聲編寫 Backing Vocal Arrangement｜紙鳶 Seizer 錄音師 Recording Engineer｜楊博皓 Seal 混音師 Mixing Engineer｜楊博皓 Seal 
詞 Lyrics｜仁杰 曲 Composer｜仁杰 編曲 Arrangement｜紙鳶 Seizer
主唱 Vocal｜仁杰 和聲 Backing Vocal｜紙鳶 Seizer 木吉他 Acoustic Guitar｜蘇崇祐 Kay 楊博皓 Seal 貝斯 Bass｜呂建亨 Henry 木箱鼓 Cajon｜王秉宸 Daniel 鍵盤與合成器 ｜Keyboards & Synth Design｜楊博皓 Seal
製作人 Producer｜楊博皓 Seal 和聲編寫 Backing Vocal Arrangement｜紙鳶 Seizer 錄音師 Recording Engineer｜楊博皓 Seal 混音師 Mixing Engineer｜楊博皓 Seal","真正善良的人不會出現在眾人眼前 又怎能保證從善的人不是帶著假面 每個人心裏定義的善惡 輕易的扼殺社會現象的準則 躲在螢幕後面的醜惡 肆意煽動本就稀缺的尊重包容 想起身對抗不義不公 無奈大多數都選擇無動於衷 說一件被人遺忘的遺憾 爭一口別人無視的正義 明明沒錯卻被說成偽善 莫須有般成為眾矢之的 說一件被人遺忘的遺憾 爭一口別人無視的正義 明明沒錯卻被說成偽善 莫須有般成為眾矢之的 論是非對錯到最後也都流於形式 永遠都會有人在道德上鄙視 說一件被人遺忘的遺憾 爭一口別人無視的正義 明明沒錯卻被說成偽善 莫須有般成為眾矢之的 說一件被人遺忘的遺憾 爭一口別人無視的正義 明明沒錯卻被說成偽善 莫須有般成為眾矢之的 (La la la la) 說一件被人遺忘的遺憾 爭一口別人無視的正義 明明沒錯卻被說成偽善 莫須有般成為眾矢之的 
真正善良的人不會出現在眾人眼前 又怎能保證從善的人不是帶著假面 每個人心裏定義的善惡 輕易的扼殺社會現象的準則
躲在螢幕後面的醜惡 肆意煽動本就稀缺的尊重包容 想起身對抗不義不公 無奈大多數都選擇無動於衷
說一件被人遺忘的遺憾 爭一口別人無視的正義 明明沒錯卻被說成偽善 莫須有般成為眾矢之的
說一件被人遺忘的遺憾 爭一口別人無視的正義 明明沒錯卻被說成偽善 莫須有般成為眾矢之的
論是非對錯到最後也都流於形式 永遠都會有人在道德上鄙視
說一件被人遺忘的遺憾 爭一口別人無視的正義 明明沒錯卻被說成偽善 莫須有般成為眾矢之的
說一件被人遺忘的遺憾 爭一口別人無視的正義 明明沒錯卻被說成偽善 莫須有般成為眾矢之的
(La la la la)
說一件被人遺忘的遺憾 爭一口別人無視的正義 明明沒錯卻被說成偽善 莫須有般成為眾矢之的
留言（ 1 ） 最相關留言 所有留言
留言（ 1 ）",2026-08-25,,編輯推薦,True,False,
2026-08-31 05:00:02,realtime,all,,,16,花火布蕾亞 Hanabi Bureya,爆炎鬼皇（ばくえんきおう | Bakuenkiou）,5,388,2,https://streetvoice.com/Hanabi_Bureya/songs/876908/,https://streetvoice.com/Hanabi_Bureya/,"https://akstatic.streetvoice.com/song_covers/Ha/na/Hanabi_Bureya/K6mFWcNobPBvLxYnufac6L.jpg?x-oss-process=image/resize,m_fixed,h_1,w_1,limit_0/resize,m_fixed,h_630,w_1200,limit_0/watermark,image_c29uZ19jb3ZlcnMvSGEvbmEvSGFuYWJpX0J1cmV5YS9LNm1GV2NOb2JQQnZMeFludWZhYzZMLmpwZz94LW9zcy1wcm9jZXNzPWltYWdlL3Jlc2l6ZSxtX2ZpeGVkLGhfMzQ0LHdfMzQ0LGxpbWl0XzA,g_nw,x_428,y_143/watermark,image_YXNzZXQvaW1hZ2VzL21ldGFpbWFnZS1zb25nLnBuZw,g_nw,x_0,y_0",images/876908.jpg,@Hanabi_Bureya,音樂人,,,,2,38,2,,,https://www.youtube.com/user/StreetVoiceTV,,,Metal,,,,"走上屬於我的賽道 奔跑後就不再回頭與迷惘 花火布蕾亞 2026實驗性原創單曲 - 爆炎鬼皇，不再彷徨！ 音樂製作人 Producer：白羊、花火布蕾亞 配唱製作人 Vocal Producer：花火布蕾亞 主唱 Vocal：花火布蕾亞 詞 Lyricist：花火布蕾亞 曲 Composer：白羊、花火布蕾亞 吉他 Guitarist ：黃永馳 編曲 Arranger：白羊 和聲編寫 Backing Vocal Arrangement：白羊、花火布蕾亞 人聲錄音室 Recording Studio：唯有音樂OnlyMusic 錄音工程師 Recording Engineer：白羊 混音工程師 Mixing Engineer：白羊 特別感謝 Special thanks：唯有音樂OnlyMusic 原創曲封面繪師 Original song cover Illustrator：阿熊人 
走上屬於我的賽道 奔跑後就不再回頭與迷惘 花火布蕾亞 2026實驗性原創單曲 - 爆炎鬼皇，不再彷徨！
音樂製作人 Producer：白羊、花火布蕾亞 配唱製作人 Vocal Producer：花火布蕾亞 主唱 Vocal：花火布蕾亞 詞 Lyricist：花火布蕾亞 曲 Composer：白羊、花火布蕾亞 吉他 Guitarist ：黃永馳 編曲 Arranger：白羊 和聲編寫 Backing Vocal Arrangement：白羊、花火布蕾亞 人聲錄音室 Recording Studio：唯有音樂OnlyMusic 錄音工程師 Recording Engineer：白羊 混音工程師 Mixing Engineer：白羊 特別感謝 Special thanks：唯有音樂OnlyMusic 原創曲封面繪師 Original song cover Illustrator：阿熊人","Verse1 走向賽道的中央 我不猶豫 全神貫注的邁向 我的前方 進入門匣的中央 唯一目標 就是迎接勝利的曙光 Verse2 傳說中的赤月新星進入賽道 （No.18 It's My title number！） 是該感到恐慌 用實力讓你驚慌 所以阻礙我的 一律格殺勿論 Pre - Chorus 烈焰風暴聚我身旁 冥念之中挺起胸膛 戰爭號角即將吹響 金色十閃等待眾人審判 Chorus 赤色風刃衝鋒陷陣 奔馳速度出現殘影 全場為我熱力喝采 （爆く炎！x4） 以我鬼皇之名 使出最終絕技 鋒利跑姿 突破極限 將後悔全都拋棄 [instrumental] Verse3 一路以來 挺過了多少爭議 最後再次 證明了我存在的意義 沒有人知道我的那些崎嶇 所以那些非議 全給我通通散去 Verse4 我的眼中只有賽道 賽道就是唯一信仰 信仰不會輕易自爆 除非走不出自我創傷 Pre - Chorus 烈焰風暴聚我身旁 冥念之中挺起胸膛 戰爭號角即將吹響 金色十閃等待眾人審判 Chorus 赤色風刃衝鋒陷陣 奔馳速度出現殘影 全場為我熱力喝采 （爆く炎！x4） 以我鬼皇之名 使出最終絕技 鋒利跑姿 突破極限 將後悔全都拋棄 Outro 風，我來決定。 
Verse1 走向賽道的中央 我不猶豫 全神貫注的邁向 我的前方 進入門匣的中央 唯一目標 就是迎接勝利的曙光
Verse2 傳說中的赤月新星進入賽道 （No.18 It's My title number！） 是該感到恐慌 用實力讓你驚慌 所以阻礙我的 一律格殺勿論
Pre - Chorus 烈焰風暴聚我身旁 冥念之中挺起胸膛 戰爭號角即將吹響 金色十閃等待眾人審判
Chorus 赤色風刃衝鋒陷陣 奔馳速度出現殘影 全場為我熱力喝采 （爆く炎！x4） 以我鬼皇之名 使出最終絕技 鋒利跑姿 突破極限 將後悔全都拋棄
[instrumental]
Verse3 一路以來 挺過了多少爭議 最後再次 證明了我存在的意義 沒有人知道我的那些崎嶇 所以那些非議 全給我通通散去
Verse4 我的眼中只有賽道 賽道就是唯一信仰 信仰不會輕易自爆 除非走不出自我創傷
Pre - Chorus 烈焰風暴聚我身旁 冥念之中挺起胸膛 戰爭號角即將吹響 金色十閃等待眾人審判
Chorus 赤色風刃衝鋒陷陣 奔馳速度出現殘影 全場為我熱力喝采 （爆く炎！x4） 以我鬼皇之名 使出最終絕技 鋒利跑姿 突破極限 將後悔全都拋棄
Outro 風，我來決定。
留言（ 2 ） 最相關留言 所有留言
留言（ 2 ）",2026-08-29,,,False,False,
2026-08-31 05:00:02,realtime,all,,,17,SOUTHPAUL 南極菠蘿,工地頌 (demo),14,712,8,https://streetvoice.com/southpaulofficial/songs/876406/,https://streetvoice.com/southpaulofficial/,"https://akstatic.streetvoice.com/song_covers/so/ut/southpaulofficial/SgeagQWGB4pR5BJYawphX2.jpg?x-oss-process=image/resize,m_fixed,h_1,w_1,limit_0/resize,m_fixed,h_630,w_1200,limit_0/watermark,image_c29uZ19jb3ZlcnMvc28vdXQvc291dGhwYXVsb2ZmaWNpYWwvU2dlYWdRV0dCNHBSNUJKWWF3cGhYMi5qcGc_eC1vc3MtcHJvY2Vzcz1pbWFnZS9yZXNpemUsbV9maXhlZCxoXzM0NCx3XzM0NCxsaW1pdF8w,g_nw,x_428,y_143/watermark,image_YXNzZXQvaW1hZ2VzL21ldGFpbWFnZS1zb25nLnBuZw,g_nw,x_0,y_0",images/876406.jpg,@southpaulofficial,音樂人,,,2025-10-29 14:28,3,94,,,,https://www.youtube.com/user/StreetVoiceTV,,,Pop,,,,,"這麼軟的泥土裡 插多少的鋼筋 在這麼小的鐵架子裏 還得爬樓梯 這麼燙的保麗龍 裝的寶特瓶還會結冰 哎呦 不小心踩到大鐵釘 我用血 我用汗 我用尿尿蓋大樓 管他外勞還移工 和我有什麼不同 我用煙 我用酒 我用檳榔蓋大樓 反正我也買不起 沒有太陽的 沒太陽的 沒太陽的 哪裡來的黑咖啡 怎麼師傅喝了頭暈暈 哪裡來的菲律賓 幫你蓋房子你還報警 越南 泰國 還有印尼 都擠在這土地 蓋著不屬於他們的風景 我蓋呀蓋 我拆啊拆 我爬呀爬 我曬啊曬 太陽西下 月亮出來 我要下班 下班 下班 下班下班下班下班下班 我用血 我用汗 我用尿尿蓋大樓 管他外勞還移工 和我有什麼不同 我用煙 我用酒 我用檳榔蓋大樓 反正我也買不起 沒有太陽的天空 反正我也買不起 沒有太陽的天空 
這麼軟的泥土裡 插多少的鋼筋 在這麼小的鐵架子裏 還得爬樓梯 這麼燙的保麗龍 裝的寶特瓶還會結冰 哎呦 不小心踩到大鐵釘
我用血 我用汗 我用尿尿蓋大樓 管他外勞還移工 和我有什麼不同
我用煙 我用酒 我用檳榔蓋大樓 反正我也買不起 沒有太陽的 沒太陽的 沒太陽的
哪裡來的黑咖啡 怎麼師傅喝了頭暈暈
哪裡來的菲律賓 幫你蓋房子你還報警
越南 泰國 還有印尼 都擠在這土地
蓋著不屬於他們的風景
我蓋呀蓋 我拆啊拆 我爬呀爬 我曬啊曬 太陽西下 月亮出來 我要下班 下班 下班 下班下班下班下班下班
我用血 我用汗 我用尿尿蓋大樓 管他外勞還移工 和我有什麼不同
我用煙 我用酒 我用檳榔蓋大樓 反正我也買不起 沒有太陽的天空
反正我也買不起 沒有太陽的天空
留言（ 8 ） 最相關留言 所有留言
留言（ 8 ）",2026-08-25,,編輯推薦,True,False,
2026-08-31 05:00:02,realtime,all,,,18,Wednesday Waflow,Mudmudhoohoo(demo),7,228,0,https://streetvoice.com/WednesdayWaflow/songs/876679/,https://streetvoice.com/WednesdayWaflow/,"https://akstatic.streetvoice.com/song_covers/We/dn/WednesdayWaflow/SPUE7nMUUNBYB8urNi93Q9.jpeg?x-oss-process=image/resize,m_fixed,h_1,w_1,limit_0/resize,m_fixed,h_630,w_1200,limit_0/watermark,image_c29uZ19jb3ZlcnMvV2UvZG4vV2VkbmVzZGF5V2FmbG93L1NQVUU3bk1VVU5CWUI4dXJOaTkzUTkuanBlZz94LW9zcy1wcm9jZXNzPWltYWdlL3Jlc2l6ZSxtX2ZpeGVkLGhfMzQ0LHdfMzQ0LGxpbWl0XzA,g_nw,x_428,y_143/watermark,image_YXNzZXQvaW1hZ2VzL21ldGFpbWFnZS1zb25nLnBuZw,g_nw,x_0,y_0",images/876679.jpeg,@WednesdayWaflow,音樂人,,,,2,16,,,,https://www.youtube.com/user/StreetVoiceTV,,,Alternative,,,,"Arrangement:Wednesday Waflow Drums:陳翰昇Hanson Bass:黃唯恩Jason Keys:林莉樺Lily Mixing Engineer:Isaac Kuo 
Arrangement:Wednesday Waflow Drums:陳翰昇Hanson Bass:黃唯恩Jason Keys:林莉樺Lily Mixing Engineer:Isaac Kuo","這是沒有提供歌詞的歌曲
留言（ 0 ） 最相關留言 所有留言
留言（ 0 ）",2026-08-27,,編輯推薦,True,False,
2026-08-31 05:00:02,realtime,all,,,19,羅方里,不會發光的螢火蟲,4,318,0,https://streetvoice.com/fl19990421/songs/876671/,https://streetvoice.com/fl19990421/,"https://akstatic.streetvoice.com/song_covers/fl/19/fl19990421/CZtGWtEkG38oKPnLjdjeq6.jpg?x-oss-process=image/resize,m_fixed,h_1,w_1,limit_0/resize,m_fixed,h_630,w_1200,limit_0/watermark,image_c29uZ19jb3ZlcnMvZmwvMTkvZmwxOTk5MDQyMS9DWnRHV3RFa0czOG9LUG5MamRqZXE2LmpwZz94LW9zcy1wcm9jZXNzPWltYWdlL3Jlc2l6ZSxtX2ZpeGVkLGhfMzQ0LHdfMzQ0LGxpbWl0XzA,g_nw,x_428,y_143/watermark,image_YXNzZXQvaW1hZ2VzL21ldGFpbWFnZS1zb25nLnBuZw,g_nw,x_0,y_0",images/876671.jpg,@fl19990421,音樂人,台中市,2018-04-01,,3,2,3,,,https://www.youtube.com/user/StreetVoiceTV,,,Singer / Songwriter,,,,"有天我房間飛來了一直螢火蟲 以為他不會發光 是別的種類 但我直覺相信他是 關上房間所有的燈 於是看見了他在黑暗中發出的 微弱卻明確的光芒 
有天我房間飛來了一直螢火蟲 以為他不會發光 是別的種類 但我直覺相信他是 關上房間所有的燈 於是看見了他在黑暗中發出的 微弱卻明確的光芒","不會發光的螢火蟲 多像我 有話不說 在黑暗角落 渴望人懂 渴望擁有 一束光火 去照亮 掙扎的軌跡 你是在追尋 還是躲避 向光或是 背光而行 別試探 別旁觀 放任我哭喊 別倉忙地審判 嘲笑我不敢 不曾到達的就不算離去 是我一開始就弄錯了目的地 急著展翅 卻不曾飛離 這造物的掌心 
不會發光的螢火蟲 多像我 有話不說 在黑暗角落 渴望人懂 渴望擁有 一束光火
去照亮 掙扎的軌跡 你是在追尋 還是躲避 向光或是 背光而行
別試探 別旁觀 放任我哭喊 別倉忙地審判 嘲笑我不敢
不曾到達的就不算離去 是我一開始就弄錯了目的地 急著展翅 卻不曾飛離 這造物的掌心
留言（ 0 ） 最相關留言 所有留言
留言（ 0 ）",2026-08-27,,編輯推薦,True,False,
2026-08-31 05:00:02,realtime,all,,,20,OneTake,Life Is A B*&amp;ch,2,109,0,https://streetvoice.com/Jamesforeal/songs/876376/,https://streetvoice.com/Jamesforeal/,"https://akstatic.streetvoice.com/song_covers/Ja/me/Jamesforeal/ivLwVThmcmZL4zifyU2kzG.jpeg?x-oss-process=image/resize,m_fixed,h_1,w_1,limit_0/resize,m_fixed,h_630,w_1200,limit_0/watermark,image_c29uZ19jb3ZlcnMvSmEvbWUvSmFtZXNmb3JlYWwvaXZMd1ZUaG1jbVpMNHppZnlVMmt6Ry5qcGVnP3gtb3NzLXByb2Nlc3M9aW1hZ2UvcmVzaXplLG1fZml4ZWQsaF8zNDQsd18zNDQsbGltaXRfMA,g_nw,x_428,y_143/watermark,image_YXNzZXQvaW1hZ2VzL21ldGFpbWFnZS1zb25nLnBuZw,g_nw,x_0,y_0",images/876376.jpeg,@Jamesforeal,音樂人,彰化縣,2022-10-01,,11,20,8,,,https://www.youtube.com/user/StreetVoiceTV,,,Hip hop / Rap,Experiment,https://streetvoice.com/Jamesforeal/songs/album/97325961/,,"https://www.instagram.com/onetake.p/ https://www.instagram.com/yenontheroof/ https://www.instagram.com/piemia_500/ 詞曲/Lyrics&Compose:OneTake 編曲/Arranger:OneTake 錄音/Recording:YEN 混音/Mixing:YEN 母帶/Mastering:YEN 
https://www.instagram.com/onetake.p/ https://www.instagram.com/yenontheroof/ https://www.instagram.com/piemia_500/
https://www.instagram.com/onetake.p/
https://www.instagram.com/yenontheroof/
https://www.instagram.com/piemia_500/
詞曲/Lyrics&Compose:OneTake 編曲/Arranger:OneTake 錄音/Recording:YEN 混音/Mixing:YEN 母帶/Mastering:YEN","(Life is a bitch but beautiful) (Life is a bitch but beautiful) (Life is a bitch but beautiful) (Life is a bitch but beautiful) (Life is a bitch……) 懂得就懂 我的音樂不需要參加任何的檢定 看見純粹的世界 我們得先配副無色的眼鏡 想說故事或是聆聽 好像都得得過一點病 聽過我說的都懂 我的口水大多都是鹼性的 Uh 味道太辣 你不太習慣 但不知不覺已經過了一半 開始同意偶爾過的糜爛 但才不苟同讓生活變得凌亂 不奢望時間過了還有誰在 我的身邊 還有誰還抬愛著我 過去還在糾結怎樣才能成為 過了幾年還在的火 幸好成功放下 不想著爭奪 還有太多大於音樂 像是生活 不管怎樣 絕不能碰針頭 相信你懂 還有些需要斟酌 腳踏實地 才沒有煉金術士 別想誰的生活能夠怎麼複製 視野在未來 才能放下數字 才能在你耳邊 說著床邊故事 Life is a bitch but beautiful 如果你也同意就舉手 像你願意跟我一起走 把握當下乾了手中的啤酒 Life is a bitch but beautiful 如果你也同意就舉手 Life is a bitch but beautiful Life is a bitch but beautiful 
(Life is a bitch but beautiful) (Life is a bitch but beautiful) (Life is a bitch but beautiful) (Life is a bitch but beautiful) (Life is a bitch……)
懂得就懂 我的音樂不需要參加任何的檢定 看見純粹的世界 我們得先配副無色的眼鏡 想說故事或是聆聽 好像都得得過一點病 聽過我說的都懂 我的口水大多都是鹼性的 Uh 味道太辣 你不太習慣 但不知不覺已經過了一半 開始同意偶爾過的糜爛 但才不苟同讓生活變得凌亂 不奢望時間過了還有誰在 我的身邊 還有誰還抬愛著我 過去還在糾結怎樣才能成為 過了幾年還在的火 幸好成功放下 不想著爭奪 還有太多大於音樂 像是生活 不管怎樣 絕不能碰針頭 相信你懂 還有些需要斟酌 腳踏實地 才沒有煉金術士 別想誰的生活能夠怎麼複製 視野在未來 才能放下數字 才能在你耳邊 說著床邊故事
Life is a bitch but beautiful 如果你也同意就舉手 像你願意跟我一起走 把握當下乾了手中的啤酒 Life is a bitch but beautiful 如果你也同意就舉手 Life is a bitch but beautiful Life is a bitch but beautiful
留言（ 0 ） 最相關留言 所有留言
留言（ 0 ）",2026-08-28,,編輯推薦,True,False,
2026-08-31 05:00:02,realtime,all,,,21,黃號,沒有你,13,480,0,https://streetvoice.com/huanghaoooo/songs/875260/,https://streetvoice.com/huanghaoooo/,"https://akstatic.streetvoice.com/song_covers/hu/an/huanghaoooo/LdJe2MkbfAVzn7kHmxzkEE.jpeg?x-oss-process=image/resize,m_fixed,h_1,w_1,limit_0/resize,m_fixed,h_630,w_1200,limit_0/watermark,image_c29uZ19jb3ZlcnMvaHUvYW4vaHVhbmdoYW9vb28vTGRKZTJNa2JmQVZ6bjdrSG14emtFRS5qcGVnP3gtb3NzLXByb2Nlc3M9aW1hZ2UvcmVzaXplLG1fZml4ZWQsaF8zNDQsd18zNDQsbGltaXRfMA,g_nw,x_428,y_143/watermark,image_YXNzZXQvaW1hZ2VzL21ldGFpbWFnZS1zb25nLnBuZw,g_nw,x_0,y_0",images/875260.jpeg,@huanghaoooo,音樂人,台北市,2021-12-01,2022-09-12 10:51,1,243,,https://www.facebook.com/huanghaoooo,https://www.instagram.com/huanghaoooo/,https://www.youtube.com/c/黃號huanghao,,,Pop,沒有你,https://streetvoice.com/huanghaoooo/songs/album/97325934/,,,"你房間的燈還沒關 你的外套掛在門外 味道還停在空氣裡徘徊 像你還沒離開一樣 手機停在你頁面 訊息打了打了又刪 指尖停止在送出鍵不按 想你卻不敢再打擾 北鼻 我還不習慣 沒有你的晚安 沒有你的早餐 沒有你總為小事牽掛 還不習慣 一個人換床單 一個人看窗外 沒有你總是孤單 北鼻 我很不喜歡 沒有你的晚安 沒有你的早餐 沒有你的微笑 如果那天堅持不放手 現在會不會結局早已不同 冰箱裡剩的晚餐 是你說改天再吃完 日期卻停在也沒有後來 像你還沒離開一樣 房間還是那樣 空蕩 才發現一個人太長 床頭燈還要開到天亮 想你卻不敢再打擾 北鼻 我還不習慣 沒有你的晚安 沒有你的早餐 沒有你總為小事牽掛 還不習慣 一個人換床單 一個人看窗外 沒有你總是孤單 北鼻 我很不喜歡 沒有你的晚安 沒有你的早餐 沒有你的微笑 如果那天堅持不放手 現在會不會結局早已不同 
你房間的燈還沒關 你的外套掛在門外 味道還停在空氣裡徘徊 像你還沒離開一樣
手機停在你頁面 訊息打了打了又刪 指尖停止在送出鍵不按 想你卻不敢再打擾
北鼻 我還不習慣 沒有你的晚安 沒有你的早餐 沒有你總為小事牽掛
還不習慣 一個人換床單 一個人看窗外 沒有你總是孤單
北鼻 我很不喜歡 沒有你的晚安 沒有你的早餐 沒有你的微笑
如果那天堅持不放手 現在會不會結局早已不同
冰箱裡剩的晚餐 是你說改天再吃完 日期卻停在也沒有後來 像你還沒離開一樣
房間還是那樣 空蕩 才發現一個人太長 床頭燈還要開到天亮 想你卻不敢再打擾
北鼻 我還不習慣 沒有你的晚安 沒有你的早餐 沒有你總為小事牽掛
還不習慣 一個人換床單 一個人看窗外 沒有你總是孤單
北鼻 我很不喜歡 沒有你的晚安 沒有你的早餐 沒有你的微笑
如果那天堅持不放手 現在會不會結局早已不同
留言（ 0 ） 最相關留言 所有留言
留言（ 0 ）",2026-08-27,,編輯推薦,True,False,
2026-08-31 05:00:02,realtime,all,,,22,黃號,洗牌,7,283,0,https://streetvoice.com/huanghaoooo/songs/875259/,https://streetvoice.com/huanghaoooo/,"https://akstatic.streetvoice.com/song_covers/hu/an/huanghaoooo/H3bkxouyY6KVQjTn6YWYMv.jpeg?x-oss-process=image/resize,m_fixed,h_1,w_1,limit_0/resize,m_fixed,h_630,w_1200,limit_0/watermark,image_c29uZ19jb3ZlcnMvaHUvYW4vaHVhbmdoYW9vb28vSDNia3hvdXlZNktWUWpUbjZZV1lNdi5qcGVnP3gtb3NzLXByb2Nlc3M9aW1hZ2UvcmVzaXplLG1fZml4ZWQsaF8zNDQsd18zNDQsbGltaXRfMA,g_nw,x_428,y_143/watermark,image_YXNzZXQvaW1hZ2VzL21ldGFpbWFnZS1zb25nLnBuZw,g_nw,x_0,y_0",images/875259.jpeg,@huanghaoooo,音樂人,台北市,2021-12-01,2022-09-12 10:51,1,243,,https://www.facebook.com/huanghaoooo,https://www.instagram.com/huanghaoooo/,https://www.youtube.com/c/黃號huanghao,,,Pop,沒有你,https://streetvoice.com/huanghaoooo/songs/album/97325934/,,,"你習慣 飯吃一半 只留下 一堆剩菜 這一碗 總吃不完 桌上的白飯 早已成稀飯 你已走 鑰匙怎麼還在 天色已晚 怎麼還不回來 兩手一攤 這我還沒習慣 是我不應該 誰叫我太直男 太直男 太直男 太直男 要怎麼洗牌 才能重新得到你的愛 如果不重來 怎麼修改像設計好的對白 怎麼不孤單 像是還沒說完的感慨 回憶翻湧成海 卻找不到你的存在 你已走 鑰匙怎麼還在 天色已晚 怎麼還不回來 兩手一攤 這我還沒習慣 是我不應該 誰叫我太直男 太直男 太直男 太直男 要怎麼洗牌 才能重新得到你的愛 如果不重來 怎麼修改像設計好的對白 怎麼不孤單 像是還沒說完的感慨 回憶翻湧成海 卻找不到你的存在 你習慣 飯吃一半 只留下 一堆剩菜 這一碗 總吃不完 桌上的白飯 早已成稀飯 你已走 鑰匙怎麼還在 天色已晚 怎麼還不回來 兩手一攤 這我還沒習慣 是我不應該 
你習慣 飯吃一半 只留下 一堆剩菜 這一碗 總吃不完 桌上的白飯 早已成稀飯
你已走 鑰匙怎麼還在 天色已晚 怎麼還不回來 兩手一攤 這我還沒習慣 是我不應該 誰叫我太直男 太直男 太直男 太直男
要怎麼洗牌 才能重新得到你的愛 如果不重來 怎麼修改像設計好的對白
怎麼不孤單 像是還沒說完的感慨 回憶翻湧成海 卻找不到你的存在
你已走 鑰匙怎麼還在 天色已晚 怎麼還不回來 兩手一攤 這我還沒習慣 是我不應該 誰叫我太直男 太直男 太直男 太直男
要怎麼洗牌 才能重新得到你的愛 如果不重來 怎麼修改像設計好的對白
怎麼不孤單 像是還沒說完的感慨 回憶翻湧成海 卻找不到你的存在
你習慣 飯吃一半 只留下 一堆剩菜 這一碗 總吃不完 桌上的白飯 早已成稀飯 你已走 鑰匙怎麼還在 天色已晚 怎麼還不回來 兩手一攤 這我還沒習慣 是我不應該
留言（ 0 ） 最相關留言 所有留言
留言（ 0 ）",2026-08-27,,編輯推薦,True,False,
2026-08-31 05:00:02,realtime,all,,,23,Kekulin柯郭林,咖啡成癮demo,3,63,4,https://streetvoice.com/Kekulin/songs/877058/,https://streetvoice.com/Kekulin/,"https://akstatic.streetvoice.com/song_covers/Ke/ku/Kekulin/Mo4UHeDBEAbdVbgdoJLQzR.jpg?x-oss-process=image/resize,m_fixed,h_1,w_1,limit_0/resize,m_fixed,h_630,w_1200,limit_0/watermark,image_c29uZ19jb3ZlcnMvS2Uva3UvS2VrdWxpbi9NbzRVSGVEQkVBYmRWYmdkb0pMUXpSLmpwZz94LW9zcy1wcm9jZXNzPWltYWdlL3Jlc2l6ZSxtX2ZpeGVkLGhfMzQ0LHdfMzQ0LGxpbWl0XzA,g_nw,x_428,y_143/watermark,image_YXNzZXQvaW1hZ2VzL21ldGFpbWFnZS1zb25nLnBuZw,g_nw,x_0,y_0",images/877058.jpg,@Kekulin,音樂人,,,,1,3,,,,https://www.youtube.com/user/StreetVoiceTV,,,Folk,,,,,"咖啡成癮這東西 越喝越像在夢境 明明只是想清醒 越喝越離不開你 咖啡成癮這東西 心跳變得太確定 明明只是想清醒 卻發現 一杯接著一杯 把自己都耗盡 越像掙脫就越 來越難的抽離 如果哪天我是真的戒掉了你 我怕連自己都不太熟悉 
咖啡成癮這東西
越喝越像在夢境
明明只是想清醒
越喝越離不開你
咖啡成癮這東西
心跳變得太確定
明明只是想清醒
卻發現
一杯接著一杯 把自己都耗盡
越像掙脫就越 來越難的抽離
如果哪天我是真的戒掉了你
我怕連自己都不太熟悉
留言（ 4 ） 最相關留言 所有留言
留言（ 4 ）",2026-08-30,,,False,False,
2026-08-31 05:00:02,realtime,all,,,24,Louis’,Steadfast,1,25,0,https://streetvoice.com/honglouis65/songs/874987/,https://streetvoice.com/honglouis65/,"https://akstatic.streetvoice.com/music_albums/ho/ng/honglouis65/Sd4LhhPpP3meWa7p49Jw3o.jpeg?x-oss-process=image/resize,m_fixed,h_1,w_1,limit_0/resize,m_fixed,h_630,w_1200,limit_0/watermark,image_bXVzaWNfYWxidW1zL2hvL25nL2hvbmdsb3VpczY1L1NkNExoaFBwUDNtZVdhN3A0OUp3M28uanBlZz94LW9zcy1wcm9jZXNzPWltYWdlL3Jlc2l6ZSxtX2ZpeGVkLGhfMzQ0LHdfMzQ0LGxpbWl0XzA,g_nw,x_428,y_143/watermark,image_YXNzZXQvaW1hZ2VzL21ldGFpbWFnZS1zb25nLnBuZw,g_nw,x_0,y_0",images/874987.jpeg,@honglouis65,音樂人,,,,2,10,31,,,https://www.youtube.com/user/StreetVoiceTV,,,Singer / Songwriter,Above the Floorboards,https://streetvoice.com/honglouis65/songs/album/97325912/,,"recorded on the 4th of July, 2026 
recorded on the 4th of July, 2026","Analyze the figures, the figures tell their progress. You could lose a limb or let them take it as they may. Hold your arms in silence I can hardly see them shake. I can often see them falling in the thousands. In the balls of fire is where you could finally see. Rocket-bombs and fireworks flowers in the cradle stale. I would throw a fit if I should lose you I’ll continue It’s no good for you to see, to feel, to crave, and then to lose you. Analyze the figures, the figures tell their progress. You could lose a limb or let them take it as they may. Hold your arms in silence I can hardly see them, I can’t. Hold your arms into the sky cause I can hardly see them shake. Take your time to decide cause I can hardly see you shake. I would commit suicide but I can’t stand to see you shake. 
Analyze the figures, the figures tell their progress. You could lose a limb or let them take it as they may. Hold your arms in silence I can hardly see them shake.
I can often see them falling in the thousands. In the balls of fire is where you could finally see. Rocket-bombs and fireworks flowers in the cradle stale.
I would throw a fit if I should lose you I’ll continue It’s no good for you
to see, to feel, to crave, and then to lose you.
Analyze the figures, the figures tell their progress. You could lose a limb or let them take it as they may. Hold your arms in silence I can hardly see them, I can’t.
Hold your arms into the sky cause I can hardly see them shake. Take your time to decide cause I can hardly see you shake. I would commit suicide but I can’t stand to see you shake.
留言（ 0 ） 最相關留言 所有留言
留言（ 0 ）",2026-08-30,,,False,False,
2026-08-31 05:00:02,realtime,all,,,25,山林那Mountain Forest Side,後悔樹の人生,1,96,0,https://streetvoice.com/frogwag/songs/876735/,https://streetvoice.com/frogwag/,"https://akstatic.streetvoice.com/song_covers/fr/og/frogwag/jHD3uHegGoYhpfnUoBqkhr.jpg?x-oss-process=image/resize,m_fixed,h_1,w_1,limit_0/resize,m_fixed,h_630,w_1200,limit_0/watermark,image_c29uZ19jb3ZlcnMvZnIvb2cvZnJvZ3dhZy9qSEQzdUhlZ0dvWWhwZm5Vb0Jxa2hyLmpwZz94LW9zcy1wcm9jZXNzPWltYWdlL3Jlc2l6ZSxtX2ZpeGVkLGhfMzQ0LHdfMzQ0LGxpbWl0XzA,g_nw,x_428,y_143/watermark,image_YXNzZXQvaW1hZ2VzL21ldGFpbWFnZS1zb25nLnBuZw,g_nw,x_0,y_0",images/876735.jpg,@frogwag,音樂人,新北市,2022-07-01,,2,6,3,,,https://www.youtube.com/user/StreetVoiceTV,,,Rock,,,,,"詞曲：青蛙 編曲：山林那 剛追求的時候 甜言蜜語 說我是世上最美的女孩 沒有我不行 一步步走入 你佈下的愛情陷阱 還傻傻的以為 是你的真命天女 脫下我的內褲 脫我的內衣 如果我不答應 代表不夠愛你 牙齒一咬 眼睛ㄧ閉 一次又一次滿足你的獸慾 我以為這就是愛情 你只想爽你的雞雞 我以為這就是愛情 你只想放進我嘴裡 我想這不是愛情 早知道就不樹你的懶叫 不樹你的懶教 把我的照片 還給我 把我的臉書帳號 還給我 把我的悠遊卡 還給我 把我的大門鑰匙 還給我 把我的布拉甲 還給我 把我的跳蛋 還給我 把我的處女膜 還給我 把我打的跑 還給我 
詞曲：青蛙 編曲：山林那
剛追求的時候 甜言蜜語 說我是世上最美的女孩 沒有我不行 一步步走入 你佈下的愛情陷阱 還傻傻的以為 是你的真命天女 脫下我的內褲 脫我的內衣 如果我不答應 代表不夠愛你 牙齒一咬 眼睛ㄧ閉 一次又一次滿足你的獸慾
我以為這就是愛情 你只想爽你的雞雞 我以為這就是愛情 你只想放進我嘴裡 我想這不是愛情 早知道就不樹你的懶叫 不樹你的懶教
把我的照片 還給我 把我的臉書帳號 還給我 把我的悠遊卡 還給我 把我的大門鑰匙 還給我 把我的布拉甲 還給我 把我的跳蛋 還給我 把我的處女膜 還給我 把我打的跑 還給我
留言（ 0 ） 最相關留言 所有留言
留言（ 0 ）",2026-08-27,,編輯推薦,True,False,
2026-08-31 05:00:02,realtime,all,,,26,Louis’,13 Row,2,61,0,https://streetvoice.com/honglouis65/songs/876992/,https://streetvoice.com/honglouis65/,"https://akstatic.streetvoice.com/music_albums/ho/ng/honglouis65/Sd4LhhPpP3meWa7p49Jw3o.jpeg?x-oss-process=image/resize,m_fixed,h_1,w_1,limit_0/resize,m_fixed,h_630,w_1200,limit_0/watermark,image_bXVzaWNfYWxidW1zL2hvL25nL2hvbmdsb3VpczY1L1NkNExoaFBwUDNtZVdhN3A0OUp3M28uanBlZz94LW9zcy1wcm9jZXNzPWltYWdlL3Jlc2l6ZSxtX2ZpeGVkLGhfMzQ0LHdfMzQ0LGxpbWl0XzA,g_nw,x_428,y_143/watermark,image_YXNzZXQvaW1hZ2VzL21ldGFpbWFnZS1zb25nLnBuZw,g_nw,x_0,y_0",images/876992.jpeg,@honglouis65,音樂人,,,,2,10,31,,,https://www.youtube.com/user/StreetVoiceTV,,,Folk,Above the Floorboards,https://streetvoice.com/honglouis65/songs/album/97325912/,,"recorded on the 23rd of August, 2026 
recorded on the 23rd of August, 2026","I tucked her, slowly inside and told her “you’re living in the past” and time, time has come forth timeless endings I’ll meet you in the foreroom Lick your wounds, by the riverbed take what’s in store, bring what’s in stead confide in me, secrets of you hidden from me 
I tucked her, slowly inside and told her “you’re living in the past” and time, time has come forth timeless endings I’ll meet you in the foreroom
Lick your wounds, by the riverbed take what’s in store, bring what’s in stead confide in me, secrets of you hidden from me
留言（ 0 ） 最相關留言 所有留言
留言（ 0 ）",2026-08-30,,,False,False,
2026-08-31 05:00:02,realtime,all,,,27,黃號,Window,7,230,0,https://streetvoice.com/huanghaoooo/songs/875261/,https://streetvoice.com/huanghaoooo/,"https://akstatic.streetvoice.com/song_covers/hu/an/huanghaoooo/n5vkmkd33jUEJfzQKoSeBY.jpeg?x-oss-process=image/resize,m_fixed,h_1,w_1,limit_0/resize,m_fixed,h_630,w_1200,limit_0/watermark,image_c29uZ19jb3ZlcnMvaHUvYW4vaHVhbmdoYW9vb28vbjV2a21rZDMzalVFSmZ6UUtvU2VCWS5qcGVnP3gtb3NzLXByb2Nlc3M9aW1hZ2UvcmVzaXplLG1fZml4ZWQsaF8zNDQsd18zNDQsbGltaXRfMA,g_nw,x_428,y_143/watermark,image_YXNzZXQvaW1hZ2VzL21ldGFpbWFnZS1zb25nLnBuZw,g_nw,x_0,y_0",images/875261.jpeg,@huanghaoooo,音樂人,台北市,2021-12-01,2022-09-12 10:51,1,243,,https://www.facebook.com/huanghaoooo,https://www.instagram.com/huanghaoooo/,https://www.youtube.com/c/黃號huanghao,,,Pop,沒有你,https://streetvoice.com/huanghaoooo/songs/album/97325934/,,,"Sunset dripping on your skin 粉色天空像你靠過來那天 Window down let the breeze in 你的味道還停在我指尖 Rearview fading all again 你在後面慢慢變成從前 Told me we’d be more than friends 現在只剩我在重播那一遍 I reach out like you still there 其實只剩空氣在陪我演 We were fire now it’s nowhere 只剩餘溫卡在這瞬間 I got you in my window in my window 怎麼甩都甩不走 Sunset on your shadow your shadow 還在我心裡停留 You don’t say goodbye 但我還在等你回來 All night all night I’m driving through your skyline Same song playing on repeat 像你還坐在副駕靠著我呼吸 City lights but I can’t see 因為眼裡全都是你 If I stayed just one more minute 是不是結局就不一樣 Now I’m driving with no limit 卻回不到你的方向 If I could rewind that day I would never let you walk away 但時間從不後退 只留下我在這條路上 chase I got you in my window in my window 怎麼甩都甩不走 Sunset on your shadow your shadow 還在我心裡停留 You don’t say goodbye 但我還在等你回來 All night all night I’m driving through your skyline Window down I feel the breeze 但你不在這裡 Sun goes down with memories 我還困在那一刻裡 
Sunset dripping on your skin 粉色天空像你靠過來那天 Window down let the breeze in 你的味道還停在我指尖
Rearview fading all again 你在後面慢慢變成從前 Told me we’d be more than friends 現在只剩我在重播那一遍
I reach out like you still there 其實只剩空氣在陪我演 We were fire now it’s nowhere 只剩餘溫卡在這瞬間
I got you in my window in my window 怎麼甩都甩不走
Sunset on your shadow your shadow 還在我心裡停留
You don’t say goodbye 但我還在等你回來 All night all night I’m driving through your skyline
Same song playing on repeat 像你還坐在副駕靠著我呼吸 City lights but I can’t see 因為眼裡全都是你
If I stayed just one more minute 是不是結局就不一樣 Now I’m driving with no limit 卻回不到你的方向
If I could rewind that day I would never let you walk away 但時間從不後退 只留下我在這條路上 chase
I got you in my window in my window 怎麼甩都甩不走
Sunset on your shadow your shadow 還在我心裡停留
You don’t say goodbye 但我還在等你回來 All night all night I’m driving through your skyline
Window down I feel the breeze 但你不在這裡 Sun goes down with memories 我還困在那一刻裡
留言（ 0 ） 最相關留言 所有留言
留言（ 0 ）",2026-08-27,,編輯推薦,True,False,
2026-08-31 05:00:02,realtime,all,,,28,LINION,LOCO POCO,23,1141,2,https://streetvoice.com/linion_linion/songs/874505/,https://streetvoice.com/linion_linion/,"https://akstatic.streetvoice.com/song_covers/li/ni/linion_linion/BeRES6VPN866dSXaQYAPUg.jpg?x-oss-process=image/resize,m_fixed,h_1,w_1,limit_0/resize,m_fixed,h_630,w_1200,limit_0/watermark,image_c29uZ19jb3ZlcnMvbGkvbmkvbGluaW9uX2xpbmlvbi9CZVJFUzZWUE44NjZkU1hhUVlBUFVnLmpwZz94LW9zcy1wcm9jZXNzPWltYWdlL3Jlc2l6ZSxtX2ZpeGVkLGhfMzQ0LHdfMzQ0LGxpbWl0XzA,g_nw,x_428,y_143/watermark,image_YXNzZXQvaW1hZ2VzL21ldGFpbWFnZS1zb25nLnBuZw,g_nw,x_0,y_0",images/874505.jpg,@linion_linion,音樂人,新北市,2018-11-01,,14,5138,3,https://www.facebook.com/linionlinion,https://www.instagram.com/linion_linion,https://www.youtube.com/user/StreetVoiceTV,LINION攜手MUSA明馬丁打造單曲〈LOCO POCO〉融合R&B、拉丁節奏|||https://blow.streetvoice.com/89528/?utm_source=streetvoice&utm_medium=profile-news-block; 擁抱不完美的創作哲學 LINION新專輯《自己自己》邀金曲歌王Matzka合作|||https://blow.streetvoice.com/83709/?utm_source=streetvoice&utm_medium=profile-news-block; LINION攜新專輯《自己自己 mi casa su casa》開唱！10/19邀樂迷把台北Legacy當自己家|||https://blow.streetvoice.com/82395/?utm_source=streetvoice&utm_medium=profile-news-block,,R&B / Soul,,,,"寫這首是覺得現在世界動盪，不管如何，我想要給大家一首聽了會很快樂很開心的歌曲，希望大家聽了都可以忘掉煩惱跳跳跳跳起來🩵 〈LOCO POCO〉在西班牙文中，意指「有一點點瘋狂」。 就像走在街上與某個太過迷人的身影擦肩而過，一秒被對方的眼神勾走， 一個 MOVE、一種氣味、一個不經意的神態，都讓心跳漏拍、意識失焦， 整條街的聲音都像為了她瞬間重新編曲。 LINION 攜手阿根廷製作人 MUSA 明馬丁，將 R&B 揉進拉丁的律動， 再嵌入台灣人熟悉的 cha cha 節奏。 西班牙文、英文、中文，還有一句台語， 四種語言像街口人影自然穿行， 一句「攏是你」點破迷戀，讓人陷入瘋狂迷戀的狀態。 這是一首毫無預警淪陷在戀愛中的歌， 也是 MUSA明馬丁口中 “Música pa’l cuerpo” 為身體而生的歌曲。 聽見之前，身體已經先懂了。 被辣到，剛剛好。 
寫這首是覺得現在世界動盪，不管如何，我想要給大家一首聽了會很快樂很開心的歌曲，希望大家聽了都可以忘掉煩惱跳跳跳跳起來🩵
〈LOCO POCO〉在西班牙文中，意指「有一點點瘋狂」。 就像走在街上與某個太過迷人的身影擦肩而過，一秒被對方的眼神勾走， 一個 MOVE、一種氣味、一個不經意的神態，都讓心跳漏拍、意識失焦， 整條街的聲音都像為了她瞬間重新編曲。 LINION 攜手阿根廷製作人 MUSA 明馬丁，將 R&B 揉進拉丁的律動， 再嵌入台灣人熟悉的 cha cha 節奏。
西班牙文、英文、中文，還有一句台語， 四種語言像街口人影自然穿行， 一句「攏是你」點破迷戀，讓人陷入瘋狂迷戀的狀態。 這是一首毫無預警淪陷在戀愛中的歌， 也是 MUSA明馬丁口中 “Música pa’l cuerpo” 為身體而生的歌曲。 聽見之前，身體已經先懂了。 被辣到，剛剛好。","Loco Poco you better said Loco Poco 別想太多 Loco Poco Loco Por Ti (Bueno bueno chicos, a ver si largan el celular un poquito y le empiezan a dar bola a la música de nuevo eh, que hace falta. Hasta luego!) Look at you, classy Byredo, Indigo, Contigo, Amigo Nails click on the case Leading my heartbeat goes straight Something is wrong with me bae A little bit dizzy Sing along on the street 攏是你 攏是你 Loco Poco you better said Loco Poco 別想太多 Loco Poco Loco Por Ti Por Ti Uno dos, I think I’m lost I need a chance to play on your court Biting on the straw, sipping slow Losing control, You know I know Lil mami, just give me a sign Keep flowing and you’re so fine The way you like Slow dancing in the burning light Something is wrong with me bae A little bit dizzy Sing along on the street 攏是你 攏是你 Loco Poco you better said Loco Poco 別想太多 Loco Poco Loco Por Ti Por Ti Loco Poco you better said Loco Poco 別想太多 Loco Poco Loco Por Ti Por Ti VAMOS ( Cómo dice la canción : Muy Buena Gente, especialmente las damas. A ver si largan el celular, se miran a los ojos y empiezan a bailar un poco.) Loco Poco Estamos Todos Loco Poco 別想太多 Loco Poco Loco ASI ASI ASI Loco Poco Estamos Todos Loco Poco 別想太多 Loco Poco Loco ASI Loco Poco Estamos Todos Loco Poco 別想太多 Loco Poco Loco ASI ASI ASI Loco Poco Estamos Todos Loco Poco Estamos Todos Loco Poco Loco ASI (Muy buenas noches a todos, les agradecemos que hayan escuchado nuestro Cha-Cha. Espero que les haya servido para dejar el celular, mirarse a los ojos, y mover un poco el culo. Muchas Gracias. Hasta luego!Cha Cha Cha) 
Loco Poco you better said Loco Poco 別想太多 Loco Poco Loco Por Ti (Bueno bueno chicos, a ver si largan el celular un poquito y le empiezan a dar bola a la música de nuevo eh, que hace falta. Hasta luego!)
Look at you, classy Byredo, Indigo, Contigo, Amigo Nails click on the case Leading my heartbeat goes straight
Something is wrong with me bae A little bit dizzy Sing along on the street 攏是你 攏是你
Loco Poco you better said Loco Poco 別想太多 Loco Poco Loco Por Ti Por Ti
Uno dos, I think I’m lost I need a chance to play on your court Biting on the straw, sipping slow Losing control, You know I know Lil mami, just give me a sign Keep flowing and you’re so fine The way you like Slow dancing in the burning light
Something is wrong with me bae A little bit dizzy Sing along on the street 攏是你 攏是你
Loco Poco you better said Loco Poco 別想太多 Loco Poco Loco Por Ti Por Ti Loco Poco you better said Loco Poco 別想太多 Loco Poco Loco Por Ti Por Ti
VAMOS ( Cómo dice la canción : Muy Buena Gente, especialmente las damas. A ver si largan el celular, se miran a los ojos y empiezan a bailar un poco.)
Loco Poco Estamos Todos Loco Poco 別想太多 Loco Poco Loco ASI ASI ASI
Loco Poco Estamos Todos Loco Poco 別想太多 Loco Poco Loco ASI
Loco Poco Estamos Todos Loco Poco 別想太多 Loco Poco Loco ASI ASI ASI
Loco Poco Estamos Todos Loco Poco Estamos Todos Loco Poco Loco ASI
(Muy buenas noches a todos, les agradecemos que hayan escuchado nuestro Cha-Cha. Espero que les haya servido para dejar el celular, mirarse a los ojos, y mover un poco el culo. Muchas Gracias. Hasta luego!Cha Cha Cha)
留言（ 2 ） 最相關留言 所有留言
留言（ 2 ）",2026-08-14,,Song of the Day; 編輯推薦,True,True,
2026-08-31 05:00:02,realtime,all,,,29,Wednesday Waflow,Green(demo),9,381,0,https://streetvoice.com/WednesdayWaflow/songs/876493/,https://streetvoice.com/WednesdayWaflow/,"https://akstatic.streetvoice.com/song_covers/We/dn/WednesdayWaflow/cFrju8VMQ5ZjR8s7NtJVYV.jpeg?x-oss-process=image/resize,m_fixed,h_1,w_1,limit_0/resize,m_fixed,h_630,w_1200,limit_0/watermark,image_c29uZ19jb3ZlcnMvV2UvZG4vV2VkbmVzZGF5V2FmbG93L2NGcmp1OFZNUTVaalI4czdOdEpWWVYuanBlZz94LW9zcy1wcm9jZXNzPWltYWdlL3Jlc2l6ZSxtX2ZpeGVkLGhfMzQ0LHdfMzQ0LGxpbWl0XzA,g_nw,x_428,y_143/watermark,image_YXNzZXQvaW1hZ2VzL21ldGFpbWFnZS1zb25nLnBuZw,g_nw,x_0,y_0",images/876493.jpeg,@WednesdayWaflow,音樂人,,,,2,16,,,,https://www.youtube.com/user/StreetVoiceTV,,,Alternative,,,,"Arrangement:Wednesday Waflow Drums:陳翰昇Hanson Bass:黃唯恩Jason Keys:林莉樺Lily Mixing Engineer:Isaac Kuo 
Arrangement:Wednesday Waflow Drums:陳翰昇Hanson Bass:黃唯恩Jason Keys:林莉樺Lily Mixing Engineer:Isaac Kuo","這是沒有提供歌詞的歌曲
留言（ 0 ） 最相關留言 所有留言
留言（ 0 ）",2026-08-26,,編輯推薦,True,False,
2026-08-31 05:00:02,realtime,all,,,30,Kekulin柯郭林,我喜歡你但不一定要擁有你demo,3,56,3,https://streetvoice.com/Kekulin/songs/877059/,https://streetvoice.com/Kekulin/,"https://akstatic.streetvoice.com/song_covers/Ke/ku/Kekulin/6dufjBmsnsao2qP45mX76c.jpg?x-oss-process=image/resize,m_fixed,h_1,w_1,limit_0/resize,m_fixed,h_630,w_1200,limit_0/watermark,image_c29uZ19jb3ZlcnMvS2Uva3UvS2VrdWxpbi82ZHVmakJtc25zYW8ycVA0NW1YNzZjLmpwZz94LW9zcy1wcm9jZXNzPWltYWdlL3Jlc2l6ZSxtX2ZpeGVkLGhfMzQ0LHdfMzQ0LGxpbWl0XzA,g_nw,x_428,y_143/watermark,image_YXNzZXQvaW1hZ2VzL21ldGFpbWFnZS1zb25nLnBuZw,g_nw,x_0,y_0",images/877059.jpg,@Kekulin,音樂人,,,,1,3,,,,https://www.youtube.com/user/StreetVoiceTV,,,R&B / Soul,,,,,"我也想隱形 我隱姓埋名 也許我動了心 連逃避都變得沒有意義 要我放棄清醒 讓我繼續沉溺 在剛好的距離 不說也可以不需要證明 其實我早就習慣這樣安靜 習慣你在我生活裡的距離 我不會靠近不會輕易離去 剛好可以讓我一直喜歡你 我喜歡你 但不一定要擁有你 就算最後你不屬於我也沒關係 我喜歡你 但不一定要擁有你 至少這份心動屬於真實的自己 
我也想隱形 我隱姓埋名
也許我動了心 連逃避都變得沒有意義
要我放棄清醒 讓我繼續沉溺
在剛好的距離 不說也可以不需要證明
其實我早就習慣這樣安靜
習慣你在我生活裡的距離
我不會靠近不會輕易離去
剛好可以讓我一直喜歡你
我喜歡你 但不一定要擁有你
就算最後你不屬於我也沒關係
我喜歡你 但不一定要擁有你
至少這份心動屬於真實的自己
留言（ 3 ） 最相關留言 所有留言
留言（ 3 ）",2026-08-30,,,False,False,
2026-08-31 05:00:02,realtime,all,,,31,FCC,陰陽人 (h0sh1kuzu VS 筋砧鴣),6,128,2,https://streetvoice.com/fourchencypher/songs/876910/,https://streetvoice.com/fourchencypher/,"https://akstatic.streetvoice.com/song_covers/fo/ur/fourchencypher/dAg3HMGNdqwUCU23ydXcUV.jpg?x-oss-process=image/resize,m_fixed,h_1,w_1,limit_0/resize,m_fixed,h_630,w_1200,limit_0/watermark,image_c29uZ19jb3ZlcnMvZm8vdXIvZm91cmNoZW5jeXBoZXIvZEFnM0hNR05kcXdVQ1UyM3lkWGNVVi5qcGc_eC1vc3MtcHJvY2Vzcz1pbWFnZS9yZXNpemUsbV9maXhlZCxoXzM0NCx3XzM0NCxsaW1pdF8w,g_nw,x_428,y_143/watermark,image_YXNzZXQvaW1hZ2VzL21ldGFpbWFnZS1zb25nLnBuZw,g_nw,x_0,y_0",images/876910.jpg,@fourchencypher,音樂人,,,,2,8,4,,,https://www.youtube.com/user/StreetVoiceTV,以〈鬼ノ宴〉一曲爆紅、《暗殺教室》主題曲原唱 「日本次世代創作歌手」友成空六月首度來台開唱！|||https://blow.streetvoice.com/86521/?utm_source=streetvoice&utm_medium=profile-news-block; Blow吹音樂選：2025年度30張台灣原創音樂專輯|||https://blow.streetvoice.com/85800/?utm_source=streetvoice&utm_medium=profile-news-block; 「酷兒音樂世代終於到來！」從Sapphic Pop熱潮，回望臺灣女同志音樂文化|||https://blow.streetvoice.com/78972/?utm_source=streetvoice&utm_medium=profile-news-block,,Hip hop / Rap,純屬娛樂,https://streetvoice.com/fourchencypher/songs/album/97325995/,筋砧鴣gu、ほしくず_褲子,"第二組 給到的是 陰溼長髮男 h0sh1kuzu 以及 越南媳婦 金針菇GU 他們究竟會帶來多搞耍的東西呢？！ 
第二組 給到的是 陰溼長髮男 h0sh1kuzu 以及 越南媳婦 金針菇GU 他們究竟會帶來多搞耍的東西呢？！","我吃火鍋從來不吃金針菇 聽歌也一樣 人生太難了 強烈建議你原地重開 別哭 盜版越南人 走在無名巷 在比奇堡被抓住 R&B的料 兄弟你別鬧 收起那怪腔怪調 饒舌歌手 你說你是饒舌歌手 聽到你的歌我真的只想拿刀割手 Stopping doing that shit你讓我cringe 你讓我雞皮疙瘩掉滿地 一想到你我的思緒就像是暴斃 眼睛哪裡有問題啊就說了beat就放在那 金針菇叫金針菇是因為吃進去大約等於拉 大約等於拉 拉了一坨大 炸了八個八 在你爸媽面前爆抽sativa Kill了金針菇像在殺豬肉 褲子你先閉嘴 別在那邊裝懂 乖乖玩你的樂團   去唱你的草東 我還想和你談論宇宙和天空 趕快滾回去你媽媽的子宮 成都 大哥終究 敵不過越南 媳婦 未成年就 不要當吸菸犯 當智障 激怒 你還不夠 格快去旁邊 吃丹丹 息怒 像隻小狗 去舔  女友的瓣瓣 褲子  你的 punchline 像過期的 樂事  喝醉的時候（幫我叫計程車） 社死 我是說她往人身上貼合 讓我瞠目結舌 所以褲子我問你到底在唉什麼 這樣  同學有比較清楚這堂課的內容了 嗎 
我吃火鍋從來不吃金針菇 聽歌也一樣 人生太難了 強烈建議你原地重開 別哭 盜版越南人 走在無名巷 在比奇堡被抓住 R&B的料 兄弟你別鬧 收起那怪腔怪調 饒舌歌手 你說你是饒舌歌手 聽到你的歌我真的只想拿刀割手 Stopping doing that shit你讓我cringe 你讓我雞皮疙瘩掉滿地 一想到你我的思緒就像是暴斃
眼睛哪裡有問題啊就說了beat就放在那 金針菇叫金針菇是因為吃進去大約等於拉 大約等於拉 拉了一坨大 炸了八個八 在你爸媽面前爆抽sativa Kill了金針菇像在殺豬肉
褲子你先閉嘴 別在那邊裝懂 乖乖玩你的樂團   去唱你的草東 我還想和你談論宇宙和天空 趕快滾回去你媽媽的子宮
成都 大哥終究 敵不過越南 媳婦 未成年就 不要當吸菸犯 當智障 激怒 你還不夠 格快去旁邊 吃丹丹 息怒 像隻小狗 去舔  女友的瓣瓣
褲子  你的 punchline 像過期的 樂事  喝醉的時候（幫我叫計程車） 社死 我是說她往人身上貼合 讓我瞠目結舌 所以褲子我問你到底在唉什麼 這樣  同學有比較清楚這堂課的內容了 嗎
留言（ 2 ） 最相關留言 所有留言
留言（ 2 ）",2026-08-29,,,False,False,
2026-08-31 05:00:02,realtime,all,,,32,雪菲爾,我的玻璃睪丸發炎,2,70,0,https://streetvoice.com/apiamusic/songs/876973/,https://streetvoice.com/apiamusic/,"https://akstatic.streetvoice.com/song_covers/ap/ia/apiamusic/Y4PddmrCKoPzpY7DPEV5zy.jpeg?x-oss-process=image/resize,m_fixed,h_1,w_1,limit_0/resize,m_fixed,h_630,w_1200,limit_0/watermark,image_c29uZ19jb3ZlcnMvYXAvaWEvYXBpYW11c2ljL1k0UGRkbXJDS29QenBZN0RQRVY1enkuanBlZz94LW9zcy1wcm9jZXNzPWltYWdlL3Jlc2l6ZSxtX2ZpeGVkLGhfMzQ0LHdfMzQ0LGxpbWl0XzA,g_nw,x_428,y_143/watermark,image_YXNzZXQvaW1hZ2VzL21ldGFpbWFnZS1zb25nLnBuZw,g_nw,x_0,y_0",images/876973.jpeg,@apiamusic,音樂人,台北市,2025-04-01,,5,21,185,,,https://www.youtube.com/user/StreetVoiceTV,2025火球祭雙日精彩回顧：ELLEGARDEN重返火舞台展真友誼、滅火器邀「大師兄」林智勝重返球場舞台|||https://blow.streetvoice.com/84773/?utm_source=streetvoice&utm_medium=profile-news-block; 2025 火球祭情蒐報告：ELLEGARDEN重磅回歸、YOYO家族攻佔主舞台|||https://blow.streetvoice.com/84692/?utm_source=streetvoice&utm_medium=profile-news-block; 2025 火球祭公布新一波陣容：鳳小岳&壓克力柿子、黃玠、美秀集團、拍謝少年參戰|||https://blow.streetvoice.com/83479/?utm_source=streetvoice&utm_medium=profile-news-block,,Hip hop / Rap,,,,,"動態歌詞
打砲真的超爽 約砲真的超爽 Давай 來打砲 打砲真的超爽 我幹你娘的真的超爽 什麼都不懂 因為你是處男 你很醜 打砲真的超爽 我真的超爽 幹你娘的打砲真的超爽 謝謝女性主義 性愛不再dirty 約砲變得容易 這是我的人生意義 活著沒有目的 我只有滿足雞雞 非常積極 可能因為躁鬱 打砲真的超爽 喔真的超爽 比起活下去 我喜歡繁衍基因 你很爛 因為你是窮醜矮男 你在日記裡面提及 可惜你是處男 我一直儲值交友軟體 做好時間管理 再加上自介得體 也假裝沒有惡習 雖然沒有Maserati 但有馬三Altis 載妹開房超爽 刺激腎上腺 像是聖母升天 喔Asunción 雖然瑪利亞是處女 他還是被我破處 她是猶太賤畜 我幹完打給耶穌 欸你知道嗎 我剛剛幹你娘 我最喜歡打砲 因為打砲真的很爽 喔真的很爽 我都射後不理 我惡名昭彰千里 但還是繼續打砲 因為真的太爽 我真的超爽 你說我有病 對我真的有病 我的睪丸操出病 還是一直打砲 躁鬱症 驅使我去打砲 連副睪炎都抵銷不掉 我不喜歡賺錢 我喜歡打炮 賺錢拿來開房間 所以很窮 但是打砲真的超爽 喔真的超爽 你很醜 你很矮 你很窮 你很爛 你是一個處男 你社會底層矮男 我一直打砲 所以影響升遷 但是隨便 打砲真的超爽 所以得到副睪炎 還是一直打砲 欸 一直打砲 楊舒雅是玻璃睪丸 所以不能打砲 但我還是一直打砲 打砲真的超爽 你不懂 你很醜 你很窮 但我就是一直打砲 我比玻璃睪丸還屌 所以常常打跑 
打砲真的超爽 約砲真的超爽 Давай 來打砲 打砲真的超爽 我幹你娘的真的超爽 什麼都不懂 因為你是處男 你很醜 打砲真的超爽 我真的超爽 幹你娘的打砲真的超爽 謝謝女性主義 性愛不再dirty 約砲變得容易 這是我的人生意義 活著沒有目的 我只有滿足雞雞 非常積極 可能因為躁鬱 打砲真的超爽 喔真的超爽 比起活下去 我喜歡繁衍基因 你很爛 因為你是窮醜矮男 你在日記裡面提及 可惜你是處男 我一直儲值交友軟體 做好時間管理 再加上自介得體 也假裝沒有惡習 雖然沒有Maserati 但有馬三Altis 載妹開房超爽 刺激腎上腺 像是聖母升天 喔Asunción 雖然瑪利亞是處女 他還是被我破處 她是猶太賤畜 我幹完打給耶穌 欸你知道嗎 我剛剛幹你娘 我最喜歡打砲 因為打砲真的很爽 喔真的很爽 我都射後不理 我惡名昭彰千里 但還是繼續打砲 因為真的太爽 我真的超爽 你說我有病 對我真的有病 我的睪丸操出病 還是一直打砲 躁鬱症 驅使我去打砲 連副睪炎都抵銷不掉 我不喜歡賺錢 我喜歡打炮 賺錢拿來開房間 所以很窮 但是打砲真的超爽 喔真的超爽 你很醜 你很矮 你很窮 你很爛 你是一個處男 你社會底層矮男 我一直打砲 所以影響升遷 但是隨便 打砲真的超爽 所以得到副睪炎 還是一直打砲 欸 一直打砲 楊舒雅是玻璃睪丸 所以不能打砲 但我還是一直打砲 打砲真的超爽 你不懂 你很醜 你很窮 但我就是一直打砲 我比玻璃睪丸還屌 所以常常打跑
留言（ 0 ） 最相關留言 所有留言
留言（ 0 ）",2026-08-30,,,False,False,
2026-08-31 05:00:02,realtime,all,,,33,ほしくず_褲子,Blue Iris Demo,4,40,2,https://streetvoice.com/h0sh1kuzu_m4a/songs/877139/,https://streetvoice.com/h0sh1kuzu_m4a/,"https://akstatic.streetvoice.com/song_covers/h0/sh/h0sh1kuzu_m4a/9GCoQkifSWkoSbZpP4watn.jpg?x-oss-process=image/resize,m_fixed,h_1,w_1,limit_0/resize,m_fixed,h_630,w_1200,limit_0/watermark,image_c29uZ19jb3ZlcnMvaDAvc2gvaDBzaDFrdXp1X200YS85R0NvUWtpZlNXa29TYlpwUDR3YXRuLmpwZz94LW9zcy1wcm9jZXNzPWltYWdlL3Jlc2l6ZSxtX2ZpeGVkLGhfMzQ0LHdfMzQ0LGxpbWl0XzA,g_nw,x_428,y_143/watermark,image_YXNzZXQvaW1hZ2VzL21ldGFpbWFnZS1zb25nLnBuZw,g_nw,x_0,y_0",images/877139.jpg,@h0sh1kuzu_m4a,音樂人,台中市,2025-11-01,,12,39,21,,,https://www.youtube.com/user/StreetVoiceTV,,,Hip hop / Rap,,,,"「絕望的愛」 是它的花語。 
「絕望的愛」 是它的花語。","都一樣的 覺得會悲劇收場 我到底為什麼徬徨 在逝者安息的天堂 死因是否包含次級創傷 答案為非 但我浪費太多時間 你等待夠久的時間 我們都視若無睹的時間 想當作一切從未發生過已經來不及 死路一條 或許我還有機會結束自己 為何堅守著絕望的愛 all about blue iris all about blue iris 他們說你不能 不斷 揭露自己的傷疤 不能不停 重複 傾訴自己的創傷 他們說 你別再找藉口他們說 藉口 即便我已經真心的袒露我的所有 都一樣的病 都一樣的命 都一樣的mean 都一樣的 一樣的 都一樣得過且過 都一樣嘴硬病弱 而你憑什麼 告訴我你很好 想著照亮人卻沒發現早就沒有 火能燒 「我能熬」 「很快就到」 「我真的很好」 我們都一樣在逃跑 在撐著笑 在犧牲自己成全他們口中的 口中的信仰 口中的救贖 建立在何之上我們都清楚 輕撫 眼眶模糊 真想把雜音都清除 我也想保護也想用力拆了爛的桎梏 直到燃盡所有發現一切都還困在制度 直到妳也像他們一樣承受不住崩潰大哭 這世界不只病了 而且病得不輕 做不到拯救所以把一切怪給環境 絕望的愛來自沒被救下的你和我 絕望的愛來自我早已熄滅的心火 
都一樣的 覺得會悲劇收場 我到底為什麼徬徨 在逝者安息的天堂 死因是否包含次級創傷 答案為非 但我浪費太多時間 你等待夠久的時間 我們都視若無睹的時間
想當作一切從未發生過已經來不及 死路一條 或許我還有機會結束自己 為何堅守著絕望的愛 all about blue iris all about blue iris
他們說你不能 不斷 揭露自己的傷疤 不能不停 重複 傾訴自己的創傷 他們說 你別再找藉口他們說 藉口 即便我已經真心的袒露我的所有 都一樣的病 都一樣的命 都一樣的mean 都一樣的 一樣的
都一樣得過且過 都一樣嘴硬病弱 而你憑什麼 告訴我你很好 想著照亮人卻沒發現早就沒有 火能燒 「我能熬」 「很快就到」 「我真的很好」 我們都一樣在逃跑 在撐著笑 在犧牲自己成全他們口中的
口中的信仰 口中的救贖 建立在何之上我們都清楚 輕撫 眼眶模糊 真想把雜音都清除 我也想保護也想用力拆了爛的桎梏 直到燃盡所有發現一切都還困在制度 直到妳也像他們一樣承受不住崩潰大哭
這世界不只病了 而且病得不輕 做不到拯救所以把一切怪給環境
絕望的愛來自沒被救下的你和我 絕望的愛來自我早已熄滅的心火
留言（ 2 ） 最相關留言 所有留言
留言（ 2 ）",2026-08-30,,,False,False,
2026-08-31 05:00:02,realtime,all,,,34,起手氏BeginClan,奪舍已成,13,376,21,https://streetvoice.com/amy9013576/songs/876734/,https://streetvoice.com/amy9013576/,"https://akstatic.streetvoice.com/song_covers/am/y9/amy9013576/S9htQapqt7VxeZBURzJ9Cp.jpeg?x-oss-process=image/resize,m_fixed,h_1,w_1,limit_0/resize,m_fixed,h_630,w_1200,limit_0/watermark,image_c29uZ19jb3ZlcnMvYW0veTkvYW15OTAxMzU3Ni9TOWh0UWFwcXQ3VnhlWkJVUnpKOUNwLmpwZWc_eC1vc3MtcHJvY2Vzcz1pbWFnZS9yZXNpemUsbV9maXhlZCxoXzM0NCx3XzM0NCxsaW1pdF8w,g_nw,x_428,y_143/watermark,image_YXNzZXQvaW1hZ2VzL21ldGFpbWFnZS1zb25nLnBuZw,g_nw,x_0,y_0",images/876734.jpeg,@amy9013576,音樂人,,,2026-04-30 10:23,56,65,41,,,https://www.youtube.com/channel/UCZDx__6Ev6Fl_0oLLgr7fBA,,,Hip hop / Rap,,,,,"魂兮歸來，身殼為牢. I enter you, a new day's dawn. 敲不碎的鏡中花，是我重生的代價. 奪舍成真，掌控你的一笑一顰一剎那. My echo now your voice, your choice now my choice. The ghost house rises, in me you rejoin. 你怎麼可能... 我已經在這裡！ Where did I... Gone, to where spirits scream. 魂魄四散紛飛   在吟唱中沉醉. We are one, but undone. 在你  海馬迴邊緣  我狂舞不歸. 在你  海馬迴邊緣  我狂舞不歸. 奪舍已成！你的世界我完全接收！ 不再掙扎  別做無用的祈求！ 魂魄漫遊   從今往後    我就是這軀殼！ I'm in control, let the dark roll, my sweet transgression. 奪舍已成，別今無用的祈求！ I'm dark roll, my sweet transgression. 救我... 我是誰？ 別傻了 把身體還我！ 我的完美容器 鏡花水月皆為泡影  惟有我存在！ ... no, I feel it all. anecious. My own reflection. 我看見你 恐懼來自深淵  現在是我的軍團 代價？沒有代價  只有作惡的狂歡. 痛苦滋養我  快樂由我揮霍. 在鬼門關   奪舍是唯一解脫. This dark and sweet transgression. Is it over? Or just beginning? I am you. And you are... nothing. Successful Possession. Successful. Successful. Evil Spirits Carnival... ...possession 
魂兮歸來，身殼為牢. I enter you, a new day's dawn.
敲不碎的鏡中花，是我重生的代價. 奪舍成真，掌控你的一笑一顰一剎那.
My echo now your voice, your choice now my choice. The ghost house rises, in me you rejoin. 你怎麼可能... 我已經在這裡！ Where did I... Gone, to where spirits scream.
魂魄四散紛飛   在吟唱中沉醉. We are one, but undone. 在你  海馬迴邊緣  我狂舞不歸. 在你  海馬迴邊緣  我狂舞不歸.
奪舍已成！你的世界我完全接收！ 不再掙扎  別做無用的祈求！ 魂魄漫遊   從今往後    我就是這軀殼！ I'm in control, let the dark roll, my sweet transgression. 奪舍已成，別今無用的祈求！ I'm dark roll, my sweet transgression.
救我... 我是誰？ 別傻了 把身體還我！ 我的完美容器 鏡花水月皆為泡影  惟有我存在！ ... no, I feel it all. anecious. My own reflection.
我看見你 恐懼來自深淵  現在是我的軍團 代價？沒有代價  只有作惡的狂歡. 痛苦滋養我  快樂由我揮霍. 在鬼門關   奪舍是唯一解脫. This dark and sweet transgression.
Is it over? Or just beginning? I am you. And you are... nothing. Successful Possession. Successful. Successful. Evil Spirits Carnival... ...possession
留言（ 21 ） 最相關留言 所有留言
留言（ 21 ）",2026-08-27,,AI 協作 Hip hop / Rap,False,False,
2026-08-31 05:00:02,realtime,all,,,35,OneTake,Refresh,2,136,0,https://streetvoice.com/Jamesforeal/songs/876373/,https://streetvoice.com/Jamesforeal/,"https://akstatic.streetvoice.com/song_covers/Ja/me/Jamesforeal/3vmsydL6NwLL4XkqBc6bwB.jpeg?x-oss-process=image/resize,m_fixed,h_1,w_1,limit_0/resize,m_fixed,h_630,w_1200,limit_0/watermark,image_c29uZ19jb3ZlcnMvSmEvbWUvSmFtZXNmb3JlYWwvM3Ztc3lkTDZOd0xMNFhrcUJjNmJ3Qi5qcGVnP3gtb3NzLXByb2Nlc3M9aW1hZ2UvcmVzaXplLG1fZml4ZWQsaF8zNDQsd18zNDQsbGltaXRfMA,g_nw,x_428,y_143/watermark,image_YXNzZXQvaW1hZ2VzL21ldGFpbWFnZS1zb25nLnBuZw,g_nw,x_0,y_0",images/876373.jpeg,@Jamesforeal,音樂人,彰化縣,2022-10-01,,11,20,8,,,https://www.youtube.com/user/StreetVoiceTV,,,Hip hop / Rap,Experiment,https://streetvoice.com/Jamesforeal/songs/album/97325961/,,"https://www.instagram.com/onetake.p/ https://www.instagram.com/yenontheroof/ https://www.instagram.com/piemia_500/ 詞曲/Lyrics&Compose:OneTake 編曲/Arranger:OneTake 錄音/Recording:YEN 混音/Mixing:YEN 母帶/Mastering:YEN 
https://www.instagram.com/onetake.p/ https://www.instagram.com/yenontheroof/ https://www.instagram.com/piemia_500/
https://www.instagram.com/onetake.p/
https://www.instagram.com/yenontheroof/
https://www.instagram.com/piemia_500/
詞曲/Lyrics&Compose:OneTake 編曲/Arranger:OneTake 錄音/Recording:YEN 混音/Mixing:YEN 母帶/Mastering:YEN","Pause, 前面路口停下來 找好方向(my way) 把目光收回自己身上 別四處張望 Man if u want it, go get it 向前走朝著光亮(get it) 走好自己的路 全力衝不怕相撞(no) Huh 狀況先搞清楚 才能對症下藥(check) 樂極了也像是有病 獨自一人在房間裡大笑(ha) Uh 自信到只說Go 瘋起來我都不會嚇到 我還是張白紙 沒溜過冰沒飛行駕照(white) Man I might be great, but I never been on TV show(never) 多少人的藥丸藥罐都是CD做的(CD) 聽過我溫暖的聲音不只7DB做的(DB) If I’m a diamond, 只聽聲音也感覺閃爍著(shine) Hold on, refresh, 忘了自己幾歲(ha!) 行得正就走得直 坐著貼緊椅背(go) 重新整理 出去走走或家裡睡(睡) 認真想過的答覆 沒意外all might be fake Refresh, hold on, refresh Refresh, hold on, refresh Refresh, hold on, refresh Refresh, hold on Huh yeah, Hold my grenade(boom) 言論顛覆感官 把整顆塞進嘴內(pop it) Huh yeah, 嚴格控制水位(yah) 別讓自己說不了話 整個人栽進水內 Huh I told u 得要說點話別埋在心裡面 無慮就無憂 life is good 但能派對幾遍 Sometimes hard to breathe 當下只想聚在一起Jam 意外的假期太昂貴 像抽到高級禮券 Mmm 都說是good old day What’s mean good 或許烏雲go away Y’all know 時間靈感都貴 You wanna take my time 要多少都得收費 Hold on, refresh, 忘了自己幾歲 行得正就走得直 坐著貼緊椅背 重新整理 出去走走或家裡睡 認真想過的答覆 沒意外all might be fake Refresh, hold on, refresh Refresh, hold on, refresh Refresh, hold on, refresh Refresh, hold on 
Pause, 前面路口停下來 找好方向(my way) 把目光收回自己身上 別四處張望 Man if u want it, go get it 向前走朝著光亮(get it) 走好自己的路 全力衝不怕相撞(no) Huh 狀況先搞清楚 才能對症下藥(check) 樂極了也像是有病 獨自一人在房間裡大笑(ha) Uh 自信到只說Go 瘋起來我都不會嚇到 我還是張白紙 沒溜過冰沒飛行駕照(white) Man I might be great, but I never been on TV show(never) 多少人的藥丸藥罐都是CD做的(CD) 聽過我溫暖的聲音不只7DB做的(DB) If I’m a diamond, 只聽聲音也感覺閃爍著(shine)
Hold on, refresh, 忘了自己幾歲(ha!) 行得正就走得直 坐著貼緊椅背(go) 重新整理 出去走走或家裡睡(睡) 認真想過的答覆 沒意外all might be fake Refresh, hold on, refresh Refresh, hold on, refresh Refresh, hold on, refresh Refresh, hold on
Huh yeah, Hold my grenade(boom) 言論顛覆感官 把整顆塞進嘴內(pop it) Huh yeah, 嚴格控制水位(yah) 別讓自己說不了話 整個人栽進水內 Huh I told u 得要說點話別埋在心裡面 無慮就無憂 life is good 但能派對幾遍 Sometimes hard to breathe 當下只想聚在一起Jam 意外的假期太昂貴 像抽到高級禮券 Mmm 都說是good old day What’s mean good 或許烏雲go away Y’all know 時間靈感都貴 You wanna take my time 要多少都得收費
Hold on, refresh, 忘了自己幾歲 行得正就走得直 坐著貼緊椅背 重新整理 出去走走或家裡睡 認真想過的答覆 沒意外all might be fake Refresh, hold on, refresh Refresh, hold on, refresh Refresh, hold on, refresh Refresh, hold on
留言（ 0 ） 最相關留言 所有留言
留言（ 0 ）",2026-08-28,,編輯推薦,True,False,
2026-08-31 05:00:02,realtime,all,,,36,SingingSongsForU,🌱🌱《比 AI 還假》 🍵☕️,3,22,0,https://streetvoice.com/limraymondl/songs/877065/,https://streetvoice.com/limraymondl/,"https://akstatic.streetvoice.com/song_covers/li/mr/limraymondl/4hYbvzJ4goDKKF9fV9E7iB.jpg?x-oss-process=image/resize,m_fixed,h_1,w_1,limit_0/resize,m_fixed,h_630,w_1200,limit_0/watermark,image_c29uZ19jb3ZlcnMvbGkvbXIvbGltcmF5bW9uZGwvNGhZYnZ6SjRnb0RLS0Y5ZlY5RTdpQi5qcGc_eC1vc3MtcHJvY2Vzcz1pbWFnZS9yZXNpemUsbV9maXhlZCxoXzM0NCx3XzM0NCxsaW1pdF8w,g_nw,x_428,y_143/watermark,image_YXNzZXQvaW1hZ2VzL21ldGFpbWFnZS1zb25nLnBuZw,g_nw,x_0,y_0",images/877065.jpg,@limraymondl,音樂人,新加坡,2009-03-01,,54,16,20,,,https://www.youtube.com/user/StreetVoiceTV,,,Hip hop / Rap,,,,"AI明明是假的，卻把人性演得比真人還真；真人明明是真的，卻可以虛偽到連AI都演不出那種程度。 
AI明明是假的，卻把人性演得比真人還真；真人明明是真的，卻可以虛偽到連AI都演不出那種程度。","這是沒有提供歌詞的歌曲
留言（ 0 ） 最相關留言 所有留言
留言（ 0 ）",2026-08-30,,AI 協作 Hip hop / Rap,False,False,
2026-08-31 05:00:02,realtime,all,,,37,山林那Mountain Forest Side,台北無局男子,1,77,0,https://streetvoice.com/frogwag/songs/876736/,https://streetvoice.com/frogwag/,"https://akstatic.streetvoice.com/song_covers/fr/og/frogwag/jNC6VkEp8wYdnXttHUVLEV.jpg?x-oss-process=image/resize,m_fixed,h_1,w_1,limit_0/resize,m_fixed,h_630,w_1200,limit_0/watermark,image_c29uZ19jb3ZlcnMvZnIvb2cvZnJvZ3dhZy9qTkM2VmtFcDh3WWRuWHR0SFVWTEVWLmpwZz94LW9zcy1wcm9jZXNzPWltYWdlL3Jlc2l6ZSxtX2ZpeGVkLGhfMzQ0LHdfMzQ0LGxpbWl0XzA,g_nw,x_428,y_143/watermark,image_YXNzZXQvaW1hZ2VzL21ldGFpbWFnZS1zb25nLnBuZw,g_nw,x_0,y_0",images/876736.jpg,@frogwag,音樂人,新北市,2022-07-01,,2,6,3,,,https://www.youtube.com/user/StreetVoiceTV,,,Hip hop / Rap,,,,,"詞曲：廟公 饒舌：青蛙 編曲：廟公 月底了 口袋也沒錢了 是兄弟就借我一點 今晚什麼局 雙北我都可以呦 啊大概是要約幾點 我忙到現在還沒有下班 老婆表示非常體諒 快啦 車子來了 會點不到妹啊 我們都是台北的無局男子 相依為命 去找！舅！媽！ 我們都是台北的無局男子 相依為命 一起！流！浪！ 我們都是台北的無局男子 穿金戴銀 會有真！愛！嗎！ 我們都是台北的無局男子 沒錢了 要不要跟我回家 三十九 ~ 哇真的看不出來 你像二十八！ 你在那 今晚幾點下班 包廂開好了趕快過來 寶貝抱歉 我今天又要加班 忙完我就馬上回家 我們都是台北的無局男子 相依為命 去找！舅！媽！ 我們都是台北的無局男子 相依為命 一起！流！浪！ 我們都是台北的無局男子 穿金戴銀 會有真！愛！嗎！ 我們都是台北的無局男子 沒錢了 要不要跟我回家 ～rap～ 你娘勒 你幾梯的？ 林北從少年時 就開始 走店 台北橋下 萊爾富 黑松 甘有聽過 情人咖啡座 制服禮服 383砲店 老司機帶路 不會 失氣 落雖 從台北喝到高雄 再去東莞  宿醉 上海蘇州 不熟 但聽講妹啊 正點 懷念的是 桑拿 水中蕭 出水 最近攏去 百達 亞洲 威思汀 嘿嘿 因為兄弟暈船了幾個 老點 羅總 妹仔再帶 你知道哥的口味 小框 大框 外全 身軀已經乾洗 我已經沒錢啦 要跟我去QK嗎？ 我們都是台北的無局男子 相依為命 去找！舅！媽！ 我們都是台北的無局男子 相依為命 一起！流！浪！ 我們都是台北的無局男子 穿金戴銀 會有真！愛！嗎！ 我們都是台北的無局男子 沒錢了 破麻們還會愛我嗎 B4 我們都是台北的無局男子 相依為命 去找！舅！媽！ 我們都是台北的無局男子 相依為命 一起！流！浪！ 我們都是台北的無局男子 穿金戴銀 會有真！愛！嗎！ 我們都是台北的無局男子 沒錢了 要不要跟我回家 
詞曲：廟公 饒舌：青蛙 編曲：廟公
月底了 口袋也沒錢了 是兄弟就借我一點
今晚什麼局 雙北我都可以呦 啊大概是要約幾點
我忙到現在還沒有下班 老婆表示非常體諒
快啦 車子來了 會點不到妹啊
我們都是台北的無局男子 相依為命 去找！舅！媽！ 我們都是台北的無局男子 相依為命 一起！流！浪！ 我們都是台北的無局男子 穿金戴銀 會有真！愛！嗎！
我們都是台北的無局男子
沒錢了
要不要跟我回家
三十九 ~ 哇真的看不出來 你像二十八！
你在那 今晚幾點下班 包廂開好了趕快過來
寶貝抱歉 我今天又要加班 忙完我就馬上回家
我們都是台北的無局男子
相依為命 去找！舅！媽！
我們都是台北的無局男子
相依為命 一起！流！浪！
我們都是台北的無局男子
穿金戴銀 會有真！愛！嗎！
我們都是台北的無局男子
沒錢了
要不要跟我回家
～rap～
你娘勒 你幾梯的？ 林北從少年時 就開始 走店 台北橋下 萊爾富 黑松 甘有聽過 情人咖啡座 制服禮服 383砲店 老司機帶路 不會 失氣 落雖 從台北喝到高雄 再去東莞  宿醉 上海蘇州 不熟 但聽講妹啊 正點 懷念的是 桑拿 水中蕭 出水 最近攏去 百達 亞洲 威思汀 嘿嘿 因為兄弟暈船了幾個 老點 羅總 妹仔再帶 你知道哥的口味 小框 大框 外全 身軀已經乾洗 我已經沒錢啦 要跟我去QK嗎？
我們都是台北的無局男子
相依為命 去找！舅！媽！
我們都是台北的無局男子
相依為命 一起！流！浪！
我們都是台北的無局男子
穿金戴銀 會有真！愛！嗎！
我們都是台北的無局男子
沒錢了
破麻們還會愛我嗎
B4
我們都是台北的無局男子
相依為命 去找！舅！媽！
我們都是台北的無局男子
相依為命 一起！流！浪！
我們都是台北的無局男子
穿金戴銀 會有真！愛！嗎！
我們都是台北的無局男子
沒錢了
要不要跟我回家
留言（ 0 ） 最相關留言 所有留言
留言（ 0 ）",2026-08-27,,編輯推薦,True,False,
2026-08-31 05:00:02,realtime,all,,,38,OneTake,Never Go Back,1,75,1,https://streetvoice.com/Jamesforeal/songs/876377/,https://streetvoice.com/Jamesforeal/,"https://akstatic.streetvoice.com/song_covers/Ja/me/Jamesforeal/Sb4ofjS4NCKBEoR7SeGEsJ.jpeg?x-oss-process=image/resize,m_fixed,h_1,w_1,limit_0/resize,m_fixed,h_630,w_1200,limit_0/watermark,image_c29uZ19jb3ZlcnMvSmEvbWUvSmFtZXNmb3JlYWwvU2I0b2ZqUzROQ0tCRW9SN1NlR0VzSi5qcGVnP3gtb3NzLXByb2Nlc3M9aW1hZ2UvcmVzaXplLG1fZml4ZWQsaF8zNDQsd18zNDQsbGltaXRfMA,g_nw,x_428,y_143/watermark,image_YXNzZXQvaW1hZ2VzL21ldGFpbWFnZS1zb25nLnBuZw,g_nw,x_0,y_0",images/876377.jpeg,@Jamesforeal,音樂人,彰化縣,2022-10-01,,11,20,8,,,https://www.youtube.com/user/StreetVoiceTV,,,Hip hop / Rap,Experiment,https://streetvoice.com/Jamesforeal/songs/album/97325961/,,"https://www.instagram.com/onetake.p/ https://www.instagram.com/yenontheroof/ https://www.instagram.com/piemia_500/ 詞曲/Lyrics&Compose:OneTake 編曲/Arranger:OneTake 錄音/Recording:YEN 混音/Mixing:YEN 母帶/Mastering:YEN 
https://www.instagram.com/onetake.p/ https://www.instagram.com/yenontheroof/ https://www.instagram.com/piemia_500/
https://www.instagram.com/onetake.p/
https://www.instagram.com/yenontheroof/
https://www.instagram.com/piemia_500/
詞曲/Lyrics&Compose:OneTake 編曲/Arranger:OneTake 錄音/Recording:YEN 混音/Mixing:YEN 母帶/Mastering:YEN","Aye 我才懂快樂是珍貴寶 瞬間所有死結全都打通 無法忍受高的分貝吵到驚醒感受像是打鐘 無法針對好或壞的方向 結果沒辦法矇 精神和音樂用心保護 難以破壞就像馬蜂窩 要是決定和想法鬆脫 那會不會後悔 讓我瀟灑在台上動作 耳機剩伴奏才不怕臭嘴 Sent a beat to ma homie叫送貨 拍子上出擊不是花拳和繡腿 台子上我們搭肩又勾背 Still move on never go back or fall back 才沒那麼多事好多想 說我感覺的又何必說謊 實力證明才不是奪獎 尋找靈感像我也活網 看到機會yeah man i gotta hold that 沒理由讓我願意脫隊 只要無得失那利益就都被 淡化 再無償也不會說退 看我時常低血糖 飢餓的表現在機會上 發現全新的好狀態 像肌肉記憶 馬上記在備忘 錄 再分享我的經過 不只是慶祝甚至包括罪狀 速寫我的心情 以及我的輪廓 甚至每個醉樣 Like huh Like 更照顧我的日常 一切由裡到外 回憶太過沈重同時也眷戀 放腦裡倒帶 童年夜市的圈圈小到大的時間都套在慾望 逃不出貪瞋癡 我們一生中的要害 我才懂快樂是珍貴寶 瞬間所有死結全都打通 無法忍受高的分貝吵到驚醒感受像是打鐘 無法針對好或壞的方向 結果沒辦法矇 精神和音樂用心保護 難以破壞就像馬蜂窩 要是決定和想法鬆脫 那會不會後悔 讓我瀟灑在台上動作 耳機剩伴奏才不怕臭嘴 Sent a beat to ma homie叫送貨 拍子上出擊不是花拳和繡腿 台子上我們搭肩又勾背 Still move on never go back or fall back But I never sell my soul 心比早上的露水還透 只賣我的日常點滴如假包換 不靠編造來湊 穿著制服當流氓 那種聞起來比走偏門還臭 低調不代表事情白做 時間要輪到了我才露 出我的鋒芒 讓你享受我的世界沒有了匆忙 生活就是起起伏伏 才沒什麼事情是通常 Never go back, I gotta move on 熟悉的房間只剩下空床 like 沒時間再多睡 鬧鐘正瘋狂ringing 叮嚀我清醒 (我有自己的原則） （就是不想一輩子在別人面前低頭） （你以為我很喜歡跟人乞討嗎？） （我倒霉了三年，就是要等一個機會） 我才懂快樂是珍貴寶 瞬間所有死結全都打通 無法忍受高的分貝吵到驚醒感受像是打鐘 無法針對好或壞的方向 結果沒辦法矇 精神和音樂用心保護 難以破壞就像馬蜂窩 要是決定和想法鬆脫 那會不會後悔 讓我瀟灑在台上動作 耳機剩伴奏才不怕臭嘴 Sent a beat to ma homie叫送貨 拍子上出擊不是花拳和繡腿 台子上我們搭肩又勾背 Still move on never go back or fall back （我要爭一口氣） （不是要證明我比別人威風） （只是想告訴人家） （我不見了的東西，我自己一定要拿回來） （你看你像什麼？你看你自己像什麼？） （做壞人的時候給人家罵） （做好人的時候，連走兩步也被跟蹤） 
Aye 我才懂快樂是珍貴寶 瞬間所有死結全都打通 無法忍受高的分貝吵到驚醒感受像是打鐘 無法針對好或壞的方向 結果沒辦法矇 精神和音樂用心保護 難以破壞就像馬蜂窩 要是決定和想法鬆脫 那會不會後悔 讓我瀟灑在台上動作 耳機剩伴奏才不怕臭嘴 Sent a beat to ma homie叫送貨 拍子上出擊不是花拳和繡腿 台子上我們搭肩又勾背 Still move on never go back or fall back
才沒那麼多事好多想 說我感覺的又何必說謊 實力證明才不是奪獎 尋找靈感像我也活網 看到機會yeah man i gotta hold that 沒理由讓我願意脫隊 只要無得失那利益就都被 淡化 再無償也不會說退 看我時常低血糖 飢餓的表現在機會上 發現全新的好狀態 像肌肉記憶 馬上記在備忘 錄 再分享我的經過 不只是慶祝甚至包括罪狀 速寫我的心情 以及我的輪廓 甚至每個醉樣 Like huh Like 更照顧我的日常 一切由裡到外 回憶太過沈重同時也眷戀 放腦裡倒帶 童年夜市的圈圈小到大的時間都套在慾望 逃不出貪瞋癡 我們一生中的要害
我才懂快樂是珍貴寶 瞬間所有死結全都打通 無法忍受高的分貝吵到驚醒感受像是打鐘 無法針對好或壞的方向 結果沒辦法矇 精神和音樂用心保護 難以破壞就像馬蜂窩 要是決定和想法鬆脫 那會不會後悔 讓我瀟灑在台上動作 耳機剩伴奏才不怕臭嘴 Sent a beat to ma homie叫送貨 拍子上出擊不是花拳和繡腿 台子上我們搭肩又勾背 Still move on never go back or fall back
But I never sell my soul 心比早上的露水還透 只賣我的日常點滴如假包換 不靠編造來湊 穿著制服當流氓 那種聞起來比走偏門還臭 低調不代表事情白做 時間要輪到了我才露 出我的鋒芒 讓你享受我的世界沒有了匆忙 生活就是起起伏伏 才沒什麼事情是通常 Never go back, I gotta move on 熟悉的房間只剩下空床 like 沒時間再多睡 鬧鐘正瘋狂ringing 叮嚀我清醒
(我有自己的原則） （就是不想一輩子在別人面前低頭） （你以為我很喜歡跟人乞討嗎？） （我倒霉了三年，就是要等一個機會）
我才懂快樂是珍貴寶 瞬間所有死結全都打通 無法忍受高的分貝吵到驚醒感受像是打鐘 無法針對好或壞的方向 結果沒辦法矇 精神和音樂用心保護 難以破壞就像馬蜂窩 要是決定和想法鬆脫 那會不會後悔 讓我瀟灑在台上動作 耳機剩伴奏才不怕臭嘴 Sent a beat to ma homie叫送貨 拍子上出擊不是花拳和繡腿 台子上我們搭肩又勾背 Still move on never go back or fall back
（我要爭一口氣） （不是要證明我比別人威風） （只是想告訴人家） （我不見了的東西，我自己一定要拿回來） （你看你像什麼？你看你自己像什麼？） （做壞人的時候給人家罵） （做好人的時候，連走兩步也被跟蹤）
留言（ 1 ） 最相關留言 所有留言
留言（ 1 ）",2026-08-28,,編輯推薦,True,False,
2026-08-31 05:00:02,realtime,all,,,39,Who Cares 胡凱兒,如果明天我們睡著了_Untitled Demo_202608,173,4755,90,https://streetvoice.com/whocares2016/songs/875567/,https://streetvoice.com/whocares2016/,"https://akstatic.streetvoice.com/song_covers/wh/oc/whocares2016/97FbKuQVAfbNNpACt5evsz.jpeg?x-oss-process=image/resize,m_fixed,h_1,w_1,limit_0/resize,m_fixed,h_630,w_1200,limit_0/watermark,image_c29uZ19jb3ZlcnMvd2gvb2Mvd2hvY2FyZXMyMDE2Lzk3RmJLdVFWQWZiTk5wQUN0NWV2c3ouanBlZz94LW9zcy1wcm9jZXNzPWltYWdlL3Jlc2l6ZSxtX2ZpeGVkLGhfMzQ0LHdfMzQ0LGxpbWl0XzA,g_nw,x_428,y_143/watermark,image_YXNzZXQvaW1hZ2VzL21ldGFpbWFnZS1zb25nLnBuZw,g_nw,x_0,y_0",images/875567.jpeg,@whocares2016,音樂人,,,2021-04-22 10:57,27,11448,9,https://www.facebook.com/whofXXkingcares,https://instagram.com/whocares_band,https://www.youtube.com/channel/UCPZfgFvMNeGp3zrhvHDM72A,回家鄉台中開唱 Who Cares胡凱兒春季巡迴圓滿落幕|||https://blow.streetvoice.com/86649/?utm_source=streetvoice&utm_medium=profile-news-block; 林潔心、Who Cares胡凱兒聯手FEniX成員共演「揪音秘」吸引聽團仔與偶像粉絲同場追星|||https://blow.streetvoice.com/77400/?utm_source=streetvoice&utm_medium=profile-news-block; Who Cares胡凱兒釋出街聲週冠軍歌曲〈惑者〉重製版 音樂層次更雕琢豐富|||https://blow.streetvoice.com/54283/?utm_source=streetvoice&utm_medium=profile-news-block,,Alternative,Demo,https://streetvoice.com/whocares2016/songs/album/97298830/,,,"同一片熟悉的夢境 溫柔地喚醒 斑駁的記憶 走吧 離開這個地方 在眼底交織的光影 逐漸清晰 當我看著你 走吧 不要回頭 如果明天我們睡著了 至少今天的我還會記得 牽著手墜落的時刻 
同一片熟悉的夢境 溫柔地喚醒 斑駁的記憶 走吧 離開這個地方
在眼底交織的光影 逐漸清晰 當我看著你 走吧 不要回頭
如果明天我們睡著了 至少今天的我還會記得 牽著手墜落的時刻
留言（ 90 ） 最相關留言 所有留言
留言（ 90 ）",2026-08-24,,,False,False,
2026-08-31 05:00:02,realtime,all,,,40,NØIR,希望她幸福 但不能比我幸福,16,264,3,https://streetvoice.com/jasper980827/songs/876641/,https://streetvoice.com/jasper980827/,"https://akstatic.streetvoice.com/song_covers/ja/sp/jasper980827/4CCRzai38tuq9AoyQa7G4v.jpeg?x-oss-process=image/resize,m_fixed,h_1,w_1,limit_0/resize,m_fixed,h_630,w_1200,limit_0/watermark,image_c29uZ19jb3ZlcnMvamEvc3AvamFzcGVyOTgwODI3LzRDQ1J6YWkzOHR1cTlBb3lRYTdHNHYuanBlZz94LW9zcy1wcm9jZXNzPWltYWdlL3Jlc2l6ZSxtX2ZpeGVkLGhfMzQ0LHdfMzQ0LGxpbWl0XzA,g_nw,x_428,y_143/watermark,image_YXNzZXQvaW1hZ2VzL21ldGFpbWFnZS1zb25nLnBuZw,g_nw,x_0,y_0",images/876641.jpeg,@jasper980827,音樂人,台北市,2026-01-01,,6,26,13,,,https://www.youtube.com/user/StreetVoiceTV,,,Hip hop / Rap,,,,"糾結 自我 放棄 祝福 我希望你幸福 但不能比我幸福 Lyrics: NØIR Composer: NØIR Producer: NØIR Recording Engineer: NØIR Mixing Engineer: NØIR Mastering Engineer: NØIR 
糾結 自我 放棄 祝福 我希望你幸福 但不能比我幸福 Lyrics: NØIR Composer: NØIR Producer: NØIR Recording Engineer: NØIR Mixing Engineer: NØIR Mastering Engineer: NØIR","我希望他幸福 但不能比我幸福 牽著手拉個勾 到現在都不做數 為何你的眼神之中 透露著不確定 曾經許下的那些山盟海誓 就當逢場作戲 唉誰知道 反正被擺了一道 很多事 沒料到 起初我也不知道 傷都傷了就別裝好人 踐踏對你的好 反正故事其實早該翻篇 我現在過得很好 愛情就像是一種慢性毒藥 怎麼都戒不掉 嘴上說著早該放下 卻又不斷化上記號 我希望他幸福 卻又怕他過得好 只能嘴上說著好吧算了 怎麼都放不掉 我學著愛一半留一半 在如今的這世道 愛情不就是跟時間賽跑 再耍一點小花招 抬頭看著那片星空 想問你是否知道 我的心早空了 如今誰都別想修補好 我希望他幸福 但不能比我幸福 牽著手拉個勾 到現在都不做數 為何你的眼神之中 透露著不確定 曾經許下的那些山盟海誓 就當逢場作戲 唉誰知道 反正被擺了一道 很多事 沒料到 起初我也不知道 傷都傷了就別裝好人 踐踏對你的好 反正故事其實早該翻篇 我現在過得很好 我不知道 如今的局面 是不是我創造 I don’t know that 放開雙手 讓思念隨風飄 愛情負債 是否忘了曾經對你的好 點根香煙 往後吞下兩片安眠藥 我希望他幸福 但卻看不慣他幸福 我的心 在刺痛 到底該怎麼說 過程到底還重不重要 我只想看結果 但卻忘了有些花朵從來沒結果 
我希望他幸福 但不能比我幸福 牽著手拉個勾 到現在都不做數 為何你的眼神之中 透露著不確定 曾經許下的那些山盟海誓 就當逢場作戲 唉誰知道 反正被擺了一道 很多事 沒料到 起初我也不知道 傷都傷了就別裝好人 踐踏對你的好 反正故事其實早該翻篇 我現在過得很好
愛情就像是一種慢性毒藥 怎麼都戒不掉 嘴上說著早該放下 卻又不斷化上記號 我希望他幸福 卻又怕他過得好 只能嘴上說著好吧算了 怎麼都放不掉 我學著愛一半留一半 在如今的這世道 愛情不就是跟時間賽跑 再耍一點小花招 抬頭看著那片星空 想問你是否知道 我的心早空了 如今誰都別想修補好
我希望他幸福 但不能比我幸福 牽著手拉個勾 到現在都不做數 為何你的眼神之中 透露著不確定 曾經許下的那些山盟海誓 就當逢場作戲 唉誰知道 反正被擺了一道 很多事 沒料到 起初我也不知道 傷都傷了就別裝好人 踐踏對你的好 反正故事其實早該翻篇 我現在過得很好
我不知道 如今的局面 是不是我創造 I don’t know that 放開雙手 讓思念隨風飄 愛情負債 是否忘了曾經對你的好 點根香煙 往後吞下兩片安眠藥 我希望他幸福 但卻看不慣他幸福 我的心 在刺痛 到底該怎麼說 過程到底還重不重要 我只想看結果 但卻忘了有些花朵從來沒結果
留言（ 3 ） 最相關留言 所有留言
留言（ 3 ）",2026-08-27,,,False,False,
2026-08-31 05:00:02,realtime,all,,,41,thisisyoyo,光透進來的地方,86,1638,55,https://streetvoice.com/thisisyoyo/songs/876432/,https://streetvoice.com/thisisyoyo/,"https://akstatic.streetvoice.com/song_covers/th/is/thisisyoyo/GiBnpGoxkqjcd4sym7EQ6T.jpg?x-oss-process=image/resize,m_fixed,h_1,w_1,limit_0/resize,m_fixed,h_630,w_1200,limit_0/watermark,image_c29uZ19jb3ZlcnMvdGgvaXMvdGhpc2lzeW95by9HaUJucEdveGtxamNkNHN5bTdFUTZULmpwZz94LW9zcy1wcm9jZXNzPWltYWdlL3Jlc2l6ZSxtX2ZpeGVkLGhfMzQ0LHdfMzQ0LGxpbWl0XzA,g_nw,x_428,y_143/watermark,image_YXNzZXQvaW1hZ2VzL21ldGFpbWFnZS1zb25nLnBuZw,g_nw,x_0,y_0",images/876432.jpg,@thisisyoyo,音樂人,,,2021-07-02 15:39,59,5344,23,https://www.facebook.com/thisisyoyosham/,https://www.instagram.com/thisisyoyosham/,https://www.youtube.com/channel/UCXDeEdib9iL_RNqdZCsUc-w,【StreetVoice新歌週報】鹿洐人坐穩即時冠軍 吳獻溺在愛裡與世隔絕|||https://blow.streetvoice.com/56976/?utm_source=streetvoice&utm_medium=profile-news-block; 【StreetVoice新歌週報】ADEN、李權哲攻上熱門榜 美麗本人大嘻哈登台作上線|||https://blow.streetvoice.com/55862/?utm_source=streetvoice&utm_medium=profile-news-block; 回到香港灌錄首張粵語專輯 岑寧兒釋出〈風的形狀〉願給離家者一個擁抱|||https://blow.streetvoice.com/55791/?utm_source=streetvoice&utm_medium=profile-news-block,,Singer / Songwriter,,,,"這是岑寧兒為新專輯寫的第一首歌，以「金繼」為靈感起點，從裂痕中學習修復，讓光透進來，再塗上流金，流金再化成幾千里金沙，在廣闊無垠的天地中，再向前走。 回到台北，和港台樂手組成的樂隊，一起進行同步錄音；和張貝芝聯合監製，大大擴闊了岑寧兒的音樂圖譜。樂器和人聲陪伴彼此高低起伏，群唱疊加眾人心底裡的情緒，不止記錄了一個音樂現場，更像是用音樂拍了一部給耳朵聽的電影。 曲 Composer | 岑寧兒 Yoyo Sham 詞 Lyricist | 岑寧兒 Yoyo Sham 編 Arranger | 張貝芝 Joyce Cheung 監製 Producers | 張貝芝 Joyce Cheung   岑寧兒 Yoyo Sham 木吉他 Acoustic Guitar | 屠衡 Josh Tu 低音吉他 Bass | 黃德聰 Wong Tak Chung 鼓 Drums | Dean Li 和音編寫 Backing Vocals Arrangement | 岑寧兒 Yoyo Sham 和音演唱 Backing Vocals | 洪樂曦 Ivy Hung   宋正方 Rachel Sung 群唱 Crowd Vocals | Everyone at the studio 台北： 錄音 Recording Engineer | 單為明 Link Shan 錄音助理 Recording Assistant| 相云 Camille Chen   陳佳穎 Chen Chia Ying 錄音室 Recording Studio| 享亮音樂國際有限公司 Lights Up Studio Taipei 香港： 錄音 Recording Engineer | 介 錄音助理 Recording Assistant | 陳沁怡 Tsamchan 錄音室 Recording Studio | 雅旺錄音室 Avon Recording Studios 混音 Mixing Engineer | 單為明 Link Shan @Outer Space 母帶 Mastering Engineer | Jeff Lipton at Peerless Mastering, Boston, MA 
這是岑寧兒為新專輯寫的第一首歌，以「金繼」為靈感起點，從裂痕中學習修復，讓光透進來，再塗上流金，流金再化成幾千里金沙，在廣闊無垠的天地中，再向前走。 回到台北，和港台樂手組成的樂隊，一起進行同步錄音；和張貝芝聯合監製，大大擴闊了岑寧兒的音樂圖譜。樂器和人聲陪伴彼此高低起伏，群唱疊加眾人心底裡的情緒，不止記錄了一個音樂現場，更像是用音樂拍了一部給耳朵聽的電影。
曲 Composer | 岑寧兒 Yoyo Sham 詞 Lyricist | 岑寧兒 Yoyo Sham 編 Arranger | 張貝芝 Joyce Cheung 監製 Producers | 張貝芝 Joyce Cheung   岑寧兒 Yoyo Sham
木吉他 Acoustic Guitar | 屠衡 Josh Tu 低音吉他 Bass | 黃德聰 Wong Tak Chung 鼓 Drums | Dean Li
和音編寫 Backing Vocals Arrangement | 岑寧兒 Yoyo Sham 和音演唱 Backing Vocals | 洪樂曦 Ivy Hung   宋正方 Rachel Sung 群唱 Crowd Vocals | Everyone at the studio
台北： 錄音 Recording Engineer | 單為明 Link Shan 錄音助理 Recording Assistant| 相云 Camille Chen   陳佳穎 Chen Chia Ying 錄音室 Recording Studio| 享亮音樂國際有限公司 Lights Up Studio Taipei
香港： 錄音 Recording Engineer | 介 錄音助理 Recording Assistant | 陳沁怡 Tsamchan 錄音室 Recording Studio | 雅旺錄音室 Avon Recording Studios
混音 Mixing Engineer | 單為明 Link Shan @Outer Space 母帶 Mastering Engineer | Jeff Lipton at Peerless Mastering, Boston, MA","還在裂的痕 還未結的疤 一直在我胸口裡隱藏 已跌破的堅強 流失了所有期盼 容不下失望 破碎了的一片片 收起來的一點點 用我僅有的力氣握緊 不完整的心 默默踏出一步步 靜靜的一吸一呼 總有一天 終會修復 Yes, it hurts, it hurts, it hurts But I’ll heal, I’ll heal, I’ll heal I’ll heal 不一樣的形狀 曾殘缺的地方 偏偏透出光 雖然心臟還在痛 但是心臟還在跳 讓我為它的傷口填上 金色的希望 默默踏出一步步 靜靜的一吸一呼 只要繼續 都會過去 Yes, it hurts, it hurts, it hurts But I’ll heal, I’ll heal Yes, I will 
還在裂的痕 還未結的疤 一直在我胸口裡隱藏 已跌破的堅強 流失了所有期盼 容不下失望
破碎了的一片片 收起來的一點點 用我僅有的力氣握緊 不完整的心
默默踏出一步步 靜靜的一吸一呼 總有一天 終會修復
Yes, it hurts, it hurts, it hurts But I’ll heal, I’ll heal, I’ll heal I’ll heal
不一樣的形狀 曾殘缺的地方 偏偏透出光
雖然心臟還在痛 但是心臟還在跳 讓我為它的傷口填上 金色的希望
默默踏出一步步 靜靜的一吸一呼 只要繼續 都會過去
Yes, it hurts, it hurts, it hurts But I’ll heal, I’ll heal Yes, I will
留言（ 55 ） 最相關留言 所有留言
留言（ 55 ）",2026-08-25,,編輯推薦,True,False,
2026-08-31 05:00:02,realtime,all,,,42,李敏哲,改名的機場｜進場重飛,4,60,0,https://streetvoice.com/minzer_c_lee/songs/877156/,https://streetvoice.com/minzer_c_lee/,"https://akstatic.streetvoice.com/song_covers/mi/nz/minzer_c_lee/aDBLa8ACvYFKvu2AHmYRoW.jpeg?x-oss-process=image/resize,m_fixed,h_1,w_1,limit_0/resize,m_fixed,h_630,w_1200,limit_0/watermark,image_c29uZ19jb3ZlcnMvbWkvbnovbWluemVyX2NfbGVlL2FEQkxhOEFDdllGS3Z1MkFIbVlSb1cuanBlZz94LW9zcy1wcm9jZXNzPWltYWdlL3Jlc2l6ZSxtX2ZpeGVkLGhfMzQ0LHdfMzQ0LGxpbWl0XzA,g_nw,x_428,y_143/watermark,image_YXNzZXQvaW1hZ2VzL21ldGFpbWFnZS1zb25nLnBuZw,g_nw,x_0,y_0",images/877156.jpeg,@minzer_c_lee,音樂人,,,,18,31,41,,,https://www.youtube.com/user/StreetVoiceTV,,,Singer / Songwriter,,,雷克非 Christopher R,"我把雷克非的《改名的機場》重新唱了一次。 這首歌有一個很台灣的時間座標。 你記得那個機場以前叫什麼，記得自己曾經從那裡離開。很多年後再回來，名字換了，城市變了，連你認識這座城市的方法都不太一樣了。 我唱到「有到萬華嗎」那句的時候，心裡真的幹了一聲。 機捷沒有到萬華啦。 就這麼簡單。 不是什麼宏大的鄉愁。只是離開太久的人回來了，腦子裡還帶著以前的地圖，然後被一件再日常不過的小事迎面撞了一下。 名字換了，路線換了，城市有了新的走法。 而你也已經離開太久了。 Lyrics: Christopher Reed Composer: Christopher Reed Vocal: Minzer C Lee Recording / Mastering: Minzer C Lee Music Production: Co-created with SUNO AI 首飛： https://streetvoice.com/ChristopherR/songs/859841/ 
我把雷克非的《改名的機場》重新唱了一次。
這首歌有一個很台灣的時間座標。
你記得那個機場以前叫什麼，記得自己曾經從那裡離開。很多年後再回來，名字換了，城市變了，連你認識這座城市的方法都不太一樣了。
我唱到「有到萬華嗎」那句的時候，心裡真的幹了一聲。
機捷沒有到萬華啦。
就這麼簡單。
不是什麼宏大的鄉愁。只是離開太久的人回來了，腦子裡還帶著以前的地圖，然後被一件再日常不過的小事迎面撞了一下。
名字換了，路線換了，城市有了新的走法。
而你也已經離開太久了。
Lyrics: Christopher Reed Composer: Christopher Reed Vocal: Minzer C Lee Recording / Mastering: Minzer C Lee Music Production: Co-created with SUNO AI
首飛： https://streetvoice.com/ChristopherR/songs/859841/
https://streetvoice.com/ChristopherR/songs/859841/","《改名的機場》 Vancouver rains tonight I pull my jacket tight This car key takes me back To another time It holds the years we drove And every late-night drive Every mile we couldn’t leave Still flickers in my eyes 台北的巷弄 藏著志文版的存在主義 We were so sure. 那是我們 曾經以為能改變世界的勇氣 現在的我 只能在高速公路上奔馳 Don't look back. 看著路燈 一盞一盞回到青春的過往 我們的世代 總在時差裡清醒 太平洋的浪 拍著兩座城的倒影 不用誰來懂 那些沒說出口的傷 You don't explain to nobody. 跟著搖盪的旋律 抱住自己的重量 落地窗外 燈火依然編織著忙碌 行李盤轉著 那些帶不走的下午 廣播裡的聲音 變得客氣而生疏 Welcome back. Please follow the signs. 我站在大廳 像個迷路的老信徒 那一年 登機證是通往未來的門票 這一年 護照本是留住過去的依靠 時差沒變，只是心跳慢了一拍 在自動感應門前，我摸了摸口袋 只有一條哪裡都不是的手帕 這裡早已不是以人名命名的地圖 舊證件上的字跡 模糊得像來時的路 家鄉是改名的機場 我還在舊城裡找回家的路 我們的世代 總在時差裡清醒 太平洋的浪 拍著兩座城的倒影 不用誰來懂 那些沒說出口的傷 You don't explain to nobody. 跟著搖盪的旋律 抱住自己的重量 開往台北的普通車 即將進站 是這邊吧？ 有到萬華嗎？ Damn！好陌生。 
《改名的機場》
Vancouver rains tonight I pull my jacket tight This car key takes me back To another time
It holds the years we drove And every late-night drive Every mile we couldn’t leave Still flickers in my eyes
台北的巷弄 藏著志文版的存在主義 We were so sure. 那是我們 曾經以為能改變世界的勇氣 現在的我 只能在高速公路上奔馳 Don't look back. 看著路燈 一盞一盞回到青春的過往
我們的世代 總在時差裡清醒 太平洋的浪 拍著兩座城的倒影 不用誰來懂 那些沒說出口的傷 You don't explain to nobody. 跟著搖盪的旋律 抱住自己的重量
落地窗外 燈火依然編織著忙碌 行李盤轉著 那些帶不走的下午 廣播裡的聲音 變得客氣而生疏 Welcome back. Please follow the signs. 我站在大廳 像個迷路的老信徒
那一年 登機證是通往未來的門票 這一年 護照本是留住過去的依靠 時差沒變，只是心跳慢了一拍 在自動感應門前，我摸了摸口袋 只有一條哪裡都不是的手帕
這裡早已不是以人名命名的地圖 舊證件上的字跡 模糊得像來時的路 家鄉是改名的機場 我還在舊城裡找回家的路
我們的世代 總在時差裡清醒 太平洋的浪 拍著兩座城的倒影 不用誰來懂 那些沒說出口的傷 You don't explain to nobody. 跟著搖盪的旋律 抱住自己的重量
開往台北的普通車 即將進站
是這邊吧？ 有到萬華嗎？
Damn！好陌生。
留言（ 0 ） 最相關留言 所有留言
留言（ 0 ）",2026-08-31,,AI 協作 Singer / Songwriter,False,False,
2026-08-31 05:00:02,realtime,all,,,43,ほしくず_褲子,語音訊息,3,140,3,https://streetvoice.com/h0sh1kuzu_m4a/songs/876738/,https://streetvoice.com/h0sh1kuzu_m4a/,"https://akstatic.streetvoice.com/song_covers/h0/sh/h0sh1kuzu_m4a/MSEpSUW3PFrvoULd4PcknB.jpg?x-oss-process=image/resize,m_fixed,h_1,w_1,limit_0/resize,m_fixed,h_630,w_1200,limit_0/watermark,image_c29uZ19jb3ZlcnMvaDAvc2gvaDBzaDFrdXp1X200YS9NU0VwU1VXM1BGcnZvVUxkNFBja25CLmpwZz94LW9zcy1wcm9jZXNzPWltYWdlL3Jlc2l6ZSxtX2ZpeGVkLGhfMzQ0LHdfMzQ0LGxpbWl0XzA,g_nw,x_428,y_143/watermark,image_YXNzZXQvaW1hZ2VzL21ldGFpbWFnZS1zb25nLnBuZw,g_nw,x_0,y_0",images/876738.jpg,@h0sh1kuzu_m4a,音樂人,台中市,2025-11-01,,12,39,21,,,https://www.youtube.com/user/StreetVoiceTV,,,Hip hop / Rap,,,,"舊作品 AKA學妹的專題 - 後期修音:noa 
舊作品 AKA學妹的專題 - 後期修音:noa","拜託請你帶著我逃離出這世界 拜託請你帶著我逃離出這一切 請擁抱我儘管我在自毀 我需要的只不過是簡單的安慰 情緒超載 我沒有辦法抽離 拜託請看見我 我快要失去自己 停不住想你 我沒有辦法休息 所有關於你的記憶反覆播放在腦裡 除了你的聲音都是雜訊 我的世界開始慢慢模糊不清 想把你的名字從記憶刪去 卻又犯賤的點開手機回到原地 我不想清醒 不想獨自面對夜裡 所以不斷重播你的語音訊息 如果有一天我們真的失去聯繫 至少讓最後一句話停在 「我也愛你」 我也愛你。 拜託請你帶著我逃離出這世界 拜託請你帶著我逃離出這一切 請擁抱我儘管我在自毀 我需要的只不過是簡單的安慰 無法想象沒有你在的世界 受不了你不在我身邊的每一夜 哭著滴不完的眼淚像在流血 這道申論題我究竟該怎麼解 再見 
拜託請你帶著我逃離出這世界 拜託請你帶著我逃離出這一切 請擁抱我儘管我在自毀 我需要的只不過是簡單的安慰
情緒超載 我沒有辦法抽離 拜託請看見我 我快要失去自己 停不住想你 我沒有辦法休息 所有關於你的記憶反覆播放在腦裡
除了你的聲音都是雜訊 我的世界開始慢慢模糊不清 想把你的名字從記憶刪去 卻又犯賤的點開手機回到原地
我不想清醒 不想獨自面對夜裡 所以不斷重播你的語音訊息 如果有一天我們真的失去聯繫 至少讓最後一句話停在
「我也愛你」
我也愛你。
拜託請你帶著我逃離出這世界 拜託請你帶著我逃離出這一切 請擁抱我儘管我在自毀 我需要的只不過是簡單的安慰
無法想象沒有你在的世界 受不了你不在我身邊的每一夜 哭著滴不完的眼淚像在流血 這道申論題我究竟該怎麼解
再見
留言（ 3 ） 最相關留言 所有留言
留言（ 3 ）",2026-08-27,,,False,False,
2026-08-31 05:00:02,realtime,all,,,44,Louis’,Please allow me a moment&#x27;s rest,2,41,0,https://streetvoice.com/honglouis65/songs/875602/,https://streetvoice.com/honglouis65/,"https://akstatic.streetvoice.com/music_albums/ho/ng/honglouis65/Sd4LhhPpP3meWa7p49Jw3o.jpeg?x-oss-process=image/resize,m_fixed,h_1,w_1,limit_0/resize,m_fixed,h_630,w_1200,limit_0/watermark,image_bXVzaWNfYWxidW1zL2hvL25nL2hvbmdsb3VpczY1L1NkNExoaFBwUDNtZVdhN3A0OUp3M28uanBlZz94LW9zcy1wcm9jZXNzPWltYWdlL3Jlc2l6ZSxtX2ZpeGVkLGhfMzQ0LHdfMzQ0LGxpbWl0XzA,g_nw,x_428,y_143/watermark,image_YXNzZXQvaW1hZ2VzL21ldGFpbWFnZS1zb25nLnBuZw,g_nw,x_0,y_0",images/875602.jpeg,@honglouis65,音樂人,,,,2,10,31,,,https://www.youtube.com/user/StreetVoiceTV,,,Folk,Above the Floorboards,https://streetvoice.com/honglouis65/songs/album/97325912/,,"recorded on the 27th of July, 2026 
recorded on the 27th of July, 2026","這是沒有提供歌詞的歌曲
留言（ 0 ） 最相關留言 所有留言
留言（ 0 ）",2026-08-30,,,False,False,
2026-08-31 05:00:02,realtime,all,,,45,Sololevel藍,Awake,3,22,0,https://streetvoice.com/Sololevel51/songs/877083/,https://streetvoice.com/Sololevel51/,"https://akstatic.streetvoice.com/song_covers/So/lo/Sololevel51/EmKi2BZJ5V8SmiXDtXQUvG.jpg?x-oss-process=image/resize,m_fixed,h_1,w_1,limit_0/resize,m_fixed,h_630,w_1200,limit_0/watermark,image_c29uZ19jb3ZlcnMvU28vbG8vU29sb2xldmVsNTEvRW1LaTJCWko1VjhTbWlYRHRYUVV2Ry5qcGc_eC1vc3MtcHJvY2Vzcz1pbWFnZS9yZXNpemUsbV9maXhlZCxoXzM0NCx3XzM0NCxsaW1pdF8w,g_nw,x_428,y_143/watermark,image_YXNzZXQvaW1hZ2VzL21ldGFpbWFnZS1zb25nLnBuZw,g_nw,x_0,y_0",images/877083.jpg,@Sololevel51,音樂人,,,,3,4,3,,,https://www.youtube.com/user/StreetVoiceTV,,,Soundtrack / New age,,,,"讓自己清醒 
讓自己清醒","Awake Stepping on the sand, watching the waves, 踩著沙                            望著浪 my hair floating on the water. 浮起的頭髮 I lay on my side in bed and slept until dawn. 側著頭 躺著床 一覺到天亮 The sea in my heart 心中之海 you only need to live in the present  in the moment 你只需活在當下 You must understand 你必須明白 
Awake
Stepping on the sand, watching the waves, 踩著沙                            望著浪
my hair floating on the water. 浮起的頭髮
I lay on my side in bed and slept until dawn. 側著頭 躺著床 一覺到天亮
The sea in my heart 心中之海
you only need to live in the present  in the moment 你只需活在當下
You must understand 你必須明白
留言（ 0 ） 最相關留言 所有留言
留言（ 0 ）",2026-08-30,,,False,False,
2026-08-31 05:00:02,realtime,all,,,46,羅架許,留一個位置,19,2934,24,https://streetvoice.com/josh_lo/songs/876477/,https://streetvoice.com/josh_lo/,"https://akstatic.streetvoice.com/song_covers/jo/sh/josh_lo/nNh947oddQGq5wYNxNZaus.jpg?x-oss-process=image/resize,m_fixed,h_1,w_1,limit_0/resize,m_fixed,h_630,w_1200,limit_0/watermark,image_c29uZ19jb3ZlcnMvam8vc2gvam9zaF9sby9uTmg5NDdvZGRRR3E1d1lOeE5aYXVzLmpwZz94LW9zcy1wcm9jZXNzPWltYWdlL3Jlc2l6ZSxtX2ZpeGVkLGhfMzQ0LHdfMzQ0LGxpbWl0XzA,g_nw,x_428,y_143/watermark,image_YXNzZXQvaW1hZ2VzL21ldGFpbWFnZS1zb25nLnBuZw,g_nw,x_0,y_0",images/876477.jpg,@josh_lo,音樂人,日本,2016-09-01,2024-10-17 13:45,33,162,102,,,https://www.youtube.com/user/StreetVoiceTV,,,Singer / Songwriter,,,,"情人節過了該發一下綠光的歌 這樣才有反差的感覺 愛是一道光~ 七月份多了一個人也不要覺得奇怪XDD 天黑請早點回家⋯ 作詞｜羅架許 作曲｜羅架許 編曲｜七七貓 混音｜七七貓 
情人節過了該發一下綠光的歌 這樣才有反差的感覺 愛是一道光~ 七月份多了一個人也不要覺得奇怪XDD 天黑請早點回家⋯
作詞｜羅架許 作曲｜羅架許 編曲｜七七貓 混音｜七七貓","動態歌詞
你笑著說 他只是剛好陪你走一段 我也笑著 說沒事　不用解釋那麼完整 只是回家的路 突然變得有一點長 你低頭看著手機 嘴角還留著剛才的光 我沒有問 那個笑是不是因為他 只是把手放進口袋 假裝今晚的風有一點大 我知道你沒有做錯什麼 也知道猜疑很可笑 只是有些距離 不是一句朋友 就能剛好填滿的 你留給他的位置 是不是比我想像中還要近 近到我站在你身邊 卻像站在門外看著你 你說我想太多 我也學著把這句話記得 於是每一次沉默 我都替你找一個好的理由 不是不相信你 只是我不知道 我還能相信多久 你還是會牽我的手 還是會問我今天累不累 那些熟悉的動作 熟悉得讓人更害怕失去誰 有時候你看著我 卻像心裡還有另一個畫面 我想靠近一點 又怕看見不該看見的答案 所以我開始習慣 不問你去了哪裡 不問你和誰聊天 不問那些 讓我整晚睡不著的事情 你說愛情不是考試 不用每一題都有答案 可我只是想知道 在你的心裡 我是不是還是第一個想到的人 你留給他的位置 是不是比我想像中還要近 近到我站在你身邊 卻像站在門外看著你 你說我想太多 我也學著把這句話記得 於是每一次沉默 我都替你找一個好的理由 不是不相信你 只是我不知道 我還能相信多久 後來我才明白 最難過的從來不是他 而是我開始懷疑 自己是不是已經不值得 讓你把心留給我 如果有一天 你真的愛上了別人 你不用急著承認 我大概會先笑著 替你說出那句 「你只是想太多。」 你留給我的位置 我還坐在那裡等了很久 只是那張椅子旁邊 好像多了一個人的影子 你說我想太多 這次我沒有再反駁什麼 因為我終於明白 有些事情不用說破 就已經有了答案 不是我不相信你 只是我終於知道 愛一個人 不能只靠自己相信 你笑著說 他只是朋友 我也笑著說 我知道 只是這一次 我沒有告訴你 我想的 不是他 是我們。 
你笑著說 他只是剛好陪你走一段 我也笑著 說沒事　不用解釋那麼完整 只是回家的路 突然變得有一點長 你低頭看著手機 嘴角還留著剛才的光 我沒有問 那個笑是不是因為他 只是把手放進口袋 假裝今晚的風有一點大 我知道你沒有做錯什麼 也知道猜疑很可笑 只是有些距離 不是一句朋友 就能剛好填滿的 你留給他的位置 是不是比我想像中還要近 近到我站在你身邊 卻像站在門外看著你 你說我想太多 我也學著把這句話記得 於是每一次沉默 我都替你找一個好的理由 不是不相信你 只是我不知道 我還能相信多久 你還是會牽我的手 還是會問我今天累不累 那些熟悉的動作 熟悉得讓人更害怕失去誰 有時候你看著我 卻像心裡還有另一個畫面 我想靠近一點 又怕看見不該看見的答案 所以我開始習慣 不問你去了哪裡 不問你和誰聊天 不問那些 讓我整晚睡不著的事情 你說愛情不是考試 不用每一題都有答案 可我只是想知道 在你的心裡 我是不是還是第一個想到的人 你留給他的位置 是不是比我想像中還要近 近到我站在你身邊 卻像站在門外看著你 你說我想太多 我也學著把這句話記得 於是每一次沉默 我都替你找一個好的理由 不是不相信你 只是我不知道 我還能相信多久 後來我才明白 最難過的從來不是他 而是我開始懷疑 自己是不是已經不值得 讓你把心留給我 如果有一天 你真的愛上了別人 你不用急著承認 我大概會先笑著 替你說出那句 「你只是想太多。」 你留給我的位置 我還坐在那裡等了很久 只是那張椅子旁邊 好像多了一個人的影子 你說我想太多 這次我沒有再反駁什麼 因為我終於明白 有些事情不用說破 就已經有了答案 不是我不相信你 只是我終於知道 愛一個人 不能只靠自己相信 你笑著說 他只是朋友 我也笑著說 我知道 只是這一次 我沒有告訴你 我想的 不是他 是我們。
留言（ 24 ） 最相關留言 所有留言
留言（ 24 ）",2026-08-26,,AI 協作 Singer / Songwriter,False,False,
2026-08-31 05:00:02,realtime,all,,,47,FCC,窩裡反(YR VS LEON),4,85,1,https://streetvoice.com/fourchencypher/songs/876909/,https://streetvoice.com/fourchencypher/,"https://akstatic.streetvoice.com/song_covers/fo/ur/fourchencypher/WdNjR9PXdsvmyQBUvew8Cx.jpg?x-oss-process=image/resize,m_fixed,h_1,w_1,limit_0/resize,m_fixed,h_630,w_1200,limit_0/watermark,image_c29uZ19jb3ZlcnMvZm8vdXIvZm91cmNoZW5jeXBoZXIvV2ROalI5UFhkc3ZteVFCVXZldzhDeC5qcGc_eC1vc3MtcHJvY2Vzcz1pbWFnZS9yZXNpemUsbV9maXhlZCxoXzM0NCx3XzM0NCxsaW1pdF8w,g_nw,x_428,y_143/watermark,image_YXNzZXQvaW1hZ2VzL21ldGFpbWFnZS1zb25nLnBuZw,g_nw,x_0,y_0",images/876909.jpg,@fourchencypher,音樂人,,,,2,8,4,,,https://www.youtube.com/user/StreetVoiceTV,以〈鬼ノ宴〉一曲爆紅、《暗殺教室》主題曲原唱 「日本次世代創作歌手」友成空六月首度來台開唱！|||https://blow.streetvoice.com/86521/?utm_source=streetvoice&utm_medium=profile-news-block; Blow吹音樂選：2025年度30張台灣原創音樂專輯|||https://blow.streetvoice.com/85800/?utm_source=streetvoice&utm_medium=profile-news-block; 「酷兒音樂世代終於到來！」從Sapphic Pop熱潮，回望臺灣女同志音樂文化|||https://blow.streetvoice.com/78972/?utm_source=streetvoice&utm_medium=profile-news-block,,Hip hop / Rap,純屬娛樂,https://streetvoice.com/fourchencypher/songs/album/97325995/,YouNg ReaL_🎲、LEON,"第一組給到我們的 鑽頭秦王 YR 以及 桂林裡的王子 LEON 他們究竟會碰撞出怎樣的火花呢？！ 
第一組給到我們的 鑽頭秦王 YR 以及 桂林裡的王子 LEON 他們究竟會碰撞出怎樣的火花呢？！","桂林里的王子妄想當王卻只是個孩子 但妳絞盡腦汁 想打你的老師 妳馬子聽到我的歌 都說下面好濕 好濕老師 些了一手好詩 滾去對妳的拍子 繼續董ㄘ打ㄘ 別再這麼放肆 我的8個BARS 就能把你炸死 我來教育這個沒搞的小伙 敲了兩首BEAT 真的拉玩了蝦貨 我的TONE超屌 每首都是佳作 根本不用出力 直接輕鬆壓過 這場切磋 是場懸殊的比賽 那就讓你贏 如果這場在比爛 妳不是王子妳是桂林的蟑螂 你的對手老子鑽頭秦王 不會對拍的呆子    爛得要命 充其量只是韓國瑜的塞子 而已 妳的實力爛到沒有甚麼道理 別想逃跑 妳永遠只是我倒影 我是主角的話你 就是那造景 這點能力叫聲哥 我才不罩妳 放太平洋的水  ok 先讓妳 想要走紅下輩子吧 還輪不到妳 我跟LEON 的 FLOW 登峰造極 另外兩組的選手 都懶得罵妳 棋逢 敵手不是輕鬆 是沒人能比 寫好遺囑怎麼殺你 們比較得體 Young real 別再那嗆 Ugh 我有大象 來 跟我槓一下 bitch 我有shot gun 你是懶蛋 對散彈 我殺金毛獅王 鬼月內射懷鬼胎 看你媽經調失常 誰他媽給你的勇氣 又不是 梁靜茹 金的有夠烙賽 你寫歌有...有腸病毒 送你幾個韻腳 慢慢拿去用 你 你學新招 年輕真 貪污 幹你娘你顏清標 什麼年輕真....你他媽是老裝 道法順其 自然你的思想好髒 彈道也是道 鐵山靠 我下面牛魔王 不是莊子 我裝子彈 幹 開你頭上 放 蕩不羈 往我襠部吸 求diss 你他媽欠噴 電到你自體發電 你家都不用裝電燈 我 想怎麼打我的槍也是法就勸你 就別搞事 什麼年輕真 他媽你是老莊 bro Older than 淺草寺 錢少事多離家遠 前期提要十五歲 Battle MC 不參水貨 詞彙量你的15倍 小妹子聽你的歌 他媽的都要穿死褲水 死路邊 不用纏蹦帶(唱boombap)也讓你無法止住血 bitch 
桂林里的王子妄想當王卻只是個孩子 但妳絞盡腦汁 想打你的老師 妳馬子聽到我的歌 都說下面好濕
好濕老師 些了一手好詩 滾去對妳的拍子 繼續董ㄘ打ㄘ 別再這麼放肆 我的8個BARS 就能把你炸死
我來教育這個沒搞的小伙 敲了兩首BEAT 真的拉玩了蝦貨 我的TONE超屌 每首都是佳作 根本不用出力 直接輕鬆壓過
這場切磋 是場懸殊的比賽 那就讓你贏 如果這場在比爛 妳不是王子妳是桂林的蟑螂 你的對手老子鑽頭秦王
不會對拍的呆子    爛得要命 充其量只是韓國瑜的塞子 而已 妳的實力爛到沒有甚麼道理 別想逃跑 妳永遠只是我倒影
我是主角的話你 就是那造景 這點能力叫聲哥 我才不罩妳 放太平洋的水  ok 先讓妳 想要走紅下輩子吧 還輪不到妳
我跟LEON 的 FLOW 登峰造極 另外兩組的選手 都懶得罵妳 棋逢 敵手不是輕鬆 是沒人能比 寫好遺囑怎麼殺你 們比較得體
Young real 別再那嗆 Ugh 我有大象 來 跟我槓一下 bitch 我有shot gun 你是懶蛋 對散彈 我殺金毛獅王 鬼月內射懷鬼胎 看你媽經調失常 誰他媽給你的勇氣 又不是 梁靜茹 金的有夠烙賽 你寫歌有...有腸病毒 送你幾個韻腳 慢慢拿去用 你 你學新招 年輕真 貪污 幹你娘你顏清標 什麼年輕真....你他媽是老裝 道法順其 自然你的思想好髒 彈道也是道 鐵山靠 我下面牛魔王 不是莊子 我裝子彈 幹 開你頭上 放 蕩不羈 往我襠部吸 求diss 你他媽欠噴 電到你自體發電 你家都不用裝電燈 我 想怎麼打我的槍也是法就勸你 就別搞事 什麼年輕真 他媽你是老莊 bro Older than 淺草寺 錢少事多離家遠 前期提要十五歲 Battle MC 不參水貨 詞彙量你的15倍 小妹子聽你的歌 他媽的都要穿死褲水 死路邊 不用纏蹦帶(唱boombap)也讓你無法止住血 bitch
留言（ 1 ） 最相關留言 所有留言
留言（ 1 ）",2026-08-29,,,False,False,
2026-08-31 05:00:02,realtime,all,,,48,朔月,靠近,6,30,0,https://streetvoice.com/lovegtboss/songs/876968/,https://streetvoice.com/lovegtboss/,"https://akstatic.streetvoice.com/song_covers/lo/ve/lovegtboss/9T2oFs2qEgXvhzJpX2Xfpt.jpeg?x-oss-process=image/resize,m_fixed,h_1,w_1,limit_0/resize,m_fixed,h_630,w_1200,limit_0/watermark,image_c29uZ19jb3ZlcnMvbG8vdmUvbG92ZWd0Ym9zcy85VDJvRnMycUVnWHZoekpwWDJYZnB0LmpwZWc_eC1vc3MtcHJvY2Vzcz1pbWFnZS9yZXNpemUsbV9maXhlZCxoXzM0NCx3XzM0NCxsaW1pdF8w,g_nw,x_428,y_143/watermark,image_YXNzZXQvaW1hZ2VzL21ldGFpbWFnZS1zb25nLnBuZw,g_nw,x_0,y_0",images/876968.jpeg,@lovegtboss,音樂人,台中市,2020-09-01,,9,8,,,,https://www.youtube.com/user/StreetVoiceTV,,,R&B / Soul,瑞利克斯,https://streetvoice.com/lovegtboss/songs/album/97324774/,,"平凡與簡單的愛 是最困難 也最令人嚮往的 或許 在某個角落 有個那麼深愛你的人存在 而你 也可能在世界上某個角落 深愛著那個遠方的他 這首寫完後 感覺心有戚戚焉 雖然帶點憂傷 但還是要來點小小的搖滾 
平凡與簡單的愛 是最困難 也最令人嚮往的 或許 在某個角落 有個那麼深愛你的人存在 而你 也可能在世界上某個角落 深愛著那個遠方的他
這首寫完後 感覺心有戚戚焉 雖然帶點憂傷 但還是要來點小小的搖滾","錯了嗎 忘了嗎 放手吧 真的不再想她 過去的一切 早已無法回答 走了嗎 走遠了嗎 看破拉 義無反顧的想法 放了她的手 早已無力去抓 我只能靜靜地望著它 卻又不敢表達心中想法 日日夜夜期盼一霎那 越是靠近我卻越沒有勇氣 我想好好久久的愛你 沒有距離 轉身就能把你抱緊 是不是上天真的一定也不願意 成全我的心 讓思念 停留在夢裡 也許這是心中的牽掛 讓我無法離開的這一個地方 心裡早已沒有任何辦法 放下任何人 任何話 我想好好久久的愛你 沒有距離 轉身就能把你抱緊 是不是上天真的一定也不願意 成全我的心 讓思念 停留在夢裡 只想平平淡淡的愛你 沒有距離 轉身就能把你抱緊 是不是上天真的的一定也不願意 成全我的心 讓思念 停留在那夢裡 
錯了嗎 忘了嗎 放手吧 真的不再想她 過去的一切 早已無法回答
走了嗎 走遠了嗎 看破拉 義無反顧的想法 放了她的手 早已無力去抓
我只能靜靜地望著它 卻又不敢表達心中想法 日日夜夜期盼一霎那 越是靠近我卻越沒有勇氣
我想好好久久的愛你 沒有距離 轉身就能把你抱緊 是不是上天真的一定也不願意 成全我的心 讓思念 停留在夢裡
也許這是心中的牽掛 讓我無法離開的這一個地方 心裡早已沒有任何辦法 放下任何人 任何話
我想好好久久的愛你 沒有距離 轉身就能把你抱緊 是不是上天真的一定也不願意 成全我的心 讓思念 停留在夢裡 只想平平淡淡的愛你 沒有距離 轉身就能把你抱緊 是不是上天真的的一定也不願意 成全我的心 讓思念 停留在那夢裡
留言（ 0 ） 最相關留言 所有留言
留言（ 0 ）",2026-08-30,,AI 協作 R&B / Soul ・ 瑞利克斯,False,False,
2026-08-31 05:00:02,realtime,all,,,49,三號出口 EXIT3,狗都不要demo,2,199,0,https://streetvoice.com/still_snowflake_5uy/songs/876280/,https://streetvoice.com/still_snowflake_5uy/,"https://akstatic.streetvoice.com/song_covers/st/il/still_snowflake_5uy/doQRFYBz5SkXVojJkAhVc8.jpg?x-oss-process=image/resize,m_fixed,h_1,w_1,limit_0/resize,m_fixed,h_630,w_1200,limit_0/watermark,image_c29uZ19jb3ZlcnMvc3QvaWwvc3RpbGxfc25vd2ZsYWtlXzV1eS9kb1FSRllCejVTa1hWb2pKa0FoVmM4LmpwZz94LW9zcy1wcm9jZXNzPWltYWdlL3Jlc2l6ZSxtX2ZpeGVkLGhfMzQ0LHdfMzQ0LGxpbWl0XzA,g_nw,x_428,y_143/watermark,image_YXNzZXQvaW1hZ2VzL21ldGFpbWFnZS1zb25nLnBuZw,g_nw,x_0,y_0",images/876280.jpg,@still_snowflake_5uy,音樂人,高雄市,2024-02-01,,4,9,7,,,https://www.youtube.com/user/StreetVoiceTV,,,Rock,,,,"某天我從夜市擺攤剛下班回到倉庫，拿到了我的薪水，接著我拿給倉庫的狗看看問他要不要，結果他一臉嫌棄像看大便一樣 
某天我從夜市擺攤剛下班回到倉庫，拿到了我的薪水，接著我拿給倉庫的狗看看問他要不要，結果他一臉嫌棄像看大便一樣","傷和氣傷感情 口說兄弟卻都只做你自己 假標題純騙局 真心只能淪為廉價的商品 放長線釣大魚 滿嘴咖啡話都只是畫大餅 一張紙一條命 狗都不屑你那骯髒的東西 髒東西～ 髒東西～ 髒東西～ 髒東西～ 狗都不要你的髒東西～ 狗都不要你的髒東西～ 狗都不要你的髒東西～ 狗都不要你的髒東西～ 
傷和氣傷感情 口說兄弟卻都只做你自己 假標題純騙局 真心只能淪為廉價的商品 放長線釣大魚 滿嘴咖啡話都只是畫大餅 一張紙一條命 狗都不屑你那骯髒的東西
髒東西～ 髒東西～ 髒東西～ 髒東西～ 狗都不要你的髒東西～ 狗都不要你的髒東西～ 狗都不要你的髒東西～ 狗都不要你的髒東西～
留言（ 0 ） 最相關留言 所有留言
留言（ 0 ）",2026-08-25,,編輯推薦,True,False,
2026-08-31 05:00:02,realtime,all,,,50,李敏哲,Naked Vodka Tango Noir - Track A,12,362,14,https://streetvoice.com/minzer_c_lee/songs/876794/,https://streetvoice.com/minzer_c_lee/,"https://akstatic.streetvoice.com/music_albums/mi/nz/minzer_c_lee/CqAwbe4pJZBR2LkQesH5jG.jpeg?x-oss-process=image/resize,m_fixed,h_1,w_1,limit_0/resize,m_fixed,h_630,w_1200,limit_0/watermark,image_bXVzaWNfYWxidW1zL21pL256L21pbnplcl9jX2xlZS9DcUF3YmU0cEpaQlIyTGtRZXNINWpHLmpwZWc_eC1vc3MtcHJvY2Vzcz1pbWFnZS9yZXNpemUsbV9maXhlZCxoXzM0NCx3XzM0NCxsaW1pdF8w,g_nw,x_428,y_143/watermark,image_YXNzZXQvaW1hZ2VzL21ldGFpbWFnZS1zb25nLnBuZw,g_nw,x_0,y_0",images/876794.jpeg,@minzer_c_lee,音樂人,,,,18,31,41,,,https://www.youtube.com/user/StreetVoiceTV,,,World,Naked Vodka Tango Noir,https://streetvoice.com/minzer_c_lee/songs/album/97325989/,,"《Naked Vodka Tango Noir》 Track A／Track B，一首是「喝酒」，一首是「跳舞」。 邀請你，先閉上眼睛聽，再告訴我哪首是哪首。 這是一組雙生曲，發生在同一場夜色裡，描繪兩種不同的焦點。 Bandoneon，是貼近耳邊的呼吸。 Cello，是沿著脊背慢慢滑下來的手。 Piano，把每一次靠近、停頓與後退，留在黑暗裡發亮。 一首貼身。 腳步交纏，幾乎要撕扯，卻面無表情，知道不該，仍往前一步，再停住。 一首冰鎮。 玻璃杯裡透明的伏特加，入口乾淨，後勁卻比任何擁抱都深。各自在耳邊呼出一口氣。 沒有歌詞。有些東西一說破，就不性感了。 只剩 Bandoneon、Cello、Piano，在低光裡彼此試探、纏鬥、呼吸。 哪一首是《Naked Tango》？ 哪一首是《Vodka Noir》？ 留言說說你的解讀，答案幾天後公布。 保留你的隱私，不過介意告訴大家，你比較熟悉哪一種危險嗎？ 
《Naked Vodka Tango Noir》
Track A／Track B，一首是「喝酒」，一首是「跳舞」。 邀請你，先閉上眼睛聽，再告訴我哪首是哪首。
這是一組雙生曲，發生在同一場夜色裡，描繪兩種不同的焦點。
Bandoneon，是貼近耳邊的呼吸。 Cello，是沿著脊背慢慢滑下來的手。 Piano，把每一次靠近、停頓與後退，留在黑暗裡發亮。
一首貼身。 腳步交纏，幾乎要撕扯，卻面無表情，知道不該，仍往前一步，再停住。
一首冰鎮。 玻璃杯裡透明的伏特加，入口乾淨，後勁卻比任何擁抱都深。各自在耳邊呼出一口氣。
沒有歌詞。有些東西一說破，就不性感了。 只剩 Bandoneon、Cello、Piano，在低光裡彼此試探、纏鬥、呼吸。
哪一首是《Naked Tango》？ 哪一首是《Vodka Noir》？
留言說說你的解讀，答案幾天後公布。
保留你的隱私，不過介意告訴大家，你比較熟悉哪一種危險嗎？","這是沒有提供歌詞的歌曲
留言（ 14 ） 最相關留言 所有留言
留言（ 14 ）",2026-08-28,,AI 協作 World ・ Naked Vodka Tango Noir,False,False,
