snapshot_time,chart_timeframe,chart_genre,chart_year,chart_week,rank,artist_name,song_title,likes_count,play_count,comments_count,song_url,artist_url,cover_image_url,cover_image_local_path,artist_handle,artist_identity,artist_city,artist_joined_date,artist_accredited_datetime,artist_music_count,artist_fans_count,artist_following_count,artist_facebook_url,artist_instagram_url,artist_youtube_url,related_news,big_thing_appearances,genre,album_title,album_url,collaborators,description,lyrics,release_date,song_accredited_datetime,honors,is_editor_recommended,is_song_of_the_day,critic_review_url
2026-10-01 00:04:09,realtime,hip_hop,,,1,林潔心,To-Do List ft.呂允,49,1738,5,https://streetvoice.com/ddkogi/songs/879050/,https://streetvoice.com/ddkogi/,"https://akstatic.streetvoice.com/song_covers/dd/ko/ddkogi/BBGU3tP3HxbTkdxJHk54vK.jpg?x-oss-process=image/resize,m_fill,h_400,w_400,limit_0",images/879050.jpg,@ddkogi,音樂人,新北市,2023-08-01,2023-09-12 13:59,5,1074,4,,https://instagram.com/ddkogi88,https://www.youtube.com/user/StreetVoiceTV,林潔心推出第二張專輯《永恆少年少女》邀呂允合作主打歌〈To-Do List〉|||https://blow.streetvoice.com/89877/?utm_source=streetvoice&utm_medium=profile-news-block; 2025萬華大鬧熱11/29登場！一次集結李英宏、someshiit山姆、林潔心等17組饒舌歌手|||https://blow.streetvoice.com/84565/?utm_source=streetvoice&utm_medium=profile-news-block; 2025 Park Park Carnival首日回顧：林潔心豔陽下帶動「全民喝水運動」、芒果醬參演四年首登主舞台！|||https://blow.streetvoice.com/82722/?utm_source=streetvoice&utm_medium=profile-news-block,,Hip hop / Rap,,,,"「雖然還沒做到，但我一定可以！」To-Do list 不只是提醒，也是一種願意相信的能力。 足夠重要的事才會被寫下，在易忘瑣事的日常中反覆被想起，被確認，被執行。就像迷路時需要導航，茫然時需要燈塔，忘記如何愛的時候，就將此曲反覆播放，重新找回承接脆弱的力量。 這首甜蜜戀曲偽裝成男女對唱，其實是潔心寫給自己的情歌。歌詞所描述的待辦事項便是如何「愛自己」，因為很難，才更需要反覆提醒，不斷練習，每一個不完美的「你」都值得被愛，被珍惜，被好好善待。 過去他總在快要墜落時，感受到來自家人朋友、聽眾夥伴的愛，那些曾穩穩接住他的溫柔，如雨水流經乾涸，如光線穿過裂縫。 承接終將長出回應，潔心希望自己能像一面鏡子，把收到的光輕輕折返，繼續照亮下一個人，於是他把信念寫成習慣，用 To-Do list 召喚未來的自己，一再重複的歌詞就像那條反覆走過才會出現的小路，在日復一日的生活裡，期待每一次唱起，都離心中的模樣再近一些。 
「雖然還沒做到，但我一定可以！」To-Do list 不只是提醒，也是一種願意相信的能力。 足夠重要的事才會被寫下，在易忘瑣事的日常中反覆被想起，被確認，被執行。就像迷路時需要導航，茫然時需要燈塔，忘記如何愛的時候，就將此曲反覆播放，重新找回承接脆弱的力量。 這首甜蜜戀曲偽裝成男女對唱，其實是潔心寫給自己的情歌。歌詞所描述的待辦事項便是如何「愛自己」，因為很難，才更需要反覆提醒，不斷練習，每一個不完美的「你」都值得被愛，被珍惜，被好好善待。 過去他總在快要墜落時，感受到來自家人朋友、聽眾夥伴的愛，那些曾穩穩接住他的溫柔，如雨水流經乾涸，如光線穿過裂縫。 承接終將長出回應，潔心希望自己能像一面鏡子，把收到的光輕輕折返，繼續照亮下一個人，於是他把信念寫成習慣，用 To-Do list 召喚未來的自己，一再重複的歌詞就像那條反覆走過才會出現的小路，在日復一日的生活裡，期待每一次唱起，都離心中的模樣再近一些。","作詞 林潔心 ddkogi88、呂允 作曲 林潔心 ddkogi88 You 一本  反覆閱都 讀不膩的書 一不小心 被你迷得 一塌糊塗 不懂你時而氣餒中的悲喜 決定把愛你的話重複提及 (Love you for a thousand years , you're still here) 只要你願意 讓我參與你的生活 每天的to do list 是你音樂還有工作 儘管不時會 氣中帶不講理 那全都不要緊 浪漫不用搞剛牽著手一起揮霍 生活這long way扛肩一天一點磨 to do list 因為有你 我變得更加自律的生活 不介意 清單為你 騰出空位 坦然踏實的過 (時間在走 心越要穩重 就take it slowwww) 把愛刻寫在每日清單和心上 華麗辭藻都無以形容的美妙 不必做效果 胭脂 西裝 都丟掉 重複播放favorite song 儘管路漫長 以愛為信的宣告 我扛在肩上 以家為名的proud of 我每天記牢 You're on top of my list You're on top of my list 重複播放favorite song 儘管路漫長 為難的要求 可能會去做 愛常沖昏頭 理智在駐守 頭過身就過 思索對與錯 是你帶我逃出了亂流 迫降後的to do list 123456789 12 是你讓我別著急 愛你像愛自己不和人比較 允許悲傷與喜共存事難料 時而牽住自己時而去燃燒 溫柔/剛強的面都是我自傲 溫柔/剛強的面都是我自傲 不用再裝作我什麼都知道 愛情絕非一昧委屈的討好 愛情絕非一昧委屈地討好 破曉時分裡愛存在周圍繞 to do list 因為有你 我變得 更加自律的生活 不介意 清單為你 騰出空位 坦然踏實的過 (時間在走 心越要穩重 就take it slowwww) 把愛刻寫在每日清單 和心上 華麗辭藻都無以形容 的美妙 不必做效果 胭脂 西裝 都丟掉 重複播放favorite song 儘管路漫長 以愛為信的宣告 我扛在肩上 以家為名的proud of 我每天記牢 You're on top of my list You're on top of my list 重複播放favorite song 儘管路漫長 
作詞 林潔心 ddkogi88、呂允 作曲 林潔心 ddkogi88
You 一本  反覆閱都 讀不膩的書 一不小心 被你迷得 一塌糊塗
不懂你時而氣餒中的悲喜 決定把愛你的話重複提及 (Love you for a thousand years , you're still here)
只要你願意 讓我參與你的生活 每天的to do list 是你音樂還有工作 儘管不時會 氣中帶不講理 那全都不要緊 浪漫不用搞剛牽著手一起揮霍 生活這long way扛肩一天一點磨
to do list 因為有你 我變得更加自律的生活 不介意 清單為你 騰出空位 坦然踏實的過 (時間在走 心越要穩重 就take it slowwww)
把愛刻寫在每日清單和心上 華麗辭藻都無以形容的美妙 不必做效果 胭脂 西裝 都丟掉 重複播放favorite song 儘管路漫長 以愛為信的宣告 我扛在肩上 以家為名的proud of 我每天記牢 You're on top of my list You're on top of my list 重複播放favorite song 儘管路漫長
為難的要求 可能會去做 愛常沖昏頭 理智在駐守 頭過身就過 思索對與錯 是你帶我逃出了亂流 迫降後的to do list 123456789 12 是你讓我別著急 愛你像愛自己不和人比較 允許悲傷與喜共存事難料 時而牽住自己時而去燃燒 溫柔/剛強的面都是我自傲
溫柔/剛強的面都是我自傲 不用再裝作我什麼都知道 愛情絕非一昧委屈的討好
愛情絕非一昧委屈地討好 破曉時分裡愛存在周圍繞
to do list 因為有你 我變得 更加自律的生活 不介意 清單為你 騰出空位 坦然踏實的過 (時間在走 心越要穩重 就take it slowwww)
把愛刻寫在每日清單 和心上 華麗辭藻都無以形容 的美妙 不必做效果 胭脂 西裝 都丟掉 重複播放favorite song 儘管路漫長 以愛為信的宣告 我扛在肩上 以家為名的proud of 我每天記牢 You're on top of my list You're on top of my list 重複播放favorite song 儘管路漫長
留言（ 5 ） 最相關留言 所有留言
留言（ 5 ）",2026-09-23,,編輯推薦,True,False,
2026-10-01 00:04:09,realtime,hip_hop,,,2,Lil BANG,918 freestyle,8,478,0,https://streetvoice.com/lilbang/songs/881478/,https://streetvoice.com/lilbang/,"https://akstatic.streetvoice.com/song_covers/li/lb/lilbang/8kc3avsvCnKyA3ujZwRff6.jpg?x-oss-process=image/resize,m_fill,h_400,w_400,limit_0",images/881478.jpg,@lilbang,音樂人,,,,3,7,8,,,https://www.youtube.com/user/StreetVoiceTV,【金曲37】2026年第37屆金曲獎得獎名單|||https://blow.streetvoice.com/88509/?utm_source=streetvoice&utm_medium=profile-news-block; 【金曲37】第37屆金曲獎入圍名單公布 陳嫺靜、Gummy B入圍最佳歌手獎|||https://blow.streetvoice.com/87754/?utm_source=streetvoice&utm_medium=profile-news-block,,Hip hop / Rap,,,1asy,"編曲 Arranger｜xcrxsses,Lil BANG 混音 Mixing｜Lil BANG 詞 Lyrics ｜Lil BANG,1asy 錄音Recording｜Lil BANG,1asy 自主學習課作業 希望畢得了業這樣才能用到 · 叫918 freestyle是因為9/18做的 詞都是free出來的 大概20分鐘吧 ． Yes and yo 是某個憨仔的名字諧音 
編曲 Arranger｜xcrxsses,Lil BANG 混音 Mixing｜Lil BANG 詞 Lyrics ｜Lil BANG,1asy 錄音Recording｜Lil BANG,1asy
自主學習課作業 希望畢得了業這樣才能用到 · 叫918 freestyle是因為9/18做的 詞都是free出來的 大概20分鐘吧 ． Yes and yo 是某個憨仔的名字諧音","(Lady what you gonna do) (September eighteenth gonna do) 快點離開廢墟這我地盤你不是例外 什麼都別想最後一頓他媽請你吃稀飯 點到了是時候該洗牌 人頭正字記號畫幾排 比不過叫你媽媽來 那我會掉兩枚紙板 Dont gonna lie 說不清楚 那些身分 太多金主 太多煩惱別再討好 小妹他說很命苦 要我幫忙做個業績 打個戰績 這週末又搭上班機 爸媽笑嘻嘻 嘴巴緊從不洩漏天機 我太強直接一步到位兩步到ㄈㄟˋ 三步上籃 四步才想到小妹好像還沒醉 幸好三杯醉 我也不用慌 當得分後衛 也不用裝 過來 show some mistake 哥哥的實力 請自行體會 哎呀 不用說那些廢話 愛就愛不愛滾蛋 回家睡覺 上學 遲到 放學 宮廟 這些都是妳愛做的 孟寶愛葳寶 他小到只能用奶嘴尻 出場就知道誰屌 因為拎北的牌最好 不用該該叫 論爽度隔壁奶奶最騷 老子就在你面前diss you now hear me shout Yes and yo  Yes and yo 你媽不生腦子給你因為你沒點用 Yes and yo  Yes and yo 沒有建模沒有優點你只配是舔狗 來到一片風水寶地 我苗栗竹南來自全台的兄弟都被召集 可是0個人會罩你 再裝逼小心我們讓你變男生中最騷滴 今天918 要不帶你去就醫吧 可是沒有醫生能救得了你的臭雞巴 長得抱歉破事又一堆不是我要攻擊他 不服憋著敢放一個屁我直接肘擊他 
(Lady what you gonna do) (September eighteenth gonna do)
快點離開廢墟這我地盤你不是例外 什麼都別想最後一頓他媽請你吃稀飯 點到了是時候該洗牌 人頭正字記號畫幾排 比不過叫你媽媽來 那我會掉兩枚紙板 Dont gonna lie 說不清楚 那些身分 太多金主 太多煩惱別再討好 小妹他說很命苦 要我幫忙做個業績 打個戰績 這週末又搭上班機 爸媽笑嘻嘻 嘴巴緊從不洩漏天機 我太強直接一步到位兩步到ㄈㄟˋ 三步上籃 四步才想到小妹好像還沒醉 幸好三杯醉 我也不用慌 當得分後衛 也不用裝 過來 show some mistake 哥哥的實力 請自行體會 哎呀 不用說那些廢話 愛就愛不愛滾蛋 回家睡覺 上學 遲到 放學 宮廟 這些都是妳愛做的
孟寶愛葳寶 他小到只能用奶嘴尻 出場就知道誰屌 因為拎北的牌最好 不用該該叫 論爽度隔壁奶奶最騷 老子就在你面前diss you now hear me shout Yes and yo  Yes and yo 你媽不生腦子給你因為你沒點用 Yes and yo  Yes and yo 沒有建模沒有優點你只配是舔狗 來到一片風水寶地 我苗栗竹南來自全台的兄弟都被召集 可是0個人會罩你 再裝逼小心我們讓你變男生中最騷滴 今天918 要不帶你去就醫吧 可是沒有醫生能救得了你的臭雞巴 長得抱歉破事又一堆不是我要攻擊他 不服憋著敢放一個屁我直接肘擊他
留言（ 0 ） 最相關留言 所有留言
留言（ 0 ）",2026-09-28,,,False,False,
2026-10-01 00:04:09,realtime,hip_hop,,,3,高偉勛 Shan Hay,3.&#x27;ali 兄弟 ft.跪父樂團,4,105,0,https://streetvoice.com/p233211/songs/881725/,https://streetvoice.com/p233211/,"https://akstatic.streetvoice.com/song_covers/p2/33/p233211/jAQpwrFGKt2N3rijtoHtw3.jpeg?x-oss-process=image/resize,m_fill,h_400,w_400,limit_0",images/881725.jpeg,@p233211,音樂人,台東縣,2008-11-01,,5,194,15,,,https://www.youtube.com/user/StreetVoiceTV,創作，是與家鄉連結的窗口－阿修＆高偉勛專訪|||https://blow.streetvoice.com/20203/?utm_source=streetvoice&utm_medium=profile-news-block; 臺灣原創流行音樂大賽首獎得主開唱 黃連煜、荒山亮、王宏恩任導師助陣加持|||https://blow.streetvoice.com/25093/?utm_source=streetvoice&utm_medium=profile-news-block; 新光三越不插電歷屆決賽入圍者近況蒐羅 自選代表作歌單伴你度過夏日午後|||https://blow.streetvoice.com/21488/?utm_source=streetvoice&utm_medium=profile-news-block,,Hip hop / Rap,《YOU GOOD?!》,https://streetvoice.com/p233211/songs/album/97326155/,阿蘭 AC,"‘ali犯錯，一起受罰。 ‘ali成功，一起享受。 或許有一天，我們會各自到其他的地方生活 但火的教育，巴拉冠的戒訓 無論到哪裡，都會跟著我們。 箴言 17:17 
‘ali犯錯，一起受罰。 ‘ali成功，一起享受。 或許有一天，我們會各自到其他的地方生活 但火的教育，巴拉冠的戒訓 無論到哪裡，都會跟著我們。
箴言 17:17","I got your back ! ‘ali！ 我永遠罩你，兄弟！ No matter where I am！ 不論我身在何處！ I got your back ! ‘ali！ 我永遠罩你，兄弟！ No matter where I am！ 不論我身在何處！ I got your back ! ‘ali！ 我永遠罩你，兄弟！ I got your back ! ‘ali！ 我永遠罩你，兄弟！ dinapalran i makalusu kana vulan mikuwang ta 月光下的腳印，我們拿著獵槍 tinu maca u,tinu calinga ku 你當眼睛我當耳朵 kadu u i nganguwayan kadu ku i likudan 你在前面我在後頭 marelrang ta pu’acar 我們一起分享 marelrang ta ‘imiway 我們一起挨餓 alra mareali 因為我們是兄弟 marelrang ta kisavung 一起被懲罰 kakuwayan i palakuwan i ni 這是巴拉冠的教育 I got your back ! ‘ali！ 我永遠罩你，兄弟！ No matter where I am！ 不論我身在何處！ I got your back ! ‘ali！ 我永遠罩你，兄弟！ No matter where I am！ 不論我身在何處！ I got your back ! ‘ali！ 我永遠罩你，兄弟！ I got your back ! ‘ali！ 我永遠罩你，兄弟！ I got you back,nu mi pamelriyan lra mu kakuda I got you back,犯錯沒關係 I got you back,marepakuwa ta,mareka inava ta I got you back,我們較勁，我們合好 nu kadaidan lra ma’idang ta lra 有一天都長大 mukuwa ta muvare sa i dawilr 都到外面去打拼了 Keeping the fire alive is our promise 不讓火熄滅是我們的承諾 Protecting the village is our promise 保護村莊是我們的承諾 To be a role model is our promise 做一個好榜樣是我們的承諾 We know it’s all about promise 是我們的承諾 Guiding our younger brothers is our promise 教育我們的弟弟是我們的承諾 Passing down the wisdom is our promise 傳承智慧是我們的承諾 Never leaving you behind is our promise 不撇下你是我們的承諾 When you fall, I’ll hold you up and pray y’all be blessed 當你失敗我會撐住你為你禱告 adi ta ma’avut da apuy 火不能熄 ma u nanta kinuredan 就是我們的承諾 nu kadu ku lra i iyan mu,marewadi ta patali a wac 不論我在哪，是一輩子的兄弟 Listen,alra ka adu mi diya聽好， 因為我們都在 I got your back ! ‘ali！ 我永遠罩你，兄弟！ No matter where I am！ 不論我身在何處！ 
I got your back ! ‘ali！ 我永遠罩你，兄弟！ No matter where I am！ 不論我身在何處！ I got your back ! ‘ali！ 我永遠罩你，兄弟！ No matter where I am！ 不論我身在何處！ I got your back ! ‘ali！ 我永遠罩你，兄弟！ I got your back ! ‘ali！ 我永遠罩你，兄弟！
dinapalran i makalusu kana vulan mikuwang ta 月光下的腳印，我們拿著獵槍 tinu maca u,tinu calinga ku 你當眼睛我當耳朵 kadu u i nganguwayan kadu ku i likudan 你在前面我在後頭
marelrang ta pu’acar 我們一起分享 marelrang ta ‘imiway 我們一起挨餓 alra mareali 因為我們是兄弟 marelrang ta kisavung 一起被懲罰 kakuwayan i palakuwan i ni 這是巴拉冠的教育
I got your back ! ‘ali！ 我永遠罩你，兄弟！ No matter where I am！ 不論我身在何處！ I got your back ! ‘ali！ 我永遠罩你，兄弟！ No matter where I am！ 不論我身在何處！ I got your back ! ‘ali！ 我永遠罩你，兄弟！ I got your back ! ‘ali！ 我永遠罩你，兄弟！
I got you back,nu mi pamelriyan lra mu kakuda I got you back,犯錯沒關係 I got you back,marepakuwa ta,mareka inava ta I got you back,我們較勁，我們合好
nu kadaidan lra ma’idang ta lra 有一天都長大 mukuwa ta muvare sa i dawilr 都到外面去打拼了
Keeping the fire alive is our promise 不讓火熄滅是我們的承諾 Protecting the village is our promise 保護村莊是我們的承諾 To be a role model is our promise 做一個好榜樣是我們的承諾 We know it’s all about promise 是我們的承諾 Guiding our younger brothers is our promise 教育我們的弟弟是我們的承諾 Passing down the wisdom is our promise 傳承智慧是我們的承諾 Never leaving you behind is our promise 不撇下你是我們的承諾 When you fall, I’ll hold you up and pray y’all be blessed 當你失敗我會撐住你為你禱告
adi ta ma’avut da apuy 火不能熄 ma u nanta kinuredan 就是我們的承諾 nu kadu ku lra i iyan mu,marewadi ta patali a wac 不論我在哪，是一輩子的兄弟 Listen,alra ka adu mi diya聽好， 因為我們都在
I got your back ! ‘ali！ 我永遠罩你，兄弟！ No matter where I am！ 不論我身在何處！
留言（ 0 ） 最相關留言 所有留言
留言（ 0 ）",2026-09-29,,編輯推薦,True,False,
2026-10-01 00:04:09,realtime,hip_hop,,,4,Sxkura,fadedflower（退去的愛）,2,126,0,https://streetvoice.com/xxxxxx1002/songs/881598/,https://streetvoice.com/xxxxxx1002/,"https://akstatic.streetvoice.com/song_covers/xx/xx/xxxxxx1002/kDsFrWFcQ3qAxvJN8u438Z.jpg?x-oss-process=image/resize,m_fill,h_400,w_400,limit_0",images/881598.jpg,@xxxxxx1002,音樂人,,,,3,10,10,,,https://www.youtube.com/user/StreetVoiceTV,,,Hip hop / Rap,,,,"「雖近在咫尺，但只能遠觀。只有這樣能將關係變得簡單。」 封心的那刻，妳不動，我不動，也不知如何是好。 ------------------------------------------------------- 編曲 Arrangement: ProdbySJ 歌詞 Lyrics: Sxkura 作曲 Composition: Sxkura 混音/母帶 Mixing/Mastering: Sxkura 封面 Cover: Pinterest 
「雖近在咫尺，但只能遠觀。只有這樣能將關係變得簡單。」 封心的那刻，妳不動，我不動，也不知如何是好。
-------------------------------------------------------
編曲 Arrangement: ProdbySJ 歌詞 Lyrics: Sxkura 作曲 Composition: Sxkura 混音/母帶 Mixing/Mastering: Sxkura 封面 Cover: Pinterest","她像是花朵 在秋冬的那刻 跟時間拉扯 不想再凋謝了 在黑暗的空間 慢慢褪去的顏色 哼唱著小夜歌 通往光明的橋偏了 悄然拒絕遠方來的宴客 刻著「謝絕光顧」難道那是她自定義的匾額 雖近在咫尺 但只能遠觀 只有這樣能將關係變得簡單 怕再次靠近 形成天難 成為佔有他人內心的嫌犯 但是這樣的選擇 在事發當下對不對 可能這樣的選擇 減少了沒必要的灰土堆 當下內心被動搖 以為那人出現就會抹去了孤傲 冰封著一切搭配著風蕭 吹散了原本剛發芽的樹苗 專屬於妳的《本草綱目》我先裝上了書套 等待彼岸花的同意 讓我成為「她」的主角 無可（刻）奈何 但妳希望此路是奈何橋 陰與陽的摩擦 無果 但依舊希望會再和好 妳說「既見君子，云胡不喜」 但怕那句顯得太客套 隨季更換了三件套 是否話語變冷冽 也不再可靠 花自飄零水自流 獨抱相思 一處閒愁 此情無計可消除 才下眉頭 卻上心頭 即便身上刻出了醉花銘 她卻希望現在該回家行 但仍然會執著 徹夜地死守 依舊觀坐在醉花亭 她像是花朵 在秋冬的那刻 跟時間拉扯 不想再凋謝了 在黑暗的空間 慢慢褪去的顏色 哼唱著小夜歌 通往光明的橋偏了 悄然拒絕遠方來的宴客 刻著「謝絕光顧」難道那是她自定義的匾額 雖近在咫尺 但只能遠觀 只有這樣能將關係變得簡單 怕再次靠近 形成天難 成為佔有他人內心的嫌犯 但是這樣的選擇 在事發當下對不對 可能這樣的選擇 減少了沒必要的灰土堆 
她像是花朵 在秋冬的那刻 跟時間拉扯 不想再凋謝了 在黑暗的空間 慢慢褪去的顏色 哼唱著小夜歌 通往光明的橋偏了 悄然拒絕遠方來的宴客 刻著「謝絕光顧」難道那是她自定義的匾額
雖近在咫尺 但只能遠觀 只有這樣能將關係變得簡單 怕再次靠近 形成天難 成為佔有他人內心的嫌犯 但是這樣的選擇 在事發當下對不對 可能這樣的選擇 減少了沒必要的灰土堆
當下內心被動搖 以為那人出現就會抹去了孤傲 冰封著一切搭配著風蕭 吹散了原本剛發芽的樹苗 專屬於妳的《本草綱目》我先裝上了書套 等待彼岸花的同意 讓我成為「她」的主角
無可（刻）奈何 但妳希望此路是奈何橋 陰與陽的摩擦 無果 但依舊希望會再和好 妳說「既見君子，云胡不喜」 但怕那句顯得太客套 隨季更換了三件套 是否話語變冷冽 也不再可靠
花自飄零水自流 獨抱相思 一處閒愁 此情無計可消除 才下眉頭 卻上心頭 即便身上刻出了醉花銘 她卻希望現在該回家行 但仍然會執著 徹夜地死守 依舊觀坐在醉花亭
她像是花朵 在秋冬的那刻 跟時間拉扯 不想再凋謝了 在黑暗的空間 慢慢褪去的顏色 哼唱著小夜歌 通往光明的橋偏了 悄然拒絕遠方來的宴客 刻著「謝絕光顧」難道那是她自定義的匾額
雖近在咫尺 但只能遠觀 只有這樣能將關係變得簡單 怕再次靠近 形成天難 成為佔有他人內心的嫌犯 但是這樣的選擇 在事發當下對不對 可能這樣的選擇 減少了沒必要的灰土堆
留言（ 0 ） 最相關留言 所有留言
留言（ 0 ）",2026-09-28,,,False,False,
2026-10-01 00:04:09,realtime,hip_hop,,,5,ocio,自己都不自己RE:TAKE.mp3,13,292,2,https://streetvoice.com/ocio/songs/881357/,https://streetvoice.com/ocio/,"https://akstatic.streetvoice.com/song_covers/oc/io/ocio/E22pdWHaoE8QNnUjHNXSTY.jpg?x-oss-process=image/resize,m_fill,h_400,w_400,limit_0",images/881357.jpg,@ocio,音樂人,台北市,2022-11-01,,2,25,21,,,https://www.youtube.com/user/StreetVoiceTV,巴賴、黃瑋傑齊開唱 轉來音樂節慶咖啡店轉型|||https://blow.streetvoice.com/23933/?utm_source=streetvoice&utm_medium=profile-news-block; 如魚得水第一音：一定要認識的電音教授 Fish.the（上）|||https://blow.streetvoice.com/17701/?utm_source=streetvoice&utm_medium=profile-news-block,,Hip hop / Rap,,,,,"Gonna Get This vibe 當我開始饒舌 我想不起來上一次真正睡好的時候 我的playlist 都是Hiphop在圍繞著 每一次彈跳和憂鬱按下播放鍵用我的指頭 我習慣 正中午還裹著棉被 看著外面是晴是雨幻想變成誰的前輩 但是 那止不住的眼淚 當我開始焦慮或是恐慌又變得更加頹廢 拿起Red Bull 我需要一點咖啡因 日子一天一天過快得像搭飛機 I gotta Rush in it 我跟我的兄弟們互相勉勵 用盡全身的力量想抓飛機 21歲我還年輕那又如何 我在夢想和現實交界口之間杵著 21歲我還年輕那又如何 煙癮和酒精就像火我是那撲的蛾 迷失了方向 找不到只屬於我的地方 害怕穿上了西裝 就忘記了怎麼律動 怕自己穿上了西裝 卻只空有具皮囊 忘記了怎麼去對抗批鬥 想辦法珍惜時間做我想做的 管現在生活好過或不好過 我不想自己都不自己 自己都不自己 自己都不自己了 所以 得撥些時間和自己相處 並非每個遊戲都有Round 2 我不想自己都不自己 自己都不自己 自己都不自己了 帶上耳機對準麥又套著我的黑踢 不在乎誰和誰和誰對我的目光銳利 that shit gon crazy man 對鏡再練幾年 青春是我的武器把這身體操到極限My Man 對著鏡子也許會對自己感到驕傲 也許看著自己後卻感到萬分焦躁 回頭又看到少年提著裝滿錢的紙袋 發現得靠自己逃離街頭吵鬧 他一路走著走 被過去摟著走 每一晚他的情緒劑量都是Overdose 房門他上了鎖 他早已忘了我 看皮質醇多巴胺替他開了Carnival 望向鏡子裡的人慢慢又變得陌生 房間安靜得只剩下呼吸陪他作證 笑容像排練過表情顯得太過迫真 現實逼著他必須得慢慢學會默認 21歲還年輕那又如何 他不間斷的在潮起潮落中載沉浮著 21歲他還年輕那又如何 一切都變化的太快他沒辦法負荷 至少知道自己害怕什麼 還能分辨什麼才是真我 我不想自己都不自己 自己都不自己 自己都不自己了 所以 21歲跌倒也算活過 總好過忘了自己怎麼活著 
Gonna Get This vibe 當我開始饒舌 我想不起來上一次真正睡好的時候 我的playlist 都是Hiphop在圍繞著 每一次彈跳和憂鬱按下播放鍵用我的指頭
我習慣 正中午還裹著棉被 看著外面是晴是雨幻想變成誰的前輩 但是 那止不住的眼淚 當我開始焦慮或是恐慌又變得更加頹廢
拿起Red Bull 我需要一點咖啡因 日子一天一天過快得像搭飛機 I gotta Rush in it 我跟我的兄弟們互相勉勵 用盡全身的力量想抓飛機
21歲我還年輕那又如何 我在夢想和現實交界口之間杵著 21歲我還年輕那又如何 煙癮和酒精就像火我是那撲的蛾 迷失了方向 找不到只屬於我的地方 害怕穿上了西裝 就忘記了怎麼律動 怕自己穿上了西裝 卻只空有具皮囊 忘記了怎麼去對抗批鬥
想辦法珍惜時間做我想做的 管現在生活好過或不好過 我不想自己都不自己 自己都不自己 自己都不自己了 所以 得撥些時間和自己相處 並非每個遊戲都有Round 2 我不想自己都不自己 自己都不自己 自己都不自己了
帶上耳機對準麥又套著我的黑踢 不在乎誰和誰和誰對我的目光銳利 that shit gon crazy man 對鏡再練幾年 青春是我的武器把這身體操到極限My Man
對著鏡子也許會對自己感到驕傲 也許看著自己後卻感到萬分焦躁 回頭又看到少年提著裝滿錢的紙袋 發現得靠自己逃離街頭吵鬧
他一路走著走 被過去摟著走 每一晚他的情緒劑量都是Overdose 房門他上了鎖 他早已忘了我 看皮質醇多巴胺替他開了Carnival
望向鏡子裡的人慢慢又變得陌生 房間安靜得只剩下呼吸陪他作證 笑容像排練過表情顯得太過迫真 現實逼著他必須得慢慢學會默認
21歲還年輕那又如何 他不間斷的在潮起潮落中載沉浮著 21歲他還年輕那又如何 一切都變化的太快他沒辦法負荷
至少知道自己害怕什麼 還能分辨什麼才是真我 我不想自己都不自己 自己都不自己 自己都不自己了 所以 21歲跌倒也算活過 總好過忘了自己怎麼活著
留言（ 2 ） 最相關留言 所有留言
留言（ 2 ）",2026-09-27,,,False,False,
2026-10-01 00:04:09,realtime,hip_hop,,,6,h0sh1kuzu,理所當然，I’m fine DEMO,5,140,0,https://streetvoice.com/h0sh1kuzu_m4a/songs/881597/,https://streetvoice.com/h0sh1kuzu_m4a/,"https://akstatic.streetvoice.com/song_covers/h0/sh/h0sh1kuzu_m4a/DHTvc4PM5xUc8fzi6n9Wjr.jpg?x-oss-process=image/resize,m_fill,h_400,w_400,limit_0",images/881597.jpg,@h0sh1kuzu_m4a,音樂人,台中市,2025-11-01,,16,49,27,,,https://www.youtube.com/user/StreetVoiceTV,,,Hip hop / Rap,,,,"隨便 我很好 
隨便 我很好","什麼時候從見面就好變不如別來 什麼時候我發病的原因變成了愛 你說早知道就不期待 Ok fine First time？ 我只是累了 又要面對我的錯了 Right? I’m fine 再讓我吃點藥 I’m fine 讓我能都忘掉 I’m fine 時間也已經不太早 是時候沖個澡躺上床再回頭想想曾經的好 I had to go 我不是你想要的那個人 結果會變這樣我幹嘛那麼認真 拖到後面剩下你覺得理所當然的責任 全都是責任 那愛呢 怎麼會消失了 怎麼就消失了 什麼時候從見面就好變不如別來 什麼時候我發病的原因變成了愛 你說早知道就不期待 Ok fine First time？ 我只是累了 又要面對我的錯了 Right? I’m fine 再讓我吃點藥 I’m fine 讓我能都忘掉 I’m fine 時間也已經不太早 是時候沖個澡躺上床再回頭想想曾經的好 曾經的好 也只是停留美好回憶裡的曾經 回不去的曾經 只存在腦海裡的曾經 
什麼時候從見面就好變不如別來 什麼時候我發病的原因變成了愛 你說早知道就不期待 Ok fine First time？ 我只是累了 又要面對我的錯了 Right?
I’m fine 再讓我吃點藥 I’m fine 讓我能都忘掉 I’m fine 時間也已經不太早 是時候沖個澡躺上床再回頭想想曾經的好
I had to go 我不是你想要的那個人 結果會變這樣我幹嘛那麼認真 拖到後面剩下你覺得理所當然的責任 全都是責任 那愛呢 怎麼會消失了 怎麼就消失了
什麼時候從見面就好變不如別來 什麼時候我發病的原因變成了愛 你說早知道就不期待 Ok fine First time？ 我只是累了 又要面對我的錯了 Right?
I’m fine 再讓我吃點藥 I’m fine 讓我能都忘掉 I’m fine 時間也已經不太早 是時候沖個澡躺上床再回頭想想曾經的好
曾經的好 也只是停留美好回憶裡的曾經 回不去的曾經 只存在腦海裡的曾經
留言（ 0 ） 最相關留言 所有留言
留言（ 0 ）",2026-09-28,,,False,False,
2026-10-01 00:04:09,realtime,hip_hop,,,7,minho,大學下雨不淋濕雙腳(demo),1,114,1,https://streetvoice.com/minhominho/songs/881455/,https://streetvoice.com/minhominho/,"https://akstatic.streetvoice.com/song_covers/mi/nh/minhominho/VToGRx8ACoh458pUG3aK7g.jpeg?x-oss-process=image/resize,m_fill,h_400,w_400,limit_0",images/881455.jpeg,@minhominho,音樂人,桃園市,2023-02-01,,2,7,2,,,https://www.youtube.com/user/StreetVoiceTV,現場直擊：The Next Big Thing 大團誕生 開發場 4|||https://blow.streetvoice.com/33935/?utm_source=streetvoice&utm_medium=profile-news-block,,Hip hop / Rap,,,,"上大學後還沒下過雨 
上大學後還沒下過雨","I don't know what to tell them that get a chill點vibe 多去睡覺少點紅眼time 沒關係像液態氮到冰點 我心願 能聽見 下雨滴在每個面和音節 but still wasted Taste it more goals 'n passion 心態是否能夠達到那位階 不強求 如洋流般 反正也類似 不如慢慢的構築你說紀念的墜飾 隨著自然擺動那是最純粹的節拍 走二十分鐘太陽很大店卻沒開 煩惱跟真誠都全賣 在現在這不太清爽的年代 通勤下雨妳可能需要雨傘 你可以封上我嘴但是折不斷我筆桿 批判著自我總說不是我的正事 這種所謂不太真誠的話 你們得認識 大學下雨不淋濕雙腳 再添一句賤嗎 真的剛好 都不開傘 卻不會除去臉上狀造 坦白說不就是想要 大學下雨只淋濕大腦 明天就要感冒 那也剛好 只需忙笑 過去沒必要再強調 或許時間過了就要放掉 不知不覺就開始 十幾二十的人不追社會就是大孩子 睡在拍子 不思考四遍就被當呆子 寧願呆滯 不願陷入飛蚊（緋聞）處境被一掌給拍死 下雨路上坑坑洞洞 磕磕碰碰 沉沉重重不被 人們重用 那平平淡淡 迷離爛漫 停停看看 平平安安就超越剛睡醒的情形渙散 走向陌生恐懼不熟悉世界 在每個早晚每個陰晴每個日夜 邊致謝過去把我心情點碎 一戳痛點那魯伯特的眼淚 烏雲密佈 不在頭頂盤旋 請不繫住 不與過去纏綿 管你雷暴天或晴天 這是我自己故事 不用了解 只需要知道我很固執 這種事發生一年又一年 心態消失那段壞的期間 這種事發生一年又一年 但望心態逐漸轉正 不酒精 不坐冷板凳 
I don't know what to tell them that get a chill點vibe 多去睡覺少點紅眼time 沒關係像液態氮到冰點 我心願 能聽見 下雨滴在每個面和音節 but still wasted Taste it more goals 'n passion 心態是否能夠達到那位階 不強求 如洋流般 反正也類似 不如慢慢的構築你說紀念的墜飾 隨著自然擺動那是最純粹的節拍 走二十分鐘太陽很大店卻沒開 煩惱跟真誠都全賣 在現在這不太清爽的年代 通勤下雨妳可能需要雨傘 你可以封上我嘴但是折不斷我筆桿 批判著自我總說不是我的正事 這種所謂不太真誠的話 你們得認識
大學下雨不淋濕雙腳 再添一句賤嗎 真的剛好 都不開傘 卻不會除去臉上狀造 坦白說不就是想要 大學下雨只淋濕大腦 明天就要感冒 那也剛好 只需忙笑 過去沒必要再強調 或許時間過了就要放掉
不知不覺就開始 十幾二十的人不追社會就是大孩子 睡在拍子 不思考四遍就被當呆子 寧願呆滯 不願陷入飛蚊（緋聞）處境被一掌給拍死 下雨路上坑坑洞洞 磕磕碰碰 沉沉重重不被 人們重用 那平平淡淡 迷離爛漫 停停看看 平平安安就超越剛睡醒的情形渙散 走向陌生恐懼不熟悉世界 在每個早晚每個陰晴每個日夜 邊致謝過去把我心情點碎 一戳痛點那魯伯特的眼淚 烏雲密佈 不在頭頂盤旋 請不繫住 不與過去纏綿 管你雷暴天或晴天 這是我自己故事 不用了解 只需要知道我很固執
這種事發生一年又一年 心態消失那段壞的期間 這種事發生一年又一年 但望心態逐漸轉正 不酒精 不坐冷板凳
留言（ 1 ） 最相關留言 所有留言
留言（ 1 ）",2026-09-27,,,False,False,
2026-10-01 00:04:09,realtime,hip_hop,,,8,高偉勛 Shan Hay,8.Little Luck Little Luv ft.舞思愛 Usay Kawlu,0,19,0,https://streetvoice.com/p233211/songs/881719/,https://streetvoice.com/p233211/,"https://akstatic.streetvoice.com/song_covers/p2/33/p233211/XCnF3XamF4MrU7ZyUe3Wvt.jpeg?x-oss-process=image/resize,m_fill,h_400,w_400,limit_0",images/881719.jpeg,@p233211,音樂人,台東縣,2008-11-01,,5,194,15,,,https://www.youtube.com/user/StreetVoiceTV,創作，是與家鄉連結的窗口－阿修＆高偉勛專訪|||https://blow.streetvoice.com/20203/?utm_source=streetvoice&utm_medium=profile-news-block; 臺灣原創流行音樂大賽首獎得主開唱 黃連煜、荒山亮、王宏恩任導師助陣加持|||https://blow.streetvoice.com/25093/?utm_source=streetvoice&utm_medium=profile-news-block; 新光三越不插電歷屆決賽入圍者近況蒐羅 自選代表作歌單伴你度過夏日午後|||https://blow.streetvoice.com/21488/?utm_source=streetvoice&utm_medium=profile-news-block,,Hip hop / Rap,《YOU GOOD?!》,https://streetvoice.com/p233211/songs/album/97326155/,,"你有沒有覺得生活中 真的有很多小事會把我們搞得心浮氣躁 沒帶到鑰匙、耳機線打結 又或者喜歡的早餐店奶茶被做成無糖的？ 但也許 當你把腳步放慢一點點點點點 你會發現比起那些小事 祂用祂的愛 創造了更多能夠讓我們去開心的小幸運。 So, take it slow today！ 詩篇 104:24 
你有沒有覺得生活中 真的有很多小事會把我們搞得心浮氣躁 沒帶到鑰匙、耳機線打結 又或者喜歡的早餐店奶茶被做成無糖的？
但也許 當你把腳步放慢一點點點點點
你會發現比起那些小事 祂用祂的愛 創造了更多能夠讓我們去開心的小幸運。
So, take it slow today！
詩篇 104:24","生活有時後太匆忙 從一睜眼開到起床 剛關門又開始慌張 手機錢包耳機戴上 kinilalupan lra na sosi (鑰匙又忘記帶了) man kemadu diya? (怎麼又這樣捏？) Oh baby,it just happend (懊親愛的，它終究發生了) Oh baby,you just need to listen (懊親愛的，我想你需要靜心聽看看) 小白鞋踩到水塘 陰時多雲是今天氣象 我們還能呼吸空氣 藏在高樓中微弱的星星 看得清 oh～patawari kemakawang mengad (喔～放慢腳步感受呼吸) oh～patawari kemakawang mengad (喔～放慢腳步感受呼吸) He gives me a little luck,gives me a little luv (祂賜給我這些美好的小幸運跟美好) He gives me a little luck,gives me a little luv (祂賜給我這些美好的小幸運跟美好) piya rukup mena’u di (深呼吸抬頭看看天空) mena’u da tara’ (看見了彩虹掛在天上) nu muruma’ diya,i du na tinusiyawan kana tu (下班後桌上的飯菜) ta patawalay mena’u (只要你放慢去注意) malayas semanal kanahni na eman lra (常常感激這些微不足道的小事) alra mau na pakavulay data wayway (因為它讓生活更美好) And If you take it slow today (在今天，就把腳步放慢吧) He gives me a little luck,gives me a little luv (祂賜給我這些美好的小幸運跟美好) He gives me a little luck,gives me a little luv (祂賜給我這些美好的小幸運跟美好) 這是祂創造得一切 天上蔓延到地面 你只要慢慢來體會 So, take it slow today. (把今天放慢吧) You gotta take it slow 
生活有時後太匆忙 從一睜眼開到起床 剛關門又開始慌張 手機錢包耳機戴上 kinilalupan lra na sosi (鑰匙又忘記帶了) man kemadu diya? (怎麼又這樣捏？) Oh baby,it just happend (懊親愛的，它終究發生了) Oh baby,you just need to listen (懊親愛的，我想你需要靜心聽看看)
小白鞋踩到水塘 陰時多雲是今天氣象 我們還能呼吸空氣 藏在高樓中微弱的星星 看得清
oh～patawari kemakawang mengad (喔～放慢腳步感受呼吸) oh～patawari kemakawang mengad (喔～放慢腳步感受呼吸)
He gives me a little luck,gives me a little luv (祂賜給我這些美好的小幸運跟美好) He gives me a little luck,gives me a little luv (祂賜給我這些美好的小幸運跟美好)
piya rukup mena’u di (深呼吸抬頭看看天空) mena’u da tara’ (看見了彩虹掛在天上) nu muruma’ diya,i du na tinusiyawan kana tu (下班後桌上的飯菜) ta patawalay mena’u (只要你放慢去注意)
malayas semanal kanahni na eman lra (常常感激這些微不足道的小事) alra mau na pakavulay data wayway (因為它讓生活更美好) And If you take it slow today (在今天，就把腳步放慢吧)
He gives me a little luck,gives me a little luv (祂賜給我這些美好的小幸運跟美好) He gives me a little luck,gives me a little luv (祂賜給我這些美好的小幸運跟美好)
這是祂創造得一切 天上蔓延到地面 你只要慢慢來體會 So, take it slow today. (把今天放慢吧)
You gotta take it slow
留言（ 0 ） 最相關留言 所有留言
留言（ 0 ）",2026-09-29,,編輯推薦,True,False,
2026-10-01 00:04:09,realtime,hip_hop,,,9,翊庭,Magazine Baby,2,11,0,https://streetvoice.com/yiting_chang_/songs/881838/,https://streetvoice.com/yiting_chang_/,"https://akstatic.streetvoice.com/song_covers/yi/ti/yiting_chang_/2wTndJodNT2kGZhux2JVQz.jpeg?x-oss-process=image/resize,m_fill,h_400,w_400,limit_0",images/881838.jpeg,@yiting_chang_,音樂人,,,2022-01-04 18:49,6,1836,3,,https://instagram.com/yiting_chang_,https://www.youtube.com/channel/UCNuqUnM5olqZp7jRcTIw0MA,壞特、楊舒雅、7LING等女聲參戰！文總「She Vibes嬉哈音樂日」6/14 The Wall開唱|||https://blow.streetvoice.com/87678/?utm_source=streetvoice&utm_medium=profile-news-block; 114年流行音樂製作發行補助案 「創作新聲類」獲補助名單公布|||https://blow.streetvoice.com/81788/?utm_source=streetvoice&utm_medium=profile-news-block; 不只有「暈船神曲」！StreetVoice公布2021年五十大熱門歌曲|||https://blow.streetvoice.com/58024/?utm_source=streetvoice&utm_medium=profile-news-block,,Hip hop / Rap,,,,"MAGAZINE BABY 豪華禮盒 ✨ 💪🏻 產品說明 內含容貌焦慮、身材羞辱等你一定也曾有的恐懼 🔥 超早鳥方案 現在下單，加碼贈送「6小時脫水減重」SOP ｜ 豪華包裝 唯一正貨｜ 📞 立刻撥打訂購專線：0800-5252 🤫 折扣通關密語： 如果我可以，你一定也可以 獻給所有夾在主流審美與自我覺醒之間 一邊臣服，一邊掙扎的人 在這場從出生就開始的集體洗腦裡，我們清醒地沉淪 ☆.｡.:*・°･.｡*･.｡* .☆.｡.:* ・°･.｡*･.｡* . 🎵 雜誌寶貝已在各大串流平台登場！ ➡️https://www.submithub.com/link/magazine-baby 🥤 Follow 翊庭 Instagram｜ https://www.instagram.com/yiting_chang_ Youtube｜ https://www.youtube.com/@yiting_chang_ Spotify | https://cutt.ly/yiting_spotify Apple Music | https://cutt.ly/yiting_applemusic 更多串流平台 | https://lnkfi.re/yitingchang .☆.｡.:*・°･.｡*･.｡* .☆.｡.:* ・°･.｡*･.｡* . | Music | 製作人 Producer / A.F 作詞 Lyricist / 翊庭 作曲 Composer / 翊庭 編曲 Arrangement / A.F 錄音 Recording Engineer / A.F 混音 Mixing Engineer / Wayson Scream | Artist Team | 統籌 Coordinator / Eira 概念原創 Concept / 翊庭、Eira 藝人經紀 Artist Manager / 老高 A&R / 瑞發Reva Chen 企劃 Planning / 阿湯 | Photography | 攝影 Photographer / Jove Wong 攝助 Photo Assistant / Helen Yeh & Pang Chau 妝髮 MUA / Liz Lee 妝髮助理 MUA Assistant / Pei Yu Tseng 造型 Stylist / Fish Kuang 
MAGAZINE BABY 豪華禮盒 ✨
💪🏻 產品說明 內含容貌焦慮、身材羞辱等你一定也曾有的恐懼
🔥 超早鳥方案 現在下單，加碼贈送「6小時脫水減重」SOP
｜ 豪華包裝 唯一正貨｜ 📞 立刻撥打訂購專線：0800-5252 🤫 折扣通關密語： 如果我可以，你一定也可以
獻給所有夾在主流審美與自我覺醒之間 一邊臣服，一邊掙扎的人 在這場從出生就開始的集體洗腦裡，我們清醒地沉淪
☆.｡.:*・°･.｡*･.｡* .☆.｡.:* ・°･.｡*･.｡* .
🎵 雜誌寶貝已在各大串流平台登場！ ➡️https://www.submithub.com/link/magazine-baby
🥤 Follow 翊庭 Instagram｜ https://www.instagram.com/yiting_chang_ Youtube｜ https://www.youtube.com/@yiting_chang_ Spotify | https://cutt.ly/yiting_spotify Apple Music | https://cutt.ly/yiting_applemusic 更多串流平台 | https://lnkfi.re/yitingchang
https://www.instagram.com/yiting_chang_
https://www.youtube.com/@yiting_chang_
https://cutt.ly/yiting_spotify
https://cutt.ly/yiting_applemusic
https://lnkfi.re/yitingchang
.☆.｡.:*・°･.｡*･.｡* .☆.｡.:* ・°･.｡*･.｡* .
| Music | 製作人 Producer / A.F 作詞 Lyricist / 翊庭 作曲 Composer / 翊庭 編曲 Arrangement / A.F 錄音 Recording Engineer / A.F 混音 Mixing Engineer / Wayson Scream
| Artist Team | 統籌 Coordinator / Eira 概念原創 Concept / 翊庭、Eira 藝人經紀 Artist Manager / 老高 A&R / 瑞發Reva Chen 企劃 Planning / 阿湯
| Photography | 攝影 Photographer / Jove Wong 攝助 Photo Assistant / Helen Yeh & Pang Chau 妝髮 MUA / Liz Lee 妝髮助理 MUA Assistant / Pei Yu Tseng 造型 Stylist / Fish Kuang","動態歌詞
Hey, what's up girl You doing okay in this fucked up world? Hey, what's up girl You doing okay in this fucked up world? So, Free size 到底哪裡free？ 熱量算得比我薪水還仔細 斷食345678 有氧跳到缺氧 但是導演還是不滿意 從小立志成為一個 role model 站上鏡頭wow真的是個肉model 小編幫我多推一點陰影多疊一點 不然粉絲絕對unfollow Big girl with a big dream 想推翻規則要先贏得遊戲 So, being a girl , I gotta fit in 無所不用其極暴力脫水 SOP 抽筋 心悸 利尿劑 know you made it when they let you sing when they let you sing... Be a magazine baby 一起愛自己的身體 改變從現在起 三分基因 七分靠自律 Be a magazine baby 一起愛自己的身體 改變從現在起 立刻入手 甩掉五公斤 被風吹走 像是蒲公英 拉鍊 拉不上 緊身衣 灌香腸 A字裙 塞不下 體重機 不敢量 拉鍊 拉不上 緊身衣 灌香腸 A字裙 塞不下 體重機 不敢量 ( 誰的骨盆最端正？) 我的骨盆最端正！ ( 誰的大腿外側沒有ㄉㄨㄞㄉㄨㄞㄉㄨㄞ....) So why do I do this? 到底是出於我的選擇還是誰的注視？ 當我失去分辨卻一再把話給複製 Losing sight of who to blame I stop thinking , I just play the game Girl, just play the game Be a magazine baby 一起愛自己的身體 改變從現在起 三分基因 七分靠自律 Be a magazine baby 一起愛自己的身體 改變從現在起 立刻入手 甩掉五公斤 被風吹走 像是蒲公英 拉鍊 拉不上 緊身衣 灌香腸 A字裙 塞不下 體重機 不敢量 拉鍊 拉不上 緊身衣 灌香腸 A字裙 塞不下 體重機 不敢量 Hey, what's up girl You doing okay in this fucked up world? Hey, what's up girl You doing okay in this fucked up world? 如果我可以 你一定也可以 你要相信自己 美由你來定義 如果我可以 你一定也可以 你要相信自己 美由你來定義 
Hey, what's up girl You doing okay in this fucked up world? Hey, what's up girl You doing okay in this fucked up world? So, Free size 到底哪裡free？ 熱量算得比我薪水還仔細 斷食345678 有氧跳到缺氧 但是導演還是不滿意 從小立志成為一個 role model 站上鏡頭wow真的是個肉model 小編幫我多推一點陰影多疊一點 不然粉絲絕對unfollow Big girl with a big dream 想推翻規則要先贏得遊戲 So, being a girl , I gotta fit in 無所不用其極暴力脫水 SOP 抽筋 心悸 利尿劑 know you made it when they let you sing when they let you sing... Be a magazine baby 一起愛自己的身體 改變從現在起 三分基因 七分靠自律 Be a magazine baby 一起愛自己的身體 改變從現在起 立刻入手 甩掉五公斤 被風吹走 像是蒲公英 拉鍊 拉不上 緊身衣 灌香腸 A字裙 塞不下 體重機 不敢量 拉鍊 拉不上 緊身衣 灌香腸 A字裙 塞不下 體重機 不敢量 ( 誰的骨盆最端正？) 我的骨盆最端正！ ( 誰的大腿外側沒有ㄉㄨㄞㄉㄨㄞㄉㄨㄞ....) So why do I do this? 到底是出於我的選擇還是誰的注視？ 當我失去分辨卻一再把話給複製 Losing sight of who to blame I stop thinking , I just play the game Girl, just play the game Be a magazine baby 一起愛自己的身體 改變從現在起 三分基因 七分靠自律 Be a magazine baby 一起愛自己的身體 改變從現在起 立刻入手 甩掉五公斤 被風吹走 像是蒲公英 拉鍊 拉不上 緊身衣 灌香腸 A字裙 塞不下 體重機 不敢量 拉鍊 拉不上 緊身衣 灌香腸 A字裙 塞不下 體重機 不敢量 Hey, what's up girl You doing okay in this fucked up world? Hey, what's up girl You doing okay in this fucked up world? 如果我可以 你一定也可以 你要相信自己 美由你來定義 如果我可以 你一定也可以 你要相信自己 美由你來定義
留言（ 0 ） 最相關留言 所有留言
留言（ 0 ）",2026-09-30,,,False,False,
2026-10-01 00:04:09,realtime,hip_hop,,,10,希珥,義務教育沒教我的是...,9,199,2,https://streetvoice.com/shir_vtuber/songs/881189/,https://streetvoice.com/shir_vtuber/,"https://akstatic.streetvoice.com/song_covers/sh/ir/shir_vtuber/MdHYjQ3kM3GBkzuckAarH4.jpeg?x-oss-process=image/resize,m_fill,h_400,w_400,limit_0",images/881189.jpeg,@shir_vtuber,音樂人,其他,2022-11-01,,6,118,2,,,https://www.youtube.com/user/StreetVoiceTV,,,Hip hop / Rap,,,,"Presented by：LiOne Studio Co., Ltd. 李万文創有限公司 出品 ▸Credit： Lyrics / Composition / Video：希珥Shir Arrangement： ARAM Recording Engineer & Mix：Lulu 吳昱儒 Executive Producer：A Jie Special Thanks：韓森 
Presented by：LiOne Studio Co., Ltd. 李万文創有限公司 出品
▸Credit： Lyrics / Composition / Video：希珥Shir Arrangement： ARAM Recording Engineer & Mix：Lulu 吳昱儒 Executive Producer：A Jie Special Thanks：韓森","Intro 玩就要Chill 玩得盡興 玩就要鬆 玩得盡興 玩就要開心 玩得盡興 玩就要用力 玩得盡興 V1 框住自己的設限 全都踹倒 你真的試過嗎 喊卡太早 或許你更適合大槌 多過太刀 同樣的鍵位重組 又多學了幾招 大路朝天 就各走半邊 腿短又怎樣 就多走半天 只打直球 有點半顛 代表學到都是賺 成就多解半篇 你看見了公園的長椅 我善辯的亂騙的 說是公元前的賞景 以上根本沒邏輯 但我不介意 甚至小得意 我想要我想 而不是你要 我想要你們真心的講 不講禮貌 我想要卯足全力的爽 不是半調 我想要音樂製作 能請上剃刀 Bridge 扭緊也好 鬆掉也好 wanna be an open book 沒試過的都很酷 感動最好 都很重要 there nothing gonna lose 上了狀態後  哪次收的住 HOOK 玩就要Chill 玩得盡興 玩就要鬆 玩得盡興 玩就要開心 玩得盡興 玩就要用力 玩得盡興 V2 不是成為被玩的機器 死背完了 哪有活力提筆 我討厭考試 我也討厭體制 更討厭自己屈服 不准輕易說出可是 義務教育沒教我的是 石頭想變成金子 不是可恥的事 病態的客觀 把別人說的比做事實 太窩囔 才讓小人得志 健身兩小 合理爆吃滷肉飯 不糾結0.幾公斤 再加點荷包蛋 誰管別人怎麼看 不想和我走散 跟著自己的FLOW 身心五告讚 我想要有成為的勇氣 我想要我每次想要 優先想到的都是自己 我知道我有毅力 我想要玩得盡興 難度再升級 ok 先深呼吸 Bridge 扭緊也好 鬆掉也好 wanna be an open book 沒試過的都很酷 感動最好 都很重要 there nothing gonna lose 上了狀態後  哪次收的住 HOOK 玩就要Chill 玩得盡興 玩就要鬆 玩得盡興 玩就要開心 玩得盡興 玩就要快樂 玩得盡興 
Intro 玩就要Chill 玩得盡興 玩就要鬆 玩得盡興 玩就要開心 玩得盡興 玩就要用力 玩得盡興
V1 框住自己的設限 全都踹倒 你真的試過嗎 喊卡太早 或許你更適合大槌 多過太刀 同樣的鍵位重組 又多學了幾招 大路朝天 就各走半邊 腿短又怎樣 就多走半天 只打直球 有點半顛 代表學到都是賺 成就多解半篇
你看見了公園的長椅 我善辯的亂騙的 說是公元前的賞景 以上根本沒邏輯 但我不介意 甚至小得意 我想要我想 而不是你要 我想要你們真心的講 不講禮貌 我想要卯足全力的爽 不是半調 我想要音樂製作 能請上剃刀
Bridge 扭緊也好 鬆掉也好 wanna be an open book 沒試過的都很酷 感動最好 都很重要 there nothing gonna lose 上了狀態後  哪次收的住
HOOK 玩就要Chill 玩得盡興 玩就要鬆 玩得盡興 玩就要開心 玩得盡興 玩就要用力 玩得盡興
V2 不是成為被玩的機器 死背完了 哪有活力提筆 我討厭考試 我也討厭體制 更討厭自己屈服 不准輕易說出可是 義務教育沒教我的是 石頭想變成金子 不是可恥的事 病態的客觀 把別人說的比做事實 太窩囔 才讓小人得志
健身兩小 合理爆吃滷肉飯 不糾結0.幾公斤 再加點荷包蛋 誰管別人怎麼看 不想和我走散 跟著自己的FLOW 身心五告讚 我想要有成為的勇氣 我想要我每次想要 優先想到的都是自己 我知道我有毅力 我想要玩得盡興 難度再升級 ok 先深呼吸
Bridge 扭緊也好 鬆掉也好 wanna be an open book 沒試過的都很酷 感動最好 都很重要 there nothing gonna lose 上了狀態後  哪次收的住
HOOK 玩就要Chill 玩得盡興 玩就要鬆 玩得盡興 玩就要開心 玩得盡興 玩就要快樂 玩得盡興
留言（ 2 ） 最相關留言 所有留言
留言（ 2 ）",2026-09-26,,,False,False,
2026-10-01 00:04:09,realtime,hip_hop,,,11,CELL,BALANCE,12,267,2,https://streetvoice.com/shiny_disk_hit/songs/881125/,https://streetvoice.com/shiny_disk_hit/,"https://akstatic.streetvoice.com/profile_images/sh/in/shiny_disk_hit/2qJ3XbzJsFvRMciMb6DmXZ.jpg?x-oss-process=image/resize,m_fill,h_400,w_400,limit_0",images/881125.jpg,@shiny_disk_hit,音樂人,花蓮縣,2022-08-01,,3,53,11,,,https://www.youtube.com/user/StreetVoiceTV,辦一趟可能取消的巡迴？deca joins、無妄合作社公布「Cancelled巡迴取消」T-Shirt販售計畫|||https://blow.streetvoice.com/49414/?utm_source=streetvoice&utm_medium=profile-news-block; 日本音樂兄弟檔KICELL開唱 攜手洪申豪站台|||https://blow.streetvoice.com/5074/?utm_source=streetvoice&utm_medium=profile-news-block; 第18屆Freshmusic Awards得獎名單揭曉 陶晶瑩首次參與評審|||https://blow.streetvoice.com/81270/?utm_source=streetvoice&utm_medium=profile-news-block,,Hip hop / Rap,,,ocio,"要如何去平衡這一些愛 我沒有答案 作詞作曲 Lyricist | C1LL 錄音 Recording Engineer | Ocio 錄音工作室 Recording Studio | Ocio 混音 Mixing Engineer | Ocio 母帶 Mastering Engineer | Ocio 
要如何去平衡這一些愛 我沒有答案
作詞作曲 Lyricist | C1LL 錄音 Recording Engineer | Ocio 錄音工作室 Recording Studio | Ocio 混音 Mixing Engineer | Ocio 母帶 Mastering Engineer | Ocio","I'm gonna beat for the talent 那些少說的 Silent 和你走過的Southside 帶我離開這裡 像是妳的吻 我的心無法對準 妳也早就已經淘汰 但我也只是扎心的虧損 是我輸掉的賠本 我懂妳也不說話 我們不要這樣衝動的講話 時間到了就走你還需要演嗎 還有那一些傷口的血液都不斷的滴著 那是考驗決定那刺傷的心門 是討厭還是那厭倦的精神 I feel like mind 妳也最好在聽著 絢爛的Silent 相關的 balance 放縱和快樂 那不好的猜測 我差勁的敗了 我最後才明白妳心早不在呢 還記得那是平凡的下雨天 雨滴還有淚滴劃過妳的臉 她又抓住我的手還有說幾遍 但也不是妳的錯是我的底線 Got the 2 4 to my life I should tell you I can't lie Never see you can cry all night 對妳說過那些畫面不存在 
I'm gonna beat for the talent 那些少說的 Silent 和你走過的Southside 帶我離開這裡 像是妳的吻 我的心無法對準 妳也早就已經淘汰 但我也只是扎心的虧損 是我輸掉的賠本 我懂妳也不說話 我們不要這樣衝動的講話 時間到了就走你還需要演嗎 還有那一些傷口的血液都不斷的滴著 那是考驗決定那刺傷的心門 是討厭還是那厭倦的精神 I feel like mind 妳也最好在聽著 絢爛的Silent 相關的 balance 放縱和快樂 那不好的猜測 我差勁的敗了 我最後才明白妳心早不在呢 還記得那是平凡的下雨天 雨滴還有淚滴劃過妳的臉 她又抓住我的手還有說幾遍 但也不是妳的錯是我的底線 Got the 2 4 to my life I should tell you I can't lie Never see you can cry all night 對妳說過那些畫面不存在
留言（ 2 ） 最相關留言 所有留言
留言（ 2 ）",2026-09-25,,,False,False,
2026-10-01 00:04:09,realtime,hip_hop,,,12,寬平Ekko,0926 memo,8,497,3,https://streetvoice.com/kusyoualreadyknow/songs/881234/,https://streetvoice.com/kusyoualreadyknow/,"https://akstatic.streetvoice.com/song_covers/ku/sy/kusyoualreadyknow/EjUvDqTCuG2RwgTPNbgfdE.jpeg?x-oss-process=image/resize,m_fill,h_400,w_400,limit_0",images/881234.jpeg,@kusyoualreadyknow,音樂人,台北市,2019-09-01,2026-08-12 09:23,5,57,37,,https://www.instagram.com/kuan.xc,https://youtube.com/@kusyoualreadyknow,,,Hip hop / Rap,,,,"我想我會記得 
我想我會記得","Hey you 我現在正在經歷一段痛苦的時期 快承受不住了 那些我對過去自己的質疑 內心崩塌了 無法接受更多外在的刺激 承認吧 就連我自己都快要認不出我自己 Who am I 不知道眼前的路途該向左或向右 But why 內心的雜音依然像窗戶外的大雨滂沱 想說的太多如鯁在喉 抵住的槍口 我知道我變了 我已經變得不再那麼像我 我想過能不依賴 我想過轉身離開 不需再猜忌 不需再在意 灰色地帶 也許我不需要開口 就能夠讀懂我所有期待 如果一切能夠重來 Fuck it 時間沒辦法rewind 如果一切能夠重來 我希望從沒發生真的Pardon me 這根札的太深 太掙扎 我只想抽身到最後卻沒了力 過程中載浮載沉著 到頭來人呢 Lose a part of me 不成功便成仁 漸漸的陷得深 怎麼會又讓我傷了心 我想這就是我的性格 沒辦法把那些我認為最美好的畫面給定格 我知道 一切的一切 回歸原點 不是唯一的 但我也想看到花兒綻放的時候多美麗呢 我想我記得 
Hey you 我現在正在經歷一段痛苦的時期 快承受不住了 那些我對過去自己的質疑 內心崩塌了 無法接受更多外在的刺激 承認吧 就連我自己都快要認不出我自己
Who am I 不知道眼前的路途該向左或向右 But why 內心的雜音依然像窗戶外的大雨滂沱 想說的太多如鯁在喉 抵住的槍口 我知道我變了 我已經變得不再那麼像我
我想過能不依賴 我想過轉身離開 不需再猜忌 不需再在意 灰色地帶 也許我不需要開口 就能夠讀懂我所有期待 如果一切能夠重來 Fuck it 時間沒辦法rewind 如果一切能夠重來 我希望從沒發生真的Pardon me 這根札的太深 太掙扎 我只想抽身到最後卻沒了力 過程中載浮載沉著 到頭來人呢 Lose a part of me 不成功便成仁 漸漸的陷得深 怎麼會又讓我傷了心 我想這就是我的性格 沒辦法把那些我認為最美好的畫面給定格 我知道 一切的一切 回歸原點 不是唯一的 但我也想看到花兒綻放的時候多美麗呢
我想我記得
留言（ 3 ） 最相關留言 所有留言
留言（ 3 ）",2026-09-26,,,False,False,
2026-10-01 00:04:09,realtime,hip_hop,,,13,Aroziel,當你瞇著笑,1,18,0,https://streetvoice.com/Aroziel_AC/songs/881886/,https://streetvoice.com/Aroziel_AC/,"https://akstatic.streetvoice.com/song_covers/Ar/oz/Aroziel_AC/EZwsjhX5bZTB4WQfvPmBYW.jpeg?x-oss-process=image/resize,m_fill,h_400,w_400,limit_0",images/881886.jpeg,@Aroziel_AC,音樂人,台北市,2023-01-01,,21,8,5,,,https://www.youtube.com/user/StreetVoiceTV,,,Hip hop / Rap,解相思,https://streetvoice.com/Aroziel_AC/songs/album/97325952/,,,"過半年再次想起熟悉陌生的lady face 從那天就沒見面 這關係ending maybe fate 匆忙的台北 自我消化有點太累 不回頭邁著我的Lazy pace 我每一步卻在倒退 刻意避開看到你 IG的 story 沒機會親口當面對你say sorry 不及格考卷沒辦法追根究底 淚水偶爾被勾起 情緒輕放在你送的外套兜裡 當你眼睛再次瞇著笑 就是感情的句號 脫離我的懷抱 只想要你 可以幸福就好 當你的眼睛瞇著笑 當你喝可樂 當你吵 我想對你好 你從來不知道 想你 想你也能成為嗜好 當你說今天的煩惱 當你說夜深你睡不著 我想對你說 卻害怕都說錯 好喜歡你 知不知道 
過半年再次想起熟悉陌生的lady face 從那天就沒見面 這關係ending maybe fate 匆忙的台北 自我消化有點太累 不回頭邁著我的Lazy pace 我每一步卻在倒退
刻意避開看到你 IG的 story 沒機會親口當面對你say sorry 不及格考卷沒辦法追根究底 淚水偶爾被勾起 情緒輕放在你送的外套兜裡
當你眼睛再次瞇著笑 就是感情的句號 脫離我的懷抱 只想要你 可以幸福就好
當你的眼睛瞇著笑 當你喝可樂 當你吵 我想對你好 你從來不知道 想你 想你也能成為嗜好 當你說今天的煩惱 當你說夜深你睡不著 我想對你說 卻害怕都說錯 好喜歡你 知不知道
留言（ 0 ） 最相關留言 所有留言
留言（ 0 ）",2026-09-30,,,False,False,
2026-10-01 00:04:09,realtime,hip_hop,,,14,Easy Mind,不AI,1,37,0,https://streetvoice.com/EasyMindMusic/songs/880987/,https://streetvoice.com/EasyMindMusic/,"https://akstatic.streetvoice.com/song_covers/Ea/sy/EasyMindMusic/5qYQTds6TdX4XwPSQXZNzp.jpeg?x-oss-process=image/resize,m_fill,h_400,w_400,limit_0",images/880987.jpeg,@EasyMindMusic,音樂人,北京,2018-04-01,,27,23,8,,,https://www.youtube.com/user/StreetVoiceTV,百合花與苗可麗為大港開唱彩排 搶先釋出合作歌曲〈愛情限時批〉|||https://blow.streetvoice.com/73082/?utm_source=streetvoice&utm_medium=profile-news-block; 2024大港開唱全陣容＆時程表公開！閃靈成海龍王開場、滿島光撞草東|||https://blow.streetvoice.com/72865/?utm_source=streetvoice&utm_medium=profile-news-block; 大港開唱公布最終波壓軸陣容！閃靈預告演出將結合5G最新科技|||https://blow.streetvoice.com/72791/?utm_source=streetvoice&utm_medium=profile-news-block,,Hip hop / Rap,,,,"如今幾秒鐘就能用AI生成一首歌，那為什麼還要花大把時間「手搓」寫歌？因為對我來說，只有親自創作的音樂才算是真正的原創音樂。手搓的結果不一定比AI做得更好，那又怎樣？或許，我們本來就不該把結果當作人生的意義。你看，今天我又手搓了一首歌，但我不只是手搓，我是在生活，過我喜歡的生活。 詞曲 / 編曲 / 製作：Easy Mind 取樣：The Love Unlimited Orchestra - Give Up Your Love Girl (1975) 
如今幾秒鐘就能用AI生成一首歌，那為什麼還要花大把時間「手搓」寫歌？因為對我來說，只有親自創作的音樂才算是真正的原創音樂。手搓的結果不一定比AI做得更好，那又怎樣？或許，我們本來就不該把結果當作人生的意義。你看，今天我又手搓了一首歌，但我不只是手搓，我是在生活，過我喜歡的生活。
詞曲 / 編曲 / 製作：Easy Mind 取樣：The Love Unlimited Orchestra - Give Up Your Love Girl (1975)","Say what say what No AI no AI Say what say what I said no AI 當我真的在 說愛 真的愛 不是來自AI 大品牌 更新到十八代 但我還是更在乎你心態 That’s right 如何把壓抑變成期待 愛可以消去冰冷傷害 如果人類的幸福指數崩壞 那是因為對科技太過依賴 丟了愛 要和誰分享回憶 Not AI Not AI 要做真實的自己 我真的不AI 真的不AI 雖然慢 但是享受過程就不會有遺憾 親手畫出你心裡的圖案 經歷挫折才會通往答案 多出去看看世界 少評判 大數據懂你消費的習慣 購物車裡面東西塞的太滿 太多的幻覺 意識到的太晚 太晚 要和誰傳達心意 Not AI Not AI 要做唯一的自己 我真的不AI 真的不AI Hey boss, now pardon me （嘿老闆，抱歉了） I need originality （我需要原創性） Fake voice, same melody （偽造的嗓音，重複的旋律） It don’t mean anything to me （對我來說沒有意義） You can generate right away （你可以馬上生成） But it don’t mean anything to me （但這對我來說沒有意義） Dreamin’ like you don’t wanna wake （你可以一直做夢不醒來） But it don’t mean anything to me （但這對我來說沒有意義） 要和誰分享回憶 （別忘了有人還在等你） Not AI Not AI 要做真實的自己 我真的不AI 真的不AI 
Say what say what No AI no AI Say what say what I said no AI
當我真的在 說愛 真的愛 不是來自AI 大品牌 更新到十八代 但我還是更在乎你心態 That’s right 如何把壓抑變成期待 愛可以消去冰冷傷害 如果人類的幸福指數崩壞 那是因為對科技太過依賴 丟了愛
要和誰分享回憶 Not AI Not AI
要做真實的自己 我真的不AI 真的不AI
雖然慢 但是享受過程就不會有遺憾 親手畫出你心裡的圖案 經歷挫折才會通往答案 多出去看看世界 少評判 大數據懂你消費的習慣 購物車裡面東西塞的太滿 太多的幻覺 意識到的太晚 太晚
要和誰傳達心意 Not AI Not AI
要做唯一的自己 我真的不AI 真的不AI
Hey boss, now pardon me （嘿老闆，抱歉了） I need originality （我需要原創性） Fake voice, same melody （偽造的嗓音，重複的旋律） It don’t mean anything to me （對我來說沒有意義） You can generate right away （你可以馬上生成） But it don’t mean anything to me （但這對我來說沒有意義） Dreamin’ like you don’t wanna wake （你可以一直做夢不醒來） But it don’t mean anything to me （但這對我來說沒有意義）
要和誰分享回憶 （別忘了有人還在等你） Not AI Not AI
要做真實的自己 我真的不AI 真的不AI
留言（ 0 ） 最相關留言 所有留言
留言（ 0 ）",2026-09-24,,編輯推薦,True,False,
2026-10-01 00:04:09,realtime,hip_hop,,,15,h0sh1kuzu,Take it slow,9,319,4,https://streetvoice.com/h0sh1kuzu_m4a/songs/881150/,https://streetvoice.com/h0sh1kuzu_m4a/,"https://akstatic.streetvoice.com/song_covers/h0/sh/h0sh1kuzu_m4a/7xbiu3eFt78t67wLfWLzt6.jpg?x-oss-process=image/resize,m_fill,h_400,w_400,limit_0",images/881150.jpg,@h0sh1kuzu_m4a,音樂人,台中市,2025-11-01,,16,49,27,,,https://www.youtube.com/user/StreetVoiceTV,,,Hip hop / Rap,,,,"暈船歌 
暈船歌","在盛夏的結尾 抽著菸 在深夜 思考那字句描述的夠不夠體面 那晚我徹夜難眠 思念籠罩你的容貌覆蓋著一層懸念 想跟你成家立業 在你哭泣時伸手拭去眼淚 氣氛已然完備 你的一顰一笑都如此完美 Take it slow 讓霓虹替我們沉默 不必承諾 也別急著說出口 Take it slow Just take it slower, baby 呼吸落在同一個節奏 這一秒 有你在就足夠 在你指尖殘留的香水味 游移不定的眼神中帶著沈醉 就算是直球對決 誰也沒戳破 曖昧才顯得安全 如果害怕需要挽留 請你就別急著回頭 把心跳都留給沉默 讓眼神代替那雙手 Stay with me Oh baby stay with me Take it slow 讓霓虹替我們沉默 不必承諾 也別急著說出口 Take it slow Just take it slower, baby 呼吸落在同一個節奏 這一秒 有你在就足夠 雙手是空的 這轉變太快還來不及習慣 回憶那一晚 你笑容和氛圍顯得多自然 你說你太危險要我注意不要太喜歡 然後默默遞過你的飲料上面用著同一隻吸管 Shit 怎麼會那麼暈 這感覺太久沒有像軍人全裝在大中午行軍 我現在真的有點法離開太久居然開始相信 喔好吧我認了你說的是對的 但我不聽 但我不聽話 除了dirty talk All about love 不都是在追逐著快樂 哪有人進門就說有點熱我明明有開冷氣 本來是這麼想直到我第一次感受到炙熱的身體 在意識和意識間用 舌頭連結起 接下來發生的事情我想我還是放在心裡 也許過了今晚就能淡然結束我的任期 騙你的我他媽暈得要死 要我怎麼裝不在意 
在盛夏的結尾 抽著菸 在深夜 思考那字句描述的夠不夠體面 那晚我徹夜難眠 思念籠罩你的容貌覆蓋著一層懸念 想跟你成家立業 在你哭泣時伸手拭去眼淚 氣氛已然完備 你的一顰一笑都如此完美
Take it slow 讓霓虹替我們沉默 不必承諾 也別急著說出口 Take it slow Just take it slower, baby 呼吸落在同一個節奏 這一秒 有你在就足夠
在你指尖殘留的香水味 游移不定的眼神中帶著沈醉 就算是直球對決 誰也沒戳破 曖昧才顯得安全 如果害怕需要挽留 請你就別急著回頭 把心跳都留給沉默 讓眼神代替那雙手
Stay with me Oh baby stay with me
Take it slow 讓霓虹替我們沉默 不必承諾 也別急著說出口 Take it slow Just take it slower, baby 呼吸落在同一個節奏 這一秒 有你在就足夠
雙手是空的 這轉變太快還來不及習慣 回憶那一晚 你笑容和氛圍顯得多自然 你說你太危險要我注意不要太喜歡 然後默默遞過你的飲料上面用著同一隻吸管 Shit 怎麼會那麼暈 這感覺太久沒有像軍人全裝在大中午行軍 我現在真的有點法離開太久居然開始相信 喔好吧我認了你說的是對的 但我不聽
但我不聽話 除了dirty talk All about love 不都是在追逐著快樂 哪有人進門就說有點熱我明明有開冷氣 本來是這麼想直到我第一次感受到炙熱的身體 在意識和意識間用 舌頭連結起 接下來發生的事情我想我還是放在心裡 也許過了今晚就能淡然結束我的任期 騙你的我他媽暈得要死 要我怎麼裝不在意
留言（ 4 ） 最相關留言 所有留言
留言（ 4 ）",2026-09-26,,,False,False,
2026-10-01 00:04:09,realtime,hip_hop,,,16,震樂堂,比爾Rich Man_demo,14,886,2,https://streetvoice.com/jhenyuetang/songs/880582/,https://streetvoice.com/jhenyuetang/,"https://akstatic.streetvoice.com/song_covers/jh/en/jhenyuetang/mrvY8tF2wAFU56b8XR563g.jpeg?x-oss-process=image/resize,m_fill,h_400,w_400,limit_0",images/880582.jpeg,@jhenyuetang,音樂人,台中市,2020-07-01,2023-07-12 17:18,13,443,2,https://www.facebook.com/jhenyuetang,https://www.instagram.com/jhenyuetang/,https://www.youtube.com/@jhenyuetang,震樂堂釋出〈眾神出巡〉Remix版本 FUTURE AFTER A SECOND吉他手Nicky跨刀合作|||https://blow.streetvoice.com/80898/?utm_source=streetvoice&utm_medium=profile-news-block; 震樂堂攜手「九天玄女娘娘」開啟《眾神出巡》專場 高雄加開場6/8邀夕陽武士共演|||https://blow.streetvoice.com/80611/?utm_source=streetvoice&utm_medium=profile-news-block; 震樂堂前往捷克音樂祭開唱 即將釋出首支官方MV〈勅令〉|||https://blow.streetvoice.com/75165/?utm_source=streetvoice&utm_medium=profile-news-block,,Hip hop / Rap,,,,,"詞曲｜王大偉　編曲｜震樂堂 和聲｜莊芷妤 比爾Rich Man 比爾 比爾Rich Man 我行東西趁錢無人知 我行南北趁錢穩答答 因為咬錢來的是虎爺 財神保庇我上好額 我手攑清香誠心三拜 開始報住址 祈求五路財神共我保庇照顧我生意 像我這款若發大財叫做真正有天理 Be a rich man 的我跟你講千萬別鐵齒 誠心三拜有道理 財神爺公賜財氣 正手水鬼倒手 Gucci 全身軀 Armani 有借有還發財金 愛飼金雞食水米 跤踏實地趁錢無數 逐工攏好日子 比爾Rich Man 比爾 比爾Rich Man 來拜伯公仔啊 順紲食一碗泡麵 比爾Rich Man 比爾 比爾Rich Man 財神廟補財庫 天庫地庫水庫錢 比爾Rich Man 比爾 比爾Rich Man 弓蕉梨仔王梨 財神招來咱身邊 １２３ 發啦！！！ 我行東西趁錢無人知 我行南北趁錢穩答答 因為咬錢來的是虎爺 財神保庇我上好額 為著生活 奮鬥到半暝 為著生活 奮鬥到雞啼 為著三頓 為著家庭 為著理想 為著自己 天公疼惜的你 財神會賜財予你 比爾Rich Man 比爾 比爾Rich Man 來拜伯公仔啊 順紲食一碗泡麵 比爾Rich Man 比爾 比爾Rich Man 財神廟補財庫 天庫地庫水庫錢 比爾Rich Man 比爾 比爾Rich Man 弓蕉李仔王梨 財神招來咱身邊 １２３ 發啦！！！ 我行東西趁錢無人知 我行南北趁錢穩答答 因為咬錢來的是虎爺 財神保庇我上好額 
詞曲｜王大偉　編曲｜震樂堂 和聲｜莊芷妤
比爾Rich Man 比爾 比爾Rich Man 我行東西趁錢無人知 我行南北趁錢穩答答 因為咬錢來的是虎爺 財神保庇我上好額
我手攑清香誠心三拜 開始報住址 祈求五路財神共我保庇照顧我生意 像我這款若發大財叫做真正有天理 Be a rich man 的我跟你講千萬別鐵齒
誠心三拜有道理 財神爺公賜財氣 正手水鬼倒手 Gucci 全身軀 Armani 有借有還發財金 愛飼金雞食水米 跤踏實地趁錢無數 逐工攏好日子
比爾Rich Man 比爾 比爾Rich Man 來拜伯公仔啊 順紲食一碗泡麵 比爾Rich Man 比爾 比爾Rich Man 財神廟補財庫 天庫地庫水庫錢 比爾Rich Man 比爾 比爾Rich Man 弓蕉梨仔王梨 財神招來咱身邊 １２３ 發啦！！！
我行東西趁錢無人知 我行南北趁錢穩答答 因為咬錢來的是虎爺 財神保庇我上好額
為著生活 奮鬥到半暝 為著生活 奮鬥到雞啼 為著三頓 為著家庭 為著理想 為著自己 天公疼惜的你 財神會賜財予你
比爾Rich Man 比爾 比爾Rich Man 來拜伯公仔啊 順紲食一碗泡麵 比爾Rich Man 比爾 比爾Rich Man 財神廟補財庫 天庫地庫水庫錢 比爾Rich Man 比爾 比爾Rich Man 弓蕉李仔王梨 財神招來咱身邊 １２３ 發啦！！！
我行東西趁錢無人知 我行南北趁錢穩答答 因為咬錢來的是虎爺 財神保庇我上好額
留言（ 2 ） 最相關留言 所有留言
留言（ 2 ）",2026-09-22,,編輯推薦,True,False,
2026-10-01 00:04:09,realtime,hip_hop,,,17,Doz,骷髏,1,19,0,https://streetvoice.com/Dodo0810/songs/881740/,https://streetvoice.com/Dodo0810/,"https://akstatic.streetvoice.com/song_covers/Do/do/Dodo0810/6HNTi9DAeXcv9FccKgGv2X.jpg?x-oss-process=image/resize,m_fill,h_400,w_400,limit_0",images/881740.jpg,@Dodo0810,音樂人,新北市,2021-01-01,,2,4,1,,,https://www.youtube.com/user/StreetVoiceTV,瞪鞋搖滾樂團DoZzz推出首張專輯《Passage》 週六舉辦專場|||https://blow.streetvoice.com/51758/?utm_source=streetvoice&utm_medium=profile-news-block; 首創泰雅族語融合黑人靈魂樂《莎韻DOZO》製作人黃士佳淺談原住民歌曲的「再詮釋」|||https://blow.streetvoice.com/49220/?utm_source=streetvoice&utm_medium=profile-news-block; Blow吹音樂選：2025年度30張台灣原創音樂專輯|||https://blow.streetvoice.com/85800/?utm_source=streetvoice&utm_medium=profile-news-block,,Hip hop / Rap,,,,,"骷髏是一種象徵 一群人出現在黃昏 他們沒有目標的狂奔 這是一場沒有終點的長征 沒有人能倖免 末日預言正在應驗 拼了命地掙扎 只為了能多活一天 重症患者出現跑馬燈 在病床邊落淚的家人 到底為了什麼而活著 我不懂 也不想懂了 名和利 無所謂 祈求時間後退 獨自一人坐在房間看著相片後悔 夜晚 一瓶瓶的酒把我灌醉 只有 酒精才能卸下我防備 不管每天的夜有多黑 撐著不讓我自己崩潰 那個自責的心在我清醒後又會逐漸浮現 失眠的夜 嘗試跟自己和解 用鮮血 化解 藏在心中已久的心結 放下一切 看淡生死 開始習慣離別 所有事物 在那瞬間 全部都被理解 這條旅程遲早會看到盡頭 只有現在沒有那麼多以後 曾經那些過客都只是經過 這趟旅程遲早會看到盡頭 只是現在沒有那麼多以後 曾經那些過客都只是經過 
骷髏是一種象徵 一群人出現在黃昏 他們沒有目標的狂奔 這是一場沒有終點的長征 沒有人能倖免 末日預言正在應驗 拼了命地掙扎 只為了能多活一天 重症患者出現跑馬燈 在病床邊落淚的家人 到底為了什麼而活著 我不懂 也不想懂了 名和利 無所謂 祈求時間後退 獨自一人坐在房間看著相片後悔 夜晚 一瓶瓶的酒把我灌醉 只有 酒精才能卸下我防備 不管每天的夜有多黑 撐著不讓我自己崩潰 那個自責的心在我清醒後又會逐漸浮現 失眠的夜 嘗試跟自己和解 用鮮血 化解 藏在心中已久的心結 放下一切 看淡生死 開始習慣離別 所有事物 在那瞬間 全部都被理解 這條旅程遲早會看到盡頭 只有現在沒有那麼多以後 曾經那些過客都只是經過 這趟旅程遲早會看到盡頭 只是現在沒有那麼多以後 曾經那些過客都只是經過
留言（ 0 ） 最相關留言 所有留言
留言（ 0 ）",2026-09-29,,,False,False,
2026-10-01 00:04:09,realtime,hip_hop,,,18,D-R¥DE,放手（Let go）,6,193,2,https://streetvoice.com/ttt_ryder/songs/881159/,https://streetvoice.com/ttt_ryder/,"https://akstatic.streetvoice.com/song_covers/tt/t_/ttt_ryder/XGgpUKjB4JEbucFLJ7LyWH.jpg?x-oss-process=image/resize,m_fill,h_400,w_400,limit_0",images/881159.jpg,@ttt_ryder,音樂人,,,,10,4,3,,,https://www.youtube.com/user/StreetVoiceTV,,,Hip hop / Rap,,,,"詞：D-R¥DE 曲：D-R¥DE 製/混：楊錫瑾 阿爾敏·亞魯雷特：「什麼都無法捨棄的人，什麼都改變不了」 YT: https://youtu.be/uJV1MMA1hbo?si=YZ2PL2ADFjrgRHg4 
詞：D-R¥DE 曲：D-R¥DE 製/混：楊錫瑾
阿爾敏·亞魯雷特：「什麼都無法捨棄的人，什麼都改變不了」 YT: https://youtu.be/uJV1MMA1hbo?si=YZ2PL2ADFjrgRHg4
https://youtu.be/uJV1MMA1hbo?si=YZ2PL2ADFjrgRHg4","什麼都無法捨棄的人 什麼都改變不了 把一切放進了口袋 最後怎麼都甩不掉 總覺得一個人能夠擁有所有美好 直到挽留不成 才懂得放下的重要 我早就知道 我應該放手 但過去的自己糾纏著我 總覺得一個人能夠擁有所有美好 直到挽留不成 才懂得放下的重要 不斷糾結過去到底有甚麼好 在低估持續徘徊 I'm just running around 早該放下過去 投入未來的懷抱 Now I'm struggling 陷入無盡的煩惱 想要鬆開手 but I just can let go I hope you feel my pain 這不是我的錯 證明我的過去 曾經擁有過 我需要多點時間讓自己沉默 止不住地想念 在心中逐漸發了芽 放手的那天 我心中早已沒了她 空洞的雙眼 再度開出鮮豔的話花 Sometimes we should let go 尋找更適合的回答 什麼都無法捨棄的人 什麼都改變不了 把一切放進了口袋 最後怎麼都甩不掉 總覺得一個人能夠擁有所有美好 直到挽留不成 才懂得放下的重要 我早就知道 我應該放手 但過去的自己糾纏著我 總覺得一個人能夠擁有所有美好 直到挽留不成 才懂得放下的重要 我的心中終於多了空位 放下心中大石新的風味 依舊的不捨 在心底住著 依舊的無奈正在後面追 I know its hard to let go 適當的取捨不是我的錯 當我回到了現實逃出我的夢 過去的點滴 至少經歷過 telling myself is all okay 別管捨不得的心情作祟 保持著如此 all the way I know it's hard but my faith won't fade 拋去那悲傷我祈求著 面對那 新生活新的人 we must let something go 尋找個屬於自己的人生 止不住地想念 在心中逐漸發了芽 放手的那天 我心中早已沒了她 空洞的雙眼 再度開出鮮豔的話花 Sometimes we should let go 什麼都無法捨棄的人 什麼都改變不了 把一切放進了口袋 最後怎麼都甩不掉 總覺得一個人能夠擁有所有美好 直到挽留不成 才懂得放下的重要 我早就知道 我應該放手 但過去的自己糾纏著我 總覺得一個人能夠擁有所有美好 直到挽留不成 才懂得放下的重要 
什麼都無法捨棄的人 什麼都改變不了 把一切放進了口袋 最後怎麼都甩不掉 總覺得一個人能夠擁有所有美好 直到挽留不成 才懂得放下的重要 我早就知道 我應該放手 但過去的自己糾纏著我 總覺得一個人能夠擁有所有美好 直到挽留不成 才懂得放下的重要
不斷糾結過去到底有甚麼好 在低估持續徘徊 I'm just running around 早該放下過去 投入未來的懷抱 Now I'm struggling 陷入無盡的煩惱
想要鬆開手 but I just can let go I hope you feel my pain 這不是我的錯 證明我的過去 曾經擁有過 我需要多點時間讓自己沉默
止不住地想念 在心中逐漸發了芽 放手的那天 我心中早已沒了她 空洞的雙眼 再度開出鮮豔的話花 Sometimes we should let go 尋找更適合的回答
什麼都無法捨棄的人 什麼都改變不了 把一切放進了口袋 最後怎麼都甩不掉 總覺得一個人能夠擁有所有美好 直到挽留不成 才懂得放下的重要 我早就知道 我應該放手 但過去的自己糾纏著我 總覺得一個人能夠擁有所有美好 直到挽留不成 才懂得放下的重要
我的心中終於多了空位 放下心中大石新的風味 依舊的不捨 在心底住著 依舊的無奈正在後面追
I know its hard to let go 適當的取捨不是我的錯 當我回到了現實逃出我的夢 過去的點滴 至少經歷過
telling myself is all okay 別管捨不得的心情作祟 保持著如此 all the way I know it's hard but my faith won't fade
拋去那悲傷我祈求著 面對那 新生活新的人 we must let something go 尋找個屬於自己的人生
止不住地想念 在心中逐漸發了芽 放手的那天 我心中早已沒了她 空洞的雙眼 再度開出鮮豔的話花 Sometimes we should let go
什麼都無法捨棄的人 什麼都改變不了 把一切放進了口袋 最後怎麼都甩不掉 總覺得一個人能夠擁有所有美好 直到挽留不成 才懂得放下的重要 我早就知道 我應該放手 但過去的自己糾纏著我 總覺得一個人能夠擁有所有美好 直到挽留不成 才懂得放下的重要
留言（ 2 ） 最相關留言 所有留言
留言（ 2 ）",2026-09-26,,,False,False,
2026-10-01 00:04:09,realtime,hip_hop,,,19,許千九 Smoky,AVD DEMO,6,163,1,https://streetvoice.com/d8g448r7qy/songs/881140/,https://streetvoice.com/d8g448r7qy/,"https://akstatic.streetvoice.com/song_covers/d8/g4/d8g448r7qy/6bZdvnRdxkkTSyDJFKnPqH.jpeg?x-oss-process=image/resize,m_fill,h_400,w_400,limit_0",images/881140.jpeg,@d8g448r7qy,音樂人,,,,5,16,2,,,https://www.youtube.com/user/StreetVoiceTV,,,Hip hop / Rap,,,,"無任何引導 純粹想像力作品 
無任何引導 純粹想像力作品","I wanna cuddle just keep me tonight Want you to wake me up stay by my side Don’t you know luv is a lie U are a liar I lied I keep on doing this shit I keep on doing this shit I’m not feeling like I gonna lie To me I gonna lie in my passion Keep on doing this to me I’m not feeling like I’m gonna slip out of the bed Unless u teach me I keep on doing this shit I I I keep on I keep on doing this shit I’m not feeling like I Unless u miss me Unless u promise to be my boo Unless u make me lose my cool Unless u 跟我一樣想要的幸福 Unless u 偶爾會來我家住 Sorry 有時候我想不起你 也希望特別的日子被慶祝 Sorry I got my own anxiety 還是說我其實能夠被記住 Run run run run run running I keep on running from you I keep on running ‘Cause u a liar Baby I can’t get close enough Baby I can’t trust u enough Baby cut it out dats enough Baby One more kiss dats enough I keep on doing this shit I don’t even trust you I got my trust issues no So are u the one 這全都不算 這全都不算 這全都不算 Baby I can’t get close enough Baby I can’t trust u enough Baby cut it out dats enough Baby One more kiss dats enough 
I wanna cuddle just keep me tonight Want you to wake me up stay by my side Don’t you know luv is a lie U are a liar I lied I keep on doing this shit
I keep on doing this shit I’m not feeling like I gonna lie To me I gonna lie in my passion Keep on doing this to me I’m not feeling like I’m gonna slip out of the bed Unless u teach me
I keep on doing this shit I I I keep on I keep on doing this shit I’m not feeling like I Unless u miss me Unless u promise to be my boo Unless u make me lose my cool Unless u 跟我一樣想要的幸福 Unless u 偶爾會來我家住 Sorry 有時候我想不起你 也希望特別的日子被慶祝 Sorry I got my own anxiety 還是說我其實能夠被記住
Run run run run run running I keep on running from you I keep on running ‘Cause u a liar Baby I can’t get close enough Baby I can’t trust u enough Baby cut it out dats enough Baby One more kiss dats enough
I keep on doing this shit I don’t even trust you I got my trust issues no So are u the one 這全都不算 這全都不算 這全都不算
Baby I can’t get close enough Baby I can’t trust u enough Baby cut it out dats enough Baby One more kiss dats enough
留言（ 1 ） 最相關留言 所有留言
留言（ 1 ）",2026-09-25,,,False,False,
2026-10-01 00:04:09,realtime,hip_hop,,,20,YouNg ReaL_🎲,神燈沒了精靈 DEMO,3,25,0,https://streetvoice.com/Youngreal_886/songs/881696/,https://streetvoice.com/Youngreal_886/,"https://akstatic.streetvoice.com/song_covers/Yo/un/Youngreal_886/JTSZGbA5SXbCYSTsKuW6Uo.jpeg?x-oss-process=image/resize,m_fill,h_400,w_400,limit_0",images/881696.jpeg,@Youngreal_886,音樂人,,,,5,8,8,,,https://www.youtube.com/user/StreetVoiceTV,,,Hip hop / Rap,,,,"給你許三個願望 許完就好聚好散 
給你許三個願望 許完就好聚好散","feel like 沒有神燈的精靈 all right 從來沒這麼清醒 good bye 心像易碎的玻璃 也許從明天起 竟不在乎分離 也許 是我太過於平靜 結局 還是一樣的冷清 每分 每秒都特別珍惜 神燈沒了精靈 就像我沒了你 希望 時間 真的能夠倒帶 OUT SIDE 不想當故事裡的旁白 想起從前 你呼喚從遠處傳來 但幻想終究是幻想 過去 就無法重來 看 鞦韆 擺盪 你溫柔的側臉 連 棉的 海浪 夕陽太過耀眼 無 人的 暗巷  剩月光的皎潔 唯一值得悼念 是你不在身邊 
feel like 沒有神燈的精靈 all right 從來沒這麼清醒 good bye 心像易碎的玻璃 也許從明天起 竟不在乎分離
也許 是我太過於平靜 結局 還是一樣的冷清 每分 每秒都特別珍惜 神燈沒了精靈 就像我沒了你
希望 時間 真的能夠倒帶 OUT SIDE 不想當故事裡的旁白 想起從前 你呼喚從遠處傳來 但幻想終究是幻想 過去 就無法重來
看 鞦韆 擺盪 你溫柔的側臉 連 棉的 海浪 夕陽太過耀眼 無 人的 暗巷  剩月光的皎潔 唯一值得悼念 是你不在身邊
留言（ 0 ） 最相關留言 所有留言
留言（ 0 ）",2026-09-28,,,False,False,
2026-10-01 00:04:09,realtime,hip_hop,,,21,暫時叫。陳天順,陳天順-【一覺醒不來】audio,1,1,0,https://streetvoice.com/OGchen/songs/881925/,https://streetvoice.com/OGchen/,"https://akstatic.streetvoice.com/song_covers/OG/ch/OGchen/SiRxurmFAJfqSRXfF2HwXP.jpg?x-oss-process=image/resize,m_fill,h_400,w_400,limit_0",images/881925.jpg,@OGchen,音樂人,台中市,2019-05-01,,2,1,1,,,https://www.youtube.com/user/StreetVoiceTV,,,Hip hop / Rap,,,,,"有時候想 一覺醒不來 偷偷關注 著妳的動態 悄悄的坐在椅子上 就這樣對著那節拍 拿走妳的所有  就當我是小偷 我偷走了妳的煩惱 奔向屬於妳的懷抱 偷不走妳那帶刺的心窩 在我的身邊可以任妳肆意的放肆 我就是愛耍著那冷酷孤僻和偏執 你說我說他說 愛你需要什麼理由 只有妳讓我著了魔 我不在。還有什麼能讓妳期待 就算分開。就像一場夢逃不出來 Hey girl you are my only （Hey girl you are my only) Girl 妳讓我太著迷 （girl你讓我） 有時候想 一覺醒不來 偷偷關注 著妳的動態 悄悄的坐在椅子上 就這樣對著那節拍 拿走妳的所有  就當我是小偷 為妳寫了 一首又一首 想講的 都在歌裡頭 ～～～這就是一覺醒不來的我 ～～～這又不是我所想要的結果 ～～～還有很多話沒有對妳說 ～～～到底要怎樣才能解脫 她的夢太甜 所以醒不來 但睡姿太豪邁 昨晚我們有點喝開 所以有些小失態 看我們。經歷的Hard time 到了現在。妳也都還在 只有妳配ya。配當我的bae 還記得上次失控。妳卻沒有放手 有了妳我就夠。妳就是我的所有 Ya Im losing control 對妳浪漫。溫柔 就算沒走到。以後 但這也不算。錯過 Ya 拿走妳的所有ya 就當做我是小偷ya 有時候想 一覺醒不來 偷偷關注 著妳的動態 悄悄的坐在椅子上 就這樣對著那節拍 拿走妳的所有  就當我是小偷 為妳寫了 一首又一首 想講的 都在歌裡頭 ～～～這就是一覺醒不來的我 ～～～這又不是我所想要的結果 ～～～還有很多話沒有對妳說 ～～～到底要怎樣才能解脫 
有時候想 一覺醒不來 偷偷關注 著妳的動態 悄悄的坐在椅子上 就這樣對著那節拍 拿走妳的所有  就當我是小偷 我偷走了妳的煩惱 奔向屬於妳的懷抱 偷不走妳那帶刺的心窩
在我的身邊可以任妳肆意的放肆 我就是愛耍著那冷酷孤僻和偏執
你說我說他說 愛你需要什麼理由 只有妳讓我著了魔
我不在。還有什麼能讓妳期待 就算分開。就像一場夢逃不出來 Hey girl you are my only （Hey girl you are my only) Girl 妳讓我太著迷 （girl你讓我）
有時候想 一覺醒不來 偷偷關注 著妳的動態 悄悄的坐在椅子上 就這樣對著那節拍 拿走妳的所有  就當我是小偷 為妳寫了 一首又一首 想講的 都在歌裡頭
～～～這就是一覺醒不來的我 ～～～這又不是我所想要的結果 ～～～還有很多話沒有對妳說 ～～～到底要怎樣才能解脫
她的夢太甜 所以醒不來 但睡姿太豪邁 昨晚我們有點喝開 所以有些小失態 看我們。經歷的Hard time 到了現在。妳也都還在 只有妳配ya。配當我的bae 還記得上次失控。妳卻沒有放手 有了妳我就夠。妳就是我的所有 Ya Im losing control 對妳浪漫。溫柔 就算沒走到。以後 但這也不算。錯過
Ya 拿走妳的所有ya 就當做我是小偷ya
有時候想 一覺醒不來 偷偷關注 著妳的動態 悄悄的坐在椅子上 就這樣對著那節拍 拿走妳的所有  就當我是小偷 為妳寫了 一首又一首 想講的 都在歌裡頭
～～～這就是一覺醒不來的我 ～～～這又不是我所想要的結果 ～～～還有很多話沒有對妳說 ～～～到底要怎樣才能解脫
留言（ 0 ） 最相關留言 所有留言
留言（ 0 ）",2026-09-30,,,False,False,
2026-10-01 00:04:09,realtime,hip_hop,,,22,沖吧睿哥,我是齊天大聖,0,24,1,https://streetvoice.com/rapbrui/songs/881564/,https://streetvoice.com/rapbrui/,"https://akstatic.streetvoice.com/profile_images/ra/pb/rapbrui/D4nJ5qdPLWL82i3WpPoXp2.jpg?x-oss-process=image/resize,m_fill,h_400,w_400,limit_0",images/881564.jpg,@rapbrui,音樂人,,,,2,,,,,https://www.youtube.com/user/StreetVoiceTV,,,Hip hop / Rap,,,,"孫悟空我就是我，不被框架定義。這首《齊天大聖》代表著突破逆境、堅持到底的嘻哈態度，戴上耳機，感受這個 Flow 的爆發力！ 
孫悟空我就是我，不被框架定義。這首《齊天大聖》代表著突破逆境、堅持到底的嘻哈態度，戴上耳機，感受這個 Flow 的爆發力！","天耐我何管他什麼因果 管她什麼天命我踏下明歸 嘿踏下壓過溫層眼裡只有這一棒  黑擋我先讓開啟 眼裏不管神明任命只有這條命  黑風起翻過山海 金光落找回來 我聽見神明在鬥 聽見眾神發呆 天奈我何 天奈我何 我偏要鬧到最後 天奈我何 天奈我何 一路衝破這天空 齊天大聖 齊天大聖  孫悟空就是我呦 這樣做什麼人才能做更棒的人 還是怎麼樣才能衝破雲霄殿 還是讓我心裡還是那些的衝擊 一路殺盡到了隔天一路殺盡到了雲端 我想劈開這什麼樣的的天地 黑風起翻過山海金光落找我回來 我聽見神明在鬥聽見眾神發呆 天耐我何 天耐我何 我偏要鬧到最後 天耐我何 天耐我何一路衝破這天空 齊天大聖 齊天大聖 孫悟空我就是我呦 我任性我想踏碎這命一路衝破天空 我想大鬧的就是 天空的的事讓我的心裡面 我的名號一出口連風都跟著瘋 天耐我何 天耐我何 我偏要鬧到最後 天奈我何 天奈我我何 一路衝破這天空 齊天大聖 齊天大聖 孫悟空我就是我 天耐我何 
天耐我何管他什麼因果 管她什麼天命我踏下明歸 嘿踏下壓過溫層眼裡只有這一棒  黑擋我先讓開啟 眼裏不管神明任命只有這條命  黑風起翻過山海 金光落找回來 我聽見神明在鬥 聽見眾神發呆 天奈我何 天奈我何 我偏要鬧到最後 天奈我何 天奈我何 一路衝破這天空 齊天大聖 齊天大聖  孫悟空就是我呦 這樣做什麼人才能做更棒的人 還是怎麼樣才能衝破雲霄殿 還是讓我心裡還是那些的衝擊 一路殺盡到了隔天一路殺盡到了雲端 我想劈開這什麼樣的的天地 黑風起翻過山海金光落找我回來 我聽見神明在鬥聽見眾神發呆 天耐我何 天耐我何 我偏要鬧到最後 天耐我何 天耐我何一路衝破這天空 齊天大聖 齊天大聖 孫悟空我就是我呦 我任性我想踏碎這命一路衝破天空 我想大鬧的就是 天空的的事讓我的心裡面 我的名號一出口連風都跟著瘋 天耐我何 天耐我何 我偏要鬧到最後 天奈我何 天奈我我何 一路衝破這天空 齊天大聖 齊天大聖 孫悟空我就是我
天耐我何
留言（ 1 ） 最相關留言 所有留言
留言（ 1 ）",2026-09-28,,,False,False,
2026-10-01 00:04:09,realtime,hip_hop,,,23,drordie,榮光故里歸 demo,1,14,0,https://streetvoice.com/dreamordie/songs/881800/,https://streetvoice.com/dreamordie/,"https://akstatic.streetvoice.com/song_covers/dr/ea/dreamordie/8gH74KcaMz9zF2BTkMYWuj.jpeg?x-oss-process=image/resize,m_fill,h_400,w_400,limit_0",images/881800.jpeg,@dreamordie,音樂人,,,2025-05-21 16:29,7,73,9,,https://www.instagram.com/drordie.dir/,https://www.youtube.com/@drordie,,,Hip hop / Rap,,,,"有一天我會榮光故里歸的 對吧？ 
有一天我會榮光故里歸的 對吧？","其實一切沒有變 最愛的 還是那一件 故事曲折離奇 新鮮感也不再新鮮 但我不會重新選 時間幫我慢一點 wait wait put my city on the map 有一天我也會榮光故里歸 何時 何時 怎麼每個選擇背後都變得奢侈 會不會是這次 就能帶著自信回家當個好兒子 只是人無再少年 我們當然也不會再比今天更年輕 追逐太陽的耀眼 沒想過每個角色的責任這也是原因 okay i get it 1 2 3 腳步踩穩 那些問題麻煩get away 我走出我的 方圓裡面 我們都在慌亂的middle twenty 別著急 too young to be perfect Okay 沒問題 不再需要天氣預報 今天天氣晴 Still doing my thing 剛走出烏雲密佈 正趕往晴空萬里 朋友我得更加專心 
其實一切沒有變 最愛的 還是那一件 故事曲折離奇 新鮮感也不再新鮮 但我不會重新選 時間幫我慢一點 wait wait put my city on the map 有一天我也會榮光故里歸
何時 何時 怎麼每個選擇背後都變得奢侈 會不會是這次 就能帶著自信回家當個好兒子 只是人無再少年 我們當然也不會再比今天更年輕 追逐太陽的耀眼 沒想過每個角色的責任這也是原因 okay i get it 1 2 3 腳步踩穩 那些問題麻煩get away 我走出我的 方圓裡面 我們都在慌亂的middle twenty 別著急 too young to be perfect
Okay 沒問題 不再需要天氣預報 今天天氣晴 Still doing my thing 剛走出烏雲密佈 正趕往晴空萬里 朋友我得更加專心
留言（ 0 ） 最相關留言 所有留言
留言（ 0 ）",2026-09-29,,,False,False,
2026-10-01 00:04:09,realtime,hip_hop,,,24,韓森博懿,躁,3,175,0,https://streetvoice.com/Young_Yee/songs/880362/,https://streetvoice.com/Young_Yee/,"https://akstatic.streetvoice.com/song_covers/Yo/un/Young_Yee/kQH8dpD7uczuXSptm34AM3.jpeg?x-oss-process=image/resize,m_fill,h_400,w_400,limit_0",images/880362.jpeg,@Young_Yee,音樂人,,,,7,9,15,,,https://www.youtube.com/user/StreetVoiceTV,,,Hip hop / Rap,躁。焦。情。鬱。,https://streetvoice.com/Young_Yee/songs/album/97326104/,,,"Hook： 每當我開口 要場子一定得熱 掌握著節奏 不一定會懂我 一切不是夢 是種美妙的獨特 我絕不會撤 充滿著動力 擁有著底氣 不可能碰壁 要就當最屌的TOP 拿到VIP 怎麼會輕易說放棄 Ver： 不停的衝衝衝衝衝 我像是空中風又瘋 腦中的想法不停的蹦蹦蹦 朋友都叫我放鬆 精神來了像個超級英雄 我狀態像是巔峰 滿電的我繼續的冰蹦冰蹦 再怎樣我也不痛 Hook： 每當我開口 要場子一定得熱 掌握著節奏 不一定會懂我 一切不是夢 是種美妙的獨特 我絕不會撤 充滿著動力 擁有著底氣 不可能碰壁 要就當最屌的TOP 拿到VIP 怎麼會輕易說放棄 Ver： 什麼狀況 喝了再上 催尬緊蹦再尢到我撞 大家都說 說你好棒 尢到我身體都整個發燙 好啦就這樣都別再胡鬧了 時間到點了都該去睡覺了 說也奇怪的又真的奇妙了 睡覺什麼的不是我需要的 （躁掉） Hook： 每當我開口 要場子一定得熱 掌握著節奏 不一定會懂我 一切不是夢 是種美妙的獨特 我絕不會撤 充滿著動力 擁有著底氣 不可能碰壁 要就當最屌的TOP 拿到VIP 怎麼會輕易說放棄 
Hook： 每當我開口 要場子一定得熱 掌握著節奏 不一定會懂我 一切不是夢 是種美妙的獨特 我絕不會撤
充滿著動力 擁有著底氣 不可能碰壁 要就當最屌的TOP 拿到VIP 怎麼會輕易說放棄
Ver： 不停的衝衝衝衝衝 我像是空中風又瘋 腦中的想法不停的蹦蹦蹦 朋友都叫我放鬆 精神來了像個超級英雄 我狀態像是巔峰 滿電的我繼續的冰蹦冰蹦 再怎樣我也不痛
Hook： 每當我開口 要場子一定得熱 掌握著節奏 不一定會懂我 一切不是夢 是種美妙的獨特 我絕不會撤
充滿著動力 擁有著底氣 不可能碰壁 要就當最屌的TOP 拿到VIP 怎麼會輕易說放棄
Ver： 什麼狀況 喝了再上 催尬緊蹦再尢到我撞 大家都說 說你好棒 尢到我身體都整個發燙 好啦就這樣都別再胡鬧了 時間到點了都該去睡覺了 說也奇怪的又真的奇妙了 睡覺什麼的不是我需要的
（躁掉）
Hook： 每當我開口 要場子一定得熱 掌握著節奏 不一定會懂我 一切不是夢 是種美妙的獨特 我絕不會撤
充滿著動力 擁有著底氣 不可能碰壁 要就當最屌的TOP 拿到VIP 怎麼會輕易說放棄
留言（ 0 ） 最相關留言 所有留言
留言（ 0 ）",2026-09-20,,編輯推薦,True,False,
2026-10-01 00:04:09,realtime,hip_hop,,,25,沙羅曼蛇SALAMANDER,七七七,1,5,0,https://streetvoice.com/yen1982/songs/881771/,https://streetvoice.com/yen1982/,"https://akstatic.streetvoice.com/song_covers/ye/n1/yen1982/JEvgJ8ZgCnEwWWF6ykMEF2.jpeg?x-oss-process=image/resize,m_fill,h_400,w_400,limit_0",images/881771.jpeg,@yen1982,音樂人,新北市,2007-03-01,2021-10-19 15:06,144,883,52,https://www.facebook.com/salamander.yz.com.tw,,https://www.youtube.com/watch,113年流行音樂製作發行補助案「創作樂團類」獲補助名單|||https://blow.streetvoice.com/74858/?utm_source=streetvoice&utm_medium=profile-news-block; 地方的樂團我敢嘴！麥卡貝聯手 PIPE 音樂奇葩直播節目|||https://blow.streetvoice.com/37030/?utm_source=streetvoice&utm_medium=profile-news-block; 都市視覺狂想製造機再度引爆！感官超刺激 ─ 短訪 Cave Records|||https://blow.streetvoice.com/23339/?utm_source=streetvoice&utm_medium=profile-news-block,,Hip hop / Rap,Silent Disco,https://streetvoice.com/yen1982/songs/album/97297918/,,"Producer : Salamander Composition : Salamander Mastering Egineer : NLC Studio Lyrics : Salamander(nine-lives-cat) 
Producer : Salamander Composition : Salamander Mastering Egineer : NLC Studio Lyrics : Salamander(nine-lives-cat)","Hum 沙漏 把它顛倒放置 get low , on da flow 把燈關掉 What I mean 追趕跑跳碰 舞場的痕跡 吃餃子老虎出了一排777 Hum 沙漏 把它顛倒放置 get low , on da flow 把燈關掉 What I mean 追趕跑跳碰 舞場的痕跡 吃餃子老虎出了一排777 聽 魔鏡啊魔鏡 I’ve Broke da f@#king mirror Now it’s my turn to made it solo 叢林音樂 釣準你的胃口 Da beat is running in the double fast 抓準時機就要開幹 游擊隊的步伐加快 Faster & stronger 實在沒空管理 那些槍林彈雨的字句 Off course or not Uplifting from my way 有冒險的精神，脫離謀略的心神 What I’m saying is none of the truth I’m kind of wrong 但絕對不會是往下墜 The King of The Freedom I knew someday Somehow I’m going to like evil-nine For the nu-breaks 駕馭你的碎拍 Slipknot to talking to the heads Hum 沙漏 把它顛倒放置 get low , on da flow 把燈關掉 What I mean 追趕跑跳碰 舞場的痕跡 吃餃子老虎出了一排777 Hum 沙漏 把它顛倒放置 get low , on da flow 把燈關掉 What I mean 追趕跑跳碰 舞場的痕跡 吃餃子老虎出了一排777 Hujaboy Kick my bass around 如果PSY的如此精準精確 Nine lives from the areo 啊唷喂呀 期盼那 The smith How soon is Now? Daft punk On their turn-table Sonic Youth Can’t catching me Under the dove Let’s rave 身軀、奔馳 你我日復一日 Under-pressure It’s Black and white 你知道的 Who’s killer on the mic What else is there  (What else is there?) Watcha bout da MTV Hum 沙漏 把它顛倒放置 get low , on da flow 把燈關掉 What I mean 追趕跑跳碰 舞場的痕跡 吃餃子老虎出了一排777 Hum 沙漏 把它顛倒放置 get low , on da flow 把燈關掉 What I mean 追趕跑跳碰 舞場的痕跡 吃餃子老虎出了一排777 
Hum 沙漏 把它顛倒放置 get low , on da flow 把燈關掉 What I mean 追趕跑跳碰 舞場的痕跡 吃餃子老虎出了一排777 Hum 沙漏 把它顛倒放置 get low , on da flow 把燈關掉 What I mean 追趕跑跳碰 舞場的痕跡 吃餃子老虎出了一排777 聽 魔鏡啊魔鏡 I’ve Broke da f@#king mirror Now it’s my turn to made it solo 叢林音樂 釣準你的胃口 Da beat is running in the double fast 抓準時機就要開幹 游擊隊的步伐加快 Faster & stronger 實在沒空管理 那些槍林彈雨的字句 Off course or not Uplifting from my way 有冒險的精神，脫離謀略的心神 What I’m saying is none of the truth I’m kind of wrong 但絕對不會是往下墜 The King of The Freedom I knew someday Somehow I’m going to like evil-nine For the nu-breaks 駕馭你的碎拍 Slipknot to talking to the heads Hum 沙漏 把它顛倒放置 get low , on da flow 把燈關掉 What I mean 追趕跑跳碰 舞場的痕跡 吃餃子老虎出了一排777 Hum 沙漏 把它顛倒放置 get low , on da flow 把燈關掉 What I mean 追趕跑跳碰 舞場的痕跡 吃餃子老虎出了一排777 Hujaboy Kick my bass around 如果PSY的如此精準精確 Nine lives from the areo 啊唷喂呀 期盼那 The smith How soon is Now? Daft punk On their turn-table Sonic Youth Can’t catching me Under the dove Let’s rave 身軀、奔馳 你我日復一日 Under-pressure It’s Black and white 你知道的 Who’s killer on the mic What else is there  (What else is there?) Watcha bout da MTV Hum 沙漏 把它顛倒放置 get low , on da flow 把燈關掉 What I mean 追趕跑跳碰 舞場的痕跡 吃餃子老虎出了一排777 Hum 沙漏 把它顛倒放置 get low , on da flow 把燈關掉 What I mean 追趕跑跳碰 舞場的痕跡 吃餃子老虎出了一排777
留言（ 0 ） 最相關留言 所有留言
留言（ 0 ）",2026-09-29,,,False,False,
2026-10-01 00:04:09,realtime,hip_hop,,,26,阿洛,鴨肉 (吉仔ㄟ歌),1,8,0,https://streetvoice.com/Frankly_/songs/881743/,https://streetvoice.com/Frankly_/,"https://akstatic.streetvoice.com/song_covers/Fr/an/Frankly_/Vg5ipDMFZuxBUpSQpknVdb.jpg?x-oss-process=image/resize,m_fill,h_400,w_400,limit_0",images/881743.jpg,@Frankly_,音樂人,台南市,2022-11-01,,2,1,1,,,https://www.youtube.com/user/StreetVoiceTV,阿洛與南島女音樂人跨國合作新專輯《女人島》 舒米恩獻聲展現阿美族複音搭唱|||https://blow.streetvoice.com/72209/?utm_source=streetvoice&utm_medium=profile-news-block; 【金曲37】2026年第37屆金曲獎得獎名單|||https://blow.streetvoice.com/88509/?utm_source=streetvoice&utm_medium=profile-news-block; 【金曲37】第37屆金曲獎入圍名單公布 陳嫺靜、Gummy B入圍最佳歌手獎|||https://blow.streetvoice.com/87754/?utm_source=streetvoice&utm_medium=profile-news-block,,Hip hop / Rap,,,,"所有給我老爸的歌 
所有給我老爸的歌","手提電火布，日頭熱甲欲窒箍 四界走傱 ，但是厝內猶有我愛顧 伊是正港的，水電師傅 厝邊攏知影 炒飯兩碗，一對普通的父子仔 這馬放假閒閒，阿翰緊上車 廟口咧熱鬧，手機仔莫閣看 涼的啉完，做伙來去買鹹酥雞 叫五百箍嘛開落去，伊是大頭家 騎歐兜邁食檳榔，反手猶有一支菸 Dio改甲乒乓叫，這叫態度有賰 鴨肉鴨肉，無穿衫企在廟口 暗啊暗啊，相揣欲來去賭博 鴨肉鴨肉，賭輸伊都無藉口 翰啊翰啊，莫閣規天咧睏覺 鴨肉鴨肉，無穿衫企在廟口 暗啊暗啊，相揣欲來去賭博 鴨肉鴨肉，賭輸伊都無藉口 翰啊翰啊，莫閣規天咧睡覺 
手提電火布，日頭熱甲欲窒箍
四界走傱 ，但是厝內猶有我愛顧
伊是正港的，水電師傅
厝邊攏知影
炒飯兩碗，一對普通的父子仔
這馬放假閒閒，阿翰緊上車
廟口咧熱鬧，手機仔莫閣看
涼的啉完，做伙來去買鹹酥雞
叫五百箍嘛開落去，伊是大頭家
騎歐兜邁食檳榔，反手猶有一支菸
Dio改甲乒乓叫，這叫態度有賰
鴨肉鴨肉，無穿衫企在廟口
暗啊暗啊，相揣欲來去賭博
鴨肉鴨肉，賭輸伊都無藉口
翰啊翰啊，莫閣規天咧睏覺
鴨肉鴨肉，無穿衫企在廟口
暗啊暗啊，相揣欲來去賭博
鴨肉鴨肉，賭輸伊都無藉口
翰啊翰啊，莫閣規天咧睡覺
留言（ 0 ） 最相關留言 所有留言
留言（ 0 ）",2026-09-29,,,False,False,
2026-10-01 00:04:09,realtime,hip_hop,,,27,okatang,日落,0,3,0,https://streetvoice.com/okatang/songs/881790/,https://streetvoice.com/okatang/,"https://akstatic.streetvoice.com/music_albums/ok/at/okatang/BEZwvdbKeXWHeaeif7D7cJ.jpg?x-oss-process=image/resize,m_fill,h_400,w_400,limit_0",images/881790.jpg,@okatang,音樂人,桃園市,2024-08-01,,9,5,32,,,https://www.youtube.com/user/StreetVoiceTV,,,Hip hop / Rap,時間,https://streetvoice.com/okatang/songs/album/97326168/,,,"這是沒有提供歌詞的歌曲
留言（ 0 ） 最相關留言 所有留言
留言（ 0 ）",2026-09-30,,,False,False,
2026-10-01 00:04:09,realtime,hip_hop,,,28,okatang,白日,0,3,0,https://streetvoice.com/okatang/songs/881789/,https://streetvoice.com/okatang/,"https://akstatic.streetvoice.com/music_albums/ok/at/okatang/BEZwvdbKeXWHeaeif7D7cJ.jpg?x-oss-process=image/resize,m_fill,h_400,w_400,limit_0",images/881789.jpg,@okatang,音樂人,桃園市,2024-08-01,,9,5,32,,,https://www.youtube.com/user/StreetVoiceTV,,,Hip hop / Rap,時間,https://streetvoice.com/okatang/songs/album/97326168/,,,"這是沒有提供歌詞的歌曲
留言（ 0 ） 最相關留言 所有留言
留言（ 0 ）",2026-09-30,,,False,False,
2026-10-01 00:04:09,realtime,hip_hop,,,29,Hong,告白要趁聖誕節前,1,10,0,https://streetvoice.com/J_Hong/songs/881224/,https://streetvoice.com/J_Hong/,"https://akstatic.streetvoice.com/song_covers/J_/Ho/J_Hong/BcgabRqWGgUzkrxaxam8Pu.jpg?x-oss-process=image/resize,m_fill,h_400,w_400,limit_0",images/881224.jpg,@J_Hong,音樂人,,,,4,2,,,,https://www.youtube.com/user/StreetVoiceTV,2019大團誕生開發場七 飛鴻FayeHong、FORMOZA、MAFANA不畏風雨|||https://blow.streetvoice.com/46474/?utm_source=streetvoice&utm_medium=profile-news-block; Sónar Hong Kong 首次登港 電音創意科技共冶一爐音樂節|||https://blow.streetvoice.com/32010/?utm_source=streetvoice&utm_medium=profile-news-block; 「大寒之後」Cicada live in Hong Kong 2016|||https://blow.streetvoice.com/16045/?utm_source=streetvoice&utm_medium=profile-news-block,,Hip hop / Rap,,,,"YT: https://www.youtube.com/@jiehong-s21 IG: jie_.hong (Demo version) ——————————————————————————— Lyrics -鄭傑鴻Hong Composing -(prod.waizener x luvv.kyoshi) Mixing & Mastering -鄭傑鴻Hong 
YT: https://www.youtube.com/@jiehong-s21 IG: jie_.hong
https://www.youtube.com/@jiehong-s21
(Demo version) ———————————————————————————
Lyrics -鄭傑鴻Hong Composing -(prod.waizener x luvv.kyoshi) Mixing & Mastering -鄭傑鴻Hong","動態歌詞
Hong slow down shawty 別讓時間過得太快 用你的聲音編成戀愛番的旁白 打亂思緒是什麼原因 要等到最後才肯做決定 其實我也沒有你想像中的那麼壞 難道你還沒發現我的配偶欄為你留了白 等到季節再替換 提起我們 也只是順帶 goddamn坦白講明天又不想去上學 可能我是真的很想你吧 我做什麼事都沒有感覺 想讓我走心嗎 你的揣測我真的沒有概念 怎麼能叫我Cupid讓他們都沒有遊戲體驗 我的直接 你的委婉 為了你我選擇放棄一切 你的細節 讓我心軟 在夢裡我們是天生一對 它散落在床邊 我看見了故事裡的起點 從前是有一個冬天 而我和你偶然碰面 神經緊繃 觀察行蹤 fucked up在想你的每一天 聽過很多 他們都說 告白要在聖誕節以前 不敢說的話 安慰自己反正還有再下一年 怕你沒有聽清楚所以接下來的話我不會省略 「天使的武器不是魔法」 下次先告訴我標準答案 再讓我回答 待收件的情書是回憶 我知道我們都不太會表達 所以 slow down shawty 別讓時間過得太快 用你的聲音編成戀愛番的旁白 打亂思緒是什麼原因 要等到最後才肯做決定 其實我也沒有你想像中的那麼壞 難道你還沒發現我的配偶欄為你留了白 等到季節再替換 提起我們 也只是順帶 我牽著你要怎麼逛街 和你去找浪漫 很沒有耐心的我在慢慢地瓦解 就瞬間 drop的痛 牽引我走 什麼微不足道 我只是還沒發現它很痛 
Hong slow down shawty 別讓時間過得太快 用你的聲音編成戀愛番的旁白 打亂思緒是什麼原因 要等到最後才肯做決定 其實我也沒有你想像中的那麼壞 難道你還沒發現我的配偶欄為你留了白 等到季節再替換 提起我們 也只是順帶 goddamn坦白講明天又不想去上學 可能我是真的很想你吧 我做什麼事都沒有感覺 想讓我走心嗎 你的揣測我真的沒有概念 怎麼能叫我Cupid讓他們都沒有遊戲體驗 我的直接 你的委婉 為了你我選擇放棄一切 你的細節 讓我心軟 在夢裡我們是天生一對 它散落在床邊 我看見了故事裡的起點 從前是有一個冬天 而我和你偶然碰面 神經緊繃 觀察行蹤 fucked up在想你的每一天 聽過很多 他們都說 告白要在聖誕節以前 不敢說的話 安慰自己反正還有再下一年 怕你沒有聽清楚所以接下來的話我不會省略 「天使的武器不是魔法」 下次先告訴我標準答案 再讓我回答 待收件的情書是回憶 我知道我們都不太會表達 所以 slow down shawty 別讓時間過得太快 用你的聲音編成戀愛番的旁白 打亂思緒是什麼原因 要等到最後才肯做決定 其實我也沒有你想像中的那麼壞 難道你還沒發現我的配偶欄為你留了白 等到季節再替換 提起我們 也只是順帶 我牽著你要怎麼逛街 和你去找浪漫 很沒有耐心的我在慢慢地瓦解 就瞬間 drop的痛 牽引我走 什麼微不足道 我只是還沒發現它很痛
留言（ 0 ） 最相關留言 所有留言
留言（ 0 ）",2026-09-28,,,False,False,
2026-10-01 00:04:09,realtime,hip_hop,,,30,Aroziel,慢一步 ft.AC,0,2,0,https://streetvoice.com/Aroziel_AC/songs/881892/,https://streetvoice.com/Aroziel_AC/,"https://akstatic.streetvoice.com/song_covers/Ar/oz/Aroziel_AC/EZwsjhX5bZTB4WQfvPmBYW.jpeg?x-oss-process=image/resize,m_fill,h_400,w_400,limit_0",images/881892.jpeg,@Aroziel_AC,音樂人,台北市,2023-01-01,,21,8,5,,,https://www.youtube.com/user/StreetVoiceTV,,,Hip hop / Rap,解相思,https://streetvoice.com/Aroziel_AC/songs/album/97325952/,,,"一人想找穩定的避風港 一人在造航向自由的船 慢一步 就走散 望同片海卻不同岸 就在夏季煙花綻放以後 愛沒了理由 已經在遙遠的山另一頭 穆然回首 無法挽救 只是輸給不同的節奏 憑什麼缺點一直拿出來再提 嘴上掛著虛情假意的愛你 在意 究竟是時間差導致的敗局 還是對方世界時間過的太急 或許有些故事注定不長久 再怎麼用力還是留不住溫柔 各自遠走 不是晚到的人只是時鐘走得慢 終於混出點名堂但也少了另一半 重生的少年還會再次堅持偏執呢 雙眼無光的看著散落一地的千紙鶴 沒有錯對 只是方向不同 沒有作對 是價值觀的不同 樹根眷戀泥土飛鳥卻偏愛天空 同樣期待以後卻描繪不同內容 那不是回憶破碎 恰逢現實不從 古今往日這難題至今層出不窮 只好擦拭落淚 也擦拭心中霧濛 拾起泛黃紙片拼湊曾經許下心願 字跡早被雨水暈開模糊了誓言 原來成長總得親手埋葬某些從前 帶著缺口繼續奔向下個十年 或許有些故事注定不長久 再怎麼用力還是留不住溫柔 各自遠走 
一人想找穩定的避風港 一人在造航向自由的船 慢一步 就走散 望同片海卻不同岸
就在夏季煙花綻放以後 愛沒了理由 已經在遙遠的山另一頭 穆然回首 無法挽救 只是輸給不同的節奏
憑什麼缺點一直拿出來再提 嘴上掛著虛情假意的愛你 在意 究竟是時間差導致的敗局 還是對方世界時間過的太急
或許有些故事注定不長久 再怎麼用力還是留不住溫柔 各自遠走
不是晚到的人只是時鐘走得慢 終於混出點名堂但也少了另一半 重生的少年還會再次堅持偏執呢 雙眼無光的看著散落一地的千紙鶴
沒有錯對 只是方向不同 沒有作對 是價值觀的不同 樹根眷戀泥土飛鳥卻偏愛天空 同樣期待以後卻描繪不同內容 那不是回憶破碎 恰逢現實不從 古今往日這難題至今層出不窮 只好擦拭落淚 也擦拭心中霧濛
拾起泛黃紙片拼湊曾經許下心願 字跡早被雨水暈開模糊了誓言 原來成長總得親手埋葬某些從前 帶著缺口繼續奔向下個十年
或許有些故事注定不長久 再怎麼用力還是留不住溫柔 各自遠走
留言（ 0 ） 最相關留言 所有留言
留言（ 0 ）",2026-09-30,,,False,False,
2026-10-01 00:04:09,realtime,hip_hop,,,31,Aroziel,好奇心低落,0,2,0,https://streetvoice.com/Aroziel_AC/songs/881890/,https://streetvoice.com/Aroziel_AC/,"https://akstatic.streetvoice.com/song_covers/Ar/oz/Aroziel_AC/EZwsjhX5bZTB4WQfvPmBYW.jpeg?x-oss-process=image/resize,m_fill,h_400,w_400,limit_0",images/881890.jpeg,@Aroziel_AC,音樂人,台北市,2023-01-01,,21,8,5,,,https://www.youtube.com/user/StreetVoiceTV,,,Hip hop / Rap,解相思,https://streetvoice.com/Aroziel_AC/songs/album/97325952/,,,"當妳 不對我好奇 腦海萌生懷疑 有些事總猜不透 這幾天太在意 感情出的難題 起床就不再熱絡 好奇心低落 新鮮感熄火 期待妳能接住我 徹夜聽妳細說 還以為會有以後 那晚妳還牽著我的手 澆熄 好消息 焦慮 被拋棄 回到開頭 失之交臂 的遭遇 看似鬧戲 到底出了什麼錯 以為兩情相悅才卸下防備 全部都是我以為 如此狼狽 未經時間驗證 原來免費最昂貴 照鏡子才發現眼角藏著淚 該不會是上次犯錯 的報應 不長的好景  被迫遠觀望著那顆星 看破 期望散落 短暫段落 自作多情 多情 的眼睛 藏了期待又害怕受傷 盛開的玫瑰花嚮往太陽 在家裡卻望著窗外 澆熄 好消息 焦慮 被拋棄 所以回到開頭 失之交臂 的遭遇 對角戲的調戲 到底出了什麼錯 以為兩情相悅才卸下防備 全部都是我以為 如此狼狽 未經時間驗證 原來免費最昂貴 照鏡子才發現眼角藏著淚 
當妳 不對我好奇 腦海萌生懷疑 有些事總猜不透 這幾天太在意 感情出的難題 起床就不再熱絡
好奇心低落 新鮮感熄火 期待妳能接住我 徹夜聽妳細說 還以為會有以後 那晚妳還牽著我的手
澆熄 好消息 焦慮 被拋棄 回到開頭 失之交臂 的遭遇 看似鬧戲 到底出了什麼錯
以為兩情相悅才卸下防備 全部都是我以為 如此狼狽 未經時間驗證 原來免費最昂貴 照鏡子才發現眼角藏著淚
該不會是上次犯錯 的報應 不長的好景  被迫遠觀望著那顆星 看破 期望散落 短暫段落 自作多情
多情 的眼睛 藏了期待又害怕受傷 盛開的玫瑰花嚮往太陽 在家裡卻望著窗外
澆熄 好消息 焦慮 被拋棄 所以回到開頭 失之交臂 的遭遇 對角戲的調戲 到底出了什麼錯
以為兩情相悅才卸下防備 全部都是我以為 如此狼狽 未經時間驗證 原來免費最昂貴 照鏡子才發現眼角藏著淚
留言（ 0 ） 最相關留言 所有留言
留言（ 0 ）",2026-09-30,,,False,False,
2026-10-01 00:04:09,realtime,hip_hop,,,32,Aroziel,湊巧的,0,1,0,https://streetvoice.com/Aroziel_AC/songs/881887/,https://streetvoice.com/Aroziel_AC/,"https://akstatic.streetvoice.com/song_covers/Ar/oz/Aroziel_AC/FzsDpZVTsSztaa7CmXkUm2.jpeg?x-oss-process=image/resize,m_fill,h_400,w_400,limit_0",images/881887.jpeg,@Aroziel_AC,音樂人,台北市,2023-01-01,,21,8,5,,,https://www.youtube.com/user/StreetVoiceTV,,,Hip hop / Rap,解相思,https://streetvoice.com/Aroziel_AC/songs/album/97325952/,,,"我告訴自己只是脈絡之一結局別放心上 合約僅限今時往日隨風迎下一波新浪 斷崖的不讀不回 懷疑自己是不是不夠好 角落的不甘不願 那天雙人踏浪是不是湊巧 多耀眼 窗外的海景還是比不過副駕光影 優美舞曲 怎麼妳卻先抽離 音樂未停卻把我從大夢叫醒 千百萬次還是學不會獨自共鳴 我把真心寫成詩篇 妳卻把沉默留作了句點 長夜反覆刪改思念 直到黎明它仍未擱淺 我把浪漫想得太輕 不主動是對我倆關係太多慮 累累傷痕才會影響內心萌生太多戲 過多的差距使我們無法談天說地 所有言行舉止彷彿加上一個壓縮器 細水長流 細水長流 現代的愛情誰管你循序漸進 誰管你去留 何必強求 何必強求 池塘太多小魚陷進去 怎麼可能攀逆流 我把真心寫成詩篇 妳卻把沉默留作了句點 長夜反覆刪改思念 直到黎明它仍未擱淺 長夜反覆刪改思念 直到黎明它仍未擱淺 
我告訴自己只是脈絡之一結局別放心上 合約僅限今時往日隨風迎下一波新浪 斷崖的不讀不回 懷疑自己是不是不夠好 角落的不甘不願 那天雙人踏浪是不是湊巧
多耀眼 窗外的海景還是比不過副駕光影 優美舞曲 怎麼妳卻先抽離 音樂未停卻把我從大夢叫醒 千百萬次還是學不會獨自共鳴
我把真心寫成詩篇 妳卻把沉默留作了句點 長夜反覆刪改思念 直到黎明它仍未擱淺
我把浪漫想得太輕 不主動是對我倆關係太多慮 累累傷痕才會影響內心萌生太多戲 過多的差距使我們無法談天說地 所有言行舉止彷彿加上一個壓縮器
細水長流 細水長流 現代的愛情誰管你循序漸進 誰管你去留 何必強求 何必強求 池塘太多小魚陷進去 怎麼可能攀逆流
我把真心寫成詩篇 妳卻把沉默留作了句點 長夜反覆刪改思念 直到黎明它仍未擱淺 長夜反覆刪改思念 直到黎明它仍未擱淺
留言（ 0 ） 最相關留言 所有留言
留言（ 0 ）",2026-09-30,,,False,False,
2026-10-01 00:04:09,realtime,hip_hop,,,33,Aroziel,火藥的淚光 ft.安詳連者serenrenja,0,1,0,https://streetvoice.com/Aroziel_AC/songs/881894/,https://streetvoice.com/Aroziel_AC/,"https://akstatic.streetvoice.com/song_covers/Ar/oz/Aroziel_AC/EZwsjhX5bZTB4WQfvPmBYW.jpeg?x-oss-process=image/resize,m_fill,h_400,w_400,limit_0",images/881894.jpeg,@Aroziel_AC,音樂人,台北市,2023-01-01,,21,8,5,,,https://www.youtube.com/user/StreetVoiceTV,,,Hip hop / Rap,解相思,https://streetvoice.com/Aroziel_AC/songs/album/97325952/,,,"遠方的煙花 掩蓋失約的劇情 分不清什麼細節還是回憶讓我紅了眼眶 轉瞬即逝剎那 熟悉場景 大夢初醒 殘存殘影 綻放後僅剩空氣中瀰漫火藥的淚光 不敢再去期待 又有誰得到偏愛 再次相遇對視 才明白沒有人願意去等待 愛情輕易變賣 我也想被獨特對待 烙印的刺 曾經的在乎化作一道塵埃 我瘋狂證明 我沒有做對不起你的事情 也許在我的視野裡 關於你的事情 早已經全沉入湖底 我想要躺平 就能獲得你的記憶 不用再猜得歇斯底里 最終的勝利我不可能會服氣 不敢再去期待 又有誰得到偏愛 再次相遇對視 才明白沒有人願意去等待 愛情輕易變賣 我也想被獨特對待 烙印的刺 曾經的在乎化作一道塵埃 
遠方的煙花 掩蓋失約的劇情 分不清什麼細節還是回憶讓我紅了眼眶
轉瞬即逝剎那 熟悉場景 大夢初醒 殘存殘影 綻放後僅剩空氣中瀰漫火藥的淚光
不敢再去期待 又有誰得到偏愛 再次相遇對視 才明白沒有人願意去等待 愛情輕易變賣 我也想被獨特對待 烙印的刺 曾經的在乎化作一道塵埃
我瘋狂證明 我沒有做對不起你的事情 也許在我的視野裡 關於你的事情 早已經全沉入湖底 我想要躺平 就能獲得你的記憶 不用再猜得歇斯底里 最終的勝利我不可能會服氣
不敢再去期待 又有誰得到偏愛 再次相遇對視 才明白沒有人願意去等待 愛情輕易變賣 我也想被獨特對待 烙印的刺 曾經的在乎化作一道塵埃
留言（ 0 ） 最相關留言 所有留言
留言（ 0 ）",2026-09-30,,,False,False,
2026-10-01 00:04:09,realtime,hip_hop,,,34,Aroziel,夢裡見 ft.費雪曼Fishman,0,2,0,https://streetvoice.com/Aroziel_AC/songs/881893/,https://streetvoice.com/Aroziel_AC/,"https://akstatic.streetvoice.com/song_covers/Ar/oz/Aroziel_AC/EZwsjhX5bZTB4WQfvPmBYW.jpeg?x-oss-process=image/resize,m_fill,h_400,w_400,limit_0",images/881893.jpeg,@Aroziel_AC,音樂人,台北市,2023-01-01,,21,8,5,,,https://www.youtube.com/user/StreetVoiceTV,,,Hip hop / Rap,解相思,https://streetvoice.com/Aroziel_AC/songs/album/97325952/,,"Credit Lyrics / Composition：Aroziel, 費雪曼Fishman Producer：Aroziel Arrangement：Aroziel Mixing Engineer：Aroziel 
Credit Lyrics / Composition：Aroziel, 費雪曼Fishman Producer：Aroziel Arrangement：Aroziel Mixing Engineer：Aroziel","我永遠想不到 當初相愛的兩人 最後 變 一場空 可以再看你一面 是我這一生 不可能 改變 的願望 佇這个世界　失去妳了後的孤單 妳離開　我想袂曉 無講的話　親像蔫去的花 予我的心愈來愈沉 三二一  一起閉上眼睛 我怕夢裡找不到妳 在我身邊沒妳型影 不得已去夢裡 夢裡見 回到我們相愛的那天 多希望妳能醒來以前愛我最後一遍 她的愛散落塵世天地之間 如果來生 我會愛妳一萬遍 一萬遍 一萬遍　我會愛妳一萬遍 夢裡見 夢裡見　每個夜晚夢裡見 別睜眼 別睜眼　讓這一刻慢一點 再愛一遍 再愛一遍 再愛你一萬遍是不是僅只幻想 可你在深夜經常來探訪 愛而不得誰來斷了亂想 因為妳的愛予別人 原來想做妳的靠山 船頂的妳已經靠岸 只能家己啖糝夢內的芳味 想你的心我沒辦法控制 感謝你過去給我的一切 求你可以再給一次機會 想要體會 所有問題 咱的緣分就像是風箏 斷了線就一直在飛 最後讓這段情慢慢落地 三二一  一起閉上眼睛 我怕夢裡找不到妳 在我身邊沒妳型影 不得已去夢裡 夢裡見 回到我們相愛的那天 多希望妳能醒來以前愛我最後一遍 她的愛散落塵世天地之間 如果來生 我會愛妳一萬遍 一萬遍 一萬遍　我會愛妳一萬遍 夢裡見 夢裡見　每個夜晚夢裡見 別睜眼 別睜眼　讓這一刻慢一點 再愛一遍 再愛一遍 
我永遠想不到 當初相愛的兩人 最後 變 一場空 可以再看你一面 是我這一生 不可能 改變 的願望
佇這个世界　失去妳了後的孤單 妳離開　我想袂曉 無講的話　親像蔫去的花 予我的心愈來愈沉
三二一  一起閉上眼睛 我怕夢裡找不到妳 在我身邊沒妳型影 不得已去夢裡
夢裡見 回到我們相愛的那天 多希望妳能醒來以前愛我最後一遍
她的愛散落塵世天地之間 如果來生 我會愛妳一萬遍
一萬遍 一萬遍　我會愛妳一萬遍 夢裡見 夢裡見　每個夜晚夢裡見 別睜眼 別睜眼　讓這一刻慢一點 再愛一遍 再愛一遍
再愛你一萬遍是不是僅只幻想 可你在深夜經常來探訪 愛而不得誰來斷了亂想 因為妳的愛予別人 原來想做妳的靠山 船頂的妳已經靠岸 只能家己啖糝夢內的芳味
想你的心我沒辦法控制 感謝你過去給我的一切 求你可以再給一次機會 想要體會 所有問題 咱的緣分就像是風箏 斷了線就一直在飛 最後讓這段情慢慢落地
三二一  一起閉上眼睛 我怕夢裡找不到妳 在我身邊沒妳型影 不得已去夢裡
夢裡見 回到我們相愛的那天 多希望妳能醒來以前愛我最後一遍
她的愛散落塵世天地之間 如果來生 我會愛妳一萬遍
一萬遍 一萬遍　我會愛妳一萬遍 夢裡見 夢裡見　每個夜晚夢裡見 別睜眼 別睜眼　讓這一刻慢一點 再愛一遍 再愛一遍
留言（ 0 ） 最相關留言 所有留言
留言（ 0 ）",2026-09-30,,,False,False,
2026-10-01 00:04:09,realtime,hip_hop,,,35,Aroziel,明明就不愛幹嘛裝認真,0,2,0,https://streetvoice.com/Aroziel_AC/songs/881891/,https://streetvoice.com/Aroziel_AC/,"https://akstatic.streetvoice.com/song_covers/Ar/oz/Aroziel_AC/EZwsjhX5bZTB4WQfvPmBYW.jpeg?x-oss-process=image/resize,m_fill,h_400,w_400,limit_0",images/881891.jpeg,@Aroziel_AC,音樂人,台北市,2023-01-01,,21,8,5,,,https://www.youtube.com/user/StreetVoiceTV,,,Hip hop / Rap,解相思,https://streetvoice.com/Aroziel_AC/songs/album/97325952/,,,"假裝想要了解我 想約浪漫的時間 我從來都沒想過 願望全部沒實現 為你掐斷的那些煙 妳卻撐不到十天 搞得心煩意亂每天都失眠 是酒精上頭 不是妳看上我 朋友卻說 那是緣分惹的禍 才發現是場意外 心煩幾個禮拜 以為是個例外 奇怪 怎麼失敗 原來 早計劃我當中繼 度過冬季的工具 只對我底限封閉 妳眼中 只是助興的綜藝 我們不會踏足其他地方 相處過程如分隔異鄉 睡前告白 善意的謊 我發現了妳還繼續去裝 舊的不去又來新傷 海市蜃樓 虛假皮囊 妳還想過自己的人生 明明就不愛 幹麻裝認真 我記得妳的習慣 沒寫進妳的打算 那些承諾不用歸還 反正天亮就不算 曖昧演得太像愛 進退任由妳安排 說害怕再受傷害 轉身把我推進火海 你拉著我的手 穿過了凌晨幾條街 叫我靠近一點 兩人就該肩並肩 以為是默認 在你人生分擔一些 可是真誠錯付 甜言蜜語間 原來 早計劃我當中繼 度過冬季的工具 原來 只對我底限封閉 妳眼中 只是助興的綜藝 我們不會踏足其他地方 相處過程如分隔異鄉 睡前告白 善意的謊 我發現了妳還繼續去裝 舊的不去又來新傷 海市蜃樓 虛假皮囊 妳還想過自己的人生 明明就不愛 幹麻裝認真 
假裝想要了解我 想約浪漫的時間 我從來都沒想過 願望全部沒實現 為你掐斷的那些煙 妳卻撐不到十天 搞得心煩意亂每天都失眠
是酒精上頭 不是妳看上我 朋友卻說 那是緣分惹的禍 才發現是場意外 心煩幾個禮拜 以為是個例外 奇怪 怎麼失敗
原來 早計劃我當中繼 度過冬季的工具 只對我底限封閉 妳眼中 只是助興的綜藝
我們不會踏足其他地方 相處過程如分隔異鄉 睡前告白 善意的謊 我發現了妳還繼續去裝
舊的不去又來新傷 海市蜃樓 虛假皮囊 妳還想過自己的人生 明明就不愛 幹麻裝認真
我記得妳的習慣 沒寫進妳的打算 那些承諾不用歸還 反正天亮就不算 曖昧演得太像愛 進退任由妳安排 說害怕再受傷害 轉身把我推進火海
你拉著我的手 穿過了凌晨幾條街 叫我靠近一點 兩人就該肩並肩 以為是默認 在你人生分擔一些 可是真誠錯付 甜言蜜語間
原來 早計劃我當中繼 度過冬季的工具 原來 只對我底限封閉 妳眼中 只是助興的綜藝
我們不會踏足其他地方 相處過程如分隔異鄉 睡前告白 善意的謊 我發現了妳還繼續去裝
舊的不去又來新傷 海市蜃樓 虛假皮囊 妳還想過自己的人生 明明就不愛 幹麻裝認真
留言（ 0 ） 最相關留言 所有留言
留言（ 0 ）",2026-09-30,,,False,False,
2026-10-01 00:04:09,realtime,hip_hop,,,36,okatang,日出,0,2,0,https://streetvoice.com/okatang/songs/881793/,https://streetvoice.com/okatang/,"https://akstatic.streetvoice.com/music_albums/ok/at/okatang/BEZwvdbKeXWHeaeif7D7cJ.jpg?x-oss-process=image/resize,m_fill,h_400,w_400,limit_0",images/881793.jpg,@okatang,音樂人,桃園市,2024-08-01,,9,5,32,,,https://www.youtube.com/user/StreetVoiceTV,,,Hip hop / Rap,時間,https://streetvoice.com/okatang/songs/album/97326168/,,,"這是沒有提供歌詞的歌曲
留言（ 0 ） 最相關留言 所有留言
留言（ 0 ）",2026-09-30,,,False,False,
2026-10-01 00:04:09,realtime,hip_hop,,,37,FAT two,记忆巷子,0,5,0,https://streetvoice.com/nameyoung/songs/881728/,https://streetvoice.com/nameyoung/,"https://akstatic.streetvoice.com/profile_images/na/me/nameyoung/9F4WU9Z2TeiYtSDKLA2t2a.jpeg?x-oss-process=image/resize,m_fill,h_400,w_400,limit_0",images/881728.jpeg,@nameyoung,音樂人,四川,2026-09-01,,1,,1,,,https://www.youtube.com/user/StreetVoiceTV,喜歡哪種風格？音樂人友好的刺青團隊告訴你！|||https://blow.streetvoice.com/18513/?utm_source=streetvoice&utm_medium=profile-news-block,,Hip hop / Rap,,,,,"這是沒有提供歌詞的歌曲
留言（ 0 ） 最相關留言 所有留言
留言（ 0 ）",2026-09-29,,,False,False,
2026-10-01 00:04:09,realtime,hip_hop,,,38,奧薩瑪 Osama,說真的我曾經 demo,4,187,0,https://streetvoice.com/hejiawei0909/songs/879934/,https://streetvoice.com/hejiawei0909/,"https://akstatic.streetvoice.com/song_covers/he/ji/hejiawei0909/29se8x2EfU95u8L8bXYHtn.jpg?x-oss-process=image/resize,m_fill,h_400,w_400,limit_0",images/879934.jpg,@hejiawei0909,音樂人,新北市,2018-09-01,,20,41,23,,,https://www.youtube.com/user/StreetVoiceTV,,,Hip hop / Rap,,,,,"說真的 我曾經 幻想過這一覺不再醒來 說真的 我承認 我害怕不能期待 走在路上感覺他媽大家都在看我 黑色的 眼球我實在不能夠看懂 沒有辦法 我當然沒有看不懂 我害怕我看著我當然知道眼球不能夠包裝 直到我是試著將一切全部都給打破 多麼希望這一切都會是一場夢 境 但這不是夢境 我爬到了最頂端看 下面那湖面的倒影 彷彿一下子 我就能夠呱呱墜地 看上去的風景還是一樣的美麗 看那美麗風景 
說真的 我曾經 幻想過這一覺不再醒來 說真的 我承認 我害怕不能期待 走在路上感覺他媽大家都在看我 黑色的 眼球我實在不能夠看懂 沒有辦法 我當然沒有看不懂 我害怕我看著我當然知道眼球不能夠包裝 直到我是試著將一切全部都給打破 多麼希望這一切都會是一場夢 境 但這不是夢境 我爬到了最頂端看 下面那湖面的倒影 彷彿一下子 我就能夠呱呱墜地 看上去的風景還是一樣的美麗 看那美麗風景
留言（ 0 ） 最相關留言 所有留言
留言（ 0 ）",2026-09-18,,編輯推薦,True,False,
2026-10-01 00:04:09,realtime,hip_hop,,,39,YouNg ReaL_🎲,KING_IS_BACK FREESTYLE DEMO,5,46,1,https://streetvoice.com/Youngreal_886/songs/881355/,https://streetvoice.com/Youngreal_886/,"https://akstatic.streetvoice.com/song_covers/Yo/un/Youngreal_886/fLNc5NWyoeoeRyts6wmPzw.jpeg?x-oss-process=image/resize,m_fill,h_400,w_400,limit_0",images/881355.jpeg,@Youngreal_886,音樂人,,,,5,8,8,,,https://www.youtube.com/user/StreetVoiceTV,,,Hip hop / Rap,,,LEON、h0sh1kuzu,"s/o 褲子Kuzu   LEON All is back !!!! 
s/o 褲子Kuzu   LEON All is back !!!!","YOUNG ReaL: 大家 long time no see 真是好久不見 但好像只有我的精神 從來不曾熄滅 在我安靜的日子裡 有人  觸碰了底線 告訴你 king is back 回來把妳反覆凌虐 依然不指名道姓 掩耳盜鈴 選擇旁聽 必然站在高的段位 bro 妳譴責黃金 又或是 開著auto tune 句尾還拖著長音 結果呢 你選擇了一個黑客來幫妳還擊 要copy 真傳奇的故事 開個檔案讓你複製 幾千雙眼睛的注視 全都是你的幻想 別問我how we roll 說你有多屌 no 全部都是花瓶 碎的玻璃 FCC  超DOPE 其實我也是路過 太無辜 別罵得太很 平時走夜路太多 不讀書 也保持水準 要保持著好心情 有激情的 過著每秒 外送你幾次鞭刑 24HR 不斷圍剿 你們這群  年輕小伙  別欣賞我 才華洋溢 你們穿著   不是TRAP BOY 像野狗沒沾染洋氣 我不想浪費時間 把垃圾分類說詳細 你們身上衣服破的 還不如你家牆壁 褲子Kuzu: STFU一堆懂哥懂弟 爛得要命一群十幾個加起來沒我的實力 努力噴著垃圾話 寫著爛的type beat 受夠了一堆pussy年紀輕輕小的雞雞 你的歌就像是火鍋裡面加芋頭 Feel like cardi B 我說你有大乳頭 我想踢足球 等我出手 我恐同所以現在片甲不留 不要在那雞雞巴巴的 嘻嘻哈哈的 我會把你CD刮花了 EZ my brother 非常的容易 不管我用了什麼工藝 什麼用意 同期裡沒啥實力全部都在吃年齡紅利 衝擊你的作品庫裡幾GB的trash 你最好快點祈禱別被殺掉make a wish 不只拉高行情還順手搶了你的crush 你學不來我的押韻就像你猜不到我的下一句 這什麼組合 抽太法的哥們跟感冒的地雷男 毫無威攝力的歌詞 你老二微軟 聽你的歌你要付我賠款 不只違反社群規範更要追趕製造內亂 
YOUNG ReaL: 大家 long time no see 真是好久不見 但好像只有我的精神 從來不曾熄滅 在我安靜的日子裡 有人  觸碰了底線 告訴你 king is back 回來把妳反覆凌虐
依然不指名道姓 掩耳盜鈴 選擇旁聽 必然站在高的段位 bro 妳譴責黃金 又或是 開著auto tune 句尾還拖著長音 結果呢 你選擇了一個黑客來幫妳還擊
要copy 真傳奇的故事 開個檔案讓你複製 幾千雙眼睛的注視 全都是你的幻想
別問我how we roll 說你有多屌 no 全部都是花瓶 碎的玻璃 FCC  超DOPE
其實我也是路過 太無辜 別罵得太很 平時走夜路太多 不讀書 也保持水準 要保持著好心情 有激情的 過著每秒 外送你幾次鞭刑 24HR 不斷圍剿
你們這群  年輕小伙  別欣賞我 才華洋溢 你們穿著   不是TRAP BOY 像野狗沒沾染洋氣 我不想浪費時間 把垃圾分類說詳細 你們身上衣服破的 還不如你家牆壁
褲子Kuzu: STFU一堆懂哥懂弟 爛得要命一群十幾個加起來沒我的實力 努力噴著垃圾話 寫著爛的type beat 受夠了一堆pussy年紀輕輕小的雞雞 你的歌就像是火鍋裡面加芋頭 Feel like cardi B 我說你有大乳頭 我想踢足球 等我出手 我恐同所以現在片甲不留
不要在那雞雞巴巴的 嘻嘻哈哈的 我會把你CD刮花了 EZ my brother 非常的容易 不管我用了什麼工藝 什麼用意 同期裡沒啥實力全部都在吃年齡紅利
衝擊你的作品庫裡幾GB的trash 你最好快點祈禱別被殺掉make a wish 不只拉高行情還順手搶了你的crush 你學不來我的押韻就像你猜不到我的下一句
這什麼組合 抽太法的哥們跟感冒的地雷男 毫無威攝力的歌詞 你老二微軟 聽你的歌你要付我賠款 不只違反社群規範更要追趕製造內亂
留言（ 1 ） 最相關留言 所有留言
留言（ 1 ）",2026-09-27,,,False,False,
2026-10-01 00:04:09,realtime,hip_hop,,,40,Gr3dyyyyy,Hustle,1,37,0,https://streetvoice.com/abalone_huang/songs/881258/,https://streetvoice.com/abalone_huang/,"https://akstatic.streetvoice.com/music_albums/ab/al/abalone_huang/Y26vK8B4tH6RTwoyVNEAnE.jpeg?x-oss-process=image/resize,m_fill,h_400,w_400,limit_0",images/881258.jpeg,@abalone_huang,音樂人,,,,3,1,3,,,https://www.youtube.com/user/StreetVoiceTV,,,Hip hop / Rap,All the best,https://streetvoice.com/abalone_huang/songs/album/97326099/,,"作詞作曲 Lyrics & Composer｜Gr3dy 製作人 Producer｜Gr3dy 編曲人 Arrangement｜leegoldn 
作詞作曲 Lyrics & Composer｜Gr3dy 製作人 Producer｜Gr3dy 編曲人 Arrangement｜leegoldn","What I do for 我想你大概不懂 扒開初衷 你瞎猜怎能說的出口 九彎十八拐後還是找不到出口 厭倦當人沙袋 一旁發呆的豬頭 
What I do for 我想你大概不懂 扒開初衷 你瞎猜怎能說的出口 九彎十八拐後還是找不到出口 厭倦當人沙袋 一旁發呆的豬頭
留言（ 0 ） 最相關留言 所有留言
留言（ 0 ）",2026-09-26,,,False,False,
2026-10-01 00:04:09,realtime,hip_hop,,,41,Solita索利塔,罪 Sin,3,26,0,https://streetvoice.com/Solita777/songs/876850/,https://streetvoice.com/Solita777/,"https://akstatic.streetvoice.com/music_albums/So/li/Solita777/bx6zM4WvRkTrs8tpKokWGL.jpeg?x-oss-process=image/resize,m_fill,h_400,w_400,limit_0",images/876850.jpeg,@Solita777,音樂人,高雄市,2021-07-01,,24,7,4,,,https://www.youtube.com/user/StreetVoiceTV,,,Hip hop / Rap,無聲的狂歡 Silent feast,https://streetvoice.com/Solita777/songs/album/97325991/,,"現實中的一切終會把我催眠 詞&曲 Lyrics & Composed｜Solita索利塔 錄音Recording｜Badweatherzon 混音&母帶 Mixed & Mastering｜Badweatherzon Beat maker｜ Cells108 美術設計 Art Designer｜Nine_nylon99 
現實中的一切終會把我催眠
詞&曲 Lyrics & Composed｜Solita索利塔 錄音Recording｜Badweatherzon 混音&母帶 Mixed & Mastering｜Badweatherzon Beat maker｜ Cells108 美術設計 Art Designer｜Nine_nylon99","Chorus 為何 罪racks on me 習慣孤獨而非恐懼 惡魔的擁抱不被留意 racks on racks on rack on me 人心 被塗滿砒霜 他們都選擇一如既往 利益只為了填補慾望 死亡的終點卻是遺忘 racks on racks on rack on me 塵封的回憶 將靈魂 都凍成萬年的冰雪 racks on racks on rack on me 貪婪從眼神 倒映的 瞬間 就如同鏡面 Verse1 Sad with da pain 命運總把我囚禁 所有的選擇都被否定 回憶的一切 總讓我猶豫 虛偽目光 在眼底收盡 他們流下了 鱷魚淚 也許我 捨棄 樂與悲 被傷痕 又殘破擊潰 夜靜謐 問天是否錯意沒 Drip drip drip my tear 嘲諷的言語 我都還記得 未癒的傷疤 讓我感到飢餓 慾望搖籃 該如何閉合 陰鬱鋼琴 惡魔低吟 晝夜 響起 懺悔的餘韻 跨不過 是靈魂的距離 在黑暗 逐漸 展開了領域 Chorus 為何 罪racks on me 習慣孤獨而非恐懼 惡魔的擁抱不被留意 racks on racks on rack on me 人心 被塗滿砒霜 他們都選擇一如既往 利益只為了填補慾望 死亡的終點卻是遺忘 racks on racks on rack on me 塵封的回憶 將靈魂 都凍成萬年的冰雪 racks on racks on rack on me 貪婪從眼神 倒映的 瞬間 就如同鏡面 Verse2 出現 必定會 伴隨烏鴉悲鳴 存在抹殺 變成灰燼 孤獨 慾望無窮再回敬 如今美好 當作還沒睡醒 無數的痛苦 找尋自己 存在的意義 撕裂著靈魂 情緒冰冷 滿足心底的貪慾 經過了多少冷雨夜 天空也劃出了分際線 留下人情 只會剩一線 錢 權誘惑跟惡魔許願 許多過客 早就已經飛遠 所有的自卑 顯露自己卑賤 仇恨 心底 慾望把我規勸 獨來獨往 從不在意 誰的悲憐 Bridge 陷入慾望井後 留下了血淚 現實中的一切 總會把我催眠 keep run away Chorus 為何 罪racks on me 習慣孤獨而非恐懼 惡魔的擁抱不被留意 racks on racks on rack on me 人心 被塗滿砒霜 他們都選擇一如既往 利益只為了填補慾望 死亡的終點卻是遺忘 racks on racks on rack on me 塵封的回憶 將靈魂 都凍成萬年的冰雪 racks on racks on rack on me 貪婪從眼神 倒映的 瞬間 就如同鏡面 
Chorus 為何 罪racks on me 習慣孤獨而非恐懼 惡魔的擁抱不被留意 racks on racks on rack on me 人心 被塗滿砒霜 他們都選擇一如既往 利益只為了填補慾望 死亡的終點卻是遺忘 racks on racks on rack on me 塵封的回憶 將靈魂 都凍成萬年的冰雪 racks on racks on rack on me 貪婪從眼神 倒映的 瞬間 就如同鏡面
Verse1 Sad with da pain 命運總把我囚禁 所有的選擇都被否定 回憶的一切 總讓我猶豫 虛偽目光 在眼底收盡 他們流下了 鱷魚淚 也許我 捨棄 樂與悲 被傷痕 又殘破擊潰 夜靜謐 問天是否錯意沒 Drip drip drip my tear 嘲諷的言語 我都還記得 未癒的傷疤 讓我感到飢餓 慾望搖籃 該如何閉合 陰鬱鋼琴 惡魔低吟 晝夜 響起 懺悔的餘韻 跨不過 是靈魂的距離 在黑暗 逐漸 展開了領域
Chorus 為何 罪racks on me 習慣孤獨而非恐懼 惡魔的擁抱不被留意 racks on racks on rack on me 人心 被塗滿砒霜 他們都選擇一如既往 利益只為了填補慾望 死亡的終點卻是遺忘 racks on racks on rack on me 塵封的回憶 將靈魂 都凍成萬年的冰雪 racks on racks on rack on me 貪婪從眼神 倒映的 瞬間 就如同鏡面
Verse2 出現 必定會 伴隨烏鴉悲鳴 存在抹殺 變成灰燼 孤獨 慾望無窮再回敬 如今美好 當作還沒睡醒 無數的痛苦 找尋自己 存在的意義 撕裂著靈魂 情緒冰冷 滿足心底的貪慾 經過了多少冷雨夜 天空也劃出了分際線 留下人情 只會剩一線 錢 權誘惑跟惡魔許願 許多過客 早就已經飛遠 所有的自卑 顯露自己卑賤 仇恨 心底 慾望把我規勸 獨來獨往 從不在意 誰的悲憐
Bridge 陷入慾望井後 留下了血淚 現實中的一切 總會把我催眠 keep run away
Chorus 為何 罪racks on me 習慣孤獨而非恐懼 惡魔的擁抱不被留意 racks on racks on rack on me 人心 被塗滿砒霜 他們都選擇一如既往 利益只為了填補慾望 死亡的終點卻是遺忘 racks on racks on rack on me 塵封的回憶 將靈魂 都凍成萬年的冰雪 racks on racks on rack on me 貪婪從眼神 倒映的 瞬間 就如同鏡面
留言（ 0 ） 最相關留言 所有留言
留言（ 0 ）",2026-09-26,,,False,False,
2026-10-01 00:04:09,realtime,hip_hop,,,42,無用中年飯館 · Useless Diner,外星人的血在四樓,2,25,1,https://streetvoice.com/uselessdiner/songs/881167/,https://streetvoice.com/uselessdiner/,"https://akstatic.streetvoice.com/song_covers/us/el/uselessdiner/cqcX2xCycqkAPDe68pA2WA.jpeg?x-oss-process=image/resize,m_fill,h_400,w_400,limit_0",images/881167.jpeg,@uselessdiner,音樂人,台灣,2026-09-01,,8,3,1,,,https://www.youtube.com/user/StreetVoiceTV,,,Hip hop / Rap,,,,"「曾經相信的，卻一個一個留在身後。」 取材自小朋友的真實故事。 那時候真的相信， 四樓有外星人， 樓梯再往上， 就是宇宙。 長大以後才發現， 有些答案知道了， 反而沒那麼有趣。 #無用中年飯館 #外星人的血在四樓 #台灣獨立音樂 #華語搖滾 #另類搖滾 #IndieFolkRock #老王樂隊風 #童年遺憾 #幻滅 #青春 
「曾經相信的，卻一個一個留在身後。」
取材自小朋友的真實故事。
那時候真的相信， 四樓有外星人， 樓梯再往上， 就是宇宙。
長大以後才發現， 有些答案知道了， 反而沒那麼有趣。
#無用中年飯館 #外星人的血在四樓 #台灣獨立音樂 #華語搖滾 #另類搖滾 #IndieFolkRock #老王樂隊風 #童年遺憾 #幻滅 #青春","〈外星人的血在四樓〉 放學鐘一響就往巷口溜 書包隨手一丟誰也不回頭 巷口有人神祕地開口 說昨晚有道怪光閃過牆後 樓梯一灘藍色慢慢流 我們圍成一圈不敢伸手 有人說怪獸半夜爬上四樓 有人說外星人中蛋逃走 吵了半天 不知道誰突然開口—— 那是外星人的血 就留在四樓 我們誰都沒看過宇宙 卻誰都相信牠真的來過 一個說昨晚聽見腳步 一個說窗外看見怪手 剩下那個最怕的我 嘴硬說：有什麼好怕的喔 走就走 外星人的血在四樓 我們躲在三樓不敢走 嘴上都說誰怕誰是小狗 手卻抓得比誰都久 外星人的血在四樓 樓梯再往上就是宇宙 那時候我們真的相信 推開那扇門以後 會有沒去過的星球 有飛船　有怪獸 有幾百種還沒發生的以後 還有長大的我們 站在世界的盡頭 四樓平常我們不太上去 樓梯再往上就有點安靜 牆上有個不知道哪來的洞 以前真的看過蝙蝠飛出去 所以大家越想越有道理 難怪最近它們變得比較少而已 外星人昨晚降落在這裡 大概是來研究蝙蝠的秘密 有人說牠們晚上才會出現 白天躲在四樓裡面休息 於是我們蹲在樓梯下面 從下午守到路燈亮起 誰都不敢真的往上走 又怕錯過牠突然飛出去 等了半天什麼都沒發生 蚊子倒是吃得很開心 最後媽媽一個一個來找 我們還約好明天繼續研究下去 外星人的血在四樓 我們躲在三樓不敢走 嘴上都說誰怕誰是小狗 手卻抓得比誰都久 外星人的血在四樓 樓梯再往上就是宇宙 那時候我們真的相信 推開那扇門以後 會有沒去過的星球 有飛船　有怪獸 有幾百種還沒發生的以後 還有長大的我們 站在世界的盡頭 很多年以後 我又經過那棟樓 鐵門換了 牆重新漆過 樓梯變得 比記憶裡窄很多 我慢慢走上四樓 站了很久 那裡沒有飛碟 沒有怪手 也沒有誰躲在門後 牆角那灘藍色的血 也早就什麼都沒留 外星人的血在四樓 可是我們早就搬走 當年說好 長大還要一起探索宇宙 現在連見面 都要先問有沒有空 外星人的血在四樓 真假現在誰還追究 那時我們站在樓梯口 真的相信再往上就是宇宙 外星人的血在四樓 我已經敢一個人往上走 長大以後 答案一個一個到手 曾經相信的 卻一個一個留在身後 走到那扇門口 我忽然站了很久 明明只差一步 卻沒有再往前走 只是有些答案 知道了以後 那個宇宙 就只剩在小時候 我把手收回 轉身慢慢下樓 沒有回頭 
〈外星人的血在四樓〉
放學鐘一響就往巷口溜 書包隨手一丟誰也不回頭
巷口有人神祕地開口 說昨晚有道怪光閃過牆後
樓梯一灘藍色慢慢流 我們圍成一圈不敢伸手
有人說怪獸半夜爬上四樓 有人說外星人中蛋逃走
吵了半天 不知道誰突然開口—— 那是外星人的血
就留在四樓
我們誰都沒看過宇宙 卻誰都相信牠真的來過
一個說昨晚聽見腳步 一個說窗外看見怪手
剩下那個最怕的我 嘴硬說：有什麼好怕的喔 走就走
外星人的血在四樓 我們躲在三樓不敢走
嘴上都說誰怕誰是小狗 手卻抓得比誰都久
外星人的血在四樓 樓梯再往上就是宇宙
那時候我們真的相信
推開那扇門以後 會有沒去過的星球
有飛船　有怪獸 有幾百種還沒發生的以後
還有長大的我們 站在世界的盡頭
四樓平常我們不太上去 樓梯再往上就有點安靜
牆上有個不知道哪來的洞 以前真的看過蝙蝠飛出去
所以大家越想越有道理 難怪最近它們變得比較少而已
外星人昨晚降落在這裡 大概是來研究蝙蝠的秘密
有人說牠們晚上才會出現 白天躲在四樓裡面休息
於是我們蹲在樓梯下面 從下午守到路燈亮起
誰都不敢真的往上走 又怕錯過牠突然飛出去
等了半天什麼都沒發生 蚊子倒是吃得很開心
最後媽媽一個一個來找 我們還約好明天繼續研究下去
外星人的血在四樓 我們躲在三樓不敢走
嘴上都說誰怕誰是小狗 手卻抓得比誰都久
外星人的血在四樓
樓梯再往上就是宇宙 那時候我們真的相信
推開那扇門以後 會有沒去過的星球
有飛船　有怪獸 有幾百種還沒發生的以後
還有長大的我們 站在世界的盡頭
很多年以後 我又經過那棟樓
鐵門換了 牆重新漆過
樓梯變得 比記憶裡窄很多
我慢慢走上四樓 站了很久
那裡沒有飛碟 沒有怪手
也沒有誰躲在門後
牆角那灘藍色的血 也早就什麼都沒留
外星人的血在四樓 可是我們早就搬走
當年說好 長大還要一起探索宇宙
現在連見面 都要先問有沒有空
外星人的血在四樓 真假現在誰還追究
那時我們站在樓梯口 真的相信再往上就是宇宙
外星人的血在四樓 我已經敢一個人往上走
長大以後 答案一個一個到手
曾經相信的 卻一個一個留在身後
走到那扇門口 我忽然站了很久
明明只差一步 卻沒有再往前走
只是有些答案 知道了以後
那個宇宙 就只剩在小時候
我把手收回 轉身慢慢下樓
沒有回頭
留言（ 1 ） 最相關留言 所有留言
留言（ 1 ）",2026-09-26,,AI 協作 Hip hop / Rap,False,False,
2026-10-01 00:04:09,realtime,hip_hop,,,43,cjø4wut,Need U (Self Ver. Demo),1,18,1,https://streetvoice.com/cj_0412/songs/881147/,https://streetvoice.com/cj_0412/,"https://akstatic.streetvoice.com/profile_images/cj/_0/cj_0412/NXkmByL6QsB8ztugsQVUii.jpg?x-oss-process=image/resize,m_fill,h_400,w_400,limit_0",images/881147.jpg,@cj_0412,音樂人,台北市,2025-06-01,,6,8,15,,,https://www.youtube.com/user/StreetVoiceTV,,,Hip hop / Rap,,,,,"I need u by my side Cuz baby u my only 一晚的時間過得快 Baby can u repeat 說明白了U my type 甩她們好幾公里 Am I wrong Ain't Gon lie Cuz bae u r my type I need u by my side 請拯救我的狀態 感謝上帝讓妳出現在我面前 I told em thousand times U r my destined Baby妳早已經我的心牽走了 1/2的心多了一半 也期盼與妳相遇 內心多了期待 妳的髮香味靠近時 久了就成為我的依賴 Please just be my Caroline I need u by my side Cuz baby u my only y Huh wo oh I need u by my side Cuz baby u my only 一晚的時間過得快 Baby can u repeat 說明白了U my type 甩她們好幾公里 Am I wrong Ain't Gon lie Cuz bae u r my type I need u by my side Cuz baby u my only 一晚的時間過得快 Baby can u repeat 說明白了U my type 甩她們好幾公里 Am I wrong Ain't Gon lie Cuz bae u r my type 
I need u by my side Cuz baby u my only 一晚的時間過得快 Baby can u repeat 說明白了U my type 甩她們好幾公里 Am I wrong Ain't Gon lie Cuz bae u r my type
I need u by my side 請拯救我的狀態 感謝上帝讓妳出現在我面前 I told em thousand times U r my destined Baby妳早已經我的心牽走了 1/2的心多了一半 也期盼與妳相遇 內心多了期待 妳的髮香味靠近時 久了就成為我的依賴 Please just be my Caroline
I need u by my side Cuz baby u my only y Huh wo oh
I need u by my side Cuz baby u my only 一晚的時間過得快 Baby can u repeat 說明白了U my type 甩她們好幾公里 Am I wrong Ain't Gon lie Cuz bae u r my type
I need u by my side Cuz baby u my only 一晚的時間過得快 Baby can u repeat 說明白了U my type 甩她們好幾公里 Am I wrong Ain't Gon lie Cuz bae u r my type
留言（ 1 ） 最相關留言 所有留言
留言（ 1 ）",2026-09-26,,,False,False,
2026-10-01 00:04:09,realtime,hip_hop,,,44,Solita索利塔,籠中鳥 Caged bird,3,14,0,https://streetvoice.com/Solita777/songs/876848/,https://streetvoice.com/Solita777/,"https://akstatic.streetvoice.com/music_albums/So/li/Solita777/bx6zM4WvRkTrs8tpKokWGL.jpeg?x-oss-process=image/resize,m_fill,h_400,w_400,limit_0",images/876848.jpeg,@Solita777,音樂人,高雄市,2021-07-01,,24,7,4,,,https://www.youtube.com/user/StreetVoiceTV,,,Hip hop / Rap,無聲的狂歡 Silent feast,https://streetvoice.com/Solita777/songs/album/97325991/,,"金錢是逃出牢籠的鑰匙，還是下個囚禁自己的泥沼？ 詞&曲 Lyrics & Composed｜Solita索利塔 / Badweatherzon 錄音Recording｜Badweatherzon 混音&母帶 Mixed & Mastering｜Badweatherzon Beat maker｜ Kyon 美術設計 Art Designer｜Nine_nylon99 
金錢是逃出牢籠的鑰匙，還是下個囚禁自己的泥沼？
詞&曲 Lyrics & Composed｜Solita索利塔 / Badweatherzon 錄音Recording｜Badweatherzon 混音&母帶 Mixed & Mastering｜Badweatherzon Beat maker｜ Kyon 美術設計 Art Designer｜Nine_nylon99","Chorus 身上全都擺滿現金 雨過何時能夠天晴 天上怎麼落下餡餅 賺得越多卻與他們遠離 早厭煩無謂的建議 失敗後才需要憐憫 Ca-ca-ca-ca-cash money 只有 這些能讓傷口痊癒 Huh huh huh huh 說真的我不capping 違心的話 在我眼裡怎麼能夠對應 Huh huh huh huh 逃離規律的規矩 身處的罪域都僅剩灰燼 Verse1 Never gon stop 追名逐利 敗得一敗塗地 缺少骨氣 心靈 變得陰鬱 泥濘 陷於井底 入戲後 靈魂富裕 籠外願景 觸摸不到的現象 偏激 數次裝得堅強 逃脫循環 全是虛妄 丟失的覺察 把自我寄放 識破慾望要all da way cold 最後 為了換取誰回眸 飛向天空 卻都得墜落 捏住羽翼 結果只能沈默 被圈養的雛鳥 每天望著天空 All for the sin 景象停留眼中 Pain with my life 總失敗的鋪陳 什麼都 做不到 只能算我無能 Chorus 身上全都擺滿現金 雨過何時能夠天晴 天上怎麼落下餡餅 賺得越多卻與他們遠離 早厭煩無謂的建議 失敗後才需要憐憫 Ca-ca-ca-ca-cash money 只有 這些能讓傷口痊癒 Huh huh huh huh 說真的我不capping 違心的話 在我眼裡怎麼能夠對應 Huh huh huh huh 逃離規律的規矩 身處的罪域都僅剩灰燼 Verse2 太像夢境的現實 掉入內耗陷阱 耶 他們問我 遺憾點 麻-麻-麻來麻痹險境 我不需要那點東西只顧清醒走向頂點 大多時間只是靜心用來對自我理解 折翼的天使忘卻飛翔了吧 痴迷的程度讓孤獨發酵 持續撞擊也不過是徒勞無功 把你囚禁的鳥籠終究是無果 Chorus 身上全都擺滿現金 雨過何時能夠天晴 天上怎麼落下餡餅 賺得越多卻與他們遠離 早厭煩無謂的建議 失敗後才需要憐憫 Ca-ca-ca-ca-cash money 只有 這些能讓傷口痊癒 Huh huh huh huh 說真的我不capping 違心的話 在我眼裡怎麼能夠對應 Huh huh huh huh 逃離規律的規矩 身處的罪域都僅剩灰燼 
Chorus 身上全都擺滿現金 雨過何時能夠天晴 天上怎麼落下餡餅 賺得越多卻與他們遠離 早厭煩無謂的建議 失敗後才需要憐憫 Ca-ca-ca-ca-cash money 只有 這些能讓傷口痊癒 Huh huh huh huh 說真的我不capping 違心的話 在我眼裡怎麼能夠對應 Huh huh huh huh 逃離規律的規矩 身處的罪域都僅剩灰燼
Verse1 Never gon stop 追名逐利 敗得一敗塗地 缺少骨氣 心靈 變得陰鬱 泥濘 陷於井底 入戲後 靈魂富裕 籠外願景 觸摸不到的現象 偏激 數次裝得堅強 逃脫循環 全是虛妄 丟失的覺察 把自我寄放 識破慾望要all da way cold 最後 為了換取誰回眸 飛向天空 卻都得墜落 捏住羽翼 結果只能沈默 被圈養的雛鳥 每天望著天空 All for the sin 景象停留眼中 Pain with my life 總失敗的鋪陳 什麼都 做不到 只能算我無能
Chorus 身上全都擺滿現金 雨過何時能夠天晴 天上怎麼落下餡餅 賺得越多卻與他們遠離 早厭煩無謂的建議 失敗後才需要憐憫 Ca-ca-ca-ca-cash money 只有 這些能讓傷口痊癒 Huh huh huh huh 說真的我不capping 違心的話 在我眼裡怎麼能夠對應 Huh huh huh huh 逃離規律的規矩 身處的罪域都僅剩灰燼
Verse2 太像夢境的現實 掉入內耗陷阱 耶 他們問我 遺憾點 麻-麻-麻來麻痹險境 我不需要那點東西只顧清醒走向頂點 大多時間只是靜心用來對自我理解 折翼的天使忘卻飛翔了吧 痴迷的程度讓孤獨發酵 持續撞擊也不過是徒勞無功 把你囚禁的鳥籠終究是無果
Chorus 身上全都擺滿現金 雨過何時能夠天晴 天上怎麼落下餡餅 賺得越多卻與他們遠離 早厭煩無謂的建議 失敗後才需要憐憫 Ca-ca-ca-ca-cash money 只有 這些能讓傷口痊癒 Huh huh huh huh 說真的我不capping 違心的話 在我眼裡怎麼能夠對應 Huh huh huh huh 逃離規律的規矩 身處的罪域都僅剩灰燼
留言（ 0 ） 最相關留言 所有留言
留言（ 0 ）",2026-09-26,,,False,False,
2026-10-01 00:04:09,realtime,hip_hop,,,45,D9ed,See the Light/尋光,1,31,0,https://streetvoice.com/denny80410/songs/881020/,https://streetvoice.com/denny80410/,"https://akstatic.streetvoice.com/song_covers/de/nn/denny80410/9WKRs2HcLpgbD8MiN3sxYu.jpeg?x-oss-process=image/resize,m_fill,h_400,w_400,limit_0",images/881020.jpeg,@denny80410,音樂人,桃園市,2023-12-01,,1,,,,,https://www.youtube.com/user/StreetVoiceTV,用鏡頭扮演一位安靜的觀察者 ─ 專訪攝影師 Allie|||https://blow.streetvoice.com/466/?utm_source=streetvoice&utm_medium=profile-news-block,,Hip hop / Rap,,,,"完成這首歌的 過程 與 結果 讓我得到了一些力量 希望你們也能找到自己的光. Lyrics 作詞：Denny Kuo(D9ed) Composer 作曲：Denny Kuo(D9ed) Arrangement 編曲：唐庭浩 Recording 錄音：Sidney Studio 悉尼音樂工作室 Mixing 混音：Sidney Studio 悉尼音樂工作室 Mastering 母帶：Sidney Studio 悉尼音樂工作室 D9ed： https://www.instagram.com/d9ed.himself?stkn=eHBqN29pM3FhaWh4&utm_source=qr 唐庭浩： https://www.instagram.com/imhao___?stkn=ZDhvaHN2YTJ1d3hz&utm_source=qr 悉尼音樂工作室： https://www.instagram.com/_sidneystudio_/ 
完成這首歌的 過程 與 結果 讓我得到了一些力量 希望你們也能找到自己的光.
Lyrics 作詞：Denny Kuo(D9ed) Composer 作曲：Denny Kuo(D9ed) Arrangement 編曲：唐庭浩 Recording 錄音：Sidney Studio 悉尼音樂工作室 Mixing 混音：Sidney Studio 悉尼音樂工作室 Mastering 母帶：Sidney Studio 悉尼音樂工作室
D9ed： https://www.instagram.com/d9ed.himself?stkn=eHBqN29pM3FhaWh4&utm_source=qr 唐庭浩： https://www.instagram.com/imhao___?stkn=ZDhvaHN2YTJ1d3hz&utm_source=qr 悉尼音樂工作室： https://www.instagram.com/_sidneystudio_/
https://www.instagram.com/d9ed.himself?stkn=eHBqN29pM3FhaWh4&utm_source=qr
https://www.instagram.com/imhao___?stkn=ZDhvaHN2YTJ1d3hz&utm_source=qr
https://www.instagram.com/_sidneystudio_/","我一路背著倔強 一直On and on 多久沒和自己對話 多久沒發覺痕跡與變化 面向 現狀 年紀越來越大 對過去 的恐懼 會怕 還是對抗 是否能夠從容面對 罪 狀 是否開始努力兌現 願 望 看時光匆匆 從空空 到如今有了些收穫 我終於不將目光給移向那些錯過 將癒合的痂皮 不再硬去摳落 終於成為 更好的樣子 不再去栽進往事 死命去僵持 開始能將每一步都走得踏實 不需要協助能用自己的方式 將步伐細數 一步步打下了基礎 無數 艱難的題目 不斷地襲入 是你不停步 And still be true 將方向清楚了 不再被禁錮著 開始學會負責 不再求速成 因為我 遇見了 領路人 周圍都是黑暗 但我找到了光 不再徬徨 往 我屬於的地方 Yeah I see it 它很清晰 不需任何證明 向前吧 現在的你已經不一樣 不需要害怕 現在U a grown man Man up man up man up 請你要一直堅信 路繼續行走 不會再停留 過去的心魔 不會再讓我fall apart 不再低頭 告訴自己I can do it all What I’m pursuing oh Already know 將音樂 Turn to the max 我沒有極限 一夜又一夜 我不會戒除我對成功的迷戀 我不願behave Get out of this cage 勇敢 站出來 就算沒俊美的形象 大聲呼喊 雖然嗓音不夠明亮 為我自己而活 不需要他人期盼 這航行不會中斷 一直到望見彼岸 Yeah I keep it going Yeah I keep it rolling 技能包unfolding Level up still loading 開始呼吸更新鮮的空氣 我的視線開始變得通明 Whoa 我的上進心 抱歉爸媽我讓你們傷盡心 But one day I will make it to the top 你們就放膽的trust this kid 周圍都是黑暗 但我找到了光 不再徬徨 往 我屬於的地方 Yeah I see it （yeah I see it) 它很清晰 不需任何證明 向前吧 現在的你已經不一樣(u different) 不需要害怕 現在U a grown man Man up man up man up 請你要繼續前進 我看到了光 他就在我前方 一瞬間忘了所積累的傷 Cover up過去自己畫的框 不再走心面對眼前的荒 我不再迷惘 我看到希望 我知道你已變得不一樣 過去的經歷很難被遺忘 但能夠重新去塑造出他的形狀 這條路 我起身 繼續走 不再去 做任何 的停留 因為I know I can suffer 不再按暫停的button Ye I know 我不再wonder Underdog 但我不怕go under 直面著光 yeah I finally found 我會抵達 我屬於的地方 
我一路背著倔強 一直On and on 多久沒和自己對話 多久沒發覺痕跡與變化
面向 現狀 年紀越來越大 對過去 的恐懼 會怕 還是對抗 是否能夠從容面對 罪 狀 是否開始努力兌現 願 望
看時光匆匆 從空空 到如今有了些收穫 我終於不將目光給移向那些錯過 將癒合的痂皮 不再硬去摳落
終於成為 更好的樣子 不再去栽進往事 死命去僵持 開始能將每一步都走得踏實 不需要協助能用自己的方式
將步伐細數 一步步打下了基礎 無數 艱難的題目 不斷地襲入 是你不停步 And still be true
將方向清楚了 不再被禁錮著 開始學會負責 不再求速成 因為我 遇見了 領路人
周圍都是黑暗 但我找到了光 不再徬徨 往 我屬於的地方 Yeah I see it 它很清晰 不需任何證明 向前吧 現在的你已經不一樣 不需要害怕 現在U a grown man Man up man up man up 請你要一直堅信
路繼續行走 不會再停留 過去的心魔 不會再讓我fall apart
不再低頭 告訴自己I can do it all What I’m pursuing oh Already know
將音樂 Turn to the max 我沒有極限 一夜又一夜 我不會戒除我對成功的迷戀 我不願behave Get out of this cage 勇敢 站出來 就算沒俊美的形象 大聲呼喊 雖然嗓音不夠明亮 為我自己而活 不需要他人期盼 這航行不會中斷 一直到望見彼岸
Yeah I keep it going Yeah I keep it rolling 技能包unfolding Level up still loading
開始呼吸更新鮮的空氣 我的視線開始變得通明 Whoa 我的上進心 抱歉爸媽我讓你們傷盡心 But one day I will make it to the top 你們就放膽的trust this kid
周圍都是黑暗 但我找到了光 不再徬徨 往 我屬於的地方 Yeah I see it （yeah I see it) 它很清晰 不需任何證明
向前吧 現在的你已經不一樣(u different) 不需要害怕 現在U a grown man Man up man up man up 請你要繼續前進
我看到了光 他就在我前方 一瞬間忘了所積累的傷 Cover up過去自己畫的框 不再走心面對眼前的荒
我不再迷惘 我看到希望 我知道你已變得不一樣 過去的經歷很難被遺忘 但能夠重新去塑造出他的形狀
這條路 我起身 繼續走 不再去 做任何 的停留 因為I know I can suffer 不再按暫停的button
Ye I know 我不再wonder Underdog 但我不怕go under 直面著光 yeah I finally found 我會抵達 我屬於的地方
留言（ 0 ） 最相關留言 所有留言
留言（ 0 ）",2026-09-25,,,False,False,
2026-10-01 00:04:09,realtime,hip_hop,,,46,范格OCVANZ,一人做事一人當,1,12,0,https://streetvoice.com/vanone/songs/881288/,https://streetvoice.com/vanone/,"https://akstatic.streetvoice.com/song_covers/va/no/vanone/crVmfWvVLzqNcujFu2993a.jpg?x-oss-process=image/resize,m_fill,h_400,w_400,limit_0",images/881288.jpg,@vanone,音樂人,,,,5,1,1,,,https://www.youtube.com/user/StreetVoiceTV,,,Hip hop / Rap,,,,,"一人做事一人當（帥） 藝人做事薏仁湯（好喝） 似曾相識四神湯（déjà vu） 小叮做事小叮噹（大雄） 美叮做事美叮噹（1、2） 響叮做事響叮噹（1、2） 煩惱太多老闆娘麻煩來一碗孟婆湯 麻雀雖小五臟俱全 無能為力炸醬麵（好吃) 阿嬤雖老 三點俱全 （哪三點） 一哭二鬧三合院(三小) 什麼國家的人不用電 緬甸(靠邀） 要確欸 要確欸 （雀食） 林北正在唱歌尬林北惦惦（閉嘴啦） 打電話給我的兄弟 沒有任何 談cell phone生 為了保持 家族風聲 我不想要做gang gang 賺乾淨的錢錢 出來讓市面見見我 漸漸的音樂變現了 感覺小時候身邊的Opps不講理的 都一樣Same same 沒關係可以回去慢慢的練練 因為都不會 一人做事一人當（我） 藝人做事薏仁湯（好喝） 似曾相識四神湯（déjà vu） 小叮做事啊小叮噹（嗯哼） 一家烤肉萬家香 (嗯哼） 七家烤肉八家將 麻雀雖小五藏小次郎 舉頭望明月別打擾林北低頭吃便當（賣岔） 通貨膨脹公道價八萬一漲到八萬八 人生無常大腸包小腸跩個二五八萬 沒命花 君の名は(你的名字) 肯定是(what)王德發 坐穩了這一波渦輪增鴨 甩掉阿達瑪空骨力欸咖小啊 借問酒家何處有，3.14159 順風浪 逆風投 問君能有幾多愁？ 術業有專攻 樹幹沒有 一回生 二回熟 恰似看見三群太監跑得像飛的上青樓 （太多了吧) 路見不平一聲吼 三觀跟著五官走 最高只能給你8.4 因為你有1.6 此曲只應天上有 醉翁之意不在酒 陽光總在風雨後 比我弱 硬要秀 關公面前已知用火 叫天天不應 叫地地不靈 叫哥哥布林 吵架扯不平 思念是一種病 思樂是一種冰 一寸光陰一寸金 就把老闆給開了 阿特范開張經營 自己幫自己加薪 因為我 一人做事一人當（帥） 藝人做事薏仁湯（好喝） 似曾相識四神湯（déjà vu） 小叮做事小叮噹（大雄） 美叮做事美叮噹（喔） 響叮做事響叮噹半瓶水別響叮噹 開玩笑的啦 別在那 搞破防 一人做事一人當（帥） 藝人做事薏仁湯（好喝） 似曾相識四神湯（déjà vu） 小叮做事小叮噹（大雄） 美叮做事美叮噹（喔） 響叮做事響叮噹（喔） 整天大清早忙的像是中川龍一郎 
一人做事一人當（帥） 藝人做事薏仁湯（好喝） 似曾相識四神湯（déjà vu） 小叮做事小叮噹（大雄） 美叮做事美叮噹（1、2） 響叮做事響叮噹（1、2） 煩惱太多老闆娘麻煩來一碗孟婆湯 麻雀雖小五臟俱全 無能為力炸醬麵（好吃) 阿嬤雖老 三點俱全 （哪三點） 一哭二鬧三合院(三小) 什麼國家的人不用電 緬甸(靠邀） 要確欸 要確欸 （雀食） 林北正在唱歌尬林北惦惦（閉嘴啦） 打電話給我的兄弟 沒有任何 談cell phone生 為了保持 家族風聲 我不想要做gang gang 賺乾淨的錢錢 出來讓市面見見我 漸漸的音樂變現了 感覺小時候身邊的Opps不講理的 都一樣Same same 沒關係可以回去慢慢的練練 因為都不會
一人做事一人當（我） 藝人做事薏仁湯（好喝） 似曾相識四神湯（déjà vu） 小叮做事啊小叮噹（嗯哼） 一家烤肉萬家香 (嗯哼） 七家烤肉八家將 麻雀雖小五藏小次郎 舉頭望明月別打擾林北低頭吃便當（賣岔） 通貨膨脹公道價八萬一漲到八萬八 人生無常大腸包小腸跩個二五八萬 沒命花 君の名は(你的名字) 肯定是(what)王德發 坐穩了這一波渦輪增鴨 甩掉阿達瑪空骨力欸咖小啊 借問酒家何處有，3.14159 順風浪 逆風投 問君能有幾多愁？ 術業有專攻 樹幹沒有 一回生 二回熟 恰似看見三群太監跑得像飛的上青樓 （太多了吧) 路見不平一聲吼 三觀跟著五官走 最高只能給你8.4 因為你有1.6 此曲只應天上有 醉翁之意不在酒 陽光總在風雨後 比我弱 硬要秀 關公面前已知用火 叫天天不應 叫地地不靈 叫哥哥布林 吵架扯不平 思念是一種病 思樂是一種冰 一寸光陰一寸金 就把老闆給開了 阿特范開張經營 自己幫自己加薪 因為我
一人做事一人當（帥） 藝人做事薏仁湯（好喝） 似曾相識四神湯（déjà vu） 小叮做事小叮噹（大雄） 美叮做事美叮噹（喔） 響叮做事響叮噹半瓶水別響叮噹 開玩笑的啦 別在那 搞破防 一人做事一人當（帥） 藝人做事薏仁湯（好喝） 似曾相識四神湯（déjà vu） 小叮做事小叮噹（大雄） 美叮做事美叮噹（喔） 響叮做事響叮噹（喔） 整天大清早忙的像是中川龍一郎
留言（ 0 ） 最相關留言 所有留言
留言（ 0 ）",2026-09-26,,,False,False,
2026-10-01 00:04:09,realtime,hip_hop,,,47,Gr3dyyyyy,恍惚之間,1,25,0,https://streetvoice.com/abalone_huang/songs/881257/,https://streetvoice.com/abalone_huang/,"https://akstatic.streetvoice.com/music_albums/ab/al/abalone_huang/Y26vK8B4tH6RTwoyVNEAnE.jpeg?x-oss-process=image/resize,m_fill,h_400,w_400,limit_0",images/881257.jpeg,@abalone_huang,音樂人,,,,3,1,3,,,https://www.youtube.com/user/StreetVoiceTV,,,Hip hop / Rap,All the best,https://streetvoice.com/abalone_huang/songs/album/97326099/,,"作詞作曲 Lyrics & Composer｜Gr3dy 製作人 Producer｜Gr3dy 編曲人 Arrangement｜6RAW 
作詞作曲 Lyrics & Composer｜Gr3dy 製作人 Producer｜Gr3dy 編曲人 Arrangement｜6RAW","在恍惚之間 睜開眼 已經下午四點 在恍惚之間 望向蓋住我的窗簾 在恍惚之間 曾想過多麼光鮮 太陽有多麼刺眼 但枉費了多少時間 昨晚忘了通風 燈光顯得有些昏暗 遺留在睡夢中 不復存在的稱讚 相框內的衝動 並不認為我是正版 身材變的蓬鬆 也害怕明天會起得更晚 The sky is darkening gradually 而我還躲在那被窩裡 祈禱著發生的全都是幻想 這樣的話一切都會過去 can't stop overthinking 分不清哪邊是清醒 逐漸瀕臨崩潰的心情 一步步朝我逼近 The sky is darkening gradually 而我還躲在那被窩裡 祈禱著發生的全都是幻想 這樣的話一切都會過去 事與願違 時間在流動我依然停滯 敷衍的行事 熬到了明日 才赫然發覺 在恍惚之間 睜開眼 已經下午四點 在恍惚之間 望向蓋住我的窗簾 在恍惚之間 曾想過多麼光鮮 太陽有多麼刺眼 但枉費了多少時間 日復一日的凋零 開始焦慮 斷開所有的交集 待在家裡 變得麻痺 恍惚之間有時也會想起 窗外透進來的光線 昨日的期待當前 對它我只有無止盡的抱歉 邋遢的樣子不堪入目蓬頭垢面 明白正作繭自縛但 近期內 處處受限 不停的發散何時才有機會收斂 
在恍惚之間 睜開眼 已經下午四點 在恍惚之間 望向蓋住我的窗簾 在恍惚之間 曾想過多麼光鮮 太陽有多麼刺眼 但枉費了多少時間
昨晚忘了通風 燈光顯得有些昏暗 遺留在睡夢中 不復存在的稱讚 相框內的衝動 並不認為我是正版 身材變的蓬鬆 也害怕明天會起得更晚
The sky is darkening gradually 而我還躲在那被窩裡 祈禱著發生的全都是幻想 這樣的話一切都會過去 can't stop overthinking 分不清哪邊是清醒 逐漸瀕臨崩潰的心情 一步步朝我逼近 The sky is darkening gradually 而我還躲在那被窩裡 祈禱著發生的全都是幻想 這樣的話一切都會過去 事與願違 時間在流動我依然停滯 敷衍的行事 熬到了明日 才赫然發覺
在恍惚之間 睜開眼 已經下午四點 在恍惚之間 望向蓋住我的窗簾 在恍惚之間 曾想過多麼光鮮 太陽有多麼刺眼 但枉費了多少時間
日復一日的凋零 開始焦慮 斷開所有的交集 待在家裡 變得麻痺 恍惚之間有時也會想起 窗外透進來的光線 昨日的期待當前 對它我只有無止盡的抱歉 邋遢的樣子不堪入目蓬頭垢面 明白正作繭自縛但 近期內 處處受限 不停的發散何時才有機會收斂
留言（ 0 ） 最相關留言 所有留言
留言（ 0 ）",2026-09-26,,,False,False,
2026-10-01 00:04:09,realtime,hip_hop,,,48,Gr3dyyyyy,早點,1,17,0,https://streetvoice.com/abalone_huang/songs/881256/,https://streetvoice.com/abalone_huang/,"https://akstatic.streetvoice.com/music_albums/ab/al/abalone_huang/Y26vK8B4tH6RTwoyVNEAnE.jpeg?x-oss-process=image/resize,m_fill,h_400,w_400,limit_0",images/881256.jpeg,@abalone_huang,音樂人,,,,3,1,3,,,https://www.youtube.com/user/StreetVoiceTV,,,Hip hop / Rap,All the best,https://streetvoice.com/abalone_huang/songs/album/97326099/,,"深藍的天空 寒冷的空氣 剛出爐的蛋餅 作詞作曲 Lyrics & Composer｜Gr3dy 製作人 Producer｜Gr3dy 編曲人 Arrangement｜Prod.JupaBeats 
深藍的天空 寒冷的空氣 剛出爐的蛋餅
作詞作曲 Lyrics & Composer｜Gr3dy 製作人 Producer｜Gr3dy 編曲人 Arrangement｜Prod.JupaBeats","比平常早點起床吃早點 清晨的街區出門散步消遣 美好的開始 外面風景好美 不必去在乎路途多遙遠 比平常早點起床吃早點 清晨的街區出門散步消遣 美好的開始 外面風景好美 不必去在乎路途多遙遠 Walking down the street I'm tryna be chill It feels like tripping 馬丘比丘 Then I find a type beat and freestyle 這種感覺多奇妙只有we know 窗外的世界開始蟲鳴鳥叫 我在街上四處跑跳 尋找著好料 隨後走進了早餐店 裡面老闆娘對我好親切 聽著音樂 其他事情I don't give a damn 同一首重播了好幾遍 在我的腦裏面 不停縈繞著 沒有極限 也不知疲倦的漫步 身邊的街景一樣的熟悉 就算偶爾 有麻煩亂入 依然要走上天橋的樓梯 比平常早點起床吃早點 清晨的街區出門散步消遣 美好的開始 外面風景好美 不必去在乎路途多遙遠 比平常早點起床吃早點 清晨的街區出門散步消遣 美好的開始 外面風景好美 不必去在乎路途多遙遠 起了早點 所以不會遲到 吃了早點 填飽我胃食道 有精神逆流 而上抵抗來勢洶洶的慾望 行人沒幾個 直到人群開始 往車廂蜂擁而入 整天幾乎 都充滿期待 因此 未曾把雙眼給闔住 像是打了整管興奮劑 奮力 earn it因為我的思考能力比原本縝密 更穩定 直到夜晚 的月亮升起 沐浴在陽光的照耀 一切豁然開朗我彷彿醍醐灌頂 感受人生的奧妙 不論時間流逝我依然吃著蛋餅 比平常早點起床吃早點 清晨的街區出門散步消遣 美好的開始 外面風景好美 不必去在乎路途多遙遠 比平常早點起床吃早點 清晨的街區出門散步消遣 美好的開始 外面風景好美 不必去在乎路途多遙遠 
比平常早點起床吃早點 清晨的街區出門散步消遣 美好的開始 外面風景好美 不必去在乎路途多遙遠 比平常早點起床吃早點 清晨的街區出門散步消遣 美好的開始 外面風景好美 不必去在乎路途多遙遠
Walking down the street I'm tryna be chill It feels like tripping 馬丘比丘 Then I find a type beat and freestyle 這種感覺多奇妙只有we know 窗外的世界開始蟲鳴鳥叫 我在街上四處跑跳 尋找著好料 隨後走進了早餐店 裡面老闆娘對我好親切 聽著音樂 其他事情I don't give a damn 同一首重播了好幾遍 在我的腦裏面 不停縈繞著 沒有極限 也不知疲倦的漫步 身邊的街景一樣的熟悉 就算偶爾 有麻煩亂入 依然要走上天橋的樓梯
比平常早點起床吃早點 清晨的街區出門散步消遣 美好的開始 外面風景好美 不必去在乎路途多遙遠 比平常早點起床吃早點 清晨的街區出門散步消遣 美好的開始 外面風景好美 不必去在乎路途多遙遠
起了早點 所以不會遲到 吃了早點 填飽我胃食道 有精神逆流 而上抵抗來勢洶洶的慾望 行人沒幾個 直到人群開始 往車廂蜂擁而入 整天幾乎 都充滿期待 因此 未曾把雙眼給闔住 像是打了整管興奮劑 奮力 earn it因為我的思考能力比原本縝密 更穩定 直到夜晚 的月亮升起 沐浴在陽光的照耀 一切豁然開朗我彷彿醍醐灌頂 感受人生的奧妙 不論時間流逝我依然吃著蛋餅
比平常早點起床吃早點 清晨的街區出門散步消遣 美好的開始 外面風景好美 不必去在乎路途多遙遠 比平常早點起床吃早點 清晨的街區出門散步消遣 美好的開始 外面風景好美 不必去在乎路途多遙遠
留言（ 0 ） 最相關留言 所有留言
留言（ 0 ）",2026-09-26,,,False,False,
2026-10-01 00:04:09,realtime,hip_hop,,,49,Gr3dyyyyy,Talk些,0,19,0,https://streetvoice.com/abalone_huang/songs/881245/,https://streetvoice.com/abalone_huang/,"https://akstatic.streetvoice.com/music_albums/ab/al/abalone_huang/Y26vK8B4tH6RTwoyVNEAnE.jpeg?x-oss-process=image/resize,m_fill,h_400,w_400,limit_0",images/881245.jpeg,@abalone_huang,音樂人,,,,3,1,3,,,https://www.youtube.com/user/StreetVoiceTV,,,Hip hop / Rap,All the best,https://streetvoice.com/abalone_huang/songs/album/97326099/,,"""聽著我Talk些然後拿到更多頭銜"" 作詞作曲 Lyrics & Composer｜Gr3dy 製作人 Producer｜Gr3dy 編曲人 Arrangement｜prod. ESKRY 
""聽著我Talk些然後拿到更多頭銜""
作詞作曲 Lyrics & Composer｜Gr3dy 製作人 Producer｜Gr3dy 編曲人 Arrangement｜prod. ESKRY","還不能休息 繼續的talk些 還不能休息 繼續的talk些 狀態時高時低像是在玩盪鞦韆 一樣還不能休息 繼續的talk些 每天都talk shit 但我講的不是bullshit 滔滔不絕 不知不覺 我變的熟練 更多的郵件 更多的邀約 是我所期待 是我所依賴 所以有不科學的留戀 聽著我talk些 聽著我talk些 聽著我talk些然後拿到更多頭銜 聽著我talk些 聽著我talk些 聽著我talk些然後拿到更多頭銜 記憶猶新 當時的場景 無法忘記 那麼的熟悉 觸景傷情 我也想忘記 或許就不該放棄 當我再次想起 是否我因此 變得更矜持 又或是因此 變得更上進 非理性充斥生活 有時會太衝 但焉知非福像是失了馬的塞翁 一塌糊塗也別有一番風味像燕麥粥 若不是這種心態 我也沒機會轉換跑道 手拿麥克風 
還不能休息 繼續的talk些 還不能休息 繼續的talk些 狀態時高時低像是在玩盪鞦韆 一樣還不能休息 繼續的talk些
每天都talk shit 但我講的不是bullshit 滔滔不絕 不知不覺 我變的熟練 更多的郵件 更多的邀約 是我所期待 是我所依賴 所以有不科學的留戀 聽著我talk些 聽著我talk些 聽著我talk些然後拿到更多頭銜 聽著我talk些 聽著我talk些 聽著我talk些然後拿到更多頭銜
記憶猶新 當時的場景 無法忘記 那麼的熟悉 觸景傷情 我也想忘記 或許就不該放棄 當我再次想起 是否我因此 變得更矜持 又或是因此 變得更上進 非理性充斥生活 有時會太衝 但焉知非福像是失了馬的塞翁 一塌糊塗也別有一番風味像燕麥粥 若不是這種心態 我也沒機會轉換跑道 手拿麥克風
留言（ 0 ） 最相關留言 所有留言
留言（ 0 ）",2026-09-26,,,False,False,
2026-10-01 00:04:09,realtime,hip_hop,,,50,恋爱脑凝曦,terces,0,23,0,https://streetvoice.com/hyperdrugs/songs/880954/,https://streetvoice.com/hyperdrugs/,"https://akstatic.streetvoice.com/music_albums/hy/pe/hyperdrugs/gN2VGN6BMjpDYqSHQ3ziaz.jpg?x-oss-process=image/resize,m_fill,h_400,w_400,limit_0",images/880954.jpg,@hyperdrugs,音樂人,,,,5,1,,,,https://www.youtube.com/user/StreetVoiceTV,,,Hip hop / Rap,9/24,https://streetvoice.com/hyperdrugs/songs/album/97326128/,,,"Turning my heartbeat into music The hushhush secret no body know now it's terces terces it'll be  no longer terces (uh uh 綿延的 閑閑的 鹹鹹的海 我偷偷的 默默的 陪著妳踩 妳羞羞的 幽幽的 眼神使壞 hold on  那一刻 you're the number one girl in my eyes 像小丑女和小丑 不分夜晚和白晝 闖入哥德的罪人從來就不畏懼所有 拆穿偽善的面孔 看破世界的醜陋 只有透過妳的瞳孔才能感受確切真實的宇宙 心底有猛虎在細嗅著薔薇 徹底被折服來自妳靈魂的香味 林霏裡的曜靈暱藏在巖穴 有座醉翁亭又沉溺在壑的身邊 Turning my heartbeat into music The hushhush secret no body know now it's terces terces no longer terces terces Turning my heartbeat into music The hushhush secret no body know now it's terces terces no longer terces terces 撕下日記扉頁的一半 私下夙夜匪懈刻一段 明明知道這顫巍巍的路是危稜 為了前面的海妳願不願意走一段 前面的海有 無盡的 包容 饞岩陡岩包圍著小岸屏蔽在群山中 妳勢如破竹用妳的真誠破了我的城郭 but welcome cutie 這是屬於妳的理想國 Turning my heartbeat into music The hushhush secret no body know now it's terces terces no longer terces terces Turning my heartbeat into music The hushhush secret no body know now it's terces terces no longer terces terces terces 妳偷心 我偷親趁妳不注意 透析 在你眼裡 露餡的神情 看出妳的秘密 看出 妳想說的 妳想做的 我都懂了 我會陪妳一起做的 走了 我們說走就走 說走就走 妳是專屬於我的玫瑰 基因序列裡的缺口 像打了死結的紅線或 其他星球 的 夏娃亞當般偷嚐禁果 偷嚐禁果 共用腦袋的我們 像外星人來自其他星球 沒有盡頭沒有盡頭 Zubeneschamali 是妳也是我 
Turning my heartbeat into music The hushhush secret no body know now it's terces terces it'll be  no longer terces (uh uh 綿延的 閑閑的 鹹鹹的海 我偷偷的 默默的 陪著妳踩 妳羞羞的 幽幽的 眼神使壞 hold on  那一刻 you're the number one girl in my eyes
像小丑女和小丑 不分夜晚和白晝 闖入哥德的罪人從來就不畏懼所有 拆穿偽善的面孔 看破世界的醜陋 只有透過妳的瞳孔才能感受確切真實的宇宙 心底有猛虎在細嗅著薔薇 徹底被折服來自妳靈魂的香味 林霏裡的曜靈暱藏在巖穴 有座醉翁亭又沉溺在壑的身邊
Turning my heartbeat into music The hushhush secret no body know now it's terces terces no longer terces terces Turning my heartbeat into music The hushhush secret no body know now it's terces terces no longer terces terces
撕下日記扉頁的一半 私下夙夜匪懈刻一段 明明知道這顫巍巍的路是危稜 為了前面的海妳願不願意走一段 前面的海有 無盡的 包容 饞岩陡岩包圍著小岸屏蔽在群山中 妳勢如破竹用妳的真誠破了我的城郭 but welcome cutie 這是屬於妳的理想國
Turning my heartbeat into music The hushhush secret no body know now it's terces terces no longer terces terces Turning my heartbeat into music The hushhush secret no body know now it's terces terces no longer terces terces
terces 妳偷心 我偷親趁妳不注意 透析 在你眼裡 露餡的神情 看出妳的秘密 看出 妳想說的 妳想做的 我都懂了 我會陪妳一起做的 走了 我們說走就走
說走就走 妳是專屬於我的玫瑰 基因序列裡的缺口 像打了死結的紅線或 其他星球 的 夏娃亞當般偷嚐禁果 偷嚐禁果 共用腦袋的我們 像外星人來自其他星球 沒有盡頭沒有盡頭 Zubeneschamali 是妳也是我
留言（ 0 ） 最相關留言 所有留言
留言（ 0 ）",2026-09-24,,,False,False,
