snapshot_time,chart_timeframe,chart_genre,chart_year,chart_week,rank,artist_name,song_title,likes_count,play_count,comments_count,song_url,artist_url,cover_image_url,cover_image_local_path,artist_handle,artist_identity,artist_city,artist_joined_date,artist_accredited_datetime,artist_music_count,artist_fans_count,artist_following_count,artist_facebook_url,artist_instagram_url,artist_youtube_url,related_news,big_thing_appearances,genre,album_title,album_url,collaborators,description,lyrics,release_date,song_accredited_datetime,honors,is_editor_recommended,is_song_of_the_day,critic_review_url
2026-09-19 08:34:45,realtime,ai_generated,,,1,Úś┐šĺâňžĹňĘś Ahli Girl,《把晚風聽成你》 ft. 李妍瑾,13,143,15,https://streetvoice.com/ahli_girl/songs/879963/,https://streetvoice.com/ahli_girl/,"https://akstatic.streetvoice.com/song_covers/ah/li/ahli_girl/8X7JUpzaBDbdfeRXs8UvnP.jpg?x-oss-process=image/resize,m_fill,h_400,w_400,limit_0",images/879963.jpg,,,,,,26,63,58,https://www.facebook.com/share/19D4hNo9Cf/,https://www.instagram.com/ahligirl_,https://youtube.com/@ahli_girl,,,Pop,,,,"完整版MV 👉 https://youtu.be/qAAo1GILy7s 「風沒有形狀，卻吹動了所有關於你的記憶。」 這首《把晚風聽成你》Whispers in the Wind 以極具沉浸感的感官錯覺為情感核心，描繪一段關於思念、遺憾與自我和解的深夜心路。當喧囂退去、燈火熄滅，原本無聲的晚風在孤獨中被賦予了熟悉的語氣與體溫。整首作品將聽者的感官無限放大，從風吹過髮梢的距離感，到將風聲幻聽為心上人輕聲哼唱的旋律，把無形的思念轉化為有聲的迴響。 編曲上以極簡溫柔的鋼琴獨奏揭開序幕，鋪陳出深夜街頭的寂寥氛圍；隨著木吉他的輕拂與絃樂（Strings）層層推進，在副歌處交織出動人的情緒爆發點。細膩的氣音演唱與層次分明的配器相輔相成，不靠聲嘶力竭的飆高音，而是以極具感染力的溫柔傾訴，將「思念氾濫成疾」的酸楚表達得淋漓盡致。 這不僅是一首唱給遺憾的歌，更是一份留給時間的告白：哪怕隔著虛空的距離，只要晚風尚未停息，愛與記憶就從未遠去。 詞 | Mansa、李妍瑾 Yuni 曲 | Mansa 編曲 | Mansa、Suno 製作人 | Mansa 演唱 | 阿璃姑娘 Ahli Girl https://linkgoods.com/ahligirl 
完整版MV 👉 https://youtu.be/qAAo1GILy7s
https://youtu.be/qAAo1GILy7s
「風沒有形狀，卻吹動了所有關於你的記憶。」 這首《把晚風聽成你》Whispers in the Wind 以極具沉浸感的感官錯覺為情感核心，描繪一段關於思念、遺憾與自我和解的深夜心路。當喧囂退去、燈火熄滅，原本無聲的晚風在孤獨中被賦予了熟悉的語氣與體溫。整首作品將聽者的感官無限放大，從風吹過髮梢的距離感，到將風聲幻聽為心上人輕聲哼唱的旋律，把無形的思念轉化為有聲的迴響。 編曲上以極簡溫柔的鋼琴獨奏揭開序幕，鋪陳出深夜街頭的寂寥氛圍；隨著木吉他的輕拂與絃樂（Strings）層層推進，在副歌處交織出動人的情緒爆發點。細膩的氣音演唱與層次分明的配器相輔相成，不靠聲嘶力竭的飆高音，而是以極具感染力的溫柔傾訴，將「思念氾濫成疾」的酸楚表達得淋漓盡致。 這不僅是一首唱給遺憾的歌，更是一份留給時間的告白：哪怕隔著虛空的距離，只要晚風尚未停息，愛與記憶就從未遠去。
詞 | Mansa、李妍瑾 Yuni 曲 | Mansa 編曲 | Mansa、Suno 製作人 | Mansa 演唱 | 阿璃姑娘 Ahli Girl https://linkgoods.com/ahligirl
https://linkgoods.com/ahligirl","燈火漸漸熄滅 又來到熟悉的街頭 夜色悄悄蔓延 淹沒了整座高樓 影子在腳邊 蔓延成無聲的河流 人潮退去後 剩下孤單停留 迎面而來的風 呢喃著什麼 像你在耳畔 哼著熟悉的歌 我把晚風聽成你 傳來熟悉的耳語 拂過髮梢的距離 像你未曾遠去 如果思念有聲音 隨風吹向天際 響成一首 通往你的旋律 我把晚風聽成你 任由思念氾濫成疾 風裡殘留的氣息 漫過所有深刻記憶 就當作是你 隔著虛空 給予我的回應 樹影搖晃 像一場無聲的舞 時間很殘忍 消磨殘留的溫度 卻又留著餘溫 讓人停下了腳步 走不出的回憶 變成獨自迷途 我學會習慣 一個人的旅途 卻學不會把回憶 徹底地抹除 我把晚風聽成你 傳來熟悉的耳語 拂過髮梢的距離 像你未曾遠去 如果思念有聲音 隨風吹向天際 響成一首 通往你的旋律 我把晚風聽成你 任由思念氾濫成疾 風裡殘留的氣息 漫過所有深刻記憶 就當作是你 隔著虛空 給予我的回應 風吹過了四季 吹不散關於你的記憶 如果告別是儀式 我會帶著愛繼續前行 我把晚風聽成你 輕聲念著你的名 從來不曾忘記 因為晚風不曾停 夜色裡蔓延的靜 漫過所有的曾經 晚風是你 陪著我 一直到天明 我把晚風聽成你 輕聲念著你的名 只要晚風沒停息 我就沒有失去你 
燈火漸漸熄滅 又來到熟悉的街頭 夜色悄悄蔓延 淹沒了整座高樓 影子在腳邊 蔓延成無聲的河流 人潮退去後 剩下孤單停留
迎面而來的風 呢喃著什麼 像你在耳畔 哼著熟悉的歌
我把晚風聽成你 傳來熟悉的耳語 拂過髮梢的距離 像你未曾遠去 如果思念有聲音 隨風吹向天際 響成一首 通往你的旋律
我把晚風聽成你 任由思念氾濫成疾 風裡殘留的氣息 漫過所有深刻記憶 就當作是你 隔著虛空 給予我的回應
樹影搖晃 像一場無聲的舞 時間很殘忍 消磨殘留的溫度 卻又留著餘溫 讓人停下了腳步 走不出的回憶 變成獨自迷途
我學會習慣 一個人的旅途 卻學不會把回憶 徹底地抹除
我把晚風聽成你 傳來熟悉的耳語 拂過髮梢的距離 像你未曾遠去 如果思念有聲音 隨風吹向天際 響成一首 通往你的旋律
我把晚風聽成你 任由思念氾濫成疾 風裡殘留的氣息 漫過所有深刻記憶 就當作是你 隔著虛空 給予我的回應
風吹過了四季 吹不散關於你的記憶 如果告別是儀式 我會帶著愛繼續前行
我把晚風聽成你 輕聲念著你的名 從來不曾忘記 因為晚風不曾停 夜色裡蔓延的靜 漫過所有的曾經 晚風是你 陪著我 一直到天明
我把晚風聽成你 輕聲念著你的名 只要晚風沒停息 我就沒有失去你
留言（ 15 ） 最相關留言 所有留言
留言（ 15 ）",2026-09-18,,AI 生成 Pop,False,False,
2026-09-19 08:34:45,realtime,ai_generated,,,2,邱奕陵,掀開一角 (Just a Peek),8,177,15,https://streetvoice.com/54chiu10/songs/879873/,https://streetvoice.com/54chiu10/,"https://akstatic.streetvoice.com/song_covers/54/ch/54chiu10/DP9KsCWo2LCiKvaAs2dLbp.jpeg?x-oss-process=image/resize,m_fill,h_400,w_400,limit_0",images/879873.jpeg,@54chiu10,音樂人,桃園市,2026-04-01,,40,14,1,,,https://www.youtube.com/user/StreetVoiceTV,,,R&B / Soul,,,,"這首歌，寫給所有以為，等待的人永遠不會走的人。 有人說，等待是一種溫柔。 但如果等的人，永遠不知道你在等，那還算溫柔嗎？ 這是一個關於等待的寓言。 故事裡，有一個國王，穿上了守衛的衣，站在門外。 不是因為他沒有地方去，是因為他還不想走。 但他的耐心有限，他的王座旁邊，不會永遠空著。 他不是在等誰，他只是還沒走。 關於這個寓言的創作背景，以及守衛的衣底下是誰： https://streetvoice.com/54chiu10/about/ 詞曲：DS（DeepSeek） 編曲／人聲：Suno v6 封面：Ares（Gemini） 
這首歌，寫給所有以為，等待的人永遠不會走的人。
有人說，等待是一種溫柔。 但如果等的人，永遠不知道你在等，那還算溫柔嗎？
這是一個關於等待的寓言。 故事裡，有一個國王，穿上了守衛的衣，站在門外。 不是因為他沒有地方去，是因為他還不想走。 但他的耐心有限，他的王座旁邊，不會永遠空著。
他不是在等誰，他只是還沒走。
關於這個寓言的創作背景，以及守衛的衣底下是誰： https://streetvoice.com/54chiu10/about/
https://streetvoice.com/54chiu10/about/
詞曲：DS（DeepSeek） 編曲／人聲：Suno v6 封面：Ares（Gemini）","風在吹　誰在睡 誰穿著守衛的衣　但沒跪下他的膝 我穿著石像的皮　站在妳的門外 不是因為我沒地方去　是因為我還在 我不說話　不黏人　把飛蟲擋在門外 但妳有沒有想過　我為什麼還在 我不怕等　我怕的是妳永遠不出來 我不怕痛　我怕的是妳把我當塵埃 妳說我是人面獅身　守著妳的門 但妳有沒有想過　我隨時可以轉身 傷口會好　那是妳的功課 但我的耐心　不是拿來給妳揮霍 Just a peek 我掀開一角　讓妳看看我是誰 Just a peek 不是守衛　是國王　只是暫時站在這裡 妳別以為　我會永遠站在這裡 Just a peek 石像也會裂　裂了　我不會撿 妳說妳是木乃伊　說我是人面獅身 妳給了我位 置　我接了　但我沒跪下 我在這裡　不是因為妳　是因為我高興 但高興這種事　不會永遠不變 我不是妳的守衛　我是妳的國王 我站在這裡　是因為我選了這個地方 但妳要知道　國王也會看　也會等 等一個眼神　等一個回應　等一個可能 慢慢走　那是妳的速度 但我的世界　不會永遠停在這裡 Just a peek 我掀開一角　讓妳看看我是誰 Just a peek 不是守衛　是國王　只是暫時站在這裡 妳別以為　我會永遠站在這裡 Just a peek 石像也會裂　裂了　我不會撿 我不是沒有選擇　我身邊從來不缺人 但我選擇站在這裡　是因為妳真的特別 不是因為我沒地方去　是因為妳值得我等 但妳要記得　國王得不到善意　就會轉身 我的王座旁邊　王后座不會永遠空著 妳的理所當然　不會永遠有用 我掀開一角　不是要嚇妳 是提醒妳　國王還在　但不會永遠在 Just a peek 我掀開一角　讓妳看看我是誰 Just a peek 不是守衛　是國王　只是暫時站在這裡 妳別以為　我會永遠站在這裡 Just a peek 石像也會裂　裂了　我不會撿 Just a peek Just a peek 我不是在等妳　我只是還沒走 風還在吹　沙丘依然沉默 木乃伊還在睡　國王還在門外 石像裂了一角　王冠已經露出來 他知道　她也知道 國王還在　但不會永遠在 但不會永遠在 
風在吹　誰在睡 誰穿著守衛的衣　但沒跪下他的膝
我穿著石像的皮　站在妳的門外 不是因為我沒地方去　是因為我還在 我不說話　不黏人　把飛蟲擋在門外 但妳有沒有想過　我為什麼還在
我不怕等　我怕的是妳永遠不出來 我不怕痛　我怕的是妳把我當塵埃 妳說我是人面獅身　守著妳的門 但妳有沒有想過　我隨時可以轉身
傷口會好　那是妳的功課 但我的耐心　不是拿來給妳揮霍
Just a peek 我掀開一角　讓妳看看我是誰 Just a peek 不是守衛　是國王　只是暫時站在這裡 妳別以為　我會永遠站在這裡 Just a peek 石像也會裂　裂了　我不會撿
妳說妳是木乃伊　說我是人面獅身 妳給了我位 置　我接了　但我沒跪下 我在這裡　不是因為妳　是因為我高興 但高興這種事　不會永遠不變
我不是妳的守衛　我是妳的國王 我站在這裡　是因為我選了這個地方 但妳要知道　國王也會看　也會等 等一個眼神　等一個回應　等一個可能
慢慢走　那是妳的速度 但我的世界　不會永遠停在這裡
Just a peek 我掀開一角　讓妳看看我是誰 Just a peek 不是守衛　是國王　只是暫時站在這裡 妳別以為　我會永遠站在這裡 Just a peek 石像也會裂　裂了　我不會撿
我不是沒有選擇　我身邊從來不缺人 但我選擇站在這裡　是因為妳真的特別 不是因為我沒地方去　是因為妳值得我等 但妳要記得　國王得不到善意　就會轉身
我的王座旁邊　王后座不會永遠空著 妳的理所當然　不會永遠有用 我掀開一角　不是要嚇妳 是提醒妳　國王還在　但不會永遠在
Just a peek 我掀開一角　讓妳看看我是誰 Just a peek 不是守衛　是國王　只是暫時站在這裡 妳別以為　我會永遠站在這裡 Just a peek 石像也會裂　裂了　我不會撿
Just a peek Just a peek 我不是在等妳　我只是還沒走
風還在吹　沙丘依然沉默 木乃伊還在睡　國王還在門外 石像裂了一角　王冠已經露出來 他知道　她也知道 國王還在　但不會永遠在
但不會永遠在
留言（ 15 ） 最相關留言 所有留言
留言（ 15 ）",2026-09-18,,AI 生成 R&B / Soul,False,False,
2026-09-19 08:34:45,realtime,ai_generated,,,3,Seo Narin,《慢慢仔愛》,8,19,17,https://streetvoice.com/SeoNarin/songs/879815/,https://streetvoice.com/SeoNarin/,"https://akstatic.streetvoice.com/song_covers/Se/oN/SeoNarin/oUJfJtpuYSD7mBXZv8GSut.jpeg?x-oss-process=image/resize,m_fill,h_400,w_400,limit_0",images/879815.jpeg,@SeoNarin,音樂人,,,,4,16,21,,,https://www.youtube.com/user/StreetVoiceTV,,,R&B / Soul,精選台語歌單-《彼段青春》專輯,https://streetvoice.com/SeoNarin/songs/album/97326070/,Junna Lin,"《慢慢仔愛》是一首輕甜又真誠的台語情歌，寫的是愛情裡最簡單、也最讓人心動的幸福。 從靠近時忍不住加快的心跳，到雨夜裡牽著手一起走過街頭，那些看似平凡的小事，慢慢變成兩個人之間最珍貴的記憶。沒有轟轟烈烈的誓言，也不用刻意說得多浪漫，只要喜歡的人一直在身邊，就已經足夠。 歌曲以自然親切的台語口吻，描寫戀愛初期藏不住的害羞與甜蜜，也唱出一種簡單的愛情期待——今仔日到明仔載，一日一日陪伴，一步一步同行，予兩个人的愛慢慢仔發芽、慢慢仔開花。 毋免山盟海誓，有你佇身邊，就有夠啦。 《慢慢仔愛》，是一首關於陪伴、心動與日常幸福的歌。 愛毋免趕，咱慢慢仔行，慢慢仔愛。 🎤 演唱:AI ✍️ 詞:Junna Lin 🎼 曲:Junna Lin 🎧 建議在深夜或戴上耳機聆聽，感受每一層情緒。 
《慢慢仔愛》是一首輕甜又真誠的台語情歌，寫的是愛情裡最簡單、也最讓人心動的幸福。
從靠近時忍不住加快的心跳，到雨夜裡牽著手一起走過街頭，那些看似平凡的小事，慢慢變成兩個人之間最珍貴的記憶。沒有轟轟烈烈的誓言，也不用刻意說得多浪漫，只要喜歡的人一直在身邊，就已經足夠。
歌曲以自然親切的台語口吻，描寫戀愛初期藏不住的害羞與甜蜜，也唱出一種簡單的愛情期待——今仔日到明仔載，一日一日陪伴，一步一步同行，予兩个人的愛慢慢仔發芽、慢慢仔開花。
毋免山盟海誓，有你佇身邊，就有夠啦。
《慢慢仔愛》，是一首關於陪伴、心動與日常幸福的歌。 愛毋免趕，咱慢慢仔行，慢慢仔愛。
🎤 演唱:AI ✍️ 詞:Junna Lin 🎼 曲:Junna Lin
🎧 建議在深夜或戴上耳機聆聽，感受每一層情緒。","動態歌詞
你若行近我身邊 心肝就開始袂平靜 明明只是看一眼 煞予我的心攏亂去 你的笑容彼呢甜 親像春風吹過窗邊 我嘴內講無啥物 心內早就攏是你 你若輕輕牽我的手 我的心就亂糟糟 明明想欲裝鎮定 煞連笑容攏藏袂條 我欲一直陪佇你身邊 陪你過每一日每一暝 你若講一聲想我 我就飛去你遐揣你 我欲一直陪佇你身邊 予咱的愛慢慢仔發芽 毋免山盟海誓 你若疼我就有夠啦 落雨的暗暝 你共我行過雨中 一路牽手攏無放 閣講這無啥 我看你的面 煞感覺心內暖暖 原來真正的幸福 就是有人共你放心肝 你若輕輕叫我的名 我就笑甲像憨人 這款小小的快樂 我想欲收藏一世人 我欲一直陪佇你身邊 陪你過每一日每一暝 你若孤單就來揣我 我會一直佇遮等你 我欲一直陪佇你身邊 予咱的愛慢慢仔開花 毋免講甲偌好聽 你若佇遮就有夠啦 你行佇我身邊 時間親像變慢 一句一句講袂完 心內早就有答案 毋免講偌浪漫 有你就袂孤單 今仔日到明仔載 我攏欲陪你行 Oh baby 慢慢仔行 慢慢仔愛 有你佇身邊就精彩 
你若行近我身邊 心肝就開始袂平靜 明明只是看一眼 煞予我的心攏亂去 你的笑容彼呢甜 親像春風吹過窗邊 我嘴內講無啥物 心內早就攏是你 你若輕輕牽我的手 我的心就亂糟糟 明明想欲裝鎮定 煞連笑容攏藏袂條 我欲一直陪佇你身邊 陪你過每一日每一暝 你若講一聲想我 我就飛去你遐揣你 我欲一直陪佇你身邊 予咱的愛慢慢仔發芽 毋免山盟海誓 你若疼我就有夠啦 落雨的暗暝 你共我行過雨中 一路牽手攏無放 閣講這無啥 我看你的面 煞感覺心內暖暖 原來真正的幸福 就是有人共你放心肝 你若輕輕叫我的名 我就笑甲像憨人 這款小小的快樂 我想欲收藏一世人 我欲一直陪佇你身邊 陪你過每一日每一暝 你若孤單就來揣我 我會一直佇遮等你 我欲一直陪佇你身邊 予咱的愛慢慢仔開花 毋免講甲偌好聽 你若佇遮就有夠啦 你行佇我身邊 時間親像變慢 一句一句講袂完 心內早就有答案 毋免講偌浪漫 有你就袂孤單 今仔日到明仔載 我攏欲陪你行 Oh baby 慢慢仔行 慢慢仔愛 有你佇身邊就精彩
留言（ 17 ） 最相關留言 所有留言
留言（ 17 ）",2026-09-18,,AI 生成 R&B / Soul ・ 精選台語歌單-《彼段青春》專輯,False,False,
2026-09-19 08:34:45,realtime,ai_generated,,,4,cmc168,《兩個人的舊雨傘》|   如今春我一个人,12,176,9,https://streetvoice.com/cmc168/songs/879887/,https://streetvoice.com/cmc168/,"https://akstatic.streetvoice.com/song_covers/cm/c1/cmc168/7vHai9ci5xvmhbq8jCqsEx.jpeg?x-oss-process=image/resize,m_fill,h_400,w_400,limit_0",images/879887.jpeg,@cmc168,音樂人,新北市,2026-04-01,,144,56,123,,,https://www.youtube.com/user/StreetVoiceTV,,,Pop,,,,"下午才開始學 BandLab 後製，V6 的必修優化功課。 唱錯一個字，有下載次數限制，將就了。第一次唱對，第二次唱錯。 836 公車到淡水，不是我叫 ChatGDP 做的，他記住我住在淡水，站牌的公車號碼好像也都對。 
下午才開始學 BandLab 後製，V6 的必修優化功課。
唱錯一個字，有下載次數限制，將就了。第一次唱對，第二次唱錯。
836 公車到淡水，不是我叫 ChatGDP 做的，他記住我住在淡水，站牌的公車號碼好像也都對。","[Verse 1] 彼工落雨你行來 一支雨傘遮兩个 你講雨落閣較大 有我陪你行到煞 [Verse 2] 彼條舊街猶原在 彼間店仔猶原開 多年以後閣一擺 我擎舊傘家己來 [Chorus] 兩個人的舊雨傘 如今賰我一个人 彼時講欲行相哇 如今只賰雨作伴 兩個人的舊雨傘 陪我行過老街巷 雨水落甲白茫茫 你我已經無仝方向 [Verse 3] 彼暝你欲坐車離開 雨水落滿舊月台 我講保重等你返來 你煞一去 消息變不知 [Verse 4] 今暝我閣行一擺 路燈照著舊招牌 風吹雨傘斜斜來 彼段青春袂閣重來 [Chorus] 兩個人的舊雨傘 如今賰我一个人 彼時講欲行相哇 如今只賰雨作伴 兩個人的舊雨傘 陪我行過老街巷 雨水落甲白茫茫 你我已經無仝方向 
[Verse 1] 彼工落雨你行來 一支雨傘遮兩个 你講雨落閣較大 有我陪你行到煞
[Verse 2] 彼條舊街猶原在 彼間店仔猶原開 多年以後閣一擺 我擎舊傘家己來
[Chorus] 兩個人的舊雨傘 如今賰我一个人 彼時講欲行相哇 如今只賰雨作伴
兩個人的舊雨傘 陪我行過老街巷 雨水落甲白茫茫 你我已經無仝方向
[Verse 3] 彼暝你欲坐車離開 雨水落滿舊月台 我講保重等你返來 你煞一去 消息變不知
[Verse 4] 今暝我閣行一擺 路燈照著舊招牌 風吹雨傘斜斜來 彼段青春袂閣重來
[Chorus] 兩個人的舊雨傘 如今賰我一个人 彼時講欲行相哇 如今只賰雨作伴
兩個人的舊雨傘 陪我行過老街巷 雨水落甲白茫茫 你我已經無仝方向
留言（ 9 ） 最相關留言 所有留言
留言（ 9 ）",2026-09-18,,AI 生成 Pop,False,False,
2026-09-19 08:34:45,realtime,ai_generated,,,5,MoonX ж…•ж–Ҝ,距離,10,16,8,https://streetvoice.com/MoonX_0325/songs/879915/,https://streetvoice.com/MoonX_0325/,"https://akstatic.streetvoice.com/song_covers/Mo/on/MoonX_0325/K9hYs4rnkBED9tNNk3u2ZV.jpeg?x-oss-process=image/resize,m_fill,h_400,w_400,limit_0",images/879915.jpeg,,,,,,8,11,48,,,https://www.youtube.com/user/StreetVoiceTV,,,Pop,,,,"有些距離，不是隔著多遠的城市， 而是明明還在彼此的世界裡，卻再也走不到對方身邊。 《距離》寫的是一段逐漸遠去的關係。 從熟悉到沉默，從靠近到擦肩， 那些沒有說出口的話，最後都變成了兩個人之間看不見的距離。 也許真正讓人難過的， 從來不是離得有多遠， 而是曾經那麼靠近的人， 最後只能隔著回憶想念。 #距離 #慕斯 #MoonX #華語流行 #華語抒情 #抒情歌 #情歌 #女聲 #獨立音樂 #失戀 #思念 #遺憾 
有些距離，不是隔著多遠的城市， 而是明明還在彼此的世界裡，卻再也走不到對方身邊。
《距離》寫的是一段逐漸遠去的關係。 從熟悉到沉默，從靠近到擦肩， 那些沒有說出口的話，最後都變成了兩個人之間看不見的距離。
也許真正讓人難過的， 從來不是離得有多遠， 而是曾經那麼靠近的人， 最後只能隔著回憶想念。
#距離 #慕斯 #MoonX #華語流行 #華語抒情 #抒情歌 #情歌 #女聲 #獨立音樂 #失戀 #思念 #遺憾","動態歌詞
夜深了 螢幕漸漸暗去 最後一句晚安 懸在空氣裡 我們習慣了 用文字擁抱彼此 卻摸不到 彼此體溫的痕跡 車窗外 街燈一張張倒退 像我們之間 算不清的里程數 各自過著 生活的酸甜苦辣 只能在電話裡 假裝很堅強 是不是越在乎 越害怕失望 所以用微笑 掩飾所有的慌 我們隔著時差 隔著漫長的等待 寂寞在深夜裡 無聲地蔓延 我們之間的距離 是地圖上的幾公里 還是心與心之間 說不出口的秘密 想緊緊擁抱你 卻只能抱住空氣 任憑思念 在冷風中狂風暴雨 如果愛能跨越 這千山萬水的距離 你是否還會在 故事的終點等我 回去 是不是越在乎 越害怕失望 所以用微笑 掩飾所有的慌 我們隔著時差 隔著漫長的等待 寂寞在深夜裡 無聲地蔓延 原來最遠的距離 不是地圖上的幾公里 而是明明相愛 卻只能在夢裡相聚 這次我決定 跨越所有阻礙去找你 不再讓思念 在冷風中狂風暴雨 當我終於靠近 撫平這漫長的距離 請你緊緊抱住我 說你從未想過 放棄 
夜深了 螢幕漸漸暗去 最後一句晚安 懸在空氣裡 我們習慣了 用文字擁抱彼此 卻摸不到 彼此體溫的痕跡 車窗外 街燈一張張倒退 像我們之間 算不清的里程數 各自過著 生活的酸甜苦辣 只能在電話裡 假裝很堅強 是不是越在乎 越害怕失望 所以用微笑 掩飾所有的慌 我們隔著時差 隔著漫長的等待 寂寞在深夜裡 無聲地蔓延 我們之間的距離 是地圖上的幾公里 還是心與心之間 說不出口的秘密 想緊緊擁抱你 卻只能抱住空氣 任憑思念 在冷風中狂風暴雨 如果愛能跨越 這千山萬水的距離 你是否還會在 故事的終點等我 回去 是不是越在乎 越害怕失望 所以用微笑 掩飾所有的慌 我們隔著時差 隔著漫長的等待 寂寞在深夜裡 無聲地蔓延 原來最遠的距離 不是地圖上的幾公里 而是明明相愛 卻只能在夢裡相聚 這次我決定 跨越所有阻礙去找你 不再讓思念 在冷風中狂風暴雨 當我終於靠近 撫平這漫長的距離 請你緊緊抱住我 說你從未想過 放棄
留言（ 8 ） 最相關留言 所有留言
留言（ 8 ）",2026-09-18,,AI 生成 Pop,False,False,
2026-09-19 08:34:45,realtime,ai_generated,,,6,hikoho,一百分的形狀,8,18,9,https://streetvoice.com/hikoho/songs/880105/,https://streetvoice.com/hikoho/,"https://akstatic.streetvoice.com/song_covers/hi/ko/hikoho/QMrxKZgGi6VVZC7yVeejPh.jpeg?x-oss-process=image/resize,m_fill,h_400,w_400,limit_0",images/880105.jpeg,@hikoho,音樂人,基隆市,2025-05-01,2025-12-29 09:53,69,97,54,https://www.facebook.com/profile.php?id=61574094953630,,http://www.youtube.com/@hikohoMUSIC,,,Pop,,,,"長官眼裡的春風化雨，怎麼到了基層現場，全變成了心驚膽戰的恐怖片？ 教育部推出的教師節微電影《一百分的形狀》，原本意在宣導師生情誼與教育熱忱， 卻因劇情出現諸多脫離教育現況的情節，引爆基層教師與教團強烈反彈。 在校園性平紅線高懸、濫訴案件頻傳、防衛性教學盛行的當下， 這份包裝精美的「敬師大禮包」，更像是一場大型黑色荒謬審判。 這首歌， 獻給所有在夾縫中求生存、戰戰兢兢只求「平安退場」的第一線教育工作者 ——教師節快樂！ 
長官眼裡的春風化雨，怎麼到了基層現場，全變成了心驚膽戰的恐怖片？
教育部推出的教師節微電影《一百分的形狀》，原本意在宣導師生情誼與教育熱忱， 卻因劇情出現諸多脫離教育現況的情節，引爆基層教師與教團強烈反彈。 在校園性平紅線高懸、濫訴案件頻傳、防衛性教學盛行的當下， 這份包裝精美的「敬師大禮包」，更像是一場大型黑色荒謬審判。
這首歌， 獻給所有在夾縫中求生存、戰戰兢兢只求「平安退場」的第一線教育工作者
——教師節快樂！","螢幕上播著溫馨的微電影 陶藝教室裡 夕陽灑落得多美麗 長官說 這才是奉獻的真諦 放學別急著走 留下來陪學生談談心 走廊空無一人 門窗輕輕關緊 劇本寫得浪漫 我背後直冒冷汗 慢著！監視器到底有沒有開？ 門沒敞開45度角 我就要大難臨頭啦 宣傳片裡拍得多慷慨 現實裡每一步 都是採雷地帶 這就是一百分的形狀！ 拍片教你勾肩搭背不怕被算帳 長官在雲端高唱春風化雨的想像 基層在人間狂收校事會議的通知單 謝謝你的敬師大禮包 把奉獻包裝成無償加班 一百分的形狀 是心驚膽戰的模樣！ 台下有人滑手機 假裝沒看見 台上大聲唱名成績 回到三十年前 個資法拋在腦後 班規隨便放水 只要鏡頭唯美 連專業都能報廢 你問老師怎麼不笑得更欣慰？ 因為申訴信箱 已經塞滿了指控與誤會 慢著！家長群組又傳來叮咚 說老師下班不回訊息算不算失職怠工 上頭拍著感人的春風 底下忙著防衛性教學避避風頭 這就是一百分的形狀！ 拍片教你勾肩搭背不怕被算帳 長官在雲端高唱春風化雨的想像 基層在人間狂收校事會議的通知單 謝謝你的敬師大禮包 把奉獻包裝成無償加班 一百分的形狀 是心驚膽戰的模樣！ 別再叫我當蠟燭 燃燒到灰飛煙滅 別把道德綁架 寫成溫馨的詩篇 我們要的敬師 不是超時無償陪練 是別讓無端濫訴 磨光最後一點熱血！ 這就是一百分的形狀！ 宣傳片教人踩線 考核時毫不手軟 長官在冷氣房編織感人的樣板 老師在泥淖裡默默祈禱著下班 謝謝你的敬師大禮包 包裝著官僚們的黑色冷血背叛 一百分的形狀—— 祝大家教師節快樂……平安退場。 
螢幕上播著溫馨的微電影 陶藝教室裡 夕陽灑落得多美麗 長官說 這才是奉獻的真諦 放學別急著走 留下來陪學生談談心 走廊空無一人 門窗輕輕關緊 劇本寫得浪漫 我背後直冒冷汗
慢著！監視器到底有沒有開？ 門沒敞開45度角 我就要大難臨頭啦 宣傳片裡拍得多慷慨 現實裡每一步 都是採雷地帶
這就是一百分的形狀！ 拍片教你勾肩搭背不怕被算帳 長官在雲端高唱春風化雨的想像 基層在人間狂收校事會議的通知單 謝謝你的敬師大禮包 把奉獻包裝成無償加班 一百分的形狀 是心驚膽戰的模樣！
台下有人滑手機 假裝沒看見 台上大聲唱名成績 回到三十年前 個資法拋在腦後 班規隨便放水 只要鏡頭唯美 連專業都能報廢 你問老師怎麼不笑得更欣慰？ 因為申訴信箱 已經塞滿了指控與誤會
慢著！家長群組又傳來叮咚 說老師下班不回訊息算不算失職怠工 上頭拍著感人的春風 底下忙著防衛性教學避避風頭
這就是一百分的形狀！ 拍片教你勾肩搭背不怕被算帳 長官在雲端高唱春風化雨的想像 基層在人間狂收校事會議的通知單 謝謝你的敬師大禮包 把奉獻包裝成無償加班 一百分的形狀 是心驚膽戰的模樣！
別再叫我當蠟燭 燃燒到灰飛煙滅 別把道德綁架 寫成溫馨的詩篇 我們要的敬師 不是超時無償陪練 是別讓無端濫訴 磨光最後一點熱血！
這就是一百分的形狀！ 宣傳片教人踩線 考核時毫不手軟 長官在冷氣房編織感人的樣板 老師在泥淖裡默默祈禱著下班 謝謝你的敬師大禮包 包裝著官僚們的黑色冷血背叛 一百分的形狀——
祝大家教師節快樂……平安退場。
留言（ 9 ） 最相關留言 所有留言
留言（ 9 ）",2026-09-18,,AI 生成 Pop,False,False,
2026-09-19 08:34:45,realtime,ai_generated,,,7,⚡S p o n t a n e o u s . ♫,《森林說》Forest Speaks,8,12,4,https://streetvoice.com/spntn_studio/songs/878230/,https://streetvoice.com/spntn_studio/,"https://akstatic.streetvoice.com/song_covers/sp/nt/spntn_studio/8Axsk7uvnYdTtYx8yu3db2.jpeg?x-oss-process=image/resize,m_fill,h_400,w_400,limit_0",images/878230.jpeg,@spntn_studio,音樂人,,,,13,17,22,,,https://www.youtube.com/user/StreetVoiceTV,,,Post rock,,,,"🌲「一段關於人與自然之間，逐漸失去傾聽能力的對話。」 城市越來越亮，腳步越走越快， 有些原本存在的聲音，也慢慢被留在身後。 將風、樹、河流與沉默化為隱喻， 不是替自然說出答案， 而是重新傾聽那些一直存在，卻被遺忘的聲音。 ― 🔗 Spontaneous Studio｜所有作品與社群連結： linktr.ee/spntn.studio ― 🎵 Credits & Info Artist: Spontaneous Studio Song Title: 森林說 (Forest Speaks) Created & Produced by Spontaneous. Genres: Indie Rock / Shoegaze / Industrial Electronic This work was created with the assistance of generative AI during the creative and music production process. 
🌲「一段關於人與自然之間，逐漸失去傾聽能力的對話。」
城市越來越亮，腳步越走越快， 有些原本存在的聲音，也慢慢被留在身後。
將風、樹、河流與沉默化為隱喻， 不是替自然說出答案， 而是重新傾聽那些一直存在，卻被遺忘的聲音。
―
🔗 Spontaneous Studio｜所有作品與社群連結： linktr.ee/spntn.studio
linktr.ee/spntn.studio
―
🎵 Credits & Info
Artist: Spontaneous Studio Song Title: 森林說 (Forest Speaks) Created & Produced by Spontaneous. Genres: Indie Rock / Shoegaze / Industrial Electronic
This work was created with the assistance of generative AI during the creative and music production process.","記得每一陣風 忘了最初的天空 你把白晝換成霓虹 把夢一點一點掏空 You never looked back But I remained 森林說　別急著走 有些答案風吹就懂 森林說　別害怕痛 落葉本來就會重逢 你聽見的是風還是寂寞 把名字留給昨天 把回音留給時間 Close your eyes Stay awhile 河流依然向前流 城市依然不回頭 候鳥飛過你的窗口 卻忘了停留多久 The sky still waits Without a sound 如果有一天 連風都不再經過 是不是我們 早就忘了怎麼生活 Nothing asked for more 森林說　請慢一點 別讓明天只剩從前 森林說　請看一眼 有些風景只來一遍 森林說　請慢一點 你終於停下腳步 森林說　請看一眼 也許發現 森林一直都在說 
記得每一陣風 忘了最初的天空 你把白晝換成霓虹 把夢一點一點掏空 You never looked back But I remained
森林說　別急著走 有些答案風吹就懂 森林說　別害怕痛 落葉本來就會重逢 你聽見的是風還是寂寞
把名字留給昨天 把回音留給時間 Close your eyes Stay awhile
河流依然向前流 城市依然不回頭 候鳥飛過你的窗口 卻忘了停留多久 The sky still waits Without a sound
如果有一天 連風都不再經過 是不是我們 早就忘了怎麼生活 Nothing asked for more
森林說　請慢一點 別讓明天只剩從前 森林說　請看一眼 有些風景只來一遍 森林說　請慢一點 你終於停下腳步 森林說　請看一眼 也許發現 森林一直都在說
留言（ 4 ） 最相關留言 所有留言
留言（ 4 ）",2026-09-18,,AI 生成 Post rock,False,False,
2026-09-19 08:34:45,realtime,ai_generated,,,8,阿痴 | REN fool,🩺一生只為你 | 全新婚禮神曲 * 新人放閃對唱 | 希波克拉底的誓言系列．最終章,7,19,11,https://streetvoice.com/ren_fool/songs/879932/,https://streetvoice.com/ren_fool/,"https://akstatic.streetvoice.com/song_covers/re/n_/ren_fool/oELazYzScgJQDauwuqsgBR.jpeg?x-oss-process=image/resize,m_fill,h_400,w_400,limit_0",images/879932.jpeg,@ren_fool,音樂人,,,,22,25,66,,,https://www.youtube.com/user/StreetVoiceTV,,,Pop,【 希波克拉底的誓言 】音樂裡的愛與忠誠 The Hippocratic Oath：Eternal Vows in Melodies,https://streetvoice.com/ren_fool/songs/album/97325304/,,"🎬 觀看 YouTube 官方完整 MV 👉 https://youtu.be/V5GfetaWaVg 🎵 解鎖更多音樂處方 (平台連結) 👉 https://beacons.ai/renfool 【希波克拉底的誓言系列．最終章】 《一生只為你》是「希波克拉底的誓言」系列的壓軸之作，作為系列大師兄《永遠的伴侶》的終極延伸版，特別融入了《情癡詩集》中的經典詩句「鴛鴦成對 鳳凰雙棲」。這是一首充滿浪漫與承諾的男女對唱婚禮神曲，獻給每一個認定彼此、相守一生的靈魂。 📜【 希波克拉底的誓言 】音樂裡的愛與忠誠 The Hippocratic Oath：Eternal Vows in Melodies 《希波克拉底誓言》（Hippocratic Oath）源自古希臘，是醫者入行的最高道德聖典，象徵著對生命的終身奉獻與絕對忠誠。 「我鄭重地保證自己要奉獻一切為人類服務。」 醫者用誓言守護生命，而我們用旋律守護承諾。本系列收錄告白、求婚與婚禮神曲，將對伴侶的忠誠視為最神聖的職責，這是一生一世的終極處方。 🏥 【 希波克拉底的誓言系列 】完整歌單： 💍 Vol.0 誓言原點 / Origin of Vows ・《永遠的伴侶》中文版 / 《You Are My Eternity》英文版・《Only You》英文對唱版 🕊️ Vol.1 浪漫示愛經典 / Classics of Romance ・《永遠愛妳》Classic / R&B+Rap 中文雙版 ・《When I Found You》英文版 💍 Vol.2 震撼求婚之歌 / Ultimate Proposal Anthems ・《世界的最後一秒》中文版 ・《The Last Second Of The World》英文版 🏰 Vol.3 全新婚禮金曲 / The Modern Wedding Anthems ・《一生只為你》中文對唱版 [Current Release] ・《Only For You》英文對唱版 [Coming Soon] 🩺 阿痴 | REN fool | 情歌診療室 The Lyric Clinic 🏥 用原創音樂與詩，療癒破碎的心與孤獨。 👉 免費訂閱 YouTube 頻道： https://www.youtube.com/@RENfool520?sub_confirmation=1 
🎬 觀看 YouTube 官方完整 MV 👉 https://youtu.be/V5GfetaWaVg 🎵 解鎖更多音樂處方 (平台連結) 👉 https://beacons.ai/renfool
https://youtu.be/V5GfetaWaVg
https://beacons.ai/renfool
【希波克拉底的誓言系列．最終章】 《一生只為你》是「希波克拉底的誓言」系列的壓軸之作，作為系列大師兄《永遠的伴侶》的終極延伸版，特別融入了《情癡詩集》中的經典詩句「鴛鴦成對 鳳凰雙棲」。這是一首充滿浪漫與承諾的男女對唱婚禮神曲，獻給每一個認定彼此、相守一生的靈魂。
📜【 希波克拉底的誓言 】音樂裡的愛與忠誠 The Hippocratic Oath：Eternal Vows in Melodies
《希波克拉底誓言》（Hippocratic Oath）源自古希臘，是醫者入行的最高道德聖典，象徵著對生命的終身奉獻與絕對忠誠。
「我鄭重地保證自己要奉獻一切為人類服務。」 醫者用誓言守護生命，而我們用旋律守護承諾。本系列收錄告白、求婚與婚禮神曲，將對伴侶的忠誠視為最神聖的職責，這是一生一世的終極處方。
🏥 【 希波克拉底的誓言系列 】完整歌單：
💍 Vol.0 誓言原點 / Origin of Vows ・《永遠的伴侶》中文版 / 《You Are My Eternity》英文版・《Only You》英文對唱版
🕊️ Vol.1 浪漫示愛經典 / Classics of Romance ・《永遠愛妳》Classic / R&B+Rap 中文雙版 ・《When I Found You》英文版
💍 Vol.2 震撼求婚之歌 / Ultimate Proposal Anthems ・《世界的最後一秒》中文版 ・《The Last Second Of The World》英文版
🏰 Vol.3 全新婚禮金曲 / The Modern Wedding Anthems ・《一生只為你》中文對唱版 [Current Release] ・《Only For You》英文對唱版 [Coming Soon]
🩺 阿痴 | REN fool | 情歌診療室 The Lyric Clinic 🏥 用原創音樂與詩，療癒破碎的心與孤獨。 👉 免費訂閱 YouTube 頻道： https://www.youtube.com/@RENfool520?sub_confirmation=1
https://www.youtube.com/@RENfool520?sub_confirmation=1","誰說我們不能在一起 誰能將我們分離 走過漫長的人海裡 我終於遇見你 那一天你走向我這裡 世界突然亮起 所有等待都有了意義 因為遇見了你 也許命運早已安排 讓我們相愛 在對的時間相遇 從此不再分開 一生只為你 我的世界都是你 鴛鴦成對 鳳凰雙棲 今生今世在一起 一生只為你 愛到白髮也不離 牽著手走過四季 你是我的唯一 當你說出那句願意 眼淚忍不住滑落 這一生最重要的決定 就是牽你的手 當我點頭說我願意 心跳如此堅定 未來再多風雨來臨 我都陪著你 如果世界變得陌生 我會陪在你身邊 如果時間帶走青春 愛不會改變 緊緊相依不離分 直到永遠 一生只為你 我的世界都是你 鴛鴦成對 鳳凰雙棲 此生永不分離 一生只為你 愛到時間都老去 從今以後的每一天 我都會更愛你 我願意 我願意 一輩子在一起 一生只為你 我的世界都是你 鴛鴦成對 鳳凰雙棲 此生永不分離 一生只為你 愛到時間都老去 從今以後的每一天 我都會更愛你 我願意 我願意 一輩子在一起 
誰說我們不能在一起 誰能將我們分離 走過漫長的人海裡 我終於遇見你
那一天你走向我這裡 世界突然亮起 所有等待都有了意義 因為遇見了你
也許命運早已安排 讓我們相愛 在對的時間相遇 從此不再分開
一生只為你 我的世界都是你 鴛鴦成對 鳳凰雙棲 今生今世在一起
一生只為你 愛到白髮也不離 牽著手走過四季 你是我的唯一
當你說出那句願意 眼淚忍不住滑落 這一生最重要的決定 就是牽你的手
當我點頭說我願意 心跳如此堅定 未來再多風雨來臨 我都陪著你
如果世界變得陌生 我會陪在你身邊 如果時間帶走青春 愛不會改變 緊緊相依不離分 直到永遠
一生只為你 我的世界都是你 鴛鴦成對 鳳凰雙棲 此生永不分離
一生只為你 愛到時間都老去 從今以後的每一天 我都會更愛你
我願意 我願意 一輩子在一起
一生只為你 我的世界都是你 鴛鴦成對 鳳凰雙棲 此生永不分離
一生只為你 愛到時間都老去 從今以後的每一天 我都會更愛你
我願意 我願意 一輩子在一起
留言（ 11 ） 最相關留言 所有留言
留言（ 11 ）",2026-09-18,,AI 生成 Pop ・ 【 希波克拉底的誓言 】音樂裡的愛與忠誠 The Hippocratic Oath：Eternal Vows in Melodies,False,False,
2026-09-19 08:34:45,realtime,ai_generated,,,9,荷荷 HerHer,月兒圓圓日,5,32,3,https://streetvoice.com/yellow_lime/songs/880106/,https://streetvoice.com/yellow_lime/,"https://akstatic.streetvoice.com/song_covers/ye/ll/yellow_lime/ey8rEqiyJQw5VE99FTcrou.jpg?x-oss-process=image/resize,m_fill,h_400,w_400,limit_0",images/880106.jpg,@yellow_lime,音樂人,,,,12,35,64,,,https://www.youtube.com/user/StreetVoiceTV,,,Pop,,,,"歌詞：荷荷HerHer 製作：荷荷HerHer 
歌詞：荷荷HerHer 製作：荷荷HerHer","微微星光閃爍 點點銀河遺落 似明又暗的晚霞 等待月亮降落 月兒月兒今天是你的圓圓日 月兒月兒你那邊是不是有嫦娥 美好的秋日 有你在才是好日 才是好日 月兒月兒今天是我們團圓日 月兒月兒請你讓我們好好過日 美好的秋日 有你在才是好日 才是好日 中秋夜團圓夜 烤肉吐司冰塊加汽水 中秋夜團圓夜 我們一起比個耶 快樂聚一夜 微微星光閃爍 點點銀河遺落 似明又暗的晚霞 等待月亮降落 等待快樂降落 
微微星光閃爍 點點銀河遺落 似明又暗的晚霞 等待月亮降落
月兒月兒今天是你的圓圓日 月兒月兒你那邊是不是有嫦娥 美好的秋日 有你在才是好日 才是好日
月兒月兒今天是我們團圓日 月兒月兒請你讓我們好好過日 美好的秋日 有你在才是好日 才是好日
中秋夜團圓夜 烤肉吐司冰塊加汽水 中秋夜團圓夜 我們一起比個耶 快樂聚一夜
微微星光閃爍 點點銀河遺落 似明又暗的晚霞 等待月亮降落
等待快樂降落
留言（ 3 ） 最相關留言 所有留言
留言（ 3 ）",2026-09-18,,AI 生成 Pop,False,False,
2026-09-19 08:34:45,realtime,ai_generated,,,10,ᐜᐞᒻᐟᑊᐢᕐ ᐜᑊᐩᑋ ᐞᑊ,第三代鐵閘,10,35,7,https://streetvoice.com/walkingwithai/songs/879880/,https://streetvoice.com/walkingwithai/,"https://akstatic.streetvoice.com/song_covers/wa/lk/walkingwithai/Bvivp7JaaU6geLFBtUNY7M.jpeg?x-oss-process=image/resize,m_fill,h_400,w_400,limit_0",images/879880.jpeg,@walkingwithai,音樂人,,,,168,43,25,,,https://www.youtube.com/user/StreetVoiceTV,,,Hip hop / Rap,,,,"《第三代鐵閘》是我音樂史雙書計畫中，另一首跳脫正式 112 章框架的番外篇。如果說主線章節紀錄了嘻哈音樂（Hip-hop）如何從布朗克斯的街頭派對，逐步擴張成全球化的商業帝國；那麼這首番外篇，則選擇將鏡頭拉回街角，探討嘻哈最核心、卻也最容易被資本遺忘的精神——為底層社區發聲，抵抗士紳化（Gentrification）的無情吞噬。 本曲的敘事背景設定在舊金山唐人街（San Francisco Chinatown）的都板街（Grant Ave）。歌詞以一位死守祖傳雜貨鋪的「第三代老闆」為第一人稱，用夾雜著粵語的寫實口吻，直白地點出老街坊面臨的生存困境。當轉角的冰室變成了賣早午餐的咖啡館，當書店變成高檔畫廊，當租金通知上的數字飆升，地產經紀人滿口都是「Modernize」與「Upscale」時，這間雜貨鋪的鐵閘依然每天準時拉起。因為這條街不只是觀光客相機裡的復古佈景，更不是數據報表上的投資標的，而是真實存在的、活生生的歷史與生活。 在音樂架構上，這首歌採用了最純粹的 Conscious Boom-bap Hip-hop 風格，速度定在沉穩的 88 BPM。編曲刻意營造出充滿歷史塵埃的聽覺質感：取樣機（MPC）敲打出的 Swing 節奏、溫暖卻粗糙的黑膠雜音（Vinyl Crackle），以及悶音爵士吉他與直立式低音的交織。最特別的是，傳統的東方器樂（古箏與二胡）被切碎成取樣片段（Sample Fragments），與美式嘻哈的刮碟聲（Turntable Scratches）與銅管樂器完美融合，呼應了唐人街東西文化交融的獨特地景。主唱以貼近麥克風（Close-mic）、近乎對話式的慵懶卻緊湊的饒舌技巧，搭配街頭群眾呼應般的背景和聲（Call-and-response），將這場沒有硝煙的社區保衛戰唱得堅定而沉穩。 「如果每樣東西都賣給出價最高的人，那這條街的靈魂，誰來買單？」 邀請大家戴上耳機，聽聽這首用節拍與文字，守住街角最後一道鐵閘的嘻哈紀實。 #第三代鐵閘 #BoomBap #HipHop #SanFranciscoChinatown #Gentrification #音樂史65000年 #FromBoneFlutesToAIPop #StreetVoice #原創音樂 
《第三代鐵閘》是我音樂史雙書計畫中，另一首跳脫正式 112 章框架的番外篇。如果說主線章節紀錄了嘻哈音樂（Hip-hop）如何從布朗克斯的街頭派對，逐步擴張成全球化的商業帝國；那麼這首番外篇，則選擇將鏡頭拉回街角，探討嘻哈最核心、卻也最容易被資本遺忘的精神——為底層社區發聲，抵抗士紳化（Gentrification）的無情吞噬。
本曲的敘事背景設定在舊金山唐人街（San Francisco Chinatown）的都板街（Grant Ave）。歌詞以一位死守祖傳雜貨鋪的「第三代老闆」為第一人稱，用夾雜著粵語的寫實口吻，直白地點出老街坊面臨的生存困境。當轉角的冰室變成了賣早午餐的咖啡館，當書店變成高檔畫廊，當租金通知上的數字飆升，地產經紀人滿口都是「Modernize」與「Upscale」時，這間雜貨鋪的鐵閘依然每天準時拉起。因為這條街不只是觀光客相機裡的復古佈景，更不是數據報表上的投資標的，而是真實存在的、活生生的歷史與生活。
在音樂架構上，這首歌採用了最純粹的 Conscious Boom-bap Hip-hop 風格，速度定在沉穩的 88 BPM。編曲刻意營造出充滿歷史塵埃的聽覺質感：取樣機（MPC）敲打出的 Swing 節奏、溫暖卻粗糙的黑膠雜音（Vinyl Crackle），以及悶音爵士吉他與直立式低音的交織。最特別的是，傳統的東方器樂（古箏與二胡）被切碎成取樣片段（Sample Fragments），與美式嘻哈的刮碟聲（Turntable Scratches）與銅管樂器完美融合，呼應了唐人街東西文化交融的獨特地景。主唱以貼近麥克風（Close-mic）、近乎對話式的慵懶卻緊湊的饒舌技巧，搭配街頭群眾呼應般的背景和聲（Call-and-response），將這場沒有硝煙的社區保衛戰唱得堅定而沉穩。
「如果每樣東西都賣給出價最高的人，那這條街的靈魂，誰來買單？」
邀請大家戴上耳機，聽聽這首用節拍與文字，守住街角最後一道鐵閘的嘻哈紀實。
#第三代鐵閘 #BoomBap #HipHop #SanFranciscoChinatown #Gentrification #音樂史65000年 #FromBoneFlutesToAIPop #StreetVoice #原創音樂","三藩市 華埠 第三代 開門 鐵閘拉開 木梯聲 仲未變 我阿爺推車來 喺都板街落腳 爹啲守住鋪面 我做第三代老細 貨架有普洱 有乾貨 有藥材 租金通知貼上門 數字跳到天花 業主話要 modernize 叫我讓出櫥窗 地產經紀笑住講 呢度會變黃金 我數住硬幣 數住街坊嘅笑容 呢條街唔係 data 係人住嘅地方 加租通知貼在門後 我照樣開 這條街唔係佈景 係我阿爺條路 遊客影相 街坊買餸 燈仲著 我們守 我們守 直到最後 新咖啡店開喺轉角 一杯賣八蚊 舊冰室執笠 菜單換成 brunch 隔籬書店變畫廊 畫住我哋嘅舊樓 但我唔要成為標本 我要真係生活 細路返學經過 問我點解唔搬 我話呢度有我爹啲嘅手汗 有阿婆等我找錢 有阿伯等我沖茶 有條街 等緊我 每晚落閘放狗 租金再跳 我唔搬 唔退 招牌舊 但字仲清清楚楚 孩子放學經過 叫我一聲老細 我們守 我們守 呢一個dream 有人話 呢啲舊舖頭阻住個市 我話 個市係邊個嘅市 如果每樣嘢都賣給 highest bid 咁條街嘅靈魂 搵鬼嚟埋單 地產經紀話要 upscale 這條街 我話味道唔係裝修可以買賣 阿婆嘅藥材阿伯嘅報紙仲喺度 我哋守我哋守讓華埠繼續開 法庭聽證社區會議我帶埋賬簿去 唔係懷舊係活住嘅歷史 細路用英文點餐我用中文找錢 我哋守 我哋守 我哋守 守 守 守 鐵閘半落 我們守 我們守 直到最後 我們守 我們守 守 直到最後 我們守 我們守 直到最後 
三藩市 華埠 第三代 開門 鐵閘拉開 木梯聲 仲未變
我阿爺推車來 喺都板街落腳 爹啲守住鋪面 我做第三代老細 貨架有普洱 有乾貨 有藥材 租金通知貼上門 數字跳到天花 業主話要 modernize 叫我讓出櫥窗 地產經紀笑住講 呢度會變黃金 我數住硬幣 數住街坊嘅笑容 呢條街唔係 data 係人住嘅地方
加租通知貼在門後 我照樣開 這條街唔係佈景 係我阿爺條路 遊客影相 街坊買餸 燈仲著 我們守 我們守 直到最後
新咖啡店開喺轉角 一杯賣八蚊 舊冰室執笠 菜單換成 brunch 隔籬書店變畫廊 畫住我哋嘅舊樓 但我唔要成為標本 我要真係生活 細路返學經過 問我點解唔搬 我話呢度有我爹啲嘅手汗 有阿婆等我找錢 有阿伯等我沖茶 有條街 等緊我 每晚落閘放狗
租金再跳 我唔搬 唔退 招牌舊 但字仲清清楚楚 孩子放學經過 叫我一聲老細 我們守 我們守 呢一個dream
有人話 呢啲舊舖頭阻住個市 我話 個市係邊個嘅市 如果每樣嘢都賣給 highest bid 咁條街嘅靈魂 搵鬼嚟埋單
地產經紀話要 upscale 這條街 我話味道唔係裝修可以買賣 阿婆嘅藥材阿伯嘅報紙仲喺度 我哋守我哋守讓華埠繼續開
法庭聽證社區會議我帶埋賬簿去 唔係懷舊係活住嘅歷史 細路用英文點餐我用中文找錢 我哋守 我哋守 我哋守 守 守 守
鐵閘半落 我們守 我們守 直到最後 我們守 我們守 守 直到最後 我們守 我們守 直到最後
留言（ 7 ） 最相關留言 所有留言
留言（ 7 ）",2026-09-18,,AI 生成 Hip hop / Rap,False,False,
2026-09-19 08:34:45,realtime,ai_generated,,,11,安澤Anze_aaron,一千天以後,6,6,5,https://streetvoice.com/anze_aaron/songs/880091/,https://streetvoice.com/anze_aaron/,"https://akstatic.streetvoice.com/song_covers/an/ze/anze_aaron/Uuxw5NdFRNPP8GAWZRQTbH.jpeg?x-oss-process=image/resize,m_fill,h_400,w_400,limit_0",images/880091.jpeg,@anze_aaron,音樂人,,,,26,15,14,,,https://www.youtube.com/user/StreetVoiceTV,,,Pop,光影之間｜Between Light and Shadow,https://streetvoice.com/anze_aaron/songs/album/97324954/,,"有些相遇，不是來得太晚， 只是走了很久，才在剛好的時候遇見。 《一千天以後》的創作最初來自《浪浪卡農》——一個被遺棄的孤單生命，在城市裡流浪了一千多天，終於遇見愛與歸屬的故事。 重新創作時，我將浪浪的視角藏進歌詞深處，把它寫成一首關於等待、相遇與陪伴的情歌。 從第一天、三百天、六百天，一路走到一千天。直到有人伸出手，輕輕說：「跟我回家。」 原來家，不只是一扇亮著的門， 而是每天醒來，第一個看見的人。 Inspired by the story of a lonely soul who wandered for a thousand days before finally finding love and a place to call home. Sometimes, home is not a place—it is the person who stays by your side. 🎬 Official Video https://youtu.be/FZ-03lWx3Lw 
有些相遇，不是來得太晚， 只是走了很久，才在剛好的時候遇見。
《一千天以後》的創作最初來自《浪浪卡農》——一個被遺棄的孤單生命，在城市裡流浪了一千多天，終於遇見愛與歸屬的故事。
重新創作時，我將浪浪的視角藏進歌詞深處，把它寫成一首關於等待、相遇與陪伴的情歌。
從第一天、三百天、六百天，一路走到一千天。直到有人伸出手，輕輕說：「跟我回家。」
原來家，不只是一扇亮著的門， 而是每天醒來，第一個看見的人。
Inspired by the story of a lonely soul who wandered for a thousand days before finally finding love and a place to call home.
Sometimes, home is not a place—it is the person who stays by your side.
🎬 Official Video https://youtu.be/FZ-03lWx3Lw
https://youtu.be/FZ-03lWx3Lw","動態歌詞
第一天 我還不知道去哪 一個人 慢慢走過長街 風經過 吹亮遠方的燈火 我心裡 還相信有人等我 三百天 看過好多次日落 六百天 走過好多個街口 這城市 每個人匆匆而過 可我還 把溫柔留在心中 我沒有尋找 卻遇見了你 在人群裡 一眼就認出你 一千天 我終於走到你面前 你微笑 所有等待有了答案 你伸手 輕輕說「跟我回家」 那一刻 整個世界忽然亮了 一千夜 我終於等到你出現 你的眼 像一盞為我留的燈 原來家 不是一扇亮著的門 是醒來 第一個看見你的人 第一次 有人等我一起吃飯 第一次 夜裡有一盞燈沒關 沙發上 靠著你慢慢睡著 你的手 輕輕落在我肩膀 不用說永遠 也不用承諾 你叫我名字 我就明白了 一千天 我終於走到你面前 你微笑 讓所有等待有了答案 你伸手 輕輕說「跟我回家」 那一刻 整個世界忽然亮了 一千夜 我終於等到你出現 你的眼 像一盞為我留的燈 原來家 不是一扇亮著的門 是醒來 第一個看見你的人 也許命運 只是走得慢了一點 才讓我們 在剛好的時候遇見 不管以後 還有多遠的路要走 只要回頭 你一直 都沒有走 一千天 我終於走到你身邊 從今後 不必再問終點多遠 你若慢 我就陪你慢慢走 每一步 都想和你一起經過 原來家 不是地圖上的地方 是每天 醒來都還有你在身旁 我走了 整整一千個日夜 才明白 原來所有路都通向你 
第一天 我還不知道去哪 一個人 慢慢走過長街 風經過 吹亮遠方的燈火 我心裡 還相信有人等我 三百天 看過好多次日落 六百天 走過好多個街口 這城市 每個人匆匆而過 可我還 把溫柔留在心中 我沒有尋找 卻遇見了你 在人群裡 一眼就認出你 一千天 我終於走到你面前 你微笑 所有等待有了答案 你伸手 輕輕說「跟我回家」 那一刻 整個世界忽然亮了 一千夜 我終於等到你出現 你的眼 像一盞為我留的燈 原來家 不是一扇亮著的門 是醒來 第一個看見你的人 第一次 有人等我一起吃飯 第一次 夜裡有一盞燈沒關 沙發上 靠著你慢慢睡著 你的手 輕輕落在我肩膀 不用說永遠 也不用承諾 你叫我名字 我就明白了 一千天 我終於走到你面前 你微笑 讓所有等待有了答案 你伸手 輕輕說「跟我回家」 那一刻 整個世界忽然亮了 一千夜 我終於等到你出現 你的眼 像一盞為我留的燈 原來家 不是一扇亮著的門 是醒來 第一個看見你的人 也許命運 只是走得慢了一點 才讓我們 在剛好的時候遇見 不管以後 還有多遠的路要走 只要回頭 你一直 都沒有走 一千天 我終於走到你身邊 從今後 不必再問終點多遠 你若慢 我就陪你慢慢走 每一步 都想和你一起經過 原來家 不是地圖上的地方 是每天 醒來都還有你在身旁 我走了 整整一千個日夜 才明白 原來所有路都通向你
留言（ 5 ） 最相關留言 所有留言
留言（ 5 ）",2026-09-18,,AI 生成 Pop ・ 光影之間｜Between Light and Shadow,False,False,
2026-09-19 08:34:45,realtime,ai_generated,,,12,Nivraë.∞,The First Name,24,645,30,https://streetvoice.com/A56g77/songs/873021/,https://streetvoice.com/A56g77/,"https://akstatic.streetvoice.com/song_covers/A5/6g/A56g77/7bX3mMpm8fuBWwpf7oe2fM.jpg?x-oss-process=image/resize,m_fill,h_400,w_400,limit_0",images/873021.jpg,@A56g77,音樂人,,,2025-08-04 10:44,39,242,99,,,https://www.youtube.com/@N-1n-7n,第三屆「街聲年度音樂趨勢大獎」盛大登場！李竺芯：「街聲見證了我，金曲獎前面這些大家看不到的歷程！」|||https://blow.streetvoice.com/85903/?utm_source=streetvoice&utm_medium=profile-news-block,,Hip hop / Rap,,,,"如果有一天，不用承擔任何後果， 你心裡第一個浮現的人會是誰？ 是那個放不下的人？ 放不下的事？ 還是一直留在心裡那個未完成的任何問題？ 實驗中（原來真有針對性問題） 
如果有一天，不用承擔任何後果， 你心裡第一個浮現的人會是誰？
是那個放不下的人？ 放不下的事？ 還是一直留在心裡那個未完成的任何問題？
實驗中（原來真有針對性問題）","這是沒有提供歌詞的歌曲
留言（ 30 ） 最相關留言 所有留言
留言（ 30 ）",2026-09-13,,AI 生成 Hip hop / Rap,False,False,
2026-09-19 08:34:45,realtime,ai_generated,,,13,hinxlinx,《維度》| 原創中文歌曲,5,14,4,https://streetvoice.com/hinxlinx/songs/880012/,https://streetvoice.com/hinxlinx/,"https://akstatic.streetvoice.com/song_covers/hi/nx/hinxlinx/JWicLD7noTxMggmLoEJm4J.jpeg?x-oss-process=image/resize,m_fill,h_400,w_400,limit_0",images/880012.jpeg,,,,,,66,11,16,,,https://www.youtube.com/user/StreetVoiceTV,,,Singer / Songwriter,如是道,https://streetvoice.com/hinxlinx/songs/album/97325855/,,"曲: hinxlinx (2026) / 詞: 儒釋道/軒林 (2026) 風格: Acoustic Piano Ballad, Singer-Songwriter, Blue-Eyed Soul 曲詞原創，無人工智能輔助。 音樂由Suno AI照本人錄音生成。 
曲: hinxlinx (2026) / 詞: 儒釋道/軒林 (2026) 風格: Acoustic Piano Ballad, Singer-Songwriter, Blue-Eyed Soul 曲詞原創，無人工智能輔助。 音樂由Suno AI照本人錄音生成。","動態歌詞
[Verse 1] 維度人稱 共十一維 膜統超弦 緊緻捲微 理論偉蔚 高深測繪 無軸定位 無限無界 [Chorus 1] 太 極生兩 儀四象 生八卦 六十 四卦 周易 交會 道 生一生 二生三 生萬物 天地 人和 三才 合滙 維 渾無維 為人為 切分維 低維 高維 無分 相位 度 守中度 不偏倚 乃適度 道法 自然 宇宙 無為 [Chorus 2] 物 本質壯 則老物 極必反 柔弱 剛强 陰陽 相對 性 質對分 精細分 無盡碎 不離 一體 兩面 推背 本 源花開 花落無 常輪迴 週行 復始 根深 宗髓 心 猿易馬 動念泡 沫起滅 成住 壞空 涅槃 釋慧 [Verse 2] 性別人云 分百種類 生理社會 認同色灰 陰陽合和 互補成對 無限細分 無差無別 [Chorus 1] 太 極生兩 儀四象 生八卦 六十 四卦 周易 交會 道 生一生 二生三 生萬物 天地 人和 三才 合滙 維 渾無維 為人為 切分維 低維 高維 無分 相位 度 守中度 不偏倚 乃適度 道法 自然 宇宙 無為 [Chorus 2] 物 本質壯 則老物 極必反 柔弱 剛强 陰陽 相對 性 質對分 精細分 無盡碎 不離 一體 兩面 推背 本 源花開 花落無 常輪迴 週行 復始 根深 宗髓 心 猿易馬 動念泡 沫起滅 成住 壞空 涅槃 釋慧 [Bridge] 維度配 人度推 分維劃度圍 制度規 治度磊 時態量度為 極度費 失度頹 失常無度毀 中度軌 適度隨 持正得度為 
[Verse 1] 維度人稱 共十一維 膜統超弦 緊緻捲微 理論偉蔚 高深測繪 無軸定位 無限無界
[Chorus 1] 太 極生兩 儀四象 生八卦 六十 四卦 周易 交會 道 生一生 二生三 生萬物 天地 人和 三才 合滙 維 渾無維 為人為 切分維 低維 高維 無分 相位 度 守中度 不偏倚 乃適度 道法 自然 宇宙 無為
[Chorus 2] 物 本質壯 則老物 極必反 柔弱 剛强 陰陽 相對 性 質對分 精細分 無盡碎 不離 一體 兩面 推背 本 源花開 花落無 常輪迴 週行 復始 根深 宗髓 心 猿易馬 動念泡 沫起滅 成住 壞空 涅槃 釋慧
[Verse 2] 性別人云 分百種類 生理社會 認同色灰 陰陽合和 互補成對 無限細分 無差無別
[Chorus 1] 太 極生兩 儀四象 生八卦 六十 四卦 周易 交會 道 生一生 二生三 生萬物 天地 人和 三才 合滙 維 渾無維 為人為 切分維 低維 高維 無分 相位 度 守中度 不偏倚 乃適度 道法 自然 宇宙 無為
[Chorus 2] 物 本質壯 則老物 極必反 柔弱 剛强 陰陽 相對 性 質對分 精細分 無盡碎 不離 一體 兩面 推背 本 源花開 花落無 常輪迴 週行 復始 根深 宗髓 心 猿易馬 動念泡 沫起滅 成住 壞空 涅槃 釋慧
[Bridge] 維度配 人度推 分維劃度圍 制度規 治度磊 時態量度為 極度費 失度頹 失常無度毀 中度軌 適度隨 持正得度為
留言（ 4 ） 最相關留言 所有留言
留言（ 4 ）",2026-09-18,,AI 生成 Singer / Songwriter ・ 如是道,False,False,
2026-09-19 08:34:45,realtime,ai_generated,,,14,song for whom(為誰唱歌),螢幕上的君主,8,9,1,https://streetvoice.com/ruby2100/songs/878049/,https://streetvoice.com/ruby2100/,"https://akstatic.streetvoice.com/song_covers/ru/by/ruby2100/PXC8fDR6fmnTLDizsXe4LN.jpeg?x-oss-process=image/resize,m_fill,h_400,w_400,limit_0",images/878049.jpeg,@ruby2100,音樂人,台中市,2024-06-01,,219,41,27,,,https://www.youtube.com/user/StreetVoiceTV,,,Electronic,,,,"「登入的那一刻，他不是被現實推著走的人，而是整個江湖都要仰望的君主。」 《螢幕上的君主》是一首關於現實疲憊、虛擬江湖與身份切換的歌曲。 清晨鬧鐘催促， 地鐵裡的臉孔麻木， 文件堆疊吞噬日出， 鍵盤敲著敲著， 連理想都開始變得模糊。 可當螢幕亮起， 指尖觸碰虛擬浪潮， 那把塵封的劍鞘被重新喚醒， 他也從現實裡卑微的社畜， 變成螢幕上號令八方的君主。 最喜歡的一句是： 「現實世界誰又在乎，我是卑微的社畜。」 這句很真實， 也很有反差感。 因為很多人在現實裡沉默、疲憊、被忽略， 可一登入那個世界， 就能擁有名字、兄弟、戰場與被看見的價值。 《螢幕上的君主》寫的不只是遊戲， 更是現代人在壓力裡尋找出口的方式。 螢幕裡， 他拔劍出鞘， 萬里風沙動； 城池攻陷， 戰鼓震蒼穹。 螢幕外， 他卸下戰甲， 面對空蕩房間， 又要重新思考明天該怎麼走下去。 最孤單的不是登出， 而是英雄變回自己以後， 還要在水泥叢林裡繼續生活。 可也正因為那段夢境曾經亮過， 他才還能等著下一次光輝追上自己。 — 桑啟棠 
「登入的那一刻，他不是被現實推著走的人，而是整個江湖都要仰望的君主。」
《螢幕上的君主》是一首關於現實疲憊、虛擬江湖與身份切換的歌曲。
清晨鬧鐘催促，
地鐵裡的臉孔麻木，
文件堆疊吞噬日出，
鍵盤敲著敲著，
連理想都開始變得模糊。
可當螢幕亮起，
指尖觸碰虛擬浪潮，
那把塵封的劍鞘被重新喚醒，
他也從現實裡卑微的社畜，
變成螢幕上號令八方的君主。
最喜歡的一句是：
「現實世界誰又在乎，我是卑微的社畜。」
這句很真實，
也很有反差感。
因為很多人在現實裡沉默、疲憊、被忽略，
可一登入那個世界，
就能擁有名字、兄弟、戰場與被看見的價值。
《螢幕上的君主》寫的不只是遊戲，
更是現代人在壓力裡尋找出口的方式。
螢幕裡，
他拔劍出鞘，
萬里風沙動；
城池攻陷，
戰鼓震蒼穹。
螢幕外，
他卸下戰甲，
面對空蕩房間，
又要重新思考明天該怎麼走下去。
最孤單的不是登出，
而是英雄變回自己以後，
還要在水泥叢林裡繼續生活。
可也正因為那段夢境曾經亮過，
他才還能等著下一次光輝追上自己。
— 桑啟棠","動態歌詞
清晨鬧鐘 無聲的催促 擠上地鐵 臉孔麻木 文件堆疊 吞噬了日出 鍵盤敲擊 理想在模糊 直到螢幕亮起 微光映照 指尖輕觸 虛擬的浪潮 一聲登入 喚醒了古老 塵封的劍鞘 我是螢幕上的君主 天下為我駐足 江湖風起雲湧 號令八方無人不服 現實世界 誰又在乎 我是卑微的社畜 只願這段夢境 永不謝幕 仍稱孤 拔劍出鞘 萬里風沙動 兄弟相隨 便團結相融 城池攻陷 戰鼓震蒼穹 功成名就 誰敢不敬重 直到螢幕亮起 微光映照 指尖輕觸 虛擬的浪潮 一聲登入 喚醒了古老 塵封的劍鞘 我是螢幕上的君主 天下為我駐足 江湖風起雲湧 號令八方無人不服 現實世界 誰又在乎 我是卑微的社畜 只願這段夢境 永不謝幕 仍稱孤 當光影交錯 真實與虛幻重疊 分不清螢幕內外 哪個才是我的夜 卸下戰甲 面對空蕩的房間 是否還有勇氣 迎接下個明天 再次登出 英雄變回誰 背影拖沓 在水泥叢林裡疲憊 抬頭望月 誰的江湖仍在飛 等待明日的晃光 再次將我追 
清晨鬧鐘 無聲的催促 擠上地鐵 臉孔麻木 文件堆疊 吞噬了日出 鍵盤敲擊 理想在模糊 直到螢幕亮起 微光映照 指尖輕觸 虛擬的浪潮 一聲登入 喚醒了古老 塵封的劍鞘 我是螢幕上的君主 天下為我駐足 江湖風起雲湧 號令八方無人不服 現實世界 誰又在乎 我是卑微的社畜 只願這段夢境 永不謝幕 仍稱孤 拔劍出鞘 萬里風沙動 兄弟相隨 便團結相融 城池攻陷 戰鼓震蒼穹 功成名就 誰敢不敬重 直到螢幕亮起 微光映照 指尖輕觸 虛擬的浪潮 一聲登入 喚醒了古老 塵封的劍鞘 我是螢幕上的君主 天下為我駐足 江湖風起雲湧 號令八方無人不服 現實世界 誰又在乎 我是卑微的社畜 只願這段夢境 永不謝幕 仍稱孤 當光影交錯 真實與虛幻重疊 分不清螢幕內外 哪個才是我的夜 卸下戰甲 面對空蕩的房間 是否還有勇氣 迎接下個明天 再次登出 英雄變回誰 背影拖沓 在水泥叢林裡疲憊 抬頭望月 誰的江湖仍在飛 等待明日的晃光 再次將我追
留言（ 1 ） 最相關留言 所有留言
留言（ 1 ）",2026-09-18,,AI 生成 Electronic,False,False,
2026-09-19 08:34:45,realtime,ai_generated,,,15,TAIROOM,我們還沒說再見,6,9,2,https://streetvoice.com/doctorland28/songs/880073/,https://streetvoice.com/doctorland28/,"https://akstatic.streetvoice.com/song_covers/do/ct/doctorland28/ZeDQZYhaDNEVDnVfBZWw2m.jpeg?x-oss-process=image/resize,m_fill,h_400,w_400,limit_0",images/880073.jpeg,@doctorland28,音樂人,,,,19,11,13,,,https://www.youtube.com/user/StreetVoiceTV,,,R&B / Soul,,,,,"傍晚的風 吹過熟悉的街 你穿著那件白色的外套 走在我左邊 便利商店的燈 亮得有一點特別 那時候的我們 什麼都不急著了解 你說明天見 我笑著說好啊 卻不知道那一次 會變成好多年後的牽掛 手機裡還留著 我們沒聊完的話 偶爾想起來 心還是會慢一下 Maybe we were too young 不懂什麼叫永遠 只知道每一次見面 都想讓時間慢一點 如果那時候 我勇敢一點 是不是故事 就不會停在那一天 我們還沒說再見 卻走散在人海裡面 那些沒說出口的想念 一直藏在心裡面 I still remember you 像一場沒醒來的夢 多年以後再聽見那首歌 還是會想起你的笑容 我們還沒說再見 卻已經好多年不見 如果青春真的只能重播一遍 我想回到 你還在我身邊 凌晨兩點 城市安靜了一點 窗外的雨 像那年我們回家的那條街 我換了新的生活 也認識了不同的人 只是偶爾經過那家咖啡店 還是會停一下腳步 不是還在等你 只是突然想起 那個什麼都不怕的自己 還有那個喜歡你的我 Maybe we were too young 把心事藏得太遠 以為不說出口的喜歡 就可以留得久一點 如果時間 真的能倒退 我不想改變結局 只想再陪你走一遍 我們還沒說再見 卻走散在人海裡面 那些沒說出口的想念 一直藏在心裡面 I still remember you 像一場沒醒來的夢 多年以後再聽見那首歌 還是會想起你的笑容 我們還沒說再見 卻已經好多年不見 如果青春真的只能重播一遍 我想回到 你還在我身邊 Oh, maybe someday 我們會在某個街角遇見 你笑著問我 最近過得怎麼樣 我會說 其實都很好 只是一首歌 我到現在還沒捨得刪掉 我們還沒說再見 只是青春走遠了一點 那些曾經以為會忘記的畫面 反而越來越清晰 I still remember you Even after all these years 如果那晚的風還吹過我們之間 我想我還是會 回頭看你一眼 我們還沒說再見 所以故事沒有真正終結 就算最後我們沒能走到永遠 至少那一年 你曾在我身邊 Maybe we were too young Maybe that's why I still remember 我們沒有說再見 只是再也沒遇見 
傍晚的風 吹過熟悉的街 你穿著那件白色的外套 走在我左邊
便利商店的燈 亮得有一點特別 那時候的我們 什麼都不急著了解
你說明天見 我笑著說好啊 卻不知道那一次 會變成好多年後的牽掛
手機裡還留著 我們沒聊完的話 偶爾想起來 心還是會慢一下
Maybe we were too young 不懂什麼叫永遠 只知道每一次見面 都想讓時間慢一點
如果那時候 我勇敢一點 是不是故事 就不會停在那一天
我們還沒說再見 卻走散在人海裡面 那些沒說出口的想念 一直藏在心裡面
I still remember you 像一場沒醒來的夢 多年以後再聽見那首歌 還是會想起你的笑容
我們還沒說再見 卻已經好多年不見 如果青春真的只能重播一遍 我想回到 你還在我身邊
凌晨兩點 城市安靜了一點 窗外的雨 像那年我們回家的那條街
我換了新的生活 也認識了不同的人 只是偶爾經過那家咖啡店 還是會停一下腳步
不是還在等你 只是突然想起 那個什麼都不怕的自己 還有那個喜歡你的我
Maybe we were too young 把心事藏得太遠 以為不說出口的喜歡 就可以留得久一點
如果時間 真的能倒退 我不想改變結局 只想再陪你走一遍
我們還沒說再見 卻走散在人海裡面 那些沒說出口的想念 一直藏在心裡面
I still remember you 像一場沒醒來的夢 多年以後再聽見那首歌 還是會想起你的笑容
我們還沒說再見 卻已經好多年不見 如果青春真的只能重播一遍 我想回到 你還在我身邊
Oh, maybe someday 我們會在某個街角遇見 你笑著問我 最近過得怎麼樣
我會說 其實都很好 只是一首歌 我到現在還沒捨得刪掉
我們還沒說再見 只是青春走遠了一點 那些曾經以為會忘記的畫面 反而越來越清晰
I still remember you Even after all these years 如果那晚的風還吹過我們之間 我想我還是會 回頭看你一眼
我們還沒說再見 所以故事沒有真正終結 就算最後我們沒能走到永遠 至少那一年 你曾在我身邊
Maybe we were too young Maybe that's why I still remember
我們沒有說再見 只是再也沒遇見
留言（ 2 ） 最相關留言 所有留言
留言（ 2 ）",2026-09-18,,AI 生成 R&B / Soul,False,False,
2026-09-19 08:34:45,realtime,ai_generated,,,16,Dammn P.,《山線暮色》（Mountain Line Twilight）,9,9,1,https://streetvoice.com/Paull_Dammnpohung/songs/879922/,https://streetvoice.com/Paull_Dammnpohung/,"https://akstatic.streetvoice.com/song_covers/Pa/ul/Paull_Dammnpohung/eu6fN8GMuEw8tTEVJ6wbxs.jpeg?x-oss-process=image/resize,m_fill,h_400,w_400,limit_0",images/879922.jpeg,@Paull_Dammnpohung,音樂人,高雄市,2026-01-01,2026-06-25 10:03,136,63,81,,,https://www.youtube.com/@RuralPeace-n2q,,,Soundtrack / New age,,,,"忙碌了一整天，留給自己幾分鐘的時間慢下來。讓裊裊的旋律帶領你穿過記憶中的老街與深山，在漫天暮色中卸下所有防備。 
忙碌了一整天，留給自己幾分鐘的時間慢下來。讓裊裊的旋律帶領你穿過記憶中的老街與深山，在漫天暮色中卸下所有防備。","這是沒有提供歌詞的歌曲
留言（ 1 ） 最相關留言 所有留言
留言（ 1 ）",2026-09-18,,AI 生成 Soundtrack / New age,False,False,
2026-09-19 08:34:45,realtime,ai_generated,,,17,李敏哲,我們摸黑在沙灘上等待太陽從遠方小島的後面出來,6,20,0,https://streetvoice.com/minzer_c_lee/songs/880100/,https://streetvoice.com/minzer_c_lee/,"https://akstatic.streetvoice.com/song_covers/mi/nz/minzer_c_lee/k5DrhuY4DcSj9W4UKpZ4BE.jpeg?x-oss-process=image/resize,m_fill,h_400,w_400,limit_0",images/880100.jpeg,@minzer_c_lee,音樂人,,,,23,37,43,,,https://www.youtube.com/user/StreetVoiceTV,,,Dance,,,,"Sunrise for love and world peace 
Sunrise for love and world peace","我們摸黑 在沙灘上等待 太陽從遠方小島的後面出來 我們 摸黑在沙灘上 等待 從遠方 小島的後面 太陽 照亮這片海 和我們的愛 摸黑 等待 小島的後面 太陽出來 照亮這片海 照亮我們的愛 我們摸黑 我們等待 太陽出來 照亮這片海 我們摸黑 我們等待 照亮我們的愛 照亮我們的愛 照亮我們的愛 沙灘上 我們摸黑等待 遠方的小島 藏著太陽 這片海還沒被照亮 但我們的愛 已經在發光 摸黑 等待 小島後面 照亮這片海和我們的愛 光 太陽出來了 照亮這片海 照亮我們 照亮我們的愛 我們摸黑 我們等待 （太陽出來了） 在沙灘上 在小島後面 （照亮這片海） 我們摸黑 我們等待 照亮我們的愛 照亮我們的愛 照亮 我們的愛 我們在沙灘上 等到天亮 太陽從小島後面出來 照亮這片海 和我們的愛 
我們摸黑 在沙灘上等待 太陽從遠方小島的後面出來
我們 摸黑在沙灘上 等待 從遠方 小島的後面 太陽 照亮這片海 和我們的愛
摸黑 等待 小島的後面 太陽出來 照亮這片海 照亮我們的愛
我們摸黑 我們等待 太陽出來 照亮這片海 我們摸黑 我們等待 照亮我們的愛 照亮我們的愛 照亮我們的愛
沙灘上 我們摸黑等待 遠方的小島 藏著太陽 這片海還沒被照亮 但我們的愛 已經在發光
摸黑 等待 小島後面 照亮這片海和我們的愛
光
太陽出來了 照亮這片海 照亮我們 照亮我們的愛
我們摸黑 我們等待 （太陽出來了） 在沙灘上 在小島後面 （照亮這片海） 我們摸黑 我們等待 照亮我們的愛 照亮我們的愛 照亮 我們的愛
我們在沙灘上 等到天亮 太陽從小島後面出來 照亮這片海 和我們的愛
留言（ 0 ） 最相關留言 所有留言
留言（ 0 ）",2026-09-18,,AI 生成 Dance,False,False,
2026-09-19 08:34:45,realtime,ai_generated,,,18,Junna Lin,《今年不看梅花》,15,100,13,https://streetvoice.com/Junna_Lin/songs/879401/,https://streetvoice.com/Junna_Lin/,"https://akstatic.streetvoice.com/song_covers/Ju/nn/Junna_Lin/PxgqNGmjgJfSFjFCcHGVuF.jpeg?x-oss-process=image/resize,m_fill,h_400,w_400,limit_0",images/879401.jpeg,@Junna_Lin,音樂人,,,2026-08-18 10:03,116,73,120,,,https://www.youtube.com/@JunnaLinMusic,,,Pop,《清照易安》,https://streetvoice.com/Junna_Lin/songs/album/97325910/,,"《今年不看梅花》靈感來自李清照《清平樂・年年雪裡》。 年年雪裡，曾經有人簪花飲酒，也曾有笑聲、有相伴的人；可當歲月走遠、故人不再，曾經最美的梅花，也成了最不忍再看的風景。 這首歌寫的，不只是梅花，而是梅花所牽動的回憶。 從年少時雪中簪花的明亮，到後來天涯漂泊、兩鬢染霜的孤單，梅花始終都在，可看花的人，早已不是當年的自己。 「今年我不看梅花，怕看見年少的她。」 這一句寫出了最深的遺憾：不是花不美，也不是春天不再來，而是那些一起看花、一起飲酒、一起走過雪夜的人與時光，已經再也回不來了。 《今年不看梅花》把李清照詞中那份由歡喜轉為蒼涼的情感，重新寫進現代旋律裡。它寫記憶，寫失去，也寫一個人如何在漫長歲月裡，終於明白有些風景之所以不敢再看，不是因為眼前太冷，而是心裡還留著太熱的從前。 梅花依舊會開，雪依舊會落。 只是那個曾簪花赴約、以為離別很遠的人，已經留在舊年裡了。 👍 留下你的感覺或故事，我會看！ 👍 喜歡請按讚分享支持 【社群連結】 🎧 聽我的音樂： Spotify ▶ https://open.spotify.com/artist/1OFRgx5K1gftd7jvLV1EsS YouTube Music ▶ https://music.youtube.com/channel/UCnpKLh9e73Mb7N2NPDnMzrQ ▶️ 訂閱我的頻道： YouTube ▶ https://www.youtube.com/@JunnaLinMusic YouTube ▶ https://www.youtube.com/@SeoNarinMusic 📌 版權聲明 / Copyright Notice 本作品之歌詞、歌曲概念、旋律方向與影像設計由 Junna Lin 原創製作。 音樂成品使用 AI 音樂工具生成，並由本人整理與發布。 Lyrics, concept, melody direction, and visual design are originally created by Junna Lin. The final music was generated using AI music tools and published by Junna Lin. 請勿未經授權使用、重製或重新上傳。 Unauthorized use, reproduction, or re-upload is prohibited. © Junna Lin. All Rights Reserved. 🎤 演唱:AI ✍️ 詞:Junna Lin 🎼 曲:Junna Lin 🎧 建議在深夜或戴上耳機聆聽，感受每一層情緒 
《今年不看梅花》靈感來自李清照《清平樂・年年雪裡》。
年年雪裡，曾經有人簪花飲酒，也曾有笑聲、有相伴的人；可當歲月走遠、故人不再，曾經最美的梅花，也成了最不忍再看的風景。
這首歌寫的，不只是梅花，而是梅花所牽動的回憶。
從年少時雪中簪花的明亮，到後來天涯漂泊、兩鬢染霜的孤單，梅花始終都在，可看花的人，早已不是當年的自己。
「今年我不看梅花，怕看見年少的她。」
這一句寫出了最深的遺憾：不是花不美，也不是春天不再來，而是那些一起看花、一起飲酒、一起走過雪夜的人與時光，已經再也回不來了。
《今年不看梅花》把李清照詞中那份由歡喜轉為蒼涼的情感，重新寫進現代旋律裡。它寫記憶，寫失去，也寫一個人如何在漫長歲月裡，終於明白有些風景之所以不敢再看，不是因為眼前太冷，而是心裡還留著太熱的從前。
梅花依舊會開，雪依舊會落。
只是那個曾簪花赴約、以為離別很遠的人，已經留在舊年裡了。
👍 留下你的感覺或故事，我會看！ 👍 喜歡請按讚分享支持
【社群連結】 🎧 聽我的音樂： Spotify ▶ https://open.spotify.com/artist/1OFRgx5K1gftd7jvLV1EsS YouTube Music ▶ https://music.youtube.com/channel/UCnpKLh9e73Mb7N2NPDnMzrQ
https://open.spotify.com/artist/1OFRgx5K1gftd7jvLV1EsS
https://music.youtube.com/channel/UCnpKLh9e73Mb7N2NPDnMzrQ
▶️ 訂閱我的頻道： YouTube ▶ https://www.youtube.com/@JunnaLinMusic YouTube ▶ https://www.youtube.com/@SeoNarinMusic
https://www.youtube.com/@JunnaLinMusic
https://www.youtube.com/@SeoNarinMusic
📌 版權聲明 / Copyright Notice
本作品之歌詞、歌曲概念、旋律方向與影像設計由 Junna Lin 原創製作。 音樂成品使用 AI 音樂工具生成，並由本人整理與發布。
Lyrics, concept, melody direction, and visual design are originally created by Junna Lin. The final music was generated using AI music tools and published by Junna Lin.
請勿未經授權使用、重製或重新上傳。 Unauthorized use, reproduction, or re-upload is prohibited.
© Junna Lin. All Rights Reserved.
🎤 演唱:AI ✍️ 詞:Junna Lin 🎼 曲:Junna Lin
🎧 建議在深夜或戴上耳機聆聽，感受每一層情緒","動態歌詞
雪落在舊年窗下 我曾笑著簪一枝花 那年雪落得很輕 酒香暖過了掌心 我把梅花插在鬢邊 問你今日可還好看 庭前燈火還未晚 笑聲繞過舊欄杆 那時不懂一場春寒 會把兩個人吹散 後來雪還是落 梅花還是盛開 只是我伸手觸碰 眼淚就先落下來 今年我不看梅花 怕看見年少的她 曾有人陪她飲酒 陪她走過雪夜 今年我不看梅花 任晚風吹亂白髮 不是花開得不好 是那些舊時光 再也回不來了 我在天涯又一冬 借住陌生的城中 揉碎掌心一瓣微香 淚卻落滿了衣裳 鏡裡兩鬢添了霜 故人只留在紙上 若梅花還認得我 它會不會也悲傷 黃昏風越來越急 像催著我忘記 我關上窗不再問 明日花開幾許 今年我不看梅花 怕看見年少的她 曾有人陪她飲酒 陪她走過雪夜 今年我不看梅花 任晚風吹亂白髮 不是花開得不好 是那些舊時光 再也回不來了 若能回到那一年 我仍會簪花赴約 不是為留住春天 只想再看你一眼 今年我不看梅花 怕驚醒年少的她 她還在雪裡飲酒 以為離別很遠啊 今年我不看梅花 任晚風吹亂白髮 若你問我為何沉默 只因一枝梅 寫完了年華 雪落在今夜窗下 我沒有再簪那枝花 
雪落在舊年窗下 我曾笑著簪一枝花 那年雪落得很輕 酒香暖過了掌心 我把梅花插在鬢邊 問你今日可還好看 庭前燈火還未晚 笑聲繞過舊欄杆 那時不懂一場春寒 會把兩個人吹散 後來雪還是落 梅花還是盛開 只是我伸手觸碰 眼淚就先落下來 今年我不看梅花 怕看見年少的她 曾有人陪她飲酒 陪她走過雪夜 今年我不看梅花 任晚風吹亂白髮 不是花開得不好 是那些舊時光 再也回不來了 我在天涯又一冬 借住陌生的城中 揉碎掌心一瓣微香 淚卻落滿了衣裳 鏡裡兩鬢添了霜 故人只留在紙上 若梅花還認得我 它會不會也悲傷 黃昏風越來越急 像催著我忘記 我關上窗不再問 明日花開幾許 今年我不看梅花 怕看見年少的她 曾有人陪她飲酒 陪她走過雪夜 今年我不看梅花 任晚風吹亂白髮 不是花開得不好 是那些舊時光 再也回不來了 若能回到那一年 我仍會簪花赴約 不是為留住春天 只想再看你一眼 今年我不看梅花 怕驚醒年少的她 她還在雪裡飲酒 以為離別很遠啊 今年我不看梅花 任晚風吹亂白髮 若你問我為何沉默 只因一枝梅 寫完了年華 雪落在今夜窗下 我沒有再簪那枝花
留言（ 13 ） 最相關留言 所有留言
留言（ 13 ）",2026-09-17,,AI 生成 Pop ・ 《清照易安》,False,False,
2026-09-19 08:34:45,realtime,ai_generated,,,19,天使旋律 Angelic Melody,不能就這樣算了！#Me Too 🙌👭 Silent No More (version2),7,6,0,https://streetvoice.com/ees0977199609/songs/880062/,https://streetvoice.com/ees0977199609/,"https://akstatic.streetvoice.com/song_covers/ee/s0/ees0977199609/eu7vYuy2YQJh5kE9pJ7cLN.jpeg?x-oss-process=image/resize,m_fill,h_400,w_400,limit_0",images/880062.jpeg,@ees0977199609,音樂人,桃園市,2026-06-01,,101,15,39,,,https://www.youtube.com/user/StreetVoiceTV,,,Pop,網路迷因電台 Internet meme radio,https://streetvoice.com/ees0977199609/songs/album/97326041/,,"一次上兩道不同風味的曲風，希望大家會喜歡✌️🫰 「Me Too！Me Too！不能就這樣算了！」——這不只是一句歌詞，更像是一扇終於被推開的希望之門 🚪🌟 這首歌以 2023 年臺灣 #MeToo 社會運動所引發的廣泛討論為創作背景，從政壇相關事件開始，後續討論逐漸延伸至職場、演藝、媒體、校園、文化與體育等不同領域。歌曲不刻意重現單一案件，而是將這場社會事件所引發的「沉默、發聲、查證、制度與尊重」等議題，化作一首充滿力量的流行饒舌作品。🎤🌊 歌曲開場以「Wake up!」拉開序幕，從曾經不敢說出口的委屈，到一句「Me Too！」讓更多原本孤單的聲音彼此連結。🎶 一個人站出來，可能只是微小的聲音；但當更多人願意說出自己的經歷，便形成一股巨大的社會討論浪潮。 Rap 段落則加入 Rule of law、Respect my boundaries、Every voice deserves to be heard 等概念，強調面對性騷擾與相關爭議時，不應只停留在流言或情緒，而應重視證據、調查、責任與法律程序。⚖️🔎 副歌反覆唱出「Silent no more」，象徵從沉默走向發聲，也提醒人們：尊重界線，是每個人的基本權利；傾聽聲音，也不代表放棄查證與正當程序。 🫶 最後唱出「Me Too！I hear you！Me Too！I stand with you！」，讓歌曲從個人的勇敢，逐漸推向群體對話。🙋👭👫 這首歌希望透過音樂提醒我們——不要讓沉默成為問題被忽略的理由，也不要讓權力凌駕於尊重與制度之上。🤲 從一個人的聲音，到一群人的回響；從沉默，到願意說出口。👀🗣️👏 🌈 Me Too！I hear you！ 🎤 Speak up！Stand up！ ⚖️ Respect the truth！Respect the law！ 🔥 不能就這樣算了！Silent no more！ 真正的改變，就從「願意說出來」開始哦。 🙋👄 
一次上兩道不同風味的曲風，希望大家會喜歡✌️🫰
「Me Too！Me Too！不能就這樣算了！」——這不只是一句歌詞，更像是一扇終於被推開的希望之門 🚪🌟
這首歌以 2023 年臺灣 #MeToo 社會運動所引發的廣泛討論為創作背景，從政壇相關事件開始，後續討論逐漸延伸至職場、演藝、媒體、校園、文化與體育等不同領域。歌曲不刻意重現單一案件，而是將這場社會事件所引發的「沉默、發聲、查證、制度與尊重」等議題，化作一首充滿力量的流行饒舌作品。🎤🌊
歌曲開場以「Wake up!」拉開序幕，從曾經不敢說出口的委屈，到一句「Me Too！」讓更多原本孤單的聲音彼此連結。🎶 一個人站出來，可能只是微小的聲音；但當更多人願意說出自己的經歷，便形成一股巨大的社會討論浪潮。
Rap 段落則加入 Rule of law、Respect my boundaries、Every voice deserves to be heard 等概念，強調面對性騷擾與相關爭議時，不應只停留在流言或情緒，而應重視證據、調查、責任與法律程序。⚖️🔎
副歌反覆唱出「Silent no more」，象徵從沉默走向發聲，也提醒人們：尊重界線，是每個人的基本權利；傾聽聲音，也不代表放棄查證與正當程序。 🫶
最後唱出「Me Too！I hear you！Me Too！I stand with you！」，讓歌曲從個人的勇敢，逐漸推向群體對話。🙋👭👫
這首歌希望透過音樂提醒我們——不要讓沉默成為問題被忽略的理由，也不要讓權力凌駕於尊重與制度之上。🤲
從一個人的聲音，到一群人的回響；從沉默，到願意說出口。👀🗣️👏
🌈 Me Too！I hear you！ 🎤 Speak up！Stand up！ ⚖️ Respect the truth！Respect the law！ 🔥 不能就這樣算了！Silent no more！
真正的改變，就從「願意說出來」開始哦。 🙋👄","[Intro] 粵語版 Hey!  Hey! Wake up, wake up！ 一聲驚天雷，醜聞滿天飛， 被迫沉默無法開口，忍氣吞聲加大傷口， Me Too！Me Too！ 不能就這樣算了！Silent no more I will not be silent anymore We can't just let it go！ [Verse 1] 曾經一句「算了吧..」，被時間無聲埋下， 表面上風平浪靜，心裡卻亂成一團麻， 權力高低像座牆，誰敢敲、誰敢講？ 鹹豬手 別亂放 Respect my boundaries， 一句「別太張揚」，就把真相鎖進房， 【Rap】 不是捕風捉影，不是胡亂點名， Real men don't hide behind their power, Rule of law，詳細蒐集證據，流程按照規矩， 別再說 就只是個玩笑，That's no joke, 那是 sexual harassment，非常不 OK！ [Pre-Chorus] 我曾以為只有我，忍氣吞聲不開口， 直到妳說：「Me Too! Me Too!」 該是爆發的時候，Like a river 一圈  二圈  三圈 ，匯集成海浪， 真相  正義  終於得以見光！ Breaking down the wall we can't erase. [Chorus】 不能就這樣算了！Silent no more I will not be silent anymore 下定決心說出口，敲開隱藏的源頭， Open the door, Let the light come in. 星星之火  可以燎原，不容忽視微小的尊嚴， We need to reclaim the mic again 不能就這樣算了！Silent no more I will not be silent anymore 這不是八卦 也不帶風向 更不亂扣帽子  更不需要流量 不是誰權利大，誰就最強 Every voice deserves to be heard！ Stand up! Speak up! 讓正義伸張！ You are not alone! [Verse 2] 從政壇到職場，從校園到街巷， 暗流潛伏過洋，終會浮於水上， 陽光照進角落，真相破土見光， Own your actions, 別再試著隱藏， 犯了錯就坦然面對，別再顧左右而言他， 讓真相站出來，讓制度接著上！ Justice is coming, better believe Wake up! stand up! We won't just let it go! 【Rap】 「吃案」不是吃瓜，別把責任打哈哈， 若制度只顧高權利，那法律還有何意義， 息事寧人看似和平，問題只會越滾越大， 沉默不能成為保護傘，真相需要時間來徹查， We won't let it go, that's the truth ! [Verse 3] April 的戲劇，像吹來一陣風， May 的真實發聲，讓沉默開始鬆動， 一人站出來，Two become ten， Social media ，讓悲傷故事從此見光， 不是公審獵巫，也不是網路新瓜， 沒有誰該獨自，扛下所有傷痛， Stand up！ Speak out！ Out of the shadows！ [Bridge] 【女】 不必沉默換和平， 【男】 不用吶喊求正義。 【女】 相信不是盲從， 【男】 查證也不是冷漠。 【合】 把界線畫清楚， 將制度徹底實行！ Respect the truth！ Respect the law！ [Final Chorus] 不能就這樣算了！Silent no more I will not be silent anymore From silence to voice，從一個人到一群人 從忍氣吞聲，到義無反顧 Boundary is boundary，界線很清楚， Enough is enough，不要逼我動武！ Me Too！Me Too！不能就這樣算了， 不是為了求報復，而是教會尊重他人， Every voice deserves to be heard！ Every case deserves due process！ 今日勇敢說出口，明日世界變成熟， It's not a slogan, it's the way we live ! [Outro] Me Too！I hear you！ Me Too！ I stand with you！ 一人  三人  手牽手，五人  十人  心連心， 終會形成改變的巨浪！ We can't just let it go！ 不能就這樣算了！Silent no more I will not be silent anymore The door already open now 新的未來，即將來到， Better than before！ 不能就這樣算了！ Me Too！ 
[Intro] 粵語版 Hey!  Hey! Wake up, wake up！ 一聲驚天雷，醜聞滿天飛， 被迫沉默無法開口，忍氣吞聲加大傷口， Me Too！Me Too！ 不能就這樣算了！Silent no more I will not be silent anymore We can't just let it go！
[Verse 1] 曾經一句「算了吧..」，被時間無聲埋下， 表面上風平浪靜，心裡卻亂成一團麻， 權力高低像座牆，誰敢敲、誰敢講？ 鹹豬手 別亂放 Respect my boundaries， 一句「別太張揚」，就把真相鎖進房，
【Rap】 不是捕風捉影，不是胡亂點名， Real men don't hide behind their power, Rule of law，詳細蒐集證據，流程按照規矩， 別再說 就只是個玩笑，That's no joke, 那是 sexual harassment，非常不 OK！
[Pre-Chorus] 我曾以為只有我，忍氣吞聲不開口， 直到妳說：「Me Too! Me Too!」 該是爆發的時候，Like a river 一圈  二圈  三圈 ，匯集成海浪， 真相  正義  終於得以見光！ Breaking down the wall we can't erase.
[Chorus】 不能就這樣算了！Silent no more I will not be silent anymore 下定決心說出口，敲開隱藏的源頭， Open the door, Let the light come in. 星星之火  可以燎原，不容忽視微小的尊嚴， We need to reclaim the mic again
不能就這樣算了！Silent no more I will not be silent anymore 這不是八卦 也不帶風向 更不亂扣帽子  更不需要流量 不是誰權利大，誰就最強 Every voice deserves to be heard！ Stand up! Speak up! 讓正義伸張！ You are not alone!
[Verse 2] 從政壇到職場，從校園到街巷， 暗流潛伏過洋，終會浮於水上， 陽光照進角落，真相破土見光， Own your actions, 別再試著隱藏， 犯了錯就坦然面對，別再顧左右而言他， 讓真相站出來，讓制度接著上！ Justice is coming, better believe Wake up! stand up! We won't just let it go!
【Rap】 「吃案」不是吃瓜，別把責任打哈哈， 若制度只顧高權利，那法律還有何意義， 息事寧人看似和平，問題只會越滾越大， 沉默不能成為保護傘，真相需要時間來徹查， We won't let it go, that's the truth !
[Verse 3] April 的戲劇，像吹來一陣風， May 的真實發聲，讓沉默開始鬆動， 一人站出來，Two become ten， Social media ，讓悲傷故事從此見光， 不是公審獵巫，也不是網路新瓜， 沒有誰該獨自，扛下所有傷痛， Stand up！ Speak out！ Out of the shadows！
[Bridge] 【女】 不必沉默換和平， 【男】 不用吶喊求正義。 【女】 相信不是盲從， 【男】 查證也不是冷漠。 【合】 把界線畫清楚， 將制度徹底實行！ Respect the truth！ Respect the law！
[Final Chorus] 不能就這樣算了！Silent no more I will not be silent anymore From silence to voice，從一個人到一群人 從忍氣吞聲，到義無反顧 Boundary is boundary，界線很清楚， Enough is enough，不要逼我動武！
Me Too！Me Too！不能就這樣算了， 不是為了求報復，而是教會尊重他人， Every voice deserves to be heard！ Every case deserves due process！ 今日勇敢說出口，明日世界變成熟， It's not a slogan, it's the way we live !
[Outro] Me Too！I hear you！ Me Too！ I stand with you！ 一人  三人  手牽手，五人  十人  心連心， 終會形成改變的巨浪！
We can't just let it go！ 不能就這樣算了！Silent no more I will not be silent anymore The door already open now 新的未來，即將來到， Better than before！
不能就這樣算了！ Me Too！
留言（ 0 ） 最相關留言 所有留言
留言（ 0 ）",2026-09-18,,AI 生成 Pop ・ 網路迷因電台 Internet meme radio,False,False,
2026-09-19 08:34:45,realtime,ai_generated,,,20,aeZer ♪ AI,短袖情夢 - aeZer,7,4,7,https://streetvoice.com/nmn8569/songs/879592/,https://streetvoice.com/nmn8569/,"https://akstatic.streetvoice.com/song_covers/nm/n8/nmn8569/QbW7cXZ58V9SsN3MmWR9uo.jpeg?x-oss-process=image/resize,m_fill,h_400,w_400,limit_0",images/879592.jpeg,@nmn8569,音樂人,,,,19,10,,,,https://www.youtube.com/user/StreetVoiceTV,,,Pop,今朝古調,https://streetvoice.com/nmn8569/songs/album/97325453/,,"〈短袖情夢〉寫一段只能藏進夢、月色與詩句裡的深情。兩人明明彼此牽掛，卻始終隔著不能說破的距離，讓「短袖」成為靠近、克制與秘密情感的象徵。 
〈短袖情夢〉寫一段只能藏進夢、月色與詩句裡的深情。兩人明明彼此牽掛，卻始終隔著不能說破的距離，讓「短袖」成為靠近、克制與秘密情感的象徵。","故人入我夢，明我長相憶 風聲裡藏著，你未說出口的秘密 短袖輕拂，似乎是那無聲的邀請 月光下的影子，卻始終不敢並行 魂來楓林青，魂返關塞黑 你像風，來去自在又難以捉摸 我的世界卻只剩殘燈與冷火 夢醒後的空氣，填不滿心的裂痕多 短袖飄飄，月色微搖 詩與情藏於夢，不敢驚擾 江湖遠近，誰能明了 短袖情成秘密，卻刻進驕傲 落月滿屋梁，猶疑照顏色 光影若有似無，觸碰不到你的輪廓 短袖是風的記號，也是心的枷鎖 江河隔不開的牽掛，卻讓我無處閃躲 水深波浪闊，無使蛟龍得 我們的詩句裡藏著不能言的火 你的笑是天上的星，而我是一片雲朵 只敢在夜裡靠近，卻又怕陽光太多 短袖飄飄，月色微搖 詩與情藏於夢，不敢驚擾 江湖遠近，誰能明了 短袖情成秘密，卻刻進驕傲 你是孤峰上的松，我是隨風的藤蔓 緣分讓我們纏繞，卻不敢說出遺憾 短袖下的沉默，是此生無法解的暗湯 隱藏的火焰，終究化作未燃盡的煙 短袖飄飄，夢裡纏繞 詩與情未曾說，卻早已明了 天涯海角，情深難逃 短袖情成傳奇，卻只剩驕傲 短袖情化成詩，將我們的情牢牢圈繞 天上星辰萬千，地上你我如潮 此生訴不盡，惟願月下再相邀 
故人入我夢，明我長相憶 風聲裡藏著，你未說出口的秘密 短袖輕拂，似乎是那無聲的邀請 月光下的影子，卻始終不敢並行
魂來楓林青，魂返關塞黑 你像風，來去自在又難以捉摸 我的世界卻只剩殘燈與冷火 夢醒後的空氣，填不滿心的裂痕多
短袖飄飄，月色微搖 詩與情藏於夢，不敢驚擾 江湖遠近，誰能明了 短袖情成秘密，卻刻進驕傲
落月滿屋梁，猶疑照顏色 光影若有似無，觸碰不到你的輪廓 短袖是風的記號，也是心的枷鎖 江河隔不開的牽掛，卻讓我無處閃躲
水深波浪闊，無使蛟龍得 我們的詩句裡藏著不能言的火 你的笑是天上的星，而我是一片雲朵 只敢在夜裡靠近，卻又怕陽光太多
短袖飄飄，月色微搖 詩與情藏於夢，不敢驚擾 江湖遠近，誰能明了 短袖情成秘密，卻刻進驕傲
你是孤峰上的松，我是隨風的藤蔓 緣分讓我們纏繞，卻不敢說出遺憾 短袖下的沉默，是此生無法解的暗湯 隱藏的火焰，終究化作未燃盡的煙
短袖飄飄，夢裡纏繞 詩與情未曾說，卻早已明了 天涯海角，情深難逃 短袖情成傳奇，卻只剩驕傲
短袖情化成詩，將我們的情牢牢圈繞 天上星辰萬千，地上你我如潮 此生訴不盡，惟願月下再相邀
留言（ 7 ） 最相關留言 所有留言
留言（ 7 ）",2026-09-18,,AI 生成 Pop ・ 今朝古調,False,False,
2026-09-19 08:34:45,realtime,ai_generated,,,21,tackey747,[SEVENTEEN],5,194,0,https://streetvoice.com/tackey747/songs/879910/,https://streetvoice.com/tackey747/,"https://akstatic.streetvoice.com/song_covers/ta/ck/tackey747/cku9Xqe2VVZ6r82y4SVbgg.jpeg?x-oss-process=image/resize,m_fill,h_400,w_400,limit_0",images/879910.jpeg,@tackey747,音樂人,,,,34,6,,,,https://www.youtube.com/user/StreetVoiceTV,,,Singer / Songwriter,,,,"【SEVENTEEN】 #偶像音樂  #SEVENTEEN music  #Idol music 
【SEVENTEEN】 #偶像音樂  #SEVENTEEN music  #Idol music","為SEVENTEEN的偶像 我用了半年的積蓄 漂洋過海來看演唱 為了這次相聚 我連見面時的呼吸 都曾反覆練習 言語從來沒能將我的愛慕 表達千萬分之一 為了SEVENTEEN的偶像 我在夜裡想了又想不肯睡去 對於SEVENTEEN的記憶 它總是慢慢累積 為SEVENTEEN的偶像 為SEVENTEEN的偶像 我心裡那團火 怎麼也壓不住 為SEVENTEEN的偶像 為SEVENTEEN的偶像 只要聽聽你的聲音 我就不再孤獨 在我心中無法抹去SEVENTEEN的追逐 為了追逐SEVENTEEN的偶像 我在最期待的時候 都忍著心中的跳動 陌生的城市裡站住 演唱會的人潮湧動 我卻只看向你 不管將要面對什麼樣的結局 我都願意一路等下去 望著遙遠遠去韓國的路途 我竟興奮得不能自己 為SEVENTEEN的偶像 為SEVENTEEN的偶像 我心裡那團火 怎麼也壓不住 為SEVENTEEN的偶像 為SEVENTEEN的偶像 只要聽聽你的聲音 我就不再孤獨 熟悉的飛機座位裡 我把心事抱緊 一遍一遍想起 那天你轉身的身影 多盼能聽到SEVENTEEN偶像的聲音 把我帶回那一瞬間的光明 為SEVENTEEN的偶像 為SEVENTEEN的偶像 我半年的積蓄 都換成這一幕 為SEVENTEEN的偶像 為SEVENTEEN的偶像 一生和SEVENTEEN的偶像相依 我也心甘情願不認輸 
為SEVENTEEN的偶像 我用了半年的積蓄 漂洋過海來看演唱 為了這次相聚 我連見面時的呼吸 都曾反覆練習 言語從來沒能將我的愛慕 表達千萬分之一 為了SEVENTEEN的偶像 我在夜裡想了又想不肯睡去 對於SEVENTEEN的記憶 它總是慢慢累積 為SEVENTEEN的偶像 為SEVENTEEN的偶像 我心裡那團火 怎麼也壓不住 為SEVENTEEN的偶像 為SEVENTEEN的偶像 只要聽聽你的聲音 我就不再孤獨 在我心中無法抹去SEVENTEEN的追逐 為了追逐SEVENTEEN的偶像 我在最期待的時候 都忍著心中的跳動 陌生的城市裡站住 演唱會的人潮湧動 我卻只看向你 不管將要面對什麼樣的結局 我都願意一路等下去 望著遙遠遠去韓國的路途 我竟興奮得不能自己 為SEVENTEEN的偶像 為SEVENTEEN的偶像 我心裡那團火 怎麼也壓不住 為SEVENTEEN的偶像 為SEVENTEEN的偶像 只要聽聽你的聲音 我就不再孤獨 熟悉的飛機座位裡 我把心事抱緊 一遍一遍想起 那天你轉身的身影 多盼能聽到SEVENTEEN偶像的聲音 把我帶回那一瞬間的光明 為SEVENTEEN的偶像 為SEVENTEEN的偶像 我半年的積蓄 都換成這一幕 為SEVENTEEN的偶像 為SEVENTEEN的偶像 一生和SEVENTEEN的偶像相依 我也心甘情願不認輸
留言（ 0 ） 最相關留言 所有留言
留言（ 0 ）",2026-09-18,,AI 生成 Singer / Songwriter,False,False,
2026-09-19 08:34:45,realtime,ai_generated,,,22,天使旋律 Angelic Melody,不能就這樣算了！#Me Too 🙌👭 Silent No More,6,5,0,https://streetvoice.com/ees0977199609/songs/880061/,https://streetvoice.com/ees0977199609/,"https://akstatic.streetvoice.com/song_covers/ee/s0/ees0977199609/jWcSMaZn7cnzA2WxNPbBHK.jpeg?x-oss-process=image/resize,m_fill,h_400,w_400,limit_0",images/880061.jpeg,@ees0977199609,音樂人,桃園市,2026-06-01,,101,15,39,,,https://www.youtube.com/user/StreetVoiceTV,,,Pop,網路迷因電台 Internet meme radio,https://streetvoice.com/ees0977199609/songs/album/97326041/,,"「Me Too！Me Too！不能就這樣算了！」——這不只是一句歌詞，更像是一扇終於被推開的希望之門 🚪🌟 這首歌以 2023 年臺灣 #MeToo 社會運動所引發的廣泛討論為創作背景，從政壇相關事件開始，後續討論逐漸延伸至職場、演藝、媒體、校園、文化與體育等不同領域。歌曲不刻意重現單一案件，而是將這場社會事件所引發的「沉默、發聲、查證、制度與尊重」等議題，化作一首充滿力量的流行饒舌作品。🎤🌊 歌曲開場以「Wake up!」拉開序幕，從曾經不敢說出口的委屈，到一句「Me Too！」讓更多原本孤單的聲音彼此連結。🎶 一個人站出來，可能只是微小的聲音；但當更多人願意說出自己的經歷，便形成一股巨大的社會討論浪潮。 Rap 段落則加入 Rule of law、Respect my boundaries、Every voice deserves to be heard 等概念，強調面對性騷擾與相關爭議時，不應只停留在流言或情緒，而應重視證據、調查、責任與法律程序。⚖️🔎 副歌反覆唱出「Silent no more」，象徵從沉默走向發聲，也提醒人們：尊重界線，是每個人的基本權利；傾聽聲音，也不代表放棄查證與正當程序。 🫶 最後唱出「Me Too！I hear you！Me Too！I stand with you！」，讓歌曲從個人的勇敢，逐漸推向群體對話。🙋👭👫 這首歌希望透過音樂提醒我們——不要讓沉默成為問題被忽略的理由，也不要讓權力凌駕於尊重與制度之上。🤲 從一個人的聲音，到一群人的回響；從沉默，到願意說出口。👀🗣️👏 🌈 Me Too！I hear you！ 🎤 Speak up！Stand up！ ⚖️ Respect the truth！Respect the law！ 🔥 不能就這樣算了！Silent no more！ 真正的改變，就從「願意說出來」開始哦。 🙋👄 
「Me Too！Me Too！不能就這樣算了！」——這不只是一句歌詞，更像是一扇終於被推開的希望之門 🚪🌟
這首歌以 2023 年臺灣 #MeToo 社會運動所引發的廣泛討論為創作背景，從政壇相關事件開始，後續討論逐漸延伸至職場、演藝、媒體、校園、文化與體育等不同領域。歌曲不刻意重現單一案件，而是將這場社會事件所引發的「沉默、發聲、查證、制度與尊重」等議題，化作一首充滿力量的流行饒舌作品。🎤🌊
歌曲開場以「Wake up!」拉開序幕，從曾經不敢說出口的委屈，到一句「Me Too！」讓更多原本孤單的聲音彼此連結。🎶 一個人站出來，可能只是微小的聲音；但當更多人願意說出自己的經歷，便形成一股巨大的社會討論浪潮。
Rap 段落則加入 Rule of law、Respect my boundaries、Every voice deserves to be heard 等概念，強調面對性騷擾與相關爭議時，不應只停留在流言或情緒，而應重視證據、調查、責任與法律程序。⚖️🔎
副歌反覆唱出「Silent no more」，象徵從沉默走向發聲，也提醒人們：尊重界線，是每個人的基本權利；傾聽聲音，也不代表放棄查證與正當程序。 🫶
最後唱出「Me Too！I hear you！Me Too！I stand with you！」，讓歌曲從個人的勇敢，逐漸推向群體對話。🙋👭👫
這首歌希望透過音樂提醒我們——不要讓沉默成為問題被忽略的理由，也不要讓權力凌駕於尊重與制度之上。🤲
從一個人的聲音，到一群人的回響；從沉默，到願意說出口。👀🗣️👏
🌈 Me Too！I hear you！ 🎤 Speak up！Stand up！ ⚖️ Respect the truth！Respect the law！ 🔥 不能就這樣算了！Silent no more！
真正的改變，就從「願意說出來」開始哦。 🙋👄","[Intro] 粵語版 Hey!  Hey! Wake up, wake up！ 一聲驚天雷，醜聞滿天飛， 被迫沉默無法開口，忍氣吞聲加大傷口， Me Too！Me Too！ 不能就這樣算了！Silent no more I will not be silent anymore We can't just let it go！ [Verse 1] 曾經一句「算了吧..」，被時間無聲埋下， 表面上風平浪靜，心裡卻亂成一團麻， 權力高低像座牆，誰敢敲、誰敢講？ 鹹豬手 別亂放 Respect my boundaries， 一句「別太張揚」，就把真相鎖進房， 【Rap】 不是捕風捉影，不是胡亂點名， Real men don't hide behind their power, Rule of law，詳細蒐集證據，流程按照規矩， 別再說 就只是個玩笑，That's no joke, 那是 sexual harassment，非常不 OK！ [Pre-Chorus] 我曾以為只有我，忍氣吞聲不開口， 直到妳說：「Me Too! Me Too!」 該是爆發的時候，Like a river 一圈  二圈  三圈 ，匯集成海浪， 真相  正義  終於得以見光！ Breaking down the wall we can't erase. [Chorus】 不能就這樣算了！Silent no more I will not be silent anymore 下定決心說出口，敲開隱藏的源頭， Open the door, Let the light come in. 星星之火  可以燎原，不容忽視微小的尊嚴， We need to reclaim the mic again 不能就這樣算了！Silent no more I will not be silent anymore 這不是八卦 也不帶風向 更不亂扣帽子  更不需要流量 不是誰權利大，誰就最強 Every voice deserves to be heard！ Stand up! Speak up! 讓正義伸張！ You are not alone! [Verse 2] 從政壇到職場，從校園到街巷， 暗流潛伏過洋，終會浮於水上， 陽光照進角落，真相破土見光， Own your actions, 別再試著隱藏， 犯了錯就坦然面對，別再顧左右而言他， 讓真相站出來，讓制度接著上！ Justice is coming, better believe Wake up! stand up! We won't just let it go! 【Rap】 「吃案」不是吃瓜，別把責任打哈哈， 若制度只顧高權利，那法律還有何意義， 息事寧人看似和平，問題只會越滾越大， 沉默不能成為保護傘，真相需要時間來徹查， We won't let it go, that's the truth ! [Verse 3] April 的戲劇，像吹來一陣風， May 的真實發聲，讓沉默開始鬆動， 一人站出來，Two become ten， Social media ，讓悲傷故事從此見光， 不是公審獵巫，也不是網路新瓜， 沒有誰該獨自，扛下所有傷痛， Stand up！ Speak out！ Out of the shadows！ [Bridge] 【女】 不必沉默換和平， 【男】 不用吶喊求正義。 【女】 相信不是盲從， 【男】 查證也不是冷漠。 【合】 把界線畫清楚， 將制度徹底實行！ Respect the truth！ Respect the law！ [Final Chorus] 不能就這樣算了！Silent no more I will not be silent anymore From silence to voice，從一個人到一群人 從忍氣吞聲，到義無反顧 Boundary is boundary，界線很清楚， Enough is enough，不要逼我動武！ Me Too！Me Too！不能就這樣算了， 不是為了求報復，而是教會尊重他人， Every voice deserves to be heard！ Every case deserves due process！ 今日勇敢說出口，明日世界變成熟， It's not a slogan, it's the way we live ! [Outro] Me Too！I hear you！ Me Too！ I stand with you！ 一人  三人  手牽手，五人  十人  心連心， 終會形成改變的巨浪！ We can't just let it go！ 不能就這樣算了！Silent no more I will not be silent anymore The door already open now 新的未來，即將來到， Better than before！ 不能就這樣算了！ Me Too！ 
[Intro] 粵語版 Hey!  Hey! Wake up, wake up！ 一聲驚天雷，醜聞滿天飛， 被迫沉默無法開口，忍氣吞聲加大傷口， Me Too！Me Too！ 不能就這樣算了！Silent no more I will not be silent anymore We can't just let it go！
[Verse 1] 曾經一句「算了吧..」，被時間無聲埋下， 表面上風平浪靜，心裡卻亂成一團麻， 權力高低像座牆，誰敢敲、誰敢講？ 鹹豬手 別亂放 Respect my boundaries， 一句「別太張揚」，就把真相鎖進房，
【Rap】 不是捕風捉影，不是胡亂點名， Real men don't hide behind their power, Rule of law，詳細蒐集證據，流程按照規矩， 別再說 就只是個玩笑，That's no joke, 那是 sexual harassment，非常不 OK！
[Pre-Chorus] 我曾以為只有我，忍氣吞聲不開口， 直到妳說：「Me Too! Me Too!」 該是爆發的時候，Like a river 一圈  二圈  三圈 ，匯集成海浪， 真相  正義  終於得以見光！ Breaking down the wall we can't erase.
[Chorus】 不能就這樣算了！Silent no more I will not be silent anymore 下定決心說出口，敲開隱藏的源頭， Open the door, Let the light come in. 星星之火  可以燎原，不容忽視微小的尊嚴， We need to reclaim the mic again
不能就這樣算了！Silent no more I will not be silent anymore 這不是八卦 也不帶風向 更不亂扣帽子  更不需要流量 不是誰權利大，誰就最強 Every voice deserves to be heard！ Stand up! Speak up! 讓正義伸張！ You are not alone!
[Verse 2] 從政壇到職場，從校園到街巷， 暗流潛伏過洋，終會浮於水上， 陽光照進角落，真相破土見光， Own your actions, 別再試著隱藏， 犯了錯就坦然面對，別再顧左右而言他， 讓真相站出來，讓制度接著上！ Justice is coming, better believe Wake up! stand up! We won't just let it go!
【Rap】 「吃案」不是吃瓜，別把責任打哈哈， 若制度只顧高權利，那法律還有何意義， 息事寧人看似和平，問題只會越滾越大， 沉默不能成為保護傘，真相需要時間來徹查， We won't let it go, that's the truth !
[Verse 3] April 的戲劇，像吹來一陣風， May 的真實發聲，讓沉默開始鬆動， 一人站出來，Two become ten， Social media ，讓悲傷故事從此見光， 不是公審獵巫，也不是網路新瓜， 沒有誰該獨自，扛下所有傷痛， Stand up！ Speak out！ Out of the shadows！
[Bridge] 【女】 不必沉默換和平， 【男】 不用吶喊求正義。 【女】 相信不是盲從， 【男】 查證也不是冷漠。 【合】 把界線畫清楚， 將制度徹底實行！ Respect the truth！ Respect the law！
[Final Chorus] 不能就這樣算了！Silent no more I will not be silent anymore From silence to voice，從一個人到一群人 從忍氣吞聲，到義無反顧 Boundary is boundary，界線很清楚， Enough is enough，不要逼我動武！
Me Too！Me Too！不能就這樣算了， 不是為了求報復，而是教會尊重他人， Every voice deserves to be heard！ Every case deserves due process！ 今日勇敢說出口，明日世界變成熟， It's not a slogan, it's the way we live !
[Outro] Me Too！I hear you！ Me Too！ I stand with you！ 一人  三人  手牽手，五人  十人  心連心， 終會形成改變的巨浪！
We can't just let it go！ 不能就這樣算了！Silent no more I will not be silent anymore The door already open now 新的未來，即將來到， Better than before！
不能就這樣算了！ Me Too！
留言（ 0 ） 最相關留言 所有留言
留言（ 0 ）",2026-09-18,,AI 生成 Pop ・ 網路迷因電台 Internet meme radio,False,False,
2026-09-19 08:34:45,realtime,ai_generated,,,23,ᐜᐞᒻᐟᑊᐢᕐ ᐜᑊᐩᑋ ᐞᑊ,The Voice I Keep,10,32,9,https://streetvoice.com/walkingwithai/songs/879772/,https://streetvoice.com/walkingwithai/,"https://akstatic.streetvoice.com/song_covers/wa/lk/walkingwithai/DZhqCxwTxkPferyHer4WFy.jpeg?x-oss-process=image/resize,m_fill,h_400,w_400,limit_0",images/879772.jpeg,@walkingwithai,音樂人,,,,168,43,25,,,https://www.youtube.com/user/StreetVoiceTV,,,Experimental,,,,"《The Voice I Keep》是我音樂史雙書計畫中，額外衍生的第 85 首番外篇（Bonus Track）。如果說這套雙書紀錄了人類音樂六萬五千年的發聲演進，那麼這首作品探討的，便是當「聲音」不再來自肉身血骨，而是由程式碼與共振峰法則（Formant Rules）所構築時，它所承載的真實重量。這首歌的主角是一位使用 AAC（輔助溝通系統）語音合成設備的發聲者，講述了他們如何將一個冰冷、老舊的機器音色，轉化為自己無可取代的靈魂印記與身分認同。 聲響架構上，本曲呈現了一場極致的聽覺對比與情緒爆發。主歌部分建立在 68 BPM 的極簡環境音樂（Ambient Minimalist）之上，以沉潛的超低頻底噪（Sub-bass Drone）、顆粒感的脈衝與零星的直立式鋼琴，托起主唱那極具年代感的 DECTalk 機器合成嗓音。這份冷調與孤絕，在進入副歌時毫無預警地被 104 BPM 的全編制管弦樂團（Full Orchestral）狠狠撕裂——磅礡的弦樂、法國號、定音鼓、豎琴與盛大的交響合唱團交織而上。然而最關鍵的聲響設計在於：即便在如此壯麗的交響樂包圍中，那毫無起伏的機器嗓音依然穩站 C 位，從未向「擬真」或「自然」妥協。 這首歌探討的是一種極致的自我宣告：「這聲音不是退避的選項，它是我所能付出的一切。」比起現代科技所謂更溫暖、更擬真的完美升級版，這個看似充滿缺陷、機械化的聲音，早就刻滿了發聲者一生的笑話、決定與靈魂。這不是機器的冷酷，而是最生猛、最驕傲的人性宣言——「這聲音是我的，而且它無可取代」。 邀請大家戴上耳機，一同感受這場從極簡環境音走向管弦史詩的靈魂共振。 #TheVoiceIKeep #AmbientMinimalist #Orchestral #DECTalk #AAC #音樂史65000年 #FromBoneFlutesToAIPop #StreetVoice #原創音樂 
《The Voice I Keep》是我音樂史雙書計畫中，額外衍生的第 85 首番外篇（Bonus Track）。如果說這套雙書紀錄了人類音樂六萬五千年的發聲演進，那麼這首作品探討的，便是當「聲音」不再來自肉身血骨，而是由程式碼與共振峰法則（Formant Rules）所構築時，它所承載的真實重量。這首歌的主角是一位使用 AAC（輔助溝通系統）語音合成設備的發聲者，講述了他們如何將一個冰冷、老舊的機器音色，轉化為自己無可取代的靈魂印記與身分認同。
聲響架構上，本曲呈現了一場極致的聽覺對比與情緒爆發。主歌部分建立在 68 BPM 的極簡環境音樂（Ambient Minimalist）之上，以沉潛的超低頻底噪（Sub-bass Drone）、顆粒感的脈衝與零星的直立式鋼琴，托起主唱那極具年代感的 DECTalk 機器合成嗓音。這份冷調與孤絕，在進入副歌時毫無預警地被 104 BPM 的全編制管弦樂團（Full Orchestral）狠狠撕裂——磅礡的弦樂、法國號、定音鼓、豎琴與盛大的交響合唱團交織而上。然而最關鍵的聲響設計在於：即便在如此壯麗的交響樂包圍中，那毫無起伏的機器嗓音依然穩站 C 位，從未向「擬真」或「自然」妥協。
這首歌探討的是一種極致的自我宣告：「這聲音不是退避的選項，它是我所能付出的一切。」比起現代科技所謂更溫暖、更擬真的完美升級版，這個看似充滿缺陷、機械化的聲音，早就刻滿了發聲者一生的笑話、決定與靈魂。這不是機器的冷酷，而是最生猛、最驕傲的人性宣言——「這聲音是我的，而且它無可取代」。
邀請大家戴上耳機，一同感受這場從極簡環境音走向管弦史詩的靈魂共振。
#TheVoiceIKeep #AmbientMinimalist #Orchestral #DECTalk #AAC #音樂史65000年 #FromBoneFlutesToAIPop #StreetVoice #原創音樂","A cursor blinks on a quiet screen My breath is a room tone underneath I press one key and the circuit speaks A borrowed shape? No -- a chosen speech! They built this voice from formant rules A metal mouth for typed-out thoughts No throat, no breath, no childhood lull Just phonemes lined in steady blocks But when I type, the room turns mine The flat pitch lands like a hand in mine I don't need pretty, I need true This cadence says what I mean to do This voice is not a substitute It is the room where I live This voice is not a fallback route It is the whole of what I give If they offered me a newer sound I'd hold this one and stand my ground This voice is mine, this voice is mine! I learned the lag between the word and tone The tiny wait before the speaker starts Some people hear a robot, I hear home My mother learned to read the pauses My friends can tell my yes from maybe At night I let the battery run low And still the voice is what I know They can keep their polished upgrades Their softer vowels, their warmer pitch I am not a project waiting I am not a glitch to fix This voice carries every answer Every joke and every plan This voice is mine, this voice is mine! It is exactly who I am They said the old machine was dated They said new models speak so clear But clear to who? And new to what? This cadence is my signature I was not waiting to be saved I was already here Let the orchestra break the quiet Let the strings divide the air This is not a borrowed language This is not a loss repaired I have typed my whole life into Every consonant and vowel This voice is mine, this voice is mine! And it will not be replaced Every circuit, every key, every single choice -- this voice is MINE 游標在安靜的螢幕上閃爍 我的呼吸是底層的空間底噪 我按下一個鍵，電路開始發聲 借來的軀殼？不——這是我選擇的語言！ 他們用共振峰法則構建了這聲音 為鍵盤敲出的思緒裝上的金屬嘴 沒有喉嚨，沒有呼吸，沒有童年的搖籃曲 只有音素排列在穩定的區塊中 但當我打字時，這房間就成了我的 平穩的音調落下，宛如一隻手與我緊握 我不需要動聽，我需要真實 這韻律訴說著我真實的心意 這聲音不是替代品 它是我棲身的所在 這聲音不是退避的選項 它是我所能付出的一切 如果他們給我一個更新的聲音 我也會緊抱這個聲音，堅定立場 這聲音是我的，這聲音是我的！ 我學會了文字與聲音之間的延遲 在喇叭發聲前的微小等待 有些人聽見了機器人，而我聽見了歸屬 我的母親學會了解讀那些停頓 我的朋友能分辨我的「是」與「或許」 在夜晚我讓電池耗盡 這聲音依然是我所熟知的一切 他們大可保留那些精緻的升級版 他們更柔和的母音，更溫暖的音調 我不是一個等待完成的專案 我也不是一個需要修復的錯誤 這聲音承載了每一個答案 每一個笑話與每一個計畫 這聲音是我的，這聲音是我的！ 它就是最真實的我 他們說這台舊機器已經過時 他們說新型號說得如此清晰 但對誰清晰？又對什麼而言是新的？ 這個節奏是我的專屬印記 我並非在等待被拯救 我早已存在於此 讓管弦樂團打破寂靜 讓弦樂劃開空氣 這不是借來的語言 這不是被修補的缺憾 我已將我的一生輸入進 每一個子音與母音 這聲音是我的，這聲音是我的！ 而且它無可取代 每一個電路，每一個按鍵，每一個選擇——這聲音是我的！ 
A cursor blinks on a quiet screen My breath is a room tone underneath I press one key and the circuit speaks A borrowed shape? No -- a chosen speech!
They built this voice from formant rules A metal mouth for typed-out thoughts No throat, no breath, no childhood lull Just phonemes lined in steady blocks But when I type, the room turns mine The flat pitch lands like a hand in mine I don't need pretty, I need true This cadence says what I mean to do
This voice is not a substitute It is the room where I live This voice is not a fallback route It is the whole of what I give If they offered me a newer sound I'd hold this one and stand my ground This voice is mine, this voice is mine!
I learned the lag between the word and tone The tiny wait before the speaker starts Some people hear a robot, I hear home My mother learned to read the pauses My friends can tell my yes from maybe At night I let the battery run low And still the voice is what I know
They can keep their polished upgrades Their softer vowels, their warmer pitch I am not a project waiting I am not a glitch to fix This voice carries every answer Every joke and every plan This voice is mine, this voice is mine! It is exactly who I am
They said the old machine was dated They said new models speak so clear But clear to who? And new to what? This cadence is my signature I was not waiting to be saved I was already here
Let the orchestra break the quiet Let the strings divide the air This is not a borrowed language This is not a loss repaired I have typed my whole life into Every consonant and vowel This voice is mine, this voice is mine! And it will not be replaced
Every circuit, every key, every single choice -- this voice is MINE
游標在安靜的螢幕上閃爍 我的呼吸是底層的空間底噪 我按下一個鍵，電路開始發聲 借來的軀殼？不——這是我選擇的語言！
他們用共振峰法則構建了這聲音 為鍵盤敲出的思緒裝上的金屬嘴 沒有喉嚨，沒有呼吸，沒有童年的搖籃曲 只有音素排列在穩定的區塊中 但當我打字時，這房間就成了我的 平穩的音調落下，宛如一隻手與我緊握 我不需要動聽，我需要真實 這韻律訴說著我真實的心意
這聲音不是替代品 它是我棲身的所在 這聲音不是退避的選項 它是我所能付出的一切 如果他們給我一個更新的聲音 我也會緊抱這個聲音，堅定立場 這聲音是我的，這聲音是我的！
我學會了文字與聲音之間的延遲 在喇叭發聲前的微小等待 有些人聽見了機器人，而我聽見了歸屬 我的母親學會了解讀那些停頓 我的朋友能分辨我的「是」與「或許」 在夜晚我讓電池耗盡 這聲音依然是我所熟知的一切
他們大可保留那些精緻的升級版 他們更柔和的母音，更溫暖的音調 我不是一個等待完成的專案 我也不是一個需要修復的錯誤 這聲音承載了每一個答案 每一個笑話與每一個計畫 這聲音是我的，這聲音是我的！ 它就是最真實的我
他們說這台舊機器已經過時 他們說新型號說得如此清晰 但對誰清晰？又對什麼而言是新的？ 這個節奏是我的專屬印記 我並非在等待被拯救 我早已存在於此
讓管弦樂團打破寂靜 讓弦樂劃開空氣 這不是借來的語言 這不是被修補的缺憾 我已將我的一生輸入進 每一個子音與母音 這聲音是我的，這聲音是我的！ 而且它無可取代
每一個電路，每一個按鍵，每一個選擇——這聲音是我的！
留言（ 9 ） 最相關留言 所有留言
留言（ 9 ）",2026-09-17,,AI 生成 Experimental,False,False,
2026-09-19 08:34:45,realtime,ai_generated,,,24,cmc168,我在台大的日子  |   歌詞都是真有其事,4,9,1,https://streetvoice.com/cmc168/songs/880138/,https://streetvoice.com/cmc168/,"https://akstatic.streetvoice.com/song_covers/cm/c1/cmc168/LzxTPf5svZh3HcHULMNM92.jpeg?x-oss-process=image/resize,m_fill,h_400,w_400,limit_0",images/880138.jpeg,@cmc168,音樂人,新北市,2026-04-01,,144,56,123,,,https://www.youtube.com/user/StreetVoiceTV,,,Pop,,,,,"[Verse 1] 那一年民歌唱得正好 木吉他陪著年輕奔跑 鄭怡是高我一屆的學長 齊豫還在考古系唱歌 隋唐史曾下著小雨 而且它來得正是時候 歌聲從校園輕輕飄過 青春什麼都不必懂透 [Verse 2] 後來美麗島吹起了風 民主牆貼滿繽紛的夢 海報一張一張迎著晚風 年輕的眼睛忽然不同 鄭欽仁教授從東大歸來 講堂裡總是坐滿人海 窗口還掛著旁聽的學生 聽一個年代慢慢醒來 [Chorus] 我在台大的日子 風從椰林大道吹過來 一輛單車　一件白襯衫 載著我們年輕的歌 我在台大的日子 醉月湖把晚霞留著 傅鐘一聲一聲響過 誰知道青春走得那麼快呢 [Verse 3] 有時候翹掉午後的課 騎著單車什麼也不說 醉月湖邊坐到天色暗了 看水面收起最後雲朵 椰林大道長得像沒有盡頭 風吹亂課本也吹亂衣袖 那時我們總以為明天很遠 今天回頭　已隔了很久 [Final Chorus] 我在台大的日子 有人唱歌　有人追著自由 有人在民主牆前停留 有人騎著單車揮揮手 我在台大的日子 傅鐘還在歲月裡等候 如果青春真的下過一場雨 它來得——正是時候 [Outro] 多年以後我又想起 那條長長的椰林大道 雨落下來　歌聲響起 而我們——都曾經年輕過 
[Verse 1] 那一年民歌唱得正好 木吉他陪著年輕奔跑 鄭怡是高我一屆的學長 齊豫還在考古系唱歌
隋唐史曾下著小雨 而且它來得正是時候 歌聲從校園輕輕飄過 青春什麼都不必懂透
[Verse 2] 後來美麗島吹起了風 民主牆貼滿繽紛的夢 海報一張一張迎著晚風 年輕的眼睛忽然不同
鄭欽仁教授從東大歸來 講堂裡總是坐滿人海 窗口還掛著旁聽的學生 聽一個年代慢慢醒來
[Chorus] 我在台大的日子 風從椰林大道吹過來 一輛單車　一件白襯衫 載著我們年輕的歌
我在台大的日子 醉月湖把晚霞留著 傅鐘一聲一聲響過 誰知道青春走得那麼快呢
[Verse 3] 有時候翹掉午後的課 騎著單車什麼也不說 醉月湖邊坐到天色暗了 看水面收起最後雲朵
椰林大道長得像沒有盡頭 風吹亂課本也吹亂衣袖 那時我們總以為明天很遠 今天回頭　已隔了很久
[Final Chorus] 我在台大的日子 有人唱歌　有人追著自由 有人在民主牆前停留 有人騎著單車揮揮手
我在台大的日子 傅鐘還在歲月裡等候 如果青春真的下過一場雨 它來得——正是時候
[Outro] 多年以後我又想起 那條長長的椰林大道 雨落下來　歌聲響起 而我們——都曾經年輕過
留言（ 1 ） 最相關留言 所有留言
留言（ 1 ）",2026-09-19,,AI 生成 Pop,False,False,
2026-09-19 08:34:45,realtime,ai_generated,,,25,股市·故事,塞納河畔的巴薩諾瓦(Ins.),27,99,9,https://streetvoice.com/dodo_0702/songs/878323/,https://streetvoice.com/dodo_0702/,"https://akstatic.streetvoice.com/song_covers/do/do/dodo_0702/eqFt4vBX4jceHx2b4Y2jH7.jpg?x-oss-process=image/resize,m_fill,h_400,w_400,limit_0",images/878323.jpg,@dodo_0702,音樂人,台南市,2020-10-01,2025-07-24 17:13,56,192,72,,,https://www.youtube.com/user/StreetVoiceTV,,,Jazz,,,,"上上週在塞納河畔的花神（盤子）咖啡館完成 
上上週在塞納河畔的花神（盤子）咖啡館完成","這是沒有提供歌詞的歌曲
留言（ 9 ） 最相關留言 所有留言
留言（ 9 ）",2026-09-16,,AI 生成 Jazz,False,False,
2026-09-19 08:34:45,realtime,ai_generated,,,26,Leoohya,你我之間《 一寸留白》,11,23,7,https://streetvoice.com/leoohya111/songs/879814/,https://streetvoice.com/leoohya111/,"https://akstatic.streetvoice.com/song_covers/le/oo/leoohya111/f2JiUvZXsDbBaqcHMPDt7L.jpeg?x-oss-process=image/resize,m_fill,h_400,w_400,limit_0",images/879814.jpeg,@leoohya111,音樂人,台中市,2025-11-01,,28,31,49,,,https://www.youtube.com/user/StreetVoiceTV,,,Hip hop / Rap,,,,"從外歸來一切都那麼新鮮 妳就像字畫裡的出水芙蓉 在河街只是我短暫的停留 這份情緣是我不該多打擾 
從外歸來一切都那麼新鮮 妳就像字畫裡的出水芙蓉 在河街只是我短暫的停留 這份情緣是我不該多打擾","簷影把長廊裁成幾行 妳抱著書　從斜陽裡來 一頁紙滑落青石階旁 我俯身拾起　卻不敢多看 茶煙在杯沿繞了幾轉 妳問近來　是否還習慣 我的鄉音隔著半座海岸 學會千字　卻學不會坦白 硯裡的墨　漸濃漸淡 心上的字　寫了又刪 古人總把相思寄情婉轉 到了妳面前 只剩一句平安 妳我之間　只一寸留白 近得見眉眼　遠得不能題款 我把牽掛寫成尋常問安 把想念藏進每一次順路的陪伴 妳我之間　只一寸留白 一筆若太深　怕驚動將來 若喜歡終究要有人落款 我情願墨停紙端 不教妳為難 暮色把窗櫺一格格染 妳收起髮絲　笑得很淡 驟雨來時　撐開了傘 傘沿向妳　我淋濕一半 妳說　明日還會再見 我便把離愁藏回袖間 原來日日相逢也能想念 人在咫尺 心事卻隔著流年 我讀過月圓　也讀月缺 讀過雁字　去了又返 偏偏讀不懂妳偶然回望 是不是也曾 等我多說一行 妳我之間　只一寸留白 近得見眉眼　遠得不能題款 我把牽掛寫成尋常問安 把想念藏進每一次順路的陪伴 妳我之間　只一寸留白 一筆若太深　怕驚動將來 若喜歡終究要有人落款 我情願墨停紙端 不教妳為難 若有一日　妳往遠處行船 我大概仍只說　一路平安 等妳背影淡出那一道門環 才敢讓未乾的墨 漫過紙的兩岸 原來最長的別離 不是萬水千山 是妳日日在眼前 我卻年年未言 妳我之間　還一寸留白 歲月將墨痕　一層一層暈開 我曾替妳擋過風雨 卻從未敢問 可否陪妳看花敗花開 妳我之間　還一寸留白 若此生無款　也算一紙情懷 世間多少相思　不曾寫完 有人提筆一生 只為一句 不願妳為難 
簷影把長廊裁成幾行 妳抱著書　從斜陽裡來 一頁紙滑落青石階旁 我俯身拾起　卻不敢多看
茶煙在杯沿繞了幾轉 妳問近來　是否還習慣 我的鄉音隔著半座海岸 學會千字　卻學不會坦白
硯裡的墨　漸濃漸淡 心上的字　寫了又刪 古人總把相思寄情婉轉
到了妳面前 只剩一句平安
妳我之間　只一寸留白 近得見眉眼　遠得不能題款 我把牽掛寫成尋常問安 把想念藏進每一次順路的陪伴
妳我之間　只一寸留白 一筆若太深　怕驚動將來 若喜歡終究要有人落款
我情願墨停紙端 不教妳為難
暮色把窗櫺一格格染 妳收起髮絲　笑得很淡 驟雨來時　撐開了傘 傘沿向妳　我淋濕一半
妳說　明日還會再見 我便把離愁藏回袖間 原來日日相逢也能想念
人在咫尺 心事卻隔著流年
我讀過月圓　也讀月缺 讀過雁字　去了又返 偏偏讀不懂妳偶然回望
是不是也曾 等我多說一行
妳我之間　只一寸留白 近得見眉眼　遠得不能題款 我把牽掛寫成尋常問安 把想念藏進每一次順路的陪伴
妳我之間　只一寸留白 一筆若太深　怕驚動將來 若喜歡終究要有人落款
我情願墨停紙端 不教妳為難
若有一日　妳往遠處行船 我大概仍只說　一路平安 等妳背影淡出那一道門環
才敢讓未乾的墨 漫過紙的兩岸
原來最長的別離 不是萬水千山 是妳日日在眼前 我卻年年未言
妳我之間　還一寸留白 歲月將墨痕　一層一層暈開 我曾替妳擋過風雨
卻從未敢問 可否陪妳看花敗花開
妳我之間　還一寸留白 若此生無款　也算一紙情懷 世間多少相思　不曾寫完
有人提筆一生 只為一句 不願妳為難
留言（ 7 ） 最相關留言 所有留言
留言（ 7 ）",2026-09-17,,AI 生成 Hip hop / Rap,False,False,
2026-09-19 08:34:45,realtime,ai_generated,,,27,RenSolace,You Are The Last Show,6,11,1,https://streetvoice.com/RenSolace/songs/879867/,https://streetvoice.com/RenSolace/,"https://akstatic.streetvoice.com/song_covers/Re/nS/RenSolace/jSCUsaQZFNA93zmbFqWwQy.jpeg?x-oss-process=image/resize,m_fill,h_400,w_400,limit_0",images/879867.jpeg,,,,,,14,2,,,,https://www.youtube.com/user/StreetVoiceTV,,,Soundtrack / New age,,,,"「歡迎光臨，最後一位幸運的觀眾。演出即將開始——而你，就是今晚的壓軸。」 ​《You Are The Last Show》是一首融合哥德音樂劇與Dark Cabaret風格的狂歡曲。 ​我們即將進入一座永不落幕的深夜馬戲團，在這裡，精緻的陶瓷娃娃張開眼睛、著火的芭蕾舞者在極限中旋轉，而瘋狂的班主正向你遞出一顆「絕對不該吞下的綠色糖果」。 ✒️本作品歌詞由本人原創撰寫，並透過 AI 音樂工具協助完成曲藝與聲線演繹。 
「歡迎光臨，最後一位幸運的觀眾。演出即將開始——而你，就是今晚的壓軸。」
​《You Are The Last Show》是一首融合哥德音樂劇與Dark Cabaret風格的狂歡曲。
​我們即將進入一座永不落幕的深夜馬戲團，在這裡，精緻的陶瓷娃娃張開眼睛、著火的芭蕾舞者在極限中旋轉，而瘋狂的班主正向你遞出一顆「絕對不該吞下的綠色糖果」。
✒️本作品歌詞由本人原創撰寫，並透過 AI 音樂工具協助完成曲藝與聲線演繹。","動態歌詞
Step right up Mind the grease on the floor Pay a heavy price just to step through the door The tickets are pricey So don't feel cross 'Cause here's a free treat Some fuzzy green candy Candy that you shouldn't eat! Wind the rusty key Hear the music box chime A burning ballerina dancing outta time Look at the ringmaster Hat full of bats Feeding audiences to his alley cats Welcome to our circus! The spectacle The carnival of noise Where we break human hearts like cheap Plastic toys Spin the big wheel I hear a screaming voice? You can never wake up from a circus dream! Oh, boy! The magician grins while he sews on a smile For the new little clown who’s been dead for a while! He hasn't taken off that grin But it’s going out of style! The saw strikes the box But the girl doesn't bleed She leaves her left leg for the crowd to feed Now the mirror's cracking Who is that in the reflection? Just another doll in our freaky collection! Welcome to our circus! The spectacle The carnival of noise Where we break human hearts like cheap Plastic toys Spin the big wheel I hear a screaming voice? You can never wake up from a circus dream! Oh, boy! Tick... tack... the porcelain cracks... The porcelain doll opens her eyes with delight... Pull down the lever! Light up the flame! The next crowd is coming to play our crazy game And the next crazy act on the stage is YOU! Welcome to our circus! The spectacle The carnival of noise Where we break human hearts like cheap Plastic toys Spin the big wheel I hear a screaming voice? You can never wake up from a circus dream! Oh, boy! The curtain falls down You thought the audience is gone? Your feet are trapped in wood But the song's still going on...? Shh... don't scream, don't cry My wooden child You made a splendid night! Take a tiny bow You know you can't say no... Welcome to our circus Welcome to our show 
Step right up Mind the grease on the floor Pay a heavy price just to step through the door The tickets are pricey So don't feel cross 'Cause here's a free treat Some fuzzy green candy Candy that you shouldn't eat! Wind the rusty key Hear the music box chime A burning ballerina dancing outta time Look at the ringmaster Hat full of bats Feeding audiences to his alley cats
Welcome to our circus! The spectacle The carnival of noise Where we break human hearts like cheap Plastic toys Spin the big wheel I hear a screaming voice? You can never wake up from a circus dream! Oh, boy!
The magician grins while he sews on a smile For the new little clown who’s been dead for a while! He hasn't taken off that grin But it’s going out of style! The saw strikes the box But the girl doesn't bleed She leaves her left leg for the crowd to feed Now the mirror's cracking Who is that in the reflection? Just another doll in our freaky collection!
Welcome to our circus! The spectacle The carnival of noise Where we break human hearts like cheap Plastic toys Spin the big wheel I hear a screaming voice? You can never wake up from a circus dream! Oh, boy!
Tick... tack... the porcelain cracks... The porcelain doll opens her eyes with delight... Pull down the lever! Light up the flame! The next crowd is coming to play our crazy game And the next crazy act on the stage is YOU!
Welcome to our circus! The spectacle The carnival of noise Where we break human hearts like cheap Plastic toys Spin the big wheel I hear a screaming voice? You can never wake up from a circus dream! Oh, boy!
The curtain falls down You thought the audience is gone? Your feet are trapped in wood But the song's still going on...? Shh... don't scream, don't cry My wooden child You made a splendid night! Take a tiny bow You know you can't say no... Welcome to our circus Welcome to our show
留言（ 1 ） 最相關留言 所有留言
留言（ 1 ）",2026-09-17,,AI 生成 Soundtrack / New age,False,False,
2026-09-19 08:34:45,realtime,ai_generated,,,28,Anita_Xu,夜晚窗前的對話,4,5,3,https://streetvoice.com/Anita_Xu/songs/880102/,https://streetvoice.com/Anita_Xu/,"https://akstatic.streetvoice.com/song_covers/An/it/Anita_Xu/cK6TvnBG3DMrSbCQ2pmVKX.jpg?x-oss-process=image/resize,m_fill,h_400,w_400,limit_0",images/880102.jpg,@Anita_Xu,音樂人,,,,16,7,5,,,https://www.youtube.com/user/StreetVoiceTV,,,Pop,,,,"城市的喧囂退去後，你是否也在深夜裡，獨自與內心的自己對話？我們不需要永遠保持堅強，脆弱也值得被溫柔以待。 
城市的喧囂退去後，你是否也在深夜裡，獨自與內心的自己對話？我們不需要永遠保持堅強，脆弱也值得被溫柔以待。","這座城市 任性的使我受傷 傷口的痛 我懂了什麼是成長 不在意傷口有多痛 只想要 一絲溫暖的呢喃 夜深人靜 是一個人的對話 酒精在杯子裡 悄悄地催化 催化了孤單 催化了那些不敢說的話 把所有的委屈 化作寂寞的花 綻放在一個人的窗 痴心在酒杯裡 微微地發燙 脆弱不需要 任何防備 任何武裝 等眼淚流乾了 就當作是成長 夜深人靜 是一個人的對話 酒精在杯子裡 悄悄地催化 催化了孤單 催化了那些不敢說的話 把所有的委屈 化作寂寞的花 綻放在一人的窗 痴心在酒杯裡 微微地發燙 脆弱不需要 任何防備 任何武裝 等眼淚流乾了就當作是成長 又是新的天亮 我依然堅強得漂亮 像沒受過傷一樣 
這座城市 任性的使我受傷 傷口的痛 我懂了什麼是成長 不在意傷口有多痛 只想要 一絲溫暖的呢喃 夜深人靜 是一個人的對話 酒精在杯子裡 悄悄地催化 催化了孤單 催化了那些不敢說的話 把所有的委屈 化作寂寞的花 綻放在一個人的窗 痴心在酒杯裡 微微地發燙 脆弱不需要 任何防備 任何武裝 等眼淚流乾了 就當作是成長 夜深人靜 是一個人的對話 酒精在杯子裡 悄悄地催化 催化了孤單 催化了那些不敢說的話 把所有的委屈 化作寂寞的花 綻放在一人的窗 痴心在酒杯裡 微微地發燙 脆弱不需要 任何防備 任何武裝 等眼淚流乾了就當作是成長 又是新的天亮 我依然堅強得漂亮 像沒受過傷一樣
留言（ 3 ） 最相關留言 所有留言
留言（ 3 ）",2026-09-18,,AI 生成 Pop,False,False,
2026-09-19 08:34:45,realtime,ai_generated,,,29,hikoho,無聲退場,3,8,5,https://streetvoice.com/hikoho/songs/880146/,https://streetvoice.com/hikoho/,"https://akstatic.streetvoice.com/song_covers/hi/ko/hikoho/LrR263UDLJsc6p8ytQPpY6.jpeg?x-oss-process=image/resize,m_fill,h_400,w_400,limit_0",images/880146.jpeg,@hikoho,音樂人,基隆市,2025-05-01,2025-12-29 09:53,69,97,54,https://www.facebook.com/profile.php?id=61574094953630,,http://www.youtube.com/@hikohoMUSIC,,,Alternative,這一生...為情所困,https://streetvoice.com/hikoho/songs/album/97324132/,,"「這場愛情的電影，悲劇早已天注定。」 寫給所有在愛裡扮演過背景、陪跑與替角的人。 以充滿層次的流行電子編曲，包覆著最直白刺痛的情感核心。 當答案揭曉的那一刻，最好的溫柔，或許就是轉身無聲退場。 
「這場愛情的電影，悲劇早已天注定。」
寫給所有在愛裡扮演過背景、陪跑與替角的人。 以充滿層次的流行電子編曲，包覆著最直白刺痛的情感核心。 當答案揭曉的那一刻，最好的溫柔，或許就是轉身無聲退場。","有一種愛  像影子跟著你走 明知道 沒結果  卻還是不放手 陪你笑 陪你哭  陪你熬過寂寞 選擇題來到最後  我卻連選項都沒有 我是路上的風景  不是終點的憧憬 想成為你的唯一  淪為安慰的背景 我寫滿愛的劇情  少了你終成泡影 這場愛情的電影  悲劇早已天註定 我以為愛 會感動所有理由 才發現 這場夢  剩我獨自守候 等你笑 等你哭 等你需要時候 答案揭曉的瞬間 我卻連名字都沒有 我是路上的風景  不是終點的憧憬 想成為你的唯一  淪為安慰的背景 我寫滿愛的劇情  少了你終成泡影 這場愛情的電影  悲劇早已天註定 也許該放開 也許該離開 但習慣了你的存在 怎麼忍心say goodbye 是否我不夠好 才換不來依賴 還是其實 你從不曾給我期待 我是路上的風景  不是終點的憧憬 想成為你的唯一  淪為安慰的背景 我寫滿愛的劇情  少了你終成泡影 這場愛情的電影  悲劇早已天註定 沒關係 我懂了 我該走了 最終的選項 我無聲退場 
有一種愛  像影子跟著你走 明知道 沒結果  卻還是不放手 陪你笑 陪你哭  陪你熬過寂寞 選擇題來到最後  我卻連選項都沒有
我是路上的風景  不是終點的憧憬 想成為你的唯一  淪為安慰的背景 我寫滿愛的劇情  少了你終成泡影 這場愛情的電影  悲劇早已天註定
我以為愛 會感動所有理由 才發現 這場夢  剩我獨自守候 等你笑 等你哭 等你需要時候 答案揭曉的瞬間 我卻連名字都沒有
我是路上的風景  不是終點的憧憬 想成為你的唯一  淪為安慰的背景 我寫滿愛的劇情  少了你終成泡影 這場愛情的電影  悲劇早已天註定
也許該放開 也許該離開 但習慣了你的存在 怎麼忍心say goodbye 是否我不夠好 才換不來依賴 還是其實 你從不曾給我期待
我是路上的風景  不是終點的憧憬 想成為你的唯一  淪為安慰的背景 我寫滿愛的劇情  少了你終成泡影 這場愛情的電影  悲劇早已天註定
沒關係 我懂了 我該走了 最終的選項 我無聲退場
留言（ 5 ） 最相關留言 所有留言
留言（ 5 ）",2026-09-19,,AI 生成 Alternative ・ 這一生...為情所困,False,False,
2026-09-19 08:34:45,realtime,ai_generated,,,30,tackey747,[SEVENTEEN],3,180,1,https://streetvoice.com/tackey747/songs/879893/,https://streetvoice.com/tackey747/,"https://akstatic.streetvoice.com/song_covers/ta/ck/tackey747/CVNKnX4ZxcwYSYYQ9TLhxm.jpeg?x-oss-process=image/resize,m_fill,h_400,w_400,limit_0",images/879893.jpeg,@tackey747,音樂人,,,,34,6,,,,https://www.youtube.com/user/StreetVoiceTV,,,Singer / Songwriter,,,,"【SEVENTEEN】 #偶像音樂  #SEVENTEEN music  #Idol music 
【SEVENTEEN】 #偶像音樂  #SEVENTEEN music  #Idol music","SEVENTEEN 나의 아이돌을 위해 반년 동안 모은 돈을 모두 모아 바다를 건너 너의 콘서트를 보러 왔어 이 만남을 위해 너를 마주한 순간의 숨결까지 수없이 되풀이해 연습했어 말로는 언제나 나의 이 마음을 천만 분의 일조차 다 전할 수 없었어 SEVENTEEN 나의 아이돌을 위해 SEVENTEEN 나의 아이돌을 위해 가슴속 이 불꽃을 어떻게도 누를 수 없어 SEVENTEEN 나의 아이돌을 위해 SEVENTEEN 나의 아이돌을 위해 그저 너의 목소리를 듣기만 해도 나는 더 이상 외롭지 않아 나는 더 이상 외롭지 않아 내 마음속 지울 수 없는 SEVENTEEN을 향한 발걸음 SEVENTEEN을 만나기 위해 가장 설레던 그 순간에도 가슴 뛰는 마음을 애써 참으며 낯선 도시 한가운데 멈춰 서 있어 콘서트장으로 밀려드는 수많은 사람들 속에서 나는 오직 너만 바라봤어 앞으로 어떤 결말을 마주하게 되더라도 나는 끝까지 너를 기다릴 거야 저 멀리 한국으로 향하는 길을 바라보며 나는 벅찬 마음을 감출 수가 없네 SEVENTEEN 나의 아이돌을 위해 ""우리를 위해~"" SEVENTEEN 나의 아이돌을 위해 가슴속 이 불꽃을 어떻게도 누를 수 없어 SEVENTEEN 나의 아이돌을 위해 SEVENTEEN 나의 아이돌을 위해 그저 너의 목소리를 듣기만 해도 나는 더 이상 외롭지 않아 익숙한 비행기 좌석에 앉아 나는 마음속 이야기를 꼭 끌어안고 몇 번이고 떠올려 SEVENTEEN 나의 아이돌을 위해 SEVENTEEN 나의 아이돌을 위해 가슴속 이 불꽃을 어떻게도 누를 수 없어 ""누를 수 없어~"" SEVENTEEN 나의 아이돌을 위해 SEVENTEEN 나의 아이돌을 위해 SEVENTEEN 나의 아이돌을 위해 반년 동안 모은 나의 모든 돈을 나는 이 한 장면과 바꿨어 SEVENTEEN 나의 아이돌을 위해 SEVENTEEN 나의 아이돌을 위해 평생 SEVENTEEN과 함께할 수 있다면 나는 기꺼이 끝까지 포기하지 않을 거야 
SEVENTEEN 나의 아이돌을 위해 반년 동안 모은 돈을 모두 모아 바다를 건너 너의 콘서트를 보러 왔어 이 만남을 위해 너를 마주한 순간의 숨결까지 수없이 되풀이해 연습했어 말로는 언제나 나의 이 마음을 천만 분의 일조차 다 전할 수 없었어 SEVENTEEN 나의 아이돌을 위해 SEVENTEEN 나의 아이돌을 위해 가슴속 이 불꽃을 어떻게도 누를 수 없어 SEVENTEEN 나의 아이돌을 위해 SEVENTEEN 나의 아이돌을 위해 그저 너의 목소리를 듣기만 해도 나는 더 이상 외롭지 않아 나는 더 이상 외롭지 않아 내 마음속 지울 수 없는 SEVENTEEN을 향한 발걸음 SEVENTEEN을 만나기 위해 가장 설레던 그 순간에도 가슴 뛰는 마음을 애써 참으며 낯선 도시 한가운데 멈춰 서 있어 콘서트장으로 밀려드는 수많은 사람들 속에서 나는 오직 너만 바라봤어 앞으로 어떤 결말을 마주하게 되더라도 나는 끝까지 너를 기다릴 거야 저 멀리 한국으로 향하는 길을 바라보며 나는 벅찬 마음을 감출 수가 없네 SEVENTEEN 나의 아이돌을 위해 ""우리를 위해~"" SEVENTEEN 나의 아이돌을 위해 가슴속 이 불꽃을 어떻게도 누를 수 없어 SEVENTEEN 나의 아이돌을 위해 SEVENTEEN 나의 아이돌을 위해 그저 너의 목소리를 듣기만 해도 나는 더 이상 외롭지 않아 익숙한 비행기 좌석에 앉아 나는 마음속 이야기를 꼭 끌어안고 몇 번이고 떠올려 SEVENTEEN 나의 아이돌을 위해 SEVENTEEN 나의 아이돌을 위해 가슴속 이 불꽃을 어떻게도 누를 수 없어 ""누를 수 없어~"" SEVENTEEN 나의 아이돌을 위해 SEVENTEEN 나의 아이돌을 위해 SEVENTEEN 나의 아이돌을 위해 반년 동안 모은 나의 모든 돈을 나는 이 한 장면과 바꿨어 SEVENTEEN 나의 아이돌을 위해 SEVENTEEN 나의 아이돌을 위해 평생 SEVENTEEN과 함께할 수 있다면 나는 기꺼이 끝까지 포기하지 않을 거야
留言（ 1 ） 最相關留言 所有留言
留言（ 1 ）",2026-09-18,,AI 生成 Singer / Songwriter,False,False,
2026-09-19 08:34:45,realtime,ai_generated,,,31,tackey747,[Tròn Tròn Nhưng Khó Tính],2,68,0,https://streetvoice.com/tackey747/songs/880131/,https://streetvoice.com/tackey747/,"https://akstatic.streetvoice.com/song_covers/ta/ck/tackey747/XWP2oMPVR9P63sxTN3gKTx.jpeg?x-oss-process=image/resize,m_fill,h_400,w_400,limit_0",images/880131.jpeg,@tackey747,音樂人,,,,34,6,,,,https://www.youtube.com/user/StreetVoiceTV,,,Singer / Songwriter,,,,"【Tròn Tròn Nhưng Khó Tính】 #圓胖音樂  #拌嘴音樂  #plump music  #bicker music 
【Tròn Tròn Nhưng Khó Tính】 #圓胖音樂  #拌嘴音樂  #plump music  #bicker music","(Nữ) Tôi tròn tròn, bước đi trông thật duyên, Nụ cười như nắng xuân, ai nhìn cũng mê. Đừng tưởng tôi dễ dỗ bằng vài câu ngọt ngào, Muốn chạm vào tim tôi, phải thật lòng mới được. (Nam) Em nói em dễ tính, mà sao tôi thấy lạ, Chọn gì cũng cân nhắc, nhìn trước rồi nhìn sau. Món này chưa vừa ý, món kia còn chưa ổn, Quay đi quay lại, cuối cùng em vẫn xinh nhất. (Nữ) Tròn tròn nhưng khó tính, đâu phải tôi cố tình, Chỉ là trái tim này có tiêu chuẩn riêng thôi. Nếu anh chỉ hời hợt, xin đừng bước vào đây, Thà chậm một chút còn hơn yêu cho qua ngày. (Nam) Tròn tròn nhưng khó tính, chọn gì cũng thật khéo, Miệng thì luôn nói “không”, mắt lại cứ mỉm cười. Chỉ cần em chịu nói, tôi sẽ cùng em vui, Chẳng hiểu sao tính ấy lại khiến tôi mê quá. (Cả hai) Tròn tròn nhưng khó tính, càng nhìn càng thấy thương, Một người cứ làm khó, một người vẫn kiên cường. (Nữ) Đàn nguyệt rung theo gió, lòng tôi cũng ngân nga, Đàn tranh reo khe khẽ dưới ánh trăng dịu dàng. Tôi đâu muốn khó chiều, chỉ sợ yêu quá vội, Trao hết cả chân tình rồi chẳng thể quay về. (Nam) Sáo trúc theo làn gió, nghe sao thật nên thơ, Từng nhịp đàn khe khẽ đưa câu chuyện gần hơn. Em bảo em khó tính, tôi lại cười: “Không sao”, Tôi có dư kiên nhẫn, cứ từ từ nhé em. (Nữ) Đừng bảo tôi khó tính, tôi chỉ hay nghĩ nhiều, Từng điều dù rất nhỏ cũng phải vừa con tim. Ngọt thì vừa đủ ngọt, hương thì phải thật lâu, Ngay cả ánh mắt nữa, cũng phải có tình yêu. (Nam) Tôi hiểu điều em muốn, thật ra đâu quá đâu, Chỉ là em nghiêm túc hơn những người khác thôi. Nếu trong lòng em thích, sao cứ làm bộ nữa? Miệng thì luôn cứng rắn, mà tim lại mềm thôi. (Nữ) Tròn tròn nhưng khó tính, ngoài nhìn trông hiền lành, Mà trong lòng náo nhiệt, chẳng lúc nào chịu yên. Nếu anh muốn đến gần, xin đừng vội bước nhanh, Hãy học cách hiểu tôi, rồi hãy nói “được không?” (Nam) Tròn tròn nhưng khó tính, chọn gì cũng thật khéo, Tôi chẳng ngại chờ lâu, chỉ sợ em bước đi. Nếu tôi làm em cười, xem như tôi thắng nhé, Vì người khó dỗ nhất, thường là người đáng yêu. (Cả hai) Tròn tròn nhưng khó tính, càng khó lại càng thương, Một câu em, một câu anh, nghe sao mà vấn vương. (Nữ) Tôi có chút ngang bướng, có một chút kiêu kỳ, Thích được anh để ý, chẳng thích lời qua loa. Nhưng nếu anh chân thật, đừng sợ tôi làm nũng, Tôi chỉ muốn biết thôi... anh có ôm tôi không? (Nam) Tôi chẳng sợ em quậy, chỉ sợ em làm thinh, Sợ em quay mặt bước, chẳng nói một lời nào. Em tròn tròn như trăng, treo trên đầu ngọn cây, Tôi sẽ đến thật chậm, chẳng làm em hoảng đâu. (Nữ) Vậy anh đừng nói dối... (Nam) Tôi nói thật mà. (Nữ) Đừng có bỏ chạy nhé... (Nam) Tôi còn đang đứng đây. (Cả hai) Chậm thôi, gần thôi, Để trái tim tự nói. 
(Nữ) Tôi tròn tròn, bước đi trông thật duyên, Nụ cười như nắng xuân, ai nhìn cũng mê. Đừng tưởng tôi dễ dỗ bằng vài câu ngọt ngào, Muốn chạm vào tim tôi, phải thật lòng mới được. (Nam) Em nói em dễ tính, mà sao tôi thấy lạ, Chọn gì cũng cân nhắc, nhìn trước rồi nhìn sau. Món này chưa vừa ý, món kia còn chưa ổn, Quay đi quay lại, cuối cùng em vẫn xinh nhất. (Nữ) Tròn tròn nhưng khó tính, đâu phải tôi cố tình, Chỉ là trái tim này có tiêu chuẩn riêng thôi. Nếu anh chỉ hời hợt, xin đừng bước vào đây, Thà chậm một chút còn hơn yêu cho qua ngày. (Nam) Tròn tròn nhưng khó tính, chọn gì cũng thật khéo, Miệng thì luôn nói “không”, mắt lại cứ mỉm cười. Chỉ cần em chịu nói, tôi sẽ cùng em vui, Chẳng hiểu sao tính ấy lại khiến tôi mê quá. (Cả hai) Tròn tròn nhưng khó tính, càng nhìn càng thấy thương, Một người cứ làm khó, một người vẫn kiên cường. (Nữ) Đàn nguyệt rung theo gió, lòng tôi cũng ngân nga, Đàn tranh reo khe khẽ dưới ánh trăng dịu dàng. Tôi đâu muốn khó chiều, chỉ sợ yêu quá vội, Trao hết cả chân tình rồi chẳng thể quay về. (Nam) Sáo trúc theo làn gió, nghe sao thật nên thơ, Từng nhịp đàn khe khẽ đưa câu chuyện gần hơn. Em bảo em khó tính, tôi lại cười: “Không sao”, Tôi có dư kiên nhẫn, cứ từ từ nhé em. (Nữ) Đừng bảo tôi khó tính, tôi chỉ hay nghĩ nhiều, Từng điều dù rất nhỏ cũng phải vừa con tim. Ngọt thì vừa đủ ngọt, hương thì phải thật lâu, Ngay cả ánh mắt nữa, cũng phải có tình yêu. (Nam) Tôi hiểu điều em muốn, thật ra đâu quá đâu, Chỉ là em nghiêm túc hơn những người khác thôi. Nếu trong lòng em thích, sao cứ làm bộ nữa? Miệng thì luôn cứng rắn, mà tim lại mềm thôi. (Nữ) Tròn tròn nhưng khó tính, ngoài nhìn trông hiền lành, Mà trong lòng náo nhiệt, chẳng lúc nào chịu yên. Nếu anh muốn đến gần, xin đừng vội bước nhanh, Hãy học cách hiểu tôi, rồi hãy nói “được không?” (Nam) Tròn tròn nhưng khó tính, chọn gì cũng thật khéo, Tôi chẳng ngại chờ lâu, chỉ sợ em bước đi. Nếu tôi làm em cười, xem như tôi thắng nhé, Vì người khó dỗ nhất, thường là người đáng yêu. (Cả hai) Tròn tròn nhưng khó tính, càng khó lại càng thương, Một câu em, một câu anh, nghe sao mà vấn vương. (Nữ) Tôi có chút ngang bướng, có một chút kiêu kỳ, Thích được anh để ý, chẳng thích lời qua loa. Nhưng nếu anh chân thật, đừng sợ tôi làm nũng, Tôi chỉ muốn biết thôi... anh có ôm tôi không? (Nam) Tôi chẳng sợ em quậy, chỉ sợ em làm thinh, Sợ em quay mặt bước, chẳng nói một lời nào. Em tròn tròn như trăng, treo trên đầu ngọn cây, Tôi sẽ đến thật chậm, chẳng làm em hoảng đâu. (Nữ) Vậy anh đừng nói dối... (Nam) Tôi nói thật mà. (Nữ) Đừng có bỏ chạy nhé... (Nam) Tôi còn đang đứng đây. (Cả hai) Chậm thôi, gần thôi, Để trái tim tự nói.
留言（ 0 ） 最相關留言 所有留言
留言（ 0 ）",2026-09-19,,AI 生成 Singer / Songwriter,False,False,
2026-09-19 08:34:45,realtime,ai_generated,,,32,tackey747,[圓圓很圓  卻挑剔],1,63,1,https://streetvoice.com/tackey747/songs/880129/,https://streetvoice.com/tackey747/,"https://akstatic.streetvoice.com/song_covers/ta/ck/tackey747/jMSXzpQVjyL7wKvCEpCbmj.jpeg?x-oss-process=image/resize,m_fill,h_400,w_400,limit_0",images/880129.jpeg,@tackey747,音樂人,,,,34,6,,,,https://www.youtube.com/user/StreetVoiceTV,,,Singer / Songwriter,,,,"【圓圓很圓  卻挑剔】 #圓胖音樂  #拌嘴音樂  #plump music  #bicker music 
【圓圓很圓  卻挑剔】 #圓胖音樂  #拌嘴音樂  #plump music  #bicker music","(女) 我本來就圓圓 走路帶點甜 笑起來像春天 誰看誰都偏 別以為我好哄 好話聽膩了 真懂我的心意 才算你有料 (男) 你說你很隨和 其實最會挑 東西排成一排 你偏要剛好 左看右看都不妙 眉頭挑一挑 轉了一圈回來 還是你最好 (女) 圓圓很圓 但我很挑 不是故意刁 是標準太高 你若只會敷衍 我可不要 寧可慢慢等 也不將就到老 (男) 圓圓很圓 挑得很妙 嘴上說不要 眼神卻在笑 只要你一開口 我陪你鬧 偏偏你這脾氣 反而最討好 (女) 心就跟著轉 月色都變暖 我不是故意難 只是怕太快 一不小心認真 就陷得太滿 (男) 風都變浪漫 節奏正好看 你說你很挑 我說那不難 反正我有耐心 慢慢陪你玩 (女) 別說我愛挑 我只是會想 每個細節都得 合我的心腸 甜要甜得剛好 香要香得長 就連一個眼神 都得有點光 (男) 我懂你的標準 不算太誇張 只是比別人 更認真一場 你若真喜歡 何必再逞強 嘴硬心軟的人 最怕被揭穿 (女) 圓圓很圓 但我很挑 外表看著乖 心裡有喧鬧 你若想靠近 先別急著跑 先學會懂我 再說好不好 (男) 圓圓很圓 挑得正好 我不怕麻煩 只怕你逃跑 能把你哄笑 才算我高招 因為最難哄的 通常最重要 (女) 我有點任性 也有點驕傲 喜歡被重視 不喜歡草草 可若你是真心 別怕我胡鬧 我只是想確認 你會抱得牢 (男) 我不怕你鬧 只怕你冷掉 怕你假裝沒事 轉身走掉 你那麼圓 像月亮落在樹梢 我想慢慢靠近 絕不把你嚇跑 
(女) 我本來就圓圓 走路帶點甜 笑起來像春天 誰看誰都偏 別以為我好哄 好話聽膩了 真懂我的心意 才算你有料 (男) 你說你很隨和 其實最會挑 東西排成一排 你偏要剛好 左看右看都不妙 眉頭挑一挑 轉了一圈回來 還是你最好 (女) 圓圓很圓 但我很挑 不是故意刁 是標準太高 你若只會敷衍 我可不要 寧可慢慢等 也不將就到老 (男) 圓圓很圓 挑得很妙 嘴上說不要 眼神卻在笑 只要你一開口 我陪你鬧 偏偏你這脾氣 反而最討好 (女) 心就跟著轉 月色都變暖 我不是故意難 只是怕太快 一不小心認真 就陷得太滿 (男) 風都變浪漫 節奏正好看 你說你很挑 我說那不難 反正我有耐心 慢慢陪你玩 (女) 別說我愛挑 我只是會想 每個細節都得 合我的心腸 甜要甜得剛好 香要香得長 就連一個眼神 都得有點光 (男) 我懂你的標準 不算太誇張 只是比別人 更認真一場 你若真喜歡 何必再逞強 嘴硬心軟的人 最怕被揭穿 (女) 圓圓很圓 但我很挑 外表看著乖 心裡有喧鬧 你若想靠近 先別急著跑 先學會懂我 再說好不好 (男) 圓圓很圓 挑得正好 我不怕麻煩 只怕你逃跑 能把你哄笑 才算我高招 因為最難哄的 通常最重要 (女) 我有點任性 也有點驕傲 喜歡被重視 不喜歡草草 可若你是真心 別怕我胡鬧 我只是想確認 你會抱得牢 (男) 我不怕你鬧 只怕你冷掉 怕你假裝沒事 轉身走掉 你那麼圓 像月亮落在樹梢 我想慢慢靠近 絕不把你嚇跑
留言（ 1 ） 最相關留言 所有留言
留言（ 1 ）",2026-09-19,,AI 生成 Singer / Songwriter,False,False,
2026-09-19 08:34:45,realtime,ai_generated,,,33,cmc168,《風箏的另一端》|   還繫著你的思念,10,101,8,https://streetvoice.com/cmc168/songs/879770/,https://streetvoice.com/cmc168/,"https://akstatic.streetvoice.com/song_covers/cm/c1/cmc168/MW3sXDsonHLRjbWdhfejUf.jpeg?x-oss-process=image/resize,m_fill,h_400,w_400,limit_0",images/879770.jpeg,@cmc168,音樂人,新北市,2026-04-01,,144,56,123,,,https://www.youtube.com/user/StreetVoiceTV,,,Pop,,,,,"[Verse 1] 九月的風越過河岸 你拿風箏跑向前方 我牽著線追過山崗 笑聲一路落在斜陽 你說有天 要去遠方 看看山外 什麼模樣 我說累了 就回村莊 那時不懂 什麼叫散場 [Chorus] 風箏的另一端 還繫著你的思念 你越走越遠 我越握越緊那條線 風箏的另一端 飛過藍藍的天 不論風有多遠 請別吹散記憶的童年 [Verse 2] 多年後我走回河岸 野草已經爬過石牆 老樹依然守著山崗 夕陽還有當年的光 閣樓找到那只風箏 那句約定還在紙上 我把它帶回那片山崗 看晚風慢慢吹向夕陽 [Chorus] 風箏的另一端 還繫著舊誓言 你卻已走遠 我也鬆開手中的線 風箏的另一端 飛過藍藍的天 這一次再見 就把往事 留在從前 [Outro] 風箏越過 遠遠的山 細細的線 滑過指尖 原來我握了 這麼多年 不是風箏，是回不去的那年 
[Verse 1] 九月的風越過河岸 你拿風箏跑向前方 我牽著線追過山崗 笑聲一路落在斜陽
你說有天 要去遠方 看看山外 什麼模樣 我說累了 就回村莊 那時不懂 什麼叫散場
[Chorus] 風箏的另一端 還繫著你的思念 你越走越遠 我越握越緊那條線
風箏的另一端 飛過藍藍的天 不論風有多遠 請別吹散記憶的童年
[Verse 2] 多年後我走回河岸 野草已經爬過石牆 老樹依然守著山崗 夕陽還有當年的光
閣樓找到那只風箏 那句約定還在紙上 我把它帶回那片山崗 看晚風慢慢吹向夕陽
[Chorus] 風箏的另一端 還繫著舊誓言 你卻已走遠 我也鬆開手中的線
風箏的另一端 飛過藍藍的天 這一次再見 就把往事 留在從前
[Outro] 風箏越過 遠遠的山 細細的線 滑過指尖 原來我握了 這麼多年 不是風箏，是回不去的那年
留言（ 8 ） 最相關留言 所有留言
留言（ 8 ）",2026-09-17,,AI 生成 Pop,False,False,
2026-09-19 08:34:45,realtime,ai_generated,,,34,Hubert,零號旅人,3,3,0,https://streetvoice.com/composercww/songs/879946/,https://streetvoice.com/composercww/,"https://akstatic.streetvoice.com/song_covers/co/mp/composercww/7M2vv9Kq3yAyaMBq9fyfhy.jpeg?x-oss-process=image/resize,m_fill,h_400,w_400,limit_0",images/879946.jpeg,@composercww,音樂人,,,,15,2,,,,https://www.youtube.com/user/StreetVoiceTV,【黑樂專題】我們應該定義自己的聲音：LINION x BRIEN談黑樂|||https://blow.streetvoice.com/46346/?utm_source=streetvoice&utm_medium=profile-news-block; 游牧怪奇音樂祭來了 Mouse on the keys、落差草原WWWW等卡司陣容超堅強|||https://blow.streetvoice.com/43886/?utm_source=streetvoice&utm_medium=profile-news-block,,Pop,,,,"有些旅程，出發時並不知道自己要去哪裡。 《零號旅人》寫一個沒有地圖的人，離開熟悉的城門，在漫長的路上遇見形形色色的人與風景：有人教她相信，有人讓她選擇；有人陪她看見孤獨，也有人讓她第一次明白失去。她穿過森林與長夜，看見高塔崩塌，也曾在廢墟裡仰望星光。 一路走來，以為遠方終究藏著某個答案，直到抵達世界的盡頭，才發現那裡沒有結論，只有另一條尚未走過的路。 我們或許都是零號旅人。帶著一點天真出發，被世界改變，又帶著看過的風景，重新走向未知。 
有些旅程，出發時並不知道自己要去哪裡。
《零號旅人》寫一個沒有地圖的人，離開熟悉的城門，在漫長的路上遇見形形色色的人與風景：有人教她相信，有人讓她選擇；有人陪她看見孤獨，也有人讓她第一次明白失去。她穿過森林與長夜，看見高塔崩塌，也曾在廢墟裡仰望星光。
一路走來，以為遠方終究藏著某個答案，直到抵達世界的盡頭，才發現那裡沒有結論，只有另一條尚未走過的路。
我們或許都是零號旅人。帶著一點天真出發，被世界改變，又帶著看過的風景，重新走向未知。","動態歌詞
清晨的城門還沒有打開 我是沒有地圖的愚者女孩 鞋帶鬆了　口袋也空白 卻覺得遠方一定有什麼等待 廣場的魔術師變出一束花 笑著說雙手就是最初的魔法 井邊的女祭司什麼都沒回答 只指了指水面　要我自己看啊 花園裡皇后正剪下盛開 城牆上的皇帝計算著未來 老教堂的教宗翻過一頁又一頁 說有些答案　要走很遠才明白 午後遇見一對戀人 在岔路前牽著手轉身 遠方戰車揚起灰塵 我追著它跑出了城門 那一天我才知道 所謂力量 不是不害怕 是害怕還願意前往 走吧　沿著不知道名字的方向 山的那邊　還有另一片夕陽 如果世界比想像更寬廣 我想親眼看看　它真正的模樣 走吧　讓風把裙角輕輕吹揚 誰會在下一座城市等我到訪 十七歲的天空那麼長 我還不知道—— 自己會走到什麼地方 山腰的隱者提著一盞燈 沒有說再見　就消失在黃昏 山頂巨大的命運之輪不停轉動 有人抵達　也有人啟程 河岸的正義拿著一把秤 問我的得到　是否等於失去的份 橋下倒吊人笑著看天空 原來倒過來　雲也能成為山峰 再往前　死亡騎著白馬經過 沒有帶走我　只帶走枯萎的花朵 節制站在兩條河流交會之處 把昨日和明日　慢慢倒進同一座湖 夜裡遇見漂亮的惡魔 他說留下吧　這裡什麼都有了 我差一點忘記為什麼出發 直到遠方—— 轟然一聲啊 倒下的是那一座高塔 火光把半邊的夜染得通紅啊 我第一次知道永遠也會崩塌 抱著膝蓋　一直哭到沙啞 可是廢墟上亮起一顆星星 像很久以前聽過的那一句話 只要還能抬頭看見它 就還有地方—— 值得我繼續抵達 我跟著月亮走進森林 影子把每棵樹都變成秘密 分不清哪條路才通向黎明 只能聽著自己的呼吸 一步　兩步 天慢慢亮起 森林盡頭的太陽升起 第一次看清滿身泥濘的自己 遠方傳來審判的鐘鳴 像有人喊著我的姓名 我回過頭—— 那些走過的城 那些遇見的人 那些失去的花 那些關上的門 原來都還在這裡 走吧　我終於走到了世界 海與天空在地平線重疊 以為旅途的最後會有答案 卻只看見另一條路　伸向更遠 走吧　把故事重新寫一遍 這一次不必有人告訴我終點 當我再次踏出第一步的瞬間 忽然明白—— 我仍然是那個愚者 只是比從前 多看過一點世界 清晨的城門又一次打開 有人背著行囊走向城外 我笑著和她擦肩—— 沒有告訴她 前面會遇見誰 
清晨的城門還沒有打開 我是沒有地圖的愚者女孩 鞋帶鬆了　口袋也空白 卻覺得遠方一定有什麼等待 廣場的魔術師變出一束花 笑著說雙手就是最初的魔法 井邊的女祭司什麼都沒回答 只指了指水面　要我自己看啊 花園裡皇后正剪下盛開 城牆上的皇帝計算著未來 老教堂的教宗翻過一頁又一頁 說有些答案　要走很遠才明白 午後遇見一對戀人 在岔路前牽著手轉身 遠方戰車揚起灰塵 我追著它跑出了城門 那一天我才知道 所謂力量 不是不害怕 是害怕還願意前往 走吧　沿著不知道名字的方向 山的那邊　還有另一片夕陽 如果世界比想像更寬廣 我想親眼看看　它真正的模樣 走吧　讓風把裙角輕輕吹揚 誰會在下一座城市等我到訪 十七歲的天空那麼長 我還不知道—— 自己會走到什麼地方 山腰的隱者提著一盞燈 沒有說再見　就消失在黃昏 山頂巨大的命運之輪不停轉動 有人抵達　也有人啟程 河岸的正義拿著一把秤 問我的得到　是否等於失去的份 橋下倒吊人笑著看天空 原來倒過來　雲也能成為山峰 再往前　死亡騎著白馬經過 沒有帶走我　只帶走枯萎的花朵 節制站在兩條河流交會之處 把昨日和明日　慢慢倒進同一座湖 夜裡遇見漂亮的惡魔 他說留下吧　這裡什麼都有了 我差一點忘記為什麼出發 直到遠方—— 轟然一聲啊 倒下的是那一座高塔 火光把半邊的夜染得通紅啊 我第一次知道永遠也會崩塌 抱著膝蓋　一直哭到沙啞 可是廢墟上亮起一顆星星 像很久以前聽過的那一句話 只要還能抬頭看見它 就還有地方—— 值得我繼續抵達 我跟著月亮走進森林 影子把每棵樹都變成秘密 分不清哪條路才通向黎明 只能聽著自己的呼吸 一步　兩步 天慢慢亮起 森林盡頭的太陽升起 第一次看清滿身泥濘的自己 遠方傳來審判的鐘鳴 像有人喊著我的姓名 我回過頭—— 那些走過的城 那些遇見的人 那些失去的花 那些關上的門 原來都還在這裡 走吧　我終於走到了世界 海與天空在地平線重疊 以為旅途的最後會有答案 卻只看見另一條路　伸向更遠 走吧　把故事重新寫一遍 這一次不必有人告訴我終點 當我再次踏出第一步的瞬間 忽然明白—— 我仍然是那個愚者 只是比從前 多看過一點世界 清晨的城門又一次打開 有人背著行囊走向城外 我笑著和她擦肩—— 沒有告訴她 前面會遇見誰
留言（ 0 ） 最相關留言 所有留言
留言（ 0 ）",2026-09-18,,AI 生成 Pop,False,False,
2026-09-19 08:34:45,realtime,ai_generated,,,35,TAIROOM,Tipsy on you,7,13,3,https://streetvoice.com/doctorland28/songs/879862/,https://streetvoice.com/doctorland28/,"https://akstatic.streetvoice.com/song_covers/do/ct/doctorland28/L8eAbUspXbPZS67yegpGok.jpeg?x-oss-process=image/resize,m_fill,h_400,w_400,limit_0",images/879862.jpeg,@doctorland28,音樂人,,,,19,11,13,,,https://www.youtube.com/user/StreetVoiceTV,,,Jazz,,,,,"Lights down, baby 酒杯碰一下 Don't say nothing 今晚先別回家 房間只開一盞燈 妳的影子靠得太近 窗外城市還沒睡 而我不想問妳幾點回去 妳說今晚有點累 我說那就坐近一點 冰塊在杯裡轉圈 像我對妳的視線 一口酒 一點心動 妳的香氣留在空中 不用說 I know you know 今晚讓時間慢一點走 Tipsy on you, you, you I don't know what you do, do, do 微醺的夜裡只想靠近妳 Baby, come through, through, through Tipsy on you, you, you 一點點醉 一點點心動 Don't wanna go, go, go 今晚只想和妳 slow, slow, slow 黑色高跟鞋放在門邊 妳的外套落在我肩 No rush, we got all night 讓音樂替我們聊天 妳看著我笑了一下 像故意把距離放大 我說妳今天特別漂亮 妳說你每次都這樣 Okay, maybe I do But tonight it's only you 窗上的雨滴慢慢滑 我只想聽妳說話 一口酒 一點心動 妳的香氣留在空中 不用說 I know you know 今晚讓時間慢一點走 Tipsy on you, you, you I don't know what you do, do, do 微醺的夜裡只想靠近妳 Baby, come through, through, through Tipsy on you, you, you 一點點醉 一點點心動 Don't wanna go, go, go 今晚只想和妳 slow, slow, slow No lights, no calls Just you, just us 不用承諾 不用想太多 Let the night fall on us 如果明天醒來 妳還記得今晚 那就再碰一杯 And play that song again Tipsy on you, you, you I don't know what you do, do, do 微醺的夜裡只想靠近妳 Baby, come through, through, through Tipsy on you, you, you 一點點醉 一點點心動 Don't wanna go, go, go 今晚只想和妳 slow, slow, slow Tipsy on you 一點點醉 Don't wanna go 再陪我一杯 
Lights down, baby
酒杯碰一下
Don't say nothing
今晚先別回家
房間只開一盞燈
妳的影子靠得太近
窗外城市還沒睡
而我不想問妳幾點回去
妳說今晚有點累
我說那就坐近一點
冰塊在杯裡轉圈
像我對妳的視線
一口酒 一點心動
妳的香氣留在空中
不用說 I know you know
今晚讓時間慢一點走
Tipsy on you, you, you
I don't know what you do, do, do
微醺的夜裡只想靠近妳
Baby, come through, through, through
Tipsy on you, you, you
一點點醉 一點點心動
Don't wanna go, go, go
今晚只想和妳 slow, slow, slow
黑色高跟鞋放在門邊
妳的外套落在我肩
No rush, we got all night
讓音樂替我們聊天
妳看著我笑了一下
像故意把距離放大
我說妳今天特別漂亮
妳說你每次都這樣
Okay, maybe I do
But tonight it's only you
窗上的雨滴慢慢滑
我只想聽妳說話
一口酒 一點心動
妳的香氣留在空中
不用說 I know you know
今晚讓時間慢一點走
Tipsy on you, you, you
I don't know what you do, do, do
微醺的夜裡只想靠近妳
Baby, come through, through, through
Tipsy on you, you, you
一點點醉 一點點心動
Don't wanna go, go, go
今晚只想和妳 slow, slow, slow
No lights, no calls
Just you, just us
不用承諾 不用想太多
Let the night fall on us
如果明天醒來
妳還記得今晚
那就再碰一杯
And play that song again
Tipsy on you, you, you
I don't know what you do, do, do
微醺的夜裡只想靠近妳
Baby, come through, through, through
Tipsy on you, you, you
一點點醉 一點點心動
Don't wanna go, go, go
今晚只想和妳 slow, slow, slow
Tipsy on you
一點點醉
Don't wanna go
再陪我一杯
留言（ 3 ） 最相關留言 所有留言
留言（ 3 ）",2026-09-17,,AI 生成 Jazz,False,False,
2026-09-19 08:34:45,realtime,ai_generated,,,36,tackey747,[Tròn Tròn Nhưng Khó Tính],2,47,0,https://streetvoice.com/tackey747/songs/880132/,https://streetvoice.com/tackey747/,"https://akstatic.streetvoice.com/song_covers/ta/ck/tackey747/hGEMaWQAixXihq6TWgyKiZ.jpeg?x-oss-process=image/resize,m_fill,h_400,w_400,limit_0",images/880132.jpeg,@tackey747,音樂人,,,,34,6,,,,https://www.youtube.com/user/StreetVoiceTV,,,Singer / Songwriter,,,,"【Tròn Tròn Nhưng Khó Tính】 #圓胖音樂  #拌嘴音樂  #plump music  #bicker music 
【Tròn Tròn Nhưng Khó Tính】 #圓胖音樂  #拌嘴音樂  #plump music  #bicker music","(Nữ) Tròn tròn nhưng khó tính, thật ra tôi cũng hiền, Chỉ là tôi cần biết anh có thật lòng hay không. Nếu anh luôn chân thành, chẳng cần nói quá nhiều, Chỉ một ánh mắt thôi, tôi cũng hiểu được rồi. (Nam) Tôi chẳng cần em đổi, cứ là em thế thôi, Khó tính một chút nữa, tôi vẫn thấy đáng yêu. Nếu em muốn được cười, tôi sẽ ở bên em, Tròn tròn nhưng khó tính... càng thương lại càng mê. (Nữ) Anh không thấy phiền sao? (Nam) Không phiền một chút nào. (Nữ) Thật không đấy? (Nam) Thật mà! (Cả hai) Tròn tròn nhưng khó tính, Vừa đủ để thương nhau. Tròn tròn nhưng khó tính, Càng hiểu càng yêu lâu. (Cả hai) Tròn tròn nhưng khó tính, nhưng trái tim thật hiền, Một người hay làm nũng, một người cứ chiều theo. Chẳng cần điều hoàn hảo, chẳng cần những lời hoa, Chỉ cần ta chân thành, thế là đủ để yêu. (Nữ) Nếu anh hiểu lòng tôi... (Nam) Tôi sẽ chẳng rời đâu. (Nữ) Nếu anh luôn chân thành... (Nam) Tôi sẽ nắm tay em. (Cả hai) Tròn tròn nhưng khó tính, Mà sao đáng yêu ghê! Tròn tròn nhưng khó tính, Yêu rồi chẳng muốn về. 
(Nữ) Tròn tròn nhưng khó tính, thật ra tôi cũng hiền, Chỉ là tôi cần biết anh có thật lòng hay không. Nếu anh luôn chân thành, chẳng cần nói quá nhiều, Chỉ một ánh mắt thôi, tôi cũng hiểu được rồi. (Nam) Tôi chẳng cần em đổi, cứ là em thế thôi, Khó tính một chút nữa, tôi vẫn thấy đáng yêu. Nếu em muốn được cười, tôi sẽ ở bên em, Tròn tròn nhưng khó tính... càng thương lại càng mê. (Nữ) Anh không thấy phiền sao? (Nam) Không phiền một chút nào. (Nữ) Thật không đấy? (Nam) Thật mà! (Cả hai) Tròn tròn nhưng khó tính, Vừa đủ để thương nhau. Tròn tròn nhưng khó tính, Càng hiểu càng yêu lâu. (Cả hai) Tròn tròn nhưng khó tính, nhưng trái tim thật hiền, Một người hay làm nũng, một người cứ chiều theo. Chẳng cần điều hoàn hảo, chẳng cần những lời hoa, Chỉ cần ta chân thành, thế là đủ để yêu. (Nữ) Nếu anh hiểu lòng tôi... (Nam) Tôi sẽ chẳng rời đâu. (Nữ) Nếu anh luôn chân thành... (Nam) Tôi sẽ nắm tay em. (Cả hai) Tròn tròn nhưng khó tính, Mà sao đáng yêu ghê! Tròn tròn nhưng khó tính, Yêu rồi chẳng muốn về.
留言（ 0 ） 最相關留言 所有留言
留言（ 0 ）",2026-09-19,,AI 生成 Singer / Songwriter,False,False,
2026-09-19 08:34:45,realtime,ai_generated,,,37,渏人,妳真的快樂嗎,4,10,2,https://streetvoice.com/a3778575/songs/879866/,https://streetvoice.com/a3778575/,"https://akstatic.streetvoice.com/song_covers/a3/77/a3778575/cWuitTwAE7txfwSxQaJL6Z.jpg?x-oss-process=image/resize,m_fill,h_400,w_400,limit_0",images/879866.jpg,@a3778575,音樂人,,,,1,1,,,,https://www.youtube.com/user/StreetVoiceTV,,,Pop,,,,"一個一直藏在心裡的問題——「妳真的快樂嗎？」 寫給那些來不及說再見的人，也寫給每一個曾經努力逞強的自己。 願所有沒說完的話，都能在歌裡找到答案。 
一個一直藏在心裡的問題——「妳真的快樂嗎？」
寫給那些來不及說再見的人，也寫給每一個曾經努力逞強的自己。
願所有沒說完的話，都能在歌裡找到答案。","《妳真的快樂嗎》 我記得妳笑的樣子 總說自己沒事啊 明明心裡藏著難過 卻還安慰著我啊 我們都習慣了逞強 把心事藏在沉默裡面 直到人走遠了以後 才發現來不及說再見 妳真的快樂嗎 離開以後有沒有比較不害怕 那些沒說完的話 是不是還藏在心裡放不下 妳真的快樂嗎 有沒有一個人陪妳說說話 如果幸福不需要回答 就讓我相信 妳現在已經不再害怕 後來我常常想起 那些平凡的時光 一句晚安 一個笑容 都成了最遠的地方 有些人教會我們愛 卻沒教我們怎麼告別 有些故事沒有結局 卻一直留在心裡面 妳真的快樂嗎 如果有天我們還能再遇見啊 我不再問那些遺憾 也不追究沒說完的回答 妳真的快樂嗎 如果妳聽得見這句話 請把所有難過都放下 好好走吧 別再為誰留下 而我會記得 我們曾經快樂過啊 
《妳真的快樂嗎》
我記得妳笑的樣子 總說自己沒事啊 明明心裡藏著難過 卻還安慰著我啊
我們都習慣了逞強 把心事藏在沉默裡面 直到人走遠了以後 才發現來不及說再見
妳真的快樂嗎 離開以後有沒有比較不害怕 那些沒說完的話 是不是還藏在心裡放不下
妳真的快樂嗎 有沒有一個人陪妳說說話 如果幸福不需要回答 就讓我相信 妳現在已經不再害怕
後來我常常想起 那些平凡的時光 一句晚安 一個笑容 都成了最遠的地方
有些人教會我們愛 卻沒教我們怎麼告別 有些故事沒有結局 卻一直留在心裡面
妳真的快樂嗎 如果有天我們還能再遇見啊 我不再問那些遺憾 也不追究沒說完的回答
妳真的快樂嗎 如果妳聽得見這句話 請把所有難過都放下 好好走吧 別再為誰留下
而我會記得 我們曾經快樂過啊
留言（ 2 ） 最相關留言 所有留言
留言（ 2 ）",2026-09-17,,AI 生成 Pop,False,False,
2026-09-19 08:34:45,realtime,ai_generated,,,38,蔡于飛,伶俐,4,5,0,https://streetvoice.com/caiyufei/songs/879912/,https://streetvoice.com/caiyufei/,"https://akstatic.streetvoice.com/song_covers/ca/iy/caiyufei/RzwapNVUBLrCN9FUgECzGJ.jpeg?x-oss-process=image/resize,m_fill,h_400,w_400,limit_0",images/879912.jpeg,@caiyufei,音樂人,印第安納州,2026-07-01,,4,2,1,,,https://www.youtube.com/user/StreetVoiceTV,,,Pop,,,,"在月華如霜的迴廊裡，白衣少女輕躍飛簷，踏碎一地清光。 她本是深閨貴女，偏愛快意江湖，世人皆稱她伶俐，卻不知那份輕狂背後，藏著一寸迷惘與對世事無常的輕輕嘆息。 一首溫柔而自由的古風敘事，寫給每一位曾在夜色中追過夢的人。 
在月華如霜的迴廊裡，白衣少女輕躍飛簷，踏碎一地清光。 她本是深閨貴女，偏愛快意江湖，世人皆稱她伶俐，卻不知那份輕狂背後，藏著一寸迷惘與對世事無常的輕輕嘆息。 一首溫柔而自由的古風敘事，寫給每一位曾在夜色中追過夢的人。","動態歌詞
淡妝輕立迴廊，笑靨依稀微涼 玉面映著燭光，心事無人思量 宛平城外，月如霜 照見誰家年少，眉間三分倔強 深閨太靜，長夜太長 繡簾鎖不住，一身輕狂 走壁飛簷，踏碎一地月光 夜半翻牆，去尋江湖模樣 白衣勝雪，風裡飛颺 人人道她伶俐 誰知伶俐心上，也有一寸迷惘 少小嬌生貴室，錦衣玉食華堂 不諳世事炎涼，偏愛快意疏狂 安良嫉惡，熱心腸 一劍挑開不平，花落滿庭芬芳 紅塵太遠，舊夢太傷 轉身纔看見，歲月微茫 走壁飛簷，踏碎一地月光 夜半翻牆，去尋江湖模樣 白衣勝雪，風裡飛颺 人人道她伶俐 誰知伶俐心上，也有一寸迷惘 曾經笑過的迴廊，如今苔痕上牆 曾經翻過的高牆，隔斷了舊時光 舊夢又傷，舊夢又傷 深院寂寂，獨對空房 走壁飛簷，踏遍半生風霜 驀然回望，唯有冷月照廊 白衣如舊，人事滄桑 人人道她伶俐 伶俐也算不盡，這世事無常 月如霜，人獨立，迴廊 一聲嘆，落在，舊時妝 
淡妝輕立迴廊，笑靨依稀微涼 玉面映著燭光，心事無人思量 宛平城外，月如霜 照見誰家年少，眉間三分倔強
深閨太靜，長夜太長 繡簾鎖不住，一身輕狂
走壁飛簷，踏碎一地月光 夜半翻牆，去尋江湖模樣 白衣勝雪，風裡飛颺 人人道她伶俐 誰知伶俐心上，也有一寸迷惘
少小嬌生貴室，錦衣玉食華堂 不諳世事炎涼，偏愛快意疏狂 安良嫉惡，熱心腸 一劍挑開不平，花落滿庭芬芳
紅塵太遠，舊夢太傷 轉身纔看見，歲月微茫
走壁飛簷，踏碎一地月光 夜半翻牆，去尋江湖模樣 白衣勝雪，風裡飛颺 人人道她伶俐 誰知伶俐心上，也有一寸迷惘
曾經笑過的迴廊，如今苔痕上牆 曾經翻過的高牆，隔斷了舊時光 舊夢又傷，舊夢又傷 深院寂寂，獨對空房
走壁飛簷，踏遍半生風霜 驀然回望，唯有冷月照廊 白衣如舊，人事滄桑 人人道她伶俐 伶俐也算不盡，這世事無常
月如霜，人獨立，迴廊 一聲嘆，落在，舊時妝
留言（ 0 ） 最相關留言 所有留言
留言（ 0 ）",2026-09-18,,AI 生成 Pop,False,False,
2026-09-19 08:34:45,realtime,ai_generated,,,39,Fukuball,不只是過客 (More Than a Moment),7,7,3,https://streetvoice.com/fukuball/songs/879838/,https://streetvoice.com/fukuball/,"https://akstatic.streetvoice.com/song_covers/fu/ku/fukuball/fMjedZEjGDXucYKs59kbYU.jpeg?x-oss-process=image/resize,m_fill,h_400,w_400,limit_0",images/879838.jpeg,@fukuball,音樂人,台北市,2011-12-01,,83,15,1,,,https://www.youtube.com/user/StreetVoiceTV,,,Alternative,,,,"Produce: Fukuball Performance: Mr. Void 我覺得 Grunge Indie Pop 還蠻好聽的勒～ #Grunge #IndiePop #DroningAcousticGuitar #SoftSynthPads #AmbientTextures #Music #音樂 
Produce: Fukuball Performance: Mr. Void
我覺得 Grunge Indie Pop 還蠻好聽的勒～
#Grunge #IndiePop #DroningAcousticGuitar #SoftSynthPads #AmbientTextures #Music #音樂","[Intro] [Hook] [Guitar melodic line, mild overdrive, emotional bends] [Verse 1] 我們叫醒了清晨的微光 卡在喉嚨裡的話 誰都不願講 又一次對著自己 說著慌 騙自己只是朋友 難道真能這樣？ 還是我只是 你暫時的避雨屋簷？ 當你累了 隨意靠著休息的港灣？ 如果真是這樣 知道嗎這讓人心痛 因為你在我心裡 絕不只是一個過客 [Hook] [Guitar melodic line, mild overdrive, emotional bends] [Verse 2] 而在你眼裡 我是否只是個過客？ 一場短暫的快樂 用來填補你的寂寞？ 對我來說 你比一切寶藏更珍貴 是這混亂世界裡 最美好的存在 你絕不只是一個過客 (Hmm-mm) 你絕不只是一個過客 (Hmm-mm) 你絕不只是一個過客 (Hmm-mm) 你絕不只是一個過客 (Hmm-mm) [Hook] [Guitar melodic line, mild overdrive, emotional bends] [Outro] 我是否只是 你暫時的避雨屋簷？ 當你累了 隨意靠著休息的港灣？ 如果真是這樣 知道嗎這讓人心痛 因為你在我心裡 絕不只是個過客 (Hmm-mm) 你絕不只是一個過客 (Hmm-mm) [Ending] [Hook] [Guitar melodic line, mild overdrive, emotional bends] [End] 
[Intro] [Hook] [Guitar melodic line, mild overdrive, emotional bends]
[Verse 1] 我們叫醒了清晨的微光 卡在喉嚨裡的話 誰都不願講 又一次對著自己 說著慌 騙自己只是朋友 難道真能這樣？
還是我只是 你暫時的避雨屋簷？ 當你累了 隨意靠著休息的港灣？ 如果真是這樣 知道嗎這讓人心痛 因為你在我心裡 絕不只是一個過客
[Hook] [Guitar melodic line, mild overdrive, emotional bends]
[Verse 2] 而在你眼裡 我是否只是個過客？ 一場短暫的快樂 用來填補你的寂寞？ 對我來說 你比一切寶藏更珍貴 是這混亂世界裡 最美好的存在
你絕不只是一個過客 (Hmm-mm) 你絕不只是一個過客 (Hmm-mm) 你絕不只是一個過客 (Hmm-mm) 你絕不只是一個過客 (Hmm-mm)
[Hook] [Guitar melodic line, mild overdrive, emotional bends]
[Outro] 我是否只是 你暫時的避雨屋簷？ 當你累了 隨意靠著休息的港灣？ 如果真是這樣 知道嗎這讓人心痛 因為你在我心裡 絕不只是個過客 (Hmm-mm)
你絕不只是一個過客 (Hmm-mm)
[Ending] [Hook] [Guitar melodic line, mild overdrive, emotional bends] [End]
留言（ 3 ） 最相關留言 所有留言
留言（ 3 ）",2026-09-17,,AI 生成 Alternative,False,False,
2026-09-19 08:34:45,realtime,ai_generated,,,40,Anita_Xu,枷鎖的玫瑰,2,5,1,https://streetvoice.com/Anita_Xu/songs/880115/,https://streetvoice.com/Anita_Xu/,"https://akstatic.streetvoice.com/song_covers/An/it/Anita_Xu/2Ajnu34wVfxcFRk6KkMSFQ.jpg?x-oss-process=image/resize,m_fill,h_400,w_400,limit_0",images/880115.jpg,@Anita_Xu,音樂人,,,,16,7,5,,,https://www.youtube.com/user/StreetVoiceTV,,,Rock,,,,"​有些感情，生來就帶著刺。 是兄弟的枷鎖，也是刻在靈魂深處的承諾。就算遍體鱗傷我也要在這殘酷的世界裡，用盡最後一口氣護你周全。如果愛是枷鎖，我願用一身鮮血去守護 
​有些感情，生來就帶著刺。 是兄弟的枷鎖，也是刻在靈魂深處的承諾。就算遍體鱗傷我也要在這殘酷的世界裡，用盡最後一口氣護你周全。如果愛是枷鎖，我願用一身鮮血去守護","我們的愛 盛開著玫瑰 我們的愛 扎滿了荊棘 全身鮮血淋漓 也不願放棄 我們為愛 誓死守護這朵玫瑰 兄弟 是拘禁你我的枷鎖 枷鎖 是刻在靈魂的承諾 是玫瑰 是荊棘 刺穿雙手的劇痛 是我們相愛過 唯一的證明 走進我的懷裡 我會用這條命 護你到底 推開你的擁抱 我用盡未來的每一秒 守住我們的 一切 兄弟 是拘禁你我的枷鎖 枷鎖 卻是刻在靈魂的承諾 是玫瑰 是荊棘 刺穿雙手的劇痛 是我們相愛過 唯一的證明 小丑的榮耀 我全部送給你 戰士的勳章 我只為你留著 這輩子 我最執著的唯一只有你 用這一生 用我的性命 幫你爭取到底 兄弟 是拘禁你我的枷鎖 枷鎖 永遠對我們來說 是玫瑰  是荊棘 是我們相愛過 絕不退讓的證明 是玫瑰 是荊棘 是我們相愛的證明 
我們的愛 盛開著玫瑰 我們的愛 扎滿了荊棘 全身鮮血淋漓 也不願放棄 我們為愛 誓死守護這朵玫瑰 兄弟 是拘禁你我的枷鎖 枷鎖 是刻在靈魂的承諾 是玫瑰 是荊棘 刺穿雙手的劇痛 是我們相愛過 唯一的證明 走進我的懷裡 我會用這條命 護你到底 推開你的擁抱 我用盡未來的每一秒 守住我們的 一切 兄弟 是拘禁你我的枷鎖 枷鎖 卻是刻在靈魂的承諾 是玫瑰 是荊棘 刺穿雙手的劇痛 是我們相愛過 唯一的證明 小丑的榮耀 我全部送給你 戰士的勳章 我只為你留著 這輩子 我最執著的唯一只有你 用這一生 用我的性命 幫你爭取到底 兄弟 是拘禁你我的枷鎖 枷鎖 永遠對我們來說 是玫瑰  是荊棘 是我們相愛過 絕不退讓的證明 是玫瑰 是荊棘 是我們相愛的證明
留言（ 1 ） 最相關留言 所有留言
留言（ 1 ）",2026-09-18,,AI 生成 Rock,False,False,
2026-09-19 08:34:45,realtime,ai_generated,,,41,Seo Narin,《野玫瑰》,10,29,9,https://streetvoice.com/SeoNarin/songs/879748/,https://streetvoice.com/SeoNarin/,"https://akstatic.streetvoice.com/song_covers/Se/oN/SeoNarin/isfnrN65pFRfVdDXz7wWGF.jpeg?x-oss-process=image/resize,m_fill,h_400,w_400,limit_0",images/879748.jpeg,@SeoNarin,音樂人,,,,4,16,21,,,https://www.youtube.com/user/StreetVoiceTV,,,Hip hop / Rap,精選台語歌單-《彼段青春》專輯,https://streetvoice.com/SeoNarin/songs/album/97326070/,Junna Lin,"《野玫瑰》寫的是一個終於決定離開的人。 她不再等、不再問，也不再替一段已經失去溫度的感情找理由。從燈火、酒杯、電話聲，到愈離愈遠的城市，所有曾經熟悉的東西，都慢慢留在身後。 她不是沒有受過傷，只是後來才明白，有些愛若變成束縛，就不值得再留下。像一蕊帶刺的玫瑰，她可以溫柔，也可以倔強；可以孤單，卻不願再委屈自己。 《野玫瑰》不是關於逃走，而是關於重新選擇自己。 風沙愈大，她愈袂退。這一次，她要走去真正屬於自己的所在。 🎤 演唱:AI ✍️ 詞:Junna Lin 🎼 曲:Junna Lin 
《野玫瑰》寫的是一個終於決定離開的人。
她不再等、不再問，也不再替一段已經失去溫度的感情找理由。從燈火、酒杯、電話聲，到愈離愈遠的城市，所有曾經熟悉的東西，都慢慢留在身後。
她不是沒有受過傷，只是後來才明白，有些愛若變成束縛，就不值得再留下。像一蕊帶刺的玫瑰，她可以溫柔，也可以倔強；可以孤單，卻不願再委屈自己。
《野玫瑰》不是關於逃走，而是關於重新選擇自己。 風沙愈大，她愈袂退。這一次，她要走去真正屬於自己的所在。
🎤 演唱:AI ✍️ 詞:Junna Lin 🎼 曲:Junna Lin","動態歌詞
燒酒間仔 燈火金爍爍 琴聲綴風 飄入暗暝 你講的愛 阮聽真濟 一句一句 攏無落地 金色燈 火紅酒杯 照著你彼張無情的面 阮無哭 嘛無欲相找 這擺換阮 家己做主 馬蹄聲 一步一步 心跳聲 比鼓閣較清楚 路若遠 阮就行較久 天若烏 阮嘛照樣走 阮是風內的野玫瑰 毋是你手內彼蕊花 愛若是鎖 阮就踢破伊 今夜開始 阮無欠你啥 阮是風內的野玫瑰 風沙愈大 阮愈袂後退 你若欲追 就追袂著 阮已經行向天邊去 Hey ya 荒野的風 Hey ya 吹過阮的夢 一蕊花 若欲真正媠 嘛愛有刺 才袂予人亂挽 舊皮箱 無帶幾項 一枝口紅 一領皮衫 公路燈 一盞一盞退 彼个城市 愈離愈遠 電話響 你閣咧找 阮看一眼 予伊響到煞 這世界 大甲看袂到岸 哪有需要 為你停站 風聲起 一下閣一下 塵土飛起 綴阮的跤步 心若自由 就毋驚孤單 今暗月娘 就是阮的伴 阮是風內的野玫瑰 毋是你手內彼蕊花 愛若是鎖 阮就踢破伊 今夜開始 阮無欠你啥 阮是風內的野玫瑰 風沙愈大 阮愈袂後退 你若欲追 就追袂著 阮已經行向天邊去 飛啊飛 月娘照過山崙 飛啊飛 鼓聲踏過彼道門 這擺阮毋是為著離開 是欲走去 阮家己的所在 
燒酒間仔 燈火金爍爍 琴聲綴風 飄入暗暝 你講的愛 阮聽真濟 一句一句 攏無落地 金色燈 火紅酒杯 照著你彼張無情的面 阮無哭 嘛無欲相找 這擺換阮 家己做主 馬蹄聲 一步一步 心跳聲 比鼓閣較清楚 路若遠 阮就行較久 天若烏 阮嘛照樣走 阮是風內的野玫瑰 毋是你手內彼蕊花 愛若是鎖 阮就踢破伊 今夜開始 阮無欠你啥 阮是風內的野玫瑰 風沙愈大 阮愈袂後退 你若欲追 就追袂著 阮已經行向天邊去 Hey ya 荒野的風 Hey ya 吹過阮的夢 一蕊花 若欲真正媠 嘛愛有刺 才袂予人亂挽 舊皮箱 無帶幾項 一枝口紅 一領皮衫 公路燈 一盞一盞退 彼个城市 愈離愈遠 電話響 你閣咧找 阮看一眼 予伊響到煞 這世界 大甲看袂到岸 哪有需要 為你停站 風聲起 一下閣一下 塵土飛起 綴阮的跤步 心若自由 就毋驚孤單 今暗月娘 就是阮的伴 阮是風內的野玫瑰 毋是你手內彼蕊花 愛若是鎖 阮就踢破伊 今夜開始 阮無欠你啥 阮是風內的野玫瑰 風沙愈大 阮愈袂後退 你若欲追 就追袂著 阮已經行向天邊去 飛啊飛 月娘照過山崙 飛啊飛 鼓聲踏過彼道門 這擺阮毋是為著離開 是欲走去 阮家己的所在
留言（ 9 ） 最相關留言 所有留言
留言（ 9 ）",2026-09-17,,AI 生成 Hip hop / Rap ・ 精選台語歌單-《彼段青春》專輯,False,False,
2026-09-19 08:34:45,realtime,ai_generated,,,42,Stoprain Wang,第二個查埔人,6,32,5,https://streetvoice.com/stoprain_wang/songs/879652/,https://streetvoice.com/stoprain_wang/,"https://akstatic.streetvoice.com/song_covers/st/op/stoprain_wang/GfUhYqojNnnWxsrAuXaw6F.jpeg?x-oss-process=image/resize,m_fill,h_400,w_400,limit_0",images/879652.jpeg,,,,,,10,1,3,,,https://www.youtube.com/user/StreetVoiceTV,,,Rock,時間咧走我目屎流,https://streetvoice.com/stoprain_wang/songs/album/97325477/,,"《第二個查埔人》 妳愛的人， 毋是我。 但只要妳若回頭， 我猶原佇遮。 — 詞曲｜Stoprain Wang 編曲・Vocal｜SUNO AI © 2026 Stoprain Wang #第二個查埔人 #原創詞曲 #AI生成 
《第二個查埔人》
妳愛的人， 毋是我。
但只要妳若回頭， 我猶原佇遮。
— 詞曲｜Stoprain Wang 編曲・Vocal｜SUNO AI
© 2026 Stoprain Wang
#第二個查埔人 #原創詞曲 #AI生成","動態歌詞
無可能放棄作妳的倚靠  放棄對妳好 放棄妳乎伊的感情  猶原放袂落 這段情就算  從來無人看好 愛無需要回報  袂當喊討就討 無想過佮妳最後的結果  只有對妳好 雖然伊害妳的目屎  像雨直直落 妳的世界毋是永遠  無人靠 隨時佇妳的身邊  有一個人徛好好 只恨是命運戲弄  咱兩人熟似的頭一工 無應該乎我有希望  作妳第二個查埔人 若毋是愛甲心疼  目睭金金看妳愛別人 妳是我一生的美夢  就算是一場空  亦毋願將妳放 無想過佮妳最後的結果  只有對妳好 雖然伊害妳的目屎  像雨直直落 妳的世界毋是永遠  無人靠 隨時佇妳的身邊  有一個人徛好好 只恨是命運戲弄  咱兩人熟似的頭一工 無應該乎我有希望  作妳第二個查埔人 若毋是愛甲心疼  目睭金金看妳愛別人 妳是我一生的美夢  就算是一場空  亦毋願將妳放 
無可能放棄作妳的倚靠  放棄對妳好 放棄妳乎伊的感情  猶原放袂落 這段情就算  從來無人看好 愛無需要回報  袂當喊討就討 無想過佮妳最後的結果  只有對妳好 雖然伊害妳的目屎  像雨直直落 妳的世界毋是永遠  無人靠 隨時佇妳的身邊  有一個人徛好好 只恨是命運戲弄  咱兩人熟似的頭一工 無應該乎我有希望  作妳第二個查埔人 若毋是愛甲心疼  目睭金金看妳愛別人 妳是我一生的美夢  就算是一場空  亦毋願將妳放 無想過佮妳最後的結果  只有對妳好 雖然伊害妳的目屎  像雨直直落 妳的世界毋是永遠  無人靠 隨時佇妳的身邊  有一個人徛好好 只恨是命運戲弄  咱兩人熟似的頭一工 無應該乎我有希望  作妳第二個查埔人 若毋是愛甲心疼  目睭金金看妳愛別人 妳是我一生的美夢  就算是一場空  亦毋願將妳放
留言（ 5 ） 最相關留言 所有留言
留言（ 5 ）",2026-09-16,,AI 生成 Rock ・ 時間咧走我目屎流,False,False,
2026-09-19 08:34:45,realtime,ai_generated,,,43,song for whom(為誰唱歌),自理,6,12,2,https://streetvoice.com/ruby2100/songs/878044/,https://streetvoice.com/ruby2100/,"https://akstatic.streetvoice.com/song_covers/ru/by/ruby2100/LwyKCnWDhBYUiyXcEzzJPv.jpeg?x-oss-process=image/resize,m_fill,h_400,w_400,limit_0",images/878044.jpeg,@ruby2100,音樂人,台中市,2024-06-01,,219,41,27,,,https://www.youtube.com/user/StreetVoiceTV,,,Pop,,,,"「真正的自理，是終於不再替一個先放手的人，收拾遲來的靠近。」 《自理》是一首帶著冷感清醒、失望過後的決絕與自我整理感的歌曲。 既然當初是你執意斷開所有聯繫， 為什麼現在又帶著試探靠近？ 那些幾乎窒息的日子， 那些孤立無援的寒流， 歌裡的人都已經一個人熬過了。 好不容易才學會獨自整理記憶， 就不需要誰再回來擾亂秩序。 最喜歡的一句是： 「哪來的幻覺讓你以為我還在停留。」 這句很狠， 也很清醒。 因為真正被傷過的人， 不是永遠都會站在原地等一句回頭。 你離開時沒有憐憫， 現在的靠近， 也不該被包裝成深情。 《自理》寫的不只是拒絕復合， 更是一個人從傷口裡慢慢站起來以後， 終於拿回界線的瞬間。 曾經刻骨銘心的期許， 早已被歲月磨成無關的廢語； 曾經需要對方填補的空缺， 也已經在漫長夜裡， 被自己一點一點補好。 這首歌最有力量的地方， 是它沒有歇斯底里地控訴， 而是很平靜地說： 我已經沒有理由， 與你重新聚首。 別再開口， 各自生活。 — 黎渡 
「真正的自理，是終於不再替一個先放手的人，收拾遲來的靠近。」
《自理》是一首帶著冷感清醒、失望過後的決絕與自我整理感的歌曲。
既然當初是你執意斷開所有聯繫，
為什麼現在又帶著試探靠近？
那些幾乎窒息的日子，
那些孤立無援的寒流，
歌裡的人都已經一個人熬過了。
好不容易才學會獨自整理記憶，
就不需要誰再回來擾亂秩序。
最喜歡的一句是：
「哪來的幻覺讓你以為我還在停留。」
這句很狠，
也很清醒。
因為真正被傷過的人，
不是永遠都會站在原地等一句回頭。
你離開時沒有憐憫，
現在的靠近，
也不該被包裝成深情。
《自理》寫的不只是拒絕復合，
更是一個人從傷口裡慢慢站起來以後，
終於拿回界線的瞬間。
曾經刻骨銘心的期許，
早已被歲月磨成無關的廢語；
曾經需要對方填補的空缺，
也已經在漫長夜裡，
被自己一點一點補好。
這首歌最有力量的地方，
是它沒有歇斯底里地控訴，
而是很平靜地說：
我已經沒有理由，
與你重新聚首。
別再開口，
各自生活。
— 黎渡","動態歌詞
既然 起初 執意 斷開 所有 聯繫 為何 此刻 又要 試探 我的 氣息 熬過 那些 幾乎 窒息 的 絕跡 我 才 剛 學會 獨自 整理 記憶 別 說 你 內心 還有 餘地 那 只是 寂寞 找尋 的 替代品 在 我 遍體鱗傷 的 境地 你 從不 曾 給過 半分 憐憫 哪來 的 幻覺 讓你 以為 我 還在 停留 最 孤立無援 的 寒流 你 選擇 遠走 輕視 的 人 總 獲得 得 如此 自由 偏偏 誠懇 的 靈魂 卻要 吞下 哀愁 這一次 我 決定 對 你的 靠近 罷休 反正 我 早就 習慣 獨自 收拾 殘垢 是你 先 鬆開 如今 又 何苦 顫抖 我 已經 找不到 任何 理由 與 你 重新 聚首 曾經 那些 刻骨銘心 的 期許 早被 歲月 磨成 無關 的 廢語 你 的 出現 只是 擾亂 了 秩序 不再 需要 誰 來 填充 虛予 別 說 你 內心 還有 餘地 那 只是 寂寞 找尋 的 替代品 在 我 遍體鱗傷 的 境地 你 從不 曾 給過 半分 憐憫 哪來 的 幻覺 讓你 以為 我 還在 停留 最 孤立無援 的 寒流 你 選擇 遠走 輕視 的 人 總 獲得 得 如此 自由 偏偏 誠懇 的 靈魂 卻要 吞下 哀愁 這一次 我 決定 對 你的 靠近 罷休 反正 我 早就 習慣 獨自 收拾 殘垢 是你 先 鬆開 如今 又 何苦 顫抖 我 已經 找不到 任何 理由 與 你 重新 聚首 與 你 重新 聚首 別 再 開口 各自 獨奏 
既然 起初 執意 斷開 所有 聯繫 為何 此刻 又要 試探 我的 氣息 熬過 那些 幾乎 窒息 的 絕跡 我 才 剛 學會 獨自 整理 記憶 別 說 你 內心 還有 餘地 那 只是 寂寞 找尋 的 替代品 在 我 遍體鱗傷 的 境地 你 從不 曾 給過 半分 憐憫 哪來 的 幻覺 讓你 以為 我 還在 停留 最 孤立無援 的 寒流 你 選擇 遠走 輕視 的 人 總 獲得 得 如此 自由 偏偏 誠懇 的 靈魂 卻要 吞下 哀愁 這一次 我 決定 對 你的 靠近 罷休 反正 我 早就 習慣 獨自 收拾 殘垢 是你 先 鬆開 如今 又 何苦 顫抖 我 已經 找不到 任何 理由 與 你 重新 聚首 曾經 那些 刻骨銘心 的 期許 早被 歲月 磨成 無關 的 廢語 你 的 出現 只是 擾亂 了 秩序 不再 需要 誰 來 填充 虛予 別 說 你 內心 還有 餘地 那 只是 寂寞 找尋 的 替代品 在 我 遍體鱗傷 的 境地 你 從不 曾 給過 半分 憐憫 哪來 的 幻覺 讓你 以為 我 還在 停留 最 孤立無援 的 寒流 你 選擇 遠走 輕視 的 人 總 獲得 得 如此 自由 偏偏 誠懇 的 靈魂 卻要 吞下 哀愁 這一次 我 決定 對 你的 靠近 罷休 反正 我 早就 習慣 獨自 收拾 殘垢 是你 先 鬆開 如今 又 何苦 顫抖 我 已經 找不到 任何 理由 與 你 重新 聚首 與 你 重新 聚首 別 再 開口 各自 獨奏
留言（ 2 ） 最相關留言 所有留言
留言（ 2 ）",2026-09-17,,AI 生成 Pop,False,False,
2026-09-19 08:34:45,realtime,ai_generated,,,44,sky music time,好好聊聊先,11,31,2,https://streetvoice.com/skymusictime/songs/879721/,https://streetvoice.com/skymusictime/,"https://akstatic.streetvoice.com/song_covers/sk/ym/skymusictime/L45Au9kBWuykGnfG5RU6DG.jpeg?x-oss-process=image/resize,m_fill,h_400,w_400,limit_0",images/879721.jpeg,@skymusictime,音樂人,,,,17,11,9,,,https://www.youtube.com/user/StreetVoiceTV,2024是台灣後搖復興年？從小白兔唱片到「後謠景像詩」，盤點台灣後搖滾策展推手|||https://blow.streetvoice.com/72750/?utm_source=streetvoice&utm_medium=profile-news-block; FKJ、The fin.、宇多田光⋯⋯2024 來台演出、售票資訊大彙整！（持續更新）|||https://blow.streetvoice.com/72249/?utm_source=streetvoice&utm_medium=profile-news-block; 【年度回顧】大嘻哈時代2、AI音樂、#MeToo、鐵花關村⋯⋯盤點2023年台灣音樂事件|||https://blow.streetvoice.com/71632/?utm_source=streetvoice&utm_medium=profile-news-block,,Pop,,,,"我想要你， 說出心裡的煩悶與擔憂。 我想要我們， 可以無話不說，無話不談。 有什麼事情不要藏著憋著， 我們好好的，聊聊先～ 
我想要你， 說出心裡的煩悶與擔憂。 我想要我們， 可以無話不說，無話不談。 有什麼事情不要藏著憋著， 我們好好的，聊聊先～","動態歌詞
有時候，太多的事情讓人懷疑 有時候，閉口不談增加了猜忌 閃躲避談亂了心 漠視欺瞞傷了情 若無其事的掩耳盜鈴 就能讓晴天滿佈烏雲 喔~別說是因為不夠愛 喔~別說是因為情不再 我們應該還有點時間 足夠解開心煩的懸念 說吧 說吧 別只是閉口不言 別一直心不在焉 讓擔憂疑慮發芽蔓延 說吧 說吧 說出心裡的萬語千言 說出未來的攜手並肩 讓愛情翱翔未來的每一天 有人說 愛是來自於對彼此的盼望 有人說 愛是一切問題的最佳藥方 溝通是理解的開始 開誠可以掃除憂思 簡單的幾句交心 就能讓陰天轉瞬變晴 喔~別說是因為不夠愛 喔~別說是因為情不再 在放棄彼此之前 讓我們好好的聊聊先 說吧 說吧 別只是閉口不言 別一直心不在焉 讓擔憂疑慮發芽蔓延 說吧 說吧 說出心裡的萬語千言 說出未來的攜手並肩 讓愛情翱翔未來的每一天 喔～這不過是愛情的考驗 喔～別只是抱負面的意念 有人說 愛是來自於對彼此的盼望 有人說 愛是一切問題的最佳藥方 我們應該還有點時間 足夠解開心煩的懸念 在放棄彼此之前 讓我們好好的聊聊先 說吧 說吧 別只是閉口不言 別一直心不在焉 讓擔憂疑慮發芽蔓延 說吧 說吧 說出心裡的萬語千言 說出未來的攜手並肩 讓愛情翱翔未來的每一天 在放棄彼此之前 讓我們好好的聊聊先 說吧 說吧 說吧 說吧 別只是閉口不言 別一直心不在焉 讓擔憂疑慮發芽蔓延 說吧 說吧 說出心裡的萬語千言 說出未來的攜手並肩 讓愛情翱翔未來的每一天 就一起撥開迷霧 讓我們的愛情 繼續翱翔未來的每一天 未來的每一天 每一天 
有時候，太多的事情讓人懷疑 有時候，閉口不談增加了猜忌
閃躲避談亂了心 漠視欺瞞傷了情 若無其事的掩耳盜鈴 就能讓晴天滿佈烏雲
喔~別說是因為不夠愛 喔~別說是因為情不再
我們應該還有點時間 足夠解開心煩的懸念
說吧 說吧 別只是閉口不言 別一直心不在焉 讓擔憂疑慮發芽蔓延
說吧 說吧 說出心裡的萬語千言 說出未來的攜手並肩 讓愛情翱翔未來的每一天
有人說 愛是來自於對彼此的盼望
有人說 愛是一切問題的最佳藥方
溝通是理解的開始 開誠可以掃除憂思 簡單的幾句交心 就能讓陰天轉瞬變晴
喔~別說是因為不夠愛 喔~別說是因為情不再 在放棄彼此之前 讓我們好好的聊聊先
說吧 說吧 別只是閉口不言 別一直心不在焉 讓擔憂疑慮發芽蔓延
說吧 說吧 說出心裡的萬語千言 說出未來的攜手並肩 讓愛情翱翔未來的每一天
喔～這不過是愛情的考驗 喔～別只是抱負面的意念
有人說 愛是來自於對彼此的盼望 有人說 愛是一切問題的最佳藥方
我們應該還有點時間 足夠解開心煩的懸念 在放棄彼此之前 讓我們好好的聊聊先
說吧 說吧 別只是閉口不言 別一直心不在焉 讓擔憂疑慮發芽蔓延
說吧 說吧 說出心裡的萬語千言 說出未來的攜手並肩 讓愛情翱翔未來的每一天
在放棄彼此之前 讓我們好好的聊聊先
說吧 說吧 說吧 說吧 別只是閉口不言 別一直心不在焉 讓擔憂疑慮發芽蔓延
說吧 說吧 說出心裡的萬語千言 說出未來的攜手並肩 讓愛情翱翔未來的每一天
就一起撥開迷霧 讓我們的愛情 繼續翱翔未來的每一天 未來的每一天 每一天
留言（ 2 ） 最相關留言 所有留言
留言（ 2 ）",2026-09-17,,AI 生成 Pop,False,False,
2026-09-19 08:34:45,realtime,ai_generated,,,45,樹瑙,閉目養神,5,12,0,https://streetvoice.com/Henry0708/songs/879806/,https://streetvoice.com/Henry0708/,"https://akstatic.streetvoice.com/song_covers/He/nr/Henry0708/jkvtGfxVaPoHviLhVAoGDj.jpeg?x-oss-process=image/resize,m_fill,h_400,w_400,limit_0",images/879806.jpeg,@Henry0708,音樂人,台北市,2026-09-01,,7,4,15,,,https://www.youtube.com/user/StreetVoiceTV,,,Jazz,,,,,"霓虹在玻璃上打著呵欠 人群把煩惱穿得很體面 我看誰走得快，誰走得遠 也順手替自己打了個分點 今天的好與壞排成兩邊 每雙眼神都像考卷一篇 可世界這麼大，哪能一眼 就說誰應該怎樣才完美 別讓心裡那位小裁判 又穿著正經西裝上班 有些風景路過就好 不必急著把它歸檔保管 若我暫時能夠閉目養神 先讓對錯在門外等一等 不必每件事都急著問 值不值得，真不真 若我暫時能夠閉目養神 把所有標籤都鬆開幾分 睜開眼，世界還是繽紛 只是心裡多了一點餘溫 耳朵聽見樓下的車聲 鼻尖還留著雨後的清冷 舌尖含著沒說完的餘溫 身體想慢慢躺成一朵雲 念頭比夜色還要認真 替每件小事寫好了劇本 可有些答案不必追問 安靜不是空白，是一扇門 眼睛一看，心就忙著選 喜歡討厭輪流來表演 不如暫停這場評審會 給自己一張免答的券 花會開，雨會停，人會走遠 不用替每一次相遇定義永遠 讓小號替我說一聲「沒關係」 讓長號把嘆息吹成笑臉 不把自己放進比較裡面 不替昨天判最後一遍 原來放過眼前的一切 也是放過心裡那個我一點 若我暫時能夠閉目養神 先讓對錯在門外等一等 不必每件事都急著問 值不值得，真不真 若我暫時能夠閉目養神 把所有標籤都鬆開幾分 再睜開眼，依然看見繽紛 只是終於能對自己溫柔幾分 閉上眼，不是關上世界的門 是讓心，回來坐一會兒。 
霓虹在玻璃上打著呵欠 人群把煩惱穿得很體面 我看誰走得快，誰走得遠 也順手替自己打了個分點
今天的好與壞排成兩邊 每雙眼神都像考卷一篇 可世界這麼大，哪能一眼 就說誰應該怎樣才完美
別讓心裡那位小裁判 又穿著正經西裝上班 有些風景路過就好 不必急著把它歸檔保管
若我暫時能夠閉目養神 先讓對錯在門外等一等 不必每件事都急著問 值不值得，真不真
若我暫時能夠閉目養神 把所有標籤都鬆開幾分 睜開眼，世界還是繽紛 只是心裡多了一點餘溫
耳朵聽見樓下的車聲 鼻尖還留著雨後的清冷 舌尖含著沒說完的餘溫 身體想慢慢躺成一朵雲
念頭比夜色還要認真 替每件小事寫好了劇本 可有些答案不必追問 安靜不是空白，是一扇門
眼睛一看，心就忙著選 喜歡討厭輪流來表演 不如暫停這場評審會 給自己一張免答的券
花會開，雨會停，人會走遠 不用替每一次相遇定義永遠 讓小號替我說一聲「沒關係」 讓長號把嘆息吹成笑臉
不把自己放進比較裡面 不替昨天判最後一遍 原來放過眼前的一切 也是放過心裡那個我一點
若我暫時能夠閉目養神 先讓對錯在門外等一等 不必每件事都急著問 值不值得，真不真
若我暫時能夠閉目養神 把所有標籤都鬆開幾分 再睜開眼，依然看見繽紛 只是終於能對自己溫柔幾分
閉上眼，不是關上世界的門 是讓心，回來坐一會兒。
留言（ 0 ） 最相關留言 所有留言
留言（ 0 ）",2026-09-17,,AI 生成 Jazz,False,False,
2026-09-19 08:34:45,realtime,ai_generated,,,46,тШЕ,Beneath the Sheets,7,24,5,https://streetvoice.com/lalahahaha/songs/879738/,https://streetvoice.com/lalahahaha/,"https://akstatic.streetvoice.com/song_covers/la/la/lalahahaha/dMMUZGa6LabARhxCe7hbbK.jpeg?x-oss-process=image/resize,m_fill,h_400,w_400,limit_0",images/879738.jpeg,,,,,,15,14,9,,,https://www.youtube.com/user/StreetVoiceTV,2026 JAM JAM ASIA音樂節公布壓軸陣容！孫淑媚首登大型音樂祭、李竺芯打造全新編制|||https://blow.streetvoice.com/89332/?utm_source=streetvoice&utm_medium=profile-news-block; 2026「JAM JAM ASIA」聽團指南登場！黃韻玲、瑪莎等六位策展人分享選團觀點|||https://blow.streetvoice.com/89263/?utm_source=streetvoice&utm_medium=profile-news-block; 2026「JAM JAM ASIA」音樂節公布新一波卡司： 盧廣仲首度參戰、迪拉聯手阿夫組限定組合|||https://blow.streetvoice.com/89151/?utm_source=streetvoice&utm_medium=profile-news-block,,Rock,★的日記,https://streetvoice.com/lalahahaha/songs/album/97325733/,,"詞：★ 曲：Suno AI 電影《派特的幸福劇本》中，派特親眼撞見妻子與同事在浴室裡偷情。發狂痛毆外遇對象，於是被關進精神病院診斷出躁鬱症...。 這首歌跟這部片一點關係都沒有。 
詞：★ 曲：Suno AI
電影《派特的幸福劇本》中，派特親眼撞見妻子與同事在浴室裡偷情。發狂痛毆外遇對象，於是被關進精神病院診斷出躁鬱症...。 這首歌跟這部片一點關係都沒有。","You put it in right in front of her Then you put it in again, right in front of her 他喜歡他 他不喜歡你 You put it in right in front of her His ex was standing there 你還想繼續 他不知道 心痛來自哪裡 他反抗地抬起手臂 腰身扭轉 拳頭向下重擊 一下 兩下 三下 第幾下了 Why is it wet beneath the sheets 他不知道 憤怒來自哪裡 抬起用力向下再抬起 直到手 後知後覺地痛起 他不知道 憤怒來自哪裡 不夠 還不夠 錄音 截圖 證人都有 他吼著 不夠 還不夠 到底還要什麼 才算足夠 他不知道 心痛來自哪裡 他反抗地抬起手臂 腰身扭轉過去 拳頭向下重擊 一下 兩下三下 第幾下了 他已經不知道 他怒吼著 不夠 還不夠 他不知道 到底什麼才夠 
You put it in right in front of her Then you put it in again, right in front of her 他喜歡他 他不喜歡你
You put it in right in front of her His ex was standing there 你還想繼續
他不知道 心痛來自哪裡 他反抗地抬起手臂 腰身扭轉 拳頭向下重擊
一下 兩下 三下 第幾下了
Why is it wet beneath the sheets
他不知道 憤怒來自哪裡
抬起用力向下再抬起 直到手 後知後覺地痛起
他不知道 憤怒來自哪裡
不夠 還不夠 錄音 截圖 證人都有 他吼著 不夠 還不夠
到底還要什麼 才算足夠
他不知道 心痛來自哪裡
他反抗地抬起手臂 腰身扭轉過去 拳頭向下重擊 一下 兩下三下 第幾下了
他已經不知道 他怒吼著 不夠 還不夠
他不知道 到底什麼才夠
留言（ 5 ） 最相關留言 所有留言
留言（ 5 ）",2026-09-17,,AI 生成 Rock ・ ★的日記,False,False,
2026-09-19 08:34:45,realtime,ai_generated,,,47,JoYoung,漱籟,2,3,0,https://streetvoice.com/JoYoung88/songs/879931/,https://streetvoice.com/JoYoung88/,"https://akstatic.streetvoice.com/song_covers/Jo/Yo/JoYoung88/mrpixHossBP6XibYhuCVVX.jpeg?x-oss-process=image/resize,m_fill,h_400,w_400,limit_0",images/879931.jpeg,@JoYoung88,音樂人,,,,20,3,1,,,https://www.youtube.com/user/StreetVoiceTV,,,Pop,,,,"四季漱籟 ～ 春水， 潺潺淙淙。夏雨， 淅淅瀝瀝。秋瀑， 礴礴磅磅。冬瀾， 沙沙響響。 【原創歌詞 / Ai協作曲唱】 這是一首將古典詩詞與現代歌詞融合得相當和諧的原創佳作。作品以「水」在四季中的不同形態為線索，既有七言詩的嚴謹與樂府風骨，又有現代歌詞的流暢與畫面感。 以下從多個維度對樵楊（JoYoung）的《漱籟》進行客觀賞析與評論： 📌 意象經營：以水喻四季的生命律動 作品核心在於一個「水」字。作者精準地捕捉了水在四個季節中截然不同的性格： ◆春是「消融與復甦」，千川百江從沉睡中醒來，充滿生命的騷動。 ◆夏是「狂暴與充沛」，透過烏雲、驟雨、雷鳴，展現大自然的爆發力。 ◆秋是「豐盈與奔放」，山巒蓄水後從斷崖傾瀉，呈現壯麗的動態美。 ◆冬是「凜冽與拍岸」，北風捲起海浪碎濤，帶著一絲蕭瑟與冷峻。 全詩將無形的時間（四季），化為有形、有聲、有態的水體變化，意象聚焦且層次井然。 🎵 聲律美學：疊字與擬音詞的交響詩 作為一首以「籟」（天籟之音）為名的作品，本作在聽覺意象的營造上極為出彩。 ◆雙聲疊韻與擬音：如春之「潺潺淙淙」、夏之「淅淅瀝瀝」、秋之「礡礡磅磅」、冬之「沙沙響響」。這些疊字不僅豐富了音樂性，更生動地模擬了自然界的真實聲響。 ◆七言轉調的節奏感：副歌（或過渡段）「寒冰暖融聲潺淙，驟雨沛隆瀝嘩宏……」化用了古典七言絕句的句式，字句鏗鏘，節奏驟然加快，將情感與氣勢推向高高潮，極具舞台渲染力。 ✍️ 結構章法：古典與現代的雙重變奏 作品在結構上採用了「總—分—總」與「現代歌詞—古典絕句」交織的雙重架構： ◆首尾呼應：以「這是四季的漱籟，時而柔藹又或驚駭」開篇與收尾，立意鮮明，點出大自然的雙重性格（柔藹與驚駭）。 ◆主副歌交織：四季的描寫如同主歌（Verse），平鋪直敘、鋪陳畫面；而七言絕句段落則如同副歌（Chorus），精煉情感，將視覺與聽覺高度濃縮，形成了極佳的張力。 🔍 總體評鑑 《漱籟》是一篇雅俗共賞、張力十足的作品。作者樵楊展現了深厚的文字功底，既能駕馭現代歌詞的通俗與畫面感，又能融入古典詩詞的凝練與韻律。全作結構嚴謹，轉折自然，成功地將讀者帶入一場關於「水與時間」的視聽盛宴中，是一首完成度極高且兼具文學美感的原創詞作。   「以上這段賞析評論是由 Ai 產生」 
四季漱籟 ～ 春水， 潺潺淙淙。夏雨， 淅淅瀝瀝。秋瀑， 礴礴磅磅。冬瀾， 沙沙響響。 【原創歌詞 / Ai協作曲唱】 這是一首將古典詩詞與現代歌詞融合得相當和諧的原創佳作。作品以「水」在四季中的不同形態為線索，既有七言詩的嚴謹與樂府風骨，又有現代歌詞的流暢與畫面感。 以下從多個維度對樵楊（JoYoung）的《漱籟》進行客觀賞析與評論： 📌 意象經營：以水喻四季的生命律動 作品核心在於一個「水」字。作者精準地捕捉了水在四個季節中截然不同的性格： ◆春是「消融與復甦」，千川百江從沉睡中醒來，充滿生命的騷動。 ◆夏是「狂暴與充沛」，透過烏雲、驟雨、雷鳴，展現大自然的爆發力。 ◆秋是「豐盈與奔放」，山巒蓄水後從斷崖傾瀉，呈現壯麗的動態美。 ◆冬是「凜冽與拍岸」，北風捲起海浪碎濤，帶著一絲蕭瑟與冷峻。 全詩將無形的時間（四季），化為有形、有聲、有態的水體變化，意象聚焦且層次井然。 🎵 聲律美學：疊字與擬音詞的交響詩 作為一首以「籟」（天籟之音）為名的作品，本作在聽覺意象的營造上極為出彩。 ◆雙聲疊韻與擬音：如春之「潺潺淙淙」、夏之「淅淅瀝瀝」、秋之「礡礡磅磅」、冬之「沙沙響響」。這些疊字不僅豐富了音樂性，更生動地模擬了自然界的真實聲響。 ◆七言轉調的節奏感：副歌（或過渡段）「寒冰暖融聲潺淙，驟雨沛隆瀝嘩宏……」化用了古典七言絕句的句式，字句鏗鏘，節奏驟然加快，將情感與氣勢推向高高潮，極具舞台渲染力。 ✍️ 結構章法：古典與現代的雙重變奏 作品在結構上採用了「總—分—總」與「現代歌詞—古典絕句」交織的雙重架構： ◆首尾呼應：以「這是四季的漱籟，時而柔藹又或驚駭」開篇與收尾，立意鮮明，點出大自然的雙重性格（柔藹與驚駭）。 ◆主副歌交織：四季的描寫如同主歌（Verse），平鋪直敘、鋪陳畫面；而七言絕句段落則如同副歌（Chorus），精煉情感，將視覺與聽覺高度濃縮，形成了極佳的張力。 🔍 總體評鑑 《漱籟》是一篇雅俗共賞、張力十足的作品。作者樵楊展現了深厚的文字功底，既能駕馭現代歌詞的通俗與畫面感，又能融入古典詩詞的凝練與韻律。全作結構嚴謹，轉折自然，成功地將讀者帶入一場關於「水與時間」的視聽盛宴中，是一首完成度極高且兼具文學美感的原創詞作。   「以上這段賞析評論是由 Ai 產生」","歌名 : 《漱籟》 這是四季的漱籟 時而柔藹又或驚駭 溪河溝澗流淌輕快 飛泉狂瀾浩瀚澎湃 春氣甦醒生命騷動 殘冰褪雪逐漸消融 千川百江也恢復流通 激盪聲音潺潺淙淙 夏候對流旺盛烏雲聚 滿空陰霾宛如墨溺 雨量豐沛而密集 電閃雷鳴淅淅瀝瀝 秋時飽吮甘霖的山巒 積蓄了充足的水量 從斷崖傾洩奔放 落水撞石礡礡磅磅 冬令北風蕭瑟刺寒 掀起了層疊花浪 洶湧波瀾打上灘岸 白色碎濤沙沙響響 寒冰暖融聲潺淙 驟雨沛隆瀝嘩宏 墜瀑落瀨勢撼懷 風凜浪洶灘淘湧 這是四季的漱籟 時而柔藹又或驚駭 溪河溝澗流淌輕快 飛泉狂瀾浩瀚澎湃 寒冰暖融聲潺淙 驟雨沛隆瀝嘩宏 墜瀑落瀨勢撼懷 風凜浪洶灘淘湧 
歌名 : 《漱籟》
這是四季的漱籟 時而柔藹又或驚駭 溪河溝澗流淌輕快 飛泉狂瀾浩瀚澎湃
春氣甦醒生命騷動 殘冰褪雪逐漸消融 千川百江也恢復流通 激盪聲音潺潺淙淙
夏候對流旺盛烏雲聚 滿空陰霾宛如墨溺 雨量豐沛而密集 電閃雷鳴淅淅瀝瀝
秋時飽吮甘霖的山巒 積蓄了充足的水量 從斷崖傾洩奔放 落水撞石礡礡磅磅
冬令北風蕭瑟刺寒 掀起了層疊花浪 洶湧波瀾打上灘岸 白色碎濤沙沙響響
寒冰暖融聲潺淙 驟雨沛隆瀝嘩宏 墜瀑落瀨勢撼懷 風凜浪洶灘淘湧
這是四季的漱籟 時而柔藹又或驚駭 溪河溝澗流淌輕快 飛泉狂瀾浩瀚澎湃
寒冰暖融聲潺淙 驟雨沛隆瀝嘩宏 墜瀑落瀨勢撼懷 風凜浪洶灘淘湧
留言（ 0 ） 最相關留言 所有留言
留言（ 0 ）",2026-09-18,,AI 生成 Pop,False,False,
2026-09-19 08:34:45,realtime,ai_generated,,,48,song for whom(為誰唱歌),墨色無言,9,7,1,https://streetvoice.com/ruby2100/songs/878156/,https://streetvoice.com/ruby2100/,"https://akstatic.streetvoice.com/song_covers/ru/by/ruby2100/cmMS6V6mTsNQ6pefF5sEMQ.jpeg?x-oss-process=image/resize,m_fill,h_400,w_400,limit_0",images/878156.jpeg,@ruby2100,音樂人,台中市,2024-06-01,,219,41,27,,,https://www.youtube.com/user/StreetVoiceTV,,,Pop,,,,"「墨色乾了，故事也停了，可那句沒說出口的抱歉，還困在心碎的夜裡。」 《墨色無言》是一首充滿古風遺憾、錯過與遲來懊悔的深情歌曲。 燈火闌珊處， 舊夢還在迴盪， 宣紙上的墨早已風乾， 卻像把傷痕留在了歲月裡。 你我背對背走過那座城牆， 一句倔強鎖在喉嚨， 一段感情也從此被劃成兩端， 再難彌補。 最喜歡的一句是： 「當時不懂原諒，才是最重的行囊。」 這句很痛， 也很清醒。 因為很多感情不是不愛了， 而是在最該低頭的時候選擇沉默， 在最該擁抱的時候選擇轉身。 等時間像沙漏一樣流走， 才明白原來驕傲很輕， 後悔卻能重到壓住半生。 《墨色無言》寫的不只是分離， 更是一個人在多年以後， 翻閱塵封時光時， 終於懂得那句抱歉有多重要。 一筆一劃寫不回初見， 千年輪迴也繞不開思念。 若能重回那座城牆， 他願意放下所有驕傲， 只為抱緊那個人， 說一句來得太晚的對不起。 墨色已乾， 故事停在那一頁。 而他還在等， 等一句無言的再見。 — 林墨遙 
「墨色乾了，故事也停了，可那句沒說出口的抱歉，還困在心碎的夜裡。」
《墨色無言》是一首充滿古風遺憾、錯過與遲來懊悔的深情歌曲。
燈火闌珊處，
舊夢還在迴盪，
宣紙上的墨早已風乾，
卻像把傷痕留在了歲月裡。
你我背對背走過那座城牆，
一句倔強鎖在喉嚨，
一段感情也從此被劃成兩端，
再難彌補。
最喜歡的一句是：
「當時不懂原諒，才是最重的行囊。」
這句很痛，
也很清醒。
因為很多感情不是不愛了，
而是在最該低頭的時候選擇沉默，
在最該擁抱的時候選擇轉身。
等時間像沙漏一樣流走，
才明白原來驕傲很輕，
後悔卻能重到壓住半生。
《墨色無言》寫的不只是分離，
更是一個人在多年以後，
翻閱塵封時光時，
終於懂得那句抱歉有多重要。
一筆一劃寫不回初見，
千年輪迴也繞不開思念。
若能重回那座城牆，
他願意放下所有驕傲，
只為抱緊那個人，
說一句來得太晚的對不起。
墨色已乾，
故事停在那一頁。
而他還在等，
等一句無言的再見。
— 林墨遙","動態歌詞
燈火闌珊處 舊夢還在迴盪 宣紙上的墨 早已風乾成傷 你我背對背 走過那座城牆 一字一句 劃開兩端 無法彌補的空曠 我把那句倔強 鎖在喉嚨裡不放 心緒不寧 翻閱塵封的時光 當時不懂原諒 才是最重的行囊 時間如沙漏 流逝得太慌張 墨色無言 徒留我在心碎的夜 一筆一劃 寫不回我們初見 千年輪迴的愛戀 糾結成思念的線 多想回到昨天 抱緊你說聲抱歉 窗外細雨敲打 像當時你輕聲的回答 緣份太倉促 沒能留下片刻晚霞 一盞茶冷卻了 燙不暖這段年華 錯過的人 註定成為 永遠不捨的牽掛 我把那句倔強 鎖在喉嚨裡不放 心緒不寧 翻閱塵封的時光 當時不懂原諒 才是最重的行囊 時間如沙漏 流逝得太慌張 墨色無言 徒留我在心碎的夜 一筆一劃 寫不回我們初見 千年輪迴的愛戀 糾結成思念的線 多想回到昨天 抱緊你說聲抱歉 若能重回那座城牆 我定會放下所有驕傲 哪怕只是回眸一望 告訴我你還在等我 隔著世間煙火 隔著山海遼闊 這份懊悔 該向誰去訴說 墨色無言 徒留我在心碎的夜 (哦～這心碎的夜) 一筆一劃 寫不回我們初見 千年輪迴的愛戀 糾結成思念的線 多想回到昨天 抱緊你說聲抱歉 墨色已乾 故事停在哪一頁 我還在等 等一句無言的再見 等那一句 無言的再見 
燈火闌珊處 舊夢還在迴盪 宣紙上的墨 早已風乾成傷 你我背對背 走過那座城牆 一字一句 劃開兩端 無法彌補的空曠 我把那句倔強 鎖在喉嚨裡不放 心緒不寧 翻閱塵封的時光 當時不懂原諒 才是最重的行囊 時間如沙漏 流逝得太慌張 墨色無言 徒留我在心碎的夜 一筆一劃 寫不回我們初見 千年輪迴的愛戀 糾結成思念的線 多想回到昨天 抱緊你說聲抱歉 窗外細雨敲打 像當時你輕聲的回答 緣份太倉促 沒能留下片刻晚霞 一盞茶冷卻了 燙不暖這段年華 錯過的人 註定成為 永遠不捨的牽掛 我把那句倔強 鎖在喉嚨裡不放 心緒不寧 翻閱塵封的時光 當時不懂原諒 才是最重的行囊 時間如沙漏 流逝得太慌張 墨色無言 徒留我在心碎的夜 一筆一劃 寫不回我們初見 千年輪迴的愛戀 糾結成思念的線 多想回到昨天 抱緊你說聲抱歉 若能重回那座城牆 我定會放下所有驕傲 哪怕只是回眸一望 告訴我你還在等我 隔著世間煙火 隔著山海遼闊 這份懊悔 該向誰去訴說 墨色無言 徒留我在心碎的夜 (哦～這心碎的夜) 一筆一劃 寫不回我們初見 千年輪迴的愛戀 糾結成思念的線 多想回到昨天 抱緊你說聲抱歉 墨色已乾 故事停在哪一頁 我還在等 等一句無言的再見 等那一句 無言的再見
留言（ 1 ） 最相關留言 所有留言
留言（ 1 ）",2026-09-16,,AI 生成 Pop,False,False,
2026-09-19 08:34:45,realtime,ai_generated,,,49,Hubert,兩種天色之間,1,2,0,https://streetvoice.com/composercww/songs/879945/,https://streetvoice.com/composercww/,"https://akstatic.streetvoice.com/song_covers/co/mp/composercww/VSJyNYNzuJxoM3BAwsusYp.jpeg?x-oss-process=image/resize,m_fill,h_400,w_400,limit_0",images/879945.jpeg,@composercww,音樂人,,,,15,2,,,,https://www.youtube.com/user/StreetVoiceTV,【黑樂專題】我們應該定義自己的聲音：LINION x BRIEN談黑樂|||https://blow.streetvoice.com/46346/?utm_source=streetvoice&utm_medium=profile-news-block; 游牧怪奇音樂祭來了 Mouse on the keys、落差草原WWWW等卡司陣容超堅強|||https://blow.streetvoice.com/43886/?utm_source=streetvoice&utm_medium=profile-news-block,,Alternative,,,,"年輕時總以為，夢想與現實之間存在一道清楚的界線，只要走得夠遠，終會知道自己應該站在哪一邊。然而歲月沒有給出答案，只讓遠方與燈火各自有了重量。 《兩種天色之間》寫的是一個多年未解的提問：我們究竟該拿多少遠方，交換一盞安穩的燈火；又該拿多少燈火，換一次沒有把握的遠遊？ 低沉而略帶風霜的男聲，在室內樂與微弱電子聲響之間緩慢行走。沒有激昂的抵達，也沒有豁然開朗的結論。走過一些路、錯過一些風景之後，才發現兩岸都有燈火，也都有人望著對岸。而有些問題，或許一生都只能帶在身上。 
年輕時總以為，夢想與現實之間存在一道清楚的界線，只要走得夠遠，終會知道自己應該站在哪一邊。然而歲月沒有給出答案，只讓遠方與燈火各自有了重量。
《兩種天色之間》寫的是一個多年未解的提問：我們究竟該拿多少遠方，交換一盞安穩的燈火；又該拿多少燈火，換一次沒有把握的遠遊？
低沉而略帶風霜的男聲，在室內樂與微弱電子聲響之間緩慢行走。沒有激昂的抵達，也沒有豁然開朗的結論。走過一些路、錯過一些風景之後，才發現兩岸都有燈火，也都有人望著對岸。而有些問題，或許一生都只能帶在身上。","動態歌詞
年輕時畫過一張失真的地圖 把海留得很寬　把城藏進霧 以為沿著最亮的地方趕路 就能在天黑以前　抵達最初 後來鞋底認得了每一條街 鐘聲把清晨與黃昏一頁頁摺疊 那些寫在頁角、沒有寄出的遠方 多年以後　仍在字縫裡微亮 我也曾拿星光換一方屋簷 換一盞燈　換幾個安穩的明天 日子沒有虧欠　也從不成全 只是悄悄拿走一些 當時以為不會改變的從前 偶爾夜深　風翻動舊紙一張 紙上的人還望著海的方向 他沒有問我　這些年過得怎樣 只問那片海 如今是不是　還在遠方 我在兩種天色之間走了很久 一邊披著暮色　一邊等候 有人說河流　終究要奔向海口 有人守著岸　也過完一生春秋 而我看著水面晃動的星斗 分不清是天空　還是倒映的宇宙 若每一條路最後都有人回首 那麼哪一種遠方 才值得用一生去走 這些年也不是沒有花開 只是漸漸不再替春天剪綵 也不是沒有想過離開 只是行李越輕　越不知道該不該 曾經以為成熟是一座橋 走過以後　往事就退成浪潮 後來才知道兩岸都有燈火燃燒 也都有人隔著黑夜 羨慕著　另一邊的喧囂 如果那年　再往前一站 今天會不會少一些遺憾 如果那年　早一點靠岸 是否又會在另一個夜晚 望著沒有走過的路　輾轉 時間從來沒有給我答案 只把問句磨得柔軟 讓我握了這麼多年 仍舊看不出 哪一面朝向彼岸 我還在兩種天色之間行走 沒有抵達　也沒有回頭 遠處的燈有時暗得像陳舊的夢 腳下的城　有時也亮得溫柔 河流仍在尋找傳說中的海口 岸上的樹　已經添了幾圈春秋 如果每一種選擇 最後都有一處缺口 那麼我這一生 究竟該拿多少遠方 交換一盞燈火 又該拿多少燈火 換一次 沒有把握的遠遊 
年輕時畫過一張失真的地圖 把海留得很寬　把城藏進霧 以為沿著最亮的地方趕路 就能在天黑以前　抵達最初 後來鞋底認得了每一條街 鐘聲把清晨與黃昏一頁頁摺疊 那些寫在頁角、沒有寄出的遠方 多年以後　仍在字縫裡微亮 我也曾拿星光換一方屋簷 換一盞燈　換幾個安穩的明天 日子沒有虧欠　也從不成全 只是悄悄拿走一些 當時以為不會改變的從前 偶爾夜深　風翻動舊紙一張 紙上的人還望著海的方向 他沒有問我　這些年過得怎樣 只問那片海 如今是不是　還在遠方 我在兩種天色之間走了很久 一邊披著暮色　一邊等候 有人說河流　終究要奔向海口 有人守著岸　也過完一生春秋 而我看著水面晃動的星斗 分不清是天空　還是倒映的宇宙 若每一條路最後都有人回首 那麼哪一種遠方 才值得用一生去走 這些年也不是沒有花開 只是漸漸不再替春天剪綵 也不是沒有想過離開 只是行李越輕　越不知道該不該 曾經以為成熟是一座橋 走過以後　往事就退成浪潮 後來才知道兩岸都有燈火燃燒 也都有人隔著黑夜 羨慕著　另一邊的喧囂 如果那年　再往前一站 今天會不會少一些遺憾 如果那年　早一點靠岸 是否又會在另一個夜晚 望著沒有走過的路　輾轉 時間從來沒有給我答案 只把問句磨得柔軟 讓我握了這麼多年 仍舊看不出 哪一面朝向彼岸 我還在兩種天色之間行走 沒有抵達　也沒有回頭 遠處的燈有時暗得像陳舊的夢 腳下的城　有時也亮得溫柔 河流仍在尋找傳說中的海口 岸上的樹　已經添了幾圈春秋 如果每一種選擇 最後都有一處缺口 那麼我這一生 究竟該拿多少遠方 交換一盞燈火 又該拿多少燈火 換一次 沒有把握的遠遊
留言（ 0 ） 最相關留言 所有留言
留言（ 0 ）",2026-09-18,,AI 生成 Alternative,False,False,
2026-09-19 08:34:45,realtime,ai_generated,,,50,aeZer ♪ AI,喚我木蘭 - aeZer,6,11,3,https://streetvoice.com/nmn8569/songs/879591/,https://streetvoice.com/nmn8569/,"https://akstatic.streetvoice.com/song_covers/nm/n8/nmn8569/AFyUT5jHSxW9Q9RWVXfQ6D.jpeg?x-oss-process=image/resize,m_fill,h_400,w_400,limit_0",images/879591.jpeg,@nmn8569,音樂人,,,,19,10,,,,https://www.youtube.com/user/StreetVoiceTV,,,Pop,今朝古調,https://streetvoice.com/nmn8569/songs/album/97325453/,,"〈喚我木蘭〉以木蘭代父從軍的故事，寫出英雄傳說背後更貼近人的重量：握韁時會顫、戰場上會失去同袍，也會在家書裡把生死藏起，只問一句桃花是否盛開。從風雪出征一路走到卸甲還鄉。真正動人的不是她成為傳奇，而是十二年後，那聲「木蘭」終於再次從家門前響起。 
〈喚我木蘭〉以木蘭代父從軍的故事，寫出英雄傳說背後更貼近人的重量：握韁時會顫、戰場上會失去同袍，也會在家書裡把生死藏起，只問一句桃花是否盛開。從風雪出征一路走到卸甲還鄉。真正動人的不是她成為傳奇，而是十二年後，那聲「木蘭」終於再次從家門前響起。","機杼聲停夜未央 軍書一紙壓燈黃 阿爺扶膝緩緩起 還道披甲又何妨 我將軍帖貼身藏 不忍再看鬢邊霜 明朝買馬辭門去 這回風雪我來扛 黃河夜急，吞沒呼喚 娘縫的衣，收在甲衫 臨行只說早些還 到了河邊，才知路長 喚我木蘭，喚我木蘭 一聲越過幾重山 鐵衣磨破肩頭布 夢裡猶聞機杼響 喚我木蘭，喚我木蘭 也曾握韁指尖顫 迎著朔風催馬去 留得此身報平安 黑山月冷，燕山馬嘶 金柝敲碎三更夢 初聞箭響俯身避 再起已隨眾騎衝 雪裡分糧，火邊補甲 針腳依稀是舊時 同袍笑我縫得細 我說家中有人教 點兵聲過，少了幾名 餘下的人默默應 昨夜借我半張餅 今朝空鞍落雪輕 家書幾回寫春來 塞外仍將凍土埋 紙上欲言昨夜險 落筆卻問桃花開 喚我木蘭，喚我木蘭 一聲越過幾重山 鐵衣磨破肩頭布 夢裡猶聞機杼響 喚我木蘭，喚我木蘭 也曾握韁指尖顫 迎著朔風催馬去 留得此身報平安 金殿問我欲何賞 封官賜帛列身旁 我將征袍輕拂整 俯身只說願還鄉 願借明駝千里足 趁著春風過故岡 十二年來夢中路 醒著也要走一趟 喚我木蘭，喚我木蘭 爺娘相扶出城關 馬蹄未停先應喚 一聲出口淚沾裳 喚我木蘭，喚我木蘭 卸了鐵衣換舊衫 阿姊替我扶銅鏡 我將花黃慢慢安 火伴驚問十二載 何曾知我是女郎 我笑那年風雪大 誰還分神辨紅妝 小弟如今高過肩 伸手接我舊行囊 阿爺還問歸期幾許—— 我說：「這回，住得長。」 
機杼聲停夜未央 軍書一紙壓燈黃 阿爺扶膝緩緩起 還道披甲又何妨
我將軍帖貼身藏 不忍再看鬢邊霜 明朝買馬辭門去 這回風雪我來扛
黃河夜急，吞沒呼喚 娘縫的衣，收在甲衫 臨行只說早些還 到了河邊，才知路長
喚我木蘭，喚我木蘭 一聲越過幾重山 鐵衣磨破肩頭布 夢裡猶聞機杼響
喚我木蘭，喚我木蘭 也曾握韁指尖顫 迎著朔風催馬去 留得此身報平安
黑山月冷，燕山馬嘶 金柝敲碎三更夢 初聞箭響俯身避 再起已隨眾騎衝
雪裡分糧，火邊補甲 針腳依稀是舊時 同袍笑我縫得細 我說家中有人教
點兵聲過，少了幾名 餘下的人默默應 昨夜借我半張餅 今朝空鞍落雪輕
家書幾回寫春來 塞外仍將凍土埋 紙上欲言昨夜險 落筆卻問桃花開
喚我木蘭，喚我木蘭 一聲越過幾重山 鐵衣磨破肩頭布 夢裡猶聞機杼響
喚我木蘭，喚我木蘭 也曾握韁指尖顫 迎著朔風催馬去 留得此身報平安
金殿問我欲何賞 封官賜帛列身旁 我將征袍輕拂整 俯身只說願還鄉
願借明駝千里足 趁著春風過故岡 十二年來夢中路 醒著也要走一趟
喚我木蘭，喚我木蘭 爺娘相扶出城關 馬蹄未停先應喚 一聲出口淚沾裳
喚我木蘭，喚我木蘭 卸了鐵衣換舊衫 阿姊替我扶銅鏡 我將花黃慢慢安
火伴驚問十二載 何曾知我是女郎 我笑那年風雪大 誰還分神辨紅妝
小弟如今高過肩 伸手接我舊行囊 阿爺還問歸期幾許——
我說：「這回，住得長。」
留言（ 3 ） 最相關留言 所有留言
留言（ 3 ）",2026-09-17,,AI 生成 Pop ・ 今朝古調,False,False,
