snapshot_time,chart_timeframe,chart_genre,chart_year,chart_week,rank,artist_name,song_title,likes_count,play_count,comments_count,song_url,artist_url,cover_image_url,cover_image_local_path,artist_handle,artist_identity,artist_city,artist_joined_date,artist_accredited_datetime,artist_music_count,artist_fans_count,artist_following_count,artist_facebook_url,artist_instagram_url,artist_youtube_url,related_news,big_thing_appearances,genre,album_title,album_url,collaborators,description,lyrics,release_date,song_accredited_datetime,honors,is_editor_recommended,is_song_of_the_day,critic_review_url
2026-09-20 09:13:48,realtime,urban,,,1,阿蘭 AC,無重力大人,53,3734,5,https://streetvoice.com/alanchou12345/songs/877994/,https://streetvoice.com/alanchou12345/,"https://akstatic.streetvoice.com/song_covers/al/an/alanchou12345/ZbLKLgPw3oJzfuqh9WZfE5.jpeg?x-oss-process=image/resize,m_fill,h_400,w_400,limit_0",images/877994.jpeg,@alanchou12345,音樂人,新北市,2019-03-01,2023-01-30 10:32,13,3818,,https://www.facebook.com/profile.php?id=100063938225158,https://www.instagram.com/ac___47/,https://www.youtube.com/@ac47yt,阿蘭AC釋出R&B情歌〈扛不住〉MV Intro取樣李奧納多吵架對手戲|||https://blow.streetvoice.com/65575/?utm_source=streetvoice&utm_medium=profile-news-block; 前「唐貓」主唱阿蘭AC年底發行個人專輯 《GREENHOUSE》與鍾濰宇共同製作|||https://blow.streetvoice.com/64914/?utm_source=streetvoice&utm_medium=profile-news-block; LINION發行新曲〈Holiday Only〉 9m88、黃宣、阿蘭AC、宋柏緯等明星組合唱隊助陣|||https://blow.streetvoice.com/58586/?utm_source=streetvoice&utm_medium=profile-news-block,,R&B / Soul,,,,"生活很重， 音樂很輕。 如果有一首歌， 能讓你暫時漂浮幾分鐘，暫時忘記世界的重量。 
生活很重， 音樂很輕。
如果有一首歌， 能讓你暫時漂浮幾分鐘，暫時忘記世界的重量。","It's a new day new day 依舊是最熟悉的一天 眼神疲憊 需要一杯咖啡 擦亮 二手限量皮鞋 站在 城市柏油地面 腳下 隔絕一層溫度漫步 彷彿暫時劃清界線 長大向現實買單 把童心未泯拿去典當 成長道路上 還真是越走越遠越迷惘 E S C A P E We need escape Escape It's a new day new day 依舊是最熟悉的一天 眼神疲憊 需要 一杯 咖啡 It's another day another day 雖然沒能成為那個誰 淚水熄滅 不了 我心 火焰 出門來場冒險 記得買個保險 還要分散風險 留點勇敢到明天 生活叫人收斂 我用旋律撒野 感受放在裡面 進入音樂沉澱 Just in case 還好有保險 Just in case 還好有保險 車廂緊握著把手 像是懸空的衣袖 戴上耳機漫遊 順著軌道遠走 漂浮到城市盡頭 允許靈魂的失控 在這失重的宇宙 在這失重的宇宙 It's a new day new day 依舊是最熟悉的一天 眼神疲憊 需要 一杯 咖啡 It's another day another day 雖然沒能成為那個誰 淚水熄滅 不了 我心 火焰 
It's a new day new day 依舊是最熟悉的一天 眼神疲憊 需要一杯咖啡
擦亮 二手限量皮鞋 站在 城市柏油地面 腳下 隔絕一層溫度漫步 彷彿暫時劃清界線
長大向現實買單 把童心未泯拿去典當 成長道路上 還真是越走越遠越迷惘
E S C A P E We need escape Escape
It's a new day new day 依舊是最熟悉的一天 眼神疲憊 需要 一杯 咖啡
It's another day another day 雖然沒能成為那個誰 淚水熄滅 不了 我心 火焰
出門來場冒險 記得買個保險 還要分散風險 留點勇敢到明天
生活叫人收斂 我用旋律撒野 感受放在裡面 進入音樂沉澱
Just in case 還好有保險 Just in case 還好有保險
車廂緊握著把手 像是懸空的衣袖 戴上耳機漫遊 順著軌道遠走
漂浮到城市盡頭 允許靈魂的失控 在這失重的宇宙 在這失重的宇宙
It's a new day new day 依舊是最熟悉的一天 眼神疲憊 需要 一杯 咖啡
It's another day another day 雖然沒能成為那個誰 淚水熄滅 不了 我心 火焰
留言（ 5 ） 最相關留言 所有留言
留言（ 5 ）",2026-09-07,,Song of the Day; 編輯推薦,True,True,
2026-09-20 09:13:48,realtime,urban,,,2,起手氏BeginClan,深夜去偷菜,4,60,9,https://streetvoice.com/amy9013576/songs/880133/,https://streetvoice.com/amy9013576/,"https://akstatic.streetvoice.com/song_covers/am/y9/amy9013576/mZRPBwZpiRjSS2BK82GY76.jpeg?x-oss-process=image/resize,m_fill,h_400,w_400,limit_0",images/880133.jpeg,@amy9013576,音樂人,,,2026-04-30 10:23,14,16,11,,,https://www.youtube.com/channel/UCZDx__6Ev6Fl_0oLLgr7fBA,,,R&B / Soul,,,,,"風很小 很好 都睡了 走 半夜，我還醒著 鞋子也懶得換了 門打開，差點 嘎  一聲 拜託小聲 只是出去一下 月亮高高掛 不要照到我,我怕怕 動作要快 姿勢要帥 踩到泥巴... 沒關係哈 沖沖水就好 抱歉了鄰居 手裡的小鋤頭... 它說今晚不想加班 可是,我也沒辦法 深夜來偷菜。 你怎麼還在做夢？ 你怎麼還在做夢？ 走到田中央了 你還沒醒 拜託... 再睡一下 深夜去偷菜 偷一點   再一點 別追啦 我跑很快 深夜去偷菜 收穫有點多 你的麥子 現在都在我懷裡 全部都是我的！ 全部都是我的！ 哈哈... 先不要生氣 紅蘿蔔很好 南瓜太重 番茄先放著 小麥比較香 這塊田... 長得這麼好看 本來 只想拿一點 真的只是一點 越拿越多 自己也嚇到 這算不算 強迫症啊？ 別人稀罕金幣 我只會一直繞來這裡 一直看  一直看  一直看 突然安靜.... 風吹來 麥子在搖 忽然想到 每天都來 只是因為偷菜？ 我被你判刑了 刑期是無限 只是,剛好關在妳心裡 如果妳生氣 那...明天就把我綁起來 放到家門口 當作賠償 深夜去偷菜 偷一點 再一點 別追啦 我跑很快 深夜去偷菜 收穫有點多 你的麥子 現在都在我懷裡 都是我的！ 都是我的！ 偷到最後 真正想偷的 不是那一片麥子 不是那些番茄 不是南瓜 也不是紅蘿蔔 想偷的  一直都是... 妳這個菜 今天先回家 菜 明天再說 妳 我  還會再來 
風很小 很好 都睡了 走
半夜，我還醒著 鞋子也懶得換了 門打開，差點 嘎  一聲 拜託小聲 只是出去一下 月亮高高掛 不要照到我,我怕怕
動作要快 姿勢要帥 踩到泥巴... 沒關係哈
沖沖水就好 抱歉了鄰居 手裡的小鋤頭... 它說今晚不想加班 可是,我也沒辦法
深夜來偷菜。 你怎麼還在做夢？ 你怎麼還在做夢？
走到田中央了 你還沒醒 拜託... 再睡一下
深夜去偷菜 偷一點   再一點 別追啦 我跑很快
深夜去偷菜 收穫有點多 你的麥子 現在都在我懷裡 全部都是我的！ 全部都是我的！
哈哈... 先不要生氣
紅蘿蔔很好 南瓜太重 番茄先放著 小麥比較香
這塊田... 長得這麼好看 本來 只想拿一點 真的只是一點 越拿越多 自己也嚇到
這算不算 強迫症啊？ 別人稀罕金幣 我只會一直繞來這裡 一直看  一直看  一直看
突然安靜.... 風吹來 麥子在搖 忽然想到 每天都來 只是因為偷菜？
我被你判刑了 刑期是無限 只是,剛好關在妳心裡 如果妳生氣
那...明天就把我綁起來 放到家門口 當作賠償
深夜去偷菜 偷一點 再一點 別追啦 我跑很快
深夜去偷菜 收穫有點多 你的麥子 現在都在我懷裡 都是我的！ 都是我的！
偷到最後 真正想偷的 不是那一片麥子 不是那些番茄 不是南瓜 也不是紅蘿蔔
想偷的  一直都是... 妳這個菜
今天先回家 菜 明天再說 妳 我  還會再來
留言（ 9 ） 最相關留言 所有留言
留言（ 9 ）",2026-09-19,,AI 協作 R&B / Soul,False,False,
2026-09-20 09:13:48,realtime,urban,,,3,yü 莊雨潔,不要忘記（demo）,9,350,3,https://streetvoice.com/yudesu/songs/879680/,https://streetvoice.com/yudesu/,"https://akstatic.streetvoice.com/song_covers/yu/de/yudesu/Uda7Ri2y9uyjrDy3uG2Xg2.jpeg?x-oss-process=image/resize,m_fill,h_400,w_400,limit_0",images/879680.jpeg,@yudesu,音樂人,,,,1,3,1,,,https://www.youtube.com/user/StreetVoiceTV,115年流行音樂製作發行補助案「創作新聲類」獲補助名單公布|||https://blow.streetvoice.com/89543/?utm_source=streetvoice&utm_medium=profile-news-block; 四枝筆特邀國內外好友們共同完成新單曲〈You Save Me〉預告年底將發行首張專輯|||https://blow.streetvoice.com/54889/?utm_source=streetvoice&utm_medium=profile-news-block,,R&B / Soul,,,,"後來我常常想起那個午後。 陽光從窗外斜斜地落進來，空氣裡有灰塵，也許還有你身上的氣味。我們一起唱歌唱到忘記歌詞的地方就胡亂地笑，你笑得太用力，整個人倒過來，我伸手抱住你。 我記得自己曾經在你耳邊說了很多話，但大部分我都忘了。 只記得說過「好愛你」。 往後的日子，以愛為名，我們爭吵。對罵。沉默。 你最後沒有離開，只是我們慢慢失去了辨認彼此的方法。 你也學會不再對我溫柔。 直到那一天，如同過去的每一天，我目送著你的轉身。 天空很亮，風從街道的縫隙穿過來。 我忽然哼起了一段旋律，唱到第二句時，才發現。 那是你以前總是哼著的歌。 我站在原地，好像有什麼東西從很遠的地方游回來 是條穿梭在時空裡的銀色的大魚。 而我直到那一天才承認。 我想念的，也許從來不只是過去。 我想念的是那時候的我們—— 還不知道，原來有一天，即使沒有離開彼此，也會走散。 
後來我常常想起那個午後。 陽光從窗外斜斜地落進來，空氣裡有灰塵，也許還有你身上的氣味。我們一起唱歌唱到忘記歌詞的地方就胡亂地笑，你笑得太用力，整個人倒過來，我伸手抱住你。
我記得自己曾經在你耳邊說了很多話，但大部分我都忘了。
只記得說過「好愛你」。
往後的日子，以愛為名，我們爭吵。對罵。沉默。 你最後沒有離開，只是我們慢慢失去了辨認彼此的方法。
你也學會不再對我溫柔。 直到那一天，如同過去的每一天，我目送著你的轉身。 天空很亮，風從街道的縫隙穿過來。 我忽然哼起了一段旋律，唱到第二句時，才發現。 那是你以前總是哼著的歌。
我站在原地，好像有什麼東西從很遠的地方游回來 是條穿梭在時空裡的銀色的大魚。 而我直到那一天才承認。
我想念的，也許從來不只是過去。 我想念的是那時候的我們—— 還不知道，原來有一天，即使沒有離開彼此，也會走散。","看著你轉身離開後 我站在巷口 揮手 只是想多看你一分鐘 然後  播放你愛的歌曲 發現我也會哼了  重複著那旋律 告訴自己 不要忘記 在那個時候 太多對錯 在那個時候 太多執著 我忘了 怎麼忘了 我忘了 怎麼忘了 他們說從那天以後 你學著不再溫柔  沉默 時間停在某個夏日午後 我聽你唱著那首歌曲 你要我和你一起 重複著那旋律 告訴自己 不要忘記 但那個時候  太多對錯 在哪個時候  太多執著 我忘了 怎麼忘了 我忘了 怎麼忘了 
看著你轉身離開後 我站在巷口 揮手 只是想多看你一分鐘 然後  播放你愛的歌曲 發現我也會哼了  重複著那旋律 告訴自己 不要忘記
在那個時候 太多對錯 在那個時候 太多執著
我忘了 怎麼忘了 我忘了 怎麼忘了
他們說從那天以後 你學著不再溫柔  沉默 時間停在某個夏日午後 我聽你唱著那首歌曲 你要我和你一起 重複著那旋律 告訴自己 不要忘記
但那個時候  太多對錯 在哪個時候  太多執著
我忘了 怎麼忘了 我忘了 怎麼忘了
留言（ 3 ） 最相關留言 所有留言
留言（ 3 ）",2026-09-16,,編輯推薦,True,False,
2026-09-20 09:13:48,realtime,urban,,,4,阿橘,926來台中看阿橘-都賴給你 (By JAYWANG 王子慧),11,120,1,https://streetvoice.com/ahh_g/songs/879463/,https://streetvoice.com/ahh_g/,"https://akstatic.streetvoice.com/song_covers/ah/h_/ahh_g/BtGokBjxXKdqxouLF7z8nq.jpeg?x-oss-process=image/resize,m_fill,h_400,w_400,limit_0",images/879463.jpeg,@ahh_g,音樂人,台北市,2017-06-01,2022-08-04 14:05,8,631,14,,https://instagram.com/_ahh_g_,https://www.youtube.com/user/StreetVoiceTV,阿橘AhhG全新個人專輯《碎了滿地卻還閃亮的》 攜手趙翊帆打造新歌〈作息〉|||https://blow.streetvoice.com/80982/?utm_source=streetvoice&utm_medium=profile-news-block; 阿橘Ahh G攜手Flowstrong推出單曲〈送給你的寂寞〉以舞曲包裝Z世代孤寂氛圍|||https://blow.streetvoice.com/79831/?utm_source=streetvoice&utm_medium=profile-news-block; 阿橘全新單曲〈Cool but Lonely〉 邀請鄒序跨刀合作|||https://blow.streetvoice.com/76593/?utm_source=streetvoice&utm_medium=profile-news-block,,R&B / Soul,,,,"From KL to TPE 都市女聲夜洋通話｜阿橘 Ahh G X JAYWANG 王子慧 - 阿橘 來自新北市的 25 歲獨立創作歌手，自就讀台大外文系開始創作生涯，音樂風格以 Indie R&B、 Neo Soul 及City Pop為主。作為 Z 世代台灣年輕獨立音樂創作者擅於捕捉 Z 世代的人際觀、愛情觀，以及對未來夢想的煩惱，創造出獨樹一格的 Neo Taipei 世代流行風格。 2026年初，阿橘接連獲邀前往泰國曼谷「Bangkok Music City」及日本沖繩「Okinawa Music Lane Festival」，接連的海外演出，也擴大阿橘未來代表台灣新聲代歌手，以優異外語實力創作、跨境合作的可能性。 - JAYWANG 王子慧 JAYWANG 王子慧是來自馬來西亞的獨立音樂人，因在台灣留學期間接觸音樂創作而嶄露頭角。她以Fusion Pop為創作核心，融合 Hip Hop、R&B、Jazz 與 Electronic 等元素，透過柔和渾厚的嗓音與細膩而直白的文字，描寫成長、自我探索與親密關係中的情感拉扯。現活躍於馬來西亞與台灣，持續以獨立創作者身分探索流行音樂更多元的可能性。 - 移地訓練｜Shabbyboyz 2026 Label Tour 從吉隆坡的深夜到澳門的清晨， 一路把台北的節奏與北漂少年少女帶回家。 台中的暖陽，我們回家進行「移地訓練」吧， 從全新的演出場地、剽悍的 Barber Shop， 一路唱回跟我們一起長大的 Live House。 Shabbyboyz 奧少年四週年巡迴正式開訓。 - 時間： 9/26（六）19:00 地點：THE PILLARS (柱) 台中市北區篤行路13號3樓 陣容：阿橘 Ahh G X JAYWANG 王子慧（MY） 票價：預售票 500 元 / 現場票 700 元 售票時間：2026/07/01（三）12:00 開始販售 售票平台：Indievox 本案獲臺中市政府新聞局補助 出品 Produced by｜Shabby Boyz CO.,LTD. (P)&(C) 2026 Shabby Boyz CO.,LTD. 
From KL to TPE 都市女聲夜洋通話｜阿橘 Ahh G X JAYWANG 王子慧
-
阿橘
來自新北市的 25 歲獨立創作歌手，自就讀台大外文系開始創作生涯，音樂風格以 Indie R&B、 Neo Soul 及City Pop為主。作為 Z 世代台灣年輕獨立音樂創作者擅於捕捉 Z 世代的人際觀、愛情觀，以及對未來夢想的煩惱，創造出獨樹一格的 Neo Taipei 世代流行風格。
2026年初，阿橘接連獲邀前往泰國曼谷「Bangkok Music City」及日本沖繩「Okinawa Music Lane Festival」，接連的海外演出，也擴大阿橘未來代表台灣新聲代歌手，以優異外語實力創作、跨境合作的可能性。
-
JAYWANG 王子慧
JAYWANG 王子慧是來自馬來西亞的獨立音樂人，因在台灣留學期間接觸音樂創作而嶄露頭角。她以Fusion Pop為創作核心，融合 Hip Hop、R&B、Jazz 與 Electronic 等元素，透過柔和渾厚的嗓音與細膩而直白的文字，描寫成長、自我探索與親密關係中的情感拉扯。現活躍於馬來西亞與台灣，持續以獨立創作者身分探索流行音樂更多元的可能性。
-
移地訓練｜Shabbyboyz 2026 Label Tour
從吉隆坡的深夜到澳門的清晨，
一路把台北的節奏與北漂少年少女帶回家。
台中的暖陽，我們回家進行「移地訓練」吧，
從全新的演出場地、剽悍的 Barber Shop，
一路唱回跟我們一起長大的 Live House。
Shabbyboyz 奧少年四週年巡迴正式開訓。
-
時間： 9/26（六）19:00 地點：THE PILLARS (柱) 台中市北區篤行路13號3樓 陣容：阿橘 Ahh G X JAYWANG 王子慧（MY） 票價：預售票 500 元 / 現場票 700 元 售票時間：2026/07/01（三）12:00 開始販售 售票平台：Indievox
本案獲臺中市政府新聞局補助 出品 Produced by｜Shabby Boyz CO.,LTD. (P)&(C) 2026 Shabby Boyz CO.,LTD.","嘆一口氣 然後補齊 這杯缺漏的空瓶 嘆氣一口氣 決定沈迷 這週末更新的續集 已經決定放棄 決定交出這權利 找到那晚開始失語的原因 Whatever I said 過去的就算了啊 算了啊 嘴上說著算了啊 算了啊 說起來也不合時宜 這次我總算遇見完整的人 竟還有點不太確定 搬走的上一個冬天 看不見一通未接來電 朋友要我向你說聲再見 要我保持禮貌向你道謝 But whatever I said sounds so fake 要是我當時能夠如此愛你 現在無法相信 是你留給我的創傷後遺 要是我當時能夠如此篤定 現在反覆猶豫 是你留給我的創傷後遺 Not sure what's wrong with me 只好都賴給你 I'm not sure what's wrong with me 我只好都賴給你 Not sure what's wrong with me 只好都賴給你 I'm not sure what's wrong with me 我只好都賴給你 大聲點 再努力一點 或許我今夜就不會再不眠 還留下碎片能紀念 也大肆宣揚 我的不甘也無悔 
嘆一口氣 然後補齊 這杯缺漏的空瓶 嘆氣一口氣 決定沈迷 這週末更新的續集 已經決定放棄 決定交出這權利 找到那晚開始失語的原因 Whatever I said
過去的就算了啊 算了啊 嘴上說著算了啊 算了啊 說起來也不合時宜 這次我總算遇見完整的人 竟還有點不太確定
搬走的上一個冬天 看不見一通未接來電 朋友要我向你說聲再見 要我保持禮貌向你道謝 But whatever I said sounds so fake
要是我當時能夠如此愛你 現在無法相信 是你留給我的創傷後遺
要是我當時能夠如此篤定 現在反覆猶豫 是你留給我的創傷後遺
Not sure what's wrong with me 只好都賴給你 I'm not sure what's wrong with me 我只好都賴給你 Not sure what's wrong with me 只好都賴給你 I'm not sure what's wrong with me 我只好都賴給你
大聲點 再努力一點 或許我今夜就不會再不眠 還留下碎片能紀念 也大肆宣揚 我的不甘也無悔
留言（ 1 ） 最相關留言 所有留言
留言（ 1 ）",2026-09-15,,編輯推薦,True,False,
2026-09-20 09:13:48,realtime,urban,,,5,雪莉曾SHAriTseng,【沒有需求的供給】E.Guitar Ver.,5,396,2,https://streetvoice.com/ShariTseng/songs/878810/,https://streetvoice.com/ShariTseng/,"https://akstatic.streetvoice.com/song_covers/Sh/ar/ShariTseng/UKopphJa9AeuiAK7qd5bW5.jpeg?x-oss-process=image/resize,m_fill,h_400,w_400,limit_0",images/878810.jpeg,@ShariTseng,音樂人,,,2025-03-25 14:30,3,45,4,,https://www.instagram.com/sharitseng,https://youtube.com/@sharitseng,114年流行音樂製作發行補助案 「創作新聲類」獲補助名單公布|||https://blow.streetvoice.com/81788/?utm_source=streetvoice&utm_medium=profile-news-block,,R&B / Soul,,,HG、prdcrleaf,"沒有需求元宇宙 沒有需求的供給就像一種永無止盡的單戀，做了再多的事依舊沒有需求，再多的愛都沒有意義 好多的版本也是沒有需求的供給攻擊攻擊 詞曲/雪莉曾SHAriTseng EG/HG Mixing/Mastering/prdcrleaf 
沒有需求元宇宙
沒有需求的供給就像一種永無止盡的單戀，做了再多的事依舊沒有需求，再多的愛都沒有意義
好多的版本也是沒有需求的供給攻擊攻擊
詞曲/雪莉曾SHAriTseng EG/HG Mixing/Mastering/prdcrleaf","沒有需求的供給 這裡只剩一顆心 好想說聲我愛你 連見面理由都湊不齊 向你的視線沒有原因 一片空氣 卻不交集的眼睛 在原點佇立 你不需要的我 還是期待 you love me 沒有需求的供給 攻擊 攻擊 攻擊著我自己 （明明不相信 卻開始在意 你的星座配不配intp） 你不想聽的我愛你 欺騙 欺騙著大地 沒有需求的供給 打擊 攻擊攻擊攻擊 逃避逃避逃避 喔四點半的凌晨 你轉發的那首歌 又想表達什麼呢 你給他們的眼神 過於炙熱 超出一切的負荷 說實在 關我什麼事 其實你從來都不曉得 帶著喜歡的罪惡 無法佔有 妄想you love me 沒有需求的供給 攻擊 攻擊 攻擊著我自己 （沒完的猜測 機率都不準 就喜歡我 四分之一也好呢） 你不想聽的我愛你 欺騙 欺騙著大地 沒有需求的供給 逃避 Y軸上的靈魂 帶走早已統計不出緣分 還不了解的你 怎麼讓我開始陌生我自己 沒有需求的供給 攻擊 攻擊 攻擊著我自己 （就像是瘋了 快放棄的 看見你怎麼又消失殆盡） 你不想聽的我愛你 欺騙 欺騙著大地 沒有需求的供給 倒地 攻擊攻擊攻擊 逃避逃避逃避 沒有需求的供給 
沒有需求的供給 這裡只剩一顆心 好想說聲我愛你 連見面理由都湊不齊
向你的視線沒有原因 一片空氣 卻不交集的眼睛 在原點佇立 你不需要的我 還是期待 you love me
沒有需求的供給 攻擊 攻擊 攻擊著我自己 （明明不相信 卻開始在意 你的星座配不配intp）
你不想聽的我愛你 欺騙 欺騙著大地 沒有需求的供給 打擊
攻擊攻擊攻擊 逃避逃避逃避
喔四點半的凌晨 你轉發的那首歌 又想表達什麼呢
你給他們的眼神 過於炙熱 超出一切的負荷
說實在 關我什麼事 其實你從來都不曉得 帶著喜歡的罪惡 無法佔有 妄想you love me
沒有需求的供給 攻擊 攻擊 攻擊著我自己 （沒完的猜測 機率都不準 就喜歡我 四分之一也好呢） 你不想聽的我愛你 欺騙 欺騙著大地 沒有需求的供給 逃避
Y軸上的靈魂 帶走早已統計不出緣分 還不了解的你 怎麼讓我開始陌生我自己
沒有需求的供給 攻擊 攻擊 攻擊著我自己 （就像是瘋了 快放棄的 看見你怎麼又消失殆盡） 你不想聽的我愛你 欺騙 欺騙著大地 沒有需求的供給 倒地
攻擊攻擊攻擊 逃避逃避逃避
沒有需求的供給
留言（ 2 ） 最相關留言 所有留言
留言（ 2 ）",2026-09-10,,編輯推薦,True,False,
2026-09-20 09:13:48,realtime,urban,,,6,B. Lei,『光斑的餘溫』Demo,0,33,0,https://streetvoice.com/b_lei05/songs/879917/,https://streetvoice.com/b_lei05/,"https://akstatic.streetvoice.com/song_covers/tc/s6/tcs6zj9gxt/k3yxA2PQe6p2ZVseWnHZKW.jpeg?x-oss-process=image/resize,m_fill,h_400,w_400,limit_0",images/879917.jpeg,@b_lei05,音樂人,澳門,2025-01-01,,1,1,4,,,https://www.youtube.com/user/StreetVoiceTV,2023浪人祭演出時刻表完整公開！超過百組海內外豪華陣容齊聚台南安平|||https://blow.streetvoice.com/69821/?utm_source=streetvoice&utm_medium=profile-news-block; 手頭的文化幣還沒用完？2023下半年全台音樂祭大彙整！|||https://blow.streetvoice.com/69093/?utm_source=streetvoice&utm_medium=profile-news-block; 2023浪人祭五週年主視覺大公開 各票種6/9即將開賣|||https://blow.streetvoice.com/67541/?utm_source=streetvoice&utm_medium=profile-news-block,,R&B / Soul,,,,"這是我這首歌的中心思想 在當代社會的噪音與集體焦慮中，人們常被迫跟隨大眾的評價與節奏。《光斑的餘溫》展現了一種主體性的覺醒——「不用迎合誰的期待的故事，在自己的時區裡綻放姿態」。這強調了個體的成長並非是一場與他人的競速賽，而是回歸內在節律的自洽過程。 藉此帶出不需要因為自己的成績學業而感到焦慮和自卑 只要懂得 『 在仁愛中行謙遜；在謙信中行仁愛。』就已經足夠。 藝術和品德大於成績。 
這是我這首歌的中心思想
在當代社會的噪音與集體焦慮中，人們常被迫跟隨大眾的評價與節奏。《光斑的餘溫》展現了一種主體性的覺醒——「不用迎合誰的期待的故事，在自己的時區裡綻放姿態」。這強調了個體的成長並非是一場與他人的競速賽，而是回歸內在節律的自洽過程。
藉此帶出不需要因為自己的成績學業而感到焦慮和自卑 只要懂得 『 在仁愛中行謙遜；在謙信中行仁愛。』就已經足夠。
藝術和品德大於成績。","動態歌詞
《光斑的餘溫》 膠片裡 留著沒說完的側影 街燈把孤獨 拉成細長的呼吸 世界習慣了 熱鬧的噪音 我卻在安靜裡 聽見自己的心 鏡頭下 捕捉光影的流轉 有些故事 適合留白與遺撼 雨水洗刷過 城市的喧囂 我們都在夜裡 尋找著依靠 擦拭融不化的夢境 不一定 要有完美的答案才算清醒 讓眼眶裡的星光 慢慢沉澱成和平 慢慢沉澱 ~ 成和平 一個人走過 夜晚的深邃 不代表心底 缺少了光輝 都是歲月的饋贈與留白 溫暖著每個 獨自醒來的港灣 不用迎合誰的期待的故事 在自己的時區裡 綻放姿態 一個人走過 夜晚的深邃 不代表心底 缺少了光輝 都是歲月的饋贈與留白 溫暖著每一個 獨自醒來的港口 不用迎合誰的期待的故事 在自己的時區裡 綻放姿態 時光很慢 影子很長 不完美 傳統也是一種獨特的模樣 在無人問津的角落裡 自己 才是最深情的答案 把光斑的餘溫 留給今夜的我 晚安 ～ 
《光斑的餘溫》 膠片裡 留著沒說完的側影 街燈把孤獨 拉成細長的呼吸 世界習慣了 熱鬧的噪音 我卻在安靜裡 聽見自己的心 鏡頭下 捕捉光影的流轉 有些故事 適合留白與遺撼 雨水洗刷過 城市的喧囂 我們都在夜裡 尋找著依靠
擦拭融不化的夢境 不一定 要有完美的答案才算清醒 讓眼眶裡的星光 慢慢沉澱成和平 慢慢沉澱 ~ 成和平 一個人走過 夜晚的深邃 不代表心底 缺少了光輝 都是歲月的饋贈與留白 溫暖著每個 獨自醒來的港灣 不用迎合誰的期待的故事 在自己的時區裡 綻放姿態 一個人走過 夜晚的深邃 不代表心底 缺少了光輝 都是歲月的饋贈與留白 溫暖著每一個 獨自醒來的港口 不用迎合誰的期待的故事 在自己的時區裡 綻放姿態
時光很慢 影子很長 不完美 傳統也是一種獨特的模樣 在無人問津的角落裡 自己 才是最深情的答案 把光斑的餘溫 留給今夜的我 晚安 ～
留言（ 0 ） 最相關留言 所有留言
留言（ 0 ）",2026-09-18,,,False,False,
2026-09-20 09:13:48,realtime,urban,,,7,COLD DEW,六神無主-(Live at THE WALL 2025),4,106,0,https://streetvoice.com/COLDDEW/songs/879437/,https://streetvoice.com/COLDDEW/,"https://akstatic.streetvoice.com/music_albums/CO/LD/COLDDEW/JgHB3sQsBYbRoPdaq2of2b.jpeg?x-oss-process=image/resize,m_fill,h_400,w_400,limit_0",images/879437.jpeg,@COLDDEW,音樂人,新北市,2019-04-01,2021-10-04 16:19,21,1045,5,https://www.facebook.com/colddewtw,https://www.instagram.com/colddewtw/,https://www.youtube.com/channel/UC6C5yoccZQEaMzFqbv6EPDw,重返那一夜THE WALL的魔幻時刻——COLD DEW釋出《臺北人文地景》專場實況錄音|||https://blow.streetvoice.com/90217/?utm_source=streetvoice&utm_medium=profile-news-block; 2026雨山祭十週年全陣容公開，傷心欲絕、百合花、COLD DEW、That’s My Shhh等12組演出邀請樂迷重返文山|||https://blow.streetvoice.com/86335/?utm_source=streetvoice&utm_medium=profile-news-block; 拍謝少年20週年「現場處理：山盟海誓」邀debloop、EmptyORio、COLD DEW、五五身擔任嘉賓|||https://blow.streetvoice.com/85161/?utm_source=streetvoice&utm_medium=profile-news-block,,Blues,Fusion Village,https://streetvoice.com/COLDDEW/songs/album/97326083/,,,"六神無主 詞／曲 林哲安  編曲／COLD DEW 阿，那滿腹的無奈 就讓他，隨著迷茫離開 猜，有多少的感慨 隨著煙，飄散在山和海 嘿，在山林的悲哀 轉眼間，已被濃霧掩埋 踩，著落地的風采 抬起頭，眼淚就流下來 
六神無主 詞／曲 林哲安  編曲／COLD DEW
阿，那滿腹的無奈 就讓他，隨著迷茫離開 猜，有多少的感慨 隨著煙，飄散在山和海
嘿，在山林的悲哀 轉眼間，已被濃霧掩埋 踩，著落地的風采 抬起頭，眼淚就流下來
留言（ 0 ） 最相關留言 所有留言
留言（ 0 ）",2026-09-15,,編輯推薦,True,False,
2026-09-20 09:13:48,realtime,urban,,,8,COLD DEW,爛醉-(Live at THE WALL 2025),2,103,1,https://streetvoice.com/COLDDEW/songs/879430/,https://streetvoice.com/COLDDEW/,"https://akstatic.streetvoice.com/music_albums/CO/LD/COLDDEW/JgHB3sQsBYbRoPdaq2of2b.jpeg?x-oss-process=image/resize,m_fill,h_400,w_400,limit_0",images/879430.jpeg,@COLDDEW,音樂人,新北市,2019-04-01,2021-10-04 16:19,21,1045,5,https://www.facebook.com/colddewtw,https://www.instagram.com/colddewtw/,https://www.youtube.com/channel/UC6C5yoccZQEaMzFqbv6EPDw,重返那一夜THE WALL的魔幻時刻——COLD DEW釋出《臺北人文地景》專場實況錄音|||https://blow.streetvoice.com/90217/?utm_source=streetvoice&utm_medium=profile-news-block; 2026雨山祭十週年全陣容公開，傷心欲絕、百合花、COLD DEW、That’s My Shhh等12組演出邀請樂迷重返文山|||https://blow.streetvoice.com/86335/?utm_source=streetvoice&utm_medium=profile-news-block; 拍謝少年20週年「現場處理：山盟海誓」邀debloop、EmptyORio、COLD DEW、五五身擔任嘉賓|||https://blow.streetvoice.com/85161/?utm_source=streetvoice&utm_medium=profile-news-block,,R&B / Soul,Fusion Village,https://streetvoice.com/COLDDEW/songs/album/97326083/,,,"爛醉 詞／曲 林哲安  編曲／COLD DEW 月亮在天邊 但卻看不清楚她的臉 路歪歪斜斜 昏昏沉沉的思念 反胃的感覺 吐了一遍一遍又一遍 深夜的公園 都是酒精的氣味 醉倒在路邊 身邊都是不認識的人 隱約地聽見 他們笑我不省人事的樣子 但沒有關係 因為我 早就，不在乎 讓我，睡去 我想要，醉好幾天 讓我，睡去 我想要，醉好幾天 
爛醉 詞／曲 林哲安  編曲／COLD DEW
月亮在天邊 但卻看不清楚她的臉 路歪歪斜斜 昏昏沉沉的思念 反胃的感覺 吐了一遍一遍又一遍 深夜的公園 都是酒精的氣味 醉倒在路邊 身邊都是不認識的人 隱約地聽見 他們笑我不省人事的樣子 但沒有關係 因為我 早就，不在乎
讓我，睡去 我想要，醉好幾天 讓我，睡去 我想要，醉好幾天
留言（ 1 ） 最相關留言 所有留言
留言（ 1 ）",2026-09-15,,編輯推薦,True,False,
2026-09-20 09:13:48,realtime,urban,,,9,虱目魚丸,九牛二虎的愛妳,1,1,0,https://streetvoice.com/xuejiashuizhudan/songs/876517/,https://streetvoice.com/xuejiashuizhudan/,"https://akstatic.streetvoice.com/profile_images/xu/ej/xuejiashuizhudan/j8Jt6LZkVTgP2aTQiPpebr.jpg?x-oss-process=image/resize,m_fill,h_400,w_400,limit_0",images/876517.jpg,@xuejiashuizhudan,音樂人,,,,4,1,,,,https://www.youtube.com/user/StreetVoiceTV,,,Jazz,,,,"第一次約會，是在一間牛肉麵店。 平常明明很會吹牛， 真正喜歡的人坐在面前，卻連牛腱、牛筋還是牛肚都沒看清楚。 後來我們一起走過好多地方， 有過爭吵，也學會體諒。 才慢慢發現，最好的愛情不一定需要多浪漫， 可能只是一起吃飯、一起想晚餐吃什麼， 記得彼此重要的日子，也願意為對方收起一點脾氣。 如果有人問我，愛一個人到底需要多少力氣？ 我想了想—— 大概就是九牛二虎的力氣。 《九牛二虎的愛妳》 把一碗牛肉麵開始的緊張，寫成一段平凡又認真的愛情。 —— 虱目魚丸 
第一次約會，是在一間牛肉麵店。
平常明明很會吹牛， 真正喜歡的人坐在面前，卻連牛腱、牛筋還是牛肚都沒看清楚。
後來我們一起走過好多地方， 有過爭吵，也學會體諒。 才慢慢發現，最好的愛情不一定需要多浪漫， 可能只是一起吃飯、一起想晚餐吃什麼， 記得彼此重要的日子，也願意為對方收起一點脾氣。
如果有人問我，愛一個人到底需要多少力氣？
我想了想—— 大概就是九牛二虎的力氣。
《九牛二虎的愛妳》 把一碗牛肉麵開始的緊張，寫成一段平凡又認真的愛情。
—— 虱目魚丸","動態歌詞
那年秋老虎還沒走 第一次約妳在巷口 那家牛肉麵店門口 我提早半小時等候 平常明明很會吹牛 見到妳卻不敢抬頭 妳笑著問我吃什麼 我說跟妳吃什麼都可口 牛腱 牛筋 還是牛肚 其實我根本沒看清楚 妳坐在我的對面 我只顧著緊張和幸福 想跟妳一樣 點一碗熟悉的湯 想陪妳慢慢 走往同一個方向 不需要太多浪漫 也不用承諾多漂亮 只要每次回頭看 妳都還在我身旁 牛肉湯還冒著香 牛油一匙慢慢晃 後來日子過得平常 我的牛脾氣也偶爾登場 我們走過好多地方 也有爭吵也有體諒 才發現最好的愛情 就是平凡有人分享 想跟妳一樣 慢慢走同個方向 早餐吃什麼 晚餐陪妳慢慢想 為妳記住每個日期 為妳慢慢收起脾氣 如果有人問我愛妳 到底用了多少力氣 我想了想 大概就是 九牛二虎的力氣 
那年秋老虎還沒走 第一次約妳在巷口 那家牛肉麵店門口 我提早半小時等候 平常明明很會吹牛 見到妳卻不敢抬頭 妳笑著問我吃什麼 我說跟妳吃什麼都可口 牛腱 牛筋 還是牛肚 其實我根本沒看清楚 妳坐在我的對面 我只顧著緊張和幸福 想跟妳一樣 點一碗熟悉的湯 想陪妳慢慢 走往同一個方向 不需要太多浪漫 也不用承諾多漂亮 只要每次回頭看 妳都還在我身旁 牛肉湯還冒著香 牛油一匙慢慢晃 後來日子過得平常 我的牛脾氣也偶爾登場 我們走過好多地方 也有爭吵也有體諒 才發現最好的愛情 就是平凡有人分享 想跟妳一樣 慢慢走同個方向 早餐吃什麼 晚餐陪妳慢慢想 為妳記住每個日期 為妳慢慢收起脾氣 如果有人問我愛妳 到底用了多少力氣 我想了想 大概就是 九牛二虎的力氣
留言（ 0 ） 最相關留言 所有留言
留言（ 0 ）",2026-09-19,,AI 協作 Jazz,False,False,
2026-09-20 09:13:48,realtime,urban,,,10,奧薩瑪 Osama,得要快樂一點,0,13,0,https://streetvoice.com/hejiawei0909/songs/879935/,https://streetvoice.com/hejiawei0909/,"https://akstatic.streetvoice.com/song_covers/he/ji/hejiawei0909/aZYRYppGeJsmwkFArfp4pQ.jpg?x-oss-process=image/resize,m_fill,h_400,w_400,limit_0",images/879935.jpg,@hejiawei0909,音樂人,新北市,2018-09-01,,19,36,21,,,https://www.youtube.com/user/StreetVoiceTV,,,R&B / Soul,,,,,"看到妳 在我的夢裡不斷徘徊 看到妳 在我的回憶不斷旁白 看到妳 在我的夢裡直到崩壞 看到妳但卻又碰不到妳 假裝都不在意 雖然心碎了滿地 假裝都不在意 才能夠慢慢抽離 假裝都不在意 但還會想起曾經 假裝都不在意 假裝不在意 假裝都不在意 雖然心碎了滿地 假裝都不痛 雖然在對我扒皮 大部分能承受 我知道我能夠 到現在我能夠 懂一個人的痛 我可能不會傷心 把自己關在房裡 我可能不能夠在相信那些話語 那道理我都懂 說實話但沒用 讓我一個人走 讓我一個人痛 看到妳 在我的夢裡不斷徘徊 看到妳 在我的回憶不斷旁白 看到妳 在我的夢裡直到崩壞 看到妳但卻又碰不到妳 我得要快樂一點 怎麼可能什麼事情都要說 得要快一點 在痛苦追上快樂之前後 得要快一點 不要什麼事情都要點頭 
看到妳 在我的夢裡不斷徘徊 看到妳 在我的回憶不斷旁白 看到妳 在我的夢裡直到崩壞 看到妳但卻又碰不到妳
假裝都不在意 雖然心碎了滿地 假裝都不在意 才能夠慢慢抽離 假裝都不在意 但還會想起曾經 假裝都不在意 假裝不在意 假裝都不在意 雖然心碎了滿地 假裝都不痛 雖然在對我扒皮 大部分能承受 我知道我能夠 到現在我能夠 懂一個人的痛
我可能不會傷心 把自己關在房裡 我可能不能夠在相信那些話語 那道理我都懂 說實話但沒用 讓我一個人走 讓我一個人痛
看到妳 在我的夢裡不斷徘徊 看到妳 在我的回憶不斷旁白 看到妳 在我的夢裡直到崩壞 看到妳但卻又碰不到妳
我得要快樂一點 怎麼可能什麼事情都要說 得要快一點 在痛苦追上快樂之前後 得要快一點 不要什麼事情都要點頭
留言（ 0 ） 最相關留言 所有留言
留言（ 0 ）",2026-09-18,,,False,False,
2026-09-20 09:13:48,realtime,urban,,,11,韩昕哲,友誼大馬路 demo,4,78,3,https://streetvoice.com/hxz19960121/songs/880098/,https://streetvoice.com/hxz19960121/,"https://akstatic.streetvoice.com/song_covers/hx/z1/hxz19960121/6XK6QSneMRtemEeK3G3Bca.jpeg?x-oss-process=image/resize,m_fill,h_400,w_400,limit_0",images/880098.jpeg,@hxz19960121,音樂人,遼寧,2022-02-01,,18,6,1,,,https://www.youtube.com/user/StreetVoiceTV,,,Blues,,,,"這首歌寫於2026年的2月 深夜的澳門 這座城市很亮 友誼大馬路很亮 深夜依舊車水馬龍 人頭攢動 但，卻有很深的孤獨感 
這首歌寫於2026年的2月 深夜的澳門 這座城市很亮 友誼大馬路很亮 深夜依舊車水馬龍 人頭攢動 但，卻有很深的孤獨感","南灣的風吹過霓虹燈 我們像影子在車流里漂泊 路牌下轉身 背影在閃爍 這座城市的夜晚 太亮太沈默 倒數到綠燈 誰都沒開口 像海風經過 短暫的溫柔 下一站是哪裡 何必說透 今夜就借給借給借給 這一程燈火 在光的海裡沈浮 在街燈間迷路 見過太多背影 才懂相遇的倉促 當的士匯入長河 當對座變空座 原來最亮的城市 最擅長說模糊 倒數到綠燈 誰都沒開口 像海風經過 短暫的溫柔 下一站是哪裡 何必說透 今夜就借給借給借給 這一程燈火 在光的海裡沈浮 在街燈間迷路 見過太多背影 才懂相遇的倉促 當的士匯入長河 當對座變空座 原來最亮的城市 最擅長說模糊 在光的海裡沈浮 在街燈間迷路 見過太多背影 才懂相遇的倉促 當的士匯入長河 當對座變空座 原來最亮的城市 最擅長說模糊 多少人迷失在彷徨在 友誼大馬路 
南灣的風吹過霓虹燈 我們像影子在車流里漂泊 路牌下轉身 背影在閃爍 這座城市的夜晚 太亮太沈默
倒數到綠燈 誰都沒開口 像海風經過 短暫的溫柔 下一站是哪裡 何必說透 今夜就借給借給借給 這一程燈火
在光的海裡沈浮 在街燈間迷路 見過太多背影 才懂相遇的倉促 當的士匯入長河 當對座變空座 原來最亮的城市 最擅長說模糊
倒數到綠燈 誰都沒開口 像海風經過 短暫的溫柔 下一站是哪裡 何必說透 今夜就借給借給借給 這一程燈火
在光的海裡沈浮 在街燈間迷路 見過太多背影 才懂相遇的倉促 當的士匯入長河 當對座變空座 原來最亮的城市 最擅長說模糊
在光的海裡沈浮 在街燈間迷路 見過太多背影 才懂相遇的倉促 當的士匯入長河 當對座變空座 原來最亮的城市 最擅長說模糊 多少人迷失在彷徨在 友誼大馬路
留言（ 3 ） 最相關留言 所有留言
留言（ 3 ）",2026-09-18,,,False,False,
2026-09-20 09:13:48,realtime,urban,,,12,松籟樂創,chihuahua,16,746,5,https://streetvoice.com/slsl2nd/songs/878593/,https://streetvoice.com/slsl2nd/,"https://akstatic.streetvoice.com/song_covers/sl/sl/slsl2nd/DwZgvEzbcShMsFgXYpDJFy.jpg?x-oss-process=image/resize,m_fill,h_400,w_400,limit_0",images/878593.jpg,@slsl2nd,音樂人,台北市,2020-08-01,,54,220,5,,,https://www.youtube.com/user/StreetVoiceTV,,,R&B / Soul,,,,"「Rurrrrrrrr..ArF..ArF..ArF」 【音樂製作名單】 作曲 Composer | 蔡沂潔 作詞 Lyricist | 莊閎 編曲 Arranger | 全體樂手 主唱 Vocals | 莊閎 和聲 Backing Vocal | 蔡沂潔 木吉他 Acoustic Guitar | 蔡沂潔 電吉他 Electric Guitar | 李謙嶧 鼓 Drums | 陳有倫 聲音編輯 Editing Engineer | 游宗穎 錄音師 Recording Engineer | 蔡沂潔、陳有倫 錄音室 Recording Studio | 你我音樂空間 混音師 Mixing Engineer | 游宗穎 母帶後期處理工程師 Mastering Engineer | 游宗穎 混音/母帶工作室 Mixing & Mastering Studio | 你我音樂工作室 
「Rurrrrrrrr..ArF..ArF..ArF」
【音樂製作名單】 作曲 Composer | 蔡沂潔 作詞 Lyricist | 莊閎 編曲 Arranger | 全體樂手
主唱 Vocals | 莊閎 和聲 Backing Vocal | 蔡沂潔 木吉他 Acoustic Guitar | 蔡沂潔 電吉他 Electric Guitar | 李謙嶧 鼓 Drums | 陳有倫
聲音編輯 Editing Engineer | 游宗穎 錄音師 Recording Engineer | 蔡沂潔、陳有倫 錄音室 Recording Studio | 你我音樂空間
混音師 Mixing Engineer | 游宗穎 母帶後期處理工程師 Mastering Engineer | 游宗穎 混音/母帶工作室 Mixing & Mastering Studio | 你我音樂工作室","There's a tiny creature in immense world. As small as a bee but as brave as an adult. Standard rules cannot define this little soul. Independence doesn't mean to be alone. And there is something that you really ought to know. When you're feeling low, you don't need to beguile. You are the chihuahua in my life. And your appearance made my pale life summerlike. I don't wanna get it out of my mind. Imagine that you are by my side. You are the chihuahua in my life. Your impefections don't need to be sanitised. Every time I dream of your big round eyes, I will fall asleep with a smile. There's a tiny creature in immense world. As small as a bee but as brave as an adult. Standard rules cannot define this little soul. Independence doesn't mean to be alone. And there is something that you really ought to know. When you're feeling low, you don't need to beguile. You are the chihuahua in my life. And your appearance made my pale life summerlike. I don't wanna get it out of my mind. Imagine that you are by my side. You are the chihuahua in my life. Your impefections don't need to be sanitised. Every time I dream of your big round eyes, I will fall asleep with a smile. You are the chihuahua in my life. And your appearance made my pale life summerlike. I don't wanna get it out of my mind. Imagine that you are by my side. You are the chihuahua in my life. Your impefections don't need to be sanitised. Every time I dream of your big round eyes, I will fall asleep with a smile. 
There's a tiny creature in immense world. As small as a bee but as brave as an adult. Standard rules cannot define this little soul. Independence doesn't mean to be alone. And there is something that you really ought to know. When you're feeling low, you don't need to beguile.
You are the chihuahua in my life. And your appearance made my pale life summerlike. I don't wanna get it out of my mind. Imagine that you are by my side.
You are the chihuahua in my life. Your impefections don't need to be sanitised. Every time I dream of your big round eyes, I will fall asleep with a smile.
There's a tiny creature in immense world. As small as a bee but as brave as an adult. Standard rules cannot define this little soul. Independence doesn't mean to be alone. And there is something that you really ought to know. When you're feeling low, you don't need to beguile.
You are the chihuahua in my life. And your appearance made my pale life summerlike. I don't wanna get it out of my mind. Imagine that you are by my side.
You are the chihuahua in my life. Your impefections don't need to be sanitised. Every time I dream of your big round eyes, I will fall asleep with a smile.
You are the chihuahua in my life. And your appearance made my pale life summerlike. I don't wanna get it out of my mind. Imagine that you are by my side.
You are the chihuahua in my life. Your impefections don't need to be sanitised. Every time I dream of your big round eyes, I will fall asleep with a smile.
留言（ 5 ） 最相關留言 所有留言
留言（ 5 ）",2026-09-10,,,False,False,
2026-09-20 09:13:48,realtime,urban,,,13,你好,不知所謂,0,3,0,https://streetvoice.com/hank20145836/songs/879865/,https://streetvoice.com/hank20145836/,"https://akstatic.streetvoice.com/song_covers/ha/nk/hank20145836/8hGLsHqM2vQfnq22nP3yMx.jpg?x-oss-process=image/resize,m_fill,h_400,w_400,limit_0",images/879865.jpg,@hank20145836,音樂人,,,,10,2,1,,,https://www.youtube.com/user/StreetVoiceTV,現場回顧：寒流中摘掉眼鏡，李志說了聲「你好，台北」|||https://blow.streetvoice.com/38299/?utm_source=streetvoice&utm_medium=profile-news-block; 達人聽歌：鄭雙雙〈你好嗎〉這個聲音雖然比過很多賽，但很慶幸真誠沒有被拉走|||https://blow.streetvoice.com/1950/?utm_source=streetvoice&utm_medium=profile-news-block; 長途旅行開車很愛睏，這些歌給你好精神|||https://blow.streetvoice.com/354/?utm_source=streetvoice&utm_medium=profile-news-block,,R&B / Soul,,,,,"痛苦的人痛哭流淚你說的話仍不知所謂 而這個故事還在拓展我向著未來飛翔把過去一切雪藏 砥礪前行假裝自己雲淡風輕但是我的心聲不願讓我重獲新生 沉淪人性天生逐漸擴大的陰影讓我痛苦不已 我一直憑一己之力尋找活著的意義 一直活得小心翼翼把自我遺棄 恍惚中的們心自問 看著那些傷痕難道不會一絲含恨，不想去聽把一部分的心給殺死那刺痛我選擇忽視流下的淚模糊的視野自己是誰 痛苦的人痛哭流淚你說的話仍不知所謂 痛苦的人痛哭流淚你說的話仍不知所謂 痛苦的人痛哭流淚你說的話仍不知所謂 痛苦的人痛哭流淚你說的話仍不知所謂 
痛苦的人痛哭流淚你說的話仍不知所謂 而這個故事還在拓展我向著未來飛翔把過去一切雪藏 砥礪前行假裝自己雲淡風輕但是我的心聲不願讓我重獲新生 沉淪人性天生逐漸擴大的陰影讓我痛苦不已 我一直憑一己之力尋找活著的意義 一直活得小心翼翼把自我遺棄 恍惚中的們心自問 看著那些傷痕難道不會一絲含恨，不想去聽把一部分的心給殺死那刺痛我選擇忽視流下的淚模糊的視野自己是誰 痛苦的人痛哭流淚你說的話仍不知所謂 痛苦的人痛哭流淚你說的話仍不知所謂 痛苦的人痛哭流淚你說的話仍不知所謂 痛苦的人痛哭流淚你說的話仍不知所謂
留言（ 0 ） 最相關留言 所有留言
留言（ 0 ）",2026-09-17,,,False,False,
2026-09-20 09:13:48,realtime,urban,,,14,Poe3030,Hate that I made you love me 演唱demo版,11,131,10,https://streetvoice.com/poe3030/songs/877172/,https://streetvoice.com/poe3030/,"https://akstatic.streetvoice.com/song_covers/po/e3/poe3030/U39VTU9xeccKMeykRA8YHc.jpeg?x-oss-process=image/resize,m_fill,h_400,w_400,limit_0",images/877172.jpeg,@poe3030,音樂人,台北市,2008-11-01,2026-06-30 10:03,100,83,114,https://www.facebook.com/poe3030/,,https://www.youtube.com/@poe3030,,,R&B / Soul,,,,"當你認為你對一個人不拖不欠時，通常是因為你已經不愛他了，因為愛情有三分之一是內疚虧欠 作曲／編曲：SUNO 作詞／錄音／混音：poe3030 MV: https://youtu.be/rUUn-d0UjHU 
當你認為你對一個人不拖不欠時，通常是因為你已經不愛他了，因為愛情有三分之一是內疚虧欠 作曲／編曲：SUNO 作詞／錄音／混音：poe3030
MV: https://youtu.be/rUUn-d0UjHU
https://youtu.be/rUUn-d0UjHU","verse 已久到不知道是何時 那時你碰觸我的十指 我感受到電流經過的日子 卻已經遠去到不知何時 verse 我沒有答應你永遠 卻讓自己開始習慣你的靦腆 我沒有說過我會留下 卻把你的明天寫進我的盛夏 Pre-chorus 我知道你看我的眼神 已經不是朋友那麼簡單 我卻沒有後退一步 只因為那刻我也需要有人陪伴 Chorus I hate that I made you love me 我恨我讓你開始擁有我的記憶 I hate that I made you need me 我恨我讓你習慣我們的甜蜜 我明明知道會走 卻讓你學會挽留 FINAL CHORUS I hate that I made you love me I hate that I made you love me Hate that I made you believe 我明明知道這段故事裡 最後不會有我們的結局 I hate that I made you love me When I knew I couldn't stay 如果我們早一點分離 你是不是就不會帶著懷疑離去 Hook This is not our destiny This is our personality, our lonely, and our foolish 
verse 已久到不知道是何時 那時你碰觸我的十指 我感受到電流經過的日子 卻已經遠去到不知何時 verse 我沒有答應你永遠 卻讓自己開始習慣你的靦腆 我沒有說過我會留下 卻把你的明天寫進我的盛夏 Pre-chorus 我知道你看我的眼神 已經不是朋友那麼簡單 我卻沒有後退一步 只因為那刻我也需要有人陪伴 Chorus I hate that I made you love me 我恨我讓你開始擁有我的記憶 I hate that I made you need me 我恨我讓你習慣我們的甜蜜 我明明知道會走 卻讓你學會挽留 FINAL CHORUS I hate that I made you love me I hate that I made you love me Hate that I made you believe 我明明知道這段故事裡 最後不會有我們的結局 I hate that I made you love me When I knew I couldn't stay 如果我們早一點分離 你是不是就不會帶著懷疑離去 Hook This is not our destiny This is our personality, our lonely, and our foolish
留言（ 10 ） 最相關留言 所有留言
留言（ 10 ）",2026-09-15,,AI 協作 R&B / Soul,False,False,
2026-09-20 09:13:48,realtime,urban,,,15,NAMu哪木,也許太浪漫是一種罪過,1,3,1,https://streetvoice.com/NakiChin0706/songs/879683/,https://streetvoice.com/NakiChin0706/,"https://akstatic.streetvoice.com/profile_images/Na/ki/NakiChin0706/YErYjPZUuxMcu7zc7Ekcg2.jpg?x-oss-process=image/resize,m_fill,h_400,w_400,limit_0",images/879683.jpg,@NakiChin0706,音樂人,,,,12,6,3,,,https://www.youtube.com/user/StreetVoiceTV,,,R&B / Soul,,,,"感性跟理性沒有誰是絕對正確，其實也不是那麼重要的事情。我不知道為甚麼很多人喜歡把這件事標籤化並且產生優越感或矮化自己。 曾經有一個認識的人 他自詡很冷靜理性，並把這視為一個絕對優勢。在他的眼裡感性和情緒=情緒化、失控，這是一個無法被理解的錯誤；並且因為他自認自己非常理性客觀，所以這個觀點是(絕對)客觀正確的，所以全世界的人都不應該有感性的醜態。 真的是這樣嗎 
感性跟理性沒有誰是絕對正確，其實也不是那麼重要的事情。我不知道為甚麼很多人喜歡把這件事標籤化並且產生優越感或矮化自己。
曾經有一個認識的人 他自詡很冷靜理性，並把這視為一個絕對優勢。在他的眼裡感性和情緒=情緒化、失控，這是一個無法被理解的錯誤；並且因為他自認自己非常理性客觀，所以這個觀點是(絕對)客觀正確的，所以全世界的人都不應該有感性的醜態。
真的是這樣嗎","今天天氣 心情不太好 就這樣哭吧哭  好像也挺好？ 雨踩著浪漫的降A調 你卻拿著冷水 澆滅我Fantasy的泡泡 你總說不理解感性腦 沒有秩序邏輯總讓你煩躁 感性=情緒化=無理取鬧？ 我只是接受訊號 浪漫的無可救藥 我的想像已經超越感官極限 在凌晨三點就像是微醺了一樣陶醉 可當我一睜開眼看見你皺起的眉眼 我只好摸摸鼻子重新走回「秩序」的範疇裡面 也許太浪漫是一種罪過 又可能 持續理性是一種保護自我 也許是我還不習慣冰冷城市的運作 又或許是你不能理解 我的那種tone 痛 哭的時候 有很多種 緣由 你問我為甚麼總愛哭 不能懂 ABC後大寫的F 有甚麼不能好好結束 只有感覺是世界上最不靠譜 你說你無法了解浪漫的世界 一是一 你是你 誰都不能越界 OH baby 我的浪漫基調你不需要理解 只求你不要強迫我去改變 跟上你的自以為 也許太浪漫是一種罪過 又可能 持續理性是一種保護自我 也許是我還不習慣冰冷城市的運作 又或許是你不能理解 我的那種tone 還是其實都是夜深人靜的錯 獨自一人的凌晨就像是 摻了點酒 或許你的理性也是一種浪漫的節奏 又或許我的假設全都是理性的結果 誰都沒錯 只是不同 只屬於你的 我的 浪漫 故事 各自進行中 
今天天氣 心情不太好 就這樣哭吧哭  好像也挺好？ 雨踩著浪漫的降A調 你卻拿著冷水 澆滅我Fantasy的泡泡
你總說不理解感性腦 沒有秩序邏輯總讓你煩躁 感性=情緒化=無理取鬧？ 我只是接受訊號 浪漫的無可救藥
我的想像已經超越感官極限 在凌晨三點就像是微醺了一樣陶醉 可當我一睜開眼看見你皺起的眉眼 我只好摸摸鼻子重新走回「秩序」的範疇裡面
也許太浪漫是一種罪過 又可能 持續理性是一種保護自我 也許是我還不習慣冰冷城市的運作 又或許是你不能理解 我的那種tone
痛 哭的時候 有很多種 緣由
你問我為甚麼總愛哭 不能懂 ABC後大寫的F 有甚麼不能好好結束 只有感覺是世界上最不靠譜
你說你無法了解浪漫的世界 一是一 你是你 誰都不能越界 OH baby 我的浪漫基調你不需要理解 只求你不要強迫我去改變 跟上你的自以為
也許太浪漫是一種罪過 又可能 持續理性是一種保護自我 也許是我還不習慣冰冷城市的運作 又或許是你不能理解 我的那種tone
還是其實都是夜深人靜的錯 獨自一人的凌晨就像是 摻了點酒 或許你的理性也是一種浪漫的節奏 又或許我的假設全都是理性的結果
誰都沒錯 只是不同 只屬於你的 我的 浪漫 故事 各自進行中
留言（ 1 ） 最相關留言 所有留言
留言（ 1 ）",2026-09-16,,,False,False,
2026-09-20 09:13:48,realtime,urban,,,16,光路徑,light path 光路徑,1,16,0,https://streetvoice.com/lightpath2026/songs/879681/,https://streetvoice.com/lightpath2026/,"https://akstatic.streetvoice.com/song_covers/li/gh/lightpath2026/oCuL78pr5RUbpaESyyDW5C.jpeg?x-oss-process=image/resize,m_fill,h_400,w_400,limit_0",images/879681.jpeg,@lightpath2026,音樂人,,,,1,,,,,https://www.youtube.com/user/StreetVoiceTV,,,R&B / Soul,,,,"有些人的破碎,是躲在人群裡的一張微笑面具；有些人的破碎,是國小的下課鐘響前,一個人躲在木橋下數著時間的孩子。 〈光路徑〉是一首以光路徑與友人的真實生命故事為原型寫成的作品。歌詞沒有直接控訴傷口有多深,而是選擇用「光」與「路徑」這組意象,把那段曾經活在深淵、戴著偽裝求生存的過去,一步步引向被呼召、被愛觸碰之後的黎明。 「祢是光,我是路徑」——這句歌詞是整首歌的核心,也是「光路徑」這個名字真正的來由。副歌不斷重複的 HOPE,不是廉價的正能量口號,而是從被霸凌、被放棄、躲在角落裡活下來的人,親口說出「我曾經也看不見活著的目的」之後,才有資格唱的那個字。 這首歌想陪伴的,不是活得很好的人,而是心裡還貧窮、還在深淵裡找出口的人。如果你也曾經戴著面具走在人群裡,願這首歌能成為你腳前的光,陪你走完剩下的路。 
有些人的破碎,是躲在人群裡的一張微笑面具；有些人的破碎,是國小的下課鐘響前,一個人躲在木橋下數著時間的孩子。
〈光路徑〉是一首以光路徑與友人的真實生命故事為原型寫成的作品。歌詞沒有直接控訴傷口有多深,而是選擇用「光」與「路徑」這組意象,把那段曾經活在深淵、戴著偽裝求生存的過去,一步步引向被呼召、被愛觸碰之後的黎明。
「祢是光,我是路徑」——這句歌詞是整首歌的核心,也是「光路徑」這個名字真正的來由。副歌不斷重複的 HOPE,不是廉價的正能量口號,而是從被霸凌、被放棄、躲在角落裡活下來的人,親口說出「我曾經也看不見活著的目的」之後,才有資格唱的那個字。
這首歌想陪伴的,不是活得很好的人,而是心裡還貧窮、還在深淵裡找出口的人。如果你也曾經戴著面具走在人群裡,願這首歌能成為你腳前的光,陪你走完剩下的路。","光路徑 主題曲 160 Bpm / B-Flat-Maj Hook 你是我 的力量 帶我走出那迷惘 你是我腳前的光 我不會再徬徨 我要靠著祢 在一起 永遠不分離 光路徑就在這裡 這世代 要興起 Verse 1 如果我的生命 能夠成為這世代的祭品 我想我願意 拋開一切 敞開我的身體 曾經曾經 我活在深淵裡 我帶著面具 走在人群裡 微笑 只是我偽裝的證明 我根本沒有 好到哪裡去 直到我遇見了祢 So 祢是光 我是路徑 Bridges H-O-P-E 歡迎來到 光-路-徑 破碎的過去 因你的溫暖如今變黎明 因為～ Hook 你是我 的力量 帶我走出那迷惘 你是我 腳前的光 我不會再徬徨 我要靠著祢 在一起 永遠不分離 光路徑就在這裡 這世代 要興起 Verse 2 I used to be bullied 曾經也看不見活著的目的 只好孤單的躲在木橋下 等待著 下節上課 鐘響起 我在尋 光明，他們 不相信 They almost gave up on me Till the light hit me different, when I pray for my season From broken to chosen, I’m moving with His reason 你們的 光 也 當 該 這樣照人前~ 也許會讓誰開始期待明天 這裡是 Bridges H-O-P-E 歡迎來到 光-路-徑 破碎的過去 因你的溫暖如今變黎明 因為～ Hook 你是我 的力量 我已脫離黑暗的綑綁 你是我腳前的光 我不會再徬徨 我要靠著祢 在一起 永遠不分離 光路徑就在這裡 這世代 要興起 
光路徑 主題曲 160 Bpm / B-Flat-Maj Hook 你是我 的力量 帶我走出那迷惘
你是我腳前的光 我不會再徬徨
我要靠著祢 在一起 永遠不分離
光路徑就在這裡 這世代 要興起
Verse 1 如果我的生命 能夠成為這世代的祭品 我想我願意 拋開一切 敞開我的身體
曾經曾經 我活在深淵裡 我帶著面具 走在人群裡 微笑 只是我偽裝的證明 我根本沒有 好到哪裡去
直到我遇見了祢 So 祢是光 我是路徑
Bridges H-O-P-E 歡迎來到 光-路-徑 破碎的過去 因你的溫暖如今變黎明 因為～
Hook 你是我 的力量 帶我走出那迷惘
你是我 腳前的光 我不會再徬徨
我要靠著祢 在一起 永遠不分離
光路徑就在這裡 這世代 要興起
Verse 2 I used to be bullied 曾經也看不見活著的目的 只好孤單的躲在木橋下 等待著 下節上課 鐘響起
我在尋 光明，他們 不相信 They almost gave up on me
Till the light hit me different, when I pray for my season From broken to chosen, I’m moving with His reason
你們的 光 也 當 該 這樣照人前~ 也許會讓誰開始期待明天 這裡是
Bridges H-O-P-E 歡迎來到 光-路-徑 破碎的過去 因你的溫暖如今變黎明 因為～
Hook 你是我 的力量 我已脫離黑暗的綑綁
你是我腳前的光 我不會再徬徨
我要靠著祢 在一起 永遠不分離
光路徑就在這裡 這世代 要興起
留言（ 0 ） 最相關留言 所有留言
留言（ 0 ）",2026-09-16,,,False,False,
2026-09-20 09:13:48,realtime,urban,,,17,jiMMY CHYN,青春假期結束,34,1953,3,https://streetvoice.com/jimmy3063/songs/876199/,https://streetvoice.com/jimmy3063/,"https://akstatic.streetvoice.com/music_albums/ji/mm/jimmy3063/Ko62M8LfUvahk25D8r4Hgm.jpeg?x-oss-process=image/resize,m_fill,h_400,w_400,limit_0",images/876199.jpeg,@jimmy3063,音樂人,台北市,2012-04-01,2021-06-01 13:03,13,227,8,https://www.facebook.com/jimmywang0511/,https://www.instagram.com/jimmy_0511,https://www.youtube.com/user/StreetVoiceTV,,,R&B / Soul,26.mp3,https://streetvoice.com/jimmy3063/songs/album/97325950/,Qmo,"獻給那些曾經一起長大、如今只存在回憶裡的人們。 - 詞曲 Songwriter｜jiMMY CHYN 演唱 Vocal｜jiMMY CHYN 合聲 Chorus｜jiMMY CHYN 吉他 Guitars｜張祐誠 Qmo 貝斯 Bass｜張祐誠 Qmo 編曲 Arrangement｜張祐誠 Qmo 混音 Mix Engineer｜張祐誠 Qmo 
獻給那些曾經一起長大、如今只存在回憶裡的人們。
- 詞曲 Songwriter｜jiMMY CHYN 演唱 Vocal｜jiMMY CHYN 合聲 Chorus｜jiMMY CHYN 吉他 Guitars｜張祐誠 Qmo 貝斯 Bass｜張祐誠 Qmo 編曲 Arrangement｜張祐誠 Qmo 混音 Mix Engineer｜張祐誠 Qmo","一個人回憶在深夜 想起 生活緊密的那些年 你說別為自己設限 踏出舒適圈 從此豐富了我的視野 如今 你不在這邊 所有過程經歷 都有了意義 我不再去抱怨 不再去逃避 謝謝我們曾經 有過那一段 感情 比朋友還更貼近 你 是這世上的唯一 那麽深刻了解了我的心 曾經 曾經是那麼的貼近 時間過去 當初的默契 沒人代替 還記得淡水的風聲吹響了夜巴黎 說不完的話題 (還記得) 清晨陽光照進 酒瓶散落一地 做過夢的屋頂 摩托車的風景 (希望) 再見面笑鬧如往昔 所有過程經歷 都有了意義 我不再去抱怨 不再去逃避 謝謝我們曾經 有過那一段 感情 比朋友還更貼近 你 是這世上的唯一 那麽深刻了解了我的心 如今 已沒有餘力再相聚 總是精神喊話 但你現在在哪 你還活著嗎 都回不去啦 真的超級想你 卻只能走向各自的時區 我也早就已經遠離青春假期 
一個人回憶在深夜 想起 生活緊密的那些年 你說別為自己設限 踏出舒適圈 從此豐富了我的視野 如今 你不在這邊
所有過程經歷 都有了意義 我不再去抱怨 不再去逃避 謝謝我們曾經 有過那一段 感情 比朋友還更貼近 你 是這世上的唯一 那麽深刻了解了我的心 曾經 曾經是那麼的貼近
時間過去 當初的默契 沒人代替 還記得淡水的風聲吹響了夜巴黎 說不完的話題 (還記得) 清晨陽光照進 酒瓶散落一地 做過夢的屋頂 摩托車的風景 (希望) 再見面笑鬧如往昔
所有過程經歷 都有了意義 我不再去抱怨 不再去逃避 謝謝我們曾經 有過那一段 感情 比朋友還更貼近 你 是這世上的唯一 那麽深刻了解了我的心 如今 已沒有餘力再相聚
總是精神喊話 但你現在在哪 你還活著嗎 都回不去啦 真的超級想你 卻只能走向各自的時區 我也早就已經遠離青春假期
留言（ 3 ） 最相關留言 所有留言
留言（ 3 ）",2026-08-24,,Song of the Day; 編輯推薦,True,True,
2026-09-20 09:13:48,realtime,urban,,,18,Fi-Né 粉內,ill never have u,2,103,0,https://streetvoice.com/finemusic/songs/878591/,https://streetvoice.com/finemusic/,"https://akstatic.streetvoice.com/song_covers/fi/ne/finemusic/EGbPok5RMZ3Hainwr4ijd4.jpeg?x-oss-process=image/resize,m_fill,h_400,w_400,limit_0",images/878591.jpeg,@finemusic,音樂人,,,2021-06-09 13:29,32,194,47,https://www.facebook.com/senli.su/,https://www.instagram.com/fi_ne_music/,https://www.youtube.com/channel/UCGFL4F6o9U8PoFBL5X2NRZQ,ICRT DJ、台澳混血「紅髮靈魂女聲」Cait Lin 凱琳 推出首張迷你創作專輯《GRADIENTS》|||https://blow.streetvoice.com/83750/?utm_source=streetvoice&utm_medium=profile-news-block; 手頭的文化幣還沒用完？2023下半年全台音樂祭大彙整！|||https://blow.streetvoice.com/69093/?utm_source=streetvoice&utm_medium=profile-news-block; 【StreetVoice新歌週報】薛詒丹發布秋季應景新作 達人推薦新秀布萊梅|||https://blow.streetvoice.com/57111/?utm_source=streetvoice&utm_medium=profile-news-block,,R&B / Soul,,,,,"這是沒有提供歌詞的歌曲
留言（ 0 ） 最相關留言 所有留言
留言（ 0 ）",2026-09-08,,編輯推薦,True,False,
2026-09-20 09:13:48,realtime,urban,,,19,奧薩瑪 Osama,夢回現實,3,104,2,https://streetvoice.com/hejiawei0909/songs/878142/,https://streetvoice.com/hejiawei0909/,"https://akstatic.streetvoice.com/song_covers/he/ji/hejiawei0909/K7SvKfLY5NZxpCRfuzzbcR.jpg?x-oss-process=image/resize,m_fill,h_400,w_400,limit_0",images/878142.jpg,@hejiawei0909,音樂人,新北市,2018-09-01,,19,36,21,,,https://www.youtube.com/user/StreetVoiceTV,,,R&B / Soul,,,,,"昨天我又在七點睡 但到了天黑我又不會覺得累 起床還在回味 夢裡面出了現實感覺一樣對 得要搞清楚這種界線 夢外面是無法 承認這種體會 看到了現實面無法與夢境匹配 也別感到灰心我以為我能夠飛 說真的我應該會頭破血流 但也有可能根本就不絕對痛 但感覺都是真的 我就只能說 夢境會欺騙人 大家都會懂 做夢的地帶我怎麼捨不得離開 現實在期待的我總得要分開 說不上來的感覺 但兩者通通沒有區別 都是一樣沒有愛 不再夢裡不能依賴 
昨天我又在七點睡 但到了天黑我又不會覺得累 起床還在回味 夢裡面出了現實感覺一樣對
得要搞清楚這種界線 夢外面是無法 承認這種體會 看到了現實面無法與夢境匹配 也別感到灰心我以為我能夠飛 說真的我應該會頭破血流 但也有可能根本就不絕對痛 但感覺都是真的 我就只能說 夢境會欺騙人 大家都會懂
做夢的地帶我怎麼捨不得離開 現實在期待的我總得要分開 說不上來的感覺 但兩者通通沒有區別 都是一樣沒有愛 不再夢裡不能依賴
留言（ 2 ） 最相關留言 所有留言
留言（ 2 ）",2026-09-05,,編輯推薦,True,False,
2026-09-20 09:13:48,realtime,urban,,,20,Tanuki Maruina,我係有超能力嘅,2,126,0,https://streetvoice.com/boson321/songs/878879/,https://streetvoice.com/boson321/,"https://akstatic.streetvoice.com/song_covers/bo/so/boson321/3QCzTLNiDhedMHQ95ehJ7m.jpeg?x-oss-process=image/resize,m_fill,h_400,w_400,limit_0",images/878879.jpeg,@boson321,音樂人,,,,7,2,1,,,https://www.youtube.com/user/StreetVoiceTV,,,Jazz,ASTROMANIA KID,https://streetvoice.com/boson321/songs/album/97326081/,,"A Tanuki Song 我係有超能力嘅。 你唔講，我都知你唔開心， 你只管發光，我替你護航。 二十多歲第一分工作時期寫了一段歌詞旋律， 過了二十年才把後半段跟旋律完滿落定。 在愛的人面前，我們都會覺醒自己的超能力！ 人人都是超人。 
A Tanuki Song
我係有超能力嘅。 你唔講，我都知你唔開心， 你只管發光，我替你護航。
二十多歲第一分工作時期寫了一段歌詞旋律， 過了二十年才把後半段跟旋律完滿落定。
在愛的人面前，我們都會覺醒自己的超能力！ 人人都是超人。","《我係有超能力嘅》 A Tanuki song 有人說你像傳奇 美麗得太有個性　才華把世界隔成距離 但我說你像水晶 易碎又透明 愛上哪天記不清 小說借你一場雨　你卻笑著說天氣而已 你不輕易地交出心裡細膩 王子與公主的結局　從來非第一 卸下你的甲衣　一步一步地靠近 讓我慢慢地　學會你的呼吸 Babe Babe 別擔心　我一直想你 願你都開心　我都記起 偶爾有發明　超能力是讓你安心 用溫暖守護你　愛安靜抱緊你 別怕夜太長 我陪你天亮 有人說你太安靜 微笑裡藏著風景　眼神卻閃著小星星 但我懂你的任性　柔軟而堅定 像雨後透亮的森林 電影讓你紅眼睛 卻還笑著說只是灰塵而已 你把孤單都收進小小抽屜 不讓誰輕易靠近　也不說明原因 放下你的小心 慢慢交給曾經 讓我陪你等天放晴 如果世界太吵 我會陪你安靜 如果夜色太深 我會做你的星星 不必完美透明 也不必總聰明 你只要做你自己 Babe Babe 別擔心　我一直想你 願你都開心　我都記起 偶爾有發明　超能力是讓你安心 用溫暖守護你　愛安靜抱緊你 你只管發光 我替你護航 
《我係有超能力嘅》 A Tanuki song
有人說你像傳奇 美麗得太有個性　才華把世界隔成距離 但我說你像水晶 易碎又透明 愛上哪天記不清 小說借你一場雨　你卻笑著說天氣而已 你不輕易地交出心裡細膩 王子與公主的結局　從來非第一 卸下你的甲衣　一步一步地靠近 讓我慢慢地　學會你的呼吸 Babe Babe 別擔心　我一直想你 願你都開心　我都記起 偶爾有發明　超能力是讓你安心 用溫暖守護你　愛安靜抱緊你 別怕夜太長 我陪你天亮 有人說你太安靜 微笑裡藏著風景　眼神卻閃著小星星 但我懂你的任性　柔軟而堅定 像雨後透亮的森林 電影讓你紅眼睛 卻還笑著說只是灰塵而已 你把孤單都收進小小抽屜 不讓誰輕易靠近　也不說明原因 放下你的小心 慢慢交給曾經 讓我陪你等天放晴 如果世界太吵 我會陪你安靜 如果夜色太深 我會做你的星星 不必完美透明 也不必總聰明 你只要做你自己 Babe Babe 別擔心　我一直想你 願你都開心　我都記起 偶爾有發明　超能力是讓你安心 用溫暖守護你　愛安靜抱緊你 你只管發光 我替你護航
留言（ 0 ） 最相關留言 所有留言
留言（ 0 ）",2026-09-11,,,False,False,
2026-09-20 09:13:48,realtime,urban,,,21,韻捷sherry,純粹浪漫 Threads love feat. 伯廷,2,45,0,https://streetvoice.com/sherry941107/songs/878429/,https://streetvoice.com/sherry941107/,"https://akstatic.streetvoice.com/song_covers/sh/er/sherry941107/hCAkHTnyRx9PSCFrfqHcMf.jpeg?x-oss-process=image/resize,m_fill,h_400,w_400,limit_0",images/878429.jpeg,@sherry941107,音樂人,,,,4,4,2,,,https://www.youtube.com/user/StreetVoiceTV,,,R&B / Soul,,,Brtinhsu,"作詞作曲：伯廷 雪莉 編曲：（prod.RFM beats) @Rfmbeats 製作：伯廷 錄混音：伯廷 母帶：伯廷 吳維 影像拍攝：吳維 影像剪輯：雪莉 特別感謝：吳維 阿雅 老師 Rhythm space 提供場地 
作詞作曲：伯廷 雪莉 編曲：（prod.RFM beats) @Rfmbeats 製作：伯廷 錄混音：伯廷 母帶：伯廷 吳維 影像拍攝：吳維 影像剪輯：雪莉 特別感謝：吳維 阿雅 老師 Rhythm space 提供場地","我想認識你這個訊息 該怎麼開頭 開不了口我當小丑 在你面前害羞的像個呆頭 以為這次拔下紅鼻子愛能夠感動你 純粹浪漫純愛戰士還是回去山洞裡 愛我的話 oh 不必再說 用點擊愛心的行動告訴我 你看著我 純愛戰士現在還有沒有 只有純粹浪漫能抵抗寂寞 不想要 不想要 看見你身邊有著許多人圍繞 不想要 不想要 猜測在你心裡我還重不重要 愛藏在我心裡面 這首再聽一遍 催眠自己不想和你 遇見 就再靠近 一點  輕輕把你手牽 純粹浪漫的愛 永不會變 我想認識你這個訊息 該怎麼開頭 開不了口我當小丑 在你面前害羞的像個呆頭 以為這次拔下紅鼻子愛能夠感動你 純粹浪漫純愛戰士還是回去山洞裡 愛我的話 oh 不必再說 用點擊愛心的行動告訴我 你看著我 純愛戰士現在還有沒有 只有純粹浪漫能抵抗寂寞 不想要 不想要 看見你身邊有著許多人圍繞 不想要 不想要 猜測在你心裡我還重不重要 愛藏在我心裡面 這首再聽一遍 催眠自己 不想和你遇見 就再靠近 一點  輕輕把你手牽 純粹浪漫的愛 永不會變 
我想認識你這個訊息 該怎麼開頭 開不了口我當小丑 在你面前害羞的像個呆頭 以為這次拔下紅鼻子愛能夠感動你 純粹浪漫純愛戰士還是回去山洞裡
愛我的話 oh 不必再說 用點擊愛心的行動告訴我 你看著我 純愛戰士現在還有沒有 只有純粹浪漫能抵抗寂寞
不想要 不想要 看見你身邊有著許多人圍繞 不想要 不想要 猜測在你心裡我還重不重要
愛藏在我心裡面 這首再聽一遍 催眠自己不想和你 遇見 就再靠近 一點  輕輕把你手牽 純粹浪漫的愛 永不會變
我想認識你這個訊息 該怎麼開頭 開不了口我當小丑 在你面前害羞的像個呆頭 以為這次拔下紅鼻子愛能夠感動你 純粹浪漫純愛戰士還是回去山洞裡
愛我的話 oh 不必再說 用點擊愛心的行動告訴我 你看著我 純愛戰士現在還有沒有 只有純粹浪漫能抵抗寂寞
不想要 不想要 看見你身邊有著許多人圍繞 不想要 不想要 猜測在你心裡我還重不重要
愛藏在我心裡面 這首再聽一遍 催眠自己 不想和你遇見 就再靠近 一點  輕輕把你手牽 純粹浪漫的愛 永不會變
留言（ 0 ） 最相關留言 所有留言
留言（ 0 ）",2026-09-07,,,False,False,
2026-09-20 09:13:48,realtime,urban,,,22,Hong,三秒後歸零,1,31,0,https://streetvoice.com/J_Hong/songs/878595/,https://streetvoice.com/J_Hong/,"https://akstatic.streetvoice.com/song_covers/J_/Ho/J_Hong/SSwjYN7tGbXnRSBvvYb9PM.jpg?x-oss-process=image/resize,m_fill,h_400,w_400,limit_0",images/878595.jpg,@J_Hong,音樂人,,,,4,2,,,,https://www.youtube.com/user/StreetVoiceTV,2019大團誕生開發場七 飛鴻FayeHong、FORMOZA、MAFANA不畏風雨|||https://blow.streetvoice.com/46474/?utm_source=streetvoice&utm_medium=profile-news-block; Sónar Hong Kong 首次登港 電音創意科技共冶一爐音樂節|||https://blow.streetvoice.com/32010/?utm_source=streetvoice&utm_medium=profile-news-block; 「大寒之後」Cicada live in Hong Kong 2016|||https://blow.streetvoice.com/16045/?utm_source=streetvoice&utm_medium=profile-news-block,,R&B / Soul,,,,"YT: https://www.youtube.com/@jiehong-s21 IG: jie_.hong ——————————————————————————— 
YT: https://www.youtube.com/@jiehong-s21 IG: jie_.hong ———————————————————————————
https://www.youtube.com/@jiehong-s21","動態歌詞
(Prod. GAXILLIC) 過了那麼久 你才明白我 五年前的海報釘在房間牆裏頭 記憶留在合照裡抱歉不能陪你走到最後 清醒的時候 話不能亂說 悶在心底變成致命的脆弱 怕說出口是拆散我們的理由 當夜還未盡 當思念留在原地 兌現遺憾的是沒說出的愛你 滿天星空下 許著願畫著星星 我用全力追逐你留下的軌跡 穿梭時空和星雲 你和我潮汐鎖定 無窮遠的距離在三秒後歸零 就算他們說 說你很普通 明白只要做好自己就足夠 不用試著改變來去迎合誰的笑容 當夢還沒醒 當那場雨還沒停 如果說我們從此以後就分離 滿天星空下 許著願畫著星星 我用全力追逐你留下的軌跡 穿梭時空和星雲 你和我潮汐鎖定 無窮遠的距離在三秒後歸零 在那滿天星空下 我落下幾滴淚滴 萬有引力無聲把你我給抓緊 跨越時空的機遇 把塵埃全都過濾 留下你和我在奇點相互共鳴 滿天星空下 許著願畫著星星 我用全力追逐你留下的軌跡 穿梭時空和星雲 你和我潮汐鎖定 無窮遠的距離在三秒後歸零 在那滿天星空下 我落下幾滴淚滴 萬有引力無聲把你我給抓緊 跨越時空的機遇 把塵埃全都過濾 留下你和我在奇點相互共鳴 （在那片）滿天星空下 許著願畫著星星 我用全力追逐你留下的軌跡 
(Prod. GAXILLIC)
過了那麼久 你才明白我 五年前的海報釘在房間牆裏頭 記憶留在合照裡抱歉不能陪你走到最後 清醒的時候 話不能亂說 悶在心底變成致命的脆弱 怕說出口是拆散我們的理由 當夜還未盡 當思念留在原地 兌現遺憾的是沒說出的愛你 滿天星空下 許著願畫著星星 我用全力追逐你留下的軌跡 穿梭時空和星雲 你和我潮汐鎖定 無窮遠的距離在三秒後歸零 就算他們說 說你很普通 明白只要做好自己就足夠 不用試著改變來去迎合誰的笑容 當夢還沒醒 當那場雨還沒停 如果說我們從此以後就分離 滿天星空下 許著願畫著星星 我用全力追逐你留下的軌跡 穿梭時空和星雲 你和我潮汐鎖定 無窮遠的距離在三秒後歸零 在那滿天星空下 我落下幾滴淚滴 萬有引力無聲把你我給抓緊 跨越時空的機遇 把塵埃全都過濾 留下你和我在奇點相互共鳴 滿天星空下 許著願畫著星星 我用全力追逐你留下的軌跡 穿梭時空和星雲 你和我潮汐鎖定 無窮遠的距離在三秒後歸零 在那滿天星空下 我落下幾滴淚滴 萬有引力無聲把你我給抓緊 跨越時空的機遇 把塵埃全都過濾 留下你和我在奇點相互共鳴 （在那片）滿天星空下 許著願畫著星星 我用全力追逐你留下的軌跡
留言（ 0 ） 最相關留言 所有留言
留言（ 0 ）",2026-09-08,,,False,False,
2026-09-20 09:13:48,realtime,urban,,,23,韻捷sherry,感覺派,2,39,0,https://streetvoice.com/sherry941107/songs/878437/,https://streetvoice.com/sherry941107/,"https://akstatic.streetvoice.com/song_covers/sh/er/sherry941107/T9VRAvVAR2XJyjVqFc3gE6.jpg?x-oss-process=image/resize,m_fill,h_400,w_400,limit_0",images/878437.jpg,@sherry941107,音樂人,,,,4,4,2,,,https://www.youtube.com/user/StreetVoiceTV,,,R&B / Soul,,,,"作詞：sherry、Wilson 作曲：sherry、Wilson 編曲：harui 混音：Wilson 
作詞：sherry、Wilson 作曲：sherry、Wilson 編曲：harui 混音：Wilson","一人走一步 我們從心出發 管你愛不愛 oh 那就這樣吧 什麼範例 我都不聽 慶幸我遇見你 感覺 我是不會忘記 你看著我的 眼神 怎麼不一樣 留點距離 或許是某種試探 選擇AB  我都隨你 心已被你佔據 想邀你一起參與 感覺派 是你讓我再次感覺愛 不再孤單 這一路有你陪伴 我用感覺來愛 情是否太難 好想與你一輩子糾纏 感覺派 你是我遺失的那一半 口味不換 已經對未來做打算 我用感覺來 感覺你 這都不用看天氣 你一定會知道 我只在乎你 我們愛卻又愛的沒有邏輯 不套公式照樣能夠愛上你 怎麼會對你的那一眼就動心 洞悉你動聽的聲音是我的榮幸 鍾情於你濃情蜜意 如果你是畫布那我是你的畫筆 畫面裡的妳 此刻有了意義 是你給我那種不曾有過的親密 是你讓我成了感覺派 有妳在才能讓我更能感覺愛 愛是付出行動那我是行動派 慶幸總算盼到你能對我回頭看 I just feel you this feels so right 讓我感覺你的感覺是否心動在 夢醒的時刻動情的此刻 未來有你的參與讓我更有安全感 感覺派 是你讓我再次感覺愛 不再孤單 這一路有你陪伴 我用感覺來愛 情是否太難 好想與你一輩子糾纏 感覺派 你是我遺失的那一半 口味不換 已經對未來做打算 我用感覺來 感覺你 這都不用看天氣 你一定會知道 我只在乎你 
一人走一步 我們從心出發 管你愛不愛 oh 那就這樣吧 什麼範例 我都不聽 慶幸我遇見你 感覺 我是不會忘記
你看著我的 眼神 怎麼不一樣 留點距離 或許是某種試探 選擇AB  我都隨你 心已被你佔據 想邀你一起參與
感覺派 是你讓我再次感覺愛 不再孤單 這一路有你陪伴 我用感覺來愛 情是否太難 好想與你一輩子糾纏
感覺派 你是我遺失的那一半 口味不換 已經對未來做打算 我用感覺來 感覺你 這都不用看天氣 你一定會知道 我只在乎你
我們愛卻又愛的沒有邏輯 不套公式照樣能夠愛上你 怎麼會對你的那一眼就動心 洞悉你動聽的聲音是我的榮幸 鍾情於你濃情蜜意 如果你是畫布那我是你的畫筆 畫面裡的妳 此刻有了意義 是你給我那種不曾有過的親密 是你讓我成了感覺派 有妳在才能讓我更能感覺愛 愛是付出行動那我是行動派 慶幸總算盼到你能對我回頭看 I just feel you this feels so right 讓我感覺你的感覺是否心動在 夢醒的時刻動情的此刻 未來有你的參與讓我更有安全感
感覺派 是你讓我再次感覺愛 不再孤單 這一路有你陪伴 我用感覺來愛 情是否太難 好想與你一輩子糾纏
感覺派 你是我遺失的那一半 口味不換 已經對未來做打算 我用感覺來 感覺你 這都不用看天氣 你一定會知道 我只在乎你
留言（ 0 ） 最相關留言 所有留言
留言（ 0 ）",2026-09-07,,,False,False,
2026-09-20 09:13:48,realtime,urban,,,24,韻捷sherry,我不是你的誰,2,33,0,https://streetvoice.com/sherry941107/songs/878434/,https://streetvoice.com/sherry941107/,"https://akstatic.streetvoice.com/song_covers/sh/er/sherry941107/99AsARuaTYaDFaYQQWbYFu.jpeg?x-oss-process=image/resize,m_fill,h_400,w_400,limit_0",images/878434.jpeg,@sherry941107,音樂人,,,,4,4,2,,,https://www.youtube.com/user/StreetVoiceTV,,,R&B / Soul,,,,"在微弱的燈光下聽著伴奏、彈著吉他。 感受它在腦海組成的音符過濾後出來。 再簡單的拼湊關於你的細節，一一的放進拍子與拍子之間。 這是我喜歡的事，跟喜歡..一樣。 作詞：韻捷 sherry 作曲：韻捷 sherry 編曲：KANABEATS 混音：Brotha wu 製作人：Brotha wu 繪圖：17 錄音：無所謂錄音 
在微弱的燈光下聽著伴奏、彈著吉他。 感受它在腦海組成的音符過濾後出來。 再簡單的拼湊關於你的細節，一一的放進拍子與拍子之間。 這是我喜歡的事，跟喜歡..一樣。
作詞：韻捷 sherry 作曲：韻捷 sherry 編曲：KANABEATS 混音：Brotha wu 製作人：Brotha wu 繪圖：17 錄音：無所謂錄音","聽旋律 聽了一整晚 餘音在耳邊 不斷循環 像戒不掉你的習慣 夜燈正在為我照亮 每一條訊息的鈴聲響 就算 任何一刻都變得緩慢 或許老派 這就是我的方式 愛你不管好或壞 別破壞對你的期待 我只想見一面 就算我們距離很遙遠 儘管外面的星 多耀眼 我依然愛你無邊界 我不是你的誰 但對我來說你很特別 想多愛一些 每天就一點點 事到如今我的愛不會變 看見你我怎麼可能 不會笑 那頂多是我的靈魂 一次一次被抽掉 Oh baby 每次介紹你 都選擇高調 一想到你的臉龐 心跳簡直不太妙 機率是逃不了 畢竟我的心只為你動搖 想每分每秒 都圍著你繞 或許老派 這就是我的方式 愛你不管好或壞 別破壞對你的期待 我只想見一面 就算我們距離很遙遠 儘管外面的星 多耀眼 我依然愛你無邊界 我不是你的誰 但對我來說你很特別 想多愛一些 每天就一點點 事到如今我的愛不會變 我只想見一面 就算我們距離很遙遠 儘管外面的星 多耀眼 我依然愛你無邊界 我不是你的誰 但對我來說你很特別 想多愛一些 每天就一點點 事到如今 我的愛不會變 
聽旋律 聽了一整晚 餘音在耳邊 不斷循環 像戒不掉你的習慣
夜燈正在為我照亮 每一條訊息的鈴聲響 就算 任何一刻都變得緩慢
或許老派 這就是我的方式 愛你不管好或壞 別破壞對你的期待
我只想見一面 就算我們距離很遙遠 儘管外面的星 多耀眼 我依然愛你無邊界
我不是你的誰 但對我來說你很特別 想多愛一些 每天就一點點 事到如今我的愛不會變
看見你我怎麼可能 不會笑 那頂多是我的靈魂 一次一次被抽掉 Oh baby 每次介紹你 都選擇高調
一想到你的臉龐 心跳簡直不太妙 機率是逃不了 畢竟我的心只為你動搖 想每分每秒 都圍著你繞
或許老派 這就是我的方式 愛你不管好或壞 別破壞對你的期待
我只想見一面 就算我們距離很遙遠 儘管外面的星 多耀眼 我依然愛你無邊界
我不是你的誰 但對我來說你很特別 想多愛一些 每天就一點點 事到如今我的愛不會變
我只想見一面 就算我們距離很遙遠 儘管外面的星 多耀眼 我依然愛你無邊界
我不是你的誰 但對我來說你很特別 想多愛一些 每天就一點點 事到如今 我的愛不會變
留言（ 0 ） 最相關留言 所有留言
留言（ 0 ）",2026-09-07,,,False,False,
2026-09-20 09:13:48,realtime,urban,,,25,Vin,4:33,2,24,0,https://streetvoice.com/VinFlame/songs/878594/,https://streetvoice.com/VinFlame/,"https://akstatic.streetvoice.com/song_covers/Vi/nF/VinFlame/TMYj8XvMnYHaV5ckLbmgb5.jpg?x-oss-process=image/resize,m_fill,h_400,w_400,limit_0",images/878594.jpg,@VinFlame,音樂人,台灣,2022-11-01,,9,1,,,,https://www.youtube.com/user/StreetVoiceTV,客語雙人組合RIBINGU推出首張專輯《Living》邀徐哲緯擔綱語言顧問|||https://blow.streetvoice.com/89308/?utm_source=streetvoice&utm_medium=profile-news-block; 2024 Clockenflap公布首波名單：AIR、Jack White、St. Vincent|||https://blow.streetvoice.com/76273/?utm_source=streetvoice&utm_medium=profile-news-block; 雙倍的泰式浪漫一次展開！H 3 F與VINI 10/9攜手The Wall演出|||https://blow.streetvoice.com/69085/?utm_source=streetvoice&utm_medium=profile-news-block,,R&B / Soul,奧斯卡系列,https://streetvoice.com/VinFlame/songs/album/97326045/,,"4:33 詞／曲：Vin 主唱：奧斯卡 
4:33
詞／曲：Vin 主唱：奧斯卡","四分三十三秒不出手的神話 無聲卻比有聲還要刺耳 四分三十三秒不出手的神話 無形卻比有形還要顯眼 坐在山頂獨自享受風景 別害怕！那是來自大地的簫聲 心如止水  忍受雨點 不斷堅守正道 無人能見其真理 孤獨與自由相互輝映 別害怕！去擁抱高貴的心靈 上善若水  水本無形 大道終究會化為一句簡單的道理 四分三十三秒不出手的神話 無聲卻比有聲還要刺耳 四分三十三秒不出手的神話 無形卻比有形還要顯眼 荒謬啊！荒謬啊！ 也許人生就是一齣荒謬的喜劇 大笑吧！大笑吧！ 看著無知的群眾喝采這齣爛戲 遠離啊！遠離啊！ 遠離那被人們包圍的火炬 不要像那飛蛾撲向火 自由做夢  在夢裡振翅 靜下心來  專注呼吸 別分心！勝負只有一瞬間 心無旁鶩  沒有雜念 要成為自己 無人取代自我 孤獨與自由相互輝映 別害怕！去擁抱高貴的心靈 上善若水 水本無形 大道終究會化為一句簡單的道理 四分三十三秒不出手的神話 無聲卻比有聲還要刺耳 四分三十三秒不出手的神話 無形卻比有形還要顯眼 荒謬啊！荒謬啊！ 也許人生就是一齣荒謬的喜劇 大笑吧！大笑吧！ 看著無知的群眾喝采這齣爛戲 遠離啊！遠離啊！ 遠離那被人們包圍的火炬 不要像那飛蛾撲向火 自由做夢  在夢裡振翅 嗚～荒謬的喜劇 嗚～荒謬的喜劇 因為孤獨與自由相互輝映 別害怕！去擁抱高貴的心靈 上善若水 水本無形 大道終究會化為一句簡單的道理 荒謬啊！荒謬啊！ （四分三十三秒不出手的神話） 也許人生就是一齣荒謬的喜劇 （無聲卻比有聲還要刺耳） 大笑吧！大笑吧！ （四分三十三秒不出手的神話） 看著無知的群眾喝采這齣爛戲 （無形卻比有形還要顯眼） 遠離啊！遠離啊！ （四分三十三秒不出手的神話） 遠離那被人們包圍的火炬 （無聲卻比有聲還要刺耳） 不要像那飛蛾撲向火 （四分三十三秒不出手的神話） 自由做夢  在夢裡振翅 （無形卻比有形還要顯眼） 
四分三十三秒不出手的神話 無聲卻比有聲還要刺耳 四分三十三秒不出手的神話 無形卻比有形還要顯眼
坐在山頂獨自享受風景 別害怕！那是來自大地的簫聲 心如止水  忍受雨點 不斷堅守正道 無人能見其真理
孤獨與自由相互輝映 別害怕！去擁抱高貴的心靈 上善若水  水本無形 大道終究會化為一句簡單的道理
四分三十三秒不出手的神話 無聲卻比有聲還要刺耳 四分三十三秒不出手的神話 無形卻比有形還要顯眼
荒謬啊！荒謬啊！ 也許人生就是一齣荒謬的喜劇 大笑吧！大笑吧！ 看著無知的群眾喝采這齣爛戲 遠離啊！遠離啊！ 遠離那被人們包圍的火炬 不要像那飛蛾撲向火 自由做夢  在夢裡振翅
靜下心來  專注呼吸 別分心！勝負只有一瞬間 心無旁鶩  沒有雜念 要成為自己 無人取代自我
孤獨與自由相互輝映 別害怕！去擁抱高貴的心靈 上善若水 水本無形 大道終究會化為一句簡單的道理
四分三十三秒不出手的神話 無聲卻比有聲還要刺耳 四分三十三秒不出手的神話 無形卻比有形還要顯眼
荒謬啊！荒謬啊！ 也許人生就是一齣荒謬的喜劇 大笑吧！大笑吧！ 看著無知的群眾喝采這齣爛戲 遠離啊！遠離啊！ 遠離那被人們包圍的火炬 不要像那飛蛾撲向火 自由做夢  在夢裡振翅
嗚～荒謬的喜劇 嗚～荒謬的喜劇
因為孤獨與自由相互輝映 別害怕！去擁抱高貴的心靈 上善若水 水本無形 大道終究會化為一句簡單的道理
荒謬啊！荒謬啊！ （四分三十三秒不出手的神話） 也許人生就是一齣荒謬的喜劇 （無聲卻比有聲還要刺耳） 大笑吧！大笑吧！ （四分三十三秒不出手的神話） 看著無知的群眾喝采這齣爛戲 （無形卻比有形還要顯眼） 遠離啊！遠離啊！ （四分三十三秒不出手的神話） 遠離那被人們包圍的火炬 （無聲卻比有聲還要刺耳） 不要像那飛蛾撲向火 （四分三十三秒不出手的神話） 自由做夢  在夢裡振翅 （無形卻比有形還要顯眼）
留言（ 0 ） 最相關留言 所有留言
留言（ 0 ）",2026-09-08,,AI 協作 R&B / Soul ・ 奧斯卡系列,False,False,
2026-09-20 09:13:48,realtime,urban,,,26,还是当个糕手最自在,初春,11,309,3,https://streetvoice.com/LimZheYu/songs/877524/,https://streetvoice.com/LimZheYu/,"https://akstatic.streetvoice.com/song_covers/Li/mZ/LimZheYu/brT3oMP2ueGEWfyKTac8xX.jpg?x-oss-process=image/resize,m_fill,h_400,w_400,limit_0",images/877524.jpg,@LimZheYu,音樂人,,,,1,9,1,,,https://www.youtube.com/user/StreetVoiceTV,,,Jazz,,,,,"橘色 斜阳 轻轻 映着南方 初春 的 初尝 爱 如花 随风绽放 橘色 斜阳 暖暖 照着我俩 九霄 多高 这银河 多长 爱人 心里占多少两 龙华湾 未开 的念想 一瓣瓣 守候 的余香 梦一片 花乡 谱一曲 思量 待秋 捎一丝 漫长 随梦 随浪 一生 随爱 的眺望 等待 某张 牵挂 半生 的脸庞 原来有种浪漫 叫悲伤 越陈旧 越甜 越刺痒 守着空荡心房 直到凝了白发 才看见 无人的远方 橘色 斜阳 轻轻 映着过往 时间 飞向 落雪的 南洋 能否 看清爱人 模样 用字句 晕开 的念想 一句句 被堆砌 的想象 想沐浴 月光 想拥抱 春光 想你 能在我 身旁 随梦 随浪 一生 随爱 的眺望 等待 某张 牵挂 半生 的脸庞 原来有种浪漫 叫悲伤 越陈旧 越甜 越刺痒 守着空荡心房 直到凝了白发 才发现 原来这远方 橘色 斜阳 缓缓 阖上 
橘色 斜阳 轻轻 映着南方 初春 的 初尝 爱 如花 随风绽放 橘色 斜阳 暖暖 照着我俩 九霄 多高 这银河 多长 爱人 心里占多少两
龙华湾 未开 的念想 一瓣瓣 守候 的余香 梦一片 花乡 谱一曲 思量 待秋 捎一丝 漫长
随梦 随浪 一生 随爱 的眺望 等待 某张 牵挂 半生 的脸庞 原来有种浪漫 叫悲伤 越陈旧 越甜 越刺痒 守着空荡心房 直到凝了白发 才看见 无人的远方
橘色 斜阳 轻轻 映着过往 时间 飞向 落雪的 南洋 能否 看清爱人 模样
用字句 晕开 的念想 一句句 被堆砌 的想象 想沐浴 月光 想拥抱 春光 想你 能在我 身旁
随梦 随浪 一生 随爱 的眺望 等待 某张 牵挂 半生 的脸庞 原来有种浪漫 叫悲伤 越陈旧 越甜 越刺痒 守着空荡心房 直到凝了白发 才发现 原来这远方
橘色 斜阳 缓缓 阖上
留言（ 3 ） 最相關留言 所有留言
留言（ 3 ）",2026-09-02,,,False,False,
2026-09-20 09:13:48,realtime,urban,,,27,沒有才能,二十五,101,5099,9,https://streetvoice.com/anti_talent/songs/876006/,https://streetvoice.com/anti_talent/,"https://akstatic.streetvoice.com/song_covers/an/ti/anti_talent/7weRVH3PFb6WKcjGyaM9sF.jpeg?x-oss-process=image/resize,m_fill,h_400,w_400,limit_0",images/876006.jpeg,@anti_talent,音樂人,花蓮縣,2019-03-01,2021-06-30 20:14,15,6419,24,https://www.facebook.com/profile.php?id=100057806991024,https://www.instagram.com/antitalentttt/,https://www.youtube.com/channel/UCioPM4PKLFaMaW7VTBXai_Q,金旋音樂節即將登場！力邀LAWA合體鄒序、楊子平攜手沒有才能等四組共演驚喜上陣|||https://blow.streetvoice.com/79258/?utm_source=streetvoice&utm_medium=profile-news-block; 從長頸鹿進化成人類！沒有才能推出首張專輯《我終於也變成人了》宣告正式轉大人|||https://blow.streetvoice.com/76073/?utm_source=streetvoice&utm_medium=profile-news-block; 新銳唱作人Everydaze擔任製作 沒有才能新歌〈此時此刻〉衝上街聲即時排行榜冠軍|||https://blow.streetvoice.com/75521/?utm_source=streetvoice&utm_medium=profile-news-block,,R&B / Soul,,,,"送給每一位面臨25歲半半生危機但仍繼續努力的人 從年少的心願變成眼前的生活，我們可以，我們做得到 Credit: 詞曲 Lyricist / Composer｜沒有才能 anti-talent 編曲 Arrangement ｜碩美 咪媽 Mixing&Mastering ｜碩美 
送給每一位面臨25歲半半生危機但仍繼續努力的人 從年少的心願變成眼前的生活，我們可以，我們做得到
Credit: 詞曲 Lyricist / Composer｜沒有才能 anti-talent 編曲 Arrangement ｜碩美 咪媽 Mixing&Mastering ｜碩美","不知不覺 就到了這門檻 不再無知 但將來怎麼辦 他們說 蹲的低才跳的高 他們說 敗不餒 勝不驕 以為長大會撥雲見日 還是怕丟臉 但至少有誠實 再給我點時間 我也會很特別 熟悉的空房間裡 壓抑著想念 再給我點信念 我也能走到那 夢裡見到的風景 我一定要親眼看見 嗚 轉眼25 前方的路依舊不清楚 手握畫筆繼續畫圖 它長得太抽象 不能預測方向 站遠仔細端詳 不由自主流下一滴淚 Keep your head up 即使會害怕 你為了看見那個景象付了代價 在冷嘲熱諷裡面你連滾帶爬 還是殺不掉你熱情因為那是愛啊 像陰鬱土壤內依舊會開花 像那個天才也曾被人當成呆瓜 難道你甘願永遠在台下拍嗎 去成為你想成為的 其他隨風吹吧 最開始的心願 也不是很特別 重複闖進深夜裡 渴望著明天 再給我點信念 我也能走到那 夢裡見到的風景 我一定要親眼看見 要看見 它實現 要看見 它實現 要看見 它實現 看見 它實現 再給我點時間 我也會很特別 熟悉的空房間裡 壓抑著想念 再給我點信念 我也能走到那 夢裡見到的風景 我一定要親眼看見 
不知不覺 就到了這門檻 不再無知 但將來怎麼辦 他們說 蹲的低才跳的高 他們說 敗不餒 勝不驕 以為長大會撥雲見日 還是怕丟臉 但至少有誠實
再給我點時間 我也會很特別 熟悉的空房間裡 壓抑著想念 再給我點信念 我也能走到那 夢裡見到的風景 我一定要親眼看見
嗚 轉眼25 前方的路依舊不清楚 手握畫筆繼續畫圖 它長得太抽象 不能預測方向 站遠仔細端詳 不由自主流下一滴淚
Keep your head up 即使會害怕 你為了看見那個景象付了代價 在冷嘲熱諷裡面你連滾帶爬 還是殺不掉你熱情因為那是愛啊 像陰鬱土壤內依舊會開花 像那個天才也曾被人當成呆瓜 難道你甘願永遠在台下拍嗎 去成為你想成為的 其他隨風吹吧
最開始的心願 也不是很特別 重複闖進深夜裡 渴望著明天 再給我點信念 我也能走到那 夢裡見到的風景 我一定要親眼看見
要看見 它實現 要看見 它實現 要看見 它實現 看見 它實現
再給我點時間 我也會很特別 熟悉的空房間裡 壓抑著想念 再給我點信念 我也能走到那 夢裡見到的風景 我一定要親眼看見
留言（ 9 ） 最相關留言 所有留言
留言（ 9 ）",2026-08-25,,編輯推薦,True,False,
2026-09-20 09:13:48,realtime,urban,,,28,歌曲创作社（檳城锺灵独立中学）,会飞的星,4,122,2,https://streetvoice.com/xiangcaimangguofan/songs/877523/,https://streetvoice.com/xiangcaimangguofan/,"https://akstatic.streetvoice.com/song_covers/xi/an/xiangcaimangguofan/kpgNcXVYcrqeaogd5HbfyR.jpg?x-oss-process=image/resize,m_fill,h_400,w_400,limit_0",images/877523.jpg,@xiangcaimangguofan,音樂人,馬來西亞,2026-09-01,,1,3,1,,,https://www.youtube.com/user/StreetVoiceTV,,,R&B / Soul,,,,,"作词：叶韦泽，丁子谦 作曲：李任恩，叶韦泽 《会飞的星》 Verse 1 雪兰莪河每年都有我的身影 提着绿色小灯 飞舞如星 孩子们在夏夜 追逐我的光明 那是大自然 最美丽的风景 Verse 2 后来钢筋在河岸边长成森林 河流失了忆将我抛弃 任我孤独消逝在剧毒的雾里 才知告别竟没有声音 Pre-chorus 强光在剥离漆黑的纯粹 农药抛撒不甘的卑微 你隔着窗看萤火的颓废 像那些没用的谁 残酷撕开灯下的虚伪 故事在往下坠 Chorus 若你怀念童年追光的孩子 请别让萤火成为历史 处在黑夜沦为白昼的幻觉 谁来修补夜幕的残缺 若你放任浪漫独自被流放 该如何赎回童年时光 走在路灯模仿萤光的轨迹 谁来证明世界有过 会飞的星 interlude ～～～～ Pre-chorus 强光在剥离漆黑的纯粹 农药抛撒不甘的卑微 你隔着窗看萤火的颓废 像那些没用的谁 残酷撕开灯下的虚伪 故事在往下坠 Chorus 若你怀念童年追光的孩子 请别让萤火成为历史 处在黑夜沦为白昼的幻觉 谁来修补夜幕的残缺 若你放任浪漫独自被流放 该如何赎回童年时光 走在路灯模仿萤光的轨迹 谁来证明世界有过 会飞的星 outro ～～～ 
作词：叶韦泽，丁子谦 作曲：李任恩，叶韦泽
《会飞的星》 Verse 1 雪兰莪河每年都有我的身影 提着绿色小灯 飞舞如星 孩子们在夏夜 追逐我的光明 那是大自然 最美丽的风景
Verse 2 后来钢筋在河岸边长成森林 河流失了忆将我抛弃 任我孤独消逝在剧毒的雾里 才知告别竟没有声音
Pre-chorus 强光在剥离漆黑的纯粹 农药抛撒不甘的卑微 你隔着窗看萤火的颓废 像那些没用的谁 残酷撕开灯下的虚伪 故事在往下坠
Chorus 若你怀念童年追光的孩子 请别让萤火成为历史 处在黑夜沦为白昼的幻觉 谁来修补夜幕的残缺 若你放任浪漫独自被流放 该如何赎回童年时光 走在路灯模仿萤光的轨迹 谁来证明世界有过 会飞的星
interlude ～～～～
Pre-chorus 强光在剥离漆黑的纯粹 农药抛撒不甘的卑微 你隔着窗看萤火的颓废 像那些没用的谁 残酷撕开灯下的虚伪 故事在往下坠
Chorus 若你怀念童年追光的孩子 请别让萤火成为历史 处在黑夜沦为白昼的幻觉 谁来修补夜幕的残缺 若你放任浪漫独自被流放 该如何赎回童年时光 走在路灯模仿萤光的轨迹 谁来证明世界有过 会飞的星
outro ～～～
留言（ 2 ） 最相關留言 所有留言
留言（ 2 ）",2026-09-02,,,False,False,
2026-09-20 09:13:48,realtime,urban,,,29,日新独立中学歌创社（日新独立中学）,我也不差,17,281,12,https://streetvoice.com/suiqingsaw/songs/877496/,https://streetvoice.com/suiqingsaw/,"https://akstatic.streetvoice.com/song_covers/su/iq/suiqingsaw/HEKx5o3rRjWc98GgYAYmej.jpg?x-oss-process=image/resize,m_fill,h_400,w_400,limit_0",images/877496.jpg,@suiqingsaw,音樂人,馬來西亞,2024-09-01,,2,37,12,,,https://www.youtube.com/user/StreetVoiceTV,,,R&B / Soul,,,,"作词：陈沅宇 作曲：陈沅宇 编曲：陈沅宇 主唱/吉他手：陈沅宇 《我也不差》诞生于我人生最低潮的一段时期。那时候，我经历了许多伤痛、挫折与失去，也因为外界的声音和自己的经历，渐渐变得自卑，开始怀疑自己的价值。 这首歌记录了那段不断挣扎、不断想摆脱过去阴影的过程。歌词里的每一句，都是真实情绪的写照——面对困境时的无力、承受委屈时的眼泪，以及一次次告诉自己不要放弃的坚持。 副歌「其实我也没有那么差」，不是一句逞强的话，而是我不断鼓励自己的信念。它提醒着我，即使曾经跌倒、迷失，只要愿意相信自己，总有一天能够走出过去，活成自己想要的样子。 对我来说，《我也不差》不仅是一首原创歌曲，更像是一位陪伴我走过低谷的朋友。它见证了我的脆弱，也陪着我一点一点找回自信。我希望，当这首歌被更多人听见时，也能陪伴那些正在经历低潮、感到自我怀疑的人，让他们知道：你并不差，只是暂时忘记了自己的光芒。 
作词：陈沅宇 作曲：陈沅宇 编曲：陈沅宇
主唱/吉他手：陈沅宇
《我也不差》诞生于我人生最低潮的一段时期。那时候，我经历了许多伤痛、挫折与失去，也因为外界的声音和自己的经历，渐渐变得自卑，开始怀疑自己的价值。 这首歌记录了那段不断挣扎、不断想摆脱过去阴影的过程。歌词里的每一句，都是真实情绪的写照——面对困境时的无力、承受委屈时的眼泪，以及一次次告诉自己不要放弃的坚持。 副歌「其实我也没有那么差」，不是一句逞强的话，而是我不断鼓励自己的信念。它提醒着我，即使曾经跌倒、迷失，只要愿意相信自己，总有一天能够走出过去，活成自己想要的样子。 对我来说，《我也不差》不仅是一首原创歌曲，更像是一位陪伴我走过低谷的朋友。它见证了我的脆弱，也陪着我一点一点找回自信。我希望，当这首歌被更多人听见时，也能陪伴那些正在经历低潮、感到自我怀疑的人，让他们知道：你并不差，只是暂时忘记了自己的光芒。","Verse 1 那些风雨 对我来说 是一种逆不可进 选择题 作答题 Verse 2 那些经历 陷入困境 是我总摆脱不到的陷阱 我已尽力 prechorus 我拼命的想挣脱这枷锁 却总是身不由己 我承受着不甘着委屈的泪滴 请别 质疑自己 Chorus 1 其实我也没有那么差 只是总爱常胡思乱想 我告诉我自己 肯定一定 会走出那些过往 Chorus 2 其实我也没有那么差 听着旁人对我的评价 相信自己 一定一定 将自己活出美好的印记 
Verse 1 那些风雨 对我来说 是一种逆不可进 选择题 作答题
Verse 2 那些经历 陷入困境 是我总摆脱不到的陷阱 我已尽力
prechorus 我拼命的想挣脱这枷锁 却总是身不由己 我承受着不甘着委屈的泪滴 请别 质疑自己
Chorus 1 其实我也没有那么差 只是总爱常胡思乱想 我告诉我自己 肯定一定 会走出那些过往
Chorus 2 其实我也没有那么差 听着旁人对我的评价 相信自己 一定一定 将自己活出美好的印记
留言（ 12 ） 最相關留言 所有留言
留言（ 12 ）",2026-09-02,,,False,False,
2026-09-20 09:13:48,realtime,urban,,,30,Yuko Nakamura,Threshold,3,107,0,https://streetvoice.com/yuko_nakamura/songs/876730/,https://streetvoice.com/yuko_nakamura/,"https://akstatic.streetvoice.com/song_covers/yu/ko/yuko_nakamura/2rfDdzRjdpUq9oXZKbM6LQ.jpg?x-oss-process=image/resize,m_fill,h_400,w_400,limit_0",images/876730.jpg,@yuko_nakamura,音樂人,大阪府,2026-08-01,,,,2,,,https://www.youtube.com/user/StreetVoiceTV,四枝筆攜韓創作歌手Kimpomme展開日本巡演 催生季節之歌〈Another Season〉|||https://blow.streetvoice.com/69127/?utm_source=streetvoice&utm_medium=profile-news-block,,Jazz,,,,"As we gain new perspectives through our daily experiences, we continue to change little by little. Small realizations and choices accumulate along the way, eventually leading to greater change. Beyond that threshold lies a landscape different from what we knew before. The title Threshold represents the feeling that arises at the moment we cross that boundary—not a dramatic transformation, but a subtle yet undeniable sense that something has changed. The piece reflects the hesitation before taking that first step and the new landscape that begins to unfold beyond it. Built around a simple modern jazz framework, the piece leaves space for each performer to express themselves freely through improvisation. Over a steady foundation, sounds born in the moment overlap, interact, and evolve, tracing the passage of time through the performance. 在日常經驗中獲得新的視角，我們也一點一點地持續改變。過程中累積的細微察覺與選擇，最終可能帶來更大的轉變；跨越那道界線之後，眼前也會展開與過去不同的景色。 《Threshold》這個標題，描寫的正是跨越那道界線瞬間所產生的感受。並非劇烈的改變，而是一種細微、卻無法忽視的「有些什麼已經改變了」的感覺。作品描繪了踏出改變第一步之前的猶豫，以及跨越之後逐漸展開的新景色。 樂曲以簡潔的現代爵士框架為基礎，保留空間讓每位演奏者透過即興自由表達。在穩定的基礎之上，當下產生的聲音彼此交疊、互動並持續變化，藉此描繪演奏中流動的時間。 
As we gain new perspectives through our daily experiences, we continue to change little by little. Small realizations and choices accumulate along the way, eventually leading to greater change. Beyond that threshold lies a landscape different from what we knew before.
The title Threshold represents the feeling that arises at the moment we cross that boundary—not a dramatic transformation, but a subtle yet undeniable sense that something has changed. The piece reflects the hesitation before taking that first step and the new landscape that begins to unfold beyond it.
Built around a simple modern jazz framework, the piece leaves space for each performer to express themselves freely through improvisation. Over a steady foundation, sounds born in the moment overlap, interact, and evolve, tracing the passage of time through the performance.
在日常經驗中獲得新的視角，我們也一點一點地持續改變。過程中累積的細微察覺與選擇，最終可能帶來更大的轉變；跨越那道界線之後，眼前也會展開與過去不同的景色。
《Threshold》這個標題，描寫的正是跨越那道界線瞬間所產生的感受。並非劇烈的改變，而是一種細微、卻無法忽視的「有些什麼已經改變了」的感覺。作品描繪了踏出改變第一步之前的猶豫，以及跨越之後逐漸展開的新景色。
樂曲以簡潔的現代爵士框架為基礎，保留空間讓每位演奏者透過即興自由表達。在穩定的基礎之上，當下產生的聲音彼此交疊、互動並持續變化，藉此描繪演奏中流動的時間。","這是沒有提供歌詞的歌曲
留言（ 0 ） 最相關留言 所有留言
留言（ 0 ）",2026-08-27,,編輯推薦,True,False,
2026-09-20 09:13:48,realtime,urban,,,31,理科指南 The Scientific Way,别再说,19,298,0,https://streetvoice.com/TheScientificWay/songs/877476/,https://streetvoice.com/TheScientificWay/,"https://akstatic.streetvoice.com/song_covers/Th/eS/TheScientificWay/GURLFYtyAWzqiDqWmBYuDd.jpg?x-oss-process=image/resize,m_fill,h_400,w_400,limit_0",images/877476.jpg,@TheScientificWay,音樂人,,,,1,11,6,,,https://www.youtube.com/user/StreetVoiceTV,,,R&B / Soul,,,,"有些人总是在难过、无助的时候才会想起你，把自己的情绪和烦恼一次次倾诉给你，却很少在开心的时候与你分享。当你开始疑惑，为什么自己总是在接住对方的负面情绪时，对方却会告诉你，这是一种爱和信任的表示。 但其实，所谓的爱，可能只是一种依赖。 一种在不开心的时候，需要有人倾听，需要一个情绪垃圾桶去接住自己所有负面情绪的依赖。 当你一次又一次成为别人倾倒情绪的出口，久而久之，这段关系也渐渐变成了单向关系。一个人不断倾诉与释放，另一个人不断倾听和承受。 直到有一天，那个一直倾听的人终于意识到，原来自己也有自己的情绪，也需要被看见。 
有些人总是在难过、无助的时候才会想起你，把自己的情绪和烦恼一次次倾诉给你，却很少在开心的时候与你分享。当你开始疑惑，为什么自己总是在接住对方的负面情绪时，对方却会告诉你，这是一种爱和信任的表示。
但其实，所谓的爱，可能只是一种依赖。
一种在不开心的时候，需要有人倾听，需要一个情绪垃圾桶去接住自己所有负面情绪的依赖。
当你一次又一次成为别人倾倒情绪的出口，久而久之，这段关系也渐渐变成了单向关系。一个人不断倾诉与释放，另一个人不断倾听和承受。
直到有一天，那个一直倾听的人终于意识到，原来自己也有自己的情绪，也需要被看见。","動態歌詞
凌晨五点了铃声又响起 以为你察觉了我的情绪 开口第一句 又听见你的泪滴 你从来都不了解我心情 你只想要有个人陪着你 假装的关心 只是为了留住我 别再说 你爱我 所谓的爱只是种依赖 只是刚好你需要人陪 聆听你的悲哀 别再说 我都懂 只是不知该如何逃离 逃离这名为爱的梦境 才发现我 早已不是我自己 你总说我是最懂你的人 以为我永远都会在这里 可你却忘记 我也有我的难题 我默默收集你所有悲伤 从来没问过我是否无恙 像片无人的海 承载你的风浪 别再说 你爱我 所谓的爱只是种依赖 只是刚好你需要人陪 聆听你的悲哀 别再说 我都懂 只是不知该如何逃离 逃离这名为爱的梦境 才发现我 早已不是我自己 
凌晨五点了铃声又响起 以为你察觉了我的情绪 开口第一句 又听见你的泪滴 你从来都不了解我心情 你只想要有个人陪着你 假装的关心 只是为了留住我 别再说 你爱我 所谓的爱只是种依赖 只是刚好你需要人陪 聆听你的悲哀 别再说 我都懂 只是不知该如何逃离 逃离这名为爱的梦境 才发现我 早已不是我自己 你总说我是最懂你的人 以为我永远都会在这里 可你却忘记 我也有我的难题 我默默收集你所有悲伤 从来没问过我是否无恙 像片无人的海 承载你的风浪 别再说 你爱我 所谓的爱只是种依赖 只是刚好你需要人陪 聆听你的悲哀 别再说 我都懂 只是不知该如何逃离 逃离这名为爱的梦境 才发现我 早已不是我自己
留言（ 0 ） 最相關留言 所有留言
留言（ 0 ）",2026-09-01,,,False,False,
2026-09-20 09:13:48,realtime,urban,,,32,BOZI,想妳的偶像劇,2,29,0,https://streetvoice.com/3Lei/songs/877427/,https://streetvoice.com/3Lei/,"https://akstatic.streetvoice.com/song_covers/3L/ei/3Lei/oL5PDWHfRxydPMPgAPfT8z.jpg?x-oss-process=image/resize,m_fill,h_400,w_400,limit_0",images/877427.jpg,@3Lei,音樂人,,,,7,2,1,,,https://www.youtube.com/user/StreetVoiceTV,,,R&B / Soul,,,,,"我想妳的偶像劇 加減乘上妳的笑容 再重開兩局 略過新手教學的囉嗦 我最喜歡看妳最幼稚的笑容 真希望這是遊戲 失敗還能重來過 再美的花 終究有凋謝的時候 再美的話 那是我過濾層有很多 一天天過去 妳會勾著我的手 拍現動 妳的笑容 是我來解答這道題的填空 喔只是過去掩埋 很笨的問妳 哪天不會再 妳抱著我眼裡細雨下著 說我們不分開 現在抽著菸聽著曾經的我們 多麼幼稚的愛 那幼稚的笑容 我慢慢講到哭 我想妳的偶像劇 加減乘上妳的笑容 下一次不會太 急著把妳抱入我的懷中 我最喜歡看妳那幼稚的笑容 能夠治癒我壞脾氣和疼痛 想起妳雨會下的那麼大 不知道是雨還是我的淚 就說別提到她 大笨蛋的那些年 當年太壞 忘記裙擺 愛的太快 荒忙大海🌊 我們應該出來聊聊對吧 我或許會再… 現在的我或許會在 喔怎麼還不夠躲 我的心還是好痛 吃瓜群眾的拍手 現在彈的和弦的旋律 哼不出什麼 我想妳的偶像劇 加減乘上妳的笑容 再重開2局 略過新手教學的囉嗦 我最喜歡看妳最幼稚的笑容 能夠治癒我壞脾氣和疼痛 我想妳的偶像劇 加減乘上妳的笑容 下一次不會太 急著把妳抱入我的懷中 我最喜歡看妳那幼稚的笑容 真希望這是遊戲 失敗還能重來過 
我想妳的偶像劇 加減乘上妳的笑容 再重開兩局 略過新手教學的囉嗦 我最喜歡看妳最幼稚的笑容 真希望這是遊戲 失敗還能重來過
再美的花 終究有凋謝的時候 再美的話 那是我過濾層有很多 一天天過去 妳會勾著我的手 拍現動 妳的笑容 是我來解答這道題的填空
喔只是過去掩埋 很笨的問妳 哪天不會再 妳抱著我眼裡細雨下著 說我們不分開 現在抽著菸聽著曾經的我們 多麼幼稚的愛 那幼稚的笑容 我慢慢講到哭
我想妳的偶像劇 加減乘上妳的笑容 下一次不會太 急著把妳抱入我的懷中 我最喜歡看妳那幼稚的笑容 能夠治癒我壞脾氣和疼痛 想起妳雨會下的那麼大 不知道是雨還是我的淚 就說別提到她 大笨蛋的那些年 當年太壞 忘記裙擺 愛的太快 荒忙大海🌊 我們應該出來聊聊對吧 我或許會再… 現在的我或許會在
喔怎麼還不夠躲 我的心還是好痛 吃瓜群眾的拍手 現在彈的和弦的旋律 哼不出什麼
我想妳的偶像劇 加減乘上妳的笑容 再重開2局 略過新手教學的囉嗦 我最喜歡看妳最幼稚的笑容 能夠治癒我壞脾氣和疼痛
我想妳的偶像劇 加減乘上妳的笑容 下一次不會太 急著把妳抱入我的懷中 我最喜歡看妳那幼稚的笑容 真希望這是遊戲 失敗還能重來過
留言（ 0 ） 最相關留言 所有留言
留言（ 0 ）",2026-09-01,,,False,False,
2026-09-20 09:13:48,realtime,urban,,,33,Kekulin柯郭林,我喜歡你但不一定要擁有你demo,5,194,4,https://streetvoice.com/Kekulin/songs/877059/,https://streetvoice.com/Kekulin/,"https://akstatic.streetvoice.com/song_covers/Ke/ku/Kekulin/6dufjBmsnsao2qP45mX76c.jpg?x-oss-process=image/resize,m_fill,h_400,w_400,limit_0",images/877059.jpg,@Kekulin,音樂人,,,,1,6,,,,https://www.youtube.com/user/StreetVoiceTV,,,R&B / Soul,,,,,"我也想隱形 我隱姓埋名 也許我動了心 連逃避都變得沒有意義 要我放棄清醒 讓我繼續沉溺 在剛好的距離 不說也可以不需要證明 其實我早就習慣這樣安靜 習慣你在我生活裡的距離 我不會靠近不會輕易離去 剛好可以讓我一直喜歡你 我喜歡你 但不一定要擁有你 就算最後你不屬於我也沒關係 我喜歡你 但不一定要擁有你 至少這份心動屬於真實的自己 
我也想隱形 我隱姓埋名
也許我動了心 連逃避都變得沒有意義
要我放棄清醒 讓我繼續沉溺
在剛好的距離 不說也可以不需要證明
其實我早就習慣這樣安靜
習慣你在我生活裡的距離
我不會靠近不會輕易離去
剛好可以讓我一直喜歡你
我喜歡你 但不一定要擁有你
就算最後你不屬於我也沒關係
我喜歡你 但不一定要擁有你
至少這份心動屬於真實的自己
留言（ 4 ） 最相關留言 所有留言
留言（ 4 ）",2026-08-30,,,False,False,
2026-09-20 09:13:48,realtime,urban,,,34,幸運空氣,蟬仔聲,7,1827,0,https://streetvoice.com/luckyair43/songs/877017/,https://streetvoice.com/luckyair43/,"https://akstatic.streetvoice.com/song_covers/lu/ck/luckyair43/YMpfUsb7iVkWYhqNPTTc9W.jpeg?x-oss-process=image/resize,m_fill,h_400,w_400,limit_0",images/877017.jpeg,@luckyair43,音樂人,,,2021-06-04 17:58,82,203,65,https://www.facebook.com/airway777,https://www.instagram.com/luckyair777,https://www.youtube.com/channel/UChSEkR8gHUBkx0IsCfR1xwA/about,告別誠品生活 116 強辯樂團與幸運空氣勾起共同的青春回憶|||https://blow.streetvoice.com/15610/?utm_source=streetvoice&utm_medium=profile-news-block; 【歌單】謙虛勤勉的小書蟲——處女座|||https://blow.streetvoice.com/35796/?utm_source=streetvoice&utm_medium=profile-news-block; 2015 年度 StreetVoice 音樂作品人氣榜 TOP 50|||https://blow.streetvoice.com/16431/?utm_source=streetvoice&utm_medium=profile-news-block,,R&B / Soul,,,,"《蟬仔聲》是幸運空氣以台語創作的最新單曲，用Alt R&B的氛圍感與台語的溫潤語感，寫下一封獻給新生命的情書。歌曲以炎熱夏天作為背景，蟬鳴聲此起彼落，如同新生命第一次哭喊般，充滿了未經雕琢的生命力與勇氣。歌詞裡，一邊哼唱囡仔歌、一邊看顧著身邊那個哭鬧不休、卻也一天天更加古錐的小小身影，把日常瑣碎的照顧片刻，寫成了最溫柔的承諾——「不管未來妳去佗位，阿爸會一直佇遮，攏為著妳。」《蟬仔聲》不只是一首搖籃曲，更是每一個守候著新生命的人，都能感同身受的夏日詩篇。 ""Cicada's Voice"" is Lucky Air's latest Taiwanese-language single, blending the atmospheric warmth of Alt R&B with the tender texture of Taiwanese to write a love letter to new life. Set against a sweltering summer, the song's cicada chorus echoes the unpolished courage of a newborn's first cries. Between lullabies and late-night care, someone watches over a small, restless presence, turning the quiet, ordinary moments of caregiving into the gentlest kind of promise: ""wherever you go, I'll always be here for you."" More than a lullaby, ""Cicada's Voice"" is a summer poem for anyone who has ever kept watch over a new life. 
《蟬仔聲》是幸運空氣以台語創作的最新單曲，用Alt R&B的氛圍感與台語的溫潤語感，寫下一封獻給新生命的情書。歌曲以炎熱夏天作為背景，蟬鳴聲此起彼落，如同新生命第一次哭喊般，充滿了未經雕琢的生命力與勇氣。歌詞裡，一邊哼唱囡仔歌、一邊看顧著身邊那個哭鬧不休、卻也一天天更加古錐的小小身影，把日常瑣碎的照顧片刻，寫成了最溫柔的承諾——「不管未來妳去佗位，阿爸會一直佇遮，攏為著妳。」《蟬仔聲》不只是一首搖籃曲，更是每一個守候著新生命的人，都能感同身受的夏日詩篇。
""Cicada's Voice"" is Lucky Air's latest Taiwanese-language single, blending the atmospheric warmth of Alt R&B with the tender texture of Taiwanese to write a love letter to new life. Set against a sweltering summer, the song's cicada chorus echoes the unpolished courage of a newborn's first cries. Between lullabies and late-night care, someone watches over a small, restless presence, turning the quiet, ordinary moments of caregiving into the gentlest kind of promise: ""wherever you go, I'll always be here for you."" More than a lullaby, ""Cicada's Voice"" is a summer poem for anyone who has ever kept watch over a new life.","燒熱 夏天 拄開始 這個世界 有了妳 腹肚枵 想睏 攏吼袂離 準備唱囡仔歌 和飼奶 聽妳勇敢的聲音 親像蟬仔聲吱吱 窗外 好天氣 希望一切攏真順利 聽妳勇敢的聲音 親像蟬仔聲吱吱 越來越古錐 不管未來妳去佗位 阿爸會一直佇遮 攏為著妳 樹頂 蟬仔聲唱袂煞 惦惦看妳敢睏得去 這個夏天誠趣味 有妳的人生才拄開始 聽妳勇敢的聲音 親像蟬仔聲吱吱 窗外 好天氣 希望一切攏真順利 聽妳勇敢的聲音 親像蟬仔聲吱吱 越來越古錐 不管未來妳去佗位 恬恬 空氣 蟬仔聲 響起 這個 夏天 妳的吼聲 未停 恬恬 空氣 蟬仔聲 響起 這個 夏天 特別的記憶 聽妳勇敢的聲音 親像蟬仔聲吱吱 窗外 好天氣 希望一切攏真順利 聽妳勇敢的聲音 親像蟬仔聲吱吱 越來越古錐 不管未來妳去佗位 阿爸會一直佇遮 攏為著妳 
燒熱 夏天 拄開始 這個世界 有了妳 腹肚枵 想睏 攏吼袂離 準備唱囡仔歌 和飼奶 聽妳勇敢的聲音 親像蟬仔聲吱吱 窗外 好天氣 希望一切攏真順利
聽妳勇敢的聲音 親像蟬仔聲吱吱 越來越古錐 不管未來妳去佗位 阿爸會一直佇遮 攏為著妳 樹頂 蟬仔聲唱袂煞 惦惦看妳敢睏得去 這個夏天誠趣味 有妳的人生才拄開始 聽妳勇敢的聲音 親像蟬仔聲吱吱 窗外 好天氣 希望一切攏真順利
聽妳勇敢的聲音 親像蟬仔聲吱吱 越來越古錐 不管未來妳去佗位 恬恬 空氣 蟬仔聲 響起 這個 夏天 妳的吼聲 未停 恬恬 空氣 蟬仔聲 響起 這個 夏天 特別的記憶 聽妳勇敢的聲音 親像蟬仔聲吱吱 窗外 好天氣 希望一切攏真順利 聽妳勇敢的聲音 親像蟬仔聲吱吱 越來越古錐 不管未來妳去佗位 阿爸會一直佇遮 攏為著妳
留言（ 0 ） 最相關留言 所有留言
留言（ 0 ）",2026-08-31,,,False,False,
2026-09-20 09:13:48,realtime,urban,,,35,Ayumi,STRANGER DANGER (2023),3,208,0,https://streetvoice.com/Ayumiliow/songs/876142/,https://streetvoice.com/Ayumiliow/,"https://akstatic.streetvoice.com/song_covers/Ay/um/Ayumiliow/nEL2LnATFaCjGHoqm2KKBs.jpeg?x-oss-process=image/resize,m_fill,h_400,w_400,limit_0",images/876142.jpeg,@Ayumiliow,音樂人,,,,4,1,1,,,https://www.youtube.com/user/StreetVoiceTV,,,R&B / Soul,,,,,"這是沒有提供歌詞的歌曲
留言（ 0 ） 最相關留言 所有留言
留言（ 0 ）",2026-08-24,,編輯推薦,True,False,
2026-09-20 09:13:48,realtime,urban,,,36,LINION,LOCO POCO,30,1402,2,https://streetvoice.com/linion_linion/songs/874505/,https://streetvoice.com/linion_linion/,"https://akstatic.streetvoice.com/song_covers/li/ni/linion_linion/BeRES6VPN866dSXaQYAPUg.jpg?x-oss-process=image/resize,m_fill,h_400,w_400,limit_0",images/874505.jpg,@linion_linion,音樂人,新北市,2018-11-01,,14,5492,4,https://www.facebook.com/linionlinion,https://www.instagram.com/linion_linion,https://www.youtube.com/user/StreetVoiceTV,LINION攜手MUSA明馬丁打造單曲〈LOCO POCO〉融合R&B、拉丁節奏|||https://blow.streetvoice.com/89528/?utm_source=streetvoice&utm_medium=profile-news-block; 擁抱不完美的創作哲學 LINION新專輯《自己自己》邀金曲歌王Matzka合作|||https://blow.streetvoice.com/83709/?utm_source=streetvoice&utm_medium=profile-news-block; LINION攜新專輯《自己自己 mi casa su casa》開唱！10/19邀樂迷把台北Legacy當自己家|||https://blow.streetvoice.com/82395/?utm_source=streetvoice&utm_medium=profile-news-block,,R&B / Soul,,,,"寫這首是覺得現在世界動盪，不管如何，我想要給大家一首聽了會很快樂很開心的歌曲，希望大家聽了都可以忘掉煩惱跳跳跳跳起來🩵 〈LOCO POCO〉在西班牙文中，意指「有一點點瘋狂」。 就像走在街上與某個太過迷人的身影擦肩而過，一秒被對方的眼神勾走， 一個 MOVE、一種氣味、一個不經意的神態，都讓心跳漏拍、意識失焦， 整條街的聲音都像為了她瞬間重新編曲。 LINION 攜手阿根廷製作人 MUSA 明馬丁，將 R&B 揉進拉丁的律動， 再嵌入台灣人熟悉的 cha cha 節奏。 西班牙文、英文、中文，還有一句台語， 四種語言像街口人影自然穿行， 一句「攏是你」點破迷戀，讓人陷入瘋狂迷戀的狀態。 這是一首毫無預警淪陷在戀愛中的歌， 也是 MUSA明馬丁口中 “Música pa’l cuerpo” 為身體而生的歌曲。 聽見之前，身體已經先懂了。 被辣到，剛剛好。 
寫這首是覺得現在世界動盪，不管如何，我想要給大家一首聽了會很快樂很開心的歌曲，希望大家聽了都可以忘掉煩惱跳跳跳跳起來🩵
〈LOCO POCO〉在西班牙文中，意指「有一點點瘋狂」。 就像走在街上與某個太過迷人的身影擦肩而過，一秒被對方的眼神勾走， 一個 MOVE、一種氣味、一個不經意的神態，都讓心跳漏拍、意識失焦， 整條街的聲音都像為了她瞬間重新編曲。 LINION 攜手阿根廷製作人 MUSA 明馬丁，將 R&B 揉進拉丁的律動， 再嵌入台灣人熟悉的 cha cha 節奏。
西班牙文、英文、中文，還有一句台語， 四種語言像街口人影自然穿行， 一句「攏是你」點破迷戀，讓人陷入瘋狂迷戀的狀態。 這是一首毫無預警淪陷在戀愛中的歌， 也是 MUSA明馬丁口中 “Música pa’l cuerpo” 為身體而生的歌曲。 聽見之前，身體已經先懂了。 被辣到，剛剛好。","Loco Poco you better said Loco Poco 別想太多 Loco Poco Loco Por Ti (Bueno bueno chicos, a ver si largan el celular un poquito y le empiezan a dar bola a la música de nuevo eh, que hace falta. Hasta luego!) Look at you, classy Byredo, Indigo, Contigo, Amigo Nails click on the case Leading my heartbeat goes straight Something is wrong with me bae A little bit dizzy Sing along on the street 攏是你 攏是你 Loco Poco you better said Loco Poco 別想太多 Loco Poco Loco Por Ti Por Ti Uno dos, I think I’m lost I need a chance to play on your court Biting on the straw, sipping slow Losing control, You know I know Lil mami, just give me a sign Keep flowing and you’re so fine The way you like Slow dancing in the burning light Something is wrong with me bae A little bit dizzy Sing along on the street 攏是你 攏是你 Loco Poco you better said Loco Poco 別想太多 Loco Poco Loco Por Ti Por Ti Loco Poco you better said Loco Poco 別想太多 Loco Poco Loco Por Ti Por Ti VAMOS ( Cómo dice la canción : Muy Buena Gente, especialmente las damas. A ver si largan el celular, se miran a los ojos y empiezan a bailar un poco.) Loco Poco Estamos Todos Loco Poco 別想太多 Loco Poco Loco ASI ASI ASI Loco Poco Estamos Todos Loco Poco 別想太多 Loco Poco Loco ASI Loco Poco Estamos Todos Loco Poco 別想太多 Loco Poco Loco ASI ASI ASI Loco Poco Estamos Todos Loco Poco Estamos Todos Loco Poco Loco ASI (Muy buenas noches a todos, les agradecemos que hayan escuchado nuestro Cha-Cha. Espero que les haya servido para dejar el celular, mirarse a los ojos, y mover un poco el culo. Muchas Gracias. Hasta luego!Cha Cha Cha) 
Loco Poco you better said Loco Poco 別想太多 Loco Poco Loco Por Ti (Bueno bueno chicos, a ver si largan el celular un poquito y le empiezan a dar bola a la música de nuevo eh, que hace falta. Hasta luego!)
Look at you, classy Byredo, Indigo, Contigo, Amigo Nails click on the case Leading my heartbeat goes straight
Something is wrong with me bae A little bit dizzy Sing along on the street 攏是你 攏是你
Loco Poco you better said Loco Poco 別想太多 Loco Poco Loco Por Ti Por Ti
Uno dos, I think I’m lost I need a chance to play on your court Biting on the straw, sipping slow Losing control, You know I know Lil mami, just give me a sign Keep flowing and you’re so fine The way you like Slow dancing in the burning light
Something is wrong with me bae A little bit dizzy Sing along on the street 攏是你 攏是你
Loco Poco you better said Loco Poco 別想太多 Loco Poco Loco Por Ti Por Ti Loco Poco you better said Loco Poco 別想太多 Loco Poco Loco Por Ti Por Ti
VAMOS ( Cómo dice la canción : Muy Buena Gente, especialmente las damas. A ver si largan el celular, se miran a los ojos y empiezan a bailar un poco.)
Loco Poco Estamos Todos Loco Poco 別想太多 Loco Poco Loco ASI ASI ASI
Loco Poco Estamos Todos Loco Poco 別想太多 Loco Poco Loco ASI
Loco Poco Estamos Todos Loco Poco 別想太多 Loco Poco Loco ASI ASI ASI
Loco Poco Estamos Todos Loco Poco Estamos Todos Loco Poco Loco ASI
(Muy buenas noches a todos, les agradecemos que hayan escuchado nuestro Cha-Cha. Espero que les haya servido para dejar el celular, mirarse a los ojos, y mover un poco el culo. Muchas Gracias. Hasta luego!Cha Cha Cha)
留言（ 2 ） 最相關留言 所有留言
留言（ 2 ）",2026-08-14,,Song of the Day; 編輯推薦,True,True,
2026-09-20 09:13:48,realtime,urban,,,37,泰倫斯Terence,帶你往返地球月球,2,39,3,https://streetvoice.com/_theterence_/songs/876444/,https://streetvoice.com/_theterence_/,"https://akstatic.streetvoice.com/song_covers/_t/he/_theterence_/hNvc3LRcXUgUnqxzScDtdL.jpg?x-oss-process=image/resize,m_fill,h_400,w_400,limit_0",images/876444.jpg,@_theterence_,音樂人,,,,3,1,,,,https://www.youtube.com/user/StreetVoiceTV,,,R&B / Soul,,,,"在專輯《ACT 2: LOV/SER》中 為了進一步構建一個完整的世界觀，以「死神」作為主角，用 “LOVER/LOSER” 作為核心主題，講述一段願意為愛放下永恆、走入凡間的故事。 創作源自於「她」 提到創作靈感，Terence 表示：「I will win the world, but only lose to you.」「她」既是開始，也是結局；是留下痕跡的人，也是推動他前進的力量。這段未確定的關係令他對人生有了新的理解，他直言自己是一個好勝心強的人，習慣追求勝利，但偶爾的一句話讓他意識到另一種可能：「如果世界上只剩下你一人享受勝利，那輸或贏有分別嗎？」這段反思成為了這章節的核心主題——對世界，我想贏；但在她面前，我願意輸。不是屈服，而是一種對愛的讓步與誠實，而《帶你往返地球月球》，正是「願意輸」的第一次行動。 一份危險但無法避免的「宿命」 《帶你往返地球月球》是一份打開另一個維度的大門，亦是這隻專輯的第一章 – 禁忌的初動。故事中的「死神」第一次選擇離開本來神聖而孤獨的宇宙，踏上前往凡間的旅程。他知道這是一個危險的決定，但正因為是愛，他願意冒險，甘願放棄作為死神的一切，以一個平凡的身份經過輪迴與她邂逅。這是死神第一次接近生命、接近愛，也是《ACT 2: LOV/SER》最重要的一個轉折，從 LOVER 與 LOSER 的拉扯中，選擇輸給人性、輸給感覺、輸給她的存在，展現作為LOVER的一面。 死神首次感受到被愛 在《ACT 2: LOV/SER》的設定裡，死神的職責是「帶走」生命，這是每日都必須完成的工作。他熟悉死亡，也早已麻木。然而，當他第一次被「她」吸引，開始出現前所未有的渴望。《帶你往返地球月球》是一個願意跨越永恆與生命界線的任務，死神不是帶她離開，而是帶她往返他的星球，是一段「以死神方式跟你邂逅」的故事。 渴望、放下、走向愛 希望觀眾從歌曲中感受到：當你遇到一個讓你願意放下好勝心的人，那是一種非常值得珍惜的事情，也藉此歌重新反醒自己曾經願意為愛冒險的時刻。 
在專輯《ACT 2: LOV/SER》中 為了進一步構建一個完整的世界觀，以「死神」作為主角，用 “LOVER/LOSER” 作為核心主題，講述一段願意為愛放下永恆、走入凡間的故事。
創作源自於「她」 提到創作靈感，Terence 表示：「I will win the world, but only lose to you.」「她」既是開始，也是結局；是留下痕跡的人，也是推動他前進的力量。這段未確定的關係令他對人生有了新的理解，他直言自己是一個好勝心強的人，習慣追求勝利，但偶爾的一句話讓他意識到另一種可能：「如果世界上只剩下你一人享受勝利，那輸或贏有分別嗎？」這段反思成為了這章節的核心主題——對世界，我想贏；但在她面前，我願意輸。不是屈服，而是一種對愛的讓步與誠實，而《帶你往返地球月球》，正是「願意輸」的第一次行動。
一份危險但無法避免的「宿命」 《帶你往返地球月球》是一份打開另一個維度的大門，亦是這隻專輯的第一章 – 禁忌的初動。故事中的「死神」第一次選擇離開本來神聖而孤獨的宇宙，踏上前往凡間的旅程。他知道這是一個危險的決定，但正因為是愛，他願意冒險，甘願放棄作為死神的一切，以一個平凡的身份經過輪迴與她邂逅。這是死神第一次接近生命、接近愛，也是《ACT 2: LOV/SER》最重要的一個轉折，從 LOVER 與 LOSER 的拉扯中，選擇輸給人性、輸給感覺、輸給她的存在，展現作為LOVER的一面。
死神首次感受到被愛 在《ACT 2: LOV/SER》的設定裡，死神的職責是「帶走」生命，這是每日都必須完成的工作。他熟悉死亡，也早已麻木。然而，當他第一次被「她」吸引，開始出現前所未有的渴望。《帶你往返地球月球》是一個願意跨越永恆與生命界線的任務，死神不是帶她離開，而是帶她往返他的星球，是一段「以死神方式跟你邂逅」的故事。
渴望、放下、走向愛 希望觀眾從歌曲中感受到：當你遇到一個讓你願意放下好勝心的人，那是一種非常值得珍惜的事情，也藉此歌重新反醒自己曾經願意為愛冒險的時刻。","人為何全力奮鬥 仍難征月球北斗 情為何行近變煙一縷 動魄沒有之後 You tried to feel my love yea? I tried to show the love yea? 怎可等太久 趁現在攜手 細語若置身沙漏 點點愛都給穿透 So tell me that you’re ready, ready to Take my hand～ 帶你往返星球 向世界出走 到半彎裡駐守 Let’s Take the chance～ 乍看世間星球 能凝望星斗 那瞬間已永久 Can’t imagine if I lose you, Can’t imagine if it is not you 假使我倆共對 已穿梭滿天星河 You told me love is painful, but let me re- introduce you~ 請不要轉身撒手海葬 明明無人能及我的一顆 動魄熱熾心臟 傷的心於晚空中跌宕 拿繁星刻上你 來迴盪著對方 縱跌入兩重宇宙 也要為你尋缺口 死都不放手 至哪日榮休 You tried to feel my love yea? I tried to show the love yea? So tell me that you’re ready , you’re ready to Take my hand～ 帶你往返星球 向世界出走 到半彎裡駐守 Take your chance～ 乍看世間星球 能凝望星斗 那瞬間已永久 不想再算命 想跟你確認 Til the sun goes down, til the sun goes down 找天使約定 呼天都不應 Til the sun goes down 由得一個盡興 ～ Take my hand～ 每晚往返星球 隨緣分飛走 已愛得你太久 Take the chance～ 銀河系中漂浮 最遠處廝守 到有天帶你走 Can’t imagine if I lose you, Can’t imagine if it is not you 假使我倆共對 已穿梭滿天星河 You told me love is painful, but let me re- introduce you~ 請不要轉身撒手海葬 
人為何全力奮鬥 仍難征月球北斗 情為何行近變煙一縷 動魄沒有之後 You tried to feel my love yea? I tried to show the love yea? 怎可等太久 趁現在攜手
細語若置身沙漏 點點愛都給穿透 So tell me that you’re ready, ready to
Take my hand～ 帶你往返星球 向世界出走 到半彎裡駐守 Let’s Take the chance～ 乍看世間星球 能凝望星斗 那瞬間已永久
Can’t imagine if I lose you, Can’t imagine if it is not you 假使我倆共對 已穿梭滿天星河 You told me love is painful, but let me re- introduce you~ 請不要轉身撒手海葬
明明無人能及我的一顆 動魄熱熾心臟 傷的心於晚空中跌宕 拿繁星刻上你 來迴盪著對方
縱跌入兩重宇宙 也要為你尋缺口 死都不放手 至哪日榮休
You tried to feel my love yea? I tried to show the love yea? So tell me that you’re ready , you’re ready to
Take my hand～ 帶你往返星球 向世界出走 到半彎裡駐守 Take your chance～ 乍看世間星球 能凝望星斗 那瞬間已永久
不想再算命 想跟你確認 Til the sun goes down, til the sun goes down 找天使約定 呼天都不應 Til the sun goes down 由得一個盡興 ～
Take my hand～ 每晚往返星球 隨緣分飛走 已愛得你太久 Take the chance～ 銀河系中漂浮 最遠處廝守 到有天帶你走
Can’t imagine if I lose you, Can’t imagine if it is not you 假使我倆共對 已穿梭滿天星河 You told me love is painful, but let me re- introduce you~ 請不要轉身撒手海葬
留言（ 3 ） 最相關留言 所有留言
留言（ 3 ）",2026-08-27,,,False,False,
2026-09-20 09:13:48,realtime,urban,,,38,RitchieLeong,Paradise,2,81,1,https://streetvoice.com/RitchieLeong/songs/876626/,https://streetvoice.com/RitchieLeong/,"https://akstatic.streetvoice.com/song_covers/Ri/tc/RitchieLeong/ZvHLpvWWxAKtbiaCjnkQcf.jpeg?x-oss-process=image/resize,m_fill,h_400,w_400,limit_0",images/876626.jpeg,@RitchieLeong,音樂人,,,,2,1,,,,https://www.youtube.com/user/StreetVoiceTV,,,R&B / Soul,,,,"这首歌主要的靈感來自 韓國戀愛實境節目《Singles Inferno》。節目裡，只有成功前往 Paradise 的兩個人，才能真正分享彼此的背景與秘密。 因此，這個歌的副歌便以 “I'll tell you all about it in paradise” 作為開場。 這首融合 R&B，Hip-Hop 與華語流行元素的歌曲，描寫的是一見鍾情時的悸動，曖昧，試探，心動，以及 想 更深入 認識對方的渴望。 到了最後，Paradise 不再只是一座島，而是兩個人的承諾。承諾一起離開這座島，也承諾一起走向未來。 
这首歌主要的靈感來自 韓國戀愛實境節目《Singles Inferno》。節目裡，只有成功前往 Paradise 的兩個人，才能真正分享彼此的背景與秘密。
因此，這個歌的副歌便以 “I'll tell you all about it in paradise” 作為開場。
這首融合 R&B，Hip-Hop 與華語流行元素的歌曲，描寫的是一見鍾情時的悸動，曖昧，試探，心動，以及 想 更深入 認識對方的渴望。
到了最後，Paradise 不再只是一座島，而是兩個人的承諾。承諾一起離開這座島，也承諾一起走向未來。","Look into my eyes 難道你看不出 我對你的真心 你要就趁現在 我敢保證 你就是我 one and only, baby 你做什麼 我都覺得 是最迷人的 再看 一眼 就失去分寸 Just be my girl I'll tell you all about it in paradise 我對你的感覺不用急著猜 I'll tell you everything you wanna know just take it slow 妳想要整個宇宙 baby 你盡管開口 I'll tell you all about it in paradise 我們還有下半輩子 慢慢來 不管是對 是錯 我的愛都 死不悔改 他們都說 雙子 三分鐘熱度 見一個愛一個 我眼睛花 舌頭花 見到你时 心 卻開出花朵 自從 你的出現 我放下屠刀 就立地成佛 Tu sei bella, amore mio 別再讓我漂泊 是不是歌加了 rap 就特別朗朗上口 讓我給你溫暖 把你難過全都沒收 我的眼裡只有你 快被你的笑收購 閉上眼睛，廢話少說，今晚只管享受 你是最迷人的 Yeah I'll tell you all about it in paradise, 我對你的感覺不用急著猜 I'll tell you everything you wanna know just take it slow 妳想要整個宇宙 baby 你盡管開口 I'll tell you all about it in paradise 我們還有下半輩子 慢慢來 不管是對 是錯 我的愛都 死不悔改 I'll tell you everything you wanna know just take it slow 妳想要整個宇宙 baby 你盡管開口 I'll tell you all about it in paradise 我們還有下半輩子 慢慢來 不管是對 是錯 我的愛都 死不悔改 It's only you yeah, It's only you baby, It's only you yeah, It's only you yeah 
Look into my eyes 難道你看不出 我對你的真心 你要就趁現在 我敢保證 你就是我 one and only, baby
你做什麼 我都覺得 是最迷人的 再看 一眼 就失去分寸 Just be my girl
I'll tell you all about it in paradise 我對你的感覺不用急著猜 I'll tell you everything you wanna know just take it slow 妳想要整個宇宙 baby 你盡管開口 I'll tell you all about it in paradise 我們還有下半輩子 慢慢來 不管是對 是錯 我的愛都 死不悔改
他們都說 雙子 三分鐘熱度 見一個愛一個 我眼睛花 舌頭花 見到你时 心 卻開出花朵 自從 你的出現 我放下屠刀 就立地成佛 Tu sei bella, amore mio 別再讓我漂泊
是不是歌加了 rap 就特別朗朗上口 讓我給你溫暖 把你難過全都沒收 我的眼裡只有你 快被你的笑收購 閉上眼睛，廢話少說，今晚只管享受
你是最迷人的 Yeah
I'll tell you all about it in paradise, 我對你的感覺不用急著猜 I'll tell you everything you wanna know just take it slow 妳想要整個宇宙 baby 你盡管開口
I'll tell you all about it in paradise 我們還有下半輩子 慢慢來 不管是對 是錯 我的愛都 死不悔改
I'll tell you everything you wanna know just take it slow 妳想要整個宇宙 baby 你盡管開口
I'll tell you all about it in paradise 我們還有下半輩子 慢慢來 不管是對 是錯 我的愛都 死不悔改
It's only you yeah, It's only you baby, It's only you yeah, It's only you yeah
留言（ 1 ） 最相關留言 所有留言
留言（ 1 ）",2026-08-27,,,False,False,
2026-09-20 09:13:48,realtime,urban,,,39,JEAN,Fog,4,106,0,https://streetvoice.com/jeanja/songs/876524/,https://streetvoice.com/jeanja/,"https://akstatic.streetvoice.com/song_covers/je/an/jeanja/n7biqoFC4JYyjZbAgRtpcq.jpg?x-oss-process=image/resize,m_fill,h_400,w_400,limit_0",images/876524.jpg,@jeanja,音樂人,新竹市,2026-05-01,,4,8,4,,,https://www.youtube.com/user/StreetVoiceTV,為RM製作專輯、與NewJeans並列KMA最大贏家——韓國樂團Silica Gel來台前短訪：我們強調的「合成」，是與樂迷共同創造表演的過程！|||https://blow.streetvoice.com/76916/?utm_source=streetvoice&utm_medium=profile-news-block; 太妍、NewJeans、ROSÉ爭相翻唱 韓國傳奇搖滾樂團NELL睽違7年舉辦台灣演唱會|||https://blow.streetvoice.com/75508/?utm_source=streetvoice&utm_medium=profile-news-block; 翻唱〈夏夜晚風〉的少年長大了——「旅美臥室製作人」雷頓狗發行首張專輯《Blue Jeans》|||https://blow.streetvoice.com/74968/?utm_source=streetvoice&utm_medium=profile-news-block,,R&B / Soul,,,,,"這是沒有提供歌詞的歌曲
留言（ 0 ） 最相關留言 所有留言
留言（ 0 ）",2026-08-26,,,False,False,
2026-09-20 09:13:48,realtime,urban,,,40,李維炘,灰色鏡子,2,24,0,https://streetvoice.com/liweihsin/songs/876297/,https://streetvoice.com/liweihsin/,"https://akstatic.streetvoice.com/song_covers/li/we/liweihsin/2TxRzECx3DtLDhf2PWoae8.jpeg?x-oss-process=image/resize,m_fill,h_400,w_400,limit_0",images/876297.jpeg,@liweihsin,音樂人,新北市,2016-02-01,,5,5,,,,https://www.youtube.com/user/StreetVoiceTV,114年流行音樂製作發行補助案 「創作新聲類」獲補助名單公布|||https://blow.streetvoice.com/81788/?utm_source=streetvoice&utm_medium=profile-news-block,,Jazz,起點,https://streetvoice.com/liweihsin/songs/album/97325954/,Sujong Park 朴秀鐘,"2023 因為寫了白色檯燈，旁邊放著灰色鏡子就順手寫了。 
2023 因為寫了白色檯燈，旁邊放著灰色鏡子就順手寫了。","這是沒有提供歌詞的歌曲
留言（ 0 ） 最相關留言 所有留言
留言（ 0 ）",2026-08-25,,,False,False,
2026-09-20 09:13:48,realtime,urban,,,41,海雅谷慕地下頭目(((張震嶽))),普通日子demo,864,42878,106,https://streetvoice.com/orangechang/songs/752989/,https://streetvoice.com/orangechang/,"https://akstatic.streetvoice.com/song_covers/or/an/orangechang/MTmvcc2wqfvC6Raa4VRciW.png?x-oss-process=image/resize,m_fill,h_400,w_400,limit_0",images/752989.png,@orangechang,音樂人,基隆市,2006-02-01,,20,26268,36,,,https://www.youtube.com/user/StreetVoiceTV,【StreetVoice新歌週報】黃宇寒睽違一年半發新作 打倒三明治首張專輯上線|||https://blow.streetvoice.com/55934/?utm_source=streetvoice&utm_medium=profile-news-block; 【StreetVoice新歌週報】老破麻騎二行程甩掉煩惱 張震嶽連發demo好評不斷|||https://blow.streetvoice.com/55028/?utm_source=streetvoice&utm_medium=profile-news-block,,Jazz,,,,"就覺得這旋律適合英文 但英文又爛 只能借助谷歌翻譯 哈哈哈啊 幹 轉調那邊想到腦漿快流光光了 
就覺得這旋律適合英文 但英文又爛 只能借助谷歌翻譯 哈哈哈啊 幹
轉調那邊想到腦漿快流光光了","I'm really bad now 我現在真的很糟糕 no way to escape now 現在無路可逃 Looking forward to seeing the rainbow 期待看到彩虹 Just dark clouds and rain 只有烏雲和雨 I want to comfort you 我想安慰你 Why do I cry louder than you? 為什麼我哭得比你還大聲？ I  want to pretend to be cool 我想裝酷 But I look like a fool 但我看起來像個傻瓜 Leaving is still the best way 離開還是最好的方法 Disappearing is  a good way 消失也是好方法 普通的日子怎麼過得好累 普通的日子沒有劇情可言 How to take a step forward 該如何往前一步 I know you are always there 我知道你一直都在 But I will still be lonely  onely 但我還是會寂寞 this world 這世界 Too false 太假 
I'm really bad now 我現在真的很糟糕
no way to escape now 現在無路可逃
Looking forward to seeing the rainbow 期待看到彩虹
Just dark clouds and rain 只有烏雲和雨
I want to comfort you 我想安慰你
Why do I cry louder than you? 為什麼我哭得比你還大聲？
I  want to pretend to be cool 我想裝酷
But I look like a fool 但我看起來像個傻瓜
Leaving is still the best way 離開還是最好的方法
Disappearing is  a good way 消失也是好方法
普通的日子怎麼過得好累
普通的日子沒有劇情可言
How to take a step forward 該如何往前一步
I know you are always there 我知道你一直都在
But I will still be lonely  onely 但我還是會寂寞
this world 這世界 Too false 太假
留言（ 106 ） 最相關留言 所有留言
留言（ 106 ）",2023-11-30,,Song of the Day; 週排行冠軍歌曲; 編輯推薦,True,True,
2026-09-20 09:13:48,realtime,urban,,,42,LINION,Tears in Water(a tucu saqemauqaung aken)feat.Kivi,230,13886,7,https://streetvoice.com/linion_linion/songs/770815/,https://streetvoice.com/linion_linion/,"https://akstatic.streetvoice.com/song_covers/li/ni/linion_linion/ExVvoUB6FdeiTCroJA9Shq.jpg?x-oss-process=image/resize,m_fill,h_400,w_400,limit_0",images/770815.jpg,@linion_linion,音樂人,新北市,2018-11-01,,14,5492,4,https://www.facebook.com/linionlinion,https://www.instagram.com/linion_linion,https://www.youtube.com/user/StreetVoiceTV,LINION攜手MUSA明馬丁打造單曲〈LOCO POCO〉融合R&B、拉丁節奏|||https://blow.streetvoice.com/89528/?utm_source=streetvoice&utm_medium=profile-news-block; 擁抱不完美的創作哲學 LINION新專輯《自己自己》邀金曲歌王Matzka合作|||https://blow.streetvoice.com/83709/?utm_source=streetvoice&utm_medium=profile-news-block; LINION攜新專輯《自己自己 mi casa su casa》開唱！10/19邀樂迷把台北Legacy當自己家|||https://blow.streetvoice.com/82395/?utm_source=streetvoice&utm_medium=profile-news-block,,R&B / Soul,,,,"Tears in Water 單曲介紹 ・靈性男子LINION 攜手金曲排灣族歌姬女伶Kivi，共創 2024 最撫慰人心的新靈魂單曲〈Tears in Water〉 ・再度邀請到知名國際R&B/Neo-Soul御用鼓手Efa Etoroma, Jr. 來施展鼓技，以及新一代鬼才鍵盤手Edelyn 一同參與錄音製作 ・〈 Tears in Water〉融合排灣族語和當代Neo-Soul及Gospel 曲風，節奏輕柔且充滿力量，是一場心靈的洗禮，如被水溫柔的包覆將情感大釋放 -- 「a tucu saqemauqaung aken」這句話是排灣族語，意思是我現在想哭。 LINION以男性角度出發詮釋，很多時候「直男」很難開口說出自己想哭，會因為男性的自尊而忽略自己的情緒，本次透過與排灣族女歌手Kivi的合作，首度挑戰使用排灣族語「a tucu saqemauqaung aken」這句話，唱出並吶喊著自身想哭的情緒，不再因為面子問題而壓抑。或許乍聽之下很難過，但更重要的是，將情緒訴諸吶喊後留下的空白，迎接而來的舒暢及喜悅。 而來自那屋瓦少女隊的排灣族女歌手Kivi，如黑馬之姿在第34屆金曲獎，以首張專輯《分水嶺Padiyudr》強勢入圍《最佳原住民語歌手獎》、《最佳原住民語專輯獎》、《年度專輯獎》，聲線清亮且靈魂飽滿，在她的歌聲之間悠遊有如滴水穿石般，每每聽到Kivi的歌聲都會被治癒及釋放。2023年於第三張專輯《HIDEOUT》透露自己的靈魂動物是「黑豹」的LINION，像是帶著隱隱作痛的傷，誤闖入了Kivi的部落，本以為對方會被自己強悍的外表而嚇跑，但反而被Kivi溫柔且包容的對待，靈魂也被溫暖的擁抱及接住，像是被浩瀚的水所包覆，得以在這樣有安全感的水中放聲大哭、吶喊出自己的情緒，像在海裡面發出聲音，並不會被很多人聽到，同時也將自己體內的淚水恣意哭出，傾瀉流入廣大的海川。從歌名〈Tears in Water〉帶入故事主軸，LINION想用這樣的故事，分享給所有想哭但是哭不出來的聽眾們，大膽的說出「a tucu saqemauqaung aken」就把自己的靈魂給釋放吧。 這首歌以LINION擅長的曲風Neo-Soul、主樂器Bass 注入滿滿地Groovy律動及Gospel的人聲和音編曲，充分在laid back的空間流竄著自然的呼吸與靈魂，以他溫暖且具質地的聲線，疊加Kivi清亮亦富含靈魂且治癒的天生嗓音，畫龍點睛的將這首歌給完整，節奏感令人不自覺跟著晃動，一回神發現自己的身體已經被靈魂牽引自然律動，不用思考。 歌手兼音樂製作人LINION，自第二張專輯《Leisurely》獲得各界好評後，睽違三年再度邀請到知名國際R&B Neo-Soul音樂人 Moonchild / Kiefer/ Jeff Bernat/J3PO 等御用鼓手Efa Etoroma, Jr. 來施展鼓技，以及新一代鬼才鍵盤手Edelyn 一同參與錄音製作，擅長Jazz、Neo-soul、Hip Hop的他，在短短的時間內就將這首歌的畫面提升到更為華麗且細膩的層次，be water my friend。 Tears in Water_Credit 製作人Producer：LINION 作曲 Composer： LINION / Kivi 作詞 Lyricist：LINION / Kivi 編曲Arranger：LINION 和聲編寫 BV Arranger：LINION / Kivi / 排灣壘哈吶 吉他Guitar：LINION 貝斯Bass：LINION 電鋼琴 Electric Piano：黃懷萱 Edelyn 合成器 Synthesizer：黃懷萱 Edelyn 主要錄音師 Main Recording Engineer：LINION 主要錄音室 Main Recording Studio：B.P. Lin Studio 鼓Drums：Efa Etoroma, Jr. 鼓錄音師 Drums Recording Engineer：Efa Etoroma, Jr. 人聲編輯 Vocal Editing：沈冠霖 SHENB 混音師 Mixing Engineer：莊鈞智Thomas Chuang 混音室 Mixing Studio：完美聲音Perfect Sound Studio 母帶後期處理工程師 Mastering Engineer：莊鈞智Thomas Chuang 母帶後期處理工作室 Mastering Studio：完美聲音Perfect Sound Studio 南排灣語協力：Kuljelje Turivuan 丁繼 
Tears in Water 單曲介紹
・靈性男子LINION 攜手金曲排灣族歌姬女伶Kivi，共創 2024 最撫慰人心的新靈魂單曲〈Tears in Water〉
・再度邀請到知名國際R&B/Neo-Soul御用鼓手Efa Etoroma, Jr. 來施展鼓技，以及新一代鬼才鍵盤手Edelyn 一同參與錄音製作
・〈 Tears in Water〉融合排灣族語和當代Neo-Soul及Gospel 曲風，節奏輕柔且充滿力量，是一場心靈的洗禮，如被水溫柔的包覆將情感大釋放
--
「a tucu saqemauqaung aken」這句話是排灣族語，意思是我現在想哭。
LINION以男性角度出發詮釋，很多時候「直男」很難開口說出自己想哭，會因為男性的自尊而忽略自己的情緒，本次透過與排灣族女歌手Kivi的合作，首度挑戰使用排灣族語「a tucu saqemauqaung aken」這句話，唱出並吶喊著自身想哭的情緒，不再因為面子問題而壓抑。或許乍聽之下很難過，但更重要的是，將情緒訴諸吶喊後留下的空白，迎接而來的舒暢及喜悅。
而來自那屋瓦少女隊的排灣族女歌手Kivi，如黑馬之姿在第34屆金曲獎，以首張專輯《分水嶺Padiyudr》強勢入圍《最佳原住民語歌手獎》、《最佳原住民語專輯獎》、《年度專輯獎》，聲線清亮且靈魂飽滿，在她的歌聲之間悠遊有如滴水穿石般，每每聽到Kivi的歌聲都會被治癒及釋放。2023年於第三張專輯《HIDEOUT》透露自己的靈魂動物是「黑豹」的LINION，像是帶著隱隱作痛的傷，誤闖入了Kivi的部落，本以為對方會被自己強悍的外表而嚇跑，但反而被Kivi溫柔且包容的對待，靈魂也被溫暖的擁抱及接住，像是被浩瀚的水所包覆，得以在這樣有安全感的水中放聲大哭、吶喊出自己的情緒，像在海裡面發出聲音，並不會被很多人聽到，同時也將自己體內的淚水恣意哭出，傾瀉流入廣大的海川。從歌名〈Tears in Water〉帶入故事主軸，LINION想用這樣的故事，分享給所有想哭但是哭不出來的聽眾們，大膽的說出「a tucu saqemauqaung aken」就把自己的靈魂給釋放吧。
這首歌以LINION擅長的曲風Neo-Soul、主樂器Bass 注入滿滿地Groovy律動及Gospel的人聲和音編曲，充分在laid back的空間流竄著自然的呼吸與靈魂，以他溫暖且具質地的聲線，疊加Kivi清亮亦富含靈魂且治癒的天生嗓音，畫龍點睛的將這首歌給完整，節奏感令人不自覺跟著晃動，一回神發現自己的身體已經被靈魂牽引自然律動，不用思考。
歌手兼音樂製作人LINION，自第二張專輯《Leisurely》獲得各界好評後，睽違三年再度邀請到知名國際R&B Neo-Soul音樂人 Moonchild / Kiefer/ Jeff Bernat/J3PO 等御用鼓手Efa Etoroma, Jr. 來施展鼓技，以及新一代鬼才鍵盤手Edelyn 一同參與錄音製作，擅長Jazz、Neo-soul、Hip Hop的他，在短短的時間內就將這首歌的畫面提升到更為華麗且細膩的層次，be water my friend。
Tears in Water_Credit
製作人Producer：LINION 作曲 Composer： LINION / Kivi 作詞 Lyricist：LINION / Kivi 編曲Arranger：LINION 和聲編寫 BV Arranger：LINION / Kivi / 排灣壘哈吶 吉他Guitar：LINION 貝斯Bass：LINION 電鋼琴 Electric Piano：黃懷萱 Edelyn 合成器 Synthesizer：黃懷萱 Edelyn 主要錄音師 Main Recording Engineer：LINION 主要錄音室 Main Recording Studio：B.P. Lin Studio 鼓Drums：Efa Etoroma, Jr. 鼓錄音師 Drums Recording Engineer：Efa Etoroma, Jr. 人聲編輯 Vocal Editing：沈冠霖 SHENB 混音師 Mixing Engineer：莊鈞智Thomas Chuang 混音室 Mixing Studio：完美聲音Perfect Sound Studio 母帶後期處理工程師 Mastering Engineer：莊鈞智Thomas Chuang 母帶後期處理工作室 Mastering Studio：完美聲音Perfect Sound Studio 南排灣語協力：Kuljelje Turivuan 丁繼","Tears in Water_Lyrics a tucu saqemauqaung aken a tucu saqemauqaung aken a tucu saqemauqaung aken 我只想要一直哭一直哭 a tucu 總之 這是所有的故事 有多少悔恨都已經無法回頭 也是 我想你也是 擺在心深處的刺 終究無法輕視 我執 相識卻成迷思 如男人一樣固執 其實只需說幾個字 解釋 你有你的堅持 oh 太遲 已經太遲 怪自己遲鈍的像個傻子 a tucu saqemauqaung aken a tucu saqemauqaung aken a tucu saqemauqaung aken 我只想要一直哭一直哭 a tucu 嘗試 優秀到無法忽視 有多少故事都是我小小的本事 其次 這也只是其次 藏在腦海裏的詞 早已全都消失 不知 旋律近在咫尺 陌生的像不曾相識 是寫不出歌的事實 解釋 我有我的堅持 oh 太遲 已經太遲 笑自己堅持地像個白痴 a tucu saqemauqaung aken a tucu saqemauqaung aken a tucu saqemauqaung aken 我只想要一直哭一直哭 a tucu a tucu saqemauqaung aken a tucu saqemauqaung aken a tucu saqemauqaung aken 我只想要一直哭一直哭 a tucu 
Tears in Water_Lyrics
a tucu saqemauqaung aken a tucu saqemauqaung aken a tucu saqemauqaung aken 我只想要一直哭一直哭 a tucu
總之 這是所有的故事 有多少悔恨都已經無法回頭 也是 我想你也是 擺在心深處的刺 終究無法輕視 我執 相識卻成迷思 如男人一樣固執 其實只需說幾個字 解釋 你有你的堅持 oh 太遲 已經太遲 怪自己遲鈍的像個傻子
a tucu saqemauqaung aken a tucu saqemauqaung aken a tucu saqemauqaung aken 我只想要一直哭一直哭 a tucu
嘗試 優秀到無法忽視 有多少故事都是我小小的本事 其次 這也只是其次 藏在腦海裏的詞 早已全都消失 不知 旋律近在咫尺 陌生的像不曾相識 是寫不出歌的事實 解釋 我有我的堅持 oh 太遲 已經太遲 笑自己堅持地像個白痴
a tucu saqemauqaung aken a tucu saqemauqaung aken a tucu saqemauqaung aken 我只想要一直哭一直哭 a tucu a tucu saqemauqaung aken a tucu saqemauqaung aken a tucu saqemauqaung aken 我只想要一直哭一直哭 a tucu
留言（ 7 ） 最相關留言 所有留言
留言（ 7 ）",2024-05-13,,Song of the Day; 達人推薦; 編輯推薦,True,True,https://streetvoice.com/linion_linion/songs/770815/critic_reviews/
2026-09-20 09:13:48,realtime,urban,,,43,林禾 LH,清醒時候 Awake,6,113,1,https://streetvoice.com/hank830614/songs/871364/,https://streetvoice.com/hank830614/,"https://akstatic.streetvoice.com/song_covers/ha/nk/hank830614/RsUnMM2kWtko2p4mgJ3Bnp.jpeg?x-oss-process=image/resize,m_fill,h_400,w_400,limit_0",images/871364.jpeg,@hank830614,音樂人,台中市,2015-12-01,2023-03-14 11:35,18,422,5,https://www.facebook.com/hanklin0614,https://www.instagram.com/hanklin0614/,https://www.youtube.com/channel/UCWqj7ykufhkxTNWUYAJUHcw,,,R&B / Soul,,,,"作為 Sensual Tempo 感性節奏 系列的第八篇章，林禾的〈清醒時候〉接續了前作〈玩火〉的代價——當狂熱的夜色退去，餘燼過後的冷冽現實隨之鋪天蓋地而來。 這不是一首撕心裂肺的挽歌，而是一場緩慢且窒息的自我收拾。歌詞從「窗簾沒拉，陽光卻進不來」展開，寫盡了狂歡後的戒斷症狀：手機不再響起的安靜、冷掉咖啡的苦澀，以及那些滲透進生活細節、比回憶更固執的習慣。白天沒有讓人變得堅強，反而讓失去變得無所遁形。 林禾以極具渲染力的聲線，唱出「影子還在原地，靈魂卻沒歸位」的游離感。他不再辯解，也不責怪離開，只在「清醒的時候」坦承自己的脆弱與留戀。這是一首寫給所有在熱烈後獨自承受餘震的人，最溫柔也最殘忍的告別自白。 - 作詞 Lyricist：林耕禾 Hank Lin 作曲 Composer：林耕禾 Hank Lin 製作人 Producer：林耕禾 Hank Lin 混音師 Mixing Engineer：林耕禾 Hank Lin 母帶後期處理工程師 Mastering Engineer：林耕禾 Hank Lin 
作為 Sensual Tempo 感性節奏 系列的第八篇章，林禾的〈清醒時候〉接續了前作〈玩火〉的代價——當狂熱的夜色退去，餘燼過後的冷冽現實隨之鋪天蓋地而來。
這不是一首撕心裂肺的挽歌，而是一場緩慢且窒息的自我收拾。歌詞從「窗簾沒拉，陽光卻進不來」展開，寫盡了狂歡後的戒斷症狀：手機不再響起的安靜、冷掉咖啡的苦澀，以及那些滲透進生活細節、比回憶更固執的習慣。白天沒有讓人變得堅強，反而讓失去變得無所遁形。
林禾以極具渲染力的聲線，唱出「影子還在原地，靈魂卻沒歸位」的游離感。他不再辯解，也不責怪離開，只在「清醒的時候」坦承自己的脆弱與留戀。這是一首寫給所有在熱烈後獨自承受餘震的人，最溫柔也最殘忍的告別自白。 - 作詞 Lyricist：林耕禾 Hank Lin 作曲 Composer：林耕禾 Hank Lin
製作人 Producer：林耕禾 Hank Lin 混音師 Mixing Engineer：林耕禾 Hank Lin 母帶後期處理工程師 Mastering Engineer：林耕禾 Hank Lin","窗簾沒拉 陽光卻進不來 你離開後 白天反而更難挨 街上的人 笑得很自然 我在人群裡 練習不想你這件事 手機亮著卻沒人找我 原來空無一人也會這麼吵 在我清醒的時候才發現你走得多遠 夢裡還牽著你醒來只剩空位 我以為白天 比較不容易碎 在我清醒的時候才發現路還要多遠 影子還在原地靈魂卻沒歸位 我以為忙碌 會比較容易醉 咖啡放涼苦得很誠實 你留下的習慣比回憶更固執 同一條路走過幾百遍 每個轉角都差點把你遇見 在我清醒的時候才發現你走得多遠 夢裡還牽著你醒來只剩空位 我以為白天 比較不容易碎 在我清醒的時候才發現路還要多遠 影子還在原地靈魂卻沒歸位 我以為忙碌 會比較容易醉 如果忘記需要時間 那我願意慢一點 至少現在我還能誠實想念 不怪你走 也不怪我留戀 只是愛沒有教我們 怎麼安全道別 在我清醒的時候才發現你走得多遠 夢裡還牽著你醒來只剩空位 我以為白天 比較不容易碎 在我清醒的時候才發現路還要多遠 影子還在原地靈魂卻沒歸位 我以為忙碌 會比較容易醉 (在我清醒的時候) (才發現你已走得多遠) (在我清醒的時候) (夢裡還牽著你醒來只剩空位) (在我清醒的時候) (我以為白天 比較不容易碎) 
窗簾沒拉 陽光卻進不來 你離開後 白天反而更難挨 街上的人 笑得很自然 我在人群裡 練習不想你這件事
手機亮著卻沒人找我 原來空無一人也會這麼吵
在我清醒的時候才發現你走得多遠 夢裡還牽著你醒來只剩空位 我以為白天 比較不容易碎
在我清醒的時候才發現路還要多遠 影子還在原地靈魂卻沒歸位 我以為忙碌 會比較容易醉
咖啡放涼苦得很誠實 你留下的習慣比回憶更固執 同一條路走過幾百遍 每個轉角都差點把你遇見
在我清醒的時候才發現你走得多遠 夢裡還牽著你醒來只剩空位 我以為白天 比較不容易碎
在我清醒的時候才發現路還要多遠 影子還在原地靈魂卻沒歸位 我以為忙碌 會比較容易醉
如果忘記需要時間 那我願意慢一點 至少現在我還能誠實想念
不怪你走 也不怪我留戀 只是愛沒有教我們 怎麼安全道別
在我清醒的時候才發現你走得多遠 夢裡還牽著你醒來只剩空位 我以為白天 比較不容易碎
在我清醒的時候才發現路還要多遠 影子還在原地靈魂卻沒歸位 我以為忙碌 會比較容易醉
(在我清醒的時候) (才發現你已走得多遠) (在我清醒的時候) (夢裡還牽著你醒來只剩空位) (在我清醒的時候) (我以為白天 比較不容易碎)
留言（ 1 ） 最相關留言 所有留言
留言（ 1 ）",2026-08-16,,編輯推薦,True,False,
2026-09-20 09:13:48,realtime,urban,,,44,阿蘭 AC,漫漫長夜,67,4568,19,https://streetvoice.com/alanchou12345/songs/867797/,https://streetvoice.com/alanchou12345/,"https://akstatic.streetvoice.com/song_covers/al/an/alanchou12345/Y4nZTaRGQvJAdXdvTGKcmr.jpeg?x-oss-process=image/resize,m_fill,h_400,w_400,limit_0",images/867797.jpeg,@alanchou12345,音樂人,新北市,2019-03-01,2023-01-30 10:32,13,3818,,https://www.facebook.com/profile.php?id=100063938225158,https://www.instagram.com/ac___47/,https://www.youtube.com/@ac47yt,阿蘭AC釋出R&B情歌〈扛不住〉MV Intro取樣李奧納多吵架對手戲|||https://blow.streetvoice.com/65575/?utm_source=streetvoice&utm_medium=profile-news-block; 前「唐貓」主唱阿蘭AC年底發行個人專輯 《GREENHOUSE》與鍾濰宇共同製作|||https://blow.streetvoice.com/64914/?utm_source=streetvoice&utm_medium=profile-news-block; LINION發行新曲〈Holiday Only〉 9m88、黃宣、阿蘭AC、宋柏緯等明星組合唱隊助陣|||https://blow.streetvoice.com/58586/?utm_source=streetvoice&utm_medium=profile-news-block,,R&B / Soul,,,,"有沒有一種愛， 讓你願意跨越所有距離與考驗？ 「就算這世界對我針鋒相對，風再大、天再黑，我也不撤退。」 獻給每一個在深夜裡依然相信愛的所有存在， 〈漫漫長夜〉，蔓延日夜。 
有沒有一種愛， 讓你願意跨越所有距離與考驗？
「就算這世界對我針鋒相對，風再大、天再黑，我也不撤退。」
獻給每一個在深夜裡依然相信愛的所有存在，
〈漫漫長夜〉，蔓延日夜。","時間停止瞬間 別說話讓我收藏有關於你的一切 思緒像微風 在你身邊盤旋 不需言語我了解 總在夜深人靜 腦袋不自覺浮現你最美的笑臉 牽起我的手 趁夜沒發現 再讓我更靠近你一些些 在這漫漫長夜 讓我守護你身邊 day by day 把所有想像都實現 閉上你雙眼 你的愛我來擁有 漫漫長夜 讓我照亮你 每一天每一夜 我會在身邊 不要再懷疑 不要再後退 我只為你眷戀 就算這世界 對我針鋒相對 風再大 天再黑 我也不撤退 沒有誰能改變 我的心 讓愛蔓延在漫漫長夜 總在夜深人靜 腦袋不自覺浮現你最美的笑臉 牽起我的手 趁夜沒發現 再讓我更靠近你一些些 (靠近一些些) 在這漫漫長夜 讓我守護你身邊 day by day 把所有想像都實現 閉上你雙眼 (Oh babe) 你的愛我來擁有 漫漫長夜 讓我照亮你 每一天每一夜 我會在身邊 不要再懷疑 不要再後退 我只為你眷戀 就算這世界 對我針鋒相對 風再大 天再黑 我也不撤退 沒有誰能改變 我的心 讓愛蔓延在漫漫長夜 漫漫長夜 day by day 漫漫長夜 day by day 讓愛在漫漫長夜 
時間停止瞬間 別說話讓我收藏有關於你的一切 思緒像微風 在你身邊盤旋 不需言語我了解
總在夜深人靜 腦袋不自覺浮現你最美的笑臉 牽起我的手 趁夜沒發現 再讓我更靠近你一些些
在這漫漫長夜 讓我守護你身邊 day by day 把所有想像都實現 閉上你雙眼 你的愛我來擁有
漫漫長夜 讓我照亮你 每一天每一夜 我會在身邊 不要再懷疑 不要再後退 我只為你眷戀
就算這世界 對我針鋒相對 風再大 天再黑 我也不撤退 沒有誰能改變 我的心 讓愛蔓延在漫漫長夜
總在夜深人靜 腦袋不自覺浮現你最美的笑臉 牽起我的手 趁夜沒發現 再讓我更靠近你一些些 (靠近一些些)
在這漫漫長夜 讓我守護你身邊 day by day 把所有想像都實現 閉上你雙眼 (Oh babe) 你的愛我來擁有
漫漫長夜 讓我照亮你 每一天每一夜 我會在身邊 不要再懷疑 不要再後退 我只為你眷戀
就算這世界 對我針鋒相對 風再大 天再黑 我也不撤退 沒有誰能改變 我的心 讓愛蔓延在漫漫長夜
漫漫長夜 day by day 漫漫長夜 day by day 讓愛在漫漫長夜
留言（ 19 ） 最相關留言 所有留言
留言（ 19 ）",2026-07-06,,Song of the Day; 週排行冠軍; 達人推薦; 編輯推薦,True,True,https://streetvoice.com/alanchou12345/songs/867797/critic_reviews/
2026-09-20 09:13:48,realtime,urban,,,45,青井,قؤ┤فê░µêّuntil I,11413,466685,368,https://streetvoice.com/cityronin/songs/644359/,https://streetvoice.com/cityronin/,"https://akstatic.streetvoice.com/song_covers/ci/ty/cityronin/D4szHBwfj67sMaL4xs8Xv7.jpeg?x-oss-process=image/resize,m_fill,h_400,w_400,limit_0",images/644359.jpeg,@cityronin,音樂人,其他,2018-09-01,2021-05-20 15:42,9,6537,,,https://instagram.com/cityronin,https://youtube.com/c/CityRonin%E5%9F%8E%E5%B8%82%E6%B5%AA%E4%BA%BA,【吹專訪】直到我，被聽見：青井|||https://blow.streetvoice.com/58996/?utm_source=streetvoice&utm_medium=profile-news-block; 創作新人青井釋出街聲霸榜單曲〈直到我〉 全新浪漫版獻給孤獨者|||https://blow.streetvoice.com/58538/?utm_source=streetvoice&utm_medium=profile-news-block; 【StreetVoice新歌週報】青井、廖文強新曲攻榜 街聲畢業歌徵選開跑|||https://blow.streetvoice.com/54736/?utm_source=streetvoice&utm_medium=profile-news-block,,R&B / Soul,,,,,,,,Song of the Day; ل▒µْكةîفبك╗µصîµؤ▓; ق╖ذك╝»µذكûخ,False,True,
2026-09-20 09:13:48,realtime,urban,,,46,野巢,Moons,66,5072,4,https://streetvoice.com/yaseinosu/songs/763272/,https://streetvoice.com/yaseinosu/,"https://akstatic.streetvoice.com/music_albums/ya/se/yaseinosu/WuJjDq9nEzm5KuFBYbf5CZ.jpeg?x-oss-process=image/resize,m_fill,h_400,w_400,limit_0",images/763272.jpeg,@yaseinosu,音樂人,台北市,2022-08-01,2023-06-13 16:24,13,386,14,https://www.facebook.com/yaseinosu/,,https://www.youtube.com/@yaseinosu,【吹特企】用一台即可拍，以野巢視角重返秋OUT之夜|||https://blow.streetvoice.com/84264/?utm_source=streetvoice&utm_medium=profile-news-block; 【吹專訪】野巢是一張沒有框架的畫布（塗出去也沒關係）——越洋連線野巢Nosu：「寫自己的生活就是寫台灣。」|||https://blow.streetvoice.com/83446/?utm_source=streetvoice&utm_medium=profile-news-block; The Wall自發新企劃「地下光源」 憂憂Yō-Yō、台北夜遊、Yaseinosu野巢參演|||https://blow.streetvoice.com/75739/?utm_source=streetvoice&utm_medium=profile-news-block,,R&B / Soul,Turntable in the lift,https://streetvoice.com/yaseinosu/songs/album/97324200/,,,"I see the moon light I see the moon In the dark night Just the moonlight I’m asking somehow Don’t know Where are you now Where are you now Where are you now Where are you now 不知道該從何開始計算 我是不是該先準備答案 等你們一問 這太常發生 只是那真的 有那麼重要嗎 我不知道該從哪裡開始 說不出答案的人就錯了 是我不夠重視 是我不夠重視 I'm asking the moonlight In some of the dark night I'm asking somehow Where are you now Where are you now Where are you now Where are you I love you 
I see the moon light I see the moon
In the dark night Just the moonlight I’m asking somehow Don’t know Where are you now Where are you now Where are you now Where are you now
不知道該從何開始計算 我是不是該先準備答案 等你們一問 這太常發生 只是那真的 有那麼重要嗎
我不知道該從哪裡開始 說不出答案的人就錯了 是我不夠重視 是我不夠重視
I'm asking the moonlight In some of the dark night I'm asking somehow Where are you now Where are you now Where are you now Where are you I love you
留言（ 4 ） 最相關留言 所有留言
留言（ 4 ）",2024-03-12,,Song of the Day; 編輯推薦,True,True,
2026-09-20 09:13:48,realtime,urban,,,47,9m88,九頭身日奈,3103,74929,56,https://streetvoice.com/9m88baba/songs/493012/,https://streetvoice.com/9m88baba/,"https://akstatic.streetvoice.com/song_covers/9m/88/9m88baba/uaQt27Ek3TSXAUKbQhffgn.jpg?x-oss-process=image/resize,m_fill,h_400,w_400,limit_0",images/493012.jpg,@9m88baba,音樂人,基隆市,2017-06-01,,2,11750,9,https://www.facebook.com/9m88baba,https://www.instagram.com/9m88/,https://www.youtube.com/c/9m88baba,「Taiwanese Waves」十週年重返紐約中央公園 9m88、YELLOW黃宣、ØZI領軍開唱|||https://blow.streetvoice.com/90012/?utm_source=streetvoice&utm_medium=profile-news-block; 2026 Taiwanese Waves迎來十週年 9m88、黃宣、ØZI組限定團登陸紐約|||https://blow.streetvoice.com/88659/?utm_source=streetvoice&utm_medium=profile-news-block; 9m88推出新作〈我只想唱歌給你聽〉迎接出道十週年|||https://blow.streetvoice.com/87662/?utm_source=streetvoice&utm_medium=profile-news-block,,R&B / Soul,,,,"Sid and Geri x 9m88- 九頭身日奈 編曲/歌詞- 9m88 Beat- sampled from DJ Mitsu The Beats <3 
Sid and Geri x 9m88- 九頭身日奈 編曲/歌詞- 9m88 Beat- sampled from DJ Mitsu The Beats <3","九頭身日奈 不想和你Say goodnight 九頭身日奈 她讓我心跳加快 九頭身日奈 妳的心要我怎麼猜 望著妳們背影 Naruto般的夢境 分不清黑與白 都是荷爾蒙在作怪 她們曾有九頭身的稱號 觀眾都拍手叫好 想要握手 想要擁抱 都需要等待叫號 123456789 一點都不奇怪 WHY 1 Tracy愛兜風遛狗 炫耀她的行頭 2 Linda是她小嘍囉 羨慕嫉妒都藏著不說 3 Catherine神經兮兮 怕世界末日會來臨 4、5 B and J是友達以上 戀人未滿 6 Victoria的秘密沒人知道 廉價香水散發 愛的訊號 7 Joanne她唱爵士樂卻沒有紅 只好去賣大腳桶 8 Lisa有一點辣薩 衛生棉亂丟都無關痛癢 9 Janet只想要一點愛 上Tinder卻沒人Like 九頭身日奈 我知道生活很無耐 人生不是喝喝飲料就能爽快 九頭身日奈 當膠原蛋白已不在 誰還把妳們當成寶在掌上轉 So I know there's so many of you Who are appealing and disgusting too Who can stay here and still be true So I know there's so many of you Who are appealing and disgusting too Who can stay here and still be true 123456789 一點都不奇怪 WHY 她們是九頭身日奈 123456789 一點都不奇怪 WHY 她們是九頭身日奈 
九頭身日奈 不想和你Say goodnight 九頭身日奈 她讓我心跳加快
九頭身日奈 妳的心要我怎麼猜 望著妳們背影 Naruto般的夢境 分不清黑與白 都是荷爾蒙在作怪 她們曾有九頭身的稱號 觀眾都拍手叫好 想要握手 想要擁抱 都需要等待叫號 123456789 一點都不奇怪 WHY
1 Tracy愛兜風遛狗 炫耀她的行頭 2 Linda是她小嘍囉 羨慕嫉妒都藏著不說 3 Catherine神經兮兮 怕世界末日會來臨 4、5 B and J是友達以上 戀人未滿 6 Victoria的秘密沒人知道 廉價香水散發 愛的訊號 7 Joanne她唱爵士樂卻沒有紅 只好去賣大腳桶 8 Lisa有一點辣薩 衛生棉亂丟都無關痛癢 9 Janet只想要一點愛 上Tinder卻沒人Like
九頭身日奈 我知道生活很無耐 人生不是喝喝飲料就能爽快 九頭身日奈 當膠原蛋白已不在 誰還把妳們當成寶在掌上轉 So I know there's so many of you Who are appealing and disgusting too Who can stay here and still be true So I know there's so many of you Who are appealing and disgusting too Who can stay here and still be true
123456789 一點都不奇怪 WHY 她們是九頭身日奈 123456789 一點都不奇怪 WHY 她們是九頭身日奈
留言（ 56 ） 最相關留言 所有留言
留言（ 56 ）",2017-06-15,,Song of the Day; 週排行冠軍歌曲; 達人推薦; 編輯推薦,True,True,https://streetvoice.com/9m88baba/songs/493012/critic_reviews/
2026-09-20 09:13:48,realtime,urban,,,48,YELLOW,怪天氣 feat. 9m88,6275,222864,87,https://streetvoice.com/y310/songs/623365/,https://streetvoice.com/y310/,"https://akstatic.streetvoice.com/song_covers/y3/10/y310/Dj5b6cvEDvLXL3c7LyoCqi.jpg?x-oss-process=image/resize,m_fill,h_400,w_400,limit_0",images/623365.jpg,@y310,音樂人,台北市,2010-09-01,,3,1553,,https://www.facebook.com/y310music,https://www.instagram.com/y3loooooo/,https://www.youtube.com/channel/UCQxQh2lu9bnM6w4edXBQ_Iw,「Taiwanese Waves」十週年重返紐約中央公園 9m88、YELLOW黃宣、ØZI領軍開唱|||https://blow.streetvoice.com/90012/?utm_source=streetvoice&utm_medium=profile-news-block; 「香港全女子樂團」WHIZZ啟動亞洲巡演 許願想合作YELLOW黃宣|||https://blow.streetvoice.com/88939/?utm_source=streetvoice&utm_medium=profile-news-block; 「PARK PARK@Tokyo」把現在的台灣音樂帶到東京！鄭宜農、陳珊妮、生祥樂隊、YELLOW黃宣、LÜCY接力登上東京舞台|||https://blow.streetvoice.com/87721/?utm_source=streetvoice&utm_medium=profile-news-block,,R&B / Soul,,,,"YELLOW黃宣 x 9m88 天氣系愛戀指南 時陰多雲偶陣雨 風雨戀愛重感冒 既然所有記憶都是潮濕的 怪天氣不如先怪自己 完整MV連結 https://youtu.be/1n_i0JupwRA Follow us on Instagram YELLOW黃宣: @y3loooooo 9m88: @9m88 
YELLOW黃宣 x 9m88 天氣系愛戀指南
時陰多雲偶陣雨 風雨戀愛重感冒 既然所有記憶都是潮濕的 怪天氣不如先怪自己
完整MV連結 https://youtu.be/1n_i0JupwRA
https://youtu.be/1n_i0JupwRA
Follow us on Instagram YELLOW黃宣: @y3loooooo 9m88: @9m88","一樣在六點 泡一樣的咖啡 其實早有預謀 在時陰多雨的氣候 擠同一班⾞廂 靈魂卻空蕩 慢慢 調整姿態 故作⾃然卻無力取暖 ⾏李 塞滿所有不合時宜的⽉光 只是比方 古人說的浪漫只適合欣賞 下了站 雨滴同樣滴在你肩膀 怪就怪天氣 像曾哭過的舊電影 那些是非對錯留下的痕跡 滿街都是未乾的記憶 愛情 不過是一場無病呻吟 毫無預警 下了又停 怪這場雨不如先怪自⼰ 一樣在六點 說不完的是非 等⾞的⼈爭先恐後 不願落單在這街頭 左顧右盼 卻找不到⽅向 慢慢 我透過⾞窗 遙望一片浮雲的模樣 不想 隨著霓虹閃爍起舞 總是怕 好景不常 我反覆練習⼀個人的優雅步伐 下一站 或許有陣風 會為我歌唱 怪就怪天氣 像個孩⼦不講道理 不服氣的吹散了落葉⼀地 亂的頭髮不想去整理 愛情 為何總來不及放晴 如果可以 雲淡風輕 怪這陣風 不如先怪自⼰ 不夠壯麗的獨⽩ 不明事理的期待 不能保存遺憾 在離站的後半拍 徒留多餘的感慨 卻走得好慢 怪就怪天氣 像曾哭過的舊電影 那些是非對錯留下的痕跡 滿街都是未乾的記憶 愛情 不過是一場無病呻吟 毫無預警 下了又停 怪這場雨不如先怪自⼰ 
一樣在六點 泡一樣的咖啡 其實早有預謀 在時陰多雨的氣候 擠同一班⾞廂 靈魂卻空蕩 慢慢 調整姿態 故作⾃然卻無力取暖 ⾏李 塞滿所有不合時宜的⽉光 只是比方 古人說的浪漫只適合欣賞 下了站 雨滴同樣滴在你肩膀
怪就怪天氣 像曾哭過的舊電影 那些是非對錯留下的痕跡 滿街都是未乾的記憶 愛情 不過是一場無病呻吟 毫無預警 下了又停 怪這場雨不如先怪自⼰
一樣在六點 說不完的是非 等⾞的⼈爭先恐後 不願落單在這街頭 左顧右盼 卻找不到⽅向 慢慢 我透過⾞窗 遙望一片浮雲的模樣 不想 隨著霓虹閃爍起舞 總是怕 好景不常 我反覆練習⼀個人的優雅步伐 下一站 或許有陣風 會為我歌唱
怪就怪天氣 像個孩⼦不講道理 不服氣的吹散了落葉⼀地 亂的頭髮不想去整理 愛情 為何總來不及放晴 如果可以 雲淡風輕 怪這陣風 不如先怪自⼰
不夠壯麗的獨⽩ 不明事理的期待 不能保存遺憾 在離站的後半拍 徒留多餘的感慨 卻走得好慢
怪就怪天氣 像曾哭過的舊電影 那些是非對錯留下的痕跡 滿街都是未乾的記憶 愛情 不過是一場無病呻吟 毫無預警 下了又停 怪這場雨不如先怪自⼰
留言（ 87 ） 最相關留言 所有留言
留言（ 87 ）",2020-09-15,,Song of the Day; 週排行冠軍歌曲; 達人推薦; 編輯推薦,True,True,https://streetvoice.com/y310/songs/623365/critic_reviews/
2026-09-20 09:13:48,realtime,urban,,,49,野巢,Back to school,18,1423,1,https://streetvoice.com/yaseinosu/songs/834133/,https://streetvoice.com/yaseinosu/,"https://akstatic.streetvoice.com/music_albums/ya/se/yaseinosu/WuJjDq9nEzm5KuFBYbf5CZ.jpeg?x-oss-process=image/resize,m_fill,h_400,w_400,limit_0",images/834133.jpeg,@yaseinosu,音樂人,台北市,2022-08-01,2023-06-13 16:24,13,386,14,https://www.facebook.com/yaseinosu/,,https://www.youtube.com/@yaseinosu,【吹特企】用一台即可拍，以野巢視角重返秋OUT之夜|||https://blow.streetvoice.com/84264/?utm_source=streetvoice&utm_medium=profile-news-block; 【吹專訪】野巢是一張沒有框架的畫布（塗出去也沒關係）——越洋連線野巢Nosu：「寫自己的生活就是寫台灣。」|||https://blow.streetvoice.com/83446/?utm_source=streetvoice&utm_medium=profile-news-block; The Wall自發新企劃「地下光源」 憂憂Yō-Yō、台北夜遊、Yaseinosu野巢參演|||https://blow.streetvoice.com/75739/?utm_source=streetvoice&utm_medium=profile-news-block,,R&B / Soul,Turntable in the lift,https://streetvoice.com/yaseinosu/songs/album/97324200/,,"這首音樂記得是我們這張專輯最剛開始分享的前兩首，在 Oreo 後，阿硯可能覺得真得不想再不開口唱歌了，有時候唱歌給自己以外的人聽是一種很私密的事情，尤其是在剛開始認識對方的時候，不知道為什麼很容易不敢唱歌，記得那個時候是2024年的9月， 我們把握了短暫的見面時光，一起拍了一張可能像是當兵的弟兄、家庭照、或是班級合照，總之會拍這張其中的原因是 Yen 很重視這些人，覺得我們需要一張重要的照片，Yoji 知道後開始想了很多，最後結尾了好幾張照片，Yen 和 Leia 就分別飛回倫敦和阿姆斯特丹了。 
這首音樂記得是我們這張專輯最剛開始分享的前兩首，在 Oreo 後，阿硯可能覺得真得不想再不開口唱歌了，有時候唱歌給自己以外的人聽是一種很私密的事情，尤其是在剛開始認識對方的時候，不知道為什麼很容易不敢唱歌，記得那個時候是2024年的9月， 我們把握了短暫的見面時光，一起拍了一張可能像是當兵的弟兄、家庭照、或是班級合照，總之會拍這張其中的原因是 Yen 很重視這些人，覺得我們需要一張重要的照片，Yoji 知道後開始想了很多，最後結尾了好幾張照片，Yen 和 Leia 就分別飛回倫敦和阿姆斯特丹了。","這是沒有提供歌詞的歌曲
留言（ 1 ） 最相關留言 所有留言
留言（ 1 ）",2025-11-03,,Song of the Day; 編輯推薦,True,True,
2026-09-20 09:13:48,realtime,urban,,,50,阿蘭 AC,R&amp;A,850,28410,70,https://streetvoice.com/alanchou12345/songs/679892/,https://streetvoice.com/alanchou12345/,"https://akstatic.streetvoice.com/song_covers/al/an/alanchou12345/4HqbYLzLgyVMXXLxvPiAti.jpg?x-oss-process=image/resize,m_fill,h_400,w_400,limit_0",images/679892.jpg,@alanchou12345,音樂人,新北市,2019-03-01,2023-01-30 10:32,13,3818,,https://www.facebook.com/profile.php?id=100063938225158,https://www.instagram.com/ac___47/,https://www.youtube.com/@ac47yt,阿蘭AC釋出R&B情歌〈扛不住〉MV Intro取樣李奧納多吵架對手戲|||https://blow.streetvoice.com/65575/?utm_source=streetvoice&utm_medium=profile-news-block; 前「唐貓」主唱阿蘭AC年底發行個人專輯 《GREENHOUSE》與鍾濰宇共同製作|||https://blow.streetvoice.com/64914/?utm_source=streetvoice&utm_medium=profile-news-block; LINION發行新曲〈Holiday Only〉 9m88、黃宣、阿蘭AC、宋柏緯等明星組合唱隊助陣|||https://blow.streetvoice.com/58586/?utm_source=streetvoice&utm_medium=profile-news-block,,R&B / Soul,,,,"你說這是節奏藍調， 我說錯了這是節奏蘭調。 -- 作詞 / 阿蘭AC 作曲 / 阿蘭AC 編曲 / 阿蘭AC 製作人 / 阿蘭AC 薩克斯風 / 葉云 合聲 / 阿蘭AC 弦樂編寫 / 阿蘭AC 鍵盤 / 阿蘭AC 貝斯 / 阿蘭AC 吉他 / 阿蘭AC 錄音 / 阿蘭AC 混音 / 阿蘭AC 後期 / 阿蘭AC 
你說這是節奏藍調， 我說錯了這是節奏蘭調。
--
作詞 / 阿蘭AC 作曲 / 阿蘭AC 編曲 / 阿蘭AC 製作人 / 阿蘭AC 薩克斯風 / 葉云 合聲 / 阿蘭AC 弦樂編寫 / 阿蘭AC 鍵盤 / 阿蘭AC 貝斯 / 阿蘭AC 吉他 / 阿蘭AC 錄音 / 阿蘭AC 混音 / 阿蘭AC 後期 / 阿蘭AC","(這不是R&B,是R&A) 帥氣的饒舌歌  我寫了 感動人的情歌  我唱了 瘋狂的搖滾  我也試了 我還有什麼可以為你做的  我都做了 Shit 都最後一次了 能不能就讓我們簡單快樂些 你說這叫R&B 我說錯了這叫R&A (Rhythm and AC） 就這樣吧  名字就讓它隨便 太過嚴肅  有時也沒人理解 沒人懂  就繼續做 日以繼夜  日子也得過 帶點Blues  別停下腳步 順著節奏  我會陪在你左右 你說這是R&B  我說這是R&A 你的靈魂  交給我點綴 從此以後  生命再不可或缺 時間有限  就讓我成為你的 最特別 世界一天一天改變 對你的愛我不會變 他們說認輸也是一種勇氣 我不甘心  沈不住氣 決定一鼓作氣  奔向你 就算可能失去自己 (They call me AC) 喔是不是那個唱著R&B 長得還行  創作也還蠻好聽 入圍過金曲  可惜沒得名 好多好多感謝的話  只能放心裡 沒人懂  就繼續做 日以繼夜  日子也得過 帶點Blues  別停下腳步 順著節奏  我會陪在你左右 你說這是R&B  我說這是R&A 你的靈魂  交給我點綴 從此以後  生命再不可或缺 時間有限  就讓我成為你的最特別 這才不是R&B  這是你的R&A 我的靈魂交給你 因為若不是你  我的生命不完美 時間有限  就讓我成為你的 最特別的那一位 (這不是R&B,這是你的R&A) 
(這不是R&B,是R&A)
帥氣的饒舌歌  我寫了 感動人的情歌  我唱了 瘋狂的搖滾  我也試了 我還有什麼可以為你做的  我都做了 Shit 都最後一次了 能不能就讓我們簡單快樂些
你說這叫R&B 我說錯了這叫R&A (Rhythm and AC） 就這樣吧  名字就讓它隨便 太過嚴肅  有時也沒人理解 沒人懂  就繼續做 日以繼夜  日子也得過 帶點Blues  別停下腳步 順著節奏  我會陪在你左右
你說這是R&B  我說這是R&A 你的靈魂  交給我點綴 從此以後  生命再不可或缺 時間有限  就讓我成為你的 最特別
世界一天一天改變 對你的愛我不會變 他們說認輸也是一種勇氣 我不甘心  沈不住氣 決定一鼓作氣  奔向你 就算可能失去自己 (They call me AC)
喔是不是那個唱著R&B 長得還行  創作也還蠻好聽 入圍過金曲  可惜沒得名 好多好多感謝的話  只能放心裡 沒人懂  就繼續做 日以繼夜  日子也得過 帶點Blues  別停下腳步 順著節奏  我會陪在你左右
你說這是R&B  我說這是R&A 你的靈魂  交給我點綴 從此以後  生命再不可或缺 時間有限  就讓我成為你的最特別
這才不是R&B  這是你的R&A 我的靈魂交給你 因為若不是你  我的生命不完美 時間有限  就讓我成為你的 最特別的那一位
(這不是R&B,這是你的R&A)
留言（ 70 ） 最相關留言 所有留言
留言（ 70 ）",2022-04-04,,Song of the Day; 週排行冠軍歌曲; 達人推薦; 編輯推薦,True,True,https://streetvoice.com/alanchou12345/songs/679892/critic_reviews/
