snapshot_time,chart_timeframe,chart_genre,chart_year,chart_week,rank,artist_name,song_title,likes_count,play_count,comments_count,song_url,artist_url,cover_image_url,cover_image_local_path,artist_handle,artist_identity,artist_city,artist_joined_date,artist_accredited_datetime,artist_music_count,artist_fans_count,artist_following_count,artist_facebook_url,artist_instagram_url,artist_youtube_url,related_news,big_thing_appearances,genre,album_title,album_url,collaborators,description,lyrics,release_date,song_accredited_datetime,honors,is_editor_recommended,is_song_of_the_day,critic_review_url
2026-10-03 19:47:04,realtime,urban,,,1,yü 莊雨潔,不要忘記（demo）,26,1356,6,https://streetvoice.com/yudesu/songs/879680/,https://streetvoice.com/yudesu/,"https://akstatic.streetvoice.com/song_covers/yu/de/yudesu/Uda7Ri2y9uyjrDy3uG2Xg2.jpeg?x-oss-process=image/resize,m_fill,h_400,w_400,limit_0",images/879680.jpeg,@yudesu,音樂人,,,,1,23,1,,,https://www.youtube.com/user/StreetVoiceTV,115年流行音樂製作發行補助案「創作新聲類」獲補助名單公布|||https://blow.streetvoice.com/89543/?utm_source=streetvoice&utm_medium=profile-news-block; 四枝筆特邀國內外好友們共同完成新單曲〈You Save Me〉預告年底將發行首張專輯|||https://blow.streetvoice.com/54889/?utm_source=streetvoice&utm_medium=profile-news-block,,R&B / Soul,,,,"後來我常常想起那個午後。 陽光從窗外斜斜地落進來，空氣裡有灰塵，也許還有你身上的氣味。我們一起唱歌唱到忘記歌詞的地方就胡亂地笑，你笑得太用力，整個人倒過來，我伸手抱住你。 我記得自己曾經在你耳邊說了很多話，但大部分我都忘了。 只記得說過「好愛你」。 往後的日子，以愛為名，我們爭吵。對罵。沉默。 你最後沒有離開，只是我們慢慢失去了辨認彼此的方法。 你也學會不再對我溫柔。 直到那一天，如同過去的每一天，我目送著你的轉身。 天空很亮，風從街道的縫隙穿過來。 我忽然哼起了一段旋律，唱到第二句時，才發現。 那是你以前總是哼著的歌。 我站在原地，好像有什麼東西從很遠的地方游回來 是條穿梭在時空裡的銀色的大魚。 而我直到那一天才承認。 我想念的，也許從來不只是過去。 我想念的是那時候的我們—— 還不知道，原來有一天，即使沒有離開彼此，也會走散。 
後來我常常想起那個午後。 陽光從窗外斜斜地落進來，空氣裡有灰塵，也許還有你身上的氣味。我們一起唱歌唱到忘記歌詞的地方就胡亂地笑，你笑得太用力，整個人倒過來，我伸手抱住你。
我記得自己曾經在你耳邊說了很多話，但大部分我都忘了。
只記得說過「好愛你」。
往後的日子，以愛為名，我們爭吵。對罵。沉默。 你最後沒有離開，只是我們慢慢失去了辨認彼此的方法。
你也學會不再對我溫柔。 直到那一天，如同過去的每一天，我目送著你的轉身。 天空很亮，風從街道的縫隙穿過來。 我忽然哼起了一段旋律，唱到第二句時，才發現。 那是你以前總是哼著的歌。
我站在原地，好像有什麼東西從很遠的地方游回來 是條穿梭在時空裡的銀色的大魚。 而我直到那一天才承認。
我想念的，也許從來不只是過去。 我想念的是那時候的我們—— 還不知道，原來有一天，即使沒有離開彼此，也會走散。","看著你轉身離開後 我站在巷口 揮手 只是想多看你一分鐘 然後  播放你愛的歌曲 發現我也會哼了  重複著那旋律 告訴自己 不要忘記 在那個時候 太多對錯 在那個時候 太多執著 我忘了 怎麼忘了 我忘了 怎麼忘了 他們說從那天以後 你學著不再溫柔  沉默 時間停在某個夏日午後 我聽你唱著那首歌曲 你要我和你一起 重複著那旋律 告訴自己 不要忘記 但那個時候  太多對錯 在哪個時候  太多執著 我忘了 怎麼忘了 我忘了 怎麼忘了 
看著你轉身離開後 我站在巷口 揮手 只是想多看你一分鐘 然後  播放你愛的歌曲 發現我也會哼了  重複著那旋律 告訴自己 不要忘記
在那個時候 太多對錯 在那個時候 太多執著
我忘了 怎麼忘了 我忘了 怎麼忘了
他們說從那天以後 你學著不再溫柔  沉默 時間停在某個夏日午後 我聽你唱著那首歌曲 你要我和你一起 重複著那旋律 告訴自己 不要忘記
但那個時候  太多對錯 在哪個時候  太多執著
我忘了 怎麼忘了 我忘了 怎麼忘了
留言（ 6 ） 最相關留言 所有留言
留言（ 6 ）",2026-09-16,,Song of the Day; 週排行冠軍; 編輯推薦,True,True,
2026-10-03 19:47:04,realtime,urban,,,2,RistyK,Bossa Rosa - 巴薩諾瓦玫瑰,9,218,5,https://streetvoice.com/RistyK/songs/882112/,https://streetvoice.com/RistyK/,"https://akstatic.streetvoice.com/song_covers/Ri/st/RistyK/cs2LuKkLNPyZgx6YHgtgzh.jpeg?x-oss-process=image/resize,m_fill,h_400,w_400,limit_0",images/882112.jpeg,@RistyK,音樂人,,,,2,6,4,,,https://www.youtube.com/user/StreetVoiceTV,,,Jazz,,,雷克非 Christopher R,"翻唱雷克非寫給 Charlène 的玫瑰傷 很不好唱，不過很好聽。 Sophisti Bossa Nova 
翻唱雷克非寫給 Charlène 的玫瑰傷 很不好唱，不過很好聽。
Sophisti Bossa Nova","你把玫瑰輕放胸口 暮色落在石階盡頭 我試著拉出一縷顫抖 忽然之間不再孤獨守候 你望向我，人群靜了 你微微笑，答案明瞭 留在我身旁，趁餘音飛揚 讓這一刻，替我們收藏 不要誓言，不要冠冕，不必證明以後 只要你的手在我掌中，愛就有了去留 花瓣輕拂過你的衣袖 一點紅映著金色溫柔 你靠近我，像有話要說 有些心事，留白更深厚 你望向我，人群靜了 你微微笑，答案明瞭 留在我身旁，趁餘音飛揚 讓這一刻，替我們收藏 不要誓言，不要冠冕，不必證明以後 只要你的手在我掌中，愛就有了去留 椅子收起，夜色漸深 腳步聲遠離了廣場的人 我終於懂，最真的歌聲 是你仍在那裡，等我轉身 留在我身旁，任晚風悠揚 留一朵紅玫瑰，陪歲月流長 不要誓言，不要冠冕，不必證明以後 只要你的手在我掌中，愛就有了去留 你的手，在我掌中 愛有餘地，歲月從容 
你把玫瑰輕放胸口 暮色落在石階盡頭 我試著拉出一縷顫抖 忽然之間不再孤獨守候
你望向我，人群靜了 你微微笑，答案明瞭
留在我身旁，趁餘音飛揚 讓這一刻，替我們收藏 不要誓言，不要冠冕，不必證明以後 只要你的手在我掌中，愛就有了去留
花瓣輕拂過你的衣袖 一點紅映著金色溫柔 你靠近我，像有話要說 有些心事，留白更深厚
你望向我，人群靜了 你微微笑，答案明瞭
留在我身旁，趁餘音飛揚 讓這一刻，替我們收藏 不要誓言，不要冠冕，不必證明以後 只要你的手在我掌中，愛就有了去留
椅子收起，夜色漸深 腳步聲遠離了廣場的人 我終於懂，最真的歌聲 是你仍在那裡，等我轉身
留在我身旁，任晚風悠揚 留一朵紅玫瑰，陪歲月流長 不要誓言，不要冠冕，不必證明以後 只要你的手在我掌中，愛就有了去留
你的手，在我掌中 愛有餘地，歲月從容
留言（ 5 ） 最相關留言 所有留言
留言（ 5 ）",2026-10-02,,AI 協作 Jazz,False,False,
2026-10-03 19:47:04,realtime,urban,,,3,澤傅,等我說出口,1,68,0,https://streetvoice.com/Obze/songs/882136/,https://streetvoice.com/Obze/,"https://akstatic.streetvoice.com/song_covers/Ob/ze/Obze/hRtNxneGftZGCPG2tXfvxu.jpeg?x-oss-process=image/resize,m_fill,h_400,w_400,limit_0",images/882136.jpeg,@Obze,音樂人,台中市,2016-11-01,,3,15,3,,,https://www.youtube.com/user/StreetVoiceTV,,,R&B / Soul,,,,"怎麼可以做的這麼難聽 demo from obze 
怎麼可以做的這麼難聽
demo from obze","《等我說出口》 I know you've been alone a long time 只是朋友 但你說了好久 我只能點頭 還假裝不懂 But you don't know You don't know 聽說 是你的好朋友 你傾訴了所有 還不曾否認過 喔 身處迷霧 不敢想太多 你給我的承諾 不需要遵守 Wu～～～～～～ 都在等我說出口 Wu～～～～～～ 都在等我說出口 最後 喔 讓你討厭我 所有人提起我 配不上你想要的生活 我還在愧疚 錯在我 只會沉默 Wu～～～～～～ 都在等我說出口 Wu～～～～～～ 怕你真的想要走 Wu～～～～～～ @#@#@#@#@#@#@#@#@#@ Wu～～～～～～ 怕你真的想要走 Outro ×2 
《等我說出口》
I know you've been alone a long time
只是朋友 但你說了好久 我只能點頭 還假裝不懂
But you don't know You don't know
聽說 是你的好朋友
你傾訴了所有 還不曾否認過
喔 身處迷霧 不敢想太多
你給我的承諾 不需要遵守
Wu～～～～～～ 都在等我說出口
Wu～～～～～～ 都在等我說出口
最後 喔 讓你討厭我
所有人提起我 配不上你想要的生活
我還在愧疚
錯在我 只會沉默
Wu～～～～～～ 都在等我說出口
Wu～～～～～～ 怕你真的想要走
Wu～～～～～～ @#@#@#@#@#@#@#@#@#@
Wu～～～～～～ 怕你真的想要走
Outro
×2
留言（ 0 ） 最相關留言 所有留言
留言（ 0 ）",2026-10-02,,,False,False,
2026-10-03 19:47:04,realtime,urban,,,4,高偉勛 Shan Hay,9.Not Yet ft.吱吱 郭芝吟,2,85,0,https://streetvoice.com/p233211/songs/881723/,https://streetvoice.com/p233211/,"https://akstatic.streetvoice.com/song_covers/p2/33/p233211/9YYQJQ6hdadqiBcispVB4N.jpeg?x-oss-process=image/resize,m_fill,h_400,w_400,limit_0",images/881723.jpeg,@p233211,音樂人,台東縣,2008-11-01,,6,203,16,,,https://www.youtube.com/user/StreetVoiceTV,創作，是與家鄉連結的窗口－阿修＆高偉勛專訪|||https://blow.streetvoice.com/20203/?utm_source=streetvoice&utm_medium=profile-news-block; 臺灣原創流行音樂大賽首獎得主開唱 黃連煜、荒山亮、王宏恩任導師助陣加持|||https://blow.streetvoice.com/25093/?utm_source=streetvoice&utm_medium=profile-news-block; 新光三越不插電歷屆決賽入圍者近況蒐羅 自選代表作歌單伴你度過夏日午後|||https://blow.streetvoice.com/21488/?utm_source=streetvoice&utm_medium=profile-news-block,,R&B / Soul,《YOU GOOD?!》,https://streetvoice.com/p233211/songs/album/97326155/,,"常常在想，明明自己也很努力 為什麼沒有被看見 那些跟我一起出發的人 現在卻都飛得比我高比我遠 你說我會不會嫉妒他們？當然會 祂常說要耐心等待 但辛苦的不是不被看見 而是等待的過程 但我知道有人在等我 所以我還沒有放棄,not yet 以賽亞書 40:31 
常常在想，明明自己也很努力 為什麼沒有被看見 那些跟我一起出發的人 現在卻都飛得比我高比我遠 你說我會不會嫉妒他們？當然會
祂常說要耐心等待 但辛苦的不是不被看見 而是等待的過程 但我知道有人在等我 所以我還沒有放棄,not yet
以賽亞書 40:31","Sun said,""Not Yet"" 太陽說 “還沒” Moon said,""Not Yet"" 月亮說“還沒” Even God said,""Not Yet"" 就連祂都說“還沒” masa na kemedreng anga sun 你應該很努力了吧 tapuluq saka sepatj a cavilj 14年的時間 azua milingan itua i qadupu 那筆記本裡面的故事 izua na paljevavau 有些帶我飛 izua na paljeteku 有些讓我墜 na kikavala anga sun tua cabcaban 你曾享受過掌聲 na sekapalak anga sun uta 也曾迷失在當中 na izua anga qalialian 曾有過一群兄弟 ljakua tucu amin anga a’en i qumaqan 但現在只剩我在房間 inu anga su sinan sepian,inu anga su sinan sepian? 你的夢呢，你的夢呢? nungida kipenid itjen 什麼時候轉身 manu neka anga a caucau i palikulikuz 卻發現後面都沒有人了 na matavak anga a’en a teljaran nua cedas a macidjilj 習慣了日出照亮我一個人 matu kitavak anga a macidicidjilj 好像也就習慣一個人 a macidicidjilj 一個人 Sun said,""Not Yet"" 太陽說 “還沒” Moon said,""Not Yet"" 月亮說“還沒” Even God said,""Not Yet"" 就連祂都說“還沒” ljaki ladruq a vengin,inika maka qeceng tua cedas 但夜再長，也擋不住晨曦 Sun said,""Not Yet"" 太陽說 “還沒” Moon said,""Not Yet"" 月亮說“還沒” Even God said,""Not Yet"" 就連祂都說“還沒” ljaki ladruq a vengin,inika maka qeceng tua cedas 但夜再長，也擋不住晨曦 azua na taciuciuran a qalialian 曾一起奮鬥的夥伴 pitja ljacemadjacadja anga tjanusun uta 也離你越來越遠 puliaw anga a’en a patjatjaulaula tua gita 無數次放下吉他 amin anga taqed 倒頭就睡 su sivelic anga kinatjengelayan nua zuma tjanusun 你放下別人喜歡的樣子 vaik a karim tua su vinarungan 去找尋自己的樣子 ljakua inika sepucucug anga sun 但卻找不到方向 inu anga su sinan sepian,inu anga su sinan sepian? 你的夢呢，你的夢呢? maqalaw sun tua su qalialian a pitja ljazuanga 你承認嫉妒那些朋友飛得比你高 ulja kemedrekedreng sun sakamaya 那是因為你一直都在努力 sini paljavak nua Cemas tjanusun 上帝要你經歷這些 avanan anga cua su qinati a senay 是因為這首歌的出現 maya tjemaula 所以請不要放棄 maya tjemaula 所以請不要放棄 kigetjemu tua su kakudan 繼續做你自己 Sun said,""Not Yet"" 太陽說 “還沒” Moon said,""Not Yet"" 月亮說“還沒” Even God said,""Not Yet"" 就連祂都說“還沒” ljaki ladruq a vengin,inika maka qeceng tua cedas 但夜再長，也擋不住晨曦 Sun said,""Not Yet"" 太陽說 “還沒” Moon said,""Not Yet"" 月亮說“還沒” Even God said,""Not Yet"" 就連祂都說“還沒” ljaki ladruq a vengin,inika maka qeceng tua cedas 但夜再長，也擋不住晨曦 na gemaugaw sun tua sinipaqeljing nua matjaljaljak 你拿過爸媽的救濟 nu venarung sun sinan vilivililjan anga sakamaya 總是心想這是最後一次 izua kemaljavaljava sakamaya 會有人在期待 ljaki gemaljugalju anga ika makuda, ayaya tjanusun 告訴你慢一點也沒關係 kipaqenetj anan sun tua ljavek nua i qinaljan？ 家鄉的海你還記得嗎？ izua a kemaljavaljava tjanusun sakamaya 還有人在等你 “neka anan!” aya qadaw 太陽說“還沒” “neka anan!” aya qiljas 月亮說“還沒” “neka anan!” aya Cemas 上帝也說“還沒” izua a kemaljavaljava tjanusun sakamaya 還有人在等你 
Sun said,""Not Yet"" 太陽說 “還沒” Moon said,""Not Yet"" 月亮說“還沒” Even God said,""Not Yet"" 就連祂都說“還沒”
masa na kemedreng anga sun 你應該很努力了吧 tapuluq saka sepatj a cavilj 14年的時間 azua milingan itua i qadupu 那筆記本裡面的故事 izua na paljevavau 有些帶我飛 izua na paljeteku 有些讓我墜
na kikavala anga sun tua cabcaban 你曾享受過掌聲 na sekapalak anga sun uta 也曾迷失在當中 na izua anga qalialian 曾有過一群兄弟 ljakua tucu amin anga a’en i qumaqan 但現在只剩我在房間
inu anga su sinan sepian,inu anga su sinan sepian? 你的夢呢，你的夢呢?
nungida kipenid itjen 什麼時候轉身 manu neka anga a caucau i palikulikuz 卻發現後面都沒有人了 na matavak anga a’en a teljaran nua cedas a macidjilj 習慣了日出照亮我一個人 matu kitavak anga a macidicidjilj 好像也就習慣一個人 a macidicidjilj 一個人
Sun said,""Not Yet"" 太陽說 “還沒” Moon said,""Not Yet"" 月亮說“還沒” Even God said,""Not Yet"" 就連祂都說“還沒” ljaki ladruq a vengin,inika maka qeceng tua cedas 但夜再長，也擋不住晨曦 Sun said,""Not Yet"" 太陽說 “還沒” Moon said,""Not Yet"" 月亮說“還沒” Even God said,""Not Yet"" 就連祂都說“還沒” ljaki ladruq a vengin,inika maka qeceng tua cedas 但夜再長，也擋不住晨曦
azua na taciuciuran a qalialian 曾一起奮鬥的夥伴 pitja ljacemadjacadja anga tjanusun uta 也離你越來越遠 puliaw anga a’en a patjatjaulaula tua gita 無數次放下吉他 amin anga taqed 倒頭就睡 su sivelic anga kinatjengelayan nua zuma tjanusun 你放下別人喜歡的樣子 vaik a karim tua su vinarungan 去找尋自己的樣子 ljakua inika sepucucug anga sun 但卻找不到方向
inu anga su sinan sepian,inu anga su sinan sepian? 你的夢呢，你的夢呢?
maqalaw sun tua su qalialian a pitja ljazuanga 你承認嫉妒那些朋友飛得比你高 ulja kemedrekedreng sun sakamaya 那是因為你一直都在努力 sini paljavak nua Cemas tjanusun 上帝要你經歷這些 avanan anga cua su qinati a senay 是因為這首歌的出現 maya tjemaula 所以請不要放棄 maya tjemaula 所以請不要放棄 kigetjemu tua su kakudan 繼續做你自己
Sun said,""Not Yet"" 太陽說 “還沒” Moon said,""Not Yet"" 月亮說“還沒” Even God said,""Not Yet"" 就連祂都說“還沒” ljaki ladruq a vengin,inika maka qeceng tua cedas 但夜再長，也擋不住晨曦 Sun said,""Not Yet"" 太陽說 “還沒” Moon said,""Not Yet"" 月亮說“還沒” Even God said,""Not Yet"" 就連祂都說“還沒” ljaki ladruq a vengin,inika maka qeceng tua cedas 但夜再長，也擋不住晨曦
na gemaugaw sun tua sinipaqeljing nua matjaljaljak 你拿過爸媽的救濟 nu venarung sun sinan vilivililjan anga sakamaya 總是心想這是最後一次 izua kemaljavaljava sakamaya 會有人在期待 ljaki gemaljugalju anga ika makuda, ayaya tjanusun 告訴你慢一點也沒關係 kipaqenetj anan sun tua ljavek nua i qinaljan？ 家鄉的海你還記得嗎？ izua a kemaljavaljava tjanusun sakamaya 還有人在等你
“neka anan!” aya qadaw 太陽說“還沒” “neka anan!” aya qiljas 月亮說“還沒” “neka anan!” aya Cemas 上帝也說“還沒”
izua a kemaljavaljava tjanusun sakamaya 還有人在等你
留言（ 0 ） 最相關留言 所有留言
留言（ 0 ）",2026-09-29,,編輯推薦,True,False,
2026-10-03 19:47:04,realtime,urban,,,5,陳玟,告白信(Demo),0,2,0,https://streetvoice.com/imchenww/songs/882291/,https://streetvoice.com/imchenww/,"https://akstatic.streetvoice.com/song_covers/im/ch/imchenww/Pm5x4fLuPxheovugAt7BmK.jpeg?x-oss-process=image/resize,m_fill,h_400,w_400,limit_0",images/882291.jpeg,@imchenww,音樂人,高雄市,2021-12-01,,1,6,,,,https://www.youtube.com/user/StreetVoiceTV,漂流出口Putad未持工作簽證、赴美演出遭遣返 小島大歌發布道歉聲明|||https://blow.streetvoice.com/73443/?utm_source=streetvoice&utm_medium=profile-news-block; TFP無限融合樂團成軍15年音樂會 董舜文感性淚灑舞台|||https://blow.streetvoice.com/69676/?utm_source=streetvoice&utm_medium=profile-news-block; TFP無限融合樂團成軍15年 舉辦《REBOOT再啟動》音樂會|||https://blow.streetvoice.com/69559/?utm_source=streetvoice&utm_medium=profile-news-block,,R&B / Soul,,,,"詞 Lyricist | 陳玟 曲 Composer | 陳玟 混音 Mixing | 陳玟 (PROD. JAYMARK) - Instagram 陳玟 @imchenww 
詞 Lyricist | 陳玟 曲 Composer | 陳玟 混音 Mixing | 陳玟 (PROD. JAYMARK) - Instagram 陳玟 @imchenww","Let me tell you 一個秘密 第一次見面的那天就已動心 My god從來沒有相信過愛情 一大堆甜言蜜語 but baby 這些都可以不管 希望fall in love with me 不像傷害過你的那些誰 承諾不靠爛醉 真金不怕火煉 可能有點壞人臉 卻比誰都怕心碎 拍了照片 會偷偷放在錢包裡面 羞羞臉 逃避視線 對到眼會臉紅 不開心 吵架你生氣我會哄 邊界感抓準 不鑽漏洞 我行蹤一五一十都讓你知道 不用靠夢 口說無憑 那就快點答應我 讓我能拿出證據 勝過千言萬語 如果要取歌名我會叫這首告白信 想我的時候隨時打開來聽 
Let me tell you 一個秘密 第一次見面的那天就已動心 My god從來沒有相信過愛情 一大堆甜言蜜語 but baby 這些都可以不管 希望fall in love with me
不像傷害過你的那些誰 承諾不靠爛醉 真金不怕火煉 可能有點壞人臉 卻比誰都怕心碎 拍了照片 會偷偷放在錢包裡面
羞羞臉 逃避視線 對到眼會臉紅 不開心 吵架你生氣我會哄 邊界感抓準 不鑽漏洞 我行蹤一五一十都讓你知道 不用靠夢
口說無憑 那就快點答應我 讓我能拿出證據 勝過千言萬語 如果要取歌名我會叫這首告白信 想我的時候隨時打開來聽
留言（ 0 ） 最相關留言 所有留言
留言（ 0 ）",2026-10-03,,,False,False,
2026-10-03 19:47:04,realtime,urban,,,6,及時雨TimelyRain,鴉片粉圓,8,378,0,https://streetvoice.com/Timely_Rain/songs/880280/,https://streetvoice.com/Timely_Rain/,"https://akstatic.streetvoice.com/song_covers/Ti/me/Timely_Rain/geWDQbtdmYfSVTfrTDsXVz.jpg?x-oss-process=image/resize,m_fill,h_400,w_400,limit_0",images/880280.jpg,@Timely_Rain,音樂人,新竹市,2026-04-01,,1,4,,,,https://www.youtube.com/user/StreetVoiceTV,,,Jazz,,,,"有那麼一些臉紅心跳的記憶都跟學生時期的邂逅有關 甜點 有時是一座橋樑 對學生來說也許是不可多得的享受 卻默默搭載著許多怦然心動的時刻 詞/Janis 曲/Janis 編曲/及時雨 Vocal/Janis Keyboard/Haoya Guitar/正宗、大餅 Bass/承禧 Drums/祐 錄音/聲紋製作 混音/Haoya 
有那麼一些臉紅心跳的記憶都跟學生時期的邂逅有關 甜點 有時是一座橋樑 對學生來說也許是不可多得的享受 卻默默搭載著許多怦然心動的時刻
詞/Janis
曲/Janis
編曲/及時雨
Vocal/Janis
Keyboard/Haoya
Guitar/正宗、大餅
Bass/承禧
Drums/祐
錄音/聲紋製作
混音/Haoya","動態歌詞
我我我我要一碗鴉片粉圓 可可可可不可以坐你旁邊 又是一個突然的下雨天 雨水啪嗒嗒嗒濺上鞋尖 台北的天氣總是那麼討厭 忘記帶傘 只能走進那間鴉片粉圓 忽然之間 你的笑容跌進視線 雨聲再大也聽不見 聽不見世界的語言 我我我我要一碗鴉片粉圓 可可可可不可以坐你旁邊 Oh oh oh伸出手 有一點小害羞 碰在一起的時候 視線下意識閃躲 像觸電一樣的旋律 交織在碎冰與糖漿裡 甜而不膩 於是在那個突然的雨天 你啪嗒嗒踩進我心裡面 雨水跟心跳聲混雜成一片 滴滴答答 嘩啦嘩啦怎麼開口才對 忽然之間 看見你迷人的雙眼 每往前走都像觸電 就算淋濕也無所謂 我我我我要一碗鴉片粉圓 可可可可不可以坐你旁邊 Oh oh oh伸出手 有一點小害羞 碰在一起的時候 視線下意識閃躲 像觸電一樣的旋律 交織在碎冰與糖漿裡 甜而不膩 你你你 能不能 oh 能不能 給我你的 你的 你的 你的 Anything 你就像鴉片一樣讓我上癮 
我我我我要一碗鴉片粉圓 可可可可不可以坐你旁邊
又是一個突然的下雨天 雨水啪嗒嗒嗒濺上鞋尖 台北的天氣總是那麼討厭 忘記帶傘 只能走進那間鴉片粉圓 忽然之間 你的笑容跌進視線 雨聲再大也聽不見 聽不見世界的語言
我我我我要一碗鴉片粉圓 可可可可不可以坐你旁邊 Oh oh oh伸出手 有一點小害羞 碰在一起的時候 視線下意識閃躲 像觸電一樣的旋律 交織在碎冰與糖漿裡 甜而不膩
於是在那個突然的雨天 你啪嗒嗒踩進我心裡面 雨水跟心跳聲混雜成一片 滴滴答答 嘩啦嘩啦怎麼開口才對 忽然之間 看見你迷人的雙眼 每往前走都像觸電 就算淋濕也無所謂
我我我我要一碗鴉片粉圓 可可可可不可以坐你旁邊 Oh oh oh伸出手 有一點小害羞 碰在一起的時候 視線下意識閃躲 像觸電一樣的旋律 交織在碎冰與糖漿裡 甜而不膩
你你你 能不能 oh 能不能 給我你的 你的 你的 你的 Anything
你就像鴉片一樣讓我上癮
留言（ 0 ） 最相關留言 所有留言
留言（ 0 ）",2026-09-20,,編輯推薦,True,False,
2026-10-03 19:47:04,realtime,urban,,,7,彩燎Auraq,柳暗花明 (demo),2,55,0,https://streetvoice.com/kzyi82736/songs/881851/,https://streetvoice.com/kzyi82736/,"https://akstatic.streetvoice.com/song_covers/kz/yi/kzyi82736/4RtczUXaWoMUmi8Cq5q4ZL.jpeg?x-oss-process=image/resize,m_fill,h_400,w_400,limit_0",images/881851.jpeg,@kzyi82736,音樂人,,,,2,3,,,,https://www.youtube.com/user/StreetVoiceTV,,,R&B / Soul,,,,"Man, 我不想用很corny的自序在那邊「大家好，這首歌是Blablabla...」 But anyway, fuck it. 這首歌送給那些從小就像是從怪物與他們的產地裡爬出來的人。 我知道有些日子很難熬，有些日子很委屈，有些日子你覺得自己像傲慢的變態，這些我熟，但我們必須給他站起來，因為與其坐在這說著: ""maybe in another life."" 不如問問自己 ""why not this one ?"" 
Man, 我不想用很corny的自序在那邊「大家好，這首歌是Blablabla...」
But anyway, fuck it. 這首歌送給那些從小就像是從怪物與他們的產地裡爬出來的人。
我知道有些日子很難熬，有些日子很委屈，有些日子你覺得自己像傲慢的變態，這些我熟，但我們必須給他站起來，因為與其坐在這說著: ""maybe in another life.""
不如問問自己 ""why not this one ?""","Like a rising sun 擁抱那些眼光 身體火燙那又怎樣 ? There is more to come 如何不停往上 ? 也許我也不用掙扎 Just let the music play no matter what they say 不管什麼煩惱我都聽不見 So let the music play 就像沒有明天 畢竟所有快樂都曇花一現 Feel the love and feel the pain 讓我們原地起飛 每天都忘記一點點 無謂的歲月 Yeah, feel the sun and feel the rain giving everthing i have 每天都獲得一點點 不一樣的滋味 走到盡頭才發現 柳暗花明的遇見 On my way, on my way 就用背影告別 走到盡頭才發現 柳暗花明的遇見 On my way, on my way 要用背影告別 
Like a rising sun 擁抱那些眼光 身體火燙那又怎樣 ? There is more to come 如何不停往上 ? 也許我也不用掙扎
Just let the music play no matter what they say 不管什麼煩惱我都聽不見 So let the music play 就像沒有明天 畢竟所有快樂都曇花一現
Feel the love and feel the pain 讓我們原地起飛 每天都忘記一點點 無謂的歲月 Yeah, feel the sun and feel the rain giving everthing i have 每天都獲得一點點 不一樣的滋味
走到盡頭才發現 柳暗花明的遇見 On my way, on my way 就用背影告別 走到盡頭才發現 柳暗花明的遇見 On my way, on my way 要用背影告別
留言（ 0 ） 最相關留言 所有留言
留言（ 0 ）",2026-09-30,,,False,False,
2026-10-03 19:47:04,realtime,urban,,,8,阿蘭 AC,無重力大人,30,2139,5,https://streetvoice.com/alanchou12345/songs/877994/,https://streetvoice.com/alanchou12345/,"https://akstatic.streetvoice.com/song_covers/al/an/alanchou12345/ZbLKLgPw3oJzfuqh9WZfE5.jpeg?x-oss-process=image/resize,m_fill,h_400,w_400,limit_0",images/877994.jpeg,@alanchou12345,音樂人,新北市,2019-03-01,2023-01-30 10:32,4,1069,,https://www.facebook.com/profile.php?id=100063938225158,https://www.instagram.com/ac___47/,https://www.youtube.com/@ac47yt,阿蘭AC釋出R&B情歌〈扛不住〉MV Intro取樣李奧納多吵架對手戲|||https://blow.streetvoice.com/65575/?utm_source=streetvoice&utm_medium=profile-news-block; 前「唐貓」主唱阿蘭AC年底發行個人專輯 《GREENHOUSE》與鍾濰宇共同製作|||https://blow.streetvoice.com/64914/?utm_source=streetvoice&utm_medium=profile-news-block; LINION發行新曲〈Holiday Only〉 9m88、黃宣、阿蘭AC、宋柏緯等明星組合唱隊助陣|||https://blow.streetvoice.com/58586/?utm_source=streetvoice&utm_medium=profile-news-block,,R&B / Soul,,,,"生活很重， 音樂很輕。 如果有一首歌， 能讓你暫時漂浮幾分鐘，暫時忘記世界的重量。 
生活很重， 音樂很輕。
如果有一首歌， 能讓你暫時漂浮幾分鐘，暫時忘記世界的重量。","It's a new day new day 依舊是最熟悉的一天 眼神疲憊 需要一杯咖啡 擦亮 二手限量皮鞋 站在 城市柏油地面 腳下 隔絕一層溫度漫步 彷彿暫時劃清界線 長大向現實買單 把童心未泯拿去典當 成長道路上 還真是越走越遠越迷惘 E S C A P E We need escape Escape It's a new day new day 依舊是最熟悉的一天 眼神疲憊 需要 一杯 咖啡 It's another day another day 雖然沒能成為那個誰 淚水熄滅 不了 我心 火焰 出門來場冒險 記得買個保險 還要分散風險 留點勇敢到明天 生活叫人收斂 我用旋律撒野 感受放在裡面 進入音樂沉澱 Just in case 還好有保險 Just in case 還好有保險 車廂緊握著把手 像是懸空的衣袖 戴上耳機漫遊 順著軌道遠走 漂浮到城市盡頭 允許靈魂的失控 在這失重的宇宙 在這失重的宇宙 It's a new day new day 依舊是最熟悉的一天 眼神疲憊 需要 一杯 咖啡 It's another day another day 雖然沒能成為那個誰 淚水熄滅 不了 我心 火焰 
It's a new day new day 依舊是最熟悉的一天 眼神疲憊 需要一杯咖啡
擦亮 二手限量皮鞋 站在 城市柏油地面 腳下 隔絕一層溫度漫步 彷彿暫時劃清界線
長大向現實買單 把童心未泯拿去典當 成長道路上 還真是越走越遠越迷惘
E S C A P E We need escape Escape
It's a new day new day 依舊是最熟悉的一天 眼神疲憊 需要 一杯 咖啡
It's another day another day 雖然沒能成為那個誰 淚水熄滅 不了 我心 火焰
出門來場冒險 記得買個保險 還要分散風險 留點勇敢到明天
生活叫人收斂 我用旋律撒野 感受放在裡面 進入音樂沉澱
Just in case 還好有保險 Just in case 還好有保險
車廂緊握著把手 像是懸空的衣袖 戴上耳機漫遊 順著軌道遠走
漂浮到城市盡頭 允許靈魂的失控 在這失重的宇宙 在這失重的宇宙
It's a new day new day 依舊是最熟悉的一天 眼神疲憊 需要 一杯 咖啡
It's another day another day 雖然沒能成為那個誰 淚水熄滅 不了 我心 火焰
留言（ 5 ） 最相關留言 所有留言
留言（ 5 ）",2026-09-07,,Song of the Day; 編輯推薦,True,True,
2026-10-03 19:47:04,realtime,urban,,,9,Shizuki,[BETA]The Ancient Travel Journel,0,25,0,https://streetvoice.com/Shizuki/songs/881985/,https://streetvoice.com/Shizuki/,"https://akstatic.streetvoice.com/song_covers/Sh/iz/Shizuki/mPAcokgYgJ6mYM88upX64y.jpeg?x-oss-process=image/resize,m_fill,h_400,w_400,limit_0",images/881985.jpeg,@Shizuki,音樂人,,,,13,1,1,,,https://www.youtube.com/user/StreetVoiceTV,,,Blues,,,,"[BETA]古世界旅遊日記= [BETA]The Ancient Travel Journel 帶有五聲音階與四度音程的迷幻搖滾風曲子 這是我心目中的古國應該要有的樣子 之前寫的曲子的BETA版本 
[BETA]古世界旅遊日記= [BETA]The Ancient Travel Journel
帶有五聲音階與四度音程的迷幻搖滾風曲子 這是我心目中的古國應該要有的樣子
之前寫的曲子的BETA版本","這是沒有提供歌詞的歌曲
留言（ 0 ） 最相關留言 所有留言
留言（ 0 ）",2026-10-01,,,False,False,
2026-10-03 19:47:04,realtime,urban,,,10,JoeChen,如果不曾告別demo   If Never,1,8,0,https://streetvoice.com/joe1688155/songs/882145/,https://streetvoice.com/joe1688155/,"https://akstatic.streetvoice.com/song_covers/jo/e1/joe1688155/6aQ4fJGKBfQUU4boftu7R4.jpeg?x-oss-process=image/resize,m_fill,h_400,w_400,limit_0",images/882145.jpeg,@joe1688155,音樂人,,,,1,,4,,,https://www.youtube.com/user/StreetVoiceTV,,,R&B / Soul,,,,"這首只完成前奏和主歌的編曲而已，後續會在補完整demo版。 當初寫這首歌時，是以感傷的心情下去寫的，為了不要讓這首太感傷，所以用R&B的風格呈現。 
這首只完成前奏和主歌的編曲而已，後續會在補完整demo版。 當初寫這首歌時，是以感傷的心情下去寫的，為了不要讓這首太感傷，所以用R&B的風格呈現。","verse1 風吹過了  我該說再見了 向左向右  向各自未來走 時光飛逝  彼此都有變化 熟悉感覺  卻還是會思念 Pre-Chorus 如果不曾告别   又怎能开启新的旅程 有些人说再见   有些人再相见 有些人              再也看不見 Chorus 如果我們不曾告別   將會是在哪裡 葉子離開了樹   而我卻離開了你 Goodbye 愿天涯相逢  离别 就是为了能够再相见 
verse1 風吹過了  我該說再見了 向左向右  向各自未來走 時光飛逝  彼此都有變化 熟悉感覺  卻還是會思念
Pre-Chorus 如果不曾告别   又怎能开启新的旅程 有些人说再见   有些人再相见 有些人              再也看不見
Chorus 如果我們不曾告別   將會是在哪裡 葉子離開了樹   而我卻離開了你 Goodbye 愿天涯相逢  离别 就是为了能够再相见
留言（ 0 ） 最相關留言 所有留言
留言（ 0 ）",2026-10-02,,,False,False,
2026-10-03 19:47:04,realtime,urban,,,11,雷克非 Christopher R,By the Riverside,4,64,19,https://streetvoice.com/ChristopherR/songs/881794/,https://streetvoice.com/ChristopherR/,"https://akstatic.streetvoice.com/song_covers/Ch/ri/ChristopherR/LnDsYwGqdkjjjr63FSYP9s.jpeg?x-oss-process=image/resize,m_fill,h_400,w_400,limit_0",images/881794.jpeg,@ChristopherR,音樂人,,,,6,17,50,,,https://www.youtube.com/user/StreetVoiceTV,,,R&B / Soul,,,,"Slow acoustic spiritual soul https://youtu.be/e5O-jp-rps8 ======== 在陽明山二子坪步道，我看見一個伯伯。 微胖，白色捲髮，白鬍子。草帽沒有戴，掛在後頸。身上是一件米白色的亞麻長襯衫，黑色及膝短褲，褲頭反折著，紅黑相間的 Y 字吊帶從肩上繞下去。 他穿白色長襪，襪口有紅、白、藍三道橫紋，腳上一雙深棕色皮靴。 然後是一把木吉他。 沒有琴袋。 就這樣裸著背在身後。背帶是祖靈之眼那種菱形圖騰，紅的、黑的、白的，在木頭色的琴身旁非常醒目。 他從我前面幾步的地方橫過步道。 我原本只是看著。 他忽然轉過頭。 粗黑框眼鏡。 我愣住了。 我們當然不認識。 可是那張臉，那個身形，那個走路的樣子，甚至那種背著吉他、好像也沒有特別要去哪裡的神情，都讓我覺得，我好像在哪裡見過他。 不是我爸。 完全不像我爸。 比較像二十年後的我。 我有一點想叫住他。 你也是 Christopher？要去哪？ 我們來唱一首歌？ By the Riverside？ 
Slow acoustic spiritual soul https://youtu.be/e5O-jp-rps8 ======== 在陽明山二子坪步道，我看見一個伯伯。
https://youtu.be/e5O-jp-rps8
微胖，白色捲髮，白鬍子。草帽沒有戴，掛在後頸。身上是一件米白色的亞麻長襯衫，黑色及膝短褲，褲頭反折著，紅黑相間的 Y 字吊帶從肩上繞下去。
他穿白色長襪，襪口有紅、白、藍三道橫紋，腳上一雙深棕色皮靴。 然後是一把木吉他。 沒有琴袋。 就這樣裸著背在身後。背帶是祖靈之眼那種菱形圖騰，紅的、黑的、白的，在木頭色的琴身旁非常醒目。
他從我前面幾步的地方橫過步道。 我原本只是看著。 他忽然轉過頭。 粗黑框眼鏡。 我愣住了。 我們當然不認識。 可是那張臉，那個身形，那個走路的樣子，甚至那種背著吉他、好像也沒有特別要去哪裡的神情，都讓我覺得，我好像在哪裡見過他。
不是我爸。 完全不像我爸。 比較像二十年後的我。 我有一點想叫住他。
你也是 Christopher？要去哪？ 我們來唱一首歌？ By the Riverside？","I came down from the mountain With the daylight on my shoes Had an old song on my shoulder And nothing left to lose Down by the riverside Lay it down, lay it down Down by the riverside Leave the heavy things behind Met an old man at the crossing With a guitar on his back He looked at me for half a second Like he knew me from way back Down by the riverside Lay it down, lay it down Down by the riverside Leave the heavy things behind No sword in my hand No reason to fight Just an old wooden guitar And the road in fading light Down by the riverside Lay it down, lay it down Down by the riverside Maybe I’ll see you there sometime 
I came down from the mountain With the daylight on my shoes Had an old song on my shoulder And nothing left to lose
Down by the riverside Lay it down, lay it down Down by the riverside Leave the heavy things behind
Met an old man at the crossing With a guitar on his back He looked at me for half a second Like he knew me from way back
Down by the riverside Lay it down, lay it down Down by the riverside Leave the heavy things behind
No sword in my hand No reason to fight Just an old wooden guitar And the road in fading light
Down by the riverside Lay it down, lay it down Down by the riverside Maybe I’ll see you there sometime
留言（ 19 ） 最相關留言 所有留言
留言（ 19 ）",2026-09-29,,AI 協作 R&B / Soul,False,False,
2026-10-03 19:47:04,realtime,urban,,,12,林柏希 kanasi_boxi,還差一點點,1,24,0,https://streetvoice.com/kanasi_boxi/songs/881821/,https://streetvoice.com/kanasi_boxi/,"https://akstatic.streetvoice.com/song_covers/ka/na/kanasi_boxi/ePGWnYCqguccyHfS6yDaL3.jpg?x-oss-process=image/resize,m_fill,h_400,w_400,limit_0",images/881821.jpg,@kanasi_boxi,音樂人,,,,17,3,6,,,https://www.youtube.com/user/StreetVoiceTV,,,R&B / Soul,,,,"單曲｜《還差一點點》 有些事情， 不是沒有結果， 只是還差一點點。 差一點點勇氣， 差一點點時間， 只差一點點。 也許下一步， 就到了。 
單曲｜《還差一點點》
有些事情， 不是沒有結果， 只是還差一點點。
差一點點勇氣， 差一點點時間，
只差一點點。
也許下一步， 就到了。","這是沒有提供歌詞的歌曲
留言（ 0 ） 最相關留言 所有留言
留言（ 0 ）",2026-09-29,,,False,False,
2026-10-03 19:47:04,realtime,urban,,,13,sayhello,心鎖亂唱_192kbps1,0,14,0,https://streetvoice.com/sayhello/songs/881831/,https://streetvoice.com/sayhello/,"https://akstatic.streetvoice.com/profile_images/sa/yh/sayhello/8cb0a3c25bdd46f8a605fd3e77c201d9.jpg?x-oss-process=image/resize,m_fill,h_400,w_400,limit_0",images/881831.jpg,@sayhello,音樂人,高雄市,2009-07-01,,7,3,6,,,https://www.youtube.com/user/StreetVoiceTV,,,R&B / Soul,DEMO自唱區,https://streetvoice.com/sayhello/songs/album/97326162/,,"詞曲:SAYHELLO77 
詞曲:SAYHELLO77","[Verse 1] 總是默默擦肩而過 沒有關懷沒有問候 像是從來不曾相識 過往如煙消散無蹤 你在我心上了把鎖 把我困在愛的牢籠 越是眷戀離你越遠 終於讓你變得冷漠 [Pre-Chorus] 如何能夠如此撒脫 不甘讓心就此漂流 堅持著夢不肯放手 一無所有也無怨無尤 [Chorus] 想要給妳我的所有 你不屑一顧轉身就走 F     G   EM  AM  F   DM7    G 那只求把我當作朋友讓我把你藏在心中 好想保留彼此笑容 相見時我卻如此軟弱 我也不想讓妳難受 所以只有讓我遠走 [Verse 2] 有話只能掩在心頭　總讓彼此變得沉默 如果時間能夠倒流　寧可把愛撕散風中 [Bridge] 如何能夠獨自掙脫　不忍心事就此流落 明知是自己親上的鎖 只能嚐盡所有苦果 [Chorus] 只想給你平常的我　這次別再轉身而走 我們可以只是朋友　相見的時候招個小手 [Outro] 好想保留彼此笑容 想好走就不再多說 我也不想讓你難受 只有彼此不再回頭 
[Verse 1] 總是默默擦肩而過 沒有關懷沒有問候 像是從來不曾相識 過往如煙消散無蹤 你在我心上了把鎖 把我困在愛的牢籠 越是眷戀離你越遠 終於讓你變得冷漠 [Pre-Chorus] 如何能夠如此撒脫 不甘讓心就此漂流 堅持著夢不肯放手 一無所有也無怨無尤 [Chorus] 想要給妳我的所有 你不屑一顧轉身就走 F     G   EM  AM  F   DM7    G 那只求把我當作朋友讓我把你藏在心中 好想保留彼此笑容 相見時我卻如此軟弱 我也不想讓妳難受 所以只有讓我遠走 [Verse 2] 有話只能掩在心頭　總讓彼此變得沉默 如果時間能夠倒流　寧可把愛撕散風中 [Bridge] 如何能夠獨自掙脫　不忍心事就此流落 明知是自己親上的鎖 只能嚐盡所有苦果 [Chorus] 只想給你平常的我　這次別再轉身而走 我們可以只是朋友　相見的時候招個小手 [Outro] 好想保留彼此笑容 想好走就不再多說 我也不想讓你難受 只有彼此不再回頭
留言（ 0 ） 最相關留言 所有留言
留言（ 0 ）",2026-09-29,,,False,False,
2026-10-03 19:47:04,realtime,urban,,,14,Hugowave,也許我已經釋放,1,11,0,https://streetvoice.com/idunnomusic/songs/881303/,https://streetvoice.com/idunnomusic/,"https://akstatic.streetvoice.com/song_covers/id/un/idunnomusic/KiF38yN7NZW6cKQsD35z8s.jpeg?x-oss-process=image/resize,m_fill,h_400,w_400,limit_0",images/881303.jpeg,@idunnomusic,音樂人,台北市,2023-06-01,,1,14,1,,,https://www.youtube.com/user/StreetVoiceTV,,,R&B / Soul,,,,"作為專輯的最後一首歌，它寫的是浮出水面後，仍帶著過去但不再被它困住，也許我沒有完全忘記，但我已經可以釋放。 詞 Lyricist：Hugo 曲 Composer：Hugo 製作人 Producer：Hugo 編曲 Arranger：Hugo 混音 Mixing：Hugo 母帶 Mastering ：柯小名 鍵盤 Keyboards：謝維椿Wilson 吉他 Guitar : Hugo 貝斯 Bass : Hugo 
作為專輯的最後一首歌，它寫的是浮出水面後，仍帶著過去但不再被它困住，也許我沒有完全忘記，但我已經可以釋放。
詞 Lyricist：Hugo 曲 Composer：Hugo 製作人 Producer：Hugo 編曲 Arranger：Hugo 混音 Mixing：Hugo 母帶 Mastering ：柯小名 鍵盤 Keyboards：謝維椿Wilson 吉他 Guitar : Hugo 貝斯 Bass : Hugo","動態歌詞
也許我已經釋放 給我來一瓶啤酒 撬開瓶口 泡在水中 一人游泳 也許不再被綑綁 給我來一瓶啤酒 撬開瓶口 泡在水中 一人游泳 許多未知感受 來不及看透 快被這個世界趕走 我還想接著走 接著走 接著走 帶走我的靈魂過活 我所有的 不多 無視懦弱 順著水波 也許我已經釋放 給我來一瓶啤酒 撬開瓶口 泡在水中 一人游泳 也許不再被綑綁 給我來一瓶啤酒 撬開瓶口 泡在水中 無風的地方為什麼會起風 灌入耳中 深入瞳孔令人慌張 抬起頭 望進一片 深邃的海 閃爍細碎的光 鬆開 放手 放空在 上升中 順著風 哼唱不 平息地 翻湧 外面的一切都在睡 碎落一地狼藉 月光掉在鼻尖 也許我已經釋放 給我來一瓶啤酒 撬開瓶口 泡在水中 一人游泳 也許不再被綑綁走進水中 呼吸我的生活 
也許我已經釋放 給我來一瓶啤酒 撬開瓶口 泡在水中 一人游泳 也許不再被綑綁 給我來一瓶啤酒 撬開瓶口 泡在水中 一人游泳 許多未知感受 來不及看透 快被這個世界趕走 我還想接著走 接著走 接著走 帶走我的靈魂過活 我所有的 不多 無視懦弱 順著水波 也許我已經釋放 給我來一瓶啤酒 撬開瓶口 泡在水中 一人游泳 也許不再被綑綁 給我來一瓶啤酒 撬開瓶口 泡在水中 無風的地方為什麼會起風 灌入耳中 深入瞳孔令人慌張 抬起頭 望進一片 深邃的海 閃爍細碎的光 鬆開 放手 放空在 上升中 順著風 哼唱不 平息地 翻湧 外面的一切都在睡 碎落一地狼藉 月光掉在鼻尖 也許我已經釋放 給我來一瓶啤酒 撬開瓶口 泡在水中 一人游泳 也許不再被綑綁走進水中 呼吸我的生活
留言（ 0 ） 最相關留言 所有留言
留言（ 0 ）",2026-09-30,,,False,False,
2026-10-03 19:47:04,realtime,urban,,,15,林禾 LH,你的缺席太吵 Silent Loud,5,95,1,https://streetvoice.com/hank830614/songs/881701/,https://streetvoice.com/hank830614/,"https://akstatic.streetvoice.com/song_covers/ha/nk/hank830614/2XTANMLjydWmjXMrMsTgmp.jpeg?x-oss-process=image/resize,m_fill,h_400,w_400,limit_0",images/881701.jpeg,@hank830614,音樂人,台中市,2015-12-01,2023-03-14 11:35,4,97,1,https://www.facebook.com/hanklin0614,https://www.instagram.com/hanklin0614/,https://www.youtube.com/channel/UCWqj7ykufhkxTNWUYAJUHcw,,,R&B / Soul,,,,"作為 Sensual Tempo 感性節奏 系列的第九篇章，林禾的〈你的缺席太吵〉接續了前作〈清醒時候〉沉靜的窒息感，將情緒張力推向痛覺頂峰。 歌曲以「缺席太吵」為核心概念，翻轉了失去後的寂靜，將空無一人的孤單化為震耳欲聾的喧鬧。林禾用極富壓迫感的聲線，唱出「越想忘越聞得到」、「安靜裡全是你」的失控戒斷症狀。對方的離開並未帶來平靜，反而讓習慣與回憶在寂靜中放大成巨大的噪訊。 歌詞寫盡了夜裡的無處可逃：重設了行為模式、清空了訊息，心跳一緊縮卻又把對方默背一遍。林禾唱出了失去後被「留下的空白」無聲轟炸的真實煎熬，讓每一個被寂靜困住的人，都能在這些喧鬧的音符裡找到共鳴。 - 作詞 Lyricist：林耕禾 Hank Lin 作曲 Composer：林耕禾 Hank Lin 製作人 Producer：林耕禾 Hank Lin 混音師 Mixing Engineer：林耕禾 Hank Lin 母帶後期處理工程師 Mastering Engineer：林耕禾 Hank Lin 
作為 Sensual Tempo 感性節奏 系列的第九篇章，林禾的〈你的缺席太吵〉接續了前作〈清醒時候〉沉靜的窒息感，將情緒張力推向痛覺頂峰。
歌曲以「缺席太吵」為核心概念，翻轉了失去後的寂靜，將空無一人的孤單化為震耳欲聾的喧鬧。林禾用極富壓迫感的聲線，唱出「越想忘越聞得到」、「安靜裡全是你」的失控戒斷症狀。對方的離開並未帶來平靜，反而讓習慣與回憶在寂靜中放大成巨大的噪訊。
歌詞寫盡了夜裡的無處可逃：重設了行為模式、清空了訊息，心跳一緊縮卻又把對方默背一遍。林禾唱出了失去後被「留下的空白」無聲轟炸的真實煎熬，讓每一個被寂靜困住的人，都能在這些喧鬧的音符裡找到共鳴。 - 作詞 Lyricist：林耕禾 Hank Lin 作曲 Composer：林耕禾 Hank Lin
製作人 Producer：林耕禾 Hank Lin 混音師 Mixing Engineer：林耕禾 Hank Lin 母帶後期處理工程師 Mastering Engineer：林耕禾 Hank Lin","這些天亮得太慢 夜裡卻亮得太煩 你的背影像迴音散不開在房間盤旋 我把行為模式重設 也把你的消息清空 可心跳一緊縮 就又把你默背一遍 你的好我不敢碰 怕一碰就會崩 那些甜得太危險的內容 關掉視線 關不掉這種空洞 你的缺席太吵 比你的聲音還吵 你越沉默越喧鬧 像把我困在心裡的監牢 你的缺席太吵 整個世界都變得刺耳又煎熬 我越想忘越聞得到 你留在空氣裡的味道 我學著不去想你結果變得更想你 所有距離都在提醒你已經不屬於這裡 我們的故事太短我給的愛太慢 你要的答案我到最後還來不及說完 回憶像倒轉的濾鏡把傷口放大清晰 你安靜不像道別卻切得更徹底 你的缺席太吵 比你的聲音還吵 安靜裡全是你每一秒 都像被重複懲罰 你的缺席太吵 把我心跳節奏全部打亂掉 我越想好好越被拉回 你說再見那天的擁抱 我不是不放下 只是太習慣你在 不是忘不了你是忘不了你留下的空白 你的缺席太吵 比孤單還吵 你帶走我所有安靜 只剩下心碎的音量 你的缺席太吵 吵到我完全聽不見自己 原來愛的離開 也會這麼 竟然這麼 大聲(Loudness) 
這些天亮得太慢 夜裡卻亮得太煩 你的背影像迴音散不開在房間盤旋 我把行為模式重設 也把你的消息清空 可心跳一緊縮 就又把你默背一遍
你的好我不敢碰 怕一碰就會崩 那些甜得太危險的內容 關掉視線 關不掉這種空洞
你的缺席太吵 比你的聲音還吵 你越沉默越喧鬧 像把我困在心裡的監牢 你的缺席太吵 整個世界都變得刺耳又煎熬 我越想忘越聞得到 你留在空氣裡的味道
我學著不去想你結果變得更想你 所有距離都在提醒你已經不屬於這裡 我們的故事太短我給的愛太慢 你要的答案我到最後還來不及說完
回憶像倒轉的濾鏡把傷口放大清晰 你安靜不像道別卻切得更徹底
你的缺席太吵 比你的聲音還吵 安靜裡全是你每一秒 都像被重複懲罰 你的缺席太吵 把我心跳節奏全部打亂掉 我越想好好越被拉回 你說再見那天的擁抱
我不是不放下 只是太習慣你在 不是忘不了你是忘不了你留下的空白
你的缺席太吵 比孤單還吵 你帶走我所有安靜 只剩下心碎的音量 你的缺席太吵 吵到我完全聽不見自己 原來愛的離開 也會這麼 竟然這麼 大聲(Loudness)
留言（ 1 ） 最相關留言 所有留言
留言（ 1 ）",2026-09-29,,,False,False,
2026-10-03 19:47:04,realtime,urban,,,16,城市浪橘,理想混蛋 (Bestards) - 離開的一路上 Cover By 城市浪橘,1,24,0,https://streetvoice.com/cityoreal01/songs/881328/,https://streetvoice.com/cityoreal01/,"https://akstatic.streetvoice.com/song_covers/ci/ty/cityoreal01/ecZRFy6eZBVQC5WmFKHznE.jpg?x-oss-process=image/resize,m_fill,h_400,w_400,limit_0",images/881328.jpg,@cityoreal01,音樂人,台北市,2025-03-01,,27,1,1,,,https://www.youtube.com/user/StreetVoiceTV,,,R&B / Soul,,,,"理想混蛋 (Bestards) - 離開的一路上 Cover By 城市浪橘 
理想混蛋 (Bestards) - 離開的一路上 Cover By 城市浪橘","這是沒有提供歌詞的歌曲
留言（ 0 ） 最相關留言 所有留言
留言（ 0 ）",2026-09-27,,,False,False,
2026-10-03 19:47:04,realtime,urban,,,17,城市浪橘,蘇打綠-無與倫比的美麗 Cover By 城市浪橘,1,13,0,https://streetvoice.com/cityoreal01/songs/881325/,https://streetvoice.com/cityoreal01/,"https://akstatic.streetvoice.com/song_covers/ci/ty/cityoreal01/4gZExKhLQrzK9WCqnXXUwX.jpg?x-oss-process=image/resize,m_fill,h_400,w_400,limit_0",images/881325.jpg,@cityoreal01,音樂人,台北市,2025-03-01,,27,1,1,,,https://www.youtube.com/user/StreetVoiceTV,,,R&B / Soul,,,,"蘇打綠-無與倫比的美麗 Cover By 城市浪橘 
蘇打綠-無與倫比的美麗 Cover By 城市浪橘","這是沒有提供歌詞的歌曲
留言（ 0 ） 最相關留言 所有留言
留言（ 0 ）",2026-09-27,,,False,False,
2026-10-03 19:47:04,realtime,urban,,,18,Hope 余悦,Sunshine Baby,4,81,3,https://streetvoice.com/hope_yueh/songs/880343/,https://streetvoice.com/hope_yueh/,"https://akstatic.streetvoice.com/song_covers/ho/pe/hope_yueh/hNCTXcAGBm77VWYEJfmoqK.jpeg?x-oss-process=image/resize,m_fill,h_400,w_400,limit_0",images/880343.jpeg,@hope_yueh,音樂人,,,,1,2,,,,https://www.youtube.com/user/StreetVoiceTV,,,R&B / Soul,,,,"词曲编唱：余悦 
词曲编唱：余悦","着迷于你的放肆 任性 像是我给了你足够的底气 拗不过你 只好顺着你的情绪 有时我感到难以置信 两个相反个体之间的默契 无需言语 我们却心有灵犀 Sunshine Baby 不发一语 说我爱你 我听得清 确定 永远的淘气 我在这里守护着你 Sunshine Baby 牙尖嘴利 你的声音 回荡在我心里 感谢你出现在我生命里 你在的时候是无限治愈 喜欢观察你的小表情 从不隐藏却又心思细腻 勇敢争取 对失败从不畏惧 有时我也会责怪自己 怎么还是学不会如何爱你 好希望你 能够一直幸福到底 Sunshine Baby 不发一语 说我爱你 我听得清 确定 永远的淘气 我在这里守护着你 Sunshine Baby 牙尖嘴利 你的声音 回荡在我心里 感谢你出现在我生命里 你在的时候是无限治愈 
着迷于你的放肆 任性 像是我给了你足够的底气 拗不过你 只好顺着你的情绪
有时我感到难以置信 两个相反个体之间的默契 无需言语 我们却心有灵犀
Sunshine Baby 不发一语 说我爱你 我听得清 确定 永远的淘气 我在这里守护着你 Sunshine Baby 牙尖嘴利 你的声音 回荡在我心里 感谢你出现在我生命里 你在的时候是无限治愈
喜欢观察你的小表情 从不隐藏却又心思细腻 勇敢争取 对失败从不畏惧
有时我也会责怪自己 怎么还是学不会如何爱你 好希望你 能够一直幸福到底
Sunshine Baby 不发一语 说我爱你 我听得清 确定 永远的淘气 我在这里守护着你 Sunshine Baby 牙尖嘴利 你的声音 回荡在我心里 感谢你出现在我生命里 你在的时候是无限治愈
留言（ 3 ） 最相關留言 所有留言
留言（ 3 ）",2026-09-20,,編輯推薦,True,False,
2026-10-03 19:47:04,realtime,urban,,,19,城市浪橘,"明明就是溫柔的人 control T

Cover By 城市浪橘",0,0,0,https://streetvoice.com/cityoreal01/songs/881327/,https://streetvoice.com/cityoreal01/,"https://akstatic.streetvoice.com/song_covers/ci/ty/cityoreal01/8rnrPjWotjpnstbRmTUqAu.jpg?x-oss-process=image/resize,m_fill,h_400,w_400,limit_0",images/881327.jpg,@cityoreal01,音樂人,台北市,2025-03-01,,27,1,1,,,https://www.youtube.com/user/StreetVoiceTV,,,R&B / Soul,,,,"明明就是溫柔的人 control T Cover By 城市浪橘 
明明就是溫柔的人 control T
Cover By 城市浪橘","這是沒有提供歌詞的歌曲
留言（ 0 ） 最相關留言 所有留言
留言（ 0 ）",2026-09-27,,,False,False,
2026-10-03 19:47:04,realtime,urban,,,20,城市浪橘,菲道爾(Firdhaus) - 能遇見，就很不錯了 Cover By 城市浪橘,1,16,0,https://streetvoice.com/cityoreal01/songs/881326/,https://streetvoice.com/cityoreal01/,"https://akstatic.streetvoice.com/song_covers/ci/ty/cityoreal01/bg6uKm4rkh9RaEdSdCVM5Q.jpg?x-oss-process=image/resize,m_fill,h_400,w_400,limit_0",images/881326.jpg,@cityoreal01,音樂人,台北市,2025-03-01,,27,1,1,,,https://www.youtube.com/user/StreetVoiceTV,,,R&B / Soul,,,,"菲道爾(Firdhaus) - 能遇見，就很不錯了 Cover By 城市浪橘 
菲道爾(Firdhaus) - 能遇見，就很不錯了 Cover By 城市浪橘","這是沒有提供歌詞的歌曲
留言（ 0 ） 最相關留言 所有留言
留言（ 0 ）",2026-09-27,,,False,False,
2026-10-03 19:47:04,realtime,urban,,,21,吟唱詩人黃安祖,《心經》爵士版,2,167,0,https://streetvoice.com/AntzuPoetSinger/songs/881202/,https://streetvoice.com/AntzuPoetSinger/,"https://akstatic.streetvoice.com/song_covers/An/tz/AntzuPoetSinger/3GnJcpZchfaLsJmjwCGHrr.jpeg?x-oss-process=image/resize,m_fill,h_400,w_400,limit_0",images/881202.jpeg,@AntzuPoetSinger,音樂人,台北市,2015-10-01,,9,11,1,,,https://www.youtube.com/user/StreetVoiceTV,,,Jazz,,,,"《心經》(爵士版) 將佛學經典唱成爵士樂 吟唱詩人黃安祖 15度美國「全球音樂獎」得主 《心經》(爵士版) 為吟唱詩人黃安祖，最新爵士樂單曲。將文學及宗教經典唱成歌，吟唱詩人黃安祖擅長將現代詩改編為流行/藝術混血風格的詩歌，讓更多人欣賞詩的美麗。 以多元當代流行及前衛風格著稱的安祖(如電音、搖滾、R&B、Dream Pop、Trip Hop、爵士、嘻哈)，此次以輕爵士風格，為大家演唱詮釋一首Chill，慵懶浪漫的《心經》爵士版。 「身為一位佛教徒，我希望創作一首旋律優雅動聽，具爵士風格的心經，送給下一個世代的讀者與聽眾。」安祖表示。 「這首《心經》(爵士版)具有Chill，Lo-Fi，慵懶及寧靜的情調。」安祖解釋。「我希望這首歌能為大家帶來撫慰及寧靜的祝福。」 安祖邀請留學美國的印尼音樂家Wumboiidesu操刀編曲及製作，完成這首動聽的《心經》(爵士版)。他希望這首詩歌能帶給大家心靈上的平靜及撫慰。 新單曲的創作製作源自2025年廣受讚譽的獲獎專輯【大師致敬- 夢遊】。此作品為音樂史上，首張將古今中外的經典詩作改編爲全電音的詩歌專輯。其中，安祖將佛學經典文本《心經》改編為前所未聞的電音情歌，將他善長的優美旋律與經文結合，並以他標誌性充滿情感的唱腔詮釋演唱，大受佛教徒及大眾聽眾們歡迎。並衍生出電音《心經》EP的發行，將此曲以原始單曲版及Trance Remix雙版本呈現。安祖本年發表一首電音《心經》(鋼琴版)版本，及中英雙語版純情歌《心經》(抒情版)及”Heart Sutra”(Ballad)。 《心經》全名為《般若波羅蜜多心經》，是佛教中篇幅最短、流傳最廣的經典之一，核心內容在於闡述般若智慧與空性的境界。 《心經》由玄奘去印度去印度取經並翻譯，全篇僅260餘字，精煉地總持了大乘佛教「般若智慧」與「空性」的核心思想。經文從觀自在菩薩的體證出發，闡述了色空不二、五蘊皆空、不生不滅的哲理，並說明依此智慧能度一切苦厄、超越顛倒夢想，達到涅槃的境界。 
《心經》(爵士版) 將佛學經典唱成爵士樂 吟唱詩人黃安祖 15度美國「全球音樂獎」得主 《心經》(爵士版) 為吟唱詩人黃安祖，最新爵士樂單曲。將文學及宗教經典唱成歌，吟唱詩人黃安祖擅長將現代詩改編為流行/藝術混血風格的詩歌，讓更多人欣賞詩的美麗。 以多元當代流行及前衛風格著稱的安祖(如電音、搖滾、R&B、Dream Pop、Trip Hop、爵士、嘻哈)，此次以輕爵士風格，為大家演唱詮釋一首Chill，慵懶浪漫的《心經》爵士版。 「身為一位佛教徒，我希望創作一首旋律優雅動聽，具爵士風格的心經，送給下一個世代的讀者與聽眾。」安祖表示。 「這首《心經》(爵士版)具有Chill，Lo-Fi，慵懶及寧靜的情調。」安祖解釋。「我希望這首歌能為大家帶來撫慰及寧靜的祝福。」 安祖邀請留學美國的印尼音樂家Wumboiidesu操刀編曲及製作，完成這首動聽的《心經》(爵士版)。他希望這首詩歌能帶給大家心靈上的平靜及撫慰。 新單曲的創作製作源自2025年廣受讚譽的獲獎專輯【大師致敬- 夢遊】。此作品為音樂史上，首張將古今中外的經典詩作改編爲全電音的詩歌專輯。其中，安祖將佛學經典文本《心經》改編為前所未聞的電音情歌，將他善長的優美旋律與經文結合，並以他標誌性充滿情感的唱腔詮釋演唱，大受佛教徒及大眾聽眾們歡迎。並衍生出電音《心經》EP的發行，將此曲以原始單曲版及Trance Remix雙版本呈現。安祖本年發表一首電音《心經》(鋼琴版)版本，及中英雙語版純情歌《心經》(抒情版)及”Heart Sutra”(Ballad)。 《心經》全名為《般若波羅蜜多心經》，是佛教中篇幅最短、流傳最廣的經典之一，核心內容在於闡述般若智慧與空性的境界。 《心經》由玄奘去印度去印度取經並翻譯，全篇僅260餘字，精煉地總持了大乘佛教「般若智慧」與「空性」的核心思想。經文從觀自在菩薩的體證出發，闡述了色空不二、五蘊皆空、不生不滅的哲理，並說明依此智慧能度一切苦厄、超越顛倒夢想，達到涅槃的境界。","《心經》(爵士版) 吟唱詩人安祖 經文：悉達多 曲：安祖 演唱：安祖 編曲/製作：Wumboii，黃安祖 觀自在菩薩，行深般若波羅蜜多時，照見五蘊皆空，度一切苦厄。 舍利子！色不異空，空不異色；色即是空， 空即是色，受想行識 亦復如是。亦復如是。 舍利子！是諸法空相，不生不滅，不垢不淨， 舍利子！是諸法空相，不垢不淨，不增不減。 是故，空中無色，無受想行識；無眼耳鼻舌身意；無色聲香味觸法； 無眼界，乃至無意識界；無無明，亦無無明盡， 乃至無老死，亦無老死盡；無苦集滅道；無智亦無得。 以無所得故，菩提薩埵。 依般若波羅蜜多故，心無罣礙；無罣礙故，無有恐怖， 遠離顛倒夢想，究竟涅槃。遠離顛倒夢想，究竟涅槃。 三世諸佛，依般若波羅蜜多故，得阿耨多羅 三藐三菩提。 得阿耨多羅 三藐三菩提。 故知：般若波羅蜜多. 是大神咒，是大明咒，是無上咒， 是無等等咒，能除一切苦，能除一切苦，真實不虛。 故說般若 波羅蜜多咒，即說咒曰：揭諦揭諦， 揭諦揭諦，波羅揭諦，波羅僧揭諦，菩提薩婆訶。 
《心經》(爵士版) 吟唱詩人安祖 經文：悉達多 曲：安祖 演唱：安祖 編曲/製作：Wumboii，黃安祖
觀自在菩薩，行深般若波羅蜜多時，照見五蘊皆空，度一切苦厄。 舍利子！色不異空，空不異色；色即是空， 空即是色，受想行識 亦復如是。亦復如是。 舍利子！是諸法空相，不生不滅，不垢不淨， 舍利子！是諸法空相，不垢不淨，不增不減。
是故，空中無色，無受想行識；無眼耳鼻舌身意；無色聲香味觸法； 無眼界，乃至無意識界；無無明，亦無無明盡， 乃至無老死，亦無老死盡；無苦集滅道；無智亦無得。 以無所得故，菩提薩埵。 依般若波羅蜜多故，心無罣礙；無罣礙故，無有恐怖， 遠離顛倒夢想，究竟涅槃。遠離顛倒夢想，究竟涅槃。 三世諸佛，依般若波羅蜜多故，得阿耨多羅 三藐三菩提。 得阿耨多羅 三藐三菩提。
故知：般若波羅蜜多. 是大神咒，是大明咒，是無上咒， 是無等等咒，能除一切苦，能除一切苦，真實不虛。 故說般若 波羅蜜多咒，即說咒曰：揭諦揭諦， 揭諦揭諦，波羅揭諦，波羅僧揭諦，菩提薩婆訶。
留言（ 0 ） 最相關留言 所有留言
留言（ 0 ）",2026-09-26,,,False,False,
2026-10-03 19:47:04,realtime,urban,,,22,曾地瓜 Sundaiie,或許,3,557,0,https://streetvoice.com/hmmsundaiie/songs/881121/,https://streetvoice.com/hmmsundaiie/,"https://akstatic.streetvoice.com/song_covers/hm/ms/hmmsundaiie/572wfz8yex7ZBNvQ9UhprP.jpeg?x-oss-process=image/resize,m_fill,h_400,w_400,limit_0",images/881121.jpeg,@hmmsundaiie,音樂人,,,,1,4,1,,,https://www.youtube.com/user/StreetVoiceTV,,,R&B / Soul,,,,"一段無來由結束的situationship比暈船還痛苦 如果你也剛結束一段有毒的關係，這首歌是屬於你的😔💔 -製作名單 credits- 作詞 Lyricist：曾地瓜 Sundaiie 作曲 Composer：​曾地瓜 Sundaiie 編曲 Music Arrangement：KeeAnn 製作人 Producer：KeeAnn 合聲編寫 Background Vocals Arrangement：曾地瓜 Sundaiie、KeeAnn 合聲 Background Vocals：曾地瓜 Sundaiie 配唱製作 Vocal Producer：KeeAnn 人聲錄音師 Vocal Recording Engineer：KeeAnn 人聲錄音室 Vocal Recording Studio：吉吉吉吉Studio 混音工程師 Mixing Engineer：王希舞 C5 母帶後期處理工程師 Mastering Engineer：王希舞 C5 封面設計Album cover art：丁子恩 UlaDing 特別感謝 Special thanks : 張秉富、洪尚捷 SOUND J114 、 Anita Huang 
一段無來由結束的situationship比暈船還痛苦 如果你也剛結束一段有毒的關係，這首歌是屬於你的😔💔
-製作名單 credits- 作詞 Lyricist：曾地瓜 Sundaiie 作曲 Composer：​曾地瓜 Sundaiie 編曲 Music Arrangement：KeeAnn 製作人 Producer：KeeAnn 合聲編寫 Background Vocals Arrangement：曾地瓜 Sundaiie、KeeAnn 合聲 Background Vocals：曾地瓜 Sundaiie 配唱製作 Vocal Producer：KeeAnn 人聲錄音師 Vocal Recording Engineer：KeeAnn 人聲錄音室 Vocal Recording Studio：吉吉吉吉Studio 混音工程師 Mixing Engineer：王希舞 C5 母帶後期處理工程師 Mastering Engineer：王希舞 C5
封面設計Album cover art：丁子恩 UlaDing 特別感謝 Special thanks : 張秉富、洪尚捷 SOUND J114 、 Anita Huang","動態歌詞
或許 從沒給過彼此定義 也不能算作失去你 感覺像成了癮 又何必去忘記 遇見你之前不懂得寂寞 也曾經以為會有些什麼 其實不想承諾 卻還是不說破 Re-read all our texts, meaning less back and forth My fatal error , believing we both want more Never felt this before Oh boy, you make it way too painful 或許 從沒給過彼此定義 也不能算作失去你 感覺像成了癮 又何必去忘記 或許 永遠都是一個難題 學不會如何去解謎 回憶多難抽離 是下意識惦記 What am I to you 我到底算什麼 Acting like you’ve tried但從來沒愛過 我的錯 我的錯 Right it was all my fault 想得太多 全都是我 解讀了太多 惹的禍 這種感受 也算是做過一場夢 Too toxic this control 到頭來都沒有 請你放過我 愛情 終究需要面對分離 該如何接受失去你 不確定的關係 怎麼捨得放棄 愛情 從來不是個選擇題 也明白我們的距離 不想要再逃避 但已離我遠去 或許 離我遠去 是下意識惦記 或許 離我遠去 該怎麼去放棄 或許 
或許 從沒給過彼此定義 也不能算作失去你 感覺像成了癮 又何必去忘記 遇見你之前不懂得寂寞 也曾經以為會有些什麼 其實不想承諾 卻還是不說破 Re-read all our texts, meaning less back and forth My fatal error , believing we both want more Never felt this before Oh boy, you make it way too painful 或許 從沒給過彼此定義 也不能算作失去你 感覺像成了癮 又何必去忘記 或許 永遠都是一個難題 學不會如何去解謎 回憶多難抽離 是下意識惦記 What am I to you 我到底算什麼 Acting like you’ve tried但從來沒愛過 我的錯 我的錯 Right it was all my fault 想得太多 全都是我 解讀了太多 惹的禍 這種感受 也算是做過一場夢 Too toxic this control 到頭來都沒有 請你放過我 愛情 終究需要面對分離 該如何接受失去你 不確定的關係 怎麼捨得放棄 愛情 從來不是個選擇題 也明白我們的距離 不想要再逃避 但已離我遠去 或許 離我遠去 是下意識惦記 或許 離我遠去 該怎麼去放棄 或許
留言（ 0 ） 最相關留言 所有留言
留言（ 0 ）",2026-09-26,,,False,False,
2026-10-03 19:47:04,realtime,urban,,,23,史蒂芬 / SteeVen,Replay / 重播,1,32,0,https://streetvoice.com/StevenYW/songs/880670/,https://streetvoice.com/StevenYW/,"https://akstatic.streetvoice.com/song_covers/St/ev/StevenYW/iGGfgGDPiGvSSSnq8nHUnP.jpeg?x-oss-process=image/resize,m_fill,h_400,w_400,limit_0",images/880670.jpeg,@StevenYW,音樂人,高雄市,2018-07-01,2021-06-17 18:31,8,181,3,https://www.facebook.com/SteeVennnn/,https://www.instagram.com/steevenyw/,https://www.youtube.com/channel/UCJv8hh0Ym-Psr46ctzCWt9Q,《大嘻哈時代2》三位評審直播正面回應網友 Gummy B對決史蒂芬＆艾蜜莉成焦點|||https://blow.streetvoice.com/66057/?utm_source=streetvoice&utm_medium=profile-news-block,,R&B / Soul,,,,"DEMO 只有追蹤我街聲的你聽的到 所以可以的話 說說你的感受 
DEMO 只有追蹤我街聲的你聽的到 所以可以的話 說說你的感受","重播 心情像像失落的沙洲 默劇裡無形的枷鎖 Replay Replay 那一瞬間 Replay Replay 定格那些畫面 曾經believe 那shit 逃離等過完年 約好私奔 妳遞了菸 沒想是最後一面 門邊的玻璃鞋 妳最常穿的卻 在離開時 絕情得狠 看都沒看一眼 連我也 數落過妳的 恨自己當時沒勇氣面對 眼界不開闊 生活沒變過 還是被罵頹廢 怎麼過下去 無法言喻沒有妳 怎麼忘得去 無法言喻 擁有妳 曾經 重播 心情像像失落的沙洲 默劇裡無形的枷鎖 Replay Replay 困在那一瞬間 Replay Replay 定格那些畫面 錯過 無法挽回曾經那些傷痛 於你於我是最好的 這種 折衷 餘暉 迂迴（餘暉般的迂迴） 與你與我是最好的 what’s your type bae why not just go back I need you , l need you by my side hmmm… 耶 這是 第幾個日子我已經數不清 也數不起了 填飽了肚子 變得務實 開始看得清社會的現實 面 對 不對 （面對） 誰說的對得看上面 但依稀記得 從前總對你說 對對對你說的都對 When I finally realize （當我終於意識到 how recklessly I treated you（曾經對你多肆無忌憚 By the time I realized（等我明白的時候 you were already gone（妳已經走了 重播 心情像像失落的沙洲 默劇裡無形的枷鎖 Replay Replay 困在那一瞬間 Replay Replay 定格那些畫面 錯過 無法挽回曾經那些傷痛 於你於我是最好的 折衷 這種 迂迴 餘暉 與你與我是最好的 
重播 心情像像失落的沙洲 默劇裡無形的枷鎖 Replay Replay 那一瞬間 Replay Replay 定格那些畫面
曾經believe 那shit 逃離等過完年 約好私奔 妳遞了菸 沒想是最後一面 門邊的玻璃鞋 妳最常穿的卻 在離開時 絕情得狠 看都沒看一眼 連我也
數落過妳的 恨自己當時沒勇氣面對 眼界不開闊 生活沒變過 還是被罵頹廢 怎麼過下去 無法言喻沒有妳 怎麼忘得去 無法言喻 擁有妳 曾經
重播 心情像像失落的沙洲 默劇裡無形的枷鎖 Replay Replay 困在那一瞬間 Replay Replay 定格那些畫面 錯過 無法挽回曾經那些傷痛 於你於我是最好的 這種 折衷 餘暉 迂迴（餘暉般的迂迴） 與你與我是最好的
what’s your type bae why not just go back I need you , l need you by my side hmmm…
耶 這是 第幾個日子我已經數不清 也數不起了 填飽了肚子 變得務實 開始看得清社會的現實 面 對 不對 （面對） 誰說的對得看上面 但依稀記得 從前總對你說 對對對你說的都對
When I finally realize （當我終於意識到 how recklessly I treated you（曾經對你多肆無忌憚 By the time I realized（等我明白的時候 you were already gone（妳已經走了
重播 心情像像失落的沙洲 默劇裡無形的枷鎖 Replay Replay 困在那一瞬間 Replay Replay 定格那些畫面 錯過 無法挽回曾經那些傷痛 於你於我是最好的 折衷 這種 迂迴 餘暉 與你與我是最好的
留言（ 0 ） 最相關留言 所有留言
留言（ 0 ）",2026-09-22,,,False,False,
2026-10-03 19:47:04,realtime,urban,,,24,evansweng,雨何時才要停呢,0,11,0,https://streetvoice.com/Evansweng/songs/880975/,https://streetvoice.com/Evansweng/,"https://akstatic.streetvoice.com/profile_images/Ev/an/Evansweng/kjJNaGpvZHzkrCyQ6eH6x6.jpg?x-oss-process=image/resize,m_fill,h_400,w_400,limit_0",images/880975.jpg,@Evansweng,音樂人,新北市,2021-02-01,,3,5,4,,,https://www.youtube.com/user/StreetVoiceTV,,,Jazz,,,,"有一點灰色的雨天 有一點灰色的心情 但迎向光明未來 
有一點灰色的雨天 有一點灰色的心情 但迎向光明未來","這是沒有提供歌詞的歌曲
留言（ 0 ） 最相關留言 所有留言
留言（ 0 ）",2026-09-24,,,False,False,
2026-10-03 19:47:04,realtime,urban,,,25,林柏希 kanasi_boxi,我跟你沒什麼好談,4,125,0,https://streetvoice.com/kanasi_boxi/songs/880608/,https://streetvoice.com/kanasi_boxi/,"https://akstatic.streetvoice.com/song_covers/ka/na/kanasi_boxi/9HtBFseTyBQemPkgAdVX9L.jpg?x-oss-process=image/resize,m_fill,h_400,w_400,limit_0",images/880608.jpg,@kanasi_boxi,音樂人,,,,17,3,6,,,https://www.youtube.com/user/StreetVoiceTV,,,Jazz,,,,"🎧 單曲介紹｜跟你沒什麼好談 有些話，不是不想說，而是說了也沒有意義。 《跟你沒什麼好談》是一首關於清醒、界線與放下的作品。 當解釋變得多餘，當溝通失去意義，我選擇不再爭辯，也不再浪費時間證明自己。 不是每段關係都值得挽留，也不是每件事情都需要一個答案。 有些人，到此為止就好。 
🎧 單曲介紹｜跟你沒什麼好談
有些話，不是不想說，而是說了也沒有意義。
《跟你沒什麼好談》是一首關於清醒、界線與放下的作品。
當解釋變得多餘，當溝通失去意義，我選擇不再爭辯，也不再浪費時間證明自己。
不是每段關係都值得挽留，也不是每件事情都需要一個答案。
有些人，到此為止就好。","這是沒有提供歌詞的歌曲
留言（ 0 ） 最相關留言 所有留言
留言（ 0 ）",2026-09-22,,,False,False,
2026-10-03 19:47:04,realtime,urban,,,26,幸運空氣,記憶空間,4,484,0,https://streetvoice.com/luckyair43/songs/880696/,https://streetvoice.com/luckyair43/,"https://akstatic.streetvoice.com/song_covers/lu/ck/luckyair43/PSAVPDPP9URkUEDrkBcp5c.jpeg?x-oss-process=image/resize,m_fill,h_400,w_400,limit_0",images/880696.jpeg,@luckyair43,音樂人,,,2021-06-04 17:58,26,63,20,https://www.facebook.com/airway777,https://www.instagram.com/luckyair777,https://www.youtube.com/channel/UChSEkR8gHUBkx0IsCfR1xwA/about,告別誠品生活 116 強辯樂團與幸運空氣勾起共同的青春回憶|||https://blow.streetvoice.com/15610/?utm_source=streetvoice&utm_medium=profile-news-block; 【歌單】謙虛勤勉的小書蟲——處女座|||https://blow.streetvoice.com/35796/?utm_source=streetvoice&utm_medium=profile-news-block; 2015 年度 StreetVoice 音樂作品人氣榜 TOP 50|||https://blow.streetvoice.com/16431/?utm_source=streetvoice&utm_medium=profile-news-block,,Jazz,,,,"「時間直直行，留下來的舊相片，你敢猶會斟酌看？」 故鄉的溪水枯了、老舊的大樓斑駁了，時間從不為誰的眷戀而停下腳步。 《記憶空間》以溫潤沉靜的鋼琴與弦樂緩緩鋪展，揉合深刻細膩的台語文字，將時間流逝的無奈、人事變遷的蒼涼，凝結成一場如陳年酒香般的旅程。這是一首寫給故鄉、寫給舊時光，也寫給內心深處那個未曾走遠的伊人的歌。 願這首歌能在你的耳裡留下一處安靜的記憶空間，陪你翻閱那些不曾褪色的記憶批紙。 
「時間直直行，留下來的舊相片，你敢猶會斟酌看？」
故鄉的溪水枯了、老舊的大樓斑駁了，時間從不為誰的眷戀而停下腳步。
《記憶空間》以溫潤沉靜的鋼琴與弦樂緩緩鋪展，揉合深刻細膩的台語文字，將時間流逝的無奈、人事變遷的蒼涼，凝結成一場如陳年酒香般的旅程。這是一首寫給故鄉、寫給舊時光，也寫給內心深處那個未曾走遠的伊人的歌。
願這首歌能在你的耳裡留下一處安靜的記憶空間，陪你翻閱那些不曾褪色的記憶批紙。","【主歌 1】 時間直直行 變老孤單 看我故鄉 佇變化 樹仔無了了 溪水已經焦 想彼個人 已看無影 【副歌 1】 行佇彼個過去空間的我 欲按怎改變 無疼痛 無奈未來的我 變孤單 記憶鼻親像酒香的旅程 一工過一工 舊相片佇遮 我斟酌看 【主歌 2】 北風飛沙 吹白頭鬃 一人孤單 會畏寒 大樓舊了了 繁華已成空 想彼個人 攏看無影 【副歌 2】 記憶空間 時間一直行 懷念彼條巷 伊人佇遮佮你作伴 記憶空間 時間一直行 懷念的批紙 有啥人唸來聽 【副歌 3 / 尾奏】 記憶空間 時間一直行 懷念彼條巷 伊人佇遮佮你作伴 記憶空間 時間一直行 懷念的批紙 有啥人唸來聽 記憶空間…… 
【主歌 1】 時間直直行 變老孤單 看我故鄉 佇變化 樹仔無了了 溪水已經焦 想彼個人 已看無影 【副歌 1】 行佇彼個過去空間的我 欲按怎改變 無疼痛 無奈未來的我 變孤單 記憶鼻親像酒香的旅程 一工過一工 舊相片佇遮 我斟酌看 【主歌 2】 北風飛沙 吹白頭鬃 一人孤單 會畏寒 大樓舊了了 繁華已成空 想彼個人 攏看無影 【副歌 2】 記憶空間 時間一直行 懷念彼條巷 伊人佇遮佮你作伴 記憶空間 時間一直行 懷念的批紙 有啥人唸來聽 【副歌 3 / 尾奏】 記憶空間 時間一直行 懷念彼條巷 伊人佇遮佮你作伴 記憶空間 時間一直行 懷念的批紙 有啥人唸來聽 記憶空間……
留言（ 0 ） 最相關留言 所有留言
留言（ 0 ）",2026-09-23,,,False,False,
2026-10-03 19:47:04,realtime,urban,,,27,阿橘,926來台中看阿橘-都賴給你 (By JAYWANG 王子慧),5,91,1,https://streetvoice.com/ahh_g/songs/879463/,https://streetvoice.com/ahh_g/,"https://akstatic.streetvoice.com/song_covers/ah/h_/ahh_g/BtGokBjxXKdqxouLF7z8nq.jpeg?x-oss-process=image/resize,m_fill,h_400,w_400,limit_0",images/879463.jpeg,@ahh_g,音樂人,台北市,2017-06-01,2022-08-04 14:05,3,189,4,,https://instagram.com/_ahh_g_,https://www.youtube.com/user/StreetVoiceTV,阿橘AhhG全新個人專輯《碎了滿地卻還閃亮的》 攜手趙翊帆打造新歌〈作息〉|||https://blow.streetvoice.com/80982/?utm_source=streetvoice&utm_medium=profile-news-block; 阿橘Ahh G攜手Flowstrong推出單曲〈送給你的寂寞〉以舞曲包裝Z世代孤寂氛圍|||https://blow.streetvoice.com/79831/?utm_source=streetvoice&utm_medium=profile-news-block; 阿橘全新單曲〈Cool but Lonely〉 邀請鄒序跨刀合作|||https://blow.streetvoice.com/76593/?utm_source=streetvoice&utm_medium=profile-news-block,,R&B / Soul,,,JAY WANG 王子慧,"From KL to TPE 都市女聲夜洋通話｜阿橘 Ahh G X JAYWANG 王子慧 - 阿橘 來自新北市的 25 歲獨立創作歌手，自就讀台大外文系開始創作生涯，音樂風格以 Indie R&B、 Neo Soul 及City Pop為主。作為 Z 世代台灣年輕獨立音樂創作者擅於捕捉 Z 世代的人際觀、愛情觀，以及對未來夢想的煩惱，創造出獨樹一格的 Neo Taipei 世代流行風格。 2026年初，阿橘接連獲邀前往泰國曼谷「Bangkok Music City」及日本沖繩「Okinawa Music Lane Festival」，接連的海外演出，也擴大阿橘未來代表台灣新聲代歌手，以優異外語實力創作、跨境合作的可能性。 - JAYWANG 王子慧 JAYWANG 王子慧是來自馬來西亞的獨立音樂人，因在台灣留學期間接觸音樂創作而嶄露頭角。她以Fusion Pop為創作核心，融合 Hip Hop、R&B、Jazz 與 Electronic 等元素，透過柔和渾厚的嗓音與細膩而直白的文字，描寫成長、自我探索與親密關係中的情感拉扯。現活躍於馬來西亞與台灣，持續以獨立創作者身分探索流行音樂更多元的可能性。 - 移地訓練｜Shabbyboyz 2026 Label Tour 從吉隆坡的深夜到澳門的清晨， 一路把台北的節奏與北漂少年少女帶回家。 台中的暖陽，我們回家進行「移地訓練」吧， 從全新的演出場地、剽悍的 Barber Shop， 一路唱回跟我們一起長大的 Live House。 Shabbyboyz 奧少年四週年巡迴正式開訓。 - 時間： 9/26（六）19:00 地點：THE PILLARS (柱) 台中市北區篤行路13號3樓 陣容：阿橘 Ahh G X JAYWANG 王子慧（MY） 票價：預售票 500 元 / 現場票 700 元 售票時間：2026/07/01（三）12:00 開始販售 售票平台：Indievox 本案獲臺中市政府新聞局補助 出品 Produced by｜Shabby Boyz CO.,LTD. (P)&(C) 2026 Shabby Boyz CO.,LTD. 
From KL to TPE 都市女聲夜洋通話｜阿橘 Ahh G X JAYWANG 王子慧
-
阿橘
來自新北市的 25 歲獨立創作歌手，自就讀台大外文系開始創作生涯，音樂風格以 Indie R&B、 Neo Soul 及City Pop為主。作為 Z 世代台灣年輕獨立音樂創作者擅於捕捉 Z 世代的人際觀、愛情觀，以及對未來夢想的煩惱，創造出獨樹一格的 Neo Taipei 世代流行風格。
2026年初，阿橘接連獲邀前往泰國曼谷「Bangkok Music City」及日本沖繩「Okinawa Music Lane Festival」，接連的海外演出，也擴大阿橘未來代表台灣新聲代歌手，以優異外語實力創作、跨境合作的可能性。
-
JAYWANG 王子慧
JAYWANG 王子慧是來自馬來西亞的獨立音樂人，因在台灣留學期間接觸音樂創作而嶄露頭角。她以Fusion Pop為創作核心，融合 Hip Hop、R&B、Jazz 與 Electronic 等元素，透過柔和渾厚的嗓音與細膩而直白的文字，描寫成長、自我探索與親密關係中的情感拉扯。現活躍於馬來西亞與台灣，持續以獨立創作者身分探索流行音樂更多元的可能性。
-
移地訓練｜Shabbyboyz 2026 Label Tour
從吉隆坡的深夜到澳門的清晨，
一路把台北的節奏與北漂少年少女帶回家。
台中的暖陽，我們回家進行「移地訓練」吧，
從全新的演出場地、剽悍的 Barber Shop，
一路唱回跟我們一起長大的 Live House。
Shabbyboyz 奧少年四週年巡迴正式開訓。
-
時間： 9/26（六）19:00 地點：THE PILLARS (柱) 台中市北區篤行路13號3樓 陣容：阿橘 Ahh G X JAYWANG 王子慧（MY） 票價：預售票 500 元 / 現場票 700 元 售票時間：2026/07/01（三）12:00 開始販售 售票平台：Indievox
本案獲臺中市政府新聞局補助 出品 Produced by｜Shabby Boyz CO.,LTD. (P)&(C) 2026 Shabby Boyz CO.,LTD.","嘆一口氣 然後補齊 這杯缺漏的空瓶 嘆氣一口氣 決定沈迷 這週末更新的續集 已經決定放棄 決定交出這權利 找到那晚開始失語的原因 Whatever I said 過去的就算了啊 算了啊 嘴上說著算了啊 算了啊 說起來也不合時宜 這次我總算遇見完整的人 竟還有點不太確定 搬走的上一個冬天 看不見一通未接來電 朋友要我向你說聲再見 要我保持禮貌向你道謝 But whatever I said sounds so fake 要是我當時能夠如此愛你 現在無法相信 是你留給我的創傷後遺 要是我當時能夠如此篤定 現在反覆猶豫 是你留給我的創傷後遺 Not sure what's wrong with me 只好都賴給你 I'm not sure what's wrong with me 我只好都賴給你 Not sure what's wrong with me 只好都賴給你 I'm not sure what's wrong with me 我只好都賴給你 大聲點 再努力一點 或許我今夜就不會再不眠 還留下碎片能紀念 也大肆宣揚 我的不甘也無悔 
嘆一口氣 然後補齊 這杯缺漏的空瓶 嘆氣一口氣 決定沈迷 這週末更新的續集 已經決定放棄 決定交出這權利 找到那晚開始失語的原因 Whatever I said
過去的就算了啊 算了啊 嘴上說著算了啊 算了啊 說起來也不合時宜 這次我總算遇見完整的人 竟還有點不太確定
搬走的上一個冬天 看不見一通未接來電 朋友要我向你說聲再見 要我保持禮貌向你道謝 But whatever I said sounds so fake
要是我當時能夠如此愛你 現在無法相信 是你留給我的創傷後遺
要是我當時能夠如此篤定 現在反覆猶豫 是你留給我的創傷後遺
Not sure what's wrong with me 只好都賴給你 I'm not sure what's wrong with me 我只好都賴給你 Not sure what's wrong with me 只好都賴給你 I'm not sure what's wrong with me 我只好都賴給你
大聲點 再努力一點 或許我今夜就不會再不眠 還留下碎片能紀念 也大肆宣揚 我的不甘也無悔
留言（ 1 ） 最相關留言 所有留言
留言（ 1 ）",2026-09-15,,編輯推薦,True,False,
2026-10-03 19:47:04,realtime,urban,,,28,COLD DEW,爛醉-(Live at THE WALL 2025),5,191,1,https://streetvoice.com/COLDDEW/songs/879430/,https://streetvoice.com/COLDDEW/,"https://akstatic.streetvoice.com/music_albums/CO/LD/COLDDEW/JgHB3sQsBYbRoPdaq2of2b.jpeg?x-oss-process=image/resize,m_fill,h_400,w_400,limit_0",images/879430.jpeg,@COLDDEW,音樂人,新北市,2019-04-01,2021-10-04 16:19,19,978,5,https://www.facebook.com/colddewtw,https://www.instagram.com/colddewtw/,https://www.youtube.com/channel/UC6C5yoccZQEaMzFqbv6EPDw,重返那一夜THE WALL的魔幻時刻——COLD DEW釋出《臺北人文地景》專場實況錄音|||https://blow.streetvoice.com/90217/?utm_source=streetvoice&utm_medium=profile-news-block; 2026雨山祭十週年全陣容公開，傷心欲絕、百合花、COLD DEW、That’s My Shhh等12組演出邀請樂迷重返文山|||https://blow.streetvoice.com/86335/?utm_source=streetvoice&utm_medium=profile-news-block; 拍謝少年20週年「現場處理：山盟海誓」邀debloop、EmptyORio、COLD DEW、五五身擔任嘉賓|||https://blow.streetvoice.com/85161/?utm_source=streetvoice&utm_medium=profile-news-block,,R&B / Soul,Fusion Village,https://streetvoice.com/COLDDEW/songs/album/97326083/,,,"爛醉 詞／曲 林哲安  編曲／COLD DEW 月亮在天邊 但卻看不清楚她的臉 路歪歪斜斜 昏昏沉沉的思念 反胃的感覺 吐了一遍一遍又一遍 深夜的公園 都是酒精的氣味 醉倒在路邊 身邊都是不認識的人 隱約地聽見 他們笑我不省人事的樣子 但沒有關係 因為我 早就，不在乎 讓我，睡去 我想要，醉好幾天 讓我，睡去 我想要，醉好幾天 
爛醉 詞／曲 林哲安  編曲／COLD DEW
月亮在天邊 但卻看不清楚她的臉 路歪歪斜斜 昏昏沉沉的思念 反胃的感覺 吐了一遍一遍又一遍 深夜的公園 都是酒精的氣味 醉倒在路邊 身邊都是不認識的人 隱約地聽見 他們笑我不省人事的樣子 但沒有關係 因為我 早就，不在乎
讓我，睡去 我想要，醉好幾天 讓我，睡去 我想要，醉好幾天
留言（ 1 ） 最相關留言 所有留言
留言（ 1 ）",2026-09-15,,編輯推薦,True,False,
2026-10-03 19:47:04,realtime,urban,,,29,COLD DEW,六神無主-(Live at THE WALL 2025),4,134,0,https://streetvoice.com/COLDDEW/songs/879437/,https://streetvoice.com/COLDDEW/,"https://akstatic.streetvoice.com/music_albums/CO/LD/COLDDEW/JgHB3sQsBYbRoPdaq2of2b.jpeg?x-oss-process=image/resize,m_fill,h_400,w_400,limit_0",images/879437.jpeg,@COLDDEW,音樂人,新北市,2019-04-01,2021-10-04 16:19,19,978,5,https://www.facebook.com/colddewtw,https://www.instagram.com/colddewtw/,https://www.youtube.com/channel/UC6C5yoccZQEaMzFqbv6EPDw,重返那一夜THE WALL的魔幻時刻——COLD DEW釋出《臺北人文地景》專場實況錄音|||https://blow.streetvoice.com/90217/?utm_source=streetvoice&utm_medium=profile-news-block; 2026雨山祭十週年全陣容公開，傷心欲絕、百合花、COLD DEW、That’s My Shhh等12組演出邀請樂迷重返文山|||https://blow.streetvoice.com/86335/?utm_source=streetvoice&utm_medium=profile-news-block; 拍謝少年20週年「現場處理：山盟海誓」邀debloop、EmptyORio、COLD DEW、五五身擔任嘉賓|||https://blow.streetvoice.com/85161/?utm_source=streetvoice&utm_medium=profile-news-block,,Blues,Fusion Village,https://streetvoice.com/COLDDEW/songs/album/97326083/,,,"六神無主 詞／曲 林哲安  編曲／COLD DEW 阿，那滿腹的無奈 就讓他，隨著迷茫離開 猜，有多少的感慨 隨著煙，飄散在山和海 嘿，在山林的悲哀 轉眼間，已被濃霧掩埋 踩，著落地的風采 抬起頭，眼淚就流下來 
六神無主 詞／曲 林哲安  編曲／COLD DEW
阿，那滿腹的無奈 就讓他，隨著迷茫離開 猜，有多少的感慨 隨著煙，飄散在山和海
嘿，在山林的悲哀 轉眼間，已被濃霧掩埋 踩，著落地的風采 抬起頭，眼淚就流下來
留言（ 0 ） 最相關留言 所有留言
留言（ 0 ）",2026-09-15,,編輯推薦,True,False,
2026-10-03 19:47:04,realtime,urban,,,30,雪莉曾SHAriTseng,【沒有需求的供給】E.Guitar Ver.,17,2013,2,https://streetvoice.com/ShariTseng/songs/878810/,https://streetvoice.com/ShariTseng/,"https://akstatic.streetvoice.com/song_covers/Sh/ar/ShariTseng/UKopphJa9AeuiAK7qd5bW5.jpeg?x-oss-process=image/resize,m_fill,h_400,w_400,limit_0",images/878810.jpeg,@ShariTseng,音樂人,,,2025-03-25 14:30,7,104,8,,https://www.instagram.com/sharitseng,https://youtube.com/@sharitseng,114年流行音樂製作發行補助案 「創作新聲類」獲補助名單公布|||https://blow.streetvoice.com/81788/?utm_source=streetvoice&utm_medium=profile-news-block,,R&B / Soul,,,HG、prdcrleaf,"沒有需求元宇宙 沒有需求的供給就像一種永無止盡的單戀，做了再多的事依舊沒有需求，再多的愛都沒有意義 好多的版本也是沒有需求的供給攻擊攻擊 詞曲/雪莉曾SHAriTseng EG/HG Mixing/Mastering/prdcrleaf 
沒有需求元宇宙
沒有需求的供給就像一種永無止盡的單戀，做了再多的事依舊沒有需求，再多的愛都沒有意義
好多的版本也是沒有需求的供給攻擊攻擊
詞曲/雪莉曾SHAriTseng EG/HG Mixing/Mastering/prdcrleaf","沒有需求的供給 這裡只剩一顆心 好想說聲我愛你 連見面理由都湊不齊 向你的視線沒有原因 一片空氣 卻不交集的眼睛 在原點佇立 你不需要的我 還是期待 you love me 沒有需求的供給 攻擊 攻擊 攻擊著我自己 （明明不相信 卻開始在意 你的星座配不配intp） 你不想聽的我愛你 欺騙 欺騙著大地 沒有需求的供給 打擊 攻擊攻擊攻擊 逃避逃避逃避 喔四點半的凌晨 你轉發的那首歌 又想表達什麼呢 你給他們的眼神 過於炙熱 超出一切的負荷 說實在 關我什麼事 其實你從來都不曉得 帶著喜歡的罪惡 無法佔有 妄想you love me 沒有需求的供給 攻擊 攻擊 攻擊著我自己 （沒完的猜測 機率都不準 就喜歡我 四分之一也好呢） 你不想聽的我愛你 欺騙 欺騙著大地 沒有需求的供給 逃避 Y軸上的靈魂 帶走早已統計不出緣分 還不了解的你 怎麼讓我開始陌生我自己 沒有需求的供給 攻擊 攻擊 攻擊著我自己 （就像是瘋了 快放棄的 看見你怎麼又消失殆盡） 你不想聽的我愛你 欺騙 欺騙著大地 沒有需求的供給 倒地 攻擊攻擊攻擊 逃避逃避逃避 沒有需求的供給 
沒有需求的供給 這裡只剩一顆心 好想說聲我愛你 連見面理由都湊不齊
向你的視線沒有原因 一片空氣 卻不交集的眼睛 在原點佇立 你不需要的我 還是期待 you love me
沒有需求的供給 攻擊 攻擊 攻擊著我自己 （明明不相信 卻開始在意 你的星座配不配intp）
你不想聽的我愛你 欺騙 欺騙著大地 沒有需求的供給 打擊
攻擊攻擊攻擊 逃避逃避逃避
喔四點半的凌晨 你轉發的那首歌 又想表達什麼呢
你給他們的眼神 過於炙熱 超出一切的負荷
說實在 關我什麼事 其實你從來都不曉得 帶著喜歡的罪惡 無法佔有 妄想you love me
沒有需求的供給 攻擊 攻擊 攻擊著我自己 （沒完的猜測 機率都不準 就喜歡我 四分之一也好呢） 你不想聽的我愛你 欺騙 欺騙著大地 沒有需求的供給 逃避
Y軸上的靈魂 帶走早已統計不出緣分 還不了解的你 怎麼讓我開始陌生我自己
沒有需求的供給 攻擊 攻擊 攻擊著我自己 （就像是瘋了 快放棄的 看見你怎麼又消失殆盡） 你不想聽的我愛你 欺騙 欺騙著大地 沒有需求的供給 倒地
攻擊攻擊攻擊 逃避逃避逃避
沒有需求的供給
留言（ 2 ） 最相關留言 所有留言
留言（ 2 ）",2026-09-10,,編輯推薦,True,False,
2026-10-03 19:47:04,realtime,urban,,,31,Fi-Né 粉內,ill never have u,2,135,0,https://streetvoice.com/finemusic/songs/878591/,https://streetvoice.com/finemusic/,"https://akstatic.streetvoice.com/song_covers/fi/ne/finemusic/EGbPok5RMZ3Hainwr4ijd4.jpeg?x-oss-process=image/resize,m_fill,h_400,w_400,limit_0",images/878591.jpeg,@finemusic,音樂人,,,2021-06-09 13:29,7,45,11,https://www.facebook.com/senli.su/,https://www.instagram.com/fi_ne_music/,https://www.youtube.com/channel/UCGFL4F6o9U8PoFBL5X2NRZQ,ICRT DJ、台澳混血「紅髮靈魂女聲」Cait Lin 凱琳 推出首張迷你創作專輯《GRADIENTS》|||https://blow.streetvoice.com/83750/?utm_source=streetvoice&utm_medium=profile-news-block; 手頭的文化幣還沒用完？2023下半年全台音樂祭大彙整！|||https://blow.streetvoice.com/69093/?utm_source=streetvoice&utm_medium=profile-news-block; 【StreetVoice新歌週報】薛詒丹發布秋季應景新作 達人推薦新秀布萊梅|||https://blow.streetvoice.com/57111/?utm_source=streetvoice&utm_medium=profile-news-block,,R&B / Soul,,,,,"這是沒有提供歌詞的歌曲
留言（ 0 ） 最相關留言 所有留言
留言（ 0 ）",2026-09-08,,編輯推薦,True,False,
2026-10-03 19:47:04,realtime,urban,,,32,奧薩瑪 Osama,夢回現實,3,152,2,https://streetvoice.com/hejiawei0909/songs/878142/,https://streetvoice.com/hejiawei0909/,"https://akstatic.streetvoice.com/song_covers/he/ji/hejiawei0909/K7SvKfLY5NZxpCRfuzzbcR.jpg?x-oss-process=image/resize,m_fill,h_400,w_400,limit_0",images/878142.jpg,@hejiawei0909,音樂人,新北市,2018-09-01,,19,38,21,,,https://www.youtube.com/user/StreetVoiceTV,,,R&B / Soul,,,,,"昨天我又在七點睡 但到了天黑我又不會覺得累 起床還在回味 夢裡面出了現實感覺一樣對 得要搞清楚這種界線 夢外面是無法 承認這種體會 看到了現實面無法與夢境匹配 也別感到灰心我以為我能夠飛 說真的我應該會頭破血流 但也有可能根本就不絕對痛 但感覺都是真的 我就只能說 夢境會欺騙人 大家都會懂 做夢的地帶我怎麼捨不得離開 現實在期待的我總得要分開 說不上來的感覺 但兩者通通沒有區別 都是一樣沒有愛 不再夢裡不能依賴 
昨天我又在七點睡 但到了天黑我又不會覺得累 起床還在回味 夢裡面出了現實感覺一樣對
得要搞清楚這種界線 夢外面是無法 承認這種體會 看到了現實面無法與夢境匹配 也別感到灰心我以為我能夠飛 說真的我應該會頭破血流 但也有可能根本就不絕對痛 但感覺都是真的 我就只能說 夢境會欺騙人 大家都會懂
做夢的地帶我怎麼捨不得離開 現實在期待的我總得要分開 說不上來的感覺 但兩者通通沒有區別 都是一樣沒有愛 不再夢裡不能依賴
留言（ 2 ） 最相關留言 所有留言
留言（ 2 ）",2026-09-05,,編輯推薦,True,False,
2026-10-03 19:47:04,realtime,urban,,,33,松籟樂創,chihuahua,18,983,5,https://streetvoice.com/slsl2nd/songs/878593/,https://streetvoice.com/slsl2nd/,"https://akstatic.streetvoice.com/song_covers/sl/sl/slsl2nd/DwZgvEzbcShMsFgXYpDJFy.jpg?x-oss-process=image/resize,m_fill,h_400,w_400,limit_0",images/878593.jpg,@slsl2nd,音樂人,台北市,2020-08-01,,16,66,1,,,https://www.youtube.com/user/StreetVoiceTV,,,R&B / Soul,,,,"「Rurrrrrrrr..ArF..ArF..ArF」 【音樂製作名單】 作曲 Composer | 蔡沂潔 作詞 Lyricist | 莊閎 編曲 Arranger | 全體樂手 主唱 Vocals | 莊閎 和聲 Backing Vocal | 蔡沂潔 木吉他 Acoustic Guitar | 蔡沂潔 電吉他 Electric Guitar | 李謙嶧 鼓 Drums | 陳有倫 聲音編輯 Editing Engineer | 游宗穎 錄音師 Recording Engineer | 蔡沂潔、陳有倫 錄音室 Recording Studio | 你我音樂空間 混音師 Mixing Engineer | 游宗穎 母帶後期處理工程師 Mastering Engineer | 游宗穎 混音/母帶工作室 Mixing & Mastering Studio | 你我音樂工作室 
「Rurrrrrrrr..ArF..ArF..ArF」
【音樂製作名單】 作曲 Composer | 蔡沂潔 作詞 Lyricist | 莊閎 編曲 Arranger | 全體樂手
主唱 Vocals | 莊閎 和聲 Backing Vocal | 蔡沂潔 木吉他 Acoustic Guitar | 蔡沂潔 電吉他 Electric Guitar | 李謙嶧 鼓 Drums | 陳有倫
聲音編輯 Editing Engineer | 游宗穎 錄音師 Recording Engineer | 蔡沂潔、陳有倫 錄音室 Recording Studio | 你我音樂空間
混音師 Mixing Engineer | 游宗穎 母帶後期處理工程師 Mastering Engineer | 游宗穎 混音/母帶工作室 Mixing & Mastering Studio | 你我音樂工作室","There's a tiny creature in immense world. As small as a bee but as brave as an adult. Standard rules cannot define this little soul. Independence doesn't mean to be alone. And there is something that you really ought to know. When you're feeling low, you don't need to beguile. You are the chihuahua in my life. And your appearance made my pale life summerlike. I don't wanna get it out of my mind. Imagine that you are by my side. You are the chihuahua in my life. Your impefections don't need to be sanitised. Every time I dream of your big round eyes, I will fall asleep with a smile. There's a tiny creature in immense world. As small as a bee but as brave as an adult. Standard rules cannot define this little soul. Independence doesn't mean to be alone. And there is something that you really ought to know. When you're feeling low, you don't need to beguile. You are the chihuahua in my life. And your appearance made my pale life summerlike. I don't wanna get it out of my mind. Imagine that you are by my side. You are the chihuahua in my life. Your impefections don't need to be sanitised. Every time I dream of your big round eyes, I will fall asleep with a smile. You are the chihuahua in my life. And your appearance made my pale life summerlike. I don't wanna get it out of my mind. Imagine that you are by my side. You are the chihuahua in my life. Your impefections don't need to be sanitised. Every time I dream of your big round eyes, I will fall asleep with a smile. 
There's a tiny creature in immense world. As small as a bee but as brave as an adult. Standard rules cannot define this little soul. Independence doesn't mean to be alone. And there is something that you really ought to know. When you're feeling low, you don't need to beguile.
You are the chihuahua in my life. And your appearance made my pale life summerlike. I don't wanna get it out of my mind. Imagine that you are by my side.
You are the chihuahua in my life. Your impefections don't need to be sanitised. Every time I dream of your big round eyes, I will fall asleep with a smile.
There's a tiny creature in immense world. As small as a bee but as brave as an adult. Standard rules cannot define this little soul. Independence doesn't mean to be alone. And there is something that you really ought to know. When you're feeling low, you don't need to beguile.
You are the chihuahua in my life. And your appearance made my pale life summerlike. I don't wanna get it out of my mind. Imagine that you are by my side.
You are the chihuahua in my life. Your impefections don't need to be sanitised. Every time I dream of your big round eyes, I will fall asleep with a smile.
You are the chihuahua in my life. And your appearance made my pale life summerlike. I don't wanna get it out of my mind. Imagine that you are by my side.
You are the chihuahua in my life. Your impefections don't need to be sanitised. Every time I dream of your big round eyes, I will fall asleep with a smile.
留言（ 5 ） 最相關留言 所有留言
留言（ 5 ）",2026-09-10,,,False,False,
2026-10-03 19:47:04,realtime,urban,,,34,jiMMY CHYN,青春假期結束,10,579,3,https://streetvoice.com/jimmy3063/songs/876199/,https://streetvoice.com/jimmy3063/,"https://akstatic.streetvoice.com/music_albums/ji/mm/jimmy3063/Ko62M8LfUvahk25D8r4Hgm.jpeg?x-oss-process=image/resize,m_fill,h_400,w_400,limit_0",images/876199.jpeg,@jimmy3063,音樂人,台北市,2012-04-01,2021-06-01 13:03,4,68,2,https://www.facebook.com/jimmywang0511/,https://www.instagram.com/jimmy_0511,https://www.youtube.com/user/StreetVoiceTV,,,R&B / Soul,26.mp3,https://streetvoice.com/jimmy3063/songs/album/97325950/,QQ Mayer,"獻給那些曾經一起長大、如今只存在回憶裡的人們。 - 詞曲 Songwriter｜jiMMY CHYN 演唱 Vocal｜jiMMY CHYN 合聲 Chorus｜jiMMY CHYN 吉他 Guitars｜張祐誠 Qmo 貝斯 Bass｜張祐誠 Qmo 編曲 Arrangement｜張祐誠 Qmo 混音 Mix Engineer｜張祐誠 Qmo 
獻給那些曾經一起長大、如今只存在回憶裡的人們。
- 詞曲 Songwriter｜jiMMY CHYN 演唱 Vocal｜jiMMY CHYN 合聲 Chorus｜jiMMY CHYN 吉他 Guitars｜張祐誠 Qmo 貝斯 Bass｜張祐誠 Qmo 編曲 Arrangement｜張祐誠 Qmo 混音 Mix Engineer｜張祐誠 Qmo","一個人回憶在深夜 想起 生活緊密的那些年 你說別為自己設限 踏出舒適圈 從此豐富了我的視野 如今 你不在這邊 所有過程經歷 都有了意義 我不再去抱怨 不再去逃避 謝謝我們曾經 有過那一段 感情 比朋友還更貼近 你 是這世上的唯一 那麽深刻了解了我的心 曾經 曾經是那麼的貼近 時間過去 當初的默契 沒人代替 還記得淡水的風聲吹響了夜巴黎 說不完的話題 (還記得) 清晨陽光照進 酒瓶散落一地 做過夢的屋頂 摩托車的風景 (希望) 再見面笑鬧如往昔 所有過程經歷 都有了意義 我不再去抱怨 不再去逃避 謝謝我們曾經 有過那一段 感情 比朋友還更貼近 你 是這世上的唯一 那麽深刻了解了我的心 如今 已沒有餘力再相聚 總是精神喊話 但你現在在哪 你還活著嗎 都回不去啦 真的超級想你 卻只能走向各自的時區 我也早就已經遠離青春假期 
一個人回憶在深夜 想起 生活緊密的那些年 你說別為自己設限 踏出舒適圈 從此豐富了我的視野 如今 你不在這邊
所有過程經歷 都有了意義 我不再去抱怨 不再去逃避 謝謝我們曾經 有過那一段 感情 比朋友還更貼近 你 是這世上的唯一 那麽深刻了解了我的心 曾經 曾經是那麼的貼近
時間過去 當初的默契 沒人代替 還記得淡水的風聲吹響了夜巴黎 說不完的話題 (還記得) 清晨陽光照進 酒瓶散落一地 做過夢的屋頂 摩托車的風景 (希望) 再見面笑鬧如往昔
所有過程經歷 都有了意義 我不再去抱怨 不再去逃避 謝謝我們曾經 有過那一段 感情 比朋友還更貼近 你 是這世上的唯一 那麽深刻了解了我的心 如今 已沒有餘力再相聚
總是精神喊話 但你現在在哪 你還活著嗎 都回不去啦 真的超級想你 卻只能走向各自的時區 我也早就已經遠離青春假期
留言（ 3 ） 最相關留言 所有留言
留言（ 3 ）",2026-08-24,,Song of the Day; 編輯推薦,True,True,
2026-10-03 19:47:04,realtime,urban,,,35,还是当个糕手最自在,初春,12,436,3,https://streetvoice.com/LimZheYu/songs/877524/,https://streetvoice.com/LimZheYu/,"https://akstatic.streetvoice.com/song_covers/Li/mZ/LimZheYu/brT3oMP2ueGEWfyKTac8xX.jpg?x-oss-process=image/resize,m_fill,h_400,w_400,limit_0",images/877524.jpg,@LimZheYu,音樂人,,,,1,8,1,,,https://www.youtube.com/user/StreetVoiceTV,,,Jazz,,,,,"橘色 斜阳 轻轻 映着南方 初春 的 初尝 爱 如花 随风绽放 橘色 斜阳 暖暖 照着我俩 九霄 多高 这银河 多长 爱人 心里占多少两 龙华湾 未开 的念想 一瓣瓣 守候 的余香 梦一片 花乡 谱一曲 思量 待秋 捎一丝 漫长 随梦 随浪 一生 随爱 的眺望 等待 某张 牵挂 半生 的脸庞 原来有种浪漫 叫悲伤 越陈旧 越甜 越刺痒 守着空荡心房 直到凝了白发 才看见 无人的远方 橘色 斜阳 轻轻 映着过往 时间 飞向 落雪的 南洋 能否 看清爱人 模样 用字句 晕开 的念想 一句句 被堆砌 的想象 想沐浴 月光 想拥抱 春光 想你 能在我 身旁 随梦 随浪 一生 随爱 的眺望 等待 某张 牵挂 半生 的脸庞 原来有种浪漫 叫悲伤 越陈旧 越甜 越刺痒 守着空荡心房 直到凝了白发 才发现 原来这远方 橘色 斜阳 缓缓 阖上 
橘色 斜阳 轻轻 映着南方 初春 的 初尝 爱 如花 随风绽放 橘色 斜阳 暖暖 照着我俩 九霄 多高 这银河 多长 爱人 心里占多少两
龙华湾 未开 的念想 一瓣瓣 守候 的余香 梦一片 花乡 谱一曲 思量 待秋 捎一丝 漫长
随梦 随浪 一生 随爱 的眺望 等待 某张 牵挂 半生 的脸庞 原来有种浪漫 叫悲伤 越陈旧 越甜 越刺痒 守着空荡心房 直到凝了白发 才看见 无人的远方
橘色 斜阳 轻轻 映着过往 时间 飞向 落雪的 南洋 能否 看清爱人 模样
用字句 晕开 的念想 一句句 被堆砌 的想象 想沐浴 月光 想拥抱 春光 想你 能在我 身旁
随梦 随浪 一生 随爱 的眺望 等待 某张 牵挂 半生 的脸庞 原来有种浪漫 叫悲伤 越陈旧 越甜 越刺痒 守着空荡心房 直到凝了白发 才发现 原来这远方
橘色 斜阳 缓缓 阖上
留言（ 3 ） 最相關留言 所有留言
留言（ 3 ）",2026-09-02,,編輯推薦,True,False,
2026-10-03 19:47:04,realtime,urban,,,36,鄒序 hogan,tshirt(demo),134,13296,29,https://streetvoice.com/hoganisnotaname/songs/809022/,https://streetvoice.com/hoganisnotaname/,"https://akstatic.streetvoice.com/song_covers/ho/ga/hoganisnotaname/avrV7BHL4SvvxQtkvpa6Kn.jpeg?x-oss-process=image/resize,m_fill,h_400,w_400,limit_0",images/809022.jpeg,@hoganisnotaname,音樂人,台北市,2017-06-01,2021-06-16 17:54,3,364,5,https://www.facebook.com/profile.php?id=100075651444669,https://www.instagram.com/hoganisnotaname/,https://www.youtube.com/channel/UCNU0g-TgtxezdjtjVpFTrXg,饒舌製作人Flowstrong首張專輯《流水席》 集合Andr、鄒序、Dac等好友共聚一桌|||https://blow.streetvoice.com/84032/?utm_source=streetvoice&utm_medium=profile-news-block; 《2025 Simple Life簡單生活節》11/29、30華山文創園區登場！20週年全陣容、場域圖、時間表公開|||https://blow.streetvoice.com/84954/?utm_source=streetvoice&utm_medium=profile-news-block; 魏如萱、奇哥睽違多年再度合體「自然捲」，限定回歸將在2025 Simple Life簡單生活節登場|||https://blow.streetvoice.com/83687/?utm_source=streetvoice&utm_medium=profile-news-block,,R&B / Soul,,,,"shirt T. by Hogan T. 🎸🎹🎤 by yours truly mastered by 95 鄒序2025迷你巡迴 《on the road》 購票連結： https://ticketplus.com.tw/activity/fdde575e401907f97eeb01f6c2e90d31 ------------------------------ 嘉賓 @守夜人2025《宇宙跟我說好了》巡迴 4/12（六） 深圳 HOU LIVE(下沙店) 4/13（日） 廣州 聲音共和・昨日世界酒館 票卷熱賣中！ 🎫 秀动： http://t.cn/A617QdeY 🎫 大麦： http://t.cn/A617QdeQ 🎫 猫眼： http://t.cn/A617Qdej 
shirt T. by Hogan T.
🎸🎹🎤 by yours truly mastered by 95
鄒序2025迷你巡迴 《on the road》
購票連結： https://ticketplus.com.tw/activity/fdde575e401907f97eeb01f6c2e90d31
https://ticketplus.com.tw/activity/fdde575e401907f97eeb01f6c2e90d31
------------------------------ 嘉賓 @守夜人2025《宇宙跟我說好了》巡迴
4/12（六） 深圳 HOU LIVE(下沙店) 4/13（日） 廣州 聲音共和・昨日世界酒館 票卷熱賣中！
🎫 秀动： http://t.cn/A617QdeY 🎫 大麦： http://t.cn/A617QdeQ 🎫 猫眼： http://t.cn/A617Qdej
http://t.cn/A617QdeY
http://t.cn/A617QdeQ
http://t.cn/A617Qdej","你說過不必打過來 不必再等待 但我還沒法看 開 故作自在的兩點半 我收拾著期盼 等電話另一端 你 的手 常常 不夠暖 太少血液循環 我還是一籌莫展 你的 t shirt 我還沒歸還 怎麼就讓我保管 而你一去不復返 you seemed cool about it 剩我整 晚盯著手機 I just might spend the whole night on my feet 可能是太晚 咖啡讓我的心 跳不停 也可能是 一不小心我又犯了起 相思病 總需要時間想清楚 Cuz deep down I know I that I’ve always been such a fool 接通又掛斷 心頭更多麻煩 茶壺裡颱風狂吹 我房間又亂 我又亂 放不開 你 的手 常常 不夠暖 太少血液循環 我還是一籌莫展 你的 t shirt 我還沒歸還 怎麼就讓我保管 而你一去不復返 Oh you seemed cool about it 剩我整 晚盯著手機 I just might spend the whole night on my feet 
你說過不必打過來 不必再等待 但我還沒法看 開
故作自在的兩點半 我收拾著期盼 等電話另一端
你 的手 常常 不夠暖 太少血液循環 我還是一籌莫展 你的 t shirt 我還沒歸還 怎麼就讓我保管 而你一去不復返 you seemed cool about it 剩我整 晚盯著手機 I just might spend the whole night on my feet
可能是太晚 咖啡讓我的心 跳不停 也可能是 一不小心我又犯了起 相思病 總需要時間想清楚 Cuz deep down I know I that I’ve always been such a fool 接通又掛斷 心頭更多麻煩 茶壺裡颱風狂吹 我房間又亂 我又亂 放不開
你 的手 常常 不夠暖 太少血液循環 我還是一籌莫展 你的 t shirt 我還沒歸還 怎麼就讓我保管 而你一去不復返 Oh you seemed cool about it 剩我整 晚盯著手機 I just might spend the whole night on my feet
留言（ 29 ） 最相關留言 所有留言
留言（ 29 ）",2025-04-08,,Song of the Day; 編輯推薦,True,True,
2026-10-03 19:47:04,realtime,urban,,,37,阿蘭 AC,漫漫長夜,55,3792,19,https://streetvoice.com/alanchou12345/songs/867797/,https://streetvoice.com/alanchou12345/,"https://akstatic.streetvoice.com/song_covers/al/an/alanchou12345/Y4nZTaRGQvJAdXdvTGKcmr.jpeg?x-oss-process=image/resize,m_fill,h_400,w_400,limit_0",images/867797.jpeg,@alanchou12345,音樂人,新北市,2019-03-01,2023-01-30 10:32,4,1069,,https://www.facebook.com/profile.php?id=100063938225158,https://www.instagram.com/ac___47/,https://www.youtube.com/@ac47yt,阿蘭AC釋出R&B情歌〈扛不住〉MV Intro取樣李奧納多吵架對手戲|||https://blow.streetvoice.com/65575/?utm_source=streetvoice&utm_medium=profile-news-block; 前「唐貓」主唱阿蘭AC年底發行個人專輯 《GREENHOUSE》與鍾濰宇共同製作|||https://blow.streetvoice.com/64914/?utm_source=streetvoice&utm_medium=profile-news-block; LINION發行新曲〈Holiday Only〉 9m88、黃宣、阿蘭AC、宋柏緯等明星組合唱隊助陣|||https://blow.streetvoice.com/58586/?utm_source=streetvoice&utm_medium=profile-news-block,,R&B / Soul,,,,"有沒有一種愛， 讓你願意跨越所有距離與考驗？ 「就算這世界對我針鋒相對，風再大、天再黑，我也不撤退。」 獻給每一個在深夜裡依然相信愛的所有存在， 〈漫漫長夜〉，蔓延日夜。 
有沒有一種愛， 讓你願意跨越所有距離與考驗？
「就算這世界對我針鋒相對，風再大、天再黑，我也不撤退。」
獻給每一個在深夜裡依然相信愛的所有存在，
〈漫漫長夜〉，蔓延日夜。","時間停止瞬間 別說話讓我收藏有關於你的一切 思緒像微風 在你身邊盤旋 不需言語我了解 總在夜深人靜 腦袋不自覺浮現你最美的笑臉 牽起我的手 趁夜沒發現 再讓我更靠近你一些些 在這漫漫長夜 讓我守護你身邊 day by day 把所有想像都實現 閉上你雙眼 你的愛我來擁有 漫漫長夜 讓我照亮你 每一天每一夜 我會在身邊 不要再懷疑 不要再後退 我只為你眷戀 就算這世界 對我針鋒相對 風再大 天再黑 我也不撤退 沒有誰能改變 我的心 讓愛蔓延在漫漫長夜 總在夜深人靜 腦袋不自覺浮現你最美的笑臉 牽起我的手 趁夜沒發現 再讓我更靠近你一些些 (靠近一些些) 在這漫漫長夜 讓我守護你身邊 day by day 把所有想像都實現 閉上你雙眼 (Oh babe) 你的愛我來擁有 漫漫長夜 讓我照亮你 每一天每一夜 我會在身邊 不要再懷疑 不要再後退 我只為你眷戀 就算這世界 對我針鋒相對 風再大 天再黑 我也不撤退 沒有誰能改變 我的心 讓愛蔓延在漫漫長夜 漫漫長夜 day by day 漫漫長夜 day by day 讓愛在漫漫長夜 
時間停止瞬間 別說話讓我收藏有關於你的一切 思緒像微風 在你身邊盤旋 不需言語我了解
總在夜深人靜 腦袋不自覺浮現你最美的笑臉 牽起我的手 趁夜沒發現 再讓我更靠近你一些些
在這漫漫長夜 讓我守護你身邊 day by day 把所有想像都實現 閉上你雙眼 你的愛我來擁有
漫漫長夜 讓我照亮你 每一天每一夜 我會在身邊 不要再懷疑 不要再後退 我只為你眷戀
就算這世界 對我針鋒相對 風再大 天再黑 我也不撤退 沒有誰能改變 我的心 讓愛蔓延在漫漫長夜
總在夜深人靜 腦袋不自覺浮現你最美的笑臉 牽起我的手 趁夜沒發現 再讓我更靠近你一些些 (靠近一些些)
在這漫漫長夜 讓我守護你身邊 day by day 把所有想像都實現 閉上你雙眼 (Oh babe) 你的愛我來擁有
漫漫長夜 讓我照亮你 每一天每一夜 我會在身邊 不要再懷疑 不要再後退 我只為你眷戀
就算這世界 對我針鋒相對 風再大 天再黑 我也不撤退 沒有誰能改變 我的心 讓愛蔓延在漫漫長夜
漫漫長夜 day by day 漫漫長夜 day by day 讓愛在漫漫長夜
留言（ 19 ） 最相關留言 所有留言
留言（ 19 ）",2026-07-06,,Song of the Day; 週排行冠軍; 達人推薦; 編輯推薦,True,True,https://streetvoice.com/alanchou12345/songs/867797/critic_reviews/
2026-10-03 19:47:04,realtime,urban,,,38,歌曲创作社（檳城锺灵独立中学）,会飞的星,5,136,2,https://streetvoice.com/xiangcaimangguofan/songs/877523/,https://streetvoice.com/xiangcaimangguofan/,"https://akstatic.streetvoice.com/song_covers/xi/an/xiangcaimangguofan/kpgNcXVYcrqeaogd5HbfyR.jpg?x-oss-process=image/resize,m_fill,h_400,w_400,limit_0",images/877523.jpg,@xiangcaimangguofan,音樂人,馬來西亞,2026-09-01,,1,3,1,,,https://www.youtube.com/user/StreetVoiceTV,,,R&B / Soul,,,,,"作词：叶韦泽，丁子谦 作曲：李任恩，叶韦泽 《会飞的星》 Verse 1 雪兰莪河每年都有我的身影 提着绿色小灯 飞舞如星 孩子们在夏夜 追逐我的光明 那是大自然 最美丽的风景 Verse 2 后来钢筋在河岸边长成森林 河流失了忆将我抛弃 任我孤独消逝在剧毒的雾里 才知告别竟没有声音 Pre-chorus 强光在剥离漆黑的纯粹 农药抛撒不甘的卑微 你隔着窗看萤火的颓废 像那些没用的谁 残酷撕开灯下的虚伪 故事在往下坠 Chorus 若你怀念童年追光的孩子 请别让萤火成为历史 处在黑夜沦为白昼的幻觉 谁来修补夜幕的残缺 若你放任浪漫独自被流放 该如何赎回童年时光 走在路灯模仿萤光的轨迹 谁来证明世界有过 会飞的星 interlude ～～～～ Pre-chorus 强光在剥离漆黑的纯粹 农药抛撒不甘的卑微 你隔着窗看萤火的颓废 像那些没用的谁 残酷撕开灯下的虚伪 故事在往下坠 Chorus 若你怀念童年追光的孩子 请别让萤火成为历史 处在黑夜沦为白昼的幻觉 谁来修补夜幕的残缺 若你放任浪漫独自被流放 该如何赎回童年时光 走在路灯模仿萤光的轨迹 谁来证明世界有过 会飞的星 outro ～～～ 
作词：叶韦泽，丁子谦 作曲：李任恩，叶韦泽
《会飞的星》 Verse 1 雪兰莪河每年都有我的身影 提着绿色小灯 飞舞如星 孩子们在夏夜 追逐我的光明 那是大自然 最美丽的风景
Verse 2 后来钢筋在河岸边长成森林 河流失了忆将我抛弃 任我孤独消逝在剧毒的雾里 才知告别竟没有声音
Pre-chorus 强光在剥离漆黑的纯粹 农药抛撒不甘的卑微 你隔着窗看萤火的颓废 像那些没用的谁 残酷撕开灯下的虚伪 故事在往下坠
Chorus 若你怀念童年追光的孩子 请别让萤火成为历史 处在黑夜沦为白昼的幻觉 谁来修补夜幕的残缺 若你放任浪漫独自被流放 该如何赎回童年时光 走在路灯模仿萤光的轨迹 谁来证明世界有过 会飞的星
interlude ～～～～
Pre-chorus 强光在剥离漆黑的纯粹 农药抛撒不甘的卑微 你隔着窗看萤火的颓废 像那些没用的谁 残酷撕开灯下的虚伪 故事在往下坠
Chorus 若你怀念童年追光的孩子 请别让萤火成为历史 处在黑夜沦为白昼的幻觉 谁来修补夜幕的残缺 若你放任浪漫独自被流放 该如何赎回童年时光 走在路灯模仿萤光的轨迹 谁来证明世界有过 会飞的星
outro ～～～
留言（ 2 ） 最相關留言 所有留言
留言（ 2 ）",2026-09-02,,,False,False,
2026-10-03 19:47:04,realtime,urban,,,39,沒有才能,二十五,30,1541,9,https://streetvoice.com/anti_talent/songs/876006/,https://streetvoice.com/anti_talent/,"https://akstatic.streetvoice.com/song_covers/an/ti/anti_talent/7weRVH3PFb6WKcjGyaM9sF.jpeg?x-oss-process=image/resize,m_fill,h_400,w_400,limit_0",images/876006.jpeg,@anti_talent,音樂人,花蓮縣,2019-03-01,2021-06-30 20:14,4,1797,7,https://www.facebook.com/profile.php?id=100057806991024,https://www.instagram.com/antitalentttt/,https://www.youtube.com/channel/UCioPM4PKLFaMaW7VTBXai_Q,金旋音樂節即將登場！力邀LAWA合體鄒序、楊子平攜手沒有才能等四組共演驚喜上陣|||https://blow.streetvoice.com/79258/?utm_source=streetvoice&utm_medium=profile-news-block; 從長頸鹿進化成人類！沒有才能推出首張專輯《我終於也變成人了》宣告正式轉大人|||https://blow.streetvoice.com/76073/?utm_source=streetvoice&utm_medium=profile-news-block; 新銳唱作人Everydaze擔任製作 沒有才能新歌〈此時此刻〉衝上街聲即時排行榜冠軍|||https://blow.streetvoice.com/75521/?utm_source=streetvoice&utm_medium=profile-news-block,,R&B / Soul,,,,"送給每一位面臨25歲半半生危機但仍繼續努力的人 從年少的心願變成眼前的生活，我們可以，我們做得到 Credit: 詞曲 Lyricist / Composer｜沒有才能 anti-talent 編曲 Arrangement ｜碩美 咪媽 Mixing&Mastering ｜碩美 
送給每一位面臨25歲半半生危機但仍繼續努力的人 從年少的心願變成眼前的生活，我們可以，我們做得到
Credit: 詞曲 Lyricist / Composer｜沒有才能 anti-talent 編曲 Arrangement ｜碩美 咪媽 Mixing&Mastering ｜碩美","不知不覺 就到了這門檻 不再無知 但將來怎麼辦 他們說 蹲的低才跳的高 他們說 敗不餒 勝不驕 以為長大會撥雲見日 還是怕丟臉 但至少有誠實 再給我點時間 我也會很特別 熟悉的空房間裡 壓抑著想念 再給我點信念 我也能走到那 夢裡見到的風景 我一定要親眼看見 嗚 轉眼25 前方的路依舊不清楚 手握畫筆繼續畫圖 它長得太抽象 不能預測方向 站遠仔細端詳 不由自主流下一滴淚 Keep your head up 即使會害怕 你為了看見那個景象付了代價 在冷嘲熱諷裡面你連滾帶爬 還是殺不掉你熱情因為那是愛啊 像陰鬱土壤內依舊會開花 像那個天才也曾被人當成呆瓜 難道你甘願永遠在台下拍嗎 去成為你想成為的 其他隨風吹吧 最開始的心願 也不是很特別 重複闖進深夜裡 渴望著明天 再給我點信念 我也能走到那 夢裡見到的風景 我一定要親眼看見 要看見 它實現 要看見 它實現 要看見 它實現 看見 它實現 再給我點時間 我也會很特別 熟悉的空房間裡 壓抑著想念 再給我點信念 我也能走到那 夢裡見到的風景 我一定要親眼看見 
不知不覺 就到了這門檻 不再無知 但將來怎麼辦 他們說 蹲的低才跳的高 他們說 敗不餒 勝不驕 以為長大會撥雲見日 還是怕丟臉 但至少有誠實
再給我點時間 我也會很特別 熟悉的空房間裡 壓抑著想念 再給我點信念 我也能走到那 夢裡見到的風景 我一定要親眼看見
嗚 轉眼25 前方的路依舊不清楚 手握畫筆繼續畫圖 它長得太抽象 不能預測方向 站遠仔細端詳 不由自主流下一滴淚
Keep your head up 即使會害怕 你為了看見那個景象付了代價 在冷嘲熱諷裡面你連滾帶爬 還是殺不掉你熱情因為那是愛啊 像陰鬱土壤內依舊會開花 像那個天才也曾被人當成呆瓜 難道你甘願永遠在台下拍嗎 去成為你想成為的 其他隨風吹吧
最開始的心願 也不是很特別 重複闖進深夜裡 渴望著明天 再給我點信念 我也能走到那 夢裡見到的風景 我一定要親眼看見
要看見 它實現 要看見 它實現 要看見 它實現 看見 它實現
再給我點時間 我也會很特別 熟悉的空房間裡 壓抑著想念 再給我點信念 我也能走到那 夢裡見到的風景 我一定要親眼看見
留言（ 9 ） 最相關留言 所有留言
留言（ 9 ）",2026-08-25,,編輯推薦,True,False,
2026-10-03 19:47:04,realtime,urban,,,40,日新独立中学歌创社（日新独立中学）,我也不差,40,719,12,https://streetvoice.com/suiqingsaw/songs/877496/,https://streetvoice.com/suiqingsaw/,"https://akstatic.streetvoice.com/song_covers/su/iq/suiqingsaw/HEKx5o3rRjWc98GgYAYmej.jpg?x-oss-process=image/resize,m_fill,h_400,w_400,limit_0",images/877496.jpg,@suiqingsaw,音樂人,馬來西亞,2024-09-01,,2,35,14,,,https://www.youtube.com/user/StreetVoiceTV,,,R&B / Soul,,,,"作词：陈沅宇 作曲：陈沅宇 编曲：陈沅宇 主唱/吉他手：陈沅宇 《我也不差》诞生于我人生最低潮的一段时期。那时候，我经历了许多伤痛、挫折与失去，也因为外界的声音和自己的经历，渐渐变得自卑，开始怀疑自己的价值。 这首歌记录了那段不断挣扎、不断想摆脱过去阴影的过程。歌词里的每一句，都是真实情绪的写照——面对困境时的无力、承受委屈时的眼泪，以及一次次告诉自己不要放弃的坚持。 副歌「其实我也没有那么差」，不是一句逞强的话，而是我不断鼓励自己的信念。它提醒着我，即使曾经跌倒、迷失，只要愿意相信自己，总有一天能够走出过去，活成自己想要的样子。 对我来说，《我也不差》不仅是一首原创歌曲，更像是一位陪伴我走过低谷的朋友。它见证了我的脆弱，也陪着我一点一点找回自信。我希望，当这首歌被更多人听见时，也能陪伴那些正在经历低潮、感到自我怀疑的人，让他们知道：你并不差，只是暂时忘记了自己的光芒。 
作词：陈沅宇 作曲：陈沅宇 编曲：陈沅宇
主唱/吉他手：陈沅宇
《我也不差》诞生于我人生最低潮的一段时期。那时候，我经历了许多伤痛、挫折与失去，也因为外界的声音和自己的经历，渐渐变得自卑，开始怀疑自己的价值。 这首歌记录了那段不断挣扎、不断想摆脱过去阴影的过程。歌词里的每一句，都是真实情绪的写照——面对困境时的无力、承受委屈时的眼泪，以及一次次告诉自己不要放弃的坚持。 副歌「其实我也没有那么差」，不是一句逞强的话，而是我不断鼓励自己的信念。它提醒着我，即使曾经跌倒、迷失，只要愿意相信自己，总有一天能够走出过去，活成自己想要的样子。 对我来说，《我也不差》不仅是一首原创歌曲，更像是一位陪伴我走过低谷的朋友。它见证了我的脆弱，也陪着我一点一点找回自信。我希望，当这首歌被更多人听见时，也能陪伴那些正在经历低潮、感到自我怀疑的人，让他们知道：你并不差，只是暂时忘记了自己的光芒。","Verse 1 那些风雨 对我来说 是一种逆不可进 选择题 作答题 Verse 2 那些经历 陷入困境 是我总摆脱不到的陷阱 我已尽力 prechorus 我拼命的想挣脱这枷锁 却总是身不由己 我承受着不甘着委屈的泪滴 请别 质疑自己 Chorus 1 其实我也没有那么差 只是总爱常胡思乱想 我告诉我自己 肯定一定 会走出那些过往 Chorus 2 其实我也没有那么差 听着旁人对我的评价 相信自己 一定一定 将自己活出美好的印记 
Verse 1 那些风雨 对我来说 是一种逆不可进 选择题 作答题
Verse 2 那些经历 陷入困境 是我总摆脱不到的陷阱 我已尽力
prechorus 我拼命的想挣脱这枷锁 却总是身不由己 我承受着不甘着委屈的泪滴 请别 质疑自己
Chorus 1 其实我也没有那么差 只是总爱常胡思乱想 我告诉我自己 肯定一定 会走出那些过往
Chorus 2 其实我也没有那么差 听着旁人对我的评价 相信自己 一定一定 将自己活出美好的印记
留言（ 12 ） 最相關留言 所有留言
留言（ 12 ）",2026-09-02,,,False,False,
2026-10-03 19:47:04,realtime,urban,,,41,鶴 The Crane,不介意,4020,149564,62,https://streetvoice.com/thecrane/songs/710475/,https://streetvoice.com/thecrane/,"https://akstatic.streetvoice.com/song_covers/th/ec/thecrane/NZXHwj56uKizxejQeFsM9Q.jpeg?x-oss-process=image/resize,m_fill,h_400,w_400,limit_0",images/710475.jpeg,@thecrane,音樂人,台北市,2016-04-01,2021-04-06 17:28,7,6168,6,https://www.facebook.com/thecranetw,https://www.instagram.com/theqrane/,https://www.youtube.com/channel/UCdihHUc-tbrwHYVvSGLq3Kg,"【吹專訪】戴著主角光環登場，何苦要做反派？——鶴 The Crane談新專輯《Same Stories , Different Narratives》|||https://blow.streetvoice.com/82227/?utm_source=streetvoice&utm_medium=profile-news-block; 第八屆政大音樂節正式更名「雨山祭」 邀國蛋、鶴 The Crane、JADE等12組卡司輪番上陣|||https://blow.streetvoice.com/68362/?utm_source=streetvoice&utm_medium=profile-news-block; 田馥甄攜手楊世暄、鄭敬儒、鄒序、鶴The Crane 打造第六張個人專輯《要去什麼地方》|||https://blow.streetvoice.com/90510/?utm_source=streetvoice&utm_medium=profile-news-block",,R&B / Soul,TALENT,https://streetvoice.com/thecrane/songs/album/97319428/,,"與心愛的人在一起，不論在哪裡都不介意。 
與心愛的人在一起，不論在哪裡都不介意。","不介意 我只想聽見你的聲音 其他不在意 我只想抱著你的身體 其他不在意 臥室像海水一般擁擠 我也不介意 每一秒都比前一刻更親暱 我需要看見你的身影 其他不在意 我需要呼吸你的呼吸 其他不在意 外面的世界再多擁擠 我也不介意 不介意人情世故季節更替 But why? 是熱情不再 還是你都在忍耐？ But why? 與其說將來 不如就趁現在 在城市急著陷入歡愉的時候 聞你的氣味勝過無數次邂逅 就這樣靜靜等待快乾的指甲油 星期天一直到禮拜六 我只想聽見你的聲音 其他不在意 我只想抱著你的身體 其他不在意 臥室像海水一般擁擠 我也不介意 每一秒都比前一刻更親暱 停電後的電梯 下著雨的巴黎 若世界只剩我和你根本無須多慮 副熱帶的天氣 多雨也多晴 多出來的是我還是你？ But why? 是熱情不再 還是你都在忍耐？ But why? 與其說將來 不如就趁在 在城市急著陷入歡愉的時候 聞你的氣味勝過無數次邂逅 就這樣靜靜等待快乾的指甲油 星期天一直到禮拜六 我只想聽見你的聲音 其他不在意 我只想抱著你的身體 其他不在意 外面的世界再多擁擠 我也不介意 不介意人情世故季節更替 
不介意
我只想聽見你的聲音 其他不在意 我只想抱著你的身體 其他不在意 臥室像海水一般擁擠 我也不介意 每一秒都比前一刻更親暱
我需要看見你的身影 其他不在意 我需要呼吸你的呼吸 其他不在意 外面的世界再多擁擠 我也不介意 不介意人情世故季節更替
But why? 是熱情不再 還是你都在忍耐？ But why? 與其說將來 不如就趁現在
在城市急著陷入歡愉的時候 聞你的氣味勝過無數次邂逅 就這樣靜靜等待快乾的指甲油 星期天一直到禮拜六
我只想聽見你的聲音 其他不在意 我只想抱著你的身體 其他不在意 臥室像海水一般擁擠 我也不介意 每一秒都比前一刻更親暱
停電後的電梯 下著雨的巴黎 若世界只剩我和你根本無須多慮 副熱帶的天氣 多雨也多晴 多出來的是我還是你？
But why? 是熱情不再 還是你都在忍耐？ But why? 與其說將來 不如就趁在
在城市急著陷入歡愉的時候 聞你的氣味勝過無數次邂逅 就這樣靜靜等待快乾的指甲油 星期天一直到禮拜六
我只想聽見你的聲音 其他不在意 我只想抱著你的身體 其他不在意 外面的世界再多擁擠 我也不介意 不介意人情世故季節更替
留言（ 62 ） 最相關留言 所有留言
留言（ 62 ）",2022-12-12,,Song of the Day; 週排行冠軍歌曲; 編輯推薦,True,True,
2026-10-03 19:47:04,realtime,urban,,,42,青井,直到我until I,4028,164791,368,https://streetvoice.com/cityronin/songs/644359/,https://streetvoice.com/cityronin/,"https://akstatic.streetvoice.com/song_covers/ci/ty/cityronin/D4szHBwfj67sMaL4xs8Xv7.jpeg?x-oss-process=image/resize,m_fill,h_400,w_400,limit_0",images/644359.jpeg,@cityronin,音樂人,其他,2018-09-01,2021-05-20 15:42,9,6539,,,https://instagram.com/cityronin,https://youtube.com/c/CityRonin%E5%9F%8E%E5%B8%82%E6%B5%AA%E4%BA%BA,【吹專訪】直到我，被聽見：青井|||https://blow.streetvoice.com/58996/?utm_source=streetvoice&utm_medium=profile-news-block; 創作新人青井釋出街聲霸榜單曲〈直到我〉 全新浪漫版獻給孤獨者|||https://blow.streetvoice.com/58538/?utm_source=streetvoice&utm_medium=profile-news-block; 【StreetVoice新歌週報】青井、廖文強新曲攻榜 街聲畢業歌徵選開跑|||https://blow.streetvoice.com/54736/?utm_source=streetvoice&utm_medium=profile-news-block,,R&B / Soul,,,,"我們都是孤獨者 我們都在等待救贖與被救贖 「直到我們遇見了那個他 直到我們成為彼此最溫暖的那盞燈光 這裡有你有我 直到那之後 我們不會悲傷」 Follow Us My Instagram: https://www.instagram.com/cityronin Youtube: https://youtu.be/s8mAqYqibcc SoundCloud: https://soundcloud.app.goo.gl/Z9pa2UT1XwhW452N6 #CITYRONIN2021 
我們都是孤獨者 我們都在等待救贖與被救贖
「直到我們遇見了那個他 直到我們成為彼此最溫暖的那盞燈光 這裡有你有我 直到那之後 我們不會悲傷」
Follow Us
My Instagram: https://www.instagram.com/cityronin
https://www.instagram.com/cityronin
Youtube: https://youtu.be/s8mAqYqibcc
https://youtu.be/s8mAqYqibcc
SoundCloud: https://soundcloud.app.goo.gl/Z9pa2UT1XwhW452N6
https://soundcloud.app.goo.gl/Z9pa2UT1XwhW452N6
#CITYRONIN2021","其實我想過 離開這就不再回來 我不屬於這片地帶 我要用什麼理由 繼續的存在 那些傷不痛 反正也沒人懂我 孤獨者做孤獨的夢 直到我遇見你之後才明白 . 秋葉掉落 滿地枝頭 剩下飄零 冷風吹來 心也涼去 麻木空虛 你就像是一隻候鳥帶我遷移離開這裡 直到我 盡收眼前的風景 直到我 理解愛人能力 直到我 發現原來我期待 . 我真的想過 離開這就不再回來 我不屬於這片地帶 我要用什麼理由 繼續的存在 那些傷不痛 反正也沒有人懂我.. 孤獨者做孤獨的夢... 直到我遇見你之後才明白..... . 他沒有目的地 呼吸都快窒息 人群中找自己 我只想要逃離 黑夜是他的氧氣 騎上我愛的摩托 在城市來回穿梭 街道的燈光閃爍 這地太多回憶 有快樂有傷心 這場大雨淋濕了 孤獨的心 莫名掉落的淚滴 早就分不清 就好像是 我也找不到自己 . 抬起頭 看到的是大廈和高樓 藍色的 蝴蝶飛舞卻找不到花朵 為什麼 為什麼要等誰先離開 才知道原來是在為了什麼期待 . 這節奏 或許你也覺得很難過 那就讓 我們一起享受慢的節拍 台北的夜晚不孤單 . 其實我想過 離開這就不再回來 我不屬於這片地帶 我要用什麼理由 繼續的存在 那些傷不痛 反正也沒人懂我 孤獨者做孤獨的夢 直到我遇見你之後才明白 . 我真的想過 離開這就不再回來 我不屬於這片地帶 我要用什麼理由 繼續的存在 那些傷不痛 反正..也沒..有人..懂我.. 孤獨者做孤獨的夢 直到我遇見你之後才明白 
其實我想過 離開這就不再回來 我不屬於這片地帶 我要用什麼理由 繼續的存在 那些傷不痛 反正也沒人懂我 孤獨者做孤獨的夢 直到我遇見你之後才明白 . 秋葉掉落 滿地枝頭 剩下飄零 冷風吹來 心也涼去 麻木空虛 你就像是一隻候鳥帶我遷移離開這裡 直到我 盡收眼前的風景 直到我 理解愛人能力 直到我 發現原來我期待 . 我真的想過 離開這就不再回來 我不屬於這片地帶 我要用什麼理由 繼續的存在 那些傷不痛 反正也沒有人懂我.. 孤獨者做孤獨的夢... 直到我遇見你之後才明白..... . 他沒有目的地 呼吸都快窒息 人群中找自己 我只想要逃離 黑夜是他的氧氣 騎上我愛的摩托 在城市來回穿梭 街道的燈光閃爍 這地太多回憶 有快樂有傷心 這場大雨淋濕了 孤獨的心 莫名掉落的淚滴 早就分不清 就好像是 我也找不到自己 . 抬起頭 看到的是大廈和高樓 藍色的 蝴蝶飛舞卻找不到花朵 為什麼 為什麼要等誰先離開 才知道原來是在為了什麼期待 . 這節奏 或許你也覺得很難過 那就讓 我們一起享受慢的節拍 台北的夜晚不孤單 . 其實我想過 離開這就不再回來 我不屬於這片地帶 我要用什麼理由 繼續的存在 那些傷不痛 反正也沒人懂我 孤獨者做孤獨的夢 直到我遇見你之後才明白 . 我真的想過 離開這就不再回來 我不屬於這片地帶 我要用什麼理由 繼續的存在 那些傷不痛 反正..也沒..有人..懂我.. 孤獨者做孤獨的夢 直到我遇見你之後才明白
留言（ 368 ） 最相關留言 所有留言
留言（ 368 ）",2021-05-01,,Song of the Day; 週排行冠軍歌曲; 編輯推薦,True,True,
2026-10-03 19:47:04,realtime,urban,,,43,壞特 ?te,睡不著,3335,112688,112,https://streetvoice.com/whytetete/songs/592525/,https://streetvoice.com/whytetete/,"https://akstatic.streetvoice.com/song_covers/wh/yt/whytemusic/6SKQVMcXuzdWZ3nKwvPGNL.jpg?x-oss-process=image/resize,m_fill,h_400,w_400,limit_0",images/592525.jpg,@whytetete,音樂人,台北市,2019-06-01,2021-07-05 18:29,2,2912,,,https://www.instagram.com/whytetete/,https://www.youtube.com/user/StreetVoiceTV,大象體操「世界」巡迴台北旗艦場11/8於Zepp舉辦！龜田誠治、9m88、壞特 ?te、林以樂等重量級嘉賓助陣！|||https://blow.streetvoice.com/75585/?utm_source=streetvoice&utm_medium=profile-news-block; 兩廳院夏日爵士8月隆重登場！壞特 ?te、Musa明馬丁、Michael Wang六重奏擔任戶外派對壓軸|||https://blow.streetvoice.com/74390/?utm_source=streetvoice&utm_medium=profile-news-block; 壞特?te重返母校分享性別教育 將成長壓抑寫進新專輯|||https://blow.streetvoice.com/81371/?utm_source=streetvoice&utm_medium=profile-news-block,,R&B / Soul,A Bedroom of One's Own 一個人的臥室,https://streetvoice.com/whytetete/songs/album/97315438/,,"清晨五點 失眠 於是想起你 5 A.M. I got insomnia And I thought of you ❺ ⓹ ❺ ⓹ ❺ ⓹ ❺ ⓹ ❺ ⓹ ❺ ?te 壞特第二首單曲〈睡不著〉， 敘述思念的通病、失眠的場景， 夜幕低垂時的孤枕難眠， 竟意外成為靈感來源， 副歌照字母順序一字排開致敬靈魂歌姬們： Aretha Franklin, Billie Holiday, Chaka Khan, Duffy, Ella Fitzgerald, Fergie 製作人 Tower da Funkmasta 抓出一帖暖心 lo-fi Jazzhop beat 助眠藥方， 輔以 ?te 療癒音波質地，失眠患者們今晚就鬆軟走出誤區吧！ 
清晨五點 失眠 於是想起你
5 A.M. I got insomnia And I thought of you ❺ ⓹ ❺ ⓹ ❺ ⓹ ❺ ⓹ ❺ ⓹ ❺
?te 壞特第二首單曲〈睡不著〉， 敘述思念的通病、失眠的場景， 夜幕低垂時的孤枕難眠， 竟意外成為靈感來源， 副歌照字母順序一字排開致敬靈魂歌姬們： Aretha Franklin, Billie Holiday, Chaka Khan, Duffy, Ella Fitzgerald, Fergie
製作人 Tower da Funkmasta 抓出一帖暖心 lo-fi Jazzhop beat 助眠藥方， 輔以 ?te 療癒音波質地，失眠患者們今晚就鬆軟走出誤區吧！","[Verse 1] It's 5 A.M. Can't fall asleep again Trying so many ways Counting from one to ten Feel the pattern of breath Soon turn off my brain And I dream about ya And I dream about ya I miss the way how you call my name I miss the smell when lying in your bed I miss the finger running through my skin And now it stays only In my dream It all went so well Until the morning came And you were gone It all went so well I wish that time would stop When I turn off the alarm clock [Chorus] Aretha 睡不著 Billie 睡不著 Chaka 睡不著 我也睡不著 Duffy 睡不著 Ella 睡不著 Fergie 睡不著 我也睡不著 [Verse 2] Your pretty face Caught my eye when we first met Just you and me, We're going out today We were talking Smoothly You took off glasses I saw your eyes in bella green (in bella green) I miss the way how you call my name I miss the smell when lying in your bed I miss the finger running through my skin And now it stays only In my dream It all went so well Until the morning came And you were gone It all went so well I wish that time would stop When I turn off the alarm clock [Chorus] Aretha 睡不著 Billie 睡不著 Chaka 睡不著 他們都睡不著 Duffy 睡不著 Ella 睡不著 Fergie 睡不著 我也睡不著 
[Verse 1] It's 5 A.M. Can't fall asleep again Trying so many ways Counting from one to ten
Feel the pattern of breath Soon turn off my brain And I dream about ya And I dream about ya
I miss the way how you call my name I miss the smell when lying in your bed I miss the finger running through my skin And now it stays only In my dream
It all went so well Until the morning came And you were gone
It all went so well I wish that time would stop When I turn off the alarm clock
[Chorus] Aretha 睡不著 Billie 睡不著 Chaka 睡不著 我也睡不著
Duffy 睡不著 Ella 睡不著 Fergie 睡不著 我也睡不著
[Verse 2] Your pretty face Caught my eye when we first met Just you and me, We're going out today
We were talking Smoothly You took off glasses I saw your eyes in bella green (in bella green)
I miss the way how you call my name I miss the smell when lying in your bed I miss the finger running through my skin And now it stays only In my dream
It all went so well Until the morning came And you were gone
It all went so well I wish that time would stop When I turn off the alarm clock
[Chorus] Aretha 睡不著 Billie 睡不著 Chaka 睡不著 他們都睡不著
Duffy 睡不著 Ella 睡不著 Fergie 睡不著 我也睡不著
留言（ 112 ） 最相關留言 所有留言
留言（ 112 ）",2019-09-03,,Song of the Day; 週排行冠軍歌曲; 達人推薦; 編輯推薦,True,True,https://streetvoice.com/whytetete/songs/592525/critic_reviews/
2026-10-03 19:47:04,realtime,urban,,,44,趙翊帆,妳（趙翊帆YI94 X 張瑚HU）,1611,67207,39,https://streetvoice.com/yf____c/songs/671175/,https://streetvoice.com/yf____c/,"https://akstatic.streetvoice.com/song_covers/yf/__/yf____c/5zA8X8y4FYbc839t7dXUXc.jpg?x-oss-process=image/resize,m_fill,h_400,w_400,limit_0",images/671175.jpg,@yf____c,音樂人,台北市,2019-07-01,2021-07-01 13:43,3,7357,13,,https://www.instagram.com/yf____c/,https://www.youtube.com/channel/UCQ9qRnL4wcETWvxmlnoWJPg,阿橘AhhG全新個人專輯《碎了滿地卻還閃亮的》 攜手趙翊帆打造新歌〈作息〉|||https://blow.streetvoice.com/80982/?utm_source=streetvoice&utm_medium=profile-news-block; 顏社力推新星趙翊帆發行首張專輯《LUNARFACE》攜手Gummy B合唱新歌|||https://blow.streetvoice.com/75246/?utm_source=streetvoice&utm_medium=profile-news-block; 「這才是我理想中的旋律饒舌歌手。」顏社迪拉胖宣布合作趙翊帆YI94|||https://blow.streetvoice.com/73832/?utm_source=streetvoice&utm_medium=profile-news-block,,R&B / Soul,,,張瑚HU,"詞/曲 Lyrics & Compose | 趙翊帆YI94 @yf____c、張瑚HU @huhuhu1014 編曲 Arranger | 4Hunnid 錄音 Recorded | STL(OOPIG) @stl_oopig 混音 Mixing | STL(OOPIG) @stl_oopig 封面美術 Cover Art | W 封面設計 Cover Design | 陳雅嫻 @cb.yh 特別感謝：陳宣岑、莊懿萱、蔡漢霖、王晨光、周紹璞、江彤、林筠欣、邱珮雯 - 張瑚HU Instagram｜ https://www.instagram.com/huhuhu1014/ Streetvoice｜ https://streetvoice.com/huhuhu1014/ 趙翊帆YI94 Instagram｜ https://www.instagram.com/yf____c/ Streetvoice｜ https://streetvoice.com/yf____c/ 
詞/曲 Lyrics & Compose | 趙翊帆YI94 @yf____c、張瑚HU @huhuhu1014 編曲 Arranger | 4Hunnid 錄音 Recorded | STL(OOPIG) @stl_oopig 混音 Mixing | STL(OOPIG) @stl_oopig 封面美術 Cover Art | W 封面設計 Cover Design | 陳雅嫻 @cb.yh
特別感謝：陳宣岑、莊懿萱、蔡漢霖、王晨光、周紹璞、江彤、林筠欣、邱珮雯
- 張瑚HU Instagram｜ https://www.instagram.com/huhuhu1014/ Streetvoice｜ https://streetvoice.com/huhuhu1014/
https://www.instagram.com/huhuhu1014/
https://streetvoice.com/huhuhu1014/
趙翊帆YI94 Instagram｜ https://www.instagram.com/yf____c/ Streetvoice｜ https://streetvoice.com/yf____c/
https://www.instagram.com/yf____c/
https://streetvoice.com/yf____c/","""張瑚HU"" 記憶又回到那天 妳溫柔靠著我的肩 察覺我們關係有點改變 氣氛像加了honey有點太甜 記憶又回到那天 屋頂看星星的那天 希望妳能聽見 我只想要妳陪在我的身邊 今晚又想妳想到睡不著 張開手 想要抓卻抓不牢 只剩外套上 殘留妳的味道 畫面靜止停留在妳迷人的微笑 Babe 都是我的錯 是我給妳的太多讓妳無法接受 想且愛且走 但已物是人非 才發覺妳愛的fxxk boy 我無法成為 妳的愛總是給我滿滿的忐忑 我從不後悔我曾做過的選擇 愛情若即若離的讓我難以割捨 回想這份愛讓我丟掉多少原則 再一次為妳逗留 我怎麼會把妳搞丟 是否還有機會上樓跟妳敘敘舊 也許就讓它停留 在這個時候 ""趙翊帆” 記憶又回到那天 妳溫柔靠著我的肩 察覺我們關係有點改變 氣氛像加了honey有點太甜 記憶又回到那天 屋頂看星星的那夜 希望妳能聽見 我只想要妳陪在我的身邊 Girl 我只想要妳在我身邊 We fxxk so hard that 窗外的晝夜都難以分辨 房間裡呻吟圍繞 指尖殘留著妳的味道 不小心沾到妳的睫毛 別擔心我會幫妳擦 uh shh 趁妳不注意 模糊的倒影 漬晰的表情 靜靜地悄悄地偷偷地 把這朵玫瑰給收進了包裡 路邊的燈 海邊的樹 没那麼笨 沒那麼酷 還要幾分 才會結束 愚蠢的人 看著妳哭 當窗外雨正一直下 我的心房還在等待妳回家 偷偷記下妳最愛的甜點 明知道妳愛玩不能對你動心但偏偏 一點點的甜 就想立刻和你見面 憑什麼妳只靠一個笑容 就能夠讓我淪陷 總在二選一 我卻連選擇放棄還是繼續的權利都沒有 “張瑚HU&趙翊帆” 記憶又回到那天 妳溫柔靠著我的肩 察覺我們關係有點改變 氣氛像加了honey有點太甜 記憶又回到那天 屋頂看星星的那夜 希望妳能聽見 我只想要妳陪在我的身邊 又回到那天（記憶又回到那天） 靠著我的肩（妳靠著我的肩） 發生了什麼在我們之間 忽遠又忽近拉著我們的線 記憶又回到那天 屋頂看星星的那夜 希望妳能夠聽見 我只想要妳在我身邊 
""張瑚HU"" 記憶又回到那天 妳溫柔靠著我的肩 察覺我們關係有點改變 氣氛像加了honey有點太甜 記憶又回到那天 屋頂看星星的那天 希望妳能聽見 我只想要妳陪在我的身邊 今晚又想妳想到睡不著 張開手 想要抓卻抓不牢 只剩外套上 殘留妳的味道 畫面靜止停留在妳迷人的微笑 Babe 都是我的錯 是我給妳的太多讓妳無法接受 想且愛且走 但已物是人非 才發覺妳愛的fxxk boy 我無法成為 妳的愛總是給我滿滿的忐忑 我從不後悔我曾做過的選擇 愛情若即若離的讓我難以割捨 回想這份愛讓我丟掉多少原則 再一次為妳逗留 我怎麼會把妳搞丟 是否還有機會上樓跟妳敘敘舊 也許就讓它停留 在這個時候
""趙翊帆” 記憶又回到那天 妳溫柔靠著我的肩 察覺我們關係有點改變 氣氛像加了honey有點太甜 記憶又回到那天 屋頂看星星的那夜 希望妳能聽見 我只想要妳陪在我的身邊 Girl 我只想要妳在我身邊 We fxxk so hard that 窗外的晝夜都難以分辨 房間裡呻吟圍繞 指尖殘留著妳的味道 不小心沾到妳的睫毛 別擔心我會幫妳擦 uh shh 趁妳不注意 模糊的倒影 漬晰的表情 靜靜地悄悄地偷偷地 把這朵玫瑰給收進了包裡 路邊的燈 海邊的樹 没那麼笨 沒那麼酷 還要幾分 才會結束 愚蠢的人 看著妳哭 當窗外雨正一直下 我的心房還在等待妳回家 偷偷記下妳最愛的甜點 明知道妳愛玩不能對你動心但偏偏 一點點的甜 就想立刻和你見面 憑什麼妳只靠一個笑容 就能夠讓我淪陷 總在二選一 我卻連選擇放棄還是繼續的權利都沒有
“張瑚HU&趙翊帆” 記憶又回到那天 妳溫柔靠著我的肩 察覺我們關係有點改變 氣氛像加了honey有點太甜 記憶又回到那天 屋頂看星星的那夜 希望妳能聽見 我只想要妳陪在我的身邊
又回到那天（記憶又回到那天） 靠著我的肩（妳靠著我的肩） 發生了什麼在我們之間 忽遠又忽近拉著我們的線 記憶又回到那天 屋頂看星星的那夜 希望妳能夠聽見 我只想要妳在我身邊
留言（ 39 ） 最相關留言 所有留言
留言（ 39 ）",2022-01-29,,週排行冠軍歌曲; 編輯推薦,True,False,
2026-10-03 19:47:04,realtime,urban,,,45,阿蘭 AC,R&amp;A,2322,77723,70,https://streetvoice.com/alanchou12345/songs/679892/,https://streetvoice.com/alanchou12345/,"https://akstatic.streetvoice.com/song_covers/al/an/alanchou12345/4HqbYLzLgyVMXXLxvPiAti.jpg?x-oss-process=image/resize,m_fill,h_400,w_400,limit_0",images/679892.jpg,@alanchou12345,音樂人,新北市,2019-03-01,2023-01-30 10:32,4,1069,,https://www.facebook.com/profile.php?id=100063938225158,https://www.instagram.com/ac___47/,https://www.youtube.com/@ac47yt,阿蘭AC釋出R&B情歌〈扛不住〉MV Intro取樣李奧納多吵架對手戲|||https://blow.streetvoice.com/65575/?utm_source=streetvoice&utm_medium=profile-news-block; 前「唐貓」主唱阿蘭AC年底發行個人專輯 《GREENHOUSE》與鍾濰宇共同製作|||https://blow.streetvoice.com/64914/?utm_source=streetvoice&utm_medium=profile-news-block; LINION發行新曲〈Holiday Only〉 9m88、黃宣、阿蘭AC、宋柏緯等明星組合唱隊助陣|||https://blow.streetvoice.com/58586/?utm_source=streetvoice&utm_medium=profile-news-block,,R&B / Soul,,,,"你說這是節奏藍調， 我說錯了這是節奏蘭調。 -- 作詞 / 阿蘭AC 作曲 / 阿蘭AC 編曲 / 阿蘭AC 製作人 / 阿蘭AC 薩克斯風 / 葉云 合聲 / 阿蘭AC 弦樂編寫 / 阿蘭AC 鍵盤 / 阿蘭AC 貝斯 / 阿蘭AC 吉他 / 阿蘭AC 錄音 / 阿蘭AC 混音 / 阿蘭AC 後期 / 阿蘭AC 
你說這是節奏藍調， 我說錯了這是節奏蘭調。
--
作詞 / 阿蘭AC 作曲 / 阿蘭AC 編曲 / 阿蘭AC 製作人 / 阿蘭AC 薩克斯風 / 葉云 合聲 / 阿蘭AC 弦樂編寫 / 阿蘭AC 鍵盤 / 阿蘭AC 貝斯 / 阿蘭AC 吉他 / 阿蘭AC 錄音 / 阿蘭AC 混音 / 阿蘭AC 後期 / 阿蘭AC","(這不是R&B,是R&A) 帥氣的饒舌歌  我寫了 感動人的情歌  我唱了 瘋狂的搖滾  我也試了 我還有什麼可以為你做的  我都做了 Shit 都最後一次了 能不能就讓我們簡單快樂些 你說這叫R&B 我說錯了這叫R&A (Rhythm and AC） 就這樣吧  名字就讓它隨便 太過嚴肅  有時也沒人理解 沒人懂  就繼續做 日以繼夜  日子也得過 帶點Blues  別停下腳步 順著節奏  我會陪在你左右 你說這是R&B  我說這是R&A 你的靈魂  交給我點綴 從此以後  生命再不可或缺 時間有限  就讓我成為你的 最特別 世界一天一天改變 對你的愛我不會變 他們說認輸也是一種勇氣 我不甘心  沈不住氣 決定一鼓作氣  奔向你 就算可能失去自己 (They call me AC) 喔是不是那個唱著R&B 長得還行  創作也還蠻好聽 入圍過金曲  可惜沒得名 好多好多感謝的話  只能放心裡 沒人懂  就繼續做 日以繼夜  日子也得過 帶點Blues  別停下腳步 順著節奏  我會陪在你左右 你說這是R&B  我說這是R&A 你的靈魂  交給我點綴 從此以後  生命再不可或缺 時間有限  就讓我成為你的最特別 這才不是R&B  這是你的R&A 我的靈魂交給你 因為若不是你  我的生命不完美 時間有限  就讓我成為你的 最特別的那一位 (這不是R&B,這是你的R&A) 
(這不是R&B,是R&A)
帥氣的饒舌歌  我寫了 感動人的情歌  我唱了 瘋狂的搖滾  我也試了 我還有什麼可以為你做的  我都做了 Shit 都最後一次了 能不能就讓我們簡單快樂些
你說這叫R&B 我說錯了這叫R&A (Rhythm and AC） 就這樣吧  名字就讓它隨便 太過嚴肅  有時也沒人理解 沒人懂  就繼續做 日以繼夜  日子也得過 帶點Blues  別停下腳步 順著節奏  我會陪在你左右
你說這是R&B  我說這是R&A 你的靈魂  交給我點綴 從此以後  生命再不可或缺 時間有限  就讓我成為你的 最特別
世界一天一天改變 對你的愛我不會變 他們說認輸也是一種勇氣 我不甘心  沈不住氣 決定一鼓作氣  奔向你 就算可能失去自己 (They call me AC)
喔是不是那個唱著R&B 長得還行  創作也還蠻好聽 入圍過金曲  可惜沒得名 好多好多感謝的話  只能放心裡 沒人懂  就繼續做 日以繼夜  日子也得過 帶點Blues  別停下腳步 順著節奏  我會陪在你左右
你說這是R&B  我說這是R&A 你的靈魂  交給我點綴 從此以後  生命再不可或缺 時間有限  就讓我成為你的最特別
這才不是R&B  這是你的R&A 我的靈魂交給你 因為若不是你  我的生命不完美 時間有限  就讓我成為你的 最特別的那一位
(這不是R&B,這是你的R&A)
留言（ 70 ） 最相關留言 所有留言
留言（ 70 ）",2022-04-04,,Song of the Day; 週排行冠軍歌曲; 達人推薦; 編輯推薦,True,True,https://streetvoice.com/alanchou12345/songs/679892/critic_reviews/
2026-10-03 19:47:04,realtime,urban,,,46,林愷倫karencici,thoughtboutu (Demo),1484,57779,72,https://streetvoice.com/itskarencici/songs/600045/,https://streetvoice.com/itskarencici/,"https://akstatic.streetvoice.com/song_covers/it/sk/itskarencici/SgAk6sBu7WYQkc3S88gZZZ.JPG?x-oss-process=image/resize,m_fill,h_400,w_400,limit_0",images/600045.jpg,@itskarencici,音樂人,美國,2014-11-01,,,468,,,,https://www.youtube.com/user/StreetVoiceTV,臺北流行音樂中心開幕演唱會 魚丁糸樂團、魏如萱、徐佳瑩獻唱|||https://blow.streetvoice.com/50744/?utm_source=streetvoice&utm_medium=profile-news-block,,R&B / Soul,,,,"a lil sumsum i wrote 
a lil sumsum i wrote","thoughtboutu Don’t you cry tonight Im here by your side Cause no one out there know just how to fix ya Hope I make u feel a lil better Pray that over time We can get it right Cause we been on that endless roller coaster Bodies tied but I keep falling deeper In love with you every time Just can’t get you off my mind Say They might think I’m wasting time But I can’t get you off my mind You don’t gotta worry bout nothing Babygirl u know that I ain’t leavin Don’t cry alright?  don’t cry alright? 
thoughtboutu
Don’t you cry tonight Im here by your side Cause no one out there know just how to fix ya Hope I make u feel a lil better Pray that over time We can get it right Cause we been on that endless roller coaster Bodies tied but I keep falling deeper
In love with you every time Just can’t get you off my mind Say They might think I’m wasting time But I can’t get you off my mind
You don’t gotta worry bout nothing Babygirl u know that I ain’t leavin Don’t cry alright?  don’t cry alright?
留言（ 72 ） 最相關留言 所有留言
留言（ 72 ）",2019-12-05,,Song of the Day; 週排行冠軍歌曲; 編輯推薦,True,True,
2026-10-03 19:47:04,realtime,urban,,,47,JOYCE 就以斯,Julia,24,1189,5,https://streetvoice.com/joyce_ch0627/songs/872269/,https://streetvoice.com/joyce_ch0627/,"https://akstatic.streetvoice.com/song_covers/jo/yc/joyce_ch0627/5cgnRgJmsPYHewLYE5Rixa.jpeg?x-oss-process=image/resize,m_fill,h_400,w_400,limit_0",images/872269.jpeg,@joyce_ch0627,音樂人,,,2024-02-15 09:40,6,3760,18,,https://www.instagram.com/joyce.ch0627/,https://www.youtube.com/@joycehub,【金曲37】2026 GMA金曲國際音樂節揭幕 陳嫺靜、JOYCE 就以斯等新人獎入圍者登台演出|||https://blow.streetvoice.com/88454/?utm_source=streetvoice&utm_medium=profile-news-block; JOYCE就以斯推出新歌〈Julia〉揭開塵封四年異國情書|||https://blow.streetvoice.com/89250/?utm_source=streetvoice&utm_medium=profile-news-block; JOYCE就以斯首場海外專場完售 將「吉他復興運動」唱進校園|||https://blow.streetvoice.com/88406/?utm_source=streetvoice&utm_medium=profile-news-block,,R&B / Soul,,,,"積存的心意傾瀉而出，重拾靈感的自由和解脫，一時之間無法用文字形容，索性用些溫柔的和弦和零散的記憶，夢境似的描述一段在義大利的邂逅——威尼斯的夜晚、維洛納的清晨，還有一封留在床邊的信。 
積存的心意傾瀉而出，重拾靈感的自由和解脫，一時之間無法用文字形容，索性用些溫柔的和弦和零散的記憶，夢境似的描述一段在義大利的邂逅——威尼斯的夜晚、維洛納的清晨，還有一封留在床邊的信。","Oh it’s 4 am in the morning I’m writing something cute but also corny Words can’t describe all my feelings correctly cus I skipped my college and now I feel sorry yeah Now I’m blushing really hard Thank god the light in the room was dark Should I tell her or should I not, I I’m singing in a fine bar Venice with my guitar I swear that I’ll be patient But I might have just start falling for ya Julia, I had a crush on you since the first time I saw you I’m singing in a fine bar Venice with my guitar Saw lovers making out and I can’t stop myself from thinking of ya Julia I hope you’ll like this song cus I wrote it just for ya Now I’m blushing really hard We’re strolling down the boulevard Star is shining through the dark I’m singing in a fine bar Venice with my guitar I swear that I’ll be patient but I might have just start falling for ya Julia, I had a crush on you since the first time I saw you I’m singing in a fine bar Venice with my guitar Saw lovers making out and I can’t stop myself from thinking of ya Julia, I had a crush on you since the first time I saw you I’m singing in a fine bar Venice with my guitar Called my friends and tell them I met an angel near Verona Julia if you’re feeling down Let me sing a song for ya I left a letter on your sheets You’ll wake up and noticed it Maybe then I’ll buy you a drink Have breakfast, talk about everything In the middle of the album There’s a song called Julia who I met in Italy Now I can’t wait for Julia to hear her song 
Oh it’s 4 am in the morning I’m writing something cute but also corny Words can’t describe all my feelings correctly cus I skipped my college and now I feel sorry yeah
Now I’m blushing really hard Thank god the light in the room was dark Should I tell her or should I not, I
I’m singing in a fine bar Venice with my guitar I swear that I’ll be patient But I might have just start falling for ya Julia, I had a crush on you since the first time I saw you
I’m singing in a fine bar Venice with my guitar Saw lovers making out and I can’t stop myself from thinking of ya Julia I hope you’ll like this song cus I wrote it just for ya
Now I’m blushing really hard We’re strolling down the boulevard Star is shining through the dark
I’m singing in a fine bar Venice with my guitar I swear that I’ll be patient but I might have just start falling for ya Julia, I had a crush on you since the first time I saw you
I’m singing in a fine bar Venice with my guitar Saw lovers making out and I can’t stop myself from thinking of ya Julia, I had a crush on you since the first time I saw you
I’m singing in a fine bar Venice with my guitar Called my friends and tell them I met an angel near Verona Julia if you’re feeling down Let me sing a song for ya
I left a letter on your sheets You’ll wake up and noticed it Maybe then I’ll buy you a drink Have breakfast, talk about everything In the middle of the album There’s a song called Julia who I met in Italy Now I can’t wait for Julia to hear her song
留言（ 5 ） 最相關留言 所有留言
留言（ 5 ）",2026-07-31,,Song of the Day; 編輯推薦,True,True,
2026-10-03 19:47:04,realtime,urban,,,48,鶴 The Crane,DISEASE,917,54993,25,https://streetvoice.com/thecrane/songs/786126/,https://streetvoice.com/thecrane/,"https://akstatic.streetvoice.com/song_covers/th/ec/thecrane/5QHjCBmUqn3uRsAMfj4S5B.jpeg?x-oss-process=image/resize,m_fill,h_400,w_400,limit_0",images/786126.jpeg,@thecrane,音樂人,台北市,2016-04-01,2021-04-06 17:28,7,6168,6,https://www.facebook.com/thecranetw,https://www.instagram.com/theqrane/,https://www.youtube.com/channel/UCdihHUc-tbrwHYVvSGLq3Kg,"【吹專訪】戴著主角光環登場，何苦要做反派？——鶴 The Crane談新專輯《Same Stories , Different Narratives》|||https://blow.streetvoice.com/82227/?utm_source=streetvoice&utm_medium=profile-news-block; 第八屆政大音樂節正式更名「雨山祭」 邀國蛋、鶴 The Crane、JADE等12組卡司輪番上陣|||https://blow.streetvoice.com/68362/?utm_source=streetvoice&utm_medium=profile-news-block; 田馥甄攜手楊世暄、鄭敬儒、鄒序、鶴The Crane 打造第六張個人專輯《要去什麼地方》|||https://blow.streetvoice.com/90510/?utm_source=streetvoice&utm_medium=profile-news-block",,R&B / Soul,,,,"DISEASE 的主題是 「那天晚上手機沒電所以必須享受街道」。因為這個微小的意外，發現自己對手機成癮、對社群成癮，並對加速到難以掌握的當代生活型態產生各種恐懼。作為鶴The Crane 第二張專輯的先行單曲，在樂器錄製上耗費許多心力，希望透過類比合成器的堆疊，揣摩出八零年代初期的 Disco 聲響。 
DISEASE 的主題是 「那天晚上手機沒電所以必須享受街道」。因為這個微小的意外，發現自己對手機成癮、對社群成癮，並對加速到難以掌握的當代生活型態產生各種恐懼。作為鶴The Crane 第二張專輯的先行單曲，在樂器錄製上耗費許多心力，希望透過類比合成器的堆疊，揣摩出八零年代初期的 Disco 聲響。","I said I’ve had enough It’s the weather, or it’s me? If I had a dollar, can I even get some Hennessy? Where the fuck is this? Google said 就兩公里 Why am I inside of this lucid dream now I wanna tell somebody, wanna tell somebody Thought I was clean, before this beat Guess I’m addicted to being seen I really need a charger, really need to charge it Have nothing else to do 我只能想著新的歌詞 What should I do if something happens? Ooh and I can’t record it nah How do I write down all the thoughts? 5 minutes and they’re almost gone Detoxing’s really hurting me 當世界 都安靜 the night overtakes my body like a new disease I found peace (tonight) 當我停下那聲音 It’s actually not that bad at all Imma hop on the train heading this way Now my eyes can see And my soul, vacay Imma take a little peep With no LSD Like 底片機 此刻一切珍貴 We all gotta pay for all the addiction to recognize what is worthy of saving To apologize to the ways we living I need to meditate more than medication But after all these I still wonder, do you even like this song? Cause I’m no saint I’m just a human Need the validation Am I wrong? 當世界 都安靜 the night overtakes my body like a new disease I found peace (tonight) 當我停下那聲音 It’s actually not that bad at all Sometimes I wanna crash a car and feel the rage Day after day All the symptoms became a syndrome Sometimes I need it faster than lightning I need the world to spin around me I need to leave the thoughts behind me I had to stop before I go crazy 當世界 都安靜 the night overtakes my body like a new disease I found peace 當我停下那聲音 It’s actually not that bad at all 
I said I’ve had enough It’s the weather, or it’s me? If I had a dollar, can I even get some Hennessy?
Where the fuck is this? Google said 就兩公里 Why am I inside of this lucid dream now
I wanna tell somebody, wanna tell somebody Thought I was clean, before this beat Guess I’m addicted to being seen
I really need a charger, really need to charge it Have nothing else to do 我只能想著新的歌詞
What should I do if something happens? Ooh and I can’t record it nah How do I write down all the thoughts? 5 minutes and they’re almost gone Detoxing’s really hurting me
當世界 都安靜 the night overtakes my body like a new disease I found peace (tonight) 當我停下那聲音 It’s actually not that bad at all
Imma hop on the train heading this way Now my eyes can see And my soul, vacay
Imma take a little peep With no LSD Like 底片機 此刻一切珍貴
We all gotta pay for all the addiction to recognize what is worthy of saving To apologize to the ways we living I need to meditate more than medication
But after all these I still wonder, do you even like this song? Cause I’m no saint I’m just a human Need the validation Am I wrong?
當世界 都安靜 the night overtakes my body like a new disease I found peace (tonight) 當我停下那聲音 It’s actually not that bad at all
Sometimes I wanna crash a car and feel the rage Day after day All the symptoms became a syndrome Sometimes I need it faster than lightning I need the world to spin around me I need to leave the thoughts behind me I had to stop before I go crazy
當世界 都安靜 the night overtakes my body like a new disease I found peace 當我停下那聲音 It’s actually not that bad at all
留言（ 25 ） 最相關留言 所有留言
留言（ 25 ）",2024-09-19,,Song of the Day; 達人推薦; 編輯推薦,True,True,https://streetvoice.com/thecrane/songs/786126/critic_reviews/
2026-10-03 19:47:04,realtime,urban,,,49,Zing,我本想大聲斥責但她真的好香,718,42666,165,https://streetvoice.com/ZING_officiall/songs/659030/,https://streetvoice.com/ZING_officiall/,"https://akstatic.streetvoice.com/song_covers/ZI/NG/ZING_officiall/KJNbSaeNE9MaZRCLMs657u.jpg?x-oss-process=image/resize,m_fill,h_400,w_400,limit_0",images/659030.jpg,@ZING_officiall,音樂人,台北市,2021-08-01,2021-09-16 16:00,2,343,2,https://www.facebook.com/Zing66.Official/,https://www.instagram.com/zingofficiall/,https://youtube.com/channel/UCqrVRZPlP9Rp3DAJjqTYXGw,賽博台客複製人的變異之旅——美秀集團北流專場導演詳解【Amazing Show】同名演唱會|||https://blow.streetvoice.com/62828/?utm_source=streetvoice&utm_medium=profile-news-block; 【金音17】2026第17屆金音創作獎入圍名單公布|||https://blow.streetvoice.com/90329/?utm_source=streetvoice&utm_medium=profile-news-block; 2026臺北音樂博覽會圓滿落幕！齊聚85組國內外品牌、9萬人次到訪刷新歷年紀錄|||https://blow.streetvoice.com/90165/?utm_source=streetvoice&utm_medium=profile-news-block,4 月 7 2022 The Next Big Thing 大團誕生（開發場二）|||4 月 7|||https://streetvoice.com/gigs/3037/,R&B / Soul,,,,"我本想大聲斥責 但她真的好香 我應該生氣 但我無法停止想像 Zing 首次 City-Pop 曲風的嘗試，chill 中帶著無奈但詼諧的口吻，是這個夏天最適合反覆播放的開車旅行音樂。 這首單曲請到知名小號演奏家 魏廣晧 來助陣。除了替歌曲增添了幾分俏皮浪漫，間奏和 Zing 的 vocal 齊唱齊奏部分更是精彩。編曲 Lil bin 營造出了歡樂的場景，也是功不可沒。 
我本想大聲斥責 但她真的好香 我應該生氣 但我無法停止想像
Zing 首次 City-Pop 曲風的嘗試，chill 中帶著無奈但詼諧的口吻，是這個夏天最適合反覆播放的開車旅行音樂。
這首單曲請到知名小號演奏家 魏廣晧 來助陣。除了替歌曲增添了幾分俏皮浪漫，間奏和 Zing 的 vocal 齊唱齊奏部分更是精彩。編曲 Lil bin 營造出了歡樂的場景，也是功不可沒。","如果不是妳 我應該在開箱新的遊戲 而不是在這裡 修理妳的兩光電腦主機 如果手機沒有鈴鈴  訊息沒有叮叮 沒看見妳 bling bling 的大眼睛 我應該在看大結局 而不是載妳跟妳姐妹回去 我恨我不爭氣 只要一見到她  眼睛不斷冒愛心 我就是沒骨氣 當我聞到她頭髮的香氣 我一身的本領  任務是世界和平 遇見妳  世界已和平 我是妳專屬工具 我本想大聲斥責  但她真的好香 我應該生氣  但我無法停止想像 我本想大聲斥責  但她真的好香 她一回頭  世界不一樣 我本想大聲斥責  但她真的好香 我一邊生氣  一邊不爭氣地想像 我本想大聲斥責  但她真的好香 本斥但香  我已投降 
如果不是妳 我應該在開箱新的遊戲 而不是在這裡 修理妳的兩光電腦主機
如果手機沒有鈴鈴  訊息沒有叮叮 沒看見妳 bling bling 的大眼睛 我應該在看大結局 而不是載妳跟妳姐妹回去
我恨我不爭氣 只要一見到她  眼睛不斷冒愛心 我就是沒骨氣 當我聞到她頭髮的香氣 我一身的本領  任務是世界和平 遇見妳  世界已和平 我是妳專屬工具
我本想大聲斥責  但她真的好香 我應該生氣  但我無法停止想像 我本想大聲斥責  但她真的好香 她一回頭  世界不一樣
我本想大聲斥責  但她真的好香 我一邊生氣  一邊不爭氣地想像 我本想大聲斥責  但她真的好香 本斥但香  我已投降
留言（ 165 ） 最相關留言 所有留言
留言（ 165 ）",2021-08-31,,Song of the Day; 週排行冠軍歌曲; 達人推薦; 編輯推薦,True,True,https://streetvoice.com/ZING_officiall/songs/659030/critic_reviews/
2026-10-03 19:47:04,realtime,urban,,,50,YELLOW,怪天氣 feat. 9m88,6900,245156,87,https://streetvoice.com/y310/songs/623365/,https://streetvoice.com/y310/,"https://akstatic.streetvoice.com/song_covers/y3/10/y310/Dj5b6cvEDvLXL3c7LyoCqi.jpg?x-oss-process=image/resize,m_fill,h_400,w_400,limit_0",images/623365.jpg,@y310,音樂人,台北市,2010-09-01,,3,2019,,https://www.facebook.com/y310music,https://www.instagram.com/y3loooooo/,https://www.youtube.com/channel/UCQxQh2lu9bnM6w4edXBQ_Iw,「Taiwanese Waves」十週年重返紐約中央公園 9m88、YELLOW黃宣、ØZI領軍開唱|||https://blow.streetvoice.com/90012/?utm_source=streetvoice&utm_medium=profile-news-block; 「香港全女子樂團」WHIZZ啟動亞洲巡演 許願想合作YELLOW黃宣|||https://blow.streetvoice.com/88939/?utm_source=streetvoice&utm_medium=profile-news-block; 「PARK PARK@Tokyo」把現在的台灣音樂帶到東京！鄭宜農、陳珊妮、生祥樂隊、YELLOW黃宣、LÜCY接力登上東京舞台|||https://blow.streetvoice.com/87721/?utm_source=streetvoice&utm_medium=profile-news-block,,R&B / Soul,,,,"YELLOW黃宣 x 9m88 天氣系愛戀指南 時陰多雲偶陣雨 風雨戀愛重感冒 既然所有記憶都是潮濕的 怪天氣不如先怪自己 完整MV連結 https://youtu.be/1n_i0JupwRA Follow us on Instagram YELLOW黃宣: @y3loooooo 9m88: @9m88 
YELLOW黃宣 x 9m88 天氣系愛戀指南
時陰多雲偶陣雨 風雨戀愛重感冒 既然所有記憶都是潮濕的 怪天氣不如先怪自己
完整MV連結 https://youtu.be/1n_i0JupwRA
https://youtu.be/1n_i0JupwRA
Follow us on Instagram YELLOW黃宣: @y3loooooo 9m88: @9m88","一樣在六點 泡一樣的咖啡 其實早有預謀 在時陰多雨的氣候 擠同一班⾞廂 靈魂卻空蕩 慢慢 調整姿態 故作⾃然卻無力取暖 ⾏李 塞滿所有不合時宜的⽉光 只是比方 古人說的浪漫只適合欣賞 下了站 雨滴同樣滴在你肩膀 怪就怪天氣 像曾哭過的舊電影 那些是非對錯留下的痕跡 滿街都是未乾的記憶 愛情 不過是一場無病呻吟 毫無預警 下了又停 怪這場雨不如先怪自⼰ 一樣在六點 說不完的是非 等⾞的⼈爭先恐後 不願落單在這街頭 左顧右盼 卻找不到⽅向 慢慢 我透過⾞窗 遙望一片浮雲的模樣 不想 隨著霓虹閃爍起舞 總是怕 好景不常 我反覆練習⼀個人的優雅步伐 下一站 或許有陣風 會為我歌唱 怪就怪天氣 像個孩⼦不講道理 不服氣的吹散了落葉⼀地 亂的頭髮不想去整理 愛情 為何總來不及放晴 如果可以 雲淡風輕 怪這陣風 不如先怪自⼰ 不夠壯麗的獨⽩ 不明事理的期待 不能保存遺憾 在離站的後半拍 徒留多餘的感慨 卻走得好慢 怪就怪天氣 像曾哭過的舊電影 那些是非對錯留下的痕跡 滿街都是未乾的記憶 愛情 不過是一場無病呻吟 毫無預警 下了又停 怪這場雨不如先怪自⼰ 
一樣在六點 泡一樣的咖啡 其實早有預謀 在時陰多雨的氣候 擠同一班⾞廂 靈魂卻空蕩 慢慢 調整姿態 故作⾃然卻無力取暖 ⾏李 塞滿所有不合時宜的⽉光 只是比方 古人說的浪漫只適合欣賞 下了站 雨滴同樣滴在你肩膀
怪就怪天氣 像曾哭過的舊電影 那些是非對錯留下的痕跡 滿街都是未乾的記憶 愛情 不過是一場無病呻吟 毫無預警 下了又停 怪這場雨不如先怪自⼰
一樣在六點 說不完的是非 等⾞的⼈爭先恐後 不願落單在這街頭 左顧右盼 卻找不到⽅向 慢慢 我透過⾞窗 遙望一片浮雲的模樣 不想 隨著霓虹閃爍起舞 總是怕 好景不常 我反覆練習⼀個人的優雅步伐 下一站 或許有陣風 會為我歌唱
怪就怪天氣 像個孩⼦不講道理 不服氣的吹散了落葉⼀地 亂的頭髮不想去整理 愛情 為何總來不及放晴 如果可以 雲淡風輕 怪這陣風 不如先怪自⼰
不夠壯麗的獨⽩ 不明事理的期待 不能保存遺憾 在離站的後半拍 徒留多餘的感慨 卻走得好慢
怪就怪天氣 像曾哭過的舊電影 那些是非對錯留下的痕跡 滿街都是未乾的記憶 愛情 不過是一場無病呻吟 毫無預警 下了又停 怪這場雨不如先怪自⼰
留言（ 87 ） 最相關留言 所有留言
留言（ 87 ）",2020-09-15,,Song of the Day; 週排行冠軍歌曲; 達人推薦; 編輯推薦,True,True,https://streetvoice.com/y310/songs/623365/critic_reviews/
