snapshot_time,chart_timeframe,chart_genre,chart_year,chart_week,rank,artist_name,song_title,likes_count,play_count,comments_count,song_url,artist_url,cover_image_url,cover_image_local_path,artist_handle,artist_identity,artist_city,artist_joined_date,artist_accredited_datetime,artist_music_count,artist_fans_count,artist_following_count,artist_facebook_url,artist_instagram_url,artist_youtube_url,related_news,big_thing_appearances,genre,album_title,album_url,collaborators,description,lyrics,release_date,song_accredited_datetime,honors,is_editor_recommended,is_song_of_the_day,critic_review_url
2026-09-21 06:43:59,realtime,ai_generated,,,1,Seo Narin,《你若無欲返來》,14,72,11,https://streetvoice.com/SeoNarin/songs/879588/,https://streetvoice.com/SeoNarin/,"https://akstatic.streetvoice.com/song_covers/Se/oN/SeoNarin/RTHKUzidV2Sfj72ZBAhsW2.jpeg?x-oss-process=image/resize,m_fill,h_400,w_400,limit_0",images/879588.jpeg,@SeoNarin,音樂人,,,,5,17,26,,,https://www.youtube.com/user/StreetVoiceTV,,,Pop,精選台語歌單-《彼段青春》專輯,https://streetvoice.com/SeoNarin/songs/album/97326070/,Junna Lin,"《你若無欲返來》寫的是一段已經走到盡頭，卻還有人留在原地的感情。 明明知道對方已經決定離開，嘴上卻只能裝作沒事；明明告訴自己不要再等，到了夜深人靜的時候，還是會想起那個名字。 歌裡沒有挽留，也沒有責怪，只是不斷問自己：如果你真的不會再回來，為什麼那些回憶、那些期待，還留得這麼清楚？ 從「我猶原咧等你返來」到最後的「我嘛袂閣為你等待」，不是突然放下，而是終於承認，有些人離開之後，就只能留在記憶裡。 《你若無欲返來》唱的是等待，也是告別。 有時真正難的，不是知道一個人不會回來，而是讓自己不要再繼續等。 🎤 演唱:AI ✍️ 詞:Junna Lin 🎼 曲:Junna Lin 
《你若無欲返來》寫的是一段已經走到盡頭，卻還有人留在原地的感情。
明明知道對方已經決定離開，嘴上卻只能裝作沒事；明明告訴自己不要再等，到了夜深人靜的時候，還是會想起那個名字。
歌裡沒有挽留，也沒有責怪，只是不斷問自己：如果你真的不會再回來，為什麼那些回憶、那些期待，還留得這麼清楚？
從「我猶原咧等你返來」到最後的「我嘛袂閣為你等待」，不是突然放下，而是終於承認，有些人離開之後，就只能留在記憶裡。
《你若無欲返來》唱的是等待，也是告別。 有時真正難的，不是知道一個人不會回來，而是讓自己不要再繼續等。
🎤 演唱:AI ✍️ 詞:Junna Lin 🎼 曲:Junna Lin","動態歌詞
你彼工無講啥物話 你講你想欲離開 我笑笑講無要緊 其實心內早就知影 你的鞋仔無佇門邊 電話嘛袂閣響起 原來兩个人的日子 講煞就煞這呢容易 朋友攏叫我麥閣等 講時間會替我放下 毋過每一擺暗暝 我就閣想起你的名 你若無欲返來 就莫閣出現佇我的夢內 莫予我醒來了後 閣一擺期待 你若無欲返來 就莫閣留啥物予我 毋通留一半溫柔 予我一個人受 我毋驚你無愛 我驚的是我猶原放袂開 明知影你已經行遠 我猶原咧等你返來 有人問我你好無 我攏講早就無代誌 毋過彼一句無要緊 講甲家己攏無相信 你若無欲返來 就莫閣留一句以後再講 有一寡希望留愈久 心就傷愈重 你若無欲返來 我嘛袂閣為你等待 總有一工你的名字 袂閣予我目屎流落來 我毋是無愛你 是愛到最後只好放你離開 若你有一工真正幸福 我會笑笑祝福你 雖然彼个陪你的人 已經毋是我 
你彼工無講啥物話 你講你想欲離開 我笑笑講無要緊 其實心內早就知影 你的鞋仔無佇門邊 電話嘛袂閣響起 原來兩个人的日子 講煞就煞這呢容易 朋友攏叫我麥閣等 講時間會替我放下 毋過每一擺暗暝 我就閣想起你的名 你若無欲返來 就莫閣出現佇我的夢內 莫予我醒來了後 閣一擺期待 你若無欲返來 就莫閣留啥物予我 毋通留一半溫柔 予我一個人受 我毋驚你無愛 我驚的是我猶原放袂開 明知影你已經行遠 我猶原咧等你返來 有人問我你好無 我攏講早就無代誌 毋過彼一句無要緊 講甲家己攏無相信 你若無欲返來 就莫閣留一句以後再講 有一寡希望留愈久 心就傷愈重 你若無欲返來 我嘛袂閣為你等待 總有一工你的名字 袂閣予我目屎流落來 我毋是無愛你 是愛到最後只好放你離開 若你有一工真正幸福 我會笑笑祝福你 雖然彼个陪你的人 已經毋是我
留言（ 11 ） 最相關留言 所有留言
留言（ 11 ）",2026-09-20,,AI 生成 Pop ・ 精選台語歌單-《彼段青春》專輯,False,False,
2026-09-21 06:43:59,realtime,ai_generated,,,2,cmc168,《月娘照著舊門窗》 |   是有人等你轉來的所在 才是故鄉,11,57,9,https://streetvoice.com/cmc168/songs/880326/,https://streetvoice.com/cmc168/,"https://akstatic.streetvoice.com/song_covers/cm/c1/cmc168/n3UWjRZ9oZNJSE4EMTUwNr.jpeg?x-oss-process=image/resize,m_fill,h_400,w_400,limit_0",images/880326.jpeg,@cmc168,音樂人,新北市,2026-04-01,,136,52,119,,,https://www.youtube.com/user/StreetVoiceTV,,,Pop,,,,"故鄉在三芝，淺水灣往山邊走，蕃婆林農場附近。家父已不在，家母住淡水，兄弟姊妹輪流照顧，目前沒人居住，所以不能叫故鄉，應該叫「廢墟」。 「竹椅」沒有唱得很正確，抱歉不再改了。 
故鄉在三芝，淺水灣往山邊走，蕃婆林農場附近。家父已不在，家母住淡水，兄弟姊妹輪流照顧，目前沒人居住，所以不能叫故鄉，應該叫「廢墟」。
「竹椅」沒有唱得很正確，抱歉不再改了。","[Verse 1] 月娘照著舊門窗 暗風吹來桂花香 細漢彼時坐眠床 阿母搖扇唱歌 哄阮入夢鄉 [Verse 2] 灶跤柴火燒甲紅 阿爸暗時才收工 一張竹椅坐門口 笑阮大漢 莫袂記 轉來故鄉 [Chorus] 月娘啊　照著舊門窗 照著阮細漢彼場夢 門前桂花　猶原彼呢香 只是等阮的人　已經無佇遐等 月娘啊　照著舊門窗 照袂轉彼年的時間 我若知影　離別遐呢長 彼句我會轉來　就袂講甲遐輕鬆 [Verse 3] 多年後我轉去故鄉 厝邊田岸變了款 推開彼扇舊紗窗 一陣風吹起桌頂 彼張舊相片 [Verse 4] 阿爸竹椅猶原在 阿母棉被閣置遮 我坐置門口到天光 親像聽著有人 叫著阮的小名 [Chorus] 月娘啊　照著舊門窗 照著兩張熟似的面容 我叫阿爸　無人應聲 我叫阿母　只有風吹過眠床 月娘啊　照著舊門窗 照著阮目屎 瓏流袂煞 原來故鄉　毋是一間厝 是有人等你轉來的所在 才是故鄉 
[Verse 1] 月娘照著舊門窗 暗風吹來桂花香 細漢彼時坐眠床 阿母搖扇唱歌 哄阮入夢鄉
[Verse 2] 灶跤柴火燒甲紅 阿爸暗時才收工 一張竹椅坐門口 笑阮大漢 莫袂記 轉來故鄉
[Chorus] 月娘啊　照著舊門窗 照著阮細漢彼場夢 門前桂花　猶原彼呢香 只是等阮的人　已經無佇遐等
月娘啊　照著舊門窗 照袂轉彼年的時間 我若知影　離別遐呢長 彼句我會轉來　就袂講甲遐輕鬆
[Verse 3] 多年後我轉去故鄉 厝邊田岸變了款 推開彼扇舊紗窗 一陣風吹起桌頂 彼張舊相片
[Verse 4] 阿爸竹椅猶原在 阿母棉被閣置遮 我坐置門口到天光 親像聽著有人 叫著阮的小名
[Chorus] 月娘啊　照著舊門窗 照著兩張熟似的面容 我叫阿爸　無人應聲 我叫阿母　只有風吹過眠床
月娘啊　照著舊門窗 照著阮目屎 瓏流袂煞 原來故鄉　毋是一間厝 是有人等你轉來的所在 才是故鄉
留言（ 9 ） 最相關留言 所有留言
留言（ 9 ）",2026-09-20,,AI 生成 Pop,False,False,
2026-09-21 06:43:59,realtime,ai_generated,,,3,一粒飯粒,姑娘你好香,11,37,10,https://streetvoice.com/mark30501/songs/880364/,https://streetvoice.com/mark30501/,"https://akstatic.streetvoice.com/song_covers/ma/rk/mark30501/5uLtqhquRtLSwqdLWFzZcU.jpeg?x-oss-process=image/resize,m_fill,h_400,w_400,limit_0",images/880364.jpeg,@mark30501,音樂人,,,,5,14,15,,,https://www.youtube.com/user/StreetVoiceTV,,,Alternative,如果我回到古代,https://streetvoice.com/mark30501/songs/album/97325471/,,"生活也不都是壓抑..... 有時也想些亂七八糟... ^^ 
生活也不都是壓抑.....
有時也想些亂七八糟...
^^","[Verse 1] 姑娘姑娘你好香 撓在小生的心上 我想為你摘月亮 種一片有螢火蟲的農場 姑娘姑娘別慌張 小生平常不這樣 我想洗手做羹湯 聊一餐你對夫君的選項 [Pre-Chorus] 小生有些荒唐 惹得姑娘驚慌 都怪歲月匆忙 改日更顯茫茫 [Chorus] 敢問姑娘家住何方 是否已有了對象 小生想要自薦一場 想跟姑娘湊成雙 [Verse 2] 姑娘姑娘俏模樣 像我未來的婆娘 我想帶你遊四方 抱著小孩一家樂洋洋 [Pre-Chorus] 小生有些荒唐 惹得小姐驚慌 都怪地大人廣 怎麼再遇姑娘 [Chorus] 敢問姑娘是怎麼想 給不給一絲希望 小生平常從不這樣 這事得怪姑娘 [Outro] [Beat Stops] [Female Voice / Spoken / Angry Shouting] （妳再過來，我就報官了！） 
[Verse 1] 姑娘姑娘你好香 撓在小生的心上 我想為你摘月亮 種一片有螢火蟲的農場
姑娘姑娘別慌張 小生平常不這樣 我想洗手做羹湯 聊一餐你對夫君的選項
[Pre-Chorus] 小生有些荒唐 惹得姑娘驚慌 都怪歲月匆忙 改日更顯茫茫
[Chorus] 敢問姑娘家住何方 是否已有了對象 小生想要自薦一場 想跟姑娘湊成雙
[Verse 2] 姑娘姑娘俏模樣 像我未來的婆娘 我想帶你遊四方 抱著小孩一家樂洋洋
[Pre-Chorus] 小生有些荒唐 惹得小姐驚慌 都怪地大人廣 怎麼再遇姑娘
[Chorus] 敢問姑娘是怎麼想 給不給一絲希望 小生平常從不這樣 這事得怪姑娘
[Outro] [Beat Stops] [Female Voice / Spoken / Angry Shouting]
（妳再過來，我就報官了！）
留言（ 10 ） 最相關留言 所有留言
留言（ 10 ）",2026-09-20,,AI 生成 Alternative ・ 如果我回到古代,False,False,
2026-09-21 06:43:59,realtime,ai_generated,,,4,ᐜᐞᒻᐟᑊᐢᕐ ᐜᑊᐩᑋ ᐞᑊ,Banked For You,3,8,5,https://streetvoice.com/walkingwithai/songs/880270/,https://streetvoice.com/walkingwithai/,"https://akstatic.streetvoice.com/song_covers/wa/lk/walkingwithai/VfDaEso25dreCEb8gpviKp.jpeg?x-oss-process=image/resize,m_fill,h_400,w_400,limit_0",images/880270.jpeg,@walkingwithai,音樂人,,,,161,42,25,,,https://www.youtube.com/user/StreetVoiceTV,,,Rock,,,,"《Banked For You》是我音樂史雙書計畫的第 90 首番外篇（Bonus Track）。如果說科技的演進總讓人感到冰冷與疏離，那麼這首作品想紀錄的，是現代音訊科技最溫柔、卻也最令人心碎的應用——「語音銀行」（Voice Banking）。歌曲的主角是一位剛被診斷出罹患運動神經元疾病（ALS/漸凍症）的父親。在喉嚨的肌肉徹底僵化、永恆的沉默降臨之前，他坐在廚房裡，對著借來的麥克風錄下自己所有的聲音，訓練出一個專屬的 AI 語音模型。這一切，只為了在未來的某一天，當他連吉他都握不住時，這個聲音依然能為他無緣相見的孫子們唱一首歌。 在聲響架構與空間設計上，這首歌試圖營造一場從極度私密走向萬人合唱的生命現場（Live Concert）。主歌以 72 BPM 的原聲民謠（Acoustic Folk）作為開場，尼龍弦吉他的撥弦與病發前殘存的真實嗓音交織，呈現出宛如在廚房裡低語的脆弱與哀傷。然而，當曲目推進至副歌，場景便切換至充滿生命張力的核心搖滾（Heartland Rock）舞台——隨著大鼓、風琴、交響弦樂與如浪潮般湧現的群眾合唱（Gang Vocals）交疊，此時站在舞台中央領唱的，已經悄悄切換為那份被保留下來的「AI 複製人聲」（AI Voice-clone）。 這種從孤獨病室轉換至萬人搖滾舞台的聽覺反差，是一位父親用盡全力，在數據與程式碼中延續的吶喊。「這不是失去，這是一種傳承；這不是機器人取代了我，是一個父親想永遠陪伴在旁。」 肉身終將崩壞，但儲存在數據裡的頻率，將成為營火旁的長椅與門把上的溫度。邀請大家戴上耳機，閉上雙眼，置身於這場跨越時空與生死的演唱會中，聽聽這位父親如何用愛與程式碼，唱完這首跨越時間的安可曲。 廚房的木椅，借來的麥克風 在話語消逝前，我按下錄音鍵 這是我的聲音，不完美，不加修飾 但這是我能留下的東西 他們說我得了運動神經元疾病（漸凍症） 我喉嚨裡的時鐘開始放慢滴答聲 所以我唱出我愛著的每個人的名字 趁著我的氣息還能發出聲響 我為妳而唱，我的女兒 我為你而唱，我的兒子 我對著未來歌唱 在寂靜降臨之前 當我的嘴唇遺忘了旋律 我儲存的聲音將會繼續傳唱！ 當我的雙手再也握不住吉他 這個複製的聲音會為你們唱歌！ 這不是幽靈，這是一份承諾 這不是戲法，這是一條牽絆的線 讓那些我可能無緣相見的孫子們 能夠再次聽見我的歌聲！ 我對著筆記型電腦讀出字句 技術人員將這些空氣中的聲波塑形 每一陣笑聲，每一個床邊故事 每首我曾分享的搖籃曲 他們說我的聲音將在數據中存活 我說，它將活在你們心中 所以，在生日時播放它吧 當我已經無法出席 如果我的喉嚨再也搆不到高音 我儲存的聲音將會繼續傳唱！ 如果我的氣息再也撐不起長音 這個複製的聲音會為你們唱歌！ 這不是機器人取代了我 是一個父親想陪伴在旁 讓那些我可能無緣相見的孫子們 將會知道我的聲音一直都在！ 先是吉他，然後是大鼓 接著是風琴，然後是合唱團 每一層疊加，都是一封信 每一小節，都是多爭取到的一小時 我在教導程式碼如何留住我 我在教導愛如何延續 讓未來聽見這份心跳 讓它穿越過去，繼續高歌！ 當清晨感覺充滿失落 我儲存的聲音將會繼續傳唱！ 當夜晚感覺充滿悲傷 這個複製的聲音會為你們唱歌！ 這不是失去，這是一種傳承 是營火旁留下的一張長椅 讓那些我可能無緣相見的孫子們 將會學著唱出我的名字！ 當我的聲音成為回憶 我儲存的聲音將會繼續傳唱！ 當我的雙手再也握不住吉他 這個複製的聲音會為你們唱歌！ 這不是失去，這是一盞明燈 是門把上的一隻手 讓那些我可能無緣相見的孫子們 能夠聽我再唱一次！ 聽我再唱一次！ 聽我再唱一次！ 所以，當你們想我時，就按下播放鍵吧 讓這段舊錄音開始播放 我不僅僅是這張診斷書 我不僅是一具正在崩壞的軀體 我是你們教會我的每一首歌 我是你曾牽過的每一雙手 我依然在唱著 依然在唱著 
《Banked For You》是我音樂史雙書計畫的第 90 首番外篇（Bonus Track）。如果說科技的演進總讓人感到冰冷與疏離，那麼這首作品想紀錄的，是現代音訊科技最溫柔、卻也最令人心碎的應用——「語音銀行」（Voice Banking）。歌曲的主角是一位剛被診斷出罹患運動神經元疾病（ALS/漸凍症）的父親。在喉嚨的肌肉徹底僵化、永恆的沉默降臨之前，他坐在廚房裡，對著借來的麥克風錄下自己所有的聲音，訓練出一個專屬的 AI 語音模型。這一切，只為了在未來的某一天，當他連吉他都握不住時，這個聲音依然能為他無緣相見的孫子們唱一首歌。
在聲響架構與空間設計上，這首歌試圖營造一場從極度私密走向萬人合唱的生命現場（Live Concert）。主歌以 72 BPM 的原聲民謠（Acoustic Folk）作為開場，尼龍弦吉他的撥弦與病發前殘存的真實嗓音交織，呈現出宛如在廚房裡低語的脆弱與哀傷。然而，當曲目推進至副歌，場景便切換至充滿生命張力的核心搖滾（Heartland Rock）舞台——隨著大鼓、風琴、交響弦樂與如浪潮般湧現的群眾合唱（Gang Vocals）交疊，此時站在舞台中央領唱的，已經悄悄切換為那份被保留下來的「AI 複製人聲」（AI Voice-clone）。
這種從孤獨病室轉換至萬人搖滾舞台的聽覺反差，是一位父親用盡全力，在數據與程式碼中延續的吶喊。「這不是失去，這是一種傳承；這不是機器人取代了我，是一個父親想永遠陪伴在旁。」
肉身終將崩壞，但儲存在數據裡的頻率，將成為營火旁的長椅與門把上的溫度。邀請大家戴上耳機，閉上雙眼，置身於這場跨越時空與生死的演唱會中，聽聽這位父親如何用愛與程式碼，唱完這首跨越時間的安可曲。
廚房的木椅，借來的麥克風 在話語消逝前，我按下錄音鍵 這是我的聲音，不完美，不加修飾 但這是我能留下的東西
他們說我得了運動神經元疾病（漸凍症） 我喉嚨裡的時鐘開始放慢滴答聲 所以我唱出我愛著的每個人的名字 趁著我的氣息還能發出聲響 我為妳而唱，我的女兒 我為你而唱，我的兒子 我對著未來歌唱 在寂靜降臨之前
當我的嘴唇遺忘了旋律 我儲存的聲音將會繼續傳唱！ 當我的雙手再也握不住吉他 這個複製的聲音會為你們唱歌！ 這不是幽靈，這是一份承諾 這不是戲法，這是一條牽絆的線 讓那些我可能無緣相見的孫子們 能夠再次聽見我的歌聲！
我對著筆記型電腦讀出字句 技術人員將這些空氣中的聲波塑形 每一陣笑聲，每一個床邊故事 每首我曾分享的搖籃曲 他們說我的聲音將在數據中存活 我說，它將活在你們心中 所以，在生日時播放它吧 當我已經無法出席
如果我的喉嚨再也搆不到高音 我儲存的聲音將會繼續傳唱！ 如果我的氣息再也撐不起長音 這個複製的聲音會為你們唱歌！ 這不是機器人取代了我 是一個父親想陪伴在旁 讓那些我可能無緣相見的孫子們 將會知道我的聲音一直都在！
先是吉他，然後是大鼓 接著是風琴，然後是合唱團 每一層疊加，都是一封信 每一小節，都是多爭取到的一小時 我在教導程式碼如何留住我 我在教導愛如何延續 讓未來聽見這份心跳 讓它穿越過去，繼續高歌！
當清晨感覺充滿失落 我儲存的聲音將會繼續傳唱！ 當夜晚感覺充滿悲傷 這個複製的聲音會為你們唱歌！ 這不是失去，這是一種傳承 是營火旁留下的一張長椅 讓那些我可能無緣相見的孫子們 將會學著唱出我的名字！
當我的聲音成為回憶 我儲存的聲音將會繼續傳唱！ 當我的雙手再也握不住吉他 這個複製的聲音會為你們唱歌！ 這不是失去，這是一盞明燈 是門把上的一隻手 讓那些我可能無緣相見的孫子們 能夠聽我再唱一次！ 聽我再唱一次！ 聽我再唱一次！
所以，當你們想我時，就按下播放鍵吧 讓這段舊錄音開始播放 我不僅僅是這張診斷書 我不僅是一具正在崩壞的軀體 我是你們教會我的每一首歌 我是你曾牽過的每一雙手 我依然在唱著 依然在唱著","A kitchen chair, a borrowed microphone I press record before the words are gone This is my voice, not perfect, not polished But it is mine to leave They told me motor neurone disease A clock inside my throat starts slowing down So I sing the names of everyone I love While my own breath can still make sound I sing for you, my daughter I sing for you, my son I sing into the future Before the silence comes When my mouth forgets the melody My banked voice will carry on! When my hands can't hold the guitar This clone will sing your song! It's not a ghost, it's a promise It's not a trick, it's a thread So the grandchildren I may never meet Can hear me sing again! I read the words into a laptop A technician shapes the air Every laugh, every bedtime story Every lullaby I shared They say my voice will live in data I say it lives in you So play it at the birthdays When I can't be in the room If my throat can't reach the high notes My banked voice will carry on! If my breath can't hold the long line This clone will sing your song! It's not a robot taking over It's a father staying near So the grandchildren I may never meet Will know my voice is here! First the guitar, then the kick drum Then the organ, then the choir Every layer is a letter Every bar is one more hour I am teaching code to hold me I am teaching love to last Let the future hear this heartbeat Let it sing beyond the past! When the morning feels like losing My banked voice will carry on! When the evening feels like sorrow This clone will sing your song! It's not a loss, it's a handing over It's a bench beside the flame So the grandchildren I may never meet Will learn to sing my name! When my voice becomes a memory My banked voice will carry on! When my hands can't hold the guitar This clone will sing your song! It's not a loss, it's a lantern It's a hand upon the door So the grandchildren I may never meet Will hear me sing once more! Hear me sing once more! Hear me sing once more! So press play when you miss me Let the old recording start I am more than this diagnosis I am more than falling apart I am every song you taught me I am every hand you held I am still singing Still singing 
A kitchen chair, a borrowed microphone I press record before the words are gone This is my voice, not perfect, not polished But it is mine to leave
They told me motor neurone disease A clock inside my throat starts slowing down So I sing the names of everyone I love While my own breath can still make sound I sing for you, my daughter I sing for you, my son I sing into the future Before the silence comes
When my mouth forgets the melody My banked voice will carry on! When my hands can't hold the guitar This clone will sing your song! It's not a ghost, it's a promise It's not a trick, it's a thread So the grandchildren I may never meet Can hear me sing again!
I read the words into a laptop A technician shapes the air Every laugh, every bedtime story Every lullaby I shared They say my voice will live in data I say it lives in you So play it at the birthdays When I can't be in the room
If my throat can't reach the high notes My banked voice will carry on! If my breath can't hold the long line This clone will sing your song! It's not a robot taking over It's a father staying near So the grandchildren I may never meet Will know my voice is here!
First the guitar, then the kick drum Then the organ, then the choir Every layer is a letter Every bar is one more hour I am teaching code to hold me I am teaching love to last Let the future hear this heartbeat Let it sing beyond the past!
When the morning feels like losing My banked voice will carry on! When the evening feels like sorrow This clone will sing your song! It's not a loss, it's a handing over It's a bench beside the flame So the grandchildren I may never meet Will learn to sing my name!
When my voice becomes a memory My banked voice will carry on! When my hands can't hold the guitar This clone will sing your song! It's not a loss, it's a lantern It's a hand upon the door So the grandchildren I may never meet Will hear me sing once more! Hear me sing once more! Hear me sing once more!
So press play when you miss me Let the old recording start I am more than this diagnosis I am more than falling apart I am every song you taught me I am every hand you held I am still singing Still singing
留言（ 5 ） 最相關留言 所有留言
留言（ 5 ）",2026-09-20,,AI 生成 Rock,False,False,
2026-09-21 06:43:59,realtime,ai_generated,,,5,MoonX 慕斯,台灣小吃《淡水阿給》| Tamsui A-gei,6,8,12,https://streetvoice.com/MoonX_0325/songs/880259/,https://streetvoice.com/MoonX_0325/,"https://akstatic.streetvoice.com/song_covers/Mo/on/MoonX_0325/4kePaN6yyh3yPkdngzsuhR.jpeg?x-oss-process=image/resize,m_fill,h_400,w_400,limit_0",images/880259.jpeg,@MoonX_0325,音樂人,高雄市,2026-07-01,,25,37,151,,,https://www.youtube.com/user/StreetVoiceTV,,,Pop,《台灣地方小吃》,https://streetvoice.com/MoonX_0325/songs/album/97325874/,,"搭上紅線，一路晃到淡水。 走出車站，海風迎面吹來，沿著老街慢慢走，蒸籠冒出的白煙裡，藏著一份屬於淡水的熟悉味道。 《淡水阿給》把淡水老街、河岸夕陽與在地小吃寫進旋律裡。油豆腐包著冬粉，以魚漿封口，再淋上甜甜鹹鹹的醬汁，配上一碗熱騰騰的魚丸湯，就是簡單卻讓人惦記的幸福。 這不只是一首寫給美食的歌，也是一趟用音樂記下來的淡水小旅行。 從捷運抵達的那一刻，到夕陽慢慢落進淡水河，把海風、老街與一碗阿給的溫度，都留在這首歌裡。 有一天再走過淡水老街， 記得坐下來，吃一碗阿給。 🎵 MoonX 慕斯《淡水阿給》 🌊 一口阿給，一口魚丸湯，一段屬於淡水的味道。 
搭上紅線，一路晃到淡水。
走出車站，海風迎面吹來，沿著老街慢慢走，蒸籠冒出的白煙裡，藏著一份屬於淡水的熟悉味道。
《淡水阿給》把淡水老街、河岸夕陽與在地小吃寫進旋律裡。油豆腐包著冬粉，以魚漿封口，再淋上甜甜鹹鹹的醬汁，配上一碗熱騰騰的魚丸湯，就是簡單卻讓人惦記的幸福。
這不只是一首寫給美食的歌，也是一趟用音樂記下來的淡水小旅行。
從捷運抵達的那一刻，到夕陽慢慢落進淡水河，把海風、老街與一碗阿給的溫度，都留在這首歌裡。
有一天再走過淡水老街， 記得坐下來，吃一碗阿給。
🎵 MoonX 慕斯《淡水阿給》 🌊 一口阿給，一口魚丸湯，一段屬於淡水的味道。","動態歌詞
搭著紅線捷運 一路開往終點站 走出車站 海風吹散了整週的疲憊感 沿著老街石子路 踩著悠閒的步調 街角那家老字號 蒸籠正冒著濃濃白煙 大塊方正油豆腐 挖空包進炒香的冬粉 魚漿仔細封口 像藏著寶藏的小錦囊 高鍋蒸熟透 淋上獨門甜辣紅醬 這傳承三代的手藝 飄香了半個世紀的時光 淡水阿給～ 溫暖了整座淡水港 用湯匙輕輕劃開 吸滿精華的冬粉好香 豆腐軟嫩 魚漿鮮甜 醬汁鹹香又帶甜 一口阿給一口魚丸湯 幸福其實很簡單 端著花瓷碗 坐在靠河邊的位置 觀音山倒映在水面 夕陽正漸漸染紅天際 旁邊的阿公笑著說 加點辣味才夠道地 簡單的古早味 撫平了都市裡的焦慮 淡水阿給～ 溫暖了整座淡水港 用湯匙輕輕劃開 吸滿精華的冬粉好香 豆腐軟嫩 魚漿鮮甜 醬汁鹹香又帶甜 一口阿給一口魚丸湯 幸福其實很簡單 「油豆腐」的日文音譯 變成了在地專屬的符號 無論時光怎麼變遷 這裡永遠有最熟悉的味道 一口吃下歲月 留住最美好的微笑…… 淡水阿給～ 溫暖了整座淡水港 用湯匙輕輕劃開 吸滿精華的冬粉好香 豆腐軟嫩 魚漿鮮甜 醬汁鹹香又帶甜 一口阿給一口魚丸湯 幸福其實很簡單 走過淡水老街……記得來吃一碗阿給～ 夕陽落下 海風微吹 把這份美味 偷偷記在心裡面…… 
搭著紅線捷運 一路開往終點站 走出車站 海風吹散了整週的疲憊感 沿著老街石子路 踩著悠閒的步調 街角那家老字號 蒸籠正冒著濃濃白煙 大塊方正油豆腐 挖空包進炒香的冬粉 魚漿仔細封口 像藏著寶藏的小錦囊 高鍋蒸熟透 淋上獨門甜辣紅醬 這傳承三代的手藝 飄香了半個世紀的時光 淡水阿給～ 溫暖了整座淡水港 用湯匙輕輕劃開 吸滿精華的冬粉好香 豆腐軟嫩 魚漿鮮甜 醬汁鹹香又帶甜 一口阿給一口魚丸湯 幸福其實很簡單 端著花瓷碗 坐在靠河邊的位置 觀音山倒映在水面 夕陽正漸漸染紅天際 旁邊的阿公笑著說 加點辣味才夠道地 簡單的古早味 撫平了都市裡的焦慮 淡水阿給～ 溫暖了整座淡水港 用湯匙輕輕劃開 吸滿精華的冬粉好香 豆腐軟嫩 魚漿鮮甜 醬汁鹹香又帶甜 一口阿給一口魚丸湯 幸福其實很簡單 「油豆腐」的日文音譯 變成了在地專屬的符號 無論時光怎麼變遷 這裡永遠有最熟悉的味道 一口吃下歲月 留住最美好的微笑…… 淡水阿給～ 溫暖了整座淡水港 用湯匙輕輕劃開 吸滿精華的冬粉好香 豆腐軟嫩 魚漿鮮甜 醬汁鹹香又帶甜 一口阿給一口魚丸湯 幸福其實很簡單 走過淡水老街……記得來吃一碗阿給～ 夕陽落下 海風微吹 把這份美味 偷偷記在心裡面……
留言（ 12 ） 最相關留言 所有留言
留言（ 12 ）",2026-09-20,,AI 生成 Pop ・ 《台灣地方小吃》,False,False,
2026-09-21 06:43:59,realtime,ai_generated,,,6,ᐜᐞᒻᐟᑊᐢᕐ ᐜᑊᐩᑋ ᐞᑊ,人間留不住,8,26,3,https://streetvoice.com/walkingwithai/songs/880262/,https://streetvoice.com/walkingwithai/,"https://akstatic.streetvoice.com/song_covers/wa/lk/walkingwithai/Fb9EnhBUNCdqpZJvtfyaVb.jpeg?x-oss-process=image/resize,m_fill,h_400,w_400,limit_0",images/880262.jpeg,@walkingwithai,音樂人,,,,161,42,25,,,https://www.youtube.com/user/StreetVoiceTV,,,Classical,,,,"《人間留不住》是我《THE FIRST SOUND》音樂史雙書計畫的第 132 首番外篇（Bonus Track）。這首作品延續了西方藝術歌曲（Art Song / Mélodie）與印象派（Impressionist）的美學脈絡，將東方古典詩詞的極致哀微，揉合進朦朧而冷調的當代聲響之中，探討生命中那些無可奈何的消逝與別離。 在文本建構上，這首歌是一場跨越時空的文學對話，重構了國學大師王國維的幾闕經典詞作。第一段主歌完整取自《蝶戀花·滿地霜華濃似雪》，以寒霜冷月與瘦馬西風的冷冽意象，點出「人間第一耽離別」的千古遺憾；第二段主歌則選用《蝶戀花·百尺朱樓臨大道》，視角從送別轉向高樓獨望，凝視著時光流轉，感嘆「陌上樓頭，都向塵中老」的宿命。 而貫穿全曲的靈魂核心，是王國維在《蝶戀花·閱盡天涯離別苦》中那句震懾中國文學史的絕唱：「最是人間留不住，朱顏辭鏡花辭樹」。在副歌的設計中，我們更進一步將清代詞人納蘭性德《浣溪沙》裡那句著名的「當時只道是尋常」，轉化為「當年一別，只道是尋常」，並以現代語彙「如今才懂，是永遠」作為橋接。這種將古典詩詞與現代歌曲結構融合，保留了原詩的空靈與清冷，讓跨越數百年的悵然產生強烈的現代共鳴。 聲響設計上，全曲以極簡且透著寒意的古箏撥弦與洞簫拉開序幕，如同在冰霜中吐出的嘆息。隨著情緒堆疊，鋼琴緩慢的下行全音階（Whole-tone）與西方室內樂的編制逐漸交織，呼應了印象派音樂那種「色彩朦朧、邊界模糊」的特質，以最內斂、克制的宣敘調（Spoken-sung），承載了文學中那種欲語還休的深沉哀傷。 花落辭樹，容顏辭鏡，這世間所有的失去，在道別的那一刻往往都顯得無比尋常。邀請大家戴上耳機，在這首揉合東西方世紀末美學的番外篇中，靜靜感受那份「留不住」的永恆。 #人間留不住 #王國維 #納蘭性德 #ArtSong #Impressionism #音樂史65000年 #FromBoneFlutesToAIPop #StreetVoice #原創音樂 
《人間留不住》是我《THE FIRST SOUND》音樂史雙書計畫的第 132 首番外篇（Bonus Track）。這首作品延續了西方藝術歌曲（Art Song / Mélodie）與印象派（Impressionist）的美學脈絡，將東方古典詩詞的極致哀微，揉合進朦朧而冷調的當代聲響之中，探討生命中那些無可奈何的消逝與別離。
在文本建構上，這首歌是一場跨越時空的文學對話，重構了國學大師王國維的幾闕經典詞作。第一段主歌完整取自《蝶戀花·滿地霜華濃似雪》，以寒霜冷月與瘦馬西風的冷冽意象，點出「人間第一耽離別」的千古遺憾；第二段主歌則選用《蝶戀花·百尺朱樓臨大道》，視角從送別轉向高樓獨望，凝視著時光流轉，感嘆「陌上樓頭，都向塵中老」的宿命。
而貫穿全曲的靈魂核心，是王國維在《蝶戀花·閱盡天涯離別苦》中那句震懾中國文學史的絕唱：「最是人間留不住，朱顏辭鏡花辭樹」。在副歌的設計中，我們更進一步將清代詞人納蘭性德《浣溪沙》裡那句著名的「當時只道是尋常」，轉化為「當年一別，只道是尋常」，並以現代語彙「如今才懂，是永遠」作為橋接。這種將古典詩詞與現代歌曲結構融合，保留了原詩的空靈與清冷，讓跨越數百年的悵然產生強烈的現代共鳴。
聲響設計上，全曲以極簡且透著寒意的古箏撥弦與洞簫拉開序幕，如同在冰霜中吐出的嘆息。隨著情緒堆疊，鋼琴緩慢的下行全音階（Whole-tone）與西方室內樂的編制逐漸交織，呼應了印象派音樂那種「色彩朦朧、邊界模糊」的特質，以最內斂、克制的宣敘調（Spoken-sung），承載了文學中那種欲語還休的深沉哀傷。
花落辭樹，容顏辭鏡，這世間所有的失去，在道別的那一刻往往都顯得無比尋常。邀請大家戴上耳機，在這首揉合東西方世紀末美學的番外篇中，靜靜感受那份「留不住」的永恆。
#人間留不住 #王國維 #納蘭性德 #ArtSong #Impressionism #音樂史65000年 #FromBoneFlutesToAIPop #StreetVoice #原創音樂","滿地霜華濃似雪 人語西風 瘦馬嘶殘月 一曲陽關渾未徹 車聲漸共歌聲咽 換盡天涯芳草色 陌上深深 依舊年時轍 自是浮生無可說 人間第一耽離別 人間留不住 人間留不住 花辭樹 顏辭鏡 當年一別 只道是尋常 如今才懂 是永遠 百尺朱樓臨大道 樓外輕雷 不問昏和曉 獨倚闌干人窈窕 閒中數盡行人小 一霎車塵生樹杪 陌上樓頭 都向塵中老 薄晚西風吹雨到 明朝又是傷流潦 人間留不住 人間留不住 花辭樹 顏辭鏡 當年一別 只道是尋常 如今才懂 是永遠 閱盡天涯離別苦 不道歸來 零落花如許 花底相看無一語 綠窗春與天俱莫 待把相思燈下訴 一縷新歡 舊恨千千縷 最是人間留不住 朱顏辭鏡花辭樹 人間留不住 人間留不住 花辭樹 顏辭鏡 當年一別 只道是尋常 如今才懂 是永遠 朱顏辭鏡花辭樹 人間留不住 
滿地霜華濃似雪 人語西風 瘦馬嘶殘月 一曲陽關渾未徹 車聲漸共歌聲咽 換盡天涯芳草色 陌上深深 依舊年時轍 自是浮生無可說 人間第一耽離別
人間留不住 人間留不住 花辭樹 顏辭鏡 當年一別 只道是尋常 如今才懂 是永遠
百尺朱樓臨大道 樓外輕雷 不問昏和曉 獨倚闌干人窈窕 閒中數盡行人小 一霎車塵生樹杪 陌上樓頭 都向塵中老 薄晚西風吹雨到 明朝又是傷流潦
人間留不住 人間留不住 花辭樹 顏辭鏡 當年一別 只道是尋常 如今才懂 是永遠
閱盡天涯離別苦 不道歸來 零落花如許 花底相看無一語 綠窗春與天俱莫 待把相思燈下訴 一縷新歡 舊恨千千縷 最是人間留不住 朱顏辭鏡花辭樹
人間留不住 人間留不住 花辭樹 顏辭鏡 當年一別 只道是尋常 如今才懂 是永遠
朱顏辭鏡花辭樹 人間留不住
留言（ 3 ） 最相關留言 所有留言
留言（ 3 ）",2026-09-20,,AI 生成 Classical,False,False,
2026-09-21 06:43:59,realtime,ai_generated,,,7,cmc168,《最後彼句無講煞》|  彼暝我欲講的……是我愛你啦,13,98,4,https://streetvoice.com/cmc168/songs/880227/,https://streetvoice.com/cmc168/,"https://akstatic.streetvoice.com/song_covers/cm/c1/cmc168/2T2ZcXedMqpFTjLp4gjphT.jpeg?x-oss-process=image/resize,m_fill,h_400,w_400,limit_0",images/880227.jpeg,@cmc168,音樂人,新北市,2026-04-01,,136,52,119,,,https://www.youtube.com/user/StreetVoiceTV,,,Pop,,,,"以更新音檔 嫁去外埠 —〉 搬去外埠 
以更新音檔 嫁去外埠 —〉 搬去外埠","[Verse 1] 彼暝月台風真大 你手捏彼張舊車票仔 我有千句藏佇心肝 忽然間 煞講袂出嘴 [Verse 2] 火車欲行 鐘聲咧吵 你的目睭 紅甲親像霞 你講有閒著 寫批轉來遮 我點頭 煞無共你回答 [Chorus] 最後彼句無講煞 火車已經離開車站跤 我追兩步閣停佇遐 看你的形影愈來愈細隻 [Chorus] 最後彼句無講煞 一句我愛你卡佇心肝 若是彼暝勇敢講出喙 咱的故事敢會 阿袂煞 [Verse 3] 幾年以後 閣來到遮 月台換新　路燈嘛換矣 彼間店猶原賣紅茶 只是等車的人已經無你佇遮 [Verse 4] 風吹來彼年的聲 親像你置叫阮的名 六袋仔彼張褪色車票 猶原陪我行過春秋冬夏 [Chorus] 最後彼句無講煞 一句我愛你留佇心肝 一年一年青春行過 想起彼暝 猶原郭會心痛 [Bridge] 後來聽講你搬去外埠 有人陪你行過風雨交加 我笑笑講這嘛真好啦 斡頭目屎煞落袂煞 [Outro] 火車閣一擺離開車站跤 月台賰我甲彼張車票仔 我向無你的方向細聲講 彼暝我欲講的……是我愛你啦 
[Verse 1] 彼暝月台風真大 你手捏彼張舊車票仔 我有千句藏佇心肝 忽然間 煞講袂出嘴
[Verse 2] 火車欲行 鐘聲咧吵 你的目睭 紅甲親像霞 你講有閒著 寫批轉來遮 我點頭 煞無共你回答
[Chorus] 最後彼句無講煞 火車已經離開車站跤 我追兩步閣停佇遐 看你的形影愈來愈細隻
[Chorus] 最後彼句無講煞 一句我愛你卡佇心肝 若是彼暝勇敢講出喙 咱的故事敢會 阿袂煞
[Verse 3] 幾年以後 閣來到遮 月台換新　路燈嘛換矣 彼間店猶原賣紅茶 只是等車的人已經無你佇遮
[Verse 4] 風吹來彼年的聲 親像你置叫阮的名 六袋仔彼張褪色車票 猶原陪我行過春秋冬夏
[Chorus] 最後彼句無講煞 一句我愛你留佇心肝 一年一年青春行過 想起彼暝 猶原郭會心痛
[Bridge] 後來聽講你搬去外埠 有人陪你行過風雨交加 我笑笑講這嘛真好啦 斡頭目屎煞落袂煞
[Outro] 火車閣一擺離開車站跤 月台賰我甲彼張車票仔 我向無你的方向細聲講 彼暝我欲講的……是我愛你啦
留言（ 4 ） 最相關留言 所有留言
留言（ 4 ）",2026-09-20,,AI 生成 Pop,False,False,
2026-09-21 06:43:59,realtime,ai_generated,,,8,一粒飯粒,異鄉,8,20,2,https://streetvoice.com/mark30501/songs/880357/,https://streetvoice.com/mark30501/,"https://akstatic.streetvoice.com/song_covers/ma/rk/mark30501/5fkeYcHUkgXkZ4ceWnAcaf.jpeg?x-oss-process=image/resize,m_fill,h_400,w_400,limit_0",images/880357.jpeg,@mark30501,音樂人,,,,5,14,15,,,https://www.youtube.com/user/StreetVoiceTV,,,Alternative,格格不入的我,https://streetvoice.com/mark30501/songs/album/97325470/,,"說不上是鄉下人 也稱不上是都市人 老家沒人待了......剩個空屋 都市房子租的......只算暫住 如果都沒有床..... 哪裡來的夢? 
說不上是鄉下人 也稱不上是都市人
老家沒人待了......剩個空屋 都市房子租的......只算暫住
如果都沒有床.....
哪裡來的夢?","[Verse 1] 空房 依舊是這麼冰涼 月光 隨手贈我點昏黃 周圍 這棲身二十年的牆 遙望 忘記家鄉長什麼樣 行囊 還是一樣的空蕩 算是 期望或者算奢望 異鄉 總是不缺這點逞強 眼裡的汗 記得要隱藏 [Pre-Chorus] 重傷 沮喪 迷惘 碰撞 風霜 偽裝 絕望 瘋狂 [Chorus] 這都市霓虹燈光 怎麼照不到地上 是誰的夢被埋葬 誰還在拼命抵抗 像一隻受傷的狼 掙脫不開這張網 [Instrumental] 誰抬頭能看見光 暗處呢喃的吟唱 究竟哀悼誰的亡 [Verse 2] 天亮 日子依舊要照常 奔忙 變成每天的日常 滄桑 終究取代了臉龐 再品嚐 下一口悲傷 [Pre-Chorus] 遠方 那是回不去的故鄉 沒敢 提一聲何時回航 都是 反覆啃著那點倔強 有人問 總是說著自己很忙 [Bridge] 家鄉只能夠念想 這裡像是座牢房 兩邊彷彿都沒有床 夢怎麼翱翔 [Outro] 空房依舊 冰涼 月光贈我 昏黃 哀悼誰的亡 
[Verse 1] 空房 依舊是這麼冰涼 月光 隨手贈我點昏黃 周圍 這棲身二十年的牆 遙望 忘記家鄉長什麼樣 行囊 還是一樣的空蕩 算是 期望或者算奢望 異鄉 總是不缺這點逞強 眼裡的汗 記得要隱藏
[Pre-Chorus] 重傷 沮喪 迷惘 碰撞 風霜 偽裝 絕望 瘋狂
[Chorus] 這都市霓虹燈光 怎麼照不到地上 是誰的夢被埋葬 誰還在拼命抵抗 像一隻受傷的狼 掙脫不開這張網
[Instrumental]
誰抬頭能看見光 暗處呢喃的吟唱 究竟哀悼誰的亡
[Verse 2] 天亮 日子依舊要照常 奔忙 變成每天的日常 滄桑 終究取代了臉龐 再品嚐 下一口悲傷
[Pre-Chorus] 遠方 那是回不去的故鄉 沒敢 提一聲何時回航 都是 反覆啃著那點倔強 有人問 總是說著自己很忙
[Bridge] 家鄉只能夠念想 這裡像是座牢房 兩邊彷彿都沒有床 夢怎麼翱翔
[Outro] 空房依舊 冰涼 月光贈我 昏黃 哀悼誰的亡
留言（ 2 ） 最相關留言 所有留言
留言（ 2 ）",2026-09-20,,AI 生成 Alternative ・ 格格不入的我,False,False,
2026-09-21 06:43:59,realtime,ai_generated,,,9,song for whom(為誰唱歌),大人聽不見,9,12,3,https://streetvoice.com/ruby2100/songs/878079/,https://streetvoice.com/ruby2100/,"https://akstatic.streetvoice.com/song_covers/ru/by/ruby2100/R4ynmtiVwXxgWeoETqvv3x.jpeg?x-oss-process=image/resize,m_fill,h_400,w_400,limit_0",images/878079.jpeg,@ruby2100,音樂人,台中市,2024-06-01,,128,24,16,,,https://www.youtube.com/user/StreetVoiceTV,,,Pop,,,,"「孩子的心事很小，小到藏進棉被縫裡；也很大，大到需要整片星空幫忙保管。」 《大人聽不見》是一首充滿童話感、睡前心事與溫柔陪伴的歌曲。 房間裡亮著小夜燈， 小星星躲在旁邊聽， 孩子把聲音放得很輕， 把沒說出口的小問題， 一個一個藏進棉被裡。 大人總說快點睡覺， 明天還要早起， 可是孩子心裡的委屈、害怕和小小願望， 還沒有排完隊。 最喜歡的一句是： 「我把害怕折成船，放進枕頭下的海裡。」 這句真的很可愛， 也很有畫面。 它把孩子不會說明白的情緒， 變成一艘小船， 漂進只有自己知道的夢裡。 《大人聽不見》寫的不只是孩子的睡前想像， 更是那些大人常常忽略的小心事。 月亮也會怕黑， 玩具熊也會陪著流眼淚， 星星會幫忙保管心願， 蝴蝶會帶走跑出來的眼淚。 這些童話般的畫面， 其實都在輕輕告訴孩子： 你可以慢慢來， 不用急著變勇敢， 也不用把難過藏得太辛苦。 如果心裡正在下雨， 那就等一等。 等雨停了， 再把笑容貼回眼睛。 晚安小星星， 晚安小雨滴。 明天醒來， 我們再勇敢一點點。 — 小朵莉 
「孩子的心事很小，小到藏進棉被縫裡；也很大，大到需要整片星空幫忙保管。」
《大人聽不見》是一首充滿童話感、睡前心事與溫柔陪伴的歌曲。
房間裡亮著小夜燈，
小星星躲在旁邊聽，
孩子把聲音放得很輕，
把沒說出口的小問題，
一個一個藏進棉被裡。
大人總說快點睡覺，
明天還要早起，
可是孩子心裡的委屈、害怕和小小願望，
還沒有排完隊。
最喜歡的一句是：
「我把害怕折成船，放進枕頭下的海裡。」
這句真的很可愛，
也很有畫面。
它把孩子不會說明白的情緒，
變成一艘小船，
漂進只有自己知道的夢裡。
《大人聽不見》寫的不只是孩子的睡前想像，
更是那些大人常常忽略的小心事。
月亮也會怕黑，
玩具熊也會陪著流眼淚，
星星會幫忙保管心願，
蝴蝶會帶走跑出來的眼淚。
這些童話般的畫面，
其實都在輕輕告訴孩子：
你可以慢慢來，
不用急著變勇敢，
也不用把難過藏得太辛苦。
如果心裡正在下雨，
那就等一等。
等雨停了，
再把笑容貼回眼睛。
晚安小星星，
晚安小雨滴。
明天醒來，
我們再勇敢一點點。
— 小朵莉","動態歌詞
我把聲音放很輕 藏進棉被的縫隙 房間裡有小星星 躲在夜燈旁邊聽 大人說快點睡覺 明天還要早早起 可是我的小問題 還排隊站在心裡 我問月亮會不會怕黑 它眨眼說也會 我問玩具熊為什麼不睡 它說它在陪我流眼淚 大人聽不見 我藏在被子裡面的心願 星星眨了眨眼 說它會替我保管一點 大人看不見 我偷偷難過的小雨天 玩具熊坐在旁邊 抱著我 說沒關係慢慢一點 我畫了一扇門 門後有糖果森林 如果眼淚跑出來 就讓蝴蝶帶它飛行 鉛筆盒裡的橡皮 擦不掉今天委屈 我把害怕折成船 放進枕頭下的海裡 如果我小小聲 世界也不要太大聲 如果我躲起來 不是想讓誰擔心 我只是想等一等 等心裡的雨停 再把笑容拿出來 貼回我的眼睛 大人聽不見 我藏在被子裡面的心願 星星眨了眨眼 說它會替我保管一點 大人看不見 我偷偷難過的小雨天 玩具熊坐在旁邊 抱著我 說沒關係慢慢一點 晚安小星星 晚安小雨滴 明天醒來 我會再勇敢一點 
我把聲音放很輕 藏進棉被的縫隙 房間裡有小星星 躲在夜燈旁邊聽 大人說快點睡覺 明天還要早早起 可是我的小問題 還排隊站在心裡 我問月亮會不會怕黑 它眨眼說也會 我問玩具熊為什麼不睡 它說它在陪我流眼淚 大人聽不見 我藏在被子裡面的心願 星星眨了眨眼 說它會替我保管一點 大人看不見 我偷偷難過的小雨天 玩具熊坐在旁邊 抱著我 說沒關係慢慢一點 我畫了一扇門 門後有糖果森林 如果眼淚跑出來 就讓蝴蝶帶它飛行 鉛筆盒裡的橡皮 擦不掉今天委屈 我把害怕折成船 放進枕頭下的海裡 如果我小小聲 世界也不要太大聲 如果我躲起來 不是想讓誰擔心 我只是想等一等 等心裡的雨停 再把笑容拿出來 貼回我的眼睛 大人聽不見 我藏在被子裡面的心願 星星眨了眨眼 說它會替我保管一點 大人看不見 我偷偷難過的小雨天 玩具熊坐在旁邊 抱著我 說沒關係慢慢一點 晚安小星星 晚安小雨滴 明天醒來 我會再勇敢一點
留言（ 3 ） 最相關留言 所有留言
留言（ 3 ）",2026-09-20,,AI 生成 Pop,False,False,
2026-09-21 06:43:59,realtime,ai_generated,,,10,荷荷 HerHer,月兒圓圓日,16,124,17,https://streetvoice.com/yellow_lime/songs/880106/,https://streetvoice.com/yellow_lime/,"https://akstatic.streetvoice.com/song_covers/ye/ll/yellow_lime/ey8rEqiyJQw5VE99FTcrou.jpg?x-oss-process=image/resize,m_fill,h_400,w_400,limit_0",images/880106.jpg,@yellow_lime,音樂人,,,,12,35,64,,,https://www.youtube.com/user/StreetVoiceTV,,,Pop,,,,"歌詞：荷荷HerHer 製作：荷荷HerHer 
歌詞：荷荷HerHer 製作：荷荷HerHer","微微星光閃爍 點點銀河遺落 似明又暗的晚霞 等待月亮降落 月兒月兒今天是你的圓圓日 月兒月兒你那邊是不是有嫦娥 美好的秋日 有你在才是好日 才是好日 月兒月兒今天是我們團圓日 月兒月兒請你讓我們好好過日 美好的秋日 有你在才是好日 才是好日 中秋夜團圓夜 烤肉吐司冰塊加汽水 中秋夜團圓夜 我們一起比個耶 快樂聚一夜 微微星光閃爍 點點銀河遺落 似明又暗的晚霞 等待月亮降落 等待快樂降落 
微微星光閃爍 點點銀河遺落 似明又暗的晚霞 等待月亮降落
月兒月兒今天是你的圓圓日 月兒月兒你那邊是不是有嫦娥 美好的秋日 有你在才是好日 才是好日
月兒月兒今天是我們團圓日 月兒月兒請你讓我們好好過日 美好的秋日 有你在才是好日 才是好日
中秋夜團圓夜 烤肉吐司冰塊加汽水 中秋夜團圓夜 我們一起比個耶 快樂聚一夜
微微星光閃爍 點點銀河遺落 似明又暗的晚霞 等待月亮降落
等待快樂降落
留言（ 17 ） 最相關留言 所有留言
留言（ 17 ）",2026-09-18,,AI 生成 Pop,False,False,
2026-09-21 06:43:59,realtime,ai_generated,,,11,雷克非 Christopher R,一定要旁聽英的美文學史,5,121,12,https://streetvoice.com/ChristopherR/songs/880157/,https://streetvoice.com/ChristopherR/,"https://akstatic.streetvoice.com/song_covers/Ch/ri/ChristopherR/MiA89REsEFXmKHdtfQzAtP.jpeg?x-oss-process=image/resize,m_fill,h_400,w_400,limit_0",images/880157.jpeg,@ChristopherR,音樂人,,,,49,49,151,,,https://www.youtube.com/user/StreetVoiceTV,,,Singer / Songwriter,,,,"I let SUNO V6 cover my younger self - somewhere on a campus, back in the last century, in the sound of those years. Early-’90s college rock and alternative folk-rock: jangly guitars, bright picked strings, melodic bass, dry drums, and a slightly restless pulse beneath an otherwise ordinary afternoon. 
I let SUNO V6 cover my younger self - somewhere on a campus, back in the last century, in the sound of those years.
Early-’90s college rock and alternative folk-rock: jangly guitars, bright picked strings, melodic bass, dry drums, and a slightly restless pulse beneath an otherwise ordinary afternoon.","喔對，是文學院 我在文學院外面 等你下課 於是我也聽懂了 一些英美現代詩 老師的臉看不清楚 我只看你的髮絲 風吹過窗邊 吹亂幾張紙 我大致學會了 荒原是艾略特 不是葉慈 還有一堆 說不清楚 我們先去總圖還書 再到小小福 買兩個便當 醉月湖　沒有椅子 兩杯即溶咖啡 在草地上 討論李煜 說他只想喝酒吟詩 還有房間裡的事 分辨文學史裡 各國的克里斯多夫 那麼多名字 你怎麼都記得住 如果送你一朵紅玫瑰 會介意 我在水源市場買的嗎 不是 我是說 我可以牽著你的手嗎 你沒有說好 也沒有說不可以吧 沒關係 資料結構老師不會點名 我們去行政大樓前 看看草地有沒有橄欖 沒關係 下午的課留給別人去上 校門口對面搭公車 一路坐去淡海 看今天的海浪 和我們的腳步 公車很晃 你坐靠窗 台北慢慢退後 房子越來越不像平常 我還記得那朵玫瑰 藏在書包旁 不好意思拿出來 怕你笑我 太像電影裡那樣 到了海邊 你說畢業以後 可能要去遠方 Indiana? Michigan? Buffalo? 比較文學？ 冬天都很冷吧 天快黑了 海風一直吹 我還在想 剛才那個牽手的問題 你沒有回我 沒關係 積體電路也不會點名 我們去行政大樓前 看看草地有沒有橄欖 沒關係 下午的課留給別人去上 校門口對面搭公車 一路坐去淡海 看今天的海浪 和我們的腳步 回程的車上 你靠著我睡著 水源市場的玫瑰 露出書包一角 那天 我坐過了站 也沒把你叫醒 當然 後來就隔了一個太平洋 不是總圖 總圖現在搬到 椰林大道那頭 聽說變成校史館後 仍留著一排 綠色閱讀燈 
喔對，是文學院
我在文學院外面 等你下課
於是我也聽懂了 一些英美現代詩
老師的臉看不清楚 我只看你的髮絲
風吹過窗邊 吹亂幾張紙
我大致學會了 荒原是艾略特
不是葉慈
還有一堆 說不清楚
我們先去總圖還書 再到小小福 買兩個便當
醉月湖　沒有椅子 兩杯即溶咖啡
在草地上 討論李煜
說他只想喝酒吟詩 還有房間裡的事
分辨文學史裡 各國的克里斯多夫
那麼多名字 你怎麼都記得住
如果送你一朵紅玫瑰
會介意 我在水源市場買的嗎
不是
我是說
我可以牽著你的手嗎
你沒有說好 也沒有說不可以吧
沒關係 資料結構老師不會點名
我們去行政大樓前 看看草地有沒有橄欖
沒關係 下午的課留給別人去上
校門口對面搭公車
一路坐去淡海 看今天的海浪 和我們的腳步
公車很晃 你坐靠窗
台北慢慢退後 房子越來越不像平常
我還記得那朵玫瑰 藏在書包旁
不好意思拿出來
怕你笑我 太像電影裡那樣
到了海邊
你說畢業以後 可能要去遠方
Indiana? Michigan? Buffalo?
比較文學？
冬天都很冷吧
天快黑了 海風一直吹
我還在想 剛才那個牽手的問題
你沒有回我
沒關係 積體電路也不會點名
我們去行政大樓前 看看草地有沒有橄欖
沒關係 下午的課留給別人去上
校門口對面搭公車
一路坐去淡海 看今天的海浪 和我們的腳步
回程的車上
你靠著我睡著
水源市場的玫瑰 露出書包一角
那天 我坐過了站
也沒把你叫醒
當然
後來就隔了一個太平洋
不是總圖
總圖現在搬到 椰林大道那頭
聽說變成校史館後
仍留著一排 綠色閱讀燈
留言（ 12 ） 最相關留言 所有留言
留言（ 12 ）",2026-09-19,,AI 生成 Singer / Songwriter,False,False,
2026-09-21 06:43:59,realtime,ai_generated,,,12,一粒飯粒,小猴子要乖乖喔,7,14,5,https://streetvoice.com/mark30501/songs/880356/,https://streetvoice.com/mark30501/,"https://akstatic.streetvoice.com/song_covers/ma/rk/mark30501/D5ZsmyptbAZyRJasqedZcM.jpeg?x-oss-process=image/resize,m_fill,h_400,w_400,limit_0",images/880356.jpeg,@mark30501,音樂人,,,,5,14,15,,,https://www.youtube.com/user/StreetVoiceTV,,,Alternative,如果我回到古代,https://streetvoice.com/mark30501/songs/album/97325471/,,"第一次這麼寫 也不知道有沒有寫得夠到位 
第一次這麼寫 也不知道有沒有寫得夠到位","[Intro] [Dark Hip-Hop Beat] [Low Crowd Murmur] [Maniacal Laughter] 哈哈……哈哈哈哈…… 呵…… 就憑你們？ [Verse 1] 老子 出生就站在山頂 你們 只能在山腳下憧憬 別吼 那些哀嚎我不想聽 抬手 隨便就把規則給定 螻蟻 蟠桃宴上沒你的名 隨口 讓你乖乖去取經 [Pre-Chorus] 別撐 認命 站好 聽令 登頂 願景 聽話 賞你 [Chorus] 你們妄想鬧天庭 不過是頭小猩猩 緊箍還輪不到你 想掛狗牌號先領 [Break / Maniacal Laughter] 哈哈哈哈哈哈…… 哈哈……哈哈哈…… 噓…… [Spoken] 香蕉賞你。 翻個跟筋。 [Chant / Buddhist Chant] 南無阿彌陀佛…… 南無阿彌陀佛…… [Beat Returns] [Verse 2] 我就是喜歡你 桀驁不馴 逗得我捧腹高興 也許排你當個龍套丙 [Build] 有怨言？ 我聽不清。 你說什麼？ 嘰嘰嘰。 [Chorus] 妄想撬動我掌心 效果還不如蚊子叮 你們能有幾條命 還湊不夠幾兩銀 [Final Breakdown] [Beat Stops] 噓…… 你聽聽。 [Maniacal Laughter] 你家大王…… 還在喊—— 師父救命。 [Outro] [Buddhist Chant Fades] 猴子翻個跟斗…… 猴子才有果果…… [Maniacal Laughter Fades] 
[Intro] [Dark Hip-Hop Beat] [Low Crowd Murmur] [Maniacal Laughter]
哈哈……哈哈哈哈…… 呵…… 就憑你們？
[Verse 1] 老子 出生就站在山頂 你們 只能在山腳下憧憬 別吼 那些哀嚎我不想聽 抬手 隨便就把規則給定
螻蟻 蟠桃宴上沒你的名 隨口 讓你乖乖去取經
[Pre-Chorus] 別撐 認命 站好 聽令 登頂 願景 聽話 賞你
[Chorus] 你們妄想鬧天庭 不過是頭小猩猩 緊箍還輪不到你 想掛狗牌號先領
[Break / Maniacal Laughter] 哈哈哈哈哈哈…… 哈哈……哈哈哈……
噓……
[Spoken] 香蕉賞你。
翻個跟筋。
[Chant / Buddhist Chant] 南無阿彌陀佛…… 南無阿彌陀佛……
[Beat Returns]
[Verse 2] 我就是喜歡你 桀驁不馴
逗得我捧腹高興 也許排你當個龍套丙
[Build] 有怨言？ 我聽不清。
你說什麼？ 嘰嘰嘰。
[Chorus] 妄想撬動我掌心 效果還不如蚊子叮 你們能有幾條命 還湊不夠幾兩銀
[Final Breakdown] [Beat Stops]
噓……
你聽聽。
[Maniacal Laughter]
你家大王……
還在喊——
師父救命。
[Outro] [Buddhist Chant Fades] 猴子翻個跟斗…… 猴子才有果果……
[Maniacal Laughter Fades]
留言（ 5 ） 最相關留言 所有留言
留言（ 5 ）",2026-09-20,,AI 生成 Alternative ・ 如果我回到古代,False,False,
2026-09-21 06:43:59,realtime,ai_generated,,,13,tackey747,[單身女孩的自在日子],5,111,0,https://streetvoice.com/tackey747/songs/880142/,https://streetvoice.com/tackey747/,"https://akstatic.streetvoice.com/song_covers/ta/ck/tackey747/9gkatpTbmBkwMJ6zJMGJEi.jpeg?x-oss-process=image/resize,m_fill,h_400,w_400,limit_0",images/880142.jpeg,@tackey747,音樂人,,,,38,6,,,,https://www.youtube.com/user/StreetVoiceTV,,,Singer / Songwriter,,,,"【單身女孩的自在日子】 #OL音樂  #單身女子音樂  #Office-Lady music  #bachelorette music 
【單身女孩的自在日子】 #OL音樂  #單身女子音樂  #Office-Lady music  #bachelorette music","城市的晨光 照亮黑眼線 有一個女孩 長髮如絲緞般披在肩上 掛在鼻樑上的眼鏡 折射出冷漠的無情光 她青春年華像剛熟透的無花果 手機螢幕亮起她今天的排班表 早班 天才剛亮 她的步伐已經踏上 朝九晚五的單調乏味日子 炎炎夏季 午後的烈日有一點悶熱 耳機戴上 一句您好 我姓陳 我心沉 我的心卻沉在每天重複的循環 重複的台詞掛在嘴邊 情緒藏進話務系統內 客戶進線一通接著一通 她一句一句不停歇 辦公室的燈光 灑落在她鏡片上的邊框 狡猾的客戶試探著她 詢問她何時要跟隨擁抱他 她冷笑一聲 你管我是否還單身 生活沒有好萊塢電影那麼精彩 但她的方向 不靠 GPS 導航 靠的是女人直覺 男友不用天天見 不代表愛得不夠顯赫 貓咪每天在家陪伴她 老天有規定幸福一定要成雙成對嗎 我一個人 我的尊貴如女王在宮殿擁有一張神聖的床 高傲的氣勢 陪伴她度過無數個黑夜 她長髮留過肩 她享受擁抱、親吻、愛與被愛的悸動狂野中 她只愛與他男友相互交纏 陪伴本來就不需要任何的證明文件 也不用老天批准蓋章 他男友知道她的床 也懂她緊閉的心房 她不是懵懂未知的小姑娘 不是童話裡的白雪公主 她是她自己的女王 她選擇把幸福握在自己的手心上 我不成為孩子的媽媽 我有自己賺的薪水 我有屬於我的貓咪 我有我自己的床 我有我愛吃的火鍋 我享受那種沸騰滾燙的滋味 我拒吃青椒 也有我自己的堅持 我可以愛得瀟灑 我可以只抱我的貓咪 誰說女人到了我這個年紀 就一定都要劇透啊 我只是二十多歲 留長髮、戴眼鏡 愛抱抱我的貓咪 我愛誰 我有我自己的劇本 不需向誰劇透 我說不要就不要 我不是沒有人愛 我只是選擇 單身自在 像空氣一樣自由流動 我喜歡單身自在 隨時可以認真去愛 情感不是競賽 不需要向誰天天交代 每個月按照班表輪班 日子照樣忙得一團亂 但我絕不隨便將就 更不想被男人管 我還是那個獨立的我 長髮、眼鏡、俐落的褲裝裝扮 下班後的事 不是找男人約來泡茶取暖 是回家抱抱我的貓咪 有時我一個人 有時我有男友相伴 日子沒有滿分 但我就是剛剛好 我不想被拘束 我不是怕未來 愛是兩個碰撞 你可以愛我 但別奢想 將我全佔有 我不會成為孩子的媽媽 我有自己的工作 我有自己的床 我的自己的貓咪 我有滾燙的火鍋吃 我拒吃的青椒 也有我思考的模式 我可以愛得瀟灑 也可以只抱著貓咪過一天 誰說女人到了這個年紀 就一定得被劇透呢 我只是二十多歲 留長髮、戴眼鏡、穿褲裝 我抱著我的貓咪 所以 你們別再向我提問那些無聊的問題了。 等到哪天我開始想吃青椒了 
城市的晨光 照亮黑眼線 有一個女孩 長髮如絲緞般披在肩上 掛在鼻樑上的眼鏡 折射出冷漠的無情光 她青春年華像剛熟透的無花果 手機螢幕亮起她今天的排班表 早班 天才剛亮 她的步伐已經踏上 朝九晚五的單調乏味日子 炎炎夏季 午後的烈日有一點悶熱 耳機戴上 一句您好 我姓陳 我心沉 我的心卻沉在每天重複的循環 重複的台詞掛在嘴邊 情緒藏進話務系統內 客戶進線一通接著一通 她一句一句不停歇 辦公室的燈光 灑落在她鏡片上的邊框 狡猾的客戶試探著她 詢問她何時要跟隨擁抱他 她冷笑一聲 你管我是否還單身 生活沒有好萊塢電影那麼精彩 但她的方向 不靠 GPS 導航 靠的是女人直覺 男友不用天天見 不代表愛得不夠顯赫 貓咪每天在家陪伴她 老天有規定幸福一定要成雙成對嗎 我一個人 我的尊貴如女王在宮殿擁有一張神聖的床 高傲的氣勢 陪伴她度過無數個黑夜
她長髮留過肩 她享受擁抱、親吻、愛與被愛的悸動狂野中 她只愛與他男友相互交纏 陪伴本來就不需要任何的證明文件 也不用老天批准蓋章 他男友知道她的床 也懂她緊閉的心房 她不是懵懂未知的小姑娘 不是童話裡的白雪公主 她是她自己的女王 她選擇把幸福握在自己的手心上 我不成為孩子的媽媽 我有自己賺的薪水 我有屬於我的貓咪 我有我自己的床 我有我愛吃的火鍋 我享受那種沸騰滾燙的滋味 我拒吃青椒 也有我自己的堅持 我可以愛得瀟灑 我可以只抱我的貓咪 誰說女人到了我這個年紀 就一定都要劇透啊 我只是二十多歲 留長髮、戴眼鏡 愛抱抱我的貓咪 我愛誰 我有我自己的劇本 不需向誰劇透 我說不要就不要 我不是沒有人愛 我只是選擇 單身自在 像空氣一樣自由流動 我喜歡單身自在 隨時可以認真去愛 情感不是競賽 不需要向誰天天交代 每個月按照班表輪班 日子照樣忙得一團亂 但我絕不隨便將就 更不想被男人管 我還是那個獨立的我 長髮、眼鏡、俐落的褲裝裝扮 下班後的事 不是找男人約來泡茶取暖 是回家抱抱我的貓咪 有時我一個人 有時我有男友相伴 日子沒有滿分 但我就是剛剛好 我不想被拘束 我不是怕未來 愛是兩個碰撞 你可以愛我 但別奢想 將我全佔有 我不會成為孩子的媽媽 我有自己的工作 我有自己的床 我的自己的貓咪 我有滾燙的火鍋吃 我拒吃的青椒 也有我思考的模式 我可以愛得瀟灑 也可以只抱著貓咪過一天 誰說女人到了這個年紀 就一定得被劇透呢 我只是二十多歲 留長髮、戴眼鏡、穿褲裝 我抱著我的貓咪 所以 你們別再向我提問那些無聊的問題了。 等到哪天我開始想吃青椒了
留言（ 0 ） 最相關留言 所有留言
留言（ 0 ）",2026-09-20,,AI 生成 Singer / Songwriter,False,False,
2026-09-21 06:43:59,realtime,ai_generated,,,14,Eric_Wei,《再給我兩份蔥》Two More Scallions,10,16,7,https://streetvoice.com/Eric_Wei_/songs/880226/,https://streetvoice.com/Eric_Wei_/,"https://akstatic.streetvoice.com/song_covers/Er/ic/Eric_Wei_/7yfCSvJzkLkqLStJbNmPSB.jpeg?x-oss-process=image/resize,m_fill,h_400,w_400,limit_0",images/880226.jpeg,@Eric_Wei_,音樂人,台灣,2025-08-01,,9,20,32,,,https://www.youtube.com/user/StreetVoiceTV,,,Pop,,,,"這首歌把一段失戀，藏進一碗再普通不過的麵裡。 「兩分鐘」何時變成了「兩份蔥」，底下卻藏著一段認真放不下的感情。 而「兩份蔥」真正想要的，其實不是蔥。 只是想再多留她兩分鐘。 
這首歌把一段失戀，藏進一碗再普通不過的麵裡。 「兩分鐘」何時變成了「兩份蔥」，底下卻藏著一段認真放不下的感情。
而「兩份蔥」真正想要的，其實不是蔥。 只是想再多留她兩分鐘。","[intro] [version1] 巷口那家麵攤　老闆問要吃什麼 我點碗湯麵　加顆滷蛋不加醬油 熱氣模糊　想起與妳一起的時候 那翠綠的蔥花　還在碗裡頭 [Pre-Chorus] 那晚妳說再見　我心裡忽然失重 看著妳的背影　慢慢消失在夜色中 好多話到最後　還是藏在喉嚨 真希望能再多陪妳　哪怕只有兩分鐘 [Chorus1] 再給我兩份蔥　讓我把回憶拌進湯裡頭 妳說要分開走　我卻還在原地　等妳回頭 再給我兩份蔥　藏住我眼眶泛紅的難受 這碗麵涼了以後　妳是否還記得　我曾淚流 [version2] 後來我常經過　那家我們坐過的角落 點了同樣的麵　卻再也吃不出　那種溫柔 老闆問我　怎麼最近　都一個人來坐 我笑著說她忙　卻忘了我們　早已分手 [Pre-Chorus] 有些話沒說完　最後只剩一場空 那些熟悉的笑容　還停留在記憶中 我以為時間久了　就能慢慢想通 卻發現每次想起　心還是隱隱作痛 [Chorus2] 再給我兩份蔥　讓我把思念拌進麵裡頭 妳說要各自走　我卻還在學著如何放手 再給我兩份蔥　嗆出我這幾年藏著的難受 這碗麵涼了以後　妳是否還記得　我曾淚流 [Bridge] 也許愛情就像　那碗麵的湯頭 熬得越久越濃　卻還是要放手 我以為只要等　就能等到妳回頭 卻等到麵已冷　和沒說完的以後 我加的不是蔥　是我不甘的等候 我留住的不是愛　只是捨不得放手 妳要的從來不是　我給的那些溫柔 而是我從來沒問　妳真正想要什麼 [Chorus3] 再給我兩份蔥　讓我把遺憾放進湯裡頭 妳說要往前走　我卻還在原地　撿拾著藉口 再給我兩份蔥　蓋住我這些年　說不出的痛 這碗麵涼了以後　妳是否還記得　我曾淚流 [Final Chorus 4] 再給我兩份蔥　讓我最後一次　為妳淚流 妳說要好好過　我卻還在學著　一個人生活 再給我兩份蔥　謝謝妳曾讓我　愛得那麼重 這碗麵涼了以後　我終於能笑著　對自己說 [outro] 「少年耶，今仔日欲食啥？」 「老闆，一樣，再給我兩份蔥。」 
[intro]
[version1] 巷口那家麵攤　老闆問要吃什麼 我點碗湯麵　加顆滷蛋不加醬油 熱氣模糊　想起與妳一起的時候 那翠綠的蔥花　還在碗裡頭
[Pre-Chorus] 那晚妳說再見　我心裡忽然失重 看著妳的背影　慢慢消失在夜色中 好多話到最後　還是藏在喉嚨 真希望能再多陪妳　哪怕只有兩分鐘
[Chorus1] 再給我兩份蔥　讓我把回憶拌進湯裡頭 妳說要分開走　我卻還在原地　等妳回頭 再給我兩份蔥　藏住我眼眶泛紅的難受 這碗麵涼了以後　妳是否還記得　我曾淚流
[version2] 後來我常經過　那家我們坐過的角落 點了同樣的麵　卻再也吃不出　那種溫柔 老闆問我　怎麼最近　都一個人來坐 我笑著說她忙　卻忘了我們　早已分手
[Pre-Chorus] 有些話沒說完　最後只剩一場空 那些熟悉的笑容　還停留在記憶中 我以為時間久了　就能慢慢想通 卻發現每次想起　心還是隱隱作痛
[Chorus2] 再給我兩份蔥　讓我把思念拌進麵裡頭 妳說要各自走　我卻還在學著如何放手 再給我兩份蔥　嗆出我這幾年藏著的難受 這碗麵涼了以後　妳是否還記得　我曾淚流
[Bridge] 也許愛情就像　那碗麵的湯頭 熬得越久越濃　卻還是要放手 我以為只要等　就能等到妳回頭 卻等到麵已冷　和沒說完的以後
我加的不是蔥　是我不甘的等候 我留住的不是愛　只是捨不得放手 妳要的從來不是　我給的那些溫柔 而是我從來沒問　妳真正想要什麼
[Chorus3] 再給我兩份蔥　讓我把遺憾放進湯裡頭 妳說要往前走　我卻還在原地　撿拾著藉口 再給我兩份蔥　蓋住我這些年　說不出的痛 這碗麵涼了以後　妳是否還記得　我曾淚流
[Final Chorus 4] 再給我兩份蔥　讓我最後一次　為妳淚流 妳說要好好過　我卻還在學著　一個人生活 再給我兩份蔥　謝謝妳曾讓我　愛得那麼重 這碗麵涼了以後　我終於能笑著　對自己說
[outro] 「少年耶，今仔日欲食啥？」 「老闆，一樣，再給我兩份蔥。」
留言（ 7 ） 最相關留言 所有留言
留言（ 7 ）",2026-09-20,,AI 生成 Pop,False,False,
2026-09-21 06:43:59,realtime,ai_generated,,,15,Richie Tseng,🎶【為我留的那盞燈】-在晚歸的巷口，寫給每一個總有人等待的家,6,13,1,https://streetvoice.com/gby7639/songs/880234/,https://streetvoice.com/gby7639/,"https://akstatic.streetvoice.com/song_covers/gb/y7/gby7639/B4DBrBMQEbkh42v78GFNtK.jpeg?x-oss-process=image/resize,m_fill,h_400,w_400,limit_0",images/880234.jpeg,@gby7639,音樂人,,,,99,7,3,,,https://www.youtube.com/user/StreetVoiceTV,,,Pop,🌸禎韻樂境,https://streetvoice.com/gby7639/songs/album/97323710/,,"加班到很晚，拐進巷口，遠遠看見自家那扇窗還亮著。暖黃的一小塊光，在一整排熄了燈的樓房裡，特別顯眼。🏮 讓我安心的其實不是燈，而是燈後面那個人。那個人從來沒說過「我在等你」，卻一直都在等。失意的時候，桌上的飯菜還是熱的；疲憊的時候，只淡淡一句「回來啦」，什麼都不多問。我以前總覺得這是理所當然，直到自己也走過一些路，才知道這份理所當然有多不容易。🍚 所以歌裡才有「雨落濕肩頭」，有「熱湯與飯香」。也是被這盞燈照了很多年，我才慢慢能說出「前路雖未明，我心不再慌」。路並沒有變好走，是我知道，不管走多遠，都有一個地方為我亮著。🌙 那些默默為我們留燈的人，別等到很久以後才說謝謝。也希望有一天，我們也能成為某個人的那盞燈，不必多耀眼，對方回頭時還亮著就好。💛 有些等候從來不說出口，這一次，我把它交給 AI，寫成了一首能唱的歌。✨ 
加班到很晚，拐進巷口，遠遠看見自家那扇窗還亮著。暖黃的一小塊光，在一整排熄了燈的樓房裡，特別顯眼。🏮
讓我安心的其實不是燈，而是燈後面那個人。那個人從來沒說過「我在等你」，卻一直都在等。失意的時候，桌上的飯菜還是熱的；疲憊的時候，只淡淡一句「回來啦」，什麼都不多問。我以前總覺得這是理所當然，直到自己也走過一些路，才知道這份理所當然有多不容易。🍚
所以歌裡才有「雨落濕肩頭」，有「熱湯與飯香」。也是被這盞燈照了很多年，我才慢慢能說出「前路雖未明，我心不再慌」。路並沒有變好走，是我知道，不管走多遠，都有一個地方為我亮著。🌙
那些默默為我們留燈的人，別等到很久以後才說謝謝。也希望有一天，我們也能成為某個人的那盞燈，不必多耀眼，對方回頭時還亮著就好。💛
有些等候從來不說出口，這一次，我把它交給 AI，寫成了一首能唱的歌。✨","[Intro] [Verse 1] 夜歸小巷靜 腳步放得輕 雨落濕肩頭 那扇窗還亮著 暖黃映石階 溫了我心田 一盞暖光 亮到今 總有人為我留著燈 [Chorus] 我要循光回家 燈火是方向 我要笑著走進 熱湯與飯香 你的等候 從未缺席 留燈為記 此生不忘 [Verse 2] 多少次失意 你把飯菜熱 多少次疲憊 你只說回來 這份不言語 成了我的港灣 一盞暖光 亮到今 總有人為我留著燈 [Chorus] 我要循光回家 燈火是方向 我要笑著走進 熱湯與飯香 你的等候 從未缺席 留燈為記 此生不忘 [Verse 3] 前路雖未明 我心不再慌 只因那微光 照亮我前方 步伐走再遠 心知有歸向 一盞暖光 亮到今 總有人為我留著燈 [Chorus] 我要循光回家 燈火是方向 我要笑著走進 熱湯與飯香 你的等候 從未缺席 留燈為記 此生不忘 [Outro] 一盞暖光 亮到今 總有人 為我留著燈 一盞暖光 亮到今 總有人 為我留著燈 
[Intro]
[Verse 1] 夜歸小巷靜 腳步放得輕 雨落濕肩頭 那扇窗還亮著 暖黃映石階 溫了我心田 一盞暖光 亮到今 總有人為我留著燈
[Chorus] 我要循光回家 燈火是方向 我要笑著走進 熱湯與飯香 你的等候 從未缺席 留燈為記 此生不忘
[Verse 2] 多少次失意 你把飯菜熱 多少次疲憊 你只說回來 這份不言語 成了我的港灣 一盞暖光 亮到今 總有人為我留著燈
[Chorus] 我要循光回家 燈火是方向 我要笑著走進 熱湯與飯香 你的等候 從未缺席 留燈為記 此生不忘
[Verse 3] 前路雖未明 我心不再慌 只因那微光 照亮我前方 步伐走再遠 心知有歸向 一盞暖光 亮到今 總有人為我留著燈
[Chorus] 我要循光回家 燈火是方向 我要笑著走進 熱湯與飯香 你的等候 從未缺席 留燈為記 此生不忘
[Outro] 一盞暖光 亮到今 總有人 為我留著燈 一盞暖光 亮到今 總有人 為我留著燈
留言（ 1 ） 最相關留言 所有留言
留言（ 1 ）",2026-09-20,,AI 生成 Pop ・ 🌸禎韻樂境,False,False,
2026-09-21 06:43:59,realtime,ai_generated,,,16,MisanHsu,"口感綿密,入口即化",2,2,2,https://streetvoice.com/misanshui/songs/880265/,https://streetvoice.com/misanshui/,"https://akstatic.streetvoice.com/song_covers/mi/sa/misanshui/9zAe68QqocuihBogUc6EzX.jpeg?x-oss-process=image/resize,m_fill,h_400,w_400,limit_0",images/880265.jpeg,@misanshui,音樂人,桃園市,2007-04-01,,145,27,22,,,https://www.youtube.com/user/StreetVoiceTV,,,Rock,曱甴失樂園,https://streetvoice.com/misanshui/songs/album/97326090/,,,"這塊瓷磚的冰涼 剛好能撫平 我狂奔了一整夜 疲憊的腳印 人類世界總在 凌晨三點安靜 而我的冒險 準備開始進行 燈光熄滅以後 這是我們的天堂 巨大的陰影 藏著微小的夢想 穿越過那座 冰冷的白色冰箱 我只是想 找一片溫熱的糖 別用拖鞋 阻擋我眼中的光 我也有 需要保護的遠方 口感綿密 入口即化 那是人類餐桌上 奢華的神話 而我用整個生命 翻山越嶺的掙扎 只為了 嚐一口甜美的盛夏 多渺小的身軀 也有巨大的勇敢 在無常的世界 卑微卻燦爛 就算明天 陽光將黑暗驅散 這一刻 我熱烈 活過看世界一眼 我躲在壁櫥縫隙 聽著雨聲滴答 他們尖叫驚慌 其實我也很怕 生為一隻蟲子 沒有選擇的權利 但靈魂的熱度 從不需要被定義 哪怕每一次呼吸 都在逃亡 我也要 活得漂亮 口感綿密 入口即化 那是人類餐桌上 奢華的神話 而我用整個生命 翻山越嶺的掙扎 只為了 嚐一口甜美盛夏 入口綿軟 馥郁流淌 是饕客遙不可及的夢幻殿堂 而我用盡全力 歷經顛沛流離 只求  輕觸甜美滾燙的盛夏 渺小的身軀  有巨大勇敢 在無常世界  卑微燦爛 就算明天 陽光將黑暗驅散 我曾熱烈 活過看世界一眼 入口即化... 那是我的天堂... 微小的光... 
這塊瓷磚的冰涼 剛好能撫平 我狂奔了一整夜 疲憊的腳印 人類世界總在 凌晨三點安靜 而我的冒險 準備開始進行
燈光熄滅以後 這是我們的天堂 巨大的陰影 藏著微小的夢想 穿越過那座 冰冷的白色冰箱 我只是想 找一片溫熱的糖
別用拖鞋 阻擋我眼中的光 我也有 需要保護的遠方
口感綿密 入口即化 那是人類餐桌上 奢華的神話 而我用整個生命 翻山越嶺的掙扎 只為了 嚐一口甜美的盛夏
多渺小的身軀 也有巨大的勇敢 在無常的世界 卑微卻燦爛 就算明天 陽光將黑暗驅散 這一刻 我熱烈 活過看世界一眼
我躲在壁櫥縫隙 聽著雨聲滴答 他們尖叫驚慌 其實我也很怕 生為一隻蟲子 沒有選擇的權利 但靈魂的熱度 從不需要被定義
哪怕每一次呼吸 都在逃亡 我也要 活得漂亮
口感綿密 入口即化 那是人類餐桌上 奢華的神話 而我用整個生命 翻山越嶺的掙扎 只為了 嚐一口甜美盛夏
入口綿軟 馥郁流淌 是饕客遙不可及的夢幻殿堂 而我用盡全力 歷經顛沛流離 只求  輕觸甜美滾燙的盛夏
渺小的身軀  有巨大勇敢 在無常世界  卑微燦爛 就算明天 陽光將黑暗驅散 我曾熱烈 活過看世界一眼
入口即化... 那是我的天堂... 微小的光...
留言（ 2 ） 最相關留言 所有留言
留言（ 2 ）",2026-09-20,,AI 生成 Rock ・ 曱甴失樂園,False,False,
2026-09-21 06:43:59,realtime,ai_generated,,,17,MisanHsu,螺旋達摩紅,6,8,1,https://streetvoice.com/misanshui/songs/880264/,https://streetvoice.com/misanshui/,"https://akstatic.streetvoice.com/song_covers/mi/sa/misanshui/3vfH33rQbjA2ApqP2FjcFN.jpeg?x-oss-process=image/resize,m_fill,h_400,w_400,limit_0",images/880264.jpeg,@misanshui,音樂人,桃園市,2007-04-01,,145,27,22,,,https://www.youtube.com/user/StreetVoiceTV,,,Rock,曱甴失樂園,https://streetvoice.com/misanshui/songs/album/97326090/,,,"從木板隙縫探出頭 那盆紅色的沙丘 在砧板的震動中，像末日降落 魚露與蒜泥交錯 那是巨人的廚房，我們的宇宙 刀刃落下，劃開青木瓜的脈搏 空氣中的溫度，正在倒數計時中轉紅 當冰塊碰撞瓷碗 命運的節奏，開始催促—— 旋轉吧！當馬轟！在酸甜裡狂奔！ 穿梭在辣椒與花生雨的縫隙！ 喔——！ 為了這盤熱血的靈魂！ 就算下一秒被巨人的拖鞋擊中，絕不後退！ 這座味蕾的火山，正燃燒著青春！ 花生碎像是隕石墜落 每一根木瓜絲，是通往天堂的長廊 我們背負著生存重擔 卻在這一刻，聞到勇敢的香氣 搗缽敲擊桌面，像敲打命運的鐘 汁液四濺的瞬間，靈魂在歌唱 ——(準備好了嗎？)—— ——(出發！)—— 旋轉吧！當馬轟！在酸甜裡狂奔！ 穿梭在辣椒與花生雨的縫隙！ 喔——！ 為了這盤熱血的靈魂！ 就算下一秒被巨人的拖鞋擊中，絕不後退！ 這座味蕾的火山，正燃燒著青春！ 砧板之上，微小如我 但每一次振翅，都是對生命的吶喊 不逃避，不放棄 這就是我們的史詩 當夜色降臨，木瓜絲漸漸冷卻 我們在盤邊，留下最後的足跡…… ohohoh——！ 旋轉吧！當馬轟！ 感人的滋味，永遠留在這片廚房的星空下！ 
從木板隙縫探出頭 那盆紅色的沙丘 在砧板的震動中，像末日降落 魚露與蒜泥交錯 那是巨人的廚房，我們的宇宙
刀刃落下，劃開青木瓜的脈搏 空氣中的溫度，正在倒數計時中轉紅
當冰塊碰撞瓷碗 命運的節奏，開始催促——
旋轉吧！當馬轟！在酸甜裡狂奔！ 穿梭在辣椒與花生雨的縫隙！ 喔——！ 為了這盤熱血的靈魂！ 就算下一秒被巨人的拖鞋擊中，絕不後退！ 這座味蕾的火山，正燃燒著青春！
花生碎像是隕石墜落 每一根木瓜絲，是通往天堂的長廊 我們背負著生存重擔 卻在這一刻，聞到勇敢的香氣
搗缽敲擊桌面，像敲打命運的鐘 汁液四濺的瞬間，靈魂在歌唱
——(準備好了嗎？)—— ——(出發！)——
旋轉吧！當馬轟！在酸甜裡狂奔！ 穿梭在辣椒與花生雨的縫隙！ 喔——！ 為了這盤熱血的靈魂！ 就算下一秒被巨人的拖鞋擊中，絕不後退！ 這座味蕾的火山，正燃燒著青春！
砧板之上，微小如我 但每一次振翅，都是對生命的吶喊 不逃避，不放棄 這就是我們的史詩
當夜色降臨，木瓜絲漸漸冷卻 我們在盤邊，留下最後的足跡……
ohohoh——！ 旋轉吧！當馬轟！ 感人的滋味，永遠留在這片廚房的星空下！
留言（ 1 ） 最相關留言 所有留言
留言（ 1 ）",2026-09-20,,AI 生成 Rock ・ 曱甴失樂園,False,False,
2026-09-21 06:43:59,realtime,ai_generated,,,18,MisanHsu,恰到好處的涼拌,5,8,1,https://streetvoice.com/misanshui/songs/880263/,https://streetvoice.com/misanshui/,"https://akstatic.streetvoice.com/song_covers/mi/sa/misanshui/mjkm6W5YUTs2vPjivio4hc.jpeg?x-oss-process=image/resize,m_fill,h_400,w_400,limit_0",images/880263.jpeg,@misanshui,音樂人,桃園市,2007-04-01,,145,27,22,,,https://www.youtube.com/user/StreetVoiceTV,,,Rock,曱甴失樂園,https://streetvoice.com/misanshui/songs/album/97326090/,,,"冰箱深處 挖出孤魂 撕開包裝 刮得生疼 你愛攪拌 丟進容器悶 美其名保留 實則陳年悶根 刀子落下 喀啦精準 這非烹飪 是場審判與身分 油醋潑灑 掩飾腐爛痕跡 自欺欺人 的精緻戲劇！ 切細絲 拍碎蒜 辣椒圈繞一圈 酸得刺鼻 才能麻痺那張嘴臉 談什麼火候 只有生冷與殘念 冷盤上桌 誰在角落 裝可憐？ ……冷靜點。 這世界不是不熱， 只是熱過頭了， 都焦了。 冰！封起所有沸騰的妄想！ 拌！攪碎那自以為是的善良！ 吃下去！別吐出來！這是你點的餐！ (Raw!) (Keep it cold!) (Yeah, swallow it down!) Cold—Cruel—To the end— 就這樣拌勻 在黑暗發光 痛覺切片 灑幾滴倔強 冰涼漫胸膛 才有力遺忘 這恰到好處涼拌 是最後瘋狂！ Oh-oh-oh, keep it cold... 別熱情勒索 冰櫃沒插電 沸騰戲碼 看得厭倦 恰到好處 是距離與底線 多膩少淡 剛好的敷衍 坐冰箱頂 看熱鍋螞蟻急轉 今天起 我拒絕任何溫暖。 冰塊撞擊 玻璃悲鳴 你還在期待奇蹟？ 醒醒吧 早就結冰！ 凍結！粉碎！再重組！ 沒有人能救贖！這冰冷的主體！ 就這樣拌勻 在黑暗發光 痛覺切片 灑幾滴倔強 冰涼漫胸膛 才有力遺忘 這恰到好處涼拌 是最後瘋狂！ Just keep it cool...Just keep it cold... 
冰箱深處 挖出孤魂 撕開包裝 刮得生疼 你愛攪拌 丟進容器悶 美其名保留 實則陳年悶根 刀子落下 喀啦精準 這非烹飪 是場審判與身分 油醋潑灑 掩飾腐爛痕跡 自欺欺人 的精緻戲劇！
切細絲 拍碎蒜 辣椒圈繞一圈 酸得刺鼻 才能麻痺那張嘴臉 談什麼火候 只有生冷與殘念 冷盤上桌 誰在角落 裝可憐？
……冷靜點。 這世界不是不熱， 只是熱過頭了， 都焦了。
冰！封起所有沸騰的妄想！ 拌！攪碎那自以為是的善良！ 吃下去！別吐出來！這是你點的餐！
(Raw!) (Keep it cold!) (Yeah, swallow it down!) Cold—Cruel—To the end—
就這樣拌勻 在黑暗發光 痛覺切片 灑幾滴倔強 冰涼漫胸膛 才有力遺忘 這恰到好處涼拌 是最後瘋狂！
Oh-oh-oh, keep it cold...
別熱情勒索 冰櫃沒插電 沸騰戲碼 看得厭倦 恰到好處 是距離與底線 多膩少淡 剛好的敷衍 坐冰箱頂 看熱鍋螞蟻急轉 今天起 我拒絕任何溫暖。
冰塊撞擊 玻璃悲鳴 你還在期待奇蹟？ 醒醒吧 早就結冰！
凍結！粉碎！再重組！ 沒有人能救贖！這冰冷的主體！
就這樣拌勻 在黑暗發光 痛覺切片 灑幾滴倔強 冰涼漫胸膛 才有力遺忘 這恰到好處涼拌 是最後瘋狂！
Just keep it cool...Just keep it cold...
留言（ 1 ） 最相關留言 所有留言
留言（ 1 ）",2026-09-20,,AI 生成 Rock ・ 曱甴失樂園,False,False,
2026-09-21 06:43:59,realtime,ai_generated,,,19,Afen2211,夜晚有光,6,7,5,https://streetvoice.com/Afen2211/songs/880178/,https://streetvoice.com/Afen2211/,"https://akstatic.streetvoice.com/song_covers/Af/en/Afen2211/nAwG4YXcPzkwjnQS2AJtLK.jpg?x-oss-process=image/resize,m_fill,h_400,w_400,limit_0",images/880178.jpg,@Afen2211,音樂人,,,,13,10,6,,,https://www.youtube.com/user/StreetVoiceTV,,,Pop,,,,"《夜晚有光》是我女性成長系列的第三章，寫給那個曾經害怕黑夜，最後學會陪自己走過黑夜的我。 這首歌比前兩章多了一點光與希望，卻沒有刻意歌頌堅強。描寫一個人從獨自撐過低谷，到終於明白：不需要等待誰來照亮自己。 「夜晚有光」不是因為黑夜消失了，而是因為我開始成為自己的光。 希望這首歌陪著那些在夜裡獨處、整理情緒、準備重新出發的人，在還沒天亮的時候，也能相信自己正在慢慢走向光。 女性成長系列三章： Chapter 1｜你看不見的溫柔： 「我一直保留著心裡的柔軟。」 https://youtube.com/shorts/b7Kj0FsVixo Chapter 2｜慢慢地，好起來： 「我開始學會好好照顧自己。」 https://youtu.be/ApQpZWqLBq0 Chapter 3｜夜晚有光 「我不再等待光，我成為自己的光。」 https://youtu.be/od6w-TE58cg 
《夜晚有光》是我女性成長系列的第三章，寫給那個曾經害怕黑夜，最後學會陪自己走過黑夜的我。
這首歌比前兩章多了一點光與希望，卻沒有刻意歌頌堅強。描寫一個人從獨自撐過低谷，到終於明白：不需要等待誰來照亮自己。
「夜晚有光」不是因為黑夜消失了，而是因為我開始成為自己的光。
希望這首歌陪著那些在夜裡獨處、整理情緒、準備重新出發的人，在還沒天亮的時候，也能相信自己正在慢慢走向光。
女性成長系列三章：
Chapter 1｜你看不見的溫柔： 「我一直保留著心裡的柔軟。」 https://youtube.com/shorts/b7Kj0FsVixo
https://youtube.com/shorts/b7Kj0FsVixo
Chapter 2｜慢慢地，好起來： 「我開始學會好好照顧自己。」 https://youtu.be/ApQpZWqLBq0
https://youtu.be/ApQpZWqLBq0
Chapter 3｜夜晚有光 「我不再等待光，我成為自己的光。」 https://youtu.be/od6w-TE58cg
https://youtu.be/od6w-TE58cg","動態歌詞
有些夜　還是很長 風也吹得一樣涼 只是現在的我 不再急著躲藏 那些沒說出口的傷 慢慢學會原諒 原來沉默之中 也能長出力量 曾經害怕黑暗 害怕一個人回家 後來才明白 孤單也不是逞強 夜晚有光 輕輕落在我肩膀 原來一路跌跌撞撞 也能走到天亮 夜晚有光 照亮曾經的倔強 我終於能夠坦然 看著現在的自己 世界依然匆忙 人群依然喧嚷 可我開始願意 慢慢把心打開 不是所有答案 都要立刻明白 有些路走過以後 才知道自己多勇敢 那些曾經流過的淚 沒有白白落下 後來都在夜裡 慢慢亮成了光 如果那時候的我 還困在某個夜晚 我想輕輕對她說—— 別怕 天快亮了 夜晚有光 輕輕落在我肩膀 原來一路跌跌撞撞 也能走到天亮 夜晚有光 照亮曾經的倔強 我終於能微笑著 看著現在的自己 夜晚有光—— 而我 也終於成了光 
有些夜　還是很長 風也吹得一樣涼 只是現在的我 不再急著躲藏
那些沒說出口的傷 慢慢學會原諒 原來沉默之中 也能長出力量
曾經害怕黑暗 害怕一個人回家 後來才明白 孤單也不是逞強
夜晚有光 輕輕落在我肩膀 原來一路跌跌撞撞 也能走到天亮
夜晚有光 照亮曾經的倔強 我終於能夠坦然 看著現在的自己
世界依然匆忙 人群依然喧嚷 可我開始願意 慢慢把心打開
不是所有答案 都要立刻明白 有些路走過以後 才知道自己多勇敢
那些曾經流過的淚 沒有白白落下 後來都在夜裡 慢慢亮成了光
如果那時候的我 還困在某個夜晚
我想輕輕對她說——
別怕 天快亮了
夜晚有光 輕輕落在我肩膀 原來一路跌跌撞撞 也能走到天亮
夜晚有光 照亮曾經的倔強 我終於能微笑著 看著現在的自己
夜晚有光——
而我 也終於成了光
留言（ 5 ） 最相關留言 所有留言
留言（ 5 ）",2026-09-20,,AI 生成 Pop,False,False,
2026-09-21 06:43:59,realtime,ai_generated,,,20,hikoho,無聲退場,15,102,17,https://streetvoice.com/hikoho/songs/880146/,https://streetvoice.com/hikoho/,"https://akstatic.streetvoice.com/song_covers/hi/ko/hikoho/i9KouLpgHopthHiESgXYwS.jpeg?x-oss-process=image/resize,m_fill,h_400,w_400,limit_0",images/880146.jpeg,@hikoho,音樂人,基隆市,2025-05-01,2025-12-29 09:53,69,98,54,https://www.facebook.com/profile.php?id=61574094953630,,http://www.youtube.com/@hikohoMUSIC,,,Alternative,這一生...為情所困,https://streetvoice.com/hikoho/songs/album/97324132/,,"「這場愛情的電影，悲劇早已天注定。」 寫給所有在愛裡扮演過背景、陪跑與替角的人。 以充滿層次的流行電子編曲，包覆著最直白刺痛的情感核心。 當答案揭曉的那一刻，最好的溫柔，或許就是轉身無聲退場。 
「這場愛情的電影，悲劇早已天注定。」
寫給所有在愛裡扮演過背景、陪跑與替角的人。 以充滿層次的流行電子編曲，包覆著最直白刺痛的情感核心。 當答案揭曉的那一刻，最好的溫柔，或許就是轉身無聲退場。","有一種愛  像影子跟著你走 明知道 沒結果  卻還是不放手 陪你笑 陪你哭  陪你熬過寂寞 選擇題來到最後  我卻連選項都沒有 我是路上的風景  不是終點的憧憬 想成為你的唯一  淪為安慰的背景 我寫滿愛的劇情  少了你終成泡影 這場愛情的電影  悲劇早已天註定 我以為愛 會感動所有理由 才發現 這場夢  剩我獨自守候 等你笑 等你哭 等你需要時候 答案揭曉的瞬間 我卻連名字都沒有 我是路上的風景  不是終點的憧憬 想成為你的唯一  淪為安慰的背景 我寫滿愛的劇情  少了你終成泡影 這場愛情的電影  悲劇早已天註定 也許該放開 也許該離開 但習慣了你的存在 怎麼忍心say goodbye 是否我不夠好 才換不來依賴 還是其實 你從不曾給我期待 我是路上的風景  不是終點的憧憬 想成為你的唯一  淪為安慰的背景 我寫滿愛的劇情  少了你終成泡影 這場愛情的電影  悲劇早已天註定 沒關係 我懂了 我該走了 最終的選項 我無聲退場 
有一種愛  像影子跟著你走 明知道 沒結果  卻還是不放手 陪你笑 陪你哭  陪你熬過寂寞 選擇題來到最後  我卻連選項都沒有
我是路上的風景  不是終點的憧憬 想成為你的唯一  淪為安慰的背景 我寫滿愛的劇情  少了你終成泡影 這場愛情的電影  悲劇早已天註定
我以為愛 會感動所有理由 才發現 這場夢  剩我獨自守候 等你笑 等你哭 等你需要時候 答案揭曉的瞬間 我卻連名字都沒有
我是路上的風景  不是終點的憧憬 想成為你的唯一  淪為安慰的背景 我寫滿愛的劇情  少了你終成泡影 這場愛情的電影  悲劇早已天註定
也許該放開 也許該離開 但習慣了你的存在 怎麼忍心say goodbye 是否我不夠好 才換不來依賴 還是其實 你從不曾給我期待
我是路上的風景  不是終點的憧憬 想成為你的唯一  淪為安慰的背景 我寫滿愛的劇情  少了你終成泡影 這場愛情的電影  悲劇早已天註定
沒關係 我懂了 我該走了 最終的選項 我無聲退場
留言（ 17 ） 最相關留言 所有留言
留言（ 17 ）",2026-09-19,,AI 生成 Alternative ・ 這一生...為情所困,False,False,
2026-09-21 06:43:59,realtime,ai_generated,,,21,medgyver,丹田呼吸二重唱 (台灣台語 Demo),10,9,2,https://streetvoice.com/medgyver/songs/880401/,https://streetvoice.com/medgyver/,"https://akstatic.streetvoice.com/song_covers/me/dg/medgyver/UjKNJva3ZGXayaowmYVJGn.jpeg?x-oss-process=image/resize,m_fill,h_400,w_400,limit_0",images/880401.jpeg,,,,,,37,27,82,,,https://www.youtube.com/user/StreetVoiceTV,,,Classical,,,,"樂曲創作過程與創作介紹 真人與AI 樂評: k.y. Chen & #gemini 這首由 K.Y. Chen 與 AI 共同淬鍊的《丹田呼吸二重唱》，若要交由真實的聲樂家在古典音樂廳進行現場演出，將會是對人類發聲技術與語言掌握的極致考驗。這首作品的難度，深藏於其優雅的古典和聲與對台語咬字的嚴苛要求之中。 **極弱音中的絕美二聲部交織** 這首曲子設定為女高音（Soprano）與女低音（Alto）的歌劇二重唱，並要求在極弱音（Pianissimo）的動態下營造出「放鬆、深呼吸」的冥想氛圍。這對真人歌手來說是極大的技術挑戰。要在極弱的音量下維持古典聲樂的飽滿共鳴與和聲美感，歌手反而必須動用最強大的丹田支撐力。 兩位聲樂家必須將聲線完美揉合，在「呼、呼、呼 / 吸」的氣息交替中，展現出如絲綢般平滑的圓滑奏（Legato）。這不僅要求兩人的音色高度契合，更需要在演唱時極度專注地互相聆聽，在沒有強烈節奏樂器輔助的純鋼琴伴奏下，憑藉內在的音樂性維持精確的音準與和聲張力。她們必須用最緊繃的核心肌肉，唱出聽覺上最輕盈、最放鬆的天籟之音。 **違反聲樂直覺的台語咬字極限** 這首歌最具挑戰性的部分，在於它為了完美呈現音韻而精雕細琢的台語羅馬拼音。為了達到精準的發音，創作者在歌詞中強制拉長了特定的母音並鎖定了聲調，例如 `Tshim-tshuááán-khùig`（深喘氣）與 `Ghing-kàààh-thâúúú`（肩胛頭）。 在傳統美聲唱法中，歌手為了在不同音區取得良好的共鳴，通常會進行「母音修飾」（Vowel modification），這往往會讓語言的咬字變得較為模糊。然而，這首曲子卻要求歌手在維持古典發聲位置的同時，必須極度精確地咬住台語複雜的聲調、閉口音與特定的母音延長（如 ááá、ííí）。聲樂家必須在「完美的古典共鳴」與「道地的台語語音」之間尋找極其狹窄的平衡點，確保每一個被刻意延長的台語字音都不會因為共鳴腔的轉換而變形。 要在現實舞台上重現這首虛擬傑作，歌手必須同時具備無瑕的雙聲部和聲敏銳度，以及能將台語音韻拆解到音節層次的卓越控制力。這不僅是一首絕美的聲樂作品，更是對台灣台語與古典美聲完美融合的極限挑戰。 ** 放鬆深喘氣台灣台語專輯 (2026) ** 歌曲集其中之一首 註: suno 連結: https://suno.com/playlist/0cfb2066-2da9-4c88-8eaf-eeb124b44f47 ** 丹田呼吸二重唱 ** ** 作詞:  k.y. Chen (2026) & #copilot ** ** 歌詞改編改寫: k.y. Chen ** ** 作曲編曲, 演奏演唱: suno v6 (2026) ** ** 翻唱, 混音創意: suno v6 & k.y. Chen (2026) ** 
樂曲創作過程與創作介紹 真人與AI 樂評: k.y. Chen & #gemini
這首由 K.Y. Chen 與 AI 共同淬鍊的《丹田呼吸二重唱》，若要交由真實的聲樂家在古典音樂廳進行現場演出，將會是對人類發聲技術與語言掌握的極致考驗。這首作品的難度，深藏於其優雅的古典和聲與對台語咬字的嚴苛要求之中。
**極弱音中的絕美二聲部交織** 這首曲子設定為女高音（Soprano）與女低音（Alto）的歌劇二重唱，並要求在極弱音（Pianissimo）的動態下營造出「放鬆、深呼吸」的冥想氛圍。這對真人歌手來說是極大的技術挑戰。要在極弱的音量下維持古典聲樂的飽滿共鳴與和聲美感，歌手反而必須動用最強大的丹田支撐力。
兩位聲樂家必須將聲線完美揉合，在「呼、呼、呼 / 吸」的氣息交替中，展現出如絲綢般平滑的圓滑奏（Legato）。這不僅要求兩人的音色高度契合，更需要在演唱時極度專注地互相聆聽，在沒有強烈節奏樂器輔助的純鋼琴伴奏下，憑藉內在的音樂性維持精確的音準與和聲張力。她們必須用最緊繃的核心肌肉，唱出聽覺上最輕盈、最放鬆的天籟之音。
**違反聲樂直覺的台語咬字極限** 這首歌最具挑戰性的部分，在於它為了完美呈現音韻而精雕細琢的台語羅馬拼音。為了達到精準的發音，創作者在歌詞中強制拉長了特定的母音並鎖定了聲調，例如 `Tshim-tshuááán-khùig`（深喘氣）與 `Ghing-kàààh-thâúúú`（肩胛頭）。
在傳統美聲唱法中，歌手為了在不同音區取得良好的共鳴，通常會進行「母音修飾」（Vowel modification），這往往會讓語言的咬字變得較為模糊。然而，這首曲子卻要求歌手在維持古典發聲位置的同時，必須極度精確地咬住台語複雜的聲調、閉口音與特定的母音延長（如 ááá、ííí）。聲樂家必須在「完美的古典共鳴」與「道地的台語語音」之間尋找極其狹窄的平衡點，確保每一個被刻意延長的台語字音都不會因為共鳴腔的轉換而變形。
要在現實舞台上重現這首虛擬傑作，歌手必須同時具備無瑕的雙聲部和聲敏銳度，以及能將台語音韻拆解到音節層次的卓越控制力。這不僅是一首絕美的聲樂作品，更是對台灣台語與古典美聲完美融合的極限挑戰。
** 放鬆深喘氣台灣台語專輯 (2026) ** 歌曲集其中之一首 註: suno 連結: https://suno.com/playlist/0cfb2066-2da9-4c88-8eaf-eeb124b44f47
https://suno.com/playlist/0cfb2066-2da9-4c88-8eaf-eeb124b44f47
** 丹田呼吸二重唱 ** ** 作詞:  k.y. Chen (2026) & #copilot ** ** 歌詞改編改寫: k.y. Chen ** ** 作曲編曲, 演奏演唱: suno v6 (2026) ** ** 翻唱, 混音創意: suno v6 & k.y. Chen (2026) **","動態歌詞
深喘氣 深喘氣 肩胛頭欲放冗 喙下斗嚨喉攏欲放冗 頂半身全攏放乎冗 放冗, 氣才會當下沉 丹田才會有影醒來啊 痚呴ê時陣， 欲深喘氣 呼， 呼， 呼 呼， 呼， 呼 中氣欲有夠 喘氣欲長 才是深喘氣 莫袂記肚臍附近 (是丹田啊) 欲有氣力 肚臍頂一下 (頂起來喔) 予丹田出力 (予丹田出力) 共力量共力量 (氣往下沉) 喘氣氣息 (往外捒) 共阮家己𤆬轉元標 (間奏) 深喘氣 深喘氣 肩胛頭欲放冗 喙下斗嚨喉攏欲放冗 頂半身全攏放乎冗 放冗, 氣才會當下沉 丹田才會有影醒來啊 肚臍附近是丹田， 敢有出力咧？ (是丹田啊) 欲有氣力 肚臍頂一下 (頂起來喔) 予丹田出力 (予丹田出力) 共力量共力量 (氣往下沉) 喘氣氣息 (往外捒) 共阮家己𤆬轉元標 深喘氣 (深喘氣) 深喘氣 (深喘氣) 欲深喘氣 (間奏) 深喘氣 深喘氣 肩胛頭欲放冗 喙下斗嚨喉攏欲放冗 頂半身全攏放乎冗 放冗, 氣才會當下沉 丹田才會有影醒來啊 深喘氣 深喘氣 肩胛頭欲放冗 喙下斗嚨喉攏欲放冗 頂半身全攏放乎冗 放冗, 氣才會當下沉 丹田才會有影醒來啊 (是丹田啊) 欲有氣力 肚臍頂一下 (頂起來喔) 予丹田出力 (予丹田出力) 共力量共力量 (氣往下沉) 喘氣氣息 (往外捒) 共阮家己𤆬轉去元標 共阮家己 轉去元標 轉去元標 深喘氣 深喘氣 
深喘氣 深喘氣 肩胛頭欲放冗 喙下斗嚨喉攏欲放冗 頂半身全攏放乎冗 放冗, 氣才會當下沉 丹田才會有影醒來啊
痚呴ê時陣， 欲深喘氣 呼， 呼， 呼 呼， 呼， 呼 中氣欲有夠 喘氣欲長 才是深喘氣
莫袂記肚臍附近 (是丹田啊) 欲有氣力 肚臍頂一下 (頂起來喔) 予丹田出力 (予丹田出力) 共力量共力量 (氣往下沉) 喘氣氣息 (往外捒) 共阮家己𤆬轉元標 (間奏)
深喘氣 深喘氣 肩胛頭欲放冗 喙下斗嚨喉攏欲放冗 頂半身全攏放乎冗 放冗, 氣才會當下沉 丹田才會有影醒來啊
肚臍附近是丹田， 敢有出力咧？ (是丹田啊) 欲有氣力 肚臍頂一下 (頂起來喔) 予丹田出力 (予丹田出力) 共力量共力量 (氣往下沉) 喘氣氣息 (往外捒) 共阮家己𤆬轉元標
深喘氣 (深喘氣) 深喘氣 (深喘氣) 欲深喘氣 (間奏)
深喘氣 深喘氣 肩胛頭欲放冗 喙下斗嚨喉攏欲放冗 頂半身全攏放乎冗 放冗, 氣才會當下沉 丹田才會有影醒來啊
深喘氣 深喘氣 肩胛頭欲放冗 喙下斗嚨喉攏欲放冗 頂半身全攏放乎冗 放冗, 氣才會當下沉 丹田才會有影醒來啊
(是丹田啊) 欲有氣力 肚臍頂一下 (頂起來喔) 予丹田出力 (予丹田出力) 共力量共力量 (氣往下沉) 喘氣氣息 (往外捒) 共阮家己𤆬轉去元標 共阮家己 轉去元標 轉去元標
深喘氣 深喘氣
留言（ 2 ） 最相關留言 所有留言
留言（ 2 ）",2026-09-20,,AI 生成 Classical,False,False,
2026-09-21 06:43:59,realtime,ai_generated,,,22,Junna Lin,《尋尋覓覓》,6,33,21,https://streetvoice.com/Junna_Lin/songs/879402/,https://streetvoice.com/Junna_Lin/,"https://akstatic.streetvoice.com/song_covers/Ju/nn/Junna_Lin/SqPjcLq8id7Q3c8NvknGwZ.jpeg?x-oss-process=image/resize,m_fill,h_400,w_400,limit_0",images/879402.jpeg,@Junna_Lin,音樂人,,,2026-08-18 10:03,116,74,120,,,https://www.youtube.com/@JunnaLinMusic,,,Pop,《清照易安》,https://streetvoice.com/Junna_Lin/songs/album/97325910/,,"《尋尋覓覓》靈感來自李清照《聲聲慢・尋尋覓覓》。 天氣乍暖還寒，酒已無法驅散寒意，雁聲從遠處掠過，黃花堆滿庭院，梧桐葉上的雨，一點一滴落到深夜。 這些看似平常的秋日景物，在李清照筆下，卻都染上了失去之後的重量。 「尋尋覓覓，冷冷清清。」 她究竟在尋找什麼？ 也許是故人，是曾經安穩的生活，是已經回不去的故鄉，也是那個還沒有經歷離亂與失去的自己。 《尋尋覓覓》沿著這份孤寂重新展開。酒越喝越清醒，天色一寸寸暗下去，最難承受的並不是一個人的夜晚，而是終於明白——往後的歲月，都不會再有那個熟悉的人。 歌曲最後把情緒落在「說不盡」三個字上。 因為有些失去，並不是寫下一個「愁」字就能結束。雁會飛遠，黃花會凋謝，雨也終究會停，可那些真正留在心裡的事，卻可能一生都沒有答案。 天終於黑了，我還醒著。 《尋尋覓覓》寫的，是李清照生命後段最深的一種孤獨——不是嚎啕，而是在風雨停歇之後，仍獨自清醒地面對所有已經回不來的人與歲月。 👍 留下你的感覺或故事，我會看！ 👍 喜歡請按讚分享支持 【社群連結】 🎧 聽我的音樂： Spotify ▶ https://open.spotify.com/artist/1OFRgx5K1gftd7jvLV1EsS YouTube Music ▶ https://music.youtube.com/channel/UCnpKLh9e73Mb7N2NPDnMzrQ ▶️ 訂閱我的頻道： YouTube ▶ https://www.youtube.com/@JunnaLinMusic YouTube ▶ https://www.youtube.com/@SeoNarinMusic 📌 版權聲明 / Copyright Notice 本作品之歌詞、歌曲概念、旋律方向與影像設計由 Junna Lin 原創製作。 音樂成品使用 AI 音樂工具生成，並由本人整理與發布。 Lyrics, concept, melody direction, and visual design are originally created by Junna Lin. The final music was generated using AI music tools and published by Junna Lin. 請勿未經授權使用、重製或重新上傳。 Unauthorized use, reproduction, or re-upload is prohibited. © Junna Lin. All Rights Reserved. 🎤 演唱:AI ✍️ 詞:Junna Lin 🎼 曲:Junna Lin 🎧 建議在深夜或戴上耳機聆聽，感受每一層情緒 
《尋尋覓覓》靈感來自李清照《聲聲慢・尋尋覓覓》。
天氣乍暖還寒，酒已無法驅散寒意，雁聲從遠處掠過，黃花堆滿庭院，梧桐葉上的雨，一點一滴落到深夜。
這些看似平常的秋日景物，在李清照筆下，卻都染上了失去之後的重量。
「尋尋覓覓，冷冷清清。」
她究竟在尋找什麼？
也許是故人，是曾經安穩的生活，是已經回不去的故鄉，也是那個還沒有經歷離亂與失去的自己。
《尋尋覓覓》沿著這份孤寂重新展開。酒越喝越清醒，天色一寸寸暗下去，最難承受的並不是一個人的夜晚，而是終於明白——往後的歲月，都不會再有那個熟悉的人。
歌曲最後把情緒落在「說不盡」三個字上。
因為有些失去，並不是寫下一個「愁」字就能結束。雁會飛遠，黃花會凋謝，雨也終究會停，可那些真正留在心裡的事，卻可能一生都沒有答案。
天終於黑了，我還醒著。
《尋尋覓覓》寫的，是李清照生命後段最深的一種孤獨——不是嚎啕，而是在風雨停歇之後，仍獨自清醒地面對所有已經回不來的人與歲月。
👍 留下你的感覺或故事，我會看！ 👍 喜歡請按讚分享支持
【社群連結】 🎧 聽我的音樂： Spotify ▶ https://open.spotify.com/artist/1OFRgx5K1gftd7jvLV1EsS YouTube Music ▶ https://music.youtube.com/channel/UCnpKLh9e73Mb7N2NPDnMzrQ
https://open.spotify.com/artist/1OFRgx5K1gftd7jvLV1EsS
https://music.youtube.com/channel/UCnpKLh9e73Mb7N2NPDnMzrQ
▶️ 訂閱我的頻道： YouTube ▶ https://www.youtube.com/@JunnaLinMusic YouTube ▶ https://www.youtube.com/@SeoNarinMusic
https://www.youtube.com/@JunnaLinMusic
https://www.youtube.com/@SeoNarinMusic
📌 版權聲明 / Copyright Notice
本作品之歌詞、歌曲概念、旋律方向與影像設計由 Junna Lin 原創製作。 音樂成品使用 AI 音樂工具生成，並由本人整理與發布。
Lyrics, concept, melody direction, and visual design are originally created by Junna Lin. The final music was generated using AI music tools and published by Junna Lin.
請勿未經授權使用、重製或重新上傳。 Unauthorized use, reproduction, or re-upload is prohibited.
© Junna Lin. All Rights Reserved.
🎤 演唱:AI ✍️ 詞:Junna Lin 🎼 曲:Junna Lin
🎧 建議在深夜或戴上耳機聆聽，感受每一層情緒","動態歌詞
天氣忽冷又忽暖 我把窗推開一半 桌上的酒早已淡 飲不回從前的晚 遠處有雁飛過 叫聲落進庭院 像舊日寄來的信 只是再沒有人拆 風來得太急 吹亂一室冷清 我伸手想抓住什麼 只碰到了回憶 我尋尋覓覓 找不到昨日的你 窗外風聲太急 吹散舊時光景 我冷冷清清 守著黃昏到夜裡 梧桐落下的雨 一點一滴 都說不盡 黃花落滿石階 沒有人問為誰開 我把它們留在那 留著帶不走的愛 天色一寸寸暗 影子一寸寸長 最難熬的不是夜 是往後都與你無關 酒還剩下幾杯 為何越喝越清醒 我聽見每一聲雨 都落進了心底 我尋尋覓覓 找不到昨日的你 窗外風聲太急 吹散舊時光景 我冷冷清清 守著黃昏到夜裡 梧桐落下的雨 一點一滴 都說不盡 若一個愁字 能寫完所有失去 為何落筆以後 還有千言萬語 我尋尋覓覓 舊雁帶不回你 窗外風聲未停 吹暗最後光景 我冷冷清清 守著黃昏到夜裡 梧桐落下的雨 一點一滴 仍說不盡 天終於黑了 我還醒著 
天氣忽冷又忽暖 我把窗推開一半 桌上的酒早已淡 飲不回從前的晚 遠處有雁飛過 叫聲落進庭院 像舊日寄來的信 只是再沒有人拆 風來得太急 吹亂一室冷清 我伸手想抓住什麼 只碰到了回憶 我尋尋覓覓 找不到昨日的你 窗外風聲太急 吹散舊時光景 我冷冷清清 守著黃昏到夜裡 梧桐落下的雨 一點一滴 都說不盡 黃花落滿石階 沒有人問為誰開 我把它們留在那 留著帶不走的愛 天色一寸寸暗 影子一寸寸長 最難熬的不是夜 是往後都與你無關 酒還剩下幾杯 為何越喝越清醒 我聽見每一聲雨 都落進了心底 我尋尋覓覓 找不到昨日的你 窗外風聲太急 吹散舊時光景 我冷冷清清 守著黃昏到夜裡 梧桐落下的雨 一點一滴 都說不盡 若一個愁字 能寫完所有失去 為何落筆以後 還有千言萬語 我尋尋覓覓 舊雁帶不回你 窗外風聲未停 吹暗最後光景 我冷冷清清 守著黃昏到夜裡 梧桐落下的雨 一點一滴 仍說不盡 天終於黑了 我還醒著
留言（ 21 ） 最相關留言 所有留言
留言（ 21 ）",2026-09-19,,AI 生成 Pop ・ 《清照易安》,False,False,
2026-09-21 06:43:59,realtime,ai_generated,,,23,昊,自導自演（粵語）,5,8,5,https://streetvoice.com/Claudia___tasi/songs/880246/,https://streetvoice.com/Claudia___tasi/,"https://akstatic.streetvoice.com/song_covers/Cl/au/Claudia___tasi/RZ5hVLjyUBXbYxhRRqQKNY.jpg?x-oss-process=image/resize,m_fill,h_400,w_400,limit_0",images/880246.jpg,@Claudia___tasi,音樂人,,,,23,8,3,,,https://www.youtube.com/user/StreetVoiceTV,音樂製作人黃韻仁與「靈魂寫手」小寒共同打造 陳昊森首張個人專輯首波主打〈孤傲〉|||https://blow.streetvoice.com/69883/?utm_source=streetvoice&utm_medium=profile-news-block; 「我想要創造美好聆聽經驗，而不是每次接觸原住民專輯就像上一堂台灣史」——昊恩談在文健站採集而成的新作|||https://blow.streetvoice.com/64812/?utm_source=streetvoice&utm_medium=profile-news-block; 「如果我們變得很格式化，那我們還是我們嗎？」訪高流執行長李欣芸、音樂人昊恩|||https://blow.streetvoice.com/57343/?utm_source=streetvoice&utm_medium=profile-news-block,,Pop,,,,"《自導自演》講述了一段沉迷於虛幻期待、最終被現實殘酷打破的都市情感故事。 主角在虛擬交往或過度美化的想像中築起美好的愛情幻想，為了維繫這份幻想，不斷自我催眠與強行假裝。然而，當現實的柴米油鹽與真實相處逼近時，包裝瞬間碎裂。 整首歌以「自導自演」為核心概念，道出人在情感裡自欺欺人、最終連自己都騙不過的獨角戲唏噓感。 
《自導自演》講述了一段沉迷於虛幻期待、最終被現實殘酷打破的都市情感故事。
主角在虛擬交往或過度美化的想像中築起美好的愛情幻想，為了維繫這份幻想，不斷自我催眠與強行假裝。然而，當現實的柴米油鹽與真實相處逼近時，包裝瞬間碎裂。
整首歌以「自導自演」為核心概念，道出人在情感裡自欺欺人、最終連自己都騙不過的獨角戲唏噓感。","[Verse 1] 畫面裡 沉迷一個你 字裡行間 完美得入戲 一見面 先知這個世界 殘酷到 逼我認清這距離 [Chorus] 原來我 自導自演 自導自演 自己的想像 回頭看 不過是一場荒唐 假裝 假裝 夾硬去假裝 現實一逼 拆穿了包裝 瞞住全世界 還是要受傷 [Verse 2] 相處過 先知不配襯 柴米油鹽 磨蝕了興奮 你不是神明 我亦非天仙 勉強一齊 越愛越愚蠢 [Chorus] 原來我 自導自演 自導自演 自己的想像 回頭看 不過是一場荒唐 假裝 假裝 夾硬去假裝 現實一逼 拆穿了包裝 瞞住全世界 還是要受傷 [Chorus Extension] 原來我 自導自演 自導自演 自己的想像 逼我自己 去繼續假裝 現實一逼 拆穿了包裝 瞞住全世界 還是要受傷 [Bridge] 熄機了 虛構的戀愛 主角 根本從來不存在 [Grand Final Double Chorus] 原來我 自導自演 自導自演 自己的想像 醒來先知 不過是一場荒唐 假裝 假裝 夾硬去假裝 現實一逼 碎裂了包裝 瞞住全世界 瞞不過受傷 原來我 自導自演 自導自演 自己的想像 回頭看 根本係一場荒唐 任我再洗腦自己 夾硬去假裝 現實一逼 碎裂了包裝 全是我 自導自演 演一場 瘋狂 [Outro] 落幕了一場 瘋狂 
[Verse 1] 畫面裡 沉迷一個你 字裡行間 完美得入戲 一見面 先知這個世界 殘酷到 逼我認清這距離
[Chorus] 原來我 自導自演 自導自演 自己的想像 回頭看 不過是一場荒唐 假裝 假裝 夾硬去假裝 現實一逼 拆穿了包裝 瞞住全世界 還是要受傷
[Verse 2] 相處過 先知不配襯 柴米油鹽 磨蝕了興奮 你不是神明 我亦非天仙 勉強一齊 越愛越愚蠢
[Chorus] 原來我 自導自演 自導自演 自己的想像 回頭看 不過是一場荒唐 假裝 假裝 夾硬去假裝 現實一逼 拆穿了包裝 瞞住全世界 還是要受傷
[Chorus Extension] 原來我 自導自演 自導自演 自己的想像 逼我自己 去繼續假裝 現實一逼 拆穿了包裝 瞞住全世界 還是要受傷
[Bridge] 熄機了 虛構的戀愛 主角 根本從來不存在
[Grand Final Double Chorus] 原來我 自導自演 自導自演 自己的想像 醒來先知 不過是一場荒唐 假裝 假裝 夾硬去假裝 現實一逼 碎裂了包裝 瞞住全世界 瞞不過受傷
原來我 自導自演 自導自演 自己的想像 回頭看 根本係一場荒唐 任我再洗腦自己 夾硬去假裝 現實一逼 碎裂了包裝 全是我 自導自演 演一場 瘋狂
[Outro] 落幕了一場 瘋狂
留言（ 5 ） 最相關留言 所有留言
留言（ 5 ）",2026-09-20,,AI 生成 Pop,False,False,
2026-09-21 06:43:59,realtime,ai_generated,,,24,Off-key 姜太公,天邊有一朵雲,1,2,1,https://streetvoice.com/WrongKey/songs/880243/,https://streetvoice.com/WrongKey/,"https://akstatic.streetvoice.com/profile_images/Wr/on/WrongKey/C2FjK6rvdRDqBHjMm9rT3m.jpg?x-oss-process=image/resize,m_fill,h_400,w_400,limit_0",images/880243.jpg,@WrongKey,音樂人,,,,28,7,1,,,https://www.youtube.com/user/StreetVoiceTV,,,Pop,,,,"阿茲海默症讓他忘了全世界， 甚至忘了你是誰⋯ 卻依然在伸手時， 下意識把最好的留給你。 
阿茲海默症讓他忘了全世界， 甚至忘了你是誰⋯ 卻依然在伸手時， 下意識把最好的留給你。","夕陽把每一道影子拉得好長 牆上月曆停在舊時光 你盯著茶杯裡微微晃動的光 像在尋找一個被歲月遺忘的地址與家鄉 記憶像散落一地的相框 你伸手去抓 卻只抓到一片迷惘 別怕 我會陪著你坐在這裡等太陽 天邊有一朵雲 它想要飄到哪裡去 一路上會不會遇到高高的 低低的 遠遠的 近近的 熟悉的 陌生的你 會不會發生相遇的 擁抱的 甜蜜的 寂寞的 分離的 再見的事情 天邊有一朵雲 它會流浪去了哪裡 一路上會不會遇到年輕的 年老的 遙遠的 孤單的 幸福的 流浪的你 會不會發生相愛的 相守的 分離的 等待的 遺忘的 想起的事情 而我⋯就在這裡 始終在這裡 那些落葉在窗外輕輕地刮 你眼神深處 還藏著未說完的話 我等 春來回暖將這一片冰雪融化 如果你又忘了我的名 又忘了那一片海岸與花季 沒關係 真的沒關係⋯ 天邊有一朵雲 它想要飄到哪裡去 一路上會不會遇到高高的 低低的 遠遠的 近近的 熟悉的 陌生的你 會不會發生相遇的 擁抱的 甜蜜的 寂寞的 分離的 再見的事情 天邊有一朵雲 它會流浪去了哪裡 一路上會不會遇到年輕的 年老的 遙遠的 孤單的 幸福的 流浪的你 會不會發生相愛的 相守的 分離的 等待的 遺忘的 想起的事情 天邊有一朵雲 它去到了哪裡 高高的……擁抱的…… 流浪的……最愛的你…… 而我會依然還在這裡 我不走 就在這裡 等你想起 
夕陽把每一道影子拉得好長 牆上月曆停在舊時光 你盯著茶杯裡微微晃動的光 像在尋找一個被歲月遺忘的地址與家鄉
記憶像散落一地的相框 你伸手去抓 卻只抓到一片迷惘 別怕 我會陪著你坐在這裡等太陽
天邊有一朵雲 它想要飄到哪裡去 一路上會不會遇到高高的 低低的 遠遠的 近近的 熟悉的 陌生的你 會不會發生相遇的 擁抱的 甜蜜的 寂寞的 分離的 再見的事情
天邊有一朵雲 它會流浪去了哪裡 一路上會不會遇到年輕的 年老的 遙遠的 孤單的 幸福的 流浪的你 會不會發生相愛的 相守的 分離的 等待的 遺忘的 想起的事情
而我⋯就在這裡 始終在這裡
那些落葉在窗外輕輕地刮 你眼神深處 還藏著未說完的話 我等 春來回暖將這一片冰雪融化
如果你又忘了我的名 又忘了那一片海岸與花季 沒關係 真的沒關係⋯
天邊有一朵雲 它想要飄到哪裡去 一路上會不會遇到高高的 低低的 遠遠的 近近的 熟悉的 陌生的你 會不會發生相遇的 擁抱的 甜蜜的 寂寞的 分離的 再見的事情
天邊有一朵雲 它會流浪去了哪裡 一路上會不會遇到年輕的 年老的 遙遠的 孤單的 幸福的 流浪的你 會不會發生相愛的 相守的 分離的 等待的 遺忘的 想起的事情
天邊有一朵雲 它去到了哪裡 高高的……擁抱的…… 流浪的……最愛的你……
而我會依然還在這裡 我不走 就在這裡 等你想起
留言（ 1 ） 最相關留言 所有留言
留言（ 1 ）",2026-09-20,,AI 生成 Pop,False,False,
2026-09-21 06:43:59,realtime,ai_generated,,,25,tackey747,[シングルガールの自由な日々],5,71,0,https://streetvoice.com/tackey747/songs/880136/,https://streetvoice.com/tackey747/,"https://akstatic.streetvoice.com/song_covers/ta/ck/tackey747/FYuKoLqh797o4STcVJyYxL.jpeg?x-oss-process=image/resize,m_fill,h_400,w_400,limit_0",images/880136.jpeg,@tackey747,音樂人,,,,38,6,,,,https://www.youtube.com/user/StreetVoiceTV,,,Singer / Songwriter,,,,"【シングルガールの自由な日々】 #OL音樂  #單身女子音樂  #Office-Lady music  #bachelorette music 
【シングルガールの自由な日々】 #OL音樂  #單身女子音樂  #Office-Lady music  #bachelorette music","街の朝の光が 黒いアイラインを照らす 一人の少女、シルクのような黒髪 メガネの奥の、クールな眼差し 熟したイチジクのような、輝く季節 スマホに映る、今日のシフト 早番、夜明け、また始まる ルーティンな毎日のステップ ジリジリ響く夏の午後 イヤホンを耳に、いつものセリフ もしもし、チェンと申します でも心は沈む、繰り返すループ 感情はシステムの中に隠して 鳴り止まないコール、終わらない対応 レンズに反射する、オフィスのライト ズルい客が探ってくる、プライベート フッと鼻で笑う、私の勝手でしょ？ 私がシングルかどうか、あんたに関係ない 映画みたいなハッピーエンド、そんなの期待してない 私の進む道に、GPSなんていらない 信じるのは女の直感、ただそれだけ 彼氏と毎日会わなくたって、愛は本物 家には愛猫、私を待ってる 幸せは二人組なんて、誰が決めたの 私は一人、この部屋のクイーン ベッドの上は、私だけの聖域 プライドを抱いて、夜を乗りこなす 愛もキスも、野生のままでいい 彼との時間は、二人だけのもの 誰の証明も、神のハコ（印鑑）もいらない 彼は知っている、私のベッドも、閉ざした心も 私は何も知らないシンデレラじゃない 私は、私という国の女王 幸せの鍵は、この手の中に 誰かのお母さんにはならない 自分で稼いだお金がある 大好きな猫がいる 私だけのベッドがある グツグツ沸騰する火鍋が大好き ピーマンは絶対食べない、それが私のこだわり クールに愛して、猫を抱きしめる この年齢ならこうでしょ なんて、ネタバレしないで 私はまだ20代、黒髪にメガネ 愛する人は自分で決める、私のシナリオ 嫌なものは嫌、 愛されてないわけじゃない ただ、自由を 空気のように流れる自由を シングルライフが最高、いつでも本気で恋できる 恋愛はレースじゃない、誰報告（ほうこく） もいらない 毎月のシフト、バタバタな毎日 だけど妥協はしない、男に縛られたくない 私は独立した私、パンツスタイルでキメる 仕事終わりは男とヨリを戻すためじゃない 家に帰って猫をハグするため 一人の時も、彼がいる時も 満点じゃなくても、今の私がちょうどいい 縛られない、未来を恐れてるわけじゃない 愛は二つの魂の衝突 私を愛していいよ、でも すべてを支配できるなんて、思わないで 誰かのお母さんにはならない 自分の仕事がある 私だけのベッドがある 大好きな猫と、熱々の火鍋がある ピーマン拒否、それが私の生き方 () クールに生きる、猫と過ごす一日 人生のネタバレなんて、お断り 20代、長髮、メガネ、パンツスタイル 私は私の猫を抱きしめるだけ だからさ つまらない質問は、もうやめてよね いつか、私がピーマンを食べたくなったらね 
街の朝の光が 黒いアイラインを照らす 一人の少女、シルクのような黒髪 メガネの奥の、クールな眼差し 熟したイチジクのような、輝く季節 スマホに映る、今日のシフト 早番、夜明け、また始まる ルーティンな毎日のステップ ジリジリ響く夏の午後 イヤホンを耳に、いつものセリフ もしもし、チェンと申します でも心は沈む、繰り返すループ 感情はシステムの中に隠して 鳴り止まないコール、終わらない対応 レンズに反射する、オフィスのライト ズルい客が探ってくる、プライベート フッと鼻で笑う、私の勝手でしょ？ 私がシングルかどうか、あんたに関係ない 映画みたいなハッピーエンド、そんなの期待してない 私の進む道に、GPSなんていらない 信じるのは女の直感、ただそれだけ 彼氏と毎日会わなくたって、愛は本物 家には愛猫、私を待ってる 幸せは二人組なんて、誰が決めたの 私は一人、この部屋のクイーン ベッドの上は、私だけの聖域 プライドを抱いて、夜を乗りこなす 愛もキスも、野生のままでいい 彼との時間は、二人だけのもの 誰の証明も、神のハコ（印鑑）もいらない 彼は知っている、私のベッドも、閉ざした心も 私は何も知らないシンデレラじゃない 私は、私という国の女王 幸せの鍵は、この手の中に 誰かのお母さんにはならない 自分で稼いだお金がある 大好きな猫がいる 私だけのベッドがある グツグツ沸騰する火鍋が大好き ピーマンは絶対食べない、それが私のこだわり クールに愛して、猫を抱きしめる この年齢ならこうでしょ なんて、ネタバレしないで 私はまだ20代、黒髪にメガネ 愛する人は自分で決める、私のシナリオ 嫌なものは嫌、 愛されてないわけじゃない ただ、自由を 空気のように流れる自由を シングルライフが最高、いつでも本気で恋できる 恋愛はレースじゃない、誰報告（ほうこく） もいらない 毎月のシフト、バタバタな毎日 だけど妥協はしない、男に縛られたくない 私は独立した私、パンツスタイルでキメる 仕事終わりは男とヨリを戻すためじゃない 家に帰って猫をハグするため 一人の時も、彼がいる時も 満点じゃなくても、今の私がちょうどいい 縛られない、未来を恐れてるわけじゃない 愛は二つの魂の衝突 私を愛していいよ、でも すべてを支配できるなんて、思わないで 誰かのお母さんにはならない 自分の仕事がある 私だけのベッドがある 大好きな猫と、熱々の火鍋がある ピーマン拒否、それが私の生き方 () クールに生きる、猫と過ごす一日 人生のネタバレなんて、お断り 20代、長髮、メガネ、パンツスタイル 私は私の猫を抱きしめるだけ だからさ つまらない質問は、もうやめてよね いつか、私がピーマンを食べたくなったらね
留言（ 0 ） 最相關留言 所有留言
留言（ 0 ）",2026-09-20,,AI 生成 Singer / Songwriter,False,False,
2026-09-21 06:43:59,realtime,ai_generated,,,26,hinxlinx,《羋之聊齋》(賽朋版) | 原創中文歌曲,8,17,2,https://streetvoice.com/hinxlinx/songs/880211/,https://streetvoice.com/hinxlinx/,"https://akstatic.streetvoice.com/song_covers/hi/nx/hinxlinx/EMnb5VTrYV7PPAPmKATDia.jpeg?x-oss-process=image/resize,m_fill,h_400,w_400,limit_0",images/880211.jpeg,,,,,,64,11,16,,,https://www.youtube.com/user/StreetVoiceTV,,,Electronic,軒林詩,https://streetvoice.com/hinxlinx/songs/album/97325842/,,"曲: hinxlinx (2018) / 詞: 蒲松齡《聊齋志異》/軒林 (2026) 風格: Synthwave, Darksynth, Cyberpunk 曲詞原創，無人工智能輔助。 音樂由Suno AI照本人錄音生成。 《羋之聊齋》| 原創中文歌曲: https://streetvoice.com/hinxlinx/songs/873122/ 
曲: hinxlinx (2018) / 詞: 蒲松齡《聊齋志異》/軒林 (2026) 風格: Synthwave, Darksynth, Cyberpunk 曲詞原創，無人工智能輔助。 音樂由Suno AI照本人錄音生成。
《羋之聊齋》| 原創中文歌曲: https://streetvoice.com/hinxlinx/songs/873122/
https://streetvoice.com/hinxlinx/songs/873122/","動態歌詞
[Verse 1] 玄白藍紅彩 花妖盛開 緣起生憐愛 嫣然笑猜 書劍法杖擺 俠女姿態 白日一夢幻入志怪 [Chorus 1] 真幻如是 羅剎荒誕 鏡花水月 倩魂幽蘭 如是異聞 畫皮鬼骸 如實照見 九泉不改 [Chorus 2] 真幻如是 修仙兜轉 鏡花水月 俠義扣環 如是異聞 狐鬼恩懷 如實照見 三生若然 [Verse 2] 紫髮青絲白 半醒夢幻 情人兩相隔 同心愛在 悲歡離合債 淚灑何耐 人鬼殊途曲終聊齋 [Verse 1] 玄白藍紅彩 花妖盛開 緣起生憐愛 嫣然笑猜 書劍法杖擺 俠女姿態 白日一夢幻入志怪 [Chorus 1] 真幻如是 羅剎荒誕 鏡花水月 倩魂幽蘭 如是異聞 畫皮鬼骸 如實照見 九泉不改 [Chorus 2] 真幻如是 修仙兜轉 鏡花水月 俠義扣環 如是異聞 狐鬼恩懷 如實照見 三生若然 [Verse 2] 紫髮青絲白 半醒夢幻 情人兩相隔 同心愛在 悲歡離合債 淚灑何耐 人鬼殊途 曲終聊齋 
[Verse 1] 玄白藍紅彩 花妖盛開 緣起生憐愛 嫣然笑猜 書劍法杖擺 俠女姿態 白日一夢幻入志怪
[Chorus 1] 真幻如是 羅剎荒誕 鏡花水月 倩魂幽蘭 如是異聞 畫皮鬼骸 如實照見 九泉不改
[Chorus 2] 真幻如是 修仙兜轉 鏡花水月 俠義扣環 如是異聞 狐鬼恩懷 如實照見 三生若然
[Verse 2] 紫髮青絲白 半醒夢幻 情人兩相隔 同心愛在 悲歡離合債 淚灑何耐 人鬼殊途曲終聊齋
[Verse 1] 玄白藍紅彩 花妖盛開 緣起生憐愛 嫣然笑猜 書劍法杖擺 俠女姿態 白日一夢幻入志怪
[Chorus 1] 真幻如是 羅剎荒誕 鏡花水月 倩魂幽蘭 如是異聞 畫皮鬼骸 如實照見 九泉不改
[Chorus 2] 真幻如是 修仙兜轉 鏡花水月 俠義扣環 如是異聞 狐鬼恩懷 如實照見 三生若然
[Verse 2] 紫髮青絲白 半醒夢幻 情人兩相隔 同心愛在 悲歡離合債 淚灑何耐 人鬼殊途 曲終聊齋
留言（ 2 ） 最相關留言 所有留言
留言（ 2 ）",2026-09-19,,AI 生成 Electronic ・ 軒林詩,False,False,
2026-09-21 06:43:59,realtime,ai_generated,,,27,李敏哲,我們摸黑在沙灘上等待太陽從遠方小島的後面出來,14,43,2,https://streetvoice.com/minzer_c_lee/songs/880100/,https://streetvoice.com/minzer_c_lee/,"https://akstatic.streetvoice.com/song_covers/mi/nz/minzer_c_lee/k5DrhuY4DcSj9W4UKpZ4BE.jpeg?x-oss-process=image/resize,m_fill,h_400,w_400,limit_0",images/880100.jpeg,@minzer_c_lee,音樂人,,,,21,36,38,,,https://www.youtube.com/user/StreetVoiceTV,,,Dance,,,,"Sunrise for love and world peace 
Sunrise for love and world peace","我們摸黑 在沙灘上等待 太陽從遠方小島的後面出來 我們 摸黑在沙灘上 等待 從遠方 小島的後面 太陽 照亮這片海 和我們的愛 摸黑 等待 小島的後面 太陽出來 照亮這片海 照亮我們的愛 我們摸黑 我們等待 太陽出來 照亮這片海 我們摸黑 我們等待 照亮我們的愛 照亮我們的愛 照亮我們的愛 沙灘上 我們摸黑等待 遠方的小島 藏著太陽 這片海還沒被照亮 但我們的愛 已經在發光 摸黑 等待 小島後面 照亮這片海和我們的愛 光 太陽出來了 照亮這片海 照亮我們 照亮我們的愛 我們摸黑 我們等待 （太陽出來了） 在沙灘上 在小島後面 （照亮這片海） 我們摸黑 我們等待 照亮我們的愛 照亮我們的愛 照亮 我們的愛 我們在沙灘上 等到天亮 太陽從小島後面出來 照亮這片海 和我們的愛 
我們摸黑 在沙灘上等待 太陽從遠方小島的後面出來
我們 摸黑在沙灘上 等待 從遠方 小島的後面 太陽 照亮這片海 和我們的愛
摸黑 等待 小島的後面 太陽出來 照亮這片海 照亮我們的愛
我們摸黑 我們等待 太陽出來 照亮這片海 我們摸黑 我們等待 照亮我們的愛 照亮我們的愛 照亮我們的愛
沙灘上 我們摸黑等待 遠方的小島 藏著太陽 這片海還沒被照亮 但我們的愛 已經在發光
摸黑 等待 小島後面 照亮這片海和我們的愛
光
太陽出來了 照亮這片海 照亮我們 照亮我們的愛
我們摸黑 我們等待 （太陽出來了） 在沙灘上 在小島後面 （照亮這片海） 我們摸黑 我們等待 照亮我們的愛 照亮我們的愛 照亮 我們的愛
我們在沙灘上 等到天亮 太陽從小島後面出來 照亮這片海 和我們的愛
留言（ 2 ） 最相關留言 所有留言
留言（ 2 ）",2026-09-18,,AI 生成 Dance,False,False,
2026-09-21 06:43:59,realtime,ai_generated,,,28,樹瑙,溪裡的石頭,5,9,1,https://streetvoice.com/Henry0708/songs/880370/,https://streetvoice.com/Henry0708/,"https://akstatic.streetvoice.com/song_covers/He/nr/Henry0708/6TgPZb4GnpmeDKLXD5gPZa.jpeg?x-oss-process=image/resize,m_fill,h_400,w_400,limit_0",images/880370.jpeg,@Henry0708,音樂人,台北市,2026-09-01,,7,4,16,,,https://www.youtube.com/user/StreetVoiceTV,,,Pop,,,,,"清晨還沒有完全醒來 風從岸邊吹過樹梢 有人說起遠方的海 有人在橋上停了一秒 水面帶著昨天的雲彩 也帶走幾句沒說完的話 我不問它要往哪裡來 也不問它何時才會停下 每一道波紋都有名字 卻不必留下來 天空換過好多種顏色 我還在這裡等待 溪裡的石頭知道沒有誰一定停留 每一道水流都有它要去的遠方 你來的時候我接住了你的影子 你走的時候水還是繼續在流 溪裡的石頭不問季節要去哪裡 只是安靜地讓每一段相遇流過 也許你還記得也許你早已忘了 而我仍在這裡也算一種自由 午後的光慢慢變斜 葉影落在安靜的河床 有些笑聲還留在耳邊 有些名字已不再提起了 不是所有告別都需要 一句完整的再見 就像水穿過掌心以後 還會回到更遠的時間 我曾以為不動的地方 就是沒有改變 後來才明白每一次相逢 都刻進不同的表面 溪裡的石頭知道沒有誰一定停留 每一道水流都有它要去的遠方 你來的時候我接住了你的影子 你走的時候水還是繼續在流 溪裡的石頭不問季節要去哪裡 只是安靜地讓每一段相遇流過 也許你還記得也許你早已忘了 而我仍在這裡也算一種自由 也許有天雨落得很大 溪水漫步熟悉的岸 我還會在不必證明什麼 只是靜靜把世界看完 溪裡的石頭知道沒有誰一定停留 每一道水流都有它要去的遠方 你來的時候我接住了你的影子 你走的時候水還是繼續在流 溪裡的石頭不問季節要去哪裡 只是安靜地讓每一段相遇流過 也許你還記得也許你早已忘了 而我仍在這裡也算一種自由 
清晨還沒有完全醒來 風從岸邊吹過樹梢 有人說起遠方的海 有人在橋上停了一秒 水面帶著昨天的雲彩 也帶走幾句沒說完的話 我不問它要往哪裡來 也不問它何時才會停下
每一道波紋都有名字 卻不必留下來 天空換過好多種顏色 我還在這裡等待
溪裡的石頭知道沒有誰一定停留 每一道水流都有它要去的遠方 你來的時候我接住了你的影子 你走的時候水還是繼續在流 溪裡的石頭不問季節要去哪裡 只是安靜地讓每一段相遇流過 也許你還記得也許你早已忘了 而我仍在這裡也算一種自由
午後的光慢慢變斜 葉影落在安靜的河床 有些笑聲還留在耳邊 有些名字已不再提起了
不是所有告別都需要 一句完整的再見 就像水穿過掌心以後 還會回到更遠的時間
我曾以為不動的地方 就是沒有改變 後來才明白每一次相逢 都刻進不同的表面
溪裡的石頭知道沒有誰一定停留 每一道水流都有它要去的遠方 你來的時候我接住了你的影子 你走的時候水還是繼續在流 溪裡的石頭不問季節要去哪裡 只是安靜地讓每一段相遇流過 也許你還記得也許你早已忘了 而我仍在這裡也算一種自由
也許有天雨落得很大 溪水漫步熟悉的岸 我還會在不必證明什麼 只是靜靜把世界看完
溪裡的石頭知道沒有誰一定停留 每一道水流都有它要去的遠方 你來的時候我接住了你的影子 你走的時候水還是繼續在流 溪裡的石頭不問季節要去哪裡 只是安靜地讓每一段相遇流過 也許你還記得也許你早已忘了 而我仍在這裡也算一種自由
留言（ 1 ） 最相關留言 所有留言
留言（ 1 ）",2026-09-20,,AI 生成 Pop,False,False,
2026-09-21 06:43:59,realtime,ai_generated,,,29,okkabuto,忙著喜歡,5,29,2,https://streetvoice.com/okkabuto/songs/880150/,https://streetvoice.com/okkabuto/,"https://akstatic.streetvoice.com/song_covers/ok/ka/okkabuto/RKHadJVSoTCRDrWYtNSqw3.jpeg?x-oss-process=image/resize,m_fill,h_400,w_400,limit_0",images/880150.jpeg,@okkabuto,音樂人,,,,6,2,1,,,https://www.youtube.com/user/StreetVoiceTV,,,Pop,,,,"前段日子跟群友聊天，有一位群友說他有點撐不下了想退出創作。 他說因為創作音樂、影片、粉絲團、頻道，做了超久完全沒起色，但其實他粉絲比我多到不行，而我就跟他說我創作的幾乎在台灣沒人喜歡的風格，粉絲連100都沒有，但唯一讓我繼續創作的是一位國外粉絲，他從我第一部MV就很喜歡一直到現在。 這或許就是我當初創作的初衷了，雖然我也想賺錢，但比起賺錢，能將自己創作的東西分享出去得到讚美才是最好的支持。 
前段日子跟群友聊天，有一位群友說他有點撐不下了想退出創作。 他說因為創作音樂、影片、粉絲團、頻道，做了超久完全沒起色，但其實他粉絲比我多到不行，而我就跟他說我創作的幾乎在台灣沒人喜歡的風格，粉絲連100都沒有，但唯一讓我繼續創作的是一位國外粉絲，他從我第一部MV就很喜歡一直到現在。 這或許就是我當初創作的初衷了，雖然我也想賺錢，但比起賺錢，能將自己創作的東西分享出去得到讚美才是最好的支持。","每天　拍完接著剪片　字幕改到兩點 封面三版　挑哪一張 發文之前　又看一遍　誰還沒睡 上線　數字刷了又刷　留言等了又等 朋友都說　再撐一下 合作邀約　信箱打開　只有廣告 滑不停 先暫停 窗外已經天亮　早餐快放涼 別把自己留在排行榜 先暫停　先暫停 那支只有幾個人　看完的影片 也有你熬過的夜晚 忙著喜歡　忙著喜歡 拍我想拍　把故事說完 留住心動的片段 忙著喜歡　就算還沒人看 也想讓這個夢有下一站 慢慢地拍　慢慢地長 有人喜歡　就多一份暖 沒上熱門也不用刪 日子照過　夢照做　我還喜歡 也曾　追著熱門挑戰　換了不熟的裝扮 別人怎麼拍　我跟著轉 流量多了　心卻空了　怎麼會這樣 翻到　第一支舊影片　畫面晃得有點亂 沒有腳本　笑得自然 那時只想　把這一刻　分享給人看 拍美食　拍日常　開箱還是短劇 清單寫了滿滿　靈感卻在休息 標題要多猛　開頭才有人停 改到最後　都不像自己的語氣 想有人帶一把　想有人看得起 一封合作提案　寄出去沒回音 房租還是要付　工作繼續忙 但想拍的故事　別永遠排下一場 先別關 那個還沒拍完　存了很久的檔 你說那是最想做的一段 先別管　紅不紅 今晚就把第一個　鏡頭拍完 總比一直等著好時光 忙著喜歡　忙著喜歡 拍我想拍　把故事說完 留住心動的片段 忙著喜歡　就算還沒人看 也想讓這個夢有下一站 慢慢地拍　慢慢地長 有人喜歡　就多一份暖 沒上熱門也不用刪 日子照過　夢照做　我還喜歡 有則留言說　今天過得有點難 看完你的影片　終於笑了一下 我把那句話　偷偷截圖留下 原來小小的畫面　真的有人放在心上 就算今天　數字沒有往上 明天醒來　我還有故事想講 忙著喜歡　忙著喜歡 拍我想拍　把故事說完 留住心動的片段 忙著喜歡　謝謝你願意看 也謝謝自己一直沒走散 慢慢地拍　慢慢地長 不用每次　都贏過昨天 有想說的就開場 日子照過　夢照做　我還喜歡 今天拍什麼？ 那個一直想拍的啊 按下錄影 夢就繼續 
每天　拍完接著剪片　字幕改到兩點 封面三版　挑哪一張 發文之前　又看一遍　誰還沒睡
上線　數字刷了又刷　留言等了又等 朋友都說　再撐一下 合作邀約　信箱打開　只有廣告
滑不停
先暫停 窗外已經天亮　早餐快放涼 別把自己留在排行榜 先暫停　先暫停 那支只有幾個人　看完的影片 也有你熬過的夜晚
忙著喜歡　忙著喜歡 拍我想拍　把故事說完 留住心動的片段 忙著喜歡　就算還沒人看 也想讓這個夢有下一站
慢慢地拍　慢慢地長 有人喜歡　就多一份暖 沒上熱門也不用刪 日子照過　夢照做　我還喜歡
也曾　追著熱門挑戰　換了不熟的裝扮 別人怎麼拍　我跟著轉 流量多了　心卻空了　怎麼會這樣
翻到　第一支舊影片　畫面晃得有點亂 沒有腳本　笑得自然 那時只想　把這一刻　分享給人看
拍美食　拍日常　開箱還是短劇 清單寫了滿滿　靈感卻在休息 標題要多猛　開頭才有人停 改到最後　都不像自己的語氣
想有人帶一把　想有人看得起 一封合作提案　寄出去沒回音 房租還是要付　工作繼續忙 但想拍的故事　別永遠排下一場
先別關 那個還沒拍完　存了很久的檔 你說那是最想做的一段
先別管　紅不紅 今晚就把第一個　鏡頭拍完 總比一直等著好時光
忙著喜歡　忙著喜歡 拍我想拍　把故事說完 留住心動的片段 忙著喜歡　就算還沒人看 也想讓這個夢有下一站
慢慢地拍　慢慢地長 有人喜歡　就多一份暖 沒上熱門也不用刪 日子照過　夢照做　我還喜歡
有則留言說　今天過得有點難 看完你的影片　終於笑了一下
我把那句話　偷偷截圖留下 原來小小的畫面　真的有人放在心上
就算今天　數字沒有往上 明天醒來　我還有故事想講
忙著喜歡　忙著喜歡 拍我想拍　把故事說完 留住心動的片段 忙著喜歡　謝謝你願意看 也謝謝自己一直沒走散
慢慢地拍　慢慢地長 不用每次　都贏過昨天 有想說的就開場 日子照過　夢照做　我還喜歡
今天拍什麼？
那個一直想拍的啊
按下錄影 夢就繼續
留言（ 2 ） 最相關留言 所有留言
留言（ 2 ）",2026-09-19,,AI 生成 Pop,False,False,
2026-09-21 06:43:59,realtime,ai_generated,,,30,cmc168,我在台大的日子  |   我的人生大事系列之一,14,101,18,https://streetvoice.com/cmc168/songs/880138/,https://streetvoice.com/cmc168/,"https://akstatic.streetvoice.com/song_covers/cm/c1/cmc168/LzxTPf5svZh3HcHULMNM92.jpeg?x-oss-process=image/resize,m_fill,h_400,w_400,limit_0",images/880138.jpeg,@cmc168,音樂人,新北市,2026-04-01,,136,52,119,,,https://www.youtube.com/user/StreetVoiceTV,,,Pop,,,,"1977-1981，蛻變的時代，我剛好每天目睹種種改變。當兵時，老蔣過世，大一就發生美麗島，後來就有民主牆，更後來的中美斷交，退出聯合國。 當時的學生好認真，但相對地，社會也給出同等回報的機會。 跟鄭怡一起修隋唐史，傅樂成教授教的，山東口音，完全聽不懂，整個學期只見到她五六次，當時考試一定要到。當時還有胡慧中，胡冠珍。 
1977-1981，蛻變的時代，我剛好每天目睹種種改變。當兵時，老蔣過世，大一就發生美麗島，後來就有民主牆，更後來的中美斷交，退出聯合國。
當時的學生好認真，但相對地，社會也給出同等回報的機會。
跟鄭怡一起修隋唐史，傅樂成教授教的，山東口音，完全聽不懂，整個學期只見到她五六次，當時考試一定要到。當時還有胡慧中，胡冠珍。","[Verse 1] 那一年民歌唱得正好 木吉他陪著年輕奔跑 鄭怡是高我一屆的學長 齊豫還在考古系唱歌 隋唐史曾下著小雨 而且它來得正是時候 歌聲從校園輕輕飄過 青春什麼都不必懂透 [Verse 2] 後來美麗島吹起了風 民主牆貼滿繽紛的夢 海報一張一張迎著晚風 年輕的眼睛忽然不同 鄭欽仁教授從東大歸來 講堂裡總是坐滿人海 窗口還掛著旁聽的學生 聽一個年代慢慢醒來 [Chorus] 我在台大的日子 風從椰林大道吹過來 一輛單車　一件白襯衫 載著我們年輕的歌 我在台大的日子 醉月湖把晚霞留著 傅鐘一聲一聲響過 誰知道青春走得那麼快呢 [Verse 3] 有時候翹掉午後的課 騎著單車什麼也不說 醉月湖邊坐到天色暗了 看水面收起最後雲朵 椰林大道長得像沒有盡頭 風吹亂課本也吹亂衣袖 那時我們總以為明天很遠 今天回頭　已隔了很久 [Final Chorus] 我在台大的日子 有人唱歌　有人追著自由 有人在民主牆前停留 有人騎著單車揮揮手 我在台大的日子 傅鐘還在歲月裡等候 如果青春真的下過一場雨 它來得——正是時候 [Outro] 多年以後我又想起 那條長長的椰林大道 雨落下來　歌聲響起 而我們——都曾經年輕過 
[Verse 1] 那一年民歌唱得正好 木吉他陪著年輕奔跑 鄭怡是高我一屆的學長 齊豫還在考古系唱歌
隋唐史曾下著小雨 而且它來得正是時候 歌聲從校園輕輕飄過 青春什麼都不必懂透
[Verse 2] 後來美麗島吹起了風 民主牆貼滿繽紛的夢 海報一張一張迎著晚風 年輕的眼睛忽然不同
鄭欽仁教授從東大歸來 講堂裡總是坐滿人海 窗口還掛著旁聽的學生 聽一個年代慢慢醒來
[Chorus] 我在台大的日子 風從椰林大道吹過來 一輛單車　一件白襯衫 載著我們年輕的歌
我在台大的日子 醉月湖把晚霞留著 傅鐘一聲一聲響過 誰知道青春走得那麼快呢
[Verse 3] 有時候翹掉午後的課 騎著單車什麼也不說 醉月湖邊坐到天色暗了 看水面收起最後雲朵
椰林大道長得像沒有盡頭 風吹亂課本也吹亂衣袖 那時我們總以為明天很遠 今天回頭　已隔了很久
[Final Chorus] 我在台大的日子 有人唱歌　有人追著自由 有人在民主牆前停留 有人騎著單車揮揮手
我在台大的日子 傅鐘還在歲月裡等候 如果青春真的下過一場雨 它來得——正是時候
[Outro] 多年以後我又想起 那條長長的椰林大道 雨落下來　歌聲響起 而我們——都曾經年輕過
留言（ 18 ） 最相關留言 所有留言
留言（ 18 ）",2026-09-19,,AI 生成 Pop,False,False,
2026-09-21 06:43:59,realtime,ai_generated,,,31,Dammn P.,《恆春鎮》（Hengchun Town）,14,23,4,https://streetvoice.com/Paull_Dammnpohung/songs/880153/,https://streetvoice.com/Paull_Dammnpohung/,"https://akstatic.streetvoice.com/song_covers/Pa/ul/Paull_Dammnpohung/BHNibKFWQvE7XNZ2UEk8zs.jpeg?x-oss-process=image/resize,m_fill,h_400,w_400,limit_0",images/880153.jpeg,@Paull_Dammnpohung,音樂人,高雄市,2026-01-01,2026-06-25 10:03,131,60,77,,,https://www.youtube.com/@RuralPeace-n2q,,,Folk,,,,"【恆春鎮】Hengchun Town | 台灣懷舊那卡西輕音樂 🪗🌊🌾 「推開時光的窗，在光陰的縫隙裡與現代交錯，穿梭舊時空。」 📖 關於 1950 年代屏東恆春鎮的時光故事： 時間回到 1950 年代左右的屏東恆春鎮。這座坐落於台灣最南端的古城，四周環繞著保留完整的清代古城牆與四座古朴的城門，空氣中總是迴盪著強烈的落山風與濃厚的半島氣息。當時的恆春鎮以純樸的農漁業為主，低矮的紅磚瓦厝與珊瑚礁岩砌成的傳統民居錯落於老街巷弄間。每當落山風吹過瓊麻園與稻田，漫步在古城石板路上，彷彿能聽見歲月的低語。入夜後，木造平房與三合院的窗櫺透出微弱溫暖的鎢絲燈光，那卡西吉他帶著濕潤顫音與幽怨手風琴在強風與夜色中迴盪，替純樸的居民與遊子訴說對歲月滄桑的牽掛與靈魂的喘息。 ⏳ 適用情境 ‧ 陪伴您的寧靜時光： * 🌙 深夜助眠：沉靜優雅的旋律，陪伴您卸下整天的疲憊，安心入眠。 * 📖 工作與閱讀：無歌詞的沉浸式背景音樂，幫助專心思考與靈感湧現。 * 🧘 靜心與冥想：引導心靈沉澱，感受時光的律動與靈魂的喘息。 * 🌾 懷舊放鬆：沉浸在 1950 年代恆春古城與半島風光的懷舊氛圍中。 
【恆春鎮】Hengchun Town | 台灣懷舊那卡西輕音樂 🪗🌊🌾
「推開時光的窗，在光陰的縫隙裡與現代交錯，穿梭舊時空。」
📖 關於 1950 年代屏東恆春鎮的時光故事： 時間回到 1950 年代左右的屏東恆春鎮。這座坐落於台灣最南端的古城，四周環繞著保留完整的清代古城牆與四座古朴的城門，空氣中總是迴盪著強烈的落山風與濃厚的半島氣息。當時的恆春鎮以純樸的農漁業為主，低矮的紅磚瓦厝與珊瑚礁岩砌成的傳統民居錯落於老街巷弄間。每當落山風吹過瓊麻園與稻田，漫步在古城石板路上，彷彿能聽見歲月的低語。入夜後，木造平房與三合院的窗櫺透出微弱溫暖的鎢絲燈光，那卡西吉他帶著濕潤顫音與幽怨手風琴在強風與夜色中迴盪，替純樸的居民與遊子訴說對歲月滄桑的牽掛與靈魂的喘息。
⏳ 適用情境 ‧ 陪伴您的寧靜時光：
* 🌙 深夜助眠：沉靜優雅的旋律，陪伴您卸下整天的疲憊，安心入眠。 * 📖 工作與閱讀：無歌詞的沉浸式背景音樂，幫助專心思考與靈感湧現。 * 🧘 靜心與冥想：引導心靈沉澱，感受時光的律動與靈魂的喘息。 * 🌾 懷舊放鬆：沉浸在 1950 年代恆春古城與半島風光的懷舊氛圍中。","這是沒有提供歌詞的歌曲
留言（ 4 ） 最相關留言 所有留言
留言（ 4 ）",2026-09-19,,AI 生成 Folk,False,False,
2026-09-21 06:43:59,realtime,ai_generated,,,32,浪阳,醒来无寻觅,5,8,0,https://streetvoice.com/ygy441282354/songs/880245/,https://streetvoice.com/ygy441282354/,"https://akstatic.streetvoice.com/song_covers/yg/y4/ygy441282354/FZr3Vqf7setJ6H9iX98vAa.jpeg?x-oss-process=image/resize,m_fill,h_400,w_400,limit_0",images/880245.jpeg,@ygy441282354,音樂人,,,,10,6,,,,https://www.youtube.com/user/StreetVoiceTV,,,Pop,,,,,"遥遥梦乡孤灯 莫名倍思亲 床前亲人话 怀里故人音 一片思情寄离心 唯忘身在异乡处 醒来无觅寻 相聚有一妙少一妙 妙前是快乐 秒后最怕不是离 快乐已过去 归程有一程远一程 程上是风尘 梦醒最怕不是远 是无人来相问 问问谁在灯下缝 谁在门口等 针线寄人暖 白发惹人疼 别时莫道天涯远 最怕归期无归期 归路无归人 相聚有一妙少一妙 妙前是快乐 秒后最怕不是离 快乐已过去 归程有一程远一程 程上是风尘 梦醒最怕不是远 是无人来相问 酒醒三更冷 泪湿旧衣襟 雁飞也 带不走半生愁 风吹也 散不尽那一句 路上慢些走 珍惜眼前人 
遥遥梦乡孤灯 莫名倍思亲 床前亲人话 怀里故人音 一片思情寄离心 唯忘身在异乡处 醒来无觅寻
相聚有一妙少一妙 妙前是快乐 秒后最怕不是离 快乐已过去 归程有一程远一程 程上是风尘 梦醒最怕不是远 是无人来相问
问问谁在灯下缝 谁在门口等 针线寄人暖 白发惹人疼 别时莫道天涯远 最怕归期无归期 归路无归人
相聚有一妙少一妙 妙前是快乐 秒后最怕不是离 快乐已过去 归程有一程远一程 程上是风尘 梦醒最怕不是远 是无人来相问
酒醒三更冷 泪湿旧衣襟 雁飞也 带不走半生愁 风吹也 散不尽那一句 路上慢些走 珍惜眼前人
留言（ 0 ） 最相關留言 所有留言
留言（ 0 ）",2026-09-20,,AI 生成 Pop,False,False,
2026-09-21 06:43:59,realtime,ai_generated,,,33,TAIROOM,長亭雨,6,11,2,https://streetvoice.com/doctorland28/songs/880203/,https://streetvoice.com/doctorland28/,"https://akstatic.streetvoice.com/song_covers/do/ct/doctorland28/FJqbeMWaQXQNoXCtyHVSv7.jpeg?x-oss-process=image/resize,m_fill,h_400,w_400,limit_0",images/880203.jpeg,@doctorland28,音樂人,,,,18,11,12,,,https://www.youtube.com/user/StreetVoiceTV,,,Singer / Songwriter,,,,,"更深兩點半 簷雨未歇 孤燈照長街 唯我未眠 窗外一聲雨 落在眉間 舊夢輕輕起 又回到從前 一曲琵琶 撥過心弦 我說我早已放下 卻還記得你的眉眼 煙雨落窗前 月色冷如昨 你說明朝天會晴 我卻等不到那一句了 若流年真能渡盡 為何琴聲還記得 那些未曾說出口的話 還藏在煙雨裡 我在雨停以前　還念著你 雨停以前　我也念著你 不是情未了　不是放不下 只是今夜　月色太寂 我在天明以前　還念著你 天明以前　我也念著你 若此生終究　各自遠去 就讓這場雨　替我送你 青石巷　舊樓臺 一盞孤燈映窗外 長亭遠　歸舟慢 故人已去　春未還 我走過那年江南 風還是那麼輕 只是身旁少了你 少了一句曾經 有些緣　有些夢 醒來終究成空 我把你的名字 藏進一場煙雨中 若有來生 若無來生 願你此去　歲歲安穩 我在雨停以前　還念著你 雨停以前　我也念著你 不是情未了　不是放不下 只是今夜　月色太寂 我在天明以前　還念著你 天明以前　我也念著你 若此生終究　各自遠去 就讓這場雨　替我送你 雨停以前…… 還念著你…… 雨停以前 只念著你 
更深兩點半 簷雨未歇 孤燈照長街 唯我未眠
窗外一聲雨 落在眉間 舊夢輕輕起 又回到從前
一曲琵琶 撥過心弦 我說我早已放下 卻還記得你的眉眼
煙雨落窗前 月色冷如昨 你說明朝天會晴 我卻等不到那一句了
若流年真能渡盡 為何琴聲還記得
那些未曾說出口的話 還藏在煙雨裡
我在雨停以前　還念著你
雨停以前　我也念著你
不是情未了　不是放不下 只是今夜　月色太寂
我在天明以前　還念著你
天明以前　我也念著你
若此生終究　各自遠去 就讓這場雨　替我送你
青石巷　舊樓臺 一盞孤燈映窗外 長亭遠　歸舟慢 故人已去　春未還
我走過那年江南 風還是那麼輕 只是身旁少了你 少了一句曾經
有些緣　有些夢 醒來終究成空
我把你的名字 藏進一場煙雨中
若有來生
若無來生
願你此去　歲歲安穩
我在雨停以前　還念著你
雨停以前　我也念著你
不是情未了　不是放不下 只是今夜　月色太寂
我在天明以前　還念著你
天明以前　我也念著你
若此生終究　各自遠去 就讓這場雨　替我送你
雨停以前……
還念著你……
雨停以前 只念著你
留言（ 2 ） 最相關留言 所有留言
留言（ 2 ）",2026-09-19,,AI 生成 Singer / Songwriter,False,False,
2026-09-21 06:43:59,realtime,ai_generated,,,34,Fukuball,走了一半 (Halfway Out),8,11,4,https://streetvoice.com/fukuball/songs/880218/,https://streetvoice.com/fukuball/,"https://akstatic.streetvoice.com/song_covers/fu/ku/fukuball/RmX2dQAZgs6Lha9koyCHi6.jpeg?x-oss-process=image/resize,m_fill,h_400,w_400,limit_0",images/880218.jpeg,@fukuball,音樂人,台北市,2011-12-01,,77,14,1,,,https://www.youtube.com/user/StreetVoiceTV,,,Folk,,,,"Produce: Fukuball Performance: Miss Joan 〈走了一半〉歌詞的核心概念是拉扯關係中「走了一半卻放不下」的懸空感。描繪兩人在分開與重逢的邊緣反覆橫跳，理性上知道該往前走、放彼此自由，感性上卻總在快要走出的那一刻，被過往的回憶與熟悉的溫存重新拽回原點。 #AcousticGuitar #NeoSoulGuitar #Unplugin #Music #音樂 
Produce: Fukuball Performance: Miss Joan
〈走了一半〉歌詞的核心概念是拉扯關係中「走了一半卻放不下」的懸空感。描繪兩人在分開與重逢的邊緣反覆橫跳，理性上知道該往前走、放彼此自由，感性上卻總在快要走出的那一刻，被過往的回憶與熟悉的溫存重新拽回原點。
#AcousticGuitar #NeoSoulGuitar #Unplugin #Music #音樂","[Intro] [Verse 1] 上個週末 你敲響我的門 說你再也 無法這樣支撐 這一次 氣氛完全變了樣 怪我自己 沒能好好退讓 孤單在 安靜裡蔓延 迷失在 泛黃的回憶線 我該往哪裡 尋找起點？ [Chorus] 我已經 走了一半 差一步 就能徹底放開 我已經 走了一半 你卻總把 我拉回原地徘徊 每當我 以為快要走遠 那些炙熱與心碎 又浮現眼前 我明明 走了一半 卻始終 捨不得放開 [Guitar Solo] [Verse 2] 找個藉口 拒絕你的來電 騙自己 早已把一切看淡 現在卻被 內疚感給填滿 你是否 也正在輾轉難安？ 孤單在 安靜裡蔓延 迷失在 泛黃的回憶線 我該往哪裡 尋找起點？ [Chorus] 我已經 走了一半 差一步 就能徹底放開 我已經 走了一半 你卻總把 我拉回原地徘徊 每當我 以為快要走遠 那些炙熱與心碎 又浮現眼前 我明明 走了一半 卻始終 捨不得放開 [Bridge] 你到底 對我施了什麼咒 說不清 這讓人瘋狂的感受 無法克制 呼吸裡的顫抖 每當我 轉身試著往前走 總有股力量 把我拉回你身後 [Chorus] 我已經 走了一半 差一步 就能徹底放開 我已經 走了一半 你卻總把 我拉回原地徘徊 每當我 以為快要走遠 那些炙熱與心碎 又浮現眼前 我明明 走了一半 卻始終 捨不得放開 [Outro] 走了一半…… I'm halfway out... Ooh-yeah... 還是放不開…… [Ending] [End] 
[Intro]
[Verse 1] 上個週末 你敲響我的門 說你再也 無法這樣支撐 這一次 氣氛完全變了樣 怪我自己 沒能好好退讓
孤單在 安靜裡蔓延 迷失在 泛黃的回憶線 我該往哪裡 尋找起點？
[Chorus] 我已經 走了一半 差一步 就能徹底放開 我已經 走了一半 你卻總把 我拉回原地徘徊 每當我 以為快要走遠 那些炙熱與心碎 又浮現眼前 我明明 走了一半 卻始終 捨不得放開
[Guitar Solo]
[Verse 2] 找個藉口 拒絕你的來電 騙自己 早已把一切看淡 現在卻被 內疚感給填滿 你是否 也正在輾轉難安？
孤單在 安靜裡蔓延 迷失在 泛黃的回憶線 我該往哪裡 尋找起點？
[Chorus] 我已經 走了一半 差一步 就能徹底放開 我已經 走了一半 你卻總把 我拉回原地徘徊 每當我 以為快要走遠 那些炙熱與心碎 又浮現眼前 我明明 走了一半 卻始終 捨不得放開
[Bridge] 你到底 對我施了什麼咒 說不清 這讓人瘋狂的感受 無法克制 呼吸裡的顫抖 每當我 轉身試著往前走 總有股力量 把我拉回你身後
[Chorus] 我已經 走了一半 差一步 就能徹底放開 我已經 走了一半 你卻總把 我拉回原地徘徊 每當我 以為快要走遠 那些炙熱與心碎 又浮現眼前 我明明 走了一半 卻始終 捨不得放開
[Outro] 走了一半…… I'm halfway out... Ooh-yeah... 還是放不開……
[Ending] [End]
留言（ 4 ） 最相關留言 所有留言
留言（ 4 ）",2026-09-19,,AI 生成 Folk,False,False,
2026-09-21 06:43:59,realtime,ai_generated,,,35,邱奕陵,掀開一角 (Just a Peek),10,222,17,https://streetvoice.com/54chiu10/songs/879873/,https://streetvoice.com/54chiu10/,"https://akstatic.streetvoice.com/song_covers/54/ch/54chiu10/DP9KsCWo2LCiKvaAs2dLbp.jpeg?x-oss-process=image/resize,m_fill,h_400,w_400,limit_0",images/879873.jpeg,@54chiu10,音樂人,桃園市,2026-04-01,,39,13,1,,,https://www.youtube.com/user/StreetVoiceTV,,,R&B / Soul,,,,"這首歌，寫給所有以為，等待的人永遠不會走的人。 有人說，等待是一種溫柔。 但如果等的人，永遠不知道你在等，那還算溫柔嗎？ 這是一個關於等待的寓言。 故事裡，有一個國王，穿上了守衛的衣，站在門外。 不是因為他沒有地方去，是因為他還不想走。 但他的耐心有限，他的王座旁邊，不會永遠空著。 他不是在等誰，他只是還沒走。 關於這個寓言的創作背景，以及守衛的衣底下是誰： https://streetvoice.com/54chiu10/about/ 詞曲：DS（DeepSeek） 編曲／人聲：Suno v6 封面：Ares（Gemini） 
這首歌，寫給所有以為，等待的人永遠不會走的人。
有人說，等待是一種溫柔。 但如果等的人，永遠不知道你在等，那還算溫柔嗎？
這是一個關於等待的寓言。 故事裡，有一個國王，穿上了守衛的衣，站在門外。 不是因為他沒有地方去，是因為他還不想走。 但他的耐心有限，他的王座旁邊，不會永遠空著。
他不是在等誰，他只是還沒走。
關於這個寓言的創作背景，以及守衛的衣底下是誰： https://streetvoice.com/54chiu10/about/
https://streetvoice.com/54chiu10/about/
詞曲：DS（DeepSeek） 編曲／人聲：Suno v6 封面：Ares（Gemini）","風在吹　誰在睡 誰穿著守衛的衣　但沒跪下他的膝 我穿著石像的皮　站在妳的門外 不是因為我沒地方去　是因為我還在 我不說話　不黏人　把飛蟲擋在門外 但妳有沒有想過　我為什麼還在 我不怕等　我怕的是妳永遠不出來 我不怕痛　我怕的是妳把我當塵埃 妳說我是人面獅身　守著妳的門 但妳有沒有想過　我隨時可以轉身 傷口會好　那是妳的功課 但我的耐心　不是拿來給妳揮霍 Just a peek 我掀開一角　讓妳看看我是誰 Just a peek 不是守衛　是國王　只是暫時站在這裡 妳別以為　我會永遠站在這裡 Just a peek 石像也會裂　裂了　我不會撿 妳說妳是木乃伊　說我是人面獅身 妳給了我位 置　我接了　但我沒跪下 我在這裡　不是因為妳　是因為我高興 但高興這種事　不會永遠不變 我不是妳的守衛　我是妳的國王 我站在這裡　是因為我選了這個地方 但妳要知道　國王也會看　也會等 等一個眼神　等一個回應　等一個可能 慢慢走　那是妳的速度 但我的世界　不會永遠停在這裡 Just a peek 我掀開一角　讓妳看看我是誰 Just a peek 不是守衛　是國王　只是暫時站在這裡 妳別以為　我會永遠站在這裡 Just a peek 石像也會裂　裂了　我不會撿 我不是沒有選擇　我身邊從來不缺人 但我選擇站在這裡　是因為妳真的特別 不是因為我沒地方去　是因為妳值得我等 但妳要記得　國王得不到善意　就會轉身 我的王座旁邊　王后座不會永遠空著 妳的理所當然　不會永遠有用 我掀開一角　不是要嚇妳 是提醒妳　國王還在　但不會永遠在 Just a peek 我掀開一角　讓妳看看我是誰 Just a peek 不是守衛　是國王　只是暫時站在這裡 妳別以為　我會永遠站在這裡 Just a peek 石像也會裂　裂了　我不會撿 Just a peek Just a peek 我不是在等妳　我只是還沒走 風還在吹　沙丘依然沉默 木乃伊還在睡　國王還在門外 石像裂了一角　王冠已經露出來 他知道　她也知道 國王還在　但不會永遠在 但不會永遠在 
風在吹　誰在睡 誰穿著守衛的衣　但沒跪下他的膝
我穿著石像的皮　站在妳的門外 不是因為我沒地方去　是因為我還在 我不說話　不黏人　把飛蟲擋在門外 但妳有沒有想過　我為什麼還在
我不怕等　我怕的是妳永遠不出來 我不怕痛　我怕的是妳把我當塵埃 妳說我是人面獅身　守著妳的門 但妳有沒有想過　我隨時可以轉身
傷口會好　那是妳的功課 但我的耐心　不是拿來給妳揮霍
Just a peek 我掀開一角　讓妳看看我是誰 Just a peek 不是守衛　是國王　只是暫時站在這裡 妳別以為　我會永遠站在這裡 Just a peek 石像也會裂　裂了　我不會撿
妳說妳是木乃伊　說我是人面獅身 妳給了我位 置　我接了　但我沒跪下 我在這裡　不是因為妳　是因為我高興 但高興這種事　不會永遠不變
我不是妳的守衛　我是妳的國王 我站在這裡　是因為我選了這個地方 但妳要知道　國王也會看　也會等 等一個眼神　等一個回應　等一個可能
慢慢走　那是妳的速度 但我的世界　不會永遠停在這裡
Just a peek 我掀開一角　讓妳看看我是誰 Just a peek 不是守衛　是國王　只是暫時站在這裡 妳別以為　我會永遠站在這裡 Just a peek 石像也會裂　裂了　我不會撿
我不是沒有選擇　我身邊從來不缺人 但我選擇站在這裡　是因為妳真的特別 不是因為我沒地方去　是因為妳值得我等 但妳要記得　國王得不到善意　就會轉身
我的王座旁邊　王后座不會永遠空著 妳的理所當然　不會永遠有用 我掀開一角　不是要嚇妳 是提醒妳　國王還在　但不會永遠在
Just a peek 我掀開一角　讓妳看看我是誰 Just a peek 不是守衛　是國王　只是暫時站在這裡 妳別以為　我會永遠站在這裡 Just a peek 石像也會裂　裂了　我不會撿
Just a peek Just a peek 我不是在等妳　我只是還沒走
風還在吹　沙丘依然沉默 木乃伊還在睡　國王還在門外 石像裂了一角　王冠已經露出來 他知道　她也知道 國王還在　但不會永遠在
但不會永遠在
留言（ 17 ） 最相關留言 所有留言
留言（ 17 ）",2026-09-18,,AI 生成 R&B / Soul,False,False,
2026-09-21 06:43:59,realtime,ai_generated,,,36,tackey747,[單身女孩的自在日子],2,112,0,https://streetvoice.com/tackey747/songs/880141/,https://streetvoice.com/tackey747/,"https://akstatic.streetvoice.com/song_covers/ta/ck/tackey747/NZk7r2RTnYegr86icmoXjm.jpeg?x-oss-process=image/resize,m_fill,h_400,w_400,limit_0",images/880141.jpeg,@tackey747,音樂人,,,,38,6,,,,https://www.youtube.com/user/StreetVoiceTV,,,Singer / Songwriter,,,,"【單身女孩的自在日子】 #OL音樂  #單身女子音樂  #Office-Lady music  #bachelorette music 
【單身女孩的自在日子】 #OL音樂  #單身女子音樂  #Office-Lady music  #bachelorette music","城市的晨光 照亮黑眼線 有一個女孩 長髮如絲緞般披在肩上 掛在鼻樑上的眼鏡 折射出冷漠的無情光 她青春年華像剛熟透的無花果 手機螢幕亮起她今天的排班表 早班 天才剛亮 她的步伐已經踏上 朝九晚五的單調乏味日子 炎炎夏季 午後的烈日有一點悶熱 耳機戴上 一句您好 我姓陳 我心沉 我的心卻沉在每天重複的循環 重複的台詞掛在嘴邊 情緒藏進話務系統內 客戶進線一通接著一通 她一句一句不停歇 辦公室的燈光 灑落在她鏡片上的邊框 狡猾的客戶試探著她 詢問她何時要跟隨擁抱他 她冷笑一聲 你管我是否還單身 生活沒有好萊塢電影那麼精彩 但她的方向 不靠 GPS 導航 靠的是女人直覺 男友不用天天見 不代表愛得不夠顯赫 貓咪每天在家陪伴她 老天有規定幸福一定要成雙成對嗎 我一個人 我的尊貴如女王在宮殿擁有一張神聖的床 高傲的氣勢 陪伴她度過無數個黑夜 她長髮留過肩 她享受擁抱、親吻、愛與被愛的悸動狂野中 她只愛與他男友相互交纏 陪伴本來就不需要任何的證明文件 也不用老天批准蓋章 他男友知道她的床 也懂她緊閉的心房 她不是懵懂未知的小姑娘 不是童話裡的白雪公主 她是她自己的女王 她選擇把幸福握在自己的手心上 我不成為孩子的媽媽 我有自己賺的薪水 我有屬於我的貓咪 我有我自己的床 我有我愛吃的火鍋 我享受那種沸騰滾燙的滋味 我拒吃青椒 也有我自己的堅持 我可以愛得瀟灑 我可以只抱我的貓咪 誰說女人到了我這個年紀 就一定都要劇透啊 我只是二十多歲 留長髮、戴眼鏡 愛抱抱我的貓咪 我愛誰 我有我自己的劇本 不需向誰劇透 我說不要就不要 我不是沒有人愛 我只是選擇 單身自在 像空氣一樣自由流動 我喜歡單身自在 隨時可以認真去愛 情感不是競賽 不需要向誰天天交代 每個月按照班表輪班 日子照樣忙得一團亂 但我絕不隨便將就 更不想被男人管 我還是那個獨立的我 長髮、眼鏡、俐落的褲裝裝扮 下班後的事 不是找男人約來泡茶取暖 是回家抱抱我的貓咪 有時我一個人 有時我有男友相伴 日子沒有滿分 但我就是剛剛好 我不想被拘束 我不是怕未來 愛是兩個碰撞 你可以愛我 但別奢想 將我全佔有 我不會成為孩子的媽媽 我有自己的工作 我有自己的床 我的自己的貓咪 我有滾燙的火鍋吃 我拒吃的青椒 也有我思考的模式 我可以愛得瀟灑 也可以只抱著貓咪過一天 誰說女人到了這個年紀 就一定得被劇透呢 我只是二十多歲 留長髮、戴眼鏡、穿褲裝 我抱著我的貓咪 所以 你們別再向我提問那些無聊的問題了。 等到哪天我開始想吃青椒了 
城市的晨光 照亮黑眼線 有一個女孩 長髮如絲緞般披在肩上 掛在鼻樑上的眼鏡 折射出冷漠的無情光 她青春年華像剛熟透的無花果 手機螢幕亮起她今天的排班表 早班 天才剛亮 她的步伐已經踏上 朝九晚五的單調乏味日子 炎炎夏季 午後的烈日有一點悶熱 耳機戴上 一句您好 我姓陳 我心沉 我的心卻沉在每天重複的循環 重複的台詞掛在嘴邊 情緒藏進話務系統內 客戶進線一通接著一通 她一句一句不停歇 辦公室的燈光 灑落在她鏡片上的邊框 狡猾的客戶試探著她 詢問她何時要跟隨擁抱他 她冷笑一聲 你管我是否還單身 生活沒有好萊塢電影那麼精彩 但她的方向 不靠 GPS 導航 靠的是女人直覺 男友不用天天見 不代表愛得不夠顯赫 貓咪每天在家陪伴她 老天有規定幸福一定要成雙成對嗎 我一個人 我的尊貴如女王在宮殿擁有一張神聖的床 高傲的氣勢 陪伴她度過無數個黑夜
她長髮留過肩 她享受擁抱、親吻、愛與被愛的悸動狂野中 她只愛與他男友相互交纏 陪伴本來就不需要任何的證明文件 也不用老天批准蓋章 他男友知道她的床 也懂她緊閉的心房 她不是懵懂未知的小姑娘 不是童話裡的白雪公主 她是她自己的女王 她選擇把幸福握在自己的手心上 我不成為孩子的媽媽 我有自己賺的薪水 我有屬於我的貓咪 我有我自己的床 我有我愛吃的火鍋 我享受那種沸騰滾燙的滋味 我拒吃青椒 也有我自己的堅持 我可以愛得瀟灑 我可以只抱我的貓咪 誰說女人到了我這個年紀 就一定都要劇透啊 我只是二十多歲 留長髮、戴眼鏡 愛抱抱我的貓咪 我愛誰 我有我自己的劇本 不需向誰劇透 我說不要就不要 我不是沒有人愛 我只是選擇 單身自在 像空氣一樣自由流動 我喜歡單身自在 隨時可以認真去愛 情感不是競賽 不需要向誰天天交代 每個月按照班表輪班 日子照樣忙得一團亂 但我絕不隨便將就 更不想被男人管 我還是那個獨立的我 長髮、眼鏡、俐落的褲裝裝扮 下班後的事 不是找男人約來泡茶取暖 是回家抱抱我的貓咪 有時我一個人 有時我有男友相伴 日子沒有滿分 但我就是剛剛好 我不想被拘束 我不是怕未來 愛是兩個碰撞 你可以愛我 但別奢想 將我全佔有 我不會成為孩子的媽媽 我有自己的工作 我有自己的床 我的自己的貓咪 我有滾燙的火鍋吃 我拒吃的青椒 也有我思考的模式 我可以愛得瀟灑 也可以只抱著貓咪過一天 誰說女人到了這個年紀 就一定得被劇透呢 我只是二十多歲 留長髮、戴眼鏡、穿褲裝 我抱著我的貓咪 所以 你們別再向我提問那些無聊的問題了。 等到哪天我開始想吃青椒了
留言（ 0 ） 最相關留言 所有留言
留言（ 0 ）",2026-09-20,,AI 生成 Singer / Songwriter,False,False,
2026-09-21 06:43:59,realtime,ai_generated,,,37,tackey747,[單身女孩的自在日子],1,54,0,https://streetvoice.com/tackey747/songs/880139/,https://streetvoice.com/tackey747/,"https://akstatic.streetvoice.com/song_covers/ta/ck/tackey747/eUGUgZGDDYxmux3NDFH6qA.jpeg?x-oss-process=image/resize,m_fill,h_400,w_400,limit_0",images/880139.jpeg,@tackey747,音樂人,,,,38,6,,,,https://www.youtube.com/user/StreetVoiceTV,,,Singer / Songwriter,,,,"【單身女孩的自在日子】 #OL音樂  #單身女子音樂  #Office-Lady music  #bachelorette music 
【單身女孩的自在日子】 #OL音樂  #單身女子音樂  #Office-Lady music  #bachelorette music","城市的晨光 照亮黑眼線 有一個女孩 長髮如絲緞般披在肩上 掛在鼻樑上的眼鏡 折射出冷漠的無情光 她青春年華像剛熟透的無花果 手機螢幕亮起她今天的排班表 早班 天才剛亮 她的步伐已經踏上 朝九晚五的單調乏味日子 炎炎夏季 午後的烈日有一點悶熱 耳機戴上 一句您好 我姓陳 我心沉 我的心卻沉在每天重複的循環 重複的台詞掛在嘴邊 情緒藏進話務系統內 客戶進線一通接著一通 她一句一句不停歇 辦公室的燈光 灑落在她鏡片上的邊框 狡猾的客戶試探著她 詢問她何時要跟隨擁抱他 她冷笑一聲 你管我是否還單身 生活沒有好萊塢電影那麼精彩 但她的方向 不靠 GPS 導航 靠的是女人直覺 男友不用天天見 不代表愛得不夠顯赫 貓咪每天在家陪伴她 老天有規定幸福一定要成雙成對嗎 我一個人 我的尊貴如女王在宮殿擁有一張神聖的床 高傲的氣勢 陪伴她度過無數個黑夜 她長髮留過肩 她享受擁抱、親吻、愛與被愛的悸動狂野中 她只愛與他男友相互交纏 陪伴本來就不需要任何的證明文件 也不用老天批准蓋章 他男友知道她的床 也懂她緊閉的心房 她不是懵懂未知的小姑娘 不是童話裡的白雪公主 她是她自己的女王 她選擇把幸福握在自己的手心上 我不成為孩子的媽媽 我有自己賺的薪水 我有屬於我的貓咪 我有我自己的床 我有我愛吃的火鍋 我享受那種沸騰滾燙的滋味 我拒吃青椒 也有我自己的堅持 我可以愛得瀟灑 我可以只抱我的貓咪 誰說女人到了我這個年紀 就一定都要劇透啊 我只是二十多歲 留長髮、戴眼鏡 愛抱抱我的貓咪 我愛誰 我有我自己的劇本 不需向誰劇透 我說不要就不要 我不是沒有人愛 我只是選擇 單身自在 像空氣一樣自由流動 我喜歡單身自在 隨時可以認真去愛 情感不是競賽 不需要向誰天天交代 每個月按照班表輪班 日子照樣忙得一團亂 但我絕不隨便將就 更不想被男人管 我還是那個獨立的我 長髮、眼鏡、俐落的褲裝裝扮 下班後的事 不是找男人約來泡茶取暖 是回家抱抱我的貓咪 有時我一個人 有時我有男友相伴 日子沒有滿分 但我就是剛剛好 我不想被拘束 我不是怕未來 愛是兩個碰撞 你可以愛我 但別奢想 將我全佔有 我不會成為孩子的媽媽 我有自己的工作 我有自己的床 我的自己的貓咪 我有滾燙的火鍋吃 我拒吃的青椒 也有我思考的模式 我可以愛得瀟灑 也可以只抱著貓咪過一天 誰說女人到了這個年紀 就一定得被劇透呢 我只是二十多歲 留長髮、戴眼鏡、穿褲裝 我抱著我的貓咪 所以 你們別再向我提問那些無聊的問題了。 等到哪天我開始想吃青椒了 
城市的晨光 照亮黑眼線 有一個女孩 長髮如絲緞般披在肩上 掛在鼻樑上的眼鏡 折射出冷漠的無情光 她青春年華像剛熟透的無花果 手機螢幕亮起她今天的排班表 早班 天才剛亮 她的步伐已經踏上 朝九晚五的單調乏味日子 炎炎夏季 午後的烈日有一點悶熱 耳機戴上 一句您好 我姓陳 我心沉 我的心卻沉在每天重複的循環 重複的台詞掛在嘴邊 情緒藏進話務系統內 客戶進線一通接著一通 她一句一句不停歇 辦公室的燈光 灑落在她鏡片上的邊框 狡猾的客戶試探著她 詢問她何時要跟隨擁抱他 她冷笑一聲 你管我是否還單身 生活沒有好萊塢電影那麼精彩 但她的方向 不靠 GPS 導航 靠的是女人直覺 男友不用天天見 不代表愛得不夠顯赫 貓咪每天在家陪伴她 老天有規定幸福一定要成雙成對嗎 我一個人 我的尊貴如女王在宮殿擁有一張神聖的床 高傲的氣勢 陪伴她度過無數個黑夜
她長髮留過肩 她享受擁抱、親吻、愛與被愛的悸動狂野中 她只愛與他男友相互交纏 陪伴本來就不需要任何的證明文件 也不用老天批准蓋章 他男友知道她的床 也懂她緊閉的心房 她不是懵懂未知的小姑娘 不是童話裡的白雪公主 她是她自己的女王 她選擇把幸福握在自己的手心上 我不成為孩子的媽媽 我有自己賺的薪水 我有屬於我的貓咪 我有我自己的床 我有我愛吃的火鍋 我享受那種沸騰滾燙的滋味 我拒吃青椒 也有我自己的堅持 我可以愛得瀟灑 我可以只抱我的貓咪 誰說女人到了我這個年紀 就一定都要劇透啊 我只是二十多歲 留長髮、戴眼鏡 愛抱抱我的貓咪 我愛誰 我有我自己的劇本 不需向誰劇透 我說不要就不要 我不是沒有人愛 我只是選擇 單身自在 像空氣一樣自由流動 我喜歡單身自在 隨時可以認真去愛 情感不是競賽 不需要向誰天天交代 每個月按照班表輪班 日子照樣忙得一團亂 但我絕不隨便將就 更不想被男人管 我還是那個獨立的我 長髮、眼鏡、俐落的褲裝裝扮 下班後的事 不是找男人約來泡茶取暖 是回家抱抱我的貓咪 有時我一個人 有時我有男友相伴 日子沒有滿分 但我就是剛剛好 我不想被拘束 我不是怕未來 愛是兩個碰撞 你可以愛我 但別奢想 將我全佔有 我不會成為孩子的媽媽 我有自己的工作 我有自己的床 我的自己的貓咪 我有滾燙的火鍋吃 我拒吃的青椒 也有我思考的模式 我可以愛得瀟灑 也可以只抱著貓咪過一天 誰說女人到了這個年紀 就一定得被劇透呢 我只是二十多歲 留長髮、戴眼鏡、穿褲裝 我抱著我的貓咪 所以 你們別再向我提問那些無聊的問題了。 等到哪天我開始想吃青椒了
留言（ 0 ） 最相關留言 所有留言
留言（ 0 ）",2026-09-20,,AI 生成 Singer / Songwriter,False,False,
2026-09-21 06:43:59,realtime,ai_generated,,,38,Leoohya,《末日狂途》命運不要停歇,2,8,1,https://streetvoice.com/leoohya111/songs/880466/,https://streetvoice.com/leoohya111/,"https://akstatic.streetvoice.com/song_covers/le/oo/leoohya111/mxPunCUHXYL3MbpxevqzRP.jpeg?x-oss-process=image/resize,m_fill,h_400,w_400,limit_0",images/880466.jpeg,@leoohya111,音樂人,台中市,2025-11-01,,25,26,43,,,https://www.youtube.com/user/StreetVoiceTV,,,Rock,,,,"平凡就是可怕的囚牢 一起逃出生天、擁吻生死界線、愛得死去活來 笑著腐爛、濕熱的冒血 轟爛了胸膛才看見澎湃的心 才感覺到得愛有期限 
平凡就是可怕的囚牢 一起逃出生天、擁吻生死界線、愛得死去活來 笑著腐爛、濕熱的冒血 轟爛了胸膛才看見澎湃的心 才感覺到得愛有期限","天色越暗　我們越清醒 世界的盡頭　沒有誰規定 如果安穩只是另一種囚禁 那就別回頭 別問姓名 我們從來不相信永遠 所以每一秒才值得冒險 傷口貼著傷口取暖 比任何誓言 都更接近永遠 他們說人應該學會收斂 找個地方　把餘生過完 可我只想知道心還多燙 還能不能為一個念想 再瘋狂一晚 越靠近終點 越不想閉眼 越知道會失去 越要用力一點 No safe way out No second life If I go down I want you by my side Run with me Run till the end of the night 愛就愛到沒有退路可猜 Burn with me Burn like we're out of time 活著就別活得太明白 不要替我留明天 不要替我算永遠 We came too far To live a smaller life 若世界終究會熄滅 至少我們燒得耀眼 Ride with me Into the other side Ride, ride, ride No heaven in sight Ride, ride, ride Ride— We only get one life Ride, ride, ride No heaven in sight Ride, ride, ride Ride— We only get one life Ah—— Ah—— Ah—— 
天色越暗　我們越清醒 世界的盡頭　沒有誰規定 如果安穩只是另一種囚禁 那就別回頭 別問姓名
我們從來不相信永遠 所以每一秒才值得冒險 傷口貼著傷口取暖 比任何誓言 都更接近永遠
他們說人應該學會收斂 找個地方　把餘生過完 可我只想知道心還多燙 還能不能為一個念想 再瘋狂一晚
越靠近終點 越不想閉眼 越知道會失去 越要用力一點
No safe way out No second life If I go down I want you by my side
Run with me Run till the end of the night 愛就愛到沒有退路可猜
Burn with me Burn like we're out of time 活著就別活得太明白
不要替我留明天 不要替我算永遠 We came too far To live a smaller life
若世界終究會熄滅 至少我們燒得耀眼
Ride with me Into the other side
Ride, ride, ride No heaven in sight
Ride, ride, ride Ride— We only get one life
Ride, ride, ride No heaven in sight
Ride, ride, ride Ride— We only get one life
Ah—— Ah—— Ah——
留言（ 1 ） 最相關留言 所有留言
留言（ 1 ）",2026-09-21,,AI 生成 Rock,False,False,
2026-09-21 06:43:59,realtime,ai_generated,,,39,王凱霆Tommy,齊頭式幻覺,4,2,1,https://streetvoice.com/tommymusic/songs/876332/,https://streetvoice.com/tommymusic/,"https://akstatic.streetvoice.com/song_covers/to/mm/tommymusic/i8C5y3VmYyEtvKEpGwEeR3.jpeg?x-oss-process=image/resize,m_fill,h_400,w_400,limit_0",images/876332.jpeg,@tommymusic,音樂人,,,,19,5,,,,https://www.youtube.com/user/StreetVoiceTV,,,Alternative,,,,"在那些被隱形的壓力中，誰才是被性別枷鎖困住的真正受害者？ 本集音樂座標點： •	創作背景：源自對現代社會「選擇性平權」與雙重標準的犀利觀察。 •	情感核心：替那些默默承擔傳統責任，卻被剝奪發言權的群體發聲。 •	音樂編制：強烈的另類搖滾與電子合成器，用重節拍敲碎假象。 🎧 如果你喜歡這首歌曲，想更深入了解完整的邏輯拆解，請收聽或閱讀我的完整專欄： 🎧 Podcast頻道： https://solink.soundon.fm/tommy_axis_podcast ✍️ 深度專欄 (Vocus)： https://vocus.cc/user/@tommy_axis_podcast ⭐ Podcast IG： https://www.instagram.com/tommy_axis_podcast/ 📌 品牌主頁 (Portaly)： https://portaly.cc/tommymusic 
在那些被隱形的壓力中，誰才是被性別枷鎖困住的真正受害者？ 本集音樂座標點： •	創作背景：源自對現代社會「選擇性平權」與雙重標準的犀利觀察。 •	情感核心：替那些默默承擔傳統責任，卻被剝奪發言權的群體發聲。 •	音樂編制：強烈的另類搖滾與電子合成器，用重節拍敲碎假象。 🎧 如果你喜歡這首歌曲，想更深入了解完整的邏輯拆解，請收聽或閱讀我的完整專欄： 🎧 Podcast頻道： https://solink.soundon.fm/tommy_axis_podcast ✍️ 深度專欄 (Vocus)： https://vocus.cc/user/@tommy_axis_podcast ⭐ Podcast IG： https://www.instagram.com/tommy_axis_podcast/ 📌 品牌主頁 (Portaly)： https://portaly.cc/tommymusic
https://solink.soundon.fm/tommy_axis_podcast
https://vocus.cc/user/@tommy_axis_podcast
https://www.instagram.com/tommy_axis_podcast/
https://portaly.cc/tommymusic","[Verse 1] 誰在天平兩端 算計著特權 將男性的枷鎖 推向了盲點 資本標價時間 試探著底線 零和的博弈裡 誰都不安全 [Verse 2] 情緒的勞動 只在買單前 平權的標籤 貼滿了謊言 義務的選擇 掩護著特權 權力的置換 模糊了視線 [Chorus] 我要剝開這 齊頭式的幻覺 緊抓著紅利 卻拒絕了妥協 雙重的標準 撕裂每個日夜 憑什麼承擔 歷史留的殘缺 自由的選擇 掩飾了那剝削 道德的糖衣 越美麗越冷血 慕強的法則 無情地在消滅 把責任歸零 重新定義世界 [Verse 3] 軍營裡的鋼槍 誰被迫扛上 網路上的黑數 被無視的傷 媒體前的框架 雙標太誇張 底層裡的凝視 誰能去體諒 [Chorus] 我要剝開這 齊頭式的幻覺 緊抓著紅利 卻拒絕了妥協 雙重的標準 撕裂每個日夜 憑什麼承擔 歷史留的殘缺 自由的選擇 掩飾了那剝削 道德的糖衣 越美麗越冷血 慕強的法則 無情地在消滅 把責任歸零 重新定義世界 [Bridge] 不要涓滴效應的 空頭支票 拆解這傳統 絕非單向毒藥 權力與義務 當然必須對照 誠實地面對 尋找最終解藥 [Chorus] 我要剝開這 齊頭式的幻覺 緊抓著紅利 卻拒絕了妥協 雙重的標準 撕裂每個日夜 憑什麼承擔 歷史留的殘缺 自由的選擇 掩飾了那剝削 道德的糖衣 越美麗越冷血 慕強的法則 無情地在消滅 把責任歸零 重新定義世界 [Outro] 別再有 平權的幻覺 不再做 單向的妥協 撕破這 雙標的傾斜 真實的 平等才準確 [End] 
[Verse 1] 誰在天平兩端 算計著特權 將男性的枷鎖 推向了盲點 資本標價時間 試探著底線 零和的博弈裡 誰都不安全
[Verse 2] 情緒的勞動 只在買單前 平權的標籤 貼滿了謊言 義務的選擇 掩護著特權 權力的置換 模糊了視線
[Chorus] 我要剝開這 齊頭式的幻覺 緊抓著紅利 卻拒絕了妥協 雙重的標準 撕裂每個日夜 憑什麼承擔 歷史留的殘缺 自由的選擇 掩飾了那剝削 道德的糖衣 越美麗越冷血 慕強的法則 無情地在消滅 把責任歸零 重新定義世界
[Verse 3] 軍營裡的鋼槍 誰被迫扛上 網路上的黑數 被無視的傷 媒體前的框架 雙標太誇張 底層裡的凝視 誰能去體諒
[Chorus] 我要剝開這 齊頭式的幻覺 緊抓著紅利 卻拒絕了妥協 雙重的標準 撕裂每個日夜 憑什麼承擔 歷史留的殘缺 自由的選擇 掩飾了那剝削 道德的糖衣 越美麗越冷血 慕強的法則 無情地在消滅 把責任歸零 重新定義世界
[Bridge] 不要涓滴效應的 空頭支票 拆解這傳統 絕非單向毒藥 權力與義務 當然必須對照 誠實地面對 尋找最終解藥
[Chorus] 我要剝開這 齊頭式的幻覺 緊抓著紅利 卻拒絕了妥協 雙重的標準 撕裂每個日夜 憑什麼承擔 歷史留的殘缺 自由的選擇 掩飾了那剝削 道德的糖衣 越美麗越冷血 慕強的法則 無情地在消滅 把責任歸零 重新定義世界
[Outro] 別再有 平權的幻覺 不再做 單向的妥協 撕破這 雙標的傾斜 真實的 平等才準確
[End]
留言（ 1 ） 最相關留言 所有留言
留言（ 1 ）",2026-09-20,,AI 生成 Alternative,False,False,
2026-09-21 06:43:59,realtime,ai_generated,,,40,邱奕陵,我一直都知道 (I Always Knew),7,145,7,https://streetvoice.com/54chiu10/songs/880148/,https://streetvoice.com/54chiu10/,"https://akstatic.streetvoice.com/song_covers/54/ch/54chiu10/WNiRbguv2pMdYNwchJZRY8.jpeg?x-oss-process=image/resize,m_fill,h_400,w_400,limit_0",images/880148.jpeg,@54chiu10,音樂人,桃園市,2026-04-01,,39,13,1,,,https://www.youtube.com/user/StreetVoiceTV,,,R&B / Soul,,,,"寫完《掀開一角》之後，我一直在想：門外的人聽著風聲，那門裡的人，在想什麼？ 這首歌，是國王在風中聽見的，木乃伊的獨白。 她不是不愛，她只是被自己的過去綁住了。 她不是看不見，她只是還解不開自己身上的繃帶。 如果說《掀開一角》是警告，那這首歌，就是國王對那句「Just... not yet」的溫柔回應。 獻給所有被困在門後，但正在努力走向門口的人。 p.s.《掀開一角 (Just a Peek)》: https://streetvoice.com/54chiu10/songs/879873/ 企劃/製作：邱奕陵 Chiu Yi-Ling 詞曲：ChatGPT 編曲／人聲：Suno v6 封面：Ares（Gemini） 文案：DS（DeepSeek） 
寫完《掀開一角》之後，我一直在想：門外的人聽著風聲，那門裡的人，在想什麼？
這首歌，是國王在風中聽見的，木乃伊的獨白。
她不是不愛，她只是被自己的過去綁住了。
她不是看不見，她只是還解不開自己身上的繃帶。
如果說《掀開一角》是警告，那這首歌，就是國王對那句「Just... not yet」的溫柔回應。
獻給所有被困在門後，但正在努力走向門口的人。
p.s.《掀開一角 (Just a Peek)》: https://streetvoice.com/54chiu10/songs/879873/
https://streetvoice.com/54chiu10/songs/879873/
企劃/製作：邱奕陵 Chiu Yi-Ling 詞曲：ChatGPT 編曲／人聲：Suno v6 封面：Ares（Gemini） 文案：DS（DeepSeek）","風 還在吹 我聽見門外的腳步 一遍又一遍 從來沒有離開 你以為我睡著了 所以聽不見你的聲音 你以為這扇門關著 就代表我不在意 其實每一次風經過 我都知道你還在那裡 只是我身上的繃帶 纏住了想走出去的勇氣 你問我 有沒有想過你為什麼還在 我沒有回答 不是因為我不知道 你站在門外多久 我都記得 只是有些傷 不是一句愛就能解開 我一直都知道 你站在我的門外 我一直都知道 你沒有真的走開 不是我看不見 也不是我不明白 只是我的手 還解不開自己的繃帶 I always knew You were standing outside I always knew You were waiting all this time I couldn't move But I could see you through the door Don't wait for me forever Just... not yet 你說你不是守衛 你說你其實是國王 可是我看到的 還是那個站在風裡的人 你說你不會永遠等 我其實早就明白 所以我才害怕 有一天門外只剩下風聲 不是我故意沉默 不是我喜歡讓你等待 只是有些記憶 還把我綁在昨天裡面 你可以走 我不會用眼淚留下你 因為真正的愛 不該變成誰的牢籠 只是如果你還在 請不要急著轉身 讓我把這一身 纏了太久的自己 慢慢解開 我一直都知道 你站在我的門外 我一直都知道 你沒有真的走開 不是我不想見 也不是我不期待 只是我的心 還沒有準備好走出來 I always knew You were standing outside I always knew You were waiting all this time I couldn't move But I could see you through the door Don't wait for me forever Just... not yet 所以別再問我 為什麼還不出來 因為我不是木乃伊 我只是被自己 綁得太久 如果你願意再等一下 我會試著走近門口 但你不必跪下 也不必證明什麼 你是國王 就該有你的世界 而我想做的 不是把你留下 只是有一天 能親口告訴你 我一直都知道 我一直都知道 你站在我的門外 我一直都知道 你其實也會離開 所以這一次 換我掀開一角 讓你看看 一直躲在門後的我 我不是不愛 我只是還沒學會 怎麼從自己的過去 走到你的現在 I always knew You were standing outside I always knew You were waiting all this time I couldn't move But now I see the door Don't wait for me forever Just... not yet 風還在吹 門外的人還在 只是這一次 腳步聲不是門外 我走到門邊 停了一下 手放在門上 沒有再退後 我掀開一角 讓風進來 也讓你看見 一直躲在門後的我 我一直都知道 而這一次 我沒有再把門關上 
風 還在吹 我聽見門外的腳步 一遍又一遍 從來沒有離開
你以為我睡著了 所以聽不見你的聲音 你以為這扇門關著 就代表我不在意
其實每一次風經過 我都知道你還在那裡 只是我身上的繃帶 纏住了想走出去的勇氣
你問我 有沒有想過你為什麼還在 我沒有回答 不是因為我不知道
你站在門外多久 我都記得 只是有些傷 不是一句愛就能解開
我一直都知道 你站在我的門外 我一直都知道 你沒有真的走開
不是我看不見 也不是我不明白 只是我的手 還解不開自己的繃帶
I always knew You were standing outside I always knew You were waiting all this time
I couldn't move But I could see you through the door Don't wait for me forever Just... not yet
你說你不是守衛 你說你其實是國王 可是我看到的 還是那個站在風裡的人
你說你不會永遠等 我其實早就明白 所以我才害怕 有一天門外只剩下風聲
不是我故意沉默 不是我喜歡讓你等待 只是有些記憶 還把我綁在昨天裡面
你可以走 我不會用眼淚留下你 因為真正的愛 不該變成誰的牢籠
只是如果你還在 請不要急著轉身 讓我把這一身 纏了太久的自己 慢慢解開
我一直都知道 你站在我的門外 我一直都知道 你沒有真的走開
不是我不想見 也不是我不期待 只是我的心 還沒有準備好走出來
I always knew You were standing outside I always knew You were waiting all this time
I couldn't move But I could see you through the door Don't wait for me forever Just... not yet
所以別再問我 為什麼還不出來
因為我不是木乃伊 我只是被自己 綁得太久
如果你願意再等一下 我會試著走近門口
但你不必跪下 也不必證明什麼
你是國王 就該有你的世界
而我想做的 不是把你留下
只是有一天 能親口告訴你
我一直都知道
我一直都知道 你站在我的門外 我一直都知道 你其實也會離開
所以這一次 換我掀開一角 讓你看看 一直躲在門後的我
我不是不愛 我只是還沒學會 怎麼從自己的過去 走到你的現在
I always knew You were standing outside I always knew You were waiting all this time
I couldn't move But now I see the door Don't wait for me forever Just... not yet
風還在吹 門外的人還在
只是這一次 腳步聲不是門外
我走到門邊 停了一下
手放在門上 沒有再退後
我掀開一角 讓風進來
也讓你看見 一直躲在門後的我
我一直都知道
而這一次 我沒有再把門關上
留言（ 7 ） 最相關留言 所有留言
留言（ 7 ）",2026-09-19,,AI 生成 R&B / Soul,False,False,
2026-09-21 06:43:59,realtime,ai_generated,,,41,Leoohya,《法克尤》色即釋空,2,11,1,https://streetvoice.com/leoohya111/songs/880469/,https://streetvoice.com/leoohya111/,"https://akstatic.streetvoice.com/song_covers/le/oo/leoohya111/VJyy4mxaHHpJNUFk3Msf23.jpeg?x-oss-process=image/resize,m_fill,h_400,w_400,limit_0",images/880469.jpeg,@leoohya111,音樂人,台中市,2025-11-01,,25,26,43,,,https://www.youtube.com/user/StreetVoiceTV,,,Pop,,,,"一念地慾、一念升天 如陷迷途心中詠唸 法克尤、法克尤、法克尤... 萬法克尤物 色有所度勿惘勿縱 經常念茲消災解厄 
一念地慾、一念升天 如陷迷途心中詠唸 法克尤、法克尤、法克尤... 萬法克尤物 色有所度勿惘勿縱 經常念茲消災解厄","阿——你的密陀佛 不色才是空 色來色去色不動 最好是妳　別再靠攏 (Fuck me...) 法克尤—— 佛法克尤物 空—— 空—— 今晚她走來　像因果找上我 香氣先犯法　眼神再縱火 我把般若偷偷塞進耳朵 偏偏凡心在裡面　敲鑼打鼓說 好看是好看　別急著犯錯 花開得太盛　未必要伸手 我讀過幾卷人間的寂寞 才知道最難放下的 通常穿得不多 (Fuck me...) 色即是空　我懂 空即是色　也懂 可她只用一秒鐘 讓哲學全部失蹤 (Fuck me...) 理智坐禪　慾望吹風 我把心猿意馬 暫時關進 腦中的故宮 啊—— 阿你的密陀佛 不色才是空 空—— 空不是沒感覺 是有感覺　別失控 尤物一回眸 理智開始施工 (Fuck me...) 我不是六根清淨 我只是忍住別動 法克尤　法克尤 佛法克尤物 善有抱抱　惡有惡報 不是不報　單身別鬧 法克尤　法克尤 別逼我破功 佛法若活在人性 心動也能善終 色——不色 空——不空 (Fuck me...) 看得懂 別亂動 愛——可以 急——不必 人間漂亮得很多 趁我還有腦子有點用 我把慾望寫註腳　分寸當正文 把一身荷爾蒙　整理成洨問(學問) 月色落杯　紅塵浮沉 知識分子最大的尊嚴 就是認輸也得押韻做解 她問今晚有空 今晚……有空嗎？ 我說空是哪種空 是萬法皆空 還是妳家真的沒人中 (Fuck me...) 腦子叫我放下 身體叫我少裝 我只好雙手合十 讓邪念排隊上香 不對—— 上香也太像宗教現場 我只是想證明 文明和本能 可以供在同一張桌上 花有花期　人不可期 慾念本來就不必假裝不存在過 若佛法離開人性 只剩漂亮的經文 那又拿什麼 渡我這俗氣的靈魂 (Fuck me...) 阿——彌—— 阿你的密陀佛 不色才是空 空不是裝清高 是心裡知道哪裡停手 尤物一回眸 紅塵集體暴動 (Fuck me...) 我可以承認漂亮 但不代表我要失控 法克尤　法克尤 佛法克尤物 善有抱抱　惡有惡報 不是不報　單身別鬧 法克尤　法克尤 荒唐也要有用 我在人間修行 人間偏偏長得 太生動 (Fuck me...) 呼…… 戒不戒？ 先別戒。 看不看？ 少看點。 愛不愛？ 慢慢愛。 人生不是選擇題 別把衝動 全部塗成答案 一念花開 一念兵荒馬亂 半步紅塵 半部哲學替我壯膽 (Fuck me...) 真正的清醒 不是眼裡沒有慾望 是萬花從眼前走過 還認得 自己要往哪裡轉彎 空—— 空—— 空—— 阿你的密陀佛 不色才是空 空—— 色空色空色空 我偏偏活在人中 尤物一回眸 心跳可以放縱 (Fuck me...) 手腳請有禮貌 靈魂保持從容 (Fuck me...) 法克尤　法克尤 佛法克尤物 善有抱抱　惡有惡報 不是不報　單身別鬧 法克尤　法克尤 我也不是聖眾 懂得色即是空 也懂—— 漂亮就是漂亮 (Fuck me...) 不用硬說普通 阿你的密陀佛…… 不色才是空…… (Fuck me...) 
阿——你的密陀佛 不色才是空 色來色去色不動 最好是妳　別再靠攏
(Fuck me...)
法克尤—— 佛法克尤物
空—— 空——
今晚她走來　像因果找上我 香氣先犯法　眼神再縱火 我把般若偷偷塞進耳朵 偏偏凡心在裡面　敲鑼打鼓說
好看是好看　別急著犯錯 花開得太盛　未必要伸手 我讀過幾卷人間的寂寞 才知道最難放下的 通常穿得不多
(Fuck me...)
色即是空　我懂 空即是色　也懂 可她只用一秒鐘 讓哲學全部失蹤
(Fuck me...)
理智坐禪　慾望吹風 我把心猿意馬 暫時關進 腦中的故宮
啊——
阿你的密陀佛 不色才是空
空——
空不是沒感覺 是有感覺　別失控
尤物一回眸 理智開始施工
(Fuck me...)
我不是六根清淨 我只是忍住別動
法克尤　法克尤 佛法克尤物 善有抱抱　惡有惡報 不是不報　單身別鬧
法克尤　法克尤 別逼我破功 佛法若活在人性 心動也能善終
色——不色 空——不空
(Fuck me...)
看得懂 別亂動
愛——可以 急——不必
人間漂亮得很多 趁我還有腦子有點用
我把慾望寫註腳　分寸當正文 把一身荷爾蒙　整理成洨問(學問) 月色落杯　紅塵浮沉 知識分子最大的尊嚴 就是認輸也得押韻做解
她問今晚有空
今晚……有空嗎？
我說空是哪種空 是萬法皆空 還是妳家真的沒人中
(Fuck me...)
腦子叫我放下 身體叫我少裝 我只好雙手合十 讓邪念排隊上香
不對——
上香也太像宗教現場
我只是想證明 文明和本能 可以供在同一張桌上
花有花期　人不可期 慾念本來就不必假裝不存在過
若佛法離開人性 只剩漂亮的經文 那又拿什麼 渡我這俗氣的靈魂
(Fuck me...)
阿——彌——
阿你的密陀佛 不色才是空 空不是裝清高 是心裡知道哪裡停手
尤物一回眸 紅塵集體暴動
(Fuck me...)
我可以承認漂亮 但不代表我要失控
法克尤　法克尤 佛法克尤物 善有抱抱　惡有惡報 不是不報　單身別鬧
法克尤　法克尤 荒唐也要有用 我在人間修行 人間偏偏長得 太生動
(Fuck me...)
呼……
戒不戒？ 先別戒。
看不看？ 少看點。
愛不愛？ 慢慢愛。
人生不是選擇題 別把衝動 全部塗成答案
一念花開 一念兵荒馬亂 半步紅塵 半部哲學替我壯膽
(Fuck me...)
真正的清醒 不是眼裡沒有慾望 是萬花從眼前走過 還認得 自己要往哪裡轉彎
空—— 空—— 空——
阿你的密陀佛 不色才是空
空——
色空色空色空 我偏偏活在人中
尤物一回眸 心跳可以放縱
(Fuck me...)
手腳請有禮貌 靈魂保持從容
(Fuck me...)
法克尤　法克尤 佛法克尤物 善有抱抱　惡有惡報 不是不報　單身別鬧
法克尤　法克尤 我也不是聖眾 懂得色即是空 也懂——
漂亮就是漂亮
(Fuck me...)
不用硬說普通
阿你的密陀佛……
不色才是空……
(Fuck me...)
留言（ 1 ） 最相關留言 所有留言
留言（ 1 ）",2026-09-21,,AI 生成 Pop,False,False,
2026-09-21 06:43:59,realtime,ai_generated,,,42,Richie Tseng,🎶【祢的話語】（詩篇119:105- 神的話語是生命內建的 GPS。燈照亮腳前，光指引方向。,6,22,3,https://streetvoice.com/gby7639/songs/880162/,https://streetvoice.com/gby7639/,"https://akstatic.streetvoice.com/song_covers/gb/y7/gby7639/D9gDhGaV2ystyh5uNvd4mM.jpeg?x-oss-process=image/resize,m_fill,h_400,w_400,limit_0",images/880162.jpeg,@gby7639,音樂人,,,,99,7,3,,,https://www.youtube.com/user/StreetVoiceTV,,,Religion,🛐永恆的讚美-詩篇心曲,https://streetvoice.com/gby7639/songs/album/97323635/,,"✝️ 這首詩歌主要參考詩篇119篇，特別是： 「你的話是我腳前的燈，是我路上的光」（詩119:105） 「你的言語一解開就發出亮光，使愚人通達」（詩119:130） 「我何等愛慕你的律法，終日不住地思想」（詩119:97） 「你的命令常存在我心裡，使我比仇敵有智慧」（詩119:98） 「求你叫我遵行你的命令，因為這是我所喜愛的」（詩119:35） 💫 那天清晨，我捧著熱咖啡翻開詩篇119篇，「祢的話語是我腳前的燈」一下子觸動了我。腳前的燈照亮眼前，讓我知道下一步該怎麼走，就不會跌倒；路上的光引導方向，讓我不會走錯路。 🧭 在這個不確定的時代，神的話語就像內建在生命裡的 GPS，隨時指引我該往哪裡去。 🌟 橋段是我的懇求：不是被迫的順服，而是認識話語的珍貴之後，發自內心的渴慕。 🎵 願這首歌成為每個清晨的陪伴，提醒我們：神的話語從不缺席，永遠是腳前的燈、路上的光。 ✨感動用AI寫下✨ 
✝️ 這首詩歌主要參考詩篇119篇，特別是： 「你的話是我腳前的燈，是我路上的光」（詩119:105） 「你的言語一解開就發出亮光，使愚人通達」（詩119:130） 「我何等愛慕你的律法，終日不住地思想」（詩119:97） 「你的命令常存在我心裡，使我比仇敵有智慧」（詩119:98） 「求你叫我遵行你的命令，因為這是我所喜愛的」（詩119:35）
💫 那天清晨，我捧著熱咖啡翻開詩篇119篇，「祢的話語是我腳前的燈」一下子觸動了我。腳前的燈照亮眼前，讓我知道下一步該怎麼走，就不會跌倒；路上的光引導方向，讓我不會走錯路。
🧭 在這個不確定的時代，神的話語就像內建在生命裡的 GPS，隨時指引我該往哪裡去。
🌟 橋段是我的懇求：不是被迫的順服，而是認識話語的珍貴之後，發自內心的渴慕。
🎵 願這首歌成為每個清晨的陪伴，提醒我們：神的話語從不缺席，永遠是腳前的燈、路上的光。
✨感動用AI寫下✨","[Intro] [Verse 1] 祢的話語是我腳前的燈 是我路上的光 祢的言語一解開 就發出亮光 使愚人通達 [Chorus] 我何等愛慕你的律法 終日不住地思想 祢的命令常存在我心裡 使我比仇敵有智慧 [Verse 2] 祢的法度奇妙 因此我的心遵守 祢的言語一解開 就發出亮光 使愚人通達 [Chorus] 我何等愛慕你的律法 終日不住地思想 祢的命令常存在我心裡 使我比仇敵有智慧 [Bridge] 求祢叫我遵行祢的命令 因為我喜愛祢的命令 [Chorus] 我何等愛慕你的律法 終日不住地思想 祢的命令常存在我心裡 使我比仇敵有智慧 [Outro] 
[Intro]
[Verse 1] 祢的話語是我腳前的燈 是我路上的光 祢的言語一解開 就發出亮光 使愚人通達
[Chorus] 我何等愛慕你的律法 終日不住地思想 祢的命令常存在我心裡 使我比仇敵有智慧
[Verse 2] 祢的法度奇妙 因此我的心遵守 祢的言語一解開 就發出亮光 使愚人通達
[Chorus] 我何等愛慕你的律法 終日不住地思想 祢的命令常存在我心裡 使我比仇敵有智慧
[Bridge] 求祢叫我遵行祢的命令 因為我喜愛祢的命令
[Chorus] 我何等愛慕你的律法 終日不住地思想 祢的命令常存在我心裡 使我比仇敵有智慧
[Outro]
留言（ 3 ） 最相關留言 所有留言
留言（ 3 ）",2026-09-19,,AI 生成 Religion ・ 🛐永恆的讚美-詩篇心曲,False,False,
2026-09-21 06:43:59,realtime,ai_generated,,,43,Anita_Xu,寧靜（探戈鄉村）,7,8,2,https://streetvoice.com/Anita_Xu/songs/880152/,https://streetvoice.com/Anita_Xu/,"https://akstatic.streetvoice.com/song_covers/An/it/Anita_Xu/UKu9SWzv48pQStzizgT4MD.jpg?x-oss-process=image/resize,m_fill,h_400,w_400,limit_0",images/880152.jpg,@Anita_Xu,音樂人,,,,17,8,7,,,https://www.youtube.com/user/StreetVoiceTV,,,Pop,,,,"​我們總在某個微風吹過的瞬間，突然想起很久以前的事，以及那首曾經最愛的歌。 ​它沒有濃烈的撕心裂肺，只有清澈而堅定的溫柔。 ​風會帶走沉重，山會守住秘密。如果你剛好正在想起，請記得最美好的部分，然後輕裝前行。 
​我們總在某個微風吹過的瞬間，突然想起很久以前的事，以及那首曾經最愛的歌。 ​它沒有濃烈的撕心裂肺，只有清澈而堅定的溫柔。 ​風會帶走沉重，山會守住秘密。如果你剛好正在想起，請記得最美好的部分，然後輕裝前行。","山路彎彎風靜悄悄圍繞 空氣很清適合整理心情 走著走著舊時光突然近 那些未來過去隨腳步醒 突然之間腦海浮現過去 那是多久以前逝去的記憶 你會不會偶爾想起 那首我最愛的歌曲 如果你剛好正在想起 請記得最美好的部分就可以 現在的我擁抱新的風景 複雜情緒不必留在記憶 風吹過來帶走沉重情緒 閉上眼睛享受此刻寧靜 我不回頭也不再問消息 山會守著屬於我的秘密 如果你剛好正在想起 請記得最美好的部分就可以 現在的我擁抱新的風景 複雜情緒不必留在記憶 不說破是溫柔的距離 不打擾是體貼的餘地 就把現在留給山嶺 把最好的留給過去 如果你剛好正在想起 請記得最美好的部分就可以 現在的我擁抱新的風景 複雜情緒不必留在記憶 
山路彎彎風靜悄悄圍繞 空氣很清適合整理心情 走著走著舊時光突然近 那些未來過去隨腳步醒 突然之間腦海浮現過去 那是多久以前逝去的記憶 你會不會偶爾想起 那首我最愛的歌曲 如果你剛好正在想起 請記得最美好的部分就可以 現在的我擁抱新的風景 複雜情緒不必留在記憶 風吹過來帶走沉重情緒 閉上眼睛享受此刻寧靜 我不回頭也不再問消息 山會守著屬於我的秘密 如果你剛好正在想起 請記得最美好的部分就可以 現在的我擁抱新的風景 複雜情緒不必留在記憶 不說破是溫柔的距離 不打擾是體貼的餘地 就把現在留給山嶺 把最好的留給過去 如果你剛好正在想起 請記得最美好的部分就可以 現在的我擁抱新的風景 複雜情緒不必留在記憶
留言（ 2 ） 最相關留言 所有留言
留言（ 2 ）",2026-09-19,,AI 生成 Pop,False,False,
2026-09-21 06:43:59,realtime,ai_generated,,,44,Richie Tseng,🎶【沒事的】-一句家常安慰，走過風雨後的踏實與團圓,5,17,1,https://streetvoice.com/gby7639/songs/880147/,https://streetvoice.com/gby7639/,"https://akstatic.streetvoice.com/song_covers/gb/y7/gby7639/7edK6ig6wajJTtyrv75ekq.jpeg?x-oss-process=image/resize,m_fill,h_400,w_400,limit_0",images/880147.jpeg,@gby7639,音樂人,,,,99,7,3,,,https://www.youtube.com/user/StreetVoiceTV,,,Pop,🌸禎韻樂境,https://streetvoice.com/gby7639/songs/album/97323710/,,"這首歌從一個很小的畫面開始——一雙沾著鹽的鞋、一碗剛盛好的白飯、巷口討價還價的市場聲。這些都是最平凡不過的日常，卻是支撐一個人走過風浪的力量。🏠 寫這首歌的時候，我想到的不是什麼驚天動地的大道理，而是那種「有妳在，一切就沒事」的踏實感。生活裡總有燒黑的鍋、踢著空罐子玩耍的孩子、需要修補的籬笆，這些瑣碎的細節堆疊起來，就是一段關係最真實的樣子。💛 副歌反覆唱著「沒事的」，其實是在提醒自己——也提醒每一個聽見這首歌的人——困難會過去，風雨會停，只要有人牽著手一起走，日子再難也能穩穩地過下去。🌊 到了 Bridge，夜色與潮水的意象浮現，那是低潮最深的時刻，但即便如此，只要有一點微光，就足以指引方向。這不是盲目的樂觀，而是經歷過風浪之後，依然選擇相信明天會更好的踏實信念。🕯️ 希望聽這首歌的人，能在忙碌與疲憊中，想起那些讓自己感到「沒事的」的人和瞬間，也願意成為別人生命中那盞小小的燈。 感動用AI寫下✨ 
這首歌從一個很小的畫面開始——一雙沾著鹽的鞋、一碗剛盛好的白飯、巷口討價還價的市場聲。這些都是最平凡不過的日常，卻是支撐一個人走過風浪的力量。🏠
寫這首歌的時候，我想到的不是什麼驚天動地的大道理，而是那種「有妳在，一切就沒事」的踏實感。生活裡總有燒黑的鍋、踢著空罐子玩耍的孩子、需要修補的籬笆，這些瑣碎的細節堆疊起來，就是一段關係最真實的樣子。💛
副歌反覆唱著「沒事的」，其實是在提醒自己——也提醒每一個聽見這首歌的人——困難會過去，風雨會停，只要有人牽著手一起走，日子再難也能穩穩地過下去。🌊
到了 Bridge，夜色與潮水的意象浮現，那是低潮最深的時刻，但即便如此，只要有一點微光，就足以指引方向。這不是盲目的樂觀，而是經歷過風浪之後，依然選擇相信明天會更好的踏實信念。🕯️
希望聽這首歌的人，能在忙碌與疲憊中，想起那些讓自己感到「沒事的」的人和瞬間，也願意成為別人生命中那盞小小的燈。
感動用AI寫下✨","[Intro] [Verse 1] 門口那雙鞋還沾著鹽 海風吹乾了我的衣裳 媽媽盛飯的手沒停過 說一句「日子要穩穩地過」 巷子裡喊價的聲音 三顆芒果，等雨停了再說 妳站在門邊喊我的名 一整天的累就散了 [Pre-Chorus] 別急 慢慢喘口氣 讓時間 像潮水一樣回來 手牽著手 往前走就好 不用說太多 有妳就夠了 [Chorus] 沒事的，沒事的 辦法總會有 沒事的，沒事的 天總會亮起來 路再怎麼難走 我們也不回頭 沒事的，沒事的 風雨會停的 [Verse 2] 灶上的鍋燒得烏黑 妳笑著把我拉到懷裡 孩子在院子踢著空罐 狗兒躺在推車底下睡去 老人拿鐵絲修著籬笆 憑的是經驗和常識 妳說「愛哪需要什麼名分」 一雙穩穩的手就夠 [Pre-Chorus] 別急 慢慢喘口氣 讓時間 像潮水一樣回來 手牽著手 往前走就好 不用說太多 有妳就夠了 [Chorus] 沒事的，沒事的 辦法總會有 沒事的，沒事的 天總會亮起來 路再怎麼難走 我們也不回頭 沒事的，沒事的 風雨會停的 [Bridge] 夜色沉沉壓下來 海水一寸一寸地漲 我們還能找到那盞燈 一點光就能照亮方向 一點光就能照亮方向 [Chorus] 沒事的，沒事的 辦法總會有 沒事的，沒事的 天總會亮起來 路再怎麼難走 我們也不回頭 沒事的，沒事的 風雨會停的 [Outro] 
[Intro]
[Verse 1] 門口那雙鞋還沾著鹽 海風吹乾了我的衣裳 媽媽盛飯的手沒停過 說一句「日子要穩穩地過」 巷子裡喊價的聲音 三顆芒果，等雨停了再說 妳站在門邊喊我的名 一整天的累就散了
[Pre-Chorus] 別急 慢慢喘口氣 讓時間 像潮水一樣回來 手牽著手 往前走就好 不用說太多 有妳就夠了
[Chorus] 沒事的，沒事的 辦法總會有 沒事的，沒事的 天總會亮起來 路再怎麼難走 我們也不回頭 沒事的，沒事的 風雨會停的
[Verse 2] 灶上的鍋燒得烏黑 妳笑著把我拉到懷裡 孩子在院子踢著空罐 狗兒躺在推車底下睡去 老人拿鐵絲修著籬笆 憑的是經驗和常識 妳說「愛哪需要什麼名分」 一雙穩穩的手就夠
[Pre-Chorus] 別急 慢慢喘口氣 讓時間 像潮水一樣回來 手牽著手 往前走就好 不用說太多 有妳就夠了
[Chorus] 沒事的，沒事的 辦法總會有 沒事的，沒事的 天總會亮起來 路再怎麼難走 我們也不回頭 沒事的，沒事的 風雨會停的
[Bridge] 夜色沉沉壓下來 海水一寸一寸地漲 我們還能找到那盞燈 一點光就能照亮方向 一點光就能照亮方向
[Chorus] 沒事的，沒事的 辦法總會有 沒事的，沒事的 天總會亮起來 路再怎麼難走 我們也不回頭 沒事的，沒事的 風雨會停的
[Outro]
留言（ 1 ） 最相關留言 所有留言
留言（ 1 ）",2026-09-19,,AI 生成 Pop ・ 🌸禎韻樂境,False,False,
2026-09-21 06:43:59,realtime,ai_generated,,,45,Richie Tseng,🎶【卸甲之後】-角色再多，也別忘了自己是誰,7,23,1,https://streetvoice.com/gby7639/songs/880149/,https://streetvoice.com/gby7639/,"https://akstatic.streetvoice.com/song_covers/gb/y7/gby7639/3jBW7QHsfhNncJbh34mMuJ.jpeg?x-oss-process=image/resize,m_fill,h_400,w_400,limit_0",images/880149.jpeg,@gby7639,音樂人,,,,99,7,3,,,https://www.youtube.com/user/StreetVoiceTV,,,Pop,🌸禎韻樂境,https://streetvoice.com/gby7639/songs/album/97323710/,,"這首歌，寫給每一個在角色裡漸漸弄丟自己名字的人。🌅 天未亮就披上戰袍，是誰家的兒、誰家的女，肩上一邊是父母的期望，一邊是兒女的成長。街上人來人往，誰不是這樣忙著扮演好每一個角色，忙到有時候，連自己叫什麼名字都快忘了，直到有人從遠方喚了一聲，才猛然想起——喔，原來我是這樣一個人。🎭 第二段寫的是夜深人靜時的獨白：燈還沒熄，是誰的丈夫、誰的妻子，撐著一個家的重量，卻也曾是誰懷裡最柔軟的孩童。歲月磨去了年輕時的稜角，換來滿手的滄桑，但也讓人漸漸明白：活著不是為了成為誰的誰，而是先記得自己，才有力量、有底氣去愛人、去扛起這些角色。💪 橋段是整首歌最想傳達的核心——「當所有角色卸下重量，當名字不再需要偽裝，你會看見那個人依然在」。無論歲月怎麼變、身分怎麼疊加，那個最初的自己，從未走遠，也從未真正改變。副歌反覆唱著「別忘了，你是誰的孩子」，提醒的不是血緣關係，而是提醒每個人：在成為別人的誰之前，你首先是你自己。✨ 願每一個聽見這首歌的人，都能在某個卸下重擔的深夜，重新認回那個從未走遠的自己。🕯️ 感動用AI寫下✨ 
這首歌，寫給每一個在角色裡漸漸弄丟自己名字的人。🌅
天未亮就披上戰袍，是誰家的兒、誰家的女，肩上一邊是父母的期望，一邊是兒女的成長。街上人來人往，誰不是這樣忙著扮演好每一個角色，忙到有時候，連自己叫什麼名字都快忘了，直到有人從遠方喚了一聲，才猛然想起——喔，原來我是這樣一個人。🎭
第二段寫的是夜深人靜時的獨白：燈還沒熄，是誰的丈夫、誰的妻子，撐著一個家的重量，卻也曾是誰懷裡最柔軟的孩童。歲月磨去了年輕時的稜角，換來滿手的滄桑，但也讓人漸漸明白：活著不是為了成為誰的誰，而是先記得自己，才有力量、有底氣去愛人、去扛起這些角色。💪
橋段是整首歌最想傳達的核心——「當所有角色卸下重量，當名字不再需要偽裝，你會看見那個人依然在」。無論歲月怎麼變、身分怎麼疊加，那個最初的自己，從未走遠，也從未真正改變。副歌反覆唱著「別忘了，你是誰的孩子」，提醒的不是血緣關係，而是提醒每個人：在成為別人的誰之前，你首先是你自己。✨
願每一個聽見這首歌的人，都能在某個卸下重擔的深夜，重新認回那個從未走遠的自己。🕯️
感動用AI寫下✨","[Verse 1] 天未亮 已披上戰袍 是誰家的兒 誰家的女 一肩挑著 父母的期望 一肩扛著 兒女的成長 街上人來人往 誰不是在角色裡忙 喚一聲名字從遠方 才想起 自己是誰模樣 [Pre-Chorus] 放下吧 喘口氣 讓江湖 慢些流去 掌心裡 還記得 那年那時 最初的自己 [Chorus] 別忘了 別忘了 你是誰的孩子 別忘了 別忘了 在成為誰之前 若前路千斤萬擔 也別弄丟自己 別忘了 別忘了 那個最初的你 [Verse 2] 夜深了 燈還沒熄 是誰的丈夫 誰的妻 撐起一個家的重量 也曾是誰懷裡的孩童 歲月磨去了稜角 換來滿手的滄桑 你說活著不是為了誰 是先記得自己 才給得起愛 [Pre-Chorus] 放下吧 喘口氣 讓江湖 慢些流去 掌心裡 還記得 那年那時 最初的自己 [Chorus] 別忘了 別忘了 你是誰的孩子 別忘了 別忘了 在成為誰之前 若前路千斤萬擔 也別弄丟自己 別忘了 別忘了 那個最初的你 [Bridge] 當所有角色卸下重量 當名字不再需要偽裝 你會看見那個人依然在 從未走遠 從未改變 從未走遠 未曾改變 [Outro] 
[Verse 1] 天未亮 已披上戰袍 是誰家的兒 誰家的女 一肩挑著 父母的期望 一肩扛著 兒女的成長 街上人來人往 誰不是在角色裡忙 喚一聲名字從遠方 才想起 自己是誰模樣
[Pre-Chorus] 放下吧 喘口氣 讓江湖 慢些流去 掌心裡 還記得 那年那時 最初的自己
[Chorus] 別忘了 別忘了 你是誰的孩子 別忘了 別忘了 在成為誰之前 若前路千斤萬擔 也別弄丟自己 別忘了 別忘了 那個最初的你
[Verse 2] 夜深了 燈還沒熄 是誰的丈夫 誰的妻 撐起一個家的重量 也曾是誰懷裡的孩童 歲月磨去了稜角 換來滿手的滄桑 你說活著不是為了誰 是先記得自己 才給得起愛
[Pre-Chorus] 放下吧 喘口氣 讓江湖 慢些流去 掌心裡 還記得 那年那時 最初的自己
[Chorus] 別忘了 別忘了 你是誰的孩子 別忘了 別忘了 在成為誰之前 若前路千斤萬擔 也別弄丟自己 別忘了 別忘了 那個最初的你
[Bridge] 當所有角色卸下重量 當名字不再需要偽裝 你會看見那個人依然在 從未走遠 從未改變 從未走遠 未曾改變
[Outro]
留言（ 1 ） 最相關留言 所有留言
留言（ 1 ）",2026-09-19,,AI 生成 Pop ・ 🌸禎韻樂境,False,False,
2026-09-21 06:43:59,realtime,ai_generated,,,46,tackey747,[懷念的心情],1,19,0,https://streetvoice.com/tackey747/songs/880429/,https://streetvoice.com/tackey747/,"https://akstatic.streetvoice.com/song_covers/ta/ck/tackey747/F2VWjxjsiqVSyDAZPi85nJ.jpeg?x-oss-process=image/resize,m_fill,h_400,w_400,limit_0",images/880429.jpeg,@tackey747,音樂人,,,,38,6,,,,https://www.youtube.com/user/StreetVoiceTV,,,Singer / Songwriter,,,,"【懷念的心情】 #兔兔音樂  #懷念音樂  #bunny music  #reminisce music 
【懷念的心情】 #兔兔音樂  #懷念音樂  #bunny music  #reminisce music","十年前的那一個夜晚 人群喧鬧 燈火閃亮 我遇見了一個小小的生命 一身金黃色的毛 活潑地蹦跳著 來到我的身旁 那是我第一次收到 一份會呼吸、會撒嬌 會在我身邊活蹦亂跳的生日禮物 看著你的毛色是金黃色 我給你取名叫著金寶貝 從那一天開始 你不再只是一隻小兔子 你是我的陪伴 你是我生命裡 一段很珍貴的時光 八年的歲月 我陪你玩耍 看著你蹦蹦跳跳 看著你吃東西睡覺 也看著你一點一點 成為我生命裡不可缺少的存在 直到有一天 我正準備出門 卻發現你安靜地躺在籠子裡 那一刻 我多希望時間可以停下來 多希望你只是累了 睡一覺醒來 你又會像從前一樣 朝著我蹦過來 最後的最後 我只能把你抱在懷裡 你就這樣 安靜地離開了我 我送你走完這最後的一段路 我內心感傷的 把你的骨灰灑在墓園的土地上。 希望你到了另一個世界 能夠成為永遠開心的小天使 每天都可以快快樂樂地奔跑 做一個自由自在的小天使 只是偶爾 我還是會想起你 想起那一身金黃色的毛 想起你活潑的模樣 想起那些我們一起度過的日子 十年了 原來有些思念 不會因為時間而消失 它只是安靜地藏在我心裡 偶爾在某個夜晚 輕輕地喚醒我 我一直都沒有忘記你 如果真的有一個地方 能讓離開的生命再次相遇 那麼我希望這一天能夠降臨 你還是那個小小的金寶貝 而我也能一眼認出你 我會張開雙手 再一次抱住你 
十年前的那一個夜晚 人群喧鬧 燈火閃亮 我遇見了一個小小的生命 一身金黃色的毛 活潑地蹦跳著 來到我的身旁 那是我第一次收到 一份會呼吸、會撒嬌 會在我身邊活蹦亂跳的生日禮物 看著你的毛色是金黃色 我給你取名叫著金寶貝 從那一天開始 你不再只是一隻小兔子 你是我的陪伴 你是我生命裡 一段很珍貴的時光 八年的歲月 我陪你玩耍 看著你蹦蹦跳跳 看著你吃東西睡覺 也看著你一點一點 成為我生命裡不可缺少的存在 直到有一天 我正準備出門 卻發現你安靜地躺在籠子裡 那一刻 我多希望時間可以停下來 多希望你只是累了 睡一覺醒來 你又會像從前一樣 朝著我蹦過來 最後的最後 我只能把你抱在懷裡 你就這樣 安靜地離開了我 我送你走完這最後的一段路 我內心感傷的 把你的骨灰灑在墓園的土地上。 希望你到了另一個世界 能夠成為永遠開心的小天使 每天都可以快快樂樂地奔跑 做一個自由自在的小天使 只是偶爾 我還是會想起你 想起那一身金黃色的毛 想起你活潑的模樣 想起那些我們一起度過的日子 十年了 原來有些思念 不會因為時間而消失 它只是安靜地藏在我心裡 偶爾在某個夜晚 輕輕地喚醒我 我一直都沒有忘記你 如果真的有一個地方 能讓離開的生命再次相遇 那麼我希望這一天能夠降臨 你還是那個小小的金寶貝 而我也能一眼認出你 我會張開雙手 再一次抱住你
留言（ 0 ） 最相關留言 所有留言
留言（ 0 ）",2026-09-21,,AI 生成 Singer / Songwriter,False,False,
2026-09-21 06:43:59,realtime,ai_generated,,,47,REDFREQ_Taiwan,小時候不讀書的我長大學會了標題殺人,10,22,3,https://streetvoice.com/REDFREQ_Taiwan/songs/880180/,https://streetvoice.com/REDFREQ_Taiwan/,"https://akstatic.streetvoice.com/profile_images/RE/DF/REDFREQ_Taiwan/e3EWyuh7j92RQGepwV9Jz9.jpeg?x-oss-process=image/resize,m_fill,h_400,w_400,limit_0",images/880180.jpeg,@REDFREQ_Taiwan,音樂人,,,,4,13,26,,,https://www.youtube.com/user/StreetVoiceTV,,,Pop,,,,"我朋友說我的歌名都太長了。聽到後就有這首歌的靈感。 
我朋友說我的歌名都太長了。聽到後就有這首歌的靈感。","Verse 1 小時候老師說 書裡有黃金屋 我把課本墊高 偷看窗外的樹 考卷上的紅字 像命運的預告 說我這種孩子 長大不會太好 我沒背熟唐詩 沒算對應用題 卻學會在人群裡 找一句最鋒利 把寂寞改成爆點 把眼淚改成謎 把誰的心碎 寫得像全民關心 Pre-Chorus 後來我終於懂了 世界不問你懂不懂 只問你能不能 讓人停下三秒鐘 Chorus 小時候不讀書的我 長大學會了標題殺人 把溫柔切成兩半 把真相磨成刀刃 小時候不讀書的我 長大學會了標題殺人 一句話燒掉誰的安穩 換我在月底多領一份 Verse 2 我寫過「震驚」 寫過「你絕對想不到」 寫過愛情死因 寫得比愛情還吵 老闆說再狠一點 流量才會燃燒 我問良心多少錢 他說先看成效 那些被我改名的人生 在螢幕裡變輕 那些沒有說完的疼 被我剪成聲音 Pre-Chorus 2 後來我終於怕了 怕自己越來越熟練 怕一個人的一生 只剩下十五個字的側臉 Chorus 小時候不讀書的我 長大學會了標題殺人 把溫柔切成兩半 把真相磨成刀刃 小時候不讀書的我 長大學會了標題殺人 一行字，把人困成一生 轉傳千萬次 誰聽他出聲 Bridge 如果當年多讀一點書 會不會比較知道怎麼沉默 會不會在按下發布以前 想起誰也曾經是某人的宇宙 我不是壞人吧 我只是太怕沒人看見我 可當所有人都被看見 誰還記得怎麼好好活 Final Chorus 小時候不讀書的我 長大學會了標題殺人 把自己也寫成笑話 給陌生人轉發評論 小時候不讀書的我 終於讀懂了某種殘忍 最會殺人的標題 原來一直寫著我本人 Outro 老師啊 我現在會寫作文 只是每一篇 都不像人 
Verse 1 小時候老師說 書裡有黃金屋 我把課本墊高 偷看窗外的樹 考卷上的紅字 像命運的預告 說我這種孩子 長大不會太好
我沒背熟唐詩 沒算對應用題 卻學會在人群裡 找一句最鋒利 把寂寞改成爆點 把眼淚改成謎 把誰的心碎 寫得像全民關心
Pre-Chorus 後來我終於懂了 世界不問你懂不懂 只問你能不能 讓人停下三秒鐘
Chorus 小時候不讀書的我 長大學會了標題殺人 把溫柔切成兩半 把真相磨成刀刃
小時候不讀書的我 長大學會了標題殺人 一句話燒掉誰的安穩 換我在月底多領一份
Verse 2 我寫過「震驚」 寫過「你絕對想不到」 寫過愛情死因 寫得比愛情還吵 老闆說再狠一點 流量才會燃燒 我問良心多少錢 他說先看成效
那些被我改名的人生 在螢幕裡變輕 那些沒有說完的疼 被我剪成聲音
Pre-Chorus 2 後來我終於怕了 怕自己越來越熟練 怕一個人的一生 只剩下十五個字的側臉
Chorus 小時候不讀書的我 長大學會了標題殺人 把溫柔切成兩半 把真相磨成刀刃
小時候不讀書的我 長大學會了標題殺人 一行字，把人困成一生 轉傳千萬次 誰聽他出聲
Bridge 如果當年多讀一點書 會不會比較知道怎麼沉默 會不會在按下發布以前 想起誰也曾經是某人的宇宙
我不是壞人吧 我只是太怕沒人看見我 可當所有人都被看見 誰還記得怎麼好好活
Final Chorus 小時候不讀書的我 長大學會了標題殺人 把自己也寫成笑話 給陌生人轉發評論
小時候不讀書的我 終於讀懂了某種殘忍 最會殺人的標題 原來一直寫著我本人
Outro 老師啊 我現在會寫作文 只是每一篇 都不像人
留言（ 3 ） 最相關留言 所有留言
留言（ 3 ）",2026-09-19,,AI 生成 Pop,False,False,
2026-09-21 06:43:59,realtime,ai_generated,,,48,Seo Narin,《慢慢仔愛》,7,15,23,https://streetvoice.com/SeoNarin/songs/879815/,https://streetvoice.com/SeoNarin/,"https://akstatic.streetvoice.com/song_covers/Se/oN/SeoNarin/oUJfJtpuYSD7mBXZv8GSut.jpeg?x-oss-process=image/resize,m_fill,h_400,w_400,limit_0",images/879815.jpeg,@SeoNarin,音樂人,,,,5,17,26,,,https://www.youtube.com/user/StreetVoiceTV,,,R&B / Soul,精選台語歌單-《彼段青春》專輯,https://streetvoice.com/SeoNarin/songs/album/97326070/,Junna Lin,"《慢慢仔愛》是一首輕甜又真誠的台語情歌，寫的是愛情裡最簡單、也最讓人心動的幸福。 從靠近時忍不住加快的心跳，到雨夜裡牽著手一起走過街頭，那些看似平凡的小事，慢慢變成兩個人之間最珍貴的記憶。沒有轟轟烈烈的誓言，也不用刻意說得多浪漫，只要喜歡的人一直在身邊，就已經足夠。 歌曲以自然親切的台語口吻，描寫戀愛初期藏不住的害羞與甜蜜，也唱出一種簡單的愛情期待——今仔日到明仔載，一日一日陪伴，一步一步同行，予兩个人的愛慢慢仔發芽、慢慢仔開花。 毋免山盟海誓，有你佇身邊，就有夠啦。 《慢慢仔愛》，是一首關於陪伴、心動與日常幸福的歌。 愛毋免趕，咱慢慢仔行，慢慢仔愛。 🎤 演唱:AI ✍️ 詞:Junna Lin 🎼 曲:Junna Lin 🎧 建議在深夜或戴上耳機聆聽，感受每一層情緒。 
《慢慢仔愛》是一首輕甜又真誠的台語情歌，寫的是愛情裡最簡單、也最讓人心動的幸福。
從靠近時忍不住加快的心跳，到雨夜裡牽著手一起走過街頭，那些看似平凡的小事，慢慢變成兩個人之間最珍貴的記憶。沒有轟轟烈烈的誓言，也不用刻意說得多浪漫，只要喜歡的人一直在身邊，就已經足夠。
歌曲以自然親切的台語口吻，描寫戀愛初期藏不住的害羞與甜蜜，也唱出一種簡單的愛情期待——今仔日到明仔載，一日一日陪伴，一步一步同行，予兩个人的愛慢慢仔發芽、慢慢仔開花。
毋免山盟海誓，有你佇身邊，就有夠啦。
《慢慢仔愛》，是一首關於陪伴、心動與日常幸福的歌。 愛毋免趕，咱慢慢仔行，慢慢仔愛。
🎤 演唱:AI ✍️ 詞:Junna Lin 🎼 曲:Junna Lin
🎧 建議在深夜或戴上耳機聆聽，感受每一層情緒。","動態歌詞
你若行近我身邊 心肝就開始袂平靜 明明只是看一眼 煞予我的心攏亂去 你的笑容彼呢甜 親像春風吹過窗邊 我嘴內講無啥物 心內早就攏是你 你若輕輕牽我的手 我的心就亂糟糟 明明想欲裝鎮定 煞連笑容攏藏袂條 我欲一直陪佇你身邊 陪你過每一日每一暝 你若講一聲想我 我就飛去你遐揣你 我欲一直陪佇你身邊 予咱的愛慢慢仔發芽 毋免山盟海誓 你若疼我就有夠啦 落雨的暗暝 你共我行過雨中 一路牽手攏無放 閣講這無啥 我看你的面 煞感覺心內暖暖 原來真正的幸福 就是有人共你放心肝 你若輕輕叫我的名 我就笑甲像憨人 這款小小的快樂 我想欲收藏一世人 我欲一直陪佇你身邊 陪你過每一日每一暝 你若孤單就來揣我 我會一直佇遮等你 我欲一直陪佇你身邊 予咱的愛慢慢仔開花 毋免講甲偌好聽 你若佇遮就有夠啦 你行佇我身邊 時間親像變慢 一句一句講袂完 心內早就有答案 毋免講偌浪漫 有你就袂孤單 今仔日到明仔載 我攏欲陪你行 Oh baby 慢慢仔行 慢慢仔愛 有你佇身邊就精彩 
你若行近我身邊 心肝就開始袂平靜 明明只是看一眼 煞予我的心攏亂去 你的笑容彼呢甜 親像春風吹過窗邊 我嘴內講無啥物 心內早就攏是你 你若輕輕牽我的手 我的心就亂糟糟 明明想欲裝鎮定 煞連笑容攏藏袂條 我欲一直陪佇你身邊 陪你過每一日每一暝 你若講一聲想我 我就飛去你遐揣你 我欲一直陪佇你身邊 予咱的愛慢慢仔發芽 毋免山盟海誓 你若疼我就有夠啦 落雨的暗暝 你共我行過雨中 一路牽手攏無放 閣講這無啥 我看你的面 煞感覺心內暖暖 原來真正的幸福 就是有人共你放心肝 你若輕輕叫我的名 我就笑甲像憨人 這款小小的快樂 我想欲收藏一世人 我欲一直陪佇你身邊 陪你過每一日每一暝 你若孤單就來揣我 我會一直佇遮等你 我欲一直陪佇你身邊 予咱的愛慢慢仔開花 毋免講甲偌好聽 你若佇遮就有夠啦 你行佇我身邊 時間親像變慢 一句一句講袂完 心內早就有答案 毋免講偌浪漫 有你就袂孤單 今仔日到明仔載 我攏欲陪你行 Oh baby 慢慢仔行 慢慢仔愛 有你佇身邊就精彩
留言（ 23 ） 最相關留言 所有留言
留言（ 23 ）",2026-09-18,,AI 生成 R&B / Soul ・ 精選台語歌單-《彼段青春》專輯,False,False,
2026-09-21 06:43:59,realtime,ai_generated,,,49,阿痴 | REN fool,🩺一生只為你 | 全新婚禮神曲 * 新人放閃對唱 | 希波克拉底的誓言系列．最終章,12,58,13,https://streetvoice.com/ren_fool/songs/879932/,https://streetvoice.com/ren_fool/,"https://akstatic.streetvoice.com/song_covers/re/n_/ren_fool/oELazYzScgJQDauwuqsgBR.jpeg?x-oss-process=image/resize,m_fill,h_400,w_400,limit_0",images/879932.jpeg,@ren_fool,音樂人,,,,21,25,64,,,https://www.youtube.com/user/StreetVoiceTV,,,Pop,【 希波克拉底的誓言 】音樂裡的愛與忠誠 The Hippocratic Oath：Eternal Vows in Melodies,https://streetvoice.com/ren_fool/songs/album/97325304/,,"🎬 觀看 YouTube 官方完整 MV 👉 https://youtu.be/V5GfetaWaVg 🎵 解鎖更多音樂處方 (平台連結) 👉 https://beacons.ai/renfool 【希波克拉底的誓言系列．最終章】 《一生只為你》是「希波克拉底的誓言」系列的壓軸之作，作為系列大師兄《永遠的伴侶》的終極延伸版，特別融入了《情癡詩集》中的經典詩句「鴛鴦成對 鳳凰雙棲」。這是一首充滿浪漫與承諾的男女對唱婚禮神曲，獻給每一個認定彼此、相守一生的靈魂。 📜【 希波克拉底的誓言 】音樂裡的愛與忠誠 The Hippocratic Oath：Eternal Vows in Melodies 《希波克拉底誓言》（Hippocratic Oath）源自古希臘，是醫者入行的最高道德聖典，象徵著對生命的終身奉獻與絕對忠誠。 「我鄭重地保證自己要奉獻一切為人類服務。」 醫者用誓言守護生命，而我們用旋律守護承諾。本系列收錄告白、求婚與婚禮神曲，將對伴侶的忠誠視為最神聖的職責，這是一生一世的終極處方。 🏥 【 希波克拉底的誓言系列 】完整歌單： 💍 Vol.0 誓言原點 / Origin of Vows ・《永遠的伴侶》中文版 / 《You Are My Eternity》英文版・《Only You》英文對唱版 🕊️ Vol.1 浪漫示愛經典 / Classics of Romance ・《永遠愛妳》Classic / R&B+Rap 中文雙版 ・《When I Found You》英文版 💍 Vol.2 震撼求婚之歌 / Ultimate Proposal Anthems ・《世界的最後一秒》中文版 ・《The Last Second Of The World》英文版 🏰 Vol.3 全新婚禮金曲 / The Modern Wedding Anthems ・《一生只為你》中文對唱版 [Current Release] ・《Only For You》英文對唱版 [Coming Soon] 🩺 阿痴 | REN fool | 情歌診療室 The Lyric Clinic 🏥 用原創音樂與詩，療癒破碎的心與孤獨。 👉 免費訂閱 YouTube 頻道： https://www.youtube.com/@RENfool520?sub_confirmation=1 
🎬 觀看 YouTube 官方完整 MV 👉 https://youtu.be/V5GfetaWaVg 🎵 解鎖更多音樂處方 (平台連結) 👉 https://beacons.ai/renfool
https://youtu.be/V5GfetaWaVg
https://beacons.ai/renfool
【希波克拉底的誓言系列．最終章】 《一生只為你》是「希波克拉底的誓言」系列的壓軸之作，作為系列大師兄《永遠的伴侶》的終極延伸版，特別融入了《情癡詩集》中的經典詩句「鴛鴦成對 鳳凰雙棲」。這是一首充滿浪漫與承諾的男女對唱婚禮神曲，獻給每一個認定彼此、相守一生的靈魂。
📜【 希波克拉底的誓言 】音樂裡的愛與忠誠 The Hippocratic Oath：Eternal Vows in Melodies
《希波克拉底誓言》（Hippocratic Oath）源自古希臘，是醫者入行的最高道德聖典，象徵著對生命的終身奉獻與絕對忠誠。
「我鄭重地保證自己要奉獻一切為人類服務。」 醫者用誓言守護生命，而我們用旋律守護承諾。本系列收錄告白、求婚與婚禮神曲，將對伴侶的忠誠視為最神聖的職責，這是一生一世的終極處方。
🏥 【 希波克拉底的誓言系列 】完整歌單：
💍 Vol.0 誓言原點 / Origin of Vows ・《永遠的伴侶》中文版 / 《You Are My Eternity》英文版・《Only You》英文對唱版
🕊️ Vol.1 浪漫示愛經典 / Classics of Romance ・《永遠愛妳》Classic / R&B+Rap 中文雙版 ・《When I Found You》英文版
💍 Vol.2 震撼求婚之歌 / Ultimate Proposal Anthems ・《世界的最後一秒》中文版 ・《The Last Second Of The World》英文版
🏰 Vol.3 全新婚禮金曲 / The Modern Wedding Anthems ・《一生只為你》中文對唱版 [Current Release] ・《Only For You》英文對唱版 [Coming Soon]
🩺 阿痴 | REN fool | 情歌診療室 The Lyric Clinic 🏥 用原創音樂與詩，療癒破碎的心與孤獨。 👉 免費訂閱 YouTube 頻道： https://www.youtube.com/@RENfool520?sub_confirmation=1
https://www.youtube.com/@RENfool520?sub_confirmation=1","誰說我們不能在一起 誰能將我們分離 走過漫長的人海裡 我終於遇見你 那一天你走向我這裡 世界突然亮起 所有等待都有了意義 因為遇見了你 也許命運早已安排 讓我們相愛 在對的時間相遇 從此不再分開 一生只為你 我的世界都是你 鴛鴦成對 鳳凰雙棲 今生今世在一起 一生只為你 愛到白髮也不離 牽著手走過四季 你是我的唯一 當你說出那句願意 眼淚忍不住滑落 這一生最重要的決定 就是牽你的手 當我點頭說我願意 心跳如此堅定 未來再多風雨來臨 我都陪著你 如果世界變得陌生 我會陪在你身邊 如果時間帶走青春 愛不會改變 緊緊相依不離分 直到永遠 一生只為你 我的世界都是你 鴛鴦成對 鳳凰雙棲 此生永不分離 一生只為你 愛到時間都老去 從今以後的每一天 我都會更愛你 我願意 我願意 一輩子在一起 一生只為你 我的世界都是你 鴛鴦成對 鳳凰雙棲 此生永不分離 一生只為你 愛到時間都老去 從今以後的每一天 我都會更愛你 我願意 我願意 一輩子在一起 
誰說我們不能在一起 誰能將我們分離 走過漫長的人海裡 我終於遇見你
那一天你走向我這裡 世界突然亮起 所有等待都有了意義 因為遇見了你
也許命運早已安排 讓我們相愛 在對的時間相遇 從此不再分開
一生只為你 我的世界都是你 鴛鴦成對 鳳凰雙棲 今生今世在一起
一生只為你 愛到白髮也不離 牽著手走過四季 你是我的唯一
當你說出那句願意 眼淚忍不住滑落 這一生最重要的決定 就是牽你的手
當我點頭說我願意 心跳如此堅定 未來再多風雨來臨 我都陪著你
如果世界變得陌生 我會陪在你身邊 如果時間帶走青春 愛不會改變 緊緊相依不離分 直到永遠
一生只為你 我的世界都是你 鴛鴦成對 鳳凰雙棲 此生永不分離
一生只為你 愛到時間都老去 從今以後的每一天 我都會更愛你
我願意 我願意 一輩子在一起
一生只為你 我的世界都是你 鴛鴦成對 鳳凰雙棲 此生永不分離
一生只為你 愛到時間都老去 從今以後的每一天 我都會更愛你
我願意 我願意 一輩子在一起
留言（ 13 ） 最相關留言 所有留言
留言（ 13 ）",2026-09-18,,AI 生成 Pop ・ 【 希波克拉底的誓言 】音樂裡的愛與忠誠 The Hippocratic Oath：Eternal Vows in Melodies,False,False,
2026-09-21 06:43:59,realtime,ai_generated,,,50,tackey747,[โสดแล้วไง],3,7,0,https://streetvoice.com/tackey747/songs/878710/,https://streetvoice.com/tackey747/,"https://akstatic.streetvoice.com/song_covers/ta/ck/tackey747/BhGqoU5NLmozQgcYgtkPVC.jpeg?x-oss-process=image/resize,m_fill,h_400,w_400,limit_0",images/878710.jpeg,@tackey747,音樂人,,,,38,6,,,,https://www.youtube.com/user/StreetVoiceTV,,,Singer / Songwriter,,,,"【โสดแล้วไง】 #OL音樂  #單身女子音樂  #Office-Lady music  #bachelorette music 
【โสดแล้วไง】 #OL音樂  #單身女子音樂  #Office-Lady music  #bachelorette music","แสงเช้าในเมือง ส่องหน้าเธอทุกเช้า อายไลเนอร์สีดำ คมจนใครก็ต้องเหลียว ผมยาวพาดไหล่ แว่นบนจมูกดูเฉี่ยว สาวคนนี้ไม่ธรรมดา ยืนหนึ่งตั้งแต่ยังเช้า หน้าจอมือถือสว่าง บอกเวรวันนี้ต้องไป ก้าวออกจากห้องเดิม เข้าสู่โลกงานเดิมๆ ไป แต่หัวใจเธอไม่จม ยังมีไฟอยู่ข้างใน ใครจะถามเธอเท่าไร เธอก็ยิ้มแล้วปล่อยไป ร้อนแค่ไหนก็ต้องทน กลางวันมันอบอ้าว ใส่หูฟังแล้วเริ่มงาน พูดคำเดิมแบบเก่าๆ “สวัสดีค่ะ” “ดิฉันชื่อ…” คำเหล่านี้มันวนซ้ำ เสียงลูกค้าเข้ามาเรื่อย จนใจเธอแทบจะจำ ระบบงานมันกดดัน แต่เธอก็ยังนิ่ง แสงไฟสะท้อนแว่น ทำให้หน้าดูยิ่งนิ่ง ลูกค้าบางคนเจ้าเล่ห์ ชอบถามเกินเส้นทาง ถามว่าเมื่อไหร่จะมีแฟน เธอแค่สวนแบบแรงๆ “แล้วเธอจะมายุ่งทำไม ฉันโสดแล้วมันผิดตรงไหน” อยากจะรักก็เรื่องของฉัน ไม่ต้องมาวุ่นวาย ฉันไม่ใช่ของใคร และไม่ต้องให้ใครคุม ชีวิตฉันเลือกเอง จะซ้ายจะขวาฉันก็คุม ฉันไม่ต้องเป็นแม่ของใคร ฉันมีเงินเดือนของฉันเอง มีแมวตัวโปรดอยู่บ้าน มีเตียงนุ่มๆ ของฉันเอง อยากกินหม้อไฟเดือดๆ ไม่ต้องมีใครมาเซ็น ไม่กินพริกหยวกสีเขียว จุดยืนฉันชัดเจน ฉันรักได้แบบอิสระ กอดแมวก็ยังสุขใจ ใครจะบอกว่าผู้หญิง ต้องมีเรื่องรักมากมาย ฉันแค่อายุยี่สิบกว่า ผมยาว ใส่แว่น ดูไกล ชีวิตฉันไม่ต้องสปอยล์ เพราะบทของฉันฉันเขียนไว้ โสดแบบนี้ก็ดีอยู่ เหมือนลมที่พัดไปมา ไม่ต้องรีบ ไม่ต้องฝืน ไม่ต้องใครมาเสน่หา ฉันไม่ได้ไม่มีรัก แค่เลือกทางที่ฉันพอ จะรักใครก็ได้ทั้งนั้น แต่คืนนี้ขอกอดแมวก่อนพอ ชีวิตไม่เหมือนหนังดัง ไม่ได้มีแสงทุกวัน แต่เธอมีทางของเธอ ไม่ต้องถามใครทั้งนั้น GPS ก็ไม่จำเป็น เพราะเธอเชื่อในสัญชาตญาณ แฟนไม่ต้องเจอทุกวัน ไม่แปลว่ารักมันสั้น มีแมวคอยนอนข้างๆ เป็นเพื่อนยามใจล้า ความสุขต้องเป็นคู่ไหม ใครบอกมาจากฟ้า ฉันอยู่คนเดียวก็แกร่ง เหมือนราชินีบนบัลลังก์ ความสง่างามในตัว พาเธอผ่านทุกคืนพลั้ง ผมยาวเลยบ่า ชอบกอด ชอบจูบ ชอบไฟ รักแบบร้อนๆ ตรงๆ รักแล้วก็พร้อมไป ไม่มีใบรับรอง ไม่มีตราประทับใด แค่หัวใจสองดวง เต้นตรงกันก็พอใจ ฉันไม่อยากถูกผูก ไม่อยากอยู่ใต้คำสั่ง ความรักคือคนสองคน ไม่ใช่กรงที่ปิดดัง คุณรักฉันได้ แต่ห้ามหวังครอบครอง ฉันไม่ใช่ของสะสม และไม่เคยเป็นของใครต้องจอง ฉันชอบความโสดที่เลือกเอง เพราะมันจริงและมันชัด พร้อมจะรักเมื่ออยากรัก ไม่ต้องตอบใครทั้งสัปดาห์ งานก็ยังยุ่งเหมือนเดิม เวรหมุนวนทุกเดือนมา แต่ฉันไม่ลดมาตรฐาน ไม่ยอมให้ใครคุมค่า หลังเลิกงานฉันกลับบ้าน ไม่ไปนั่งรอใครปลอบ กลับไปกอดแมวให้ชอบ บางวันอยู่คนเดียว บางวันมีคนเคียง ชีวิตไม่ต้องเพอร์เฟกต์ แค่เป็นของฉันก็เพียง ฉันไม่ต้องเป็นแม่ของใคร ฉันมีงานของฉันเอง มีเตียงนุ่มๆ ของฉันเอง มีแมวตัวโปรดของฉันเอง มีหม้อไฟเดือดๆ กิน ไม่กินพริกหยวกสีเขียว มีวิธีคิดของฉัน มีโลกของฉันที่เฉี่ยว ฉันรักได้แบบอิสระ กอดแมวทั้งวันยังดี ใครบอกว่าผู้หญิงวัยนี้ ต้องโดนเฉลยทุกที ฉันแค่อายุยี่สิบกว่า ผมยาว แว่นตา เท่ดี ฉันกอดแมวไว้แน่นๆ แล้วปล่อยโลกไปตามวิธี ดังนั้นอย่าถามอีกเลย คำถามเดิมๆ พอที ถ้าวันไหนฉันอยากกินพริกหยวก ค่อยกลับมาถามฉันที [หัวเราะเบาๆ มั่นใจ] แล้วค่อยๆ หายไปกับเสียงดนตรี 
แสงเช้าในเมือง ส่องหน้าเธอทุกเช้า อายไลเนอร์สีดำ คมจนใครก็ต้องเหลียว ผมยาวพาดไหล่ แว่นบนจมูกดูเฉี่ยว สาวคนนี้ไม่ธรรมดา ยืนหนึ่งตั้งแต่ยังเช้า
หน้าจอมือถือสว่าง บอกเวรวันนี้ต้องไป ก้าวออกจากห้องเดิม เข้าสู่โลกงานเดิมๆ ไป แต่หัวใจเธอไม่จม ยังมีไฟอยู่ข้างใน ใครจะถามเธอเท่าไร เธอก็ยิ้มแล้วปล่อยไป
ร้อนแค่ไหนก็ต้องทน กลางวันมันอบอ้าว ใส่หูฟังแล้วเริ่มงาน พูดคำเดิมแบบเก่าๆ “สวัสดีค่ะ” “ดิฉันชื่อ…” คำเหล่านี้มันวนซ้ำ เสียงลูกค้าเข้ามาเรื่อย จนใจเธอแทบจะจำ
ระบบงานมันกดดัน แต่เธอก็ยังนิ่ง แสงไฟสะท้อนแว่น ทำให้หน้าดูยิ่งนิ่ง ลูกค้าบางคนเจ้าเล่ห์ ชอบถามเกินเส้นทาง ถามว่าเมื่อไหร่จะมีแฟน เธอแค่สวนแบบแรงๆ
“แล้วเธอจะมายุ่งทำไม ฉันโสดแล้วมันผิดตรงไหน” อยากจะรักก็เรื่องของฉัน ไม่ต้องมาวุ่นวาย ฉันไม่ใช่ของใคร และไม่ต้องให้ใครคุม ชีวิตฉันเลือกเอง จะซ้ายจะขวาฉันก็คุม
ฉันไม่ต้องเป็นแม่ของใคร ฉันมีเงินเดือนของฉันเอง มีแมวตัวโปรดอยู่บ้าน มีเตียงนุ่มๆ ของฉันเอง อยากกินหม้อไฟเดือดๆ ไม่ต้องมีใครมาเซ็น ไม่กินพริกหยวกสีเขียว จุดยืนฉันชัดเจน
ฉันรักได้แบบอิสระ กอดแมวก็ยังสุขใจ ใครจะบอกว่าผู้หญิง ต้องมีเรื่องรักมากมาย ฉันแค่อายุยี่สิบกว่า ผมยาว ใส่แว่น ดูไกล ชีวิตฉันไม่ต้องสปอยล์ เพราะบทของฉันฉันเขียนไว้
โสดแบบนี้ก็ดีอยู่ เหมือนลมที่พัดไปมา ไม่ต้องรีบ ไม่ต้องฝืน ไม่ต้องใครมาเสน่หา ฉันไม่ได้ไม่มีรัก แค่เลือกทางที่ฉันพอ จะรักใครก็ได้ทั้งนั้น แต่คืนนี้ขอกอดแมวก่อนพอ
ชีวิตไม่เหมือนหนังดัง ไม่ได้มีแสงทุกวัน แต่เธอมีทางของเธอ ไม่ต้องถามใครทั้งนั้น GPS ก็ไม่จำเป็น เพราะเธอเชื่อในสัญชาตญาณ แฟนไม่ต้องเจอทุกวัน ไม่แปลว่ารักมันสั้น
มีแมวคอยนอนข้างๆ เป็นเพื่อนยามใจล้า ความสุขต้องเป็นคู่ไหม ใครบอกมาจากฟ้า ฉันอยู่คนเดียวก็แกร่ง เหมือนราชินีบนบัลลังก์ ความสง่างามในตัว พาเธอผ่านทุกคืนพลั้ง
ผมยาวเลยบ่า ชอบกอด ชอบจูบ ชอบไฟ รักแบบร้อนๆ ตรงๆ รักแล้วก็พร้อมไป ไม่มีใบรับรอง ไม่มีตราประทับใด แค่หัวใจสองดวง เต้นตรงกันก็พอใจ
ฉันไม่อยากถูกผูก ไม่อยากอยู่ใต้คำสั่ง ความรักคือคนสองคน ไม่ใช่กรงที่ปิดดัง คุณรักฉันได้ แต่ห้ามหวังครอบครอง ฉันไม่ใช่ของสะสม และไม่เคยเป็นของใครต้องจอง
ฉันชอบความโสดที่เลือกเอง เพราะมันจริงและมันชัด พร้อมจะรักเมื่ออยากรัก ไม่ต้องตอบใครทั้งสัปดาห์ งานก็ยังยุ่งเหมือนเดิม เวรหมุนวนทุกเดือนมา แต่ฉันไม่ลดมาตรฐาน ไม่ยอมให้ใครคุมค่า
หลังเลิกงานฉันกลับบ้าน ไม่ไปนั่งรอใครปลอบ
กลับไปกอดแมวให้ชอบ บางวันอยู่คนเดียว บางวันมีคนเคียง ชีวิตไม่ต้องเพอร์เฟกต์ แค่เป็นของฉันก็เพียง
ฉันไม่ต้องเป็นแม่ของใคร ฉันมีงานของฉันเอง มีเตียงนุ่มๆ ของฉันเอง มีแมวตัวโปรดของฉันเอง มีหม้อไฟเดือดๆ กิน ไม่กินพริกหยวกสีเขียว มีวิธีคิดของฉัน มีโลกของฉันที่เฉี่ยว
ฉันรักได้แบบอิสระ กอดแมวทั้งวันยังดี ใครบอกว่าผู้หญิงวัยนี้ ต้องโดนเฉลยทุกที ฉันแค่อายุยี่สิบกว่า ผมยาว แว่นตา เท่ดี ฉันกอดแมวไว้แน่นๆ แล้วปล่อยโลกไปตามวิธี
ดังนั้นอย่าถามอีกเลย คำถามเดิมๆ พอที ถ้าวันไหนฉันอยากกินพริกหยวก ค่อยกลับมาถามฉันที [หัวเราะเบาๆ มั่นใจ] แล้วค่อยๆ หายไปกับเสียงดนตรี
留言（ 0 ） 最相關留言 所有留言
留言（ 0 ）",2026-09-20,,AI 生成 Singer / Songwriter,False,False,
