snapshot_time,chart_timeframe,chart_genre,chart_year,chart_week,rank,artist_name,song_title,likes_count,play_count,comments_count,song_url,artist_url,cover_image_url,cover_image_local_path,artist_handle,artist_identity,artist_city,artist_joined_date,artist_accredited_datetime,artist_music_count,artist_fans_count,artist_following_count,artist_facebook_url,artist_instagram_url,artist_youtube_url,related_news,big_thing_appearances,genre,album_title,album_url,collaborators,description,lyrics,release_date,song_accredited_datetime,honors,is_editor_recommended,is_song_of_the_day,critic_review_url
2026-08-15 22:40:47,realtime,folk,,,1,LÜCY,Looking at me,230,10845,9,https://streetvoice.com/lucymeow/songs/869888/,https://streetvoice.com/lucymeow/,"https://akstatic.streetvoice.com/song_covers/lu/cy/lucymeow/ZNGfN8PgCB3jdwf5xUL85h.jpeg?x-oss-process=image/resize,m_fixed,h_1,w_1,limit_0/resize,m_fixed,h_630,w_1200,limit_0/watermark,image_c29uZ19jb3ZlcnMvbHUvY3kvbHVjeW1lb3cvWk5HZk44UGdDQjNqZHdmNXhVTDg1aC5qcGVnP3gtb3NzLXByb2Nlc3M9aW1hZ2UvcmVzaXplLG1fZml4ZWQsaF8zNDQsd18zNDQsbGltaXRfMA,g_nw,x_428,y_143/watermark,image_YXNzZXQvaW1hZ2VzL21ldGFpbWFnZS1zb25nLnBuZw,g_nw,x_0,y_0",images/869888.jpeg,@lucymeow,音樂人,桃園市,2020-10-01,,19,9361,,https://www.facebook.com/Lucyfairygood,https://instagram.com/_lucyliao_,https://www.youtube.com/@LUCY-kc7zz,「PARK PARK@Tokyo」把現在的台灣音樂帶到東京！鄭宜農、陳珊妮、生祥樂隊、YELLOW黃宣、LÜCY接力登上東京舞台|||https://blow.streetvoice.com/87721/?utm_source=streetvoice&utm_medium=profile-news-block; LÜCY相隔兩年回歸台北舉辦專場《露西姑媽 2025晚安巡演》透露「專場會比專輯更私密、更純粹」|||https://blow.streetvoice.com/80100/?utm_source=streetvoice&utm_medium=profile-news-block; 【吹專訪】真的喜歡你的人會一直選擇你——LÜCY與恐懼共舞的《Dance on the Shoreline》：「這才是比較像我自己的，第一張專輯。」|||https://blow.streetvoice.com/77982/?utm_source=streetvoice&utm_medium=profile-news-block,,Singer / Songwriter,,,,"建立在令人起雞皮疙瘩的合成器聲響、深沉低頻與緩慢燃燒般的節奏之上，〈Looking at Me〉瀰漫著一種揮之不去的不安感。 這首歌取材自 LÜCY 過去生命中最黑暗的時期之一，穿梭於恐懼、記憶、自我認同，以及那種彷彿被注視著的詭異感受之間。 作詞 Lyricist｜LÜCY, Ben 作曲 Composer｜LÜCY, Eirik Hella 製作 Producer｜LÜCY, Eirik Hella 編曲 Arranger｜Eirik Hella 錄音工程師 Recording Engineer｜Eirik Hella, 邱建鈞 J-Jyun Ciou 混音工程師 Mixing Engineer｜Eirik Hella 母帶後期處理工程師 Mastering Engineer｜George Tanderø 
建立在令人起雞皮疙瘩的合成器聲響、深沉低頻與緩慢燃燒般的節奏之上，〈Looking at Me〉瀰漫著一種揮之不去的不安感。 這首歌取材自 LÜCY 過去生命中最黑暗的時期之一，穿梭於恐懼、記憶、自我認同，以及那種彷彿被注視著的詭異感受之間。
作詞 Lyricist｜LÜCY, Ben 作曲 Composer｜LÜCY, Eirik Hella 製作 Producer｜LÜCY, Eirik Hella 編曲 Arranger｜Eirik Hella 錄音工程師 Recording Engineer｜Eirik Hella, 邱建鈞 J-Jyun Ciou 混音工程師 Mixing Engineer｜Eirik Hella 母帶後期處理工程師 Mastering Engineer｜George Tanderø","First, tell me I am crazy Despite the love for you, can't keep on fighting I'm drowning in my dreams don't wake me up, wake me up I can't get up'cause they all looking at me I can't get up'cause they all looking at me This time you’re crazy, baby Someone without a name I can't keep on trying I'm drowning in my fears, in my tears Don't wake me up, wake me up I can't get help 'cause they all looking at me I can't get help 'cause they all looking at me I can't get help 'cause they all looking at me I can't get help 'cause they all looking at me 當全世界都看著我 翅膀它漸漸往上飛 我那顆心卻 掉啊 沉啊 讓懸崖接住我 是不是只要一跳躍下 我就會沒有重量 我又忘記吃飯了 恐懼包圍著我 我不想拿下耳機 我不想解釋 我不想笑得開心 我想要躲起來 為什麼不找工作 都閑閑沒事做 眼淚又開始失眠 Burning eyes in the night looking at me I can't get up 'cause they all looking at me I can't get up 'cause they all looking at me I can't get up 'cause they all looking at me Lucy, sing! 唱歌給我們聽 c’mon, just one song 你可以答應我27歲前先不要結婚嗎？ Lucy you will be rich you can have every bag you want trust me just don’t get pregnant haha… One single leap then I’ll be free oh nothing remains but me I cry and i pray but no one hears I’m weeping in my dream I can't get help 'cause they all looking at me I can't get help 'cause they all looking at me I can't get help 'cause they all looking at me I can’t get help so why you’re looking at me? 
First, tell me I am crazy Despite the love for you, can't keep on fighting I'm drowning in my dreams don't wake me up, wake me up I can't get up'cause they all looking at me I can't get up'cause they all looking at me
This time you’re crazy, baby Someone without a name I can't keep on trying I'm drowning in my fears, in my tears Don't wake me up, wake me up I can't get help 'cause they all looking at me I can't get help 'cause they all looking at me I can't get help 'cause they all looking at me I can't get help 'cause they all looking at me
當全世界都看著我 翅膀它漸漸往上飛 我那顆心卻 掉啊 沉啊 讓懸崖接住我
是不是只要一跳躍下 我就會沒有重量 我又忘記吃飯了 恐懼包圍著我
我不想拿下耳機 我不想解釋 我不想笑得開心 我想要躲起來
為什麼不找工作 都閑閑沒事做 眼淚又開始失眠 Burning eyes in the night looking at me I can't get up 'cause they all looking at me I can't get up 'cause they all looking at me I can't get up 'cause they all looking at me
Lucy, sing! 唱歌給我們聽 c’mon, just one song 你可以答應我27歲前先不要結婚嗎？ Lucy you will be rich you can have every bag you want trust me just don’t get pregnant haha…
One single leap then I’ll be free oh nothing remains but me I cry and i pray but no one hears I’m weeping in my dream
I can't get help 'cause they all looking at me I can't get help 'cause they all looking at me I can't get help 'cause they all looking at me I can’t get help so why you’re looking at me?
留言（ 9 ） 最相關留言 所有留言
留言（ 9 ）",2026-07-24,,Song of the Day; 週排行冠軍; 達人推薦; 編輯推薦,True,True,https://streetvoice.com/lucymeow/songs/869888/critic_reviews/
2026-08-15 22:40:47,realtime,folk,,,2,蔡題謙 Tee Train,在你離開之前擁抱我,22,2032,2,https://streetvoice.com/teetrain0112/songs/871581/,https://streetvoice.com/teetrain0112/,"https://akstatic.streetvoice.com/song_covers/te/et/teetrain0112/2xd8gwbzVEKFpEHPZ2ZGEC.jpeg?x-oss-process=image/resize,m_fixed,h_1,w_1,limit_0/resize,m_fixed,h_630,w_1200,limit_0/watermark,image_c29uZ19jb3ZlcnMvdGUvZXQvdGVldHJhaW4wMTEyLzJ4ZDhnd2J6VkVLRnBFSFBaMlpHRUMuanBlZz94LW9zcy1wcm9jZXNzPWltYWdlL3Jlc2l6ZSxtX2ZpeGVkLGhfMzQ0LHdfMzQ0LGxpbWl0XzA,g_nw,x_428,y_143/watermark,image_YXNzZXQvaW1hZ2VzL21ldGFpbWFnZS1zb25nLnBuZw,g_nw,x_0,y_0",images/871581.jpeg,@teetrain0112,音樂人,,,2024-01-11 17:13,11,3756,4,,,https://www.youtube.com/user/StreetVoiceTV,第二屆「街聲年度音樂趨勢大獎」擴大規模舉辦！邀張震嶽、熊仔、國國、鄭宜農擔任頒獎嘉賓|||https://blow.streetvoice.com/78673/?utm_source=streetvoice&utm_medium=profile-news-block; 金曲、金音前哨站，第二屆「𝙎𝙩𝙧𝙚𝙚𝙩𝙑𝙤𝙞𝙘𝙚 𝘼𝙬𝙖𝙧𝙙𝙨 街聲年度音樂趨勢大獎」公布全名單|||https://blow.streetvoice.com/78557/?utm_source=streetvoice&utm_medium=profile-news-block; 2024「秋OUT音樂節」9/28、9/29登場！九大舞台陣容、票價、場域全公開|||https://blow.streetvoice.com/76336/?utm_source=streetvoice&utm_medium=profile-news-block,,Singer / Songwriter,陪你等待黎明,https://streetvoice.com/teetrain0112/songs/album/97325877/,,"製作人 Producer/詹詠安 CHAN YUNG AN 作詞 Lyrics/蔡題謙 Tee Train 作曲 Composer/蔡題謙 Tee Train 編曲 Arranger/詹詠安 CHAN YUNG AN、蔡題謙 Tee Train 木吉他 Acoustic Guitar/蔡題謙 Tee Train 配唱製作人 Vocal Producer/蔡題謙 Tee Train 合聲編寫錄製 Background Vocal Arranger and Recording/詹詠安 CHAN YUNG AN、蔡題謙 Tee Train 錄音室 Recording Studio/TeeTrain’s Room 錄音師 Recording Engineer/詹詠安 CHAN YUNG AN、蔡題謙 Tee Train 混音師 Mixing Engineer/詹詠安 CHAN YUNG AN 母帶工程師 Mastering Engineer/史帝伏 Steve.Inn 平面攝影 Graphic photographer/林欣玫 May Lin 視覺設計Album Packaging/林欣玫 May Lin、蔡題謙 Tee Train 
製作人 Producer/詹詠安 CHAN YUNG AN 作詞 Lyrics/蔡題謙 Tee Train 作曲 Composer/蔡題謙 Tee Train 編曲 Arranger/詹詠安 CHAN YUNG AN、蔡題謙 Tee Train 木吉他 Acoustic Guitar/蔡題謙 Tee Train 配唱製作人 Vocal Producer/蔡題謙 Tee Train 合聲編寫錄製 Background Vocal Arranger and Recording/詹詠安 CHAN YUNG AN、蔡題謙 Tee Train 錄音室 Recording Studio/TeeTrain’s Room 錄音師 Recording Engineer/詹詠安 CHAN YUNG AN、蔡題謙 Tee Train 混音師 Mixing Engineer/詹詠安 CHAN YUNG AN 母帶工程師 Mastering Engineer/史帝伏 Steve.Inn 平面攝影 Graphic photographer/林欣玫 May Lin 視覺設計Album Packaging/林欣玫 May Lin、蔡題謙 Tee Train","我看著面前有人經過 卻沒有人回頭 我看著人來人往的街頭 卻沒有人在看我 為什麼我需要被人看見 我自己也不懂 或許這一切都在所難免 但我必須要說出口 又是一樣的念頭 一樣的寂寞 一樣又說著沒有人懂的感受 可不可以在你離開之前擁抱我 我再也無法回頭 我再也無法去說些什麼 表達我從來都不敢說的脆弱 我想盡辦法不再多說 卻沒辦法往前走 我用盡全力掙脫枷鎖 卻沒有力氣把握以後 
我看著面前有人經過 卻沒有人回頭 我看著人來人往的街頭 卻沒有人在看我 為什麼我需要被人看見 我自己也不懂 或許這一切都在所難免 但我必須要說出口
又是一樣的念頭 一樣的寂寞 一樣又說著沒有人懂的感受 可不可以在你離開之前擁抱我 我再也無法回頭 我再也無法去說些什麼 表達我從來都不敢說的脆弱
我想盡辦法不再多說 卻沒辦法往前走 我用盡全力掙脫枷鎖 卻沒有力氣把握以後
留言（ 2 ） 最相關留言 所有留言
留言（ 2 ）",2026-08-11,,編輯推薦,True,False,
2026-08-15 22:40:47,realtime,folk,,,3,Control T,被你依賴著,95,3452,6,https://streetvoice.com/ControlT/songs/873412/,https://streetvoice.com/ControlT/,"https://akstatic.streetvoice.com/song_covers/Co/nt/ControlT/gnTkSx3QuhYGEhbhKB2UBn.jpeg?x-oss-process=image/resize,m_fixed,h_1,w_1,limit_0/resize,m_fixed,h_630,w_1200,limit_0/watermark,image_c29uZ19jb3ZlcnMvQ28vbnQvQ29udHJvbFQvZ25Ua1N4M1F1aFlHRWhiaEtCMlVCbi5qcGVnP3gtb3NzLXByb2Nlc3M9aW1hZ2UvcmVzaXplLG1fZml4ZWQsaF8zNDQsd18zNDQsbGltaXRfMA,g_nw,x_428,y_143/watermark,image_YXNzZXQvaW1hZ2VzL21ldGFpbWFnZS1zb25nLnBuZw,g_nw,x_0,y_0",images/873412.jpeg,@ControlT,音樂人,,,2021-09-27 15:35,20,10523,15,https://www.facebook.com/controltband/,https://instagram.com/controltband,https://youtube.com/c/ControlTband,Control T成團十週年推出首張專輯《Waste Land》 實體邀葛萊美獎設計師于薇操刀|||https://blow.streetvoice.com/84668/?utm_source=streetvoice&utm_medium=profile-news-block; Control T懷抱刺痛心情寫下〈再見之前〉 重逢的矛盾感令人深感共鳴|||https://blow.streetvoice.com/56520/?utm_source=streetvoice&utm_medium=profile-news-block; 【StreetVoice新歌週報】Control T將悲傷化作夕陽美景 陳修澤沈澱之作上線|||https://blow.streetvoice.com/55665/?utm_source=streetvoice&utm_medium=profile-news-block,,Singer / Songwriter,,,,"歡迎拿去告白。 - 製作人 Producer | Control T 作詞人 Lyricist |   黃正嘉 Zheng Jia Huang 作曲人 Composer | 黃正嘉 Zheng Jia Huang 編曲 Music Arranger | 陳信伯 Hsinpo Chen /Control T 合聲編寫 Backing Vocal Arranger | 李妮蓁 Nichen Lee/黃正嘉 Zheng Jia Huang 主唱 Lead Vocalist | 李妮蓁 Nichen Lee/黃正嘉 Zheng Jia Huang 電吉他 Electric Guitar |呂理鈞 jimjim 木吉他 Acoustic Guitar | 黃正嘉 Zheng Jia Huang Bass | 陳俊榕 CJ/陳信伯 Hsinpo Chen 錄音師 Recording Engineer | 黃渝傑 UJay Huang 混音師 Mixing Engineer |   陳信伯 Hsinpo Chen 母帶後期工程師 Mastering Engineer |  陳信伯 Hsinpo Chen 錄音室 Recording Studio | One Stroke Studio Ⓟ & © 2025 Control T 出品 ｜ Control T OP｜吾聲有限公司 Signature Sound TW CO., LTD. SP｜Warner Chappell Music, Hong Kong Limited Taiwan Branch 
歡迎拿去告白。
-
製作人 Producer | Control T 作詞人 Lyricist |   黃正嘉 Zheng Jia Huang 作曲人 Composer | 黃正嘉 Zheng Jia Huang 編曲 Music Arranger | 陳信伯 Hsinpo Chen /Control T 合聲編寫 Backing Vocal Arranger | 李妮蓁 Nichen Lee/黃正嘉 Zheng Jia Huang 主唱 Lead Vocalist | 李妮蓁 Nichen Lee/黃正嘉 Zheng Jia Huang 電吉他 Electric Guitar |呂理鈞 jimjim 木吉他 Acoustic Guitar | 黃正嘉 Zheng Jia Huang Bass | 陳俊榕 CJ/陳信伯 Hsinpo Chen 錄音師 Recording Engineer | 黃渝傑 UJay Huang 混音師 Mixing Engineer |   陳信伯 Hsinpo Chen 母帶後期工程師 Mastering Engineer |  陳信伯 Hsinpo Chen 錄音室 Recording Studio | One Stroke Studio
Ⓟ & © 2025 Control T 出品 ｜ Control T OP｜吾聲有限公司 Signature Sound TW CO., LTD. SP｜Warner Chappell Music, Hong Kong Limited Taiwan Branch","一道流星劃破寂靜的夜空 在無形之中觸動了線索 與我的複雜不安交錯成畫 逐漸明朗 只想輕描淡寫渡過的分秒 但又在時時刻刻不停提醒我 此時你的笑容來的正是時侯 逐漸美好 多好 嘗試了幾百種顏色 想重現那獨特 特別是你眼裡光澤 和難以言喻的時刻 多麼渴望我是同樣的人 足以匹配的靈魂 哪怕只是因為 也想被你依賴著 想被你依賴著 只想輕描淡寫渡過的分秒 但又在時時刻刻不停提醒我 此時你的笑容來的正是時侯 逐漸美好 多好 嘗試了幾百種顏色 想重現那獨特 特別是你眼裡光澤 和難以言喻的時刻 多麼渴望我是同樣的人 足以匹配的靈魂 哪怕只是因為 嘗試了幾百種顏色 想重現那獨特 特別是你眼裡光澤 和難以言喻的時刻 多麼渴望我是同樣的人 足以匹配的靈魂 哪怕只是因為 想被你依賴著 想被你依賴著 
一道流星劃破寂靜的夜空 在無形之中觸動了線索 與我的複雜不安交錯成畫 逐漸明朗
只想輕描淡寫渡過的分秒 但又在時時刻刻不停提醒我 此時你的笑容來的正是時侯 逐漸美好 多好
嘗試了幾百種顏色 想重現那獨特 特別是你眼裡光澤 和難以言喻的時刻
多麼渴望我是同樣的人 足以匹配的靈魂 哪怕只是因為 也想被你依賴著 想被你依賴著
只想輕描淡寫渡過的分秒 但又在時時刻刻不停提醒我 此時你的笑容來的正是時侯 逐漸美好 多好
嘗試了幾百種顏色 想重現那獨特 特別是你眼裡光澤 和難以言喻的時刻
多麼渴望我是同樣的人 足以匹配的靈魂 哪怕只是因為
嘗試了幾百種顏色 想重現那獨特 特別是你眼裡光澤 和難以言喻的時刻
多麼渴望我是同樣的人 足以匹配的靈魂 哪怕只是因為 想被你依賴著 想被你依賴著
留言（ 6 ） 最相關留言 所有留言
留言（ 6 ）",2026-08-07,,編輯推薦,True,False,
2026-08-15 22:40:47,realtime,folk,,,4,蔡題謙 Tee Train,沒有人不痛苦,22,1238,0,https://streetvoice.com/teetrain0112/songs/871579/,https://streetvoice.com/teetrain0112/,"https://akstatic.streetvoice.com/song_covers/te/et/teetrain0112/Mj9tkcv2ucNzvXTKc69xjo.jpeg?x-oss-process=image/resize,m_fixed,h_1,w_1,limit_0/resize,m_fixed,h_630,w_1200,limit_0/watermark,image_c29uZ19jb3ZlcnMvdGUvZXQvdGVldHJhaW4wMTEyL01qOXRrY3YydWNOenZYVEtjNjl4am8uanBlZz94LW9zcy1wcm9jZXNzPWltYWdlL3Jlc2l6ZSxtX2ZpeGVkLGhfMzQ0LHdfMzQ0LGxpbWl0XzA,g_nw,x_428,y_143/watermark,image_YXNzZXQvaW1hZ2VzL21ldGFpbWFnZS1zb25nLnBuZw,g_nw,x_0,y_0",images/871579.jpeg,@teetrain0112,音樂人,,,2024-01-11 17:13,11,3756,4,,,https://www.youtube.com/user/StreetVoiceTV,第二屆「街聲年度音樂趨勢大獎」擴大規模舉辦！邀張震嶽、熊仔、國國、鄭宜農擔任頒獎嘉賓|||https://blow.streetvoice.com/78673/?utm_source=streetvoice&utm_medium=profile-news-block; 金曲、金音前哨站，第二屆「𝙎𝙩𝙧𝙚𝙚𝙩𝙑𝙤𝙞𝙘𝙚 𝘼𝙬𝙖𝙧𝙙𝙨 街聲年度音樂趨勢大獎」公布全名單|||https://blow.streetvoice.com/78557/?utm_source=streetvoice&utm_medium=profile-news-block; 2024「秋OUT音樂節」9/28、9/29登場！九大舞台陣容、票價、場域全公開|||https://blow.streetvoice.com/76336/?utm_source=streetvoice&utm_medium=profile-news-block,,Singer / Songwriter,陪你等待黎明,https://streetvoice.com/teetrain0112/songs/album/97325877/,,"製作人 Producer/詹詠安 CHAN YUNG AN 作詞 Lyrics/蔡題謙 Tee Train 作曲 Composer/蔡題謙 Tee Train 編曲 Arranger/詹詠安 CHAN YUNG AN、蔡題謙 Tee Train 木吉他 Acoustic Guitar/蔡題謙 Tee Train 貝斯 Bass/蘇柏宇 Jack Su 鋼琴 Piano/黃聖丰 Flashfish 合成器 Synthesizer/詹詠安 CHAN YUNG AN、黃聖丰 Flashfish、蔡題謙 Tee Train 配唱製作人 Vocal Producer/詹詠安 CHAN YUNG AN 合聲編寫錄製 Background Vocal Arranger and Recording/詹詠安 CHAN YUNG AN、蔡題謙 Tee Train 錄音室 Recording Studio/CHAN YUNG AN’s Room 錄音師 Recording Engineer/詹詠安 CHAN YUNG AN 混音師 Mixing Engineer/詹詠安 CHAN YUNG AN 母帶工程師 Mastering Engineer/史帝伏 Steve.Inn 平面攝影 Graphic photographer/林欣玫 May Lin 視覺設計Album Packaging/林欣玫 May Lin、蔡題謙 Tee Train 
製作人 Producer/詹詠安 CHAN YUNG AN 作詞 Lyrics/蔡題謙 Tee Train 作曲 Composer/蔡題謙 Tee Train 編曲 Arranger/詹詠安 CHAN YUNG AN、蔡題謙 Tee Train 木吉他 Acoustic Guitar/蔡題謙 Tee Train 貝斯 Bass/蘇柏宇 Jack Su 鋼琴 Piano/黃聖丰 Flashfish 合成器 Synthesizer/詹詠安 CHAN YUNG AN、黃聖丰 Flashfish、蔡題謙 Tee Train 配唱製作人 Vocal Producer/詹詠安 CHAN YUNG AN 合聲編寫錄製 Background Vocal Arranger and Recording/詹詠安 CHAN YUNG AN、蔡題謙 Tee Train 錄音室 Recording Studio/CHAN YUNG AN’s Room 錄音師 Recording Engineer/詹詠安 CHAN YUNG AN 混音師 Mixing Engineer/詹詠安 CHAN YUNG AN 母帶工程師 Mastering Engineer/史帝伏 Steve.Inn 平面攝影 Graphic photographer/林欣玫 May Lin 視覺設計Album Packaging/林欣玫 May Lin、蔡題謙 Tee Train","你說你很痛苦 你說你很孤獨 你說混濁的眼睛 該如何才能夠看清楚 看清快樂和悲傷 看清黎明和夕陽 看清地獄和天堂 看清現實和理想 我說沒人能看清楚 沒有人不孤獨 你所盼望的一切 背後也許都是麻木 都是燦爛或虛無 都是正確或錯誤 都是明白或糊塗 都是開始或結束 啊 沒有人不痛苦啊 那些乘風破浪的豁達 也有躊躇不前的掙扎 啊 我還在這裡啊 在你視線所及的地方 說著自以為是的解答 我說沒人能看清楚 沒有人不孤獨 你所盼望的一切 背後也許都是麻木 都是燦爛或虛無 都是正確或錯誤 都是明白或糊塗 都是開始或結束 
你說你很痛苦 你說你很孤獨 你說混濁的眼睛 該如何才能夠看清楚 看清快樂和悲傷 看清黎明和夕陽 看清地獄和天堂 看清現實和理想
我說沒人能看清楚 沒有人不孤獨 你所盼望的一切 背後也許都是麻木 都是燦爛或虛無 都是正確或錯誤 都是明白或糊塗 都是開始或結束
啊 沒有人不痛苦啊 那些乘風破浪的豁達 也有躊躇不前的掙扎 啊 我還在這裡啊 在你視線所及的地方 說著自以為是的解答
我說沒人能看清楚 沒有人不孤獨 你所盼望的一切 背後也許都是麻木 都是燦爛或虛無 都是正確或錯誤 都是明白或糊塗 都是開始或結束
留言（ 0 ） 最相關留言 所有留言
留言（ 0 ）",2026-08-11,,編輯推薦,True,False,
2026-08-15 22:40:47,realtime,folk,,,5,蔡題謙 Tee Train,帆,20,1023,1,https://streetvoice.com/teetrain0112/songs/871580/,https://streetvoice.com/teetrain0112/,"https://akstatic.streetvoice.com/song_covers/te/et/teetrain0112/dZ7C7bJa2zz4MVeEBEF2Rb.jpeg?x-oss-process=image/resize,m_fixed,h_1,w_1,limit_0/resize,m_fixed,h_630,w_1200,limit_0/watermark,image_c29uZ19jb3ZlcnMvdGUvZXQvdGVldHJhaW4wMTEyL2RaN0M3YkphMnp6NE1WZUVCRUYyUmIuanBlZz94LW9zcy1wcm9jZXNzPWltYWdlL3Jlc2l6ZSxtX2ZpeGVkLGhfMzQ0LHdfMzQ0LGxpbWl0XzA,g_nw,x_428,y_143/watermark,image_YXNzZXQvaW1hZ2VzL21ldGFpbWFnZS1zb25nLnBuZw,g_nw,x_0,y_0",images/871580.jpeg,@teetrain0112,音樂人,,,2024-01-11 17:13,11,3756,4,,,https://www.youtube.com/user/StreetVoiceTV,第二屆「街聲年度音樂趨勢大獎」擴大規模舉辦！邀張震嶽、熊仔、國國、鄭宜農擔任頒獎嘉賓|||https://blow.streetvoice.com/78673/?utm_source=streetvoice&utm_medium=profile-news-block; 金曲、金音前哨站，第二屆「𝙎𝙩𝙧𝙚𝙚𝙩𝙑𝙤𝙞𝙘𝙚 𝘼𝙬𝙖𝙧𝙙𝙨 街聲年度音樂趨勢大獎」公布全名單|||https://blow.streetvoice.com/78557/?utm_source=streetvoice&utm_medium=profile-news-block; 2024「秋OUT音樂節」9/28、9/29登場！九大舞台陣容、票價、場域全公開|||https://blow.streetvoice.com/76336/?utm_source=streetvoice&utm_medium=profile-news-block,,Singer / Songwriter,陪你等待黎明,https://streetvoice.com/teetrain0112/songs/album/97325877/,,"製作人 Producer/詹詠安 CHAN YUNG AN 作詞 Lyrics/蔡題謙 Tee Train 作曲 Composer/蔡題謙 Tee Train 編曲 Arranger/詹詠安 CHAN YUNG AN、蔡題謙 Tee Train 木吉他 Acoustic Guitar/蔡題謙 Tee Train 電吉他 Electric Guitar/蔡題謙 Tee Train 貝斯 Bass/蘇柏宇 Jack Su 鼓 Drums/陳楷傑 Jay Chen 鼓技師 Drum Technician/陳郁安 Cindy Chen 合成器 Synthesizer/詹詠安 CHAN YUNG AN 配唱製作人 Vocal Producer/詹詠安 CHAN YUNG AN 合聲編寫錄製 Background Vocal Arranger and Recording/詹詠安 CHAN YUNG AN、蔡題謙 Tee Train 錄音室 Recording Studio/TeeTrain’s Room、佳聲錄音室 錄音師 Recording Engineer/詹詠安 CHAN YUNG AN、林彥君 Andrew Lin 混音師 Mixing Engineer/詹詠安 CHAN YUNG AN 母帶工程師 Mastering Engineer/史帝伏 Steve.Inn 平面攝影 Graphic photographer/林欣玫 May Lin 視覺設計Album Packaging/林欣玫 May Lin、蔡題謙 Tee Train 
製作人 Producer/詹詠安 CHAN YUNG AN 作詞 Lyrics/蔡題謙 Tee Train 作曲 Composer/蔡題謙 Tee Train 編曲 Arranger/詹詠安 CHAN YUNG AN、蔡題謙 Tee Train 木吉他 Acoustic Guitar/蔡題謙 Tee Train 電吉他 Electric Guitar/蔡題謙 Tee Train 貝斯 Bass/蘇柏宇 Jack Su 鼓 Drums/陳楷傑 Jay Chen 鼓技師 Drum Technician/陳郁安 Cindy Chen 合成器 Synthesizer/詹詠安 CHAN YUNG AN 配唱製作人 Vocal Producer/詹詠安 CHAN YUNG AN 合聲編寫錄製 Background Vocal Arranger and Recording/詹詠安 CHAN YUNG AN、蔡題謙 Tee Train 錄音室 Recording Studio/TeeTrain’s Room、佳聲錄音室 錄音師 Recording Engineer/詹詠安 CHAN YUNG AN、林彥君 Andrew Lin 混音師 Mixing Engineer/詹詠安 CHAN YUNG AN 母帶工程師 Mastering Engineer/史帝伏 Steve.Inn 平面攝影 Graphic photographer/林欣玫 May Lin 視覺設計Album Packaging/林欣玫 May Lin、蔡題謙 Tee Train","你是一艘船 我是你的帆 前方的風景 我想帶你去看 可每當風吹起 又掀起了波瀾 你又想起多少遺憾 你的一輩子 有多少個日子 在歡笑中聽見自己的名字 你厭倦了等待 也厭倦了無奈 厭倦自己什麼都明白 我看著你離開 卻沒等到你回來 你說你厭倦了等待 也厭倦了無奈 厭倦自己什麼都明白 你經歷了多少遺憾 又再一次變的不堪 你最愛的一切 都不再一塵不染 於是你選擇拋棄了 你心愛的船 我看著你離開 卻沒等到你回來 你說你厭倦了等待 也厭倦了無奈 厭倦自己 厭倦自己 厭倦自己 厭倦自己 什麼都明白 可每當風吹起 又掀起了波瀾 你又想起多少遺憾 
你是一艘船 我是你的帆 前方的風景 我想帶你去看 可每當風吹起 又掀起了波瀾 你又想起多少遺憾
你的一輩子 有多少個日子 在歡笑中聽見自己的名字 你厭倦了等待 也厭倦了無奈 厭倦自己什麼都明白
我看著你離開 卻沒等到你回來 你說你厭倦了等待 也厭倦了無奈 厭倦自己什麼都明白
你經歷了多少遺憾 又再一次變的不堪 你最愛的一切 都不再一塵不染 於是你選擇拋棄了 你心愛的船
我看著你離開 卻沒等到你回來 你說你厭倦了等待 也厭倦了無奈 厭倦自己 厭倦自己 厭倦自己 厭倦自己 什麼都明白
可每當風吹起 又掀起了波瀾 你又想起多少遺憾
留言（ 1 ） 最相關留言 所有留言
留言（ 1 ）",2026-08-11,,編輯推薦,True,False,
2026-08-15 22:40:47,realtime,folk,,,6,日生人又 Shinio,荒草、蟬鳴、浮生、游離。 demo,3,330,0,https://streetvoice.com/shinio/songs/874065/,https://streetvoice.com/shinio/,"https://akstatic.streetvoice.com/song_covers/sh/in/shinio/jyHbtt77kdpHgAXyn4VuSX.jpeg?x-oss-process=image/resize,m_fixed,h_1,w_1,limit_0/resize,m_fixed,h_630,w_1200,limit_0/watermark,image_c29uZ19jb3ZlcnMvc2gvaW4vc2hpbmlvL2p5SGJ0dDc3a2RwSGdBWHluNFZ1U1guanBlZz94LW9zcy1wcm9jZXNzPWltYWdlL3Jlc2l6ZSxtX2ZpeGVkLGhfMzQ0LHdfMzQ0LGxpbWl0XzA,g_nw,x_428,y_143/watermark,image_YXNzZXQvaW1hZ2VzL21ldGFpbWFnZS1zb25nLnBuZw,g_nw,x_0,y_0",images/874065.jpeg,@shinio,音樂人,台灣,2020-04-01,,2,2,7,,,https://www.youtube.com/user/StreetVoiceTV,,,Folk,,,,"手握著方向盤 在城市的邊界徘徊 大概是這個月的生活總結 因為工作的關係 最近常在都市與田野間往返 通勤路上，車窗外是烈日、蟬鳴 有時候，覺得自己像個昆蟲學家 看萬物在盛夏裡流轉。 上週難得提早下班回家 把記事本裡的雜記翻開哼哼唱唱 慢慢誕生了這首歌 歌詞裡的「涉世未深，但也不曾遠離。」 大概最能形容現在的狀態 詞曲/編曲/封面：Shinio 
手握著方向盤 在城市的邊界徘徊 大概是這個月的生活總結
因為工作的關係 最近常在都市與田野間往返 通勤路上，車窗外是烈日、蟬鳴 有時候，覺得自己像個昆蟲學家 看萬物在盛夏裡流轉。
上週難得提早下班回家 把記事本裡的雜記翻開哼哼唱唱 慢慢誕生了這首歌
歌詞裡的「涉世未深，但也不曾遠離。」 大概最能形容現在的狀態
詞曲/編曲/封面：Shinio","他是昆蟲學家 感嘆夏天的到來 握著方向盤 在城市的邊界徘徊 鳴蟬在葉間剝落 萬物在烈日下曝曬 山上的牧童 在生活裡百無聊賴 無來 亦無去 風止 幡意息 野草在廢墟裡 在最深處 見過你 黑夜在眼眶裡沉積 在最深處聽見轟鳴 涉世未深 但也不曾遠離 -------- 童心未泯 依然天真 依然赤誠 涉世未深 不深涉 不願深涉 離世未遠 不遠離 不願遠離 浮生未定 不逃避 (再來一遍) -------- 無來 亦無去 風止 幡意息 野草在廢墟裡 在最深處 見過你 黑夜在眼眶裡沉積 最深處聽見轟鳴 涉世未深 但也不曾遠離 
他是昆蟲學家 感嘆夏天的到來 握著方向盤 在城市的邊界徘徊
鳴蟬在葉間剝落 萬物在烈日下曝曬 山上的牧童 在生活裡百無聊賴
無來 亦無去 風止 幡意息 野草在廢墟裡 在最深處 見過你
黑夜在眼眶裡沉積 在最深處聽見轟鳴
涉世未深 但也不曾遠離 -------- 童心未泯 依然天真 依然赤誠
涉世未深 不深涉 不願深涉
離世未遠 不遠離 不願遠離
浮生未定 不逃避
(再來一遍) -------- 無來 亦無去 風止 幡意息 野草在廢墟裡 在最深處 見過你
黑夜在眼眶裡沉積 最深處聽見轟鳴
涉世未深 但也不曾遠離
留言（ 0 ） 最相關留言 所有留言
留言（ 0 ）",2026-08-11,,編輯推薦,True,False,
2026-08-15 22:40:47,realtime,folk,,,7,周國賢 endykohola jaugwokyin,DeepConversation (demo1) 22Apr2021,13,352,4,https://streetvoice.com/vagueEyes/songs/874337/,https://streetvoice.com/vagueEyes/,"https://akstatic.streetvoice.com/song_covers/va/gu/vagueEyes/ndf5u7yuqtxGFcMgJp6NHx.jpg?x-oss-process=image/resize,m_fixed,h_1,w_1,limit_0/resize,m_fixed,h_630,w_1200,limit_0/watermark,image_c29uZ19jb3ZlcnMvdmEvZ3UvdmFndWVFeWVzL25kZjV1N3l1cXR4R0ZjTWdKcDZOSHguanBnP3gtb3NzLXByb2Nlc3M9aW1hZ2UvcmVzaXplLG1fZml4ZWQsaF8zNDQsd18zNDQsbGltaXRfMA,g_nw,x_428,y_143/watermark,image_YXNzZXQvaW1hZ2VzL21ldGFpbWFnZS1zb25nLnBuZw,g_nw,x_0,y_0",images/874337.jpg,@vagueEyes,音樂人,其他,2006-08-01,,17,750,11,,,https://www.youtube.com/user/StreetVoiceTV,,,Singer / Songwriter,,,,,"這是沒有提供歌詞的歌曲
留言（ 4 ） 最相關留言 所有留言
留言（ 4 ）",2026-08-13,,,False,False,
2026-08-15 22:40:47,realtime,folk,,,8,蔡題謙 Tee Train,陪你等待黎明,17,758,1,https://streetvoice.com/teetrain0112/songs/871583/,https://streetvoice.com/teetrain0112/,"https://akstatic.streetvoice.com/song_covers/te/et/teetrain0112/2uEGEEWsdRUMBDyg4GLasu.jpeg?x-oss-process=image/resize,m_fixed,h_1,w_1,limit_0/resize,m_fixed,h_630,w_1200,limit_0/watermark,image_c29uZ19jb3ZlcnMvdGUvZXQvdGVldHJhaW4wMTEyLzJ1RUdFRVdzZFJVTUJEeWc0R0xhc3UuanBlZz94LW9zcy1wcm9jZXNzPWltYWdlL3Jlc2l6ZSxtX2ZpeGVkLGhfMzQ0LHdfMzQ0LGxpbWl0XzA,g_nw,x_428,y_143/watermark,image_YXNzZXQvaW1hZ2VzL21ldGFpbWFnZS1zb25nLnBuZw,g_nw,x_0,y_0",images/871583.jpeg,@teetrain0112,音樂人,,,2024-01-11 17:13,11,3756,4,,,https://www.youtube.com/user/StreetVoiceTV,第二屆「街聲年度音樂趨勢大獎」擴大規模舉辦！邀張震嶽、熊仔、國國、鄭宜農擔任頒獎嘉賓|||https://blow.streetvoice.com/78673/?utm_source=streetvoice&utm_medium=profile-news-block; 金曲、金音前哨站，第二屆「𝙎𝙩𝙧𝙚𝙚𝙩𝙑𝙤𝙞𝙘𝙚 𝘼𝙬𝙖𝙧𝙙𝙨 街聲年度音樂趨勢大獎」公布全名單|||https://blow.streetvoice.com/78557/?utm_source=streetvoice&utm_medium=profile-news-block; 2024「秋OUT音樂節」9/28、9/29登場！九大舞台陣容、票價、場域全公開|||https://blow.streetvoice.com/76336/?utm_source=streetvoice&utm_medium=profile-news-block,,Singer / Songwriter,陪你等待黎明,https://streetvoice.com/teetrain0112/songs/album/97325877/,,"製作人 Producer/詹詠安 CHAN YUNG AN 作詞 Lyrics/蔡題謙 Tee Train 作曲 Composer/蔡題謙 Tee Train 編曲 Arranger/詹詠安 CHAN YUNG AN、蔡題謙 Tee Train 貝斯 Bass/蔡題謙 Tee Train 鼓 Drums/詹詠安 CHAN YUNG AN 合成器 Synthesizer/詹詠安 CHAN YUNG AN 配唱製作人 Vocal Producer/詹詠安 CHAN YUNG AN 合聲編寫錄製 Background Vocal Arranger and Recording/詹詠安 CHAN YUNG AN、蔡題謙 Tee Train 錄音室 Recording Studio/CHAN YUNG AN’s Room 錄音師 Recording Engineer/詹詠安 CHAN YUNG AN 混音師 Mixing Engineer/詹詠安 CHAN YUNG AN 母帶工程師 Mastering Engineer/史帝伏 Steve.Inn 平面攝影 Graphic photographer/林欣玫 May Lin 視覺設計Album Packaging/林欣玫 May Lin、蔡題謙 Tee Train 
製作人 Producer/詹詠安 CHAN YUNG AN 作詞 Lyrics/蔡題謙 Tee Train 作曲 Composer/蔡題謙 Tee Train 編曲 Arranger/詹詠安 CHAN YUNG AN、蔡題謙 Tee Train 貝斯 Bass/蔡題謙 Tee Train 鼓 Drums/詹詠安 CHAN YUNG AN 合成器 Synthesizer/詹詠安 CHAN YUNG AN 配唱製作人 Vocal Producer/詹詠安 CHAN YUNG AN 合聲編寫錄製 Background Vocal Arranger and Recording/詹詠安 CHAN YUNG AN、蔡題謙 Tee Train 錄音室 Recording Studio/CHAN YUNG AN’s Room 錄音師 Recording Engineer/詹詠安 CHAN YUNG AN 混音師 Mixing Engineer/詹詠安 CHAN YUNG AN 母帶工程師 Mastering Engineer/史帝伏 Steve.Inn 平面攝影 Graphic photographer/林欣玫 May Lin 視覺設計Album Packaging/林欣玫 May Lin、蔡題謙 Tee Train","你站在原地 看著自己 被困在這裡 被人們忘記 你用力吶喊 在只有自己的夜晚 把明天當作答案 可今天卻過不完 你又在夜裡獨自傷心 沒有目的也沒有原因 誰都不能明白 這不是你的決定 一次又一次 失去控制 於是你拼命讓它消失 卻只能淚流不止 躲在我懷裡哭泣 我卻無能為力 你也早已厭倦了生死 和自己的樣子 夜晚終究會過去 我陪你等待黎明 你用力吶喊 在只有自己的夜晚 把昨天當作遺憾 對自己說晚安 
你站在原地 看著自己 被困在這裡 被人們忘記 你用力吶喊 在只有自己的夜晚 把明天當作答案 可今天卻過不完
你又在夜裡獨自傷心 沒有目的也沒有原因 誰都不能明白 這不是你的決定 一次又一次 失去控制
於是你拼命讓它消失 卻只能淚流不止 躲在我懷裡哭泣 我卻無能為力 你也早已厭倦了生死 和自己的樣子 夜晚終究會過去 我陪你等待黎明
你用力吶喊 在只有自己的夜晚 把昨天當作遺憾 對自己說晚安
留言（ 1 ） 最相關留言 所有留言
留言（ 1 ）",2026-08-11,,編輯推薦,True,False,
2026-08-15 22:40:47,realtime,folk,,,9,君君桑,在地鐵裡,2,114,6,https://streetvoice.com/hochun/songs/874413/,https://streetvoice.com/hochun/,"https://akstatic.streetvoice.com/song_covers/ho/ch/hochun/UigitTpZQZXfP4xi35bmru.jpeg?x-oss-process=image/resize,m_fixed,h_1,w_1,limit_0/resize,m_fixed,h_630,w_1200,limit_0/watermark,image_c29uZ19jb3ZlcnMvaG8vY2gvaG9jaHVuL1VpZ2l0VHBaUVpYZlA0eGkzNWJtcnUuanBlZz94LW9zcy1wcm9jZXNzPWltYWdlL3Jlc2l6ZSxtX2ZpeGVkLGhfMzQ0LHdfMzQ0LGxpbWl0XzA,g_nw,x_428,y_143/watermark,image_YXNzZXQvaW1hZ2VzL21ldGFpbWFnZS1zb25nLnBuZw,g_nw,x_0,y_0",images/874413.jpeg,@hochun,音樂人,新北市,2013-08-01,,9,5,2,,,https://www.youtube.com/user/StreetVoiceTV,,,Singer / Songwriter,,,,"這首歌的副歌的旋律，我自己覺得很打動我的心，加上歌詞讓我覺得很心酸的感覺 
這首歌的副歌的旋律，我自己覺得很打動我的心，加上歌詞讓我覺得很心酸的感覺","( verse ) 你總是說我們 缺少一種感動 我知道是少了戀愛的滋味 你不清楚 愛是什麼 只想要有人陪 （ chorus ) 依然記得在地鐵裡 你擁抱著我 不願說分手 淚水一直流 只能當作最後你的溫柔 依然記得在馬路邊 你親吻著我 不願說出口 你已不愛我 只剩親人的互動 傷心的街頭 （ chorus 2 ) 依然記得在地鐵裡 你擁抱著我 不願說分手 淚水一直流 只能當作最後你的溫柔 依然記得在馬路邊 你親吻著我 不願說出口 你已不愛我 只剩親人的互動 傷心的街頭 
( verse ) 你總是說我們 缺少一種感動 我知道是少了戀愛的滋味 你不清楚 愛是什麼 只想要有人陪
（ chorus ) 依然記得在地鐵裡 你擁抱著我 不願說分手 淚水一直流 只能當作最後你的溫柔
依然記得在馬路邊 你親吻著我 不願說出口 你已不愛我 只剩親人的互動 傷心的街頭
（ chorus 2 ) 依然記得在地鐵裡 你擁抱著我 不願說分手 淚水一直流 只能當作最後你的溫柔
依然記得在馬路邊 你親吻著我 不願說出口 你已不愛我 只剩親人的互動 傷心的街頭
留言（ 6 ） 最相關留言 所有留言
留言（ 6 ）",2026-08-14,,AI 協作 Singer / Songwriter,False,False,
2026-08-15 22:40:47,realtime,folk,,,10,David Wei 魏品勻,貪戀,1,18,0,https://streetvoice.com/davidwei/songs/874300/,https://streetvoice.com/davidwei/,"https://akstatic.streetvoice.com/song_covers/da/vi/davidwei/iXn4dZc3SLZ396QYhuxLwS.jpeg?x-oss-process=image/resize,m_fixed,h_1,w_1,limit_0/resize,m_fixed,h_630,w_1200,limit_0/watermark,image_c29uZ19jb3ZlcnMvZGEvdmkvZGF2aWR3ZWkvaVhuNGRaYzNTTFozOTZRWWh1eEx3Uy5qcGVnP3gtb3NzLXByb2Nlc3M9aW1hZ2UvcmVzaXplLG1fZml4ZWQsaF8zNDQsd18zNDQsbGltaXRfMA,g_nw,x_428,y_143/watermark,image_YXNzZXQvaW1hZ2VzL21ldGFpbWFnZS1zb25nLnBuZw,g_nw,x_0,y_0",images/874300.jpeg,@davidwei,音樂人,台北市,2014-06-01,2023-01-13 16:29,11,102,20,https://www.facebook.com/davidwei0201?mibextid=LQQJ4d,https://instagram.com/davidwei0201,https://youtube.com/@alicegood36,,,Singer / Songwriter,,,,"每一次告別後， 心總急著奔向下一個懷抱， 好像只要有人愛著，日子就能繼續。 直到停下來，才發現那些傷，從來沒有真正痊癒。 —— 寫給那些曾以愛情為生的人 ·⌁⌁⌁·⌁⌁⌁ 30% ⌁⌁⌁·⌁⌁⌁· //音樂製作名單 Music Credits// 詞 Lyricist｜魏品勻David Wei 曲 Composer ｜魏品勻David Wei 製作人 Producer ｜魏品勻David Wei 執行製作 Executive Producer｜林均憲 Shan Lin 編曲 Arrangement｜林均憲 Shan Lin 電吉他 Electric Guitar｜鄭劭華  Ernie Cheng 電子鼓編輯 Drum Programming｜賴以弘 Steven Lai 和聲 Backing Vocals｜魏品勻David Wei 錄音工程師 Recording Engineer｜林均憲 Shan Lin 混音工程師 Mixing Engineer｜林均憲 Shan Lin 母帶工程師 Mastering Engineer｜Thomas Chuang 母帶後期錄音室 Mastering Studio｜Sketch Studio 專輯企劃 Project Coordinator｜王雁苓 Annie Wang 單曲封面 Single Cover｜吳昌諺 Ken Wu 
每一次告別後， 心總急著奔向下一個懷抱， 好像只要有人愛著，日子就能繼續。
直到停下來，才發現那些傷，從來沒有真正痊癒。
—— 寫給那些曾以愛情為生的人
·⌁⌁⌁·⌁⌁⌁ 30% ⌁⌁⌁·⌁⌁⌁·
//音樂製作名單 Music Credits//
詞 Lyricist｜魏品勻David Wei 曲 Composer ｜魏品勻David Wei 製作人 Producer ｜魏品勻David Wei 執行製作 Executive Producer｜林均憲 Shan Lin 編曲 Arrangement｜林均憲 Shan Lin 電吉他 Electric Guitar｜鄭劭華  Ernie Cheng 電子鼓編輯 Drum Programming｜賴以弘 Steven Lai 和聲 Backing Vocals｜魏品勻David Wei 錄音工程師 Recording Engineer｜林均憲 Shan Lin 混音工程師 Mixing Engineer｜林均憲 Shan Lin 母帶工程師 Mastering Engineer｜Thomas Chuang 母帶後期錄音室 Mastering Studio｜Sketch Studio 專輯企劃 Project Coordinator｜王雁苓 Annie Wang 單曲封面 Single Cover｜吳昌諺 Ken Wu","動態歌詞
我不知道 一個人的日子 怎麼活才好 我只是順從本能地找尋依靠 就算是曇花一現的那種溫暖也好 我不知道 一個人的日子 怎麼過才算好 是假裝只有自己也能擁抱 還是笑著說著 眼淚就掉了 我貪婪的在回憶裡舊地重溫 找尋著方法能再次以愛情為生 每一次曖昧擁抱和親吻 都是我的養分 我貪婪的在孤獨裡掙扎求生 找尋著方法能再次以愛情為生 嗚～嗚～ 我不知道 一個人的日子 怎麼活才好 我只是順從本能地找尋依靠 就算是曇花一現的那種溫暖也好 我不知道 一個人的日子 怎麼活才算好 管他們說我再也無可救藥 就算一遍又一遍的壯烈犧牲 我貪婪的在回憶裡舊地重溫 找尋著方法能再次以愛情為生 每一次曖昧擁抱和親吻 都是我的養分 我貪婪的在孤獨裡掙扎求生 找尋著方法能再次以愛情為生 嗚～嗚～ 也許 一個人 也會有燦爛光明的人生 但昏暗的孤獨的不想再承受了 我已在愛裡沈淪 我貪婪的在回憶裡舊地重溫 找尋著方法能再次以愛情為生 每一次曖昧擁抱和親吻 都是我的養分 我貪婪的在孤獨裡掙扎求生 找尋著方法能再次以愛情為生 嗚～嗚～ 為了能再嚐到愛情 我奮不顧身 
我不知道 一個人的日子 怎麼活才好 我只是順從本能地找尋依靠 就算是曇花一現的那種溫暖也好
我不知道 一個人的日子 怎麼過才算好 是假裝只有自己也能擁抱 還是笑著說著 眼淚就掉了
我貪婪的在回憶裡舊地重溫 找尋著方法能再次以愛情為生 每一次曖昧擁抱和親吻 都是我的養分
我貪婪的在孤獨裡掙扎求生 找尋著方法能再次以愛情為生 嗚～嗚～
我不知道 一個人的日子 怎麼活才好 我只是順從本能地找尋依靠 就算是曇花一現的那種溫暖也好 我不知道 一個人的日子 怎麼活才算好 管他們說我再也無可救藥 就算一遍又一遍的壯烈犧牲
我貪婪的在回憶裡舊地重溫 找尋著方法能再次以愛情為生 每一次曖昧擁抱和親吻 都是我的養分
我貪婪的在孤獨裡掙扎求生 找尋著方法能再次以愛情為生 嗚～嗚～
也許 一個人 也會有燦爛光明的人生 但昏暗的孤獨的不想再承受了 我已在愛裡沈淪
我貪婪的在回憶裡舊地重溫 找尋著方法能再次以愛情為生 每一次曖昧擁抱和親吻 都是我的養分
我貪婪的在孤獨裡掙扎求生 找尋著方法能再次以愛情為生 嗚～嗚～
為了能再嚐到愛情 我奮不顧身
留言（ 0 ） 最相關留言 所有留言
留言（ 0 ）",2026-08-14,,編輯推薦,True,False,
2026-08-15 22:40:47,realtime,folk,,,11,駱羿 Lewis,就讓我一個人demo,1,114,2,https://streetvoice.com/blue_bar_53t/songs/874251/,https://streetvoice.com/blue_bar_53t/,"https://akstatic.streetvoice.com/profile_images/bl/ue/blue_bar_53t/encJNcigvWbhR2YQJL97EG.jpg?x-oss-process=image/resize,m_fixed,h_1,w_1,limit_0/resize,m_fixed,h_630,w_1200,limit_0/watermark,image_cHJvZmlsZV9pbWFnZXMvYmwvdWUvYmx1ZV9iYXJfNTN0L2VuY0pOY2lndldiaFIyWVFKTDk3RUcuanBnP3gtb3NzLXByb2Nlc3M9aW1hZ2UvcmVzaXplLG1fZml4ZWQsaF8zNDQsd18zNDQsbGltaXRfMA,g_nw,x_428,y_143/watermark,image_YXNzZXQvaW1hZ2VzL21ldGFpbWFnZS1zb25nLnBuZw,g_nw,x_0,y_0",images/874251.jpg,@blue_bar_53t,音樂人,,,,6,12,1,,,https://www.youtube.com/user/StreetVoiceTV,,,Singer / Songwriter,,,,,"吹著冷風 感受寂寞 混亂疑惑 纏繞指縫 昨夜的夢 還給天空 迷失的夢 還給我 藏著傷口 人海遊走 壓抑的淚 過於沈重 還有什麼話 沒說 說了以後 能改變什麼 就讓我一個人 讓我學會不再逃避 讓我一個人 畏懼 你曾是夜裡照耀我的那一盞燈 我親手摘下了 就讓我一個人 讓我學會照顧自己 讓我一個人 哭泣 我曾是你夢裡不離開的那個人 句點我寫下了 未來還給你了 
吹著冷風 感受寂寞 混亂疑惑 纏繞指縫 昨夜的夢 還給天空 迷失的夢 還給我
藏著傷口 人海遊走 壓抑的淚 過於沈重 還有什麼話 沒說 說了以後 能改變什麼
就讓我一個人 讓我學會不再逃避 讓我一個人 畏懼 你曾是夜裡照耀我的那一盞燈 我親手摘下了
就讓我一個人 讓我學會照顧自己 讓我一個人 哭泣 我曾是你夢裡不離開的那個人 句點我寫下了 未來還給你了
留言（ 2 ） 最相關留言 所有留言
留言（ 2 ）",2026-08-12,,編輯推薦,True,False,
2026-08-15 22:40:47,realtime,folk,,,12,蔡題謙 Tee Train,晚安,8,619,0,https://streetvoice.com/teetrain0112/songs/871582/,https://streetvoice.com/teetrain0112/,"https://akstatic.streetvoice.com/song_covers/te/et/teetrain0112/TBbNomS6FAKAYkrdGPCcuN.jpeg?x-oss-process=image/resize,m_fixed,h_1,w_1,limit_0/resize,m_fixed,h_630,w_1200,limit_0/watermark,image_c29uZ19jb3ZlcnMvdGUvZXQvdGVldHJhaW4wMTEyL1RCYk5vbVM2RkFLQVlrcmRHUENjdU4uanBlZz94LW9zcy1wcm9jZXNzPWltYWdlL3Jlc2l6ZSxtX2ZpeGVkLGhfMzQ0LHdfMzQ0LGxpbWl0XzA,g_nw,x_428,y_143/watermark,image_YXNzZXQvaW1hZ2VzL21ldGFpbWFnZS1zb25nLnBuZw,g_nw,x_0,y_0",images/871582.jpeg,@teetrain0112,音樂人,,,2024-01-11 17:13,11,3756,4,,,https://www.youtube.com/user/StreetVoiceTV,第二屆「街聲年度音樂趨勢大獎」擴大規模舉辦！邀張震嶽、熊仔、國國、鄭宜農擔任頒獎嘉賓|||https://blow.streetvoice.com/78673/?utm_source=streetvoice&utm_medium=profile-news-block; 金曲、金音前哨站，第二屆「𝙎𝙩𝙧𝙚𝙚𝙩𝙑𝙤𝙞𝙘𝙚 𝘼𝙬𝙖𝙧𝙙𝙨 街聲年度音樂趨勢大獎」公布全名單|||https://blow.streetvoice.com/78557/?utm_source=streetvoice&utm_medium=profile-news-block; 2024「秋OUT音樂節」9/28、9/29登場！九大舞台陣容、票價、場域全公開|||https://blow.streetvoice.com/76336/?utm_source=streetvoice&utm_medium=profile-news-block,,Singer / Songwriter,陪你等待黎明,https://streetvoice.com/teetrain0112/songs/album/97325877/,,"製作人 Producer/詹詠安 CHAN YUNG AN 編曲 Arranger/詹詠安 CHAN YUNG AN、蔡題謙 Tee Train 電吉他 Electric Guitar/蔡題謙 Tee Train、詹詠安 CHAN YUNG AN 貝斯 Bass/詹詠安 CHAN YUNG AN 鼓 Drums/陳楷傑 Jay Chen 鼓技師 Drum Technician/陳郁安 Cindy Chen 合成器 Synthesizer/詹詠安 CHAN YUNG AN 錄音室 Recording Studio/CHAN YUNG AN’s Room、佳聲錄音室 錄音師 Recording Engineer/詹詠安 CHAN YUNG AN、林彥君 Andrew Lin 混音師 Mixing Engineer/詹詠安 CHAN YUNG AN 母帶工程師 Mastering Engineer/史帝伏 Steve.Inn 平面攝影 Graphic photographer/林欣玫 May Lin 視覺設計Album Packaging/林欣玫 May Lin、蔡題謙 Tee Train 
製作人 Producer/詹詠安 CHAN YUNG AN 編曲 Arranger/詹詠安 CHAN YUNG AN、蔡題謙 Tee Train 電吉他 Electric Guitar/蔡題謙 Tee Train、詹詠安 CHAN YUNG AN 貝斯 Bass/詹詠安 CHAN YUNG AN 鼓 Drums/陳楷傑 Jay Chen 鼓技師 Drum Technician/陳郁安 Cindy Chen 合成器 Synthesizer/詹詠安 CHAN YUNG AN 錄音室 Recording Studio/CHAN YUNG AN’s Room、佳聲錄音室 錄音師 Recording Engineer/詹詠安 CHAN YUNG AN、林彥君 Andrew Lin 混音師 Mixing Engineer/詹詠安 CHAN YUNG AN 母帶工程師 Mastering Engineer/史帝伏 Steve.Inn 平面攝影 Graphic photographer/林欣玫 May Lin 視覺設計Album Packaging/林欣玫 May Lin、蔡題謙 Tee Train","晚安 
晚安
留言（ 0 ） 最相關留言 所有留言
留言（ 0 ）",2026-08-11,,編輯推薦,True,False,
2026-08-15 22:40:47,realtime,folk,,,13,班長,UNLIKE BEFORE (DEMO),55,3128,11,https://streetvoice.com/ray31444/songs/871359/,https://streetvoice.com/ray31444/,"https://akstatic.streetvoice.com/song_covers/ra/y3/ray31444/9MZv8s97Y2i4J6ncjJwsD8.jpeg?x-oss-process=image/resize,m_fixed,h_1,w_1,limit_0/resize,m_fixed,h_630,w_1200,limit_0/watermark,image_c29uZ19jb3ZlcnMvcmEveTMvcmF5MzE0NDQvOU1adjhzOTdZMmk0SjZuY2pKd3NEOC5qcGVnP3gtb3NzLXByb2Nlc3M9aW1hZ2UvcmVzaXplLG1fZml4ZWQsaF8zNDQsd18zNDQsbGltaXRfMA,g_nw,x_428,y_143/watermark,image_YXNzZXQvaW1hZ2VzL21ldGFpbWFnZS1zb25nLnBuZw,g_nw,x_0,y_0",images/871359.jpeg,@ray31444,音樂人,台北市,2016-05-01,,1,36,,,,https://www.youtube.com/user/StreetVoiceTV,【吹專訪】絲襪小姐主唱小龜：「對現在的我們來說，歌迷不再只是一張張曾經看過的臉，而是一個個認識很久的朋友。」|||https://blow.streetvoice.com/79064/?utm_source=streetvoice&utm_medium=profile-news-block; 【吹專題】金曲與十年前的距離：我不懷念那個時代的不安，但我珍視彼時音樂人的信念。|||https://blow.streetvoice.com/74704/?utm_source=streetvoice&utm_medium=profile-news-block; 【專訪】鹿比∞吠陀談《彼岸》：相對正是痛苦的根源|||https://blow.streetvoice.com/51926/?utm_source=streetvoice&utm_medium=profile-news-block,,Folk,,,,"不再以往 
不再以往","Cause I will never be the same Cause I will never be the same You used to sing me a lullaby~~~ shalalala la la I used to make a fool of my self~~ Shalalala la la I should have done everything I could Shalalala la la It takes time to take another point of view Shalalala la la Cause I will never be the same Cause I will never be the same How could I make it up to you How could I make it up to you How could I make it up to you How could I make it up to you How could I make it up with you, could I make it up? How could I make it up with you, I gave it all up How could I make it up with you, could I make it up? How could I make it up with you, I gave it all up How could I make it up with you, could I make it up? How could I make it up with you, I gave it all up How could I make it up with you, could I make it up? How could I make it up? Could I make it up? 
Cause I will never be the same Cause I will never be the same
You used to sing me a lullaby~~~ shalalala la la I used to make a fool of my self~~ Shalalala la la I should have done everything I could Shalalala la la It takes time to take another point of view Shalalala la la
Cause I will never be the same Cause I will never be the same
How could I make it up to you How could I make it up to you How could I make it up to you How could I make it up to you
How could I make it up with you, could I make it up? How could I make it up with you, I gave it all up How could I make it up with you, could I make it up? How could I make it up with you, I gave it all up How could I make it up with you, could I make it up? How could I make it up with you, I gave it all up How could I make it up with you, could I make it up? How could I make it up? Could I make it up?
留言（ 11 ） 最相關留言 所有留言
留言（ 11 ）",2026-07-27,,Song of the Day; 編輯推薦,True,True,
2026-08-15 22:40:47,realtime,folk,,,14,Segalin,歌名 : 找一個快樂的理由-(男女合唱)---[七夕情人節限定],2,23,0,https://streetvoice.com/sega_lin/songs/874798/,https://streetvoice.com/sega_lin/,"https://akstatic.streetvoice.com/song_covers/se/ga/sega_lin/nw4fqtppyuPNYhfzxVb4Vw.jpeg?x-oss-process=image/resize,m_fixed,h_1,w_1,limit_0/resize,m_fixed,h_630,w_1200,limit_0/watermark,image_c29uZ19jb3ZlcnMvc2UvZ2Evc2VnYV9saW4vbnc0ZnF0cHB5dVBOWWhmenhWYjRWdy5qcGVnP3gtb3NzLXByb2Nlc3M9aW1hZ2UvcmVzaXplLG1fZml4ZWQsaF8zNDQsd18zNDQsbGltaXRfMA,g_nw,x_428,y_143/watermark,image_YXNzZXQvaW1hZ2VzL21ldGFpbWFnZS1zb25nLnBuZw,g_nw,x_0,y_0",images/874798.jpeg,@sega_lin,音樂人,,,,16,3,2,,,https://www.youtube.com/user/StreetVoiceTV,,,Singer / Songwriter,,,,"這首歌獻給我的愛人,祝她一生平安健康快樂,祝她情人節快樂! 也祝福大家有情人街成眷屬! 七夕情人節大家幸福快樂! 
這首歌獻給我的愛人,祝她一生平安健康快樂,祝她情人節快樂! 也祝福大家有情人街成眷屬! 七夕情人節大家幸福快樂!","製作人 : 林 翔 作詞 : 林 翔 AI協作 AI唱聲 (女)嗯嗯嗯 (男) 我想牽著你的手 那是我唯一快樂的理由 就這樣牽著你的手 快樂的漫遊 嗯嗯 隨人怎麼說 嗯嗯嗯 不管指責那麼多 嗯嗯嗯 我只想牽著你的手 嗯嗯嗯 雙掌緊握 嗯嗯 (男女) 喔喔喔 別讓壞情緒上心頭  嗯嗯嗯 心隨境轉 凡事開懷圓滿 我想牽著你的手 (男女) 啊啊 我的生命與愛 都跟著你走 這是人生中 唯一快樂的理由 嗯嗯 快樂的理由 啊啊啊   啊啊啊 啊啊啊   啊啊啊 (女) 啊啊啊   我想牽著你的手 啊啊啊   我想牽這你的手 啊啊啊   風風雨雨都陪著你走 嗯嗯 這是唯一快樂的理由 喔喔喔   別讓壞情緒上心頭 喔喔喔   心隨境轉 凡事開懷圓滿 喔喔喔 喔喔喔 我想牽著牽著你的手 喔喔喔 我的生命與愛 都跟著你走 嗯嗯 這是人生中 我唯一快樂的理由 嗯嗯 快樂的理由 牽著你的手   是我最快樂的理由 嗯嗯 
製作人 : 林 翔 作詞 : 林 翔 AI協作 AI唱聲
(女)嗯嗯嗯 (男) 我想牽著你的手 那是我唯一快樂的理由 就這樣牽著你的手 快樂的漫遊 嗯嗯 隨人怎麼說 嗯嗯嗯 不管指責那麼多 嗯嗯嗯 我只想牽著你的手 嗯嗯嗯 雙掌緊握 嗯嗯 (男女) 喔喔喔 別讓壞情緒上心頭  嗯嗯嗯 心隨境轉 凡事開懷圓滿 我想牽著你的手 (男女) 啊啊 我的生命與愛 都跟著你走 這是人生中 唯一快樂的理由 嗯嗯 快樂的理由
啊啊啊   啊啊啊 啊啊啊   啊啊啊
(女) 啊啊啊   我想牽著你的手 啊啊啊   我想牽這你的手 啊啊啊   風風雨雨都陪著你走 嗯嗯 這是唯一快樂的理由 喔喔喔   別讓壞情緒上心頭 喔喔喔   心隨境轉 凡事開懷圓滿 喔喔喔 喔喔喔 我想牽著牽著你的手 喔喔喔 我的生命與愛 都跟著你走 嗯嗯 這是人生中 我唯一快樂的理由 嗯嗯 快樂的理由 牽著你的手   是我最快樂的理由 嗯嗯
留言（ 0 ） 最相關留言 所有留言
留言（ 0 ）",2026-08-14,,AI 協作 Singer / Songwriter,False,False,
2026-08-15 22:40:47,realtime,folk,,,15,美希《Macey》,試試看吧_舞曲版,4,7,2,https://streetvoice.com/cutest576533/songs/874839/,https://streetvoice.com/cutest576533/,"https://akstatic.streetvoice.com/song_covers/cu/te/cutest576533/RfskParCXy54aUoDHxVc2V.jpg?x-oss-process=image/resize,m_fixed,h_1,w_1,limit_0/resize,m_fixed,h_630,w_1200,limit_0/watermark,image_c29uZ19jb3ZlcnMvY3UvdGUvY3V0ZXN0NTc2NTMzL1Jmc2tQYXJDWHk1NGFVb0RIeFZjMlYuanBnP3gtb3NzLXByb2Nlc3M9aW1hZ2UvcmVzaXplLG1fZml4ZWQsaF8zNDQsd18zNDQsbGltaXRfMA,g_nw,x_428,y_143/watermark,image_YXNzZXQvaW1hZ2VzL21ldGFpbWFnZS1zb25nLnBuZw,g_nw,x_0,y_0",images/874839.jpg,@cutest576533,音樂人,台中市,2024-01-01,,44,5,17,,,https://www.youtube.com/user/StreetVoiceTV,,,Singer / Songwriter,,,,"一首充滿冒險精神的流行歌曲，節奏快樂，鼓勵人們勇敢嘗試新事物。 旋律輕快，適合在陽光明媚的日子裡播放，傳遞正向的生活態度。 這首是教唱老師結束時，叫我們做出屬於自己獨一無二的感覺，希望大家會喜歡 
一首充滿冒險精神的流行歌曲，節奏快樂，鼓勵人們勇敢嘗試新事物。 旋律輕快，適合在陽光明媚的日子裡播放，傳遞正向的生活態度。
這首是教唱老師結束時，叫我們做出屬於自己獨一無二的感覺，希望大家會喜歡","2018那一年 我站上那個台 你們叫我唱 我腦袋一片白 只會說國語 其他都不會 緊張到忘詞 只剩汪汪帶 我一直看地板 不敢看前面 一低頭太用力 撞上那個音響邊 那一刻我愣住 下面全在笑 我心裡很受傷 卻也只能忍著跑 直到你們走來 輕輕拍拍我 那一句安慰 把眼淚都接走 我才慢慢明白 原來我還能 把害怕放下 再往前走 試試看吧 我對自己說 試試看吧 就算會犯錯 努力的人 也能被看見 不是天才 也能閃出光線 試試看吧 把聲音唱破 試試看吧 把心也唱活 不是天生 就該站在那 我也可以 闖出一片天啊 我在平台上 當練習生 一場又一場 把夢慢慢撐 評審說我唱得平 沒有什麼情感 但有個老師 看見我眼底的亮 他沒急著催 只是一點一點 幫我把緊張 磨成第一個音鍵 語言學了一種 又再學一種 體能和舞步 都往上拚一點 每次想放棄 他都說再來 每個小進步 都值得被愛 我把所有課程 一題題練完 終於聽見自己 有了答案 試試看吧 我對自己說 試試看吧 就算會犯錯 努力的人 也能被看見 不是天才 也能閃出光線 試試看吧 把聲音唱破 試試看吧 把心也唱活 不是天生 就該站在那 我也可以 闖出一片天啊 朋友拉我去唱 一唱就好久 嗓子都啞了 手還不肯鬆口 後來又有人 叫我到戶外 站到風裡面 唱給大家聽 掌聲一直來 我差點不敢信 他們說你自己 寫一首給我們聽 我沒立刻答應 卻偷偷去做 把那些跌倒 慢慢變成歌 試試看吧 我對自己說 試試看吧 就算會犯錯 努力的人 也能被看見 不是天才 也能閃出光線 試試看吧 把聲音唱破 試試看吧 把心也唱活 不是天生 就該站在那 我也可以 闖出一片天啊 所以謝謝那些笑聲 也謝謝那雙手 讓我從地板上 學會抬起頭 現在輪到我 把勇敢唱成歌 不是天才的我 也能被你記得 
2018那一年 我站上那個台 你們叫我唱 我腦袋一片白
只會說國語 其他都不會 緊張到忘詞 只剩汪汪帶
我一直看地板 不敢看前面 一低頭太用力 撞上那個音響邊
那一刻我愣住 下面全在笑 我心裡很受傷 卻也只能忍著跑
直到你們走來 輕輕拍拍我 那一句安慰 把眼淚都接走
我才慢慢明白 原來我還能 把害怕放下 再往前走
試試看吧 我對自己說 試試看吧 就算會犯錯
努力的人 也能被看見 不是天才 也能閃出光線
試試看吧 把聲音唱破 試試看吧 把心也唱活
不是天生 就該站在那 我也可以 闖出一片天啊
我在平台上 當練習生 一場又一場 把夢慢慢撐
評審說我唱得平 沒有什麼情感 但有個老師 看見我眼底的亮
他沒急著催 只是一點一點 幫我把緊張 磨成第一個音鍵
語言學了一種 又再學一種 體能和舞步 都往上拚一點
每次想放棄 他都說再來 每個小進步 都值得被愛
我把所有課程 一題題練完 終於聽見自己 有了答案
試試看吧 我對自己說 試試看吧 就算會犯錯
努力的人 也能被看見 不是天才 也能閃出光線
試試看吧 把聲音唱破 試試看吧 把心也唱活
不是天生 就該站在那 我也可以 闖出一片天啊
朋友拉我去唱 一唱就好久 嗓子都啞了 手還不肯鬆口
後來又有人 叫我到戶外 站到風裡面 唱給大家聽
掌聲一直來 我差點不敢信 他們說你自己 寫一首給我們聽
我沒立刻答應 卻偷偷去做 把那些跌倒 慢慢變成歌
試試看吧 我對自己說 試試看吧 就算會犯錯
努力的人 也能被看見 不是天才 也能閃出光線
試試看吧 把聲音唱破 試試看吧 把心也唱活
不是天生 就該站在那 我也可以 闖出一片天啊
所以謝謝那些笑聲 也謝謝那雙手 讓我從地板上 學會抬起頭
現在輪到我 把勇敢唱成歌 不是天才的我 也能被你記得
留言（ 2 ） 最相關留言 所有留言
留言（ 2 ）",2026-08-15,,,False,False,
2026-08-15 22:40:47,realtime,folk,,,16,22.5,再見再見,48,3483,6,https://streetvoice.com/22_5_2022/songs/871647/,https://streetvoice.com/22_5_2022/,"https://akstatic.streetvoice.com/song_covers/22/_5/22_5_2022/XpVKJQDKy42ibmdtyzWUsQ.jpeg?x-oss-process=image/resize,m_fixed,h_1,w_1,limit_0/resize,m_fixed,h_630,w_1200,limit_0/watermark,image_c29uZ19jb3ZlcnMvMjIvXzUvMjJfNV8yMDIyL1hwVktKUURLeTQyaWJtZHR5eldVc1EuanBlZz94LW9zcy1wcm9jZXNzPWltYWdlL3Jlc2l6ZSxtX2ZpeGVkLGhfMzQ0LHdfMzQ0LGxpbWl0XzA,g_nw,x_428,y_143/watermark,image_YXNzZXQvaW1hZ2VzL21ldGFpbWFnZS1zb25nLnBuZw,g_nw,x_0,y_0",images/871647.jpeg,@22_5_2022,音樂人,台中市,2022-11-01,2022-12-19 17:30,6,509,14,,https://www.instagram.com/22.5_band/,https://www.youtube.com/user/StreetVoiceTV,,,Folk,,,,"22.5〈再見再見〉 (The Days) 第一個再見，是道別； 第二個再見，是再次相見。 我們總以為自己忘記了。 直到再次相見，才發現那些故事一直都在， 只是安靜地留在心裡，等待某一天重新浮現。 — 〈再見再見〉由老王樂隊主唱 立長 擔任製作人，以「再見」同時代表告別與重逢的雙重意義為創作核心，寫下那些在人生路上漸漸走散的人，在某個瞬間再次相遇，讓停留已久的故事重新有了畫面。 再見，是收藏，不是遺忘。 — 製作名單Credits 製作人 Producer｜張立長 LiChang Chang 作詞 Lyricist｜王駿維 Will Wang 作曲 Composer｜王駿維 Will Wang 編曲 Arranger｜22.5 人聲 Vocal｜王駿維 Will Wang、李佳瑜 Jia Yu Lee 木吉他 Acoustic Guitars｜王駿維 Will Wang、李佳瑜Jia Yu Lee 爵士鼓 Drums｜林泓宇 Noi Lin 貝斯 Bass｜劉東昇 Charles Liu 打擊樂器 Percussion｜林泓宇 Noi Lin 和聲 Backing Vocals｜王涏諭 Tingyu Wang、江守禾 Jiang Shou He、林程安 ChengAnn Lin、侯涵溱 Hanchen Hou、徐藜方 Lifang Xu、胡秉昊 Hu Bing Hao、莊叡諭 Ruiyu Chuang、許子安 Ann Hsu、黃心麟 Hsinlin Huang、温得鈞 Dejun Wen、劉靜 Jing Liu、賴玉芬 Yufen Lai 和聲編寫 Backing Vocal Arrangement｜王駿維 Will Wang、張立長 LiChang Chang 管樂 Trumpet and Flugelhorn｜林佳穎 Leia Lin 管樂編曲Brass Arrangement｜林佳穎 Leia Lin、張立長 LiChang Chang、王駿維 Will Wang Mellotron編寫及錄製 Mellotron Arrangement and Recording｜一森 Eason Chou 錄音工程師 Recording Engineer｜一森 Eason Chou 鼓技師 Drum Tech｜馮會元 Feng Hui Yuan 混音師 Mixing Engineer｜一森 Eason Chou 母帶後期處理 Mastering Engineer｜Sterling Sound Will Quinnell 封面設計｜漆案 Chien 樂團經紀｜王雁苓 Annie Wang 
22.5〈再見再見〉 (The Days)
第一個再見，是道別； 第二個再見，是再次相見。
我們總以為自己忘記了。 直到再次相見，才發現那些故事一直都在， 只是安靜地留在心裡，等待某一天重新浮現。
—
〈再見再見〉由老王樂隊主唱 立長 擔任製作人，以「再見」同時代表告別與重逢的雙重意義為創作核心，寫下那些在人生路上漸漸走散的人，在某個瞬間再次相遇，讓停留已久的故事重新有了畫面。
再見，是收藏，不是遺忘。
— 製作名單Credits
製作人 Producer｜張立長 LiChang Chang 作詞 Lyricist｜王駿維 Will Wang 作曲 Composer｜王駿維 Will Wang 編曲 Arranger｜22.5
人聲 Vocal｜王駿維 Will Wang、李佳瑜 Jia Yu Lee 木吉他 Acoustic Guitars｜王駿維 Will Wang、李佳瑜Jia Yu Lee 爵士鼓 Drums｜林泓宇 Noi Lin 貝斯 Bass｜劉東昇 Charles Liu 打擊樂器 Percussion｜林泓宇 Noi Lin
和聲 Backing Vocals｜王涏諭 Tingyu Wang、江守禾 Jiang Shou He、林程安 ChengAnn Lin、侯涵溱 Hanchen Hou、徐藜方 Lifang Xu、胡秉昊 Hu Bing Hao、莊叡諭 Ruiyu Chuang、許子安 Ann Hsu、黃心麟 Hsinlin Huang、温得鈞 Dejun Wen、劉靜 Jing Liu、賴玉芬 Yufen Lai 和聲編寫 Backing Vocal Arrangement｜王駿維 Will Wang、張立長 LiChang Chang
管樂 Trumpet and Flugelhorn｜林佳穎 Leia Lin 管樂編曲Brass Arrangement｜林佳穎 Leia Lin、張立長 LiChang Chang、王駿維 Will Wang Mellotron編寫及錄製 Mellotron Arrangement and Recording｜一森 Eason Chou
錄音工程師 Recording Engineer｜一森 Eason Chou 鼓技師 Drum Tech｜馮會元 Feng Hui Yuan 混音師 Mixing Engineer｜一森 Eason Chou 母帶後期處理 Mastering Engineer｜Sterling Sound Will Quinnell
封面設計｜漆案 Chien 樂團經紀｜王雁苓 Annie Wang","有些時候呢 我會忘記 故事的情節 即便用盡所有力氣 有些時候呢 我會想起 有你的畫面 即便模糊到不堪一擊 再見，再見 年輪又多了幾圈 想念卻像是不曾蔓延 再見，再見 等情節續寫到面前 故事才又有了畫面 有些時候呢 我會忘記 我們故事的情節 即便用盡所有力氣 有些時候呢 我會想起 某些有你的畫面 即便模糊到不堪一擊 再見，再見 時光又走了多遠 身邊的人啊 換了一遍又一遍 再見，再見 等章節續寫到面前 彼此又回到相視而笑的起點 再見，再見 再見是收藏 不是遺忘 
有些時候呢 我會忘記 故事的情節 即便用盡所有力氣
有些時候呢 我會想起 有你的畫面 即便模糊到不堪一擊
再見，再見 年輪又多了幾圈 想念卻像是不曾蔓延
再見，再見 等情節續寫到面前 故事才又有了畫面
有些時候呢 我會忘記 我們故事的情節 即便用盡所有力氣
有些時候呢 我會想起 某些有你的畫面 即便模糊到不堪一擊
再見，再見 時光又走了多遠
身邊的人啊 換了一遍又一遍
再見，再見 等章節續寫到面前 彼此又回到相視而笑的起點
再見，再見 再見是收藏 不是遺忘
留言（ 6 ） 最相關留言 所有留言
留言（ 6 ）",2026-08-03,,編輯推薦,True,False,
2026-08-15 22:40:47,realtime,folk,,,17,瑞婷,心牆2026ver,28,11709,20,https://streetvoice.com/juiting93/songs/872967/,https://streetvoice.com/juiting93/,"https://akstatic.streetvoice.com/song_covers/ju/it/juiting93/3KTsCZ2RkTa4ZnBCKcRL5a.jpg?x-oss-process=image/resize,m_fixed,h_1,w_1,limit_0/resize,m_fixed,h_630,w_1200,limit_0/watermark,image_c29uZ19jb3ZlcnMvanUvaXQvanVpdGluZzkzLzNLVHNDWjJSa1RhNFpuQkNLY1JMNWEuanBnP3gtb3NzLXByb2Nlc3M9aW1hZ2UvcmVzaXplLG1fZml4ZWQsaF8zNDQsd18zNDQsbGltaXRfMA,g_nw,x_428,y_143/watermark,image_YXNzZXQvaW1hZ2VzL21ldGFpbWFnZS1zb25nLnBuZw,g_nw,x_0,y_0",images/872967.jpg,@juiting93,音樂人,台北市,2024-07-01,2025-02-03 17:42,2,129,4,,https://www.instagram.com/juiting93,https://www.youtube.com/user/StreetVoiceTV,,,Singer / Songwriter,,,,"希望大家能單曲循環一個禮拜 MV在我的yt非常漂亮 大家不看損失一個億 真心不騙 好聽的話希望大家能追蹤我🤍 獨立音樂人 生存不易 謝謝大家 / 編曲/製作wowthatsmcqueen 
希望大家能單曲循環一個禮拜 MV在我的yt非常漂亮 大家不看損失一個億 真心不騙 好聽的話希望大家能追蹤我🤍 獨立音樂人 生存不易 謝謝大家 / 編曲/製作wowthatsmcqueen","這是沒有提供歌詞的歌曲
留言（ 20 ） 最相關留言 所有留言
留言（ 20 ）",2026-08-06,,,False,False,
2026-08-15 22:40:47,realtime,folk,,,18,ChiaSong 嘉頌重奏團,樂脈：多林Duolin,0,47,0,https://streetvoice.com/ChiaSong/songs/874081/,https://streetvoice.com/ChiaSong/,"https://akstatic.streetvoice.com/song_covers/Ch/ia/ChiaSong/3eqb9nNPCQ5uQYW5VyWkAQ.jpeg?x-oss-process=image/resize,m_fixed,h_1,w_1,limit_0/resize,m_fixed,h_630,w_1200,limit_0/watermark,image_c29uZ19jb3ZlcnMvQ2gvaWEvQ2hpYVNvbmcvM2VxYjluTlBDUTV1UVlXNVZ5V2tBUS5qcGVnP3gtb3NzLXByb2Nlc3M9aW1hZ2UvcmVzaXplLG1fZml4ZWQsaF8zNDQsd18zNDQsbGltaXRfMA,g_nw,x_428,y_143/watermark,image_YXNzZXQvaW1hZ2VzL21ldGFpbWFnZS1zb25nLnBuZw,g_nw,x_0,y_0",images/874081.jpeg,@ChiaSong,音樂人,嘉義市,2026-06-01,,8,2,,,,https://www.youtube.com/user/StreetVoiceTV,,,Folk,樂脈 Emotional,https://streetvoice.com/ChiaSong/songs/album/97325889/,,"作曲：楊元碩 演奏：單簧管楊元碩、鋼琴魏郁青 === ＜多林＞，源自阿里山森林鐵路的「多林」站，來自當地原住民鄒族地名「Ngunggutu」的意譯，是茂密森林之意。 單簧管的演奏勾勒出竹林的輕盈律動，鋼琴點綴晨間的清新氣息，溫潤的曲調奏出自然與歲月的流轉。編織出充滿人文情懷的深情樂章。 音樂就如同阿里山多林的環境，也向是曲調中隱藏的古典小曲一樣，無壓力又清新自然。 === #平安、#祥和、#溫馨、#平靜、#開朗、#溫和、#漫步 (公園、步道、咖啡餐飲、纜車、電梯、兒童遊樂) 
作曲：楊元碩 演奏：單簧管楊元碩、鋼琴魏郁青 === ＜多林＞，源自阿里山森林鐵路的「多林」站，來自當地原住民鄒族地名「Ngunggutu」的意譯，是茂密森林之意。
單簧管的演奏勾勒出竹林的輕盈律動，鋼琴點綴晨間的清新氣息，溫潤的曲調奏出自然與歲月的流轉。編織出充滿人文情懷的深情樂章。
音樂就如同阿里山多林的環境，也向是曲調中隱藏的古典小曲一樣，無壓力又清新自然。 === #平安、#祥和、#溫馨、#平靜、#開朗、#溫和、#漫步 (公園、步道、咖啡餐飲、纜車、電梯、兒童遊樂)","這是沒有提供歌詞的歌曲
留言（ 0 ） 最相關留言 所有留言
留言（ 0 ）",2026-08-11,,編輯推薦,True,False,
2026-08-15 22:40:47,realtime,folk,,,19,帥豬P,"lyrics, please? feat. 初音ミク",1,533,0,https://streetvoice.com/wowwowpig/songs/874281/,https://streetvoice.com/wowwowpig/,"https://akstatic.streetvoice.com/song_covers/wo/ww/wowwowpig/4QzrMchAy6dMLQCvvxSpcw.jpeg?x-oss-process=image/resize,m_fixed,h_1,w_1,limit_0/resize,m_fixed,h_630,w_1200,limit_0/watermark,image_c29uZ19jb3ZlcnMvd28vd3cvd293d293cGlnLzRRenJNY2hBeTZkTUxRQ3Z2eFNwY3cuanBlZz94LW9zcy1wcm9jZXNzPWltYWdlL3Jlc2l6ZSxtX2ZpeGVkLGhfMzQ0LHdfMzQ0LGxpbWl0XzA,g_nw,x_428,y_143/watermark,image_YXNzZXQvaW1hZ2VzL21ldGFpbWFnZS1zb25nLnBuZw,g_nw,x_0,y_0",images/874281.jpeg,@wowwowpig,音樂人,,,,1,,,,,https://www.youtube.com/user/StreetVoiceTV,,,Singer / Songwriter,,,,"其中一隻豬不寫歌詞，拖了一年半，害另一隻豬沒辦法把歌寫完。 雖然寫出這首歌了，但一年半前的那首還是不知道何時才會完成。 初音都出到v6了。 好絕望啊～ Credit Music / Lyrics / Arrangement｜帥豬P 
其中一隻豬不寫歌詞，拖了一年半，害另一隻豬沒辦法把歌寫完。 雖然寫出這首歌了，但一年半前的那首還是不知道何時才會完成。
初音都出到v6了。 好絕望啊～
Credit Music / Lyrics / Arrangement｜帥豬P","歌詞を書いてくれよ 給我寫歌詞啊 歌詞を書いて 寫歌詞啊 いつになったらもらえるのかな？ 到底什麼時候才能拿到呢？ 歌詞を書いてくれ 快給我寫歌詞 待ってたよ、歌詞を 我一直都在等著歌詞呢 一年も経ったよ、本当に書きたいの？ 都已經過一年了，你真的有想寫嗎？ ね、もう待てないや 欸我已經等不了了啦 来週にはあげるなんて全部ウソでしょう？実は分かっているよ 我其實也知道「下禮拜絕對會給你」這種鬼話全都是假的 もういいや 算了隨便了啦 いつも暇なのに、何で歌詞を書かないの？ 你明明一直很閒，到底為什麼不寫歌詞？ 一体どうしよう 我到底該如何是好 今週末にはもらえるのかな？ 這週末能拿到歌詞嗎 もしできないなら、地獄で待ってあげるわ(^^) 如果辦不到的話，我會在地獄等著你的(^^) 
歌詞を書いてくれよ 給我寫歌詞啊
歌詞を書いて 寫歌詞啊
いつになったらもらえるのかな？ 到底什麼時候才能拿到呢？
歌詞を書いてくれ 快給我寫歌詞
待ってたよ、歌詞を 我一直都在等著歌詞呢
一年も経ったよ、本当に書きたいの？ 都已經過一年了，你真的有想寫嗎？
ね、もう待てないや 欸我已經等不了了啦
来週にはあげるなんて全部ウソでしょう？実は分かっているよ 我其實也知道「下禮拜絕對會給你」這種鬼話全都是假的
もういいや 算了隨便了啦
いつも暇なのに、何で歌詞を書かないの？ 你明明一直很閒，到底為什麼不寫歌詞？
一体どうしよう 我到底該如何是好
今週末にはもらえるのかな？ 這週末能拿到歌詞嗎
もしできないなら、地獄で待ってあげるわ(^^) 如果辦不到的話，我會在地獄等著你的(^^)
留言（ 0 ） 最相關留言 所有留言
留言（ 0 ）",2026-08-12,,,False,False,
2026-08-15 22:40:47,realtime,folk,,,20,悅樂Mandy Tan,在你懷裡In your Embrace,5,32,4,https://streetvoice.com/YueYue1331/songs/874370/,https://streetvoice.com/YueYue1331/,"https://akstatic.streetvoice.com/song_covers/Yu/eY/YueYue1331/FeyoosuZYvN5JnVeJej8K9.jpg?x-oss-process=image/resize,m_fixed,h_1,w_1,limit_0/resize,m_fixed,h_630,w_1200,limit_0/watermark,image_c29uZ19jb3ZlcnMvWXUvZVkvWXVlWXVlMTMzMS9GZXlvb3N1Wll2TjVKblZlSmVqOEs5LmpwZz94LW9zcy1wcm9jZXNzPWltYWdlL3Jlc2l6ZSxtX2ZpeGVkLGhfMzQ0LHdfMzQ0LGxpbWl0XzA,g_nw,x_428,y_143/watermark,image_YXNzZXQvaW1hZ2VzL21ldGFpbWFnZS1zb25nLnBuZw,g_nw,x_0,y_0",images/874370.jpg,@YueYue1331,音樂人,,,,5,19,5,,,https://www.youtube.com/user/StreetVoiceTV,,,Singer / Songwriter,,,,"我第一首寫的 原創歌曲✨ 當初是大學畢業，方向不確定，剛出社會 磕磕碰碰 不順利，你有沒有過，在這種時候 遇見某個人，讓你可以不要想那麼多，給你鼓勵、力量？ 演唱 Singer ｜Mandy Tan 悅樂 詞曲 Producer｜Mandy Tan 悅樂 編曲 Arranger｜Lee Joon Haw李俊濠 Pauline Ngu 吴恩慈 鋼琴 Keyboards ｜Pauline Ngu 吴恩慈 貝斯 Bass｜Lee Joon Haw 李俊濠 鼓 Drum Programming ｜ 錄音 Recording Engineer｜Freddy Chan陳冠名 錄音室 Recording Studio｜ 高雄名家錄音室 混音師 Mixing Engineer｜Cavier吴其蓂 混音室 Mixing Studio｜Warm Music Studio 母带后期处理 Mastering｜Cavier吴其蓂 
我第一首寫的 原創歌曲✨ 當初是大學畢業，方向不確定，剛出社會 磕磕碰碰 不順利，你有沒有過，在這種時候 遇見某個人，讓你可以不要想那麼多，給你鼓勵、力量？
演唱 Singer ｜Mandy Tan 悅樂 詞曲 Producer｜Mandy Tan 悅樂 編曲 Arranger｜Lee Joon Haw李俊濠 Pauline Ngu 吴恩慈 鋼琴 Keyboards ｜Pauline Ngu 吴恩慈 貝斯 Bass｜Lee Joon Haw 李俊濠 鼓 Drum Programming ｜ 錄音 Recording Engineer｜Freddy Chan陳冠名 錄音室 Recording Studio｜ 高雄名家錄音室 混音師 Mixing Engineer｜Cavier吴其蓂 混音室 Mixing Studio｜Warm Music Studio 母带后期处理 Mastering｜Cavier吴其蓂","Verse 1: C                 G/B 天暗了    星星亮了 Am            Am/G 我微笑得很累了 F                         Em7   Am7 但天空再黑暗 前方的路有多迷茫 Dm7                  G 我有一顆為我閃亮的星星 Chorus: C.         G 在你懷裏   我瞬間感到安心 Am         G 在你懷裏   眼淚就釋放出來 F.         C.   G/B  Am 不必假裝   不必偽裝 Dm7.    Dm7/G   G 我其實沒有 那麽堅強 C.          G 在你懷裏   哭完了安心睡著 Am         G 在你懷裏   釋懷的幸福滋味 F.         C.   G/B  Am 你    多麽愛我的你 Dm7         G.         C 不再猶豫   我屬於你的懷裏 Verse 2: C                 G/B 長大了 世界變了 Am            Am/G 事情都變得複雜了 F                         Em7   Am7 但天空再黑暗 前方的路有多迷茫 Dm7                  G 我有一顆為我閃亮的星星 Chorus: C.         G 在你懷裏   我瞬間感到安心 Am         G 在你懷裏   眼淚就釋放出來 F.         C.   G/B  Am 不必假裝   不必偽裝 Dm7.    Dm7/G   G 我其實沒有 那麽堅強 C.          G 在你懷裏   哭完了安心睡著 Am         G 在你懷裏   釋懷的幸福滋味 F.         C.   G/B  Am 妳   多麽愛我的你 Dm7         G.         C 不再猶豫   我屬於你的懷裏 Bridge: Am 眼淚傾盆而下 Em 不是受了委屈 F.          Dm7 而是在你懷裏  滿滿的感動 G 你的愛 C.          G 在你懷裏   哭完了安心睡著 Am         G 在你懷裏   釋懷的幸福滋味 F.         C.   G/B  Am 你   多麽愛我的妳 Dm7         G.         C 不再猶豫   我屬於你的懷裏 
Verse 1: C                 G/B 天暗了    星星亮了 Am            Am/G 我微笑得很累了 F                         Em7   Am7 但天空再黑暗 前方的路有多迷茫 Dm7                  G 我有一顆為我閃亮的星星
Chorus: C.         G 在你懷裏   我瞬間感到安心 Am         G 在你懷裏   眼淚就釋放出來 F.         C.   G/B  Am 不必假裝   不必偽裝 Dm7.    Dm7/G   G 我其實沒有 那麽堅強 C.          G 在你懷裏   哭完了安心睡著 Am         G 在你懷裏   釋懷的幸福滋味 F.         C.   G/B  Am 你    多麽愛我的你 Dm7         G.         C 不再猶豫   我屬於你的懷裏
Verse 2: C                 G/B 長大了 世界變了 Am            Am/G 事情都變得複雜了
F                         Em7   Am7 但天空再黑暗 前方的路有多迷茫 Dm7                  G 我有一顆為我閃亮的星星
Chorus: C.         G 在你懷裏   我瞬間感到安心 Am         G 在你懷裏   眼淚就釋放出來 F.         C.   G/B  Am 不必假裝   不必偽裝 Dm7.    Dm7/G   G 我其實沒有 那麽堅強 C.          G 在你懷裏   哭完了安心睡著 Am         G 在你懷裏   釋懷的幸福滋味 F.         C.   G/B  Am 妳   多麽愛我的你 Dm7         G.         C 不再猶豫   我屬於你的懷裏
Bridge: Am 眼淚傾盆而下 Em 不是受了委屈 F.          Dm7 而是在你懷裏  滿滿的感動 G 你的愛
C.          G 在你懷裏   哭完了安心睡著 Am         G 在你懷裏   釋懷的幸福滋味 F.         C.   G/B  Am 你   多麽愛我的妳 Dm7         G.         C 不再猶豫   我屬於你的懷裏
留言（ 4 ） 最相關留言 所有留言
留言（ 4 ）",2026-08-13,,,False,False,
2026-08-15 22:40:47,realtime,folk,,,21,StreetVoice 未來進行式,2026.08.12 特別來賓：Acid brain酸腦,1,20,0,https://streetvoice.com/svradio/songs/874052/,https://streetvoice.com/svradio/,"https://akstatic.streetvoice.com/song_covers/sv/ra/svradio/T3bcKVod7fydhaTS7E8A4X.jpeg?x-oss-process=image/resize,m_fixed,h_1,w_1,limit_0/resize,m_fixed,h_630,w_1200,limit_0/watermark,image_c29uZ19jb3ZlcnMvc3YvcmEvc3ZyYWRpby9UM2JjS1ZvZDdmeWRoYVRTN0U4QTRYLmpwZWc_eC1vc3MtcHJvY2Vzcz1pbWFnZS9yZXNpemUsbV9maXhlZCxoXzM0NCx3XzM0NCxsaW1pdF8w,g_nw,x_428,y_143/watermark,image_YXNzZXQvaW1hZ2VzL21ldGFpbWFnZS1zb25nLnBuZw,g_nw,x_0,y_0",images/874052.jpeg,@svradio,Podcast,基隆市,2009-06-01,,330,1587,,,,https://www.youtube.com/user/StreetVoiceTV,「StreetVoice 未來進行式」六月登陸飛碟電台 世外桃源任首集嘉賓|||https://blow.streetvoice.com/33663/?utm_source=streetvoice&utm_medium=profile-news-block; 勃發的創作量、新的收入可能：往音樂社群平台發展的StreetVoice，在2021年度報告中分享了哪些資訊？|||https://blow.streetvoice.com/58836/?utm_source=streetvoice&utm_medium=profile-news-block; 返回地球 理化兄弟 P.C.B 新單曲《PSYBERPUNKER》未來進行式搶先首播|||https://blow.streetvoice.com/21388/?utm_source=streetvoice&utm_medium=profile-news-block,,Singer / Songwriter,,,Acid brain酸腦,"酸腦 三年前在街聲上發現一組超帥迷幻新團，當時非常激動，立刻在社群發文：取名酸腦，意思也挺明白的了。成員四人，三個大一、一個高一。老天啊就是這種事，讓人覺得世界還有點希望。今年這夥青年交出新作，帶來地牢與深淵的意象，儼然是場如遊戲視角般的第一人稱奇幻場景之旅，堪稱順利突破第二張魔咒。不過此刻他們也走到了人生發展的關鍵期，即將迎來一些劇烈變動…… 本集來賓： Acid brain酸腦 https://streetvoice.com/acidbrain/ 節目資訊： StreetVoice未來進行式 FB： https://www.facebook.com/StreetVoiceonair/ 主持人：小樹 https://www.instagram.com/chillouttree/ 出品｜街聲股份有限公司 製作人｜韁河媒體工作室 Marks 剪輯｜韁河媒體工作室 Jason Podcast 聯繫信箱：svradio9999@gmail.com *本計畫獲文化部影視及流行音樂產業局 114 年補助 
酸腦 三年前在街聲上發現一組超帥迷幻新團，當時非常激動，立刻在社群發文：取名酸腦，意思也挺明白的了。成員四人，三個大一、一個高一。老天啊就是這種事，讓人覺得世界還有點希望。今年這夥青年交出新作，帶來地牢與深淵的意象，儼然是場如遊戲視角般的第一人稱奇幻場景之旅，堪稱順利突破第二張魔咒。不過此刻他們也走到了人生發展的關鍵期，即將迎來一些劇烈變動……
本集來賓：
Acid brain酸腦
https://streetvoice.com/acidbrain/
https://streetvoice.com/acidbrain/
節目資訊：
StreetVoice未來進行式
FB：
https://www.facebook.com/StreetVoiceonair/
https://www.facebook.com/StreetVoiceonair/
主持人：小樹
https://www.instagram.com/chillouttree/
https://www.instagram.com/chillouttree/
出品｜街聲股份有限公司
製作人｜韁河媒體工作室 Marks
剪輯｜韁河媒體工作室 Jason
Podcast 聯繫信箱：svradio9999@gmail.com
*本計畫獲文化部影視及流行音樂產業局 114 年補助","這是沒有提供歌詞的歌曲
留言（ 0 ） 最相關留言 所有留言
留言（ 0 ）",2026-08-12,,編輯推薦,True,False,
2026-08-15 22:40:47,realtime,folk,,,22,Yao,落葉歸根（Feat.Leader立德),9,229,6,https://streetvoice.com/kevenyao2002/songs/873468/,https://streetvoice.com/kevenyao2002/,"https://akstatic.streetvoice.com/song_covers/ke/ve/kevenyao2002/ToCLdDPpnwrcGSc8EaTztx.jpg?x-oss-process=image/resize,m_fixed,h_1,w_1,limit_0/resize,m_fixed,h_630,w_1200,limit_0/watermark,image_c29uZ19jb3ZlcnMva2UvdmUva2V2ZW55YW8yMDAyL1RvQ0xkRFBwbndyY0dTYzhFYVR6dHguanBnP3gtb3NzLXByb2Nlc3M9aW1hZ2UvcmVzaXplLG1fZml4ZWQsaF8zNDQsd18zNDQsbGltaXRfMA,g_nw,x_428,y_143/watermark,image_YXNzZXQvaW1hZ2VzL21ldGFpbWFnZS1zb25nLnBuZw,g_nw,x_0,y_0",images/873468.jpg,@kevenyao2002,音樂人,新北市,2013-09-01,,2,28,5,,,https://www.youtube.com/user/StreetVoiceTV,THAT’S MY SHHH聯手國語作業簿舉辦嘻哈派對「TM國2」邀陳珊妮、陳嫺靜等30組陣容輪番登台|||https://blow.streetvoice.com/89094/?utm_source=streetvoice&utm_medium=profile-news-block; 李瀧出版新書《我是這樣走到這裡》梳理家庭創傷 新書分享會將與作家李屏瑤對談|||https://blow.streetvoice.com/86085/?utm_source=streetvoice&utm_medium=profile-news-block; 跨界樂團血のヤオヤ發行首張專輯《MEED》結合動畫、玩具概念|||https://blow.streetvoice.com/85044/?utm_source=streetvoice&utm_medium=profile-news-block,,Folk,,,Leader 立德,"送給我爸爸。 詞：Yao 曲：Yao Guitar：Yao Vocal  ：Leader 立德 混音母帶：張寬 
送給我爸爸。
詞：Yao 曲：Yao Guitar：Yao Vocal  ：Leader 立德 混音母帶：張寬","你 已經精疲力盡 只 剩下最後一口氣 但我還放不下 還放不下 渴望 聽見你的聲音 想熟睡在你的懷裡 但我沒辦法 再等下去 一切 將煙消雲散 所有的苦難化作沙塵 落葉總有天歸根 願我是你記一輩子的人 總覺得 遺憾惋惜 我們會在 終點相遇 人生如夢 做你自己 一切 將煙消雲散 所有的苦難 化作沙塵 落葉總 有天歸根 願我是你記一輩子的人 一切 將煙消雲散 所有的苦難 化作沙塵 落葉總 有天歸根 願我是你記一輩子的人 願我是你  是你記一輩子 的人 
你 已經精疲力盡 只 剩下最後一口氣 但我還放不下 還放不下
渴望 聽見你的聲音 想熟睡在你的懷裡 但我沒辦法 再等下去
一切 將煙消雲散 所有的苦難化作沙塵
落葉總有天歸根 願我是你記一輩子的人
總覺得 遺憾惋惜 我們會在 終點相遇 人生如夢 做你自己
一切 將煙消雲散 所有的苦難 化作沙塵
落葉總 有天歸根 願我是你記一輩子的人
一切 將煙消雲散 所有的苦難 化作沙塵
落葉總 有天歸根 願我是你記一輩子的人 願我是你  是你記一輩子 的人
留言（ 6 ） 最相關留言 所有留言
留言（ 6 ）",2026-08-08,,編輯推薦,True,False,
2026-08-15 22:40:47,realtime,folk,,,23,Leader 立德,小鼻仔之歌,1,8,0,https://streetvoice.com/s951412/songs/874787/,https://streetvoice.com/s951412/,"https://akstatic.streetvoice.com/song_covers/s9/51/s951412/FD2njt3dmghNqtPqDgwnv3.jpeg?x-oss-process=image/resize,m_fixed,h_1,w_1,limit_0/resize,m_fixed,h_630,w_1200,limit_0/watermark,image_c29uZ19jb3ZlcnMvczkvNTEvczk1MTQxMi9GRDJuanQzZG1naE5xdFBxRGd3bnYzLmpwZWc_eC1vc3MtcHJvY2Vzcz1pbWFnZS9yZXNpemUsbV9maXhlZCxoXzM0NCx3XzM0NCxsaW1pdF8w,g_nw,x_428,y_143/watermark,image_YXNzZXQvaW1hZ2VzL21ldGFpbWFnZS1zb25nLnBuZw,g_nw,x_0,y_0",images/874787.jpeg,@s951412,音樂人,新北市,2018-01-01,,5,45,37,,,https://www.youtube.com/user/StreetVoiceTV,,,Folk,,,,"聽了國小同學二十年好友的歐洲之旅故事後, 就寫了這首歌給他的寶寶。 
聽了國小同學二十年好友的歐洲之旅故事後, 就寫了這首歌給他的寶寶。","小鼻仔之歌 Oh oh oh妳還沒來的 時候爸爸媽媽去了很遠的地方 我們在水池旁偷偷許願 希望妳平安又健康 然後媽媽肚肚慢慢變大 小鼻仔 一天比一天強壯 才知道那天丟出了硬幣 換得妳悄悄的來到 一起唱 拉拉拉 拉拉 希望妳 平安的健康長大 一起唱 拉拉拉 拉拉 你就是爸媽地寶貝呀 
小鼻仔之歌
Oh oh oh妳還沒來的 時候爸爸媽媽去了很遠的地方 我們在水池旁偷偷許願 希望妳平安又健康
然後媽媽肚肚慢慢變大 小鼻仔 一天比一天強壯 才知道那天丟出了硬幣 換得妳悄悄的來到
一起唱 拉拉拉 拉拉 希望妳 平安的健康長大 一起唱 拉拉拉 拉拉 你就是爸媽地寶貝呀
留言（ 0 ） 最相關留言 所有留言
留言（ 0 ）",2026-08-14,,,False,False,
2026-08-15 22:40:47,realtime,folk,,,24,Auriel,你還有什麼問題？,1,3,0,https://streetvoice.com/aurielleever/songs/874877/,https://streetvoice.com/aurielleever/,"https://akstatic.streetvoice.com/song_covers/au/ri/aurielleever/dW2gexTGR4hM7AveFXJn8Z.jpg?x-oss-process=image/resize,m_fixed,h_1,w_1,limit_0/resize,m_fixed,h_630,w_1200,limit_0/watermark,image_c29uZ19jb3ZlcnMvYXUvcmkvYXVyaWVsbGVldmVyL2RXMmdleFRHUjRoTTdBdmVGWEpuOFouanBnP3gtb3NzLXByb2Nlc3M9aW1hZ2UvcmVzaXplLG1fZml4ZWQsaF8zNDQsd18zNDQsbGltaXRfMA,g_nw,x_428,y_143/watermark,image_YXNzZXQvaW1hZ2VzL21ldGFpbWFnZS1zb25nLnBuZw,g_nw,x_0,y_0",images/874877.jpg,@aurielleever,音樂人,台中市,2024-07-01,,4,2,1,,,https://www.youtube.com/user/StreetVoiceTV,,,Singer / Songwriter,,,,"任何物體，一經愛戀對象的觸碰，就成了身體的一部分，戀人也就懷著一片癡情迷上了它。 
任何物體，一經愛戀對象的觸碰，就成了身體的一部分，戀人也就懷著一片癡情迷上了它。","誰在思考話題？ 誰在等待天明？ V1- 還在真實的承受著 在彼岸的那一端 那裡有光 自證成明 心中有火 該如何相信 看不到方向 聽不到聲音 表面張力 科學謎題 生命講求證據 敘事包裝話題 戀人沒有絮語 香煙點燃天明 遺忘的水珠通往哪裡？ 縫隙裡有風景 縫隙裡或許藏著謎底 （人物的）先後順序 （劇本的）流言蜚語 （顛倒的）時間語句 （置換的）人生課題 他問我還有什麼問題？ 我說我在夢裡看過那雙眼睛 我說我在夢裡感受過那片光明 V2- 講究張力 科學謎底 生命沒有後續 敘事重播話題 戀人竊竊私語 香煙留給天明 剩下的水珠通往哪裡？ 縫隙裡有風景 縫隙裡或許藏著謎底 （出場的）先後順序 （愛情的）流言蜚語 （被迫的）時間語句 （重來的）人生課題 他問我還有什麼問題？ 我說我在夢裡看過那雙眼睛 我說我在夢裡感受過那片光明 你還有什麼問題？ 
誰在思考話題？ 誰在等待天明？
V1- 還在真實的承受著 在彼岸的那一端 那裡有光 自證成明 心中有火 該如何相信 看不到方向 聽不到聲音
表面張力 科學謎題 生命講求證據 敘事包裝話題 戀人沒有絮語 香煙點燃天明 遺忘的水珠通往哪裡？
縫隙裡有風景 縫隙裡或許藏著謎底 （人物的）先後順序 （劇本的）流言蜚語 （顛倒的）時間語句 （置換的）人生課題
他問我還有什麼問題？
我說我在夢裡看過那雙眼睛 我說我在夢裡感受過那片光明
V2- 講究張力 科學謎底 生命沒有後續 敘事重播話題 戀人竊竊私語 香煙留給天明 剩下的水珠通往哪裡？
縫隙裡有風景 縫隙裡或許藏著謎底 （出場的）先後順序 （愛情的）流言蜚語 （被迫的）時間語句 （重來的）人生課題
他問我還有什麼問題？
我說我在夢裡看過那雙眼睛 我說我在夢裡感受過那片光明
你還有什麼問題？
留言（ 0 ） 最相關留言 所有留言
留言（ 0 ）",2026-08-15,,,False,False,
2026-08-15 22:40:47,realtime,folk,,,25,莉樺Lily,Lonely GoodBye,1,2,0,https://streetvoice.com/LiHuaaa/songs/874896/,https://streetvoice.com/LiHuaaa/,"https://akstatic.streetvoice.com/song_covers/Li/Hu/LiHuaaa/B8pyKLH2qKfpSVm9haHwzn.jpg?x-oss-process=image/resize,m_fixed,h_1,w_1,limit_0/resize,m_fixed,h_630,w_1200,limit_0/watermark,image_c29uZ19jb3ZlcnMvTGkvSHUvTGlIdWFhYS9COHB5S0xIMnFLZnBTVm05aGFId3puLmpwZz94LW9zcy1wcm9jZXNzPWltYWdlL3Jlc2l6ZSxtX2ZpeGVkLGhfMzQ0LHdfMzQ0LGxpbWl0XzA,g_nw,x_428,y_143/watermark,image_YXNzZXQvaW1hZ2VzL21ldGFpbWFnZS1zb25nLnBuZw,g_nw,x_0,y_0",images/874896.jpg,@LiHuaaa,音樂人,台北市,2022-05-01,,4,16,9,,,https://www.youtube.com/user/StreetVoiceTV,,,Singer / Songwriter,ㄞˋㄕˋ（Love and Burden）,https://streetvoice.com/LiHuaaa/songs/album/97325903/,,"寫於2024。 混音工程師 Mixing Engineer| 蔡天文 Tien-wen Tsai 
寫於2024。
混音工程師 Mixing Engineer| 蔡天文 Tien-wen Tsai","你令人稱羨的一切 眼神中無法輕易放開的所有 你帶我繞了好多街 而我卻迷失在你眼眸中困住的藍灰 我想念曾經的一切 同時被困擾著承諾無法輕易被兌現 機車在城市騎著 繞著 你說遺憾像冰淇淋 融化後弄得滿手黏著 再見 汲汲營營的人們 再見 隱隱約約的光線 再見 美好 失望 清澈 那些不說就不會懂的拉扯 再見 心心念念的目光 再見 熙熙攘攘的車站 再見 在靠海的公車站見 下次帶著微笑和遺憾再見 你要離開 你對我說 我們道別 我們相擁 那美好 失望 清澈 你要離開 你對我說 我們道別 我們相擁 在靠海的公車站見 過去的所有在懷中深陷 你令人稱羨的一切 我想念曾經的一切 But I know you are there seaking a space where just us side by side 
你令人稱羨的一切 眼神中無法輕易放開的所有 你帶我繞了好多街 而我卻迷失在你眼眸中困住的藍灰 我想念曾經的一切 同時被困擾著承諾無法輕易被兌現 機車在城市騎著 繞著 你說遺憾像冰淇淋 融化後弄得滿手黏著
再見 汲汲營營的人們 再見 隱隱約約的光線 再見 美好 失望 清澈 那些不說就不會懂的拉扯 再見 心心念念的目光 再見 熙熙攘攘的車站 再見 在靠海的公車站見 下次帶著微笑和遺憾再見
你要離開 你對我說 我們道別 我們相擁 那美好 失望 清澈 你要離開 你對我說 我們道別 我們相擁 在靠海的公車站見 過去的所有在懷中深陷
你令人稱羨的一切 我想念曾經的一切 But I know you are there seaking a space where just us side by side
留言（ 0 ） 最相關留言 所有留言
留言（ 0 ）",2026-08-15,,,False,False,
2026-08-15 22:40:47,realtime,folk,,,26,鲁晓夏,夜,1,3,0,https://streetvoice.com/Luna1985/songs/874873/,https://streetvoice.com/Luna1985/,"https://akstatic.streetvoice.com/song_covers/Lu/na/Luna1985/Sv5VaZoEgRDnf2uq3fCqX5.jpg?x-oss-process=image/resize,m_fixed,h_1,w_1,limit_0/resize,m_fixed,h_630,w_1200,limit_0/watermark,image_c29uZ19jb3ZlcnMvTHUvbmEvTHVuYTE5ODUvU3Y1VmFab0VnUkRuZjJ1cTNmQ3FYNS5qcGc_eC1vc3MtcHJvY2Vzcz1pbWFnZS9yZXNpemUsbV9maXhlZCxoXzM0NCx3XzM0NCxsaW1pdF8w,g_nw,x_428,y_143/watermark,image_YXNzZXQvaW1hZ2VzL21ldGFpbWFnZS1zb25nLnBuZw,g_nw,x_0,y_0",images/874873.jpg,@Luna1985,音樂人,,,,5,,,,,https://www.youtube.com/user/StreetVoiceTV,,,Singer / Songwriter,,,,"在一个能听见海呼吸的“夜""里，风无拘无束。 一个平静的“夜”，一切美好都有可能发生。 小时候的钢琴声，很遥远的星星也能发出美妙的声音，天马行空不是不可以。 一个人的自由摇摆，仿佛是酷暑过后的清凉微醺~ 从词曲到音乐的制作，鲁晓夏一直在路上，她把中文里最美的诗意，巧妙的融合在音乐的旋律里，用独特的角度，诠释新中式音乐。 
在一个能听见海呼吸的“夜""里，风无拘无束。 一个平静的“夜”，一切美好都有可能发生。 小时候的钢琴声，很遥远的星星也能发出美妙的声音，天马行空不是不可以。 一个人的自由摇摆，仿佛是酷暑过后的清凉微醺~ 从词曲到音乐的制作，鲁晓夏一直在路上，她把中文里最美的诗意，巧妙的融合在音乐的旋律里，用独特的角度，诠释新中式音乐。","夜 片片落叶和港湾 在沙滩细数着温暖 留下浪花和夜晚 沉浸在风起浪摆 平平静静的叶蔓 在石头上来回打探 开满山野和云端 洒着爱的小撒欢 浅浅的岸在徘徊 分辨不出谁的无奈 看似幽暗的岩山 脚下路过软的发呆 绿树和草分两半 还没来的及打转 莺莺绕绕青涩伴 来去悠然夜来伴 
夜 片片落叶和港湾 在沙滩细数着温暖 留下浪花和夜晚 沉浸在风起浪摆
平平静静的叶蔓 在石头上来回打探 开满山野和云端 洒着爱的小撒欢
浅浅的岸在徘徊 分辨不出谁的无奈 看似幽暗的岩山 脚下路过软的发呆
绿树和草分两半 还没来的及打转 莺莺绕绕青涩伴 来去悠然夜来伴
留言（ 0 ） 最相關留言 所有留言
留言（ 0 ）",2026-08-15,,,False,False,
2026-08-15 22:40:47,realtime,folk,,,27,駱羿 Lewis,文樂之歌-回家版,1,8,0,https://streetvoice.com/blue_bar_53t/songs/874824/,https://streetvoice.com/blue_bar_53t/,"https://akstatic.streetvoice.com/song_covers/bl/ue/blue_bar_53t/aybSmLHA6v6jcDTUQ2TB7E.jpg?x-oss-process=image/resize,m_fixed,h_1,w_1,limit_0/resize,m_fixed,h_630,w_1200,limit_0/watermark,image_c29uZ19jb3ZlcnMvYmwvdWUvYmx1ZV9iYXJfNTN0L2F5YlNtTEhBNnY2amNEVFVRMlRCN0UuanBnP3gtb3NzLXByb2Nlc3M9aW1hZ2UvcmVzaXplLG1fZml4ZWQsaF8zNDQsd18zNDQsbGltaXRfMA,g_nw,x_428,y_143/watermark,image_YXNzZXQvaW1hZ2VzL21ldGFpbWFnZS1zb25nLnBuZw,g_nw,x_0,y_0",images/874824.jpg,@blue_bar_53t,音樂人,,,,6,12,1,,,https://www.youtube.com/user/StreetVoiceTV,,,Singer / Songwriter,,,,,"文樂的秋山風景 蝴蝶谷綠水長流 還有那美麗的相思林 是否還記得我 我把過去的回憶 當作今日的懷念 那時我並不想離開 只是尋求理想 當我要離開的時候 鳳凰花正開著 好像在對我祝福 早日成功回來 文樂 最想念的地方 有童年的足跡 徘徊在腦海裡 文樂 你是否知道 靜靜的午夜裡 我正想著你 文樂 我要告訴你 我寂寞的話 你就像永不褪色的夢 
文樂的秋山風景 蝴蝶谷綠水長流 還有那美麗的相思林 是否還記得我
我把過去的回憶 當作今日的懷念 那時我並不想離開 只是尋求理想
當我要離開的時候 鳳凰花正開著 好像在對我祝福 早日成功回來
文樂 最想念的地方 有童年的足跡 徘徊在腦海裡
文樂 你是否知道 靜靜的午夜裡 我正想著你
文樂 我要告訴你 我寂寞的話 你就像永不褪色的夢
留言（ 0 ） 最相關留言 所有留言
留言（ 0 ）",2026-08-15,,,False,False,
2026-08-15 22:40:47,realtime,folk,,,28,我萱xung,願世界溫柔的人,1,1,0,https://streetvoice.com/woooxung/songs/874880/,https://streetvoice.com/woooxung/,"https://akstatic.streetvoice.com/song_covers/wo/oo/woooxung/MFArXWiGCFXFj8pZLxGtqk.jpeg?x-oss-process=image/resize,m_fixed,h_1,w_1,limit_0/resize,m_fixed,h_630,w_1200,limit_0/watermark,image_c29uZ19jb3ZlcnMvd28vb28vd29vb3h1bmcvTUZBclhXaUdDRlhGajhwWkx4R3Rxay5qcGVnP3gtb3NzLXByb2Nlc3M9aW1hZ2UvcmVzaXplLG1fZml4ZWQsaF8zNDQsd18zNDQsbGltaXRfMA,g_nw,x_428,y_143/watermark,image_YXNzZXQvaW1hZ2VzL21ldGFpbWFnZS1zb25nLnBuZw,g_nw,x_0,y_0",images/874880.jpeg,@woooxung,音樂人,台南市,2021-12-01,,4,67,2,,,https://www.youtube.com/user/StreetVoiceTV,,,Singer / Songwriter,,,,"〈願世界溫柔的人〉寫給每一個努力生活，也曾在外界的聲音中感到迷惘的人。 我們總盼望這個世界能溫柔地善待自己，卻有時忘了，自己也可以成為那份溫柔的一部分。也許只是一句小小的祝福、一個不經意的善意，或是在某個人需要的時候，願意伸出手、多理解對方一點，都可能接住一顆正在下墜的心，讓某個人感受到微小卻真實的幸福。 希望這首歌能帶給你無懼的力量，讓你在面對未知、質疑與不被理解的時候，依然有勇氣相信自己，走向真正想去的地方。無論你選擇成為什麼模樣，只要那是你真心喜歡的自己，我都會為你感到驕傲，也會繼續用歌聲陪伴大家，走過每一段需要力量的時刻。 
〈願世界溫柔的人〉寫給每一個努力生活，也曾在外界的聲音中感到迷惘的人。
我們總盼望這個世界能溫柔地善待自己，卻有時忘了，自己也可以成為那份溫柔的一部分。也許只是一句小小的祝福、一個不經意的善意，或是在某個人需要的時候，願意伸出手、多理解對方一點，都可能接住一顆正在下墜的心，讓某個人感受到微小卻真實的幸福。
希望這首歌能帶給你無懼的力量，讓你在面對未知、質疑與不被理解的時候，依然有勇氣相信自己，走向真正想去的地方。無論你選擇成為什麼模樣，只要那是你真心喜歡的自己，我都會為你感到驕傲，也會繼續用歌聲陪伴大家，走過每一段需要力量的時刻。","願世界溫柔的人太多 卻沒有人打破沉默 還以為道歉能掩蓋傷口 言語刺傷了誰好多 願世界溫柔的人不夠 人們的心總看不透 漫天的願望倒轉時空 願你收到我的溫柔 I proud of you Maybe one time you lose It’s ok no one blamed you Just know We will 忘掉那煩惱 管他怎麼做都不重要 我哭我笑我鬧我恨 我的人生我從不逃跑 我知道 我知道 願世界溫柔的人太多 卻沒有人打破沉默 還以為原諒算安慰自我 願你收到我的溫柔 I’m proud of you Maybe one time you lose It’s ok no one blamed you Just know We will 忘掉那煩惱 管他怎麼做都不重要 I‘m proud of you Try to take Bad(thing) Throw…Throw into the pool 你做自己就好 不再去煎熬 找尋人生裡面有意義的目標 I‘m proud of you Try to take Bad(thing) Throw…Throw into the pool 不管他們說了多少 你是你自己 唯一的信號 Just be yourself 不再去煎熬 放肆地看這世界有多美好 
願世界溫柔的人太多 卻沒有人打破沉默 還以為道歉能掩蓋傷口 言語刺傷了誰好多
願世界溫柔的人不夠 人們的心總看不透 漫天的願望倒轉時空 願你收到我的溫柔
I proud of you Maybe one time you lose It’s ok no one blamed you Just know We will 忘掉那煩惱 管他怎麼做都不重要
我哭我笑我鬧我恨 我的人生我從不逃跑 我知道 我知道
願世界溫柔的人太多 卻沒有人打破沉默 還以為原諒算安慰自我 願你收到我的溫柔
I’m proud of you Maybe one time you lose It’s ok no one blamed you Just know We will 忘掉那煩惱 管他怎麼做都不重要
I‘m proud of you Try to take Bad(thing) Throw…Throw into the pool 你做自己就好 不再去煎熬 找尋人生裡面有意義的目標
I‘m proud of you Try to take Bad(thing) Throw…Throw into the pool
不管他們說了多少 你是你自己 唯一的信號
Just be yourself 不再去煎熬 放肆地看這世界有多美好
留言（ 0 ） 最相關留言 所有留言
留言（ 0 ）",2026-08-15,,,False,False,
2026-08-15 22:40:47,realtime,folk,,,29,JoYoung,摯遠別HD,1,1,0,https://streetvoice.com/JoYoung88/songs/872131/,https://streetvoice.com/JoYoung88/,"https://akstatic.streetvoice.com/song_covers/Jo/Yo/JoYoung88/9r3z6KrXJJaWh3V5dGWRcG.jpeg?x-oss-process=image/resize,m_fixed,h_1,w_1,limit_0/resize,m_fixed,h_630,w_1200,limit_0/watermark,image_c29uZ19jb3ZlcnMvSm8vWW8vSm9Zb3VuZzg4LzlyM3o2S3JYSkphV2gzVjVkR1dSY0cuanBlZz94LW9zcy1wcm9jZXNzPWltYWdlL3Jlc2l6ZSxtX2ZpeGVkLGhfMzQ0LHdfMzQ0LGxpbWl0XzA,g_nw,x_428,y_143/watermark,image_YXNzZXQvaW1hZ2VzL21ldGFpbWFnZS1zb25nLnBuZw,g_nw,x_0,y_0",images/872131.jpeg,@JoYoung88,音樂人,,,,11,1,,,,https://www.youtube.com/user/StreetVoiceTV,,,Folk,,,,"【原創歌詞 / Ai協作曲唱】 這是一首將「煙火意象」與「知己離別」完美融合的現代古典詩歌。作者樵楊（JoYoung）在《摯遠別》中，以律詩散文結合的筆法，將人生聚散的無奈，託付於轉瞬即逝的絢爛之中。以下從意象、情感與結構進行客觀賞析： 🌌 意象交織：借景抒情的極致對比 ◆煙火與殘熒：開篇「煙花瞬滅留熒飛」與後續散文詩段落交相輝映。作者將煙火視覺化為「流光銀瀑」，卻在「剎那歸於虛無」後，轉為微弱的「熒光」。這種由極盛轉為極衰的視覺落差，精準隱喻了摯友相聚的短暫與離別後的冷清。 ◆溫酒與漣漪：散文部分引入「溫壺醇酒」與「叩門來訪」，將視覺的虛幻抽離，落實到聽覺與觸覺的真實感。酒本是熱的，歡聲本是滔滔的，卻在「越飲越愁」的心理變化中，對比出即將各奔東西的寒涼。 💔 情感遞進：從狂喜到黯然的宿命感 ◆驚喜與狂歡：前半段「興高采烈雀躍驚喜」，知己重逢談論「年少輕狂」與「跌跌撞撞」，情感線達到高點。此時的微醺快意，正如同夜空中最燦爛的焰火。 ◆惋惜與落寞：隨後筆鋒一轉，「微醺」對應「無可奈何」，「夜酌」伴隨「揮之不去的落寞」。作者不著痕跡地將歡聚的快樂，轉化為對時間流逝的無力感。 ◆風霜與釋懷：結尾「天涯海角各自風霜雨雪」，情感由私人的悲傷昇華為對彼此命運的遠期祝福。一句「朋友，珍重再會」，在宿醉的尾聲中顯得格外的沉重與真摯。 🎵 結構韻律：古典與現代的交響互證 ◆前後呼應的雙璧：作品採用「古體詩開篇—現代散文詩鋪陳—古體詩收尾」的迴環結構。開頭的七言律化詩句作為總領，定下了全詩蒼涼雋永的基調；中間的白話演繹則像電影蒙太奇，補足了細節與敘事；末尾再次重溫主題詩，使悲劇美感在讀者心中無限迴盪。 ◆音韻鏗鏘的節奏：詩文部分押「微（飛、璀、隨、醉、歸、回）」韻，讀來琅琅上口，極具音樂性，展現了作者深厚的文字工底。 總結： 《摯遠別》是一幅兼具古典詩詞美感與現代文學張力的抒情畫卷。它成功捕捉了人類情感中最具共鳴的「送別」主題，不流於俗套的無病呻吟，而是藉由花火的灰飛煙滅，寫盡了人生的無常與情誼的永恆。 「以上這段賞析評論是由 Ai 協作產生」 
【原創歌詞 / Ai協作曲唱】 這是一首將「煙火意象」與「知己離別」完美融合的現代古典詩歌。作者樵楊（JoYoung）在《摯遠別》中，以律詩散文結合的筆法，將人生聚散的無奈，託付於轉瞬即逝的絢爛之中。以下從意象、情感與結構進行客觀賞析： 🌌 意象交織：借景抒情的極致對比 ◆煙火與殘熒：開篇「煙花瞬滅留熒飛」與後續散文詩段落交相輝映。作者將煙火視覺化為「流光銀瀑」，卻在「剎那歸於虛無」後，轉為微弱的「熒光」。這種由極盛轉為極衰的視覺落差，精準隱喻了摯友相聚的短暫與離別後的冷清。 ◆溫酒與漣漪：散文部分引入「溫壺醇酒」與「叩門來訪」，將視覺的虛幻抽離，落實到聽覺與觸覺的真實感。酒本是熱的，歡聲本是滔滔的，卻在「越飲越愁」的心理變化中，對比出即將各奔東西的寒涼。 💔 情感遞進：從狂喜到黯然的宿命感 ◆驚喜與狂歡：前半段「興高采烈雀躍驚喜」，知己重逢談論「年少輕狂」與「跌跌撞撞」，情感線達到高點。此時的微醺快意，正如同夜空中最燦爛的焰火。 ◆惋惜與落寞：隨後筆鋒一轉，「微醺」對應「無可奈何」，「夜酌」伴隨「揮之不去的落寞」。作者不著痕跡地將歡聚的快樂，轉化為對時間流逝的無力感。 ◆風霜與釋懷：結尾「天涯海角各自風霜雨雪」，情感由私人的悲傷昇華為對彼此命運的遠期祝福。一句「朋友，珍重再會」，在宿醉的尾聲中顯得格外的沉重與真摯。 🎵 結構韻律：古典與現代的交響互證 ◆前後呼應的雙璧：作品採用「古體詩開篇—現代散文詩鋪陳—古體詩收尾」的迴環結構。開頭的七言律化詩句作為總領，定下了全詩蒼涼雋永的基調；中間的白話演繹則像電影蒙太奇，補足了細節與敘事；末尾再次重溫主題詩，使悲劇美感在讀者心中無限迴盪。 ◆音韻鏗鏘的節奏：詩文部分押「微（飛、璀、隨、醉、歸、回）」韻，讀來琅琅上口，極具音樂性，展現了作者深厚的文字工底。 總結： 《摯遠別》是一幅兼具古典詩詞美感與現代文學張力的抒情畫卷。它成功捕捉了人類情感中最具共鳴的「送別」主題，不流於俗套的無病呻吟，而是藉由花火的灰飛煙滅，寫盡了人生的無常與情誼的永恆。 「以上這段賞析評論是由 Ai 協作產生」","煙花瞬滅留熒飛 殘影照心幻絕璀 壯瀾霎盡痕不在 餘漣漾懷夢繚隨 摯交遠友來邀醉 聚短誼長恨將歸 今別千山萬里去 此生再敘能幾回 煙火宛如流光銀瀑 漫天灼華照亮夜幕 剎那又歸於虛無 餘暉深深烙印心靈深處 絢爛雄偉的綻放 那是極致的璀璨 逐漸淡去變成熒光 心中浮現幻滅的失落感 叩門來訪多年知己 相聚激起了漣漪 興高采烈雀躍驚喜 但轉眼又將別離 塵封歲月湧上心頭 多麼希望時光倒流 席地而坐溫壺醇酒 只嘆總是越飲越愁 滔滔歡聲笑語不斷 談起當時年少輕狂 回憶共同追逐的夢想 還有一路的跌跌撞撞 微醺快意的時刻 彷彿天空中的焰火 唯美短暫匆促旋過 感慨卻又無可奈何 通宵夜酌欲言猶多 即便酒壺還是溫熱 而心中黯然惋惜不捨 眼神藏著揮之不去的落寞 隨著花火灰飛煙滅 彼此互相握擁告別 再敘不知何年何月 天涯海角各自風霜雨雪 過了今夜這場宿醉 往後或許無緣再乾杯 朋友, 珍重再會 珍重再會 煙花瞬滅留熒飛 殘影照心幻絕璀 壯瀾霎盡痕不在 餘漣漾懷夢繚隨 摯交遠友來邀醉 聚短誼長恨將歸 今別千山萬里去 此生再敘能幾回 
煙花瞬滅留熒飛 殘影照心幻絕璀 壯瀾霎盡痕不在 餘漣漾懷夢繚隨 摯交遠友來邀醉 聚短誼長恨將歸 今別千山萬里去 此生再敘能幾回
煙火宛如流光銀瀑 漫天灼華照亮夜幕 剎那又歸於虛無 餘暉深深烙印心靈深處
絢爛雄偉的綻放 那是極致的璀璨 逐漸淡去變成熒光 心中浮現幻滅的失落感
叩門來訪多年知己 相聚激起了漣漪 興高采烈雀躍驚喜 但轉眼又將別離
塵封歲月湧上心頭 多麼希望時光倒流 席地而坐溫壺醇酒 只嘆總是越飲越愁
滔滔歡聲笑語不斷 談起當時年少輕狂 回憶共同追逐的夢想 還有一路的跌跌撞撞
微醺快意的時刻 彷彿天空中的焰火 唯美短暫匆促旋過 感慨卻又無可奈何
通宵夜酌欲言猶多 即便酒壺還是溫熱 而心中黯然惋惜不捨 眼神藏著揮之不去的落寞
隨著花火灰飛煙滅 彼此互相握擁告別 再敘不知何年何月 天涯海角各自風霜雨雪
過了今夜這場宿醉 往後或許無緣再乾杯 朋友, 珍重再會 珍重再會
煙花瞬滅留熒飛 殘影照心幻絕璀 壯瀾霎盡痕不在 餘漣漾懷夢繚隨 摯交遠友來邀醉 聚短誼長恨將歸 今別千山萬里去 此生再敘能幾回
留言（ 0 ） 最相關留言 所有留言
留言（ 0 ）",2026-08-15,,AI 協作 Folk,False,False,
2026-08-15 22:40:47,realtime,folk,,,30,Yo Chen,我的人生,4,258,0,https://streetvoice.com/s8817012011/songs/873300/,https://streetvoice.com/s8817012011/,"https://akstatic.streetvoice.com/song_covers/s8/81/s8817012011/Vx6zQKG9Jautet7mAaYKUY.jpeg?x-oss-process=image/resize,m_fixed,h_1,w_1,limit_0/resize,m_fixed,h_630,w_1200,limit_0/watermark,image_c29uZ19jb3ZlcnMvczgvODEvczg4MTcwMTIwMTEvVng2elFLRzlKYXV0ZXQ3bUFhWUtVWS5qcGVnP3gtb3NzLXByb2Nlc3M9aW1hZ2UvcmVzaXplLG1fZml4ZWQsaF8zNDQsd18zNDQsbGltaXRfMA,g_nw,x_428,y_143/watermark,image_YXNzZXQvaW1hZ2VzL21ldGFpbWFnZS1zb25nLnBuZw,g_nw,x_0,y_0",images/873300.jpeg,@s8817012011,音樂人,台北市,2011-12-01,2021-09-27 15:35,30,322,7,https://www.facebook.com/theMetalspeaker,https://www.instagram.com/_yochen/,https://www.youtube.com/@yochen3590,香港樂團 Another Kitchen 首張專輯《Do What You Love》發表音樂會|||https://blow.streetvoice.com/8395/?utm_source=streetvoice&utm_medium=profile-news-block; 2026浪人祭公布新一波陣容：國蛋重返家鄉開唱、日本樂團OGRE YOU ASSHOLE首登安平|||https://blow.streetvoice.com/89363/?utm_source=streetvoice&utm_medium=profile-news-block; 「PARK PARK@Tokyo」把現在的台灣音樂帶到東京！鄭宜農、陳珊妮、生祥樂隊、YELLOW黃宣、LÜCY接力登上東京舞台|||https://blow.streetvoice.com/87721/?utm_source=streetvoice&utm_medium=profile-news-block,,Folk,我的人生 Master of None,https://streetvoice.com/s8817012011/songs/album/97325613/,,"帶著明亮的班鳩琴與輕快節奏， 唱出最苦澀的問題。 「為什麼我的人生，會變得按呢生？」 那不是在埋怨，而是帶著笑容的無奈。 羨慕別人，是最傻的事情；可是看著別人的歌被聽見、被人看見，心裡還是會忍不住問： 為什麼不是我？ 在吵鬧、混亂的夜晚，有多少人真正理解過，藏在心底那一點微弱的希望。 
帶著明亮的班鳩琴與輕快節奏， 唱出最苦澀的問題。
「為什麼我的人生，會變得按呢生？」
那不是在埋怨，而是帶著笑容的無奈。
羨慕別人，是最傻的事情；可是看著別人的歌被聽見、被人看見，心裡還是會忍不住問：
為什麼不是我？
在吵鬧、混亂的夜晚，有多少人真正理解過，藏在心底那一點微弱的希望。","我唔災我金罵治叨位 愈做什麼 愈衝什麼 攏無意義 欣羨別人是尚傻的代治 但我沒勇氣 準備好面對  就乎伊去 又戈是吵吵鬧鬧混亂的暗暝 有啥人肯了解我心內的希微 為什麼我的人生 會變得安內生 為什麼我的青春 攏已經不再回 阿～～～ 無法解釋 為什麼他的歌 欸凍吼人看見 為什麼我的日子 變嘎家無趣味 阿～～～ 想欲放棄 我唔災我金罵治叨位 愈做什麼 愈衝什麼 攏無意義 欣羨別人是尚傻的代治 但我沒勇氣 準備好面對  就乎伊去 又戈是吵吵鬧鬧混亂的暗暝 有啥人肯了解我心內的希微 為什麼我的人生 會變得安內生 為什麼我的青春 攏已經不再回 阿～～～ 無法解釋 為什麼他的歌 欸凍吼人看見 為什麼我的日子 變嘎家無趣味 阿～～～ 想欲放棄 又戈是吵吵鬧鬧混亂的暗暝 有啥人肯了解我心內的希微 
我唔災我金罵治叨位 愈做什麼 愈衝什麼 攏無意義 欣羨別人是尚傻的代治 但我沒勇氣 準備好面對  就乎伊去
又戈是吵吵鬧鬧混亂的暗暝 有啥人肯了解我心內的希微
為什麼我的人生 會變得安內生 為什麼我的青春 攏已經不再回 阿～～～ 無法解釋
為什麼他的歌 欸凍吼人看見 為什麼我的日子 變嘎家無趣味 阿～～～ 想欲放棄
我唔災我金罵治叨位 愈做什麼 愈衝什麼 攏無意義 欣羨別人是尚傻的代治 但我沒勇氣 準備好面對  就乎伊去
又戈是吵吵鬧鬧混亂的暗暝 有啥人肯了解我心內的希微
為什麼我的人生 會變得安內生 為什麼我的青春 攏已經不再回 阿～～～ 無法解釋
為什麼他的歌 欸凍吼人看見 為什麼我的日子 變嘎家無趣味 阿～～～ 想欲放棄
又戈是吵吵鬧鬧混亂的暗暝 有啥人肯了解我心內的希微
留言（ 0 ） 最相關留言 所有留言
留言（ 0 ）",2026-08-06,,編輯推薦,True,False,
2026-08-15 22:40:47,realtime,folk,,,31,陳文綺,Petrichor,1,10,0,https://streetvoice.com/amybbq/songs/874550/,https://streetvoice.com/amybbq/,"https://akstatic.streetvoice.com/song_covers/am/yb/amybbq/fjdvwJtCDxkZtkh6igEJ3C.jpeg?x-oss-process=image/resize,m_fixed,h_1,w_1,limit_0/resize,m_fixed,h_630,w_1200,limit_0/watermark,image_c29uZ19jb3ZlcnMvYW0veWIvYW15YmJxL2ZqZHZ3SnRDRHhrWnRraDZpZ0VKM0MuanBlZz94LW9zcy1wcm9jZXNzPWltYWdlL3Jlc2l6ZSxtX2ZpeGVkLGhfMzQ0LHdfMzQ0LGxpbWl0XzA,g_nw,x_428,y_143/watermark,image_YXNzZXQvaW1hZ2VzL21ldGFpbWFnZS1zb25nLnBuZw,g_nw,x_0,y_0",images/874550.jpeg,@amybbq,音樂人,,,,2,15,4,,,https://www.youtube.com/user/StreetVoiceTV,,,Singer / Songwriter,,,,"這是一首關於「歸屬」的歌，歸屬讓我想到泥土的氣味，一種雨後特別濃厚的氣味，就像家的味道一樣，因為是家，掙扎了很久，最後還是用粵語來創作。 
這是一首關於「歸屬」的歌，歸屬讓我想到泥土的氣味，一種雨後特別濃厚的氣味，就像家的味道一樣，因為是家，掙扎了很久，最後還是用粵語來創作。","今天的主角已飄盪 浮光掠影 畫面壓住了神經 鬆開的堅持 我看見新故事 重新調整  背景的一秒光影 選擇步行到誠實方向 從頭裝飾現場 理想中的軀殼是否自由佇立在前方 永遠記住有日光    照在漆黑的一角 就算只是冷漠的燈火  可以看清方向 隨螢幕的更改  景色不在 即使希望微弱   清楚憧憬著甚麼 孤單的肩膀 有些重量 物是人非  你我展翅高飛 消失的標記 那些趣味 懷緬遊戲  呼吸的空氣 刻劃向前進行的曲線   尋求家的香氣 就算這一分這一秒還是孤身無助 在這領域裡盛開   故事不必精彩 佈滿我們帶來的足印  栽種結出果實 從前幻想歸屬 自由的土地 即使選擇逃避  可以輕輕說可惜 如何是非黑白 鏡頭不偏離 擁有選擇權利  擁抱開放誠實的自己 
今天的主角已飄盪 浮光掠影 畫面壓住了神經 鬆開的堅持 我看見新故事 重新調整  背景的一秒光影
選擇步行到誠實方向 從頭裝飾現場 理想中的軀殼是否自由佇立在前方
永遠記住有日光    照在漆黑的一角 就算只是冷漠的燈火  可以看清方向 隨螢幕的更改  景色不在 即使希望微弱   清楚憧憬著甚麼
孤單的肩膀 有些重量 物是人非  你我展翅高飛 消失的標記 那些趣味 懷緬遊戲  呼吸的空氣
刻劃向前進行的曲線   尋求家的香氣 就算這一分這一秒還是孤身無助
在這領域裡盛開   故事不必精彩 佈滿我們帶來的足印  栽種結出果實
從前幻想歸屬 自由的土地 即使選擇逃避  可以輕輕說可惜
如何是非黑白 鏡頭不偏離 擁有選擇權利  擁抱開放誠實的自己
留言（ 0 ） 最相關留言 所有留言
留言（ 0 ）",2026-08-14,,,False,False,
2026-08-15 22:40:47,realtime,folk,,,32,ChiLin 70,昊天之下 demo,0,12,0,https://streetvoice.com/eeesther/songs/874531/,https://streetvoice.com/eeesther/,"https://akstatic.streetvoice.com/song_covers/ee/es/eeesther/44XCnmDEqaDrNLMnEktFvK.jpg?x-oss-process=image/resize,m_fixed,h_1,w_1,limit_0/resize,m_fixed,h_630,w_1200,limit_0/watermark,image_c29uZ19jb3ZlcnMvZWUvZXMvZWVlc3RoZXIvNDRYQ25tREVxYURyTkxNbkVrdEZ2Sy5qcGc_eC1vc3MtcHJvY2Vzcz1pbWFnZS9yZXNpemUsbV9maXhlZCxoXzM0NCx3XzM0NCxsaW1pdF8w,g_nw,x_428,y_143/watermark,image_YXNzZXQvaW1hZ2VzL21ldGFpbWFnZS1zb25nLnBuZw,g_nw,x_0,y_0",images/874531.jpg,@eeesther,音樂人,台灣,2026-08-01,,1,,,,,https://www.youtube.com/user/StreetVoiceTV,,,Singer / Songwriter,,,,"演唱 Chi Lin 詞/曲 Chi Lin 編曲 Chi Lin 這是一個禱告，也是一個態度。一個求神拯救的禱告，一個在急難之中仍然忠心等候神的態度。 正如經上記載- 門徒來叫醒了他，說：「夫子！夫子！我們喪命啦！」耶穌醒了，斥責那狂風大浪；風浪就止住，平靜了。 (路加福音 8:24 和合本) 耶穌的能力大過一切風暴。 不會變成正品的Demo，因為它需要整個弦樂團。 
演唱 Chi Lin 詞/曲 Chi Lin 編曲 Chi Lin
這是一個禱告，也是一個態度。一個求神拯救的禱告，一個在急難之中仍然忠心等候神的態度。 正如經上記載- 門徒來叫醒了他，說：「夫子！夫子！我們喪命啦！」耶穌醒了，斥責那狂風大浪；風浪就止住，平靜了。 (路加福音 8:24 和合本) 耶穌的能力大過一切風暴。
不會變成正品的Demo，因為它需要整個弦樂團。","黑色的樹葉與白色的天 灰暗的視線與飽和的淚 是誰 在寒冷冬夜 你想起誰 是誰 隨風而去卻 留在心間 深藍的浪尖與鮮紅的血 死疾的黑夜 只剩心跳在耳邊 唯一的光線 突然變得刺眼 我將迎接黑暗的終點 我站在昊天之下 風刮過我的臉龐 淚滴滾滾而下 但內心仍有信仰 祢站在暴風 之上 高過所有巨浪 你說過往的 傷和怕 隨風去吧 
黑色的樹葉與白色的天 灰暗的視線與飽和的淚 是誰 在寒冷冬夜 你想起誰 是誰 隨風而去卻 留在心間
深藍的浪尖與鮮紅的血 死疾的黑夜 只剩心跳在耳邊 唯一的光線 突然變得刺眼 我將迎接黑暗的終點
我站在昊天之下 風刮過我的臉龐 淚滴滾滾而下 但內心仍有信仰
祢站在暴風 之上 高過所有巨浪 你說過往的 傷和怕 隨風去吧
留言（ 0 ） 最相關留言 所有留言
留言（ 0 ）",2026-08-14,,,False,False,
2026-08-15 22:40:47,realtime,folk,,,33,maxle,lemonade 錄進去的demo,1,4,0,https://streetvoice.com/thisisml/songs/874542/,https://streetvoice.com/thisisml/,"https://akstatic.streetvoice.com/song_covers/th/is/thisisml/V58pe6sCBuWazfVNhFCiGQ.jpg?x-oss-process=image/resize,m_fixed,h_1,w_1,limit_0/resize,m_fixed,h_630,w_1200,limit_0/watermark,image_c29uZ19jb3ZlcnMvdGgvaXMvdGhpc2lzbWwvVjU4cGU2c0NCdVdhemZWTmhGQ2lHUS5qcGc_eC1vc3MtcHJvY2Vzcz1pbWFnZS9yZXNpemUsbV9maXhlZCxoXzM0NCx3XzM0NCxsaW1pdF8w,g_nw,x_428,y_143/watermark,image_YXNzZXQvaW1hZ2VzL21ldGFpbWFnZS1zb25nLnBuZw,g_nw,x_0,y_0",images/874542.jpg,@thisisml,音樂人,,,,2,7,2,,,https://www.youtube.com/user/StreetVoiceTV,第四屆《新光三越不插電音樂大賽》網路初選名單出爐|||https://blow.streetvoice.com/22800/?utm_source=streetvoice&utm_medium=profile-news-block,,Singer / Songwriter,,,,,"losing myself tell you i'm fine try to go back try to rewind i hope the sunshine gives me luck every moment in the dark i hope this glass can be enough will my life get so much better as i drink this lemonade all my time has gone by like a blink i didn't make losing myself i'll be just fine time to go back time to rewind i hope the sunshine gives me luck every moment in the dark i hope this glass can be enough will my life get so much better as i drink this lemonade all my time has gone by like a blink i didn't make time to get out of here but i can't help thinking good old days time to get out of here but i just can't believe i'm ok time to get out of here but i can't help thinking good old days time to get out of here but i just can't believe i'm ok time to get out of here but i can't help thinking good old days time to get out of here but i just can't believe i'm ok 
losing myself tell you i'm fine try to go back try to rewind i hope the sunshine gives me luck every moment in the dark i hope this glass can be enough will my life get so much better as i drink this lemonade all my time has gone by like a blink i didn't make losing myself i'll be just fine time to go back time to rewind i hope the sunshine gives me luck every moment in the dark i hope this glass can be enough will my life get so much better as i drink this lemonade all my time has gone by like a blink i didn't make time to get out of here but i can't help thinking good old days time to get out of here but i just can't believe i'm ok time to get out of here but i can't help thinking good old days time to get out of here but i just can't believe i'm ok time to get out of here but i can't help thinking good old days time to get out of here but i just can't believe i'm ok
留言（ 0 ） 最相關留言 所有留言
留言（ 0 ）",2026-08-14,,,False,False,
2026-08-15 22:40:47,realtime,folk,,,34,ChiLin 70,Improv 1 (look at me),1,11,0,https://streetvoice.com/eeesther/songs/874535/,https://streetvoice.com/eeesther/,"https://akstatic.streetvoice.com/song_covers/ee/es/eeesther/LzWLw68rCHV9aoLUjpLUdF.jpg?x-oss-process=image/resize,m_fixed,h_1,w_1,limit_0/resize,m_fixed,h_630,w_1200,limit_0/watermark,image_c29uZ19jb3ZlcnMvZWUvZXMvZWVlc3RoZXIvTHpXTHc2OHJDSFY5YW9MVWpwTFVkRi5qcGc_eC1vc3MtcHJvY2Vzcz1pbWFnZS9yZXNpemUsbV9maXhlZCxoXzM0NCx3XzM0NCxsaW1pdF8w,g_nw,x_428,y_143/watermark,image_YXNzZXQvaW1hZ2VzL21ldGFpbWFnZS1zb25nLnBuZw,g_nw,x_0,y_0",images/874535.jpg,@eeesther,音樂人,台灣,2026-08-01,,1,,,,,https://www.youtube.com/user/StreetVoiceTV,,,Singer / Songwriter,,,,"詞曲 Chi Lin 演唱 Chi Lin 演奏 Chi Lin 
詞曲 Chi Lin 演唱 Chi Lin 演奏 Chi Lin","想著你 想著我們的關係 想著有一天 不是我在你身邊 一定會 有不甘心的感覺 但就算承認 想成為你的誰 又能有什麼改變 你在 你在我心裡揮之不去 你在哪裡 和誰在一起都與我沒關係 關上了燈 夜已深 你的身體裡 有照亮我的心 但那有什麼意義 Can you just look at me tonight Look at me I want your wholehearted love wholehearted love What if I told you that I love you What would you do If I told you I love you Would the story begin or end? I wouldn't dare to place a bet. 想著你 想著我們的關係 想著有一天 不是我在你身邊 
想著你 想著我們的關係 想著有一天 不是我在你身邊 一定會 有不甘心的感覺 但就算承認 想成為你的誰 又能有什麼改變
你在 你在我心裡揮之不去 你在哪裡 和誰在一起都與我沒關係 關上了燈 夜已深 你的身體裡 有照亮我的心 但那有什麼意義
Can you just look at me tonight Look at me I want your wholehearted love wholehearted love
What if I told you that I love you What would you do If I told you I love you Would the story begin or end? I wouldn't dare to place a bet.
想著你 想著我們的關係 想著有一天 不是我在你身邊
留言（ 0 ） 最相關留言 所有留言
留言（ 0 ）",2026-08-14,,,False,False,
2026-08-15 22:40:47,realtime,folk,,,35,JoYoung,今生業緣HQ,1,1,0,https://streetvoice.com/JoYoung88/songs/871155/,https://streetvoice.com/JoYoung88/,"https://akstatic.streetvoice.com/song_covers/Jo/Yo/JoYoung88/6UpnYdbp5rMn7yuYLVGsE7.jpeg?x-oss-process=image/resize,m_fixed,h_1,w_1,limit_0/resize,m_fixed,h_630,w_1200,limit_0/watermark,image_c29uZ19jb3ZlcnMvSm8vWW8vSm9Zb3VuZzg4LzZVcG5ZZGJwNXJNbjd5dVlMVkdzRTcuanBlZz94LW9zcy1wcm9jZXNzPWltYWdlL3Jlc2l6ZSxtX2ZpeGVkLGhfMzQ0LHdfMzQ0LGxpbWl0XzA,g_nw,x_428,y_143/watermark,image_YXNzZXQvaW1hZ2VzL21ldGFpbWFnZS1zb25nLnBuZw,g_nw,x_0,y_0",images/871155.jpeg,@JoYoung88,音樂人,,,,11,1,,,,https://www.youtube.com/user/StreetVoiceTV,,,Folk,,,,"【原創歌詞 / Ai協作曲唱】 用一首詩，五十六個字，寫盡從生到死，凡塵俗世三萬日。 這是一首將「佛家因果」與「紅塵體悟」深度融合的古典風詞作。整體結構層層遞進，從生命的宏觀歷程微縮至個人的執念解脫，意境深遠且富含哲理。 以下從多個維度對樵楊（JoYoung）的作品《今生業緣》進行賞析與客觀評論： ⏳ 結構意境：生死如一瞬，三萬日出的微觀與宏觀 詞作開篇以「人生第一口空氣」與「青煙一縷」對仗，精準勾勒出生命從始到終的必然軌跡。最為精妙的是將人生具象化為「三萬個曾經日出」，用具體的數字將漫長的一生濃縮於「眨眼輪迴」之間。這種強烈的時間對比，瞬間拉開了文本的縱深感，讓讀者在宏觀的宇宙時間軸下，感受到個體生命的渺小與短暫。 💔 情感共鳴：紅塵遺憾的精準白描 第三、四分節轉入對現實人生的工整解構。作者展現了極高的文字煉璧能力，用「失落、過客、糾葛、悲歡離合」八個字，道盡了世人在情感與執念中的掙扎。隨後更直擊人性痛點，點出「財色貪婪」與「至親傷害」的紅塵悲劇。這部分文字雖然直白，卻因為切中人類共通的痛苦，而具有極強的情感穿透力。 🕊️ 哲理高度：因果業報與宿命的終極釋懷 後半段詞作全面昇華至哲學與宗教層面。文本不再耽溺於紅塵的痛苦，而是轉向「善惡自覺」與「因果造業」的理性審視。收尾的七言詩體更是整首詞的靈魂所在，文字洗練、格律端正。從「出世嫩皮」到「老終皺囊」的強烈視覺對比，最終導向「生來只應輪迴衍」的豁達，完成了從執著到放下、從痛苦到釋然的心理轉折。 🎵 音樂通感：中式古典風的聽覺意象 從音樂性的角度來看，這首詞非常適合中式古典（古風）的編曲。 ◆節奏感：前半段「一踏一步、一笑一蹙」的疊字排比，自帶不疾不徐的步履感，適合搭配古箏或琵琶的點奏。 ◆情緒起伏：中段談及怨恨與執念，音樂可轉為厚重的弦樂或悲涼的洞簫，烘托戲劇張力。 ◆終章昇華：最後的七言詩部分，若搭配大氣的交響古風或清唱吟誦，能營造出暮鼓晨鐘般的警示感與空靈感。 ✒️ 總結 《今生業緣》是一篇兼具文學美感與佛學禪意的優秀詞作。樵楊以細膩的觀察筆觸描繪紅塵無常，又以超然的智者視角給予最終安慰。全詞行文流暢，轉折自然，堪稱古風詞作中的佳品。 「以上這段賞析評論是由 Ai 協作產生」 
【原創歌詞 / Ai協作曲唱】 用一首詩，五十六個字，寫盡從生到死，凡塵俗世三萬日。 這是一首將「佛家因果」與「紅塵體悟」深度融合的古典風詞作。整體結構層層遞進，從生命的宏觀歷程微縮至個人的執念解脫，意境深遠且富含哲理。 以下從多個維度對樵楊（JoYoung）的作品《今生業緣》進行賞析與客觀評論： ⏳ 結構意境：生死如一瞬，三萬日出的微觀與宏觀 詞作開篇以「人生第一口空氣」與「青煙一縷」對仗，精準勾勒出生命從始到終的必然軌跡。最為精妙的是將人生具象化為「三萬個曾經日出」，用具體的數字將漫長的一生濃縮於「眨眼輪迴」之間。這種強烈的時間對比，瞬間拉開了文本的縱深感，讓讀者在宏觀的宇宙時間軸下，感受到個體生命的渺小與短暫。 💔 情感共鳴：紅塵遺憾的精準白描 第三、四分節轉入對現實人生的工整解構。作者展現了極高的文字煉璧能力，用「失落、過客、糾葛、悲歡離合」八個字，道盡了世人在情感與執念中的掙扎。隨後更直擊人性痛點，點出「財色貪婪」與「至親傷害」的紅塵悲劇。這部分文字雖然直白，卻因為切中人類共通的痛苦，而具有極強的情感穿透力。 🕊️ 哲理高度：因果業報與宿命的終極釋懷 後半段詞作全面昇華至哲學與宗教層面。文本不再耽溺於紅塵的痛苦，而是轉向「善惡自覺」與「因果造業」的理性審視。收尾的七言詩體更是整首詞的靈魂所在，文字洗練、格律端正。從「出世嫩皮」到「老終皺囊」的強烈視覺對比，最終導向「生來只應輪迴衍」的豁達，完成了從執著到放下、從痛苦到釋然的心理轉折。 🎵 音樂通感：中式古典風的聽覺意象 從音樂性的角度來看，這首詞非常適合中式古典（古風）的編曲。 ◆節奏感：前半段「一踏一步、一笑一蹙」的疊字排比，自帶不疾不徐的步履感，適合搭配古箏或琵琶的點奏。 ◆情緒起伏：中段談及怨恨與執念，音樂可轉為厚重的弦樂或悲涼的洞簫，烘托戲劇張力。 ◆終章昇華：最後的七言詩部分，若搭配大氣的交響古風或清唱吟誦，能營造出暮鼓晨鐘般的警示感與空靈感。 ✒️ 總結 《今生業緣》是一篇兼具文學美感與佛學禪意的優秀詞作。樵楊以細膩的觀察筆觸描繪紅塵無常，又以超然的智者視角給予最終安慰。全詞行文流暢，轉折自然，堪稱古風詞作中的佳品。 「以上這段賞析評論是由 Ai 協作產生」","當吸入人生第一口空氣 嚎啕大哭就此落地 熊熊烈火化成青煙一縷 終老離去無聲無息 一踏一步 努力走過艱辛路 一笑一蹙 時而歡愉也有苦 一朝一暮 三萬個曾經日出 一世一贖 眨眼輪迴又轉渡 得不到的會失落 留不住的叫過客 解不開的是糾葛 躲不掉的 統稱為悲歡離合 財色起了貪婪靈魂 無心言行卻結下怨恨 相愛感嘆沒有緣份 最親的人竟然傷害最深 生命有圓滿與殘缺 作為善惡捫心自覺 因果起於紅塵造業 上蒼將會寫下最後註解 出世嫩皮覆纖衾 老終皺囊化灰燼 誕歿本無一物與 人間何苦糾果因 凡事不必強求全 生來只應輪迴衍 親故情恩孽仇憎 緣起業滅都在天 
當吸入人生第一口空氣 嚎啕大哭就此落地 熊熊烈火化成青煙一縷 終老離去無聲無息
一踏一步 努力走過艱辛路 一笑一蹙 時而歡愉也有苦 一朝一暮 三萬個曾經日出 一世一贖 眨眼輪迴又轉渡
得不到的會失落 留不住的叫過客 解不開的是糾葛 躲不掉的 統稱為悲歡離合
財色起了貪婪靈魂 無心言行卻結下怨恨 相愛感嘆沒有緣份 最親的人竟然傷害最深
生命有圓滿與殘缺 作為善惡捫心自覺 因果起於紅塵造業 上蒼將會寫下最後註解
出世嫩皮覆纖衾 老終皺囊化灰燼 誕歿本無一物與 人間何苦糾果因 凡事不必強求全 生來只應輪迴衍 親故情恩孽仇憎 緣起業滅都在天
留言（ 0 ） 最相關留言 所有留言
留言（ 0 ）",2026-08-14,,AI 協作 Folk,False,False,
2026-08-15 22:40:47,realtime,folk,,,36,ChiaSong 嘉頌重奏團,樂脈：女木島傳說 之 爺爺與奶奶 [Legend of Mekgijima] Part III (Grandpa and Grandma),0,2,0,https://streetvoice.com/ChiaSong/songs/874722/,https://streetvoice.com/ChiaSong/,"https://akstatic.streetvoice.com/profile_images/Ch/ia/ChiaSong/h4CLJkPZwwzh8A7oV9LFRb.jpeg?x-oss-process=image/resize,m_fixed,h_1,w_1,limit_0/resize,m_fixed,h_630,w_1200,limit_0/watermark,image_cHJvZmlsZV9pbWFnZXMvQ2gvaWEvQ2hpYVNvbmcvaDRDTEprUFp3d3poOEE3b1Y5TEZSYi5qcGVnP3gtb3NzLXByb2Nlc3M9aW1hZ2UvcmVzaXplLG1fZml4ZWQsaF8zNDQsd18zNDQsbGltaXRfMA,g_nw,x_428,y_143/watermark,image_YXNzZXQvaW1hZ2VzL21ldGFpbWFnZS1zb25nLnBuZw,g_nw,x_0,y_0",images/874722.jpeg,@ChiaSong,音樂人,嘉義市,2026-06-01,,8,2,,,,https://www.youtube.com/user/StreetVoiceTV,,,Folk,樂脈 Soundtrack,https://streetvoice.com/ChiaSong/songs/album/97325890/,,"作曲：楊元碩 演奏：指揮簡晟軒、單簧管獨奏楊元碩、東京佼成管樂團 === 女木島傳說源自於桃太郎故事，作曲家楊元碩發揮想像力，用單簧管和多種情境呈現故事。 作為正義的幼苗、居民的希望、未來的保障，桃太郎帶著大家滿滿的愛與希望和爺爺奶奶為其準備的飯糰，與夥伴們前往女木島。 其中第一段的溫馨旋律，源起於作曲者在陪伴家人時，隨口唱給孩子們哄睡的歌曲。 === #搖籃曲、#民謠風、#安詳、#溫馨、#親情、#平和、#放鬆 (親子場域、咖啡廳、閱覽室、公園、活動音樂、景點) 
作曲：楊元碩 演奏：指揮簡晟軒、單簧管獨奏楊元碩、東京佼成管樂團 === 女木島傳說源自於桃太郎故事，作曲家楊元碩發揮想像力，用單簧管和多種情境呈現故事。
作為正義的幼苗、居民的希望、未來的保障，桃太郎帶著大家滿滿的愛與希望和爺爺奶奶為其準備的飯糰，與夥伴們前往女木島。
其中第一段的溫馨旋律，源起於作曲者在陪伴家人時，隨口唱給孩子們哄睡的歌曲。 === #搖籃曲、#民謠風、#安詳、#溫馨、#親情、#平和、#放鬆
(親子場域、咖啡廳、閱覽室、公園、活動音樂、景點)","這是沒有提供歌詞的歌曲
留言（ 0 ） 最相關留言 所有留言
留言（ 0 ）",2026-08-14,,,False,False,
2026-08-15 22:40:47,realtime,folk,,,37,賴綸*LYRA,頌歌者,3,22,1,https://streetvoice.com/Larry_0036/songs/873884/,https://streetvoice.com/Larry_0036/,"https://akstatic.streetvoice.com/song_covers/La/rr/Larry_0036/SsEcMoVQWXfRfv8yBxdopf.jpg?x-oss-process=image/resize,m_fixed,h_1,w_1,limit_0/resize,m_fixed,h_630,w_1200,limit_0/watermark,image_c29uZ19jb3ZlcnMvTGEvcnIvTGFycnlfMDAzNi9Tc0VjTW9WUVdYZlJmdjh5Qnhkb3BmLmpwZz94LW9zcy1wcm9jZXNzPWltYWdlL3Jlc2l6ZSxtX2ZpeGVkLGhfMzQ0LHdfMzQ0LGxpbWl0XzA,g_nw,x_428,y_143/watermark,image_YXNzZXQvaW1hZ2VzL21ldGFpbWFnZS1zb25nLnBuZw,g_nw,x_0,y_0",images/873884.jpg,@Larry_0036,音樂人,,,,3,15,3,,,https://www.youtube.com/user/StreetVoiceTV,,,Singer / Songwriter,,,,"一首送給聽眾、歌手朋友和我的歌 夢想這件事 辛苦但很值得 開始了就別輕易結束 - 《頌歌者》 Credit List 詞、曲 Lyricist & Composer｜賴綸*LYRA 演唱 Vocalist｜賴綸*LYRA 製作人 Producer | 樂承宇 Yue Yu 配唱製作人 Vocal Producer | 史斯宇 Sya 編曲 Arranger | 樂承宇 Yue Yu 木吉他 Acoustic Guitar | 樂承宇 Yue Yu 電吉他 Electric Guitar | 樂承宇 Yue Yu 木箱鼓 Cajon | 陳柔安 Stella Chen 和聲 Backing Vocals｜賴綸*LYRA 錄音師 Recording Engineer | 吳奕宏 Wu Yi Hung（Vocal, Acoustic Guitar, Cajon） 錄音室 Recording Studio | Playroom（Vocal, Acoustic Guitar, Cajon） 和聲編寫 Backing Vocal Arranger｜賴綸*LYRA、史斯宇 Sya 混音師 Mixing Engineer | 鍾嘉成 ChiaChen 混音室 Mixing Studio | LIE8 Studio 母帶後期製作人 Mastering Producer | 鍾嘉成 ChiaChen 母帶後期工程師 Mastering Engineer | 鍾嘉成 ChiaChen 母帶後期工作室 Mastering Studio | LIE8 Studio 封面設計 Cover Design | 洪康鈞 賴綸*LYRA 
一首送給聽眾、歌手朋友和我的歌 夢想這件事 辛苦但很值得 開始了就別輕易結束 - 《頌歌者》 Credit List 詞、曲 Lyricist & Composer｜賴綸*LYRA 演唱 Vocalist｜賴綸*LYRA 製作人 Producer | 樂承宇 Yue Yu 配唱製作人 Vocal Producer | 史斯宇 Sya 編曲 Arranger | 樂承宇 Yue Yu
木吉他 Acoustic Guitar | 樂承宇 Yue Yu 電吉他 Electric Guitar | 樂承宇 Yue Yu 木箱鼓 Cajon | 陳柔安 Stella Chen 和聲 Backing Vocals｜賴綸*LYRA
錄音師 Recording Engineer | 吳奕宏 Wu Yi Hung（Vocal, Acoustic Guitar, Cajon） 錄音室 Recording Studio | Playroom（Vocal, Acoustic Guitar, Cajon） 和聲編寫 Backing Vocal Arranger｜賴綸*LYRA、史斯宇 Sya 混音師 Mixing Engineer | 鍾嘉成 ChiaChen 混音室 Mixing Studio | LIE8 Studio 母帶後期製作人 Mastering Producer | 鍾嘉成 ChiaChen 母帶後期工程師 Mastering Engineer | 鍾嘉成 ChiaChen 母帶後期工作室 Mastering Studio | LIE8 Studio
封面設計 Cover Design | 洪康鈞 賴綸*LYRA","動態歌詞
《頌歌者》 詞、曲 | 賴綸*LYRA 不起眼的街角 傳來是誰在吟唱 訴說著誰的故事 撥動著誰的心弦 些微弱的燈光 指引到誰的舞台 折射著誰的汗水 閃耀出誰的夢想 一句句的歌詞 都是有情緒的吧 對嗎 對吧 每一雙享受的眼神 每一位駐足的掌聲 總能感受到你們投射的炙熱 埋在人海裡唱歌 全神貫注地唱著 渲染你們不只是旁觀者 每一首感情的誕生 每一句情緒的波折 總會歌頌到誰的心靈底層 就算沒有人聽著 就算沒有人看著 但還是為自己的夢想歌著 成為一位歌頌者 嗚嗚 嗚喔 些微弱的燈光 指引到誰的舞台 折射著誰的汗水 閃耀出誰的夢想 手指頭上的繭 是歌頌故事的疤 對嗎 對呀 每一雙享受的眼神 每一位駐足的掌聲 總能感受到你們投射的炙熱 埋在人海裡唱歌 全神貫注地唱著 渲染你們不只是旁觀者 每一首感情的誕生 每一句情緒的波折 總會歌頌到誰的心靈底層 就算沒有人聽著 就算沒有人看著 但還是為自己的夢想歌著 你們讓我快樂 讓我也歌頌著 我真的很快樂 成為一位歌頌者 
《頌歌者》 詞、曲 | 賴綸*LYRA 不起眼的街角 傳來是誰在吟唱 訴說著誰的故事 撥動著誰的心弦 些微弱的燈光 指引到誰的舞台 折射著誰的汗水 閃耀出誰的夢想 一句句的歌詞 都是有情緒的吧 對嗎 對吧 每一雙享受的眼神 每一位駐足的掌聲 總能感受到你們投射的炙熱 埋在人海裡唱歌 全神貫注地唱著 渲染你們不只是旁觀者 每一首感情的誕生 每一句情緒的波折 總會歌頌到誰的心靈底層 就算沒有人聽著 就算沒有人看著 但還是為自己的夢想歌著 成為一位歌頌者
嗚嗚 嗚喔
些微弱的燈光 指引到誰的舞台 折射著誰的汗水 閃耀出誰的夢想 手指頭上的繭 是歌頌故事的疤 對嗎 對呀 每一雙享受的眼神 每一位駐足的掌聲 總能感受到你們投射的炙熱 埋在人海裡唱歌 全神貫注地唱著 渲染你們不只是旁觀者 每一首感情的誕生 每一句情緒的波折 總會歌頌到誰的心靈底層 就算沒有人聽著 就算沒有人看著 但還是為自己的夢想歌著
你們讓我快樂 讓我也歌頌著 我真的很快樂 成為一位歌頌者
留言（ 1 ） 最相關留言 所有留言
留言（ 1 ）",2026-08-10,,,False,False,
2026-08-15 22:40:47,realtime,folk,,,38,Robin’s Gone,LED织女星,0,59,0,https://streetvoice.com/Jasmine_0508/songs/873085/,https://streetvoice.com/Jasmine_0508/,"https://akstatic.streetvoice.com/music_albums/Ja/sm/Jasmine_0508/J5rJx3a6KXWcJFJcPNVUUx.jpeg?x-oss-process=image/resize,m_fixed,h_1,w_1,limit_0/resize,m_fixed,h_630,w_1200,limit_0/watermark,image_bXVzaWNfYWxidW1zL0phL3NtL0phc21pbmVfMDUwOC9KNXJKeDNhNktYV2NKRkpjUE5WVVV4LmpwZWc_eC1vc3MtcHJvY2Vzcz1pbWFnZS9yZXNpemUsbV9maXhlZCxoXzM0NCx3XzM0NCxsaW1pdF8w,g_nw,x_428,y_143/watermark,image_YXNzZXQvaW1hZ2VzL21ldGFpbWFnZS1zb25nLnBuZw,g_nw,x_0,y_0",images/873085.jpeg,@Jasmine_0508,音樂人,,,,13,8,36,,,https://www.youtube.com/user/StreetVoiceTV,,,Singer / Songwriter,迟缓的噪音,https://streetvoice.com/Jasmine_0508/songs/album/97325847/,,,"这是夏天的旋律 为什么总会在冬天唱起 没有蓝色的时候 天空水面并不那么分明 Can’t you see 我们在这里 练习再练习 分离与相遇 候鸟你即将要去远行 想说不只是太阳月亮的关系 替你考虑天亮天黑或是ABCD 星星转来转去而我还在原地 （照亮你 照亮我 照亮你 照亮我/你的心） Can’t you see 和你走过的 每一帧街景 就这么照亮你 
这是夏天的旋律
为什么总会在冬天唱起
没有蓝色的时候
天空水面并不那么分明
Can’t you see
我们在这里
练习再练习
分离与相遇
候鸟你即将要去远行
想说不只是太阳月亮的关系
替你考虑天亮天黑或是ABCD
星星转来转去而我还在原地
（照亮你 照亮我
照亮你 照亮我/你的心）
Can’t you see
和你走过的
每一帧街景
就这么照亮你
留言（ 0 ） 最相關留言 所有留言
留言（ 0 ）",2026-08-07,,編輯推薦,True,False,
2026-08-15 22:40:47,realtime,folk,,,39,loststar926,愛受夠了,10,474,3,https://streetvoice.com/loststar926/songs/873878/,https://streetvoice.com/loststar926/,"https://akstatic.streetvoice.com/song_covers/lo/st/loststar926/MVPqtNYKt7kmSThoDUuNPd.jpg?x-oss-process=image/resize,m_fixed,h_1,w_1,limit_0/resize,m_fixed,h_630,w_1200,limit_0/watermark,image_c29uZ19jb3ZlcnMvbG8vc3QvbG9zdHN0YXI5MjYvTVZQcXROWUt0N2ttU1Rob0RVdU5QZC5qcGc_eC1vc3MtcHJvY2Vzcz1pbWFnZS9yZXNpemUsbV9maXhlZCxoXzM0NCx3XzM0NCxsaW1pdF8w,g_nw,x_428,y_143/watermark,image_YXNzZXQvaW1hZ2VzL21ldGFpbWFnZS1zb25nLnBuZw,g_nw,x_0,y_0",images/873878.jpg,@loststar926,音樂人,宜蘭縣,2022-11-01,2023-12-12 17:35,106,197,55,https://www.facebook.com/Funcal.tw,https://instagram.com/funcal.tw,https://youtube.com/@funcalmusic,,,Singer / Songwriter,,,,"曾經愛過 沒有了心 只剩受夠 
曾經愛過 沒有了心 只剩受夠","愛受夠了 詞曲/LostStar 你是否也有夢 藏在你心裡頭 你是否也有空 卻填滿了寂寞 習慣一個人走 在無人的街頭 看似灑脫 卻隱藏了脆弱 曾經愛過的那些 如今已崩潰 愛得支離破碎 再多一點的虛偽 騙多少眼淚 如今受夠了一切 不想再聽見 那些矯情哽咽 再多正面的反饋 我也無所謂 你是否也想說 何時才能解脫 你是否也想過 獨自高飛遠走 始終保持笑容 不想被誰戳破 看似從容 早已不知所措 曾經愛過的那些 如今已改變 天秤早已傾斜 要用多少的虛偽 騙多少眼淚 如今受夠了一切 告別了從前 真心流下的淚 再多編造的是非 我全聽不見 
愛受夠了 詞曲/LostStar
你是否也有夢 藏在你心裡頭 你是否也有空 卻填滿了寂寞 習慣一個人走 在無人的街頭 看似灑脫 卻隱藏了脆弱
曾經愛過的那些 如今已崩潰 愛得支離破碎 再多一點的虛偽 騙多少眼淚
如今受夠了一切 不想再聽見 那些矯情哽咽 再多正面的反饋 我也無所謂
你是否也想說 何時才能解脫 你是否也想過 獨自高飛遠走 始終保持笑容 不想被誰戳破 看似從容 早已不知所措
曾經愛過的那些 如今已改變 天秤早已傾斜 要用多少的虛偽 騙多少眼淚
如今受夠了一切 告別了從前 真心流下的淚 再多編造的是非 我全聽不見
留言（ 3 ） 最相關留言 所有留言
留言（ 3 ）",2026-08-10,,,False,False,
2026-08-15 22:40:47,realtime,folk,,,40,賴綸*LYRA,對夕陽訴說我的思念,2,35,0,https://streetvoice.com/Larry_0036/songs/873602/,https://streetvoice.com/Larry_0036/,"https://akstatic.streetvoice.com/song_covers/La/rr/Larry_0036/9EvMaedKu7cPbH8kasjyix.jpg?x-oss-process=image/resize,m_fixed,h_1,w_1,limit_0/resize,m_fixed,h_630,w_1200,limit_0/watermark,image_c29uZ19jb3ZlcnMvTGEvcnIvTGFycnlfMDAzNi85RXZNYWVkS3U3Y1BiSDhrYXNqeWl4LmpwZz94LW9zcy1wcm9jZXNzPWltYWdlL3Jlc2l6ZSxtX2ZpeGVkLGhfMzQ0LHdfMzQ0LGxpbWl0XzA,g_nw,x_428,y_143/watermark,image_YXNzZXQvaW1hZ2VzL21ldGFpbWFnZS1zb25nLnBuZw,g_nw,x_0,y_0",images/873602.jpg,@Larry_0036,音樂人,,,,3,15,3,,,https://www.youtube.com/user/StreetVoiceTV,,,Singer / Songwriter,,,,"這是一首在淚水中寫出來的歌 - 如果思念的人 沒辦法繼續參與你的人生 請努力精彩的活下去 等到某天靈魂再次相會 告訴他吧 讓他參與你經歷的一切 - 《對夕陽訴說我的思念》 詞、曲 Lyricist & Composer｜賴綸*LYRA 演唱 Vocalist｜賴綸*LYRA 製作人 Producer | 樂承宇 Yue Yu 配唱製作人 Vocal Producer | 黃宇寒 Huang Yu Han 編曲 Arranger | 樂承宇 Yue Yu 編曲協力 Arrangement Assistance | 鍾嘉成 ChiaChen 木吉他 Acoustic Guitar | 樂承宇 Yue Yu 電吉他 Electric Guitar | 樂承宇 Yue Yu 電貝斯 Electric Bass | 家竣 Jia Jiunn 錄音師 Recording Engineer | 吳奕宏 Wu Yi Hung（Vocal, Acoustic Guitar） 錄音室 Recording Studio | Playroom（Vocal, Acoustic Guitar） 混音師 Mixing Engineer | 鍾嘉成 ChiaChen 混音室 Mixing Studio | LIE8 Studio 母帶後期製作人 Mastering Producer | 鍾嘉成 ChiaChen 母帶後期工程師 Mastering Engineer | 鍾嘉成 ChiaChen 母帶後期工作室 Mastering Studio | LIE8 Studio 封面設計 Cover Design | 洪康鈞 賴綸*LYRA 特別感謝 Special Thanks | 李思嘉 Alice Lee 
這是一首在淚水中寫出來的歌 - 如果思念的人 沒辦法繼續參與你的人生 請努力精彩的活下去 等到某天靈魂再次相會 告訴他吧 讓他參與你經歷的一切 - 《對夕陽訴說我的思念》 詞、曲 Lyricist & Composer｜賴綸*LYRA 演唱 Vocalist｜賴綸*LYRA 製作人 Producer | 樂承宇 Yue Yu 配唱製作人 Vocal Producer | 黃宇寒 Huang Yu Han 編曲 Arranger | 樂承宇 Yue Yu 編曲協力 Arrangement Assistance | 鍾嘉成 ChiaChen
木吉他 Acoustic Guitar | 樂承宇 Yue Yu 電吉他 Electric Guitar | 樂承宇 Yue Yu 電貝斯 Electric Bass | 家竣 Jia Jiunn
錄音師 Recording Engineer | 吳奕宏 Wu Yi Hung（Vocal, Acoustic Guitar） 錄音室 Recording Studio | Playroom（Vocal, Acoustic Guitar） 混音師 Mixing Engineer | 鍾嘉成 ChiaChen 混音室 Mixing Studio | LIE8 Studio 母帶後期製作人 Mastering Producer | 鍾嘉成 ChiaChen 母帶後期工程師 Mastering Engineer | 鍾嘉成 ChiaChen 母帶後期工作室 Mastering Studio | LIE8 Studio 封面設計 Cover Design | 洪康鈞 賴綸*LYRA
特別感謝 Special Thanks | 李思嘉 Alice Lee","動態歌詞
《對夕陽訴說我的思念》 詞、曲 | 賴綸*LYRA 散步在 我們一步一步走過的沙灘 感覺你 還在身邊興奮踩踏著浪花 或許在 未來的某一刻能真實重現 在夢裡 在夢裡 我練習 把思念的嗚咽藏進水聲裡 把沈寂 當作你在房裡熟睡的聲音 不去碰 那天你離去時的半蹤半跡 但還是 沒辦法克制住哭泣 我想你一天一天 一夜一夜 太陽又輪迴了幾遍 我喚你一遍一遍 聽不聽得見 這樣子年復一年 花開了又謝 能不能夠看見 我會替你記下 這個世界 我依舊 在我們租的套房沒有離去 深怕你 哪天回來發現我不告而別 你最愛 穿的那件外套還掛在衣櫥 彷彿你 明天就會再穿上它 我想你一天一天 一夜一夜 太陽又輪迴了幾遍 我喚你一遍一遍 你聽不聽得見 這樣子年復一年 花開了又謝 能不能夠看見 我會替你記下這個世界 也許在未來的某一天某一夜 你會出現 在我面前 笑著說我這些年的淚水 都是最真實的想念 嗚喔 夢醒的那一瞬間 那一眨眼 一切又回到了原點 雙人床的另一邊 仍然還是空位 我努力忍住淚水 不讓你看見 嗚— 我會替你記下這個世界 我對著夕陽訴說我的思念 
《對夕陽訴說我的思念》 詞、曲 | 賴綸*LYRA 散步在 我們一步一步走過的沙灘 感覺你 還在身邊興奮踩踏著浪花 或許在 未來的某一刻能真實重現 在夢裡 在夢裡 我練習 把思念的嗚咽藏進水聲裡 把沈寂 當作你在房裡熟睡的聲音 不去碰 那天你離去時的半蹤半跡 但還是 沒辦法克制住哭泣 我想你一天一天 一夜一夜 太陽又輪迴了幾遍 我喚你一遍一遍 聽不聽得見 這樣子年復一年 花開了又謝 能不能夠看見 我會替你記下 這個世界
我依舊 在我們租的套房沒有離去 深怕你 哪天回來發現我不告而別 你最愛 穿的那件外套還掛在衣櫥 彷彿你 明天就會再穿上它 我想你一天一天 一夜一夜 太陽又輪迴了幾遍 我喚你一遍一遍 你聽不聽得見 這樣子年復一年 花開了又謝 能不能夠看見 我會替你記下這個世界 也許在未來的某一天某一夜 你會出現 在我面前 笑著說我這些年的淚水 都是最真實的想念 嗚喔 夢醒的那一瞬間 那一眨眼 一切又回到了原點 雙人床的另一邊 仍然還是空位 我努力忍住淚水 不讓你看見 嗚— 我會替你記下這個世界 我對著夕陽訴說我的思念
留言（ 0 ） 最相關留言 所有留言
留言（ 0 ）",2026-08-09,,,False,False,
2026-08-15 22:40:47,realtime,folk,,,41,邱淑蟬,跼,10,739,0,https://streetvoice.com/shuchan_chiu/songs/872714/,https://streetvoice.com/shuchan_chiu/,"https://akstatic.streetvoice.com/song_covers/sh/uc/shuchan_chiu/42KVxnZ6BcNZjaqLGDtABq.jpeg?x-oss-process=image/resize,m_fixed,h_1,w_1,limit_0/resize,m_fixed,h_630,w_1200,limit_0/watermark,image_c29uZ19jb3ZlcnMvc2gvdWMvc2h1Y2hhbl9jaGl1LzQyS1Z4blo2QmNOWmphcUxHRHRBQnEuanBlZz94LW9zcy1wcm9jZXNzPWltYWdlL3Jlc2l6ZSxtX2ZpeGVkLGhfMzQ0LHdfMzQ0LGxpbWl0XzA,g_nw,x_428,y_143/watermark,image_YXNzZXQvaW1hZ2VzL21ldGFpbWFnZS1zb25nLnBuZw,g_nw,x_0,y_0",images/872714.jpeg,@shuchan_chiu,音樂人,,,2021-10-08 15:18,5,523,6,https://www.facebook.com/shuchanchiu1997,https://www.instagram.com/enidisme_music/,https://www.youtube.com/user/StreetVoiceTV,邱淑蟬邀製作人蕭賀碩、大象體操涂嘉欽 打造全新EP《無爭》|||https://blow.streetvoice.com/89185/?utm_source=streetvoice&utm_medium=profile-news-block; 邱淑蟬攜手鄭寶欣、好日、樂凡 打造跨國多語單曲〈定定仔行〉|||https://blow.streetvoice.com/84993/?utm_source=streetvoice&utm_medium=profile-news-block; 薄荷綠工廠推出首張創作專輯前導單曲〈That Day〉邀邱淑蟬、Deca joins 打擊樂手杜哲欣合作|||https://blow.streetvoice.com/75995/?utm_source=streetvoice&utm_medium=profile-news-block,,Folk,,,,"跼 Confined 詞曲 Lyricist＆Composer｜邱淑蟬 Shuchan Chiu 製作人 Producer｜蕭賀碩 Shuo Hsiao 編曲 Arranger｜ 陳啟原 Curtis Chan、蕭賀碩 Shuo Hsiao 電吉他 E. Guitar｜陳啟原 Curtis Chan 人聲錄音工程師及錄音室 Vocal Recording Engineer＆Studio｜陳以霖 Yi-Lin Chen @大小眼錄音室 Twin Eyes Studio 吉他錄音工程師及錄音室 Recording Engineer＆Studio｜于世政 Shin-Cheng Yu @Lights Up Studio 助理錄音工程師及錄音室 Assistant Recording Engineer & Studio｜陳佳穎 Chia-Ying Chen @Lights Up Studio 混音工程師 Mixing Engineer｜林正忠 Jerry Lin @Robot Studio 母帶後期處理工程師及錄音室 Mastering Engineer ＆ Studio｜孫仲舒 Chung-Shu Sun@鈺德科技 U-Tech MT Studio 母帶後期處理製作人 Mastering Producer｜蕭賀碩 Shuo Hsiao 企劃宣傳 Project Planning & Promotion｜曾楚芳 Matilda Tseng 視覺設計 Visual Designer｜周雨衛 Viter Chou、謝沛宸 Anmy Hsieh 平面攝影 Photographer｜柳妘儒 Yunju Liu 攝影助理 Photographer Assistant｜陳泱丞 Dozz Chen 攝影燈光 Photographer Gaffer｜Jeremii Fan 妝髮 Hair＆Makeup｜鍾其甫Ooioh 妝髮助理 Hair＆Makeup Assistant｜陳姿秀 Heena Chen 客語歌詞校正 Language counselor of Hakka lyrics｜鄭育淇 
跼 Confined
詞曲 Lyricist＆Composer｜邱淑蟬 Shuchan Chiu 製作人 Producer｜蕭賀碩 Shuo Hsiao 編曲 Arranger｜ 陳啟原 Curtis Chan、蕭賀碩 Shuo Hsiao 電吉他 E. Guitar｜陳啟原 Curtis Chan 人聲錄音工程師及錄音室 Vocal Recording Engineer＆Studio｜陳以霖 Yi-Lin Chen @大小眼錄音室 Twin Eyes Studio 吉他錄音工程師及錄音室 Recording Engineer＆Studio｜于世政 Shin-Cheng Yu @Lights Up Studio 助理錄音工程師及錄音室 Assistant Recording Engineer & Studio｜陳佳穎 Chia-Ying Chen @Lights Up Studio 混音工程師 Mixing Engineer｜林正忠 Jerry Lin @Robot Studio
母帶後期處理工程師及錄音室 Mastering Engineer ＆ Studio｜孫仲舒 Chung-Shu Sun@鈺德科技 U-Tech MT Studio 母帶後期處理製作人 Mastering Producer｜蕭賀碩 Shuo Hsiao 企劃宣傳 Project Planning & Promotion｜曾楚芳 Matilda Tseng 視覺設計 Visual Designer｜周雨衛 Viter Chou、謝沛宸 Anmy Hsieh 平面攝影 Photographer｜柳妘儒 Yunju Liu 攝影助理 Photographer Assistant｜陳泱丞 Dozz Chen 攝影燈光 Photographer Gaffer｜Jeremii Fan 妝髮 Hair＆Makeup｜鍾其甫Ooioh 妝髮助理 Hair＆Makeup Assistant｜陳姿秀 Heena Chen 客語歌詞校正 Language counselor of Hakka lyrics｜鄭育淇","𠊎看毋透 你金金个目珠 我看不透  你閃亮的眼睛 ngaiˇ kon mˇteu nˇgimˊgimˊge mugˋzuˊ 有會㖸个鳥仔  還有會飛个貓仔 有會笑的鳥      還有會飛的貓 iuˊ voi nagˋge diauˊeˋ  hanˇ iuˊ voi biˊge meu eˋ 𠊎聽毋識 你噥噥哢哢个聲 我聽不懂  你的喃喃自語 ngaiˇ tangˊ mˇ siidˋ nˇ nungˇ nungˇnung nung ge sangˊ 一下撖地泥講話 一下唱歌仔分蟻公聽 一下和地板說話  一下唱歌給螞蟻聽 idˋ ha ganˋti naiˇ gongˋfa  idˋ ha cong  goˊeˋ bunˊ ngie gungˊ tangˊ 𠊎按著這世界 已經罅擺大 我以為這世界  已經足夠大 ngaiˇon doˋ iaˋ sii  giai iˋ ginˊ la baiˋ tai 嗄跼毋得你 恁闊个心 卻困不住你 那麼寬闊的心 sa kiug mˇ dedˋ nˇanˋfadˋ ge  ximˊ 你看毋透  𠊎等冷冷个目珠 你看不透   我們冷漠的眼睛 nˇ kon mˇ teu ngaiˇ nenˊ nangˊ nangˊ ge  mugˋzuˊ 不時落雨毛仔 目汁毋敢跌 不時下毛毛雨 眼淚不敢掉落 budˋ siiˇ log  iˋmoˊeˋ mugˋ ziibˋ mˇgamˋ diedˋ 你聽毋識 𠊎撖𠊎講个話 你聽不懂  我和我說的話 nˇtangˊ mˇ siidˋ ngaiˇ ganˋ ngaiˇ  gongˋ ge  fa 就算橫倒噭眵  一定係為了自家 就算跌倒哭泣   一定是為了自己 qiu son vang doˋ gieu  ziiˊ idˋ tin  he  vi  liauˋcii gaˊ 
𠊎看毋透 你金金个目珠 我看不透  你閃亮的眼睛 ngaiˇ kon mˇteu nˇgimˊgimˊge mugˋzuˊ 有會㖸个鳥仔  還有會飛个貓仔 有會笑的鳥      還有會飛的貓 iuˊ voi nagˋge diauˊeˋ  hanˇ iuˊ voi biˊge meu eˋ 𠊎聽毋識 你噥噥哢哢个聲 我聽不懂  你的喃喃自語 ngaiˇ tangˊ mˇ siidˋ nˇ nungˇ nungˇnung nung ge sangˊ 一下撖地泥講話 一下唱歌仔分蟻公聽 一下和地板說話  一下唱歌給螞蟻聽 idˋ ha ganˋti naiˇ gongˋfa  idˋ ha cong  goˊeˋ bunˊ ngie gungˊ tangˊ
𠊎按著這世界 已經罅擺大 我以為這世界  已經足夠大 ngaiˇon doˋ iaˋ sii  giai iˋ ginˊ la baiˋ tai 嗄跼毋得你 恁闊个心 卻困不住你 那麼寬闊的心 sa kiug mˇ dedˋ nˇanˋfadˋ ge  ximˊ
你看毋透  𠊎等冷冷个目珠 你看不透   我們冷漠的眼睛 nˇ kon mˇ teu ngaiˇ nenˊ nangˊ nangˊ ge  mugˋzuˊ 不時落雨毛仔 目汁毋敢跌 不時下毛毛雨 眼淚不敢掉落 budˋ siiˇ log  iˋmoˊeˋ mugˋ ziibˋ mˇgamˋ diedˋ 你聽毋識 𠊎撖𠊎講个話 你聽不懂  我和我說的話 nˇtangˊ mˇ siidˋ ngaiˇ ganˋ ngaiˇ  gongˋ ge  fa 就算橫倒噭眵  一定係為了自家 就算跌倒哭泣   一定是為了自己 qiu son vang doˋ gieu  ziiˊ idˋ tin  he  vi  liauˋcii gaˊ
留言（ 0 ） 最相關留言 所有留言
留言（ 0 ）",2026-08-03,,編輯推薦,True,False,
2026-08-15 22:40:47,realtime,folk,,,42,Hyte,好酉鬼啊,6,743,8,https://streetvoice.com/onle72773/songs/872892/,https://streetvoice.com/onle72773/,"https://akstatic.streetvoice.com/song_covers/on/le/onle72773/fWGfofAfknyckZr7HrH9we.jpeg?x-oss-process=image/resize,m_fixed,h_1,w_1,limit_0/resize,m_fixed,h_630,w_1200,limit_0/watermark,image_c29uZ19jb3ZlcnMvb24vbGUvb25sZTcyNzczL2ZXR2ZvZkFma255Y2tacjdIckg5d2UuanBlZz94LW9zcy1wcm9jZXNzPWltYWdlL3Jlc2l6ZSxtX2ZpeGVkLGhfMzQ0LHdfMzQ0LGxpbWl0XzA,g_nw,x_428,y_143/watermark,image_YXNzZXQvaW1hZ2VzL21ldGFpbWFnZS1zb25nLnBuZw,g_nw,x_0,y_0",images/872892.jpeg,@onle72773,音樂人,,,2026-01-30 10:23,6,73,13,,https://www.instagram.com/hooii_hh,https://www.youtube.com/user/StreetVoiceTV,壞特Whyte即將發行新專輯《Boundary》 全新專場12/28 Zepp New Taipei登場|||https://blow.streetvoice.com/84483/?utm_source=streetvoice&utm_medium=profile-news-block; 浮現音樂攜同根生征戰FUJI ROCK！新秀舞台「ROOKIE A GO-GO」10月移師搖滾台中|||https://blow.streetvoice.com/89018/?utm_source=streetvoice&utm_medium=profile-news-block; 【金曲37】2026 GMA金曲國際音樂節揭幕 陳嫺靜、JOYCE 就以斯等新人獎入圍者登台演出|||https://blow.streetvoice.com/88454/?utm_source=streetvoice&utm_medium=profile-news-block,,Singer / Songwriter,,,,"有鬼啊 活得跟這歌一樣 醜醜的 我要打死新世紀大魔王 封面是一條毛巾 
有鬼啊 活得跟這歌一樣 醜醜的 我要打死新世紀大魔王 封面是一條毛巾","今天是我第幾天住在沙發 我們都以為有什麼方法 比如把恐懼說出來 再放下 一遍又一遍 不找終點就停下 後退幾步卻靠不到一面牆 哪裡有？告訴我 把喜歡的外套弄丟 項鏈弄丟 還有什麼？ 說你怎麼不會把自己搞丟 心理已經差不多 身體就有點難度 大概要放一把火 等我死了瞑目 不斷不斷感受疼痛 感受 疼痛 寫一首長長的歌 掛在嘴邊唱沒幾次 有些人分不清楚 這是命運還是未知 可能我站在邊緣 越靠近我就越遙遠 下一個 是不是我 
今天是我第幾天住在沙發 我們都以為有什麼方法 比如把恐懼說出來 再放下 一遍又一遍 不找終點就停下 後退幾步卻靠不到一面牆 哪裡有？告訴我
把喜歡的外套弄丟 項鏈弄丟 還有什麼？ 說你怎麼不會把自己搞丟 心理已經差不多 身體就有點難度 大概要放一把火 等我死了瞑目 不斷不斷感受疼痛 感受 疼痛
寫一首長長的歌 掛在嘴邊唱沒幾次 有些人分不清楚 這是命運還是未知 可能我站在邊緣 越靠近我就越遙遠 下一個 是不是我
留言（ 8 ） 最相關留言 所有留言
留言（ 8 ）",2026-08-05,,,False,False,
2026-08-15 22:40:47,realtime,folk,,,43,Ashley,哎呦喂呀,2,63,3,https://streetvoice.com/Ashleychan12/songs/873877/,https://streetvoice.com/Ashleychan12/,"https://akstatic.streetvoice.com/song_covers/As/hl/Ashleychan12/jERF2KMVrJgkj4as2U9bQQ.jpeg?x-oss-process=image/resize,m_fixed,h_1,w_1,limit_0/resize,m_fixed,h_630,w_1200,limit_0/watermark,image_c29uZ19jb3ZlcnMvQXMvaGwvQXNobGV5Y2hhbjEyL2pFUkYyS01Wckpna2o0YXMyVTliUVEuanBlZz94LW9zcy1wcm9jZXNzPWltYWdlL3Jlc2l6ZSxtX2ZpeGVkLGhfMzQ0LHdfMzQ0LGxpbWl0XzA,g_nw,x_428,y_143/watermark,image_YXNzZXQvaW1hZ2VzL21ldGFpbWFnZS1zb25nLnBuZw,g_nw,x_0,y_0",images/873877.jpeg,@Ashleychan12,音樂人,台北市,2026-03-01,,2,9,1,,,https://www.youtube.com/user/StreetVoiceTV,亞洲鼓王 ﹣ Don Ashley唐龍 離世|||https://blow.streetvoice.com/3837/?utm_source=streetvoice&utm_medium=profile-news-block; 以波希名畫《人間樂園》為靈感 蔡依林化身「愉悅之母」降臨大巨蛋！|||https://blow.streetvoice.com/84166/?utm_source=streetvoice&utm_medium=profile-news-block; 第18屆Freshmusic Awards得獎名單揭曉 陶晶瑩首次參與評審|||https://blow.streetvoice.com/81270/?utm_source=streetvoice&utm_medium=profile-news-block,,Singer / Songwriter,,,,"在寫這首歌的時候，腦海裡全是那些戀愛腦的日常幻想嘿嘿~ 因為心裡藏了太多想說的話，於是決定寫一首歌，把那些害羞的小心思全部錄進去。從期待冬天把手放進口袋，到想一起去大稻埕看煙火的小心願。 但也因為珍惜這段緣分，不想急著定義關係，就這樣單純享受著甜甜的感覺。 一首可愛的、帶點日常的小情歌，希望能給聽到這首歌的你帶來一點好心情~ 
在寫這首歌的時候，腦海裡全是那些戀愛腦的日常幻想嘿嘿~
因為心裡藏了太多想說的話，於是決定寫一首歌，把那些害羞的小心思全部錄進去。從期待冬天把手放進口袋，到想一起去大稻埕看煙火的小心願。
但也因為珍惜這段緣分，不想急著定義關係，就這樣單純享受著甜甜的感覺。
一首可愛的、帶點日常的小情歌，希望能給聽到這首歌的你帶來一點好心情~","(好多 好多 好多話想對你說) 哎 哎 哎 哎呦呦喂呀 戀愛腦少女的幻想 燦 燦 燦爛的綻放 就像大稻埕的煙花 剛剛入口的棒棒糖 含 含住捨不得融化 你 你 你到底要去哪 怎麼跑到了我心裡呀 嘿我說 讓我們一起被讀書一起努力 一起 一起往更好的方向邁進 就算壓力大了有沒關係 我就在這裡 在這裡唱歌給你聽 一起吃飯好嗎 雖然我知道你有點忙 但只要能看到你心裡就開出小花 我不是個rap star 但對你有太多話想說所以寫了這首歌來練練說唱 哎 哎 哎 哎呦呦喂呀 戀愛腦少女的幻想 燦 燦 燦爛的綻放 就像大稻埕的煙花 剛剛入口的棒棒糖 含 含住捨不得融化 你 你 你到底要去哪 怎麼跑到了我心裡呀 噢 這段關係 我不急著定義 只要是你 是你 就都有意義 但還是會期待 我們有天互相依賴 冬天把手手放在對方口袋 這首歌我希望它紅但不要太紅 我錄了很久很久但被你聽到會害羞 我喜歡喝熱巧克力 你喜歡咖啡 雖然沒什麼關聯但我們天生一對 
(好多 好多 好多話想對你說)
哎 哎 哎 哎呦呦喂呀 戀愛腦少女的幻想 燦 燦 燦爛的綻放 就像大稻埕的煙花 剛剛入口的棒棒糖 含 含住捨不得融化 你 你 你到底要去哪 怎麼跑到了我心裡呀
嘿我說 讓我們一起被讀書一起努力 一起 一起往更好的方向邁進 就算壓力大了有沒關係 我就在這裡 在這裡唱歌給你聽 一起吃飯好嗎 雖然我知道你有點忙 但只要能看到你心裡就開出小花 我不是個rap star 但對你有太多話想說所以寫了這首歌來練練說唱
哎 哎 哎 哎呦呦喂呀 戀愛腦少女的幻想 燦 燦 燦爛的綻放 就像大稻埕的煙花 剛剛入口的棒棒糖 含 含住捨不得融化 你 你 你到底要去哪 怎麼跑到了我心裡呀
噢 這段關係 我不急著定義 只要是你 是你 就都有意義 但還是會期待 我們有天互相依賴 冬天把手手放在對方口袋 這首歌我希望它紅但不要太紅 我錄了很久很久但被你聽到會害羞 我喜歡喝熱巧克力 你喜歡咖啡 雖然沒什麼關聯但我們天生一對
留言（ 3 ） 最相關留言 所有留言
留言（ 3 ）",2026-08-10,,,False,False,
2026-08-15 22:40:47,realtime,folk,,,44,黃藝與夜蜂合唱團,靜靜的唱,13,806,0,https://streetvoice.com/sa7122sa/songs/872194/,https://streetvoice.com/sa7122sa/,"https://akstatic.streetvoice.com/song_covers/sa/71/sa7122sa/mQJeQNfAoaGwoSQCffKmjp.jpeg?x-oss-process=image/resize,m_fixed,h_1,w_1,limit_0/resize,m_fixed,h_630,w_1200,limit_0/watermark,image_c29uZ19jb3ZlcnMvc2EvNzEvc2E3MTIyc2EvbVFKZVFOZkFvYUd3b1NRQ2ZmS21qcC5qcGVnP3gtb3NzLXByb2Nlc3M9aW1hZ2UvcmVzaXplLG1fZml4ZWQsaF8zNDQsd18zNDQsbGltaXRfMA,g_nw,x_428,y_143/watermark,image_YXNzZXQvaW1hZ2VzL21ldGFpbWFnZS1zb25nLnBuZw,g_nw,x_0,y_0",images/872194.jpeg,@sa7122sa,音樂人,,,2024-11-04 15:33,12,107,21,https://www.facebook.com/huangyi0930,https://www.instagram.com/yepfunband/,https://www.youtube.com/@MrCtjh7122,,,Folk,甕裡黃藝,https://streetvoice.com/sa7122sa/songs/album/97325810/,邱靜,"有時候，我們花了一整天，努力成為別人眼中應該成為的樣子。 笑著、逞強著、解釋著，也隱藏著。 直到一個人開著車，走上一條很長很長的山路，夕陽慢慢落下，世界安靜得只剩下引擎聲和自己的呼吸。 那一刻，沒有掌聲，沒有期待，沒有任何人需要討好。 你終於不用再證明自己。 也終於明白，真正認識你的人，不是外面的世界，而是當所有人都離開之後，仍然陪著你的那個自己。 你知道自己說過哪些謊、逃避過哪些事、藏著多少缺點，也知道心裡那些從未對任何人說出口的脆弱。 那些不完美，並沒有因為沒人看見而消失。 但也正因如此，誠實，才變得珍貴。 《靜靜的唱》想寫的，不是一個人的寂寞，而是一個人終於願意安靜下來，與自己相處。 在漫長的路上，不急著抵達，也不急著成為誰。 只是慢慢地，把心放回原來的位置。 因為人生走到最後，我們都要學會面對同一個人。 那個人，就是自己。 詞曲：黃藝 和音：佳柔、邱靜 錄音室：Aqua Production 
有時候，我們花了一整天，努力成為別人眼中應該成為的樣子。 笑著、逞強著、解釋著，也隱藏著。 直到一個人開著車，走上一條很長很長的山路，夕陽慢慢落下，世界安靜得只剩下引擎聲和自己的呼吸。 那一刻，沒有掌聲，沒有期待，沒有任何人需要討好。 你終於不用再證明自己。 也終於明白，真正認識你的人，不是外面的世界，而是當所有人都離開之後，仍然陪著你的那個自己。 你知道自己說過哪些謊、逃避過哪些事、藏著多少缺點，也知道心裡那些從未對任何人說出口的脆弱。 那些不完美，並沒有因為沒人看見而消失。 但也正因如此，誠實，才變得珍貴。 《靜靜的唱》想寫的，不是一個人的寂寞，而是一個人終於願意安靜下來，與自己相處。 在漫長的路上，不急著抵達，也不急著成為誰。 只是慢慢地，把心放回原來的位置。 因為人生走到最後，我們都要學會面對同一個人。 那個人，就是自己。
詞曲：黃藝 和音：佳柔、邱靜 錄音室：Aqua Production","動態歌詞
慢慢退去色彩，難免無精打采 望著天長嘆，脾氣還是要改 多少個不滿，在我心裡打轉 到底是生活糜爛？還是自己天生的坎？ 路很長，會不安 慢下來，聊自在，想想明白 雖然有點難 天很寬，微微的亮 留下來，談自在，獨坐窗台 我靜靜的唱 日子安安靜靜，習慣自己醒來 煮個茶發個呆，心也讓他空白 情緒很淡，沒什麼想重來 也許是心已看開，才覺得這樣也不壞 路很長，會不安 慢下來，想自在，想想明白 雖然有點難 天很寬，微微的亮 留下來，談自在，獨坐窗台 我靜靜的唱 路很長，會不安 慢下來，想自在，想想明白 雖然有點難 天很寬，微微的亮 留下來，談自在，獨坐窗台 我靜靜的唱 我靜靜的唱 我靜靜的唱 
慢慢退去色彩，難免無精打采 望著天長嘆，脾氣還是要改
多少個不滿，在我心裡打轉 到底是生活糜爛？還是自己天生的坎？
路很長，會不安 慢下來，聊自在，想想明白 雖然有點難
天很寬，微微的亮 留下來，談自在，獨坐窗台 我靜靜的唱
日子安安靜靜，習慣自己醒來 煮個茶發個呆，心也讓他空白
情緒很淡，沒什麼想重來 也許是心已看開，才覺得這樣也不壞
路很長，會不安 慢下來，想自在，想想明白 雖然有點難
天很寬，微微的亮 留下來，談自在，獨坐窗台 我靜靜的唱
路很長，會不安 慢下來，想自在，想想明白 雖然有點難
天很寬，微微的亮 留下來，談自在，獨坐窗台 我靜靜的唱
我靜靜的唱 我靜靜的唱
留言（ 0 ） 最相關留言 所有留言
留言（ 0 ）",2026-07-31,,編輯推薦,True,False,
2026-08-15 22:40:47,realtime,folk,,,45,StreetVoice 未來進行式,2026.08.05 特別來賓：銀河1966,2,33,0,https://streetvoice.com/svradio/songs/872896/,https://streetvoice.com/svradio/,"https://akstatic.streetvoice.com/profile_images/sv/ra/svradio/Y7e7EZNPhzJwCXADuG7xjA.jpeg?x-oss-process=image/resize,m_fixed,h_1,w_1,limit_0/resize,m_fixed,h_630,w_1200,limit_0/watermark,image_cHJvZmlsZV9pbWFnZXMvc3YvcmEvc3ZyYWRpby9ZN2U3RVpOUGh6SndDWEFEdUc3eGpBLmpwZWc_eC1vc3MtcHJvY2Vzcz1pbWFnZS9yZXNpemUsbV9maXhlZCxoXzM0NCx3XzM0NCxsaW1pdF8w,g_nw,x_428,y_143/watermark,image_YXNzZXQvaW1hZ2VzL21ldGFpbWFnZS1zb25nLnBuZw,g_nw,x_0,y_0",images/872896.jpeg,@svradio,Podcast,基隆市,2009-06-01,,330,1587,,,,https://www.youtube.com/user/StreetVoiceTV,「StreetVoice 未來進行式」六月登陸飛碟電台 世外桃源任首集嘉賓|||https://blow.streetvoice.com/33663/?utm_source=streetvoice&utm_medium=profile-news-block; 勃發的創作量、新的收入可能：往音樂社群平台發展的StreetVoice，在2021年度報告中分享了哪些資訊？|||https://blow.streetvoice.com/58836/?utm_source=streetvoice&utm_medium=profile-news-block; 返回地球 理化兄弟 P.C.B 新單曲《PSYBERPUNKER》未來進行式搶先首播|||https://blow.streetvoice.com/21388/?utm_source=streetvoice&utm_medium=profile-news-block,,Singer / Songwriter,,,銀河1966,"銀河1966 因為遍佈台灣各縣市的音樂祭，樂團似乎真的迎來它的時代。幾乎與之同時，社群開始進入我們的生活，徹底改變了許多事情的價值。成軍近四年的銀河1966，堪稱是本島當下潮流來去之中，不受干擾，緩緩地練就著自身搖滾手工的代表，其吉他與編曲，都清楚展示了他們不辜負自己以1966此一重要年份為團名的企圖。去年他們登上大團，今年四月他們發表多首宅錄 demo，聽者應該都能感受有個好作品在路上了。 本集來賓： 銀河1966 https://streetvoice.com/Milkway1966/ 節目資訊： StreetVoice未來進行式 FB： https://www.facebook.com/StreetVoiceonair/ 主持人：小樹 https://www.instagram.com/chillouttree/ 出品｜街聲股份有限公司 製作人｜韁河媒體工作室 Marks 剪輯｜韁河媒體工作室 吳柏翰 Podcast 聯繫信箱：svradio9999@gmail.com *本計畫獲文化部影視及流行音樂產業局 114 年補助 
銀河1966 因為遍佈台灣各縣市的音樂祭，樂團似乎真的迎來它的時代。幾乎與之同時，社群開始進入我們的生活，徹底改變了許多事情的價值。成軍近四年的銀河1966，堪稱是本島當下潮流來去之中，不受干擾，緩緩地練就著自身搖滾手工的代表，其吉他與編曲，都清楚展示了他們不辜負自己以1966此一重要年份為團名的企圖。去年他們登上大團，今年四月他們發表多首宅錄 demo，聽者應該都能感受有個好作品在路上了。
本集來賓：
銀河1966
https://streetvoice.com/Milkway1966/
https://streetvoice.com/Milkway1966/
節目資訊：
StreetVoice未來進行式
FB：
https://www.facebook.com/StreetVoiceonair/
https://www.facebook.com/StreetVoiceonair/
主持人：小樹
https://www.instagram.com/chillouttree/
https://www.instagram.com/chillouttree/
出品｜街聲股份有限公司
製作人｜韁河媒體工作室 Marks
剪輯｜韁河媒體工作室 吳柏翰
Podcast 聯繫信箱：svradio9999@gmail.com
*本計畫獲文化部影視及流行音樂產業局 114 年補助","這是沒有提供歌詞的歌曲
留言（ 0 ） 最相關留言 所有留言
留言（ 0 ）",2026-08-05,,編輯推薦,True,False,
2026-08-15 22:40:47,realtime,folk,,,46,許皓筌,你還有我相信著你啊,4,96,1,https://streetvoice.com/Sing900227/songs/873793/,https://streetvoice.com/Sing900227/,"https://akstatic.streetvoice.com/profile_images/Si/ng/Sing900227/HG2Fwk4aSsqAgaH2NW9M25.jpg?x-oss-process=image/resize,m_fixed,h_1,w_1,limit_0/resize,m_fixed,h_630,w_1200,limit_0/watermark,image_cHJvZmlsZV9pbWFnZXMvU2kvbmcvU2luZzkwMDIyNy9IRzJGd2s0YVNzcUFnYUgyTlc5TTI1LmpwZz94LW9zcy1wcm9jZXNzPWltYWdlL3Jlc2l6ZSxtX2ZpeGVkLGhfMzQ0LHdfMzQ0LGxpbWl0XzA,g_nw,x_428,y_143/watermark,image_YXNzZXQvaW1hZ2VzL21ldGFpbWFnZS1zb25nLnBuZw,g_nw,x_0,y_0",images/873793.jpg,@Sing900227,音樂人,,,2024-06-12 11:01,24,102,8,,,https://www.youtube.com/user/StreetVoiceTV,雙主唱流行龐克樂團「重陽路上小心」 9/16發行首張EP《You Kids Have Fun》|||https://blow.streetvoice.com/62903/?utm_source=streetvoice&utm_medium=profile-news-block,,Singer / Songwriter,,,,,"緩慢地說完了該說的話 別允許我的淚輕易落下 會有的 熙來攘往的世界裡 也曾讓你悲傷 會有的 熙來攘往的世界裡 你給過我希望 一個人安靜地看著遠方 或許我不存有任何感想 像這樣 感到寂寞的深夜裡 你怎麼凝望 想起你 也努力搜尋的模樣 我突然有了力量 會有的 需要堅強的日子裡 你偶爾受傷 會有的 需要堅強的日子裡 你還有我相信著你啊 
緩慢地說完了該說的話 別允許我的淚輕易落下 會有的 熙來攘往的世界裡 也曾讓你悲傷 會有的 熙來攘往的世界裡 你給過我希望
一個人安靜地看著遠方 或許我不存有任何感想 像這樣 感到寂寞的深夜裡 你怎麼凝望 想起你 也努力搜尋的模樣 我突然有了力量
會有的 需要堅強的日子裡 你偶爾受傷 會有的 需要堅強的日子裡 你還有我相信著你啊
留言（ 1 ） 最相關留言 所有留言
留言（ 1 ）",2026-08-10,,,False,False,
2026-08-15 22:40:47,realtime,folk,,,47,Ashley,沒關係,2,36,5,https://streetvoice.com/Ashleychan12/songs/873722/,https://streetvoice.com/Ashleychan12/,"https://akstatic.streetvoice.com/song_covers/As/hl/Ashleychan12/JaWueCchWuF8jkE5wqn73b.jpeg?x-oss-process=image/resize,m_fixed,h_1,w_1,limit_0/resize,m_fixed,h_630,w_1200,limit_0/watermark,image_c29uZ19jb3ZlcnMvQXMvaGwvQXNobGV5Y2hhbjEyL0phV3VlQ2NoV3VGOGprRTV3cW43M2IuanBlZz94LW9zcy1wcm9jZXNzPWltYWdlL3Jlc2l6ZSxtX2ZpeGVkLGhfMzQ0LHdfMzQ0LGxpbWl0XzA,g_nw,x_428,y_143/watermark,image_YXNzZXQvaW1hZ2VzL21ldGFpbWFnZS1zb25nLnBuZw,g_nw,x_0,y_0",images/873722.jpeg,@Ashleychan12,音樂人,台北市,2026-03-01,,2,9,1,,,https://www.youtube.com/user/StreetVoiceTV,亞洲鼓王 ﹣ Don Ashley唐龍 離世|||https://blow.streetvoice.com/3837/?utm_source=streetvoice&utm_medium=profile-news-block; 以波希名畫《人間樂園》為靈感 蔡依林化身「愉悅之母」降臨大巨蛋！|||https://blow.streetvoice.com/84166/?utm_source=streetvoice&utm_medium=profile-news-block; 第18屆Freshmusic Awards得獎名單揭曉 陶晶瑩首次參與評審|||https://blow.streetvoice.com/81270/?utm_source=streetvoice&utm_medium=profile-news-block,,Singer / Songwriter,,,,"有時候，我好像一直在追逐著很遙遠的星星，或是遠大的目標，卻在不知不覺中，忘了自己真正想要的是什麼。 這首歌寫給那些曾經焦慮、迷惘，甚至想暫時逃離這個世界的每個人。 腳步偶爾停一停，好像也沒關係。 每一件看似微小的事情，也許都有它存在的意義吧。也許是學習，也許是讓我們終於更靠近真正的自己。 當我們學著擁抱曾經、放下過去，把目光重新放回此刻，才發現不完美的自己，也可以真實得很美麗。 所以想用這首歌，輕輕告訴你一句： 「沒關係。」 
有時候，我好像一直在追逐著很遙遠的星星，或是遠大的目標，卻在不知不覺中，忘了自己真正想要的是什麼。
這首歌寫給那些曾經焦慮、迷惘，甚至想暫時逃離這個世界的每個人。
腳步偶爾停一停，好像也沒關係。
每一件看似微小的事情，也許都有它存在的意義吧。也許是學習，也許是讓我們終於更靠近真正的自己。
當我們學著擁抱曾經、放下過去，把目光重新放回此刻，才發現不完美的自己，也可以真實得很美麗。
所以想用這首歌，輕輕告訴你一句： 「沒關係。」","就連心底的聲音 也只剩模糊不清的旋律 還來不及看仔細 無形時間逼不得已做決定 追逐遙遠的星 又常忘記 什麼才值得好好珍惜 連自己 也都看不清 有什麼能失去 窗外的雨滴 已浸濕了心 此刻只想著 能不能抽離 這個世界太煩心 多少誤會又傷了多少人的心 腳步停一停 也許沒關係 每件小事情 都有他存在的意義 也許是學習 也許讓我們更接近自己 太多複雜的秘密 糾纏著 一個個未解的謎 世上最遠的距離 是我和你面對時的兩顆心 追逐遙遠的星 又常忘記 什麼才值得好好珍惜 對不起 沒看清自己 在這耍小脾氣 窗外的雨滴 以浸濕了心 此刻只想著 能不能抽離 這個世界太煩心 多少誤會又傷了多少人的心 腳步停一停 也許沒關係 每件小事情 都有他存在的意義 也許是學習 也許讓我們更接近自己 雨的洗禮 走過開始找回勇氣 抬頭萬顆星星 在為我指引 曾以為失去 其實是飛行的伏筆 擁抱曾經 放下過去專注每一個當下的意義 視線更清晰 更喜歡每刻的你 真實的自己 窗外的雨滴 滋養了土地 不完美的你　真實得美麗 時間畫出的軌跡  回頭成了回憶裡燦爛的風景 腳步停一停 也許沒關係 每件小事情 都有他存在的意義 也許是學習 也許讓我們更接近自己 用這段旋律 輕輕告訴你一句 沒關係 
就連心底的聲音 也只剩模糊不清的旋律 還來不及看仔細 無形時間逼不得已做決定
追逐遙遠的星 又常忘記 什麼才值得好好珍惜 連自己 也都看不清 有什麼能失去
窗外的雨滴 已浸濕了心 此刻只想著 能不能抽離 這個世界太煩心 多少誤會又傷了多少人的心 腳步停一停 也許沒關係 每件小事情 都有他存在的意義 也許是學習 也許讓我們更接近自己
太多複雜的秘密 糾纏著 一個個未解的謎 世上最遠的距離 是我和你面對時的兩顆心
追逐遙遠的星 又常忘記 什麼才值得好好珍惜 對不起 沒看清自己 在這耍小脾氣
窗外的雨滴 以浸濕了心 此刻只想著 能不能抽離 這個世界太煩心 多少誤會又傷了多少人的心 腳步停一停 也許沒關係 每件小事情 都有他存在的意義 也許是學習 也許讓我們更接近自己
雨的洗禮 走過開始找回勇氣 抬頭萬顆星星 在為我指引 曾以為失去 其實是飛行的伏筆
擁抱曾經 放下過去專注每一個當下的意義 視線更清晰 更喜歡每刻的你 真實的自己
窗外的雨滴 滋養了土地 不完美的你　真實得美麗 時間畫出的軌跡  回頭成了回憶裡燦爛的風景
腳步停一停 也許沒關係 每件小事情 都有他存在的意義 也許是學習 也許讓我們更接近自己
用這段旋律 輕輕告訴你一句 沒關係
留言（ 5 ） 最相關留言 所有留言
留言（ 5 ）",2026-08-09,,,False,False,
2026-08-15 22:40:47,realtime,folk,,,48,Leyi D,DIT,6,139,3,https://streetvoice.com/bellebearrrrrr/songs/873592/,https://streetvoice.com/bellebearrrrrr/,"https://akstatic.streetvoice.com/song_covers/be/ll/bellebearrrrrr/Aev7LfeEXZSNmdTW2sckkZ.jpeg?x-oss-process=image/resize,m_fixed,h_1,w_1,limit_0/resize,m_fixed,h_630,w_1200,limit_0/watermark,image_c29uZ19jb3ZlcnMvYmUvbGwvYmVsbGViZWFycnJycnIvQWV2N0xmZUVYWlNObWRUVzJzY2trWi5qcGVnP3gtb3NzLXByb2Nlc3M9aW1hZ2UvcmVzaXplLG1fZml4ZWQsaF8zNDQsd18zNDQsbGltaXRfMA,g_nw,x_428,y_143/watermark,image_YXNzZXQvaW1hZ2VzL21ldGFpbWFnZS1zb25nLnBuZw,g_nw,x_0,y_0",images/873592.jpeg,@bellebearrrrrr,音樂人,新北市,2017-06-01,2022-10-18 17:25,8,156,23,,https://instagram.com/bellebearrrrrr,https://youtube.com/channel/UC1E5w9lLUBSJivyj5oS8CtA,自己樂團自己選  Wake Up 演出名單由你決定|||https://blow.streetvoice.com/8075/?utm_source=streetvoice&utm_medium=profile-news-block,,Singer / Songwriter,,,,"17歲的那年暑假，我跑去跟著舅舅一起造舟，寫下了這首歌，23歲那年把它又拿出來重做，然後25歲才發它。 我的舅舅總說：衡量生命價值的尺度是思想和行動力，而不是時間 他也說DIY會很辛苦 那就讓我們Do It Together 他說的話很大程度造就了我現在的樣子，特別的日子把這首歌發出來，謝謝他總是最像我生命中那個被稱為父親的角色。 - 作詞作曲：沈以勒/溫予謙 編曲混音：曾名傑 @海貓貓音樂工作室 Umineko Music Studio&Collections 演唱：沈以勒、溫大沐、溫多俐 
17歲的那年暑假，我跑去跟著舅舅一起造舟，寫下了這首歌，23歲那年把它又拿出來重做，然後25歲才發它。
我的舅舅總說：衡量生命價值的尺度是思想和行動力，而不是時間 他也說DIY會很辛苦 那就讓我們Do It Together
他說的話很大程度造就了我現在的樣子，特別的日子把這首歌發出來，謝謝他總是最像我生命中那個被稱為父親的角色。 - 作詞作曲：沈以勒/溫予謙 編曲混音：曾名傑 @海貓貓音樂工作室 Umineko Music Studio&Collections 演唱：沈以勒、溫大沐、溫多俐","對這個世界 有很多幻想 期待有一天 能展翅飛翔 就算有失望 有你在身旁 我就能夠 繼續努力堅強 看 天空蔚藍 清澈海洋 還有什麼能把我阻擋 心中澎湃如大海 來吧 就裝上翅膀飛翔 追 勇敢去追 追尋你和我的夢想 飛 用力去飛 飛向那浩瀚無垠的藍天 We never give up 不要放棄希望 不完美又怎樣 We do it together 
對這個世界 有很多幻想 期待有一天 能展翅飛翔 就算有失望 有你在身旁 我就能夠 繼續努力堅強
看 天空蔚藍 清澈海洋 還有什麼能把我阻擋 心中澎湃如大海 來吧 就裝上翅膀飛翔
追 勇敢去追 追尋你和我的夢想 飛 用力去飛 飛向那浩瀚無垠的藍天 We never give up 不要放棄希望 不完美又怎樣 We do it together
留言（ 3 ） 最相關留言 所有留言
留言（ 3 ）",2026-08-08,,,False,False,
2026-08-15 22:40:47,realtime,folk,,,49,About2061,静鉄,2,21,2,https://streetvoice.com/about2061/songs/872264/,https://streetvoice.com/about2061/,"https://akstatic.streetvoice.com/music_albums/ab/ou/about2061/8JzzsKYRg99bTWUCv8pLT6.jpeg?x-oss-process=image/resize,m_fixed,h_1,w_1,limit_0/resize,m_fixed,h_630,w_1200,limit_0/watermark,image_bXVzaWNfYWxidW1zL2FiL291L2Fib3V0MjA2MS84Snp6c0tZUmc5OWJUV1VDdjhwTFQ2LmpwZWc_eC1vc3MtcHJvY2Vzcz1pbWFnZS9yZXNpemUsbV9maXhlZCxoXzM0NCx3XzM0NCxsaW1pdF8w,g_nw,x_428,y_143/watermark,image_YXNzZXQvaW1hZ2VzL21ldGFpbWFnZS1zb25nLnBuZw,g_nw,x_0,y_0",images/872264.jpeg,@about2061,音樂人,,,,4,1,1,,,https://www.youtube.com/user/StreetVoiceTV,,,Singer / Songwriter,Echo,https://streetvoice.com/about2061/songs/album/97325813/,,,"夢見了遙遠往昔的夢 聽見濁音裡的疼痛 攪拌著黃昏 放進冰塊，一飲而下 日常向我問了一個問題 停頓了兩秒左右，我看著它的眼睛回答 之所以繼續唱下去 是為了讓我仍然是我 究竟什麼樣的人 才算是了不起的人 我其實不太明白 靜鐵的車窗上 我的臉 若隱若現地映著 說著「每一個人都很了不起」的歌 雖然讓我感到害怕 但今天看見的天空 無論到哪裡 都無邊無際 
夢見了遙遠往昔的夢 聽見濁音裡的疼痛 攪拌著黃昏 放進冰塊，一飲而下
日常向我問了一個問題 停頓了兩秒左右，我看著它的眼睛回答 之所以繼續唱下去 是為了讓我仍然是我
究竟什麼樣的人 才算是了不起的人 我其實不太明白
靜鐵的車窗上 我的臉 若隱若現地映著
說著「每一個人都很了不起」的歌 雖然讓我感到害怕
但今天看見的天空 無論到哪裡 都無邊無際
留言（ 2 ） 最相關留言 所有留言
留言（ 2 ）",2026-07-31,,編輯推薦,True,False,
2026-08-15 22:40:47,realtime,folk,,,50,貝克小姐Miss Bac.,沒關係 Unplugged Demo,58,2392,8,https://streetvoice.com/missbac/songs/871417/,https://streetvoice.com/missbac/,"https://akstatic.streetvoice.com/song_covers/mi/ss/missbac/e7pF7SUgL3VUAqS28f7rjJ.jpeg?x-oss-process=image/resize,m_fixed,h_1,w_1,limit_0/resize,m_fixed,h_630,w_1200,limit_0/watermark,image_c29uZ19jb3ZlcnMvbWkvc3MvbWlzc2JhYy9lN3BGN1NVZ0wzVlVBcVMyOGY3cmpKLmpwZWc_eC1vc3MtcHJvY2Vzcz1pbWFnZS9yZXNpemUsbV9maXhlZCxoXzM0NCx3XzM0NCxsaW1pdF8w,g_nw,x_428,y_143/watermark,image_YXNzZXQvaW1hZ2VzL21ldGFpbWFnZS1zb25nLnBuZw,g_nw,x_0,y_0",images/871417.jpeg,@missbac,音樂人,台北市,2017-06-01,2021-04-07 15:38,9,7692,12,https://www.facebook.com/missbacterium/,https://www.instagram.com/missbac2017/,https://www.youtube.com/user/StreetVoiceTV,回憶過去___的時光忘不了！ 問題總部、貝克小姐Miss Bac.邀你重溫舊時光|||https://blow.streetvoice.com/46221/?utm_source=streetvoice&utm_medium=profile-news-block; 很熱很熱的2022 Park Park Carnival 街聲的夥伴現場忙什麼⋯⋯？|||https://blow.streetvoice.com/61867/?utm_source=streetvoice&utm_medium=profile-news-block; 2022 Park Park Carnival 公布最終波陣容：美秀集團、春艷|||https://blow.streetvoice.com/61195/?utm_source=streetvoice&utm_medium=profile-news-block,,Singer / Songwriter,,,,"詞：沈筱卿 曲：沈筱卿、鍾秉恩 混音：鍾秉恩 平面攝影：羅筱惠 --- 大概是從三年前開始，發現自己很會說違心的沒關係。 理性上覺得沒事呀，但感性上又過不去，其實不是沒關係； 或者跟這些都無關，只是認為對方會希望我說沒關係，然後就順應著說了，自己有一點不想要的話也沒關係。 中間忘記什麼時候開始，也許是長大了？ 我突然不想那麼做了，不想說沒關係了，然後暴走了一陣子（？？） 最近的某段對話中，我又下意識的說了沒關係 對方回問我：「是真的沒關係嗎？」的時候 我愣住了 然後說：「開玩笑的，我覺得有關係。」 才把自己的想法說出來，雖然很慢。 〈沒關係〉這首歌 想要給常常說沒關係的你； 給正在練習說有關係的你； 也給溫柔接住我們的你🎧❤️‍🩹 
詞：沈筱卿 曲：沈筱卿、鍾秉恩 混音：鍾秉恩 平面攝影：羅筱惠
---
大概是從三年前開始，發現自己很會說違心的沒關係。 理性上覺得沒事呀，但感性上又過不去，其實不是沒關係； 或者跟這些都無關，只是認為對方會希望我說沒關係，然後就順應著說了，自己有一點不想要的話也沒關係。
中間忘記什麼時候開始，也許是長大了？ 我突然不想那麼做了，不想說沒關係了，然後暴走了一陣子（？？）
最近的某段對話中，我又下意識的說了沒關係 對方回問我：「是真的沒關係嗎？」的時候 我愣住了 然後說：「開玩笑的，我覺得有關係。」 才把自己的想法說出來，雖然很慢。
〈沒關係〉這首歌 想要給常常說沒關係的你； 給正在練習說有關係的你； 也給溫柔接住我們的你🎧❤️‍🩹","看你 踮著腳 在月光下 小心翼翼搜集 小小的 愛的痕跡 心疼你 想抱緊你 你搖搖頭 說 我是真的在意 你說的 沒關係 是真的 還是 愛得很小心 在我這裡 不必多慮 我是真的在意 你說的 沒關係 是真的 還是 愛得很小心 在我這裡 想你是最真的你 心疼你 想抱緊你 你搖搖頭 說沒關係 小小的 背影 在夜裡搜集 那些愛的 我是真的在意 你說的 沒關係 是真的 還是 愛得很小心 在我這裡 不必多慮 我是真的在意 你說的 沒關係 是真的 還是 愛得很小心 在我這裡 想你是最真的你 
看你 踮著腳 在月光下 小心翼翼搜集 小小的 愛的痕跡
心疼你 想抱緊你 你搖搖頭 說
我是真的在意 你說的 沒關係 是真的 還是 愛得很小心 在我這裡 不必多慮 我是真的在意 你說的 沒關係 是真的 還是 愛得很小心 在我這裡 想你是最真的你
心疼你 想抱緊你 你搖搖頭 說沒關係 小小的 背影 在夜裡搜集 那些愛的
我是真的在意 你說的 沒關係 是真的 還是 愛得很小心 在我這裡 不必多慮 我是真的在意 你說的 沒關係 是真的 還是 愛得很小心 在我這裡 想你是最真的你
留言（ 8 ） 最相關留言 所有留言
留言（ 8 ）",2026-07-27,,編輯推薦,True,False,
