snapshot_time,chart_timeframe,chart_genre,chart_year,chart_week,rank,artist_name,song_title,likes_count,play_count,comments_count,song_url,artist_url,cover_image_url,cover_image_local_path,artist_handle,artist_identity,artist_city,artist_joined_date,artist_accredited_datetime,artist_music_count,artist_fans_count,artist_following_count,artist_facebook_url,artist_instagram_url,artist_youtube_url,related_news,big_thing_appearances,genre,album_title,album_url,collaborators,description,lyrics,release_date,song_accredited_datetime,honors,is_editor_recommended,is_song_of_the_day,critic_review_url
2026-08-11 01:17:42,realtime,hip_hop,,,1,N!ceT!M,Vibing (ft.黃琳媛 Ally),5,280,0,https://streetvoice.com/NICETIM/songs/873395/,https://streetvoice.com/NICETIM/,"https://akstatic.streetvoice.com/song_covers/NI/CE/NICETIM/9sZCCwM47RwXg5YdUszrfv.jpeg?x-oss-process=image/resize,m_fixed,h_1,w_1,limit_0/resize,m_fixed,h_630,w_1200,limit_0/watermark,image_c29uZ19jb3ZlcnMvTkkvQ0UvTklDRVRJTS85c1pDQ3dNNDdSd1hnNVlkVXN6cmZ2LmpwZWc_eC1vc3MtcHJvY2Vzcz1pbWFnZS9yZXNpemUsbV9maXhlZCxoXzM0NCx3XzM0NCxsaW1pdF8w,g_nw,x_428,y_143/watermark,image_YXNzZXQvaW1hZ2VzL21ldGFpbWFnZS1zb25nLnBuZw,g_nw,x_0,y_0",images/873395.jpeg,@NICETIM,音樂人,,,2022-02-24 18:05,12,177,7,,https://www.instagram.com/timgamestory,https://www.youtube.com/channel/UCGTVXYyeBAfNkAV0jhS1-5Q/featured,,,Hip hop / Rap,都市風雲兒,https://streetvoice.com/NICETIM/songs/album/97325857/,,,"i am in my vibing 不要來robbing我的思緒 我還在旅行 我們在踏青 踏完踏沙地 走前記得清理這美景 幫我們dubbing 不會唱也行 就跟著dadala嗯嗯嗯 dadaladadala嗯嗯嗯 dadaladadala嗯嗯嗯 (黃琳媛Ally) 說走就走的旅行 帶著舊的照相機 紀錄一些風和日麗 照片裡還有我和你 思緒被快樂包圍 好不真實的感覺 功成名就不是絕對 花花世界太多是非 Ay你說的都對 青春怎麼能被我們浪費 太多不該被現實給磨碎 人生勇往直前冒險才是My way i am in my vibing 不要來robbing我的思緒 我還在旅行 我們在踏青 踏完踏沙地 走前記得清理這美景 幫我們dubbing 不會唱也行 就跟著dadala嗯嗯嗯 dadaladadala嗯嗯嗯 dadaladadala嗯嗯嗯 這個感覺太美 聽到這種伴奏我就是要寫 只要我開心我爽當大爺誰管太商業太普通還是什麼太主流 怕被外人定義才像被主囚 就算好像畢業還在被暑修 人生大冒險可以輸了但換個心裡舒服 (總比老的糊塗) 我是老司機 快把東西打包 忘東忘西到底又是哪招 孤魂野鬼看要晃去哪飄 處在同個頻率才能相處比喻可能feel like 帶上我的Full band 帥的像是快打部隊 整個太上等的路線 行程絕不敷衍 太陽整個too 艷 i am in my vibing 不要來robbing我的思緒 我還在旅行 我們在踏青 踏完踏沙地 走前記得清理這美景 幫我們dubbing 不會唱也行 就跟著dadala嗯嗯嗯 dadaladadala嗯嗯嗯 dadaladadala嗯嗯嗯 i am in my vibing 不要來robbing我的思緒 woo ho oh oh 我們在踏青 踏完踏沙地 踏完去海底 woo ho oh oh 幫我們dubbing 不會唱也行 就跟著 woo woo ho oh oh woo ho oh oh ho oh oh woo ho oh oh i am in my vibe in the paradise 全部 in my mind in my vibe in the paradise 全部 in my mind in my vibe in the paradise 全部 in my mind woo ho oh oh woo ho oh oh ho oh oh woo ho oh oh 
i am in my vibing 不要來robbing我的思緒 我還在旅行 我們在踏青 踏完踏沙地 走前記得清理這美景 幫我們dubbing 不會唱也行 就跟著dadala嗯嗯嗯 dadaladadala嗯嗯嗯 dadaladadala嗯嗯嗯
(黃琳媛Ally) 說走就走的旅行 帶著舊的照相機 紀錄一些風和日麗 照片裡還有我和你 思緒被快樂包圍 好不真實的感覺 功成名就不是絕對 花花世界太多是非 Ay你說的都對 青春怎麼能被我們浪費 太多不該被現實給磨碎 人生勇往直前冒險才是My way
i am in my vibing 不要來robbing我的思緒 我還在旅行 我們在踏青 踏完踏沙地 走前記得清理這美景 幫我們dubbing 不會唱也行 就跟著dadala嗯嗯嗯 dadaladadala嗯嗯嗯 dadaladadala嗯嗯嗯
這個感覺太美 聽到這種伴奏我就是要寫 只要我開心我爽當大爺誰管太商業太普通還是什麼太主流 怕被外人定義才像被主囚 就算好像畢業還在被暑修 人生大冒險可以輸了但換個心裡舒服 (總比老的糊塗)
我是老司機 快把東西打包 忘東忘西到底又是哪招 孤魂野鬼看要晃去哪飄 處在同個頻率才能相處比喻可能feel like
帶上我的Full band 帥的像是快打部隊 整個太上等的路線 行程絕不敷衍 太陽整個too 艷
i am in my vibing 不要來robbing我的思緒 我還在旅行 我們在踏青 踏完踏沙地 走前記得清理這美景 幫我們dubbing 不會唱也行 就跟著dadala嗯嗯嗯 dadaladadala嗯嗯嗯 dadaladadala嗯嗯嗯
i am in my vibing 不要來robbing我的思緒 woo ho oh oh 我們在踏青 踏完踏沙地 踏完去海底 woo ho oh oh 幫我們dubbing 不會唱也行 就跟著 woo woo ho oh oh woo ho oh oh ho oh oh woo ho oh oh
i am in my vibe in the paradise 全部 in my mind in my vibe in the paradise 全部 in my mind in my vibe in the paradise 全部 in my mind woo ho oh oh woo ho oh oh ho oh oh woo ho oh oh
留言（ 0 ） 最相關留言 所有留言
留言（ 0 ）",2026-08-07,,編輯推薦,True,False,
2026-08-11 01:17:42,realtime,hip_hop,,,2,N!ceT!M,小鎮姑娘,1,69,1,https://streetvoice.com/NICETIM/songs/873393/,https://streetvoice.com/NICETIM/,"https://akstatic.streetvoice.com/song_covers/NI/CE/NICETIM/iUXQJxUeHsvJ7spSZatVs9.jpeg?x-oss-process=image/resize,m_fixed,h_1,w_1,limit_0/resize,m_fixed,h_630,w_1200,limit_0/watermark,image_c29uZ19jb3ZlcnMvTkkvQ0UvTklDRVRJTS9pVVhRSnhVZUhzdko3c3BTWmF0VnM5LmpwZWc_eC1vc3MtcHJvY2Vzcz1pbWFnZS9yZXNpemUsbV9maXhlZCxoXzM0NCx3XzM0NCxsaW1pdF8w,g_nw,x_428,y_143/watermark,image_YXNzZXQvaW1hZ2VzL21ldGFpbWFnZS1zb25nLnBuZw,g_nw,x_0,y_0",images/873393.jpeg,@NICETIM,音樂人,,,2022-02-24 18:05,12,177,7,,https://www.instagram.com/timgamestory,https://www.youtube.com/channel/UCGTVXYyeBAfNkAV0jhS1-5Q/featured,,,Hip hop / Rap,都市風雲兒,https://streetvoice.com/NICETIM/songs/album/97325857/,,,"說實在 到底哪兒殺出來的小鎮姑娘 那些都市的女孩通通顯得小肚雞腸 不算成功的大人確實很少suit&tie 妳說妳蠻不在乎只要讓妳feel right 我有點社會化了 但妳讀自然組 從來不斤斤計較捲起的愛火還在含吐 明明就庄腳來ㄟ 像在走香榭大道 謀督丟哩這款ㄟ 哇歸剛巄勒嘛嘛吼 I am so high so high 我把心弦調個音 讓我唱歌給妳聽 妳讓我感覺 so high so high 讓妳傷害我的心 我有點上了癮 真他媽有點上了癮 no way no way......oh yes I do no way no way......oh yes I do 以前愛出頭 現在喜歡看妳帥 「A Star is born」,you make me feel beauyt&wild 妳知道的那瞬間 當夜半我們一起聽fortnight I don't lie 我真的可以拒絕天音真比奈 本來想當個永遠的孩子開始想畫點大餅 yeah 扛起了可可亞西村頭上的草帽有點大頂 yeah you don't need to tell me nothing 幫妳蓋掉舊的tattoo 畫一些新的藍圖 來讓這遊戲調些難度 I am so high so high 我把心弦調個音 讓我唱歌給妳聽 妳讓我感覺 so high so high 讓妳傷害我的心 我有點上了癮 真他媽有點上了癮 no way no way......oh yes I do no way no way......oh yes I do no way no way......oh yes I do no way no way......oh yes I do 欸 不是啦 真的不行 我平常就沒在用那些東西啊 不是每個玩嘻哈的都會這樣好不好 不信你問我朋友 真的真的 不是不想陪你 好啦好啦 一次 就一次就一次 I am so high so high 我把心弦調個音 讓我唱歌給妳聽 妳讓我感覺 so high so high 讓妳傷害我的心 我有點上了癮 真他媽有點上了癮 no way no way......oh yes I do no way no way......oh yes I do no way no way......oh yes I do no way no way......oh yes I do 
說實在 到底哪兒殺出來的小鎮姑娘 那些都市的女孩通通顯得小肚雞腸 不算成功的大人確實很少suit&tie 妳說妳蠻不在乎只要讓妳feel right 我有點社會化了 但妳讀自然組 從來不斤斤計較捲起的愛火還在含吐 明明就庄腳來ㄟ 像在走香榭大道 謀督丟哩這款ㄟ 哇歸剛巄勒嘛嘛吼
I am so high so high 我把心弦調個音 讓我唱歌給妳聽 妳讓我感覺 so high so high 讓妳傷害我的心 我有點上了癮 真他媽有點上了癮
no way no way......oh yes I do no way no way......oh yes I do
以前愛出頭 現在喜歡看妳帥 「A Star is born」,you make me feel beauyt&wild 妳知道的那瞬間 當夜半我們一起聽fortnight I don't lie 我真的可以拒絕天音真比奈 本來想當個永遠的孩子開始想畫點大餅 yeah 扛起了可可亞西村頭上的草帽有點大頂 yeah you don't need to tell me nothing 幫妳蓋掉舊的tattoo 畫一些新的藍圖 來讓這遊戲調些難度
I am so high so high 我把心弦調個音 讓我唱歌給妳聽 妳讓我感覺 so high so high 讓妳傷害我的心 我有點上了癮 真他媽有點上了癮
no way no way......oh yes I do no way no way......oh yes I do no way no way......oh yes I do no way no way......oh yes I do
欸 不是啦 真的不行 我平常就沒在用那些東西啊 不是每個玩嘻哈的都會這樣好不好 不信你問我朋友 真的真的 不是不想陪你 好啦好啦 一次 就一次就一次
I am so high so high 我把心弦調個音 讓我唱歌給妳聽 妳讓我感覺 so high so high 讓妳傷害我的心 我有點上了癮 真他媽有點上了癮 no way no way......oh yes I do no way no way......oh yes I do no way no way......oh yes I do no way no way......oh yes I do
留言（ 1 ） 最相關留言 所有留言
留言（ 1 ）",2026-08-07,,編輯推薦,True,False,
2026-08-11 01:17:42,realtime,hip_hop,,,3,N!ceT!M,Shiny Day!,1,90,0,https://streetvoice.com/NICETIM/songs/873392/,https://streetvoice.com/NICETIM/,"https://akstatic.streetvoice.com/song_covers/NI/CE/NICETIM/FyWBq6LvMrwzYmAcZhwcbN.jpeg?x-oss-process=image/resize,m_fixed,h_1,w_1,limit_0/resize,m_fixed,h_630,w_1200,limit_0/watermark,image_c29uZ19jb3ZlcnMvTkkvQ0UvTklDRVRJTS9GeVdCcTZMdk1yd3pZbUFjWmh3Y2JOLmpwZWc_eC1vc3MtcHJvY2Vzcz1pbWFnZS9yZXNpemUsbV9maXhlZCxoXzM0NCx3XzM0NCxsaW1pdF8w,g_nw,x_428,y_143/watermark,image_YXNzZXQvaW1hZ2VzL21ldGFpbWFnZS1zb25nLnBuZw,g_nw,x_0,y_0",images/873392.jpeg,@NICETIM,音樂人,,,2022-02-24 18:05,12,177,7,,https://www.instagram.com/timgamestory,https://www.youtube.com/channel/UCGTVXYyeBAfNkAV0jhS1-5Q/featured,,,Hip hop / Rap,都市風雲兒,https://streetvoice.com/NICETIM/songs/album/97325857/,,,"It's a shiny day! 壞的球不接 Let it pass,ok 當我站定位 jumping miles away I will I will ... alley oops woo woo 二輪秀往巨星的道路 Kame Hame Ha 輕鬆用出經典的招數 let go 轉瞬間到你的背後 我化身無情的獵獸 是來自天外的獼猴 吃幾顆仙豆 dope! LEGO! 用積木拼出的bad boss 太惡霸出入不帶passport fake people can you get off? but chilrden I want some more 愛上夏天的風 特別爽 心情特別暢通 跟我的對家不同 看起來精神特別的哆嗦 聲音貼著beat 滑順的再翻個觔斗雲 我歌詞塞的密 時光屋是我的大型加速器 生在一個環海的小島 步調愜意的就像HAWAII 配上一點BABY VOICE 年近30還這麼的KAWAII OH NO! 被龜殼絆了一跤我差點要放棄 終究 讓我修好了這「臺」rap的機器 It's a shiny day! 壞的球不接 Let it pass,ok 當我站定位 jumping miles away I will I will ... alley oops woo woo 二輪秀往巨星的道路 Kame Hame Ha 輕鬆用出經典的招數 看起來吊兒啷噹但真的要選球鞋 I choose FILA! 一個人單槍匹馬對抗一整團的MAMMA MIA! cold in my vain 手打了冰晶卻有顆炙熱的心呀 like 轟焦凍 so我只需要讓我的母親開心啦 大齡新秀 My dreams come true 不多寫幾個hook我不滿足 拿幾瓶香檳來 我要倒滿整個swimming pool 變得富 未來的目標我現在看得更清楚 靠得住 I feel like 大同區的地基主 
It's a shiny day! 壞的球不接 Let it pass,ok 當我站定位 jumping miles away I will I will ... alley oops woo woo 二輪秀往巨星的道路 Kame Hame Ha 輕鬆用出經典的招數
let go 轉瞬間到你的背後 我化身無情的獵獸 是來自天外的獼猴 吃幾顆仙豆 dope! LEGO! 用積木拼出的bad boss 太惡霸出入不帶passport fake people can you get off? but chilrden I want some more
愛上夏天的風 特別爽 心情特別暢通 跟我的對家不同 看起來精神特別的哆嗦
聲音貼著beat 滑順的再翻個觔斗雲 我歌詞塞的密 時光屋是我的大型加速器
生在一個環海的小島 步調愜意的就像HAWAII 配上一點BABY VOICE 年近30還這麼的KAWAII OH NO! 被龜殼絆了一跤我差點要放棄 終究 讓我修好了這「臺」rap的機器
It's a shiny day! 壞的球不接 Let it pass,ok 當我站定位 jumping miles away I will I will ... alley oops woo woo 二輪秀往巨星的道路 Kame Hame Ha 輕鬆用出經典的招數
看起來吊兒啷噹但真的要選球鞋 I choose FILA! 一個人單槍匹馬對抗一整團的MAMMA MIA! cold in my vain 手打了冰晶卻有顆炙熱的心呀 like 轟焦凍 so我只需要讓我的母親開心啦
大齡新秀 My dreams come true 不多寫幾個hook我不滿足 拿幾瓶香檳來 我要倒滿整個swimming pool 變得富 未來的目標我現在看得更清楚 靠得住 I feel like 大同區的地基主
留言（ 0 ） 最相關留言 所有留言
留言（ 0 ）",2026-08-07,,編輯推薦,True,False,
2026-08-11 01:17:42,realtime,hip_hop,,,4,N!ceT!M,午夜之子,3,239,0,https://streetvoice.com/NICETIM/songs/873394/,https://streetvoice.com/NICETIM/,"https://akstatic.streetvoice.com/song_covers/NI/CE/NICETIM/KTvY6XAN4mCRG7jXdGWhcZ.jpeg?x-oss-process=image/resize,m_fixed,h_1,w_1,limit_0/resize,m_fixed,h_630,w_1200,limit_0/watermark,image_c29uZ19jb3ZlcnMvTkkvQ0UvTklDRVRJTS9LVHZZNlhBTjRtQ1JHN2pYZEdXaGNaLmpwZWc_eC1vc3MtcHJvY2Vzcz1pbWFnZS9yZXNpemUsbV9maXhlZCxoXzM0NCx3XzM0NCxsaW1pdF8w,g_nw,x_428,y_143/watermark,image_YXNzZXQvaW1hZ2VzL21ldGFpbWFnZS1zb25nLnBuZw,g_nw,x_0,y_0",images/873394.jpeg,@NICETIM,音樂人,,,2022-02-24 18:05,12,177,7,,https://www.instagram.com/timgamestory,https://www.youtube.com/channel/UCGTVXYyeBAfNkAV0jhS1-5Q/featured,,,Hip hop / Rap,都市風雲兒,https://streetvoice.com/NICETIM/songs/album/97325857/,,,"從來沒有在閒晃 為了環境為了我的kid 呆子繼續挑毛病吧 吹的油門起跳都是億 我的face就是密碼 解鎖用的key 讓 這段旅程變得fantasy 古今中外激賞 急著找我擊掌當我drive my car and I riding throw the city 欸 外型很骨感而我思想總是豐滿 大腦每天在打ping pong ball 這種壓力使我舒坦 把靈感存進撲滿 piggy吃滿換我來開動 一手拿刀 on my right 一手拿叉 on my left 兩手通通 hold your hands up 今天繫上你的背帶 沒在跟你going down 歌詞本又寫了五頁 這長篇故事我從副本寫到主線 從凌晨又一次寫到午夜 再到5.A.M 睡意沒出現 歌詞本又寫了五頁 這長篇故事我從副本寫到主線 從凌晨又一次寫到午夜 再到5.A.M 熬夜來主演 shake your body 寶島ㄟhollywood 明星 I am M.I.T so成群不搞mobbing yeah 車停哪裡 跟我押韻一樣隨意 躺廣場大廳哼 do re mi fa  so la si shake your body 寶島ㄟhollywood 明星 I am M.I.T so成群不搞mobbing yeah 車停哪裡 跟我押韻一樣隨意 躺廣場大廳哼 do re mi fa  so la si 真的O.M.G G-SHOCK在我身上像ROLEX RELAX就要play my song真的超級鬆 誰還他媽給我吸COCAINE 最愛那種富有挑戰性的 強化我的性能 少女看我發歌都要得心臟病 有人病發我要診斷我的病人 名牌寫著N!ceT!M嘴裡嚐著NICETEA whole life I will feel like king 動脈 send me energy 在外就算玩到瘋掉 go home 我要繼續 play my steam 打開專屬我的清單 每天都在頒獎一直敲冰磚 每天都要播放一點才會心安 我眉清目秀去掉那些腥羶 別再為了鳥事傷心 我會是你在這水泥鋼筋 遇過最新鮮的空氣 close your eyes 一起city camping 歌詞本又寫了五頁 這長篇故事我從副本寫到主線 從凌晨又一次寫到午夜 再到5.A.M 睡意沒出現 歌詞本又寫了五頁 這長篇故事我從副本寫到主線 從凌晨又一次寫到午夜 再到5.A.M 熬夜來主演 shake your body 寶島ㄟhollywood 明星 I am M.I.T so成群不搞mobbing yeah 車停哪裡 跟我押韻一樣隨意 躺廣場大廳哼 do re mi fa  so la si shake your body 寶島ㄟhollywood 明星 I am M.I.T so成群不搞mobbing yeah 車停哪裡 跟我押韻一樣隨意 躺廣場大廳哼 do re mi fa  so la si 
從來沒有在閒晃 為了環境為了我的kid 呆子繼續挑毛病吧 吹的油門起跳都是億
我的face就是密碼 解鎖用的key 讓 這段旅程變得fantasy 古今中外激賞 急著找我擊掌當我drive my car and I riding throw the city 欸
外型很骨感而我思想總是豐滿 大腦每天在打ping pong ball 這種壓力使我舒坦 把靈感存進撲滿 piggy吃滿換我來開動
一手拿刀 on my right 一手拿叉 on my left 兩手通通 hold your hands up 今天繫上你的背帶 沒在跟你going down
歌詞本又寫了五頁 這長篇故事我從副本寫到主線 從凌晨又一次寫到午夜 再到5.A.M 睡意沒出現
歌詞本又寫了五頁 這長篇故事我從副本寫到主線 從凌晨又一次寫到午夜 再到5.A.M 熬夜來主演
shake your body 寶島ㄟhollywood 明星 I am M.I.T so成群不搞mobbing yeah
車停哪裡 跟我押韻一樣隨意 躺廣場大廳哼 do re mi fa  so la si
shake your body 寶島ㄟhollywood 明星 I am M.I.T so成群不搞mobbing yeah
車停哪裡 跟我押韻一樣隨意 躺廣場大廳哼 do re mi fa  so la si
真的O.M.G G-SHOCK在我身上像ROLEX RELAX就要play my song真的超級鬆 誰還他媽給我吸COCAINE 最愛那種富有挑戰性的 強化我的性能 少女看我發歌都要得心臟病 有人病發我要診斷我的病人 名牌寫著N!ceT!M嘴裡嚐著NICETEA whole life I will feel like king 動脈 send me energy 在外就算玩到瘋掉 go home 我要繼續 play my steam
打開專屬我的清單 每天都在頒獎一直敲冰磚 每天都要播放一點才會心安 我眉清目秀去掉那些腥羶
別再為了鳥事傷心 我會是你在這水泥鋼筋 遇過最新鮮的空氣 close your eyes 一起city camping
歌詞本又寫了五頁 這長篇故事我從副本寫到主線 從凌晨又一次寫到午夜 再到5.A.M 睡意沒出現
歌詞本又寫了五頁 這長篇故事我從副本寫到主線 從凌晨又一次寫到午夜 再到5.A.M 熬夜來主演
shake your body 寶島ㄟhollywood 明星 I am M.I.T so成群不搞mobbing yeah
車停哪裡 跟我押韻一樣隨意 躺廣場大廳哼 do re mi fa  so la si
shake your body 寶島ㄟhollywood 明星 I am M.I.T so成群不搞mobbing yeah
車停哪裡 跟我押韻一樣隨意 躺廣場大廳哼 do re mi fa  so la si
留言（ 0 ） 最相關留言 所有留言
留言（ 0 ）",2026-08-07,,編輯推薦,True,False,
2026-08-11 01:17:42,realtime,hip_hop,,,5,蘇裔非,開車音樂,51,2845,5,https://streetvoice.com/ifeisu/songs/871298/,https://streetvoice.com/ifeisu/,"https://akstatic.streetvoice.com/song_covers/if/ei/ifeisu/MJWQw5RxQf8Q66fedonMrV.jpeg?x-oss-process=image/resize,m_fixed,h_1,w_1,limit_0/resize,m_fixed,h_630,w_1200,limit_0/watermark,image_c29uZ19jb3ZlcnMvaWYvZWkvaWZlaXN1L01KV1F3NVJ4UWY4UTY2ZmVkb25NclYuanBlZz94LW9zcy1wcm9jZXNzPWltYWdlL3Jlc2l6ZSxtX2ZpeGVkLGhfMzQ0LHdfMzQ0LGxpbWl0XzA,g_nw,x_428,y_143/watermark,image_YXNzZXQvaW1hZ2VzL21ldGFpbWFnZS1zb25nLnBuZw,g_nw,x_0,y_0",images/871298.jpeg,@ifeisu,音樂人,台北市,2023-08-01,2023-10-11 15:40,9,264,1,,,https://www.youtube.com/user/StreetVoiceTV,,,Hip hop / Rap,,,,,"動態歌詞
Got a roll-call over on the west side 他問什麼時候到我回他現在 左手方向盤我右手播著電台 FM 91.3 在我腦裡 yeah right Got them redeye over on my 眼白 剩下你還沒有綁好的肩帶 他問我什麼時候到我回他現在 huh, yeah, but when I I dream about this all the time I’m doing quite alright So would you like to be my ride or die If you hit me up better on time 我開車開太久了開始變得有點搶拍 你叫我不要想太多 xanny and some hot wine 週刊連載這個旅程right on that Jumpboy 開了三十分鐘 左邊還是大海 開了三十分鐘 But I’m going offline 他問我什麼是愛我說would die for it but I won’t I dream about this all the time I’m doing quite alright So would you like to be my ride or die 這個城市充滿我的playlist 戴上墨鏡 傾聽我的隨意 嘿 華麗的轉過身去 我的鬆弛不被明碼標記 瞧我笑的得體 得意 dirty Bad and boujee ,extra lazy 像是喝了台啤的Harley Quinn Came straight out of Disney Got a roll-call over on the west side 他問什麼時候到我回他現在 左手方向盤我右手播著電台 FM 91.3 在我腦裡 yeah right Got them redeye over on my 眼白 剩下你還沒有綁好的肩帶 他問我什麼時候到我回他現在 huh, yeah, but when I I dream about this all the time I’m doing quite alright So would you like to be my ride or die 
Got a roll-call over on the west side 他問什麼時候到我回他現在 左手方向盤我右手播著電台 FM 91.3 在我腦裡 yeah right Got them redeye over on my 眼白 剩下你還沒有綁好的肩帶 他問我什麼時候到我回他現在 huh, yeah, but when I
I dream about this all the time I’m doing quite alright So would you like to be my ride or die
If you hit me up better on time 我開車開太久了開始變得有點搶拍 你叫我不要想太多 xanny and some hot wine 週刊連載這個旅程right on that Jumpboy 開了三十分鐘 左邊還是大海 開了三十分鐘 But I’m going offline 他問我什麼是愛我說would die for it but I won’t
I dream about this all the time I’m doing quite alright So would you like to be my ride or die
這個城市充滿我的playlist 戴上墨鏡 傾聽我的隨意 嘿 華麗的轉過身去 我的鬆弛不被明碼標記 瞧我笑的得體 得意 dirty Bad and boujee ,extra lazy 像是喝了台啤的Harley Quinn Came straight out of Disney
Got a roll-call over on the west side 他問什麼時候到我回他現在 左手方向盤我右手播著電台 FM 91.3 在我腦裡 yeah right Got them redeye over on my 眼白 剩下你還沒有綁好的肩帶 他問我什麼時候到我回他現在 huh, yeah, but when I
I dream about this all the time I’m doing quite alright So would you like to be my ride or die
留言（ 5 ） 最相關留言 所有留言
留言（ 5 ）",2026-08-01,,編輯推薦,True,False,
2026-08-11 01:17:42,realtime,hip_hop,,,6,FCC,Table game by.FCC,7,760,8,https://streetvoice.com/fourchencypher/songs/873530/,https://streetvoice.com/fourchencypher/,"https://akstatic.streetvoice.com/song_covers/fo/ur/fourchencypher/7gkehr9tE87LWoZQQH958C.jpeg?x-oss-process=image/resize,m_fixed,h_1,w_1,limit_0/resize,m_fixed,h_630,w_1200,limit_0/watermark,image_c29uZ19jb3ZlcnMvZm8vdXIvZm91cmNoZW5jeXBoZXIvN2drZWhyOXRFODdMV29aUVFIOTU4Qy5qcGVnP3gtb3NzLXByb2Nlc3M9aW1hZ2UvcmVzaXplLG1fZml4ZWQsaF8zNDQsd18zNDQsbGltaXRfMA,g_nw,x_428,y_143/watermark,image_YXNzZXQvaW1hZ2VzL21ldGFpbWFnZS1zb25nLnBuZw,g_nw,x_0,y_0",images/873530.jpeg,@fourchencypher,音樂人,,,,,1,1,,,https://www.youtube.com/user/StreetVoiceTV,以〈鬼ノ宴〉一曲爆紅、《暗殺教室》主題曲原唱 「日本次世代創作歌手」友成空六月首度來台開唱！|||https://blow.streetvoice.com/86521/?utm_source=streetvoice&utm_medium=profile-news-block; Blow吹音樂選：2025年度30張台灣原創音樂專輯|||https://blow.streetvoice.com/85800/?utm_source=streetvoice&utm_medium=profile-news-block; 「酷兒音樂世代終於到來！」從Sapphic Pop熱潮，回望臺灣女同志音樂文化|||https://blow.streetvoice.com/78972/?utm_source=streetvoice&utm_medium=profile-news-block,,Hip hop / Rap,,,筋砧鴣gu、田忠TonZ、LEON、ほしくず_褲子,"詞曲 Songwriter |  FCC 製作 Producer |  LEON、褲子 Kuzu 編曲 Arranger |  Bargholz 混音  Mixing  | 田忠 TonZ 監製 Executive Producer | YouNg ReaL，筋砧鴣gu 四陳相識 但桌遊湊滿五陳的無塵室 
詞曲 Songwriter |  FCC 製作 Producer |  LEON、褲子 Kuzu 編曲 Arranger |  Bargholz 混音  Mixing  | 田忠 TonZ 監製 Executive Producer | YouNg ReaL，筋砧鴣gu
四陳相識 但桌遊湊滿五陳的無塵室","LEON:欸田忠 田忠:蛤? LEON:麥歐北捘啦 Hook: Here we go here we go party  (ya~) Feeling more feeling more something (what~) Put your head in the air ,body （ha~) 喝太多 喝酒醉 送你 （走～） Here we go here we go party  (ya~) Feeling more feeling more something (what~) Put your head in the air ,body （ha~) 擺滿桌 誰敢脫 算你（贏～） YoungReal VERSE1: 都 給我慢著點 Born legend 還沒 in the house 誰都不能醉 管你什麼達官顯貴 頭 全都跟著點 騷底的辣妹 shake booty 拿來當鼓點 I don’t care 紙醉金迷 只想kill the type beat 管你撿到多少美金 還是撿到台幣 管你第一次還過生日 先上個香檳show 在這地方啥都不管 只管dollar dollar bill y’all 田忠 VERSE2 : 殺 了type beat than 畫個詐的大餅 所有tuff 所有luv 都發 力 加在du bbing 八 個bars 沒有尬押 把 你們 嚇 得訝異 掉了下巴， 大 家聽完都尬以 哈 實在差勁 fuck  吃著壓力 跨 極限哪裡 哈 不同場景 掛著冰like youngLee Hook: Here we go here we go party  (ya~) Feeling more feeling more something (what~) Put your head in the air ,body （ha~) 喝太多 喝酒醉 送你 （走～） Here we go here we go party  (ya~) Feeling more feeling more something (what~) Put your head in the air ,body （ha~) 擺滿桌 誰敢脫 算你（贏～） LEON VERSE3 : 她是來自紐澳良的拉丁裔 一品脫的氣泡水再加whiskey 心情讓我drink it難免殺精液 幫我拍張帥的傳給她親戚 It's latenight Lay back on track Microphone killer gonna make it all happen Oh girl, I like your style 用妳慢動作的三拍來吹我的小號 Eh 幾點回家我想發我IG 加了幾個美女企圖抓我海邊 脫了衣服秀出她的Taco 想看我的MIC 我說混的不太乾淨不去她的type Beat In the club 跟喜歡的客戶較量 放在你的手掌 跟上個比還要胖 我說做點有氧做好今晚讓你掉磅 趁你幫我數 幫你拍個測速照相 Hook: Here we go here we go party  (ya~) Feeling more feeling more something (what~) Put your head in the air ,body （ha~) 喝太多 喝酒醉 送你 （走～） Here we go here we go party  (ya~) Feeling more feeling more something (what~) Put your head in the air ,body （ha~) 擺滿桌 誰敢脫 算你（贏～） 筋砧鴣gu VERSE4 : 酒倒滿 警長發下第一張警徽 眼神都在對位   誰的發言最虧 你說你是村民 可我根本不會信 笑著陪你乾杯 心裡早把你判刑 一圈輪流發言 笑裡都藏著刀 有人悍跳預言 嘴巴比酒還燒 黑商留著禮物 賣弄著小騷包 欸誰輸了賭注 白色粉末請倒 骰子落在桌面 命運開始洗牌 狼人混進人群 沒人能夠醒來 酒精越喝越濃 腦袋掏出百寶袋 最後剩我站著 將他們全部淘汰 褲子 hook: Here we go here we go party  (ya~) Feeling more feeling more something (what~) Put your head in the air ,body （ha~) 喝太多 喝酒醉 送你 （走～） Here we go here we go party  (ya~) Feeling more feeling more something (what~) Put your head in the air ,body （ha~) 擺滿桌 誰敢脫 算你（贏～） 
LEON:欸田忠 田忠:蛤? LEON:麥歐北捘啦
Hook: Here we go here we go party  (ya~) Feeling more feeling more something (what~) Put your head in the air ,body （ha~) 喝太多 喝酒醉 送你 （走～）
Here we go here we go party  (ya~) Feeling more feeling more something (what~) Put your head in the air ,body （ha~) 擺滿桌 誰敢脫 算你（贏～）
YoungReal VERSE1: 都 給我慢著點 Born legend 還沒 in the house 誰都不能醉 管你什麼達官顯貴 頭 全都跟著點 騷底的辣妹 shake booty 拿來當鼓點
I don’t care 紙醉金迷 只想kill the type beat 管你撿到多少美金 還是撿到台幣 管你第一次還過生日 先上個香檳show 在這地方啥都不管 只管dollar dollar bill y’all
田忠 VERSE2 : 殺 了type beat than 畫個詐的大餅 所有tuff 所有luv 都發 力 加在du bbing 八 個bars 沒有尬押 把 你們 嚇 得訝異 掉了下巴， 大 家聽完都尬以 哈 實在差勁 fuck  吃著壓力 跨 極限哪裡 哈 不同場景 掛著冰like youngLee
Hook: Here we go here we go party  (ya~) Feeling more feeling more something (what~) Put your head in the air ,body （ha~) 喝太多 喝酒醉 送你 （走～）
Here we go here we go party  (ya~) Feeling more feeling more something (what~) Put your head in the air ,body （ha~) 擺滿桌 誰敢脫 算你（贏～）
LEON VERSE3 : 她是來自紐澳良的拉丁裔 一品脫的氣泡水再加whiskey 心情讓我drink it難免殺精液 幫我拍張帥的傳給她親戚 It's latenight Lay back on track Microphone killer gonna make it all happen Oh girl, I like your style 用妳慢動作的三拍來吹我的小號
Eh 幾點回家我想發我IG 加了幾個美女企圖抓我海邊 脫了衣服秀出她的Taco 想看我的MIC 我說混的不太乾淨不去她的type Beat
In the club 跟喜歡的客戶較量 放在你的手掌 跟上個比還要胖 我說做點有氧做好今晚讓你掉磅 趁你幫我數 幫你拍個測速照相
Hook: Here we go here we go party  (ya~) Feeling more feeling more something (what~) Put your head in the air ,body （ha~) 喝太多 喝酒醉 送你 （走～）
Here we go here we go party  (ya~) Feeling more feeling more something (what~) Put your head in the air ,body （ha~) 擺滿桌 誰敢脫 算你（贏～）
筋砧鴣gu VERSE4 : 酒倒滿 警長發下第一張警徽 眼神都在對位   誰的發言最虧 你說你是村民 可我根本不會信 笑著陪你乾杯 心裡早把你判刑
一圈輪流發言 笑裡都藏著刀 有人悍跳預言 嘴巴比酒還燒 黑商留著禮物 賣弄著小騷包 欸誰輸了賭注 白色粉末請倒
骰子落在桌面 命運開始洗牌 狼人混進人群 沒人能夠醒來 酒精越喝越濃 腦袋掏出百寶袋 最後剩我站著 將他們全部淘汰
褲子 hook: Here we go here we go party  (ya~) Feeling more feeling more something (what~) Put your head in the air ,body （ha~) 喝太多 喝酒醉 送你 （走～）
Here we go here we go party  (ya~) Feeling more feeling more something (what~) Put your head in the air ,body （ha~) 擺滿桌 誰敢脫 算你（贏～）
留言（ 8 ） 最相關留言 所有留言
留言（ 8 ）",2026-08-08,,,False,False,
2026-08-11 01:17:42,realtime,hip_hop,,,7,Źulu,腐朽 ft.NØIR,1,36,0,https://streetvoice.com/Zulucandymonster/songs/873678/,https://streetvoice.com/Zulucandymonster/,"https://akstatic.streetvoice.com/song_covers/Zu/lu/Zulucandymonster/5emfDv8Xm7Z2LxK7CV5NwU.jpg?x-oss-process=image/resize,m_fixed,h_1,w_1,limit_0/resize,m_fixed,h_630,w_1200,limit_0/watermark,image_c29uZ19jb3ZlcnMvWnUvbHUvWnVsdWNhbmR5bW9uc3Rlci81ZW1mRHY4WG03WjJMeEs3Q1Y1TndVLmpwZz94LW9zcy1wcm9jZXNzPWltYWdlL3Jlc2l6ZSxtX2ZpeGVkLGhfMzQ0LHdfMzQ0LGxpbWl0XzA,g_nw,x_428,y_143/watermark,image_YXNzZXQvaW1hZ2VzL21ldGFpbWFnZS1zb25nLnBuZw,g_nw,x_0,y_0",images/873678.jpg,@Zulucandymonster,音樂人,,,,1,1,2,,,https://www.youtube.com/user/StreetVoiceTV,,,Hip hop / Rap,,,NØIR,"Prod.STARCRAH 
Prod.STARCRAH","I Got the talent no anymore patience Non be fashion but no more passion 你說你愛我 但我感覺不到 身心受創需要一些輔導 幹我想要逃離 打破了beef的玻璃 沒有天賦的我也沒有耐心 Move on move on  I think we should move on 我也想了好多想要讓你calm down 當你抬頭看著星空是否你還愛我 抑制找你的衝動 沒能夠和你走到最後 照片在慢慢腐朽 我真的好想你回頭 Fk u die On my mind Gave you my love whole the time 想了好多想要借酒做 但我沒有好的藉口說 b with you*n B With u Even u tears me apart 當你抬頭看著星空是否你還愛我 抑制找你的衝動 沒能夠和你走到最後 照片在慢慢腐朽 我真的好想你回頭 你送的jelly cat 現在還被我丟在房間 拍過的照相片 跟著回憶留在那年春天 你對我說的話 像一把鋒利的刀 很很刺激我的胸口 當你抬頭看著星空是否你還愛我 抑制找你的衝動 沒能夠和你走到最後 照片在慢慢腐朽 我真的好想你回頭 Give me chance Don’t break us apart 你給的回憶太深了 我無法自拔 如果能夠重來我不會再次放你離開 
I Got the talent no anymore patience Non be fashion but no more passion 你說你愛我 但我感覺不到 身心受創需要一些輔導 幹我想要逃離 打破了beef的玻璃 沒有天賦的我也沒有耐心 Move on move on  I think we should move on 我也想了好多想要讓你calm down
當你抬頭看著星空是否你還愛我 抑制找你的衝動 沒能夠和你走到最後 照片在慢慢腐朽 我真的好想你回頭
Fk u die On my mind Gave you my love whole the time 想了好多想要借酒做 但我沒有好的藉口說 b with you*n B With u Even u tears me apart
當你抬頭看著星空是否你還愛我 抑制找你的衝動 沒能夠和你走到最後 照片在慢慢腐朽 我真的好想你回頭
你送的jelly cat 現在還被我丟在房間 拍過的照相片 跟著回憶留在那年春天
你對我說的話 像一把鋒利的刀 很很刺激我的胸口 當你抬頭看著星空是否你還愛我 抑制找你的衝動 沒能夠和你走到最後 照片在慢慢腐朽 我真的好想你回頭
Give me chance Don’t break us apart 你給的回憶太深了 我無法自拔 如果能夠重來我不會再次放你離開
留言（ 0 ） 最相關留言 所有留言
留言（ 0 ）",2026-08-09,,,False,False,
2026-08-11 01:17:42,realtime,hip_hop,,,8,ほしくず_褲子,人間煉獄,1,53,3,https://streetvoice.com/twilight_heart_1s7/songs/873541/,https://streetvoice.com/twilight_heart_1s7/,"https://akstatic.streetvoice.com/song_covers/tw/il/twilight_heart_1s7/RBapStiCgBeqkErVBTP9Hk.jpg?x-oss-process=image/resize,m_fixed,h_1,w_1,limit_0/resize,m_fixed,h_630,w_1200,limit_0/watermark,image_c29uZ19jb3ZlcnMvdHcvaWwvdHdpbGlnaHRfaGVhcnRfMXM3L1JCYXBTdGlDZ0JlcWtFclZCVFA5SGsuanBnP3gtb3NzLXByb2Nlc3M9aW1hZ2UvcmVzaXplLG1fZml4ZWQsaF8zNDQsd18zNDQsbGltaXRfMA,g_nw,x_428,y_143/watermark,image_YXNzZXQvaW1hZ2VzL21ldGFpbWFnZS1zb25nLnBuZw,g_nw,x_0,y_0",images/873541.jpg,@twilight_heart_1s7,音樂人,台中市,2025-11-01,,11,29,15,,,https://www.youtube.com/user/StreetVoiceTV,,,Hip hop / Rap,,,,"神說要有人 所以造了整片煉獄。 - 人間煉獄 全製作 享受 
神說要有人 所以造了整片煉獄。 - 人間煉獄 全製作 享受","因果 輪迴 無關 錯對 因果 輪迴 無關 錯對 惡果 惡果 地獄 天國 惡果 惡果 地獄 天國 光在曝曬 擁抱你的罪過 Satan still alive 不可逆的惡果 惡果 惡果 地獄 天國 惡果 惡果 地獄 天國 I’m going to hell Let heaven bleed No one can leave There’s no mercy 殺光了天堂才掉到地獄 哪有什麼牽掛就一條爛命 I don’t give a shit about誰的苦難還在繼續 只顧著打開了地府的門 歡迎 光臨 這場 逃殺 遊戲 精心 為你 揭露著骯髒的人性 吞吐著虛偽的文明 誤判了誰的身影 他拿起刀首先被切斷的是神經 揭露著骯髒的人性 吞吐著虛偽的文明 誤判了誰的身影 染黑了誰的心靈 惡果 惡果 地獄 天國 惡果 惡果 地獄 天國 光在曝曬 擁抱你的罪過 Satan still alive 不可逆的惡果 惡果 惡果 地獄 天國 惡果 惡果 地獄 天國 I’m going to hell Let heaven bleed No one can leave There’s no mercy There’s no mercy 人間煉獄 Satan is coming 人間煉獄 No one can leave 人間煉獄 Let heaven bleed 人間煉獄 揭露著骯髒的人性 吞吐著虛偽的文明 誤判了誰的身影 他拿起刀首先被切斷的是神經 揭露著骯髒的人性 吞吐著虛偽的文明 誤判了誰的身影 染黑了誰的心靈 
因果 輪迴 無關 錯對 因果 輪迴 無關 錯對
惡果 惡果 地獄 天國 惡果 惡果 地獄 天國 光在曝曬 擁抱你的罪過 Satan still alive 不可逆的惡果 惡果 惡果 地獄 天國 惡果 惡果 地獄 天國 I’m going to hell Let heaven bleed No one can leave There’s no mercy
殺光了天堂才掉到地獄 哪有什麼牽掛就一條爛命 I don’t give a shit about誰的苦難還在繼續 只顧著打開了地府的門 歡迎 光臨 這場 逃殺 遊戲 精心 為你 揭露著骯髒的人性 吞吐著虛偽的文明 誤判了誰的身影 他拿起刀首先被切斷的是神經 揭露著骯髒的人性 吞吐著虛偽的文明 誤判了誰的身影 染黑了誰的心靈
惡果 惡果 地獄 天國 惡果 惡果 地獄 天國 光在曝曬 擁抱你的罪過 Satan still alive 不可逆的惡果 惡果 惡果 地獄 天國 惡果 惡果 地獄 天國 I’m going to hell Let heaven bleed No one can leave There’s no mercy
There’s no mercy 人間煉獄 Satan is coming 人間煉獄 No one can leave 人間煉獄 Let heaven bleed 人間煉獄
揭露著骯髒的人性 吞吐著虛偽的文明 誤判了誰的身影 他拿起刀首先被切斷的是神經 揭露著骯髒的人性 吞吐著虛偽的文明 誤判了誰的身影 染黑了誰的心靈
留言（ 3 ） 最相關留言 所有留言
留言（ 3 ）",2026-08-08,,,False,False,
2026-08-11 01:17:42,realtime,hip_hop,,,9,保溫,韋禮安娜60秒,1,13,0,https://streetvoice.com/baowen_123/songs/873560/,https://streetvoice.com/baowen_123/,"https://akstatic.streetvoice.com/song_covers/cr/im/crimson_bar_j68/jm6NB5TCnLHSzX2cY5ovnZ.jpeg?x-oss-process=image/resize,m_fixed,h_1,w_1,limit_0/resize,m_fixed,h_630,w_1200,limit_0/watermark,image_c29uZ19jb3ZlcnMvY3IvaW0vY3JpbXNvbl9iYXJfajY4L2ptNk5CNVRDbkxIU3pYMmNZNW92blouanBlZz94LW9zcy1wcm9jZXNzPWltYWdlL3Jlc2l6ZSxtX2ZpeGVkLGhfMzQ0LHdfMzQ0LGxpbWl0XzA,g_nw,x_428,y_143/watermark,image_YXNzZXQvaW1hZ2VzL21ldGFpbWFnZS1zb25nLnBuZw,g_nw,x_0,y_0",images/873560.jpeg,@baowen_123,音樂人,,,,4,14,11,,,https://www.youtube.com/user/StreetVoiceTV,Organik Festival有機音樂祭4/26連續三天晝夜不間斷！首度與亞洲各地電子音樂場景跨海合作|||https://blow.streetvoice.com/73062/?utm_source=streetvoice&utm_medium=profile-news-block; 「Legacy mini@好丘」世界地球日開幕 法蘭、淺堤開唱推廣綠色生活|||https://blow.streetvoice.com/54447/?utm_source=streetvoice&utm_medium=profile-news-block; Mary See the Future《musickness》巡演最終站將唱進台大體育館|||https://blow.streetvoice.com/47639/?utm_source=streetvoice&utm_medium=profile-news-block,,Hip hop / Rap,WE DONT KNOW,https://streetvoice.com/baowen_123/songs/album/97325866/,,"大溪哈時代2落選歌曲 
大溪哈時代2落選歌曲","這是沒有提供歌詞的歌曲
留言（ 0 ） 最相關留言 所有留言
留言（ 0 ）",2026-08-08,,,False,False,
2026-08-11 01:17:42,realtime,hip_hop,,,10,保溫,12不射,3,34,1,https://streetvoice.com/baowen_123/songs/873561/,https://streetvoice.com/baowen_123/,"https://akstatic.streetvoice.com/song_covers/cr/im/crimson_bar_j68/emyFaJGxuonZjQJRpFyxEo.jpeg?x-oss-process=image/resize,m_fixed,h_1,w_1,limit_0/resize,m_fixed,h_630,w_1200,limit_0/watermark,image_c29uZ19jb3ZlcnMvY3IvaW0vY3JpbXNvbl9iYXJfajY4L2VteUZhSkd4dW9uWmpRSlJwRnl4RW8uanBlZz94LW9zcy1wcm9jZXNzPWltYWdlL3Jlc2l6ZSxtX2ZpeGVkLGhfMzQ0LHdfMzQ0LGxpbWl0XzA,g_nw,x_428,y_143/watermark,image_YXNzZXQvaW1hZ2VzL21ldGFpbWFnZS1zb25nLnBuZw,g_nw,x_0,y_0",images/873561.jpeg,@baowen_123,音樂人,,,,4,14,11,,,https://www.youtube.com/user/StreetVoiceTV,Organik Festival有機音樂祭4/26連續三天晝夜不間斷！首度與亞洲各地電子音樂場景跨海合作|||https://blow.streetvoice.com/73062/?utm_source=streetvoice&utm_medium=profile-news-block; 「Legacy mini@好丘」世界地球日開幕 法蘭、淺堤開唱推廣綠色生活|||https://blow.streetvoice.com/54447/?utm_source=streetvoice&utm_medium=profile-news-block; Mary See the Future《musickness》巡演最終站將唱進台大體育館|||https://blow.streetvoice.com/47639/?utm_source=streetvoice&utm_medium=profile-news-block,,Hip hop / Rap,WE DONT KNOW,https://streetvoice.com/baowen_123/songs/album/97325866/,,"12年的求學經歷 不care那些看不起我的 輕視我的 
12年的求學經歷 不care那些看不起我的 輕視我的","這是沒有提供歌詞的歌曲
留言（ 1 ） 最相關留言 所有留言
留言（ 1 ）",2026-08-08,,,False,False,
2026-08-11 01:17:42,realtime,hip_hop,,,11,Źulu,OD妹remix,1,83,0,https://streetvoice.com/Zulucandymonster/songs/873075/,https://streetvoice.com/Zulucandymonster/,"https://akstatic.streetvoice.com/song_covers/Zu/lu/Zulucandymonster/YGNibpypuoZXYTKmDdYt9V.jpg?x-oss-process=image/resize,m_fixed,h_1,w_1,limit_0/resize,m_fixed,h_630,w_1200,limit_0/watermark,image_c29uZ19jb3ZlcnMvWnUvbHUvWnVsdWNhbmR5bW9uc3Rlci9ZR05pYnB5cHVvWlhZVEttRGRZdDlWLmpwZz94LW9zcy1wcm9jZXNzPWltYWdlL3Jlc2l6ZSxtX2ZpeGVkLGhfMzQ0LHdfMzQ0LGxpbWl0XzA,g_nw,x_428,y_143/watermark,image_YXNzZXQvaW1hZ2VzL21ldGFpbWFnZS1zb25nLnBuZw,g_nw,x_0,y_0",images/873075.jpg,@Zulucandymonster,音樂人,,,,1,1,2,,,https://www.youtube.com/user/StreetVoiceTV,,,Hip hop / Rap,,,,"Prod.bonnytown 
Prod.bonnytown","你抱著我掉眼淚說這世界太復雜 每當它傷你一次手腕就會長出花 花紋在一圈圈像荊棘纏繞著 可我愛你夠深那又怎能算是問題呢 她說我夠另類 怎麼喜歡 哦滴妹 其實她是膽小鬼 也需要人依偎 說再多也不會累 畢竟我是妳最愛的異類 我會給你想要的 不會壓力太大的 總是怕我為他做的太足 可她就是我的全部 答應過你了that I won’t let u lose 我不會讓你輸 藏在妳心裡的好 我希望你知道 沒有人可以奪走 保護妳不跌倒 不讓你孤單終老 不讓人奪走歡笑 讓世界充滿我們歡笑的聲音 我會讓你幸福的 就算妳是歐低妹 讓人難以信服的 也會讓人夠心碎 要怪也只能怪我還不夠 不夠不夠的完美 你抱著我掉眼淚說這世界太復雜 每當它傷你一次手腕就會長出花 花紋在一圈圈像荊棘纏繞著 我愛你更深那怎能算是問題呢 她說我夠另類 怎麼喜歡 哦滴妹 其實她是膽小鬼 也需要人依偎 說再多也不會累 畢竟我是妳最愛的異類 
你抱著我掉眼淚說這世界太復雜 每當它傷你一次手腕就會長出花 花紋在一圈圈像荊棘纏繞著 可我愛你夠深那又怎能算是問題呢 她說我夠另類 怎麼喜歡 哦滴妹 其實她是膽小鬼 也需要人依偎 說再多也不會累 畢竟我是妳最愛的異類
我會給你想要的 不會壓力太大的 總是怕我為他做的太足 可她就是我的全部 答應過你了that I won’t let u lose 我不會讓你輸
藏在妳心裡的好 我希望你知道 沒有人可以奪走 保護妳不跌倒 不讓你孤單終老 不讓人奪走歡笑 讓世界充滿我們歡笑的聲音
我會讓你幸福的 就算妳是歐低妹 讓人難以信服的 也會讓人夠心碎 要怪也只能怪我還不夠 不夠不夠的完美
你抱著我掉眼淚說這世界太復雜 每當它傷你一次手腕就會長出花 花紋在一圈圈像荊棘纏繞著 我愛你更深那怎能算是問題呢 她說我夠另類 怎麼喜歡 哦滴妹 其實她是膽小鬼 也需要人依偎 說再多也不會累 畢竟我是妳最愛的異類
留言（ 0 ） 最相關留言 所有留言
留言（ 0 ）",2026-08-06,,,False,False,
2026-08-11 01:17:42,realtime,hip_hop,,,12,保溫,大人demo,12,1329,3,https://streetvoice.com/baowen_123/songs/873010/,https://streetvoice.com/baowen_123/,"https://akstatic.streetvoice.com/song_covers/cr/im/crimson_bar_j68/Rc7CRvCM7S7FsW5NvpTF6A.jpeg?x-oss-process=image/resize,m_fixed,h_1,w_1,limit_0/resize,m_fixed,h_630,w_1200,limit_0/watermark,image_c29uZ19jb3ZlcnMvY3IvaW0vY3JpbXNvbl9iYXJfajY4L1JjN0NSdkNNN1M3RnNXNU52cFRGNkEuanBlZz94LW9zcy1wcm9jZXNzPWltYWdlL3Jlc2l6ZSxtX2ZpeGVkLGhfMzQ0LHdfMzQ0LGxpbWl0XzA,g_nw,x_428,y_143/watermark,image_YXNzZXQvaW1hZ2VzL21ldGFpbWFnZS1zb25nLnBuZw,g_nw,x_0,y_0",images/873010.jpeg,@baowen_123,音樂人,,,,4,14,11,,,https://www.youtube.com/user/StreetVoiceTV,Organik Festival有機音樂祭4/26連續三天晝夜不間斷！首度與亞洲各地電子音樂場景跨海合作|||https://blow.streetvoice.com/73062/?utm_source=streetvoice&utm_medium=profile-news-block; 「Legacy mini@好丘」世界地球日開幕 法蘭、淺堤開唱推廣綠色生活|||https://blow.streetvoice.com/54447/?utm_source=streetvoice&utm_medium=profile-news-block; Mary See the Future《musickness》巡演最終站將唱進台大體育館|||https://blow.streetvoice.com/47639/?utm_source=streetvoice&utm_medium=profile-news-block,,Hip hop / Rap,WE DONT KNOW,https://streetvoice.com/baowen_123/songs/album/97325866/,,"這首是寫給我2019年突發中風的媽媽 即便太多無奈 也可以交給時間 也算是這些年的歷程總結 期間我也從一個國小小孩變成了一個成年人 
這首是寫給我2019年突發中風的媽媽 即便太多無奈 也可以交給時間 也算是這些年的歷程總結 期間我也從一個國小小孩變成了一個成年人","動態歌詞
当我回到零八年的天气依然炙热 阳光洒在我的脸上,眼泪看得非常清楚 叮嘱着我出门的时候要看清车辆 辛苦的爸妈却没把关心放在自己身上 曾经的我不能理解为什么他们那么多话 当我放学回家,不耐烦地把书包丢在桌上 爸妈看着我的背影,我急躁地走入房间 幫我煮了晚餐,我卻沒吃擺在書桌旁邊 19年十二月的下午,我收到了一通電話 媽媽生了重病,讓我的心態產生變化 感受到的是時間快速地向我奔離 變得不是更加乖巧,而是更加珍惜 媽媽,你能看到我嗎? 你曾經種下的種子現在也開出了花 ,在這冰冷的冬天讓我來保護你吧 不用擔心,我會用我的方式孝順你啊 媽媽,你能看到我嗎? 你曾經種下的種子現在也開出了花 在這冰冷的冬天讓我來保護你吧 不用擔心,我會用我的方式孝順你啊 曾經我們都是那些做錯事的小孩 口中全是不堪入耳傷人的謊話 或许某天我会成为心中所讨厌的大人 或许某天我会被世界逼迫着长大 曾經我們都是那些做錯事的小孩 口中全是不堪入耳傷人的謊話 或许某天我会成为心中所讨厌的大人 或许某天我会被世界逼迫着长大 I don't know why,我的未来不想开起重机 我想要带着我的妈妈一起搬到市中心 碰巧听到了这个音乐,开始喜欢上了它 开始进入圈子,赚到一些流量 当个rapper。我想要当rapper们里的star 对着我害怕的人说我不敢说的那些话,当个rapper 我想要当rapper里面的star 我的梦想就是不想再让父母有牵挂 媽媽,你能看到我嗎? 你曾經種下的種子現在也開出了花 在這冰冷的冬天讓我來保護你吧 不用擔心,我會用我的方式孝順你啊 媽媽,你能看到我嗎? 你曾經種下的種子現在也開出了花 在這冰冷的冬天讓我來保護你吧 不用擔心,我會用我的方式孝順你啊 
当我回到零八年的天气依然炙热 阳光洒在我的脸上,眼泪看得非常清楚 叮嘱着我出门的时候要看清车辆 辛苦的爸妈却没把关心放在自己身上 曾经的我不能理解为什么他们那么多话 当我放学回家,不耐烦地把书包丢在桌上 爸妈看着我的背影,我急躁地走入房间 幫我煮了晚餐,我卻沒吃擺在書桌旁邊 19年十二月的下午,我收到了一通電話 媽媽生了重病,讓我的心態產生變化 感受到的是時間快速地向我奔離 變得不是更加乖巧,而是更加珍惜 媽媽,你能看到我嗎? 你曾經種下的種子現在也開出了花 ,在這冰冷的冬天讓我來保護你吧 不用擔心,我會用我的方式孝順你啊 媽媽,你能看到我嗎? 你曾經種下的種子現在也開出了花 在這冰冷的冬天讓我來保護你吧 不用擔心,我會用我的方式孝順你啊 曾經我們都是那些做錯事的小孩 口中全是不堪入耳傷人的謊話 或许某天我会成为心中所讨厌的大人 或许某天我会被世界逼迫着长大 曾經我們都是那些做錯事的小孩 口中全是不堪入耳傷人的謊話 或许某天我会成为心中所讨厌的大人 或许某天我会被世界逼迫着长大 I don't know why,我的未来不想开起重机 我想要带着我的妈妈一起搬到市中心 碰巧听到了这个音乐,开始喜欢上了它 开始进入圈子,赚到一些流量 当个rapper。我想要当rapper们里的star 对着我害怕的人说我不敢说的那些话,当个rapper 我想要当rapper里面的star 我的梦想就是不想再让父母有牵挂 媽媽,你能看到我嗎? 你曾經種下的種子現在也開出了花 在這冰冷的冬天讓我來保護你吧 不用擔心,我會用我的方式孝順你啊 媽媽,你能看到我嗎? 你曾經種下的種子現在也開出了花 在這冰冷的冬天讓我來保護你吧 不用擔心,我會用我的方式孝順你啊
留言（ 3 ） 最相關留言 所有留言
留言（ 3 ）",2026-08-05,,,False,False,
2026-08-11 01:17:42,realtime,hip_hop,,,13,Źulu,歐低妹(speed up),1,13,0,https://streetvoice.com/Zulucandymonster/songs/873800/,https://streetvoice.com/Zulucandymonster/,"https://akstatic.streetvoice.com/song_covers/Zu/lu/Zulucandymonster/GkV3MZ6pCD45souEPAkCR2.jpg?x-oss-process=image/resize,m_fixed,h_1,w_1,limit_0/resize,m_fixed,h_630,w_1200,limit_0/watermark,image_c29uZ19jb3ZlcnMvWnUvbHUvWnVsdWNhbmR5bW9uc3Rlci9Ha1YzTVo2cENENDVzb3VFUEFrQ1IyLmpwZz94LW9zcy1wcm9jZXNzPWltYWdlL3Jlc2l6ZSxtX2ZpeGVkLGhfMzQ0LHdfMzQ0LGxpbWl0XzA,g_nw,x_428,y_143/watermark,image_YXNzZXQvaW1hZ2VzL21ldGFpbWFnZS1zb25nLnBuZw,g_nw,x_0,y_0",images/873800.jpg,@Zulucandymonster,音樂人,,,,1,1,2,,,https://www.youtube.com/user/StreetVoiceTV,,,Hip hop / Rap,,,,"Prod.bonnytown 
Prod.bonnytown","你抱著我掉眼淚說這世界太復雜 每當它傷你一次手腕就會長出花 花紋在一圈圈像荊棘纏繞著 可我愛你夠深那又怎能算是問題呢 她說我夠另類 怎麼喜歡 哦滴妹 其實她是膽小鬼 也需要人依偎 說再多也不會累 畢竟我是妳最愛的異類 我會給你想要的 不會壓力太大的 總是怕我為他做的太足 可她就是我的全部 答應過你了that I won’t let u lose 我不會讓你輸 藏在妳心裡的好 我希望你知道 沒有人可以奪走 保護妳不跌倒 不讓你孤單終老 不讓人奪走歡笑 讓世界充滿我們歡笑的聲音 我會讓你幸福的 就算妳是歐低妹 讓人難以信服的 也會讓人夠心碎 要怪也只能怪我還不夠 不夠不夠的完美 你抱著我掉眼淚說這世界太復雜 每當它傷你一次手腕就會長出花 花紋在一圈圈像荊棘纏繞著 我愛你更深那怎能算是問題呢 她說我夠另類 怎麼喜歡 哦滴妹 其實她是膽小鬼 也需要人依偎 說再多也不會累 畢竟我是妳最愛的異類 
你抱著我掉眼淚說這世界太復雜 每當它傷你一次手腕就會長出花 花紋在一圈圈像荊棘纏繞著 可我愛你夠深那又怎能算是問題呢 她說我夠另類 怎麼喜歡 哦滴妹 其實她是膽小鬼 也需要人依偎 說再多也不會累 畢竟我是妳最愛的異類
我會給你想要的 不會壓力太大的 總是怕我為他做的太足 可她就是我的全部 答應過你了that I won’t let u lose 我不會讓你輸
藏在妳心裡的好 我希望你知道 沒有人可以奪走 保護妳不跌倒 不讓你孤單終老 不讓人奪走歡笑 讓世界充滿我們歡笑的聲音
我會讓你幸福的 就算妳是歐低妹 讓人難以信服的 也會讓人夠心碎 要怪也只能怪我還不夠 不夠不夠的完美
你抱著我掉眼淚說這世界太復雜 每當它傷你一次手腕就會長出花 花紋在一圈圈像荊棘纏繞著 我愛你更深那怎能算是問題呢 她說我夠另類 怎麼喜歡 哦滴妹 其實她是膽小鬼 也需要人依偎 說再多也不會累 畢竟我是妳最愛的異類
留言（ 0 ） 最相關留言 所有留言
留言（ 0 ）",2026-08-10,,,False,False,
2026-08-11 01:17:42,realtime,hip_hop,,,14,黃大謙,媽的天兵（OG Ver.）,46,2549,3,https://streetvoice.com/huangdachien/songs/871018/,https://streetvoice.com/huangdachien/,"https://akstatic.streetvoice.com/song_covers/hu/an/huangdachien/fuiBNRmfSoKEmpmaZht8HT.jpeg?x-oss-process=image/resize,m_fixed,h_1,w_1,limit_0/resize,m_fixed,h_630,w_1200,limit_0/watermark,image_c29uZ19jb3ZlcnMvaHUvYW4vaHVhbmdkYWNoaWVuL2Z1aUJOUm1mU29LRW1wbWFaaHQ4SFQuanBlZz94LW9zcy1wcm9jZXNzPWltYWdlL3Jlc2l6ZSxtX2ZpeGVkLGhfMzQ0LHdfMzQ0LGxpbWl0XzA,g_nw,x_428,y_143/watermark,image_YXNzZXQvaW1hZ2VzL21ldGFpbWFnZS1zb25nLnBuZw,g_nw,x_0,y_0",images/871018.jpeg,@huangdachien,音樂人,,,,7,5113,1,,,https://www.youtube.com/user/StreetVoiceTV,2025大港開唱再公布20組陣容！黃大謙與I Mean Us合作，獻上首次音樂祭演出|||https://blow.streetvoice.com/78923/?utm_source=streetvoice&utm_medium=profile-news-block; 黃大謙的厭世風新作《無處宣洩的鬱悶》 韓立康、rgry、吳奕宏等人操刀製作|||https://blow.streetvoice.com/77995/?utm_source=streetvoice&utm_medium=profile-news-block; Limi邀黃大謙獻出Legacy處女秀 黃：終於有人找我唱歌了！|||https://blow.streetvoice.com/59510/?utm_source=streetvoice&utm_medium=profile-news-block,,Hip hop / Rap,,,,,"立正 稍息 小心他在你隊伍裡 永遠聽不懂口令 無可救藥的中二病 最喜歡標新立異 什麼規矩 對他沒有意義 他就喜歡發表蠢問題 欸班長 我的槍不知道放到哪裡 下課後潑猴成群結隊 軍紀禮儀他學不會 舉槍三分鐘都嫌累 兵營搞得像是動物園 班長數到三 剛剛誰講話的舉手 你還真以為他會舉手？ 臉皮比鋼板還要厚 品行比床板還要破 腦洞最大的六洞勾 真想拿刺刀往你身上捅 鑒測 is a joke 裝個樣子都不會做 你問為什麼 因為他是媽的天兵 媽的天兵 腦袋打了鋼釘 出來發神經還不如躺在寢室裝病 煙蒂塞在花盆裡 自以為自己很聰明 出了社會你什麼都不行 腦袋太破你需要貼個補丁 媽的天兵 腦子傻不拎叮 出來少根筋 還不如滾回家裡待命 停止你犯蠢的小聰明 滾回你的天馬行星 報告班長他需要被隔離 他來這裡散播愚蠢的疾病 第三個禮拜 就開始裝病 裝睡的人叫不醒 班頭出列清查人數 怎麼還少個小迷糊 Where he go? I don’t know?? 可能躲在被窩 玩著床板下的iPhone 出事別想怪我 It ain’t my fault! 他在頂樓抽菸 還被班長發現 站在空地被訓誡 真是丟人現眼 行軍時蹣跚的腳步 打球前恢復神速 臉皮厚度突破大會紀錄 吃不了苦 他就是這麼荒謬 不要跟我裝熟 行進時不要跟我聊天 就你的腳在拖 害全隊又要重走一遍 真是他媽的浪費我的時間 也許是我太規矩 也許是班長太嚴厲 也許擺在對的地點他也能發揮潛力 每個人都有適合自己的環境 資收班出列 把他放到垃圾間 媽的天兵 腦袋打了鋼釘 出來發神經還不如躺在寢室裝病 煙蒂塞在花盆裡 自以為自己很聰明 出了社會你什麼都不行 腦袋太破你需要貼個補丁 媽的天兵 腦子傻不拎叮 出來少根筋 還不如滾回家裡待命 停止你犯蠢的小聰明 滾回你的天馬行星 報告班長他需要被隔離 他來這裡散播愚蠢的疾病 
立正 稍息 小心他在你隊伍裡 永遠聽不懂口令 無可救藥的中二病 最喜歡標新立異 什麼規矩 對他沒有意義 他就喜歡發表蠢問題 欸班長 我的槍不知道放到哪裡
下課後潑猴成群結隊 軍紀禮儀他學不會 舉槍三分鐘都嫌累 兵營搞得像是動物園
班長數到三 剛剛誰講話的舉手
你還真以為他會舉手？
臉皮比鋼板還要厚 品行比床板還要破 腦洞最大的六洞勾 真想拿刺刀往你身上捅
鑒測 is a joke 裝個樣子都不會做 你問為什麼 因為他是媽的天兵
媽的天兵 腦袋打了鋼釘 出來發神經還不如躺在寢室裝病 煙蒂塞在花盆裡 自以為自己很聰明 出了社會你什麼都不行 腦袋太破你需要貼個補丁
媽的天兵 腦子傻不拎叮 出來少根筋 還不如滾回家裡待命 停止你犯蠢的小聰明 滾回你的天馬行星 報告班長他需要被隔離 他來這裡散播愚蠢的疾病
第三個禮拜 就開始裝病 裝睡的人叫不醒 班頭出列清查人數 怎麼還少個小迷糊 Where he go? I don’t know?? 可能躲在被窩 玩著床板下的iPhone 出事別想怪我 It ain’t my fault!
他在頂樓抽菸 還被班長發現 站在空地被訓誡 真是丟人現眼 行軍時蹣跚的腳步 打球前恢復神速 臉皮厚度突破大會紀錄 吃不了苦 他就是這麼荒謬
不要跟我裝熟 行進時不要跟我聊天 就你的腳在拖 害全隊又要重走一遍 真是他媽的浪費我的時間
也許是我太規矩 也許是班長太嚴厲 也許擺在對的地點他也能發揮潛力 每個人都有適合自己的環境 資收班出列 把他放到垃圾間
媽的天兵 腦袋打了鋼釘 出來發神經還不如躺在寢室裝病 煙蒂塞在花盆裡 自以為自己很聰明 出了社會你什麼都不行 腦袋太破你需要貼個補丁
媽的天兵 腦子傻不拎叮 出來少根筋 還不如滾回家裡待命 停止你犯蠢的小聰明 滾回你的天馬行星 報告班長他需要被隔離 他來這裡散播愚蠢的疾病
留言（ 3 ） 最相關留言 所有留言
留言（ 3 ）",2026-07-25,,編輯推薦,True,False,
2026-08-11 01:17:42,realtime,hip_hop,,,15,huhu胡胡,且高歌休訴,12,470,3,https://streetvoice.com/huhualsichkann/songs/872776/,https://streetvoice.com/huhualsichkann/,"https://akstatic.streetvoice.com/song_covers/hu/hu/huhualsichkann/XyU9QE5tUDjdySNfoYz9VC.jpeg?x-oss-process=image/resize,m_fixed,h_1,w_1,limit_0/resize,m_fixed,h_630,w_1200,limit_0/watermark,image_c29uZ19jb3ZlcnMvaHUvaHUvaHVodWFsc2ljaGthbm4vWHlVOVFFNXRVRGpkeVNOZm9ZejlWQy5qcGVnP3gtb3NzLXByb2Nlc3M9aW1hZ2UvcmVzaXplLG1fZml4ZWQsaF8zNDQsd18zNDQsbGltaXRfMA,g_nw,x_428,y_143/watermark,image_YXNzZXQvaW1hZ2VzL21ldGFpbWFnZS1zb25nLnBuZw,g_nw,x_0,y_0",images/872776.jpeg,@huhualsichkann,音樂人,,,2025-07-14 19:10,4,154,12,,https://www.instagram.com/huhualsichkann,https://www.youtube.com/user/StreetVoiceTV,,,Hip hop / Rap,,,,"不得不和學生時代說再見了，抱著這樣的想法開始寫這首歌。 我承認自己沒那麼勇敢，還沒辦法孤注一擲去做一個不那麼“傳統”的人。不過，這也沒什麼，總要學會在狗一樣的生活上做出神仙一樣的事。 所以，祝願我們繼續保持對世界的好奇、對他人的體察，以及對內在節奏的尊重。在面對懸而未決的人生課題時，依舊保留有某種決心。 「花開花謝、都來幾許。且高歌休訴。」 —————— 詞曲 Lyricist&Composor｜huhu胡胡 製作人 Producer｜Flowstrong 編曲 Arrangement｜Flowstrong 電吉他 Electric Guitar｜高翔煜 XY Kao 貝斯 Bass｜高翔煜 XY Kao 錄音室 Recording Studio｜Cashmere  Studio 混音工程師 Mixing Engineer｜Flowstrong 母帶後期處理工程師 Mastering Engineer｜Thomas 莊鈞智 母帶後期錄音室 Mastering Studio | Sketch Studio 封面設計 Designer｜淵淵 胡胡 發行 Distribution｜生煎唱片SJ RECORDS 
不得不和學生時代說再見了，抱著這樣的想法開始寫這首歌。
我承認自己沒那麼勇敢，還沒辦法孤注一擲去做一個不那麼“傳統”的人。不過，這也沒什麼，總要學會在狗一樣的生活上做出神仙一樣的事。
所以，祝願我們繼續保持對世界的好奇、對他人的體察，以及對內在節奏的尊重。在面對懸而未決的人生課題時，依舊保留有某種決心。
「花開花謝、都來幾許。且高歌休訴。」
——————
詞曲 Lyricist&Composor｜huhu胡胡 製作人 Producer｜Flowstrong 編曲 Arrangement｜Flowstrong 電吉他 Electric Guitar｜高翔煜 XY Kao 貝斯 Bass｜高翔煜 XY Kao 錄音室 Recording Studio｜Cashmere  Studio 混音工程師 Mixing Engineer｜Flowstrong 母帶後期處理工程師 Mastering Engineer｜Thomas 莊鈞智 母帶後期錄音室 Mastering Studio | Sketch Studio 封面設計 Designer｜淵淵 胡胡 發行 Distribution｜生煎唱片SJ RECORDS","動態歌詞
叹气 像两条相交的线 定义 不会再有交点 呼吸 四季更迭流转 记忆在我们之间 缠绕 深深羁绊 I can’t say goodbye 轻易地 尽管 聚散是人生的课题 敲击着键盘 千言万语到最后只剩寥寥几笔 我看着未来 有一点徘徊 是否往前迈 分不清东南西北 何时能喝彩 要像 云一样 通达四海 同你再饮一杯酒 明天要远行 烟波万里秋 去何处觅知音 终曲来临已泪流 荆桃早飘零 放心去追求 不必总是回头 房间被打通了 可惜那里再也没有我的工位了 新的角色正在缓冲着 下次见面是否班味变得很重呢 一直焦虑着 还没开始就想退休 或是赖在被窝 床是最小的诺亚方舟 载着你的乡愁 你的梦 整个宇宙 running running running 地球不停转 自然不敢停止回复消息 funny money honey 如果都得到了 请告诉我 why are you crying 如果可以 放声高歌 不要有顾虑 如果可以 好想拥抱你 二十多岁的我自己 啦——啦——啦——啦啦啦啦啦 同你再饮一杯酒 明天要远行 烟波万里秋 去何处觅知音 终曲来临已泪流 荆桃早飘零 放心去追求 不必总是回头 
叹气 像两条相交的线 定义 不会再有交点 呼吸 四季更迭流转 记忆在我们之间 缠绕 深深羁绊 I can’t say goodbye 轻易地 尽管 聚散是人生的课题 敲击着键盘 千言万语到最后只剩寥寥几笔 我看着未来 有一点徘徊 是否往前迈 分不清东南西北 何时能喝彩 要像 云一样 通达四海 同你再饮一杯酒 明天要远行 烟波万里秋 去何处觅知音 终曲来临已泪流 荆桃早飘零 放心去追求 不必总是回头 房间被打通了 可惜那里再也没有我的工位了 新的角色正在缓冲着 下次见面是否班味变得很重呢 一直焦虑着 还没开始就想退休 或是赖在被窝 床是最小的诺亚方舟 载着你的乡愁 你的梦 整个宇宙 running running running 地球不停转 自然不敢停止回复消息 funny money honey 如果都得到了 请告诉我 why are you crying 如果可以 放声高歌 不要有顾虑 如果可以 好想拥抱你 二十多岁的我自己
啦——啦——啦——啦啦啦啦啦
同你再饮一杯酒 明天要远行 烟波万里秋 去何处觅知音 终曲来临已泪流 荆桃早飘零 放心去追求 不必总是回头
留言（ 3 ） 最相關留言 所有留言
留言（ 3 ）",2026-08-04,,編輯推薦,True,False,
2026-08-11 01:17:42,realtime,hip_hop,,,16,N!ceT!M,點石成金 (ft.雙子GMN),4,62,0,https://streetvoice.com/NICETIM/songs/873396/,https://streetvoice.com/NICETIM/,"https://akstatic.streetvoice.com/song_covers/NI/CE/NICETIM/YCuEURQTZQo3kQqKGbbXTL.jpeg?x-oss-process=image/resize,m_fixed,h_1,w_1,limit_0/resize,m_fixed,h_630,w_1200,limit_0/watermark,image_c29uZ19jb3ZlcnMvTkkvQ0UvTklDRVRJTS9ZQ3VFVVJRVFpRbzNrUXFLR2JiWFRMLmpwZWc_eC1vc3MtcHJvY2Vzcz1pbWFnZS9yZXNpemUsbV9maXhlZCxoXzM0NCx3XzM0NCxsaW1pdF8w,g_nw,x_428,y_143/watermark,image_YXNzZXQvaW1hZ2VzL21ldGFpbWFnZS1zb25nLnBuZw,g_nw,x_0,y_0",images/873396.jpeg,@NICETIM,音樂人,,,2022-02-24 18:05,12,177,7,,https://www.instagram.com/timgamestory,https://www.youtube.com/channel/UCGTVXYyeBAfNkAV0jhS1-5Q/featured,,,Hip hop / Rap,都市風雲兒,https://streetvoice.com/NICETIM/songs/album/97325857/,,,"掏 心 掏 肺 來成為我的backing 在這麼大的city 甘 願做我的背景 哦讓我變得清醒 拿得起也放的輕 感染妳的激情 我要點石變成金 掏 心 掏 肺 來成為我的backing 在這麼大的city 甘 願做我的背景 哦讓我變得清醒 拿得起也放的輕 感染妳的激情 我要點石變成金 封閉的心 受到妳的鼓舞 像阿基里斯 但 我拒絕再屠戮 挑一張白紙 塗上Lover sign 攪進來 不過normal life (雙子GMN) 當星辰黯淡後 能看見妳閃爍的眼眸 情緒 就像泛舟 不小心我就會臉紅 妳像 寒冬的火把 遇見妳後我把 心倒出 成我憂鬱的清道夫 幸福臉多傻 這片寂靜的海洋我來過 將勇氣也埋沒 但有妳後我來拓 世界的攻略我來破 妳說妳多疑心也玻璃我會帶妳脫離 擔心是多餘 未來不boring條件心是 for me 將時間give me 情慾就歇斯底里 怎麼發展皆是以妳 拜託理智hit me hit me ya I'm a Fool 就掉入 妳的心裡咬住 我不想走 我不想走 想在妳生命跳舞 掏 心 掏 肺 來成為我的backing 在這麼大的city 甘 願做我的背景 哦讓我變得清醒 拿得起也放的輕 感染妳的激情 我要點石變成金 封閉的心 受到妳的鼓舞 像阿基里斯 但 我拒絕再屠戮 挑一張白紙 塗上Lover sign 攪進來 不過normal life 沒見妳不過three days 我心裡像是空了位 遇見妳時感情有空窗其他男孩瞎了眼 愛紀錄妳笑顏 photo湊成一本magazine 我一直很努力 但不知道do anything for who Now I can do anything for you 主動報備從來不會含糊 妳是強盜我會break my rules shawty ,you always make me lose my cool 每當見妳我的心跳飛離地平線 妳總能抓住金探子像騎光輪有千里眼 最期待跟妳逛街把妳整個人推進試衣間 我最父權的思維就是每天都想過付清節 掏 心 掏 肺 來成為我的backing 在這麼大的city 甘願做我的背景 哦讓我變得清醒 拿得起也放的輕 感染妳的激情 我要點石變成金 封閉的心 受到妳的鼓舞 像阿基里斯 但 我拒絕再屠戮 挑一張白紙 塗上Lover sign 攪進來 不過normal life 
掏 心 掏 肺 來成為我的backing 在這麼大的city 甘 願做我的背景 哦讓我變得清醒 拿得起也放的輕 感染妳的激情 我要點石變成金
掏 心 掏 肺 來成為我的backing 在這麼大的city 甘 願做我的背景 哦讓我變得清醒 拿得起也放的輕 感染妳的激情 我要點石變成金 封閉的心 受到妳的鼓舞 像阿基里斯 但 我拒絕再屠戮 挑一張白紙 塗上Lover sign 攪進來 不過normal life
(雙子GMN) 當星辰黯淡後 能看見妳閃爍的眼眸 情緒 就像泛舟 不小心我就會臉紅 妳像 寒冬的火把 遇見妳後我把 心倒出 成我憂鬱的清道夫 幸福臉多傻 這片寂靜的海洋我來過 將勇氣也埋沒 但有妳後我來拓 世界的攻略我來破 妳說妳多疑心也玻璃我會帶妳脫離 擔心是多餘 未來不boring條件心是 for me 將時間give me 情慾就歇斯底里 怎麼發展皆是以妳 拜託理智hit me hit me ya I'm a Fool 就掉入 妳的心裡咬住 我不想走 我不想走 想在妳生命跳舞
掏 心 掏 肺 來成為我的backing 在這麼大的city 甘 願做我的背景 哦讓我變得清醒 拿得起也放的輕 感染妳的激情 我要點石變成金 封閉的心 受到妳的鼓舞 像阿基里斯 但 我拒絕再屠戮 挑一張白紙 塗上Lover sign 攪進來 不過normal life
沒見妳不過three days 我心裡像是空了位 遇見妳時感情有空窗其他男孩瞎了眼 愛紀錄妳笑顏 photo湊成一本magazine 我一直很努力 但不知道do anything for who Now I can do anything for you 主動報備從來不會含糊 妳是強盜我會break my rules shawty ,you always make me lose my cool 每當見妳我的心跳飛離地平線 妳總能抓住金探子像騎光輪有千里眼 最期待跟妳逛街把妳整個人推進試衣間 我最父權的思維就是每天都想過付清節
掏 心 掏 肺 來成為我的backing 在這麼大的city 甘願做我的背景 哦讓我變得清醒 拿得起也放的輕 感染妳的激情 我要點石變成金 封閉的心 受到妳的鼓舞 像阿基里斯 但 我拒絕再屠戮 挑一張白紙 塗上Lover sign 攪進來 不過normal life
留言（ 0 ） 最相關留言 所有留言
留言（ 0 ）",2026-08-07,,,False,False,
2026-08-11 01:17:42,realtime,hip_hop,,,17,陳洪奎 harry Chen,因為愛你,3,65,0,https://streetvoice.com/Could_OoO/songs/873622/,https://streetvoice.com/Could_OoO/,"https://akstatic.streetvoice.com/song_covers/Co/ul/Could_OoO/icNttTybpjDLYFWHiUExm5.jpg?x-oss-process=image/resize,m_fixed,h_1,w_1,limit_0/resize,m_fixed,h_630,w_1200,limit_0/watermark,image_c29uZ19jb3ZlcnMvQ28vdWwvQ291bGRfT29PL2ljTnR0VHlicGpETFlGV0hpVUV4bTUuanBnP3gtb3NzLXByb2Nlc3M9aW1hZ2UvcmVzaXplLG1fZml4ZWQsaF8zNDQsd18zNDQsbGltaXRfMA,g_nw,x_428,y_143/watermark,image_YXNzZXQvaW1hZ2VzL21ldGFpbWFnZS1zb25nLnBuZw,g_nw,x_0,y_0",images/873622.jpg,@Could_OoO,音樂人,,,,5,6,3,,,https://www.youtube.com/user/StreetVoiceTV,,,Hip hop / Rap,,,,,"和你互相對視算不算種同時 享受那種跟你看夕陽的鬆弛 不過愛是一種很奇怪的東西 你肯定也想和我一起回到那年 一起逛合作社 一起手拉著手 躲避眼光照射 那種說走就走 的感覺就像動漫裡的劇情 雖然科幻但是卻在我的眼前復刻 我們愛著對方 以前從來不說晚安 現在愛著對方 只要起床就說早安 天空有點暗 互相親吻對方但是有點不敢 所以速度不會太慢 還懷念那種走在路都會互相講幹 不是一種感覺希望能讓你媽知道 跟你去到約會聖地甚至不用浪漫 躺在沙灘一起合照 肩膀給你靠 因為愛你 所以我認真對待 希望能滿足你對愛情的一切期待 因為愛你 我一定隨時都在 你只要直接call me 也可以打我的line 因為愛你 我隱瞞我的心情 在外面不要穿bikini因為很容易曬 因為愛你喔沒什麼我因為愛你 不要隨便說掰 因為愛你直到你的出現 像打開遊戲主線 我的生活傾斜 當下就想所有預言都瞬間靈驗 不要顧慮我微不足道的尊嚴 如果那個時候我沒有離開妳 是否爬山看海都可以帶著妳 想喝的飲料跟一樣與你同在 就連追的明星都叫做王以太 想和你一起看五六七月的晚霞 在海邊就算只剩下紅暖陽 在我膽怯的時候只有你陪伴我 聽妳講妳的故事感動像心竄火 我們開車從台中就直接走 路上風平浪靜除了你親吻我 衝動像是魔鬼我有自制力 在民宿床上你卻直接全身裸 巴巴拉巴～ 如果可以 我想演一齣戲 演給以前 小大人的我聽 我們總是 這麼相信愛情 不過愛你要持續永遠才行 我不要求失戀的人感同身受 但是這首歌希望能幫到你 我們都是為愛在奔跑 just go 永遠記得有人曾經愛你 寶貝 聽我說 你以後自己注意 不要再遇到像我一樣都不珍惜 寶貝 聽我說 你以後一定小心 不要在遇到那種懦弱不能保護你 因為愛你 所以我認真對待 希望能滿足你對愛情的一切期待 因為愛你 我一定隨時都在 你只要直接call me 也可以打我的line 因為愛你 我隱瞞我的心情 在外面不要穿bikini因為很容易曬 因為愛你喔沒什麼我因為愛你 不要隨便說掰 因為愛你 所以我認真對待 希望能滿足你對愛情的一切期待 因為愛你 我一定隨時都在 你只要直接call me 也可以打我的line 因為愛你 我隱瞞我的心情 在外面不要穿bikini因為很容易曬 因為愛你喔沒什麼我因為愛你 不要隨便說掰 因為愛你… 
和你互相對視算不算種同時 享受那種跟你看夕陽的鬆弛 不過愛是一種很奇怪的東西 你肯定也想和我一起回到那年 一起逛合作社 一起手拉著手 躲避眼光照射 那種說走就走 的感覺就像動漫裡的劇情 雖然科幻但是卻在我的眼前復刻
我們愛著對方 以前從來不說晚安 現在愛著對方 只要起床就說早安 天空有點暗 互相親吻對方但是有點不敢 所以速度不會太慢 還懷念那種走在路都會互相講幹 不是一種感覺希望能讓你媽知道 跟你去到約會聖地甚至不用浪漫 躺在沙灘一起合照 肩膀給你靠
因為愛你 所以我認真對待 希望能滿足你對愛情的一切期待 因為愛你 我一定隨時都在 你只要直接call me 也可以打我的line 因為愛你 我隱瞞我的心情 在外面不要穿bikini因為很容易曬 因為愛你喔沒什麼我因為愛你 不要隨便說掰
因為愛你直到你的出現 像打開遊戲主線 我的生活傾斜 當下就想所有預言都瞬間靈驗 不要顧慮我微不足道的尊嚴 如果那個時候我沒有離開妳 是否爬山看海都可以帶著妳 想喝的飲料跟一樣與你同在 就連追的明星都叫做王以太
想和你一起看五六七月的晚霞 在海邊就算只剩下紅暖陽 在我膽怯的時候只有你陪伴我 聽妳講妳的故事感動像心竄火 我們開車從台中就直接走 路上風平浪靜除了你親吻我 衝動像是魔鬼我有自制力 在民宿床上你卻直接全身裸
巴巴拉巴～
如果可以 我想演一齣戲 演給以前 小大人的我聽 我們總是 這麼相信愛情 不過愛你要持續永遠才行 我不要求失戀的人感同身受 但是這首歌希望能幫到你 我們都是為愛在奔跑 just go 永遠記得有人曾經愛你
寶貝 聽我說 你以後自己注意 不要再遇到像我一樣都不珍惜 寶貝 聽我說 你以後一定小心 不要在遇到那種懦弱不能保護你
因為愛你 所以我認真對待 希望能滿足你對愛情的一切期待 因為愛你 我一定隨時都在 你只要直接call me 也可以打我的line 因為愛你 我隱瞞我的心情 在外面不要穿bikini因為很容易曬 因為愛你喔沒什麼我因為愛你 不要隨便說掰 因為愛你 所以我認真對待 希望能滿足你對愛情的一切期待 因為愛你 我一定隨時都在 你只要直接call me 也可以打我的line 因為愛你 我隱瞞我的心情 在外面不要穿bikini因為很容易曬 因為愛你喔沒什麼我因為愛你 不要隨便說掰
因為愛你…
留言（ 0 ） 最相關留言 所有留言
留言（ 0 ）",2026-08-09,,,False,False,
2026-08-11 01:17:42,realtime,hip_hop,,,18,Xin.H,sin (prod.cabernett),18,2903,3,https://streetvoice.com/a36345501/songs/872663/,https://streetvoice.com/a36345501/,"https://akstatic.streetvoice.com/profile_images/a3/63/a36345501/TSwSriomNYyGLKsZQ2Mx4y.jpg?x-oss-process=image/resize,m_fixed,h_1,w_1,limit_0/resize,m_fixed,h_630,w_1200,limit_0/watermark,image_cHJvZmlsZV9pbWFnZXMvYTMvNjMvYTM2MzQ1NTAxL1RTd1NyaW9tTll5R0xLc1pRMk14NHkuanBnP3gtb3NzLXByb2Nlc3M9aW1hZ2UvcmVzaXplLG1fZml4ZWQsaF8zNDQsd18zNDQsbGltaXRfMA,g_nw,x_428,y_143/watermark,image_YXNzZXQvaW1hZ2VzL21ldGFpbWFnZS1zb25nLnBuZw,g_nw,x_0,y_0",images/872663.jpg,@a36345501,音樂人,,,,2,6,2,,,https://www.youtube.com/user/StreetVoiceTV,,,Hip hop / Rap,,,,"編曲: cabernett 詞曲: Xin.H 錄音: Xin.H 混音: Xin.H 母帶: Xin.H 
編曲: cabernett 詞曲: Xin.H 錄音: Xin.H 混音: Xin.H 母帶: Xin.H","動態歌詞
I be gonna crush now I wanna die 卻聽見你的聲音求我別離開 可是你明明已經不再愛 你要我怎麼辦 I be gonna crush now I wanna die 聽不見你的聲音我哭了一整晚 血藍色的薔薇纏繞在左手腕 我心碎了一灘 還記得你的 brown hair 土星的耳釘 I know 你說你受夠 ‘’拜託請你 leave me alone‘’ 複雜的情緒不停躁動 妳精心編織的謊言我無法接受 妳說可以也不想走 但我們總不能餓著肚子過活 妳說這不是妳想要過的生活 你放不下我 Ok 我先走 以為I can decided 我失去一切卻換來妳的不理睬 Yeah you were my 現在全部已不在 Yeah you were my 現在全部已不再 Now you become my past time 拜託請你別再回來 我不想再掉入同個循環 腦海還盤旋你的聲音 流逝的那些時光他正在把我點醒 隔著一片海的我找不到你 有些話我還沒說給你聽 I be gonna crush now I wanna die 卻聽見你的聲音求我別離開 可是你明明已經不再愛 你要我怎麼辦 I be gonna crush now I wanna die 聽不見你的聲音我哭了一整晚 血藍色的薔薇纏繞在左手腕 我心碎了一灘 如果一切都是夢魘 也就兩年而已 我看見你的身影 我沒有辦法前進 I wanna set my sin please just set my sint 
I be gonna crush now I wanna die 卻聽見你的聲音求我別離開 可是你明明已經不再愛 你要我怎麼辦
I be gonna crush now I wanna die 聽不見你的聲音我哭了一整晚 血藍色的薔薇纏繞在左手腕 我心碎了一灘
還記得你的 brown hair 土星的耳釘 I know 你說你受夠 ‘’拜託請你 leave me alone‘’
複雜的情緒不停躁動 妳精心編織的謊言我無法接受
妳說可以也不想走 但我們總不能餓著肚子過活 妳說這不是妳想要過的生活 你放不下我 Ok 我先走
以為I can decided 我失去一切卻換來妳的不理睬 Yeah you were my 現在全部已不在 Yeah you were my 現在全部已不再
Now you become my past time 拜託請你別再回來 我不想再掉入同個循環
腦海還盤旋你的聲音 流逝的那些時光他正在把我點醒 隔著一片海的我找不到你 有些話我還沒說給你聽
I be gonna crush now I wanna die 卻聽見你的聲音求我別離開 可是你明明已經不再愛 你要我怎麼辦
I be gonna crush now I wanna die 聽不見你的聲音我哭了一整晚 血藍色的薔薇纏繞在左手腕 我心碎了一灘
如果一切都是夢魘 也就兩年而已 我看見你的身影 我沒有辦法前進 I wanna set my sin please just set my sint
留言（ 3 ） 最相關留言 所有留言
留言（ 3 ）",2026-08-03,,,False,False,
2026-08-11 01:17:42,realtime,hip_hop,,,19,emost,Araña.demo,1,55,0,https://streetvoice.com/emostcommasloth/songs/873619/,https://streetvoice.com/emostcommasloth/,"https://akstatic.streetvoice.com/song_covers/em/os/emostcommasloth/4fxmpKJt5TSFdZwjhywD5H.jpg?x-oss-process=image/resize,m_fixed,h_1,w_1,limit_0/resize,m_fixed,h_630,w_1200,limit_0/watermark,image_c29uZ19jb3ZlcnMvZW0vb3MvZW1vc3Rjb21tYXNsb3RoLzRmeG1wS0p0NVRTRmRad2poeXdENUguanBnP3gtb3NzLXByb2Nlc3M9aW1hZ2UvcmVzaXplLG1fZml4ZWQsaF8zNDQsd18zNDQsbGltaXRfMA,g_nw,x_428,y_143/watermark,image_YXNzZXQvaW1hZ2VzL21ldGFpbWFnZS1zb25nLnBuZw,g_nw,x_0,y_0",images/873619.jpg,@emostcommasloth,音樂人,彰化縣,2022-08-01,,8,4,5,,,https://www.youtube.com/user/StreetVoiceTV,,,Hip hop / Rap,,,,"Instrumental from CZARFACE - Forever People Lyricist: emost(me) 突然走路走一走對spider sense tingling這句很有感覺就不斷延伸下去，寫一寫發現還挺有意思哈哈哈哈可以看作是spider man的小插曲小故事，也有往當前政壇局勢的寓意去寫，至於誰是spider man, hobgoblins, JJ Jameson等等就自己想了，寫到don’t call me webhead, my fanbase那邊還覺得挺有他冷笑話的味道 超爽der! 同樣地想當粗枝濫造，但這份demo有讓我深深找回當初剛開始做音樂的快樂，各種拼貼音檔&SFX，讚！也感恩CZARFACE做出那麼多滿滿漫畫感的東西讓我一想到可以玩看看的時候就有對象可以取經 興致小品 不拘小節 HAVE FUN! 
Instrumental from CZARFACE - Forever People Lyricist: emost(me)
突然走路走一走對spider sense tingling這句很有感覺就不斷延伸下去，寫一寫發現還挺有意思哈哈哈哈可以看作是spider man的小插曲小故事，也有往當前政壇局勢的寓意去寫，至於誰是spider man, hobgoblins, JJ Jameson等等就自己想了，寫到don’t call me webhead, my fanbase那邊還覺得挺有他冷笑話的味道 超爽der!
同樣地想當粗枝濫造，但這份demo有讓我深深找回當初剛開始做音樂的快樂，各種拼貼音檔&SFX，讚！也感恩CZARFACE做出那麼多滿滿漫畫感的東西讓我一想到可以玩看看的時候就有對象可以取經
興致小品 不拘小節 HAVE FUN!","動態歌詞
My spider sense tingling, there are tons of hobgoblins Terrorizing, paralyzing the guys wanna rebel in The turf where the event occurred Dangerous daggers cut down the alerts So! I swing to there my way like Inspectah deck Shoo shoo Webbing on yo head Don’t call me webhead, my fanbase Hope this time JJ won’t shit on me yurrr 
My spider sense tingling, there are tons of hobgoblins Terrorizing, paralyzing the guys wanna rebel in The turf where the event occurred Dangerous daggers cut down the alerts So! I swing to there my way like Inspectah deck Shoo shoo Webbing on yo head Don’t call me webhead, my fanbase Hope this time JJ won’t shit on me yurrr
留言（ 0 ） 最相關留言 所有留言
留言（ 0 ）",2026-08-09,,,False,False,
2026-08-11 01:17:42,realtime,hip_hop,,,20,漢堡雞,Path,3,542,2,https://streetvoice.com/HamboG/songs/873319/,https://streetvoice.com/HamboG/,"https://akstatic.streetvoice.com/song_covers/Ha/mb/HamboG/DtqxwKkGSidLm6x3DKqiBQ.jpeg?x-oss-process=image/resize,m_fixed,h_1,w_1,limit_0/resize,m_fixed,h_630,w_1200,limit_0/watermark,image_c29uZ19jb3ZlcnMvSGEvbWIvSGFtYm9HL0R0cXh3S2tHU2lkTG02eDNES3FpQlEuanBlZz94LW9zcy1wcm9jZXNzPWltYWdlL3Jlc2l6ZSxtX2ZpeGVkLGhfMzQ0LHdfMzQ0LGxpbWl0XzA,g_nw,x_428,y_143/watermark,image_YXNzZXQvaW1hZ2VzL21ldGFpbWFnZS1zb25nLnBuZw,g_nw,x_0,y_0",images/873319.jpeg,@HamboG,音樂人,,,,13,10,3,,,https://www.youtube.com/user/StreetVoiceTV,,,Hip hop / Rap,,,,"編曲：漢堡雞 詞曲：漢堡雞 演唱：漢堡雞 混音：漢堡雞 
編曲：漢堡雞 詞曲：漢堡雞 演唱：漢堡雞 混音：漢堡雞","It’s hard to tell the truth 我想是為了自我保護 Hope  I was getting better But it wasn't true 心有許多傷 情緒很重 Trying not to drown Trying not to choke 我試著想清楚 用各種角度 Wonder if I'll ever 殺出一條路 已經持續太久 一直put my head down 已經不想再去 相信任何徵兆 Everybody says it'll fade with time 但這pattern 已深印 我腦袋 I got trust issues, I admit it Cause people don’t really care what they’re spitting 是我自己想太多 I get it Still feeling lonely when I'm sitting with my friends 也許我怕改變 也或許害怕 I'll stay the same Maybe the pain became a place That I got way too used to It’s hard to tell the truth 我想是為了自我保護 Hope  I was getting better But it wasn't true 心有許多傷 情緒很重 Trying not to drown Trying not to choke 我試著想清楚 用各種角度 Wonder if I'll ever 殺出一條路 時光它不能重來 怎樣不在意成敗 Looking for peace inside But all these memories 一直都在 還在學習 how to let go 誰也不知誰會先走 我試著晚點到盡頭 試著放下往前走 或許失去也有意義 每個傷口都是教訓 Maybe one day I'll believe it Right now I'm still healing It’s hard to tell the truth 我想是為了自我保護 Thought I was getting better Guess that wasn't true 心有許多傷 肺有很多洞 Trying not to drown Trying not to choke 我試著想清楚 用各種角度 也許有天終於 Find my way through 
It’s hard to tell the truth 我想是為了自我保護 Hope  I was getting better But it wasn't true 心有許多傷 情緒很重 Trying not to drown Trying not to choke 我試著想清楚 用各種角度 Wonder if I'll ever 殺出一條路
已經持續太久 一直put my head down 已經不想再去 相信任何徵兆 Everybody says it'll fade with time 但這pattern 已深印 我腦袋 I got trust issues, I admit it Cause people don’t really care what they’re spitting 是我自己想太多 I get it Still feeling lonely when I'm sitting with my friends 也許我怕改變 也或許害怕 I'll stay the same Maybe the pain became a place That I got way too used to
It’s hard to tell the truth 我想是為了自我保護 Hope  I was getting better But it wasn't true 心有許多傷 情緒很重 Trying not to drown Trying not to choke 我試著想清楚 用各種角度 Wonder if I'll ever 殺出一條路
時光它不能重來 怎樣不在意成敗 Looking for peace inside But all these memories 一直都在 還在學習 how to let go 誰也不知誰會先走 我試著晚點到盡頭 試著放下往前走 或許失去也有意義 每個傷口都是教訓 Maybe one day I'll believe it Right now I'm still healing
It’s hard to tell the truth 我想是為了自我保護 Thought I was getting better Guess that wasn't true 心有許多傷 肺有很多洞 Trying not to drown Trying not to choke 我試著想清楚 用各種角度 也許有天終於 Find my way through
留言（ 2 ） 最相關留言 所有留言
留言（ 2 ）",2026-08-07,,AI 協作 Hip hop / Rap,False,False,
2026-08-11 01:17:42,realtime,hip_hop,,,21,W1lliam,時光旅人,1,3,0,https://streetvoice.com/weiwei30303/songs/873780/,https://streetvoice.com/weiwei30303/,"https://akstatic.streetvoice.com/song_covers/we/iw/weiwei30303/HFYjUggLrqREjdfZXukbot.jpeg?x-oss-process=image/resize,m_fixed,h_1,w_1,limit_0/resize,m_fixed,h_630,w_1200,limit_0/watermark,image_c29uZ19jb3ZlcnMvd2UvaXcvd2Vpd2VpMzAzMDMvSEZZalVnZ0xycVJFamRmWlh1a2JvdC5qcGVnP3gtb3NzLXByb2Nlc3M9aW1hZ2UvcmVzaXplLG1fZml4ZWQsaF8zNDQsd18zNDQsbGltaXRfMA,g_nw,x_428,y_143/watermark,image_YXNzZXQvaW1hZ2VzL21ldGFpbWFnZS1zb25nLnBuZw,g_nw,x_0,y_0",images/873780.jpeg,@weiwei30303,音樂人,,,,2,2,9,,,https://www.youtube.com/user/StreetVoiceTV,,,Hip hop / Rap,一二,https://streetvoice.com/weiwei30303/songs/album/97325871/,,"誰不想回去 最有幹勁最開心的時候呢 
誰不想回去 最有幹勁最開心的時候呢","hook/ I wanna be a time traveler 告訴過去的自己其實你猜錯了 可能有太多的事情無法怠惰了 最愛的事情也可能無法再做了 I wanna be a time traveler 穿梭到各種時間讓我無法再做著 那些春宵 讓我不想醒的夢 如果真的可以的話 那我想就真的拜託了 verse/ 左腳右腳踏在城市 階級的層次讓人從人變人質 被鈔票堆著 影響了神智 上流社會做的 卻都不是人事 口中說著什麼願景 手卻拿著鈔票 有一天是否為了利益 把我們都燒掉 也曾經看到有人在我眼前吃掉Drug pill 不在乎現實 在乎面子 在乎哪顆高效 hook/ I wanna be a time traveler 告訴過去的自己其實你猜錯了 可能有太多的事情無法怠惰了 最愛的事情也可能無法再做了 I wanna be a time traveler 穿梭到各種時間讓我無法再做著 那些春宵 讓我不想醒的夢 如果真的可以的話 那我想就真的拜託了 verse/ 穿越時空也許是個解答 但無法倒退的話 那也得且走且拿 在充滿稻穗荒野裡面急著撿啥？ 我就像保全在這裡面一個一個檢查 Yeah I wanna be a time traveler 但太多的事情並不是我能夠control的 對抗或者被旁落的在現實裡被傷過的 在勸自己別像過著那些電視裡講過的 hook/ I wanna be a time traveler 告訴過去的自己其實你猜錯了 可能有太多的事情無法怠惰了 最愛的事情也可能無法再做了 I wanna be a time traveler 穿梭到各種時間讓我無法再做著 那些春宵 讓我不想醒的夢 如果真的可以的話 那我想就真的拜託了 
hook/
I wanna be a time traveler 告訴過去的自己其實你猜錯了 可能有太多的事情無法怠惰了 最愛的事情也可能無法再做了 I wanna be a time traveler 穿梭到各種時間讓我無法再做著 那些春宵 讓我不想醒的夢 如果真的可以的話 那我想就真的拜託了
verse/
左腳右腳踏在城市 階級的層次讓人從人變人質 被鈔票堆著 影響了神智 上流社會做的 卻都不是人事 口中說著什麼願景 手卻拿著鈔票 有一天是否為了利益 把我們都燒掉 也曾經看到有人在我眼前吃掉Drug pill 不在乎現實 在乎面子 在乎哪顆高效
hook/
I wanna be a time traveler 告訴過去的自己其實你猜錯了 可能有太多的事情無法怠惰了 最愛的事情也可能無法再做了 I wanna be a time traveler 穿梭到各種時間讓我無法再做著 那些春宵 讓我不想醒的夢 如果真的可以的話 那我想就真的拜託了
verse/
穿越時空也許是個解答 但無法倒退的話 那也得且走且拿 在充滿稻穗荒野裡面急著撿啥？ 我就像保全在這裡面一個一個檢查 Yeah I wanna be a time traveler 但太多的事情並不是我能夠control的 對抗或者被旁落的在現實裡被傷過的 在勸自己別像過著那些電視裡講過的
hook/
I wanna be a time traveler 告訴過去的自己其實你猜錯了 可能有太多的事情無法怠惰了 最愛的事情也可能無法再做了 I wanna be a time traveler 穿梭到各種時間讓我無法再做著 那些春宵 讓我不想醒的夢 如果真的可以的話 那我想就真的拜託了
留言（ 0 ） 最相關留言 所有留言
留言（ 0 ）",2026-08-10,,,False,False,
2026-08-11 01:17:42,realtime,hip_hop,,,22,CELL,鐵籠,8,272,5,https://streetvoice.com/shiny_disk_hit/songs/872477/,https://streetvoice.com/shiny_disk_hit/,"https://akstatic.streetvoice.com/song_covers/sh/in/shiny_disk_hit/7boCmgdzdr8YpoMWg42H48.jpg?x-oss-process=image/resize,m_fixed,h_1,w_1,limit_0/resize,m_fixed,h_630,w_1200,limit_0/watermark,image_c29uZ19jb3ZlcnMvc2gvaW4vc2hpbnlfZGlza19oaXQvN2JvQ21nZHpkcjhZcG9NV2c0Mkg0OC5qcGc_eC1vc3MtcHJvY2Vzcz1pbWFnZS9yZXNpemUsbV9maXhlZCxoXzM0NCx3XzM0NCxsaW1pdF8w,g_nw,x_428,y_143/watermark,image_YXNzZXQvaW1hZ2VzL21ldGFpbWFnZS1zb25nLnBuZw,g_nw,x_0,y_0",images/872477.jpg,@shiny_disk_hit,音樂人,花蓮縣,2022-08-01,,1,12,2,,,https://www.youtube.com/user/StreetVoiceTV,辦一趟可能取消的巡迴？deca joins、無妄合作社公布「Cancelled巡迴取消」T-Shirt販售計畫|||https://blow.streetvoice.com/49414/?utm_source=streetvoice&utm_medium=profile-news-block; 日本音樂兄弟檔KICELL開唱 攜手洪申豪站台|||https://blow.streetvoice.com/5074/?utm_source=streetvoice&utm_medium=profile-news-block; 第18屆Freshmusic Awards得獎名單揭曉 陶晶瑩首次參與評審|||https://blow.streetvoice.com/81270/?utm_source=streetvoice&utm_medium=profile-news-block,,Hip hop / Rap,,,,"在每個需要被拯救的夜晚 這是Demo 但我覺得先發出來好了開心比較重要 
在每個需要被拯救的夜晚 這是Demo 但我覺得先發出來好了開心比較重要","我找不到理由 沒時間能讓我 去思考這洶湧 我承認我平庸 還是他們不懂 可我沒時間回頭 丟下 恐懼 在曙光出現之前 自卑 焦慮 總出現在我視線 我期盼著 誰來拯救我脫離這裡 一切 終將 都消逝在我眼前 無法 投降 這壓力無處發洩 我期待的 是那生鏽的鐵能撫平 別想的太多再過去之前 我的眼淚對他來說不值錢 要好好愛自己他說這是歷練 可是他還不太明白我眼淚 我掙脫了那道枷鎖 
我找不到理由 沒時間能讓我 去思考這洶湧 我承認我平庸 還是他們不懂 可我沒時間回頭 丟下 恐懼 在曙光出現之前 自卑 焦慮 總出現在我視線 我期盼著 誰來拯救我脫離這裡 一切 終將 都消逝在我眼前 無法 投降 這壓力無處發洩 我期待的 是那生鏽的鐵能撫平 別想的太多再過去之前 我的眼淚對他來說不值錢 要好好愛自己他說這是歷練 可是他還不太明白我眼淚 我掙脫了那道枷鎖
留言（ 5 ） 最相關留言 所有留言
留言（ 5 ）",2026-08-02,,編輯推薦,True,False,
2026-08-11 01:17:42,realtime,hip_hop,,,23,Źulu,成長痛（speed up),1,1,0,https://streetvoice.com/Zulucandymonster/songs/873872/,https://streetvoice.com/Zulucandymonster/,"https://akstatic.streetvoice.com/song_covers/Zu/lu/Zulucandymonster/CMhrj9QLAvT3n3v3CQBVVb.jpg?x-oss-process=image/resize,m_fixed,h_1,w_1,limit_0/resize,m_fixed,h_630,w_1200,limit_0/watermark,image_c29uZ19jb3ZlcnMvWnUvbHUvWnVsdWNhbmR5bW9uc3Rlci9DTWhyajlRTEF2VDNuM3YzQ1FCVlZiLmpwZz94LW9zcy1wcm9jZXNzPWltYWdlL3Jlc2l6ZSxtX2ZpeGVkLGhfMzQ0LHdfMzQ0LGxpbWl0XzA,g_nw,x_428,y_143/watermark,image_YXNzZXQvaW1hZ2VzL21ldGFpbWFnZS1zb25nLnBuZw,g_nw,x_0,y_0",images/873872.jpg,@Zulucandymonster,音樂人,,,,1,1,2,,,https://www.youtube.com/user/StreetVoiceTV,,,Hip hop / Rap,,,,"突然想發 
突然想發","這個世界太複雜 忙碌的人像一幅畫 生活像是長了手 一巴掌搧在我臉頰 或許真的 我就是不配被愛 風帶走了我的信念只留下了我的悲哀 屬於我的那個救星 妳啥時候要出現呀 抓不住的沙子 Feel like 抓不住的她 時間再過快點快點回到那個屬於我們 溫暖的家 Day bye day 我落下的淚 誰來負責我的心碎 做賊的人先喊捉賊 就放過我吧 地球online 我想要早退 那些所謂的成熟思想 就是好聽些的優越感吧 還沒準備好承擔那些屁話 我的迷茫又有誰來解答 Shawty my shawty When will u come to me I’ve been waiting waiting for all the time 
這個世界太複雜 忙碌的人像一幅畫 生活像是長了手 一巴掌搧在我臉頰 或許真的 我就是不配被愛 風帶走了我的信念只留下了我的悲哀 屬於我的那個救星 妳啥時候要出現呀 抓不住的沙子 Feel like 抓不住的她 時間再過快點快點回到那個屬於我們 溫暖的家
Day bye day 我落下的淚 誰來負責我的心碎 做賊的人先喊捉賊 就放過我吧 地球online 我想要早退 那些所謂的成熟思想 就是好聽些的優越感吧 還沒準備好承擔那些屁話 我的迷茫又有誰來解答 Shawty my shawty When will u come to me I’ve been waiting waiting for all the time
留言（ 0 ） 最相關留言 所有留言
留言（ 0 ）",2026-08-10,,,False,False,
2026-08-11 01:17:42,realtime,hip_hop,,,24,Kenji,Shape of You,1,11,0,https://streetvoice.com/aaacao/songs/873588/,https://streetvoice.com/aaacao/,"https://akstatic.streetvoice.com/song_covers/aa/ac/aaacao/2qcvoz3AxKoJ4eGmsFFto4.jpeg?x-oss-process=image/resize,m_fixed,h_1,w_1,limit_0/resize,m_fixed,h_630,w_1200,limit_0/watermark,image_c29uZ19jb3ZlcnMvYWEvYWMvYWFhY2FvLzJxY3ZvejNBeEtvSjRlR21zRkZ0bzQuanBlZz94LW9zcy1wcm9jZXNzPWltYWdlL3Jlc2l6ZSxtX2ZpeGVkLGhfMzQ0LHdfMzQ0LGxpbWl0XzA,g_nw,x_428,y_143/watermark,image_YXNzZXQvaW1hZ2VzL21ldGFpbWFnZS1zb25nLnBuZw,g_nw,x_0,y_0",images/873588.jpeg,@aaacao,音樂人,新北市,2017-12-01,,14,29,14,,,https://www.youtube.com/user/StreetVoiceTV,2026大港開唱雙日回顧：Same Sam But Different、Gummy BＸ陳嫺靜限定共演創造魔幻時刻，滅火器、落日飛車接連公布年度大型專場|||https://blow.streetvoice.com/86831/?utm_source=streetvoice&utm_medium=profile-news-block; 大港開唱20週年攻略：ACG跨次元來襲、滅火器與落日飛車重返南霸天、兒童界巨星「巧虎」參戰|||https://blow.streetvoice.com/86698/?utm_source=streetvoice&utm_medium=profile-news-block; 【吹專訪】That’s My SHHH 主腦 LEO37：玩音樂？一切都是因為傻！|||https://blow.streetvoice.com/86468/?utm_source=streetvoice&utm_medium=profile-news-block,,Hip hop / Rap,,,,,"[Verse] Yeah, look, pull up to the lot and I'm shining, yeah Bitch, I'm getting to the bag, I ain't lying, yeah Got the 808 knocking, make the speaker pop And my brothers in the back, yeah, we on top Step out of the foreign, got the ice on freeze All these hating ass jokers wanna copy these Running up the digits, yeah, we living fast Put the pedal to the floor, leave 'em in the past Ain't nobody in the lane gonna stop this wave Got the city on lock from the cradle to the grave Talk a lot of shit, but you never really do it I be cashing out checks while you looking right through it Yeah, I hop on the track and I body the beat Got the whole city jumping right out on the street [Chorus] Bop, bop, watch me move it, let's go Got the cash in the bag, yeah, we run it for sure Can't touch this, yeah, we moving too fast Put the pedal to the floor, leave 'em in the past Bop, bop, watch me move it, let's go Got the cash in the bag, yeah, we run it for sure [Verse] Got the Nina on my lap, keep it tucked real clean If a player want smoke, then you know what I mean Big dawg status, never playing no games Put a cross on the map, put my flag on the chains Always staying on my grind, never clocking out That's what a real boss player all about Step back, little clown, better know your place Got the money in the safe, got a smile on my face Tryna run up in my lane? You a lame, get out Ain't nobody got the sauce, what you talking 'bout? Swag on a hundred, yeah, I keep it too legit Every time I drop a track, you already know it's lit [Chorus] Bop, bop, watch me move it, let's go Got the cash in the bag, yeah, we run it for sure Can't touch this, yeah, we moving too fast Put the pedal to the floor, leave 'em in the past Bop, bop, watch me move it, let's go Got the cash in the bag, yeah, we run it for sure [Outro] Yeah, you already know how we coming Big bags only Let's go 
[Verse] Yeah, look, pull up to the lot and I'm shining, yeah Bitch, I'm getting to the bag, I ain't lying, yeah Got the 808 knocking, make the speaker pop And my brothers in the back, yeah, we on top Step out of the foreign, got the ice on freeze All these hating ass jokers wanna copy these Running up the digits, yeah, we living fast Put the pedal to the floor, leave 'em in the past Ain't nobody in the lane gonna stop this wave Got the city on lock from the cradle to the grave Talk a lot of shit, but you never really do it I be cashing out checks while you looking right through it Yeah, I hop on the track and I body the beat Got the whole city jumping right out on the street
[Chorus] Bop, bop, watch me move it, let's go Got the cash in the bag, yeah, we run it for sure Can't touch this, yeah, we moving too fast Put the pedal to the floor, leave 'em in the past Bop, bop, watch me move it, let's go Got the cash in the bag, yeah, we run it for sure
[Verse] Got the Nina on my lap, keep it tucked real clean If a player want smoke, then you know what I mean Big dawg status, never playing no games Put a cross on the map, put my flag on the chains Always staying on my grind, never clocking out That's what a real boss player all about Step back, little clown, better know your place Got the money in the safe, got a smile on my face Tryna run up in my lane? You a lame, get out Ain't nobody got the sauce, what you talking 'bout? Swag on a hundred, yeah, I keep it too legit Every time I drop a track, you already know it's lit
[Chorus] Bop, bop, watch me move it, let's go Got the cash in the bag, yeah, we run it for sure Can't touch this, yeah, we moving too fast Put the pedal to the floor, leave 'em in the past Bop, bop, watch me move it, let's go Got the cash in the bag, yeah, we run it for sure
[Outro] Yeah, you already know how we coming Big bags only Let's go
留言（ 0 ） 最相關留言 所有留言
留言（ 0 ）",2026-08-08,,AI 協作 Hip hop / Rap,False,False,
2026-08-11 01:17:42,realtime,hip_hop,,,25,Positive Z,001-demo,0,4,0,https://streetvoice.com/BePositiveZZZ/songs/873804/,https://streetvoice.com/BePositiveZZZ/,"https://akstatic.streetvoice.com/song_covers/Be/Po/BePositiveZZZ/Y44heXia82yTEUMpJvgszA.jpg?x-oss-process=image/resize,m_fixed,h_1,w_1,limit_0/resize,m_fixed,h_630,w_1200,limit_0/watermark,image_c29uZ19jb3ZlcnMvQmUvUG8vQmVQb3NpdGl2ZVpaWi9ZNDRoZVhpYTgyeVRFVU1wSnZnc3pBLmpwZz94LW9zcy1wcm9jZXNzPWltYWdlL3Jlc2l6ZSxtX2ZpeGVkLGhfMzQ0LHdfMzQ0LGxpbWl0XzA,g_nw,x_428,y_143/watermark,image_YXNzZXQvaW1hZ2VzL21ldGFpbWFnZS1zb25nLnBuZw,g_nw,x_0,y_0",images/873804.jpg,@BePositiveZZZ,音樂人,台灣,2025-06-01,,6,7,14,,,https://www.youtube.com/user/StreetVoiceTV,爵士吉他手陳子彰 發行首張爵士四重奏EP《Lover’s Ring》|||https://blow.streetvoice.com/51979/?utm_source=streetvoice&utm_medium=profile-news-block; 三把貝斯一套鼓，編制獨特的 ANWIYCTI 如何吸引眾人耳朵？|||https://blow.streetvoice.com/24940/?utm_source=streetvoice&utm_medium=profile-news-block; 「不插電音樂大賽」初賽入圍公布 這夏一起來聽歌|||https://blow.streetvoice.com/11666/?utm_source=streetvoice&utm_medium=profile-news-block,,Hip hop / Rap,,,,"伴奏：luv(sic)pt.3 instrumental 詞、曲：Positive Z （本歌曲為致敬作品，不做任何商業及盈利使用） 
伴奏：luv(sic)pt.3 instrumental 詞、曲：Positive Z （本歌曲為致敬作品，不做任何商業及盈利使用）","從此之後我害怕看背吉他的背影 寂寞未來我不想去 寧願當你背景 當個備品 也行 我能卑微的當黑影 上次見面時尚未醒 我乞求你的悲憫 那是發自內心的恨 我負完全責任 結局竟是如此的恨 我如此的笨 最後只留下見證我崩潰那撮鬍子 愛情不是圖紙 擦不掉人的無恥 - 一百零一夜的夢 清晰的痛 如果再也見不到你生活還有什麼用 你在我日常打個洞 不知道害我有多痛 我們的相遇是不是一場兩個人的惡夢 你在我心中是零一 但面貌很不清晰 相愛僅有一百零一恨卻多它幾十星期 曾經心有靈犀 現在見面得靠心機 你是我心中的零一請你永遠住在心底 - 我恨透了自己 深夜思念想法四起 我恨透了自己 好想要當一具屍體 我恨透了自己 孤獨佔領每個四季 你說我恨透了你 來不及跟你說對不起 我很對不起 坐在我們相識的公園點根菸懷念你 故地重遊填補相思 一切已足矣 聽說 離開我後 你學會抽菸 自殺能否化成煙霧回到你的周邊 你遇到的流浪貓 我已偷偷收編 所以每次回家的時候感覺被思念收監 無邊無盡的酷刑 思念的徒刑 想解脫也不行 釋放日不明 所以 我一定要學會無情 來把自己的傷痕撫平 - 一百零一夜的夢 清晰的痛 如果再也見不到你生活還有什麼用 你在我日常打個洞 不知道害我有多痛 我們的相遇是不是一場兩個人的惡夢 你在我心中是零一 但面貌很不清晰 相愛僅有一百零一恨卻多它幾十星期 曾經心有靈犀 現在見面得靠心機 你是我心中的零一請你永遠住在心底 一百零一夜的夢 清晰的痛 如果再也見不到你生活還有什麼用 你在我日常打個洞 不知道害我有多痛 我們的相遇是不是一場兩個人的惡夢 你在我心中是零一 但面貌很不清晰 相愛僅有一百零一恨卻多它幾十星期 曾經心有靈犀 現在見面得靠心機 你是我心中的零一請你永遠住在心底 你在我心中是零一 但面貌很不清晰 相愛僅有一百零一恨卻多它幾十星期 曾經心有靈犀 現在見面得靠心機 你是我心中的零一請你永遠住在心底 - 聽完這首歌後你就當我死了吧 我會永遠恨著你這只愛自己的惡霸 說真的啦 傷害感情能不能判不合法 這樣大家才會更珍惜身邊的他 身邊的他 你怎麼啦 為什麼啊 為什麼啊 記得 溝通要心平氣和 不是兩個人一出生個性就相契合 明明兩個人相遇是那麼不易得 為何 草率的將關係閉合 祝你以後過得好 別沖昏了腦 這首歌會成為我們兩個人生分隔島 我會記住你的好 我很謝謝你的好 再見了 最後讓我說聲我的寶 - 一百零一夜的夢 清晰的痛 如果再也見不到你生活還有什麼用 你在我日常打個洞 不知道害我有多痛 我們的相遇是不是一場兩個人的惡夢 你在我心中是零一 但面貌很不清晰 相愛僅有一百零一恨卻多它幾十星期 曾經心有靈犀 現在見面得靠心機 你是我心中的零一請你永遠住在心底 一百零一夜的夢 清晰的痛 如果再也見不到你生活還有什麼用 你在我日常打個洞 不知道害我有多痛 我們的相遇是不是一場兩個人的惡夢 
從此之後我害怕看背吉他的背影 寂寞未來我不想去 寧願當你背景 當個備品 也行 我能卑微的當黑影 上次見面時尚未醒 我乞求你的悲憫 那是發自內心的恨 我負完全責任 結局竟是如此的恨 我如此的笨 最後只留下見證我崩潰那撮鬍子 愛情不是圖紙 擦不掉人的無恥 - 一百零一夜的夢 清晰的痛 如果再也見不到你生活還有什麼用 你在我日常打個洞 不知道害我有多痛 我們的相遇是不是一場兩個人的惡夢 你在我心中是零一 但面貌很不清晰 相愛僅有一百零一恨卻多它幾十星期 曾經心有靈犀 現在見面得靠心機 你是我心中的零一請你永遠住在心底 - 我恨透了自己 深夜思念想法四起 我恨透了自己 好想要當一具屍體 我恨透了自己 孤獨佔領每個四季 你說我恨透了你 來不及跟你說對不起 我很對不起 坐在我們相識的公園點根菸懷念你 故地重遊填補相思 一切已足矣 聽說 離開我後 你學會抽菸 自殺能否化成煙霧回到你的周邊 你遇到的流浪貓 我已偷偷收編 所以每次回家的時候感覺被思念收監 無邊無盡的酷刑 思念的徒刑 想解脫也不行 釋放日不明 所以 我一定要學會無情 來把自己的傷痕撫平 - 一百零一夜的夢 清晰的痛 如果再也見不到你生活還有什麼用 你在我日常打個洞 不知道害我有多痛 我們的相遇是不是一場兩個人的惡夢 你在我心中是零一 但面貌很不清晰 相愛僅有一百零一恨卻多它幾十星期 曾經心有靈犀 現在見面得靠心機 你是我心中的零一請你永遠住在心底 一百零一夜的夢 清晰的痛 如果再也見不到你生活還有什麼用 你在我日常打個洞 不知道害我有多痛 我們的相遇是不是一場兩個人的惡夢 你在我心中是零一 但面貌很不清晰 相愛僅有一百零一恨卻多它幾十星期 曾經心有靈犀 現在見面得靠心機 你是我心中的零一請你永遠住在心底 你在我心中是零一 但面貌很不清晰 相愛僅有一百零一恨卻多它幾十星期 曾經心有靈犀 現在見面得靠心機 你是我心中的零一請你永遠住在心底 - 聽完這首歌後你就當我死了吧 我會永遠恨著你這只愛自己的惡霸 說真的啦 傷害感情能不能判不合法 這樣大家才會更珍惜身邊的他 身邊的他 你怎麼啦 為什麼啊 為什麼啊 記得 溝通要心平氣和 不是兩個人一出生個性就相契合 明明兩個人相遇是那麼不易得 為何 草率的將關係閉合 祝你以後過得好 別沖昏了腦 這首歌會成為我們兩個人生分隔島 我會記住你的好 我很謝謝你的好 再見了 最後讓我說聲我的寶 - 一百零一夜的夢 清晰的痛 如果再也見不到你生活還有什麼用 你在我日常打個洞 不知道害我有多痛 我們的相遇是不是一場兩個人的惡夢 你在我心中是零一 但面貌很不清晰 相愛僅有一百零一恨卻多它幾十星期 曾經心有靈犀 現在見面得靠心機 你是我心中的零一請你永遠住在心底 一百零一夜的夢 清晰的痛 如果再也見不到你生活還有什麼用 你在我日常打個洞 不知道害我有多痛 我們的相遇是不是一場兩個人的惡夢
留言（ 0 ） 最相關留言 所有留言
留言（ 0 ）",2026-08-10,,,False,False,
2026-08-11 01:17:42,realtime,hip_hop,,,26,桃子A1J,Cuz it&#x27;s Luv,19,1038,1,https://streetvoice.com/peach_jaye_23/songs/871850/,https://streetvoice.com/peach_jaye_23/,"https://akstatic.streetvoice.com/song_covers/pe/ac/peach_jaye_23/mHnQYpJNnGK8Rugn57jSk6.jpeg?x-oss-process=image/resize,m_fixed,h_1,w_1,limit_0/resize,m_fixed,h_630,w_1200,limit_0/watermark,image_c29uZ19jb3ZlcnMvcGUvYWMvcGVhY2hfamF5ZV8yMy9tSG5RWXBKTm5HSzhSdWduNTdqU2s2LmpwZWc_eC1vc3MtcHJvY2Vzcz1pbWFnZS9yZXNpemUsbV9maXhlZCxoXzM0NCx3XzM0NCxsaW1pdF8w,g_nw,x_428,y_143/watermark,image_YXNzZXQvaW1hZ2VzL21ldGFpbWFnZS1zb25nLnBuZw,g_nw,x_0,y_0",images/871850.jpeg,@peach_jaye_23,音樂人,台北市,2019-10-01,2021-09-16 16:00,27,6198,9,,https://instagram.com/peach_jaye_a1j,https://youtube.com/channel/UCRJv6EsGm5iVqb_YrKxPFPA,台越混血歌手桃子A1J 聯手滴燙Diiton推出新曲〈4to9〉|||https://blow.streetvoice.com/85200/?utm_source=streetvoice&utm_medium=profile-news-block; K6劉家凱預告10月發行專輯《太棒了！我一無是處的人生》 新歌〈一無是處的人生〉搭檔台越混血饒舌歌手桃子A1J|||https://blow.streetvoice.com/69286/?utm_source=streetvoice&utm_medium=profile-news-block; 李映霏邀桃子A1J擔任專場嘉賓 限定NFT塔羅牌送樂迷|||https://blow.streetvoice.com/64859/?utm_source=streetvoice&utm_medium=profile-news-block,,Hip hop / Rap,,,,"【音樂 製作團隊 MUSIC CREDIT】 詞Lyricist｜桃子A1J 曲Composer｜桃子A1J、滴燙Diiton 製作人Producer｜滴燙Diiton‪‪、桃子A1J 和聲Background Vocals｜桃子A1J、滴燙Diiton 合聲編寫Background Vocals Arrangement｜桃子A1J、滴燙Diiton 編曲Arrangement｜Diiton滴燙 錄音師Recording Engineer｜Diiton滴燙 混音師Mixing Engineer｜Diiton滴燙 
【音樂 製作團隊 MUSIC CREDIT】 詞Lyricist｜桃子A1J 曲Composer｜桃子A1J、滴燙Diiton 製作人Producer｜滴燙Diiton‪‪、桃子A1J 和聲Background Vocals｜桃子A1J、滴燙Diiton 合聲編寫Background Vocals Arrangement｜桃子A1J、滴燙Diiton 編曲Arrangement｜Diiton滴燙 錄音師Recording Engineer｜Diiton滴燙 混音師Mixing Engineer｜Diiton滴燙","Verse 1: 等待 試圖設法逃離 人還 在 同樣一道軌跡 boy why you lied to me But you shine so bright to me 牽動著心情 慣性造就了癮 你讓我著了迷 每一刻朝著你 Pre: 可無法克制住心的這般感覺 陳列交錯浸泡在這火焰 伴隨著 歲月不停在蔓延 只為了你 I gonn' do anything they say love is blind 就剩我 在這片大海 you're my lullaby 潛入夢 境不斷徘徊 Hook: love yeah cuz it lalalalalala love 全給你 lalalalalala love 儘管這 lalalalalala love yeah cuz it la love it's lala love Verse 2: better than anodyne ya hurt me once but still I lose twice 隕石墜落是怎麼躲得開 someone tell tell tell me what is right 持續 追追追朔 回憶 尋找 撕裂的痕跡 大可不必 浪費費費 力氣 找不回的曾經 here’s my love take it for take it for free 別置放宇宙邊際 take it closer 看看仔細 what if what if you and me Pre: 可無法克制住心的這般感覺 陳列交錯浸泡在這火焰 伴隨著 歲月不停在蔓延 只為了你 I gonn' do anything they say love is blind 就剩我 在這片大海 you're my lullaby 潛入夢 境不斷徘徊 Hook: love yeah cuz it lalalalalala love 全給你 lalalalalala love 儘管這 lalalalalala love yeah cuz it la love it's lala love 
Verse 1: 等待 試圖設法逃離 人還 在 同樣一道軌跡 boy why you lied to me But you shine so bright to me 牽動著心情 慣性造就了癮 你讓我著了迷 每一刻朝著你
Pre: 可無法克制住心的這般感覺 陳列交錯浸泡在這火焰 伴隨著 歲月不停在蔓延 只為了你 I gonn' do anything
they say love is blind 就剩我 在這片大海 you're my lullaby 潛入夢 境不斷徘徊
Hook: love yeah cuz it lalalalalala love 全給你 lalalalalala love 儘管這 lalalalalala love yeah cuz it la love it's lala love
Verse 2: better than anodyne ya hurt me once but still I lose twice 隕石墜落是怎麼躲得開 someone tell tell tell me what is right
持續 追追追朔 回憶 尋找 撕裂的痕跡 大可不必 浪費費費 力氣 找不回的曾經
here’s my love take it for take it for free 別置放宇宙邊際 take it closer 看看仔細 what if what if you and me
Pre: 可無法克制住心的這般感覺 陳列交錯浸泡在這火焰 伴隨著 歲月不停在蔓延 只為了你 I gonn' do anything
they say love is blind 就剩我 在這片大海 you're my lullaby 潛入夢 境不斷徘徊
Hook: love yeah cuz it lalalalalala love 全給你 lalalalalala love 儘管這 lalalalalala love yeah cuz it la love it's lala love
留言（ 1 ） 最相關留言 所有留言
留言（ 1 ）",2026-07-29,,編輯推薦,True,False,
2026-08-11 01:17:42,realtime,hip_hop,,,27,D4ZE,Needle in a haystack,0,7,0,https://streetvoice.com/white_dew_lk9/songs/873638/,https://streetvoice.com/white_dew_lk9/,"https://akstatic.streetvoice.com/song_covers/wh/it/white_dew_lk9/M5GjXvos97kdvzY6JjbTR3.jpg?x-oss-process=image/resize,m_fixed,h_1,w_1,limit_0/resize,m_fixed,h_630,w_1200,limit_0/watermark,image_c29uZ19jb3ZlcnMvd2gvaXQvd2hpdGVfZGV3X2xrOS9NNUdqWHZvczk3a2R2elk2SmpiVFIzLmpwZz94LW9zcy1wcm9jZXNzPWltYWdlL3Jlc2l6ZSxtX2ZpeGVkLGhfMzQ0LHdfMzQ0LGxpbWl0XzA,g_nw,x_428,y_143/watermark,image_YXNzZXQvaW1hZ2VzL21ldGFpbWFnZS1zb25nLnBuZw,g_nw,x_0,y_0",images/873638.jpg,@white_dew_lk9,音樂人,,,,1,1,1,,,https://www.youtube.com/user/StreetVoiceTV,,,Hip hop / Rap,,,,,"Kiss on the lips, the icon do it when the lights on Crush on, vibin’ in my zone Baby, I got you, eyes on Girl, I put you on my heart You are the closest part Take me to everywhere you love, and I’ll be with you like nowhere be found needle in a haystack coldest is that I can’t guide you the route umm… how far do we go to the end I lose myself every time I let you in again Uare the part of me 當燈光又閃爍 I loosing on my mind 是你燃了我 Don't let go of my hand I don't want make the same shit But you are the one who got me back right way Oh tell me how far do we go to the end How much we can truly depend Is needless in  haystack to no where we should land Believe on love we can ever pretend Ohican show you luv 沒有原因 讓我做出選擇 那就是你 Plz u hold on my hand 就請你別在鬆開 I dont want loosing my way 我已經不想等待 Just hold me tight baby i got u U are my soul food Everything  i just want u Plz tell me u just feeling too I got you feel a lot 當我不在只是個魁儡 Yah might be wrong, the way 希望你離開前冷住你眼淚 so I am done 
Kiss on the lips, the icon do it when the lights on Crush on, vibin’ in my zone Baby, I got you, eyes on
Girl, I put you on my heart You are the closest part Take me to everywhere you love, and I’ll be with you
like nowhere be found needle in a haystack coldest is that I can’t guide you the route umm… how far do we go to the end I lose myself every time I let you in again
Uare the part of me 當燈光又閃爍 I loosing on my mind 是你燃了我 Don't let go of my hand I don't want make the same shit But you are the one who got me back right way Oh tell me how far do we go to the end How much we can truly depend Is needless in  haystack to no where we should land Believe on love we can ever pretend Ohican show you luv 沒有原因 讓我做出選擇 那就是你 Plz u hold on my hand 就請你別在鬆開 I dont want loosing my way 我已經不想等待 Just hold me tight baby i got u U are my soul food Everything  i just want u Plz tell me u just feeling too
I got you feel a lot 當我不在只是個魁儡 Yah might be wrong, the way 希望你離開前冷住你眼淚 so I am done
留言（ 0 ） 最相關留言 所有留言
留言（ 0 ）",2026-08-09,,,False,False,
2026-08-11 01:17:42,realtime,hip_hop,,,28,D-R¥DE,Forever,1,34,1,https://streetvoice.com/ttt_ryder/songs/873439/,https://streetvoice.com/ttt_ryder/,"https://akstatic.streetvoice.com/song_covers/tt/t_/ttt_ryder/RDrxzkfknbtJNfeGTaosPp.jpg?x-oss-process=image/resize,m_fixed,h_1,w_1,limit_0/resize,m_fixed,h_630,w_1200,limit_0/watermark,image_c29uZ19jb3ZlcnMvdHQvdF8vdHR0X3J5ZGVyL1JEcnh6a2ZrbmJ0Sk5mZUdUYW9zUHAuanBnP3gtb3NzLXByb2Nlc3M9aW1hZ2UvcmVzaXplLG1fZml4ZWQsaF8zNDQsd18zNDQsbGltaXRfMA,g_nw,x_428,y_143/watermark,image_YXNzZXQvaW1hZ2VzL21ldGFpbWFnZS1zb25nLnBuZw,g_nw,x_0,y_0",images/873439.jpg,@ttt_ryder,音樂人,,,,9,2,3,,,https://www.youtube.com/user/StreetVoiceTV,,,Hip hop / Rap,,,,"我IG是@cheng.hong0501 
我IG是@cheng.hong0501","我想過陪在你的身邊forever 哪怕是天塌了我依然在這 耳機裡聽著那首寫給你的情歌 如果這是夢境 我就不醒了 And I try so hard, and I try so hard. 遇到你總是說不出口心中的真心話 沒有了你就像是我沒了家 什麼時候才能變成你籌碼 只有一個夢想就是陪在你身旁 永遠忘不掉你 儲存在我心頭上 When I see your face 美貌讓別人都嫉妒 想成為你的誰 成為你最堅強的庇護 每當你落下 化為你的翅膀 迷失了方向 就讓我為你導航 說過的每句話 都放在了心上 還是深愛著你 衝動停不下 那些回憶還在腦中繞 feel so empty when you're not around 是真心誠意想要對你好 I fall in love 我想過陪在你的身邊forever 哪怕是天塌了我依然在這 耳機裡聽著那首寫給你的情歌 如果這是夢境 我就不醒了 And I try so hard, and I try so hard. 遇到你總是說不出口心中的真心話 沒有了你就像是我沒了家 什麼時候才能變成你籌碼 baby 你是我的愛你是我的唯一 脖子上掛著 去年送我的圍巾 你想要什麼東西我都給你 一個人的時後 有我陪你 那些回憶還在腦中繞 feel so empty when you're not around 是真心誠意想要對你好 I fall in love 我想過陪在你的身邊forever 哪怕是天塌了我依然在這 耳機裡聽著那首寫給你的情歌 如果這是夢境 我就不醒了 And I try so hard, and I try so hard. 遇到你總是說不出口心中的真心話 沒有了你就像是我沒了家 什麼時候才能變成你籌碼 
我想過陪在你的身邊forever 哪怕是天塌了我依然在這 耳機裡聽著那首寫給你的情歌 如果這是夢境 我就不醒了 And I try so hard, and I try so hard. 遇到你總是說不出口心中的真心話 沒有了你就像是我沒了家 什麼時候才能變成你籌碼
只有一個夢想就是陪在你身旁 永遠忘不掉你 儲存在我心頭上 When I see your face 美貌讓別人都嫉妒 想成為你的誰 成為你最堅強的庇護
每當你落下 化為你的翅膀 迷失了方向 就讓我為你導航 說過的每句話 都放在了心上 還是深愛著你 衝動停不下
那些回憶還在腦中繞 feel so empty when you're not around 是真心誠意想要對你好 I fall in love
我想過陪在你的身邊forever 哪怕是天塌了我依然在這 耳機裡聽著那首寫給你的情歌 如果這是夢境 我就不醒了 And I try so hard, and I try so hard. 遇到你總是說不出口心中的真心話 沒有了你就像是我沒了家 什麼時候才能變成你籌碼
baby 你是我的愛你是我的唯一 脖子上掛著 去年送我的圍巾 你想要什麼東西我都給你 一個人的時後 有我陪你
那些回憶還在腦中繞 feel so empty when you're not around 是真心誠意想要對你好 I fall in love
我想過陪在你的身邊forever 哪怕是天塌了我依然在這 耳機裡聽著那首寫給你的情歌 如果這是夢境 我就不醒了 And I try so hard, and I try so hard. 遇到你總是說不出口心中的真心話 沒有了你就像是我沒了家 什麼時候才能變成你籌碼
留言（ 1 ） 最相關留言 所有留言
留言（ 1 ）",2026-08-07,,,False,False,
2026-08-11 01:17:42,realtime,hip_hop,,,29,kanasi_boxi,鬼湖之戀,0,5,0,https://streetvoice.com/kanasi_boxi/songs/873745/,https://streetvoice.com/kanasi_boxi/,"https://akstatic.streetvoice.com/profile_images/ka/na/kanasi_boxi/8mPTom6kburd58BhHWSnYU.jpg?x-oss-process=image/resize,m_fixed,h_1,w_1,limit_0/resize,m_fixed,h_630,w_1200,limit_0/watermark,image_cHJvZmlsZV9pbWFnZXMva2EvbmEva2FuYXNpX2JveGkvOG1QVG9tNmtidXJkNThCaEhXU25ZVS5qcGc_eC1vc3MtcHJvY2Vzcz1pbWFnZS9yZXNpemUsbV9maXhlZCxoXzM0NCx3XzM0NCxsaW1pdF8w,g_nw,x_428,y_143/watermark,image_YXNzZXQvaW1hZ2VzL21ldGFpbWFnZS1zb25nLnBuZw,g_nw,x_0,y_0",images/873745.jpg,@kanasi_boxi,音樂人,,,,5,,,,,https://www.youtube.com/user/StreetVoiceTV,,,Hip hop / Rap,,,,"鬼湖之戀 
鬼湖之戀","這是沒有提供歌詞的歌曲
留言（ 0 ） 最相關留言 所有留言
留言（ 0 ）",2026-08-09,,,False,False,
2026-08-11 01:17:42,realtime,hip_hop,,,30,保溫,錯了一輩子,2,14,0,https://streetvoice.com/baowen_123/songs/873559/,https://streetvoice.com/baowen_123/,"https://akstatic.streetvoice.com/song_covers/cr/im/crimson_bar_j68/2nQCnyaKyEWEXd6GNmN9KE.jpeg?x-oss-process=image/resize,m_fixed,h_1,w_1,limit_0/resize,m_fixed,h_630,w_1200,limit_0/watermark,image_c29uZ19jb3ZlcnMvY3IvaW0vY3JpbXNvbl9iYXJfajY4LzJuUUNueWFLeUVXRVhkNkdObU45S0UuanBlZz94LW9zcy1wcm9jZXNzPWltYWdlL3Jlc2l6ZSxtX2ZpeGVkLGhfMzQ0LHdfMzQ0LGxpbWl0XzA,g_nw,x_428,y_143/watermark,image_YXNzZXQvaW1hZ2VzL21ldGFpbWFnZS1zb25nLnBuZw,g_nw,x_0,y_0",images/873559.jpeg,@baowen_123,音樂人,,,,4,14,11,,,https://www.youtube.com/user/StreetVoiceTV,Organik Festival有機音樂祭4/26連續三天晝夜不間斷！首度與亞洲各地電子音樂場景跨海合作|||https://blow.streetvoice.com/73062/?utm_source=streetvoice&utm_medium=profile-news-block; 「Legacy mini@好丘」世界地球日開幕 法蘭、淺堤開唱推廣綠色生活|||https://blow.streetvoice.com/54447/?utm_source=streetvoice&utm_medium=profile-news-block; Mary See the Future《musickness》巡演最終站將唱進台大體育館|||https://blow.streetvoice.com/47639/?utm_source=streetvoice&utm_medium=profile-news-block,,Hip hop / Rap,WE DONT KNOW,https://streetvoice.com/baowen_123/songs/album/97325866/,,"倍的侵犯女孩的故事 
倍的侵犯女孩的故事","這是沒有提供歌詞的歌曲
留言（ 0 ） 最相關留言 所有留言
留言（ 0 ）",2026-08-08,,,False,False,
2026-08-11 01:17:42,realtime,hip_hop,,,31,保溫,鬱悶ft.NØIR,7,159,2,https://streetvoice.com/baowen_123/songs/873332/,https://streetvoice.com/baowen_123/,"https://akstatic.streetvoice.com/song_covers/cr/im/crimson_bar_j68/Rc7CRvCM7S7FsW5NvpTF6A.jpeg?x-oss-process=image/resize,m_fixed,h_1,w_1,limit_0/resize,m_fixed,h_630,w_1200,limit_0/watermark,image_c29uZ19jb3ZlcnMvY3IvaW0vY3JpbXNvbl9iYXJfajY4L1JjN0NSdkNNN1M3RnNXNU52cFRGNkEuanBlZz94LW9zcy1wcm9jZXNzPWltYWdlL3Jlc2l6ZSxtX2ZpeGVkLGhfMzQ0LHdfMzQ0LGxpbWl0XzA,g_nw,x_428,y_143/watermark,image_YXNzZXQvaW1hZ2VzL21ldGFpbWFnZS1zb25nLnBuZw,g_nw,x_0,y_0",images/873332.jpeg,@baowen_123,音樂人,,,,4,14,11,,,https://www.youtube.com/user/StreetVoiceTV,Organik Festival有機音樂祭4/26連續三天晝夜不間斷！首度與亞洲各地電子音樂場景跨海合作|||https://blow.streetvoice.com/73062/?utm_source=streetvoice&utm_medium=profile-news-block; 「Legacy mini@好丘」世界地球日開幕 法蘭、淺堤開唱推廣綠色生活|||https://blow.streetvoice.com/54447/?utm_source=streetvoice&utm_medium=profile-news-block; Mary See the Future《musickness》巡演最終站將唱進台大體育館|||https://blow.streetvoice.com/47639/?utm_source=streetvoice&utm_medium=profile-news-block,,Hip hop / Rap,WE DONT KNOW,https://streetvoice.com/baowen_123/songs/album/97325866/,NØIR,"鬱悶極了 
鬱悶極了","這是沒有提供歌詞的歌曲
留言（ 2 ） 最相關留言 所有留言
留言（ 2 ）",2026-08-07,,,False,False,
2026-08-11 01:17:42,realtime,hip_hop,,,32,保溫,悔DEMO,3,44,2,https://streetvoice.com/baowen_123/songs/873437/,https://streetvoice.com/baowen_123/,"https://akstatic.streetvoice.com/song_covers/cr/im/crimson_bar_j68/Rc7CRvCM7S7FsW5NvpTF6A.jpeg?x-oss-process=image/resize,m_fixed,h_1,w_1,limit_0/resize,m_fixed,h_630,w_1200,limit_0/watermark,image_c29uZ19jb3ZlcnMvY3IvaW0vY3JpbXNvbl9iYXJfajY4L1JjN0NSdkNNN1M3RnNXNU52cFRGNkEuanBlZz94LW9zcy1wcm9jZXNzPWltYWdlL3Jlc2l6ZSxtX2ZpeGVkLGhfMzQ0LHdfMzQ0LGxpbWl0XzA,g_nw,x_428,y_143/watermark,image_YXNzZXQvaW1hZ2VzL21ldGFpbWFnZS1zb25nLnBuZw,g_nw,x_0,y_0",images/873437.jpeg,@baowen_123,音樂人,,,,4,14,11,,,https://www.youtube.com/user/StreetVoiceTV,Organik Festival有機音樂祭4/26連續三天晝夜不間斷！首度與亞洲各地電子音樂場景跨海合作|||https://blow.streetvoice.com/73062/?utm_source=streetvoice&utm_medium=profile-news-block; 「Legacy mini@好丘」世界地球日開幕 法蘭、淺堤開唱推廣綠色生活|||https://blow.streetvoice.com/54447/?utm_source=streetvoice&utm_medium=profile-news-block; Mary See the Future《musickness》巡演最終站將唱進台大體育館|||https://blow.streetvoice.com/47639/?utm_source=streetvoice&utm_medium=profile-news-block,,Hip hop / Rap,WE DONT KNOW,https://streetvoice.com/baowen_123/songs/album/97325866/,,"後悔遇見你 
後悔遇見你","這是沒有提供歌詞的歌曲
留言（ 2 ） 最相關留言 所有留言
留言（ 2 ）",2026-08-07,,,False,False,
2026-08-11 01:17:42,realtime,hip_hop,,,33,YouNg ReaL_🎲,GO_DANCE,4,133,2,https://streetvoice.com/Youngreal_886/songs/873211/,https://streetvoice.com/Youngreal_886/,"https://akstatic.streetvoice.com/song_covers/Yo/un/Youngreal_886/4BrCggJyD7wyjfkY4Uig8k.jpeg?x-oss-process=image/resize,m_fixed,h_1,w_1,limit_0/resize,m_fixed,h_630,w_1200,limit_0/watermark,image_c29uZ19jb3ZlcnMvWW8vdW4vWW91bmdyZWFsXzg4Ni80QnJDZ2dKeUQ3d3lqZmtZNFVpZzhrLmpwZWc_eC1vc3MtcHJvY2Vzcz1pbWFnZS9yZXNpemUsbV9maXhlZCxoXzM0NCx3XzM0NCxsaW1pdF8w,g_nw,x_428,y_143/watermark,image_YXNzZXQvaW1hZ2VzL21ldGFpbWFnZS1zb25nLnBuZw,g_nw,x_0,y_0",images/873211.jpeg,@Youngreal_886,音樂人,,,,2,5,5,,,https://www.youtube.com/user/StreetVoiceTV,,,Hip hop / Rap,,,筋砧鴣gu,"把工作、學業、所有煩心事都丟了吧 如果煩了累了 不妨聽聽這首歌 跳隻舞吧 Ft.筋砧鴣gu 
把工作、學業、所有煩心事都丟了吧 如果煩了累了 不妨聽聽這首歌 跳隻舞吧
Ft.筋砧鴣gu","let's go dance 煩惱拋到腦後 無論是工作 憂愁 都廢話少說 點根菸 roll shit 問題飛向太空 放輕鬆一下(台) 難免會想起 那些不開心地不服氣的 音樂一放 全都煙消雲散 一邊ch ill 也要一邊跟著期盼 那些主管 慣老闆 不會假期再找你麻煩 絕不接受那胡攪蠻纏 杜絕社畜病不段傳染 從今天起 就要開始放鬆 想要舞池裡面跳舞 還是家裡放空 焦躁的飛船 飛過幾棟大樓 導彈爆破 點綴整片夜中 筋砧鴣gu: 巷口便利店 買罐啤酒配晚風 手機全部關機 今天誰都別想碰 兄弟說今晚 不醉真的不懂 霓虹燈像星球 帶著我們失控 煙霧飄上空 煩惱全部都放鬆 踩著節奏動 直到天亮才收工 這座城市中 我們活得太籠統 就讓音樂帶著夢 飛到宇宙盡頭中 Young ReaL: 飛到宇宙的盡頭 沒有時間的洪流 不用因為上課或是明天的工作 嚇得冷汗直流 原地嚇死 像得了心臟病 生活就醬子 總想要DIE Roll the dies 中獎再call me 反正也沒啥好失去 把籌碼全ALL IN 
let's go dance 煩惱拋到腦後 無論是工作 憂愁 都廢話少說 點根菸 roll shit 問題飛向太空
放輕鬆一下(台) 難免會想起 那些不開心地不服氣的 音樂一放 全都煙消雲散
一邊ch ill 也要一邊跟著期盼 那些主管 慣老闆 不會假期再找你麻煩 絕不接受那胡攪蠻纏 杜絕社畜病不段傳染
從今天起 就要開始放鬆 想要舞池裡面跳舞 還是家裡放空 焦躁的飛船 飛過幾棟大樓 導彈爆破 點綴整片夜中
筋砧鴣gu: 巷口便利店 買罐啤酒配晚風 手機全部關機 今天誰都別想碰 兄弟說今晚 不醉真的不懂 霓虹燈像星球 帶著我們失控
煙霧飄上空 煩惱全部都放鬆 踩著節奏動 直到天亮才收工 這座城市中 我們活得太籠統 就讓音樂帶著夢 飛到宇宙盡頭中
Young ReaL: 飛到宇宙的盡頭 沒有時間的洪流 不用因為上課或是明天的工作 嚇得冷汗直流
原地嚇死 像得了心臟病 生活就醬子 總想要DIE Roll the dies 中獎再call me
反正也沒啥好失去 把籌碼全ALL IN
留言（ 2 ） 最相關留言 所有留言
留言（ 2 ）",2026-08-06,,,False,False,
2026-08-11 01:17:42,realtime,hip_hop,,,34,YouNg ReaL_🎲,毫無邏輯 demo,2,22,2,https://streetvoice.com/Youngreal_886/songs/873385/,https://streetvoice.com/Youngreal_886/,"https://akstatic.streetvoice.com/song_covers/Yo/un/Youngreal_886/Qk3zDcBdUZ5iNoeekv7szg.jpeg?x-oss-process=image/resize,m_fixed,h_1,w_1,limit_0/resize,m_fixed,h_630,w_1200,limit_0/watermark,image_c29uZ19jb3ZlcnMvWW8vdW4vWW91bmdyZWFsXzg4Ni9RazN6RGNCZFVaNWlOb2Vla3Y3c3pnLmpwZWc_eC1vc3MtcHJvY2Vzcz1pbWFnZS9yZXNpemUsbV9maXhlZCxoXzM0NCx3XzM0NCxsaW1pdF8w,g_nw,x_428,y_143/watermark,image_YXNzZXQvaW1hZ2VzL21ldGFpbWFnZS1zb25nLnBuZw,g_nw,x_0,y_0",images/873385.jpeg,@Youngreal_886,音樂人,,,,2,5,5,,,https://www.youtube.com/user/StreetVoiceTV,,,Hip hop / Rap,,,,"隨便做的 加減聽 
隨便做的 加減聽","這是沒有提供歌詞的歌曲
留言（ 2 ） 最相關留言 所有留言
留言（ 2 ）",2026-08-07,,,False,False,
2026-08-11 01:17:42,realtime,hip_hop,,,35,李英宏 DJ DIDILONG,龍虎豹,28,1949,1,https://streetvoice.com/djdidilong/songs/869677/,https://streetvoice.com/djdidilong/,"https://akstatic.streetvoice.com/song_covers/dj/di/djdidilong/VoUBGZvKDRYf35h6WLVTRf.jpeg?x-oss-process=image/resize,m_fixed,h_1,w_1,limit_0/resize,m_fixed,h_630,w_1200,limit_0/watermark,image_c29uZ19jb3ZlcnMvZGovZGkvZGpkaWRpbG9uZy9Wb1VCR1p2S0RSWWYzNWg2V0xWVFJmLmpwZWc_eC1vc3MtcHJvY2Vzcz1pbWFnZS9yZXNpemUsbV9maXhlZCxoXzM0NCx3XzM0NCxsaW1pdF8w,g_nw,x_428,y_143/watermark,image_YXNzZXQvaW1hZ2VzL21ldGFpbWFnZS1zb25nLnBuZw,g_nw,x_0,y_0",images/869677.jpeg,@djdidilong,音樂人,,,2025-09-25 13:13,3,205,,https://www.facebook.com/djdidilong,https://www.instagram.com/djdidilong/,https://www.youtube.com/@djdidilong945,【專訪】水哥是如何熟成的？李英宏 aka DJ Didilong|||https://blow.streetvoice.com/48996/?utm_source=streetvoice&utm_medium=profile-news-block; 李英宏攜手導演鄔鶴宏打造復古B級黑色影集MV「東方美人四部曲」|||https://blow.streetvoice.com/79803/?utm_source=streetvoice&utm_medium=profile-news-block; 睽違五年！李英宏推出新專輯《東方美人》 以「T-funk 風格」帶領聽眾進入B級電影|||https://blow.streetvoice.com/79530/?utm_source=streetvoice&utm_medium=profile-news-block,,Hip hop / Rap,,,,"這首歌是2026實境節目《寰宇龍虎豹》的同名主題曲，看呱吉、迪拉、逞誠這三個中年大叔跨國遠征，音樂當然也要夠狂！由李英宏親自操刀，直接把大叔們的中年浪漫催到最高點。 整首歌開滿了「大無畏的速度感」，那個新潮又帶點壞的獨特台語唱腔一出來，就是不讓你睡，準備好跟著他們一路玩到太瘋！編曲帶點迷幻又超性感的線條，在極致的節奏裡，直接幫這群大叔披上英雄披風，魅力根本不敗！耳機戴上，這劑台味新潮的「新世紀催情劑」絕對幫你傳好勢，馬上就跟著大叔們狂奔一場！ 
這首歌是2026實境節目《寰宇龍虎豹》的同名主題曲，看呱吉、迪拉、逞誠這三個中年大叔跨國遠征，音樂當然也要夠狂！由李英宏親自操刀，直接把大叔們的中年浪漫催到最高點。
整首歌開滿了「大無畏的速度感」，那個新潮又帶點壞的獨特台語唱腔一出來，就是不讓你睡，準備好跟著他們一路玩到太瘋！編曲帶點迷幻又超性感的線條，在極致的節奏裡，直接幫這群大叔披上英雄披風，魅力根本不敗！耳機戴上，這劑台味新潮的「新世紀催情劑」絕對幫你傳好勢，馬上就跟著大叔們狂奔一場！","龍虎豹 帶你來去賴賴趖 叨位嚨會使 跟我們來去𨑨迌 卡等仔咱要去叨 看我Ki Mo Chi 只要爽就好 現在就要來去 別說這麼多 若是歹鬥陣的 咱就免來相找 繼續直直撞 保持咱的氣魄 呵咾我真緣投 那是多講的 飛龍要帶你來去天頂飛 我敬你一杯 但是毋湯馬西 山珍海味 我若到位就要傳到好勢 咱知影禮貌 嚨會說好話 真係好嘢 真係好好味 鬥嘴果 一定好犀利 毋湯太超過 我給你揌落 喂喂 你目睭看路 龍虎豹 沒在烏龍踅桌 從頭到尾 絕對蓋 jōtō 你擱屎屎尿尿 給你關便所 沒有錯沒有錯 把手舉起來給我 Make Some Noise 玩到太瘋 忘了幾點鐘 完全沒有極限 全年都不公休 沒有錯沒有錯 把手舉起來給我 Make Some Noise 最帶種 不偷偷摸摸 龍虎豹 你知影安怎說 龍虎豹 帶你來去賴賴趖 叨位嚨可以 跟我們來去七逃 卡等誒咱要去哪 看我奇摩子 只要爽就好 我說你安呢不夠 耍的沒透 一定攢出好料 絕對沒在開玩笑 龍虎豹 確實真有較小 麥三泡兩泡 拿出你的擋頭 沒有錯沒有錯 把手舉起來給我 Make Some Noise 玩到太瘋 忘了幾點鐘 完全沒有極限 全年都不公休 沒有錯沒有錯 把手舉起來給我 Make Some Noise 最帶種 不偷偷摸摸 龍虎豹 你知影安怎說 龍虎豹 帶你來去賴賴趖 叨位嚨可以 跟我們來去七逃 卡等誒咱要去哪 看我奇摩子 只要爽就好 
龍虎豹 帶你來去賴賴趖 叨位嚨會使 跟我們來去𨑨迌 卡等仔咱要去叨 看我Ki Mo Chi 只要爽就好
現在就要來去 別說這麼多 若是歹鬥陣的 咱就免來相找 繼續直直撞 保持咱的氣魄 呵咾我真緣投 那是多講的
飛龍要帶你來去天頂飛 我敬你一杯 但是毋湯馬西 山珍海味 我若到位就要傳到好勢 咱知影禮貌 嚨會說好話 真係好嘢 真係好好味 鬥嘴果 一定好犀利 毋湯太超過 我給你揌落 喂喂 你目睭看路 龍虎豹 沒在烏龍踅桌 從頭到尾 絕對蓋 jōtō 你擱屎屎尿尿 給你關便所
沒有錯沒有錯 把手舉起來給我 Make Some Noise 玩到太瘋 忘了幾點鐘 完全沒有極限 全年都不公休
沒有錯沒有錯 把手舉起來給我 Make Some Noise 最帶種 不偷偷摸摸 龍虎豹 你知影安怎說
龍虎豹 帶你來去賴賴趖 叨位嚨可以 跟我們來去七逃 卡等誒咱要去哪 看我奇摩子 只要爽就好
我說你安呢不夠 耍的沒透 一定攢出好料 絕對沒在開玩笑 龍虎豹 確實真有較小 麥三泡兩泡 拿出你的擋頭
沒有錯沒有錯 把手舉起來給我 Make Some Noise 玩到太瘋 忘了幾點鐘 完全沒有極限 全年都不公休
沒有錯沒有錯 把手舉起來給我 Make Some Noise 最帶種 不偷偷摸摸 龍虎豹 你知影安怎說
龍虎豹 帶你來去賴賴趖 叨位嚨可以 跟我們來去七逃 卡等誒咱要去哪 看我奇摩子 只要爽就好
留言（ 1 ） 最相關留言 所有留言
留言（ 1 ）",2026-07-16,,Song of the Day; 編輯推薦,True,True,
2026-08-11 01:17:42,realtime,hip_hop,,,36,ほしくず_褲子,Re:null feat.Hazii（prod.Dianasty）,10,1768,7,https://streetvoice.com/twilight_heart_1s7/songs/872117/,https://streetvoice.com/twilight_heart_1s7/,"https://akstatic.streetvoice.com/song_covers/tw/il/twilight_heart_1s7/dfvdahA5egYmjXpfYwviQP.jpg?x-oss-process=image/resize,m_fixed,h_1,w_1,limit_0/resize,m_fixed,h_630,w_1200,limit_0/watermark,image_c29uZ19jb3ZlcnMvdHcvaWwvdHdpbGlnaHRfaGVhcnRfMXM3L2RmdmRhaEE1ZWdZbWpYcGZZd3ZpUVAuanBnP3gtb3NzLXByb2Nlc3M9aW1hZ2UvcmVzaXplLG1fZml4ZWQsaF8zNDQsd18zNDQsbGltaXRfMA,g_nw,x_428,y_143/watermark,image_YXNzZXQvaW1hZ2VzL21ldGFpbWFnZS1zb25nLnBuZw,g_nw,x_0,y_0",images/872117.jpg,@twilight_heart_1s7,音樂人,台中市,2025-11-01,,11,29,15,,,https://www.youtube.com/user/StreetVoiceTV,,,Hip hop / Rap,,,Hazii,"再次回到寂寞 空虛成了常駐狀態 而我們距離 光年之外 - 感謝Young Real支援封面 
再次回到寂寞 空虛成了常駐狀態 而我們距離 光年之外 - 感謝Young Real支援封面","沒話說就當離開了是種解脫 你從未開口我該如何得知哪裡難受 一人的劇場我一支獨秀 綻放再凋謝當我下台之後 落幕 顫抖的手 你是否看著 冰冷的我 離開後的空虛成了 常駐狀態 我們的距離回到 光年之外 I ain’t gonna lie 悲歡離合 雙眼睜不開 非要把話說得不明不白 熵增不減我們都清楚劇情它不能夠重來 還在思考怎麼去釋懷 或許是我應受的制裁 每晚死在尼古丁的依賴 反覆躊躇理不清的期待 搭車回家會下錯站 拿到你的鑰匙發現東西沒還 太多回憶交錯過遲的期盼 而我成了棄子在被稱為戀愛的棋盤 失重感 參雜後悔的苟延殘喘 沒必要挽留 你始終自由 前路依舊顛簸但這次沒有你同行 我被留在原地無關公不公平 沒有了指引 恐懼的心跳在不斷的轟鳴 我試過看著星星 卻沒想過連星空都不見了蹤影 最後忘記的是你的姓名 並非回憶 而我想 沒話說就當離開了是種解脫 你從未開口我該如何得知哪裡難受 一人的劇場我一支獨秀 綻放再凋謝當我下台之後 落幕 顫抖的手 你是否看著 冰冷的我 離開後的空虛成了 常駐狀態 我們的距離回到 光年之外 Could we go back? Could we go back? 當我哭紅了雙眼你把我推開 把我推開… Baby won’t you mad 風景跑太快 記憶逐漸裂成了一塊塊 一塊塊 idont wanna say no more 相處的軌跡我陸續拼湊 灰色地帶拉扯如何輕鬆聽懂 看不見光景我只能做夢 Fuck 不要靠近我 不要翻舊帳我只想放鬆 抬頭看著豔紅的天空 點起一根煙當作填充物 yuh 
沒話說就當離開了是種解脫 你從未開口我該如何得知哪裡難受 一人的劇場我一支獨秀 綻放再凋謝當我下台之後 落幕 顫抖的手 你是否看著 冰冷的我 離開後的空虛成了 常駐狀態 我們的距離回到 光年之外
I ain’t gonna lie 悲歡離合 雙眼睜不開 非要把話說得不明不白 熵增不減我們都清楚劇情它不能夠重來 還在思考怎麼去釋懷 或許是我應受的制裁 每晚死在尼古丁的依賴 反覆躊躇理不清的期待
搭車回家會下錯站 拿到你的鑰匙發現東西沒還 太多回憶交錯過遲的期盼 而我成了棄子在被稱為戀愛的棋盤 失重感 參雜後悔的苟延殘喘 沒必要挽留 你始終自由
前路依舊顛簸但這次沒有你同行 我被留在原地無關公不公平 沒有了指引 恐懼的心跳在不斷的轟鳴 我試過看著星星 卻沒想過連星空都不見了蹤影 最後忘記的是你的姓名 並非回憶
而我想
沒話說就當離開了是種解脫 你從未開口我該如何得知哪裡難受 一人的劇場我一支獨秀 綻放再凋謝當我下台之後 落幕 顫抖的手 你是否看著 冰冷的我 離開後的空虛成了 常駐狀態 我們的距離回到 光年之外
Could we go back? Could we go back? 當我哭紅了雙眼你把我推開 把我推開… Baby won’t you mad 風景跑太快 記憶逐漸裂成了一塊塊 一塊塊
idont wanna say no more 相處的軌跡我陸續拼湊 灰色地帶拉扯如何輕鬆聽懂 看不見光景我只能做夢 Fuck 不要靠近我 不要翻舊帳我只想放鬆 抬頭看著豔紅的天空 點起一根煙當作填充物 yuh
留言（ 7 ） 最相關留言 所有留言
留言（ 7 ）",2026-07-30,,,False,False,
2026-08-11 01:17:42,realtime,hip_hop,,,37,jackychen680108,誰在算 誰在看,1,17,0,https://streetvoice.com/jackychen680108/songs/873231/,https://streetvoice.com/jackychen680108/,"https://akstatic.streetvoice.com/song_covers/ja/ck/jackychen680108/HiK3HCjXHvhFrmuhtcQZCF.jpeg?x-oss-process=image/resize,m_fixed,h_1,w_1,limit_0/resize,m_fixed,h_630,w_1200,limit_0/watermark,image_c29uZ19jb3ZlcnMvamEvY2svamFja3ljaGVuNjgwMTA4L0hpSzNIQ2pYSHZoRnJtdWh0Y1FaQ0YuanBlZz94LW9zcy1wcm9jZXNzPWltYWdlL3Jlc2l6ZSxtX2ZpeGVkLGhfMzQ0LHdfMzQ0LGxpbWl0XzA,g_nw,x_428,y_143/watermark,image_YXNzZXQvaW1hZ2VzL21ldGFpbWFnZS1zb25nLnBuZw,g_nw,x_0,y_0",images/873231.jpeg,@jackychen680108,音樂人,新北市,2018-10-01,,2,,,,,https://www.youtube.com/user/StreetVoiceTV,,,Hip hop / Rap,,,,"誰在算？誰在看？ 良心到底剩一半？ 希望同感的人有聽到 
誰在算？誰在看？ 良心到底剩一半？ 希望同感的人有聽到","<Verse 1> 打卡八點鐘，壓力先到胸口，會議八點半，血糖降一半!，上工前的開會就像演秀，台詞全都不修。 大頭一句：「照我說。」沒人敢再開口，外行領導內行，專業變成玩偶。有事命令往下丟，責任一路往下流，功勞全都往上收，出包叫你自己扛著走。加班說成叫磨練，犧牲變成理所當然，假日電話一直響，人生像被公司包辦。 <Pre-Chorus> 誰在算？誰在看？良心到底剩一半？ 制度像一堵高牆，說真話的人最孤單。 <Hook>這不是職場，更像個戰場，上班就像陪笑，心卻一直受傷。 規則寫在紙上，現實卻換了模樣，底盤方向早被利益鋪成另一條模樣。 今天你沉默，明天換誰受傷？一句「照辦」掩蓋多少真相。 當正義只剩口號掛在牆，誰還記得初心該怎麼發光？ <Verse 2> 誰在算？誰在看？良心到底剩一半？ 廠商關係盤根錯節，人情像張蜘蛛網，酒桌上的一句兄弟，勝過白紙黑字一行。 有人收回扣養底盤，有人默默裝沒看，有人只想把工程做好，最後卻變成孤單。 偷工減料叫節省，品質變成可犧牲，驗收前想減價過關，責任推給第一線。 下包應酬夜夜忙，酒杯裝滿利益帳，真正流汗的人，卻領不到應有的獎。 <Verse 3> 誰在算？誰在看？良心到底剩一半？ 每天喊著危安、工安、勞安，口號掛在嘴上，開會講得漂亮。 安全第一貼在牆，現場卻是另一個樣，簡單的安全工具，最後還是沒裝。 護欄少一段，護具缺一樣，有人催著趕工，有人催著上場。 工期比生命重要？誰敢說真相？等到出了事情，才開始互相推讓。 報告一頁一頁寫，照片一張一張拍，表面流程全到位，風險卻還在等待。 事故變成教訓，教訓變成檢討，檢討過沒幾天，又回到同樣跑道。 <Bridge> 誰在算？誰在看？良心到底剩一半？ 安全不是口號，不是開會的文章，不是驗收前一天，才補上的假象。 真正的制度，是每個人的信仰，不是出了人命，才說一句「加強」。 <Outro> 誰在算？誰在看？良心到底剩一半？ 當利益高過良心，真相開始流浪，當責任一路往下，壓垮每個肩膀。 如果沉默變成文化，那就用節奏發光，把每一句真話，寫成最響亮的聲浪。 危安、工安、勞安，不只是嘴上的信仰，而是每一位回家的人，都平安回到家鄉。 <Bridge> 不是每個主管都一樣，不是每家公司都黑暗。 但當沉默變成一種習慣，錯誤就會一直複製循環。 <Final Hook> 如果真相不能講，Rap替我大聲唱，節拍不是為了帥，是替良心開一槍。 今天站在麥克風，把故事寫成力量，不是為了報復誰，只想讓制度別再荒唐。 把專業放回專業，把尊重放回職場，讓努力的人有舞台，不再只是陪葬。 當每個人都敢抬頭，拒絕成為同一張網。 這首歌的最後一句    真正的王，不靠權力，而是擔當。 
<Verse 1> 打卡八點鐘，壓力先到胸口，會議八點半，血糖降一半!，上工前的開會就像演秀，台詞全都不修。 大頭一句：「照我說。」沒人敢再開口，外行領導內行，專業變成玩偶。有事命令往下丟，責任一路往下流，功勞全都往上收，出包叫你自己扛著走。加班說成叫磨練，犧牲變成理所當然，假日電話一直響，人生像被公司包辦。 <Pre-Chorus> 誰在算？誰在看？良心到底剩一半？ 制度像一堵高牆，說真話的人最孤單。 <Hook>這不是職場，更像個戰場，上班就像陪笑，心卻一直受傷。 規則寫在紙上，現實卻換了模樣，底盤方向早被利益鋪成另一條模樣。 今天你沉默，明天換誰受傷？一句「照辦」掩蓋多少真相。 當正義只剩口號掛在牆，誰還記得初心該怎麼發光？ <Verse 2> 誰在算？誰在看？良心到底剩一半？ 廠商關係盤根錯節，人情像張蜘蛛網，酒桌上的一句兄弟，勝過白紙黑字一行。 有人收回扣養底盤，有人默默裝沒看，有人只想把工程做好，最後卻變成孤單。 偷工減料叫節省，品質變成可犧牲，驗收前想減價過關，責任推給第一線。 下包應酬夜夜忙，酒杯裝滿利益帳，真正流汗的人，卻領不到應有的獎。 <Verse 3> 誰在算？誰在看？良心到底剩一半？ 每天喊著危安、工安、勞安，口號掛在嘴上，開會講得漂亮。 安全第一貼在牆，現場卻是另一個樣，簡單的安全工具，最後還是沒裝。 護欄少一段，護具缺一樣，有人催著趕工，有人催著上場。 工期比生命重要？誰敢說真相？等到出了事情，才開始互相推讓。 報告一頁一頁寫，照片一張一張拍，表面流程全到位，風險卻還在等待。 事故變成教訓，教訓變成檢討，檢討過沒幾天，又回到同樣跑道。 <Bridge> 誰在算？誰在看？良心到底剩一半？ 安全不是口號，不是開會的文章，不是驗收前一天，才補上的假象。 真正的制度，是每個人的信仰，不是出了人命，才說一句「加強」。 <Outro> 誰在算？誰在看？良心到底剩一半？ 當利益高過良心，真相開始流浪，當責任一路往下，壓垮每個肩膀。 如果沉默變成文化，那就用節奏發光，把每一句真話，寫成最響亮的聲浪。 危安、工安、勞安，不只是嘴上的信仰，而是每一位回家的人，都平安回到家鄉。 <Bridge> 不是每個主管都一樣，不是每家公司都黑暗。 但當沉默變成一種習慣，錯誤就會一直複製循環。 <Final Hook> 如果真相不能講，Rap替我大聲唱，節拍不是為了帥，是替良心開一槍。 今天站在麥克風，把故事寫成力量，不是為了報復誰，只想讓制度別再荒唐。 把專業放回專業，把尊重放回職場，讓努力的人有舞台，不再只是陪葬。 當每個人都敢抬頭，拒絕成為同一張網。 這首歌的最後一句    真正的王，不靠權力，而是擔當。
留言（ 0 ） 最相關留言 所有留言
留言（ 0 ）",2026-08-06,,AI 協作 Hip hop / Rap,False,False,
2026-08-11 01:17:42,realtime,hip_hop,,,38,楊桃,相思賦,4,31,1,https://streetvoice.com/tysonyang/songs/873209/,https://streetvoice.com/tysonyang/,"https://akstatic.streetvoice.com/music_albums/ty/so/tysonyang/HkPgHqwBuWy6TziZ9GtM5U.jpg?x-oss-process=image/resize,m_fixed,h_1,w_1,limit_0/resize,m_fixed,h_630,w_1200,limit_0/watermark,image_bXVzaWNfYWxidW1zL3R5L3NvL3R5c29ueWFuZy9Ia1BnSHF3QnVXeTZUemlaOUd0TTVVLmpwZz94LW9zcy1wcm9jZXNzPWltYWdlL3Jlc2l6ZSxtX2ZpeGVkLGhfMzQ0LHdfMzQ0LGxpbWl0XzA,g_nw,x_428,y_143/watermark,image_YXNzZXQvaW1hZ2VzL21ldGFpbWFnZS1zb25nLnBuZw,g_nw,x_0,y_0",images/873209.jpg,@tysonyang,音樂人,,,,12,6,7,,,https://www.youtube.com/user/StreetVoiceTV,嘉義大學諸羅祭四月登場！美秀集團、血肉果汁機、康士坦的變化球等多組樂團相繼開唱|||https://blow.streetvoice.com/53555/?utm_source=streetvoice&utm_medium=profile-news-block,,Hip hop / Rap,桃式DJ,https://streetvoice.com/tysonyang/songs/album/97325654/,,"古風加入R&B元素 配上古箏，琵琶等古典樂器曲風 嗩吶一響副歌進入 
古風加入R&B元素 配上古箏，琵琶等古典樂器曲風 嗩吶一響副歌進入","[主歌] 【主歌一】 朱闕煙深鎖玉樓， 梨花帶雨濕簾鉤。 金階冷月侵羅袖， 半卷宮詞半卷愁。 錦瑟未終人已遠， 鸞鏡空懸淚自流。 深宮萬丈紅顏夢， 爭得君心幾度秋。 【預副歌】 綰青絲，描黛眉， 笑語皆成局。 鳳釵搖，香袖低， 一念誤終局。 【副歌】 相思之苦,伊人可悟？ 燈殘月冷,伊人何處？ 一寸癡心，一寸塵土， 終化宮牆外孤鴻暮。 相思之苦,伊人可渡？ 千般恩寵，終歸虛無。 若問今生情為何物？ 唯餘風月，不問榮枯。 【主歌二】 金樽未暖恩先薄， 玉階新寵笑春風。 紅綃猶在香猶冷， 舊夢空隨落葉終。 曾將芳華傾帝意， 未抵新人一笑濃。 回首繁華皆似霧， 半生榮辱付秋鴻。 【橋段】 莫怨深宮情似水， 自古君恩若曉風。 花開花謝尋常事， 雲聚雲離本是空。 願將舊恨隨流水， 一葉扁舟向遠峰。 青燈古卷餘生伴， 笑看人間幾度紅。 【最終副歌】 相思之苦，不過朝暮； 相思之苦，終成塵土。 曾為君王傾心傾骨， 今隨煙雨入江湖。 相思之苦，終能自渡； 榮華散盡，心歸太虛。 一襲素衣，一壺清露， 笑把浮生，盡付寒蘆。 【尾聲】 宮鐘遠，暮雲疏； 一紙情深化塵書。 不戀帝恩，不爭榮辱； 惟願春風，照故途。 
[主歌]
【主歌一】 朱闕煙深鎖玉樓， 梨花帶雨濕簾鉤。 金階冷月侵羅袖， 半卷宮詞半卷愁。 錦瑟未終人已遠， 鸞鏡空懸淚自流。 深宮萬丈紅顏夢， 爭得君心幾度秋。
【預副歌】 綰青絲，描黛眉， 笑語皆成局。 鳳釵搖，香袖低， 一念誤終局。
【副歌】 相思之苦,伊人可悟？ 燈殘月冷,伊人何處？ 一寸癡心，一寸塵土， 終化宮牆外孤鴻暮。 相思之苦,伊人可渡？ 千般恩寵，終歸虛無。 若問今生情為何物？ 唯餘風月，不問榮枯。
【主歌二】 金樽未暖恩先薄， 玉階新寵笑春風。 紅綃猶在香猶冷， 舊夢空隨落葉終。 曾將芳華傾帝意， 未抵新人一笑濃。 回首繁華皆似霧， 半生榮辱付秋鴻。
【橋段】 莫怨深宮情似水， 自古君恩若曉風。 花開花謝尋常事， 雲聚雲離本是空。 願將舊恨隨流水， 一葉扁舟向遠峰。 青燈古卷餘生伴， 笑看人間幾度紅。 【最終副歌】 相思之苦，不過朝暮； 相思之苦，終成塵土。 曾為君王傾心傾骨， 今隨煙雨入江湖。 相思之苦，終能自渡； 榮華散盡，心歸太虛。 一襲素衣，一壺清露， 笑把浮生，盡付寒蘆。 【尾聲】 宮鐘遠，暮雲疏； 一紙情深化塵書。 不戀帝恩，不爭榮辱； 惟願春風，照故途。
留言（ 1 ） 最相關留言 所有留言
留言（ 1 ）",2026-08-06,,AI 協作 Hip hop / Rap ・ 桃式DJ,False,False,
2026-08-11 01:17:42,realtime,hip_hop,,,39,威廉,Yeah,2,396,0,https://streetvoice.com/lin_william_/songs/872778/,https://streetvoice.com/lin_william_/,"https://akstatic.streetvoice.com/song_covers/li/n_/lin_william_/QXqSRqW4xztos6N9gEtwM7.jpeg?x-oss-process=image/resize,m_fixed,h_1,w_1,limit_0/resize,m_fixed,h_630,w_1200,limit_0/watermark,image_c29uZ19jb3ZlcnMvbGkvbl8vbGluX3dpbGxpYW1fL1FYcVNScVc0eHp0b3M2TjlnRXR3TTcuanBlZz94LW9zcy1wcm9jZXNzPWltYWdlL3Jlc2l6ZSxtX2ZpeGVkLGhfMzQ0LHdfMzQ0LGxpbWl0XzA,g_nw,x_428,y_143/watermark,image_YXNzZXQvaW1hZ2VzL21ldGFpbWFnZS1zb25nLnBuZw,g_nw,x_0,y_0",images/872778.jpeg,@lin_william_,音樂人,,,,7,4,,,,https://www.youtube.com/user/StreetVoiceTV,"電影配樂的一代宗師－約翰．威廉斯|||https://blow.streetvoice.com/38642/?utm_source=streetvoice&utm_medium=profile-news-block; 【吹專訪】「也只是歸零而已。」何韻詩談睽違13年新作《Rive-Sud, Montréal》|||https://blow.streetvoice.com/89047/?utm_source=streetvoice&utm_medium=profile-news-block; Billboard Live TAIPEI深秋開幕 中島美嘉擔任首演嘉賓|||https://blow.streetvoice.com/83108/?utm_source=streetvoice&utm_medium=profile-news-block",,Hip hop / Rap,,,,"詞：威廉 曲：Melodic Trap Type Beat - Caliente  Freestyle Beat 2026 
詞：威廉 曲：Melodic Trap Type Beat - Caliente  Freestyle Beat 2026","動態歌詞
Yeah, I got no tones yeh, 假裝自己很瘋 yeh, 站在頂樓吹風 yeh, Living in the 夢 yeh, Yeah, I got two tones yeh, Keeping 色即是空 yeh, 浴火重生的鳳 yeh， Living in the 夢 yeh, 活的要比誰都精彩啥龍青菜， 什麼我也說不明白稍微心塞， 完美主義過於病態執著things like， 沒有好發揮的平台裝做硬派 yeh， 討厭跟著人群並排只好強迫靜態， 偶爾冷的像是冰塊濕掉的火星塞， 保持all myself 的命脈舒適圈躲進來， 嘗試著把目標定在或停擺， Yeah, I got no tones yeh, 假裝自己很瘋 yeh, 站在頂樓吹風 yeh, Living in the 夢 yeh, Yeah, I got two tones yeh, Keeping 色即是空 yeh, 浴火重生的鳳 yeh， Living in the 夢 yeh, Stop staring at me and start playing the game， 路途這麼平坦要我怎麼犯難涉險， 足夠緊張的環境依然保持樂天， 他們裝得像個樣子結果實則擱淺， 一體有兩面不能目光只看到側面， 中途就放棄要不乾脆把夢想折現， 明明能夠一飛衝天何苦畫地設限， Stop playing just let me relieve the pain ， Yeah, I got no tones yeh, 假裝自己很瘋 yeh, 站在頂樓吹風 yeh, Living in the 夢 yeh, Yeah, I got two tones yeh, Keeping 色即是空 yeh, 浴火重生的鳳 yeh， Living in the 夢 yeh, 揮霍世俗的評價不願落得平價， 不被大眾定價或被明碼標上訂價， 骨子渴望著凌駕腳步未曾停下， 不信所謂人情價只信善良能贏下， 痛苦的像盛開又凋零的櫻花， 是否代表著那段曾經也 means not， 保持否定浪漫束縛不說情話， 放下被淨化反而又一次進化， Yeah, I got no tones yeh, 假裝自己很瘋 yeh, 站在頂樓吹風 yeh, Living in the 夢 yeh, Yeah, I got two tones yeh, Keeping 色即是空 yeh, 浴火重生的鳳 yeh， Living in the 夢 yeh, 
Yeah, I got no tones yeh, 假裝自己很瘋 yeh, 站在頂樓吹風 yeh, Living in the 夢 yeh, Yeah, I got two tones yeh, Keeping 色即是空 yeh, 浴火重生的鳳 yeh， Living in the 夢 yeh, 活的要比誰都精彩啥龍青菜， 什麼我也說不明白稍微心塞， 完美主義過於病態執著things like， 沒有好發揮的平台裝做硬派 yeh， 討厭跟著人群並排只好強迫靜態， 偶爾冷的像是冰塊濕掉的火星塞， 保持all myself 的命脈舒適圈躲進來， 嘗試著把目標定在或停擺， Yeah, I got no tones yeh, 假裝自己很瘋 yeh, 站在頂樓吹風 yeh, Living in the 夢 yeh, Yeah, I got two tones yeh, Keeping 色即是空 yeh, 浴火重生的鳳 yeh， Living in the 夢 yeh, Stop staring at me and start playing the game， 路途這麼平坦要我怎麼犯難涉險， 足夠緊張的環境依然保持樂天， 他們裝得像個樣子結果實則擱淺， 一體有兩面不能目光只看到側面， 中途就放棄要不乾脆把夢想折現， 明明能夠一飛衝天何苦畫地設限， Stop playing just let me relieve the pain ， Yeah, I got no tones yeh, 假裝自己很瘋 yeh, 站在頂樓吹風 yeh, Living in the 夢 yeh, Yeah, I got two tones yeh, Keeping 色即是空 yeh, 浴火重生的鳳 yeh， Living in the 夢 yeh, 揮霍世俗的評價不願落得平價， 不被大眾定價或被明碼標上訂價， 骨子渴望著凌駕腳步未曾停下， 不信所謂人情價只信善良能贏下， 痛苦的像盛開又凋零的櫻花， 是否代表著那段曾經也 means not， 保持否定浪漫束縛不說情話， 放下被淨化反而又一次進化， Yeah, I got no tones yeh, 假裝自己很瘋 yeh, 站在頂樓吹風 yeh, Living in the 夢 yeh, Yeah, I got two tones yeh, Keeping 色即是空 yeh, 浴火重生的鳳 yeh， Living in the 夢 yeh,
留言（ 0 ） 最相關留言 所有留言
留言（ 0 ）",2026-08-03,,,False,False,
2026-08-11 01:17:42,realtime,hip_hop,,,40,YouNg ReaL_🎲,Pinocchio freestyle_,4,64,3,https://streetvoice.com/Youngreal_886/songs/872975/,https://streetvoice.com/Youngreal_886/,"https://akstatic.streetvoice.com/song_covers/Yo/un/Youngreal_886/PeXbQndaSMM224qxXdUt5m.jpeg?x-oss-process=image/resize,m_fixed,h_1,w_1,limit_0/resize,m_fixed,h_630,w_1200,limit_0/watermark,image_c29uZ19jb3ZlcnMvWW8vdW4vWW91bmdyZWFsXzg4Ni9QZVhiUW5kYVNNTTIyNHF4WGRVdDVtLmpwZWc_eC1vc3MtcHJvY2Vzcz1pbWFnZS9yZXNpemUsbV9maXhlZCxoXzM0NCx3XzM0NCxsaW1pdF8w,g_nw,x_428,y_143/watermark,image_YXNzZXQvaW1hZ2VzL21ldGFpbWFnZS1zb25nLnBuZw,g_nw,x_0,y_0",images/872975.jpeg,@Youngreal_886,音樂人,,,,2,5,5,,,https://www.youtube.com/user/StreetVoiceTV,,,Hip hop / Rap,,,,"把心境寫成個 把現實編成冊 一層層的階級 提著線控制著你 給還未醒的各位 s/o to _LEON 里昂 
把心境寫成個 把現實編成冊 一層層的階級 提著線控制著你 給還未醒的各位 s/o to _LEON 里昂","夜黑風高的晚上  壁掛鐘垂在擺盪 街巷 有隻鬼 看起來 兇神惡煞 頭戴面具 手持利刃 而且 一語不發 感覺利刃下的亡魂 還在地裡駐紮 鬧鐘響了 如夢初醒 驚覺就只是個夢 大街行走的路人 還是依舊 眼神空了洞 有人吃得很飽 時間很多 賺得盆滿缽滿 有人入了騙局 一無所有 墜下高的樓 銀幕上的數字 有時正有時負 總額倒數 人的生命跟著同步 喊著飽的鬼有時也持續受著空腹 最虔誠的人卻不見得還留有風度 有些人 暫時開錯了門 有些人 終究拜錯了神 用力轉動了門把 真心供上了高香 貪戀賭桌的人啊 難免會有人遭殃 這就是命　早已寫好了劇本 故事一頁接著一頁　要如何逃避呢 上帝早已密謀　但我還是用盡全力了 鹹魚不一定能翻身　但她還在努力著 時代的眼淚　如今是高消費的 沒有人能脫身　生活真夠累得 希望在不久的將來　還能順心換口味的 虎豹豺狼　鎖定獵物　都想當上位者 到底甚麼規則　亂無章法　龍套節目 倒地怎麼飛呢　斷了翅膀　生命結束 幻想是爛了臭了舊了繡了　沒了前路 但我是黑的黃的賭的毒的　佔了全部 
夜黑風高的晚上  壁掛鐘垂在擺盪 街巷 有隻鬼 看起來 兇神惡煞 頭戴面具 手持利刃 而且 一語不發 感覺利刃下的亡魂 還在地裡駐紮
鬧鐘響了 如夢初醒 驚覺就只是個夢 大街行走的路人 還是依舊 眼神空了洞 有人吃得很飽 時間很多 賺得盆滿缽滿 有人入了騙局 一無所有 墜下高的樓
銀幕上的數字 有時正有時負 總額倒數 人的生命跟著同步 喊著飽的鬼有時也持續受著空腹 最虔誠的人卻不見得還留有風度
有些人 暫時開錯了門 有些人 終究拜錯了神 用力轉動了門把 真心供上了高香 貪戀賭桌的人啊 難免會有人遭殃
這就是命　早已寫好了劇本 故事一頁接著一頁　要如何逃避呢 上帝早已密謀　但我還是用盡全力了 鹹魚不一定能翻身　但她還在努力著
時代的眼淚　如今是高消費的 沒有人能脫身　生活真夠累得 希望在不久的將來　還能順心換口味的 虎豹豺狼　鎖定獵物　都想當上位者
到底甚麼規則　亂無章法　龍套節目 倒地怎麼飛呢　斷了翅膀　生命結束 幻想是爛了臭了舊了繡了　沒了前路 但我是黑的黃的賭的毒的　佔了全部
留言（ 3 ） 最相關留言 所有留言
留言（ 3 ）",2026-08-05,,,False,False,
2026-08-11 01:17:42,realtime,hip_hop,,,41,松桂桃,礙眼（rap試作品）,1,23,2,https://streetvoice.com/honwycat_0112/songs/872851/,https://streetvoice.com/honwycat_0112/,"https://akstatic.streetvoice.com/song_covers/ho/nw/honwycat_0112/KF9AaDHRTPhpRUC3qTgtpD.jpeg?x-oss-process=image/resize,m_fixed,h_1,w_1,limit_0/resize,m_fixed,h_630,w_1200,limit_0/watermark,image_c29uZ19jb3ZlcnMvaG8vbncvaG9ud3ljYXRfMDExMi9LRjlBYURIUlRQaHBSVUMzcVRndHBELmpwZWc_eC1vc3MtcHJvY2Vzcz1pbWFnZS9yZXNpemUsbV9maXhlZCxoXzM0NCx3XzM0NCxsaW1pdF8w,g_nw,x_428,y_143/watermark,image_YXNzZXQvaW1hZ2VzL21ldGFpbWFnZS1zb25nLnBuZw,g_nw,x_0,y_0",images/872851.jpeg,@honwycat_0112,音樂人,高雄市,2026-08-01,,10,2,2,,,https://www.youtube.com/user/StreetVoiceTV,,,Hip hop / Rap,,,,"那時候為了製作另一首歌而在Youtu.be 上尋找女聲的sample ，我點到「太妍」在開放場合演唱［When We Were Young ］，當聽到：You look like a movie，心裡想著我有沒有辦法寫一首關於電影的歌？於是我動手寫詞，而同時我不希望它是抒情歌，而在我沒做過的曲風裡，rap絕對是大魔王，一番奮戰之後只作出半成品，對！詞窮🤣，雖然後面一半只剩節奏，但我覺得這個半成品意外可愛，所以決定分享出來！ 詞/曲風設定：松桂桃 細節設定：Gemini AI 協力 音樂生成：MurekaV8 
那時候為了製作另一首歌而在Youtu.be 上尋找女聲的sample ，我點到「太妍」在開放場合演唱［When We Were Young ］，當聽到：You look like a movie，心裡想著我有沒有辦法寫一首關於電影的歌？於是我動手寫詞，而同時我不希望它是抒情歌，而在我沒做過的曲風裡，rap絕對是大魔王，一番奮戰之後只作出半成品，對！詞窮🤣，雖然後面一半只剩節奏，但我覺得這個半成品意外可愛，所以決定分享出來！ 詞/曲風設定：松桂桃 細節設定：Gemini AI 協力 音樂生成：MurekaV8
那時候為了製作另一首歌而在Youtu.be","(嘖) 最愛電影那顆鏡頭一鏡到底 但現實人生殘酷無法跟你一路到底 乾脆就恨我不是那種國際知名編劇 不然把你寫滿在劇情直到片尾The end. 如果現實人生真的可以是一齣戲 我還得有錢好找人來演路人甲乙丙 不然只有我們兩個在那愛來愛去 (哈) 這票房鐵定肯定是全國倒數第一 其實我沒有很愛演 是路上情侶很礙眼 不想跟愛情有關聯 甘願一個人浪流連 不要以為單身可憐 單身才是真正自由人 (唉) 好了這屁話講講只是要裝帥氣 自己心知肚明已經一大把年紀 拿到市場上是要怎麼跟年輕人比 最好下班沒事就乖乖窩在家裡 才不會被路上那些情侶閃瞎眼睛 那個愛情電影情節在夢裡演可以 也最好不要說出來會被笑死...... (哼... 笑死...) 
(嘖) 最愛電影那顆鏡頭一鏡到底 但現實人生殘酷無法跟你一路到底 乾脆就恨我不是那種國際知名編劇 不然把你寫滿在劇情直到片尾The end.
如果現實人生真的可以是一齣戲 我還得有錢好找人來演路人甲乙丙 不然只有我們兩個在那愛來愛去 (哈) 這票房鐵定肯定是全國倒數第一
其實我沒有很愛演 是路上情侶很礙眼 不想跟愛情有關聯 甘願一個人浪流連 不要以為單身可憐 單身才是真正自由人
(唉) 好了這屁話講講只是要裝帥氣 自己心知肚明已經一大把年紀 拿到市場上是要怎麼跟年輕人比 最好下班沒事就乖乖窩在家裡 才不會被路上那些情侶閃瞎眼睛 那個愛情電影情節在夢裡演可以 也最好不要說出來會被笑死...... (哼... 笑死...)
留言（ 2 ） 最相關留言 所有留言
留言（ 2 ）",2026-08-04,,AI 協作 Hip hop / Rap,False,False,
2026-08-11 01:17:42,realtime,hip_hop,,,42,辛彩薰imxun,Diamond（玩麥塊生存開局就下礦結果3個小時才挖到鑽石）,,,2,https://streetvoice.com/imxun/songs/870777/,https://streetvoice.com/imxun/,"https://akstatic.streetvoice.com/song_covers/im/xu/imxun/iJf2mXSWCLcL9fcCxMyuUY.jpg?x-oss-process=image/resize,m_fixed,h_1,w_1,limit_0/resize,m_fixed,h_630,w_1200,limit_0/watermark,image_c29uZ19jb3ZlcnMvaW0veHUvaW14dW4vaUpmMm1YU1dDTGNMOWZjQ3hNeXVVWS5qcGc_eC1vc3MtcHJvY2Vzcz1pbWFnZS9yZXNpemUsbV9maXhlZCxoXzM0NCx3XzM0NCxsaW1pdF8w,g_nw,x_428,y_143/watermark,image_YXNzZXQvaW1hZ2VzL21ldGFpbWFnZS1zb25nLnBuZw,g_nw,x_0,y_0",images/870777.jpg,@imxun,音樂人,,,,1,34,1,,,https://www.youtube.com/user/StreetVoiceTV,,,Hip hop / Rap,,,,"大嘻哈3沒有入棚只好回去麥塊挖鑽石了……記得小時候跑大隊接力，我都是候補，因為我跑得很慢，但是從今以後，再也不會有人笑我跑得慢了，因為我是———專業陪跑員。我沒有入棚就像把一根竹筍剁碎，不好意思上菜囉～🗣️🗣️你們要的小彩來了，嗯嗯對，這是你們的筍絲，饒舌界來了個無關緊要的人但諧音梗界失去了他的耶路撒冷，懂？￼ 無論如何，我這一生如履薄冰，但是俺的歌就是俺的態度，Never give it up!（說到這裡，辛彩薰跳起了瑞克搖） 麥塊玩到後期的朋友都知道，有時候鐵礦脈的鐵真的太多了，挖不完，而且我有鐵巨人塔，然後金又沒什麼用，所以我就只想挖鑽石，我就是很貪心，我想要我整間房子都是鑽石磚，我根本不管好不好看，我就是想要別人遠遠看見我的房子就會驚嘆：omg!麥塊界的陶朱隱園!所以我就一直挖鑽石，一直挖，一直挖，我做夢都在挖，你問為什麼火把已經所剩無幾？為什麼不加全亮模組？我的原則是玩麥塊不可以加模組，因為我不會裝，我又是一個很陽春的人，我不想學我就會堅持不學，所以我每次去探廢礦的時候火把都會用完，但是深板岩層又挖不到煤炭（深板岩層比較好挖鑽石），這時候我就會叫朋友tp我，為我送一些煤炭來，像是Uber Eat或是Foodpanda那樣，然後我會跟他們一點鑽石，這才不是作弊，我一步都沒有退，打指令的是我朋友不是我，我有給她鑽石啊，我們是正常交易，煤炭變鑽石，就像醜小鴨會變天鵝一樣！😤 最後，封面我用我的ID/imxun拼成了134，是我的海選號碼，你問1、2、3、4的2在哪？我不知道啊我去海選的時候沒有吃早餐沒有吃午餐，我肚子很2啊！我前一天還睡不著，我只睡了2個小時，人家還做2夢～😭😭我夢到我一直挖不到鑽石……我要好好睡覺。。。😴 
大嘻哈3沒有入棚只好回去麥塊挖鑽石了……記得小時候跑大隊接力，我都是候補，因為我跑得很慢，但是從今以後，再也不會有人笑我跑得慢了，因為我是———專業陪跑員。我沒有入棚就像把一根竹筍剁碎，不好意思上菜囉～🗣️🗣️你們要的小彩來了，嗯嗯對，這是你們的筍絲，饒舌界來了個無關緊要的人但諧音梗界失去了他的耶路撒冷，懂？￼ 無論如何，我這一生如履薄冰，但是俺的歌就是俺的態度，Never give it up!（說到這裡，辛彩薰跳起了瑞克搖）
麥塊玩到後期的朋友都知道，有時候鐵礦脈的鐵真的太多了，挖不完，而且我有鐵巨人塔，然後金又沒什麼用，所以我就只想挖鑽石，我就是很貪心，我想要我整間房子都是鑽石磚，我根本不管好不好看，我就是想要別人遠遠看見我的房子就會驚嘆：omg!麥塊界的陶朱隱園!所以我就一直挖鑽石，一直挖，一直挖，我做夢都在挖，你問為什麼火把已經所剩無幾？為什麼不加全亮模組？我的原則是玩麥塊不可以加模組，因為我不會裝，我又是一個很陽春的人，我不想學我就會堅持不學，所以我每次去探廢礦的時候火把都會用完，但是深板岩層又挖不到煤炭（深板岩層比較好挖鑽石），這時候我就會叫朋友tp我，為我送一些煤炭來，像是Uber Eat或是Foodpanda那樣，然後我會跟他們一點鑽石，這才不是作弊，我一步都沒有退，打指令的是我朋友不是我，我有給她鑽石啊，我們是正常交易，煤炭變鑽石，就像醜小鴨會變天鵝一樣！😤
最後，封面我用我的ID/imxun拼成了134，是我的海選號碼，你問1、2、3、4的2在哪？我不知道啊我去海選的時候沒有吃早餐沒有吃午餐，我肚子很2啊！我前一天還睡不著，我只睡了2個小時，人家還做2夢～😭😭我夢到我一直挖不到鑽石……我要好好睡覺。。。😴","Don't call me anymore 404 not found 告訴我座標地下幾層underground 裝聽不見那怪物聲響 獨自逞強著 踏破鐵鞋找不到 Tell me where you are 轉了幾個彎 Baby 你在哪 我們之間隔了幾層牆 距離你太遠的話 But I will never give it up 我挖到diamond 一顆後面接著還有一顆 So I’ll never give it up 你知道我從始至終的專一 真金白銀從不放在眼裡 為了找到你我滿眼 滿心 滿意 全都是你 Like I never get enough 他們說我太過貪心 沒盡頭的廢礦 火把已經所剩無幾 像傳遞接力棒 /tp 我的ID imxun小寫後面.730 踏破鐵鞋找不到 Tell me where you are 轉了幾個彎 Baby 你在～哪😭 我們之間 隔了幾層牆 距離你太遠的話 But I will never give it up ，，， 我挖到diamond 一顆後面接著還有一顆 So I’ll never give it up 
Don't call me anymore 404 not found 告訴我座標地下幾層underground 裝聽不見那怪物聲響 獨自逞強著 踏破鐵鞋找不到 Tell me where you are 轉了幾個彎 Baby 你在哪 我們之間隔了幾層牆 距離你太遠的話 But I will never give it up 我挖到diamond 一顆後面接著還有一顆 So I’ll never give it up 你知道我從始至終的專一 真金白銀從不放在眼裡 為了找到你我滿眼 滿心 滿意 全都是你 Like I never get enough 他們說我太過貪心 沒盡頭的廢礦 火把已經所剩無幾 像傳遞接力棒 /tp 我的ID imxun小寫後面.730 踏破鐵鞋找不到 Tell me where you are 轉了幾個彎 Baby 你在～哪😭 我們之間 隔了幾層牆 距離你太遠的話 But I will never give it up ，，， 我挖到diamond 一顆後面接著還有一顆 So I’ll never give it up
留言（ 2 ） 最相關留言 所有留言
留言（ 2 ）",2026-07-24,,編輯推薦,True,False,
2026-08-11 01:17:42,realtime,hip_hop,,,43,鹿伊尋61,figure out(demo),6,132,1,https://streetvoice.com/sawaokahiko0522/songs/872724/,https://streetvoice.com/sawaokahiko0522/,"https://akstatic.streetvoice.com/song_covers/sa/wa/sawaokahiko0522/kgjDPWnfmihpq5Fh5H2nT9.jpg?x-oss-process=image/resize,m_fixed,h_1,w_1,limit_0/resize,m_fixed,h_630,w_1200,limit_0/watermark,image_c29uZ19jb3ZlcnMvc2Evd2Evc2F3YW9rYWhpa28wNTIyL2tnakRQV25mbWlocHE1Rmg1SDJuVDkuanBnP3gtb3NzLXByb2Nlc3M9aW1hZ2UvcmVzaXplLG1fZml4ZWQsaF8zNDQsd18zNDQsbGltaXRfMA,g_nw,x_428,y_143/watermark,image_YXNzZXQvaW1hZ2VzL21ldGFpbWFnZS1zb25nLnBuZw,g_nw,x_0,y_0",images/872724.jpg,@sawaokahiko0522,音樂人,台灣,2021-06-01,,4,35,15,,,https://www.youtube.com/user/StreetVoiceTV,,,Hip hop / Rap,,,ほしくず_褲子,,"現在是凌晨三點 逃不出去的房間 房間沒有遮光的窗簾 那一切太過刺眼 也遮住我真實的臉 躲回棉被與憂鬱面對面 角落的人映出的悲傷那是我自己我看得見 於是昨天的自己死在床上 而明天的自己還在下一次崩潰的路上誰能來埋葬 當我再次恐慌陷入絕望都一樣 都一樣 路燈照著我的影子映照徬徨我的夢還遊蕩在清醒和迷醉之間 昏暗的燈光迷離且朦朧的視線 世界也一如初見 運轉著從未停歇 所以我在哪我到底在哪實際存在過嗎 舞臺上賣力的 哭泣的 狂笑著的那 都是我也都不是我 你看得偏頗 我演的自甘墮落像是真實發生過 的故事卻忽視太過於意識流的歌詞需要註釋 螢幕前冰冷的注視 跳動的數字混亂的思緒像是碎片化敘事 沒兌現空虛度日像配件般被佈置 沒蛻變的固執被時間腐蝕 卻從未踏出過那深處的影子 若討好別人能快樂的話 我還能算是不夠愛自己嗎 我的眼睛 看不到自己 像底片泡太久的相機 顯影剩空白而已 要套上多少濾鏡 才可以去接納這些光景和自己 我是不是逃避自己我也沒要否定 Like I know they don’t hate me just feel they don’t like me When I walking in the street I think maybe I never exist I can't figure it out Please don't wake me up 
現在是凌晨三點 逃不出去的房間 房間沒有遮光的窗簾 那一切太過刺眼 也遮住我真實的臉 躲回棉被與憂鬱面對面 角落的人映出的悲傷那是我自己我看得見
於是昨天的自己死在床上 而明天的自己還在下一次崩潰的路上誰能來埋葬 當我再次恐慌陷入絕望都一樣 都一樣 路燈照著我的影子映照徬徨我的夢還遊蕩在清醒和迷醉之間 昏暗的燈光迷離且朦朧的視線 世界也一如初見 運轉著從未停歇 所以我在哪我到底在哪實際存在過嗎 舞臺上賣力的 哭泣的 狂笑著的那 都是我也都不是我 你看得偏頗 我演的自甘墮落像是真實發生過 的故事卻忽視太過於意識流的歌詞需要註釋 螢幕前冰冷的注視 跳動的數字混亂的思緒像是碎片化敘事 沒兌現空虛度日像配件般被佈置 沒蛻變的固執被時間腐蝕 卻從未踏出過那深處的影子
若討好別人能快樂的話 我還能算是不夠愛自己嗎 我的眼睛 看不到自己 像底片泡太久的相機 顯影剩空白而已 要套上多少濾鏡 才可以去接納這些光景和自己 我是不是逃避自己我也沒要否定 Like I know they don’t hate me just feel they don’t like me When I walking in the street I think maybe I never exist
I can't figure it out Please don't wake me up
留言（ 1 ） 最相關留言 所有留言
留言（ 1 ）",2026-08-03,,,False,False,
2026-08-11 01:17:42,realtime,hip_hop,,,44,Kun昆,青春回憶錄,1,32,0,https://streetvoice.com/t_180_r/songs/872459/,https://streetvoice.com/t_180_r/,"https://akstatic.streetvoice.com/song_covers/t_/18/t_180_r/L7sfQa93oFio3gBC7Jv7F7.jpg?x-oss-process=image/resize,m_fixed,h_1,w_1,limit_0/resize,m_fixed,h_630,w_1200,limit_0/watermark,image_c29uZ19jb3ZlcnMvdF8vMTgvdF8xODBfci9MN3NmUWE5M29GaW8zZ0JDN0p2N0Y3LmpwZz94LW9zcy1wcm9jZXNzPWltYWdlL3Jlc2l6ZSxtX2ZpeGVkLGhfMzQ0LHdfMzQ0LGxpbWl0XzA,g_nw,x_428,y_143/watermark,image_YXNzZXQvaW1hZ2VzL21ldGFpbWFnZS1zb25nLnBuZw,g_nw,x_0,y_0",images/872459.jpg,@t_180_r,音樂人,桃園市,2021-05-01,,7,13,9,,,https://www.youtube.com/user/StreetVoiceTV,,,Hip hop / Rap,,,劉昱,"我跟劉昱描寫了一段對於青春時期，最純粹的心動，故事會結束，回憶不會消失，一起翻開這本青春回憶錄吧。 詞曲：昆＆劉昱 錄：昆＆劉昱 混、製作、編曲：劉昱 
我跟劉昱描寫了一段對於青春時期，最純粹的心動，故事會結束，回憶不會消失，一起翻開這本青春回憶錄吧。
詞曲：昆＆劉昱 錄：昆＆劉昱 混、製作、編曲：劉昱","昆： 閉上眼 畫面漸浮現 睜開眼 彷彿回到從前 那時候的男孩是多麼靦腆 想與你並肩情緒藏不住在臉上顯現 潛意識放慢腳步試圖讓時間減慢 累了但不想掛電話在凌晨三點半 沒想那麼多只想把你守護 有妳都不遠就算只是走路 見面的時候行動卻開始猶豫 每次怦然心動當你舉手投足 回想這旋律 不管動不動聽 都讓我無所畏懼 自己是編劇 轉換生活重心 總會找到屬於自己的規律 輕輕閉上眼 畫面漸浮現 翻開那本青春的回憶錄 輕輕睜開眼 回到那一年 翻開那本青春的回憶錄 劉昱： 習慣了每個日常都有妳的身影 像一部老電影刻畫專屬風景 從前的那份猶豫現在變成堅定 只要妳需要我我馬上給出反應 想帶妳體會生活所有細節 不用去猜測因為彼此理解 那時候的並肩走路現在已經換成牽手 就這樣一直走下去是我唯一的念頭 不想再把心事藏在我的腦海 對妳的愛永遠不會被淘汰 第一次見面青澀的告白 妳的笑容是我專屬的招牌 夜深了 世界都暫停了 只有你我的心跳聲 昆&劉昱 輕輕閉上眼 畫面漸浮現 翻開那本青春的回憶錄 輕輕睜開眼 回到那一年 翻開那本青春的回憶錄 
昆：
閉上眼 畫面漸浮現 睜開眼 彷彿回到從前
那時候的男孩是多麼靦腆 想與你並肩情緒藏不住在臉上顯現 潛意識放慢腳步試圖讓時間減慢 累了但不想掛電話在凌晨三點半 沒想那麼多只想把你守護 有妳都不遠就算只是走路 見面的時候行動卻開始猶豫 每次怦然心動當你舉手投足
回想這旋律 不管動不動聽 都讓我無所畏懼
自己是編劇 轉換生活重心 總會找到屬於自己的規律
輕輕閉上眼 畫面漸浮現 翻開那本青春的回憶錄
輕輕睜開眼 回到那一年 翻開那本青春的回憶錄
劉昱： 習慣了每個日常都有妳的身影 像一部老電影刻畫專屬風景 從前的那份猶豫現在變成堅定 只要妳需要我我馬上給出反應
想帶妳體會生活所有細節 不用去猜測因為彼此理解 那時候的並肩走路現在已經換成牽手 就這樣一直走下去是我唯一的念頭
不想再把心事藏在我的腦海 對妳的愛永遠不會被淘汰 第一次見面青澀的告白 妳的笑容是我專屬的招牌
夜深了 世界都暫停了 只有你我的心跳聲
昆&劉昱 輕輕閉上眼 畫面漸浮現 翻開那本青春的回憶錄
輕輕睜開眼 回到那一年 翻開那本青春的回憶錄
留言（ 0 ） 最相關留言 所有留言
留言（ 0 ）",2026-08-03,,,False,False,
2026-08-11 01:17:42,realtime,hip_hop,,,45,黃藝與夜蜂合唱團,聽不見黑暗,1,48,1,https://streetvoice.com/sa7122sa/songs/872540/,https://streetvoice.com/sa7122sa/,"https://akstatic.streetvoice.com/song_covers/sa/71/sa7122sa/FMPmmTDb3yUz2XCTBfjAvc.jpeg?x-oss-process=image/resize,m_fixed,h_1,w_1,limit_0/resize,m_fixed,h_630,w_1200,limit_0/watermark,image_c29uZ19jb3ZlcnMvc2EvNzEvc2E3MTIyc2EvRk1QbW1URGIzeVV6MlhDVEJmakF2Yy5qcGVnP3gtb3NzLXByb2Nlc3M9aW1hZ2UvcmVzaXplLG1fZml4ZWQsaF8zNDQsd18zNDQsbGltaXRfMA,g_nw,x_428,y_143/watermark,image_YXNzZXQvaW1hZ2VzL21ldGFpbWFnZS1zb25nLnBuZw,g_nw,x_0,y_0",images/872540.jpeg,@sa7122sa,音樂人,,,2024-11-04 15:33,12,107,21,https://www.facebook.com/huangyi0930,https://www.instagram.com/yepfunband/,https://www.youtube.com/@MrCtjh7122,,,Hip hop / Rap,甕裡黃藝,https://streetvoice.com/sa7122sa/songs/album/97325810/,,"好像一直都沒有好好介紹過自己。 所以，我決定把自我介紹寫成一首歌。 有些故事很久了，有些畫面到現在還記得。 總是在很多時候，會不經意的被問： “你耳朵裡面那是什麼酷耳機” 我總是會說那是我的助聽器 而你也總是有點尷尬，有時候還會跟我道歉 但沒關係呀，我自己覺得也很酷～。 想了好久，我就在想～ 如果這首歌能讓你更認識我一點，那就夠了。 我是黃藝。 很高興，透過音樂認識你。 這是來自2017年的創作 如今它終於變成了可以被欣賞的樣子 
好像一直都沒有好好介紹過自己。 所以，我決定把自我介紹寫成一首歌。 有些故事很久了，有些畫面到現在還記得。 總是在很多時候，會不經意的被問： “你耳朵裡面那是什麼酷耳機” 我總是會說那是我的助聽器 而你也總是有點尷尬，有時候還會跟我道歉 但沒關係呀，我自己覺得也很酷～。
想了好久，我就在想～ 如果這首歌能讓你更認識我一點，那就夠了。 我是黃藝。 很高興，透過音樂認識你。
這是來自2017年的創作 如今它終於變成了可以被欣賞的樣子","動態歌詞
那些沒有回答的夜晚 都變成今天的光 當我有記憶以來就背負一個罪名 很多人問我耳朵裡的豆子是發生什麼事情？ 深吸一口氣 我回答助聽器 看你不好意思的笑了 我其實不在意 20年前某些日子的某些深夜裡 那時的世界是暗的還沒有人睡醒 高燒了40多度蔓延到耳朵裡去 吵醒全世界的哭聲那就是我自己 記得上小學一年級我的老師問我 為什麼總是叫我 都不懂得回頭 說我沒禮貌態度不好沒家教 多少次家庭訪問靠杯我都假裝聽不到 我天生就比較好動 卻被形容是過動 日複一日這舉動 也從沒改善過 他建議我爸媽帶我去醫院走一走 漫長的等待 我意外成了聽障小朋友 聽不見黑暗 只有心跳在唱 那些沒有回答的夜晚 都變成今天的光 數不清的嘲笑沒說 你可能不知道 說我殘障手冊半價 是因為我撿到 說我因為聽障加分 而考上好學校 但每個深夜裡的苦讀 他們完全不知道 高三那年一部電影 叫做聽說 聽不見的耳朵 但日子快樂的過 它們跟一般人一樣 用夢想證明自己 那些樂觀內化 變成了現在的自己 後來我用寫歌找音樂 音樂也找到我 我狂妄地想用音符 用力證明誰是我 慢慢的 漸漸的 我聽障變成一種幽默 我是帶給你最多能量的 完美小丑 我為了給青春一個交代 於是辦了演唱會 我發表歌曲記錄自己 觀眾來了六百位 所以 親愛的有缺陷根本不必恐懼 嘿我是聽障 但我用音樂介紹 黃藝 聽不見黑暗 只有心跳在唱 那些沒有回答的夜晚 都變成今天的光 你聽見了嗎？ 你聽見了嗎？ 你聽見了嗎？ 你聽見我了嗎 你聽見了嗎？ 你聽見了嗎？ 你聽見了嗎？ 你聽見我了嗎 聽不見黑暗 只有心跳在唱 那些沒有回答的夜晚 都變成今天的光 聽不見黑暗 只有心跳在唱 那些沒有回答的夜晚 都變成今天的光 都變成今天的光 
那些沒有回答的夜晚 都變成今天的光
當我有記憶以來就背負一個罪名 很多人問我耳朵裡的豆子是發生什麼事情？ 深吸一口氣 我回答助聽器 看你不好意思的笑了 我其實不在意
20年前某些日子的某些深夜裡 那時的世界是暗的還沒有人睡醒 高燒了40多度蔓延到耳朵裡去 吵醒全世界的哭聲那就是我自己
記得上小學一年級我的老師問我 為什麼總是叫我 都不懂得回頭 說我沒禮貌態度不好沒家教 多少次家庭訪問靠杯我都假裝聽不到
我天生就比較好動 卻被形容是過動 日複一日這舉動 也從沒改善過 他建議我爸媽帶我去醫院走一走 漫長的等待 我意外成了聽障小朋友
聽不見黑暗 只有心跳在唱 那些沒有回答的夜晚 都變成今天的光
數不清的嘲笑沒說 你可能不知道 說我殘障手冊半價 是因為我撿到 說我因為聽障加分 而考上好學校 但每個深夜裡的苦讀 他們完全不知道
高三那年一部電影 叫做聽說 聽不見的耳朵 但日子快樂的過 它們跟一般人一樣 用夢想證明自己 那些樂觀內化 變成了現在的自己
後來我用寫歌找音樂 音樂也找到我 我狂妄地想用音符 用力證明誰是我 慢慢的 漸漸的 我聽障變成一種幽默 我是帶給你最多能量的 完美小丑
我為了給青春一個交代 於是辦了演唱會 我發表歌曲記錄自己 觀眾來了六百位 所以 親愛的有缺陷根本不必恐懼 嘿我是聽障 但我用音樂介紹 黃藝
聽不見黑暗 只有心跳在唱 那些沒有回答的夜晚 都變成今天的光
你聽見了嗎？ 你聽見了嗎？ 你聽見了嗎？ 你聽見我了嗎
你聽見了嗎？ 你聽見了嗎？ 你聽見了嗎？ 你聽見我了嗎
聽不見黑暗 只有心跳在唱 那些沒有回答的夜晚 都變成今天的光
聽不見黑暗 只有心跳在唱 那些沒有回答的夜晚 都變成今天的光
都變成今天的光
留言（ 1 ） 最相關留言 所有留言
留言（ 1 ）",2026-08-02,,,False,False,
2026-08-11 01:17:42,realtime,hip_hop,,,46,Leeyo_3K2,Leeyo - 認份 (Demo),3,102,0,https://streetvoice.com/yhsh10506/songs/872433/,https://streetvoice.com/yhsh10506/,"https://akstatic.streetvoice.com/song_covers/yh/sh/yhsh10506/HDAhzEbUiHt54osAzqhCFx.jpg?x-oss-process=image/resize,m_fixed,h_1,w_1,limit_0/resize,m_fixed,h_630,w_1200,limit_0/watermark,image_c29uZ19jb3ZlcnMveWgvc2gveWhzaDEwNTA2L0hEQWh6RWJVaUh0NTRvc0F6cWhDRnguanBnP3gtb3NzLXByb2Nlc3M9aW1hZ2UvcmVzaXplLG1fZml4ZWQsaF8zNDQsd18zNDQsbGltaXRfMA,g_nw,x_428,y_143/watermark,image_YXNzZXQvaW1hZ2VzL21ldGFpbWFnZS1zb25nLnBuZw,g_nw,x_0,y_0",images/872433.jpg,@yhsh10506,音樂人,台南市,2018-03-01,,4,10,46,,,https://www.youtube.com/user/StreetVoiceTV,,,Hip hop / Rap,,,,"從 MTV 螢幕前的聽到 Jazz Hip-Hop 小學生， 到被姐姐領進門的狂熱聽眾； 從大學宿舍裡跟 B-Boy、DJ 一拍即合， 到真正拿起麥克風，從聽眾走到參與。 畢業之後，再也沒有學生這個藉口，我得開始面對社會，好好思考自己現在是什麼「身分」。 當初開始創作的自己，是我最欣賞的一段時期； 就算現實要我認份，我還是想把那個最誠實的身分留下來。 Leeyo From 3K2 
從 MTV 螢幕前的聽到 Jazz Hip-Hop 小學生，
到被姐姐領進門的狂熱聽眾；
從大學宿舍裡跟 B-Boy、DJ 一拍即合，
到真正拿起麥克風，從聽眾走到參與。
畢業之後，再也沒有學生這個藉口，我得開始面對社會，好好思考自己現在是什麼「身分」。
當初開始創作的自己，是我最欣賞的一段時期；
就算現實要我認份，我還是想把那個最誠實的身分留下來。
Leeyo From 3K2","動態歌詞
Leeyo - 認份 他們說 你應該要認份（已經二十七 你現在已經換了個身份（你要再注意 專心前進 其他事情再等等 （不要太任性 搞興趣那種事 我看你 還是省省 （別不切實際 他們說 你應該要認份（已經二十七 你現在已經換了個身份（你要再注意 專心前進 其他事情再等等 （不要太任性 搞興趣那種事 我看你 還是省省 （別不切實際 Yeah 我就是如此的反骨 旁邊的人都快看不下去 沒有太優雅的談吐 社會事還沒學習著要如何駕馭 我只能反覆 修改著參數 沒 特別制定 什麼戰術 創建又刪除 目標太含糊 然後又跌倒在半路 yeah 真相太殘酷 我想 試著面對 面對後世界觀翻覆 又被勸退 一隻小蝦米 該如何去對抗 一整個艦隊 遊走在半途 開拓著版圖 儘管 中途會有人攔阻 我志在闡述 自己的故事 在歷史的長河中 加點注釋 加一點注釋 一邊書寫一邊度日 看著 戶頭 剩餘的 數字 我知道 有更重要的東西 該我去注視 我不容忽視 他們說 你應該要認份  （已經二十七 你現在已經換了個身份 （你要再注意 專心前進 其他事情再等等 （不要太任性 搞興趣那種事 我看你 還是省省 （別不切實際 他們說 你應該要認份  （已經二十七 你現在已經換了個身份 （你要再注意 專心前進 其他事情再等等 （不要太任性 搞興趣那種事 我看你 還是省省 （別不切實際 省省 Leeyo From 3K2 
Leeyo - 認份 他們說 你應該要認份（已經二十七 你現在已經換了個身份（你要再注意 專心前進 其他事情再等等 （不要太任性 搞興趣那種事 我看你 還是省省 （別不切實際 他們說 你應該要認份（已經二十七 你現在已經換了個身份（你要再注意 專心前進 其他事情再等等 （不要太任性 搞興趣那種事 我看你 還是省省 （別不切實際 Yeah 我就是如此的反骨 旁邊的人都快看不下去 沒有太優雅的談吐 社會事還沒學習著要如何駕馭 我只能反覆 修改著參數 沒 特別制定 什麼戰術 創建又刪除 目標太含糊 然後又跌倒在半路 yeah 真相太殘酷 我想 試著面對 面對後世界觀翻覆 又被勸退 一隻小蝦米 該如何去對抗 一整個艦隊 遊走在半途 開拓著版圖 儘管 中途會有人攔阻 我志在闡述 自己的故事 在歷史的長河中 加點注釋 加一點注釋 一邊書寫一邊度日 看著 戶頭 剩餘的 數字 我知道 有更重要的東西 該我去注視 我不容忽視 他們說 你應該要認份  （已經二十七 你現在已經換了個身份 （你要再注意 專心前進 其他事情再等等 （不要太任性 搞興趣那種事 我看你 還是省省 （別不切實際 他們說 你應該要認份  （已經二十七 你現在已經換了個身份 （你要再注意 專心前進 其他事情再等等 （不要太任性 搞興趣那種事 我看你 還是省省 （別不切實際 省省 Leeyo From 3K2
留言（ 0 ） 最相關留言 所有留言
留言（ 0 ）",2026-08-02,,,False,False,
2026-08-11 01:17:42,realtime,hip_hop,,,47,Frostman,薩爾斯堡的安魂曲,,,0,https://streetvoice.com/frostman/songs/872425/,https://streetvoice.com/frostman/,"https://akstatic.streetvoice.com/song_covers/fr/os/frostman/hiNLcoHmuZjxYfYYnCbPno.jpeg?x-oss-process=image/resize,m_fixed,h_1,w_1,limit_0/resize,m_fixed,h_630,w_1200,limit_0/watermark,image_c29uZ19jb3ZlcnMvZnIvb3MvZnJvc3RtYW4vaGlOTGNvSG11Wmp4WWZZWW5DYlBuby5qcGVnP3gtb3NzLXByb2Nlc3M9aW1hZ2UvcmVzaXplLG1fZml4ZWQsaF8zNDQsd18zNDQsbGltaXRfMA,g_nw,x_428,y_143/watermark,image_YXNzZXQvaW1hZ2VzL21ldGFpbWFnZS1zb25nLnBuZw,g_nw,x_0,y_0",images/872425.jpeg,@frostman,音樂人,台北市,2006-08-01,,12,3,2,,,https://www.youtube.com/user/StreetVoiceTV,,,Hip hop / Rap,J,https://streetvoice.com/frostman/songs/album/97325806/,,,"[Verse 1] 薩爾斯堡迴盪起安魂曲 格特萊德街飄落著細雨 教堂鐘聲覆蓋了話語 愛情終究只是人生逆旅 妳曾是我唯一的歸宿 也是我最深刻的錯誤 薩爾札赫河靜靜流去 把妳帶往沒有我的遠處 [Pre-Chorus] 如果擁抱只是短暫相遇 為何思念卻沒有結局 [Section B] [higher register staccato accents] [increased rhythmic density in left hand] [Chorus] 美麗的靈魂 為什麼這麼痛 妳留下最後一句祝福 卻帶走我的全部 我卻學不會如何給予 也學不會如何放逐 當安魂曲再次響起 只剩回憶反覆 [Rap] 我沿著薩爾札赫河一路走向日暮 風把妳的名字吹進每一條巷路 米拉貝爾花園的花還開得專注 而我停在原地反覆練習孤獨 格特萊德街櫥窗倒映妳的腳步 每一次回頭都像命運刻意埋伏 莫札特故居依舊迎著人潮駐足 只有我的故事沒有下一個章目 如果愛是一場沒有終點的旅途 我願把餘生譜成最後一頁樂譜 讓薩爾斯堡的鐘聲替我全部傾訴 直到妳終於聽見我沉默的痛苦 [Bridge] 如果還有來生 我不再讓妳孤獨 如果還有重逢 願我們沒有辜負 [Final Chorus] 薩爾斯堡迴盪起安魂曲 格特萊德街飄落著細雨 教堂鐘聲覆蓋了話語 愛情終究只是人生逆旅 我卻學不會如何給予 也無法將妳忘記 當最後一個音符歸於寂靜 我終於學會失去 
[Verse 1] 薩爾斯堡迴盪起安魂曲 格特萊德街飄落著細雨 教堂鐘聲覆蓋了話語 愛情終究只是人生逆旅 妳曾是我唯一的歸宿 也是我最深刻的錯誤 薩爾札赫河靜靜流去 把妳帶往沒有我的遠處
[Pre-Chorus] 如果擁抱只是短暫相遇 為何思念卻沒有結局
[Section B] [higher register staccato accents] [increased rhythmic density in left hand] [Chorus] 美麗的靈魂 為什麼這麼痛 妳留下最後一句祝福 卻帶走我的全部 我卻學不會如何給予 也學不會如何放逐 當安魂曲再次響起 只剩回憶反覆
[Rap] 我沿著薩爾札赫河一路走向日暮 風把妳的名字吹進每一條巷路 米拉貝爾花園的花還開得專注 而我停在原地反覆練習孤獨 格特萊德街櫥窗倒映妳的腳步 每一次回頭都像命運刻意埋伏 莫札特故居依舊迎著人潮駐足 只有我的故事沒有下一個章目 如果愛是一場沒有終點的旅途 我願把餘生譜成最後一頁樂譜 讓薩爾斯堡的鐘聲替我全部傾訴 直到妳終於聽見我沉默的痛苦 [Bridge] 如果還有來生 我不再讓妳孤獨 如果還有重逢 願我們沒有辜負 [Final Chorus] 薩爾斯堡迴盪起安魂曲 格特萊德街飄落著細雨 教堂鐘聲覆蓋了話語 愛情終究只是人生逆旅 我卻學不會如何給予 也無法將妳忘記 當最後一個音符歸於寂靜 我終於學會失去
留言（ 0 ） 最相關留言 所有留言
留言（ 0 ）",2026-08-01,,AI 協作 Hip hop / Rap ・ J,False,False,
2026-08-11 01:17:42,realtime,hip_hop,,,48,CJC,沒熟的香蕉,5,216,3,https://streetvoice.com/jimmy54268/songs/871699/,https://streetvoice.com/jimmy54268/,"https://akstatic.streetvoice.com/music_albums/ji/mm/jimmy54268/As3wvxghGnhLcqzv3Gmbea.jpg?x-oss-process=image/resize,m_fixed,h_1,w_1,limit_0/resize,m_fixed,h_630,w_1200,limit_0/watermark,image_bXVzaWNfYWxidW1zL2ppL21tL2ppbW15NTQyNjgvQXMzd3Z4Z2hHbmhMY3F6djNHbWJlYS5qcGc_eC1vc3MtcHJvY2Vzcz1pbWFnZS9yZXNpemUsbV9maXhlZCxoXzM0NCx3XzM0NCxsaW1pdF8w,g_nw,x_428,y_143/watermark,image_YXNzZXQvaW1hZ2VzL21ldGFpbWFnZS1zb25nLnBuZw,g_nw,x_0,y_0",images/871699.jpg,@jimmy54268,音樂人,,,,5,17,10,,,https://www.youtube.com/user/StreetVoiceTV,Blow吹音樂選：2025年度30張台灣原創音樂專輯|||https://blow.streetvoice.com/85800/?utm_source=streetvoice&utm_medium=profile-news-block; 林曉培推出新年首場演出《Shino 林曉培 2025 START Tour》 將翻唱「中島美嘉」經典歌曲|||https://blow.streetvoice.com/77582/?utm_source=streetvoice&utm_medium=profile-news-block; 113年流行音樂製作發行補助案 「錄製升級類」獲補助名單公布|||https://blow.streetvoice.com/74962/?utm_source=streetvoice&utm_medium=profile-news-block,,Hip hop / Rap,小骨包,https://streetvoice.com/jimmy54268/songs/album/97325788/,,"Music Credits 封面 Cover | 布萊恩 錄音 Recording Engineer | CJC 混音 Mixing Engineer | CJC 母帶 Mastering Engineer | CJC 詞曲 Lyricist & Composer | CJC 編曲 Beat Arranger | Rezzy 
Music Credits 封面 Cover | 布萊恩 錄音 Recording Engineer | CJC 混音 Mixing Engineer | CJC 母帶 Mastering Engineer | CJC 詞曲 Lyricist & Composer | CJC 編曲 Beat Arranger | Rezzy","It’s crazy that I made it and my baby kinda crash out 最近呱呱墜地心神不寧想快學到 眼睛看到結局越發接近亂了陣腳 Rainy it’s a rainy uh Rainy it’s a rainy day 最近天氣灰 連bro都變迷妹 振作變氣餒 傾向ready-made 鏡像跳格子 一步一腳印 竟想要得志 地滑丟小命 Hip Hop 有報應 侵佔我小名 裹腳命 逃不掉 總想帶你逃離掉 曾幾何時陷泥沼 我都不知道 Heard that goofy sound 把皮毛 處理掉 為玉手 剝皮ouch Couch … sitting there beefing who? Creepy huh 畢竟輸也輸了姓名了 今明的 孩子等我命名 Put my 精力 in it 生產一堆mimics Curse wait 我被卡在這 慢性病 rob confidence  變成一般人 當我是 一般人 卻不當我是一般人 多久沒有騎單車 多久不是古典派 多久沒有出現在 從前的畢業名單 多久奴隸的想法 不能用一點心算 終於step in aight 我在同一年飢荒 It’s crazy that I made it and my baby kinda crash out 最近呱呱墜地心神不寧想快學到 眼睛看到結局越發接近亂了陣腳 Rainy it’s a rainy uh Rainy it’s a rainy day 
It’s crazy that I made it and my baby kinda crash out 最近呱呱墜地心神不寧想快學到 眼睛看到結局越發接近亂了陣腳 Rainy it’s a rainy uh Rainy it’s a rainy day
最近天氣灰 連bro都變迷妹 振作變氣餒 傾向ready-made 鏡像跳格子 一步一腳印 竟想要得志 地滑丟小命 Hip Hop 有報應 侵佔我小名
裹腳命 逃不掉 總想帶你逃離掉 曾幾何時陷泥沼 我都不知道 Heard that goofy sound 把皮毛 處理掉 為玉手 剝皮ouch Couch … sitting there beefing who? Creepy huh 畢竟輸也輸了姓名了 今明的 孩子等我命名 Put my 精力 in it 生產一堆mimics
Curse wait 我被卡在這 慢性病 rob confidence  變成一般人 當我是 一般人 卻不當我是一般人 多久沒有騎單車 多久不是古典派 多久沒有出現在 從前的畢業名單 多久奴隸的想法 不能用一點心算 終於step in aight
我在同一年飢荒
It’s crazy that I made it and my baby kinda crash out 最近呱呱墜地心神不寧想快學到 眼睛看到結局越發接近亂了陣腳 Rainy it’s a rainy uh Rainy it’s a rainy day
留言（ 3 ） 最相關留言 所有留言
留言（ 3 ）",2026-07-31,,,False,False,
2026-08-11 01:17:42,realtime,hip_hop,,,49,Krereal,這次必須要走起來了,1,20,2,https://streetvoice.com/kre_real/songs/872446/,https://streetvoice.com/kre_real/,"https://akstatic.streetvoice.com/song_covers/kr/e_/kre_real/oNuMZxe8BYig46BF2kjEdX.jpg?x-oss-process=image/resize,m_fixed,h_1,w_1,limit_0/resize,m_fixed,h_630,w_1200,limit_0/watermark,image_c29uZ19jb3ZlcnMva3IvZV8va3JlX3JlYWwvb051TVp4ZThCWWlnNDZCRjJrakVkWC5qcGc_eC1vc3MtcHJvY2Vzcz1pbWFnZS9yZXNpemUsbV9maXhlZCxoXzM0NCx3XzM0NCxsaW1pdF8w,g_nw,x_428,y_143/watermark,image_YXNzZXQvaW1hZ2VzL21ldGFpbWFnZS1zb25nLnBuZw,g_nw,x_0,y_0",images/872446.jpg,@kre_real,音樂人,,,,2,10,2,,,https://www.youtube.com/user/StreetVoiceTV,,,Hip hop / Rap,,,,"牛逼饒舌勁爆單曲 
牛逼饒舌勁爆單曲","哥們這次必須要走起來了 你們要知道 會讓家裡名下多好幾台車 這事情遲早 會發生的 不是在夢裡 實現我憧憬 讓家人有更好的生活是我的動力來源 不再兜裡沒錢了 Be humble 我向上走 踏步夠久了挺直腰桿向前配上伴奏轉大音量鈕 沈澱也一陣又一陣了 越陳越香的純糧酒 寫幾段verse的價值都快能比上通商口 岸 我不會像某些人玩骯髒的手段 把不屬於他的東西裝進口袋 說這是社交手腕 我可能太正直了所以才會被說在走彎 路 沒事反正通往成功的路我也照樣會走完 我希望我能走到那兒 我這一路走來明白了什麼是重要的 我說 爸媽我想讓你們能好好休息 我想在出息時 跟你們說句兒子長大了 我們 不用再為了特價商品在超市中爭奪 陷入泥濘我會振作起來再努力從中掙脫 而掙脫後呢我會再繼續的振作 振作起來的我會給家裡帶來更好的生活 我會讓他們看到我變成熟了 不再像之前魯莽我變得穩重了 會讓 他們看到我做出了成績 曾經的不理解放一邊我需要的是支持和相信 相信我好嗎會讓你們吃得飽過得好 會讓你們有自信的說兒子真的做得到 man 所以太多的事情都不要只看表面 那真的挺討厭 我年輕但玩得比你們還老練 Keep boom keep bap keep boom keep bap Keep Boom bap I won’t let u cry momma I’m a good man 所以我不會再浪費我時間了 許的願望我會一一的幫你們實現的 我在跟beat打配合 so what u guys waiting for 一幫人做個音樂都被伴奏牽著鼻子走 所以我會走起的然後幫你們上點課 我需要錢所以學費可能會收的有點多 所以現在該怎麼做呢 我需要努力的奔跑 我希望我的歌 能傳遍大街和巷尾 我會把獎項獲得 然後注意著分秒 他們看到我經過會說 成功人士的香味 
哥們這次必須要走起來了 你們要知道 會讓家裡名下多好幾台車 這事情遲早 會發生的 不是在夢裡 實現我憧憬 讓家人有更好的生活是我的動力來源 不再兜裡沒錢了
Be humble 我向上走 踏步夠久了挺直腰桿向前配上伴奏轉大音量鈕 沈澱也一陣又一陣了 越陳越香的純糧酒 寫幾段verse的價值都快能比上通商口 岸
我不會像某些人玩骯髒的手段 把不屬於他的東西裝進口袋 說這是社交手腕 我可能太正直了所以才會被說在走彎 路 沒事反正通往成功的路我也照樣會走完
我希望我能走到那兒 我這一路走來明白了什麼是重要的 我說 爸媽我想讓你們能好好休息 我想在出息時 跟你們說句兒子長大了
我們 不用再為了特價商品在超市中爭奪 陷入泥濘我會振作起來再努力從中掙脫 而掙脫後呢我會再繼續的振作 振作起來的我會給家裡帶來更好的生活
我會讓他們看到我變成熟了 不再像之前魯莽我變得穩重了 會讓 他們看到我做出了成績 曾經的不理解放一邊我需要的是支持和相信
相信我好嗎會讓你們吃得飽過得好 會讓你們有自信的說兒子真的做得到 man 所以太多的事情都不要只看表面 那真的挺討厭 我年輕但玩得比你們還老練
Keep boom keep bap keep boom keep bap Keep Boom bap I won’t let u cry momma I’m a good man 所以我不會再浪費我時間了 許的願望我會一一的幫你們實現的
我在跟beat打配合 so what u guys waiting for 一幫人做個音樂都被伴奏牽著鼻子走 所以我會走起的然後幫你們上點課 我需要錢所以學費可能會收的有點多
所以現在該怎麼做呢 我需要努力的奔跑 我希望我的歌 能傳遍大街和巷尾 我會把獎項獲得 然後注意著分秒 他們看到我經過會說 成功人士的香味
留言（ 2 ） 最相關留言 所有留言
留言（ 2 ）",2026-08-01,,,False,False,
2026-08-11 01:17:42,realtime,hip_hop,,,50,LUKA,一本萬利60s-demo,3,71,2,https://streetvoice.com/LUKAjy/songs/872347/,https://streetvoice.com/LUKAjy/,"https://akstatic.streetvoice.com/asset/images/default/img-profile-head-default.png?x-oss-process=image/resize,m_fixed,h_1,w_1,limit_0/resize,m_fixed,h_630,w_1200,limit_0/watermark,image_YXNzZXQvaW1hZ2VzL2RlZmF1bHQvaW1nLXByb2ZpbGUtaGVhZC1kZWZhdWx0LnBuZz94LW9zcy1wcm9jZXNzPWltYWdlL3Jlc2l6ZSxtX2ZpeGVkLGhfMzQ0LHdfMzQ0LGxpbWl0XzA,g_nw,x_428,y_143/watermark,image_YXNzZXQvaW1hZ2VzL21ldGFpbWFnZS1zb25nLnBuZw,g_nw,x_0,y_0",images/872347.png,@LUKAjy,音樂人,,,,,,,,,https://www.youtube.com/user/StreetVoiceTV,,,Hip hop / Rap,,,,"Prod. by MOSHEIX 
Prod. by MOSHEIX","這是沒有提供歌詞的歌曲
留言（ 2 ） 最相關留言 所有留言
留言（ 2 ）",2026-08-01,,,False,False,
