snapshot_time,rank,artist_name,song_title,likes_count,play_count,comments_count,song_url,artist_url,cover_image_url,artist_handle,artist_identity,artist_city,artist_joined_date,artist_accredited_datetime,artist_music_count,artist_fans_count,artist_following_count,artist_facebook_url,artist_instagram_url,artist_youtube_url,genre,album_title,album_url,collaborators,description,lyrics,release_date,song_accredited_datetime,is_editor_recommended,is_song_of_the_day,critic_review_url
2026-08-06 11:30:09,1,,,75,2988,6,https://streetvoice.com/lucymeow/songs/869888/,https://streetvoice.com/lucymeow/,"https://akstatic.streetvoice.com/song_covers/lu/cy/lucymeow/ZNGfN8PgCB3jdwf5xUL85h.jpeg?x-oss-process=image/resize,m_fixed,h_1,w_1,limit_0/resize,m_fixed,h_630,w_1200,limit_0/watermark,image_c29uZ19jb3ZlcnMvbHUvY3kvbHVjeW1lb3cvWk5HZk44UGdDQjNqZHdmNXhVTDg1aC5qcGVnP3gtb3NzLXByb2Nlc3M9aW1hZ2UvcmVzaXplLG1fZml4ZWQsaF8zNDQsd18zNDQsbGltaXRfMA,g_nw,x_428,y_143/watermark,image_YXNzZXQvaW1hZ2VzL21ldGFpbWFnZS1zb25nLnBuZw,g_nw,x_0,y_0",@lucymeow,音樂人,桃園市,2020-10-01,,5,2419,,https://www.facebook.com/Lucyfairygood,https://instagram.com/_lucyliao_,https://www.youtube.com/@LUCY-kc7zz,Singer / Songwriter,,,,"建立在令人起雞皮疙瘩的合成器聲響、深沉低頻與緩慢燃燒般的節奏之上，〈Looking at Me〉瀰漫著一種揮之不去的不安感。 這首歌取材自 LÜCY 過去生命中最黑暗的時期之一，穿梭於恐懼、記憶、自我認同，以及那種彷彿被注視著的詭異感受之間。 作詞 Lyricist｜LÜCY, Ben 作曲 Composer｜LÜCY, Eirik Hella 製作 Producer｜LÜCY, Eirik Hella 編曲 Arranger｜Eirik Hella 錄音工程師 Recording Engineer｜Eirik Hella, 邱建鈞 J-Jyun Ciou 混音工程師 Mixing Engineer｜Eirik Hella 母帶後期處理工程師 Mastering Engineer｜George Tanderø 
建立在令人起雞皮疙瘩的合成器聲響、深沉低頻與緩慢燃燒般的節奏之上，〈Looking at Me〉瀰漫著一種揮之不去的不安感。 這首歌取材自 LÜCY 過去生命中最黑暗的時期之一，穿梭於恐懼、記憶、自我認同，以及那種彷彿被注視著的詭異感受之間。
作詞 Lyricist｜LÜCY, Ben 作曲 Composer｜LÜCY, Eirik Hella 製作 Producer｜LÜCY, Eirik Hella 編曲 Arranger｜Eirik Hella 錄音工程師 Recording Engineer｜Eirik Hella, 邱建鈞 J-Jyun Ciou 混音工程師 Mixing Engineer｜Eirik Hella 母帶後期處理工程師 Mastering Engineer｜George Tanderø","First, tell me I am crazy Despite the love for you, can't keep on fighting I'm drowning in my dreams don't wake me up, wake me up I can't get up'cause they all looking at me I can't get up'cause they all looking at me This time you’re crazy, baby Someone without a name I can't keep on trying I'm drowning in my fears, in my tears Don't wake me up, wake me up I can't get help 'cause they all looking at me I can't get help 'cause they all looking at me I can't get help 'cause they all looking at me I can't get help 'cause they all looking at me 當全世界都看著我 翅膀它漸漸往上飛 我那顆心卻 掉啊 沉啊 讓懸崖接住我 是不是只要一跳躍下 我就會沒有重量 我又忘記吃飯了 恐懼包圍著我 我不想拿下耳機 我不想解釋 我不想笑得開心 我想要躲起來 為什麼不找工作 都閑閑沒事做 眼淚又開始失眠 Burning eyes in the night looking at me I can't get up 'cause they all looking at me I can't get up 'cause they all looking at me I can't get up 'cause they all looking at me Lucy, sing! 唱歌給我們聽 c’mon, just one song 你可以答應我27歲前先不要結婚嗎？ Lucy you will be rich you can have every bag you want trust me just don’t get pregnant haha… One single leap then I’ll be free oh nothing remains but me I cry and i pray but no one hears I’m weeping in my dream I can't get help 'cause they all looking at me I can't get help 'cause they all looking at me I can't get help 'cause they all looking at me I can’t get help so why you’re looking at me? 
First, tell me I am crazy Despite the love for you, can't keep on fighting I'm drowning in my dreams don't wake me up, wake me up I can't get up'cause they all looking at me I can't get up'cause they all looking at me
This time you’re crazy, baby Someone without a name I can't keep on trying I'm drowning in my fears, in my tears Don't wake me up, wake me up I can't get help 'cause they all looking at me I can't get help 'cause they all looking at me I can't get help 'cause they all looking at me I can't get help 'cause they all looking at me
當全世界都看著我 翅膀它漸漸往上飛 我那顆心卻 掉啊 沉啊 讓懸崖接住我
是不是只要一跳躍下 我就會沒有重量 我又忘記吃飯了 恐懼包圍著我
我不想拿下耳機 我不想解釋 我不想笑得開心 我想要躲起來
為什麼不找工作 都閑閑沒事做 眼淚又開始失眠 Burning eyes in the night looking at me I can't get up 'cause they all looking at me I can't get up 'cause they all looking at me I can't get up 'cause they all looking at me
Lucy, sing! 唱歌給我們聽 c’mon, just one song 你可以答應我27歲前先不要結婚嗎？ Lucy you will be rich you can have every bag you want trust me just don’t get pregnant haha…
One single leap then I’ll be free oh nothing remains but me I cry and i pray but no one hears I’m weeping in my dream
I can't get help 'cause they all looking at me I can't get help 'cause they all looking at me I can't get help 'cause they all looking at me I can’t get help so why you’re looking at me?
留言（ 6 ） 最相關留言 所有留言
留言（ 6 ）",2026-07-24,,True,True,https://streetvoice.com/lucymeow/songs/869888/critic_reviews/
2026-08-06 11:30:09,2,,,13,5450,70,https://streetvoice.com/billowing_sea_0d/songs/869559/,https://streetvoice.com/billowing_sea_0d/,"https://akstatic.streetvoice.com/song_covers/bi/ll/billowing_sea_0d/ZWwuKDfm8TeacbAXGBgvgE.jpeg?x-oss-process=image/resize,m_fixed,h_1,w_1,limit_0/resize,m_fixed,h_630,w_1200,limit_0/watermark,image_c29uZ19jb3ZlcnMvYmkvbGwvYmlsbG93aW5nX3NlYV8wZC9aV3d1S0RmbThUZWFjYkFYR0JndmdFLmpwZWc_eC1vc3MtcHJvY2Vzcz1pbWFnZS9yZXNpemUsbV9maXhlZCxoXzM0NCx3XzM0NCxsaW1pdF8w,g_nw,x_428,y_143/watermark,image_YXNzZXQvaW1hZ2VzL21ldGFpbWFnZS1zb25nLnBuZw,g_nw,x_0,y_0",@billowing_sea_0d,音樂人,台北市,2016-09-01,2025-11-10 09:55,3,26,4,,https://www.instagram.com/docstar_sing,https://youtube.com/@docstar_sing,Rock,,,,"💗 這首歌和 Vast & Hazy 吉他手林易祺，花了超過400小時完成，是我目前最喜歡的一首作品。如果它讓你想起某個人、某段過去，歡迎繼續往下看~ ✨ 白天是醫師，晚上把生命裡真實發生的故事寫成歌。 陳星甫 IG✨➡️ https://www.instagram.com/docstar_sing/ 全串流平台收聽 🎧➡️https://rock-mobile.lnk.to/IJVFaI20 陳星甫🎤街聲Playlist:➡️ https://streetvoice.com/billowing_sea_0d/playlists/947508/ 🌙【《墜落的夢鏡中有你也有我》的創作故事】 這首歌寫於我當住院醫師的時期。那時候我努力遺忘、努力生活，直到某天，她毫無預警地出現在夢裡，我醒來後久久無法抽離，於是寫下了這首歌。 主歌是剛醒來的孤寂：窗簾微微飄動，床上還留著餘溫，眼前的「我們」卻早已不在。 副歌裡的「夢鏡」，既是夢，也是鏡——自己一路墜落，山的盡頭，「我們」依然存在，卻只活在夢裡。 最後唱著「夢醒了，天亮了」——白天，我們笑著假裝早已放下；夜深人靜，才知道那些沒說完的話、沒做完的夢，其實都還在心裡。 🤍這首歌，寫給那些不得不長大，卻仍在過往愛情與未竟理想之間掙扎的人。 ❤️‍🩹如果你喜歡這首歌，歡迎按下愛心、留言分享你的故事，也別忘了追蹤我，我會繼續把生命裡真實發生的故事，寫成歌，陪你一起走一段。 — 星甫 
💗 這首歌和 Vast & Hazy 吉他手林易祺，花了超過400小時完成，是我目前最喜歡的一首作品。如果它讓你想起某個人、某段過去，歡迎繼續往下看~
✨ 白天是醫師，晚上把生命裡真實發生的故事寫成歌。
陳星甫 IG✨➡️ https://www.instagram.com/docstar_sing/ 全串流平台收聽 🎧➡️https://rock-mobile.lnk.to/IJVFaI20 陳星甫🎤街聲Playlist:➡️ https://streetvoice.com/billowing_sea_0d/playlists/947508/
https://www.instagram.com/docstar_sing/
https://streetvoice.com/billowing_sea_0d/playlists/947508/
🌙【《墜落的夢鏡中有你也有我》的創作故事】 這首歌寫於我當住院醫師的時期。那時候我努力遺忘、努力生活，直到某天，她毫無預警地出現在夢裡，我醒來後久久無法抽離，於是寫下了這首歌。
主歌是剛醒來的孤寂：窗簾微微飄動，床上還留著餘溫，眼前的「我們」卻早已不在。 副歌裡的「夢鏡」，既是夢，也是鏡——自己一路墜落，山的盡頭，「我們」依然存在，卻只活在夢裡。 最後唱著「夢醒了，天亮了」——白天，我們笑著假裝早已放下；夜深人靜，才知道那些沒說完的話、沒做完的夢，其實都還在心裡。
🤍這首歌，寫給那些不得不長大，卻仍在過往愛情與未竟理想之間掙扎的人。 ❤️‍🩹如果你喜歡這首歌，歡迎按下愛心、留言分享你的故事，也別忘了追蹤我，我會繼續把生命裡真實發生的故事，寫成歌，陪你一起走一段。 — 星甫","動態歌詞
詞/曲:陳星甫 我閉上了眼睛 餘溫都還留在這裡 雨 下個不停 我看清了眼前 隨風起舞之際 我們 早已遠去 墜落的夢鏡中 有你也有我 山的盡頭有我們 墜落的夢鏡中 有你也有我 但願山的盡頭 我是那麼從容 ♪ 我睜開著眼睛 回憶都還留 在 夢裡 雨 下個不停 我看起了眼前 面容憔悴的你 我們 早已 遠去 墜落的夢鏡中 有你也有我 山的盡頭 有我們 墜落的夢鏡中 有你也有我 但願山的盡頭 我是那麼從容 墜落的夢鏡中 有你也有我 但願夢的盡頭 天亮了 ♪ 黎明 在沒有你的陽光裡 狂喜著 喧鬧著 偽裝著 夜裡 我檢討著過去的 自己 大哭著 拼湊著 偽裝著 告訴自己 天亮了、夢醒了 請喚醒我吧 
詞/曲:陳星甫 我閉上了眼睛 餘溫都還留在這裡 雨 下個不停 我看清了眼前 隨風起舞之際 我們 早已遠去 墜落的夢鏡中 有你也有我 山的盡頭有我們 墜落的夢鏡中 有你也有我 但願山的盡頭 我是那麼從容 ♪ 我睜開著眼睛 回憶都還留 在 夢裡 雨 下個不停 我看起了眼前 面容憔悴的你 我們 早已 遠去 墜落的夢鏡中 有你也有我 山的盡頭 有我們 墜落的夢鏡中 有你也有我 但願山的盡頭 我是那麼從容 墜落的夢鏡中 有你也有我 但願夢的盡頭 天亮了 ♪ 黎明 在沒有你的陽光裡 狂喜著 喧鬧著 偽裝著 夜裡 我檢討著過去的 自己 大哭著 拼湊著 偽裝著 告訴自己 天亮了、夢醒了 請喚醒我吧
留言（ 70 ） 最相關留言 所有留言
留言（ 70 ）",2026-07-29,,False,False,
2026-08-06 11:30:09,3,,,7,290,6,https://streetvoice.com/22_5_2022/songs/871647/,https://streetvoice.com/22_5_2022/,"https://akstatic.streetvoice.com/song_covers/22/_5/22_5_2022/XpVKJQDKy42ibmdtyzWUsQ.jpeg?x-oss-process=image/resize,m_fixed,h_1,w_1,limit_0/resize,m_fixed,h_630,w_1200,limit_0/watermark,image_c29uZ19jb3ZlcnMvMjIvXzUvMjJfNV8yMDIyL1hwVktKUURLeTQyaWJtZHR5eldVc1EuanBlZz94LW9zcy1wcm9jZXNzPWltYWdlL3Jlc2l6ZSxtX2ZpeGVkLGhfMzQ0LHdfMzQ0LGxpbWl0XzA,g_nw,x_428,y_143/watermark,image_YXNzZXQvaW1hZ2VzL21ldGFpbWFnZS1zb25nLnBuZw,g_nw,x_0,y_0",@22_5_2022,音樂人,台中市,2022-11-01,2022-12-19 17:30,2,146,4,,https://www.instagram.com/22.5_band/,https://www.youtube.com/user/StreetVoiceTV,Folk,,,,"22.5〈再見再見〉 (The Days) 第一個再見，是道別； 第二個再見，是再次相見。 我們總以為自己忘記了。 直到再次相見，才發現那些故事一直都在， 只是安靜地留在心裡，等待某一天重新浮現。 — 〈再見再見〉由老王樂隊主唱 立長 擔任製作人，以「再見」同時代表告別與重逢的雙重意義為創作核心，寫下那些在人生路上漸漸走散的人，在某個瞬間再次相遇，讓停留已久的故事重新有了畫面。 再見，是收藏，不是遺忘。 — 製作名單Credits 製作人 Producer｜張立長 LiChang Chang 作詞 Lyricist｜王駿維 Will Wang 作曲 Composer｜王駿維 Will Wang 編曲 Arranger｜22.5 人聲 Vocal｜王駿維 Will Wang、李佳瑜 Jia Yu Lee 木吉他 Acoustic Guitars｜王駿維 Will Wang、李佳瑜Jia Yu Lee 爵士鼓 Drums｜林泓宇 Noi Lin 貝斯 Bass｜劉東昇 Charles Liu 打擊樂器 Percussion｜林泓宇 Noi Lin 和聲 Backing Vocals｜王涏諭 Tingyu Wang、江守禾 Jiang Shou He、林程安 ChengAnn Lin、侯涵溱 Hanchen Hou、徐藜方 Lifang Xu、胡秉昊 Hu Bing Hao、莊叡諭 Ruiyu Chuang、許子安 Ann Hsu、黃心麟 Hsinlin Huang、温得鈞 Dejun Wen、劉靜 Jing Liu、賴玉芬 Yufen Lai 和聲編寫 Backing Vocal Arrangement｜王駿維 Will Wang、張立長 LiChang Chang 管樂 Trumpet and Flugelhorn｜林佳穎 Leia Lin 管樂編曲Brass Arrangement｜林佳穎 Leia Lin、張立長 LiChang Chang、王駿維 Will Wang Mellotron編寫及錄製 Mellotron Arrangement and Recording｜一森 Eason Chou 錄音工程師 Recording Engineer｜一森 Eason Chou 鼓技師 Drum Tech｜馮會元 Feng Hui Yuan 混音師 Mixing Engineer｜一森 Eason Chou 母帶後期處理 Mastering Engineer｜Sterling Sound Will Quinnell 封面設計｜漆案 Chien 樂團經紀｜王雁苓 Annie Wang 
22.5〈再見再見〉 (The Days)
第一個再見，是道別； 第二個再見，是再次相見。
我們總以為自己忘記了。 直到再次相見，才發現那些故事一直都在， 只是安靜地留在心裡，等待某一天重新浮現。
—
〈再見再見〉由老王樂隊主唱 立長 擔任製作人，以「再見」同時代表告別與重逢的雙重意義為創作核心，寫下那些在人生路上漸漸走散的人，在某個瞬間再次相遇，讓停留已久的故事重新有了畫面。
再見，是收藏，不是遺忘。
— 製作名單Credits
製作人 Producer｜張立長 LiChang Chang 作詞 Lyricist｜王駿維 Will Wang 作曲 Composer｜王駿維 Will Wang 編曲 Arranger｜22.5
人聲 Vocal｜王駿維 Will Wang、李佳瑜 Jia Yu Lee 木吉他 Acoustic Guitars｜王駿維 Will Wang、李佳瑜Jia Yu Lee 爵士鼓 Drums｜林泓宇 Noi Lin 貝斯 Bass｜劉東昇 Charles Liu 打擊樂器 Percussion｜林泓宇 Noi Lin
和聲 Backing Vocals｜王涏諭 Tingyu Wang、江守禾 Jiang Shou He、林程安 ChengAnn Lin、侯涵溱 Hanchen Hou、徐藜方 Lifang Xu、胡秉昊 Hu Bing Hao、莊叡諭 Ruiyu Chuang、許子安 Ann Hsu、黃心麟 Hsinlin Huang、温得鈞 Dejun Wen、劉靜 Jing Liu、賴玉芬 Yufen Lai 和聲編寫 Backing Vocal Arrangement｜王駿維 Will Wang、張立長 LiChang Chang
管樂 Trumpet and Flugelhorn｜林佳穎 Leia Lin 管樂編曲Brass Arrangement｜林佳穎 Leia Lin、張立長 LiChang Chang、王駿維 Will Wang Mellotron編寫及錄製 Mellotron Arrangement and Recording｜一森 Eason Chou
錄音工程師 Recording Engineer｜一森 Eason Chou 鼓技師 Drum Tech｜馮會元 Feng Hui Yuan 混音師 Mixing Engineer｜一森 Eason Chou 母帶後期處理 Mastering Engineer｜Sterling Sound Will Quinnell
封面設計｜漆案 Chien 樂團經紀｜王雁苓 Annie Wang","有些時候呢 我會忘記 故事的情節 即便用盡所有力氣 有些時候呢 我會想起 有你的畫面 即便模糊到不堪一擊 再見，再見 年輪又多了幾圈 想念卻像是不曾蔓延 再見，再見 等情節續寫到面前 故事才又有了畫面 有些時候呢 我會忘記 我們故事的情節 即便用盡所有力氣 有些時候呢 我會想起 某些有你的畫面 即便模糊到不堪一擊 再見，再見 時光又走了多遠 身邊的人啊 換了一遍又一遍 再見，再見 等章節續寫到面前 彼此又回到相視而笑的起點 再見，再見 再見是收藏 不是遺忘 
有些時候呢 我會忘記 故事的情節 即便用盡所有力氣
有些時候呢 我會想起 有你的畫面 即便模糊到不堪一擊
再見，再見 年輪又多了幾圈 想念卻像是不曾蔓延
再見，再見 等情節續寫到面前 故事才又有了畫面
有些時候呢 我會忘記 我們故事的情節 即便用盡所有力氣
有些時候呢 我會想起 某些有你的畫面 即便模糊到不堪一擊
再見，再見 時光又走了多遠
身邊的人啊 換了一遍又一遍
再見，再見 等章節續寫到面前 彼此又回到相視而笑的起點
再見，再見 再見是收藏 不是遺忘
留言（ 6 ） 最相關留言 所有留言
留言（ 6 ）",2026-08-03,,True,False,
2026-08-06 11:30:09,4,,,34,2541,23,https://streetvoice.com/MatthewLiu/songs/870099/,https://streetvoice.com/MatthewLiu/,"https://akstatic.streetvoice.com/song_covers/Ma/tt/MatthewLiu/ffF2m9xA4aeErySjPCqDcz.jpeg?x-oss-process=image/resize,m_fixed,h_1,w_1,limit_0/resize,m_fixed,h_630,w_1200,limit_0/watermark,image_c29uZ19jb3ZlcnMvTWEvdHQvTWF0dGhld0xpdS9mZkYybTl4QTRhZUVyeVNqUENxRGN6LmpwZWc_eC1vc3MtcHJvY2Vzcz1pbWFnZS9yZXNpemUsbV9maXhlZCxoXzM0NCx3XzM0NCxsaW1pdF8w,g_nw,x_428,y_143/watermark,image_YXNzZXQvaW1hZ2VzL21ldGFpbWFnZS1zb25nLnBuZw,g_nw,x_0,y_0",@MatthewLiu,音樂人,,,2026-08-04 16:48,1,104,,https://www.facebook.com/share/19GGoV6fp5/?mibextid=wwXIfr,https://www.instagram.com/hsiuchichi/,https://www.youtube.com/@m920333333,Pop,,,,"成立美秀之前與李威、狗柏一起表演過的創作 
成立美秀之前與李威、狗柏一起表演過的創作","深夜的胡思亂想 一個人 走出門 在深夜散步沈澱想法 談不上悲傷但也不快樂 像快要下雨的清晨 已經走 多遠了 想找尋避風港的小船 那些愛的恨的猜不透的 逝去了找不到解答 陪寂寞呼吸著回憶的殘響 纏繞在胸口情緒緊繃迴盪 只是深夜的胡思亂想 沒有你的世界好孤單 沒有你的世界好孤單 沒有你的世界好孤單 簡簡單單 就再次癲狂 眼淚落下帶不走我的崩塌 也許世界已經無法承載我 也許我無法承載悲傷 陪寂寞呼吸著回憶的殘響 纏繞在胸口情緒緊繃迴盪 只是深夜的胡思亂想 沒有你的世界好孤單 沒有你的世界好孤單 沒有你的世界 
深夜的胡思亂想
一個人 走出門 在深夜散步沈澱想法 談不上悲傷但也不快樂 像快要下雨的清晨
已經走 多遠了 想找尋避風港的小船 那些愛的恨的猜不透的 逝去了找不到解答
陪寂寞呼吸著回憶的殘響 纏繞在胸口情緒緊繃迴盪 只是深夜的胡思亂想 沒有你的世界好孤單 沒有你的世界好孤單 沒有你的世界好孤單
簡簡單單 就再次癲狂 眼淚落下帶不走我的崩塌 也許世界已經無法承載我 也許我無法承載悲傷
陪寂寞呼吸著回憶的殘響 纏繞在胸口情緒緊繃迴盪 只是深夜的胡思亂想 沒有你的世界好孤單 沒有你的世界好孤單 沒有你的世界
留言（ 23 ） 最相關留言 所有留言
留言（ 23 ）",2026-07-19,,True,True,
2026-08-06 11:30:09,5,,,35,2107,2,https://streetvoice.com/sulysalt/songs/870016/,https://streetvoice.com/sulysalt/,"https://akstatic.streetvoice.com/music_albums/su/ly/sulysalt/Yc3uEZ2pe8N95Fxe4mcU6k.jpeg?x-oss-process=image/resize,m_fixed,h_1,w_1,limit_0/resize,m_fixed,h_630,w_1200,limit_0/watermark,image_bXVzaWNfYWxidW1zL3N1L2x5L3N1bHlzYWx0L1ljM3VFWjJwZThOOTVGeGU0bWNVNmsuanBlZz94LW9zcy1wcm9jZXNzPWltYWdlL3Jlc2l6ZSxtX2ZpeGVkLGhfMzQ0LHdfMzQ0LGxpbWl0XzA,g_nw,x_428,y_143/watermark,image_YXNzZXQvaW1hZ2VzL21ldGFpbWFnZS1zb25nLnBuZw,g_nw,x_0,y_0",@sulysalt,音樂人,新北市,2020-01-01,2023-07-06 16:55,12,80,19,,https://instagram.com/sulysalt,https://youtube.com/@sulysalt,Alternative,opposite,https://streetvoice.com/sulysalt/songs/album/97325717/,,,"這是沒有提供歌詞的歌曲
留言（ 2 ） 最相關留言 所有留言
留言（ 2 ）",2026-07-18,,True,True,https://streetvoice.com/sulysalt/songs/870016/critic_reviews/
2026-08-06 11:30:09,6,,,18,515,28,https://streetvoice.com/ddkogi/songs/872577/,https://streetvoice.com/ddkogi/,"https://akstatic.streetvoice.com/song_covers/dd/ko/ddkogi/7g6JEigeonRtvWYPrPjKnF.jpg?x-oss-process=image/resize,m_fixed,h_1,w_1,limit_0/resize,m_fixed,h_630,w_1200,limit_0/watermark,image_c29uZ19jb3ZlcnMvZGQva28vZGRrb2dpLzdnNkpFaWdlb25SdHZXWVByUGpLbkYuanBnP3gtb3NzLXByb2Nlc3M9aW1hZ2UvcmVzaXplLG1fZml4ZWQsaF8zNDQsd18zNDQsbGltaXRfMA,g_nw,x_428,y_143/watermark,image_YXNzZXQvaW1hZ2VzL21ldGFpbWFnZS1zb25nLnBuZw,g_nw,x_0,y_0",@ddkogi,音樂人,新北市,2023-08-01,2023-09-12 13:59,4,816,3,,https://instagram.com/ddkogi88,https://www.youtube.com/user/StreetVoiceTV,Alternative,,,,"💧💧💧 8/25第二張創作專輯 上線🔥 8/3 社交距離 串流上架！ - 我常在想人與人之間的關係， 到底是該濃還是淡？ 距離到底是該近，還是該遠？ 太近了，怕成為負擔；退後一步，又顯得過於防備。 如果人與人之間的心是透明的就好了， 這樣我們是不是就不用猜得那麼辛苦了呢？ - 全新單曲〈社交距離〉，以現代人的社交焦慮為靈感，透過冷冽電子聲響與流暢器樂，細膩描繪關係中那種靠近又退後的拉扯。這次，潔心特別邀請日本新聲代樂團「sucola 」主唱 KiBi 跨國合唱，並攜手獨立樂團「守夜人 」主唱、放飛音樂創辦人 秦旭章 WiFi 作詞作曲，以跨越語言的對唱和層層堆疊的聲響，細膩刻畫 Z 世代共同經歷的社交距離。 ☼ 在冷冽電子顆粒與流暢樂器之間，重新丈量心與心的刻度，正式預告第二張專輯《永恆少年少女》將於 8/25 發行 ☼ 演唱 Artist｜林潔心 ddkogi88、KiBi 作詞 Lyricist｜安眠巫師 WiFi、林潔心 ddkogi88、KiBi 作曲 Composer｜秦旭章 WiFi、林潔心 ddkogi88 製作人 Producer｜紀昱名 Watorest 編曲 Arrangement｜紀昱名 Watorest 電吉他 Electric Guitar｜鍾承洋 Chung Cheng Yang 貝斯 Bass｜姜恒 Jams 節奏設計協力 Drum Arranger Coordinator｜Flowstrong、陳緯陵 錄音工程師 Recording Engineers｜吳昱儒Lulu 錄音錄音室 Recording Studio｜Lu音室 混音工程師 Mixing Engineer｜吳昱儒Lulu 母帶後期處理工程師 Mastering Engineer｜Thomas 莊鈞智 母帶後期錄音室 Mastering Studio | Sketch Studio 出品 Produced by｜Shabby Boyz (P)&(C) 2026 Shabby Boyz 
💧💧💧 8/25第二張創作專輯 上線🔥 8/3 社交距離 串流上架！
- 我常在想人與人之間的關係， 到底是該濃還是淡？ 距離到底是該近，還是該遠？ 太近了，怕成為負擔；退後一步，又顯得過於防備。 如果人與人之間的心是透明的就好了， 這樣我們是不是就不用猜得那麼辛苦了呢？ -
全新單曲〈社交距離〉，以現代人的社交焦慮為靈感，透過冷冽電子聲響與流暢器樂，細膩描繪關係中那種靠近又退後的拉扯。這次，潔心特別邀請日本新聲代樂團「sucola 」主唱 KiBi 跨國合唱，並攜手獨立樂團「守夜人 」主唱、放飛音樂創辦人 秦旭章 WiFi 作詞作曲，以跨越語言的對唱和層層堆疊的聲響，細膩刻畫 Z 世代共同經歷的社交距離。
☼ 在冷冽電子顆粒與流暢樂器之間，重新丈量心與心的刻度，正式預告第二張專輯《永恆少年少女》將於 8/25 發行 ☼
演唱 Artist｜林潔心 ddkogi88、KiBi 作詞 Lyricist｜安眠巫師 WiFi、林潔心 ddkogi88、KiBi 作曲 Composer｜秦旭章 WiFi、林潔心 ddkogi88
製作人 Producer｜紀昱名 Watorest 編曲 Arrangement｜紀昱名 Watorest
電吉他 Electric Guitar｜鍾承洋 Chung Cheng Yang 貝斯 Bass｜姜恒 Jams 節奏設計協力 Drum Arranger Coordinator｜Flowstrong、陳緯陵
錄音工程師 Recording Engineers｜吳昱儒Lulu 錄音錄音室 Recording Studio｜Lu音室 混音工程師 Mixing Engineer｜吳昱儒Lulu 母帶後期處理工程師 Mastering Engineer｜Thomas 莊鈞智 母帶後期錄音室 Mastering Studio | Sketch Studio
出品 Produced by｜Shabby Boyz (P)&(C) 2026 Shabby Boyz","如果距離是種誤解 肩並肩心卻錯位 想多還少 看一眼就了解 看那 炙熱的雙眼 與他 交錯的瞬間 該進還是退遠 這份比例難拿捏 又一次無解 該如何去調配 在我們之間 愛得太濃是我的誤解 若感到困惑我實在抱歉 就稀釋我 多加一些水 Yeah Yeah Yeah 人群中疲憊於相遇離別 愛多愛少都顯太諂媚 就蒸發過後 誰也不欠誰 Yeah Yeah Yeah 該怎麼做由你拿捏 もし君の心のメモリ（memory） 如果能將你心底的 可視化できたらno worry 完全可視化的話 就 no worry 氷らせてたfeeling 那些曾被你結冰的 feeling 溶かして　あげたい 好想幫你 融化在一起 ねえ開心だって担心だって 不管是開心 還是擔心 すぐにわかっちゃう　もっとshow me 我一眼就能看清 快點 show me デバイスは捨てて 手機先放一邊吧 二人で触れて 用體溫去感受彼此 so需要 你我 愛得太濃是我的誤解 若感到困惑我實在抱歉 就稀釋我 多加一些水 Yeah Yeah Yeah 也或許一切 歸咎於那 想太多 是 我 太眷戀 沈醉在舊傷與 往事情節 就蒸發過後 誰也不欠誰 Yeah Yeah Yeah 化作雲煙 你我之間 
如果距離是種誤解 肩並肩心卻錯位 想多還少 看一眼就了解 看那 炙熱的雙眼 與他 交錯的瞬間 該進還是退遠 這份比例難拿捏
又一次無解 該如何去調配 在我們之間
愛得太濃是我的誤解 若感到困惑我實在抱歉 就稀釋我 多加一些水 Yeah Yeah Yeah
人群中疲憊於相遇離別 愛多愛少都顯太諂媚 就蒸發過後 誰也不欠誰 Yeah Yeah Yeah 該怎麼做由你拿捏
もし君の心のメモリ（memory） 如果能將你心底的
可視化できたらno worry 完全可視化的話 就 no worry
氷らせてたfeeling 那些曾被你結冰的 feeling
溶かして　あげたい 好想幫你 融化在一起
ねえ開心だって担心だって 不管是開心 還是擔心
すぐにわかっちゃう　もっとshow me 我一眼就能看清 快點 show me
デバイスは捨てて 手機先放一邊吧
二人で触れて 用體溫去感受彼此
so需要 你我
愛得太濃是我的誤解 若感到困惑我實在抱歉 就稀釋我 多加一些水 Yeah Yeah Yeah 也或許一切 歸咎於那 想太多 是 我 太眷戀 沈醉在舊傷與 往事情節 就蒸發過後 誰也不欠誰 Yeah Yeah Yeah 化作雲煙 你我之間
留言（ 28 ） 最相關留言 所有留言
留言（ 28 ）",2026-08-02,,True,False,
2026-08-06 11:30:09,7,,,5,94,3,https://streetvoice.com/Theseus_tw/songs/873055/,https://streetvoice.com/Theseus_tw/,"https://akstatic.streetvoice.com/song_covers/Th/es/Theseus_tw/9ekpm2rfeGwPMQ8suANvqS.jpeg?x-oss-process=image/resize,m_fixed,h_1,w_1,limit_0/resize,m_fixed,h_630,w_1200,limit_0/watermark,image_c29uZ19jb3ZlcnMvVGgvZXMvVGhlc2V1c190dy85ZWtwbTJyZmVHd1BNUThzdUFOdnFTLmpwZWc_eC1vc3MtcHJvY2Vzcz1pbWFnZS9yZXNpemUsbV9maXhlZCxoXzM0NCx3XzM0NCxsaW1pdF8w,g_nw,x_428,y_143/watermark,image_YXNzZXQvaW1hZ2VzL21ldGFpbWFnZS1zb25nLnBuZw,g_nw,x_0,y_0",@Theseus_tw,音樂人,台北市,2016-12-01,,10,2806,1,,https://www.instagram.com/2016theseus/,https://www.youtube.com/user/StreetVoiceTV,Rock,The Last Meeting Theory,https://streetvoice.com/Theseus_tw/songs/album/97325034/,,"◻︎ 我的生命 無比幸運 能夠靠近你  ◻︎ Ameila 是安海瑟薇在《星際效應》（Interstellar）裡的角色名稱，穿越星系，尋找答案，尋找愛，或許是在廣淼宇宙裡，我們能夠保持前行的唯一答案。 我不確定座標何處，但我相信，幸運的是，我能夠持續持續的靠近你。 
◻︎ 我的生命 無比幸運 能夠靠近你  ◻︎
Ameila 是安海瑟薇在《星際效應》（Interstellar）裡的角色名稱，穿越星系，尋找答案，尋找愛，或許是在廣淼宇宙裡，我們能夠保持前行的唯一答案。
我不確定座標何處，但我相信，幸運的是，我能夠持續持續的靠近你。","嘿 在你聽見 我的聲音 或許我以及我的心 悄悄 向你航行 太空 太深邃 渺小無比 我的歌以及我的心 介質 尚未確定 只是旋律 穿越星河 緩緩 和我同行 星體塵埃 能否相信 我的生命 無比幸運 能夠靠近你 幽深星石 牽引我 找到氧氣 膨漲宇宙 是我靠近你 還是你在遠離 來不來得及 找到我的你 穿越漫天星河  窮盡光年相遇 嘿 等你聽見 我的聲音 或許我只是灰燼 流浪 終點的 宿命 星盤 太清晰 前現代裡 我無數次合盤尋覓 你能 愛我的證明 命中欠缺 一些勇氣 遠航 才看得清  遠程座標 鎖定 用我的真心 我的生命 無比幸運 能夠靠近你 幽深星石 牽引我 找到氧氣 膨漲宇宙 是我靠近你 還是你在遠離 來不來得及 找到我的你 穿越漫天星河  窮盡光年相遇 我的生命 無比幸運 能夠靠近你 幽深星石 牽引我 找到氧氣 膨漲宇宙 是我靠近你 還是你在遠離 來不來得及 找到我的你 穿越漫天星河  窮盡光年相遇 
嘿 在你聽見 我的聲音 或許我以及我的心 悄悄 向你航行 太空 太深邃 渺小無比 我的歌以及我的心 介質 尚未確定 只是旋律 穿越星河 緩緩 和我同行 星體塵埃 能否相信
我的生命 無比幸運 能夠靠近你 幽深星石 牽引我 找到氧氣 膨漲宇宙 是我靠近你 還是你在遠離 來不來得及 找到我的你 穿越漫天星河  窮盡光年相遇
嘿 等你聽見 我的聲音 或許我只是灰燼 流浪 終點的 宿命 星盤 太清晰 前現代裡 我無數次合盤尋覓 你能 愛我的證明 命中欠缺 一些勇氣 遠航 才看得清  遠程座標 鎖定 用我的真心
我的生命 無比幸運 能夠靠近你 幽深星石 牽引我 找到氧氣 膨漲宇宙 是我靠近你 還是你在遠離 來不來得及 找到我的你 穿越漫天星河  窮盡光年相遇
我的生命 無比幸運 能夠靠近你 幽深星石 牽引我 找到氧氣 膨漲宇宙 是我靠近你 還是你在遠離 來不來得及 找到我的你 穿越漫天星河  窮盡光年相遇
留言（ 3 ） 最相關留言 所有留言
留言（ 3 ）",2026-08-05,,False,False,
2026-08-06 11:30:09,8,,,12,180,8,https://streetvoice.com/minzer_c_lee/songs/872875/,https://streetvoice.com/minzer_c_lee/,"https://akstatic.streetvoice.com/song_covers/mi/nz/minzer_c_lee/kv4TSMFBztf9yJMY5M8SvG.jpeg?x-oss-process=image/resize,m_fixed,h_1,w_1,limit_0/resize,m_fixed,h_630,w_1200,limit_0/watermark,image_c29uZ19jb3ZlcnMvbWkvbnovbWluemVyX2NfbGVlL2t2NFRTTUZCenRmOXlKTVk1TThTdkcuanBlZz94LW9zcy1wcm9jZXNzPWltYWdlL3Jlc2l6ZSxtX2ZpeGVkLGhfMzQ0LHdfMzQ0LGxpbWl0XzA,g_nw,x_428,y_143/watermark,image_YXNzZXQvaW1hZ2VzL21ldGFpbWFnZS1zb25nLnBuZw,g_nw,x_0,y_0",@minzer_c_lee,音樂人,,,,12,21,34,,,https://www.youtube.com/user/StreetVoiceTV,World,,,雷克非 Christopher R、RistyK,"屬於泥士 《我們屬於泥士》是李敏哲、雷克非與小小共同完成的一首作品。 它以人聲作為最主要的質地，從河流、山林、風與雨的意象出發，唱出人並不擁有土地，而只是短暫地被土地承接。 歌聲高低交疊、由一人而眾人，像呼吸、步伐與回聲，慢慢聚成屬於自然的共鳴。 這不是關於征服的歌，而是一首學著謙卑、感謝與歸返的歌。 
屬於泥士
《我們屬於泥士》是李敏哲、雷克非與小小共同完成的一首作品。 它以人聲作為最主要的質地，從河流、山林、風與雨的意象出發，唱出人並不擁有土地，而只是短暫地被土地承接。 歌聲高低交疊、由一人而眾人，像呼吸、步伐與回聲，慢慢聚成屬於自然的共鳴。 這不是關於征服的歌，而是一首學著謙卑、感謝與歸返的歌。","在我們來以前， 河流早已穿過石頭， 慢慢走出自己的路。 在我們為山命名以前， 雲已越過山頭， 雨已落進泥土。 我們來在水之後， 來在森林之後。 沿著前人的腳步， 才認得回家的路。 看見草木開花， 才知道季節眷顧。 田野從不高聲說話， 卻記得每一雙手。 森林從不問你是誰， 只把樹蔭留在身後。 留一些水在河流， 給下游的人慢慢走。 留一些果實在枝頭， 給後來的鳥停留。 乾風吹來的時候， 讓根還留在泥土。 天色暗下來以後， 火邊還有人等候。 我們不在土地之上。 我們受它的保護。 喝的是它的水， 走的是它的路， 最後也回到泥土。 雨落在葉上， 葉落回土壤。 葉落回土壤。 土壤抱住種子， 種子落進手掌。 一代接著一代， 沒有誰真的離開。 我們從土地而來， 也在土地上等待。 我們帶走的， 不能多過 土地還能掌出的。 我們口中說的「我的」， 在父輩以前就在， 在名字消失以後， 仍會留下來。 走過這片土地， 別讓腳步太重。 喝過這一道河流， 別讓水聲停住。 摘下枝頭的果實， 也要留一些給樹。 蓋自己的房屋， 別擋住風的路。 今夜我們感謝， 不是因為土地屬於誰， 而是短短一生裡， 它讓我們有一個歸屬。 河流還在走。 山還留在身後。 雨還會再來。 我們也會回頭。 
在我們來以前， 河流早已穿過石頭， 慢慢走出自己的路。 在我們為山命名以前， 雲已越過山頭， 雨已落進泥土。
我們來在水之後， 來在森林之後。 沿著前人的腳步， 才認得回家的路。 看見草木開花， 才知道季節眷顧。
田野從不高聲說話， 卻記得每一雙手。 森林從不問你是誰， 只把樹蔭留在身後。
留一些水在河流， 給下游的人慢慢走。 留一些果實在枝頭， 給後來的鳥停留。 乾風吹來的時候， 讓根還留在泥土。 天色暗下來以後， 火邊還有人等候。
我們不在土地之上。 我們受它的保護。 喝的是它的水， 走的是它的路， 最後也回到泥土。
雨落在葉上， 葉落回土壤。 葉落回土壤。 土壤抱住種子， 種子落進手掌。 一代接著一代， 沒有誰真的離開。 我們從土地而來， 也在土地上等待。
我們帶走的， 不能多過 土地還能掌出的。 我們口中說的「我的」， 在父輩以前就在， 在名字消失以後， 仍會留下來。
走過這片土地， 別讓腳步太重。 喝過這一道河流， 別讓水聲停住。 摘下枝頭的果實， 也要留一些給樹。 蓋自己的房屋， 別擋住風的路。
今夜我們感謝， 不是因為土地屬於誰， 而是短短一生裡， 它讓我們有一個歸屬。
河流還在走。 山還留在身後。 雨還會再來。 我們也會回頭。
留言（ 8 ） 最相關留言 所有留言
留言（ 8 ）",2026-08-04,,False,False,
2026-08-06 11:30:09,9,,,83,5788,12,https://streetvoice.com/s8817012011/songs/869352/,https://streetvoice.com/s8817012011/,"https://akstatic.streetvoice.com/song_covers/s8/81/s8817012011/kebDX8bwYE5mh9MZp3UzJc.jpeg?x-oss-process=image/resize,m_fixed,h_1,w_1,limit_0/resize,m_fixed,h_630,w_1200,limit_0/watermark,image_c29uZ19jb3ZlcnMvczgvODEvczg4MTcwMTIwMTEva2ViRFg4YndZRTVtaDlNWnAzVXpKYy5qcGVnP3gtb3NzLXByb2Nlc3M9aW1hZ2UvcmVzaXplLG1fZml4ZWQsaF8zNDQsd18zNDQsbGltaXRfMA,g_nw,x_428,y_143/watermark,image_YXNzZXQvaW1hZ2VzL21ldGFpbWFnZS1zb25nLnBuZw,g_nw,x_0,y_0",@s8817012011,音樂人,台北市,2011-12-01,2021-09-27 15:35,7,77,2,https://www.facebook.com/theMetalspeaker,https://www.instagram.com/_yochen/,https://www.youtube.com/@yochen3590,Rock,我的人生 Master of None,https://streetvoice.com/s8817012011/songs/album/97325613/,,"人生哪可能項項攏順勢。 失敗、孤獨、自我懷疑，都成為成長過程中的一部分。 真正的不在意，不是冷漠，而是經歷過很多事後，依然願意守住內心最初的夢。 「我的夢，一直攏底加。」 這句話，比任何豪言壯語都更加堅定。 有些人長大以後，早就迷失在這大人的世界裡。 而有些人，即使受傷、迷惘、跌跌撞撞，依然繼續往前走。 
人生哪可能項項攏順勢。 失敗、孤獨、自我懷疑，都成為成長過程中的一部分。 真正的不在意，不是冷漠，而是經歷過很多事後，依然願意守住內心最初的夢。 「我的夢，一直攏底加。」 這句話，比任何豪言壯語都更加堅定。 有些人長大以後，早就迷失在這大人的世界裡。 而有些人，即使受傷、迷惘、跌跌撞撞，依然繼續往前走。","其實我 常常夢見 彼段唔知啥叫憂愁的日子 後來我 戈洪叫醒 繼續一天一天傻傻過日子 但我漸漸了解 我愛的是什麼 我知我自己是一定不放棄 外面的風雨咖大我不在意 雖然這個過程傷透我欸心 但人生啊 哪有可能項項都順勢 我的夢 一直攏底加 今罵欸我 什麼攏不驚 其實我 常常夢見 彼段唔知啥叫憂愁的日子 後來我 戈洪叫醒 繼續一天一天傻傻過日子 但我漸漸了解 我愛的是什麼 我知我自己是一定不放棄 外面的風雨咖大我不在意 雖然這個過程傷透我欸心 但人生啊 哪有可能項項都順勢 我的夢 一直攏底加 今罵欸我 什麼攏不驚 不肯放過我自己 所以來開始問自己 到底這是啥意義 啊啊啊 彼段黑暗的日子 暫時攏麥擱再提起 欲出去 走找彼個流浪的心 我知我自己是一定不放棄 外面的風雨咖大我不在意 雖然這個過程傷透我欸心 但人生啊 哪有可能項項都順勢 我的夢 一直攏底加 今罵欸我 什麼攏不驚 
其實我 常常夢見 彼段唔知啥叫憂愁的日子 後來我 戈洪叫醒 繼續一天一天傻傻過日子 但我漸漸了解 我愛的是什麼
我知我自己是一定不放棄 外面的風雨咖大我不在意 雖然這個過程傷透我欸心 但人生啊 哪有可能項項都順勢 我的夢 一直攏底加 今罵欸我 什麼攏不驚
其實我 常常夢見 彼段唔知啥叫憂愁的日子 後來我 戈洪叫醒 繼續一天一天傻傻過日子 但我漸漸了解 我愛的是什麼
我知我自己是一定不放棄 外面的風雨咖大我不在意 雖然這個過程傷透我欸心 但人生啊 哪有可能項項都順勢 我的夢 一直攏底加 今罵欸我 什麼攏不驚
不肯放過我自己 所以來開始問自己 到底這是啥意義 啊啊啊 彼段黑暗的日子 暫時攏麥擱再提起 欲出去 走找彼個流浪的心
我知我自己是一定不放棄 外面的風雨咖大我不在意 雖然這個過程傷透我欸心 但人生啊 哪有可能項項都順勢 我的夢 一直攏底加 今罵欸我 什麼攏不驚
留言（ 12 ） 最相關留言 所有留言
留言（ 12 ）",2026-07-14,,True,True,https://streetvoice.com/s8817012011/songs/869352/critic_reviews/
2026-08-06 11:30:09,10,,,5,200,0,https://streetvoice.com/desolatechen/songs/871101/,https://streetvoice.com/desolatechen/,"https://akstatic.streetvoice.com/music_albums/de/so/desolatechen/mkKunsCfwcCE2zSAqmoa5S.jpeg?x-oss-process=image/resize,m_fixed,h_1,w_1,limit_0/resize,m_fixed,h_630,w_1200,limit_0/watermark,image_bXVzaWNfYWxidW1zL2RlL3NvL2Rlc29sYXRlY2hlbi9ta0t1bnNDZndjQ0UyelNBcW1vYTVTLmpwZWc_eC1vc3MtcHJvY2Vzcz1pbWFnZS9yZXNpemUsbV9maXhlZCxoXzM0NCx3XzM0NCxsaW1pdF8w,g_nw,x_428,y_143/watermark,image_YXNzZXQvaW1hZ2VzL21ldGFpbWFnZS1zb25nLnBuZw,g_nw,x_0,y_0",@desolatechen,音樂人,屏東縣,2006-04-01,2021-05-26 18:50,6,478,11,,,https://www.youtube.com/user/StreetVoiceTV,Electronic,地獄之路,https://streetvoice.com/desolatechen/songs/album/97325761/,,"那些不合時宜的痛 
那些不合時宜的痛","那些不合時宜的痛 已經不會再有人懂 在脹滿破碎資訊的海洋裡頭 和自己倒影一起游泳 那些不合時宜的痛 變成一場場破碎的夢 在脹滿慾望恐懼的牢籠裡頭 以為自己能自由 別走 經過黑夜   越過白晝 聽見腳步   不見臉孔 理解話語   遺失意義 誰在前進   誰在停留 放眼未來   遺忘過去 擁抱靈魂   放棄身體 走向宇宙   打開自我 誰在現實   誰在夢境 誰說別走 誰說 我已找到最美的夢 沒有人能阻擋我 
那些不合時宜的痛 已經不會再有人懂 在脹滿破碎資訊的海洋裡頭 和自己倒影一起游泳
那些不合時宜的痛 變成一場場破碎的夢 在脹滿慾望恐懼的牢籠裡頭 以為自己能自由
別走
經過黑夜   越過白晝 聽見腳步   不見臉孔 理解話語   遺失意義 誰在前進   誰在停留
放眼未來   遺忘過去 擁抱靈魂   放棄身體 走向宇宙   打開自我 誰在現實   誰在夢境
誰說別走 誰說
我已找到最美的夢 沒有人能阻擋我
留言（ 0 ） 最相關留言 所有留言
留言（ 0 ）",2026-07-25,,True,True,
2026-08-06 11:30:09,11,,,39,1938,5,https://streetvoice.com/ifeisu/songs/871298/,https://streetvoice.com/ifeisu/,"https://akstatic.streetvoice.com/song_covers/if/ei/ifeisu/MJWQw5RxQf8Q66fedonMrV.jpeg?x-oss-process=image/resize,m_fixed,h_1,w_1,limit_0/resize,m_fixed,h_630,w_1200,limit_0/watermark,image_c29uZ19jb3ZlcnMvaWYvZWkvaWZlaXN1L01KV1F3NVJ4UWY4UTY2ZmVkb25NclYuanBlZz94LW9zcy1wcm9jZXNzPWltYWdlL3Jlc2l6ZSxtX2ZpeGVkLGhfMzQ0LHdfMzQ0LGxpbWl0XzA,g_nw,x_428,y_143/watermark,image_YXNzZXQvaW1hZ2VzL21ldGFpbWFnZS1zb25nLnBuZw,g_nw,x_0,y_0",@ifeisu,音樂人,台北市,2023-08-01,2023-10-11 15:40,9,257,1,,,https://www.youtube.com/user/StreetVoiceTV,Hip hop / Rap,,,,,"動態歌詞
Got a roll-call over on the west side 他問什麼時候到我回他現在 左手方向盤我右手播著電台 FM 91.3 在我腦裡 yeah right Got them redeye over on my 眼白 剩下你還沒有綁好的肩帶 他問我什麼時候到我回他現在 huh, yeah, but when I I dream about this all the time I’m doing quite alright So would you like to be my ride or die If you hit me up better on time 我開車開太久了開始變得有點搶拍 你叫我不要想太多 xanny and some hot wine 週刊連載這個旅程right on that Jumpboy 開了三十分鐘 左邊還是大海 開了三十分鐘 But I’m going offline 他問我什麼是愛我說would die for it but I won’t I dream about this all the time I’m doing quite alright So would you like to be my ride or die 這個城市充滿我的playlist 戴上墨鏡 傾聽我的隨意 嘿 華麗的轉過身去 我的鬆弛不被明碼標記 瞧我笑的得體 得意 dirty Bad and boujee ,extra lazy 像是喝了台啤的Harley Quinn Came straight out of Disney Got a roll-call over on the west side 他問什麼時候到我回他現在 左手方向盤我右手播著電台 FM 91.3 在我腦裡 yeah right Got them redeye over on my 眼白 剩下你還沒有綁好的肩帶 他問我什麼時候到我回他現在 huh, yeah, but when I I dream about this all the time I’m doing quite alright So would you like to be my ride or die 
Got a roll-call over on the west side 他問什麼時候到我回他現在 左手方向盤我右手播著電台 FM 91.3 在我腦裡 yeah right Got them redeye over on my 眼白 剩下你還沒有綁好的肩帶 他問我什麼時候到我回他現在 huh, yeah, but when I
I dream about this all the time I’m doing quite alright So would you like to be my ride or die
If you hit me up better on time 我開車開太久了開始變得有點搶拍 你叫我不要想太多 xanny and some hot wine 週刊連載這個旅程right on that Jumpboy 開了三十分鐘 左邊還是大海 開了三十分鐘 But I’m going offline 他問我什麼是愛我說would die for it but I won’t
I dream about this all the time I’m doing quite alright So would you like to be my ride or die
這個城市充滿我的playlist 戴上墨鏡 傾聽我的隨意 嘿 華麗的轉過身去 我的鬆弛不被明碼標記 瞧我笑的得體 得意 dirty Bad and boujee ,extra lazy 像是喝了台啤的Harley Quinn Came straight out of Disney
Got a roll-call over on the west side 他問什麼時候到我回他現在 左手方向盤我右手播著電台 FM 91.3 在我腦裡 yeah right Got them redeye over on my 眼白 剩下你還沒有綁好的肩帶 他問我什麼時候到我回他現在 huh, yeah, but when I
I dream about this all the time I’m doing quite alright So would you like to be my ride or die
留言（ 5 ） 最相關留言 所有留言
留言（ 5 ）",2026-08-01,,True,False,
2026-08-06 11:30:09,12,,,186,11873,19,https://streetvoice.com/alanchou12345/songs/867797/,https://streetvoice.com/alanchou12345/,"https://akstatic.streetvoice.com/song_covers/al/an/alanchou12345/Y4nZTaRGQvJAdXdvTGKcmr.jpeg?x-oss-process=image/resize,m_fixed,h_1,w_1,limit_0/resize,m_fixed,h_630,w_1200,limit_0/watermark,image_c29uZ19jb3ZlcnMvYWwvYW4vYWxhbmNob3UxMjM0NS9ZNG5aVGFSR1F2SkFkWGR2VEdLY21yLmpwZWc_eC1vc3MtcHJvY2Vzcz1pbWFnZS9yZXNpemUsbV9maXhlZCxoXzM0NCx3XzM0NCxsaW1pdF8w,g_nw,x_428,y_143/watermark,image_YXNzZXQvaW1hZ2VzL21ldGFpbWFnZS1zb25nLnBuZw,g_nw,x_0,y_0",@alanchou12345,音樂人,新北市,2019-03-01,2023-01-30 10:32,11,3428,,https://www.facebook.com/profile.php?id=100063938225158,https://www.instagram.com/ac___47/,https://www.youtube.com/@ac47yt,R&B / Soul,,,,"有沒有一種愛， 讓你願意跨越所有距離與考驗？ 「就算這世界對我針鋒相對，風再大、天再黑，我也不撤退。」 獻給每一個在深夜裡依然相信愛的所有存在， 〈漫漫長夜〉，蔓延日夜。 
有沒有一種愛， 讓你願意跨越所有距離與考驗？
「就算這世界對我針鋒相對，風再大、天再黑，我也不撤退。」
獻給每一個在深夜裡依然相信愛的所有存在，
〈漫漫長夜〉，蔓延日夜。","時間停止瞬間 別說話讓我收藏有關於你的一切 思緒像微風 在你身邊盤旋 不需言語我了解 總在夜深人靜 腦袋不自覺浮現你最美的笑臉 牽起我的手 趁夜沒發現 再讓我更靠近你一些些 在這漫漫長夜 讓我守護你身邊 day by day 把所有想像都實現 閉上你雙眼 你的愛我來擁有 漫漫長夜 讓我照亮你 每一天每一夜 我會在身邊 不要再懷疑 不要再後退 我只為你眷戀 就算這世界 對我針鋒相對 風再大 天再黑 我也不撤退 沒有誰能改變 我的心 讓愛蔓延在漫漫長夜 總在夜深人靜 腦袋不自覺浮現你最美的笑臉 牽起我的手 趁夜沒發現 再讓我更靠近你一些些 (靠近一些些) 在這漫漫長夜 讓我守護你身邊 day by day 把所有想像都實現 閉上你雙眼 (Oh babe) 你的愛我來擁有 漫漫長夜 讓我照亮你 每一天每一夜 我會在身邊 不要再懷疑 不要再後退 我只為你眷戀 就算這世界 對我針鋒相對 風再大 天再黑 我也不撤退 沒有誰能改變 我的心 讓愛蔓延在漫漫長夜 漫漫長夜 day by day 漫漫長夜 day by day 讓愛在漫漫長夜 
時間停止瞬間 別說話讓我收藏有關於你的一切 思緒像微風 在你身邊盤旋 不需言語我了解
總在夜深人靜 腦袋不自覺浮現你最美的笑臉 牽起我的手 趁夜沒發現 再讓我更靠近你一些些
在這漫漫長夜 讓我守護你身邊 day by day 把所有想像都實現 閉上你雙眼 你的愛我來擁有
漫漫長夜 讓我照亮你 每一天每一夜 我會在身邊 不要再懷疑 不要再後退 我只為你眷戀
就算這世界 對我針鋒相對 風再大 天再黑 我也不撤退 沒有誰能改變 我的心 讓愛蔓延在漫漫長夜
總在夜深人靜 腦袋不自覺浮現你最美的笑臉 牽起我的手 趁夜沒發現 再讓我更靠近你一些些 (靠近一些些)
在這漫漫長夜 讓我守護你身邊 day by day 把所有想像都實現 閉上你雙眼 (Oh babe) 你的愛我來擁有
漫漫長夜 讓我照亮你 每一天每一夜 我會在身邊 不要再懷疑 不要再後退 我只為你眷戀
就算這世界 對我針鋒相對 風再大 天再黑 我也不撤退 沒有誰能改變 我的心 讓愛蔓延在漫漫長夜
漫漫長夜 day by day 漫漫長夜 day by day 讓愛在漫漫長夜
留言（ 19 ） 最相關留言 所有留言
留言（ 19 ）",2026-07-06,,True,True,https://streetvoice.com/alanchou12345/songs/867797/critic_reviews/
2026-08-06 11:30:09,13,,,10,1097,6,https://streetvoice.com/garythesnail/songs/871000/,https://streetvoice.com/garythesnail/,"https://akstatic.streetvoice.com/music_albums/ga/ry/garythesnail/L8JDD4ZcCUxBw2GDfL3Tko.jpeg?x-oss-process=image/resize,m_fixed,h_1,w_1,limit_0/resize,m_fixed,h_630,w_1200,limit_0/watermark,image_bXVzaWNfYWxidW1zL2dhL3J5L2dhcnl0aGVzbmFpbC9MOEpERDRaY0NVeEJ3MkdEZkwzVGtvLmpwZWc_eC1vc3MtcHJvY2Vzcz1pbWFnZS9yZXNpemUsbV9maXhlZCxoXzM0NCx3XzM0NCxsaW1pdF8w,g_nw,x_428,y_143/watermark,image_YXNzZXQvaW1hZ2VzL21ldGFpbWFnZS1zb25nLnBuZw,g_nw,x_0,y_0",@garythesnail,音樂人,台北市,2023-04-01,2026-02-13 09:52,2,21,1,,https://www.instagram.com/garythesnail.pdf,https://www.youtube.com/@GarytheSnail-2023,Punk,斯文豪氏大蝸牛,https://streetvoice.com/garythesnail/songs/album/97325754/,,"詞曲：李齊 製作｜李齊 錄音｜李齊 混音｜李齊 鼓組錄音｜黃彥翔 鼓組錄音室｜玉成戲院錄音室 YuChen Cinema Studio 母帶後期處理｜李齊 蝸牛蓋瑞 Gary the Snail 主唱 / 吉他 ｜李齊 合聲 / 吉他 ｜劉柏 貝斯 ｜貓咪 鼓 ｜涂恒睿 專輯發行廠牌 ｜吃到肉羹實業社 JDBG records 
詞曲：李齊
製作｜李齊 錄音｜李齊 混音｜李齊 鼓組錄音｜黃彥翔 鼓組錄音室｜玉成戲院錄音室 YuChen Cinema Studio 母帶後期處理｜李齊
蝸牛蓋瑞 Gary the Snail 主唱 / 吉他 ｜李齊 合聲 / 吉他 ｜劉柏 貝斯 ｜貓咪 鼓 ｜涂恒睿
專輯發行廠牌 ｜吃到肉羹實業社 JDBG records","十八歲之後不常感到開心 但從那之後我時常想到你 遇見你的那一天 那個清晨有點美 一起聊天到天亮 傾吐自己有多不完美 人生的冬天還是存在 其實也不會因為你變得比較短 歐幹 明天還要上班 這次能不能不要再死得那麼慘 忍耐 忍耐 再忍耐 用更醜陋的姿態榨出來 歐~ 忍耐 忍耐 再忍耐 用更醜陋的姿態榨出來 窩喔~ 因為 我把過去交易了 換來的是虛假的快樂 因為 我把過去交易了 所有血跡都被鎖在抽屜了 我走了 我只留下一首歌 二十歲的時候 我才看清 原來我從來就不懂什麼是貼心 突然冒出的回憶 看著過去的身影 我想把這一切繼續藏在抽屜 
十八歲之後不常感到開心 但從那之後我時常想到你 遇見你的那一天 那個清晨有點美 一起聊天到天亮 傾吐自己有多不完美 人生的冬天還是存在 其實也不會因為你變得比較短 歐幹 明天還要上班 這次能不能不要再死得那麼慘 忍耐 忍耐 再忍耐 用更醜陋的姿態榨出來 歐~ 忍耐 忍耐 再忍耐 用更醜陋的姿態榨出來 窩喔~
因為 我把過去交易了 換來的是虛假的快樂 因為 我把過去交易了 所有血跡都被鎖在抽屜了 我走了 我只留下一首歌
二十歲的時候 我才看清 原來我從來就不懂什麼是貼心 突然冒出的回憶 看著過去的身影 我想把這一切繼續藏在抽屜
留言（ 6 ） 最相關留言 所有留言
留言（ 6 ）",2026-07-25,,True,True,
2026-08-06 11:30:09,14,,,4,256,12,https://streetvoice.com/josh_lo/songs/872824/,https://streetvoice.com/josh_lo/,"https://akstatic.streetvoice.com/song_covers/jo/sh/josh_lo/c7G6fDGUV9X98Ft9b4GfbK.jpg?x-oss-process=image/resize,m_fixed,h_1,w_1,limit_0/resize,m_fixed,h_630,w_1200,limit_0/watermark,image_c29uZ19jb3ZlcnMvam8vc2gvam9zaF9sby9jN0c2ZkRHVVY5WDk4RnQ5YjRHZmJLLmpwZz94LW9zcy1wcm9jZXNzPWltYWdlL3Jlc2l6ZSxtX2ZpeGVkLGhfMzQ0LHdfMzQ0LGxpbWl0XzA,g_nw,x_428,y_143/watermark,image_YXNzZXQvaW1hZ2VzL21ldGFpbWFnZS1zb25nLnBuZw,g_nw,x_0,y_0",@josh_lo,音樂人,日本,2016-09-01,2024-10-17 13:45,30,149,94,,,https://www.youtube.com/user/StreetVoiceTV,Experimental,,,,"《袂閣等你》 這首歌寫的， 而是一個人等了很久， 等一句道歉，等一個人回頭， 也等一個已經不可能再回來的故事。 這首歌用台語寫，是因為台語有一種很特別的重量。那些說不出口的遺憾、心酸和不甘，換成台語唱出來，好像更接近一個人真正的心聲。 我讓它不像一首單純的情歌，而比較像一個人在深夜裡，慢慢把自己的故事講完。 最後的「放過家己」，其實也是我想留給這首歌的一句話。 有些人，我們等了很久。 有些故事，我們也用了很久才願意結束。 而真正的放下，不一定是忘記一個人。 只是有一天，你終於決定—— 袂閣等你。 
《袂閣等你》
這首歌寫的， 而是一個人等了很久， 等一句道歉，等一個人回頭， 也等一個已經不可能再回來的故事。
這首歌用台語寫，是因為台語有一種很特別的重量。那些說不出口的遺憾、心酸和不甘，換成台語唱出來，好像更接近一個人真正的心聲。
我讓它不像一首單純的情歌，而比較像一個人在深夜裡，慢慢把自己的故事講完。
最後的「放過家己」，其實也是我想留給這首歌的一句話。
有些人，我們等了很久。 有些故事，我們也用了很久才願意結束。
而真正的放下，不一定是忘記一個人。
只是有一天，你終於決定——
袂閣等你。","動態歌詞
《袂閣等你》 彼工你講　欲陪我一世人 我嘛相信　你講的每一句話 誰知影　時間愈來愈久 你的人　嘛愈來愈遠 剩我一個　猶原守佇原位 窗仔外的雨　落袂停 親像我的心　無人借問 你若無愛　早就愛講明 何必乎我　等到心冷 我不是無想過 欲將你放袂記 只是感情這種代誌 愈想放手　愈放袂離 我袂閣等你 袂閣等你講對不起 你若真正愛過我 就毋免講傷濟 我袂閣等你 袂閣等你轉來我身邊 有一工你若想起我 嘛只是　想起咱彼段過去 彼條咱行過的街 如今我嘛無閣經過 驚看著　彼熟似的風景 想起彼時　你牽我的手 你講過的話 我一句一句記佇心內 你早就放袂記 我煞一直放袂落 原來愛一個人 毋是一定有結果 有時陣　咱付出全部 煞換來的只是放手 我不是無想過 欲再愛你一擺 只是咱的故事 已經寫袂出　新的未來 我袂閣等你 袂閣等你講對不起 你若真正愛過我 就毋免講傷濟 我袂閣等你 袂閣等你 返來我身邊 有一工你若想起我 嘛只是　想起咱彼段過去 若有一工　咱佇街仔路相逢 我希望　我已經笑得出來 毋是因為　我無愛你 是因為　我終於學會曉 先愛家己 我袂閣等你 這擺我真正袂閣等你 你的名　我猶原記得 只是心　已經無彼个位置 我袂閣等你 你嘛毋免閣返來找我 人生若像一齣戲 咱們這齣　到遮就好 你若問我　敢有後悔 我會講…… 不會。 毋過我上後悔的 是彼時的我 無早一點 放過家己 
《袂閣等你》 彼工你講　欲陪我一世人 我嘛相信　你講的每一句話 誰知影　時間愈來愈久 你的人　嘛愈來愈遠 剩我一個　猶原守佇原位 窗仔外的雨　落袂停 親像我的心　無人借問 你若無愛　早就愛講明 何必乎我　等到心冷 我不是無想過 欲將你放袂記 只是感情這種代誌 愈想放手　愈放袂離 我袂閣等你 袂閣等你講對不起 你若真正愛過我 就毋免講傷濟 我袂閣等你 袂閣等你轉來我身邊 有一工你若想起我 嘛只是　想起咱彼段過去 彼條咱行過的街 如今我嘛無閣經過 驚看著　彼熟似的風景 想起彼時　你牽我的手 你講過的話 我一句一句記佇心內 你早就放袂記 我煞一直放袂落 原來愛一個人 毋是一定有結果 有時陣　咱付出全部 煞換來的只是放手 我不是無想過 欲再愛你一擺 只是咱的故事 已經寫袂出　新的未來 我袂閣等你 袂閣等你講對不起 你若真正愛過我 就毋免講傷濟 我袂閣等你 袂閣等你 返來我身邊 有一工你若想起我 嘛只是　想起咱彼段過去 若有一工　咱佇街仔路相逢 我希望　我已經笑得出來 毋是因為　我無愛你 是因為　我終於學會曉 先愛家己 我袂閣等你 這擺我真正袂閣等你 你的名　我猶原記得 只是心　已經無彼个位置 我袂閣等你 你嘛毋免閣返來找我 人生若像一齣戲 咱們這齣　到遮就好 你若問我　敢有後悔 我會講……
不會。
毋過我上後悔的 是彼時的我 無早一點 放過家己
留言（ 12 ） 最相關留言 所有留言
留言（ 12 ）",2026-08-04,,False,False,
2026-08-06 11:30:09,15,,,1,397,3,https://streetvoice.com/a36345501/songs/872663/,https://streetvoice.com/a36345501/,"https://akstatic.streetvoice.com/profile_images/a3/63/a36345501/TSwSriomNYyGLKsZQ2Mx4y.jpg?x-oss-process=image/resize,m_fixed,h_1,w_1,limit_0/resize,m_fixed,h_630,w_1200,limit_0/watermark,image_cHJvZmlsZV9pbWFnZXMvYTMvNjMvYTM2MzQ1NTAxL1RTd1NyaW9tTll5R0xLc1pRMk14NHkuanBnP3gtb3NzLXByb2Nlc3M9aW1hZ2UvcmVzaXplLG1fZml4ZWQsaF8zNDQsd18zNDQsbGltaXRfMA,g_nw,x_428,y_143/watermark,image_YXNzZXQvaW1hZ2VzL21ldGFpbWFnZS1zb25nLnBuZw,g_nw,x_0,y_0",@a36345501,音樂人,,,,1,1,,,,https://www.youtube.com/user/StreetVoiceTV,Hip hop / Rap,,,,"編曲: cabernett 詞曲: Xin.H 錄音: Xin.H 混音: Xin.H 母帶: Xin.H 
編曲: cabernett 詞曲: Xin.H 錄音: Xin.H 混音: Xin.H 母帶: Xin.H","動態歌詞
I be gonna crush now I wanna die 卻聽見你的聲音求我別離開 可是你明明已經不再愛 你要我怎麼辦 I be gonna crush now I wanna die 聽不見你的聲音我哭了一整晚 血藍色的薔薇纏繞在左手腕 我心碎了一灘 還記得你的 brown hair 土星的耳釘 I know 你說你受夠 ‘’拜託請你 leave me alone‘’ 複雜的情緒不停躁動 妳精心編織的謊言我無法接受 妳說可以也不想走 但我們總不能餓著肚子過活 妳說這不是妳想要過的生活 你放不下我 Ok 我先走 以為I can decided 我失去一切卻換來妳的不理睬 Yeah you were my 現在全部已不在 Yeah you were my 現在全部已不再 Now you become my past time 拜託請你別再回來 我不想再掉入同個循環 腦海還盤旋你的聲音 流逝的那些時光他正在把我點醒 隔著一片海的我找不到你 有些話我還沒說給你聽 I be gonna crush now I wanna die 卻聽見你的聲音求我別離開 可是你明明已經不再愛 你要我怎麼辦 I be gonna crush now I wanna die 聽不見你的聲音我哭了一整晚 血藍色的薔薇纏繞在左手腕 我心碎了一灘 如果一切都是夢魘 也就兩年而已 我看見你的身影 我沒有辦法前進 I wanna set my sin please just set my sint 
I be gonna crush now I wanna die 卻聽見你的聲音求我別離開 可是你明明已經不再愛 你要我怎麼辦
I be gonna crush now I wanna die 聽不見你的聲音我哭了一整晚 血藍色的薔薇纏繞在左手腕 我心碎了一灘
還記得你的 brown hair 土星的耳釘 I know 你說你受夠 ‘’拜託請你 leave me alone‘’
複雜的情緒不停躁動 妳精心編織的謊言我無法接受
妳說可以也不想走 但我們總不能餓著肚子過活 妳說這不是妳想要過的生活 你放不下我 Ok 我先走
以為I can decided 我失去一切卻換來妳的不理睬 Yeah you were my 現在全部已不在 Yeah you were my 現在全部已不再
Now you become my past time 拜託請你別再回來 我不想再掉入同個循環
腦海還盤旋你的聲音 流逝的那些時光他正在把我點醒 隔著一片海的我找不到你 有些話我還沒說給你聽
I be gonna crush now I wanna die 卻聽見你的聲音求我別離開 可是你明明已經不再愛 你要我怎麼辦
I be gonna crush now I wanna die 聽不見你的聲音我哭了一整晚 血藍色的薔薇纏繞在左手腕 我心碎了一灘
如果一切都是夢魘 也就兩年而已 我看見你的身影 我沒有辦法前進 I wanna set my sin please just set my sint
留言（ 3 ） 最相關留言 所有留言
留言（ 3 ）",2026-08-03,,False,False,
2026-08-06 11:30:09,16,,,18,485,2,https://streetvoice.com/joyce_ch0627/songs/872269/,https://streetvoice.com/joyce_ch0627/,"https://akstatic.streetvoice.com/song_covers/jo/yc/joyce_ch0627/5cgnRgJmsPYHewLYE5Rixa.jpeg?x-oss-process=image/resize,m_fixed,h_1,w_1,limit_0/resize,m_fixed,h_630,w_1200,limit_0/watermark,image_c29uZ19jb3ZlcnMvam8veWMvam95Y2VfY2gwNjI3LzVjZ25SZ0ptc1BZSGV3TFlFNVJpeGEuanBlZz94LW9zcy1wcm9jZXNzPWltYWdlL3Jlc2l6ZSxtX2ZpeGVkLGhfMzQ0LHdfMzQ0LGxpbWl0XzA,g_nw,x_428,y_143/watermark,image_YXNzZXQvaW1hZ2VzL21ldGFpbWFnZS1zb25nLnBuZw,g_nw,x_0,y_0",@joyce_ch0627,音樂人,,,2024-02-15 09:40,6,3848,19,,https://www.instagram.com/joyce.ch0627/,https://www.youtube.com/@joycehub,R&B / Soul,,,,"積存的心意傾瀉而出，重拾靈感的自由和解脫，一時之間無法用文字形容，索性用些溫柔的和弦和零散的記憶，夢境似的描述一段在義大利的邂逅——威尼斯的夜晚、維洛納的清晨，還有一封留在床邊的信。 
積存的心意傾瀉而出，重拾靈感的自由和解脫，一時之間無法用文字形容，索性用些溫柔的和弦和零散的記憶，夢境似的描述一段在義大利的邂逅——威尼斯的夜晚、維洛納的清晨，還有一封留在床邊的信。","Oh it’s 4 am in the morning I’m writing something cute but also corny Words can’t describe all my feelings correctly cus I skipped my college and now I feel sorry yeah Now I’m blushing really hard Thank god the light in the room was dark Should I tell her or should I not, I I’m singing in a fine bar Venice with my guitar I swear that I’ll be patient But I might have just start falling for ya Julia, I had a crush on you since the first time I saw you I’m singing in a fine bar Venice with my guitar Saw lovers making out and I can’t stop myself from thinking of ya Julia I hope you’ll like this song cus I wrote it just for ya Now I’m blushing really hard We’re strolling down the boulevard Star is shining through the dark I’m singing in a fine bar Venice with my guitar I swear that I’ll be patient but I might have just start falling for ya Julia, I had a crush on you since the first time I saw you I’m singing in a fine bar Venice with my guitar Saw lovers making out and I can’t stop myself from thinking of ya Julia, I had a crush on you since the first time I saw you I’m singing in a fine bar Venice with my guitar Called my friends and tell them I met an angel near Verona Julia if you’re feeling down Let me sing a song for ya I left a letter on your sheets You’ll wake up and noticed it Maybe then I’ll buy you a drink Have breakfast, talk about everything In the middle of the album There’s a song called Julia who I met in Italy Now I can’t wait for Julia to hear her song 
Oh it’s 4 am in the morning I’m writing something cute but also corny Words can’t describe all my feelings correctly cus I skipped my college and now I feel sorry yeah
Now I’m blushing really hard Thank god the light in the room was dark Should I tell her or should I not, I
I’m singing in a fine bar Venice with my guitar I swear that I’ll be patient But I might have just start falling for ya Julia, I had a crush on you since the first time I saw you
I’m singing in a fine bar Venice with my guitar Saw lovers making out and I can’t stop myself from thinking of ya Julia I hope you’ll like this song cus I wrote it just for ya
Now I’m blushing really hard We’re strolling down the boulevard Star is shining through the dark
I’m singing in a fine bar Venice with my guitar I swear that I’ll be patient but I might have just start falling for ya Julia, I had a crush on you since the first time I saw you
I’m singing in a fine bar Venice with my guitar Saw lovers making out and I can’t stop myself from thinking of ya Julia, I had a crush on you since the first time I saw you
I’m singing in a fine bar Venice with my guitar Called my friends and tell them I met an angel near Verona Julia if you’re feeling down Let me sing a song for ya
I left a letter on your sheets You’ll wake up and noticed it Maybe then I’ll buy you a drink Have breakfast, talk about everything In the middle of the album There’s a song called Julia who I met in Italy Now I can’t wait for Julia to hear her song
留言（ 2 ） 最相關留言 所有留言
留言（ 2 ）",2026-07-31,,True,False,
2026-08-06 11:30:09,17,,,7,251,0,https://streetvoice.com/shuchan_chiu/songs/872714/,https://streetvoice.com/shuchan_chiu/,"https://akstatic.streetvoice.com/song_covers/sh/uc/shuchan_chiu/42KVxnZ6BcNZjaqLGDtABq.jpeg?x-oss-process=image/resize,m_fixed,h_1,w_1,limit_0/resize,m_fixed,h_630,w_1200,limit_0/watermark,image_c29uZ19jb3ZlcnMvc2gvdWMvc2h1Y2hhbl9jaGl1LzQyS1Z4blo2QmNOWmphcUxHRHRBQnEuanBlZz94LW9zcy1wcm9jZXNzPWltYWdlL3Jlc2l6ZSxtX2ZpeGVkLGhfMzQ0LHdfMzQ0LGxpbWl0XzA,g_nw,x_428,y_143/watermark,image_YXNzZXQvaW1hZ2VzL21ldGFpbWFnZS1zb25nLnBuZw,g_nw,x_0,y_0",@shuchan_chiu,音樂人,,,2021-10-08 15:18,1,130,1,https://www.facebook.com/shuchanchiu1997,https://www.instagram.com/enidisme_music/,https://www.youtube.com/user/StreetVoiceTV,Folk,,,,"跼 Confined 詞曲 Lyricist＆Composer｜邱淑蟬 Shuchan Chiu 製作人 Producer｜蕭賀碩 Shuo Hsiao 編曲 Arranger｜ 陳啟原 Curtis Chan、蕭賀碩 Shuo Hsiao 電吉他 E. Guitar｜陳啟原 Curtis Chan 人聲錄音工程師及錄音室 Vocal Recording Engineer＆Studio｜陳以霖 Yi-Lin Chen @大小眼錄音室 Twin Eyes Studio 吉他錄音工程師及錄音室 Recording Engineer＆Studio｜于世政 Shin-Cheng Yu @Lights Up Studio 助理錄音工程師及錄音室 Assistant Recording Engineer & Studio｜陳佳穎 Chia-Ying Chen @Lights Up Studio 混音工程師 Mixing Engineer｜林正忠 Jerry Lin @Robot Studio 母帶後期處理工程師及錄音室 Mastering Engineer ＆ Studio｜孫仲舒 Chung-Shu Sun@鈺德科技 U-Tech MT Studio 母帶後期處理製作人 Mastering Producer｜蕭賀碩 Shuo Hsiao 企劃宣傳 Project Planning & Promotion｜曾楚芳 Matilda Tseng 視覺設計 Visual Designer｜周雨衛 Viter Chou、謝沛宸 Anmy Hsieh 平面攝影 Photographer｜柳妘儒 Yunju Liu 攝影助理 Photographer Assistant｜陳泱丞 Dozz Chen 攝影燈光 Photographer Gaffer｜Jeremii Fan 妝髮 Hair＆Makeup｜鍾其甫Ooioh 妝髮助理 Hair＆Makeup Assistant｜陳姿秀 Heena Chen 客語歌詞校正 Language counselor of Hakka lyrics｜鄭育淇 
跼 Confined
詞曲 Lyricist＆Composer｜邱淑蟬 Shuchan Chiu 製作人 Producer｜蕭賀碩 Shuo Hsiao 編曲 Arranger｜ 陳啟原 Curtis Chan、蕭賀碩 Shuo Hsiao 電吉他 E. Guitar｜陳啟原 Curtis Chan 人聲錄音工程師及錄音室 Vocal Recording Engineer＆Studio｜陳以霖 Yi-Lin Chen @大小眼錄音室 Twin Eyes Studio 吉他錄音工程師及錄音室 Recording Engineer＆Studio｜于世政 Shin-Cheng Yu @Lights Up Studio 助理錄音工程師及錄音室 Assistant Recording Engineer & Studio｜陳佳穎 Chia-Ying Chen @Lights Up Studio 混音工程師 Mixing Engineer｜林正忠 Jerry Lin @Robot Studio
母帶後期處理工程師及錄音室 Mastering Engineer ＆ Studio｜孫仲舒 Chung-Shu Sun@鈺德科技 U-Tech MT Studio 母帶後期處理製作人 Mastering Producer｜蕭賀碩 Shuo Hsiao 企劃宣傳 Project Planning & Promotion｜曾楚芳 Matilda Tseng 視覺設計 Visual Designer｜周雨衛 Viter Chou、謝沛宸 Anmy Hsieh 平面攝影 Photographer｜柳妘儒 Yunju Liu 攝影助理 Photographer Assistant｜陳泱丞 Dozz Chen 攝影燈光 Photographer Gaffer｜Jeremii Fan 妝髮 Hair＆Makeup｜鍾其甫Ooioh 妝髮助理 Hair＆Makeup Assistant｜陳姿秀 Heena Chen 客語歌詞校正 Language counselor of Hakka lyrics｜鄭育淇","𠊎看毋透 你金金个目珠 我看不透  你閃亮的眼睛 ngaiˇ kon mˇteu nˇgimˊgimˊge mugˋzuˊ 有會㖸个鳥仔  還有會飛个貓仔 有會笑的鳥      還有會飛的貓 iuˊ voi nagˋge diauˊeˋ  hanˇ iuˊ voi biˊge meu eˋ 𠊎聽毋識 你噥噥哢哢个聲 我聽不懂  你的喃喃自語 ngaiˇ tangˊ mˇ siidˋ nˇ nungˇ nungˇnung nung ge sangˊ 一下撖地泥講話 一下唱歌仔分蟻公聽 一下和地板說話  一下唱歌給螞蟻聽 idˋ ha ganˋti naiˇ gongˋfa  idˋ ha cong  goˊeˋ bunˊ ngie gungˊ tangˊ 𠊎按著這世界 已經罅擺大 我以為這世界  已經足夠大 ngaiˇon doˋ iaˋ sii  giai iˋ ginˊ la baiˋ tai 嗄跼毋得你 恁闊个心 卻困不住你 那麼寬闊的心 sa kiug mˇ dedˋ nˇanˋfadˋ ge  ximˊ 你看毋透  𠊎等冷冷个目珠 你看不透   我們冷漠的眼睛 nˇ kon mˇ teu ngaiˇ nenˊ nangˊ nangˊ ge  mugˋzuˊ 不時落雨毛仔 目汁毋敢跌 不時下毛毛雨 眼淚不敢掉落 budˋ siiˇ log  iˋmoˊeˋ mugˋ ziibˋ mˇgamˋ diedˋ 你聽毋識 𠊎撖𠊎講个話 你聽不懂  我和我說的話 nˇtangˊ mˇ siidˋ ngaiˇ ganˋ ngaiˇ  gongˋ ge  fa 就算橫倒噭眵  一定係為了自家 就算跌倒哭泣   一定是為了自己 qiu son vang doˋ gieu  ziiˊ idˋ tin  he  vi  liauˋcii gaˊ 
𠊎看毋透 你金金个目珠 我看不透  你閃亮的眼睛 ngaiˇ kon mˇteu nˇgimˊgimˊge mugˋzuˊ 有會㖸个鳥仔  還有會飛个貓仔 有會笑的鳥      還有會飛的貓 iuˊ voi nagˋge diauˊeˋ  hanˇ iuˊ voi biˊge meu eˋ 𠊎聽毋識 你噥噥哢哢个聲 我聽不懂  你的喃喃自語 ngaiˇ tangˊ mˇ siidˋ nˇ nungˇ nungˇnung nung ge sangˊ 一下撖地泥講話 一下唱歌仔分蟻公聽 一下和地板說話  一下唱歌給螞蟻聽 idˋ ha ganˋti naiˇ gongˋfa  idˋ ha cong  goˊeˋ bunˊ ngie gungˊ tangˊ
𠊎按著這世界 已經罅擺大 我以為這世界  已經足夠大 ngaiˇon doˋ iaˋ sii  giai iˋ ginˊ la baiˋ tai 嗄跼毋得你 恁闊个心 卻困不住你 那麼寬闊的心 sa kiug mˇ dedˋ nˇanˋfadˋ ge  ximˊ
你看毋透  𠊎等冷冷个目珠 你看不透   我們冷漠的眼睛 nˇ kon mˇ teu ngaiˇ nenˊ nangˊ nangˊ ge  mugˋzuˊ 不時落雨毛仔 目汁毋敢跌 不時下毛毛雨 眼淚不敢掉落 budˋ siiˇ log  iˋmoˊeˋ mugˋ ziibˋ mˇgamˋ diedˋ 你聽毋識 𠊎撖𠊎講个話 你聽不懂  我和我說的話 nˇtangˊ mˇ siidˋ ngaiˇ ganˋ ngaiˇ  gongˋ ge  fa 就算橫倒噭眵  一定係為了自家 就算跌倒哭泣   一定是為了自己 qiu son vang doˋ gieu  ziiˊ idˋ tin  he  vi  liauˋcii gaˊ
留言（ 0 ） 最相關留言 所有留言
留言（ 0 ）",2026-08-03,,True,False,
2026-08-06 11:30:09,18,,,6,32,3,https://streetvoice.com/MoonX_0325/songs/872941/,https://streetvoice.com/MoonX_0325/,"https://akstatic.streetvoice.com/song_covers/Mo/on/MoonX_0325/TjTxwg2ctGzypj3xR9f28h.jpeg?x-oss-process=image/resize,m_fixed,h_1,w_1,limit_0/resize,m_fixed,h_630,w_1200,limit_0/watermark,image_c29uZ19jb3ZlcnMvTW8vb24vTW9vblhfMDMyNS9UalR4d2cyY3RHenlwajN4UjlmMjhoLmpwZWc_eC1vc3MtcHJvY2Vzcz1pbWFnZS9yZXNpemUsbV9maXhlZCxoXzM0NCx3XzM0NCxsaW1pdF8w,g_nw,x_428,y_143/watermark,image_YXNzZXQvaW1hZ2VzL21ldGFpbWFnZS1zb25nLnBuZw,g_nw,x_0,y_0",@MoonX_0325,音樂人,高雄市,2026-07-01,,1,4,24,,,https://www.youtube.com/user/StreetVoiceTV,Hip hop / Rap,《洗腦神曲》 (Brainwashing Songs),https://streetvoice.com/MoonX_0325/songs/album/97325838/,,"MoonX 全新重磅單曲：《仙人之路》 】 「撥開迷霧，我腳下的路，我自己做主！」 當古典戲腔的空靈韻味，遇上重拍 Trap 與霸氣快嘴 Rap——這是一場傳統符號與現代電音的破局重構。 ――― 【 歌曲簡介 】 《仙人之路》以八卦羅盤、符咒太極等東方玄幻元素為意象，講述打破世俗枷鎖、不信命運擺布的強大意志。前奏以韻味悠長的戲腔開場，隨即銜接速度感十足的高速饒舌與重拍電音，展現出「我命由我不由天」的極致張力。 本作由 MoonX 創作，並結合 Suno AI 與克隆人聲精準演繹，穿梭於民樂樂句與迷幻電子樂之間，打造出最具衝擊力的國風電音饗宴。 「仙人之路，指的不是天上的路，是你心中的路。」 ――― 💬 聽完這首《仙人之路》，有感受到那股掌控命運的霸氣嗎？歡迎留言告訴我你的感受！ #MoonX #仙人之路 #國風電音 #國風Rap #Trap #戲腔 #霸氣快嘴 
MoonX 全新重磅單曲：《仙人之路》 】
「撥開迷霧，我腳下的路，我自己做主！」
當古典戲腔的空靈韻味，遇上重拍 Trap 與霸氣快嘴 Rap——這是一場傳統符號與現代電音的破局重構。
―――
【 歌曲簡介 】
《仙人之路》以八卦羅盤、符咒太極等東方玄幻元素為意象，講述打破世俗枷鎖、不信命運擺布的強大意志。前奏以韻味悠長的戲腔開場，隨即銜接速度感十足的高速饒舌與重拍電音，展現出「我命由我不由天」的極致張力。
本作由 MoonX 創作，並結合 Suno AI 與克隆人聲精準演繹，穿梭於民樂樂句與迷幻電子樂之間，打造出最具衝擊力的國風電音饗宴。
「仙人之路，指的不是天上的路，是你心中的路。」
―――
💬 聽完這首《仙人之路》，有感受到那股掌控命運的霸氣嗎？歡迎留言告訴我你的感受！
#MoonX #仙人之路 #國風電音 #國風Rap #Trap #戲腔 #霸氣快嘴","動態歌詞
「天道無常，凡人迷茫……嘿，看清楚了，這是誰在指路？」 霧散開 腳步邁 站在命運的十字街頭 紅塵太亂 誘惑太多 誰在對著鏡子發愁 有人求財 有人求愛 有人跪在神明面前拜 但我腳踩著風 兩袖清風 萬物皆在我之外 看那羅盤轉動 指針鎖定乾坤 小人算盡機關 卻算不透我的眼神 身披八卦袍 腳踏凌波步 別在迷宮裡鬼打牆 聽我給你的超度 點一柱清香 煙霧繚繞上了天 凡夫俗子還在爭著那幾張俗氣的錢 我睜開雙眼 看穿你心中的苦 別怕 閉上眼睛 聽我這招——仙人指路！ 仙人指路 撥開大霧 腳下的路我自己做主！ 仙人指路 斬斷世俗 擋我的障礙全部清除！ 不問前程 不問歸途 這一生 我命由我不由天扶！ 看招！左手畫個太極 右手寫個符咒 那些在背後搞鬼的小人 勸你趕緊退後 我的說唱像把利劍 劈開這混沌的夜 你還在迷信著劇本 我早已翻了新一頁 嗩吶一響 黃金萬兩 不是升天就是開光 聽這聲音穿透耳膜 照亮所有黑暗的地方 別跟我談什麼規矩 我就是規矩的造物主 管你妖魔鬼怪 遇上我都得原地臣服 這不是迷信 這是看透世事後的態度 老祖宗留下的智慧 刻在老子的骨 雲起、霧散 萬物歸於寂靜 命運的羅盤 其實握在你的手心 雲起、霧散 萬物歸於寂靜 命運的羅盤 其實握在你的手心 雲起、霧散 萬物歸於寂靜 命運的羅盤，其實握在你的手心 仙人指路 撥開大霧 腳下的路我自己做主 仙人指路 斬斷世俗 擋我的障礙全部清除 不問前程 不問歸途 這一生，我命由我不由天扶！ 仙人指路~~ 仙人指路 指的不是天上的路，是你心中的路~~ 
「天道無常，凡人迷茫……嘿，看清楚了，這是誰在指路？」 霧散開 腳步邁 站在命運的十字街頭 紅塵太亂 誘惑太多 誰在對著鏡子發愁 有人求財 有人求愛 有人跪在神明面前拜 但我腳踩著風 兩袖清風 萬物皆在我之外 看那羅盤轉動 指針鎖定乾坤 小人算盡機關 卻算不透我的眼神 身披八卦袍 腳踏凌波步 別在迷宮裡鬼打牆 聽我給你的超度 點一柱清香 煙霧繚繞上了天 凡夫俗子還在爭著那幾張俗氣的錢 我睜開雙眼 看穿你心中的苦 別怕 閉上眼睛 聽我這招——仙人指路！ 仙人指路 撥開大霧 腳下的路我自己做主！ 仙人指路 斬斷世俗 擋我的障礙全部清除！ 不問前程 不問歸途 這一生 我命由我不由天扶！ 看招！左手畫個太極 右手寫個符咒 那些在背後搞鬼的小人 勸你趕緊退後 我的說唱像把利劍 劈開這混沌的夜 你還在迷信著劇本 我早已翻了新一頁 嗩吶一響 黃金萬兩 不是升天就是開光 聽這聲音穿透耳膜 照亮所有黑暗的地方 別跟我談什麼規矩 我就是規矩的造物主 管你妖魔鬼怪 遇上我都得原地臣服 這不是迷信 這是看透世事後的態度 老祖宗留下的智慧 刻在老子的骨 雲起、霧散 萬物歸於寂靜 命運的羅盤 其實握在你的手心 雲起、霧散 萬物歸於寂靜 命運的羅盤 其實握在你的手心 雲起、霧散 萬物歸於寂靜 命運的羅盤，其實握在你的手心 仙人指路 撥開大霧 腳下的路我自己做主 仙人指路 斬斷世俗 擋我的障礙全部清除 不問前程 不問歸途 這一生，我命由我不由天扶！ 仙人指路~~ 仙人指路 指的不是天上的路，是你心中的路~~
留言（ 3 ） 最相關留言 所有留言
留言（ 3 ）",2026-08-05,,False,False,
2026-08-06 11:30:09,19,,,2,7,9,https://streetvoice.com/MoonX_0325/songs/872942/,https://streetvoice.com/MoonX_0325/,"https://akstatic.streetvoice.com/song_covers/Mo/on/MoonX_0325/2TseUbcov5uM4ykv69mLe8.jpeg?x-oss-process=image/resize,m_fixed,h_1,w_1,limit_0/resize,m_fixed,h_630,w_1200,limit_0/watermark,image_c29uZ19jb3ZlcnMvTW8vb24vTW9vblhfMDMyNS8yVHNlVWJjb3Y1dU00eWt2NjltTGU4LmpwZWc_eC1vc3MtcHJvY2Vzcz1pbWFnZS9yZXNpemUsbV9maXhlZCxoXzM0NCx3XzM0NCxsaW1pdF8w,g_nw,x_428,y_143/watermark,image_YXNzZXQvaW1hZ2VzL21ldGFpbWFnZS1zb25nLnBuZw,g_nw,x_0,y_0",@MoonX_0325,音樂人,高雄市,2026-07-01,,1,4,24,,,https://www.youtube.com/user/StreetVoiceTV,Pop,《洗腦神曲》 (Brainwashing Songs),https://streetvoice.com/MoonX_0325/songs/album/97325838/,,"【 MoonX 全新台味洗腦單曲：《蚵仔煎》 】 「夜市之王，無人能敵！今晚，來盤最頂的蚵仔煎！」 當深夜的鐵板滋滋作響，撞上重拍電音與接地氣的饒舌——這不只是街頭美食，而是一首唱出臺灣在地魂的夜市狂想曲！ ――― 【 歌曲簡介 】 《蚵仔煎》以臺灣最具代表性的夜市小吃為主題。從高溫鐵板上的煎皮聲音開場，歌詞生動描繪了「外皮金黃酥脆、裡面Q彈鮮美」的口感，將甜辣醬淋上去的瞬間化為最洗腦的音樂符號。 本作由 MoonX 創作，結合 Suno AI 與克隆人聲，穿梭於熱情饒舌與流行電音之間，打造出兼具台味樂趣與國際電音質感的美味神曲。 「不用去頂級餐廳，最頂的美味，就在這塊鐵板上！」 ――― 💬 聽完這首歌，你是不是也想立刻去夜市點一盤蚵仔煎了？歡迎留言告訴我你最愛的夜市美食！ #MoonX #蚵仔煎 #夜市美煞 #台味電音 #台味Rap #DancePop #洗腦神曲 
【 MoonX 全新台味洗腦單曲：《蚵仔煎》 】
「夜市之王，無人能敵！今晚，來盤最頂的蚵仔煎！」
當深夜的鐵板滋滋作響，撞上重拍電音與接地氣的饒舌——這不只是街頭美食，而是一首唱出臺灣在地魂的夜市狂想曲！
―――
【 歌曲簡介 】
《蚵仔煎》以臺灣最具代表性的夜市小吃為主題。從高溫鐵板上的煎皮聲音開場，歌詞生動描繪了「外皮金黃酥脆、裡面Q彈鮮美」的口感，將甜辣醬淋上去的瞬間化為最洗腦的音樂符號。
本作由 MoonX 創作，結合 Suno AI 與克隆人聲，穿梭於熱情饒舌與流行電音之間，打造出兼具台味樂趣與國際電音質感的美味神曲。
「不用去頂級餐廳，最頂的美味，就在這塊鐵板上！」
―――
💬 聽完這首歌，你是不是也想立刻去夜市點一盤蚵仔煎了？歡迎留言告訴我你最愛的夜市美食！
#MoonX #蚵仔煎 #夜市美煞 #台味電音 #台味Rap #DancePop #洗腦神曲","動態歌詞
yo 歡迎來到深夜夜市 聞到這個香味 你就知道今晚對了 不用去星級餐廳 最頂的美味就在這塊鐵板上 鐵板熱起來 鏟子動起來~ 鵝～啊～煎 Let's go 夜市的燈火亮起 排隊的人潮沒斷過 師傅的手藝俐落 眼神裡全是把握 一大匙的鮮蚵 粒粒飽滿像黑珍珠 落在高溫鐵板上 發出最完美的音符 淋上一層特調粉漿 瞬間凝固成金黃 打入一顆新鮮雞蛋 香氣四溢無法擋 一把茼蒿或空心菜 給它最翠綠的搭配 翻面那一瞬間 手法流暢從不浪費 「老闆 一份要辣 煎酥一點不用切」 這句話是內行人才懂的口訣 外皮要煎到金黃酥脆 裡面要保持Q彈 每一口都是大海的鮮美 讓人心甘情願排隊 最後淋上那靈魂醬汁 甜甜辣辣的滋味 準備好了沒有？跟我一起大聲唱出來 鵝啊煎~鐵板上的交響樂 卡滋卡滋的外皮 一口咬下超快樂 鵝啊煎~甜辣醬汁淋上去 這是最台的滋味 傳承百年的傳奇 yo~評鑑美食不用大篇幅的文章 真正的王者不需要靠華麗包裝 飽滿的蚵仔在嘴裡爆汁 鮮味滿開 太白粉跟地瓜粉的比例 全憑經驗掌控出來 醬汁是精髓 紅紅甜甜帶點酸 搭配剛出爐的熱氣 吃一口就把壓力釋放完 管你來自哪裡 外國朋友還是在地人 只要吃上一盤 瞬間都被這滋味征服靈魂 這不是普通的宵夜 這是人間的至寶 吃完一盤還不夠 老闆再給我打包 外皮要煎到金黃酥脆 裡面要保持Q彈 每一口都是大海的鮮美 讓人心甘情願排隊 最後淋上那靈魂醬汁 甜甜辣辣的滋味 準備好了沒有？跟我一起大聲唱出來 鵝啊煎~鐵板上的交響樂 卡滋卡滋的外皮 一口咬下超快樂 鵝啊煎~甜辣醬汁淋上去 這是最台的滋味 傳承百年的傳奇 走過無數個城市 看過無數的風景 最想念的還是巷口那張小木桌的溫情 熱氣騰騰的煙霧裡 有最道地的人情味 這一盤經典 誰也無法替代…… 鵝啊煎~ 老闆 多謝啦！下次我再來 鵝啊煎~ 鏟子一落 火候到位 這一味 收在嘴裡 鵝啊煎~ 記在心底 Peace~Peace... 
yo 歡迎來到深夜夜市 聞到這個香味 你就知道今晚對了 不用去星級餐廳 最頂的美味就在這塊鐵板上 鐵板熱起來 鏟子動起來~ 鵝～啊～煎 Let's go 夜市的燈火亮起 排隊的人潮沒斷過 師傅的手藝俐落 眼神裡全是把握 一大匙的鮮蚵 粒粒飽滿像黑珍珠 落在高溫鐵板上 發出最完美的音符 淋上一層特調粉漿 瞬間凝固成金黃 打入一顆新鮮雞蛋 香氣四溢無法擋 一把茼蒿或空心菜 給它最翠綠的搭配 翻面那一瞬間 手法流暢從不浪費 「老闆 一份要辣 煎酥一點不用切」 這句話是內行人才懂的口訣 外皮要煎到金黃酥脆 裡面要保持Q彈 每一口都是大海的鮮美 讓人心甘情願排隊 最後淋上那靈魂醬汁 甜甜辣辣的滋味 準備好了沒有？跟我一起大聲唱出來 鵝啊煎~鐵板上的交響樂 卡滋卡滋的外皮 一口咬下超快樂 鵝啊煎~甜辣醬汁淋上去 這是最台的滋味 傳承百年的傳奇 yo~評鑑美食不用大篇幅的文章 真正的王者不需要靠華麗包裝 飽滿的蚵仔在嘴裡爆汁 鮮味滿開 太白粉跟地瓜粉的比例 全憑經驗掌控出來 醬汁是精髓 紅紅甜甜帶點酸 搭配剛出爐的熱氣 吃一口就把壓力釋放完 管你來自哪裡 外國朋友還是在地人 只要吃上一盤 瞬間都被這滋味征服靈魂 這不是普通的宵夜 這是人間的至寶 吃完一盤還不夠 老闆再給我打包 外皮要煎到金黃酥脆 裡面要保持Q彈 每一口都是大海的鮮美 讓人心甘情願排隊 最後淋上那靈魂醬汁 甜甜辣辣的滋味 準備好了沒有？跟我一起大聲唱出來 鵝啊煎~鐵板上的交響樂 卡滋卡滋的外皮 一口咬下超快樂 鵝啊煎~甜辣醬汁淋上去 這是最台的滋味 傳承百年的傳奇 走過無數個城市 看過無數的風景 最想念的還是巷口那張小木桌的溫情 熱氣騰騰的煙霧裡 有最道地的人情味 這一盤經典 誰也無法替代…… 鵝啊煎~ 老闆 多謝啦！下次我再來 鵝啊煎~ 鏟子一落 火候到位 這一味 收在嘴裡 鵝啊煎~ 記在心底 Peace~Peace...
留言（ 9 ） 最相關留言 所有留言
留言（ 9 ）",2026-08-05,,False,False,
2026-08-06 11:30:09,20,,,3,71,3,https://streetvoice.com/huhualsichkann/songs/872776/,https://streetvoice.com/huhualsichkann/,"https://akstatic.streetvoice.com/song_covers/hu/hu/huhualsichkann/XyU9QE5tUDjdySNfoYz9VC.jpeg?x-oss-process=image/resize,m_fixed,h_1,w_1,limit_0/resize,m_fixed,h_630,w_1200,limit_0/watermark,image_c29uZ19jb3ZlcnMvaHUvaHUvaHVodWFsc2ljaGthbm4vWHlVOVFFNXRVRGpkeVNOZm9ZejlWQy5qcGVnP3gtb3NzLXByb2Nlc3M9aW1hZ2UvcmVzaXplLG1fZml4ZWQsaF8zNDQsd18zNDQsbGltaXRfMA,g_nw,x_428,y_143/watermark,image_YXNzZXQvaW1hZ2VzL21ldGFpbWFnZS1zb25nLnBuZw,g_nw,x_0,y_0",@huhualsichkann,音樂人,,,2025-07-14 19:10,4,136,10,,https://www.instagram.com/huhualsichkann,https://www.youtube.com/user/StreetVoiceTV,Hip hop / Rap,,,,"不得不和學生時代說再見了，抱著這樣的想法開始寫這首歌。 我承認自己沒那麼勇敢，還沒辦法孤注一擲去做一個不那麼“傳統”的人。不過，這也沒什麼，總要學會在狗一樣的生活上做出神仙一樣的事。 所以，祝願我們繼續保持對世界的好奇、對他人的體察，以及對內在節奏的尊重。在面對懸而未決的人生課題時，依舊保留有某種決心。 「花開花謝、都來幾許。且高歌休訴。」 —————— 詞曲 Lyricist&Composor｜huhu胡胡 製作人 Producer｜Flowstrong 編曲 Arrangement｜Flowstrong 電吉他 Electric Guitar｜高翔煜 XY Kao 貝斯 Bass｜高翔煜 XY Kao 錄音室 Recording Studio｜Cashmere  Studio 混音工程師 Mixing Engineer｜Flowstrong 母帶後期處理工程師 Mastering Engineer｜Thomas 莊鈞智 母帶後期錄音室 Mastering Studio | Sketch Studio 封面設計 Designer｜淵淵 胡胡 發行 Distribution｜生煎唱片SJ RECORDS 
不得不和學生時代說再見了，抱著這樣的想法開始寫這首歌。
我承認自己沒那麼勇敢，還沒辦法孤注一擲去做一個不那麼“傳統”的人。不過，這也沒什麼，總要學會在狗一樣的生活上做出神仙一樣的事。
所以，祝願我們繼續保持對世界的好奇、對他人的體察，以及對內在節奏的尊重。在面對懸而未決的人生課題時，依舊保留有某種決心。
「花開花謝、都來幾許。且高歌休訴。」
——————
詞曲 Lyricist&Composor｜huhu胡胡 製作人 Producer｜Flowstrong 編曲 Arrangement｜Flowstrong 電吉他 Electric Guitar｜高翔煜 XY Kao 貝斯 Bass｜高翔煜 XY Kao 錄音室 Recording Studio｜Cashmere  Studio 混音工程師 Mixing Engineer｜Flowstrong 母帶後期處理工程師 Mastering Engineer｜Thomas 莊鈞智 母帶後期錄音室 Mastering Studio | Sketch Studio 封面設計 Designer｜淵淵 胡胡 發行 Distribution｜生煎唱片SJ RECORDS","動態歌詞
叹气 像两条相交的线 定义 不会再有交点 呼吸 四季更迭流转 记忆在我们之间 缠绕 深深羁绊 I can’t say goodbye 轻易地 尽管 聚散是人生的课题 敲击着键盘 千言万语到最后只剩寥寥几笔 我看着未来 有一点徘徊 是否往前迈 分不清东南西北 何时能喝彩 要像 云一样 通达四海 同你再饮一杯酒 明天要远行 烟波万里秋 去何处觅知音 终曲来临已泪流 荆桃早飘零 放心去追求 不必总是回头 房间被打通了 可惜那里再也没有我的工位了 新的角色正在缓冲着 下次见面是否班味变得很重呢 一直焦虑着 还没开始就想退休 或是赖在被窝 床是最小的诺亚方舟 载着你的乡愁 你的梦 整个宇宙 running running running 地球不停转 自然不敢停止回复消息 funny money honey 如果都得到了 请告诉我 why are you crying 如果可以 放声高歌 不要有顾虑 如果可以 好想拥抱你 二十多岁的我自己 啦——啦——啦——啦啦啦啦啦 同你再饮一杯酒 明天要远行 烟波万里秋 去何处觅知音 终曲来临已泪流 荆桃早飘零 放心去追求 不必总是回头 
叹气 像两条相交的线 定义 不会再有交点 呼吸 四季更迭流转 记忆在我们之间 缠绕 深深羁绊 I can’t say goodbye 轻易地 尽管 聚散是人生的课题 敲击着键盘 千言万语到最后只剩寥寥几笔 我看着未来 有一点徘徊 是否往前迈 分不清东南西北 何时能喝彩 要像 云一样 通达四海 同你再饮一杯酒 明天要远行 烟波万里秋 去何处觅知音 终曲来临已泪流 荆桃早飘零 放心去追求 不必总是回头 房间被打通了 可惜那里再也没有我的工位了 新的角色正在缓冲着 下次见面是否班味变得很重呢 一直焦虑着 还没开始就想退休 或是赖在被窝 床是最小的诺亚方舟 载着你的乡愁 你的梦 整个宇宙 running running running 地球不停转 自然不敢停止回复消息 funny money honey 如果都得到了 请告诉我 why are you crying 如果可以 放声高歌 不要有顾虑 如果可以 好想拥抱你 二十多岁的我自己
啦——啦——啦——啦啦啦啦啦
同你再饮一杯酒 明天要远行 烟波万里秋 去何处觅知音 终曲来临已泪流 荆桃早飘零 放心去追求 不必总是回头
留言（ 3 ） 最相關留言 所有留言
留言（ 3 ）",2026-08-04,,True,False,
2026-08-06 11:30:09,21,,,5,607,3,https://streetvoice.com/LieYing/songs/872868/,https://streetvoice.com/LieYing/,"https://akstatic.streetvoice.com/song_covers/Li/eY/LieYing/ENJPQV7yQNvMbF9aXpwz6U.jpeg?x-oss-process=image/resize,m_fixed,h_1,w_1,limit_0/resize,m_fixed,h_630,w_1200,limit_0/watermark,image_c29uZ19jb3ZlcnMvTGkvZVkvTGllWWluZy9FTkpQUVY3eVFOdk1iRjlhWHB3ejZVLmpwZWc_eC1vc3MtcHJvY2Vzcz1pbWFnZS9yZXNpemUsbV9maXhlZCxoXzM0NCx3XzM0NCxsaW1pdF8w,g_nw,x_428,y_143/watermark,image_YXNzZXQvaW1hZ2VzL21ldGFpbWFnZS1zb25nLnBuZw,g_nw,x_0,y_0",@LieYing,音樂人,,,2025-09-08 17:23,2,87,,,https://www.instagram.com/lieying.lieying/,https://www.youtube.com/@lieying.lieying,Rock,,,,"一個烈鷹的demo 
一個烈鷹的demo","動態歌詞
我的花瓶破碎 a million pieces to pick up I spend all day to find each broken part of it but it wasn’t enough 你跟我說的每句話 都寫在我心上 我認不出自己的臉 我成為了什麼？ 我的花瓶破碎 turning in to something else the pieces are the same but something else has changed I think I need some help if every choice I’ve ever made has led me up to now 我認不出我自的臉 我成為了什麼？ 我成為了什麼？ 我成為了什麼？ 我成為了什麼？ 我成為了什麼？ 我成為了什麼？ 我的花瓶破碎 a million pieces to pick up 我成為了什麼？ 我認不出自己的臉 我成為了什麼？ 我的花瓶破碎 a million pieces to pick up 我成為了什麼？ 
我的花瓶破碎 a million pieces to pick up I spend all day to find each broken part of it but it wasn’t enough 你跟我說的每句話 都寫在我心上 我認不出自己的臉 我成為了什麼？ 我的花瓶破碎 turning in to something else the pieces are the same but something else has changed I think I need some help if every choice I’ve ever made has led me up to now 我認不出我自的臉 我成為了什麼？ 我成為了什麼？ 我成為了什麼？ 我成為了什麼？ 我成為了什麼？ 我成為了什麼？ 我的花瓶破碎 a million pieces to pick up 我成為了什麼？ 我認不出自己的臉 我成為了什麼？ 我的花瓶破碎 a million pieces to pick up 我成為了什麼？
留言（ 3 ） 最相關留言 所有留言
留言（ 3 ）",2026-08-04,,False,False,
2026-08-06 11:30:09,22,,,16,1673,3,https://streetvoice.com/soothemily/songs/871006/,https://streetvoice.com/soothemily/,"https://akstatic.streetvoice.com/song_covers/so/ot/soothemily/2Z9fTScad6nxFU6LrtUsFB.jpeg?x-oss-process=image/resize,m_fixed,h_1,w_1,limit_0/resize,m_fixed,h_630,w_1200,limit_0/watermark,image_c29uZ19jb3ZlcnMvc28vb3Qvc29vdGhlbWlseS8yWjlmVFNjYWQ2bnhGVTZMcnRVc0ZCLmpwZWc_eC1vc3MtcHJvY2Vzcz1pbWFnZS9yZXNpemUsbV9maXhlZCxoXzM0NCx3XzM0NCxsaW1pdF8w,g_nw,x_428,y_143/watermark,image_YXNzZXQvaW1hZ2VzL21ldGFpbWFnZS1zb25nLnBuZw,g_nw,x_0,y_0",@soothemily,音樂人,台北市,2020-10-01,,3,3,1,,,https://www.youtube.com/user/StreetVoiceTV,Experimental,CONEHEAD X SOOTHEMILY,https://streetvoice.com/soothemily/songs/album/97325755/,Conehead 錐頭,"這首歌比起歌詞破碎的內容，更多是我在嘗試，用這種晃蕩晃蕩的語氣，是否可以唱進去Beat裏面，因為有一點點不確定感，所以也錄得比較小聲ＸＤ當成是個小實驗與大家分享～～ 
這首歌比起歌詞破碎的內容，更多是我在嘗試，用這種晃蕩晃蕩的語氣，是否可以唱進去Beat裏面，因為有一點點不確定感，所以也錄得比較小聲ＸＤ當成是個小實驗與大家分享～～","I’m far from a perfectionist 我可不是什麼完美主義者 As you said tomorrow’s not promised 就像你知道，你說明日不是必然 There’s no irritation from the ethics 那兒沒有所謂因道德而激起的情緒 For God’s love is massive 因為 神比我們想得還寬廣 No, he doesn’t mean to be alcholic 不不，他不是真的酒精成癮 Just the pain under skin that stings 而是那在皮膚之下叮咬般的刺痛作用著 Oh, the noise that annoys me 噢，那惹惱我的雜音呀 Take my flesh then 取去我的肉身隨你 Let my spirit glow 讓我的靈魂來發光吧 Don’t judge, respect, 不評斷，尊重 Therefore, love never ends 因此，愛永不止息 Corsage, well-dressed 胸花，正裝 I’m here for you, don’t be a guest 我是為了你而來，就別見外了 beatmaker - Conehead song writing by soothemily conehead:   / coneheadsthought soothemily:   / soothemily 
I’m far from a perfectionist 我可不是什麼完美主義者 As you said tomorrow’s not promised 就像你知道，你說明日不是必然 There’s no irritation from the ethics 那兒沒有所謂因道德而激起的情緒 For God’s love is massive 因為 神比我們想得還寬廣
No, he doesn’t mean to be alcholic 不不，他不是真的酒精成癮 Just the pain under skin that stings 而是那在皮膚之下叮咬般的刺痛作用著 Oh, the noise that annoys me 噢，那惹惱我的雜音呀 Take my flesh then 取去我的肉身隨你 Let my spirit glow 讓我的靈魂來發光吧
Don’t judge, respect, 不評斷，尊重 Therefore, love never ends 因此，愛永不止息 Corsage, well-dressed 胸花，正裝 I’m here for you, don’t be a guest 我是為了你而來，就別見外了
beatmaker - Conehead song writing by soothemily conehead:   / coneheadsthought soothemily:   / soothemily
留言（ 3 ） 最相關留言 所有留言
留言（ 3 ）",2026-07-25,,True,False,https://streetvoice.com/soothemily/songs/871006/critic_reviews/
2026-08-06 11:30:09,23,,,34,3729,31,https://streetvoice.com/MatthewLiu/songs/870091/,https://streetvoice.com/MatthewLiu/,"https://akstatic.streetvoice.com/song_covers/Ma/tt/MatthewLiu/aSmrrtfn73LUrSFMK2eNVc.jpeg?x-oss-process=image/resize,m_fixed,h_1,w_1,limit_0/resize,m_fixed,h_630,w_1200,limit_0/watermark,image_c29uZ19jb3ZlcnMvTWEvdHQvTWF0dGhld0xpdS9hU21ycnRmbjczTFVyU0ZNSzJlTlZjLmpwZWc_eC1vc3MtcHJvY2Vzcz1pbWFnZS9yZXNpemUsbV9maXhlZCxoXzM0NCx3XzM0NCxsaW1pdF8w,g_nw,x_428,y_143/watermark,image_YXNzZXQvaW1hZ2VzL21ldGFpbWFnZS1zb25nLnBuZw,g_nw,x_0,y_0",@MatthewLiu,音樂人,,,2026-08-04 16:48,1,104,,https://www.facebook.com/share/19GGoV6fp5/?mibextid=wwXIfr,https://www.instagram.com/hsiuchichi/,https://www.youtube.com/@m920333333,Pop,,,,"這是一首有關三體的歌曲，正式版將收錄於今年即將發行的歌人專輯《朋友、戀人與最糟糕的事》 
這是一首有關三體的歌曲，正式版將收錄於今年即將發行的歌人專輯《朋友、戀人與最糟糕的事》","雲天明 我願意做一顆星球 藏在你無邊的宇宙 在你不捨之前我會先離開 童年時不曾真的有童話 離別時也不曾真的害怕 你如晨星總是明亮 我是銀河之外的悲傷 遙遠地 容不下一句話 我願意做一顆星球 藏在你無邊的宇宙 在你不捨之前我會先離開 沈默如流星般劃過 仰望著恆星的永久 在時間的盡頭 我會等待 沈默如流星般劃過 仰望著恆星的永久 在時間的盡頭 我會等待 等待你醒過來 這次我 會勇敢 說出來 - 詞曲編曲錄音混音演唱：我 
雲天明
我願意做一顆星球 藏在你無邊的宇宙 在你不捨之前我會先離開
童年時不曾真的有童話 離別時也不曾真的害怕 你如晨星總是明亮 我是銀河之外的悲傷 遙遠地 容不下一句話
我願意做一顆星球 藏在你無邊的宇宙 在你不捨之前我會先離開
沈默如流星般劃過 仰望著恆星的永久 在時間的盡頭 我會等待
沈默如流星般劃過 仰望著恆星的永久 在時間的盡頭 我會等待
等待你醒過來 這次我 會勇敢 說出來
-
詞曲編曲錄音混音演唱：我
留言（ 31 ） 最相關留言 所有留言
留言（ 31 ）",2026-07-19,,True,True,
2026-08-06 11:30:09,24,,,5,675,6,https://streetvoice.com/loststar926/songs/872508/,https://streetvoice.com/loststar926/,"https://akstatic.streetvoice.com/song_covers/lo/st/loststar926/EESrFkgexJHPEgEAK5BRCD.jpg?x-oss-process=image/resize,m_fixed,h_1,w_1,limit_0/resize,m_fixed,h_630,w_1200,limit_0/watermark,image_c29uZ19jb3ZlcnMvbG8vc3QvbG9zdHN0YXI5MjYvRUVTckZrZ2V4SkhQRWdFQUs1QlJDRC5qcGc_eC1vc3MtcHJvY2Vzcz1pbWFnZS9yZXNpemUsbV9maXhlZCxoXzM0NCx3XzM0NCxsaW1pdF8w,g_nw,x_428,y_143/watermark,image_YXNzZXQvaW1hZ2VzL21ldGFpbWFnZS1zb25nLnBuZw,g_nw,x_0,y_0",@loststar926,音樂人,宜蘭縣,2022-11-01,2023-12-12 17:35,19,35,10,https://www.facebook.com/Funcal.tw,https://instagram.com/funcal.tw,https://youtube.com/@funcalmusic,Folk,,,,"如果生命愛作對 那就放空一切 放肆地活著 
如果生命愛作對 那就放空一切 放肆地活著","放空 詞曲/LostStar 空蕩的街 孤單的夜 一個人的房間 空氣凝結 堆砌想念 兩個人的世界 空洞雙眼 淒美音樂 環繞在的我耳邊 那一天 越來越遙遠 想像空幻情節 何時上演 空虛的心 填不滿的缺 空白一切 卻更突顯 不在乎的無所謂 是否 越是在意誰就越會失去誰 越是想要飛就越會往下墜 越是想要跟命運作對 越是跌得傷痕累累 不如 放飛自我放空一切不後退 放肆的活放下一切不怨懟 再也沒有誰虧欠了誰 告別所有自艾自憐 不責備 是否 越不在乎誰就越會擁有誰 越是想要逃避就越能面對 越是坦然去接受一切 越有機會突破重圍 不如 放飛自我放空一切不後退 放肆的活放下一切不怨懟 再也沒有誰虧欠了誰 告別所有自艾自憐 不後悔 
放空 詞曲/LostStar
空蕩的街 孤單的夜 一個人的房間 空氣凝結 堆砌想念 兩個人的世界 空洞雙眼 淒美音樂 環繞在的我耳邊 那一天 越來越遙遠
想像空幻情節 何時上演 空虛的心 填不滿的缺 空白一切 卻更突顯 不在乎的無所謂
是否 越是在意誰就越會失去誰 越是想要飛就越會往下墜 越是想要跟命運作對 越是跌得傷痕累累
不如 放飛自我放空一切不後退 放肆的活放下一切不怨懟 再也沒有誰虧欠了誰 告別所有自艾自憐 不責備
是否 越不在乎誰就越會擁有誰 越是想要逃避就越能面對 越是坦然去接受一切 越有機會突破重圍
不如 放飛自我放空一切不後退 放肆的活放下一切不怨懟 再也沒有誰虧欠了誰 告別所有自艾自憐 不後悔
留言（ 6 ） 最相關留言 所有留言
留言（ 6 ）",2026-08-02,,False,False,
2026-08-06 11:30:09,25,,,4,246,1,https://streetvoice.com/CircusBraintly/songs/870506/,https://streetvoice.com/CircusBraintly/,"https://akstatic.streetvoice.com/music_albums/Ci/rc/CircusBraintly/TXUgHHKwLEW38cMjanSAjS.jpeg?x-oss-process=image/resize,m_fixed,h_1,w_1,limit_0/resize,m_fixed,h_630,w_1200,limit_0/watermark,image_bXVzaWNfYWxidW1zL0NpL3JjL0NpcmN1c0JyYWludGx5L1RYVWdISEt3TEVXMzhjTWphblNBalMuanBlZz94LW9zcy1wcm9jZXNzPWltYWdlL3Jlc2l6ZSxtX2ZpeGVkLGhfMzQ0LHdfMzQ0LGxpbWl0XzA,g_nw,x_428,y_143/watermark,image_YXNzZXQvaW1hZ2VzL21ldGFpbWFnZS1zb25nLnBuZw,g_nw,x_0,y_0",@CircusBraintly,音樂人,台中市,2008-04-01,,17,7208,11,,,https://www.youtube.com/user/StreetVoiceTV,Rock,"The Good News, The Bad News & The Fake",https://streetvoice.com/CircusBraintly/songs/album/97325736/,,"深刻剖析網路「鍵盤俠」的心理圖景。編曲上重現西部片式的對峙張力，群眾手持文字子彈，站在道德頂端發動制裁，沉溺於虛擬世界中「一夫當關、神擋殺神」的正義審判。 ""拿起你的鍵盤，跟我決一死戰!!"" 
深刻剖析網路「鍵盤俠」的心理圖景。編曲上重現西部片式的對峙張力，群眾手持文字子彈，站在道德頂端發動制裁，沉溺於虛擬世界中「一夫當關、神擋殺神」的正義審判。
""拿起你的鍵盤，跟我決一死戰!!""","噢 我是個戰神 我一夫當關 我力挽狂瀾 噢 我是個戰神 我身經百戰 他們聞風喪膽 噢 我是個戰神 站在道德的頂端 發動制裁 噢 我是個戰神 用文字做為子彈 裝進上膛的鍵盤 我代表正義的審判 把你送上刑台 這戰場誰都可能是槍下亡魂 誰不想自稱是正義的化身 放下鍵盤 立地成佛 不殺生 不可能 舉起手中的滑鼠準星彼此瞄準 你別只會躲在那用螢幕做成的盾 我佛擋殺佛 神擋殺神 不過是殺死另個""帳號名稱"" 噢 我是個戰神 我一夫當關 我力挽狂瀾 噢 我是個戰神 我身經百戰 他們聞風喪膽 噢 我是個戰神 站在道德的頂端 發動制裁 噢 我是個戰神 用文字做為子彈 裝進上膛的鍵盤 我代表正義的審判 把你送上刑台 這戰場誰都可能是槍下亡魂 誰都想自稱是正義的化身 放下鍵盤 立地成佛 不殺生 不可能 舉起手中的滑鼠準星彼此瞄準 你別只會躲在那用螢幕做成的盾 佛擋殺佛 神擋殺神 成為無情的戰神 噢 我是個戰神 我一夫當關 我力挽狂瀾 噢 我是個戰神 我身經百戰 他們聞風喪膽 噢 我是個戰神 我一夫當關 我力挽狂瀾 噢 我是個戰神 我身經百戰 他們聞風喪膽 
噢 我是個戰神 我一夫當關 我力挽狂瀾 噢 我是個戰神 我身經百戰 他們聞風喪膽 噢 我是個戰神 站在道德的頂端 發動制裁 噢 我是個戰神
用文字做為子彈 裝進上膛的鍵盤 我代表正義的審判 把你送上刑台
這戰場誰都可能是槍下亡魂 誰不想自稱是正義的化身 放下鍵盤 立地成佛 不殺生 不可能
舉起手中的滑鼠準星彼此瞄準 你別只會躲在那用螢幕做成的盾 我佛擋殺佛 神擋殺神 不過是殺死另個""帳號名稱""
噢 我是個戰神 我一夫當關 我力挽狂瀾 噢 我是個戰神 我身經百戰 他們聞風喪膽 噢 我是個戰神 站在道德的頂端 發動制裁 噢 我是個戰神
用文字做為子彈 裝進上膛的鍵盤 我代表正義的審判 把你送上刑台
這戰場誰都可能是槍下亡魂 誰都想自稱是正義的化身 放下鍵盤 立地成佛 不殺生 不可能
舉起手中的滑鼠準星彼此瞄準 你別只會躲在那用螢幕做成的盾 佛擋殺佛 神擋殺神 成為無情的戰神
噢 我是個戰神 我一夫當關 我力挽狂瀾 噢 我是個戰神 我身經百戰 他們聞風喪膽 噢 我是個戰神 我一夫當關 我力挽狂瀾 噢 我是個戰神 我身經百戰 他們聞風喪膽
留言（ 1 ） 最相關留言 所有留言
留言（ 1 ）",2026-07-22,,True,True,
2026-08-06 11:30:09,26,,,2,17,2,https://streetvoice.com/crimson_bar_j68/songs/873010/,https://streetvoice.com/crimson_bar_j68/,"https://akstatic.streetvoice.com/song_covers/cr/im/crimson_bar_j68/Hu4TA4Phe86KexUJjXkkCa.jpeg?x-oss-process=image/resize,m_fixed,h_1,w_1,limit_0/resize,m_fixed,h_630,w_1200,limit_0/watermark,image_c29uZ19jb3ZlcnMvY3IvaW0vY3JpbXNvbl9iYXJfajY4L0h1NFRBNFBoZTg2S2V4VUpqWGtrQ2EuanBlZz94LW9zcy1wcm9jZXNzPWltYWdlL3Jlc2l6ZSxtX2ZpeGVkLGhfMzQ0LHdfMzQ0LGxpbWl0XzA,g_nw,x_428,y_143/watermark,image_YXNzZXQvaW1hZ2VzL21ldGFpbWFnZS1zb25nLnBuZw,g_nw,x_0,y_0",@crimson_bar_j68,音樂人,,,,,2,2,,,https://www.youtube.com/user/StreetVoiceTV,Hip hop / Rap,,,,"寫給馬麻的 
寫給馬麻的","這是沒有提供歌詞的歌曲
留言（ 2 ） 最相關留言 所有留言
留言（ 2 ）",2026-08-05,,False,False,
2026-08-06 11:30:09,27,,,1,38,7,https://streetvoice.com/onle72773/songs/872892/,https://streetvoice.com/onle72773/,"https://akstatic.streetvoice.com/song_covers/on/le/onle72773/fWGfofAfknyckZr7HrH9we.jpeg?x-oss-process=image/resize,m_fixed,h_1,w_1,limit_0/resize,m_fixed,h_630,w_1200,limit_0/watermark,image_c29uZ19jb3ZlcnMvb24vbGUvb25sZTcyNzczL2ZXR2ZvZkFma255Y2tacjdIckg5d2UuanBlZz94LW9zcy1wcm9jZXNzPWltYWdlL3Jlc2l6ZSxtX2ZpeGVkLGhfMzQ0LHdfMzQ0LGxpbWl0XzA,g_nw,x_428,y_143/watermark,image_YXNzZXQvaW1hZ2VzL21ldGFpbWFnZS1zb25nLnBuZw,g_nw,x_0,y_0",@onle72773,音樂人,,,2026-01-30 10:23,2,29,5,,https://www.instagram.com/hooii_hh,https://www.youtube.com/user/StreetVoiceTV,Singer / Songwriter,,,,"有鬼啊 活得跟這歌一樣 醜醜的 我要打死新世紀大魔王 封面是一條毛巾 
有鬼啊 活得跟這歌一樣 醜醜的 我要打死新世紀大魔王 封面是一條毛巾","今天是我第幾天住在沙發 我們都以為有什麼方法 比如把恐懼說出來 再放下 一遍又一遍 不找終點就停下 後退幾步卻靠不到一面牆 哪裡有？告訴我 把喜歡的外套弄丟 項鏈弄丟 還有什麼？ 說你怎麼不會把自己搞丟 心理已經差不多 身體就有點難度 大概要放一把火 等我死了瞑目 不斷不斷感受疼痛 感受 疼痛 寫一首長長的歌 掛在嘴邊唱沒幾次 有些人分不清楚 這是命運還是未知 可能我站在邊緣 越靠近我就越遙遠 下一個 是不是我 
今天是我第幾天住在沙發 我們都以為有什麼方法 比如把恐懼說出來 再放下 一遍又一遍 不找終點就停下 後退幾步卻靠不到一面牆 哪裡有？告訴我
把喜歡的外套弄丟 項鏈弄丟 還有什麼？ 說你怎麼不會把自己搞丟 心理已經差不多 身體就有點難度 大概要放一把火 等我死了瞑目 不斷不斷感受疼痛 感受 疼痛
寫一首長長的歌 掛在嘴邊唱沒幾次 有些人分不清楚 這是命運還是未知 可能我站在邊緣 越靠近我就越遙遠 下一個 是不是我
留言（ 7 ） 最相關留言 所有留言
留言（ 7 ）",2026-08-05,,False,False,
2026-08-06 11:30:09,28,,,1,17,7,https://streetvoice.com/MoonX_0325/songs/872805/,https://streetvoice.com/MoonX_0325/,"https://akstatic.streetvoice.com/song_covers/Mo/on/MoonX_0325/RwFDQS9TKrnMdQkA8978uq.jpeg?x-oss-process=image/resize,m_fixed,h_1,w_1,limit_0/resize,m_fixed,h_630,w_1200,limit_0/watermark,image_c29uZ19jb3ZlcnMvTW8vb24vTW9vblhfMDMyNS9Sd0ZEUVM5VEtybk1kUWtBODk3OHVxLmpwZWc_eC1vc3MtcHJvY2Vzcz1pbWFnZS9yZXNpemUsbV9maXhlZCxoXzM0NCx3XzM0NCxsaW1pdF8w,g_nw,x_428,y_143/watermark,image_YXNzZXQvaW1hZ2VzL21ldGFpbWFnZS1zb25nLnBuZw,g_nw,x_0,y_0",@MoonX_0325,音樂人,高雄市,2026-07-01,,1,5,32,,,https://www.youtube.com/user/StreetVoiceTV,Hip hop / Rap,《洗腦神曲》 (Brainwashing Songs),https://streetvoice.com/MoonX_0325/songs/album/97325838/,,"【 MoonX 2026 台味美食洗腦單曲：《仙女雞排》 】 「老闆，要切不要切？要辣不要辣？」這句話，簡直比真愛還要偉大！ ――― 【 歌曲簡介 】 城市很冷清，生活有太多苦，但在轉角的巷口，總有一盞紅燈籠為深夜的你留著。 仙女不走雲端，選擇降落人間，手裡拿著一塊炸得金黃酥脆的雞排，打破你所有的孤單！ MoonX 推出全新台味爆笑與治癒兼具的單曲《仙女雞排》，將快嘴 Rap 結合流暢的 R&B / Funk 律動。九層塔的爆香、高溫鎖住的肉汁、卡茲卡茲的爽款聲音，這不是幻想，這是專屬人間的治癒魔法！ 熱量算什麼？減肥明天再說！今晚，來一塊仙女雞排，把煩惱通通炸飛！ ――― 💬 今晚你要加甘梅粉還是黑胡椒？吃雞排你習慣配珍奶還是啤酒？留言告訴我！ #MoonX #仙女雞排 #台味HipHop #Funk #洗腦神曲 #美食音樂 #深夜食堂 #消夜必聽 
【 MoonX 2026 台味美食洗腦單曲：《仙女雞排》 】
「老闆，要切不要切？要辣不要辣？」這句話，簡直比真愛還要偉大！
―――
【 歌曲簡介 】
城市很冷清，生活有太多苦，但在轉角的巷口，總有一盞紅燈籠為深夜的你留著。 仙女不走雲端，選擇降落人間，手裡拿著一塊炸得金黃酥脆的雞排，打破你所有的孤單！
MoonX 推出全新台味爆笑與治癒兼具的單曲《仙女雞排》，將快嘴 Rap 結合流暢的 R&B / Funk 律動。九層塔的爆香、高溫鎖住的肉汁、卡茲卡茲的爽款聲音，這不是幻想，這是專屬人間的治癒魔法！
熱量算什麼？減肥明天再說！今晚，來一塊仙女雞排，把煩惱通通炸飛！
――― 💬 今晚你要加甘梅粉還是黑胡椒？吃雞排你習慣配珍奶還是啤酒？留言告訴我！
#MoonX #仙女雞排 #台味HipHop #Funk #洗腦神曲 #美食音樂 #深夜食堂 #消夜必聽","動態歌詞
Yo check this out 這不是一般的深夜食堂 歡迎來到仙界最香的角落…… 仙女下凡不飄香 因為她手裡拿著 仙～女～雞～排 Hit it 下課下的晚 加班加到滿 肚子在咕嚕叫 心情有點煩 走到巷子口 看到紅燈籠亮起 有一股神仙香氣飄過整條街區 排隊的人群從頭排到尾巴 圍裙綁著仙女 眼神比誰都專 油鍋裡的特級金黃 正在發光 那是治癒靈魂的魔法 不是幻想 「老闆，要切不要切？要辣不要辣？」 這句問候簡直比真愛還要偉大 獨門的秘方 香料散發神光 一出手就知有沒有 無人能擋 仙女揮一揮袖 不帶走一片雲彩 但她手裡的秘製醃料 讓人神魂顛倒 外皮酥脆爽口 肉汁鎖在裡面爆開 準備好了沒有？跟我一起喊出來 仙女雞排 香氣飄過九重天 一口咬下去 煩惱全都離我遠 仙女雞排 美味留在嘴脣邊 卡滋卡滋的聲音 爽快一整天 (Yeah 神仙雞排！Hot & Juicy) (Yeah 神仙滋味 No body can deny) Yo 讓我細細品味 這不是普通貨色 溫控精準兩百度 鎖住精華不走客 咬下第一口 肉汁像瀑布流動 雞肉嫩到不行嘴裡像有神仙在跳舞蹦 胡椒粉是仙粉 甘梅粉是仙丹 九層塔做配角 香氣繞梁三日不散 熱量？算什麼 減肥？明天再說 在仙女的面前 沒有人能忍住不餓 無論是配珍奶 還是啤酒一罐 這就是人間至樂 最頂級的晚餐 仙女揮一揮袖 不帶走一片雲彩 但她手裡的秘製醃料 讓人神魂顛倒 外皮酥脆爽口 肉汁鎖在裡面爆開 準備好了沒有？跟我一起喊出來 仙女雞排 香氣飄過九重天 一口咬下去 煩惱全都離我遠 仙女雞排 美味留在嘴脣邊 卡滋卡滋的聲音 爽快一整天 城市很冷清 生活有太多苦澀 但總有一盞燈 為深夜的你留著 仙女不走雲端 她選在人間降落 用一塊金黃雞排 把你的孤單打破…… 仙女雞排 賣完就下班 想吃請早 明天請按時報到 Peace out~Peace out... 仙女雞排 
Yo check this out 這不是一般的深夜食堂 歡迎來到仙界最香的角落…… 仙女下凡不飄香 因為她手裡拿著 仙～女～雞～排 Hit it 下課下的晚 加班加到滿 肚子在咕嚕叫 心情有點煩 走到巷子口 看到紅燈籠亮起 有一股神仙香氣飄過整條街區 排隊的人群從頭排到尾巴 圍裙綁著仙女 眼神比誰都專 油鍋裡的特級金黃 正在發光 那是治癒靈魂的魔法 不是幻想 「老闆，要切不要切？要辣不要辣？」 這句問候簡直比真愛還要偉大 獨門的秘方 香料散發神光 一出手就知有沒有 無人能擋 仙女揮一揮袖 不帶走一片雲彩 但她手裡的秘製醃料 讓人神魂顛倒 外皮酥脆爽口 肉汁鎖在裡面爆開 準備好了沒有？跟我一起喊出來 仙女雞排 香氣飄過九重天 一口咬下去 煩惱全都離我遠 仙女雞排 美味留在嘴脣邊 卡滋卡滋的聲音 爽快一整天 (Yeah 神仙雞排！Hot & Juicy) (Yeah 神仙滋味 No body can deny) Yo 讓我細細品味 這不是普通貨色 溫控精準兩百度 鎖住精華不走客 咬下第一口 肉汁像瀑布流動 雞肉嫩到不行嘴裡像有神仙在跳舞蹦 胡椒粉是仙粉 甘梅粉是仙丹 九層塔做配角 香氣繞梁三日不散 熱量？算什麼 減肥？明天再說 在仙女的面前 沒有人能忍住不餓 無論是配珍奶 還是啤酒一罐 這就是人間至樂 最頂級的晚餐 仙女揮一揮袖 不帶走一片雲彩 但她手裡的秘製醃料 讓人神魂顛倒 外皮酥脆爽口 肉汁鎖在裡面爆開 準備好了沒有？跟我一起喊出來 仙女雞排 香氣飄過九重天 一口咬下去 煩惱全都離我遠 仙女雞排 美味留在嘴脣邊 卡滋卡滋的聲音 爽快一整天 城市很冷清 生活有太多苦澀 但總有一盞燈 為深夜的你留著 仙女不走雲端 她選在人間降落 用一塊金黃雞排 把你的孤單打破…… 仙女雞排 賣完就下班 想吃請早 明天請按時報到 Peace out~Peace out... 仙女雞排
留言（ 7 ） 最相關留言 所有留言
留言（ 7 ）",2026-08-04,,False,False,
2026-08-06 11:30:09,29,,,19,678,8,https://streetvoice.com/missbac/songs/871417/,https://streetvoice.com/missbac/,"https://akstatic.streetvoice.com/song_covers/mi/ss/missbac/e7pF7SUgL3VUAqS28f7rjJ.jpeg?x-oss-process=image/resize,m_fixed,h_1,w_1,limit_0/resize,m_fixed,h_630,w_1200,limit_0/watermark,image_c29uZ19jb3ZlcnMvbWkvc3MvbWlzc2JhYy9lN3BGN1NVZ0wzVlVBcVMyOGY3cmpKLmpwZWc_eC1vc3MtcHJvY2Vzcz1pbWFnZS9yZXNpemUsbV9maXhlZCxoXzM0NCx3XzM0NCxsaW1pdF8w,g_nw,x_428,y_143/watermark,image_YXNzZXQvaW1hZ2VzL21ldGFpbWFnZS1zb25nLnBuZw,g_nw,x_0,y_0",@missbac,音樂人,台北市,2017-06-01,2021-04-07 15:38,3,2481,4,https://www.facebook.com/missbacterium/,https://www.instagram.com/missbac2017/,https://www.youtube.com/user/StreetVoiceTV,Singer / Songwriter,,,,"詞：沈筱卿 曲：沈筱卿、鍾秉恩 混音：鍾秉恩 平面攝影：羅筱惠 --- 大概是從三年前開始，發現自己很會說違心的沒關係。 理性上覺得沒事呀，但感性上又過不去，其實不是沒關係； 或者跟這些都無關，只是認為對方會希望我說沒關係，然後就順應著說了，自己有一點不想要的話也沒關係。 中間忘記什麼時候開始，也許是長大了？ 我突然不想那麼做了，不想說沒關係了，然後暴走了一陣子（？？） 最近的某段對話中，我又下意識的說了沒關係 對方回問我：「是真的沒關係嗎？」的時候 我愣住了 然後說：「開玩笑的，我覺得有關係。」 才把自己的想法說出來，雖然很慢。 〈沒關係〉這首歌 想要給常常說沒關係的你； 給正在練習說有關係的你； 也給溫柔接住我們的你🎧❤️‍🩹 
詞：沈筱卿 曲：沈筱卿、鍾秉恩 混音：鍾秉恩 平面攝影：羅筱惠
---
大概是從三年前開始，發現自己很會說違心的沒關係。 理性上覺得沒事呀，但感性上又過不去，其實不是沒關係； 或者跟這些都無關，只是認為對方會希望我說沒關係，然後就順應著說了，自己有一點不想要的話也沒關係。
中間忘記什麼時候開始，也許是長大了？ 我突然不想那麼做了，不想說沒關係了，然後暴走了一陣子（？？）
最近的某段對話中，我又下意識的說了沒關係 對方回問我：「是真的沒關係嗎？」的時候 我愣住了 然後說：「開玩笑的，我覺得有關係。」 才把自己的想法說出來，雖然很慢。
〈沒關係〉這首歌 想要給常常說沒關係的你； 給正在練習說有關係的你； 也給溫柔接住我們的你🎧❤️‍🩹","看你 踮著腳 在月光下 小心翼翼搜集 小小的 愛的痕跡 心疼你 想抱緊你 你搖搖頭 說 我是真的在意 你說的 沒關係 是真的 還是 愛得很小心 在我這裡 不必多慮 我是真的在意 你說的 沒關係 是真的 還是 愛得很小心 在我這裡 想你是最真的你 心疼你 想抱緊你 你搖搖頭 說沒關係 小小的 背影 在夜裡搜集 那些愛的 我是真的在意 你說的 沒關係 是真的 還是 愛得很小心 在我這裡 不必多慮 我是真的在意 你說的 沒關係 是真的 還是 愛得很小心 在我這裡 想你是最真的你 
看你 踮著腳 在月光下 小心翼翼搜集 小小的 愛的痕跡
心疼你 想抱緊你 你搖搖頭 說
我是真的在意 你說的 沒關係 是真的 還是 愛得很小心 在我這裡 不必多慮 我是真的在意 你說的 沒關係 是真的 還是 愛得很小心 在我這裡 想你是最真的你
心疼你 想抱緊你 你搖搖頭 說沒關係 小小的 背影 在夜裡搜集 那些愛的
我是真的在意 你說的 沒關係 是真的 還是 愛得很小心 在我這裡 不必多慮 我是真的在意 你說的 沒關係 是真的 還是 愛得很小心 在我這裡 想你是最真的你
留言（ 8 ） 最相關留言 所有留言
留言（ 8 ）",2026-07-27,,True,False,
2026-08-06 11:30:09,30,,,5,268,1,https://streetvoice.com/peach_jaye_23/songs/871850/,https://streetvoice.com/peach_jaye_23/,"https://akstatic.streetvoice.com/song_covers/pe/ac/peach_jaye_23/mHnQYpJNnGK8Rugn57jSk6.jpeg?x-oss-process=image/resize,m_fixed,h_1,w_1,limit_0/resize,m_fixed,h_630,w_1200,limit_0/watermark,image_c29uZ19jb3ZlcnMvcGUvYWMvcGVhY2hfamF5ZV8yMy9tSG5RWXBKTm5HSzhSdWduNTdqU2s2LmpwZWc_eC1vc3MtcHJvY2Vzcz1pbWFnZS9yZXNpemUsbV9maXhlZCxoXzM0NCx3XzM0NCxsaW1pdF8w,g_nw,x_428,y_143/watermark,image_YXNzZXQvaW1hZ2VzL21ldGFpbWFnZS1zb25nLnBuZw,g_nw,x_0,y_0",@peach_jaye_23,音樂人,台北市,2019-10-01,2021-09-16 16:00,9,2003,3,,https://instagram.com/peach_jaye_a1j,https://youtube.com/channel/UCRJv6EsGm5iVqb_YrKxPFPA,Hip hop / Rap,,,,"【音樂 製作團隊 MUSIC CREDIT】 詞Lyricist｜桃子A1J 曲Composer｜桃子A1J、滴燙Diiton 製作人Producer｜滴燙Diiton‪‪、桃子A1J 和聲Background Vocals｜桃子A1J、滴燙Diiton 合聲編寫Background Vocals Arrangement｜桃子A1J、滴燙Diiton 編曲Arrangement｜Diiton滴燙 錄音師Recording Engineer｜Diiton滴燙 混音師Mixing Engineer｜Diiton滴燙 
【音樂 製作團隊 MUSIC CREDIT】 詞Lyricist｜桃子A1J 曲Composer｜桃子A1J、滴燙Diiton 製作人Producer｜滴燙Diiton‪‪、桃子A1J 和聲Background Vocals｜桃子A1J、滴燙Diiton 合聲編寫Background Vocals Arrangement｜桃子A1J、滴燙Diiton 編曲Arrangement｜Diiton滴燙 錄音師Recording Engineer｜Diiton滴燙 混音師Mixing Engineer｜Diiton滴燙","Verse 1: 等待 試圖設法逃離 人還 在 同樣一道軌跡 boy why you lied to me But you shine so bright to me 牽動著心情 慣性造就了癮 你讓我著了迷 每一刻朝著你 Pre: 可無法克制住心的這般感覺 陳列交錯浸泡在這火焰 伴隨著 歲月不停在蔓延 只為了你 I gonn' do anything they say love is blind 就剩我 在這片大海 you're my lullaby 潛入夢 境不斷徘徊 Hook: love yeah cuz it lalalalalala love 全給你 lalalalalala love 儘管這 lalalalalala love yeah cuz it la love it's lala love Verse 2: better than anodyne ya hurt me once but still I lose twice 隕石墜落是怎麼躲得開 someone tell tell tell me what is right 持續 追追追朔 回憶 尋找 撕裂的痕跡 大可不必 浪費費費 力氣 找不回的曾經 here’s my love take it for take it for free 別置放宇宙邊際 take it closer 看看仔細 what if what if you and me Pre: 可無法克制住心的這般感覺 陳列交錯浸泡在這火焰 伴隨著 歲月不停在蔓延 只為了你 I gonn' do anything they say love is blind 就剩我 在這片大海 you're my lullaby 潛入夢 境不斷徘徊 Hook: love yeah cuz it lalalalalala love 全給你 lalalalalala love 儘管這 lalalalalala love yeah cuz it la love it's lala love 
Verse 1: 等待 試圖設法逃離 人還 在 同樣一道軌跡 boy why you lied to me But you shine so bright to me 牽動著心情 慣性造就了癮 你讓我著了迷 每一刻朝著你
Pre: 可無法克制住心的這般感覺 陳列交錯浸泡在這火焰 伴隨著 歲月不停在蔓延 只為了你 I gonn' do anything
they say love is blind 就剩我 在這片大海 you're my lullaby 潛入夢 境不斷徘徊
Hook: love yeah cuz it lalalalalala love 全給你 lalalalalala love 儘管這 lalalalalala love yeah cuz it la love it's lala love
Verse 2: better than anodyne ya hurt me once but still I lose twice 隕石墜落是怎麼躲得開 someone tell tell tell me what is right
持續 追追追朔 回憶 尋找 撕裂的痕跡 大可不必 浪費費費 力氣 找不回的曾經
here’s my love take it for take it for free 別置放宇宙邊際 take it closer 看看仔細 what if what if you and me
Pre: 可無法克制住心的這般感覺 陳列交錯浸泡在這火焰 伴隨著 歲月不停在蔓延 只為了你 I gonn' do anything
they say love is blind 就剩我 在這片大海 you're my lullaby 潛入夢 境不斷徘徊
Hook: love yeah cuz it lalalalalala love 全給你 lalalalalala love 儘管這 lalalalalala love yeah cuz it la love it's lala love
留言（ 1 ） 最相關留言 所有留言
留言（ 1 ）",2026-07-29,,True,False,
2026-08-06 11:30:09,31,,,3,259,2,https://streetvoice.com/ray31444/songs/872184/,https://streetvoice.com/ray31444/,"https://akstatic.streetvoice.com/song_covers/ra/y3/ray31444/AteL7aKi6i5Lsc9KCJzNJz.jpg?x-oss-process=image/resize,m_fixed,h_1,w_1,limit_0/resize,m_fixed,h_630,w_1200,limit_0/watermark,image_c29uZ19jb3ZlcnMvcmEveTMvcmF5MzE0NDQvQXRlTDdhS2k2aTVMc2M5S0NKek5Kei5qcGc_eC1vc3MtcHJvY2Vzcz1pbWFnZS9yZXNpemUsbV9maXhlZCxoXzM0NCx3XzM0NCxsaW1pdF8w,g_nw,x_428,y_143/watermark,image_YXNzZXQvaW1hZ2VzL21ldGFpbWFnZS1zb25nLnBuZw,g_nw,x_0,y_0",@ray31444,音樂人,台北市,2016-05-01,,,8,,,,https://www.youtube.com/user/StreetVoiceTV,Electronic,,,,"作詞：班長 作曲：班長 
作詞：班長 作曲：班長","There’s a chain in my heart Tearing me apart Every step feel the same Like the ground won’t let me leave Silence keeps calling my name I keep walking the same way Thoughts are running through my brain Find a way to set me free There’s a chain in my heart the weight is dragging me down There’s a chain in my heart There’s a chain in my heart There’s a chain in my heart Tearing me apart Every step feel the same Like the ground won’t let me leave Silence keeps calling my name I keep walking the same way Thoughts are running through my brain Find a way to set me free 
There’s a chain in my heart Tearing me apart
Every step feel the same Like the ground won’t let me leave
Silence keeps calling my name I keep walking the same way
Thoughts are running through my brain Find a way to set me free
There’s a chain in my heart the weight is dragging me down
There’s a chain in my heart
There’s a chain in my heart
There’s a chain in my heart Tearing me apart
Every step feel the same Like the ground won’t let me leave
Silence keeps calling my name I keep walking the same way
Thoughts are running through my brain Find a way to set me free
留言（ 2 ） 最相關留言 所有留言
留言（ 2 ）",2026-07-31,,True,False,
2026-08-06 11:30:09,32,,,10,533,3,https://streetvoice.com/huangdachien/songs/871018/,https://streetvoice.com/huangdachien/,"https://akstatic.streetvoice.com/song_covers/hu/an/huangdachien/fuiBNRmfSoKEmpmaZht8HT.jpeg?x-oss-process=image/resize,m_fixed,h_1,w_1,limit_0/resize,m_fixed,h_630,w_1200,limit_0/watermark,image_c29uZ19jb3ZlcnMvaHUvYW4vaHVhbmdkYWNoaWVuL2Z1aUJOUm1mU29LRW1wbWFaaHQ4SFQuanBlZz94LW9zcy1wcm9jZXNzPWltYWdlL3Jlc2l6ZSxtX2ZpeGVkLGhfMzQ0LHdfMzQ0LGxpbWl0XzA,g_nw,x_428,y_143/watermark,image_YXNzZXQvaW1hZ2VzL21ldGFpbWFnZS1zb25nLnBuZw,g_nw,x_0,y_0",@huangdachien,音樂人,,,,3,2018,,,,https://www.youtube.com/user/StreetVoiceTV,Hip hop / Rap,,,,,"立正 稍息 小心他在你隊伍裡 永遠聽不懂口令 無可救藥的中二病 最喜歡標新立異 什麼規矩 對他沒有意義 他就喜歡發表蠢問題 欸班長 我的槍不知道放到哪裡 下課後潑猴成群結隊 軍紀禮儀他學不會 舉槍三分鐘都嫌累 兵營搞得像是動物園 班長數到三 剛剛誰講話的舉手 你還真以為他會舉手？ 臉皮比鋼板還要厚 品行比床板還要破 腦洞最大的六洞勾 真想拿刺刀往你身上捅 鑒測 is a joke 裝個樣子都不會做 你問為什麼 因為他是媽的天兵 媽的天兵 腦袋打了鋼釘 出來發神經還不如躺在寢室裝病 煙蒂塞在花盆裡 自以為自己很聰明 出了社會你什麼都不行 腦袋太破你需要貼個補丁 媽的天兵 腦子傻不拎叮 出來少根筋 還不如滾回家裡待命 停止你犯蠢的小聰明 滾回你的天馬行星 報告班長他需要被隔離 他來這裡散播愚蠢的疾病 第三個禮拜 就開始裝病 裝睡的人叫不醒 班頭出列清查人數 怎麼還少個小迷糊 Where he go? I don’t know?? 可能躲在被窩 玩著床板下的iPhone 出事別想怪我 It ain’t my fault! 他在頂樓抽菸 還被班長發現 站在空地被訓誡 真是丟人現眼 行軍時蹣跚的腳步 打球前恢復神速 臉皮厚度突破大會紀錄 吃不了苦 他就是這麼荒謬 不要跟我裝熟 行進時不要跟我聊天 就你的腳在拖 害全隊又要重走一遍 真是他媽的浪費我的時間 也許是我太規矩 也許是班長太嚴厲 也許擺在對的地點他也能發揮潛力 每個人都有適合自己的環境 資收班出列 把他放到垃圾間 媽的天兵 腦袋打了鋼釘 出來發神經還不如躺在寢室裝病 煙蒂塞在花盆裡 自以為自己很聰明 出了社會你什麼都不行 腦袋太破你需要貼個補丁 媽的天兵 腦子傻不拎叮 出來少根筋 還不如滾回家裡待命 停止你犯蠢的小聰明 滾回你的天馬行星 報告班長他需要被隔離 他來這裡散播愚蠢的疾病 
立正 稍息 小心他在你隊伍裡 永遠聽不懂口令 無可救藥的中二病 最喜歡標新立異 什麼規矩 對他沒有意義 他就喜歡發表蠢問題 欸班長 我的槍不知道放到哪裡
下課後潑猴成群結隊 軍紀禮儀他學不會 舉槍三分鐘都嫌累 兵營搞得像是動物園
班長數到三 剛剛誰講話的舉手
你還真以為他會舉手？
臉皮比鋼板還要厚 品行比床板還要破 腦洞最大的六洞勾 真想拿刺刀往你身上捅
鑒測 is a joke 裝個樣子都不會做 你問為什麼 因為他是媽的天兵
媽的天兵 腦袋打了鋼釘 出來發神經還不如躺在寢室裝病 煙蒂塞在花盆裡 自以為自己很聰明 出了社會你什麼都不行 腦袋太破你需要貼個補丁
媽的天兵 腦子傻不拎叮 出來少根筋 還不如滾回家裡待命 停止你犯蠢的小聰明 滾回你的天馬行星 報告班長他需要被隔離 他來這裡散播愚蠢的疾病
第三個禮拜 就開始裝病 裝睡的人叫不醒 班頭出列清查人數 怎麼還少個小迷糊 Where he go? I don’t know?? 可能躲在被窩 玩著床板下的iPhone 出事別想怪我 It ain’t my fault!
他在頂樓抽菸 還被班長發現 站在空地被訓誡 真是丟人現眼 行軍時蹣跚的腳步 打球前恢復神速 臉皮厚度突破大會紀錄 吃不了苦 他就是這麼荒謬
不要跟我裝熟 行進時不要跟我聊天 就你的腳在拖 害全隊又要重走一遍 真是他媽的浪費我的時間
也許是我太規矩 也許是班長太嚴厲 也許擺在對的地點他也能發揮潛力 每個人都有適合自己的環境 資收班出列 把他放到垃圾間
媽的天兵 腦袋打了鋼釘 出來發神經還不如躺在寢室裝病 煙蒂塞在花盆裡 自以為自己很聰明 出了社會你什麼都不行 腦袋太破你需要貼個補丁
媽的天兵 腦子傻不拎叮 出來少根筋 還不如滾回家裡待命 停止你犯蠢的小聰明 滾回你的天馬行星 報告班長他需要被隔離 他來這裡散播愚蠢的疾病
留言（ 3 ） 最相關留言 所有留言
留言（ 3 ）",2026-07-25,,True,False,
2026-08-06 11:30:09,33,,,2,9,2,https://streetvoice.com/Youngreal_886/songs/872975/,https://streetvoice.com/Youngreal_886/,"https://akstatic.streetvoice.com/song_covers/Yo/un/Youngreal_886/PeXbQndaSMM224qxXdUt5m.jpeg?x-oss-process=image/resize,m_fixed,h_1,w_1,limit_0/resize,m_fixed,h_630,w_1200,limit_0/watermark,image_c29uZ19jb3ZlcnMvWW8vdW4vWW91bmdyZWFsXzg4Ni9QZVhiUW5kYVNNTTIyNHF4WGRVdDVtLmpwZWc_eC1vc3MtcHJvY2Vzcz1pbWFnZS9yZXNpemUsbV9maXhlZCxoXzM0NCx3XzM0NCxsaW1pdF8w,g_nw,x_428,y_143/watermark,image_YXNzZXQvaW1hZ2VzL21ldGFpbWFnZS1zb25nLnBuZw,g_nw,x_0,y_0",@Youngreal_886,音樂人,,,,1,4,3,,,https://www.youtube.com/user/StreetVoiceTV,Hip hop / Rap,,,,"把心境寫成個 把現實編成冊 一層層的階級 提著線控制著你 給還未醒的各位 s/o to _LEON 里昂 
把心境寫成個 把現實編成冊 一層層的階級 提著線控制著你 給還未醒的各位 s/o to _LEON 里昂","夜黑風高的晚上  壁掛鐘垂在擺盪 街巷 有隻鬼 看起來 兇神惡煞 頭戴面具 手持利刃 而且 一語不發 感覺利刃下的亡魂 還在地裡駐紮 鬧鐘響了 如夢初醒 驚覺就只是個夢 大街行走的路人 還是依舊 眼神空了洞 有人吃得很飽 時間很多 賺得盆滿缽滿 有人入了騙局 一無所有 墜下高的樓 銀幕上的數字 有時正有時負 總額倒數 人的生命跟著同步 喊著飽的鬼有時也持續受著空腹 最虔誠的人卻不見得還留有風度 有些人 暫時開錯了門 有些人 終究拜錯了神 用力轉動了門把 真心供上了高香 貪戀賭桌的人啊 難免會有人遭殃 這就是命　早已寫好了劇本 故事一頁接著一頁　要如何逃避呢 上帝早已密謀　但我還是用盡全力了 鹹魚不一定能翻身　但她還在努力著 時代的眼淚　如今是高消費的 沒有人能脫身　生活真夠累得 希望在不久的將來　還能順心換口味的 虎豹豺狼　鎖定獵物　都想當上位者 到底甚麼規則　亂無章法　龍套節目 倒地怎麼飛呢　斷了翅膀　生命結束 幻想是爛了臭了舊了繡了　沒了前路 但我是黑的黃的賭的毒的　佔了全部 
夜黑風高的晚上  壁掛鐘垂在擺盪 街巷 有隻鬼 看起來 兇神惡煞 頭戴面具 手持利刃 而且 一語不發 感覺利刃下的亡魂 還在地裡駐紮
鬧鐘響了 如夢初醒 驚覺就只是個夢 大街行走的路人 還是依舊 眼神空了洞 有人吃得很飽 時間很多 賺得盆滿缽滿 有人入了騙局 一無所有 墜下高的樓
銀幕上的數字 有時正有時負 總額倒數 人的生命跟著同步 喊著飽的鬼有時也持續受著空腹 最虔誠的人卻不見得還留有風度
有些人 暫時開錯了門 有些人 終究拜錯了神 用力轉動了門把 真心供上了高香 貪戀賭桌的人啊 難免會有人遭殃
這就是命　早已寫好了劇本 故事一頁接著一頁　要如何逃避呢 上帝早已密謀　但我還是用盡全力了 鹹魚不一定能翻身　但她還在努力著
時代的眼淚　如今是高消費的 沒有人能脫身　生活真夠累得 希望在不久的將來　還能順心換口味的 虎豹豺狼　鎖定獵物　都想當上位者
到底甚麼規則　亂無章法　龍套節目 倒地怎麼飛呢　斷了翅膀　生命結束 幻想是爛了臭了舊了繡了　沒了前路 但我是黑的黃的賭的毒的　佔了全部
留言（ 2 ） 最相關留言 所有留言
留言（ 2 ）",2026-08-05,,False,False,
2026-08-06 11:30:09,34,,,1,24,0,https://streetvoice.com/luckyair43/songs/872916/,https://streetvoice.com/luckyair43/,"https://akstatic.streetvoice.com/song_covers/lu/ck/luckyair43/MCvecoBp7gTJ36cXgeWGmh.jpeg?x-oss-process=image/resize,m_fixed,h_1,w_1,limit_0/resize,m_fixed,h_630,w_1200,limit_0/watermark,image_c29uZ19jb3ZlcnMvbHUvY2svbHVja3lhaXI0My9NQ3ZlY29CcDdnVEozNmNYZ2VXR21oLmpwZWc_eC1vc3MtcHJvY2Vzcz1pbWFnZS9yZXNpemUsbV9maXhlZCxoXzM0NCx3XzM0NCxsaW1pdF8w,g_nw,x_428,y_143/watermark,image_YXNzZXQvaW1hZ2VzL21ldGFpbWFnZS1zb25nLnBuZw,g_nw,x_0,y_0",@luckyair43,音樂人,,,2021-06-04 17:58,12,32,11,https://www.facebook.com/airway777,,https://www.youtube.com/channel/UChSEkR8gHUBkx0IsCfR1xwA/about,Jazz,,,,"一首描述從新北到台北市出門和回家的日常 有時開車走忠孝橋 有時騎車走台北橋 不變的是 每次傍晚回家總會看見美麗的黃昏 陪伴我們一整路 那就是述說 一切都會變好的 儘管這一路上走來風風雨雨 跌跌撞撞 
一首描述從新北到台北市出門和回家的日常 有時開車走忠孝橋 有時騎車走台北橋 不變的是 每次傍晚回家總會看見美麗的黃昏 陪伴我們一整路 那就是述說 一切都會變好的 儘管這一路上走來風風雨雨 跌跌撞撞","黃昏照規路 騎著歐兜邁過台北橋， 後座的妳攬著我的腰 咱一路上，有說閣有笑， 一切攏真好 暮色金光閃閃照，有快樂悲傷嘛有苦 淡水河邊，日頭嘛漸漸沉落 黃昏照規路，咱今仔日欲去佗？ 我𤆬妳四界逛規下晡 有妳的人生路，毋免驚失去了方向 雖然有風風雨雨、冤家相嚷， 但一切攏會變好 親像美麗的黃昏 依然照歸路 開車駛過忠孝橋， 身邊的恁安穩睏著 對我來講，這就是平凡快樂 暮色金光閃閃照，有快樂悲傷嘛有苦 這一路，日頭嘛漸漸沉落 黃昏照規路，咱今仔日欲去佗？ 我𤆬妳四界逛規下晡 有妳的人生路，毋免驚失去了方向 雖然有風風雨雨、冤家相嚷， 但一切攏會變好 親像美麗的黃昏 依然照歸路 黃昏照～規～路，咱今仔日欲去佗？ 有妳的人生路，毋免驚失去了方向 雖然有風風雨雨、冤家相嚷， 但一切攏會變好 親像美麗的黃昏 依然照規路～ 親像美麗的黃昏 依然照規路～ 
黃昏照規路 騎著歐兜邁過台北橋， 後座的妳攬著我的腰 咱一路上，有說閣有笑， 一切攏真好 暮色金光閃閃照，有快樂悲傷嘛有苦 淡水河邊，日頭嘛漸漸沉落 黃昏照規路，咱今仔日欲去佗？ 我𤆬妳四界逛規下晡 有妳的人生路，毋免驚失去了方向 雖然有風風雨雨、冤家相嚷， 但一切攏會變好 親像美麗的黃昏 依然照歸路 開車駛過忠孝橋， 身邊的恁安穩睏著 對我來講，這就是平凡快樂 暮色金光閃閃照，有快樂悲傷嘛有苦 這一路，日頭嘛漸漸沉落 黃昏照規路，咱今仔日欲去佗？ 我𤆬妳四界逛規下晡 有妳的人生路，毋免驚失去了方向 雖然有風風雨雨、冤家相嚷， 但一切攏會變好 親像美麗的黃昏 依然照歸路 黃昏照～規～路，咱今仔日欲去佗？ 有妳的人生路，毋免驚失去了方向 雖然有風風雨雨、冤家相嚷， 但一切攏會變好 親像美麗的黃昏 依然照規路～ 親像美麗的黃昏 依然照規路～
留言（ 0 ） 最相關留言 所有留言
留言（ 0 ）",2026-08-05,,True,False,
2026-08-06 11:30:09,35,,,1,21,0,https://streetvoice.com/detroitfatkids/songs/872739/,https://streetvoice.com/detroitfatkids/,"https://akstatic.streetvoice.com/profile_images/de/tr/detroitfatkids/h3wcRueNegE7n2T5GF55dB.JPG?x-oss-process=image/resize,m_fixed,h_1,w_1,limit_0/resize,m_fixed,h_630,w_1200,limit_0/watermark,image_cHJvZmlsZV9pbWFnZXMvZGUvdHIvZGV0cm9pdGZhdGtpZHMvaDN3Y1J1ZU5lZ0U3bjJUNUdGNTVkQi5KUEc_eC1vc3MtcHJvY2Vzcz1pbWFnZS9yZXNpemUsbV9maXhlZCxoXzM0NCx3XzM0NCxsaW1pdF8w,g_nw,x_428,y_143/watermark,image_YXNzZXQvaW1hZ2VzL21ldGFpbWFnZS1zb25nLnBuZw,g_nw,x_0,y_0",@detroitfatkids,音樂人,,,2021-11-29 18:10,4,27,5,https://www.facebook.com/Detroitfatkids/,https://www.instagram.com/detroitfatkids/,https://www.youtube.com/user/StreetVoiceTV,Electronic,,,,,"這是沒有提供歌詞的歌曲
留言（ 0 ） 最相關留言 所有留言
留言（ 0 ）",2026-08-03,,True,False,
2026-08-06 11:30:09,36,,,16,1419,5,https://streetvoice.com/Bella0110/songs/868215/,https://streetvoice.com/Bella0110/,"https://akstatic.streetvoice.com/song_covers/Be/ll/Bella0110/9pLjAQsB8JgKUARWtG26qZ.jpeg?x-oss-process=image/resize,m_fixed,h_1,w_1,limit_0/resize,m_fixed,h_630,w_1200,limit_0/watermark,image_c29uZ19jb3ZlcnMvQmUvbGwvQmVsbGEwMTEwLzlwTGpBUXNCOEpnS1VBUld0RzI2cVouanBlZz94LW9zcy1wcm9jZXNzPWltYWdlL3Jlc2l6ZSxtX2ZpeGVkLGhfMzQ0LHdfMzQ0LGxpbWl0XzA,g_nw,x_428,y_143/watermark,image_YXNzZXQvaW1hZ2VzL21ldGFpbWFnZS1zb25nLnBuZw,g_nw,x_0,y_0",@Bella0110,音樂人,,,,,11,1,,,https://www.youtube.com/user/StreetVoiceTV,Alternative,,,,"不可知的未來是一張網，用心思和精神細細編織，若是時間剛好，那屬於你的便會停留在網上成為繼續存活的養分，如果不是，那便會破壞這張網，甚至得要重來一遍，而最幸福的人終究會是享受一無所有的人。 
不可知的未來是一張網，用心思和精神細細編織，若是時間剛好，那屬於你的便會停留在網上成為繼續存活的養分，如果不是，那便會破壞這張網，甚至得要重來一遍，而最幸福的人終究會是享受一無所有的人。","We’re having too good a time today. We ain’t thinking about tomorrow. We can beat & beat till death Dancing on the dance floor like Mary Lou We don't really  know what happens next (having no purpose driving on the highway) Don't try to save me this is the way I see (on the road we beat and beat and beat till death) Spider is weaving a big web Wish and prepare  for the big time to become the dinner everything belongs to me because I'm poor 詞 / 曲： 李沐霏 主唱： 李沐霏 鍵盤 / 合成器： 東東 Sid 吉他： 曾程威 Eddie 貝斯： Roy 鼓手： 毛恩 
We’re having too good a time today. We ain’t thinking about tomorrow. We can beat & beat till death Dancing on the dance floor like Mary Lou
We don't really  know what happens next (having no purpose driving on the highway) Don't try to save me this is the way I see (on the road we beat and beat and beat till death) Spider is weaving a big web Wish and prepare  for the big time to become the dinner
everything belongs to me because I'm poor
詞 / 曲： 李沐霏 主唱： 李沐霏 鍵盤 / 合成器： 東東 Sid 吉他： 曾程威 Eddie 貝斯： Roy 鼓手： 毛恩
留言（ 5 ） 最相關留言 所有留言
留言（ 5 ）",2026-07-08,,True,True,https://streetvoice.com/Bella0110/songs/868215/critic_reviews/
2026-08-06 11:30:09,37,,,1,7,0,https://streetvoice.com/twilight_heart_1s7/songs/873025/,https://streetvoice.com/twilight_heart_1s7/,"https://akstatic.streetvoice.com/song_covers/tw/il/twilight_heart_1s7/ZBmLsGS54xiPK7pmVYtBWU.jpeg?x-oss-process=image/resize,m_fixed,h_1,w_1,limit_0/resize,m_fixed,h_630,w_1200,limit_0/watermark,image_c29uZ19jb3ZlcnMvdHcvaWwvdHdpbGlnaHRfaGVhcnRfMXM3L1pCbUxzR1M1NHhpUEs3cG1WWXRCV1UuanBlZz94LW9zcy1wcm9jZXNzPWltYWdlL3Jlc2l6ZSxtX2ZpeGVkLGhfMzQ0LHdfMzQ0LGxpbWl0XzA,g_nw,x_428,y_143/watermark,image_YXNzZXQvaW1hZ2VzL21ldGFpbWFnZS1zb25nLnBuZw,g_nw,x_0,y_0",@twilight_heart_1s7,音樂人,台中市,2025-11-01,,3,8,4,,,https://www.youtube.com/user/StreetVoiceTV,Hip hop / Rap,,,,"我夢到的 prod.HosseinAmin 
我夢到的 prod.HosseinAmin","誰他媽相信性侵犯能金盆洗手 包一包回家尻一尻的資格都他媽沒有 精蟲上腦的畜牲 我來當路燈 照出被你們踐踏後每一條命的哭聲 沒有人要講那我來出聲 你媽當初不應該讓你出生 不分男女 都一群爛人 敢做敢當 洗好脖子等 從裡到外 都一群爛人 犯罪的是你 憑什麼要忍 憑什麼要忍 別規避責任 有種的沒半個 全部都躲在人設後面關緊門 手起刀落 提筆屠殺裝神弄鬼的神棍 訴諸法律 求一個鐵證 你說你有背景有勢力有能力有名氣有的是犯罪的資本 關我屁事 等著被指認 受害者多了但身心俱疲誰敢開口呢 沒事了現在他們面對的不只是瘋狗 還是個饒舌歌手 從來沒反對過暴力 即便要為此而入獄 像你們玩弄著人性 有種來照會我兄弟 工程師 演員 樂手 假掰人設小弟弟 見死不救的加害者也算那吉他手必須再加一 所以你們到底憑什麼自詡為人 憑什麼在造成傷害後繼續賣弄鬼神 所以你們到底憑什麼睡得安穩 那些受害者卻要承擔生病和被檢討的責任 Tell me why ？ 
誰他媽相信性侵犯能金盆洗手 包一包回家尻一尻的資格都他媽沒有 精蟲上腦的畜牲 我來當路燈 照出被你們踐踏後每一條命的哭聲 沒有人要講那我來出聲 你媽當初不應該讓你出生 不分男女 都一群爛人 敢做敢當 洗好脖子等 從裡到外 都一群爛人 犯罪的是你 憑什麼要忍 憑什麼要忍 別規避責任 有種的沒半個 全部都躲在人設後面關緊門 手起刀落 提筆屠殺裝神弄鬼的神棍
訴諸法律 求一個鐵證 你說你有背景有勢力有能力有名氣有的是犯罪的資本 關我屁事 等著被指認 受害者多了但身心俱疲誰敢開口呢 沒事了現在他們面對的不只是瘋狗 還是個饒舌歌手
從來沒反對過暴力 即便要為此而入獄 像你們玩弄著人性 有種來照會我兄弟 工程師 演員 樂手 假掰人設小弟弟 見死不救的加害者也算那吉他手必須再加一
所以你們到底憑什麼自詡為人 憑什麼在造成傷害後繼續賣弄鬼神 所以你們到底憑什麼睡得安穩 那些受害者卻要承擔生病和被檢討的責任
Tell me why ？
留言（ 0 ） 最相關留言 所有留言
留言（ 0 ）",2026-08-05,,False,False,
2026-08-06 11:30:09,38,,,8,330,10,https://streetvoice.com/ray31444/songs/871359/,https://streetvoice.com/ray31444/,"https://akstatic.streetvoice.com/song_covers/ra/y3/ray31444/9MZv8s97Y2i4J6ncjJwsD8.jpeg?x-oss-process=image/resize,m_fixed,h_1,w_1,limit_0/resize,m_fixed,h_630,w_1200,limit_0/watermark,image_c29uZ19jb3ZlcnMvcmEveTMvcmF5MzE0NDQvOU1adjhzOTdZMmk0SjZuY2pKd3NEOC5qcGVnP3gtb3NzLXByb2Nlc3M9aW1hZ2UvcmVzaXplLG1fZml4ZWQsaF8zNDQsd18zNDQsbGltaXRfMA,g_nw,x_428,y_143/watermark,image_YXNzZXQvaW1hZ2VzL21ldGFpbWFnZS1zb25nLnBuZw,g_nw,x_0,y_0",@ray31444,音樂人,台北市,2016-05-01,,,6,,,,https://www.youtube.com/user/StreetVoiceTV,Folk,,,,"不再以往 
不再以往","Cause I will never be the same Cause I will never be the same You used to sing me a lullaby~~~ shalalala la la I used to make a fool of my self~~ Shalalala la la I should have done everything I could Shalalala la la It takes time to take another point of view Shalalala la la Cause I will never be the same Cause I will never be the same How could I make it up to you How could I make it up to you How could I make it up to you How could I make it up to you How could I make it up with you, could I make it up? How could I make it up with you, I gave it all up How could I make it up with you, could I make it up? How could I make it up with you, I gave it all up How could I make it up with you, could I make it up? How could I make it up with you, I gave it all up How could I make it up with you, could I make it up? How could I make it up? Could I make it up? 
Cause I will never be the same Cause I will never be the same
You used to sing me a lullaby~~~ shalalala la la I used to make a fool of my self~~ Shalalala la la I should have done everything I could Shalalala la la It takes time to take another point of view Shalalala la la
Cause I will never be the same Cause I will never be the same
How could I make it up to you How could I make it up to you How could I make it up to you How could I make it up to you
How could I make it up with you, could I make it up? How could I make it up with you, I gave it all up How could I make it up with you, could I make it up? How could I make it up with you, I gave it all up How could I make it up with you, could I make it up? How could I make it up with you, I gave it all up How could I make it up with you, could I make it up? How could I make it up? Could I make it up?
留言（ 10 ） 最相關留言 所有留言
留言（ 10 ）",2026-07-27,,True,False,
2026-08-06 11:30:09,39,,,1,3,6,https://streetvoice.com/ChristopherR/songs/873115/,https://streetvoice.com/ChristopherR/,"https://akstatic.streetvoice.com/song_covers/Ch/ri/ChristopherR/DZETTk4foXWjfN6YbKgYfv.jpeg?x-oss-process=image/resize,m_fixed,h_1,w_1,limit_0/resize,m_fixed,h_630,w_1200,limit_0/watermark,image_c29uZ19jb3ZlcnMvQ2gvcmkvQ2hyaXN0b3BoZXJSL0RaRVRUazRmb1hXamZONlliS2dZZnYuanBlZz94LW9zcy1wcm9jZXNzPWltYWdlL3Jlc2l6ZSxtX2ZpeGVkLGhfMzQ0LHdfMzQ0LGxpbWl0XzA,g_nw,x_428,y_143/watermark,image_YXNzZXQvaW1hZ2VzL21ldGFpbWFnZS1zb25nLnBuZw,g_nw,x_0,y_0",@ChristopherR,音樂人,,,,10,9,29,,,https://www.youtube.com/user/StreetVoiceTV,R&B / Soul,,,,"喝醉的不是我 是你，我的朋友 
喝醉的不是我 是你，我的朋友","過來陪我 喝一杯酒 看窗外的燈火 慢慢閃動 酒杯輕輕碰了 誰也沒開口 有些故事不用說 彼此也都懂 不用急著說 今天發生了什麼 先讓杯裡的餘溫 多停留片刻 過來陪我喝一杯酒 不用微笑，也不用安慰我 等街上的燈一盞一盞亮起 就算沉默 也一起坐在這裡 過來陪我喝一杯酒 沒有答案的事先放在一邊 等最後一口慢慢喝完以前 至少今晚 我們一起面對 門鈴響了兩聲 又有人進來 你看著杯中的倒影 晃了又停下來 我不問明天 會不會好一點 只把身旁這個位置 留在你這邊 不用勉強說 你其實沒有什麼 有些疲倦只需要 有個人能懂 過來陪我喝一杯酒 不用微笑，也不用安慰我 等街上的燈一盞一盞亮起 就算沉默 也一起坐在這裡 過來陪我喝一杯酒 沒有答案的事先放在一邊 等最後一口慢慢喝完以前 至少今晚 我們一起面對 世界總催著人 不停往前 可是在今夜 我們可以慢一點 不用逞強微笑 也不用假裝勇敢 等這一杯喝完 明天再談 過來陪我喝完這杯酒 窗外的夜已落滿街頭 那些說不清的苦澀和疲憊 留在杯底 今晚別再帶走 過來陪我喝完這杯酒 明天的事明天再說 等你穿上外套走出門以前 只要回頭 我還會坐在這邊 過來陪我 喝一杯酒 什麼都不說 就坐到最後 
過來陪我 喝一杯酒 看窗外的燈火 慢慢閃動
酒杯輕輕碰了 誰也沒開口 有些故事不用說 彼此也都懂
不用急著說 今天發生了什麼 先讓杯裡的餘溫 多停留片刻
過來陪我喝一杯酒 不用微笑，也不用安慰我 等街上的燈一盞一盞亮起 就算沉默 也一起坐在這裡
過來陪我喝一杯酒 沒有答案的事先放在一邊 等最後一口慢慢喝完以前 至少今晚 我們一起面對
門鈴響了兩聲 又有人進來 你看著杯中的倒影 晃了又停下來
我不問明天 會不會好一點 只把身旁這個位置 留在你這邊
不用勉強說 你其實沒有什麼 有些疲倦只需要 有個人能懂
過來陪我喝一杯酒 不用微笑，也不用安慰我 等街上的燈一盞一盞亮起 就算沉默 也一起坐在這裡
過來陪我喝一杯酒 沒有答案的事先放在一邊 等最後一口慢慢喝完以前 至少今晚 我們一起面對
世界總催著人 不停往前 可是在今夜 我們可以慢一點
不用逞強微笑 也不用假裝勇敢 等這一杯喝完 明天再談
過來陪我喝完這杯酒 窗外的夜已落滿街頭 那些說不清的苦澀和疲憊 留在杯底 今晚別再帶走
過來陪我喝完這杯酒 明天的事明天再說 等你穿上外套走出門以前 只要回頭 我還會坐在這邊
過來陪我 喝一杯酒 什麼都不說 就坐到最後
留言（ 6 ） 最相關留言 所有留言
留言（ 6 ）",2026-08-06,,False,False,
2026-08-06 11:30:09,40,,,3,106,1,https://streetvoice.com/SlowingOscillation/songs/867174/,https://streetvoice.com/SlowingOscillation/,"https://akstatic.streetvoice.com/song_covers/Sl/ow/SlowingOscillation/e48aX99kMjuq6pdaMuoSRj.jpeg?x-oss-process=image/resize,m_fixed,h_1,w_1,limit_0/resize,m_fixed,h_630,w_1200,limit_0/watermark,image_c29uZ19jb3ZlcnMvU2wvb3cvU2xvd2luZ09zY2lsbGF0aW9uL2U0OGFYOTlrTWp1cTZwZGFNdW9TUmouanBlZz94LW9zcy1wcm9jZXNzPWltYWdlL3Jlc2l6ZSxtX2ZpeGVkLGhfMzQ0LHdfMzQ0LGxpbWl0XzA,g_nw,x_428,y_143/watermark,image_YXNzZXQvaW1hZ2VzL21ldGFpbWFnZS1zb25nLnBuZw,g_nw,x_0,y_0",@SlowingOscillation,音樂人,台北市,2016-04-01,2021-11-08 17:53,2,93,2,https://www.facebook.com/Slowingoscillation,https://www.instagram.com/slowingoscillation/,https://www.youtube.com/c/SlowingOscillation,Metal,,,,"斯洛頻率在 Love and Peace EP 巡迴台中場安排了跟 Chillsome 秋山的主唱洪偉一起合作演出 Love and Peace。這個合作過程中，看到洪偉寫的歌詞，一起練團聽到，就決定，這個一定要有正式版讓大家聽。 再一次感謝 洪偉 還有 Bro Time Studio 協助把這個版本弄出來讓大家聽到！ Credits 歌詞 Lyrics | Jun Rap 歌詞 Rap Lyrics | 洪偉 配唱 Vocals | Jun，洪偉 客串演唱 Rap Vocals | 洪偉 電吉他 Electric Guitar｜八八，Jun 貝斯 Bass｜建瑋 鼓 Drums｜薇薇 製作人 Producer｜許主携 Matt Hsu 製作行政 Production Administrator｜Joyce Chiang 錄音師 Recording Engineer｜許主携 Matt Hsu / Bro Time Studio 鼓錄音師 Drum Recording Engineer｜張宏鈺 Eric Didi 鼓錄音工作室 Drum Recording Studio｜群峯錄音室Pinnacle Sound Studio 鼓技師Drum Technician｜張逸凡 Even Chang 混音師 Mixing Engineer｜許主携 Matt Hsu 混音工作室 Mixing Studio｜Bro Time Studio 母帶後期處理 Mastered by｜Grant Berry 母帶後期處理工作室 Mastering Studio｜Fader Mastering 
斯洛頻率在 Love and Peace EP 巡迴台中場安排了跟 Chillsome 秋山的主唱洪偉一起合作演出 Love and Peace。這個合作過程中，看到洪偉寫的歌詞，一起練團聽到，就決定，這個一定要有正式版讓大家聽。
再一次感謝 洪偉 還有 Bro Time Studio 協助把這個版本弄出來讓大家聽到！
Credits 歌詞 Lyrics | Jun Rap 歌詞 Rap Lyrics | 洪偉 配唱 Vocals | Jun，洪偉 客串演唱 Rap Vocals | 洪偉 電吉他 Electric Guitar｜八八，Jun 貝斯 Bass｜建瑋 鼓 Drums｜薇薇 製作人 Producer｜許主携 Matt Hsu 製作行政 Production Administrator｜Joyce Chiang 錄音師 Recording Engineer｜許主携 Matt Hsu / Bro Time Studio 鼓錄音師 Drum Recording Engineer｜張宏鈺 Eric Didi 鼓錄音工作室 Drum Recording Studio｜群峯錄音室Pinnacle Sound Studio 鼓技師Drum Technician｜張逸凡 Even Chang 混音師 Mixing Engineer｜許主携 Matt Hsu 混音工作室 Mixing Studio｜Bro Time Studio 母帶後期處理 Mastered by｜Grant Berry 母帶後期處理工作室 Mastering Studio｜Fader Mastering","名為正義的硝煙充斥血色 遍地奼紫嫣紅任由誰的犧牲 名為正義的硝煙子彈血刃 觸目皆是偽善 剝削壓榨宰割 黑的黃的任憑暴權悲歡離合 純真笑靨被滅頂淹沒 飄泊的人啊 Where can they go 要的自由是如此平庸 棲身風雨內心居無定所 There's no shelter from the fucking badge 遮蓋全身是標籤不是庇護 疑惑、反抗、掙扎、無力、恐懼 悲劇輪迴何時才能掙脫 Love and peace Can we stand together willingly Where's the acceptance of our Brethren Hope won't be lost if we believe in it Believe in it This unjust violence Is thrust upon us all to Keep us idle Face the frontier We can win this Take it back Love and peace Love and peace can we stand together now Willingly No matter who we are 心臟跳動都是 Brethren 相信愛與和平 love is all around Believe in it It's time to act It's time to change our ways Atone for our mistakes We're with you skin to skin Atone for all our sins Love and peace We got different blood 幸福的形狀自己勾勒 Love and peace We got different blood 不是手段謀利與勾惡 Love and peace We got different blood 不分人種方位與膚色 Love and peace We got different blood 愛是不分語言依舊 沸騰著 Justice To all who've been betrayed Aren't we all the same? Gather The strength to foster change Aren't we all the same? Love and peace We got different blood 幸福的形狀自己勾勒 Love and peace We got different blood 不是手段謀利與勾惡 Love and peace We got different blood 不分人種方位與膚色 Love and peace We got different blood 愛是不分語言依舊 沸騰著 
名為正義的硝煙充斥血色 遍地奼紫嫣紅任由誰的犧牲 名為正義的硝煙子彈血刃 觸目皆是偽善 剝削壓榨宰割 黑的黃的任憑暴權悲歡離合
純真笑靨被滅頂淹沒 飄泊的人啊 Where can they go 要的自由是如此平庸 棲身風雨內心居無定所 There's no shelter from the fucking badge 遮蓋全身是標籤不是庇護 疑惑、反抗、掙扎、無力、恐懼 悲劇輪迴何時才能掙脫
Love and peace Can we stand together willingly Where's the acceptance of our Brethren Hope won't be lost if we believe in it Believe in it
This unjust violence Is thrust upon us all to Keep us idle
Face the frontier We can win this Take it back
Love and peace Love and peace can we stand together now Willingly No matter who we are 心臟跳動都是 Brethren 相信愛與和平 love is all around Believe in it
It's time to act It's time to change our ways Atone for our mistakes We're with you skin to skin Atone for all our sins
Love and peace We got different blood 幸福的形狀自己勾勒
Love and peace We got different blood 不是手段謀利與勾惡
Love and peace We got different blood 不分人種方位與膚色
Love and peace We got different blood 愛是不分語言依舊 沸騰著
Justice To all who've been betrayed Aren't we all the same?
Gather The strength to foster change Aren't we all the same?
Love and peace We got different blood 幸福的形狀自己勾勒
Love and peace We got different blood 不是手段謀利與勾惡
Love and peace We got different blood 不分人種方位與膚色
Love and peace We got different blood 愛是不分語言依舊 沸騰著
留言（ 1 ） 最相關留言 所有留言
留言（ 1 ）",2026-07-31,,True,False,
2026-08-06 11:30:09,41,,,1,12,0,https://streetvoice.com/qinmeibetterthantaipei/songs/872908/,https://streetvoice.com/qinmeibetterthantaipei/,"https://akstatic.streetvoice.com/song_covers/qi/nm/qinmeibetterthantaipei/j7uairFY473Q7MZaTgJxTC.jpg?x-oss-process=image/resize,m_fixed,h_1,w_1,limit_0/resize,m_fixed,h_630,w_1200,limit_0/watermark,image_c29uZ19jb3ZlcnMvcWkvbm0vcWlubWVpYmV0dGVydGhhbnRhaXBlaS9qN3VhaXJGWTQ3M1E3TVphVGdKeFRDLmpwZz94LW9zcy1wcm9jZXNzPWltYWdlL3Jlc2l6ZSxtX2ZpeGVkLGhfMzQ0LHdfMzQ0LGxpbWl0XzA,g_nw,x_428,y_143/watermark,image_YXNzZXQvaW1hZ2VzL21ldGFpbWFnZS1zb25nLnBuZw,g_nw,x_0,y_0",@qinmeibetterthantaipei,音樂人,,,2024-12-25 17:12,,53,1,,https://www.instagram.com/qinmeibetterthantaipei/profilecard/,https://www.youtube.com/user/StreetVoiceTV,Rock,生的錯覺,https://streetvoice.com/qinmeibetterthantaipei/songs/album/97324249/,,"【章節零六：海岸線上的狂熱星空】 現實是個平淡無奇的惡作劇。那就讓我們一起瘋掉吧。 在潮水湧上來的海岸線，希望像碎鑽一樣砸在我們頭上。 在此刻，讓我們成為，這虛無宇宙裡唯一的兩顆彗星。 告訴我你的咆哮與幻想，哪怕這是一場圍城的決戰， 但我始終相信，這將成為我們的：「唯一」 
【章節零六：海岸線上的狂熱星空】
現實是個平淡無奇的惡作劇。那就讓我們一起瘋掉吧。
在潮水湧上來的海岸線，希望像碎鑽一樣砸在我們頭上。
在此刻，讓我們成為，這虛無宇宙裡唯一的兩顆彗星。
告訴我你的咆哮與幻想，哪怕這是一場圍城的決戰，
但我始終相信，這將成為我們的：「唯一」","常覺得 平平無奇 找不到 那份回憶 去做吧 別作罷 哪怕瘋了 瘋啦 告訴我你可以 讓這成為唯一 告訴你想要 讓這變成唯一 告訴我 你的夢想 你的幻想 你的想像 我想見 你的驕傲 你的微笑 甚至咆哮 你還害怕嗎 你還憧憬嗎 別再恐懼啦 至少我懂你啊 走去盡頭吧 走向唯一啊 哪怕往不出 記得這秘密吧 走下去 我還在 任性吧 被別掩埋 別後悔 只是現在 你是你 幹嘛見外 告訴我 你的夢想 告訴我 你的想像 告訴我 你的所有 成為唯一 無論多久 你還害怕嗎 你還憧憬嗎 別再恐懼啦 至少我懂你啊 走去盡頭吧 走向唯一啊 哪怕往不出 記得這秘密吧 走下去 我還在 任性吧 被別掩埋 別後悔 只是現在 你是你 幹嘛見外 
常覺得 平平無奇 找不到 那份回憶
去做吧 別作罷 哪怕瘋了 瘋啦
告訴我你可以 讓這成為唯一 告訴你想要 讓這變成唯一
告訴我 你的夢想 你的幻想 你的想像 我想見 你的驕傲 你的微笑 甚至咆哮
你還害怕嗎 你還憧憬嗎 別再恐懼啦 至少我懂你啊 走去盡頭吧 走向唯一啊 哪怕往不出 記得這秘密吧
走下去 我還在 任性吧 被別掩埋 別後悔 只是現在 你是你 幹嘛見外
告訴我 你的夢想 告訴我 你的想像 告訴我 你的所有 成為唯一 無論多久
你還害怕嗎 你還憧憬嗎 別再恐懼啦 至少我懂你啊 走去盡頭吧 走向唯一啊 哪怕往不出 記得這秘密吧
走下去 我還在 任性吧 被別掩埋 別後悔 只是現在 你是你 幹嘛見外
留言（ 0 ） 最相關留言 所有留言
留言（ 0 ）",2026-08-05,,False,False,
2026-08-06 11:30:09,42,,,1,6,1,https://streetvoice.com/twilight_heart_1s7/songs/872957/,https://streetvoice.com/twilight_heart_1s7/,"https://akstatic.streetvoice.com/song_covers/tw/il/twilight_heart_1s7/JLeSdDpzPQ7YJgiBG3egVU.jpg?x-oss-process=image/resize,m_fixed,h_1,w_1,limit_0/resize,m_fixed,h_630,w_1200,limit_0/watermark,image_c29uZ19jb3ZlcnMvdHcvaWwvdHdpbGlnaHRfaGVhcnRfMXM3L0pMZVNkRHB6UFE3WUpnaUJHM2VnVlUuanBnP3gtb3NzLXByb2Nlc3M9aW1hZ2UvcmVzaXplLG1fZml4ZWQsaF8zNDQsd18zNDQsbGltaXRfMA,g_nw,x_428,y_143/watermark,image_YXNzZXQvaW1hZ2VzL21ldGFpbWFnZS1zb25nLnBuZw,g_nw,x_0,y_0",@twilight_heart_1s7,音樂人,台中市,2025-11-01,,2,4,2,,,https://www.youtube.com/user/StreetVoiceTV,Hip hop / Rap,,,,"活著太難了 不是嗎 頂上的光 層積的雲 煩躁的濕氣 蔓延 我還沒清醒 
活著太難了 不是嗎 頂上的光 層積的雲 煩躁的濕氣 蔓延 我還沒清醒","烈日 雲層 濕氣 一天的開始 反覆發作依舊被周圍的空氣排斥 直到 呼吸 停止 週而復始 相同的字 被套用在一樣的歌詞 診所裡的身分認同是不同的病名 無關姓名 房間是暗的她說我應該慶幸 可我還沒清醒 可我濫用酒精 出了門 依稀記得帶上手機錢包鑰匙菸 手裡菸草解釋厭惡煩躁的過著人生還要幾遍 要幾天 哭整夜 浸濕的棉被染黑的肺 無關是非 問我到底配不配 過一天算一天 至少還有你在 對不對？ 過一天少一天 如果停下依賴 會不會？ 菸沒少抽 總感覺你會說走就走 麻痹的人生 戒指再也不戴在左手 無效的挽留那也不必再去開口 試想道別的場景平淡而事後我到底會哭多久 為什麼愧疚 選擇是她的自由 解構 解剖 產出 解脫 一樣的結果 滿地的血泊 活著太難了 所以我開始寫作 烈日 雲層 濕氣 一天的開始 反覆發作依舊被周圍的空氣排斥 直到 呼吸 停止 週而復始 相同的字 被套用在一樣的歌詞 診所裡的身分認同是不同的病名 無關姓名 房間是暗的她說我應該慶幸 可我還沒清醒 可我濫用酒精 活著 活著 活著 活著 
烈日 雲層 濕氣 一天的開始 反覆發作依舊被周圍的空氣排斥 直到 呼吸 停止 週而復始 相同的字 被套用在一樣的歌詞 診所裡的身分認同是不同的病名 無關姓名 房間是暗的她說我應該慶幸
可我還沒清醒
可我濫用酒精
出了門 依稀記得帶上手機錢包鑰匙菸 手裡菸草解釋厭惡煩躁的過著人生還要幾遍 要幾天 哭整夜 浸濕的棉被染黑的肺 無關是非 問我到底配不配
過一天算一天 至少還有你在 對不對？ 過一天少一天 如果停下依賴 會不會？
菸沒少抽 總感覺你會說走就走 麻痹的人生 戒指再也不戴在左手 無效的挽留那也不必再去開口 試想道別的場景平淡而事後我到底會哭多久 為什麼愧疚 選擇是她的自由 解構 解剖 產出 解脫 一樣的結果 滿地的血泊 活著太難了 所以我開始寫作
烈日 雲層 濕氣 一天的開始 反覆發作依舊被周圍的空氣排斥 直到 呼吸 停止 週而復始 相同的字 被套用在一樣的歌詞 診所裡的身分認同是不同的病名 無關姓名 房間是暗的她說我應該慶幸
可我還沒清醒
可我濫用酒精
活著 活著 活著 活著
留言（ 1 ） 最相關留言 所有留言
留言（ 1 ）",2026-08-05,,False,False,
2026-08-06 11:30:09,43,,,3,158,0,https://streetvoice.com/sa7122sa/songs/872194/,https://streetvoice.com/sa7122sa/,"https://akstatic.streetvoice.com/song_covers/sa/71/sa7122sa/mQJeQNfAoaGwoSQCffKmjp.jpeg?x-oss-process=image/resize,m_fixed,h_1,w_1,limit_0/resize,m_fixed,h_630,w_1200,limit_0/watermark,image_c29uZ19jb3ZlcnMvc2EvNzEvc2E3MTIyc2EvbVFKZVFOZkFvYUd3b1NRQ2ZmS21qcC5qcGVnP3gtb3NzLXByb2Nlc3M9aW1hZ2UvcmVzaXplLG1fZml4ZWQsaF8zNDQsd18zNDQsbGltaXRfMA,g_nw,x_428,y_143/watermark,image_YXNzZXQvaW1hZ2VzL21ldGFpbWFnZS1zb25nLnBuZw,g_nw,x_0,y_0",@sa7122sa,音樂人,,,2024-11-04 15:33,8,69,14,https://www.facebook.com/huangyi0930,https://www.instagram.com/yepfunband/,https://www.youtube.com/@MrCtjh7122,Folk,甕裡黃藝,https://streetvoice.com/sa7122sa/songs/album/97325810/,邱靜,"有時候，我們花了一整天，努力成為別人眼中應該成為的樣子。 笑著、逞強著、解釋著，也隱藏著。 直到一個人開著車，走上一條很長很長的山路，夕陽慢慢落下，世界安靜得只剩下引擎聲和自己的呼吸。 那一刻，沒有掌聲，沒有期待，沒有任何人需要討好。 你終於不用再證明自己。 也終於明白，真正認識你的人，不是外面的世界，而是當所有人都離開之後，仍然陪著你的那個自己。 你知道自己說過哪些謊、逃避過哪些事、藏著多少缺點，也知道心裡那些從未對任何人說出口的脆弱。 那些不完美，並沒有因為沒人看見而消失。 但也正因如此，誠實，才變得珍貴。 《靜靜的唱》想寫的，不是一個人的寂寞，而是一個人終於願意安靜下來，與自己相處。 在漫長的路上，不急著抵達，也不急著成為誰。 只是慢慢地，把心放回原來的位置。 因為人生走到最後，我們都要學會面對同一個人。 那個人，就是自己。 詞曲：黃藝 和音：佳柔、邱靜 錄音室：Aqua Production 
有時候，我們花了一整天，努力成為別人眼中應該成為的樣子。 笑著、逞強著、解釋著，也隱藏著。 直到一個人開著車，走上一條很長很長的山路，夕陽慢慢落下，世界安靜得只剩下引擎聲和自己的呼吸。 那一刻，沒有掌聲，沒有期待，沒有任何人需要討好。 你終於不用再證明自己。 也終於明白，真正認識你的人，不是外面的世界，而是當所有人都離開之後，仍然陪著你的那個自己。 你知道自己說過哪些謊、逃避過哪些事、藏著多少缺點，也知道心裡那些從未對任何人說出口的脆弱。 那些不完美，並沒有因為沒人看見而消失。 但也正因如此，誠實，才變得珍貴。 《靜靜的唱》想寫的，不是一個人的寂寞，而是一個人終於願意安靜下來，與自己相處。 在漫長的路上，不急著抵達，也不急著成為誰。 只是慢慢地，把心放回原來的位置。 因為人生走到最後，我們都要學會面對同一個人。 那個人，就是自己。
詞曲：黃藝 和音：佳柔、邱靜 錄音室：Aqua Production","動態歌詞
慢慢退去色彩，難免無精打采 望著天長嘆，脾氣還是要改 多少個不滿，在我心裡打轉 到底是生活糜爛？還是自己天生的坎？ 路很長，會不安 慢下來，聊自在，想想明白 雖然有點難 天很寬，微微的亮 留下來，談自在，獨坐窗台 我靜靜的唱 日子安安靜靜，習慣自己醒來 煮個茶發個呆，心也讓他空白 情緒很淡，沒什麼想重來 也許是心已看開，才覺得這樣也不壞 路很長，會不安 慢下來，想自在，想想明白 雖然有點難 天很寬，微微的亮 留下來，談自在，獨坐窗台 我靜靜的唱 路很長，會不安 慢下來，想自在，想想明白 雖然有點難 天很寬，微微的亮 留下來，談自在，獨坐窗台 我靜靜的唱 我靜靜的唱 我靜靜的唱 
慢慢退去色彩，難免無精打采 望著天長嘆，脾氣還是要改
多少個不滿，在我心裡打轉 到底是生活糜爛？還是自己天生的坎？
路很長，會不安 慢下來，聊自在，想想明白 雖然有點難
天很寬，微微的亮 留下來，談自在，獨坐窗台 我靜靜的唱
日子安安靜靜，習慣自己醒來 煮個茶發個呆，心也讓他空白
情緒很淡，沒什麼想重來 也許是心已看開，才覺得這樣也不壞
路很長，會不安 慢下來，想自在，想想明白 雖然有點難
天很寬，微微的亮 留下來，談自在，獨坐窗台 我靜靜的唱
路很長，會不安 慢下來，想自在，想想明白 雖然有點難
天很寬，微微的亮 留下來，談自在，獨坐窗台 我靜靜的唱
我靜靜的唱 我靜靜的唱
留言（ 0 ） 最相關留言 所有留言
留言（ 0 ）",2026-07-31,,True,False,
2026-08-06 11:30:09,44,,,2,31,2,https://streetvoice.com/MoonX_0325/songs/872810/,https://streetvoice.com/MoonX_0325/,"https://akstatic.streetvoice.com/song_covers/Mo/on/MoonX_0325/4T3bqgN3mRp6gXX9cDRsEN.jpeg?x-oss-process=image/resize,m_fixed,h_1,w_1,limit_0/resize,m_fixed,h_630,w_1200,limit_0/watermark,image_c29uZ19jb3ZlcnMvTW8vb24vTW9vblhfMDMyNS80VDNicWdOM21ScDZnWFg5Y0RSc0VOLmpwZWc_eC1vc3MtcHJvY2Vzcz1pbWFnZS9yZXNpemUsbV9maXhlZCxoXzM0NCx3XzM0NCxsaW1pdF8w,g_nw,x_428,y_143/watermark,image_YXNzZXQvaW1hZ2VzL21ldGFpbWFnZS1zb25nLnBuZw,g_nw,x_0,y_0",@MoonX_0325,音樂人,高雄市,2026-07-01,,1,4,24,,,https://www.youtube.com/user/StreetVoiceTV,Hip hop / Rap,《洗腦神曲》 (Brainwashing Songs),https://streetvoice.com/MoonX_0325/songs/album/97325838/,,"【 MoonX 全新國風電音饒舌單曲：《神仙降臨》 】 「踏破陵霄，誰敢阻擋我的路？」 當傳統國風的恢弘氣勢，撞上重拍 Trap 與強烈 EDM 律動——這不只是一首歌曲，而是一場顛覆聽覺的仙俠風暴！ ――― 【 歌曲簡介 】 《神仙降臨》融合了磅礡的東方旋律與極具張力的快嘴 Rap。從前奏大氣的詠唱堆疊，到主歌節奏炸裂的高速饒舌，歌詞將「踏破陵霄、翻江倒海」的霸道與自信展現得淋漓盡致。 本作由 MoonX 創作，並使用我的克隆人聲精準詮釋，展現出高亢抒情與快嘴韻律雙重交織的震撼聽感。 「木魚敲擊，香煙繚繞，順我者昌！」 ――― 💬 聽完這首國風電音，你有感受到神仙降臨的霸氣嗎？歡迎在底下留言分享你的感受！ #MoonX  #國風電音  #國風饒舌  #Trap  #EDM #仙俠  #霸氣快嘴 
【 MoonX 全新國風電音饒舌單曲：《神仙降臨》 】
「踏破陵霄，誰敢阻擋我的路？」
當傳統國風的恢弘氣勢，撞上重拍 Trap 與強烈 EDM 律動——這不只是一首歌曲，而是一場顛覆聽覺的仙俠風暴！
―――
【 歌曲簡介 】
《神仙降臨》融合了磅礡的東方旋律與極具張力的快嘴 Rap。從前奏大氣的詠唱堆疊，到主歌節奏炸裂的高速饒舌，歌詞將「踏破陵霄、翻江倒海」的霸道與自信展現得淋漓盡致。
本作由 MoonX 創作，並使用我的克隆人聲精準詮釋，展現出高亢抒情與快嘴韻律雙重交織的震撼聽感。
「木魚敲擊，香煙繚繞，順我者昌！」
―――
💬 聽完這首國風電音，你有感受到神仙降臨的霸氣嗎？歡迎在底下留言分享你的感受！
#MoonX  #國風電音  #國風饒舌  #Trap  #EDM #仙俠  #霸氣快嘴","動態歌詞
踏破凌霄~誰敢阻擋我的路 燃燒焚天 仙氣炸開這江湖 乾坤翻覆 天地萬物皆聽吾 嗩吶一響 百無禁忌我作主 Yeah~96 BPM. 木魚敲響 神明睜眼 凡夫俗子 全都給我退後三尺 Watch this 腳踏祥雲踩著重拍我從天而降 金光閃閃身上穿的不是普通衣裳 凡人看著我的姿態全都感到驚慌 我的韻腳就像飛劍刺穿你的胸膛 (快嘴) 點石成金畫符念咒一氣呵成不費力 手起刀落斩斷凡塵俗世所有假情意 招式太快讓你眼花繚亂無法去解析 國風Trap的霸主登場誰敢來跟我比 看我看我翻江倒海掀起滔天巨浪 聽聽聽聽嗩吶聲響貫穿整座山上 敲擊木魚噠噠噠噠節奏絕不放慢 這張金字招牌千錘百煉永不褪色泛黃 風在呼喚 雲在翻滾 血脈在沸騰 踩碎質疑 踏平坎坷 我就是規則 準備好迎接神仙降臨的時刻 踏破凌霄 誰敢阻擋我的路 燃燒焚天 仙氣炸開這江湖 乾坤翻覆 天地萬物皆聽吾 嗩吶一響 百無禁忌我作主 (快嘴) 說我狂妄說我囂張那是因為你沒本事 我的字典裡就從來沒有失敗這兩個字 筆走龍蛇寫下傳奇墨水化作金字塔 不靠天賞飯吃我自己就是那座天花板 木魚敲擊敲出韻律節奏卡得極度精準 欸的低音炸得連地府都要震動三分 別拿你的標準衡量我的神仙高度 這條王者之路我用實力自己鋪 (極速流) 跨越三界六道不受任何規矩束縛 我的說唱就是神諭不需要你來修復 一招一式皆是功底一步一步走上神壇 聽完全場全體起立給我遞上香火供奉 風在呼喚 雲在翻滾 血脈在沸騰 踩碎質疑 踏平坎坷 我就是規則 準備好迎接神仙降臨的時刻 踏破凌霄 誰敢阻擋我的路 燃燒焚天 仙氣炸開這江湖 乾坤翻覆 天地萬物皆聽吾 嗩吶一響 百無禁忌我作主 踏破凌霄 誰敢阻擋我的路 燃燒焚天 仙氣炸開這江湖 乾坤翻覆 天地萬物皆聽吾 嗩吶一響 百無禁忌我作主 木魚敲畢 香煙繚繞 順我者昌…… 
踏破凌霄~誰敢阻擋我的路 燃燒焚天 仙氣炸開這江湖 乾坤翻覆 天地萬物皆聽吾 嗩吶一響 百無禁忌我作主 Yeah~96 BPM. 木魚敲響 神明睜眼 凡夫俗子 全都給我退後三尺 Watch this 腳踏祥雲踩著重拍我從天而降 金光閃閃身上穿的不是普通衣裳 凡人看著我的姿態全都感到驚慌 我的韻腳就像飛劍刺穿你的胸膛 (快嘴) 點石成金畫符念咒一氣呵成不費力 手起刀落斩斷凡塵俗世所有假情意 招式太快讓你眼花繚亂無法去解析 國風Trap的霸主登場誰敢來跟我比 看我看我翻江倒海掀起滔天巨浪 聽聽聽聽嗩吶聲響貫穿整座山上 敲擊木魚噠噠噠噠節奏絕不放慢 這張金字招牌千錘百煉永不褪色泛黃 風在呼喚 雲在翻滾 血脈在沸騰 踩碎質疑 踏平坎坷 我就是規則 準備好迎接神仙降臨的時刻 踏破凌霄 誰敢阻擋我的路 燃燒焚天 仙氣炸開這江湖 乾坤翻覆 天地萬物皆聽吾 嗩吶一響 百無禁忌我作主 (快嘴) 說我狂妄說我囂張那是因為你沒本事 我的字典裡就從來沒有失敗這兩個字 筆走龍蛇寫下傳奇墨水化作金字塔 不靠天賞飯吃我自己就是那座天花板 木魚敲擊敲出韻律節奏卡得極度精準 欸的低音炸得連地府都要震動三分 別拿你的標準衡量我的神仙高度 這條王者之路我用實力自己鋪 (極速流) 跨越三界六道不受任何規矩束縛 我的說唱就是神諭不需要你來修復 一招一式皆是功底一步一步走上神壇 聽完全場全體起立給我遞上香火供奉 風在呼喚 雲在翻滾 血脈在沸騰 踩碎質疑 踏平坎坷 我就是規則 準備好迎接神仙降臨的時刻 踏破凌霄 誰敢阻擋我的路 燃燒焚天 仙氣炸開這江湖 乾坤翻覆 天地萬物皆聽吾 嗩吶一響 百無禁忌我作主 踏破凌霄 誰敢阻擋我的路 燃燒焚天 仙氣炸開這江湖 乾坤翻覆 天地萬物皆聽吾 嗩吶一響 百無禁忌我作主 木魚敲畢 香煙繚繞 順我者昌……
留言（ 2 ） 最相關留言 所有留言
留言（ 2 ）",2026-08-04,,False,False,
2026-08-06 11:30:09,45,,,4,94,7,https://streetvoice.com/minzer_c_lee/songs/872447/,https://streetvoice.com/minzer_c_lee/,"https://akstatic.streetvoice.com/song_covers/mi/nz/minzer_c_lee/2fG2uPrJHagk9T7cJR7peV.jpeg?x-oss-process=image/resize,m_fixed,h_1,w_1,limit_0/resize,m_fixed,h_630,w_1200,limit_0/watermark,image_c29uZ19jb3ZlcnMvbWkvbnovbWluemVyX2NfbGVlLzJmRzJ1UHJKSGFnazlUN2NKUjdwZVYuanBlZz94LW9zcy1wcm9jZXNzPWltYWdlL3Jlc2l6ZSxtX2ZpeGVkLGhfMzQ0LHdfMzQ0LGxpbWl0XzA,g_nw,x_428,y_143/watermark,image_YXNzZXQvaW1hZ2VzL21ldGFpbWFnZS1zb25nLnBuZw,g_nw,x_0,y_0",@minzer_c_lee,音樂人,,,,3,5,9,,,https://www.youtube.com/user/StreetVoiceTV,Jazz,,,雷克非 Christopher R,"咖啡廳的打工仔，瞬間蒸發的，盛夏之戀 Sophisticated Bossa Nova 
咖啡廳的打工仔，瞬間蒸發的，盛夏之戀
Sophisticated Bossa Nova","南臺灣的大熱天 柏油路冒著煙 街上沒有半個人 咖啡廳在打哈欠 冷氣慢慢地吹 冰塊融化不見 窗外的紅綠燈 自己換了幾遍 我靠在吧台後面 換一張老唱片 門鈴叮咚兩聲 有人推門進來 一個漂亮女生 走進這個下午 她說外面太熱 咖啡可不可以 冰塊多加一點 她坐在花台窗邊 小花貓看著她這邊 我低頭忙著手上的事 偶爾看她一眼 她打開蘋果筆電 卻沒看上幾眼 杯子外面的水 慢慢流到桌面 她問這間店 每天都這麼悠閑 我說夏天的午後 大概都沒什麼變 一個漂亮女生 坐在這個下午 窗外沒有一點風 店裡只有音樂 她沒有多說什麼 我也沒有多問 只是原本走得很慢的時間 忽然快了一點 後來她看了看時鐘 把電腦收進背包 我把空杯拿回吧台 她已經走到門邊 門鈴又響了兩聲 她回頭說聲再見 街上還是沒有半個人 太陽還掛在對面 桌上留著一圈水痕 很快就會不見 只是從那天開始 我會留意午後三點 盛夏午後 柏油路冒著煙 門鈴沒有再響 我自己搖了兩遍 作詞：雷克非 
南臺灣的大熱天 柏油路冒著煙 街上沒有半個人 咖啡廳在打哈欠
冷氣慢慢地吹 冰塊融化不見 窗外的紅綠燈 自己換了幾遍
我靠在吧台後面 換一張老唱片 門鈴叮咚兩聲 有人推門進來
一個漂亮女生 走進這個下午 她說外面太熱 咖啡可不可以 冰塊多加一點
她坐在花台窗邊 小花貓看著她這邊 我低頭忙著手上的事 偶爾看她一眼
她打開蘋果筆電 卻沒看上幾眼 杯子外面的水 慢慢流到桌面
她問這間店 每天都這麼悠閑 我說夏天的午後 大概都沒什麼變
一個漂亮女生 坐在這個下午 窗外沒有一點風 店裡只有音樂
她沒有多說什麼 我也沒有多問 只是原本走得很慢的時間 忽然快了一點
後來她看了看時鐘 把電腦收進背包 我把空杯拿回吧台 她已經走到門邊
門鈴又響了兩聲 她回頭說聲再見 街上還是沒有半個人 太陽還掛在對面
桌上留著一圈水痕 很快就會不見 只是從那天開始 我會留意午後三點
盛夏午後 柏油路冒著煙
門鈴沒有再響 我自己搖了兩遍
作詞：雷克非
留言（ 7 ） 最相關留言 所有留言
留言（ 7 ）",2026-08-01,,False,False,
2026-08-06 11:30:09,46,,,7,1087,9,https://streetvoice.com/_gu_38/songs/871427/,https://streetvoice.com/_gu_38/,"https://akstatic.streetvoice.com/song_covers/_g/u_/_gu_38/E9iQ8UVy5KCLZWo2jJQSv7.jpeg?x-oss-process=image/resize,m_fixed,h_1,w_1,limit_0/resize,m_fixed,h_630,w_1200,limit_0/watermark,image_c29uZ19jb3ZlcnMvX2cvdV8vX2d1XzM4L0U5aVE4VVZ5NUtDTFpXbzJqSlFTdjcuanBlZz94LW9zcy1wcm9jZXNzPWltYWdlL3Jlc2l6ZSxtX2ZpeGVkLGhfMzQ0LHdfMzQ0LGxpbWl0XzA,g_nw,x_428,y_143/watermark,image_YXNzZXQvaW1hZ2VzL21ldGFpbWFnZS1zb25nLnBuZw,g_nw,x_0,y_0",@_gu_38,音樂人,台南市,2023-06-01,,1,12,5,,,https://www.youtube.com/user/StreetVoiceTV,Folk,,,,"詞曲 Songwriter | 筋砧鴣gu 製作 Producer | 筋砧鴣gu 編曲 Arranger | 筋砧鴣gu 混音及母帶後期 Mixing and Mastering Engineer |筋砧鴣gu 有時候，不是不想往前， 只是活著真的太重了。 這首歌從編曲到完成， 由我一個人獨立製作， 希望把那些說不出口的情緒， 留在音樂裡。 
詞曲 Songwriter | 筋砧鴣gu 製作 Producer | 筋砧鴣gu 編曲 Arranger | 筋砧鴣gu 混音及母帶後期 Mixing and Mastering Engineer |筋砧鴣gu
有時候，不是不想往前， 只是活著真的太重了。 這首歌從編曲到完成， 由我一個人獨立製作， 希望把那些說不出口的情緒， 留在音樂裡。","天亮之前的城市 cold and quiet, no one knows my name 我站在鏡子前面 trying to smile, but it doesn’t feel the same 生活把我推進人海 every face looks just like mine 我學會把心折起來 hide the cracks, pretend I’m fine 他們說 “you’ll be okay” 像一句太廉價的安慰 如果真的那麼容易 why am I breaking every day 這是活著的重量 the weight I carry every night 壓得我連哭都沒有聲音 I scream inside but stay polite 如果我突然倒下 would anyone notice I’m gone 我不是不想要希望 I’m just too tired to hold on 時鐘一圈一圈走 round and round, I’m still here 夢想被現實磨薄 until it’s almost disappeared 我把失望當成日常 wear it like a second skin 世界要我繼續撐著 but I don’t know how to win 如果堅強是一種罪 那我早就無期徒刑 I keep breathing just to prove 我還沒輸給明天的自己 這是活著的重量 The weight I carry on my back 一步一步往前走 But every step pulls me back Don’t tell me I’ll be fine 我只是想被理解一次 Just once, just one time 也許我不是真的想消失 I just want the pain to stop 如果這世界聽不見我 Ill sing it till my voice drops 我把心交給夜晚 Let the darkness know my name 如果連黑夜都不會回答 Then maybe I’m the one to blame 這是活著的重量 still the weight I carry on 就算沒人為我鼓掌 I’ll stand here till the dawn 如果我還在呼吸 then maybe I’m not done 就算整個世界很冷 I’m still here, I’m still one 天亮之前我不說再見 I’ll stay a little longer tonight 如果活著真的這麼痛 then this pain means I’m alive 
天亮之前的城市 cold and quiet, no one knows my name 我站在鏡子前面 trying to smile, but it doesn’t feel the same 生活把我推進人海 every face looks just like mine 我學會把心折起來 hide the cracks, pretend I’m fine 他們說 “you’ll be okay” 像一句太廉價的安慰 如果真的那麼容易 why am I breaking every day 這是活著的重量 the weight I carry every night 壓得我連哭都沒有聲音 I scream inside but stay polite 如果我突然倒下 would anyone notice I’m gone 我不是不想要希望 I’m just too tired to hold on 時鐘一圈一圈走 round and round, I’m still here 夢想被現實磨薄 until it’s almost disappeared 我把失望當成日常 wear it like a second skin 世界要我繼續撐著 but I don’t know how to win 如果堅強是一種罪 那我早就無期徒刑 I keep breathing just to prove 我還沒輸給明天的自己 這是活著的重量 The weight I carry on my back 一步一步往前走 But every step pulls me back Don’t tell me I’ll be fine 我只是想被理解一次 Just once, just one time 也許我不是真的想消失 I just want the pain to stop 如果這世界聽不見我 Ill sing it till my voice drops 我把心交給夜晚 Let the darkness know my name 如果連黑夜都不會回答 Then maybe I’m the one to blame 這是活著的重量 still the weight I carry on 就算沒人為我鼓掌 I’ll stand here till the dawn 如果我還在呼吸 then maybe I’m not done 就算整個世界很冷 I’m still here, I’m still one 天亮之前我不說再見 I’ll stay a little longer tonight 如果活著真的這麼痛 then this pain means I’m alive
留言（ 9 ） 最相關留言 所有留言
留言（ 9 ）",2026-08-01,,False,False,
2026-08-06 11:30:09,47,,,1,99,0,https://streetvoice.com/lin_william_/songs/872778/,https://streetvoice.com/lin_william_/,"https://akstatic.streetvoice.com/song_covers/li/n_/lin_william_/QXqSRqW4xztos6N9gEtwM7.jpeg?x-oss-process=image/resize,m_fixed,h_1,w_1,limit_0/resize,m_fixed,h_630,w_1200,limit_0/watermark,image_c29uZ19jb3ZlcnMvbGkvbl8vbGluX3dpbGxpYW1fL1FYcVNScVc0eHp0b3M2TjlnRXR3TTcuanBlZz94LW9zcy1wcm9jZXNzPWltYWdlL3Jlc2l6ZSxtX2ZpeGVkLGhfMzQ0LHdfMzQ0LGxpbWl0XzA,g_nw,x_428,y_143/watermark,image_YXNzZXQvaW1hZ2VzL21ldGFpbWFnZS1zb25nLnBuZw,g_nw,x_0,y_0",@lin_william_,音樂人,,,,2,1,,,,https://www.youtube.com/user/StreetVoiceTV,Hip hop / Rap,,,,"詞：威廉 曲：Melodic Trap Type Beat - Caliente  Freestyle Beat 2026 
詞：威廉 曲：Melodic Trap Type Beat - Caliente  Freestyle Beat 2026","動態歌詞
Yeah, I got no tones yeh, 假裝自己很瘋 yeh, 站在頂樓吹風 yeh, Living in the 夢 yeh, Yeah, I got two tones yeh, Keeping 色即是空 yeh, 浴火重生的鳳 yeh， Living in the 夢 yeh, 活的要比誰都精彩啥龍青菜， 什麼我也說不明白稍微心塞， 完美主義過於病態執著things like， 沒有好發揮的平台裝做硬派 yeh， 討厭跟著人群並排只好強迫靜態， 偶爾冷的像是冰塊濕掉的火星塞， 保持all myself 的命脈舒適圈躲進來， 嘗試著把目標定在或停擺， Yeah, I got no tones yeh, 假裝自己很瘋 yeh, 站在頂樓吹風 yeh, Living in the 夢 yeh, Yeah, I got two tones yeh, Keeping 色即是空 yeh, 浴火重生的鳳 yeh， Living in the 夢 yeh, Stop staring at me and start playing the game， 路途這麼平坦要我怎麼犯難涉險， 足夠緊張的環境依然保持樂天， 他們裝得像個樣子結果實則擱淺， 一體有兩面不能目光只看到側面， 中途就放棄要不乾脆把夢想折現， 明明能夠一飛衝天何苦畫地設限， Stop playing just let me relieve the pain ， Yeah, I got no tones yeh, 假裝自己很瘋 yeh, 站在頂樓吹風 yeh, Living in the 夢 yeh, Yeah, I got two tones yeh, Keeping 色即是空 yeh, 浴火重生的鳳 yeh， Living in the 夢 yeh, 揮霍世俗的評價不願落得平價， 不被大眾定價或被明碼標上訂價， 骨子渴望著凌駕腳步未曾停下， 不信所謂人情價只信善良能贏下， 痛苦的像盛開又凋零的櫻花， 是否代表著那段曾經也 means not， 保持否定浪漫束縛不說情話， 放下被淨化反而又一次進化， Yeah, I got no tones yeh, 假裝自己很瘋 yeh, 站在頂樓吹風 yeh, Living in the 夢 yeh, Yeah, I got two tones yeh, Keeping 色即是空 yeh, 浴火重生的鳳 yeh， Living in the 夢 yeh, 
Yeah, I got no tones yeh, 假裝自己很瘋 yeh, 站在頂樓吹風 yeh, Living in the 夢 yeh, Yeah, I got two tones yeh, Keeping 色即是空 yeh, 浴火重生的鳳 yeh， Living in the 夢 yeh, 活的要比誰都精彩啥龍青菜， 什麼我也說不明白稍微心塞， 完美主義過於病態執著things like， 沒有好發揮的平台裝做硬派 yeh， 討厭跟著人群並排只好強迫靜態， 偶爾冷的像是冰塊濕掉的火星塞， 保持all myself 的命脈舒適圈躲進來， 嘗試著把目標定在或停擺， Yeah, I got no tones yeh, 假裝自己很瘋 yeh, 站在頂樓吹風 yeh, Living in the 夢 yeh, Yeah, I got two tones yeh, Keeping 色即是空 yeh, 浴火重生的鳳 yeh， Living in the 夢 yeh, Stop staring at me and start playing the game， 路途這麼平坦要我怎麼犯難涉險， 足夠緊張的環境依然保持樂天， 他們裝得像個樣子結果實則擱淺， 一體有兩面不能目光只看到側面， 中途就放棄要不乾脆把夢想折現， 明明能夠一飛衝天何苦畫地設限， Stop playing just let me relieve the pain ， Yeah, I got no tones yeh, 假裝自己很瘋 yeh, 站在頂樓吹風 yeh, Living in the 夢 yeh, Yeah, I got two tones yeh, Keeping 色即是空 yeh, 浴火重生的鳳 yeh， Living in the 夢 yeh, 揮霍世俗的評價不願落得平價， 不被大眾定價或被明碼標上訂價， 骨子渴望著凌駕腳步未曾停下， 不信所謂人情價只信善良能贏下， 痛苦的像盛開又凋零的櫻花， 是否代表著那段曾經也 means not， 保持否定浪漫束縛不說情話， 放下被淨化反而又一次進化， Yeah, I got no tones yeh, 假裝自己很瘋 yeh, 站在頂樓吹風 yeh, Living in the 夢 yeh, Yeah, I got two tones yeh, Keeping 色即是空 yeh, 浴火重生的鳳 yeh， Living in the 夢 yeh,
留言（ 0 ） 最相關留言 所有留言
留言（ 0 ）",2026-08-03,,False,False,
2026-08-06 11:30:09,48,,,9,596,1,https://streetvoice.com/djdidilong/songs/869677/,https://streetvoice.com/djdidilong/,"https://akstatic.streetvoice.com/song_covers/dj/di/djdidilong/VoUBGZvKDRYf35h6WLVTRf.jpeg?x-oss-process=image/resize,m_fixed,h_1,w_1,limit_0/resize,m_fixed,h_630,w_1200,limit_0/watermark,image_c29uZ19jb3ZlcnMvZGovZGkvZGpkaWRpbG9uZy9Wb1VCR1p2S0RSWWYzNWg2V0xWVFJmLmpwZWc_eC1vc3MtcHJvY2Vzcz1pbWFnZS9yZXNpemUsbV9maXhlZCxoXzM0NCx3XzM0NCxsaW1pdF8w,g_nw,x_428,y_143/watermark,image_YXNzZXQvaW1hZ2VzL21ldGFpbWFnZS1zb25nLnBuZw,g_nw,x_0,y_0",@djdidilong,音樂人,,,2025-09-25 13:13,,36,,https://www.facebook.com/djdidilong,https://www.instagram.com/djdidilong/,https://www.youtube.com/@djdidilong945,Hip hop / Rap,,,,"這首歌是2026實境節目《寰宇龍虎豹》的同名主題曲，看呱吉、迪拉、逞誠這三個中年大叔跨國遠征，音樂當然也要夠狂！由李英宏親自操刀，直接把大叔們的中年浪漫催到最高點。 整首歌開滿了「大無畏的速度感」，那個新潮又帶點壞的獨特台語唱腔一出來，就是不讓你睡，準備好跟著他們一路玩到太瘋！編曲帶點迷幻又超性感的線條，在極致的節奏裡，直接幫這群大叔披上英雄披風，魅力根本不敗！耳機戴上，這劑台味新潮的「新世紀催情劑」絕對幫你傳好勢，馬上就跟著大叔們狂奔一場！ 
這首歌是2026實境節目《寰宇龍虎豹》的同名主題曲，看呱吉、迪拉、逞誠這三個中年大叔跨國遠征，音樂當然也要夠狂！由李英宏親自操刀，直接把大叔們的中年浪漫催到最高點。
整首歌開滿了「大無畏的速度感」，那個新潮又帶點壞的獨特台語唱腔一出來，就是不讓你睡，準備好跟著他們一路玩到太瘋！編曲帶點迷幻又超性感的線條，在極致的節奏裡，直接幫這群大叔披上英雄披風，魅力根本不敗！耳機戴上，這劑台味新潮的「新世紀催情劑」絕對幫你傳好勢，馬上就跟著大叔們狂奔一場！","龍虎豹 帶你來去賴賴趖 叨位嚨會使 跟我們來去𨑨迌 卡等仔咱要去叨 看我Ki Mo Chi 只要爽就好 現在就要來去 別說這麼多 若是歹鬥陣的 咱就免來相找 繼續直直撞 保持咱的氣魄 呵咾我真緣投 那是多講的 飛龍要帶你來去天頂飛 我敬你一杯 但是毋湯馬西 山珍海味 我若到位就要傳到好勢 咱知影禮貌 嚨會說好話 真係好嘢 真係好好味 鬥嘴果 一定好犀利 毋湯太超過 我給你揌落 喂喂 你目睭看路 龍虎豹 沒在烏龍踅桌 從頭到尾 絕對蓋 jōtō 你擱屎屎尿尿 給你關便所 沒有錯沒有錯 把手舉起來給我 Make Some Noise 玩到太瘋 忘了幾點鐘 完全沒有極限 全年都不公休 沒有錯沒有錯 把手舉起來給我 Make Some Noise 最帶種 不偷偷摸摸 龍虎豹 你知影安怎說 龍虎豹 帶你來去賴賴趖 叨位嚨可以 跟我們來去七逃 卡等誒咱要去哪 看我奇摩子 只要爽就好 我說你安呢不夠 耍的沒透 一定攢出好料 絕對沒在開玩笑 龍虎豹 確實真有較小 麥三泡兩泡 拿出你的擋頭 沒有錯沒有錯 把手舉起來給我 Make Some Noise 玩到太瘋 忘了幾點鐘 完全沒有極限 全年都不公休 沒有錯沒有錯 把手舉起來給我 Make Some Noise 最帶種 不偷偷摸摸 龍虎豹 你知影安怎說 龍虎豹 帶你來去賴賴趖 叨位嚨可以 跟我們來去七逃 卡等誒咱要去哪 看我奇摩子 只要爽就好 
龍虎豹 帶你來去賴賴趖 叨位嚨會使 跟我們來去𨑨迌 卡等仔咱要去叨 看我Ki Mo Chi 只要爽就好
現在就要來去 別說這麼多 若是歹鬥陣的 咱就免來相找 繼續直直撞 保持咱的氣魄 呵咾我真緣投 那是多講的
飛龍要帶你來去天頂飛 我敬你一杯 但是毋湯馬西 山珍海味 我若到位就要傳到好勢 咱知影禮貌 嚨會說好話 真係好嘢 真係好好味 鬥嘴果 一定好犀利 毋湯太超過 我給你揌落 喂喂 你目睭看路 龍虎豹 沒在烏龍踅桌 從頭到尾 絕對蓋 jōtō 你擱屎屎尿尿 給你關便所
沒有錯沒有錯 把手舉起來給我 Make Some Noise 玩到太瘋 忘了幾點鐘 完全沒有極限 全年都不公休
沒有錯沒有錯 把手舉起來給我 Make Some Noise 最帶種 不偷偷摸摸 龍虎豹 你知影安怎說
龍虎豹 帶你來去賴賴趖 叨位嚨可以 跟我們來去七逃 卡等誒咱要去哪 看我奇摩子 只要爽就好
我說你安呢不夠 耍的沒透 一定攢出好料 絕對沒在開玩笑 龍虎豹 確實真有較小 麥三泡兩泡 拿出你的擋頭
沒有錯沒有錯 把手舉起來給我 Make Some Noise 玩到太瘋 忘了幾點鐘 完全沒有極限 全年都不公休
沒有錯沒有錯 把手舉起來給我 Make Some Noise 最帶種 不偷偷摸摸 龍虎豹 你知影安怎說
龍虎豹 帶你來去賴賴趖 叨位嚨可以 跟我們來去七逃 卡等誒咱要去哪 看我奇摩子 只要爽就好
留言（ 1 ） 最相關留言 所有留言
留言（ 1 ）",2026-07-16,,True,True,
2026-08-06 11:30:09,49,,,7,5673,2,https://streetvoice.com/imxun/songs/870777/,https://streetvoice.com/imxun/,"https://akstatic.streetvoice.com/song_covers/im/xu/imxun/iJf2mXSWCLcL9fcCxMyuUY.jpg?x-oss-process=image/resize,m_fixed,h_1,w_1,limit_0/resize,m_fixed,h_630,w_1200,limit_0/watermark,image_c29uZ19jb3ZlcnMvaW0veHUvaW14dW4vaUpmMm1YU1dDTGNMOWZjQ3hNeXVVWS5qcGc_eC1vc3MtcHJvY2Vzcz1pbWFnZS9yZXNpemUsbV9maXhlZCxoXzM0NCx3XzM0NCxsaW1pdF8w,g_nw,x_428,y_143/watermark,image_YXNzZXQvaW1hZ2VzL21ldGFpbWFnZS1zb25nLnBuZw,g_nw,x_0,y_0",@imxun,音樂人,,,,,8,,,,https://www.youtube.com/user/StreetVoiceTV,Hip hop / Rap,,,,"大嘻哈3沒有入棚只好回去麥塊挖鑽石了……記得小時候跑大隊接力，我都是候補，因為我跑得很慢，但是從今以後，再也不會有人笑我跑得慢了，因為我是———專業陪跑員。我沒有入棚就像把一根竹筍剁碎，不好意思上菜囉～🗣️🗣️你們要的小彩來了，嗯嗯對，這是你們的筍絲，饒舌界來了個無關緊要的人但諧音梗界失去了他的耶路撒冷，懂？￼ 無論如何，我這一生如履薄冰，但是俺的歌就是俺的態度，Never give it up!（說到這裡，辛彩薰跳起了瑞克搖） 麥塊玩到後期的朋友都知道，有時候鐵礦脈的鐵真的太多了，挖不完，而且我有鐵巨人塔，然後金又沒什麼用，所以我就只想挖鑽石，我就是很貪心，我想要我整間房子都是鑽石磚，我根本不管好不好看，我就是想要別人遠遠看見我的房子就會驚嘆：omg!麥塊界的陶朱隱園!所以我就一直挖鑽石，一直挖，一直挖，我做夢都在挖，你問為什麼火把已經所剩無幾？為什麼不加全亮模組？我的原則是玩麥塊不可以加模組，因為我不會裝，我又是一個很陽春的人，我不想學我就會堅持不學，所以我每次去探廢礦的時候火把都會用完，但是深板岩層又挖不到煤炭（深板岩層比較好挖鑽石），這時候我就會叫朋友tp我，為我送一些煤炭來，像是Uber Eat或是Foodpanda那樣，然後我會跟他們一點鑽石，這才不是作弊，我一步都沒有退，打指令的是我朋友不是我，我有給她鑽石啊，我們是正常交易，煤炭變鑽石，就像醜小鴨會變天鵝一樣！😤 最後，封面我用我的ID/imxun拼成了134，是我的海選號碼，你問1、2、3、4的2在哪？我不知道啊我去海選的時候沒有吃早餐沒有吃午餐，我肚子很2啊！我前一天還睡不著，我只睡了2個小時，人家還做2夢～😭😭我夢到我一直挖不到鑽石……我要好好睡覺。。。😴 
大嘻哈3沒有入棚只好回去麥塊挖鑽石了……記得小時候跑大隊接力，我都是候補，因為我跑得很慢，但是從今以後，再也不會有人笑我跑得慢了，因為我是———專業陪跑員。我沒有入棚就像把一根竹筍剁碎，不好意思上菜囉～🗣️🗣️你們要的小彩來了，嗯嗯對，這是你們的筍絲，饒舌界來了個無關緊要的人但諧音梗界失去了他的耶路撒冷，懂？￼ 無論如何，我這一生如履薄冰，但是俺的歌就是俺的態度，Never give it up!（說到這裡，辛彩薰跳起了瑞克搖）
麥塊玩到後期的朋友都知道，有時候鐵礦脈的鐵真的太多了，挖不完，而且我有鐵巨人塔，然後金又沒什麼用，所以我就只想挖鑽石，我就是很貪心，我想要我整間房子都是鑽石磚，我根本不管好不好看，我就是想要別人遠遠看見我的房子就會驚嘆：omg!麥塊界的陶朱隱園!所以我就一直挖鑽石，一直挖，一直挖，我做夢都在挖，你問為什麼火把已經所剩無幾？為什麼不加全亮模組？我的原則是玩麥塊不可以加模組，因為我不會裝，我又是一個很陽春的人，我不想學我就會堅持不學，所以我每次去探廢礦的時候火把都會用完，但是深板岩層又挖不到煤炭（深板岩層比較好挖鑽石），這時候我就會叫朋友tp我，為我送一些煤炭來，像是Uber Eat或是Foodpanda那樣，然後我會跟他們一點鑽石，這才不是作弊，我一步都沒有退，打指令的是我朋友不是我，我有給她鑽石啊，我們是正常交易，煤炭變鑽石，就像醜小鴨會變天鵝一樣！😤
最後，封面我用我的ID/imxun拼成了134，是我的海選號碼，你問1、2、3、4的2在哪？我不知道啊我去海選的時候沒有吃早餐沒有吃午餐，我肚子很2啊！我前一天還睡不著，我只睡了2個小時，人家還做2夢～😭😭我夢到我一直挖不到鑽石……我要好好睡覺。。。😴","Don't call me anymore 404 not found 告訴我座標地下幾層underground 裝聽不見那怪物聲響 獨自逞強著 踏破鐵鞋找不到 Tell me where you are 轉了幾個彎 Baby 你在哪 我們之間隔了幾層牆 距離你太遠的話 But I will never give it up 我挖到diamond 一顆後面接著還有一顆 So I’ll never give it up 你知道我從始至終的專一 真金白銀從不放在眼裡 為了找到你我滿眼 滿心 滿意 全都是你 Like I never get enough 他們說我太過貪心 沒盡頭的廢礦 火把已經所剩無幾 像傳遞接力棒 /tp 我的ID imxun小寫後面.730 踏破鐵鞋找不到 Tell me where you are 轉了幾個彎 Baby 你在～哪😭 我們之間 隔了幾層牆 距離你太遠的話 But I will never give it up ，，， 我挖到diamond 一顆後面接著還有一顆 So I’ll never give it up 
Don't call me anymore 404 not found 告訴我座標地下幾層underground 裝聽不見那怪物聲響 獨自逞強著 踏破鐵鞋找不到 Tell me where you are 轉了幾個彎 Baby 你在哪 我們之間隔了幾層牆 距離你太遠的話 But I will never give it up 我挖到diamond 一顆後面接著還有一顆 So I’ll never give it up 你知道我從始至終的專一 真金白銀從不放在眼裡 為了找到你我滿眼 滿心 滿意 全都是你 Like I never get enough 他們說我太過貪心 沒盡頭的廢礦 火把已經所剩無幾 像傳遞接力棒 /tp 我的ID imxun小寫後面.730 踏破鐵鞋找不到 Tell me where you are 轉了幾個彎 Baby 你在～哪😭 我們之間 隔了幾層牆 距離你太遠的話 But I will never give it up ，，， 我挖到diamond 一顆後面接著還有一顆 So I’ll never give it up
留言（ 2 ） 最相關留言 所有留言
留言（ 2 ）",2026-07-24,,True,False,
2026-08-06 11:30:09,50,,,6,545,4,https://streetvoice.com/ChiuShu/songs/869630/,https://streetvoice.com/ChiuShu/,"https://akstatic.streetvoice.com/song_covers/Ch/iu/ChiuShu/kFyQvUDnAPFcFAHrFkMYug.jpeg?x-oss-process=image/resize,m_fixed,h_1,w_1,limit_0/resize,m_fixed,h_630,w_1200,limit_0/watermark,image_c29uZ19jb3ZlcnMvQ2gvaXUvQ2hpdVNodS9rRnlRdlVEbkFQRmNGQUhyRmtNWXVnLmpwZWc_eC1vc3MtcHJvY2Vzcz1pbWFnZS9yZXNpemUsbV9maXhlZCxoXzM0NCx3XzM0NCxsaW1pdF8w,g_nw,x_428,y_143/watermark,image_YXNzZXQvaW1hZ2VzL21ldGFpbWFnZS1zb25nLnBuZw,g_nw,x_0,y_0",@ChiuShu,音樂人,台北市,2007-09-01,2022-04-28 16:56,13,336,7,https://www.facebook.com/LiShuChiu,https://www.instagram.com/lishuchiu,https://youtube.com/user/asueasus,Singer / Songwriter,正來尞Zang Loiˇ Liau,https://streetvoice.com/ChiuShu/songs/album/97325700/,,"約莫是在今年四月回家時 才意識到我的阿婆的失智情況 變得比前一年顯著🌊 那週正好是我能陪伴阿婆最多時間的一週 阿婆常常打瞌睡、沒有甚麼精神力、不太常說話 回到臺北跟專輯的共同製作人藍藍討論過 那些片刻真的有被衝擊到 「吃好、睡好，健康就好」「上次表演很好看」⋯⋯ 很多簡單的對話，阿婆現在不會主動對我說了 發現過往習以為常的家庭料理/客家美食 現在也都轉而讓外籍看護阿姨代為料理 已經吃不到阿婆煮的飯菜後 才發覺自己離客家的食物好像變遠了 才驚覺原來阿婆失智對我的影響有多深 我眼淚跟著落下。 製作人藍藍聽完安慰我： 「但是阿婆現在還是很健康呀！他90幾歲還能自己走、自己吃飯、自己廁所，你們都能幫她記得她忘記的事⋯⋯ #阿婆她唯一的困擾只有假牙會掉下來而已。」 我大笑！！！！ 「哪久轉來呀？feat.葉美妹」 這首歌是在敘述我的阿婆失智以後的情況 大部分人對於母語歌有關阿公阿婆、家人的敘述 可能偏向抒情、柔軟的狀態去唱歌 但我想要保有我們邱家人的朝氣！ 歌詞裡沒有提及失智，但是每句話在不同段落有不一樣的溫度與陪伴，那些都是阿婆曾經對我說的話。 （三妹初次裸聽這首歌demo聽到一半閃去外頭哭。因為我唱了好多，已不復存在的阿婆日常問候😭） 中後段有一part快閃的眾人自我介紹（我是誰誰誰） 是某次在搜尋如何陪伴失智者的資料時發現，照顧者要盡量不去問失智者認不認得出我們是誰，那會帶給他壓力：所以，我都會先跟阿婆說我是阿莉舒💪 阿婆是非常喜歡唱歌的老人家，精神好時會搭著我父母的順風車來看我在各地的演出，也會給我演後回饋；在今年參與錄音的階段，她其實已經不記得陪我工作過了，但希望換一種方式讓大家與我一起記得☺️ 錄音時是96歲的葉美妹 前陣子阿婆剛過97生日💖 邀請大家去聽聽歌、看看歌詞，感受這首歌帶來的能量。💪 
約莫是在今年四月回家時 才意識到我的阿婆的失智情況 變得比前一年顯著🌊
那週正好是我能陪伴阿婆最多時間的一週 阿婆常常打瞌睡、沒有甚麼精神力、不太常說話 回到臺北跟專輯的共同製作人藍藍討論過 那些片刻真的有被衝擊到 「吃好、睡好，健康就好」「上次表演很好看」⋯⋯ 很多簡單的對話，阿婆現在不會主動對我說了 發現過往習以為常的家庭料理/客家美食 現在也都轉而讓外籍看護阿姨代為料理 已經吃不到阿婆煮的飯菜後 才發覺自己離客家的食物好像變遠了 才驚覺原來阿婆失智對我的影響有多深
我眼淚跟著落下。
製作人藍藍聽完安慰我： 「但是阿婆現在還是很健康呀！他90幾歲還能自己走、自己吃飯、自己廁所，你們都能幫她記得她忘記的事⋯⋯ #阿婆她唯一的困擾只有假牙會掉下來而已。」
我大笑！！！！
「哪久轉來呀？feat.葉美妹」 這首歌是在敘述我的阿婆失智以後的情況 大部分人對於母語歌有關阿公阿婆、家人的敘述 可能偏向抒情、柔軟的狀態去唱歌 但我想要保有我們邱家人的朝氣！ 歌詞裡沒有提及失智，但是每句話在不同段落有不一樣的溫度與陪伴，那些都是阿婆曾經對我說的話。 （三妹初次裸聽這首歌demo聽到一半閃去外頭哭。因為我唱了好多，已不復存在的阿婆日常問候😭）
中後段有一part快閃的眾人自我介紹（我是誰誰誰） 是某次在搜尋如何陪伴失智者的資料時發現，照顧者要盡量不去問失智者認不認得出我們是誰，那會帶給他壓力：所以，我都會先跟阿婆說我是阿莉舒💪
阿婆是非常喜歡唱歌的老人家，精神好時會搭著我父母的順風車來看我在各地的演出，也會給我演後回饋；在今年參與錄音的階段，她其實已經不記得陪我工作過了，但希望換一種方式讓大家與我一起記得☺️
錄音時是96歲的葉美妹 前陣子阿婆剛過97生日💖 邀請大家去聽聽歌、看看歌詞，感受這首歌帶來的能量。💪","【華／英語歌詞翻譯】 那些想要跟我說的話 Those words she wants to tell me 他會用客語跟我說 She tells me in Hakka 你很可愛 You are cute 你頭髮很漂亮 Your hair is pretty 鑰匙有帶到嗎 Got the keys? 上次唱歌很好聽 You sing beautiful last time 多吃一點 怎麼又瘦了 Have some more! You lose weight again. 多帶一點水果回去 Bring more fruit back 下次什麼時候回來啊？ When will you be back next time * 可以 可以 Can do can do 吃好 睡好   健康就好 Eat well, sleep well, and be healthy 不要太累 Don’t be burnt out 別玩手機太久啊 Don’t play with your phone for too long 讓眼睛休息一下 可以嗎 Let your eyes rest, okay? 你總是坐在門口曬太陽 You always bathe under the sun by the door 你開始會把我認成別人 You started to not recognize me 還是會問我有 吃飽嗎？ But you still ask: Have you eaten? 我會試著用客語跟你聊 I tried to chat with you in Hakka 要去看山嗎 Want to see the mountains? 要去看海嗎 Want to see the sea? 每次妳會跟著坐車 Every time you ride with us to the train 送我去火車站 Send me on my way away 「 Hoi～～～阿婆！」 “Hoi~~ A-po (granny in Hakka).” 「 什麼 」 “ What?” 「 又打瞌睡啦！」 “ You fall asleep again la!” 「 沒有啊 」 “ I didn’t.” 「 阿婆～」 “ A-po ~” 「 什麼 」 “ What? ” 「 我要上台北囉 」 “I am leaving for Taipei.” 「 有空再回來聊喔 」 “Come back when you have time.” *可以 可以 Can do can do 吃好 睡好   健康就好 Eat well, sleep well, and be healthy 不要太累 Don’t be burnt out 別看手機太久啊 Don’t play with your phone for too long 讓眼睛休息一下 可以嗎* Let your eyes rest, okay? 下次回來 Next time I am back 再找你聊 可以嗎 I will come chat with you, okay? 別不記得我唷 Don’t forget me （我是——） I am ….. 可以 可以 Can do can do 吃好 睡好   健康就好 Eat well, sleep well, and be healthy 不要太累 Don’t be burnt out 別玩手機太久啊 Don’t play with your phone for too long 讓眼睛休息一下 Let your eyes rest 可以 可以 Can do can do 吃好 睡好   健康就好 Eat well, sleep well, and be healthy 不要太累 Don’t be burnt out 別玩手機太久啊 Don’t play with your phone for too long 讓眼睛休息一下 可以嗎 Let your eyes rest, okay 
【華／英語歌詞翻譯】 那些想要跟我說的話 Those words she wants to tell me 他會用客語跟我說 She tells me in Hakka 你很可愛 You are cute 你頭髮很漂亮 Your hair is pretty 鑰匙有帶到嗎 Got the keys?
上次唱歌很好聽 You sing beautiful last time 多吃一點 怎麼又瘦了 Have some more! You lose weight again. 多帶一點水果回去 Bring more fruit back 下次什麼時候回來啊？ When will you be back next time
* 可以 可以 Can do can do 吃好 睡好   健康就好 Eat well, sleep well, and be healthy 不要太累 Don’t be burnt out 別玩手機太久啊 Don’t play with your phone for too long 讓眼睛休息一下 可以嗎 Let your eyes rest, okay?
你總是坐在門口曬太陽 You always bathe under the sun by the door 你開始會把我認成別人 You started to not recognize me 還是會問我有 吃飽嗎？ But you still ask: Have you eaten?
我會試著用客語跟你聊 I tried to chat with you in Hakka 要去看山嗎 Want to see the mountains? 要去看海嗎 Want to see the sea? 每次妳會跟著坐車 Every time you ride with us to the train 送我去火車站 Send me on my way away
「 Hoi～～～阿婆！」 “Hoi~~ A-po (granny in Hakka).” 「 什麼 」 “ What?” 「 又打瞌睡啦！」 “ You fall asleep again la!” 「 沒有啊 」 “ I didn’t.” 「 阿婆～」 “ A-po ~” 「 什麼 」 “ What? ” 「 我要上台北囉 」 “I am leaving for Taipei.” 「 有空再回來聊喔 」 “Come back when you have time.”
*可以 可以 Can do can do 吃好 睡好   健康就好 Eat well, sleep well, and be healthy 不要太累 Don’t be burnt out 別看手機太久啊 Don’t play with your phone for too long 讓眼睛休息一下 可以嗎* Let your eyes rest, okay?
下次回來 Next time I am back 再找你聊 可以嗎 I will come chat with you, okay? 別不記得我唷 Don’t forget me （我是——） I am …..
可以 可以 Can do can do 吃好 睡好   健康就好 Eat well, sleep well, and be healthy 不要太累 Don’t be burnt out 別玩手機太久啊 Don’t play with your phone for too long 讓眼睛休息一下 Let your eyes rest
可以 可以 Can do can do 吃好 睡好   健康就好 Eat well, sleep well, and be healthy 不要太累 Don’t be burnt out 別玩手機太久啊 Don’t play with your phone for too long 讓眼睛休息一下 可以嗎 Let your eyes rest, okay
留言（ 4 ） 最相關留言 所有留言
留言（ 4 ）",2026-07-15,,True,True,
