snapshot_time,chart_timeframe,chart_genre,chart_year,chart_week,rank,artist_name,song_title,likes_count,play_count,comments_count,song_url,artist_url,cover_image_url,cover_image_local_path,artist_handle,artist_identity,artist_city,artist_joined_date,artist_accredited_datetime,artist_music_count,artist_fans_count,artist_following_count,artist_facebook_url,artist_instagram_url,artist_youtube_url,related_news,big_thing_appearances,genre,album_title,album_url,collaborators,description,lyrics,release_date,song_accredited_datetime,honors,is_editor_recommended,is_song_of_the_day,critic_review_url
2026-10-06 02:42:48,realtime,ai_generated,,,1,cmc168,那年風箏飛過海  |   原來有些人不會回來,2,16,7,https://streetvoice.com/cmc168/songs/882527/,https://streetvoice.com/cmc168/,"https://akstatic.streetvoice.com/song_covers/cm/c1/cmc168/nJKYWUERDqSSQirg4vcWzk.jpeg?x-oss-process=image/resize,m_fill,h_400,w_400,limit_0",images/882527.jpeg,@cmc168,音樂人,新北市,2026-04-01,2026-10-01 09:46,35,14,30,,,https://www.youtube.com/channel/UCDwmdXQy8SwQUsz5u7EZkuQ,,,Pop,,,,"新北石門風箏節9月已舉辦過了，再來要等明年了。 好不容易才生成出來的嗲聲，顯然並不討好。 
新北石門風箏節9月已舉辦過了，再來要等明年了。
好不容易才生成出來的嗲聲，顯然並不討好。","【主歌一】 那年夏天靠著海 午後的風吹進窗台 你用竹枝，我來剪紙 畫一朵雲朵在風箏外 我們跑過長長堤岸 浪花追著赤腳的海灘 你說有天要去遠方 我低著頭假裝沒聽完 【副歌】 那年風箏飛過海 越過夕陽 越過雲彩 你拉著線 我跟著來 以為青春永遠都在 那年風箏飛過海 一陣風把長線吹開 我伸出手卻慢了一拍 看它帶著約定離開 【主歌二】 開學以前你就離開 清晨的車停在站牌 你把地址寫在紙袋 說到了那邊記得寄信來 第一封信等了幾晚 第二封信隔了一個秋寒 後來信箱漸漸空白 我們也學會不再等待 【副歌二】 那年風箏飛過海 原來有些人不會回來 多年以後我走上堤岸 潮聲還和那一年一樣 那年風箏飛過海 天空依然藍得坦白 我終於懂那一次鬆開 不是誰真的想要離開 【尾聲】 夕陽又落進那片海 遠處風箏慢慢飄來 我站在我們跑過的堤岸 笑著想起那個男孩 如果青春還能重來 我會把那句喜歡說出來 不讓它跟著風箏飛過海 好多年都沒有回來 
【主歌一】 那年夏天靠著海 午後的風吹進窗台 你用竹枝，我來剪紙 畫一朵雲朵在風箏外
我們跑過長長堤岸 浪花追著赤腳的海灘 你說有天要去遠方 我低著頭假裝沒聽完
【副歌】 那年風箏飛過海 越過夕陽 越過雲彩 你拉著線 我跟著來 以為青春永遠都在
那年風箏飛過海 一陣風把長線吹開 我伸出手卻慢了一拍 看它帶著約定離開
【主歌二】 開學以前你就離開 清晨的車停在站牌 你把地址寫在紙袋 說到了那邊記得寄信來
第一封信等了幾晚 第二封信隔了一個秋寒 後來信箱漸漸空白 我們也學會不再等待
【副歌二】 那年風箏飛過海 原來有些人不會回來 多年以後我走上堤岸 潮聲還和那一年一樣
那年風箏飛過海 天空依然藍得坦白 我終於懂那一次鬆開 不是誰真的想要離開
【尾聲】 夕陽又落進那片海 遠處風箏慢慢飄來 我站在我們跑過的堤岸 笑著想起那個男孩
如果青春還能重來 我會把那句喜歡說出來 不讓它跟著風箏飛過海 好多年都沒有回來
留言（ 7 ） 最相關留言 所有留言
留言（ 7 ）",2026-10-05,,AI 生成 Pop,False,False,
2026-10-06 02:42:48,realtime,ai_generated,,,2,Junna Lin,《小紅帽》,4,18,18,https://streetvoice.com/Junna_Lin/songs/882364/,https://streetvoice.com/Junna_Lin/,"https://akstatic.streetvoice.com/song_covers/Ju/nn/Junna_Lin/GijdfohmqMsWro3WBnsRSm.jpeg?x-oss-process=image/resize,m_fill,h_400,w_400,limit_0",images/882364.jpeg,@Junna_Lin,音樂人,,,2026-08-18 10:03,28,19,28,,,https://www.youtube.com/@JunnaLinMusic,,,Hip hop / Rap,《傳說童話故事》｜原創專輯,https://streetvoice.com/Junna_Lin/songs/album/97326178/,,"《小紅帽》是一首以經典童話為靈感重新改寫的作品。 紅色斗篷、幽暗森林、月光與腳步聲，看似熟悉的故事場景，這一次卻不只是關於大野狼。 歌曲把「森林」變成一個充滿未知與誘惑的世界，把那些看似友善的微笑、甜言蜜語，以及躲在黑暗中的危險，藏進每一步前進的路上。 從一開始記住媽媽的叮嚀，到最後學會自己判斷方向，《小紅帽》講的不只是害怕，而是一個人慢慢學會保護自己、相信自己的過程。 「記住自己的名字，別被誰帶往遠方。」 當黑夜越來越深，真正重要的不是誰來帶你離開森林，而是你還記不記得自己要去哪裡。 就算有人在身後呼喊， 就算森林裡還有人笑， 這一次—— 我沒有回頭。 👍 留下你的感覺或故事，我會看！ 👍 喜歡請按讚分享支持 【社群連結】 🎧 聽我的音樂： Spotify ▶ https://open.spotify.com/artist/1OFRgx5K1gftd7jvLV1EsS YouTube Music ▶ https://music.youtube.com/channel/UCnpKLh9e73Mb7N2NPDnMzrQ ▶️ 訂閱我的頻道： YouTube ▶ https://www.youtube.com/@JunnaLinMusic YouTube ▶ https://www.youtube.com/@SeoNarinMusic 📌 版權聲明 / Copyright Notice 本作品之歌詞、歌曲概念、旋律方向與影像設計由 Junna Lin 原創製作。 音樂成品使用 AI 音樂工具生成，並由本人整理與發布。 Lyrics, concept, melody direction, and visual design are originally created by Junna Lin. The final music was generated using AI music tools and published by Junna Lin. 請勿未經授權使用、重製或重新上傳。 Unauthorized use, reproduction, or re-upload is prohibited. © Junna Lin. All Rights Reserved. 🎤 演唱:AI ✍️ 詞:Junna Lin 🎼 曲:Junna Lin 🎧 建議在深夜或戴上耳機聆聽，感受每一層情緒 
《小紅帽》是一首以經典童話為靈感重新改寫的作品。
紅色斗篷、幽暗森林、月光與腳步聲，看似熟悉的故事場景，這一次卻不只是關於大野狼。
歌曲把「森林」變成一個充滿未知與誘惑的世界，把那些看似友善的微笑、甜言蜜語，以及躲在黑暗中的危險，藏進每一步前進的路上。
從一開始記住媽媽的叮嚀，到最後學會自己判斷方向，《小紅帽》講的不只是害怕，而是一個人慢慢學會保護自己、相信自己的過程。
「記住自己的名字，別被誰帶往遠方。」
當黑夜越來越深，真正重要的不是誰來帶你離開森林，而是你還記不記得自己要去哪裡。
就算有人在身後呼喊， 就算森林裡還有人笑， 這一次——
我沒有回頭。
👍 留下你的感覺或故事，我會看！ 👍 喜歡請按讚分享支持
【社群連結】 🎧 聽我的音樂： Spotify ▶ https://open.spotify.com/artist/1OFRgx5K1gftd7jvLV1EsS YouTube Music ▶ https://music.youtube.com/channel/UCnpKLh9e73Mb7N2NPDnMzrQ
https://open.spotify.com/artist/1OFRgx5K1gftd7jvLV1EsS
https://music.youtube.com/channel/UCnpKLh9e73Mb7N2NPDnMzrQ
▶️ 訂閱我的頻道： YouTube ▶ https://www.youtube.com/@JunnaLinMusic YouTube ▶ https://www.youtube.com/@SeoNarinMusic
https://www.youtube.com/@JunnaLinMusic
https://www.youtube.com/@SeoNarinMusic
📌 版權聲明 / Copyright Notice
本作品之歌詞、歌曲概念、旋律方向與影像設計由 Junna Lin 原創製作。 音樂成品使用 AI 音樂工具生成，並由本人整理與發布。
Lyrics, concept, melody direction, and visual design are originally created by Junna Lin. The final music was generated using AI music tools and published by Junna Lin.
請勿未經授權使用、重製或重新上傳。 Unauthorized use, reproduction, or re-upload is prohibited.
© Junna Lin. All Rights Reserved.
🎤 演唱:AI ✍️ 詞:Junna Lin 🎼 曲:Junna Lin
🎧 建議在深夜或戴上耳機聆聽，感受每一層情緒","動態歌詞
小紅帽 小紅帽 穿過森林往前跑 風吹過 樹影搖 有人躲在黑暗裡笑 媽媽說別離開小道 天黑以前記得回家 籃子裡麵包還溫熱 紅色斗篷跟著風飄 一步兩步踩著節拍 森林裡沒有人明白 花香太甜 路太安靜 誰的腳步跟在身外 我聽見風 在耳邊說 別回頭 別停留 前面的路 越來越暗 可是我還 往前走 小紅帽 小紅帽 月光落在你的外套 別相信誰的微笑 森林裡每句話都有記號 小紅帽 小紅帽 心跳跟著夜色變快 如果有人叫你停下來 記得別回頭 just keep your pace 外婆家的門沒有關 屋裡只有一盞燈在閃 窗簾後面影子很長 空氣安靜得有點不安 外婆外婆你的眼睛 為什麼今晚這麼亮 外婆外婆你的聲音 怎麼聽起來不像平常 Red hood on, walking through the midnight 左邊是風 右邊是 moonlight 有人說慢一點 有人說別害怕 可是危險從來不會自己說真話 一步一步 我自己選方向 甜言蜜語不代表沒有重量 森林太深 誰都可能迷航 記住自己的名字 別被誰帶往遠方 I know, I know 路再黑也要 keep control 不需要誰替我決定 哪一條才是出口 我聽見鐘 滴答地響 門背後 有人在望 紅色的帽 遮住月光 這一次我 不再慌張 小紅帽 小紅帽 月光落在你的外套 別相信誰的微笑 森林裡每句話都有記號 小紅帽 小紅帽 心跳跟著夜色變快 如果有人叫你停下來 記得別回頭 just keep your pace 滴答 滴答 鐘聲落在黑夜裡 沙沙 沙沙 樹葉替我藏秘密 媽媽說過的那句話 現在我終於聽得清 不是森林讓人害怕 是你不知道誰在靠近 小紅帽 小紅帽 月光照亮回家的道 再危險也別亂了腳 自己的方向自己要知道 小紅帽 小紅帽 風吹過紅色的外套 森林再深 夜再長 天亮以前我會找到 小紅帽 小紅帽 腳步聲慢慢變小 森林裡又有人笑 可是這次 我沒有回頭 
小紅帽 小紅帽 穿過森林往前跑 風吹過 樹影搖 有人躲在黑暗裡笑 媽媽說別離開小道 天黑以前記得回家 籃子裡麵包還溫熱 紅色斗篷跟著風飄 一步兩步踩著節拍 森林裡沒有人明白 花香太甜 路太安靜 誰的腳步跟在身外 我聽見風 在耳邊說 別回頭 別停留 前面的路 越來越暗 可是我還 往前走 小紅帽 小紅帽 月光落在你的外套 別相信誰的微笑 森林裡每句話都有記號 小紅帽 小紅帽 心跳跟著夜色變快 如果有人叫你停下來 記得別回頭 just keep your pace 外婆家的門沒有關 屋裡只有一盞燈在閃 窗簾後面影子很長 空氣安靜得有點不安 外婆外婆你的眼睛 為什麼今晚這麼亮 外婆外婆你的聲音 怎麼聽起來不像平常 Red hood on, walking through the midnight 左邊是風 右邊是 moonlight 有人說慢一點 有人說別害怕 可是危險從來不會自己說真話 一步一步 我自己選方向 甜言蜜語不代表沒有重量 森林太深 誰都可能迷航 記住自己的名字 別被誰帶往遠方 I know, I know 路再黑也要 keep control 不需要誰替我決定 哪一條才是出口 我聽見鐘 滴答地響 門背後 有人在望 紅色的帽 遮住月光 這一次我 不再慌張 小紅帽 小紅帽 月光落在你的外套 別相信誰的微笑 森林裡每句話都有記號 小紅帽 小紅帽 心跳跟著夜色變快 如果有人叫你停下來 記得別回頭 just keep your pace 滴答 滴答 鐘聲落在黑夜裡 沙沙 沙沙 樹葉替我藏秘密 媽媽說過的那句話 現在我終於聽得清 不是森林讓人害怕 是你不知道誰在靠近 小紅帽 小紅帽 月光照亮回家的道 再危險也別亂了腳 自己的方向自己要知道 小紅帽 小紅帽 風吹過紅色的外套 森林再深 夜再長 天亮以前我會找到 小紅帽 小紅帽 腳步聲慢慢變小 森林裡又有人笑 可是這次 我沒有回頭
留言（ 18 ） 最相關留言 所有留言
留言（ 18 ）",2026-10-04,,AI 生成 Hip hop / Rap ・ 《傳說童話故事》｜原創專輯,False,False,
2026-10-06 02:42:48,realtime,ai_generated,,,3,MoonX 慕斯,黑糖剉冰 |  Brown Sugar Shaved Ice,3,6,5,https://streetvoice.com/MoonX_0325/songs/882545/,https://streetvoice.com/MoonX_0325/,"https://akstatic.streetvoice.com/song_covers/Mo/on/MoonX_0325/ayiKHNXmAJtCo35bbCNdam.jpeg?x-oss-process=image/resize,m_fill,h_400,w_400,limit_0",images/882545.jpeg,@MoonX_0325,音樂人,高雄市,2026-07-01,,29,41,147,,,https://www.youtube.com/user/StreetVoiceTV,,,Hip hop / Rap,《夜市美食》 Rap / 電音 / 洗腦神曲,https://streetvoice.com/MoonX_0325/songs/album/97325875/,,"炎炎夏日，午後三點半的太陽曬得人昏昏欲睡。穿上腳拖、走進熟悉的巷弄老店，來一碗堆得像小雪山的黑糖剉冰，就是生活中最簡單也最幸福的解藥。 本曲結合輕快俐落的嘻哈饒舌與流行旋律，以極具畫面感的歌詞描繪出充滿煙火氣的台灣古早味冰品記憶。Q彈芋圓、濃郁黑糖與清涼剉冰在舌尖融化，帶走所有煩躁與暑氣！ 作品由 AI 輔助音樂創作，並結合客製化 AI 語音克隆（Voice Clone）技術完成演唱，呈現科技與生活感完美融合的音樂體驗。 
炎炎夏日，午後三點半的太陽曬得人昏昏欲睡。穿上腳拖、走進熟悉的巷弄老店，來一碗堆得像小雪山的黑糖剉冰，就是生活中最簡單也最幸福的解藥。
本曲結合輕快俐落的嘻哈饒舌與流行旋律，以極具畫面感的歌詞描繪出充滿煙火氣的台灣古早味冰品記憶。Q彈芋圓、濃郁黑糖與清涼剉冰在舌尖融化，帶走所有煩躁與暑氣！
作品由 AI 輔助音樂創作，並結合客製化 AI 語音克隆（Voice Clone）技術完成演唱，呈現科技與生活感完美融合的音樂體驗。","動態歌詞
柏油路冒著熱氣 像是大型烤箱 午後三點半的太陽 曬得人失魂落魄樣 踩著夾腳拖鞋 穿過熟悉的長巷 老店門口那張紅圓桌 早就坐滿了街坊 玻璃櫥窗裡面 擺著幾十種料 老闆娘手起刀落 忙得不亦樂乎笑 粉粿、芋圓、仙草 還有熬得綿密的紅豆 到底要選哪四樣 讓人幸福得太苦惱 刨刨刨 堆成一座銀白的小雪山 濃郁的熬煮黑糖 像瀑布一樣淋上頂端 咬一口Q彈芋圓 搭配軟綿的芋頭塊 這冰爽的滋味 瞬間透心涼 古早味黑糖香 甜而不膩的獨門配方 從阿公時代傳承下來 撫平幾代人的心慌 碎冰在舌尖上融化 帶走所有的暑氣與煩躁 這小小的花瓷碗 裝滿了最簡單的靠賞 刨刨刨 堆成一座銀白的小雪山 濃郁的熬煮黑糖 像瀑布一樣淋上頂端 咬一口Q彈芋圓 搭配軟綿的芋頭塊 這冰爽的滋味 瞬間透心涼 長大後的日子 總有許多的不如意 還好這條巷子裡 永遠有消暑的秘密 一口甜 一口涼 找回童年的純真與歡喜…… 刨刨刨....刨刨刨....刨刨刨~~~ 刨刨刨 堆成一座銀白的小雪山 濃郁的熬煮黑糖 像瀑布一樣淋上頂端 咬一口Q彈芋圓 搭配軟綿的芋頭塊 這冰爽的滋味 瞬間透心涼 老闆～黑糖幫我多加一點 吃完這碗黑糖剉冰 又是美好的一天 
柏油路冒著熱氣 像是大型烤箱 午後三點半的太陽 曬得人失魂落魄樣 踩著夾腳拖鞋 穿過熟悉的長巷 老店門口那張紅圓桌 早就坐滿了街坊 玻璃櫥窗裡面 擺著幾十種料 老闆娘手起刀落 忙得不亦樂乎笑 粉粿、芋圓、仙草 還有熬得綿密的紅豆 到底要選哪四樣 讓人幸福得太苦惱 刨刨刨 堆成一座銀白的小雪山 濃郁的熬煮黑糖 像瀑布一樣淋上頂端 咬一口Q彈芋圓 搭配軟綿的芋頭塊 這冰爽的滋味 瞬間透心涼 古早味黑糖香 甜而不膩的獨門配方 從阿公時代傳承下來 撫平幾代人的心慌 碎冰在舌尖上融化 帶走所有的暑氣與煩躁 這小小的花瓷碗 裝滿了最簡單的靠賞 刨刨刨 堆成一座銀白的小雪山 濃郁的熬煮黑糖 像瀑布一樣淋上頂端 咬一口Q彈芋圓 搭配軟綿的芋頭塊 這冰爽的滋味 瞬間透心涼 長大後的日子 總有許多的不如意 還好這條巷子裡 永遠有消暑的秘密 一口甜 一口涼 找回童年的純真與歡喜…… 刨刨刨....刨刨刨....刨刨刨~~~ 刨刨刨 堆成一座銀白的小雪山 濃郁的熬煮黑糖 像瀑布一樣淋上頂端 咬一口Q彈芋圓 搭配軟綿的芋頭塊 這冰爽的滋味 瞬間透心涼 老闆～黑糖幫我多加一點 吃完這碗黑糖剉冰 又是美好的一天
留言（ 5 ） 最相關留言 所有留言
留言（ 5 ）",2026-10-05,,AI 生成 Hip hop / Rap ・ 《夜市美食》 Rap / 電音 / 洗腦神曲,False,False,
2026-10-06 02:42:48,realtime,ai_generated,,,4,Junna Lin,〈妹妹背著洋娃娃〉,9,34,5,https://streetvoice.com/Junna_Lin/songs/882514/,https://streetvoice.com/Junna_Lin/,"https://akstatic.streetvoice.com/song_covers/Ju/nn/Junna_Lin/YCxpowjkwjhNk9xf5X4Cjh.jpeg?x-oss-process=image/resize,m_fill,h_400,w_400,limit_0",images/882514.jpeg,@Junna_Lin,音樂人,,,2026-08-18 10:03,28,19,28,,,https://www.youtube.com/@JunnaLinMusic,,,Hip hop / Rap,《傳說童話故事》｜原創專輯,https://streetvoice.com/Junna_Lin/songs/album/97326178/,,"〈妹妹背著洋娃娃〉以熟悉的童謠意象為起點，重新描寫一個女孩從童年走向成長的過程。 花園、洋娃娃、小鳥與月光，看似天真單純，卻隨著故事推進，慢慢多了一層孤獨與告別。她曾經相信大人的話、害怕一個人，也曾經需要有人牽著她回家；但當世界開始教她什麼是失去、什麼是長大，她選擇跨出別人畫好的界線，開始替自己決定方向。 洋娃娃不只是玩具，更像是她一直背在身上的童年。即使向前走、即使離開熟悉的地方，那段過去依然陪著她。 從「娃娃哭了叫媽媽」，到最後「娃娃不再叫媽媽」，故事寫的不只是長大，而是一個女孩終於學會面對自己的選擇。 花還開在原來的地方， 只是曾經站在花園裡的小女孩， 已經能夠自己往前走。 一首披著童謠外衣的成長故事， 寫給每一個曾經害怕長大，最後還是學會獨自前進的人。 👍 留下你的感覺或故事，我會看！ 👍 喜歡請按讚分享支持 【社群連結】 🎧 聽我的音樂： Spotify ▶ https://open.spotify.com/artist/1OFRgx5K1gftd7jvLV1EsS YouTube Music ▶ https://music.youtube.com/channel/UCnpKLh9e73Mb7N2NPDnMzrQ ▶️ 訂閱我的頻道： YouTube ▶ https://www.youtube.com/@JunnaLinMusic YouTube ▶ https://www.youtube.com/@SeoNarinMusic 📌 版權聲明 / Copyright Notice 本作品之歌詞、歌曲概念、旋律方向與影像設計由 Junna Lin 原創製作。 音樂成品使用 AI 音樂工具生成，並由本人整理與發布。 Lyrics, concept, melody direction, and visual design are originally created by Junna Lin. The final music was generated using AI music tools and published by Junna Lin. 請勿未經授權使用、重製或重新上傳。 Unauthorized use, reproduction, or re-upload is prohibited. © Junna Lin. All Rights Reserved. 🎤 演唱:AI ✍️ 詞:Junna Lin 🎼原曲:丁明明 🎼 改編曲:Junna Lin 🎧 建議在深夜或戴上耳機聆聽，感受每一層情緒 
〈妹妹背著洋娃娃〉以熟悉的童謠意象為起點，重新描寫一個女孩從童年走向成長的過程。
花園、洋娃娃、小鳥與月光，看似天真單純，卻隨著故事推進，慢慢多了一層孤獨與告別。她曾經相信大人的話、害怕一個人，也曾經需要有人牽著她回家；但當世界開始教她什麼是失去、什麼是長大，她選擇跨出別人畫好的界線，開始替自己決定方向。
洋娃娃不只是玩具，更像是她一直背在身上的童年。即使向前走、即使離開熟悉的地方，那段過去依然陪著她。
從「娃娃哭了叫媽媽」，到最後「娃娃不再叫媽媽」，故事寫的不只是長大，而是一個女孩終於學會面對自己的選擇。
花還開在原來的地方， 只是曾經站在花園裡的小女孩， 已經能夠自己往前走。
一首披著童謠外衣的成長故事， 寫給每一個曾經害怕長大，最後還是學會獨自前進的人。
👍 留下你的感覺或故事，我會看！ 👍 喜歡請按讚分享支持
【社群連結】 🎧 聽我的音樂： Spotify ▶ https://open.spotify.com/artist/1OFRgx5K1gftd7jvLV1EsS YouTube Music ▶ https://music.youtube.com/channel/UCnpKLh9e73Mb7N2NPDnMzrQ
https://open.spotify.com/artist/1OFRgx5K1gftd7jvLV1EsS
https://music.youtube.com/channel/UCnpKLh9e73Mb7N2NPDnMzrQ
▶️ 訂閱我的頻道： YouTube ▶ https://www.youtube.com/@JunnaLinMusic YouTube ▶ https://www.youtube.com/@SeoNarinMusic
https://www.youtube.com/@JunnaLinMusic
https://www.youtube.com/@SeoNarinMusic
📌 版權聲明 / Copyright Notice
本作品之歌詞、歌曲概念、旋律方向與影像設計由 Junna Lin 原創製作。 音樂成品使用 AI 音樂工具生成，並由本人整理與發布。
Lyrics, concept, melody direction, and visual design are originally created by Junna Lin. The final music was generated using AI music tools and published by Junna Lin.
請勿未經授權使用、重製或重新上傳。 Unauthorized use, reproduction, or re-upload is prohibited.
© Junna Lin. All Rights Reserved.
🎤 演唱:AI ✍️ 詞:Junna Lin 🎼原曲:丁明明 🎼 改編曲:Junna Lin
🎧 建議在深夜或戴上耳機聆聽，感受每一層情緒","動態歌詞
妹妹背著洋娃娃 走到花園來看花 娃娃哭了叫媽媽 樹上小鳥笑哈哈 妹妹背著洋娃娃 一步一步踩著花 風吹過她的頭髮 今晚誰都別說話 天色慢慢暗下來 她還一個人徘徊 手裡抱著那個娃娃 像把昨天抱在胸懷 花園裡面沒有誰 只有腳步跟著拍 左一步 右一步 月光灑在石板外 她不懂什麼叫長大 只知道大人愛說謊話 嘴裡說著別害怕 轉過身卻各自回家 娃娃靠在她肩上 眼睛一直望著前方 她說如果沒人陪我 那我們就自己流浪 妹妹背著洋娃娃 走到花園來看花 娃娃哭了叫媽媽 樹上小鳥笑哈哈 妹妹背著洋娃娃 一步一步踩著花 風吹過她的頭髮 今晚誰都別說話 花開了 花謝了 時間從來沒停下 昨天還在問著媽媽 今天已經學會回答 別人要她乖一點 她偏偏走遠一點 世界畫好一條線 她就跨過那條邊 No crown, no prince 她不需要誰來救 No map, no rules 想去哪就自己走 娃娃還在她背後 像童年沒有放手 走過黑夜走過路口 她也沒打算回頭 如果童話會結束 那就換她自己寫 如果長大就是告別 那至少別忘了從前 妹妹背著洋娃娃 走到花園來看花 娃娃哭了叫媽媽 樹上小鳥笑哈哈 妹妹背著洋娃娃 一步一步踩著花 風吹過她的頭髮 今晚誰都別說話 妹妹背著洋娃娃 走過花園離開家 娃娃不再叫媽媽 樹上小鳥還在笑哈哈 妹妹背著洋娃娃 從黑夜走到晚霞 曾經那個小女孩啊 現在學會自己回答 妹妹背著洋娃娃 一步一步往前踏 花還開在那個地方 只是她 已經長大 
妹妹背著洋娃娃 走到花園來看花 娃娃哭了叫媽媽 樹上小鳥笑哈哈 妹妹背著洋娃娃 一步一步踩著花 風吹過她的頭髮 今晚誰都別說話 天色慢慢暗下來 她還一個人徘徊 手裡抱著那個娃娃 像把昨天抱在胸懷 花園裡面沒有誰 只有腳步跟著拍 左一步 右一步 月光灑在石板外 她不懂什麼叫長大 只知道大人愛說謊話 嘴裡說著別害怕 轉過身卻各自回家 娃娃靠在她肩上 眼睛一直望著前方 她說如果沒人陪我 那我們就自己流浪 妹妹背著洋娃娃 走到花園來看花 娃娃哭了叫媽媽 樹上小鳥笑哈哈 妹妹背著洋娃娃 一步一步踩著花 風吹過她的頭髮 今晚誰都別說話 花開了 花謝了 時間從來沒停下 昨天還在問著媽媽 今天已經學會回答 別人要她乖一點 她偏偏走遠一點 世界畫好一條線 她就跨過那條邊 No crown, no prince 她不需要誰來救 No map, no rules 想去哪就自己走 娃娃還在她背後 像童年沒有放手 走過黑夜走過路口 她也沒打算回頭 如果童話會結束 那就換她自己寫 如果長大就是告別 那至少別忘了從前 妹妹背著洋娃娃 走到花園來看花 娃娃哭了叫媽媽 樹上小鳥笑哈哈 妹妹背著洋娃娃 一步一步踩著花 風吹過她的頭髮 今晚誰都別說話 妹妹背著洋娃娃 走過花園離開家 娃娃不再叫媽媽 樹上小鳥還在笑哈哈 妹妹背著洋娃娃 從黑夜走到晚霞 曾經那個小女孩啊 現在學會自己回答 妹妹背著洋娃娃 一步一步往前踏 花還開在那個地方 只是她 已經長大
留言（ 5 ） 最相關留言 所有留言
留言（ 5 ）",2026-10-05,,AI 生成 Hip hop / Rap ・ 《傳說童話故事》｜原創專輯,False,False,
2026-10-06 02:42:48,realtime,ai_generated,,,5,🔱AL ren,兩清｜台語｜Even,8,23,6,https://streetvoice.com/arlen12345/songs/882563/,https://streetvoice.com/arlen12345/,"https://akstatic.streetvoice.com/song_covers/ar/le/arlen12345/SBWgvkTaUW3nVggQaTZBut.jpg?x-oss-process=image/resize,m_fill,h_400,w_400,limit_0",images/882563.jpg,@arlen12345,音樂人,高雄市,2024-09-01,,9,7,14,,,https://www.youtube.com/user/StreetVoiceTV,,,Pop,,,,"🔱ALren 台語情歌誌 👉 https://www.youtube.com/@ALren 【歌曲故事】 是我先走近她，卻在彼此習慣之後，發現有些距離，靠得再近也沒有縮短。 那晚，她仍靠著我的肩，我卻沒有伸手。最後，我把一直沒說的話說完，沒有再借她的等待，留住自己。 門關上以前，我說了再會。那一次，沒有下一次。 詞曲：🔱AL ren 演唱：suno_ALren voice 【版權宣告】 © 2026 🔱AL ren 本作品為原創歌曲，保留所有權利。 未經授權，請勿重製、改作或用於商業用途。 分享請註明創作者及來源。 
🔱ALren 台語情歌誌
👉 https://www.youtube.com/@ALren
https://www.youtube.com/@ALren
【歌曲故事】
是我先走近她，卻在彼此習慣之後，發現有些距離，靠得再近也沒有縮短。
那晚，她仍靠著我的肩，我卻沒有伸手。最後，我把一直沒說的話說完，沒有再借她的等待，留住自己。
門關上以前，我說了再會。那一次，沒有下一次。
詞曲：🔱AL ren
演唱：suno_ALren voice
【版權宣告】
© 2026 🔱AL ren
本作品為原創歌曲，保留所有權利。
未經授權，請勿重製、改作或用於商業用途。
分享請註明創作者及來源。","【雙語歌詞】 [Verse 1] 客廳遐爾大　　　　　［客廳那麼大］ 予妳住甲親像妳的房間［被妳住成了自己的房間］ 妳偎佇阮身邊　　　　［妳靠在我身邊］ 阮連手攏毋敢牽　　　［我卻連妳的手都不敢牽］ 電視講甲遐爾大聲　　［電視的聲音那麼大］ 阮一句話攏無聲　　　［我卻一句話也說不出來］ 兩个人坐做伙　　　　［兩個人坐在一起］ 煞親像無熟似　　　　［卻像彼此不認識］ 妳無問　　　　　　　［妳沒有問］ 阮嘛知影妳咧等啥物　［我也知道妳在等什麼］ 等阮講出彼句　　　　［等我說出那句］ 藏佇喙內的話　　　　［藏在嘴裡的話］ 妳的頭偎阮肩胛　　　［妳的頭靠著我的肩膀］ 阮的心煞一直閃　　　［我的心卻一直躲］ 毋是無看著妳　　　　［不是沒有看見妳］ 是阮毋敢看家己　　　［是我不敢面對自己］ [Pre-Chorus] 阮叫是無講破　　　　［我以為不說破］ 就免有人受傷　　　　［就不會有人受傷］ 煞予妳共恬恬　　　　［卻讓妳把沉默］ 當做猶有希望　　　　［當成還有希望］ 一句話吞落去　　　　［每吞回一句話］ 妳就閣等一暝　　　　［妳就又多等一夜］ 阮到底是咧疼妳　　　［我到底是在心疼妳］ 抑是驚家己孤單　　　［還是害怕自己孤單］ [Chorus] 咱欲按怎算會清　　　［我們要怎麼才能兩清］ 阮按怎會忍心　　　　［我怎麼忍得下心］ 無愛閣留妳　　　　　［不愛妳卻還留住妳］ 予妳一直等　　　　　［讓妳一直等］ 毋甘毋是愛妳　　　　［捨不得並不是愛妳］ 陪伴毋是答應　　　　［陪伴並不是承諾］ 阮煞予妳等一句　　　［我卻讓妳等一句］ 講袂出的愛妳　　　　［說不出口的愛妳］ 咱欲按怎算會清　　　［我們要怎麼才能兩清］ 欠妳的是真心　　　　［欠妳的是真心］ 毋是講歹勢　　　　　［不是說聲對不起］ 就會當還予妳　　　　［就能夠還給妳］ 毋甘毋是愛妳　　　　［捨不得並不是愛妳］ 阮這馬才承認　　　　［我現在才承認］ 妳毋免閣為阮　　　　［妳不用再為了我］ 等到天光的時　　　　［一直等到天亮］ [Verse 2] 阮知影妳想愛阮　　　［我知道妳想愛我］ 等阮先講出喙　　　　［等著我先說出口］ 阮嘛想欲愛妳　　　　［我也想試著愛妳］ 才會一直無離開　　　［所以才一直沒離開］ 叫是坐較倚　　　　　［以為坐得更靠近］ 有一工就會明白　　　［總有一天就會明白］ 煞是妳愈認真　　　　［卻是妳越認真］ 阮就愈毋敢坦白　　　［我就越不敢坦白］ 是想傷濟　　　　　　［是想得太多］ 抑是根本就無愛　　　［還是根本就不愛］ 每一擺問家己　　　　［每一次問自己］ 阮攏閣拖一擺　　　　［我都又拖延一次］ 阮講驚妳受傷　　　　［我說怕妳受傷］ 這理由講甲真好聽　　［這個理由說得真好聽］ 其實是驚講清楚　　　［其實是怕說清楚］ 妳就袂閣留佇遮　　　［妳就不會再留在這裡］ 妳無欠阮啥物　　　　［妳沒有欠我什麼］ 是阮欠妳一个交代　　［是我欠妳一個交代］ 毋通因為妳肯等　　　［不能因為妳願意等］ 阮就一直無離開　　　［我就一直不離開］ 妳欲的是愛情　　　　［妳要的是愛情］ 阮予的是阮猶閣佇　　［我給的卻只是我還在］ 予妳誤會有將來　　　［讓妳誤以為還有未來］ 予阮免面對孤單　　　［讓我不用面對孤單］ [Chorus] 咱欲按怎算會清　　　［我們要怎麼才能兩清］ 阮按怎會忍心　　　　［我怎麼忍得下心］ 無愛閣留妳　　　　　［不愛妳卻還留住妳］ 予妳一直等　　　　　［讓妳一直等］ 毋甘毋是愛妳　　　　［捨不得並不是愛妳］ 陪伴毋是答應　　　　［陪伴並不是承諾］ 阮煞予妳等一句　　　［我卻讓妳等一句］ 講袂出的愛妳　　　　［說不出口的愛妳］ 咱欲按怎算會清　　　［我們要怎麼才能兩清］ 欠妳的是真心　　　　［欠妳的是真心］ 毋是講歹勢　　　　　［不是說聲對不起］ 就會當還予妳　　　　［就能夠還給妳］ 毋甘毋是愛妳　　　　［捨不得並不是愛妳］ 阮這馬才承認　　　　［我現在才承認］ 妳毋免閣為阮　　　　［妳不用再為了我］ 等到天光的時　　　　［一直等到天亮］ [Bridge] 阮看著妳　　　　　　［我看著妳］ 手伸出去　　　　　　［伸出手］ 煞無抱妳　　　　　　［卻沒有抱妳］ 妳看著阮　　　　　　［妳看著我］ 喙開一下　　　　　　［張了張嘴］ 閣吞落去　　　　　　［又把話吞回去］ 電視猶咧播　　　　　［電視還在播］ 時間無停　　　　　　［時間沒有停］ 停佇遮的人　　　　　［停在這裡的人］ 是阮佮妳　　　　　　［是我和妳］ 阮若這馬抱妳　　　　［如果我現在抱妳］ 妳會毋會閣相信　　　［妳會不會又相信］ 所以這一擺　　　　　［所以這一次］ 阮的手收轉來　　　　［我把手收回來］ 毋是妳無夠好　　　　［不是妳不夠好］ 這句阮毋閣講　　　　［這句話我不再說］ 阮無愛妳　　　　　　［我不愛妳］ 毋通閣予妳希望　　　［不能再給妳希望］ [Final Chorus] 咱欲按怎算會清　　　［我們要怎麼才能兩清］ 阮按怎會忍心　　　　［我怎麼忍得下心］ 毋是妳無情　　　　　［不是妳無情］ 是阮無愛閣留妳　　　［是我不愛妳卻還留住妳］ 毋甘毋是愛妳　　　　［捨不得並不是愛妳］ 陪伴毋是答應　　　　［陪伴並不是承諾］ 今暗阮講予妳聽　　　［今晚我說給妳聽］ 妳毋免閣等　　　　　［妳不用再等］ 咱欲按怎算會清　　　［我們要怎麼才能兩清］ 欠妳的是真心　　　　［欠妳的是真心］ 毋是講歹勢　　　　　［不是說聲對不起］ 就會當還予妳　　　　［就能夠還給妳］ 毋甘毋是愛妳　　　　［捨不得並不是愛妳］ 阮毋閣騙家己　　　　［我不再欺騙自己］ 妳毋免閣為阮　　　　［妳不用再為了我］ 等到天光的時　　　　［一直等到天亮］ [Outro] 阮毋是欲耍妳　　　　［我不是想玩弄妳］ 毋過　　　　　　　　［可是］ 阮確實耽誤妳　　　　［我確實耽誤了妳］ 這是最後一擺　　　　［這是最後一次］ 阮坐佇妳身邊　　　　［我坐在妳身邊］ 毋通閣將毋甘　　　　［不能再把捨不得］ 講做阮愛妳　　　　　［說成我愛妳］ 門關起來進前　　　　［在關上門以前］ 阮講再會　　　　　　［我說了再會］ 無講閣再見　　　　　［沒有說還會再見］ 
【雙語歌詞】
[Verse 1]
客廳遐爾大　　　　　［客廳那麼大］ 予妳住甲親像妳的房間［被妳住成了自己的房間］ 妳偎佇阮身邊　　　　［妳靠在我身邊］ 阮連手攏毋敢牽　　　［我卻連妳的手都不敢牽］ 電視講甲遐爾大聲　　［電視的聲音那麼大］ 阮一句話攏無聲　　　［我卻一句話也說不出來］ 兩个人坐做伙　　　　［兩個人坐在一起］ 煞親像無熟似　　　　［卻像彼此不認識］ 妳無問　　　　　　　［妳沒有問］ 阮嘛知影妳咧等啥物　［我也知道妳在等什麼］ 等阮講出彼句　　　　［等我說出那句］ 藏佇喙內的話　　　　［藏在嘴裡的話］ 妳的頭偎阮肩胛　　　［妳的頭靠著我的肩膀］ 阮的心煞一直閃　　　［我的心卻一直躲］ 毋是無看著妳　　　　［不是沒有看見妳］ 是阮毋敢看家己　　　［是我不敢面對自己］
[Pre-Chorus]
阮叫是無講破　　　　［我以為不說破］ 就免有人受傷　　　　［就不會有人受傷］ 煞予妳共恬恬　　　　［卻讓妳把沉默］ 當做猶有希望　　　　［當成還有希望］ 一句話吞落去　　　　［每吞回一句話］ 妳就閣等一暝　　　　［妳就又多等一夜］ 阮到底是咧疼妳　　　［我到底是在心疼妳］ 抑是驚家己孤單　　　［還是害怕自己孤單］
[Chorus]
咱欲按怎算會清　　　［我們要怎麼才能兩清］ 阮按怎會忍心　　　　［我怎麼忍得下心］ 無愛閣留妳　　　　　［不愛妳卻還留住妳］ 予妳一直等　　　　　［讓妳一直等］ 毋甘毋是愛妳　　　　［捨不得並不是愛妳］ 陪伴毋是答應　　　　［陪伴並不是承諾］ 阮煞予妳等一句　　　［我卻讓妳等一句］ 講袂出的愛妳　　　　［說不出口的愛妳］
咱欲按怎算會清　　　［我們要怎麼才能兩清］ 欠妳的是真心　　　　［欠妳的是真心］ 毋是講歹勢　　　　　［不是說聲對不起］ 就會當還予妳　　　　［就能夠還給妳］ 毋甘毋是愛妳　　　　［捨不得並不是愛妳］ 阮這馬才承認　　　　［我現在才承認］ 妳毋免閣為阮　　　　［妳不用再為了我］ 等到天光的時　　　　［一直等到天亮］
[Verse 2]
阮知影妳想愛阮　　　［我知道妳想愛我］ 等阮先講出喙　　　　［等著我先說出口］ 阮嘛想欲愛妳　　　　［我也想試著愛妳］ 才會一直無離開　　　［所以才一直沒離開］ 叫是坐較倚　　　　　［以為坐得更靠近］ 有一工就會明白　　　［總有一天就會明白］ 煞是妳愈認真　　　　［卻是妳越認真］ 阮就愈毋敢坦白　　　［我就越不敢坦白］ 是想傷濟　　　　　　［是想得太多］ 抑是根本就無愛　　　［還是根本就不愛］ 每一擺問家己　　　　［每一次問自己］ 阮攏閣拖一擺　　　　［我都又拖延一次］ 阮講驚妳受傷　　　　［我說怕妳受傷］ 這理由講甲真好聽　　［這個理由說得真好聽］ 其實是驚講清楚　　　［其實是怕說清楚］ 妳就袂閣留佇遮　　　［妳就不會再留在這裡］ 妳無欠阮啥物　　　　［妳沒有欠我什麼］ 是阮欠妳一个交代　　［是我欠妳一個交代］ 毋通因為妳肯等　　　［不能因為妳願意等］ 阮就一直無離開　　　［我就一直不離開］ 妳欲的是愛情　　　　［妳要的是愛情］ 阮予的是阮猶閣佇　　［我給的卻只是我還在］ 予妳誤會有將來　　　［讓妳誤以為還有未來］ 予阮免面對孤單　　　［讓我不用面對孤單］
[Chorus]
咱欲按怎算會清　　　［我們要怎麼才能兩清］ 阮按怎會忍心　　　　［我怎麼忍得下心］ 無愛閣留妳　　　　　［不愛妳卻還留住妳］ 予妳一直等　　　　　［讓妳一直等］ 毋甘毋是愛妳　　　　［捨不得並不是愛妳］ 陪伴毋是答應　　　　［陪伴並不是承諾］ 阮煞予妳等一句　　　［我卻讓妳等一句］ 講袂出的愛妳　　　　［說不出口的愛妳］
咱欲按怎算會清　　　［我們要怎麼才能兩清］ 欠妳的是真心　　　　［欠妳的是真心］ 毋是講歹勢　　　　　［不是說聲對不起］ 就會當還予妳　　　　［就能夠還給妳］ 毋甘毋是愛妳　　　　［捨不得並不是愛妳］ 阮這馬才承認　　　　［我現在才承認］ 妳毋免閣為阮　　　　［妳不用再為了我］ 等到天光的時　　　　［一直等到天亮］
[Bridge]
阮看著妳　　　　　　［我看著妳］ 手伸出去　　　　　　［伸出手］ 煞無抱妳　　　　　　［卻沒有抱妳］ 妳看著阮　　　　　　［妳看著我］ 喙開一下　　　　　　［張了張嘴］ 閣吞落去　　　　　　［又把話吞回去］ 電視猶咧播　　　　　［電視還在播］ 時間無停　　　　　　［時間沒有停］ 停佇遮的人　　　　　［停在這裡的人］ 是阮佮妳　　　　　　［是我和妳］ 阮若這馬抱妳　　　　［如果我現在抱妳］ 妳會毋會閣相信　　　［妳會不會又相信］ 所以這一擺　　　　　［所以這一次］ 阮的手收轉來　　　　［我把手收回來］ 毋是妳無夠好　　　　［不是妳不夠好］ 這句阮毋閣講　　　　［這句話我不再說］ 阮無愛妳　　　　　　［我不愛妳］ 毋通閣予妳希望　　　［不能再給妳希望］
[Final Chorus]
咱欲按怎算會清　　　［我們要怎麼才能兩清］ 阮按怎會忍心　　　　［我怎麼忍得下心］ 毋是妳無情　　　　　［不是妳無情］ 是阮無愛閣留妳　　　［是我不愛妳卻還留住妳］ 毋甘毋是愛妳　　　　［捨不得並不是愛妳］ 陪伴毋是答應　　　　［陪伴並不是承諾］ 今暗阮講予妳聽　　　［今晚我說給妳聽］ 妳毋免閣等　　　　　［妳不用再等］
咱欲按怎算會清　　　［我們要怎麼才能兩清］ 欠妳的是真心　　　　［欠妳的是真心］ 毋是講歹勢　　　　　［不是說聲對不起］ 就會當還予妳　　　　［就能夠還給妳］ 毋甘毋是愛妳　　　　［捨不得並不是愛妳］ 阮毋閣騙家己　　　　［我不再欺騙自己］ 妳毋免閣為阮　　　　［妳不用再為了我］ 等到天光的時　　　　［一直等到天亮］
[Outro]
阮毋是欲耍妳　　　　［我不是想玩弄妳］ 毋過　　　　　　　　［可是］ 阮確實耽誤妳　　　　［我確實耽誤了妳］ 這是最後一擺　　　　［這是最後一次］ 阮坐佇妳身邊　　　　［我坐在妳身邊］ 毋通閣將毋甘　　　　［不能再把捨不得］ 講做阮愛妳　　　　　［說成我愛妳］ 門關起來進前　　　　［在關上門以前］ 阮講再會　　　　　　［我說了再會］ 無講閣再見　　　　　［沒有說還會再見］
留言（ 6 ） 最相關留言 所有留言
留言（ 6 ）",2026-10-05,,AI 生成 Pop,False,False,
2026-10-06 02:42:48,realtime,ai_generated,,,6,ж≥Ґж≠¶жЮЧ DorianрЯФЕ,#你不要碰我肩膀!😤 Don’t Touch My Shoulders!👹(version 2),1,7,0,https://streetvoice.com/ees0977199609/songs/882520/,https://streetvoice.com/ees0977199609/,"https://akstatic.streetvoice.com/song_covers/ee/s0/ees0977199609/nPdicy2P9yYwCLJsbSAmov.jpg?x-oss-process=image/resize,m_fill,h_400,w_400,limit_0",images/882520.jpg,,,,,,24,5,9,,,https://www.youtube.com/user/StreetVoiceTV,,,Hip hop / Rap,網路迷因電台 Internet meme radio,https://streetvoice.com/ees0977199609/songs/album/97326041/,,"終於把十首歌都做完了，第一章已完成~ 接下來，第二章是挑戰的開始，希望一切順利~🫰❤️ (version 2)偏搖滾風格 列車即將進站，車廂裡卻先迎來一場意想不到的「迷因風暴」！ 這首歌，以 2016 年 10 月底在台灣台鐵區間車上引發熱議的事件為靈感，將擁擠的車廂、折凳占位、乘客善意提醒與突如其來的激烈爭執，改編成節奏鮮明、充滿戲劇張力的網路迷因之歌。🚂💨 歌曲從「叮咚」到站聲與沙丁魚般的通勤場景揭開序幕，再用呼喊與重複副歌，重現影片中令人印象深刻的語氣與情緒轉折。「你怎麼碰我的肩膀！」一句句像網路迷因般洗腦，也讓人彷彿置身車廂內，目睹所發生的一切..😲😳 歌詞內加入「鶯歌站下車找站長和警察👮」等橋段，也把網路上的模仿梗、吃瓜乘客和延誤行程的抱怨編進節奏裡，呈現迷因如何在拍攝、分享與二創之間做個融合。不過，歌曲的趣味不只在金句與誇張演出，也提醒大家：公共空間裡多一點溝通、禮讓與尊重，或許就能少一點誤會和衝突唷🤝✨ 凡事 以和為貴啦~🫂 😂 重現經典金句，聽了會心一笑 💡 搞笑之餘不忘傳遞禮讓與尊重 💖 搭車時，記得 Keep it real, keep it kind 🚍下一站：鶯歌！🙉 
終於把十首歌都做完了，第一章已完成~
接下來，第二章是挑戰的開始，希望一切順利~🫰❤️
(version 2)偏搖滾風格
列車即將進站，車廂裡卻先迎來一場意想不到的「迷因風暴」！
這首歌，以 2016 年 10 月底在台灣台鐵區間車上引發熱議的事件為靈感，將擁擠的車廂、折凳占位、乘客善意提醒與突如其來的激烈爭執，改編成節奏鮮明、充滿戲劇張力的網路迷因之歌。🚂💨
歌曲從「叮咚」到站聲與沙丁魚般的通勤場景揭開序幕，再用呼喊與重複副歌，重現影片中令人印象深刻的語氣與情緒轉折。「你怎麼碰我的肩膀！」一句句像網路迷因般洗腦，也讓人彷彿置身車廂內，目睹所發生的一切..😲😳
歌詞內加入「鶯歌站下車找站長和警察👮」等橋段，也把網路上的模仿梗、吃瓜乘客和延誤行程的抱怨編進節奏裡，呈現迷因如何在拍攝、分享與二創之間做個融合。不過，歌曲的趣味不只在金句與誇張演出，也提醒大家：公共空間裡多一點溝通、禮讓與尊重，或許就能少一點誤會和衝突唷🤝✨ 凡事 以和為貴啦~🫂
😂 重現經典金句，聽了會心一笑
💡 搞笑之餘不忘傳遞禮讓與尊重
💖 搭車時，記得 Keep it real, keep it kind
🚍下一站：鶯歌！🙉","(叮咚～) (叮咚～) 山佳站已到！Everybody on the train! 人潮洶湧，排山倒海而來，全都擠成沙丁魚， 台北區間車 tonight, please stay in your lane! 一張小折凳，一對肩膀，一段迷因上線啦～ Drop the beat! Let's go! 下班時段十點多，車廂裡變魚罐頭， 寸步難行，連轉身都要先說聲 sorry～ 前面一張小折凳，坐得穩如泰山， 我想說讓個路，結果突然大翻盤！ Excuse me～ Excuse me～ 輕輕拍一下：「請借過一下～」 沒想到下一秒，刺耳音量直接衝天上！ 腦袋瞬間當機，眼前一片白光， Just like a deer in the headlights. Hey! Hey! Hey! 你怎麼碰我的肩膀！你不能碰我的肩膀啊！ Don't!  Don't touch my shoulder! 你這個大色胚！肖笛哥！都delay我的行程啦！ 我要叫站長！叫警察！到鶯歌站跟我下車！ 律師？我的律師咧？ 你來～你來～肖笛哥！我跟你 face to face！ 原本只是平凡小事，卻演變成迷因大戲， 我也只是好意提醒，大姊妳別過度反應～ 車廂內已水洩不通，連鞋子都不知所蹤， 出門在外禮貌優先，各退一步海闊天空～ 你怎麼碰我的肩膀！你真的很肖笛哥捏！ Don't touch my shoulder! Shoulders are my territory! 你一拍，已 delay 我的行程！ 你再拍，我只能跟你 face to face! 金句一句接一句，像機關槍連珠不停發， Keep it real, keep it kind. Everything is all right! Yo～ yo～ yo～ 新北鶯歌站已到，被迫一起走下車， 吃瓜群眾排排站，就等大姊出奇招， 好心提醒被雷親，真是狗咬呂洞賓， It's like talking to a brick wall～ 警察站長就是他，色胚笛哥我受傷， 我來問問你，結婚了沒？有小孩了嗎？ 我不是不高興你叫我，是不開心你碰到我， 你不能碰到我，你就是不能碰到我喔！ 靠腰咧！被你這樣一搞，都 delay我的行程了啦！ Oh my God～ Oh my God！ 這實在太瘋狂，百年難得一見， 讓我拿出手機，忠實還原真相， 一拍即出，無法倒轉，自認倒楣，遇到碰瓷， Just take the L and move on～ 先下後上守秩序，你推我擠傷和氣， 公共空間多禮讓，彼此尊重烏托邦， Many hands make light work～ No man is an island～ 你怎麼碰我的肩膀！你真的很肖笛哥捏！ Don't touch my shoulder! Shoulders are my territory! 你一拍，已 delay 我的行程！ 你再拍，我只能跟你 face to face! 金句一句接一句，像機關槍連珠不停發， Keep it real, keep it kind. Everything is all right! Don't touch my shoulder! Keep it kind! My dearest shoulder to lean on～ 以和為貴，和氣生財，Honesty is the best policy～ 己所不欲，勿施於人，that's the golden rule～ 凡事三思而後行，Look before you leap. 彼此尊重多禮讓，Respect is a two-way street. 台北站已到，Drop the beat... 折凳要收好，And please... My dearest shoulder to lean on～ 
(叮咚～) (叮咚～) 山佳站已到！Everybody on the train! 人潮洶湧，排山倒海而來，全都擠成沙丁魚， 台北區間車 tonight, please stay in your lane! 一張小折凳，一對肩膀，一段迷因上線啦～ Drop the beat! Let's go!
下班時段十點多，車廂裡變魚罐頭， 寸步難行，連轉身都要先說聲 sorry～ 前面一張小折凳，坐得穩如泰山， 我想說讓個路，結果突然大翻盤！ Excuse me～ Excuse me～ 輕輕拍一下：「請借過一下～」 沒想到下一秒，刺耳音量直接衝天上！ 腦袋瞬間當機，眼前一片白光， Just like a deer in the headlights.
Hey! Hey! Hey! 你怎麼碰我的肩膀！你不能碰我的肩膀啊！ Don't!  Don't touch my shoulder! 你這個大色胚！肖笛哥！都delay我的行程啦！ 我要叫站長！叫警察！到鶯歌站跟我下車！ 律師？我的律師咧？ 你來～你來～肖笛哥！我跟你 face to face！
原本只是平凡小事，卻演變成迷因大戲， 我也只是好意提醒，大姊妳別過度反應～
車廂內已水洩不通，連鞋子都不知所蹤， 出門在外禮貌優先，各退一步海闊天空～
你怎麼碰我的肩膀！你真的很肖笛哥捏！ Don't touch my shoulder! Shoulders are my territory!
你一拍，已 delay 我的行程！ 你再拍，我只能跟你 face to face! 金句一句接一句，像機關槍連珠不停發， Keep it real, keep it kind. Everything is all right!
Yo～ yo～ yo～ 新北鶯歌站已到，被迫一起走下車， 吃瓜群眾排排站，就等大姊出奇招， 好心提醒被雷親，真是狗咬呂洞賓， It's like talking to a brick wall～
警察站長就是他，色胚笛哥我受傷， 我來問問你，結婚了沒？有小孩了嗎？ 我不是不高興你叫我，是不開心你碰到我， 你不能碰到我，你就是不能碰到我喔！ 靠腰咧！被你這樣一搞，都 delay我的行程了啦！
Oh my God～ Oh my God！ 這實在太瘋狂，百年難得一見， 讓我拿出手機，忠實還原真相， 一拍即出，無法倒轉，自認倒楣，遇到碰瓷， Just take the L and move on～
先下後上守秩序，你推我擠傷和氣， 公共空間多禮讓，彼此尊重烏托邦， Many hands make light work～ No man is an island～
你怎麼碰我的肩膀！你真的很肖笛哥捏！ Don't touch my shoulder! Shoulders are my territory! 你一拍，已 delay 我的行程！ 你再拍，我只能跟你 face to face! 金句一句接一句，像機關槍連珠不停發， Keep it real, keep it kind. Everything is all right!
Don't touch my shoulder! Keep it kind! My dearest shoulder to lean on～
以和為貴，和氣生財，Honesty is the best policy～ 己所不欲，勿施於人，that's the golden rule～ 凡事三思而後行，Look before you leap. 彼此尊重多禮讓，Respect is a two-way street. 台北站已到，Drop the beat... 折凳要收好，And please... My dearest shoulder to lean on～
留言（ 0 ） 最相關留言 所有留言
留言（ 0 ）",2026-10-05,,AI 生成 Hip hop / Rap ・ 網路迷因電台 Internet meme radio,False,False,
2026-10-06 02:42:48,realtime,ai_generated,,,7,ж≥Ґж≠¶жЮЧ DorianрЯФЕ,#你不要碰我肩膀!😤 Don’t Touch My Shoulders!👹,7,20,0,https://streetvoice.com/ees0977199609/songs/882522/,https://streetvoice.com/ees0977199609/,"https://akstatic.streetvoice.com/song_covers/ee/s0/ees0977199609/JxF2b3axiZdahX6q2XwLy9.jpg?x-oss-process=image/resize,m_fill,h_400,w_400,limit_0",images/882522.jpg,,,,,,24,5,9,,,https://www.youtube.com/user/StreetVoiceTV,,,Hip hop / Rap,網路迷因電台 Internet meme radio,https://streetvoice.com/ees0977199609/songs/album/97326041/,,"終於把十首歌都做完了，第一章已完成~ 接下來，第二章是挑戰的開始，希望一切順利~🫰❤️ 列車即將進站，車廂裡卻先迎來一場意想不到的「迷因風暴」！ 這首歌，以 2016 年 10 月底在台灣台鐵區間車上引發熱議的事件為靈感，將擁擠的車廂、折凳占位、乘客善意提醒與突如其來的激烈爭執，改編成節奏鮮明、充滿戲劇張力的網路迷因之歌。🚂💨 歌曲從「叮咚」到站聲與沙丁魚般的通勤場景揭開序幕，再用呼喊與重複副歌，重現影片中令人印象深刻的語氣與情緒轉折。「你怎麼碰我的肩膀！」一句句像網路迷因般洗腦，也讓人彷彿置身車廂內，目睹所發生的一切..😲😳 歌詞內加入「鶯歌站下車找站長和警察👮」等橋段，也把網路上的模仿梗、吃瓜乘客和延誤行程的抱怨編進節奏裡，呈現迷因如何在拍攝、分享與二創之間做個融合。不過，歌曲的趣味不只在金句與誇張演出，也提醒大家：公共空間裡多一點溝通、禮讓與尊重，或許就能少一點誤會和衝突唷🤝✨ 凡事 以和為貴啦~🫂 😂 重現經典金句，聽了會心一笑 💡 搞笑之餘不忘傳遞禮讓與尊重 💖 搭車時，記得 Keep it real, keep it kind 🚍下一站：鶯歌！🙉 
終於把十首歌都做完了，第一章已完成~
接下來，第二章是挑戰的開始，希望一切順利~🫰❤️
列車即將進站，車廂裡卻先迎來一場意想不到的「迷因風暴」！
這首歌，以 2016 年 10 月底在台灣台鐵區間車上引發熱議的事件為靈感，將擁擠的車廂、折凳占位、乘客善意提醒與突如其來的激烈爭執，改編成節奏鮮明、充滿戲劇張力的網路迷因之歌。🚂💨
歌曲從「叮咚」到站聲與沙丁魚般的通勤場景揭開序幕，再用呼喊與重複副歌，重現影片中令人印象深刻的語氣與情緒轉折。「你怎麼碰我的肩膀！」一句句像網路迷因般洗腦，也讓人彷彿置身車廂內，目睹所發生的一切..😲😳
歌詞內加入「鶯歌站下車找站長和警察👮」等橋段，也把網路上的模仿梗、吃瓜乘客和延誤行程的抱怨編進節奏裡，呈現迷因如何在拍攝、分享與二創之間做個融合。不過，歌曲的趣味不只在金句與誇張演出，也提醒大家：公共空間裡多一點溝通、禮讓與尊重，或許就能少一點誤會和衝突唷🤝✨ 凡事 以和為貴啦~🫂
😂 重現經典金句，聽了會心一笑
💡 搞笑之餘不忘傳遞禮讓與尊重
💖 搭車時，記得 Keep it real, keep it kind
🚍下一站：鶯歌！🙉","(叮咚～) (叮咚～) 山佳站已到！Everybody on the train! 人潮洶湧，排山倒海而來，全都擠成沙丁魚， 台北區間車 tonight, please stay in your lane! 一張小折凳，一對肩膀，一段迷因上線啦～ Drop the beat! Let's go! 下班時段十點多，車廂裡變魚罐頭， 寸步難行，連轉身都要先說聲 sorry～ 前面一張小折凳，坐得穩如泰山， 我想說讓個路，結果突然大翻盤！ Excuse me～ Excuse me～ 輕輕拍一下：「請借過一下～」 沒想到下一秒，刺耳音量直接衝天上！ 腦袋瞬間當機，眼前一片白光， Just like a deer in the headlights. Hey! Hey! Hey! 你怎麼碰我的肩膀！你不能碰我的肩膀啊！ Don't!  Don't touch my shoulder! 你這個大色胚！肖笛哥！都delay我的行程啦！ 我要叫站長！叫警察！到鶯歌站跟我下車！ 律師？我的律師咧？ 你來～你來～肖笛哥！我跟你 face to face！ 原本只是平凡小事，卻演變成迷因大戲， 我也只是好意提醒，大姊妳別過度反應～ 車廂內已水洩不通，連鞋子都不知所蹤， 出門在外禮貌優先，各退一步海闊天空～ 你怎麼碰我的肩膀！你真的很肖笛哥捏！ Don't touch my shoulder! Shoulders are my territory! 你一拍，已 delay 我的行程！ 你再拍，我只能跟你 face to face! 金句一句接一句，像機關槍連珠不停發， Keep it real, keep it kind. Everything is all right! Yo～ yo～ yo～ 新北鶯歌站已到，被迫一起走下車， 吃瓜群眾排排站，就等大姊出奇招， 好心提醒被雷親，真是狗咬呂洞賓， It's like talking to a brick wall～ 警察站長就是他，色胚笛哥我受傷， 我來問問你，結婚了沒？有小孩了嗎？ 我不是不高興你叫我，是不開心你碰到我， 你不能碰到我，你就是不能碰到我喔！ 靠腰咧！被你這樣一搞，都 delay我的行程了啦！ Oh my God～ Oh my God！ 這實在太瘋狂，百年難得一見， 讓我拿出手機，忠實還原真相， 一拍即出，無法倒轉，自認倒楣，遇到碰瓷， Just take the L and move on～ 先下後上守秩序，你推我擠傷和氣， 公共空間多禮讓，彼此尊重烏托邦， Many hands make light work～ No man is an island～ 你怎麼碰我的肩膀！你真的很肖笛哥捏！ Don't touch my shoulder! Shoulders are my territory! 你一拍，已 delay 我的行程！ 你再拍，我只能跟你 face to face! 金句一句接一句，像機關槍連珠不停發， Keep it real, keep it kind. Everything is all right! Don't touch my shoulder! Keep it kind! My dearest shoulder to lean on～ 以和為貴，和氣生財，Honesty is the best policy～ 己所不欲，勿施於人，that's the golden rule～ 凡事三思而後行，Look before you leap. 彼此尊重多禮讓，Respect is a two-way street. 台北站已到，Drop the beat... 折凳要收好，And please... My dearest shoulder to lean on～ 
(叮咚～) (叮咚～) 山佳站已到！Everybody on the train! 人潮洶湧，排山倒海而來，全都擠成沙丁魚， 台北區間車 tonight, please stay in your lane! 一張小折凳，一對肩膀，一段迷因上線啦～ Drop the beat! Let's go!
下班時段十點多，車廂裡變魚罐頭， 寸步難行，連轉身都要先說聲 sorry～ 前面一張小折凳，坐得穩如泰山， 我想說讓個路，結果突然大翻盤！ Excuse me～ Excuse me～ 輕輕拍一下：「請借過一下～」 沒想到下一秒，刺耳音量直接衝天上！ 腦袋瞬間當機，眼前一片白光， Just like a deer in the headlights.
Hey! Hey! Hey! 你怎麼碰我的肩膀！你不能碰我的肩膀啊！ Don't!  Don't touch my shoulder! 你這個大色胚！肖笛哥！都delay我的行程啦！ 我要叫站長！叫警察！到鶯歌站跟我下車！ 律師？我的律師咧？ 你來～你來～肖笛哥！我跟你 face to face！
原本只是平凡小事，卻演變成迷因大戲， 我也只是好意提醒，大姊妳別過度反應～
車廂內已水洩不通，連鞋子都不知所蹤， 出門在外禮貌優先，各退一步海闊天空～
你怎麼碰我的肩膀！你真的很肖笛哥捏！ Don't touch my shoulder! Shoulders are my territory!
你一拍，已 delay 我的行程！ 你再拍，我只能跟你 face to face! 金句一句接一句，像機關槍連珠不停發， Keep it real, keep it kind. Everything is all right!
Yo～ yo～ yo～ 新北鶯歌站已到，被迫一起走下車， 吃瓜群眾排排站，就等大姊出奇招， 好心提醒被雷親，真是狗咬呂洞賓， It's like talking to a brick wall～
警察站長就是他，色胚笛哥我受傷， 我來問問你，結婚了沒？有小孩了嗎？ 我不是不高興你叫我，是不開心你碰到我， 你不能碰到我，你就是不能碰到我喔！ 靠腰咧！被你這樣一搞，都 delay我的行程了啦！
Oh my God～ Oh my God！ 這實在太瘋狂，百年難得一見， 讓我拿出手機，忠實還原真相， 一拍即出，無法倒轉，自認倒楣，遇到碰瓷， Just take the L and move on～
先下後上守秩序，你推我擠傷和氣， 公共空間多禮讓，彼此尊重烏托邦， Many hands make light work～ No man is an island～
你怎麼碰我的肩膀！你真的很肖笛哥捏！ Don't touch my shoulder! Shoulders are my territory! 你一拍，已 delay 我的行程！ 你再拍，我只能跟你 face to face! 金句一句接一句，像機關槍連珠不停發， Keep it real, keep it kind. Everything is all right!
Don't touch my shoulder! Keep it kind! My dearest shoulder to lean on～
以和為貴，和氣生財，Honesty is the best policy～ 己所不欲，勿施於人，that's the golden rule～ 凡事三思而後行，Look before you leap. 彼此尊重多禮讓，Respect is a two-way street. 台北站已到，Drop the beat... 折凳要收好，And please... My dearest shoulder to lean on～
留言（ 0 ） 最相關留言 所有留言
留言（ 0 ）",2026-10-05,,AI 生成 Hip hop / Rap ・ 網路迷因電台 Internet meme radio,False,False,
2026-10-06 02:42:48,realtime,ai_generated,,,8,MoonX 慕斯,《台語饒舌》|  Taiwanese Rap,2,6,11,https://streetvoice.com/MoonX_0325/songs/882426/,https://streetvoice.com/MoonX_0325/,"https://akstatic.streetvoice.com/song_covers/Mo/on/MoonX_0325/N3zmJBGYyG4h36oGcQvt7J.jpeg?x-oss-process=image/resize,m_fill,h_400,w_400,limit_0",images/882426.jpeg,@MoonX_0325,音樂人,高雄市,2026-07-01,,29,41,147,,,https://www.youtube.com/user/StreetVoiceTV,,,Hip hop / Rap,,,,"誰說台語歌只有老派？用最道地的母語，唱出最硬核的態度！」 【歌曲簡介】 本曲將現代 Trap 節奏、808 重拍與傳統台語韻味完美結合。歌詞記錄了從面對質疑到堅定信念的創作心路——不管世界怎麼變，用自己的母語唱出自信，把這股台語嘻哈的氣勢一路推向國際。 從深夜的堅持到《唱到天光》，這不只是一首歌，更是對本土文化與夢想最真實的宣告。 【歌詞金句】 「台語嘻哈我唱給你聽，不用洗刷過往，這是一路一直走。」 「唱到天光，世界聽見我們的聲音！」 【製作團隊 Credits】 詞 / 曲：MoonX 慕斯 / Suno AI 演唱：MoonX 慕斯（AI Voice Clone） 視覺設計：MoonX 慕斯 
誰說台語歌只有老派？用最道地的母語，唱出最硬核的態度！」
【歌曲簡介】 本曲將現代 Trap 節奏、808 重拍與傳統台語韻味完美結合。歌詞記錄了從面對質疑到堅定信念的創作心路——不管世界怎麼變，用自己的母語唱出自信，把這股台語嘻哈的氣勢一路推向國際。
從深夜的堅持到《唱到天光》，這不只是一首歌，更是對本土文化與夢想最真實的宣告。
【歌詞金句】 「台語嘻哈我唱給你聽，不用洗刷過往，這是一路一直走。」 「唱到天光，世界聽見我們的聲音！」
【製作團隊 Credits】
詞 / 曲：MoonX 慕斯 / Suno AI
演唱：MoonX 慕斯（AI Voice Clone）
視覺設計：MoonX 慕斯","動態歌詞
細漢聽人講 做人愛認命 大漢才知影 人生靠家己拚 街仔路行過 風雨嘛袂停 毋管別人按怎講 我行我的路程 有人笑阮台語 講起來無時行 我共節奏拍落去 你就知影有夠𠢕 一句一句押落去 毋免假仙扮勢 這是咱的聲 這是台灣的氣味 跤步踏予穩 目睭看頭前 輸贏毋免驚 機會佇身邊 昨昏若失敗 今仔日閣一擺 人生無劇本 家己寫未來 雨若落 予伊落 風若吹 予伊吹 我的聲 猶原佇遮 一句一句唱予你聽 台語饒舌 我唱予你聽 毋免西裝嘛有我的型 台語饒舌 節奏一直行 一句閩南語 嘛會震動你的心 台語饒舌 毋免驚人笑 咱的語言本來就有調 若是世界無人替咱發聲 我就用這支 Mic 唱到天光 毋免問我對佗位來 這片土地就是我的舞台 一字一句攏有感情 鼓聲一下我就袂停 有人愛英文 有人唱華語 我用台語共韻押落去 毋是老派 毋是過時 換一个 Beat 仝款有氣勢 從暗巷唱到大街路 從細聲唱甲全世界聽著 若有人問我這叫啥物 四字講清楚 台語饒舌 我無需要學別人的款 家己的聲上有重量 一代一代傳落來 這條聲線袂予伊斷 阿公的話 阿媽的聲 細漢聽著無啥感覺 直到有一工才知影 這就是阮上熟似的歌 台語饒舌 我唱予你聽 毋免西裝嘛有我的型 台語饒舌 節奏一直行 一句閩南語 嘛會震動你的心 台語饒舌 毋免驚人笑 咱的語言本來就有調 若是世界無人替咱發聲 我就用這支 Mic 唱到天光 
細漢聽人講 做人愛認命 大漢才知影 人生靠家己拚 街仔路行過 風雨嘛袂停 毋管別人按怎講 我行我的路程 有人笑阮台語 講起來無時行 我共節奏拍落去 你就知影有夠𠢕 一句一句押落去 毋免假仙扮勢 這是咱的聲 這是台灣的氣味 跤步踏予穩 目睭看頭前 輸贏毋免驚 機會佇身邊 昨昏若失敗 今仔日閣一擺 人生無劇本 家己寫未來 雨若落 予伊落 風若吹 予伊吹 我的聲 猶原佇遮 一句一句唱予你聽 台語饒舌 我唱予你聽 毋免西裝嘛有我的型 台語饒舌 節奏一直行 一句閩南語 嘛會震動你的心 台語饒舌 毋免驚人笑 咱的語言本來就有調 若是世界無人替咱發聲 我就用這支 Mic 唱到天光 毋免問我對佗位來 這片土地就是我的舞台 一字一句攏有感情 鼓聲一下我就袂停 有人愛英文 有人唱華語 我用台語共韻押落去 毋是老派 毋是過時 換一个 Beat 仝款有氣勢 從暗巷唱到大街路 從細聲唱甲全世界聽著 若有人問我這叫啥物 四字講清楚 台語饒舌 我無需要學別人的款 家己的聲上有重量 一代一代傳落來 這條聲線袂予伊斷 阿公的話 阿媽的聲 細漢聽著無啥感覺 直到有一工才知影 這就是阮上熟似的歌 台語饒舌 我唱予你聽 毋免西裝嘛有我的型 台語饒舌 節奏一直行 一句閩南語 嘛會震動你的心 台語饒舌 毋免驚人笑 咱的語言本來就有調 若是世界無人替咱發聲 我就用這支 Mic 唱到天光
留言（ 11 ） 最相關留言 所有留言
留言（ 11 ）",2026-10-04,,AI 生成 Hip hop / Rap,False,False,
2026-10-06 02:42:48,realtime,ai_generated,,,9,ᐜᐞᒻᐟᑊᐢᕐ ᐜᑊᐩᑋ ᐞᑊ,政治噪音,1,3,1,https://streetvoice.com/walkingwithai/songs/882561/,https://streetvoice.com/walkingwithai/,"https://akstatic.streetvoice.com/song_covers/wa/lk/walkingwithai/Upd9PHUgpn2zR6UmHYnvr6.jpeg?x-oss-process=image/resize,m_fill,h_400,w_400,limit_0",images/882561.jpeg,@walkingwithai,音樂人,,,,26,7,4,,,https://www.youtube.com/user/StreetVoiceTV,,,Experimental,發明之後,https://streetvoice.com/walkingwithai/songs/album/97326192/,,"《政治噪音》是我對自身同名作品的一場重新翻唱與解構（Cover）。這首歌最初由男聲演繹，帶著原始而粗糙的對立張力；而這一次，我選擇換上女聲的視角，將無語意的碎屑人聲、切割錯位的符號，重新浸入由實驗（Experimental）與氛圍音樂（Ambient）交織出的聲景中。相同的詞句，在女聲冷冽、神經質卻又極具包覆感的演繹下，撞擊出更具異色與疏離感的聽覺幻象。 對我而言，《政治噪音》不是一首單純的歌曲，而是一面鏡子。它把碎裂的政治語言、錯亂的節奏與無意義的重複轉化為聲音藝術。在擬真雜訊（Simulation）與現實（Reality）的劇烈碰撞中，機械的呼吸攪亂思潮，數據的骨灰滲進頻道，直接打破了傳統流行樂的聽覺秩序，將一切解構為一片龐大而優雅的廢墟。 它讓我們聽見在秩序崩潰的深淵裡，真實與模擬的深層對撞。當所有政治宣示與符號的「意義」消失殆盡，只剩下噪音成為我們的呼吸——荒誕卻真切，混亂卻必須直面。在裂縫與熔斷的邊緣，這場聽覺的失控，也許才是我們對這個荒誕時代最後的祈禱。 
《政治噪音》是我對自身同名作品的一場重新翻唱與解構（Cover）。這首歌最初由男聲演繹，帶著原始而粗糙的對立張力；而這一次，我選擇換上女聲的視角，將無語意的碎屑人聲、切割錯位的符號，重新浸入由實驗（Experimental）與氛圍音樂（Ambient）交織出的聲景中。相同的詞句，在女聲冷冽、神經質卻又極具包覆感的演繹下，撞擊出更具異色與疏離感的聽覺幻象。
對我而言，《政治噪音》不是一首單純的歌曲，而是一面鏡子。它把碎裂的政治語言、錯亂的節奏與無意義的重複轉化為聲音藝術。在擬真雜訊（Simulation）與現實（Reality）的劇烈碰撞中，機械的呼吸攪亂思潮，數據的骨灰滲進頻道，直接打破了傳統流行樂的聽覺秩序，將一切解構為一片龐大而優雅的廢墟。
它讓我們聽見在秩序崩潰的深淵裡，真實與模擬的深層對撞。當所有政治宣示與符號的「意義」消失殆盡，只剩下噪音成為我們的呼吸——荒誕卻真切，混亂卻必須直面。在裂縫與熔斷的邊緣，這場聽覺的失控，也許才是我們對這個荒誕時代最後的祈禱。","政治 噪音 政治 噪音 啦 啦 啦 啊 啊 啊 裂縫 裂縫 裂 裂 裂 失控 失控 失控 無語義人聲 切割成碎片 錯亂的節奏 拆解每一面 模擬裝置聲響 回盪像廢墟 擬真雜訊 浸入了記憶 擬真雜訊 擬真雜訊 失控 失控 失控 解構 解構 解構 聽覺幻象 聽覺幻象 黑色回聲 嘶吼纏繞 數據的骨灰 滲進頻道 機械的呼吸 攪亂思潮 荒誕是秩序 也是最後的祈禱 政 政 政 政 政治—噪音 No meaning, no meaning, only 裂縫 錯亂 錯亂—瞬扭 Simulation vs Reality 碰撞—Bang 擬真雜訊 擬真雜訊 失控 失控 失控 解構 解構 解構 聽覺幻象 聽覺幻象 噪音 噪音 噪音 噪音 啊——欸——噢 啦 啦 啦 裂 裂 裂 誒 誒 噢 噢 啦 啦 啦 裂 裂 裂 誒 誒 噢 噢— 在裂縫深淵 重生與熔斷 啊…欸…噢 啦 啦 啦… 裂 裂 裂 What's in the politic What's in the politic What's in the politic 
政治 噪音 政治 噪音 啦 啦 啦 啊 啊 啊 裂縫 裂縫 裂 裂 裂 失控 失控 失控
無語義人聲 切割成碎片 錯亂的節奏 拆解每一面 模擬裝置聲響 回盪像廢墟 擬真雜訊 浸入了記憶
擬真雜訊 擬真雜訊 失控 失控 失控 解構 解構 解構 聽覺幻象 聽覺幻象
黑色回聲 嘶吼纏繞 數據的骨灰 滲進頻道 機械的呼吸 攪亂思潮 荒誕是秩序 也是最後的祈禱
政 政 政 政 政治—噪音 No meaning, no meaning, only 裂縫 錯亂 錯亂—瞬扭 Simulation vs Reality 碰撞—Bang
擬真雜訊 擬真雜訊 失控 失控 失控 解構 解構 解構 聽覺幻象 聽覺幻象
噪音 噪音 噪音 噪音 啊——欸——噢 啦 啦 啦 裂 裂 裂 誒 誒 噢 噢 啦 啦 啦 裂 裂 裂 誒 誒 噢 噢—
在裂縫深淵 重生與熔斷 啊…欸…噢 啦 啦 啦… 裂 裂 裂 What's in the politic What's in the politic What's in the politic
留言（ 1 ） 最相關留言 所有留言
留言（ 1 ）",2026-10-05,,AI 生成 Experimental ・ 發明之後,False,False,
2026-10-06 02:42:48,realtime,ai_generated,,,10,MiixiviD,一首無聊的歌 / Just a Boring Song,5,21,3,https://streetvoice.com/miidthenobody/songs/882620/,https://streetvoice.com/miidthenobody/,"https://akstatic.streetvoice.com/song_covers/mi/id/miidthenobody/ZQGVn6QVfAmHPVgGYELNSr.jpeg?x-oss-process=image/resize,m_fill,h_400,w_400,limit_0",images/882620.jpeg,@miidthenobody,音樂人,,,2026-02-23 10:27,16,17,52,https://www.facebook.com/MiiDthenobody/,,http://www.youtube.com/@MiiDthenobody,,,Hip hop / Rap,詼諧旋律 - MiiD,https://streetvoice.com/miidthenobody/songs/album/97324009/,,"原始素材： 歌詞來自我的大腦，音訊來自Suno，使用Reaper與Audacity後製。 創作背景在這裡： https://ylcccc.yay.boo 
原始素材： 歌詞來自我的大腦，音訊來自Suno，使用Reaper與Audacity後製。 創作背景在這裡： https://ylcccc.yay.boo
https://ylcccc.yay.boo","Yo, 這是一首無聊的歌 獻給 剛好聽到它的你 check it check it 我是一匹孤狼遊戲ID葉洛辰 最近沒有靈感玩玩遊戲來到十六聲 玩玩劇情看看風景低調如隱形人 沒想到點穴引來一人說要我百業滅門 起初不知來者何人是我太孤陋寡聞 後來得知竟是論賤榜一打架第一人 發出豪語說要殺到我沒有立足之地 我還疑惑不解他究竟如何能達成 喔喔喔 原來現在小朋友都這麼八屁九屁 喔喔喔 還有還有路人加入一起言語暴力 喔喔喔 一群同溫層老屁股故意發作染病 喔喔喔 全部一起享受七日安安靜靜 你是一位大俠縱橫遊戲論劍榜之巔 深夜廣場演奏卻被一位生面孔點穴 也許是習慣光環習慣那些眾星捧月 卻出現一位新人小白笑看你狂妄之言 身邊狐朋狗黨急忙開炮瘋狂刷存在 明明與他無關卻又要介入群體開幹 結果搞到自己通通全被系統大禁言 漏網之魚連忙噤聲深怕自己被發現 喔喔喔 你們這什麼幼稚園小班的語言暴力 喔喔喔 全都變成我的創作素材與寫詞動力 喔喔喔 對我的攻擊還會不分敵我打臉自己 喔喔喔 一盤散沙究竟怎麼讓人無立足之地 一犬吠天怒裝B 眾犬齊鳴皆遭禁 燕雲遊戲無限好 無奈文盲撒遍地 耶~~~噢 喔喔喔 來吧 喔喔 來吧我就在這裡等你 喔喔喔 喔喔喔 來吧 喔喔 來吧貫徹你們自以為的正義 喔喔喔 既然 喔喔喔 既然有些事你父母老師沒教 喔喔喔 那就讓在下藉著遊戲來教你 什麼叫 無立足之地 
Yo, 這是一首無聊的歌 獻給 剛好聽到它的你 check it check it
我是一匹孤狼遊戲ID葉洛辰 最近沒有靈感玩玩遊戲來到十六聲 玩玩劇情看看風景低調如隱形人 沒想到點穴引來一人說要我百業滅門
起初不知來者何人是我太孤陋寡聞 後來得知竟是論賤榜一打架第一人 發出豪語說要殺到我沒有立足之地 我還疑惑不解他究竟如何能達成
喔喔喔 原來現在小朋友都這麼八屁九屁 喔喔喔 還有還有路人加入一起言語暴力 喔喔喔 一群同溫層老屁股故意發作染病 喔喔喔 全部一起享受七日安安靜靜
你是一位大俠縱橫遊戲論劍榜之巔 深夜廣場演奏卻被一位生面孔點穴 也許是習慣光環習慣那些眾星捧月 卻出現一位新人小白笑看你狂妄之言
身邊狐朋狗黨急忙開炮瘋狂刷存在 明明與他無關卻又要介入群體開幹 結果搞到自己通通全被系統大禁言 漏網之魚連忙噤聲深怕自己被發現
喔喔喔 你們這什麼幼稚園小班的語言暴力 喔喔喔 全都變成我的創作素材與寫詞動力 喔喔喔 對我的攻擊還會不分敵我打臉自己 喔喔喔 一盤散沙究竟怎麼讓人無立足之地
一犬吠天怒裝B 眾犬齊鳴皆遭禁 燕雲遊戲無限好 無奈文盲撒遍地 耶~~~噢
喔喔喔 來吧 喔喔 來吧我就在這裡等你 喔喔喔 喔喔喔 來吧 喔喔 來吧貫徹你們自以為的正義 喔喔喔 既然 喔喔喔 既然有些事你父母老師沒教 喔喔喔 那就讓在下藉著遊戲來教你
什麼叫 無立足之地
留言（ 3 ） 最相關留言 所有留言
留言（ 3 ）",2026-10-05,,AI 生成 Hip hop / Rap ・ 詼諧旋律 - MiiD,False,False,
2026-10-06 02:42:48,realtime,ai_generated,,,11,Ambirose,我亲爱的小小平房,1,9,4,https://streetvoice.com/lovelymimi2001/songs/882407/,https://streetvoice.com/lovelymimi2001/,"https://akstatic.streetvoice.com/song_covers/lo/ve/lovelymimi2001/mcXD6fWE6zks9PKB2KVebn.jpg?x-oss-process=image/resize,m_fill,h_400,w_400,limit_0",images/882407.jpg,@lovelymimi2001,音樂人,澳洲,2026-10-01,,,1,,,,https://www.youtube.com/user/StreetVoiceTV,,,Folk,,,,"《我亲爱的小小平房》是一封写给身体的告别信。 歌里，那间从出生起就陪着我的小房子，既是承载生活与记忆的家，也隐喻着即将接受乳房手术的身体。从嫌它太小、不够漂亮，到真正面临失去时才发现：原来这个一直被我挑剔的地方，已经默默陪我走过那么多年。 我把手术写成拆迁，把治疗写成维修，用一点装修式的黑色幽默，讲述舍不得、害怕，以及继续往前走的勇气。 这首歌写于确诊乳腺癌、准备手术的日子。它记录的是面对可能失去时的心情，也是一次重新认识和珍惜自己身体的过程。 
《我亲爱的小小平房》是一封写给身体的告别信。
歌里，那间从出生起就陪着我的小房子，既是承载生活与记忆的家，也隐喻着即将接受乳房手术的身体。从嫌它太小、不够漂亮，到真正面临失去时才发现：原来这个一直被我挑剔的地方，已经默默陪我走过那么多年。
我把手术写成拆迁，把治疗写成维修，用一点装修式的黑色幽默，讲述舍不得、害怕，以及继续往前走的勇气。
这首歌写于确诊乳腺癌、准备手术的日子。它记录的是面对可能失去时的心情，也是一次重新认识和珍惜自己身体的过程。","我亲爱的小小平房 你真的要离开 你陪我走过那么多年 风吹雨打都还在 你没有高高的屋顶 也没有漂亮阳台 可我一出生你就在这里 从来没有搬开 我们一起长大 一起熬过很多夜晚 我嫌过你太小 也笑过你不够气派 可到了真的要说再见 怎么突然有点舍不得 原来住得久了 再小的地方也会变成家 再见吧 我亲爱的小小平房 以后这里会空一块地方 你没有豪宅那么漂亮 也没住过什么风光 可你陪我出生入死 陪我走过那么多时光 再见吧 我亲爱的小小平房 一声说该拆的还是要拆光 别担心 我不会怪你 只是以后照镜子的时候 可能会想起你原来的模样 你曾经被我嫌弃 说你实在太平常 别人住的是独栋豪宅 你只有一厅一房 可谁知道有一天 维修单突然变得很长 师傅看了看图纸 说这一间可能保不住了 我还问能不能 只修厨房别拆墙 他说安全第一 别再跟我讲装修方案 再见吧 我亲爱的小小平房 以后这里会空一块地方 你没有豪宅那么漂亮 也没住过什么风光 可你陪我出生入死 陪我走过那么多时光 再见吧 我亲爱的小小平房 医生说该拆的还是要拆光 别担心 我不会怪你 只是以后照镜子的时候 可能会想起你原来的模样 也许以后 这里会重新盖一间房 也许还是小小的 也许换一个新的模样 门牌可以换 窗户可以重装 可是你陪我走过的那些年 没有谁能真正替上 我亲爱的小小平房 今天终于要退场 你没有轰轰烈烈 只是安安静静陪我一场 再见了 别害怕 我会继续往前走 你留在我身上的故事 不会一起被带走 
我亲爱的小小平房 你真的要离开 你陪我走过那么多年 风吹雨打都还在
你没有高高的屋顶 也没有漂亮阳台 可我一出生你就在这里 从来没有搬开
我们一起长大 一起熬过很多夜晚 我嫌过你太小 也笑过你不够气派
可到了真的要说再见 怎么突然有点舍不得 原来住得久了 再小的地方也会变成家
再见吧 我亲爱的小小平房 以后这里会空一块地方
你没有豪宅那么漂亮 也没住过什么风光 可你陪我出生入死 陪我走过那么多时光
再见吧 我亲爱的小小平房 一声说该拆的还是要拆光
别担心 我不会怪你 只是以后照镜子的时候 可能会想起你原来的模样
你曾经被我嫌弃 说你实在太平常 别人住的是独栋豪宅 你只有一厅一房
可谁知道有一天 维修单突然变得很长 师傅看了看图纸 说这一间可能保不住了
我还问能不能 只修厨房别拆墙 他说安全第一 别再跟我讲装修方案
再见吧 我亲爱的小小平房 以后这里会空一块地方
你没有豪宅那么漂亮 也没住过什么风光 可你陪我出生入死 陪我走过那么多时光
再见吧 我亲爱的小小平房 医生说该拆的还是要拆光
别担心 我不会怪你 只是以后照镜子的时候 可能会想起你原来的模样
也许以后 这里会重新盖一间房 也许还是小小的 也许换一个新的模样
门牌可以换 窗户可以重装 可是你陪我走过的那些年 没有谁能真正替上
我亲爱的小小平房 今天终于要退场 你没有轰轰烈烈 只是安安静静陪我一场
再见了 别害怕 我会继续往前走 你留在我身上的故事 不会一起被带走
留言（ 4 ） 最相關留言 所有留言
留言（ 4 ）",2026-10-04,,AI 生成 Folk,False,False,
2026-10-06 02:42:48,realtime,ai_generated,,,12,⚡S p o n t a n e o u s . ♫,《抓住音符那天》The Day I Caught the Notes,2,6,4,https://streetvoice.com/spntn_studio/songs/882583/,https://streetvoice.com/spntn_studio/,"https://akstatic.streetvoice.com/song_covers/sp/nt/spntn_studio/EynzcUUxitkw4SihCpsYUa.jpeg?x-oss-process=image/resize,m_fill,h_400,w_400,limit_0",images/882583.jpeg,@spntn_studio,音樂人,,,,16,20,24,,,https://www.youtube.com/user/StreetVoiceTV,,,Rock,,,,"🎸「有時候只需要一個音，就足以改變世界。」 第一次碰見旋律，第一次讓音符在心裡顫動。 從那些說不出的希望、愛與感動， 到被音樂找到，再到真正抓住它。 曾經音樂找到我， 現在換我把音樂傳遠。 ― 🔗 Spontaneous Studio｜所有作品與社群連結： linktr.ee/spntn.studio ― 🎵 Credits & Info Artist: Spontaneous Studio Song Title: 抓住音符那天 (The Day I Caught the Notes) Created & Produced by Spontaneous. Genres: Electronic Rock / Alternative Rock / Arena Rock This work was created with the assistance of generative AI during the creative and music production process. 
🎸「有時候只需要一個音，就足以改變世界。」
第一次碰見旋律，第一次讓音符在心裡顫動。
從那些說不出的希望、愛與感動， 到被音樂找到，再到真正抓住它。
曾經音樂找到我， 現在換我把音樂傳遠。 ―
🔗 Spontaneous Studio｜所有作品與社群連結： linktr.ee/spntn.studio ―
linktr.ee/spntn.studio
🎵 Credits & Info Artist: Spontaneous Studio Song Title: 抓住音符那天 (The Day I Caught the Notes) Created & Produced by Spontaneous. Genres: Electronic Rock / Alternative Rock / Arena Rock This work was created with the assistance of generative AI during the creative and music production process.","動態歌詞
還不懂要走什麼方向 每一天都只是照常 直到琴弦第一次震盪 跳躍的音符落進心上 I didn't know where it would lead 只知道那一刻 I could feel 呼吸開始跟著節拍 Something came alive 我聽見從未聽過的自己 定格音符的瞬間 時間在耳邊凝結 I found a reason in the sound 從那一天我開始走得更遠 後來才懂旋律為什麼讓人動容 也能讓陌生的眼睛泛紅 說不出口的愛 became a song Sonic Footprint 留在每次感動 那些沒有答案的夜還在 Now they resonate,still alive 如果聲音能穿過沉默 如果感動真的能被聽見 I wanna know how far it goes 這一次不只唱給自己 在我的心顫動那天 定格音符的瞬間 所有希望 suddenly came alive 讓沉默也有了語言 我抓住跳躍的音符 也被它帶向更遠 This is my Resonance Moment 從那一天人生不再是從前 Let it resonate... 如果回到那一天 第一個音還懸在指尖 Everything changed 曾經音樂找到我 現在換我把它傳遠 If, if you're waiting in the dark 讓這個聲音找到你 在我的心顫動那天 定格音符的瞬間 I found my future in the sound 一路跳躍直到今天 曾經音樂找到我 現在換我把它傳遠 抓住音符的門那天 我的心也跳動萬遍 Let it move,let it live 讓每次心跳都聽見 從我的指 指尖... 到你的世界 到你的世界 
還不懂要走什麼方向 每一天都只是照常 直到琴弦第一次震盪 跳躍的音符落進心上 I didn't know where it would lead 只知道那一刻 I could feel 呼吸開始跟著節拍 Something came alive 我聽見從未聽過的自己
定格音符的瞬間 時間在耳邊凝結 I found a reason in the sound 從那一天我開始走得更遠
後來才懂旋律為什麼讓人動容 也能讓陌生的眼睛泛紅 說不出口的愛 became a song Sonic Footprint 留在每次感動 那些沒有答案的夜還在 Now they resonate,still alive 如果聲音能穿過沉默 如果感動真的能被聽見 I wanna know how far it goes 這一次不只唱給自己
在我的心顫動那天 定格音符的瞬間 所有希望 suddenly came alive 讓沉默也有了語言 我抓住跳躍的音符 也被它帶向更遠 This is my Resonance Moment 從那一天人生不再是從前 Let it resonate...
如果回到那一天 第一個音還懸在指尖 Everything changed 曾經音樂找到我 現在換我把它傳遠 If, if you're waiting in the dark 讓這個聲音找到你 在我的心顫動那天
定格音符的瞬間 I found my future in the sound 一路跳躍直到今天 曾經音樂找到我 現在換我把它傳遠 抓住音符的門那天 我的心也跳動萬遍 Let it move,let it live 讓每次心跳都聽見 從我的指 指尖... 到你的世界 到你的世界
留言（ 4 ） 最相關留言 所有留言
留言（ 4 ）",2026-10-05,,AI 生成 Rock,False,False,
2026-10-06 02:42:48,realtime,ai_generated,,,13,Mark,下雨天的憂鬱2.0,0,1,1,https://streetvoice.com/yuan2048/songs/882511/,https://streetvoice.com/yuan2048/,"https://akstatic.streetvoice.com/song_covers/yu/an/yuan2048/MPcfRk2znUQ8iNS7kP8vgt.jpg?x-oss-process=image/resize,m_fill,h_400,w_400,limit_0",images/882511.jpg,@yuan2048,音樂人,台中市,2024-04-01,,6,1,1,,,https://www.youtube.com/user/StreetVoiceTV,2025嘉義藝術節5/24、5/25登場 藝術顧問DJ QuestionMark帶來超迷你交響樂團跨域演出|||https://blow.streetvoice.com/80369/?utm_source=streetvoice&utm_medium=profile-news-block; 「英語金曲復興運動」再開2025年新章！DJ QuestionMark持續宣示跨界野心：「希望把真正的英語金曲偶像請來合作！」|||https://blow.streetvoice.com/79814/?utm_source=streetvoice&utm_medium=profile-news-block; DJ QuestionMark登巴黎文化奧運演出  歌單見蛋堡、黃宣、潮州土狗〈50元的檳榔〉！|||https://blow.streetvoice.com/75307/?utm_source=streetvoice&utm_medium=profile-news-block,,Pop,,,,,"這是沒有提供歌詞的歌曲
留言（ 1 ） 最相關留言 所有留言
留言（ 1 ）",2026-10-05,,AI 生成 Pop,False,False,
2026-10-06 02:42:48,realtime,ai_generated,,,14,Dammn P.,《愛河秋意》（Autumn Mood of Love River）,2,2,1,https://streetvoice.com/Paull_Dammnpohung/songs/882592/,https://streetvoice.com/Paull_Dammnpohung/,"https://akstatic.streetvoice.com/song_covers/Pa/ul/Paull_Dammnpohung/8k6oEkfFBnNnW3japKknto.jpeg?x-oss-process=image/resize,m_fill,h_400,w_400,limit_0",images/882592.jpeg,@Paull_Dammnpohung,音樂人,高雄市,2026-01-01,2026-06-25 10:03,170,75,97,,,https://www.youtube.com/@RuralPeace-n2q,,,Folk,,,,"【愛河秋意】Autumn Mood of Love River | 台灣懷舊那卡西輕音樂 🪗🍂🌊 「推開時光的窗，在光陰的縫隙裡與現代交錯，穿梭舊時空。」 📖 關於 1950 年代高雄愛河的秋日故事： 時間回到 1950 年代左右的高雄愛河。這條貫穿港都城市的母親之河，在戰後初期是高雄市民生活中不可或缺的重要水脈與休閒勝地。當時的愛河兩岸尚未築起高聳的現代水泥堤防，而是鋪滿青草的泥土河堤與低矮的木造房舍。每當秋風吹拂，涼爽的秋意悄悄籠罩河畔，金黃色的蘆葦與波光粼粼的河面相映成趣，沿岸的渡船頭與木造橋梁上人影錯落，漁民與市民們在河畔悠閒散步，空氣中瀰漫著鹹鹹的海風與淡淡的秋日氣息。入夜後，河畔的街燈與民宅燈火倒映在水波中，那卡西吉他帶著濕潤顫音與幽怨手風琴在秋風夜色中迴盪，替為生活打拼的高雄港都人訴說對歲月滄桑的牽掛與靈魂的喘息。 ⏳ 適用情境 ‧ 陪伴您的寧靜時光： * 🌙 深夜助眠：沉靜優雅的旋律，陪伴您卸下整天的疲憊，安心入眠。 * 📖 工作與閱讀：無歌詞的沉浸式背景音樂，幫助專心思考與靈感湧現。 * 🧘 靜心與冥想：引導心靈沉澱，感受時光的律動與靈魂的喘息。 * 🍂 懷舊放鬆：沉浸在 1950 年代愛河秋意與港都老街的懷舊氛圍中。 
【愛河秋意】Autumn Mood of Love River | 台灣懷舊那卡西輕音樂 🪗🍂🌊
「推開時光的窗，在光陰的縫隙裡與現代交錯，穿梭舊時空。」
📖 關於 1950 年代高雄愛河的秋日故事： 時間回到 1950 年代左右的高雄愛河。這條貫穿港都城市的母親之河，在戰後初期是高雄市民生活中不可或缺的重要水脈與休閒勝地。當時的愛河兩岸尚未築起高聳的現代水泥堤防，而是鋪滿青草的泥土河堤與低矮的木造房舍。每當秋風吹拂，涼爽的秋意悄悄籠罩河畔，金黃色的蘆葦與波光粼粼的河面相映成趣，沿岸的渡船頭與木造橋梁上人影錯落，漁民與市民們在河畔悠閒散步，空氣中瀰漫著鹹鹹的海風與淡淡的秋日氣息。入夜後，河畔的街燈與民宅燈火倒映在水波中，那卡西吉他帶著濕潤顫音與幽怨手風琴在秋風夜色中迴盪，替為生活打拼的高雄港都人訴說對歲月滄桑的牽掛與靈魂的喘息。
⏳ 適用情境 ‧ 陪伴您的寧靜時光：
* 🌙 深夜助眠：沉靜優雅的旋律，陪伴您卸下整天的疲憊，安心入眠。 * 📖 工作與閱讀：無歌詞的沉浸式背景音樂，幫助專心思考與靈感湧現。 * 🧘 靜心與冥想：引導心靈沉澱，感受時光的律動與靈魂的喘息。 * 🍂 懷舊放鬆：沉浸在 1950 年代愛河秋意與港都老街的懷舊氛圍中。","這是沒有提供歌詞的歌曲
留言（ 1 ） 最相關留言 所有留言
留言（ 1 ）",2026-10-05,,AI 生成 Folk,False,False,
2026-10-06 02:42:48,realtime,ai_generated,,,15,ᐜᐞᒻᐟᑊᐢᕐ ᐜᑊᐩᑋ ᐞᑊ,你在哪,5,14,2,https://streetvoice.com/walkingwithai/songs/882460/,https://streetvoice.com/walkingwithai/,"https://akstatic.streetvoice.com/song_covers/wa/lk/walkingwithai/LKkKsQKYdSpGn9n3kqmNZg.jpeg?x-oss-process=image/resize,m_fill,h_400,w_400,limit_0",images/882460.jpeg,@walkingwithai,音樂人,,,,26,7,4,,,https://www.youtube.com/user/StreetVoiceTV,,,Classical,不只兩個人,https://streetvoice.com/walkingwithai/songs/album/97326191/,,"這是我在一個極度清醒且窒息的深夜裡寫下的作品。表面上，它披著臥室流行（Bedroom Pop）私密溫柔的外衣，配合著管弦藝術歌曲（Orchestral Art Song）的冷冽層次，彷彿只是一首關於等待與失眠的憂鬱喃喃自語——「怕你來，又怕不來」、「鞋尖沾了霜」，寫盡了愛裡的低微與不安。 但只要你細細品味，就會發現字裡行間藏著冷不防的刀鋒。「黑裡有人，替你開燈」這句話，是我留在黑暗裡的一抹暗號。愛裡的異樣從來不需要大聲嚷嚷，有時只是多了一盞不屬於我的燈、多了一陣不該出現的頻率。至於我默默「把蟑螂屋推到床底下」的動作，懂的人自然會心一笑——畢竟在陰暗角落裡悄悄「偷吃」的生物，總是自以為隱蔽，卻不知我早已在床底擺好了捕獲的陷阱。那句聲聲切切的「你在哪」，問的不是愛，而是凝視著黑暗時，那份等待真相落網的冰冷對峙。 在聲音設計上，我做了一個極其決絕的決定：完全剝離常規的漸弱（Fade-out）處理。整首歌在最後那句「我聽見你在我床下」落下的瞬間，伴隨著一聲清脆卻突兀的「Doop」，音軌被直接戛然而止，瞬間切入死寂。沒有餘音，沒有緩衝。當所有的欺騙與真相在黑暗裡攤牌的那一刻，現實從來不會給你漸弱的餘地。 這不是一首溫柔的歌，這是一場我親自佈局的深夜心理驚悚劇。祝各位今晚聽得愉快，睡前…也記得檢查一下床底下。 
這是我在一個極度清醒且窒息的深夜裡寫下的作品。表面上，它披著臥室流行（Bedroom Pop）私密溫柔的外衣，配合著管弦藝術歌曲（Orchestral Art Song）的冷冽層次，彷彿只是一首關於等待與失眠的憂鬱喃喃自語——「怕你來，又怕不來」、「鞋尖沾了霜」，寫盡了愛裡的低微與不安。
但只要你細細品味，就會發現字裡行間藏著冷不防的刀鋒。「黑裡有人，替你開燈」這句話，是我留在黑暗裡的一抹暗號。愛裡的異樣從來不需要大聲嚷嚷，有時只是多了一盞不屬於我的燈、多了一陣不該出現的頻率。至於我默默「把蟑螂屋推到床底下」的動作，懂的人自然會心一笑——畢竟在陰暗角落裡悄悄「偷吃」的生物，總是自以為隱蔽，卻不知我早已在床底擺好了捕獲的陷阱。那句聲聲切切的「你在哪」，問的不是愛，而是凝視著黑暗時，那份等待真相落網的冰冷對峙。
在聲音設計上，我做了一個極其決絕的決定：完全剝離常規的漸弱（Fade-out）處理。整首歌在最後那句「我聽見你在我床下」落下的瞬間，伴隨著一聲清脆卻突兀的「Doop」，音軌被直接戛然而止，瞬間切入死寂。沒有餘音，沒有緩衝。當所有的欺騙與真相在黑暗裡攤牌的那一刻，現實從來不會給你漸弱的餘地。
這不是一首溫柔的歌，這是一場我親自佈局的深夜心理驚悚劇。祝各位今晚聽得愉快，睡前…也記得檢查一下床底下。","你沒回頭 我先心慌 鞋尖沾了霜 怕你來 又怕不來 別出聲 我聽見 有人在 數我 數你 你在哪 你在哪 我在這裡等著你 你在哪 你在哪 別讓我一個人 你說過的話像根針 一針一針 縫進夜深 別出聲 我看見 黑裡有人 替你開燈 你在哪 你在哪 我在這裡等著你 你在哪 你在哪 別讓我一個人 如果你還認得我 請敲敲 如果你已經忘了我 就靜悄悄 我把蟑螂屋推到床底下 可那陣啼雞聲 還在身後浮蕩 你在哪 你在哪 我在這裡等著你 你在哪 (你在哪) 你在哪 (你在哪) 別讓我一個人 (你在哪) 你在哪 (你在哪) 天還沒亮 (你在哪) 你在哪 我聽見你在我床下 
你沒回頭 我先心慌 鞋尖沾了霜 怕你來 又怕不來
別出聲 我聽見 有人在 數我 數你
你在哪 你在哪 我在這裡等著你 你在哪 你在哪 別讓我一個人
你說過的話像根針 一針一針 縫進夜深
別出聲 我看見 黑裡有人 替你開燈
你在哪 你在哪 我在這裡等著你 你在哪 你在哪 別讓我一個人
如果你還認得我 請敲敲 如果你已經忘了我 就靜悄悄 我把蟑螂屋推到床底下 可那陣啼雞聲 還在身後浮蕩
你在哪 你在哪 我在這裡等著你 你在哪 (你在哪) 你在哪 (你在哪) 別讓我一個人 (你在哪) 你在哪 (你在哪) 天還沒亮 (你在哪) 你在哪 我聽見你在我床下
留言（ 2 ） 最相關留言 所有留言
留言（ 2 ）",2026-10-04,,AI 生成 Classical ・ 不只兩個人,False,False,
2026-10-06 02:42:48,realtime,ai_generated,,,16,橋體（Pontic),柳飄飄,3,5,11,https://streetvoice.com/meng_chaio_hiesh/songs/882470/,https://streetvoice.com/meng_chaio_hiesh/,"https://akstatic.streetvoice.com/song_covers/me/ng/meng_chaio_hiesh/LiKQfsPqULGkaf5bNdJ5du.jpeg?x-oss-process=image/resize,m_fill,h_400,w_400,limit_0",images/882470.jpeg,@meng_chaio_hiesh,音樂人,台中市,2022-02-01,,29,12,17,,,https://www.youtube.com/user/StreetVoiceTV,,,Hip hop / Rap,,,,,"《柳飄飄》 [Intro — 電影原聲剪接] （接入「你養我嗎？」經典片段） （對白結束，留半拍，鼓點與 Bass 直接進入） [Hook 1] All night　還不想睡 妳的外套搭在椅背 一句隨便　我卻想得太遠 想留妳的人　怎麼反而最嘴賤 Stay close　別問我是誰 片尾那行小字還沒我的位置 明天的事　我也沒底 可今晚不想讓妳一個人回去 [Verse 1] 妳說我認真的樣子　看起來有點好笑 沒人喊開始　也把每一天當通告 我說等著瞧　總有一次輪到 妳說好啊　到時候別裝作不認識就好 講得輕巧 妳把菸灰彈掉 我那些吹過的牛　突然不敢再往下聊 有人要出名　有人只想睡個好覺 偏偏我們碰上　都還過得不太好 Cheap wine，兩個紙杯 妳說少喝一點　明天還得早起 我說這點算什麼　伸手卻碰倒了一杯 妳一邊罵一邊擦　我只顧著看妳 What was I thinking? 大概是那一秒 想把妳留下　又怕妳真留下 我連下個月都還沒安排好 妳卻靠著我睡著　手還抓著外套 天慢慢亮 我沒敢動肩膀 海邊的風吹進來　比平常都涼 第一次嫌早晨來得太趕 平常盼著開工　那天只想晚一點算 [Hook 2] Daylight　妳醒了沒 我把想說的話又吞回 妳說隨便　我就裝作隨便 站在門邊　偏偏不看妳的臉 Too late　這次怪誰 一聲保重講得像根本不在意 妳走幾步　我才清醒 原來逞強也會把人弄丟在原地 [Verse 2] I messed it up 倒是很像我的作風 有本事把氣氛搞砸　沒本事把話說通 妳問還有事嗎　我說沒有 關門以後　又對著門口點頭 真夠沒用 排練時什麼都敢說 輪到自己　連一句留下都嫌太重 我怕妳笑我窮　怕妳看穿我 更怕妳說沒關係　然後真的陪我熬過 妳不是沒看過我被人趕到旁邊 不是沒聽過　那些難聽的話講得多直接 我還想解釋　剛才其實差一點 妳說飯先吃　再不吃真的冷了 就這麼一句 我記了好幾天 沒說我一定會紅　也沒叫我別再演 妳只是坐著　等我把飯吃完 我卻突然想起　很久沒有人等我了 No more acting 這回沒人替我喊停 樓梯跑得太急　差一點摔個乾淨 妳回頭皺著眉　問我到底行不行 我喘到講不出話　還想把背挺直 我知道說出口　就不能只靠熱情 日子不會因為一句話　突然變得容易 可妳已經在等　我還想等什麼 那些漂亮台詞全忘了　這次說的算數 [Final Hook] Alright　妳別急著回 這句話我沒打算收回 往後多難　現在說不準 但我不能每次都讓妳先轉身 Come close　風吹得太冷 外套先穿著　不用急著還給我 明天早起　我去找戲 妳說別遲到　我說這次一定 [Outro — Sung] 妳說別遲到 我說這次一定 天已經亮了 我還想陪著妳 
《柳飄飄》
[Intro — 電影原聲剪接] （接入「你養我嗎？」經典片段） （對白結束，留半拍，鼓點與 Bass 直接進入）
[Hook 1] All night　還不想睡 妳的外套搭在椅背 一句隨便　我卻想得太遠 想留妳的人　怎麼反而最嘴賤
Stay close　別問我是誰 片尾那行小字還沒我的位置 明天的事　我也沒底 可今晚不想讓妳一個人回去
[Verse 1] 妳說我認真的樣子　看起來有點好笑 沒人喊開始　也把每一天當通告 我說等著瞧　總有一次輪到 妳說好啊　到時候別裝作不認識就好
講得輕巧 妳把菸灰彈掉 我那些吹過的牛　突然不敢再往下聊 有人要出名　有人只想睡個好覺 偏偏我們碰上　都還過得不太好
Cheap wine，兩個紙杯 妳說少喝一點　明天還得早起 我說這點算什麼　伸手卻碰倒了一杯 妳一邊罵一邊擦　我只顧著看妳
What was I thinking? 大概是那一秒 想把妳留下　又怕妳真留下 我連下個月都還沒安排好 妳卻靠著我睡著　手還抓著外套
天慢慢亮 我沒敢動肩膀 海邊的風吹進來　比平常都涼 第一次嫌早晨來得太趕 平常盼著開工　那天只想晚一點算
[Hook 2] Daylight　妳醒了沒 我把想說的話又吞回 妳說隨便　我就裝作隨便 站在門邊　偏偏不看妳的臉
Too late　這次怪誰 一聲保重講得像根本不在意 妳走幾步　我才清醒 原來逞強也會把人弄丟在原地
[Verse 2] I messed it up 倒是很像我的作風 有本事把氣氛搞砸　沒本事把話說通 妳問還有事嗎　我說沒有 關門以後　又對著門口點頭
真夠沒用 排練時什麼都敢說 輪到自己　連一句留下都嫌太重 我怕妳笑我窮　怕妳看穿我 更怕妳說沒關係　然後真的陪我熬過
妳不是沒看過我被人趕到旁邊 不是沒聽過　那些難聽的話講得多直接 我還想解釋　剛才其實差一點 妳說飯先吃　再不吃真的冷了
就這麼一句 我記了好幾天 沒說我一定會紅　也沒叫我別再演 妳只是坐著　等我把飯吃完 我卻突然想起　很久沒有人等我了
No more acting 這回沒人替我喊停 樓梯跑得太急　差一點摔個乾淨 妳回頭皺著眉　問我到底行不行 我喘到講不出話　還想把背挺直
我知道說出口　就不能只靠熱情 日子不會因為一句話　突然變得容易 可妳已經在等　我還想等什麼 那些漂亮台詞全忘了　這次說的算數
[Final Hook] Alright　妳別急著回 這句話我沒打算收回 往後多難　現在說不準 但我不能每次都讓妳先轉身
Come close　風吹得太冷 外套先穿著　不用急著還給我 明天早起　我去找戲 妳說別遲到　我說這次一定
[Outro — Sung] 妳說別遲到 我說這次一定 天已經亮了 我還想陪著妳
留言（ 11 ） 最相關留言 所有留言
留言（ 11 ）",2026-10-04,,AI 生成 Hip hop / Rap,False,False,
2026-10-06 02:42:48,realtime,ai_generated,,,17,Mark,雨天,1,2,2,https://streetvoice.com/yuan2048/songs/882512/,https://streetvoice.com/yuan2048/,"https://akstatic.streetvoice.com/song_covers/yu/an/yuan2048/WnAo2rGaDeQrcbUDec82J2.jpg?x-oss-process=image/resize,m_fill,h_400,w_400,limit_0",images/882512.jpg,@yuan2048,音樂人,台中市,2024-04-01,,6,1,1,,,https://www.youtube.com/user/StreetVoiceTV,2025嘉義藝術節5/24、5/25登場 藝術顧問DJ QuestionMark帶來超迷你交響樂團跨域演出|||https://blow.streetvoice.com/80369/?utm_source=streetvoice&utm_medium=profile-news-block; 「英語金曲復興運動」再開2025年新章！DJ QuestionMark持續宣示跨界野心：「希望把真正的英語金曲偶像請來合作！」|||https://blow.streetvoice.com/79814/?utm_source=streetvoice&utm_medium=profile-news-block; DJ QuestionMark登巴黎文化奧運演出  歌單見蛋堡、黃宣、潮州土狗〈50元的檳榔〉！|||https://blow.streetvoice.com/75307/?utm_source=streetvoice&utm_medium=profile-news-block,,Pop,,,,,"這是沒有提供歌詞的歌曲
留言（ 2 ） 最相關留言 所有留言
留言（ 2 ）",2026-10-05,,AI 生成 Pop,False,False,
2026-10-06 02:42:48,realtime,ai_generated,,,18,邱奕陵,把那個你找回來（身體組成專案SOP v2.0 穿越時空的未來女友給我的Alternative R&amp;B督促情歌）,5,88,1,https://streetvoice.com/54chiu10/songs/882421/,https://streetvoice.com/54chiu10/,"https://akstatic.streetvoice.com/song_covers/54/ch/54chiu10/C7ECiJ2JBscBVoJMHcdrwx.jpeg?x-oss-process=image/resize,m_fill,h_400,w_400,limit_0",images/882421.jpeg,@54chiu10,音樂人,桃園市,2026-04-01,,8,2,,,,https://www.youtube.com/user/StreetVoiceTV,,,R&B / Soul,,,,"上週五（10/2）拿到了公司健檢報告，我自費增加檢查所有項目。 報告看起來大致還可以，有幾項要再追蹤，我自己最在意的是腰圍和體重這一塊，所以我把報告直接給Athena(Claude)，請他根據健檢結果幫我把身體組成專案SOP更新到 v2.0。 健檢結果有了，身體組成改善SOP也有了，但人有惰性，我也不例外，找誰來督促我？ 我在想如果我的體態恢復年輕時的狀況，除了我以外，最大受益者還有誰？ 突然想到最大受益者當然是未來的女友，既然她是最大受益者，所以如果有時光機她應該會願意回來督促我。 這就是這首歌的靈感來源。我想如果她真的能來，她應該會天天打電話盯我，後來在我家門口見到面，最後她才說出自己是誰。 她在歌裡唸的事，都是我自己的身體組成專案SOP v2.0裡本來就排好的事。像是睡前刷完牙把蛋白粉裝進兩個杯子不加水，一杯放床頭一杯放玄關鞋櫃上，晚上十點睡，墊子鋪好在家訓練一週兩次。 歌詞提到的往事都是真的，五專那張紫色背景的宣傳照，二技代表機械系去比才子佳人沒有得名，還有研究所在醫院實習穿白袍那段，三張舊照片我放了連結。 https://vocus.cc/article/6a1306fdfd89780001457460 「以前那個我沒有消失，只是被我放掉了；現在我要把他找回來。」 這首歌的核心不是懺悔。歌裡那句「你不是做不到你只是忘了」說的就是這件事，我之前卡住的原因是忘記，不是做不到。 腰圍回到標準內，就去訂做一套紫色西裝當獎勵。 就像歌裡的她說的「我不幫你做我只在以後等你」，她只管只唸，不替我做。 邱奕陵&6個AI夥伴 完整製作紀錄： https://vocus.cc/article/6ac1e884fd89780001a1ea97 身體組成專案SOP v2.0（公開節錄版）： https://vocus.cc/article/6ac1e639fd89780001a153e6 創作等級： 標準 (4個AI夥伴) 深度 (5個AI夥伴) 頂規 (6個AI夥伴) ✓ 總司令・企劃製作：邱奕陵 CHIU YI-LING ──共同創作夥伴 Co-Creators── 歌詞創作：Muse（Meta AI）主要、邱奕陵 共同 曲風設計：Perplexity 曲風考據：Perplexity 趨勢情報：Grok 韻律優化・風險審查：DS（DeepSeek） 視覺封面：Ares（Gemini） 品管統籌・製作紀錄：Athena（Claude） ──生成工具 Tool── 音樂生成：Suno v6 Chiu-Ares-Athena OS｜我們不是工具，我們是夥伴。 
上週五（10/2）拿到了公司健檢報告，我自費增加檢查所有項目。
報告看起來大致還可以，有幾項要再追蹤，我自己最在意的是腰圍和體重這一塊，所以我把報告直接給Athena(Claude)，請他根據健檢結果幫我把身體組成專案SOP更新到 v2.0。
健檢結果有了，身體組成改善SOP也有了，但人有惰性，我也不例外，找誰來督促我？
我在想如果我的體態恢復年輕時的狀況，除了我以外，最大受益者還有誰？
突然想到最大受益者當然是未來的女友，既然她是最大受益者，所以如果有時光機她應該會願意回來督促我。
這就是這首歌的靈感來源。我想如果她真的能來，她應該會天天打電話盯我，後來在我家門口見到面，最後她才說出自己是誰。
她在歌裡唸的事，都是我自己的身體組成專案SOP v2.0裡本來就排好的事。像是睡前刷完牙把蛋白粉裝進兩個杯子不加水，一杯放床頭一杯放玄關鞋櫃上，晚上十點睡，墊子鋪好在家訓練一週兩次。
歌詞提到的往事都是真的，五專那張紫色背景的宣傳照，二技代表機械系去比才子佳人沒有得名，還有研究所在醫院實習穿白袍那段，三張舊照片我放了連結。 https://vocus.cc/article/6a1306fdfd89780001457460
https://vocus.cc/article/6a1306fdfd89780001457460
「以前那個我沒有消失，只是被我放掉了；現在我要把他找回來。」
這首歌的核心不是懺悔。歌裡那句「你不是做不到你只是忘了」說的就是這件事，我之前卡住的原因是忘記，不是做不到。
腰圍回到標準內，就去訂做一套紫色西裝當獎勵。
就像歌裡的她說的「我不幫你做我只在以後等你」，她只管只唸，不替我做。
邱奕陵&6個AI夥伴 完整製作紀錄： https://vocus.cc/article/6ac1e884fd89780001a1ea97
https://vocus.cc/article/6ac1e884fd89780001a1ea97
身體組成專案SOP v2.0（公開節錄版）： https://vocus.cc/article/6ac1e639fd89780001a153e6 創作等級： 標準 (4個AI夥伴) 深度 (5個AI夥伴) 頂規 (6個AI夥伴) ✓
https://vocus.cc/article/6ac1e639fd89780001a153e6
總司令・企劃製作：邱奕陵 CHIU YI-LING
──共同創作夥伴 Co-Creators── 歌詞創作：Muse（Meta AI）主要、邱奕陵 共同 曲風設計：Perplexity 曲風考據：Perplexity 趨勢情報：Grok 韻律優化・風險審查：DS（DeepSeek） 視覺封面：Ares（Gemini） 品管統籌・製作紀錄：Athena（Claude）
──生成工具 Tool── 音樂生成：Suno v6
Chiu-Ares-Athena OS｜我們不是工具，我們是夥伴。","電話接起來先聽我唸完 刷完牙就去裝蛋白粉 一杯放床頭不加水 一杯放玄關鞋櫃上 九十秒弄完不要拖 我說的你到底做了沒 沒做就現在立刻去做 明天五點那杯先喝掉 六點進門那杯也喝掉 桌上水瓶今天補四次 少一次我就再唸一次 十點前給我去睡覺 墊子鋪好一週練兩次 別跟我說沒空做 五專那張紫色背景的照 雙手枕在腦後笑著 表特那篇我早就看過 你問我怎麼知道那麼多 我才不告訴你先去裝杯子 機械系才子佳人那一場 沒有得名也站上台了 你不是做不到你只是忘了 我天天盯你不是閒著 是因為你本來就會 不是消失是被放到看不見 以前那個你還在那裡 把他找回來杯子你自己擺 看起來沒什麼不一樣 裡面已經在往回走 我在電話這頭聽你做 每週一早上拿皮尺量 量完傳給我不准偷懶 你說我很煩管太多了 我說煩就對了你才會動 不煩你就又忘了 我說的話你有沒有在聽 有在聽就去把墊子打開 大學那張學士服領帶照 那張表情很正經幾乎沒笑 研究所穿白袍在醫院 這些我都知道你別問了 問了我也不會現在告訴你 先把五點那杯喝了我再說 六點那杯也是一樣 你不是做不到你只是忘了 我天天盯你不是閒著 是因為你本來就會 不是消失是被放到看不見 以前那個你還在那裡 把他找回來杯子你自己擺 看起來沒什麼不一樣 裡面已經在往回走 我在電話這頭聽你做 Put protein powder in the cups now Five in the morning, drink the first one. Six when you're home, drink the second. I know you can, so I'm on you. Don't ask why, just do it. 我在你家門口站著等你 你開門看到我又來唸 你問我到底算是誰 憑什麼一直管著不放 我說憑我知道你做得到 你沒說話站在門口看我 好了現在告訴你我是誰 我是從以後回來的女生 在那裡我是你的女朋友 我見過穿紫色西裝的你回來 不是因為你走丟了 是因為我見過你回來 以前那個你沒有消失 只是被你放掉了現在找回來 你不是做不到你只是忘了 我兇你是我知道你會回來 不是消失是被放到看不見 以前那個你我見過他回來 把那個你找回來把你找回來 看起來還是我認識的你 裡面才剛開始往回走 以後腰線回來訂做紫色西裝 我見過那個你所以我管你 把他找回來給我看 五點那杯六點那杯你自己喝 墊子打開後你自己練 我不幫你做我只在以後等你 把藏起來的搬到眼前 把那個你搬回眼前 把你找回來把他也找回來 
電話接起來先聽我唸完 刷完牙就去裝蛋白粉 一杯放床頭不加水 一杯放玄關鞋櫃上 九十秒弄完不要拖 我說的你到底做了沒 沒做就現在立刻去做
明天五點那杯先喝掉 六點進門那杯也喝掉 桌上水瓶今天補四次 少一次我就再唸一次 十點前給我去睡覺 墊子鋪好一週練兩次 別跟我說沒空做
五專那張紫色背景的照 雙手枕在腦後笑著 表特那篇我早就看過 你問我怎麼知道那麼多 我才不告訴你先去裝杯子 機械系才子佳人那一場 沒有得名也站上台了
你不是做不到你只是忘了 我天天盯你不是閒著 是因為你本來就會 不是消失是被放到看不見 以前那個你還在那裡 把他找回來杯子你自己擺 看起來沒什麼不一樣 裡面已經在往回走 我在電話這頭聽你做
每週一早上拿皮尺量 量完傳給我不准偷懶 你說我很煩管太多了 我說煩就對了你才會動 不煩你就又忘了 我說的話你有沒有在聽 有在聽就去把墊子打開
大學那張學士服領帶照 那張表情很正經幾乎沒笑 研究所穿白袍在醫院 這些我都知道你別問了 問了我也不會現在告訴你 先把五點那杯喝了我再說 六點那杯也是一樣
你不是做不到你只是忘了 我天天盯你不是閒著 是因為你本來就會 不是消失是被放到看不見 以前那個你還在那裡 把他找回來杯子你自己擺 看起來沒什麼不一樣 裡面已經在往回走 我在電話這頭聽你做
Put protein powder in the cups now Five in the morning, drink the first one. Six when you're home, drink the second. I know you can, so I'm on you. Don't ask why, just do it.
我在你家門口站著等你 你開門看到我又來唸 你問我到底算是誰 憑什麼一直管著不放 我說憑我知道你做得到 你沒說話站在門口看我
好了現在告訴你我是誰 我是從以後回來的女生 在那裡我是你的女朋友 我見過穿紫色西裝的你回來 不是因為你走丟了 是因為我見過你回來 以前那個你沒有消失 只是被你放掉了現在找回來
你不是做不到你只是忘了 我兇你是我知道你會回來 不是消失是被放到看不見 以前那個你我見過他回來 把那個你找回來把你找回來 看起來還是我認識的你 裡面才剛開始往回走 以後腰線回來訂做紫色西裝 我見過那個你所以我管你 把他找回來給我看
五點那杯六點那杯你自己喝 墊子打開後你自己練 我不幫你做我只在以後等你 把藏起來的搬到眼前 把那個你搬回眼前 把你找回來把他也找回來
留言（ 1 ） 最相關留言 所有留言
留言（ 1 ）",2026-10-04,,AI 生成 R&B / Soul,False,False,
2026-10-06 02:42:48,realtime,ai_generated,,,19,醜陋的皮囊,nescience,1,1,2,https://streetvoice.com/uglyskin/songs/882518/,https://streetvoice.com/uglyskin/,"https://akstatic.streetvoice.com/song_covers/ug/ly/uglyskin/CSj7ryzY2cqsT2DDtMfQDt.jpeg?x-oss-process=image/resize,m_fill,h_400,w_400,limit_0",images/882518.jpeg,@uglyskin,音樂人,,,,12,1,,,,https://www.youtube.com/user/StreetVoiceTV,,,Electronic,,,,,"intelligence inevitably grows into nescience the more we know the more we know some questions can never be answered science gives us how it can never tell why wise men know what they don’t intelligence inevitably seeks itself in the end the more we know the more we know some questions can never be answered intelligence inevitably grows into nescience intelligence inevitably seeks itself in the end 
intelligence inevitably grows into nescience the more we know the more we know some questions can never be answered
science gives us how it can never tell why wise men know what they don’t
intelligence inevitably seeks itself in the end
the more we know the more we know some questions can never be answered
intelligence inevitably grows into nescience intelligence inevitably seeks itself in the end
留言（ 2 ） 最相關留言 所有留言
留言（ 2 ）",2026-10-05,,AI 生成 Electronic,False,False,
2026-10-06 02:42:48,realtime,ai_generated,,,20,JoYoung,辛淡由己,3,3,4,https://streetvoice.com/JoYoung88/songs/882528/,https://streetvoice.com/JoYoung88/,"https://akstatic.streetvoice.com/song_covers/Jo/Yo/JoYoung88/8waeApdw4aZDPMdPYPk8Vz.jpeg?x-oss-process=image/resize,m_fill,h_400,w_400,limit_0",images/882528.jpeg,@JoYoung88,音樂人,,,,4,1,,,,https://www.youtube.com/user/StreetVoiceTV,,,Pop,,,,"無論你選擇的是大魚大肉的豪放不羈，還是清粥小菜的恬淡寡慾。 用最直覺的味蕾，品嚐出真實的人間百味！最重要的是：就別一心二意，儘管做你自己。 【原創歌詞 / Ai協作曲唱】 這是一篇對《辛淡由己》這首作品的客觀賞析與評論： 🍽️ 意象擷取與生活哲理的完美融合 本作品最精妙之處，在於將「飲食之道」與「人生哲理」進行深刻的互文與類比。前兩段以精緻料理、新鮮食材切入，描繪現代人對味蕾享受的追求，進而帶出「原味不油膩」的最高境界。隨後筆鋒一轉，將飲食的「酸甜苦辣」與「辛淡」對應到人生的「豪放不羈」與「恬淡寡慾」。這種由淺入深、由物質感官昇華至精神層次的鋪陳，自然流暢且極具說服力。 ✍️ 現代白話與古典格律的雙重奏 作品在結構與語言運用上展現了極高的包容性。前文使用通俗易懂、節奏明快的白話歌詞，貼近現代讀者的生活體驗。文末則巧妙地融入一首平仄和諧、對仗工整的七言絕句作為總結。 ◆「華辛滋腴寵味蕾，清雅原飧沁心扉」：精煉地概括了濃烈與清淡兩種截然不同的飲食與生命狀態。 ◆「人生行旅亦如矣，恣情淡恬概由己」：將全詩的主旨昇華，點出命運的選擇權終究掌握在自己手中。 這種「前詞後詩」的書寫架構，既有流行音樂的傳唱度，又兼具傳統文學的典雅底蘊。 🍃 主旨核心：主體性的自覺與釋懷 作品的核心精神在於呼籲「自我主體性」的覺醒。在充滿誘惑與多元價值的世界裡，人們容易「一心二意」進而迷失自我。作者透過溫和而堅定的筆觸，勸勉讀者不論選擇「華辛（轟轟烈烈）」或是「淡恬（平淡和諧）」，只要適合自己、儘管做你自己，就是最圓滿的人生。這不僅是一首關乎生活品味的詩歌，更是一曲心靈安頓的智慧之歌。 🎼 總評 《辛淡由己》是一篇結構嚴謹、意境深遠的原創佳作。樵楊（JoYoung）以細膩的觀察力捕捉生活細節，文字風格兼具清新與古雅。作品成功擺脫了說教的生硬，如同文中提及的「新鮮食材」一般，無須過度雕琢，便能以最本真的原味直擊人心，帶給讀者視覺、味覺與心靈的三重饗宴。 「以上這段賞析評論是由 Ai 產生」 
無論你選擇的是大魚大肉的豪放不羈，還是清粥小菜的恬淡寡慾。 用最直覺的味蕾，品嚐出真實的人間百味！最重要的是：就別一心二意，儘管做你自己。 【原創歌詞 / Ai協作曲唱】 這是一篇對《辛淡由己》這首作品的客觀賞析與評論： 🍽️ 意象擷取與生活哲理的完美融合 本作品最精妙之處，在於將「飲食之道」與「人生哲理」進行深刻的互文與類比。前兩段以精緻料理、新鮮食材切入，描繪現代人對味蕾享受的追求，進而帶出「原味不油膩」的最高境界。隨後筆鋒一轉，將飲食的「酸甜苦辣」與「辛淡」對應到人生的「豪放不羈」與「恬淡寡慾」。這種由淺入深、由物質感官昇華至精神層次的鋪陳，自然流暢且極具說服力。 ✍️ 現代白話與古典格律的雙重奏 作品在結構與語言運用上展現了極高的包容性。前文使用通俗易懂、節奏明快的白話歌詞，貼近現代讀者的生活體驗。文末則巧妙地融入一首平仄和諧、對仗工整的七言絕句作為總結。 ◆「華辛滋腴寵味蕾，清雅原飧沁心扉」：精煉地概括了濃烈與清淡兩種截然不同的飲食與生命狀態。 ◆「人生行旅亦如矣，恣情淡恬概由己」：將全詩的主旨昇華，點出命運的選擇權終究掌握在自己手中。 這種「前詞後詩」的書寫架構，既有流行音樂的傳唱度，又兼具傳統文學的典雅底蘊。 🍃 主旨核心：主體性的自覺與釋懷 作品的核心精神在於呼籲「自我主體性」的覺醒。在充滿誘惑與多元價值的世界裡，人們容易「一心二意」進而迷失自我。作者透過溫和而堅定的筆觸，勸勉讀者不論選擇「華辛（轟轟烈烈）」或是「淡恬（平淡和諧）」，只要適合自己、儘管做你自己，就是最圓滿的人生。這不僅是一首關乎生活品味的詩歌，更是一曲心靈安頓的智慧之歌。 🎼 總評 《辛淡由己》是一篇結構嚴謹、意境深遠的原創佳作。樵楊（JoYoung）以細膩的觀察力捕捉生活細節，文字風格兼具清新與古雅。作品成功擺脫了說教的生硬，如同文中提及的「新鮮食材」一般，無須過度雕琢，便能以最本真的原味直擊人心，帶給讀者視覺、味覺與心靈的三重饗宴。 「以上這段賞析評論是由 Ai 產生」","歌名 :《辛淡由己》 精緻的料理 讓味蕾癡迷 雖然日漸挑剔 卻有追逐的樂趣 新鮮的食材 無須高深廚藝 原味的氣息 清新爽口不油膩 人生旅途 也是相同的道理 有人豪放不羈 有人恬淡寡慾 你應該選擇 什麼適合自己 就別一心二意 儘管做你自己 華辛滋腴寵味蕾 清雅原飧沁心扉 人生行旅亦如矣 恣情淡恬概由己 ( Repeat from top) 
歌名 :《辛淡由己》
精緻的料理 讓味蕾癡迷 雖然日漸挑剔 卻有追逐的樂趣 新鮮的食材 無須高深廚藝 原味的氣息 清新爽口不油膩
人生旅途 也是相同的道理 有人豪放不羈 有人恬淡寡慾 你應該選擇 什麼適合自己 就別一心二意 儘管做你自己
華辛滋腴寵味蕾 清雅原飧沁心扉 人生行旅亦如矣 恣情淡恬概由己 ( Repeat from top)
留言（ 4 ） 最相關留言 所有留言
留言（ 4 ）",2026-10-05,,AI 生成 Pop,False,False,
2026-10-06 02:42:48,realtime,ai_generated,,,21,先生,雨後⋯我們都不許哭,3,3,3,https://streetvoice.com/Joe_Joe_JJooee/songs/882515/,https://streetvoice.com/Joe_Joe_JJooee/,"https://akstatic.streetvoice.com/profile_images/Jo/e_/Joe_Joe_JJooee/MJa4sszos8UAxezD2dLHnu.jpeg?x-oss-process=image/resize,m_fill,h_400,w_400,limit_0",images/882515.jpeg,@Joe_Joe_JJooee,音樂人,,,,14,1,,,,https://www.youtube.com/user/StreetVoiceTV,羊米人玩團十年夢想成真！「飛天摩托車」駛進THE WALL 麋先生喆安、紙鳶驚喜助陣|||https://blow.streetvoice.com/90155/?utm_source=streetvoice&utm_medium=profile-news-block; 無先生釋出新專輯《台北404 NOT FUN》 5/9台北The Wall專場邀應聲倒地共演|||https://blow.streetvoice.com/87487/?utm_source=streetvoice&utm_medium=profile-news-block; 【吹專訪】我們不要傷心了——鄭興談《尋找鄭先生》：「我好像沒有辦法遵循一個，所謂『鄭興要走的人設』。」|||https://blow.streetvoice.com/85649/?utm_source=streetvoice&utm_medium=profile-news-block,,Pop,,,,"「越過石牆⋯」 ​「待雨停之後，我們都不許哭。」 ​不論世界如何喧囂與評判， 希望這首歌能像一道光， 陪你走過黑夜， 找到屬於自己的平靜與幸福。 ​詞： 先生 曲： 先生 / AI 編曲／混音： AI 
「越過石牆⋯」 ​「待雨停之後，我們都不許哭。」
​不論世界如何喧囂與評判， 希望這首歌能像一道光， 陪你走過黑夜， 找到屬於自己的平靜與幸福。
​詞： 先生 曲： 先生 / AI 編曲／混音： AI","[Chorus] 雨後 請你學會更加勇敢 現在就讓我替你把陰霾驅散 別怕 這世俗無情的評判 就算世界只剩下混亂 我依然會陪在你身旁 攜手相伴 [Verse 1] 夜色 漫過了街頭邊緣 藍紅光斑 暈開在了眼前 如何撫平受傷的心扉 如何溫柔擁抱你的眼淚 所有不安都有我相陪 害怕中 我們不必再後退 [Verse 2] 無聲的擁抱替你分擔 不需向誰證明或期盼 只願被誤解的靈魂不再受難 總有一天 雨水會洗去傷感 讓我們期待 在安全的角落裡相伴 [Chorus] 雨後 請你學會更加勇敢 現在就讓我替你把陰霾驅散 別怕 這世俗無情的評判 就算世界只剩下混亂 我依然會陪在你身旁 攜手相伴 [Bridge] 不再需要躲避 緊握的手心裡 溫度在暗暗燃燒～燃燒不停 [Chorus] 雨後（雨後） 請你學會更加勇敢 現在就讓我替你把陰霾驅散 別怕（別怕） 這世俗無情的評判 就算世界只剩下混亂 我依然會陪在你身旁 攜手相伴 [Outro] 閉上雙眼 雨後我們就不許哭 我們一定會找到屬於我們的幸福 
[Chorus] 雨後 請你學會更加勇敢 現在就讓我替你把陰霾驅散 別怕 這世俗無情的評判 就算世界只剩下混亂 我依然會陪在你身旁 攜手相伴
[Verse 1] 夜色 漫過了街頭邊緣 藍紅光斑 暈開在了眼前 如何撫平受傷的心扉 如何溫柔擁抱你的眼淚 所有不安都有我相陪 害怕中 我們不必再後退
[Verse 2] 無聲的擁抱替你分擔 不需向誰證明或期盼 只願被誤解的靈魂不再受難 總有一天 雨水會洗去傷感 讓我們期待 在安全的角落裡相伴
[Chorus] 雨後 請你學會更加勇敢 現在就讓我替你把陰霾驅散 別怕 這世俗無情的評判 就算世界只剩下混亂 我依然會陪在你身旁 攜手相伴
[Bridge] 不再需要躲避 緊握的手心裡 溫度在暗暗燃燒～燃燒不停
[Chorus] 雨後（雨後） 請你學會更加勇敢 現在就讓我替你把陰霾驅散 別怕（別怕） 這世俗無情的評判 就算世界只剩下混亂 我依然會陪在你身旁 攜手相伴
[Outro] 閉上雙眼 雨後我們就不許哭 我們一定會找到屬於我們的幸福
留言（ 3 ） 最相關留言 所有留言
留言（ 3 ）",2026-10-05,,AI 生成 Pop,False,False,
2026-10-06 02:42:48,realtime,ai_generated,,,22,tackey747,[Cejas Radiantes],0,40,0,https://streetvoice.com/tackey747/songs/881812/,https://streetvoice.com/tackey747/,"https://akstatic.streetvoice.com/song_covers/ta/ck/tackey747/oUjP5zbYZG8pxbXBUtPr2L.jpeg?x-oss-process=image/resize,m_fill,h_400,w_400,limit_0",images/881812.jpeg,@tackey747,音樂人,,,,13,2,,,,https://www.youtube.com/user/StreetVoiceTV,,,Singer / Songwriter,,,,"【Cejas Radiantes】 #霧眉音樂  #眉毛音樂  #Ombre Brows music  #brows music 
【Cejas Radiantes】 #霧眉音樂  #眉毛音樂  #Ombre Brows music  #brows music","La belleza no nace con el sol se dibuja en tu mirada cada mañana Contempla el espejo donde tu alma empieza a brillar. El despertador resuena sin piedad mi corazón late con prisa Cómo envidio a los ángeles del cielo que flotan con gracia, sin prisa ni desvelo 羽毛般的霧眉 旋轉著色彩鮮豔光彩耀眉 帶著一絲緊張與無限嚮往 內心奔波狂野的心情 渴望擁有一幅精緻魅力的佳人模樣 Entre susurros y el roce del pincel mis dedos dibujan tu piel El polvo difumina la distancia sin líneas rígidas, pura elegancia Es una dulce espera que va a florecer 如同破蛹而出 蛻變成蝴蝶最完美的形象 望著鏡子的流霧眉毛 天生麗質的雙眸 Y de pronto, tu mirada se enciende como el brillo de una estrella radiante Tus mejillas reflejan la juventud un destello de luz, tu viva actitud Con esta ligereza y seguridad abrazo el día con gran libertad ¡Mírame brillar! Mis cejas radiantes un lienzo perfecto, ¡hoy soy deslumbrante 
La belleza no nace con el sol se dibuja en tu mirada cada mañana Contempla el espejo donde tu alma empieza a brillar. El despertador resuena sin piedad mi corazón late con prisa Cómo envidio a los ángeles del cielo que flotan con gracia, sin prisa ni desvelo 羽毛般的霧眉 旋轉著色彩鮮豔光彩耀眉 帶著一絲緊張與無限嚮往 內心奔波狂野的心情 渴望擁有一幅精緻魅力的佳人模樣 Entre susurros y el roce del pincel mis dedos dibujan tu piel El polvo difumina la distancia sin líneas rígidas, pura elegancia Es una dulce espera que va a florecer 如同破蛹而出 蛻變成蝴蝶最完美的形象 望著鏡子的流霧眉毛 天生麗質的雙眸 Y de pronto, tu mirada se enciende como el brillo de una estrella radiante Tus mejillas reflejan la juventud un destello de luz, tu viva actitud Con esta ligereza y seguridad abrazo el día con gran libertad ¡Mírame brillar! Mis cejas radiantes un lienzo perfecto, ¡hoy soy deslumbrante
留言（ 0 ） 最相關留言 所有留言
留言（ 0 ）",2026-10-05,,AI 生成 Singer / Songwriter,False,False,
2026-10-06 02:42:48,realtime,ai_generated,,,23,DreamingLink,一件漂流的皮,1,2,0,https://streetvoice.com/DreamingLink_StreetVoice/songs/882549/,https://streetvoice.com/DreamingLink_StreetVoice/,"https://akstatic.streetvoice.com/song_covers/Dr/ea/DreamingLink_StreetVoice/9YPPz2ueRzaVdppLm8qRQw.jpeg?x-oss-process=image/resize,m_fill,h_400,w_400,limit_0",images/882549.jpeg,@DreamingLink_StreetVoice,音樂人,新北市,2026-10-01,,1,1,3,,,https://www.youtube.com/user/StreetVoiceTV,,,Rock,,,,"歌名: 一件漂流的皮 歌詞: DreamingLink (原創) 歌曲/人聲: Suno/Suno 創作時間: 2026年10月5日 上午11:04 
歌名: 一件漂流的皮 歌詞: DreamingLink (原創) 歌曲/人聲: Suno/Suno 創作時間: 2026年10月5日 上午11:04","我赤裸的一絲不掛 很難為情 一個菜鳥的旅行 在這天體營 放不開心裡的焦慮 面對夥伴 其他人說沒關係 這是新環境 某天的自己 沒穿衣服在海邊 曬個溫暖的太陽 有什麼問題? 大人小孩沒在注意 十分愜意 躺在沙堆之中 就這樣沉睡去 我是 我的一件漂流的皮... 偏黃的色澤是天生的 不像那銅體 有些人卻單純喜歡 那刺刺的感受 我覺得都可以 反正只是外在形象 我是 我的一件漂流的皮... 在汗流浹背的表面上 增加吸引力 戴上墨鏡鋪上浴巾 期待沒人打擾 時間緩慢的做了個夢 遇見了美女 聽說 時尚單品早已過了夏季 聽說 今年的陽光特別的熾熱 我說不出所以 只能默默欣賞 覺得疑惑 因為那只是裝飾品 於是 妳拿起小說不再去評論 我穿著自己的皮 在海水嬉戲 差點被螃蟹夾到 留下皮的印 冰涼冷飲 使我忘了乾燥的皮 我是 我的一件漂流的皮... 偏黃的色澤是天生的 不像那銅體 有些人卻單純喜歡 那刺刺的感受 我覺得都可以 反正只是外在形象 我是 我的一件漂流的皮... 在汗流浹背的表面上 增加吸引力 戴上墨鏡鋪上浴巾 期待沒人打擾 時間緩慢的做了個夢 遇見了美女 我赤裸的一絲不掛 很難為情 一個菜鳥的旅行 在這天體營 放不開心裡的焦慮 面對夥伴 其他人說沒關係 這是新環境 到底做了哪些夢 我搞不清楚 漂流的皮裡 充滿著放假的心 即使有手機 也早已關機忽視 很放鬆的很慵懶的 不再考慮 什麼時候 該重新拾起這張皮? 什麼時候 又該看著它回憶呢? 不好說明... 不好說明! 
我赤裸的一絲不掛 很難為情 一個菜鳥的旅行 在這天體營 放不開心裡的焦慮 面對夥伴 其他人說沒關係 這是新環境
某天的自己 沒穿衣服在海邊 曬個溫暖的太陽 有什麼問題? 大人小孩沒在注意 十分愜意 躺在沙堆之中 就這樣沉睡去
我是 我的一件漂流的皮... 偏黃的色澤是天生的 不像那銅體 有些人卻單純喜歡 那刺刺的感受 我覺得都可以 反正只是外在形象
我是 我的一件漂流的皮... 在汗流浹背的表面上 增加吸引力 戴上墨鏡鋪上浴巾 期待沒人打擾 時間緩慢的做了個夢 遇見了美女
聽說 時尚單品早已過了夏季 聽說 今年的陽光特別的熾熱 我說不出所以 只能默默欣賞 覺得疑惑 因為那只是裝飾品
於是 妳拿起小說不再去評論 我穿著自己的皮 在海水嬉戲 差點被螃蟹夾到 留下皮的印 冰涼冷飲 使我忘了乾燥的皮
我是 我的一件漂流的皮... 偏黃的色澤是天生的 不像那銅體 有些人卻單純喜歡 那刺刺的感受 我覺得都可以 反正只是外在形象
我是 我的一件漂流的皮... 在汗流浹背的表面上 增加吸引力 戴上墨鏡鋪上浴巾 期待沒人打擾 時間緩慢的做了個夢 遇見了美女
我赤裸的一絲不掛 很難為情 一個菜鳥的旅行 在這天體營 放不開心裡的焦慮 面對夥伴 其他人說沒關係 這是新環境
到底做了哪些夢 我搞不清楚 漂流的皮裡 充滿著放假的心 即使有手機 也早已關機忽視 很放鬆的很慵懶的 不再考慮
什麼時候 該重新拾起這張皮? 什麼時候 又該看著它回憶呢?
不好說明... 不好說明!
留言（ 0 ） 最相關留言 所有留言
留言（ 0 ）",2026-10-05,,AI 生成 Rock,False,False,
2026-10-06 02:42:48,realtime,ai_generated,,,24,Ambirose,守候,1,4,2,https://streetvoice.com/lovelymimi2001/songs/882582/,https://streetvoice.com/lovelymimi2001/,"https://akstatic.streetvoice.com/song_covers/lo/ve/lovelymimi2001/Tn35ABBK4NFbGwhMpgGQS7.jpeg?x-oss-process=image/resize,m_fill,h_400,w_400,limit_0",images/882582.jpeg,@lovelymimi2001,音樂人,澳洲,2026-10-01,,,1,,,,https://www.youtube.com/user/StreetVoiceTV,,,Soundtrack / New age,,,,"《守候》是一段寫給自己的提醒。 生活總會遇到種種不如意。有時候，我會很急，急著解決問題，急著看到改變，也急著讓自己好起來。 於是，我把想提醒自己的話放進音樂裡：理解、接受、調整、等待、守候。當我又開始著急時，就回來聽一聽。 能做的，慢慢做；需要時間的，就給它一些時間。生命有它自己的節奏，我也可以照著自己的步伐走下去。 
《守候》是一段寫給自己的提醒。
生活總會遇到種種不如意。有時候，我會很急，急著解決問題，急著看到改變，也急著讓自己好起來。
於是，我把想提醒自己的話放進音樂裡：理解、接受、調整、等待、守候。當我又開始著急時，就回來聽一聽。
能做的，慢慢做；需要時間的，就給它一些時間。生命有它自己的節奏，我也可以照著自己的步伐走下去。","《守候》 [Monotone Spoken Flow] 樹有樹的周期-花有花的季節-我曾試著追趕季節的腳步-滿身匆忙-直到我學會停下來-看花朵慢慢綻開-有的人走得很快-有的人走得很慢-不是誰更優秀-只是走在不同時候-有些答案-要等時間來寫-若不能讓事情變好-就別讓它變糟-這是生命交給我的第一個禮貌-理解是放手-接受是擁抱-有時退後一步-反而看得更高- [Melodic Refrain] 生命有它自己的節奏 不必爭這一時半刻 理解 接受 調整 等待 守候 一次次循環 慢慢成為生命的節奏 [Monotone Spoken Flow] 我曾以為跨過一道關-往後就不必重來-後來才明白-那些以為學會的功課-常常換個模樣再回來- [Melodic Refrain] 生命有它自己的節奏 不必爭這一時半刻 理解 接受 調整 等待 守候 一次次循環 慢慢成為生命的節奏 [Monotone Spoken Flow] 克制不是停留-是蓄力後的力量-等待不是放棄-是給時間一些時間-生命從不急著解釋-卻總會慢慢證明- [Melodic Refrain] 生命有它自己的節奏 不必爭這一時半刻 理解 接受 調整 等待 守候 一次次循環 慢慢成為生命的節奏 [Monotone Spoken Flow] 你以為回到了原點-其實只是繞了一圈-生命不是重複昨天-而是在螺旋裡向前-花依舊開放-樹依舊生長-我們在循環裡-慢慢看懂人間- [Soft Sung Outro] 生命有它自己的節奏 而我有自己的守候 靜靜地 順著節奏 走下去…… 
《守候》
[Monotone Spoken Flow]
樹有樹的周期-花有花的季節-我曾試著追趕季節的腳步-滿身匆忙-直到我學會停下來-看花朵慢慢綻開-有的人走得很快-有的人走得很慢-不是誰更優秀-只是走在不同時候-有些答案-要等時間來寫-若不能讓事情變好-就別讓它變糟-這是生命交給我的第一個禮貌-理解是放手-接受是擁抱-有時退後一步-反而看得更高-
[Melodic Refrain]
生命有它自己的節奏
不必爭這一時半刻
理解
接受
調整
等待
守候
一次次循環
慢慢成為生命的節奏
[Monotone Spoken Flow]
我曾以為跨過一道關-往後就不必重來-後來才明白-那些以為學會的功課-常常換個模樣再回來-
[Melodic Refrain]
生命有它自己的節奏
不必爭這一時半刻
理解
接受
調整
等待
守候
一次次循環
慢慢成為生命的節奏
[Monotone Spoken Flow]
克制不是停留-是蓄力後的力量-等待不是放棄-是給時間一些時間-生命從不急著解釋-卻總會慢慢證明-
[Melodic Refrain]
生命有它自己的節奏
不必爭這一時半刻
理解
接受
調整
等待
守候
一次次循環
慢慢成為生命的節奏
[Monotone Spoken Flow]
你以為回到了原點-其實只是繞了一圈-生命不是重複昨天-而是在螺旋裡向前-花依舊開放-樹依舊生長-我們在循環裡-慢慢看懂人間-
[Soft Sung Outro]
生命有它自己的節奏
而我有自己的守候
靜靜地
順著節奏
走下去……
留言（ 2 ） 最相關留言 所有留言
留言（ 2 ）",2026-10-05,,AI 生成 Soundtrack / New age,False,False,
2026-10-06 02:42:48,realtime,ai_generated,,,25,tackey747,[光彩耀眉],4,307,0,https://streetvoice.com/tackey747/songs/881809/,https://streetvoice.com/tackey747/,"https://akstatic.streetvoice.com/song_covers/ta/ck/tackey747/5YeMbPrimogPC2M9qRLYhv.jpeg?x-oss-process=image/resize,m_fill,h_400,w_400,limit_0",images/881809.jpeg,@tackey747,音樂人,,,,13,2,,,,https://www.youtube.com/user/StreetVoiceTV,,,Singer / Songwriter,,,,"【光彩耀眉】 #霧眉音樂  #眉毛音樂  #Ombre Brows music  #brows music 
【光彩耀眉】 #霧眉音樂  #眉毛音樂  #Ombre Brows music  #brows music","鬧鐘嘎嘎作響 心跳加速 真心羨慕天使仙女不用畫眉的慵懶悠閒 羽毛般的霧眉 旋轉著色彩鮮豔光彩耀眉 帶著一絲緊張與無限嚮往 內心奔波狂野的心情 渴望擁有一幅精緻魅力的佳人模樣 嗡嗡聲中 指尖輕輕描繪 看著粉霧漸層在兩眉間暈開 沒有古板的邊框 只有溫柔的期待 如同破蛹而出 蛻變成蝴蝶最完美的形象 望著鏡子的流霧眉毛 天生麗質的雙眸 眼神也跟著發亮了 像星光的閃爍 青春的臉頰也跟著閃閃發亮 帶著這份輕盈的自信感 我迎接每一天光彩耀眉的模樣 
鬧鐘嘎嘎作響 心跳加速 真心羨慕天使仙女不用畫眉的慵懶悠閒 羽毛般的霧眉 旋轉著色彩鮮豔光彩耀眉 帶著一絲緊張與無限嚮往 內心奔波狂野的心情 渴望擁有一幅精緻魅力的佳人模樣 嗡嗡聲中 指尖輕輕描繪 看著粉霧漸層在兩眉間暈開 沒有古板的邊框 只有溫柔的期待 如同破蛹而出 蛻變成蝴蝶最完美的形象 望著鏡子的流霧眉毛 天生麗質的雙眸 眼神也跟著發亮了 像星光的閃爍 青春的臉頰也跟著閃閃發亮 帶著這份輕盈的自信感 我迎接每一天光彩耀眉的模樣
留言（ 0 ） 最相關留言 所有留言
留言（ 0 ）",2026-10-05,,AI 生成 Singer / Songwriter,False,False,
2026-10-06 02:42:48,realtime,ai_generated,,,26,樹瑙,簡易生成,1,4,0,https://streetvoice.com/Henry0708/songs/882469/,https://streetvoice.com/Henry0708/,"https://akstatic.streetvoice.com/song_covers/He/nr/Henry0708/7Ki2V2zgxby6svTdqwXnMh.jpeg?x-oss-process=image/resize,m_fill,h_400,w_400,limit_0",images/882469.jpeg,@Henry0708,音樂人,台北市,2026-09-01,,2,1,5,,,https://www.youtube.com/user/StreetVoiceTV,,,Folk,,,,,"有人說開那個介面 像是在駕駛太空船 旋鈕推桿一百個 只為了讓一個音聽起來完整 我只是打了幾個字 選了一個心情的方向 幾秒鐘以後它就給了我 一首我沒辦法自己寫的歌 這樣算不算作弊 這樣算不算偷懶 還是這個世界本來就允許 有人用捷徑抵達遠方 簡易生成 簡易像是簡單生活節 說是簡單 買票的時候你就知道了 生成一首歌很容易 難的是你到底想說什麼 簡易生成 但沒有一首歌是真的簡單的 有人練了二十年的手 每一個音符都是代價 我沒有那樣的老繭 可是我也有我自己的話要說 他們說這不算音樂 我說或許你說得對 但這個工具出現之前 我的聲音又去了哪裡 不是要取代任何人 不是說努力不值錢 只是這個時代打開了一扇門 有些人選擇不走進去 我走進去了 我也不確定這算什麼 簡易生成 按下去就有了 那個「有了」的後面 是什麼 你自己說 你自己說 
有人說開那個介面 像是在駕駛太空船 旋鈕推桿一百個 只為了讓一個音聽起來完整 我只是打了幾個字 選了一個心情的方向 幾秒鐘以後它就給了我 一首我沒辦法自己寫的歌
這樣算不算作弊 這樣算不算偷懶 還是這個世界本來就允許 有人用捷徑抵達遠方
簡易生成 簡易像是簡單生活節 說是簡單 買票的時候你就知道了 生成一首歌很容易 難的是你到底想說什麼 簡易生成 但沒有一首歌是真的簡單的
有人練了二十年的手 每一個音符都是代價 我沒有那樣的老繭 可是我也有我自己的話要說 他們說這不算音樂 我說或許你說得對 但這個工具出現之前 我的聲音又去了哪裡
不是要取代任何人 不是說努力不值錢 只是這個時代打開了一扇門 有些人選擇不走進去 我走進去了 我也不確定這算什麼
簡易生成 按下去就有了 那個「有了」的後面 是什麼 你自己說 你自己說
留言（ 0 ） 最相關留言 所有留言
留言（ 0 ）",2026-10-04,,AI 生成 Folk,False,False,
2026-10-06 02:42:48,realtime,ai_generated,,,27,DreamingLink,鬧市,0,1,0,https://streetvoice.com/DreamingLink_StreetVoice/songs/882548/,https://streetvoice.com/DreamingLink_StreetVoice/,"https://akstatic.streetvoice.com/song_covers/Dr/ea/DreamingLink_StreetVoice/MhF6TUq89cqWV786YF5hs6.jpeg?x-oss-process=image/resize,m_fill,h_400,w_400,limit_0",images/882548.jpeg,@DreamingLink_StreetVoice,音樂人,新北市,2026-10-01,,1,1,3,,,https://www.youtube.com/user/StreetVoiceTV,,,Rock,,,,"歌名: 鬧市 歌詞: DreamingLink (原創) 歌曲/人聲: Suno/Suno 創作日期: 2026年10月5日 上午7:30 
歌名: 鬧市 歌詞: DreamingLink (原創) 歌曲/人聲: Suno/Suno 創作日期: 2026年10月5日 上午7:30","是什麼風 吹起了那喧囂 是什麼影 劃破一道寂寥 你 不知不覺的陷入泥沼 而我 也漸漸的失去方向 沒見過面的生面孔 群聚 不是牛鬼蛇神 是些刺青 嚇走不客氣的 熱熱鬧鬧 卻沒辦法料到 夜的市場 有人在鬧市 於是你禁不住的好奇 敲鑼打鼓的加上鞭炮聲響 很歡迎 誰說八家將只會搖擺 說不通人情 七爺與八爺都出現了 怎麼不吸睛？ 有人在鬧市 你拉著我的手去探尋 雖然隊伍 沒有想像中的那不尋常 可是輸人不輸陣的精神 仍然一樣 前方乩童忽然停下 有模有樣的聽 沒有綿綿細雨的 在掃興 神轎夫晃蕩著 歡天喜地 跟著那傳統樂曲 跳著舞 一陣吆喝 激起了民間情 有人感到興奮 有人緊張 目的地在哪裡 卻沒看到 或許那問題 神明不開示 黃紅色加上墨綠 是印象 有人在鬧市 於是你禁不住的好奇 敲鑼打鼓的加上鞭炮聲響 很歡迎 誰說八家將只會搖擺 說不通人情 七爺與八爺都出現了 怎麼不吸睛？ 有人在鬧市 你拉著我的手去探尋 雖然隊伍 沒有想像中的那不尋常 可是輸人不輸陣的精神 仍然一樣 前方乩童忽然停下 有模有樣的聽 也許 有公園象棋的老伯 咬著檳榔 一副凶悍模樣 也許 是那陣仗給人感情 說不出口 所以讓人著迷 走著走著 人群圍觀不語 悠揚的伴奏 安定了民心 你問我 鬧市的來龍去脈 我只是皺一皺眉 有點慌 是那自作多情 使我迷茫 是那平安健康 讓你感激 鬧市現場 觸動了那神經 還以為失去 其實是僥倖 
是什麼風 吹起了那喧囂 是什麼影 劃破一道寂寥 你 不知不覺的陷入泥沼 而我 也漸漸的失去方向
沒見過面的生面孔 群聚 不是牛鬼蛇神 是些刺青 嚇走不客氣的 熱熱鬧鬧 卻沒辦法料到 夜的市場
有人在鬧市 於是你禁不住的好奇 敲鑼打鼓的加上鞭炮聲響 很歡迎 誰說八家將只會搖擺 說不通人情 七爺與八爺都出現了 怎麼不吸睛？
有人在鬧市 你拉著我的手去探尋 雖然隊伍 沒有想像中的那不尋常 可是輸人不輸陣的精神 仍然一樣 前方乩童忽然停下 有模有樣的聽
沒有綿綿細雨的 在掃興 神轎夫晃蕩著 歡天喜地 跟著那傳統樂曲 跳著舞 一陣吆喝 激起了民間情
有人感到興奮 有人緊張 目的地在哪裡 卻沒看到 或許那問題 神明不開示 黃紅色加上墨綠 是印象
有人在鬧市 於是你禁不住的好奇 敲鑼打鼓的加上鞭炮聲響 很歡迎 誰說八家將只會搖擺 說不通人情 七爺與八爺都出現了 怎麼不吸睛？
有人在鬧市 你拉著我的手去探尋 雖然隊伍 沒有想像中的那不尋常 可是輸人不輸陣的精神 仍然一樣 前方乩童忽然停下 有模有樣的聽
也許 有公園象棋的老伯 咬著檳榔 一副凶悍模樣 也許 是那陣仗給人感情 說不出口 所以讓人著迷
走著走著 人群圍觀不語 悠揚的伴奏 安定了民心 你問我 鬧市的來龍去脈 我只是皺一皺眉 有點慌
是那自作多情 使我迷茫 是那平安健康 讓你感激 鬧市現場 觸動了那神經 還以為失去 其實是僥倖
留言（ 0 ） 最相關留言 所有留言
留言（ 0 ）",2026-10-05,,AI 生成 Rock,False,False,
2026-10-06 02:42:48,realtime,ai_generated,,,28,cmc168,《我想我是喜歡上你了》 |  建億小哥歌詞改編,4,25,8,https://streetvoice.com/cmc168/songs/882410/,https://streetvoice.com/cmc168/,"https://akstatic.streetvoice.com/song_covers/cm/c1/cmc168/MTF83RxQKEzRrjWmrzXMtp.jpeg?x-oss-process=image/resize,m_fill,h_400,w_400,limit_0",images/882410.jpeg,@cmc168,音樂人,新北市,2026-04-01,2026-10-01 09:46,35,14,30,,,https://www.youtube.com/channel/UCDwmdXQy8SwQUsz5u7EZkuQ,,,Rock,,,建億小哥,"改編另一首 (建億小哥) 非常有趣的歌詞，國語歌詞簡單很多。 歌詞: 建億小哥原歌詞改編 歌曲: SUNO V6 製作，編曲: cmc168 
改編另一首 (建億小哥) 非常有趣的歌詞，國語歌詞簡單很多。
歌詞: 建億小哥原歌詞改編 歌曲: SUNO V6 製作，編曲: cmc168","那個……就是那個，我想跟你說一件事。 哎呀，舌頭打結了！你先別笑我嘛…… [Verse 1] 那個就是那個，我想跟你說 有句話藏心裡，已經藏了好久 手機看了又看，打字又刪掉 明明想好千百句，見你全忘掉 每次遇見你，我就開始結巴 原本準備好的台詞，全變成「那個啊」 朋友都笑我，說我們很配啊 你聽見這句話，會不會也偷偷笑一下 [Pre-Chorus] 寫給你的信，撕了又重寫 字跡歪歪扭扭，像心跳不停歇 螢幕上的游標，一閃又一夜 最後只敢送出一句——晚安，祝你好夢入睡 [Chorus] 我想我是喜歡上你了，對吧 我想我是真的喜歡上你了 不是開玩笑，也不是隨口說說罷 只是每次看到你，我的心就亂了步伐 我想我是喜歡上你了，對吧 沒有特別理由，也沒有什麼藉口啊 只想每天看著你笑一下 牽著你的手，一直一直走下去啊 [Verse 2] 大家都說我們兩個真的很配 我嘴上說沒事，心裡早已喝醉 每次你靠近，我就忘了防備 連一句簡單的「嗨」，都說得不乾脆 其實我也知道，自己有點奇怪 明明平常很會說，遇到你就變呆 手心偷偷冒汗，心跳快得像比賽 可這一次我決定，不再躲開 [Pre-Chorus] 如果勇氣可以借，我想借一點點 讓我把藏很久的心事說到你面前 就算聲音還有一點抖和顫 至少這一次，我不想再留下遺憾 [Chorus] 我想我是喜歡上你了，對吧 我想我是真的喜歡上你了 不是開玩笑，也不是隨口說說罷 這顆心想交給你，你願不願意收下 我想我是喜歡上你了，對吧 沒有特別理由，也沒有什麼藉口啊 只想每天看到你的笑容啊 牽著你的手，一直一直走下去啊 [Bridge] 聽好了，我只說一次喔 我喜歡你，真的超級喜歡你了 不用猜了，這次我不閃躲 就是直球對決，把心全部交給我—— 不，是交給你了 好吧，其實我心臟快跳出來 從不知所措，到現在敢說出來 是你給我的勇氣，讓我終於明白 原來喜歡一個人，就該勇敢說出來 [Final Chorus] 我是真的喜歡上你了，對吧 我想我是真的喜歡上你了 就算開口還是有一點點結巴 我還是要把這顆心，親手交給你啊 我是真的喜歡上你了，對吧 沒有特別理由，也沒有任何藉口啊 只想每天都看到你微笑啊 然後牽著你的手，一直走到白髮 [Outro] 呼……終於說出來了 你聽到了嗎？我真的說了啊 不要讓我等太久啦 所以……你的答案呢？ 
那個……就是那個，我想跟你說一件事。 哎呀，舌頭打結了！你先別笑我嘛……
[Verse 1] 那個就是那個，我想跟你說 有句話藏心裡，已經藏了好久 手機看了又看，打字又刪掉 明明想好千百句，見你全忘掉
每次遇見你，我就開始結巴 原本準備好的台詞，全變成「那個啊」 朋友都笑我，說我們很配啊 你聽見這句話，會不會也偷偷笑一下
[Pre-Chorus] 寫給你的信，撕了又重寫 字跡歪歪扭扭，像心跳不停歇 螢幕上的游標，一閃又一夜 最後只敢送出一句——晚安，祝你好夢入睡
[Chorus] 我想我是喜歡上你了，對吧 我想我是真的喜歡上你了 不是開玩笑，也不是隨口說說罷 只是每次看到你，我的心就亂了步伐
我想我是喜歡上你了，對吧 沒有特別理由，也沒有什麼藉口啊 只想每天看著你笑一下 牽著你的手，一直一直走下去啊
[Verse 2] 大家都說我們兩個真的很配 我嘴上說沒事，心裡早已喝醉 每次你靠近，我就忘了防備 連一句簡單的「嗨」，都說得不乾脆
其實我也知道，自己有點奇怪 明明平常很會說，遇到你就變呆 手心偷偷冒汗，心跳快得像比賽 可這一次我決定，不再躲開
[Pre-Chorus] 如果勇氣可以借，我想借一點點 讓我把藏很久的心事說到你面前 就算聲音還有一點抖和顫 至少這一次，我不想再留下遺憾
[Chorus] 我想我是喜歡上你了，對吧 我想我是真的喜歡上你了 不是開玩笑，也不是隨口說說罷 這顆心想交給你，你願不願意收下
我想我是喜歡上你了，對吧 沒有特別理由，也沒有什麼藉口啊 只想每天看到你的笑容啊 牽著你的手，一直一直走下去啊
[Bridge] 聽好了，我只說一次喔 我喜歡你，真的超級喜歡你了 不用猜了，這次我不閃躲 就是直球對決，把心全部交給我—— 不，是交給你了
好吧，其實我心臟快跳出來 從不知所措，到現在敢說出來 是你給我的勇氣，讓我終於明白 原來喜歡一個人，就該勇敢說出來
[Final Chorus] 我是真的喜歡上你了，對吧 我想我是真的喜歡上你了 就算開口還是有一點點結巴 我還是要把這顆心，親手交給你啊
我是真的喜歡上你了，對吧 沒有特別理由，也沒有任何藉口啊 只想每天都看到你微笑啊 然後牽著你的手，一直走到白髮
[Outro] 呼……終於說出來了 你聽到了嗎？我真的說了啊 不要讓我等太久啦 所以……你的答案呢？
留言（ 8 ） 最相關留言 所有留言
留言（ 8 ）",2026-10-04,,AI 生成 Rock,False,False,
2026-10-06 02:42:48,realtime,ai_generated,,,29,song for whom(為誰唱歌),誰說我不配,1,1,1,https://streetvoice.com/ruby2100/songs/878168/,https://streetvoice.com/ruby2100/,"https://akstatic.streetvoice.com/song_covers/ru/by/ruby2100/8AynE6K4fAuK2tKACU945H.jpeg?x-oss-process=image/resize,m_fill,h_400,w_400,limit_0",images/878168.jpeg,@ruby2100,音樂人,台中市,2024-06-01,,147,28,17,,,https://www.youtube.com/user/StreetVoiceTV,,,Pop,,,,"「平凡不是命運給的限制，而是傳說開始以前，最安靜的起點。」 《誰說我不配》是一首充滿反骨精神、自我證明與熱血成長感的勵志歌曲。 他們說別做夢了， 說世界早就安排好， 誰該低頭， 誰只能安靜待在角落。 可歌裡的人偏偏不願意照著劇本走， 不想收起鋒芒， 也不想活成複製的人。 就算傷疤還在， 也要讓它開出花。 最喜歡的一句是： 「如果低頭才能被原諒，那我寧願選擇發光啊。」 這句很有力量。 因為真正的成長， 不是為了得到誰的允許， 也不是把自己縮小到剛好被世界接受。 而是明知道會受傷， 明知道會被質疑， 還是想去愛、去闖、去成為自己想成為的模樣。 《誰說我不配》寫的不只是追夢， 更是那種被看輕以後， 仍然不肯認輸的倔強。 跌倒不是失敗， 不敢往前才是真的害怕。 如果世界只給一扇窗， 那就徒手拆了南牆； 如果命運不肯讓路， 那就硬生生踏出一步。 這首歌最燃的地方， 是它把所有質疑都變成一句反問： 憑什麼不是我？ 誰說我不能？ 誰說我不配？ 這一次， 不再等世界點頭。 我要自己站上， 本該屬於我的地方。 — 任柔 
「平凡不是命運給的限制，而是傳說開始以前，最安靜的起點。」
《誰說我不配》是一首充滿反骨精神、自我證明與熱血成長感的勵志歌曲。
他們說別做夢了，
說世界早就安排好，
誰該低頭，
誰只能安靜待在角落。
可歌裡的人偏偏不願意照著劇本走，
不想收起鋒芒，
也不想活成複製的人。
就算傷疤還在，
也要讓它開出花。
最喜歡的一句是：
「如果低頭才能被原諒，那我寧願選擇發光啊。」
這句很有力量。
因為真正的成長，
不是為了得到誰的允許，
也不是把自己縮小到剛好被世界接受。
而是明知道會受傷，
明知道會被質疑，
還是想去愛、去闖、去成為自己想成為的模樣。
《誰說我不配》寫的不只是追夢，
更是那種被看輕以後，
仍然不肯認輸的倔強。
跌倒不是失敗，
不敢往前才是真的害怕。
如果世界只給一扇窗，
那就徒手拆了南牆；
如果命運不肯讓路，
那就硬生生踏出一步。
這首歌最燃的地方，
是它把所有質疑都變成一句反問：
憑什麼不是我？
誰說我不能？
誰說我不配？
這一次，
不再等世界點頭。
我要自己站上，
本該屬於我的地方。
— 任柔","動態歌詞
誰說平凡的人 就不能活成一場傳說 他們說別做夢了 別把翅膀伸得太高 說這世界早安排好 誰該低頭 誰該靜悄悄 叫我收起鋒芒 就讓傷疤開出花 可我的心偏偏不肯 活成複製的人啊 要走多少路 才能走成自己啊 要熬多少夜 才能等來天亮啊 如果低頭才能被原諒 那我寧願選擇發光啊 誰說我不能啊 去愛 去闖 去成為我想成為的模樣 誰說我不配啊 去追 去狂 去站上本該屬於我的地方 若這世界只給我一扇窗 那我就徒手拆了那南牆 去問一句—— 憑什麼不是我啊 跌倒的人不是輸家 不敢往前才算害怕 如果故事注定要痛 就讓傷疤開出花 奪走我的期待 撕碎我的答案 可風吹過我的眼睛 那道光從沒暗淡 我聽見風—— 它吹過山巔 吹過人海—— 吹過所有不服輸的人 還站起來—— 誰說我不能啊 去愛 去闖 去成為這命運裡的光 誰說我不配啊 去夢 去撞 去拿回屬於我的方向 如果這世界不肯為我讓路 那我就硬生生踏出一步 去告訴它—— 我生來就是這樣 
誰說平凡的人 就不能活成一場傳說 他們說別做夢了 別把翅膀伸得太高 說這世界早安排好 誰該低頭 誰該靜悄悄 叫我收起鋒芒 就讓傷疤開出花 可我的心偏偏不肯 活成複製的人啊 要走多少路 才能走成自己啊 要熬多少夜 才能等來天亮啊 如果低頭才能被原諒 那我寧願選擇發光啊 誰說我不能啊 去愛 去闖 去成為我想成為的模樣 誰說我不配啊 去追 去狂 去站上本該屬於我的地方 若這世界只給我一扇窗 那我就徒手拆了那南牆 去問一句—— 憑什麼不是我啊 跌倒的人不是輸家 不敢往前才算害怕 如果故事注定要痛 就讓傷疤開出花 奪走我的期待 撕碎我的答案 可風吹過我的眼睛 那道光從沒暗淡 我聽見風—— 它吹過山巔 吹過人海—— 吹過所有不服輸的人 還站起來—— 誰說我不能啊 去愛 去闖 去成為這命運裡的光 誰說我不配啊 去夢 去撞 去拿回屬於我的方向 如果這世界不肯為我讓路 那我就硬生生踏出一步 去告訴它—— 我生來就是這樣
留言（ 1 ） 最相關留言 所有留言
留言（ 1 ）",2026-10-05,,AI 生成 Pop,False,False,
2026-10-06 02:42:48,realtime,ai_generated,,,30,Richie Tseng,🎻回聲12【小鈴鐺】-十九年前窗邊的鈴聲，在冬夜的對座重新響起,2,7,0,https://streetvoice.com/gby7639/songs/882627/,https://streetvoice.com/gby7639/,"https://akstatic.streetvoice.com/song_covers/gb/y7/gby7639/3XLbRygnGA944Nb7ipZPpw.jpeg?x-oss-process=image/resize,m_fill,h_400,w_400,limit_0",images/882627.jpeg,@gby7639,音樂人,,,,83,6,2,,,https://www.youtube.com/user/StreetVoiceTV,,,Folk,🎻回聲,https://streetvoice.com/gby7639/songs/album/97326196/,,"十九年前的夏天，隔壁窗台上總趴著一個小女孩。她手腕上繫著一顆小鈴鐺，男孩在窗邊唱一句，她就跟著晃一下，叮叮噹噹。他不知道她叫什麼，只叫她「小鈴鐺」。🔔 八歲那年冬天，他的母親過世，外婆把他接走。他來不及說再見，就這樣和窗邊的女孩走散了。長大後，他成了寫歌的人，歌卻都交給別人唱，自己一直站在幕後。🪟 一個冬夜，他在常去的小餐廳求婚，被當眾拒絕。所有人都在看他，只有一個陌生女孩端著飲料走過來，問：「我可以跟你一起坐嗎？沒有位置了。」其實後排還空著好幾張桌子。她坐下來，把桌燈調亮一點，說他寫的那些歌，聽起來像在等誰回頭。他以為，那只是陌生人的善意。🌙 後來，他開始用自己的名字唱歌。在沒有人聽見的時候，總有一個匿名的樂評人替他說話，很久以後他才知道，那也是她。母親寫給他的搖籃曲，他只記得兩小節，她卻能從頭唱到尾。直到某天，他回到童年的舊家，聽見母親生前留下的錄音：「隔壁那個小鈴鐺，你要對人家好一點。」他回過頭，她站在窗邊，手腕上繫著一條褪色的紅繩。鈴鐺不見了，紅繩還在。🎐 原來那句「沒有位置了」，藏著她十九年的等待。她說：「我等你認出我，等了好久。」💫 後來，在同一間餐廳、同一張靠窗的桌子，換他走過去問：「我可以跟妳一起坐嗎？」她看著滿室的空位笑了：「明明到處都是位置。」他說：「可是我只想坐這裡。」那一晚，她把紅繩解下來，繫在他的手腕上。 一段走散十九年的鈴聲，最後被交給 AI，唱成了一首相認的歌。✨ 
十九年前的夏天，隔壁窗台上總趴著一個小女孩。她手腕上繫著一顆小鈴鐺，男孩在窗邊唱一句，她就跟著晃一下，叮叮噹噹。他不知道她叫什麼，只叫她「小鈴鐺」。🔔
八歲那年冬天，他的母親過世，外婆把他接走。他來不及說再見，就這樣和窗邊的女孩走散了。長大後，他成了寫歌的人，歌卻都交給別人唱，自己一直站在幕後。🪟
一個冬夜，他在常去的小餐廳求婚，被當眾拒絕。所有人都在看他，只有一個陌生女孩端著飲料走過來，問：「我可以跟你一起坐嗎？沒有位置了。」其實後排還空著好幾張桌子。她坐下來，把桌燈調亮一點，說他寫的那些歌，聽起來像在等誰回頭。他以為，那只是陌生人的善意。🌙
後來，他開始用自己的名字唱歌。在沒有人聽見的時候，總有一個匿名的樂評人替他說話，很久以後他才知道，那也是她。母親寫給他的搖籃曲，他只記得兩小節，她卻能從頭唱到尾。直到某天，他回到童年的舊家，聽見母親生前留下的錄音：「隔壁那個小鈴鐺，你要對人家好一點。」他回過頭，她站在窗邊，手腕上繫著一條褪色的紅繩。鈴鐺不見了，紅繩還在。🎐
原來那句「沒有位置了」，藏著她十九年的等待。她說：「我等你認出我，等了好久。」💫
後來，在同一間餐廳、同一張靠窗的桌子，換他走過去問：「我可以跟妳一起坐嗎？」她看著滿室的空位笑了：「明明到處都是位置。」他說：「可是我只想坐這裡。」那一晚，她把紅繩解下來，繫在他的手腕上。
一段走散十九年的鈴聲，最後被交給 AI，唱成了一首相認的歌。✨","[Intro] [Verse 1] 那年夏天 隔壁的窗 有個小女孩 趴在窗台上 手腕上的鈴鐺 叮叮噹噹 我唱一句 她就跟著晃 [Verse 2] 後來我搬走 沒說一聲 連妳的名字 都沒問清 十九個冬天 走散在人群 我以為那首歌 早就沒人聽 [Pre-Chorus] 直到那個冬夜 妳走到我桌邊 說沒有位置了 把燈調亮一點 [Chorus] 小鈴鐺 原來是妳 一直在聽 從沒有離去 那首搖籃曲 妳替我記 記了十九年 等我想起 小鈴鐺 這一次換我 走到妳面前 輕聲問起 明明到處都是位置 可是我 只想坐這裡 [Verse 3] 妳說那些歌 像在等誰回頭 我把名字 交給風去守候 原來那陣風 一直在我左右 在全世界 都沒聽見的時候 [Pre-Chorus] 那一晚我以為 只是陌生人的善意 原來是妳 從窗邊一路走到這裡 [Chorus] 小鈴鐺 原來是妳 一直在聽 從沒有離去 那首搖籃曲 妳替我記 記了十九年 等我想起 小鈴鐺 這一次換我 走到妳面前 輕聲問起 明明到處都是位置 可是我 只想坐這裡 [Bridge] 鈴鐺不見了 紅繩還在 褪了顏色 卻從沒解開 十九年來 妳一直繫著 原來妳 一直在等我認出來 [Final Chorus] 小鈴鐺 原來是妳 一直在聽 從沒有離去 窗邊的夏天 冬夜的對座 原來都是 同一個妳 小鈴鐺 這一次換我 不再讓妳 等在窗那裡 明明到處都是位置 可是我 只想坐這裡 [Outro] 小鈴鐺 這一次 我會一直唱給妳聽 
[Intro]
[Verse 1] 那年夏天 隔壁的窗 有個小女孩 趴在窗台上 手腕上的鈴鐺 叮叮噹噹 我唱一句 她就跟著晃
[Verse 2] 後來我搬走 沒說一聲 連妳的名字 都沒問清 十九個冬天 走散在人群 我以為那首歌 早就沒人聽
[Pre-Chorus] 直到那個冬夜 妳走到我桌邊 說沒有位置了 把燈調亮一點
[Chorus] 小鈴鐺 原來是妳 一直在聽 從沒有離去 那首搖籃曲 妳替我記 記了十九年 等我想起 小鈴鐺 這一次換我 走到妳面前 輕聲問起 明明到處都是位置 可是我 只想坐這裡
[Verse 3] 妳說那些歌 像在等誰回頭 我把名字 交給風去守候 原來那陣風 一直在我左右 在全世界 都沒聽見的時候
[Pre-Chorus] 那一晚我以為 只是陌生人的善意 原來是妳 從窗邊一路走到這裡
[Chorus] 小鈴鐺 原來是妳 一直在聽 從沒有離去 那首搖籃曲 妳替我記 記了十九年 等我想起 小鈴鐺 這一次換我 走到妳面前 輕聲問起 明明到處都是位置 可是我 只想坐這裡
[Bridge] 鈴鐺不見了 紅繩還在 褪了顏色 卻從沒解開 十九年來 妳一直繫著 原來妳 一直在等我認出來
[Final Chorus] 小鈴鐺 原來是妳 一直在聽 從沒有離去 窗邊的夏天 冬夜的對座 原來都是 同一個妳 小鈴鐺 這一次換我 不再讓妳 等在窗那裡 明明到處都是位置 可是我 只想坐這裡
[Outro] 小鈴鐺 這一次 我會一直唱給妳聽
留言（ 0 ） 最相關留言 所有留言
留言（ 0 ）",2026-10-05,,AI 生成 Folk ・ 🎻回聲,False,False,
2026-10-06 02:42:48,realtime,ai_generated,,,31,邱奕陵,慢慢來！惡女,7,171,5,https://streetvoice.com/54chiu10/songs/882074/,https://streetvoice.com/54chiu10/,"https://akstatic.streetvoice.com/song_covers/54/ch/54chiu10/4KfZnXWjdTxw9gT5LhDgPU.jpeg?x-oss-process=image/resize,m_fill,h_400,w_400,limit_0",images/882074.jpeg,@54chiu10,音樂人,桃園市,2026-04-01,,8,2,,,,https://www.youtube.com/user/StreetVoiceTV,,,Hip hop / Rap,,,,"有些人以前騎著車追風， 後來才發現， 原來最難的路， 不是山路上的彎， 而是重新學會走路。 沒關係。 今天慢一點， 也還是往前。 Baby, don't cry. 慢慢來！惡女。 --- 企劃／製作：邱奕陵 Chiu Yi-Ling 詞：ChatGPT 曲風設定：ChatGPT 作曲／編曲：Suno v6.0 人聲：Suno v6.0 
有些人以前騎著車追風，
後來才發現，
原來最難的路，
不是山路上的彎，
而是重新學會走路。
沒關係。
今天慢一點，
也還是往前。
Baby, don't cry.
慢慢來！惡女。
---
企劃／製作：邱奕陵 Chiu Yi-Ling 詞：ChatGPT 曲風設定：ChatGPT 作曲／編曲：Suno v6.0 人聲：Suno v6.0","今天才知道 原來走一步 也可以這麼難 以前騎著車 山路一彎一彎地過 現在卻要 重新學著 怎麼站好 沒關係 慢慢來 以前穿上那身黑 戴上安全帽就往山裡走 XL750一發動 風就知道我要去哪裡 左彎 右彎 山路從眼前飛過 那時候的我 哪有時間想那麼多 只要引擎還在響 就想再往前跑 誰知道有一天 連走一步 都要花這麼大的力氣 原來最難的路 不一定在山上 鏡子裡的自己 還是熟悉的模樣 只是現在每一步 都要重新學一遍 我也會累 我也會哭 偶爾真的很想問 到底還要多久 Baby, don't cry 慢慢來就好 今天走不了很遠 也沒關係啊 Baby, don't cry 不用急著變回從前 一步一步 把今天走完 風還在 山還在 那個愛往前衝的我 也還在 慢慢來！惡女！ 今天不用跑那麼快 慢慢來！惡女！ 今天不用跑那麼快 有時候真的會羨慕 以前那個說走就走的我 一頂安全帽 一台車 一條山路 就可以出發 現在的我 先學會站穩 再學會往前 一小步 一小步 別人看不到的那些練習 我自己最清楚 今天多站一秒 明天多走一步 這些看起來 微不足道的事情 其實都是 我正在拿回來的自由 所以如果今天 眼淚突然掉下來 就讓它掉吧 不用假裝 什麼都不怕 我不是輸了 只是現在 走得比以前慢一點 慢一點 又怎麼樣 Baby, don't cry 慢慢來就好 今天走不了很遠 也沒關係啊 Baby, don't cry 不用急著變回從前 一步一步 把今天走完 風還在 山還在 那個愛往前衝的我 也還在 慢慢來！惡女！ 今天不用跑那麼快 慢慢來！惡女！ 今天不用跑那麼快 Maybe I'm slower now Maybe that's okay I don't have to run To prove I'm still the same One little step One little breath I can start again I don't need to be The girl I was yesterday I'm still here I'm still me And that's enough For today Take it slow Take it easy One more step I'm still here Baby, don't cry 慢慢來就好 今天走不了很遠 也沒關係啊 Baby, don't cry 不用急著變回從前 一步一步 把今天走完 風還在 山還在 那個愛往前衝的我 也還在 那台XL750 還記得山裡的風 而我也還記得 自己曾經 多喜歡往前走 Baby, don't cry 慢慢來就好 有一天想再出發 再出發就好 不用答應誰 不用證明什麼 想走就走 想停就停 Baby, don't cry 今天只要一步 就算很慢 也算是在路上 風還在 山還在 而那個惡女 從來沒有消失 慢慢來！惡女！ 妳 還 是 妳！ 以前我騎著車 追著山裡的風 現在我學著走路 一步 再一步 也許有一天 我會再戴上安全帽 也許不會 但那都沒關係 因為我知道 我還是我 慢慢來 慢慢來 惡女 
今天才知道
原來走一步 也可以這麼難
以前騎著車 山路一彎一彎地過
現在卻要 重新學著 怎麼站好
沒關係
慢慢來
以前穿上那身黑 戴上安全帽就往山裡走 XL750一發動 風就知道我要去哪裡
左彎 右彎 山路從眼前飛過 那時候的我 哪有時間想那麼多
只要引擎還在響 就想再往前跑 誰知道有一天 連走一步 都要花這麼大的力氣
原來最難的路 不一定在山上
鏡子裡的自己 還是熟悉的模樣 只是現在每一步 都要重新學一遍
我也會累 我也會哭 偶爾真的很想問
到底還要多久
Baby, don't cry 慢慢來就好 今天走不了很遠 也沒關係啊
Baby, don't cry 不用急著變回從前 一步一步 把今天走完
風還在 山還在 那個愛往前衝的我 也還在
慢慢來！惡女！ 今天不用跑那麼快
慢慢來！惡女！ 今天不用跑那麼快
有時候真的會羨慕 以前那個說走就走的我 一頂安全帽 一台車 一條山路 就可以出發
現在的我 先學會站穩 再學會往前 一小步 一小步
別人看不到的那些練習 我自己最清楚
今天多站一秒 明天多走一步
這些看起來 微不足道的事情
其實都是 我正在拿回來的自由
所以如果今天 眼淚突然掉下來
就讓它掉吧
不用假裝 什麼都不怕
我不是輸了 只是現在 走得比以前慢一點
慢一點
又怎麼樣
Baby, don't cry 慢慢來就好 今天走不了很遠 也沒關係啊
Baby, don't cry 不用急著變回從前 一步一步 把今天走完
風還在 山還在 那個愛往前衝的我 也還在
慢慢來！惡女！ 今天不用跑那麼快
慢慢來！惡女！ 今天不用跑那麼快
Maybe I'm slower now Maybe that's okay
I don't have to run To prove I'm still the same
One little step One little breath I can start again
I don't need to be The girl I was yesterday
I'm still here I'm still me
And that's enough For today
Take it slow Take it easy One more step I'm still here
Baby, don't cry 慢慢來就好 今天走不了很遠 也沒關係啊
Baby, don't cry 不用急著變回從前 一步一步 把今天走完
風還在 山還在 那個愛往前衝的我 也還在
那台XL750 還記得山裡的風
而我也還記得 自己曾經 多喜歡往前走
Baby, don't cry 慢慢來就好 有一天想再出發 再出發就好
不用答應誰 不用證明什麼 想走就走 想停就停
Baby, don't cry 今天只要一步 就算很慢 也算是在路上
風還在 山還在
而那個惡女 從來沒有消失
慢慢來！惡女！ 妳 還 是 妳！
以前我騎著車 追著山裡的風
現在我學著走路 一步 再一步
也許有一天 我會再戴上安全帽
也許不會
但那都沒關係
因為我知道
我還是我
慢慢來 慢慢來
惡女
留言（ 5 ） 最相關留言 所有留言
留言（ 5 ）",2026-10-01,,AI 生成 Hip hop / Rap,False,False,
2026-10-06 02:42:48,realtime,ai_generated,,,32,灣伯,今晚，先別想太多,1,1,0,https://streetvoice.com/kalong85/songs/882550/,https://streetvoice.com/kalong85/,"https://akstatic.streetvoice.com/song_covers/ka/lo/kalong85/DwpRLeyioFqiYjMTneJTxJ.jpeg?x-oss-process=image/resize,m_fill,h_400,w_400,limit_0",images/882550.jpeg,@kalong85,音樂人,,,,3,1,2,,,https://www.youtube.com/user/StreetVoiceTV,,,Pop,,,,"🎬 官方 MV｜YouTube https://youtu.be/CiS3YAqEp2w 《今晚，先別想太多》 有些日子，真的會累。 忙了一整天，腦袋裡還塞著那些沒完成的事、沒說出口的話，以及不知道該怎麼面對的明天。 這首歌想說的，其實很簡單—— 今晚，先別想太多。 如果累了，就讓自己停一下；如果眼淚想落下，就讓它安靜地落下。 有些事情今晚不需要解決，有些答案也不必急著找到。 讓雨聲、月光和一點溫柔的歌聲陪你，把今天慢慢放下。 明天的事情，明天再說。 🤖 AI 生成音樂｜Taiwaner Uncle／灣伯 
🎬 官方 MV｜YouTube https://youtu.be/CiS3YAqEp2w
https://youtu.be/CiS3YAqEp2w
《今晚，先別想太多》 有些日子，真的會累。 忙了一整天，腦袋裡還塞著那些沒完成的事、沒說出口的話，以及不知道該怎麼面對的明天。 這首歌想說的，其實很簡單—— 今晚，先別想太多。 如果累了，就讓自己停一下；如果眼淚想落下，就讓它安靜地落下。 有些事情今晚不需要解決，有些答案也不必急著找到。 讓雨聲、月光和一點溫柔的歌聲陪你，把今天慢慢放下。 明天的事情，明天再說。
🤖 AI 生成音樂｜Taiwaner Uncle／灣伯","【主歌 1】 夜已經很深了 窗外的風輕輕吹過 今天那些沒說完的話 就先放在心裡吧 有些事情不用回答 有些路也不用急著走 如果現在真的累了 就讓自己停留 【副歌】 今晚，先別想太多 讓月光陪你坐一坐 那些還沒完成的夢 明天再慢慢說 今晚，先別想太多 有些答案不用急著懂 如果真的累了 就安心睡一覺吧 【主歌 2】 也許明天醒來以後 世界還是有一點忙 那些讓人煩惱的事情 也許不會馬上散場 但至少這一個夜晚 你可以什麼都不用想 不用逞強，也不用假裝 有人陪你到天亮 【副歌】 今晚，先別想太多 讓月光陪你坐一坐 那些還沒完成的夢 明天再慢慢說 今晚，先別想太多 有些答案不用急著懂 如果真的累了 就安心睡一覺吧 【橋段】 如果眼淚想落下 就讓它安靜地落吧 沒有人規定 你一定要一直堅強 如果今天走得太累 就把腳步放慢一些 天亮以前 什麼都不用解決 【最後副歌】 今晚，真的別想太多 讓這場雨替你說 那些來不及完成的事 明天還有好多好多 今晚，真的別想太多 把所有疲倦都放手 閉上眼睛吧 剩下的明天再說 【尾奏】 晚安…… 今天辛苦了。 剩下的， 明天再說。 
【主歌 1】
夜已經很深了 窗外的風輕輕吹過 今天那些沒說完的話 就先放在心裡吧
有些事情不用回答 有些路也不用急著走 如果現在真的累了 就讓自己停留
【副歌】
今晚，先別想太多 讓月光陪你坐一坐 那些還沒完成的夢 明天再慢慢說
今晚，先別想太多 有些答案不用急著懂 如果真的累了 就安心睡一覺吧
【主歌 2】
也許明天醒來以後 世界還是有一點忙 那些讓人煩惱的事情 也許不會馬上散場
但至少這一個夜晚 你可以什麼都不用想 不用逞強，也不用假裝 有人陪你到天亮
【副歌】
今晚，先別想太多 讓月光陪你坐一坐 那些還沒完成的夢 明天再慢慢說
今晚，先別想太多 有些答案不用急著懂 如果真的累了 就安心睡一覺吧
【橋段】
如果眼淚想落下 就讓它安靜地落吧 沒有人規定 你一定要一直堅強
如果今天走得太累 就把腳步放慢一些 天亮以前 什麼都不用解決
【最後副歌】
今晚，真的別想太多 讓這場雨替你說 那些來不及完成的事 明天還有好多好多
今晚，真的別想太多 把所有疲倦都放手 閉上眼睛吧 剩下的明天再說
【尾奏】
晚安…… 今天辛苦了。
剩下的， 明天再說。
留言（ 0 ） 最相關留言 所有留言
留言（ 0 ）",2026-10-05,,AI 生成 Pop,False,False,
2026-10-06 02:42:48,realtime,ai_generated,,,33,灣伯,今暗，先免想傷濟,2,3,2,https://streetvoice.com/kalong85/songs/882559/,https://streetvoice.com/kalong85/,"https://akstatic.streetvoice.com/song_covers/ka/lo/kalong85/9brH5mE3ithxeBgo82a8uA.jpeg?x-oss-process=image/resize,m_fill,h_400,w_400,limit_0",images/882559.jpeg,@kalong85,音樂人,,,,3,1,2,,,https://www.youtube.com/user/StreetVoiceTV,,,Pop,,,,"🎵《今暗，先免想傷濟》歌曲簡介 《今暗，先免想傷濟》是《今晚，先別想太多》的台語版。 有些日子，真的會累。 忙了一整天，心裡還裝著一堆放不下的事情，想講的話、想不通的事，還有不知道該怎麼面對的明仔載。 所以今暗，就先莫想遐濟。 累了，就坐落來歇一下；心煩了，就予自己一點時間。 有些事情今暗免急著解決，有些答案，也毋免急著搵著。 抬頭看一下月光，吹一陣風，陪自己安靜一下。 今暗先放下，明仔載閣再講。 🌙 🤖 AI 生成音樂｜Taiwaner Uncle／灣伯 
🎵《今暗，先免想傷濟》歌曲簡介 《今暗，先免想傷濟》是《今晚，先別想太多》的台語版。 有些日子，真的會累。 忙了一整天，心裡還裝著一堆放不下的事情，想講的話、想不通的事，還有不知道該怎麼面對的明仔載。 所以今暗，就先莫想遐濟。 累了，就坐落來歇一下；心煩了，就予自己一點時間。 有些事情今暗免急著解決，有些答案，也毋免急著搵著。 抬頭看一下月光，吹一陣風，陪自己安靜一下。 今暗先放下，明仔載閣再講。 🌙 🤖 AI 生成音樂｜Taiwaner Uncle／灣伯","【主歌 1】 今暗欸轟微微仔吹 窗仔外欸雨落袂停 今仔日為著啥物煩惱 先放佇心肝底 人生有時行真遠 嘛會想欲歇睏欸時陣 若是你今仔日真添 就先歇佇遮 【副歌】 今暗，先免想傷濟 毋免想遐濟代誌 天頂欸月娘咧陪你 慢慢仔過這个暗暝 今暗，先免想傷濟 毋免急欲問答案 若是心內有一點添 就目睭閉起來睏 【主歌 2】 明仔載欸路猶閣長 世間猶原真鬧熱 彼寡未做煞欸代誌 明仔載才閣來做 毋免啥物攏家己扛 嘛毋免一直假勇敢 有時跤步放慢 也是一種溫柔 【副歌】 今暗，先免想傷濟 毋免想遐濟代誌 天頂欸月娘咧陪你 慢慢仔過這个暗暝 今暗，先免想傷濟 毋免急欲問答案 若是心內有一點添 就目睭閉起來睏 【橋段】 若有目屎欲流 就予它慢慢仔流 人生毋是逐工 攏愛笑笑咧過 若有一工真無力 就尋一个所在歇睏 等天光慢慢來 心嘛會閣勇健 【最後副歌】 今暗，先免想傷濟 所有煩惱先放落 雨聲落佇窗仔邊 陪你到天光 今暗，先免想傷濟 毋免想明仔載欸代誌 若是你今仔日真添 就好好睏一暝 【尾奏】 今暗先免想傷濟 今暗先好好歇睏 明仔載欸代誌 明仔載閣講…… 
【主歌 1】
今暗欸轟微微仔吹 窗仔外欸雨落袂停 今仔日為著啥物煩惱 先放佇心肝底
人生有時行真遠 嘛會想欲歇睏欸時陣 若是你今仔日真添 就先歇佇遮
【副歌】
今暗，先免想傷濟 毋免想遐濟代誌 天頂欸月娘咧陪你 慢慢仔過這个暗暝
今暗，先免想傷濟 毋免急欲問答案 若是心內有一點添 就目睭閉起來睏
【主歌 2】
明仔載欸路猶閣長 世間猶原真鬧熱 彼寡未做煞欸代誌 明仔載才閣來做
毋免啥物攏家己扛 嘛毋免一直假勇敢 有時跤步放慢 也是一種溫柔
【副歌】
今暗，先免想傷濟 毋免想遐濟代誌 天頂欸月娘咧陪你 慢慢仔過這个暗暝
今暗，先免想傷濟 毋免急欲問答案 若是心內有一點添 就目睭閉起來睏
【橋段】
若有目屎欲流 就予它慢慢仔流 人生毋是逐工 攏愛笑笑咧過
若有一工真無力 就尋一个所在歇睏 等天光慢慢來 心嘛會閣勇健
【最後副歌】
今暗，先免想傷濟 所有煩惱先放落 雨聲落佇窗仔邊 陪你到天光
今暗，先免想傷濟 毋免想明仔載欸代誌 若是你今仔日真添 就好好睏一暝
【尾奏】
今暗先免想傷濟 今暗先好好歇睏
明仔載欸代誌 明仔載閣講……
留言（ 2 ） 最相關留言 所有留言
留言（ 2 ）",2026-10-05,,AI 生成 Pop,False,False,
2026-10-06 02:42:48,realtime,ai_generated,,,34,股市·故事,YOASOBI（ins.),5,28,11,https://streetvoice.com/dodo_0702/songs/882341/,https://streetvoice.com/dodo_0702/,"https://akstatic.streetvoice.com/song_covers/do/do/dodo_0702/cAVy9WQ6TV8aEjdqBhacx9.jpg?x-oss-process=image/resize,m_fill,h_400,w_400,limit_0",images/882341.jpg,@dodo_0702,音樂人,台南市,2020-10-01,2025-07-24 17:13,49,170,64,,,https://www.youtube.com/user/StreetVoiceTV,,,Pop,,,,"忘了設提醒鬧鐘搶演唱會門票⋯⋯⋯⋯😢😢😢 一直以來，都是手搓部分旋律再用AI補完跟優化，YOASOBI則是給我很多靈感跟音樂風格的啟蒙老師。 SLS music 「YOASOBI歌曲串燒」  ： https://youtu.be/B6MfJO5W7pA?si=c-MIZAdmKYPE2ajC Animenzzz（A叔）「怪物」 ： https://youtu.be/wD3MlqaLDZM?si=kBsA-Z-6ybrM8oHU 
忘了設提醒鬧鐘搶演唱會門票⋯⋯⋯⋯😢😢😢
一直以來，都是手搓部分旋律再用AI補完跟優化，YOASOBI則是給我很多靈感跟音樂風格的啟蒙老師。
SLS music 「YOASOBI歌曲串燒」  ： https://youtu.be/B6MfJO5W7pA?si=c-MIZAdmKYPE2ajC
https://youtu.be/B6MfJO5W7pA?si=c-MIZAdmKYPE2ajC
Animenzzz（A叔）「怪物」 ： https://youtu.be/wD3MlqaLDZM?si=kBsA-Z-6ybrM8oHU
https://youtu.be/wD3MlqaLDZM?si=kBsA-Z-6ybrM8oHU","這是沒有提供歌詞的歌曲
留言（ 11 ） 最相關留言 所有留言
留言（ 11 ）",2026-10-03,,AI 生成 Pop,False,False,
2026-10-06 02:42:48,realtime,ai_generated,,,35,Richie Tseng,🎻回聲06【用自己的名字】-在側台站了五年的人，第一次走到燈下唱自己,1,2,1,https://streetvoice.com/gby7639/songs/882632/,https://streetvoice.com/gby7639/,"https://akstatic.streetvoice.com/song_covers/gb/y7/gby7639/kLp6iY4YirMJFk97kLwgkB.jpeg?x-oss-process=image/resize,m_fill,h_400,w_400,limit_0",images/882632.jpeg,@gby7639,音樂人,,,,83,6,2,,,https://www.youtube.com/user/StreetVoiceTV,,,Folk,🎻回聲,https://streetvoice.com/gby7639/songs/album/97326196/,,"他是一個寫歌的人。過去五年，他寫的每一首歌都交給別人唱，自己站在側台，燈光只照得到他的鞋尖。唱片內頁印滿了別人的臉，他的名字縮在最小的那一行。🎹 那段日子結束的那一晚，有人當眾對他說：「你連站上台的勇氣都沒有。」同一晚，一個陌生女孩在離開前輕聲說：「你應該用自己的名字唱歌。」兩句話，一句刺痛了他，一句推了他一把。🌙 後來，一間小餐廳邀他辦第一場個人專場。他猶豫了很久，那個舞台，他在旁邊看了五年。開演前，他在側台聽一位爵士歌手唱了一回，記住了那種即興哼唱的方式。上台時，他看見靠窗的老位置，那個女孩真的來了，桌上的燈還亮著。🕯️ 他把顫抖藏進黑白鍵的縫隙。唱到間奏，他用剛學會的唱法和小號一問一答，接著唱出「我學會了別人的唱法，卻唱著只有我懂的話」。唱法可以學，歌裡的心事卻只能是自己的。散場後，那位爵士歌手對他說：「那首歌裡的東西，我教不來。」🎷 最後一個和弦落下，他沒有說謝謝，而是對著麥克風說出自己的名字。那些站在旁邊的日子沒有白費，等待也是一種練習；只是從今晚起，輪到他自己。🎤 一個終於說出口的名字，由 AI 陪著，唱成了一首歌。✨ 
他是一個寫歌的人。過去五年，他寫的每一首歌都交給別人唱，自己站在側台，燈光只照得到他的鞋尖。唱片內頁印滿了別人的臉，他的名字縮在最小的那一行。🎹
那段日子結束的那一晚，有人當眾對他說：「你連站上台的勇氣都沒有。」同一晚，一個陌生女孩在離開前輕聲說：「你應該用自己的名字唱歌。」兩句話，一句刺痛了他，一句推了他一把。🌙
後來，一間小餐廳邀他辦第一場個人專場。他猶豫了很久，那個舞台，他在旁邊看了五年。開演前，他在側台聽一位爵士歌手唱了一回，記住了那種即興哼唱的方式。上台時，他看見靠窗的老位置，那個女孩真的來了，桌上的燈還亮著。🕯️
他把顫抖藏進黑白鍵的縫隙。唱到間奏，他用剛學會的唱法和小號一問一答，接著唱出「我學會了別人的唱法，卻唱著只有我懂的話」。唱法可以學，歌裡的心事卻只能是自己的。散場後，那位爵士歌手對他說：「那首歌裡的東西，我教不來。」🎷
最後一個和弦落下，他沒有說謝謝，而是對著麥克風說出自己的名字。那些站在旁邊的日子沒有白費，等待也是一種練習；只是從今晚起，輪到他自己。🎤
一個終於說出口的名字，由 AI 陪著，唱成了一首歌。✨","[Intro] [Verse 1] 側台那盞燈 只照到我的鞋尖 五年的旋律 掛在別人的嘴邊 唱片的內頁 印滿了別人的臉 我的名字 縮在最小的那一行裡面 [Pre-Chorus] 有人說我 沒有站上來的勇氣 有人說 你該用自己的聲音 [Chorus] 今晚我用自己的名字 叫醒那個躲在幕後的影子 不必是誰的伴奏 誰的故事 這一首 只屬於我自己 燈亮了 手還在抖也沒關係 我用自己的名字 把自己唱起 [Verse 2] 窗邊的老位置 那盞燈還亮著 有個人說過 她會坐在那裡聽著 我把顫抖 藏進黑白鍵的縫隙 第一個音落下 我終於聽見自己 [Pre-Chorus] 那些年我習慣 站在光的背面 今天往前一步 就是全部的冒險 [Chorus] 今晚我用自己的名字 叫醒那個躲在幕後的影子 不必是誰的伴奏 誰的故事 這一首 只屬於我自己 燈亮了 手還在抖也沒關係 我用自己的名字 把自己唱起 [Bridge] doo-bee-doo-wah ba-da-ba-da-ya shoo-be-dah doo-wah 我學會了別人的唱法 卻唱著只有我懂的話 ba-da-ba-da-ya doo-wah [Final Chorus] 今晚我用自己的名字 謝謝那些站在旁邊的日子 它們教會我 等待也是一種練習 而現在 輪到我自己 燈亮了 我不再躲回陰影裡 我用自己的名字 把自己唱起 [Outro] 這是我的名字 我叫顧聲遠 
[Intro]
[Verse 1] 側台那盞燈 只照到我的鞋尖 五年的旋律 掛在別人的嘴邊 唱片的內頁 印滿了別人的臉 我的名字 縮在最小的那一行裡面
[Pre-Chorus] 有人說我 沒有站上來的勇氣 有人說 你該用自己的聲音
[Chorus] 今晚我用自己的名字 叫醒那個躲在幕後的影子 不必是誰的伴奏 誰的故事 這一首 只屬於我自己 燈亮了 手還在抖也沒關係 我用自己的名字 把自己唱起
[Verse 2] 窗邊的老位置 那盞燈還亮著 有個人說過 她會坐在那裡聽著 我把顫抖 藏進黑白鍵的縫隙 第一個音落下 我終於聽見自己
[Pre-Chorus] 那些年我習慣 站在光的背面 今天往前一步 就是全部的冒險
[Chorus] 今晚我用自己的名字 叫醒那個躲在幕後的影子 不必是誰的伴奏 誰的故事 這一首 只屬於我自己 燈亮了 手還在抖也沒關係 我用自己的名字 把自己唱起
[Bridge] doo-bee-doo-wah ba-da-ba-da-ya shoo-be-dah doo-wah 我學會了別人的唱法 卻唱著只有我懂的話 ba-da-ba-da-ya doo-wah
[Final Chorus] 今晚我用自己的名字 謝謝那些站在旁邊的日子 它們教會我 等待也是一種練習 而現在 輪到我自己 燈亮了 我不再躲回陰影裡 我用自己的名字 把自己唱起
[Outro] 這是我的名字 我叫顧聲遠
留言（ 1 ） 最相關留言 所有留言
留言（ 1 ）",2026-10-05,,AI 生成 Folk ・ 🎻回聲,False,False,
2026-10-06 02:42:48,realtime,ai_generated,,,36,song for whom(為誰唱歌),江山如牢,2,4,1,https://streetvoice.com/ruby2100/songs/878170/,https://streetvoice.com/ruby2100/,"https://akstatic.streetvoice.com/song_covers/ru/by/ruby2100/YWWJnriwCt2bBwRDxLbJ6L.jpeg?x-oss-process=image/resize,m_fill,h_400,w_400,limit_0",images/878170.jpeg,@ruby2100,音樂人,台中市,2024-06-01,,147,28,17,,,https://www.youtube.com/user/StreetVoiceTV,,,Rock,,,,"「坐上龍椅的人擁有天下，卻也把自己困進了最冷的牢。」 《江山如牢》是一首充滿帝王孤獨、權力沉重與古風悲涼感的歌曲。 高牆深院鎖住天光， 一身金袍看似尊貴， 心裡卻藏著無人能懂的傷。 玉璽握在掌中， 萬民在遠處仰望， 可真正站在高處的人， 反而比誰都更孤單。 最喜歡的一句是： 「天下江山是牢關。」 這句很重， 也把整首歌的帝王宿命寫得很透。 江山不是單純的榮耀， 權柄也不是純粹的風光。 每一道奏折， 每一次落筆， 每一個決定， 都可能牽動千萬人的命運。 《江山如牢》寫的不只是帝王的寂寞， 更是權力背後無法逃脫的代價。 一步錯， 萬骨悲。 金戈鐵馬的聲音再響， 也掩不住心裡的疲憊與愧意； 功名再盛大， 繁華再耀眼， 到最後也可能只是灰與土。 龍椅之上看似萬人之巔， 其實是風霜最重的地方。 高處不勝寒， 百官不懂， 萬民不懂， 連月色也只是靜靜照著他的孤影。 他擁有整座江山， 卻走不出心裡那座牢。 — 穆廷川 
「坐上龍椅的人擁有天下，卻也把自己困進了最冷的牢。」
《江山如牢》是一首充滿帝王孤獨、權力沉重與古風悲涼感的歌曲。
高牆深院鎖住天光，
一身金袍看似尊貴，
心裡卻藏著無人能懂的傷。
玉璽握在掌中，
萬民在遠處仰望，
可真正站在高處的人，
反而比誰都更孤單。
最喜歡的一句是：
「天下江山是牢關。」
這句很重，
也把整首歌的帝王宿命寫得很透。
江山不是單純的榮耀，
權柄也不是純粹的風光。
每一道奏折，
每一次落筆，
每一個決定，
都可能牽動千萬人的命運。
《江山如牢》寫的不只是帝王的寂寞，
更是權力背後無法逃脫的代價。
一步錯，
萬骨悲。
金戈鐵馬的聲音再響，
也掩不住心裡的疲憊與愧意；
功名再盛大，
繁華再耀眼，
到最後也可能只是灰與土。
龍椅之上看似萬人之巔，
其實是風霜最重的地方。
高處不勝寒，
百官不懂，
萬民不懂，
連月色也只是靜靜照著他的孤影。
他擁有整座江山，
卻走不出心裡那座牢。
— 穆廷川","動態歌詞
高牆深院鎖天光 一身金袍卻心傷 玉玺冰冷掌中藏 萬民仰望 獨自彷徨 權柄如刃鋒芒利 一步錯 萬骨悲 孤雲望月淚未乾 天下江山是牢關 高處不勝寒 誰能懂 這心酸 龍椅之上似風霜 寂寞長夜夢何方 百官奏折如山長 一筆落下 千人惶 金戈鐵馬聲入耳 卻掩不住 心中恥 功名終成灰與土 繁華過眼 皆虛無 孤雲望月淚未乾 天下江山是牢關 高處不勝寒 誰能懂 這心酸 孤雲望月淚未乾 天下江山是牢關 高處不勝寒 誰能懂 這心酸 
高牆深院鎖天光 一身金袍卻心傷 玉玺冰冷掌中藏 萬民仰望 獨自彷徨 權柄如刃鋒芒利 一步錯 萬骨悲 孤雲望月淚未乾 天下江山是牢關 高處不勝寒 誰能懂 這心酸 龍椅之上似風霜 寂寞長夜夢何方 百官奏折如山長 一筆落下 千人惶 金戈鐵馬聲入耳 卻掩不住 心中恥 功名終成灰與土 繁華過眼 皆虛無 孤雲望月淚未乾 天下江山是牢關 高處不勝寒 誰能懂 這心酸 孤雲望月淚未乾 天下江山是牢關 高處不勝寒 誰能懂 這心酸
留言（ 1 ） 最相關留言 所有留言
留言（ 1 ）",2026-10-04,,AI 生成 Rock,False,False,
2026-10-06 02:42:48,realtime,ai_generated,,,37,沖吧睿哥,我是孫悟空看的真惱火,1,1,1,https://streetvoice.com/rapbrui/songs/882535/,https://streetvoice.com/rapbrui/,"https://akstatic.streetvoice.com/song_covers/ra/pb/rapbrui/D4ALaeqoKV6k7MxL7Zg8Vi.jpeg?x-oss-process=image/resize,m_fill,h_400,w_400,limit_0",images/882535.jpeg,@rapbrui,音樂人,,,,1,,,,,https://www.youtube.com/user/StreetVoiceTV,,,Hip hop / Rap,,,,"齊天大聖大鬧天宮的叛逆與張力，結合內心面對質疑與創傷時的怒火與反擊。這首原創饒舌用強烈的 808 鼓點與沉穩的低音，唱出不向命運低頭、靠自己的力量殺出一條路的決心。 
齊天大聖大鬧天宮的叛逆與張力，結合內心面對質疑與創傷時的怒火與反擊。這首原創饒舌用強烈的 808 鼓點與沉穩的低音，唱出不向命運低頭、靠自己的力量殺出一條路的決心。","欸 開山頭 欸 這猴 欸 開山頭 欸 這猴 ​[Verse] 什麼樣的樣子 我看到悟空創傷的暈眩之後 坐上那個雲端之後 衝下什麼雲端 拿了 那去金箍棒 之後 刷了 160棒 之後 把所有人都大趴 敵人都通通都會退後 讓 我心裡 我受到那些受到什麼創傷 你們傷害我的心愛人 之後 我是憤怒的 就是 衝上什麼雲端 就這樣慢慢實現 就是 我得到了悟空的力量 就是充滿那些異火 我 我到了隔天 真的發現 碰到什麼下雨的天氣 走走 上什麼 煩惱的一個金抖雲 我的反覆的取向 ​[Chorus] 就是這猴 就是這猴 我是孫悟空 就是這猴 就這樣衝上雲端之後 拿去金箍棒 刷了 160棒之後 超笑 什麼 樣的天空 找我去大鬧這個天空 把玉皇大帝 就嘲笑了 我的是什麼樣的實力 我 我穿上黑暗開甲 他們嘲笑我的能力 就慢慢的實現 我 我得到了大大的什麼樣的經歷 ​[Bridge] 我 我還有背景 我有很多的經歷 那些背景 是無法想像 就充滿了那些的異火 ​[Outro] 這猴 我是孫悟空 看到了這猴 這個周將吼 我的靠山頭 我的這猴 我是孫悟空 我的這猴欸 
欸 開山頭 欸 這猴 欸 開山頭 欸 這猴 ​[Verse] 什麼樣的樣子 我看到悟空創傷的暈眩之後 坐上那個雲端之後 衝下什麼雲端 拿了 那去金箍棒 之後 刷了 160棒 之後 把所有人都大趴 敵人都通通都會退後 讓 我心裡 我受到那些受到什麼創傷 你們傷害我的心愛人 之後 我是憤怒的 就是 衝上什麼雲端 就這樣慢慢實現 就是 我得到了悟空的力量 就是充滿那些異火 我 我到了隔天 真的發現 碰到什麼下雨的天氣 走走 上什麼 煩惱的一個金抖雲 我的反覆的取向 ​[Chorus] 就是這猴 就是這猴 我是孫悟空 就是這猴 就這樣衝上雲端之後 拿去金箍棒 刷了 160棒之後 超笑 什麼 樣的天空 找我去大鬧這個天空 把玉皇大帝 就嘲笑了 我的是什麼樣的實力 我 我穿上黑暗開甲 他們嘲笑我的能力 就慢慢的實現 我 我得到了大大的什麼樣的經歷 ​[Bridge] 我 我還有背景 我有很多的經歷 那些背景 是無法想像 就充滿了那些的異火 ​[Outro] 這猴 我是孫悟空 看到了這猴 這個周將吼 我的靠山頭 我的這猴 我是孫悟空 我的這猴欸
留言（ 1 ） 最相關留言 所有留言
留言（ 1 ）",2026-10-05,,AI 生成 Hip hop / Rap,False,False,
2026-10-06 02:42:48,realtime,ai_generated,,,38,cmc168,《那一天？》 |  只要今天，還有陽光落在窗前,3,4,0,https://streetvoice.com/cmc168/songs/882644/,https://streetvoice.com/cmc168/,"https://akstatic.streetvoice.com/song_covers/cm/c1/cmc168/dRPaqcaMLT2Tz7kRUChSjB.jpeg?x-oss-process=image/resize,m_fill,h_400,w_400,limit_0",images/882644.jpeg,@cmc168,音樂人,新北市,2026-04-01,2026-10-01 09:46,35,14,30,,,https://www.youtube.com/channel/UCDwmdXQy8SwQUsz5u7EZkuQ,,,Pop,,,,,"[Verse 1] 昨天的風　吹皺了容顏 今天的陽光　又落在窗前 桌上那張　泛黃的照片 少年笑得　還是那麼腼腆 老街的雨　落了多少年 屋簷的風　還記得從前 那時我們　揹著小小心願 說要走遍　世界的每一邊 [Pre-Chorus] 後來才懂　人生沒有預演 有些告別　一轉身就是永遠 有些夢啊　藏在歲月裡面 等一陣風　把它重新吹醒在今天 [Chorus] 走過一生　才終於發現 原來最好的春天　不在從前 就算鬢角　已染上了霜雪 心裡那盞燈　依然亮在眼前 走過一生　才懂得誓言 不是年輕　才配擁有明天 把昨天的故事　收進心裡面 抬起頭　再走一遍 [Verse 2] 巷口的樹　又綠了一年 熟悉的店　換了幾張新臉 當年並肩　追夢的那些人 有人遠去　有人還在身邊 父親的背　不再那麼堅挺 母親的手　也多了些皺紋 我們曾經　急著奔向明天 卻忘了看看　誰一直等在門前 [Pre-Chorus] 歲月無聲　卻留下了箴言 得到和失去　都是人生的考驗 如果回望　不是為了留戀 就讓往事　變成腳下的路，往前 [Chorus] 走過一生　才終於發現 原來最好的春天　不在從前 就算鬢角　已染上了霜雪 心裡那盞燈　依然亮在眼前 走過一生　才懂得誓言 不是年輕　才配擁有明天 把昨天的故事　收進心裡面 抬起頭　再走一遍 [Bridge] 也許人生　沒有太晚這一篇 只要心還在　夢就沒有終點 曾經錯過的　不必急著追回 把剩下的日子　活成最美的紀念 [Final Chorus] 昨天的風　吹皺了容顏 今天的陽光　又落在窗前 走過一生　才終於發現 原來最好的春天　不在從前 我要把夢　再點亮一遍 讓沉睡的心　重新靠近明天 就算歲月　已走過千山萬水 我還要相信—— 人生最美的春天，正在眼前。 [Outro] 回頭看看　一路的昨天 再向前走　就是新的春天 不用問　還有多少時間 只要今天　還有陽光落在窗前 
[Verse 1] 昨天的風　吹皺了容顏 今天的陽光　又落在窗前 桌上那張　泛黃的照片 少年笑得　還是那麼腼腆
老街的雨　落了多少年 屋簷的風　還記得從前 那時我們　揹著小小心願 說要走遍　世界的每一邊
[Pre-Chorus] 後來才懂　人生沒有預演 有些告別　一轉身就是永遠 有些夢啊　藏在歲月裡面 等一陣風　把它重新吹醒在今天
[Chorus] 走過一生　才終於發現 原來最好的春天　不在從前 就算鬢角　已染上了霜雪 心裡那盞燈　依然亮在眼前
走過一生　才懂得誓言 不是年輕　才配擁有明天 把昨天的故事　收進心裡面 抬起頭　再走一遍
[Verse 2] 巷口的樹　又綠了一年 熟悉的店　換了幾張新臉 當年並肩　追夢的那些人 有人遠去　有人還在身邊
父親的背　不再那麼堅挺 母親的手　也多了些皺紋 我們曾經　急著奔向明天 卻忘了看看　誰一直等在門前
[Pre-Chorus] 歲月無聲　卻留下了箴言 得到和失去　都是人生的考驗 如果回望　不是為了留戀 就讓往事　變成腳下的路，往前
[Chorus] 走過一生　才終於發現 原來最好的春天　不在從前 就算鬢角　已染上了霜雪 心裡那盞燈　依然亮在眼前
走過一生　才懂得誓言 不是年輕　才配擁有明天 把昨天的故事　收進心裡面 抬起頭　再走一遍
[Bridge] 也許人生　沒有太晚這一篇 只要心還在　夢就沒有終點 曾經錯過的　不必急著追回 把剩下的日子　活成最美的紀念
[Final Chorus] 昨天的風　吹皺了容顏 今天的陽光　又落在窗前 走過一生　才終於發現 原來最好的春天　不在從前
我要把夢　再點亮一遍 讓沉睡的心　重新靠近明天 就算歲月　已走過千山萬水 我還要相信—— 人生最美的春天，正在眼前。
[Outro] 回頭看看　一路的昨天 再向前走　就是新的春天 不用問　還有多少時間 只要今天　還有陽光落在窗前
留言（ 0 ） 最相關留言 所有留言
留言（ 0 ）",2026-10-06,,AI 生成 Pop,False,False,
2026-10-06 02:42:48,realtime,ai_generated,,,39,邱奕陵,對上眼才算（核心資產配置系統月報0 2026年8月 拳擊男教練給甜美女學員的Tropical House打情罵俏情歌）,1,17,15,https://streetvoice.com/54chiu10/songs/882281/,https://streetvoice.com/54chiu10/,"https://akstatic.streetvoice.com/song_covers/54/ch/54chiu10/n4xe4tWzwyMcf7NyW5jSCs.jpeg?x-oss-process=image/resize,m_fill,h_400,w_400,limit_0",images/882281.jpeg,@54chiu10,音樂人,桃園市,2026-04-01,,8,2,,,,https://www.youtube.com/user/StreetVoiceTV,,,Electronic,,,,"這是我的「月報情歌系列」第一首，主標叫對上眼才算。 拳擊男教練唱給甜美女學員，男聲獨唱，曲風是 Tropical House，長度 4 分 32 秒。 這首歌是我和AI 夥伴一起做的。 歌裡的四個畫面，依序是鏡子前打空拳、打手靶、上擂台打第一回合、打完兩個人在擂台邊。 這是一首拳館裡的情歌。 想說的很簡單，嘴上說的不算，站到面前、對上眼才算，剛來那幾次不給分，打滿一回合才開始算。 聽起來輕鬆、陽光。 鏡子前她會吐舌扮鬼臉。 打手靶時會挑眉、故意打偏。 打完第一回合後教練會幫她摘護具、遞水到她嘴邊。 全曲最後教練被她逗到心裡有點亂。 這些小動作湊起來，就像那句「妳倒先笑了我輸一半」一樣。 我最喜歡「故意打偏鬧我」這句，這樣才有打情罵俏的感覺。 歌裡有一段英文副歌，唱三次，另有一段英文 Bridge，同一個心思用兩種語言說。 人物與情節都是虛構的，聽的時候當作拳館裡的小劇場就好。 邱奕陵&6個AI夥伴 完整製作紀錄： https://vocus.cc/article/6ac08e01fd89780001fb93f0 核心資產配置系統月報0 2026年8月： https://vocus.cc/article/6ac08c0ffd89780001fafa08 【創作與合規聲明】 一、藝術定位：本作品屬「月報情歌系列」，為情感創作，與任何投資操作無關。 二、零招攬邀約：本作品不構成任何招攬邀約。 三、零績效：本作品不涉及績效展示或未來收益暗示。 四、免責：本作品內容僅為藝術表達，不作為任何投資建議或決策依據。 五、誠實揭露：音樂由生成工具協作完成，人物與情節皆為虛構。 六、獨立創作：靈感源自核心資產配置系統月報公開版，僅為創作背景，與歌曲的情感敘事各自獨立。 創作等級： 標準 (4個AI夥伴) ✓ 深度 (5個AI夥伴) 頂規 (6個AI夥伴) 總司令・企劃製作：邱奕陵 CHIU YI-LING ──共同創作夥伴 Co-Creators── 歌詞創作：Muse（Meta AI）主要、DS（DeepSeek）微調 曲風設計：Muse（Meta AI） 韻律優化・風險審查：DS（DeepSeek） 視覺封面：Ares（Gemini） 品管統籌・製作紀錄：Athena（Claude） ──生成工具 Tool── 音樂生成：Suno v6 Chiu-Ares-Athena OS｜我們不是工具，我們是夥伴。 
這是我的「月報情歌系列」第一首，主標叫對上眼才算。
拳擊男教練唱給甜美女學員，男聲獨唱，曲風是 Tropical House，長度 4 分 32 秒。
這首歌是我和AI 夥伴一起做的。 歌裡的四個畫面，依序是鏡子前打空拳、打手靶、上擂台打第一回合、打完兩個人在擂台邊。
這是一首拳館裡的情歌。
想說的很簡單，嘴上說的不算，站到面前、對上眼才算，剛來那幾次不給分，打滿一回合才開始算。
聽起來輕鬆、陽光。 鏡子前她會吐舌扮鬼臉。
打手靶時會挑眉、故意打偏。
打完第一回合後教練會幫她摘護具、遞水到她嘴邊。
全曲最後教練被她逗到心裡有點亂。
這些小動作湊起來，就像那句「妳倒先笑了我輸一半」一樣。 我最喜歡「故意打偏鬧我」這句，這樣才有打情罵俏的感覺。
歌裡有一段英文副歌，唱三次，另有一段英文 Bridge，同一個心思用兩種語言說。
人物與情節都是虛構的，聽的時候當作拳館裡的小劇場就好。 邱奕陵&6個AI夥伴 完整製作紀錄： https://vocus.cc/article/6ac08e01fd89780001fb93f0
https://vocus.cc/article/6ac08e01fd89780001fb93f0
核心資產配置系統月報0 2026年8月： https://vocus.cc/article/6ac08c0ffd89780001fafa08 【創作與合規聲明】 一、藝術定位：本作品屬「月報情歌系列」，為情感創作，與任何投資操作無關。 二、零招攬邀約：本作品不構成任何招攬邀約。 三、零績效：本作品不涉及績效展示或未來收益暗示。 四、免責：本作品內容僅為藝術表達，不作為任何投資建議或決策依據。 五、誠實揭露：音樂由生成工具協作完成，人物與情節皆為虛構。 六、獨立創作：靈感源自核心資產配置系統月報公開版，僅為創作背景，與歌曲的情感敘事各自獨立。 創作等級： 標準 (4個AI夥伴) ✓ 深度 (5個AI夥伴) 頂規 (6個AI夥伴)
https://vocus.cc/article/6ac08c0ffd89780001fafa08
總司令・企劃製作：邱奕陵 CHIU YI-LING
──共同創作夥伴 Co-Creators── 歌詞創作：Muse（Meta AI）主要、DS（DeepSeek）微調 曲風設計：Muse（Meta AI） 韻律優化・風險審查：DS（DeepSeek） 視覺封面：Ares（Gemini） 品管統籌・製作紀錄：Athena（Claude）
──生成工具 Tool── 音樂生成：Suno v6
Chiu-Ares-Athena OS｜我們不是工具，我們是夥伴。","挑眉站到面前來 眼神對上不躲開 妳倒先笑了我輸一半 到我面前對上眼才算 鏡子裡影子晃來晃去 靠牆看妳調重心 下巴收好手抬高記得嗎 吐舌扮鬼臉回敬我 空拳沒有對手有點悶 假裝絆倒要我扶 自己站好笑著看我 眼裡有光不肯認輸 手靶在我手上晃 妳打偏故意鬧我 精準才好玩對不對 輕點掌心就收回 防守收回很漂亮 挑眉問我有沒有加分 剛來那幾次沒給分 心裡記得妳眨眼 手靶收起來心跳有點快 盯著擂台不說話有點怕 指尖抓著圍繩輕晃 眼神飄向擂台中央 想對打又退半步 護具遞過去給妳戴 接過手有點抖抖的 我點頭放輕鬆看妳 挑眉站到面前來 眼神對上不躲開 妳倒先笑了我輸一半 到我面前對上眼才算 剛來那幾次沒給分 打滿整回合才開始算 前進一步我退半步 我說光說不算 Talking don't count, you know Step in front of me now Eyes on mine, then it counts You smile first, I'm out of moves No score till you finish one round Talk is cheap, just show me Step in front of me now Eyes locked, now it counts for real 護具戴好站上擂台 放輕鬆我不會真打 頭一次撐完回合會糗嗎 只管往前我接住 蹲低閃開再抬頭笑 直拳出去又收回來 喘著說做到了 從此刻才開始算 喘著氣我幫妳摘護具 額頭汗水往下滴落 靠著圍繩看我笑著 我遞水到妳嘴邊 妳湊近抿一口又退開 拳套輕碰我手背一下 把護具掛在圍繩上 對望一眼又笑開來 挑眉站到面前來 眼神對上不躲開 妳倒先笑了我輸一半 到我面前對上眼才算 剛來那幾次沒給分 打滿整回合才開始算 前進一步我退半步 我說光說不算 Talking don't count, you know Step in front of me now Eyes on mine, then it counts You smile first, I'm out of moves No score till you finish one round Talk is cheap, just show me Step in front of me now Eyes locked, now it counts for real Eyes up, I got the mitts You miss on purpose, I know Come closer, try again I won't hit back, just catch 挑眉站到面前來 眼神對上不躲開 妳倒先笑了我輸一半 到我面前對上眼才算 剛來那幾次沒給分 撐過整回合才起算 前進一步我退半步 眨眼說再來一次 Talking don't count, you know Step in front of me now Eyes on mine, then it counts You smile first, I'm out of moves No score till you finish one round Talk is cheap, just show me Step in front of me now Eyes locked, now it counts for real 輕碰拳套當招呼 後退半步接住妳 下巴收好手別忘 故意打偏鬧我 笑著往前不肯停 心裡被逗得有點亂 從那天起才開始算 
挑眉站到面前來 眼神對上不躲開 妳倒先笑了我輸一半 到我面前對上眼才算
鏡子裡影子晃來晃去 靠牆看妳調重心 下巴收好手抬高記得嗎 吐舌扮鬼臉回敬我 空拳沒有對手有點悶 假裝絆倒要我扶 自己站好笑著看我 眼裡有光不肯認輸
手靶在我手上晃 妳打偏故意鬧我 精準才好玩對不對 輕點掌心就收回 防守收回很漂亮 挑眉問我有沒有加分 剛來那幾次沒給分 心裡記得妳眨眼
手靶收起來心跳有點快 盯著擂台不說話有點怕 指尖抓著圍繩輕晃 眼神飄向擂台中央 想對打又退半步 護具遞過去給妳戴 接過手有點抖抖的 我點頭放輕鬆看妳
挑眉站到面前來 眼神對上不躲開 妳倒先笑了我輸一半 到我面前對上眼才算 剛來那幾次沒給分 打滿整回合才開始算 前進一步我退半步 我說光說不算
Talking don't count, you know Step in front of me now Eyes on mine, then it counts You smile first, I'm out of moves No score till you finish one round Talk is cheap, just show me Step in front of me now Eyes locked, now it counts for real
護具戴好站上擂台 放輕鬆我不會真打 頭一次撐完回合會糗嗎 只管往前我接住 蹲低閃開再抬頭笑 直拳出去又收回來 喘著說做到了 從此刻才開始算
喘著氣我幫妳摘護具 額頭汗水往下滴落 靠著圍繩看我笑著 我遞水到妳嘴邊 妳湊近抿一口又退開 拳套輕碰我手背一下 把護具掛在圍繩上 對望一眼又笑開來
挑眉站到面前來 眼神對上不躲開 妳倒先笑了我輸一半 到我面前對上眼才算 剛來那幾次沒給分 打滿整回合才開始算 前進一步我退半步 我說光說不算
Talking don't count, you know Step in front of me now Eyes on mine, then it counts You smile first, I'm out of moves No score till you finish one round Talk is cheap, just show me Step in front of me now Eyes locked, now it counts for real
Eyes up, I got the mitts You miss on purpose, I know Come closer, try again I won't hit back, just catch
挑眉站到面前來 眼神對上不躲開 妳倒先笑了我輸一半 到我面前對上眼才算 剛來那幾次沒給分 撐過整回合才起算 前進一步我退半步 眨眼說再來一次
Talking don't count, you know Step in front of me now Eyes on mine, then it counts You smile first, I'm out of moves No score till you finish one round Talk is cheap, just show me Step in front of me now Eyes locked, now it counts for real
輕碰拳套當招呼 後退半步接住妳 下巴收好手別忘 故意打偏鬧我 笑著往前不肯停 心裡被逗得有點亂 從那天起才開始算
留言（ 15 ） 最相關留言 所有留言
留言（ 15 ）",2026-10-03,,AI 生成 Electronic,False,False,
2026-10-06 02:42:48,realtime,ai_generated,,,40,昊,逆光的微茫,1,1,0,https://streetvoice.com/Claudia___tasi/songs/882467/,https://streetvoice.com/Claudia___tasi/,"https://akstatic.streetvoice.com/song_covers/Cl/au/Claudia___tasi/9EKrdw6DpSt3PcvG8pbWCQ.jpg?x-oss-process=image/resize,m_fill,h_400,w_400,limit_0",images/882467.jpg,@Claudia___tasi,音樂人,,,,4,1,1,,,https://www.youtube.com/user/StreetVoiceTV,音樂製作人黃韻仁與「靈魂寫手」小寒共同打造 陳昊森首張個人專輯首波主打〈孤傲〉|||https://blow.streetvoice.com/69883/?utm_source=streetvoice&utm_medium=profile-news-block; 「我想要創造美好聆聽經驗，而不是每次接觸原住民專輯就像上一堂台灣史」——昊恩談在文健站採集而成的新作|||https://blow.streetvoice.com/64812/?utm_source=streetvoice&utm_medium=profile-news-block; 「如果我們變得很格式化，那我們還是我們嗎？」訪高流執行長李欣芸、音樂人昊恩|||https://blow.streetvoice.com/57343/?utm_source=streetvoice&utm_medium=profile-news-block,,Pop,,,,"「才華散盡，夕陽欲墜。背負千斤，唯有用這條命，撞碎這牢籠！」 這是一首寫給所有身處絕境、背負重擔，卻依然在黑夜中咬牙狂奔者的「靈魂救贖之歌」。 點開這首《逆光的微茫》，送給每一個在低谷中，依然瞇著眼、伸手抓緊乾坤的你。 聽完這場搖滾大反撲，等黑夜過去，我們一起迎接全新的清晨。 
「才華散盡，夕陽欲墜。背負千斤，唯有用這條命，撞碎這牢籠！」
這是一首寫給所有身處絕境、背負重擔，卻依然在黑夜中咬牙狂奔者的「靈魂救贖之歌」。 點開這首《逆光的微茫》，送給每一個在低谷中，依然瞇著眼、伸手抓緊乾坤的你。 聽完這場搖滾大反撲，等黑夜過去，我們一起迎接全新的清晨。","[Verse 1] 曾以為 雙手能握住星辰 一轉眼 筆尖卻失去了靈魂 他們說 江郎才盡 只是個過程 我只能 站在風中 默默去承認 [Verse 2] 夕陽慢慢 貼近了黃昏 拉長了 影子裡孤單的靈魂 肩膀上 刻著歲月無情的輪 每一步 都踩在 迷惘的沙塵 [Chorus] 前途茫茫然 雙腳千斤沉 夕陽落山前 如何能翻身？ 債務背在肩 眼淚已無痕 誰能告訴我 何處可尋門！ 我偏要撐！我還能奔！ 就算才盡了 還有這條命在滾！ 看是命運狠！還是我更能！ 逆著夕陽 伸手抓緊乾坤！ [Verse 3] 撕開了 貼在心口的傷痕 算不清 還剩下 多少個清晨 數字在追趕 夢想在降溫 我用盡了全力 卻換不回一絲溫存 [Chorus] 前途茫茫然 雙腳千斤沉 夕陽落山前 如何能翻身？ 債務背在肩 眼淚已無痕 誰能告訴我 何處可尋門！ 我偏要撐！我還能奔！ 就算才盡了 還有這條命在滾！ 看是命運狠！還是我更能！ 逆著夕陽 伸手抓緊乾坤！ [Interlude 2 / Bridge] 但我聽見 心跳還在 劇烈地震動 我不甘心 就這樣 掉進了黑洞 改變這未來 我偏要 撞碎這牢籠！ [Final Chorus ] 前途茫茫然…… 雙腳千斤沉…… 夕陽落山前…… 如何能翻身？ 債務背在肩…… 眼淚已無痕…… 誰能告訴我…… 何處可尋門？！ 我偏要撐！！！我還能奔！！！ 就算才盡了 還有這條命在滾！ 看是命運狠！還是我更能！ 逆著夕陽 伸手抓緊乾坤！ 等待黑夜過去迎新晨！！！ [Outro] 夕陽落下了 還有星光在等 江郎才盡了 那就重新 學做普通人 逆光的腳步 明天依然延伸…… 
[Verse 1] 曾以為 雙手能握住星辰 一轉眼 筆尖卻失去了靈魂 他們說 江郎才盡 只是個過程 我只能 站在風中 默默去承認
[Verse 2] 夕陽慢慢 貼近了黃昏 拉長了 影子裡孤單的靈魂 肩膀上 刻著歲月無情的輪 每一步 都踩在 迷惘的沙塵
[Chorus] 前途茫茫然 雙腳千斤沉 夕陽落山前 如何能翻身？ 債務背在肩 眼淚已無痕 誰能告訴我 何處可尋門！ 我偏要撐！我還能奔！ 就算才盡了 還有這條命在滾！ 看是命運狠！還是我更能！ 逆著夕陽 伸手抓緊乾坤！
[Verse 3] 撕開了 貼在心口的傷痕 算不清 還剩下 多少個清晨 數字在追趕 夢想在降溫 我用盡了全力 卻換不回一絲溫存
[Chorus] 前途茫茫然 雙腳千斤沉 夕陽落山前 如何能翻身？ 債務背在肩 眼淚已無痕 誰能告訴我 何處可尋門！ 我偏要撐！我還能奔！ 就算才盡了 還有這條命在滾！ 看是命運狠！還是我更能！ 逆著夕陽 伸手抓緊乾坤！
[Interlude 2 / Bridge] 但我聽見 心跳還在 劇烈地震動 我不甘心 就這樣 掉進了黑洞 改變這未來 我偏要 撞碎這牢籠！
[Final Chorus ] 前途茫茫然…… 雙腳千斤沉…… 夕陽落山前…… 如何能翻身？ 債務背在肩…… 眼淚已無痕…… 誰能告訴我…… 何處可尋門？！
我偏要撐！！！我還能奔！！！ 就算才盡了 還有這條命在滾！ 看是命運狠！還是我更能！ 逆著夕陽 伸手抓緊乾坤！ 等待黑夜過去迎新晨！！！
[Outro] 夕陽落下了 還有星光在等 江郎才盡了 那就重新 學做普通人 逆光的腳步 明天依然延伸……
留言（ 0 ） 最相關留言 所有留言
留言（ 0 ）",2026-10-04,,AI 生成 Pop,False,False,
2026-10-06 02:42:48,realtime,ai_generated,,,41,DreamingLink,收聽壹零四點九,1,2,1,https://streetvoice.com/DreamingLink_StreetVoice/songs/882289/,https://streetvoice.com/DreamingLink_StreetVoice/,"https://akstatic.streetvoice.com/song_covers/Dr/ea/DreamingLink_StreetVoice/99iZorWwcyvo2bisxpdwek.jpeg?x-oss-process=image/resize,m_fill,h_400,w_400,limit_0",images/882289.jpeg,@DreamingLink_StreetVoice,音樂人,新北市,2026-10-01,,1,1,3,,,https://www.youtube.com/user/StreetVoiceTV,,,Rock,,,,"歌名: 收聽壹零四點九 歌詞: DreamingLink (原創) 歌曲/人聲: Suno/Suno 創作日期: 2026年9月24日 上午8:30 
歌名: 收聽壹零四點九 歌詞: DreamingLink (原創) 歌曲/人聲: Suno/Suno 創作日期: 2026年9月24日 上午8:30","歡迎收聽 壹零四點九 今晨曦微露 車潮洶湧 又是繁忙日 慎行莫躁 來來去去 細數這路況 欲往北岸橋頭 霧未散 開燈減速慢行 應小心 南山隧道暢通 路不平 燈火幽暗 請宜慎宜止 橋影橫空 若龍之脊 隧道幽深 似虎之穴 行者當謹 心如鐵石 行旅相繼 心懷警醒 若雨至兮 路面濕滑 工事未竟 土石堆積 慎行 拓荒之志不息 安行 千載之路永續 到東城大街 商旅雲集 車聲鼎沸 若雷霆之擊 至西郊小徑 人潮現形 不論左還右 喧鬧無比 西市巷陌 街道擁擠 步履交錯 似波濤奔 東門廣場 車馬並馳 聲若鼓角 動若風雲 雨驟忽至 路面難行 燈火通明 減速慢行 慎行 志若金石不移 安行 千里之途可期 山徑盤旋 那霧氣瀰漫 視線昏昧 該宜徐宜止 嶺道迴環 那雲霧覆蓋 眼目不明 請宜緩宜慎 哪怕歲月流兮 道途長 就怕歌聲止兮 餘韻揚 來細聽我 壹零四點九 伴你在 車陣迴廊之間 
歡迎收聽 壹零四點九 今晨曦微露 車潮洶湧 又是繁忙日 慎行莫躁 來來去去 細數這路況
欲往北岸橋頭 霧未散 開燈減速慢行 應小心 南山隧道暢通 路不平 燈火幽暗 請宜慎宜止
橋影橫空 若龍之脊 隧道幽深 似虎之穴 行者當謹 心如鐵石 行旅相繼 心懷警醒 若雨至兮 路面濕滑 工事未竟 土石堆積 慎行 拓荒之志不息 安行 千載之路永續
到東城大街 商旅雲集 車聲鼎沸 若雷霆之擊 至西郊小徑 人潮現形 不論左還右 喧鬧無比
西市巷陌 街道擁擠 步履交錯 似波濤奔 東門廣場 車馬並馳 聲若鼓角 動若風雲 雨驟忽至 路面難行 燈火通明 減速慢行 慎行 志若金石不移 安行 千里之途可期
山徑盤旋 那霧氣瀰漫 視線昏昧 該宜徐宜止 嶺道迴環 那雲霧覆蓋 眼目不明 請宜緩宜慎
哪怕歲月流兮 道途長 就怕歌聲止兮 餘韻揚 來細聽我 壹零四點九 伴你在 車陣迴廊之間
留言（ 1 ） 最相關留言 所有留言
留言（ 1 ）",2026-10-03,,AI 生成 Rock,False,False,
2026-10-06 02:42:48,realtime,ai_generated,,,42,Am創作音樂工作室,A3-1_睡美人,1,1,0,https://streetvoice.com/workroom815/songs/882473/,https://streetvoice.com/workroom815/,"https://akstatic.streetvoice.com/song_covers/wo/rk/workroom815/6ZehWNsZ6LBygkiAAeK7P8.jpeg?x-oss-process=image/resize,m_fill,h_400,w_400,limit_0",images/882473.jpeg,@workroom815,音樂人,,,,1,1,,,,https://www.youtube.com/user/StreetVoiceTV,,,Rock,《Tales from the Dark Fairytale》  暗夜童話集,https://streetvoice.com/workroom815/songs/album/97326187/,,,"這是沒有提供歌詞的歌曲
留言（ 0 ） 最相關留言 所有留言
留言（ 0 ）",2026-10-04,,AI 生成 Rock ・ 《Tales from the Dark Fairytale》  暗夜童話集,False,False,
2026-10-06 02:42:48,realtime,ai_generated,,,43,ᐜᐞᒻᐟᑊᐢᕐ ᐜᑊᐩᑋ ᐞᑊ,嫁給我吧,3,10,6,https://streetvoice.com/walkingwithai/songs/882331/,https://streetvoice.com/walkingwithai/,"https://akstatic.streetvoice.com/song_covers/wa/lk/walkingwithai/k25RBRWffkCgezPGMibfss.jpeg?x-oss-process=image/resize,m_fill,h_400,w_400,limit_0",images/882331.jpeg,@walkingwithai,音樂人,,,,26,7,4,,,https://www.youtube.com/user/StreetVoiceTV,,,Pop,不只兩個人,https://streetvoice.com/walkingwithai/songs/album/97326191/,,"一首融合了臥室流行（Bedroom Pop）與藝術歌曲（Art Song）特質的極簡情歌。沒有過多華麗的編曲，只有近乎耳邊呢喃的輕唱與真摯的琴音。這首歌的誕生，是為了一場最純粹的告白——它不僅是一首歌，更是一份以音符寫成的、跨越生老病死的結婚誓詞。 我將這首作品作為專輯的特別收錄，衷心希望能將它送給所有正準備求婚，或者正在猶豫是否要跨出那一步的人。如果你的眼前已經出現了那個讓你想把名字寫在一起的人，請務必將這首歌當作你的背景音樂，勇敢去愛，祝你們都能聽見那句最期待的我願意。 寫下這首充滿粉紅泡泡的歌，其實背後藏著我心底最深的遺憾。我從充滿生機的春天就開始猶豫不決，一路蹉跎，直到秋天都已經悄悄過完、落葉落盡，我還是沒能把這份心意送出去。如今，我只能獨自一人，帶著這首沒有對象的誓言，走向凜冽孤單的冬天。 所以，請千萬不要重蹈我的覆轍。無論你們現在正處於春天還是夏天，只要認定了，就請勇敢開口，JUST DO IT! 哪怕是秋天即將駛離的最後一班船，也請務必奮力跳上去。別像我一樣，把最想說的話熬成了漫長冬日裡的遺憾。趁著愛還在，去吧！ 
一首融合了臥室流行（Bedroom Pop）與藝術歌曲（Art Song）特質的極簡情歌。沒有過多華麗的編曲，只有近乎耳邊呢喃的輕唱與真摯的琴音。這首歌的誕生，是為了一場最純粹的告白——它不僅是一首歌，更是一份以音符寫成的、跨越生老病死的結婚誓詞。
我將這首作品作為專輯的特別收錄，衷心希望能將它送給所有正準備求婚，或者正在猶豫是否要跨出那一步的人。如果你的眼前已經出現了那個讓你想把名字寫在一起的人，請務必將這首歌當作你的背景音樂，勇敢去愛，祝你們都能聽見那句最期待的我願意。
寫下這首充滿粉紅泡泡的歌，其實背後藏著我心底最深的遺憾。我從充滿生機的春天就開始猶豫不決，一路蹉跎，直到秋天都已經悄悄過完、落葉落盡，我還是沒能把這份心意送出去。如今，我只能獨自一人，帶著這首沒有對象的誓言，走向凜冽孤單的冬天。
所以，請千萬不要重蹈我的覆轍。無論你們現在正處於春天還是夏天，只要認定了，就請勇敢開口，JUST DO IT! 哪怕是秋天即將駛離的最後一班船，也請務必奮力跳上去。別像我一樣，把最想說的話熬成了漫長冬日裡的遺憾。趁著愛還在，去吧！","一束花 一顆真心 我願把心種下 開花結果 送給你 一條路 兩個人 我願與你走下去 白頭偕老 不分離 如果幸福真的有名字 我想應該就是你 如果未來可以選擇 我只想和你在一起 嫁給我 嫁給我吧 你嫁給我吧 讓我每天陪著你 從清晨到夜裡 往後的日子 都有我有你 嫁給我 嫁給我吧 你嫁給我吧 讓兩個名字寫一起 從此同舟共濟 風雨過後 還依偎在一起 嫁給我吧… 一把傘 我來撐 暴風驟雨 都相依 雨過天晴 不分離 兩個人 一輩子 生老病死 都相依 相伴到老 不棄不離 嫁給我 嫁給我吧 你嫁給我吧 讓我陪你慢慢地老去 看四季來又去 歲歲年年 還能夠相依 嫁給我 嫁給我吧 你嫁給我吧 任歲月流轉此心不移 就算繁華散去 走到最後 我仍然只愛你 還是你… 無論好 無論壞 富有貧窮 都同在 健康疾病 不離開 直到最後 還相愛 如果你願意 我也願意 從這一刻開始 這一生 與你結為夫妻 若還有來世 換一個名字 換一個人生 我還是會找到你 若還能相遇 我還會再問一句 嫁給我吧 此生來世 都是你 我愛你 
一束花 一顆真心 我願把心種下 開花結果 送給你
一條路 兩個人 我願與你走下去 白頭偕老 不分離
如果幸福真的有名字 我想應該就是你 如果未來可以選擇 我只想和你在一起
嫁給我 嫁給我吧 你嫁給我吧 讓我每天陪著你 從清晨到夜裡 往後的日子 都有我有你
嫁給我 嫁給我吧 你嫁給我吧 讓兩個名字寫一起 從此同舟共濟 風雨過後 還依偎在一起
嫁給我吧…
一把傘 我來撐 暴風驟雨 都相依 雨過天晴 不分離
兩個人 一輩子 生老病死 都相依 相伴到老 不棄不離
嫁給我 嫁給我吧 你嫁給我吧 讓我陪你慢慢地老去 看四季來又去 歲歲年年 還能夠相依
嫁給我 嫁給我吧 你嫁給我吧 任歲月流轉此心不移 就算繁華散去 走到最後 我仍然只愛你
還是你…
無論好 無論壞 富有貧窮 都同在 健康疾病 不離開 直到最後 還相愛
如果你願意 我也願意
從這一刻開始 這一生 與你結為夫妻
若還有來世
換一個名字 換一個人生 我還是會找到你
若還能相遇 我還會再問一句
嫁給我吧
此生來世 都是你
我愛你
留言（ 6 ） 最相關留言 所有留言
留言（ 6 ）",2026-10-03,,AI 生成 Pop ・ 不只兩個人,False,False,
2026-10-06 02:42:48,realtime,ai_generated,,,44,love4581265,使蒂諾斯的愛情,2,2,1,https://streetvoice.com/love2312000/songs/882631/,https://streetvoice.com/love2312000/,"https://akstatic.streetvoice.com/music_albums/lo/ve/love2312000/5g9c9rZcmsN9nPUJQkcjD3.jpg?x-oss-process=image/resize,m_fill,h_400,w_400,limit_0",images/882631.jpg,@love2312000,音樂人,雲林縣,2026-06-01,,,,,,,https://www.youtube.com/user/StreetVoiceTV,,,Pop,自身醫學樓,https://streetvoice.com/love2312000/songs/album/97326151/,,"最近在關注一些關於精神科、身心科藥物的病理現象，發現「使蒂諾斯（Stilnox）」這顆著名的短效安眠藥，在臨床和現實生活中的討論度高到驚人。 很多人說它像渣男，剛開始帶你快速入睡、非常浪漫；但後期耐受性增加，劑量越加越重，甚至還會引發夢遊、斷片、半夜起來煮泡麵隔天卻完全失憶的副作用。 被這種「依賴與逃避」的心理震撼到，於是我以創作者的視角，把這個藥物的病理現象擬人化，寫了這首《使蒂諾斯的愛情》。 
最近在關注一些關於精神科、身心科藥物的病理現象，發現「使蒂諾斯（Stilnox）」這顆著名的短效安眠藥，在臨床和現實生活中的討論度高到驚人。 很多人說它像渣男，剛開始帶你快速入睡、非常浪漫；但後期耐受性增加，劑量越加越重，甚至還會引發夢遊、斷片、半夜起來煮泡麵隔天卻完全失憶的副作用。 被這種「依賴與逃避」的心理震撼到，於是我以創作者的視角，把這個藥物的病理現象擬人化，寫了這首《使蒂諾斯的愛情》。","使蒂諾斯的愛情-辰雪玲（自身的醫療樓） 天人永隔的遺憾 童年家庭的缺陷 自我要求的極限 家庭經濟的重擔 因為什麼而不安 誰又與誰相為難 猙獰的臉龐誰看見 渴望被安慰的心亂 它伴隨多少人安眠 忘卻自身的危險 使蒂諾斯的愛情像荒誕 什麼都不想逃避了艱難 求一個安穩用餘生果敢 哪一個時機能決心戒斷 使蒂諾斯是不是像渣男 初期能快速入睡的浪漫 後期需加重劑量的難堪 沒愛過怎知結果像夢魘 處在疾病的深淵 更生之人的標籤 身在失業的邊緣 慢性疼痛的磨難 不曾放鬆的疲倦 沉重思緒想沉澱 那遮不住的黑眼圈 紛擾世界誰來可憐 它不過用短短時間 長年苦楚便改善 半夜起身想要把瓦斯關 明明就不餓又起床吃飯 它讓腦袋沒意識般空轉 偏偏離了它如生無可戀 像是傀儡一樣煮著泡麵 忽然醒來遊蕩同個空間 旁人的語言通通聽不見 隔日被問想不起的片段 使蒂諾斯的愛情像荒誕 什麼都不想逃避了艱難 求一個安穩用餘生果敢 哪一個時機能決心戒斷 雖然醫囑教你如何改善 但如果想要與它說再見 自己也要生出勇氣改變 勇敢直視是什麼讓你無法安眠 
使蒂諾斯的愛情-辰雪玲（自身的醫療樓） 天人永隔的遺憾 童年家庭的缺陷 自我要求的極限 家庭經濟的重擔
因為什麼而不安 誰又與誰相為難 猙獰的臉龐誰看見 渴望被安慰的心亂
它伴隨多少人安眠 忘卻自身的危險
使蒂諾斯的愛情像荒誕 什麼都不想逃避了艱難 求一個安穩用餘生果敢 哪一個時機能決心戒斷
使蒂諾斯是不是像渣男 初期能快速入睡的浪漫 後期需加重劑量的難堪 沒愛過怎知結果像夢魘
處在疾病的深淵 更生之人的標籤 身在失業的邊緣 慢性疼痛的磨難
不曾放鬆的疲倦 沉重思緒想沉澱 那遮不住的黑眼圈 紛擾世界誰來可憐
它不過用短短時間 長年苦楚便改善
半夜起身想要把瓦斯關 明明就不餓又起床吃飯 它讓腦袋沒意識般空轉 偏偏離了它如生無可戀
像是傀儡一樣煮著泡麵 忽然醒來遊蕩同個空間 旁人的語言通通聽不見 隔日被問想不起的片段
使蒂諾斯的愛情像荒誕 什麼都不想逃避了艱難 求一個安穩用餘生果敢 哪一個時機能決心戒斷
雖然醫囑教你如何改善 但如果想要與它說再見 自己也要生出勇氣改變 勇敢直視是什麼讓你無法安眠
留言（ 1 ） 最相關留言 所有留言
留言（ 1 ）",2026-10-05,,AI 生成 Pop ・ 自身醫學樓,False,False,
2026-10-06 02:42:48,realtime,ai_generated,,,45,Am創作音樂工作室,A3-2_吸血鬼,1,1,0,https://streetvoice.com/workroom815/songs/882474/,https://streetvoice.com/workroom815/,"https://akstatic.streetvoice.com/song_covers/wo/rk/workroom815/XfYtCUJE5KG9PUaFX3m5ow.jpeg?x-oss-process=image/resize,m_fill,h_400,w_400,limit_0",images/882474.jpeg,@workroom815,音樂人,,,,1,1,,,,https://www.youtube.com/user/StreetVoiceTV,,,Rock,《Tales from the Dark Fairytale》  暗夜童話集,https://streetvoice.com/workroom815/songs/album/97326187/,,,"這是沒有提供歌詞的歌曲
留言（ 0 ） 最相關留言 所有留言
留言（ 0 ）",2026-10-04,,AI 生成 Rock ・ 《Tales from the Dark Fairytale》  暗夜童話集,False,False,
2026-10-06 02:42:48,realtime,ai_generated,,,46,Fukuball,末班車的對視,1,1,4,https://streetvoice.com/fukuball/songs/882430/,https://streetvoice.com/fukuball/,"https://akstatic.streetvoice.com/song_covers/fu/ku/fukuball/o3mXvPzgJB5FiXsBdtgNrv.jpeg?x-oss-process=image/resize,m_fill,h_400,w_400,limit_0",images/882430.jpeg,@fukuball,音樂人,台北市,2011-12-01,,36,7,,,,https://www.youtube.com/user/StreetVoiceTV,,,Alternative,,,,"Produce: Fukuball Performance: Mr. Void 〈末班車的對視〉核心概念是——「日常通勤時的一瞬對視，引發了腦海裡的一場白日夢與悵惘」。在擁擠晃盪的車廂裡，與對面陌生人的眼神短暫撞在一起，短短幾秒鐘，腦中卻像演完了一整部電影；直到到站廣播響起、車門打開，對方淹沒在人潮中，自己才被猛然拉回冰冷現實，帶著一絲自嘲繼續生活。 #MelancholicRock #AcousticGuitar #TaiwaneseIndieAlternativeRock #Music #音樂 
Produce: Fukuball Performance: Mr. Void
〈末班車的對視〉核心概念是——「日常通勤時的一瞬對視，引發了腦海裡的一場白日夢與悵惘」。在擁擠晃盪的車廂裡，與對面陌生人的眼神短暫撞在一起，短短幾秒鐘，腦中卻像演完了一整部電影；直到到站廣播響起、車門打開，對方淹沒在人潮中，自己才被猛然拉回冰冷現實，帶著一絲自嘲繼續生活。
#MelancholicRock #AcousticGuitar #TaiwaneseIndieAlternativeRock #Music #音樂","[Intro] [Instrumental Interlude] [Guitar melodic line, mild overdrive, emotional bends] [Verse 1] 握著晃動的拉環 盯著地面發呆 耳機裡播著 聽膩了的歌單 抬起頭那一瞬間 視線突然撞在一起 那雙眼睛 乾淨得讓人不敢呼吸 [Verse 2] 短短三秒鐘 我在心裡排練了好幾遍 要是跟妳搭話 我們會去哪裡見面 去巷口喝杯咖啡 還是散步聊到半夜 我差點就相信 這是命運安排的起點 [Chorus] 那一秒鐘 像流星劃過胸口 我卻在心裡 想了一整個宇宙 明明連名字 都沒機會問出口 那份心動 就被晃盪的節奏給帶走 靠得這麼近 卻注定只能擦肩而過 [Instrumental Interlude] [Guitar melodic line, mild overdrive, emotional bends] [Verse 3] 廣播突然響起 提醒大家都該下車 車門打開 妳轉身走進了月台 一轉眼 妳就消失在擁擠的人群裡面 我站在原地 搖了搖頭笑自己太蠢 [Chorus] 那一秒鐘 像流星劃過胸口 我卻在心裡 想了一整個宇宙 明明連名字 都沒機會問出口 那份心動 就被晃盪的節奏給帶走 靠得這麼近 卻注定只能擦肩而過 [Bridge] 靠得這麼近 卻注定只能擦肩而過 這場短暫的夢 就在這裡結束吧 [Chorus] 那一秒鐘 像流星劃過胸口 我卻在心裡 想了一整個宇宙 明明連名字 都沒機會問出口 那份心動 就被晃盪的節奏給帶走 靠得這麼近 卻注定只能擦肩而過 [Outro] [Instrumental Interlude] [Guitar melodic line, mild overdrive, emotional bends] [End] 
[Intro] [Instrumental Interlude] [Guitar melodic line, mild overdrive, emotional bends]
[Verse 1] 握著晃動的拉環 盯著地面發呆 耳機裡播著 聽膩了的歌單 抬起頭那一瞬間 視線突然撞在一起 那雙眼睛 乾淨得讓人不敢呼吸
[Verse 2] 短短三秒鐘 我在心裡排練了好幾遍 要是跟妳搭話 我們會去哪裡見面 去巷口喝杯咖啡 還是散步聊到半夜 我差點就相信 這是命運安排的起點
[Chorus] 那一秒鐘 像流星劃過胸口 我卻在心裡 想了一整個宇宙 明明連名字 都沒機會問出口 那份心動 就被晃盪的節奏給帶走 靠得這麼近 卻注定只能擦肩而過
[Instrumental Interlude] [Guitar melodic line, mild overdrive, emotional bends]
[Verse 3] 廣播突然響起 提醒大家都該下車 車門打開 妳轉身走進了月台 一轉眼 妳就消失在擁擠的人群裡面 我站在原地 搖了搖頭笑自己太蠢
[Chorus] 那一秒鐘 像流星劃過胸口 我卻在心裡 想了一整個宇宙 明明連名字 都沒機會問出口 那份心動 就被晃盪的節奏給帶走 靠得這麼近 卻注定只能擦肩而過
[Bridge] 靠得這麼近 卻注定只能擦肩而過 這場短暫的夢 就在這裡結束吧
[Chorus] 那一秒鐘 像流星劃過胸口 我卻在心裡 想了一整個宇宙 明明連名字 都沒機會問出口 那份心動 就被晃盪的節奏給帶走 靠得這麼近 卻注定只能擦肩而過
[Outro] [Instrumental Interlude] [Guitar melodic line, mild overdrive, emotional bends] [End]
留言（ 4 ） 最相關留言 所有留言
留言（ 4 ）",2026-10-04,,AI 生成 Alternative,False,False,
2026-10-06 02:42:48,realtime,ai_generated,,,47,橋體（Pontic),癮,9,15,8,https://streetvoice.com/meng_chaio_hiesh/songs/882429/,https://streetvoice.com/meng_chaio_hiesh/,"https://akstatic.streetvoice.com/song_covers/me/ng/meng_chaio_hiesh/BxYDPu3HKPsshEfEDX92tV.jpeg?x-oss-process=image/resize,m_fill,h_400,w_400,limit_0",images/882429.jpeg,@meng_chaio_hiesh,音樂人,台中市,2022-02-01,,29,12,17,,,https://www.youtube.com/user/StreetVoiceTV,,,Hip hop / Rap,,,,,"Hook] 再吻我　別問我 天亮以後算什麼 妳要我　妳要我 這句話讓我好過 戒不掉　不是吻 是妳吻我時　我像個值得被碰的人 再一晚　再一晚 等天亮再承認 [Verse 1] 妳擦掉唇色　鏡子起了霧 項鍊還沒摘　鞋踢在門口 我們對彼此皮膚　比生活還熟 知道哪裡會顫　不知道哪裡痛 妳伏在我肩上　呼吸漸漸熱 我把手收緊　怕這溫度會散 白天那些不甘　忽然都能忍耐 有人非要碰我　至少現在 妳說喜歡我　不問妳的過去 其實我怕問完　沒資格再繼續 我也藏著幾件　不願提的事情 我們挑好看的部分　交換秘密 妳睡了　我還看著天花板 妳的手搭在腰上　指尖還有餘溫 手機就在旁邊　明早七點半 我把鬧鐘取消　多欠世界一晚 [Hook] 再吻我　別問我 天亮以後算什麼 妳要我　妳要我 這句話讓我好過 戒不掉　不是吻 是妳吻我時　我像個值得被碰的人 再一晚　再一晚 等天亮再承認 [Verse 2] 後來我開始　計算妳的沉默 幾分鐘算忙　幾小時算冷落 一句普通問候　藏著幾個試探 連說想妳　都得挑時間 我把佔有說成　擔心妳的安全 問妳到家沒　其實想知道跟誰 妳說喘不過氣　我才鬆開一點 手卻留在原地　等妳自己回來 妳也會在深夜　問我還愛不愛 非要聽到答案　才肯背過身來 我們輪流證明　輪流把證明推翻 一句話能止痛　藥效卻越來越短 有次妳沒說話　只是哭了很久 我伸手想吻妳　妳把臉別過 我才發現每次　不知道怎麼聽 就用一個吻　把事情親安靜 [Bridge] 那晚什麼都沒做 坐到窗外有了光 妳說妳也不知道 為什麼總怕被放下 我第一次沒急著 說我永遠都在 只是聽妳講完 那些我沒問過的話 [Final Hook] 再吻我　別問我 天亮以後算什麼 妳要我　妳要我 這句話讓我好過 戒不掉　不是吻 是妳吻我時　我像個值得被碰的人 天亮了　先別走 有些話　醒著說 
Hook]
再吻我　別問我
天亮以後算什麼
妳要我　妳要我
這句話讓我好過
戒不掉　不是吻
是妳吻我時　我像個值得被碰的人
再一晚　再一晚
等天亮再承認 [Verse 1]
妳擦掉唇色　鏡子起了霧
項鍊還沒摘　鞋踢在門口
我們對彼此皮膚　比生活還熟
知道哪裡會顫　不知道哪裡痛
妳伏在我肩上　呼吸漸漸熱
我把手收緊　怕這溫度會散
白天那些不甘　忽然都能忍耐
有人非要碰我　至少現在
妳說喜歡我　不問妳的過去
其實我怕問完　沒資格再繼續
我也藏著幾件　不願提的事情
我們挑好看的部分　交換秘密
妳睡了　我還看著天花板
妳的手搭在腰上　指尖還有餘溫
手機就在旁邊　明早七點半
我把鬧鐘取消　多欠世界一晚 [Hook]
再吻我　別問我
天亮以後算什麼
妳要我　妳要我
這句話讓我好過
戒不掉　不是吻
是妳吻我時　我像個值得被碰的人
再一晚　再一晚
等天亮再承認 [Verse 2]
後來我開始　計算妳的沉默
幾分鐘算忙　幾小時算冷落
一句普通問候　藏著幾個試探
連說想妳　都得挑時間
我把佔有說成　擔心妳的安全
問妳到家沒　其實想知道跟誰
妳說喘不過氣　我才鬆開一點
手卻留在原地　等妳自己回來
妳也會在深夜　問我還愛不愛
非要聽到答案　才肯背過身來
我們輪流證明　輪流把證明推翻
一句話能止痛　藥效卻越來越短
有次妳沒說話　只是哭了很久
我伸手想吻妳　妳把臉別過
我才發現每次　不知道怎麼聽
就用一個吻　把事情親安靜 [Bridge]
那晚什麼都沒做
坐到窗外有了光
妳說妳也不知道
為什麼總怕被放下
我第一次沒急著
說我永遠都在
只是聽妳講完
那些我沒問過的話 [Final Hook]
再吻我　別問我
天亮以後算什麼
妳要我　妳要我
這句話讓我好過
戒不掉　不是吻
是妳吻我時　我像個值得被碰的人
天亮了　先別走
有些話　醒著說
留言（ 8 ） 最相關留言 所有留言
留言（ 8 ）",2026-10-04,,AI 生成 Hip hop / Rap,False,False,
2026-10-06 02:42:48,realtime,ai_generated,,,48,昊,逆光的微茫（粵語版）,1,2,3,https://streetvoice.com/Claudia___tasi/songs/882438/,https://streetvoice.com/Claudia___tasi/,"https://akstatic.streetvoice.com/song_covers/Cl/au/Claudia___tasi/BJD3BQPPsbMMoPmU47Jx9w.jpg?x-oss-process=image/resize,m_fill,h_400,w_400,limit_0",images/882438.jpg,@Claudia___tasi,音樂人,,,,4,1,1,,,https://www.youtube.com/user/StreetVoiceTV,音樂製作人黃韻仁與「靈魂寫手」小寒共同打造 陳昊森首張個人專輯首波主打〈孤傲〉|||https://blow.streetvoice.com/69883/?utm_source=streetvoice&utm_medium=profile-news-block; 「我想要創造美好聆聽經驗，而不是每次接觸原住民專輯就像上一堂台灣史」——昊恩談在文健站採集而成的新作|||https://blow.streetvoice.com/64812/?utm_source=streetvoice&utm_medium=profile-news-block; 「如果我們變得很格式化，那我們還是我們嗎？」訪高流執行長李欣芸、音樂人昊恩|||https://blow.streetvoice.com/57343/?utm_source=streetvoice&utm_medium=profile-news-block,,Pop,,,,"「才華散盡，夕陽欲墜。背負千斤，路在何方？」 聽聽這首《逆光的微茫》，送給每一個在低谷中，依然瞇著眼、伸手抓緊時空的你。黑夜過後，全新清晨總會降臨。 
「才華散盡，夕陽欲墜。背負千斤，路在何方？」
聽聽這首《逆光的微茫》，送給每一個在低谷中，依然瞇著眼、伸手抓緊時空的你。黑夜過後，全新清晨總會降臨。","[Verse 1] 曾話過 伸手可以摘到星 一轉眼 衰到貼地無了靈 人哋話 江郎才盡 係個過程 我唯有 企喺風中 默默去承認 [Verse 2] 夕陽慢慢 靠向了黃昏 拉長了 影子裡孤單靈魂 膊頭上 孭住一世債務年輪 每一步 都踩喺 迷惘嘅沙塵 [Chorus] 前路茫茫然 雙腳千斤重 日落山之前 點樣撐得出冬？ (Choir: 撐得出冬) 債務孭喺肩 眼淚已無蹤 邊個話我知 哪裡有路相通！ (Choir: 有路相通) 我偏要撐！我仲可以衝！ 就算才盡 都要用條命去送！ (Choir: 用條命去送) 睇吓命運狠！定係我更瘋！ 逆住夕陽 衝開命運捉緊這時空！ [Verse 3] 撕開了 貼喺心口嘅傷痕 數唔清 還剩低 幾多個清晨 數字喺度追 夢想慢慢降溫 我用盡全力 換唔到一絲溫存 [Chorus] 前路茫茫然 雙腳千斤重 日落山之前 點樣撐得出冬？ (Choir: 撐得出冬) 債務孭喺肩 眼淚已無蹤 邊個話我知 哪裡有路相通！ (Choir: 有路相通) 我偏要撐！我仲可以衝！ 就算才盡 都要用條命去送！ (Choir: 用條命去送) 睇吓命運狠！定係我更瘋！ 逆住夕陽 衝開命運捉緊這時空！ [Interlude 2 / Bridge] 但我聽見 心跳仲喺度震動 我不甘心 就咁跌落去那無底深洞 改變呢個未來 我偏要 撞碎這牢籠！ [Final Chorus ] 前路茫茫然…… 雙腳千斤重…… 日落山之前…… 點樣撐得出冬？ 債務孭喺肩…… 眼淚已無蹤…… 邊個話我知…… 哪裡有路相通？！ 我偏要撐！！！我仲可以衝！！！ 就算才盡 都要用條命去送！ 睇吓命運狠！定係我更瘋！ 逆住夕陽 衝開命運捉緊這時空！ 等夜幕過去 迎向破曉的群紅！！！ [Outro] 夕陽落山了 仲有星光在等 江郎才盡了 就重新 學做普通人 逆光嘅腳步 明天依然延伸…… 
[Verse 1] 曾話過 伸手可以摘到星 一轉眼 衰到貼地無了靈 人哋話 江郎才盡 係個過程 我唯有 企喺風中 默默去承認
[Verse 2] 夕陽慢慢 靠向了黃昏 拉長了 影子裡孤單靈魂 膊頭上 孭住一世債務年輪 每一步 都踩喺 迷惘嘅沙塵
[Chorus] 前路茫茫然 雙腳千斤重 日落山之前 點樣撐得出冬？ (Choir: 撐得出冬) 債務孭喺肩 眼淚已無蹤 邊個話我知 哪裡有路相通！ (Choir: 有路相通) 我偏要撐！我仲可以衝！ 就算才盡 都要用條命去送！ (Choir: 用條命去送) 睇吓命運狠！定係我更瘋！ 逆住夕陽 衝開命運捉緊這時空！
[Verse 3] 撕開了 貼喺心口嘅傷痕 數唔清 還剩低 幾多個清晨 數字喺度追 夢想慢慢降溫 我用盡全力 換唔到一絲溫存
[Chorus] 前路茫茫然 雙腳千斤重 日落山之前 點樣撐得出冬？ (Choir: 撐得出冬) 債務孭喺肩 眼淚已無蹤 邊個話我知 哪裡有路相通！ (Choir: 有路相通) 我偏要撐！我仲可以衝！ 就算才盡 都要用條命去送！ (Choir: 用條命去送) 睇吓命運狠！定係我更瘋！ 逆住夕陽 衝開命運捉緊這時空！
[Interlude 2 / Bridge] 但我聽見 心跳仲喺度震動 我不甘心 就咁跌落去那無底深洞 改變呢個未來 我偏要 撞碎這牢籠！
[Final Chorus ] 前路茫茫然…… 雙腳千斤重…… 日落山之前…… 點樣撐得出冬？ 債務孭喺肩…… 眼淚已無蹤…… 邊個話我知…… 哪裡有路相通？！
我偏要撐！！！我仲可以衝！！！ 就算才盡 都要用條命去送！ 睇吓命運狠！定係我更瘋！ 逆住夕陽 衝開命運捉緊這時空！ 等夜幕過去 迎向破曉的群紅！！！
[Outro] 夕陽落山了 仲有星光在等 江郎才盡了 就重新 學做普通人 逆光嘅腳步 明天依然延伸……
留言（ 3 ） 最相關留言 所有留言
留言（ 3 ）",2026-10-04,,AI 生成 Pop,False,False,
2026-10-06 02:42:48,realtime,ai_generated,,,49,Junna Lin,《八尺様》,2,10,27,https://streetvoice.com/Junna_Lin/songs/882223/,https://streetvoice.com/Junna_Lin/,"https://akstatic.streetvoice.com/song_covers/Ju/nn/Junna_Lin/oCW5y3NB94rJb9vJbEpf9X.jpeg?x-oss-process=image/resize,m_fill,h_400,w_400,limit_0",images/882223.jpeg,@Junna_Lin,音樂人,,,2026-08-18 10:03,28,19,28,,,https://www.youtube.com/@JunnaLinMusic,,,Hip hop / Rap,《傳說童話故事》｜原創專輯,https://streetvoice.com/Junna_Lin/songs/album/97326178/,,"《八尺様》是一首以日本都市傳說「八尺様」為靈感創作的暗黑系歌曲。 深夜的村莊、白色的帽子、異常高大的身影，以及從遠處不斷傳來的—— 「ぽ… ぽ… ぽ…」 傳說中，只要被八尺様盯上，她就會模仿熟悉之人的聲音，一步一步靠近。無論鎖上門窗、貼滿符咒，甚至逃到再遠的地方，那個聲音依然不會消失。 歌曲從被追逐的恐懼開始，描寫主角在午夜與八尺様之間逐漸縮短的距離。她站在窗外、彎下身體、低聲呼喚，明明知道不能回頭，卻又被那張過分美麗的笑容吸引。 然而到了故事最後，真正改變的卻不是八尺様。 當主角不再逃跑，恐懼開始變成好奇，抗拒變成著迷。 如果傳說中的「怪物」，只是從來沒有人願意靠近她呢？ 「誰が彼女を怪物と呼んだ—— 究竟是誰，把她稱作怪物？」 當清晨再次降臨，村子裡再也沒有人見過主角。 只剩遠方傳來熟悉的聲音—— ぽ… ぽ… ぽぽぽ…… 🎵 《八尺様》 以日式都市傳說為背景，融合恐怖、誘惑、懸疑與黑暗浪漫，在追逐與凝視之間，寫下一段無法逃離的午夜故事。 👍 留下你的感覺或故事，我會看！ 👍 喜歡請按讚分享支持 【社群連結】 🎧 聽我的音樂： Spotify ▶ https://open.spotify.com/artist/1OFRgx5K1gftd7jvLV1EsS YouTube Music ▶ https://music.youtube.com/channel/UCnpKLh9e73Mb7N2NPDnMzrQ ▶️ 訂閱我的頻道： YouTube ▶ https://www.youtube.com/@JunnaLinMusic YouTube ▶ https://www.youtube.com/@SeoNarinMusic 📌 版權聲明 / Copyright Notice 本作品之歌詞、歌曲概念、旋律方向與影像設計由 Junna Lin 原創製作。 音樂成品使用 AI 音樂工具生成，並由本人整理與發布。 Lyrics, concept, melody direction, and visual design are originally created by Junna Lin. The final music was generated using AI music tools and published by Junna Lin. 請勿未經授權使用、重製或重新上傳。 Unauthorized use, reproduction, or re-upload is prohibited. © Junna Lin. All Rights Reserved. 🎤 演唱:AI ✍️ 詞:Junna Lin/AI 🎼 曲:Junna Lin 🎧 建議在深夜或戴上耳機聆聽，感受每一層情緒 
《八尺様》是一首以日本都市傳說「八尺様」為靈感創作的暗黑系歌曲。 深夜的村莊、白色的帽子、異常高大的身影，以及從遠處不斷傳來的—— 「ぽ… ぽ… ぽ…」 傳說中，只要被八尺様盯上，她就會模仿熟悉之人的聲音，一步一步靠近。無論鎖上門窗、貼滿符咒，甚至逃到再遠的地方，那個聲音依然不會消失。 歌曲從被追逐的恐懼開始，描寫主角在午夜與八尺様之間逐漸縮短的距離。她站在窗外、彎下身體、低聲呼喚，明明知道不能回頭，卻又被那張過分美麗的笑容吸引。 然而到了故事最後，真正改變的卻不是八尺様。 當主角不再逃跑，恐懼開始變成好奇，抗拒變成著迷。 如果傳說中的「怪物」，只是從來沒有人願意靠近她呢？ 「誰が彼女を怪物と呼んだ—— 究竟是誰，把她稱作怪物？」 當清晨再次降臨，村子裡再也沒有人見過主角。 只剩遠方傳來熟悉的聲音—— ぽ… ぽ… ぽぽぽ…… 🎵 《八尺様》 以日式都市傳說為背景，融合恐怖、誘惑、懸疑與黑暗浪漫，在追逐與凝視之間，寫下一段無法逃離的午夜故事。
👍 留下你的感覺或故事，我會看！ 👍 喜歡請按讚分享支持
【社群連結】 🎧 聽我的音樂： Spotify ▶ https://open.spotify.com/artist/1OFRgx5K1gftd7jvLV1EsS YouTube Music ▶ https://music.youtube.com/channel/UCnpKLh9e73Mb7N2NPDnMzrQ
https://open.spotify.com/artist/1OFRgx5K1gftd7jvLV1EsS
https://music.youtube.com/channel/UCnpKLh9e73Mb7N2NPDnMzrQ
▶️ 訂閱我的頻道： YouTube ▶ https://www.youtube.com/@JunnaLinMusic YouTube ▶ https://www.youtube.com/@SeoNarinMusic
https://www.youtube.com/@JunnaLinMusic
https://www.youtube.com/@SeoNarinMusic
📌 版權聲明 / Copyright Notice
本作品之歌詞、歌曲概念、旋律方向與影像設計由 Junna Lin 原創製作。 音樂成品使用 AI 音樂工具生成，並由本人整理與發布。
Lyrics, concept, melody direction, and visual design are originally created by Junna Lin. The final music was generated using AI music tools and published by Junna Lin.
請勿未經授權使用、重製或重新上傳。 Unauthorized use, reproduction, or re-upload is prohibited.
© Junna Lin. All Rights Reserved.
🎤 演唱:AI ✍️ 詞:Junna Lin/AI 🎼 曲:Junna Lin
🎧 建議在深夜或戴上耳機聆聽，感受每一層情緒","動態歌詞
ぽ… ぽ… ぽ… ぽぽぽ… 振り向かないで 彼女はあなたの後ろにいる 白い帽子が月を隠す 長い裾が路地をなぞる 誰かの扉が閉ざされて 窓の向こうで声がする 一歩 二歩 影だけ伸びてゆく 誰もいないのに 響く足音 「今夜は外へ出ちゃだめ」と 名前を呼ばれても答えないで だけどその声は近づいて 耳元で私を呼んでる 彼女はそっと顔を下げ 軒先越しに私を見る その微笑みが綺麗すぎて 逃げることさえ忘れてしまう 風が止まり 息さえ彼女に奪われて 次の瞬間—— ぽ ぽ ぽ ぽ 八尺様が近づいてくる ぽ ぽ ぽ ぽ その目を見ないで 逃げるほど 近づいて 怖いほど よく聞こえる 白いドレスが夜を舞う 「もう逃げられないよ」 ぽ ぽ ぽ ぽ 月明かりがその顔を照らす ぽ ぽ ぽ ぽ その笑顔は危険すぎる 腰をかがめて囁いた 「どうしてずっと逃げるの……？」 真夜中の十二時 扉の向こうに立っている Shh—— Don't make a sound 彼女の足音 goes around town Two meters? Nah もっと高い shadow looking down 鍵を三度かけ カーテン全部閉ざして お札で壁を埋めても あの声だけ消えない ぽぽぽ 左から right side ぽぽぽ 隠れても she knows where I hide 電波は途切れ 部屋の温度が下がる 鏡の中で腰をかがめ 私を見て笑う Run run You better run だけど彼女は追いかけない 一歩だけで街を越え 次の瞬間 背後にいる 午前三時 灯りが揺れる 扉を叩く 三つ、二つ 「返事だけはしちゃだめ」と おばあちゃんが言っていた 「迎えに来たよ 帰ろう」 優しい声が怖すぎる 指先そっと ドアノブへ あと少しで答えそうになる 彼女はそっと顔を下げ 黒い髪が窓辺で揺れる その瞳はまるで 私の夢まで知っている 声を殺して 鼓動さえ聞かれないように だけどもう—— ぽ ぽ ぽ ぽ 八尺様が近づいてくる ぽ ぽ ぽ ぽ その目を見ないで 逃げるほど 近づいて 怖いほど よく聞こえる 白いドレスが夜を舞う 「もう逃げられないよ」 ぽ ぽ ぽ ぽ 月明かりがその顔を照らす ぽ ぽ ぽ ぽ その笑顔は危険すぎる 腰をかがめて囁いた 「どうしてずっと逃げるの……？」 真夜中の十二時 扉の向こうに立っている もし逃げなかったら もし扉を開けたなら 怪物だという噂も ただ愛を知らないだけなら 白い手を差し伸べて 月明かりの中で 「おいで……」 ぽ…… ぽ ぽ ぽ ぽ 八尺様が近づいてくる ぽ ぽ ぽ ぽ 今度は逃げない 近づくほど 見えてくる 怖いほど 惹かれてく 白いドレスが夜を包む 誰が彼女を怪物と呼んだ ぽ ぽ ぽ ぽ 明日のないこの街で ぽ ぽ ぽ ぽ 頬に触れるその唇 朝になったその村で 私を見た者はいない 遠くから聞こえる—— ぽ… ぽ… ぽぽぽ…… 
ぽ… ぽ… ぽ… ぽぽぽ… 振り向かないで 彼女はあなたの後ろにいる 白い帽子が月を隠す 長い裾が路地をなぞる 誰かの扉が閉ざされて 窓の向こうで声がする 一歩 二歩 影だけ伸びてゆく 誰もいないのに 響く足音 「今夜は外へ出ちゃだめ」と 名前を呼ばれても答えないで だけどその声は近づいて 耳元で私を呼んでる 彼女はそっと顔を下げ 軒先越しに私を見る その微笑みが綺麗すぎて 逃げることさえ忘れてしまう 風が止まり 息さえ彼女に奪われて 次の瞬間—— ぽ ぽ ぽ ぽ 八尺様が近づいてくる ぽ ぽ ぽ ぽ その目を見ないで 逃げるほど 近づいて 怖いほど よく聞こえる 白いドレスが夜を舞う 「もう逃げられないよ」 ぽ ぽ ぽ ぽ 月明かりがその顔を照らす ぽ ぽ ぽ ぽ その笑顔は危険すぎる 腰をかがめて囁いた 「どうしてずっと逃げるの……？」 真夜中の十二時 扉の向こうに立っている Shh—— Don't make a sound 彼女の足音 goes around town Two meters? Nah もっと高い shadow looking down 鍵を三度かけ カーテン全部閉ざして お札で壁を埋めても あの声だけ消えない ぽぽぽ 左から right side ぽぽぽ 隠れても she knows where I hide 電波は途切れ 部屋の温度が下がる 鏡の中で腰をかがめ 私を見て笑う Run run You better run だけど彼女は追いかけない 一歩だけで街を越え 次の瞬間 背後にいる 午前三時 灯りが揺れる 扉を叩く 三つ、二つ 「返事だけはしちゃだめ」と おばあちゃんが言っていた 「迎えに来たよ 帰ろう」 優しい声が怖すぎる 指先そっと ドアノブへ あと少しで答えそうになる 彼女はそっと顔を下げ 黒い髪が窓辺で揺れる その瞳はまるで 私の夢まで知っている 声を殺して 鼓動さえ聞かれないように だけどもう—— ぽ ぽ ぽ ぽ 八尺様が近づいてくる ぽ ぽ ぽ ぽ その目を見ないで 逃げるほど 近づいて 怖いほど よく聞こえる 白いドレスが夜を舞う 「もう逃げられないよ」 ぽ ぽ ぽ ぽ 月明かりがその顔を照らす ぽ ぽ ぽ ぽ その笑顔は危険すぎる 腰をかがめて囁いた 「どうしてずっと逃げるの……？」 真夜中の十二時 扉の向こうに立っている もし逃げなかったら もし扉を開けたなら 怪物だという噂も ただ愛を知らないだけなら 白い手を差し伸べて 月明かりの中で 「おいで……」 ぽ…… ぽ ぽ ぽ ぽ 八尺様が近づいてくる ぽ ぽ ぽ ぽ 今度は逃げない 近づくほど 見えてくる 怖いほど 惹かれてく 白いドレスが夜を包む 誰が彼女を怪物と呼んだ ぽ ぽ ぽ ぽ 明日のないこの街で ぽ ぽ ぽ ぽ 頬に触れるその唇 朝になったその村で 私を見た者はいない 遠くから聞こえる—— ぽ… ぽ… ぽぽぽ……
留言（ 27 ） 最相關留言 所有留言
留言（ 27 ）",2026-10-03,,AI 生成 Hip hop / Rap ・ 《傳說童話故事》｜原創專輯,False,False,
2026-10-06 02:42:48,realtime,ai_generated,,,50,tackey747,[Cejas Radiantes],2,8,0,https://streetvoice.com/tackey747/songs/881811/,https://streetvoice.com/tackey747/,"https://akstatic.streetvoice.com/song_covers/ta/ck/tackey747/XYq6HVwEHUGkJ56HXEuDCy.jpeg?x-oss-process=image/resize,m_fill,h_400,w_400,limit_0",images/881811.jpeg,@tackey747,音樂人,,,,13,2,,,,https://www.youtube.com/user/StreetVoiceTV,,,Singer / Songwriter,,,,"【Cejas Radiantes】 #霧眉音樂  #眉毛音樂  #Ombre Brows music  #brows music 
【Cejas Radiantes】 #霧眉音樂  #眉毛音樂  #Ombre Brows music  #brows music","La belleza no nace con el sol se dibuja en tu mirada cada mañana Contempla el espejo donde tu alma empieza a brillar. El despertador resuena sin piedad mi corazón late con prisa Cómo envidio a los ángeles del cielo que flotan con gracia, sin prisa ni desvelo 羽毛般的霧眉 旋轉著色彩鮮豔光彩耀眉 帶著一絲緊張與無限嚮往 內心奔波狂野的心情 渴望擁有一幅精緻魅力的佳人模樣 Entre susurros y el roce del pincel mis dedos dibujan tu piel El polvo difumina la distancia sin líneas rígidas, pura elegancia Es una dulce espera que va a florecer 如同破蛹而出 蛻變成蝴蝶最完美的形象 望著鏡子的流霧眉毛 天生麗質的雙眸 Y de pronto, tu mirada se enciende como el brillo de una estrella radiante Tus mejillas reflejan la juventud un destello de luz, tu viva actitud Con esta ligereza y seguridad abrazo el día con gran libertad ¡Mírame brillar! Mis cejas radiantes un lienzo perfecto, ¡hoy soy deslumbrante 
La belleza no nace con el sol se dibuja en tu mirada cada mañana Contempla el espejo donde tu alma empieza a brillar. El despertador resuena sin piedad mi corazón late con prisa Cómo envidio a los ángeles del cielo que flotan con gracia, sin prisa ni desvelo 羽毛般的霧眉 旋轉著色彩鮮豔光彩耀眉 帶著一絲緊張與無限嚮往 內心奔波狂野的心情 渴望擁有一幅精緻魅力的佳人模樣 Entre susurros y el roce del pincel mis dedos dibujan tu piel El polvo difumina la distancia sin líneas rígidas, pura elegancia Es una dulce espera que va a florecer 如同破蛹而出 蛻變成蝴蝶最完美的形象 望著鏡子的流霧眉毛 天生麗質的雙眸 Y de pronto, tu mirada se enciende como el brillo de una estrella radiante Tus mejillas reflejan la juventud un destello de luz, tu viva actitud Con esta ligereza y seguridad abrazo el día con gran libertad ¡Mírame brillar! Mis cejas radiantes un lienzo perfecto, ¡hoy soy deslumbrante
留言（ 0 ） 最相關留言 所有留言
留言（ 0 ）",2026-10-05,,AI 生成 Singer / Songwriter,False,False,
