snapshot_time,chart_timeframe,chart_genre,chart_year,chart_week,rank,artist_name,song_title,likes_count,play_count,comments_count,song_url,artist_url,cover_image_url,cover_image_local_path,artist_handle,artist_identity,artist_city,artist_joined_date,artist_accredited_datetime,artist_music_count,artist_fans_count,artist_following_count,artist_facebook_url,artist_instagram_url,artist_youtube_url,related_news,big_thing_appearances,genre,album_title,album_url,collaborators,description,lyrics,release_date,song_accredited_datetime,honors,is_editor_recommended,is_song_of_the_day,critic_review_url
2026-09-11 14:01:12,realtime,folk,,,1,thisisyoyo,forward demo 2023,32,142,6,https://streetvoice.com/thisisyoyo/songs/878806/,https://streetvoice.com/thisisyoyo/,"https://akstatic.streetvoice.com/song_covers/th/is/thisisyoyo/JEgRfDKpgsFmckr4mRJEqx.jpeg?x-oss-process=image/resize,m_fill,h_400,w_400,limit_0",images/878806.jpeg,@thisisyoyo,音樂人,,,2021-07-02 15:39,66,5892,25,https://www.facebook.com/thisisyoyosham/,https://www.instagram.com/thisisyoyosham/,https://www.youtube.com/channel/UCXDeEdib9iL_RNqdZCsUc-w,【StreetVoice新歌週報】鹿洐人坐穩即時冠軍 吳獻溺在愛裡與世隔絕|||https://blow.streetvoice.com/56976/?utm_source=streetvoice&utm_medium=profile-news-block; 【StreetVoice新歌週報】ADEN、李權哲攻上熱門榜 美麗本人大嘻哈登台作上線|||https://blow.streetvoice.com/55862/?utm_source=streetvoice&utm_medium=profile-news-block; 回到香港灌錄首張粵語專輯 岑寧兒釋出〈風的形狀〉願給離家者一個擁抱|||https://blow.streetvoice.com/55791/?utm_source=streetvoice&utm_medium=profile-news-block,,Singer / Songwriter,yoriginal demos,https://streetvoice.com/thisisyoyo/songs/album/3934/,,,"這是沒有提供歌詞的歌曲
留言（ 6 ） 最相關留言 所有留言
留言（ 6 ）",2026-09-10,,編輯推薦,True,False,
2026-09-11 14:01:12,realtime,folk,,,2,Niki the Unicorn,(Live Band) Ladylike,9,502,1,https://streetvoice.com/niki_yuwen/songs/877875/,https://streetvoice.com/niki_yuwen/,"https://akstatic.streetvoice.com/song_covers/ni/ki/niki_yuwen/5sEqZsZXYXfKPwCSocvShZ.jpeg?x-oss-process=image/resize,m_fill,h_400,w_400,limit_0",images/877875.jpeg,@niki_yuwen,音樂人,台北市,2024-05-01,2024-09-18 10:15,48,903,14,,https://www.instagram.com/niki.theunicorn/,https://www.youtube.com/@niki.theunicorn,Niki the Unicorn推出第6張專輯《Almost Maybes》 2/7野地方辦發片專場|||https://blow.streetvoice.com/85741/?utm_source=streetvoice&utm_medium=profile-news-block; Niki the Unicorn發行全新EP《Reckless Driver in a Cadillac》 5/14將於台北Revolver舉辦首場專場|||https://blow.streetvoice.com/79907/?utm_source=streetvoice&utm_medium=profile-news-block; 【吹專訪】我做了張專輯回應前任的冷暴力——Niki談《傲慢與偏見》：「如果不想被這樣的字句紀念，就不要給我這種靈感吧。」|||https://blow.streetvoice.com/78311/?utm_source=streetvoice&utm_medium=profile-news-block,,Singer / Songwriter,Live Collections : I,https://streetvoice.com/niki_yuwen/songs/album/97326024/,,"吉他: CW Sun 貝斯: 陳柏宏 鼓手: 張育齊 小號: Uraybaobao 致日記 我不想再找尋什麼了 我擁有過的都只是些帶著溫柔語氣的控制狂 致日記 我遇見了這個男生 他看起來是蠻真誠的 但引起我注意的永遠都不會是對的人 經典啊 「不要抽煙 少喝酒 不要失控」 「多笑點 用更細的聲音說話」 「能不能偶爾像個女生點」 你從最開始就知道我的野性跟瘋狂 我也不曾想要隱藏我的本性 若你想改變任何部分的我 那就請你離開吧 我從來沒要求你回來 我是在求你離開 放過我 「別這麼不受控 別這麼情緒化」 我打著你永遠無法理解的仗 走過那麼多事也不是為了讓自己更渺小 「你不能更像個女生嗎？」 我就是這樣的女生 致日記 我體驗過男人也體驗過愛情 我只能說 我大力推薦酒精 致日記 他們哪來的勇氣 對我說教 看扁我 說是看似男人嗎 應該比較像男孩吧？ 「小聲點 低調點 別引起注意」 我讓自己丟臉了嗎？ 還是是你不能接受目光在我身上？ 你說你喜歡溫柔的那種女人 要她會討抱抱 討親吻 在手機邊守著 讓我在你耳邊好好重申我的立場 （這樣才像女生、那樣才像女生） （你不能更像個女生嗎？） （這樣才像女生、那樣才像女生） （你不能更像個女生嗎？） 致日記 搞什麼？ 我的朋友都在養小孩了 我怎麼還在我人生中的第22季 致日記 那些父權主義說的那些話 「你不能更像女生嗎？」 我就是這樣的女生啊 
吉他: CW Sun 貝斯: 陳柏宏 鼓手: 張育齊 小號: Uraybaobao
致日記 我不想再找尋什麼了 我擁有過的都只是些帶著溫柔語氣的控制狂 致日記 我遇見了這個男生 他看起來是蠻真誠的 但引起我注意的永遠都不會是對的人 經典啊
「不要抽煙 少喝酒 不要失控」 「多笑點 用更細的聲音說話」 「能不能偶爾像個女生點」 你從最開始就知道我的野性跟瘋狂 我也不曾想要隱藏我的本性 若你想改變任何部分的我 那就請你離開吧
我從來沒要求你回來 我是在求你離開 放過我 「別這麼不受控 別這麼情緒化」 我打著你永遠無法理解的仗 走過那麼多事也不是為了讓自己更渺小 「你不能更像個女生嗎？」 我就是這樣的女生
致日記 我體驗過男人也體驗過愛情 我只能說 我大力推薦酒精 致日記 他們哪來的勇氣 對我說教 看扁我 說是看似男人嗎 應該比較像男孩吧？
「小聲點 低調點 別引起注意」 我讓自己丟臉了嗎？ 還是是你不能接受目光在我身上？ 你說你喜歡溫柔的那種女人 要她會討抱抱 討親吻 在手機邊守著 讓我在你耳邊好好重申我的立場
（這樣才像女生、那樣才像女生） （你不能更像個女生嗎？） （這樣才像女生、那樣才像女生） （你不能更像個女生嗎？）
致日記 搞什麼？ 我的朋友都在養小孩了 我怎麼還在我人生中的第22季 致日記 那些父權主義說的那些話 「你不能更像女生嗎？」 我就是這樣的女生啊","動態歌詞
(Ladylike that, ladylike this, ladylike that) (Ladylike that, ladylike this, ladylike) Dear diary I’m sick of searching All I ever had were Soft-spoken manipulators Dear diary I met this guy He really did seem genuine, but Whoever got my attention can’t be right Classic ‘Don’t smoke, drink less’ ‘Don’t be off the rails’ ‘Smile more, talk soft with a higher voice’ ‘Can you, just for a second, be more like a girl?’ (What?) You know from the start, I’m wild and crazy I never even tried to hide my nature So, if you want to change parts of me You should leave I wasn’t telling you to come back I was telling you to fuck off and leave me alone ‘Don’t be so out of control, all that emotional’ I’m fighting wars you can’t understand I didn’t come this far to be small again ‘Can’t you be more ladylike?’ But I’m a lady like that Dear diary I’ve tasted men and tasted love The sweet and bitter And I highly recommend alcohol Dear diary The audacity to speak and look down to me You seem like a man But no more than a boy ‘Keep it down, stay low’ ‘Don’t draw attention’ Am I embarrassing myself? Or, is it you who can’t stand the spotlight on me? You said you like the gentle, soft kind of women Cuddles and kisses and waiting by the phone So, let me whisper this in your ears I wasn’t telling you to come back I was telling you to fuck off and leave me alone ‘Don’t be so out of control, all that emotional’ I’m fighting wars you can’t understand I didn’t come this far to be small again ‘Can’t you be more ladylike?’ But I’m a lady like that (Ladylike that, ladylike this, ladylike that) (Be more like a girl) (Ladylike that, ladylike this, ladylike) (Be more like a girl) (Ladylike that, ladylike this, ladylike that) Dear diary What the hell? My friends are having babies How am I still in episode 22? Dear diary All the patriarchy Saying this and that ‘Can’t you be more ladylike?’ But I’m a lady like that 
(Ladylike that, ladylike this, ladylike that) (Ladylike that, ladylike this, ladylike) Dear diary I’m sick of searching All I ever had were Soft-spoken manipulators Dear diary I met this guy He really did seem genuine, but Whoever got my attention can’t be right Classic ‘Don’t smoke, drink less’ ‘Don’t be off the rails’ ‘Smile more, talk soft with a higher voice’ ‘Can you, just for a second, be more like a girl?’ (What?) You know from the start, I’m wild and crazy I never even tried to hide my nature So, if you want to change parts of me You should leave I wasn’t telling you to come back I was telling you to fuck off and leave me alone ‘Don’t be so out of control, all that emotional’ I’m fighting wars you can’t understand I didn’t come this far to be small again ‘Can’t you be more ladylike?’ But I’m a lady like that Dear diary I’ve tasted men and tasted love The sweet and bitter And I highly recommend alcohol Dear diary The audacity to speak and look down to me You seem like a man But no more than a boy ‘Keep it down, stay low’ ‘Don’t draw attention’ Am I embarrassing myself? Or, is it you who can’t stand the spotlight on me? You said you like the gentle, soft kind of women Cuddles and kisses and waiting by the phone So, let me whisper this in your ears I wasn’t telling you to come back I was telling you to fuck off and leave me alone ‘Don’t be so out of control, all that emotional’ I’m fighting wars you can’t understand I didn’t come this far to be small again ‘Can’t you be more ladylike?’ But I’m a lady like that (Ladylike that, ladylike this, ladylike that) (Be more like a girl) (Ladylike that, ladylike this, ladylike) (Be more like a girl) (Ladylike that, ladylike this, ladylike that) Dear diary What the hell? My friends are having babies How am I still in episode 22? Dear diary All the patriarchy Saying this and that ‘Can’t you be more ladylike?’ But I’m a lady like that
留言（ 1 ） 最相關留言 所有留言
留言（ 1 ）",2026-09-05,,Song of the Day; 編輯推薦,True,True,
2026-09-11 14:01:12,realtime,folk,,,3,debloop,Losing Bones (solo live demo),34,1509,4,https://streetvoice.com/illsuka/songs/877987/,https://streetvoice.com/illsuka/,"https://akstatic.streetvoice.com/song_covers/il/ls/illsuka/D4n89gGckY2XLiEYERZbUj.jpeg?x-oss-process=image/resize,m_fill,h_400,w_400,limit_0",images/877987.jpeg,@illsuka,音樂人,台北市,2021-04-01,,2,166,2,,,https://www.youtube.com/user/StreetVoiceTV,【吹專訪】來自地下場景的怪聲debloop主唱Suka的Z世代搖滾文藝復興|||https://blow.streetvoice.com/89788/?utm_source=streetvoice&utm_medium=profile-news-block; 拍謝少年20週年「現場處理：山盟海誓」邀debloop、EmptyORio、COLD DEW、五五身擔任嘉賓|||https://blow.streetvoice.com/85161/?utm_source=streetvoice&utm_medium=profile-news-block; 香港獨立樂團不平靜水域發行首張EP 9/26專場邀請Debloop、Super Napkin共演|||https://blow.streetvoice.com/83299/?utm_source=streetvoice&utm_medium=profile-news-block,11 月 6 2025 The Next Big Thing 大團誕生（開發場9）|||11 月 6|||https://streetvoice.com/gigs/8319/,Singer / Songwriter,,,,"Mix by Michael Wu 
Mix by Michael Wu","這是沒有提供歌詞的歌曲
留言（ 4 ） 最相關留言 所有留言
留言（ 4 ）",2026-09-04,,Song of the Day; 編輯推薦,True,True,
2026-09-11 14:01:12,realtime,folk,,,4,侑彤 Verity,Dorry,57,2269,16,https://streetvoice.com/VerityPower/songs/875392/,https://streetvoice.com/VerityPower/,"https://akstatic.streetvoice.com/song_covers/Ve/ri/VerityPower/89mqpCpxWWWkwWS4cGnbbM.jpeg?x-oss-process=image/resize,m_fill,h_400,w_400,limit_0",images/875392.jpeg,@VerityPower,音樂人,基隆市,2008-05-01,2021-08-12 16:17,11,4546,211,https://www.facebook.com/VerityPowerYTC,https://www.instagram.com/__verity.c/,https://www.youtube.com/user/verityhang,【StreetVoice新歌週報】李友廷為《誰是被害者》打造插曲 侑彤攜溫柔版〈不凋花〉回歸|||https://blow.streetvoice.com/49455/?utm_source=streetvoice&utm_medium=profile-news-block; 【專訪】音樂比賽常勝軍 陳侑彤：唱歌讓我找到自己的價值|||https://blow.streetvoice.com/45860/?utm_source=streetvoice&utm_medium=profile-news-block; 【StreetVoice新歌週報】睽違九年白安發布新歌 忒修斯攜陳侑彤再造迷霧單曲|||https://blow.streetvoice.com/45260/?utm_source=streetvoice&utm_medium=profile-news-block,,Singer / Songwriter,,,,"Dear Dorry, 那幾年在台北的日子。 或哭或笑， 你終究長成了美好的樣子。 不知道接下來在英國的風景如何， 又有多少事發生？ 至少為你打包了25歲的生日記憶， 集合親愛朋友們給你的真心祝福。 這一路走來都不容易， 謝謝你長大了， 還保有一如往常的善良溫暖。 寫這首歌，希望你永遠記得： 再怎麼嘗試擁抱世界， 你都比這世界更值得被愛。 Verity Dorry _ Live @ WITCH HOUSE 20250606 Lyricist & Composer｜陳侑彤 Verity Piano Arrangement ｜呂毅心 Aaron Lu E. Guitar Arrangement ｜henÿ A. Guitar Arrangement ｜陳侑彤與桑霓 Verity& Sunny Chen Mixing Engineer｜ 邱宣凱 Kenny 
Dear Dorry,
那幾年在台北的日子。 或哭或笑， 你終究長成了美好的樣子。
不知道接下來在英國的風景如何， 又有多少事發生？
至少為你打包了25歲的生日記憶， 集合親愛朋友們給你的真心祝福。
這一路走來都不容易， 謝謝你長大了， 還保有一如往常的善良溫暖。
寫這首歌，希望你永遠記得：
再怎麼嘗試擁抱世界， 你都比這世界更值得被愛。
Verity
Dorry _ Live @ WITCH HOUSE 20250606 Lyricist & Composer｜陳侑彤 Verity Piano Arrangement ｜呂毅心 Aaron Lu E. Guitar Arrangement ｜henÿ A. Guitar Arrangement ｜陳侑彤與桑霓 Verity& Sunny Chen Mixing Engineer｜ 邱宣凱 Kenny","Dorry 25歲 不大不小的年紀 Please don’t say sorry! 很多事觸發你百感交集 也請你別把笑容放心底 Dorry 夜裡多少眼淚堆積成你 無數次長大成熟的決心 英國的風景不能代替你 本就澄澈的眼睛 日子 怎麼荒唐 都不影響 你的可愛 多愁善良 而溫暖 是你的 一路走來 像無尾熊一般感性地擁抱這世界 別忘了 你是美好的存在 日子 怎麼荒唐 都不影響你的可愛 哪怕你從來不覺得 自己 有多勇敢 當輕柔的風 帶過了深刻的聚散 別忘了 是你比這世界更值得被愛 Dorry 25歲 不大不小的年紀 If there‘s any feeling 先別急著否定你自己 還有很多人等著擁抱你 Dorry 夜裡多少眼淚堆積成你 無數次長大成熟的決心 所有風景都不能代替你 本就透徹的心靈 日子 怎麼荒唐 都不影響 你的可愛 多愁善良 而溫暖 是你的 一路走來 像無尾熊一般感性地擁抱這世界 別忘了 你是美好的存在 日子 怎麼荒唐 都不影響你的可愛 哪怕你從來不覺得 自己 有多勇敢 當輕柔的風 帶過了深刻的聚散 別忘了 是你比這世界更值得被愛 日子 怎麼荒唐 都不影響 你的可愛 不需要再去自責 隨風而逝的遺憾 像孩子一般無懼地擁抱這世界 哪怕許多事找不到答案 日子 怎麼荒唐 都不影響你的可愛 這一路走來證明 你已經足夠勇敢 當下一陣風 捎來了深刻的聚散 永遠記得 你比這世界更值得被愛 
Dorry 25歲 不大不小的年紀 Please don’t say sorry! 很多事觸發你百感交集 也請你別把笑容放心底
Dorry 夜裡多少眼淚堆積成你 無數次長大成熟的決心 英國的風景不能代替你 本就澄澈的眼睛
日子 怎麼荒唐 都不影響 你的可愛 多愁善良 而溫暖 是你的 一路走來 像無尾熊一般感性地擁抱這世界 別忘了 你是美好的存在
日子 怎麼荒唐 都不影響你的可愛 哪怕你從來不覺得 自己 有多勇敢 當輕柔的風 帶過了深刻的聚散 別忘了 是你比這世界更值得被愛
Dorry 25歲 不大不小的年紀 If there‘s any feeling 先別急著否定你自己 還有很多人等著擁抱你
Dorry 夜裡多少眼淚堆積成你 無數次長大成熟的決心 所有風景都不能代替你 本就透徹的心靈
日子 怎麼荒唐 都不影響 你的可愛 多愁善良 而溫暖 是你的 一路走來 像無尾熊一般感性地擁抱這世界 別忘了 你是美好的存在
日子 怎麼荒唐 都不影響你的可愛 哪怕你從來不覺得 自己 有多勇敢 當輕柔的風 帶過了深刻的聚散 別忘了 是你比這世界更值得被愛
日子 怎麼荒唐 都不影響 你的可愛 不需要再去自責 隨風而逝的遺憾 像孩子一般無懼地擁抱這世界 哪怕許多事找不到答案
日子 怎麼荒唐 都不影響你的可愛 這一路走來證明 你已經足夠勇敢 當下一陣風 捎來了深刻的聚散 永遠記得 你比這世界更值得被愛
留言（ 16 ） 最相關留言 所有留言
留言（ 16 ）",2026-09-01,,Song of the Day; 編輯推薦,True,True,
2026-09-11 14:01:12,realtime,folk,,,5,安眠巫師 WiFi,順流 （天氣加成版）ft.黃玠瑋 Zooey Wonder,195,25621,147,https://streetvoice.com/sleepywifizzz/songs/876157/,https://streetvoice.com/sleepywifizzz/,"https://akstatic.streetvoice.com/song_covers/sl/ee/sleepywifizzz/AYjU5Zx8r4VnpgqhRv885M.jpeg?x-oss-process=image/resize,m_fill,h_400,w_400,limit_0",images/876157.jpeg,@sleepywifizzz,音樂人,,,,1,73,,,,https://www.youtube.com/user/StreetVoiceTV,秦旭章化身安眠巫師 邀陳如山、盧律銘合作新歌〈月光假面〉|||https://blow.streetvoice.com/61042/?utm_source=streetvoice&utm_medium=profile-news-block; 守夜人團長秦旭章新身份「安眠巫師」 首支個人單曲〈我們沒救了〉MV上線|||https://blow.streetvoice.com/60361/?utm_source=streetvoice&utm_medium=profile-news-block,,Folk,,,,"歡迎追蹤巫師的IG，會有更多負負得正能量 、更多好聽的歌、有趣的事✨ IG 追蹤入口➡️ https://reurl.cc/p8YpK8 安眠巫師串流全平台➡️ https://umg.lnk.to/spwfzysl https://163cn.tv/bfQi0ElT 這次我們獨家在街聲放了最流動的原始創作✨ 有沒有一種時候， 你已經試過很多方法了。 換方向、換方法、換態度， 甚至連人生觀都重新安裝一次。 但事情還是沒有比較順。 於是某一天， 你突然想說—— 算了。 把自己關機好了 不是放棄， 只是有點累。 - 2026年 送給 突然不想再證明什麼了的自己 不強抓， 不討好， 不過度在意。 順流。 不在意。 沒關係。 — 「安眠巫師 WiFi」是守夜人 Night Keepers 團長旭章 WiFi， 所創造出來的分靈體角色。他能以反心靈雞湯語錄般的黑色幽默語氣，帶你用負能量化解負能量，另類「解惑」人生的各類疑難雜症。 安眠巫師與黃玠瑋在創作《順流》這首歌時，兩人都正處於各自生命裡的「逆流」時刻，與其寫下勵志口號，他們選擇誠實面對那些難以言說的疲憊與無力。 於是，將那些真正喘不過氣的內心話，誠實地寫進歌曲裡。 「無能為力」、「已經花光所有力氣」、「不要在意別人眼中的自己」—— 那些看似無力的念頭，在這首歌裡，被溫柔地接住。 《順流》以 Indie Pop × Dream Pop 為基底，融合 Ambient Folk 的空間感與如公路電影般的流動氛圍。編曲刻意保留大量留白，情緒內斂而緩慢推進，安眠巫師與黃玠瑋的聲線在歌曲中交錯，如同兩條逆流中的水脈，在孤獨與理解之間慢慢靠近。 這不是一首鼓勵你振作的歌， 而是一首在你累了的時候，陪你慢慢往前走的歌。 黃玠瑋形容錄音時腦海浮現的畫面，就像一部公路電影： 一條很長的道路，有人經過，有人上車，有人離開。 你不知道該不該回應，甚至有點孤單，但慢慢會發現——頻率對的人，自然會留下。 對安眠巫師而言，《順流》也是一種性格的鬆動。 允許不合時宜，允許自己的速度，也允許暫時不知道自己在做什麼。 這首歌不是要帶你去更遠的地方。 只是陪你， 把車繼續往前開。 人生如果真的卡住了， 有時候不是要重開機。 只是要先順流一下。 即使不知道明天在哪裡。 但方向， 會慢慢對上。 . 《 順流 (天氣加成版) 》  ｜安眠巫師  feat. 黃玠瑋 現在，你可以不用再用力了。 
歡迎追蹤巫師的IG，會有更多負負得正能量 、更多好聽的歌、有趣的事✨
IG 追蹤入口➡️ https://reurl.cc/p8YpK8
https://reurl.cc/p8YpK8
安眠巫師串流全平台➡️ https://umg.lnk.to/spwfzysl https://163cn.tv/bfQi0ElT
https://umg.lnk.to/spwfzysl
https://163cn.tv/bfQi0ElT
這次我們獨家在街聲放了最流動的原始創作✨
有沒有一種時候， 你已經試過很多方法了。
換方向、換方法、換態度， 甚至連人生觀都重新安裝一次。
但事情還是沒有比較順。
於是某一天， 你突然想說—— 算了。 把自己關機好了
不是放棄， 只是有點累。
-
2026年 送給 突然不想再證明什麼了的自己
不強抓， 不討好， 不過度在意。 順流。 不在意。 沒關係。 —
「安眠巫師 WiFi」是守夜人 Night Keepers 團長旭章 WiFi， 所創造出來的分靈體角色。他能以反心靈雞湯語錄般的黑色幽默語氣，帶你用負能量化解負能量，另類「解惑」人生的各類疑難雜症。
安眠巫師與黃玠瑋在創作《順流》這首歌時，兩人都正處於各自生命裡的「逆流」時刻，與其寫下勵志口號，他們選擇誠實面對那些難以言說的疲憊與無力。
於是，將那些真正喘不過氣的內心話，誠實地寫進歌曲裡。
「無能為力」、「已經花光所有力氣」、「不要在意別人眼中的自己」—— 那些看似無力的念頭，在這首歌裡，被溫柔地接住。
《順流》以 Indie Pop × Dream Pop 為基底，融合 Ambient Folk 的空間感與如公路電影般的流動氛圍。編曲刻意保留大量留白，情緒內斂而緩慢推進，安眠巫師與黃玠瑋的聲線在歌曲中交錯，如同兩條逆流中的水脈，在孤獨與理解之間慢慢靠近。
這不是一首鼓勵你振作的歌， 而是一首在你累了的時候，陪你慢慢往前走的歌。
黃玠瑋形容錄音時腦海浮現的畫面，就像一部公路電影： 一條很長的道路，有人經過，有人上車，有人離開。
你不知道該不該回應，甚至有點孤單，但慢慢會發現——頻率對的人，自然會留下。
對安眠巫師而言，《順流》也是一種性格的鬆動。 允許不合時宜，允許自己的速度，也允許暫時不知道自己在做什麼。
這首歌不是要帶你去更遠的地方。 只是陪你， 把車繼續往前開。 人生如果真的卡住了， 有時候不是要重開機。 只是要先順流一下。
即使不知道明天在哪裡。 但方向， 會慢慢對上。
.
《 順流 (天氣加成版) 》  ｜安眠巫師  feat. 黃玠瑋
現在，你可以不用再用力了。","歡迎追蹤巫師的IG，會有更多負負得正能量 、更多好聽的歌、有趣的事✨ IG 追蹤入口➡️ https://reurl.cc/p8YpK8 安眠巫師串流全平台➡️  https://umg.lnk.to/spwfzysl 、https://163cn.tv/bfQi0ElT 作詞| 黃玠瑋/ 秦旭章 作曲| 秦旭章 製作| 秦旭章/鍾承洋 訂了單程的車票 不想規劃去哪裡 維持平凡的生活 已經花光我所有的力氣 ⠀⠀ 有時我無能為力 只想躺平在家裡 我不想困在原地 不確定 ⠀⠀⠀⠀ 通往順流的頻率 深呼吸呀喘口氣 還沒發生的事情 看不透也沒關係 ⠀⠀⠀⠀ 明天在哪裡 不想去在意 我會在哪裡 我的影子在哪裡 我的笑容在哪裡 川流不息的海底 不知不覺的外空動力 ⠀⠀⠀⠀ 會不會太在意 每個人眼裡的自己 擁抱當下的每片風景 確定 ⠀⠀⠀⠀ 通往順流的頻率 深呼吸呀喘口氣 還沒發生的事情 看不透也沒關係 ⠀⠀⠀⠀ 明天在哪裡 不想去在意 我會在哪裡 時間每分每秒在流逝 只剩我還停留在這兒 每個人有自己的時區 沒關係 ⠀⠀⠀⠀ 通往順流的頻率 深呼吸呀喘口氣 還沒發生的事情 看不透也沒關係 ⠀⠀⠀⠀ 明天在哪裡 不想去在意 我會在哪裡 不想去在意 哪裡 
歡迎追蹤巫師的IG，會有更多負負得正能量 、更多好聽的歌、有趣的事✨
IG 追蹤入口➡️ https://reurl.cc/p8YpK8
安眠巫師串流全平台➡️  https://umg.lnk.to/spwfzysl 、https://163cn.tv/bfQi0ElT
作詞| 黃玠瑋/ 秦旭章 作曲| 秦旭章 製作| 秦旭章/鍾承洋
訂了單程的車票 不想規劃去哪裡 維持平凡的生活 已經花光我所有的力氣 ⠀⠀
有時我無能為力 只想躺平在家裡 我不想困在原地 不確定 ⠀⠀⠀⠀
通往順流的頻率 深呼吸呀喘口氣 還沒發生的事情 看不透也沒關係 ⠀⠀⠀⠀
明天在哪裡 不想去在意 我會在哪裡
我的影子在哪裡 我的笑容在哪裡 川流不息的海底 不知不覺的外空動力 ⠀⠀⠀⠀
會不會太在意 每個人眼裡的自己 擁抱當下的每片風景 確定 ⠀⠀⠀⠀
通往順流的頻率 深呼吸呀喘口氣 還沒發生的事情 看不透也沒關係 ⠀⠀⠀⠀
明天在哪裡 不想去在意 我會在哪裡
時間每分每秒在流逝 只剩我還停留在這兒 每個人有自己的時區 沒關係 ⠀⠀⠀⠀
通往順流的頻率 深呼吸呀喘口氣 還沒發生的事情 看不透也沒關係 ⠀⠀⠀⠀
明天在哪裡 不想去在意 我會在哪裡 不想去在意
哪裡
留言（ 147 ） 最相關留言 所有留言
留言（ 147 ）",2026-08-24,,Song of the Day; 週排行冠軍; 編輯推薦,True,True,
2026-09-11 14:01:12,realtime,folk,,,6,邱淑蟬,扭緪,21,1216,1,https://streetvoice.com/shuchan_chiu/songs/876872/,https://streetvoice.com/shuchan_chiu/,"https://akstatic.streetvoice.com/song_covers/sh/uc/shuchan_chiu/ZXb6CmDLUhgEHDsYdbWkLF.jpeg?x-oss-process=image/resize,m_fill,h_400,w_400,limit_0",images/876872.jpeg,@shuchan_chiu,音樂人,,,2021-10-08 15:18,6,575,6,https://www.facebook.com/shuchanchiu1997,https://www.instagram.com/enidisme_music/,https://www.youtube.com/user/StreetVoiceTV,邱淑蟬攜EP《無爭》展開Livehouse巡迴 首度以樂團編制登場|||https://blow.streetvoice.com/90134/?utm_source=streetvoice&utm_medium=profile-news-block; 邱淑蟬邀製作人蕭賀碩、大象體操涂嘉欽 打造全新EP《無爭》|||https://blow.streetvoice.com/89185/?utm_source=streetvoice&utm_medium=profile-news-block; 邱淑蟬攜手鄭寶欣、好日、樂凡 打造跨國多語單曲〈定定仔行〉|||https://blow.streetvoice.com/84993/?utm_source=streetvoice&utm_medium=profile-news-block,,Folk,無爭 Metamorphosing,https://streetvoice.com/shuchan_chiu/songs/album/97325992/,,"扭緪 Hold Tight 詞曲 Lyricist＆Composer｜邱淑蟬 Shuchan Chiu 製作人 Producer｜蕭賀碩 Shuo Hsiao 編曲 Music Arranger｜涂嘉欽Chia-Chin Tu、牛楷 Kai New、陳啟原 Curtis Chan、蕭賀碩 Shuo Hsiao 鼓 Drums｜涂嘉欽Chia-Chin Tu 貝斯 Bass｜牛楷 Kai New 電吉他 E. Guitar｜陳啟原 Curtis Chan 人聲錄音工程師及錄音室 Vocal Recording Engineer＆Studio｜陳以霖 Yi-Lin Chen @大小眼錄音室Twin Eyes Studio 錄音工程師及錄音室 Recording Engineer＆Studio｜康奇維 Kiwi Kang @淺動藝文 Micro Movement Arts、于世政 Shin-Cheng Yu @Lights Up Studio 助理錄音工程師及錄音室 Assistant Recording Engineer & Studio｜陳佳穎 Chia-Ying Chen @Lights Up Studio 混音工程師 Mixing Engineer｜林正忠 Jerry Lin @Robot Studio 母帶後期處理工程師及錄音室 Mastering Engineer ＆ Studio｜孫仲舒 Chung-Shu Sun@鈺德科技 U-Tech MT Studio 母帶後期處理製作人 Mastering Producer｜蕭賀碩 Shuo Hsiao 企劃宣傳 Project Planning & Promotion｜曾楚芳 Matilda Tseng 視覺設計 Visual Designer｜周雨衛 Viter Chou、謝沛宸 Anmy Hsieh 平面攝影 Photographer｜柳妘儒 Yunju Liu 攝影助理 Photographer Assistant｜陳泱丞 Dozz Chen 攝影燈光 Photographer Gaffer｜Jeremii Fan 妝髮 Hair＆Makeup｜鍾其甫Ooioh 妝髮助理 Hair＆Makeup Assistant｜陳姿秀 Heena Chen 客語歌詞校正 Language counselor of Hakka lyrics｜鄭育淇 
扭緪 Hold Tight
詞曲 Lyricist＆Composer｜邱淑蟬 Shuchan Chiu 製作人 Producer｜蕭賀碩 Shuo Hsiao 編曲 Music Arranger｜涂嘉欽Chia-Chin Tu、牛楷 Kai New、陳啟原 Curtis Chan、蕭賀碩 Shuo Hsiao 鼓 Drums｜涂嘉欽Chia-Chin Tu 貝斯 Bass｜牛楷 Kai New 電吉他 E. Guitar｜陳啟原 Curtis Chan 人聲錄音工程師及錄音室 Vocal Recording Engineer＆Studio｜陳以霖 Yi-Lin Chen @大小眼錄音室Twin Eyes Studio 錄音工程師及錄音室 Recording Engineer＆Studio｜康奇維 Kiwi Kang @淺動藝文 Micro Movement Arts、于世政 Shin-Cheng Yu @Lights Up Studio 助理錄音工程師及錄音室 Assistant Recording Engineer & Studio｜陳佳穎 Chia-Ying Chen @Lights Up Studio 混音工程師 Mixing Engineer｜林正忠 Jerry Lin @Robot Studio
母帶後期處理工程師及錄音室 Mastering Engineer ＆ Studio｜孫仲舒 Chung-Shu Sun@鈺德科技 U-Tech MT Studio 母帶後期處理製作人 Mastering Producer｜蕭賀碩 Shuo Hsiao 企劃宣傳 Project Planning & Promotion｜曾楚芳 Matilda Tseng 視覺設計 Visual Designer｜周雨衛 Viter Chou、謝沛宸 Anmy Hsieh 平面攝影 Photographer｜柳妘儒 Yunju Liu 攝影助理 Photographer Assistant｜陳泱丞 Dozz Chen 攝影燈光 Photographer Gaffer｜Jeremii Fan 妝髮 Hair＆Makeup｜鍾其甫Ooioh 妝髮助理 Hair＆Makeup Assistant｜陳姿秀 Heena Chen 客語歌詞校正 Language counselor of Hakka lyrics｜鄭育淇","有一久 無聽自家講話 有多久沒聽自己說話 iuˊ idˋ giuˋ moˇ tangˊ cii gaˊ gongˋ fa 分時間牽著仔走 被時間牽著走 bunˊ siiˊ gienˊ kianˊ none e hangˇ 嗄毋知亻厓到底想去哪位 卻不知道我到底想去哪裡 sa mˇ diˊ ngaiˇ do daiˋ xiongˋ hi nai vi 有一久 無好好照鏡 有多久沒好好照鏡子 iuˊ idˋ giuˋ moˇ hoˋ hoˋ zeu giang 分時間牽著仔行 被時間牽著走 bunˊsiiˊ gienˊ kianˊ none e hangˇ 嗄毋知亻厓到底想去哪位 卻不知道我到底想去哪裡 sa mˇ diˊ ngaiˇ do daiˋ xiongˋ hi nai vi 還赴得著麼 還赴得著麼 還來得及嗎 還來得及嗎 hanˇ fu e cadˋ moˇ 打開亻厓个生活 打開我的生活 daˋ koiˊ ngaiˇ ge senˊ fad 一行一行寫下來 Idˋ hongˇ idˋ hongˇ xiaˋ haˊ loiˇ 一條一條記轉來 idˋ tiauˇ idˋ tiauˇ gi zonˋ loiˇ 為了麼个㖸 為了麼个噭 為了什麼而笑 為了什麼而哭 vi liauˋ maˋ ge nagˋ vi liauˋ maˋ ge gieu 係亻厓記得 係亻厓記得 如果我記得 如果我記得 he ngaiˇ gi dedˋ he ngaiˇ gi dedˋ 就盼得 就捨得 qiu pan dedˋ 
有一久 無聽自家講話 有多久沒聽自己說話 iuˊ idˋ giuˋ moˇ tangˊ cii gaˊ gongˋ fa
分時間牽著仔走 被時間牽著走 bunˊ siiˊ gienˊ kianˊ none e hangˇ
嗄毋知亻厓到底想去哪位 卻不知道我到底想去哪裡 sa mˇ diˊ ngaiˇ do daiˋ xiongˋ hi nai vi
有一久 無好好照鏡 有多久沒好好照鏡子 iuˊ idˋ giuˋ moˇ hoˋ hoˋ zeu giang
分時間牽著仔行 被時間牽著走 bunˊsiiˊ gienˊ kianˊ none e hangˇ
嗄毋知亻厓到底想去哪位 卻不知道我到底想去哪裡 sa mˇ diˊ ngaiˇ do daiˋ xiongˋ hi nai vi
還赴得著麼 還赴得著麼 還來得及嗎 還來得及嗎 hanˇ fu e cadˋ moˇ
打開亻厓个生活 打開我的生活 daˋ koiˊ ngaiˇ ge senˊ fad
一行一行寫下來 Idˋ hongˇ idˋ hongˇ xiaˋ haˊ loiˇ 一條一條記轉來 idˋ tiauˇ idˋ tiauˇ gi zonˋ loiˇ
為了麼个㖸 為了麼个噭 為了什麼而笑 為了什麼而哭 vi liauˋ maˋ ge nagˋ vi liauˋ maˋ ge gieu
係亻厓記得 係亻厓記得 如果我記得 如果我記得 he ngaiˇ gi dedˋ he ngaiˇ gi dedˋ
就盼得 就捨得 qiu pan dedˋ
留言（ 1 ） 最相關留言 所有留言
留言（ 1 ）",2026-08-28,,Song of the Day; 編輯推薦,True,True,
2026-09-11 14:01:12,realtime,folk,,,7,weihua,想說的還很多,24,6299,1,https://streetvoice.com/weihua2023/songs/878005/,https://streetvoice.com/weihua2023/,"https://akstatic.streetvoice.com/song_covers/we/ih/weihua2023/ZmmAjM4abMFh5ZGkaRLueY.jpeg?x-oss-process=image/resize,m_fill,h_400,w_400,limit_0",images/878005.jpeg,@weihua2023,音樂人,花蓮縣,2023-09-01,2024-01-24 18:24,13,369,1,,https://www.instagram.com/weihuaforsure,https://youtube.com/@user-sf3oh9ky6x,2025臺北不斷電音樂節8/2、8/3北流開唱！韓國新聲HYANG領銜30組卡司登場|||https://blow.streetvoice.com/81967/?utm_source=streetvoice&utm_medium=profile-news-block; 2025臺北音樂不斷電20強出爐！7/19、7/20西門紅樓爭奪決賽席次|||https://blow.streetvoice.com/81817/?utm_source=streetvoice&utm_medium=profile-news-block,,Singer / Songwriter,,,,,"我想過 不再聽你的聲音 不再回你的訊息 他們說 這很簡單的 只是怎麼又想起你了 城市變成了藍色 你曾說過最喜歡的 想說的話 其實還很多 能不能再多一次 和你 又是另一個多雨的下午 又騎進通往你家的路 習慣和你生活的節奏 習慣有你的後座 止不住 幻想著 想著繼續 不小心 放到你 喜歡的那首插曲 怎麼整理 混亂又複雜 的思緒 我想過 不再聽你的聲音 不再回你的訊息 他們說 這很簡單的 只是怎麼又想起你了 城市變成了藍色 你曾說過最喜歡的 想說的話 其實還很多 能不能再多一次 和你 Yeah 不想和你退回朋友關係 想該怎麼做 才能 挽回些什麼 不想結束 我也不想忘記 看著你 有種說不上的熟悉 支離破碎 搖搖晃晃的走下去 兜了圈 重新回到了這裡 怎麼整理 混亂又複雜 的思緒 我想過 不再聽你的聲音 不再回你的訊息 他們說 這很簡單的 只是怎麼又想起你了 城市變成了藍色 你曾說過最喜歡的 想說的話 其實還很多 能不能再多一次 和你 
我想過 不再聽你的聲音 不再回你的訊息 他們說 這很簡單的 只是怎麼又想起你了
城市變成了藍色 你曾說過最喜歡的 想說的話 其實還很多 能不能再多一次 和你
又是另一個多雨的下午 又騎進通往你家的路 習慣和你生活的節奏 習慣有你的後座
止不住 幻想著 想著繼續 不小心 放到你 喜歡的那首插曲 怎麼整理 混亂又複雜 的思緒
我想過 不再聽你的聲音 不再回你的訊息 他們說 這很簡單的 只是怎麼又想起你了
城市變成了藍色 你曾說過最喜歡的 想說的話 其實還很多 能不能再多一次 和你
Yeah
不想和你退回朋友關係 想該怎麼做 才能 挽回些什麼 不想結束 我也不想忘記 看著你 有種說不上的熟悉
支離破碎 搖搖晃晃的走下去 兜了圈 重新回到了這裡 怎麼整理 混亂又複雜 的思緒
我想過 不再聽你的聲音 不再回你的訊息 他們說 這很簡單的 只是怎麼又想起你了
城市變成了藍色 你曾說過最喜歡的 想說的話 其實還很多 能不能再多一次 和你
留言（ 1 ） 最相關留言 所有留言
留言（ 1 ）",2026-09-05,,編輯推薦,True,False,
2026-09-11 14:01:12,realtime,folk,,,8,曾柏崴,感受,5,145,0,https://streetvoice.com/void1z3/songs/878465/,https://streetvoice.com/void1z3/,"https://akstatic.streetvoice.com/song_covers/vo/id/void1z3/3RQLNkdQ4RjHFFjUBreuwW.jpeg?x-oss-process=image/resize,m_fill,h_400,w_400,limit_0",images/878465.jpeg,@void1z3,音樂人,,,,10,58,47,,,https://www.youtube.com/user/StreetVoiceTV,,,Singer / Songwriter,,,,"《無人注視的小小寂寞》 Presented By 後空翻唱片 Rearflip Records A tribute to Elliott Smith and my unfinished journey 
《無人注視的小小寂寞》 Presented By 後空翻唱片 Rearflip Records
A tribute to Elliott Smith and my unfinished journey","有一天我突然發現 你的相機還留在這 躺在床頭輕輕哼著喜歡的歌 走進好多曾經的單純 沒被弄髒的體溫 被捲進棉被裡發熱 慢慢溶解 在果汁機的漩渦中 就這樣我一直想太多 但所有解答都缺少了一些什麼 如果問題是我真的感受不到會怎樣？ 啊～～～～ 有一天我突然發現 你的相機還留在這 躺在床頭輕輕哼著這一首歌 
有一天我突然發現 你的相機還留在這 躺在床頭輕輕哼著喜歡的歌 走進好多曾經的單純
沒被弄髒的體溫 被捲進棉被裡發熱 慢慢溶解 在果汁機的漩渦中 就這樣我一直想太多
但所有解答都缺少了一些什麼 如果問題是我真的感受不到會怎樣？ 啊～～～～
有一天我突然發現 你的相機還留在這 躺在床頭輕輕哼著這一首歌
留言（ 0 ） 最相關留言 所有留言
留言（ 0 ）",2026-09-08,,編輯推薦,True,False,
2026-09-11 14:01:12,realtime,folk,,,9,紙鳶 Seizer,查無此人,26,3230,3,https://streetvoice.com/seizer_official/songs/876177/,https://streetvoice.com/seizer_official/,"https://akstatic.streetvoice.com/music_albums/se/iz/seizer_official/N2aTYNoA3NBNhQWwfjgotd.jpeg?x-oss-process=image/resize,m_fill,h_400,w_400,limit_0",images/876177.jpeg,@seizer_official,音樂人,台中市,2024-08-01,2024-09-10 20:11,18,2221,,,https://www.instagram.com/seizer.com.tw/,https://www.youtube.com/user/StreetVoiceTV,羊米人玩團十年夢想成真！「飛天摩托車」駛進THE WALL 麋先生喆安、紙鳶驚喜助陣|||https://blow.streetvoice.com/90155/?utm_source=streetvoice&utm_medium=profile-news-block; 紙鳶全新專輯《缺頁的名冊》正式發行 台北發片專場祭出「全嘉賓陣容」|||https://blow.streetvoice.com/90142/?utm_source=streetvoice&utm_medium=profile-news-block; 紙鳶首登泰國Monster Music Festival 回歸宣布新專輯《缺頁的名冊》即將發行|||https://blow.streetvoice.com/89229/?utm_source=streetvoice&utm_medium=profile-news-block,,Folk,缺頁的名冊,https://streetvoice.com/seizer_official/songs/album/97325949/,,"詞 Lyrics｜仁杰 曲 Composer｜仁杰 編曲 Arrangement｜紙鳶 Seizer 主唱 Vocal｜仁杰 和聲 Backing Vocal｜仁杰、蘇崇祐 Kay 木吉他 Acoustic Guitar｜蘇崇祐 Kay 貝斯 Bass｜呂建亨 Henry 鼓組 Drum｜王秉宸 Daniel 鍵盤與合成器 Keyboards & Synth Design｜楊博皓 Seal 製作人 Producer｜楊博皓 Seal 鼓組錄音室 Drum Recording Studio｜+x studio 鼓組錄音師 Drum Recording Engineer｜張家誠 Chia Chen Chang 鼓技師 Drum Technician｜莊開旭 Cash Chuang 人聲錄音室 Vocal Recording Studio｜秉乾工作室 人聲配唱 Vocal Producer｜蘇崇祐 Kay 和聲編寫 Backing Vocal Arrangement｜楊博皓 Seal、仁杰、蘇崇祐 Kay 錄音師 Recording Engineer｜楊博皓 Seal 混音師 Mixing Engineer｜張家誠 Chia Chen Chang 母帶後期製作 Mastering Engineer｜張家誠 Chia Chen Chang 
詞 Lyrics｜仁杰 曲 Composer｜仁杰 編曲 Arrangement｜紙鳶 Seizer
主唱 Vocal｜仁杰 和聲 Backing Vocal｜仁杰、蘇崇祐 Kay 木吉他 Acoustic Guitar｜蘇崇祐 Kay 貝斯 Bass｜呂建亨 Henry 鼓組 Drum｜王秉宸 Daniel 鍵盤與合成器 Keyboards & Synth Design｜楊博皓 Seal
製作人 Producer｜楊博皓 Seal 鼓組錄音室 Drum Recording Studio｜+x studio 鼓組錄音師 Drum Recording Engineer｜張家誠 Chia Chen Chang 鼓技師 Drum Technician｜莊開旭 Cash Chuang 人聲錄音室 Vocal Recording Studio｜秉乾工作室 人聲配唱 Vocal Producer｜蘇崇祐 Kay 和聲編寫 Backing Vocal Arrangement｜楊博皓 Seal、仁杰、蘇崇祐 Kay 錄音師 Recording Engineer｜楊博皓 Seal
混音師 Mixing Engineer｜張家誠 Chia Chen Chang 母帶後期製作 Mastering Engineer｜張家誠 Chia Chen Chang","枯萎的心下了場永不停歇的傾盆大雨 絕望的 注視著無法 挽回的事態愣著神 是否有人能找到 她隱藏的悲傷 不安的過往 卻只留下靈魂破碎前的求救跡象 在沈默的夜裡 空蕩的房間裡 你我的名字 終將消散在日常 這世界依然上演同樣的戲碼 在不見天日的夜裡 還等著 窗透進來的光 但也許不會有結局 也許都不會有解答 未到來的真理 被淹沒在喧囂的聲浪裡 原本美好的憧憬 為何靜默在這裡 無法安息 又有誰 會惋惜 又有誰 會在意 
枯萎的心下了場永不停歇的傾盆大雨 絕望的 注視著無法 挽回的事態愣著神 是否有人能找到 她隱藏的悲傷 不安的過往 卻只留下靈魂破碎前的求救跡象
在沈默的夜裡 空蕩的房間裡
你我的名字 終將消散在日常 這世界依然上演同樣的戲碼 在不見天日的夜裡 還等著 窗透進來的光 但也許不會有結局 也許都不會有解答
未到來的真理 被淹沒在喧囂的聲浪裡 原本美好的憧憬 為何靜默在這裡 無法安息
又有誰 會惋惜 又有誰 會在意
留言（ 3 ） 最相關留言 所有留言
留言（ 3 ）",2026-09-03,,編輯推薦,True,False,
2026-09-11 14:01:12,realtime,folk,,,10,鄭方型,一左一右（demo),1,60,1,https://streetvoice.com/Sret/songs/878805/,https://streetvoice.com/Sret/,"https://akstatic.streetvoice.com/song_covers/Sr/et/Sret/o8ak2JKHRQjNBvkZqCyfoY.jpg?x-oss-process=image/resize,m_fill,h_400,w_400,limit_0",images/878805.jpg,@Sret,音樂人,,,,4,14,3,,,https://www.youtube.com/user/StreetVoiceTV,北流「Open Lab人才培育計畫」五週年成果亮眼 媒合紙鳶登泰國音樂節|||https://blow.streetvoice.com/88857/?utm_source=streetvoice&utm_medium=profile-news-block,,Singer / Songwriter,,,,"就算互相愛著對方好像…還是會分開.. 我愛你 
就算互相愛著對方好像…還是會分開.. 我愛你","說出口的我愛你 卻沒有勇氣 在你耳邊響起 歐我很愛你 但恨可惜 只能歸咎我們 太早相遇 希望見面還是會很開心 即使這是最後一次 擁有你 為什麼會分開 明明還那麼相愛 明明對你還有依賴 可怎麼都熬不過 人生這岔路口 難道我們必須 一左一右 
說出口的我愛你 卻沒有勇氣 在你耳邊響起
歐我很愛你 但恨可惜 只能歸咎我們 太早相遇
希望見面還是會很開心 即使這是最後一次 擁有你
為什麼會分開 明明還那麼相愛 明明對你還有依賴 可怎麼都熬不過 人生這岔路口 難道我們必須 一左一右
留言（ 1 ） 最相關留言 所有留言
留言（ 1 ）",2026-09-10,,編輯推薦,True,False,
2026-09-11 14:01:12,realtime,folk,,,11,紙鳶 Seizer,你在的地方,34,4246,9,https://streetvoice.com/seizer_official/songs/876180/,https://streetvoice.com/seizer_official/,"https://akstatic.streetvoice.com/music_albums/se/iz/seizer_official/N2aTYNoA3NBNhQWwfjgotd.jpeg?x-oss-process=image/resize,m_fill,h_400,w_400,limit_0",images/876180.jpeg,@seizer_official,音樂人,台中市,2024-08-01,2024-09-10 20:11,18,2221,,,https://www.instagram.com/seizer.com.tw/,https://www.youtube.com/user/StreetVoiceTV,羊米人玩團十年夢想成真！「飛天摩托車」駛進THE WALL 麋先生喆安、紙鳶驚喜助陣|||https://blow.streetvoice.com/90155/?utm_source=streetvoice&utm_medium=profile-news-block; 紙鳶全新專輯《缺頁的名冊》正式發行 台北發片專場祭出「全嘉賓陣容」|||https://blow.streetvoice.com/90142/?utm_source=streetvoice&utm_medium=profile-news-block; 紙鳶首登泰國Monster Music Festival 回歸宣布新專輯《缺頁的名冊》即將發行|||https://blow.streetvoice.com/89229/?utm_source=streetvoice&utm_medium=profile-news-block,,Folk,缺頁的名冊,https://streetvoice.com/seizer_official/songs/album/97325949/,,"詞 Lyrics｜仁杰 曲 Composer｜仁杰 編曲 Arrangement｜楊博皓 Seal 演唱 Vocal｜蘇崇祐 Kay 和聲 Backing Vocal｜蘇崇祐 Kay、仁杰 木吉他 Acoustic Guitar｜楊博皓 Seal、蘇崇祐 Kay 鍵盤與合成器 ｜Keyboards & Synth Design｜楊博皓 Seal 和聲 Backing Vocal｜仁杰、蘇崇祐 Kay 和聲編寫 Backing Vocal Arrangement｜楊博皓 Seal、仁杰、蘇崇祐 Kay 錄音室 Recording Studio｜RecoverStudio、秉乾工作室 錄音師 Recording Engineer｜楊博皓 Seal 、王秉宸Daniel 混音師 Mixing Engineer｜張家誠 Chia Chen Chang 母帶後期製作 Stem Mastering｜張家誠 Chia Chen Chang 
詞 Lyrics｜仁杰 曲 Composer｜仁杰 編曲 Arrangement｜楊博皓 Seal
演唱 Vocal｜蘇崇祐 Kay 和聲 Backing Vocal｜蘇崇祐 Kay、仁杰 木吉他 Acoustic Guitar｜楊博皓 Seal、蘇崇祐 Kay 鍵盤與合成器 ｜Keyboards & Synth Design｜楊博皓 Seal
和聲 Backing Vocal｜仁杰、蘇崇祐 Kay 和聲編寫 Backing Vocal Arrangement｜楊博皓 Seal、仁杰、蘇崇祐 Kay 錄音室 Recording Studio｜RecoverStudio、秉乾工作室 錄音師 Recording Engineer｜楊博皓 Seal 、王秉宸Daniel
混音師 Mixing Engineer｜張家誠 Chia Chen Chang 母帶後期製作 Stem Mastering｜張家誠 Chia Chen Chang","這條路會通到哪　星夜沒有回答 我心之所向　是你在的地方 緊握著船槳　漆黑的絕望像怒風拉扯我的信仰 這條路會通到哪　你能否說說話 我需要你的光　灑在船桅上 在這未知旅途上　好讓我不那麼害怕 我需要你的光　照耀我心房 渴望妳在身旁　睜開眼　浮生若夢一場 這條路會通到哪　依然在等解答 你在的地方　已在遙遠彼方 站在桅杆上　望向雲霧裡貪圖你　依稀的模樣 這條路會通到哪　回頭不見來港 我需要你的光　灑在船桅上 在這未知旅途上　好讓我不那麼害怕 我需要你的光　照耀我心房 渴望妳在身旁　睜開眼　浮生若夢一場 
這條路會通到哪　星夜沒有回答 我心之所向　是你在的地方 緊握著船槳　漆黑的絕望像怒風拉扯我的信仰 這條路會通到哪　你能否說說話
我需要你的光　灑在船桅上 在這未知旅途上　好讓我不那麼害怕 我需要你的光　照耀我心房 渴望妳在身旁　睜開眼　浮生若夢一場
這條路會通到哪　依然在等解答 你在的地方　已在遙遠彼方 站在桅杆上　望向雲霧裡貪圖你　依稀的模樣 這條路會通到哪　回頭不見來港
我需要你的光　灑在船桅上 在這未知旅途上　好讓我不那麼害怕 我需要你的光　照耀我心房 渴望妳在身旁　睜開眼　浮生若夢一場
留言（ 9 ） 最相關留言 所有留言
留言（ 9 ）",2026-09-03,,編輯推薦,True,False,
2026-09-11 14:01:12,realtime,folk,,,12,哈樂黛 Haradise,瓶中信 (Demo),47,5886,10,https://streetvoice.com/haradise202412/songs/875693/,https://streetvoice.com/haradise202412/,"https://akstatic.streetvoice.com/song_covers/ha/ra/haradise202412/MuihQxXUzKofMPxhzhmNyE.jpeg?x-oss-process=image/resize,m_fill,h_400,w_400,limit_0",images/875693.jpeg,@haradise202412,音樂人,台北市,2016-03-01,2026-07-06 10:41,8,66,5,,https://www.instagram.com/haradise202412,https://www.youtube.com/@haradisebandofficialchannel,,,Folk,,,雨國 Kingdom of Rain、周趙容瑄,"詞：哈樂黛 曲：Chou Chao 編曲：哈樂黛 混音：趙沛 母帶：陳翰 製作人：陳翰 
詞：哈樂黛 曲：Chou Chao 編曲：哈樂黛 混音：趙沛 母帶：陳翰 製作人：陳翰","我是一封沒有地址的信 蜷縮在冰冷的玻璃瓶裡 隨著洋流 帶著你筆尖與淚痕的點滴 一起迷失在你的柔波裡 貼近著海浪的呼吸 濕氣洗去陌生的姓名在 一片汪洋裡 褪色的字句牽著我和你 展開我們的無聲遠行 陽光折射的橙色光暈 水下還藏另一片天地 不停的放映著褪色默劇 輪轉著 生鏽的回憶投影 瓶裝著 與你的幻影 我忘了我是一封信 泡沫唱著褪色的署名 被海浪叼去 連同迷路人魚 沉入海底 陽光折射的橙色光暈 水下還藏另一片天地 不停的放映著褪色默劇 嘆息撐破了玻璃瓶 字跡已落在你心底 
我是一封沒有地址的信 蜷縮在冰冷的玻璃瓶裡 隨著洋流 帶著你筆尖與淚痕的點滴 一起迷失在你的柔波裡
貼近著海浪的呼吸 濕氣洗去陌生的姓名在 一片汪洋裡 褪色的字句牽著我和你 展開我們的無聲遠行
陽光折射的橙色光暈 水下還藏另一片天地 不停的放映著褪色默劇 輪轉著 生鏽的回憶投影 瓶裝著 與你的幻影
我忘了我是一封信 泡沫唱著褪色的署名 被海浪叼去 連同迷路人魚 沉入海底
陽光折射的橙色光暈 水下還藏另一片天地 不停的放映著褪色默劇 嘆息撐破了玻璃瓶 字跡已落在你心底
留言（ 10 ） 最相關留言 所有留言
留言（ 10 ）",2026-08-21,,Song of the Day; 編輯推薦,True,True,
2026-09-11 14:01:12,realtime,folk,,,13,StreetVoice 未來進行式,2026.09.09 зү№еҲҘдҫҶиі“пјҡйҳҝиҳӯ AC,3,36,0,https://streetvoice.com/svradio/songs/878540/,https://streetvoice.com/svradio/,"https://akstatic.streetvoice.com/song_covers/sv/ra/svradio/ctWBKA2DJDW4uuAvS3nB6X.jpeg?x-oss-process=image/resize,m_fill,h_400,w_400,limit_0",images/878540.jpeg,@svradio,Podcast,基隆市,2009-06-01,,352,1685,,,,https://www.youtube.com/user/StreetVoiceTV,「StreetVoice 未來進行式」六月登陸飛碟電台 世外桃源任首集嘉賓|||https://blow.streetvoice.com/33663/?utm_source=streetvoice&utm_medium=profile-news-block; 勃發的創作量、新的收入可能：往音樂社群平台發展的StreetVoice，在2021年度報告中分享了哪些資訊？|||https://blow.streetvoice.com/58836/?utm_source=streetvoice&utm_medium=profile-news-block; 返回地球 理化兄弟 P.C.B 新單曲《PSYBERPUNKER》未來進行式搶先首播|||https://blow.streetvoice.com/21388/?utm_source=streetvoice&utm_medium=profile-news-block,,Singer / Songwriter,,,,,,,,з·ЁијҜжҺЁи–Ұ,False,False,
2026-09-11 14:01:12,realtime,folk,,,14,鄭方型,童心-live,1,77,0,https://streetvoice.com/Sret/songs/878499/,https://streetvoice.com/Sret/,"https://akstatic.streetvoice.com/song_covers/Sr/et/Sret/a9MkoTGHucU2U6u9Nb6AfW.jpg?x-oss-process=image/resize,m_fill,h_400,w_400,limit_0",images/878499.jpg,@Sret,音樂人,,,,4,14,3,,,https://www.youtube.com/user/StreetVoiceTV,北流「Open Lab人才培育計畫」五週年成果亮眼 媒合紙鳶登泰國音樂節|||https://blow.streetvoice.com/88857/?utm_source=streetvoice&utm_medium=profile-news-block,,Singer / Songwriter,,,,"若是生活讓你感到壓力疲累 拿或許你應該休息一下傾聽自己的內心 保持那純真的童心 找回被抹滅的好奇心與興奮和那些最原始的情緒 別讓生活失去色彩 大家加油好好生活！ 
若是生活讓你感到壓力疲累 拿或許你應該休息一下傾聽自己的內心 保持那純真的童心 找回被抹滅的好奇心與興奮和那些最原始的情緒 別讓生活失去色彩 大家加油好好生活！","穿上了西裝 只是穿上了西裝 早早的就起床 套上了皮囊 只是套上了皮囊 背上背包出門養家 白日夢沒有想像力 一成不變的劇情怎麼會有吸引力 麻痺的心麻痺的編劇 怎麼會讓人願意看到結局 失去小孩的心 西裝 穿上了西裝 早早的就起床 這還是你嗎 皮囊 套上了皮囊 可靠的肩膀 是逼不得已的堅強 白日夢沒有想像力 一成不變的劇情怎麼會有吸引力 麻痺的心麻痺的編劇 怎麼會讓人願意看到結局 
穿上了西裝 只是穿上了西裝 早早的就起床
套上了皮囊 只是套上了皮囊 背上背包出門養家
白日夢沒有想像力 一成不變的劇情怎麼會有吸引力 麻痺的心麻痺的編劇 怎麼會讓人願意看到結局 失去小孩的心
西裝 穿上了西裝 早早的就起床 這還是你嗎
皮囊 套上了皮囊 可靠的肩膀 是逼不得已的堅強
白日夢沒有想像力 一成不變的劇情怎麼會有吸引力 麻痺的心麻痺的編劇 怎麼會讓人願意看到結局
留言（ 0 ） 最相關留言 所有留言
留言（ 0 ）",2026-09-08,,編輯推薦,True,False,
2026-09-11 14:01:12,realtime,folk,,,15,岩壁ROCKWALL,雨 acoustic,25,3281,17,https://streetvoice.com/ROCKWALL/songs/877344/,https://streetvoice.com/ROCKWALL/,"https://akstatic.streetvoice.com/song_covers/RO/CK/ROCKWALL/4xNc3zAFXWtD6hyxfDb7a9.jpg?x-oss-process=image/resize,m_fill,h_400,w_400,limit_0",images/877344.jpg,@ROCKWALL,音樂人,,,,2,50,2,,,https://www.youtube.com/user/StreetVoiceTV,,,Folk,,,,"內心的雨，比天空下得更久 - 造雨人員 作曲 Composer｜小P 作詞 Lyrics｜小P 製作人 Producer｜牛寶良 編曲 Arrangement｜葉秉豐Felix 人聲Vocal｜小P、葉秉豐Felix 吉他Guitar｜葉秉豐Felix 和聲編寫Backing Vocal & Arrangement｜葉秉豐Felix 錄音室 Recording Studio｜Akisnow Studio 錄音師Recording Engineer｜黃子誠Martin Huang 混音師 Mixing Engineer｜黃子誠Martin Huang 母帶後期處理 Mastering｜黃子誠Martin Huang 
內心的雨，比天空下得更久 - 造雨人員 作曲 Composer｜小P 作詞 Lyrics｜小P 製作人 Producer｜牛寶良 編曲 Arrangement｜葉秉豐Felix 人聲Vocal｜小P、葉秉豐Felix 吉他Guitar｜葉秉豐Felix 和聲編寫Backing Vocal & Arrangement｜葉秉豐Felix 錄音室 Recording Studio｜Akisnow Studio 錄音師Recording Engineer｜黃子誠Martin Huang 混音師 Mixing Engineer｜黃子誠Martin Huang 母帶後期處理 Mastering｜黃子誠Martin Huang","今天會下雨嗎 走出門肩膀濕了一塊 我不想躲在傘下 有沒有顯得自己比較特別 其實這些都沒關係 路邊的小花垂下身軀 像是在和我一起歡迎 這場大雨 大雨一直下可我的心 還沒癒合 我腐爛的心靈 該怎麼 今天會下雨嗎 走出門肩膀濕了一塊 我只想躲在傘下 反正沒顯得自己比較特別 其實這些都沒關係 路邊的小花垂下身軀 像是在在和我一起歡迎 這場大雨 大雨一直下可我的心 還沒癒合 我腐爛的心靈 該怎麼 今天會下雨嗎 走出門肩膀濕了一塊 
今天會下雨嗎 走出門肩膀濕了一塊 我不想躲在傘下 有沒有顯得自己比較特別
其實這些都沒關係 路邊的小花垂下身軀 像是在和我一起歡迎 這場大雨
大雨一直下可我的心 還沒癒合 我腐爛的心靈 該怎麼
今天會下雨嗎 走出門肩膀濕了一塊 我只想躲在傘下 反正沒顯得自己比較特別
其實這些都沒關係 路邊的小花垂下身軀 像是在在和我一起歡迎 這場大雨
大雨一直下可我的心 還沒癒合 我腐爛的心靈 該怎麼
今天會下雨嗎 走出門肩膀濕了一塊
留言（ 17 ） 最相關留言 所有留言
留言（ 17 ）",2026-08-31,,編輯推薦,True,False,
2026-09-11 14:01:12,realtime,folk,,,16,thisisyoyo,光透進來的地方,123,3484,58,https://streetvoice.com/thisisyoyo/songs/876432/,https://streetvoice.com/thisisyoyo/,"https://akstatic.streetvoice.com/song_covers/th/is/thisisyoyo/GiBnpGoxkqjcd4sym7EQ6T.jpg?x-oss-process=image/resize,m_fill,h_400,w_400,limit_0",images/876432.jpg,@thisisyoyo,音樂人,,,2021-07-02 15:39,66,5892,25,https://www.facebook.com/thisisyoyosham/,https://www.instagram.com/thisisyoyosham/,https://www.youtube.com/channel/UCXDeEdib9iL_RNqdZCsUc-w,【StreetVoice新歌週報】鹿洐人坐穩即時冠軍 吳獻溺在愛裡與世隔絕|||https://blow.streetvoice.com/56976/?utm_source=streetvoice&utm_medium=profile-news-block; 【StreetVoice新歌週報】ADEN、李權哲攻上熱門榜 美麗本人大嘻哈登台作上線|||https://blow.streetvoice.com/55862/?utm_source=streetvoice&utm_medium=profile-news-block; 回到香港灌錄首張粵語專輯 岑寧兒釋出〈風的形狀〉願給離家者一個擁抱|||https://blow.streetvoice.com/55791/?utm_source=streetvoice&utm_medium=profile-news-block,,Singer / Songwriter,,,,"這是岑寧兒為新專輯寫的第一首歌，以「金繼」為靈感起點，從裂痕中學習修復，讓光透進來，再塗上流金，流金再化成幾千里金沙，在廣闊無垠的天地中，再向前走。 回到台北，和港台樂手組成的樂隊，一起進行同步錄音；和張貝芝聯合監製，大大擴闊了岑寧兒的音樂圖譜。樂器和人聲陪伴彼此高低起伏，群唱疊加眾人心底裡的情緒，不止記錄了一個音樂現場，更像是用音樂拍了一部給耳朵聽的電影。 曲 Composer | 岑寧兒 Yoyo Sham 詞 Lyricist | 岑寧兒 Yoyo Sham 編 Arranger | 張貝芝 Joyce Cheung 監製 Producers | 張貝芝 Joyce Cheung   岑寧兒 Yoyo Sham 木吉他 Acoustic Guitar | 屠衡 Josh Tu 低音吉他 Bass | 黃德聰 Wong Tak Chung 鼓 Drums | Dean Li 和音編寫 Backing Vocals Arrangement | 岑寧兒 Yoyo Sham 和音演唱 Backing Vocals | 洪樂曦 Ivy Hung   宋正方 Rachel Sung 群唱 Crowd Vocals | Everyone at the studio 台北： 錄音 Recording Engineer | 單為明 Link Shan 錄音助理 Recording Assistant| 相云 Camille Chen   陳佳穎 Chen Chia Ying 錄音室 Recording Studio| 享亮音樂國際有限公司 Lights Up Studio Taipei 香港： 錄音 Recording Engineer | 介 錄音助理 Recording Assistant | 陳沁怡 Tsamchan 錄音室 Recording Studio | 雅旺錄音室 Avon Recording Studios 混音 Mixing Engineer | 單為明 Link Shan @Outer Space 母帶 Mastering Engineer | Jeff Lipton at Peerless Mastering, Boston, MA 
這是岑寧兒為新專輯寫的第一首歌，以「金繼」為靈感起點，從裂痕中學習修復，讓光透進來，再塗上流金，流金再化成幾千里金沙，在廣闊無垠的天地中，再向前走。 回到台北，和港台樂手組成的樂隊，一起進行同步錄音；和張貝芝聯合監製，大大擴闊了岑寧兒的音樂圖譜。樂器和人聲陪伴彼此高低起伏，群唱疊加眾人心底裡的情緒，不止記錄了一個音樂現場，更像是用音樂拍了一部給耳朵聽的電影。
曲 Composer | 岑寧兒 Yoyo Sham 詞 Lyricist | 岑寧兒 Yoyo Sham 編 Arranger | 張貝芝 Joyce Cheung 監製 Producers | 張貝芝 Joyce Cheung   岑寧兒 Yoyo Sham
木吉他 Acoustic Guitar | 屠衡 Josh Tu 低音吉他 Bass | 黃德聰 Wong Tak Chung 鼓 Drums | Dean Li
和音編寫 Backing Vocals Arrangement | 岑寧兒 Yoyo Sham 和音演唱 Backing Vocals | 洪樂曦 Ivy Hung   宋正方 Rachel Sung 群唱 Crowd Vocals | Everyone at the studio
台北： 錄音 Recording Engineer | 單為明 Link Shan 錄音助理 Recording Assistant| 相云 Camille Chen   陳佳穎 Chen Chia Ying 錄音室 Recording Studio| 享亮音樂國際有限公司 Lights Up Studio Taipei
香港： 錄音 Recording Engineer | 介 錄音助理 Recording Assistant | 陳沁怡 Tsamchan 錄音室 Recording Studio | 雅旺錄音室 Avon Recording Studios
混音 Mixing Engineer | 單為明 Link Shan @Outer Space 母帶 Mastering Engineer | Jeff Lipton at Peerless Mastering, Boston, MA","還在裂的痕 還未結的疤 一直在我胸口裡隱藏 已跌破的堅強 流失了所有期盼 容不下失望 破碎了的一片片 收起來的一點點 用我僅有的力氣握緊 不完整的心 默默踏出一步步 靜靜的一吸一呼 總有一天 終會修復 Yes, it hurts, it hurts, it hurts But I’ll heal, I’ll heal, I’ll heal I’ll heal 不一樣的形狀 曾殘缺的地方 偏偏透出光 雖然心臟還在痛 但是心臟還在跳 讓我為它的傷口填上 金色的希望 默默踏出一步步 靜靜的一吸一呼 只要繼續 都會過去 Yes, it hurts, it hurts, it hurts But I’ll heal, I’ll heal Yes, I will 
還在裂的痕 還未結的疤 一直在我胸口裡隱藏 已跌破的堅強 流失了所有期盼 容不下失望
破碎了的一片片 收起來的一點點 用我僅有的力氣握緊 不完整的心
默默踏出一步步 靜靜的一吸一呼 總有一天 終會修復
Yes, it hurts, it hurts, it hurts But I’ll heal, I’ll heal, I’ll heal I’ll heal
不一樣的形狀 曾殘缺的地方 偏偏透出光
雖然心臟還在痛 但是心臟還在跳 讓我為它的傷口填上 金色的希望
默默踏出一步步 靜靜的一吸一呼 只要繼續 都會過去
Yes, it hurts, it hurts, it hurts But I’ll heal, I’ll heal Yes, I will
留言（ 58 ） 最相關留言 所有留言
留言（ 58 ）",2026-08-25,,Song of the Day; 編輯推薦,True,True,
2026-09-11 14:01:12,realtime,folk,,,17,JDa,蒂芬妮 Tiffany the Pie (2026 Version),3,48,0,https://streetvoice.com/JDCACA/songs/878504/,https://streetvoice.com/JDCACA/,"https://akstatic.streetvoice.com/music_albums/JD/CA/JDCACA/bEiKiJRMMsdxsHGvRoKJmG.jpeg?x-oss-process=image/resize,m_fill,h_400,w_400,limit_0",images/878504.jpeg,@JDCACA,音樂人,台北市,2011-10-01,2026-08-19 10:18,40,617,30,,,https://www.youtube.com/user/StreetVoiceTV,阿布絲首度挑戰華語創作〈再見你一面〉 鍾興民製作、李竺芯指導配唱|||https://blow.streetvoice.com/89683/?utm_source=streetvoice&utm_medium=profile-news-block; JADE新專輯《Creeper》名稱來自「麥塊」的綠色怪物苦力怕？|||https://blow.streetvoice.com/78051/?utm_source=streetvoice&utm_medium=profile-news-block; SE SO NEON釋出睽違兩年新歌〈Kidd〉回歸 11/15來台開專場！|||https://blow.streetvoice.com/68801/?utm_source=streetvoice&utm_medium=profile-news-block,,Folk,DEMO(2020~ ),https://streetvoice.com/JDCACA/songs/album/97321777/,,"起源於有次吃到一塊不好吃的燕麥核桃派，開玩笑說這塊派難吃到會被排擠，順便幫它亂取了一個女高中生的英文名字。後來狀況很不好的時候，寫了這首歌，然後想起來之前開過的玩笑，想想覺得也很像在取笑自己。總之，現在看到這首歌的歌詞，會有種心有餘悸的感覺，天啊這個可憐的小傢伙，去找個諮商師吧！(我有 
起源於有次吃到一塊不好吃的燕麥核桃派，開玩笑說這塊派難吃到會被排擠，順便幫它亂取了一個女高中生的英文名字。後來狀況很不好的時候，寫了這首歌，然後想起來之前開過的玩笑，想想覺得也很像在取笑自己。總之，現在看到這首歌的歌詞，會有種心有餘悸的感覺，天啊這個可憐的小傢伙，去找個諮商師吧！(我有","酒醒的夜晚是一樣難以睡去 我的恐懼又再次取得勝利 祂憐憫地嘲笑著我沒有長進 總能搞砸一切就算手上的無敵 對我有興趣的那些人 最後都會失望得離開 因為我知道 我是個無趣的人 親愛的你 親愛的你 看見這樣的我 你會不會離去 走在這條自私而可笑的道路 沒有成就也不會有前途 每個夜晚都要重複著相同的恐懼 而這些恐懼說起來又是多麼的無聊 對我有興趣的那些人 最後都會失望得離開 因為我知道 我是個失敗的人 親愛的你 親愛的你 看見這樣的我 看見這樣的我 你會不會也離去 你會不會也離去 你會不會也離去 你會不會也離去 離去 離去 離去 離去 離去 離去 離去 離去 離去 離去 離去 離去 離去 離去 離去 離去 離去 離去 離去 離去 離去 離去 離去 離去 離去 離去 離去 離去 離去 離去 離去 離去 離去 離去 離去 
酒醒的夜晚是一樣難以睡去 我的恐懼又再次取得勝利 祂憐憫地嘲笑著我沒有長進 總能搞砸一切就算手上的無敵
對我有興趣的那些人 最後都會失望得離開 因為我知道 我是個無趣的人 親愛的你 親愛的你 看見這樣的我 你會不會離去
走在這條自私而可笑的道路 沒有成就也不會有前途 每個夜晚都要重複著相同的恐懼 而這些恐懼說起來又是多麼的無聊
對我有興趣的那些人 最後都會失望得離開 因為我知道 我是個失敗的人 親愛的你 親愛的你 看見這樣的我 看見這樣的我
你會不會也離去 你會不會也離去 你會不會也離去 你會不會也離去
離去 離去 離去 離去 離去 離去 離去 離去 離去 離去 離去 離去 離去 離去 離去 離去 離去 離去 離去 離去 離去 離去 離去 離去 離去 離去 離去 離去 離去 離去 離去 離去 離去 離去 離去
留言（ 0 ） 最相關留言 所有留言
留言（ 0 ）",2026-09-08,,編輯推薦,True,False,
2026-09-11 14:01:12,realtime,folk,,,18,Tanuki Maruina,Clock out Check out,1,95,0,https://streetvoice.com/boson321/songs/878502/,https://streetvoice.com/boson321/,"https://akstatic.streetvoice.com/song_covers/bo/so/boson321/CtXaTe4dsjtY4AoCP8i9jN.jpeg?x-oss-process=image/resize,m_fill,h_400,w_400,limit_0",images/878502.jpeg,@boson321,音樂人,,,,5,1,1,,,https://www.youtube.com/user/StreetVoiceTV,,,Singer / Songwriter,,,,"Song by Tanuki 給加班下班後不想直接回家的人。 週五下班，總有感覺還沒準備好回去。 逛超商、繞路走、坐在安和路運動酒吧裡看一場自己也不在乎的球賽，這首歌就是那段時間的配樂。 我把公司下班的 Clocked out 和 ""今晚放空""的 Checked out 放在一起唱，兩件事對我是一起發生的。 英文寫外面看到的東西：招牌、小七、酒吧、餐酒館每家店都客滿。日文的部分比較私人一點,我以前有一位交往很久的日本前任，也在那邊生活過一小段時間，一個人下班的那種空，真的走過幾次才會懂。所以我用最簡單、程度很低的日文(台灣人日文平均N1)，把當年下班路上心裡冒出來的那些句子寫進去腹減った、動けん、電車まだあるし、まぶしい是那種夜晚原本就只會蹦出這種等級的日文。中文我沒寫，倒是用台語寫了另一首。 副歌沒有變大聲、也沒有太多key shift，加班後的週五夜，不是拿來爆發的，比較像是慢慢消耗掉的（或者去Sappho Live Jazz聽一場Jam Session) 
Song by Tanuki
給加班下班後不想直接回家的人。
週五下班，總有感覺還沒準備好回去。 逛超商、繞路走、坐在安和路運動酒吧裡看一場自己也不在乎的球賽，這首歌就是那段時間的配樂。
我把公司下班的 Clocked out 和 ""今晚放空""的 Checked out 放在一起唱，兩件事對我是一起發生的。 英文寫外面看到的東西：招牌、小七、酒吧、餐酒館每家店都客滿。日文的部分比較私人一點,我以前有一位交往很久的日本前任，也在那邊生活過一小段時間，一個人下班的那種空，真的走過幾次才會懂。所以我用最簡單、程度很低的日文(台灣人日文平均N1)，把當年下班路上心裡冒出來的那些句子寫進去腹減った、動けん、電車まだあるし、まぶしい是那種夜晚原本就只會蹦出這種等級的日文。中文我沒寫，倒是用台語寫了另一首。
副歌沒有變大聲、也沒有太多key shift，加班後的週五夜，不是拿來爆發的，比較像是慢慢消耗掉的（或者去Sappho Live Jazz聽一場Jam Session)","Friday night Screen still glowing Eyes half shut One more hour 腹減った もう無理 なんか食べたい でも動けん メニュー見て もう一回 これにするか やっぱやめた Clocked out Checked out Low battery mode One more stop One more shot Still not going home Clocked out Checked out Nowhere to go No real plan No good reason Still not going home At the bar TV glow Someone else is cheering Wrong game Wrong league Not my MLB Maybe one drink Ice already melting Diet starts Some other Monday Jacket on the chair Phone face down Work is done Brain's still working Friends all ask Where we going Typed three dots Deleted the whole thing Every window full Every table taken Feet hurt bad Still not going home まだいい 早すぎ 電車は まだあるし だけどさ 動けん 足重い どこ行こう コンビニ まぶしい 帰らん 行く場所ない Clocked out Checked out Low battery mode Eyes still open Body shut down Still not going home One more street One more beat Seventeen goes on No real plan No good reason Still not going home Don't ask me Going nowhere Still online Not going home yet Clocked out Checked out Still not going home 
Friday night Screen still glowing Eyes half shut One more hour
腹減った もう無理 なんか食べたい でも動けん
メニュー見て もう一回 これにするか やっぱやめた
Clocked out Checked out Low battery mode
One more stop One more shot Still not going home
Clocked out Checked out Nowhere to go
No real plan No good reason Still not going home
At the bar TV glow Someone else is cheering
Wrong game Wrong league Not my MLB
Maybe one drink Ice already melting Diet starts Some other Monday
Jacket on the chair Phone face down Work is done Brain's still working
Friends all ask Where we going Typed three dots Deleted the whole thing
Every window full Every table taken Feet hurt bad Still not going home
まだいい 早すぎ 電車は まだあるし
だけどさ 動けん 足重い どこ行こう
コンビニ まぶしい 帰らん 行く場所ない
Clocked out Checked out Low battery mode
Eyes still open Body shut down Still not going home
One more street One more beat Seventeen goes on
No real plan No good reason Still not going home
Don't ask me Going nowhere Still online Not going home yet
Clocked out Checked out
Still not going home
留言（ 0 ） 最相關留言 所有留言
留言（ 0 ）",2026-09-08,,,False,False,
2026-09-11 14:01:12,realtime,folk,,,19,labere,天文氣候色彩學-Demo,70,4376,6,https://streetvoice.com/Chen_Wen_Yue/songs/875470/,https://streetvoice.com/Chen_Wen_Yue/,"https://akstatic.streetvoice.com/song_covers/Ch/en/Chen_Wen_Yue/hZtZ7YqpmtYaCzsicmqNtm.jpeg?x-oss-process=image/resize,m_fill,h_400,w_400,limit_0",images/875470.jpeg,@Chen_Wen_Yue,音樂人,台東縣,2018-04-01,2022-04-25 21:27,21,647,63,,https://www.instagram.com/labere_chen/,https://www.youtube.com/user/StreetVoiceTV,第二屆「街聲年度音樂趨勢大獎」擴大規模舉辦！邀張震嶽、熊仔、國國、鄭宜農擔任頒獎嘉賓|||https://blow.streetvoice.com/78673/?utm_source=streetvoice&utm_medium=profile-news-block; 金曲、金音前哨站，第二屆「𝙎𝙩𝙧𝙚𝙚𝙩𝙑𝙤𝙞𝙘𝙚 𝘼𝙬𝙖𝙧𝙙𝙨 街聲年度音樂趨勢大獎」公布全名單|||https://blow.streetvoice.com/78557/?utm_source=streetvoice&utm_medium=profile-news-block,,Folk,,,,"Lyrics: Pacak Music: LABERE Arrangement: LABERE 
Lyrics: Pacak Music: LABERE Arrangement: LABERE","紅色是你 毫無保留揮灑了自己 橘色是我 溫柔包裝所有不安定 黃色是你 就像太陽照亮這行星 綠色是我 草原咀嚼著地心引力 藍色是你 熱愛海洋跟風和日麗 紫色是我 幻想跟你一起被雨淋 當我心理複雜的像氣候 軀殼空蕩的像宇宙 你卻不在乎的擁抱我 當我不喜歡自己的時候 越脆弱 越希望被拯救 越倔強 越渴望被你的溫柔包裹 
紅色是你 毫無保留揮灑了自己
橘色是我 溫柔包裝所有不安定
黃色是你 就像太陽照亮這行星
綠色是我 草原咀嚼著地心引力
藍色是你 熱愛海洋跟風和日麗
紫色是我 幻想跟你一起被雨淋
當我心理複雜的像氣候
軀殼空蕩的像宇宙
你卻不在乎的擁抱我
當我不喜歡自己的時候
越脆弱 越希望被拯救
越倔強 越渴望被你的溫柔包裹
留言（ 6 ） 最相關留言 所有留言
留言（ 6 ）",2026-08-19,,編輯推薦,True,False,
2026-09-11 14:01:12,realtime,folk,,,20,阿隔,活成這樣也算幸運了,3,6,0,https://streetvoice.com/F_A_G14/songs/878797/,https://streetvoice.com/F_A_G14/,"https://akstatic.streetvoice.com/song_covers/F_/A_/F_A_G14/iQXFeX2KGD3YzW3kwEb3zA.jpg?x-oss-process=image/resize,m_fill,h_400,w_400,limit_0",images/878797.jpg,@F_A_G14,音樂人,新北市,2022-07-01,,2,16,,,,https://www.youtube.com/user/StreetVoiceTV,,,Singer / Songwriter,,,,"世界越溫暖，我越覺自己不堪… 以往總嚷嚷著…. 「希望我愛過跟愛過我的人， 全都能過得很好，我說的！」 這樣的我…真是大言不慚… 腦裡的想法很矛盾，說出來也很奢侈。 但對不起…我還是選擇活著 也許是還有掙扎的力氣，或者… 在某些角落還有些被擱置的不甘心 話說不全，揉進歌裡也寫不完… 但這滴眼淚，值得紀念… 因為好久好久…好久好久… 沒有過沒有目的的淚水流下來了 我愛你們 即便你們已經不愛我 
世界越溫暖，我越覺自己不堪… 以往總嚷嚷著…. 「希望我愛過跟愛過我的人， 全都能過得很好，我說的！」 這樣的我…真是大言不慚…
腦裡的想法很矛盾，說出來也很奢侈。 但對不起…我還是選擇活著 也許是還有掙扎的力氣，或者… 在某些角落還有些被擱置的不甘心
話說不全，揉進歌裡也寫不完… 但這滴眼淚，值得紀念… 因為好久好久…好久好久… 沒有過沒有目的的淚水流下來了
我愛你們 即便你們已經不愛我","動態歌詞
《活成這樣也算幸運了》 詞/曲：阿隔 唉 該跟誰說呢 這句話像不像在討拍了 覺得辛苦 跟誰比的呢 開始安慰自己 活著就會幾經波折 有過友情反目 家人心寒 情人愧歉離開 讓愛我的人傷心的佼佼者 說實話 我也算 活成這樣也算幸運了 在眾多脆弱中算堅強的 很多傷痛 不知不覺 結痂脫落了 沒有什麼過不去的 沒有什麼過不去的 對 學會自己對話了 問題的解答幾乎都套好的 還辛苦嗎 不敢想了 到頭來告訴自己 別說難過你沒資格 分不清朋友定義 家庭關係 愛情還再不再 想對我愛的人說聲辛苦了 心發顫 嘴發軟 活成這樣也算幸運了 在眾多脆弱中算堅強的 很多傷痛 不知不覺 結痂脫落了 沒有什麼過不去的 沒有什麼過不去的 活成這樣也算幸運了 在所有困難裡我放棄選擇 無視疤痕 沒血沒淚 把你們弄丟了 沒有什麼過不去的 對 沒有什麼過不去的 但為什麼 為什麼那麼痛呢 為什麼那麼痛呢 為什麼那麼痛呢 為什麼那麼痛呢 親愛的我 親愛的你 親愛的妳 親愛的祢 抱歉 我還活著 
《活成這樣也算幸運了》 詞/曲：阿隔
唉 該跟誰說呢 這句話像不像在討拍了 覺得辛苦 跟誰比的呢 開始安慰自己 活著就會幾經波折
有過友情反目 家人心寒 情人愧歉離開 讓愛我的人傷心的佼佼者 說實話 我也算
活成這樣也算幸運了 在眾多脆弱中算堅強的 很多傷痛 不知不覺 結痂脫落了 沒有什麼過不去的 沒有什麼過不去的
對 學會自己對話了 問題的解答幾乎都套好的 還辛苦嗎 不敢想了 到頭來告訴自己 別說難過你沒資格
分不清朋友定義 家庭關係 愛情還再不再 想對我愛的人說聲辛苦了 心發顫 嘴發軟
活成這樣也算幸運了 在眾多脆弱中算堅強的 很多傷痛 不知不覺 結痂脫落了 沒有什麼過不去的 沒有什麼過不去的
活成這樣也算幸運了 在所有困難裡我放棄選擇 無視疤痕 沒血沒淚 把你們弄丟了 沒有什麼過不去的 對 沒有什麼過不去的 但為什麼 為什麼那麼痛呢 為什麼那麼痛呢 為什麼那麼痛呢 為什麼那麼痛呢
親愛的我 親愛的你 親愛的妳 親愛的祢 抱歉 我還活著
留言（ 0 ） 最相關留言 所有留言
留言（ 0 ）",2026-09-10,,,False,False,
2026-09-11 14:01:12,realtime,folk,,,21,Sympo深波,BLUE(demo),9,307,2,https://streetvoice.com/Sympo_official/songs/878476/,https://streetvoice.com/Sympo_official/,"https://akstatic.streetvoice.com/song_covers/Sy/mp/Sympo_official/AynDNtprEJiQZfAgwEaTAn.jpg?x-oss-process=image/resize,m_fill,h_400,w_400,limit_0",images/878476.jpg,@Sympo_official,音樂人,,,,1,15,,,,https://www.youtube.com/user/StreetVoiceTV,,,Singer / Songwriter,,,大喆Griffin Hsu,,"I thought there was more time But it’s time to say goodbye And I can’t get you out of my mind Oh why it’s so easy for you I cannot resist it it’s true And all my days just feels so blue It’s blue The part you never knew Our connection is broken memories we’ve woven are fading unspoken Everything just feels so Blue I cannot tell the truth Something just can’t be fixed The silence in between Everything just feels so blue 
I thought there was more time But it’s time to say goodbye And I can’t get you out of my mind Oh why it’s so easy for you I cannot resist it it’s true And all my days just feels so blue
It’s blue The part you never knew Our connection is broken memories we’ve woven are fading unspoken Everything just feels so Blue I cannot tell the truth Something just can’t be fixed The silence in between Everything just feels so blue
留言（ 2 ） 最相關留言 所有留言
留言（ 2 ）",2026-09-08,,,False,False,
2026-09-11 14:01:12,realtime,folk,,,22,小J 陳建志,暗暝仔睏袂去 (Demo),4,187,0,https://streetvoice.com/JasonChen_121/songs/877864/,https://streetvoice.com/JasonChen_121/,"https://akstatic.streetvoice.com/music_albums/Ja/so/JasonChen_121/c7Em57G4CodEwEBot3zx9n.jpeg?x-oss-process=image/resize,m_fill,h_400,w_400,limit_0",images/877864.jpeg,@JasonChen_121,音樂人,,,,1,2,5,,,https://www.youtube.com/user/StreetVoiceTV,,,Folk,Demos,https://streetvoice.com/JasonChen_121/songs/album/97325794/,,"詞曲：小J 
詞曲：小J","暗暝仔睏袂去 我想欲揣你 驚會去擾亂 你的生活 你講 無要緊 一等閣是幾點鐘 日頭閣升起 明仔的日子 若無揣到你 規工嘛是浪費 
暗暝仔睏袂去 我想欲揣你 驚會去擾亂 你的生活 你講 無要緊
一等閣是幾點鐘 日頭閣升起 明仔的日子 若無揣到你 規工嘛是浪費
留言（ 0 ） 最相關留言 所有留言
留言（ 0 ）",2026-09-04,,編輯推薦,True,False,
2026-09-11 14:01:12,realtime,folk,,,23,邱淑蟬,無爭,5,248,0,https://streetvoice.com/shuchan_chiu/songs/876874/,https://streetvoice.com/shuchan_chiu/,"https://akstatic.streetvoice.com/song_covers/sh/uc/shuchan_chiu/P8ZUdjzjkUSLk62cYXkMae.jpeg?x-oss-process=image/resize,m_fill,h_400,w_400,limit_0",images/876874.jpeg,@shuchan_chiu,音樂人,,,2021-10-08 15:18,6,575,6,https://www.facebook.com/shuchanchiu1997,https://www.instagram.com/enidisme_music/,https://www.youtube.com/user/StreetVoiceTV,邱淑蟬攜EP《無爭》展開Livehouse巡迴 首度以樂團編制登場|||https://blow.streetvoice.com/90134/?utm_source=streetvoice&utm_medium=profile-news-block; 邱淑蟬邀製作人蕭賀碩、大象體操涂嘉欽 打造全新EP《無爭》|||https://blow.streetvoice.com/89185/?utm_source=streetvoice&utm_medium=profile-news-block; 邱淑蟬攜手鄭寶欣、好日、樂凡 打造跨國多語單曲〈定定仔行〉|||https://blow.streetvoice.com/84993/?utm_source=streetvoice&utm_medium=profile-news-block,,Folk,無爭 Metamorphosing,https://streetvoice.com/shuchan_chiu/songs/album/97325992/,,"詞曲 Lyricist＆Composer｜邱淑蟬 Shuchan Chiu 製作人 Producer｜蕭賀碩 Shuo Hsiao 編曲 Music Arranger｜ 鄭嘉富 Cheng Chia Fu、大頭 DaTone、陳啟原 Curtis Chan、蕭賀碩 Shuo Hsiao 鼓 Drums｜鄭嘉富 Cheng Chia Fu 貝斯 Bass｜大頭 DaTone 電吉他 E. Guitar｜陳啟原 Curtis Chan 人聲錄音工程師及錄音室 Vocal Recording Engineer＆Studio｜陳以霖 Yi-Lin Chen @大小眼錄音室Twin Eyes Studio 錄音工程師及錄音室 Recording Engineer＆Studio｜蔡周翰 Chou-Han Tsay、于世政 Shin-Cheng Yu @Lights Up Studio 助理錄音工程師及錄音室 Assistant Recording Engineer & Studio｜陳佳穎 Chia-Ying Chen  @Lights Up Studio 混音工程師 Mixing Engineer｜林正忠 Jerry Lin @Robot Studio 母帶後期處理工程師及錄音室 Mastering Engineer ＆ Studio｜孫仲舒 Chung-Shu Sun@鈺德科技 U-Tech MT Studio 母帶後期處理製作人 Mastering Producer｜蕭賀碩 Shuo Hsiao 企劃宣傳 Project Planning & Promotion｜曾楚芳 Matilda Tseng 視覺設計 Visual Designer｜周雨衛 Viter Chou、謝沛宸 Anmy Hsieh 平面攝影 Photographer｜柳妘儒 Yunju Liu 攝影助理 Photographer Assistant｜陳泱丞 Dozz Chen 攝影燈光 Photographer Gaffer｜Jeremii Fan 妝髮 Hair＆Makeup｜鍾其甫Ooioh 妝髮助理 Hair＆Makeup Assistant｜陳姿秀 Heena Chen 客語歌詞校正 Language counselor of Hakka lyrics｜鄭育淇 
詞曲 Lyricist＆Composer｜邱淑蟬 Shuchan Chiu 製作人 Producer｜蕭賀碩 Shuo Hsiao 編曲 Music Arranger｜ 鄭嘉富 Cheng Chia Fu、大頭 DaTone、陳啟原 Curtis Chan、蕭賀碩 Shuo Hsiao 鼓 Drums｜鄭嘉富 Cheng Chia Fu 貝斯 Bass｜大頭 DaTone 電吉他 E. Guitar｜陳啟原 Curtis Chan 人聲錄音工程師及錄音室 Vocal Recording Engineer＆Studio｜陳以霖 Yi-Lin Chen @大小眼錄音室Twin Eyes Studio 錄音工程師及錄音室 Recording Engineer＆Studio｜蔡周翰 Chou-Han Tsay、于世政 Shin-Cheng Yu @Lights Up Studio 助理錄音工程師及錄音室 Assistant Recording Engineer & Studio｜陳佳穎 Chia-Ying Chen  @Lights Up Studio 混音工程師 Mixing Engineer｜林正忠 Jerry Lin @Robot Studio
母帶後期處理工程師及錄音室 Mastering Engineer ＆ Studio｜孫仲舒 Chung-Shu Sun@鈺德科技 U-Tech MT Studio 母帶後期處理製作人 Mastering Producer｜蕭賀碩 Shuo Hsiao 企劃宣傳 Project Planning & Promotion｜曾楚芳 Matilda Tseng 視覺設計 Visual Designer｜周雨衛 Viter Chou、謝沛宸 Anmy Hsieh 平面攝影 Photographer｜柳妘儒 Yunju Liu 攝影助理 Photographer Assistant｜陳泱丞 Dozz Chen 攝影燈光 Photographer Gaffer｜Jeremii Fan 妝髮 Hair＆Makeup｜鍾其甫Ooioh 妝髮助理 Hair＆Makeup Assistant｜陳姿秀 Heena Chen 客語歌詞校正 Language counselor of Hakka lyrics｜鄭育淇","早餐也可以是晚餐 午安也可以是早安 不然 你想怎樣 做得講話蓋大聲 我可以講話很大聲 ngaiˇ zo dedˋ gongˋfa goi tai sangˊ 嘛做得歸日毋講話 也可以整天不說話 maˇ zo dedˋguiˊ ngidˋmˇ gongˋfa 想過麼个生活 撖你無爭 想過什麼樣的生活 與你無關 xiongˋ go maˋge senˊ fad ganˋ nˇ moˇ zangˊ 試看仔橫倒有一痛 試試看跌倒有多痛 cii kon eˋvang doˋ iuˊ idˋ tung 試看仔相信若腳步 試試看相信你的腳步 cii kon eˋxiongˊ xin ngiaˊ giogˋ pu 落雨就去大路項跳舞 下雨就去大路上跳舞 log iˋ qiu hi tai lu hong tiau vuˋ 試看仔自信有一重 試試看自信有多重 cii kon eˋ cii xin iuˊ idˋ cungˊ 試看仔毋堪身分 試試看不知好歹 cii kon eˋmˇ kamˊ siinˊfun 這下亻厓做主 現在我作主 iaˋ ha ngaiˇ zo zuˋ 
早餐也可以是晚餐 午安也可以是早安 不然 你想怎樣
做得講話蓋大聲 我可以講話很大聲 ngaiˇ zo dedˋ gongˋfa goi tai sangˊ
嘛做得歸日毋講話 也可以整天不說話 maˇ zo dedˋguiˊ ngidˋmˇ gongˋfa
想過麼个生活 撖你無爭 想過什麼樣的生活 與你無關 xiongˋ go maˋge senˊ fad ganˋ nˇ moˇ zangˊ
試看仔橫倒有一痛 試試看跌倒有多痛 cii kon eˋvang doˋ iuˊ idˋ tung
試看仔相信若腳步 試試看相信你的腳步 cii kon eˋxiongˊ xin ngiaˊ giogˋ pu
落雨就去大路項跳舞 下雨就去大路上跳舞 log iˋ qiu hi tai lu hong tiau vuˋ
試看仔自信有一重 試試看自信有多重 cii kon eˋ cii xin iuˊ idˋ cungˊ
試看仔毋堪身分 試試看不知好歹 cii kon eˋmˇ kamˊ siinˊfun
這下亻厓做主 現在我作主 iaˋ ha ngaiˇ zo zuˋ
留言（ 0 ） 最相關留言 所有留言
留言（ 0 ）",2026-08-28,,編輯推薦,True,False,
2026-09-11 14:01:12,realtime,folk,,,24,61 Lewis,夢 demo,4,100,1,https://streetvoice.com/blue_bar_53t/songs/877827/,https://streetvoice.com/blue_bar_53t/,"https://akstatic.streetvoice.com/song_covers/bl/ue/blue_bar_53t/h495GqMDhCnsi5XRutt24p.jpg?x-oss-process=image/resize,m_fill,h_400,w_400,limit_0",images/877827.jpg,@blue_bar_53t,音樂人,,,,10,15,1,,,https://www.youtube.com/user/StreetVoiceTV,「2025 浪人祭」10/17、18台南安平登場！全數陣容、場域圖、時間表大公開|||https://blow.streetvoice.com/83860/?utm_source=streetvoice&utm_medium=profile-news-block; 2025「浪人祭」揭曉特別企劃：温昇豪驚喜現身「浪人塾」、「浪漫巴士」伍悅ＸFunkyMo擔任車掌|||https://blow.streetvoice.com/83430/?utm_source=streetvoice&utm_medium=profile-news-block; 【StreetVoice新歌週報】January vol.4|||https://blow.streetvoice.com/43458/?utm_source=streetvoice&utm_medium=profile-news-block,,Singer / Songwriter,,,,"戰爭失去家園、家人的人 
戰爭失去家園、家人的人","新的一天 又有新的念頭 一個人穿梭在熱鬧的街 天空降下來的雨很冷漠 偶然又聽見那熟悉的歌 啊 又想回到房間 莫名我走不到下個路口 莫名我停不下眼中的淚 不曾停過的雨依然冷漠 偶然又聽見那熟悉的歌 啊 我的家在哪邊 嗚 又想起你 你在哪裏 家在哪裡 我依然在夢中 尋找你 我依然在雲中 尋找你 這都是夢 這都是夢 這都是夢 這不是夢 這不是夢 這不是夢 
新的一天 又有新的念頭 一個人穿梭在熱鬧的街 天空降下來的雨很冷漠 偶然又聽見那熟悉的歌 啊 又想回到房間
莫名我走不到下個路口 莫名我停不下眼中的淚 不曾停過的雨依然冷漠 偶然又聽見那熟悉的歌 啊 我的家在哪邊
嗚 又想起你 你在哪裏 家在哪裡
我依然在夢中 尋找你 我依然在雲中 尋找你
這都是夢 這都是夢 這都是夢 這不是夢 這不是夢 這不是夢
留言（ 1 ） 最相關留言 所有留言
留言（ 1 ）",2026-09-03,,編輯推薦,True,False,
2026-09-11 14:01:12,realtime,folk,,,25,Min,《還沒被聽見的歌兒們｜05》生氣它不聽話,1,4,0,https://streetvoice.com/MiGi2014/songs/878850/,https://streetvoice.com/MiGi2014/,"https://akstatic.streetvoice.com/song_covers/Mi/Gi/MiGi2014/HmgzxqdkH8cWcupWnnpUSs.jpeg?x-oss-process=image/resize,m_fill,h_400,w_400,limit_0",images/878850.jpeg,@MiGi2014,音樂人,苗栗縣,2014-01-01,,8,7,25,,,https://www.youtube.com/user/StreetVoiceTV,新生代金屬樂團乙水推出EP《Minus》9/19參戰「壞兒來福」企劃|||https://blow.streetvoice.com/90102/?utm_source=streetvoice&utm_medium=profile-news-block; 黃宇寒Han宣布8月底巡迴開跑 與Suming舒米恩、雷擎、張伍、COPAK樂團主唱Wing合體演出|||https://blow.streetvoice.com/89450/?utm_source=streetvoice&utm_medium=profile-news-block; Balming Tiger發行二專《Gongbu》 新歌〈Keep On〉由Pennacky執導七分鐘影像|||https://blow.streetvoice.com/87876/?utm_source=streetvoice&utm_medium=profile-news-block,,Folk,,,,"2021年的創作，當時因為聽了一首尋人啟事的歌，發覺把情緒具象化是很有趣的嘗試，所以忍不住試試看！ 想不到當時的吉他老師說，難得我的詞寫得很有靈魂～他也覺得有趣而用其他的旋律另外寫了一ˋ首、最後還讓他的學生在社團成發時拿來演出！（笑 
2021年的創作，當時因為聽了一首尋人啟事的歌，發覺把情緒具象化是很有趣的嘗試，所以忍不住試試看！
想不到當時的吉他老師說，難得我的詞寫得很有靈魂～他也覺得有趣而用其他的旋律另外寫了一ˋ首、最後還讓他的學生在社團成發時拿來演出！（笑","無預無警 無聲無息 就出現在 日常縫隙 無須陽光 無須空氣 安穩住在 快樂的隔壁 生氣啊 你說你呀很依賴我維繫 你的生命 雖然短暫卻很華麗 像風暴侵襲 晴陰下雨 白天夜裡 足跡隱匿 不留痕跡 呼吸銳利 起伏背影 有個聲音 誰驚動了你 我試圖用盡全力 也要 拉著 阻著 擋著 但卻不小心鬆手 讓你又墜落 意識失重的漩渦 對不起 我還沒有消化 理智和尊嚴打架 只好裝作沒想法 請無視我的臭臉和空洞的眼神哪 我真的不是故意的啊 像週期性變化 就當作在面對個小孩不聽話 原諒我的反省有時差 生氣它不聽話 生氣它不聽話 
無預無警 無聲無息 就出現在 日常縫隙 無須陽光 無須空氣 安穩住在 快樂的隔壁
生氣啊 你說你呀很依賴我維繫 你的生命 雖然短暫卻很華麗 像風暴侵襲
晴陰下雨 白天夜裡 足跡隱匿 不留痕跡 呼吸銳利 起伏背影 有個聲音 誰驚動了你
我試圖用盡全力 也要 拉著 阻著 擋著 但卻不小心鬆手 讓你又墜落 意識失重的漩渦
對不起 我還沒有消化 理智和尊嚴打架 只好裝作沒想法 請無視我的臭臉和空洞的眼神哪 我真的不是故意的啊 像週期性變化 就當作在面對個小孩不聽話 原諒我的反省有時差
生氣它不聽話 生氣它不聽話
留言（ 0 ） 最相關留言 所有留言
留言（ 0 ）",2026-09-10,,,False,False,
2026-09-11 14:01:12,realtime,folk,,,26,David Wei 魏品勻,方向,5,108,0,https://streetvoice.com/davidwei/songs/877700/,https://streetvoice.com/davidwei/,"https://akstatic.streetvoice.com/music_albums/da/vi/davidwei/3EiUUDNKUwPHnbGyQq44Rb.jpeg?x-oss-process=image/resize,m_fill,h_400,w_400,limit_0",images/877700.jpeg,@davidwei,音樂人,台北市,2014-06-01,2023-01-13 16:29,17,121,22,https://www.facebook.com/davidwei0201?mibextid=LQQJ4d,https://instagram.com/davidwei0201,https://youtube.com/@alicegood36,,,Singer / Songwriter,還好我們都被生出來了,https://streetvoice.com/davidwei/songs/album/97326020/,,"已經疲於假裝知道自己要去哪 我找不到方向 我是不是浪費著自己的光? ⌁⌁⌁·⌁⌁⌁·✧⌁⌁⌁·⌁⌁⌁· //音樂製作名單 Music Credits// 詞 Lyricist｜魏品勻David Wei 曲 Composer｜魏品勻David Wei 製作人 Producer｜羅弘宇 Hong-Yu Lo 、魏品勻David Wei 編曲 Arrangement｜羅弘宇 Hong-Yu Lo 木吉他 Acoustic Guitar｜羅弘宇 Hong-Yu Lo 電吉他 Electric Guitar｜陳品嘉 Angus Chen、羅弘宇 Hong-Yu Lo 電貝斯 Bass｜許庭耀 Rax Hsu 和聲 Backing Vocals｜魏品勻David Wei 混音工程師 Mixing Engineer｜吳昱陞 Sam Wu 母帶工程師 Mastering Engineer｜Thomas Chuang 母帶後期錄音室 Mastering Studio｜Sketch Studio 
已經疲於假裝知道自己要去哪 我找不到方向 我是不是浪費著自己的光?
⌁⌁⌁·⌁⌁⌁·✧⌁⌁⌁·⌁⌁⌁·
//音樂製作名單 Music Credits//
詞 Lyricist｜魏品勻David Wei 曲 Composer｜魏品勻David Wei 製作人 Producer｜羅弘宇 Hong-Yu Lo 、魏品勻David Wei 編曲 Arrangement｜羅弘宇 Hong-Yu Lo 木吉他 Acoustic Guitar｜羅弘宇 Hong-Yu Lo 電吉他 Electric Guitar｜陳品嘉 Angus Chen、羅弘宇 Hong-Yu Lo 電貝斯 Bass｜許庭耀 Rax Hsu 和聲 Backing Vocals｜魏品勻David Wei 混音工程師 Mixing Engineer｜吳昱陞 Sam Wu 母帶工程師 Mastering Engineer｜Thomas Chuang 母帶後期錄音室 Mastering Studio｜Sketch Studio","北極星在哪呢 也許 抬頭望 他就在那 只是我認不出它 太陽升起落下 而我 在一團迷霧裡 浪費著陽光 隨著日月推移 我反覆地偏執的找尋著你說的屬於我的光芒 在一生一次的旅途裡 我還是 找不到方向 找不到方向 找不到方向 北極星在哪呢 也許 抬頭望 他就在那 只是我認不出它 太陽升起落下 而我 在一團迷霧裡 浪費著陽光 隨著日月推移 我反覆地偏執的找尋著你說的屬於我的光芒 在一生一次的旅途裡 我還是 找不到方向 找不到方向 找不到方向 我是不是浪費著光 無助地在夢裡張望 我找不到方向 
北極星在哪呢 也許 抬頭望 他就在那 只是我認不出它 太陽升起落下 而我 在一團迷霧裡 浪費著陽光
隨著日月推移 我反覆地偏執的找尋著你說的屬於我的光芒 在一生一次的旅途裡 我還是
找不到方向 找不到方向 找不到方向
北極星在哪呢 也許 抬頭望 他就在那 只是我認不出它 太陽升起落下 而我 在一團迷霧裡 浪費著陽光
隨著日月推移 我反覆地偏執的找尋著你說的屬於我的光芒 在一生一次的旅途裡 我還是
找不到方向 找不到方向 找不到方向
我是不是浪費著光 無助地在夢裡張望 我找不到方向
留言（ 0 ） 最相關留言 所有留言
留言（ 0 ）",2026-09-04,,編輯推薦,True,False,
2026-09-11 14:01:12,realtime,folk,,,27,JDa,我不希望這只是一個笑話 Ain&#x27;t no Joke,3,48,0,https://streetvoice.com/JDCACA/songs/877429/,https://streetvoice.com/JDCACA/,"https://akstatic.streetvoice.com/music_albums/JD/CA/JDCACA/bEiKiJRMMsdxsHGvRoKJmG.jpeg?x-oss-process=image/resize,m_fill,h_400,w_400,limit_0",images/877429.jpeg,@JDCACA,音樂人,台北市,2011-10-01,2026-08-19 10:18,40,617,30,,,https://www.youtube.com/user/StreetVoiceTV,阿布絲首度挑戰華語創作〈再見你一面〉 鍾興民製作、李竺芯指導配唱|||https://blow.streetvoice.com/89683/?utm_source=streetvoice&utm_medium=profile-news-block; JADE新專輯《Creeper》名稱來自「麥塊」的綠色怪物苦力怕？|||https://blow.streetvoice.com/78051/?utm_source=streetvoice&utm_medium=profile-news-block; SE SO NEON釋出睽違兩年新歌〈Kidd〉回歸 11/15來台開專場！|||https://blow.streetvoice.com/68801/?utm_source=streetvoice&utm_medium=profile-news-block,,Singer / Songwriter,DEMO(2020~ ),https://streetvoice.com/JDCACA/songs/album/97321777/,,"這首歌算是悲哀火鍋店的二部曲。曾經帶著破壞與報復的心態，想把慘劇寫成一首胡鬧搞笑的歌舞秀，老實說一開始滿成功的，但是後來冷靜下來的我，發現嘲笑的力道，終究會回到自己曾經很喜歡對方的真心上面。所以好像不需要這樣自虐齁！於是就寫了這首歌。 
這首歌算是悲哀火鍋店的二部曲。曾經帶著破壞與報復的心態，想把慘劇寫成一首胡鬧搞笑的歌舞秀，老實說一開始滿成功的，但是後來冷靜下來的我，發現嘲笑的力道，終究會回到自己曾經很喜歡對方的真心上面。所以好像不需要這樣自虐齁！於是就寫了這首歌。","我不希望 這只是一個笑話 難道沒有別種說法 這無聊的城市 尋找無聊的可能性 也許還是 會在結束的時候 失望了 我不希望 這只是一個笑話 難道沒有別的答案 這樣的結局 這樣的難堪 也許才是我真正傷心 喔我 我自憐自棄的恨 終究來自對你 一廂情願浪漫的想像 可是啊 自己的想像 不該由你來回答 浪漫其實是不對自己負責的藉口 不希望！不希望！ 不希望這只是個笑話！ 不希望！不希望！ 我不希望 這只是一個笑話 我不希望 我不希望 
我不希望 這只是一個笑話 難道沒有別種說法 這無聊的城市 尋找無聊的可能性 也許還是 會在結束的時候 失望了
我不希望 這只是一個笑話 難道沒有別的答案 這樣的結局 這樣的難堪 也許才是我真正傷心
喔我 我自憐自棄的恨 終究來自對你 一廂情願浪漫的想像 可是啊 自己的想像 不該由你來回答 浪漫其實是不對自己負責的藉口
不希望！不希望！ 不希望這只是個笑話！ 不希望！不希望！
我不希望 這只是一個笑話 我不希望 我不希望
留言（ 0 ） 最相關留言 所有留言
留言（ 0 ）",2026-09-01,,編輯推薦,True,False,
2026-09-11 14:01:12,realtime,folk,,,28,David Wei 魏品勻,沒關係,2,50,0,https://streetvoice.com/davidwei/songs/877695/,https://streetvoice.com/davidwei/,"https://akstatic.streetvoice.com/music_albums/da/vi/davidwei/3EiUUDNKUwPHnbGyQq44Rb.jpeg?x-oss-process=image/resize,m_fill,h_400,w_400,limit_0",images/877695.jpeg,@davidwei,音樂人,台北市,2014-06-01,2023-01-13 16:29,17,121,22,https://www.facebook.com/davidwei0201?mibextid=LQQJ4d,https://instagram.com/davidwei0201,https://youtube.com/@alicegood36,,,Singer / Songwriter,還好我們都被生出來了,https://streetvoice.com/davidwei/songs/album/97326020/,,"所謂的長大 應該就是承擔起所做的每個選擇吧 沒關係，你已經做得很好了 剩下的就讓我們一起慢慢練習 沒關係 ⌁⌁⌁·⌁⌁⌁·🩹⌁⌁⌁·⌁⌁⌁· //音樂製作名單 Music Credits// 詞 Lyricist｜魏品勻David Wei 曲 Composer｜魏品勻David Wei 製作人 Producer｜林均憲 Shan Lin 編曲 Arrangement｜林均憲 Shan Lin、羅弘宇 Hong-Yu Lo 木吉他 Acoustic Guitar｜羅弘宇 Hong-Yu Lo 大提琴 Cello｜黃佩琪 Peggy Huang 和聲 Backing Vocals｜魏品勻David Wei 合唱 Chorus｜品勻家人 Family 錄音工程師 Recording Engineer｜林均憲 Shan Lin 混音工程師 Mixing Engineer｜林均憲 Shan Lin 母帶工程師 Mastering Engineer｜Thomas Chuang 母帶後期錄音室 Mastering Studio｜Sketch Studio 
所謂的長大 應該就是承擔起所做的每個選擇吧
沒關係，你已經做得很好了 剩下的就讓我們一起慢慢練習
沒關係
⌁⌁⌁·⌁⌁⌁·🩹⌁⌁⌁·⌁⌁⌁·
//音樂製作名單 Music Credits//
詞 Lyricist｜魏品勻David Wei 曲 Composer｜魏品勻David Wei 製作人 Producer｜林均憲 Shan Lin 編曲 Arrangement｜林均憲 Shan Lin、羅弘宇 Hong-Yu Lo 木吉他 Acoustic Guitar｜羅弘宇 Hong-Yu Lo 大提琴 Cello｜黃佩琪 Peggy Huang 和聲 Backing Vocals｜魏品勻David Wei 合唱 Chorus｜品勻家人 Family 錄音工程師 Recording Engineer｜林均憲 Shan Lin 混音工程師 Mixing Engineer｜林均憲 Shan Lin 母帶工程師 Mastering Engineer｜Thomas Chuang 母帶後期錄音室 Mastering Studio｜Sketch Studio","所有的選擇啊 都努力承擔啦 但那些結了痂的疙瘩依然還 擱在那 所謂的人生啊 沒有標準回答 幸好那些都是只屬於自己的啊 還能擁抱的吧 只需要 一句話 沒關係我們一起 沒關係告訴自己 沒關係很快就天明 沒關係 所有的問與答 或平和或尷尬 但也許解藥就是藏在胸口的 真心話 所謂的人生啊 沒有標準回答 至少活得更貼近自己想要的啊 還能擁抱的吧 只需要 一句話 沒關係我們一起 沒關係告訴自己 沒關係很快就天明 沒關係我們一起 沒關係告訴自己 沒關係有我陪著你 太過樂觀那又如何 那麼多傷痕 得要多謹慎 光是存在就很了不起了 相遇是如此難能可貴 沒有時間浪費 沒關係我們一起 沒關係告訴自己 沒關係很快就天明 沒關係我們一起 沒關係告訴自己 沒關係有我陪著你 沒關係我們一起 沒關係告訴自己 沒關係很快就天明 沒關係我們一起 沒關係告訴自己 沒關係有我陪著你 沒關係我們一起 沒關係慢慢練習 沒關係你已經很努力 沒關係 
所有的選擇啊 都努力承擔啦 但那些結了痂的疙瘩依然還 擱在那 所謂的人生啊 沒有標準回答 幸好那些都是只屬於自己的啊 還能擁抱的吧 只需要 一句話
沒關係我們一起 沒關係告訴自己 沒關係很快就天明 沒關係
所有的問與答 或平和或尷尬 但也許解藥就是藏在胸口的 真心話 所謂的人生啊 沒有標準回答 至少活得更貼近自己想要的啊 還能擁抱的吧 只需要 一句話
沒關係我們一起 沒關係告訴自己 沒關係很快就天明 沒關係我們一起 沒關係告訴自己 沒關係有我陪著你
太過樂觀那又如何 那麼多傷痕 得要多謹慎 光是存在就很了不起了 相遇是如此難能可貴 沒有時間浪費
沒關係我們一起 沒關係告訴自己 沒關係很快就天明 沒關係我們一起 沒關係告訴自己 沒關係有我陪著你
沒關係我們一起 沒關係告訴自己 沒關係很快就天明 沒關係我們一起 沒關係告訴自己 沒關係有我陪著你
沒關係我們一起 沒關係慢慢練習 沒關係你已經很努力 沒關係
留言（ 0 ） 最相關留言 所有留言
留言（ 0 ）",2026-09-04,,編輯推薦,True,False,
2026-09-11 14:01:12,realtime,folk,,,29,Niki the Unicorn,"(Live Band) Me, Myself &amp; I",1,3,0,https://streetvoice.com/niki_yuwen/songs/877878/,https://streetvoice.com/niki_yuwen/,"https://akstatic.streetvoice.com/song_covers/ni/ki/niki_yuwen/WwucPVZtA6HxH5kcM83zJ9.jpeg?x-oss-process=image/resize,m_fill,h_400,w_400,limit_0",images/877878.jpeg,@niki_yuwen,音樂人,台北市,2024-05-01,2024-09-18 10:15,48,903,14,,https://www.instagram.com/niki.theunicorn/,https://www.youtube.com/@niki.theunicorn,Niki the Unicorn推出第6張專輯《Almost Maybes》 2/7野地方辦發片專場|||https://blow.streetvoice.com/85741/?utm_source=streetvoice&utm_medium=profile-news-block; Niki the Unicorn發行全新EP《Reckless Driver in a Cadillac》 5/14將於台北Revolver舉辦首場專場|||https://blow.streetvoice.com/79907/?utm_source=streetvoice&utm_medium=profile-news-block; 【吹專訪】我做了張專輯回應前任的冷暴力——Niki談《傲慢與偏見》：「如果不想被這樣的字句紀念，就不要給我這種靈感吧。」|||https://blow.streetvoice.com/78311/?utm_source=streetvoice&utm_medium=profile-news-block,,Singer / Songwriter,Live Collections : I,https://streetvoice.com/niki_yuwen/songs/album/97326024/,,"吉他: CW Sun 貝斯: 陳柏宏 鼓手: 張育齊 我知道我會沒事的 這也不是我的第一次挫敗了 但我會是你看過提著購物袋 卻最難過的女生了 這麼多的憤怒擠在這些骨肉裡 這麼多的疑問擠在這個身體裡 因為當愛死了 它會到哪去呢? 現在我碎碎念、寫著歌、詛咒著他 白天喝酒 想著「真的是我的問題嗎？」 信用卡跟理智都刷爆了 卻不敢到羞恥 因為也許物質真的不會是我需要的吧 我也想停下腳步好好看看周遭 但心裡已經死了 看了又能如何 我是不是給予他們太多權利了？ 我寫著沒有辦法實現的故事 我寫著歌來尋求平靜 失敗又如何呢？ 反正每次的失敗都能合理化的 你不能說你了解我 因為我了解的只有要好好活著 想成為我嚮往的那種大人 卻讓我變得隻身一人 我只是個很普通的女生 我也並沒有想改變這個世界 畢竟它不會更糟或更好了 我能好好收拾自己支離破碎的狀態 也能像海賊一樣在大洋間翱翔 但這樣的樂觀也是種詛咒吧 現在我討好著他們、卑躬屈膝著 無視著在我眼前發生的事情 所以我裝笨、裝得有趣 裝作女生該有的文靜樣子來觀察事情來由 但我在水溝邊抓著自己的頭髮 給了我身體這麼多的負擔只為了感到活著 自己到底屬不屬於這個世界呢？ 我寫著沒有辦法實現的故事 我寫著歌來尋求平靜 失敗又如何呢？ 反正每次的失敗都能合理化的 你不能說你了解我 因為我了解的只有要好好活著 想成為我嚮往的那種大人 卻讓我變得隻身一人 我在街上羞澀 在床上大露骨 他們也還是能質疑我的忠誠 又說我太過精明、太過善良 求著那些我不應該感到抱歉的人 他們能夠定義各種標籤與八卦 我也能跟著演戲 讓我的肺付出代價 因為我知道還不到放棄的時候 我寫著沒有辦法實現的故事 我寫著歌來尋求平靜 失敗又如何呢？ 反正每次的失敗都能合理化的 你不能說你了解我 因為我了解的只有要好好活著 想成為我嚮往的那種大人 卻讓我變得隻身一人 
吉他: CW Sun 貝斯: 陳柏宏 鼓手: 張育齊
我知道我會沒事的 這也不是我的第一次挫敗了 但我會是你看過提著購物袋 卻最難過的女生了
這麼多的憤怒擠在這些骨肉裡 這麼多的疑問擠在這個身體裡 因為當愛死了 它會到哪去呢?
現在我碎碎念、寫著歌、詛咒著他 白天喝酒 想著「真的是我的問題嗎？」 信用卡跟理智都刷爆了 卻不敢到羞恥 因為也許物質真的不會是我需要的吧
我也想停下腳步好好看看周遭 但心裡已經死了 看了又能如何 我是不是給予他們太多權利了？
我寫著沒有辦法實現的故事 我寫著歌來尋求平靜 失敗又如何呢？ 反正每次的失敗都能合理化的 你不能說你了解我 因為我了解的只有要好好活著 想成為我嚮往的那種大人 卻讓我變得隻身一人
我只是個很普通的女生 我也並沒有想改變這個世界 畢竟它不會更糟或更好了
我能好好收拾自己支離破碎的狀態 也能像海賊一樣在大洋間翱翔 但這樣的樂觀也是種詛咒吧
現在我討好著他們、卑躬屈膝著 無視著在我眼前發生的事情 所以我裝笨、裝得有趣 裝作女生該有的文靜樣子來觀察事情來由
但我在水溝邊抓著自己的頭髮 給了我身體這麼多的負擔只為了感到活著 自己到底屬不屬於這個世界呢？
我寫著沒有辦法實現的故事 我寫著歌來尋求平靜 失敗又如何呢？ 反正每次的失敗都能合理化的 你不能說你了解我 因為我了解的只有要好好活著 想成為我嚮往的那種大人 卻讓我變得隻身一人
我在街上羞澀 在床上大露骨 他們也還是能質疑我的忠誠 又說我太過精明、太過善良 求著那些我不應該感到抱歉的人
他們能夠定義各種標籤與八卦 我也能跟著演戲 讓我的肺付出代價 因為我知道還不到放棄的時候
我寫著沒有辦法實現的故事 我寫著歌來尋求平靜 失敗又如何呢？ 反正每次的失敗都能合理化的 你不能說你了解我 因為我了解的只有要好好活著 想成為我嚮往的那種大人 卻讓我變得隻身一人","動態歌詞
I know I'll be better, it's not my first defeat But I’m the saddest girl with shopping bags you’ll ever see So much anger in flesh and bones All that confusion packed in this body ‘Cause when the love dies, where does it go? Now I’m rumbling on, writing songs, cursing his name Drinking in the day, hesitate, ‘Is it me to blame?’ Max out credit cards and sanity, but didn't feel ashamed ‘Cause maybe diamonds will never be my best friend I would’ve stopped and take a moment at the flowers But there’s no use of looking when you feel dead inside Have I, have I, given them too much power? I write stories that I cannot live in And write songs when I want some peace of mind What’s the point of failing? When every mistake could be justified You wouldn’t say you know me When all I know is to stay alive The grownup that I wanted to be Left with only me, myself and I Me, myself and I I’m just a common little girl who never wanted to make a change in this world That’s never been better or worse I could pick up myself piece by piece And travel like a pirate in the seven seas But, it’s a blessing and a curse Now I’m kissing their feet, bending my knee refusing to see what’s happening in front of me So I play dumb, acting all fun, keep my mouth shut like a woman should be just to know the scheme But I was holding up my hair by the gutter I gave my body all that pain just to feel alive Am I, am I, part of this world? I write stories that I cannot live in And write songs when I want some peace of mind What’s the point of failing? When every mistake could be justified You wouldn’t say you know me When all I know is to stay alive The grownup that I wanted to be Left with only me, myself and I I was shy in the streets, sexy in the sheets But they’d still question my loyalty I was being too bright, being too kind Begging to those that I shouldn’t feel sorry They could make up all the labels and the rumours I could go along and let my lungs pay the price ‘Cause I, ‘cause I know it’s no time to give in I write stories that I cannot live in And write songs when I want some peace of mind What’s the point of failing? When every mistake could be justified You wouldn’t say you know me When all I know is to stay alive The grownup that I wanted to be Left with only me, myself and I Me, myself and I 
I know I'll be better, it's not my first defeat But I’m the saddest girl with shopping bags you’ll ever see So much anger in flesh and bones All that confusion packed in this body ‘Cause when the love dies, where does it go? Now I’m rumbling on, writing songs, cursing his name Drinking in the day, hesitate, ‘Is it me to blame?’ Max out credit cards and sanity, but didn't feel ashamed ‘Cause maybe diamonds will never be my best friend I would’ve stopped and take a moment at the flowers But there’s no use of looking when you feel dead inside Have I, have I, given them too much power? I write stories that I cannot live in And write songs when I want some peace of mind What’s the point of failing? When every mistake could be justified You wouldn’t say you know me When all I know is to stay alive The grownup that I wanted to be Left with only me, myself and I Me, myself and I I’m just a common little girl who never wanted to make a change in this world That’s never been better or worse I could pick up myself piece by piece And travel like a pirate in the seven seas But, it’s a blessing and a curse Now I’m kissing their feet, bending my knee refusing to see what’s happening in front of me So I play dumb, acting all fun, keep my mouth shut like a woman should be just to know the scheme But I was holding up my hair by the gutter I gave my body all that pain just to feel alive Am I, am I, part of this world? I write stories that I cannot live in And write songs when I want some peace of mind What’s the point of failing? When every mistake could be justified You wouldn’t say you know me When all I know is to stay alive The grownup that I wanted to be Left with only me, myself and I I was shy in the streets, sexy in the sheets But they’d still question my loyalty I was being too bright, being too kind Begging to those that I shouldn’t feel sorry They could make up all the labels and the rumours I could go along and let my lungs pay the price ‘Cause I, ‘cause I know it’s no time to give in I write stories that I cannot live in And write songs when I want some peace of mind What’s the point of failing? When every mistake could be justified You wouldn’t say you know me When all I know is to stay alive The grownup that I wanted to be Left with only me, myself and I Me, myself and I
留言（ 0 ） 最相關留言 所有留言
留言（ 0 ）",2026-09-05,,編輯推薦,True,False,
2026-09-11 14:01:12,realtime,folk,,,30,Niki the Unicorn,(Live Band) Are There Really Goodbyes,1,1,0,https://streetvoice.com/niki_yuwen/songs/877877/,https://streetvoice.com/niki_yuwen/,"https://akstatic.streetvoice.com/song_covers/ni/ki/niki_yuwen/UWCiFYdeRj2rTXN47a9wpj.jpeg?x-oss-process=image/resize,m_fill,h_400,w_400,limit_0",images/877877.jpeg,@niki_yuwen,音樂人,台北市,2024-05-01,2024-09-18 10:15,48,903,14,,https://www.instagram.com/niki.theunicorn/,https://www.youtube.com/@niki.theunicorn,Niki the Unicorn推出第6張專輯《Almost Maybes》 2/7野地方辦發片專場|||https://blow.streetvoice.com/85741/?utm_source=streetvoice&utm_medium=profile-news-block; Niki the Unicorn發行全新EP《Reckless Driver in a Cadillac》 5/14將於台北Revolver舉辦首場專場|||https://blow.streetvoice.com/79907/?utm_source=streetvoice&utm_medium=profile-news-block; 【吹專訪】我做了張專輯回應前任的冷暴力——Niki談《傲慢與偏見》：「如果不想被這樣的字句紀念，就不要給我這種靈感吧。」|||https://blow.streetvoice.com/78311/?utm_source=streetvoice&utm_medium=profile-news-block,,Singer / Songwriter,Live Collections : I,https://streetvoice.com/niki_yuwen/songs/album/97326024/,,"吉他: CW Sun 貝斯: 陳柏宏 鼓手: 張育齊 我會冷靜 我是個成年人 我會兒好好處理 絕對不會失控的 當我坐在計程車裡 看著熟悉的街道跟大樓 在她傷透我心的兩個月後 我該說些什麼呢 也許等一下 我就能知道他在想什麼了 也許再過一小時 我就能把所有的不滿表達完 然後把這首歌寫完了 也許最後內衣褲都會散落在地板上 但也許我又會醉倒在某個路邊吧 內心深處部分的我恨著你 但我正看著你溫柔的雙眼 我甚至沒注意到菸都燒到我的頭髮了 上天啊 這是什麼永不停止的旋轉木馬嗎 我怎麼永遠都離不開它 內心深處部分的我還愛著你 當我聽見你真誠的笑聲 捲髮跟午夜的啤酒 就像凍結的時間 上天啊 你帶給我的所有人 從來就沒有意圖要讓他們離開吧 我的腦袋呀 你今晚能不運作嗎？ 我需要不理智的把話都講開 我的內心呀 你能暫時把所有想法說出口嗎？ 我們用完全感性的方式面對它吧 你呀 我要的只是溝通 這兩個月間的每個寂靜跟招呼都快把我窒息了 也許我會知道除了你的音樂才華外 我到底還在留戀什麼 也許我會看清些什麼 畢竟大家都知道我總是盲目的 也許我會變得更機靈 但這機率大概也不高吧 我本來就不是什麼幸運的人 20：02 我閃過了回憶 那些酒精 即興演奏 跟炸薯條 23：30 我像被放逐般 看見了所有原本可能會擁有的結果 01：40 我也沒什麼好失去了吧 按下了通話鍵 想著我在搞什麼 但結局又還能怎麼更糟呢 02：02 我發現自己不帶任何後悔 站在一模一樣的老地方 日出了 煙灰缸也滿了 與當初相同的眼神凝視著我 早晨的某個時候 衣服都掉到了地板上 這是一時的軟弱嗎？ 還是根本就沒有再也不見？ 
吉他: CW Sun 貝斯: 陳柏宏 鼓手: 張育齊
我會冷靜 我是個成年人 我會兒好好處理 絕對不會失控的 當我坐在計程車裡 看著熟悉的街道跟大樓 在她傷透我心的兩個月後 我該說些什麼呢
也許等一下 我就能知道他在想什麼了 也許再過一小時 我就能把所有的不滿表達完 然後把這首歌寫完了 也許最後內衣褲都會散落在地板上 但也許我又會醉倒在某個路邊吧
內心深處部分的我恨著你 但我正看著你溫柔的雙眼 我甚至沒注意到菸都燒到我的頭髮了 上天啊 這是什麼永不停止的旋轉木馬嗎 我怎麼永遠都離不開它 內心深處部分的我還愛著你 當我聽見你真誠的笑聲 捲髮跟午夜的啤酒 就像凍結的時間 上天啊 你帶給我的所有人 從來就沒有意圖要讓他們離開吧
我的腦袋呀 你今晚能不運作嗎？ 我需要不理智的把話都講開 我的內心呀 你能暫時把所有想法說出口嗎？ 我們用完全感性的方式面對它吧 你呀 我要的只是溝通 這兩個月間的每個寂靜跟招呼都快把我窒息了
也許我會知道除了你的音樂才華外 我到底還在留戀什麼 也許我會看清些什麼 畢竟大家都知道我總是盲目的 也許我會變得更機靈 但這機率大概也不高吧 我本來就不是什麼幸運的人
20：02 我閃過了回憶 那些酒精 即興演奏 跟炸薯條 23：30 我像被放逐般 看見了所有原本可能會擁有的結果 01：40 我也沒什麼好失去了吧 按下了通話鍵 想著我在搞什麼 但結局又還能怎麼更糟呢
02：02 我發現自己不帶任何後悔 站在一模一樣的老地方 日出了 煙灰缸也滿了 與當初相同的眼神凝視著我 早晨的某個時候 衣服都掉到了地板上 這是一時的軟弱嗎？ 還是根本就沒有再也不見？","Saying I’ll be calm, I’m a grown up I will behave and not totally lost control When I’m sitting in the taxi Looking at the streets And the buildings I recognised from before Didn’t know what we’re gonna say After 2 months since she broke my heart Maybe I’ll learn in a moment After he said whatsoever he had in his head Maybe I’ll finish this song in an hour After I spilled all the rage on my plate Might end up in my lingerie Or just drunk girl dead again Deep down a part of me hates you But I was staring at your tender eyes I didn’t even realise my cigarette burnt my hair Oh Lord, what is this ever-spinning carousel That I never seem to get off Deep down a part me loves you still When I hear your delicate giggles Curly hair and late night beers, frozen recollections Oh Lord, all the people you brought me You never meant for them to part away Hey brain, can you not work tonight? I need to talk without being rational Hey soul, can you pour it all out for now? Let’s handle this all emotional Hey you, all I want is a conversation after 2 months You know the silence and every hello’s killing me Maybe I’ll know what I’m holding on Aside from your musical talents Maybe I’ll see what I’ve missed After all I’m known for sightless Might end up being smarter But I highly doubt the chances I am never good with chances Deep down a part of me hates you But I was staring at your tender eyes I didn’t even realise my cigarette burnt my hair Oh Lord, what is this ever-spinning carousel That I never seem to get off Deep down a part me loves you still When I hear your delicate giggles Curly hair and late night beers, frozen recollections Oh Lord, all the people you brought me You never meant for them to part away Two after eight, I had the flashback All the liquor and the jamming and the fries Half past eleven, I’m in exile All the maybes came to light Forty after one, I got nothing left Hit call and thought what the hell, but What’s the worst could happen, anyway? Two after two, I found myself Standing in the same place with no regret Sunrising, ashtray overload Same affection locking into my eyes Some time in the morning, clothes on the floor Was it a moment of weakness? Or, are there really goodbyes? Deep down a part of me hates you But I was staring at your tender eyes I didn’t even realise my cigarette burnt my hair Oh Lord, what is this ever-spinning carousel That I never seem to get off Deep down a part me loves you still When I hear your delicate giggles Curly hair and late night beers, frozen recollections Oh Lord, all the people you brought me You never meant for them to part away 
Saying I’ll be calm, I’m a grown up I will behave and not totally lost control When I’m sitting in the taxi Looking at the streets And the buildings I recognised from before Didn’t know what we’re gonna say After 2 months since she broke my heart
Maybe I’ll learn in a moment After he said whatsoever he had in his head Maybe I’ll finish this song in an hour After I spilled all the rage on my plate Might end up in my lingerie Or just drunk girl dead again
Deep down a part of me hates you But I was staring at your tender eyes I didn’t even realise my cigarette burnt my hair Oh Lord, what is this ever-spinning carousel That I never seem to get off Deep down a part me loves you still When I hear your delicate giggles Curly hair and late night beers, frozen recollections Oh Lord, all the people you brought me You never meant for them to part away
Hey brain, can you not work tonight? I need to talk without being rational Hey soul, can you pour it all out for now? Let’s handle this all emotional Hey you, all I want is a conversation after 2 months You know the silence and every hello’s killing me
Maybe I’ll know what I’m holding on Aside from your musical talents Maybe I’ll see what I’ve missed After all I’m known for sightless Might end up being smarter But I highly doubt the chances I am never good with chances
Deep down a part of me hates you But I was staring at your tender eyes I didn’t even realise my cigarette burnt my hair Oh Lord, what is this ever-spinning carousel That I never seem to get off Deep down a part me loves you still When I hear your delicate giggles Curly hair and late night beers, frozen recollections Oh Lord, all the people you brought me You never meant for them to part away
Two after eight, I had the flashback All the liquor and the jamming and the fries Half past eleven, I’m in exile All the maybes came to light Forty after one, I got nothing left Hit call and thought what the hell, but What’s the worst could happen, anyway?
Two after two, I found myself Standing in the same place with no regret Sunrising, ashtray overload Same affection locking into my eyes Some time in the morning, clothes on the floor Was it a moment of weakness? Or, are there really goodbyes?
Deep down a part of me hates you But I was staring at your tender eyes I didn’t even realise my cigarette burnt my hair Oh Lord, what is this ever-spinning carousel That I never seem to get off Deep down a part me loves you still When I hear your delicate giggles Curly hair and late night beers, frozen recollections Oh Lord, all the people you brought me You never meant for them to part away
留言（ 0 ） 最相關留言 所有留言
留言（ 0 ）",2026-09-05,,編輯推薦,True,False,
2026-09-11 14:01:12,realtime,folk,,,31,Niki the Unicorn,(Live Band) Find Someone Else,1,3,0,https://streetvoice.com/niki_yuwen/songs/877876/,https://streetvoice.com/niki_yuwen/,"https://akstatic.streetvoice.com/song_covers/ni/ki/niki_yuwen/WwucPVZtA6HxH5kcM83zJ9.jpeg?x-oss-process=image/resize,m_fill,h_400,w_400,limit_0",images/877876.jpeg,@niki_yuwen,音樂人,台北市,2024-05-01,2024-09-18 10:15,48,903,14,,https://www.instagram.com/niki.theunicorn/,https://www.youtube.com/@niki.theunicorn,Niki the Unicorn推出第6張專輯《Almost Maybes》 2/7野地方辦發片專場|||https://blow.streetvoice.com/85741/?utm_source=streetvoice&utm_medium=profile-news-block; Niki the Unicorn發行全新EP《Reckless Driver in a Cadillac》 5/14將於台北Revolver舉辦首場專場|||https://blow.streetvoice.com/79907/?utm_source=streetvoice&utm_medium=profile-news-block; 【吹專訪】我做了張專輯回應前任的冷暴力——Niki談《傲慢與偏見》：「如果不想被這樣的字句紀念，就不要給我這種靈感吧。」|||https://blow.streetvoice.com/78311/?utm_source=streetvoice&utm_medium=profile-news-block,,Singer / Songwriter,Live Collections : I,https://streetvoice.com/niki_yuwen/songs/album/97326024/,,"吉他: CW Sun 貝斯: 陳柏宏 鼓手: 張育齊 有一小陣子 我擁有了所有想要的 我擁有創作跟聽眾 還穿著你的睡衣遊蕩著 在台上顫抖的時候 你給予了勇氣 四目交會 時間靜止著 只剩你和我 在與世隔絕的避風港 但我再也不能看著你了 你用著故事開始前的眼神看著我 寫的送的情歌又有什麼用 那些詞終究還是把我送回十字路口 我該怎麼開口說 我需要你 我該怎麼開口說 我今晚願意跟你走 我該怎麼開口說 可以握緊我告訴我一切都會沒事的嗎？ 在你要我另尋他人之後？ 一陣子以後 我們在破爛的黑色沙發上喝醉了 你卻提起了那句經典的 「我們還是朋友吧 我是在乎你的」 我還記得你頭髮的觸感 你還記得我混雜尼古丁味的香氣嗎 黃金獵犬般的存在 但被牽著走的是我 我曾經想過學會所有和弦 好讓我能給你一個小小的獨有演出 在你的房間唱你的歌當作驚喜 但我的粉色牙刷是唯一留在那裡的東西了 （別讓我另尋他人好嗎?） 明明我真的需要你說 「握緊我 我會讓你知道一切都會沒事的」 但你卻要我另尋他人了 
吉他: CW Sun 貝斯: 陳柏宏 鼓手: 張育齊
有一小陣子 我擁有了所有想要的 我擁有創作跟聽眾 還穿著你的睡衣遊蕩著
在台上顫抖的時候 你給予了勇氣 四目交會 時間靜止著 只剩你和我 在與世隔絕的避風港
但我再也不能看著你了 你用著故事開始前的眼神看著我 寫的送的情歌又有什麼用 那些詞終究還是把我送回十字路口
我該怎麼開口說 我需要你 我該怎麼開口說 我今晚願意跟你走 我該怎麼開口說 可以握緊我告訴我一切都會沒事的嗎？ 在你要我另尋他人之後？
一陣子以後 我們在破爛的黑色沙發上喝醉了 你卻提起了那句經典的 「我們還是朋友吧 我是在乎你的」
我還記得你頭髮的觸感 你還記得我混雜尼古丁味的香氣嗎 黃金獵犬般的存在 但被牽著走的是我
我曾經想過學會所有和弦 好讓我能給你一個小小的獨有演出 在你的房間唱你的歌當作驚喜 但我的粉色牙刷是唯一留在那裡的東西了
（別讓我另尋他人好嗎?） 明明我真的需要你說 「握緊我 我會讓你知道一切都會沒事的」 但你卻要我另尋他人了","動態歌詞
For a little while I got everything I ever wanted I got my music and my fans And was walking around in your pjs I had the courage you’ve given When I was trembling myself on stage Your eyes were locking into mine Like an isolated haven just you and me But I couldn’t even look at you now When you’re looking at me like we used to be So I guess love songs are overrated ‘Cause they got me nowhere but lost again How am I supposed to say I need you How am I supposed to say I’ll leave with you tonight How am I supposed to say ‘Can you take my hand and tell me everything’s gonna be alright’ When you tell me to find someone else Just a while later We were drunk on that shabby black sofa That’s when you brought up that cliché We-are-friends-right, I-care-about-you line I could still feel your hair Do you still scent my nicotine fragrance? A golden retriever But I’m the one on the leash I used to think of learning all the chords So I’d surprise you with my one-man guitar show Singing your song in your room one day But I never saw my pink toothbrush again How am I supposed to say I need you How am I supposed to say I’ll leave with you tonight How am I supposed to say ‘Can you take my hand and tell me everything’s gonna be alright’ When you tell me to find someone else When I really want to hear you say ‘I’ll take your hand and tell you everything’s gonna be alright’ But you tell me to find someone else 
For a little while I got everything I ever wanted I got my music and my fans And was walking around in your pjs I had the courage you’ve given When I was trembling myself on stage Your eyes were locking into mine Like an isolated haven just you and me But I couldn’t even look at you now When you’re looking at me like we used to be So I guess love songs are overrated ‘Cause they got me nowhere but lost again How am I supposed to say I need you How am I supposed to say I’ll leave with you tonight How am I supposed to say ‘Can you take my hand and tell me everything’s gonna be alright’ When you tell me to find someone else Just a while later We were drunk on that shabby black sofa That’s when you brought up that cliché We-are-friends-right, I-care-about-you line I could still feel your hair Do you still scent my nicotine fragrance? A golden retriever But I’m the one on the leash I used to think of learning all the chords So I’d surprise you with my one-man guitar show Singing your song in your room one day But I never saw my pink toothbrush again How am I supposed to say I need you How am I supposed to say I’ll leave with you tonight How am I supposed to say ‘Can you take my hand and tell me everything’s gonna be alright’ When you tell me to find someone else When I really want to hear you say ‘I’ll take your hand and tell you everything’s gonna be alright’ But you tell me to find someone else
留言（ 0 ） 最相關留言 所有留言
留言（ 0 ）",2026-09-05,,編輯推薦,True,False,
2026-09-11 14:01:12,realtime,folk,,,32,李敏哲,改名的機場｜進場重飛,25,4228,25,https://streetvoice.com/minzer_c_lee/songs/877156/,https://streetvoice.com/minzer_c_lee/,"https://akstatic.streetvoice.com/song_covers/mi/nz/minzer_c_lee/aDBLa8ACvYFKvu2AHmYRoW.jpeg?x-oss-process=image/resize,m_fill,h_400,w_400,limit_0",images/877156.jpeg,@minzer_c_lee,音樂人,,,,20,35,43,,,https://www.youtube.com/user/StreetVoiceTV,,,Singer / Songwriter,,,雷克非 Christopher R,"我把雷克非的《改名的機場》重新唱了一次。 這首歌有一個很台灣的時間座標。你記得那個機場以前的名字，記得自己曾經從那裡離開。很多年後再回來，它已經換成另一個你沒什麼感覺的名字。城市變了，長大還是變老？不知道。 我唱到「有到萬華嗎」那句的時候，心裡真的幹了一聲。機捷沒有到萬華啦！北七喔！ 不是什麼宏大肉麻的鄉愁。只是離開太久的人回來了，腦子裡還帶著以前的地圖，然後被幾件再日常不過的小事迎面撞了幾下。 你離開太久了，家裡少了好幾個人。 幹！ 不准哭！ 克非首飛原版 https://streetvoice.com/ChristopherR/songs/859841/ 
我把雷克非的《改名的機場》重新唱了一次。
這首歌有一個很台灣的時間座標。你記得那個機場以前的名字，記得自己曾經從那裡離開。很多年後再回來，它已經換成另一個你沒什麼感覺的名字。城市變了，長大還是變老？不知道。
我唱到「有到萬華嗎」那句的時候，心裡真的幹了一聲。機捷沒有到萬華啦！北七喔！
不是什麼宏大肉麻的鄉愁。只是離開太久的人回來了，腦子裡還帶著以前的地圖，然後被幾件再日常不過的小事迎面撞了幾下。
你離開太久了，家裡少了好幾個人。
幹！ 不准哭！
克非首飛原版 https://streetvoice.com/ChristopherR/songs/859841/
https://streetvoice.com/ChristopherR/songs/859841/","《改名的機場》 Vancouver rains tonight I pull my jacket tight This car key takes me back To another time It holds the years we drove And every late-night drive Every mile we couldn’t leave Still flickers in my eyes 台北的巷弄 藏著志文版的存在主義 We were so sure. 那是我們 曾經以為能改變世界的勇氣 現在的我 只能在高速公路上奔馳 Don't look back. 看著路燈 一盞一盞回到青春的過往 我們的世代 總在時差裡清醒 太平洋的浪 拍著兩座城的倒影 不用誰來懂 那些沒說出口的傷 You don't explain to nobody. 跟著搖盪的旋律 抱住自己的重量 落地窗外 燈火依然編織著忙碌 行李盤轉著 那些帶不走的下午 廣播裡的聲音 變得客氣而生疏 Welcome back. Please follow the signs. 我站在大廳 像個迷路的老信徒 那一年 登機證是通往未來的門票 這一年 護照本是留住過去的依靠 時差沒變，只是心跳慢了一拍 在自動感應門前，我摸了摸口袋 只有一條哪裡都不是的手帕 這裡早已不是以人名命名的地圖 舊證件上的字跡 模糊得像來時的路 家鄉是改名的機場 我還在舊城裡找回家的路 我們的世代 總在時差裡清醒 太平洋的浪 拍著兩座城的倒影 不用誰來懂 那些沒說出口的傷 You don't explain to nobody. 跟著搖盪的旋律 抱住自己的重量 開往台北的普通車 即將進站 是這邊吧？ 有到萬華嗎？ Damn！好陌生。 
《改名的機場》
Vancouver rains tonight I pull my jacket tight This car key takes me back To another time
It holds the years we drove And every late-night drive Every mile we couldn’t leave Still flickers in my eyes
台北的巷弄 藏著志文版的存在主義 We were so sure. 那是我們 曾經以為能改變世界的勇氣 現在的我 只能在高速公路上奔馳 Don't look back. 看著路燈 一盞一盞回到青春的過往
我們的世代 總在時差裡清醒 太平洋的浪 拍著兩座城的倒影 不用誰來懂 那些沒說出口的傷 You don't explain to nobody. 跟著搖盪的旋律 抱住自己的重量
落地窗外 燈火依然編織著忙碌 行李盤轉著 那些帶不走的下午 廣播裡的聲音 變得客氣而生疏 Welcome back. Please follow the signs. 我站在大廳 像個迷路的老信徒
那一年 登機證是通往未來的門票 這一年 護照本是留住過去的依靠 時差沒變，只是心跳慢了一拍 在自動感應門前，我摸了摸口袋 只有一條哪裡都不是的手帕
這裡早已不是以人名命名的地圖 舊證件上的字跡 模糊得像來時的路 家鄉是改名的機場 我還在舊城裡找回家的路
我們的世代 總在時差裡清醒 太平洋的浪 拍著兩座城的倒影 不用誰來懂 那些沒說出口的傷 You don't explain to nobody. 跟著搖盪的旋律 抱住自己的重量
開往台北的普通車 即將進站
是這邊吧？ 有到萬華嗎？
Damn！好陌生。
留言（ 25 ） 最相關留言 所有留言
留言（ 25 ）",2026-08-31,,AI 協作 Singer / Songwriter,False,False,
2026-09-11 14:01:12,realtime,folk,,,33,Niki the Unicorn,"(Full Band) Whole Package, Baby",1,4,0,https://streetvoice.com/niki_yuwen/songs/878087/,https://streetvoice.com/niki_yuwen/,"https://akstatic.streetvoice.com/music_albums/ni/ki/niki_yuwen/R7AKfWzixtJrVSxFGymEsM.jpeg?x-oss-process=image/resize,m_fill,h_400,w_400,limit_0",images/878087.jpeg,@niki_yuwen,音樂人,台北市,2024-05-01,2024-09-18 10:15,48,903,14,,https://www.instagram.com/niki.theunicorn/,https://www.youtube.com/@niki.theunicorn,Niki the Unicorn推出第6張專輯《Almost Maybes》 2/7野地方辦發片專場|||https://blow.streetvoice.com/85741/?utm_source=streetvoice&utm_medium=profile-news-block; Niki the Unicorn發行全新EP《Reckless Driver in a Cadillac》 5/14將於台北Revolver舉辦首場專場|||https://blow.streetvoice.com/79907/?utm_source=streetvoice&utm_medium=profile-news-block; 【吹專訪】我做了張專輯回應前任的冷暴力——Niki談《傲慢與偏見》：「如果不想被這樣的字句紀念，就不要給我這種靈感吧。」|||https://blow.streetvoice.com/78311/?utm_source=streetvoice&utm_medium=profile-news-block,,Singer / Songwriter,Live Collections : I,https://streetvoice.com/niki_yuwen/songs/album/97326024/,,"吉他: CW Sun 貝斯: 陳柏宏 鼓手: 張育齊 小號: Uraybaobao 我要的只是平靜 我早就放棄什麼火花了 我從來都沒有要求什麼戲劇化的事情 但我總是有寫不完的歌 我知道我有這個氣場 我知道我滿足了所有條件 我擁有那麼高的容忍度 又願意奉獻 但是我的戀父情結 還是婐愚蠢的浪漫主義們？ 我的眼光怎麼永遠不會錯？ 我是擁有光與暗的個體 我有神經質也有溫柔的面向 你會在半夜看到我失控 但也能得到我對你一輩子的奉獻 若你只是個男孩 放過我 好好離開吧 我對你來說太麻煩了嗎？ 那就找個容易處理的目標吧 在你不認識自己之前 別來對我說教 我的光與暗都是我 不能接受就離開吧 幾十年來身為女性的累贅 你有任何概念我們害怕的是什麼嗎？ 我從來沒有要求那些創傷 但我依然透過寫歌存活了下來 是我的樂觀主義嗎？ 是我的幽默感嗎？ 是我想要被愛 因此成為最好下手的目標嗎？ 我知道我支離破碎 我也知道我想被拯救 但你不是那個能拯救弱女子的閃亮騎士 （我的光與暗都是我） 轉身離開 就這樣吧 （就放我一個人吧） 滾離我的人生 就這樣吧 
吉他: CW Sun 貝斯: 陳柏宏 鼓手: 張育齊 小號: Uraybaobao
我要的只是平靜 我早就放棄什麼火花了 我從來都沒有要求什麼戲劇化的事情 但我總是有寫不完的歌
我知道我有這個氣場 我知道我滿足了所有條件 我擁有那麼高的容忍度 又願意奉獻 但是我的戀父情結 還是婐愚蠢的浪漫主義們？ 我的眼光怎麼永遠不會錯？
我是擁有光與暗的個體 我有神經質也有溫柔的面向 你會在半夜看到我失控 但也能得到我對你一輩子的奉獻
若你只是個男孩 放過我 好好離開吧 我對你來說太麻煩了嗎？ 那就找個容易處理的目標吧 在你不認識自己之前 別來對我說教 我的光與暗都是我 不能接受就離開吧
幾十年來身為女性的累贅 你有任何概念我們害怕的是什麼嗎？ 我從來沒有要求那些創傷 但我依然透過寫歌存活了下來
是我的樂觀主義嗎？ 是我的幽默感嗎？ 是我想要被愛 因此成為最好下手的目標嗎？ 我知道我支離破碎 我也知道我想被拯救 但你不是那個能拯救弱女子的閃亮騎士
（我的光與暗都是我） 轉身離開 就這樣吧 （就放我一個人吧） 滾離我的人生 就這樣吧","動態歌詞
All I want is peace and quiet I gave up fireworks long ago I never ask for all the drama But somehow I’m always writing songs I know I have all this aura I know I tick all the boxes High tolerance and giving type But is it my daddy issues? Or my stupid romanticism? I’m always proven right I am a whole package, baby The psychosis and angelic sides You’ll get my episodes at midnights But you’ll have my devotion for life If you’re just a boy Leave me alone and walk away Too much to handle? Then, go find someone less Don’t lecture me When you don’t even know yourself Whole package, baby Back off and leave it there Decades of burden as a woman Do you even know what’s in the dark? I never asked for all the trauma But somehow I survived writing songs Is it my optimism? Is it my witticism? Yearning for love, the easy kind I know I’m all in pieces I know I needed saving But you’re not a knight for a damsel in distress I am a whole package, baby The psychosis and angelic sides You’ll get my episodes at midnights But you’ll have my devotion for life If you’re just a boy Leave me alone and walk away Too much to handle? Then, go find someone less Don’t lecture me When you don’t even know yourself Whole package, baby Back off and leave it there (I’m a whole package, baby) Back off and leave it there (Just leave me alone) Fuck off and leave it there 
All I want is peace and quiet I gave up fireworks long ago I never ask for all the drama But somehow I’m always writing songs I know I have all this aura I know I tick all the boxes High tolerance and giving type But is it my daddy issues? Or my stupid romanticism? I’m always proven right I am a whole package, baby The psychosis and angelic sides You’ll get my episodes at midnights But you’ll have my devotion for life If you’re just a boy Leave me alone and walk away Too much to handle? Then, go find someone less Don’t lecture me When you don’t even know yourself Whole package, baby Back off and leave it there Decades of burden as a woman Do you even know what’s in the dark? I never asked for all the trauma But somehow I survived writing songs Is it my optimism? Is it my witticism? Yearning for love, the easy kind I know I’m all in pieces I know I needed saving But you’re not a knight for a damsel in distress I am a whole package, baby The psychosis and angelic sides You’ll get my episodes at midnights But you’ll have my devotion for life If you’re just a boy Leave me alone and walk away Too much to handle? Then, go find someone less Don’t lecture me When you don’t even know yourself Whole package, baby Back off and leave it there (I’m a whole package, baby) Back off and leave it there (Just leave me alone) Fuck off and leave it there
留言（ 0 ） 最相關留言 所有留言
留言（ 0 ）",2026-09-11,,,False,False,
2026-09-11 14:01:12,realtime,folk,,,34,Niki the Unicorn,(Full Band) Only My Cigarettes Stayed,1,3,0,https://streetvoice.com/niki_yuwen/songs/878085/,https://streetvoice.com/niki_yuwen/,"https://akstatic.streetvoice.com/music_albums/ni/ki/niki_yuwen/R7AKfWzixtJrVSxFGymEsM.jpeg?x-oss-process=image/resize,m_fill,h_400,w_400,limit_0",images/878085.jpeg,@niki_yuwen,音樂人,台北市,2024-05-01,2024-09-18 10:15,48,903,14,,https://www.instagram.com/niki.theunicorn/,https://www.youtube.com/@niki.theunicorn,Niki the Unicorn推出第6張專輯《Almost Maybes》 2/7野地方辦發片專場|||https://blow.streetvoice.com/85741/?utm_source=streetvoice&utm_medium=profile-news-block; Niki the Unicorn發行全新EP《Reckless Driver in a Cadillac》 5/14將於台北Revolver舉辦首場專場|||https://blow.streetvoice.com/79907/?utm_source=streetvoice&utm_medium=profile-news-block; 【吹專訪】我做了張專輯回應前任的冷暴力——Niki談《傲慢與偏見》：「如果不想被這樣的字句紀念，就不要給我這種靈感吧。」|||https://blow.streetvoice.com/78311/?utm_source=streetvoice&utm_medium=profile-news-block,,Singer / Songwriter,Live Collections : I,https://streetvoice.com/niki_yuwen/songs/album/97326024/,,"吉他: CW Sun 貝斯: 陳柏宏 鼓手: 張育齊 該說是幸運 還是不幸呢？ 你在我愉悅又喝醉的時程初見我 我在最佳的時機點 展現了我的野性 以及我「活在當下」的那個樣子 所以你開啟了遊戲 那種追求又送花情節 直話直說的送上甜言蜜語 還通著電話見日出 你看到了我眼裡的光 所以你打算把它帶走 對吧？ 我以為你會接受所有面向 不只是那個半夜兩點在海邊跳舞的我 你想知道我過去的陰影 好讓我變得明朗 甚至把菸戒了 你得意自信的笑著 語氣堅定的說 你會在我墜落時接住我 但到最後 留下的只有我的菸 我甚至沒哭幾滴眼淚 我想我在兩個月前就猜到結局了吧 我們要喊停嗎？ 我們要道別嗎？ 反正你已經提了大概13次了吧 同樣的原因吵著同樣但架 你說話像個聖人 卻吼的像個神經病 日子又過了一些 我開始知道自己在跟小孩子對話 你知道我多喜歡詩集 但我卻連明喻都說不出口 你看見我的容忍度 所以來把它操到上限值 對吧？ 
吉他: CW Sun 貝斯: 陳柏宏 鼓手: 張育齊
該說是幸運 還是不幸呢？ 你在我愉悅又喝醉的時程初見我 我在最佳的時機點 展現了我的野性 以及我「活在當下」的那個樣子
所以你開啟了遊戲 那種追求又送花情節 直話直說的送上甜言蜜語 還通著電話見日出 你看到了我眼裡的光 所以你打算把它帶走 對吧？
我以為你會接受所有面向 不只是那個半夜兩點在海邊跳舞的我 你想知道我過去的陰影 好讓我變得明朗 甚至把菸戒了 你得意自信的笑著 語氣堅定的說 你會在我墜落時接住我 但到最後 留下的只有我的菸 我甚至沒哭幾滴眼淚 我想我在兩個月前就猜到結局了吧
我們要喊停嗎？ 我們要道別嗎？ 反正你已經提了大概13次了吧 同樣的原因吵著同樣但架 你說話像個聖人 卻吼的像個神經病
日子又過了一些 我開始知道自己在跟小孩子對話 你知道我多喜歡詩集 但我卻連明喻都說不出口 你看見我的容忍度 所以來把它操到上限值 對吧？","動態歌詞
Should we call it lucky? Or unfortunate You met me when I’m happy and drunk The perfect timing when I showed my wildness And my living-in-the-moment side So, then you start the game The good old chasing kind Straightforward, butter me up Calls in the middle of the night You saw the spark in my eyes So, then you came to take the light out of it Didn’t you? I thought you’d take all the versions of me Not just the twirling-in-the-rain -at-2am-by-the-seaside You want to know about my twisted past So, that I’ll be all miss sunshine And stop smoking day and night You smirk with confidence and speak in certainty And said you’ll catch me when I fall But in the end, you left Only my cigarettes stayed I didn’t cry at all I saw it coming two months ago Should we call it? Should we say our goodbyes? I mean You’ve mentioned it like thirteen times The same old fights over the same old reasons You talk like a saint But shout like a psychopath So, as the days go by I started talking to a child You know my joy in poetry But to you, I write without simile You saw the tolerance in me So, then you came to max it out Didn’t you? I thought you’d take all the versions of me Not just the twirling-in-the-rain -at-2am-by-the-seaside You want to know about my twisted past So, that I’ll be all miss sunshine And stop smoking day and night You smirk with confidence and speak in certainty And said you’ll catch me when I fall But in the end, you left Only my cigarettes stayed I didn’t cry at all I saw it coming two months ago 
Should we call it lucky? Or unfortunate You met me when I’m happy and drunk The perfect timing when I showed my wildness And my living-in-the-moment side So, then you start the game The good old chasing kind Straightforward, butter me up Calls in the middle of the night You saw the spark in my eyes So, then you came to take the light out of it Didn’t you? I thought you’d take all the versions of me Not just the twirling-in-the-rain -at-2am-by-the-seaside You want to know about my twisted past So, that I’ll be all miss sunshine And stop smoking day and night You smirk with confidence and speak in certainty And said you’ll catch me when I fall But in the end, you left Only my cigarettes stayed I didn’t cry at all I saw it coming two months ago Should we call it? Should we say our goodbyes? I mean You’ve mentioned it like thirteen times The same old fights over the same old reasons You talk like a saint But shout like a psychopath So, as the days go by I started talking to a child You know my joy in poetry But to you, I write without simile You saw the tolerance in me So, then you came to max it out Didn’t you? I thought you’d take all the versions of me Not just the twirling-in-the-rain -at-2am-by-the-seaside You want to know about my twisted past So, that I’ll be all miss sunshine And stop smoking day and night You smirk with confidence and speak in certainty And said you’ll catch me when I fall But in the end, you left Only my cigarettes stayed I didn’t cry at all I saw it coming two months ago
留言（ 0 ） 最相關留言 所有留言
留言（ 0 ）",2026-09-11,,,False,False,
2026-09-11 14:01:12,realtime,folk,,,35,61 Lewis,昏迷台北夜 Acoustic demo,2,69,0,https://streetvoice.com/blue_bar_53t/songs/877545/,https://streetvoice.com/blue_bar_53t/,"https://akstatic.streetvoice.com/song_covers/bl/ue/blue_bar_53t/P2Ey5sMThrToC2BGtVqZMT.jpg?x-oss-process=image/resize,m_fill,h_400,w_400,limit_0",images/877545.jpg,@blue_bar_53t,音樂人,,,,10,15,1,,,https://www.youtube.com/user/StreetVoiceTV,「2025 浪人祭」10/17、18台南安平登場！全數陣容、場域圖、時間表大公開|||https://blow.streetvoice.com/83860/?utm_source=streetvoice&utm_medium=profile-news-block; 2025「浪人祭」揭曉特別企劃：温昇豪驚喜現身「浪人塾」、「浪漫巴士」伍悅ＸFunkyMo擔任車掌|||https://blow.streetvoice.com/83430/?utm_source=streetvoice&utm_medium=profile-news-block; 【StreetVoice新歌週報】January vol.4|||https://blow.streetvoice.com/43458/?utm_source=streetvoice&utm_medium=profile-news-block,,Singer / Songwriter,,,,"失戀後在台北遊蕩半年的故事 
失戀後在台北遊蕩半年的故事","昏迷的行走 台北夜晚的街頭 幻影交疊著 像是夢 讓人想永遠深  陷在其中 沒靈魂的 遊走 清醒的時候 卻有後悔的念頭 怎麼又一次 沒把握 昨天  才牽到 那 女孩的手 今天卻要各自奔走 心好痛 哎呀哎呀 哎呀愛 讓人一瞬間失去了準頭 搞不懂 我在為誰而活 隨便的 承諾 世上已經有太多 哎呀哎呀 哎呀愛 為何失去後 會失魂落魄 夜裡開著燈 默數傷口 誰還能給我 去相信愛的理由 心好痛 
昏迷的行走 台北夜晚的街頭 幻影交疊著 像是夢 讓人想永遠深  陷在其中 沒靈魂的 遊走
清醒的時候 卻有後悔的念頭 怎麼又一次 沒把握 昨天  才牽到 那 女孩的手 今天卻要各自奔走
心好痛
哎呀哎呀 哎呀愛 讓人一瞬間失去了準頭 搞不懂 我在為誰而活 隨便的 承諾 世上已經有太多
哎呀哎呀 哎呀愛 為何失去後 會失魂落魄 夜裡開著燈 默數傷口 誰還能給我 去相信愛的理由
心好痛
留言（ 0 ） 最相關留言 所有留言
留言（ 0 ）",2026-09-02,,編輯推薦,True,False,
2026-09-11 14:01:12,realtime,folk,,,36,妤嬡Yuai,我？,3,114,0,https://streetvoice.com/Yu_ai_131/songs/877833/,https://streetvoice.com/Yu_ai_131/,"https://akstatic.streetvoice.com/song_covers/Yu/_a/Yu_ai_131/HvhMnXJZ8kma6LzFygeeaH.jpg?x-oss-process=image/resize,m_fill,h_400,w_400,limit_0",images/877833.jpg,@Yu_ai_131,音樂人,,,,1,7,5,,,https://www.youtube.com/user/StreetVoiceTV,,,Singer / Songwriter,,,,"這首歌是獻給所有正在追夢的人 我是一個享受唱歌也享受舞台的人 但在追夢的路上 他人的言語卻成了內心的枷鎖 也促使我認為只要不完美 就等於失敗 於是我寫了這首歌來提醒自己 通往夢想的路上 你可能懷疑自己 也可能否定自己 但永遠不要忘記 「你就做最真實的你，不要被誰擊落」 -音樂製作- 詞 Lyrics | 妤嬡 Yuai 曲Composed | 妤嬡Yuai 製作人 Producer | 林哲培、妤嬡 Yuai 編曲 Arranger | 妤嬡 Yuai 木吉他Acoustic Guitar  |妤嬡 Yuai 錄音 Recording | 林哲培 混音Mixing |林哲培 封面製作| 黃善琪 
這首歌是獻給所有正在追夢的人
我是一個享受唱歌也享受舞台的人 但在追夢的路上 他人的言語卻成了內心的枷鎖 也促使我認為只要不完美 就等於失敗 於是我寫了這首歌來提醒自己
通往夢想的路上 你可能懷疑自己 也可能否定自己 但永遠不要忘記 「你就做最真實的你，不要被誰擊落」
-音樂製作- 詞 Lyrics | 妤嬡 Yuai 曲Composed | 妤嬡Yuai 製作人 Producer | 林哲培、妤嬡 Yuai 編曲 Arranger | 妤嬡 Yuai 木吉他Acoustic Guitar  |妤嬡 Yuai 錄音 Recording | 林哲培 混音Mixing |林哲培
封面製作| 黃善琪","曾屬於我的那道光 在你們眼中閃耀奔放 無數的鼓勵指引方向 轉變無形的枷鎖重量 Just wanna be an average girl 想擁抱青春 無憂無慮地奔 何時能抓緊心中的夢 好想做我 無需任何的燈 享受舞台 但不為誰而唱 不想每個舉動都被人觀望 世人眼中的未來太漫長 我只想做最真實的我 不再被誰擊落 誰不是努力活著的人 在這平凡裡掙扎生存 終於能抓緊心中的夢 只想做我 自由無懼地活 享受舞台 但不為誰而唱 不想每個舉動都被人觀望 世人眼中的未來太漫長 我只想做最真實的我 不再被誰擊落 不想再次陷入無盡慌張 曾經的未來不是我所想 成為自己最驕傲的模樣 因為我就是我 
曾屬於我的那道光 在你們眼中閃耀奔放 無數的鼓勵指引方向 轉變無形的枷鎖重量
Just wanna be an average girl 想擁抱青春 無憂無慮地奔 何時能抓緊心中的夢 好想做我 無需任何的燈
享受舞台 但不為誰而唱 不想每個舉動都被人觀望 世人眼中的未來太漫長 我只想做最真實的我 不再被誰擊落
誰不是努力活著的人 在這平凡裡掙扎生存 終於能抓緊心中的夢 只想做我 自由無懼地活
享受舞台 但不為誰而唱 不想每個舉動都被人觀望 世人眼中的未來太漫長 我只想做最真實的我 不再被誰擊落
不想再次陷入無盡慌張 曾經的未來不是我所想 成為自己最驕傲的模樣 因為我就是我
留言（ 0 ） 最相關留言 所有留言
留言（ 0 ）",2026-09-03,,編輯推薦,True,False,
2026-09-11 14:01:12,realtime,folk,,,37,Sound Hacker 創作營,不要跟曖昧對象去IKEALA,6,49,1,https://streetvoice.com/patient_field_qnu/songs/878364/,https://streetvoice.com/patient_field_qnu/,"https://akstatic.streetvoice.com/song_covers/pa/ti/patient_field_qnu/TgPD8BC7TXFmW5mdaYypU6.jpeg?x-oss-process=image/resize,m_fill,h_400,w_400,limit_0",images/878364.jpeg,@patient_field_qnu,音樂人,,,,15,25,14,,,https://www.youtube.com/user/StreetVoiceTV,,,Singer / Songwriter,,,,"Sound Hacker 創作營 期5 Co-write : Haohao 嘉昀 張幃 季謙 康妮 
Sound Hacker 創作營 期5 Co-write : Haohao 嘉昀 張幃 季謙 康妮","我牽著 你的袖口 每個房間遊蕩 幻想我們未來的模樣 坐在巷口 那家早餐 你匆忙去上班 我還在那 廣播響起 打烊 是時候夢醒了 想逐一個童話 追逐夢裡的星光 窗外的陽光 永遠的晴朗 下一個空房 會有誰的步伐 原來一切都只是個假象 我牽著 你的袖口 每個房間遊蕩 幻想我們未來的模樣 坐在巷口 那家早餐 你匆忙去上班 我還在那 廣播響起 打烊 是時候夢醒了 想逐一個童話 追逐夢裡的星光 窗外的陽光 永遠的晴朗 下一個空房 會有誰的步伐 原來一切都只是個假象 想逐一個童話 追逐夢裡的星光 窗外的陽光 永遠的晴朗 下一個空房 會有誰的步伐 原來一切都只是個假象 
我牽著 你的袖口 每個房間遊蕩 幻想我們未來的模樣
坐在巷口 那家早餐 你匆忙去上班 我還在那
廣播響起 打烊 是時候夢醒了
想逐一個童話 追逐夢裡的星光 窗外的陽光 永遠的晴朗
下一個空房 會有誰的步伐 原來一切都只是個假象
我牽著 你的袖口 每個房間遊蕩 幻想我們未來的模樣
坐在巷口 那家早餐 你匆忙去上班 我還在那
廣播響起 打烊 是時候夢醒了
想逐一個童話 追逐夢裡的星光 窗外的陽光 永遠的晴朗
下一個空房 會有誰的步伐 原來一切都只是個假象
想逐一個童話 追逐夢裡的星光 窗外的陽光 永遠的晴朗
下一個空房 會有誰的步伐 原來一切都只是個假象
留言（ 1 ） 最相關留言 所有留言
留言（ 1 ）",2026-09-07,,,False,False,
2026-09-11 14:01:12,realtime,folk,,,38,丁明明,下班迷失了回家的路,4,29,2,https://streetvoice.com/mingmingti/songs/878620/,https://streetvoice.com/mingmingti/,"https://akstatic.streetvoice.com/profile_images/mi/ng/mingmingti/EwZFJxvw9yeGc7b5u5phou.jpeg?x-oss-process=image/resize,m_fill,h_400,w_400,limit_0",images/878620.jpeg,@mingmingti,音樂人,,,,8,9,3,,,https://www.youtube.com/user/StreetVoiceTV,,,Singer / Songwriter,,,,"在石屎森林中碰碰撞撞 想寫些什麼還不如寫曲 
在石屎森林中碰碰撞撞 想寫些什麼還不如寫曲","這是沒有提供歌詞的歌曲
留言（ 2 ） 最相關留言 所有留言
留言（ 2 ）",2026-09-09,,,False,False,
2026-09-11 14:01:12,realtime,folk,,,39,Niki the Unicorn,(Full Band) Meredith Grey,1,1,0,https://streetvoice.com/niki_yuwen/songs/878089/,https://streetvoice.com/niki_yuwen/,"https://akstatic.streetvoice.com/music_albums/ni/ki/niki_yuwen/R7AKfWzixtJrVSxFGymEsM.jpeg?x-oss-process=image/resize,m_fill,h_400,w_400,limit_0",images/878089.jpeg,@niki_yuwen,音樂人,台北市,2024-05-01,2024-09-18 10:15,48,903,14,,https://www.instagram.com/niki.theunicorn/,https://www.youtube.com/@niki.theunicorn,Niki the Unicorn推出第6張專輯《Almost Maybes》 2/7野地方辦發片專場|||https://blow.streetvoice.com/85741/?utm_source=streetvoice&utm_medium=profile-news-block; Niki the Unicorn發行全新EP《Reckless Driver in a Cadillac》 5/14將於台北Revolver舉辦首場專場|||https://blow.streetvoice.com/79907/?utm_source=streetvoice&utm_medium=profile-news-block; 【吹專訪】我做了張專輯回應前任的冷暴力——Niki談《傲慢與偏見》：「如果不想被這樣的字句紀念，就不要給我這種靈感吧。」|||https://blow.streetvoice.com/78311/?utm_source=streetvoice&utm_medium=profile-news-block,,Singer / Songwriter,Live Collections : I,https://streetvoice.com/niki_yuwen/songs/album/97326024/,,"吉他: CW Sun 貝斯: 陳柏宏 鼓手: 張育齊 小號: Uraybaobao KB: 蔡政勳 / Niki 我真的試著放下了 也試著照你說的去另尋他人 我知道我能做到 但我心裡不想 我太容易放大跟超譯一切 在每次不小心對到眼的時候 我依然會羞澀 我現在就像是Meredith Grey本人 身邊有著很多漂亮的異性 但我卻站在這 喊著 「選我 挑我 愛我」 我真的有那麼糟糕嗎？ 還是你早就放棄我了？ 我們明明有那麼多共通點 像是那個我們在飯店起床後說的笑話 有任何部分對你是真實的嗎？ 本該就不只是個短暫戀情的吧 我還是會站在槍與你之間 你永遠會是我宇宙的中心 我該怎麼再相信人呢？ 床單上都是龍舌蘭留下的酒漬 我在路邊崩潰你把抱緊前 至少我是這麼想的 那些刺耳的寂靜 跟我們空氣中的緊張感 在每次打招呼 休息時間跟再見間 我依然還是會羞澀 我現在就像是Meredith Grey本人 如同第二季的她 失去理智 喊著 「選我 挑我 愛我」 你永遠會是我宇宙的中心 選我 挑我 愛我 
吉他: CW Sun 貝斯: 陳柏宏 鼓手: 張育齊 小號: Uraybaobao KB: 蔡政勳 / Niki
我真的試著放下了 也試著照你說的去另尋他人 我知道我能做到 但我心裡不想 我太容易放大跟超譯一切 在每次不小心對到眼的時候 我依然會羞澀
我現在就像是Meredith Grey本人 身邊有著很多漂亮的異性 但我卻站在這 喊著 「選我 挑我 愛我」
我真的有那麼糟糕嗎？ 還是你早就放棄我了？ 我們明明有那麼多共通點 像是那個我們在飯店起床後說的笑話 有任何部分對你是真實的嗎？ 本該就不只是個短暫戀情的吧 我還是會站在槍與你之間 你永遠會是我宇宙的中心
我該怎麼再相信人呢？ 床單上都是龍舌蘭留下的酒漬 我在路邊崩潰你把抱緊前 至少我是這麼想的 那些刺耳的寂靜 跟我們空氣中的緊張感 在每次打招呼 休息時間跟再見間 我依然還是會羞澀
我現在就像是Meredith Grey本人 如同第二季的她 失去理智 喊著 「選我 挑我 愛我」
你永遠會是我宇宙的中心 選我 挑我 愛我","動態歌詞
I really tried my best to move on And go find someone else like you said I know I could do it, but I didn’t want to I amplify and interpret way too much I still blush From the accidental eye-to-eyes Now I got Meredith Grey all written over me There are all the pretty boys But I’m standing here, screaming Pick me, choose me, love me Was I really that awful? Did you secretly cross me off? I know we have things in common Like the joke you made Waking up in the hotel room Was any of it true to you? It should’ve been more than a fling I know I’d stand at gunpoint for you McDreamy You’ll always be my sun How could I ever trust another? Tequila stains on my bedsheets That’s what I thought Before you held me so tight When I’m breaking down by the streets It was the awkward silence And the tension in the air we breathe I still flush Between every hello, take-fives And goodbyes Now I got Meredith Grey all written over me The season-2 kind, losing my mind Screaming Pick me, choose me, love me, baby Was I really that awful? Did you secretly cross me off? I know we have things in common Like the joke you made Waking up in the hotel room Was any of it true to you? It should’ve been more than a fling I know I’d stand at gunpoint for you McDreamy You’ll always be my sun You’ll always be my sun You’ll always be my sun Pick me, choose me, love me, baby 
I really tried my best to move on And go find someone else like you said I know I could do it, but I didn’t want to I amplify and interpret way too much I still blush From the accidental eye-to-eyes Now I got Meredith Grey all written over me There are all the pretty boys But I’m standing here, screaming Pick me, choose me, love me Was I really that awful? Did you secretly cross me off? I know we have things in common Like the joke you made Waking up in the hotel room Was any of it true to you? It should’ve been more than a fling I know I’d stand at gunpoint for you McDreamy You’ll always be my sun How could I ever trust another? Tequila stains on my bedsheets That’s what I thought Before you held me so tight When I’m breaking down by the streets It was the awkward silence And the tension in the air we breathe I still flush Between every hello, take-fives And goodbyes Now I got Meredith Grey all written over me The season-2 kind, losing my mind Screaming Pick me, choose me, love me, baby Was I really that awful? Did you secretly cross me off? I know we have things in common Like the joke you made Waking up in the hotel room Was any of it true to you? It should’ve been more than a fling I know I’d stand at gunpoint for you McDreamy You’ll always be my sun You’ll always be my sun You’ll always be my sun Pick me, choose me, love me, baby
留言（ 0 ） 最相關留言 所有留言
留言（ 0 ）",2026-09-11,,,False,False,
2026-09-11 14:01:12,realtime,folk,,,40,Niki the Unicorn,(Full Band) You and Me,1,2,0,https://streetvoice.com/niki_yuwen/songs/878088/,https://streetvoice.com/niki_yuwen/,"https://akstatic.streetvoice.com/music_albums/ni/ki/niki_yuwen/R7AKfWzixtJrVSxFGymEsM.jpeg?x-oss-process=image/resize,m_fill,h_400,w_400,limit_0",images/878088.jpeg,@niki_yuwen,音樂人,台北市,2024-05-01,2024-09-18 10:15,48,903,14,,https://www.instagram.com/niki.theunicorn/,https://www.youtube.com/@niki.theunicorn,Niki the Unicorn推出第6張專輯《Almost Maybes》 2/7野地方辦發片專場|||https://blow.streetvoice.com/85741/?utm_source=streetvoice&utm_medium=profile-news-block; Niki the Unicorn發行全新EP《Reckless Driver in a Cadillac》 5/14將於台北Revolver舉辦首場專場|||https://blow.streetvoice.com/79907/?utm_source=streetvoice&utm_medium=profile-news-block; 【吹專訪】我做了張專輯回應前任的冷暴力——Niki談《傲慢與偏見》：「如果不想被這樣的字句紀念，就不要給我這種靈感吧。」|||https://blow.streetvoice.com/78311/?utm_source=streetvoice&utm_medium=profile-news-block,,Singer / Songwriter,Live Collections : I,https://streetvoice.com/niki_yuwen/songs/album/97326024/,,"吉他: CW Sun 貝斯: 陳柏宏 鼓手: 張育齊 KB: Niki 都是我在幻想嗎？ 又是另一個消縱即逝的戀情嗎？ 我是知道該怎麼分辨的 但這次卻找不到任何線索或缺點 我正失去理智、崩潰著 卻又同時是局內人和局外人 因為我真的需要上岸、清醒了 我不該再繼續沈溺了 我正在等待 卻又在受傷 正帶著熱忱 卻要求自己冷靜 因為我想要最終的結局 該輪到我擁有童話故事式結尾了吧？ 請不要放棄我 我知道我有點神經病 但你讓我無法自拔 陷入瘋狂 你知道那部電影的情節吧 從日落走到日出 那也可以是我們的故事 那也可以是我們 我感受到的化學反應是真的吧？ 還是你就是這麼優秀的演員？ 畢竟我從來沒有這麼清醒地 渴望著碰不到、看不見、難以負荷的東西 我持續作著夢、想像著 卻又前前後後走著小碎步 我想繼續聽著 也想把它關掉 像白噪音般存在我腦中的你 我試著逃避及淡出 卻又跑回原點 想堅持著 因為突然出現的你 就像是一段沒聽過 卻無比熟悉的旋律 請不要放棄我 我知道我有點神經病 但你讓我無法自拔 陷入瘋狂 你知道那部電影的情節吧 從日落走到日出 那也可以是我們的故事 那也可以是我們 (作著夢、想像著) (前前後後走著小碎步) (繼續聽著 也想把它關掉) 像白噪音般存在我腦中的你 那也可以是我們的故事 那也可以是我們 
吉他: CW Sun 貝斯: 陳柏宏 鼓手: 張育齊 KB: Niki
都是我在幻想嗎？ 又是另一個消縱即逝的戀情嗎？ 我是知道該怎麼分辨的 但這次卻找不到任何線索或缺點
我正失去理智、崩潰著 卻又同時是局內人和局外人 因為我真的需要上岸、清醒了 我不該再繼續沈溺了 我正在等待 卻又在受傷 正帶著熱忱 卻要求自己冷靜 因為我想要最終的結局 該輪到我擁有童話故事式結尾了吧？
請不要放棄我 我知道我有點神經病 但你讓我無法自拔 陷入瘋狂 你知道那部電影的情節吧 從日落走到日出 那也可以是我們的故事 那也可以是我們
我感受到的化學反應是真的吧？ 還是你就是這麼優秀的演員？ 畢竟我從來沒有這麼清醒地 渴望著碰不到、看不見、難以負荷的東西
我持續作著夢、想像著 卻又前前後後走著小碎步 我想繼續聽著 也想把它關掉 像白噪音般存在我腦中的你 我試著逃避及淡出 卻又跑回原點 想堅持著 因為突然出現的你 就像是一段沒聽過 卻無比熟悉的旋律
請不要放棄我 我知道我有點神經病 但你讓我無法自拔 陷入瘋狂 你知道那部電影的情節吧 從日落走到日出 那也可以是我們的故事 那也可以是我們
(作著夢、想像著) (前前後後走著小碎步) (繼續聽著 也想把它關掉) 像白噪音般存在我腦中的你
那也可以是我們的故事 那也可以是我們","動態歌詞
Is it all just in my mind Is it just another temporary rush passing by ‘Cause I swear I know the signs But I couldn’t pick up any hint, any flag this time I’m cracking up and breaking down While I’m falling in and falling out ‘Cause I wanna take them off and shake them off The heels above my head I’m waiting on and bleeding out While I’m heating up and cooling down ‘Cause I want the end of the ends It should be my turn for happily ever after Don’t give up on me I know I’m a little insane But you’re driving me crazy You know that scene from the movie Walking from sunset ‘til sunrise That could be you and me That could be you and me Tell me if I sensed some chemistry Or tell me if you’re that good of an actor ‘Cause I haven’t been more sober When I am craving for something untouchable, invisible, unbearable I’m dreaming on and making up While I’m pacing up and pacing down ‘Cause I wanna keep it on and turn it off You’re the white noise in my head I’m letting off and fading out While I’m running back and keeping on ‘Cause you are the one who fell upon And the one who felt like a song I heard before Don’t give up on me I know I’m a little insane But you’re driving me crazy You know that scene from the movie Walking from sunset ‘til sunrise That could be you and me That could be you and me Don’t give up on me I know I’m a little insane But you’re driving me crazy You know that scene from the movie Walking from sunset ‘til sunrise That could be you and me Don’t give up on me I know I’m a little insane But you’re driving me crazy, baby You know that scene from that movie Walking from sunset ‘til sunrise That could be you and me That could be you and me (Dreaming on and making up) (Pacing up and pacing down) (Keep it on and turn it off) (You’re the white noise in my head) That could be you and me That could be you and me 
Is it all just in my mind Is it just another temporary rush passing by ‘Cause I swear I know the signs But I couldn’t pick up any hint, any flag this time I’m cracking up and breaking down While I’m falling in and falling out ‘Cause I wanna take them off and shake them off The heels above my head I’m waiting on and bleeding out While I’m heating up and cooling down ‘Cause I want the end of the ends It should be my turn for happily ever after Don’t give up on me I know I’m a little insane But you’re driving me crazy You know that scene from the movie Walking from sunset ‘til sunrise That could be you and me That could be you and me Tell me if I sensed some chemistry Or tell me if you’re that good of an actor ‘Cause I haven’t been more sober When I am craving for something untouchable, invisible, unbearable I’m dreaming on and making up While I’m pacing up and pacing down ‘Cause I wanna keep it on and turn it off You’re the white noise in my head I’m letting off and fading out While I’m running back and keeping on ‘Cause you are the one who fell upon And the one who felt like a song I heard before Don’t give up on me I know I’m a little insane But you’re driving me crazy You know that scene from the movie Walking from sunset ‘til sunrise That could be you and me That could be you and me Don’t give up on me I know I’m a little insane But you’re driving me crazy You know that scene from the movie Walking from sunset ‘til sunrise That could be you and me Don’t give up on me I know I’m a little insane But you’re driving me crazy, baby You know that scene from that movie Walking from sunset ‘til sunrise That could be you and me That could be you and me (Dreaming on and making up) (Pacing up and pacing down) (Keep it on and turn it off) (You’re the white noise in my head) That could be you and me That could be you and me
留言（ 0 ） 最相關留言 所有留言
留言（ 0 ）",2026-09-11,,,False,False,
2026-09-11 14:01:12,realtime,folk,,,41,Niki the Unicorn,(Full Band) All I Ever Wanted,1,2,0,https://streetvoice.com/niki_yuwen/songs/878086/,https://streetvoice.com/niki_yuwen/,"https://akstatic.streetvoice.com/music_albums/ni/ki/niki_yuwen/R7AKfWzixtJrVSxFGymEsM.jpeg?x-oss-process=image/resize,m_fill,h_400,w_400,limit_0",images/878086.jpeg,@niki_yuwen,音樂人,台北市,2024-05-01,2024-09-18 10:15,48,903,14,,https://www.instagram.com/niki.theunicorn/,https://www.youtube.com/@niki.theunicorn,Niki the Unicorn推出第6張專輯《Almost Maybes》 2/7野地方辦發片專場|||https://blow.streetvoice.com/85741/?utm_source=streetvoice&utm_medium=profile-news-block; Niki the Unicorn發行全新EP《Reckless Driver in a Cadillac》 5/14將於台北Revolver舉辦首場專場|||https://blow.streetvoice.com/79907/?utm_source=streetvoice&utm_medium=profile-news-block; 【吹專訪】我做了張專輯回應前任的冷暴力——Niki談《傲慢與偏見》：「如果不想被這樣的字句紀念，就不要給我這種靈感吧。」|||https://blow.streetvoice.com/78311/?utm_source=streetvoice&utm_medium=profile-news-block,,Singer / Songwriter,Live Collections : I,https://streetvoice.com/niki_yuwen/songs/album/97326024/,,"吉他: CW Sun 貝斯: 陳柏宏 鼓手: 張育齊 相遇那天 你問了「你理想中的愛是什麼樣子？」 我回了你「一個家」 我跟你敘述了我的原生家庭 也分享了路上的老夫老妻還能手牽手走著 總讓我妒忌 你曾說我在經過的那些爛事之後 我值得你所有的愛 現在你說我就是妄想症： 「你他媽又想溝通什麼了？」 我一直想要的 只是睡前耍廢抱在一起 感受你右腿在我膝蓋上的重量 在晚上十點十分 吃著炸雞看摩登家庭 但你想要擁有更多來掩飾你的自卑 因此為了自尊及社會的期望 你最終拋下了唯一擁有過真實的東西 我 6/22 你在外討著關注來滿足你的自大 我卻一個人守在家 你有閃過一絲我的念頭嗎？ 我明明就坐在窗台等著一則 你連傳送都不願意的訊息 你說我太大驚小怪了 但我明明在說實話 對吧？ 「我都在你身邊了 你到底還想要我怎樣？」 我一直想要的 只是睡前耍廢抱在一起 感受你右腿在我膝蓋上的重量 在晚上十點十分 吃著炸雞看摩登家庭 但你想要擁有更多來掩飾你的自卑 因此為了自尊及社會的期望 你最終拋下了唯一擁有過真實的東西 我 看你長成一個男人 不是我的職責了 我沒辦法把你變成你成為不了的角色 我也慶幸那個生命沒有來到家裡 你看看我爸對我做了什麼 又看看你已經對我做了什麼 我一直想要的 只是睡前耍廢抱在一起 感受你右腿在我膝蓋上的重量 在晚上十點十分 吃著炸雞看摩登家庭 但你想要擁有更多來掩飾你的自卑 因此為了自尊及社會的期望 你最終拋下了唯一擁有過真實的東西 我 我一直想要的只是你答應給我的家 
吉他: CW Sun 貝斯: 陳柏宏 鼓手: 張育齊
相遇那天 你問了「你理想中的愛是什麼樣子？」 我回了你「一個家」
我跟你敘述了我的原生家庭 也分享了路上的老夫老妻還能手牽手走著 總讓我妒忌
你曾說我在經過的那些爛事之後 我值得你所有的愛 現在你說我就是妄想症： 「你他媽又想溝通什麼了？」
我一直想要的 只是睡前耍廢抱在一起 感受你右腿在我膝蓋上的重量 在晚上十點十分 吃著炸雞看摩登家庭 但你想要擁有更多來掩飾你的自卑 因此為了自尊及社會的期望 你最終拋下了唯一擁有過真實的東西 我
6/22 你在外討著關注來滿足你的自大 我卻一個人守在家 你有閃過一絲我的念頭嗎？ 我明明就坐在窗台等著一則 你連傳送都不願意的訊息
你說我太大驚小怪了 但我明明在說實話 對吧？ 「我都在你身邊了 你到底還想要我怎樣？」
我一直想要的 只是睡前耍廢抱在一起 感受你右腿在我膝蓋上的重量 在晚上十點十分 吃著炸雞看摩登家庭 但你想要擁有更多來掩飾你的自卑 因此為了自尊及社會的期望 你最終拋下了唯一擁有過真實的東西 我
看你長成一個男人 不是我的職責了 我沒辦法把你變成你成為不了的角色 我也慶幸那個生命沒有來到家裡 你看看我爸對我做了什麼 又看看你已經對我做了什麼
我一直想要的 只是睡前耍廢抱在一起 感受你右腿在我膝蓋上的重量 在晚上十點十分 吃著炸雞看摩登家庭 但你想要擁有更多來掩飾你的自卑 因此為了自尊及社會的期望 你最終拋下了唯一擁有過真實的東西 我
我一直想要的只是你答應給我的家","動態歌詞
On the day we met You asked about ‘what’s your ideal kind of love’ And I replied, ‘a home’ I told you ‘bout my family And how I envy the old couples in the streets Walking hand in hand You said I deserve all your love After going through all the shit Now you said I’m just delusional ‘What the fuck you want to talk about again’ All I ever wanted Was cuddling in bed with your right leg on my knee Getting fried chicken, 10 after 10 watching Modern Family But you wanted more to cover up all that inferiority So you settled for the world by throwing away your only real thing, me Twenty-second of June You’re out getting attention to fill your arrogance And I’m left alone Did I ever cross your mind? When I’m sitting by the window waiting for a text That you didn’t even bother to send You said I’m being dramatic Saying words that spoke the truth ‘Am I not already next to you?’ ‘What the hell am I supposed to do?’ All I ever wanted Was cuddling in bed with your right leg on my knee Getting fried chicken, 10 after 10 watching Modern Family But you wanted more to cover up all that inferiority So you settled for the world by throwing away your only real thing, me (All I ever wanted) (You threw me away, threw me away, oh) It’s not my duty To watch you grow up into a man I can’t turn you into something you’re not And I’m glad the baby Didn’t come into this family Look what my dad did to me And look what you’ve already done to me When all I ever wanted Was cuddling in bed with your right leg on my knee Getting fried chicken, 10 after 10 watching Modern Family But you wanted more to cover up all that inferiority So you settled for the world by throwing away your only real thing, me (Was cuddling in bed with your right leg on my knee) (10 after 10 watching Modern Family) All I ever wanted was the home you promised me 
On the day we met You asked about ‘what’s your ideal kind of love’ And I replied, ‘a home’ I told you ‘bout my family And how I envy the old couples in the streets Walking hand in hand You said I deserve all your love After going through all the shit Now you said I’m just delusional ‘What the fuck you want to talk about again’ All I ever wanted Was cuddling in bed with your right leg on my knee Getting fried chicken, 10 after 10 watching Modern Family But you wanted more to cover up all that inferiority So you settled for the world by throwing away your only real thing, me Twenty-second of June You’re out getting attention to fill your arrogance And I’m left alone Did I ever cross your mind? When I’m sitting by the window waiting for a text That you didn’t even bother to send You said I’m being dramatic Saying words that spoke the truth ‘Am I not already next to you?’ ‘What the hell am I supposed to do?’ All I ever wanted Was cuddling in bed with your right leg on my knee Getting fried chicken, 10 after 10 watching Modern Family But you wanted more to cover up all that inferiority So you settled for the world by throwing away your only real thing, me (All I ever wanted) (You threw me away, threw me away, oh) It’s not my duty To watch you grow up into a man I can’t turn you into something you’re not And I’m glad the baby Didn’t come into this family Look what my dad did to me And look what you’ve already done to me When all I ever wanted Was cuddling in bed with your right leg on my knee Getting fried chicken, 10 after 10 watching Modern Family But you wanted more to cover up all that inferiority So you settled for the world by throwing away your only real thing, me (Was cuddling in bed with your right leg on my knee) (10 after 10 watching Modern Family) All I ever wanted was the home you promised me
留言（ 0 ） 最相關留言 所有留言
留言（ 0 ）",2026-09-11,,,False,False,
2026-09-11 14:01:12,realtime,folk,,,42,Niki the Unicorn,(Full Band) Amore Mio ft.楊子平CAsPER,1,2,0,https://streetvoice.com/niki_yuwen/songs/878084/,https://streetvoice.com/niki_yuwen/,"https://akstatic.streetvoice.com/music_albums/ni/ki/niki_yuwen/R7AKfWzixtJrVSxFGymEsM.jpeg?x-oss-process=image/resize,m_fill,h_400,w_400,limit_0",images/878084.jpeg,@niki_yuwen,音樂人,台北市,2024-05-01,2024-09-18 10:15,48,903,14,,https://www.instagram.com/niki.theunicorn/,https://www.youtube.com/@niki.theunicorn,Niki the Unicorn推出第6張專輯《Almost Maybes》 2/7野地方辦發片專場|||https://blow.streetvoice.com/85741/?utm_source=streetvoice&utm_medium=profile-news-block; Niki the Unicorn發行全新EP《Reckless Driver in a Cadillac》 5/14將於台北Revolver舉辦首場專場|||https://blow.streetvoice.com/79907/?utm_source=streetvoice&utm_medium=profile-news-block; 【吹專訪】我做了張專輯回應前任的冷暴力——Niki談《傲慢與偏見》：「如果不想被這樣的字句紀念，就不要給我這種靈感吧。」|||https://blow.streetvoice.com/78311/?utm_source=streetvoice&utm_medium=profile-news-block,,Singer / Songwriter,Live Collections : I,https://streetvoice.com/niki_yuwen/songs/album/97326024/,,"吉他: CW Sun / 楊子平CAsPER 貝斯: 陳柏宏 鼓手: 張育齊 還深陷在你散發的迷迭香味道裡 我用羅勒葉的氣味緊緊的擁抱你 如果情調太過刺鼻 百里香能幫我們去腥 我們只要在一起就是最好的料理 角落的咖啡廳 如同電影場景般 有熟悉的香氣 把我溫柔的叫醒了 像是你的身影 希望著我也在你身邊 Amore Mio 給你我所有 即便這條路上是逆水行舟 我也能夠 提筆記載你每個春夏秋冬 你的指尖成為了我紋身的一部分 那種展現熱情的方式讓我... 雖然隔著萬里 但如影隨形的你 Amore Mio 平靜的湛藍地中海 如同米開朗基羅的雕像般 我被你釋放了 你眼裡散發著佛朗明哥的紅色 脖上圍著領巾 好好讓我吻吻你吧 角落的咖啡廳 如同電影場景般 有熟悉的香氣 把我溫柔的叫醒了 像是你的身影 希望著我也在你身邊 Amore Mio 給你我所有 即便這條路上是逆水行舟 我也能夠 提筆記載你每個春夏秋冬 你的指尖成為了我紋身的一部分 那種展現熱情的方式讓我... 雖然隔著萬里 但如影隨形的你 Amore Mio You brought me back from the pouring rain And said, ‘there’s no need to hide again’ ‘I will be your daylight across the seven seas’ Come on and have some fun This is Dolce la Vita In this Italian city 你把我從大雨中拉了回來 告訴我不需要再躲藏了 「我會成為你橫跨七大洋的暖陽」 在這座義大利城市裡 一起來好好享受吧 這就是美好的人生 Amore Mio 給你我所有 即便這條路上是逆水行舟 我也能夠 提筆記載你每個春夏秋冬 你的指尖成為了我紋身的一部分 那種展現熱情的方式讓我... 雖然隔著萬里 但如影隨形的你 Amore Mio 
吉他: CW Sun / 楊子平CAsPER 貝斯: 陳柏宏 鼓手: 張育齊
還深陷在你散發的迷迭香味道裡 我用羅勒葉的氣味緊緊的擁抱你 如果情調太過刺鼻 百里香能幫我們去腥 我們只要在一起就是最好的料理
角落的咖啡廳 如同電影場景般 有熟悉的香氣 把我溫柔的叫醒了 像是你的身影 希望著我也在你身邊
Amore Mio 給你我所有 即便這條路上是逆水行舟 我也能夠 提筆記載你每個春夏秋冬 你的指尖成為了我紋身的一部分 那種展現熱情的方式讓我... 雖然隔著萬里 但如影隨形的你 Amore Mio
平靜的湛藍地中海 如同米開朗基羅的雕像般 我被你釋放了 你眼裡散發著佛朗明哥的紅色 脖上圍著領巾 好好讓我吻吻你吧
角落的咖啡廳 如同電影場景般 有熟悉的香氣 把我溫柔的叫醒了 像是你的身影 希望著我也在你身邊
Amore Mio 給你我所有 即便這條路上是逆水行舟 我也能夠 提筆記載你每個春夏秋冬 你的指尖成為了我紋身的一部分 那種展現熱情的方式讓我... 雖然隔著萬里 但如影隨形的你 Amore Mio
You brought me back from the pouring rain And said, ‘there’s no need to hide again’ ‘I will be your daylight across the seven seas’ Come on and have some fun This is Dolce la Vita In this Italian city 你把我從大雨中拉了回來 告訴我不需要再躲藏了 「我會成為你橫跨七大洋的暖陽」 在這座義大利城市裡 一起來好好享受吧 這就是美好的人生
Amore Mio 給你我所有 即便這條路上是逆水行舟 我也能夠 提筆記載你每個春夏秋冬 你的指尖成為了我紋身的一部分 那種展現熱情的方式讓我... 雖然隔著萬里 但如影隨形的你 Amore Mio","動態歌詞
還深陷在你散發的迷迭香味道裡 我用羅勒葉的氣味緊緊的擁抱你 如果情調太過刺鼻 百里香能幫我們去腥 我們只要在一起就是最好的料理 角落的咖啡廳 Like a movie scene 有熟悉的香氣 Got woken up gracefully 像是你的身影 Wishing you were here with me Amore mio 給你我所有 即便這條路上是逆水行舟 我也能夠 提筆記載你每個春夏秋冬 Tattooed on my skin, your fingertips I’m dammed by the way you move my… Thousand miles apart But you shadow me everywhere Amore mio Calming cerulean Mediterranean sea Sculptures of Angelo How you set me free The passion in your eyes Flamingo red Bandana tied around your neck ti voglio baciare 角落的咖啡廳 Like a movie scene 有熟悉的香氣 Got woken up gracefully 像是你的身影 Wishing you were here with me Amore mio 給你我所有 即便這條路上是逆水行舟 我也能夠 提筆記載你每個春夏秋冬 Tattooed on my skin, your fingertips I’m dammed by the way you move my… Thousand miles apart But you shadow me everywhere Amore mio You brought me back from the pouring rain And said ‘there’s no need to hide again’ ‘I will be your daylight across the seven seas’ Come on and have some fun This is Dolce La Vita In this Italian city… Amore mio 給你我所有 即便這條路上是逆水行舟 我也能夠 提筆記載你每個春夏秋冬 Tattooed on my skin, your fingertips I’m dammed by the way you move my… Thousand miles apart But you shadow me everywhere Amore mio 
還深陷在你散發的迷迭香味道裡 我用羅勒葉的氣味緊緊的擁抱你 如果情調太過刺鼻 百里香能幫我們去腥 我們只要在一起就是最好的料理 角落的咖啡廳 Like a movie scene 有熟悉的香氣 Got woken up gracefully 像是你的身影 Wishing you were here with me Amore mio 給你我所有 即便這條路上是逆水行舟 我也能夠 提筆記載你每個春夏秋冬 Tattooed on my skin, your fingertips I’m dammed by the way you move my… Thousand miles apart But you shadow me everywhere Amore mio Calming cerulean Mediterranean sea Sculptures of Angelo How you set me free The passion in your eyes Flamingo red Bandana tied around your neck ti voglio baciare 角落的咖啡廳 Like a movie scene 有熟悉的香氣 Got woken up gracefully 像是你的身影 Wishing you were here with me Amore mio 給你我所有 即便這條路上是逆水行舟 我也能夠 提筆記載你每個春夏秋冬 Tattooed on my skin, your fingertips I’m dammed by the way you move my… Thousand miles apart But you shadow me everywhere Amore mio You brought me back from the pouring rain And said ‘there’s no need to hide again’ ‘I will be your daylight across the seven seas’ Come on and have some fun This is Dolce La Vita In this Italian city… Amore mio 給你我所有 即便這條路上是逆水行舟 我也能夠 提筆記載你每個春夏秋冬 Tattooed on my skin, your fingertips I’m dammed by the way you move my… Thousand miles apart But you shadow me everywhere Amore mio
留言（ 0 ） 最相關留言 所有留言
留言（ 0 ）",2026-09-11,,,False,False,
2026-09-11 14:01:12,realtime,folk,,,43,萬德爾1DER,雨錯過天晴我錯過你,0,3,1,https://streetvoice.com/1derersing4u/songs/877357/,https://streetvoice.com/1derersing4u/,"https://akstatic.streetvoice.com/song_covers/1d/er/1derersing4u/WgH3VpipnfKSM9Vko8fSyD.jpg?x-oss-process=image/resize,m_fill,h_400,w_400,limit_0",images/877357.jpg,@1derersing4u,音樂人,,,,,,,,,https://www.youtube.com/user/StreetVoiceTV,,,Singer / Songwriter,,,,"我們注定是條平行線，我們的結局都是錯過，或許在某個時刻我們是不可分離的，雨水從沒見過太陽，我也沒有擁有過你，當我們擁抱的時候，眼淚是雨水；歡笑是陽光，哪怕這場太陽雨只維持一下子也好，我心滿意足。 
我們注定是條平行線，我們的結局都是錯過，或許在某個時刻我們是不可分離的，雨水從沒見過太陽，我也沒有擁有過你，當我們擁抱的時候，眼淚是雨水；歡笑是陽光，哪怕這場太陽雨只維持一下子也好，我心滿意足。","從烏雲的縫隙 照亮我的心 你並沒有那麼無情 儘管我們的世界早已冷冷清清 但我們仍在運轉不停 讓回憶更美麗 雨錯過天晴我錯過你 只能夠怪我不爭氣 淚水飛濺我身上 我總說沒關係 下次我們若能再擁抱一起 下場太陽雨 用雨滴的聲音和你說一句 再見 可惜你早聽不清 內心傾盆大雨 表面裝冷靜 悔恨的那些淚水 我捨不得下一場雨 雨錯過天晴我錯過你 只能夠怪我不爭氣 淚水飛濺我身上 我總說沒關係 下次我們若能再擁抱一起 下場太陽雨 時間會讓我等到我心裡放晴 就算沒有也沒關係(怎麼沒關係?） 大雨錯過了天晴而我錯過你 如果我們還能再擁抱一起 下完這場太陽雨 
從烏雲的縫隙 照亮我的心 你並沒有那麼無情 儘管我們的世界早已冷冷清清 但我們仍在運轉不停 讓回憶更美麗
雨錯過天晴我錯過你 只能夠怪我不爭氣 淚水飛濺我身上 我總說沒關係 下次我們若能再擁抱一起 下場太陽雨
用雨滴的聲音和你說一句 再見 可惜你早聽不清 內心傾盆大雨 表面裝冷靜 悔恨的那些淚水 我捨不得下一場雨
雨錯過天晴我錯過你 只能夠怪我不爭氣 淚水飛濺我身上 我總說沒關係 下次我們若能再擁抱一起 下場太陽雨
時間會讓我等到我心裡放晴 就算沒有也沒關係(怎麼沒關係?） 大雨錯過了天晴而我錯過你 如果我們還能再擁抱一起 下完這場太陽雨
留言（ 1 ） 最相關留言 所有留言
留言（ 1 ）",2026-09-11,,,False,False,
2026-09-11 14:01:12,realtime,folk,,,44,Cloud Hsu,冒牌者症候群,0,28,0,https://streetvoice.com/professor0529/songs/878722/,https://streetvoice.com/professor0529/,"https://akstatic.streetvoice.com/profile_images/pr/of/professor0529/WGvmLHkrqmpFyJK4b9ANFs.jpg?x-oss-process=image/resize,m_fill,h_400,w_400,limit_0",images/878722.jpg,@professor0529,音樂人,新北市,2010-02-01,,3,47,44,,,https://www.youtube.com/user/StreetVoiceTV,【StreetVoice新歌週報】ADEN、李權哲攻上熱門榜 美麗本人大嘻哈登台作上線|||https://blow.streetvoice.com/55862/?utm_source=streetvoice&utm_medium=profile-news-block; 穿梭星空的實驗電子 ─ 派樂黛唱片《派樂黛 F2 宇宙之鑰》|||https://blow.streetvoice.com/15729/?utm_source=streetvoice&utm_medium=profile-news-block,,Singer / Songwriter,,,,"舉步維艱 下筆為難 
舉步維艱 下筆為難","【冒牌者症候群】 詞：Cloud Hsu 有時候 為了證明自己足夠好 所以拚了命的跑 到頭來 卻又覺得自己不夠好 所以拚了命的逃 不想被看不起 卻又看不起 那些看不起 於是奮力而起 只為了打臉 讓他倒地不起 但有時自己 也想耍賴不起 最後只好躺下來 好好喘息 後來不再費力說明或討好 連解釋都顯得多餘而可笑 剩下大腦裡的折返跑 跑著跑著 連起點 都找不到 原地打轉的思考 那是靈魂在退燒 不想被看不起 卻又看不起 那些看不起 於是奮力而起 只為了打臉 讓他倒地不起 但有時自己 也想耍賴不起 最後只好躺下來 好好喘息 找不到 找不到 找不到。 
【冒牌者症候群】 詞：Cloud Hsu
有時候 為了證明自己足夠好 所以拚了命的跑 到頭來 卻又覺得自己不夠好 所以拚了命的逃
不想被看不起 卻又看不起 那些看不起 於是奮力而起 只為了打臉 讓他倒地不起 但有時自己 也想耍賴不起 最後只好躺下來 好好喘息
後來不再費力說明或討好 連解釋都顯得多餘而可笑 剩下大腦裡的折返跑 跑著跑著 連起點 都找不到
原地打轉的思考 那是靈魂在退燒
不想被看不起 卻又看不起 那些看不起 於是奮力而起 只為了打臉 讓他倒地不起 但有時自己 也想耍賴不起 最後只好躺下來 好好喘息
找不到 找不到 找不到。
留言（ 0 ） 最相關留言 所有留言
留言（ 0 ）",2026-09-09,,AI 協作 Singer / Songwriter,False,False,
2026-09-11 14:01:12,realtime,folk,,,45,StreetVoice 未來進行式,2026.09.02 特別來賓：蘇裔非,4,55,0,https://streetvoice.com/svradio/songs/877433/,https://streetvoice.com/svradio/,"https://akstatic.streetvoice.com/song_covers/sv/ra/svradio/KPV63ZFWHfLfZhHWZWVXbE.jpeg?x-oss-process=image/resize,m_fill,h_400,w_400,limit_0",images/877433.jpeg,@svradio,Podcast,基隆市,2009-06-01,,352,1685,,,,https://www.youtube.com/user/StreetVoiceTV,「StreetVoice 未來進行式」六月登陸飛碟電台 世外桃源任首集嘉賓|||https://blow.streetvoice.com/33663/?utm_source=streetvoice&utm_medium=profile-news-block; 勃發的創作量、新的收入可能：往音樂社群平台發展的StreetVoice，在2021年度報告中分享了哪些資訊？|||https://blow.streetvoice.com/58836/?utm_source=streetvoice&utm_medium=profile-news-block; 返回地球 理化兄弟 P.C.B 新單曲《PSYBERPUNKER》未來進行式搶先首播|||https://blow.streetvoice.com/21388/?utm_source=streetvoice&utm_medium=profile-news-block,,Singer / Songwriter,,,蘇裔非,"在蘇裔非的頻道裡有一集「我創了個來鬧的獨立樂團」，提到了街聲，當時他的音樂化名叫哈密瓜哥哥。的確沒想到這青年近期竟然以本名推出一張全長的饒舌專輯《少年殺人事件》。以年紀論之，這首張個人專輯的視野與執行度，每一個面向都足夠支撐他成為今年的新人候選。相信很多人好奇他是怎麼想的又是怎麼做到的，來吧，就看跟不跟得上這專訪。 本集來賓： 蘇裔非 https://streetvoice.com/ifeisu/ 節目資訊： StreetVoice未來進行式 FB： https://www.facebook.com/StreetVoiceonair/ IG： https://www.instagram.com/streetvoiceonair/ 主持人：小樹 https://www.instagram.com/chillouttree/ 出品｜街聲股份有限公司 主持｜小樹 製作｜韁河媒體工作室 Marks & 邋遢狗 剪輯｜韁河媒體工作室 柏翰 社群｜黃芷萱（米雪） Podcast 聯繫信箱｜[svradio9999@gmail.com](< mailto:svradio9999@gmail.com >) *本計畫獲文化部影視及流行音樂產業局 114 年補助 
在蘇裔非的頻道裡有一集「我創了個來鬧的獨立樂團」，提到了街聲，當時他的音樂化名叫哈密瓜哥哥。的確沒想到這青年近期竟然以本名推出一張全長的饒舌專輯《少年殺人事件》。以年紀論之，這首張個人專輯的視野與執行度，每一個面向都足夠支撐他成為今年的新人候選。相信很多人好奇他是怎麼想的又是怎麼做到的，來吧，就看跟不跟得上這專訪。
本集來賓： 蘇裔非 https://streetvoice.com/ifeisu/
https://streetvoice.com/ifeisu/
節目資訊： StreetVoice未來進行式
FB： https://www.facebook.com/StreetVoiceonair/
https://www.facebook.com/StreetVoiceonair/
IG： https://www.instagram.com/streetvoiceonair/
https://www.instagram.com/streetvoiceonair/
主持人：小樹 https://www.instagram.com/chillouttree/
https://www.instagram.com/chillouttree/
出品｜街聲股份有限公司 主持｜小樹 製作｜韁河媒體工作室 Marks & 邋遢狗 剪輯｜韁河媒體工作室 柏翰 社群｜黃芷萱（米雪） Podcast 聯繫信箱｜[svradio9999@gmail.com](< mailto:svradio9999@gmail.com >)
mailto:svradio9999@gmail.com
*本計畫獲文化部影視及流行音樂產業局 114 年補助","這是沒有提供歌詞的歌曲
留言（ 0 ） 最相關留言 所有留言
留言（ 0 ）",2026-09-02,,編輯推薦,True,False,
2026-09-11 14:01:12,realtime,folk,,,46,yautheone,星星太陽月亮,19,351,14,https://streetvoice.com/yautheone/songs/877590/,https://streetvoice.com/yautheone/,"https://akstatic.streetvoice.com/song_covers/ya/ut/yautheone/ECZzAZdooEomMaowCuv2y6.jpeg?x-oss-process=image/resize,m_fill,h_400,w_400,limit_0",images/877590.jpeg,@yautheone,音樂人,,,,1,6,1,,,https://www.youtube.com/user/StreetVoiceTV,,,Singer / Songwriter,,,,"「你可以懸在我心上，做我的太陽和月亮」 「我可以懸在你心上，做你的星星。。太陽。。。月亮。。」 「夜晚要陪我傾歇3>」 「陪你到天光都無問題」 「一起了，你開車還是我開車？」 「當然是我呀」 「xoxo」 「我熱到好似太陽咁架喎」 「hehe」 
「你可以懸在我心上，做我的太陽和月亮」
「我可以懸在你心上，做你的星星。。太陽。。。月亮。。」
「夜晚要陪我傾歇3>」
「陪你到天光都無問題」
「一起了，你開車還是我開車？」
「當然是我呀」
「xoxo」
「我熱到好似太陽咁架喎」
「hehe」","動態歌詞
詞曲：yautheone邱峻恩 編：Daniel Lang梁昌勝￼￼/yautheone邱峻恩 監：Adam Sang鄭如川 《星星太陽月亮》 你可以懸在我心上 做你的太陽 給你溫暖安心 和幸福感 你可以懸在我心上 做你的月亮 陪你聊天分享 一起期待天亮 你可以懸在我心上 做你的星星 huhuhu huhu hu hu 跟你慢慢變老 互相陪伴 感謝上天俾我認識到你 一步步走近行到你既隔離 呢一刻 我不再理會生死 打風落雨都做你專屬既司機 有人話 愛情不過係個選擇 遇到渣男瞬間焦頭爛額 請你放心我係長跑冠軍 愛情路上一齊並堅前行 星星太陽月亮可以幫我做證 你就似宇宙中既一顆明星 你既心事我非常樂意傾聽 陪伴你直到我地身份榮升 你可以懸在我心上~ 做你的太陽 給你溫暖安心和幸福感 你可以懸在我心上 做你的月亮 陪你聊天分享 一起期待天亮 你可以懸在我心上 做你的星星 huhuhu hu hu hu hu 跟你慢慢變老 互相陪伴 Hu u hu hu Hu u hu hu Hu u hu hu Hu u hu hu Hu u hu hu Hu u hu hu Hu u hu hu Hu u hu hu 你可以懸在我心上 做你的太陽 給你溫暖安心和幸福感 你可以懸在我心上 做你的月亮 陪你聊天分享 一起期待天亮 你可以懸在我心上 做你的星星 huhuhu huhu hu hu 跟你慢慢變老 互相陪伴 Hu u hu hu Hu u hu hu 互相陪伴 互相陪伴 
詞曲：yautheone邱峻恩 編：Daniel Lang梁昌勝￼￼/yautheone邱峻恩 監：Adam Sang鄭如川
《星星太陽月亮》
你可以懸在我心上 做你的太陽 給你溫暖安心 和幸福感 你可以懸在我心上 做你的月亮 陪你聊天分享 一起期待天亮 你可以懸在我心上 做你的星星 huhuhu huhu hu hu 跟你慢慢變老 互相陪伴
感謝上天俾我認識到你 一步步走近行到你既隔離 呢一刻 我不再理會生死 打風落雨都做你專屬既司機
有人話 愛情不過係個選擇 遇到渣男瞬間焦頭爛額 請你放心我係長跑冠軍 愛情路上一齊並堅前行
星星太陽月亮可以幫我做證 你就似宇宙中既一顆明星 你既心事我非常樂意傾聽 陪伴你直到我地身份榮升
你可以懸在我心上~ 做你的太陽 給你溫暖安心和幸福感 你可以懸在我心上 做你的月亮 陪你聊天分享 一起期待天亮 你可以懸在我心上 做你的星星 huhuhu hu hu hu hu 跟你慢慢變老 互相陪伴
Hu u hu hu Hu u hu hu Hu u hu hu Hu u hu hu
Hu u hu hu Hu u hu hu Hu u hu hu Hu u hu hu
你可以懸在我心上 做你的太陽 給你溫暖安心和幸福感 你可以懸在我心上 做你的月亮 陪你聊天分享 一起期待天亮 你可以懸在我心上 做你的星星 huhuhu huhu hu hu 跟你慢慢變老 互相陪伴
Hu u hu hu Hu u hu hu 互相陪伴 互相陪伴
留言（ 14 ） 最相關留言 所有留言
留言（ 14 ）",2026-09-02,,,False,False,
2026-09-11 14:01:12,realtime,folk,,,47,伯痕,后来的我们,1,2,0,https://streetvoice.com/aimifen/songs/878683/,https://streetvoice.com/aimifen/,"https://akstatic.streetvoice.com/song_covers/ai/mi/aimifen/LmWYcNanuTewFY3o9yPkUL.jpeg?x-oss-process=image/resize,m_fill,h_400,w_400,limit_0",images/878683.jpeg,@aimifen,音樂人,福建,2026-09-01,,3,,,,,https://www.youtube.com/user/StreetVoiceTV,,,Folk,,,,"这是一首写给遗憾的歌。 那个黄昏，她松开他的手，说好了不回头，却还是一步三回首。江水向东流，他们却走向了不同的人生。 他们曾经相爱，也曾经想过一起走下去，只是世俗像一条渡不过的河，把两个人隔在了彼岸。后来，她嫁去了江南，他远走漠北；她在庭院里看春去秋来，他在小酒馆里望着南方沉默。 他们各自成家，各自生活，也各自把那段感情藏进了岁月深处。没有人再提起，却也从来没有真正忘记。 半生漂泊，换不来一次回头。 多年以后，他终于回到那个渡口，江水依旧，渡船已换。只是这一次，他等来的不是重逢，而是她已经离去的消息。 原来有些人，这一生注定只能错过。 而那句“来生再牵你的手”，也成了他们留给彼此，最后的约定。  伯痕作品 
这是一首写给遗憾的歌。 那个黄昏，她松开他的手，说好了不回头，却还是一步三回首。江水向东流，他们却走向了不同的人生。 他们曾经相爱，也曾经想过一起走下去，只是世俗像一条渡不过的河，把两个人隔在了彼岸。后来，她嫁去了江南，他远走漠北；她在庭院里看春去秋来，他在小酒馆里望着南方沉默。 他们各自成家，各自生活，也各自把那段感情藏进了岁月深处。没有人再提起，却也从来没有真正忘记。 半生漂泊，换不来一次回头。 多年以后，他终于回到那个渡口，江水依旧，渡船已换。只是这一次，他等来的不是重逢，而是她已经离去的消息。 原来有些人，这一生注定只能错过。 而那句“来生再牵你的手”，也成了他们留给彼此，最后的约定。  伯痕作品","那个黄昏她松开他的手 说好了不回头却一步三回首 巷口的风吹乱她的发梢 也吹散没说出口的挽留 他站在桥头看江水向东流 香烟烫了指头也没觉得痛 有些路注定要一个人走 有些爱注定无法回头 两行清泪无止无休 一杯浊酒难消万古愁 她早已嫁人在江南的楼 他远走他乡在漠北的秋 两行清泪无止无休 半生漂泊换不来一次回头 世俗像一条渡不过的河 他们在两岸各自白了头 听说她后来有了自己的孩子 心照不宣地仍念着那时候 她教孩子读床前明月光 念着念着就偷偷湿了眼眸 听说他后来开了一家小酒馆 每个傍晚都坐在同一个角落 心照不宣地望着南方沉默 客人问起烈酒暖了喉 两行清泪无止无休 一杯浊酒难消万古愁 她守着庭院看春去秋来 他望着大漠看日升月落 两行清泪无止无休 半生漂泊换不来一次回头 世俗像一把无形的锁 他们用一生学会了沉默 许多年后他回到那个渡口 江水依旧渡船却已换了舟 他听说她早已不在人世 只留下一句 来生再牵你的手 
那个黄昏她松开他的手 说好了不回头却一步三回首 巷口的风吹乱她的发梢 也吹散没说出口的挽留 他站在桥头看江水向东流 香烟烫了指头也没觉得痛 有些路注定要一个人走 有些爱注定无法回头 两行清泪无止无休 一杯浊酒难消万古愁 她早已嫁人在江南的楼 他远走他乡在漠北的秋 两行清泪无止无休 半生漂泊换不来一次回头 世俗像一条渡不过的河 他们在两岸各自白了头 听说她后来有了自己的孩子 心照不宣地仍念着那时候 她教孩子读床前明月光 念着念着就偷偷湿了眼眸 听说他后来开了一家小酒馆 每个傍晚都坐在同一个角落 心照不宣地望着南方沉默 客人问起烈酒暖了喉 两行清泪无止无休 一杯浊酒难消万古愁 她守着庭院看春去秋来 他望着大漠看日升月落 两行清泪无止无休 半生漂泊换不来一次回头 世俗像一把无形的锁 他们用一生学会了沉默 许多年后他回到那个渡口 江水依旧渡船却已换了舟 他听说她早已不在人世 只留下一句 来生再牵你的手
留言（ 0 ） 最相關留言 所有留言
留言（ 0 ）",2026-09-09,,,False,False,
2026-09-11 14:01:12,realtime,folk,,,48,伯痕,那年栀子花开,0,1,0,https://streetvoice.com/aimifen/songs/878682/,https://streetvoice.com/aimifen/,"https://akstatic.streetvoice.com/song_covers/ai/mi/aimifen/YcH93mxoNhFDvxJosGLKWz.jpeg?x-oss-process=image/resize,m_fill,h_400,w_400,limit_0",images/878682.jpeg,@aimifen,音樂人,福建,2026-09-01,,3,,,,,https://www.youtube.com/user/StreetVoiceTV,,,Folk,,,,"《那年栀子花开》 有些青春不会真正过去，它只是藏在一阵花香、一次晚霞，或者一条熟悉的老巷里。 《那年栀子花开》写的是一段很简单的青春故事。老电影院的台阶、融化的冰淇淋、晚霞下偷偷看过的一眼，还有两个连牵手都小心翼翼的年轻人。 他们曾经约定，要慢一点，慢一点走完一辈子。后来却因为远方和生活，去了不同的城市。 两年后，一封写着“栀子花开了，我想你”的信，让他们重新回到那条熟悉的巷子。 栀子花又开了，老树还在，风也还在，而曾经说过的“一辈子”，终于没有成为一句青春里的玩笑。 愿所有年轻时说过的话，都能在多年以后，有一个温柔的答案。  伯痕作品 
《那年栀子花开》 有些青春不会真正过去，它只是藏在一阵花香、一次晚霞，或者一条熟悉的老巷里。 《那年栀子花开》写的是一段很简单的青春故事。老电影院的台阶、融化的冰淇淋、晚霞下偷偷看过的一眼，还有两个连牵手都小心翼翼的年轻人。 他们曾经约定，要慢一点，慢一点走完一辈子。后来却因为远方和生活，去了不同的城市。 两年后，一封写着“栀子花开了，我想你”的信，让他们重新回到那条熟悉的巷子。 栀子花又开了，老树还在，风也还在，而曾经说过的“一辈子”，终于没有成为一句青春里的玩笑。 愿所有年轻时说过的话，都能在多年以后，有一个温柔的答案。  伯痕作品","你穿着碎花的裙子 坐在老电影院的台阶上 风把你的长发吹起来 像一首还没写完的诗 冰淇淋化了也没发觉 你说今天的晚霞很好看 我偷偷看了你一眼 比晚霞还好看 那年栀子花 开满整个巷子 我们连牵手 都像在演习 你说怕太近了 会太快消失 我说那就慢一点 一辈子 那年栀子花 开满整个巷子 连路灯都变得五彩斑斓 我们说了很多 傻傻的事 现在想起来 会笑也会湿了眼睛 后来我们 去了不同的城市 远方总有更大的天地 两年后我收到一封信 你说栀子花开了我想你 我买了最近的车票回去 你站在老树下 穿着碎花裙子 和那年一样 栀子花开 只是这次我不会再走了 那年栀子花 开满了整个巷子 我们连牵手 都像在演习 你说怕太近了 会太快消失 我说那就慢一点一辈子 那年栀子花 开满了整个巷子 连路灯都变得 五彩斑斓 我们说了很多 傻傻的事 后来都变成了我们的事 栀子花又开了 你还在身边 那棵老树也还在 风也还在 我们也还在 
你穿着碎花的裙子 坐在老电影院的台阶上 风把你的长发吹起来 像一首还没写完的诗 冰淇淋化了也没发觉 你说今天的晚霞很好看 我偷偷看了你一眼 比晚霞还好看 那年栀子花 开满整个巷子 我们连牵手 都像在演习 你说怕太近了 会太快消失 我说那就慢一点 一辈子 那年栀子花 开满整个巷子 连路灯都变得五彩斑斓 我们说了很多 傻傻的事 现在想起来 会笑也会湿了眼睛 后来我们 去了不同的城市 远方总有更大的天地 两年后我收到一封信 你说栀子花开了我想你 我买了最近的车票回去 你站在老树下 穿着碎花裙子 和那年一样 栀子花开 只是这次我不会再走了 那年栀子花 开满了整个巷子 我们连牵手 都像在演习 你说怕太近了 会太快消失 我说那就慢一点一辈子 那年栀子花 开满了整个巷子 连路灯都变得 五彩斑斓 我们说了很多 傻傻的事 后来都变成了我们的事 栀子花又开了 你还在身边 那棵老树也还在 风也还在 我们也还在
留言（ 0 ） 最相關留言 所有留言
留言（ 0 ）",2026-09-09,,,False,False,
2026-09-11 14:01:12,realtime,folk,,,49,雷克非 Christopher R,The Old Alley Sky,10,927,7,https://streetvoice.com/ChristopherR/songs/878220/,https://streetvoice.com/ChristopherR/,"https://akstatic.streetvoice.com/song_covers/Ch/ri/ChristopherR/bvWZkL4x37RrNDaGZraJ4U.jpeg?x-oss-process=image/resize,m_fill,h_400,w_400,limit_0",images/878220.jpeg,@ChristopherR,音樂人,,,,51,53,167,,,https://www.youtube.com/user/StreetVoiceTV,,,Folk,,,,"Acoustic An old song for my family 
Acoustic An old song for my family","We took the longer road After class, after dark One watched the dust The other looked for stars Nose up to the sky Chin leading the night Almost hit a bike Pulled back just in time Just wanted to see some stars Not here, through the city glare Then the dark split wide The whole sky arrived But we miss you at home And want to hold you tonight No stars here That’s what we believed Till the whole sky opened Above that narrow alley If growing up is leaving Okay to be small tonight A new room, still unpacked Wind scraping at the glass Home was just a freeway bus ride But not tonight Suitcases breathing in the corner You left the light ajar One took the early flight You stayed with the wind Two little almost-twins Trying different names But we miss you at home And want to hold you tonight Now you see the whole sky Every time you raise your head If growing up is leaving Okay to be small tonight But we miss you at home And want to hold you tonight Okay to be small tonight... Let me be small tonight... 
We took the longer road After class, after dark One watched the dust The other looked for stars Nose up to the sky Chin leading the night Almost hit a bike Pulled back just in time
Just wanted to see some stars Not here, through the city glare Then the dark split wide The whole sky arrived
But we miss you at home And want to hold you tonight No stars here That’s what we believed Till the whole sky opened Above that narrow alley If growing up is leaving Okay to be small tonight
A new room, still unpacked Wind scraping at the glass Home was just a freeway bus ride But not tonight Suitcases breathing in the corner You left the light ajar One took the early flight You stayed with the wind Two little almost-twins Trying different names
But we miss you at home And want to hold you tonight Now you see the whole sky Every time you raise your head If growing up is leaving Okay to be small tonight
But we miss you at home And want to hold you tonight
Okay to be small tonight... Let me be small tonight...
留言（ 7 ） 最相關留言 所有留言
留言（ 7 ）",2026-09-06,,AI 協作 Folk,False,False,
2026-09-11 14:01:12,realtime,folk,,,50,日生人又 Shinio,天空只有一片淡雲 demo,2,65,0,https://streetvoice.com/shinio/songs/878117/,https://streetvoice.com/shinio/,"https://akstatic.streetvoice.com/song_covers/sh/in/shinio/Y9zciHd4xz9wntfqYQnMGv.jpeg?x-oss-process=image/resize,m_fill,h_400,w_400,limit_0",images/878117.jpeg,@shinio,音樂人,台灣,2020-04-01,,5,10,19,,,https://www.youtube.com/user/StreetVoiceTV,,,Folk,,,,"很小的時候 手機還沒那麼普及 都會用收音機聽廣播電台 聽到喜歡的歌時 會趕快用翻譯機裡面的錄音功能錄下來重複聽 怕之後就聽不到 隨著年齡漸長 生活的樣態改變 感覺一切變得更加快速 有些東西也變得垂手可得 需求好像變得更難被滿足 但也不見得是件壞事 我們因此有了更多選擇 也擁有更多生活的體驗 但偶爾 還是會懷念緩慢的時光 詞曲/編曲：Shinio 封面影像：子桓 
很小的時候 手機還沒那麼普及 都會用收音機聽廣播電台 聽到喜歡的歌時 會趕快用翻譯機裡面的錄音功能錄下來重複聽 怕之後就聽不到
隨著年齡漸長 生活的樣態改變 感覺一切變得更加快速 有些東西也變得垂手可得
需求好像變得更難被滿足 但也不見得是件壞事
我們因此有了更多選擇 也擁有更多生活的體驗
但偶爾 還是會懷念緩慢的時光
詞曲/編曲：Shinio 封面影像：子桓","喜歡的衣服 喜歡的鞋子 久了舊了 不再穿了 最新的流行歌曲 會被新的流行歌曲而取代 天空只有一片淡雲 半在漂浮 半在消散 它也在追趕 它想被欣賞 它變了又變 聚了又散 不知所歸 不知所終 不願再聽 不願再說 朝生暮和 起起落落 生老病死 世界依舊 不用思索 如何去表達 快樂 憂傷都放在臉上 不用再意過得怎樣 只想把話都說得很慢 想要買個黏土做吉他 去打棒球 讓球飛很高 吃炸魷魚 再加點辣 在站台等列車 飛馳而過 天空只有一片淡雲 半在漂浮 半在消散 它也在追趕 它想被欣賞 它變了又變 聚了又散 睡眼惺忪 還未醒透 世界往前 我便往後 朝生暮和 起起落落 生老病死 世界依舊 
喜歡的衣服 喜歡的鞋子 久了舊了 不再穿了 最新的流行歌曲 會被新的流行歌曲而取代
天空只有一片淡雲 半在漂浮 半在消散
它也在追趕 它想被欣賞 它變了又變 聚了又散
不知所歸 不知所終 不願再聽 不願再說
朝生暮和 起起落落 生老病死 世界依舊
不用思索 如何去表達 快樂 憂傷都放在臉上 不用再意過得怎樣 只想把話都說得很慢
想要買個黏土做吉他 去打棒球 讓球飛很高
吃炸魷魚 再加點辣 在站台等列車 飛馳而過
天空只有一片淡雲 半在漂浮 半在消散
它也在追趕 它想被欣賞 它變了又變 聚了又散
睡眼惺忪 還未醒透 世界往前 我便往後
朝生暮和 起起落落 生老病死 世界依舊
留言（ 0 ） 最相關留言 所有留言
留言（ 0 ）",2026-09-05,,,False,False,
