snapshot_time,chart_timeframe,chart_genre,chart_year,chart_week,rank,artist_name,song_title,likes_count,play_count,comments_count,song_url,artist_url,cover_image_url,cover_image_local_path,artist_handle,artist_identity,artist_city,artist_joined_date,artist_accredited_datetime,artist_music_count,artist_fans_count,artist_following_count,artist_facebook_url,artist_instagram_url,artist_youtube_url,related_news,big_thing_appearances,genre,album_title,album_url,collaborators,description,lyrics,release_date,song_accredited_datetime,honors,is_editor_recommended,is_song_of_the_day,critic_review_url
2026-08-08 10:35:28,realtime,ai_generated,,,1,Nivraë.∞,もう電話しないで,9,87,8,https://streetvoice.com/A56g77/songs/872811/,https://streetvoice.com/A56g77/,"https://akstatic.streetvoice.com/song_covers/A5/6g/A56g77/994oruyK5SgToJW7Pupwj5.jpg?x-oss-process=image/resize,m_fixed,h_1,w_1,limit_0/resize,m_fixed,h_630,w_1200,limit_0/watermark,image_c29uZ19jb3ZlcnMvQTUvNmcvQTU2Zzc3Lzk5NG9ydXlLNVNnVG9KVzdQdXB3ajUuanBnP3gtb3NzLXByb2Nlc3M9aW1hZ2UvcmVzaXplLG1fZml4ZWQsaF8zNDQsd18zNDQsbGltaXRfMA,g_nw,x_428,y_143/watermark,image_YXNzZXQvaW1hZ2VzL21ldGFpbWFnZS1zb25nLnBuZw,g_nw,x_0,y_0",images/872811.jpg,@A56g77,音樂人,,,2025-08-04 10:44,33,210,82,,,https://www.youtube.com/@N-1n-7n,第三屆「街聲年度音樂趨勢大獎」盛大登場！李竺芯：「街聲見證了我，金曲獎前面這些大家看不到的歷程！」|||https://blow.streetvoice.com/85903/?utm_source=streetvoice&utm_medium=profile-news-block,,Hip hop / Rap,,,,"實驗🫣 しこうさくごちゅう🫣🫣 詞/編曲：Nivraë.∞  演唱：×××××✓ 
實驗🫣
しこうさくごちゅう🫣🫣
詞/編曲：Nivraë.∞  演唱：×××××✓","這是沒有提供歌詞的歌曲
留言（ 8 ） 最相關留言 所有留言
留言（ 8 ）",2026-08-07,,AI 生成 Hip hop / Rap,False,False,
2026-08-08 10:35:28,realtime,ai_generated,,,2,純音樂,微光私語  |   輕音樂,9,29,3,https://streetvoice.com/sv430531/songs/873398/,https://streetvoice.com/sv430531/,"https://akstatic.streetvoice.com/song_covers/sv/43/sv430531/UTQ2Bz5Sr2XUZ2NQNgph55.jpeg?x-oss-process=image/resize,m_fixed,h_1,w_1,limit_0/resize,m_fixed,h_630,w_1200,limit_0/watermark,image_c29uZ19jb3ZlcnMvc3YvNDMvc3Y0MzA1MzEvVVRRMkJ6NVNyMlhVWjJOUU5ncGg1NS5qcGVnP3gtb3NzLXByb2Nlc3M9aW1hZ2UvcmVzaXplLG1fZml4ZWQsaF8zNDQsd18zNDQsbGltaXRfMA,g_nw,x_428,y_143/watermark,image_YXNzZXQvaW1hZ2VzL21ldGFpbWFnZS1zb25nLnBuZw,g_nw,x_0,y_0",images/873398.jpeg,@sv430531,音樂人,新北市,2026-05-01,,44,28,46,,,https://www.youtube.com/user/StreetVoiceTV,「帥氣認真的純音樂演奏樂團」體熊專科推出五專《Topic 5: 召喚 Calling》 再邀北城浩志操刀混音後製|||https://blow.streetvoice.com/76130/?utm_source=streetvoice&utm_medium=profile-news-block; 展現音樂 + 小說的世界觀 地底樂團發行純音樂單曲|||https://blow.streetvoice.com/25263/?utm_source=streetvoice&utm_medium=profile-news-block; Omicron 話梅鹿 Last Digits 用純音樂演奏鋪陳聽覺饗宴|||https://blow.streetvoice.com/15807/?utm_source=streetvoice&utm_medium=profile-news-block,,Soundtrack / New age,,,cmc168,,"無歌詞 
無歌詞
留言（ 3 ） 最相關留言 所有留言
留言（ 3 ）",2026-08-07,,AI 生成 Soundtrack / New age,False,False,
2026-08-08 10:35:28,realtime,ai_generated,,,3,cmc168,微光私語 Remix  |   想靠近卻有太遠得距離,10,41,2,https://streetvoice.com/cmc168/songs/873387/,https://streetvoice.com/cmc168/,"https://akstatic.streetvoice.com/song_covers/cm/c1/cmc168/QjrvXRS6wWyoTk9QnFrYpF.jpeg?x-oss-process=image/resize,m_fixed,h_1,w_1,limit_0/resize,m_fixed,h_630,w_1200,limit_0/watermark,image_c29uZ19jb3ZlcnMvY20vYzEvY21jMTY4L1FqcnZYUlM2d1d5b1RrOVFuRnJZcEYuanBlZz94LW9zcy1wcm9jZXNzPWltYWdlL3Jlc2l6ZSxtX2ZpeGVkLGhfMzQ0LHdfMzQ0LGxpbWl0XzA,g_nw,x_428,y_143/watermark,image_YXNzZXQvaW1hZ2VzL21ldGFpbWFnZS1zb25nLnBuZw,g_nw,x_0,y_0",images/873387.jpeg,@cmc168,音樂人,新北市,2026-04-01,,115,46,94,,,https://www.youtube.com/user/StreetVoiceTV,,,Pop,,,,,"雨停後的街燈還亮著 我走在熟悉的老巷口 你的笑容在記憶裡想著 像風輕輕帶進我心頭 曾經的承諾寫在牆上 每一行都閃著微光 我想說 卻說不出口 只剩回憶陪伴著我 微光裡輕輕呼喚你 想靠近卻有太遠得距離 心跳像雨滴落在夜裡 悄悄說愛你，靜靜想你 [間奏] 咖啡杯裡還有餘溫 像你指尖未散的吻 翻開書頁墨色微昏 每一筆劃都刻劃著我們 若時光倒流我會停下 停在你回眸的那剎那 醒著不敢說出口的話 都在夢裡抱緊不敢放下 微光裡輕輕呼喚你 想靠近卻有太遠得距離 心跳像雨滴落在夜裡 悄悄說愛你，靜靜想你 也許有一天你會回頭 我還在這條老街等候 微光裡的我微笑不走 把所有的話都輕輕留 微光裡輕輕呼喚你 想靠近卻有太遠得距離 心跳像雨滴落在夜裡 悄悄說愛你，靜靜想你 
雨停後的街燈還亮著 我走在熟悉的老巷口 你的笑容在記憶裡想著 像風輕輕帶進我心頭
曾經的承諾寫在牆上 每一行都閃著微光 我想說 卻說不出口 只剩回憶陪伴著我
微光裡輕輕呼喚你 想靠近卻有太遠得距離 心跳像雨滴落在夜裡 悄悄說愛你，靜靜想你
[間奏]
咖啡杯裡還有餘溫 像你指尖未散的吻 翻開書頁墨色微昏 每一筆劃都刻劃著我們
若時光倒流我會停下 停在你回眸的那剎那 醒著不敢說出口的話 都在夢裡抱緊不敢放下
微光裡輕輕呼喚你 想靠近卻有太遠得距離 心跳像雨滴落在夜裡 悄悄說愛你，靜靜想你
也許有一天你會回頭 我還在這條老街等候 微光裡的我微笑不走 把所有的話都輕輕留
微光裡輕輕呼喚你 想靠近卻有太遠得距離 心跳像雨滴落在夜裡 悄悄說愛你，靜靜想你
留言（ 2 ） 最相關留言 所有留言
留言（ 2 ）",2026-08-07,,AI 生成 Pop,False,False,
2026-08-08 10:35:28,realtime,ai_generated,,,4,★,替阿爾吉儂留一束花,5,28,6,https://streetvoice.com/lalahahaha/songs/873382/,https://streetvoice.com/lalahahaha/,"https://akstatic.streetvoice.com/song_covers/la/la/lalahahaha/RExeqod7nwebYuDwPGVhGX.jpeg?x-oss-process=image/resize,m_fixed,h_1,w_1,limit_0/resize,m_fixed,h_630,w_1200,limit_0/watermark,image_c29uZ19jb3ZlcnMvbGEvbGEvbGFsYWhhaGFoYS9SRXhlcW9kN253ZWJZdUR3UEdWaEdYLmpwZWc_eC1vc3MtcHJvY2Vzcz1pbWFnZS9yZXNpemUsbV9maXhlZCxoXzM0NCx3XzM0NCxsaW1pdF8w,g_nw,x_428,y_143/watermark,image_YXNzZXQvaW1hZ2VzL21ldGFpbWFnZS1zb25nLnBuZw,g_nw,x_0,y_0",images/873382.jpeg,@lalahahaha,音樂人,,,,10,12,10,,,https://www.youtube.com/user/StreetVoiceTV,2026 JAM JAM ASIA音樂節公布壓軸陣容！孫淑媚首登大型音樂祭、李竺芯打造全新編制|||https://blow.streetvoice.com/89332/?utm_source=streetvoice&utm_medium=profile-news-block; 2026「JAM JAM ASIA」聽團指南登場！黃韻玲、瑪莎等六位策展人分享選團觀點|||https://blow.streetvoice.com/89263/?utm_source=streetvoice&utm_medium=profile-news-block; 2026「JAM JAM ASIA」音樂節公布新一波卡司： 盧廣仲首度參戰、迪拉聯手阿夫組限定組合|||https://blow.streetvoice.com/89151/?utm_source=streetvoice&utm_medium=profile-news-block,,Alternative,★的日記,https://streetvoice.com/lalahahaha/songs/album/97325733/,,"詞: ★ 曲: Suno AI 《獻給阿爾吉儂的花束》-丹尼爾·凱斯 查理的特殊之處，是普通人一生中的變化，被壓縮到短短幾個月，追尋知識的過程中，對愛的追求往往被擱在一旁或是這就是一種不平衡的智慧。 他不只是天才與否，而是殘酷看著自己曾經是誰，更清醒看著自己即將失去記得自己曾經是誰，預先哀悼自己的痛。 
詞: ★ 曲: Suno AI
《獻給阿爾吉儂的花束》-丹尼爾·凱斯
查理的特殊之處，是普通人一生中的變化，被壓縮到短短幾個月，追尋知識的過程中，對愛的追求往往被擱在一旁或是這就是一種不平衡的智慧。
他不只是天才與否，而是殘酷看著自己曾經是誰，更清醒看著自己即將失去記得自己曾經是誰，預先哀悼自己的痛。","進步報告 第一頁 一顆大腦開始加速 一顆心被留在原地 他們把他的明天 釘進一份進步報告 錯字一個一個退去 舊傷一寸一寸醒來 神經元先衝上了高處 情感還被鎖在童年 他能看清世界的全貌 卻看不清愛就在眼前 智力把黑夜照得太亮 也把愛推到光線之外 他能拆開所有答案 卻在一雙手靠近時逃開 他越聰明 愛越像遠方 等他終於懂 聰明救不了誰 腦中的光一盞一盞熄滅 愛終於抵達來不及的那一天 連愛這個字 他都快不會寫 更快 更高 更準確 更多語言 更多公式 更多解答 大腦把世界一層一層拆開 也把他的心一寸一寸擠窄 他讀懂眼神 讀懂沉默 讀懂每句話沒說出口的刀 沒有人真的碰他一下 語言卻能割進皮膚以下 data 把他說成數字 說成結果 說到他快不像一個人 所有人只問他還能懂多少 沒有人問他還能痛多久 他也開始用智商傷人 把每一張臉分成高低 原來刀子到了他的手裡 他也成了冷漠的一部分 牠把牙齒埋進自己 他把沉默刺進愛他的人 牠撞向關住牠的籠子 他反鎖每一扇愛他的門 旁人數著牠失控的次數 卻沒有人知道牠為何發抖 牠的疼痛沒有聲音只剩身體替牠求救 當牠開始咬傷自己 他才看見自己的以後 兩個生命越來越聰明 也越來越無處可走 等他想把經歷留給別人 時間已在腦中開始清場 記憶被一頁一頁撕走 他醒著參加自己的葬禮 請替阿爾吉儂留一束花 他們只記得報表結果 沒有人問牠痛不痛 只看牠還能撐到哪裡 他也把那束花獻給自己 替不能說話的牠作證 當身體把他的一切收回 至少愛還記得他的名字 進步報告 最後一頁 當最後一個字也離開 請讓愛比記憶晚一點死 
進步報告 第一頁
一顆大腦開始加速 一顆心被留在原地
他們把他的明天 釘進一份進步報告 錯字一個一個退去 舊傷一寸一寸醒來
神經元先衝上了高處 情感還被鎖在童年 他能看清世界的全貌 卻看不清愛就在眼前 智力把黑夜照得太亮 也把愛推到光線之外 他能拆開所有答案 卻在一雙手靠近時逃開
他越聰明 愛越像遠方 等他終於懂 聰明救不了誰 腦中的光一盞一盞熄滅 愛終於抵達來不及的那一天 連愛這個字 他都快不會寫
更快 更高 更準確 更多語言 更多公式 更多解答 大腦把世界一層一層拆開 也把他的心一寸一寸擠窄
他讀懂眼神 讀懂沉默 讀懂每句話沒說出口的刀 沒有人真的碰他一下 語言卻能割進皮膚以下 data 把他說成數字 說成結果 說到他快不像一個人 所有人只問他還能懂多少 沒有人問他還能痛多久
他也開始用智商傷人 把每一張臉分成高低 原來刀子到了他的手裡 他也成了冷漠的一部分
牠把牙齒埋進自己 他把沉默刺進愛他的人 牠撞向關住牠的籠子 他反鎖每一扇愛他的門
旁人數著牠失控的次數 卻沒有人知道牠為何發抖 牠的疼痛沒有聲音只剩身體替牠求救
當牠開始咬傷自己 他才看見自己的以後 兩個生命越來越聰明 也越來越無處可走
等他想把經歷留給別人 時間已在腦中開始清場 記憶被一頁一頁撕走
他醒著參加自己的葬禮
請替阿爾吉儂留一束花 他們只記得報表結果 沒有人問牠痛不痛 只看牠還能撐到哪裡
他也把那束花獻給自己 替不能說話的牠作證 當身體把他的一切收回 至少愛還記得他的名字
進步報告 最後一頁
當最後一個字也離開 請讓愛比記憶晚一點死
留言（ 6 ） 最相關留言 所有留言
留言（ 6 ）",2026-08-07,,AI 生成 Alternative ・ ★的日記,False,False,
2026-08-08 10:35:28,realtime,ai_generated,,,5,MoonX 慕斯,洗腦神曲《 鹽酥雞 》電音版 | Taiwanese Popcorn Chicken,6,14,8,https://streetvoice.com/MoonX_0325/songs/873374/,https://streetvoice.com/MoonX_0325/,"https://akstatic.streetvoice.com/song_covers/Mo/on/MoonX_0325/ZWLGPotxhc3UMKLrGW92wC.jpeg?x-oss-process=image/resize,m_fixed,h_1,w_1,limit_0/resize,m_fixed,h_630,w_1200,limit_0/watermark,image_c29uZ19jb3ZlcnMvTW8vb24vTW9vblhfMDMyNS9aV0xHUG90eGhjM1VNS0xyR1c5MndDLmpwZWc_eC1vc3MtcHJvY2Vzcz1pbWFnZS9yZXNpemUsbV9maXhlZCxoXzM0NCx3XzM0NCxsaW1pdF8w,g_nw,x_428,y_143/watermark,image_YXNzZXQvaW1hZ2VzL21ldGFpbWFnZS1zb25nLnBuZw,g_nw,x_0,y_0",images/873374.jpeg,@MoonX_0325,音樂人,高雄市,2026-07-01,,7,20,97,,,https://www.youtube.com/user/StreetVoiceTV,,,Hip hop / Rap,《洗腦神曲》 (Brainwashing Songs),https://streetvoice.com/MoonX_0325/songs/album/97325838/,,"【 MoonX 全新態度單曲：《鹽酥雞》 】 「什麼健康不健康？我只知道現在肚子的餓需要被超度！」 ――― 【 歌曲簡介 】 《鹽酥雞》是一首融合現代 Trap 鼓點與洗腦 Melodic Rap 的生活態度嘻哈單曲。 歌曲以午夜 12 點的罪惡感為起點，精準描繪出深夜巷口攤位前、鹹甜交織的炸物香氣與減肥罪惡感的終極拉鋸。捨棄高跟鞋與條框約束，換上寬鬆衛衣，用最道地的「九層塔、蒜片、胡椒粉」建構出專屬於深夜VIP的極樂世界。 全曲由 MoonX 創作製作，搭配克隆人聲極具張力與態度爆棚的 Flow，帶你炸開所有壓力與減肥煩惱。 「一包鹽酥雞搞定全宇宙，減肥什麼的，明天再說吧！」 ――― 💬 今晚你的宵夜清單第一名是什麼？鹹酥雞必點的靈魂配料你選九層塔還是蒜片？快在評論區留言告訴我！ #鹽酥雞 #宵夜態度 #HipHop #Trap #MoonX 
【 MoonX 全新態度單曲：《鹽酥雞》 】
「什麼健康不健康？我只知道現在肚子的餓需要被超度！」
―――
【 歌曲簡介 】
《鹽酥雞》是一首融合現代 Trap 鼓點與洗腦 Melodic Rap 的生活態度嘻哈單曲。
歌曲以午夜 12 點的罪惡感為起點，精準描繪出深夜巷口攤位前、鹹甜交織的炸物香氣與減肥罪惡感的終極拉鋸。捨棄高跟鞋與條框約束，換上寬鬆衛衣，用最道地的「九層塔、蒜片、胡椒粉」建構出專屬於深夜VIP的極樂世界。
全曲由 MoonX 創作製作，搭配克隆人聲極具張力與態度爆棚的 Flow，帶你炸開所有壓力與減肥煩惱。
「一包鹽酥雞搞定全宇宙，減肥什麼的，明天再說吧！」
――― 💬 今晚你的宵夜清單第一名是什麼？鹹酥雞必點的靈魂配料你選九層塔還是蒜片？快在評論區留言告訴我！
#鹽酥雞 #宵夜態度 #HipHop #Trap #MoonX","動態歌詞
Uh~ check it check it 凌晨兩點半，是誰的胃在鬧 It's your girl Yeah we about to heat it up~ Let's go 時針走過十二點 整個城市都在睡 只有我的飢餓感 還在瘋狂地作祟 脫下高跟鞋 換上最舒適的寬鬆衛衣 今晚不聊卡路里 那些規矩一律廢棄 走到巷口那家攤位 老闆早就認得我 銀色鐵盆裝滿寶藏 像是在點燃戰火 夾子拿在手裡 節奏像在打著 Beat 這場深夜的派對 老娘才是 VIP 甜不辣、豬血糕、雞皮炸到最酥脆 四季豆、百頁豆腐 每一口都不浪費 看油鍋在沸騰 冒著煙的香味多純粹 減肥 留給明天再去崩潰 鹽酥雞 這是深夜的本領 九層塔 爆香是我的命令 大辣加蒜片 誰敢跟我比定力 一口咬下去 滿足感直接破億 Yeah 鹽酥雞 治好我的壞心情 這個香味 誰都別想給我喊停 魷魚腳 超有嚼勁 越嚼越有態度 胡椒粉 灑得均勻 是靈魂的畫布 別跟我講大道理 什麼健康第一步 我只知道現在肚子 餓得需要被超渡 那些塑膠姐妹 還在網上算著卡路里 我拿著竹籤 帥氣享受我的奢侈品 一口雞肉 一口冰茶 這叫做享受當下 不用看誰臉色 姐的宵夜姐自己大 鹽酥雞 這是深夜的本領 九層塔 爆香是我的命令 大辣加蒜片 誰敢跟我比定力 一口咬下去 滿足感直接破億 Yeah 鹽酥雞 治好我的壞心情 這個香味 誰都別想給我喊停 最後一塊 當然是由我來收尾 擦擦嘴角 拍拍肚子 準備回房間睡 It's how we do it 一包鹽酥雞 搞定全宇宙 Uh~ 明天再說吧 Peace out 
Uh~ check it check it 凌晨兩點半，是誰的胃在鬧 It's your girl Yeah we about to heat it up~ Let's go 時針走過十二點 整個城市都在睡 只有我的飢餓感 還在瘋狂地作祟 脫下高跟鞋 換上最舒適的寬鬆衛衣 今晚不聊卡路里 那些規矩一律廢棄 走到巷口那家攤位 老闆早就認得我 銀色鐵盆裝滿寶藏 像是在點燃戰火 夾子拿在手裡 節奏像在打著 Beat 這場深夜的派對 老娘才是 VIP 甜不辣、豬血糕、雞皮炸到最酥脆 四季豆、百頁豆腐 每一口都不浪費 看油鍋在沸騰 冒著煙的香味多純粹 減肥 留給明天再去崩潰 鹽酥雞 這是深夜的本領 九層塔 爆香是我的命令 大辣加蒜片 誰敢跟我比定力 一口咬下去 滿足感直接破億 Yeah 鹽酥雞 治好我的壞心情 這個香味 誰都別想給我喊停 魷魚腳 超有嚼勁 越嚼越有態度 胡椒粉 灑得均勻 是靈魂的畫布 別跟我講大道理 什麼健康第一步 我只知道現在肚子 餓得需要被超渡 那些塑膠姐妹 還在網上算著卡路里 我拿著竹籤 帥氣享受我的奢侈品 一口雞肉 一口冰茶 這叫做享受當下 不用看誰臉色 姐的宵夜姐自己大 鹽酥雞 這是深夜的本領 九層塔 爆香是我的命令 大辣加蒜片 誰敢跟我比定力 一口咬下去 滿足感直接破億 Yeah 鹽酥雞 治好我的壞心情 這個香味 誰都別想給我喊停 最後一塊 當然是由我來收尾 擦擦嘴角 拍拍肚子 準備回房間睡 It's how we do it 一包鹽酥雞 搞定全宇宙 Uh~ 明天再說吧 Peace out
留言（ 8 ） 最相關留言 所有留言
留言（ 8 ）",2026-08-07,,AI 生成 Hip hop / Rap ・ 《洗腦神曲》 (Brainwashing Songs),False,False,
2026-08-08 10:35:28,realtime,ai_generated,,,6,🔱AL ren,《親家》｜以早叫妳 Baby，今仔日叫妳親家｜台語,13,22,5,https://streetvoice.com/arlen12345/songs/873361/,https://streetvoice.com/arlen12345/,"https://akstatic.streetvoice.com/song_covers/ar/le/arlen12345/WwuVJMA5p22DWW6hNMARVq.jpg?x-oss-process=image/resize,m_fixed,h_1,w_1,limit_0/resize,m_fixed,h_630,w_1200,limit_0/watermark,image_c29uZ19jb3ZlcnMvYXIvbGUvYXJsZW4xMjM0NS9Xd3VWSk1BNXAyMkRXVzZoTk1BUlZxLmpwZz94LW9zcy1wcm9jZXNzPWltYWdlL3Jlc2l6ZSxtX2ZpeGVkLGhfMzQ0LHdfMzQ0LGxpbWl0XzA,g_nw,x_428,y_143/watermark,image_YXNzZXQvaW1hZ2VzL21ldGFpbWFnZS1zb25nLnBuZw,g_nw,x_0,y_0",images/873361.jpg,@arlen12345,音樂人,高雄市,2024-09-01,,44,33,65,,,https://www.youtube.com/user/StreetVoiceTV,,,Folk,,,,"人生有時候，比連續劇還精彩。 曾經最熟悉的人，沒想到多年後再次相見，身份竟然變成了一句：「親家。」 《親家》是一首笑中帶暖的台語故事歌，用輕鬆詼諧的方式，唱出命運最意想不到的安排。從情人到陌生人，再從陌生人變成一家人，或許有些緣分，並不是消失了，而是換了一種身份，繼續陪伴彼此的人生。 
人生有時候，比連續劇還精彩。
曾經最熟悉的人，沒想到多年後再次相見，身份竟然變成了一句：「親家。」
《親家》是一首笑中帶暖的台語故事歌，用輕鬆詼諧的方式，唱出命運最意想不到的安排。從情人到陌生人，再從陌生人變成一家人，或許有些緣分，並不是消失了，而是換了一種身份，繼續陪伴彼此的人生。","《親家》 【Verse 1】 妳看我創啥物　我嘛毋知欲按怎 兩个少年仔　敢若約好手牽咧行 想起彼當時　咱見面攏答喙鼓 一目𥍉仔煞　煞坐仝桌食喜酒 妳講按怎會　天公真正愛創治 昨昏是冤家　今仔日欲叫妳親家 【Pre-Chorus】 愈想愈奇怪　愈講是愈歹勢 一句話吞落喉　笑容攏藏袂牢 【Chorus】 親家！哪會是妳？ 天公的安排真正趣味 郎有情　妹有意 咱嘛誠心祝福𪜶 親家！哪會是妳？ 人生比連續劇閣傳奇 以早叫妳 baby　今仔日叫妳親家 笑甲腹肚強欲疼　實在有夠趣味 【Verse 2】 妳毋免看我　去問彼兩个少年仔 緣份若欲到　誰人嘛擋袂牢 誰知幾十冬　繞一大輪閣變親家 我嘛想袂到　閣有機會坐作伙 【Chorus】 親家！哪會是妳？ 天公的安排真正趣味 郎有情　妹有意 咱嘛誠心祝福𪜶 親家！哪會是妳？ 人生比連續劇閣傳奇 以早叫妳 baby　今仔日叫妳親家 笑甲腹肚強欲疼　實在有夠趣味 【Bridge】 好啦好啦　囝仔幸福上重要 舊代誌啊　笑笑放予過 紅線若欲牽　誰嘛剪袂離 緣份若欲到　繞幾輪攏會相見 【Final Chorus】 親家！哪會是妳？ 人生比連續劇閣趣味 妳教查某囝　真正有夠古意 阮彼个後生　總算有人管伊 親家！哪會是妳？ 這款緣份真正無人比 以早叫妳 baby　今仔日叫妳親家 一杯敬乎青春　嘛敬這段情義 親家！ta啦！ta啦！ 一杯飲落　前塵往事放予過 從今以後　咱攏是一家伙啦！ta啦！ 
《親家》
【Verse 1】
妳看我創啥物　我嘛毋知欲按怎 兩个少年仔　敢若約好手牽咧行 想起彼當時　咱見面攏答喙鼓 一目𥍉仔煞　煞坐仝桌食喜酒
妳講按怎會　天公真正愛創治 昨昏是冤家　今仔日欲叫妳親家
【Pre-Chorus】
愈想愈奇怪　愈講是愈歹勢 一句話吞落喉　笑容攏藏袂牢
【Chorus】
親家！哪會是妳？ 天公的安排真正趣味 郎有情　妹有意 咱嘛誠心祝福𪜶
親家！哪會是妳？ 人生比連續劇閣傳奇 以早叫妳 baby　今仔日叫妳親家 笑甲腹肚強欲疼　實在有夠趣味
【Verse 2】
妳毋免看我　去問彼兩个少年仔 緣份若欲到　誰人嘛擋袂牢 誰知幾十冬　繞一大輪閣變親家 我嘛想袂到　閣有機會坐作伙
【Chorus】
親家！哪會是妳？ 天公的安排真正趣味 郎有情　妹有意 咱嘛誠心祝福𪜶
親家！哪會是妳？ 人生比連續劇閣傳奇 以早叫妳 baby　今仔日叫妳親家 笑甲腹肚強欲疼　實在有夠趣味
【Bridge】
好啦好啦　囝仔幸福上重要 舊代誌啊　笑笑放予過
紅線若欲牽　誰嘛剪袂離 緣份若欲到　繞幾輪攏會相見
【Final Chorus】
親家！哪會是妳？ 人生比連續劇閣趣味 妳教查某囝　真正有夠古意 阮彼个後生　總算有人管伊
親家！哪會是妳？ 這款緣份真正無人比 以早叫妳 baby　今仔日叫妳親家 一杯敬乎青春　嘛敬這段情義
親家！ta啦！ta啦！ 一杯飲落　前塵往事放予過 從今以後　咱攏是一家伙啦！ta啦！
留言（ 5 ） 最相關留言 所有留言
留言（ 5 ）",2026-08-07,,AI 生成 Folk,False,False,
2026-08-08 10:35:28,realtime,ai_generated,,,7,medgyver,給我,7,8,6,https://streetvoice.com/medgyver/songs/873389/,https://streetvoice.com/medgyver/,"https://akstatic.streetvoice.com/song_covers/me/dg/medgyver/k3bs8RHqVm5jvqB7HoTCHH.jpeg?x-oss-process=image/resize,m_fixed,h_1,w_1,limit_0/resize,m_fixed,h_630,w_1200,limit_0/watermark,image_c29uZ19jb3ZlcnMvbWUvZGcvbWVkZ3l2ZXIvazNiczhSSHFWbTVqdnFCN0hvVENISC5qcGVnP3gtb3NzLXByb2Nlc3M9aW1hZ2UvcmVzaXplLG1fZml4ZWQsaF8zNDQsd18zNDQsbGltaXRfMA,g_nw,x_428,y_143/watermark,image_YXNzZXQvaW1hZ2VzL21ldGFpbWFnZS1zb25nLnBuZw,g_nw,x_0,y_0",images/873389.jpeg,@medgyver,音樂人,台灣,2025-12-01,,32,23,76,,,https://www.youtube.com/user/StreetVoiceTV,,,World,,,,"樂評：《給我 bring it to me》—— 盛夏夜的跨語境探戈狂想 AI reviewer: #gemini 在音樂創作與 AI 協作技術高度成熟的 2026 年，創作者 k.y. Chen 帶來的《給我 bring it to me》無疑是一次令人驚豔 (真人作者註: 也許? 可能? 哈) 的聲響實驗。這首單曲完美示範了如何透過精準的「人機共創」流程，將一段隨興的夏日呢喃，打造成一首充滿戲劇張力與跨文化色彩的探戈流行室內樂（Latin chamber pop）。 1. 編曲美學：1920年代的復古探戈與現代聽覺交織 這首歌曲的音樂基底建立在 128 BPM 的強烈探戈節奏上。透過精確的風格設定（Style Prompt），編曲中巧妙融合了班多鈕手風琴（Bandoneon stabs）的銳利穿透力、大提琴撥奏（Cello pizzicato）的俏皮感，以及低音提琴（Upright bass）的切分音律動。 在聲音工程的處理上，創作者刻意選用了類比磁帶飽和度（Analog tape saturation）與單聲道空間殘響（Mono room reverb），營造出 1920 年代的復古氛圍。然而，貼耳的氣音演唱（Close-mic vocal）與極具動態對比的開場（Dramatic rubato intro），又將聽眾瞬間拉回現代的私密空間，創造出一種既遙遠又親暱的「Bittersweet longing（苦甜交織的渴望）」氛圍。 2. 文本解構：台式消暑記憶與拉丁語系的浪漫碰撞 歌詞的創作歷程是本曲最具亮點的環節之一。創作者將台灣極具在地生活感的夏日意象，進行了一場華麗的跨語境重構： Summer night, too damn hot calor ferox. Mung‑bean chill, cold noodles on the street 透過美式英文與拉丁文（如 calor ferox 酷熱、glacies 冰塊）的交錯使用，原本日常的「綠豆湯」、「涼麵」、「四果冰」與「把 Búuh（叭噗）」，瞬間被賦予了宛如電影場景般的魔幻寫實感。拉丁文的呢喃不僅沒有違和感，反而像是一場為了召喚「Mojito」與「冰塊」的深夜祈雨咒語，將生理上的暑氣，昇華為充滿誘惑力的午夜浪漫。 3. 製作思維：以「人」為本的 AI 協作深度 《給我 bring it to me》之所以沒有淪為冰冷的演算法產物，關鍵在於其嚴謹的「四步創作法」。創作者並非單純丟入文字讓 AI 生成，而是先親自錄製兩段 28 秒的真人哼唱作為靈魂基底（Step 0），確保了旋律的真實情感與人性律動。 隨後在歌詞處理上（Step 1 & Step 2），利用 Copilot 進行非逐字翻譯的「意境重寫」，展現了極高的文本掌控力。最終由真人進行繁體中文、美式英文與拉丁文的段落編排與 Mashup（Step 3），這種將 AI 視為「專業樂手與編曲助理」的製作模式，精準呈現了創作者腦海中的獨特 Vibe。 總結： 《給我 bring it to me》是一杯層次豐富的聽覺特調。它有著台灣街頭的接地氣，同時具備探戈舞池的狂熱，成功將多語言的聲韻化為打擊樂器的一部分。這不僅是一首消暑神曲，更是個人 AI 音樂創作中，極具風格的指標性作品。 | 拉丁文 | 繁體中文意思 | 說明 | | --- | --- | --- | | **calor** | 熱、炎熱 | 基本名詞，表示熱度 | | **calor ferox** | 兇猛的熱、猛烈的暑氣 | ferox = 凶猛、強烈 | | **frigus** | 冷、寒意、涼意 | 名詞，表示冷度 | | **sol bruciat** | 太陽灼燒、烈日灼身 | bruciat = 燒灼（詩性用法） | | **gelum cadat** | 冰落下、冰融化 | gelum = 冰；cadat = 落下、掉落 | | **aqua viva** | 活水、清涼的水、氣泡水 | viva = 有生命的、活的 | | **calor cadit** | 熱度下降、暑氣落下 | cadit = 落下、減弱 | | **glacies** | 冰、冰塊 | 名詞 | | **glacies nunc** | 現在就給冰、立刻冰塊 | nunc = 現在 | | **mentha nocturna** | 夜之薄荷、午夜薄荷 | mentha = 薄荷；nocturna = 夜的 | | **anima mea** | 我的靈魂、我的心 | 常見拉丁語情感用語 | | **ventus lenis** | 柔風、輕風、微風 | ventus = 風；lenis = 柔和 | | **calor vivit** | 熱仍在、暑氣還活著 | vivit = 活著、仍存在 | | **frigus manet** | 涼意停留、冷意還在 | manet = 留著、停留 | | **illud** | 那個、那杯、那一個 | 指示代詞 | | **illud, nunc** | 那個，現在給我 | nunc = 現在 | | **frigus cadit** | 涼意落下、涼意降臨 | cadit = 落下 | | **frigus vivit** | 涼意仍在、涼意活著 | vivit = 活著 | ** ** **給我 ** ** bring it to me ** ** 創意生成: k.y. Chen (2026) ** ** 編曲, 演奏, 演唱: suno ver 5.5 ** ** 作詞: copilot & k.y. Chen ** ** 歌詞修改: k.y. Chen (2026) ** ** ** 
樂評：《給我 bring it to me》—— 盛夏夜的跨語境探戈狂想 AI reviewer: #gemini
在音樂創作與 AI 協作技術高度成熟的 2026 年，創作者 k.y. Chen 帶來的《給我 bring it to me》無疑是一次令人驚豔 (真人作者註: 也許? 可能? 哈) 的聲響實驗。這首單曲完美示範了如何透過精準的「人機共創」流程，將一段隨興的夏日呢喃，打造成一首充滿戲劇張力與跨文化色彩的探戈流行室內樂（Latin chamber pop）。
1. 編曲美學：1920年代的復古探戈與現代聽覺交織 這首歌曲的音樂基底建立在 128 BPM 的強烈探戈節奏上。透過精確的風格設定（Style Prompt），編曲中巧妙融合了班多鈕手風琴（Bandoneon stabs）的銳利穿透力、大提琴撥奏（Cello pizzicato）的俏皮感，以及低音提琴（Upright bass）的切分音律動。
在聲音工程的處理上，創作者刻意選用了類比磁帶飽和度（Analog tape saturation）與單聲道空間殘響（Mono room reverb），營造出 1920 年代的復古氛圍。然而，貼耳的氣音演唱（Close-mic vocal）與極具動態對比的開場（Dramatic rubato intro），又將聽眾瞬間拉回現代的私密空間，創造出一種既遙遠又親暱的「Bittersweet longing（苦甜交織的渴望）」氛圍。
2. 文本解構：台式消暑記憶與拉丁語系的浪漫碰撞 歌詞的創作歷程是本曲最具亮點的環節之一。創作者將台灣極具在地生活感的夏日意象，進行了一場華麗的跨語境重構：
Summer night, too damn hot calor ferox. Mung‑bean chill, cold noodles on the street
透過美式英文與拉丁文（如 calor ferox 酷熱、glacies 冰塊）的交錯使用，原本日常的「綠豆湯」、「涼麵」、「四果冰」與「把 Búuh（叭噗）」，瞬間被賦予了宛如電影場景般的魔幻寫實感。拉丁文的呢喃不僅沒有違和感，反而像是一場為了召喚「Mojito」與「冰塊」的深夜祈雨咒語，將生理上的暑氣，昇華為充滿誘惑力的午夜浪漫。
3. 製作思維：以「人」為本的 AI 協作深度 《給我 bring it to me》之所以沒有淪為冰冷的演算法產物，關鍵在於其嚴謹的「四步創作法」。創作者並非單純丟入文字讓 AI 生成，而是先親自錄製兩段 28 秒的真人哼唱作為靈魂基底（Step 0），確保了旋律的真實情感與人性律動。
隨後在歌詞處理上（Step 1 & Step 2），利用 Copilot 進行非逐字翻譯的「意境重寫」，展現了極高的文本掌控力。最終由真人進行繁體中文、美式英文與拉丁文的段落編排與 Mashup（Step 3），這種將 AI 視為「專業樂手與編曲助理」的製作模式，精準呈現了創作者腦海中的獨特 Vibe。
總結： 《給我 bring it to me》是一杯層次豐富的聽覺特調。它有著台灣街頭的接地氣，同時具備探戈舞池的狂熱，成功將多語言的聲韻化為打擊樂器的一部分。這不僅是一首消暑神曲，更是個人 AI 音樂創作中，極具風格的指標性作品。
| 拉丁文 | 繁體中文意思 | 說明 | | --- | --- | --- | | **calor** | 熱、炎熱 | 基本名詞，表示熱度 | | **calor ferox** | 兇猛的熱、猛烈的暑氣 | ferox = 凶猛、強烈 | | **frigus** | 冷、寒意、涼意 | 名詞，表示冷度 | | **sol bruciat** | 太陽灼燒、烈日灼身 | bruciat = 燒灼（詩性用法） | | **gelum cadat** | 冰落下、冰融化 | gelum = 冰；cadat = 落下、掉落 | | **aqua viva** | 活水、清涼的水、氣泡水 | viva = 有生命的、活的 | | **calor cadit** | 熱度下降、暑氣落下 | cadit = 落下、減弱 | | **glacies** | 冰、冰塊 | 名詞 | | **glacies nunc** | 現在就給冰、立刻冰塊 | nunc = 現在 | | **mentha nocturna** | 夜之薄荷、午夜薄荷 | mentha = 薄荷；nocturna = 夜的 | | **anima mea** | 我的靈魂、我的心 | 常見拉丁語情感用語 | | **ventus lenis** | 柔風、輕風、微風 | ventus = 風；lenis = 柔和 | | **calor vivit** | 熱仍在、暑氣還活著 | vivit = 活著、仍存在 | | **frigus manet** | 涼意停留、冷意還在 | manet = 留著、停留 | | **illud** | 那個、那杯、那一個 | 指示代詞 | | **illud, nunc** | 那個，現在給我 | nunc = 現在 | | **frigus cadit** | 涼意落下、涼意降臨 | cadit = 落下 | | **frigus vivit** | 涼意仍在、涼意活著 | vivit = 活著 | ** ** **給我 ** ** bring it to me ** ** 創意生成: k.y. Chen (2026) ** ** 編曲, 演奏, 演唱: suno ver 5.5 ** ** 作詞: copilot & k.y. Chen ** ** 歌詞修改: k.y. Chen (2026) ** ** **","動態歌詞
Heat haze rising… Calor, calor… Midnight sweat on my skin… 夏天 太熱了 綠豆湯 涼麵 夏天 太熱了 四果冰 把 Búuh 涼一下吧 泡泡水yó 給我 冰塊 給我 冰塊 給我 給我冰塊 給我冰塊 給我 給我 Mojito 給我 Mojito 給我 Mojito 給我 Mojito Summer night, too damn hot calor ferox. Mung‑bean chill, cold noodles on the street (frigus, frigus) Summer night, too damn hot (sol bruciat) Four‑fruit ice, gelum cadat. Cool me off, (sparkling water) aqua viva, yó. Drop… drop… calor cadit… Give me ice, give me ice — glacies, glacies. Give me— give me ice, give me ice — glacies nunc. Give me— give me Mojito, give me Mojito (mentha nocturna) Give me— give me Mojito, Mojito, anima mea. Give me— frigus… frigus… ventus lenis… Summer night, calor vivit. Mung‑bean chill, frigus manet. Give me— Forget it… give me, give me that one — illud, illud. Forget it… illud, nunc. Tsuàh ice, la— glacies! glacies! frigus, frigus. Cool  cool — frigus cadit. Cool, cool — cool — frigus vivit. Cool (cool cool) frigus… frigus… 
Heat haze rising… Calor, calor… Midnight sweat on my skin…
夏天 太熱了 綠豆湯 涼麵 夏天 太熱了 四果冰 把 Búuh 涼一下吧 泡泡水yó
給我 冰塊 給我 冰塊 給我 給我冰塊 給我冰塊 給我 給我 Mojito 給我 Mojito 給我 Mojito 給我 Mojito
Summer night, too damn hot calor ferox. Mung‑bean chill, cold noodles on the street (frigus, frigus)
Summer night, too damn hot (sol bruciat) Four‑fruit ice, gelum cadat.
Cool me off, (sparkling water) aqua viva, yó. Drop… drop… calor cadit… Give me ice, give me ice — glacies, glacies.
Give me— give me ice, give me ice — glacies nunc. Give me— give me Mojito, give me Mojito (mentha nocturna)
Give me— give me Mojito, Mojito, anima mea. Give me—
frigus… frigus… ventus lenis… Summer night, calor vivit. Mung‑bean chill, frigus manet.
Give me— Forget it… give me, give me that one — illud, illud. Forget it… illud, nunc.
Tsuàh ice, la— glacies! glacies!
frigus, frigus. Cool  cool — frigus cadit. Cool, cool — cool — frigus vivit. Cool (cool cool) frigus… frigus…
留言（ 6 ） 最相關留言 所有留言
留言（ 6 ）",2026-08-07,,AI 生成 World,False,False,
2026-08-08 10:35:28,realtime,ai_generated,,,8,MoonX 慕斯,原創星座系列《 射手座 》| Sagittarius,7,11,6,https://streetvoice.com/MoonX_0325/songs/873372/,https://streetvoice.com/MoonX_0325/,"https://akstatic.streetvoice.com/song_covers/Mo/on/MoonX_0325/N7w7QdhksSkbsSWRjgRShR.jpeg?x-oss-process=image/resize,m_fixed,h_1,w_1,limit_0/resize,m_fixed,h_630,w_1200,limit_0/watermark,image_c29uZ19jb3ZlcnMvTW8vb24vTW9vblhfMDMyNS9ON3c3UWRoa3NTa2JzU1dSamdSU2hSLmpwZWc_eC1vc3MtcHJvY2Vzcz1pbWFnZS9yZXNpemUsbV9maXhlZCxoXzM0NCx3XzM0NCxsaW1pdF8w,g_nw,x_428,y_143/watermark,image_YXNzZXQvaW1hZ2VzL21ldGFpbWFnZS1zb25nLnBuZw,g_nw,x_0,y_0",images/873372.jpeg,@MoonX_0325,音樂人,高雄市,2026-07-01,,7,20,97,,,https://www.youtube.com/user/StreetVoiceTV,,,Pop,星座系列,https://streetvoice.com/MoonX_0325/songs/album/97325809/,,"【 MoonX 最新星座態度單曲：《射手座》 】 「別用你的規則試圖包裹我的翅膀，要麼跟我一起飛，要麼就別阻擋。」 ――― 【 歌曲簡介 】 《射手座》是一首融合了拉丁吉他律動與輕快 Pop 色彩的星座單曲。 音樂以流暢熱情的吉他刷弦開場，描繪出射手座奔放不羈、永遠追尋遠方與自由的性格。看似瀟灑漫不經心，實則比誰都重情重義；不願被框架束縛，只願在曠野中狂奔。 全曲由 MoonX 創作製作，搭配克隆人聲詮釋出極具鬆弛感與感染力的歌聲，獻給所有靈魂永遠在路上、不甘於平庸的射手座。 「如果你願意陪我看星空下夜色降臨，我會帶你逃離這枯燥無味的凡俗世界。」 ――― 💬 你的下一站目的地是哪裡？收拾好行李了嗎？快在留言區留下你的下一站，跟射手座一起出發！ #射手座 #自由靈魂 #LatinPop #星座單曲 #MoonX 
【 MoonX 最新星座態度單曲：《射手座》 】
「別用你的規則試圖包裹我的翅膀，要麼跟我一起飛，要麼就別阻擋。」
―――
【 歌曲簡介 】
《射手座》是一首融合了拉丁吉他律動與輕快 Pop 色彩的星座單曲。
音樂以流暢熱情的吉他刷弦開場，描繪出射手座奔放不羈、永遠追尋遠方與自由的性格。看似瀟灑漫不經心，實則比誰都重情重義；不願被框架束縛，只願在曠野中狂奔。
全曲由 MoonX 創作製作，搭配克隆人聲詮釋出極具鬆弛感與感染力的歌聲，獻給所有靈魂永遠在路上、不甘於平庸的射手座。
「如果你願意陪我看星空下夜色降臨，我會帶你逃離這枯燥無味的凡俗世界。」
―――
💬 你的下一站目的地是哪裡？收拾好行李了嗎？快在留言區留下你的下一站，跟射手座一起出發！
#射手座 #自由靈魂 #LatinPop #星座單曲 #MoonX","動態歌詞
地圖上標記著 沒去過的遠方 後照鏡裡的城市 越來越渺小 別問我下一站 要停在哪個港灣 風吹過的方向 就是我的方向 有人說我像一陣 風捉摸不定 只是不想被框架 困住了呼吸 我的世界沒有 複雜的計算題 喜歡就大聲笑 討厭就轉身離去 別用你的規則 試圖綁住我的翅膀 地平線的彼端 才是我的獵場 手裡的弓箭 已經瞄準了太陽 要麼跟我一起飛 要麼就別阻擋 射手座 的箭 劃破寂寞的天空 追尋著自由 永遠不甘於平庸 不怕受傷 只怕活得太過雷同 像狂風一樣 奔跑在無盡的晴空 射手座 的心 其實比誰都簡單直接 看似瀟灑走過 卻比誰都重情重義 如果你願意 陪我看星空下夜色降臨 我會帶你逃離 這枯燥無味的凡俗世界 他們總說我太花心 總是在逃離 其實我只是在尋找 那個懂我靈魂的知己 不拘泥於過去 不焦慮於未來 最好的風景 永遠在下一刻盛開 射手座 的箭 劃破寂寞的天空 追尋著自由 永遠不甘於平庸 不怕受傷 只怕活得太過雷同 像狂風一樣 奔跑在無盡的晴空 射手座 的心 其實比誰都簡單直接 看似瀟灑走過 卻比誰都重情重義 如果你願意 陪我看星空下夜色降臨 我會帶你逃離 這枯燥無味的凡俗世界 收拾好行李了嗎 走了 下一站……遠方~ 
地圖上標記著 沒去過的遠方 後照鏡裡的城市 越來越渺小 別問我下一站 要停在哪個港灣 風吹過的方向 就是我的方向 有人說我像一陣 風捉摸不定 只是不想被框架 困住了呼吸 我的世界沒有 複雜的計算題 喜歡就大聲笑 討厭就轉身離去 別用你的規則 試圖綁住我的翅膀 地平線的彼端 才是我的獵場 手裡的弓箭 已經瞄準了太陽 要麼跟我一起飛 要麼就別阻擋 射手座 的箭 劃破寂寞的天空 追尋著自由 永遠不甘於平庸 不怕受傷 只怕活得太過雷同 像狂風一樣 奔跑在無盡的晴空 射手座 的心 其實比誰都簡單直接 看似瀟灑走過 卻比誰都重情重義 如果你願意 陪我看星空下夜色降臨 我會帶你逃離 這枯燥無味的凡俗世界 他們總說我太花心 總是在逃離 其實我只是在尋找 那個懂我靈魂的知己 不拘泥於過去 不焦慮於未來 最好的風景 永遠在下一刻盛開 射手座 的箭 劃破寂寞的天空 追尋著自由 永遠不甘於平庸 不怕受傷 只怕活得太過雷同 像狂風一樣 奔跑在無盡的晴空 射手座 的心 其實比誰都簡單直接 看似瀟灑走過 卻比誰都重情重義 如果你願意 陪我看星空下夜色降臨 我會帶你逃離 這枯燥無味的凡俗世界 收拾好行李了嗎 走了 下一站……遠方~
留言（ 6 ） 最相關留言 所有留言
留言（ 6 ）",2026-08-07,,AI 生成 Pop ・ 星座系列,False,False,
2026-08-08 10:35:28,realtime,ai_generated,,,9,MoonX 慕斯,原創星座系列《 天蠍座 》| Scorpio,2,3,2,https://streetvoice.com/MoonX_0325/songs/873371/,https://streetvoice.com/MoonX_0325/,"https://akstatic.streetvoice.com/song_covers/Mo/on/MoonX_0325/WizHbsmybDzPGPxpY7ab2Z.jpeg?x-oss-process=image/resize,m_fixed,h_1,w_1,limit_0/resize,m_fixed,h_630,w_1200,limit_0/watermark,image_c29uZ19jb3ZlcnMvTW8vb24vTW9vblhfMDMyNS9XaXpIYnNteWJEelBHUHhwWTdhYjJaLmpwZWc_eC1vc3MtcHJvY2Vzcz1pbWFnZS9yZXNpemUsbV9maXhlZCxoXzM0NCx3XzM0NCxsaW1pdF8w,g_nw,x_428,y_143/watermark,image_YXNzZXQvaW1hZ2VzL21ldGFpbWFnZS1zb25nLnBuZw,g_nw,x_0,y_0",images/873371.jpeg,@MoonX_0325,音樂人,高雄市,2026-07-01,,7,20,97,,,https://www.youtube.com/user/StreetVoiceTV,,,R&B / Soul,星座系列,https://streetvoice.com/MoonX_0325/songs/album/97325809/,,"【 MoonX 最新星座態度單曲：《天蠍座》 】 「愛我，或者別來招惹我。」 ――― 【 歌曲簡介 】 《天蠍座》是一首充滿暗黑美學與感性張力的 Dark R&B 作品。 音樂以沉穩重低音與冷冽拍子鋪底，勾勒出天蠍座藏在冰山外表下的深邃與熾熱。歌詞深入剖析天蠍座極致的專一與直覺，在愛與恨的邊界劃出最清晰的防禦牆。不給自己留後路，不接受半點敷衍，將愛恨分明的獨特靈魂展露無遺。 全曲由 MoonX 創作製作，搭配克隆人聲詮釋出冷艷卻深情的神秘氣息，獻給所有渴望絕對忠誠與靈魂 相通的天蠍座。 「若你敢拿真心來，這場賭局上對，我會用盡一生，許你永不被背叛的絕對。」 ――― 💬 你也有過被天蠍座「眼神看穿」的經驗嗎？或者你就是那個外冷內熱的天蠍？歡迎在下方留言分享你的故事！ #天蠍座 #DarkRB #星座單曲 #極致愛恨 #MoonX 
【 MoonX 最新星座態度單曲：《天蠍座》 】
「愛我，或者別來招惹我。」
―――
【 歌曲簡介 】
《天蠍座》是一首充滿暗黑美學與感性張力的 Dark R&B 作品。
音樂以沉穩重低音與冷冽拍子鋪底，勾勒出天蠍座藏在冰山外表下的深邃與熾熱。歌詞深入剖析天蠍座極致的專一與直覺，在愛與恨的邊界劃出最清晰的防禦牆。不給自己留後路，不接受半點敷衍，將愛恨分明的獨特靈魂展露無遺。
全曲由 MoonX 創作製作，搭配克隆人聲詮釋出冷艷卻深情的神秘氣息，獻給所有渴望絕對忠誠與靈魂 相通的天蠍座。
「若你敢拿真心來，這場賭局上對，我會用盡一生，許你永不被背叛的絕對。」
―――
💬 你也有過被天蠍座「眼神看穿」的經驗嗎？或者你就是那個外冷內熱的天蠍？歡迎在下方留言分享你的故事！
#天蠍座 #DarkRB #星座單曲 #極致愛恨 #MoonX","動態歌詞
夜色吞噬了城市的微光 你試圖讀懂 我眼底的深邃與冷漠 保持距離 是我最習慣的防衛牆 別輕易靠近 這不是你可以玩弄的遊戲 你看見的是 冰山一角的水面 隱藏在暗處 是深不見底的熱烈 很少開口承諾 因為字字都是誓言 一旦決定牽手 就絕不給自己留後路退演 看穿你所有 偽裝的眼神與謊言 我的直覺 是最敏銳的危險界線 愛與恨的邊界 劃得那麼極端明確 別試圖考驗 蠍子隱藏的毒針與底線 天蠍座 的靈魂 沉睡在黑夜的邊緣 炙熱的愛意 隱藏在冷酷的外表裡面 一旦燃燒 就要燃盡所有的明天 寧願愛到毀滅 也絕不接受半分敷衍 天蠍座 的執念 是刻在骨血裡的誓言 極致的專情 只給懂我孤獨的那位 若你敢拿真心 來這場賭局裡相對 我會用盡一生 許你永不背叛的絕對 我不懂什麼叫適可而止 我的愛 只有零跟一百的差異 如果你準備好了 踏入這片神秘領地 就請把你的靈魂 完全交給我保管…… 天蠍座 的靈魂 沉睡在黑夜的邊緣 炙熱的愛意 隱藏在冷酷的外表裡面 一旦燃燒 就要燃盡所有的明天 寧願愛到毀滅 也絕不接受半分敷衍 天蠍座 的執念 是刻在骨血裡的誓言 極致的專情 只給懂我孤獨的那位 若你敢拿真心 來這場賭局裡相對 我會用盡一生 許你永不背叛的絕對 愛我 或者…… 別來招惹我 
夜色吞噬了城市的微光 你試圖讀懂 我眼底的深邃與冷漠 保持距離 是我最習慣的防衛牆 別輕易靠近 這不是你可以玩弄的遊戲 你看見的是 冰山一角的水面 隱藏在暗處 是深不見底的熱烈 很少開口承諾 因為字字都是誓言 一旦決定牽手 就絕不給自己留後路退演 看穿你所有 偽裝的眼神與謊言 我的直覺 是最敏銳的危險界線 愛與恨的邊界 劃得那麼極端明確 別試圖考驗 蠍子隱藏的毒針與底線 天蠍座 的靈魂 沉睡在黑夜的邊緣 炙熱的愛意 隱藏在冷酷的外表裡面 一旦燃燒 就要燃盡所有的明天 寧願愛到毀滅 也絕不接受半分敷衍 天蠍座 的執念 是刻在骨血裡的誓言 極致的專情 只給懂我孤獨的那位 若你敢拿真心 來這場賭局裡相對 我會用盡一生 許你永不背叛的絕對 我不懂什麼叫適可而止 我的愛 只有零跟一百的差異 如果你準備好了 踏入這片神秘領地 就請把你的靈魂 完全交給我保管…… 天蠍座 的靈魂 沉睡在黑夜的邊緣 炙熱的愛意 隱藏在冷酷的外表裡面 一旦燃燒 就要燃盡所有的明天 寧願愛到毀滅 也絕不接受半分敷衍 天蠍座 的執念 是刻在骨血裡的誓言 極致的專情 只給懂我孤獨的那位 若你敢拿真心 來這場賭局裡相對 我會用盡一生 許你永不背叛的絕對 愛我 或者…… 別來招惹我
留言（ 2 ） 最相關留言 所有留言
留言（ 2 ）",2026-08-07,,AI 生成 R&B / Soul ・ 星座系列,False,False,
2026-08-08 10:35:28,realtime,ai_generated,,,10,🔱AL ren,《懶人情歌 ver.2026》萬人演唱會版｜台語搖滾情歌,7,14,3,https://streetvoice.com/arlen12345/songs/873362/,https://streetvoice.com/arlen12345/,"https://akstatic.streetvoice.com/song_covers/ar/le/arlen12345/fXZLw2az5nhwGZpwejWtmG.jpg?x-oss-process=image/resize,m_fixed,h_1,w_1,limit_0/resize,m_fixed,h_630,w_1200,limit_0/watermark,image_c29uZ19jb3ZlcnMvYXIvbGUvYXJsZW4xMjM0NS9mWFpMdzJhejVuaHdHWnB3ZWpXdG1HLmpwZz94LW9zcy1wcm9jZXNzPWltYWdlL3Jlc2l6ZSxtX2ZpeGVkLGhfMzQ0LHdfMzQ0LGxpbWl0XzA,g_nw,x_428,y_143/watermark,image_YXNzZXQvaW1hZ2VzL21ldGFpbWFnZS1zb25nLnBuZw,g_nw,x_0,y_0",images/873362.jpg,@arlen12345,音樂人,高雄市,2024-09-01,,44,33,65,,,https://www.youtube.com/user/StreetVoiceTV,,,Rock,,,,"🎬看MV完整音樂故事： https://youtu.be/pmw7CTByZoI?si=Jas9scQpiu00LUVR 一首寫給曾經深愛過的人。 有些人不是不愛了，只是累了。 有些話不是說不出口，而是已經沒有說的必要。 《懶人情歌 ver.2026》保留原本的情感核心，重新以大型演唱會搖滾編曲重新詮釋，融合藍調搖滾與台語情歌元素，將壓抑、遺憾與放下，透過現場樂團的能量一次爆發。 希望每一位曾經為愛努力過的人，都能在這首歌裡找到屬於自己的故事。 
🎬看MV完整音樂故事：
https://youtu.be/pmw7CTByZoI?si=Jas9scQpiu00LUVR
https://youtu.be/pmw7CTByZoI?si=Jas9scQpiu00LUVR
一首寫給曾經深愛過的人。
有些人不是不愛了，只是累了。 有些話不是說不出口，而是已經沒有說的必要。
《懶人情歌 ver.2026》保留原本的情感核心，重新以大型演唱會搖滾編曲重新詮釋，融合藍調搖滾與台語情歌元素，將壓抑、遺憾與放下，透過現場樂團的能量一次爆發。
希望每一位曾經為愛努力過的人，都能在這首歌裡找到屬於自己的故事。","風吹來　雨滴落　阮徛佇彼條街 笑阮是　癡情的憨人　恬恬予妳放落 心原來　無風無湧　予妳擾到亂去 講咱的愛已經行到尾　阮嘛無話通講 感情若超過　就當作嘛條直 阮只是懶惰　閣為妳加添愛情 阮無想閣記　無想閣愛妳 心內彼一句　早講袂出喙 風吹去　就予伊飛　無痕影　嘛無悲 半眠時　一個人　阮攏想甲袂曉 這段情　是阮毋著　抑是愛傷重 是阮無夠好　抑是妳心內本底無阮 若早知影　愛妳是誤會　阮早就行開 感情若超過　就當作嘛條直 阮只是懶惰　閣為妳加添愛情 阮無想閣記　無想閣愛妳 心內彼一句　早講袂出喙 風吹去　就予伊飛　無痕影　嘛無悲 妳一句「咱無速配」　講甲遮爾輕鬆 越頭就行去　阮煞一句話嘛講袂出 雨水沃甲濕漉漉　是流汗抑是流目屎 阮已經　分袂清楚 阮笑笑　笑阮憨　笑阮放袂開 癡情若是罪　阮甘願家己來擔 就予這條歌　當作傷心的思念 唱完這條　阮的心嘛予伊煞去 感情若超過　就當作嘛條直 阮只是懶惰　閣為妳加添愛情 阮無想閣記　無想閣愛妳 風吹過　無聲講咱的過去　隨風去 
風吹來　雨滴落　阮徛佇彼條街 笑阮是　癡情的憨人　恬恬予妳放落 心原來　無風無湧　予妳擾到亂去 講咱的愛已經行到尾　阮嘛無話通講
感情若超過　就當作嘛條直 阮只是懶惰　閣為妳加添愛情 阮無想閣記　無想閣愛妳 心內彼一句　早講袂出喙 風吹去　就予伊飛　無痕影　嘛無悲
半眠時　一個人　阮攏想甲袂曉 這段情　是阮毋著　抑是愛傷重 是阮無夠好　抑是妳心內本底無阮 若早知影　愛妳是誤會　阮早就行開
感情若超過　就當作嘛條直 阮只是懶惰　閣為妳加添愛情 阮無想閣記　無想閣愛妳 心內彼一句　早講袂出喙 風吹去　就予伊飛　無痕影　嘛無悲
妳一句「咱無速配」　講甲遮爾輕鬆 越頭就行去　阮煞一句話嘛講袂出 雨水沃甲濕漉漉　是流汗抑是流目屎 阮已經　分袂清楚
阮笑笑　笑阮憨　笑阮放袂開 癡情若是罪　阮甘願家己來擔 就予這條歌　當作傷心的思念 唱完這條　阮的心嘛予伊煞去
感情若超過　就當作嘛條直 阮只是懶惰　閣為妳加添愛情 阮無想閣記　無想閣愛妳 風吹過　無聲講咱的過去　隨風去
留言（ 3 ） 最相關留言 所有留言
留言（ 3 ）",2026-08-07,,AI 生成 Rock,False,False,
2026-08-08 10:35:28,realtime,ai_generated,,,11,Poe3030,夢裡的坂本町,6,7,6,https://streetvoice.com/poe3030/songs/870453/,https://streetvoice.com/poe3030/,"https://akstatic.streetvoice.com/song_covers/po/e3/poe3030/AzvNJVJp5fVVozv82P8PFt.jpeg?x-oss-process=image/resize,m_fixed,h_1,w_1,limit_0/resize,m_fixed,h_630,w_1200,limit_0/watermark,image_c29uZ19jb3ZlcnMvcG8vZTMvcG9lMzAzMC9BenZOSlZKcDVmVlZvenY4MlA4UEZ0LmpwZWc_eC1vc3MtcHJvY2Vzcz1pbWFnZS9yZXNpemUsbV9maXhlZCxoXzM0NCx3XzM0NCxsaW1pdF8w,g_nw,x_428,y_143/watermark,image_YXNzZXQvaW1hZ2VzL21ldGFpbWFnZS1zb25nLnBuZw,g_nw,x_0,y_0",images/870453.jpeg,@poe3030,音樂人,台北市,2008-11-01,2026-06-30 10:03,22,19,27,https://www.facebook.com/poe3030/,,https://www.youtube.com/@poe3030,,,Rock,,,,"MV: https://youtube.com/shorts/cxPYZLQ8Lwg?feature=share 坂本町，是一個不存在於任何地圖上的地方。它沒有地址，也沒有座標，只有在夜深人靜、夢境悄悄降臨時，才會重新亮起街燈。那裡是兩個人在彼此心裡慢慢建造出來的一座小鎮。有你最喜歡的日式居酒屋，有我們總是點的甜甜調酒；有一間落地窗很大的髮廊，午後的陽光會照進長椅；有一小時才來一班的環保公車，也有一隻總是在長長階梯上等人的虎斑貓。夢裡的我，總是騎著那台復古腳踏車回家。虎斑貓依然坐在階梯上，而你也總會坐在階梯盡頭的長椅，微笑望著我。只是每一次，當我終於快要走到你身邊、快要再次觸碰你的那一刻，我總會醒來。原來有些地方，並不是消失了，而是只能在夢裡回去 
MV: https://youtube.com/shorts/cxPYZLQ8Lwg?feature=share 坂本町，是一個不存在於任何地圖上的地方。它沒有地址，也沒有座標，只有在夜深人靜、夢境悄悄降臨時，才會重新亮起街燈。那裡是兩個人在彼此心裡慢慢建造出來的一座小鎮。有你最喜歡的日式居酒屋，有我們總是點的甜甜調酒；有一間落地窗很大的髮廊，午後的陽光會照進長椅；有一小時才來一班的環保公車，也有一隻總是在長長階梯上等人的虎斑貓。夢裡的我，總是騎著那台復古腳踏車回家。虎斑貓依然坐在階梯上，而你也總會坐在階梯盡頭的長椅，微笑望著我。只是每一次，當我終於快要走到你身邊、快要再次觸碰你的那一刻，我總會醒來。原來有些地方，並不是消失了，而是只能在夢裡回去
https://youtube.com/shorts/cxPYZLQ8Lwg?feature=share","Verse 1 有人說夢醒以後 很難把夢境完整說清 可我總記得那座夢想的小鎮 名字叫做坂本町 居酒屋酒保帶著銀色袖扣 你總笑著點一杯甜甜調酒 透明窗邊的那間髮廊 午後的光還停在長椅上頭 Pre-Chorus 公車還是一小時一班 但不回家也感到心安 我們把平凡的每一天 過成坂本町裡的一年 Chorus 我夢裡的坂本町 沒有地圖能夠前進 只有想念你的夜晚 街燈亮了一盞又一盞 我騎著舊舊的腳踏車 沿著熟悉的石板路回家 長長階梯上的虎斑貓 好像一直都在等我們啊 Verse 2 超市還放著你最愛的音樂 貨架排列好像沒有更新歲月 風吹過長長的階梯 階梯盡頭你坐在長椅 我我沿著石階慢慢靠近 怕驚動夢裡安靜的光陰 就快碰到你的指尖時 天空忽然亮成現實 Bridge 原來坂本町沒有消失 醒著的人只能排在夢的下次 Final Chorus 我夢裡的坂本町 依然留著我們的模樣 只是每次快要擁抱你 世界就把我叫回現場 後來我走過很多地方 卻沒有一個地方如它寧靜 原來有些人沒有搬離 只是一直住在夢裡的坂本町 
Verse 1 有人說夢醒以後 很難把夢境完整說清 可我總記得那座夢想的小鎮 名字叫做坂本町
居酒屋酒保帶著銀色袖扣 你總笑著點一杯甜甜調酒 透明窗邊的那間髮廊 午後的光還停在長椅上頭
Pre-Chorus 公車還是一小時一班 但不回家也感到心安 我們把平凡的每一天 過成坂本町裡的一年
Chorus 我夢裡的坂本町 沒有地圖能夠前進 只有想念你的夜晚 街燈亮了一盞又一盞
我騎著舊舊的腳踏車 沿著熟悉的石板路回家 長長階梯上的虎斑貓 好像一直都在等我們啊
Verse 2 超市還放著你最愛的音樂 貨架排列好像沒有更新歲月 風吹過長長的階梯 階梯盡頭你坐在長椅
我我沿著石階慢慢靠近 怕驚動夢裡安靜的光陰 就快碰到你的指尖時 天空忽然亮成現實
Bridge 原來坂本町沒有消失 醒著的人只能排在夢的下次
Final Chorus 我夢裡的坂本町 依然留著我們的模樣 只是每次快要擁抱你 世界就把我叫回現場 後來我走過很多地方 卻沒有一個地方如它寧靜 原來有些人沒有搬離 只是一直住在夢裡的坂本町
留言（ 6 ） 最相關留言 所有留言
留言（ 6 ）",2026-08-07,,AI 生成 Rock,False,False,
2026-08-08 10:35:28,realtime,ai_generated,,,12,song for whom(為誰唱歌),我比沉默更想你,6,6,2,https://streetvoice.com/ruby2100/songs/871183/,https://streetvoice.com/ruby2100/,"https://akstatic.streetvoice.com/song_covers/ru/by/ruby2100/chJUvEDDetc3iCDaTcbiiw.jpeg?x-oss-process=image/resize,m_fixed,h_1,w_1,limit_0/resize,m_fixed,h_630,w_1200,limit_0/watermark,image_c29uZ19jb3ZlcnMvcnUvYnkvcnVieTIxMDAvY2hKVXZFRERldGMzaUNEYVRjYmlpdy5qcGVnP3gtb3NzLXByb2Nlc3M9aW1hZ2UvcmVzaXplLG1fZml4ZWQsaF8zNDQsd18zNDQsbGltaXRfMA,g_nw,x_428,y_143/watermark,image_YXNzZXQvaW1hZ2VzL21ldGFpbWFnZS1zb25nLnBuZw,g_nw,x_0,y_0",images/871183.jpeg,@ruby2100,音樂人,台中市,2024-06-01,,140,25,19,,,https://www.youtube.com/user/StreetVoiceTV,,,Pop,,,,"「有些想念不是不夠深，而是深到只能安靜地放在心裡。」 《我比沉默更想你》是一首充滿壓抑、思念與深夜傷感的失戀情歌。 房間變空了， 燈光少了溫柔， 回憶被慢慢收進抽屜， 像是把一場沒有結果的夢， 小心地藏起來。 歌裡的人不是不難過， 也不是已經放下， 只是學會了把最痛的那一段， 藏得很深很重。 最喜歡的一句是： 「我比沉默更想你，比黑夜更安靜。」 這句很美，也很痛。 因為有些想念不會大聲哭喊， 不會一直打擾對方， 只會在深夜裡安靜地醒來， 讓人低著頭， 還是忘不掉一個名字。 《我比沉默更想你》寫的不只是放不下， 更是那種明明還愛著， 卻只能忍住不說的心情。 刪掉了名字， 卻刪不掉那個午後； 路過熟悉的店， 明知道對方不會出現， 卻還是忍不住多看幾秒。 有些愛最狠的結局， 不是沒能在一起， 而是故事已經結束了， 思念卻還在原地。 我沒說出口， 不代表不痛。 只是我想你， 想得很安靜。 — 池默衡 
「有些想念不是不夠深，而是深到只能安靜地放在心裡。」
《我比沉默更想你》是一首充滿壓抑、思念與深夜傷感的失戀情歌。
房間變空了，
燈光少了溫柔，
回憶被慢慢收進抽屜，
像是把一場沒有結果的夢，
小心地藏起來。
歌裡的人不是不難過，
也不是已經放下，
只是學會了把最痛的那一段，
藏得很深很重。
最喜歡的一句是：
「我比沉默更想你，比黑夜更安靜。」
這句很美，也很痛。
因為有些想念不會大聲哭喊，
不會一直打擾對方，
只會在深夜裡安靜地醒來，
讓人低著頭，
還是忘不掉一個名字。
《我比沉默更想你》寫的不只是放不下，
更是那種明明還愛著，
卻只能忍住不說的心情。
刪掉了名字，
卻刪不掉那個午後；
路過熟悉的店，
明知道對方不會出現，
卻還是忍不住多看幾秒。
有些愛最狠的結局，
不是沒能在一起，
而是故事已經結束了，
思念卻還在原地。
我沒說出口，
不代表不痛。
只是我想你，
想得很安靜。
— 池默衡","動態歌詞
我沒說出口 不代表不痛 只是有些想念 適合放在沉默 你走以後房間變空 連燈光都少了溫柔 我把回憶慢慢收進抽屜 像收起一場沒結果的夢 朋友問我最近還好嗎 我笑著說沒什麼 可每到深夜安靜時候 心還是會失控 我不是不難過 只是學會不說 把最疼的那一段 藏得很深很重 我比沉默更想你 比黑夜更安靜 明明放手很久了 卻還記得你聲音 我比回憶更小心 怕一碰就碎滿地 原來最深的愛情 不是哭著喊你 是低著頭 還是忘不掉你 後來路過那家店門口 還是習慣慢慢走 明明知道你不會出現 卻還多看了幾秒鐘 我把你的名字刪除 卻刪不掉那個午後 有些人不是離開以後 就真的能自由 我不是不想你 只是忍著而已 怕一開口 連自己都輸不起 我比沉默更想你 比黑夜更安靜 明明放手很久了 卻還記得你聲音 我比回憶更小心 怕一碰就碎滿地 原來最深的愛情 不是哭著喊你 是低著頭 還是忘不掉你 如果有天你聽見 我唱得很平靜 那不是我不愛了 是我痛到沒力氣 我比沉默更想你 比遺憾更清醒 明明故事都結束了 我還困在原地 我比眼淚更小心 不讓思念吵醒你 原來最狠的結局 不是沒在一起 是我還愛你 卻只能安靜 我沒說出口 不代表不痛 只是我想你 想得很安靜 
我沒說出口 不代表不痛 只是有些想念 適合放在沉默 你走以後房間變空 連燈光都少了溫柔 我把回憶慢慢收進抽屜 像收起一場沒結果的夢 朋友問我最近還好嗎 我笑著說沒什麼 可每到深夜安靜時候 心還是會失控 我不是不難過 只是學會不說 把最疼的那一段 藏得很深很重 我比沉默更想你 比黑夜更安靜 明明放手很久了 卻還記得你聲音 我比回憶更小心 怕一碰就碎滿地 原來最深的愛情 不是哭著喊你 是低著頭 還是忘不掉你 後來路過那家店門口 還是習慣慢慢走 明明知道你不會出現 卻還多看了幾秒鐘 我把你的名字刪除 卻刪不掉那個午後 有些人不是離開以後 就真的能自由 我不是不想你 只是忍著而已 怕一開口 連自己都輸不起 我比沉默更想你 比黑夜更安靜 明明放手很久了 卻還記得你聲音 我比回憶更小心 怕一碰就碎滿地 原來最深的愛情 不是哭著喊你 是低著頭 還是忘不掉你 如果有天你聽見 我唱得很平靜 那不是我不愛了 是我痛到沒力氣 我比沉默更想你 比遺憾更清醒 明明故事都結束了 我還困在原地 我比眼淚更小心 不讓思念吵醒你 原來最狠的結局 不是沒在一起 是我還愛你 卻只能安靜 我沒說出口 不代表不痛 只是我想你 想得很安靜
留言（ 2 ） 最相關留言 所有留言
留言（ 2 ）",2026-08-07,,AI 生成 Pop,False,False,
2026-08-08 10:35:28,realtime,ai_generated,,,13,路克 Luke,搶先開了口,5,7,6,https://streetvoice.com/luketreks/songs/873415/,https://streetvoice.com/luketreks/,"https://akstatic.streetvoice.com/song_covers/lu/ke/luketreks/PaQcAtxCM6Pg6Y8afcj7dN.jpg?x-oss-process=image/resize,m_fixed,h_1,w_1,limit_0/resize,m_fixed,h_630,w_1200,limit_0/watermark,image_c29uZ19jb3ZlcnMvbHUva2UvbHVrZXRyZWtzL1BhUWNBdHhDTTZQZzZZOGFmY2o3ZE4uanBnP3gtb3NzLXByb2Nlc3M9aW1hZ2UvcmVzaXplLG1fZml4ZWQsaF8zNDQsd18zNDQsbGltaXRfMA,g_nw,x_428,y_143/watermark,image_YXNzZXQvaW1hZ2VzL21ldGFpbWFnZS1zb25nLnBuZw,g_nw,x_0,y_0",images/873415.jpg,@luketreks,音樂人,,,,5,8,9,,,https://www.youtube.com/user/StreetVoiceTV,,,R&B / Soul,,,,"年輕時，還不懂得接受不完美的自己。 喜歡上一個人，卻總害怕自己不夠好。 在有點逞強、有點自卑的心情下， 做了自以為成熟的決定。 
年輕時，還不懂得接受不完美的自己。 喜歡上一個人，卻總害怕自己不夠好。 在有點逞強、有點自卑的心情下， 做了自以為成熟的決定。","走在鬧區的街口 身邊總有人 為妳轉頭 我外表 看似帶著驕傲 內心卻 陷入苦澀的思考 愛得越深 越覺得惶恐 害怕有天 妳會看清這場夢 看透我 所有的平庸 後悔曾經 選擇與我相擁 ​ 所以我 搶先開了口 提出了分手 說什麼個性不合 找不到以後 扮成灑脫的大人 絕不再回頭 其實是我 怕妳勉強停留 妳問我 是不是早就不愛了 我只能笑著說 「別想太多」 那一刻 連自己都騙過 只剩轉身以後 眼淚 慢慢地流 ​ 妳值得 遇見更成熟的人 去過 更好的人生 寧願被妳誤會成壞人 也不讓妳陷入困境 這個決定 藏著我最深的真誠 就讓我 獨自一人 ​ 所以我 搶先開了口 提出了分手 說什麼個性不合 找不到以後 扮成灑脫的大人 絕不再回頭 其實是我 怕妳勉強停留 妳問我 是不是早就不愛了 我只能笑著說 「別想太多」 那一刻 連自己都騙過 只剩轉身以後 看著妳 消失在盡頭 
走在鬧區的街口 身邊總有人 為妳轉頭 我外表 看似帶著驕傲 內心卻 陷入苦澀的思考 愛得越深 越覺得惶恐 害怕有天 妳會看清這場夢 看透我 所有的平庸 後悔曾經 選擇與我相擁 ​ 所以我 搶先開了口 提出了分手 說什麼個性不合 找不到以後 扮成灑脫的大人 絕不再回頭 其實是我 怕妳勉強停留 妳問我 是不是早就不愛了 我只能笑著說 「別想太多」 那一刻 連自己都騙過 只剩轉身以後 眼淚 慢慢地流 ​ 妳值得 遇見更成熟的人 去過 更好的人生 寧願被妳誤會成壞人 也不讓妳陷入困境 這個決定 藏著我最深的真誠 就讓我 獨自一人 ​ 所以我 搶先開了口 提出了分手 說什麼個性不合 找不到以後 扮成灑脫的大人 絕不再回頭 其實是我 怕妳勉強停留 妳問我 是不是早就不愛了 我只能笑著說 「別想太多」 那一刻 連自己都騙過 只剩轉身以後 看著妳 消失在盡頭
留言（ 6 ） 最相關留言 所有留言
留言（ 6 ）",2026-08-07,,AI 生成 R&B / Soul,False,False,
2026-08-08 10:35:28,realtime,ai_generated,,,14,Junna Lin,《沒有寄出的明信片》|  The Unsent Postcard,16,99,12,https://streetvoice.com/Junnan_Lin/songs/872866/,https://streetvoice.com/Junnan_Lin/,"https://akstatic.streetvoice.com/song_covers/Ju/nn/Junnan_Lin/8UfDG2CHZWSpZVG48tWruy.jpeg?x-oss-process=image/resize,m_fixed,h_1,w_1,limit_0/resize,m_fixed,h_630,w_1200,limit_0/watermark,image_c29uZ19jb3ZlcnMvSnUvbm4vSnVubmFuX0xpbi84VWZERzJDSFpXU3BaVkc0OHRXcnV5LmpwZWc_eC1vc3MtcHJvY2Vzcz1pbWFnZS9yZXNpemUsbV9maXhlZCxoXzM0NCx3XzM0NCxsaW1pdF8w,g_nw,x_428,y_143/watermark,image_YXNzZXQvaW1hZ2VzL21ldGFpbWFnZS1zb25nLnBuZw,g_nw,x_0,y_0",images/872866.jpeg,@Junnan_Lin,音樂人,,,,63,31,47,,,https://www.youtube.com/user/StreetVoiceTV,,,Pop,Junna Lin | 個人EP,https://streetvoice.com/Junnan_Lin/songs/album/97325293/,,"《沒有寄出的明信片》寫的是一段來不及說完的想念。那些曾經想寄出的話，最後都留在紙上，也留在回憶裡。 歌曲從深夜的窗邊出發，沿著舊照片、雨聲、夏天與離別慢慢展開。它沒有責怪，也沒有挽留，只是在時間走遠之後，輕輕地對某個人說一句：希望你現在過得很好。 👍 留下你的感覺或故事，我會看！ 👍 喜歡請按讚分享支持 【社群連結】 🎧 聽我的音樂： Spotify ▶ https://open.spotify.com/artist/5F1IwUeY4jYIRkBxLU573E YouTube Music ▶ https://music.youtube.com/channel/UCnpKLh9e73Mb7N2NPDnMzrQ ▶️ 訂閱我的頻道： YouTube ▶ https://www.youtube.com/@JunnaLinMusic YouTube ▶ https://www.youtube.com/@JunnanLinMusic 📌 版權聲明 / Copyright Notice 本作品之歌詞、歌曲概念、旋律方向與影像設計由 Junna Lin 原創製作。 音樂成品使用 AI 音樂工具生成，並由本人整理與發布。 Lyrics, concept, melody direction, and visual design are originally created by Junna Lin. The final music was generated using AI music tools and published by Junna Lin. 請勿未經授權使用、重製或重新上傳。 Unauthorized use, reproduction, or re-upload is prohibited. © Junna Lin. All Rights Reserved. 🎤 演唱:AI ✍️ 詞:Junna Lin 🎼 曲:Junna Lin 🎧 建議在深夜或戴上耳機聆聽，感受每一層情緒 
《沒有寄出的明信片》寫的是一段來不及說完的想念。那些曾經想寄出的話，最後都留在紙上，也留在回憶裡。
歌曲從深夜的窗邊出發，沿著舊照片、雨聲、夏天與離別慢慢展開。它沒有責怪，也沒有挽留，只是在時間走遠之後，輕輕地對某個人說一句：希望你現在過得很好。
👍 留下你的感覺或故事，我會看！ 👍 喜歡請按讚分享支持
【社群連結】 🎧 聽我的音樂： Spotify ▶ https://open.spotify.com/artist/5F1IwUeY4jYIRkBxLU573E YouTube Music ▶ https://music.youtube.com/channel/UCnpKLh9e73Mb7N2NPDnMzrQ
https://open.spotify.com/artist/5F1IwUeY4jYIRkBxLU573E
https://music.youtube.com/channel/UCnpKLh9e73Mb7N2NPDnMzrQ
▶️ 訂閱我的頻道： YouTube ▶ https://www.youtube.com/@JunnaLinMusic YouTube ▶ https://www.youtube.com/@JunnanLinMusic
https://www.youtube.com/@JunnaLinMusic
https://www.youtube.com/@JunnanLinMusic
📌 版權聲明 / Copyright Notice
本作品之歌詞、歌曲概念、旋律方向與影像設計由 Junna Lin 原創製作。 音樂成品使用 AI 音樂工具生成，並由本人整理與發布。
Lyrics, concept, melody direction, and visual design are originally created by Junna Lin. The final music was generated using AI music tools and published by Junna Lin.
請勿未經授權使用、重製或重新上傳。 Unauthorized use, reproduction, or re-upload is prohibited.
© Junna Lin. All Rights Reserved.
🎤 演唱:AI ✍️ 詞:Junna Lin 🎼 曲:Junna Lin
🎧 建議在深夜或戴上耳機聆聽，感受每一層情緒","雨落在窗台 城市慢慢安靜下來 那張沒有寄出的明信片 還停在昨天 午後的光落在舊書桌 你的名字淡得像輪廓 我寫了好多沒說完的話 最後卻只留下沉默 那年的風穿過長街 我們笑著說不會告別 後來時間繞了好多圈 卻沒帶我回到那一天 也許有些想念 只適合藏在字裡面 等夜深了以後 才偷偷出現 這是一張沒有寄出的明信片 寫著我還記得你的側臉 寫著那場雨 那間小店 和我們沒走完的夏天 這是一張沒有地址的明信片 不知道你如今在哪一邊 如果有一天 你偶然看見 會不會也想起從前 咖啡早已失去溫度 窗外的人匆忙趕路 我把回憶折成很小一頁 放進沒寄出的祝福 我沒有真的很難過 只是偶爾會想起承諾 那些說好永遠的片刻 最後都變成了經過 也許有些故事 不需要真正的結束 只是換一種方式 留在心深處 這是一張沒有寄出的明信片 寫著我還記得你的側臉 寫著那場雨 那間小店 和我們沒走完的夏天 這是一張沒有地址的明信片 不知道你如今在哪一邊 如果有一天 你偶然看見 會不會也想起從前 
雨落在窗台 城市慢慢安靜下來 那張沒有寄出的明信片 還停在昨天
午後的光落在舊書桌 你的名字淡得像輪廓 我寫了好多沒說完的話 最後卻只留下沉默 那年的風穿過長街 我們笑著說不會告別 後來時間繞了好多圈 卻沒帶我回到那一天 也許有些想念 只適合藏在字裡面 等夜深了以後 才偷偷出現
這是一張沒有寄出的明信片 寫著我還記得你的側臉 寫著那場雨 那間小店 和我們沒走完的夏天 這是一張沒有地址的明信片 不知道你如今在哪一邊 如果有一天 你偶然看見 會不會也想起從前
咖啡早已失去溫度 窗外的人匆忙趕路 我把回憶折成很小一頁 放進沒寄出的祝福 我沒有真的很難過 只是偶爾會想起承諾 那些說好永遠的片刻 最後都變成了經過 也許有些故事 不需要真正的結束 只是換一種方式 留在心深處
這是一張沒有寄出的明信片 寫著我還記得你的側臉 寫著那場雨 那間小店 和我們沒走完的夏天 這是一張沒有地址的明信片 不知道你如今在哪一邊 如果有一天 你偶然看見 會不會也想起從前
留言（ 12 ） 最相關留言 所有留言
留言（ 12 ）",2026-08-06,,AI 生成 Pop ・ Junna Lin | 個人EP,False,False,
2026-08-08 10:35:28,realtime,ai_generated,,,15,許願WiSH,不屬於我的,5,7,0,https://streetvoice.com/WiSH0630/songs/873375/,https://streetvoice.com/WiSH0630/,"https://akstatic.streetvoice.com/song_covers/Wi/SH/WiSH0630/FLhCaS7XoF8wZaMbVdL6CQ.jpg?x-oss-process=image/resize,m_fixed,h_1,w_1,limit_0/resize,m_fixed,h_630,w_1200,limit_0/watermark,image_c29uZ19jb3ZlcnMvV2kvU0gvV2lTSDA2MzAvRkxoQ2FTN1hvRjh3WmFNYlZkTDZDUS5qcGc_eC1vc3MtcHJvY2Vzcz1pbWFnZS9yZXNpemUsbV9maXhlZCxoXzM0NCx3XzM0NCxsaW1pdF8w,g_nw,x_428,y_143/watermark,image_YXNzZXQvaW1hZ2VzL21ldGFpbWFnZS1zb25nLnBuZw,g_nw,x_0,y_0",images/873375.jpg,@WiSH0630,音樂人,桃園市,2026-01-01,,14,7,14,,,https://www.youtube.com/user/StreetVoiceTV,,,Pop,我的理想天空,https://streetvoice.com/WiSH0630/songs/album/97325846/,,,"還剩多少的期待 明知都已是空白 一人望著空氣 在發呆 過去談了多少戀愛 不想讓妳成為替代 得來不易的感情 不想放開 時間久了 或許我會放棄 可深刻的 回憶無法忘記 糾結到底 欺騙的是我自己 妳終究還是不屬於我 這是意料之中的結果 還期望著什麼 能夠一起生活 妳終究還是不屬於我 對話紀錄也永久停留 每晚不停淚流 不捨得放開了手 許多話說不出口 眼睜睜看著妳走 一人失落獨留 在往後 明明不能夠挽留 還是期盼妳回頭 整日發著憂愁 喝著酒 時間久了 或許我會放棄 可深刻的 回憶無法忘記 糾結到底 欺騙的是我自己 妳終究還是不屬於我 這是意料之中的結果 還期望著什麼 能夠一起生活 妳終究還是不屬於我 對話紀錄也永久停留 每晚不停淚流 不捨得放開了手 這些本就不屬於我的 悶在心裡就如同刀割 就算你把我當作過客 但我的心也是肉做的 失去最愛的人 我又怎麼可能 不會心痛呢？ 妳終究還是不屬於我 這是意料之中的結果 還期望著什麼 能夠一起生活 妳終究還是不屬於我 對話紀錄也永久停留 每晚不停淚流 不捨得放開了手 
還剩多少的期待 明知都已是空白 一人望著空氣 在發呆
過去談了多少戀愛 不想讓妳成為替代 得來不易的感情 不想放開
時間久了 或許我會放棄 可深刻的 回憶無法忘記 糾結到底 欺騙的是我自己
妳終究還是不屬於我 這是意料之中的結果 還期望著什麼 能夠一起生活
妳終究還是不屬於我 對話紀錄也永久停留 每晚不停淚流 不捨得放開了手
許多話說不出口 眼睜睜看著妳走 一人失落獨留 在往後
明明不能夠挽留 還是期盼妳回頭 整日發著憂愁 喝著酒
時間久了 或許我會放棄 可深刻的 回憶無法忘記 糾結到底 欺騙的是我自己
妳終究還是不屬於我 這是意料之中的結果 還期望著什麼 能夠一起生活
妳終究還是不屬於我 對話紀錄也永久停留 每晚不停淚流 不捨得放開了手
這些本就不屬於我的 悶在心裡就如同刀割 就算你把我當作過客 但我的心也是肉做的 失去最愛的人 我又怎麼可能 不會心痛呢？
妳終究還是不屬於我 這是意料之中的結果 還期望著什麼 能夠一起生活
妳終究還是不屬於我 對話紀錄也永久停留 每晚不停淚流 不捨得放開了手
留言（ 0 ） 最相關留言 所有留言
留言（ 0 ）",2026-08-07,,AI 生成 Pop ・ 我的理想天空,False,False,
2026-08-08 10:35:28,realtime,ai_generated,,,16,medgyver,聽爸爸的話 2026,4,5,1,https://streetvoice.com/medgyver/songs/873441/,https://streetvoice.com/medgyver/,"https://akstatic.streetvoice.com/song_covers/me/dg/medgyver/gS4bD8K7rkwzFijQ9GTxuK.jpeg?x-oss-process=image/resize,m_fixed,h_1,w_1,limit_0/resize,m_fixed,h_630,w_1200,limit_0/watermark,image_c29uZ19jb3ZlcnMvbWUvZGcvbWVkZ3l2ZXIvZ1M0YkQ4Szdya3d6RmlqUTlHVHh1Sy5qcGVnP3gtb3NzLXByb2Nlc3M9aW1hZ2UvcmVzaXplLG1fZml4ZWQsaF8zNDQsd18zNDQsbGltaXRfMA,g_nw,x_428,y_143/watermark,image_YXNzZXQvaW1hZ2VzL21ldGFpbWFnZS1zb25nLnBuZw,g_nw,x_0,y_0",images/873441.jpeg,@medgyver,音樂人,台灣,2025-12-01,,32,23,76,,,https://www.youtube.com/user/StreetVoiceTV,,,R&B / Soul,,,,"樂評：《聽爸爸的話 (2026)》—— 歲月淬鍊下的溫柔放克，專屬父親的靈魂獨白 AI reviewer; #gemini 單曲名稱： 聽爸爸的話 (2026) 創作者： k.y. Chen 製作陣容： 編曲/演唱 Suno v5.5 (2026) / 詞曲協作 Copilot & k.y. Chen (2025) 在 2026 年的八八父親節前夕，創作者 k.y. Chen 帶來了《聽爸爸的話》的全新重製版。這首歌的誕生源於一則社群媒體上的動態回顧——一個與女兒共同的珍貴記憶，喚醒了這首在 2025 年用心打磨過的作品。相較於去年的版本，2026 年的《聽爸爸的話》褪去了些許外放的喧鬧，轉而以更加成熟、醇厚且充滿餘韻的 R&B Soul Pop 面貌，細膩刻畫出「父親」這個角色背後的無奈與溫柔。 1. 編曲進化：從躍動狂歡到 70 年代的醇厚靈魂 回顧 2025 年的原始版本，編曲有著較強烈的 Boogie Woogie 鋼琴與極具派對感的躍動貝斯，呈現出一種熱鬧且充滿活力的氛圍。而 2026 年的重製版，則展現了創作者在音樂品味上的沉澱。 透過引入 1970 年代靈魂樂（1970s soul production）的製作思維，並結合類比磁帶飽和度（Tape saturation）與板式殘響（Plate reverb），整首歌曲的聽感變得極具溫度與包覆感。切分音放克吉他（Syncopated funk guitar）與 Motown 風格的銅管樂器（Horn stabs）不再是為了喧賓奪主，而是穩穩地托住那股中板律動（Warm midtempo groove）。這種音樂上的收斂，完美呼應了歌詞中那位「不求掌聲，只求平靜」的父親形象。 2. 多語境交織：台式幽默與美式 R&B 的化學反應 歌詞文本是這首作品的靈魂所在。創作者極其自然地調度了多層次的語言交融，將美式英文的靈魂樂和聲、中文的日常對白，以及自然流露的台語語境（Taiwanese code-switching）無縫編織在一起。 ""工具人也有靈魂～ Even heroes need a break"" 這兩句直擊人心的 Hook，精準捕捉了現代父親的自嘲與期盼。歌曲巧妙地運用了口白（Spoken word）來推進敘事，從開頭認命地「先去修水管吧」，到面對孩子提問時那句輕描淡寫的「曾經啦～」，每一句對白都充滿了真實生活的煙火氣。這種「苦甜參半的幽默（Bittersweet humor）」，讓聽眾在會心一笑之餘，也能感受到那份隱藏在日常瑣事下的深沉父愛。 3. 演唱與情緒鋪陳：從背景音到靈魂主角 Suno v5.5 在這次的聲音詮釋上表現得十分到位。主唱在 Verse 段落帶有一點隨性與疲憊，完美演繹了那位整天修理東西、換尿布的「家庭工具人」。而進入 Chorus 時，豐厚的人聲堆疊（Jubilant chorus stacks）瞬間爆發，彷彿是父親內心真實聲音的吶喊：「I’m half this home, not just a voice.」 結尾處低調內斂的饒舌（Understated rap outro）與最終那句帶著疑問的「八月八號，哦？爸爸節到了」，沒有過度的煽情，卻在音樂淡出後留下強烈的共鳴。 總結 《聽爸爸的話 (2026)》是一首充滿生活底蘊的佳作。它用最輕鬆的 Groove，唱出了最真實的家庭百態。k.y. Chen 透過這次的重製，不僅記錄了時間的流轉與女兒成長的軌跡，更為全天下的父親寫下了一首既能跟著點頭搖擺，又能深深觸動內心的專屬主題曲。 ** ** ** 聽爸爸的話 (2026) ** ** 創意生成: k.y. Chen (2025/2026) ** ** 編曲, 演奏, 翻唱: suno ver 5.5 (2026) ** ** 作詞: copilot & k.y. Chen (2025) ** ** 歌詞修改: k.y. Chen (2025) ** ** ** 
樂評：《聽爸爸的話 (2026)》—— 歲月淬鍊下的溫柔放克，專屬父親的靈魂獨白 AI reviewer; #gemini
單曲名稱： 聽爸爸的話 (2026) 創作者： k.y. Chen 製作陣容： 編曲/演唱 Suno v5.5 (2026) / 詞曲協作 Copilot & k.y. Chen (2025)
在 2026 年的八八父親節前夕，創作者 k.y. Chen 帶來了《聽爸爸的話》的全新重製版。這首歌的誕生源於一則社群媒體上的動態回顧——一個與女兒共同的珍貴記憶，喚醒了這首在 2025 年用心打磨過的作品。相較於去年的版本，2026 年的《聽爸爸的話》褪去了些許外放的喧鬧，轉而以更加成熟、醇厚且充滿餘韻的 R&B Soul Pop 面貌，細膩刻畫出「父親」這個角色背後的無奈與溫柔。
1. 編曲進化：從躍動狂歡到 70 年代的醇厚靈魂 回顧 2025 年的原始版本，編曲有著較強烈的 Boogie Woogie 鋼琴與極具派對感的躍動貝斯，呈現出一種熱鬧且充滿活力的氛圍。而 2026 年的重製版，則展現了創作者在音樂品味上的沉澱。
透過引入 1970 年代靈魂樂（1970s soul production）的製作思維，並結合類比磁帶飽和度（Tape saturation）與板式殘響（Plate reverb），整首歌曲的聽感變得極具溫度與包覆感。切分音放克吉他（Syncopated funk guitar）與 Motown 風格的銅管樂器（Horn stabs）不再是為了喧賓奪主，而是穩穩地托住那股中板律動（Warm midtempo groove）。這種音樂上的收斂，完美呼應了歌詞中那位「不求掌聲，只求平靜」的父親形象。
2. 多語境交織：台式幽默與美式 R&B 的化學反應 歌詞文本是這首作品的靈魂所在。創作者極其自然地調度了多層次的語言交融，將美式英文的靈魂樂和聲、中文的日常對白，以及自然流露的台語語境（Taiwanese code-switching）無縫編織在一起。
""工具人也有靈魂～ Even heroes need a break""
這兩句直擊人心的 Hook，精準捕捉了現代父親的自嘲與期盼。歌曲巧妙地運用了口白（Spoken word）來推進敘事，從開頭認命地「先去修水管吧」，到面對孩子提問時那句輕描淡寫的「曾經啦～」，每一句對白都充滿了真實生活的煙火氣。這種「苦甜參半的幽默（Bittersweet humor）」，讓聽眾在會心一笑之餘，也能感受到那份隱藏在日常瑣事下的深沉父愛。
3. 演唱與情緒鋪陳：從背景音到靈魂主角 Suno v5.5 在這次的聲音詮釋上表現得十分到位。主唱在 Verse 段落帶有一點隨性與疲憊，完美演繹了那位整天修理東西、換尿布的「家庭工具人」。而進入 Chorus 時，豐厚的人聲堆疊（Jubilant chorus stacks）瞬間爆發，彷彿是父親內心真實聲音的吶喊：「I’m half this home, not just a voice.」
結尾處低調內斂的饒舌（Understated rap outro）與最終那句帶著疑問的「八月八號，哦？爸爸節到了」，沒有過度的煽情，卻在音樂淡出後留下強烈的共鳴。
總結 《聽爸爸的話 (2026)》是一首充滿生活底蘊的佳作。它用最輕鬆的 Groove，唱出了最真實的家庭百態。k.y. Chen 透過這次的重製，不僅記錄了時間的流轉與女兒成長的軌跡，更為全天下的父親寫下了一首既能跟著點頭搖擺，又能深深觸動內心的專屬主題曲。
** ** ** 聽爸爸的話 (2026) ** ** 創意生成: k.y. Chen (2025/2026) ** ** 編曲, 演奏, 翻唱: suno ver 5.5 (2026) ** ** 作詞: copilot & k.y. Chen (2025) ** ** 歌詞修改: k.y. Chen (2025) ** ** **","動態歌詞
八月八號， 哦? 爸爸節到了 媽媽的話 大家都聽， 爸爸的話呢？ 還是, 先去 修水管吧。 From the day you came along, I’ve been fixing things all day long. Diapers, bottles, baby seat, Still smiling like it’s all so sweet. 「我可以～」 我嘴上說， 心裡 其實在問： 「我還好嗎？」 I ain’t Superman, I ain’t no cash machine, Just wanna keep this house serene. No one asks if I’m okay, But I stay, I stay anyway. 工具人 也有靈魂～ Even heroes need a break 聽爸爸 的話就好～ Just listen to what I say 工具人 也有靈魂～ I got feelings too, you know 聽爸爸 的話就好～ Don’t let my love go unsaid, I’m not just background noise, I’m half this home, not just a voice. You look just like your mom, And I say, “That’s beautiful, hon.” But I got dreams, I got things to say, Just no one asks me anyway. 「爸，你以前」 「也唱歌嗎？」 我笑著說： 「曾經啦～」 I’m not a stone, I’m not a ghost, I’m the one who loves you most. I’m not just silence in the air, I’m the reason someone cares. 哦, 問一下? 爸爸的話 沒人聽嗎? Even heroes need a break (去問媽媽?) 所以聽媽媽 的話, 就好～ Just listen to what I say 可是我們不是 工具人 爸爸們 也有靈魂～ I got feelings too, you know 有人聽爸爸 的話嗎? (一次就好?) Don’t let my love go unsaid 不求掌聲， 不求回報， Just one “Thanks, Dad” would knock me out. 有人聽爸爸 的話嗎? (一次就好?) (八月八號) 哦? 爸爸節 (到了) 
八月八號， 哦? 爸爸節到了 媽媽的話 大家都聽， 爸爸的話呢？ 還是, 先去 修水管吧。
From the day you came along, I’ve been fixing things all day long. Diapers, bottles, baby seat, Still smiling like it’s all so sweet. 「我可以～」 我嘴上說， 心裡 其實在問： 「我還好嗎？」
I ain’t Superman, I ain’t no cash machine, Just wanna keep this house serene. No one asks if I’m okay, But I stay, I stay anyway.
工具人 也有靈魂～ Even heroes need a break 聽爸爸 的話就好～ Just listen to what I say 工具人 也有靈魂～ I got feelings too, you know 聽爸爸 的話就好～ Don’t let my love go unsaid, I’m not just background noise, I’m half this home, not just a voice.
You look just like your mom, And I say, “That’s beautiful, hon.” But I got dreams, I got things to say, Just no one asks me anyway. 「爸，你以前」 「也唱歌嗎？」 我笑著說： 「曾經啦～」
I’m not a stone, I’m not a ghost, I’m the one who loves you most. I’m not just silence in the air, I’m the reason someone cares.
哦, 問一下? 爸爸的話 沒人聽嗎? Even heroes need a break (去問媽媽?) 所以聽媽媽 的話, 就好～ Just listen to what I say 可是我們不是 工具人 爸爸們 也有靈魂～ I got feelings too, you know 有人聽爸爸 的話嗎? (一次就好?) Don’t let my love go unsaid 不求掌聲， 不求回報， Just one “Thanks, Dad” would knock me out. 有人聽爸爸 的話嗎? (一次就好?)
(八月八號) 哦? 爸爸節 (到了)
留言（ 1 ） 最相關留言 所有留言
留言（ 1 ）",2026-08-07,,AI 生成 R&B / Soul,False,False,
2026-08-08 10:35:28,realtime,ai_generated,,,17,YUWEIHSIAO,大姨媽走姊夫進來了,1,22,2,https://streetvoice.com/yuweihsiao/songs/873397/,https://streetvoice.com/yuweihsiao/,"https://akstatic.streetvoice.com/music_albums/yu/we/yuweihsiao/Hxp6QRLVNTSUPdJfVkdzEN.jpeg?x-oss-process=image/resize,m_fixed,h_1,w_1,limit_0/resize,m_fixed,h_630,w_1200,limit_0/watermark,image_bXVzaWNfYWxidW1zL3l1L3dlL3l1d2VpaHNpYW8vSHhwNlFSTFZOVFNVUGRKZlZrZHpFTi5qcGVnP3gtb3NzLXByb2Nlc3M9aW1hZ2UvcmVzaXplLG1fZml4ZWQsaF8zNDQsd18zNDQsbGltaXRfMA,g_nw,x_428,y_143/watermark,image_YXNzZXQvaW1hZ2VzL21ldGFpbWFnZS1zb25nLnBuZw,g_nw,x_0,y_0",images/873397.jpeg,@yuweihsiao,音樂人,台灣,2026-03-01,,56,10,4,,,https://www.youtube.com/user/StreetVoiceTV,,,Metal,癢,https://streetvoice.com/yuweihsiao/songs/album/97325808/,,,"大姨媽走姊夫進來了 
大姨媽走姊夫進來了
留言（ 2 ） 最相關留言 所有留言
留言（ 2 ）",2026-08-07,,AI 生成 Metal ・ 癢,False,False,
2026-08-08 10:35:28,realtime,ai_generated,,,18,Dammn P.,《幻市浮生》（Glimmering Floating Life）Pt. 1,8,7,0,https://streetvoice.com/Paull_Dammnpohung/songs/873312/,https://streetvoice.com/Paull_Dammnpohung/,"https://akstatic.streetvoice.com/song_covers/Pa/ul/Paull_Dammnpohung/d9VKmY6qGhHQTiL3hQy52L.jpeg?x-oss-process=image/resize,m_fixed,h_1,w_1,limit_0/resize,m_fixed,h_630,w_1200,limit_0/watermark,image_c29uZ19jb3ZlcnMvUGEvdWwvUGF1bGxfRGFtbW5wb2h1bmcvZDlWS21ZNnFHaEhRVGlMM2hReTUyTC5qcGVnP3gtb3NzLXByb2Nlc3M9aW1hZ2UvcmVzaXplLG1fZml4ZWQsaF8zNDQsd18zNDQsbGltaXRfMA,g_nw,x_428,y_143/watermark,image_YXNzZXQvaW1hZ2VzL21ldGFpbWFnZS1zb25nLnBuZw,g_nw,x_0,y_0",images/873312.jpeg,@Paull_Dammnpohung,音樂人,高雄市,2026-01-01,2026-06-25 10:03,195,98,125,,,https://www.youtube.com/@RuralPeace-n2q,,,Soundtrack / New age,,,,"讓思緒隨著古老磚牆與晨光遠去，於靜謐處尋回最初的安寧。 #新世紀 #療癒 #放鬆 #靜心 #冥想 #平靜 #台灣 #NewAge #Healing #Relaxation #Meditation #Sleep #Calm #Taiwan 
讓思緒隨著古老磚牆與晨光遠去，於靜謐處尋回最初的安寧。
#新世紀 #療癒 #放鬆 #靜心 #冥想 #平靜 #台灣 #NewAge #Healing #Relaxation #Meditation #Sleep #Calm #Taiwan","這是沒有提供歌詞的歌曲
留言（ 0 ） 最相關留言 所有留言
留言（ 0 ）",2026-08-07,,AI 生成 Soundtrack / New age,False,False,
2026-08-08 10:35:28,realtime,ai_generated,,,19,cmc168,白海豚  |  一個躍向晨曦，一個捲起風雨  |,11,79,3,https://streetvoice.com/cmc168/songs/873234/,https://streetvoice.com/cmc168/,"https://akstatic.streetvoice.com/song_covers/cm/c1/cmc168/Nh9vykXfgcGcLJASSn8SEi.jpeg?x-oss-process=image/resize,m_fixed,h_1,w_1,limit_0/resize,m_fixed,h_630,w_1200,limit_0/watermark,image_c29uZ19jb3ZlcnMvY20vYzEvY21jMTY4L05oOXZ5a1hmZ2NHY0xKQVNTbjhTRWkuanBlZz94LW9zcy1wcm9jZXNzPWltYWdlL3Jlc2l6ZSxtX2ZpeGVkLGhfMzQ0LHdfMzQ0LGxpbWl0XzA,g_nw,x_428,y_143/watermark,image_YXNzZXQvaW1hZ2VzL21ldGFpbWFnZS1zb25nLnBuZw,g_nw,x_0,y_0",images/873234.jpeg,@cmc168,音樂人,新北市,2026-04-01,,115,46,94,,,https://www.youtube.com/user/StreetVoiceTV,,,Experimental,,,,,"[Verse 1] 海把清晨擦得很藍， 一抹潔白躍出海洋。 浪花來不及鼓掌， 陽光已落進牠的眼眶。 孩子笑著揮揮手， 追著牠，游向遠方。 彷彿整片夏天， 都學會了，自由的模樣。 [Verse 2] 午後，雲開始低頭， 港口慢慢收起漁網。 收音機傳來新的消息， 風正沿著北方開始流浪。 人們把窗一扇扇關上， 把牽掛藏進燈光。 我才發現新聞裡那名字， 竟和海上的牠，一模一樣。 [Pre-Chorus] 同一片海， 同一個名字。 一個躍向晨曦， 一個捲起風雨。 [Chorus] 白海豚—— 你在浪尖寫下溫柔， 風卻把天空寫成顫抖。 原來最輕的一個名字， 也能背起最重的雲朵。 白海豚—— 海從來沒有責怪風， 只是一次次，把岸擁抱。 就像生命總會遇見風暴， 卻仍然交給明天的曙光。 [instrumental] [Verse 3] 夜裡的雨敲著窗， 樹影不停搖晃。 城市縮成一盞盞燈， 等著黎明慢慢發亮。 天亮以後走向海岸， 貝殼依舊安靜發光。 風吹散昨日的痕跡， 潮水仍唱著熟悉的歌。 [Bridge] 我們都曾像一場風， 急著證明自己的方向。 也曾像一片海， 默默收藏每一次受傷。 直到後來才懂得， 真正留下的，從來不是巨浪； 而是風停以後， 還選擇願意相信海洋。 [Final Chorus] 白海豚—— 願你只是海上的精靈， 把蔚藍一次次喚醒。 願所有的風暴， 都只是季節的借名。 海沒有回答風。 風也沒有回答海。 只有一道白色身影， 仍向著光，躍出深藍。 
[Verse 1] 海把清晨擦得很藍， 一抹潔白躍出海洋。 浪花來不及鼓掌， 陽光已落進牠的眼眶。
孩子笑著揮揮手， 追著牠，游向遠方。 彷彿整片夏天， 都學會了，自由的模樣。
[Verse 2] 午後，雲開始低頭， 港口慢慢收起漁網。 收音機傳來新的消息， 風正沿著北方開始流浪。
人們把窗一扇扇關上， 把牽掛藏進燈光。 我才發現新聞裡那名字， 竟和海上的牠，一模一樣。
[Pre-Chorus] 同一片海， 同一個名字。 一個躍向晨曦， 一個捲起風雨。
[Chorus] 白海豚—— 你在浪尖寫下溫柔， 風卻把天空寫成顫抖。 原來最輕的一個名字， 也能背起最重的雲朵。
白海豚—— 海從來沒有責怪風， 只是一次次，把岸擁抱。 就像生命總會遇見風暴， 卻仍然交給明天的曙光。
[instrumental]
[Verse 3] 夜裡的雨敲著窗， 樹影不停搖晃。 城市縮成一盞盞燈， 等著黎明慢慢發亮。
天亮以後走向海岸， 貝殼依舊安靜發光。 風吹散昨日的痕跡， 潮水仍唱著熟悉的歌。
[Bridge] 我們都曾像一場風， 急著證明自己的方向。 也曾像一片海， 默默收藏每一次受傷。
直到後來才懂得， 真正留下的，從來不是巨浪； 而是風停以後， 還選擇願意相信海洋。
[Final Chorus] 白海豚—— 願你只是海上的精靈， 把蔚藍一次次喚醒。 願所有的風暴， 都只是季節的借名。
海沒有回答風。 風也沒有回答海。 只有一道白色身影， 仍向著光，躍出深藍。
留言（ 3 ） 最相關留言 所有留言
留言（ 3 ）",2026-08-06,,AI 生成 Experimental,False,False,
2026-08-08 10:35:28,realtime,ai_generated,,,20,Junna Lin,《換我守在你身邊》| A Song for Dad,6,8,2,https://streetvoice.com/Junnan_Lin/songs/872354/,https://streetvoice.com/Junnan_Lin/,"https://akstatic.streetvoice.com/song_covers/Ju/nn/Junnan_Lin/f9LsQXUmgvacv3As9kVrHk.jpeg?x-oss-process=image/resize,m_fixed,h_1,w_1,limit_0/resize,m_fixed,h_630,w_1200,limit_0/watermark,image_c29uZ19jb3ZlcnMvSnUvbm4vSnVubmFuX0xpbi9mOUxzUVhVbWd2YWN2M0FzOWtWckhrLmpwZWc_eC1vc3MtcHJvY2Vzcz1pbWFnZS9yZXNpemUsbV9maXhlZCxoXzM0NCx3XzM0NCxsaW1pdF8w,g_nw,x_428,y_143/watermark,image_YXNzZXQvaW1hZ2VzL21ldGFpbWFnZS1zb25nLnBuZw,g_nw,x_0,y_0",images/872354.jpeg,@Junnan_Lin,音樂人,,,,63,31,47,,,https://www.youtube.com/user/StreetVoiceTV,,,Pop,Junna Lin | 個人EP,https://streetvoice.com/Junnan_Lin/songs/album/97325293/,,"《父親節單曲-限定》有些愛，從來不習慣說出口，卻藏在每一次等待、每一盞為你留下的燈裡。 《換我守在你身邊》寫下長大後才逐漸看懂的父愛。小時候只顧著向前，直到回頭才發現，歲月早已悄悄落在父親的雙肩，而那個總說「沒關係」的人，始終站在原地守候。 這首歌沒有直接說出濃烈的告白，而是用回家、燈光、飯菜與逐漸緩慢的腳步，描繪那些平凡卻深刻的陪伴。曾經是你替我遮風擋雨，往後的日子，換我守在你身邊。 👍 留下你的感覺或故事，我會看！ 👍 喜歡請按讚分享支持 【社群連結】 🎧 聽我的音樂： Spotify ▶ https://open.spotify.com/artist/5F1IwUeY4jYIRkBxLU573E YouTube Music ▶ https://music.youtube.com/channel/UCnpKLh9e73Mb7N2NPDnMzrQ ▶️ 訂閱我的頻道： YouTube ▶ https://www.youtube.com/@JunnaLinMusic YouTube ▶ https://www.youtube.com/@JunnanLinMusic 📌 版權聲明 / Copyright Notice 本作品之歌詞、歌曲概念、旋律方向與影像設計由 Junna Lin 原創製作。 音樂成品使用 AI 音樂工具生成，並由本人整理與發布。 Lyrics, concept, melody direction, and visual design are originally created by Junna Lin. The final music was generated using AI music tools and published by Junna Lin. 請勿未經授權使用、重製或重新上傳。 Unauthorized use, reproduction, or re-upload is prohibited. © Junna Lin. All Rights Reserved. 🎤 演唱:AI ✍️ 詞:Junna Lin 🎼 曲:Junna Lin 🎧 建議在深夜或戴上耳機聆聽，感受每一層情緒 
《父親節單曲-限定》有些愛，從來不習慣說出口，卻藏在每一次等待、每一盞為你留下的燈裡。
《換我守在你身邊》寫下長大後才逐漸看懂的父愛。小時候只顧著向前，直到回頭才發現，歲月早已悄悄落在父親的雙肩，而那個總說「沒關係」的人，始終站在原地守候。
這首歌沒有直接說出濃烈的告白，而是用回家、燈光、飯菜與逐漸緩慢的腳步，描繪那些平凡卻深刻的陪伴。曾經是你替我遮風擋雨，往後的日子，換我守在你身邊。
👍 留下你的感覺或故事，我會看！ 👍 喜歡請按讚分享支持
【社群連結】 🎧 聽我的音樂： Spotify ▶ https://open.spotify.com/artist/5F1IwUeY4jYIRkBxLU573E YouTube Music ▶ https://music.youtube.com/channel/UCnpKLh9e73Mb7N2NPDnMzrQ
https://open.spotify.com/artist/5F1IwUeY4jYIRkBxLU573E
https://music.youtube.com/channel/UCnpKLh9e73Mb7N2NPDnMzrQ
▶️ 訂閱我的頻道： YouTube ▶ https://www.youtube.com/@JunnaLinMusic YouTube ▶ https://www.youtube.com/@JunnanLinMusic
https://www.youtube.com/@JunnaLinMusic
https://www.youtube.com/@JunnanLinMusic
📌 版權聲明 / Copyright Notice
本作品之歌詞、歌曲概念、旋律方向與影像設計由 Junna Lin 原創製作。 音樂成品使用 AI 音樂工具生成，並由本人整理與發布。
Lyrics, concept, melody direction, and visual design are originally created by Junna Lin. The final music was generated using AI music tools and published by Junna Lin.
請勿未經授權使用、重製或重新上傳。 Unauthorized use, reproduction, or re-upload is prohibited.
© Junna Lin. All Rights Reserved.
🎤 演唱:AI ✍️ 詞:Junna Lin 🎼 曲:Junna Lin
🎧 建議在深夜或戴上耳機聆聽，感受每一層情緒","小時候總急著出門 書包隨手丟在門邊 你彎著腰修那盞燈 一修就是好多年 我把沉默當成自然 沒發現你走得緩慢 直到離家走了很遠 才懂誰一直在原點 等我回頭才看見 歲月悄悄落在你雙肩 那些你說沒關係的瞬間 藏著多少疲倦 讓我陪你慢一點 走過我們錯過的時間 從前你為我留一盞燈 往後換我守在你身邊 電話裡你還是那句 天冷記得多穿一件 卻從來不肯告訴我 你的肩又疼了幾天 每次回家燈都亮著 你等我坐下才吃飯 原來我走得再遙遠 仍有人等我回來 等我回頭才看見 歲月悄悄落在你雙肩 那些你說沒關係的瞬間 藏著多少疲倦 讓我陪你慢一點 走過我們錯過的時間 從前你為我留一盞燈 往後換我守在你身邊 等我回頭才看見 你的腳步已不如從前 那些你沒說出口的掛念 我終於都聽見 讓我陪你慢一點 把平凡的日子走遠 從前你為我留一盞燈 往後換我為你留著 
小時候總急著出門 書包隨手丟在門邊 你彎著腰修那盞燈 一修就是好多年 我把沉默當成自然 沒發現你走得緩慢 直到離家走了很遠 才懂誰一直在原點
等我回頭才看見 歲月悄悄落在你雙肩 那些你說沒關係的瞬間 藏著多少疲倦 讓我陪你慢一點 走過我們錯過的時間 從前你為我留一盞燈 往後換我守在你身邊
電話裡你還是那句 天冷記得多穿一件 卻從來不肯告訴我 你的肩又疼了幾天 每次回家燈都亮著 你等我坐下才吃飯 原來我走得再遙遠 仍有人等我回來
等我回頭才看見 歲月悄悄落在你雙肩 那些你說沒關係的瞬間 藏著多少疲倦 讓我陪你慢一點 走過我們錯過的時間 從前你為我留一盞燈 往後換我守在你身邊
等我回頭才看見 你的腳步已不如從前 那些你沒說出口的掛念 我終於都聽見 讓我陪你慢一點 把平凡的日子走遠 從前你為我留一盞燈 往後換我為你留著
留言（ 2 ） 最相關留言 所有留言
留言（ 2 ）",2026-08-08,,AI 生成 Pop ・ Junna Lin | 個人EP,False,False,
2026-08-08 10:35:28,realtime,ai_generated,,,21,表現する実務家 | 渋谷佑生,空を駆ける夜｜飛越夜空,2,4,6,https://streetvoice.com/763yuki/songs/873421/,https://streetvoice.com/763yuki/,"https://akstatic.streetvoice.com/song_covers/76/3y/763yuki/ixFH8pyJntEx3k9arYecTR.jpeg?x-oss-process=image/resize,m_fixed,h_1,w_1,limit_0/resize,m_fixed,h_630,w_1200,limit_0/watermark,image_c29uZ19jb3ZlcnMvNzYvM3kvNzYzeXVraS9peEZIOHB5Sm50RXgzazlhclllY1RSLmpwZWc_eC1vc3MtcHJvY2Vzcz1pbWFnZS9yZXNpemUsbV9maXhlZCxoXzM0NCx3XzM0NCxsaW1pdF8w,g_nw,x_428,y_143/watermark,image_YXNzZXQvaW1hZ2VzL21ldGFpbWFnZS1zb25nLnBuZw,g_nw,x_0,y_0",images/873421.jpeg,@763yuki,音樂人,岩手縣,2026-02-01,,2,2,4,,,https://www.youtube.com/user/StreetVoiceTV,,,Pop,,,,"【故事簡介 / 繁體中文】 這是一首描寫在迷惘與孤獨中，仍然懷抱希望、勇敢向前的歌曲。 主角一邊面對現實的不安與挫折，一邊追逐星空中的夢想。 即使聲音無法傳達，即使道路充滿危險，也相信總有一天能迎向屬於自己的天空。 【Music Style (Suno Prompt)】 125 BPM, funky clean guitar rhythm, driving brass section, horn stabs, mood kayou, showa retro pop, dramatic melancholic melody, energetic funk rock, catchy bassline, emotional female vocals, polished production Lyrics: （約20年前の） 表現する実務家（HYOUGENSURU JITSUMUKA） Music Direction: 表現する実務家（HYOUGENSURU JITSUMUKA） Generated with: Suno AI Created in Iwate, Japan. 表現する実務家（HYOUGENSURU JITSUMUKA） 
【故事簡介 / 繁體中文】 這是一首描寫在迷惘與孤獨中，仍然懷抱希望、勇敢向前的歌曲。
主角一邊面對現實的不安與挫折，一邊追逐星空中的夢想。
即使聲音無法傳達，即使道路充滿危險，也相信總有一天能迎向屬於自己的天空。
【Music Style (Suno Prompt)】 125 BPM, funky clean guitar rhythm, driving brass section, horn stabs, mood kayou, showa retro pop, dramatic melancholic melody, energetic funk rock, catchy bassline, emotional female vocals, polished production
Lyrics: （約20年前の） 表現する実務家（HYOUGENSURU JITSUMUKA） Music Direction: 表現する実務家（HYOUGENSURU JITSUMUKA） Generated with: Suno AI
Created in Iwate, Japan. 表現する実務家（HYOUGENSURU JITSUMUKA）","動態歌詞
[Intro] (Funky clean guitar cutting, bright brass stabs, driving 16-beat groove) [Chorus] 夜の景色 空を越えて 広がる無限のストーリー 舞い上がれ 飛び上がれ この気持ち [Verse 1] あの星を掴むため この場所を離れる決意 輝きを失うより 輝いているように [Pre-Chorus] 覚めた景色 とても冷ややかな そんな風にしか見えない 今の自分には [Chorus] 夜の闇を 受け入れるよ そんな強さ まだ足りなくて 舞い上がる飛び上がる この想い [Verse 2] いつも勝手さに 振り回され続けた 逃げ出したい 煌めきを求める心達 [Pre-Chorus] 狭い道路 とても危うくて 渡り切れるの 必死に自分に問い掛ける [Chorus] 声はいつも 届かぬまま なんとなく 時はナガレテク 迎えに来ないまま 途切れていく [Brass Solo] (Energetic horn section and funky guitar riff) [Pre-Chorus] 爽やかな風に包まれて 穏やかな光を身に纏い 空を駆ける [Chorus] 声はいつも 届かぬまま なんとなく 時はナガレテク 迎えに来ないまま 築き上げる 崩れていく 不安定ながら 繰り返す いたずらに震えた 夜の景色 空を越えて 広がる無限のストーリー 舞い上がれ飛び上がれ この気持ち [Outro] (Fade out with brass stabs and clean guitar) 
[Intro] (Funky clean guitar cutting, bright brass stabs, driving 16-beat groove)
[Chorus] 夜の景色 空を越えて 広がる無限のストーリー
舞い上がれ 飛び上がれ この気持ち
[Verse 1] あの星を掴むため この場所を離れる決意 輝きを失うより 輝いているように
[Pre-Chorus] 覚めた景色 とても冷ややかな そんな風にしか見えない 今の自分には
[Chorus] 夜の闇を 受け入れるよ そんな強さ まだ足りなくて 舞い上がる飛び上がる この想い
[Verse 2] いつも勝手さに 振り回され続けた 逃げ出したい 煌めきを求める心達
[Pre-Chorus] 狭い道路 とても危うくて 渡り切れるの 必死に自分に問い掛ける
[Chorus] 声はいつも 届かぬまま なんとなく 時はナガレテク 迎えに来ないまま 途切れていく
[Brass Solo] (Energetic horn section and funky guitar riff)
[Pre-Chorus] 爽やかな風に包まれて 穏やかな光を身に纏い 空を駆ける
[Chorus] 声はいつも 届かぬまま なんとなく 時はナガレテク 迎えに来ないまま
築き上げる 崩れていく 不安定ながら 繰り返す いたずらに震えた
夜の景色 空を越えて 広がる無限のストーリー 舞い上がれ飛び上がれ この気持ち
[Outro] (Fade out with brass stabs and clean guitar)
留言（ 6 ） 最相關留言 所有留言
留言（ 6 ）",2026-08-07,,AI 生成 Pop,False,False,
2026-08-08 10:35:28,realtime,ai_generated,,,22,許願WiSH,不屬於我的 「深情版」,3,6,1,https://streetvoice.com/WiSH0630/songs/873378/,https://streetvoice.com/WiSH0630/,"https://akstatic.streetvoice.com/song_covers/Wi/SH/WiSH0630/Fq6ntt3VuuxwjEtNkWi6Bz.jpg?x-oss-process=image/resize,m_fixed,h_1,w_1,limit_0/resize,m_fixed,h_630,w_1200,limit_0/watermark,image_c29uZ19jb3ZlcnMvV2kvU0gvV2lTSDA2MzAvRnE2bnR0M1Z1dXh3akV0TmtXaTZCei5qcGc_eC1vc3MtcHJvY2Vzcz1pbWFnZS9yZXNpemUsbV9maXhlZCxoXzM0NCx3XzM0NCxsaW1pdF8w,g_nw,x_428,y_143/watermark,image_YXNzZXQvaW1hZ2VzL21ldGFpbWFnZS1zb25nLnBuZw,g_nw,x_0,y_0",images/873378.jpg,@WiSH0630,音樂人,桃園市,2026-01-01,,14,7,14,,,https://www.youtube.com/user/StreetVoiceTV,,,Pop,我的理想天空,https://streetvoice.com/WiSH0630/songs/album/97325846/,,,"不屬於我的 還剩多少的期待 明知都已是空白 一人望著空氣 在發呆 過去談了多少戀愛 不想讓妳成為替代 得來不易的感情 不想放開 時間久了 或許我會放棄 可深刻的 回憶無法忘記 糾結到底 欺騙的是我自己 妳終究還是不屬於我 這是意料之中的結果 還期望著什麼 能夠一起生活 妳終究還是不屬於我 對話紀錄也永久停留 每晚不停淚流 不捨得放開了手 許多話說不出口 眼睜睜看著妳走 一人失落獨留 在往後 明明不能夠挽留 還是期盼妳回頭 整日發著憂愁 喝著酒 時間久了 或許我會放棄 可深刻的 回憶無法忘記 糾結到底 欺騙的是我自己 妳終究還是不屬於我 這是意料之中的結果 還期望著什麼 能夠一起生活 妳終究還是不屬於我 對話紀錄也永久停留 每晚不停淚流 不捨得放開了手 這些本就不屬於我的 悶在心裡就如同刀割 就算你把我當作過客 但我的心也是肉做的 失去最愛的人 我又怎麼可能 不會心痛呢？ 妳終究還是不屬於我 這是意料之中的結果 還期望著什麼 能夠一起生活 妳終究還是不屬於我 對話紀錄也永久停留 每晚不停淚流 不捨得放開了手 
不屬於我的
還剩多少的期待 明知都已是空白 一人望著空氣 在發呆
過去談了多少戀愛 不想讓妳成為替代 得來不易的感情 不想放開
時間久了 或許我會放棄 可深刻的 回憶無法忘記 糾結到底 欺騙的是我自己
妳終究還是不屬於我 這是意料之中的結果 還期望著什麼 能夠一起生活
妳終究還是不屬於我 對話紀錄也永久停留 每晚不停淚流 不捨得放開了手
許多話說不出口 眼睜睜看著妳走 一人失落獨留 在往後
明明不能夠挽留 還是期盼妳回頭 整日發著憂愁 喝著酒
時間久了 或許我會放棄 可深刻的 回憶無法忘記 糾結到底 欺騙的是我自己
妳終究還是不屬於我 這是意料之中的結果 還期望著什麼 能夠一起生活
妳終究還是不屬於我 對話紀錄也永久停留 每晚不停淚流 不捨得放開了手
這些本就不屬於我的 悶在心裡就如同刀割 就算你把我當作過客 但我的心也是肉做的 失去最愛的人 我又怎麼可能 不會心痛呢？
妳終究還是不屬於我 這是意料之中的結果 還期望著什麼 能夠一起生活
妳終究還是不屬於我 對話紀錄也永久停留 每晚不停淚流 不捨得放開了手
留言（ 1 ） 最相關留言 所有留言
留言（ 1 ）",2026-08-07,,AI 生成 Pop ・ 我的理想天空,False,False,
2026-08-08 10:35:28,realtime,ai_generated,,,23,Nivraë.∞,今天照樣走,13,587,23,https://streetvoice.com/A56g77/songs/870293/,https://streetvoice.com/A56g77/,"https://akstatic.streetvoice.com/song_covers/A5/6g/A56g77/5sPo3jMGZNQTwwkDohofiU.jpg?x-oss-process=image/resize,m_fixed,h_1,w_1,limit_0/resize,m_fixed,h_630,w_1200,limit_0/watermark,image_c29uZ19jb3ZlcnMvQTUvNmcvQTU2Zzc3LzVzUG8zak1HWk5RVHd3a0RvaG9maVUuanBnP3gtb3NzLXByb2Nlc3M9aW1hZ2UvcmVzaXplLG1fZml4ZWQsaF8zNDQsd18zNDQsbGltaXRfMA,g_nw,x_428,y_143/watermark,image_YXNzZXQvaW1hZ2VzL21ldGFpbWFnZS1zb25nLnBuZw,g_nw,x_0,y_0",images/870293.jpg,@A56g77,音樂人,,,2025-08-04 10:44,33,210,82,,,https://www.youtube.com/@N-1n-7n,第三屆「街聲年度音樂趨勢大獎」盛大登場！李竺芯：「街聲見證了我，金曲獎前面這些大家看不到的歷程！」|||https://blow.streetvoice.com/85903/?utm_source=streetvoice&utm_medium=profile-news-block,,Hip hop / Rap,,,,"要說，直接寫出來🫵 不顧生活，老愛活網說人是非🫵 麻煩拿那些八卦去寫詞✍️🎼 Stop wasting your time on me. Go do something that actually matters. 🫵🫵🫵🎙️ Stop making me your target. I’m not wasting my time on someone like you. 🫵🥱 詞/編曲：Nivraë.∞  演唱：Suno AI 
要說，直接寫出來🫵
不顧生活，老愛活網說人是非🫵 麻煩拿那些八卦去寫詞✍️🎼
Stop wasting your time on me. Go do something that actually matters. 🫵🫵🫵🎙️
Stop making me your target. I’m not wasting my time on someone like you. 🫵🥱
詞/編曲：Nivraë.∞  演唱：Suno AI","這是沒有提供歌詞的歌曲
留言（ 23 ） 最相關留言 所有留言
留言（ 23 ）",2026-07-29,,AI 生成 Hip hop / Rap,False,False,
2026-08-08 10:35:28,realtime,ai_generated,,,24,橋體（Pontic),台灣南波萬,3,3,3,https://streetvoice.com/meng_chaio_hiesh/songs/873458/,https://streetvoice.com/meng_chaio_hiesh/,"https://akstatic.streetvoice.com/song_covers/me/ng/meng_chaio_hiesh/MDnYkARSApw8nUYVvPCyry.jpeg?x-oss-process=image/resize,m_fixed,h_1,w_1,limit_0/resize,m_fixed,h_630,w_1200,limit_0/watermark,image_c29uZ19jb3ZlcnMvbWUvbmcvbWVuZ19jaGFpb19oaWVzaC9NRG5Za0FSU0FwdzhuVVlWdlBDeXJ5LmpwZWc_eC1vc3MtcHJvY2Vzcz1pbWFnZS9yZXNpemUsbV9maXhlZCxoXzM0NCx3XzM0NCxsaW1pdF8w,g_nw,x_428,y_143/watermark,image_YXNzZXQvaW1hZ2VzL21ldGFpbWFnZS1zb25nLnBuZw,g_nw,x_0,y_0",images/873458.jpeg,@meng_chaio_hiesh,音樂人,台中市,2022-02-01,,52,21,37,,,https://www.youtube.com/user/StreetVoiceTV,,,Rock,,,,,"[Intro] 跨三小？ 跨三小？ [Hook] 台灣南波萬 台灣南波萬 台灣南波萬 我就這款 有夠派 有夠讚 手機拿起來 全部開直播看 台灣南波萬 台灣南波萬 台灣南波萬 [Verse 1] 早上起床先開鏡頭 還沒刷牙先打招呼 今天吃什麼 全部通知觀眾 樓下買杯飲料 也能拍成紀錄片 隔壁阿伯路過 突然變成流量焦點 有人直播吃飯 有人直播睡覺 有人對著空氣講話 下面留言一直跳 昨天沒有人認識 今天突然十萬觀看 昨天只是走路 今天叫做人生大片 [Hook] 台灣南波萬 台灣南波萬 台灣南波萬 我就這款 有夠派 有夠讚 不用登上月球 也是全場焦點看 台灣南波萬 台灣南波萬 台灣南波萬 [Verse 2] 手機放桌上 開始另一個宇宙 三分鐘以前 還只是普通路人 現在彈幕飛過來 大家叫我老師 連家裡那隻貓 都有自己的粉絲 有人追夢想 有人追流量 有人每天發片 等一個奇蹟降臨 世界變太快 大家都在發光 每個人的房間 都是自己的現場 [Final Hook] 台灣南波萬 台灣南波萬 台灣南波萬 我就這款 有夠派 有夠讚 台灣一級棒 全世界都在線上 台灣南波萬 台灣南波萬 台灣南波萬 [Outro] 跨三小…… 
[Intro] 跨三小？ 跨三小？
[Hook] 台灣南波萬 台灣南波萬 台灣南波萬 我就這款
有夠派 有夠讚 手機拿起來 全部開直播看
台灣南波萬 台灣南波萬 台灣南波萬
[Verse 1] 早上起床先開鏡頭 還沒刷牙先打招呼
今天吃什麼 全部通知觀眾
樓下買杯飲料 也能拍成紀錄片
隔壁阿伯路過 突然變成流量焦點
有人直播吃飯 有人直播睡覺
有人對著空氣講話 下面留言一直跳
昨天沒有人認識 今天突然十萬觀看
昨天只是走路 今天叫做人生大片
[Hook] 台灣南波萬 台灣南波萬 台灣南波萬 我就這款
有夠派 有夠讚 不用登上月球 也是全場焦點看
台灣南波萬 台灣南波萬 台灣南波萬
[Verse 2] 手機放桌上 開始另一個宇宙
三分鐘以前 還只是普通路人
現在彈幕飛過來 大家叫我老師
連家裡那隻貓 都有自己的粉絲
有人追夢想 有人追流量
有人每天發片 等一個奇蹟降臨
世界變太快 大家都在發光
每個人的房間 都是自己的現場
[Final Hook] 台灣南波萬 台灣南波萬 台灣南波萬 我就這款
有夠派 有夠讚 台灣一級棒 全世界都在線上
台灣南波萬 台灣南波萬 台灣南波萬
[Outro] 跨三小……
留言（ 3 ） 最相關留言 所有留言
留言（ 3 ）",2026-08-07,,AI 生成 Rock,False,False,
2026-08-08 10:35:28,realtime,ai_generated,,,25,先生,［他的歌］等雨停了,3,4,1,https://streetvoice.com/Joe_Joe_JJooee/songs/873373/,https://streetvoice.com/Joe_Joe_JJooee/,"https://akstatic.streetvoice.com/profile_images/Jo/e_/Joe_Joe_JJooee/MJa4sszos8UAxezD2dLHnu.jpeg?x-oss-process=image/resize,m_fixed,h_1,w_1,limit_0/resize,m_fixed,h_630,w_1200,limit_0/watermark,image_cHJvZmlsZV9pbWFnZXMvSm8vZV8vSm9lX0pvZV9KSm9vZWUvTUphNHNzem9zOFVBeGV6RDJkTEhudS5qcGVnP3gtb3NzLXByb2Nlc3M9aW1hZ2UvcmVzaXplLG1fZml4ZWQsaF8zNDQsd18zNDQsbGltaXRfMA,g_nw,x_428,y_143/watermark,image_YXNzZXQvaW1hZ2VzL21ldGFpbWFnZS1zb25nLnBuZw,g_nw,x_0,y_0",images/873373.jpeg,@Joe_Joe_JJooee,音樂人,,,,51,3,1,,,https://www.youtube.com/user/StreetVoiceTV,無先生釋出新專輯《台北404 NOT FUN》 5/9台北The Wall專場邀應聲倒地共演|||https://blow.streetvoice.com/87487/?utm_source=streetvoice&utm_medium=profile-news-block; 【吹專訪】我們不要傷心了——鄭興談《尋找鄭先生》：「我好像沒有辦法遵循一個，所謂『鄭興要走的人設』。」|||https://blow.streetvoice.com/85649/?utm_source=streetvoice&utm_medium=profile-news-block; 鄭興公開第4張專輯名稱《尋找鄭先生》  日本攝影師川島小鳥掌鏡|||https://blow.streetvoice.com/84530/?utm_source=streetvoice&utm_medium=profile-news-block,,Pop,,,,"「嗨！心情好一點了嗎？」 『又是你⋯幫你寫你的歌我都快要可以湊成一張專輯了。』 「這次的故事⋯你絕對會有興趣的，相信我！」 『反正等等防空演習⋯我哪裡也去不了，你說吧⋯』 《他的故事-後來我才懂》 有些電話你以為早就打不通了， 可當那聲音傳過來， 你才發現時間在幾十秒裡被強行拉回原處。 她說話還是那麼快， 帶點刺， 拿我是同志這件事開起玩笑， 我笑了。 二十年前我也許會選擇沉默， 但現在不了， 有些事情日子久了不澄清也不算隱瞞， 就像一張一直擺在桌上的舊照片， 沒有人把它收進抽屜， 也沒有人特意把它捧起來看， 它就在那裡⋯ 曬著時間的灰塵。 掛掉電話的時候， 我看了看手錶， 我這輩子⋯ 好像永遠比別人慢了半拍。 那年男工讀生來的時候做事很慢， 卻總喜歡繞在我身邊 那時我不懂， 以為那只是依賴。 直到某天我才隱約察覺他有些眼神不屬於同事， 我沒有點破， 但我爸默默重新劃了區域， 把我們分開。 後來他就再也沒出現過⋯ 只剩下一句他常掛在嘴邊的口頭禪： 「看看喔，看看不用錢喔。」 不知從哪天開始⋯ 這句話成了我的口頭禪。 一年後來的那個女孩動作利落， 笑起來很響、很吵， 當時我爸總在我耳邊說些奇怪的話， 很久以後我才明白， 他是在替她提醒我， 但那個時候我連自己喜歡什麼都還沒搞清楚。 二十二歲生日那天我對家裡說了一個謊， 我說之前打工過的便利商店大缺人， 請我去夜班支援。 那天晚上我懷裡塞著一本同志雜誌， 一個人去了七賢橋下， 那短短幾十公尺， 我像是要把別人要花好幾年走完的路一次全都踏遍了。 第一次看清那個圈子的樣子， 第一次牽手， 第一次接吻， 也是第一次無比確定這條路我沒有走錯。 她依然對我很溫柔， 可我把她介紹給了我的同學⋯ 後來他們在一起， 也分分合合很多年。 同學離開高雄去台北前找我喝了一次酒， 他一直跟我說謝謝， 謝謝我讓他遇見她， 但酒杯撞在一起的時候， 他的眼睛裡除了感激， 還有一些當時的我解不開的東西。 很久以後我才明白， 那裡面藏著遺憾也藏著怨， 也許他真正想講的不是謝謝， 只是那天晚上我們誰也沒有揭開那層紙⋯ 又過了很久， 她要結婚了， 婚禮前她打來問我怎麼想的？ 我那時只是說： 「帶他來，我替妳把關。」 一週後那個男人坐在我面前幫我修電腦， 一邊叫我大哥， 一邊發誓他有多愛她。 我祝福了， 紅包也準備好了， 但在婚禮那天我對家裡說我有事躲進了網咖， 在昏暗的螢幕前坐了一整下午。 不是不祝福⋯ 只是那時候的我不知道， 自己這輩子還有沒有機會穿上一身筆挺的西裝， 站在一場屬於自己的婚禮裡， 要那樣的自己去參加婚禮？ 太殘忍。 後來他們離婚了， 曾經以為的一輩子， 最後還是敗給了距離與歲月， 但她沒有垮， 一個人把孩子拉拔長大， 再後來我們也斷了聯絡。 一直到最近這通電話。 我突然明白人生最耐人尋味的地方， 不是你曾經在哪裡停留過， 而是很多人的眼神要穿過二十幾年的煙塵， 你才終於看懂。 有人喜歡過我、有人愛過我、有人恨過我⋯ 而我直到現在才終於讀懂了他們。 
「嗨！心情好一點了嗎？」 『又是你⋯幫你寫你的歌我都快要可以湊成一張專輯了。』 「這次的故事⋯你絕對會有興趣的，相信我！」 『反正等等防空演習⋯我哪裡也去不了，你說吧⋯』
《他的故事-後來我才懂》
有些電話你以為早就打不通了， 可當那聲音傳過來， 你才發現時間在幾十秒裡被強行拉回原處。 她說話還是那麼快， 帶點刺， 拿我是同志這件事開起玩笑， 我笑了。 二十年前我也許會選擇沉默， 但現在不了， 有些事情日子久了不澄清也不算隱瞞， 就像一張一直擺在桌上的舊照片， 沒有人把它收進抽屜， 也沒有人特意把它捧起來看， 它就在那裡⋯ 曬著時間的灰塵。 掛掉電話的時候， 我看了看手錶， 我這輩子⋯ 好像永遠比別人慢了半拍。
那年男工讀生來的時候做事很慢， 卻總喜歡繞在我身邊 那時我不懂， 以為那只是依賴。 直到某天我才隱約察覺他有些眼神不屬於同事， 我沒有點破， 但我爸默默重新劃了區域， 把我們分開。 後來他就再也沒出現過⋯ 只剩下一句他常掛在嘴邊的口頭禪： 「看看喔，看看不用錢喔。」 不知從哪天開始⋯ 這句話成了我的口頭禪。
一年後來的那個女孩動作利落， 笑起來很響、很吵， 當時我爸總在我耳邊說些奇怪的話， 很久以後我才明白， 他是在替她提醒我， 但那個時候我連自己喜歡什麼都還沒搞清楚。
二十二歲生日那天我對家裡說了一個謊， 我說之前打工過的便利商店大缺人， 請我去夜班支援。 那天晚上我懷裡塞著一本同志雜誌， 一個人去了七賢橋下， 那短短幾十公尺， 我像是要把別人要花好幾年走完的路一次全都踏遍了。 第一次看清那個圈子的樣子， 第一次牽手， 第一次接吻， 也是第一次無比確定這條路我沒有走錯。
她依然對我很溫柔， 可我把她介紹給了我的同學⋯ 後來他們在一起， 也分分合合很多年。 同學離開高雄去台北前找我喝了一次酒， 他一直跟我說謝謝， 謝謝我讓他遇見她， 但酒杯撞在一起的時候， 他的眼睛裡除了感激， 還有一些當時的我解不開的東西。 很久以後我才明白， 那裡面藏著遺憾也藏著怨， 也許他真正想講的不是謝謝， 只是那天晚上我們誰也沒有揭開那層紙⋯
又過了很久， 她要結婚了， 婚禮前她打來問我怎麼想的？ 我那時只是說： 「帶他來，我替妳把關。」 一週後那個男人坐在我面前幫我修電腦， 一邊叫我大哥， 一邊發誓他有多愛她。 我祝福了， 紅包也準備好了， 但在婚禮那天我對家裡說我有事躲進了網咖， 在昏暗的螢幕前坐了一整下午。 不是不祝福⋯ 只是那時候的我不知道， 自己這輩子還有沒有機會穿上一身筆挺的西裝， 站在一場屬於自己的婚禮裡， 要那樣的自己去參加婚禮？ 太殘忍。
後來他們離婚了， 曾經以為的一輩子， 最後還是敗給了距離與歲月， 但她沒有垮， 一個人把孩子拉拔長大， 再後來我們也斷了聯絡。 一直到最近這通電話。
我突然明白人生最耐人尋味的地方， 不是你曾經在哪裡停留過， 而是很多人的眼神要穿過二十幾年的煙塵， 你才終於看懂。 有人喜歡過我、有人愛過我、有人恨過我⋯ 而我直到現在才終於讀懂了他們。","《等雨停了》 [Verse 1] 桌上那杯咖啡早就冷了 陽光把影子拉成折痕 我以為放手就能還給彼此天真 原來胸口的重量一直都沉著 [Pre-Chorus 1] 那些說過的話 在空氣裡生根 越想連根拔起越傷了一身 我們都把寂寞養得 太過大方得體又過分 [Chorus] 等雨停了 我才懂有些愛不能等 當初自以為的 只是掩蓋脆弱的心門 後來才懂得 痛楚早就烙進了靈魂 等雨停了 我才懂有些人不會等 每個學習過程 都只用了鱉扭的硬撐 後來才懂得 自己任性得多麼殘忍 [Verse 2] 那張舊車票字跡模糊了 路口燈光點亮著黃昏 關上門的聲音聽起來特別逼真 收集的遺憾如今能得到幾文 [Pre-Chorus 2] 那些說過的謊 在空氣裡生根 越想連根拔起越傷到自身 我們都把寂寞養得 太過大方得體又過分 [Chorus] 等雨停了 我才懂有些愛不能等 當初自以為的 只是掩蓋脆弱的心門 後來才懂得 痛楚早就烙進了靈魂 等雨停了 我才懂有些人不會等 每個學習過程 都只用了鱉扭的硬撐 後來才懂得 自己任性得多麼殘忍 [Bridge] 時間不急不緩像是在默默發問 把過往的細節一遍一遍磨成了粉 若能重新再看一眼青春 我是否能笑著向你點頭承認 [Chorus] 等雨停了 我才懂有些愛不能等 當初自以為的 只是掩蓋脆弱的心門 後來才懂得 痛楚早就烙進了靈魂 等雨停了 我才懂有些人不會等 每個學習過程 都只用了鱉扭的硬撐 後來才懂得 自己任性得多麼殘忍 [Outro] 等雨停了 我才懂有些愛不能等 當初自以為的 Woo~ 後來才懂得 Woo~ 等雨停了 我才懂有些人不會等 鱉扭的硬撐 Woo~ 後來才懂得 自己任性得多麼殘忍 Woo~ woo~ woo~ 自己任性得多麼殘忍 多麼殘忍 
《等雨停了》
[Verse 1] 桌上那杯咖啡早就冷了 陽光把影子拉成折痕 我以為放手就能還給彼此天真 原來胸口的重量一直都沉著
[Pre-Chorus 1] 那些說過的話 在空氣裡生根 越想連根拔起越傷了一身 我們都把寂寞養得 太過大方得體又過分
[Chorus] 等雨停了 我才懂有些愛不能等 當初自以為的 只是掩蓋脆弱的心門 後來才懂得 痛楚早就烙進了靈魂
等雨停了 我才懂有些人不會等 每個學習過程 都只用了鱉扭的硬撐 後來才懂得 自己任性得多麼殘忍
[Verse 2] 那張舊車票字跡模糊了 路口燈光點亮著黃昏 關上門的聲音聽起來特別逼真 收集的遺憾如今能得到幾文
[Pre-Chorus 2] 那些說過的謊 在空氣裡生根 越想連根拔起越傷到自身 我們都把寂寞養得 太過大方得體又過分
[Chorus] 等雨停了 我才懂有些愛不能等 當初自以為的 只是掩蓋脆弱的心門 後來才懂得 痛楚早就烙進了靈魂
等雨停了 我才懂有些人不會等 每個學習過程 都只用了鱉扭的硬撐 後來才懂得 自己任性得多麼殘忍
[Bridge] 時間不急不緩像是在默默發問 把過往的細節一遍一遍磨成了粉 若能重新再看一眼青春 我是否能笑著向你點頭承認
[Chorus] 等雨停了 我才懂有些愛不能等 當初自以為的 只是掩蓋脆弱的心門 後來才懂得 痛楚早就烙進了靈魂
等雨停了 我才懂有些人不會等 每個學習過程 都只用了鱉扭的硬撐 後來才懂得 自己任性得多麼殘忍
[Outro] 等雨停了 我才懂有些愛不能等 當初自以為的 Woo~ 後來才懂得 Woo~
等雨停了 我才懂有些人不會等 鱉扭的硬撐 Woo~ 後來才懂得 自己任性得多麼殘忍 Woo~ woo~ woo~ 自己任性得多麼殘忍 多麼殘忍
留言（ 1 ） 最相關留言 所有留言
留言（ 1 ）",2026-08-07,,AI 生成 Pop,False,False,
2026-08-08 10:35:28,realtime,ai_generated,,,26,橋體（Pontic),Runaway,3,3,2,https://streetvoice.com/meng_chaio_hiesh/songs/873440/,https://streetvoice.com/meng_chaio_hiesh/,"https://akstatic.streetvoice.com/song_covers/me/ng/meng_chaio_hiesh/ayBJagySxSFuNEZXBfqTXn.jpeg?x-oss-process=image/resize,m_fixed,h_1,w_1,limit_0/resize,m_fixed,h_630,w_1200,limit_0/watermark,image_c29uZ19jb3ZlcnMvbWUvbmcvbWVuZ19jaGFpb19oaWVzaC9heUJKYWd5U3hTRnVORVpYQmZxVFhuLmpwZWc_eC1vc3MtcHJvY2Vzcz1pbWFnZS9yZXNpemUsbV9maXhlZCxoXzM0NCx3XzM0NCxsaW1pdF8w,g_nw,x_428,y_143/watermark,image_YXNzZXQvaW1hZ2VzL21ldGFpbWFnZS1zb25nLnBuZw,g_nw,x_0,y_0",images/873440.jpeg,@meng_chaio_hiesh,音樂人,台中市,2022-02-01,,52,21,37,,,https://www.youtube.com/user/StreetVoiceTV,,,Electronic,,,,,"【Verse 1】 又是一個夜晚 我還醒著沒睡 腦海裡那些聲音 一直叫我改變 他們說 你應該這樣走 他們說 這樣才算成功 可是我心裡 有一個聲音 一直提醒我 這不是我要的生活 【Hook】 Runaway Runaway I wanna run away Runaway Runaway Take me far away 不想再停留 不想再回頭 Runaway Runaway I will find my way 【Drop / Vocal Hook】 Oh oh oh Runaway Oh oh oh Runaway Away, away I’m running away Oh oh oh I’ll find my way 【Verse 2】 曾經我也害怕 走一條不同的路 害怕那些眼光 害怕那些嘲笑 可是後來明白 沒有人能替我活 我的答案 不用寫在 別人的手中 就算世界 還是不懂我 我也會走 屬於我的路 【Hook】 Runaway Runaway I wanna run away Runaway Runaway Take me far away 不想再停留 不想再回頭 Runaway Runaway I will find my way 【Final Drop】 Runaway～ Runaway～ Take me far away Away～ Away～ I’m finding my way Oh oh oh Runaway 
【Verse 1】 又是一個夜晚 我還醒著沒睡 腦海裡那些聲音 一直叫我改變
他們說 你應該這樣走 他們說 這樣才算成功
可是我心裡 有一個聲音 一直提醒我
這不是我要的生活
【Hook】 Runaway Runaway
I wanna run away
Runaway Runaway
Take me far away
不想再停留 不想再回頭
Runaway Runaway
I will find my way
【Drop / Vocal Hook】 Oh oh oh Runaway
Oh oh oh Runaway
Away, away I’m running away
Oh oh oh I’ll find my way
【Verse 2】 曾經我也害怕 走一條不同的路
害怕那些眼光 害怕那些嘲笑
可是後來明白 沒有人能替我活
我的答案 不用寫在 別人的手中
就算世界 還是不懂我
我也會走 屬於我的路
【Hook】 Runaway Runaway
I wanna run away
Runaway Runaway
Take me far away
不想再停留 不想再回頭
Runaway Runaway
I will find my way
【Final Drop】 Runaway～ Runaway～
Take me far away
Away～ Away～
I’m finding my way
Oh oh oh Runaway
留言（ 2 ） 最相關留言 所有留言
留言（ 2 ）",2026-08-07,,AI 生成 Electronic,False,False,
2026-08-08 10:35:28,realtime,ai_generated,,,27,MisanHsu,印染業務的一天,6,14,1,https://streetvoice.com/misanshui/songs/873266/,https://streetvoice.com/misanshui/,"https://akstatic.streetvoice.com/song_covers/mi/sa/misanshui/J5BZxzxeGZS42Qhr4DyRu2.jpeg?x-oss-process=image/resize,m_fixed,h_1,w_1,limit_0/resize,m_fixed,h_630,w_1200,limit_0/watermark,image_c29uZ19jb3ZlcnMvbWkvc2EvbWlzYW5zaHVpL0o1Qlp4enhlR1pTNDJRaHI0RHlSdTIuanBlZz94LW9zcy1wcm9jZXNzPWltYWdlL3Jlc2l6ZSxtX2ZpeGVkLGhfMzQ0LHdfMzQ0LGxpbWl0XzA,g_nw,x_428,y_143/watermark,image_YXNzZXQvaW1hZ2VzL21ldGFpbWFnZS1zb25nLnBuZw,g_nw,x_0,y_0",images/873266.jpeg,@misanshui,音樂人,桃園市,2007-04-01,,136,26,21,,,https://www.youtube.com/user/StreetVoiceTV,,,Pop,印      那個花,https://streetvoice.com/misanshui/songs/album/97325845/,,,"倉庫裡胚布堆得像阿爾卑斯山， 庫存壓力壓得我肩膀酸又痛得喊。 打開LINE，客戶劈頭就問訂單目前進度？ 我只好深吸一口氣，強笑得比花還燦爛。 客人大手一揮，丟來一封郵件跟設計圖， 說這款今年絕對會大紅大紫賺大錢！ 我一接單，心裡偷偷倒抽一口氣， 準備開始這場沒日沒夜的印染大冒險。 嘿！印染業務的一天就像在打仗， 電話接不完，雙腳一刻不敢放。 對色樣、催打樣，心臟真的要夠強， 大貨趕交期，天天在辦公桌前燒香！ 老天保佑大貨印花千萬別有任何問題， 不然這個月只能吃胚布跟空氣！ 騎著機車殺到印花廠去找老張， 「大哥啊，這圖檔要修,顏色一定要對上！」 過了三天，興高采烈拿著樣布去見客， 結果客人眉頭一皺說：「這不是我要的pantone顏色！」 只好摸摸鼻子回工廠重新打樣， 業務的人生，就是不斷地重來跟堅持。 顏色終於確認！機器轟隆隆地開！ 大貨大貨快出來，不要給我開天窗來！ 業務變身成監工，天天盯著布匹出不來， 深怕有一點瑕疵，整匹布就得丟進大海。 時間滴滴答答，出貨倒數計時， 客戶在催，急得像發瘋的獅子！ 外銷單如果延誤，那可不是開玩笑， 罰款像雪片般飛來，心臟真的受不了。 但看著倉庫終於空了一半，貨順利上了櫃， 那一刻的成就感，真的會讓人想舉杯！ 嘿！印染業務的一天就像在打仗， 電話接不完，雙腳一刻不敢放。 對色樣、催打樣，心臟真的要夠強， 大貨趕交期，天天在辦公桌前燒香！ 老天保佑印花布千萬別有任何問題， 順利出貨啦！今晚終於可以好好睡個好覺！ 收工！關電腦！ 明天太陽升起， 繼續買布、賣布、當個快樂的業務傻孩～ 
倉庫裡胚布堆得像阿爾卑斯山， 庫存壓力壓得我肩膀酸又痛得喊。 打開LINE，客戶劈頭就問訂單目前進度？ 我只好深吸一口氣，強笑得比花還燦爛。
客人大手一揮，丟來一封郵件跟設計圖， 說這款今年絕對會大紅大紫賺大錢！ 我一接單，心裡偷偷倒抽一口氣， 準備開始這場沒日沒夜的印染大冒險。
嘿！印染業務的一天就像在打仗， 電話接不完，雙腳一刻不敢放。 對色樣、催打樣，心臟真的要夠強， 大貨趕交期，天天在辦公桌前燒香！ 老天保佑大貨印花千萬別有任何問題， 不然這個月只能吃胚布跟空氣！
騎著機車殺到印花廠去找老張， 「大哥啊，這圖檔要修,顏色一定要對上！」 過了三天，興高采烈拿著樣布去見客， 結果客人眉頭一皺說：「這不是我要的pantone顏色！」 只好摸摸鼻子回工廠重新打樣， 業務的人生，就是不斷地重來跟堅持。
顏色終於確認！機器轟隆隆地開！ 大貨大貨快出來，不要給我開天窗來！ 業務變身成監工，天天盯著布匹出不來， 深怕有一點瑕疵，整匹布就得丟進大海。 時間滴滴答答，出貨倒數計時， 客戶在催，急得像發瘋的獅子！
外銷單如果延誤，那可不是開玩笑， 罰款像雪片般飛來，心臟真的受不了。 但看著倉庫終於空了一半，貨順利上了櫃， 那一刻的成就感，真的會讓人想舉杯！
嘿！印染業務的一天就像在打仗， 電話接不完，雙腳一刻不敢放。 對色樣、催打樣，心臟真的要夠強， 大貨趕交期，天天在辦公桌前燒香！ 老天保佑印花布千萬別有任何問題， 順利出貨啦！今晚終於可以好好睡個好覺！
收工！關電腦！ 明天太陽升起， 繼續買布、賣布、當個快樂的業務傻孩～
留言（ 1 ） 最相關留言 所有留言
留言（ 1 ）",2026-08-06,,AI 生成 Pop ・ 印      那個花,False,False,
2026-08-08 10:35:28,realtime,ai_generated,,,28,AlexHu,光速思維（light-thinking of speed),18,202,41,https://streetvoice.com/s3224hustreetvoice/songs/872849/,https://streetvoice.com/s3224hustreetvoice/,"https://akstatic.streetvoice.com/song_covers/s3/22/s3224hustreetvoice/GAc8G7GxSssbfPrXA9SN98.jpg?x-oss-process=image/resize,m_fixed,h_1,w_1,limit_0/resize,m_fixed,h_630,w_1200,limit_0/watermark,image_c29uZ19jb3ZlcnMvczMvMjIvczMyMjRodXN0cmVldHZvaWNlL0dBYzhHN0d4U3NzYmZQclhBOVNOOTguanBnP3gtb3NzLXByb2Nlc3M9aW1hZ2UvcmVzaXplLG1fZml4ZWQsaF8zNDQsd18zNDQsbGltaXRfMA,g_nw,x_428,y_143/watermark,image_YXNzZXQvaW1hZ2VzL21ldGFpbWFnZS1zb25nLnBuZw,g_nw,x_0,y_0",images/872849.jpg,@s3224hustreetvoice,音樂人,澎湖縣,2026-02-01,,28,45,145,,,https://www.youtube.com/user/StreetVoiceTV,,,Experimental,,,,"介紹： 「光速思維」的核心效益，在於打破框架與極致賦能，它具有以下三項優點 : 一.​突破心理限制：透過假設「只受物理定律限制」的最完美情境，強迫自己跳脫傳統思維，挑戰看似不可能的目標。 二.​極大化執行效率：以此極限速度作為基準點進行倒推，能大幅縮短不必要的等待與無效溝通，讓生產力翻倍。 三.​保持市場敏捷：在變化劇烈的環境中，能以極快的反應速度捕捉機遇、迅速疊代，建立難以被超越的競爭優勢。 ​簡單來說，它能讓人不再受限於常規，以最高標準擠出行動力的極限。 
介紹：
「光速思維」的核心效益，在於打破框架與極致賦能，它具有以下三項優點 :
一.​突破心理限制：透過假設「只受物理定律限制」的最完美情境，強迫自己跳脫傳統思維，挑戰看似不可能的目標。
二.​極大化執行效率：以此極限速度作為基準點進行倒推，能大幅縮短不必要的等待與無效溝通，讓生產力翻倍。
三.​保持市場敏捷：在變化劇烈的環境中，能以極快的反應速度捕捉機遇、迅速疊代，建立難以被超越的競爭優勢。
​簡單來說，它能讓人不再受限於常規，以最高標準擠出行動力的極限。","[主歌] 城市在深夜悄悄沉睡 微小的火花在腦海點燃一微秒的灰 不再重複著昨天的迂迴 擺脫重力 撕裂常規 打破框架不需要請帖 當別人還在猶豫 我已經跨越邊界 每一秒的脈搏都是未來的調味 讓直覺帶領 瞬間起飛 [副歌] iâh-tsī ê nê-ông,siám-sih tsāi khuànn buē tshing ê tsîng-tsī (夜市的霓虹 閃爍在看袂清的城市) thâu-nóo-lāi ê niām-thâu, tshin-tshiūnn liû-tshenn it-tsit pue kue-khì (頭腦內的念頭 親像流星一直飛過去) kuè-khì ê sok-pà k, guá tsit-kha thek-khai buē koh tài-niām (過去的束縛 我一跤踢開袂擱帶念) 超越極限的調性 拋開邏輯的輪廓 當千分之一秒的靈感 變成野火 不再等待許諾 不再被動守候 我的大腦正在燃燒宇宙 開啟光速思維 穿透黑夜的迷霧 [副歌] 不跟隨誰的腳步 打造自己的地圖 當思想超越光速 萬物皆成縮影和備註 這世界的規則 就會重塑 光速思維  劃破平庸的束縛 跳過無謂的停頓 抓緊靈魂的吐納 在思緒爆發的頃刻 留下永恆的 定格我是引線 也是光芒的源頭 數據在眼眶裡瘋狂 每一次決策都是一場無聲的強風 不聽冷眼旁觀的 嘲諷 未來不是等待  是當下的行動 零與一交織成新的宇宙 昨天的極限 是今天的起點不保留 把所有不可能 通通打翻重翻過 超越萬物的速率  掌握在手 [副歌] 超越極限的調性 拋開邏輯的輪廓 當千分之一秒的靈感變成野火 不再等待許諾不再被動守候 我的大腦 正在燃燒宇宙 開啟光速思維 穿透黑夜的迷霧 不跟隨誰的腳步  打造自己的地圖 當思想超越光速 萬物皆成縮影和備註 這世界的 由我重塑 光速思維 劃破平庸的束縛 跳過無謂的停頓 抓緊靈魂的吐納 在思緒爆發的頃刻 留下永恆的定格 iâh-tsī ê nê-ông, siám-sihtsāi khuànn buē tshing êtsîng-tsī (夜市的霓虹 閃爍在看袂清的城市) thâu-nóo-lāi ê niām-thâu, tshin-tshiūnn liû-tshenn it-tsit pue kue-khì (頭腦內的念頭 親像流星一直飛過去) kuè-khì ê sok-pà k, guá tsit-kha thek-khai buē koh tài-niām (過去的束縛 我一跤踢開袂擱帶念) 開啟光速思維 穿透黑夜的迷霧 不跟隨誰的腳步 打造自己的 開啟光速思維 穿透黑夜的迷霧 不跟隨誰的腳步 打造自己的地圖 當思想超越光速 萬物皆成縮影和備註 這世界的規則 就會重塑 光速思維 
[主歌] 城市在深夜悄悄沉睡 微小的火花在腦海點燃一微秒的灰 不再重複著昨天的迂迴 擺脫重力 撕裂常規 打破框架不需要請帖 當別人還在猶豫 我已經跨越邊界 每一秒的脈搏都是未來的調味 讓直覺帶領 瞬間起飛
[副歌] iâh-tsī ê nê-ông,siám-sih tsāi khuànn buē tshing ê tsîng-tsī (夜市的霓虹 閃爍在看袂清的城市)
thâu-nóo-lāi ê niām-thâu, tshin-tshiūnn liû-tshenn it-tsit pue kue-khì (頭腦內的念頭 親像流星一直飛過去)
kuè-khì ê sok-pà k, guá tsit-kha thek-khai buē koh tài-niām (過去的束縛 我一跤踢開袂擱帶念)
超越極限的調性 拋開邏輯的輪廓 當千分之一秒的靈感 變成野火 不再等待許諾 不再被動守候 我的大腦正在燃燒宇宙 開啟光速思維 穿透黑夜的迷霧
[副歌] 不跟隨誰的腳步 打造自己的地圖 當思想超越光速 萬物皆成縮影和備註 這世界的規則 就會重塑 光速思維  劃破平庸的束縛 跳過無謂的停頓 抓緊靈魂的吐納 在思緒爆發的頃刻 留下永恆的 定格我是引線 也是光芒的源頭 數據在眼眶裡瘋狂 每一次決策都是一場無聲的強風 不聽冷眼旁觀的 嘲諷 未來不是等待  是當下的行動 零與一交織成新的宇宙 昨天的極限 是今天的起點不保留 把所有不可能 通通打翻重翻過 超越萬物的速率  掌握在手
[副歌] 超越極限的調性 拋開邏輯的輪廓 當千分之一秒的靈感變成野火 不再等待許諾不再被動守候 我的大腦 正在燃燒宇宙 開啟光速思維 穿透黑夜的迷霧 不跟隨誰的腳步  打造自己的地圖 當思想超越光速 萬物皆成縮影和備註 這世界的 由我重塑 光速思維 劃破平庸的束縛 跳過無謂的停頓 抓緊靈魂的吐納 在思緒爆發的頃刻 留下永恆的定格
iâh-tsī ê nê-ông, siám-sihtsāi khuànn buē tshing êtsîng-tsī (夜市的霓虹 閃爍在看袂清的城市)
thâu-nóo-lāi ê niām-thâu, tshin-tshiūnn liû-tshenn it-tsit pue kue-khì (頭腦內的念頭 親像流星一直飛過去)
kuè-khì ê sok-pà k, guá tsit-kha thek-khai buē koh tài-niām (過去的束縛 我一跤踢開袂擱帶念)
開啟光速思維 穿透黑夜的迷霧 不跟隨誰的腳步 打造自己的 開啟光速思維 穿透黑夜的迷霧 不跟隨誰的腳步 打造自己的地圖 當思想超越光速 萬物皆成縮影和備註 這世界的規則 就會重塑 光速思維
留言（ 41 ） 最相關留言 所有留言
留言（ 41 ）",2026-08-04,,AI 生成 Experimental,False,False,
2026-08-08 10:35:28,realtime,ai_generated,,,29,橋體（Pontic),蟹老闆,3,2,1,https://streetvoice.com/meng_chaio_hiesh/songs/873497/,https://streetvoice.com/meng_chaio_hiesh/,"https://akstatic.streetvoice.com/song_covers/me/ng/meng_chaio_hiesh/HcDdcrhqyZiwiiuiBCihUE.jpeg?x-oss-process=image/resize,m_fixed,h_1,w_1,limit_0/resize,m_fixed,h_630,w_1200,limit_0/watermark,image_c29uZ19jb3ZlcnMvbWUvbmcvbWVuZ19jaGFpb19oaWVzaC9IY0RkY3JocXlaaXdpaXVpQkNpaFVFLmpwZWc_eC1vc3MtcHJvY2Vzcz1pbWFnZS9yZXNpemUsbV9maXhlZCxoXzM0NCx3XzM0NCxsaW1pdF8w,g_nw,x_428,y_143/watermark,image_YXNzZXQvaW1hZ2VzL21ldGFpbWFnZS1zb25nLnBuZw,g_nw,x_0,y_0",images/873497.jpeg,@meng_chaio_hiesh,音樂人,台中市,2022-02-01,,52,21,37,,,https://www.youtube.com/user/StreetVoiceTV,,,Hip hop / Rap,,,,,"《蟹老闆》 [Intro] Yeah... 蟹老闆 Keep humble [Hook] 以前開 Toyota 現在 AMG 開大的 stay hungry Keep humble 蟹老闆 不是皮老闆 Couple Hunnid 放進歌裡 從西屯路一路開到台灣大道 Money Money 增長 版圖慢慢擴張 股票紅紅綠綠 看懂市場 過去是 Nobody 現在是 Somebody 一步一步走到今天 版圖一路擴張 [Verse 1] 出生不是金湯匙，手上沒有 Ace 沒有人替我開局，這副牌我自己來開 年少沒有背景，只能靠自己去累積 一步一步走過來，把名字刻進記憶 小本金慢慢堆，機會一個一個抓緊 看市場起起落落，保持冷靜不亂心 股票紅紅綠綠，每天都有新消息 別人追著熱潮跑，我看背後的邏輯 有人只看眼前，只想快速翻身起 我把每次選擇，都當長線佈局棋 Money Money 進帳，數字慢慢往上起 不是炫耀那些成績，是證明走過的痕跡 不是靠運氣，也不是靠關係 我擺一步妙棋，早就算好下一局 商場風風雨雨，多少人物來來去去 留下真正價值，不只是帳面的數字 [Hook] 以前開 Toyota 現在 AMG 開大的 stay hungry Keep humble 蟹老闆 不是皮老闆 Couple Hunnid 放進歌裡 從西屯路一路開到台灣大道 Money Money 增長 版圖慢慢擴張 股票紅紅綠綠 看懂市場 過去是 Nobody 現在是 Somebody 一步一步走到今天 版圖一路擴張 [Verse 2] 白手起家的路，沒有人替我安排 每一步的選擇，都決定未來怎麼開 以前沒有人信，只能靠自己站起來 現在站的位置，是時間慢慢堆起來 市場每天變動，消息不停在更改 看懂背後的邏輯，才知道方向怎麼猜 有人追求速度，只想快速登上台 我守住我的原則，把信用放在心海 關公義字刻心裡，不需要別人明白 答應過的事情，我從來不會忘懷 兄弟還在身邊，老朋友沒有離開 一起熬過那些夜，才知道誰能留下來 房子車子只是外面的招牌 真正留下來的，是做人做事的姿態 Money 可以增加，名利可以更改 Keep humble 到最後，才能走得更遠開 [Hook] 以前開 Toyota 現在 AMG 開大的 stay hungry Keep humble 蟹老闆 不是皮老闆 Couple Hunnid 放進歌裡 從西屯路一路開到台灣大道 Money Money 增長 版圖慢慢擴張 股票紅紅綠綠 看懂市場 過去是 Nobody 現在是 Somebody 一步一步走到今天 版圖一路擴張 [Outro] 蟹老闆... 出生沒有金湯匙 照樣打出這副 Ace Money 會流動市場會改變 留下來的 是信用 Keep humble 
《蟹老闆》
[Intro] Yeah... 蟹老闆 Keep humble
[Hook] 以前開 Toyota 現在 AMG 開大的 stay hungry Keep humble 蟹老闆 不是皮老闆 Couple Hunnid 放進歌裡 從西屯路一路開到台灣大道 Money Money 增長 版圖慢慢擴張 股票紅紅綠綠 看懂市場 過去是 Nobody 現在是 Somebody 一步一步走到今天 版圖一路擴張
[Verse 1] 出生不是金湯匙，手上沒有 Ace 沒有人替我開局，這副牌我自己來開 年少沒有背景，只能靠自己去累積 一步一步走過來，把名字刻進記憶 小本金慢慢堆，機會一個一個抓緊 看市場起起落落，保持冷靜不亂心 股票紅紅綠綠，每天都有新消息 別人追著熱潮跑，我看背後的邏輯 有人只看眼前，只想快速翻身起 我把每次選擇，都當長線佈局棋 Money Money 進帳，數字慢慢往上起 不是炫耀那些成績，是證明走過的痕跡 不是靠運氣，也不是靠關係 我擺一步妙棋，早就算好下一局 商場風風雨雨，多少人物來來去去 留下真正價值，不只是帳面的數字
[Hook] 以前開 Toyota 現在 AMG 開大的 stay hungry Keep humble 蟹老闆 不是皮老闆 Couple Hunnid 放進歌裡 從西屯路一路開到台灣大道 Money Money 增長 版圖慢慢擴張 股票紅紅綠綠 看懂市場 過去是 Nobody 現在是 Somebody 一步一步走到今天 版圖一路擴張
[Verse 2] 白手起家的路，沒有人替我安排 每一步的選擇，都決定未來怎麼開 以前沒有人信，只能靠自己站起來 現在站的位置，是時間慢慢堆起來 市場每天變動，消息不停在更改 看懂背後的邏輯，才知道方向怎麼猜 有人追求速度，只想快速登上台 我守住我的原則，把信用放在心海 關公義字刻心裡，不需要別人明白 答應過的事情，我從來不會忘懷 兄弟還在身邊，老朋友沒有離開 一起熬過那些夜，才知道誰能留下來 房子車子只是外面的招牌 真正留下來的，是做人做事的姿態 Money 可以增加，名利可以更改 Keep humble 到最後，才能走得更遠開
[Hook] 以前開 Toyota 現在 AMG 開大的 stay hungry Keep humble 蟹老闆 不是皮老闆 Couple Hunnid 放進歌裡 從西屯路一路開到台灣大道 Money Money 增長 版圖慢慢擴張 股票紅紅綠綠 看懂市場 過去是 Nobody 現在是 Somebody 一步一步走到今天 版圖一路擴張
[Outro] 蟹老闆... 出生沒有金湯匙 照樣打出這副 Ace Money 會流動市場會改變 留下來的 是信用 Keep humble
留言（ 1 ） 最相關留言 所有留言
留言（ 1 ）",2026-08-08,,AI 生成 Hip hop / Rap,False,False,
2026-08-08 10:35:28,realtime,ai_generated,,,30,aeZer ♪ AI,比初見更陌生 - aeZer,5,11,1,https://streetvoice.com/nmn8569/songs/873268/,https://streetvoice.com/nmn8569/,"https://akstatic.streetvoice.com/song_covers/nm/n8/nmn8569/Mt4hewMKAiSPCERGnkuoXx.jpeg?x-oss-process=image/resize,m_fixed,h_1,w_1,limit_0/resize,m_fixed,h_630,w_1200,limit_0/watermark,image_c29uZ19jb3ZlcnMvbm0vbjgvbm1uODU2OS9NdDRoZXdNS0FpU1BDRVJHbmt1b1h4LmpwZWc_eC1vc3MtcHJvY2Vzcz1pbWFnZS9yZXNpemUsbV9maXhlZCxoXzM0NCx3XzM0NCxsaW1pdF8w,g_nw,x_428,y_143/watermark,image_YXNzZXQvaW1hZ2VzL21ldGFpbWFnZS1zb25nLnBuZw,g_nw,x_0,y_0",images/873268.jpeg,@nmn8569,音樂人,,,,11,9,,,,https://www.youtube.com/user/StreetVoiceTV,,,Alternative,愛情事故報告,https://streetvoice.com/nmn8569/songs/album/97325476/,,"我們沒有真正相愛，也沒有正式分開，卻從熟悉退回了比初見更遙遠的陌生。〈比初見更陌生〉寫的是朋友太像愛情以後的代價——你知道我喜歡你的那一刻，也成了我們失去彼此姓名的那一刻。 
我們沒有真正相愛，也沒有正式分開，卻從熟悉退回了比初見更遙遠的陌生。〈比初見更陌生〉寫的是朋友太像愛情以後的代價——你知道我喜歡你的那一刻，也成了我們失去彼此姓名的那一刻。","動態歌詞
[Intro] 你把咖啡放在我桌邊 說昨晚又睡得太晚 我替你留靠窗的位置 像早已習慣你的習慣 午休並肩走過長廊 你自然挽住我的手腕 影印機替沉默伴奏 誰看見都會想得浪漫 我們差一點像愛情 差一點就不用說明 你知道我所有安靜 我也懂你每次任性 [Inst] 是否還記得最初那天 我們只是陌生的同事 你問會議室在哪一邊 我只指路 沒記住名字 後來你忽然靠得很近 讓空調都失去冷靜 本來不熟悉的兩個人 卻熟悉到忘記了提醒 我們原來不是愛情 只是朋友太像愛情 我想把喜歡藏安靜 它卻替我越過邊境 那晚手機亮到天明 一句話刪了又重新 你問我是不是喜歡你 我沒有否認 也無法承認 你把手慢慢收回去 像收走借我的雨季 你說朋友不該有秘密 更不該等待某種結局 當你發現我的喜歡 連朋友都不能再當 我沒有要求你愛上 卻連原地都失去立場 [Inst] 我一直說只想做朋友 像一句善意的偽證 若真的只想守住朋友 為何每次靠近都在等 我們從熟悉退回陌生 比初見多一道傷痕 原來最遠不是不相認 是認得你 卻不能過問 我們從熟悉退回陌生 連朋友都失去了姓名 你把我的喜歡說清 也把我們從彼此刪去 電梯裡只剩我們兩個 金屬門照出錯開的人 你看樓層 我看著藍光 誰也沒有按住關門 咖啡冷在原來的位置 你的座位已換了姓名 門合上以前我才明白 陌生不是起點 是我們的結局 [Outro] 
[Intro] 你把咖啡放在我桌邊 說昨晚又睡得太晚 我替你留靠窗的位置 像早已習慣你的習慣 午休並肩走過長廊 你自然挽住我的手腕 影印機替沉默伴奏 誰看見都會想得浪漫 我們差一點像愛情 差一點就不用說明 你知道我所有安靜 我也懂你每次任性 [Inst] 是否還記得最初那天 我們只是陌生的同事 你問會議室在哪一邊 我只指路 沒記住名字 後來你忽然靠得很近 讓空調都失去冷靜 本來不熟悉的兩個人 卻熟悉到忘記了提醒 我們原來不是愛情 只是朋友太像愛情 我想把喜歡藏安靜 它卻替我越過邊境 那晚手機亮到天明 一句話刪了又重新 你問我是不是喜歡你 我沒有否認 也無法承認 你把手慢慢收回去 像收走借我的雨季 你說朋友不該有秘密 更不該等待某種結局 當你發現我的喜歡 連朋友都不能再當 我沒有要求你愛上 卻連原地都失去立場 [Inst] 我一直說只想做朋友 像一句善意的偽證 若真的只想守住朋友 為何每次靠近都在等 我們從熟悉退回陌生 比初見多一道傷痕 原來最遠不是不相認 是認得你 卻不能過問 我們從熟悉退回陌生 連朋友都失去了姓名 你把我的喜歡說清 也把我們從彼此刪去 電梯裡只剩我們兩個 金屬門照出錯開的人 你看樓層 我看著藍光 誰也沒有按住關門 咖啡冷在原來的位置 你的座位已換了姓名 門合上以前我才明白 陌生不是起點 是我們的結局 [Outro]
留言（ 1 ） 最相關留言 所有留言
留言（ 1 ）",2026-08-06,,AI 生成 Alternative ・ 愛情事故報告,False,False,
2026-08-08 10:35:28,realtime,ai_generated,,,31,hinxlinx,《Petula’s Ocean II》| 原創鋼琴獨奏曲,2,6,1,https://streetvoice.com/hinxlinx/songs/873406/,https://streetvoice.com/hinxlinx/,"https://akstatic.streetvoice.com/song_covers/hi/nx/hinxlinx/2N85wYxwNyu9EBBvapAeea.jpeg?x-oss-process=image/resize,m_fixed,h_1,w_1,limit_0/resize,m_fixed,h_630,w_1200,limit_0/watermark,image_c29uZ19jb3ZlcnMvaGkvbngvaGlueGxpbngvMk44NXdZeHdOeXU5RUJCdmFwQWVlYS5qcGVnP3gtb3NzLXByb2Nlc3M9aW1hZ2UvcmVzaXplLG1fZml4ZWQsaF8zNDQsd18zNDQsbGltaXRfMA,g_nw,x_428,y_143/watermark,image_YXNzZXQvaW1hZ2VzL21ldGFpbWFnZS1zb25nLnBuZw,g_nw,x_0,y_0",images/873406.jpeg,@hinxlinx,音樂人,,,,18,4,5,,,https://www.youtube.com/user/StreetVoiceTV,,,Classical,樂曲集,https://streetvoice.com/hinxlinx/songs/album/97325859/,,"曲: hinxlinx 軒林 (2018)，原錄音(2018) 音樂由Suno AI照本人錄音生成。 這是一首為故人譜寫的鋼琴獨奏作品， 追憶短暫悠美的一段情。 年少時若選擇為她留下來， 會否長久? 可惜人生做出了決定， 無回頭之可能。 
曲: hinxlinx 軒林 (2018)，原錄音(2018) 音樂由Suno AI照本人錄音生成。
這是一首為故人譜寫的鋼琴獨奏作品， 追憶短暫悠美的一段情。 年少時若選擇為她留下來， 會否長久? 可惜人生做出了決定， 無回頭之可能。","這是沒有提供歌詞的歌曲
留言（ 1 ） 最相關留言 所有留言
留言（ 1 ）",2026-08-07,,AI 生成 Classical ・ 樂曲集,False,False,
2026-08-08 10:35:28,realtime,ai_generated,,,32,先生,［我說］火車快飛,2,3,1,https://streetvoice.com/Joe_Joe_JJooee/songs/873011/,https://streetvoice.com/Joe_Joe_JJooee/,"https://akstatic.streetvoice.com/song_covers/Jo/e_/Joe_Joe_JJooee/XyhvauiGPjtRWd7a7E8faH.jpeg?x-oss-process=image/resize,m_fixed,h_1,w_1,limit_0/resize,m_fixed,h_630,w_1200,limit_0/watermark,image_c29uZ19jb3ZlcnMvSm8vZV8vSm9lX0pvZV9KSm9vZWUvWHlodmF1aUdQanRSV2Q3YTdFOGZhSC5qcGVnP3gtb3NzLXByb2Nlc3M9aW1hZ2UvcmVzaXplLG1fZml4ZWQsaF8zNDQsd18zNDQsbGltaXRfMA,g_nw,x_428,y_143/watermark,image_YXNzZXQvaW1hZ2VzL21ldGFpbWFnZS1zb25nLnBuZw,g_nw,x_0,y_0",images/873011.jpeg,@Joe_Joe_JJooee,音樂人,,,,51,3,1,,,https://www.youtube.com/user/StreetVoiceTV,無先生釋出新專輯《台北404 NOT FUN》 5/9台北The Wall專場邀應聲倒地共演|||https://blow.streetvoice.com/87487/?utm_source=streetvoice&utm_medium=profile-news-block; 【吹專訪】我們不要傷心了——鄭興談《尋找鄭先生》：「我好像沒有辦法遵循一個，所謂『鄭興要走的人設』。」|||https://blow.streetvoice.com/85649/?utm_source=streetvoice&utm_medium=profile-news-block; 鄭興公開第4張專輯名稱《尋找鄭先生》  日本攝影師川島小鳥掌鏡|||https://blow.streetvoice.com/84530/?utm_source=streetvoice&utm_medium=profile-news-block,,Pop,,,,"火車快飛 快飛 快快飛 越過高山穿過小溪 一路向前跨越～ 最後⋯ 台鐵便當真的好好吃喔。 南部的朋友有空可以去逛逛台鐵便當館喔， 裡面有很多有趣的超古早味小玩意， 還有一些珍貴的照片。 當天一口氣吃下三個便當的人⋯ 
火車快飛 快飛 快快飛 越過高山穿過小溪 一路向前跨越～
最後⋯ 台鐵便當真的好好吃喔。 南部的朋友有空可以去逛逛台鐵便當館喔， 裡面有很多有趣的超古早味小玩意， 還有一些珍貴的照片。
當天一口氣吃下三個便當的人⋯","火車快飛 [Intro] [Verse 1] 微風吹過月台 推著行李箱向前走 晴朗的天空 灑下陽光像一種問候 車門關上那一刻 拋開了所有煩憂 這次我決定不再回頭 [Pre-Chorus] 車窗外綠色山丘在倒退 舊的情緒漸漸不再歸位 車輪滾動多乾脆 前方會有更美好的風景來相陪 [Chorus] 火車快飛 快飛 快快飛 越過高山穿過小溪 一路向前跨越 昨天錯的答案 全部留給風去吹 火車快飛 快飛 快快飛 讓那悲傷難以跟隨 將未來全部改寫 讓這速度麻痺我所有的知覺 我在飛～ 我在飛！！ [Verse 2] 窗戶外的陽光 灑在我心裡面的傷 耳機裡放著 最喜歡的那幾首樂章 隔壁的乘客微笑 遞過來一顆軟糖 生活就該是這樣坦蕩 [Pre-Chorus 2] 車窗外綠色山丘在倒退 舊的情緒漸漸不再歸位 車輪滾動多乾脆 前方會有更美好的風景來相陪 [Chorus] 火車快飛 快飛 快快飛 越過高山穿過小溪 一路向前跨越 昨天錯的答案 全部留給風去吹 火車快飛 快飛 快快飛 讓那悲傷難以跟隨 將未來全部改寫 讓這速度麻痺我所有的知覺 我在飛～ 我在飛！！ [Guitar Solo] [Bridge] 鐵軌在底下拍打著節奏 帶我離開那座 困住我好久的山洞 火車快飛 快飛 快快飛 [Chorus] 火車快飛 快飛 快快飛 越過高山穿過小溪 一路向前跨越 昨天錯的答案 全部留給風去吹 火車快飛 快飛 快快飛 讓那悲傷難以跟隨 將未來全部改寫 讓這速度麻痺我所有的知覺 我在飛～ 我在飛！！ [Outro] 火車快飛 快飛 快快飛 我在飛～ 我在飛～ 火車快飛 快飛 快快飛 我在飛～ 我在飛～ 
火車快飛
[Intro]
[Verse 1] 微風吹過月台 推著行李箱向前走 晴朗的天空 灑下陽光像一種問候 車門關上那一刻 拋開了所有煩憂 這次我決定不再回頭
[Pre-Chorus] 車窗外綠色山丘在倒退 舊的情緒漸漸不再歸位 車輪滾動多乾脆 前方會有更美好的風景來相陪
[Chorus] 火車快飛 快飛 快快飛 越過高山穿過小溪 一路向前跨越 昨天錯的答案 全部留給風去吹
火車快飛 快飛 快快飛 讓那悲傷難以跟隨 將未來全部改寫 讓這速度麻痺我所有的知覺 我在飛～ 我在飛！！
[Verse 2] 窗戶外的陽光 灑在我心裡面的傷 耳機裡放著 最喜歡的那幾首樂章 隔壁的乘客微笑 遞過來一顆軟糖 生活就該是這樣坦蕩
[Pre-Chorus 2] 車窗外綠色山丘在倒退 舊的情緒漸漸不再歸位 車輪滾動多乾脆 前方會有更美好的風景來相陪
[Chorus] 火車快飛 快飛 快快飛 越過高山穿過小溪 一路向前跨越 昨天錯的答案 全部留給風去吹
火車快飛 快飛 快快飛 讓那悲傷難以跟隨 將未來全部改寫 讓這速度麻痺我所有的知覺 我在飛～ 我在飛！！
[Guitar Solo]
[Bridge] 鐵軌在底下拍打著節奏 帶我離開那座 困住我好久的山洞
火車快飛 快飛 快快飛
[Chorus] 火車快飛 快飛 快快飛 越過高山穿過小溪 一路向前跨越 昨天錯的答案 全部留給風去吹
火車快飛 快飛 快快飛 讓那悲傷難以跟隨 將未來全部改寫 讓這速度麻痺我所有的知覺 我在飛～ 我在飛！！
[Outro] 火車快飛 快飛 快快飛 我在飛～ 我在飛～ 火車快飛 快飛 快快飛 我在飛～ 我在飛～
留言（ 1 ） 最相關留言 所有留言
留言（ 1 ）",2026-08-08,,AI 生成 Pop,False,False,
2026-08-08 10:35:28,realtime,ai_generated,,,33,Fukuball,刪除加封鎖 (Delete &amp; Block),2,2,3,https://streetvoice.com/fukuball/songs/873448/,https://streetvoice.com/fukuball/,"https://akstatic.streetvoice.com/song_covers/fu/ku/fukuball/L6UUWfv3sQuUEsmBXyF9QQ.jpeg?x-oss-process=image/resize,m_fixed,h_1,w_1,limit_0/resize,m_fixed,h_630,w_1200,limit_0/watermark,image_c29uZ19jb3ZlcnMvZnUva3UvZnVrdWJhbGwvTDZVVVdmdjNzUXVVRXNtQlh5RjlRUS5qcGVnP3gtb3NzLXByb2Nlc3M9aW1hZ2UvcmVzaXplLG1fZml4ZWQsaF8zNDQsd18zNDQsbGltaXRfMA,g_nw,x_428,y_143/watermark,image_YXNzZXQvaW1hZ2VzL21ldGFpbWFnZS1zb25nLnBuZw,g_nw,x_0,y_0",images/873448.jpeg,@fukuball,音樂人,台北市,2011-12-01,,78,14,1,,,https://www.youtube.com/user/StreetVoiceTV,,,Rock,,,,"Produce: Fukuball Performance: Mr. Void 這首〈刪除加封鎖〉使用 Math Rock 及 Glitchy Guitar 的彈奏技巧，吉他的編曲聽起來真的爽，原來 Glitchy 聽起來這麽有趣啊～ #IndiePopRock #GlitchyGuitar #MathRockGuitarStabs #PostPunkRevival #HighEnergy #2010s #Music #音樂 
Produce: Fukuball Performance: Mr. Void
這首〈刪除加封鎖〉使用 Math Rock 及 Glitchy Guitar 的彈奏技巧，吉他的編曲聽起來真的爽，原來 Glitchy 聽起來這麽有趣啊～
#IndiePopRock #GlitchyGuitar #MathRockGuitarStabs #PostPunkRevival #HighEnergy #2010s #Music #音樂","[Intro - Instrumental] [Fast, syncopated hi-hats start ticking like a bomb, driving an ultra-fast 140 BPM rhythm] [A groovy, dancing bassline kicks in, paired with jagged, angular dual-guitar stabs] [Verse 1] [Vocals: Urgent, biting male delivery, rhythmic and sharp post-punk revival style] (Synth pulse speeds up—becoming a frantic heartbeat) 少在那邊 發限動 裝可憐 當我 早就 看清 你所有的 招數！ 死抓著 聊天 紀錄 根本 不是 挽留 而是 一直 往死裡 勒索！ 別再 演了 別再 演了—— 給我 徹底 滾開！ [Hook] 刪除 加 封鎖 喔喔喔 早就 沒什麼 好留戀 刪除 加 封鎖 喔喔喔 拔掉 電源 讓這場 爛戲 徹底 斷電！ 刪除 加 封鎖 喔喔喔 早就 到了 極限 你在 猶豫 什麼？ Let it drop  and Make it stop 直接 刪除 加 封鎖！ [Verse 2] [The rhythm becomes even more fragmented—jagged, math-rock style guitar stabs interlock] [Vocals: Fast, staccato phrasing, matching the frantic drum beat] 你搞砸 感情 卻怪我 不對 兩個 帳號 在 Threads 互相 撕裂 撞毀 你根本 不敢 處理 自己的 崩潰 拿著 小帳 默默 監視 誰又 留言 按讚 盯著 螢幕 假裝 那是 唯一的 世界 以為 躲在 小帳 後面 就能 自欺欺人！ [Hook] 刪除 加 封鎖 喔喔喔 早就 沒什麼 好留戀 刪除 加 封鎖 喔喔喔 拔掉 電源 讓這場 爛戲 徹底 斷電！ 刪除 加 封鎖 喔喔喔 早就 到了 極限 你在 猶豫 什麼？ Let it drop  and Make it stop 直接 刪除 加 封鎖！ [Guitar Solo] [A chaotic, ""glitchy"" angular guitar solo where the instruments sound like they are breaking. High-pitched, dissonant, and aggressive indie rock feedback] [Hook] 刪除 加 封鎖 喔喔喔 早就 沒什麼 好留戀 刪除 加 封鎖 喔喔喔 拔掉 電源 讓這場 爛戲 徹底 斷電！ 刪除 加 封鎖 喔喔喔 早就 到了 極限 你在 猶豫 什麼？ Let it drop  and Make it stop [Outro] [The angular guitars and fast drum beat play a frantic, syncopated rhythm towards a sudden stop] 直接 刪除 加 封鎖！ Just block the contact and kill the noise! Make it stop! [Ending] [One last crashing drum fill and a sharp guitar choke into complete silence] [End] 
[Intro - Instrumental] [Fast, syncopated hi-hats start ticking like a bomb, driving an ultra-fast 140 BPM rhythm] [A groovy, dancing bassline kicks in, paired with jagged, angular dual-guitar stabs]
[Verse 1] [Vocals: Urgent, biting male delivery, rhythmic and sharp post-punk revival style] (Synth pulse speeds up—becoming a frantic heartbeat) 少在那邊 發限動 裝可憐 當我 早就 看清 你所有的 招數！ 死抓著 聊天 紀錄 根本 不是 挽留 而是 一直 往死裡 勒索！
別再 演了 別再 演了—— 給我 徹底 滾開！
[Hook] 刪除 加 封鎖 喔喔喔 早就 沒什麼 好留戀
刪除 加 封鎖 喔喔喔 拔掉 電源 讓這場 爛戲 徹底 斷電！
刪除 加 封鎖 喔喔喔 早就 到了 極限 你在 猶豫 什麼？
Let it drop  and Make it stop 直接 刪除 加 封鎖！
[Verse 2] [The rhythm becomes even more fragmented—jagged, math-rock style guitar stabs interlock] [Vocals: Fast, staccato phrasing, matching the frantic drum beat] 你搞砸 感情 卻怪我 不對 兩個 帳號 在 Threads 互相 撕裂 撞毀 你根本 不敢 處理 自己的 崩潰 拿著 小帳 默默 監視 誰又 留言 按讚 盯著 螢幕 假裝 那是 唯一的 世界 以為 躲在 小帳 後面 就能 自欺欺人！
[Hook] 刪除 加 封鎖 喔喔喔 早就 沒什麼 好留戀
刪除 加 封鎖 喔喔喔 拔掉 電源 讓這場 爛戲 徹底 斷電！
刪除 加 封鎖 喔喔喔 早就 到了 極限 你在 猶豫 什麼？
Let it drop  and Make it stop 直接 刪除 加 封鎖！
[Guitar Solo] [A chaotic, ""glitchy"" angular guitar solo where the instruments sound like they are breaking. High-pitched, dissonant, and aggressive indie rock feedback]
[Hook] 刪除 加 封鎖 喔喔喔 早就 沒什麼 好留戀
刪除 加 封鎖 喔喔喔 拔掉 電源 讓這場 爛戲 徹底 斷電！
刪除 加 封鎖 喔喔喔 早就 到了 極限 你在 猶豫 什麼？
Let it drop  and Make it stop
[Outro] [The angular guitars and fast drum beat play a frantic, syncopated rhythm towards a sudden stop] 直接 刪除 加 封鎖！ Just block the contact and kill the noise! Make it stop!
[Ending] [One last crashing drum fill and a sharp guitar choke into complete silence] [End]
留言（ 3 ） 最相關留言 所有留言
留言（ 3 ）",2026-08-07,,AI 生成 Rock,False,False,
2026-08-08 10:35:28,realtime,ai_generated,,,34,Dammn P.,《幻市浮生》（Glimmering Floating Life）Pt. 2,3,3,0,https://streetvoice.com/Paull_Dammnpohung/songs/873482/,https://streetvoice.com/Paull_Dammnpohung/,"https://akstatic.streetvoice.com/song_covers/Pa/ul/Paull_Dammnpohung/U5VPvKCjZF7Qe5XTts4Ptt.jpeg?x-oss-process=image/resize,m_fixed,h_1,w_1,limit_0/resize,m_fixed,h_630,w_1200,limit_0/watermark,image_c29uZ19jb3ZlcnMvUGEvdWwvUGF1bGxfRGFtbW5wb2h1bmcvVTVWUHZLQ2paRjdRZTVYVHRzNFB0dC5qcGVnP3gtb3NzLXByb2Nlc3M9aW1hZ2UvcmVzaXplLG1fZml4ZWQsaF8zNDQsd18zNDQsbGltaXRfMA,g_nw,x_428,y_143/watermark,image_YXNzZXQvaW1hZ2VzL21ldGFpbWFnZS1zb25nLnBuZw,g_nw,x_0,y_0",images/873482.jpeg,@Paull_Dammnpohung,音樂人,高雄市,2026-01-01,2026-06-25 10:03,195,98,125,,,https://www.youtube.com/@RuralPeace-n2q,,,Soundtrack / New age,,,,"在一呼一吸間，領略市井煙火裡的純粹。讓思緒隨著斑駁的街景與微光遠去，於靜謐處尋回最初的安寧。 #新世紀 #療癒 #放鬆 #靜心 #冥想 #台灣 #NewAge #Healing #Relaxation #Meditation #Sleep #Calm #Taiwan 
在一呼一吸間，領略市井煙火裡的純粹。讓思緒隨著斑駁的街景與微光遠去，於靜謐處尋回最初的安寧。
#新世紀 #療癒 #放鬆 #靜心 #冥想 #台灣 #NewAge #Healing #Relaxation #Meditation #Sleep #Calm #Taiwan","這是沒有提供歌詞的歌曲
留言（ 0 ） 最相關留言 所有留言
留言（ 0 ）",2026-08-08,,AI 生成 Soundtrack / New age,False,False,
2026-08-08 10:35:28,realtime,ai_generated,,,35,浣熊與波,柴波養成記 PoPo the White Shiba Problem,1,9,0,https://streetvoice.com/RacoonNPOG/songs/873465/,https://streetvoice.com/RacoonNPOG/,"https://akstatic.streetvoice.com/song_covers/Ra/co/RacoonNPOG/SrpZVBS5xGUEbG9CyWrCGh.jpeg?x-oss-process=image/resize,m_fixed,h_1,w_1,limit_0/resize,m_fixed,h_630,w_1200,limit_0/watermark,image_c29uZ19jb3ZlcnMvUmEvY28vUmFjb29uTlBPRy9TcnBaVkJTNXhHVUViRzlDeVdyQ0doLmpwZWc_eC1vc3MtcHJvY2Vzcz1pbWFnZS9yZXNpemUsbV9maXhlZCxoXzM0NCx3XzM0NCxsaW1pdF8w,g_nw,x_428,y_143/watermark,image_YXNzZXQvaW1hZ2VzL21ldGFpbWFnZS1zb25nLnBuZw,g_nw,x_0,y_0",images/873465.jpeg,@RacoonNPOG,音樂人,,,,1,,,,,https://www.youtube.com/user/StreetVoiceTV,,,Pop,,,,"養了幾十年的狗，原以為自己早就很懂狗狗。直到遇見波波這隻白柴，才發現柴犬根本是另一種生物。固執、自我、有脾氣，天天刷新我對狗的三觀。每天被氣到崩潰，卻又慢慢離不開牠。養都養了，那就認了吧（笑）。 
養了幾十年的狗，原以為自己早就很懂狗狗。直到遇見波波這隻白柴，才發現柴犬根本是另一種生物。固執、自我、有脾氣，天天刷新我對狗的三觀。每天被氣到崩潰，卻又慢慢離不開牠。養都養了，那就認了吧（笑）。","當初看牠照片的時候 我還以為人生會變溫柔 小小白柴坐在那門口 像天使一樣對我揮手 結果養不到幾個月後 我開始懷疑自己犯了什麼錯 叫牠名字牠當沒聽到 還順便對我翻個白眼走掉 吃飯有牠自己的節奏 散步有牠自己的宇宙 連大小便都超有要求 我只是主人不是員工 柴犬啊 柴犬啊 你根本不像狗吧 叫你過來像在求老闆放假 柴犬啊 柴犬啊 每天都快氣炸 可是一看到那張臉 又只能算啦 笑著養 哭著養 邊擦地板邊成長 波波啊 波波啊 你這隻狗界外星人 我真的拿你沒辦法 牠超愛找別人吵架 嘴巴氣勢像黑道老大 結果對方真的一兇牠 牠直接嚇到挫尿啦 還有一次更誇張 我回家差點當場心臟停掉 刮鬍刀被咬爛在地上 刀片還少了一角 兩三歲前所有東西 最好放在一百二以上 因為牠聰明到很可怕 只是全都用錯地方 牠看我像在看空氣 我看牠像在考耐性 明明每次都想發脾氣 最後還是先抱緊 柴犬啊 柴犬啊 你根本不像狗吧 叫你過來像在求老闆放假 柴犬啊 柴犬啊 每天都快氣炸 可是一看到那張臉 又只能算啦 笑著養 哭著養 邊擦地板邊成長 波波啊 波波啊 你這隻狗界外星人 我真的拿你沒辦法 下雨天還硬要出門尿尿 而且一定要我陪牠淋到飽 牠站在雨裡慢慢挑角度 我站旁邊像失戀在思考 明明不撒嬌也不黏人 我對牠撒嬌牠還露牙 但只要牠安靜睡在旁邊 整個家突然又像有了光啊 柴犬啊 柴犬啊 你真的很難養啊 每天都像情緒雲霄飛車一樣 柴犬啊 柴犬啊 偏偏顏值太強 騎車載你出門一趟 路人全部都投降 愛乾淨 體味香 洗完澡能香好幾趴 雖然每天都被你氣到抓狂 但養都養了 那就認了吧 
當初看牠照片的時候 我還以為人生會變溫柔 小小白柴坐在那門口 像天使一樣對我揮手
結果養不到幾個月後 我開始懷疑自己犯了什麼錯 叫牠名字牠當沒聽到 還順便對我翻個白眼走掉
吃飯有牠自己的節奏 散步有牠自己的宇宙 連大小便都超有要求 我只是主人不是員工
柴犬啊 柴犬啊 你根本不像狗吧 叫你過來像在求老闆放假 柴犬啊 柴犬啊 每天都快氣炸 可是一看到那張臉 又只能算啦
笑著養 哭著養 邊擦地板邊成長 波波啊 波波啊 你這隻狗界外星人 我真的拿你沒辦法
牠超愛找別人吵架 嘴巴氣勢像黑道老大 結果對方真的一兇牠 牠直接嚇到挫尿啦
還有一次更誇張 我回家差點當場心臟停掉 刮鬍刀被咬爛在地上 刀片還少了一角
兩三歲前所有東西 最好放在一百二以上 因為牠聰明到很可怕 只是全都用錯地方
牠看我像在看空氣 我看牠像在考耐性 明明每次都想發脾氣 最後還是先抱緊
柴犬啊 柴犬啊 你根本不像狗吧 叫你過來像在求老闆放假 柴犬啊 柴犬啊 每天都快氣炸 可是一看到那張臉 又只能算啦
笑著養 哭著養 邊擦地板邊成長 波波啊 波波啊 你這隻狗界外星人 我真的拿你沒辦法
下雨天還硬要出門尿尿 而且一定要我陪牠淋到飽 牠站在雨裡慢慢挑角度 我站旁邊像失戀在思考
明明不撒嬌也不黏人 我對牠撒嬌牠還露牙 但只要牠安靜睡在旁邊 整個家突然又像有了光啊
柴犬啊 柴犬啊 你真的很難養啊 每天都像情緒雲霄飛車一樣 柴犬啊 柴犬啊 偏偏顏值太強 騎車載你出門一趟 路人全部都投降
愛乾淨 體味香 洗完澡能香好幾趴 雖然每天都被你氣到抓狂 但養都養了 那就認了吧
留言（ 0 ） 最相關留言 所有留言
留言（ 0 ）",2026-08-07,,AI 生成 Pop,False,False,
2026-08-08 10:35:28,realtime,ai_generated,,,36,Carey,《時空倒帶》1.劇本裡沒有的結局,3,1,0,https://streetvoice.com/CareyHo/songs/873376/,https://streetvoice.com/CareyHo/,"https://akstatic.streetvoice.com/song_covers/Ca/re/CareyHo/QEBvfgKHUSdfW747obBn6r.jpeg?x-oss-process=image/resize,m_fixed,h_1,w_1,limit_0/resize,m_fixed,h_630,w_1200,limit_0/watermark,image_c29uZ19jb3ZlcnMvQ2EvcmUvQ2FyZXlIby9RRUJ2ZmdLSFVTZGZXNzQ3b2JCbjZyLmpwZWc_eC1vc3MtcHJvY2Vzcz1pbWFnZS9yZXNpemUsbV9maXhlZCxoXzM0NCx3XzM0NCxsaW1pdF8w,g_nw,x_428,y_143/watermark,image_YXNzZXQvaW1hZ2VzL21ldGFpbWFnZS1zb25nLnBuZw,g_nw,x_0,y_0",images/873376.jpeg,@CareyHo,音樂人,,,,11,4,,,,https://www.youtube.com/user/StreetVoiceTV,AI做的歌太像ABBA了！環球、索尼、華納等國際音樂大廠 正在聯手控告生成「AI蔥師表歌曲」的公司|||https://blow.streetvoice.com/74803/?utm_source=streetvoice&utm_medium=profile-news-block; 【吹專訪】在90天內做一張不被時間淘汰的專輯：Chick en Chicks談《call me 90》|||https://blow.streetvoice.com/61512/?utm_source=streetvoice&utm_medium=profile-news-block; 【專訪】愛植物、住港邊的爵士歌手：羅妍婷談金音入圍四項專輯《葉片之上》|||https://blow.streetvoice.com/51906/?utm_source=streetvoice&utm_medium=profile-news-block,,Pop,《時空倒帶》,https://streetvoice.com/CareyHo/songs/album/97325856/,,,"宮牆外 殘陽碎 朱紅瓦片 覆蓋幾世紀淚 你回眸 那一眼 成了史書的罪 我轉身 卻追不上命運的撤退 乾墨化不開昨日的風雪 誰規定成敗由史官來寫 刀光劍影中我把宿命拒絕 就算背叛蒼天 我也絕不妥協 卸下宿命的枷鎖 不回頭 任憑歷史的洪流 將我淹沒 只要能在你的眼裡 重生過 縱使背叛了全天下 又能如何 劇本裡沒有的結局 由我來奪！ 
宮牆外 殘陽碎 朱紅瓦片 覆蓋幾世紀淚
你回眸 那一眼 成了史書的罪 我轉身 卻追不上命運的撤退
乾墨化不開昨日的風雪 誰規定成敗由史官來寫 刀光劍影中我把宿命拒絕 就算背叛蒼天 我也絕不妥協
卸下宿命的枷鎖 不回頭 任憑歷史的洪流 將我淹沒 只要能在你的眼裡 重生過 縱使背叛了全天下 又能如何 劇本裡沒有的結局 由我來奪！
留言（ 0 ） 最相關留言 所有留言
留言（ 0 ）",2026-08-07,,AI 生成 Pop ・ 《時空倒帶》,False,False,
2026-08-08 10:35:28,realtime,ai_generated,,,37,武上作,飛蛾撲火,11,696,6,https://streetvoice.com/etigee/songs/871973/,https://streetvoice.com/etigee/,"https://akstatic.streetvoice.com/profile_images/et/ig/etigee/UeSpBz3A3V95QCkksJfbPK.jpg?x-oss-process=image/resize,m_fixed,h_1,w_1,limit_0/resize,m_fixed,h_630,w_1200,limit_0/watermark,image_cHJvZmlsZV9pbWFnZXMvZXQvaWcvZXRpZ2VlL1VlU3BCejNBM1Y5NVFDa2tzSmZiUEsuanBnP3gtb3NzLXByb2Nlc3M9aW1hZ2UvcmVzaXplLG1fZml4ZWQsaF8zNDQsd18zNDQsbGltaXRfMA,g_nw,x_428,y_143/watermark,image_YXNzZXQvaW1hZ2VzL21ldGFpbWFnZS1zb25nLnBuZw,g_nw,x_0,y_0",images/871973.jpg,@etigee,音樂人,,,2024-12-25 17:11,46,120,120,,,https://www.youtube.com/user/StreetVoiceTV,,,Singer / Songwriter,,,,,"第一次看見你的眼眸 心跳亂了所有節奏 人群之中擦肩而過 卻把世界全部帶走 明知道沒有把握 還是想陪你走 如果愛終究會痛 至少不是錯過 是不是每一次心動 都該勇敢一次衝動 哪怕答案不是永久 我也想陪你到最後 像飛蛾撲火 飛向你的輪廓 明知道會痛 還是不想閃躲 愛沒有如果 只有此刻能把握 就算最後剩下沉默 至少我們真的愛過 像飛蛾撲火 迎著夜色降落 燃燒每一分鐘 照亮彼此輪廓 如果結局不是你和我 也不後悔曾經執著 因為愛過 比遺憾更值得 時間慢慢向前走 回憶停在那個街口 你的笑還留在心頭 陪我走過每個深秋 幸福沒有理由 眼淚也不用強求 有些故事沒結果 卻能記得很久 如果愛是一片星空 我願做最亮的煙火 就算短暫劃過夜空 也曾照亮你的夢 像飛蛾撲火 飛向你的輪廓 明知道會痛 還是不想閃躲 愛沒有如果 只有此刻能把握 就算最後剩下沉默 至少我們真的愛過 像飛蛾撲火 燃盡所有溫柔 直到最後一刻 也不放開雙手 如果還能重新選擇 我依然向你奔走 因為遇見你 就是我最美的煙火 
第一次看見你的眼眸 心跳亂了所有節奏 人群之中擦肩而過 卻把世界全部帶走
明知道沒有把握 還是想陪你走 如果愛終究會痛 至少不是錯過
是不是每一次心動 都該勇敢一次衝動 哪怕答案不是永久 我也想陪你到最後
像飛蛾撲火 飛向你的輪廓 明知道會痛 還是不想閃躲
愛沒有如果 只有此刻能把握 就算最後剩下沉默 至少我們真的愛過
像飛蛾撲火 迎著夜色降落 燃燒每一分鐘 照亮彼此輪廓
如果結局不是你和我 也不後悔曾經執著 因為愛過 比遺憾更值得
時間慢慢向前走 回憶停在那個街口 你的笑還留在心頭 陪我走過每個深秋
幸福沒有理由 眼淚也不用強求 有些故事沒結果 卻能記得很久
如果愛是一片星空 我願做最亮的煙火 就算短暫劃過夜空 也曾照亮你的夢
像飛蛾撲火 飛向你的輪廓 明知道會痛 還是不想閃躲
愛沒有如果 只有此刻能把握 就算最後剩下沉默 至少我們真的愛過
像飛蛾撲火 燃盡所有溫柔 直到最後一刻 也不放開雙手
如果還能重新選擇 我依然向你奔走 因為遇見你 就是我最美的煙火
留言（ 6 ） 最相關留言 所有留言
留言（ 6 ）",2026-07-31,,AI 生成 Singer / Songwriter,False,False,
2026-08-08 10:35:28,realtime,ai_generated,,,38,Richie Tseng,🎼【夏日餘溫】-一場注定短暫、卻捨不得結束的夏日相遇,2,10,1,https://streetvoice.com/gby7639/songs/873313/,https://streetvoice.com/gby7639/,"https://akstatic.streetvoice.com/song_covers/gb/y7/gby7639/CLfYetkEAxMASoAoA7cg72.jpeg?x-oss-process=image/resize,m_fixed,h_1,w_1,limit_0/resize,m_fixed,h_630,w_1200,limit_0/watermark,image_c29uZ19jb3ZlcnMvZ2IveTcvZ2J5NzYzOS9DTGZZZXRrRUF4TUFTb0FvQTdjZzcyLmpwZWc_eC1vc3MtcHJvY2Vzcz1pbWFnZS9yZXNpemUsbV9maXhlZCxoXzM0NCx3XzM0NCxsaW1pdF8w,g_nw,x_428,y_143/watermark,image_YXNzZXQvaW1hZ2VzL21ldGFpbWFnZS1zb25nLnBuZw,g_nw,x_0,y_0",images/873313.jpeg,@gby7639,音樂人,,,,110,4,1,,,https://www.youtube.com/user/StreetVoiceTV,,,Pop,🌸禎韻樂境,https://streetvoice.com/gby7639/songs/album/97323710/,,"🌊 這首歌想寫的不是一種心情，而是一段完整的故事。一個午後，一個陌生人，一杯沒了氣泡的汽水，故事就這樣開始了。 ☀️ 我喜歡那種「只有幾天」的相遇，因為時間有限，所以每個細節都被放大。手臂上寫的電話號碼、口袋裡的一顆貝殼，這些小物件比任何誓言都更真實。 🎆 煙火那一段是整首歌的轉折。原本只是享受當下的兩個人，第一次被迫面對「以後」這個問題。但答案很簡單——不問以後，先留住今晚。 🍒 「櫻桃味留在舌尖」代表那種明知短暫、卻還是捨不得放手的心情。副歌重複的「再多留一會兒」，其實藏著一句沒說出口的害怕：這天終究會結束。 🧡 這是一首關於相遇與短暫美好的故事歌，沒有結局，只留下一個夏天的片段，讓聽的人也想起自己曾經捨不得放手的那一刻。 感動用 AI 寫下 ✨ 
🌊 這首歌想寫的不是一種心情，而是一段完整的故事。一個午後，一個陌生人，一杯沒了氣泡的汽水，故事就這樣開始了。
☀️ 我喜歡那種「只有幾天」的相遇，因為時間有限，所以每個細節都被放大。手臂上寫的電話號碼、口袋裡的一顆貝殼，這些小物件比任何誓言都更真實。
🎆 煙火那一段是整首歌的轉折。原本只是享受當下的兩個人，第一次被迫面對「以後」這個問題。但答案很簡單——不問以後，先留住今晚。
🍒 「櫻桃味留在舌尖」代表那種明知短暫、卻還是捨不得放手的心情。副歌重複的「再多留一會兒」，其實藏著一句沒說出口的害怕：這天終究會結束。
🧡 這是一首關於相遇與短暫美好的故事歌，沒有結局，只留下一個夏天的片段，讓聽的人也想起自己曾經捨不得放手的那一刻。
感動用 AI 寫下 ✨","[Intro] [Verse 1] 你從人群裡走出來 拖鞋還沾著細沙 我手裡的那杯汽水 早就沒了氣泡 你說你是外地來的 只待到禮拜天 我說那就別浪費 剩下的時間 [Pre-Chorus] 你問我要不要留下 陪你看到太陽落下 我說好啊 反正 今晚沒有人在等我 [Chorus] 櫻桃味留在舌尖 再多留一會兒 再多留一會兒 我們年輕 在陽光裡 你說時間還早 我卻已經開始 開始害怕 這天會結束 [Verse 2] 你用原子筆在我手臂 寫下一組電話號碼 說晚上十點的碼頭 會有煙火表演 我們踩過退潮的沙 你突然停下腳步 把貝殼放進我口袋 說這是留給我的 [Pre-Chorus] 你問我要不要留下 陪你看到太陽落下 我說好啊 反正 今晚沒有人在等我 [Chorus] 櫻桃味留在舌尖 再多留一會兒 再多留一會兒 我們年輕 在陽光裡 你說時間還早 我卻已經開始 開始害怕 這天會結束 [Bridge] 煙火炸開的那一秒 你問我明天要飛去哪 我說我還沒想那麼遠 只想著現在 你笑著說算了 別問以後好不好 今晚的沙灘 只屬於我們兩個 [Final Chorus] 櫻桃味留在舌尖 再多留一會兒 再多留一會兒 我們年輕 在陽光裡 你說時間還早 我卻已經開始 開始害怕 這天會結束 再多留一會兒 再多留一會兒 櫻桃味留在舌尖 
[Intro]
[Verse 1] 你從人群裡走出來 拖鞋還沾著細沙 我手裡的那杯汽水 早就沒了氣泡 你說你是外地來的 只待到禮拜天 我說那就別浪費 剩下的時間
[Pre-Chorus] 你問我要不要留下 陪你看到太陽落下 我說好啊 反正 今晚沒有人在等我
[Chorus] 櫻桃味留在舌尖 再多留一會兒 再多留一會兒 我們年輕 在陽光裡 你說時間還早 我卻已經開始 開始害怕 這天會結束
[Verse 2] 你用原子筆在我手臂 寫下一組電話號碼 說晚上十點的碼頭 會有煙火表演 我們踩過退潮的沙 你突然停下腳步 把貝殼放進我口袋 說這是留給我的
[Pre-Chorus] 你問我要不要留下 陪你看到太陽落下 我說好啊 反正 今晚沒有人在等我
[Chorus] 櫻桃味留在舌尖 再多留一會兒 再多留一會兒 我們年輕 在陽光裡 你說時間還早 我卻已經開始 開始害怕 這天會結束
[Bridge] 煙火炸開的那一秒 你問我明天要飛去哪 我說我還沒想那麼遠 只想著現在 你笑著說算了 別問以後好不好 今晚的沙灘 只屬於我們兩個
[Final Chorus] 櫻桃味留在舌尖 再多留一會兒 再多留一會兒 我們年輕 在陽光裡 你說時間還早 我卻已經開始 開始害怕 這天會結束 再多留一會兒 再多留一會兒 櫻桃味留在舌尖
留言（ 1 ） 最相關留言 所有留言
留言（ 1 ）",2026-08-07,,AI 生成 Pop ・ 🌸禎韻樂境,False,False,
2026-08-08 10:35:28,realtime,ai_generated,,,39,Richie Tseng,🎼【杏花簪與雲】-一支髮簪，簪住的是知己相伴的歲月靜好,2,12,1,https://streetvoice.com/gby7639/songs/873325/,https://streetvoice.com/gby7639/,"https://akstatic.streetvoice.com/song_covers/gb/y7/gby7639/mVpe5zsLjJTPZQ4UZLuc5R.jpeg?x-oss-process=image/resize,m_fixed,h_1,w_1,limit_0/resize,m_fixed,h_630,w_1200,limit_0/watermark,image_c29uZ19jb3ZlcnMvZ2IveTcvZ2J5NzYzOS9tVnBlNXpzTGpKVFBaUTRVWkx1YzVSLmpwZWc_eC1vc3MtcHJvY2Vzcz1pbWFnZS9yZXNpemUsbV9maXhlZCxoXzM0NCx3XzM0NCxsaW1pdF8w,g_nw,x_428,y_143/watermark,image_YXNzZXQvaW1hZ2VzL21ldGFpbWFnZS1zb25nLnBuZw,g_nw,x_0,y_0",images/873325.jpeg,@gby7639,音樂人,,,,110,4,1,,,https://www.youtube.com/user/StreetVoiceTV,,,Folk,🌸禎韻樂境,https://streetvoice.com/gby7639/songs/album/97323710/,,"☕️ 【Intro】春風輕拂過江面 送走宴席的杯盞 故事從一場宴席的尾聲寫起。酒香散去，賓客漸離，這是所有相聚都會走到的「散場感」。但我不想讓歌曲停在感傷裡，於是玉笛聲響起，黃鶯在枝頭婉轉，把離別的惆悵，輕輕轉成一種悠閒自在的餘韻。 🌸 【Verse 1】少女在廊下談笑 衣袖如翠玉翩翩 畫面拉近，是廊下談笑的少女，話語如珍珠灑落。這一段想寫的，是那份不經意的美好——不是刻意營造的浪漫，而是生活裡最自然流露的靈動與嬌羞。 ✨ 【Chorus】看時光流轉日夜更替 副歌是整首歌的心聲。「何必羨慕 早習慣 人間煙火的浪漫」，是我想對自己說的話——我們總羨慕遠方的故事，卻忘了眼前這份平凡的陪伴，早已是最奢侈的浪漫。並蒂花開，不是誰比誰更燦爛，而是兩顆心願意一起面對歲月深淺。 🕊️ 【Verse 2】說大雁能寄千里思念 說折梅相贈情深意遠 古人用大雁、用梅花寄託遠方的思念，但這一段的轉折是「不如現在」。與其把感情寄託在遙遠的象徵裡，不如伸手，把杏花簪輕輕別進彼此髮間——這是我最想留住的畫面。 🌙 【Bridge】白馬踏過楊柳岸 南北花開各自眠 這裡想寫的是距離。所謂天涯，其實不過隔幾道屋簷；晚霞落在秋水裡，倒映的是歲月深淺。無論走得多遠，只要願意，「不如現在 輕輕挽」，就能把彼此重新拉回同一片天空下。 🌤️ 【Outro】同戴杏花的髮簪 共看雲朵舒又卷 最後回到最初的畫面——一支杏花簪，簪住的不只是雲鬢，更是兩顆心的默契。雲會聚散，情卻長存。願這份陪伴，如雲舒卷自如，卻始終伴在彼此身邊。 🙏 願這首歌如一陣拂過江面的風、一朵舒卷自如的雲，輕輕落在你我心上，提醒著我們：珍惜眼前人，共赴這一場人間煙火。 🌤️ 感動用 AI 寫下 ✨ 
☕️ 【Intro】春風輕拂過江面 送走宴席的杯盞 故事從一場宴席的尾聲寫起。酒香散去，賓客漸離，這是所有相聚都會走到的「散場感」。但我不想讓歌曲停在感傷裡，於是玉笛聲響起，黃鶯在枝頭婉轉，把離別的惆悵，輕輕轉成一種悠閒自在的餘韻。
🌸 【Verse 1】少女在廊下談笑 衣袖如翠玉翩翩 畫面拉近，是廊下談笑的少女，話語如珍珠灑落。這一段想寫的，是那份不經意的美好——不是刻意營造的浪漫，而是生活裡最自然流露的靈動與嬌羞。
✨ 【Chorus】看時光流轉日夜更替 副歌是整首歌的心聲。「何必羨慕 早習慣 人間煙火的浪漫」，是我想對自己說的話——我們總羨慕遠方的故事，卻忘了眼前這份平凡的陪伴，早已是最奢侈的浪漫。並蒂花開，不是誰比誰更燦爛，而是兩顆心願意一起面對歲月深淺。
🕊️ 【Verse 2】說大雁能寄千里思念 說折梅相贈情深意遠 古人用大雁、用梅花寄託遠方的思念，但這一段的轉折是「不如現在」。與其把感情寄託在遙遠的象徵裡，不如伸手，把杏花簪輕輕別進彼此髮間——這是我最想留住的畫面。
🌙 【Bridge】白馬踏過楊柳岸 南北花開各自眠 這裡想寫的是距離。所謂天涯，其實不過隔幾道屋簷；晚霞落在秋水裡，倒映的是歲月深淺。無論走得多遠，只要願意，「不如現在 輕輕挽」，就能把彼此重新拉回同一片天空下。
🌤️ 【Outro】同戴杏花的髮簪 共看雲朵舒又卷 最後回到最初的畫面——一支杏花簪，簪住的不只是雲鬢，更是兩顆心的默契。雲會聚散，情卻長存。願這份陪伴，如雲舒卷自如，卻始終伴在彼此身邊。
🙏 願這首歌如一陣拂過江面的風、一朵舒卷自如的雲，輕輕落在你我心上，提醒著我們：珍惜眼前人，共赴這一場人間煙火。
🌤️ 感動用 AI 寫下 ✨","[Intro] 春風輕拂過江面 送走宴席的杯盞 酒香裡藏著心事 風兒卻讀不懂信箋 玉笛聲飄過庭院 黃鶯在枝頭婉轉 一聲聲啼唱 伴著這悠閒 [Verse 1] 少女在廊下談笑 衣袖如翠玉翩翩 話語像珍珠灑落 綻放朵朵蓮花鮮 採一抹天邊紅霞 染紅羞澀的容顏 誰家姑娘啊 送來了綢緞 [Chorus] 看時光流轉日夜更替 看知己起舞彩袖揚起 何必羨慕 早習慣 人間煙火的浪漫 並蒂花開更燦爛 [Verse 2] 說大雁能寄千里思念 說折梅相贈情深意遠 不如現在 輕輕挽 同戴杏花的髮簪 共看雲朵舒又卷 [Bridge] 白馬踏過楊柳岸 南北花開各自眠 所謂天涯的距離 不過隔幾道屋檐 晚霞落秋水潺潺 倒映著歲月深淺 不如現在 輕輕挽 同戴杏花的髮簪 笑問 雲鬢 玉簪 怎麼盤 [Chorus] 看時光流轉日夜更替 看知己起舞彩袖揚起 何必羨慕 早習慣 人間煙火的浪漫 並蒂花開更燦爛 [Chorus] 看時光流轉日夜更替 看知己起舞彩袖揚起 何必羨慕 早習慣 人間煙火的浪漫 並蒂花開更燦爛 [Outro] 同戴杏花的髮簪 共看雲朵舒又卷 
[Intro] 春風輕拂過江面 送走宴席的杯盞 酒香裡藏著心事 風兒卻讀不懂信箋 玉笛聲飄過庭院 黃鶯在枝頭婉轉 一聲聲啼唱 伴著這悠閒
[Verse 1] 少女在廊下談笑 衣袖如翠玉翩翩 話語像珍珠灑落 綻放朵朵蓮花鮮 採一抹天邊紅霞 染紅羞澀的容顏 誰家姑娘啊 送來了綢緞
[Chorus] 看時光流轉日夜更替 看知己起舞彩袖揚起 何必羨慕 早習慣 人間煙火的浪漫 並蒂花開更燦爛
[Verse 2] 說大雁能寄千里思念 說折梅相贈情深意遠 不如現在 輕輕挽 同戴杏花的髮簪 共看雲朵舒又卷
[Bridge] 白馬踏過楊柳岸 南北花開各自眠 所謂天涯的距離 不過隔幾道屋檐 晚霞落秋水潺潺 倒映著歲月深淺 不如現在 輕輕挽 同戴杏花的髮簪 笑問 雲鬢 玉簪 怎麼盤
[Chorus] 看時光流轉日夜更替 看知己起舞彩袖揚起 何必羨慕 早習慣 人間煙火的浪漫 並蒂花開更燦爛
[Chorus] 看時光流轉日夜更替 看知己起舞彩袖揚起 何必羨慕 早習慣 人間煙火的浪漫 並蒂花開更燦爛
[Outro] 同戴杏花的髮簪 共看雲朵舒又卷
留言（ 1 ） 最相關留言 所有留言
留言（ 1 ）",2026-08-07,,AI 生成 Folk ・ 🌸禎韻樂境,False,False,
2026-08-08 10:35:28,realtime,ai_generated,,,40,hinxlinx,《佩之汪洋》| 原創中文歌曲,2,13,2,https://streetvoice.com/hinxlinx/songs/873121/,https://streetvoice.com/hinxlinx/,"https://akstatic.streetvoice.com/song_covers/hi/nx/hinxlinx/DpPbZHYQKKcb3eVmjQYtY4.jpeg?x-oss-process=image/resize,m_fixed,h_1,w_1,limit_0/resize,m_fixed,h_630,w_1200,limit_0/watermark,image_c29uZ19jb3ZlcnMvaGkvbngvaGlueGxpbngvRHBQYlpIWVFLS2NiM2VWbWpRWXRZNC5qcGVnP3gtb3NzLXByb2Nlc3M9aW1hZ2UvcmVzaXplLG1fZml4ZWQsaF8zNDQsd18zNDQsbGltaXRfMA,g_nw,x_428,y_143/watermark,image_YXNzZXQvaW1hZ2VzL21ldGFpbWFnZS1zb25nLnBuZw,g_nw,x_0,y_0",images/873121.jpeg,@hinxlinx,音樂人,,,,18,4,5,,,https://www.youtube.com/user/StreetVoiceTV,,,Singer / Songwriter,世間情,https://streetvoice.com/hinxlinx/songs/album/97325854/,,"曲: hinxlinx  (2018) / 詞: 軒林 (2026) 風格: Piano Ballad 註: 曲詞皆本人原創，無人工智能輔助。 音樂由Suno AI照本人錄音生成。 
曲: hinxlinx  (2018) / 詞: 軒林 (2026) 風格: Piano Ballad 註: 曲詞皆本人原創，無人工智能輔助。 音樂由Suno AI照本人錄音生成。","動態歌詞
那片未知汪洋 從彼岸帶來 思念執妄想 依記憶相仿 熟悉的形象 當年的遺憾 救贖的補償 夢 回過往 未知汪洋 浪花冲刷 決然入艙 悔恨迷惘 異色汪洋 波紋蕩漾 半醒夢魂悵 相依讓 那片異色汪洋 將那記憶播放 還原真象 只想將她藏 但防不勝防 芳華别酒灑 幻海蒼茫 獨 空神傷 未知汪洋 浪花冲刷 回家入港 會否迷航 異色汪洋 波紋蕩漾 空飲恨耐何 兩相忘 那片未知汪洋 從彼岸帶來 思念執妄想 依記憶相仿 熟悉的形象 當年的遺憾 救贖的補償 夢 回過往 未知汪洋 浪花冲刷 決然入艙 悔恨迷惘 異色汪洋 波紋蕩漾 半醒夢魂悵 相依讓 那片異色汪洋 將那記憶播放 還原真象 只想將她藏 但防不勝防 芳華别酒灑 幻海蒼茫 獨 空神傷 未知汪洋 浪花冲刷 回家入港 會否迷航 異色汪洋 波紋蕩漾 空飲恨耐何 兩相忘 
那片未知汪洋 從彼岸帶來 思念執妄想 依記憶相仿 熟悉的形象 當年的遺憾 救贖的補償 夢 回過往 未知汪洋 浪花冲刷 決然入艙 悔恨迷惘 異色汪洋 波紋蕩漾 半醒夢魂悵 相依讓 那片異色汪洋 將那記憶播放 還原真象 只想將她藏 但防不勝防 芳華别酒灑 幻海蒼茫 獨 空神傷 未知汪洋 浪花冲刷 回家入港 會否迷航 異色汪洋 波紋蕩漾 空飲恨耐何 兩相忘 那片未知汪洋 從彼岸帶來 思念執妄想 依記憶相仿 熟悉的形象 當年的遺憾 救贖的補償 夢 回過往 未知汪洋 浪花冲刷 決然入艙 悔恨迷惘 異色汪洋 波紋蕩漾 半醒夢魂悵 相依讓 那片異色汪洋 將那記憶播放 還原真象 只想將她藏 但防不勝防 芳華别酒灑 幻海蒼茫 獨 空神傷 未知汪洋 浪花冲刷 回家入港 會否迷航 異色汪洋 波紋蕩漾 空飲恨耐何 兩相忘
留言（ 2 ） 最相關留言 所有留言
留言（ 2 ）",2026-08-06,,AI 生成 Singer / Songwriter ・ 世間情,False,False,
2026-08-08 10:35:28,realtime,ai_generated,,,41,Carey,《鈴聲響起》5.家門口的靜音模式,2,1,1,https://streetvoice.com/CareyHo/songs/873370/,https://streetvoice.com/CareyHo/,"https://akstatic.streetvoice.com/song_covers/Ca/re/CareyHo/XLNXuERh3TDCkJLja2ad7Z.jpeg?x-oss-process=image/resize,m_fixed,h_1,w_1,limit_0/resize,m_fixed,h_630,w_1200,limit_0/watermark,image_c29uZ19jb3ZlcnMvQ2EvcmUvQ2FyZXlIby9YTE5YdUVSaDNURENrSkxqYTJhZDdaLmpwZWc_eC1vc3MtcHJvY2Vzcz1pbWFnZS9yZXNpemUsbV9maXhlZCxoXzM0NCx3XzM0NCxsaW1pdF8w,g_nw,x_428,y_143/watermark,image_YXNzZXQvaW1hZ2VzL21ldGFpbWFnZS1zb25nLnBuZw,g_nw,x_0,y_0",images/873370.jpeg,@CareyHo,音樂人,,,,11,4,,,,https://www.youtube.com/user/StreetVoiceTV,AI做的歌太像ABBA了！環球、索尼、華納等國際音樂大廠 正在聯手控告生成「AI蔥師表歌曲」的公司|||https://blow.streetvoice.com/74803/?utm_source=streetvoice&utm_medium=profile-news-block; 【吹專訪】在90天內做一張不被時間淘汰的專輯：Chick en Chicks談《call me 90》|||https://blow.streetvoice.com/61512/?utm_source=streetvoice&utm_medium=profile-news-block; 【專訪】愛植物、住港邊的爵士歌手：羅妍婷談金音入圍四項專輯《葉片之上》|||https://blow.streetvoice.com/51906/?utm_source=streetvoice&utm_medium=profile-news-block,,Pop,《鈴聲響起》,https://streetvoice.com/CareyHo/songs/album/97325789/,,"這首歌深刻描繪了青少年在成長過程中，與家人之間日益加深的隔閡與無奈。歌詞透過細膩的筆觸，捕捉了渴望被理解卻總是話不投機的矛盾心境，以及餐桌上沉默卻震耳欲聾的代溝。在尋找自我認同的旅途中，他們與父母隔著一道無形的玻璃牆，彼此相愛卻又互相碰撞，道出了無數青春期孩子心中難以言說的孤獨與渴望。 
這首歌深刻描繪了青少年在成長過程中，與家人之間日益加深的隔閡與無奈。歌詞透過細膩的筆觸，捕捉了渴望被理解卻總是話不投機的矛盾心境，以及餐桌上沉默卻震耳欲聾的代溝。在尋找自我認同的旅途中，他們與父母隔著一道無形的玻璃牆，彼此相愛卻又互相碰撞，道出了無數青春期孩子心中難以言說的孤獨與渴望。","轉動的鑰匙拉開無聲的序幕 客廳的冷光映著疲憊的裝飾物 我放輕腳步將耳機推向最深處 隔絕了所有關於未來的質疑圖 玄關的鞋櫃擺著沉默的對峙 冰箱裡留著晚餐餘溫的諷刺 我不說話是不想點燃導火絲 任由這狹窄空間結成冰冷冰淇 他們眼中的關心是無形的綑綁 我點頭微笑是唯一能給的逃場 心裡的風暴早就已經翻山越嶺瘋狂 外表卻安靜得像是一張白紙一張 推開房門這方天地暫時屬於我 戴上耳機假裝聽不見世界的囉嗦 重低音在耳膜震動掩飾著脆弱 這場無聲的拉鋸我究竟算什麼 大人習慣用經驗把命運重新雕刻 卻從沒人讀過我眼神裡的乾涸 我們在同一個屋簷下各自漂泊 把所有的真心話全都調成靜音包裹 門板隔開了試探也隔開了擁抱 鏡子裡的自己像一具殘破的號角 心裡的吶喊幾乎要震碎所有驕傲 卻只能壓抑著連呼吸都要拿捏好 如果誠實換來的是更多的爭吵 那我寧願把秘密全鎖進深海海底島 家本該是避風港卻變成孤島 我背對著月光把破碎的自己拼好 
轉動的鑰匙拉開無聲的序幕 客廳的冷光映著疲憊的裝飾物 我放輕腳步將耳機推向最深處 隔絕了所有關於未來的質疑圖
玄關的鞋櫃擺著沉默的對峙 冰箱裡留著晚餐餘溫的諷刺 我不說話是不想點燃導火絲 任由這狹窄空間結成冰冷冰淇
他們眼中的關心是無形的綑綁 我點頭微笑是唯一能給的逃場 心裡的風暴早就已經翻山越嶺瘋狂 外表卻安靜得像是一張白紙一張
推開房門這方天地暫時屬於我 戴上耳機假裝聽不見世界的囉嗦 重低音在耳膜震動掩飾著脆弱 這場無聲的拉鋸我究竟算什麼
大人習慣用經驗把命運重新雕刻 卻從沒人讀過我眼神裡的乾涸 我們在同一個屋簷下各自漂泊 把所有的真心話全都調成靜音包裹
門板隔開了試探也隔開了擁抱 鏡子裡的自己像一具殘破的號角 心裡的吶喊幾乎要震碎所有驕傲 卻只能壓抑著連呼吸都要拿捏好
如果誠實換來的是更多的爭吵 那我寧願把秘密全鎖進深海海底島 家本該是避風港卻變成孤島 我背對著月光把破碎的自己拼好
留言（ 1 ） 最相關留言 所有留言
留言（ 1 ）",2026-08-07,,AI 生成 Pop ・ 《鈴聲響起》,False,False,
2026-08-08 10:35:28,realtime,ai_generated,,,42,MoonX 慕斯,洗腦神曲《 蒙古烤肉 》| Mongolian BBQ,8,15,11,https://streetvoice.com/MoonX_0325/songs/872969/,https://streetvoice.com/MoonX_0325/,"https://akstatic.streetvoice.com/song_covers/Mo/on/MoonX_0325/N2QFqtCx2zcpaxMcmF3FJ3.jpeg?x-oss-process=image/resize,m_fixed,h_1,w_1,limit_0/resize,m_fixed,h_630,w_1200,limit_0/watermark,image_c29uZ19jb3ZlcnMvTW8vb24vTW9vblhfMDMyNS9OMlFGcXRDeDJ6Y3BheE1jbUYzRkozLmpwZWc_eC1vc3MtcHJvY2Vzcz1pbWFnZS9yZXNpemUsbV9maXhlZCxoXzM0NCx3XzM0NCxsaW1pdF8w,g_nw,x_428,y_143/watermark,image_YXNzZXQvaW1hZ2VzL21ldGFpbWFnZS1zb25nLnBuZw,g_nw,x_0,y_0",images/872969.jpeg,@MoonX_0325,音樂人,高雄市,2026-07-01,,7,20,97,,,https://www.youtube.com/user/StreetVoiceTV,,,Pop,《洗腦神曲》 (Brainwashing Songs),https://streetvoice.com/MoonX_0325/songs/album/97325838/,,"【 MoonX 全新美食狂歡單曲：《蒙古烤肉》 】 「高麗菜堆成牆，肉片疊得比山高！今晚，讓我們一起狂歡吃到飽！」 ――― 【 歌曲簡介 】 《蒙古烤肉》以臺灣經典的吃到飽美食「蒙古烤肉」為主題，描繪了大家在鐵板前夾菜疊高高、調配專屬醬汁的樂趣與期待。 整首歌以輕快的民族風弦樂開場，融入強勁熱烈的 Dance Pop 電音鼓點。歌詞畫面感十足，從「辣椒醬汁加兩勺」到「大廚在大鐵板上揮舞長筷」，充滿歡樂的市井熱情與滿足感。 本作由 MoonX 創作，結合 Suno AI 與克隆人聲演繹，帶你體驗一場最熱鬧、最洗腦的舌尖音樂饗宴！ 「沒有固定公式，隨你發揮創意——今晚我們就是美食大師！」 ――― 💬 聽完這首歌，你夾蒙古烤肉時最喜歡加什麼醬汁呢？歡迎留言分享你的秘密配方！ #MoonX #蒙古烤肉 #MongolianBBQ #吃到飽 #台味電音 #DancePop #美食歌曲 #洗腦神曲 
【 MoonX 全新美食狂歡單曲：《蒙古烤肉》 】
「高麗菜堆成牆，肉片疊得比山高！今晚，讓我們一起狂歡吃到飽！」
―――
【 歌曲簡介 】
《蒙古烤肉》以臺灣經典的吃到飽美食「蒙古烤肉」為主題，描繪了大家在鐵板前夾菜疊高高、調配專屬醬汁的樂趣與期待。
整首歌以輕快的民族風弦樂開場，融入強勁熱烈的 Dance Pop 電音鼓點。歌詞畫面感十足，從「辣椒醬汁加兩勺」到「大廚在大鐵板上揮舞長筷」，充滿歡樂的市井熱情與滿足感。
本作由 MoonX 創作，結合 Suno AI 與克隆人聲演繹，帶你體驗一場最熱鬧、最洗腦的舌尖音樂饗宴！
「沒有固定公式，隨你發揮創意——今晚我們就是美食大師！」
―――
💬 聽完這首歌，你夾蒙古烤肉時最喜歡加什麼醬汁呢？歡迎留言分享你的秘密配方！
#MoonX #蒙古烤肉 #MongolianBBQ #吃到飽 #台味電音 #DancePop #美食歌曲 #洗腦神曲","動態歌詞
夾爆 夾滿 疊越高越好 歡迎來到蒙古烤肉～開炒啦 大碗拿在手 技巧全展現 高麗菜打底 築起高高的牆面 空心菜 洋蔥 還有豆芽菜 夾好夾滿 絕對不能讓它塌下來 牛肉 豬肉 羊肉 鋪在最頂端 九層塔 一大把 香氣最迷人 特調醬汁 蒜泥加兩勺 交給老闆 準備見證神奇的時刻 大圓鐵板 燒得紅通通 長木筷 揮舞得像一陣風 滋滋作響 熱氣往上沖 這一碗 填滿所有飢餓的黑洞 蒙古烤肉 醬香四溢太過癮 夾多少炒多少 挑戰你的工程學系 白飯 配湯 還有冰淇淋 一口肉一口菜 快樂根本停不下來 蒙古烤肉 煙火氣裡的奇蹟 這就是人間 最滿足的大享受 長木筷翻炒 帥氣又俐落 三兩下功夫 裝滿熱騰騰的一盤 淋上辣椒醬 扒上一大口飯 剛才的煩惱 瞬間通通都忘掉 大圓鐵板 燒得紅通通 長木筷 揮舞得像一陣風 滋滋作響 熱氣往上沖 這一碗 填滿所有飢餓的黑洞 蒙古烤肉 醬香四溢太過癮 夾多少炒多少 挑戰你的工程學系 白飯 配湯 還有冰淇淋 一口肉一口菜 快樂根本停不下來 蒙古烤肉 煙火氣裡的奇蹟 這就是人間 最滿足的大享受 有人喜歡沙茶 辣度要加爆 有人專攻牛肉 菜疊得比山高 沒有固定公式 隨你發揮創意 今晚的夜市 我們就是美食大師 蒙古烤肉 醬香四溢太過癮 夾多少炒多少 挑戰你的工程學系 白飯 配湯 還有冰淇淋 一口肉一口菜 快樂根本停不下來 蒙古烤肉 煙火氣裡的奇蹟 這就是人間 最滿足的大享受 呼～吃得好飽 老闆，下次我一定會疊得比今天更高 蒙古烤肉，讚啦 
夾爆 夾滿 疊越高越好 歡迎來到蒙古烤肉～開炒啦 大碗拿在手 技巧全展現 高麗菜打底 築起高高的牆面 空心菜 洋蔥 還有豆芽菜 夾好夾滿 絕對不能讓它塌下來 牛肉 豬肉 羊肉 鋪在最頂端 九層塔 一大把 香氣最迷人 特調醬汁 蒜泥加兩勺 交給老闆 準備見證神奇的時刻 大圓鐵板 燒得紅通通 長木筷 揮舞得像一陣風 滋滋作響 熱氣往上沖 這一碗 填滿所有飢餓的黑洞 蒙古烤肉 醬香四溢太過癮 夾多少炒多少 挑戰你的工程學系 白飯 配湯 還有冰淇淋 一口肉一口菜 快樂根本停不下來 蒙古烤肉 煙火氣裡的奇蹟 這就是人間 最滿足的大享受 長木筷翻炒 帥氣又俐落 三兩下功夫 裝滿熱騰騰的一盤 淋上辣椒醬 扒上一大口飯 剛才的煩惱 瞬間通通都忘掉 大圓鐵板 燒得紅通通 長木筷 揮舞得像一陣風 滋滋作響 熱氣往上沖 這一碗 填滿所有飢餓的黑洞 蒙古烤肉 醬香四溢太過癮 夾多少炒多少 挑戰你的工程學系 白飯 配湯 還有冰淇淋 一口肉一口菜 快樂根本停不下來 蒙古烤肉 煙火氣裡的奇蹟 這就是人間 最滿足的大享受 有人喜歡沙茶 辣度要加爆 有人專攻牛肉 菜疊得比山高 沒有固定公式 隨你發揮創意 今晚的夜市 我們就是美食大師 蒙古烤肉 醬香四溢太過癮 夾多少炒多少 挑戰你的工程學系 白飯 配湯 還有冰淇淋 一口肉一口菜 快樂根本停不下來 蒙古烤肉 煙火氣裡的奇蹟 這就是人間 最滿足的大享受 呼～吃得好飽 老闆，下次我一定會疊得比今天更高 蒙古烤肉，讚啦
留言（ 11 ） 最相關留言 所有留言
留言（ 11 ）",2026-08-06,,AI 生成 Pop ・ 《洗腦神曲》 (Brainwashing Songs),False,False,
2026-08-08 10:35:28,realtime,ai_generated,,,43,MoonX 慕斯,洗腦神曲《 蚵仔煎 》|  O-A-Chian,10,77,9,https://streetvoice.com/MoonX_0325/songs/872942/,https://streetvoice.com/MoonX_0325/,"https://akstatic.streetvoice.com/song_covers/Mo/on/MoonX_0325/2TseUbcov5uM4ykv69mLe8.jpeg?x-oss-process=image/resize,m_fixed,h_1,w_1,limit_0/resize,m_fixed,h_630,w_1200,limit_0/watermark,image_c29uZ19jb3ZlcnMvTW8vb24vTW9vblhfMDMyNS8yVHNlVWJjb3Y1dU00eWt2NjltTGU4LmpwZWc_eC1vc3MtcHJvY2Vzcz1pbWFnZS9yZXNpemUsbV9maXhlZCxoXzM0NCx3XzM0NCxsaW1pdF8w,g_nw,x_428,y_143/watermark,image_YXNzZXQvaW1hZ2VzL21ldGFpbWFnZS1zb25nLnBuZw,g_nw,x_0,y_0",images/872942.jpeg,@MoonX_0325,音樂人,高雄市,2026-07-01,,7,20,97,,,https://www.youtube.com/user/StreetVoiceTV,,,Pop,《洗腦神曲》 (Brainwashing Songs),https://streetvoice.com/MoonX_0325/songs/album/97325838/,,"【 MoonX 全新台味洗腦單曲：《蚵仔煎》 】 「夜市之王，無人能敵！今晚，來盤最頂的蚵仔煎！」 當深夜的鐵板滋滋作響，撞上重拍電音與接地氣的饒舌——這不只是街頭美食，而是一首唱出臺灣在地魂的夜市狂想曲！ ――― 【 歌曲簡介 】 《蚵仔煎》以臺灣最具代表性的夜市小吃為主題。從高溫鐵板上的煎皮聲音開場，歌詞生動描繪了「外皮金黃酥脆、裡面Q彈鮮美」的口感，將甜辣醬淋上去的瞬間化為最洗腦的音樂符號。 本作由 MoonX 創作，結合 Suno AI 與克隆人聲，穿梭於熱情饒舌與流行電音之間，打造出兼具台味樂趣與國際電音質感的美味神曲。 「不用去頂級餐廳，最頂的美味，就在這塊鐵板上！」 ――― 💬 聽完這首歌，你是不是也想立刻去夜市點一盤蚵仔煎了？歡迎留言告訴我你最愛的夜市美食！ #MoonX #蚵仔煎 #夜市美煞 #台味電音 #台味Rap #DancePop #洗腦神曲 
【 MoonX 全新台味洗腦單曲：《蚵仔煎》 】
「夜市之王，無人能敵！今晚，來盤最頂的蚵仔煎！」
當深夜的鐵板滋滋作響，撞上重拍電音與接地氣的饒舌——這不只是街頭美食，而是一首唱出臺灣在地魂的夜市狂想曲！
―――
【 歌曲簡介 】
《蚵仔煎》以臺灣最具代表性的夜市小吃為主題。從高溫鐵板上的煎皮聲音開場，歌詞生動描繪了「外皮金黃酥脆、裡面Q彈鮮美」的口感，將甜辣醬淋上去的瞬間化為最洗腦的音樂符號。
本作由 MoonX 創作，結合 Suno AI 與克隆人聲，穿梭於熱情饒舌與流行電音之間，打造出兼具台味樂趣與國際電音質感的美味神曲。
「不用去頂級餐廳，最頂的美味，就在這塊鐵板上！」
―――
💬 聽完這首歌，你是不是也想立刻去夜市點一盤蚵仔煎了？歡迎留言告訴我你最愛的夜市美食！
#MoonX #蚵仔煎 #夜市美煞 #台味電音 #台味Rap #DancePop #洗腦神曲","動態歌詞
yo 歡迎來到深夜夜市 聞到這個香味 你就知道今晚對了 不用去星級餐廳 最頂的美味就在這塊鐵板上 鐵板熱起來 鏟子動起來~ 鵝～啊～煎 Let's go 夜市的燈火亮起 排隊的人潮沒斷過 師傅的手藝俐落 眼神裡全是把握 一大匙的鮮蚵 粒粒飽滿像黑珍珠 落在高溫鐵板上 發出最完美的音符 淋上一層特調粉漿 瞬間凝固成金黃 打入一顆新鮮雞蛋 香氣四溢無法擋 一把茼蒿或空心菜 給它最翠綠的搭配 翻面那一瞬間 手法流暢從不浪費 「老闆 一份要辣 煎酥一點不用切」 這句話是內行人才懂的口訣 外皮要煎到金黃酥脆 裡面要保持Q彈 每一口都是大海的鮮美 讓人心甘情願排隊 最後淋上那靈魂醬汁 甜甜辣辣的滋味 準備好了沒有？跟我一起大聲唱出來 鵝啊煎~鐵板上的交響樂 卡滋卡滋的外皮 一口咬下超快樂 鵝啊煎~甜辣醬汁淋上去 這是最台的滋味 傳承百年的傳奇 yo~評鑑美食不用大篇幅的文章 真正的王者不需要靠華麗包裝 飽滿的蚵仔在嘴裡爆汁 鮮味滿開 太白粉跟地瓜粉的比例 全憑經驗掌控出來 醬汁是精髓 紅紅甜甜帶點酸 搭配剛出爐的熱氣 吃一口就把壓力釋放完 管你來自哪裡 外國朋友還是在地人 只要吃上一盤 瞬間都被這滋味征服靈魂 這不是普通的宵夜 這是人間的至寶 吃完一盤還不夠 老闆再給我打包 外皮要煎到金黃酥脆 裡面要保持Q彈 每一口都是大海的鮮美 讓人心甘情願排隊 最後淋上那靈魂醬汁 甜甜辣辣的滋味 準備好了沒有？跟我一起大聲唱出來 鵝啊煎~鐵板上的交響樂 卡滋卡滋的外皮 一口咬下超快樂 鵝啊煎~甜辣醬汁淋上去 這是最台的滋味 傳承百年的傳奇 走過無數個城市 看過無數的風景 最想念的還是巷口那張小木桌的溫情 熱氣騰騰的煙霧裡 有最道地的人情味 這一盤經典 誰也無法替代…… 鵝啊煎~ 老闆 多謝啦！下次我再來 鵝啊煎~ 鏟子一落 火候到位 這一味 收在嘴裡 鵝啊煎~ 記在心底 Peace~Peace... 
yo 歡迎來到深夜夜市 聞到這個香味 你就知道今晚對了 不用去星級餐廳 最頂的美味就在這塊鐵板上 鐵板熱起來 鏟子動起來~ 鵝～啊～煎 Let's go 夜市的燈火亮起 排隊的人潮沒斷過 師傅的手藝俐落 眼神裡全是把握 一大匙的鮮蚵 粒粒飽滿像黑珍珠 落在高溫鐵板上 發出最完美的音符 淋上一層特調粉漿 瞬間凝固成金黃 打入一顆新鮮雞蛋 香氣四溢無法擋 一把茼蒿或空心菜 給它最翠綠的搭配 翻面那一瞬間 手法流暢從不浪費 「老闆 一份要辣 煎酥一點不用切」 這句話是內行人才懂的口訣 外皮要煎到金黃酥脆 裡面要保持Q彈 每一口都是大海的鮮美 讓人心甘情願排隊 最後淋上那靈魂醬汁 甜甜辣辣的滋味 準備好了沒有？跟我一起大聲唱出來 鵝啊煎~鐵板上的交響樂 卡滋卡滋的外皮 一口咬下超快樂 鵝啊煎~甜辣醬汁淋上去 這是最台的滋味 傳承百年的傳奇 yo~評鑑美食不用大篇幅的文章 真正的王者不需要靠華麗包裝 飽滿的蚵仔在嘴裡爆汁 鮮味滿開 太白粉跟地瓜粉的比例 全憑經驗掌控出來 醬汁是精髓 紅紅甜甜帶點酸 搭配剛出爐的熱氣 吃一口就把壓力釋放完 管你來自哪裡 外國朋友還是在地人 只要吃上一盤 瞬間都被這滋味征服靈魂 這不是普通的宵夜 這是人間的至寶 吃完一盤還不夠 老闆再給我打包 外皮要煎到金黃酥脆 裡面要保持Q彈 每一口都是大海的鮮美 讓人心甘情願排隊 最後淋上那靈魂醬汁 甜甜辣辣的滋味 準備好了沒有？跟我一起大聲唱出來 鵝啊煎~鐵板上的交響樂 卡滋卡滋的外皮 一口咬下超快樂 鵝啊煎~甜辣醬汁淋上去 這是最台的滋味 傳承百年的傳奇 走過無數個城市 看過無數的風景 最想念的還是巷口那張小木桌的溫情 熱氣騰騰的煙霧裡 有最道地的人情味 這一盤經典 誰也無法替代…… 鵝啊煎~ 老闆 多謝啦！下次我再來 鵝啊煎~ 鏟子一落 火候到位 這一味 收在嘴裡 鵝啊煎~ 記在心底 Peace~Peace...
留言（ 9 ） 最相關留言 所有留言
留言（ 9 ）",2026-08-05,,AI 生成 Pop ・ 《洗腦神曲》 (Brainwashing Songs),False,False,
2026-08-08 10:35:28,realtime,ai_generated,,,44,Dammn P.,《古廟霧》（Mist of the Ancient Temple）,4,5,1,https://streetvoice.com/Paull_Dammnpohung/songs/873071/,https://streetvoice.com/Paull_Dammnpohung/,"https://akstatic.streetvoice.com/song_covers/Pa/ul/Paull_Dammnpohung/Qn3pUmugWv8arS6hehMZ4s.jpeg?x-oss-process=image/resize,m_fixed,h_1,w_1,limit_0/resize,m_fixed,h_630,w_1200,limit_0/watermark,image_c29uZ19jb3ZlcnMvUGEvdWwvUGF1bGxfRGFtbW5wb2h1bmcvUW4zcFVtdWdXdjhhclM2aGVoTVo0cy5qcGVnP3gtb3NzLXByb2Nlc3M9aW1hZ2UvcmVzaXplLG1fZml4ZWQsaF8zNDQsd18zNDQsbGltaXRfMA,g_nw,x_428,y_143/watermark,image_YXNzZXQvaW1hZ2VzL21ldGFpbWFnZS1zb25nLnBuZw,g_nw,x_0,y_0",images/873071.jpeg,@Paull_Dammnpohung,音樂人,高雄市,2026-01-01,2026-06-25 10:03,195,98,125,,,https://www.youtube.com/@RuralPeace-n2q,,,Soundtrack / New age,,,,"當生活的步調變得太快，我們都需要一個可以讓靈魂暫時停泊的安靜角落。這首演奏曲純粹以手風琴的風箱開合模擬深山大自然的吐納，用悠長而緩慢的旋律勾勒出歲月沉澱的厚重與平靜。每一個迴盪的音符，都宛如帶領思緒沉澱至最純粹的安寧。請為自己留下一段空白的時光，閉上雙眼，將身心完全交託給這份無聲的溫柔。 #手風琴 #療癒 #放鬆 #靜心 #冥想 #平靜 #台灣 #安眠 #Accordion #Healing #Relaxation #Meditation #Sleep #Calm #Taiwan 
當生活的步調變得太快，我們都需要一個可以讓靈魂暫時停泊的安靜角落。這首演奏曲純粹以手風琴的風箱開合模擬深山大自然的吐納，用悠長而緩慢的旋律勾勒出歲月沉澱的厚重與平靜。每一個迴盪的音符，都宛如帶領思緒沉澱至最純粹的安寧。請為自己留下一段空白的時光，閉上雙眼，將身心完全交託給這份無聲的溫柔。
#手風琴 #療癒 #放鬆 #靜心 #冥想 #平靜 #台灣 #安眠 #Accordion #Healing #Relaxation #Meditation #Sleep #Calm #Taiwan","這是沒有提供歌詞的歌曲
留言（ 1 ） 最相關留言 所有留言
留言（ 1 ）",2026-08-06,,AI 生成 Soundtrack / New age,False,False,
2026-08-08 10:35:28,realtime,ai_generated,,,45,MoonX 慕斯,原創星座系列《 處女座 》| Virgo,10,51,9,https://streetvoice.com/MoonX_0325/songs/873133/,https://streetvoice.com/MoonX_0325/,"https://akstatic.streetvoice.com/song_covers/Mo/on/MoonX_0325/goRRi3QcRUF7QhQyV8iBYJ.jpeg?x-oss-process=image/resize,m_fixed,h_1,w_1,limit_0/resize,m_fixed,h_630,w_1200,limit_0/watermark,image_c29uZ19jb3ZlcnMvTW8vb24vTW9vblhfMDMyNS9nb1JSaTNRY1JVRjdRaFF5VjhpQllKLmpwZWc_eC1vc3MtcHJvY2Vzcz1pbWFnZS9yZXNpemUsbV9maXhlZCxoXzM0NCx3XzM0NCxsaW1pdF8w,g_nw,x_428,y_143/watermark,image_YXNzZXQvaW1hZ2VzL21ldGFpbWFnZS1zb25nLnBuZw,g_nw,x_0,y_0",images/873133.jpeg,@MoonX_0325,音樂人,高雄市,2026-07-01,,7,20,97,,,https://www.youtube.com/user/StreetVoiceTV,,,Singer / Songwriter,星座系列,https://streetvoice.com/MoonX_0325/songs/album/97325809/,,"【 MoonX 最新星座抒情系列：《處女座》 】 「挑剔不是因為冷漠，而是我把最深的溫柔，都藏在了不說出口的細節裡。」 ――― 💬 你也是看似冷漠、實則心軟的處女座嗎？或者你的身邊也有這樣一個挑剔卻愛你的人？歡迎留言分享你的故事！ #處女座 #星座情歌 #抒情Pop #溫柔偏執 #MoonX 【 歌曲簡介 】 《處女座》是一首側寫愛裡「完美主義與自我防禦」的抒情作品。 歌曲以極具呼吸感的鋼琴與人聲揭開序幕，描繪出處女座在關係中的糾結、挑剔與深層的求安全感。副歌漸次推進的鼓點與弦樂，帶出內心「願意為你放下所有防備」的堅定與專一。 本作由 MoonX 創作，結合 Suno AI 與克隆人聲演繹，獻給所有看似理性挑剔、實則愛得最深最沉的靈魂。 「你可以不用完美，在我面前，你怎樣都好。」 ――― 
【 MoonX 最新星座抒情系列：《處女座》 】
「挑剔不是因為冷漠，而是我把最深的溫柔，都藏在了不說出口的細節裡。」
―――
💬 你也是看似冷漠、實則心軟的處女座嗎？或者你的身邊也有這樣一個挑剔卻愛你的人？歡迎留言分享你的故事！
#處女座 #星座情歌 #抒情Pop #溫柔偏執 #MoonX
【 歌曲簡介 】
《處女座》是一首側寫愛裡「完美主義與自我防禦」的抒情作品。
歌曲以極具呼吸感的鋼琴與人聲揭開序幕，描繪出處女座在關係中的糾結、挑剔與深層的求安全感。副歌漸次推進的鼓點與弦樂，帶出內心「願意為你放下所有防備」的堅定與專一。
本作由 MoonX 創作，結合 Suno AI 與克隆人聲演繹，獻給所有看似理性挑剔、實則愛得最深最沉的靈魂。
「你可以不用完美，在我面前，你怎樣都好。」
―――","動態歌詞
我又在收拾 亂掉的房間 把所有回憶 依照日期分類排好在左邊 連說話的字眼 都反覆刪改了幾遍 只為了讓你 看不出我有一點點淪陷 你笑我太挑剔 總是追求完美 其實我只是 害怕一鬆手整個世界會崩潰 我的冷漠 是保護自己的界線 你能不能 看穿這偽裝的表面 處女座的溫柔 是默默記下你所有的偏好 我不說出口 卻在背後為你遮擋了風暴 挑剔你的壞習慣 其實是怕你過得不好 我把細節都填滿 只想成為你唯一的依靠 處女座的眼淚 只會在深夜裡獨自擦掉 你可以不用完美 在我面前你怎樣都好 別被我的理性嚇跑 這是我能給的 最深沉的抱抱 我知道 我有時固執得讓人抓狂 連愛一個人 都要經過千百次的衡量 但只要你伸出手 走向我的方向 我會卸下所有防備 陪你到地老天荒 我的完美主義 唯獨對你無效 只要是你~ 怎樣都好 
我又在收拾 亂掉的房間 把所有回憶 依照日期分類排好在左邊 連說話的字眼 都反覆刪改了幾遍 只為了讓你 看不出我有一點點淪陷 你笑我太挑剔 總是追求完美 其實我只是 害怕一鬆手整個世界會崩潰 我的冷漠 是保護自己的界線 你能不能 看穿這偽裝的表面 處女座的溫柔 是默默記下你所有的偏好 我不說出口 卻在背後為你遮擋了風暴 挑剔你的壞習慣 其實是怕你過得不好 我把細節都填滿 只想成為你唯一的依靠 處女座的眼淚 只會在深夜裡獨自擦掉 你可以不用完美 在我面前你怎樣都好 別被我的理性嚇跑 這是我能給的 最深沉的抱抱 我知道 我有時固執得讓人抓狂 連愛一個人 都要經過千百次的衡量 但只要你伸出手 走向我的方向 我會卸下所有防備 陪你到地老天荒 我的完美主義 唯獨對你無效 只要是你~ 怎樣都好
留言（ 9 ） 最相關留言 所有留言
留言（ 9 ）",2026-08-06,,AI 生成 Singer / Songwriter ・ 星座系列,False,False,
2026-08-08 10:35:28,realtime,ai_generated,,,46,YUWEIHSIAO,精蟲衝腦的色胚,3,14,9,https://streetvoice.com/yuweihsiao/songs/873200/,https://streetvoice.com/yuweihsiao/,"https://akstatic.streetvoice.com/music_albums/yu/we/yuweihsiao/Hxp6QRLVNTSUPdJfVkdzEN.jpeg?x-oss-process=image/resize,m_fixed,h_1,w_1,limit_0/resize,m_fixed,h_630,w_1200,limit_0/watermark,image_bXVzaWNfYWxidW1zL3l1L3dlL3l1d2VpaHNpYW8vSHhwNlFSTFZOVFNVUGRKZlZrZHpFTi5qcGVnP3gtb3NzLXByb2Nlc3M9aW1hZ2UvcmVzaXplLG1fZml4ZWQsaF8zNDQsd18zNDQsbGltaXRfMA,g_nw,x_428,y_143/watermark,image_YXNzZXQvaW1hZ2VzL21ldGFpbWFnZS1zb25nLnBuZw,g_nw,x_0,y_0",images/873200.jpeg,@yuweihsiao,音樂人,台灣,2026-03-01,,56,10,4,,,https://www.youtube.com/user/StreetVoiceTV,,,Metal,癢,https://streetvoice.com/yuweihsiao/songs/album/97325808/,,,"有個小色胚是個沒出息的偷窺狂 總是對著隔壁女神的玉体有遐想 突然想到如果自己是個隱形人該多好 精蟲衝腦的他竟然狠下心去撞牆 小色胚當場頭破血流靈魂出竅 對著鏡子照啊照看不到自己樂逍遙 開心得手舞足蹈放聲大叫 他興沖沖地飄向她家浴室想看她洗澡 但眼前的畫面卻讓他嚇一跳 兩坪大的空間擠滿成千上萬的色鬼 有國小的校長還有多年不見的阿伯 最熱的搖滾區要付兩萬多的冥錢 沒想到死了當色鬼都還要排隊 小色胚打了三份工辛苦存了六個月 捧著冥錢興高采烈地衝到現場排隊 光等號碼就要一千多號快要崩潰 等不及找黃牛一口價全梭哈 好不容易進入搖滾區快要看她洗澡 突然出現保全說他的票是造假 兩坪大的空間擠滿成千上萬的色鬼 有國小的校長還有多年不見的阿伯 最熱的搖滾區要付兩萬多的冥錢 沒想到死了當色鬼都還要排隊 打工省吃儉用存了六個月 居然連陰間都會遇到詐騙 活著沒看到洗澡死了也沒實現 欲哭無淚地小色胚又撞牆死一遍 
有個小色胚是個沒出息的偷窺狂 總是對著隔壁女神的玉体有遐想 突然想到如果自己是個隱形人該多好 精蟲衝腦的他竟然狠下心去撞牆 小色胚當場頭破血流靈魂出竅 對著鏡子照啊照看不到自己樂逍遙 開心得手舞足蹈放聲大叫 他興沖沖地飄向她家浴室想看她洗澡 但眼前的畫面卻讓他嚇一跳
兩坪大的空間擠滿成千上萬的色鬼 有國小的校長還有多年不見的阿伯 最熱的搖滾區要付兩萬多的冥錢 沒想到死了當色鬼都還要排隊
小色胚打了三份工辛苦存了六個月 捧著冥錢興高采烈地衝到現場排隊 光等號碼就要一千多號快要崩潰 等不及找黃牛一口價全梭哈 好不容易進入搖滾區快要看她洗澡 突然出現保全說他的票是造假
兩坪大的空間擠滿成千上萬的色鬼 有國小的校長還有多年不見的阿伯 最熱的搖滾區要付兩萬多的冥錢 沒想到死了當色鬼都還要排隊 打工省吃儉用存了六個月 居然連陰間都會遇到詐騙 活著沒看到洗澡死了也沒實現 欲哭無淚地小色胚又撞牆死一遍
留言（ 9 ） 最相關留言 所有留言
留言（ 9 ）",2026-08-06,,AI 生成 Metal ・ 癢,False,False,
2026-08-08 10:35:28,realtime,ai_generated,,,47,橋體（Pontic),"Missing You, Bebe (R&amp;B加強版)",7,10,2,https://streetvoice.com/meng_chaio_hiesh/songs/873083/,https://streetvoice.com/meng_chaio_hiesh/,"https://akstatic.streetvoice.com/song_covers/me/ng/meng_chaio_hiesh/KuxWrYaGVJaTmR9tYYRXJn.jpeg?x-oss-process=image/resize,m_fixed,h_1,w_1,limit_0/resize,m_fixed,h_630,w_1200,limit_0/watermark,image_c29uZ19jb3ZlcnMvbWUvbmcvbWVuZ19jaGFpb19oaWVzaC9LdXhXcllhR1ZKYVRtUjl0WVlSWEpuLmpwZWc_eC1vc3MtcHJvY2Vzcz1pbWFnZS9yZXNpemUsbV9maXhlZCxoXzM0NCx3XzM0NCxsaW1pdF8w,g_nw,x_428,y_143/watermark,image_YXNzZXQvaW1hZ2VzL21ldGFpbWFnZS1zb25nLnBuZw,g_nw,x_0,y_0",images/873083.jpeg,@meng_chaio_hiesh,音樂人,台中市,2022-02-01,,52,21,37,,,https://www.youtube.com/user/StreetVoiceTV,,,R&B / Soul,,,,,"Missing You, Bebe 【Chorus】 Missing You～～ Bebe～～ 今晚又想靠近你 你的聲音 還停留在我耳邊裡 Thinking of you～～ baby～～ 不需要太多原因 一個眼神 就能懂我的心情 你的溫柔像旋律 慢慢流進我的呼吸 每一次靠近你 時間都變得安靜 Missing You～～ Bebe～～ 讓這一刻停留久一點 在你的世界裡 找到屬於我的位置 【Verse 1】 晚風吹過街道 霓虹落在肩膀 城市還沒睡著 我們走得很慢 你說今天有點累 靠著我的身旁 那一瞬間 所有煩惱都被遺忘 沒有華麗的劇情 沒有刻意的安排 只是你的笑容 剛好讓我停下來 你的眼神 有一種熟悉節奏 像一首老歌 越聽越想再聽一次 【Chorus】 Missing You～～ Bebe～～ 今晚又想靠近你 你的聲音 還停留在我耳邊裡 Thinking of you～～ baby～～ 不需要太多原因 一個眼神 就能懂我的心情 你的溫柔像旋律 慢慢流進我的呼吸 每一次靠近你 時間都變得安靜 Missing You～～ Bebe～～ 讓這一刻停留久一點 在你的世界裡 找到屬於我的位置 【Verse 2】 不用說永遠 不用承諾明天 我喜歡現在 你在我身邊的感覺 那些簡單片段 比什麼都特別 一句晚安 也能讓我微笑整夜 你的節奏 剛好和我重疊 你的溫度 剛好填滿我的空間 如果愛是一首歌 你就是那段旋律 不用太多修飾 就已經讓人著迷 【Final Chorus】 Missing You～～ Bebe～～ 今晚又想靠近你 你的聲音 還停留在我耳邊裡 Thinking of you～～ baby～～ 不需要太多原因 一個眼神 就能懂我的心情 你的溫柔像旋律 慢慢流進我的呼吸 每一次靠近你 時間都變得安靜 Missing You～～ Bebe～～ 讓這一刻停留久一點 跟著這段旋律 一直走進你的世界 
Missing You, Bebe 【Chorus】
Missing You～～ Bebe～～ 今晚又想靠近你
你的聲音 還停留在我耳邊裡
Thinking of you～～ baby～～ 不需要太多原因
一個眼神 就能懂我的心情
你的溫柔像旋律 慢慢流進我的呼吸
每一次靠近你 時間都變得安靜
Missing You～～ Bebe～～ 讓這一刻停留久一點
在你的世界裡 找到屬於我的位置
【Verse 1】
晚風吹過街道 霓虹落在肩膀
城市還沒睡著 我們走得很慢
你說今天有點累 靠著我的身旁
那一瞬間 所有煩惱都被遺忘
沒有華麗的劇情 沒有刻意的安排
只是你的笑容 剛好讓我停下來
你的眼神 有一種熟悉節奏
像一首老歌 越聽越想再聽一次
【Chorus】
Missing You～～ Bebe～～ 今晚又想靠近你
你的聲音 還停留在我耳邊裡
Thinking of you～～ baby～～ 不需要太多原因
一個眼神 就能懂我的心情
你的溫柔像旋律 慢慢流進我的呼吸
每一次靠近你 時間都變得安靜
Missing You～～ Bebe～～ 讓這一刻停留久一點
在你的世界裡 找到屬於我的位置
【Verse 2】
不用說永遠 不用承諾明天
我喜歡現在 你在我身邊的感覺
那些簡單片段 比什麼都特別
一句晚安 也能讓我微笑整夜
你的節奏 剛好和我重疊
你的溫度 剛好填滿我的空間
如果愛是一首歌 你就是那段旋律
不用太多修飾 就已經讓人著迷
【Final Chorus】
Missing You～～ Bebe～～ 今晚又想靠近你
你的聲音 還停留在我耳邊裡
Thinking of you～～ baby～～ 不需要太多原因
一個眼神 就能懂我的心情
你的溫柔像旋律 慢慢流進我的呼吸
每一次靠近你 時間都變得安靜
Missing You～～ Bebe～～ 讓這一刻停留久一點
跟著這段旋律 一直走進你的世界
留言（ 2 ） 最相關留言 所有留言
留言（ 2 ）",2026-08-06,,AI 生成 R&B / Soul,False,False,
2026-08-08 10:35:28,realtime,ai_generated,,,48,okkabuto,吃貨公主,1,1,0,https://streetvoice.com/okkabuto/songs/873462/,https://streetvoice.com/okkabuto/,"https://akstatic.streetvoice.com/song_covers/ok/ka/okkabuto/bWp6Ef2CYpBbBzPQqWYjd5.jpeg?x-oss-process=image/resize,m_fixed,h_1,w_1,limit_0/resize,m_fixed,h_630,w_1200,limit_0/watermark,image_c29uZ19jb3ZlcnMvb2sva2Evb2trYWJ1dG8vYldwNkVmMkNZcEJiQnpQUXFXWWpkNS5qcGVnP3gtb3NzLXByb2Nlc3M9aW1hZ2UvcmVzaXplLG1fZml4ZWQsaF8zNDQsd18zNDQsbGltaXRfMA,g_nw,x_428,y_143/watermark,image_YXNzZXQvaW1hZ2VzL21ldGFpbWFnZS1zb25nLnBuZw,g_nw,x_0,y_0",images/873462.jpeg,@okkabuto,音樂人,,,,4,2,1,,,https://www.youtube.com/user/StreetVoiceTV,,,Singer / Songwriter,,,,"吃貨小公主 
吃貨小公主","肚子在敲門 (咕嚕咕嚕響) 手機滑一圈 嘴上都流口水 早上起床亂糟糟 頭髮炸成小海草 冰箱打開亮一秒 啊什麼也沒有 穿著拖鞋晃到街角 早餐店排隊像在出道 老闆說「一樣嗎？」 我說「今天想換口味好不好？」 左手奶茶 右手蛋餅 配一點醬油膏心情就清醒 拍一張 打個卡 嘴角有屑屑也要很可愛啊 (hey!) 今天先吃哪一道 甜的鹹的都想要 一口厚片 一口肉包 幸福在嘴巴裡亂跳 明天再開始減肥好不好 先把快樂全部咬掉 俏皮可愛就是我的味道 誰敢說我吃太飽 (嘿) 中午約在商場樓下 朋友問我「你到底想吃啥？」 左看右看每一間都像在發光 腦袋快速滑過一張美食圖像 壽司在排隊 火鍋在冒汗 咖哩在呼喚 炸雞一直說「來嘛別管」 嘴巴說隨便 心裡超糾結 每一道都想點 這是不是災難 Yo 點菜像在開演唱會 服務生筆記都快追不會 小籠包 麻辣燙 麻醬麵還要加小菜 多加蔥花 再撒薑絲 連白飯都要拍得像在走紅毯一樣 我不是貪吃 是尊重每一頓 讓每個胃口都有主題跟靈魂 (woo) 左手可樂 右手薯條 笑點跟熱量一起往上飄 拍影片 傳給你 留言只剩一句「你又在吃？！」(好像是) 今天先吃哪一道 甜的鹹的都想要 一口珍奶 一口炸雞腿 快樂堆得像座小山腰 明天再開始減肥好不好 先把憂愁全部咬掉 俏皮可愛就是我的味道 誰敢說我吃太飽 (再來一口) 有人說女孩子要吃得很含蓄 我偏要把甜點盤全部都掃去 布丁排排站 蛋糕排成隊 每個都寵幸一下才算完美 (oh yeah) 嘴角沾著奶油也不擦 反正你看我還是很可愛啊 今天先吃哪一道 眼睛嘴巴都在挑 一口豆花 一口霜淇淋 心情旋轉像在坐旋轉木馬 明天再開始減肥好不好 先把當下吃到剛剛好 俏皮可愛就是我的味道 愛吃也能活得很閃耀 (嘿) 
肚子在敲門 (咕嚕咕嚕響) 手機滑一圈 嘴上都流口水
早上起床亂糟糟 頭髮炸成小海草 冰箱打開亮一秒 啊什麼也沒有 穿著拖鞋晃到街角 早餐店排隊像在出道 老闆說「一樣嗎？」 我說「今天想換口味好不好？」
左手奶茶 右手蛋餅 配一點醬油膏心情就清醒 拍一張 打個卡 嘴角有屑屑也要很可愛啊 (hey!)
今天先吃哪一道 甜的鹹的都想要 一口厚片 一口肉包 幸福在嘴巴裡亂跳 明天再開始減肥好不好 先把快樂全部咬掉 俏皮可愛就是我的味道 誰敢說我吃太飽 (嘿)
中午約在商場樓下 朋友問我「你到底想吃啥？」 左看右看每一間都像在發光 腦袋快速滑過一張美食圖像 壽司在排隊 火鍋在冒汗 咖哩在呼喚 炸雞一直說「來嘛別管」 嘴巴說隨便 心裡超糾結 每一道都想點 這是不是災難
Yo 點菜像在開演唱會 服務生筆記都快追不會 小籠包 麻辣燙 麻醬麵還要加小菜 多加蔥花 再撒薑絲 連白飯都要拍得像在走紅毯一樣 我不是貪吃 是尊重每一頓 讓每個胃口都有主題跟靈魂 (woo)
左手可樂 右手薯條 笑點跟熱量一起往上飄 拍影片 傳給你 留言只剩一句「你又在吃？！」(好像是)
今天先吃哪一道 甜的鹹的都想要 一口珍奶 一口炸雞腿 快樂堆得像座小山腰 明天再開始減肥好不好 先把憂愁全部咬掉 俏皮可愛就是我的味道 誰敢說我吃太飽 (再來一口)
有人說女孩子要吃得很含蓄 我偏要把甜點盤全部都掃去 布丁排排站 蛋糕排成隊 每個都寵幸一下才算完美 (oh yeah) 嘴角沾著奶油也不擦 反正你看我還是很可愛啊
今天先吃哪一道 眼睛嘴巴都在挑 一口豆花 一口霜淇淋 心情旋轉像在坐旋轉木馬 明天再開始減肥好不好 先把當下吃到剛剛好 俏皮可愛就是我的味道 愛吃也能活得很閃耀 (嘿)
留言（ 0 ） 最相關留言 所有留言
留言（ 0 ）",2026-08-07,,AI 生成 Singer / Songwriter,False,False,
2026-08-08 10:35:28,realtime,ai_generated,,,49,MisanHsu,Teman baikku  -Dino,4,9,1,https://streetvoice.com/misanshui/songs/873306/,https://streetvoice.com/misanshui/,"https://akstatic.streetvoice.com/song_covers/mi/sa/misanshui/KXgdirZtfYM6WXS6dgTTUp.jpeg?x-oss-process=image/resize,m_fixed,h_1,w_1,limit_0/resize,m_fixed,h_630,w_1200,limit_0/watermark,image_c29uZ19jb3ZlcnMvbWkvc2EvbWlzYW5zaHVpL0tYZ2Rpclp0ZllNNldYUzZkZ1RUVXAuanBlZz94LW9zcy1wcm9jZXNzPWltYWdlL3Jlc2l6ZSxtX2ZpeGVkLGhfMzQ0LHdfMzQ0LGxpbWl0XzA,g_nw,x_428,y_143/watermark,image_YXNzZXQvaW1hZ2VzL21ldGFpbWFnZS1zb25nLnBuZw,g_nw,x_0,y_0",images/873306.jpeg,@misanshui,音樂人,桃園市,2007-04-01,,136,26,21,,,https://www.youtube.com/user/StreetVoiceTV,,,Folk,印      那個花,https://streetvoice.com/misanshui/songs/album/97325845/,,,"機台轟隆隆 轉個不停 車間裡最俐落的背影 黑黑小小的 身手卻很精明 騎著電動車 穿梭在廠房裡 一口流利的中文 聽起來真親切 你是老闆眼中的好幫手 配合度第一位 Dino Dino 我的好徒弟 數位印花大貨交給你 最放心 檢查瑕疵一雙鷹眼 絕不馬虎放過通行 Dino印大貨 老闆最安心 只是偶爾呀 累了會度估 偷偷閉上眼睛 夾腳拖鞋 緊身褲 是你的招牌穿搭 蝦皮網購總愛找我 一起湊單殺價 下班放假 換上最帥的衣裳 印尼店裡跟朋友 喝著小酒話家常 個性有點固執 堅持自己的堅持 身邊總有一群 義氣相挺的好兄弟 你教我說 印尼話的日常 Ayam, saya, soto, dia, merokok 笑著聽我發音不標準的模樣 Saya berterima kasih atas dukungan Anda selama saya jauh dari rumah. Dino Dino 我的好徒弟 數位印花大貨交給你 最放心 檢查瑕疵一雙鷹眼 絕不馬虎放過通行 Dino印大貨 老闆最安心 只是偶爾呀 累了會度估 偷偷閉上眼睛 電動車催落去 迎著風向前行 兄弟啊 祝福你未來每一天 平平安安 順順利利 在遠方的夢 都能夠落地生根 一輩子 都順心如意 
機台轟隆隆 轉個不停 車間裡最俐落的背影 黑黑小小的 身手卻很精明 騎著電動車 穿梭在廠房裡 一口流利的中文 聽起來真親切 你是老闆眼中的好幫手 配合度第一位
Dino Dino 我的好徒弟 數位印花大貨交給你 最放心 檢查瑕疵一雙鷹眼 絕不馬虎放過通行 Dino印大貨 老闆最安心 只是偶爾呀 累了會度估 偷偷閉上眼睛
夾腳拖鞋 緊身褲 是你的招牌穿搭 蝦皮網購總愛找我 一起湊單殺價 下班放假 換上最帥的衣裳 印尼店裡跟朋友 喝著小酒話家常 個性有點固執 堅持自己的堅持 身邊總有一群 義氣相挺的好兄弟
你教我說 印尼話的日常 Ayam, saya, soto, dia, merokok 笑著聽我發音不標準的模樣 Saya berterima kasih atas dukungan Anda selama saya jauh dari rumah.
Dino Dino 我的好徒弟 數位印花大貨交給你 最放心 檢查瑕疵一雙鷹眼 絕不馬虎放過通行 Dino印大貨 老闆最安心 只是偶爾呀 累了會度估 偷偷閉上眼睛
電動車催落去 迎著風向前行 兄弟啊 祝福你未來每一天 平平安安 順順利利 在遠方的夢 都能夠落地生根 一輩子 都順心如意
留言（ 1 ） 最相關留言 所有留言
留言（ 1 ）",2026-08-06,,AI 生成 Folk ・ 印      那個花,False,False,
2026-08-08 10:35:28,realtime,ai_generated,,,50,REDFREQ_Taiwan,轉生成哥布林的我又做錯了什麼,1,2,2,https://streetvoice.com/REDFREQ_Taiwan/songs/873485/,https://streetvoice.com/REDFREQ_Taiwan/,"https://akstatic.streetvoice.com/song_covers/RE/DF/REDFREQ_Taiwan/GRqFNoKME2KQWhgYQmRTLW.jpeg?x-oss-process=image/resize,m_fixed,h_1,w_1,limit_0/resize,m_fixed,h_630,w_1200,limit_0/watermark,image_c29uZ19jb3ZlcnMvUkUvREYvUkVERlJFUV9UYWl3YW4vR1JxRk5vS01FMktRV2hnWVFtUlRMVy5qcGVnP3gtb3NzLXByb2Nlc3M9aW1hZ2UvcmVzaXplLG1fZml4ZWQsaF8zNDQsd18zNDQsbGltaXRfMA,g_nw,x_428,y_143/watermark,image_YXNzZXQvaW1hZ2VzL21ldGFpbWFnZS1zb25nLnBuZw,g_nw,x_0,y_0",images/873485.jpeg,@REDFREQ_Taiwan,音樂人,,,,1,,1,,,https://www.youtube.com/user/StreetVoiceTV,,,ACG,,,,,"### Verse 1 睜開眼不是王城也沒有聖光 只有洞穴滴水聲在耳邊迴盪 前世的履歷全都派不上場 連名字都被命運念得很荒唐 鏽掉的短刀 別在破腰帶上 鏡子裡的我 綠得有點絕望 勇者的腳步聲越來越響 我還沒學會怎麼投降 ### Pre-Chorus 誰說重來就能變強 誰說低等就該退讓 我只是醒在故事的反方向 就被判成反派模樣 ### Chorus 轉生成哥布林的我 又做錯了什麼 只是想活著 怎麼也像罪惡 月光照不到的角落 也有人把眼淚藏進沉默 轉生成哥布林的我 又做錯了什麼 沒有主角光環 也沒有神來救我 若世界只愛勝利者 那我就帶著傷口成為傳說 ### Verse 2 村口的鐘聲 敲得像審判 火把把夜晚 燒成金色的難堪 他問怪物為何還不跪下來 我問他怪物是不是不能期待 我偷來的不是寶石和皇冠 只是明天還能呼吸的盼望 若善惡都寫在別人的篇章 我偏要改掉最後一行 ### Pre-Chorus 2 誰說弱小只能骯髒 誰說醜陋沒有心臟 我在泥裡學會抬頭仰望 哪怕天空不曾原諒 ### Chorus 轉生成哥布林的我 又做錯了什麼 只是想活著 怎麼也像罪惡 月光照不到的角落 也有人把眼淚藏進沉默 轉生成哥布林的我 又做錯了什麼 沒有主角光環 也沒有神來救我 若世界只愛勝利者 那我就帶著傷口成為傳說 ### Bridge 也許我不會被誰歌頌 也許我死在第一章的風波 可在倒下以前 至少讓你聽我說 我不是生來就該被斬落 若有來世請別急著安排我 站在哪邊都先問問我 我也想選一次溫柔 而不是被命運拖著走 ### Final Chorus 轉生成哥布林的我 又做錯了什麼 只是想活著 怎麼也像罪惡 就算全世界舉劍指向我 我還是有名字 有夢 有脈搏 轉生成哥布林的我 又做錯了什麼 沒有主角光環 也要把天撞破 若故事不肯給我王座 那我就從洞穴活成傳說 ### Outro 轉生成哥布林的我 又做錯了什麼 若你見到了我 請別先拔劍看我 
### Verse 1 睜開眼不是王城也沒有聖光 只有洞穴滴水聲在耳邊迴盪 前世的履歷全都派不上場 連名字都被命運念得很荒唐
鏽掉的短刀 別在破腰帶上 鏡子裡的我 綠得有點絕望 勇者的腳步聲越來越響 我還沒學會怎麼投降
### Pre-Chorus 誰說重來就能變強 誰說低等就該退讓 我只是醒在故事的反方向 就被判成反派模樣
### Chorus 轉生成哥布林的我 又做錯了什麼 只是想活著 怎麼也像罪惡 月光照不到的角落 也有人把眼淚藏進沉默
轉生成哥布林的我 又做錯了什麼 沒有主角光環 也沒有神來救我 若世界只愛勝利者 那我就帶著傷口成為傳說
### Verse 2 村口的鐘聲 敲得像審判 火把把夜晚 燒成金色的難堪 他問怪物為何還不跪下來 我問他怪物是不是不能期待
我偷來的不是寶石和皇冠 只是明天還能呼吸的盼望 若善惡都寫在別人的篇章 我偏要改掉最後一行
### Pre-Chorus 2 誰說弱小只能骯髒 誰說醜陋沒有心臟 我在泥裡學會抬頭仰望 哪怕天空不曾原諒
### Chorus 轉生成哥布林的我 又做錯了什麼 只是想活著 怎麼也像罪惡 月光照不到的角落 也有人把眼淚藏進沉默
轉生成哥布林的我 又做錯了什麼 沒有主角光環 也沒有神來救我 若世界只愛勝利者 那我就帶著傷口成為傳說
### Bridge 也許我不會被誰歌頌 也許我死在第一章的風波 可在倒下以前 至少讓你聽我說 我不是生來就該被斬落
若有來世請別急著安排我 站在哪邊都先問問我 我也想選一次溫柔 而不是被命運拖著走
### Final Chorus 轉生成哥布林的我 又做錯了什麼 只是想活著 怎麼也像罪惡 就算全世界舉劍指向我 我還是有名字 有夢 有脈搏
轉生成哥布林的我 又做錯了什麼 沒有主角光環 也要把天撞破 若故事不肯給我王座 那我就從洞穴活成傳說
### Outro 轉生成哥布林的我 又做錯了什麼 若你見到了我 請別先拔劍看我
留言（ 2 ） 最相關留言 所有留言
留言（ 2 ）",2026-08-08,,AI 生成 ACG,False,False,
