snapshot_time,chart_timeframe,chart_genre,chart_year,chart_week,rank,artist_name,song_title,likes_count,play_count,comments_count,song_url,artist_url,cover_image_url,cover_image_local_path,artist_handle,artist_identity,artist_city,artist_joined_date,artist_accredited_datetime,artist_music_count,artist_fans_count,artist_following_count,artist_facebook_url,artist_instagram_url,artist_youtube_url,related_news,big_thing_appearances,genre,album_title,album_url,collaborators,description,lyrics,release_date,song_accredited_datetime,honors,is_editor_recommended,is_song_of_the_day,critic_review_url
2026-08-19 00:52:18,realtime,folk,,,1,LÜCY,Looking at me,191,9095,10,https://streetvoice.com/lucymeow/songs/869888/,https://streetvoice.com/lucymeow/,"https://akstatic.streetvoice.com/song_covers/lu/cy/lucymeow/ZNGfN8PgCB3jdwf5xUL85h.jpeg?x-oss-process=image/resize,m_fixed,h_1,w_1,limit_0/resize,m_fixed,h_630,w_1200,limit_0/watermark,image_c29uZ19jb3ZlcnMvbHUvY3kvbHVjeW1lb3cvWk5HZk44UGdDQjNqZHdmNXhVTDg1aC5qcGVnP3gtb3NzLXByb2Nlc3M9aW1hZ2UvcmVzaXplLG1fZml4ZWQsaF8zNDQsd18zNDQsbGltaXRfMA,g_nw,x_428,y_143/watermark,image_YXNzZXQvaW1hZ2VzL21ldGFpbWFnZS1zb25nLnBuZw,g_nw,x_0,y_0",images/869888.jpeg,@lucymeow,音樂人,桃園市,2020-10-01,,21,10577,,https://www.facebook.com/Lucyfairygood,https://instagram.com/_lucyliao_,https://www.youtube.com/@LUCY-kc7zz,「PARK PARK@Tokyo」把現在的台灣音樂帶到東京！鄭宜農、陳珊妮、生祥樂隊、YELLOW黃宣、LÜCY接力登上東京舞台|||https://blow.streetvoice.com/87721/?utm_source=streetvoice&utm_medium=profile-news-block; LÜCY相隔兩年回歸台北舉辦專場《露西姑媽 2025晚安巡演》透露「專場會比專輯更私密、更純粹」|||https://blow.streetvoice.com/80100/?utm_source=streetvoice&utm_medium=profile-news-block; 【吹專訪】真的喜歡你的人會一直選擇你——LÜCY與恐懼共舞的《Dance on the Shoreline》：「這才是比較像我自己的，第一張專輯。」|||https://blow.streetvoice.com/77982/?utm_source=streetvoice&utm_medium=profile-news-block,,Singer / Songwriter,,,,"建立在令人起雞皮疙瘩的合成器聲響、深沉低頻與緩慢燃燒般的節奏之上，〈Looking at Me〉瀰漫著一種揮之不去的不安感。 這首歌取材自 LÜCY 過去生命中最黑暗的時期之一，穿梭於恐懼、記憶、自我認同，以及那種彷彿被注視著的詭異感受之間。 作詞 Lyricist｜LÜCY, Ben 作曲 Composer｜LÜCY, Eirik Hella 製作 Producer｜LÜCY, Eirik Hella 編曲 Arranger｜Eirik Hella 錄音工程師 Recording Engineer｜Eirik Hella, 邱建鈞 J-Jyun Ciou 混音工程師 Mixing Engineer｜Eirik Hella 母帶後期處理工程師 Mastering Engineer｜George Tanderø 
建立在令人起雞皮疙瘩的合成器聲響、深沉低頻與緩慢燃燒般的節奏之上，〈Looking at Me〉瀰漫著一種揮之不去的不安感。 這首歌取材自 LÜCY 過去生命中最黑暗的時期之一，穿梭於恐懼、記憶、自我認同，以及那種彷彿被注視著的詭異感受之間。
作詞 Lyricist｜LÜCY, Ben 作曲 Composer｜LÜCY, Eirik Hella 製作 Producer｜LÜCY, Eirik Hella 編曲 Arranger｜Eirik Hella 錄音工程師 Recording Engineer｜Eirik Hella, 邱建鈞 J-Jyun Ciou 混音工程師 Mixing Engineer｜Eirik Hella 母帶後期處理工程師 Mastering Engineer｜George Tanderø","First, tell me I am crazy Despite the love for you, can't keep on fighting I'm drowning in my dreams don't wake me up, wake me up I can't get up'cause they all looking at me I can't get up'cause they all looking at me This time you’re crazy, baby Someone without a name I can't keep on trying I'm drowning in my fears, in my tears Don't wake me up, wake me up I can't get help 'cause they all looking at me I can't get help 'cause they all looking at me I can't get help 'cause they all looking at me I can't get help 'cause they all looking at me 當全世界都看著我 翅膀它漸漸往上飛 我那顆心卻 掉啊 沉啊 讓懸崖接住我 是不是只要一跳躍下 我就會沒有重量 我又忘記吃飯了 恐懼包圍著我 我不想拿下耳機 我不想解釋 我不想笑得開心 我想要躲起來 為什麼不找工作 都閑閑沒事做 眼淚又開始失眠 Burning eyes in the night looking at me I can't get up 'cause they all looking at me I can't get up 'cause they all looking at me I can't get up 'cause they all looking at me Lucy, sing! 唱歌給我們聽 c’mon, just one song 你可以答應我27歲前先不要結婚嗎？ Lucy you will be rich you can have every bag you want trust me just don’t get pregnant haha… One single leap then I’ll be free oh nothing remains but me I cry and i pray but no one hears I’m weeping in my dream I can't get help 'cause they all looking at me I can't get help 'cause they all looking at me I can't get help 'cause they all looking at me I can’t get help so why you’re looking at me? 
First, tell me I am crazy Despite the love for you, can't keep on fighting I'm drowning in my dreams don't wake me up, wake me up I can't get up'cause they all looking at me I can't get up'cause they all looking at me
This time you’re crazy, baby Someone without a name I can't keep on trying I'm drowning in my fears, in my tears Don't wake me up, wake me up I can't get help 'cause they all looking at me I can't get help 'cause they all looking at me I can't get help 'cause they all looking at me I can't get help 'cause they all looking at me
當全世界都看著我 翅膀它漸漸往上飛 我那顆心卻 掉啊 沉啊 讓懸崖接住我
是不是只要一跳躍下 我就會沒有重量 我又忘記吃飯了 恐懼包圍著我
我不想拿下耳機 我不想解釋 我不想笑得開心 我想要躲起來
為什麼不找工作 都閑閑沒事做 眼淚又開始失眠 Burning eyes in the night looking at me I can't get up 'cause they all looking at me I can't get up 'cause they all looking at me I can't get up 'cause they all looking at me
Lucy, sing! 唱歌給我們聽 c’mon, just one song 你可以答應我27歲前先不要結婚嗎？ Lucy you will be rich you can have every bag you want trust me just don’t get pregnant haha…
One single leap then I’ll be free oh nothing remains but me I cry and i pray but no one hears I’m weeping in my dream
I can't get help 'cause they all looking at me I can't get help 'cause they all looking at me I can't get help 'cause they all looking at me I can’t get help so why you’re looking at me?
留言（ 10 ） 最相關留言 所有留言
留言（ 10 ）",2026-07-24,,Song of the Day; 週排行冠軍; 達人推薦; 編輯推薦,True,True,https://streetvoice.com/lucymeow/songs/869888/critic_reviews/
2026-08-19 00:52:18,realtime,folk,,,2,Yo Chen,我的人生,4,234,0,https://streetvoice.com/s8817012011/songs/873300/,https://streetvoice.com/s8817012011/,"https://akstatic.streetvoice.com/song_covers/s8/81/s8817012011/Vx6zQKG9Jautet7mAaYKUY.jpeg?x-oss-process=image/resize,m_fixed,h_1,w_1,limit_0/resize,m_fixed,h_630,w_1200,limit_0/watermark,image_c29uZ19jb3ZlcnMvczgvODEvczg4MTcwMTIwMTEvVng2elFLRzlKYXV0ZXQ3bUFhWUtVWS5qcGVnP3gtb3NzLXByb2Nlc3M9aW1hZ2UvcmVzaXplLG1fZml4ZWQsaF8zNDQsd18zNDQsbGltaXRfMA,g_nw,x_428,y_143/watermark,image_YXNzZXQvaW1hZ2VzL21ldGFpbWFnZS1zb25nLnBuZw,g_nw,x_0,y_0",images/873300.jpeg,@s8817012011,音樂人,台北市,2011-12-01,2021-09-27 15:35,31,324,7,https://www.facebook.com/theMetalspeaker,https://www.instagram.com/_yochen/,https://www.youtube.com/@yochen3590,香港樂團 Another Kitchen 首張專輯《Do What You Love》發表音樂會|||https://blow.streetvoice.com/8395/?utm_source=streetvoice&utm_medium=profile-news-block; 2026浪人祭公布新一波陣容：國蛋重返家鄉開唱、日本樂團OGRE YOU ASSHOLE首登安平|||https://blow.streetvoice.com/89363/?utm_source=streetvoice&utm_medium=profile-news-block; 「PARK PARK@Tokyo」把現在的台灣音樂帶到東京！鄭宜農、陳珊妮、生祥樂隊、YELLOW黃宣、LÜCY接力登上東京舞台|||https://blow.streetvoice.com/87721/?utm_source=streetvoice&utm_medium=profile-news-block,,Folk,我的人生 Master of None,https://streetvoice.com/s8817012011/songs/album/97325613/,,"帶著明亮的班鳩琴與輕快節奏， 唱出最苦澀的問題。 「為什麼我的人生，會變得按呢生？」 那不是在埋怨，而是帶著笑容的無奈。 羨慕別人，是最傻的事情；可是看著別人的歌被聽見、被人看見，心裡還是會忍不住問： 為什麼不是我？ 在吵鬧、混亂的夜晚，有多少人真正理解過，藏在心底那一點微弱的希望。 
帶著明亮的班鳩琴與輕快節奏， 唱出最苦澀的問題。
「為什麼我的人生，會變得按呢生？」
那不是在埋怨，而是帶著笑容的無奈。
羨慕別人，是最傻的事情；可是看著別人的歌被聽見、被人看見，心裡還是會忍不住問：
為什麼不是我？
在吵鬧、混亂的夜晚，有多少人真正理解過，藏在心底那一點微弱的希望。","我唔災我金罵治叨位 愈做什麼 愈衝什麼 攏無意義 欣羨別人是尚傻的代治 但我沒勇氣 準備好面對  就乎伊去 又戈是吵吵鬧鬧混亂的暗暝 有啥人肯了解我心內的希微 為什麼我的人生 會變得安內生 為什麼我的青春 攏已經不再回 阿～～～ 無法解釋 為什麼他的歌 欸凍吼人看見 為什麼我的日子 變嘎家無趣味 阿～～～ 想欲放棄 我唔災我金罵治叨位 愈做什麼 愈衝什麼 攏無意義 欣羨別人是尚傻的代治 但我沒勇氣 準備好面對  就乎伊去 又戈是吵吵鬧鬧混亂的暗暝 有啥人肯了解我心內的希微 為什麼我的人生 會變得安內生 為什麼我的青春 攏已經不再回 阿～～～ 無法解釋 為什麼他的歌 欸凍吼人看見 為什麼我的日子 變嘎家無趣味 阿～～～ 想欲放棄 又戈是吵吵鬧鬧混亂的暗暝 有啥人肯了解我心內的希微 
我唔災我金罵治叨位 愈做什麼 愈衝什麼 攏無意義 欣羨別人是尚傻的代治 但我沒勇氣 準備好面對  就乎伊去
又戈是吵吵鬧鬧混亂的暗暝 有啥人肯了解我心內的希微
為什麼我的人生 會變得安內生 為什麼我的青春 攏已經不再回 阿～～～ 無法解釋
為什麼他的歌 欸凍吼人看見 為什麼我的日子 變嘎家無趣味 阿～～～ 想欲放棄
我唔災我金罵治叨位 愈做什麼 愈衝什麼 攏無意義 欣羨別人是尚傻的代治 但我沒勇氣 準備好面對  就乎伊去
又戈是吵吵鬧鬧混亂的暗暝 有啥人肯了解我心內的希微
為什麼我的人生 會變得安內生 為什麼我的青春 攏已經不再回 阿～～～ 無法解釋
為什麼他的歌 欸凍吼人看見 為什麼我的日子 變嘎家無趣味 阿～～～ 想欲放棄
又戈是吵吵鬧鬧混亂的暗暝 有啥人肯了解我心內的希微
留言（ 0 ） 最相關留言 所有留言
留言（ 0 ）",2026-08-06,,Song of the Day; 編輯推薦,True,True,
2026-08-19 00:52:18,realtime,folk,,,3,loststar926,純粹,12,542,3,https://streetvoice.com/loststar926/songs/875170/,https://streetvoice.com/loststar926/,"https://akstatic.streetvoice.com/song_covers/lo/st/loststar926/nBeYPncAfcCgpBryCjHSSd.jpg?x-oss-process=image/resize,m_fixed,h_1,w_1,limit_0/resize,m_fixed,h_630,w_1200,limit_0/watermark,image_c29uZ19jb3ZlcnMvbG8vc3QvbG9zdHN0YXI5MjYvbkJlWVBuY0FmY0NncEJyeUNqSFNTZC5qcGc_eC1vc3MtcHJvY2Vzcz1pbWFnZS9yZXNpemUsbV9maXhlZCxoXzM0NCx3XzM0NCxsaW1pdF8w,g_nw,x_428,y_143/watermark,image_YXNzZXQvaW1hZ2VzL21ldGFpbWFnZS1zb25nLnBuZw,g_nw,x_0,y_0",images/875170.jpg,@loststar926,音樂人,宜蘭縣,2022-11-01,2023-12-12 17:35,120,222,62,https://www.facebook.com/Funcal.tw,https://instagram.com/funcal.tw,https://youtube.com/@funcalmusic,,,Singer / Songwriter,,,,"純粹 
純粹","純粹 詞曲/LostStar 純粹喜歡彈琴 純粹喜歡你 純粹喜歡歌唱 唱給你聽 抱著你 靜靜睡去 純粹想陪著你 純粹傾聽你 純粹回應著你 望著你的眼睛 那樣美麗 難以抗拒 純粹想念著你 純粹迷戀你 純粹想愛著你 愛上你 不需要任何說明 純粹想要見你 純粹牽著你 純粹不想錯過 每一個你 讓我好好陪著你 
純粹 詞曲/LostStar
純粹喜歡彈琴 純粹喜歡你 純粹喜歡歌唱 唱給你聽 抱著你 靜靜睡去
純粹想陪著你 純粹傾聽你 純粹回應著你 望著你的眼睛 那樣美麗 難以抗拒
純粹想念著你 純粹迷戀你 純粹想愛著你 愛上你 不需要任何說明
純粹想要見你 純粹牽著你 純粹不想錯過 每一個你 讓我好好陪著你
留言（ 3 ） 最相關留言 所有留言
留言（ 3 ）",2026-08-17,,,False,False,
2026-08-19 00:52:18,realtime,folk,,,4,書帆 ShuShu,完美表演,7,369,4,https://streetvoice.com/b8095/songs/875038/,https://streetvoice.com/b8095/,"https://akstatic.streetvoice.com/song_covers/b8/09/b8095/NvMWYj6sVrLSmZC62fB8mm.jpeg?x-oss-process=image/resize,m_fixed,h_1,w_1,limit_0/resize,m_fixed,h_630,w_1200,limit_0/watermark,image_c29uZ19jb3ZlcnMvYjgvMDkvYjgwOTUvTnZNV1lqNnNWckxTbVpDNjJmQjhtbS5qcGVnP3gtb3NzLXByb2Nlc3M9aW1hZ2UvcmVzaXplLG1fZml4ZWQsaF8zNDQsd18zNDQsbGltaXRfMA,g_nw,x_428,y_143/watermark,image_YXNzZXQvaW1hZ2VzL21ldGFpbWFnZS1zb25nLnBuZw,g_nw,x_0,y_0",images/875038.jpeg,@b8095,音樂人,台中市,2014-10-01,2021-06-01 13:03,33,539,43,https://m.facebook.com/shufanfanfan/,https://www.instagram.com/maniac.n/,https://www.youtube.com/user/StreetVoiceTV,,,Singer / Songwriter,Singles // 已發行單曲,https://streetvoice.com/b8095/songs/album/97315256/,,"書帆 ShuShu 2026 全新發行 ⠀⠀⠀⠀⠀⠀⠀⠀⠀⠀⠀⠀ ⠀⠀⠀⠀⠀⠀⠀⠀⠀⠀⠀⠀ ///// 生存哲學三部曲 ____________________ 首部曲〈完美表演〉 ⠀⠀⠀⠀⠀⠀⠀⠀⠀⠀⠀⠀ ⠀⠀⠀⠀⠀⠀⠀⠀⠀⠀⠀⠀ 身處複雜世界， 我們不一定會把最真實的感受與想法全部表露， 情緒甚至可能是創造出來的。 ⠀⠀⠀⠀⠀⠀⠀⠀⠀⠀⠀⠀ 那我們每天是不是都在進行一場完美的表演？ ⠀⠀⠀⠀⠀⠀⠀⠀⠀⠀⠀⠀ / ⠀⠀⠀⠀⠀⠀⠀⠀⠀⠀⠀⠀ Facebook｜書帆 ShuShu https://m.facebook.com/shufanfanfan/ ⠀⠀⠀⠀⠀⠀⠀⠀⠀⠀⠀⠀ Instagram｜maniac.n https://www.instagram.com/maniac.n/ ⠀⠀⠀⠀⠀⠀⠀⠀⠀⠀⠀⠀ Youtube｜書帆 ShuShu https://reurl.cc/8noMYg ⠀⠀⠀⠀⠀⠀⠀⠀⠀⠀⠀⠀ /⠀⠀⠀⠀⠀ ⠀⠀⠀⠀⠀⠀⠀⠀⠀⠀⠀⠀ ⭓ 音樂製作 𝑴𝒖𝒔𝒊𝒄 𝑪𝒓𝒆𝒅𝒊𝒕 作詞 Lyricist｜書帆 ShuShu 作曲 Composer｜書帆 ShuShu 製作 Producer｜林易祺 LNiCH ＠給樂音樂 編曲 Arrangement｜李思嘉 Alice Lee ＠給樂音樂 和聲編寫 Backing Vocals Arrangement｜書帆 ShuShu 吉他 Guitar｜張子軒 Tim Chang @知間文化 貝斯 Bass｜柯遵毓 Jack Ko 鼓 Drums｜潘維瀚 Pan Wei Han 鍵盤/合成器 Keys/Synth｜李思嘉 Alice Lee ＠給樂音樂 和聲 Backing Vocals｜書帆 ShuShu 配唱製作 Vocal Producer｜黃宇寒 Huang Yu Han 人聲錄音師 Vocal Recording Engineer｜張子軒 Tim Chang ＠知間文化 人聲錄音室 Vocal Recording Studio｜給樂錄音室 Gather Music Studio 鼓組錄音師 Drum Recording Engineer｜張閔翔 Min-Hsiang Chang 鼓組錄音室 Drum Recording Studio｜給樂團彩錄音室 JFB Studio 鼓技師 Drum Technician｜莊開旭 Cash Chuang 混音師 Mixing Engineer｜郭冠鑫 Attis @給樂音樂 聲音編輯 Editing Engineer｜張子軒 Tim Chang ＠知間文化 製作助理 Producer Assistant｜張子軒 Tim Chang ＠知間文化 ⠀⠀⠀⠀⠀⠀⠀⠀⠀⠀⠀⠀ ⠀⠀⠀⠀⠀⠀⠀⠀⠀⠀⠀⠀ ⭓ 單曲封面製作 𝑪𝒐𝒗𝒆𝒓 𝑫𝒆𝒔𝒊𝒈𝒏 ⠀⠀⠀⠀⠀⠀⠀⠀⠀⠀⠀⠀ 平面攝影 Photographer｜鄭宇傑 Rinne Cheng 平面設計 Graphic Designer｜周虹妮 Mombrother 
書帆 ShuShu 2026 全新發行 ⠀⠀⠀⠀⠀⠀⠀⠀⠀⠀⠀⠀ ⠀⠀⠀⠀⠀⠀⠀⠀⠀⠀⠀⠀ ///// 生存哲學三部曲 ____________________ 首部曲〈完美表演〉 ⠀⠀⠀⠀⠀⠀⠀⠀⠀⠀⠀⠀ ⠀⠀⠀⠀⠀⠀⠀⠀⠀⠀⠀⠀ 身處複雜世界， 我們不一定會把最真實的感受與想法全部表露， 情緒甚至可能是創造出來的。 ⠀⠀⠀⠀⠀⠀⠀⠀⠀⠀⠀⠀ 那我們每天是不是都在進行一場完美的表演？ ⠀⠀⠀⠀⠀⠀⠀⠀⠀⠀⠀⠀ / ⠀⠀⠀⠀⠀⠀⠀⠀⠀⠀⠀⠀ Facebook｜書帆 ShuShu https://m.facebook.com/shufanfanfan/ ⠀⠀⠀⠀⠀⠀⠀⠀⠀⠀⠀⠀ Instagram｜maniac.n https://www.instagram.com/maniac.n/ ⠀⠀⠀⠀⠀⠀⠀⠀⠀⠀⠀⠀ Youtube｜書帆 ShuShu https://reurl.cc/8noMYg ⠀⠀⠀⠀⠀⠀⠀⠀⠀⠀⠀⠀ /⠀⠀⠀⠀⠀ ⠀⠀⠀⠀⠀⠀⠀⠀⠀⠀⠀⠀ ⭓ 音樂製作 𝑴𝒖𝒔𝒊𝒄 𝑪𝒓𝒆𝒅𝒊𝒕
https://m.facebook.com/shufanfanfan/
https://www.instagram.com/maniac.n/
https://reurl.cc/8noMYg
作詞 Lyricist｜書帆 ShuShu 作曲 Composer｜書帆 ShuShu
製作 Producer｜林易祺 LNiCH ＠給樂音樂 編曲 Arrangement｜李思嘉 Alice Lee ＠給樂音樂 和聲編寫 Backing Vocals Arrangement｜書帆 ShuShu
吉他 Guitar｜張子軒 Tim Chang @知間文化 貝斯 Bass｜柯遵毓 Jack Ko 鼓 Drums｜潘維瀚 Pan Wei Han 鍵盤/合成器 Keys/Synth｜李思嘉 Alice Lee ＠給樂音樂 和聲 Backing Vocals｜書帆 ShuShu
配唱製作 Vocal Producer｜黃宇寒 Huang Yu Han 人聲錄音師 Vocal Recording Engineer｜張子軒 Tim Chang ＠知間文化 人聲錄音室 Vocal Recording Studio｜給樂錄音室 Gather Music Studio 鼓組錄音師 Drum Recording Engineer｜張閔翔 Min-Hsiang Chang 鼓組錄音室 Drum Recording Studio｜給樂團彩錄音室 JFB Studio 鼓技師 Drum Technician｜莊開旭 Cash Chuang 混音師 Mixing Engineer｜郭冠鑫 Attis @給樂音樂 聲音編輯 Editing Engineer｜張子軒 Tim Chang ＠知間文化 製作助理 Producer Assistant｜張子軒 Tim Chang ＠知間文化 ⠀⠀⠀⠀⠀⠀⠀⠀⠀⠀⠀⠀ ⠀⠀⠀⠀⠀⠀⠀⠀⠀⠀⠀⠀ ⭓ 單曲封面製作 𝑪𝒐𝒗𝒆𝒓 𝑫𝒆𝒔𝒊𝒈𝒏 ⠀⠀⠀⠀⠀⠀⠀⠀⠀⠀⠀⠀ 平面攝影 Photographer｜鄭宇傑 Rinne Cheng 平面設計 Graphic Designer｜周虹妮 Mombrother","我們都在日常中 反覆琢磨改變 連情感都能偽裝 一切都是表演 慢慢體會 再慢慢學會 恭維 放棄準確 活在平行世界 怎麼才算特別 我們都被 這個時空 逐漸改變 該如何去應變 拒絕面對 最後淪為 過眼雲煙 怎麼才能分辨 關於情感 矛盾迂迴 虛實真偽 我們都在遮掩 字裡行間 真實情緒 不被看見 還有什麼值得我 反覆歌頌紀念 連情感都能偽裝 可貴還是可憐 慢慢體會 再慢慢學會 恭維 放棄準確 活在平行世界 怎麼才算特別 我們都被 這個時空 逐漸改變 該如何去應變 拒絕面對 最後淪為 過眼雲煙 怎麼才能分辨 關於情感 矛盾迂迴 虛實真偽 我們都在遮掩 字裡行間 真實情緒 不被看見 怎麼才算特別 我們都被 這個時空 逐漸改變 該如何去應變 拒絕面對 最後淪為 過眼雲煙 怎麼才能分辨 關於情感 矛盾迂迴 虛實真偽 我們都在遮掩 字裡行間 真實情緒 不被看見 
我們都在日常中 反覆琢磨改變 連情感都能偽裝 一切都是表演
慢慢體會 再慢慢學會 恭維 放棄準確 活在平行世界
怎麼才算特別 我們都被 這個時空 逐漸改變 該如何去應變 拒絕面對 最後淪為 過眼雲煙 怎麼才能分辨 關於情感 矛盾迂迴 虛實真偽 我們都在遮掩 字裡行間 真實情緒 不被看見
還有什麼值得我 反覆歌頌紀念 連情感都能偽裝 可貴還是可憐
慢慢體會 再慢慢學會 恭維 放棄準確 活在平行世界
怎麼才算特別 我們都被 這個時空 逐漸改變 該如何去應變 拒絕面對 最後淪為 過眼雲煙 怎麼才能分辨 關於情感 矛盾迂迴 虛實真偽 我們都在遮掩 字裡行間 真實情緒 不被看見
怎麼才算特別 我們都被 這個時空 逐漸改變 該如何去應變 拒絕面對 最後淪為 過眼雲煙 怎麼才能分辨 關於情感 矛盾迂迴 虛實真偽 我們都在遮掩 字裡行間 真實情緒 不被看見
留言（ 4 ） 最相關留言 所有留言
留言（ 4 ）",2026-08-18,,編輯推薦,True,False,
2026-08-19 00:52:18,realtime,folk,,,5,Control T,被你依賴著,93,3561,8,https://streetvoice.com/ControlT/songs/873412/,https://streetvoice.com/ControlT/,"https://akstatic.streetvoice.com/song_covers/Co/nt/ControlT/gnTkSx3QuhYGEhbhKB2UBn.jpeg?x-oss-process=image/resize,m_fixed,h_1,w_1,limit_0/resize,m_fixed,h_630,w_1200,limit_0/watermark,image_c29uZ19jb3ZlcnMvQ28vbnQvQ29udHJvbFQvZ25Ua1N4M1F1aFlHRWhiaEtCMlVCbi5qcGVnP3gtb3NzLXByb2Nlc3M9aW1hZ2UvcmVzaXplLG1fZml4ZWQsaF8zNDQsd18zNDQsbGltaXRfMA,g_nw,x_428,y_143/watermark,image_YXNzZXQvaW1hZ2VzL21ldGFpbWFnZS1zb25nLnBuZw,g_nw,x_0,y_0",images/873412.jpeg,@ControlT,音樂人,,,2021-09-27 15:35,16,8039,12,https://www.facebook.com/controltband/,https://instagram.com/controltband,https://youtube.com/c/ControlTband,Control T成團十週年推出首張專輯《Waste Land》 實體邀葛萊美獎設計師于薇操刀|||https://blow.streetvoice.com/84668/?utm_source=streetvoice&utm_medium=profile-news-block; Control T懷抱刺痛心情寫下〈再見之前〉 重逢的矛盾感令人深感共鳴|||https://blow.streetvoice.com/56520/?utm_source=streetvoice&utm_medium=profile-news-block; 【StreetVoice新歌週報】Control T將悲傷化作夕陽美景 陳修澤沈澱之作上線|||https://blow.streetvoice.com/55665/?utm_source=streetvoice&utm_medium=profile-news-block,,Singer / Songwriter,,,,"歡迎拿去告白。 - 製作人 Producer | Control T 作詞人 Lyricist |   黃正嘉 Zheng Jia Huang 作曲人 Composer | 黃正嘉 Zheng Jia Huang 編曲 Music Arranger | 陳信伯 Hsinpo Chen /Control T 合聲編寫 Backing Vocal Arranger | 李妮蓁 Nichen Lee/黃正嘉 Zheng Jia Huang 主唱 Lead Vocalist | 李妮蓁 Nichen Lee/黃正嘉 Zheng Jia Huang 電吉他 Electric Guitar |呂理鈞 jimjim 木吉他 Acoustic Guitar | 黃正嘉 Zheng Jia Huang Bass | 陳俊榕 CJ/陳信伯 Hsinpo Chen 錄音師 Recording Engineer | 黃渝傑 UJay Huang 混音師 Mixing Engineer |   陳信伯 Hsinpo Chen 母帶後期工程師 Mastering Engineer |  陳信伯 Hsinpo Chen 錄音室 Recording Studio | One Stroke Studio Ⓟ & © 2025 Control T 出品 ｜ Control T OP｜吾聲有限公司 Signature Sound TW CO., LTD. SP｜Warner Chappell Music, Hong Kong Limited Taiwan Branch 
歡迎拿去告白。
-
製作人 Producer | Control T 作詞人 Lyricist |   黃正嘉 Zheng Jia Huang 作曲人 Composer | 黃正嘉 Zheng Jia Huang 編曲 Music Arranger | 陳信伯 Hsinpo Chen /Control T 合聲編寫 Backing Vocal Arranger | 李妮蓁 Nichen Lee/黃正嘉 Zheng Jia Huang 主唱 Lead Vocalist | 李妮蓁 Nichen Lee/黃正嘉 Zheng Jia Huang 電吉他 Electric Guitar |呂理鈞 jimjim 木吉他 Acoustic Guitar | 黃正嘉 Zheng Jia Huang Bass | 陳俊榕 CJ/陳信伯 Hsinpo Chen 錄音師 Recording Engineer | 黃渝傑 UJay Huang 混音師 Mixing Engineer |   陳信伯 Hsinpo Chen 母帶後期工程師 Mastering Engineer |  陳信伯 Hsinpo Chen 錄音室 Recording Studio | One Stroke Studio
Ⓟ & © 2025 Control T 出品 ｜ Control T OP｜吾聲有限公司 Signature Sound TW CO., LTD. SP｜Warner Chappell Music, Hong Kong Limited Taiwan Branch","一道流星劃破寂靜的夜空 在無形之中觸動了線索 與我的複雜不安交錯成畫 逐漸明朗 只想輕描淡寫渡過的分秒 但又在時時刻刻不停提醒我 此時你的笑容來的正是時侯 逐漸美好 多好 嘗試了幾百種顏色 想重現那獨特 特別是你眼裡光澤 和難以言喻的時刻 多麼渴望我是同樣的人 足以匹配的靈魂 哪怕只是因為 也想被你依賴著 想被你依賴著 只想輕描淡寫渡過的分秒 但又在時時刻刻不停提醒我 此時你的笑容來的正是時侯 逐漸美好 多好 嘗試了幾百種顏色 想重現那獨特 特別是你眼裡光澤 和難以言喻的時刻 多麼渴望我是同樣的人 足以匹配的靈魂 哪怕只是因為 嘗試了幾百種顏色 想重現那獨特 特別是你眼裡光澤 和難以言喻的時刻 多麼渴望我是同樣的人 足以匹配的靈魂 哪怕只是因為 想被你依賴著 想被你依賴著 
一道流星劃破寂靜的夜空 在無形之中觸動了線索 與我的複雜不安交錯成畫 逐漸明朗
只想輕描淡寫渡過的分秒 但又在時時刻刻不停提醒我 此時你的笑容來的正是時侯 逐漸美好 多好
嘗試了幾百種顏色 想重現那獨特 特別是你眼裡光澤 和難以言喻的時刻
多麼渴望我是同樣的人 足以匹配的靈魂 哪怕只是因為 也想被你依賴著 想被你依賴著
只想輕描淡寫渡過的分秒 但又在時時刻刻不停提醒我 此時你的笑容來的正是時侯 逐漸美好 多好
嘗試了幾百種顏色 想重現那獨特 特別是你眼裡光澤 和難以言喻的時刻
多麼渴望我是同樣的人 足以匹配的靈魂 哪怕只是因為
嘗試了幾百種顏色 想重現那獨特 特別是你眼裡光澤 和難以言喻的時刻
多麼渴望我是同樣的人 足以匹配的靈魂 哪怕只是因為 想被你依賴著 想被你依賴著
留言（ 8 ） 最相關留言 所有留言
留言（ 8 ）",2026-08-07,,編輯推薦,True,False,
2026-08-19 00:52:18,realtime,folk,,,6,日生人又 Shinio,荒草、蟬鳴、浮生、游離。 demo,8,742,0,https://streetvoice.com/shinio/songs/874065/,https://streetvoice.com/shinio/,"https://akstatic.streetvoice.com/song_covers/sh/in/shinio/jyHbtt77kdpHgAXyn4VuSX.jpeg?x-oss-process=image/resize,m_fixed,h_1,w_1,limit_0/resize,m_fixed,h_630,w_1200,limit_0/watermark,image_c29uZ19jb3ZlcnMvc2gvaW4vc2hpbmlvL2p5SGJ0dDc3a2RwSGdBWHluNFZ1U1guanBlZz94LW9zcy1wcm9jZXNzPWltYWdlL3Jlc2l6ZSxtX2ZpeGVkLGhfMzQ0LHdfMzQ0LGxpbWl0XzA,g_nw,x_428,y_143/watermark,image_YXNzZXQvaW1hZ2VzL21ldGFpbWFnZS1zb25nLnBuZw,g_nw,x_0,y_0",images/874065.jpeg,@shinio,音樂人,台灣,2020-04-01,,2,4,7,,,https://www.youtube.com/user/StreetVoiceTV,,,Folk,,,,"手握著方向盤 在城市的邊界徘徊 大概是這個月的生活總結 因為工作的關係 最近常在都市與田野間往返 通勤路上，車窗外是烈日、蟬鳴 有時候，覺得自己像個昆蟲學家 看萬物在盛夏裡流轉。 上週難得提早下班回家 把記事本裡的雜記翻開哼哼唱唱 慢慢誕生了這首歌 歌詞裡的「涉世未深，但也不曾遠離。」 大概最能形容現在的狀態 詞曲/編曲/封面：Shinio 
手握著方向盤 在城市的邊界徘徊 大概是這個月的生活總結
因為工作的關係 最近常在都市與田野間往返 通勤路上，車窗外是烈日、蟬鳴 有時候，覺得自己像個昆蟲學家 看萬物在盛夏裡流轉。
上週難得提早下班回家 把記事本裡的雜記翻開哼哼唱唱 慢慢誕生了這首歌
歌詞裡的「涉世未深，但也不曾遠離。」 大概最能形容現在的狀態
詞曲/編曲/封面：Shinio","他是昆蟲學家 感嘆夏天的到來 握著方向盤 在城市的邊界徘徊 鳴蟬在葉間剝落 萬物在烈日下曝曬 山上的牧童 在生活裡百無聊賴 無來 亦無去 風止 幡意息 野草在廢墟裡 在最深處 見過你 黑夜在眼眶裡沉積 在最深處聽見轟鳴 涉世未深 但也不曾遠離 -------- 童心未泯 依然天真 依然赤誠 涉世未深 不深涉 不願深涉 離世未遠 不遠離 不願遠離 浮生未定 不逃避 (再來一遍) -------- 無來 亦無去 風止 幡意息 野草在廢墟裡 在最深處 見過你 黑夜在眼眶裡沉積 最深處聽見轟鳴 涉世未深 但也不曾遠離 
他是昆蟲學家 感嘆夏天的到來 握著方向盤 在城市的邊界徘徊
鳴蟬在葉間剝落 萬物在烈日下曝曬 山上的牧童 在生活裡百無聊賴
無來 亦無去 風止 幡意息 野草在廢墟裡 在最深處 見過你
黑夜在眼眶裡沉積 在最深處聽見轟鳴
涉世未深 但也不曾遠離 -------- 童心未泯 依然天真 依然赤誠
涉世未深 不深涉 不願深涉
離世未遠 不遠離 不願遠離
浮生未定 不逃避
(再來一遍) -------- 無來 亦無去 風止 幡意息 野草在廢墟裡 在最深處 見過你
黑夜在眼眶裡沉積 最深處聽見轟鳴
涉世未深 但也不曾遠離
留言（ 0 ） 最相關留言 所有留言
留言（ 0 ）",2026-08-11,,編輯推薦,True,False,
2026-08-19 00:52:18,realtime,folk,,,7,cmc168,送你一朵玫瑰  |  往事不堪再回味  |,8,66,6,https://streetvoice.com/cmc168/songs/875240/,https://streetvoice.com/cmc168/,"https://akstatic.streetvoice.com/song_covers/cm/c1/cmc168/iRizY5W69jHwQZtz52FbzF.jpeg?x-oss-process=image/resize,m_fixed,h_1,w_1,limit_0/resize,m_fixed,h_630,w_1200,limit_0/watermark,image_c29uZ19jb3ZlcnMvY20vYzEvY21jMTY4L2lSaXpZNVc2OWpId1FadHo1MkZiekYuanBlZz94LW9zcy1wcm9jZXNzPWltYWdlL3Jlc2l6ZSxtX2ZpeGVkLGhfMzQ0LHdfMzQ0LGxpbWl0XzA,g_nw,x_428,y_143/watermark,image_YXNzZXQvaW1hZ2VzL21ldGFpbWFnZS1zb25nLnBuZw,g_nw,x_0,y_0",images/875240.jpeg,@cmc168,音樂人,新北市,2026-04-01,,105,41,82,,,https://www.youtube.com/user/StreetVoiceTV,,,Singer / Songwriter,,,,"本人在17歲時(1972)寫的詞，後來在陶曉清的廣播節目發表(1980)，朋友幫忙寫的曲。錄下還記得的曲調，交給AI協助完成。歌詞和歌曲都是人類製作的。 
本人在17歲時(1972)寫的詞，後來在陶曉清的廣播節目發表(1980)，朋友幫忙寫的曲。錄下還記得的曲調，交給AI協助完成。歌詞和歌曲都是人類製作的。","[Verse 1] 昨天我送你一朵玫瑰 今天花兒已枯萎 花香依舊常相隨 美麗的人兒不歸 [Verse 2] 昨天你送我一朵玫瑰 今天人兒已不回 愛花的人兒獨徘回 擁抱著花兒陶醉 [Chorus] 人兒啊 幾時歸 何時回 往事不堪再回味 盼望著你歸 盼望著你回 再送我一朵玫瑰 [間奏] [Verse 3] 昨天我送你一朵玫瑰 今天花兒已枯萎 花香依舊常相隨 美麗的人兒不歸 [Verse 4] 昨天你送我一朵玫瑰 今天人兒已不回 愛花的人兒獨徘回 擁抱著花兒陶醉 [Chorus] 人兒啊 幾時歸 何時回 往事不堪再回味 盼望著你歸 盼望著你回 再送我一朵玫瑰 [Outro] 再送我一朵玫瑰 
[Verse 1] 昨天我送你一朵玫瑰 今天花兒已枯萎 花香依舊常相隨 美麗的人兒不歸
[Verse 2] 昨天你送我一朵玫瑰 今天人兒已不回 愛花的人兒獨徘回 擁抱著花兒陶醉
[Chorus] 人兒啊 幾時歸 何時回 往事不堪再回味 盼望著你歸 盼望著你回 再送我一朵玫瑰
[間奏]
[Verse 3] 昨天我送你一朵玫瑰 今天花兒已枯萎 花香依舊常相隨 美麗的人兒不歸
[Verse 4] 昨天你送我一朵玫瑰 今天人兒已不回 愛花的人兒獨徘回 擁抱著花兒陶醉
[Chorus] 人兒啊 幾時歸 何時回 往事不堪再回味 盼望著你歸 盼望著你回 再送我一朵玫瑰
[Outro] 再送我一朵玫瑰
留言（ 6 ） 最相關留言 所有留言
留言（ 6 ）",2026-08-18,,AI 協作 Singer / Songwriter,False,False,
2026-08-19 00:52:18,realtime,folk,,,8,蔡題謙 Tee Train,在你離開之前擁抱我,29,2592,2,https://streetvoice.com/teetrain0112/songs/871581/,https://streetvoice.com/teetrain0112/,"https://akstatic.streetvoice.com/song_covers/te/et/teetrain0112/2xd8gwbzVEKFpEHPZ2ZGEC.jpeg?x-oss-process=image/resize,m_fixed,h_1,w_1,limit_0/resize,m_fixed,h_630,w_1200,limit_0/watermark,image_c29uZ19jb3ZlcnMvdGUvZXQvdGVldHJhaW4wMTEyLzJ4ZDhnd2J6VkVLRnBFSFBaMlpHRUMuanBlZz94LW9zcy1wcm9jZXNzPWltYWdlL3Jlc2l6ZSxtX2ZpeGVkLGhfMzQ0LHdfMzQ0LGxpbWl0XzA,g_nw,x_428,y_143/watermark,image_YXNzZXQvaW1hZ2VzL21ldGFpbWFnZS1zb25nLnBuZw,g_nw,x_0,y_0",images/871581.jpeg,@teetrain0112,音樂人,,,2024-01-11 17:13,10,3502,3,,,https://www.youtube.com/user/StreetVoiceTV,第二屆「街聲年度音樂趨勢大獎」擴大規模舉辦！邀張震嶽、熊仔、國國、鄭宜農擔任頒獎嘉賓|||https://blow.streetvoice.com/78673/?utm_source=streetvoice&utm_medium=profile-news-block; 金曲、金音前哨站，第二屆「𝙎𝙩𝙧𝙚𝙚𝙩𝙑𝙤𝙞𝙘𝙚 𝘼𝙬𝙖𝙧𝙙𝙨 街聲年度音樂趨勢大獎」公布全名單|||https://blow.streetvoice.com/78557/?utm_source=streetvoice&utm_medium=profile-news-block; 2024「秋OUT音樂節」9/28、9/29登場！九大舞台陣容、票價、場域全公開|||https://blow.streetvoice.com/76336/?utm_source=streetvoice&utm_medium=profile-news-block,,Singer / Songwriter,陪你等待黎明,https://streetvoice.com/teetrain0112/songs/album/97325877/,,"製作人 Producer/詹詠安 CHAN YUNG AN 作詞 Lyrics/蔡題謙 Tee Train 作曲 Composer/蔡題謙 Tee Train 編曲 Arranger/詹詠安 CHAN YUNG AN、蔡題謙 Tee Train 木吉他 Acoustic Guitar/蔡題謙 Tee Train 配唱製作人 Vocal Producer/蔡題謙 Tee Train 合聲編寫錄製 Background Vocal Arranger and Recording/詹詠安 CHAN YUNG AN、蔡題謙 Tee Train 錄音室 Recording Studio/TeeTrain’s Room 錄音師 Recording Engineer/詹詠安 CHAN YUNG AN、蔡題謙 Tee Train 混音師 Mixing Engineer/詹詠安 CHAN YUNG AN 母帶工程師 Mastering Engineer/史帝伏 Steve.Inn 平面攝影 Graphic photographer/林欣玫 May Lin 視覺設計Album Packaging/林欣玫 May Lin、蔡題謙 Tee Train 
製作人 Producer/詹詠安 CHAN YUNG AN 作詞 Lyrics/蔡題謙 Tee Train 作曲 Composer/蔡題謙 Tee Train 編曲 Arranger/詹詠安 CHAN YUNG AN、蔡題謙 Tee Train 木吉他 Acoustic Guitar/蔡題謙 Tee Train 配唱製作人 Vocal Producer/蔡題謙 Tee Train 合聲編寫錄製 Background Vocal Arranger and Recording/詹詠安 CHAN YUNG AN、蔡題謙 Tee Train 錄音室 Recording Studio/TeeTrain’s Room 錄音師 Recording Engineer/詹詠安 CHAN YUNG AN、蔡題謙 Tee Train 混音師 Mixing Engineer/詹詠安 CHAN YUNG AN 母帶工程師 Mastering Engineer/史帝伏 Steve.Inn 平面攝影 Graphic photographer/林欣玫 May Lin 視覺設計Album Packaging/林欣玫 May Lin、蔡題謙 Tee Train","我看著面前有人經過 卻沒有人回頭 我看著人來人往的街頭 卻沒有人在看我 為什麼我需要被人看見 我自己也不懂 或許這一切都在所難免 但我必須要說出口 又是一樣的念頭 一樣的寂寞 一樣又說著沒有人懂的感受 可不可以在你離開之前擁抱我 我再也無法回頭 我再也無法去說些什麼 表達我從來都不敢說的脆弱 我想盡辦法不再多說 卻沒辦法往前走 我用盡全力掙脫枷鎖 卻沒有力氣把握以後 
我看著面前有人經過 卻沒有人回頭 我看著人來人往的街頭 卻沒有人在看我 為什麼我需要被人看見 我自己也不懂 或許這一切都在所難免 但我必須要說出口
又是一樣的念頭 一樣的寂寞 一樣又說著沒有人懂的感受 可不可以在你離開之前擁抱我 我再也無法回頭 我再也無法去說些什麼 表達我從來都不敢說的脆弱
我想盡辦法不再多說 卻沒辦法往前走 我用盡全力掙脫枷鎖 卻沒有力氣把握以後
留言（ 2 ） 最相關留言 所有留言
留言（ 2 ）",2026-08-11,,編輯推薦,True,False,
2026-08-19 00:52:18,realtime,folk,,,9,口一梅,傷風歌 安慰劑版 (260817 LIVE Cover),5,173,2,https://streetvoice.com/cenoS/songs/875132/,https://streetvoice.com/cenoS/,"https://akstatic.streetvoice.com/song_covers/ce/no/cenoS/ZVUskG9GxWiPe3NgB6H4gX.jpeg?x-oss-process=image/resize,m_fixed,h_1,w_1,limit_0/resize,m_fixed,h_630,w_1200,limit_0/watermark,image_c29uZ19jb3ZlcnMvY2Uvbm8vY2Vub1MvWlZVc2tHOUd4V2lQZTNOZ0I2SDRnWC5qcGVnP3gtb3NzLXByb2Nlc3M9aW1hZ2UvcmVzaXplLG1fZml4ZWQsaF8zNDQsd18zNDQsbGltaXRfMA,g_nw,x_428,y_143/watermark,image_YXNzZXQvaW1hZ2VzL21ldGFpbWFnZS1zb25nLnBuZw,g_nw,x_0,y_0",images/875132.jpeg,@cenoS,音樂人,台北市,2006-05-01,,54,46,50,,,https://www.youtube.com/user/StreetVoiceTV,,,Folk,傷風歌 Coryza Melodies,https://streetvoice.com/cenoS/songs/album/97325106/,,"使用軟體 : OBS Studio 31.0.1(64 bit)直錄直出無修音 使用硬體 : 錄音介面→ Steinberg UR-RT4 麥克風 →OU PR96 監聽耳機 →Sony MDR-7506 2008年自己因重感冒哼唱的詞曲 2026年用新的技術讓他重生與繁衍~真是件很神奇的事 生理要擊退的是病毒，心裡過不去的坎是你。 My body fights a virus,but the hill my heart cannot cross is you. 몸이 이겨내야 할 것은 바이러스고, 마음이 넘지 못하는 고개는 당신이다. 原來壞情人跟病毒一樣惹人厭壓 XD 
使用軟體 : OBS Studio 31.0.1(64 bit)直錄直出無修音 使用硬體 : 錄音介面→ Steinberg UR-RT4 麥克風 →OU PR96 監聽耳機 →Sony MDR-7506
2008年自己因重感冒哼唱的詞曲 2026年用新的技術讓他重生與繁衍~真是件很神奇的事
生理要擊退的是病毒，心裡過不去的坎是你。 My body fights a virus,but the hill my heart cannot cross is you. 몸이 이겨내야 할 것은 바이러스고, 마음이 넘지 못하는 고개는 당신이다.
原來壞情人跟病毒一樣惹人厭壓 XD","Coryza Melodies(傷風歌 安慰劑版) 詞/曲/製作 : 口一梅 Co-Enzyme 我不喜歡自己這樣子 看不到你的臉 想揮舞著 心中的小拳頭 卻一點也看不見 你是我最..最...最討厭的東東 我難過都因為你 快閃、快躲 我不喜歡自己這樣子 跟本看不到你的臉 想提領著血中的腎上線 卻一點也看不見 你是我最..最...最討厭的東東 我難過都因為你 還不快閃、快躲 小心我一拳把你打扁 你讓我傷風、感冒、喉嚨痛 又讓我全身無力、不能動 我實在是恨你恨到想不透 想甩掉你又完全沒把握 我不喜歡自己這樣子 看不到你的臉 想揮舞著心中的小拳頭 卻一點也看不見 你是我最..最...最討厭的東東 我難過都因為你 快閃、快躲 喔 還不快閃、快躲 喔 小心我撂人把你消滅 Video & Audio Produced by 口一梅 / MYMUSICK © 2026 CENO / MYMUSICK. All Rights Reserved. 
Coryza Melodies(傷風歌 安慰劑版) 詞/曲/製作 : 口一梅 Co-Enzyme
我不喜歡自己這樣子 看不到你的臉 想揮舞著 心中的小拳頭 卻一點也看不見
你是我最..最...最討厭的東東 我難過都因為你 快閃、快躲
我不喜歡自己這樣子 跟本看不到你的臉 想提領著血中的腎上線 卻一點也看不見
你是我最..最...最討厭的東東 我難過都因為你 還不快閃、快躲 小心我一拳把你打扁
你讓我傷風、感冒、喉嚨痛 又讓我全身無力、不能動 我實在是恨你恨到想不透 想甩掉你又完全沒把握
我不喜歡自己這樣子 看不到你的臉 想揮舞著心中的小拳頭 卻一點也看不見
你是我最..最...最討厭的東東 我難過都因為你 快閃、快躲 喔 還不快閃、快躲 喔
小心我撂人把你消滅 Video & Audio Produced by 口一梅 / MYMUSICK © 2026 CENO / MYMUSICK. All Rights Reserved.
留言（ 2 ） 最相關留言 所有留言
留言（ 2 ）",2026-08-17,,AI 協作 Folk ・ 傷風歌 Coryza Melodies,False,False,
2026-08-19 00:52:18,realtime,folk,,,10,蔡題謙 Tee Train,沒有人不痛苦,26,1565,1,https://streetvoice.com/teetrain0112/songs/871579/,https://streetvoice.com/teetrain0112/,"https://akstatic.streetvoice.com/song_covers/te/et/teetrain0112/Mj9tkcv2ucNzvXTKc69xjo.jpeg?x-oss-process=image/resize,m_fixed,h_1,w_1,limit_0/resize,m_fixed,h_630,w_1200,limit_0/watermark,image_c29uZ19jb3ZlcnMvdGUvZXQvdGVldHJhaW4wMTEyL01qOXRrY3YydWNOenZYVEtjNjl4am8uanBlZz94LW9zcy1wcm9jZXNzPWltYWdlL3Jlc2l6ZSxtX2ZpeGVkLGhfMzQ0LHdfMzQ0LGxpbWl0XzA,g_nw,x_428,y_143/watermark,image_YXNzZXQvaW1hZ2VzL21ldGFpbWFnZS1zb25nLnBuZw,g_nw,x_0,y_0",images/871579.jpeg,@teetrain0112,音樂人,,,2024-01-11 17:13,10,3502,3,,,https://www.youtube.com/user/StreetVoiceTV,第二屆「街聲年度音樂趨勢大獎」擴大規模舉辦！邀張震嶽、熊仔、國國、鄭宜農擔任頒獎嘉賓|||https://blow.streetvoice.com/78673/?utm_source=streetvoice&utm_medium=profile-news-block; 金曲、金音前哨站，第二屆「𝙎𝙩𝙧𝙚𝙚𝙩𝙑𝙤𝙞𝙘𝙚 𝘼𝙬𝙖𝙧𝙙𝙨 街聲年度音樂趨勢大獎」公布全名單|||https://blow.streetvoice.com/78557/?utm_source=streetvoice&utm_medium=profile-news-block; 2024「秋OUT音樂節」9/28、9/29登場！九大舞台陣容、票價、場域全公開|||https://blow.streetvoice.com/76336/?utm_source=streetvoice&utm_medium=profile-news-block,,Singer / Songwriter,陪你等待黎明,https://streetvoice.com/teetrain0112/songs/album/97325877/,,"製作人 Producer/詹詠安 CHAN YUNG AN 作詞 Lyrics/蔡題謙 Tee Train 作曲 Composer/蔡題謙 Tee Train 編曲 Arranger/詹詠安 CHAN YUNG AN、蔡題謙 Tee Train 木吉他 Acoustic Guitar/蔡題謙 Tee Train 貝斯 Bass/蘇柏宇 Jack Su 鋼琴 Piano/黃聖丰 Flashfish 合成器 Synthesizer/詹詠安 CHAN YUNG AN、黃聖丰 Flashfish、蔡題謙 Tee Train 配唱製作人 Vocal Producer/詹詠安 CHAN YUNG AN 合聲編寫錄製 Background Vocal Arranger and Recording/詹詠安 CHAN YUNG AN、蔡題謙 Tee Train 錄音室 Recording Studio/CHAN YUNG AN’s Room 錄音師 Recording Engineer/詹詠安 CHAN YUNG AN 混音師 Mixing Engineer/詹詠安 CHAN YUNG AN 母帶工程師 Mastering Engineer/史帝伏 Steve.Inn 平面攝影 Graphic photographer/林欣玫 May Lin 視覺設計Album Packaging/林欣玫 May Lin、蔡題謙 Tee Train 
製作人 Producer/詹詠安 CHAN YUNG AN 作詞 Lyrics/蔡題謙 Tee Train 作曲 Composer/蔡題謙 Tee Train 編曲 Arranger/詹詠安 CHAN YUNG AN、蔡題謙 Tee Train 木吉他 Acoustic Guitar/蔡題謙 Tee Train 貝斯 Bass/蘇柏宇 Jack Su 鋼琴 Piano/黃聖丰 Flashfish 合成器 Synthesizer/詹詠安 CHAN YUNG AN、黃聖丰 Flashfish、蔡題謙 Tee Train 配唱製作人 Vocal Producer/詹詠安 CHAN YUNG AN 合聲編寫錄製 Background Vocal Arranger and Recording/詹詠安 CHAN YUNG AN、蔡題謙 Tee Train 錄音室 Recording Studio/CHAN YUNG AN’s Room 錄音師 Recording Engineer/詹詠安 CHAN YUNG AN 混音師 Mixing Engineer/詹詠安 CHAN YUNG AN 母帶工程師 Mastering Engineer/史帝伏 Steve.Inn 平面攝影 Graphic photographer/林欣玫 May Lin 視覺設計Album Packaging/林欣玫 May Lin、蔡題謙 Tee Train","你說你很痛苦 你說你很孤獨 你說混濁的眼睛 該如何才能夠看清楚 看清快樂和悲傷 看清黎明和夕陽 看清地獄和天堂 看清現實和理想 我說沒人能看清楚 沒有人不孤獨 你所盼望的一切 背後也許都是麻木 都是燦爛或虛無 都是正確或錯誤 都是明白或糊塗 都是開始或結束 啊 沒有人不痛苦啊 那些乘風破浪的豁達 也有躊躇不前的掙扎 啊 我還在這裡啊 在你視線所及的地方 說著自以為是的解答 我說沒人能看清楚 沒有人不孤獨 你所盼望的一切 背後也許都是麻木 都是燦爛或虛無 都是正確或錯誤 都是明白或糊塗 都是開始或結束 
你說你很痛苦 你說你很孤獨 你說混濁的眼睛 該如何才能夠看清楚 看清快樂和悲傷 看清黎明和夕陽 看清地獄和天堂 看清現實和理想
我說沒人能看清楚 沒有人不孤獨 你所盼望的一切 背後也許都是麻木 都是燦爛或虛無 都是正確或錯誤 都是明白或糊塗 都是開始或結束
啊 沒有人不痛苦啊 那些乘風破浪的豁達 也有躊躇不前的掙扎 啊 我還在這裡啊 在你視線所及的地方 說著自以為是的解答
我說沒人能看清楚 沒有人不孤獨 你所盼望的一切 背後也許都是麻木 都是燦爛或虛無 都是正確或錯誤 都是明白或糊塗 都是開始或結束
留言（ 1 ） 最相關留言 所有留言
留言（ 1 ）",2026-08-11,,編輯推薦,True,False,
2026-08-19 00:52:18,realtime,folk,,,11,楊桃,《不是我不愛了》,6,253,0,https://streetvoice.com/tysonyang/songs/875133/,https://streetvoice.com/tysonyang/,"https://akstatic.streetvoice.com/profile_images/ty/so/tysonyang/MUA79tiyLt3gCyViipKrUc.jpg?x-oss-process=image/resize,m_fixed,h_1,w_1,limit_0/resize,m_fixed,h_630,w_1200,limit_0/watermark,image_cHJvZmlsZV9pbWFnZXMvdHkvc28vdHlzb255YW5nL01VQTc5dGl5THQzZ0N5VmlpcEtyVWMuanBnP3gtb3NzLXByb2Nlc3M9aW1hZ2UvcmVzaXplLG1fZml4ZWQsaF8zNDQsd18zNDQsbGltaXRfMA,g_nw,x_428,y_143/watermark,image_YXNzZXQvaW1hZ2VzL21ldGFpbWFnZS1zb25nLnBuZw,g_nw,x_0,y_0",images/875133.jpg,@tysonyang,音樂人,,,,13,6,6,,,https://www.youtube.com/user/StreetVoiceTV,嘉義大學諸羅祭四月登場！美秀集團、血肉果汁機、康士坦的變化球等多組樂團相繼開唱|||https://blow.streetvoice.com/53555/?utm_source=streetvoice&utm_medium=profile-news-block,,Singer / Songwriter,感情回憶錄,https://streetvoice.com/tysonyang/songs/album/97325636/,,,"【前言｜】 當我滿眼都是你的時候， 你不珍惜。 我一次一次告訴自己， 再等等，也許你會看見我的好。 可是當我心死了， 你才突然變得可憐兮兮， 說你捨不得，說你離不開我…… 可是，我想問你一句—— 我是什麼很賤的人嗎？ 非要等我不愛了， 你才知道要珍惜。 --- 【Verse 1】 那時候的我總把你放第一 你的每句話我都放在心底 明明受了委屈還笑著說沒關係 只因為太愛你才忘了愛自己 你習慣了我的好習慣我的等待 習慣我轉身以後還站在原地徘徊 我把所有溫柔都給了你的未來 卻換來一句「妳怎麼變得奇怪」 --- 【Pre-Chorus】 不是我突然變冷淡 是我的心已經太疲憊 一次一次被你忽略 愛到最後只剩後悔 --- 【Chorus】 當我愛你的時候你不珍惜 等我心死以後你才說愛我到底 我哭過痛過也傻過等過你 如今的我真的沒有力氣 當我愛你的時候你不珍惜 等我轉身以後你才裝得可憐兮兮 不是我狠心不是我無情 是我終於明白我也值得被珍惜 --- 【Verse 2】 我不是沒有想過陪你走到底 只是你的冷漠慢慢耗盡勇氣 那些說過的永遠如今聽來好諷刺 原來最深的傷都是你給我的回憶 你現在說後悔說沒有我不行 可是那些眼淚早已哭乾了曾經 你終於開始害怕失去我的消息 可惜那個愛你的我已經走遠了而已 --- 【Pre-Chorus 2】 我也曾經等你改變 等你看見我的疲憊 可是愛不能靠著乞求 更不能靠眼淚挽回 --- 【Chorus】當我愛你的時候你不珍惜 等我心死以後你才說愛我到底 我哭過痛過也傻過等過你 如今的我真的沒有力氣 當我愛你的時候你不珍惜 等我轉身以後你才裝得可憐兮兮 不是我狠心不是我無情 是我終於明白我也值得被珍惜 --- 【Bridge｜情緒拉高】 你問我為什麼不能再愛一次 可你忘了我曾給過你多少次 女人不是沒有底線 只是愛你的時候願意一次次妥協 直到有一天 眼淚不再流了 心也不再痛了 那一刻我才知道—— 原來放下你，才是我最後的溫柔。 --- 【Final Chorus｜大合唱感】 當我愛你的時候你不珍惜 等我心死以後你才說捨不得離去 我哭過痛過也傻過等過你 這一次我不會再回去 當我愛你的時候你不珍惜 等我轉身以後你才裝得可憐兮兮 不是我狠心不是我無情 是我終於明白我也值得被珍惜 不是我不愛了是我累了 不是我不等了是我醒了 你失去的不是一個愛你的人而已 是那個曾經滿眼都是你的我。 【Outro｜輕聲】 所以別再問我，為什麼不回頭。 因為那個滿眼都是你的女孩， 早就在一次次失望裡…… 不見了。 
【前言｜】 當我滿眼都是你的時候， 你不珍惜。 我一次一次告訴自己， 再等等，也許你會看見我的好。 可是當我心死了， 你才突然變得可憐兮兮， 說你捨不得，說你離不開我…… 可是，我想問你一句—— 我是什麼很賤的人嗎？ 非要等我不愛了， 你才知道要珍惜。 --- 【Verse 1】 那時候的我總把你放第一 你的每句話我都放在心底 明明受了委屈還笑著說沒關係 只因為太愛你才忘了愛自己 你習慣了我的好習慣我的等待 習慣我轉身以後還站在原地徘徊 我把所有溫柔都給了你的未來 卻換來一句「妳怎麼變得奇怪」 ---
【Pre-Chorus】 不是我突然變冷淡 是我的心已經太疲憊 一次一次被你忽略 愛到最後只剩後悔 ---
【Chorus】 當我愛你的時候你不珍惜 等我心死以後你才說愛我到底 我哭過痛過也傻過等過你 如今的我真的沒有力氣 當我愛你的時候你不珍惜 等我轉身以後你才裝得可憐兮兮 不是我狠心不是我無情 是我終於明白我也值得被珍惜 --- 【Verse 2】 我不是沒有想過陪你走到底 只是你的冷漠慢慢耗盡勇氣 那些說過的永遠如今聽來好諷刺 原來最深的傷都是你給我的回憶 你現在說後悔說沒有我不行 可是那些眼淚早已哭乾了曾經 你終於開始害怕失去我的消息 可惜那個愛你的我已經走遠了而已 --- 【Pre-Chorus 2】 我也曾經等你改變 等你看見我的疲憊 可是愛不能靠著乞求 更不能靠眼淚挽回 ---
【Chorus】當我愛你的時候你不珍惜 等我心死以後你才說愛我到底 我哭過痛過也傻過等過你 如今的我真的沒有力氣 當我愛你的時候你不珍惜 等我轉身以後你才裝得可憐兮兮 不是我狠心不是我無情 是我終於明白我也值得被珍惜 --- 【Bridge｜情緒拉高】 你問我為什麼不能再愛一次 可你忘了我曾給過你多少次 女人不是沒有底線 只是愛你的時候願意一次次妥協 直到有一天 眼淚不再流了 心也不再痛了 那一刻我才知道—— 原來放下你，才是我最後的溫柔。 --- 【Final Chorus｜大合唱感】 當我愛你的時候你不珍惜 等我心死以後你才說捨不得離去 我哭過痛過也傻過等過你 這一次我不會再回去 當我愛你的時候你不珍惜 等我轉身以後你才裝得可憐兮兮 不是我狠心不是我無情 是我終於明白我也值得被珍惜 不是我不愛了是我累了 不是我不等了是我醒了 你失去的不是一個愛你的人而已 是那個曾經滿眼都是你的我。 【Outro｜輕聲】 所以別再問我，為什麼不回頭。 因為那個滿眼都是你的女孩， 早就在一次次失望裡…… 不見了。
留言（ 0 ） 最相關留言 所有留言
留言（ 0 ）",2026-08-17,,AI 協作 Singer / Songwriter ・ 感情回憶錄,False,False,
2026-08-19 00:52:18,realtime,folk,,,12,David Wei 魏品勻,貪戀,9,273,0,https://streetvoice.com/davidwei/songs/874300/,https://streetvoice.com/davidwei/,"https://akstatic.streetvoice.com/song_covers/da/vi/davidwei/iXn4dZc3SLZ396QYhuxLwS.jpeg?x-oss-process=image/resize,m_fixed,h_1,w_1,limit_0/resize,m_fixed,h_630,w_1200,limit_0/watermark,image_c29uZ19jb3ZlcnMvZGEvdmkvZGF2aWR3ZWkvaVhuNGRaYzNTTFozOTZRWWh1eEx3Uy5qcGVnP3gtb3NzLXByb2Nlc3M9aW1hZ2UvcmVzaXplLG1fZml4ZWQsaF8zNDQsd18zNDQsbGltaXRfMA,g_nw,x_428,y_143/watermark,image_YXNzZXQvaW1hZ2VzL21ldGFpbWFnZS1zb25nLnBuZw,g_nw,x_0,y_0",images/874300.jpeg,@davidwei,音樂人,台北市,2014-06-01,2023-01-13 16:29,11,104,20,https://www.facebook.com/davidwei0201?mibextid=LQQJ4d,https://instagram.com/davidwei0201,https://youtube.com/@alicegood36,,,Singer / Songwriter,,,,"每一次告別後， 心總急著奔向下一個懷抱， 好像只要有人愛著，日子就能繼續。 直到停下來，才發現那些傷，從來沒有真正痊癒。 —— 寫給那些曾以愛情為生的人 ·⌁⌁⌁·⌁⌁⌁ 30% ⌁⌁⌁·⌁⌁⌁· //音樂製作名單 Music Credits// 詞 Lyricist｜魏品勻David Wei 曲 Composer ｜魏品勻David Wei 製作人 Producer ｜魏品勻David Wei 執行製作 Executive Producer｜林均憲 Shan Lin 編曲 Arrangement｜林均憲 Shan Lin 電吉他 Electric Guitar｜鄭劭華  Ernie Cheng 電子鼓編輯 Drum Programming｜賴以弘 Steven Lai 和聲 Backing Vocals｜魏品勻David Wei 錄音工程師 Recording Engineer｜林均憲 Shan Lin 混音工程師 Mixing Engineer｜林均憲 Shan Lin 母帶工程師 Mastering Engineer｜Thomas Chuang 母帶後期錄音室 Mastering Studio｜Sketch Studio 專輯企劃 Project Coordinator｜王雁苓 Annie Wang 單曲封面 Single Cover｜吳昌諺 Ken Wu 
每一次告別後， 心總急著奔向下一個懷抱， 好像只要有人愛著，日子就能繼續。
直到停下來，才發現那些傷，從來沒有真正痊癒。
—— 寫給那些曾以愛情為生的人
·⌁⌁⌁·⌁⌁⌁ 30% ⌁⌁⌁·⌁⌁⌁·
//音樂製作名單 Music Credits//
詞 Lyricist｜魏品勻David Wei 曲 Composer ｜魏品勻David Wei 製作人 Producer ｜魏品勻David Wei 執行製作 Executive Producer｜林均憲 Shan Lin 編曲 Arrangement｜林均憲 Shan Lin 電吉他 Electric Guitar｜鄭劭華  Ernie Cheng 電子鼓編輯 Drum Programming｜賴以弘 Steven Lai 和聲 Backing Vocals｜魏品勻David Wei 錄音工程師 Recording Engineer｜林均憲 Shan Lin 混音工程師 Mixing Engineer｜林均憲 Shan Lin 母帶工程師 Mastering Engineer｜Thomas Chuang 母帶後期錄音室 Mastering Studio｜Sketch Studio 專輯企劃 Project Coordinator｜王雁苓 Annie Wang 單曲封面 Single Cover｜吳昌諺 Ken Wu","動態歌詞
我不知道 一個人的日子 怎麼活才好 我只是順從本能地找尋依靠 就算是曇花一現的那種溫暖也好 我不知道 一個人的日子 怎麼過才算好 是假裝只有自己也能擁抱 還是笑著說著 眼淚就掉了 我貪婪的在回憶裡舊地重溫 找尋著方法能再次以愛情為生 每一次曖昧擁抱和親吻 都是我的養分 我貪婪的在孤獨裡掙扎求生 找尋著方法能再次以愛情為生 嗚～嗚～ 我不知道 一個人的日子 怎麼活才好 我只是順從本能地找尋依靠 就算是曇花一現的那種溫暖也好 我不知道 一個人的日子 怎麼活才算好 管他們說我再也無可救藥 就算一遍又一遍的壯烈犧牲 我貪婪的在回憶裡舊地重溫 找尋著方法能再次以愛情為生 每一次曖昧擁抱和親吻 都是我的養分 我貪婪的在孤獨裡掙扎求生 找尋著方法能再次以愛情為生 嗚～嗚～ 也許 一個人 也會有燦爛光明的人生 但昏暗的孤獨的不想再承受了 我已在愛裡沈淪 我貪婪的在回憶裡舊地重溫 找尋著方法能再次以愛情為生 每一次曖昧擁抱和親吻 都是我的養分 我貪婪的在孤獨裡掙扎求生 找尋著方法能再次以愛情為生 嗚～嗚～ 為了能再嚐到愛情 我奮不顧身 
我不知道 一個人的日子 怎麼活才好 我只是順從本能地找尋依靠 就算是曇花一現的那種溫暖也好
我不知道 一個人的日子 怎麼過才算好 是假裝只有自己也能擁抱 還是笑著說著 眼淚就掉了
我貪婪的在回憶裡舊地重溫 找尋著方法能再次以愛情為生 每一次曖昧擁抱和親吻 都是我的養分
我貪婪的在孤獨裡掙扎求生 找尋著方法能再次以愛情為生 嗚～嗚～
我不知道 一個人的日子 怎麼活才好 我只是順從本能地找尋依靠 就算是曇花一現的那種溫暖也好 我不知道 一個人的日子 怎麼活才算好 管他們說我再也無可救藥 就算一遍又一遍的壯烈犧牲
我貪婪的在回憶裡舊地重溫 找尋著方法能再次以愛情為生 每一次曖昧擁抱和親吻 都是我的養分
我貪婪的在孤獨裡掙扎求生 找尋著方法能再次以愛情為生 嗚～嗚～
也許 一個人 也會有燦爛光明的人生 但昏暗的孤獨的不想再承受了 我已在愛裡沈淪
我貪婪的在回憶裡舊地重溫 找尋著方法能再次以愛情為生 每一次曖昧擁抱和親吻 都是我的養分
我貪婪的在孤獨裡掙扎求生 找尋著方法能再次以愛情為生 嗚～嗚～
為了能再嚐到愛情 我奮不顧身
留言（ 0 ） 最相關留言 所有留言
留言（ 0 ）",2026-08-14,,編輯推薦,True,False,
2026-08-19 00:52:18,realtime,folk,,,13,幸運空氣,棕櫚樹,3,321,2,https://streetvoice.com/luckyair43/songs/874934/,https://streetvoice.com/luckyair43/,"https://akstatic.streetvoice.com/song_covers/lu/ck/luckyair43/H97RhhjwJyQBe7Tby8JGcB.jpeg?x-oss-process=image/resize,m_fixed,h_1,w_1,limit_0/resize,m_fixed,h_630,w_1200,limit_0/watermark,image_c29uZ19jb3ZlcnMvbHUvY2svbHVja3lhaXI0My9IOTdSaGhqd0p5UUJlN1RieThKR2NCLmpwZWc_eC1vc3MtcHJvY2Vzcz1pbWFnZS9yZXNpemUsbV9maXhlZCxoXzM0NCx3XzM0NCxsaW1pdF8w,g_nw,x_428,y_143/watermark,image_YXNzZXQvaW1hZ2VzL21ldGFpbWFnZS1zb25nLnBuZw,g_nw,x_0,y_0",images/874934.jpeg,@luckyair43,音樂人,,,2021-06-04 17:58,79,200,65,https://www.facebook.com/airway777,,https://www.youtube.com/channel/UChSEkR8gHUBkx0IsCfR1xwA/about,告別誠品生活 116 強辯樂團與幸運空氣勾起共同的青春回憶|||https://blow.streetvoice.com/15610/?utm_source=streetvoice&utm_medium=profile-news-block; 【歌單】謙虛勤勉的小書蟲——處女座|||https://blow.streetvoice.com/35796/?utm_source=streetvoice&utm_medium=profile-news-block; 2015 年度 StreetVoice 音樂作品人氣榜 TOP 50|||https://blow.streetvoice.com/16431/?utm_source=streetvoice&utm_medium=profile-news-block,,Folk,向海,https://streetvoice.com/luckyair43/songs/album/97325904/,,"看著棕櫚樹在海邊 感受夏天的風 這首是在加州海灘遊歷後的作品 希望每天都能保持chill的心 
看著棕櫚樹在海邊 感受夏天的風 這首是在加州海灘遊歷後的作品 希望每天都能保持chill的心","開著車朝著陽光的方向. 前往無際遼闊藍色海洋 到沙灘玩耍 跳著輕快的步伐 棕櫚帶著熱情奔放     伴隨夏日閃閃發亮 那是個美好回憶的時光   充滿我們甜蜜模樣 Find the way to the west coast side  也許會愛上大海 陽光燦爛           棕櫚樹隨風搖擺 來到海邊           陪妳感受著自在 請保持愉快       棕櫚樹隨風搖擺 Everyday  have the sunshine, we always happy 有你日子 很精彩 今天天空很藍 海邊陽光好燦爛 Find the way to the west coast side 也許會愛上大海 陽光燦爛           棕櫚樹隨風搖擺 來到海邊           陪妳感受著自在 請保持愉快       棕櫚樹隨風搖擺 Everyday  have the sunshine, we always happy 有你日子 很精彩 
開著車朝著陽光的方向. 前往無際遼闊藍色海洋 到沙灘玩耍 跳著輕快的步伐 棕櫚帶著熱情奔放     伴隨夏日閃閃發亮 那是個美好回憶的時光   充滿我們甜蜜模樣
Find the way to the west coast side  也許會愛上大海
陽光燦爛           棕櫚樹隨風搖擺 來到海邊           陪妳感受著自在 請保持愉快       棕櫚樹隨風搖擺 Everyday  have the sunshine, we always happy 有你日子 很精彩
今天天空很藍 海邊陽光好燦爛 Find the way to the west coast side 也許會愛上大海
陽光燦爛           棕櫚樹隨風搖擺 來到海邊           陪妳感受著自在 請保持愉快       棕櫚樹隨風搖擺 Everyday  have the sunshine, we always happy 有你日子 很精彩
留言（ 2 ） 最相關留言 所有留言
留言（ 2 ）",2026-08-17,,,False,False,
2026-08-19 00:52:18,realtime,folk,,,14,蔡題謙 Tee Train,帆,27,1499,2,https://streetvoice.com/teetrain0112/songs/871580/,https://streetvoice.com/teetrain0112/,"https://akstatic.streetvoice.com/song_covers/te/et/teetrain0112/dZ7C7bJa2zz4MVeEBEF2Rb.jpeg?x-oss-process=image/resize,m_fixed,h_1,w_1,limit_0/resize,m_fixed,h_630,w_1200,limit_0/watermark,image_c29uZ19jb3ZlcnMvdGUvZXQvdGVldHJhaW4wMTEyL2RaN0M3YkphMnp6NE1WZUVCRUYyUmIuanBlZz94LW9zcy1wcm9jZXNzPWltYWdlL3Jlc2l6ZSxtX2ZpeGVkLGhfMzQ0LHdfMzQ0LGxpbWl0XzA,g_nw,x_428,y_143/watermark,image_YXNzZXQvaW1hZ2VzL21ldGFpbWFnZS1zb25nLnBuZw,g_nw,x_0,y_0",images/871580.jpeg,@teetrain0112,音樂人,,,2024-01-11 17:13,10,3502,3,,,https://www.youtube.com/user/StreetVoiceTV,第二屆「街聲年度音樂趨勢大獎」擴大規模舉辦！邀張震嶽、熊仔、國國、鄭宜農擔任頒獎嘉賓|||https://blow.streetvoice.com/78673/?utm_source=streetvoice&utm_medium=profile-news-block; 金曲、金音前哨站，第二屆「𝙎𝙩𝙧𝙚𝙚𝙩𝙑𝙤𝙞𝙘𝙚 𝘼𝙬𝙖𝙧𝙙𝙨 街聲年度音樂趨勢大獎」公布全名單|||https://blow.streetvoice.com/78557/?utm_source=streetvoice&utm_medium=profile-news-block; 2024「秋OUT音樂節」9/28、9/29登場！九大舞台陣容、票價、場域全公開|||https://blow.streetvoice.com/76336/?utm_source=streetvoice&utm_medium=profile-news-block,,Singer / Songwriter,陪你等待黎明,https://streetvoice.com/teetrain0112/songs/album/97325877/,,"製作人 Producer/詹詠安 CHAN YUNG AN 作詞 Lyrics/蔡題謙 Tee Train 作曲 Composer/蔡題謙 Tee Train 編曲 Arranger/詹詠安 CHAN YUNG AN、蔡題謙 Tee Train 木吉他 Acoustic Guitar/蔡題謙 Tee Train 電吉他 Electric Guitar/蔡題謙 Tee Train 貝斯 Bass/蘇柏宇 Jack Su 鼓 Drums/陳楷傑 Jay Chen 鼓技師 Drum Technician/陳郁安 Cindy Chen 合成器 Synthesizer/詹詠安 CHAN YUNG AN 配唱製作人 Vocal Producer/詹詠安 CHAN YUNG AN 合聲編寫錄製 Background Vocal Arranger and Recording/詹詠安 CHAN YUNG AN、蔡題謙 Tee Train 錄音室 Recording Studio/TeeTrain’s Room、佳聲錄音室 錄音師 Recording Engineer/詹詠安 CHAN YUNG AN、林彥君 Andrew Lin 混音師 Mixing Engineer/詹詠安 CHAN YUNG AN 母帶工程師 Mastering Engineer/史帝伏 Steve.Inn 平面攝影 Graphic photographer/林欣玫 May Lin 視覺設計Album Packaging/林欣玫 May Lin、蔡題謙 Tee Train 
製作人 Producer/詹詠安 CHAN YUNG AN 作詞 Lyrics/蔡題謙 Tee Train 作曲 Composer/蔡題謙 Tee Train 編曲 Arranger/詹詠安 CHAN YUNG AN、蔡題謙 Tee Train 木吉他 Acoustic Guitar/蔡題謙 Tee Train 電吉他 Electric Guitar/蔡題謙 Tee Train 貝斯 Bass/蘇柏宇 Jack Su 鼓 Drums/陳楷傑 Jay Chen 鼓技師 Drum Technician/陳郁安 Cindy Chen 合成器 Synthesizer/詹詠安 CHAN YUNG AN 配唱製作人 Vocal Producer/詹詠安 CHAN YUNG AN 合聲編寫錄製 Background Vocal Arranger and Recording/詹詠安 CHAN YUNG AN、蔡題謙 Tee Train 錄音室 Recording Studio/TeeTrain’s Room、佳聲錄音室 錄音師 Recording Engineer/詹詠安 CHAN YUNG AN、林彥君 Andrew Lin 混音師 Mixing Engineer/詹詠安 CHAN YUNG AN 母帶工程師 Mastering Engineer/史帝伏 Steve.Inn 平面攝影 Graphic photographer/林欣玫 May Lin 視覺設計Album Packaging/林欣玫 May Lin、蔡題謙 Tee Train","你是一艘船 我是你的帆 前方的風景 我想帶你去看 可每當風吹起 又掀起了波瀾 你又想起多少遺憾 你的一輩子 有多少個日子 在歡笑中聽見自己的名字 你厭倦了等待 也厭倦了無奈 厭倦自己什麼都明白 我看著你離開 卻沒等到你回來 你說你厭倦了等待 也厭倦了無奈 厭倦自己什麼都明白 你經歷了多少遺憾 又再一次變的不堪 你最愛的一切 都不再一塵不染 於是你選擇拋棄了 你心愛的船 我看著你離開 卻沒等到你回來 你說你厭倦了等待 也厭倦了無奈 厭倦自己 厭倦自己 厭倦自己 厭倦自己 什麼都明白 可每當風吹起 又掀起了波瀾 你又想起多少遺憾 
你是一艘船 我是你的帆 前方的風景 我想帶你去看 可每當風吹起 又掀起了波瀾 你又想起多少遺憾
你的一輩子 有多少個日子 在歡笑中聽見自己的名字 你厭倦了等待 也厭倦了無奈 厭倦自己什麼都明白
我看著你離開 卻沒等到你回來 你說你厭倦了等待 也厭倦了無奈 厭倦自己什麼都明白
你經歷了多少遺憾 又再一次變的不堪 你最愛的一切 都不再一塵不染 於是你選擇拋棄了 你心愛的船
我看著你離開 卻沒等到你回來 你說你厭倦了等待 也厭倦了無奈 厭倦自己 厭倦自己 厭倦自己 厭倦自己 什麼都明白
可每當風吹起 又掀起了波瀾 你又想起多少遺憾
留言（ 2 ） 最相關留言 所有留言
留言（ 2 ）",2026-08-11,,編輯推薦,True,False,
2026-08-19 00:52:18,realtime,folk,,,15,Andrew_Lai,日子沒有上鎖,6,210,0,https://streetvoice.com/dawn_limit_mvd/songs/874940/,https://streetvoice.com/dawn_limit_mvd/,"https://akstatic.streetvoice.com/song_covers/da/wn/dawn_limit_mvd/TgxWvZRxamz6srumQmisFs.jpeg?x-oss-process=image/resize,m_fixed,h_1,w_1,limit_0/resize,m_fixed,h_630,w_1200,limit_0/watermark,image_c29uZ19jb3ZlcnMvZGEvd24vZGF3bl9saW1pdF9tdmQvVGd4V3ZaUnhhbXo2c3J1bVFtaXNGcy5qcGVnP3gtb3NzLXByb2Nlc3M9aW1hZ2UvcmVzaXplLG1fZml4ZWQsaF8zNDQsd18zNDQsbGltaXRfMA,g_nw,x_428,y_143/watermark,image_YXNzZXQvaW1hZ2VzL21ldGFpbWFnZS1zb25nLnBuZw,g_nw,x_0,y_0",images/874940.jpeg,@dawn_limit_mvd,音樂人,南投縣,2023-10-01,,15,10,1,,,https://www.youtube.com/user/StreetVoiceTV,,,Folk,,,,"十五歲的時候，總覺得只要快點長大，就能得到自由。 二十五歲的時候，開始相信有了工作、有了收入、有了車、有了房，人生就會慢慢變成自己想要的樣子。 到了三十五歲，很多曾經想要的東西真的有了，卻開始發現，自由好像不是「擁有多少」，而是還能不能選擇自己想怎麼生活。 身邊的人有了家庭、有了孩子，也有了各自要扛的責任。每天上班、回家、處理生活裡大大小小的事情，沒有人真的把我們困住，日子也從來沒有上鎖，只是走著走著，我們有時候會忘記，自己原本想去哪裡。 這首歌不是想抱怨長大，也不是否定現在擁有的一切。 只是到了某個年紀，忽然會想問自己： 如果不用向任何人證明什麼， 我真正想過的生活，會是什麼樣子？ 也許自由從來沒有離我們很遠。 只是偶爾需要停下來，重新想起自己。 
十五歲的時候，總覺得只要快點長大，就能得到自由。 二十五歲的時候，開始相信有了工作、有了收入、有了車、有了房，人生就會慢慢變成自己想要的樣子。 到了三十五歲，很多曾經想要的東西真的有了，卻開始發現，自由好像不是「擁有多少」，而是還能不能選擇自己想怎麼生活。 身邊的人有了家庭、有了孩子，也有了各自要扛的責任。每天上班、回家、處理生活裡大大小小的事情，沒有人真的把我們困住，日子也從來沒有上鎖，只是走著走著，我們有時候會忘記，自己原本想去哪裡。 這首歌不是想抱怨長大，也不是否定現在擁有的一切。 只是到了某個年紀，忽然會想問自己： 如果不用向任何人證明什麼， 我真正想過的生活，會是什麼樣子？ 也許自由從來沒有離我們很遠。 只是偶爾需要停下來，重新想起自己。","動態歌詞
十五歲那年夏天 總覺得下午太長 書包丟在房間 騎著車四處亂晃 口袋沒多少零錢 也沒想過以後怎樣 只覺得再大一點 世界就會變得寬廣 日子明明沒有上鎖 我卻很久沒有走遠 早上出門晚上回來 一年一年也就這樣過 日子明明沒有上鎖 也沒有人說不能走 只是站在門口久了 忘了外面還有什麼 二十五那幾年 開始怕自己太慢 想著車子想著房子 想著存款多一點 朋友問我累不累 我總說年輕就該忙 好像只要再撐幾年 就能過上想要的模樣 日子明明沒有上鎖 我卻很久沒有走遠 早上出門晚上回來 一年一年也就這樣過 日子明明沒有上鎖 也沒有人說不能走 只是站在門口久了 忘了外面還有什麼 三十五歲這一年 大家都有各自的忙 有人接孩子放學 有人趕著回家吃飯 我也有車有地方住 很多事不用再開口講 只是偶爾一個人開很遠 卻不知道要開去哪 以前總想快點長大 後來總想再多賺一點 現在反而會想 那些日子去了哪邊 如果今天不用證明 不用趕著成為誰 我想找個安靜地方 坐一下午也無所謂 也許自由沒有多遠 也不是非得離開什麼 只是有一天醒來 還知道自己想怎麼活 
十五歲那年夏天 總覺得下午太長 書包丟在房間 騎著車四處亂晃 口袋沒多少零錢 也沒想過以後怎樣 只覺得再大一點 世界就會變得寬廣 日子明明沒有上鎖 我卻很久沒有走遠 早上出門晚上回來 一年一年也就這樣過 日子明明沒有上鎖 也沒有人說不能走 只是站在門口久了 忘了外面還有什麼 二十五那幾年 開始怕自己太慢 想著車子想著房子 想著存款多一點 朋友問我累不累 我總說年輕就該忙 好像只要再撐幾年 就能過上想要的模樣 日子明明沒有上鎖 我卻很久沒有走遠 早上出門晚上回來 一年一年也就這樣過 日子明明沒有上鎖 也沒有人說不能走 只是站在門口久了 忘了外面還有什麼 三十五歲這一年 大家都有各自的忙 有人接孩子放學 有人趕著回家吃飯 我也有車有地方住 很多事不用再開口講 只是偶爾一個人開很遠 卻不知道要開去哪 以前總想快點長大 後來總想再多賺一點 現在反而會想 那些日子去了哪邊 如果今天不用證明 不用趕著成為誰 我想找個安靜地方 坐一下午也無所謂 也許自由沒有多遠 也不是非得離開什麼 只是有一天醒來 還知道自己想怎麼活
留言（ 0 ） 最相關留言 所有留言
留言（ 0 ）",2026-08-16,,,False,False,
2026-08-19 00:52:18,realtime,folk,,,16,邢定弘,整個地球的恆溫,9,496,3,https://streetvoice.com/dinghong/songs/874922/,https://streetvoice.com/dinghong/,"https://akstatic.streetvoice.com/song_covers/di/ng/dinghong/hTXNPa6gD4Hfj5dZELqecg.jpeg?x-oss-process=image/resize,m_fixed,h_1,w_1,limit_0/resize,m_fixed,h_630,w_1200,limit_0/watermark,image_c29uZ19jb3ZlcnMvZGkvbmcvZGluZ2hvbmcvaFRYTlBhNmdENEhmajVkWkVMcWVjZy5qcGVnP3gtb3NzLXByb2Nlc3M9aW1hZ2UvcmVzaXplLG1fZml4ZWQsaF8zNDQsd18zNDQsbGltaXRfMA,g_nw,x_428,y_143/watermark,image_YXNzZXQvaW1hZ2VzL21ldGFpbWFnZS1zb25nLnBuZw,g_nw,x_0,y_0",images/874922.jpeg,@dinghong,音樂人,台南市,2021-03-01,2024-03-18 16:58,8,248,25,,https://www.instagram.com/he_n__2,https://youtube.com/@dxxk7414,,,Folk,,,,"封面相片是我的內心世界 我回來了各位 我在憤怒 太陽在憤怒 蒙古草原上的馬在憤怒 但卻有一個蒙古人開心的在唱歌 
封面相片是我的內心世界 我回來了各位
我在憤怒 太陽在憤怒 蒙古草原上的馬在憤怒 但卻有一個蒙古人開心的在唱歌","和你看完一場煙火 此刻淹沒了我的寂寞 它已經划過星空 可我滿眼都是你的眼眸 陪你走過長長街頭 所有的風都因你而溫柔 你百分之一的笑容 就能美過這裡的多 整個地球的恆溫此刻為你失恆 照片裡頭的黃昏 下起雨了 我在同樣的日落時分同樣又想起你了 整個地球的恆溫此刻為你失恆 像狂奔的靈魂 遇上大雨傾盆 全都是你的出現讓我的思緒能夠得到完整 
和你看完一場煙火 此刻淹沒了我的寂寞 它已經划過星空 可我滿眼都是你的眼眸 陪你走過長長街頭 所有的風都因你而溫柔 你百分之一的笑容 就能美過這裡的多
整個地球的恆溫此刻為你失恆 照片裡頭的黃昏 下起雨了 我在同樣的日落時分同樣又想起你了 整個地球的恆溫此刻為你失恆 像狂奔的靈魂 遇上大雨傾盆 全都是你的出現讓我的思緒能夠得到完整
留言（ 3 ） 最相關留言 所有留言
留言（ 3 ）",2026-08-16,,,False,False,
2026-08-19 00:52:18,realtime,folk,,,17,蔡題謙 Tee Train,陪你等待黎明,19,1015,1,https://streetvoice.com/teetrain0112/songs/871583/,https://streetvoice.com/teetrain0112/,"https://akstatic.streetvoice.com/song_covers/te/et/teetrain0112/2uEGEEWsdRUMBDyg4GLasu.jpeg?x-oss-process=image/resize,m_fixed,h_1,w_1,limit_0/resize,m_fixed,h_630,w_1200,limit_0/watermark,image_c29uZ19jb3ZlcnMvdGUvZXQvdGVldHJhaW4wMTEyLzJ1RUdFRVdzZFJVTUJEeWc0R0xhc3UuanBlZz94LW9zcy1wcm9jZXNzPWltYWdlL3Jlc2l6ZSxtX2ZpeGVkLGhfMzQ0LHdfMzQ0LGxpbWl0XzA,g_nw,x_428,y_143/watermark,image_YXNzZXQvaW1hZ2VzL21ldGFpbWFnZS1zb25nLnBuZw,g_nw,x_0,y_0",images/871583.jpeg,@teetrain0112,音樂人,,,2024-01-11 17:13,10,3502,3,,,https://www.youtube.com/user/StreetVoiceTV,第二屆「街聲年度音樂趨勢大獎」擴大規模舉辦！邀張震嶽、熊仔、國國、鄭宜農擔任頒獎嘉賓|||https://blow.streetvoice.com/78673/?utm_source=streetvoice&utm_medium=profile-news-block; 金曲、金音前哨站，第二屆「𝙎𝙩𝙧𝙚𝙚𝙩𝙑𝙤𝙞𝙘𝙚 𝘼𝙬𝙖𝙧𝙙𝙨 街聲年度音樂趨勢大獎」公布全名單|||https://blow.streetvoice.com/78557/?utm_source=streetvoice&utm_medium=profile-news-block; 2024「秋OUT音樂節」9/28、9/29登場！九大舞台陣容、票價、場域全公開|||https://blow.streetvoice.com/76336/?utm_source=streetvoice&utm_medium=profile-news-block,,Singer / Songwriter,陪你等待黎明,https://streetvoice.com/teetrain0112/songs/album/97325877/,,"製作人 Producer/詹詠安 CHAN YUNG AN 作詞 Lyrics/蔡題謙 Tee Train 作曲 Composer/蔡題謙 Tee Train 編曲 Arranger/詹詠安 CHAN YUNG AN、蔡題謙 Tee Train 貝斯 Bass/蔡題謙 Tee Train 鼓 Drums/詹詠安 CHAN YUNG AN 合成器 Synthesizer/詹詠安 CHAN YUNG AN 配唱製作人 Vocal Producer/詹詠安 CHAN YUNG AN 合聲編寫錄製 Background Vocal Arranger and Recording/詹詠安 CHAN YUNG AN、蔡題謙 Tee Train 錄音室 Recording Studio/CHAN YUNG AN’s Room 錄音師 Recording Engineer/詹詠安 CHAN YUNG AN 混音師 Mixing Engineer/詹詠安 CHAN YUNG AN 母帶工程師 Mastering Engineer/史帝伏 Steve.Inn 平面攝影 Graphic photographer/林欣玫 May Lin 視覺設計Album Packaging/林欣玫 May Lin、蔡題謙 Tee Train 
製作人 Producer/詹詠安 CHAN YUNG AN 作詞 Lyrics/蔡題謙 Tee Train 作曲 Composer/蔡題謙 Tee Train 編曲 Arranger/詹詠安 CHAN YUNG AN、蔡題謙 Tee Train 貝斯 Bass/蔡題謙 Tee Train 鼓 Drums/詹詠安 CHAN YUNG AN 合成器 Synthesizer/詹詠安 CHAN YUNG AN 配唱製作人 Vocal Producer/詹詠安 CHAN YUNG AN 合聲編寫錄製 Background Vocal Arranger and Recording/詹詠安 CHAN YUNG AN、蔡題謙 Tee Train 錄音室 Recording Studio/CHAN YUNG AN’s Room 錄音師 Recording Engineer/詹詠安 CHAN YUNG AN 混音師 Mixing Engineer/詹詠安 CHAN YUNG AN 母帶工程師 Mastering Engineer/史帝伏 Steve.Inn 平面攝影 Graphic photographer/林欣玫 May Lin 視覺設計Album Packaging/林欣玫 May Lin、蔡題謙 Tee Train","你站在原地 看著自己 被困在這裡 被人們忘記 你用力吶喊 在只有自己的夜晚 把明天當作答案 可今天卻過不完 你又在夜裡獨自傷心 沒有目的也沒有原因 誰都不能明白 這不是你的決定 一次又一次 失去控制 於是你拼命讓它消失 卻只能淚流不止 躲在我懷裡哭泣 我卻無能為力 你也早已厭倦了生死 和自己的樣子 夜晚終究會過去 我陪你等待黎明 你用力吶喊 在只有自己的夜晚 把昨天當作遺憾 對自己說晚安 
你站在原地 看著自己 被困在這裡 被人們忘記 你用力吶喊 在只有自己的夜晚 把明天當作答案 可今天卻過不完
你又在夜裡獨自傷心 沒有目的也沒有原因 誰都不能明白 這不是你的決定 一次又一次 失去控制
於是你拼命讓它消失 卻只能淚流不止 躲在我懷裡哭泣 我卻無能為力 你也早已厭倦了生死 和自己的樣子 夜晚終究會過去 我陪你等待黎明
你用力吶喊 在只有自己的夜晚 把昨天當作遺憾 對自己說晚安
留言（ 1 ） 最相關留言 所有留言
留言（ 1 ）",2026-08-11,,編輯推薦,True,False,
2026-08-19 00:52:18,realtime,folk,,,18,蔡題謙 Tee Train,晚安,9,795,0,https://streetvoice.com/teetrain0112/songs/871582/,https://streetvoice.com/teetrain0112/,"https://akstatic.streetvoice.com/song_covers/te/et/teetrain0112/TBbNomS6FAKAYkrdGPCcuN.jpeg?x-oss-process=image/resize,m_fixed,h_1,w_1,limit_0/resize,m_fixed,h_630,w_1200,limit_0/watermark,image_c29uZ19jb3ZlcnMvdGUvZXQvdGVldHJhaW4wMTEyL1RCYk5vbVM2RkFLQVlrcmRHUENjdU4uanBlZz94LW9zcy1wcm9jZXNzPWltYWdlL3Jlc2l6ZSxtX2ZpeGVkLGhfMzQ0LHdfMzQ0LGxpbWl0XzA,g_nw,x_428,y_143/watermark,image_YXNzZXQvaW1hZ2VzL21ldGFpbWFnZS1zb25nLnBuZw,g_nw,x_0,y_0",images/871582.jpeg,@teetrain0112,音樂人,,,2024-01-11 17:13,10,3502,3,,,https://www.youtube.com/user/StreetVoiceTV,第二屆「街聲年度音樂趨勢大獎」擴大規模舉辦！邀張震嶽、熊仔、國國、鄭宜農擔任頒獎嘉賓|||https://blow.streetvoice.com/78673/?utm_source=streetvoice&utm_medium=profile-news-block; 金曲、金音前哨站，第二屆「𝙎𝙩𝙧𝙚𝙚𝙩𝙑𝙤𝙞𝙘𝙚 𝘼𝙬𝙖𝙧𝙙𝙨 街聲年度音樂趨勢大獎」公布全名單|||https://blow.streetvoice.com/78557/?utm_source=streetvoice&utm_medium=profile-news-block; 2024「秋OUT音樂節」9/28、9/29登場！九大舞台陣容、票價、場域全公開|||https://blow.streetvoice.com/76336/?utm_source=streetvoice&utm_medium=profile-news-block,,Singer / Songwriter,陪你等待黎明,https://streetvoice.com/teetrain0112/songs/album/97325877/,,"製作人 Producer/詹詠安 CHAN YUNG AN 編曲 Arranger/詹詠安 CHAN YUNG AN、蔡題謙 Tee Train 電吉他 Electric Guitar/蔡題謙 Tee Train、詹詠安 CHAN YUNG AN 貝斯 Bass/詹詠安 CHAN YUNG AN 鼓 Drums/陳楷傑 Jay Chen 鼓技師 Drum Technician/陳郁安 Cindy Chen 合成器 Synthesizer/詹詠安 CHAN YUNG AN 錄音室 Recording Studio/CHAN YUNG AN’s Room、佳聲錄音室 錄音師 Recording Engineer/詹詠安 CHAN YUNG AN、林彥君 Andrew Lin 混音師 Mixing Engineer/詹詠安 CHAN YUNG AN 母帶工程師 Mastering Engineer/史帝伏 Steve.Inn 平面攝影 Graphic photographer/林欣玫 May Lin 視覺設計Album Packaging/林欣玫 May Lin、蔡題謙 Tee Train 
製作人 Producer/詹詠安 CHAN YUNG AN 編曲 Arranger/詹詠安 CHAN YUNG AN、蔡題謙 Tee Train 電吉他 Electric Guitar/蔡題謙 Tee Train、詹詠安 CHAN YUNG AN 貝斯 Bass/詹詠安 CHAN YUNG AN 鼓 Drums/陳楷傑 Jay Chen 鼓技師 Drum Technician/陳郁安 Cindy Chen 合成器 Synthesizer/詹詠安 CHAN YUNG AN 錄音室 Recording Studio/CHAN YUNG AN’s Room、佳聲錄音室 錄音師 Recording Engineer/詹詠安 CHAN YUNG AN、林彥君 Andrew Lin 混音師 Mixing Engineer/詹詠安 CHAN YUNG AN 母帶工程師 Mastering Engineer/史帝伏 Steve.Inn 平面攝影 Graphic photographer/林欣玫 May Lin 視覺設計Album Packaging/林欣玫 May Lin、蔡題謙 Tee Train","晚安 
晚安
留言（ 0 ） 最相關留言 所有留言
留言（ 0 ）",2026-08-11,,編輯推薦,True,False,
2026-08-19 00:52:18,realtime,folk,,,19,Cynthia,你會喜歡我,3,8,1,https://streetvoice.com/cynthiiia/songs/875287/,https://streetvoice.com/cynthiiia/,"https://akstatic.streetvoice.com/song_covers/cy/nt/cynthiiia/LDf3va2e7CHkLfZ4WRt3i3.jpeg?x-oss-process=image/resize,m_fixed,h_1,w_1,limit_0/resize,m_fixed,h_630,w_1200,limit_0/watermark,image_c29uZ19jb3ZlcnMvY3kvbnQvY3ludGhpaWlhL0xEZjN2YTJlN0NIa0xmWjRXUnQzaTMuanBlZz94LW9zcy1wcm9jZXNzPWltYWdlL3Jlc2l6ZSxtX2ZpeGVkLGhfMzQ0LHdfMzQ0LGxpbWl0XzA,g_nw,x_428,y_143/watermark,image_YXNzZXQvaW1hZ2VzL21ldGFpbWFnZS1zb25nLnBuZw,g_nw,x_0,y_0",images/875287.jpeg,@cynthiiia,音樂人,新北市,2020-11-01,2025-08-01 14:16,4,26,8,,https://www.instagram.com/cynthiiia_t,https://youtube.com/@cynthia6135,,,Singer / Songwriter,,,,"這首歌，致不善表達的你 這些...就是你愛我的原因對吧˚ʚ♡ɞ˚ 作詞Lyricist | Cynthia 作曲Composer | Cynthia 編曲Arranger | CAsPER 混音Mixing Engineer | CAsPER 製作人Producer | Cynthia,CAsPER 
這首歌，致不善表達的你 這些...就是你愛我的原因對吧˚ʚ♡ɞ˚
作詞Lyricist | Cynthia 作曲Composer | Cynthia 編曲Arranger | CAsPER 混音Mixing Engineer | CAsPER 製作人Producer | Cynthia,CAsPER","你會喜歡我側臉的輪廓 你會喜歡我自信的笑容 我知道你不會說出來 沒關係就讓我來猜 自律有條理偶爾有點感性的理性 還有顆感恩的心 附加少一根筋 都是為了你 連過馬路都很小心 錯過了班機 不小心拖累你 I'm Sorry 研究了規則 卻還是失算的Disney 想證明我可以 也許還需要再練習 已經成為這趟旅程最好的紀念品 我懂你習慣用行動表達 就算我又搞砸 應該也很可愛吧？ 微笑看著我在你前鏡頭 無可抵擋的光 無可取代的寶藏 是這樣對嗎？ 你會心疼我流淚的時候 想做點什麼卻不知所措 我知道你能感同身受 一個擁抱 就當你都懂 成熟不吵不鬧 整理好情緒再來溝通 絕不委屈自己也不會讓你難受 怎麼捨得放手 生活被工作填滿 還是把你放第一 能一個人吃飯 但有你會更開心 兩條平行線的相遇 算是我還是你幸運 就算我愛你也不會失去自己 我懂你習慣用行動表達 就算我又搞砸 應該也很可愛吧？ 微笑看著我在你前鏡頭 無可抵擋的光 無可取代的寶藏 是這樣對嗎？ 你會喜歡我 不強求你說 再更喜歡我 如果沒猜錯 
你會喜歡我側臉的輪廓 你會喜歡我自信的笑容 我知道你不會說出來 沒關係就讓我來猜
自律有條理偶爾有點感性的理性 還有顆感恩的心 附加少一根筋 都是為了你 連過馬路都很小心
錯過了班機 不小心拖累你 I'm Sorry 研究了規則 卻還是失算的Disney 想證明我可以 也許還需要再練習 已經成為這趟旅程最好的紀念品
我懂你習慣用行動表達 就算我又搞砸 應該也很可愛吧？ 微笑看著我在你前鏡頭 無可抵擋的光 無可取代的寶藏 是這樣對嗎？
你會心疼我流淚的時候 想做點什麼卻不知所措 我知道你能感同身受 一個擁抱 就當你都懂 成熟不吵不鬧 整理好情緒再來溝通 絕不委屈自己也不會讓你難受 怎麼捨得放手
生活被工作填滿 還是把你放第一 能一個人吃飯 但有你會更開心 兩條平行線的相遇 算是我還是你幸運 就算我愛你也不會失去自己
我懂你習慣用行動表達 就算我又搞砸 應該也很可愛吧？ 微笑看著我在你前鏡頭 無可抵擋的光 無可取代的寶藏 是這樣對嗎？
你會喜歡我 不強求你說 再更喜歡我 如果沒猜錯
留言（ 1 ） 最相關留言 所有留言
留言（ 1 ）",2026-08-18,,,False,False,
2026-08-19 00:52:18,realtime,folk,,,20,班長,UNLIKE BEFORE (DEMO),58,3439,12,https://streetvoice.com/ray31444/songs/871359/,https://streetvoice.com/ray31444/,"https://akstatic.streetvoice.com/song_covers/ra/y3/ray31444/9MZv8s97Y2i4J6ncjJwsD8.jpeg?x-oss-process=image/resize,m_fixed,h_1,w_1,limit_0/resize,m_fixed,h_630,w_1200,limit_0/watermark,image_c29uZ19jb3ZlcnMvcmEveTMvcmF5MzE0NDQvOU1adjhzOTdZMmk0SjZuY2pKd3NEOC5qcGVnP3gtb3NzLXByb2Nlc3M9aW1hZ2UvcmVzaXplLG1fZml4ZWQsaF8zNDQsd18zNDQsbGltaXRfMA,g_nw,x_428,y_143/watermark,image_YXNzZXQvaW1hZ2VzL21ldGFpbWFnZS1zb25nLnBuZw,g_nw,x_0,y_0",images/871359.jpeg,@ray31444,音樂人,台北市,2016-05-01,,1,36,,,,https://www.youtube.com/user/StreetVoiceTV,【吹專訪】絲襪小姐主唱小龜：「對現在的我們來說，歌迷不再只是一張張曾經看過的臉，而是一個個認識很久的朋友。」|||https://blow.streetvoice.com/79064/?utm_source=streetvoice&utm_medium=profile-news-block; 【吹專題】金曲與十年前的距離：我不懷念那個時代的不安，但我珍視彼時音樂人的信念。|||https://blow.streetvoice.com/74704/?utm_source=streetvoice&utm_medium=profile-news-block; 【專訪】鹿比∞吠陀談《彼岸》：相對正是痛苦的根源|||https://blow.streetvoice.com/51926/?utm_source=streetvoice&utm_medium=profile-news-block,,Folk,,,,"不再以往 
不再以往","Cause I will never be the same Cause I will never be the same You used to sing me a lullaby~~~ shalalala la la I used to make a fool of my self~~ Shalalala la la I should have done everything I could Shalalala la la It takes time to take another point of view Shalalala la la Cause I will never be the same Cause I will never be the same How could I make it up to you How could I make it up to you How could I make it up to you How could I make it up to you How could I make it up with you, could I make it up? How could I make it up with you, I gave it all up How could I make it up with you, could I make it up? How could I make it up with you, I gave it all up How could I make it up with you, could I make it up? How could I make it up with you, I gave it all up How could I make it up with you, could I make it up? How could I make it up? Could I make it up? 
Cause I will never be the same Cause I will never be the same
You used to sing me a lullaby~~~ shalalala la la I used to make a fool of my self~~ Shalalala la la I should have done everything I could Shalalala la la It takes time to take another point of view Shalalala la la
Cause I will never be the same Cause I will never be the same
How could I make it up to you How could I make it up to you How could I make it up to you How could I make it up to you
How could I make it up with you, could I make it up? How could I make it up with you, I gave it all up How could I make it up with you, could I make it up? How could I make it up with you, I gave it all up How could I make it up with you, could I make it up? How could I make it up with you, I gave it all up How could I make it up with you, could I make it up? How could I make it up? Could I make it up?
留言（ 12 ） 最相關留言 所有留言
留言（ 12 ）",2026-07-27,,Song of the Day; 編輯推薦,True,True,
2026-08-19 00:52:18,realtime,folk,,,21,瑞婷,心牆2026ver,30,12212,20,https://streetvoice.com/juiting93/songs/872967/,https://streetvoice.com/juiting93/,"https://akstatic.streetvoice.com/song_covers/ju/it/juiting93/3KTsCZ2RkTa4ZnBCKcRL5a.jpg?x-oss-process=image/resize,m_fixed,h_1,w_1,limit_0/resize,m_fixed,h_630,w_1200,limit_0/watermark,image_c29uZ19jb3ZlcnMvanUvaXQvanVpdGluZzkzLzNLVHNDWjJSa1RhNFpuQkNLY1JMNWEuanBnP3gtb3NzLXByb2Nlc3M9aW1hZ2UvcmVzaXplLG1fZml4ZWQsaF8zNDQsd18zNDQsbGltaXRfMA,g_nw,x_428,y_143/watermark,image_YXNzZXQvaW1hZ2VzL21ldGFpbWFnZS1zb25nLnBuZw,g_nw,x_0,y_0",images/872967.jpg,@juiting93,音樂人,台北市,2024-07-01,2025-02-03 17:42,2,121,4,,https://www.instagram.com/juiting93,https://www.youtube.com/user/StreetVoiceTV,,,Singer / Songwriter,,,,"希望大家能單曲循環一個禮拜 MV在我的yt非常漂亮 大家不看損失一個億 真心不騙 好聽的話希望大家能追蹤我🤍 獨立音樂人 生存不易 謝謝大家 / 編曲/製作wowthatsmcqueen 
希望大家能單曲循環一個禮拜 MV在我的yt非常漂亮 大家不看損失一個億 真心不騙 好聽的話希望大家能追蹤我🤍 獨立音樂人 生存不易 謝謝大家 / 編曲/製作wowthatsmcqueen","這是沒有提供歌詞的歌曲
留言（ 20 ） 最相關留言 所有留言
留言（ 20 ）",2026-08-06,,,False,False,
2026-08-19 00:52:18,realtime,folk,,,22,22.5,再見再見,48,3506,7,https://streetvoice.com/22_5_2022/songs/871647/,https://streetvoice.com/22_5_2022/,"https://akstatic.streetvoice.com/song_covers/22/_5/22_5_2022/XpVKJQDKy42ibmdtyzWUsQ.jpeg?x-oss-process=image/resize,m_fixed,h_1,w_1,limit_0/resize,m_fixed,h_630,w_1200,limit_0/watermark,image_c29uZ19jb3ZlcnMvMjIvXzUvMjJfNV8yMDIyL1hwVktKUURLeTQyaWJtZHR5eldVc1EuanBlZz94LW9zcy1wcm9jZXNzPWltYWdlL3Jlc2l6ZSxtX2ZpeGVkLGhfMzQ0LHdfMzQ0LGxpbWl0XzA,g_nw,x_428,y_143/watermark,image_YXNzZXQvaW1hZ2VzL21ldGFpbWFnZS1zb25nLnBuZw,g_nw,x_0,y_0",images/871647.jpeg,@22_5_2022,音樂人,台中市,2022-11-01,2022-12-19 17:30,6,474,13,,https://www.instagram.com/22.5_band/,https://www.youtube.com/user/StreetVoiceTV,,,Folk,,,,"22.5〈再見再見〉 (The Days) 第一個再見，是道別； 第二個再見，是再次相見。 我們總以為自己忘記了。 直到再次相見，才發現那些故事一直都在， 只是安靜地留在心裡，等待某一天重新浮現。 — 〈再見再見〉由老王樂隊主唱 立長 擔任製作人，以「再見」同時代表告別與重逢的雙重意義為創作核心，寫下那些在人生路上漸漸走散的人，在某個瞬間再次相遇，讓停留已久的故事重新有了畫面。 再見，是收藏，不是遺忘。 — 製作名單Credits 製作人 Producer｜張立長 LiChang Chang 作詞 Lyricist｜王駿維 Will Wang 作曲 Composer｜王駿維 Will Wang 編曲 Arranger｜22.5 人聲 Vocal｜王駿維 Will Wang、李佳瑜 Jia Yu Lee 木吉他 Acoustic Guitars｜王駿維 Will Wang、李佳瑜Jia Yu Lee 爵士鼓 Drums｜林泓宇 Noi Lin 貝斯 Bass｜劉東昇 Charles Liu 打擊樂器 Percussion｜林泓宇 Noi Lin 和聲 Backing Vocals｜王涏諭 Tingyu Wang、江守禾 Jiang Shou He、林程安 ChengAnn Lin、侯涵溱 Hanchen Hou、徐藜方 Lifang Xu、胡秉昊 Hu Bing Hao、莊叡諭 Ruiyu Chuang、許子安 Ann Hsu、黃心麟 Hsinlin Huang、温得鈞 Dejun Wen、劉靜 Jing Liu、賴玉芬 Yufen Lai 和聲編寫 Backing Vocal Arrangement｜王駿維 Will Wang、張立長 LiChang Chang 管樂 Trumpet and Flugelhorn｜林佳穎 Leia Lin 管樂編曲Brass Arrangement｜林佳穎 Leia Lin、張立長 LiChang Chang、王駿維 Will Wang Mellotron編寫及錄製 Mellotron Arrangement and Recording｜一森 Eason Chou 錄音工程師 Recording Engineer｜一森 Eason Chou 鼓技師 Drum Tech｜馮會元 Feng Hui Yuan 混音師 Mixing Engineer｜一森 Eason Chou 母帶後期處理 Mastering Engineer｜Sterling Sound Will Quinnell 封面設計｜漆案 Chien 樂團經紀｜王雁苓 Annie Wang 
22.5〈再見再見〉 (The Days)
第一個再見，是道別； 第二個再見，是再次相見。
我們總以為自己忘記了。 直到再次相見，才發現那些故事一直都在， 只是安靜地留在心裡，等待某一天重新浮現。
—
〈再見再見〉由老王樂隊主唱 立長 擔任製作人，以「再見」同時代表告別與重逢的雙重意義為創作核心，寫下那些在人生路上漸漸走散的人，在某個瞬間再次相遇，讓停留已久的故事重新有了畫面。
再見，是收藏，不是遺忘。
— 製作名單Credits
製作人 Producer｜張立長 LiChang Chang 作詞 Lyricist｜王駿維 Will Wang 作曲 Composer｜王駿維 Will Wang 編曲 Arranger｜22.5
人聲 Vocal｜王駿維 Will Wang、李佳瑜 Jia Yu Lee 木吉他 Acoustic Guitars｜王駿維 Will Wang、李佳瑜Jia Yu Lee 爵士鼓 Drums｜林泓宇 Noi Lin 貝斯 Bass｜劉東昇 Charles Liu 打擊樂器 Percussion｜林泓宇 Noi Lin
和聲 Backing Vocals｜王涏諭 Tingyu Wang、江守禾 Jiang Shou He、林程安 ChengAnn Lin、侯涵溱 Hanchen Hou、徐藜方 Lifang Xu、胡秉昊 Hu Bing Hao、莊叡諭 Ruiyu Chuang、許子安 Ann Hsu、黃心麟 Hsinlin Huang、温得鈞 Dejun Wen、劉靜 Jing Liu、賴玉芬 Yufen Lai 和聲編寫 Backing Vocal Arrangement｜王駿維 Will Wang、張立長 LiChang Chang
管樂 Trumpet and Flugelhorn｜林佳穎 Leia Lin 管樂編曲Brass Arrangement｜林佳穎 Leia Lin、張立長 LiChang Chang、王駿維 Will Wang Mellotron編寫及錄製 Mellotron Arrangement and Recording｜一森 Eason Chou
錄音工程師 Recording Engineer｜一森 Eason Chou 鼓技師 Drum Tech｜馮會元 Feng Hui Yuan 混音師 Mixing Engineer｜一森 Eason Chou 母帶後期處理 Mastering Engineer｜Sterling Sound Will Quinnell
封面設計｜漆案 Chien 樂團經紀｜王雁苓 Annie Wang","有些時候呢 我會忘記 故事的情節 即便用盡所有力氣 有些時候呢 我會想起 有你的畫面 即便模糊到不堪一擊 再見，再見 年輪又多了幾圈 想念卻像是不曾蔓延 再見，再見 等情節續寫到面前 故事才又有了畫面 有些時候呢 我會忘記 我們故事的情節 即便用盡所有力氣 有些時候呢 我會想起 某些有你的畫面 即便模糊到不堪一擊 再見，再見 時光又走了多遠 身邊的人啊 換了一遍又一遍 再見，再見 等章節續寫到面前 彼此又回到相視而笑的起點 再見，再見 再見是收藏 不是遺忘 
有些時候呢 我會忘記 故事的情節 即便用盡所有力氣
有些時候呢 我會想起 有你的畫面 即便模糊到不堪一擊
再見，再見 年輪又多了幾圈 想念卻像是不曾蔓延
再見，再見 等情節續寫到面前 故事才又有了畫面
有些時候呢 我會忘記 我們故事的情節 即便用盡所有力氣
有些時候呢 我會想起 某些有你的畫面 即便模糊到不堪一擊
再見，再見 時光又走了多遠
身邊的人啊 換了一遍又一遍
再見，再見 等章節續寫到面前 彼此又回到相視而笑的起點
再見，再見 再見是收藏 不是遺忘
留言（ 7 ） 最相關留言 所有留言
留言（ 7 ）",2026-08-03,,編輯推薦,True,False,
2026-08-19 00:52:18,realtime,folk,,,23,SingingSongsForU,《我還是我》,4,60,0,https://streetvoice.com/limraymondl/songs/874961/,https://streetvoice.com/limraymondl/,"https://akstatic.streetvoice.com/song_covers/li/mr/limraymondl/g2tX5zEzVmFmPb4nXbjEFU.jpg?x-oss-process=image/resize,m_fixed,h_1,w_1,limit_0/resize,m_fixed,h_630,w_1200,limit_0/watermark,image_c29uZ19jb3ZlcnMvbGkvbXIvbGltcmF5bW9uZGwvZzJ0WDV6RXpWbUZtUGI0blhiakVGVS5qcGc_eC1vc3MtcHJvY2Vzcz1pbWFnZS9yZXNpemUsbV9maXhlZCxoXzM0NCx3XzM0NCxsaW1pdF8w,g_nw,x_428,y_143/watermark,image_YXNzZXQvaW1hZ2VzL21ldGFpbWFnZS1zb25nLnBuZw,g_nw,x_0,y_0",images/874961.jpg,@limraymondl,音樂人,新加坡,2009-03-01,,40,13,16,,,https://www.youtube.com/user/StreetVoiceTV,,,Singer / Songwriter,,,,"看完 Spiderman 蜘蛛俠  啟發的靈感 
看完 Spiderman 蜘蛛俠  啟發的靈感","這是沒有提供歌詞的歌曲
留言（ 0 ） 最相關留言 所有留言
留言（ 0 ）",2026-08-16,,AI 協作 Singer / Songwriter,False,False,
2026-08-19 00:52:18,realtime,folk,,,24,Leader 立德,小鼻仔之歌,1,23,0,https://streetvoice.com/s951412/songs/874787/,https://streetvoice.com/s951412/,"https://akstatic.streetvoice.com/song_covers/s9/51/s951412/FD2njt3dmghNqtPqDgwnv3.jpeg?x-oss-process=image/resize,m_fixed,h_1,w_1,limit_0/resize,m_fixed,h_630,w_1200,limit_0/watermark,image_c29uZ19jb3ZlcnMvczkvNTEvczk1MTQxMi9GRDJuanQzZG1naE5xdFBxRGd3bnYzLmpwZWc_eC1vc3MtcHJvY2Vzcz1pbWFnZS9yZXNpemUsbV9maXhlZCxoXzM0NCx3XzM0NCxsaW1pdF8w,g_nw,x_428,y_143/watermark,image_YXNzZXQvaW1hZ2VzL21ldGFpbWFnZS1zb25nLnBuZw,g_nw,x_0,y_0",images/874787.jpeg,@s951412,音樂人,新北市,2018-01-01,,4,48,38,,,https://www.youtube.com/user/StreetVoiceTV,,,Folk,,,,"聽了國小同學二十年好友的歐洲之旅故事後, 就寫了這首歌給他的寶寶。 
聽了國小同學二十年好友的歐洲之旅故事後, 就寫了這首歌給他的寶寶。","小鼻仔之歌 Oh oh oh妳還沒來的 時候爸爸媽媽去了很遠的地方 我們在水池旁偷偷許願 希望妳平安又健康 然後媽媽肚肚慢慢變大 小鼻仔 一天比一天強壯 才知道那天丟出了硬幣 換得妳悄悄的來到 一起唱 拉拉拉 拉拉 希望妳 平安的健康長大 一起唱 拉拉拉 拉拉 你就是爸媽地寶貝呀 
小鼻仔之歌
Oh oh oh妳還沒來的 時候爸爸媽媽去了很遠的地方 我們在水池旁偷偷許願 希望妳平安又健康
然後媽媽肚肚慢慢變大 小鼻仔 一天比一天強壯 才知道那天丟出了硬幣 換得妳悄悄的來到
一起唱 拉拉拉 拉拉 希望妳 平安的健康長大 一起唱 拉拉拉 拉拉 你就是爸媽地寶貝呀
留言（ 0 ） 最相關留言 所有留言
留言（ 0 ）",2026-08-14,,編輯推薦,True,False,
2026-08-19 00:52:18,realtime,folk,,,25,JDa,酒鬼The Broken Alcoholic (2026 Version),1,2,1,https://streetvoice.com/JDCACA/songs/875303/,https://streetvoice.com/JDCACA/,"https://akstatic.streetvoice.com/music_albums/JD/CA/JDCACA/bEiKiJRMMsdxsHGvRoKJmG.jpeg?x-oss-process=image/resize,m_fixed,h_1,w_1,limit_0/resize,m_fixed,h_630,w_1200,limit_0/watermark,image_bXVzaWNfYWxidW1zL0pEL0NBL0pEQ0FDQS9iRWlLaUpSTU1zZHhzSEd2Um9LSm1HLmpwZWc_eC1vc3MtcHJvY2Vzcz1pbWFnZS9yZXNpemUsbV9maXhlZCxoXzM0NCx3XzM0NCxsaW1pdF8w,g_nw,x_428,y_143/watermark,image_YXNzZXQvaW1hZ2VzL21ldGFpbWFnZS1zb25nLnBuZw,g_nw,x_0,y_0",images/875303.jpeg,@JDCACA,音樂人,台北市,2011-10-01,,35,555,27,,,https://www.youtube.com/user/StreetVoiceTV,JADE新專輯《Creeper》名稱來自「麥塊」的綠色怪物苦力怕？|||https://blow.streetvoice.com/78051/?utm_source=streetvoice&utm_medium=profile-news-block; SE SO NEON釋出睽違兩年新歌〈Kidd〉回歸 11/15來台開專場！|||https://blow.streetvoice.com/68801/?utm_source=streetvoice&utm_medium=profile-news-block; 搭配涼爽秋季的輕快首選 DSPS迷你專輯《Fully I》將上線|||https://blow.streetvoice.com/46720/?utm_source=streetvoice&utm_medium=profile-news-block,,Folk,DEMO(2020~ ),https://streetvoice.com/JDCACA/songs/album/97321777/,,"2017年寫的歌。這幾年來在好幾場solo set中，滿滿摸索出來一個情感很強烈的版本。最近滿閒的，想說不錄下來有點可惜，於是就這樣啦～ 
2017年寫的歌。這幾年來在好幾場solo set中，滿滿摸索出來一個情感很強烈的版本。最近滿閒的，想說不錄下來有點可惜，於是就這樣啦～","溫柔的酒鬼 躺在地上哭 他看著整片敗壞的藍天 想見見當時的白雲一眼 一眼一眼 只能睡著 我҉̨̲͕͆̆̀͆̑͞其̷̢̛͇̟̥͑̓̈̏̎實҉̡̤̬́͐̈͝不҈̲̩̰̰̋́͜͞喜̶̰̣̤̫̤҇͆̇̇͋̿͜歡҈͖̜̉̍̅͜͞這҈̨̮͎̲̭̤͆̈̈́͝樣̵̧̛͈̖̮͉͔̾̉́̍ 我̵̖͕͐̽̉̄͢͞知̴̡̘̦҇̊͒͛̀道҈̢̰͍̐̀͝我̶̡͇͖̈̐͞不̸̧̞̠̆̏̓̀͒͝好̶̦͓͕͙͌̾͜͞　҈͚͔͙̔̇̊̊̑͜͞我̵̢̪͙̘̮̽̓͠ͅ知҉̧̣̠̒̍̒̔̋͡道҈̱͎͈̓̄̓̐̈́̕͢我̷̞͎̞̍̌͢͡需̵̢͚̫̝̗͋̒̀̃͡要̶̡̛͉͈̎̅̉̇改̴̛̤͚͎̈̾̆͜變҈̬͓͓̊̍̕͜ 我̶̨͇̳͎͑̓͞ͅ已҈̢̝̱̓͋̇̐̕經̷̭̳҇̎̂̚͢這҈̖͇̣̩҇͆̿̌̊͜麼̴̧̦͙̃̒̒̾͠努̸͔̰̙̫҇̾̎̀̆͢力̶̱͖̈̋͊͑͐͜͝了̸̬̠̘̬͊́̉̇͒͢͝ 我̵̡̘͖̟͌́̄̔͝ͅ每̶̡͙͇̯̟̐̿́̍̕天҉̨̙̲̎̃͠早҉̜͇̩͕̟̒͒͢͠上̸̨̮̙҇̉̽͋都̵̢̤͉̜̙̀̊̐̀͝會̸̨͇̝̖̭̭͒̈́̈̓̚͞爬̴̧̖̥͍̘̓͗͡起҈̢̙̭҇̈́̋來҉̡̛̖̦̟̩̔͋̐̃̏運̶̛͖͔̙̪̌͐̽͢動҉͔̝͖͉̭҇̈́̔̅͊͢　̷̯͕͂̈́͜͠ 我̶̧͉̱͇̪͗̌̍̃͠也̵̡͚͈͕̥͂̍̀̕想̷̨̛̯̖̝̬̩̍͐͒̄̌過̴̮̱̮̈̒̄͌̐͢͡要҈̢̬̲̰̩̫̈̀͞靠̴̧͉͙̟͖̜͆̍͠這̴̨̦̞̅̔̾͠份̵̢̖͈̟̏͛́̅̑͞工̷̡̝͓̑̀͝作̵̡͓̖̦̠͓̊̄̊̈͠來̸̢̛̪̗̜̾̓͒́͐養҈̧͔̩͎̬̲̂̄͝活̶̰͍͖̭͖͑̋̋͊͜͠我҉̢̛͖͖̽̃͌̆自̷̢̩̞̟̯҇̂͛己̷̢͎͎̃͑̎̃̚͠ 我̴̡̯͖͓̟̽̅͂̕已̴̨̭̜͌̌͗͂͋͡經̶̡̲̦̘̥̞́̍̉̽͝這̴̡̪̮͎̃͊͞麼̶̣͍͍̭҇̉̏͢努̷̮͇̠̑̽̚͜͠力̷̡̞̰͖͛̑͂̎̒̕了̶̳̽́͌̔̕̚͜ͅ為̸̧͎̫̞͙̥҇͆͐什̴̘̣̤̥҇͒͂́͢麼̵̨̙̳̪̳̤̔̓̊̓͌̕還҈̥̭҇̇̑̏̔͜要̷̳̮͖̠҇͐̇͂̍͜這̶̡̛̥̭̟̦̍̊̈́樣҈̨̮̮̭͒̍̿͠搞҈̗̣̿͌͢͝我҈̡͖̬̲̲̞҇̾̅̈啊̴̢̱̫̤̥͍̈́̃̽͡ 為̴̡͈̟͍͖͛̓͝什҉̡͓̗̌̐́͡麼̶̧̛͉͕̩̈̒̅̈啊҈̘̜͆̓́͜͞為҈̧͈̬̇̑̂̋̋͡ͅ什̶̡̮͈͔̪̭҇̓̚麼̴̧̱͓̀͌̄͡啊̸̮̰̫͙̜́̔͗͢͝　̷̛̘̳̭̠̾̈̽͢ͅ我̵̨̛̬̠́̊͗已̶̧̣͚̲́̈̒̓̎͡經̶̡̰̪͓͈̍̄͐̕這̸̡̥̤̰̦͉̿͛͠麼̷̧̛̣̩͕̜̥̂͆̉̅̒努҈͉̮̳͉҇͑̾̍̏͜力҉̨̫̞̃̃͞了҉̩͕͆̊̕͜ 為҈̢͙͙̤̯̉̈͞ͅ什҉̧̱̠̏̌̕麼̵͓͖͙̈̈̈́̌͜͠要̷̧͕̪̠̐̂͒̇̑͞這̸̨̪̯͈͎̑͆̚͡樣̸̢̲̖̙́̇͞搞҉̣̯̫̍͐͢͠我̶̡͎̲͔͑̓͋̎͞為̶̧̫̘̓̆͌̕什̴̧̖̘̲҇̉͑͌̈́麼̴̨̭͚̿͂́̚͡為̴̨̟͇͈҇͆̈什҉̢̮̥̆́͛͝麼̸̧̮̮͎̃͊̈́͝ͅ為҈̢͎͕͈҇̓̆什̷͉̘͖̫̓͐̏̐̀͢͞麼̷̧̬̦̪̤̀̾̕ͅ為̶̧͖͔͛̊͝什̵̢͍͙̤̬͎̏͌͠麼̶̡̤̘͓̖̀̀͠ͅ 
溫柔的酒鬼 躺在地上哭 他看著整片敗壞的藍天 想見見當時的白雲一眼 一眼一眼 只能睡著
我҉̨̲͕͆̆̀͆̑͞其̷̢̛͇̟̥͑̓̈̏̎實҉̡̤̬́͐̈͝不҈̲̩̰̰̋́͜͞喜̶̰̣̤̫̤҇͆̇̇͋̿͜歡҈͖̜̉̍̅͜͞這҈̨̮͎̲̭̤͆̈̈́͝樣̵̧̛͈̖̮͉͔̾̉́̍ 我̵̖͕͐̽̉̄͢͞知̴̡̘̦҇̊͒͛̀道҈̢̰͍̐̀͝我̶̡͇͖̈̐͞不̸̧̞̠̆̏̓̀͒͝好̶̦͓͕͙͌̾͜͞　҈͚͔͙̔̇̊̊̑͜͞我̵̢̪͙̘̮̽̓͠ͅ知҉̧̣̠̒̍̒̔̋͡道҈̱͎͈̓̄̓̐̈́̕͢我̷̞͎̞̍̌͢͡需̵̢͚̫̝̗͋̒̀̃͡要̶̡̛͉͈̎̅̉̇改̴̛̤͚͎̈̾̆͜變҈̬͓͓̊̍̕͜ 我̶̨͇̳͎͑̓͞ͅ已҈̢̝̱̓͋̇̐̕經̷̭̳҇̎̂̚͢這҈̖͇̣̩҇͆̿̌̊͜麼̴̧̦͙̃̒̒̾͠努̸͔̰̙̫҇̾̎̀̆͢力̶̱͖̈̋͊͑͐͜͝了̸̬̠̘̬͊́̉̇͒͢͝ 我̵̡̘͖̟͌́̄̔͝ͅ每̶̡͙͇̯̟̐̿́̍̕天҉̨̙̲̎̃͠早҉̜͇̩͕̟̒͒͢͠上̸̨̮̙҇̉̽͋都̵̢̤͉̜̙̀̊̐̀͝會̸̨͇̝̖̭̭͒̈́̈̓̚͞爬̴̧̖̥͍̘̓͗͡起҈̢̙̭҇̈́̋來҉̡̛̖̦̟̩̔͋̐̃̏運̶̛͖͔̙̪̌͐̽͢動҉͔̝͖͉̭҇̈́̔̅͊͢　̷̯͕͂̈́͜͠ 我̶̧͉̱͇̪͗̌̍̃͠也̵̡͚͈͕̥͂̍̀̕想̷̨̛̯̖̝̬̩̍͐͒̄̌過̴̮̱̮̈̒̄͌̐͢͡要҈̢̬̲̰̩̫̈̀͞靠̴̧͉͙̟͖̜͆̍͠這̴̨̦̞̅̔̾͠份̵̢̖͈̟̏͛́̅̑͞工̷̡̝͓̑̀͝作̵̡͓̖̦̠͓̊̄̊̈͠來̸̢̛̪̗̜̾̓͒́͐養҈̧͔̩͎̬̲̂̄͝活̶̰͍͖̭͖͑̋̋͊͜͠我҉̢̛͖͖̽̃͌̆自̷̢̩̞̟̯҇̂͛己̷̢͎͎̃͑̎̃̚͠ 我̴̡̯͖͓̟̽̅͂̕已̴̨̭̜͌̌͗͂͋͡經̶̡̲̦̘̥̞́̍̉̽͝這̴̡̪̮͎̃͊͞麼̶̣͍͍̭҇̉̏͢努̷̮͇̠̑̽̚͜͠力̷̡̞̰͖͛̑͂̎̒̕了̶̳̽́͌̔̕̚͜ͅ為̸̧͎̫̞͙̥҇͆͐什̴̘̣̤̥҇͒͂́͢麼̵̨̙̳̪̳̤̔̓̊̓͌̕還҈̥̭҇̇̑̏̔͜要̷̳̮͖̠҇͐̇͂̍͜這̶̡̛̥̭̟̦̍̊̈́樣҈̨̮̮̭͒̍̿͠搞҈̗̣̿͌͢͝我҈̡͖̬̲̲̞҇̾̅̈啊̴̢̱̫̤̥͍̈́̃̽͡ 為̴̡͈̟͍͖͛̓͝什҉̡͓̗̌̐́͡麼̶̧̛͉͕̩̈̒̅̈啊҈̘̜͆̓́͜͞為҈̧͈̬̇̑̂̋̋͡ͅ什̶̡̮͈͔̪̭҇̓̚麼̴̧̱͓̀͌̄͡啊̸̮̰̫͙̜́̔͗͢͝　̷̛̘̳̭̠̾̈̽͢ͅ我̵̨̛̬̠́̊͗已̶̧̣͚̲́̈̒̓̎͡經̶̡̰̪͓͈̍̄͐̕這̸̡̥̤̰̦͉̿͛͠麼̷̧̛̣̩͕̜̥̂͆̉̅̒努҈͉̮̳͉҇͑̾̍̏͜力҉̨̫̞̃̃͞了҉̩͕͆̊̕͜ 為҈̢͙͙̤̯̉̈͞ͅ什҉̧̱̠̏̌̕麼̵͓͖͙̈̈̈́̌͜͠要̷̧͕̪̠̐̂͒̇̑͞這̸̨̪̯͈͎̑͆̚͡樣̸̢̲̖̙́̇͞搞҉̣̯̫̍͐͢͠我̶̡͎̲͔͑̓͋̎͞為̶̧̫̘̓̆͌̕什̴̧̖̘̲҇̉͑͌̈́麼̴̨̭͚̿͂́̚͡為̴̨̟͇͈҇͆̈什҉̢̮̥̆́͛͝麼̸̧̮̮͎̃͊̈́͝ͅ為҈̢͎͕͈҇̓̆什̷͉̘͖̫̓͐̏̐̀͢͞麼̷̧̬̦̪̤̀̾̕ͅ為̶̧͖͔͛̊͝什̵̢͍͙̤̬͎̏͌͠麼̶̡̤̘͓̖̀̀͠ͅ
留言（ 1 ） 最相關留言 所有留言
留言（ 1 ）",2026-08-18,,,False,False,
2026-08-19 00:52:18,realtime,folk,,,26,駱羿 Lewis,就讓我一個人demo,2,201,2,https://streetvoice.com/blue_bar_53t/songs/874251/,https://streetvoice.com/blue_bar_53t/,"https://akstatic.streetvoice.com/profile_images/bl/ue/blue_bar_53t/encJNcigvWbhR2YQJL97EG.jpg?x-oss-process=image/resize,m_fixed,h_1,w_1,limit_0/resize,m_fixed,h_630,w_1200,limit_0/watermark,image_cHJvZmlsZV9pbWFnZXMvYmwvdWUvYmx1ZV9iYXJfNTN0L2VuY0pOY2lndldiaFIyWVFKTDk3RUcuanBnP3gtb3NzLXByb2Nlc3M9aW1hZ2UvcmVzaXplLG1fZml4ZWQsaF8zNDQsd18zNDQsbGltaXRfMA,g_nw,x_428,y_143/watermark,image_YXNzZXQvaW1hZ2VzL21ldGFpbWFnZS1zb25nLnBuZw,g_nw,x_0,y_0",images/874251.jpg,@blue_bar_53t,音樂人,,,,7,13,1,,,https://www.youtube.com/user/StreetVoiceTV,,,Singer / Songwriter,,,,,"吹著冷風 感受寂寞 混亂疑惑 纏繞指縫 昨夜的夢 還給天空 迷失的夢 還給我 藏著傷口 人海遊走 壓抑的淚 過於沈重 還有什麼話 沒說 說了以後 能改變什麼 就讓我一個人 讓我學會不再逃避 讓我一個人 畏懼 你曾是夜裡照耀我的那一盞燈 我親手摘下了 就讓我一個人 讓我學會照顧自己 讓我一個人 哭泣 我曾是你夢裡不離開的那個人 句點我寫下了 未來還給你了 
吹著冷風 感受寂寞 混亂疑惑 纏繞指縫 昨夜的夢 還給天空 迷失的夢 還給我
藏著傷口 人海遊走 壓抑的淚 過於沈重 還有什麼話 沒說 說了以後 能改變什麼
就讓我一個人 讓我學會不再逃避 讓我一個人 畏懼 你曾是夜裡照耀我的那一盞燈 我親手摘下了
就讓我一個人 讓我學會照顧自己 讓我一個人 哭泣 我曾是你夢裡不離開的那個人 句點我寫下了 未來還給你了
留言（ 2 ） 最相關留言 所有留言
留言（ 2 ）",2026-08-12,,編輯推薦,True,False,
2026-08-19 00:52:18,realtime,folk,,,27,邢定弘,靠著我睡吧（抒情版）,2,41,0,https://streetvoice.com/dinghong/songs/875084/,https://streetvoice.com/dinghong/,"https://akstatic.streetvoice.com/song_covers/di/ng/dinghong/VFdq57QShcgpaBPxrvUG63.jpeg?x-oss-process=image/resize,m_fixed,h_1,w_1,limit_0/resize,m_fixed,h_630,w_1200,limit_0/watermark,image_c29uZ19jb3ZlcnMvZGkvbmcvZGluZ2hvbmcvVkZkcTU3UVNoY2dwYUJQeHJ2VUc2My5qcGVnP3gtb3NzLXByb2Nlc3M9aW1hZ2UvcmVzaXplLG1fZml4ZWQsaF8zNDQsd18zNDQsbGltaXRfMA,g_nw,x_428,y_143/watermark,image_YXNzZXQvaW1hZ2VzL21ldGFpbWFnZS1zb25nLnBuZw,g_nw,x_0,y_0",images/875084.jpeg,@dinghong,音樂人,台南市,2021-03-01,2024-03-18 16:58,8,248,25,,https://www.instagram.com/he_n__2,https://youtube.com/@dxxk7414,,,Folk,,,,"當作練習 
當作練習","以前總騎車帶你晃過那寂寥的海邊 我想記住你眺望遠方的身影 再畫成一幅畫送給你 最美的海岸線和你 配上最美麗的歌曲 寫下來後唱給你聽 多想就這樣和你慢慢老去 靜靜 靜靜地海面泛起漣漪 我多想圈住你的倒影 輕輕的輕輕閉上了眼睛 我就默默守著沒說話的你 就靠著我睡吧 就靠著我睡吧 天還沒黑以前我捨不得太快送你回家 
以前總騎車帶你晃過那寂寥的海邊 我想記住你眺望遠方的身影 再畫成一幅畫送給你 最美的海岸線和你 配上最美麗的歌曲 寫下來後唱給你聽 多想就這樣和你慢慢老去
靜靜 靜靜地海面泛起漣漪 我多想圈住你的倒影 輕輕的輕輕閉上了眼睛 我就默默守著沒說話的你 就靠著我睡吧 就靠著我睡吧 天還沒黑以前我捨不得太快送你回家
留言（ 0 ） 最相關留言 所有留言
留言（ 0 ）",2026-08-17,,,False,False,
2026-08-19 00:52:18,realtime,folk,,,28,ChiaSong 嘉頌重奏團,樂脈：多林Duolin,0,91,0,https://streetvoice.com/ChiaSong/songs/874081/,https://streetvoice.com/ChiaSong/,"https://akstatic.streetvoice.com/song_covers/Ch/ia/ChiaSong/3eqb9nNPCQ5uQYW5VyWkAQ.jpeg?x-oss-process=image/resize,m_fixed,h_1,w_1,limit_0/resize,m_fixed,h_630,w_1200,limit_0/watermark,image_c29uZ19jb3ZlcnMvQ2gvaWEvQ2hpYVNvbmcvM2VxYjluTlBDUTV1UVlXNVZ5V2tBUS5qcGVnP3gtb3NzLXByb2Nlc3M9aW1hZ2UvcmVzaXplLG1fZml4ZWQsaF8zNDQsd18zNDQsbGltaXRfMA,g_nw,x_428,y_143/watermark,image_YXNzZXQvaW1hZ2VzL21ldGFpbWFnZS1zb25nLnBuZw,g_nw,x_0,y_0",images/874081.jpeg,@ChiaSong,音樂人,嘉義市,2026-06-01,,8,2,,,,https://www.youtube.com/user/StreetVoiceTV,,,Folk,樂脈 Emotional,https://streetvoice.com/ChiaSong/songs/album/97325889/,,"作曲：楊元碩 演奏：單簧管楊元碩、鋼琴魏郁青 === ＜多林＞，源自阿里山森林鐵路的「多林」站，來自當地原住民鄒族地名「Ngunggutu」的意譯，是茂密森林之意。 單簧管的演奏勾勒出竹林的輕盈律動，鋼琴點綴晨間的清新氣息，溫潤的曲調奏出自然與歲月的流轉。編織出充滿人文情懷的深情樂章。 音樂就如同阿里山多林的環境，也向是曲調中隱藏的古典小曲一樣，無壓力又清新自然。 === #平安、#祥和、#溫馨、#平靜、#開朗、#溫和、#漫步 (公園、步道、咖啡餐飲、纜車、電梯、兒童遊樂) 
作曲：楊元碩 演奏：單簧管楊元碩、鋼琴魏郁青 === ＜多林＞，源自阿里山森林鐵路的「多林」站，來自當地原住民鄒族地名「Ngunggutu」的意譯，是茂密森林之意。
單簧管的演奏勾勒出竹林的輕盈律動，鋼琴點綴晨間的清新氣息，溫潤的曲調奏出自然與歲月的流轉。編織出充滿人文情懷的深情樂章。
音樂就如同阿里山多林的環境，也向是曲調中隱藏的古典小曲一樣，無壓力又清新自然。 === #平安、#祥和、#溫馨、#平靜、#開朗、#溫和、#漫步 (公園、步道、咖啡餐飲、纜車、電梯、兒童遊樂)","這是沒有提供歌詞的歌曲
留言（ 0 ） 最相關留言 所有留言
留言（ 0 ）",2026-08-11,,編輯推薦,True,False,
2026-08-19 00:52:18,realtime,folk,,,29,周國賢 endykohola jaugwokyin,DeepConversation (demo1) 22Apr2021,14,510,5,https://streetvoice.com/vagueEyes/songs/874337/,https://streetvoice.com/vagueEyes/,"https://akstatic.streetvoice.com/song_covers/va/gu/vagueEyes/ndf5u7yuqtxGFcMgJp6NHx.jpg?x-oss-process=image/resize,m_fixed,h_1,w_1,limit_0/resize,m_fixed,h_630,w_1200,limit_0/watermark,image_c29uZ19jb3ZlcnMvdmEvZ3UvdmFndWVFeWVzL25kZjV1N3l1cXR4R0ZjTWdKcDZOSHguanBnP3gtb3NzLXByb2Nlc3M9aW1hZ2UvcmVzaXplLG1fZml4ZWQsaF8zNDQsd18zNDQsbGltaXRfMA,g_nw,x_428,y_143/watermark,image_YXNzZXQvaW1hZ2VzL21ldGFpbWFnZS1zb25nLnBuZw,g_nw,x_0,y_0",images/874337.jpg,@vagueEyes,音樂人,其他,2006-08-01,,6,285,4,,,https://www.youtube.com/user/StreetVoiceTV,,,Singer / Songwriter,,,,,"這是沒有提供歌詞的歌曲
留言（ 5 ） 最相關留言 所有留言
留言（ 5 ）",2026-08-13,,,False,False,
2026-08-19 00:52:18,realtime,folk,,,30,krescen,2026.03.30（demo）,0,4,0,https://streetvoice.com/krescen/songs/875206/,https://streetvoice.com/krescen/,"https://akstatic.streetvoice.com/song_covers/kr/es/krescen/PyYGKmaeMS2ggwH7A2EJqg.jpeg?x-oss-process=image/resize,m_fixed,h_1,w_1,limit_0/resize,m_fixed,h_630,w_1200,limit_0/watermark,image_c29uZ19jb3ZlcnMva3IvZXMva3Jlc2Nlbi9QeVlHS21hZU1TMmdnd0g3QTJFSnFnLmpwZWc_eC1vc3MtcHJvY2Vzcz1pbWFnZS9yZXNpemUsbV9maXhlZCxoXzM0NCx3XzM0NCxsaW1pdF8w,g_nw,x_428,y_143/watermark,image_YXNzZXQvaW1hZ2VzL21ldGFpbWFnZS1zb25nLnBuZw,g_nw,x_0,y_0",images/875206.jpeg,@krescen,音樂人,重慶,2022-05-01,,30,31,13,,,https://www.youtube.com/user/StreetVoiceTV,,,Singer / Songwriter,,,,"工作占据了我很多的时间 但是大部分都是无意义的扯皮消磨时间的事情 24年，25年，26年的3月就很想休息 坚持到七月底终于决定暂停一下 就任性的休息一下 
工作占据了我很多的时间 但是大部分都是无意义的扯皮消磨时间的事情 24年，25年，26年的3月就很想休息 坚持到七月底终于决定暂停一下 就任性的休息一下","在这个连轴转的 世界里 想有一个间隙 可以好好喘息 停下来什么都不想地 就待在原地 发呆在原地 奔走在各种项目席间 仿佛看着一片荒野 每个环节都在把高楼搭建 可坍塌的一刻却又浮想联翩 我恍恍惚惚的站在中间 不由分说的惯性向前 你看 这生产 好像多有成就感 风云变幻的市场席间 加速在改变 资金在流转 你看 今天的话题 明天就改变 世界像什么 变幻莫测 旋转 吸引所有的注意力 更替 分散所有的注意力 我想就这样没有主题 没有主题的创作下去 今天写完今天 就不用去思考明天 预判多精准多浓烈 不过是以流动生命作为前提 如果静止 那就没有意义 我想就这样活在某刻 活在某刻不思考 具体的意义 安静的发呆吹风 放空在自己私密的角落里 外面多吵 更迭多快 都想隔离 反向推走离去 你看 我还在那个夏日阳台的吊床上 吊床上吹着夜风 躺着数星星 2026.03.30 
在这个连轴转的 世界里 想有一个间隙 可以好好喘息 停下来什么都不想地 就待在原地 发呆在原地
奔走在各种项目席间 仿佛看着一片荒野 每个环节都在把高楼搭建 可坍塌的一刻却又浮想联翩 我恍恍惚惚的站在中间 不由分说的惯性向前
你看 这生产 好像多有成就感 风云变幻的市场席间 加速在改变 资金在流转 你看 今天的话题 明天就改变 世界像什么 变幻莫测
旋转 吸引所有的注意力 更替 分散所有的注意力
我想就这样没有主题 没有主题的创作下去 今天写完今天 就不用去思考明天 预判多精准多浓烈 不过是以流动生命作为前提 如果静止 那就没有意义
我想就这样活在某刻 活在某刻不思考 具体的意义 安静的发呆吹风 放空在自己私密的角落里 外面多吵 更迭多快 都想隔离 反向推走离去
你看 我还在那个夏日阳台的吊床上 吊床上吹着夜风 躺着数星星
2026.03.30
留言（ 0 ） 最相關留言 所有留言
留言（ 0 ）",2026-08-18,,,False,False,
2026-08-19 00:52:18,realtime,folk,,,31,我萱xung,願世界溫柔的人,2,17,0,https://streetvoice.com/woooxung/songs/874880/,https://streetvoice.com/woooxung/,"https://akstatic.streetvoice.com/song_covers/wo/oo/woooxung/MFArXWiGCFXFj8pZLxGtqk.jpeg?x-oss-process=image/resize,m_fixed,h_1,w_1,limit_0/resize,m_fixed,h_630,w_1200,limit_0/watermark,image_c29uZ19jb3ZlcnMvd28vb28vd29vb3h1bmcvTUZBclhXaUdDRlhGajhwWkx4R3Rxay5qcGVnP3gtb3NzLXByb2Nlc3M9aW1hZ2UvcmVzaXplLG1fZml4ZWQsaF8zNDQsd18zNDQsbGltaXRfMA,g_nw,x_428,y_143/watermark,image_YXNzZXQvaW1hZ2VzL21ldGFpbWFnZS1zb25nLnBuZw,g_nw,x_0,y_0",images/874880.jpeg,@woooxung,音樂人,台南市,2021-12-01,,4,65,2,,,https://www.youtube.com/user/StreetVoiceTV,,,Singer / Songwriter,,,,"〈願世界溫柔的人〉寫給每一個努力生活，也曾在外界的聲音中感到迷惘的人。 我們總盼望這個世界能溫柔地善待自己，卻有時忘了，自己也可以成為那份溫柔的一部分。也許只是一句小小的祝福、一個不經意的善意，或是在某個人需要的時候，願意伸出手、多理解對方一點，都可能接住一顆正在下墜的心，讓某個人感受到微小卻真實的幸福。 希望這首歌能帶給你無懼的力量，讓你在面對未知、質疑與不被理解的時候，依然有勇氣相信自己，走向真正想去的地方。無論你選擇成為什麼模樣，只要那是你真心喜歡的自己，我都會為你感到驕傲，也會繼續用歌聲陪伴大家，走過每一段需要力量的時刻。 
〈願世界溫柔的人〉寫給每一個努力生活，也曾在外界的聲音中感到迷惘的人。
我們總盼望這個世界能溫柔地善待自己，卻有時忘了，自己也可以成為那份溫柔的一部分。也許只是一句小小的祝福、一個不經意的善意，或是在某個人需要的時候，願意伸出手、多理解對方一點，都可能接住一顆正在下墜的心，讓某個人感受到微小卻真實的幸福。
希望這首歌能帶給你無懼的力量，讓你在面對未知、質疑與不被理解的時候，依然有勇氣相信自己，走向真正想去的地方。無論你選擇成為什麼模樣，只要那是你真心喜歡的自己，我都會為你感到驕傲，也會繼續用歌聲陪伴大家，走過每一段需要力量的時刻。","願世界溫柔的人太多 卻沒有人打破沉默 還以為道歉能掩蓋傷口 言語刺傷了誰好多 願世界溫柔的人不夠 人們的心總看不透 漫天的願望倒轉時空 願你收到我的溫柔 I proud of you Maybe one time you lose It’s ok no one blamed you Just know We will 忘掉那煩惱 管他怎麼做都不重要 我哭我笑我鬧我恨 我的人生我從不逃跑 我知道 我知道 願世界溫柔的人太多 卻沒有人打破沉默 還以為原諒算安慰自我 願你收到我的溫柔 I’m proud of you Maybe one time you lose It’s ok no one blamed you Just know We will 忘掉那煩惱 管他怎麼做都不重要 I‘m proud of you Try to take Bad(thing) Throw…Throw into the pool 你做自己就好 不再去煎熬 找尋人生裡面有意義的目標 I‘m proud of you Try to take Bad(thing) Throw…Throw into the pool 不管他們說了多少 你是你自己 唯一的信號 Just be yourself 不再去煎熬 放肆地看這世界有多美好 
願世界溫柔的人太多 卻沒有人打破沉默 還以為道歉能掩蓋傷口 言語刺傷了誰好多
願世界溫柔的人不夠 人們的心總看不透 漫天的願望倒轉時空 願你收到我的溫柔
I proud of you Maybe one time you lose It’s ok no one blamed you Just know We will 忘掉那煩惱 管他怎麼做都不重要
我哭我笑我鬧我恨 我的人生我從不逃跑 我知道 我知道
願世界溫柔的人太多 卻沒有人打破沉默 還以為原諒算安慰自我 願你收到我的溫柔
I’m proud of you Maybe one time you lose It’s ok no one blamed you Just know We will 忘掉那煩惱 管他怎麼做都不重要
I‘m proud of you Try to take Bad(thing) Throw…Throw into the pool 你做自己就好 不再去煎熬 找尋人生裡面有意義的目標
I‘m proud of you Try to take Bad(thing) Throw…Throw into the pool
不管他們說了多少 你是你自己 唯一的信號
Just be yourself 不再去煎熬 放肆地看這世界有多美好
留言（ 0 ） 最相關留言 所有留言
留言（ 0 ）",2026-08-15,,,False,False,
2026-08-19 00:52:18,realtime,folk,,,32,StreetVoice 未來進行式,2026.08.12 特別來賓：Acid brain酸腦,1,31,0,https://streetvoice.com/svradio/songs/874052/,https://streetvoice.com/svradio/,"https://akstatic.streetvoice.com/song_covers/sv/ra/svradio/T3bcKVod7fydhaTS7E8A4X.jpeg?x-oss-process=image/resize,m_fixed,h_1,w_1,limit_0/resize,m_fixed,h_630,w_1200,limit_0/watermark,image_c29uZ19jb3ZlcnMvc3YvcmEvc3ZyYWRpby9UM2JjS1ZvZDdmeWRoYVRTN0U4QTRYLmpwZWc_eC1vc3MtcHJvY2Vzcz1pbWFnZS9yZXNpemUsbV9maXhlZCxoXzM0NCx3XzM0NCxsaW1pdF8w,g_nw,x_428,y_143/watermark,image_YXNzZXQvaW1hZ2VzL21ldGFpbWFnZS1zb25nLnBuZw,g_nw,x_0,y_0",images/874052.jpeg,@svradio,Podcast,基隆市,2009-06-01,,309,1487,,,,https://www.youtube.com/user/StreetVoiceTV,「StreetVoice 未來進行式」六月登陸飛碟電台 世外桃源任首集嘉賓|||https://blow.streetvoice.com/33663/?utm_source=streetvoice&utm_medium=profile-news-block; 勃發的創作量、新的收入可能：往音樂社群平台發展的StreetVoice，在2021年度報告中分享了哪些資訊？|||https://blow.streetvoice.com/58836/?utm_source=streetvoice&utm_medium=profile-news-block; 返回地球 理化兄弟 P.C.B 新單曲《PSYBERPUNKER》未來進行式搶先首播|||https://blow.streetvoice.com/21388/?utm_source=streetvoice&utm_medium=profile-news-block,,Singer / Songwriter,,,Acid brain酸腦,"酸腦 三年前在街聲上發現一組超帥迷幻新團，當時非常激動，立刻在社群發文：取名酸腦，意思也挺明白的了。成員四人，三個大一、一個高一。老天啊就是這種事，讓人覺得世界還有點希望。今年這夥青年交出新作，帶來地牢與深淵的意象，儼然是場如遊戲視角般的第一人稱奇幻場景之旅，堪稱順利突破第二張魔咒。不過此刻他們也走到了人生發展的關鍵期，即將迎來一些劇烈變動…… 本集來賓： Acid brain酸腦 https://streetvoice.com/acidbrain/ 節目資訊： StreetVoice未來進行式 FB： https://www.facebook.com/StreetVoiceonair/ 主持人：小樹 https://www.instagram.com/chillouttree/ 出品｜街聲股份有限公司 製作人｜韁河媒體工作室 Marks 剪輯｜韁河媒體工作室 Jason Podcast 聯繫信箱：svradio9999@gmail.com *本計畫獲文化部影視及流行音樂產業局 114 年補助 
酸腦 三年前在街聲上發現一組超帥迷幻新團，當時非常激動，立刻在社群發文：取名酸腦，意思也挺明白的了。成員四人，三個大一、一個高一。老天啊就是這種事，讓人覺得世界還有點希望。今年這夥青年交出新作，帶來地牢與深淵的意象，儼然是場如遊戲視角般的第一人稱奇幻場景之旅，堪稱順利突破第二張魔咒。不過此刻他們也走到了人生發展的關鍵期，即將迎來一些劇烈變動……
本集來賓：
Acid brain酸腦
https://streetvoice.com/acidbrain/
https://streetvoice.com/acidbrain/
節目資訊：
StreetVoice未來進行式
FB：
https://www.facebook.com/StreetVoiceonair/
https://www.facebook.com/StreetVoiceonair/
主持人：小樹
https://www.instagram.com/chillouttree/
https://www.instagram.com/chillouttree/
出品｜街聲股份有限公司
製作人｜韁河媒體工作室 Marks
剪輯｜韁河媒體工作室 Jason
Podcast 聯繫信箱：svradio9999@gmail.com
*本計畫獲文化部影視及流行音樂產業局 114 年補助","這是沒有提供歌詞的歌曲
留言（ 0 ） 最相關留言 所有留言
留言（ 0 ）",2026-08-12,,編輯推薦,True,False,
2026-08-19 00:52:18,realtime,folk,,,33,秦漾,长河入梦,1,5,1,https://streetvoice.com/hippopotamus7/songs/875085/,https://streetvoice.com/hippopotamus7/,"https://akstatic.streetvoice.com/song_covers/hi/pp/hippopotamus7/nNCd9fRMJw7JyXyPZHno4r.jpeg?x-oss-process=image/resize,m_fixed,h_1,w_1,limit_0/resize,m_fixed,h_630,w_1200,limit_0/watermark,image_c29uZ19jb3ZlcnMvaGkvcHAvaGlwcG9wb3RhbXVzNy9uTkNkOWZSTUp3N0p5WHlQWkhubzRyLmpwZWc_eC1vc3MtcHJvY2Vzcz1pbWFnZS9yZXNpemUsbV9maXhlZCxoXzM0NCx3XzM0NCxsaW1pdF8w,g_nw,x_428,y_143/watermark,image_YXNzZXQvaW1hZ2VzL21ldGFpbWFnZS1zb25nLnBuZw,g_nw,x_0,y_0",images/875085.jpeg,@hippopotamus7,音樂人,,,,1,1,1,,,https://www.youtube.com/user/StreetVoiceTV,,,Singer / Songwriter,,,,"有一天起床，很想奶奶... 
有一天起床，很想奶奶...","惦记着你 惦记着你的孩子气 惦记着你的坏脾气 惦记着最后的呼吸 走不出梦里 请 请相信我 请相信儿时的梦境 请相信梦中的低语 请相信风里有声 声里有信 环绕的痕迹 woowooo~ woowooo~ 窗外鸟啼 清早苏醒 而我忽然想起 又是在梦里 woowooo~ woowooo~ 你在那里 拥抱彻底 又刹那分离  只想回睡梦里喘息 请 请原谅我 请原谅我困在原地 请原谅时间的缝隙 请原谅你不能等 我只能问 如何能相聚 woowooo~ woowooo~ 生命有期 思念无期 钟声何时提醒  等我去找你 woowooo~ woowooo~ 终章耳语  又再响起 前程的风景 请你的灵魂随我去 
惦记着你 惦记着你的孩子气 惦记着你的坏脾气 惦记着最后的呼吸 走不出梦里
请 请相信我 请相信儿时的梦境 请相信梦中的低语 请相信风里有声 声里有信 环绕的痕迹
woowooo~ woowooo~ 窗外鸟啼 清早苏醒 而我忽然想起 又是在梦里
woowooo~ woowooo~ 你在那里 拥抱彻底 又刹那分离  只想回睡梦里喘息
请 请原谅我 请原谅我困在原地 请原谅时间的缝隙 请原谅你不能等 我只能问 如何能相聚
woowooo~ woowooo~ 生命有期 思念无期 钟声何时提醒  等我去找你
woowooo~ woowooo~ 终章耳语  又再响起 前程的风景 请你的灵魂随我去
留言（ 1 ） 最相關留言 所有留言
留言（ 1 ）",2026-08-17,,,False,False,
2026-08-19 00:52:18,realtime,folk,,,34,曾柏崴,Lost In Translation,4,116,2,https://streetvoice.com/void1z3/songs/874911/,https://streetvoice.com/void1z3/,"https://akstatic.streetvoice.com/song_covers/vo/id/void1z3/oMvsiheodgvBQQrQNcaiq6.jpg?x-oss-process=image/resize,m_fixed,h_1,w_1,limit_0/resize,m_fixed,h_630,w_1200,limit_0/watermark,image_c29uZ19jb3ZlcnMvdm8vaWQvdm9pZDF6My9vTXZzaWhlb2RndkJRUXJRTmNhaXE2LmpwZz94LW9zcy1wcm9jZXNzPWltYWdlL3Jlc2l6ZSxtX2ZpeGVkLGhfMzQ0LHdfMzQ0LGxpbWl0XzA,g_nw,x_428,y_143/watermark,image_YXNzZXQvaW1hZ2VzL21ldGFpbWFnZS1zb25nLnBuZw,g_nw,x_0,y_0",images/874911.jpg,@void1z3,音樂人,,,,9,57,47,,,https://www.youtube.com/user/StreetVoiceTV,,,Singer / Songwriter,,,,"致停下的旅程 
致停下的旅程","As i crawled into bed and fell to my knees The tears somehow drenched my mattress It’s the first time in so long that I’ve been able to feel A drowsy bedroom that was dimly lighted Took a knife and stabbed through its heart Oh, how well do you think it would become When everything’s lost in translation? I saw you I saw you Falling apart I never did… 
As i crawled into bed and fell to my knees The tears somehow drenched my mattress It’s the first time in so long that I’ve been able to feel
A drowsy bedroom that was dimly lighted Took a knife and stabbed through its heart Oh, how well do you think it would become When everything’s lost in translation?
I saw you I saw you Falling apart I never did…
留言（ 2 ） 最相關留言 所有留言
留言（ 2 ）",2026-08-15,,,False,False,
2026-08-19 00:52:18,realtime,folk,,,35,Segalin,歌名 : 找一個快樂的理由-(男女合唱)---[七夕情人節限定],2,40,0,https://streetvoice.com/sega_lin/songs/874798/,https://streetvoice.com/sega_lin/,"https://akstatic.streetvoice.com/song_covers/se/ga/sega_lin/nw4fqtppyuPNYhfzxVb4Vw.jpeg?x-oss-process=image/resize,m_fixed,h_1,w_1,limit_0/resize,m_fixed,h_630,w_1200,limit_0/watermark,image_c29uZ19jb3ZlcnMvc2UvZ2Evc2VnYV9saW4vbnc0ZnF0cHB5dVBOWWhmenhWYjRWdy5qcGVnP3gtb3NzLXByb2Nlc3M9aW1hZ2UvcmVzaXplLG1fZml4ZWQsaF8zNDQsd18zNDQsbGltaXRfMA,g_nw,x_428,y_143/watermark,image_YXNzZXQvaW1hZ2VzL21ldGFpbWFnZS1zb25nLnBuZw,g_nw,x_0,y_0",images/874798.jpeg,@sega_lin,音樂人,,,,16,3,2,,,https://www.youtube.com/user/StreetVoiceTV,,,Singer / Songwriter,,,,"這首歌獻給我的愛人,祝她一生平安健康快樂,祝她情人節快樂! 也祝福大家有情人街成眷屬! 七夕情人節大家幸福快樂! 
這首歌獻給我的愛人,祝她一生平安健康快樂,祝她情人節快樂! 也祝福大家有情人街成眷屬! 七夕情人節大家幸福快樂!","製作人 : 林 翔 作詞 : 林 翔 AI協作 AI唱聲 (女)嗯嗯嗯 (男) 我想牽著你的手 那是我唯一快樂的理由 就這樣牽著你的手 快樂的漫遊 嗯嗯 隨人怎麼說 嗯嗯嗯 不管指責那麼多 嗯嗯嗯 我只想牽著你的手 嗯嗯嗯 雙掌緊握 嗯嗯 (男女) 喔喔喔 別讓壞情緒上心頭  嗯嗯嗯 心隨境轉 凡事開懷圓滿 我想牽著你的手 (男女) 啊啊 我的生命與愛 都跟著你走 這是人生中 唯一快樂的理由 嗯嗯 快樂的理由 啊啊啊   啊啊啊 啊啊啊   啊啊啊 (女) 啊啊啊   我想牽著你的手 啊啊啊   我想牽這你的手 啊啊啊   風風雨雨都陪著你走 嗯嗯 這是唯一快樂的理由 喔喔喔   別讓壞情緒上心頭 喔喔喔   心隨境轉 凡事開懷圓滿 喔喔喔 喔喔喔 我想牽著牽著你的手 喔喔喔 我的生命與愛 都跟著你走 嗯嗯 這是人生中 我唯一快樂的理由 嗯嗯 快樂的理由 牽著你的手   是我最快樂的理由 嗯嗯 
製作人 : 林 翔 作詞 : 林 翔 AI協作 AI唱聲
(女)嗯嗯嗯 (男) 我想牽著你的手 那是我唯一快樂的理由 就這樣牽著你的手 快樂的漫遊 嗯嗯 隨人怎麼說 嗯嗯嗯 不管指責那麼多 嗯嗯嗯 我只想牽著你的手 嗯嗯嗯 雙掌緊握 嗯嗯 (男女) 喔喔喔 別讓壞情緒上心頭  嗯嗯嗯 心隨境轉 凡事開懷圓滿 我想牽著你的手 (男女) 啊啊 我的生命與愛 都跟著你走 這是人生中 唯一快樂的理由 嗯嗯 快樂的理由
啊啊啊   啊啊啊 啊啊啊   啊啊啊
(女) 啊啊啊   我想牽著你的手 啊啊啊   我想牽這你的手 啊啊啊   風風雨雨都陪著你走 嗯嗯 這是唯一快樂的理由 喔喔喔   別讓壞情緒上心頭 喔喔喔   心隨境轉 凡事開懷圓滿 喔喔喔 喔喔喔 我想牽著牽著你的手 喔喔喔 我的生命與愛 都跟著你走 嗯嗯 這是人生中 我唯一快樂的理由 嗯嗯 快樂的理由 牽著你的手   是我最快樂的理由 嗯嗯
留言（ 0 ） 最相關留言 所有留言
留言（ 0 ）",2026-08-14,,AI 協作 Singer / Songwriter,False,False,
2026-08-19 00:52:18,realtime,folk,,,36,悅樂Mandy Tan,在你懷裡In your Embrace,5,43,4,https://streetvoice.com/YueYue1331/songs/874370/,https://streetvoice.com/YueYue1331/,"https://akstatic.streetvoice.com/song_covers/Yu/eY/YueYue1331/FeyoosuZYvN5JnVeJej8K9.jpg?x-oss-process=image/resize,m_fixed,h_1,w_1,limit_0/resize,m_fixed,h_630,w_1200,limit_0/watermark,image_c29uZ19jb3ZlcnMvWXUvZVkvWXVlWXVlMTMzMS9GZXlvb3N1Wll2TjVKblZlSmVqOEs5LmpwZz94LW9zcy1wcm9jZXNzPWltYWdlL3Jlc2l6ZSxtX2ZpeGVkLGhfMzQ0LHdfMzQ0LGxpbWl0XzA,g_nw,x_428,y_143/watermark,image_YXNzZXQvaW1hZ2VzL21ldGFpbWFnZS1zb25nLnBuZw,g_nw,x_0,y_0",images/874370.jpg,@YueYue1331,音樂人,,,,5,19,5,,,https://www.youtube.com/user/StreetVoiceTV,,,Singer / Songwriter,,,,"我第一首寫的 原創歌曲✨ 當初是大學畢業，方向不確定，剛出社會 磕磕碰碰 不順利，你有沒有過，在這種時候 遇見某個人，讓你可以不要想那麼多，給你鼓勵、力量？ 演唱 Singer ｜Mandy Tan 悅樂 詞曲 Producer｜Mandy Tan 悅樂 編曲 Arranger｜Lee Joon Haw李俊濠 Pauline Ngu 吴恩慈 鋼琴 Keyboards ｜Pauline Ngu 吴恩慈 貝斯 Bass｜Lee Joon Haw 李俊濠 鼓 Drum Programming ｜ 錄音 Recording Engineer｜Freddy Chan陳冠名 錄音室 Recording Studio｜ 高雄名家錄音室 混音師 Mixing Engineer｜Cavier吴其蓂 混音室 Mixing Studio｜Warm Music Studio 母带后期处理 Mastering｜Cavier吴其蓂 
我第一首寫的 原創歌曲✨ 當初是大學畢業，方向不確定，剛出社會 磕磕碰碰 不順利，你有沒有過，在這種時候 遇見某個人，讓你可以不要想那麼多，給你鼓勵、力量？
演唱 Singer ｜Mandy Tan 悅樂 詞曲 Producer｜Mandy Tan 悅樂 編曲 Arranger｜Lee Joon Haw李俊濠 Pauline Ngu 吴恩慈 鋼琴 Keyboards ｜Pauline Ngu 吴恩慈 貝斯 Bass｜Lee Joon Haw 李俊濠 鼓 Drum Programming ｜ 錄音 Recording Engineer｜Freddy Chan陳冠名 錄音室 Recording Studio｜ 高雄名家錄音室 混音師 Mixing Engineer｜Cavier吴其蓂 混音室 Mixing Studio｜Warm Music Studio 母带后期处理 Mastering｜Cavier吴其蓂","Verse 1: C                 G/B 天暗了    星星亮了 Am            Am/G 我微笑得很累了 F                         Em7   Am7 但天空再黑暗 前方的路有多迷茫 Dm7                  G 我有一顆為我閃亮的星星 Chorus: C.         G 在你懷裏   我瞬間感到安心 Am         G 在你懷裏   眼淚就釋放出來 F.         C.   G/B  Am 不必假裝   不必偽裝 Dm7.    Dm7/G   G 我其實沒有 那麽堅強 C.          G 在你懷裏   哭完了安心睡著 Am         G 在你懷裏   釋懷的幸福滋味 F.         C.   G/B  Am 你    多麽愛我的你 Dm7         G.         C 不再猶豫   我屬於你的懷裏 Verse 2: C                 G/B 長大了 世界變了 Am            Am/G 事情都變得複雜了 F                         Em7   Am7 但天空再黑暗 前方的路有多迷茫 Dm7                  G 我有一顆為我閃亮的星星 Chorus: C.         G 在你懷裏   我瞬間感到安心 Am         G 在你懷裏   眼淚就釋放出來 F.         C.   G/B  Am 不必假裝   不必偽裝 Dm7.    Dm7/G   G 我其實沒有 那麽堅強 C.          G 在你懷裏   哭完了安心睡著 Am         G 在你懷裏   釋懷的幸福滋味 F.         C.   G/B  Am 妳   多麽愛我的你 Dm7         G.         C 不再猶豫   我屬於你的懷裏 Bridge: Am 眼淚傾盆而下 Em 不是受了委屈 F.          Dm7 而是在你懷裏  滿滿的感動 G 你的愛 C.          G 在你懷裏   哭完了安心睡著 Am         G 在你懷裏   釋懷的幸福滋味 F.         C.   G/B  Am 你   多麽愛我的妳 Dm7         G.         C 不再猶豫   我屬於你的懷裏 
Verse 1: C                 G/B 天暗了    星星亮了 Am            Am/G 我微笑得很累了 F                         Em7   Am7 但天空再黑暗 前方的路有多迷茫 Dm7                  G 我有一顆為我閃亮的星星
Chorus: C.         G 在你懷裏   我瞬間感到安心 Am         G 在你懷裏   眼淚就釋放出來 F.         C.   G/B  Am 不必假裝   不必偽裝 Dm7.    Dm7/G   G 我其實沒有 那麽堅強 C.          G 在你懷裏   哭完了安心睡著 Am         G 在你懷裏   釋懷的幸福滋味 F.         C.   G/B  Am 你    多麽愛我的你 Dm7         G.         C 不再猶豫   我屬於你的懷裏
Verse 2: C                 G/B 長大了 世界變了 Am            Am/G 事情都變得複雜了
F                         Em7   Am7 但天空再黑暗 前方的路有多迷茫 Dm7                  G 我有一顆為我閃亮的星星
Chorus: C.         G 在你懷裏   我瞬間感到安心 Am         G 在你懷裏   眼淚就釋放出來 F.         C.   G/B  Am 不必假裝   不必偽裝 Dm7.    Dm7/G   G 我其實沒有 那麽堅強 C.          G 在你懷裏   哭完了安心睡著 Am         G 在你懷裏   釋懷的幸福滋味 F.         C.   G/B  Am 妳   多麽愛我的你 Dm7         G.         C 不再猶豫   我屬於你的懷裏
Bridge: Am 眼淚傾盆而下 Em 不是受了委屈 F.          Dm7 而是在你懷裏  滿滿的感動 G 你的愛
C.          G 在你懷裏   哭完了安心睡著 Am         G 在你懷裏   釋懷的幸福滋味 F.         C.   G/B  Am 你   多麽愛我的妳 Dm7         G.         C 不再猶豫   我屬於你的懷裏
留言（ 4 ） 最相關留言 所有留言
留言（ 4 ）",2026-08-13,,,False,False,
2026-08-19 00:52:18,realtime,folk,,,37,君君桑,在地鐵裡,3,180,6,https://streetvoice.com/hochun/songs/874413/,https://streetvoice.com/hochun/,"https://akstatic.streetvoice.com/song_covers/ho/ch/hochun/UigitTpZQZXfP4xi35bmru.jpeg?x-oss-process=image/resize,m_fixed,h_1,w_1,limit_0/resize,m_fixed,h_630,w_1200,limit_0/watermark,image_c29uZ19jb3ZlcnMvaG8vY2gvaG9jaHVuL1VpZ2l0VHBaUVpYZlA0eGkzNWJtcnUuanBlZz94LW9zcy1wcm9jZXNzPWltYWdlL3Jlc2l6ZSxtX2ZpeGVkLGhfMzQ0LHdfMzQ0LGxpbWl0XzA,g_nw,x_428,y_143/watermark,image_YXNzZXQvaW1hZ2VzL21ldGFpbWFnZS1zb25nLnBuZw,g_nw,x_0,y_0",images/874413.jpeg,@hochun,音樂人,新北市,2013-08-01,,9,5,2,,,https://www.youtube.com/user/StreetVoiceTV,,,Singer / Songwriter,,,,"這首歌的副歌的旋律，我自己覺得很打動我的心，加上歌詞讓我覺得很心酸的感覺 
這首歌的副歌的旋律，我自己覺得很打動我的心，加上歌詞讓我覺得很心酸的感覺","( verse ) 你總是說我們 缺少一種感動 我知道是少了戀愛的滋味 你不清楚 愛是什麼 只想要有人陪 （ chorus ) 依然記得在地鐵裡 你擁抱著我 不願說分手 淚水一直流 只能當作最後你的溫柔 依然記得在馬路邊 你親吻著我 不願說出口 你已不愛我 只剩親人的互動 傷心的街頭 （ chorus 2 ) 依然記得在地鐵裡 你擁抱著我 不願說分手 淚水一直流 只能當作最後你的溫柔 依然記得在馬路邊 你親吻著我 不願說出口 你已不愛我 只剩親人的互動 傷心的街頭 
( verse ) 你總是說我們 缺少一種感動 我知道是少了戀愛的滋味 你不清楚 愛是什麼 只想要有人陪
（ chorus ) 依然記得在地鐵裡 你擁抱著我 不願說分手 淚水一直流 只能當作最後你的溫柔
依然記得在馬路邊 你親吻著我 不願說出口 你已不愛我 只剩親人的互動 傷心的街頭
（ chorus 2 ) 依然記得在地鐵裡 你擁抱著我 不願說分手 淚水一直流 只能當作最後你的溫柔
依然記得在馬路邊 你親吻著我 不願說出口 你已不愛我 只剩親人的互動 傷心的街頭
留言（ 6 ） 最相關留言 所有留言
留言（ 6 ）",2026-08-14,,AI 協作 Singer / Songwriter,False,False,
2026-08-19 00:52:18,realtime,folk,,,38,Yao,落葉歸根（Feat.Leader立德),8,222,6,https://streetvoice.com/kevenyao2002/songs/873468/,https://streetvoice.com/kevenyao2002/,"https://akstatic.streetvoice.com/song_covers/ke/ve/kevenyao2002/ToCLdDPpnwrcGSc8EaTztx.jpg?x-oss-process=image/resize,m_fixed,h_1,w_1,limit_0/resize,m_fixed,h_630,w_1200,limit_0/watermark,image_c29uZ19jb3ZlcnMva2UvdmUva2V2ZW55YW8yMDAyL1RvQ0xkRFBwbndyY0dTYzhFYVR6dHguanBnP3gtb3NzLXByb2Nlc3M9aW1hZ2UvcmVzaXplLG1fZml4ZWQsaF8zNDQsd18zNDQsbGltaXRfMA,g_nw,x_428,y_143/watermark,image_YXNzZXQvaW1hZ2VzL21ldGFpbWFnZS1zb25nLnBuZw,g_nw,x_0,y_0",images/873468.jpg,@kevenyao2002,音樂人,新北市,2013-09-01,,2,30,5,,,https://www.youtube.com/user/StreetVoiceTV,THAT’S MY SHHH聯手國語作業簿舉辦嘻哈派對「TM國2」邀陳珊妮、陳嫺靜等30組陣容輪番登台|||https://blow.streetvoice.com/89094/?utm_source=streetvoice&utm_medium=profile-news-block; 李瀧出版新書《我是這樣走到這裡》梳理家庭創傷 新書分享會將與作家李屏瑤對談|||https://blow.streetvoice.com/86085/?utm_source=streetvoice&utm_medium=profile-news-block; 跨界樂團血のヤオヤ發行首張專輯《MEED》結合動畫、玩具概念|||https://blow.streetvoice.com/85044/?utm_source=streetvoice&utm_medium=profile-news-block,,Folk,,,Leader 立德,"送給我爸爸。 詞：Yao 曲：Yao Guitar：Yao Vocal  ：Leader 立德 混音母帶：張寬 
送給我爸爸。
詞：Yao 曲：Yao Guitar：Yao Vocal  ：Leader 立德 混音母帶：張寬","你 已經精疲力盡 只 剩下最後一口氣 但我還放不下 還放不下 渴望 聽見你的聲音 想熟睡在你的懷裡 但我沒辦法 再等下去 一切 將煙消雲散 所有的苦難化作沙塵 落葉總有天歸根 願我是你記一輩子的人 總覺得 遺憾惋惜 我們會在 終點相遇 人生如夢 做你自己 一切 將煙消雲散 所有的苦難 化作沙塵 落葉總 有天歸根 願我是你記一輩子的人 一切 將煙消雲散 所有的苦難 化作沙塵 落葉總 有天歸根 願我是你記一輩子的人 願我是你  是你記一輩子 的人 
你 已經精疲力盡 只 剩下最後一口氣 但我還放不下 還放不下
渴望 聽見你的聲音 想熟睡在你的懷裡 但我沒辦法 再等下去
一切 將煙消雲散 所有的苦難化作沙塵
落葉總有天歸根 願我是你記一輩子的人
總覺得 遺憾惋惜 我們會在 終點相遇 人生如夢 做你自己
一切 將煙消雲散 所有的苦難 化作沙塵
落葉總 有天歸根 願我是你記一輩子的人
一切 將煙消雲散 所有的苦難 化作沙塵
落葉總 有天歸根 願我是你記一輩子的人 願我是你  是你記一輩子 的人
留言（ 6 ） 最相關留言 所有留言
留言（ 6 ）",2026-08-08,,編輯推薦,True,False,
2026-08-19 00:52:18,realtime,folk,,,39,駱羿 Lewis,文樂之歌-回家版,1,30,0,https://streetvoice.com/blue_bar_53t/songs/874824/,https://streetvoice.com/blue_bar_53t/,"https://akstatic.streetvoice.com/song_covers/bl/ue/blue_bar_53t/aybSmLHA6v6jcDTUQ2TB7E.jpg?x-oss-process=image/resize,m_fixed,h_1,w_1,limit_0/resize,m_fixed,h_630,w_1200,limit_0/watermark,image_c29uZ19jb3ZlcnMvYmwvdWUvYmx1ZV9iYXJfNTN0L2F5YlNtTEhBNnY2amNEVFVRMlRCN0UuanBnP3gtb3NzLXByb2Nlc3M9aW1hZ2UvcmVzaXplLG1fZml4ZWQsaF8zNDQsd18zNDQsbGltaXRfMA,g_nw,x_428,y_143/watermark,image_YXNzZXQvaW1hZ2VzL21ldGFpbWFnZS1zb25nLnBuZw,g_nw,x_0,y_0",images/874824.jpg,@blue_bar_53t,音樂人,,,,7,13,1,,,https://www.youtube.com/user/StreetVoiceTV,,,Singer / Songwriter,,,,,"文樂的秋山風景 蝴蝶谷綠水長流 還有那美麗的相思林 是否還記得我 我把過去的回憶 當作今日的懷念 那時我並不想離開 只是尋求理想 當我要離開的時候 鳳凰花正開著 好像在對我祝福 早日成功回來 文樂 最想念的地方 有童年的足跡 徘徊在腦海裡 文樂 你是否知道 靜靜的午夜裡 我正想著你 文樂 我要告訴你 我寂寞的話 你就像永不褪色的夢 
文樂的秋山風景 蝴蝶谷綠水長流 還有那美麗的相思林 是否還記得我
我把過去的回憶 當作今日的懷念 那時我並不想離開 只是尋求理想
當我要離開的時候 鳳凰花正開著 好像在對我祝福 早日成功回來
文樂 最想念的地方 有童年的足跡 徘徊在腦海裡
文樂 你是否知道 靜靜的午夜裡 我正想著你
文樂 我要告訴你 我寂寞的話 你就像永不褪色的夢
留言（ 0 ） 最相關留言 所有留言
留言（ 0 ）",2026-08-15,,,False,False,
2026-08-19 00:52:18,realtime,folk,,,40,賴建宇,上水的天人菊 (演奏版),0,24,0,https://streetvoice.com/ulysses_lai/songs/874340/,https://streetvoice.com/ulysses_lai/,"https://akstatic.streetvoice.com/song_covers/ul/ys/ulysses_lai/djGTWxUALcMHiCD2Kb2Dui.jpeg?x-oss-process=image/resize,m_fixed,h_1,w_1,limit_0/resize,m_fixed,h_630,w_1200,limit_0/watermark,image_c29uZ19jb3ZlcnMvdWwveXMvdWx5c3Nlc19sYWkvZGpHVFd4VUFMY01IaUNEMktiMkR1aS5qcGVnP3gtb3NzLXByb2Nlc3M9aW1hZ2UvcmVzaXplLG1fZml4ZWQsaF8zNDQsd18zNDQsbGltaXRfMA,g_nw,x_428,y_143/watermark,image_YXNzZXQvaW1hZ2VzL21ldGFpbWFnZS1zb25nLnBuZw,g_nw,x_0,y_0",images/874340.jpeg,@ulysses_lai,音樂人,台中市,2026-06-01,,13,26,,,,https://www.youtube.com/user/StreetVoiceTV,,,Folk,,,,"本歌曲是我2010年參加澎湖縣政府舉辦的「天人菊歌曲創作比賽」作品。「天人菊」是澎湖縣的縣花，當年官方希望能以天人菊在海風與烈日中盛開的生命力為靈感，為在地打造專屬的形象歌曲。 原作是以國台語交錯的歌詞演唱，這次改編為演奏版，希望能呈現澎湖寧靜安逸的悠閒海島風情。 版權所有，未經授權請勿任意使用。 
本歌曲是我2010年參加澎湖縣政府舉辦的「天人菊歌曲創作比賽」作品。「天人菊」是澎湖縣的縣花，當年官方希望能以天人菊在海風與烈日中盛開的生命力為靈感，為在地打造專屬的形象歌曲。
原作是以國台語交錯的歌詞演唱，這次改編為演奏版，希望能呈現澎湖寧靜安逸的悠閒海島風情。
版權所有，未經授權請勿任意使用。","這是沒有提供歌詞的歌曲
留言（ 0 ） 最相關留言 所有留言
留言（ 0 ）",2026-08-13,,,False,False,
2026-08-19 00:52:18,realtime,folk,,,41,Sherry,I Saw You (我見過你) (Acoustic Demo),1,1,0,https://streetvoice.com/SherrysOriginalSongs/songs/874309/,https://streetvoice.com/SherrysOriginalSongs/,"https://akstatic.streetvoice.com/song_covers/Sh/er/SherrysOriginalSongs/gRGHXH6VobVWVXXjZ3296h.jpeg?x-oss-process=image/resize,m_fixed,h_1,w_1,limit_0/resize,m_fixed,h_630,w_1200,limit_0/watermark,image_c29uZ19jb3ZlcnMvU2gvZXIvU2hlcnJ5c09yaWdpbmFsU29uZ3MvZ1JHSFhINlZvYlZXVlhYalozMjk2aC5qcGVnP3gtb3NzLXByb2Nlc3M9aW1hZ2UvcmVzaXplLG1fZml4ZWQsaF8zNDQsd18zNDQsbGltaXRfMA,g_nw,x_428,y_143/watermark,image_YXNzZXQvaW1hZ2VzL21ldGFpbWFnZS1zb25nLnBuZw,g_nw,x_0,y_0",images/874309.jpeg,@SherrysOriginalSongs,音樂人,美國,2026-08-01,,2,,1,,,https://www.youtube.com/user/StreetVoiceTV,2025北流耶誕小鎮「耶誕音樂嘉年華」 12/20、12/21馬念先、鄭宜農、SherryZ鄭雙雙領銜10組卡司SUB舞台開唱！|||https://blow.streetvoice.com/85305/?utm_source=streetvoice&utm_medium=profile-news-block; 115年流行音樂製作發行補助案「錄製升級類」獲補助名單公布|||https://blow.streetvoice.com/89284/?utm_source=streetvoice&utm_medium=profile-news-block; aDAN薛詒丹攜手Gummy B推出新歌〈出口〉Sōryo操刀編曲混音|||https://blow.streetvoice.com/89033/?utm_source=streetvoice&utm_medium=profile-news-block,,Folk,,,,"🎬 歡迎訂閱我的 YouTube 頻道觀看完整影片： https://youtu.be/uKBGlcMQCKQ?si=tsJp2X8KYVFTmNW3 這是《I SAW YOU》，一首原創、充滿電影感的原聲敘事歌曲。 它起源於五月底我寫的一首靜謐的詩，兩週後，旋律浮現在我的腦海，賦予了它生命。這首歌讓我意識到，生命短暫，不該讓我的音樂藏在臥室裡。我想要用我的歌聲和吉他，在客廳裡，營造出一種電影般的氛圍。 我是一名雙語詞曲創作者。我用一把吉他，將腦海中的想像與細膩的情感轉化為憂傷、浪漫、關於心碎與敘事風格的歌曲。在我的頻道裡，我會在客廳裡近距離分享這些純粹的不插電彈唱。如果你也喜歡富有故事感、真誠且直擊心靈的音樂，歡迎關注我——很高興你能來到這裡。 這是一首在我家客廳錄製的原創歌曲。歡迎在留言區留言告訴我你的想法！ ———————————————————————————— ""I Saw You"" is an original acoustic indie song featuring raw vocals and acoustic guitar. If you enjoy atmospheric storytelling and emotional singer-songwriter music, this original acoustic performance is for you. This song started at the end of May as a quiet poem. Two weeks later, the melody came to me and brought it to life. This is the song that made me realize life is too short to keep my music hidden in my bedroom. I wanted to capture a movie-like, atmospheric vibe right from my living room. ———————————————————————————— ℗ & © 2026 Sherry's Original Songs. All Rights Reserved. #BedroomPop #臥室音樂 #IndieFolk #獨立民謠 #宅錄 #HomeRecording #Acoustic #吉他彈唱 
🎬 歡迎訂閱我的 YouTube 頻道觀看完整影片： https://youtu.be/uKBGlcMQCKQ?si=tsJp2X8KYVFTmNW3
https://youtu.be/uKBGlcMQCKQ?si=tsJp2X8KYVFTmNW3
這是《I SAW YOU》，一首原創、充滿電影感的原聲敘事歌曲。
它起源於五月底我寫的一首靜謐的詩，兩週後，旋律浮現在我的腦海，賦予了它生命。這首歌讓我意識到，生命短暫，不該讓我的音樂藏在臥室裡。我想要用我的歌聲和吉他，在客廳裡，營造出一種電影般的氛圍。
我是一名雙語詞曲創作者。我用一把吉他，將腦海中的想像與細膩的情感轉化為憂傷、浪漫、關於心碎與敘事風格的歌曲。在我的頻道裡，我會在客廳裡近距離分享這些純粹的不插電彈唱。如果你也喜歡富有故事感、真誠且直擊心靈的音樂，歡迎關注我——很高興你能來到這裡。
這是一首在我家客廳錄製的原創歌曲。歡迎在留言區留言告訴我你的想法！ ———————————————————————————— ""I Saw You"" is an original acoustic indie song featuring raw vocals and acoustic guitar. If you enjoy atmospheric storytelling and emotional singer-songwriter music, this original acoustic performance is for you.
This song started at the end of May as a quiet poem. Two weeks later, the melody came to me and brought it to life. This is the song that made me realize life is too short to keep my music hidden in my bedroom. I wanted to capture a movie-like, atmospheric vibe right from my living room. ———————————————————————————— ℗ & © 2026 Sherry's Original Songs. All Rights Reserved. #BedroomPop #臥室音樂 #IndieFolk #獨立民謠 #宅錄 #HomeRecording #Acoustic #吉他彈唱","📄 LYRICS / 歌詞 (中英雙語): 🎵 I Saw You (我見過你) The only time I saw you in the wind 唯一一次在風中見到你 Your lips were partly open and you grinned 你微啟著雙唇，帶著一抹笑意 Your eyes were lightly squinted 你的眼睛微微瞇起 And your face echoed like a print 你的面容如印記般在腦海中迴盪 It was crowdy with passersby 周遭盡是匆忙的行色 You stood out and caught my eye 你如此耀眼，瞬間吸引了我的目光 You spoke to a man with his head inclined 你對一個低著頭的男人說話 Then he looked away like nothing was signed 隨後他轉過頭，彷彿一切未曾發生 He walked away but didn't say goodbye 他轉身離去，甚至沒說再見 You looked ahead into the sky 你靜靜地望向天空 You implied nothing was out of line 你假裝一切相安無事 But a prickly thorn was in the spine 心底卻早已扎進了一根尖銳的刺 Your hair was flying like a kite 你的髮絲如風箏般在空中飛舞 You cried but pretended it was light 你流著淚，卻故作輕鬆 You were standing in the shine 你佇立在光芒之中 I felt sorry you were not mine 我感到一絲遺憾，你並不屬於我 All felt like a sip of wine 一切縹緲，宛如品嚐了一口烈酒 
📄 LYRICS / 歌詞 (中英雙語):
🎵 I Saw You (我見過你)
The only time I saw you in the wind 唯一一次在風中見到你 Your lips were partly open and you grinned 你微啟著雙唇，帶著一抹笑意 Your eyes were lightly squinted 你的眼睛微微瞇起 And your face echoed like a print 你的面容如印記般在腦海中迴盪
It was crowdy with passersby 周遭盡是匆忙的行色 You stood out and caught my eye 你如此耀眼，瞬間吸引了我的目光 You spoke to a man with his head inclined 你對一個低著頭的男人說話 Then he looked away like nothing was signed 隨後他轉過頭，彷彿一切未曾發生
He walked away but didn't say goodbye 他轉身離去，甚至沒說再見 You looked ahead into the sky 你靜靜地望向天空 You implied nothing was out of line 你假裝一切相安無事 But a prickly thorn was in the spine 心底卻早已扎進了一根尖銳的刺
Your hair was flying like a kite 你的髮絲如風箏般在空中飛舞 You cried but pretended it was light 你流著淚，卻故作輕鬆 You were standing in the shine 你佇立在光芒之中 I felt sorry you were not mine 我感到一絲遺憾，你並不屬於我 All felt like a sip of wine 一切縹緲，宛如品嚐了一口烈酒
留言（ 0 ） 最相關留言 所有留言
留言（ 0 ）",2026-08-13,,,False,False,
2026-08-19 00:52:18,realtime,folk,,,42,Ashley,沒關係,3,44,5,https://streetvoice.com/Ashleychan12/songs/873722/,https://streetvoice.com/Ashleychan12/,"https://akstatic.streetvoice.com/song_covers/As/hl/Ashleychan12/JaWueCchWuF8jkE5wqn73b.jpeg?x-oss-process=image/resize,m_fixed,h_1,w_1,limit_0/resize,m_fixed,h_630,w_1200,limit_0/watermark,image_c29uZ19jb3ZlcnMvQXMvaGwvQXNobGV5Y2hhbjEyL0phV3VlQ2NoV3VGOGprRTV3cW43M2IuanBlZz94LW9zcy1wcm9jZXNzPWltYWdlL3Jlc2l6ZSxtX2ZpeGVkLGhfMzQ0LHdfMzQ0LGxpbWl0XzA,g_nw,x_428,y_143/watermark,image_YXNzZXQvaW1hZ2VzL21ldGFpbWFnZS1zb25nLnBuZw,g_nw,x_0,y_0",images/873722.jpeg,@Ashleychan12,音樂人,台北市,2026-03-01,,2,10,1,,,https://www.youtube.com/user/StreetVoiceTV,亞洲鼓王 ﹣ Don Ashley唐龍 離世|||https://blow.streetvoice.com/3837/?utm_source=streetvoice&utm_medium=profile-news-block; 以波希名畫《人間樂園》為靈感 蔡依林化身「愉悅之母」降臨大巨蛋！|||https://blow.streetvoice.com/84166/?utm_source=streetvoice&utm_medium=profile-news-block; 第18屆Freshmusic Awards得獎名單揭曉 陶晶瑩首次參與評審|||https://blow.streetvoice.com/81270/?utm_source=streetvoice&utm_medium=profile-news-block,,Singer / Songwriter,,,,"有時候，我好像一直在追逐著很遙遠的星星，或是遠大的目標，卻在不知不覺中，忘了自己真正想要的是什麼。 這首歌寫給那些曾經焦慮、迷惘，甚至想暫時逃離這個世界的每個人。 腳步偶爾停一停，好像也沒關係。 每一件看似微小的事情，也許都有它存在的意義吧。也許是學習，也許是讓我們終於更靠近真正的自己。 當我們學著擁抱曾經、放下過去，把目光重新放回此刻，才發現不完美的自己，也可以真實得很美麗。 所以想用這首歌，輕輕告訴你一句： 「沒關係。」 
有時候，我好像一直在追逐著很遙遠的星星，或是遠大的目標，卻在不知不覺中，忘了自己真正想要的是什麼。
這首歌寫給那些曾經焦慮、迷惘，甚至想暫時逃離這個世界的每個人。
腳步偶爾停一停，好像也沒關係。
每一件看似微小的事情，也許都有它存在的意義吧。也許是學習，也許是讓我們終於更靠近真正的自己。
當我們學著擁抱曾經、放下過去，把目光重新放回此刻，才發現不完美的自己，也可以真實得很美麗。
所以想用這首歌，輕輕告訴你一句： 「沒關係。」","就連心底的聲音 也只剩模糊不清的旋律 還來不及看仔細 無形時間逼不得已做決定 追逐遙遠的星 又常忘記 什麼才值得好好珍惜 連自己 也都看不清 有什麼能失去 窗外的雨滴 已浸濕了心 此刻只想著 能不能抽離 這個世界太煩心 多少誤會又傷了多少人的心 腳步停一停 也許沒關係 每件小事情 都有他存在的意義 也許是學習 也許讓我們更接近自己 太多複雜的秘密 糾纏著 一個個未解的謎 世上最遠的距離 是我和你面對時的兩顆心 追逐遙遠的星 又常忘記 什麼才值得好好珍惜 對不起 沒看清自己 在這耍小脾氣 窗外的雨滴 以浸濕了心 此刻只想著 能不能抽離 這個世界太煩心 多少誤會又傷了多少人的心 腳步停一停 也許沒關係 每件小事情 都有他存在的意義 也許是學習 也許讓我們更接近自己 雨的洗禮 走過開始找回勇氣 抬頭萬顆星星 在為我指引 曾以為失去 其實是飛行的伏筆 擁抱曾經 放下過去專注每一個當下的意義 視線更清晰 更喜歡每刻的你 真實的自己 窗外的雨滴 滋養了土地 不完美的你　真實得美麗 時間畫出的軌跡  回頭成了回憶裡燦爛的風景 腳步停一停 也許沒關係 每件小事情 都有他存在的意義 也許是學習 也許讓我們更接近自己 用這段旋律 輕輕告訴你一句 沒關係 
就連心底的聲音 也只剩模糊不清的旋律 還來不及看仔細 無形時間逼不得已做決定
追逐遙遠的星 又常忘記 什麼才值得好好珍惜 連自己 也都看不清 有什麼能失去
窗外的雨滴 已浸濕了心 此刻只想著 能不能抽離 這個世界太煩心 多少誤會又傷了多少人的心 腳步停一停 也許沒關係 每件小事情 都有他存在的意義 也許是學習 也許讓我們更接近自己
太多複雜的秘密 糾纏著 一個個未解的謎 世上最遠的距離 是我和你面對時的兩顆心
追逐遙遠的星 又常忘記 什麼才值得好好珍惜 對不起 沒看清自己 在這耍小脾氣
窗外的雨滴 以浸濕了心 此刻只想著 能不能抽離 這個世界太煩心 多少誤會又傷了多少人的心 腳步停一停 也許沒關係 每件小事情 都有他存在的意義 也許是學習 也許讓我們更接近自己
雨的洗禮 走過開始找回勇氣 抬頭萬顆星星 在為我指引 曾以為失去 其實是飛行的伏筆
擁抱曾經 放下過去專注每一個當下的意義 視線更清晰 更喜歡每刻的你 真實的自己
窗外的雨滴 滋養了土地 不完美的你　真實得美麗 時間畫出的軌跡  回頭成了回憶裡燦爛的風景
腳步停一停 也許沒關係 每件小事情 都有他存在的意義 也許是學習 也許讓我們更接近自己
用這段旋律 輕輕告訴你一句 沒關係
留言（ 5 ） 最相關留言 所有留言
留言（ 5 ）",2026-08-09,,,False,False,
2026-08-19 00:52:18,realtime,folk,,,43,loststar926,愛受夠了,11,512,3,https://streetvoice.com/loststar926/songs/873878/,https://streetvoice.com/loststar926/,"https://akstatic.streetvoice.com/song_covers/lo/st/loststar926/MVPqtNYKt7kmSThoDUuNPd.jpg?x-oss-process=image/resize,m_fixed,h_1,w_1,limit_0/resize,m_fixed,h_630,w_1200,limit_0/watermark,image_c29uZ19jb3ZlcnMvbG8vc3QvbG9zdHN0YXI5MjYvTVZQcXROWUt0N2ttU1Rob0RVdU5QZC5qcGc_eC1vc3MtcHJvY2Vzcz1pbWFnZS9yZXNpemUsbV9maXhlZCxoXzM0NCx3XzM0NCxsaW1pdF8w,g_nw,x_428,y_143/watermark,image_YXNzZXQvaW1hZ2VzL21ldGFpbWFnZS1zb25nLnBuZw,g_nw,x_0,y_0",images/873878.jpg,@loststar926,音樂人,宜蘭縣,2022-11-01,2023-12-12 17:35,120,222,62,https://www.facebook.com/Funcal.tw,https://instagram.com/funcal.tw,https://youtube.com/@funcalmusic,,,Singer / Songwriter,,,,"曾經愛過 沒有了心 只剩受夠 
曾經愛過 沒有了心 只剩受夠","愛受夠了 詞曲/LostStar 你是否也有夢 藏在你心裡頭 你是否也有空 卻填滿了寂寞 習慣一個人走 在無人的街頭 看似灑脫 卻隱藏了脆弱 曾經愛過的那些 如今已崩潰 愛得支離破碎 再多一點的虛偽 騙多少眼淚 如今受夠了一切 不想再聽見 那些矯情哽咽 再多正面的反饋 我也無所謂 你是否也想說 何時才能解脫 你是否也想過 獨自高飛遠走 始終保持笑容 不想被誰戳破 看似從容 早已不知所措 曾經愛過的那些 如今已改變 天秤早已傾斜 要用多少的虛偽 騙多少眼淚 如今受夠了一切 告別了從前 真心流下的淚 再多編造的是非 我全聽不見 
愛受夠了 詞曲/LostStar
你是否也有夢 藏在你心裡頭 你是否也有空 卻填滿了寂寞 習慣一個人走 在無人的街頭 看似灑脫 卻隱藏了脆弱
曾經愛過的那些 如今已崩潰 愛得支離破碎 再多一點的虛偽 騙多少眼淚
如今受夠了一切 不想再聽見 那些矯情哽咽 再多正面的反饋 我也無所謂
你是否也想說 何時才能解脫 你是否也想過 獨自高飛遠走 始終保持笑容 不想被誰戳破 看似從容 早已不知所措
曾經愛過的那些 如今已改變 天秤早已傾斜 要用多少的虛偽 騙多少眼淚
如今受夠了一切 告別了從前 真心流下的淚 再多編造的是非 我全聽不見
留言（ 3 ） 最相關留言 所有留言
留言（ 3 ）",2026-08-10,,,False,False,
2026-08-19 00:52:18,realtime,folk,,,44,帥豬P,"lyrics, please? feat. 初音ミク",1,575,0,https://streetvoice.com/wowwowpig/songs/874281/,https://streetvoice.com/wowwowpig/,"https://akstatic.streetvoice.com/song_covers/wo/ww/wowwowpig/4QzrMchAy6dMLQCvvxSpcw.jpeg?x-oss-process=image/resize,m_fixed,h_1,w_1,limit_0/resize,m_fixed,h_630,w_1200,limit_0/watermark,image_c29uZ19jb3ZlcnMvd28vd3cvd293d293cGlnLzRRenJNY2hBeTZkTUxRQ3Z2eFNwY3cuanBlZz94LW9zcy1wcm9jZXNzPWltYWdlL3Jlc2l6ZSxtX2ZpeGVkLGhfMzQ0LHdfMzQ0LGxpbWl0XzA,g_nw,x_428,y_143/watermark,image_YXNzZXQvaW1hZ2VzL21ldGFpbWFnZS1zb25nLnBuZw,g_nw,x_0,y_0",images/874281.jpeg,@wowwowpig,音樂人,,,,1,,,,,https://www.youtube.com/user/StreetVoiceTV,,,Singer / Songwriter,,,,"其中一隻豬不寫歌詞，拖了一年半，害另一隻豬沒辦法把歌寫完。 雖然寫出這首歌了，但一年半前的那首還是不知道何時才會完成。 初音都出到v6了。 好絕望啊～ Credit Music / Lyrics / Arrangement｜帥豬P 
其中一隻豬不寫歌詞，拖了一年半，害另一隻豬沒辦法把歌寫完。 雖然寫出這首歌了，但一年半前的那首還是不知道何時才會完成。
初音都出到v6了。 好絕望啊～
Credit Music / Lyrics / Arrangement｜帥豬P","歌詞を書いてくれよ 給我寫歌詞啊 歌詞を書いて 寫歌詞啊 いつになったらもらえるのかな？ 到底什麼時候才能拿到呢？ 歌詞を書いてくれ 快給我寫歌詞 待ってたよ、歌詞を 我一直都在等著歌詞呢 一年も経ったよ、本当に書きたいの？ 都已經過一年了，你真的有想寫嗎？ ね、もう待てないや 欸我已經等不了了啦 来週にはあげるなんて全部ウソでしょう？実は分かっているよ 我其實也知道「下禮拜絕對會給你」這種鬼話全都是假的 もういいや 算了隨便了啦 いつも暇なのに、何で歌詞を書かないの？ 你明明一直很閒，到底為什麼不寫歌詞？ 一体どうしよう 我到底該如何是好 今週末にはもらえるのかな？ 這週末能拿到歌詞嗎 もしできないなら、地獄で待ってあげるわ(^^) 如果辦不到的話，我會在地獄等著你的(^^) 
歌詞を書いてくれよ 給我寫歌詞啊
歌詞を書いて 寫歌詞啊
いつになったらもらえるのかな？ 到底什麼時候才能拿到呢？
歌詞を書いてくれ 快給我寫歌詞
待ってたよ、歌詞を 我一直都在等著歌詞呢
一年も経ったよ、本当に書きたいの？ 都已經過一年了，你真的有想寫嗎？
ね、もう待てないや 欸我已經等不了了啦
来週にはあげるなんて全部ウソでしょう？実は分かっているよ 我其實也知道「下禮拜絕對會給你」這種鬼話全都是假的
もういいや 算了隨便了啦
いつも暇なのに、何で歌詞を書かないの？ 你明明一直很閒，到底為什麼不寫歌詞？
一体どうしよう 我到底該如何是好
今週末にはもらえるのかな？ 這週末能拿到歌詞嗎
もしできないなら、地獄で待ってあげるわ(^^) 如果辦不到的話，我會在地獄等著你的(^^)
留言（ 0 ） 最相關留言 所有留言
留言（ 0 ）",2026-08-12,,,False,False,
2026-08-19 00:52:18,realtime,folk,,,45,幸運空氣,光,5,126,0,https://streetvoice.com/luckyair43/songs/874174/,https://streetvoice.com/luckyair43/,"https://akstatic.streetvoice.com/song_covers/lu/ck/luckyair43/6dHctDSXU8G9n3xQSUWEaw.jpeg?x-oss-process=image/resize,m_fixed,h_1,w_1,limit_0/resize,m_fixed,h_630,w_1200,limit_0/watermark,image_c29uZ19jb3ZlcnMvbHUvY2svbHVja3lhaXI0My82ZEhjdERTWFU4RzluM3hRU1VXRWF3LmpwZWc_eC1vc3MtcHJvY2Vzcz1pbWFnZS9yZXNpemUsbV9maXhlZCxoXzM0NCx3XzM0NCxsaW1pdF8w,g_nw,x_428,y_143/watermark,image_YXNzZXQvaW1hZ2VzL21ldGFpbWFnZS1zb25nLnBuZw,g_nw,x_0,y_0",images/874174.jpeg,@luckyair43,音樂人,,,2021-06-04 17:58,79,200,65,https://www.facebook.com/airway777,,https://www.youtube.com/channel/UChSEkR8gHUBkx0IsCfR1xwA/about,告別誠品生活 116 強辯樂團與幸運空氣勾起共同的青春回憶|||https://blow.streetvoice.com/15610/?utm_source=streetvoice&utm_medium=profile-news-block; 【歌單】謙虛勤勉的小書蟲——處女座|||https://blow.streetvoice.com/35796/?utm_source=streetvoice&utm_medium=profile-news-block; 2015 年度 StreetVoice 音樂作品人氣榜 TOP 50|||https://blow.streetvoice.com/16431/?utm_source=streetvoice&utm_medium=profile-news-block,,Folk,,,,"在某次到醫院照護家人的早晨 看見窗外的光有感而發所寫 在這個醫護人員吃緊的年代裡 還有一群在醫院默默付出的人們 因此而寫下這首 台語歌曲 光 感謝照護病患的醫護人員們 
在某次到醫院照護家人的早晨 看見窗外的光有感而發所寫
在這個醫護人員吃緊的年代裡 還有一群在醫院默默付出的人們 因此而寫下這首 台語歌曲 光 感謝照護病患的醫護人員們","暗暝的電火　惦惦　照恁背影 身穿白衫　甘願守護　每一暗 時間分分秒秒　攏共咱的　病痛顧到底 艱苦的人~　向望有平安的每一工 恁是溫暖的光　每一工陪伴　照護咱心肝 親像日頭佇窗外　予咱安心做好夢 恁是平凡的光　無私牽起性命希望 感謝有恁佇遮　守護每一個人　予咱充滿力量 愈來愈堅強 點一葩火　照光黑暗夜空 有恁的照顧　咱啥物攏毋驚　毋驚　毋驚 恁是溫暖的光　每一工陪伴　照護咱心肝 親像日頭佇窗外　予咱安心做好夢 恁是平凡的光　無私牽起性命希望 感謝有恁佇遮　守護每一個人 希望的光　夜空中　照咱的心肝 未來的路　一切攏　平安有力量 溫暖的光　感謝有恁　佇遮 
暗暝的電火　惦惦　照恁背影 身穿白衫　甘願守護　每一暗
時間分分秒秒　攏共咱的　病痛顧到底 艱苦的人~　向望有平安的每一工
恁是溫暖的光　每一工陪伴　照護咱心肝 親像日頭佇窗外　予咱安心做好夢 恁是平凡的光　無私牽起性命希望 感謝有恁佇遮　守護每一個人　予咱充滿力量 愈來愈堅強
點一葩火　照光黑暗夜空 有恁的照顧　咱啥物攏毋驚　毋驚　毋驚
恁是溫暖的光　每一工陪伴　照護咱心肝 親像日頭佇窗外　予咱安心做好夢 恁是平凡的光　無私牽起性命希望 感謝有恁佇遮　守護每一個人
希望的光　夜空中　照咱的心肝 未來的路　一切攏　平安有力量 溫暖的光　感謝有恁　佇遮
留言（ 0 ） 最相關留言 所有留言
留言（ 0 ）",2026-08-12,,,False,False,
2026-08-19 00:52:18,realtime,folk,,,46,Hyte,好酉鬼啊,3,419,8,https://streetvoice.com/onle72773/songs/872892/,https://streetvoice.com/onle72773/,"https://akstatic.streetvoice.com/song_covers/on/le/onle72773/fWGfofAfknyckZr7HrH9we.jpeg?x-oss-process=image/resize,m_fixed,h_1,w_1,limit_0/resize,m_fixed,h_630,w_1200,limit_0/watermark,image_c29uZ19jb3ZlcnMvb24vbGUvb25sZTcyNzczL2ZXR2ZvZkFma255Y2tacjdIckg5d2UuanBlZz94LW9zcy1wcm9jZXNzPWltYWdlL3Jlc2l6ZSxtX2ZpeGVkLGhfMzQ0LHdfMzQ0LGxpbWl0XzA,g_nw,x_428,y_143/watermark,image_YXNzZXQvaW1hZ2VzL21ldGFpbWFnZS1zb25nLnBuZw,g_nw,x_0,y_0",images/872892.jpeg,@onle72773,音樂人,,,2026-01-30 10:23,5,66,11,,https://www.instagram.com/hooii_hh,https://www.youtube.com/user/StreetVoiceTV,壞特Whyte即將發行新專輯《Boundary》 全新專場12/28 Zepp New Taipei登場|||https://blow.streetvoice.com/84483/?utm_source=streetvoice&utm_medium=profile-news-block; 浮現音樂攜同根生征戰FUJI ROCK！新秀舞台「ROOKIE A GO-GO」10月移師搖滾台中|||https://blow.streetvoice.com/89018/?utm_source=streetvoice&utm_medium=profile-news-block; 【金曲37】2026 GMA金曲國際音樂節揭幕 陳嫺靜、JOYCE 就以斯等新人獎入圍者登台演出|||https://blow.streetvoice.com/88454/?utm_source=streetvoice&utm_medium=profile-news-block,,Singer / Songwriter,,,,"有鬼啊 活得跟這歌一樣 醜醜的 我要打死新世紀大魔王 封面是一條毛巾 
有鬼啊 活得跟這歌一樣 醜醜的 我要打死新世紀大魔王 封面是一條毛巾","今天是我第幾天住在沙發 我們都以為有什麼方法 比如把恐懼說出來 再放下 一遍又一遍 不找終點就停下 後退幾步卻靠不到一面牆 哪裡有？告訴我 把喜歡的外套弄丟 項鏈弄丟 還有什麼？ 說你怎麼不會把自己搞丟 心理已經差不多 身體就有點難度 大概要放一把火 等我死了瞑目 不斷不斷感受疼痛 感受 疼痛 寫一首長長的歌 掛在嘴邊唱沒幾次 有些人分不清楚 這是命運還是未知 可能我站在邊緣 越靠近我就越遙遠 下一個 是不是我 
今天是我第幾天住在沙發 我們都以為有什麼方法 比如把恐懼說出來 再放下 一遍又一遍 不找終點就停下 後退幾步卻靠不到一面牆 哪裡有？告訴我
把喜歡的外套弄丟 項鏈弄丟 還有什麼？ 說你怎麼不會把自己搞丟 心理已經差不多 身體就有點難度 大概要放一把火 等我死了瞑目 不斷不斷感受疼痛 感受 疼痛
寫一首長長的歌 掛在嘴邊唱沒幾次 有些人分不清楚 這是命運還是未知 可能我站在邊緣 越靠近我就越遙遠 下一個 是不是我
留言（ 8 ） 最相關留言 所有留言
留言（ 8 ）",2026-08-05,,,False,False,
2026-08-19 00:52:18,realtime,folk,,,47,Robin’s Gone,LED织女星,0,53,0,https://streetvoice.com/Jasmine_0508/songs/873085/,https://streetvoice.com/Jasmine_0508/,"https://akstatic.streetvoice.com/music_albums/Ja/sm/Jasmine_0508/J5rJx3a6KXWcJFJcPNVUUx.jpeg?x-oss-process=image/resize,m_fixed,h_1,w_1,limit_0/resize,m_fixed,h_630,w_1200,limit_0/watermark,image_bXVzaWNfYWxidW1zL0phL3NtL0phc21pbmVfMDUwOC9KNXJKeDNhNktYV2NKRkpjUE5WVVV4LmpwZWc_eC1vc3MtcHJvY2Vzcz1pbWFnZS9yZXNpemUsbV9maXhlZCxoXzM0NCx3XzM0NCxsaW1pdF8w,g_nw,x_428,y_143/watermark,image_YXNzZXQvaW1hZ2VzL21ldGFpbWFnZS1zb25nLnBuZw,g_nw,x_0,y_0",images/873085.jpeg,@Jasmine_0508,音樂人,,,,11,7,30,,,https://www.youtube.com/user/StreetVoiceTV,,,Singer / Songwriter,迟缓的噪音,https://streetvoice.com/Jasmine_0508/songs/album/97325847/,,,"这是夏天的旋律 为什么总会在冬天唱起 没有蓝色的时候 天空水面并不那么分明 Can’t you see 我们在这里 练习再练习 分离与相遇 候鸟你即将要去远行 想说不只是太阳月亮的关系 替你考虑天亮天黑或是ABCD 星星转来转去而我还在原地 （照亮你 照亮我 照亮你 照亮我/你的心） Can’t you see 和你走过的 每一帧街景 就这么照亮你 
这是夏天的旋律
为什么总会在冬天唱起
没有蓝色的时候
天空水面并不那么分明
Can’t you see
我们在这里
练习再练习
分离与相遇
候鸟你即将要去远行
想说不只是太阳月亮的关系
替你考虑天亮天黑或是ABCD
星星转来转去而我还在原地
（照亮你 照亮我
照亮你 照亮我/你的心）
Can’t you see
和你走过的
每一帧街景
就这么照亮你
留言（ 0 ） 最相關留言 所有留言
留言（ 0 ）",2026-08-07,,編輯推薦,True,False,
2026-08-19 00:52:18,realtime,folk,,,48,Ashley,哎呦喂呀,2,65,3,https://streetvoice.com/Ashleychan12/songs/873877/,https://streetvoice.com/Ashleychan12/,"https://akstatic.streetvoice.com/song_covers/As/hl/Ashleychan12/jERF2KMVrJgkj4as2U9bQQ.jpeg?x-oss-process=image/resize,m_fixed,h_1,w_1,limit_0/resize,m_fixed,h_630,w_1200,limit_0/watermark,image_c29uZ19jb3ZlcnMvQXMvaGwvQXNobGV5Y2hhbjEyL2pFUkYyS01Wckpna2o0YXMyVTliUVEuanBlZz94LW9zcy1wcm9jZXNzPWltYWdlL3Jlc2l6ZSxtX2ZpeGVkLGhfMzQ0LHdfMzQ0LGxpbWl0XzA,g_nw,x_428,y_143/watermark,image_YXNzZXQvaW1hZ2VzL21ldGFpbWFnZS1zb25nLnBuZw,g_nw,x_0,y_0",images/873877.jpeg,@Ashleychan12,音樂人,台北市,2026-03-01,,2,10,1,,,https://www.youtube.com/user/StreetVoiceTV,亞洲鼓王 ﹣ Don Ashley唐龍 離世|||https://blow.streetvoice.com/3837/?utm_source=streetvoice&utm_medium=profile-news-block; 以波希名畫《人間樂園》為靈感 蔡依林化身「愉悅之母」降臨大巨蛋！|||https://blow.streetvoice.com/84166/?utm_source=streetvoice&utm_medium=profile-news-block; 第18屆Freshmusic Awards得獎名單揭曉 陶晶瑩首次參與評審|||https://blow.streetvoice.com/81270/?utm_source=streetvoice&utm_medium=profile-news-block,,Singer / Songwriter,,,,"在寫這首歌的時候，腦海裡全是那些戀愛腦的日常幻想嘿嘿~ 因為心裡藏了太多想說的話，於是決定寫一首歌，把那些害羞的小心思全部錄進去。從期待冬天把手放進口袋，到想一起去大稻埕看煙火的小心願。 但也因為珍惜這段緣分，不想急著定義關係，就這樣單純享受著甜甜的感覺。 一首可愛的、帶點日常的小情歌，希望能給聽到這首歌的你帶來一點好心情~ 
在寫這首歌的時候，腦海裡全是那些戀愛腦的日常幻想嘿嘿~
因為心裡藏了太多想說的話，於是決定寫一首歌，把那些害羞的小心思全部錄進去。從期待冬天把手放進口袋，到想一起去大稻埕看煙火的小心願。
但也因為珍惜這段緣分，不想急著定義關係，就這樣單純享受著甜甜的感覺。
一首可愛的、帶點日常的小情歌，希望能給聽到這首歌的你帶來一點好心情~","(好多 好多 好多話想對你說) 哎 哎 哎 哎呦呦喂呀 戀愛腦少女的幻想 燦 燦 燦爛的綻放 就像大稻埕的煙花 剛剛入口的棒棒糖 含 含住捨不得融化 你 你 你到底要去哪 怎麼跑到了我心裡呀 嘿我說 讓我們一起被讀書一起努力 一起 一起往更好的方向邁進 就算壓力大了有沒關係 我就在這裡 在這裡唱歌給你聽 一起吃飯好嗎 雖然我知道你有點忙 但只要能看到你心裡就開出小花 我不是個rap star 但對你有太多話想說所以寫了這首歌來練練說唱 哎 哎 哎 哎呦呦喂呀 戀愛腦少女的幻想 燦 燦 燦爛的綻放 就像大稻埕的煙花 剛剛入口的棒棒糖 含 含住捨不得融化 你 你 你到底要去哪 怎麼跑到了我心裡呀 噢 這段關係 我不急著定義 只要是你 是你 就都有意義 但還是會期待 我們有天互相依賴 冬天把手手放在對方口袋 這首歌我希望它紅但不要太紅 我錄了很久很久但被你聽到會害羞 我喜歡喝熱巧克力 你喜歡咖啡 雖然沒什麼關聯但我們天生一對 
(好多 好多 好多話想對你說)
哎 哎 哎 哎呦呦喂呀 戀愛腦少女的幻想 燦 燦 燦爛的綻放 就像大稻埕的煙花 剛剛入口的棒棒糖 含 含住捨不得融化 你 你 你到底要去哪 怎麼跑到了我心裡呀
嘿我說 讓我們一起被讀書一起努力 一起 一起往更好的方向邁進 就算壓力大了有沒關係 我就在這裡 在這裡唱歌給你聽 一起吃飯好嗎 雖然我知道你有點忙 但只要能看到你心裡就開出小花 我不是個rap star 但對你有太多話想說所以寫了這首歌來練練說唱
哎 哎 哎 哎呦呦喂呀 戀愛腦少女的幻想 燦 燦 燦爛的綻放 就像大稻埕的煙花 剛剛入口的棒棒糖 含 含住捨不得融化 你 你 你到底要去哪 怎麼跑到了我心裡呀
噢 這段關係 我不急著定義 只要是你 是你 就都有意義 但還是會期待 我們有天互相依賴 冬天把手手放在對方口袋 這首歌我希望它紅但不要太紅 我錄了很久很久但被你聽到會害羞 我喜歡喝熱巧克力 你喜歡咖啡 雖然沒什麼關聯但我們天生一對
留言（ 3 ） 最相關留言 所有留言
留言（ 3 ）",2026-08-10,,,False,False,
2026-08-19 00:52:18,realtime,folk,,,49,邱淑蟬,跼,10,730,0,https://streetvoice.com/shuchan_chiu/songs/872714/,https://streetvoice.com/shuchan_chiu/,"https://akstatic.streetvoice.com/song_covers/sh/uc/shuchan_chiu/42KVxnZ6BcNZjaqLGDtABq.jpeg?x-oss-process=image/resize,m_fixed,h_1,w_1,limit_0/resize,m_fixed,h_630,w_1200,limit_0/watermark,image_c29uZ19jb3ZlcnMvc2gvdWMvc2h1Y2hhbl9jaGl1LzQyS1Z4blo2QmNOWmphcUxHRHRBQnEuanBlZz94LW9zcy1wcm9jZXNzPWltYWdlL3Jlc2l6ZSxtX2ZpeGVkLGhfMzQ0LHdfMzQ0LGxpbWl0XzA,g_nw,x_428,y_143/watermark,image_YXNzZXQvaW1hZ2VzL21ldGFpbWFnZS1zb25nLnBuZw,g_nw,x_0,y_0",images/872714.jpeg,@shuchan_chiu,音樂人,,,2021-10-08 15:18,5,545,6,https://www.facebook.com/shuchanchiu1997,https://www.instagram.com/enidisme_music/,https://www.youtube.com/user/StreetVoiceTV,邱淑蟬邀製作人蕭賀碩、大象體操涂嘉欽 打造全新EP《無爭》|||https://blow.streetvoice.com/89185/?utm_source=streetvoice&utm_medium=profile-news-block; 邱淑蟬攜手鄭寶欣、好日、樂凡 打造跨國多語單曲〈定定仔行〉|||https://blow.streetvoice.com/84993/?utm_source=streetvoice&utm_medium=profile-news-block; 薄荷綠工廠推出首張創作專輯前導單曲〈That Day〉邀邱淑蟬、Deca joins 打擊樂手杜哲欣合作|||https://blow.streetvoice.com/75995/?utm_source=streetvoice&utm_medium=profile-news-block,,Folk,,,,"跼 Confined 詞曲 Lyricist＆Composer｜邱淑蟬 Shuchan Chiu 製作人 Producer｜蕭賀碩 Shuo Hsiao 編曲 Arranger｜ 陳啟原 Curtis Chan、蕭賀碩 Shuo Hsiao 電吉他 E. Guitar｜陳啟原 Curtis Chan 人聲錄音工程師及錄音室 Vocal Recording Engineer＆Studio｜陳以霖 Yi-Lin Chen @大小眼錄音室 Twin Eyes Studio 吉他錄音工程師及錄音室 Recording Engineer＆Studio｜于世政 Shin-Cheng Yu @Lights Up Studio 助理錄音工程師及錄音室 Assistant Recording Engineer & Studio｜陳佳穎 Chia-Ying Chen @Lights Up Studio 混音工程師 Mixing Engineer｜林正忠 Jerry Lin @Robot Studio 母帶後期處理工程師及錄音室 Mastering Engineer ＆ Studio｜孫仲舒 Chung-Shu Sun@鈺德科技 U-Tech MT Studio 母帶後期處理製作人 Mastering Producer｜蕭賀碩 Shuo Hsiao 企劃宣傳 Project Planning & Promotion｜曾楚芳 Matilda Tseng 視覺設計 Visual Designer｜周雨衛 Viter Chou、謝沛宸 Anmy Hsieh 平面攝影 Photographer｜柳妘儒 Yunju Liu 攝影助理 Photographer Assistant｜陳泱丞 Dozz Chen 攝影燈光 Photographer Gaffer｜Jeremii Fan 妝髮 Hair＆Makeup｜鍾其甫Ooioh 妝髮助理 Hair＆Makeup Assistant｜陳姿秀 Heena Chen 客語歌詞校正 Language counselor of Hakka lyrics｜鄭育淇 
跼 Confined
詞曲 Lyricist＆Composer｜邱淑蟬 Shuchan Chiu 製作人 Producer｜蕭賀碩 Shuo Hsiao 編曲 Arranger｜ 陳啟原 Curtis Chan、蕭賀碩 Shuo Hsiao 電吉他 E. Guitar｜陳啟原 Curtis Chan 人聲錄音工程師及錄音室 Vocal Recording Engineer＆Studio｜陳以霖 Yi-Lin Chen @大小眼錄音室 Twin Eyes Studio 吉他錄音工程師及錄音室 Recording Engineer＆Studio｜于世政 Shin-Cheng Yu @Lights Up Studio 助理錄音工程師及錄音室 Assistant Recording Engineer & Studio｜陳佳穎 Chia-Ying Chen @Lights Up Studio 混音工程師 Mixing Engineer｜林正忠 Jerry Lin @Robot Studio
母帶後期處理工程師及錄音室 Mastering Engineer ＆ Studio｜孫仲舒 Chung-Shu Sun@鈺德科技 U-Tech MT Studio 母帶後期處理製作人 Mastering Producer｜蕭賀碩 Shuo Hsiao 企劃宣傳 Project Planning & Promotion｜曾楚芳 Matilda Tseng 視覺設計 Visual Designer｜周雨衛 Viter Chou、謝沛宸 Anmy Hsieh 平面攝影 Photographer｜柳妘儒 Yunju Liu 攝影助理 Photographer Assistant｜陳泱丞 Dozz Chen 攝影燈光 Photographer Gaffer｜Jeremii Fan 妝髮 Hair＆Makeup｜鍾其甫Ooioh 妝髮助理 Hair＆Makeup Assistant｜陳姿秀 Heena Chen 客語歌詞校正 Language counselor of Hakka lyrics｜鄭育淇","𠊎看毋透 你金金个目珠 我看不透  你閃亮的眼睛 ngaiˇ kon mˇteu nˇgimˊgimˊge mugˋzuˊ 有會㖸个鳥仔  還有會飛个貓仔 有會笑的鳥      還有會飛的貓 iuˊ voi nagˋge diauˊeˋ  hanˇ iuˊ voi biˊge meu eˋ 𠊎聽毋識 你噥噥哢哢个聲 我聽不懂  你的喃喃自語 ngaiˇ tangˊ mˇ siidˋ nˇ nungˇ nungˇnung nung ge sangˊ 一下撖地泥講話 一下唱歌仔分蟻公聽 一下和地板說話  一下唱歌給螞蟻聽 idˋ ha ganˋti naiˇ gongˋfa  idˋ ha cong  goˊeˋ bunˊ ngie gungˊ tangˊ 𠊎按著這世界 已經罅擺大 我以為這世界  已經足夠大 ngaiˇon doˋ iaˋ sii  giai iˋ ginˊ la baiˋ tai 嗄跼毋得你 恁闊个心 卻困不住你 那麼寬闊的心 sa kiug mˇ dedˋ nˇanˋfadˋ ge  ximˊ 你看毋透  𠊎等冷冷个目珠 你看不透   我們冷漠的眼睛 nˇ kon mˇ teu ngaiˇ nenˊ nangˊ nangˊ ge  mugˋzuˊ 不時落雨毛仔 目汁毋敢跌 不時下毛毛雨 眼淚不敢掉落 budˋ siiˇ log  iˋmoˊeˋ mugˋ ziibˋ mˇgamˋ diedˋ 你聽毋識 𠊎撖𠊎講个話 你聽不懂  我和我說的話 nˇtangˊ mˇ siidˋ ngaiˇ ganˋ ngaiˇ  gongˋ ge  fa 就算橫倒噭眵  一定係為了自家 就算跌倒哭泣   一定是為了自己 qiu son vang doˋ gieu  ziiˊ idˋ tin  he  vi  liauˋcii gaˊ 
𠊎看毋透 你金金个目珠 我看不透  你閃亮的眼睛 ngaiˇ kon mˇteu nˇgimˊgimˊge mugˋzuˊ 有會㖸个鳥仔  還有會飛个貓仔 有會笑的鳥      還有會飛的貓 iuˊ voi nagˋge diauˊeˋ  hanˇ iuˊ voi biˊge meu eˋ 𠊎聽毋識 你噥噥哢哢个聲 我聽不懂  你的喃喃自語 ngaiˇ tangˊ mˇ siidˋ nˇ nungˇ nungˇnung nung ge sangˊ 一下撖地泥講話 一下唱歌仔分蟻公聽 一下和地板說話  一下唱歌給螞蟻聽 idˋ ha ganˋti naiˇ gongˋfa  idˋ ha cong  goˊeˋ bunˊ ngie gungˊ tangˊ
𠊎按著這世界 已經罅擺大 我以為這世界  已經足夠大 ngaiˇon doˋ iaˋ sii  giai iˋ ginˊ la baiˋ tai 嗄跼毋得你 恁闊个心 卻困不住你 那麼寬闊的心 sa kiug mˇ dedˋ nˇanˋfadˋ ge  ximˊ
你看毋透  𠊎等冷冷个目珠 你看不透   我們冷漠的眼睛 nˇ kon mˇ teu ngaiˇ nenˊ nangˊ nangˊ ge  mugˋzuˊ 不時落雨毛仔 目汁毋敢跌 不時下毛毛雨 眼淚不敢掉落 budˋ siiˇ log  iˋmoˊeˋ mugˋ ziibˋ mˇgamˋ diedˋ 你聽毋識 𠊎撖𠊎講个話 你聽不懂  我和我說的話 nˇtangˊ mˇ siidˋ ngaiˇ ganˋ ngaiˇ  gongˋ ge  fa 就算橫倒噭眵  一定係為了自家 就算跌倒哭泣   一定是為了自己 qiu son vang doˋ gieu  ziiˊ idˋ tin  he  vi  liauˋcii gaˊ
留言（ 0 ） 最相關留言 所有留言
留言（ 0 ）",2026-08-03,,Song of the Day; 編輯推薦,True,True,
2026-08-19 00:52:18,realtime,folk,,,50,StreetVoice 未來進行式,2026.08.05 特別來賓：銀河1966,2,35,0,https://streetvoice.com/svradio/songs/872896/,https://streetvoice.com/svradio/,"https://akstatic.streetvoice.com/profile_images/sv/ra/svradio/Y7e7EZNPhzJwCXADuG7xjA.jpeg?x-oss-process=image/resize,m_fixed,h_1,w_1,limit_0/resize,m_fixed,h_630,w_1200,limit_0/watermark,image_cHJvZmlsZV9pbWFnZXMvc3YvcmEvc3ZyYWRpby9ZN2U3RVpOUGh6SndDWEFEdUc3eGpBLmpwZWc_eC1vc3MtcHJvY2Vzcz1pbWFnZS9yZXNpemUsbV9maXhlZCxoXzM0NCx3XzM0NCxsaW1pdF8w,g_nw,x_428,y_143/watermark,image_YXNzZXQvaW1hZ2VzL21ldGFpbWFnZS1zb25nLnBuZw,g_nw,x_0,y_0",images/872896.jpeg,@svradio,Podcast,基隆市,2009-06-01,,309,1487,,,,https://www.youtube.com/user/StreetVoiceTV,「StreetVoice 未來進行式」六月登陸飛碟電台 世外桃源任首集嘉賓|||https://blow.streetvoice.com/33663/?utm_source=streetvoice&utm_medium=profile-news-block; 勃發的創作量、新的收入可能：往音樂社群平台發展的StreetVoice，在2021年度報告中分享了哪些資訊？|||https://blow.streetvoice.com/58836/?utm_source=streetvoice&utm_medium=profile-news-block; 返回地球 理化兄弟 P.C.B 新單曲《PSYBERPUNKER》未來進行式搶先首播|||https://blow.streetvoice.com/21388/?utm_source=streetvoice&utm_medium=profile-news-block,,Singer / Songwriter,,,銀河1966,"銀河1966 因為遍佈台灣各縣市的音樂祭，樂團似乎真的迎來它的時代。幾乎與之同時，社群開始進入我們的生活，徹底改變了許多事情的價值。成軍近四年的銀河1966，堪稱是本島當下潮流來去之中，不受干擾，緩緩地練就著自身搖滾手工的代表，其吉他與編曲，都清楚展示了他們不辜負自己以1966此一重要年份為團名的企圖。去年他們登上大團，今年四月他們發表多首宅錄 demo，聽者應該都能感受有個好作品在路上了。 本集來賓： 銀河1966 https://streetvoice.com/Milkway1966/ 節目資訊： StreetVoice未來進行式 FB： https://www.facebook.com/StreetVoiceonair/ 主持人：小樹 https://www.instagram.com/chillouttree/ 出品｜街聲股份有限公司 製作人｜韁河媒體工作室 Marks 剪輯｜韁河媒體工作室 吳柏翰 Podcast 聯繫信箱：svradio9999@gmail.com *本計畫獲文化部影視及流行音樂產業局 114 年補助 
銀河1966 因為遍佈台灣各縣市的音樂祭，樂團似乎真的迎來它的時代。幾乎與之同時，社群開始進入我們的生活，徹底改變了許多事情的價值。成軍近四年的銀河1966，堪稱是本島當下潮流來去之中，不受干擾，緩緩地練就著自身搖滾手工的代表，其吉他與編曲，都清楚展示了他們不辜負自己以1966此一重要年份為團名的企圖。去年他們登上大團，今年四月他們發表多首宅錄 demo，聽者應該都能感受有個好作品在路上了。
本集來賓：
銀河1966
https://streetvoice.com/Milkway1966/
https://streetvoice.com/Milkway1966/
節目資訊：
StreetVoice未來進行式
FB：
https://www.facebook.com/StreetVoiceonair/
https://www.facebook.com/StreetVoiceonair/
主持人：小樹
https://www.instagram.com/chillouttree/
https://www.instagram.com/chillouttree/
出品｜街聲股份有限公司
製作人｜韁河媒體工作室 Marks
剪輯｜韁河媒體工作室 吳柏翰
Podcast 聯繫信箱：svradio9999@gmail.com
*本計畫獲文化部影視及流行音樂產業局 114 年補助","這是沒有提供歌詞的歌曲
留言（ 0 ） 最相關留言 所有留言
留言（ 0 ）",2026-08-05,,編輯推薦,True,False,
