snapshot_time,chart_timeframe,chart_genre,chart_year,chart_week,rank,artist_name,song_title,likes_count,play_count,comments_count,song_url,artist_url,cover_image_url,cover_image_local_path,artist_handle,artist_identity,artist_city,artist_joined_date,artist_accredited_datetime,artist_music_count,artist_fans_count,artist_following_count,artist_facebook_url,artist_instagram_url,artist_youtube_url,related_news,big_thing_appearances,genre,album_title,album_url,collaborators,description,lyrics,release_date,song_accredited_datetime,honors,is_editor_recommended,is_song_of_the_day,critic_review_url
2026-08-31 07:34:18,realtime,folk,,,1,安眠巫師 WiFi,順流 （天氣加成版）ft.黃玠瑋 Zooey Wonder,99,13179,85,https://streetvoice.com/sleepywifizzz/songs/876157/,https://streetvoice.com/sleepywifizzz/,"https://akstatic.streetvoice.com/song_covers/sl/ee/sleepywifizzz/AYjU5Zx8r4VnpgqhRv885M.jpeg?x-oss-process=image/resize,m_fixed,h_1,w_1,limit_0/resize,m_fixed,h_630,w_1200,limit_0/watermark,image_c29uZ19jb3ZlcnMvc2wvZWUvc2xlZXB5d2lmaXp6ei9BWWpVNVp4OHI0Vm5wZ3FoUnY4ODVNLmpwZWc_eC1vc3MtcHJvY2Vzcz1pbWFnZS9yZXNpemUsbV9maXhlZCxoXzM0NCx3XzM0NCxsaW1pdF8w,g_nw,x_428,y_143/watermark,image_YXNzZXQvaW1hZ2VzL21ldGFpbWFnZS1zb25nLnBuZw,g_nw,x_0,y_0",images/876157.jpeg,@sleepywifizzz,音樂人,,,,1,45,,,,https://www.youtube.com/user/StreetVoiceTV,秦旭章化身安眠巫師 邀陳如山、盧律銘合作新歌〈月光假面〉|||https://blow.streetvoice.com/61042/?utm_source=streetvoice&utm_medium=profile-news-block; 守夜人團長秦旭章新身份「安眠巫師」 首支個人單曲〈我們沒救了〉MV上線|||https://blow.streetvoice.com/60361/?utm_source=streetvoice&utm_medium=profile-news-block,,Folk,,,,"🎧 https://umg.lnk.to/spwfzysl 這次我們獨家在街聲放了最流動的原始創作✨ 有沒有一種時候， 你已經試過很多方法了。 換方向、換方法、換態度， 甚至連人生觀都重新安裝一次。 但事情還是沒有比較順。 於是某一天， 你突然想說—— 算了。 把自己關機好了 不是放棄， 只是有點累。 - 2026年 送給 突然不想再證明什麼了的自己 不強抓， 不討好， 不過度在意。 順流。 不在意。 沒關係。 — 「安眠巫師 WiFi」是守夜人 Night Keepers 團長旭章 WiFi， 所創造出來的分靈體角色。他能以反心靈雞湯語錄般的黑色幽默語氣，帶你用負能量化解負能量，另類「解惑」人生的各類疑難雜症。 安眠巫師與黃玠瑋在創作《順流》這首歌時，兩人都正處於各自生命裡的「逆流」時刻，與其寫下勵志口號，他們選擇誠實面對那些難以言說的疲憊與無力。 於是，將那些真正喘不過氣的內心話，誠實地寫進歌曲裡。 「無能為力」、「已經花光所有力氣」、「不要在意別人眼中的自己」—— 那些看似無力的念頭，在這首歌裡，被溫柔地接住。 《順流》以 Indie Pop × Dream Pop 為基底，融合 Ambient Folk 的空間感與如公路電影般的流動氛圍。編曲刻意保留大量留白，情緒內斂而緩慢推進，安眠巫師與黃玠瑋的聲線在歌曲中交錯，如同兩條逆流中的水脈，在孤獨與理解之間慢慢靠近。 這不是一首鼓勵你振作的歌， 而是一首在你累了的時候，陪你慢慢往前走的歌。 黃玠瑋形容錄音時腦海浮現的畫面，就像一部公路電影： 一條很長的道路，有人經過，有人上車，有人離開。 你不知道該不該回應，甚至有點孤單，但慢慢會發現——頻率對的人，自然會留下。 對安眠巫師而言，《順流》也是一種性格的鬆動。 允許不合時宜，允許自己的速度，也允許暫時不知道自己在做什麼。 這首歌不是要帶你去更遠的地方。 只是陪你， 把車繼續往前開。 人生如果真的卡住了， 有時候不是要重開機。 只是要先順流一下。 即使不知道明天在哪裡。 但方向， 會慢慢對上。 . 《 順流 (天氣加成版) 》  ｜安眠巫師  feat. 黃玠瑋 現在，你可以不用再用力了。 
🎧 https://umg.lnk.to/spwfzysl
https://umg.lnk.to/spwfzysl
這次我們獨家在街聲放了最流動的原始創作✨
有沒有一種時候， 你已經試過很多方法了。
換方向、換方法、換態度， 甚至連人生觀都重新安裝一次。
但事情還是沒有比較順。
於是某一天， 你突然想說—— 算了。 把自己關機好了
不是放棄， 只是有點累。
-
2026年 送給 突然不想再證明什麼了的自己
不強抓， 不討好， 不過度在意。 順流。 不在意。 沒關係。 —
「安眠巫師 WiFi」是守夜人 Night Keepers 團長旭章 WiFi， 所創造出來的分靈體角色。他能以反心靈雞湯語錄般的黑色幽默語氣，帶你用負能量化解負能量，另類「解惑」人生的各類疑難雜症。
安眠巫師與黃玠瑋在創作《順流》這首歌時，兩人都正處於各自生命裡的「逆流」時刻，與其寫下勵志口號，他們選擇誠實面對那些難以言說的疲憊與無力。
於是，將那些真正喘不過氣的內心話，誠實地寫進歌曲裡。
「無能為力」、「已經花光所有力氣」、「不要在意別人眼中的自己」—— 那些看似無力的念頭，在這首歌裡，被溫柔地接住。
《順流》以 Indie Pop × Dream Pop 為基底，融合 Ambient Folk 的空間感與如公路電影般的流動氛圍。編曲刻意保留大量留白，情緒內斂而緩慢推進，安眠巫師與黃玠瑋的聲線在歌曲中交錯，如同兩條逆流中的水脈，在孤獨與理解之間慢慢靠近。
這不是一首鼓勵你振作的歌， 而是一首在你累了的時候，陪你慢慢往前走的歌。
黃玠瑋形容錄音時腦海浮現的畫面，就像一部公路電影： 一條很長的道路，有人經過，有人上車，有人離開。
你不知道該不該回應，甚至有點孤單，但慢慢會發現——頻率對的人，自然會留下。
對安眠巫師而言，《順流》也是一種性格的鬆動。 允許不合時宜，允許自己的速度，也允許暫時不知道自己在做什麼。
這首歌不是要帶你去更遠的地方。 只是陪你， 把車繼續往前開。 人生如果真的卡住了， 有時候不是要重開機。 只是要先順流一下。
即使不知道明天在哪裡。 但方向， 會慢慢對上。
.
《 順流 (天氣加成版) 》  ｜安眠巫師  feat. 黃玠瑋
現在，你可以不用再用力了。","🎧 https://umg.lnk.to/spwfzysl 作詞| 黃玠瑋/ 秦旭章 作曲| 秦旭章 製作| 秦旭章/鍾承洋 訂了單程的車票 不想規劃去哪裡 維持平凡的生活 已經花光我所有的力氣 ⠀⠀ 有時我無能為力 只想躺平在家裡 我不想困在原地 不確定 ⠀⠀⠀⠀ 通往順流的頻率 深呼吸呀喘口氣 還沒發生的事情 看不透也沒關係 ⠀⠀⠀⠀ 明天在哪裡 不想去在意 我會在哪裡 我的影子在哪裡 我的笑容在哪裡 川流不息的海底 不知不覺的外空動力 ⠀⠀⠀⠀ 會不會太在意 每個人眼裡的自己 擁抱當下的每片風景 確定 ⠀⠀⠀⠀ 通往順流的頻率 深呼吸呀喘口氣 還沒發生的事情 看不透也沒關係 ⠀⠀⠀⠀ 明天在哪裡 不想去在意 我會在哪裡 時間每分每秒在流逝 只剩我還停留在這兒 每個人有自己的時區 沒關係 ⠀⠀⠀⠀ 通往順流的頻率 深呼吸呀喘口氣 還沒發生的事情 看不透也沒關係 ⠀⠀⠀⠀ 明天在哪裡 不想去在意 我會在哪裡 不想去在意 哪裡 
🎧 https://umg.lnk.to/spwfzysl
作詞| 黃玠瑋/ 秦旭章 作曲| 秦旭章 製作| 秦旭章/鍾承洋
訂了單程的車票 不想規劃去哪裡 維持平凡的生活 已經花光我所有的力氣 ⠀⠀
有時我無能為力 只想躺平在家裡 我不想困在原地 不確定 ⠀⠀⠀⠀
通往順流的頻率 深呼吸呀喘口氣 還沒發生的事情 看不透也沒關係 ⠀⠀⠀⠀
明天在哪裡 不想去在意 我會在哪裡
我的影子在哪裡 我的笑容在哪裡 川流不息的海底 不知不覺的外空動力 ⠀⠀⠀⠀
會不會太在意 每個人眼裡的自己 擁抱當下的每片風景 確定 ⠀⠀⠀⠀
通往順流的頻率 深呼吸呀喘口氣 還沒發生的事情 看不透也沒關係 ⠀⠀⠀⠀
明天在哪裡 不想去在意 我會在哪裡
時間每分每秒在流逝 只剩我還停留在這兒 每個人有自己的時區 沒關係 ⠀⠀⠀⠀
通往順流的頻率 深呼吸呀喘口氣 還沒發生的事情 看不透也沒關係 ⠀⠀⠀⠀
明天在哪裡 不想去在意 我會在哪裡 不想去在意
哪裡
留言（ 85 ） 最相關留言 所有留言
留言（ 85 ）",2026-08-24,,編輯推薦,True,False,
2026-08-31 07:34:18,realtime,folk,,,2,哈樂黛 Haradise,瓶中信 (Demo),34,2410,9,https://streetvoice.com/haradise202412/songs/875693/,https://streetvoice.com/haradise202412/,"https://akstatic.streetvoice.com/song_covers/ha/ra/haradise202412/MuihQxXUzKofMPxhzhmNyE.jpeg?x-oss-process=image/resize,m_fixed,h_1,w_1,limit_0/resize,m_fixed,h_630,w_1200,limit_0/watermark,image_c29uZ19jb3ZlcnMvaGEvcmEvaGFyYWRpc2UyMDI0MTIvTXVpaFF4WFV6S29mTVB4aHpobU55RS5qcGVnP3gtb3NzLXByb2Nlc3M9aW1hZ2UvcmVzaXplLG1fZml4ZWQsaF8zNDQsd18zNDQsbGltaXRfMA,g_nw,x_428,y_143/watermark,image_YXNzZXQvaW1hZ2VzL21ldGFpbWFnZS1zb25nLnBuZw,g_nw,x_0,y_0",images/875693.jpeg,@haradise202412,音樂人,台北市,2016-03-01,2026-07-06 10:41,8,64,5,,https://www.instagram.com/haradise202412,https://www.youtube.com/@haradisebandofficialchannel,,,Folk,,,雨國 Kingdom of Rain、周趙容瑄,"詞：哈樂黛 曲：Chou Chao 編曲：哈樂黛 混音：趙沛 母帶：陳翰 製作人：陳翰 
詞：哈樂黛 曲：Chou Chao 編曲：哈樂黛 混音：趙沛 母帶：陳翰 製作人：陳翰","我是一封沒有地址的信 蜷縮在冰冷的玻璃瓶裡 隨著洋流 帶著你筆尖與淚痕的點滴 一起迷失在你的柔波裡 貼近著海浪的呼吸 濕氣洗去陌生的姓名在 一片汪洋裡 褪色的字句牽著我和你 展開我們的無聲遠行 陽光折射的橙色光暈 水下還藏另一片天地 不停的放映著褪色默劇 輪轉著 生鏽的回憶投影 瓶裝著 與你的幻影 我忘了我是一封信 泡沫唱著褪色的署名 被海浪叼去 連同迷路人魚 沉入海底 陽光折射的橙色光暈 水下還藏另一片天地 不停的放映著褪色默劇 嘆息撐破了玻璃瓶 字跡已落在你心底 
我是一封沒有地址的信 蜷縮在冰冷的玻璃瓶裡 隨著洋流 帶著你筆尖與淚痕的點滴 一起迷失在你的柔波裡
貼近著海浪的呼吸 濕氣洗去陌生的姓名在 一片汪洋裡 褪色的字句牽著我和你 展開我們的無聲遠行
陽光折射的橙色光暈 水下還藏另一片天地 不停的放映著褪色默劇 輪轉著 生鏽的回憶投影 瓶裝著 與你的幻影
我忘了我是一封信 泡沫唱著褪色的署名 被海浪叼去 連同迷路人魚 沉入海底
陽光折射的橙色光暈 水下還藏另一片天地 不停的放映著褪色默劇 嘆息撐破了玻璃瓶 字跡已落在你心底
留言（ 9 ） 最相關留言 所有留言
留言（ 9 ）",2026-08-21,,Song of the Day; 編輯推薦,True,True,
2026-08-31 07:34:18,realtime,folk,,,3,labere,天文氣候色彩學-Demo,53,2773,5,https://streetvoice.com/Chen_Wen_Yue/songs/875470/,https://streetvoice.com/Chen_Wen_Yue/,"https://akstatic.streetvoice.com/song_covers/Ch/en/Chen_Wen_Yue/hZtZ7YqpmtYaCzsicmqNtm.jpeg?x-oss-process=image/resize,m_fixed,h_1,w_1,limit_0/resize,m_fixed,h_630,w_1200,limit_0/watermark,image_c29uZ19jb3ZlcnMvQ2gvZW4vQ2hlbl9XZW5fWXVlL2hadFo3WXFwbXRZYUN6c2ljbXFOdG0uanBlZz94LW9zcy1wcm9jZXNzPWltYWdlL3Jlc2l6ZSxtX2ZpeGVkLGhfMzQ0LHdfMzQ0LGxpbWl0XzA,g_nw,x_428,y_143/watermark,image_YXNzZXQvaW1hZ2VzL21ldGFpbWFnZS1zb25nLnBuZw,g_nw,x_0,y_0",images/875470.jpeg,@Chen_Wen_Yue,音樂人,台東縣,2018-04-01,2022-04-25 21:27,3,94,9,,https://www.instagram.com/labere_chen/,https://www.youtube.com/user/StreetVoiceTV,第二屆「街聲年度音樂趨勢大獎」擴大規模舉辦！邀張震嶽、熊仔、國國、鄭宜農擔任頒獎嘉賓|||https://blow.streetvoice.com/78673/?utm_source=streetvoice&utm_medium=profile-news-block; 金曲、金音前哨站，第二屆「𝙎𝙩𝙧𝙚𝙚𝙩𝙑𝙤𝙞𝙘𝙚 𝘼𝙬𝙖𝙧𝙙𝙨 街聲年度音樂趨勢大獎」公布全名單|||https://blow.streetvoice.com/78557/?utm_source=streetvoice&utm_medium=profile-news-block,,Folk,,,,"Lyrics: Pacak Music: LABERE Arrangement: LABERE 
Lyrics: Pacak Music: LABERE Arrangement: LABERE","紅色是你 毫無保留揮灑了自己 橘色是我 溫柔包裝所有不安定 黃色是你 就像太陽照亮這行星 綠色是我 草原咀嚼著地心引力 藍色是你 熱愛海洋跟風和日麗 紫色是我 幻想跟你一起被雨淋 當我心理複雜的像氣候 軀殼空蕩的像宇宙 你卻不在乎的擁抱我 當我不喜歡自己的時候 越脆弱 越希望被拯救 越倔強 越渴望被你的溫柔包裹 
紅色是你 毫無保留揮灑了自己
橘色是我 溫柔包裝所有不安定
黃色是你 就像太陽照亮這行星
綠色是我 草原咀嚼著地心引力
藍色是你 熱愛海洋跟風和日麗
紫色是我 幻想跟你一起被雨淋
當我心理複雜的像氣候
軀殼空蕩的像宇宙
你卻不在乎的擁抱我
當我不喜歡自己的時候
越脆弱 越希望被拯救
越倔強 越渴望被你的溫柔包裹
留言（ 5 ） 最相關留言 所有留言
留言（ 5 ）",2026-08-19,,編輯推薦,True,False,
2026-08-31 07:34:18,realtime,folk,,,4,Áīôť≥∂ Seizer,偽善 Acoustic live ver.,38,2007,1,https://streetvoice.com/seizer_official/songs/876203/,https://streetvoice.com/seizer_official/,"https://akstatic.streetvoice.com/song_covers/se/iz/seizer_official/8q5UYN3MWPtjiAMRTY6FMi.jpeg?x-oss-process=image/resize,m_fixed,h_1,w_1,limit_0/resize,m_fixed,h_630,w_1200,limit_0/watermark,image_c29uZ19jb3ZlcnMvc2UvaXovc2VpemVyX29mZmljaWFsLzhxNVVZTjNNV1B0amlBTVJUWTZGTWkuanBlZz94LW9zcy1wcm9jZXNzPWltYWdlL3Jlc2l6ZSxtX2ZpeGVkLGhfMzQ0LHdfMzQ0LGxpbWl0XzA,g_nw,x_428,y_143/watermark,image_YXNzZXQvaW1hZ2VzL21ldGFpbWFnZS1zb25nLnBuZw,g_nw,x_0,y_0",images/876203.jpeg,,,,,,10,2157,,,https://www.instagram.com/seizer.com.tw/,https://www.youtube.com/user/StreetVoiceTV,紙鳶首登泰國Monster Music Festival 回歸宣布新專輯《缺頁的名冊》即將發行|||https://blow.streetvoice.com/89229/?utm_source=streetvoice&utm_medium=profile-news-block; 北流「Open Lab人才培育計畫」五週年成果亮眼 媒合紙鳶登泰國音樂節|||https://blow.streetvoice.com/88857/?utm_source=streetvoice&utm_medium=profile-news-block; 紙鳶聯手羊米人推出首支台語單曲〈六月的雨縫〉為9月新專輯暖身|||https://blow.streetvoice.com/88034/?utm_source=streetvoice&utm_medium=profile-news-block,,Folk,,,,"詞 Lyrics｜仁杰 曲 Composer｜仁杰 編曲 Arrangement｜紙鳶 Seizer 主唱 Vocal｜仁杰 和聲 Backing Vocal｜紙鳶 Seizer 木吉他 Acoustic Guitar｜蘇崇祐 Kay 楊博皓 Seal 貝斯 Bass｜呂建亨 Henry 木箱鼓 Cajon｜王秉宸 Daniel 鍵盤與合成器 ｜Keyboards & Synth Design｜楊博皓 Seal 製作人 Producer｜楊博皓 Seal 和聲編寫 Backing Vocal Arrangement｜紙鳶 Seizer 錄音師 Recording Engineer｜楊博皓 Seal 混音師 Mixing Engineer｜楊博皓 Seal 
詞 Lyrics｜仁杰 曲 Composer｜仁杰 編曲 Arrangement｜紙鳶 Seizer
主唱 Vocal｜仁杰 和聲 Backing Vocal｜紙鳶 Seizer 木吉他 Acoustic Guitar｜蘇崇祐 Kay 楊博皓 Seal 貝斯 Bass｜呂建亨 Henry 木箱鼓 Cajon｜王秉宸 Daniel 鍵盤與合成器 ｜Keyboards & Synth Design｜楊博皓 Seal
製作人 Producer｜楊博皓 Seal 和聲編寫 Backing Vocal Arrangement｜紙鳶 Seizer 錄音師 Recording Engineer｜楊博皓 Seal 混音師 Mixing Engineer｜楊博皓 Seal","真正善良的人不會出現在眾人眼前 又怎能保證從善的人不是帶著假面 每個人心裏定義的善惡 輕易的扼殺社會現象的準則 躲在螢幕後面的醜惡 肆意煽動本就稀缺的尊重包容 想起身對抗不義不公 無奈大多數都選擇無動於衷 說一件被人遺忘的遺憾 爭一口別人無視的正義 明明沒錯卻被說成偽善 莫須有般成為眾矢之的 說一件被人遺忘的遺憾 爭一口別人無視的正義 明明沒錯卻被說成偽善 莫須有般成為眾矢之的 論是非對錯到最後也都流於形式 永遠都會有人在道德上鄙視 說一件被人遺忘的遺憾 爭一口別人無視的正義 明明沒錯卻被說成偽善 莫須有般成為眾矢之的 說一件被人遺忘的遺憾 爭一口別人無視的正義 明明沒錯卻被說成偽善 莫須有般成為眾矢之的 (La la la la) 說一件被人遺忘的遺憾 爭一口別人無視的正義 明明沒錯卻被說成偽善 莫須有般成為眾矢之的 
真正善良的人不會出現在眾人眼前 又怎能保證從善的人不是帶著假面 每個人心裏定義的善惡 輕易的扼殺社會現象的準則
躲在螢幕後面的醜惡 肆意煽動本就稀缺的尊重包容 想起身對抗不義不公 無奈大多數都選擇無動於衷
說一件被人遺忘的遺憾 爭一口別人無視的正義 明明沒錯卻被說成偽善 莫須有般成為眾矢之的
說一件被人遺忘的遺憾 爭一口別人無視的正義 明明沒錯卻被說成偽善 莫須有般成為眾矢之的
論是非對錯到最後也都流於形式 永遠都會有人在道德上鄙視
說一件被人遺忘的遺憾 爭一口別人無視的正義 明明沒錯卻被說成偽善 莫須有般成為眾矢之的
說一件被人遺忘的遺憾 爭一口別人無視的正義 明明沒錯卻被說成偽善 莫須有般成為眾矢之的
(La la la la)
說一件被人遺忘的遺憾 爭一口別人無視的正義 明明沒錯卻被說成偽善 莫須有般成為眾矢之的
留言（ 1 ） 最相關留言 所有留言
留言（ 1 ）",2026-08-25,,編輯推薦,True,False,
2026-08-31 07:34:18,realtime,folk,,,5,羅方里,不會發光的螢火蟲,4,320,0,https://streetvoice.com/fl19990421/songs/876671/,https://streetvoice.com/fl19990421/,"https://akstatic.streetvoice.com/song_covers/fl/19/fl19990421/CZtGWtEkG38oKPnLjdjeq6.jpg?x-oss-process=image/resize,m_fixed,h_1,w_1,limit_0/resize,m_fixed,h_630,w_1200,limit_0/watermark,image_c29uZ19jb3ZlcnMvZmwvMTkvZmwxOTk5MDQyMS9DWnRHV3RFa0czOG9LUG5MamRqZXE2LmpwZz94LW9zcy1wcm9jZXNzPWltYWdlL3Jlc2l6ZSxtX2ZpeGVkLGhfMzQ0LHdfMzQ0LGxpbWl0XzA,g_nw,x_428,y_143/watermark,image_YXNzZXQvaW1hZ2VzL21ldGFpbWFnZS1zb25nLnBuZw,g_nw,x_0,y_0",images/876671.jpg,@fl19990421,音樂人,台中市,2018-04-01,,4,3,3,,,https://www.youtube.com/user/StreetVoiceTV,,,Singer / Songwriter,,,,"有天我房間飛來了一直螢火蟲 以為他不會發光 是別的種類 但我直覺相信他是 關上房間所有的燈 於是看見了他在黑暗中發出的 微弱卻明確的光芒 
有天我房間飛來了一直螢火蟲 以為他不會發光 是別的種類 但我直覺相信他是 關上房間所有的燈 於是看見了他在黑暗中發出的 微弱卻明確的光芒","不會發光的螢火蟲 多像我 有話不說 在黑暗角落 渴望人懂 渴望擁有 一束光火 去照亮 掙扎的軌跡 你是在追尋 還是躲避 向光或是 背光而行 別試探 別旁觀 放任我哭喊 別倉忙地審判 嘲笑我不敢 不曾到達的就不算離去 是我一開始就弄錯了目的地 急著展翅 卻不曾飛離 這造物的掌心 
不會發光的螢火蟲 多像我 有話不說 在黑暗角落 渴望人懂 渴望擁有 一束光火
去照亮 掙扎的軌跡 你是在追尋 還是躲避 向光或是 背光而行
別試探 別旁觀 放任我哭喊 別倉忙地審判 嘲笑我不敢
不曾到達的就不算離去 是我一開始就弄錯了目的地 急著展翅 卻不曾飛離 這造物的掌心
留言（ 0 ） 最相關留言 所有留言
留言（ 0 ）",2026-08-27,,編輯推薦,True,False,
2026-08-31 07:34:18,realtime,folk,,,6,Kekulin柯郭林,咖啡成癮demo,3,65,4,https://streetvoice.com/Kekulin/songs/877058/,https://streetvoice.com/Kekulin/,"https://akstatic.streetvoice.com/song_covers/Ke/ku/Kekulin/Mo4UHeDBEAbdVbgdoJLQzR.jpg?x-oss-process=image/resize,m_fixed,h_1,w_1,limit_0/resize,m_fixed,h_630,w_1200,limit_0/watermark,image_c29uZ19jb3ZlcnMvS2Uva3UvS2VrdWxpbi9NbzRVSGVEQkVBYmRWYmdkb0pMUXpSLmpwZz94LW9zcy1wcm9jZXNzPWltYWdlL3Jlc2l6ZSxtX2ZpeGVkLGhfMzQ0LHdfMzQ0LGxpbWl0XzA,g_nw,x_428,y_143/watermark,image_YXNzZXQvaW1hZ2VzL21ldGFpbWFnZS1zb25nLnBuZw,g_nw,x_0,y_0",images/877058.jpg,@Kekulin,音樂人,,,,1,4,,,,https://www.youtube.com/user/StreetVoiceTV,,,Folk,,,,,"咖啡成癮這東西 越喝越像在夢境 明明只是想清醒 越喝越離不開你 咖啡成癮這東西 心跳變得太確定 明明只是想清醒 卻發現 一杯接著一杯 把自己都耗盡 越像掙脫就越 來越難的抽離 如果哪天我是真的戒掉了你 我怕連自己都不太熟悉 
咖啡成癮這東西
越喝越像在夢境
明明只是想清醒
越喝越離不開你
咖啡成癮這東西
心跳變得太確定
明明只是想清醒
卻發現
一杯接著一杯 把自己都耗盡
越像掙脫就越 來越難的抽離
如果哪天我是真的戒掉了你
我怕連自己都不太熟悉
留言（ 4 ） 最相關留言 所有留言
留言（ 4 ）",2026-08-30,,,False,False,
2026-08-31 07:34:18,realtime,folk,,,7,Louis’,Steadfast,3,109,0,https://streetvoice.com/honglouis65/songs/874987/,https://streetvoice.com/honglouis65/,"https://akstatic.streetvoice.com/music_albums/ho/ng/honglouis65/Sd4LhhPpP3meWa7p49Jw3o.jpeg?x-oss-process=image/resize,m_fixed,h_1,w_1,limit_0/resize,m_fixed,h_630,w_1200,limit_0/watermark,image_bXVzaWNfYWxidW1zL2hvL25nL2hvbmdsb3VpczY1L1NkNExoaFBwUDNtZVdhN3A0OUp3M28uanBlZz94LW9zcy1wcm9jZXNzPWltYWdlL3Jlc2l6ZSxtX2ZpeGVkLGhfMzQ0LHdfMzQ0LGxpbWl0XzA,g_nw,x_428,y_143/watermark,image_YXNzZXQvaW1hZ2VzL21ldGFpbWFnZS1zb25nLnBuZw,g_nw,x_0,y_0",images/874987.jpeg,@honglouis65,音樂人,,,,2,13,36,,,https://www.youtube.com/user/StreetVoiceTV,,,Singer / Songwriter,Above the Floorboards,https://streetvoice.com/honglouis65/songs/album/97325912/,,"recorded on the 4th of July, 2026 
recorded on the 4th of July, 2026","Analyze the figures, the figures tell their progress. You could lose a limb or let them take it as they may. Hold your arms in silence I can hardly see them shake. I can often see them falling in the thousands. In the balls of fire is where you could finally see. Rocket-bombs and fireworks flowers in the cradle stale. I would throw a fit if I should lose you I’ll continue It’s no good for you to see, to feel, to crave, and then to lose you. Analyze the figures, the figures tell their progress. You could lose a limb or let them take it as they may. Hold your arms in silence I can hardly see them, I can’t. Hold your arms into the sky cause I can hardly see them shake. Take your time to decide cause I can hardly see you shake. I would commit suicide but I can’t stand to see you shake. 
Analyze the figures, the figures tell their progress. You could lose a limb or let them take it as they may. Hold your arms in silence I can hardly see them shake.
I can often see them falling in the thousands. In the balls of fire is where you could finally see. Rocket-bombs and fireworks flowers in the cradle stale.
I would throw a fit if I should lose you I’ll continue It’s no good for you
to see, to feel, to crave, and then to lose you.
Analyze the figures, the figures tell their progress. You could lose a limb or let them take it as they may. Hold your arms in silence I can hardly see them, I can’t.
Hold your arms into the sky cause I can hardly see them shake. Take your time to decide cause I can hardly see you shake. I would commit suicide but I can’t stand to see you shake.
留言（ 0 ） 最相關留言 所有留言
留言（ 0 ）",2026-08-30,,,False,False,
2026-08-31 07:34:18,realtime,folk,,,8,Louis’,13 Row,2,73,0,https://streetvoice.com/honglouis65/songs/876992/,https://streetvoice.com/honglouis65/,"https://akstatic.streetvoice.com/music_albums/ho/ng/honglouis65/Sd4LhhPpP3meWa7p49Jw3o.jpeg?x-oss-process=image/resize,m_fixed,h_1,w_1,limit_0/resize,m_fixed,h_630,w_1200,limit_0/watermark,image_bXVzaWNfYWxidW1zL2hvL25nL2hvbmdsb3VpczY1L1NkNExoaFBwUDNtZVdhN3A0OUp3M28uanBlZz94LW9zcy1wcm9jZXNzPWltYWdlL3Jlc2l6ZSxtX2ZpeGVkLGhfMzQ0LHdfMzQ0LGxpbWl0XzA,g_nw,x_428,y_143/watermark,image_YXNzZXQvaW1hZ2VzL21ldGFpbWFnZS1zb25nLnBuZw,g_nw,x_0,y_0",images/876992.jpeg,@honglouis65,音樂人,,,,2,13,36,,,https://www.youtube.com/user/StreetVoiceTV,,,Folk,Above the Floorboards,https://streetvoice.com/honglouis65/songs/album/97325912/,,"recorded on the 23rd of August, 2026 
recorded on the 23rd of August, 2026","I tucked her, slowly inside and told her “you’re living in the past” and time, time has come forth timeless endings I’ll meet you in the foreroom Lick your wounds, by the riverbed take what’s in store, bring what’s in stead confide in me, secrets of you hidden from me 
I tucked her, slowly inside and told her “you’re living in the past” and time, time has come forth timeless endings I’ll meet you in the foreroom
Lick your wounds, by the riverbed take what’s in store, bring what’s in stead confide in me, secrets of you hidden from me
留言（ 0 ） 最相關留言 所有留言
留言（ 0 ）",2026-08-30,,,False,False,
2026-08-31 07:34:18,realtime,folk,,,9,李敏哲,改名的機場｜進場重飛,5,110,1,https://streetvoice.com/minzer_c_lee/songs/877156/,https://streetvoice.com/minzer_c_lee/,"https://akstatic.streetvoice.com/song_covers/mi/nz/minzer_c_lee/aDBLa8ACvYFKvu2AHmYRoW.jpeg?x-oss-process=image/resize,m_fixed,h_1,w_1,limit_0/resize,m_fixed,h_630,w_1200,limit_0/watermark,image_c29uZ19jb3ZlcnMvbWkvbnovbWluemVyX2NfbGVlL2FEQkxhOEFDdllGS3Z1MkFIbVlSb1cuanBlZz94LW9zcy1wcm9jZXNzPWltYWdlL3Jlc2l6ZSxtX2ZpeGVkLGhfMzQ0LHdfMzQ0LGxpbWl0XzA,g_nw,x_428,y_143/watermark,image_YXNzZXQvaW1hZ2VzL21ldGFpbWFnZS1zb25nLnBuZw,g_nw,x_0,y_0",images/877156.jpeg,@minzer_c_lee,音樂人,,,,8,13,17,,,https://www.youtube.com/user/StreetVoiceTV,,,Singer / Songwriter,,,雷克非 Christopher R,"我把雷克非的《改名的機場》重新唱了一次。 這首歌有一個很台灣的時間座標。 你記得那個機場以前叫什麼，記得自己曾經從那裡離開。很多年後再回來，名字換了，城市變了，連你認識這座城市的方法都不太一樣了。 我唱到「有到萬華嗎」那句的時候，心裡真的幹了一聲。 機捷沒有到萬華啦。 就這麼簡單。 不是什麼宏大的鄉愁。只是離開太久的人回來了，腦子裡還帶著以前的地圖，然後被一件再日常不過的小事迎面撞了一下。 名字換了，路線換了，城市有了新的走法。 而你也已經離開太久了。 Lyrics: Christopher Reed Composer: Christopher Reed Vocal: Minzer C Lee Recording / Mastering: Minzer C Lee Music Production: Co-created with SUNO AI 首飛： https://streetvoice.com/ChristopherR/songs/859841/ 
我把雷克非的《改名的機場》重新唱了一次。
這首歌有一個很台灣的時間座標。
你記得那個機場以前叫什麼，記得自己曾經從那裡離開。很多年後再回來，名字換了，城市變了，連你認識這座城市的方法都不太一樣了。
我唱到「有到萬華嗎」那句的時候，心裡真的幹了一聲。
機捷沒有到萬華啦。
就這麼簡單。
不是什麼宏大的鄉愁。只是離開太久的人回來了，腦子裡還帶著以前的地圖，然後被一件再日常不過的小事迎面撞了一下。
名字換了，路線換了，城市有了新的走法。
而你也已經離開太久了。
Lyrics: Christopher Reed Composer: Christopher Reed Vocal: Minzer C Lee Recording / Mastering: Minzer C Lee Music Production: Co-created with SUNO AI
首飛： https://streetvoice.com/ChristopherR/songs/859841/
https://streetvoice.com/ChristopherR/songs/859841/","《改名的機場》 Vancouver rains tonight I pull my jacket tight This car key takes me back To another time It holds the years we drove And every late-night drive Every mile we couldn’t leave Still flickers in my eyes 台北的巷弄 藏著志文版的存在主義 We were so sure. 那是我們 曾經以為能改變世界的勇氣 現在的我 只能在高速公路上奔馳 Don't look back. 看著路燈 一盞一盞回到青春的過往 我們的世代 總在時差裡清醒 太平洋的浪 拍著兩座城的倒影 不用誰來懂 那些沒說出口的傷 You don't explain to nobody. 跟著搖盪的旋律 抱住自己的重量 落地窗外 燈火依然編織著忙碌 行李盤轉著 那些帶不走的下午 廣播裡的聲音 變得客氣而生疏 Welcome back. Please follow the signs. 我站在大廳 像個迷路的老信徒 那一年 登機證是通往未來的門票 這一年 護照本是留住過去的依靠 時差沒變，只是心跳慢了一拍 在自動感應門前，我摸了摸口袋 只有一條哪裡都不是的手帕 這裡早已不是以人名命名的地圖 舊證件上的字跡 模糊得像來時的路 家鄉是改名的機場 我還在舊城裡找回家的路 我們的世代 總在時差裡清醒 太平洋的浪 拍著兩座城的倒影 不用誰來懂 那些沒說出口的傷 You don't explain to nobody. 跟著搖盪的旋律 抱住自己的重量 開往台北的普通車 即將進站 是這邊吧？ 有到萬華嗎？ Damn！好陌生。 
《改名的機場》
Vancouver rains tonight I pull my jacket tight This car key takes me back To another time
It holds the years we drove And every late-night drive Every mile we couldn’t leave Still flickers in my eyes
台北的巷弄 藏著志文版的存在主義 We were so sure. 那是我們 曾經以為能改變世界的勇氣 現在的我 只能在高速公路上奔馳 Don't look back. 看著路燈 一盞一盞回到青春的過往
我們的世代 總在時差裡清醒 太平洋的浪 拍著兩座城的倒影 不用誰來懂 那些沒說出口的傷 You don't explain to nobody. 跟著搖盪的旋律 抱住自己的重量
落地窗外 燈火依然編織著忙碌 行李盤轉著 那些帶不走的下午 廣播裡的聲音 變得客氣而生疏 Welcome back. Please follow the signs. 我站在大廳 像個迷路的老信徒
那一年 登機證是通往未來的門票 這一年 護照本是留住過去的依靠 時差沒變，只是心跳慢了一拍 在自動感應門前，我摸了摸口袋 只有一條哪裡都不是的手帕
這裡早已不是以人名命名的地圖 舊證件上的字跡 模糊得像來時的路 家鄉是改名的機場 我還在舊城裡找回家的路
我們的世代 總在時差裡清醒 太平洋的浪 拍著兩座城的倒影 不用誰來懂 那些沒說出口的傷 You don't explain to nobody. 跟著搖盪的旋律 抱住自己的重量
開往台北的普通車 即將進站
是這邊吧？ 有到萬華嗎？
Damn！好陌生。
留言（ 1 ） 最相關留言 所有留言
留言（ 1 ）",2026-08-31,,AI 協作 Singer / Songwriter,False,False,
2026-08-31 07:34:18,realtime,folk,,,10,Louis’,Please allow me a moment&#x27;s rest,3,57,0,https://streetvoice.com/honglouis65/songs/875602/,https://streetvoice.com/honglouis65/,"https://akstatic.streetvoice.com/music_albums/ho/ng/honglouis65/Sd4LhhPpP3meWa7p49Jw3o.jpeg?x-oss-process=image/resize,m_fixed,h_1,w_1,limit_0/resize,m_fixed,h_630,w_1200,limit_0/watermark,image_bXVzaWNfYWxidW1zL2hvL25nL2hvbmdsb3VpczY1L1NkNExoaFBwUDNtZVdhN3A0OUp3M28uanBlZz94LW9zcy1wcm9jZXNzPWltYWdlL3Jlc2l6ZSxtX2ZpeGVkLGhfMzQ0LHdfMzQ0LGxpbWl0XzA,g_nw,x_428,y_143/watermark,image_YXNzZXQvaW1hZ2VzL21ldGFpbWFnZS1zb25nLnBuZw,g_nw,x_0,y_0",images/875602.jpeg,@honglouis65,音樂人,,,,2,13,36,,,https://www.youtube.com/user/StreetVoiceTV,,,Folk,Above the Floorboards,https://streetvoice.com/honglouis65/songs/album/97325912/,,"recorded on the 27th of July, 2026 
recorded on the 27th of July, 2026","這是沒有提供歌詞的歌曲
留言（ 0 ） 最相關留言 所有留言
留言（ 0 ）",2026-08-30,,,False,False,
2026-08-31 07:34:18,realtime,folk,,,11,thisisyoyo,光透進來的地方,100,1901,55,https://streetvoice.com/thisisyoyo/songs/876432/,https://streetvoice.com/thisisyoyo/,"https://akstatic.streetvoice.com/song_covers/th/is/thisisyoyo/GiBnpGoxkqjcd4sym7EQ6T.jpg?x-oss-process=image/resize,m_fixed,h_1,w_1,limit_0/resize,m_fixed,h_630,w_1200,limit_0/watermark,image_c29uZ19jb3ZlcnMvdGgvaXMvdGhpc2lzeW95by9HaUJucEdveGtxamNkNHN5bTdFUTZULmpwZz94LW9zcy1wcm9jZXNzPWltYWdlL3Jlc2l6ZSxtX2ZpeGVkLGhfMzQ0LHdfMzQ0LGxpbWl0XzA,g_nw,x_428,y_143/watermark,image_YXNzZXQvaW1hZ2VzL21ldGFpbWFnZS1zb25nLnBuZw,g_nw,x_0,y_0",images/876432.jpg,@thisisyoyo,音樂人,,,2021-07-02 15:39,63,5707,25,https://www.facebook.com/thisisyoyosham/,https://www.instagram.com/thisisyoyosham/,https://www.youtube.com/channel/UCXDeEdib9iL_RNqdZCsUc-w,【StreetVoice新歌週報】鹿洐人坐穩即時冠軍 吳獻溺在愛裡與世隔絕|||https://blow.streetvoice.com/56976/?utm_source=streetvoice&utm_medium=profile-news-block; 【StreetVoice新歌週報】ADEN、李權哲攻上熱門榜 美麗本人大嘻哈登台作上線|||https://blow.streetvoice.com/55862/?utm_source=streetvoice&utm_medium=profile-news-block; 回到香港灌錄首張粵語專輯 岑寧兒釋出〈風的形狀〉願給離家者一個擁抱|||https://blow.streetvoice.com/55791/?utm_source=streetvoice&utm_medium=profile-news-block,,Singer / Songwriter,,,,"這是岑寧兒為新專輯寫的第一首歌，以「金繼」為靈感起點，從裂痕中學習修復，讓光透進來，再塗上流金，流金再化成幾千里金沙，在廣闊無垠的天地中，再向前走。 回到台北，和港台樂手組成的樂隊，一起進行同步錄音；和張貝芝聯合監製，大大擴闊了岑寧兒的音樂圖譜。樂器和人聲陪伴彼此高低起伏，群唱疊加眾人心底裡的情緒，不止記錄了一個音樂現場，更像是用音樂拍了一部給耳朵聽的電影。 曲 Composer | 岑寧兒 Yoyo Sham 詞 Lyricist | 岑寧兒 Yoyo Sham 編 Arranger | 張貝芝 Joyce Cheung 監製 Producers | 張貝芝 Joyce Cheung   岑寧兒 Yoyo Sham 木吉他 Acoustic Guitar | 屠衡 Josh Tu 低音吉他 Bass | 黃德聰 Wong Tak Chung 鼓 Drums | Dean Li 和音編寫 Backing Vocals Arrangement | 岑寧兒 Yoyo Sham 和音演唱 Backing Vocals | 洪樂曦 Ivy Hung   宋正方 Rachel Sung 群唱 Crowd Vocals | Everyone at the studio 台北： 錄音 Recording Engineer | 單為明 Link Shan 錄音助理 Recording Assistant| 相云 Camille Chen   陳佳穎 Chen Chia Ying 錄音室 Recording Studio| 享亮音樂國際有限公司 Lights Up Studio Taipei 香港： 錄音 Recording Engineer | 介 錄音助理 Recording Assistant | 陳沁怡 Tsamchan 錄音室 Recording Studio | 雅旺錄音室 Avon Recording Studios 混音 Mixing Engineer | 單為明 Link Shan @Outer Space 母帶 Mastering Engineer | Jeff Lipton at Peerless Mastering, Boston, MA 
這是岑寧兒為新專輯寫的第一首歌，以「金繼」為靈感起點，從裂痕中學習修復，讓光透進來，再塗上流金，流金再化成幾千里金沙，在廣闊無垠的天地中，再向前走。 回到台北，和港台樂手組成的樂隊，一起進行同步錄音；和張貝芝聯合監製，大大擴闊了岑寧兒的音樂圖譜。樂器和人聲陪伴彼此高低起伏，群唱疊加眾人心底裡的情緒，不止記錄了一個音樂現場，更像是用音樂拍了一部給耳朵聽的電影。
曲 Composer | 岑寧兒 Yoyo Sham 詞 Lyricist | 岑寧兒 Yoyo Sham 編 Arranger | 張貝芝 Joyce Cheung 監製 Producers | 張貝芝 Joyce Cheung   岑寧兒 Yoyo Sham
木吉他 Acoustic Guitar | 屠衡 Josh Tu 低音吉他 Bass | 黃德聰 Wong Tak Chung 鼓 Drums | Dean Li
和音編寫 Backing Vocals Arrangement | 岑寧兒 Yoyo Sham 和音演唱 Backing Vocals | 洪樂曦 Ivy Hung   宋正方 Rachel Sung 群唱 Crowd Vocals | Everyone at the studio
台北： 錄音 Recording Engineer | 單為明 Link Shan 錄音助理 Recording Assistant| 相云 Camille Chen   陳佳穎 Chen Chia Ying 錄音室 Recording Studio| 享亮音樂國際有限公司 Lights Up Studio Taipei
香港： 錄音 Recording Engineer | 介 錄音助理 Recording Assistant | 陳沁怡 Tsamchan 錄音室 Recording Studio | 雅旺錄音室 Avon Recording Studios
混音 Mixing Engineer | 單為明 Link Shan @Outer Space 母帶 Mastering Engineer | Jeff Lipton at Peerless Mastering, Boston, MA","還在裂的痕 還未結的疤 一直在我胸口裡隱藏 已跌破的堅強 流失了所有期盼 容不下失望 破碎了的一片片 收起來的一點點 用我僅有的力氣握緊 不完整的心 默默踏出一步步 靜靜的一吸一呼 總有一天 終會修復 Yes, it hurts, it hurts, it hurts But I’ll heal, I’ll heal, I’ll heal I’ll heal 不一樣的形狀 曾殘缺的地方 偏偏透出光 雖然心臟還在痛 但是心臟還在跳 讓我為它的傷口填上 金色的希望 默默踏出一步步 靜靜的一吸一呼 只要繼續 都會過去 Yes, it hurts, it hurts, it hurts But I’ll heal, I’ll heal Yes, I will 
還在裂的痕 還未結的疤 一直在我胸口裡隱藏 已跌破的堅強 流失了所有期盼 容不下失望
破碎了的一片片 收起來的一點點 用我僅有的力氣握緊 不完整的心
默默踏出一步步 靜靜的一吸一呼 總有一天 終會修復
Yes, it hurts, it hurts, it hurts But I’ll heal, I’ll heal, I’ll heal I’ll heal
不一樣的形狀 曾殘缺的地方 偏偏透出光
雖然心臟還在痛 但是心臟還在跳 讓我為它的傷口填上 金色的希望
默默踏出一步步 靜靜的一吸一呼 只要繼續 都會過去
Yes, it hurts, it hurts, it hurts But I’ll heal, I’ll heal Yes, I will
留言（ 55 ） 最相關留言 所有留言
留言（ 55 ）",2026-08-25,,編輯推薦,True,False,
2026-08-31 07:34:18,realtime,folk,,,12,羅架許,留一個位置,22,3572,24,https://streetvoice.com/josh_lo/songs/876477/,https://streetvoice.com/josh_lo/,"https://akstatic.streetvoice.com/song_covers/jo/sh/josh_lo/nNh947oddQGq5wYNxNZaus.jpg?x-oss-process=image/resize,m_fixed,h_1,w_1,limit_0/resize,m_fixed,h_630,w_1200,limit_0/watermark,image_c29uZ19jb3ZlcnMvam8vc2gvam9zaF9sby9uTmg5NDdvZGRRR3E1d1lOeE5aYXVzLmpwZz94LW9zcy1wcm9jZXNzPWltYWdlL3Jlc2l6ZSxtX2ZpeGVkLGhfMzQ0LHdfMzQ0LGxpbWl0XzA,g_nw,x_428,y_143/watermark,image_YXNzZXQvaW1hZ2VzL21ldGFpbWFnZS1zb25nLnBuZw,g_nw,x_0,y_0",images/876477.jpg,@josh_lo,音樂人,日本,2016-09-01,2024-10-17 13:45,35,173,109,,,https://www.youtube.com/user/StreetVoiceTV,,,Singer / Songwriter,,,,"情人節過了該發一下綠光的歌 這樣才有反差的感覺 愛是一道光~ 七月份多了一個人也不要覺得奇怪XDD 天黑請早點回家⋯ 作詞｜羅架許 作曲｜羅架許 編曲｜七七貓 混音｜七七貓 
情人節過了該發一下綠光的歌 這樣才有反差的感覺 愛是一道光~ 七月份多了一個人也不要覺得奇怪XDD 天黑請早點回家⋯
作詞｜羅架許 作曲｜羅架許 編曲｜七七貓 混音｜七七貓","動態歌詞
你笑著說 他只是剛好陪你走一段 我也笑著 說沒事　不用解釋那麼完整 只是回家的路 突然變得有一點長 你低頭看著手機 嘴角還留著剛才的光 我沒有問 那個笑是不是因為他 只是把手放進口袋 假裝今晚的風有一點大 我知道你沒有做錯什麼 也知道猜疑很可笑 只是有些距離 不是一句朋友 就能剛好填滿的 你留給他的位置 是不是比我想像中還要近 近到我站在你身邊 卻像站在門外看著你 你說我想太多 我也學著把這句話記得 於是每一次沉默 我都替你找一個好的理由 不是不相信你 只是我不知道 我還能相信多久 你還是會牽我的手 還是會問我今天累不累 那些熟悉的動作 熟悉得讓人更害怕失去誰 有時候你看著我 卻像心裡還有另一個畫面 我想靠近一點 又怕看見不該看見的答案 所以我開始習慣 不問你去了哪裡 不問你和誰聊天 不問那些 讓我整晚睡不著的事情 你說愛情不是考試 不用每一題都有答案 可我只是想知道 在你的心裡 我是不是還是第一個想到的人 你留給他的位置 是不是比我想像中還要近 近到我站在你身邊 卻像站在門外看著你 你說我想太多 我也學著把這句話記得 於是每一次沉默 我都替你找一個好的理由 不是不相信你 只是我不知道 我還能相信多久 後來我才明白 最難過的從來不是他 而是我開始懷疑 自己是不是已經不值得 讓你把心留給我 如果有一天 你真的愛上了別人 你不用急著承認 我大概會先笑著 替你說出那句 「你只是想太多。」 你留給我的位置 我還坐在那裡等了很久 只是那張椅子旁邊 好像多了一個人的影子 你說我想太多 這次我沒有再反駁什麼 因為我終於明白 有些事情不用說破 就已經有了答案 不是我不相信你 只是我終於知道 愛一個人 不能只靠自己相信 你笑著說 他只是朋友 我也笑著說 我知道 只是這一次 我沒有告訴你 我想的 不是他 是我們。 
你笑著說 他只是剛好陪你走一段 我也笑著 說沒事　不用解釋那麼完整 只是回家的路 突然變得有一點長 你低頭看著手機 嘴角還留著剛才的光 我沒有問 那個笑是不是因為他 只是把手放進口袋 假裝今晚的風有一點大 我知道你沒有做錯什麼 也知道猜疑很可笑 只是有些距離 不是一句朋友 就能剛好填滿的 你留給他的位置 是不是比我想像中還要近 近到我站在你身邊 卻像站在門外看著你 你說我想太多 我也學著把這句話記得 於是每一次沉默 我都替你找一個好的理由 不是不相信你 只是我不知道 我還能相信多久 你還是會牽我的手 還是會問我今天累不累 那些熟悉的動作 熟悉得讓人更害怕失去誰 有時候你看著我 卻像心裡還有另一個畫面 我想靠近一點 又怕看見不該看見的答案 所以我開始習慣 不問你去了哪裡 不問你和誰聊天 不問那些 讓我整晚睡不著的事情 你說愛情不是考試 不用每一題都有答案 可我只是想知道 在你的心裡 我是不是還是第一個想到的人 你留給他的位置 是不是比我想像中還要近 近到我站在你身邊 卻像站在門外看著你 你說我想太多 我也學著把這句話記得 於是每一次沉默 我都替你找一個好的理由 不是不相信你 只是我不知道 我還能相信多久 後來我才明白 最難過的從來不是他 而是我開始懷疑 自己是不是已經不值得 讓你把心留給我 如果有一天 你真的愛上了別人 你不用急著承認 我大概會先笑著 替你說出那句 「你只是想太多。」 你留給我的位置 我還坐在那裡等了很久 只是那張椅子旁邊 好像多了一個人的影子 你說我想太多 這次我沒有再反駁什麼 因為我終於明白 有些事情不用說破 就已經有了答案 不是我不相信你 只是我終於知道 愛一個人 不能只靠自己相信 你笑著說 他只是朋友 我也笑著說 我知道 只是這一次 我沒有告訴你 我想的 不是他 是我們。
留言（ 24 ） 最相關留言 所有留言
留言（ 24 ）",2026-08-26,,AI 協作 Singer / Songwriter,False,False,
2026-08-31 07:34:18,realtime,folk,,,13,書帆 ShuShu,完美表演,19,5468,4,https://streetvoice.com/b8095/songs/875038/,https://streetvoice.com/b8095/,"https://akstatic.streetvoice.com/song_covers/b8/09/b8095/NvMWYj6sVrLSmZC62fB8mm.jpeg?x-oss-process=image/resize,m_fixed,h_1,w_1,limit_0/resize,m_fixed,h_630,w_1200,limit_0/watermark,image_c29uZ19jb3ZlcnMvYjgvMDkvYjgwOTUvTnZNV1lqNnNWckxTbVpDNjJmQjhtbS5qcGVnP3gtb3NzLXByb2Nlc3M9aW1hZ2UvcmVzaXplLG1fZml4ZWQsaF8zNDQsd18zNDQsbGltaXRfMA,g_nw,x_428,y_143/watermark,image_YXNzZXQvaW1hZ2VzL21ldGFpbWFnZS1zb25nLnBuZw,g_nw,x_0,y_0",images/875038.jpeg,@b8095,音樂人,台中市,2014-10-01,2021-06-01 13:03,30,497,39,https://m.facebook.com/shufanfanfan/,https://www.instagram.com/maniac.n/,https://www.youtube.com/user/StreetVoiceTV,,,Singer / Songwriter,Singles // 已發行單曲,https://streetvoice.com/b8095/songs/album/97315256/,,"書帆 ShuShu 2026 全新發行 ⠀⠀⠀⠀⠀⠀⠀⠀⠀⠀⠀⠀ ⠀⠀⠀⠀⠀⠀⠀⠀⠀⠀⠀⠀ ///// 生存哲學三部曲 ____________________ 首部曲〈完美表演〉 ⠀⠀⠀⠀⠀⠀⠀⠀⠀⠀⠀⠀ ⠀⠀⠀⠀⠀⠀⠀⠀⠀⠀⠀⠀ 身處複雜世界， 我們不一定會把最真實的感受與想法全部表露， 情緒甚至可能是創造出來的。 ⠀⠀⠀⠀⠀⠀⠀⠀⠀⠀⠀⠀ 那我們每天是不是都在進行一場完美的表演？ ⠀⠀⠀⠀⠀⠀⠀⠀⠀⠀⠀⠀ / ⠀⠀⠀⠀⠀⠀⠀⠀⠀⠀⠀⠀ Facebook｜書帆 ShuShu https://m.facebook.com/shufanfanfan/ ⠀⠀⠀⠀⠀⠀⠀⠀⠀⠀⠀⠀ Instagram｜maniac.n https://www.instagram.com/maniac.n/ ⠀⠀⠀⠀⠀⠀⠀⠀⠀⠀⠀⠀ Youtube｜書帆 ShuShu https://reurl.cc/8noMYg ⠀⠀⠀⠀⠀⠀⠀⠀⠀⠀⠀⠀ /⠀⠀⠀⠀⠀ ⠀⠀⠀⠀⠀⠀⠀⠀⠀⠀⠀⠀ ⭓ 音樂製作 𝑴𝒖𝒔𝒊𝒄 𝑪𝒓𝒆𝒅𝒊𝒕 作詞 Lyricist｜書帆 ShuShu 作曲 Composer｜書帆 ShuShu 製作 Producer｜林易祺 LNiCH ＠給樂音樂 編曲 Arrangement｜李思嘉 Alice Lee ＠給樂音樂 和聲編寫 Backing Vocals Arrangement｜書帆 ShuShu 吉他 Guitar｜張子軒 Tim Chang @知間文化 貝斯 Bass｜柯遵毓 Jack Ko 鼓 Drums｜潘維瀚 Pan Wei Han 鍵盤/合成器 Keys/Synth｜李思嘉 Alice Lee ＠給樂音樂 和聲 Backing Vocals｜書帆 ShuShu 配唱製作 Vocal Producer｜黃宇寒 Huang Yu Han 人聲錄音師 Vocal Recording Engineer｜張子軒 Tim Chang ＠知間文化 人聲錄音室 Vocal Recording Studio｜給樂錄音室 Gather Music Studio 鼓組錄音師 Drum Recording Engineer｜張閔翔 Min-Hsiang Chang 鼓組錄音室 Drum Recording Studio｜給樂團彩錄音室 JFB Studio 鼓技師 Drum Technician｜莊開旭 Cash Chuang 混音師 Mixing Engineer｜郭冠鑫 Attis @給樂音樂 聲音編輯 Editing Engineer｜張子軒 Tim Chang ＠知間文化 製作助理 Producer Assistant｜張子軒 Tim Chang ＠知間文化 ⠀⠀⠀⠀⠀⠀⠀⠀⠀⠀⠀⠀ ⠀⠀⠀⠀⠀⠀⠀⠀⠀⠀⠀⠀ ⭓ 單曲封面製作 𝑪𝒐𝒗𝒆𝒓 𝑫𝒆𝒔𝒊𝒈𝒏 ⠀⠀⠀⠀⠀⠀⠀⠀⠀⠀⠀⠀ 平面攝影 Photographer｜鄭宇傑 Rinne Cheng 平面設計 Graphic Designer｜周虹妮 Mombrother 
書帆 ShuShu 2026 全新發行 ⠀⠀⠀⠀⠀⠀⠀⠀⠀⠀⠀⠀ ⠀⠀⠀⠀⠀⠀⠀⠀⠀⠀⠀⠀ ///// 生存哲學三部曲 ____________________ 首部曲〈完美表演〉 ⠀⠀⠀⠀⠀⠀⠀⠀⠀⠀⠀⠀ ⠀⠀⠀⠀⠀⠀⠀⠀⠀⠀⠀⠀ 身處複雜世界， 我們不一定會把最真實的感受與想法全部表露， 情緒甚至可能是創造出來的。 ⠀⠀⠀⠀⠀⠀⠀⠀⠀⠀⠀⠀ 那我們每天是不是都在進行一場完美的表演？ ⠀⠀⠀⠀⠀⠀⠀⠀⠀⠀⠀⠀ / ⠀⠀⠀⠀⠀⠀⠀⠀⠀⠀⠀⠀ Facebook｜書帆 ShuShu https://m.facebook.com/shufanfanfan/ ⠀⠀⠀⠀⠀⠀⠀⠀⠀⠀⠀⠀ Instagram｜maniac.n https://www.instagram.com/maniac.n/ ⠀⠀⠀⠀⠀⠀⠀⠀⠀⠀⠀⠀ Youtube｜書帆 ShuShu https://reurl.cc/8noMYg ⠀⠀⠀⠀⠀⠀⠀⠀⠀⠀⠀⠀ /⠀⠀⠀⠀⠀ ⠀⠀⠀⠀⠀⠀⠀⠀⠀⠀⠀⠀ ⭓ 音樂製作 𝑴𝒖𝒔𝒊𝒄 𝑪𝒓𝒆𝒅𝒊𝒕
https://m.facebook.com/shufanfanfan/
https://www.instagram.com/maniac.n/
https://reurl.cc/8noMYg
作詞 Lyricist｜書帆 ShuShu 作曲 Composer｜書帆 ShuShu
製作 Producer｜林易祺 LNiCH ＠給樂音樂 編曲 Arrangement｜李思嘉 Alice Lee ＠給樂音樂 和聲編寫 Backing Vocals Arrangement｜書帆 ShuShu
吉他 Guitar｜張子軒 Tim Chang @知間文化 貝斯 Bass｜柯遵毓 Jack Ko 鼓 Drums｜潘維瀚 Pan Wei Han 鍵盤/合成器 Keys/Synth｜李思嘉 Alice Lee ＠給樂音樂 和聲 Backing Vocals｜書帆 ShuShu
配唱製作 Vocal Producer｜黃宇寒 Huang Yu Han 人聲錄音師 Vocal Recording Engineer｜張子軒 Tim Chang ＠知間文化 人聲錄音室 Vocal Recording Studio｜給樂錄音室 Gather Music Studio 鼓組錄音師 Drum Recording Engineer｜張閔翔 Min-Hsiang Chang 鼓組錄音室 Drum Recording Studio｜給樂團彩錄音室 JFB Studio 鼓技師 Drum Technician｜莊開旭 Cash Chuang 混音師 Mixing Engineer｜郭冠鑫 Attis @給樂音樂 聲音編輯 Editing Engineer｜張子軒 Tim Chang ＠知間文化 製作助理 Producer Assistant｜張子軒 Tim Chang ＠知間文化 ⠀⠀⠀⠀⠀⠀⠀⠀⠀⠀⠀⠀ ⠀⠀⠀⠀⠀⠀⠀⠀⠀⠀⠀⠀ ⭓ 單曲封面製作 𝑪𝒐𝒗𝒆𝒓 𝑫𝒆𝒔𝒊𝒈𝒏 ⠀⠀⠀⠀⠀⠀⠀⠀⠀⠀⠀⠀ 平面攝影 Photographer｜鄭宇傑 Rinne Cheng 平面設計 Graphic Designer｜周虹妮 Mombrother","我們都在日常中 反覆琢磨改變 連情感都能偽裝 一切都是表演 慢慢體會 再慢慢學會 恭維 放棄準確 活在平行世界 怎麼才算特別 我們都被 這個時空 逐漸改變 該如何去應變 拒絕面對 最後淪為 過眼雲煙 怎麼才能分辨 關於情感 矛盾迂迴 虛實真偽 我們都在遮掩 字裡行間 真實情緒 不被看見 還有什麼值得我 反覆歌頌紀念 連情感都能偽裝 可貴還是可憐 慢慢體會 再慢慢學會 恭維 放棄準確 活在平行世界 怎麼才算特別 我們都被 這個時空 逐漸改變 該如何去應變 拒絕面對 最後淪為 過眼雲煙 怎麼才能分辨 關於情感 矛盾迂迴 虛實真偽 我們都在遮掩 字裡行間 真實情緒 不被看見 怎麼才算特別 我們都被 這個時空 逐漸改變 該如何去應變 拒絕面對 最後淪為 過眼雲煙 怎麼才能分辨 關於情感 矛盾迂迴 虛實真偽 我們都在遮掩 字裡行間 真實情緒 不被看見 
我們都在日常中 反覆琢磨改變 連情感都能偽裝 一切都是表演
慢慢體會 再慢慢學會 恭維 放棄準確 活在平行世界
怎麼才算特別 我們都被 這個時空 逐漸改變 該如何去應變 拒絕面對 最後淪為 過眼雲煙 怎麼才能分辨 關於情感 矛盾迂迴 虛實真偽 我們都在遮掩 字裡行間 真實情緒 不被看見
還有什麼值得我 反覆歌頌紀念 連情感都能偽裝 可貴還是可憐
慢慢體會 再慢慢學會 恭維 放棄準確 活在平行世界
怎麼才算特別 我們都被 這個時空 逐漸改變 該如何去應變 拒絕面對 最後淪為 過眼雲煙 怎麼才能分辨 關於情感 矛盾迂迴 虛實真偽 我們都在遮掩 字裡行間 真實情緒 不被看見
怎麼才算特別 我們都被 這個時空 逐漸改變 該如何去應變 拒絕面對 最後淪為 過眼雲煙 怎麼才能分辨 關於情感 矛盾迂迴 虛實真偽 我們都在遮掩 字裡行間 真實情緒 不被看見
留言（ 4 ） 最相關留言 所有留言
留言（ 4 ）",2026-08-18,,編輯推薦,True,False,
2026-08-31 07:34:18,realtime,folk,,,14,班胡Benhú,路上見,3,108,1,https://streetvoice.com/benhu/songs/876624/,https://streetvoice.com/benhu/,"https://akstatic.streetvoice.com/song_covers/be/nh/benhu/MTepMrTvp6xFvjGAYEgRsB.jpeg?x-oss-process=image/resize,m_fixed,h_1,w_1,limit_0/resize,m_fixed,h_630,w_1200,limit_0/watermark,image_c29uZ19jb3ZlcnMvYmUvbmgvYmVuaHUvTVRlcE1yVHZwNnhGdmpHQVlFZ1JzQi5qcGVnP3gtb3NzLXByb2Nlc3M9aW1hZ2UvcmVzaXplLG1fZml4ZWQsaF8zNDQsd18zNDQsbGltaXRfMA,g_nw,x_428,y_143/watermark,image_YXNzZXQvaW1hZ2VzL21ldGFpbWFnZS1zb25nLnBuZw,g_nw,x_0,y_0",images/876624.jpeg,@benhu,音樂人,,,,6,12,9,,,https://www.youtube.com/user/StreetVoiceTV,,,Folk,,,,"這是一首寫給我外公的歌 
這是一首寫給我外公的歌","你走到夢裡來見我 是你還豐潤的面容 我沒有錯愕或惶恐 莞爾 不像是夢 那時候你還認得我 接著是一片的混濁 然後你日漸消瘦 終究 到了時候 但是別害怕 我知道你害怕 在未知面前 你我都一樣 星宿千萬盞 宇宙一粒沙 如期而來的歸途 你會記得嗎 記得我的模樣 有天當我揮別所有牽掛 苦痛已不再 歡聚話家常 路上見到你之時 別來無恙 你帶我去過的劇場 演著古老的戲碼 在小時候的記憶裡 承載 多少天馬行空的幻想 但是別害怕 我知道你害怕 在未知面前 你我都一樣 星宿千萬盞 宇宙一粒沙 如期而來的歸途 你會記得嗎 記得我的模樣 有天當我揮別所有牽掛 苦痛已不在 歡聚話家常 路上見到你之時 別來無恙 偶爾回來吧 來我夢裡說話 即使你早就在某處飛翔 就讓我懷念那 不曾遺忘的時光 你會記得嗎 記得我的模樣 有天當我揮別所有牽掛 苦痛已不在 歡聚話家常 路上見到你之時 苦痛已不在 歡聚話家常 路上見到你之時 再敘一敘衷腸 
你走到夢裡來見我 是你還豐潤的面容 我沒有錯愕或惶恐 莞爾 不像是夢
那時候你還認得我 接著是一片的混濁 然後你日漸消瘦 終究 到了時候
但是別害怕 我知道你害怕 在未知面前 你我都一樣 星宿千萬盞 宇宙一粒沙 如期而來的歸途
你會記得嗎 記得我的模樣 有天當我揮別所有牽掛 苦痛已不再 歡聚話家常 路上見到你之時 別來無恙
你帶我去過的劇場 演著古老的戲碼 在小時候的記憶裡 承載 多少天馬行空的幻想
但是別害怕 我知道你害怕 在未知面前 你我都一樣 星宿千萬盞 宇宙一粒沙 如期而來的歸途
你會記得嗎 記得我的模樣 有天當我揮別所有牽掛 苦痛已不在 歡聚話家常 路上見到你之時 別來無恙
偶爾回來吧 來我夢裡說話 即使你早就在某處飛翔 就讓我懷念那 不曾遺忘的時光
你會記得嗎 記得我的模樣 有天當我揮別所有牽掛 苦痛已不在 歡聚話家常 路上見到你之時
苦痛已不在 歡聚話家常 路上見到你之時 再敘一敘衷腸
留言（ 1 ） 最相關留言 所有留言
留言（ 1 ）",2026-08-27,,編輯推薦,True,False,
2026-08-31 07:34:18,realtime,folk,,,15,Ewen,錯過(demo),2,5,1,https://streetvoice.com/Ewenstreetvoice/songs/877102/,https://streetvoice.com/Ewenstreetvoice/,"https://akstatic.streetvoice.com/profile_images/Ew/en/Ewenstreetvoice/hUcFGNfz3pg9YEJ8BWLtAs.jpeg?x-oss-process=image/resize,m_fixed,h_1,w_1,limit_0/resize,m_fixed,h_630,w_1200,limit_0/watermark,image_cHJvZmlsZV9pbWFnZXMvRXcvZW4vRXdlbnN0cmVldHZvaWNlL2hVY0ZHTmZ6M3BnOVlFSjhCV0x0QXMuanBlZz94LW9zcy1wcm9jZXNzPWltYWdlL3Jlc2l6ZSxtX2ZpeGVkLGhfMzQ0LHdfMzQ0LGxpbWl0XzA,g_nw,x_428,y_143/watermark,image_YXNzZXQvaW1hZ2VzL21ldGFpbWFnZS1zb25nLnBuZw,g_nw,x_0,y_0",images/877102.jpeg,@Ewenstreetvoice,音樂人,,,,3,1,3,,,https://www.youtube.com/user/StreetVoiceTV,Taiwan Beats年度特刊《unmute》第二期 9m88談新專輯如何連結國際|||https://blow.streetvoice.com/62873/?utm_source=streetvoice&utm_medium=profile-news-block; 萬眾期待！Clockenflap 香港音樂及藝術節首波演出名單|||https://blow.streetvoice.com/20428/?utm_source=streetvoice&utm_medium=profile-news-block,,Singer / Songwriter,,,,"一個錯過的機會，一個錯過的感情，讓主角十分後悔，重逢的兩人在說出曾經的喜歡之後，會重新培養出感情開始交往嗎？還是就讓這份曾經的感情成為回憶？大家可以留言分享你希望的結局喔！ 詞曲:Ewen 
一個錯過的機會，一個錯過的感情，讓主角十分後悔，重逢的兩人在說出曾經的喜歡之後，會重新培養出感情開始交往嗎？還是就讓這份曾經的感情成為回憶？大家可以留言分享你希望的結局喔！ 詞曲:Ewen","動態歌詞
喜歡站在你的身邊 看著你側臉 你的眼神 你的笑容 都讓我心動 一起撐傘 一起聊天 一起做鬼臉 離別時刻 沒有勇氣 說我喜歡你 曾期盼過 你說愛我 選擇沉默 所以錯過 看著你 轉身離開 我卻沒有表白 從此後悔 錯過機會 帶著眼淚 回想一切 若回到 道別那天  我會勇敢說愛你 多年後突然又遇見 熟悉的側臉 你的眼神 你的笑容 仍讓我心動 回憶過去 你突然說 你曾喜歡我 我們當時 彼此喜歡 但最後錯過 曾期盼過 你說愛我 彼此沉默 所以錯過 現在說 你愛過我 當時說不出口 我們一樣 害怕受傷 都喜歡了 卻放棄了 在這個 重逢時刻 我要說我也愛過 
喜歡站在你的身邊 看著你側臉 你的眼神 你的笑容 都讓我心動 一起撐傘 一起聊天 一起做鬼臉 離別時刻 沒有勇氣 說我喜歡你 曾期盼過 你說愛我 選擇沉默 所以錯過 看著你 轉身離開 我卻沒有表白 從此後悔 錯過機會 帶著眼淚 回想一切 若回到 道別那天  我會勇敢說愛你 多年後突然又遇見 熟悉的側臉 你的眼神 你的笑容 仍讓我心動 回憶過去 你突然說 你曾喜歡我 我們當時 彼此喜歡 但最後錯過 曾期盼過 你說愛我 彼此沉默 所以錯過 現在說 你愛過我 當時說不出口 我們一樣 害怕受傷 都喜歡了 卻放棄了 在這個 重逢時刻 我要說我也愛過
留言（ 1 ） 最相關留言 所有留言
留言（ 1 ）",2026-08-30,,,False,False,
2026-08-31 07:34:18,realtime,folk,,,16,Ewen,貓與狗(demo),1,7,1,https://streetvoice.com/Ewenstreetvoice/songs/877103/,https://streetvoice.com/Ewenstreetvoice/,"https://akstatic.streetvoice.com/profile_images/Ew/en/Ewenstreetvoice/hUcFGNfz3pg9YEJ8BWLtAs.jpeg?x-oss-process=image/resize,m_fixed,h_1,w_1,limit_0/resize,m_fixed,h_630,w_1200,limit_0/watermark,image_cHJvZmlsZV9pbWFnZXMvRXcvZW4vRXdlbnN0cmVldHZvaWNlL2hVY0ZHTmZ6M3BnOVlFSjhCV0x0QXMuanBlZz94LW9zcy1wcm9jZXNzPWltYWdlL3Jlc2l6ZSxtX2ZpeGVkLGhfMzQ0LHdfMzQ0LGxpbWl0XzA,g_nw,x_428,y_143/watermark,image_YXNzZXQvaW1hZ2VzL21ldGFpbWFnZS1zb25nLnBuZw,g_nw,x_0,y_0",images/877103.jpeg,@Ewenstreetvoice,音樂人,,,,3,1,3,,,https://www.youtube.com/user/StreetVoiceTV,Taiwan Beats年度特刊《unmute》第二期 9m88談新專輯如何連結國際|||https://blow.streetvoice.com/62873/?utm_source=streetvoice&utm_medium=profile-news-block; 萬眾期待！Clockenflap 香港音樂及藝術節首波演出名單|||https://blow.streetvoice.com/20428/?utm_source=streetvoice&utm_medium=profile-news-block,,Singer / Songwriter,,,,"這首歌在描寫犬系男子與貓系女子在交往時各自的心聲，彼此都小心翼翼地在維持這段關係，一個太害羞不敢示愛，另一個則是害怕太親近會打擾對方，而聽歌的人則站在全知的視角觀望他們的愛情故事。 詞曲:Ewen 
這首歌在描寫犬系男子與貓系女子在交往時各自的心聲，彼此都小心翼翼地在維持這段關係，一個太害羞不敢示愛，另一個則是害怕太親近會打擾對方，而聽歌的人則站在全知的視角觀望他們的愛情故事。 詞曲:Ewen","動態歌詞
你像隻狗 陪伴著我 陽光開朗 活潑奔放 一起的時候 都要牽著手 你很直接 也很體貼 毫不保留 永遠守候 面帶著 笑容 看著我 而我總是 害羞 沒能夠開口 其實我 真的 真的 很愛你 說再見的 時刻 很想抱抱你 而我卻 只有 揮揮手 妳像隻貓 陪伴著我 慢熱神秘 冷靜獨立 一起的時候 總是偷看我 妳很可愛 慵懶自在 悄悄靠近 默默關心 用小巧 的手 牽著我 而我總是 黏人 太過於親近 或許妳 可能 覺得 我很煩 說再見的 時刻 很想抱抱你 而我卻 只有 揮揮手 你像隻狗 陪伴著我 陽光開朗 活潑奔放 一起的時候 都要牽著手 妳像隻貓 陪伴著我 慢熱神秘 冷靜獨立 用小巧 的手 牽著我 
你像隻狗 陪伴著我 陽光開朗 活潑奔放 一起的時候 都要牽著手 你很直接 也很體貼 毫不保留 永遠守候 面帶著 笑容 看著我 而我總是 害羞 沒能夠開口 其實我 真的 真的 很愛你 說再見的 時刻 很想抱抱你 而我卻 只有 揮揮手 妳像隻貓 陪伴著我 慢熱神秘 冷靜獨立 一起的時候 總是偷看我 妳很可愛 慵懶自在 悄悄靠近 默默關心 用小巧 的手 牽著我 而我總是 黏人 太過於親近 或許妳 可能 覺得 我很煩 說再見的 時刻 很想抱抱你 而我卻 只有 揮揮手 你像隻狗 陪伴著我 陽光開朗 活潑奔放 一起的時候 都要牽著手 妳像隻貓 陪伴著我 慢熱神秘 冷靜獨立 用小巧 的手 牽著我
留言（ 1 ） 最相關留言 所有留言
留言（ 1 ）",2026-08-30,,,False,False,
2026-08-31 07:34:18,realtime,folk,,,17,Ewen,在那個有你的夢裡You were in my dreams (demo),1,4,0,https://streetvoice.com/Ewenstreetvoice/songs/877084/,https://streetvoice.com/Ewenstreetvoice/,"https://akstatic.streetvoice.com/song_covers/Ew/en/Ewenstreetvoice/S4cJJxfNm5BwWRhkDUawKP.jpeg?x-oss-process=image/resize,m_fixed,h_1,w_1,limit_0/resize,m_fixed,h_630,w_1200,limit_0/watermark,image_c29uZ19jb3ZlcnMvRXcvZW4vRXdlbnN0cmVldHZvaWNlL1M0Y0pKeGZObTVCd1dSaGtEVWF3S1AuanBlZz94LW9zcy1wcm9jZXNzPWltYWdlL3Jlc2l6ZSxtX2ZpeGVkLGhfMzQ0LHdfMzQ0LGxpbWl0XzA,g_nw,x_428,y_143/watermark,image_YXNzZXQvaW1hZ2VzL21ldGFpbWFnZS1zb25nLnBuZw,g_nw,x_0,y_0",images/877084.jpeg,@Ewenstreetvoice,音樂人,,,,3,1,3,,,https://www.youtube.com/user/StreetVoiceTV,Taiwan Beats年度特刊《unmute》第二期 9m88談新專輯如何連結國際|||https://blow.streetvoice.com/62873/?utm_source=streetvoice&utm_medium=profile-news-block; 萬眾期待！Clockenflap 香港音樂及藝術節首波演出名單|||https://blow.streetvoice.com/20428/?utm_source=streetvoice&utm_medium=profile-news-block,,Singer / Songwriter,,,,"這首歌是在描寫一對情侶中的其中一方突然消失不見，留下來的人的心聲 詞曲：Ewen 
這首歌是在描寫一對情侶中的其中一方突然消失不見，留下來的人的心聲 詞曲：Ewen","動態歌詞
黑色圓框眼鏡 蘇格蘭格的圍巾 散發一種文青氣息 你的笑容拉近了 我們之間距離 讓我說出我的秘密 卡其平頂草帽 棕色皮革的手錶 那時是夏日的季節 你曾輕聲對我說 一起過聖誕節 可惜你卻不告而別 睜開雙眼 發現你不在身邊 我只能騙自己你從不曾出現 在那個有你的夢裡我過的快樂 而你卻消失在現實世界 卡其平頂草帽 棕色皮革的手錶 那時是夏日的季節 你曾輕聲對我說 一起過聖誕節 可惜你卻不告而別 突然發現生活將不再重疊 不斷想念 怎會有這樣的一天 帶著淚 收起愛 回覆最初的模樣 可我卻沒能忘記你的臉 睜開雙眼發現你不在身邊 我只能騙自己你從不曾出現 在那個有你的夢裡我過的快樂 而你卻消失在現實世界 
黑色圓框眼鏡 蘇格蘭格的圍巾 散發一種文青氣息 你的笑容拉近了 我們之間距離 讓我說出我的秘密 卡其平頂草帽 棕色皮革的手錶 那時是夏日的季節 你曾輕聲對我說 一起過聖誕節 可惜你卻不告而別 睜開雙眼 發現你不在身邊 我只能騙自己你從不曾出現 在那個有你的夢裡我過的快樂 而你卻消失在現實世界 卡其平頂草帽 棕色皮革的手錶 那時是夏日的季節 你曾輕聲對我說 一起過聖誕節 可惜你卻不告而別 突然發現生活將不再重疊 不斷想念 怎會有這樣的一天 帶著淚 收起愛 回覆最初的模樣 可我卻沒能忘記你的臉 睜開雙眼發現你不在身邊 我只能騙自己你從不曾出現 在那個有你的夢裡我過的快樂 而你卻消失在現實世界
留言（ 0 ） 最相關留言 所有留言
留言（ 0 ）",2026-08-30,,,False,False,
2026-08-31 07:34:18,realtime,folk,,,18,Yo Chen,我的人生,34,2351,3,https://streetvoice.com/s8817012011/songs/873300/,https://streetvoice.com/s8817012011/,"https://akstatic.streetvoice.com/song_covers/s8/81/s8817012011/Vx6zQKG9Jautet7mAaYKUY.jpeg?x-oss-process=image/resize,m_fixed,h_1,w_1,limit_0/resize,m_fixed,h_630,w_1200,limit_0/watermark,image_c29uZ19jb3ZlcnMvczgvODEvczg4MTcwMTIwMTEvVng2elFLRzlKYXV0ZXQ3bUFhWUtVWS5qcGVnP3gtb3NzLXByb2Nlc3M9aW1hZ2UvcmVzaXplLG1fZml4ZWQsaF8zNDQsd18zNDQsbGltaXRfMA,g_nw,x_428,y_143/watermark,image_YXNzZXQvaW1hZ2VzL21ldGFpbWFnZS1zb25nLnBuZw,g_nw,x_0,y_0",images/873300.jpeg,@s8817012011,音樂人,台北市,2011-12-01,2021-09-27 15:35,33,352,7,https://www.facebook.com/theMetalspeaker,https://www.instagram.com/_yochen/,https://www.youtube.com/@yochen3590,香港樂團 Another Kitchen 首張專輯《Do What You Love》發表音樂會|||https://blow.streetvoice.com/8395/?utm_source=streetvoice&utm_medium=profile-news-block; 2026浪人祭公布新一波陣容：國蛋重返家鄉開唱、日本樂團OGRE YOU ASSHOLE首登安平|||https://blow.streetvoice.com/89363/?utm_source=streetvoice&utm_medium=profile-news-block; 「PARK PARK@Tokyo」把現在的台灣音樂帶到東京！鄭宜農、陳珊妮、生祥樂隊、YELLOW黃宣、LÜCY接力登上東京舞台|||https://blow.streetvoice.com/87721/?utm_source=streetvoice&utm_medium=profile-news-block,,Folk,我的人生 Master of None,https://streetvoice.com/s8817012011/songs/album/97325613/,,"帶著明亮的班鳩琴與輕快節奏， 唱出最苦澀的問題。 「為什麼我的人生，會變得按呢生？」 那不是在埋怨，而是帶著笑容的無奈。 羨慕別人，是最傻的事情；可是看著別人的歌被聽見、被人看見，心裡還是會忍不住問： 為什麼不是我？ 在吵鬧、混亂的夜晚，有多少人真正理解過，藏在心底那一點微弱的希望。 
帶著明亮的班鳩琴與輕快節奏， 唱出最苦澀的問題。
「為什麼我的人生，會變得按呢生？」
那不是在埋怨，而是帶著笑容的無奈。
羨慕別人，是最傻的事情；可是看著別人的歌被聽見、被人看見，心裡還是會忍不住問：
為什麼不是我？
在吵鬧、混亂的夜晚，有多少人真正理解過，藏在心底那一點微弱的希望。","我唔災我金罵治叨位 愈做什麼 愈衝什麼 攏無意義 欣羨別人是尚傻的代治 但我沒勇氣 準備好面對  就乎伊去 又戈是吵吵鬧鬧混亂的暗暝 有啥人肯了解我心內的希微 為什麼我的人生 會變得安內生 為什麼我的青春 攏已經不再回 阿～～～ 無法解釋 為什麼他的歌 欸凍吼人看見 為什麼我的日子 變嘎家無趣味 阿～～～ 想欲放棄 我唔災我金罵治叨位 愈做什麼 愈衝什麼 攏無意義 欣羨別人是尚傻的代治 但我沒勇氣 準備好面對  就乎伊去 又戈是吵吵鬧鬧混亂的暗暝 有啥人肯了解我心內的希微 為什麼我的人生 會變得安內生 為什麼我的青春 攏已經不再回 阿～～～ 無法解釋 為什麼他的歌 欸凍吼人看見 為什麼我的日子 變嘎家無趣味 阿～～～ 想欲放棄 又戈是吵吵鬧鬧混亂的暗暝 有啥人肯了解我心內的希微 
我唔災我金罵治叨位 愈做什麼 愈衝什麼 攏無意義 欣羨別人是尚傻的代治 但我沒勇氣 準備好面對  就乎伊去
又戈是吵吵鬧鬧混亂的暗暝 有啥人肯了解我心內的希微
為什麼我的人生 會變得安內生 為什麼我的青春 攏已經不再回 阿～～～ 無法解釋
為什麼他的歌 欸凍吼人看見 為什麼我的日子 變嘎家無趣味 阿～～～ 想欲放棄
我唔災我金罵治叨位 愈做什麼 愈衝什麼 攏無意義 欣羨別人是尚傻的代治 但我沒勇氣 準備好面對  就乎伊去
又戈是吵吵鬧鬧混亂的暗暝 有啥人肯了解我心內的希微
為什麼我的人生 會變得安內生 為什麼我的青春 攏已經不再回 阿～～～ 無法解釋
為什麼他的歌 欸凍吼人看見 為什麼我的日子 變嘎家無趣味 阿～～～ 想欲放棄
又戈是吵吵鬧鬧混亂的暗暝 有啥人肯了解我心內的希微
留言（ 3 ） 最相關留言 所有留言
留言（ 3 ）",2026-08-06,,Song of the Day; 編輯推薦,True,True,
2026-08-31 07:34:18,realtime,folk,,,19,Ewen,面面具到(demo),1,3,0,https://streetvoice.com/Ewenstreetvoice/songs/877101/,https://streetvoice.com/Ewenstreetvoice/,"https://akstatic.streetvoice.com/profile_images/Ew/en/Ewenstreetvoice/hUcFGNfz3pg9YEJ8BWLtAs.jpeg?x-oss-process=image/resize,m_fixed,h_1,w_1,limit_0/resize,m_fixed,h_630,w_1200,limit_0/watermark,image_cHJvZmlsZV9pbWFnZXMvRXcvZW4vRXdlbnN0cmVldHZvaWNlL2hVY0ZHTmZ6M3BnOVlFSjhCV0x0QXMuanBlZz94LW9zcy1wcm9jZXNzPWltYWdlL3Jlc2l6ZSxtX2ZpeGVkLGhfMzQ0LHdfMzQ0LGxpbWl0XzA,g_nw,x_428,y_143/watermark,image_YXNzZXQvaW1hZ2VzL21ldGFpbWFnZS1zb25nLnBuZw,g_nw,x_0,y_0",images/877101.jpeg,@Ewenstreetvoice,音樂人,,,,3,1,3,,,https://www.youtube.com/user/StreetVoiceTV,Taiwan Beats年度特刊《unmute》第二期 9m88談新專輯如何連結國際|||https://blow.streetvoice.com/62873/?utm_source=streetvoice&utm_medium=profile-news-block; 萬眾期待！Clockenflap 香港音樂及藝術節首波演出名單|||https://blow.streetvoice.com/20428/?utm_source=streetvoice&utm_medium=profile-news-block,,Singer / Songwriter,,,,"這首歌是自訴說一個總是表現得面面俱到的人，其實一直戴著完美的面具去偽裝自己，希望能夠展現自己的心聲，所以歌曲名稱「面面具到」並不是打錯字喔～是特別選沒有人字旁的「具」來搭配「面具」這個詞 詞曲:Ewen 
這首歌是自訴說一個總是表現得面面俱到的人，其實一直戴著完美的面具去偽裝自己，希望能夠展現自己的心聲，所以歌曲名稱「面面具到」並不是打錯字喔～是特別選沒有人字旁的「具」來搭配「面具」這個詞 詞曲:Ewen","動態歌詞
偽裝了自己 生活像演戲 沒有拿下面具的勇氣 表現的完美 卻不能說累 小心翼翼的去面對這世界 為何不能自信一點 明明就表現的體面 或許是因為我從不曾能活得很坦然 多希望能放下防備 就算放鬆也無所謂 拋下包袱去敞開自己的心扉 最美 面對著鏡子 陌生的樣子 不想帶著面具過一輩子 最真實的我 不曾透露過 會不會有人從此不喜歡我 為何不能自信一點 明明就表現的體面 或許是因為我從不曾能活得很坦然 多希望能放下防備 就算放鬆也無所謂 拋下包袱去敞開自己的心扉 最美 
偽裝了自己 生活像演戲 沒有拿下面具的勇氣 表現的完美 卻不能說累 小心翼翼的去面對這世界 為何不能自信一點 明明就表現的體面 或許是因為我從不曾能活得很坦然 多希望能放下防備 就算放鬆也無所謂 拋下包袱去敞開自己的心扉 最美 面對著鏡子 陌生的樣子 不想帶著面具過一輩子 最真實的我 不曾透露過 會不會有人從此不喜歡我 為何不能自信一點 明明就表現的體面 或許是因為我從不曾能活得很坦然 多希望能放下防備 就算放鬆也無所謂 拋下包袱去敞開自己的心扉 最美
留言（ 0 ） 最相關留言 所有留言
留言（ 0 ）",2026-08-30,,,False,False,
2026-08-31 07:34:18,realtime,folk,,,20,Ewen,沒關係(demo),1,2,0,https://streetvoice.com/Ewenstreetvoice/songs/877087/,https://streetvoice.com/Ewenstreetvoice/,"https://akstatic.streetvoice.com/song_covers/Ew/en/Ewenstreetvoice/bYXhraTQdkLfqm4YErYtEX.jpeg?x-oss-process=image/resize,m_fixed,h_1,w_1,limit_0/resize,m_fixed,h_630,w_1200,limit_0/watermark,image_c29uZ19jb3ZlcnMvRXcvZW4vRXdlbnN0cmVldHZvaWNlL2JZWGhyYVRRZGtMZnFtNFlFcll0RVguanBlZz94LW9zcy1wcm9jZXNzPWltYWdlL3Jlc2l6ZSxtX2ZpeGVkLGhfMzQ0LHdfMzQ0LGxpbWl0XzA,g_nw,x_428,y_143/watermark,image_YXNzZXQvaW1hZ2VzL21ldGFpbWFnZS1zb25nLnBuZw,g_nw,x_0,y_0",images/877087.jpeg,@Ewenstreetvoice,音樂人,,,,3,1,3,,,https://www.youtube.com/user/StreetVoiceTV,Taiwan Beats年度特刊《unmute》第二期 9m88談新專輯如何連結國際|||https://blow.streetvoice.com/62873/?utm_source=streetvoice&utm_medium=profile-news-block; 萬眾期待！Clockenflap 香港音樂及藝術節首波演出名單|||https://blow.streetvoice.com/20428/?utm_source=streetvoice&utm_medium=profile-news-block,,Singer / Songwriter,,,,"你是否曾經有過想要放棄一段關係的經驗呢？ 我之前每次說的沒關係不是真的沒關係，只是一次次的失望，到了最後，我們之間變得沒關係，我也覺得沒關係。 約好的見面被取消，而且是最後才告知 主角主動規畫下一次見面，對方一直沒有回應 主角終於不主動聯絡，對方也沒有發現 最後，主角選擇放棄 沒關係 詞曲：Ewen 
你是否曾經有過想要放棄一段關係的經驗呢？ 我之前每次說的沒關係不是真的沒關係，只是一次次的失望，到了最後，我們之間變得沒關係，我也覺得沒關係。 約好的見面被取消，而且是最後才告知 主角主動規畫下一次見面，對方一直沒有回應 主角終於不主動聯絡，對方也沒有發現 最後，主角選擇放棄
沒關係 詞曲：Ewen","動態歌詞
約好見面當天 你說臨時有事 沒關係 去忙吧 下次再一起去想去的地方吧 之後再約見面 你卻沒有已讀 沒關係 或許你 忙到沒看到我傳給你的訊息 每次都在說沒關係 從不是真的沒關係 一直以來的包容 終將會打破內心的平衡 我們之間沒有關係 我發現我也沒關係 一次次充滿失望 把期待耗盡的徹底 這次真的沒關係 等到我不主動 你也沒有發現 沒關係 沒關係 我們之間就到這裡吧沒關係 每次都在說沒關係 從不是真的沒關係 一直以來的包容 終將會打破內心的平衡 我們之間沒有關係 我發現我也沒關係 一次次充滿失望 把期待耗盡的徹底 這次真的沒關係 
約好見面當天 你說臨時有事 沒關係 去忙吧 下次再一起去想去的地方吧 之後再約見面 你卻沒有已讀 沒關係 或許你 忙到沒看到我傳給你的訊息 每次都在說沒關係 從不是真的沒關係 一直以來的包容 終將會打破內心的平衡 我們之間沒有關係 我發現我也沒關係 一次次充滿失望 把期待耗盡的徹底 這次真的沒關係 等到我不主動 你也沒有發現 沒關係 沒關係 我們之間就到這裡吧沒關係 每次都在說沒關係 從不是真的沒關係 一直以來的包容 終將會打破內心的平衡 我們之間沒有關係 我發現我也沒關係 一次次充滿失望 把期待耗盡的徹底 這次真的沒關係
留言（ 0 ） 最相關留言 所有留言
留言（ 0 ）",2026-08-30,,,False,False,
2026-08-31 07:34:18,realtime,folk,,,21,元農,8月31日,1,1,0,https://streetvoice.com/tyntseng/songs/876295/,https://streetvoice.com/tyntseng/,"https://akstatic.streetvoice.com/song_covers/ty/nt/tyntseng/8SCcwdMYcxDkcT6PNnJUsJ.jpeg?x-oss-process=image/resize,m_fixed,h_1,w_1,limit_0/resize,m_fixed,h_630,w_1200,limit_0/watermark,image_c29uZ19jb3ZlcnMvdHkvbnQvdHludHNlbmcvOFNDY3dkTVljeERrY1Q2UE5uSlVzSi5qcGVnP3gtb3NzLXByb2Nlc3M9aW1hZ2UvcmVzaXplLG1fZml4ZWQsaF8zNDQsd18zNDQsbGltaXRfMA,g_nw,x_428,y_143/watermark,image_YXNzZXQvaW1hZ2VzL21ldGFpbWFnZS1zb25nLnBuZw,g_nw,x_0,y_0",images/876295.jpeg,@tyntseng,音樂人,,,2022-05-24 15:58,10,107,40,,https://www.instagram.com/tyntseng/,https://www.youtube.com/channel/UC9H7_zSQX7rpe2nm1e9v4DQ,【StreetVoice新歌週報】鶴The Crane高質感新作受好評 Icy Ball冰球樂團新歌含神秘番號|||https://blow.streetvoice.com/52771/?utm_source=streetvoice&utm_medium=profile-news-block,,Singer / Songwriter,,,,"我想結婚、生小孩／旅行世界、買個房子／有個浪漫假期、整天只吃冰淇淋／在海外生活／達到並且維持理想體重／寫一本很棒的小說／跟老友保持聯繫⋯⋯ 我想種一棵樹／從頭開始準備一頓美味晚餐／感覺非常成功／洗冰水浴、跟海豚一起游泳／辦一個很特別的生日派對／活到一百歲／維持婚姻到死／寄一封很棒的瓶中信／也得到同樣有趣的回信⋯⋯ 克服所有的害怕和恐懼／整天躺著看雲／擁有一棟裝滿小東西的老房子／跑完全程馬拉松／讀一本很棒的書／一輩子都記得書裡的話／畫出驚人的畫／表現出真實感受／牆壁掛滿畫和深得我心的字句／擁有我喜歡的節目的每一集⋯⋯ 專注在某個重要議題／讓大家願意聽我說話／玩高空跳傘、裸泳、開直昇機／有一份每天都很期待的工作／有一個浪漫獨特的求婚／睡在廣闊的天空下／去爬巴薩巖／演出一部電影／或在國家劇院演出／中樂透彩／每天過著有用的日子⋯⋯ 被人愛著。 - 手碟鼓、錄音協力／簡昕蕊 封面視覺設計／蔡念諠 
我想結婚、生小孩／旅行世界、買個房子／有個浪漫假期、整天只吃冰淇淋／在海外生活／達到並且維持理想體重／寫一本很棒的小說／跟老友保持聯繫⋯⋯
我想種一棵樹／從頭開始準備一頓美味晚餐／感覺非常成功／洗冰水浴、跟海豚一起游泳／辦一個很特別的生日派對／活到一百歲／維持婚姻到死／寄一封很棒的瓶中信／也得到同樣有趣的回信⋯⋯
克服所有的害怕和恐懼／整天躺著看雲／擁有一棟裝滿小東西的老房子／跑完全程馬拉松／讀一本很棒的書／一輩子都記得書裡的話／畫出驚人的畫／表現出真實感受／牆壁掛滿畫和深得我心的字句／擁有我喜歡的節目的每一集⋯⋯
專注在某個重要議題／讓大家願意聽我說話／玩高空跳傘、裸泳、開直昇機／有一份每天都很期待的工作／有一個浪漫獨特的求婚／睡在廣闊的天空下／去爬巴薩巖／演出一部電影／或在國家劇院演出／中樂透彩／每天過著有用的日子⋯⋯
被人愛著。
-
手碟鼓、錄音協力／簡昕蕊 封面視覺設計／蔡念諠","躺在湖邊整個下午 眼睜開的日暮 夢做了就不算虛度 夏天還沒結束 錯過了 27 club 沒人推薦加入 靈光和徒長的植物 哪個會先乾枯 想把昨天都拍成照片 想留一頁今天的思念 想找理由期待明天 一遍又一遍 想彈一首歌填滿房間 想一個人坐車到海邊 想在八月最後一天 再見你一面 不大也不小的歲數 無所謂地重複 回家前一步走錯路 轉頭追了日出 想呢喃著偷來的字眼 想明年再回來女巫店 想找理由期待明天 一遍又一遍 想整個午休拿來失眠 想清醒到凌晨的四點 想在八月最後一天 再見你一面 想在八月最後一天 再見 
躺在湖邊整個下午 眼睜開的日暮 夢做了就不算虛度 夏天還沒結束 錯過了 27 club 沒人推薦加入 靈光和徒長的植物 哪個會先乾枯
想把昨天都拍成照片 想留一頁今天的思念 想找理由期待明天 一遍又一遍 想彈一首歌填滿房間 想一個人坐車到海邊 想在八月最後一天 再見你一面
不大也不小的歲數 無所謂地重複 回家前一步走錯路 轉頭追了日出
想呢喃著偷來的字眼 想明年再回來女巫店 想找理由期待明天 一遍又一遍 想整個午休拿來失眠 想清醒到凌晨的四點 想在八月最後一天 再見你一面
想在八月最後一天 再見
留言（ 0 ） 最相關留言 所有留言
留言（ 0 ）",2026-08-31,,,False,False,
2026-08-31 07:34:18,realtime,folk,,,22,邱淑蟬,無爭,4,40,0,https://streetvoice.com/shuchan_chiu/songs/876874/,https://streetvoice.com/shuchan_chiu/,"https://akstatic.streetvoice.com/song_covers/sh/uc/shuchan_chiu/P8ZUdjzjkUSLk62cYXkMae.jpeg?x-oss-process=image/resize,m_fixed,h_1,w_1,limit_0/resize,m_fixed,h_630,w_1200,limit_0/watermark,image_c29uZ19jb3ZlcnMvc2gvdWMvc2h1Y2hhbl9jaGl1L1A4WlVkanpqa1VTTGs2MmNZWGtNYWUuanBlZz94LW9zcy1wcm9jZXNzPWltYWdlL3Jlc2l6ZSxtX2ZpeGVkLGhfMzQ0LHdfMzQ0LGxpbWl0XzA,g_nw,x_428,y_143/watermark,image_YXNzZXQvaW1hZ2VzL21ldGFpbWFnZS1zb25nLnBuZw,g_nw,x_0,y_0",images/876874.jpeg,@shuchan_chiu,音樂人,,,2021-10-08 15:18,7,641,7,https://www.facebook.com/shuchanchiu1997,https://www.instagram.com/enidisme_music/,https://www.youtube.com/user/StreetVoiceTV,邱淑蟬邀製作人蕭賀碩、大象體操涂嘉欽 打造全新EP《無爭》|||https://blow.streetvoice.com/89185/?utm_source=streetvoice&utm_medium=profile-news-block; 邱淑蟬攜手鄭寶欣、好日、樂凡 打造跨國多語單曲〈定定仔行〉|||https://blow.streetvoice.com/84993/?utm_source=streetvoice&utm_medium=profile-news-block; 薄荷綠工廠推出首張創作專輯前導單曲〈That Day〉邀邱淑蟬、Deca joins 打擊樂手杜哲欣合作|||https://blow.streetvoice.com/75995/?utm_source=streetvoice&utm_medium=profile-news-block,,Folk,無爭 Metamorphosing,https://streetvoice.com/shuchan_chiu/songs/album/97325992/,,"詞曲 Lyricist＆Composer｜邱淑蟬 Shuchan Chiu 製作人 Producer｜蕭賀碩 Shuo Hsiao 編曲 Music Arranger｜ 鄭嘉富 Cheng Chia Fu、大頭 DaTone、陳啟原 Curtis Chan、蕭賀碩 Shuo Hsiao 鼓 Drums｜鄭嘉富 Cheng Chia Fu 貝斯 Bass｜大頭 DaTone 電吉他 E. Guitar｜陳啟原 Curtis Chan 人聲錄音工程師及錄音室 Vocal Recording Engineer＆Studio｜陳以霖 Yi-Lin Chen @大小眼錄音室Twin Eyes Studio 錄音工程師及錄音室 Recording Engineer＆Studio｜蔡周翰 Chou-Han Tsay、于世政 Shin-Cheng Yu @Lights Up Studio 助理錄音工程師及錄音室 Assistant Recording Engineer & Studio｜陳佳穎 Chia-Ying Chen  @Lights Up Studio 混音工程師 Mixing Engineer｜林正忠 Jerry Lin @Robot Studio 母帶後期處理工程師及錄音室 Mastering Engineer ＆ Studio｜孫仲舒 Chung-Shu Sun@鈺德科技 U-Tech MT Studio 母帶後期處理製作人 Mastering Producer｜蕭賀碩 Shuo Hsiao 企劃宣傳 Project Planning & Promotion｜曾楚芳 Matilda Tseng 視覺設計 Visual Designer｜周雨衛 Viter Chou、謝沛宸 Anmy Hsieh 平面攝影 Photographer｜柳妘儒 Yunju Liu 攝影助理 Photographer Assistant｜陳泱丞 Dozz Chen 攝影燈光 Photographer Gaffer｜Jeremii Fan 妝髮 Hair＆Makeup｜鍾其甫Ooioh 妝髮助理 Hair＆Makeup Assistant｜陳姿秀 Heena Chen 客語歌詞校正 Language counselor of Hakka lyrics｜鄭育淇 
詞曲 Lyricist＆Composer｜邱淑蟬 Shuchan Chiu 製作人 Producer｜蕭賀碩 Shuo Hsiao 編曲 Music Arranger｜ 鄭嘉富 Cheng Chia Fu、大頭 DaTone、陳啟原 Curtis Chan、蕭賀碩 Shuo Hsiao 鼓 Drums｜鄭嘉富 Cheng Chia Fu 貝斯 Bass｜大頭 DaTone 電吉他 E. Guitar｜陳啟原 Curtis Chan 人聲錄音工程師及錄音室 Vocal Recording Engineer＆Studio｜陳以霖 Yi-Lin Chen @大小眼錄音室Twin Eyes Studio 錄音工程師及錄音室 Recording Engineer＆Studio｜蔡周翰 Chou-Han Tsay、于世政 Shin-Cheng Yu @Lights Up Studio 助理錄音工程師及錄音室 Assistant Recording Engineer & Studio｜陳佳穎 Chia-Ying Chen  @Lights Up Studio 混音工程師 Mixing Engineer｜林正忠 Jerry Lin @Robot Studio
母帶後期處理工程師及錄音室 Mastering Engineer ＆ Studio｜孫仲舒 Chung-Shu Sun@鈺德科技 U-Tech MT Studio 母帶後期處理製作人 Mastering Producer｜蕭賀碩 Shuo Hsiao 企劃宣傳 Project Planning & Promotion｜曾楚芳 Matilda Tseng 視覺設計 Visual Designer｜周雨衛 Viter Chou、謝沛宸 Anmy Hsieh 平面攝影 Photographer｜柳妘儒 Yunju Liu 攝影助理 Photographer Assistant｜陳泱丞 Dozz Chen 攝影燈光 Photographer Gaffer｜Jeremii Fan 妝髮 Hair＆Makeup｜鍾其甫Ooioh 妝髮助理 Hair＆Makeup Assistant｜陳姿秀 Heena Chen 客語歌詞校正 Language counselor of Hakka lyrics｜鄭育淇","早餐也可以是晚餐 午安也可以是早安 不然 你想怎樣 做得講話蓋大聲 我可以講話很大聲 ngaiˇ zo dedˋ gongˋfa goi tai sangˊ 嘛做得歸日毋講話 也可以整天不說話 maˇ zo dedˋguiˊ ngidˋmˇ gongˋfa 想過麼个生活 撖你無爭 想過什麼樣的生活 與你無關 xiongˋ go maˋge senˊ fad ganˋ nˇ moˇ zangˊ 試看仔橫倒有一痛 試試看跌倒有多痛 cii kon eˋvang doˋ iuˊ idˋ tung 試看仔相信若腳步 試試看相信你的腳步 cii kon eˋxiongˊ xin ngiaˊ giogˋ pu 落雨就去大路項跳舞 下雨就去大路上跳舞 log iˋ qiu hi tai lu hong tiau vuˋ 試看仔自信有一重 試試看自信有多重 cii kon eˋ cii xin iuˊ idˋ cungˊ 試看仔毋堪身分 試試看不知好歹 cii kon eˋmˇ kamˊ siinˊfun 這下亻厓做主 現在我作主 iaˋ ha ngaiˇ zo zuˋ 
早餐也可以是晚餐 午安也可以是早安 不然 你想怎樣
做得講話蓋大聲 我可以講話很大聲 ngaiˇ zo dedˋ gongˋfa goi tai sangˊ
嘛做得歸日毋講話 也可以整天不說話 maˇ zo dedˋguiˊ ngidˋmˇ gongˋfa
想過麼个生活 撖你無爭 想過什麼樣的生活 與你無關 xiongˋ go maˋge senˊ fad ganˋ nˇ moˇ zangˊ
試看仔橫倒有一痛 試試看跌倒有多痛 cii kon eˋvang doˋ iuˊ idˋ tung
試看仔相信若腳步 試試看相信你的腳步 cii kon eˋxiongˊ xin ngiaˊ giogˋ pu
落雨就去大路項跳舞 下雨就去大路上跳舞 log iˋ qiu hi tai lu hong tiau vuˋ
試看仔自信有一重 試試看自信有多重 cii kon eˋ cii xin iuˊ idˋ cungˊ
試看仔毋堪身分 試試看不知好歹 cii kon eˋmˇ kamˊ siinˊfun
這下亻厓做主 現在我作主 iaˋ ha ngaiˇ zo zuˋ
留言（ 0 ） 最相關留言 所有留言
留言（ 0 ）",2026-08-28,,,False,False,
2026-08-31 07:34:18,realtime,folk,,,23,君君桑,猜猜你的心,4,119,4,https://streetvoice.com/hochun/songs/876876/,https://streetvoice.com/hochun/,"https://akstatic.streetvoice.com/song_covers/ho/ch/hochun/4iCZ7capd77CdEy5dwaAxA.jpeg?x-oss-process=image/resize,m_fixed,h_1,w_1,limit_0/resize,m_fixed,h_630,w_1200,limit_0/watermark,image_c29uZ19jb3ZlcnMvaG8vY2gvaG9jaHVuLzRpQ1o3Y2FwZDc3Q2RFeTVkd2FBeEEuanBlZz94LW9zcy1wcm9jZXNzPWltYWdlL3Jlc2l6ZSxtX2ZpeGVkLGhfMzQ0LHdfMzQ0LGxpbWl0XzA,g_nw,x_428,y_143/watermark,image_YXNzZXQvaW1hZ2VzL21ldGFpbWFnZS1zb25nLnBuZw,g_nw,x_0,y_0",images/876876.jpeg,@hochun,音樂人,新北市,2013-08-01,,3,2,1,,,https://www.youtube.com/user/StreetVoiceTV,,,Singer / Songwriter,,,,"你總是慢慢的靠近 若即若離 讓我猜不透你的心 
你總是慢慢的靠近 若即若離 讓我猜不透你的心","（ verse ) 你慢慢向我靠近 卻又不說任何話 我開始動心 臉上紅紅地 你慢慢走向著我 眼睛專注地看著我 心臟不停跳動 不聽我的話 （ chorus ) 現在開始猜猜你的心 是否有我的存在 總是若即若離 讓人對你捉摸不定 我需要再猜猜你的心 是否開始把我放在你的心裡 還是猜不透 （ chorus 2 ) 現在開始猜猜你的心 是否有我的存在 總是若即若離 讓人對你捉摸不定 我需要再猜猜你的心 是否開始把我放在你的心裡 還是猜不透 （ verse 2 ) 你慢慢向我靠近 卻又不說任何話 我開始動心 臉上紅紅地 你慢慢走向著我 眼睛專注地看著我 心臟不停跳動 不聽我的話 
（ verse ) 你慢慢向我靠近 卻又不說任何話 我開始動心 臉上紅紅地
你慢慢走向著我 眼睛專注地看著我 心臟不停跳動 不聽我的話
（ chorus ) 現在開始猜猜你的心 是否有我的存在 總是若即若離 讓人對你捉摸不定
我需要再猜猜你的心 是否開始把我放在你的心裡 還是猜不透
（ chorus 2 ) 現在開始猜猜你的心 是否有我的存在 總是若即若離 讓人對你捉摸不定
我需要再猜猜你的心 是否開始把我放在你的心裡 還是猜不透
（ verse 2 ) 你慢慢向我靠近 卻又不說任何話 我開始動心 臉上紅紅地
你慢慢走向著我 眼睛專注地看著我 心臟不停跳動 不聽我的話
留言（ 4 ） 最相關留言 所有留言
留言（ 4 ）",2026-08-28,,AI 協作 Singer / Songwriter,False,False,
2026-08-31 07:34:18,realtime,folk,,,24,tangcying,《木蘭辭》 by 北魏樂府,1,3,0,https://streetvoice.com/tangcying/songs/877037/,https://streetvoice.com/tangcying/,"https://akstatic.streetvoice.com/song_covers/ta/ng/tangcying/krKsaWMuMQTYYutJ5NAGHz.jpg?x-oss-process=image/resize,m_fixed,h_1,w_1,limit_0/resize,m_fixed,h_630,w_1200,limit_0/watermark,image_c29uZ19jb3ZlcnMvdGEvbmcvdGFuZ2N5aW5nL2tyS3NhV011TVFUWVl1dEo1TkFHSHouanBnP3gtb3NzLXByb2Nlc3M9aW1hZ2UvcmVzaXplLG1fZml4ZWQsaF8zNDQsd18zNDQsbGltaXRfMA,g_nw,x_428,y_143/watermark,image_YXNzZXQvaW1hZ2VzL21ldGFpbWFnZS1zb25nLnBuZw,g_nw,x_0,y_0",images/877037.jpg,,,,,,14,2,2,,,https://www.youtube.com/user/StreetVoiceTV,,,Folk,,,,"《木蘭辭》為北魏樂府中最廣流傳的一首詩，展現當時活潑豪邁的民風。今以Suno AI編曲演唱，重新演譯。 
《木蘭辭》為北魏樂府中最廣流傳的一首詩，展現當時活潑豪邁的民風。今以Suno AI編曲演唱，重新演譯。","唧唧復唧唧。木蘭當戶織。 不聞機杼聲，惟聞女嘆息。 問女何所思，問女何所憶。 女亦無所思，女亦無所憶。 昨夜見軍帖，可汗大點兵， 軍書十二卷，卷卷有爺名。 阿爺無大兒，木蘭無長兄， 願爲市鞍馬，從此替爺征。 東市買駿馬，西市買鞍韉。 南市買轡頭，北市買長鞭。 旦辭爺孃去，暮宿黃河邊。 不聞爺孃喚女聲，但聞黃河流水鳴濺濺。 旦辭黃河去，暮至黑山頭。 不聞爺孃喚女聲，但聞燕山胡騎鳴啾啾。 萬里赴戎機。關山度若飛。 朔氣傳金柝，寒光照鐵衣。 將軍百戰死，壯士十年歸。 歸來見天子，天子坐明堂。 策勳十二轉，賞賜百千疆。 可汗問所欲，木蘭不用尚書郎， 願借明駝千里足，送兒還故鄉。 爺孃聞女來，出郭相扶將。 阿姊聞妹來，當戶理紅妝。 小弟聞姊來，磨刀霍霍向豬羊。 開我東閣門，坐我西閣牀。 脫我戰時袍，著我舊時裳。 當窗理雲鬢，對鏡貼花黃。 出門看伙伴，伙伴皆驚忙： 同行十二年，不知木蘭是女郎。 雄兔腳撲朔，雌兔眼迷離。 雙兔傍地走，安能辨我是雄雌？ 
唧唧復唧唧。木蘭當戶織。 不聞機杼聲，惟聞女嘆息。 問女何所思，問女何所憶。 女亦無所思，女亦無所憶。
昨夜見軍帖，可汗大點兵， 軍書十二卷，卷卷有爺名。 阿爺無大兒，木蘭無長兄， 願爲市鞍馬，從此替爺征。
東市買駿馬，西市買鞍韉。 南市買轡頭，北市買長鞭。
旦辭爺孃去，暮宿黃河邊。 不聞爺孃喚女聲，但聞黃河流水鳴濺濺。
旦辭黃河去，暮至黑山頭。 不聞爺孃喚女聲，但聞燕山胡騎鳴啾啾。
萬里赴戎機。關山度若飛。 朔氣傳金柝，寒光照鐵衣。 將軍百戰死，壯士十年歸。
歸來見天子，天子坐明堂。 策勳十二轉，賞賜百千疆。
可汗問所欲，木蘭不用尚書郎， 願借明駝千里足，送兒還故鄉。
爺孃聞女來，出郭相扶將。 阿姊聞妹來，當戶理紅妝。 小弟聞姊來，磨刀霍霍向豬羊。 開我東閣門，坐我西閣牀。 脫我戰時袍，著我舊時裳。 當窗理雲鬢，對鏡貼花黃。 出門看伙伴，伙伴皆驚忙： 同行十二年，不知木蘭是女郎。
雄兔腳撲朔，雌兔眼迷離。 雙兔傍地走，安能辨我是雄雌？
留言（ 0 ） 最相關留言 所有留言
留言（ 0 ）",2026-08-30,,AI 協作 Folk,False,False,
2026-08-31 07:34:18,realtime,folk,,,25,StreetVoice 未來進行式,2026.08.26 特別來賓：林理惠 &amp; 謝明諺,2,45,0,https://streetvoice.com/svradio/songs/876355/,https://streetvoice.com/svradio/,"https://akstatic.streetvoice.com/song_covers/sv/ra/svradio/Ji53Zv9unyLiJ39jX7hmTZ.jpeg?x-oss-process=image/resize,m_fixed,h_1,w_1,limit_0/resize,m_fixed,h_630,w_1200,limit_0/watermark,image_c29uZ19jb3ZlcnMvc3YvcmEvc3ZyYWRpby9KaTUzWnY5dW55TGlKMzlqWDdobVRaLmpwZWc_eC1vc3MtcHJvY2Vzcz1pbWFnZS9yZXNpemUsbV9maXhlZCxoXzM0NCx3XzM0NCxsaW1pdF8w,g_nw,x_428,y_143/watermark,image_YXNzZXQvaW1hZ2VzL21ldGFpbWFnZS1zb25nLnBuZw,g_nw,x_0,y_0",images/876355.jpeg,@svradio,Podcast,基隆市,2009-06-01,,368,1768,,,,https://www.youtube.com/user/StreetVoiceTV,「StreetVoice 未來進行式」六月登陸飛碟電台 世外桃源任首集嘉賓|||https://blow.streetvoice.com/33663/?utm_source=streetvoice&utm_medium=profile-news-block; 勃發的創作量、新的收入可能：往音樂社群平台發展的StreetVoice，在2021年度報告中分享了哪些資訊？|||https://blow.streetvoice.com/58836/?utm_source=streetvoice&utm_medium=profile-news-block; 返回地球 理化兄弟 P.C.B 新單曲《PSYBERPUNKER》未來進行式搶先首播|||https://blow.streetvoice.com/21388/?utm_source=streetvoice&utm_medium=profile-news-block,,Singer / Songwriter,,,謝明諺,"論出道時間，她很難繼續當一名新人。她的才情，經常散落在不同作品裡。近期堪稱最集中火力的大作，無疑是年初發表的《冬之旅──台語爵士浪遊》，與爵士管樂名家老公謝明諺聯手對舒伯特的驚人改編。直到最新專輯《色緻》，將她多年來陸續發展出的創作，帶著跨越日治時期及九零年代動感的奇特魅力，以她個人的生命史為名開始集合。本集邀得夫妻檔再度同台對話，從古到今走一回。 本集來賓： 林理惠 https://streetvoice.com/marsmeimei/ 謝明諺 https://streetvoice.com/minyenhsieh/ 節目資訊： StreetVoice未來進行式 FB： https://www.facebook.com/StreetVoiceonair/ IG： https://www.instagram.com/streetvoiceonair/ 主持人：小樹 https://www.instagram.com/chillouttree/ 出品｜街聲股份有限公司 主持｜小樹 製作｜韁河媒體工作室 Marks & 邋遢狗 剪輯｜韁河媒體工作室 Jason 社群｜黃芷萱（米雪） Podcast 聯繫信箱｜ svradio9999@gmail.com *本計畫獲文化部影視及流行音樂產業局 114 年補助 
論出道時間，她很難繼續當一名新人。她的才情，經常散落在不同作品裡。近期堪稱最集中火力的大作，無疑是年初發表的《冬之旅──台語爵士浪遊》，與爵士管樂名家老公謝明諺聯手對舒伯特的驚人改編。直到最新專輯《色緻》，將她多年來陸續發展出的創作，帶著跨越日治時期及九零年代動感的奇特魅力，以她個人的生命史為名開始集合。本集邀得夫妻檔再度同台對話，從古到今走一回。
本集來賓： 林理惠 https://streetvoice.com/marsmeimei/ 謝明諺 https://streetvoice.com/minyenhsieh/
https://streetvoice.com/marsmeimei/
https://streetvoice.com/minyenhsieh/
節目資訊： StreetVoice未來進行式
FB： https://www.facebook.com/StreetVoiceonair/ IG： https://www.instagram.com/streetvoiceonair/
https://www.facebook.com/StreetVoiceonair/
https://www.instagram.com/streetvoiceonair/
主持人：小樹 https://www.instagram.com/chillouttree/
https://www.instagram.com/chillouttree/
出品｜街聲股份有限公司 主持｜小樹 製作｜韁河媒體工作室 Marks & 邋遢狗 剪輯｜韁河媒體工作室 Jason 社群｜黃芷萱（米雪） Podcast 聯繫信箱｜ svradio9999@gmail.com
svradio9999@gmail.com
*本計畫獲文化部影視及流行音樂產業局 114 年補助","這是沒有提供歌詞的歌曲
留言（ 0 ） 最相關留言 所有留言
留言（ 0 ）",2026-08-26,,編輯推薦,True,False,
2026-08-31 07:34:18,realtime,folk,,,26,朱柏翰 Lucian,吟遊詩人說,0,5,0,https://streetvoice.com/LucianChu/songs/876959/,https://streetvoice.com/LucianChu/,"https://akstatic.streetvoice.com/song_covers/ji/mm/jimmy05260526/oCEMviVgwNRs355bpEqZk9.jpeg?x-oss-process=image/resize,m_fixed,h_1,w_1,limit_0/resize,m_fixed,h_630,w_1200,limit_0/watermark,image_c29uZ19jb3ZlcnMvamkvbW0vamltbXkwNTI2MDUyNi9vQ0VNdmlWZ3dOUnMzNTVicEVxWms5LmpwZWc_eC1vc3MtcHJvY2Vzcz1pbWFnZS9yZXNpemUsbV9maXhlZCxoXzM0NCx3XzM0NCxsaW1pdF8w,g_nw,x_428,y_143/watermark,image_YXNzZXQvaW1hZ2VzL21ldGFpbWFnZS1zb25nLnBuZw,g_nw,x_0,y_0",images/876959.jpeg,@LucianChu,音樂人,台灣,2024-03-01,,1,4,1,,,https://www.youtube.com/user/StreetVoiceTV,,,Folk,,,,"之前為了一部音樂劇寫的序曲 在說一個不會老的女船長在經歷過與凡人男子的一段戀情後如何看待生命、時間及這個世界 但遺憾的是計劃中斷了（說不定哪一天風向會改變，讓停在岸邊的船重新起航） 詞/曲：瓦搭洗 錄音：極米 JCANG 
之前為了一部音樂劇寫的序曲 在說一個不會老的女船長在經歷過與凡人男子的一段戀情後如何看待生命、時間及這個世界 但遺憾的是計劃中斷了（說不定哪一天風向會改變，讓停在岸邊的船重新起航）
詞/曲：瓦搭洗 錄音：極米 JCANG","動態歌詞
在一片大海上 有個不老的船長 一個又一個的世代 對她來說就像 潮汐一樣 都一樣 荒唐 多年的流浪 終於有了方向 船長找到她愛的人 而他一樣愛她 就算這份渴望 注定悲劇一場 就像夕陽 就像夢一場 他的愛人 變成了浪花 她帶著愛人的夢想 來到這個地方 空地上一團白花 盛放 
在一片大海上 有個不老的船長 一個又一個的世代 對她來說就像 潮汐一樣 都一樣 荒唐 多年的流浪 終於有了方向 船長找到她愛的人 而他一樣愛她 就算這份渴望 注定悲劇一場 就像夕陽 就像夢一場 他的愛人 變成了浪花 她帶著愛人的夢想 來到這個地方 空地上一團白花 盛放
留言（ 0 ） 最相關留言 所有留言
留言（ 0 ）",2026-08-29,,,False,False,
2026-08-31 07:34:18,realtime,folk,,,27,zonble,Legacy,0,4,0,https://streetvoice.com/zonble/songs/877044/,https://streetvoice.com/zonble/,"https://akstatic.streetvoice.com/profile_images/zo/nb/zonble/Fx5kEpBJLrFJmJRGxXo8m5.jpeg?x-oss-process=image/resize,m_fixed,h_1,w_1,limit_0/resize,m_fixed,h_630,w_1200,limit_0/watermark,image_cHJvZmlsZV9pbWFnZXMvem8vbmIvem9uYmxlL0Z4NWtFcEJKTHJGSm1KUkd4WG84bTUuanBlZz94LW9zcy1wcm9jZXNzPWltYWdlL3Jlc2l6ZSxtX2ZpeGVkLGhfMzQ0LHdfMzQ0LGxpbWl0XzA,g_nw,x_428,y_143/watermark,image_YXNzZXQvaW1hZ2VzL21ldGFpbWFnZS1zb25nLnBuZw,g_nw,x_0,y_0",images/877044.jpeg,@zonble,音樂人,台北市,2013-04-01,,6,5,1,,,https://www.youtube.com/user/StreetVoiceTV,,,Singer / Songwriter,,,,,"[verse 1] 多希望能夠 一直牽巨人的手 一直在燈塔照耀中 多希望能夠 一直仰望我的英雄 永遠都看不見他們凋落 多希望能夠 還可以繼續犯錯 一直有原諒和寬容 多希望能夠 稍微理解這個宇宙 有沒有熱寂以外的結果 [verse 2] 我一向都平凡無奇 我根本就無足輕重 我居然，從來沒想過 物理法則，對誰都適用 我不過是肉體凡軀 有什麼能被我左右？ 我還是，忍不住可惜 不只是我，會淹沒在遺忘的洪流 [chorus] 多麼希望我可以 讓自己不只是自己，讓我不只是我 多麼希望我也可以 對誰說一句，說一句我能夠 多麼希望我可以 讓自己不只是自己，讓我不只是我 多麼希望我也可以 對誰說一句—我能夠 多麼希望我可以 多麼希望我能夠 多希望能夠… 
[verse 1] 多希望能夠 一直牽巨人的手 一直在燈塔照耀中
多希望能夠 一直仰望我的英雄 永遠都看不見他們凋落
多希望能夠 還可以繼續犯錯 一直有原諒和寬容
多希望能夠 稍微理解這個宇宙 有沒有熱寂以外的結果
[verse 2] 我一向都平凡無奇 我根本就無足輕重 我居然，從來沒想過 物理法則，對誰都適用
我不過是肉體凡軀 有什麼能被我左右？ 我還是，忍不住可惜 不只是我，會淹沒在遺忘的洪流
[chorus] 多麼希望我可以 讓自己不只是自己，讓我不只是我 多麼希望我也可以 對誰說一句，說一句我能夠
多麼希望我可以 讓自己不只是自己，讓我不只是我 多麼希望我也可以 對誰說一句—我能夠
多麼希望我可以 多麼希望我能夠 多希望能夠…
留言（ 0 ） 最相關留言 所有留言
留言（ 0 ）",2026-08-30,,,False,False,
2026-08-31 07:34:18,realtime,folk,,,28,舉將,我只想靠夢想賺錢,0,1,0,https://streetvoice.com/a0970301166/songs/877080/,https://streetvoice.com/a0970301166/,"https://akstatic.streetvoice.com/song_covers/a0/97/a0970301166/mE3M8H3Yu7B2Xg579meoJp.jpeg?x-oss-process=image/resize,m_fixed,h_1,w_1,limit_0/resize,m_fixed,h_630,w_1200,limit_0/watermark,image_c29uZ19jb3ZlcnMvYTAvOTcvYTA5NzAzMDExNjYvbUUzTThIM1l1N0IyWGc1NzltZW9KcC5qcGVnP3gtb3NzLXByb2Nlc3M9aW1hZ2UvcmVzaXplLG1fZml4ZWQsaF8zNDQsd18zNDQsbGltaXRfMA,g_nw,x_428,y_143/watermark,image_YXNzZXQvaW1hZ2VzL21ldGFpbWFnZS1zb25nLnBuZw,g_nw,x_0,y_0",images/877080.jpeg,@a0970301166,音樂人,屏東縣,2025-03-01,,1,,4,,,https://www.youtube.com/user/StreetVoiceTV,AI做的歌太像ABBA了！環球、索尼、華納等國際音樂大廠 正在聯手控告生成「AI蔥師表歌曲」的公司|||https://blow.streetvoice.com/74803/?utm_source=streetvoice&utm_medium=profile-news-block; 睽違四年 閃靈將與大型交響樂團在凱道舉辦大型專場|||https://blow.streetvoice.com/47817/?utm_source=streetvoice&utm_medium=profile-news-block; 製作人陳建騏出櫃後 15間獨立音樂廠牌連署支持「婚姻平權，兩好三壞」|||https://blow.streetvoice.com/42837/?utm_source=streetvoice&utm_medium=profile-news-block,,Singer / Songwriter,,,,"追逐夢想的路上總是充滿障礙，但千萬別害怕，永遠要相信自己會找到屬於自己的答案 
追逐夢想的路上總是充滿障礙，但千萬別害怕，永遠要相信自己會找到屬於自己的答案","我只想靠夢想賺錢 成為下個明日之星 帶你去旅行 我只想靠夢想賺錢 打臉那些不公 證明我的所有過錯 我只想靠夢想賺錢 證明我的成長 不會在讓你有所失望 我只想靠夢想賺錢 讓你不在為我擔心 能夠安心放手 當然我也想過放手一博 身上的枷鎖卻未曾鬆動過 他們說不是一砲而紅 就是流落街頭 但他們不懂 所有的 嘲笑 早已麻木在耳後 沒錯我還是曾經一樣沒用 身上的期望還是一樣的沈重 可我不想再有所遺憾 那些質疑我將一一去打破他 我只想靠夢想賺錢 成為下個明日之星 帶你去旅行 我只想靠夢想賺錢 打臉那些不公 抗下我所有的過錯 我只想靠夢想賺錢 證明我的成長 不會在讓你有所失望 我只想靠夢想賺錢 讓你不在為我擔心 能夠安心放手 
我只想靠夢想賺錢 成為下個明日之星 帶你去旅行 我只想靠夢想賺錢 打臉那些不公 證明我的所有過錯 我只想靠夢想賺錢 證明我的成長 不會在讓你有所失望 我只想靠夢想賺錢 讓你不在為我擔心 能夠安心放手
當然我也想過放手一博 身上的枷鎖卻未曾鬆動過 他們說不是一砲而紅 就是流落街頭 但他們不懂 所有的 嘲笑 早已麻木在耳後 沒錯我還是曾經一樣沒用 身上的期望還是一樣的沈重 可我不想再有所遺憾 那些質疑我將一一去打破他
我只想靠夢想賺錢 成為下個明日之星 帶你去旅行 我只想靠夢想賺錢 打臉那些不公 抗下我所有的過錯 我只想靠夢想賺錢 證明我的成長 不會在讓你有所失望 我只想靠夢想賺錢 讓你不在為我擔心 能夠安心放手
留言（ 0 ） 最相關留言 所有留言
留言（ 0 ）",2026-08-30,,,False,False,
2026-08-31 07:34:18,realtime,folk,,,29,Zipr,曾經你是我的全世界,0,3,0,https://streetvoice.com/ZIPRZZ/songs/877116/,https://streetvoice.com/ZIPRZZ/,"https://akstatic.streetvoice.com/song_covers/ZI/PR/ZIPRZZ/iFky9QWZGhtEvhNS7n4TQ7.jpeg?x-oss-process=image/resize,m_fixed,h_1,w_1,limit_0/resize,m_fixed,h_630,w_1200,limit_0/watermark,image_c29uZ19jb3ZlcnMvWkkvUFIvWklQUlpaL2lGa3k5UVdaR2h0RXZoTlM3bjRUUTcuanBlZz94LW9zcy1wcm9jZXNzPWltYWdlL3Jlc2l6ZSxtX2ZpeGVkLGhfMzQ0LHdfMzQ0LGxpbWl0XzA,g_nw,x_428,y_143/watermark,image_YXNzZXQvaW1hZ2VzL21ldGFpbWFnZS1zb25nLnBuZw,g_nw,x_0,y_0",images/877116.jpeg,@ZIPRZZ,音樂人,台北市,2020-11-01,,1,1,2,,,https://www.youtube.com/user/StreetVoiceTV,,,Singer / Songwriter,,,,,"昨天夢到你，你在夢裡還是一樣的美麗，我好想你 你的身邊已經有人但已不是我，我好想你 現在有了你的消息，看著你往前進，我躊躇不前的留在原地，等待黎明何時升起 這個 永無止盡的黑夜，何時才能終結了之，我不知道，我好想你 曾經你是我的全世界，現在我只希望你可以走遠 曾經你是我的全世界，從沒想過你會離開我身邊 我從未懷疑你會離開我 但內心的惡魔總是欺騙著我 總是認為自己配不上你 過著換得換失的生活 最後你也已受夠了我 說著說著 我就哭了 我是真的愛過 我們都沒有錯 聽著聽著 你也哭了 最後給我的答覆 是我還愛你呢 曾經你是我的全世界，現在我只希望你可以走遠 曾經你是我的全世界，從沒想過你會離開我身邊 我從未懷疑你會離開我 但內心的惡魔總是欺騙著我 總是認為自己配不上你 過著換得換失的生活 最後你也已受夠了我 
昨天夢到你，你在夢裡還是一樣的美麗，我好想你 你的身邊已經有人但已不是我，我好想你 現在有了你的消息，看著你往前進，我躊躇不前的留在原地，等待黎明何時升起 這個 永無止盡的黑夜，何時才能終結了之，我不知道，我好想你
曾經你是我的全世界，現在我只希望你可以走遠 曾經你是我的全世界，從沒想過你會離開我身邊
我從未懷疑你會離開我 但內心的惡魔總是欺騙著我 總是認為自己配不上你 過著換得換失的生活 最後你也已受夠了我
說著說著 我就哭了 我是真的愛過 我們都沒有錯 聽著聽著 你也哭了 最後給我的答覆 是我還愛你呢
曾經你是我的全世界，現在我只希望你可以走遠 曾經你是我的全世界，從沒想過你會離開我身邊
我從未懷疑你會離開我 但內心的惡魔總是欺騙著我 總是認為自己配不上你 過著換得換失的生活 最後你也已受夠了我
留言（ 0 ） 最相關留言 所有留言
留言（ 0 ）",2026-08-30,,,False,False,
2026-08-31 07:34:18,realtime,folk,,,30,范安婷 Anie Fann,聽說有個人，在紐約等著我 (acoustic),4,244,0,https://streetvoice.com/aniefann/songs/875704/,https://streetvoice.com/aniefann/,"https://akstatic.streetvoice.com/song_covers/an/ie/aniefann/KsCZt9p4bwqrhtentwp3Zh.jpeg?x-oss-process=image/resize,m_fixed,h_1,w_1,limit_0/resize,m_fixed,h_630,w_1200,limit_0/watermark,image_c29uZ19jb3ZlcnMvYW4vaWUvYW5pZWZhbm4vS3NDWnQ5cDRid3FyaHRlbnR3cDNaaC5qcGVnP3gtb3NzLXByb2Nlc3M9aW1hZ2UvcmVzaXplLG1fZml4ZWQsaF8zNDQsd18zNDQsbGltaXRfMA,g_nw,x_428,y_143/watermark,image_YXNzZXQvaW1hZ2VzL21ldGFpbWFnZS1zb25nLnBuZw,g_nw,x_0,y_0",images/875704.jpeg,@aniefann,音樂人,,,2021-11-15 17:02,20,1248,12,https://www.facebook.com/aniefann,https://www.instagram.com/morgannie/,https://www.youtube.com/aniefann,范安婷重製專輯《亞底米1889 V2.0》 探討「人」與「人工智慧」的關係|||https://blow.streetvoice.com/84951/?utm_source=streetvoice&utm_medium=profile-news-block; 范安婷首張專輯與門田英司合作 巡迴即將開跑|||https://blow.streetvoice.com/33771/?utm_source=streetvoice&utm_medium=profile-news-block; 門田英司製作 范安婷專輯巡迴邀跨國王牌樂手助陣|||https://blow.streetvoice.com/33498/?utm_source=streetvoice&utm_medium=profile-news-block,,Singer / Songwriter,Acoustic 單曲,https://streetvoice.com/aniefann/songs/album/97325936/,,"范安婷十三年前發行的《聽說有個人，在紐約等著我》，如今以全新的不插電版本重新與大家見面。經過時間的沉澱，這首歌也更加真摯坦率。溫暖的木吉他與豐富的和聲交織其中，讓這首歌顯得簡單而質樸，坦誠而充滿渴望。木箱鼓沉穩的節奏推動著歌曲，也陪著范安婷一次又一次地問：如果呢？ 如果我能先開口，跨越那道沉默的距離？如果我能修復那些裂開的傷口？ 在《聽說有個人，在紐約等著我》的故事裡，一段關係被距離慢慢拉開——有現實中的距離，也有心與心之間的距離。當兩個人都在想著對方，卻說不出口自己的心意時，答案彷彿就在眼前，卻又令人心碎地遙遠。在副歌的最後一句，Anie 輕輕點出所有遺憾的源頭：「但我們太多說不出的話。」 
范安婷十三年前發行的《聽說有個人，在紐約等著我》，如今以全新的不插電版本重新與大家見面。經過時間的沉澱，這首歌也更加真摯坦率。溫暖的木吉他與豐富的和聲交織其中，讓這首歌顯得簡單而質樸，坦誠而充滿渴望。木箱鼓沉穩的節奏推動著歌曲，也陪著范安婷一次又一次地問：如果呢？ 如果我能先開口，跨越那道沉默的距離？如果我能修復那些裂開的傷口？
在《聽說有個人，在紐約等著我》的故事裡，一段關係被距離慢慢拉開——有現實中的距離，也有心與心之間的距離。當兩個人都在想著對方，卻說不出口自己的心意時，答案彷彿就在眼前，卻又令人心碎地遙遠。在副歌的最後一句，Anie 輕輕點出所有遺憾的源頭：「但我們太多說不出的話。」","動態歌詞
聽說有個人 在紐約等著我 他搭上任何 一班列車 繞著城市坐 多出的時間 不想都花在回家 他看見窗外 不再下雨 輕飄著雪花 也許他想問我 幾月會去看他 幾月會去看他 也許我想問他 七月天氣好嗎 七月天氣好嗎 但我們太多說不出的話 我們太多說不出的話 聽說有個人 在紐約等著我 他情願放手 不肯解釋 一句也不說 也許他想問我 幾月會去看他 幾月會去看他 也許我想問他 七月天氣好嗎 七月天氣好嗎 但我們太多說不出的話 我們太多說不出的話 聽說有個人 在紐約等著我 他搭上任何 一班列車 繞著城市坐 
聽說有個人 在紐約等著我 他搭上任何 一班列車 繞著城市坐 多出的時間 不想都花在回家 他看見窗外 不再下雨 輕飄著雪花
也許他想問我 幾月會去看他 幾月會去看他 也許我想問他 七月天氣好嗎 七月天氣好嗎 但我們太多說不出的話 我們太多說不出的話
聽說有個人 在紐約等著我 他情願放手 不肯解釋 一句也不說
也許他想問我 幾月會去看他 幾月會去看他 也許我想問他 七月天氣好嗎 七月天氣好嗎 但我們太多說不出的話 我們太多說不出的話
聽說有個人 在紐約等著我 他搭上任何 一班列車 繞著城市坐
留言（ 0 ） 最相關留言 所有留言
留言（ 0 ）",2026-08-21,,編輯推薦,True,False,
2026-08-31 07:34:18,realtime,folk,,,31,e_lan,初夏,2,22,1,https://streetvoice.com/e_lan/songs/876677/,https://streetvoice.com/e_lan/,"https://akstatic.streetvoice.com/song_covers/e_/la/e_lan/jGMykCnfMJVFZSMApHZeZs.jpeg?x-oss-process=image/resize,m_fixed,h_1,w_1,limit_0/resize,m_fixed,h_630,w_1200,limit_0/watermark,image_c29uZ19jb3ZlcnMvZV8vbGEvZV9sYW4vakdNeWtDbmZNSlZGWlNNQXBIWmVacy5qcGVnP3gtb3NzLXByb2Nlc3M9aW1hZ2UvcmVzaXplLG1fZml4ZWQsaF8zNDQsd18zNDQsbGltaXRfMA,g_nw,x_428,y_143/watermark,image_YXNzZXQvaW1hZ2VzL21ldGFpbWFnZS1zb25nLnBuZw,g_nw,x_0,y_0",images/876677.jpeg,@e_lan,音樂人,雲林縣,2022-06-01,,4,30,9,,,https://www.youtube.com/user/StreetVoiceTV,,,Folk,,,,"舒服的歌 因為賴敬緯的吉他，莊嘉丞的混音，寫雅柔的錄音和很多協助，而變得很好聽。 謝謝當年的大家！ 喔 這首也是2022年，初夏寫的。 
舒服的歌 因為賴敬緯的吉他，莊嘉丞的混音，寫雅柔的錄音和很多協助，而變得很好聽。 謝謝當年的大家！ 喔 這首也是2022年，初夏寫的。","初夏 一件事情接著一件事情做 一個動作接著一個動作 不停 奇妙的平衡 不像一個忙碌的人 是夏天帶來的感覺 早晨涼爽的空氣以及 炙熱的紫外線 雖然我愛的是秋天 但現在好像準備移情別戀 原來我愛的是表面 但現在好像準備移情別戀 做事的方法有很多種 這是真的 真的 我擅長的方法只有一種 這是真的 一個瞬間接著一個瞬間 一個恍神接著一個清醒 雲早就變了 你也早就變了 我也已經變了 變了 雖然我愛的是秋天 但現在好像準備移情別戀 原來我愛的是表面 但現在好像準備移情別戀 但現在好想移情別戀 現在就要移情別戀 夏天夏天 初戀不見 誓言會變 改變改變 不見 永遠 夏天夏天會變 
初夏
一件事情接著一件事情做 一個動作接著一個動作 不停 奇妙的平衡 不像一個忙碌的人
是夏天帶來的感覺 早晨涼爽的空氣以及 炙熱的紫外線
雖然我愛的是秋天 但現在好像準備移情別戀 原來我愛的是表面 但現在好像準備移情別戀
做事的方法有很多種 這是真的 真的 我擅長的方法只有一種 這是真的 一個瞬間接著一個瞬間 一個恍神接著一個清醒
雲早就變了 你也早就變了 我也已經變了 變了
雖然我愛的是秋天 但現在好像準備移情別戀 原來我愛的是表面 但現在好像準備移情別戀
但現在好想移情別戀 現在就要移情別戀
夏天夏天 初戀不見 誓言會變
改變改變 不見 永遠 夏天夏天會變
留言（ 1 ） 最相關留言 所有留言
留言（ 1 ）",2026-08-27,,,False,False,
2026-08-31 07:34:18,realtime,folk,,,32,寰宇天使安琪菈,埔里小鎮,1,130,0,https://streetvoice.com/lowshuki13/songs/876796/,https://streetvoice.com/lowshuki13/,"https://akstatic.streetvoice.com/profile_images/lo/ws/lowshuki13/KLEg7HzdRry3soY76GtZaf.jpeg?x-oss-process=image/resize,m_fixed,h_1,w_1,limit_0/resize,m_fixed,h_630,w_1200,limit_0/watermark,image_cHJvZmlsZV9pbWFnZXMvbG8vd3MvbG93c2h1a2kxMy9LTEVnN0h6ZFJyeTNzb1k3Nkd0WmFmLmpwZWc_eC1vc3MtcHJvY2Vzcz1pbWFnZS9yZXNpemUsbV9maXhlZCxoXzM0NCx3XzM0NCxsaW1pdF8w,g_nw,x_428,y_143/watermark,image_YXNzZXQvaW1hZ2VzL21ldGFpbWFnZS1zb25nLnBuZw,g_nw,x_0,y_0",images/876796.jpeg,@lowshuki13,音樂人,,,,3,4,,,,https://www.youtube.com/user/StreetVoiceTV,,,Singer / Songwriter,,,,"「埔里小鎮」，這首歌由戴念國作詞，林淑凌作曲，寰宇天使安琪菈主唱。歌曲陽光輕快充滿活力，描述埔里小鎮風光與人文氣息。埔里鎮座落於台灣地理中心，是一座被中央山脈與盆地地形環抱的「山城」，以純淨甘泉、迷人小鎮風光與深厚手工藝底蘊聞名，素有「四面青山藍色天，舟車轉運到埔里」的地理美譽，是山水交織世外桃源。這裡匯聚了絕佳的天然氣候與豐富的文史藝術，自然風光與人文氣息是埔里的獨特魅力。若稱為台灣第一最具特色的鎮也不為過。 埔里最迷人之處，在於其多元族群（平埔族、漢人、原住民）交融出的包容性，以及由「好水」孕育出的工藝與飲食文化。同樣得益於甘美泉水，歷史悠久的 埔里酒廠 釀造出名聞遐邇的紹興酒。走進酒廠，漫步在酒甕砌成的隧道中，濃郁的酒香撲鼻而來，這份在地風味更延伸至庶民美食。 埔里也是台灣宗教文化的重鎮。由名建築師李祖原設計的 中台禪寺，將現代建築美學與佛教文化完美融合，宏偉雄峙於山巒間。 國立暨南國際大學（簡稱暨大）座落於埔里鎮往日月潭的台21線旁，是台灣少見的高山森林大學。它不僅是一所高等學府，更因為得天獨厚的地理位置與環境，成為埔里最具代表性的人文與自然生態地標。暨大擁有台灣最美的大學綠地與櫻花季，廣達 150 公頃的校園，擁有最著名的一望無際的中央大草皮與上千株的櫻花林，千株櫻花盛宴，寒櫻、八重櫻、山櫻花與富士櫻。每年春季，這裡會舉辦全台知名的「暨大櫻花季」，吸引無數遊客前來。 埔里是一座步調緩慢、內斂卻富有生命力的小鎮。它還是通往日月潭或清境農場的驛站，其山明水秀的天然風光，與揉合了酒香、紙香、茶香的人文厚度，更值得旅人駐足，細細品味這份獨一無二的台灣山城美學。 這首歌曲最難能可貴在於無論歌詞與歌曲都把美麗的埔里，自然風光與人文薈萃情境，經由寰宇天使安琪菈柔美的歌聲完美展現。 
「埔里小鎮」，這首歌由戴念國作詞，林淑凌作曲，寰宇天使安琪菈主唱。歌曲陽光輕快充滿活力，描述埔里小鎮風光與人文氣息。埔里鎮座落於台灣地理中心，是一座被中央山脈與盆地地形環抱的「山城」，以純淨甘泉、迷人小鎮風光與深厚手工藝底蘊聞名，素有「四面青山藍色天，舟車轉運到埔里」的地理美譽，是山水交織世外桃源。這裡匯聚了絕佳的天然氣候與豐富的文史藝術，自然風光與人文氣息是埔里的獨特魅力。若稱為台灣第一最具特色的鎮也不為過。 埔里最迷人之處，在於其多元族群（平埔族、漢人、原住民）交融出的包容性，以及由「好水」孕育出的工藝與飲食文化。同樣得益於甘美泉水，歷史悠久的 埔里酒廠 釀造出名聞遐邇的紹興酒。走進酒廠，漫步在酒甕砌成的隧道中，濃郁的酒香撲鼻而來，這份在地風味更延伸至庶民美食。 埔里也是台灣宗教文化的重鎮。由名建築師李祖原設計的 中台禪寺，將現代建築美學與佛教文化完美融合，宏偉雄峙於山巒間。 國立暨南國際大學（簡稱暨大）座落於埔里鎮往日月潭的台21線旁，是台灣少見的高山森林大學。它不僅是一所高等學府，更因為得天獨厚的地理位置與環境，成為埔里最具代表性的人文與自然生態地標。暨大擁有台灣最美的大學綠地與櫻花季，廣達 150 公頃的校園，擁有最著名的一望無際的中央大草皮與上千株的櫻花林，千株櫻花盛宴，寒櫻、八重櫻、山櫻花與富士櫻。每年春季，這裡會舉辦全台知名的「暨大櫻花季」，吸引無數遊客前來。 埔里是一座步調緩慢、內斂卻富有生命力的小鎮。它還是通往日月潭或清境農場的驛站，其山明水秀的天然風光，與揉合了酒香、紙香、茶香的人文厚度，更值得旅人駐足，細細品味這份獨一無二的台灣山城美學。 這首歌曲最難能可貴在於無論歌詞與歌曲都把美麗的埔里，自然風光與人文薈萃情境，經由寰宇天使安琪菈柔美的歌聲完美展現。","埔里小鎮 作詞：戴念國 作曲：林淑凌 演唱：寰宇天使 安琪菈 山霧輕輕罩 四界青山影 溪水流過巷 古早的厝瓦 地理中心碑 迎著日頭起 風吹稻穗搖 故鄉的滋味 雲佇山頂停 霧隨橋頭行 一條老街 歲月慢慢過 人聲輕輕 笑語溫溫 埔里的時光 毋免這緊趨 埔里小鎮 山圍水繞的城 一杯好茶 一嘴清香味 夢一暝 四季如春 雲霧來相偎 走過桃米 日月潭在邊 心情就快活 埔里小鎮 佇我心內的名 老街燈火 照著歸來的人影 毋問遠近 但願常相逢 這塊土地 最溫柔 是平凡的感動 禪鐘飄過山 林梢風微微 酒廠香氣遠 甜著細漢時 山花開滿坡 蝴蝶飛袂止 漫步暨大園 微風嘛有情 樹木濃又密 山水青又澈 生機盎然 年華慢慢享 人聲輕輕 笑語溫溫 埔里的時光 趣味又有力 埔里小鎮 山圍水繞的城 一杯好茶 一嘴清香味 夢一暝 四季如春 雲霧來相偎 走過桃米 日月潭在邊 心情就快活 埔里小鎮 佇我心內的名 老街燈火 照著歸來的人影 毋問遠近 但願常相逢 這塊土地 最溫柔 是平凡的感動 山也輕輕 水也輕輕 埔里小鎮 永遠的故鄉 月也溫柔 風也溫柔 這裡是我 永遠的深情 
埔里小鎮 作詞：戴念國 作曲：林淑凌 演唱：寰宇天使 安琪菈
山霧輕輕罩 四界青山影 溪水流過巷 古早的厝瓦 地理中心碑 迎著日頭起 風吹稻穗搖 故鄉的滋味
雲佇山頂停 霧隨橋頭行 一條老街 歲月慢慢過 人聲輕輕 笑語溫溫 埔里的時光 毋免這緊趨
埔里小鎮 山圍水繞的城 一杯好茶 一嘴清香味 夢一暝 四季如春 雲霧來相偎 走過桃米 日月潭在邊 心情就快活
埔里小鎮 佇我心內的名 老街燈火 照著歸來的人影 毋問遠近 但願常相逢 這塊土地 最溫柔 是平凡的感動
禪鐘飄過山 林梢風微微 酒廠香氣遠 甜著細漢時 山花開滿坡 蝴蝶飛袂止 漫步暨大園 微風嘛有情
樹木濃又密 山水青又澈 生機盎然 年華慢慢享 人聲輕輕 笑語溫溫 埔里的時光 趣味又有力
埔里小鎮 山圍水繞的城 一杯好茶 一嘴清香味 夢一暝 四季如春 雲霧來相偎 走過桃米 日月潭在邊 心情就快活
埔里小鎮 佇我心內的名 老街燈火 照著歸來的人影 毋問遠近 但願常相逢 這塊土地 最溫柔 是平凡的感動
山也輕輕 水也輕輕 埔里小鎮 永遠的故鄉 月也溫柔 風也溫柔 這裡是我 永遠的深情
留言（ 0 ） 最相關留言 所有留言
留言（ 0 ）",2026-08-28,,,False,False,
2026-08-31 07:34:18,realtime,folk,,,33,欸剖,屬於我們豆G8海端營✨,1,11,0,https://streetvoice.com/applewang940908/songs/876854/,https://streetvoice.com/applewang940908/,"https://akstatic.streetvoice.com/song_covers/ap/pl/applewang940908/HJRM2wANdJSEu257Swcb7e.jpeg?x-oss-process=image/resize,m_fixed,h_1,w_1,limit_0/resize,m_fixed,h_630,w_1200,limit_0/watermark,image_c29uZ19jb3ZlcnMvYXAvcGwvYXBwbGV3YW5nOTQwOTA4L0hKUk0yd0FOZEpTRXUyNTdTd2NiN2UuanBlZz94LW9zcy1wcm9jZXNzPWltYWdlL3Jlc2l6ZSxtX2ZpeGVkLGhfMzQ0LHdfMzQ0LGxpbWl0XzA,g_nw,x_428,y_143/watermark,image_YXNzZXQvaW1hZ2VzL21ldGFpbWFnZS1zb25nLnBuZw,g_nw,x_0,y_0",images/876854.jpeg,@applewang940908,音樂人,台南市,2020-10-01,,1,1,39,,,https://www.youtube.com/user/StreetVoiceTV,,,Singer / Songwriter,,,,,"一起去看海 有許多回憶 住在心底 我會珍惜 要一直一起 暑假時刻 我們在教室裡 嬉皮笑臉 跟著紅豆社們 一起創造出美好回憶 珍藏在心中 讓我們聚在一起吧 部落的動物 都躲在山裡 盯著我們唱歌跳舞 文化很多元 錦屏國小 在海端山腳下 廣原國小 跟朋友來唱歌 海端很好玩 滑著滑板 我們一起玩 跟我來一起來看海 錦屏的天空 好像一幅畫 mihumisang masial kasu 我們是布農 錦屏部落 像灑落的鑽石 坐在橋上 讓我欣賞美景 初來面對面 一起聊天 快樂又充實 玩遊戲 一起小米酒 我在吉娜哺 我是阿美族 上天下地 我都不怕 我住在廣原 我在吃麵 很好吃最好吃 想吃漢堡 哥哥對我很好 謝謝你們啊 你在幹嘛 唱歌大聲唱 真好聽 大家都開心 
一起去看海 有許多回憶 住在心底 我會珍惜 要一直一起 暑假時刻 我們在教室裡 嬉皮笑臉 跟著紅豆社們 一起創造出美好回憶 珍藏在心中 讓我們聚在一起吧
部落的動物 都躲在山裡 盯著我們唱歌跳舞 文化很多元 錦屏國小 在海端山腳下 廣原國小 跟朋友來唱歌 海端很好玩 滑著滑板 我們一起玩 跟我來一起來看海
錦屏的天空 好像一幅畫 mihumisang masial kasu 我們是布農 錦屏部落 像灑落的鑽石 坐在橋上 讓我欣賞美景 初來面對面 一起聊天 快樂又充實 玩遊戲 一起小米酒
我在吉娜哺 我是阿美族 上天下地 我都不怕 我住在廣原 我在吃麵 很好吃最好吃 想吃漢堡 哥哥對我很好 謝謝你們啊 你在幹嘛 唱歌大聲唱 真好聽 大家都開心
留言（ 0 ） 最相關留言 所有留言
留言（ 0 ）",2026-08-28,,,False,False,
2026-08-31 07:34:18,realtime,folk,,,34,邱淑蟬,扭緪,2,20,0,https://streetvoice.com/shuchan_chiu/songs/876872/,https://streetvoice.com/shuchan_chiu/,"https://akstatic.streetvoice.com/song_covers/sh/uc/shuchan_chiu/ZXb6CmDLUhgEHDsYdbWkLF.jpeg?x-oss-process=image/resize,m_fixed,h_1,w_1,limit_0/resize,m_fixed,h_630,w_1200,limit_0/watermark,image_c29uZ19jb3ZlcnMvc2gvdWMvc2h1Y2hhbl9jaGl1L1pYYjZDbURMVWhnRUhEc1lkYldrTEYuanBlZz94LW9zcy1wcm9jZXNzPWltYWdlL3Jlc2l6ZSxtX2ZpeGVkLGhfMzQ0LHdfMzQ0LGxpbWl0XzA,g_nw,x_428,y_143/watermark,image_YXNzZXQvaW1hZ2VzL21ldGFpbWFnZS1zb25nLnBuZw,g_nw,x_0,y_0",images/876872.jpeg,@shuchan_chiu,音樂人,,,2021-10-08 15:18,7,641,7,https://www.facebook.com/shuchanchiu1997,https://www.instagram.com/enidisme_music/,https://www.youtube.com/user/StreetVoiceTV,邱淑蟬邀製作人蕭賀碩、大象體操涂嘉欽 打造全新EP《無爭》|||https://blow.streetvoice.com/89185/?utm_source=streetvoice&utm_medium=profile-news-block; 邱淑蟬攜手鄭寶欣、好日、樂凡 打造跨國多語單曲〈定定仔行〉|||https://blow.streetvoice.com/84993/?utm_source=streetvoice&utm_medium=profile-news-block; 薄荷綠工廠推出首張創作專輯前導單曲〈That Day〉邀邱淑蟬、Deca joins 打擊樂手杜哲欣合作|||https://blow.streetvoice.com/75995/?utm_source=streetvoice&utm_medium=profile-news-block,,Folk,無爭 Metamorphosing,https://streetvoice.com/shuchan_chiu/songs/album/97325992/,,"扭緪 Hold Tight 詞曲 Lyricist＆Composer｜邱淑蟬 Shuchan Chiu 製作人 Producer｜蕭賀碩 Shuo Hsiao 編曲 Music Arranger｜涂嘉欽Chia-Chin Tu、牛楷 Kai New、陳啟原 Curtis Chan、蕭賀碩 Shuo Hsiao 鼓 Drums｜涂嘉欽Chia-Chin Tu 貝斯 Bass｜牛楷 Kai New 電吉他 E. Guitar｜陳啟原 Curtis Chan 人聲錄音工程師及錄音室 Vocal Recording Engineer＆Studio｜陳以霖 Yi-Lin Chen @大小眼錄音室Twin Eyes Studio 錄音工程師及錄音室 Recording Engineer＆Studio｜康奇維 Kiwi Kang @淺動藝文 Micro Movement Arts、于世政 Shin-Cheng Yu @Lights Up Studio 助理錄音工程師及錄音室 Assistant Recording Engineer & Studio｜陳佳穎 Chia-Ying Chen @Lights Up Studio 混音工程師 Mixing Engineer｜林正忠 Jerry Lin @Robot Studio 母帶後期處理工程師及錄音室 Mastering Engineer ＆ Studio｜孫仲舒 Chung-Shu Sun@鈺德科技 U-Tech MT Studio 母帶後期處理製作人 Mastering Producer｜蕭賀碩 Shuo Hsiao 企劃宣傳 Project Planning & Promotion｜曾楚芳 Matilda Tseng 視覺設計 Visual Designer｜周雨衛 Viter Chou、謝沛宸 Anmy Hsieh 平面攝影 Photographer｜柳妘儒 Yunju Liu 攝影助理 Photographer Assistant｜陳泱丞 Dozz Chen 攝影燈光 Photographer Gaffer｜Jeremii Fan 妝髮 Hair＆Makeup｜鍾其甫Ooioh 妝髮助理 Hair＆Makeup Assistant｜陳姿秀 Heena Chen 客語歌詞校正 Language counselor of Hakka lyrics｜鄭育淇 
扭緪 Hold Tight
詞曲 Lyricist＆Composer｜邱淑蟬 Shuchan Chiu 製作人 Producer｜蕭賀碩 Shuo Hsiao 編曲 Music Arranger｜涂嘉欽Chia-Chin Tu、牛楷 Kai New、陳啟原 Curtis Chan、蕭賀碩 Shuo Hsiao 鼓 Drums｜涂嘉欽Chia-Chin Tu 貝斯 Bass｜牛楷 Kai New 電吉他 E. Guitar｜陳啟原 Curtis Chan 人聲錄音工程師及錄音室 Vocal Recording Engineer＆Studio｜陳以霖 Yi-Lin Chen @大小眼錄音室Twin Eyes Studio 錄音工程師及錄音室 Recording Engineer＆Studio｜康奇維 Kiwi Kang @淺動藝文 Micro Movement Arts、于世政 Shin-Cheng Yu @Lights Up Studio 助理錄音工程師及錄音室 Assistant Recording Engineer & Studio｜陳佳穎 Chia-Ying Chen @Lights Up Studio 混音工程師 Mixing Engineer｜林正忠 Jerry Lin @Robot Studio
母帶後期處理工程師及錄音室 Mastering Engineer ＆ Studio｜孫仲舒 Chung-Shu Sun@鈺德科技 U-Tech MT Studio 母帶後期處理製作人 Mastering Producer｜蕭賀碩 Shuo Hsiao 企劃宣傳 Project Planning & Promotion｜曾楚芳 Matilda Tseng 視覺設計 Visual Designer｜周雨衛 Viter Chou、謝沛宸 Anmy Hsieh 平面攝影 Photographer｜柳妘儒 Yunju Liu 攝影助理 Photographer Assistant｜陳泱丞 Dozz Chen 攝影燈光 Photographer Gaffer｜Jeremii Fan 妝髮 Hair＆Makeup｜鍾其甫Ooioh 妝髮助理 Hair＆Makeup Assistant｜陳姿秀 Heena Chen 客語歌詞校正 Language counselor of Hakka lyrics｜鄭育淇","有一久 無聽自家講話 有多久沒聽自己說話 iuˊ idˋ giuˋ moˇ tangˊ cii gaˊ gongˋ fa 分時間牽著仔走 被時間牽著走 bunˊ siiˊ gienˊ kianˊ none e hangˇ 嗄毋知亻厓到底想去哪位 卻不知道我到底想去哪裡 sa mˇ diˊ ngaiˇ do daiˋ xiongˋ hi nai vi 有一久 無好好照鏡 有多久沒好好照鏡子 iuˊ idˋ giuˋ moˇ hoˋ hoˋ zeu giang 分時間牽著仔行 被時間牽著走 bunˊsiiˊ gienˊ kianˊ none e hangˇ 嗄毋知亻厓到底想去哪位 卻不知道我到底想去哪裡 sa mˇ diˊ ngaiˇ do daiˋ xiongˋ hi nai vi 還赴得著麼 還赴得著麼 還來得及嗎 還來得及嗎 hanˇ fu e cadˋ moˇ 打開亻厓个生活 打開我的生活 daˋ koiˊ ngaiˇ ge senˊ fad 一行一行寫下來 Idˋ hongˇ idˋ hongˇ xiaˋ haˊ loiˇ 一條一條記轉來 idˋ tiauˇ idˋ tiauˇ gi zonˋ loiˇ 為了麼个㖸 為了麼个噭 為了什麼而笑 為了什麼而哭 vi liauˋ maˋ ge nagˋ vi liauˋ maˋ ge gieu 係亻厓記得 係亻厓記得 如果我記得 如果我記得 he ngaiˇ gi dedˋ he ngaiˇ gi dedˋ 就盼得 就捨得 qiu pan dedˋ 
有一久 無聽自家講話 有多久沒聽自己說話 iuˊ idˋ giuˋ moˇ tangˊ cii gaˊ gongˋ fa
分時間牽著仔走 被時間牽著走 bunˊ siiˊ gienˊ kianˊ none e hangˇ
嗄毋知亻厓到底想去哪位 卻不知道我到底想去哪裡 sa mˇ diˊ ngaiˇ do daiˋ xiongˋ hi nai vi
有一久 無好好照鏡 有多久沒好好照鏡子 iuˊ idˋ giuˋ moˇ hoˋ hoˋ zeu giang
分時間牽著仔行 被時間牽著走 bunˊsiiˊ gienˊ kianˊ none e hangˇ
嗄毋知亻厓到底想去哪位 卻不知道我到底想去哪裡 sa mˇ diˊ ngaiˇ do daiˋ xiongˋ hi nai vi
還赴得著麼 還赴得著麼 還來得及嗎 還來得及嗎 hanˇ fu e cadˋ moˇ
打開亻厓个生活 打開我的生活 daˋ koiˊ ngaiˇ ge senˊ fad
一行一行寫下來 Idˋ hongˇ idˋ hongˇ xiaˋ haˊ loiˇ 一條一條記轉來 idˋ tiauˇ idˋ tiauˇ gi zonˋ loiˇ
為了麼个㖸 為了麼个噭 為了什麼而笑 為了什麼而哭 vi liauˋ maˋ ge nagˋ vi liauˋ maˋ ge gieu
係亻厓記得 係亻厓記得 如果我記得 如果我記得 he ngaiˇ gi dedˋ he ngaiˇ gi dedˋ
就盼得 就捨得 qiu pan dedˋ
留言（ 0 ） 最相關留言 所有留言
留言（ 0 ）",2026-08-28,,,False,False,
2026-08-31 07:34:18,realtime,folk,,,35,日生人又 Shinio,春分,4,318,1,https://streetvoice.com/shinio/songs/875640/,https://streetvoice.com/shinio/,"https://akstatic.streetvoice.com/song_covers/sh/in/shinio/cAB4uVxWyXXqsKNDnjXozB.jpeg?x-oss-process=image/resize,m_fixed,h_1,w_1,limit_0/resize,m_fixed,h_630,w_1200,limit_0/watermark,image_c29uZ19jb3ZlcnMvc2gvaW4vc2hpbmlvL2NBQjR1VnhXeVhYcXNLTkRualhvekIuanBlZz94LW9zcy1wcm9jZXNzPWltYWdlL3Jlc2l6ZSxtX2ZpeGVkLGhfMzQ0LHdfMzQ0LGxpbWl0XzA,g_nw,x_428,y_143/watermark,image_YXNzZXQvaW1hZ2VzL21ldGFpbWFnZS1zb25nLnBuZw,g_nw,x_0,y_0",images/875640.jpeg,@shinio,音樂人,台灣,2020-04-01,,3,7,13,,,https://www.youtube.com/user/StreetVoiceTV,,,Folk,,,,"書寫好像總能帶我走出生活的困境 把虛無縹緲的思緒寫下後 能感覺到雙腳重新踩在地面上 生活的紛擾、迷惘無可避免 能在一往無前與逃避之間找到一點平衡 也許也是一件好事 --------- 這首的編曲、製作來自Noe 他大概是我生活中為數不多 專心在研究音樂製作的朋友 每次去錄音室都學到滿多錄音介面操作 和錄音的一些小技巧 實在感恩 雖然音樂製作的世界廣闊無邊 希望我們都能慢慢做出自己喜歡的聲音 詞曲/封面：Shinio 編曲/和聲/混音：Noe 
書寫好像總能帶我走出生活的困境 把虛無縹緲的思緒寫下後 能感覺到雙腳重新踩在地面上
生活的紛擾、迷惘無可避免 能在一往無前與逃避之間找到一點平衡 也許也是一件好事 --------- 這首的編曲、製作來自Noe 他大概是我生活中為數不多 專心在研究音樂製作的朋友
每次去錄音室都學到滿多錄音介面操作 和錄音的一些小技巧 實在感恩
雖然音樂製作的世界廣闊無邊 希望我們都能慢慢做出自己喜歡的聲音
詞曲/封面：Shinio 編曲/和聲/混音：Noe","生活一遍一遍 抽絲剝繭 撥不開千絲萬縷 理不清情絲深淺 寫了一篇一篇 徹夜未眠 零碎的片語隻言 放進字裡行間 生命一天一天 宛如飛煙 華月芳年 珍惜所念 在離開之前 萬般流連 歲歲年年 唯有一往無前 願翻越重山去找 把年華寫成詩 雲邊燕子往南飛走 就跟隨他 隨風飄盪遠走 生活太多紛擾 城市擁擠著喧囂 濃霧遮蓋蔽他的雙眼 讓風洗淨它 恰如初生模樣 
生活一遍一遍 抽絲剝繭 撥不開千絲萬縷 理不清情絲深淺
寫了一篇一篇 徹夜未眠 零碎的片語隻言 放進字裡行間
生命一天一天 宛如飛煙 華月芳年 珍惜所念
在離開之前 萬般流連 歲歲年年 唯有一往無前
願翻越重山去找 把年華寫成詩 雲邊燕子往南飛走 就跟隨他 隨風飄盪遠走
生活太多紛擾 城市擁擠著喧囂 濃霧遮蓋蔽他的雙眼 讓風洗淨它 恰如初生模樣
留言（ 1 ） 最相關留言 所有留言
留言（ 1 ）",2026-08-20,,編輯推薦,True,False,
2026-08-31 07:34:18,realtime,folk,,,36,e_lan,日常遺忘,1,10,0,https://streetvoice.com/e_lan/songs/876669/,https://streetvoice.com/e_lan/,"https://akstatic.streetvoice.com/song_covers/e_/la/e_lan/jshP9Zjr442Ns2sT6B65mB.jpeg?x-oss-process=image/resize,m_fixed,h_1,w_1,limit_0/resize,m_fixed,h_630,w_1200,limit_0/watermark,image_c29uZ19jb3ZlcnMvZV8vbGEvZV9sYW4vanNoUDlaanI0NDJOczJzVDZCNjVtQi5qcGVnP3gtb3NzLXByb2Nlc3M9aW1hZ2UvcmVzaXplLG1fZml4ZWQsaF8zNDQsd18zNDQsbGltaXRfMA,g_nw,x_428,y_143/watermark,image_YXNzZXQvaW1hZ2VzL21ldGFpbWFnZS1zb25nLnBuZw,g_nw,x_0,y_0",images/876669.jpeg,@e_lan,音樂人,雲林縣,2022-06-01,,4,30,9,,,https://www.youtube.com/user/StreetVoiceTV,,,Folk,,,,"2022年夏天寫的，已經是四年前了，是四年前的那個台南12樓的房間的聲音，是四年前的我的聲音。 上網求助發現，很多人跟我一樣，因為語音備忘錄的取代功能而遺失了重要的片段，稍微救了一下，想說好吧，傳上來好了。 因為是我珍貴的回憶。 
2022年夏天寫的，已經是四年前了，是四年前的那個台南12樓的房間的聲音，是四年前的我的聲音。 上網求助發現，很多人跟我一樣，因為語音備忘錄的取代功能而遺失了重要的片段，稍微救了一下，想說好吧，傳上來好了。 因為是我珍貴的回憶。","你是一本書 被我買回家 放了兩年沒看 那兩張畫布 我們買回家 擺了兩年沒畫 是什麼事情 被我們遺忘 不敢輕易揭曉 也不願意丟掉 你是那本書 有自己的想法 我還是沒把你翻開 那兩張畫布 每天看我回家 等我發現自己想畫畫 是什麼事情 被我們遺忘 決定和你在一起 卻沒好好看過你 是什麼原因我們漸漸遺忘 想做的那件事情 早就在那裡 日常遺忘的事情 錢包鑰匙沒帶齊 偶爾想起那把琴 靜靜躺在房間裡 日常遺忘的事情 雨水滋養了大地 月亮現在在哪裡 我擁有愛人的能力 日常遺忘的事情 自己最了解自己 最想逃避的事情 三餐飯後關心你 日常遺忘的事情 身邊好多人愛你 日常遺忘的事情 日常反覆練習 
你是一本書 被我買回家 放了兩年沒看 那兩張畫布 我們買回家 擺了兩年沒畫
是什麼事情 被我們遺忘 不敢輕易揭曉 也不願意丟掉
你是那本書 有自己的想法 我還是沒把你翻開 那兩張畫布 每天看我回家 等我發現自己想畫畫
是什麼事情 被我們遺忘 決定和你在一起 卻沒好好看過你 是什麼原因我們漸漸遺忘 想做的那件事情 早就在那裡
日常遺忘的事情 錢包鑰匙沒帶齊 偶爾想起那把琴 靜靜躺在房間裡
日常遺忘的事情 雨水滋養了大地 月亮現在在哪裡 我擁有愛人的能力
日常遺忘的事情 自己最了解自己 最想逃避的事情 三餐飯後關心你
日常遺忘的事情 身邊好多人愛你 日常遺忘的事情 日常反覆練習
留言（ 0 ） 最相關留言 所有留言
留言（ 0 ）",2026-08-27,,,False,False,
2026-08-31 07:34:18,realtime,folk,,,37,幸運空氣,陪你來看海,7,1356,0,https://streetvoice.com/luckyair43/songs/875207/,https://streetvoice.com/luckyair43/,"https://akstatic.streetvoice.com/song_covers/lu/ck/luckyair43/D7ucy8a7hwmNCanehWQxLC.jpeg?x-oss-process=image/resize,m_fixed,h_1,w_1,limit_0/resize,m_fixed,h_630,w_1200,limit_0/watermark,image_c29uZ19jb3ZlcnMvbHUvY2svbHVja3lhaXI0My9EN3VjeThhN2h3bU5DYW5laFdReExDLmpwZWc_eC1vc3MtcHJvY2Vzcz1pbWFnZS9yZXNpemUsbV9maXhlZCxoXzM0NCx3XzM0NCxsaW1pdF8w,g_nw,x_428,y_143/watermark,image_YXNzZXQvaW1hZ2VzL21ldGFpbWFnZS1zb25nLnBuZw,g_nw,x_0,y_0",images/875207.jpeg,@luckyair43,音樂人,,,2021-06-04 17:58,92,231,75,https://www.facebook.com/airway777,https://www.instagram.com/luckyair777,https://www.youtube.com/channel/UChSEkR8gHUBkx0IsCfR1xwA/about,告別誠品生活 116 強辯樂團與幸運空氣勾起共同的青春回憶|||https://blow.streetvoice.com/15610/?utm_source=streetvoice&utm_medium=profile-news-block; 【歌單】謙虛勤勉的小書蟲——處女座|||https://blow.streetvoice.com/35796/?utm_source=streetvoice&utm_medium=profile-news-block; 2015 年度 StreetVoice 音樂作品人氣榜 TOP 50|||https://blow.streetvoice.com/16431/?utm_source=streetvoice&utm_medium=profile-news-block,,Singer / Songwriter,,,,"《陪你來看海》是一首以台語書寫的抒情單曲。歌詞從海上緩緩行過的船寫起,夏日蟬鳴與海風交織成一段藏在心底的思念——那些寫給你的話,依然留在記憶裡,而每個夏天,都想再帶你去看一次海。 歌曲以簡單質樸的台語意象——船、海湧、蟬聲、風——描繪出一份安靜卻深刻的陪伴與等待。「陪你安靜等待,等每一個夏天」,不只是等一片海景,更是等一份不變的心意。整首歌沒有華麗的詞藻,卻在平淡中透出「為夢堅持」的溫柔力量,適合作為夏日單曲發行,傳遞思念與陪伴的情感。 
《陪你來看海》是一首以台語書寫的抒情單曲。歌詞從海上緩緩行過的船寫起,夏日蟬鳴與海風交織成一段藏在心底的思念——那些寫給你的話,依然留在記憶裡,而每個夏天,都想再帶你去看一次海。 歌曲以簡單質樸的台語意象——船、海湧、蟬聲、風——描繪出一份安靜卻深刻的陪伴與等待。「陪你安靜等待,等每一個夏天」,不只是等一片海景,更是等一份不變的心意。整首歌沒有華麗的詞藻,卻在平淡中透出「為夢堅持」的溫柔力量,適合作為夏日單曲發行,傳遞思念與陪伴的情感。","海上的船 慢慢行過 夏天歌聲 日頭下響起 同款的所在 咱擱經過 不管是誰 攏會佇遐看 海的美麗 蟬仔聲響 希望你會快樂 風吹海湧 依然聽到彼首歌 寫給你的話 甘猶原佇心內底 每一個夏天 我攏欲帶你來看海 想陪你來看海 看無底止的藍天 留下所有記憶 攏有你的名字 陪你安靜等待 等每一個夏天 咱攏欲去海邊 看海湧隨風起 一切尚有意義 就是咱 為 夢 堅 持 蟬仔聲響 希望你會快樂 風吹海湧 依然聽到彼首歌 寫給你的話 甘猶原佇心內底 每一個夏天 我攏欲帶你來看海 想陪你來看海 看無底止的藍天 留下所有記憶 攏有你的名字 陪你安靜等待 等每一個夏天 咱攏欲去海邊 看海湧隨風起 一切尚有意義 就是咱為夢堅持 為夢堅持～ 
海上的船 慢慢行過 夏天歌聲 日頭下響起 同款的所在 咱擱經過 不管是誰 攏會佇遐看 海的美麗
蟬仔聲響 希望你會快樂 風吹海湧 依然聽到彼首歌 寫給你的話 甘猶原佇心內底 每一個夏天 我攏欲帶你來看海
想陪你來看海 看無底止的藍天 留下所有記憶 攏有你的名字
陪你安靜等待 等每一個夏天 咱攏欲去海邊 看海湧隨風起 一切尚有意義 就是咱 為 夢 堅 持
蟬仔聲響 希望你會快樂 風吹海湧 依然聽到彼首歌 寫給你的話 甘猶原佇心內底 每一個夏天 我攏欲帶你來看海
想陪你來看海 看無底止的藍天 留下所有記憶 攏有你的名字
陪你安靜等待 等每一個夏天 咱攏欲去海邊 看海湧隨風起 一切尚有意義 就是咱為夢堅持 為夢堅持～
留言（ 0 ） 最相關留言 所有留言
留言（ 0 ）",2026-08-21,,編輯推薦,True,False,
2026-08-31 07:34:18,realtime,folk,,,38,Margo,橄欖色的熊熊奧利佛（demo）,1,53,0,https://streetvoice.com/Margo0_____0hblotus/songs/876746/,https://streetvoice.com/Margo0_____0hblotus/,"https://akstatic.streetvoice.com/profile_images/Ma/rg/Margo0_____0hblotus/o4fy7vMk2AyUVQ5wGUyoDt.jpg?x-oss-process=image/resize,m_fixed,h_1,w_1,limit_0/resize,m_fixed,h_630,w_1200,limit_0/watermark,image_cHJvZmlsZV9pbWFnZXMvTWEvcmcvTWFyZ28wX19fX18waGJsb3R1cy9vNGZ5N3ZNazJBeVVWUTV3R1V5b0R0LmpwZz94LW9zcy1wcm9jZXNzPWltYWdlL3Jlc2l6ZSxtX2ZpeGVkLGhfMzQ0LHdfMzQ0LGxpbWl0XzA,g_nw,x_428,y_143/watermark,image_YXNzZXQvaW1hZ2VzL21ldGFpbWFnZS1zb25nLnBuZw,g_nw,x_0,y_0",images/876746.jpg,@Margo0_____0hblotus,音樂人,台北市,2019-10-01,,1,1,29,,,https://www.youtube.com/user/StreetVoiceTV,,,Singer / Songwriter,,,東尼虎,"詞／曲：Margo 吉他：Tony WU - 就是很生的demo，大哥哥大姐姐鞭小力一點。 
詞／曲：Margo 吉他：Tony WU - 就是很生的demo，大哥哥大姐姐鞭小力一點。","Few things she can recall Back when they were not this old Her hair wasn’t long Like a bear, he was already strong She barely made a sound His voice was loud So he took on the duty to her it belonged Green is her favorite color She was so quiet that didn’t even seemed to born in August Only Oliver knew she’s inside a monster burning with fire when she was sorted a liar the one who gave her his trust was Oliver It was Oliver Leaving school, he put on camouflaged uniform Though holidays are treasure he still spent on taking a bus to watch her perform On the stage that was thousand miles away from home He never thought about showing up in her song Green is her favorite color She was so quiet that didn’t even seemed to born in August Only Oliver knew she’s inside a monster burning with fire when she was sorted a liar the one who gave her his trust was Oliver It was Oliver Her hair is now longer But he gets thinner and thinner Still he’s there And she is always there And she is always there 
Few things she can recall Back when they were not this old Her hair wasn’t long Like a bear, he was already strong She barely made a sound His voice was loud So he took on the duty to her it belonged
Green is her favorite color She was so quiet that didn’t even seemed to born in August Only Oliver knew she’s inside a monster burning with fire when she was sorted a liar the one who gave her his trust was Oliver It was Oliver
Leaving school, he put on camouflaged uniform Though holidays are treasure he still spent on taking a bus to watch her perform On the stage that was thousand miles away from home He never thought about showing up in her song
Green is her favorite color She was so quiet that didn’t even seemed to born in August Only Oliver knew she’s inside a monster burning with fire when she was sorted a liar the one who gave her his trust was Oliver It was Oliver
Her hair is now longer But he gets thinner and thinner Still he’s there And she is always there And she is always there
留言（ 0 ） 最相關留言 所有留言
留言（ 0 ）",2026-08-28,,,False,False,
2026-08-31 07:34:18,realtime,folk,,,39,西门周安,无聊慢歌,1,3,0,https://streetvoice.com/simonjoanne2026/songs/876724/,https://streetvoice.com/simonjoanne2026/,"https://akstatic.streetvoice.com/music_albums/si/mo/simonjoanne2026/V2hLcP3CoRLQqHUbW5HxAW.jpeg?x-oss-process=image/resize,m_fixed,h_1,w_1,limit_0/resize,m_fixed,h_630,w_1200,limit_0/watermark,image_bXVzaWNfYWxidW1zL3NpL21vL3NpbW9uam9hbm5lMjAyNi9WMmhMY1AzQ29STFFxSFViVzVIeEFXLmpwZWc_eC1vc3MtcHJvY2Vzcz1pbWFnZS9yZXNpemUsbV9maXhlZCxoXzM0NCx3XzM0NCxsaW1pdF8w,g_nw,x_428,y_143/watermark,image_YXNzZXQvaW1hZ2VzL21ldGFpbWFnZS1zb25nLnBuZw,g_nw,x_0,y_0",images/876724.jpeg,@simonjoanne2026,音樂人,北京,2026-06-01,,8,2,2,,,https://www.youtube.com/user/StreetVoiceTV,,,Folk,千禧宝贝,https://streetvoice.com/simonjoanne2026/songs/album/97325984/,,"作曲/作曲/编曲/混音/录音/演唱：西门周安 无聊慢歌可能是全专情绪最低谷、表达最消极的时刻，西门周安将处在26岁这个时间点上产生的所有迟疑、恐惧、焦虑、麻木、逃避、和解一股脑全写进了歌词，似乎这一代还有无数个类似的人生都被卡在了阈限空间里。 在编曲上，这是全专第一首进入舒缓氛围的歌曲，但在朦胧环绕的氛围中，节奏律动依旧在暗处涌动，并在最后彻底接过了听感的方向盘，将歌曲重新带回了俱乐部场景。 
作曲/作曲/编曲/混音/录音/演唱：西门周安 无聊慢歌可能是全专情绪最低谷、表达最消极的时刻，西门周安将处在26岁这个时间点上产生的所有迟疑、恐惧、焦虑、麻木、逃避、和解一股脑全写进了歌词，似乎这一代还有无数个类似的人生都被卡在了阈限空间里。 在编曲上，这是全专第一首进入舒缓氛围的歌曲，但在朦胧环绕的氛围中，节奏律动依旧在暗处涌动，并在最后彻底接过了听感的方向盘，将歌曲重新带回了俱乐部场景。","在一个黑白世界里 永远保持光鲜亮丽 自信的感觉让人着迷 未来如何我不考虑 我所谓的人生路径 被卡在阈限空间里 兜兜转转总走不出去 回望只剩胆战心惊 不知是该感谢自己 还是后悔曾经决定 一边渲染过度的恐惧 一边沉溺幻梦愿景 每当生活不如人意 就当这是一场电影 总要点曲折才够刺激 也许过后会有惊喜 是早被侵蚀的初心 还是最庸俗的目的 他们说两手都要抓紧 我却走出两片狼藉 望向未来生产焦虑 活在今天麻痹自己 回顾过去再搜集悔意 关上了窗门也紧闭 不知是该感谢自己 还是后悔曾经决定 一边渲染过度的恐惧 一边沉溺幻梦愿景 每当生活不如人意 就当这是一场电影 总要点曲折才够刺激 也许最后会有转机 
在一个黑白世界里 永远保持光鲜亮丽 自信的感觉让人着迷 未来如何我不考虑 我所谓的人生路径 被卡在阈限空间里 兜兜转转总走不出去 回望只剩胆战心惊
不知是该感谢自己 还是后悔曾经决定 一边渲染过度的恐惧 一边沉溺幻梦愿景 每当生活不如人意 就当这是一场电影 总要点曲折才够刺激 也许过后会有惊喜
是早被侵蚀的初心 还是最庸俗的目的 他们说两手都要抓紧 我却走出两片狼藉 望向未来生产焦虑 活在今天麻痹自己 回顾过去再搜集悔意 关上了窗门也紧闭
不知是该感谢自己 还是后悔曾经决定 一边渲染过度的恐惧 一边沉溺幻梦愿景 每当生活不如人意 就当这是一场电影 总要点曲折才够刺激 也许最后会有转机
留言（ 0 ） 最相關留言 所有留言
留言（ 0 ）",2026-08-27,,,False,False,
2026-08-31 07:34:18,realtime,folk,,,40,Cynthia,你會喜歡我,11,441,2,https://streetvoice.com/cynthiiia/songs/875287/,https://streetvoice.com/cynthiiia/,"https://akstatic.streetvoice.com/song_covers/cy/nt/cynthiiia/LDf3va2e7CHkLfZ4WRt3i3.jpeg?x-oss-process=image/resize,m_fixed,h_1,w_1,limit_0/resize,m_fixed,h_630,w_1200,limit_0/watermark,image_c29uZ19jb3ZlcnMvY3kvbnQvY3ludGhpaWlhL0xEZjN2YTJlN0NIa0xmWjRXUnQzaTMuanBlZz94LW9zcy1wcm9jZXNzPWltYWdlL3Jlc2l6ZSxtX2ZpeGVkLGhfMzQ0LHdfMzQ0LGxpbWl0XzA,g_nw,x_428,y_143/watermark,image_YXNzZXQvaW1hZ2VzL21ldGFpbWFnZS1zb25nLnBuZw,g_nw,x_0,y_0",images/875287.jpeg,@cynthiiia,音樂人,新北市,2020-11-01,2025-08-01 14:16,11,78,25,,https://www.instagram.com/cynthiiia_t,https://youtube.com/@cynthia6135,,,Singer / Songwriter,,,,"這首歌，致不善表達的你 這些...就是你愛我的原因對吧˚ʚ♡ɞ˚ 作詞Lyricist | Cynthia 作曲Composer | Cynthia 編曲Arranger | CAsPER 混音Mixing Engineer | CAsPER 製作人Producer | Cynthia,CAsPER 
這首歌，致不善表達的你 這些...就是你愛我的原因對吧˚ʚ♡ɞ˚
作詞Lyricist | Cynthia 作曲Composer | Cynthia 編曲Arranger | CAsPER 混音Mixing Engineer | CAsPER 製作人Producer | Cynthia,CAsPER","你會喜歡我側臉的輪廓 你會喜歡我自信的笑容 我知道你不會說出來 沒關係就讓我來猜 自律有條理偶爾有點感性的理性 還有顆感恩的心 附加少一根筋 都是為了你 連過馬路都很小心 錯過了班機 不小心拖累你 I'm Sorry 研究了規則 卻還是失算的Disney 想證明我可以 也許還需要再練習 已經成為這趟旅程最好的紀念品 我懂你習慣用行動表達 就算我又搞砸 應該也很可愛吧？ 微笑看著我在你前鏡頭 無可抵擋的光 無可取代的寶藏 是這樣對嗎？ 你會心疼我流淚的時候 想做點什麼卻不知所措 我知道你能感同身受 一個擁抱 就當你都懂 成熟不吵不鬧 整理好情緒再來溝通 絕不委屈自己也不會讓你難受 怎麼捨得放手 生活被工作填滿 還是把你放第一 能一個人吃飯 但有你會更開心 兩條平行線的相遇 算是我還是你幸運 就算我愛你也不會失去自己 我懂你習慣用行動表達 就算我又搞砸 應該也很可愛吧？ 微笑看著我在你前鏡頭 無可抵擋的光 無可取代的寶藏 是這樣對嗎？ 你會喜歡我 不強求你說 再更喜歡我 如果沒猜錯 
你會喜歡我側臉的輪廓 你會喜歡我自信的笑容 我知道你不會說出來 沒關係就讓我來猜
自律有條理偶爾有點感性的理性 還有顆感恩的心 附加少一根筋 都是為了你 連過馬路都很小心
錯過了班機 不小心拖累你 I'm Sorry 研究了規則 卻還是失算的Disney 想證明我可以 也許還需要再練習 已經成為這趟旅程最好的紀念品
我懂你習慣用行動表達 就算我又搞砸 應該也很可愛吧？ 微笑看著我在你前鏡頭 無可抵擋的光 無可取代的寶藏 是這樣對嗎？
你會心疼我流淚的時候 想做點什麼卻不知所措 我知道你能感同身受 一個擁抱 就當你都懂 成熟不吵不鬧 整理好情緒再來溝通 絕不委屈自己也不會讓你難受 怎麼捨得放手
生活被工作填滿 還是把你放第一 能一個人吃飯 但有你會更開心 兩條平行線的相遇 算是我還是你幸運 就算我愛你也不會失去自己
我懂你習慣用行動表達 就算我又搞砸 應該也很可愛吧？ 微笑看著我在你前鏡頭 無可抵擋的光 無可取代的寶藏 是這樣對嗎？
你會喜歡我 不強求你說 再更喜歡我 如果沒猜錯
留言（ 2 ） 最相關留言 所有留言
留言（ 2 ）",2026-08-18,,編輯推薦,True,False,
2026-08-31 07:34:18,realtime,folk,,,41,LÜCY,Looking at me,291,15322,11,https://streetvoice.com/lucymeow/songs/869888/,https://streetvoice.com/lucymeow/,"https://akstatic.streetvoice.com/song_covers/lu/cy/lucymeow/ZNGfN8PgCB3jdwf5xUL85h.jpeg?x-oss-process=image/resize,m_fixed,h_1,w_1,limit_0/resize,m_fixed,h_630,w_1200,limit_0/watermark,image_c29uZ19jb3ZlcnMvbHUvY3kvbHVjeW1lb3cvWk5HZk44UGdDQjNqZHdmNXhVTDg1aC5qcGVnP3gtb3NzLXByb2Nlc3M9aW1hZ2UvcmVzaXplLG1fZml4ZWQsaF8zNDQsd18zNDQsbGltaXRfMA,g_nw,x_428,y_143/watermark,image_YXNzZXQvaW1hZ2VzL21ldGFpbWFnZS1zb25nLnBuZw,g_nw,x_0,y_0",images/869888.jpeg,@lucymeow,音樂人,桃園市,2020-10-01,,24,11325,,https://www.facebook.com/Lucyfairygood,https://instagram.com/_lucyliao_,https://www.youtube.com/@LUCY-kc7zz,金音獎得主LÜCY親飛挪威製作全新EP 攜手「挪威流行女巫」Moyka合作單曲〈LOOP〉|||https://blow.streetvoice.com/89723/?utm_source=streetvoice&utm_medium=profile-news-block; 「PARK PARK@Tokyo」把現在的台灣音樂帶到東京！鄭宜農、陳珊妮、生祥樂隊、YELLOW黃宣、LÜCY接力登上東京舞台|||https://blow.streetvoice.com/87721/?utm_source=streetvoice&utm_medium=profile-news-block; LÜCY相隔兩年回歸台北舉辦專場《露西姑媽 2025晚安巡演》透露「專場會比專輯更私密、更純粹」|||https://blow.streetvoice.com/80100/?utm_source=streetvoice&utm_medium=profile-news-block,,Singer / Songwriter,,,,"建立在令人起雞皮疙瘩的合成器聲響、深沉低頻與緩慢燃燒般的節奏之上，〈Looking at Me〉瀰漫著一種揮之不去的不安感。 這首歌取材自 LÜCY 過去生命中最黑暗的時期之一，穿梭於恐懼、記憶、自我認同，以及那種彷彿被注視著的詭異感受之間。 作詞 Lyricist｜LÜCY, Ben 作曲 Composer｜LÜCY, Eirik Hella 製作 Producer｜LÜCY, Eirik Hella 編曲 Arranger｜Eirik Hella 錄音工程師 Recording Engineer｜Eirik Hella, 邱建鈞 J-Jyun Ciou 混音工程師 Mixing Engineer｜Eirik Hella 母帶後期處理工程師 Mastering Engineer｜George Tanderø 
建立在令人起雞皮疙瘩的合成器聲響、深沉低頻與緩慢燃燒般的節奏之上，〈Looking at Me〉瀰漫著一種揮之不去的不安感。 這首歌取材自 LÜCY 過去生命中最黑暗的時期之一，穿梭於恐懼、記憶、自我認同，以及那種彷彿被注視著的詭異感受之間。
作詞 Lyricist｜LÜCY, Ben 作曲 Composer｜LÜCY, Eirik Hella 製作 Producer｜LÜCY, Eirik Hella 編曲 Arranger｜Eirik Hella 錄音工程師 Recording Engineer｜Eirik Hella, 邱建鈞 J-Jyun Ciou 混音工程師 Mixing Engineer｜Eirik Hella 母帶後期處理工程師 Mastering Engineer｜George Tanderø","First, tell me I am crazy Despite the love for you, can't keep on fighting I'm drowning in my dreams don't wake me up, wake me up I can't get up'cause they all looking at me I can't get up'cause they all looking at me This time you’re crazy, baby Someone without a name I can't keep on trying I'm drowning in my fears, in my tears Don't wake me up, wake me up I can't get help 'cause they all looking at me I can't get help 'cause they all looking at me I can't get help 'cause they all looking at me I can't get help 'cause they all looking at me 當全世界都看著我 翅膀它漸漸往上飛 我那顆心卻 掉啊 沉啊 讓懸崖接住我 是不是只要一跳躍下 我就會沒有重量 我又忘記吃飯了 恐懼包圍著我 我不想拿下耳機 我不想解釋 我不想笑得開心 我想要躲起來 為什麼不找工作 都閑閑沒事做 眼淚又開始失眠 Burning eyes in the night looking at me I can't get up 'cause they all looking at me I can't get up 'cause they all looking at me I can't get up 'cause they all looking at me Lucy, sing! 唱歌給我們聽 c’mon, just one song 你可以答應我27歲前先不要結婚嗎？ Lucy you will be rich you can have every bag you want trust me just don’t get pregnant haha… One single leap then I’ll be free oh nothing remains but me I cry and i pray but no one hears I’m weeping in my dream I can't get help 'cause they all looking at me I can't get help 'cause they all looking at me I can't get help 'cause they all looking at me I can’t get help so why you’re looking at me? 
First, tell me I am crazy Despite the love for you, can't keep on fighting I'm drowning in my dreams don't wake me up, wake me up I can't get up'cause they all looking at me I can't get up'cause they all looking at me
This time you’re crazy, baby Someone without a name I can't keep on trying I'm drowning in my fears, in my tears Don't wake me up, wake me up I can't get help 'cause they all looking at me I can't get help 'cause they all looking at me I can't get help 'cause they all looking at me I can't get help 'cause they all looking at me
當全世界都看著我 翅膀它漸漸往上飛 我那顆心卻 掉啊 沉啊 讓懸崖接住我
是不是只要一跳躍下 我就會沒有重量 我又忘記吃飯了 恐懼包圍著我
我不想拿下耳機 我不想解釋 我不想笑得開心 我想要躲起來
為什麼不找工作 都閑閑沒事做 眼淚又開始失眠 Burning eyes in the night looking at me I can't get up 'cause they all looking at me I can't get up 'cause they all looking at me I can't get up 'cause they all looking at me
Lucy, sing! 唱歌給我們聽 c’mon, just one song 你可以答應我27歲前先不要結婚嗎？ Lucy you will be rich you can have every bag you want trust me just don’t get pregnant haha…
One single leap then I’ll be free oh nothing remains but me I cry and i pray but no one hears I’m weeping in my dream
I can't get help 'cause they all looking at me I can't get help 'cause they all looking at me I can't get help 'cause they all looking at me I can’t get help so why you’re looking at me?
留言（ 11 ） 最相關留言 所有留言
留言（ 11 ）",2026-07-24,,Song of the Day; 週排行冠軍; 達人推薦; 編輯推薦,True,True,https://streetvoice.com/lucymeow/songs/869888/critic_reviews/
2026-08-31 07:34:18,realtime,folk,,,42,Mooni,自由的野獸_demo,3,110,0,https://streetvoice.com/mooninahuang/songs/875286/,https://streetvoice.com/mooninahuang/,"https://akstatic.streetvoice.com/song_covers/mo/on/mooninahuang/Rkyx7xbUcrNAX3xranBQQm.jpeg?x-oss-process=image/resize,m_fixed,h_1,w_1,limit_0/resize,m_fixed,h_630,w_1200,limit_0/watermark,image_c29uZ19jb3ZlcnMvbW8vb24vbW9vbmluYWh1YW5nL1JreXg3eGJVY3JOQVgzeHJhbkJRUW0uanBlZz94LW9zcy1wcm9jZXNzPWltYWdlL3Jlc2l6ZSxtX2ZpeGVkLGhfMzQ0LHdfMzQ0LGxpbWl0XzA,g_nw,x_428,y_143/watermark,image_YXNzZXQvaW1hZ2VzL21ldGFpbWFnZS1zb25nLnBuZw,g_nw,x_0,y_0",images/875286.jpeg,@mooninahuang,音樂人,新北市,2013-12-01,2021-07-02 15:39,16,255,239,https://www.facebook.com/hernameismooni,https://www.instagram.com/mooni_song/,https://www.youtube.com/Mooni_song,現場直擊：第五屆新光三越不插電決賽 首度由饒舌組別奪冠|||https://blow.streetvoice.com/36394/?utm_source=streetvoice&utm_medium=profile-news-block; 不插電音樂大賽導師培訓特輯 虎神、深白色、鄭宜農傾囊相授|||https://blow.streetvoice.com/35647/?utm_source=streetvoice&utm_medium=profile-news-block; 現場直擊：第五屆新光三越不插電音樂大賽 複賽回顧|||https://blow.streetvoice.com/34874/?utm_source=streetvoice&utm_medium=profile-news-block,,Singer / Songwriter,,,,"詞曲：Mooni 編曲：知更John Stoniae & Mooni 製作：知更John Stoniae 封面：Jin 
詞曲：Mooni 編曲：知更John Stoniae & Mooni 製作：知更John Stoniae 封面：Jin","《自由的野獸》 沒想過 你也是隻野獸 不要走 我正當你觀眾 你正唱著你的歌 踏著你的步伐 望著你 我渺小的 像螞蟻一樣 沒去過 你說的那個地方 別太多 思想太過自由 忘記 為何 被 社會束縛住 的原因 難道我也能 放棄人類當野獸 像你 習慣了 就忘記 為何存在的原因 我在這裡的理由 透過你 我看見了 呀 習慣了 就忘記 那些自然的原理 這世界存在的理由 想不起 我找不到啦 
《自由的野獸》
沒想過 你也是隻野獸 不要走 我正當你觀眾 你正唱著你的歌 踏著你的步伐 望著你 我渺小的 像螞蟻一樣
沒去過 你說的那個地方 別太多 思想太過自由 忘記 為何 被 社會束縛住 的原因 難道我也能 放棄人類當野獸 像你
習慣了 就忘記 為何存在的原因 我在這裡的理由 透過你 我看見了 呀 習慣了 就忘記 那些自然的原理 這世界存在的理由 想不起 我找不到啦
留言（ 0 ） 最相關留言 所有留言
留言（ 0 ）",2026-08-18,,編輯推薦,True,False,
2026-08-31 07:34:18,realtime,folk,,,43,StreetVoice 未來進行式,2026.08.19 特別來賓：桃子A1J &amp; Diiton滴燙,5,89,0,https://streetvoice.com/svradio/songs/875305/,https://streetvoice.com/svradio/,"https://akstatic.streetvoice.com/song_covers/sv/ra/svradio/czTxQLY2LAEFiJ8tCPzUXS.jpeg?x-oss-process=image/resize,m_fixed,h_1,w_1,limit_0/resize,m_fixed,h_630,w_1200,limit_0/watermark,image_c29uZ19jb3ZlcnMvc3YvcmEvc3ZyYWRpby9jelR4UUxZMkxBRUZpSjh0Q1B6VVhTLmpwZWc_eC1vc3MtcHJvY2Vzcz1pbWFnZS9yZXNpemUsbV9maXhlZCxoXzM0NCx3XzM0NCxsaW1pdF8w,g_nw,x_428,y_143/watermark,image_YXNzZXQvaW1hZ2VzL21ldGFpbWFnZS1zb25nLnBuZw,g_nw,x_0,y_0",images/875305.jpeg,@svradio,Podcast,基隆市,2009-06-01,,368,1768,,,,https://www.youtube.com/user/StreetVoiceTV,「StreetVoice 未來進行式」六月登陸飛碟電台 世外桃源任首集嘉賓|||https://blow.streetvoice.com/33663/?utm_source=streetvoice&utm_medium=profile-news-block; 勃發的創作量、新的收入可能：往音樂社群平台發展的StreetVoice，在2021年度報告中分享了哪些資訊？|||https://blow.streetvoice.com/58836/?utm_source=streetvoice&utm_medium=profile-news-block; 返回地球 理化兄弟 P.C.B 新單曲《PSYBERPUNKER》未來進行式搶先首播|||https://blow.streetvoice.com/21388/?utm_source=streetvoice&utm_medium=profile-news-block,,Singer / Songwriter,,,桃子A1J、Diiton滴燙,"桃子 FEAT. 滴燙 愈來愈常想著，本島該要有幾個新住民二代的明星出現了吧！而近年逐漸受到注目的台越混血音樂人桃子A1J早早便列入自己的期待榜。她與滴燙形成創作搭檔，說意外也不意外，源自街聲的排行榜讓彼此相識。滴燙從這發跡後，隨即進入唱片體系發揮他編曲製作的本領。兩人合作，儼然是本島新生代中最有產值最有魅力也最叫人看好的組合。 本集來賓： 桃子A1J： https://streetvoice.com/peach_jaye_23/ Diiton滴燙： https://streetvoice.com/konwang3/ 節目資訊： StreetVoice未來進行式 FB： https://www.facebook.com/StreetVoiceonair/ IG： https://www.instagram.com/streetvoiceonair/ 主持人：小樹 https://www.instagram.com/chillouttree/ 出品｜街聲股份有限公司 主持｜小樹 製作｜韁河媒體工作室 Marks & 邋遢狗 剪輯｜韁河媒體工作室 柏翰 社群｜黃芷萱（米雪） Podcast 聯繫信箱｜ svradio9999@gmail.com *本計畫獲文化部影視及流行音樂產業局 114 年補助 
桃子 FEAT. 滴燙 愈來愈常想著，本島該要有幾個新住民二代的明星出現了吧！而近年逐漸受到注目的台越混血音樂人桃子A1J早早便列入自己的期待榜。她與滴燙形成創作搭檔，說意外也不意外，源自街聲的排行榜讓彼此相識。滴燙從這發跡後，隨即進入唱片體系發揮他編曲製作的本領。兩人合作，儼然是本島新生代中最有產值最有魅力也最叫人看好的組合。
本集來賓：
桃子A1J： https://streetvoice.com/peach_jaye_23/ Diiton滴燙： https://streetvoice.com/konwang3/
https://streetvoice.com/peach_jaye_23/
https://streetvoice.com/konwang3/
節目資訊： StreetVoice未來進行式
FB： https://www.facebook.com/StreetVoiceonair/ IG： https://www.instagram.com/streetvoiceonair/
https://www.facebook.com/StreetVoiceonair/
https://www.instagram.com/streetvoiceonair/
主持人：小樹 https://www.instagram.com/chillouttree/
https://www.instagram.com/chillouttree/
出品｜街聲股份有限公司 主持｜小樹 製作｜韁河媒體工作室 Marks & 邋遢狗 剪輯｜韁河媒體工作室 柏翰 社群｜黃芷萱（米雪） Podcast 聯繫信箱｜ svradio9999@gmail.com
svradio9999@gmail.com
*本計畫獲文化部影視及流行音樂產業局 114 年補助","這是沒有提供歌詞的歌曲
留言（ 0 ） 最相關留言 所有留言
留言（ 0 ）",2026-08-19,,編輯推薦,True,False,
2026-08-31 07:34:18,realtime,folk,,,44,jiMMY CHYN,我還沒搞懂 (demo),2,25,1,https://streetvoice.com/jimmy3063/songs/876198/,https://streetvoice.com/jimmy3063/,"https://akstatic.streetvoice.com/music_albums/ji/mm/jimmy3063/Ko62M8LfUvahk25D8r4Hgm.jpeg?x-oss-process=image/resize,m_fixed,h_1,w_1,limit_0/resize,m_fixed,h_630,w_1200,limit_0/watermark,image_bXVzaWNfYWxidW1zL2ppL21tL2ppbW15MzA2My9LbzYyTThMZlV2YWhrMjVEOHI0SGdtLmpwZWc_eC1vc3MtcHJvY2Vzcz1pbWFnZS9yZXNpemUsbV9maXhlZCxoXzM0NCx3XzM0NCxsaW1pdF8w,g_nw,x_428,y_143/watermark,image_YXNzZXQvaW1hZ2VzL21ldGFpbWFnZS1zb25nLnBuZw,g_nw,x_0,y_0",images/876198.jpeg,@jimmy3063,音樂人,台北市,2012-04-01,2021-06-01 13:03,13,228,8,https://www.facebook.com/jimmywang0511/,https://www.instagram.com/jimmy_0511,https://www.youtube.com/user/StreetVoiceTV,,,Folk,26.mp3,https://streetvoice.com/jimmy3063/songs/album/97325950/,Qmo,"送給那個總是想搞懂真理、卻開始接受可能沒有標準答案的我們。 - 詞曲 Songwriter｜jiMMY CHYN 演唱 Vocal｜jiMMY CHYN 合聲 Chorus｜jiMMY CHYN 吉他 Guitars｜jiMMY CHYN 混音 Mix Engineer｜張祐誠 Qmo 
送給那個總是想搞懂真理、卻開始接受可能沒有標準答案的我們。
- 詞曲 Songwriter｜jiMMY CHYN 演唱 Vocal｜jiMMY CHYN 合聲 Chorus｜jiMMY CHYN 吉他 Guitars｜jiMMY CHYN 混音 Mix Engineer｜張祐誠 Qmo","光線聚焦在框裡 金魚世界活在魚缸裡 對成功的定義 掌握在自己手心 狂妄說著大道理 卻沒有一個能堅持到底 總是渴望新鮮 留下特別的痕跡 錯綜複雜的感受 我想我還沒搞懂 認識你 是開心還失落 錯綜複雜的感受 我想我還沒搞懂 離開你 是開心還失落 是開心還失落 貪婪想要得到你 所以我換上不同的濾鏡 哪個光鮮亮麗 能證明存在意義 錯綜複雜的感受 我想我還沒搞懂 看清你 是開心還失落 錯綜複雜的感受 我想我還沒搞懂 得不到你 是甘心還困惑 
光線聚焦在框裡 金魚世界活在魚缸裡 對成功的定義 掌握在自己手心
狂妄說著大道理 卻沒有一個能堅持到底 總是渴望新鮮 留下特別的痕跡
錯綜複雜的感受 我想我還沒搞懂 認識你 是開心還失落 錯綜複雜的感受 我想我還沒搞懂 離開你 是開心還失落 是開心還失落
貪婪想要得到你 所以我換上不同的濾鏡 哪個光鮮亮麗 能證明存在意義
錯綜複雜的感受 我想我還沒搞懂 看清你 是開心還失落 錯綜複雜的感受 我想我還沒搞懂 得不到你 是甘心還困惑
留言（ 1 ） 最相關留言 所有留言
留言（ 1 ）",2026-08-24,,,False,False,
2026-08-31 07:34:18,realtime,folk,,,45,自言自語Murmur,海和花,11,224,3,https://streetvoice.com/murmurband_/songs/876097/,https://streetvoice.com/murmurband_/,"https://akstatic.streetvoice.com/song_covers/mu/rm/murmurband_/VcQ33FFEkNUE7Vsex6YzYi.jpeg?x-oss-process=image/resize,m_fixed,h_1,w_1,limit_0/resize,m_fixed,h_630,w_1200,limit_0/watermark,image_c29uZ19jb3ZlcnMvbXUvcm0vbXVybXVyYmFuZF8vVmNRMzNGRkVrTlVFN1ZzZXg2WXpZaS5qcGVnP3gtb3NzLXByb2Nlc3M9aW1hZ2UvcmVzaXplLG1fZml4ZWQsaF8zNDQsd18zNDQsbGltaXRfMA,g_nw,x_428,y_143/watermark,image_YXNzZXQvaW1hZ2VzL21ldGFpbWFnZS1zb25nLnBuZw,g_nw,x_0,y_0",images/876097.jpeg,@murmurband_,音樂人,新竹市,2022-09-01,2023-06-13 16:24,7,178,3,,https://instagram.com/murmurband_,https://youtube.com/@murmurband_,,,Folk,,,Marcus,"致_蔚藍海邊那朵最美麗的花： 記得你喜歡大海和鮮花，所以我試著把它們寫進這首歌裡。 描繪得越久越浮現你的臉，於是我也慢慢地發現，原來—— 你的眼裡就是大海，而你就是那朵最美麗的鮮花。 如果你想念我，希望這首歌能代替我陪伴你那短暫無法聯絡到我的日子。 - 作曲 Composer｜施柏年 Marcus Shih 作詞 Author｜施柏年 Marcus Shih／詹于萱 Naomi Chan 編曲 Arranger｜施柏年 Marcus Shih 主唱 Vocalist｜盧瑞珍 Jane Lu／施柏年 Marcus Shih 木吉他 Acoustic Guitarist｜施柏年 Marcus Shih 電吉他 Electric Guitarist｜施柏年 Marcus Shih 貝斯 Bassist｜施柏年 Marcus Shih 合成器 Synth｜施柏年 Marcus Shih 鼓組 Drummer｜李啟綸 Lawrence Lee from 300ss音樂劇場 
致_蔚藍海邊那朵最美麗的花：
記得你喜歡大海和鮮花，所以我試著把它們寫進這首歌裡。 描繪得越久越浮現你的臉，於是我也慢慢地發現，原來——
你的眼裡就是大海，而你就是那朵最美麗的鮮花。
如果你想念我，希望這首歌能代替我陪伴你那短暫無法聯絡到我的日子。
-
作曲 Composer｜施柏年 Marcus Shih 作詞 Author｜施柏年 Marcus Shih／詹于萱 Naomi Chan 編曲 Arranger｜施柏年 Marcus Shih
主唱 Vocalist｜盧瑞珍 Jane Lu／施柏年 Marcus Shih 木吉他 Acoustic Guitarist｜施柏年 Marcus Shih 電吉他 Electric Guitarist｜施柏年 Marcus Shih 貝斯 Bassist｜施柏年 Marcus Shih 合成器 Synth｜施柏年 Marcus Shih 鼓組 Drummer｜李啟綸 Lawrence Lee from 300ss音樂劇場","親愛的你 過得還好嗎 我把思念融進了日常 開始重複你說的話 眺望著有你的遠方 漸漸暈開的盛夏 親愛的妳 今天還好嗎 是否依然故作堅強 想跨越無垠的海洋 循著妳心底的方向 用旋律穿越到妳的身旁 在蔚藍的海邊開一朵鮮花 所有帶不走的到了這裡 就先停下 溫柔的倔強 就算總是差一點勇敢 哪怕眼淚又再次落下 淹不過你的芬芳 永恆的綻放 再跨越無垠的海洋 循著你留下的微光 轉眼就穿越到你的身旁 在蔚藍的海邊開一朵鮮花 所有帶不走的到了這裡 就先停下 溫柔的倔強 就算總是差一點勇敢 哪怕眼淚又再次落下 淹不過你的芬芳 永恆的綻放 我愛你呀 
親愛的你 過得還好嗎 我把思念融進了日常 開始重複你說的話 眺望著有你的遠方 漸漸暈開的盛夏
親愛的妳 今天還好嗎 是否依然故作堅強 想跨越無垠的海洋 循著妳心底的方向 用旋律穿越到妳的身旁
在蔚藍的海邊開一朵鮮花 所有帶不走的到了這裡 就先停下 溫柔的倔強 就算總是差一點勇敢 哪怕眼淚又再次落下 淹不過你的芬芳 永恆的綻放
再跨越無垠的海洋 循著你留下的微光 轉眼就穿越到你的身旁
在蔚藍的海邊開一朵鮮花 所有帶不走的到了這裡 就先停下 溫柔的倔強 就算總是差一點勇敢 哪怕眼淚又再次落下 淹不過你的芬芳 永恆的綻放
我愛你呀
留言（ 3 ） 最相關留言 所有留言
留言（ 3 ）",2026-08-24,,,False,False,
2026-08-31 07:34:18,realtime,folk,,,46,蔡題謙 Tee Train,帆,34,2376,2,https://streetvoice.com/teetrain0112/songs/871580/,https://streetvoice.com/teetrain0112/,"https://akstatic.streetvoice.com/song_covers/te/et/teetrain0112/dZ7C7bJa2zz4MVeEBEF2Rb.jpeg?x-oss-process=image/resize,m_fixed,h_1,w_1,limit_0/resize,m_fixed,h_630,w_1200,limit_0/watermark,image_c29uZ19jb3ZlcnMvdGUvZXQvdGVldHJhaW4wMTEyL2RaN0M3YkphMnp6NE1WZUVCRUYyUmIuanBlZz94LW9zcy1wcm9jZXNzPWltYWdlL3Jlc2l6ZSxtX2ZpeGVkLGhfMzQ0LHdfMzQ0LGxpbWl0XzA,g_nw,x_428,y_143/watermark,image_YXNzZXQvaW1hZ2VzL21ldGFpbWFnZS1zb25nLnBuZw,g_nw,x_0,y_0",images/871580.jpeg,@teetrain0112,音樂人,,,2024-01-11 17:13,11,3884,4,,,https://www.youtube.com/user/StreetVoiceTV,第二屆「街聲年度音樂趨勢大獎」擴大規模舉辦！邀張震嶽、熊仔、國國、鄭宜農擔任頒獎嘉賓|||https://blow.streetvoice.com/78673/?utm_source=streetvoice&utm_medium=profile-news-block; 金曲、金音前哨站，第二屆「𝙎𝙩𝙧𝙚𝙚𝙩𝙑𝙤𝙞𝙘𝙚 𝘼𝙬𝙖𝙧𝙙𝙨 街聲年度音樂趨勢大獎」公布全名單|||https://blow.streetvoice.com/78557/?utm_source=streetvoice&utm_medium=profile-news-block; 2024「秋OUT音樂節」9/28、9/29登場！九大舞台陣容、票價、場域全公開|||https://blow.streetvoice.com/76336/?utm_source=streetvoice&utm_medium=profile-news-block,,Singer / Songwriter,陪你等待黎明,https://streetvoice.com/teetrain0112/songs/album/97325877/,,"製作人 Producer/詹詠安 CHAN YUNG AN 作詞 Lyrics/蔡題謙 Tee Train 作曲 Composer/蔡題謙 Tee Train 編曲 Arranger/詹詠安 CHAN YUNG AN、蔡題謙 Tee Train 木吉他 Acoustic Guitar/蔡題謙 Tee Train 電吉他 Electric Guitar/蔡題謙 Tee Train 貝斯 Bass/蘇柏宇 Jack Su 鼓 Drums/陳楷傑 Jay Chen 鼓技師 Drum Technician/陳郁安 Cindy Chen 合成器 Synthesizer/詹詠安 CHAN YUNG AN 配唱製作人 Vocal Producer/詹詠安 CHAN YUNG AN 合聲編寫錄製 Background Vocal Arranger and Recording/詹詠安 CHAN YUNG AN、蔡題謙 Tee Train 錄音室 Recording Studio/TeeTrain’s Room、佳聲錄音室 錄音師 Recording Engineer/詹詠安 CHAN YUNG AN、林彥君 Andrew Lin 混音師 Mixing Engineer/詹詠安 CHAN YUNG AN 母帶工程師 Mastering Engineer/史帝伏 Steve.Inn 平面攝影 Graphic photographer/林欣玫 May Lin 視覺設計Album Packaging/林欣玫 May Lin、蔡題謙 Tee Train 
製作人 Producer/詹詠安 CHAN YUNG AN 作詞 Lyrics/蔡題謙 Tee Train 作曲 Composer/蔡題謙 Tee Train 編曲 Arranger/詹詠安 CHAN YUNG AN、蔡題謙 Tee Train 木吉他 Acoustic Guitar/蔡題謙 Tee Train 電吉他 Electric Guitar/蔡題謙 Tee Train 貝斯 Bass/蘇柏宇 Jack Su 鼓 Drums/陳楷傑 Jay Chen 鼓技師 Drum Technician/陳郁安 Cindy Chen 合成器 Synthesizer/詹詠安 CHAN YUNG AN 配唱製作人 Vocal Producer/詹詠安 CHAN YUNG AN 合聲編寫錄製 Background Vocal Arranger and Recording/詹詠安 CHAN YUNG AN、蔡題謙 Tee Train 錄音室 Recording Studio/TeeTrain’s Room、佳聲錄音室 錄音師 Recording Engineer/詹詠安 CHAN YUNG AN、林彥君 Andrew Lin 混音師 Mixing Engineer/詹詠安 CHAN YUNG AN 母帶工程師 Mastering Engineer/史帝伏 Steve.Inn 平面攝影 Graphic photographer/林欣玫 May Lin 視覺設計Album Packaging/林欣玫 May Lin、蔡題謙 Tee Train","你是一艘船 我是你的帆 前方的風景 我想帶你去看 可每當風吹起 又掀起了波瀾 你又想起多少遺憾 你的一輩子 有多少個日子 在歡笑中聽見自己的名字 你厭倦了等待 也厭倦了無奈 厭倦自己什麼都明白 我看著你離開 卻沒等到你回來 你說你厭倦了等待 也厭倦了無奈 厭倦自己什麼都明白 你經歷了多少遺憾 又再一次變的不堪 你最愛的一切 都不再一塵不染 於是你選擇拋棄了 你心愛的船 我看著你離開 卻沒等到你回來 你說你厭倦了等待 也厭倦了無奈 厭倦自己 厭倦自己 厭倦自己 厭倦自己 什麼都明白 可每當風吹起 又掀起了波瀾 你又想起多少遺憾 
你是一艘船 我是你的帆 前方的風景 我想帶你去看 可每當風吹起 又掀起了波瀾 你又想起多少遺憾
你的一輩子 有多少個日子 在歡笑中聽見自己的名字 你厭倦了等待 也厭倦了無奈 厭倦自己什麼都明白
我看著你離開 卻沒等到你回來 你說你厭倦了等待 也厭倦了無奈 厭倦自己什麼都明白
你經歷了多少遺憾 又再一次變的不堪 你最愛的一切 都不再一塵不染 於是你選擇拋棄了 你心愛的船
我看著你離開 卻沒等到你回來 你說你厭倦了等待 也厭倦了無奈 厭倦自己 厭倦自己 厭倦自己 厭倦自己 什麼都明白
可每當風吹起 又掀起了波瀾 你又想起多少遺憾
留言（ 2 ） 最相關留言 所有留言
留言（ 2 ）",2026-08-11,,編輯推薦,True,False,
2026-08-31 07:34:18,realtime,folk,,,47,邱淑蟬,跼,23,1519,3,https://streetvoice.com/shuchan_chiu/songs/872714/,https://streetvoice.com/shuchan_chiu/,"https://akstatic.streetvoice.com/song_covers/sh/uc/shuchan_chiu/42KVxnZ6BcNZjaqLGDtABq.jpeg?x-oss-process=image/resize,m_fixed,h_1,w_1,limit_0/resize,m_fixed,h_630,w_1200,limit_0/watermark,image_c29uZ19jb3ZlcnMvc2gvdWMvc2h1Y2hhbl9jaGl1LzQyS1Z4blo2QmNOWmphcUxHRHRBQnEuanBlZz94LW9zcy1wcm9jZXNzPWltYWdlL3Jlc2l6ZSxtX2ZpeGVkLGhfMzQ0LHdfMzQ0LGxpbWl0XzA,g_nw,x_428,y_143/watermark,image_YXNzZXQvaW1hZ2VzL21ldGFpbWFnZS1zb25nLnBuZw,g_nw,x_0,y_0",images/872714.jpeg,@shuchan_chiu,音樂人,,,2021-10-08 15:18,7,641,7,https://www.facebook.com/shuchanchiu1997,https://www.instagram.com/enidisme_music/,https://www.youtube.com/user/StreetVoiceTV,邱淑蟬邀製作人蕭賀碩、大象體操涂嘉欽 打造全新EP《無爭》|||https://blow.streetvoice.com/89185/?utm_source=streetvoice&utm_medium=profile-news-block; 邱淑蟬攜手鄭寶欣、好日、樂凡 打造跨國多語單曲〈定定仔行〉|||https://blow.streetvoice.com/84993/?utm_source=streetvoice&utm_medium=profile-news-block; 薄荷綠工廠推出首張創作專輯前導單曲〈That Day〉邀邱淑蟬、Deca joins 打擊樂手杜哲欣合作|||https://blow.streetvoice.com/75995/?utm_source=streetvoice&utm_medium=profile-news-block,,Folk,無爭 Metamorphosing,https://streetvoice.com/shuchan_chiu/songs/album/97325992/,,"跼 Confined 詞曲 Lyricist＆Composer｜邱淑蟬 Shuchan Chiu 製作人 Producer｜蕭賀碩 Shuo Hsiao 編曲 Arranger｜ 陳啟原 Curtis Chan、蕭賀碩 Shuo Hsiao 電吉他 E. Guitar｜陳啟原 Curtis Chan 人聲錄音工程師及錄音室 Vocal Recording Engineer＆Studio｜陳以霖 Yi-Lin Chen @大小眼錄音室 Twin Eyes Studio 吉他錄音工程師及錄音室 Recording Engineer＆Studio｜于世政 Shin-Cheng Yu @Lights Up Studio 助理錄音工程師及錄音室 Assistant Recording Engineer & Studio｜陳佳穎 Chia-Ying Chen @Lights Up Studio 混音工程師 Mixing Engineer｜林正忠 Jerry Lin @Robot Studio 母帶後期處理工程師及錄音室 Mastering Engineer ＆ Studio｜孫仲舒 Chung-Shu Sun@鈺德科技 U-Tech MT Studio 母帶後期處理製作人 Mastering Producer｜蕭賀碩 Shuo Hsiao 企劃宣傳 Project Planning & Promotion｜曾楚芳 Matilda Tseng 視覺設計 Visual Designer｜周雨衛 Viter Chou、謝沛宸 Anmy Hsieh 平面攝影 Photographer｜柳妘儒 Yunju Liu 攝影助理 Photographer Assistant｜陳泱丞 Dozz Chen 攝影燈光 Photographer Gaffer｜Jeremii Fan 妝髮 Hair＆Makeup｜鍾其甫Ooioh 妝髮助理 Hair＆Makeup Assistant｜陳姿秀 Heena Chen 客語歌詞校正 Language counselor of Hakka lyrics｜鄭育淇 
跼 Confined
詞曲 Lyricist＆Composer｜邱淑蟬 Shuchan Chiu 製作人 Producer｜蕭賀碩 Shuo Hsiao 編曲 Arranger｜ 陳啟原 Curtis Chan、蕭賀碩 Shuo Hsiao 電吉他 E. Guitar｜陳啟原 Curtis Chan 人聲錄音工程師及錄音室 Vocal Recording Engineer＆Studio｜陳以霖 Yi-Lin Chen @大小眼錄音室 Twin Eyes Studio 吉他錄音工程師及錄音室 Recording Engineer＆Studio｜于世政 Shin-Cheng Yu @Lights Up Studio 助理錄音工程師及錄音室 Assistant Recording Engineer & Studio｜陳佳穎 Chia-Ying Chen @Lights Up Studio 混音工程師 Mixing Engineer｜林正忠 Jerry Lin @Robot Studio
母帶後期處理工程師及錄音室 Mastering Engineer ＆ Studio｜孫仲舒 Chung-Shu Sun@鈺德科技 U-Tech MT Studio 母帶後期處理製作人 Mastering Producer｜蕭賀碩 Shuo Hsiao 企劃宣傳 Project Planning & Promotion｜曾楚芳 Matilda Tseng 視覺設計 Visual Designer｜周雨衛 Viter Chou、謝沛宸 Anmy Hsieh 平面攝影 Photographer｜柳妘儒 Yunju Liu 攝影助理 Photographer Assistant｜陳泱丞 Dozz Chen 攝影燈光 Photographer Gaffer｜Jeremii Fan 妝髮 Hair＆Makeup｜鍾其甫Ooioh 妝髮助理 Hair＆Makeup Assistant｜陳姿秀 Heena Chen 客語歌詞校正 Language counselor of Hakka lyrics｜鄭育淇","𠊎看毋透 你金金个目珠 我看不透  你閃亮的眼睛 ngaiˇ kon mˇteu nˇgimˊgimˊge mugˋzuˊ 有會㖸个鳥仔  還有會飛个貓仔 有會笑的鳥      還有會飛的貓 iuˊ voi nagˋge diauˊeˋ  hanˇ iuˊ voi biˊge meu eˋ 𠊎聽毋識 你噥噥哢哢个聲 我聽不懂  你的喃喃自語 ngaiˇ tangˊ mˇ siidˋ nˇ nungˇ nungˇnung nung ge sangˊ 一下撖地泥講話 一下唱歌仔分蟻公聽 一下和地板說話  一下唱歌給螞蟻聽 idˋ ha ganˋti naiˇ gongˋfa  idˋ ha cong  goˊeˋ bunˊ ngie gungˊ tangˊ 𠊎按著這世界 已經罅擺大 我以為這世界  已經足夠大 ngaiˇon doˋ iaˋ sii  giai iˋ ginˊ la baiˋ tai 嗄跼毋得你 恁闊个心 卻困不住你 那麼寬闊的心 sa kiug mˇ dedˋ nˇanˋfadˋ ge  ximˊ 你看毋透  𠊎等冷冷个目珠 你看不透   我們冷漠的眼睛 nˇ kon mˇ teu ngaiˇ nenˊ nangˊ nangˊ ge  mugˋzuˊ 不時落雨毛仔 目汁毋敢跌 不時下毛毛雨 眼淚不敢掉落 budˋ siiˇ log  iˋmoˊeˋ mugˋ ziibˋ mˇgamˋ diedˋ 你聽毋識 𠊎撖𠊎講个話 你聽不懂  我和我說的話 nˇtangˊ mˇ siidˋ ngaiˇ ganˋ ngaiˇ  gongˋ ge  fa 就算橫倒噭眵  一定係為了自家 就算跌倒哭泣   一定是為了自己 qiu son vang doˋ gieu  ziiˊ idˋ tin  he  vi  liauˋcii gaˊ 
𠊎看毋透 你金金个目珠 我看不透  你閃亮的眼睛 ngaiˇ kon mˇteu nˇgimˊgimˊge mugˋzuˊ 有會㖸个鳥仔  還有會飛个貓仔 有會笑的鳥      還有會飛的貓 iuˊ voi nagˋge diauˊeˋ  hanˇ iuˊ voi biˊge meu eˋ 𠊎聽毋識 你噥噥哢哢个聲 我聽不懂  你的喃喃自語 ngaiˇ tangˊ mˇ siidˋ nˇ nungˇ nungˇnung nung ge sangˊ 一下撖地泥講話 一下唱歌仔分蟻公聽 一下和地板說話  一下唱歌給螞蟻聽 idˋ ha ganˋti naiˇ gongˋfa  idˋ ha cong  goˊeˋ bunˊ ngie gungˊ tangˊ
𠊎按著這世界 已經罅擺大 我以為這世界  已經足夠大 ngaiˇon doˋ iaˋ sii  giai iˋ ginˊ la baiˋ tai 嗄跼毋得你 恁闊个心 卻困不住你 那麼寬闊的心 sa kiug mˇ dedˋ nˇanˋfadˋ ge  ximˊ
你看毋透  𠊎等冷冷个目珠 你看不透   我們冷漠的眼睛 nˇ kon mˇ teu ngaiˇ nenˊ nangˊ nangˊ ge  mugˋzuˊ 不時落雨毛仔 目汁毋敢跌 不時下毛毛雨 眼淚不敢掉落 budˋ siiˇ log  iˋmoˊeˋ mugˋ ziibˋ mˇgamˋ diedˋ 你聽毋識 𠊎撖𠊎講个話 你聽不懂  我和我說的話 nˇtangˊ mˇ siidˋ ngaiˇ ganˋ ngaiˇ  gongˋ ge  fa 就算橫倒噭眵  一定係為了自家 就算跌倒哭泣   一定是為了自己 qiu son vang doˋ gieu  ziiˊ idˋ tin  he  vi  liauˋcii gaˊ
留言（ 3 ） 最相關留言 所有留言
留言（ 3 ）",2026-08-03,,Song of the Day; 編輯推薦,True,True,
2026-08-31 07:34:18,realtime,folk,,,48,蔡題謙 Tee Train,陪你等待黎明,21,1260,1,https://streetvoice.com/teetrain0112/songs/871583/,https://streetvoice.com/teetrain0112/,"https://akstatic.streetvoice.com/song_covers/te/et/teetrain0112/2uEGEEWsdRUMBDyg4GLasu.jpeg?x-oss-process=image/resize,m_fixed,h_1,w_1,limit_0/resize,m_fixed,h_630,w_1200,limit_0/watermark,image_c29uZ19jb3ZlcnMvdGUvZXQvdGVldHJhaW4wMTEyLzJ1RUdFRVdzZFJVTUJEeWc0R0xhc3UuanBlZz94LW9zcy1wcm9jZXNzPWltYWdlL3Jlc2l6ZSxtX2ZpeGVkLGhfMzQ0LHdfMzQ0LGxpbWl0XzA,g_nw,x_428,y_143/watermark,image_YXNzZXQvaW1hZ2VzL21ldGFpbWFnZS1zb25nLnBuZw,g_nw,x_0,y_0",images/871583.jpeg,@teetrain0112,音樂人,,,2024-01-11 17:13,11,3884,4,,,https://www.youtube.com/user/StreetVoiceTV,第二屆「街聲年度音樂趨勢大獎」擴大規模舉辦！邀張震嶽、熊仔、國國、鄭宜農擔任頒獎嘉賓|||https://blow.streetvoice.com/78673/?utm_source=streetvoice&utm_medium=profile-news-block; 金曲、金音前哨站，第二屆「𝙎𝙩𝙧𝙚𝙚𝙩𝙑𝙤𝙞𝙘𝙚 𝘼𝙬𝙖𝙧𝙙𝙨 街聲年度音樂趨勢大獎」公布全名單|||https://blow.streetvoice.com/78557/?utm_source=streetvoice&utm_medium=profile-news-block; 2024「秋OUT音樂節」9/28、9/29登場！九大舞台陣容、票價、場域全公開|||https://blow.streetvoice.com/76336/?utm_source=streetvoice&utm_medium=profile-news-block,,Singer / Songwriter,陪你等待黎明,https://streetvoice.com/teetrain0112/songs/album/97325877/,,"製作人 Producer/詹詠安 CHAN YUNG AN 作詞 Lyrics/蔡題謙 Tee Train 作曲 Composer/蔡題謙 Tee Train 編曲 Arranger/詹詠安 CHAN YUNG AN、蔡題謙 Tee Train 貝斯 Bass/蔡題謙 Tee Train 鼓 Drums/詹詠安 CHAN YUNG AN 合成器 Synthesizer/詹詠安 CHAN YUNG AN 配唱製作人 Vocal Producer/詹詠安 CHAN YUNG AN 合聲編寫錄製 Background Vocal Arranger and Recording/詹詠安 CHAN YUNG AN、蔡題謙 Tee Train 錄音室 Recording Studio/CHAN YUNG AN’s Room 錄音師 Recording Engineer/詹詠安 CHAN YUNG AN 混音師 Mixing Engineer/詹詠安 CHAN YUNG AN 母帶工程師 Mastering Engineer/史帝伏 Steve.Inn 平面攝影 Graphic photographer/林欣玫 May Lin 視覺設計Album Packaging/林欣玫 May Lin、蔡題謙 Tee Train 
製作人 Producer/詹詠安 CHAN YUNG AN 作詞 Lyrics/蔡題謙 Tee Train 作曲 Composer/蔡題謙 Tee Train 編曲 Arranger/詹詠安 CHAN YUNG AN、蔡題謙 Tee Train 貝斯 Bass/蔡題謙 Tee Train 鼓 Drums/詹詠安 CHAN YUNG AN 合成器 Synthesizer/詹詠安 CHAN YUNG AN 配唱製作人 Vocal Producer/詹詠安 CHAN YUNG AN 合聲編寫錄製 Background Vocal Arranger and Recording/詹詠安 CHAN YUNG AN、蔡題謙 Tee Train 錄音室 Recording Studio/CHAN YUNG AN’s Room 錄音師 Recording Engineer/詹詠安 CHAN YUNG AN 混音師 Mixing Engineer/詹詠安 CHAN YUNG AN 母帶工程師 Mastering Engineer/史帝伏 Steve.Inn 平面攝影 Graphic photographer/林欣玫 May Lin 視覺設計Album Packaging/林欣玫 May Lin、蔡題謙 Tee Train","你站在原地 看著自己 被困在這裡 被人們忘記 你用力吶喊 在只有自己的夜晚 把明天當作答案 可今天卻過不完 你又在夜裡獨自傷心 沒有目的也沒有原因 誰都不能明白 這不是你的決定 一次又一次 失去控制 於是你拼命讓它消失 卻只能淚流不止 躲在我懷裡哭泣 我卻無能為力 你也早已厭倦了生死 和自己的樣子 夜晚終究會過去 我陪你等待黎明 你用力吶喊 在只有自己的夜晚 把昨天當作遺憾 對自己說晚安 
你站在原地 看著自己 被困在這裡 被人們忘記 你用力吶喊 在只有自己的夜晚 把明天當作答案 可今天卻過不完
你又在夜裡獨自傷心 沒有目的也沒有原因 誰都不能明白 這不是你的決定 一次又一次 失去控制
於是你拼命讓它消失 卻只能淚流不止 躲在我懷裡哭泣 我卻無能為力 你也早已厭倦了生死 和自己的樣子 夜晚終究會過去 我陪你等待黎明
你用力吶喊 在只有自己的夜晚 把昨天當作遺憾 對自己說晚安
留言（ 1 ） 最相關留言 所有留言
留言（ 1 ）",2026-08-11,,編輯推薦,True,False,
2026-08-31 07:34:18,realtime,folk,,,49,Control T,被你依賴著,139,6215,8,https://streetvoice.com/ControlT/songs/873412/,https://streetvoice.com/ControlT/,"https://akstatic.streetvoice.com/song_covers/Co/nt/ControlT/gnTkSx3QuhYGEhbhKB2UBn.jpeg?x-oss-process=image/resize,m_fixed,h_1,w_1,limit_0/resize,m_fixed,h_630,w_1200,limit_0/watermark,image_c29uZ19jb3ZlcnMvQ28vbnQvQ29udHJvbFQvZ25Ua1N4M1F1aFlHRWhiaEtCMlVCbi5qcGVnP3gtb3NzLXByb2Nlc3M9aW1hZ2UvcmVzaXplLG1fZml4ZWQsaF8zNDQsd18zNDQsbGltaXRfMA,g_nw,x_428,y_143/watermark,image_YXNzZXQvaW1hZ2VzL21ldGFpbWFnZS1zb25nLnBuZw,g_nw,x_0,y_0",images/873412.jpeg,@ControlT,音樂人,,,2021-09-27 15:35,19,9702,14,https://www.facebook.com/controltband/,https://instagram.com/controltband,https://youtube.com/c/ControlTband,Control T成團十週年推出首張專輯《Waste Land》 實體邀葛萊美獎設計師于薇操刀|||https://blow.streetvoice.com/84668/?utm_source=streetvoice&utm_medium=profile-news-block; Control T懷抱刺痛心情寫下〈再見之前〉 重逢的矛盾感令人深感共鳴|||https://blow.streetvoice.com/56520/?utm_source=streetvoice&utm_medium=profile-news-block; 【StreetVoice新歌週報】Control T將悲傷化作夕陽美景 陳修澤沈澱之作上線|||https://blow.streetvoice.com/55665/?utm_source=streetvoice&utm_medium=profile-news-block,,Singer / Songwriter,,,,"歡迎拿去告白。 - 製作人 Producer | Control T 作詞人 Lyricist |   黃正嘉 Zheng Jia Huang 作曲人 Composer | 黃正嘉 Zheng Jia Huang 編曲 Music Arranger | 陳信伯 Hsinpo Chen /Control T 合聲編寫 Backing Vocal Arranger | 李妮蓁 Nichen Lee/黃正嘉 Zheng Jia Huang 主唱 Lead Vocalist | 李妮蓁 Nichen Lee/黃正嘉 Zheng Jia Huang 電吉他 Electric Guitar |呂理鈞 jimjim 木吉他 Acoustic Guitar | 黃正嘉 Zheng Jia Huang Bass | 陳俊榕 CJ/陳信伯 Hsinpo Chen 錄音師 Recording Engineer | 黃渝傑 UJay Huang 混音師 Mixing Engineer |   陳信伯 Hsinpo Chen 母帶後期工程師 Mastering Engineer |  陳信伯 Hsinpo Chen 錄音室 Recording Studio | One Stroke Studio Ⓟ & © 2025 Control T 出品 ｜ Control T OP｜吾聲有限公司 Signature Sound TW CO., LTD. SP｜Warner Chappell Music, Hong Kong Limited Taiwan Branch 
歡迎拿去告白。
-
製作人 Producer | Control T 作詞人 Lyricist |   黃正嘉 Zheng Jia Huang 作曲人 Composer | 黃正嘉 Zheng Jia Huang 編曲 Music Arranger | 陳信伯 Hsinpo Chen /Control T 合聲編寫 Backing Vocal Arranger | 李妮蓁 Nichen Lee/黃正嘉 Zheng Jia Huang 主唱 Lead Vocalist | 李妮蓁 Nichen Lee/黃正嘉 Zheng Jia Huang 電吉他 Electric Guitar |呂理鈞 jimjim 木吉他 Acoustic Guitar | 黃正嘉 Zheng Jia Huang Bass | 陳俊榕 CJ/陳信伯 Hsinpo Chen 錄音師 Recording Engineer | 黃渝傑 UJay Huang 混音師 Mixing Engineer |   陳信伯 Hsinpo Chen 母帶後期工程師 Mastering Engineer |  陳信伯 Hsinpo Chen 錄音室 Recording Studio | One Stroke Studio
Ⓟ & © 2025 Control T 出品 ｜ Control T OP｜吾聲有限公司 Signature Sound TW CO., LTD. SP｜Warner Chappell Music, Hong Kong Limited Taiwan Branch","一道流星劃破寂靜的夜空 在無形之中觸動了線索 與我的複雜不安交錯成畫 逐漸明朗 只想輕描淡寫渡過的分秒 但又在時時刻刻不停提醒我 此時你的笑容來的正是時侯 逐漸美好 多好 嘗試了幾百種顏色 想重現那獨特 特別是你眼裡光澤 和難以言喻的時刻 多麼渴望我是同樣的人 足以匹配的靈魂 哪怕只是因為 也想被你依賴著 想被你依賴著 只想輕描淡寫渡過的分秒 但又在時時刻刻不停提醒我 此時你的笑容來的正是時侯 逐漸美好 多好 嘗試了幾百種顏色 想重現那獨特 特別是你眼裡光澤 和難以言喻的時刻 多麼渴望我是同樣的人 足以匹配的靈魂 哪怕只是因為 嘗試了幾百種顏色 想重現那獨特 特別是你眼裡光澤 和難以言喻的時刻 多麼渴望我是同樣的人 足以匹配的靈魂 哪怕只是因為 想被你依賴著 想被你依賴著 
一道流星劃破寂靜的夜空 在無形之中觸動了線索 與我的複雜不安交錯成畫 逐漸明朗
只想輕描淡寫渡過的分秒 但又在時時刻刻不停提醒我 此時你的笑容來的正是時侯 逐漸美好 多好
嘗試了幾百種顏色 想重現那獨特 特別是你眼裡光澤 和難以言喻的時刻
多麼渴望我是同樣的人 足以匹配的靈魂 哪怕只是因為 也想被你依賴著 想被你依賴著
只想輕描淡寫渡過的分秒 但又在時時刻刻不停提醒我 此時你的笑容來的正是時侯 逐漸美好 多好
嘗試了幾百種顏色 想重現那獨特 特別是你眼裡光澤 和難以言喻的時刻
多麼渴望我是同樣的人 足以匹配的靈魂 哪怕只是因為
嘗試了幾百種顏色 想重現那獨特 特別是你眼裡光澤 和難以言喻的時刻
多麼渴望我是同樣的人 足以匹配的靈魂 哪怕只是因為 想被你依賴著 想被你依賴著
留言（ 8 ） 最相關留言 所有留言
留言（ 8 ）",2026-08-07,,編輯推薦,True,False,
2026-08-31 07:34:18,realtime,folk,,,50,David Wei 魏品勻,貪戀,11,439,0,https://streetvoice.com/davidwei/songs/874300/,https://streetvoice.com/davidwei/,"https://akstatic.streetvoice.com/song_covers/da/vi/davidwei/iXn4dZc3SLZ396QYhuxLwS.jpeg?x-oss-process=image/resize,m_fixed,h_1,w_1,limit_0/resize,m_fixed,h_630,w_1200,limit_0/watermark,image_c29uZ19jb3ZlcnMvZGEvdmkvZGF2aWR3ZWkvaVhuNGRaYzNTTFozOTZRWWh1eEx3Uy5qcGVnP3gtb3NzLXByb2Nlc3M9aW1hZ2UvcmVzaXplLG1fZml4ZWQsaF8zNDQsd18zNDQsbGltaXRfMA,g_nw,x_428,y_143/watermark,image_YXNzZXQvaW1hZ2VzL21ldGFpbWFnZS1zb25nLnBuZw,g_nw,x_0,y_0",images/874300.jpeg,@davidwei,音樂人,台北市,2014-06-01,2023-01-13 16:29,12,115,22,https://www.facebook.com/davidwei0201?mibextid=LQQJ4d,https://instagram.com/davidwei0201,https://youtube.com/@alicegood36,,,Singer / Songwriter,,,,"每一次告別後， 心總急著奔向下一個懷抱， 好像只要有人愛著，日子就能繼續。 直到停下來，才發現那些傷，從來沒有真正痊癒。 —— 寫給那些曾以愛情為生的人 ·⌁⌁⌁·⌁⌁⌁ 30% ⌁⌁⌁·⌁⌁⌁· //音樂製作名單 Music Credits// 詞 Lyricist｜魏品勻David Wei 曲 Composer ｜魏品勻David Wei 製作人 Producer ｜魏品勻David Wei 執行製作 Executive Producer｜林均憲 Shan Lin 編曲 Arrangement｜林均憲 Shan Lin 電吉他 Electric Guitar｜鄭劭華  Ernie Cheng 電子鼓編輯 Drum Programming｜賴以弘 Steven Lai 和聲 Backing Vocals｜魏品勻David Wei 錄音工程師 Recording Engineer｜林均憲 Shan Lin 混音工程師 Mixing Engineer｜林均憲 Shan Lin 母帶工程師 Mastering Engineer｜Thomas Chuang 母帶後期錄音室 Mastering Studio｜Sketch Studio 專輯企劃 Project Coordinator｜王雁苓 Annie Wang 單曲封面 Single Cover｜吳昌諺 Ken Wu 
每一次告別後， 心總急著奔向下一個懷抱， 好像只要有人愛著，日子就能繼續。
直到停下來，才發現那些傷，從來沒有真正痊癒。
—— 寫給那些曾以愛情為生的人
·⌁⌁⌁·⌁⌁⌁ 30% ⌁⌁⌁·⌁⌁⌁·
//音樂製作名單 Music Credits//
詞 Lyricist｜魏品勻David Wei 曲 Composer ｜魏品勻David Wei 製作人 Producer ｜魏品勻David Wei 執行製作 Executive Producer｜林均憲 Shan Lin 編曲 Arrangement｜林均憲 Shan Lin 電吉他 Electric Guitar｜鄭劭華  Ernie Cheng 電子鼓編輯 Drum Programming｜賴以弘 Steven Lai 和聲 Backing Vocals｜魏品勻David Wei 錄音工程師 Recording Engineer｜林均憲 Shan Lin 混音工程師 Mixing Engineer｜林均憲 Shan Lin 母帶工程師 Mastering Engineer｜Thomas Chuang 母帶後期錄音室 Mastering Studio｜Sketch Studio 專輯企劃 Project Coordinator｜王雁苓 Annie Wang 單曲封面 Single Cover｜吳昌諺 Ken Wu","動態歌詞
我不知道 一個人的日子 怎麼活才好 我只是順從本能地找尋依靠 就算是曇花一現的那種溫暖也好 我不知道 一個人的日子 怎麼過才算好 是假裝只有自己也能擁抱 還是笑著說著 眼淚就掉了 我貪婪的在回憶裡舊地重溫 找尋著方法能再次以愛情為生 每一次曖昧擁抱和親吻 都是我的養分 我貪婪的在孤獨裡掙扎求生 找尋著方法能再次以愛情為生 嗚～嗚～ 我不知道 一個人的日子 怎麼活才好 我只是順從本能地找尋依靠 就算是曇花一現的那種溫暖也好 我不知道 一個人的日子 怎麼活才算好 管他們說我再也無可救藥 就算一遍又一遍的壯烈犧牲 我貪婪的在回憶裡舊地重溫 找尋著方法能再次以愛情為生 每一次曖昧擁抱和親吻 都是我的養分 我貪婪的在孤獨裡掙扎求生 找尋著方法能再次以愛情為生 嗚～嗚～ 也許 一個人 也會有燦爛光明的人生 但昏暗的孤獨的不想再承受了 我已在愛裡沈淪 我貪婪的在回憶裡舊地重溫 找尋著方法能再次以愛情為生 每一次曖昧擁抱和親吻 都是我的養分 我貪婪的在孤獨裡掙扎求生 找尋著方法能再次以愛情為生 嗚～嗚～ 為了能再嚐到愛情 我奮不顧身 
我不知道 一個人的日子 怎麼活才好 我只是順從本能地找尋依靠 就算是曇花一現的那種溫暖也好
我不知道 一個人的日子 怎麼過才算好 是假裝只有自己也能擁抱 還是笑著說著 眼淚就掉了
我貪婪的在回憶裡舊地重溫 找尋著方法能再次以愛情為生 每一次曖昧擁抱和親吻 都是我的養分
我貪婪的在孤獨裡掙扎求生 找尋著方法能再次以愛情為生 嗚～嗚～
我不知道 一個人的日子 怎麼活才好 我只是順從本能地找尋依靠 就算是曇花一現的那種溫暖也好 我不知道 一個人的日子 怎麼活才算好 管他們說我再也無可救藥 就算一遍又一遍的壯烈犧牲
我貪婪的在回憶裡舊地重溫 找尋著方法能再次以愛情為生 每一次曖昧擁抱和親吻 都是我的養分
我貪婪的在孤獨裡掙扎求生 找尋著方法能再次以愛情為生 嗚～嗚～
也許 一個人 也會有燦爛光明的人生 但昏暗的孤獨的不想再承受了 我已在愛裡沈淪
我貪婪的在回憶裡舊地重溫 找尋著方法能再次以愛情為生 每一次曖昧擁抱和親吻 都是我的養分
我貪婪的在孤獨裡掙扎求生 找尋著方法能再次以愛情為生 嗚～嗚～
為了能再嚐到愛情 我奮不顧身
留言（ 0 ） 最相關留言 所有留言
留言（ 0 ）",2026-08-14,,編輯推薦,True,False,
