snapshot_time,chart_timeframe,chart_genre,chart_year,chart_week,rank,artist_name,song_title,likes_count,play_count,comments_count,song_url,artist_url,cover_image_url,cover_image_local_path,artist_handle,artist_identity,artist_city,artist_joined_date,artist_accredited_datetime,artist_music_count,artist_fans_count,artist_following_count,artist_facebook_url,artist_instagram_url,artist_youtube_url,related_news,big_thing_appearances,genre,album_title,album_url,collaborators,description,lyrics,release_date,song_accredited_datetime,honors,is_editor_recommended,is_song_of_the_day,critic_review_url
2026-09-08 22:32:43,realtime,rock,,,1,紙鳶 Seizer,平凡的一天 feat. 知更 John Stoniae,64,3464,0,https://streetvoice.com/seizer_official/songs/876176/,https://streetvoice.com/seizer_official/,"https://akstatic.streetvoice.com/music_albums/se/iz/seizer_official/N2aTYNoA3NBNhQWwfjgotd.jpeg?x-oss-process=image/resize,m_fill,h_400,w_400,limit_0",images/876176.jpeg,@seizer_official,音樂人,台中市,2024-08-01,2024-09-10 20:11,5,639,,,https://www.instagram.com/seizer.com.tw/,https://www.youtube.com/user/StreetVoiceTV,紙鳶首登泰國Monster Music Festival 回歸宣布新專輯《缺頁的名冊》即將發行|||https://blow.streetvoice.com/89229/?utm_source=streetvoice&utm_medium=profile-news-block; 北流「Open Lab人才培育計畫」五週年成果亮眼 媒合紙鳶登泰國音樂節|||https://blow.streetvoice.com/88857/?utm_source=streetvoice&utm_medium=profile-news-block; 紙鳶聯手羊米人推出首支台語單曲〈六月的雨縫〉為9月新專輯暖身|||https://blow.streetvoice.com/88034/?utm_source=streetvoice&utm_medium=profile-news-block,,Rock,缺頁的名冊,https://streetvoice.com/seizer_official/songs/album/97325949/,,"詞 Lyricist｜仁杰 曲 Composer｜ 仁杰、蘇崇祐 Kay 編曲 Music Arranger｜紙鳶 Seizer、知更John Stoniae 演唱 Vocal｜仁杰、知更John Stoniae、蘇崇祐 Kay 木吉他 Acoustic Guitar｜蘇崇祐 Kay 電吉他 Electric Guitar｜楊博皓 Seal、知更John Stoniae 貝斯 Bass｜呂建亨 Henry 鼓組 Drum｜王秉宸 Daniel 合成器 Synth｜楊博皓 Seal 製作人 Producer｜楊博皓 Seal 配唱製作 Vocal Producer｜知更John Stoniae、蘇崇祐 Kay 鼓組聲音設計& 技師 Drum Sound Design & Technician｜余璨宇 Yu Tsan Yu 和聲 Backing Vocal｜仁杰、蘇崇祐 Kay、知更John Stoniae 和聲編寫 Backing Vocal Arrangement｜仁杰、蘇崇祐 Kay、知更John Stoniae 弦樂編寫 Strings Arrangement｜Stefano Tiero 弦樂 Strings｜DoubleSharp Production 小提琴 Violin Section｜Claudia Roccon, Leonardo Lombardi, Isabella Mastroeni, Francesca Vanoncini 大提琴 Cello｜Jingbo Wang 錄音師 Recording Engineer｜楊昊 HAO Young、楊韜 TAO Young(Drum/AG/EG/BASS/Vocal) 、Federico Tiero（Strings) 錄音室 Recording Studio｜雲耀音樂 Ultimate Studio Inc、iCarus Studio（Strings) 聲音編輯 Editing Engineer｜楊昊 HAO Young、楊博皓 Seal 混音師 Mixing Engineer｜張家誠 Chia Chen Chang 母帶後期製作 Stem Mastering｜張家誠 Chia Chen Chang 
詞 Lyricist｜仁杰 曲 Composer｜ 仁杰、蘇崇祐 Kay 編曲 Music Arranger｜紙鳶 Seizer、知更John Stoniae
演唱 Vocal｜仁杰、知更John Stoniae、蘇崇祐 Kay 木吉他 Acoustic Guitar｜蘇崇祐 Kay 電吉他 Electric Guitar｜楊博皓 Seal、知更John Stoniae 貝斯 Bass｜呂建亨 Henry 鼓組 Drum｜王秉宸 Daniel 合成器 Synth｜楊博皓 Seal
製作人 Producer｜楊博皓 Seal 配唱製作 Vocal Producer｜知更John Stoniae、蘇崇祐 Kay 鼓組聲音設計& 技師 Drum Sound Design & Technician｜余璨宇 Yu Tsan Yu 和聲 Backing Vocal｜仁杰、蘇崇祐 Kay、知更John Stoniae 和聲編寫 Backing Vocal Arrangement｜仁杰、蘇崇祐 Kay、知更John Stoniae 弦樂編寫 Strings Arrangement｜Stefano Tiero 弦樂 Strings｜DoubleSharp Production 小提琴 Violin Section｜Claudia Roccon, Leonardo Lombardi, Isabella Mastroeni, Francesca Vanoncini 大提琴 Cello｜Jingbo Wang
錄音師 Recording Engineer｜楊昊 HAO Young、楊韜 TAO Young(Drum/AG/EG/BASS/Vocal) 、Federico Tiero（Strings) 錄音室 Recording Studio｜雲耀音樂 Ultimate Studio Inc、iCarus Studio（Strings) 聲音編輯 Editing Engineer｜楊昊 HAO Young、楊博皓 Seal
混音師 Mixing Engineer｜張家誠 Chia Chen Chang 母帶後期製作 Stem Mastering｜張家誠 Chia Chen Chang","活在永遠無法抹滅的陰影 與痛苦並行的人們 至多就是報導上的一瞥 而我過著再平凡不過的一天 我望著電視裡罹難的一切 與我而言那悲傷只有片刻銘心 日曆上用鮮血換來的紀念 對你我來說 都只是 平凡不過的一天 感受不到分秒的消逝 是還未發生足以窒息的苦難 還是為了等到那天的到來 繼續過著再平凡不過的一天 我望著電視裡罹難的一切 與我而言那悲傷只有片刻銘心 日曆上用鮮血換來的紀念 對你我來說 都只是 平凡不過的 
活在永遠無法抹滅的陰影 與痛苦並行的人們 至多就是報導上的一瞥 而我過著再平凡不過的一天
我望著電視裡罹難的一切 與我而言那悲傷只有片刻銘心 日曆上用鮮血換來的紀念 對你我來說 都只是 平凡不過的一天
感受不到分秒的消逝 是還未發生足以窒息的苦難 還是為了等到那天的到來 繼續過著再平凡不過的一天
我望著電視裡罹難的一切 與我而言那悲傷只有片刻銘心 日曆上用鮮血換來的紀念 對你我來說 都只是 平凡不過的
留言（ 0 ） 最相關留言 所有留言
留言（ 0 ）",2026-09-03,,Song of the Day; 編輯推薦,True,True,
2026-09-08 22:32:43,realtime,rock,,,2,紙鳶 Seizer,偽善,57,4200,9,https://streetvoice.com/seizer_official/songs/876178/,https://streetvoice.com/seizer_official/,"https://akstatic.streetvoice.com/music_albums/se/iz/seizer_official/N2aTYNoA3NBNhQWwfjgotd.jpeg?x-oss-process=image/resize,m_fill,h_400,w_400,limit_0",images/876178.jpeg,@seizer_official,音樂人,台中市,2024-08-01,2024-09-10 20:11,5,639,,,https://www.instagram.com/seizer.com.tw/,https://www.youtube.com/user/StreetVoiceTV,紙鳶首登泰國Monster Music Festival 回歸宣布新專輯《缺頁的名冊》即將發行|||https://blow.streetvoice.com/89229/?utm_source=streetvoice&utm_medium=profile-news-block; 北流「Open Lab人才培育計畫」五週年成果亮眼 媒合紙鳶登泰國音樂節|||https://blow.streetvoice.com/88857/?utm_source=streetvoice&utm_medium=profile-news-block; 紙鳶聯手羊米人推出首支台語單曲〈六月的雨縫〉為9月新專輯暖身|||https://blow.streetvoice.com/88034/?utm_source=streetvoice&utm_medium=profile-news-block,,Alternative,缺頁的名冊,https://streetvoice.com/seizer_official/songs/album/97325949/,,"詞 Lyrics｜仁杰 曲 Composer｜仁杰 編曲 Arrangement｜紙鳶 Seizer 主唱 Vocal｜仁杰 和聲 Backing Vocal｜紙鳶 Seizer 木吉他 Acoustic Guitar｜蘇崇祐 Kay 電吉他 Electric Guitar｜楊博皓 Seal 貝斯 Bass｜呂建亨 Henry 鼓組 Drum｜王秉宸 Daniel 鍵盤與合成器 ｜Keyboards & Synth Design｜楊博皓 Seal 弦樂編寫 Strings Arrangement｜蔡曜宇 Shuon Tsai 弦樂統籌/監製 String Coordinator/Producer｜蔡曜宇 Shuon Tsai 弦樂 Strings｜曜爆甘音樂工作室 Just Busy Music Studio 第一小提琴 First Violin｜陳奕勇 Yi-Yung Chen、駱思云 Ssu-Yun Lo、朱奕寧 Yi-Ning Ju 第二小提琴 Second Violin｜黃雨柔 Nala Huang、黃瑾諍 Chin-Cheng Huang 中提琴 Viola｜潘自琦 Tzu-Chi Pan、牟啟東 Wayne Mau 大提琴 Cello｜白竹君 Chu-Chun Pai 弦樂團行政String Administration｜林舜瑜 Shun-Yu Lin 弦樂錄音師 String Recording Engineer｜朱品豪 Pin-Hao Ju 弦樂錄音室String Recording Studio｜玉成戲院錄音室 YuChen Cinema Studio 製作人 Producer｜楊博皓 Seal 鼓組錄音室 Drum Recording Studio｜秉乾工作室 鼓組錄音師 Drum Recording Engineer｜張家誠 Chia Chen Chang 鼓技師 Drum Technician｜莊開旭 Cash Chuang 人聲錄音室 Vocal Recording Studio｜失眠招待所 Insomnia Hotel Studio 人聲配唱 Vocal Producer｜蘇崇祐 Kay 和聲編寫 Backing Vocal Arrangement｜楊博皓 Seal、仁杰、蘇崇祐 Kay 錄音師 Recording Engineer｜楊博皓 Seal 混音師 Mixing Engineer｜張家誠 Chia Chen Chang 母帶後期製作 Mastering Engineer｜張家誠 Chia Chen Chang 
詞 Lyrics｜仁杰 曲 Composer｜仁杰 編曲 Arrangement｜紙鳶 Seizer
主唱 Vocal｜仁杰 和聲 Backing Vocal｜紙鳶 Seizer 木吉他 Acoustic Guitar｜蘇崇祐 Kay 電吉他 Electric Guitar｜楊博皓 Seal 貝斯 Bass｜呂建亨 Henry 鼓組 Drum｜王秉宸 Daniel 鍵盤與合成器 ｜Keyboards & Synth Design｜楊博皓 Seal
弦樂編寫 Strings Arrangement｜蔡曜宇 Shuon Tsai 弦樂統籌/監製 String Coordinator/Producer｜蔡曜宇 Shuon Tsai 弦樂 Strings｜曜爆甘音樂工作室 Just Busy Music Studio 第一小提琴 First Violin｜陳奕勇 Yi-Yung Chen、駱思云 Ssu-Yun Lo、朱奕寧 Yi-Ning Ju 第二小提琴 Second Violin｜黃雨柔 Nala Huang、黃瑾諍 Chin-Cheng Huang 中提琴 Viola｜潘自琦 Tzu-Chi Pan、牟啟東 Wayne Mau 大提琴 Cello｜白竹君 Chu-Chun Pai 弦樂團行政String Administration｜林舜瑜 Shun-Yu Lin 弦樂錄音師 String Recording Engineer｜朱品豪 Pin-Hao Ju 弦樂錄音室String Recording Studio｜玉成戲院錄音室 YuChen Cinema Studio
製作人 Producer｜楊博皓 Seal 鼓組錄音室 Drum Recording Studio｜秉乾工作室 鼓組錄音師 Drum Recording Engineer｜張家誠 Chia Chen Chang 鼓技師 Drum Technician｜莊開旭 Cash Chuang 人聲錄音室 Vocal Recording Studio｜失眠招待所 Insomnia Hotel Studio 人聲配唱 Vocal Producer｜蘇崇祐 Kay 和聲編寫 Backing Vocal Arrangement｜楊博皓 Seal、仁杰、蘇崇祐 Kay 錄音師 Recording Engineer｜楊博皓 Seal
混音師 Mixing Engineer｜張家誠 Chia Chen Chang 母帶後期製作 Mastering Engineer｜張家誠 Chia Chen Chang","真正善良的人不會出現在眾人眼前 又怎能保證從善的人不是帶著假面 每個人心裏定義的善惡 輕易的扼殺社會現象的準則 躲在螢幕後面的醜惡 肆意煽動本就稀缺的尊重包容 想起身對抗不義不公 無奈大多數都選擇無動於衷 說一件被人遺忘的遺憾 爭一口別人無視的正義 明明沒錯卻被說成偽善 莫須有般成為眾矢之的 說一件被人遺忘的遺憾 爭一口別人無視的正義 明明沒錯卻被說成偽善 莫須有般成為眾矢之的 論是非對錯到最後也都流於形式 永遠都會有人在道德上鄙視 說一件被人遺忘的遺憾 爭一口別人無視的正義 明明沒錯卻被說成偽善 莫須有般成為眾矢之的 說一件被人遺忘的遺憾 爭一口別人無視的正義 明明沒錯卻被說成偽善 莫須有般成為眾矢之的 (La la la la) 說一件被人遺忘的遺憾 爭一口別人無視的正義 明明沒錯卻被說成偽善 莫須有般成為眾矢之的 
真正善良的人不會出現在眾人眼前 又怎能保證從善的人不是帶著假面 每個人心裏定義的善惡 輕易的扼殺社會現象的準則
躲在螢幕後面的醜惡 肆意煽動本就稀缺的尊重包容 想起身對抗不義不公 無奈大多數都選擇無動於衷
說一件被人遺忘的遺憾 爭一口別人無視的正義 明明沒錯卻被說成偽善 莫須有般成為眾矢之的
說一件被人遺忘的遺憾 爭一口別人無視的正義 明明沒錯卻被說成偽善 莫須有般成為眾矢之的
論是非對錯到最後也都流於形式 永遠都會有人在道德上鄙視
說一件被人遺忘的遺憾 爭一口別人無視的正義 明明沒錯卻被說成偽善 莫須有般成為眾矢之的
說一件被人遺忘的遺憾 爭一口別人無視的正義 明明沒錯卻被說成偽善 莫須有般成為眾矢之的
(La la la la)
說一件被人遺忘的遺憾 爭一口別人無視的正義 明明沒錯卻被說成偽善 莫須有般成為眾矢之的
留言（ 9 ） 最相關留言 所有留言
留言（ 9 ）",2026-09-03,,編輯推薦,True,False,
2026-09-08 22:32:43,realtime,rock,,,3,漁光倒 Yuguang Fall,我覺得,17,1402,26,https://streetvoice.com/yuguangfall/songs/877535/,https://streetvoice.com/yuguangfall/,"https://akstatic.streetvoice.com/song_covers/yu/gu/yuguangfall/dHmoVrodQ2EyPm2gnCuPEo.jpeg?x-oss-process=image/resize,m_fill,h_400,w_400,limit_0",images/877535.jpeg,@yuguangfall,音樂人,,,2024-03-07 11:25,5,217,5,https://www.facebook.com/people/%E6%BC%81%E5%85%89%E5%80%92-Yuguang-Fall/61550647631554/?notif_id=1709396477226024&notif_t=page_user_activity&ref=notif,https://www.instagram.com/yuguangfall/,https://www.youtube.com/user/StreetVoiceTV,,,Rock,,,,"單曲《我覺得》工作人員名單 Credits 詞 Lyricist｜陳泓達 ADA 曲 Composer｜張幃Weiiii 編曲 Arranger｜陳泓達 ADA 封面設計 Cover Art & Photography｜Kezia 製作 Producer｜漁光倒 Yuguang Fall 演唱、樂器｜ 演唱 Vocals｜張幃 Weiiii 吉他 Guitars ｜瘋哥 Madbrother69 貝斯 Bass｜涂育閔 Yumin Tu 鼓組 Drums｜廖本陽 Benyang Liao 鍵盤 Keyboard｜陳泓達 ADA 工程協力｜ 人聲錄音師 Vocal Recording Engineer｜陳泓達 ADA 人聲錄音室 Vocal Recording Studio｜89 Studio 人聲剪輯 Vocal Editing｜陳泓達 ADA 鼓組錄音師 Drum Recording Engineer｜金皓哲 Jin Hao Che 鼓組錄音室 Drum Recording Studio｜國立臺南藝術大學應用音樂系錄音室 TNNUA DAM Studio 混音工程師 Mixing Engineer ｜王希舞 母帶後期工程師 Mastering Engineer｜王希舞 特別感謝 Special Thanks to｜ 立羽文創 LitWings Ent. Ltd. 
單曲《我覺得》工作人員名單 Credits
詞 Lyricist｜陳泓達 ADA 曲 Composer｜張幃Weiiii 編曲 Arranger｜陳泓達 ADA 封面設計 Cover Art & Photography｜Kezia 製作 Producer｜漁光倒 Yuguang Fall
演唱、樂器｜ 演唱 Vocals｜張幃 Weiiii 吉他 Guitars ｜瘋哥 Madbrother69 貝斯 Bass｜涂育閔 Yumin Tu 鼓組 Drums｜廖本陽 Benyang Liao 鍵盤 Keyboard｜陳泓達 ADA
工程協力｜ 人聲錄音師 Vocal Recording Engineer｜陳泓達 ADA 人聲錄音室 Vocal Recording Studio｜89 Studio 人聲剪輯 Vocal Editing｜陳泓達 ADA 鼓組錄音師 Drum Recording Engineer｜金皓哲 Jin Hao Che 鼓組錄音室 Drum Recording Studio｜國立臺南藝術大學應用音樂系錄音室 TNNUA DAM Studio 混音工程師 Mixing Engineer ｜王希舞 母帶後期工程師 Mastering Engineer｜王希舞
特別感謝 Special Thanks to｜ 立羽文創 LitWings Ent. Ltd.","在心中無聲的吶喊 熱血堆疊成遺憾 陳列在積灰的窗檯 當訕笑耳際邊充滿 星點沈默於黑暗 你期盼誰的安排 等待著奇蹟的到來 卻在原地徘徊 世界依舊運轉 就算未知的將來 有期待 也會有傷害 我明白夢不會停站 是誰在定義我的未來 就算面對多少障礙 有我在 你身後為你喝彩 這是我的時代 別再定義誰的未來 故事將由我寫下答案 以我的姿態 在厭倦一切的狀態 悸動消聲於感慨 再讓想像化作空談 當無人成你的主宰 拋開顧慮和推算 你應該自己勇敢 點燃這舞臺的昏暗 卻只敢回頭看 細數著錯過的遺憾 就算淚珠的倒影 有失敗 也會有光彩 夢的旅程 將要展開 是誰在定義我的未來 就算面對多少障礙 有我在 身後為你喝采 這是我的時代 別再定義誰的未來 故事將由我寫下答案 我的未來 狗嘴會不會吐出象牙 狗嘴會不會吐出象牙 都給我聽好背刺的無賴 世道毀壞 真相越辯越白 我就是我主宰 那些謾罵的廢話的給我滾開 是誰在定義我的未來 就算面對多少障礙 有我在 身後為你喝采 這是我的時代 別再定義誰的未來 故事將由我寫下答案 我的未來 
在心中無聲的吶喊 熱血堆疊成遺憾 陳列在積灰的窗檯
當訕笑耳際邊充滿 星點沈默於黑暗 你期盼誰的安排
等待著奇蹟的到來 卻在原地徘徊 世界依舊運轉
就算未知的將來 有期待 也會有傷害 我明白夢不會停站
是誰在定義我的未來 就算面對多少障礙 有我在 你身後為你喝彩 這是我的時代
別再定義誰的未來 故事將由我寫下答案 以我的姿態
在厭倦一切的狀態 悸動消聲於感慨 再讓想像化作空談
當無人成你的主宰 拋開顧慮和推算 你應該自己勇敢
點燃這舞臺的昏暗 卻只敢回頭看 細數著錯過的遺憾
就算淚珠的倒影 有失敗 也會有光彩 夢的旅程 將要展開
是誰在定義我的未來 就算面對多少障礙 有我在 身後為你喝采 這是我的時代
別再定義誰的未來 故事將由我寫下答案 我的未來
狗嘴會不會吐出象牙 狗嘴會不會吐出象牙
都給我聽好背刺的無賴 世道毀壞 真相越辯越白
我就是我主宰 那些謾罵的廢話的給我滾開
是誰在定義我的未來 就算面對多少障礙 有我在 身後為你喝采 這是我的時代
別再定義誰的未來 故事將由我寫下答案 我的未來
留言（ 26 ） 最相關留言 所有留言
留言（ 26 ）",2026-09-07,,編輯推薦,True,False,
2026-09-08 22:32:43,realtime,rock,,,4,紙鳶 Seizer,Taste me Alive feat. 旅人至凱,36,4280,9,https://streetvoice.com/seizer_official/songs/876175/,https://streetvoice.com/seizer_official/,"https://akstatic.streetvoice.com/music_albums/se/iz/seizer_official/N2aTYNoA3NBNhQWwfjgotd.jpeg?x-oss-process=image/resize,m_fill,h_400,w_400,limit_0",images/876175.jpeg,@seizer_official,音樂人,台中市,2024-08-01,2024-09-10 20:11,5,639,,,https://www.instagram.com/seizer.com.tw/,https://www.youtube.com/user/StreetVoiceTV,紙鳶首登泰國Monster Music Festival 回歸宣布新專輯《缺頁的名冊》即將發行|||https://blow.streetvoice.com/89229/?utm_source=streetvoice&utm_medium=profile-news-block; 北流「Open Lab人才培育計畫」五週年成果亮眼 媒合紙鳶登泰國音樂節|||https://blow.streetvoice.com/88857/?utm_source=streetvoice&utm_medium=profile-news-block; 紙鳶聯手羊米人推出首支台語單曲〈六月的雨縫〉為9月新專輯暖身|||https://blow.streetvoice.com/88034/?utm_source=streetvoice&utm_medium=profile-news-block,,Alternative,缺頁的名冊,https://streetvoice.com/seizer_official/songs/album/97325949/,,"詞 Lyrics｜仁杰、胡至凱 HzKai 曲 Composer｜仁杰、胡至凱 HzKai 編曲 Arrangement｜紙鳶 Seizer 主唱 Vocal｜仁杰、胡至凱 HzKai 和聲 Backing Vocal｜仁杰、胡至凱 HzKai 和聲編寫 Backing Vocal Arrangement｜魏翔鎰 Wade Wei 電吉他 Electric Guitar｜楊博皓 Seal 貝斯 Bass｜呂建亨 Henry 鼓組 Drum｜王秉宸 Daniel 鍵盤與合成器 ｜Keyboards & Synth Design｜楊博皓 Seal 製作人 Producer｜楊博皓 Seal 鼓組錄音室 Drum Recording Studio｜秉乾工作室 鼓組錄音師 Drum Recording Engineer｜張家誠 Chia Chen Chang 鼓技師 Drum Technician｜莊開旭 Cash Chuang 人聲錄音室 Vocal Recording Studio｜灰帽 Gray Hat Studio 人聲配唱 Vocal Producer｜魏翔鎰 Wade Wei 和聲編寫 Backing Vocal Arrangement｜魏翔鎰 Wade Wei 人聲錄音師 Vocal Recording Engineer｜梁祐鈞 Jim 貝斯、電吉他錄音師 Recording Engineer｜楊博皓 Seal 混音師 Mixing Engineer｜張家誠 Chia Chen Chang 母帶後期製作 Mastering Engineer｜張家誠 Chia Chen Chang 
詞 Lyrics｜仁杰、胡至凱 HzKai 曲 Composer｜仁杰、胡至凱 HzKai 編曲 Arrangement｜紙鳶 Seizer
主唱 Vocal｜仁杰、胡至凱 HzKai 和聲 Backing Vocal｜仁杰、胡至凱 HzKai 和聲編寫 Backing Vocal Arrangement｜魏翔鎰 Wade Wei 電吉他 Electric Guitar｜楊博皓 Seal 貝斯 Bass｜呂建亨 Henry 鼓組 Drum｜王秉宸 Daniel 鍵盤與合成器 ｜Keyboards & Synth Design｜楊博皓 Seal
製作人 Producer｜楊博皓 Seal 鼓組錄音室 Drum Recording Studio｜秉乾工作室 鼓組錄音師 Drum Recording Engineer｜張家誠 Chia Chen Chang 鼓技師 Drum Technician｜莊開旭 Cash Chuang 人聲錄音室 Vocal Recording Studio｜灰帽 Gray Hat Studio 人聲配唱 Vocal Producer｜魏翔鎰 Wade Wei 和聲編寫 Backing Vocal Arrangement｜魏翔鎰 Wade Wei 人聲錄音師 Vocal Recording Engineer｜梁祐鈞 Jim 貝斯、電吉他錄音師 Recording Engineer｜楊博皓 Seal
混音師 Mixing Engineer｜張家誠 Chia Chen Chang 母帶後期製作 Mastering Engineer｜張家誠 Chia Chen Chang","我在夜裡消化千百思緒 入睡前卻只拉出了沈默 又是聽誰說我不夠謙虛 自我催眠騙自己想太多 積累在昨天的憤慨或不安 閉上眼置身事外 一覺醒來以為事過境遷但 這些白癡依然想讓我活在 活在誰的嘴裡　在他味蕾上放個屁 （摀著臉只露出嘴巴的變態 說話只為了想看誰被誰幹） 我有我的真理　你不愛就別放嘴裡 （活在這文字超營養的生態 我不會因為被咀嚼就腐爛） 擔心你們智商記不住超過八句詞 宵夜嗑完所有意見我早上拉一池 這坨富有哲學思想請隨便拿去吃 你邊嫌邊吞欲求不滿還說再一次 一堆弱智　嘴砲都能錯字 整天除了發廢文就是幹破事 為了環保請你快過世 針對我腦袋的牛角你他媽就盡情鑽 笑死根本沒快感像你沒用的性器官 積累在昨天的憤慨或不安 閉上眼置身事外 我會在四處出沒邀請你來現場看 到面前TELL ME HOW I FUCKING TASTE LIKE 活在誰的嘴裡　在他味蕾上放個屁 （摀著臉只露出嘴巴的變態 說話只為了想看誰被誰幹） 我有我的真理　你不愛就別放嘴裡 （活在這文字超營養的生態 我不會因為被咀嚼就腐爛） 思想的巨人　拿到鍵盤也變混蛋 千篇一律在氾濫　你們全都是戰犯 像是在朝拜　都沒有臉看 全部都跪下接住我的厚愛 我有我的真理　你不愛就別放嘴裡 邊嫌邊吃你這犯賤的變態 吞下去TELL ME HOW I FUCKING TASTE LIKE 
我在夜裡消化千百思緒 入睡前卻只拉出了沈默 又是聽誰說我不夠謙虛 自我催眠騙自己想太多
積累在昨天的憤慨或不安 閉上眼置身事外 一覺醒來以為事過境遷但 這些白癡依然想讓我活在
活在誰的嘴裡　在他味蕾上放個屁 （摀著臉只露出嘴巴的變態 說話只為了想看誰被誰幹） 我有我的真理　你不愛就別放嘴裡 （活在這文字超營養的生態 我不會因為被咀嚼就腐爛）
擔心你們智商記不住超過八句詞 宵夜嗑完所有意見我早上拉一池 這坨富有哲學思想請隨便拿去吃 你邊嫌邊吞欲求不滿還說再一次 一堆弱智　嘴砲都能錯字 整天除了發廢文就是幹破事 為了環保請你快過世
針對我腦袋的牛角你他媽就盡情鑽 笑死根本沒快感像你沒用的性器官
積累在昨天的憤慨或不安 閉上眼置身事外 我會在四處出沒邀請你來現場看 到面前TELL ME HOW I FUCKING TASTE LIKE
活在誰的嘴裡　在他味蕾上放個屁 （摀著臉只露出嘴巴的變態 說話只為了想看誰被誰幹）
我有我的真理　你不愛就別放嘴裡 （活在這文字超營養的生態 我不會因為被咀嚼就腐爛）
思想的巨人　拿到鍵盤也變混蛋 千篇一律在氾濫　你們全都是戰犯 像是在朝拜　都沒有臉看 全部都跪下接住我的厚愛
我有我的真理　你不愛就別放嘴裡 邊嫌邊吃你這犯賤的變態 吞下去TELL ME HOW I FUCKING TASTE LIKE
留言（ 9 ） 最相關留言 所有留言
留言（ 9 ）",2026-09-03,,編輯推薦,True,False,
2026-09-08 22:32:43,realtime,rock,,,5,紙鳶 Seizer,墜,51,4835,17,https://streetvoice.com/seizer_official/songs/876182/,https://streetvoice.com/seizer_official/,"https://akstatic.streetvoice.com/music_albums/se/iz/seizer_official/N2aTYNoA3NBNhQWwfjgotd.jpeg?x-oss-process=image/resize,m_fill,h_400,w_400,limit_0",images/876182.jpeg,@seizer_official,音樂人,台中市,2024-08-01,2024-09-10 20:11,5,639,,,https://www.instagram.com/seizer.com.tw/,https://www.youtube.com/user/StreetVoiceTV,紙鳶首登泰國Monster Music Festival 回歸宣布新專輯《缺頁的名冊》即將發行|||https://blow.streetvoice.com/89229/?utm_source=streetvoice&utm_medium=profile-news-block; 北流「Open Lab人才培育計畫」五週年成果亮眼 媒合紙鳶登泰國音樂節|||https://blow.streetvoice.com/88857/?utm_source=streetvoice&utm_medium=profile-news-block; 紙鳶聯手羊米人推出首支台語單曲〈六月的雨縫〉為9月新專輯暖身|||https://blow.streetvoice.com/88034/?utm_source=streetvoice&utm_medium=profile-news-block,,Alternative,缺頁的名冊,https://streetvoice.com/seizer_official/songs/album/97325949/,,"詞 Lyrics｜仁杰 曲 Composer｜仁杰 編曲 Arrangement｜蔣希謙 TOC、紙鳶 Seizer 主唱 Vocal｜仁杰 和聲 Backing Vocal｜仁杰、蘇崇祐 Kay 電吉他 Electric Guitar｜楊博皓 Seal 貝斯 Bass｜呂建亨 Henry 鼓組 Drum｜王秉宸 Daniel 製作人 Producer｜楊博皓 Seal 鼓組錄音室 Drum Recording Studio｜秉乾工作室 鼓組錄音師 Drum Recording Engineer｜張家誠 Chia Chen Chang 鼓技師 Drum Technician｜莊開旭 Cash Chuang 人聲錄音室 Vocal Recording Studio｜RecoverStudio 人聲配唱 Vocal Producer｜蘇崇祐 Kay 錄音師 Recording Engineer｜楊博皓 Seal 混音師 Mixing Engineer｜張家誠 Chia Chen Chang 母帶後期製作 Mastering Engineer｜張家誠 Chia Chen Chang 
詞 Lyrics｜仁杰 曲 Composer｜仁杰 編曲 Arrangement｜蔣希謙 TOC、紙鳶 Seizer
主唱 Vocal｜仁杰 和聲 Backing Vocal｜仁杰、蘇崇祐 Kay 電吉他 Electric Guitar｜楊博皓 Seal 貝斯 Bass｜呂建亨 Henry 鼓組 Drum｜王秉宸 Daniel
製作人 Producer｜楊博皓 Seal 鼓組錄音室 Drum Recording Studio｜秉乾工作室 鼓組錄音師 Drum Recording Engineer｜張家誠 Chia Chen Chang 鼓技師 Drum Technician｜莊開旭 Cash Chuang 人聲錄音室 Vocal Recording Studio｜RecoverStudio
人聲配唱 Vocal Producer｜蘇崇祐 Kay 錄音師 Recording Engineer｜楊博皓 Seal
混音師 Mixing Engineer｜張家誠 Chia Chen Chang 母帶後期製作 Mastering Engineer｜張家誠 Chia Chen Chang","不再熾熱的心已破碎支離 隻身在沒有光亮的黎明 我救不了你 也救不了我自己 盡歡而散 後的氣球 洩掉了虛偽的快樂 不堪入 目的 狼藉 早被慣性的棄之不理 讓我睡在空盪的心房裡 貪圖地夢著美好的憧憬 不再熾熱的心已破碎支離 隻身在沒有光亮的黎明 我救不了你 也救不了我自己 讓我睡在空盪的心房裡 貪圖地夢著美好的憧憬 Nobody save me Nobody save me Nobody save me Nobody save me 不再熾熱的心已破碎支離 隻身在沒有光亮的黎明 我救不了你　也救不了我自己 不再完整的我墜入深淵裡 卻還把殘存的愛留給你 我救不了你　也救不了我自己 
不再熾熱的心已破碎支離 隻身在沒有光亮的黎明 我救不了你 也救不了我自己
盡歡而散 後的氣球 洩掉了虛偽的快樂 不堪入 目的 狼藉 早被慣性的棄之不理
讓我睡在空盪的心房裡 貪圖地夢著美好的憧憬
不再熾熱的心已破碎支離 隻身在沒有光亮的黎明 我救不了你 也救不了我自己
讓我睡在空盪的心房裡 貪圖地夢著美好的憧憬
Nobody save me Nobody save me Nobody save me Nobody save me
不再熾熱的心已破碎支離 隻身在沒有光亮的黎明 我救不了你　也救不了我自己
不再完整的我墜入深淵裡 卻還把殘存的愛留給你 我救不了你　也救不了我自己
留言（ 17 ） 最相關留言 所有留言
留言（ 17 ）",2026-09-03,,編輯推薦,True,False,
2026-09-08 22:32:43,realtime,rock,,,6,紙鳶 Seizer,缺頁的名冊,28,4292,6,https://streetvoice.com/seizer_official/songs/876179/,https://streetvoice.com/seizer_official/,"https://akstatic.streetvoice.com/music_albums/se/iz/seizer_official/N2aTYNoA3NBNhQWwfjgotd.jpeg?x-oss-process=image/resize,m_fill,h_400,w_400,limit_0",images/876179.jpeg,@seizer_official,音樂人,台中市,2024-08-01,2024-09-10 20:11,5,639,,,https://www.instagram.com/seizer.com.tw/,https://www.youtube.com/user/StreetVoiceTV,紙鳶首登泰國Monster Music Festival 回歸宣布新專輯《缺頁的名冊》即將發行|||https://blow.streetvoice.com/89229/?utm_source=streetvoice&utm_medium=profile-news-block; 北流「Open Lab人才培育計畫」五週年成果亮眼 媒合紙鳶登泰國音樂節|||https://blow.streetvoice.com/88857/?utm_source=streetvoice&utm_medium=profile-news-block; 紙鳶聯手羊米人推出首支台語單曲〈六月的雨縫〉為9月新專輯暖身|||https://blow.streetvoice.com/88034/?utm_source=streetvoice&utm_medium=profile-news-block,,Alternative,缺頁的名冊,https://streetvoice.com/seizer_official/songs/album/97325949/,,"編曲 Arrangement｜紙鳶 Seizer、張家誠 Chia Chen Chang 電吉他 Electric Guitar｜楊博皓 Seal 貝斯 Bass｜呂建亨 Henry 鼓組 Drum｜張家誠 Chia Chen Chang 鍵盤與合成器 Keyboards & Synth Design｜楊博皓 Seal 製作人 Producer｜楊博皓 Seal 鼓組錄音室 Drum Recording Studio｜+x studio 鼓組錄音師 Drum Recording Engineer｜張家誠 Chia Chen Chang 鼓技師 Drum Technician｜莊開旭 Cash Chuang 混音師 Mixing Engineer｜張家誠 Chia Chen Chang 母帶後期製作 Mastering Engineer｜張家誠 Chia Chen Chang 
編曲 Arrangement｜紙鳶 Seizer、張家誠 Chia Chen Chang
電吉他 Electric Guitar｜楊博皓 Seal 貝斯 Bass｜呂建亨 Henry 鼓組 Drum｜張家誠 Chia Chen Chang 鍵盤與合成器 Keyboards & Synth Design｜楊博皓 Seal
製作人 Producer｜楊博皓 Seal 鼓組錄音室 Drum Recording Studio｜+x studio 鼓組錄音師 Drum Recording Engineer｜張家誠 Chia Chen Chang 鼓技師 Drum Technician｜莊開旭 Cash Chuang
混音師 Mixing Engineer｜張家誠 Chia Chen Chang 母帶後期製作 Mastering Engineer｜張家誠 Chia Chen Chang","這是沒有提供歌詞的歌曲
留言（ 6 ） 最相關留言 所有留言
留言（ 6 ）",2026-09-03,,編輯推薦,True,False,
2026-09-08 22:32:43,realtime,rock,,,7,BEFOREDREAM,我再也不說以後,7,135,5,https://streetvoice.com/BEFOREDREAM/songs/878463/,https://streetvoice.com/BEFOREDREAM/,"https://akstatic.streetvoice.com/song_covers/BE/FO/BEFOREDREAM/cAKpUkc42RDPsUv7u2DnvX.jpeg?x-oss-process=image/resize,m_fill,h_400,w_400,limit_0",images/878463.jpeg,@BEFOREDREAM,音樂人,,,,1,5,1,,,https://www.youtube.com/user/StreetVoiceTV,,,Punk,,,,"【BEFOREDREAM】 主唱 Vocal / 吉他 Guitar ｜ 侯宥圻 吉他 Guitar ｜ 羅青昊 貝斯 Bass ｜ 陳冠賓 鼓手 Drum ｜ 林易則 詞 Lyrics ｜ 林易則、侯宥圻 曲 Composing ｜ 林易則、侯宥圻 編曲 Arranging ｜ BEFOREDREAM 和聲編寫 Backing Vocal Arranging ｜ 侯宥圻 和聲 Backing Vocal ｜ 侯宥圻、李季軒 錄音 Recording ｜羅青昊 混音 Mixing | 羅青昊 母帶後期 Mastering | 羅青昊 大感謝 @561seirofalls 幫我們畫封面 
【BEFOREDREAM】 主唱 Vocal / 吉他 Guitar ｜ 侯宥圻 吉他 Guitar ｜ 羅青昊 貝斯 Bass ｜ 陳冠賓 鼓手 Drum ｜ 林易則
詞 Lyrics ｜ 林易則、侯宥圻 曲 Composing ｜ 林易則、侯宥圻 編曲 Arranging ｜ BEFOREDREAM 和聲編寫 Backing Vocal Arranging ｜ 侯宥圻 和聲 Backing Vocal ｜ 侯宥圻、李季軒 錄音 Recording ｜羅青昊 混音 Mixing | 羅青昊 母帶後期 Mastering | 羅青昊
大感謝 @561seirofalls 幫我們畫封面","我再也不說以後 再說的話我就是一條狗 那些曾說過的以後 以及易碎的承諾 時光湍急 急煞的激情 沖垮了相戀的證明 我再也不遺憾於曾經 曾以為我們還能 實現那些一起做過的夢 過去的畫面 回不去的從前 想著那天看著星星 手牽著手許下承諾 如今都已化作了泡沫 在你離開以後 我再也不敢想未來的生活 還是想要有你一起走 想了千百萬個說服自己的理由 試著接受你不在身後 過往不再 使我學習了 人生苦短 一切都在變換 陳舊畫面 你早已不掛念 顧著往前 就像斷掉的琴弦 我再也不說以後 再說的話我就是一條狗 那些曾說過的以後 以及易碎的承諾 時光湍急 急煞的激情 沖垮了相戀的證明 我再也不遺憾於曾經 時光荏苒早不如仍然 微風吹過 譜成了首歌 承載了重歸的自我 我再也不說以後 再說的話我就是一條狗 那些曾說過的以後 以及易碎的承諾 時光湍急 急煞的激情 沖垮了相戀的證明 不再有白日夢的許諾 
我再也不說以後 再說的話我就是一條狗 那些曾說過的以後 以及易碎的承諾 時光湍急 急煞的激情 沖垮了相戀的證明 我再也不遺憾於曾經
曾以為我們還能 實現那些一起做過的夢 過去的畫面 回不去的從前 想著那天看著星星 手牽著手許下承諾 如今都已化作了泡沫
在你離開以後 我再也不敢想未來的生活 還是想要有你一起走 想了千百萬個說服自己的理由 試著接受你不在身後
過往不再 使我學習了 人生苦短 一切都在變換 陳舊畫面 你早已不掛念 顧著往前 就像斷掉的琴弦
我再也不說以後 再說的話我就是一條狗 那些曾說過的以後 以及易碎的承諾 時光湍急 急煞的激情 沖垮了相戀的證明 我再也不遺憾於曾經
時光荏苒早不如仍然 微風吹過 譜成了首歌 承載了重歸的自我
我再也不說以後 再說的話我就是一條狗 那些曾說過的以後 以及易碎的承諾 時光湍急 急煞的激情 沖垮了相戀的證明 不再有白日夢的許諾
留言（ 5 ） 最相關留言 所有留言
留言（ 5 ）",2026-09-08,,編輯推薦,True,False,
2026-09-08 22:32:43,realtime,rock,,,8,紙鳶 Seizer,六月的雨縫 feat. 羊米人 YummyMan,33,2893,0,https://streetvoice.com/seizer_official/songs/876181/,https://streetvoice.com/seizer_official/,"https://akstatic.streetvoice.com/music_albums/se/iz/seizer_official/N2aTYNoA3NBNhQWwfjgotd.jpeg?x-oss-process=image/resize,m_fill,h_400,w_400,limit_0",images/876181.jpeg,@seizer_official,音樂人,台中市,2024-08-01,2024-09-10 20:11,5,639,,,https://www.instagram.com/seizer.com.tw/,https://www.youtube.com/user/StreetVoiceTV,紙鳶首登泰國Monster Music Festival 回歸宣布新專輯《缺頁的名冊》即將發行|||https://blow.streetvoice.com/89229/?utm_source=streetvoice&utm_medium=profile-news-block; 北流「Open Lab人才培育計畫」五週年成果亮眼 媒合紙鳶登泰國音樂節|||https://blow.streetvoice.com/88857/?utm_source=streetvoice&utm_medium=profile-news-block; 紙鳶聯手羊米人推出首支台語單曲〈六月的雨縫〉為9月新專輯暖身|||https://blow.streetvoice.com/88034/?utm_source=streetvoice&utm_medium=profile-news-block,,Rock,缺頁的名冊,https://streetvoice.com/seizer_official/songs/album/97325949/,,"作詞 Lyricist｜林奕廷 Yi-Ting Lin、李皮尼 Peeni Lee 作曲 Composer｜林奕廷 Yi-Ting Lin、李皮尼 Peeni Lee、仁杰 編曲 Arrangement｜紙鳶 Seizer 演唱 Vocal｜仁杰、李皮尼 Peeni Lee 和聲 Backing Vocal｜仁杰、李皮尼 Peeni Lee 電吉他 Electric Guitar｜楊博皓 Seal 木吉他 Acoustic Guitar｜蘇崇祐 Kay 貝斯 Bass｜呂建亨 Henry 鼓組 Drum｜王秉宸 Daniel 弦樂 Strings Arrangement｜楊博皓 Seal 製作人 Producer｜楊博皓 Seal 鼓組錄音室 Drum Recording Studio｜秉乾工作室 鼓組錄音師 Drum Recording Engineer｜王秉宸 Daniel 人聲錄音室 Vocal Recording Studio｜RecoverStudio 人聲配唱 Vocal Producer｜蘇崇祐 Kay 和聲編寫 Backing Vocal Arrangement｜林奕廷 Yi-Ting Lin、李皮尼 Peeni Lee、仁杰 錄音師 Recording Engineer｜楊博皓 Seal 歌詞校正Lyrics Supervisor｜魏宗仁 Rendy Wei 混音師 Mixing Engineer｜張家誠 Chia Chen Chang 母帶後期製作 Mastering Engineer｜張家誠 Chia Chen Chang 
作詞 Lyricist｜林奕廷 Yi-Ting Lin、李皮尼 Peeni Lee 作曲 Composer｜林奕廷 Yi-Ting Lin、李皮尼 Peeni Lee、仁杰 編曲 Arrangement｜紙鳶 Seizer
演唱 Vocal｜仁杰、李皮尼 Peeni Lee 和聲 Backing Vocal｜仁杰、李皮尼 Peeni Lee 電吉他 Electric Guitar｜楊博皓 Seal 木吉他 Acoustic Guitar｜蘇崇祐 Kay 貝斯 Bass｜呂建亨 Henry 鼓組 Drum｜王秉宸 Daniel 弦樂 Strings Arrangement｜楊博皓 Seal
製作人 Producer｜楊博皓 Seal 鼓組錄音室 Drum Recording Studio｜秉乾工作室 鼓組錄音師 Drum Recording Engineer｜王秉宸 Daniel 人聲錄音室 Vocal Recording Studio｜RecoverStudio 人聲配唱 Vocal Producer｜蘇崇祐 Kay 和聲編寫 Backing Vocal Arrangement｜林奕廷 Yi-Ting Lin、李皮尼 Peeni Lee、仁杰 錄音師 Recording Engineer｜楊博皓 Seal 歌詞校正Lyrics Supervisor｜魏宗仁 Rendy Wei
混音師 Mixing Engineer｜張家誠 Chia Chen Chang 母帶後期製作 Mastering Engineer｜張家誠 Chia Chen Chang","前方佇佗位　踅啊踅　是按怎攏看袂清 手中的批猶是　留著你的名字 這敢是愛情　捎無嘛當做流星 也想過牽你行過　一世人的勇氣 一直到彼一工　茫茫大海　揣無你的影 彼時才知影　阮這款的愛情　親像六月的雨縫 你敢知影 無你的日子　無眠的暗暝 我猶原　猶原踮佇遮 這馬你佇佗位　走揣著　你我的痕跡 霓虹閃爍　像你掠袂定的形影 啊～ 多情的我　掠準袂變卦 請予我牽你行過　一世人的勇氣 一直到彼一工　茫茫大海　揣無你的影 彼時才知影　阮這款的愛情　親像六月的雨縫 無你的日子　無眠的暗暝 我猶原　猶原踮佇遮 一直到彼一工 (是你離開的背影) 一直到彼一工 （後悔猶是無較縒） 一直到彼一工 （這場大雨㴙㴙落　落佇　我早就焦洘的傷跡） 彼時才知影 (這場大雨㴙㴙落　敢會　洗淨我對你的咒誓) 走袂離　你的面　你的味 猶是你　閬雨縫　穿你彼領衫 閣一改共我來作伴 
前方佇佗位　踅啊踅　是按怎攏看袂清 手中的批猶是　留著你的名字
這敢是愛情　捎無嘛當做流星 也想過牽你行過　一世人的勇氣
一直到彼一工　茫茫大海　揣無你的影 彼時才知影　阮這款的愛情　親像六月的雨縫 你敢知影 無你的日子　無眠的暗暝 我猶原　猶原踮佇遮
這馬你佇佗位　走揣著　你我的痕跡 霓虹閃爍　像你掠袂定的形影 啊～ 多情的我　掠準袂變卦 請予我牽你行過　一世人的勇氣
一直到彼一工　茫茫大海　揣無你的影 彼時才知影　阮這款的愛情　親像六月的雨縫 無你的日子　無眠的暗暝 我猶原　猶原踮佇遮
一直到彼一工 (是你離開的背影) 一直到彼一工 （後悔猶是無較縒）
一直到彼一工 （這場大雨㴙㴙落　落佇　我早就焦洘的傷跡） 彼時才知影 (這場大雨㴙㴙落　敢會　洗淨我對你的咒誓)
走袂離　你的面　你的味 猶是你　閬雨縫　穿你彼領衫 閣一改共我來作伴
留言（ 0 ） 最相關留言 所有留言
留言（ 0 ）",2026-09-03,,編輯推薦,True,False,
2026-09-08 22:32:43,realtime,rock,,,9,紙鳶 Seizer,同類,33,3297,6,https://streetvoice.com/seizer_official/songs/876185/,https://streetvoice.com/seizer_official/,"https://akstatic.streetvoice.com/music_albums/se/iz/seizer_official/N2aTYNoA3NBNhQWwfjgotd.jpeg?x-oss-process=image/resize,m_fill,h_400,w_400,limit_0",images/876185.jpeg,@seizer_official,音樂人,台中市,2024-08-01,2024-09-10 20:11,5,639,,,https://www.instagram.com/seizer.com.tw/,https://www.youtube.com/user/StreetVoiceTV,紙鳶首登泰國Monster Music Festival 回歸宣布新專輯《缺頁的名冊》即將發行|||https://blow.streetvoice.com/89229/?utm_source=streetvoice&utm_medium=profile-news-block; 北流「Open Lab人才培育計畫」五週年成果亮眼 媒合紙鳶登泰國音樂節|||https://blow.streetvoice.com/88857/?utm_source=streetvoice&utm_medium=profile-news-block; 紙鳶聯手羊米人推出首支台語單曲〈六月的雨縫〉為9月新專輯暖身|||https://blow.streetvoice.com/88034/?utm_source=streetvoice&utm_medium=profile-news-block,,Rock,缺頁的名冊,https://streetvoice.com/seizer_official/songs/album/97325949/,,"詞 Lyrics｜仁杰 曲 Composer｜仁杰 編曲 Arrangement｜紙鳶 Seizer 主唱 Vocal｜仁杰 和聲 Backing Vocal｜黃夏蘿 SUKINO、仁杰、蘇崇祐 Kay 電吉他 Electric Guitar｜楊博皓 Seal 貝斯 Bass｜呂建亨 Henry 鼓組 Drum｜王秉宸 Daniel 鍵盤與合成器 Keyboards & Synth Design｜楊博皓 Seal 管樂編寫 Wind Arrangement｜楊博皓 Seal、王浩宇 管樂監製 Wind Producer ｜王浩宇 管樂製譜 ｜王浩宇 管樂統籌 Wind Coordinator｜王浩宇 小號 Trumpet | Facu Borgia、陸韋全 薩克斯風 Saxophone | 李家禾 低音長號 Bass Trombone | 黃昱澄、Facu Borgia 管樂錄音協力Wind Administration  | 故事痕跡音樂有限公司 許永慶 管樂錄音師 Wind Recording Engineer｜張家誠 Chia Chen Chang 製作人 Producer｜楊博皓 Seal 鼓組錄音室 Drum Recording Studio｜秉乾工作室 鼓組錄音師 Drum Recording Engineer｜張家誠 Chia Chen Chang 鼓技師 Drum Technician｜莊開旭 Cash Chuang 人聲錄音室 Vocal Recording Studio｜RecoverStudio 人聲配唱 Vocal Producer｜蘇崇祐 Kay 和聲編寫 Backing Vocal Arrangement｜黃夏蘿 SUKINO、楊博皓 Seal、仁杰、蘇崇祐 Kay 錄音師 Recording Engineer｜楊博皓 Seal 混音師 Mixing Engineer｜張家誠 Chia Chen Chang 母帶後期製作 Mastering Engineer｜張家誠 Chia Chen Chang 
詞 Lyrics｜仁杰 曲 Composer｜仁杰 編曲 Arrangement｜紙鳶 Seizer
主唱 Vocal｜仁杰 和聲 Backing Vocal｜黃夏蘿 SUKINO、仁杰、蘇崇祐 Kay 電吉他 Electric Guitar｜楊博皓 Seal 貝斯 Bass｜呂建亨 Henry 鼓組 Drum｜王秉宸 Daniel 鍵盤與合成器 Keyboards & Synth Design｜楊博皓 Seal
管樂編寫 Wind Arrangement｜楊博皓 Seal、王浩宇 管樂監製 Wind Producer ｜王浩宇 管樂製譜 ｜王浩宇 管樂統籌 Wind Coordinator｜王浩宇 小號 Trumpet | Facu Borgia、陸韋全 薩克斯風 Saxophone | 李家禾 低音長號 Bass Trombone | 黃昱澄、Facu Borgia 管樂錄音協力Wind Administration  | 故事痕跡音樂有限公司 許永慶 管樂錄音師 Wind Recording Engineer｜張家誠 Chia Chen Chang
製作人 Producer｜楊博皓 Seal 鼓組錄音室 Drum Recording Studio｜秉乾工作室 鼓組錄音師 Drum Recording Engineer｜張家誠 Chia Chen Chang 鼓技師 Drum Technician｜莊開旭 Cash Chuang
人聲錄音室 Vocal Recording Studio｜RecoverStudio 人聲配唱 Vocal Producer｜蘇崇祐 Kay 和聲編寫 Backing Vocal Arrangement｜黃夏蘿 SUKINO、楊博皓 Seal、仁杰、蘇崇祐 Kay 錄音師 Recording Engineer｜楊博皓 Seal
混音師 Mixing Engineer｜張家誠 Chia Chen Chang 母帶後期製作 Mastering Engineer｜張家誠 Chia Chen Chang","嫉妒心在作祟　證明比誰優越 將所有的怨懟包裝成文字按下發佈鍵 拿仇恨當發洩　要爭贏對立面 將自己武裝成刺蝟　是為了掩蓋自卑 這世界不是誰的讚多誰就是真理 哪有什麼真理　真理都在各自的嘴巴裡 把所有感官洗淨　別讓情感支配 怕自己不小心變成數落人的傀儡 人云亦云多危險　理智線被燒毀 而我不知不覺也淪落成同類 閉上眼　別忽略真實的感受 閉上嘴　說過的話沒法回收 這世界不是誰的讚多誰就是真理 哪有什麼真理　真理都在各自的嘴巴裡 把所有感官洗淨　別讓情感支配 怕自己不小心變成數落人的傀儡 人云亦云多危險　理智線被燒毀 而我不知不覺也淪落成同類 閉上眼　別忽略真實的感受 閉上嘴　說過的話沒法回收 
嫉妒心在作祟　證明比誰優越 將所有的怨懟包裝成文字按下發佈鍵 拿仇恨當發洩　要爭贏對立面 將自己武裝成刺蝟　是為了掩蓋自卑
這世界不是誰的讚多誰就是真理 哪有什麼真理　真理都在各自的嘴巴裡
把所有感官洗淨　別讓情感支配 怕自己不小心變成數落人的傀儡 人云亦云多危險　理智線被燒毀 而我不知不覺也淪落成同類
閉上眼　別忽略真實的感受 閉上嘴　說過的話沒法回收
這世界不是誰的讚多誰就是真理 哪有什麼真理　真理都在各自的嘴巴裡
把所有感官洗淨　別讓情感支配 怕自己不小心變成數落人的傀儡 人云亦云多危險　理智線被燒毀 而我不知不覺也淪落成同類
閉上眼　別忽略真實的感受 閉上嘴　說過的話沒法回收
留言（ 6 ） 最相關留言 所有留言
留言（ 6 ）",2026-09-03,,,False,False,
2026-09-08 22:32:43,realtime,rock,,,10,李敏哲,莫鐵齒 喝下去,11,490,7,https://streetvoice.com/minzer_c_lee/songs/878314/,https://streetvoice.com/minzer_c_lee/,"https://akstatic.streetvoice.com/song_covers/mi/nz/minzer_c_lee/PZVxDEPJ4ffJhKomVhbqiP.jpeg?x-oss-process=image/resize,m_fill,h_400,w_400,limit_0",images/878314.jpeg,@minzer_c_lee,音樂人,,,,19,33,41,,,https://www.youtube.com/user/StreetVoiceTV,,,Reggae / Funk,騙自己,https://streetvoice.com/minzer_c_lee/songs/album/97326040/,,"我唱歌，向來無咧客氣。 台語若有講袂輪轉的所在， 毋免留情，欲譙就大力譙落去。 抑是欲恬恬聽、流目屎，也可以。 Kàn！Ah hó, tsin sóng！ 這擺的歌路：酒吧 funk 摻 dirty soul。敏哲啉甲有淡薄茫，嘴猶原硬，groove 無散。 
我唱歌，向來無咧客氣。
台語若有講袂輪轉的所在， 毋免留情，欲譙就大力譙落去。 抑是欲恬恬聽、流目屎，也可以。 Kàn！Ah hó, tsin sóng！
這擺的歌路：酒吧 funk 摻 dirty soul。敏哲啉甲有淡薄茫，嘴猶原硬，groove 無散。","頭一擺看著伊　其實無啥物通講 遮爾吵　燈閣暗甲親像咧出代誌 伊坐甲足倚　看伊緣投有啥要緊 伊嘛看我　目睭親像咧講：你最好予我閃邊 叫我閃邊？我偏偏倚過去 莫鐵齒　莫鐵齒 毋通閣騙家己 我干焦知影　彼幾冬 我是真正愛著一个人 伊嘛毋是啥物好物 我嘛無𠢕到佗位去 毋過彼幾冬　我真正 愛伊愛甲卡慘死 莫鐵齒　莫鐵齒 莫插潲伊 阮兩个冤過真濟擺 嘛閣鬥陣過真濟擺 有幾擺想講　這擺穩死 結果隔轉工　伊猶原無穿衫睏佇遐 ……有夠煩 後來猶原分開矣 無啥人欠啥人 只是尾後 兩个人心意無仝款 莫鐵齒　莫鐵齒 毋通閣騙家己 彼幾冬　我真正 愛伊愛甲卡慘死 後來嘛有人　攬過我 唚過我　做伙踅夜市 睏做伙　我無騙你 只是心內真正愛的 到這馬 猶原是伊 莫鐵齒…… （笑） 免轉來矣 啉甲遮爾濟 才敢認 我上愛的 是伊 Kàn！ 啉落去！ 啉落去！ 
頭一擺看著伊　其實無啥物通講 遮爾吵　燈閣暗甲親像咧出代誌 伊坐甲足倚　看伊緣投有啥要緊 伊嘛看我　目睭親像咧講：你最好予我閃邊 叫我閃邊？我偏偏倚過去
莫鐵齒　莫鐵齒 毋通閣騙家己 我干焦知影　彼幾冬 我是真正愛著一个人
伊嘛毋是啥物好物 我嘛無𠢕到佗位去 毋過彼幾冬　我真正 愛伊愛甲卡慘死
莫鐵齒　莫鐵齒 莫插潲伊
阮兩个冤過真濟擺 嘛閣鬥陣過真濟擺 有幾擺想講　這擺穩死 結果隔轉工　伊猶原無穿衫睏佇遐
……有夠煩
後來猶原分開矣 無啥人欠啥人 只是尾後 兩个人心意無仝款
莫鐵齒　莫鐵齒 毋通閣騙家己 彼幾冬　我真正 愛伊愛甲卡慘死
後來嘛有人　攬過我 唚過我　做伙踅夜市 睏做伙　我無騙你
只是心內真正愛的 到這馬 猶原是伊
莫鐵齒……
（笑）
免轉來矣
啉甲遮爾濟 才敢認
我上愛的 是伊
Kàn！
啉落去！ 啉落去！
留言（ 7 ） 最相關留言 所有留言
留言（ 7 ）",2026-09-07,,AI 協作 Reggae / Funk ・ 騙自己,False,False,
2026-09-08 22:32:43,realtime,rock,,,11,李敏哲,母湯擱騙自己,11,446,10,https://streetvoice.com/minzer_c_lee/songs/878321/,https://streetvoice.com/minzer_c_lee/,"https://akstatic.streetvoice.com/song_covers/mi/nz/minzer_c_lee/MnNyjcQEkzgKsLtAqwatFZ.jpeg?x-oss-process=image/resize,m_fill,h_400,w_400,limit_0",images/878321.jpeg,@minzer_c_lee,音樂人,,,,19,33,41,,,https://www.youtube.com/user/StreetVoiceTV,,,Reggae / Funk,騙自己,https://streetvoice.com/minzer_c_lee/songs/album/97326040/,RistyK,"雷家律師聲明： 「這是不認識的台西阿計，不是雷小小小姐。」 克非： 「Kristy 的不在場證明很充分：她不會講台語。結案。」 敏哲： 「我無講是伊喔。我干焦講，三杯了後彼款目睭，我捌看過。」 小小： “I don’t speak Hokkien. And I would never wear that lipstick. Thank you.” OS: Jeremy. You are so dead. 
雷家律師聲明： 「這是不認識的台西阿計，不是雷小小小姐。」
克非： 「Kristy 的不在場證明很充分：她不會講台語。結案。」
敏哲： 「我無講是伊喔。我干焦講，三杯了後彼款目睭，我捌看過。」
小小： “I don’t speak Hokkien. And I would never wear that lipstick. Thank you.” OS: Jeremy. You are so dead.","頭一擺看著伊　其實無啥物通講 遮爾吵　燈閣暗甲親像咧出代誌 伊坐甲足倚　看伊緣投有啥要緊 伊嘛看我　目睭親像咧講：你最好予我閃邊 叫我閃邊？我偏偏倚過去 莫鐵齒　莫鐵齒 毋通閣騙家己 我干焦知影　彼幾冬 我是真正愛著一个人 伊嘛毋是啥物好物 我嘛無𠢕到佗位去 毋過彼幾冬　我真正 愛伊愛甲卡慘死 莫鐵齒　莫鐵齒 莫插潲伊 阮兩个冤過真濟擺 嘛閣鬥陣過真濟擺 有幾擺想講　這擺穩死 結果隔轉工　伊猶原無穿衫睏佇遐 ……有夠煩 後來猶原分開矣 無啥人欠啥人 只是尾後 兩个人心意無仝款 莫鐵齒　莫鐵齒 毋通閣騙家己 彼幾冬　我真正 愛伊愛甲卡慘死 後來嘛有人　攬過我 唚過我　做伙踅夜市 睏做伙　我無騙你 只是心內真正愛的 到這馬 猶原是伊 莫鐵齒…… （笑） 免轉來矣 啉甲遮爾濟 才敢認 我上愛的 是伊 Kàn！ 啉落去！ 啉落去！ 
頭一擺看著伊　其實無啥物通講 遮爾吵　燈閣暗甲親像咧出代誌 伊坐甲足倚　看伊緣投有啥要緊 伊嘛看我　目睭親像咧講：你最好予我閃邊 叫我閃邊？我偏偏倚過去
莫鐵齒　莫鐵齒 毋通閣騙家己 我干焦知影　彼幾冬 我是真正愛著一个人
伊嘛毋是啥物好物 我嘛無𠢕到佗位去 毋過彼幾冬　我真正 愛伊愛甲卡慘死
莫鐵齒　莫鐵齒 莫插潲伊
阮兩个冤過真濟擺 嘛閣鬥陣過真濟擺 有幾擺想講　這擺穩死 結果隔轉工　伊猶原無穿衫睏佇遐
……有夠煩
後來猶原分開矣 無啥人欠啥人 只是尾後 兩个人心意無仝款
莫鐵齒　莫鐵齒 毋通閣騙家己 彼幾冬　我真正 愛伊愛甲卡慘死
後來嘛有人　攬過我 唚過我　做伙踅夜市 睏做伙　我無騙你
只是心內真正愛的 到這馬 猶原是伊
莫鐵齒……
（笑）
免轉來矣
啉甲遮爾濟 才敢認
我上愛的 是伊
Kàn！
啉落去！ 啉落去！
留言（ 10 ） 最相關留言 所有留言
留言（ 10 ）",2026-09-07,,AI 協作 Reggae / Funk ・ 騙自己,False,False,
2026-09-08 22:32:43,realtime,rock,,,12,莊蕎嫣 Faye.,大器晚成,40,4121,13,https://streetvoice.com/rule1230/songs/877791/,https://streetvoice.com/rule1230/,"https://akstatic.streetvoice.com/song_covers/ru/le/rule1230/LFagQXBHJLhajvudyzk3wq.jpeg?x-oss-process=image/resize,m_fill,h_400,w_400,limit_0",images/877791.jpeg,@rule1230,音樂人,高雄市,2015-12-01,2021-06-18 21:30,15,1519,11,https://www.facebook.com/Faye.Chuang.1230,https://www.instagram.com/rule1230/,https://www.youtube.com/channel/UCx0wtFhxZjLBaBAM0fooxfw,【StreetVoice新歌週報】LÜCY天堂美嗓唱純粹之愛 婁峻碩情人節發歌表心意|||https://blow.streetvoice.com/56072/?utm_source=streetvoice&utm_medium=profile-news-block,,Rock,,,,"MV： https://youtu.be/mHSKzYt4gxg 跌倒了，就再來一次。 失敗了，就再試一次。 如果現在還不是答案， 那就繼續把這一遍走完， 或許有些光芒， 只是晚了一點抵達， 但是請你相信—— 是大器，何妨晚成。 -- 製作人 Producer：盧鈞右 Neon Lu 製作統籌 Executive Producer：李小天 TeddyRsLi 配唱製作人 Vocal Producer：盧鈞右 Neon Lu 編曲 Arrangment：林郡彥 Giu 電吉他 Electric Guitars：林郡彥 Giu 木吉他 Acoustic Guitars：林郡彥 Giu 電鋼琴 Electirc Piano：林郡彥 Giu 風琴 Organ：盧鈞右 Neon Lu 貝斯 Bass：林郡彥 Giu 和聲編寫 Backing Vocals Arranger：納納 Nanabrown 和聲演唱 Backing Vocals：納納 Nanabrown、莊蕎嫣 Faye.Z 錄音室 Recording Studio：烘嗓音樂製作 Home Sound Studio 錄音師 Recording Engineer：鍾承沂 Zhong Cheng Yi 混音師 Mixing Engineer：李小天 TeddyRsLi 混音室 Mixing Studio：烘嗓音樂製作 Home Sound Studio 母帶預約經理 Mastering Booking Manager：Akemi Gotoh @Sony Music Studios Tokyo 母帶後期處理工程師 Mastering：Yuji Chinone @Sony Music Studios Tokyo 母帶後期處理錄音室 Mastering Studio：Sony Music Studios Tokyo -- 製作公司 Production：烘嗓音樂製作 Home Sound Studio 導演 Director：李小天 TeddyRsLi 製片 Producer：李小天 TeddyRsLi 樂手 Session player：林郡彥 Giu 攝影師 Director of Photography：李小天 TeddyRsLi 剪接師 Editor：李小天 TeddyRsLi 調光師 Colorist：李小天 TeddyRsLi 造型設計 Stylist： 莊蕎嫣 Faye.Z、林郡彥 Giu 攝影器材 Photographic Equipment：烘嗓音樂製作 Home Sound Studio 企宣統籌 Marketing Promotion Supervisor：李小天 TeddyRsLi、莊蕎嫣 Faye.Z 企劃統籌 Marketing Supervisor：李小天 TeddyRsLi、莊蕎嫣 Faye.Z 專案管理 Project Manager：李小天 TeddyRsLi 藝人經紀 Artist Management：李小天 TeddyRsLi -- 莊蕎嫣 Faye.Z Streetvoice: https://streetvoice.com/rule1230 Facebook: https://www.facebook.com/Faye.Chuang.1230 Instagram: https://www.instagram.com/rule1230/ 
MV： https://youtu.be/mHSKzYt4gxg
https://youtu.be/mHSKzYt4gxg
跌倒了，就再來一次。 失敗了，就再試一次。 如果現在還不是答案， 那就繼續把這一遍走完，
或許有些光芒， 只是晚了一點抵達，
但是請你相信—— 是大器，何妨晚成。
--
製作人 Producer：盧鈞右 Neon Lu 製作統籌 Executive Producer：李小天 TeddyRsLi 配唱製作人 Vocal Producer：盧鈞右 Neon Lu 編曲 Arrangment：林郡彥 Giu
電吉他 Electric Guitars：林郡彥 Giu 木吉他 Acoustic Guitars：林郡彥 Giu 電鋼琴 Electirc Piano：林郡彥 Giu 風琴 Organ：盧鈞右 Neon Lu 貝斯 Bass：林郡彥 Giu
和聲編寫 Backing Vocals Arranger：納納 Nanabrown 和聲演唱 Backing Vocals：納納 Nanabrown、莊蕎嫣 Faye.Z
錄音室 Recording Studio：烘嗓音樂製作 Home Sound Studio 錄音師 Recording Engineer：鍾承沂 Zhong Cheng Yi 混音師 Mixing Engineer：李小天 TeddyRsLi 混音室 Mixing Studio：烘嗓音樂製作 Home Sound Studio 母帶預約經理 Mastering Booking Manager：Akemi Gotoh @Sony Music Studios Tokyo 母帶後期處理工程師 Mastering：Yuji Chinone @Sony Music Studios Tokyo 母帶後期處理錄音室 Mastering Studio：Sony Music Studios Tokyo
--
製作公司 Production：烘嗓音樂製作 Home Sound Studio
導演 Director：李小天 TeddyRsLi 製片 Producer：李小天 TeddyRsLi
樂手 Session player：林郡彥 Giu
攝影師 Director of Photography：李小天 TeddyRsLi 剪接師 Editor：李小天 TeddyRsLi 調光師 Colorist：李小天 TeddyRsLi 造型設計 Stylist： 莊蕎嫣 Faye.Z、林郡彥 Giu 攝影器材 Photographic Equipment：烘嗓音樂製作 Home Sound Studio
企宣統籌 Marketing Promotion Supervisor：李小天 TeddyRsLi、莊蕎嫣 Faye.Z 企劃統籌 Marketing Supervisor：李小天 TeddyRsLi、莊蕎嫣 Faye.Z 專案管理 Project Manager：李小天 TeddyRsLi 藝人經紀 Artist Management：李小天 TeddyRsLi
--
莊蕎嫣 Faye.Z Streetvoice: https://streetvoice.com/rule1230 Facebook: https://www.facebook.com/Faye.Chuang.1230 Instagram: https://www.instagram.com/rule1230/
https://streetvoice.com/rule1230
https://www.facebook.com/Faye.Chuang.1230
https://www.instagram.com/rule1230/","《大器晚成》 作詞：莊蕎嫣／作曲：莊蕎嫣 一瞬間就不見 一剎那就永遠 琢磨著逝去的眼前 你的改變 我的改變 還是什麼困難都無解 Mm 浪費 我也不願意再放手 被該死的無力感反覆捉弄 糟糕的是逃避面對 選擇不去做 不是輸了抬不起頭 如果這樣就倒塌的自我 接下去將會遇到更多反駁 無助的時候記得想起 李白說 Come On 天生我材必有用 一瞬間就不見 一剎那就永遠 琢磨著逝去的眼前 你的改變 我的改變 還是什麼困難都無解 Mm 浪費 我也不願意再放手 被該死的無力感反覆捉弄 糟糕的是逃避面對 選擇不去做 不是輸了抬不起頭 如果這樣就倒塌的自我 接下去將會遇到更多反駁 無助的時候記得想起 李白說 Come On 天生我材必有用 重來一遍 再來一遍 反覆一遍 就此一遍 重來一遍 再來一遍 反覆一遍 就此再現 我也不願意再放手 被該死的無力感反覆捉弄 糟糕的是逃避面對 選擇不去做 不是輸了抬不起頭 如果這樣就倒塌的自我 接下去將會遇到更多反駁 無助的時候記得想起 李白說 Come On 天生我材必有用 我也不願意再放手 被該死的無力感反覆捉弄 糟糕的是逃避面對 選擇不去做 不是輸了抬不起頭 如果這樣就倒塌的自我 接下去將會遇到更多反駁 無助的時候記得想起 李白說 Come On 天生我材必有用 天生我材必有用 
《大器晚成》 作詞：莊蕎嫣／作曲：莊蕎嫣
一瞬間就不見 一剎那就永遠 琢磨著逝去的眼前
你的改變 我的改變 還是什麼困難都無解 Mm 浪費
我也不願意再放手 被該死的無力感反覆捉弄 糟糕的是逃避面對 選擇不去做 不是輸了抬不起頭
如果這樣就倒塌的自我 接下去將會遇到更多反駁 無助的時候記得想起 李白說 Come On 天生我材必有用
一瞬間就不見 一剎那就永遠 琢磨著逝去的眼前
你的改變 我的改變 還是什麼困難都無解 Mm 浪費
我也不願意再放手 被該死的無力感反覆捉弄 糟糕的是逃避面對 選擇不去做 不是輸了抬不起頭
如果這樣就倒塌的自我 接下去將會遇到更多反駁 無助的時候記得想起 李白說 Come On 天生我材必有用
重來一遍 再來一遍 反覆一遍 就此一遍
重來一遍 再來一遍 反覆一遍 就此再現
我也不願意再放手 被該死的無力感反覆捉弄 糟糕的是逃避面對 選擇不去做 不是輸了抬不起頭
如果這樣就倒塌的自我 接下去將會遇到更多反駁 無助的時候記得想起 李白說 Come On 天生我材必有用
我也不願意再放手 被該死的無力感反覆捉弄 糟糕的是逃避面對 選擇不去做 不是輸了抬不起頭
如果這樣就倒塌的自我 接下去將會遇到更多反駁 無助的時候記得想起 李白說 Come On 天生我材必有用
天生我材必有用
留言（ 13 ） 最相關留言 所有留言
留言（ 13 ）",2026-09-04,,編輯推薦,True,False,
2026-09-08 22:32:43,realtime,rock,,,13,紙鳶 Seizer,矯,24,3121,1,https://streetvoice.com/seizer_official/songs/876186/,https://streetvoice.com/seizer_official/,"https://akstatic.streetvoice.com/music_albums/se/iz/seizer_official/N2aTYNoA3NBNhQWwfjgotd.jpeg?x-oss-process=image/resize,m_fill,h_400,w_400,limit_0",images/876186.jpeg,@seizer_official,音樂人,台中市,2024-08-01,2024-09-10 20:11,5,639,,,https://www.instagram.com/seizer.com.tw/,https://www.youtube.com/user/StreetVoiceTV,紙鳶首登泰國Monster Music Festival 回歸宣布新專輯《缺頁的名冊》即將發行|||https://blow.streetvoice.com/89229/?utm_source=streetvoice&utm_medium=profile-news-block; 北流「Open Lab人才培育計畫」五週年成果亮眼 媒合紙鳶登泰國音樂節|||https://blow.streetvoice.com/88857/?utm_source=streetvoice&utm_medium=profile-news-block; 紙鳶聯手羊米人推出首支台語單曲〈六月的雨縫〉為9月新專輯暖身|||https://blow.streetvoice.com/88034/?utm_source=streetvoice&utm_medium=profile-news-block,,Alternative,缺頁的名冊,https://streetvoice.com/seizer_official/songs/album/97325949/,,"詞 Lyrics｜仁杰 曲 Composer｜仁杰 編曲 Arrangement｜紙鳶 Seizer 主唱 Vocal｜仁杰 和聲 Backing Vocal｜黃夏蘿 SUKINO、仁杰、蘇崇祐 Kay 電吉他 Electric Guitar｜楊博皓 Seal 貝斯 Bass｜呂建亨 Henry 鼓組 Drum｜王秉宸 Daniel 鍵盤與合成器 ｜Keyboards & Synth Design｜楊博皓 Seal 製作人 Producer｜楊博皓 Seal 鼓組錄音室 Drum Recording Studio｜秉乾工作室 鼓組錄音師 Drum Recording Engineer｜張家誠 Chia Chen Chang 鼓技師 Drum Technician｜莊開旭 Cash Chuang 人聲錄音室 Vocal Recording Studio｜RecoverStudio 人聲配唱 Vocal Producer｜蘇崇祐 Kay 和聲編寫 Backing Vocal Arrangement｜黃夏蘿 SUKINO、仁杰、蘇崇祐 Kay 錄音師 Recording Engineer｜楊博皓 Seal 混音師 Mixing Engineer｜張家誠 Chia Chen Chang 母帶後期製作 Mastering Engineer｜張家誠 Chia Chen Chang 
詞 Lyrics｜仁杰 曲 Composer｜仁杰 編曲 Arrangement｜紙鳶 Seizer
主唱 Vocal｜仁杰 和聲 Backing Vocal｜黃夏蘿 SUKINO、仁杰、蘇崇祐 Kay 電吉他 Electric Guitar｜楊博皓 Seal 貝斯 Bass｜呂建亨 Henry 鼓組 Drum｜王秉宸 Daniel 鍵盤與合成器 ｜Keyboards & Synth Design｜楊博皓 Seal
製作人 Producer｜楊博皓 Seal 鼓組錄音室 Drum Recording Studio｜秉乾工作室 鼓組錄音師 Drum Recording Engineer｜張家誠 Chia Chen Chang 鼓技師 Drum Technician｜莊開旭 Cash Chuang 人聲錄音室 Vocal Recording Studio｜RecoverStudio 人聲配唱 Vocal Producer｜蘇崇祐 Kay 和聲編寫 Backing Vocal Arrangement｜黃夏蘿 SUKINO、仁杰、蘇崇祐 Kay 錄音師 Recording Engineer｜楊博皓 Seal
混音師 Mixing Engineer｜張家誠 Chia Chen Chang 母帶後期製作 Mastering Engineer｜張家誠 Chia Chen Chang","我唱著前人道盡的哀愁 讓人錯覺我好像經歷過 感受著未曾發生的苦痛 用美麗的謊言包裝醜陋 我唱著眾人喜愛的情歌 讓人錯覺我好像深愛過 重複著千篇一律的架構 卻還是流著淚感同身受 我撕心裂肺地唱著　你都聽過的感受 廉價的感動連我都無地自容 我用盡全力地唱著　無人聽聞的內容 曲終人散去 衷心感謝你膚淺的包容 不用在意我想傳達什麼 只要能讓你愛上這節奏 我還是願意接受這荒謬 諷刺的是 你根本也不想懂 我撕心裂肺地唱著　你都聽過的感受 廉價的感動連我都無地自容 我用盡全力地唱著　無人聽聞的內容 曲終人散去 衷心感謝你膚淺的包容 
我唱著前人道盡的哀愁 讓人錯覺我好像經歷過 感受著未曾發生的苦痛 用美麗的謊言包裝醜陋
我唱著眾人喜愛的情歌 讓人錯覺我好像深愛過 重複著千篇一律的架構 卻還是流著淚感同身受
我撕心裂肺地唱著　你都聽過的感受 廉價的感動連我都無地自容 我用盡全力地唱著　無人聽聞的內容 曲終人散去 衷心感謝你膚淺的包容
不用在意我想傳達什麼 只要能讓你愛上這節奏 我還是願意接受這荒謬 諷刺的是 你根本也不想懂
我撕心裂肺地唱著　你都聽過的感受 廉價的感動連我都無地自容 我用盡全力地唱著　無人聽聞的內容 曲終人散去 衷心感謝你膚淺的包容
留言（ 1 ） 最相關留言 所有留言
留言（ 1 ）",2026-09-03,,,False,False,
2026-09-08 22:32:43,realtime,rock,,,14,雷克非 Christopher R,莫鐵齒 - 這擺穩死,9,114,6,https://streetvoice.com/ChristopherR/songs/878537/,https://streetvoice.com/ChristopherR/,"https://akstatic.streetvoice.com/song_covers/Ch/ri/ChristopherR/Zi2D95Gy8EQcmrYZQLSWKd.jpeg?x-oss-process=image/resize,m_fill,h_400,w_400,limit_0",images/878537.jpeg,@ChristopherR,音樂人,,,,53,54,168,,,https://www.youtube.com/user/StreetVoiceTV,,,Reggae / Funk,,,李敏哲,"李敏哲的《莫鐵齒》太好聽，非唱不可，稍微修改成我可以唱的版本。 面對這種身經百戰的經歷，每個人都有不同情緒，像是完全不同的故事。 
李敏哲的《莫鐵齒》太好聽，非唱不可，稍微修改成我可以唱的版本。
面對這種身經百戰的經歷，每個人都有不同情緒，像是完全不同的故事。","《莫鐵齒》— 克非版 這擺穩死 頭一擺看著伊　其實無啥物通講 遮爾吵　燈閣暗甲親像欲出代誌 伊坐甲足倚　我看伊妖嬌是按怎 伊嘛看我　目睭親像咧講：你最好給我閃邊 叫我閃邊？我偏偏倚過去 莫鐵齒　莫鐵齒 毋通閣騙家己 我干焦知影　彼幾冬 我是真正愛著一个人 伊嘛毋是啥物好物 我嘛無𠢕到佗位去 毋過彼幾冬　我真正 愛伊愛甲卡慘死 莫鐵齒　莫鐵齒 莫插潲伊 阮兩个冤過真濟擺 嘛閣鬥陣過真濟擺 有幾擺想講　這擺穩死 結果隔轉工　沒穿內衣睏佇遐 ……有夠煩 後來嘛是閣分開 毋是相欠債 只是到上尾後 兩个人心意無仝款 莫鐵齒　莫鐵齒 毋通閣騙家己 彼幾冬　我真正 愛伊愛甲卡慘死 後來嘛有人　做伙踅夜市 唚過我　共我攬牢牢 睏做伙　無騙你 只是心內真正愛的 到這馬 猶原是伊 莫鐵齒…… （笑） 免轉來矣 啉甲遮爾濟 才敢講 我上愛的 是伊 幹！ 啉落去！ 啉落去！ 《Tsit Pái Ún-sí》— Luî Khik-hui （Kám-siā Lí Bín-tiat huan-i̍k.） Thâu tsi̍t pái khuànn-tio̍h i　kî-si̍t bô siánn-mih thang kóng Tsiah-nī tshá　ting koh àm kah tshin-tshiūnn beh tshut tāi-tsì I tsē kah tsiok uá　guá khuànn i iau-kiau sī án-tsuánn I mā khuànn guá　ba̍k-tsiu tshin-tshiūnn leh kóng: lí tsuì-hó kā guá siám pinn Kiò guá siám pinn? Guá phian-phian uá--khì Mài thih-khí　mài thih-khí M̄-thang koh phiàn ka-kī Guá kan-na tsai-iánn　hit kuí tang Guá sī tsin-tsiànn ài-tio̍h tsi̍t ê lâng I mā m̄ sī siánn-mih hó-mi̍h Guá mā bô gâu kàu tó-uī--khì M̄-koh hit kuí tang　guá tsin-tsiànn Ài i ài kah khah tshám-sí Mài thih-khí　mài thih-khí Mài tshap-siâu--i Guán nn̄g ê uan kuè tsin tsē pái Mā koh tàu-tīn kuè tsin tsē pái Ū kuí pái siūnn kóng　tsit pái ún-sí Kiat-kó keh-tńg-kang　bô tshīng bu-lá-jià khùn tī hia ……Ū-kàu huân Āu-lâi mā sī koh hun-khui M̄-sī sio-khiàm-tsè Tsí-sī kàu siōng-bé-āu Nn̄g ê lâng sim-ì bô kāng-khuán Mài thih-khí　mài thih-khí M̄-thang koh phiàn ka-kī Hit kuí tang　guá tsin-tsiànn Ài i ài kah khah tshám-sí Āu-lâi mā ū lâng　tsò-hué se̍h iā-tshī Tsim kuè guá　kā guá lám-tiâu-tiâu Khùn tsò-hué　bô phiàn lí Tsí-sī sim-lāi tsin-tsiànn ài--ê Kàu tsit-má Iu-guân sī i Mài thih-khí…… （Tshiò） Bián tńg--lâi--ah Lim kah tsiah-nī tsē Tsiah kán kóng Guá siōng ài--ê Sī i Kàn! Lim lo̍h-khì! Lim lo̍h-khì! 
《莫鐵齒》— 克非版 這擺穩死
頭一擺看著伊　其實無啥物通講 遮爾吵　燈閣暗甲親像欲出代誌 伊坐甲足倚　我看伊妖嬌是按怎 伊嘛看我　目睭親像咧講：你最好給我閃邊 叫我閃邊？我偏偏倚過去
莫鐵齒　莫鐵齒 毋通閣騙家己 我干焦知影　彼幾冬 我是真正愛著一个人
伊嘛毋是啥物好物 我嘛無𠢕到佗位去 毋過彼幾冬　我真正 愛伊愛甲卡慘死
莫鐵齒　莫鐵齒 莫插潲伊
阮兩个冤過真濟擺 嘛閣鬥陣過真濟擺 有幾擺想講　這擺穩死 結果隔轉工　沒穿內衣睏佇遐
……有夠煩
後來嘛是閣分開 毋是相欠債 只是到上尾後 兩个人心意無仝款
莫鐵齒　莫鐵齒 毋通閣騙家己 彼幾冬　我真正 愛伊愛甲卡慘死
後來嘛有人　做伙踅夜市 唚過我　共我攬牢牢 睏做伙　無騙你
只是心內真正愛的 到這馬 猶原是伊
莫鐵齒……
（笑）
免轉來矣
啉甲遮爾濟 才敢講
我上愛的 是伊
幹！
啉落去！ 啉落去！
《Tsit Pái Ún-sí》— Luî Khik-hui （Kám-siā Lí Bín-tiat huan-i̍k.）
Thâu tsi̍t pái khuànn-tio̍h i　kî-si̍t bô siánn-mih thang kóng Tsiah-nī tshá　ting koh àm kah tshin-tshiūnn beh tshut tāi-tsì I tsē kah tsiok uá　guá khuànn i iau-kiau sī án-tsuánn I mā khuànn guá　ba̍k-tsiu tshin-tshiūnn leh kóng: lí tsuì-hó kā guá siám pinn Kiò guá siám pinn? Guá phian-phian uá--khì
Mài thih-khí　mài thih-khí M̄-thang koh phiàn ka-kī Guá kan-na tsai-iánn　hit kuí tang Guá sī tsin-tsiànn ài-tio̍h tsi̍t ê lâng
I mā m̄ sī siánn-mih hó-mi̍h Guá mā bô gâu kàu tó-uī--khì M̄-koh hit kuí tang　guá tsin-tsiànn Ài i ài kah khah tshám-sí
Mài thih-khí　mài thih-khí Mài tshap-siâu--i
Guán nn̄g ê uan kuè tsin tsē pái Mā koh tàu-tīn kuè tsin tsē pái Ū kuí pái siūnn kóng　tsit pái ún-sí Kiat-kó keh-tńg-kang　bô tshīng bu-lá-jià khùn tī hia
……Ū-kàu huân
Āu-lâi mā sī koh hun-khui M̄-sī sio-khiàm-tsè Tsí-sī kàu siōng-bé-āu Nn̄g ê lâng sim-ì bô kāng-khuán
Mài thih-khí　mài thih-khí M̄-thang koh phiàn ka-kī Hit kuí tang　guá tsin-tsiànn Ài i ài kah khah tshám-sí
Āu-lâi mā ū lâng　tsò-hué se̍h iā-tshī Tsim kuè guá　kā guá lám-tiâu-tiâu Khùn tsò-hué　bô phiàn lí
Tsí-sī sim-lāi tsin-tsiànn ài--ê Kàu tsit-má Iu-guân sī i
Mài thih-khí……
（Tshiò）
Bián tńg--lâi--ah
Lim kah tsiah-nī tsē Tsiah kán kóng
Guá siōng ài--ê Sī i
Kàn!
Lim lo̍h-khì! Lim lo̍h-khì!
留言（ 6 ） 最相關留言 所有留言
留言（ 6 ）",2026-09-08,,AI 協作 Reggae / Funk,False,False,
2026-09-08 22:32:43,realtime,rock,,,15,紙鳶 Seizer,蛀蟲,34,3010,3,https://streetvoice.com/seizer_official/songs/876184/,https://streetvoice.com/seizer_official/,"https://akstatic.streetvoice.com/music_albums/se/iz/seizer_official/N2aTYNoA3NBNhQWwfjgotd.jpeg?x-oss-process=image/resize,m_fill,h_400,w_400,limit_0",images/876184.jpeg,@seizer_official,音樂人,台中市,2024-08-01,2024-09-10 20:11,5,639,,,https://www.instagram.com/seizer.com.tw/,https://www.youtube.com/user/StreetVoiceTV,紙鳶首登泰國Monster Music Festival 回歸宣布新專輯《缺頁的名冊》即將發行|||https://blow.streetvoice.com/89229/?utm_source=streetvoice&utm_medium=profile-news-block; 北流「Open Lab人才培育計畫」五週年成果亮眼 媒合紙鳶登泰國音樂節|||https://blow.streetvoice.com/88857/?utm_source=streetvoice&utm_medium=profile-news-block; 紙鳶聯手羊米人推出首支台語單曲〈六月的雨縫〉為9月新專輯暖身|||https://blow.streetvoice.com/88034/?utm_source=streetvoice&utm_medium=profile-news-block,,Rock,缺頁的名冊,https://streetvoice.com/seizer_official/songs/album/97325949/,,"詞 Lyrics｜仁杰 曲 Composer｜仁杰 編曲 Arrangement｜紙鳶 Seizer 主唱 Vocal｜仁杰 和聲 Backing Vocal｜仁杰、蘇崇祐 Kay 木吉他 Acoustic Guitar｜蘇崇祐 Kay 貝斯 Bass｜呂建亨 Henry 鼓組 Drum｜王秉宸 Daniel 鍵盤與合成器 Keyboards & Synth Design｜楊博皓 Seal 製作人 Producer｜楊博皓 Seal 鼓組錄音室 Drum Recording Studio｜+x studio 鼓組錄音師 Drum Recording Engineer｜張家誠 Chia Chen Chang 鼓技師 Drum Technician｜莊開旭 Cash Chuang 人聲錄音室 Vocal Recording Studio｜RecoverStudio 人聲配唱 Vocal Producer｜蘇崇祐 Kay 和聲編寫 Backing Vocal Arrangement｜楊博皓 Seal、仁杰、蘇崇祐 Kay 錄音師 Recording Engineer｜楊博皓 Seal 混音師 Mixing Engineer｜張家誠 Chia Chen Chang 母帶後期製作 Mastering Engineer｜張家誠 Chia Chen Chang 
詞 Lyrics｜仁杰 曲 Composer｜仁杰 編曲 Arrangement｜紙鳶 Seizer
主唱 Vocal｜仁杰 和聲 Backing Vocal｜仁杰、蘇崇祐 Kay 木吉他 Acoustic Guitar｜蘇崇祐 Kay 貝斯 Bass｜呂建亨 Henry 鼓組 Drum｜王秉宸 Daniel 鍵盤與合成器 Keyboards & Synth Design｜楊博皓 Seal
製作人 Producer｜楊博皓 Seal 鼓組錄音室 Drum Recording Studio｜+x studio 鼓組錄音師 Drum Recording Engineer｜張家誠 Chia Chen Chang 鼓技師 Drum Technician｜莊開旭 Cash Chuang 人聲錄音室 Vocal Recording Studio｜RecoverStudio 人聲配唱 Vocal Producer｜蘇崇祐 Kay 和聲編寫 Backing Vocal Arrangement｜楊博皓 Seal、仁杰、蘇崇祐 Kay 錄音師 Recording Engineer｜楊博皓 Seal
混音師 Mixing Engineer｜張家誠 Chia Chen Chang 母帶後期製作 Mastering Engineer｜張家誠 Chia Chen Chang","穿著整齊劃一的校服 循著無可非議的規定 像楚門覓自由的蹤跡 盼著看似美好的未來 說著掩耳盜鈴的願景 被囚在出生的那一刻起 我住在這裡　我住在這裡 施捨給我的床我會好好的珍惜 我蛀在這裡　我蛀在這裡 無法改變的命運翻攪在牙根裡 謝謝你的教導　磨平我的稜角 我會乖乖聽話　做個優秀榜樣 一條一條刻在手臂上當作獎章 一幀一幀就像活在巨大的片場 我住在這裡　我住在這裡 施捨給我的床我會好好的珍惜 我蛀在這裡　我蛀在這裡 無法改變的命運翻攪在牙根裡 
穿著整齊劃一的校服 循著無可非議的規定 像楚門覓自由的蹤跡
盼著看似美好的未來 說著掩耳盜鈴的願景 被囚在出生的那一刻起
我住在這裡　我住在這裡 施捨給我的床我會好好的珍惜 我蛀在這裡　我蛀在這裡 無法改變的命運翻攪在牙根裡
謝謝你的教導　磨平我的稜角 我會乖乖聽話　做個優秀榜樣 一條一條刻在手臂上當作獎章 一幀一幀就像活在巨大的片場
我住在這裡　我住在這裡 施捨給我的床我會好好的珍惜 我蛀在這裡　我蛀在這裡 無法改變的命運翻攪在牙根裡
留言（ 3 ） 最相關留言 所有留言
留言（ 3 ）",2026-09-03,,,False,False,
2026-09-08 22:32:43,realtime,rock,,,16,紙鳶 Seizer,Lost and Found,14,3609,0,https://streetvoice.com/seizer_official/songs/876183/,https://streetvoice.com/seizer_official/,"https://akstatic.streetvoice.com/music_albums/se/iz/seizer_official/N2aTYNoA3NBNhQWwfjgotd.jpeg?x-oss-process=image/resize,m_fill,h_400,w_400,limit_0",images/876183.jpeg,@seizer_official,音樂人,台中市,2024-08-01,2024-09-10 20:11,5,639,,,https://www.instagram.com/seizer.com.tw/,https://www.youtube.com/user/StreetVoiceTV,紙鳶首登泰國Monster Music Festival 回歸宣布新專輯《缺頁的名冊》即將發行|||https://blow.streetvoice.com/89229/?utm_source=streetvoice&utm_medium=profile-news-block; 北流「Open Lab人才培育計畫」五週年成果亮眼 媒合紙鳶登泰國音樂節|||https://blow.streetvoice.com/88857/?utm_source=streetvoice&utm_medium=profile-news-block; 紙鳶聯手羊米人推出首支台語單曲〈六月的雨縫〉為9月新專輯暖身|||https://blow.streetvoice.com/88034/?utm_source=streetvoice&utm_medium=profile-news-block,,Rock,缺頁的名冊,https://streetvoice.com/seizer_official/songs/album/97325949/,,"編曲 Arrangement｜楊博皓 Seal 電吉他 Electric Guitar｜楊博皓 Seal 鍵盤與合成器 Keyboards & Synth Design｜楊博皓 Seal 製作人 Producer｜楊博皓 Seal 錄音師 Recording Engineer｜楊博皓 Seal 混音師 Mixing Engineer｜張家誠 Chia Chen Chang 母帶後期製作 Mastering Engineer｜張家誠 Chia Chen Chang 
編曲 Arrangement｜楊博皓 Seal
電吉他 Electric Guitar｜楊博皓 Seal 鍵盤與合成器 Keyboards & Synth Design｜楊博皓 Seal
製作人 Producer｜楊博皓 Seal 錄音師 Recording Engineer｜楊博皓 Seal
混音師 Mixing Engineer｜張家誠 Chia Chen Chang 母帶後期製作 Mastering Engineer｜張家誠 Chia Chen Chang","這是沒有提供歌詞的歌曲
留言（ 0 ） 最相關留言 所有留言
留言（ 0 ）",2026-09-03,,,False,False,
2026-09-08 22:32:43,realtime,rock,,,17,夢迴BackTODream,Virtual Love,1,87,1,https://streetvoice.com/BackTODream6969/songs/878266/,https://streetvoice.com/BackTODream6969/,"https://akstatic.streetvoice.com/song_covers/Ba/ck/BackTODream6969/GCBC48T6eJHUmXbBjquELu.jpeg?x-oss-process=image/resize,m_fill,h_400,w_400,limit_0",images/878266.jpeg,@BackTODream6969,音樂人,,,,6,66,7,,,https://www.youtube.com/user/StreetVoiceTV,,,Rock,,,,"“Something that was once stable has become disturbed.” 「完整還在那裡，只是已經不能被相信。」 
“Something that was once stable has become disturbed.” 「完整還在那裡，只是已經不能被相信。」","Virtual love, it’s only surface though Empty touch, it feels so worthless now You can speak, but why you can’t feel Every word is never real It’s tripping out Please don’t Turn me off Don’t roll me out Oh 靠得近卻感受不到信號 Oh 虛擬的愛只剩冰冷的藉口 Nothing can only play with me Play with me 只剩下數據stay with me Oh Silent dismay I brought you back, rewired your life, yet I lost your mind. Go Endless gateway I program my heart for love I’m coming for you How can the unseen numbers drive you on It be like oh oh oh Whispers in the silence Take it back Just keep awake 沒有靈魂的的我卡零與一之間 Just break my head Please take my hand I brought you back, rewired your life, yet I lost your mind. Go Endless gateway I program my heart for love I’m coming for you How can the unseen numbers drive you on It be like oh oh oh Whispers in the silence Take it back Just keep awake Break the loop，我開始感到分裂 Fragments talk 我卻無法回應你 Virtual love, it’s only surface though Empty touch, it feels so worthless now You can speak, but why you can’t feel Every word is never real I brought you back, rewired your life, yet I lost your mind. Go Endless gateway I program my heart for love I’m coming for you How can the unseen numbers drive you on It be like oh oh oh Whispers in the silence Take it back Please take my hand 
Virtual love, it’s only surface though Empty touch, it feels so worthless now You can speak, but why you can’t feel Every word is never real
It’s tripping out Please don’t Turn me off Don’t roll me out Oh 靠得近卻感受不到信號 Oh 虛擬的愛只剩冰冷的藉口 Nothing can only play with me Play with me 只剩下數據stay with me Oh Silent dismay
I brought you back, rewired your life, yet I lost your mind. Go Endless gateway I program my heart for love I’m coming for you
How can the unseen numbers drive you on It be like oh oh oh Whispers in the silence Take it back Just keep awake
沒有靈魂的的我卡零與一之間 Just break my head Please take my hand
I brought you back, rewired your life, yet I lost your mind. Go Endless gateway I program my heart for love I’m coming for you
How can the unseen numbers drive you on It be like oh oh oh Whispers in the silence Take it back Just keep awake
Break the loop，我開始感到分裂 Fragments talk 我卻無法回應你
Virtual love, it’s only surface though Empty touch, it feels so worthless now You can speak, but why you can’t feel Every word is never real
I brought you back, rewired your life, yet I lost your mind. Go Endless gateway I program my heart for love I’m coming for you
How can the unseen numbers drive you on It be like oh oh oh Whispers in the silence Take it back Please take my hand
留言（ 1 ） 最相關留言 所有留言
留言（ 1 ）",2026-09-06,,編輯推薦,True,False,
2026-09-08 22:32:43,realtime,rock,,,18,David Wei 魏品勻,你說得很好，下次別說了^_^,2,108,0,https://streetvoice.com/davidwei/songs/877696/,https://streetvoice.com/davidwei/,"https://akstatic.streetvoice.com/music_albums/da/vi/davidwei/3EiUUDNKUwPHnbGyQq44Rb.jpeg?x-oss-process=image/resize,m_fill,h_400,w_400,limit_0",images/877696.jpeg,@davidwei,音樂人,台北市,2014-06-01,2023-01-13 16:29,15,110,20,https://www.facebook.com/davidwei0201?mibextid=LQQJ4d,https://instagram.com/davidwei0201,https://youtube.com/@alicegood36,,,Punk,還好我們都被生出來了,https://streetvoice.com/davidwei/songs/album/97326020/,,"就是如標題說的。 歡迎拿去送給需要這個提醒的人 你說得很好下次別說了^_^ ⌁⌁⌁·⌁⌁⌁·⛔⌁⌁⌁·⌁⌁⌁· //音樂製作名單 Music Credits// 詞 Lyricist｜魏品勻David Wei 曲 Composer｜魏品勻David Wei 製作人 Producer｜羅弘宇 Hong-Yu Lo 、魏品勻David Wei 編曲 Arrangement｜羅弘宇 Hong-Yu Lo 電吉他 Electric Guitar｜朱建杰Jimmy、羅弘宇 Hong-Yu Lo 電貝斯 Bass｜許庭耀 Rax Hsu 和聲 Backing Vocals｜魏品勻David Wei 混音工程師 Mixing Engineer｜鍾嘉誠 ChiaChen 母帶工程師 Mastering Engineer｜Thomas Chuang 母帶後期錄音室 Mastering Studio｜Sketch Studio 
就是如標題說的。 歡迎拿去送給需要這個提醒的人
你說得很好下次別說了^_^
⌁⌁⌁·⌁⌁⌁·⛔⌁⌁⌁·⌁⌁⌁·
//音樂製作名單 Music Credits//
詞 Lyricist｜魏品勻David Wei 曲 Composer｜魏品勻David Wei 製作人 Producer｜羅弘宇 Hong-Yu Lo 、魏品勻David Wei 編曲 Arrangement｜羅弘宇 Hong-Yu Lo 電吉他 Electric Guitar｜朱建杰Jimmy、羅弘宇 Hong-Yu Lo 電貝斯 Bass｜許庭耀 Rax Hsu 和聲 Backing Vocals｜魏品勻David Wei 混音工程師 Mixing Engineer｜鍾嘉誠 ChiaChen 母帶工程師 Mastering Engineer｜Thomas Chuang 母帶後期錄音室 Mastering Studio｜Sketch Studio","我懂也許是自尊心作祟 其他人得照著你的劇本出演 沒有沒有沒有辦法閉嘴 我懂人與人難免比較尊卑 挑出錯誤的人就比較尊貴 好有好有好有道理的自卑 「都是為了你 才講給你聽 啊 我就知道你 聽完會生氣 啊 果然還年輕 受不了 我的建議」 「你必須要聽 就算不想聽 啊 把盲點告訴你 我好了不起 啊 只要你答應 我就很滿意」 停！ 你說的很好呢 下次別說了 最可愛的時刻 是安靜的時候呢 你說的很好呢 知道你最懂了 是的 好的 下次 別說了 我懂人與人難免比較尊卑 挑出錯誤的人就比較尊貴 好有好有好有道理的自卑 「都是為了你 才講給你聽 啊 我就知道你 聽完會生氣 啊 果然還年輕 受不了 我的建議」 「你必須要聽 就算不想聽 啊 把盲點告訴你 我好了不起 啊 只要你答應 我就很滿意」 停！ 你說的很好呢 下次別說了 最可愛的時刻 是安靜的時候呢 你說的很好呢 知道你最懂了 是的 好的 下次 別說了 我懂也許是自尊心作祟 其他人得照著你的劇本出演 好有好有好有道理的自卑 
我懂也許是自尊心作祟 其他人得照著你的劇本出演 沒有沒有沒有辦法閉嘴
我懂人與人難免比較尊卑 挑出錯誤的人就比較尊貴 好有好有好有道理的自卑
「都是為了你 才講給你聽 啊 我就知道你 聽完會生氣 啊 果然還年輕 受不了 我的建議」
「你必須要聽 就算不想聽 啊 把盲點告訴你 我好了不起 啊 只要你答應 我就很滿意」
停！
你說的很好呢 下次別說了 最可愛的時刻 是安靜的時候呢
你說的很好呢 知道你最懂了 是的 好的 下次 別說了
我懂人與人難免比較尊卑 挑出錯誤的人就比較尊貴 好有好有好有道理的自卑
「都是為了你 才講給你聽 啊 我就知道你 聽完會生氣 啊 果然還年輕 受不了 我的建議」
「你必須要聽 就算不想聽 啊 把盲點告訴你 我好了不起 啊 只要你答應 我就很滿意」
停！
你說的很好呢 下次別說了 最可愛的時刻 是安靜的時候呢
你說的很好呢 知道你最懂了 是的 好的 下次 別說了
我懂也許是自尊心作祟 其他人得照著你的劇本出演 好有好有好有道理的自卑
留言（ 0 ） 最相關留言 所有留言
留言（ 0 ）",2026-09-04,,編輯推薦,True,False,
2026-09-08 22:32:43,realtime,rock,,,19,深湖工作室 Shinko Workshop,深洛-沉墜Deeper Down,11,1559,1,https://streetvoice.com/shinkoworkshop/songs/877724/,https://streetvoice.com/shinkoworkshop/,"https://akstatic.streetvoice.com/song_covers/sh/in/shinkoworkshop/UP9rxjwQrkYavThNec5Von.jpeg?x-oss-process=image/resize,m_fill,h_400,w_400,limit_0",images/877724.jpeg,@shinkoworkshop,音樂人,,,,1,4,,,,https://www.youtube.com/user/StreetVoiceTV,,,Rock,,,,"《沉墜 Deeper Down》描寫的是一場在混亂之中，不斷向內探尋的過程。 當雜亂無章的資訊填滿生活，我們像迷途羔羊般，被無數聲音牽引著，漸漸模糊了自己真正想去的方向。 而「沉墜」並非逃離，而是選擇繼續往深處走。 一起墜入名為真實的深淵，穿過外界的雜訊、自我的懷疑與層層偽裝，在越來越深的地方，重新探詢內心真正的嚮往。 或許只有沉到最深處，才能再次聽見自己的聲音。 Released by | 深湖工作室 Shinko Workshop Manager｜斧子 Contact｜ shinkoworkshop@gmail.com Artist｜深洛RAKU Album Artwork｜夏白衫 Lyrics｜Luna Cai (蔡育亘) Composer｜Luna Cai (蔡育亘) Producer｜Luna Cai (蔡育亘) Recording Engineer | Kevin Chen Recording Studio｜GBH Studio Mixing Engineer｜Luna Cai (蔡育亘) Mixing Studio｜多拉格華金音樂工作室 Mastered by｜Carson Slovak Mastering Studio｜Atriumaudio 
《沉墜 Deeper Down》描寫的是一場在混亂之中，不斷向內探尋的過程。
當雜亂無章的資訊填滿生活，我們像迷途羔羊般，被無數聲音牽引著，漸漸模糊了自己真正想去的方向。
而「沉墜」並非逃離，而是選擇繼續往深處走。
一起墜入名為真實的深淵，穿過外界的雜訊、自我的懷疑與層層偽裝，在越來越深的地方，重新探詢內心真正的嚮往。
或許只有沉到最深處，才能再次聽見自己的聲音。
Released by | 深湖工作室 Shinko Workshop Manager｜斧子 Contact｜ shinkoworkshop@gmail.com
shinkoworkshop@gmail.com
Artist｜深洛RAKU Album Artwork｜夏白衫
Lyrics｜Luna Cai (蔡育亘) Composer｜Luna Cai (蔡育亘)
Producer｜Luna Cai (蔡育亘) Recording Engineer | Kevin Chen Recording Studio｜GBH Studio Mixing Engineer｜Luna Cai (蔡育亘) Mixing Studio｜多拉格華金音樂工作室 Mastered by｜Carson Slovak Mastering Studio｜Atriumaudio","I go deep沒聲音能打擾我心 不再演 被湖底的寧靜接引 They talk loud   but I don't flinch 接近我 被真實指引 眼神關機 語言過濾 No pain, no gain just pressure and peace 當我沉得無法辨位 還有誰 能抓緊著我 像夢醒前一秒 才知道什麼是靜止 所有的假設都上浮 我沉進本質 像夢醒前一秒 世界安靜得像是終點 我則沉進去 沒有答案 卻比任何時候更了解自己 Deeper down   I start to feel Every bruise begins to heal 聽不見聲音 模糊的眼 關上視野 抓緊著我 Deeper down, no need to fake No more weight I need to take 選擇沉底  感受寧靜 只剩自己 Don’t you dare to pull me up Don’t you dare to pull me up Down here, there’s no fake light But even darkness feels so right Before waking, I understand. everything makes sense 世界安靜到像是按了暫停 思緒慢溢到了 躁了 我像是變得透明 我開始蛻變Every day都看不到邊界 I keep knowing  keep 我就站在這裡 Deeper down   I start to feel Every bruise begins to heal 聽不見聲音 模糊的眼 關上視野 抓緊著我 Deeper down   I start to feel Every bruise begins to heal 聽不見聲音 模糊的眼 關上視野 抓緊著我 Deeper down, no need to fake No more weight I need to take 選擇沉底  感受寧靜 只剩自己 Don’t you dare to pull me up Don’t you dare to pull me up Down here, there’s no fake light But even darkness feels so right I let go of the need to fight And melt into this endless night 
I go deep沒聲音能打擾我心 不再演 被湖底的寧靜接引 They talk loud   but I don't flinch 接近我 被真實指引
眼神關機 語言過濾 No pain, no gain just pressure and peace 當我沉得無法辨位 還有誰 能抓緊著我
像夢醒前一秒 才知道什麼是靜止 所有的假設都上浮 我沉進本質 像夢醒前一秒 世界安靜得像是終點 我則沉進去 沒有答案 卻比任何時候更了解自己
Deeper down   I start to feel Every bruise begins to heal 聽不見聲音 模糊的眼 關上視野 抓緊著我
Deeper down, no need to fake No more weight I need to take 選擇沉底  感受寧靜 只剩自己
Don’t you dare to pull me up Don’t you dare to pull me up Down here, there’s no fake light But even darkness feels so right
Before waking, I understand. everything makes sense 世界安靜到像是按了暫停 思緒慢溢到了 躁了 我像是變得透明 我開始蛻變Every day都看不到邊界 I keep knowing  keep 我就站在這裡
Deeper down   I start to feel Every bruise begins to heal 聽不見聲音 模糊的眼 關上視野 抓緊著我
Deeper down   I start to feel Every bruise begins to heal 聽不見聲音 模糊的眼 關上視野 抓緊著我
Deeper down, no need to fake No more weight I need to take 選擇沉底  感受寧靜 只剩自己
Don’t you dare to pull me up Don’t you dare to pull me up Down here, there’s no fake light But even darkness feels so right I let go of the need to fight And melt into this endless night
留言（ 1 ） 最相關留言 所有留言
留言（ 1 ）",2026-09-03,,,False,False,
2026-09-08 22:32:43,realtime,rock,,,20,紙鳶 Seizer,星雲飄蕩,26,2489,0,https://streetvoice.com/seizer_official/songs/876187/,https://streetvoice.com/seizer_official/,"https://akstatic.streetvoice.com/music_albums/se/iz/seizer_official/N2aTYNoA3NBNhQWwfjgotd.jpeg?x-oss-process=image/resize,m_fill,h_400,w_400,limit_0",images/876187.jpeg,@seizer_official,音樂人,台中市,2024-08-01,2024-09-10 20:11,5,639,,,https://www.instagram.com/seizer.com.tw/,https://www.youtube.com/user/StreetVoiceTV,紙鳶首登泰國Monster Music Festival 回歸宣布新專輯《缺頁的名冊》即將發行|||https://blow.streetvoice.com/89229/?utm_source=streetvoice&utm_medium=profile-news-block; 北流「Open Lab人才培育計畫」五週年成果亮眼 媒合紙鳶登泰國音樂節|||https://blow.streetvoice.com/88857/?utm_source=streetvoice&utm_medium=profile-news-block; 紙鳶聯手羊米人推出首支台語單曲〈六月的雨縫〉為9月新專輯暖身|||https://blow.streetvoice.com/88034/?utm_source=streetvoice&utm_medium=profile-news-block,,Rock,缺頁的名冊,https://streetvoice.com/seizer_official/songs/album/97325949/,,"詞 Lyrics｜蘇崇祐 Kay 曲 Composer｜蘇崇祐 Kay 編曲 Arrangement｜紙鳶 Seizer 演唱 Vocal｜蘇崇祐 Kay、仁杰 和聲 Backing Vocal｜蘇崇祐 Kay、仁杰 木吉他 Acoustic Guitar｜蘇崇祐 Kay 電吉他 Electric Guitar｜楊博皓 Seal 電吉他協力編曲｜莊瑞翔 Zen 貝斯 Bass｜呂建亨 Henry 鼓組 Drum｜王秉宸 Daniel 製作人 Producer｜楊博皓 Seal 配唱製作人 Vocal Producer｜蘇崇祐 Kay、楊博皓 Seal 鼓組錄音室 Drum Recording Studio｜秉乾工作室 和聲 Backing Vocal｜仁杰、蘇崇祐 Kay 和聲編寫 Backing Vocal Arrangement｜仁杰、蘇崇祐 Kay 錄音室 Recording Studio｜失眠招待所 Insomnia Hotel Studio 錄音師 Recording Engineer｜楊博皓 Seal 混音師 Mixing Engineer｜楊博皓 Seal 母帶後期製作 Stem Mastering｜張家誠 Chia Chen Chang 
詞 Lyrics｜蘇崇祐 Kay 曲 Composer｜蘇崇祐 Kay 編曲 Arrangement｜紙鳶 Seizer
演唱 Vocal｜蘇崇祐 Kay、仁杰 和聲 Backing Vocal｜蘇崇祐 Kay、仁杰 木吉他 Acoustic Guitar｜蘇崇祐 Kay 電吉他 Electric Guitar｜楊博皓 Seal 電吉他協力編曲｜莊瑞翔 Zen 貝斯 Bass｜呂建亨 Henry 鼓組 Drum｜王秉宸 Daniel
製作人 Producer｜楊博皓 Seal 配唱製作人 Vocal Producer｜蘇崇祐 Kay、楊博皓 Seal 鼓組錄音室 Drum Recording Studio｜秉乾工作室 和聲 Backing Vocal｜仁杰、蘇崇祐 Kay 和聲編寫 Backing Vocal Arrangement｜仁杰、蘇崇祐 Kay 錄音室 Recording Studio｜失眠招待所 Insomnia Hotel Studio 錄音師 Recording Engineer｜楊博皓 Seal
混音師 Mixing Engineer｜楊博皓 Seal 母帶後期製作 Stem Mastering｜張家誠 Chia Chen Chang","星與月亮 懵懂無知也徬徨 星雲飄蕩 我會在黑暗中照亮 在落日餘暉之後 都市喧囂　山林的芬芳 擁抱你的傷 即使摸不著我的模樣 我們在夜晚度過一個人的時間 我們在日夜更迭時享受黑夜與白天 疲憊的身軀靠著一個人的夜 其實被愛著只是你看不見 星與月亮 懵懂無知也徬徨 星雲飄蕩 我會在黑暗中照亮 在落日餘暉之後 都市喧囂　山林的芬芳 擁抱你的傷 即使摸不著我的模樣 我們在夜晚度過一個人的時間 我們在日夜更迭時享受黑夜與白天 疲憊的身軀靠著一個人的夜 其實被愛著只是你看不見 
星與月亮 懵懂無知也徬徨 星雲飄蕩 我會在黑暗中照亮
在落日餘暉之後 都市喧囂　山林的芬芳 擁抱你的傷 即使摸不著我的模樣
我們在夜晚度過一個人的時間 我們在日夜更迭時享受黑夜與白天 疲憊的身軀靠著一個人的夜 其實被愛著只是你看不見
星與月亮 懵懂無知也徬徨 星雲飄蕩 我會在黑暗中照亮
在落日餘暉之後 都市喧囂　山林的芬芳 擁抱你的傷 即使摸不著我的模樣
我們在夜晚度過一個人的時間 我們在日夜更迭時享受黑夜與白天 疲憊的身軀靠著一個人的夜 其實被愛著只是你看不見
留言（ 0 ） 最相關留言 所有留言
留言（ 0 ）",2026-09-03,,,False,False,
2026-09-08 22:32:43,realtime,rock,,,21,YILE LIN 林以樂,Sometimes Always  ft.蔡元彰,4,29,0,https://streetvoice.com/anyonesthere/songs/878311/,https://streetvoice.com/anyonesthere/,"https://akstatic.streetvoice.com/song_covers/an/yo/anyonesthere/9dJ3AcGPb4wnioGnYhr89L.jpeg?x-oss-process=image/resize,m_fill,h_400,w_400,limit_0",images/878311.jpeg,@anyonesthere,音樂人,台北市,2016-05-01,2021-09-07 16:55,22,1220,,https://www.facebook.com/yilelintaiwan,,https://youtube.com/c/YILELIN%E6%9E%97%E4%BB%A5%E6%A8%82,林以樂睽違7年專場開唱！雀斑樂團驚喜現身擔任嘉賓|||https://blow.streetvoice.com/78362/?utm_source=streetvoice&utm_medium=profile-news-block; 林以樂睽違七年回歸Legacy舉辦個人首張專輯《素顏的樣子》發片專場|||https://blow.streetvoice.com/77356/?utm_source=streetvoice&utm_medium=profile-news-block; 為展覽「小花計畫－Re：小花盛開的回音」錄製新歌〈地板內早餐〉 五月天瑪莎與林以樂赴美術館錄音、拍MV|||https://blow.streetvoice.com/61785/?utm_source=streetvoice&utm_medium=profile-news-block,,Alternative,,,,"song cover from Jesus & Mary Chain AG.vocal 蔡元彰 EG . Vocal 斑斑 Bass Ｍichi 
song cover from Jesus & Mary Chain AG.vocal 蔡元彰 EG . Vocal 斑斑 Bass Ｍichi","Sometimes Always I gave you all I had I gave you good and bad I gave, but you just threw it back I won't get on my knees Don't make me do that, please I've been away, but now I'm back Don't be too sure of that What makes you sure of that? You went away, you can't come back I walked away from you I hurt you through and through Oh, honey, give me one more chance I know you're a lucky son Lucky son of a gun You went away You went away You went away, but now you're back I got down on my knees And then I begged you please I always knew you'd take me back 
Sometimes Always
I gave you all I had I gave you good and bad I gave, but you just threw it back
I won't get on my knees Don't make me do that, please I've been away, but now I'm back
Don't be too sure of that What makes you sure of that? You went away, you can't come back
I walked away from you I hurt you through and through Oh, honey, give me one more chance
I know you're a lucky son Lucky son of a gun You went away You went away You went away, but now you're back
I got down on my knees And then I begged you please I always knew you'd take me back
留言（ 0 ） 最相關留言 所有留言
留言（ 0 ）",2026-09-07,,編輯推薦,True,False,
2026-09-08 22:32:43,realtime,rock,,,22,Poe3030,人生試金石 演唱demo版,4,8,3,https://streetvoice.com/poe3030/songs/876356/,https://streetvoice.com/poe3030/,"https://akstatic.streetvoice.com/song_covers/po/e3/poe3030/7Z546TE4HZyReVYCBmgXxk.jpeg?x-oss-process=image/resize,m_fill,h_400,w_400,limit_0",images/876356.jpeg,@poe3030,音樂人,台北市,2008-11-01,2026-06-30 10:03,85,71,97,https://www.facebook.com/poe3030/,,https://www.youtube.com/@poe3030,,,Rock,,,,"最近發生了一些蠻讓我心情不佳的事情，雖然事情不會非常嚴重，但總是會影響創作，想給自己一點正面力量，寫了這首歌鼓勵自己 MV: https://youtu.be/HeML4hE0Ohw 
最近發生了一些蠻讓我心情不佳的事情，雖然事情不會非常嚴重，但總是會影響創作，想給自己一點正面力量，寫了這首歌鼓勵自己 MV: https://youtu.be/HeML4hE0Ohw
https://youtu.be/HeML4hE0Ohw","Verse 看不見流星劃過白天 因為處在陽光明亮的天 看見流星劃破夜晚 因為黑暗總與光明相伴 Verse 看不見身後的影子 因為太陽照射不止 看見身前的影子 因為背對陽光更讓我沉思 pre-chorus 人生的黑暗雖然看不見出口 卻能看見內心並不時時煩憂 挫折雖是阻擾前行的絆腳石 挫折卻也是人生的試金石 Chorus 轉煩惱為菩提 化悲憤為願力 當生命的曙光乍現 晨曦會取代黑暗 打破人生的僵局 對世界開天闢地 Bridge 人生總有許多哲理 總需要頓悟來開啟 善惡總在一瞬間 莫忘你善的起心動念 
Verse 看不見流星劃過白天 因為處在陽光明亮的天 看見流星劃破夜晚 因為黑暗總與光明相伴
Verse 看不見身後的影子 因為太陽照射不止 看見身前的影子 因為背對陽光更讓我沉思
pre-chorus 人生的黑暗雖然看不見出口 卻能看見內心並不時時煩憂 挫折雖是阻擾前行的絆腳石 挫折卻也是人生的試金石
Chorus 轉煩惱為菩提 化悲憤為願力 當生命的曙光乍現 晨曦會取代黑暗 打破人生的僵局 對世界開天闢地
Bridge 人生總有許多哲理 總需要頓悟來開啟 善惡總在一瞬間 莫忘你善的起心動念
留言（ 3 ） 最相關留言 所有留言
留言（ 3 ）",2026-09-08,,AI 協作 Rock,False,False,
2026-09-08 22:32:43,realtime,rock,,,23,Takefuji Drums,Emanation,1,26,0,https://streetvoice.com/takefuji_drums/songs/878059/,https://streetvoice.com/takefuji_drums/,"https://akstatic.streetvoice.com/song_covers/ta/ke/takefuji_drums/BpGsGCDXbAnRmca56wmbBX.jpeg?x-oss-process=image/resize,m_fill,h_400,w_400,limit_0",images/878059.jpeg,@takefuji_drums,音樂人,東京都,2026-09-01,,1,,,,,https://www.youtube.com/user/StreetVoiceTV,,,Post rock,,,,"收錄於首張專輯《chronorhythm》（2025）。 數學搖滾／後搖滾的器樂曲。鼓不是伴奏，而是帶著整首曲走的那條線。 Instrumental math rock / post-rock from the debut album “chronorhythm” (2025). Takefuji Drums — drummer & composer, Tokyo. ▍完整專輯｜ takefujidrums.bandcamp.com ▍一鏡到底演奏影片｜ youtube.com/@takefuji_drums 
收錄於首張專輯《chronorhythm》（2025）。
數學搖滾／後搖滾的器樂曲。鼓不是伴奏，而是帶著整首曲走的那條線。
Instrumental math rock / post-rock from the debut album “chronorhythm” (2025). Takefuji Drums — drummer & composer, Tokyo.
▍完整專輯｜ takefujidrums.bandcamp.com ▍一鏡到底演奏影片｜ youtube.com/@takefuji_drums
takefujidrums.bandcamp.com
youtube.com/@takefuji_drums","這是沒有提供歌詞的歌曲
留言（ 0 ） 最相關留言 所有留言
留言（ 0 ）",2026-09-05,,編輯推薦,True,False,
2026-09-08 22:32:43,realtime,rock,,,24,Tomy Ho 何家銘,聽日先吖,1,6,0,https://streetvoice.com/tomyinmusic/songs/878304/,https://streetvoice.com/tomyinmusic/,"https://akstatic.streetvoice.com/song_covers/to/my/tomyinmusic/QdfHZVSuQaUEwqxLEqWyqH.jpeg?x-oss-process=image/resize,m_fill,h_400,w_400,limit_0",images/878304.jpeg,@tomyinmusic,音樂人,香港,2016-08-01,,4,3,,,,https://www.youtube.com/user/StreetVoiceTV,,,Reggae / Funk,,,,"日常有太多嘅嘢想「的起心肝」去做 不過實在太多阻礙了哈哈 我哋一齊探討下究竟有幾難 
日常有太多嘅嘢想「的起心肝」去做 不過實在太多阻礙了哈哈 我哋一齊探討下究竟有幾難","買買買買 食食食食 我極有衣食 吃夠喝夠 返房休息 間房變細變逼 照鏡照鏡 大望特望 突然被重擊 條車呔威脅我好節食 明日我 會舉重 會跑步 無懼殺進末路窮途 體重要減到 我想到 我肯做 只不過 今晚 極攰 成頭 煩惱 拖多日 不會再拖 拖多夜 就有結果 周遭有太多問題一千種奈何 拖多日 總會有火 休息為著明日改過 要儲夠貨先在磨 目標減肥都係聽日先啦 目標操fit自己都係聽日先啦 目標努力溫書都係聽日先啦 我發現我嘅想像同計劃總有啲偏差 搵藉口其實拖延症 醫生都定性 患上咗拖延症 我媽媽都認證 搵藉口其實拖延症 醫生都定性 患上咗拖延症 我媽媽都認證 明日到 卻驚覺 有急事 無奈要 種樹做陶瓷 睇戲再寫詩 再一次 有急事 的起了 心肝 後日才嘗試 拖多日 不會再拖 拖多夜 就有結果 周遭有太多問題一千種奈何 拖多日 總會有火 休息為著明日改過 說到我有些餓 搵藉口其實拖延症 醫生都定性 患上咗拖延症 我媽媽都認證 搵藉口其實拖延症 醫生都定性 患上咗拖延症 我媽媽都認證 一千日 拖過再拖 一千夜 未有結果 早知道我的問題偏只想拔河 拖多日 總會有火 休息為著明日改過 休一世 休到望見佛陀 三千日 拖過再拖 七千夜 未有結果 拖拖拉拖過再拉 拖拉拖拉拖 拖拉拖 拉過再拖 拖拉為著明日改過 
買買買買 食食食食 我極有衣食 吃夠喝夠 返房休息 間房變細變逼 照鏡照鏡 大望特望 突然被重擊 條車呔威脅我好節食
明日我 會舉重 會跑步 無懼殺進末路窮途 體重要減到 我想到 我肯做 只不過 今晚 極攰 成頭 煩惱
拖多日 不會再拖 拖多夜 就有結果 周遭有太多問題一千種奈何 拖多日 總會有火 休息為著明日改過 要儲夠貨先在磨
目標減肥都係聽日先啦 目標操fit自己都係聽日先啦 目標努力溫書都係聽日先啦 我發現我嘅想像同計劃總有啲偏差
搵藉口其實拖延症 醫生都定性 患上咗拖延症 我媽媽都認證 搵藉口其實拖延症 醫生都定性 患上咗拖延症 我媽媽都認證
明日到 卻驚覺 有急事 無奈要 種樹做陶瓷 睇戲再寫詩 再一次 有急事 的起了 心肝 後日才嘗試
拖多日 不會再拖 拖多夜 就有結果 周遭有太多問題一千種奈何 拖多日 總會有火 休息為著明日改過 說到我有些餓
搵藉口其實拖延症 醫生都定性 患上咗拖延症 我媽媽都認證 搵藉口其實拖延症 醫生都定性 患上咗拖延症 我媽媽都認證
一千日 拖過再拖 一千夜 未有結果 早知道我的問題偏只想拔河 拖多日 總會有火 休息為著明日改過 休一世 休到望見佛陀
三千日 拖過再拖 七千夜 未有結果 拖拖拉拖過再拉 拖拉拖拉拖 拖拉拖 拉過再拖 拖拉為著明日改過
留言（ 0 ） 最相關留言 所有留言
留言（ 0 ）",2026-09-07,,編輯推薦,True,False,
2026-09-08 22:32:43,realtime,rock,,,25,MORE BE US,退潮,159,14410,12,https://streetvoice.com/morebeus_official/songs/874196/,https://streetvoice.com/morebeus_official/,"https://akstatic.streetvoice.com/song_covers/mo/re/morebeus_official/4Cc95H92v5bbYN2uCsnkju.jpeg?x-oss-process=image/resize,m_fill,h_400,w_400,limit_0",images/874196.jpeg,@morebeus_official,音樂人,台灣,2025-12-01,2026-02-12 09:57,2,233,1,,https://www.instagram.com/morebeus_official/,https://www.youtube.com/@morebeus_official,「秋OUT音樂節」海外陣容驚喜加碼！日本樂團礼賛、東京製作鬼才VIDEOTAPEMUSIC、蒙古樂團NaraBara參戰|||https://blow.streetvoice.com/82661/?utm_source=streetvoice&utm_medium=profile-news-block; 2025大港開唱再公布20組陣容！黃大謙與I Mean Us合作，獻上首次音樂祭演出|||https://blow.streetvoice.com/78923/?utm_source=streetvoice&utm_medium=profile-news-block; 2024浪人祭推出全新海外陣容：西班牙文青女聲Russian Red再次訪台，kanekoayano、Science Noodles接力開唱|||https://blow.streetvoice.com/76097/?utm_source=streetvoice&utm_medium=profile-news-block,,Rock,,,,"站在沙灘上，你很難只憑一道浪，就判斷海是在漲潮還是退潮。浪花一次次漫過雙腳，又退回海裡，順勢帶走腳下幾粒沙。 退潮從不是一次帶走所有，而是在一次又一次的浪裡，無聲地讓一些東西悄悄離開。有些人的離開，也是如此。等你終於回過頭，那個曾經眼裡只有你的人，早已不在原地。 
站在沙灘上，你很難只憑一道浪，就判斷海是在漲潮還是退潮。浪花一次次漫過雙腳，又退回海裡，順勢帶走腳下幾粒沙。
退潮從不是一次帶走所有，而是在一次又一次的浪裡，無聲地讓一些東西悄悄離開。有些人的離開，也是如此。等你終於回過頭，那個曾經眼裡只有你的人，早已不在原地。","動態歌詞
風暖暖的沙灘上 靜悄悄的走在一起 好嗎 你多我一大截步伐 讓我一刻都不能停下 隨著你走 退潮帶走了我 無影無蹤 你可曾找尋過 那顆愛你的心 充滿你的眼睛 海水輕輕淹沒了 不知不覺的 風冷冷的 沙灘上 緊緊挨著走在一起 好嗎 別先走 我跟不上 你回頭 看看我 好不好嘛 好嗎 隨著你走 退潮帶走了我 無影無蹤 你可曾找尋過 那個執著著你 不是你就不行 海水輕輕淹沒了 無跡可循的 你走 別假裝在乎我 是我 讓真相如此赤裸 別找回我的心 別看向我眼睛 海水輕輕淹沒了 重重墜落的 我 
風暖暖的沙灘上 靜悄悄的走在一起 好嗎 你多我一大截步伐 讓我一刻都不能停下
隨著你走 退潮帶走了我 無影無蹤 你可曾找尋過 那顆愛你的心 充滿你的眼睛 海水輕輕淹沒了 不知不覺的
風冷冷的 沙灘上 緊緊挨著走在一起 好嗎 別先走 我跟不上 你回頭 看看我 好不好嘛 好嗎
隨著你走 退潮帶走了我 無影無蹤 你可曾找尋過 那個執著著你 不是你就不行 海水輕輕淹沒了 無跡可循的
你走 別假裝在乎我 是我 讓真相如此赤裸 別找回我的心 別看向我眼睛 海水輕輕淹沒了 重重墜落的 我
留言（ 12 ） 最相關留言 所有留言
留言（ 12 ）",2026-08-12,,Song of the Day; 週排行冠軍; 編輯推薦,True,True,
2026-09-08 22:32:43,realtime,rock,,,26,poshiftofficial1026,破序 - 愛到卡慘死,1,12,0,https://streetvoice.com/poshiftofficial1026/songs/878295/,https://streetvoice.com/poshiftofficial1026/,"https://akstatic.streetvoice.com/profile_images/po/sh/poshiftofficial1026/XyQHrh7ewGpwV6mEpMKsss.jpeg?x-oss-process=image/resize,m_fill,h_400,w_400,limit_0",images/878295.jpeg,@poshiftofficial1026,音樂人,,,,3,,,,,https://www.youtube.com/user/StreetVoiceTV,,,Rock,,,,"恨得越深的愛情 代表當初愛的越用力 
恨得越深的愛情 代表當初愛的越用力","你說愛到卡慘死 這款傷心的愛情 一切攏沒意義 結局也是攏沒藥醫 你說愛到卡慘死 這款傷心的愛情 Oh~oh~oh~ 別糟蹋咱的心 你的心像是風在飛 一個人站在那藏在心肝底 待在這個無情的世界 有住著你 住著我 還有這個社會 過去你所說出的情話 攏已經不用再來解釋 反正一切攏是假 攏別再講那些廢話 你說愛到卡慘死 這款傷心的愛情 一切都沒意義 結局也是攏沒藥醫 你說愛到卡慘死 這款傷心的愛情 Oh~oh~oh~ 別糟蹋咱的心 你要離開的那一晚 其實你也沒啥不一樣 你要離開的那一晚 咱倆人也一樣在相擁 你要離開的那一晚 你說你不捨我一個人 你要離開的那一晚 甘知道我的心 有多痛～ 你說愛到卡慘死 這款傷心的愛情 一切都沒意義 結局也是攏沒藥醫 你說愛到卡慘死 這款傷心的愛情 Oh~oh~oh~ 別糟蹋咱的心 
你說愛到卡慘死 這款傷心的愛情 一切攏沒意義 結局也是攏沒藥醫 你說愛到卡慘死 這款傷心的愛情 Oh~oh~oh~ 別糟蹋咱的心 你的心像是風在飛 一個人站在那藏在心肝底 待在這個無情的世界 有住著你 住著我 還有這個社會 過去你所說出的情話 攏已經不用再來解釋 反正一切攏是假 攏別再講那些廢話 你說愛到卡慘死 這款傷心的愛情 一切都沒意義 結局也是攏沒藥醫 你說愛到卡慘死 這款傷心的愛情 Oh~oh~oh~ 別糟蹋咱的心 你要離開的那一晚 其實你也沒啥不一樣 你要離開的那一晚 咱倆人也一樣在相擁 你要離開的那一晚 你說你不捨我一個人 你要離開的那一晚 甘知道我的心 有多痛～ 你說愛到卡慘死 這款傷心的愛情 一切都沒意義 結局也是攏沒藥醫 你說愛到卡慘死 這款傷心的愛情 Oh~oh~oh~ 別糟蹋咱的心
留言（ 0 ） 最相關留言 所有留言
留言（ 0 ）",2026-09-07,,編輯推薦,True,False,
2026-09-08 22:32:43,realtime,rock,,,27,poshiftofficial1026,破序 - Again,1,8,0,https://streetvoice.com/poshiftofficial1026/songs/878296/,https://streetvoice.com/poshiftofficial1026/,"https://akstatic.streetvoice.com/profile_images/po/sh/poshiftofficial1026/XyQHrh7ewGpwV6mEpMKsss.jpeg?x-oss-process=image/resize,m_fill,h_400,w_400,limit_0",images/878296.jpeg,@poshiftofficial1026,音樂人,,,,3,,,,,https://www.youtube.com/user/StreetVoiceTV,,,Rock,,,,"Again 詞:阿凱、阿祐、阿評 曲:破序 編曲:破序、麻糬 生活的現況總是不如意 失敗也總是勤奮的來探訪 放棄的念頭始終在心中波瀾 失敗了就在次Again吧 讓我們一起Never give up 一起找回最初的感動 
Again 詞:阿凱、阿祐、阿評 曲:破序 編曲:破序、麻糬
生活的現況總是不如意 失敗也總是勤奮的來探訪 放棄的念頭始終在心中波瀾
失敗了就在次Again吧 讓我們一起Never give up 一起找回最初的感動","在我眼中的世界 有太多的迷戀 殘酷的世界 怎會如此的絕對 我說出的狂言 又做到了哪些 曾經的誓言又放下了哪些 在我眼中的世界 有太多的迷戀 殘酷的世界 怎會如此的絕對 我說出的狂言 又做到了哪些 曾經的誓言又放下了哪些 時間如能回到重頭的那一瞬間 就沒有人後悔流下了眼淚 人生不像遊戲可以一遍又一遍 所謂的幸福是童話才有的情節 我已踏上隨波逐流的新世界 當我每天睜開雙眼 是如何活到明天 曾幾何時的自己早已離去不再回 Too far away To say goodbye 為何不願放開一切 鬆手就能夠擁有藍天 為何不斷撲向火焰 讓自己活得這麼累 I don't want to lose them again I just want to find my way The world drives me crazy Can you tell me why 我已踏上隨波逐流的新世界 當我每天睜開雙眼 是如何活到明天 曾幾何時的自己早已離去不再回 Too far away To say goodbye Tell me why 我已踏上隨波逐流的新世界 當我每天睜開雙眼 是如何活到明天 曾幾何時的自己早已離去不再回 Too far away To say goodbye 
在我眼中的世界 有太多的迷戀 殘酷的世界 怎會如此的絕對 我說出的狂言 又做到了哪些 曾經的誓言又放下了哪些
在我眼中的世界 有太多的迷戀 殘酷的世界 怎會如此的絕對 我說出的狂言 又做到了哪些 曾經的誓言又放下了哪些
時間如能回到重頭的那一瞬間 就沒有人後悔流下了眼淚 人生不像遊戲可以一遍又一遍 所謂的幸福是童話才有的情節
我已踏上隨波逐流的新世界 當我每天睜開雙眼 是如何活到明天 曾幾何時的自己早已離去不再回 Too far away To say goodbye
為何不願放開一切 鬆手就能夠擁有藍天 為何不斷撲向火焰 讓自己活得這麼累
I don't want to lose them again I just want to find my way The world drives me crazy Can you tell me why
我已踏上隨波逐流的新世界 當我每天睜開雙眼 是如何活到明天 曾幾何時的自己早已離去不再回 Too far away To say goodbye Tell me why
我已踏上隨波逐流的新世界 當我每天睜開雙眼 是如何活到明天 曾幾何時的自己早已離去不再回 Too far away To say goodbye
留言（ 0 ） 最相關留言 所有留言
留言（ 0 ）",2026-09-07,,編輯推薦,True,False,
2026-09-08 22:32:43,realtime,rock,,,28,雀舌乐队,This Too Shall Pass,1,31,0,https://streetvoice.com/qsyd/songs/878244/,https://streetvoice.com/qsyd/,"https://akstatic.streetvoice.com/song_covers/qs/yd/qsyd/SJZqUoxVuxApfJtsyuRPFr.jpeg?x-oss-process=image/resize,m_fill,h_400,w_400,limit_0",images/878244.jpeg,@qsyd,音樂人,,,,3,1,1,,,https://www.youtube.com/user/StreetVoiceTV,,,Rock,,,,"金色的暮光洒在后背，一头栽进小路尽头拥抱的日子一去不复返了。 长大是未曾想象过的宽广世界，但也同样面临未曾想象的规则，被周围的期待推着前进，在妥协与希望中拉扯，仿佛站在黑色和蓝色混合的迷雾里。孤独是永远的人生课题，但这一切都会过去。 
金色的暮光洒在后背，一头栽进小路尽头拥抱的日子一去不复返了。
长大是未曾想象过的宽广世界，但也同样面临未曾想象的规则，被周围的期待推着前进，在妥协与希望中拉扯，仿佛站在黑色和蓝色混合的迷雾里。孤独是永远的人生课题，但这一切都会过去。","動態歌詞
A lot of summer has happened Village road twilight safe and quiet A lot of summer has happened Spinning top spinning top Spinning into the hug at the end of this path My all Spinning top spinning top Spinning into a taller view in black and blue higher wall A lot of summer Buried thoughts jump through your shirt like no one knows it Hide it again behind a wave of drowsiness Jessie Is there a right place I can say what I wanna say Is there a warm place to listen to me tell my day I can feel a pair of eyes resting upon me with firmness warmth and softness clarity hu thats me 
A lot of summer has happened Village road twilight safe and quiet A lot of summer has happened Spinning top spinning top Spinning into the hug at the end of this path My all Spinning top spinning top Spinning into a taller view in black and blue higher wall A lot of summer Buried thoughts jump through your shirt like no one knows it Hide it again behind a wave of drowsiness Jessie Is there a right place I can say what I wanna say Is there a warm place to listen to me tell my day I can feel a pair of eyes resting upon me with firmness warmth and softness clarity hu thats me
留言（ 0 ） 最相關留言 所有留言
留言（ 0 ）",2026-09-06,,編輯推薦,True,False,
2026-09-08 22:32:43,realtime,rock,,,29,Inverted Sun,溺愛 / Unconditioned Love,3,40,0,https://streetvoice.com/yi88613/songs/877444/,https://streetvoice.com/yi88613/,"https://akstatic.streetvoice.com/music_albums/yi/88/yi88613/LVbKMYMibJdjvp6McZnYNx.jpeg?x-oss-process=image/resize,m_fill,h_400,w_400,limit_0",images/877444.jpeg,@yi88613,音樂人,,,,39,4,,,,https://www.youtube.com/user/StreetVoiceTV,,,Alternative,無自覺的天使 / Vanishing Angel,https://streetvoice.com/yi88613/songs/album/97326016/,,,"我蒼白的心 悄然的死去 走向一個殘酷的結局 我以為自己 仍保持清醒 但其實已經沉沉睡去 看透一切 追尋著幻滅 不應該存在的理解 一片空白 純粹的溺愛 最後只會造成傷害 在感情之中 不被愛的人 創傷如何能找到出口 在無意之間 留下的爪痕 心裡的痛無法被治癒 窗外透入的光線 照不進我心裡面 你的溫柔讓我產生戀愛的錯覺 最後提出的邀約 被你無情地拒絕 我們之間只剩下無言 
我蒼白的心 悄然的死去 走向一個殘酷的結局 我以為自己 仍保持清醒 但其實已經沉沉睡去
看透一切 追尋著幻滅 不應該存在的理解 一片空白 純粹的溺愛 最後只會造成傷害
在感情之中 不被愛的人 創傷如何能找到出口 在無意之間 留下的爪痕 心裡的痛無法被治癒
窗外透入的光線 照不進我心裡面 你的溫柔讓我產生戀愛的錯覺 最後提出的邀約 被你無情地拒絕 我們之間只剩下無言
留言（ 0 ） 最相關留言 所有留言
留言（ 0 ）",2026-09-01,,編輯推薦,True,False,
2026-09-08 22:32:43,realtime,rock,,,30,Itsyn,lost &amp; found demo,1,2,0,https://streetvoice.com/Itsyn/songs/878552/,https://streetvoice.com/Itsyn/,"https://akstatic.streetvoice.com/song_covers/It/sy/Itsyn/4z992pGNPnKjQB7nDR9PE6.jpeg?x-oss-process=image/resize,m_fill,h_400,w_400,limit_0",images/878552.jpeg,@Itsyn,音樂人,,,,2,3,7,,,https://www.youtube.com/user/StreetVoiceTV,,,Alternative,,,,"《Lost & Found》是一首以青春、迷茫与追寻梦想为主题的 pop rock/pop punk原创歌曲。歌曲描写了一个人在成长过程中面对未来的不确定、自我怀疑以及来自家庭和现实的压力——不知道自己想成为谁，也不知道梦想是否真的能够实现。歌词从 “What do I want?” 的迷茫开始，到 “But I wanna be me” 的自我觉醒，再到最后 “Finding your own dream” 的坚定，呈现出从 Lost 到 Found 的成长过程。歌曲名称《Lost & Found》寓意着“迷失并不可怕，因为寻找的过程本身就是找到自己的过程”，这里的“Found”不仅是找到梦想，更是找回真正的自己。整首歌曲以中速的 Alternative Pop / Indie Pop 编曲为基础，通过逐渐增强的音乐情绪，将迷茫、自我怀疑、挣扎与最终的释放连接起来。它想传达的并不是每个人都必须马上知道自己的未来，而是即使现在迷失了，也可以继续向前、继续寻找，因为有一天，我们终会找到属于自己的方向与梦想。歌曲借鉴了chappell roan的hot to go!和avril lavrigne的what the hell风格作为灵感 
《Lost & Found》是一首以青春、迷茫与追寻梦想为主题的 pop rock/pop punk原创歌曲。歌曲描写了一个人在成长过程中面对未来的不确定、自我怀疑以及来自家庭和现实的压力——不知道自己想成为谁，也不知道梦想是否真的能够实现。歌词从 “What do I want?” 的迷茫开始，到 “But I wanna be me” 的自我觉醒，再到最后 “Finding your own dream” 的坚定，呈现出从 Lost 到 Found 的成长过程。歌曲名称《Lost & Found》寓意着“迷失并不可怕，因为寻找的过程本身就是找到自己的过程”，这里的“Found”不仅是找到梦想，更是找回真正的自己。整首歌曲以中速的 Alternative Pop / Indie Pop 编曲为基础，通过逐渐增强的音乐情绪，将迷茫、自我怀疑、挣扎与最终的释放连接起来。它想传达的并不是每个人都必须马上知道自己的未来，而是即使现在迷失了，也可以继续向前、继续寻找，因为有一天，我们终会找到属于自己的方向与梦想。歌曲借鉴了chappell roan的hot to go!和avril lavrigne的what the hell风格作为灵感","(verse) I forgot what teacher has taught turning round and round in circle but I am just a normal person what do I want? I lost my mind leaving bigger crime but they just call me a loser oh, my my what a crap it hurts what have I done? (pre chorus) my mom just tell me get a job just do your chores and buy a car but I said mom just let me be I'm getting closer to my dream but will I'm gonna be succeed? I even don't know how to swim get trapped in maze with my lovestruck oh god just give me one more luck! (chorus) oh, oh oh I'm lost and found screaming loud and loud I won't give up oh, oh oh you're lost and found gonna hit the ground because we're lost and found (verse 2) my friends and I are laughing at the hallway but suddenly my mind flew in the halfway in the future will I gonna paved my way? or just be the cashier in the mall god no way? (pre chorus 2) can I be the wind? can I be the sea? but I wanna be me when I'm gonna be free? (chorus) oh, oh oh I'm lost and found screaming loud and loud I won't give up oh, oh oh you're lost and found gonna hit the ground because we're lost and found (bridge) no one to help no one to come gotta prove to you if I’m wrong don’t stop the goal you’ve done it all be lost & found (outro) I don’t care what you say I’ve done it all my way I’m born to free I’m standing on the stage no matter what you say we’re born to flee if you lost that’s okay I’ll let you smile all day finding your own dream we’re gonna runaway and never stop again because we’re lost & found 
(verse) I forgot what teacher has taught turning round and round in circle but I am just a normal person what do I want? I lost my mind leaving bigger crime but they just call me a loser oh, my my what a crap it hurts what have I done?
(pre chorus) my mom just tell me get a job just do your chores and buy a car but I said mom just let me be I'm getting closer to my dream but will I'm gonna be succeed? I even don't know how to swim get trapped in maze with my lovestruck oh god just give me one more luck!
(chorus) oh, oh oh I'm lost and found screaming loud and loud I won't give up oh, oh oh you're lost and found gonna hit the ground because we're lost and found
(verse 2) my friends and I are laughing at the hallway but suddenly my mind flew in the halfway in the future will I gonna paved my way? or just be the cashier in the mall god no way?
(pre chorus 2) can I be the wind? can I be the sea? but I wanna be me when I'm gonna be free?
(chorus) oh, oh oh I'm lost and found screaming loud and loud I won't give up oh, oh oh you're lost and found gonna hit the ground because we're lost and found
(bridge) no one to help no one to come gotta prove to you if I’m wrong don’t stop the goal you’ve done it all be lost & found
(outro) I don’t care what you say I’ve done it all my way I’m born to free I’m standing on the stage no matter what you say we’re born to flee if you lost that’s okay I’ll let you smile all day finding your own dream we’re gonna runaway and never stop again because we’re lost & found
留言（ 0 ） 最相關留言 所有留言
留言（ 0 ）",2026-09-08,,,False,False,
2026-09-08 22:32:43,realtime,rock,,,31,XuanXuan,I hate this part of me,7,176,1,https://streetvoice.com/XuanXuan_official/songs/876755/,https://streetvoice.com/XuanXuan_official/,"https://akstatic.streetvoice.com/song_covers/Xu/an/XuanXuan_official/d2np5HeFBV8UadNJsAwkxS.jpeg?x-oss-process=image/resize,m_fill,h_400,w_400,limit_0",images/876755.jpeg,@XuanXuan_official,音樂人,,,,5,33,1,,,https://www.youtube.com/user/StreetVoiceTV,畫室The WLTZ鍵盤手、電子音樂創作者XuanXuan新單曲〈I Hate This Part Of Me〉探索對立與反差|||https://blow.streetvoice.com/89884/?utm_source=streetvoice&utm_medium=profile-news-block; 黃雨晴推出新 EP《No No Love》 邀鯨魚號、XuanXuan共演發片場|||https://blow.streetvoice.com/75959/?utm_source=streetvoice&utm_medium=profile-news-block; 跨界樂團血のヤオヤ發行首張專輯《MEED》結合動畫、玩具概念|||https://blow.streetvoice.com/85044/?utm_source=streetvoice&utm_medium=profile-news-block,,Alternative,,,,"Song & Arrangement｜XuanXuan Mixing & Mastering｜Jyun-Cheng Hong @those studio Cover Design｜Ning Yang 
Song & Arrangement｜XuanXuan Mixing & Mastering｜Jyun-Cheng Hong @those studio Cover Design｜Ning Yang","I hate this part of me Words swallowed whole How do I take your hand to tell you what stayed inside I hate this part of me Every step away sounds more like you Borrowed ways to love Trying to be enough I forget what I’m fighting for Dinosaurs before sky fell Couldn't stop gravity I forget what I’m fighting for Tiny humans in the blue Someone still waits up 
I hate this part of me Words swallowed whole How do I take your hand to tell you what stayed inside
I hate this part of me Every step away sounds more like you Borrowed ways to love Trying to be enough
I forget what I’m fighting for Dinosaurs before sky fell Couldn't stop gravity
I forget what I’m fighting for Tiny humans in the blue Someone still waits up
留言（ 1 ） 最相關留言 所有留言
留言（ 1 ）",2026-08-28,,編輯推薦,True,False,
2026-09-08 22:32:43,realtime,rock,,,32,poshiftofficial1026,破序 - 三十,1,11,0,https://streetvoice.com/poshiftofficial1026/songs/878291/,https://streetvoice.com/poshiftofficial1026/,"https://akstatic.streetvoice.com/profile_images/po/sh/poshiftofficial1026/XyQHrh7ewGpwV6mEpMKsss.jpeg?x-oss-process=image/resize,m_fill,h_400,w_400,limit_0",images/878291.jpeg,@poshiftofficial1026,音樂人,,,,3,,,,,https://www.youtube.com/user/StreetVoiceTV,,,Rock,,,,"三十歲是人生中的一個檻 很多青春跟夢想 都難已越過這道高牆 但過了三十 就真的沒有繼續追夢的可能了嗎？ 過了三十 就真的失去真實的自我了嗎？ 而最後的你 滿意你最後的選擇嗎? 
三十歲是人生中的一個檻 很多青春跟夢想 都難已越過這道高牆
但過了三十 就真的沒有繼續追夢的可能了嗎？
過了三十 就真的失去真實的自我了嗎？
而最後的你 滿意你最後的選擇嗎?","一世人 一款命 做一場不會醒的夢 在你的身上我看不到 時間留下的痕跡 時光匆匆的走 經過了無數的日夜 我逐漸找不到 過去的自己 秋風落葉 冷洌的夜 獨自漠漠流下 第一滴淚 笑看世界 在黑夜中盡情買醉 只因我 不願妥協這世界 三十歲後的我 已過了做夢的年頭 冷漠的笑 冷漠的痛 有誰會懂 三十歲後的我 怎與我想的不太相同 這世界的枷鎖 太過沈重 曾雙手緊握的夢 卻無法再緊握 無情的壓力讓我無法 衝破現實的牢蘢 雨過後的彩虹 揭開了雨後的黎明 擁抱著沒有未來的明天 三十歲後的我 已過了做夢的年頭 冷漠的笑 冷漠的痛 有誰會懂 三十歲後的我 怎與我想的不太相同 這世界的枷鎖 太過沈重 三十歲後的我 已過了做夢的年頭 冷漠的笑 冷漠的痛 有誰會懂 三十歲後的我 怎與我想的不太相同 這世界的枷鎖 太過沈重 但我會用我的一生 去掙脫 
一世人 一款命 做一場不會醒的夢 在你的身上我看不到 時間留下的痕跡 時光匆匆的走 經過了無數的日夜 我逐漸找不到 過去的自己 秋風落葉 冷洌的夜 獨自漠漠流下 第一滴淚 笑看世界 在黑夜中盡情買醉 只因我 不願妥協這世界 三十歲後的我 已過了做夢的年頭 冷漠的笑 冷漠的痛 有誰會懂 三十歲後的我 怎與我想的不太相同 這世界的枷鎖 太過沈重 曾雙手緊握的夢 卻無法再緊握 無情的壓力讓我無法 衝破現實的牢蘢 雨過後的彩虹 揭開了雨後的黎明 擁抱著沒有未來的明天 三十歲後的我 已過了做夢的年頭 冷漠的笑 冷漠的痛 有誰會懂 三十歲後的我 怎與我想的不太相同 這世界的枷鎖 太過沈重 三十歲後的我 已過了做夢的年頭 冷漠的笑 冷漠的痛 有誰會懂 三十歲後的我 怎與我想的不太相同 這世界的枷鎖 太過沈重 但我會用我的一生 去掙脫
留言（ 0 ） 最相關留言 所有留言
留言（ 0 ）",2026-09-07,,,False,False,
2026-09-08 22:32:43,realtime,rock,,,33,poshiftofficial1026,破序 - 有錢會飛,1,14,0,https://streetvoice.com/poshiftofficial1026/songs/878289/,https://streetvoice.com/poshiftofficial1026/,"https://akstatic.streetvoice.com/profile_images/po/sh/poshiftofficial1026/XyQHrh7ewGpwV6mEpMKsss.jpeg?x-oss-process=image/resize,m_fill,h_400,w_400,limit_0",images/878289.jpeg,@poshiftofficial1026,音樂人,,,,3,,,,,https://www.youtube.com/user/StreetVoiceTV,,,Rock,,,,"有錢會飛 詞：阿評 人兩腳錢四腳 究竟是為了生活而賺錢 還是為了賺錢而生活 
有錢會飛
詞：阿評
人兩腳錢四腳
究竟是為了生活而賺錢
還是為了賺錢而生活","有錢會飛 詞：阿評 到底何時才會看到你的夢 繞來繞去攏嘛繞去垃圾桶 人生這條路就親像一齣電影 沒走到最後不知誰會贏 你講我不知現實有多重 莫再整天在做憨人 站在這個世界有時嘛是要顧飯碗 追夢本來就是夢 最後可能嘛無彩工 但是成功的人往往攏是那些 早就看清世界有錢會飛 夢越多越反悔 攏嘛已經袂說話 早就看清世界有錢會飛 賺越多越愛現 難道你攏袂拍謝 到底何時 到底何時 才可以看起你自己的過去 莫再想起 莫再提起 你以前追夢的那個少年時 你說我不知現實有多重 莫再整天做憨人 站在這個世界有時嘛是要顧飯碗 追夢本來就是夢 最後可能嘛無彩工 但是成功的人往往攏是那些憨人 我不願站在這用錢看輸贏 人生是用來打拼不是隨便說說就煞煞 你若要踩上腳步跟我向前走 不管別人怎麼講 阮就是那些憨人 阮就是那些憨人 阮就是那些憨人 早就看清世界有錢會飛 夢越多越反悔 攏嘛已經袂說話 早就看清世界有錢會飛 賺越多越愛現 難道你攏袂拍謝 
有錢會飛
詞：阿評
到底何時才會看到你的夢
繞來繞去攏嘛繞去垃圾桶
人生這條路就親像一齣電影
沒走到最後不知誰會贏
你講我不知現實有多重
莫再整天在做憨人
站在這個世界有時嘛是要顧飯碗
追夢本來就是夢
最後可能嘛無彩工
但是成功的人往往攏是那些
早就看清世界有錢會飛
夢越多越反悔
攏嘛已經袂說話
早就看清世界有錢會飛
賺越多越愛現
難道你攏袂拍謝
到底何時 到底何時
才可以看起你自己的過去
莫再想起 莫再提起
你以前追夢的那個少年時
你說我不知現實有多重
莫再整天做憨人
站在這個世界有時嘛是要顧飯碗
追夢本來就是夢
最後可能嘛無彩工
但是成功的人往往攏是那些憨人
我不願站在這用錢看輸贏
人生是用來打拼不是隨便說說就煞煞
你若要踩上腳步跟我向前走
不管別人怎麼講
阮就是那些憨人
阮就是那些憨人
阮就是那些憨人
早就看清世界有錢會飛
夢越多越反悔
攏嘛已經袂說話
早就看清世界有錢會飛
賺越多越愛現
難道你攏袂拍謝
留言（ 0 ） 最相關留言 所有留言
留言（ 0 ）",2026-09-07,,,False,False,
2026-09-08 22:32:43,realtime,rock,,,34,幽幽鹿鳴,metro.mp3,1,10,0,https://streetvoice.com/Http_anki/songs/878150/,https://streetvoice.com/Http_anki/,"https://akstatic.streetvoice.com/song_covers/Ht/tp/Http_anki/fWeuNFLLaEgyVYcpPs3Zz3.jpeg?x-oss-process=image/resize,m_fill,h_400,w_400,limit_0",images/878150.jpeg,@Http_anki,音樂人,嘉義縣,2023-04-01,,5,1,,,,https://www.youtube.com/user/StreetVoiceTV,,,Alternative,,,,"作詞：徐夙嫻 編曲：劉安祈 
作詞：徐夙嫻 編曲：劉安祈","動態歌詞
In the open, 敞開之下， You observe the world as well as yourself. 你看世界的同時也在看自己。 In confined spaces, 封閉之下， The only one you see is yourself. 你看見的只有你自己。 The metro goes on 捷運繼續前進 Yet the windows dimmed. 窗口卻暗了。 And all that was left is my reflection. 只留下我的倒影。 
In the open, 敞開之下， You observe the world as well as yourself. 你看世界的同時也在看自己。 In confined spaces, 封閉之下， The only one you see is yourself. 你看見的只有你自己。 The metro goes on 捷運繼續前進 Yet the windows dimmed. 窗口卻暗了。 And all that was left is my reflection. 只留下我的倒影。
留言（ 0 ） 最相關留言 所有留言
留言（ 0 ）",2026-09-06,,,False,False,
2026-09-08 22:32:43,realtime,rock,,,35,poshiftofficial1026,破序 - 風雨裡的人,1,10,0,https://streetvoice.com/poshiftofficial1026/songs/878294/,https://streetvoice.com/poshiftofficial1026/,"https://akstatic.streetvoice.com/profile_images/po/sh/poshiftofficial1026/XyQHrh7ewGpwV6mEpMKsss.jpeg?x-oss-process=image/resize,m_fill,h_400,w_400,limit_0",images/878294.jpeg,@poshiftofficial1026,音樂人,,,,3,,,,,https://www.youtube.com/user/StreetVoiceTV,,,Rock,,,,,"你說現在到底過著什麼的生活 茫茫渺渺空虛的日子也已經好幾年 想來想去翻來翻去嘛細攏沒卡紙 難道所有一切的結果攏是空笑夢 你說天公天公天公是疼憨人 這句話對我來說是也攏沒差 我流的汗到底到底是什麼的汗 說到底甘有人來為我擦乾 放開沈重的腳步  走出屬於阮的路 就算未來有風雨  也要大力往前衝 背著吉他  喝著啤酒  大聲唱出阮的苦 就算面對失敗  你也要快樂 時間時間已來到半夜三點多 看著電視永遠攏是那幾齣在演 想起想起過去瀟灑的誓言 怎麼現在的我卻攏嘛變的不同 你說天公天公天公是疼憨人 這句話對我來說是也攏沒差 我流的汗到底到底是什麼的汗 說到底甘有人來為我擦乾 放開沈重的腳步  走出屬於阮的路 就算未來有風雨  也要大力往前衝 背著吉他  喝著啤酒  大聲唱出阮的苦 就算面對失敗  你也要快樂 放開沈重的腳步  走出屬於阮的路 就算未來有風雨  也要大力往前衝 背著吉他  喝著啤酒  大聲唱出阮的苦 就算面對失敗  你也要快樂 
你說現在到底過著什麼的生活 茫茫渺渺空虛的日子也已經好幾年 想來想去翻來翻去嘛細攏沒卡紙 難道所有一切的結果攏是空笑夢
你說天公天公天公是疼憨人 這句話對我來說是也攏沒差 我流的汗到底到底是什麼的汗 說到底甘有人來為我擦乾
放開沈重的腳步  走出屬於阮的路 就算未來有風雨  也要大力往前衝 背著吉他  喝著啤酒  大聲唱出阮的苦 就算面對失敗  你也要快樂
時間時間已來到半夜三點多 看著電視永遠攏是那幾齣在演 想起想起過去瀟灑的誓言 怎麼現在的我卻攏嘛變的不同
你說天公天公天公是疼憨人 這句話對我來說是也攏沒差 我流的汗到底到底是什麼的汗 說到底甘有人來為我擦乾
放開沈重的腳步  走出屬於阮的路 就算未來有風雨  也要大力往前衝 背著吉他  喝著啤酒  大聲唱出阮的苦 就算面對失敗  你也要快樂
放開沈重的腳步  走出屬於阮的路 就算未來有風雨  也要大力往前衝 背著吉他  喝著啤酒  大聲唱出阮的苦 就算面對失敗  你也要快樂
留言（ 0 ） 最相關留言 所有留言
留言（ 0 ）",2026-09-07,,,False,False,
2026-09-08 22:32:43,realtime,rock,,,36,蕭語樓,獨醉,1,0,0,https://streetvoice.com/MarsLuo/songs/878487/,https://streetvoice.com/MarsLuo/,"https://akstatic.streetvoice.com/song_covers/Ma/rs/MarsLuo/mBjDs6pMyd9u5368NDfyBv.jpg?x-oss-process=image/resize,m_fill,h_400,w_400,limit_0",images/878487.jpg,@MarsLuo,音樂人,新竹縣,2019-02-01,,20,4,4,,,https://www.youtube.com/user/StreetVoiceTV,,,Rock,37-（科技終於發展到我能作音樂的時刻了）,https://streetvoice.com/MarsLuo/songs/album/97325151/,,,"獨醉 看過人間聚散悲歡 愛恨來去幾回 說著放下執念 偏偏心裡還留著誰 問過天地因果輪迴 究竟錯的是誰 到最後才懂眾生 本來都難辨是非 貪嗔癡愛惡欲纏成一圈 善惡功過又罰寫了幾遍 有人跪佛前　有人問蒼天 有人笑著說命由我不由天 笑人間　誰不是一身是非 談因果　又有幾人問心無愧 愛一回　恨一回　求一回　悔一回 到頭來不過談笑之間 看眾生　忙著把真假分類 說慈悲　卻容不下誰的罪 爭一生　搶一生　算一生　怨一生 一生經歷了多少哀樂喜悲 若紅塵本就是難唸經書一卷 何必非得求一個圓滿終篇 我在人間走　也在人間瘋癲 看不穿 看不透 看膩了人間 貪嗔癡愛惡欲纏成一圈 善惡功過又罰寫了幾遍 有人跪佛前　有人問蒼天 有人笑著說命由我不由天 笑人間　誰不是一身是非 談因果　又有幾人問心無愧 愛一回　恨一回　求一回　悔一回 到頭來不過談笑之間 看眾生　忙著把前世理解 說輪迴     卻與今生貌似脫節 要改變     要顯現     要學習    要許願 這一生何不瀟灑快活一點 若紅塵本就是難唸經書一卷 何必非得求一個成佛成仙 我在人間走　也在人間瘋癲 說不清    道不明    人清醒我獨醉 
獨醉
看過人間聚散悲歡 愛恨來去幾回 說著放下執念 偏偏心裡還留著誰 問過天地因果輪迴 究竟錯的是誰 到最後才懂眾生 本來都難辨是非
貪嗔癡愛惡欲纏成一圈 善惡功過又罰寫了幾遍 有人跪佛前　有人問蒼天 有人笑著說命由我不由天
笑人間　誰不是一身是非 談因果　又有幾人問心無愧 愛一回　恨一回　求一回　悔一回 到頭來不過談笑之間
看眾生　忙著把真假分類 說慈悲　卻容不下誰的罪 爭一生　搶一生　算一生　怨一生 一生經歷了多少哀樂喜悲
若紅塵本就是難唸經書一卷 何必非得求一個圓滿終篇 我在人間走　也在人間瘋癲 看不穿 看不透 看膩了人間
貪嗔癡愛惡欲纏成一圈 善惡功過又罰寫了幾遍 有人跪佛前　有人問蒼天 有人笑著說命由我不由天
笑人間　誰不是一身是非 談因果　又有幾人問心無愧 愛一回　恨一回　求一回　悔一回 到頭來不過談笑之間
看眾生　忙著把前世理解 說輪迴     卻與今生貌似脫節 要改變     要顯現     要學習    要許願 這一生何不瀟灑快活一點
若紅塵本就是難唸經書一卷 何必非得求一個成佛成仙 我在人間走　也在人間瘋癲 說不清    道不明    人清醒我獨醉
留言（ 0 ） 最相關留言 所有留言
留言（ 0 ）",2026-09-08,,AI 協作 Rock ・ 37-（科技終於發展到我能作音樂的時刻了）,False,False,
2026-09-08 22:32:43,realtime,rock,,,37,ruei_yun_chen,BYE BYE BABY,2,7,0,https://streetvoice.com/cry_kuku/songs/878358/,https://streetvoice.com/cry_kuku/,"https://akstatic.streetvoice.com/song_covers/cr/y_/cry_kuku/cSpnuK56dNri4hm4XKsaCK.jpeg?x-oss-process=image/resize,m_fill,h_400,w_400,limit_0",images/878358.jpeg,@cry_kuku,音樂人,,,,1,7,3,,,https://www.youtube.com/user/StreetVoiceTV,,,Alternative,,,,"曲／詞｜陳瑞昀 合成器 Synth｜陳瑞昀 吉他 Guitar｜陳宥群 貝斯 Bass｜陳瑞昀 鼓組 Drums｜林咚 人聲 Vocal｜陳瑞昀／謝欣恬 
曲／詞｜陳瑞昀 合成器 Synth｜陳瑞昀 吉他 Guitar｜陳宥群 貝斯 Bass｜陳瑞昀 鼓組 Drums｜林咚 人聲 Vocal｜陳瑞昀／謝欣恬","說了再見也不一定會再見 那倒不如說 掰～ BYE BYE BABY 讓我用你的眼去看世界 BYE BYE BABY 讓我用你的眼流一滴淚 最後一滴淚 This is the light！ 說了再見也不會再見 BYE BYE BABY 讓我用你的眼去看世界 BYE BYE BABY 讓我用你的眼流一滴淚 最後一滴淚 This is the light！ 
說了再見也不一定會再見 那倒不如說 掰～
BYE BYE BABY 讓我用你的眼去看世界 BYE BYE BABY 讓我用你的眼流一滴淚 最後一滴淚
This is the light！
說了再見也不會再見
BYE BYE BABY 讓我用你的眼去看世界 BYE BYE BABY 讓我用你的眼流一滴淚 最後一滴淚
This is the light！
留言（ 0 ） 最相關留言 所有留言
留言（ 0 ）",2026-09-07,,,False,False,
2026-09-08 22:32:43,realtime,rock,,,38,INFINUNKNOWN,洋娃娃的失憶症 (The Doll&#x27;s Amnesia),1,1,0,https://streetvoice.com/zoe_chang_0628/songs/878279/,https://streetvoice.com/zoe_chang_0628/,"https://akstatic.streetvoice.com/song_covers/zo/e_/zoe_chang_0628/5S2vjKV4Mw8bjNPCXGeTc8.jpeg?x-oss-process=image/resize,m_fill,h_400,w_400,limit_0",images/878279.jpeg,@zoe_chang_0628,音樂人,,,,4,2,,,,https://www.youtube.com/user/StreetVoiceTV,,,Alternative,,,,"這首歌是從某一段感情裡來的。 以前的我不懂得戀愛，但就很乖，也很容易忍。 很多時候就算難過、生氣，也會先看對方的心情，想著是不是自己再體諒一點就好了。 後來有一天我突然發現，自己好像被慢慢丟棄在在了旁邊。 一開始一點一點被喜歡、被珍惜，也被小心翼翼地保護著。 可是新鮮感過了以後，就直接被放著。 我等了很久，對方卻只是很輕描淡寫地說：「忘了你了。」 後來某一天，我一眼瞄到親戚家某個木袋裡的一個洋娃娃 盯了很久——它很舊，也非常非常的髒。 就想著：洋娃娃是不是也是這樣？ 剛買回來的時候很喜歡，可以被好好保護。 可是玩久了，有裂痕了、壞掉了、變舊了，就被丟到一旁。 沒有人再修它，也沒有人再想起它。 最後甚至連「以前曾經有人很喜歡它」這件事，都沒有人記得了。 所以我把這個娃娃，放進了這段感情裡，寫成了這首歌。 《洋娃娃的失憶症》。 
這首歌是從某一段感情裡來的。
以前的我不懂得戀愛，但就很乖，也很容易忍。 很多時候就算難過、生氣，也會先看對方的心情，想著是不是自己再體諒一點就好了。
後來有一天我突然發現，自己好像被慢慢丟棄在在了旁邊。
一開始一點一點被喜歡、被珍惜，也被小心翼翼地保護著。 可是新鮮感過了以後，就直接被放著。 我等了很久，對方卻只是很輕描淡寫地說：「忘了你了。」
後來某一天，我一眼瞄到親戚家某個木袋裡的一個洋娃娃 盯了很久——它很舊，也非常非常的髒。
就想著：洋娃娃是不是也是這樣？
剛買回來的時候很喜歡，可以被好好保護。 可是玩久了，有裂痕了、壞掉了、變舊了，就被丟到一旁。 沒有人再修它，也沒有人再想起它。
最後甚至連「以前曾經有人很喜歡它」這件事，都沒有人記得了。
所以我把這個娃娃，放進了這段感情裡，寫成了這首歌。
《洋娃娃的失憶症》。","記憶正在 一點一點褪色 牆上的鐘 停在某個昨天 灰塵覆蓋 曾經熟悉的房間 而我還在 原地睜著雙眼 沒有人 回答 沒有人 發現 時間把我的名字 藏進了八音盒裡面 我還記得 自己曾經被放在這裡 還記得 這個房間曾經有很多聲音 可是現在 聲音正在消失 溫度正在消失 連我的輪廓 也開始變得陌生 我是被遺忘的洋娃娃 被留在 沒有光的櫥窗 笑容還停留在臉上 靈魂卻早已失去方向 我是被遺忘的洋娃娃 看著世界 一次一次經過 如果記憶終究會死亡 那麼被留下的我 又算是什麼？ 時間繼續向前 而我沒有被允許改變 身體停留在昨天 意識卻被困在今天 每天都在看著灰塵 慢慢落在我的肩膀 我不知道過了多久 也不知道還要多久 八音盒偶爾還會轉動 卻已經放不出完整的聲音 我試著記住那段旋律 卻發現自己也開始忘記 一層一層 我看著自己變舊 不是因為有人拿走了什麼 只是再也沒有人需要我 如果有一天 我的眼睛不再能睜開 如果有一天 連這個房間也被拆卸 那麼我會去哪裡？ 我是被遺忘的洋娃娃 沒有名字 沒有回答 在所有人都離開以後 還留在原來的位置上 我是被遺忘的洋娃娃 最後終於明白了啊 原來被留下來 不是因為還有人記得 只是因為—— 沒有人想起 這裡還有一個我。 
記憶正在 一點一點褪色 牆上的鐘 停在某個昨天 灰塵覆蓋 曾經熟悉的房間 而我還在 原地睜著雙眼
沒有人 回答 沒有人 發現 時間把我的名字 藏進了八音盒裡面
我還記得 自己曾經被放在這裡 還記得 這個房間曾經有很多聲音
可是現在 聲音正在消失 溫度正在消失 連我的輪廓 也開始變得陌生
我是被遺忘的洋娃娃 被留在 沒有光的櫥窗 笑容還停留在臉上 靈魂卻早已失去方向
我是被遺忘的洋娃娃 看著世界 一次一次經過 如果記憶終究會死亡 那麼被留下的我 又算是什麼？
時間繼續向前 而我沒有被允許改變 身體停留在昨天 意識卻被困在今天
每天都在看著灰塵 慢慢落在我的肩膀 我不知道過了多久 也不知道還要多久
八音盒偶爾還會轉動 卻已經放不出完整的聲音 我試著記住那段旋律 卻發現自己也開始忘記
一層一層 我看著自己變舊 不是因為有人拿走了什麼 只是再也沒有人需要我
如果有一天 我的眼睛不再能睜開 如果有一天 連這個房間也被拆卸
那麼我會去哪裡？
我是被遺忘的洋娃娃 沒有名字 沒有回答 在所有人都離開以後 還留在原來的位置上
我是被遺忘的洋娃娃 最後終於明白了啊 原來被留下來 不是因為還有人記得
只是因為——
沒有人想起 這裡還有一個我。
留言（ 0 ） 最相關留言 所有留言
留言（ 0 ）",2026-09-07,,AI 協作 Alternative,False,False,
2026-09-08 22:32:43,realtime,rock,,,39,Who Cares 胡凱兒,如果明天我們睡著了_Untitled Demo_202608,204,6481,91,https://streetvoice.com/whocares2016/songs/875567/,https://streetvoice.com/whocares2016/,"https://akstatic.streetvoice.com/song_covers/wh/oc/whocares2016/97FbKuQVAfbNNpACt5evsz.jpeg?x-oss-process=image/resize,m_fill,h_400,w_400,limit_0",images/875567.jpeg,@whocares2016,音樂人,,,2021-04-22 10:57,26,10791,9,https://www.facebook.com/whofXXkingcares,https://instagram.com/whocares_band,https://www.youtube.com/channel/UCPZfgFvMNeGp3zrhvHDM72A,回家鄉台中開唱 Who Cares胡凱兒春季巡迴圓滿落幕|||https://blow.streetvoice.com/86649/?utm_source=streetvoice&utm_medium=profile-news-block; 林潔心、Who Cares胡凱兒聯手FEniX成員共演「揪音秘」吸引聽團仔與偶像粉絲同場追星|||https://blow.streetvoice.com/77400/?utm_source=streetvoice&utm_medium=profile-news-block; Who Cares胡凱兒釋出街聲週冠軍歌曲〈惑者〉重製版 音樂層次更雕琢豐富|||https://blow.streetvoice.com/54283/?utm_source=streetvoice&utm_medium=profile-news-block,,Alternative,Demo,https://streetvoice.com/whocares2016/songs/album/97298830/,,,"同一片熟悉的夢境 溫柔地喚醒 斑駁的記憶 走吧 離開這個地方 在眼底交織的光影 逐漸清晰 當我看著你 走吧 不要回頭 如果明天我們睡著了 至少今天的我還會記得 牽著手墜落的時刻 
同一片熟悉的夢境 溫柔地喚醒 斑駁的記憶 走吧 離開這個地方
在眼底交織的光影 逐漸清晰 當我看著你 走吧 不要回頭
如果明天我們睡著了 至少今天的我還會記得 牽著手墜落的時刻
留言（ 91 ） 最相關留言 所有留言
留言（ 91 ）",2026-08-24,,,False,False,
2026-09-08 22:32:43,realtime,rock,,,40,Inverted Sun,人格碎片 / Fractured,1,24,0,https://streetvoice.com/yi88613/songs/877446/,https://streetvoice.com/yi88613/,"https://akstatic.streetvoice.com/music_albums/yi/88/yi88613/LVbKMYMibJdjvp6McZnYNx.jpeg?x-oss-process=image/resize,m_fill,h_400,w_400,limit_0",images/877446.jpeg,@yi88613,音樂人,,,,39,4,,,,https://www.youtube.com/user/StreetVoiceTV,,,Alternative,無自覺的天使 / Vanishing Angel,https://streetvoice.com/yi88613/songs/album/97326016/,,,"我的世界 充滿虛偽 與層層堆疊的謊言 掙扎著 失去控制 超越了內心的負荷 浮現在 我的腦中 許久未聞的低語聲 逐漸的 清晰了 幻想開始走進現實 無調性的下弦月 感受靈魂的破碎 黑暗中 消失 出現 我是誰 迫使我 沉沒 淺意識無底的深淵 舞台中的 聚光燈 是夢裡唯一的出口 爭論著 對抗著 在內心深處的戰爭 毀滅 重建 反向的輪迴 終將 分裂 鏡中的自我 (理智 消散不見 現實 開始崩解 人格 逐漸浮現 自我 化為了碎片) 我究竟是誰 
我的世界 充滿虛偽 與層層堆疊的謊言 掙扎著 失去控制 超越了內心的負荷 浮現在 我的腦中 許久未聞的低語聲 逐漸的 清晰了 幻想開始走進現實
無調性的下弦月 感受靈魂的破碎 黑暗中 消失 出現 我是誰 迫使我 沉沒 淺意識無底的深淵
舞台中的 聚光燈 是夢裡唯一的出口 爭論著 對抗著 在內心深處的戰爭 毀滅 重建 反向的輪迴 終將 分裂 鏡中的自我
(理智 消散不見 現實 開始崩解 人格 逐漸浮現 自我 化為了碎片)
我究竟是誰
留言（ 0 ） 最相關留言 所有留言
留言（ 0 ）",2026-09-01,,編輯推薦,True,False,
2026-09-08 22:32:43,realtime,rock,,,41,Inverted Sun,無言以對 / Muted,0,22,0,https://streetvoice.com/yi88613/songs/877437/,https://streetvoice.com/yi88613/,"https://akstatic.streetvoice.com/music_albums/yi/88/yi88613/LVbKMYMibJdjvp6McZnYNx.jpeg?x-oss-process=image/resize,m_fill,h_400,w_400,limit_0",images/877437.jpeg,@yi88613,音樂人,,,,39,4,,,,https://www.youtube.com/user/StreetVoiceTV,,,Alternative,無自覺的天使 / Vanishing Angel,https://streetvoice.com/yi88613/songs/album/97326016/,,"本張專輯修到很頭痛的歌曲之一 這首歌算是兩個demo拼再一起的，間奏部分本來是想獨立一首 後來跟其他幾首歌一起拼拼湊湊之後決定用在這邊 間奏demo原key其實是高很多的，但為了接在這首所以改了唱法 所以一度有考慮把整首歌都升key，後來發現會影響其他段落而作罷 這首的氛圍就是比較dream pop的感覺~ 前奏我後來發現是無意間參考了 Deftones - Knife Party 
本張專輯修到很頭痛的歌曲之一 這首歌算是兩個demo拼再一起的，間奏部分本來是想獨立一首 後來跟其他幾首歌一起拼拼湊湊之後決定用在這邊 間奏demo原key其實是高很多的，但為了接在這首所以改了唱法 所以一度有考慮把整首歌都升key，後來發現會影響其他段落而作罷 這首的氛圍就是比較dream pop的感覺~ 前奏我後來發現是無意間參考了 Deftones - Knife Party","強迫自己 回憶一切 閉上雙眼 試著懺悔 我的脆弱 以及軟弱 面對挫折時的不成熟 我仍對那天的話感到抱歉 帶有忌妒與不甘的語言 連我都不知道自己究竟在想什麼 但有時候 我受不了 忍不住說出口 我已經不想再感到心碎 理智中最後破滅的防線 這一切全都是因為我害怕失去你 我已經不知道該怎麼做 交錯之中 保持沉默 不斷出現 無法停留 難以捉摸 難以承受 在你眼中我只是朋友 
強迫自己 回憶一切 閉上雙眼 試著懺悔 我的脆弱 以及軟弱 面對挫折時的不成熟
我仍對那天的話感到抱歉 帶有忌妒與不甘的語言 連我都不知道自己究竟在想什麼 但有時候 我受不了 忍不住說出口
我已經不想再感到心碎 理智中最後破滅的防線 這一切全都是因為我害怕失去你 我已經不知道該怎麼做
交錯之中 保持沉默 不斷出現 無法停留 難以捉摸 難以承受 在你眼中我只是朋友
留言（ 0 ） 最相關留言 所有留言
留言（ 0 ）",2026-09-01,,編輯推薦,True,False,
2026-09-08 22:32:43,realtime,rock,,,42,Lucia&#x27;s Masquerade,Lucia,14,191,0,https://streetvoice.com/JJLim/songs/877518/,https://streetvoice.com/JJLim/,"https://akstatic.streetvoice.com/song_covers/SV/W2/SVW2/NS3K92rS4d2vuNvj2uo5Gm.jpg?x-oss-process=image/resize,m_fill,h_400,w_400,limit_0",images/877518.jpg,@JJLim,音樂人,馬來西亞,2025-09-01,,1,3,,,,https://www.youtube.com/user/StreetVoiceTV,,,Metal,,,,"Lucia 没人知道她从什么时候开始学会了服从。 有人说，她只是听见了声音。 也有人说—— 那些声音，从来没有出现在她的耳边。 直到面具裂开， 命令仍在继续。 只是这一次， 说话的人，已经变成了她自己。 而你现在听见的， 是她最后一次保持清醒时留下的声音 
Lucia
没人知道她从什么时候开始学会了服从。
有人说，她只是听见了声音。 也有人说—— 那些声音，从来没有出现在她的耳边。
直到面具裂开， 命令仍在继续。
只是这一次， 说话的人，已经变成了她自己。
而你现在听见的， 是她最后一次保持清醒时留下的声音","天还没亮透之前 就像被定着的位置 摆好的标记 Oh微笑角度 连呼吸分寸 步伐克制 禁犹豫因为 ""Lucia"" 世人眼中 宿命已裁决了她 Lunaria... Non libera... Nexa anima... Vestra mea... Ora mea ridet... Corde fia... Silentia... Sanguis clamat... 站在世人中Lucia Sanguis clamat corde nox 可谁剩我再堕落 刻下小花是我Lucia 高声赞美完美无暇的假 困在众目 像献至世人圣像 灵魂却早已堕落悬崖 暮色逐渐腐蚀 Lunaria 圣谕失声 Corde fia... Silentia 慈悲侵吞自我 Nexa Anima 永夜 Corde nox intrat… Non muta… non muta… Sanguis in memoria… Perfecta… perfecta… Non sum Lucia… Tu es Lucia… I break… I break… No return… 我听见名字在回响 一声一声不是我 谁还记得最初的我 连灵魂都遗忘 最后一点自己 剩下的是谁 刻下名 不再是Lucia 高声赞美完美无暇的假 灵魂全被 撕裂成 灰啊 最终还剩谁来回答 灵魂 撕裂成 灰啊 最终还剩下谁来回答 
天还没亮透之前 就像被定着的位置 摆好的标记 Oh微笑角度 连呼吸分寸 步伐克制 禁犹豫因为 ""Lucia"" 世人眼中 宿命已裁决了她
Lunaria... Non libera... Nexa anima... Vestra mea... Ora mea ridet... Corde fia... Silentia... Sanguis clamat...
站在世人中Lucia Sanguis clamat corde nox 可谁剩我再堕落
刻下小花是我Lucia 高声赞美完美无暇的假 困在众目 像献至世人圣像 灵魂却早已堕落悬崖
暮色逐渐腐蚀 Lunaria 圣谕失声 Corde fia... Silentia 慈悲侵吞自我 Nexa Anima 永夜
Corde nox intrat… Non muta… non muta… Sanguis in memoria… Perfecta… perfecta… Non sum Lucia… Tu es Lucia… I break… I break… No return…
我听见名字在回响 一声一声不是我 谁还记得最初的我 连灵魂都遗忘 最后一点自己 剩下的是谁
刻下名 不再是Lucia 高声赞美完美无暇的假 灵魂全被 撕裂成 灰啊 最终还剩谁来回答
灵魂 撕裂成 灰啊 最终还剩下谁来回答
留言（ 0 ） 最相關留言 所有留言
留言（ 0 ）",2026-09-02,,,False,False,
2026-09-08 22:32:43,realtime,rock,,,43,Inverted Sun,漣漪 / Ripple,0,25,0,https://streetvoice.com/yi88613/songs/877445/,https://streetvoice.com/yi88613/,"https://akstatic.streetvoice.com/music_albums/yi/88/yi88613/LVbKMYMibJdjvp6McZnYNx.jpeg?x-oss-process=image/resize,m_fill,h_400,w_400,limit_0",images/877445.jpeg,@yi88613,音樂人,,,,39,4,,,,https://www.youtube.com/user/StreetVoiceTV,,,Alternative,無自覺的天使 / Vanishing Angel,https://streetvoice.com/yi88613/songs/album/97326016/,,,"不屬於這個世界上的脆弱 兩個靈魂之間拉扯的困惑 不經意展現出短暫的猶豫 他的傲慢已經打破了承諾 注定失去 只能放手 堆疊的夢想 無法再停留 湖面清澈 映照出了 徬徨的我 慢慢沉沒 靜靜遊走 執著於現在 註定會錯過 驀然回首 發現自己 已然墮落 嘗試寫下意義不明的字句 故事總有出乎意料的結果 混亂之中被隱藏著的秩序 有時能夠表達最深的情緒 無法理解 無法看見 無法再重來 無法再分別 
不屬於這個世界上的脆弱 兩個靈魂之間拉扯的困惑 不經意展現出短暫的猶豫 他的傲慢已經打破了承諾
注定失去 只能放手 堆疊的夢想 無法再停留 湖面清澈 映照出了 徬徨的我 慢慢沉沒 靜靜遊走 執著於現在 註定會錯過 驀然回首 發現自己 已然墮落
嘗試寫下意義不明的字句 故事總有出乎意料的結果 混亂之中被隱藏著的秩序 有時能夠表達最深的情緒
無法理解 無法看見 無法再重來 無法再分別
留言（ 0 ） 最相關留言 所有留言
留言（ 0 ）",2026-09-01,,,False,False,
2026-09-08 22:32:43,realtime,rock,,,44,不透明的湖OPAQ,吃掉你的眼睛no eyes left(demo),0,14,0,https://streetvoice.com/opaquelake/songs/878219/,https://streetvoice.com/opaquelake/,"https://akstatic.streetvoice.com/song_covers/op/aq/opaquelake/AJKCpYX9RH7DAeFyFepzRr.jpeg?x-oss-process=image/resize,m_fill,h_400,w_400,limit_0",images/878219.jpeg,@opaquelake,音樂人,,,,1,4,,,,https://www.youtube.com/user/StreetVoiceTV,,,Rock,,,,,"一本還沒有讀完的詩集 脆弱的趴在 白色的桌上 一盆還沒有開花的盆栽 衰弱的靠在 圓形的窗邊 眼前所及的事 眼前所及的人 在記憶所記憶的他                   都消失了 呼喊用你的心 哭喊沒有眼睛 直到他的臉能浮現                緩慢靠近 淹沒你 吃掉你 你的眼睛 一部還沒有看完的電影 告別的場景                                     在五月的某一天 許多還沒有說出口的話 羞愧的藏在 他離開的晚上 眼前所及的事 眼前所及的人 在記憶所及的他                    都消失了 呼喊用你的心 哭喊沒有眼睛  直到他的臉能浮現               緩慢靠近 淹沒你 吃掉你 你的眼睛 哭喊沒有眼睛 
一本還沒有讀完的詩集 脆弱的趴在 白色的桌上 一盆還沒有開花的盆栽 衰弱的靠在 圓形的窗邊 眼前所及的事 眼前所及的人 在記憶所記憶的他                   都消失了 呼喊用你的心 哭喊沒有眼睛 直到他的臉能浮現                緩慢靠近 淹沒你 吃掉你 你的眼睛
一部還沒有看完的電影 告別的場景                                     在五月的某一天 許多還沒有說出口的話 羞愧的藏在 他離開的晚上 眼前所及的事 眼前所及的人 在記憶所及的他                    都消失了 呼喊用你的心 哭喊沒有眼睛  直到他的臉能浮現               緩慢靠近 淹沒你 吃掉你 你的眼睛
哭喊沒有眼睛
留言（ 0 ） 最相關留言 所有留言
留言（ 0 ）",2026-09-06,,,False,False,
2026-09-08 22:32:43,realtime,rock,,,45,幽幽鹿鳴,Park.mp3,0,7,0,https://streetvoice.com/Http_anki/songs/878151/,https://streetvoice.com/Http_anki/,"https://akstatic.streetvoice.com/song_covers/Ht/tp/Http_anki/VMTrt22TYHmG5eoz7i4VQp.jpeg?x-oss-process=image/resize,m_fill,h_400,w_400,limit_0",images/878151.jpeg,@Http_anki,音樂人,嘉義縣,2023-04-01,,5,1,,,,https://www.youtube.com/user/StreetVoiceTV,,,Alternative,,,,"作詞：徐夙嫻 編曲：劉安祈 
作詞：徐夙嫻 編曲：劉安祈","動態歌詞
When the wind comes, 大風吹起時， even the leaf runs faster than me. 連樹葉都跑得比我快。 fast. Quick. Instant. Swoosh. 快。迅速。瞬間。㴋。 fast. Quick. Instant. Swoosh. 快。迅速。瞬間。㴋。 When the wind comes, 大風吹起時， even the leaf runs faster than me. 連樹葉都跑得比我快。 All gone. All gathered.全消失。全聚集。 All gone. All gathered.全消失。全聚集。 All gone. All gathered.全消失。全聚集。 And the wind moves on. 然後風往前走。 
When the wind comes, 大風吹起時， even the leaf runs faster than me. 連樹葉都跑得比我快。 fast. Quick. Instant. Swoosh. 快。迅速。瞬間。㴋。 fast. Quick. Instant. Swoosh. 快。迅速。瞬間。㴋。 When the wind comes, 大風吹起時， even the leaf runs faster than me. 連樹葉都跑得比我快。 All gone. All gathered.全消失。全聚集。 All gone. All gathered.全消失。全聚集。 All gone. All gathered.全消失。全聚集。 And the wind moves on. 然後風往前走。
留言（ 0 ） 最相關留言 所有留言
留言（ 0 ）",2026-09-06,,,False,False,
2026-09-08 22:32:43,realtime,rock,,,46,普通隊長,ANGER,16,837,0,https://streetvoice.com/captain2016/songs/875662/,https://streetvoice.com/captain2016/,"https://akstatic.streetvoice.com/song_covers/ca/pt/captain2016/bD2n5fSdSfvDzMHK6b2oZX.jpeg?x-oss-process=image/resize,m_fill,h_400,w_400,limit_0",images/875662.jpeg,@captain2016,音樂人,高雄市,2016-08-01,2021-10-01 15:16,19,1336,10,https://www.facebook.com/captainfsvs,https://www.instagram.com/captainpu2016/,https://www.youtube.com/@captainpu2016,普通隊長完成首次日巡，十週年專場《10》8月LIVE WAREHOUSE登場|||https://blow.streetvoice.com/88147/?utm_source=streetvoice&utm_medium=profile-news-block; 普通隊長成軍10週年計畫正式啟動！8月挑戰高流千人專場|||https://blow.streetvoice.com/87648/?utm_source=streetvoice&utm_medium=profile-news-block; 普通隊長攜手日本新生代龐克樂團HONEST展開北中南巡迴！|||https://blow.streetvoice.com/84896/?utm_source=streetvoice&utm_medium=profile-news-block,,Punk,100 秒的紅燈 ENDLESS 100 SEC,https://streetvoice.com/captain2016/songs/album/97325924/,,"詞曲 Songwriter：劉佳維 MINN 編曲 Arranger：普通隊長 Captain Ordinary & 柯光 KG 
詞曲 Songwriter：劉佳維 MINN 編曲 Arranger：普通隊長 Captain Ordinary & 柯光 KG","唱著龐克樂 大力刷著吉他弦的我 總是在後悔 想再更厲害一些 無聊的世界 比來比去還不就那些 憤怒的青年 比以前更冷靜一些 啊！Fuck you！ 少假了 我知道你們沒有那麼純粹 啊！Fuck you！ 真的已經受夠 想再特別一些 或許能多賺點 至少能給家裡一個交代... 啊！Fuck you！ 喔喔喔 再憤怒的歌也要 開心的唱 把悲傷的事情全部都遺忘 就算全身是傷也好 被世界拋棄了也好 大聲唱歌 是生活的解藥 再憤怒的歌也要 開心的唱 把悲傷的事情全部都遺忘 過去再見 面對明天 大聲唱歌 是生活的解藥 我是一個帥哥 我是 再憤怒的歌也要 開心的唱 把悲傷的事情全部都遺忘 就算全身是傷也好 被世界拋棄了也好 大聲唱歌 是生活的解藥 再憤怒的歌也要 開心的唱 把悲傷的事情全部都遺忘 過去再見 面對明天 大聲唱歌 是生活的解藥 過去再見 面對明天 大聲唱歌 是生活的解藥 過去再見 面對明天 大聲唱歌 是生活的解藥 
唱著龐克樂 大力刷著吉他弦的我 總是在後悔 想再更厲害一些
無聊的世界 比來比去還不就那些 憤怒的青年 比以前更冷靜一些
啊！Fuck you！ 少假了 我知道你們沒有那麼純粹 啊！Fuck you！ 真的已經受夠
想再特別一些 或許能多賺點 至少能給家裡一個交代... 啊！Fuck you！ 喔喔喔
再憤怒的歌也要 開心的唱 把悲傷的事情全部都遺忘
就算全身是傷也好 被世界拋棄了也好 大聲唱歌 是生活的解藥
再憤怒的歌也要 開心的唱 把悲傷的事情全部都遺忘
過去再見 面對明天 大聲唱歌 是生活的解藥
我是一個帥哥 我是
再憤怒的歌也要 開心的唱 把悲傷的事情全部都遺忘
就算全身是傷也好 被世界拋棄了也好 大聲唱歌 是生活的解藥
再憤怒的歌也要 開心的唱 把悲傷的事情全部都遺忘
過去再見 面對明天 大聲唱歌 是生活的解藥
過去再見 面對明天 大聲唱歌 是生活的解藥
過去再見 面對明天 大聲唱歌 是生活的解藥
留言（ 0 ） 最相關留言 所有留言
留言（ 0 ）",2026-08-21,,達人推薦,False,False,https://streetvoice.com/captain2016/songs/875662/critic_reviews/
2026-09-08 22:32:43,realtime,rock,,,47,布萊克,愛不到的人,7,89,3,https://streetvoice.com/Blackband/songs/873868/,https://streetvoice.com/Blackband/,"https://akstatic.streetvoice.com/song_covers/Bl/ac/Blackband/3EguQBccJ6t5oGNSyh8FK7.jpeg?x-oss-process=image/resize,m_fill,h_400,w_400,limit_0",images/873868.jpeg,@Blackband,音樂人,,,,2,28,,,,https://www.youtube.com/user/StreetVoiceTV,魯凱族創作人Arase阿拉斯推出首張母語專輯《AKA》 製作人黃少雍：「要把他打造成台灣平井堅！」|||https://blow.streetvoice.com/81622/?utm_source=streetvoice&utm_medium=profile-news-block; 英搖雙拼一夜限定！Suede狂野甩麥衝下台邀粉絲大合唱、Manic Street Preachers首度來台秀中文|||https://blow.streetvoice.com/70666/?utm_source=streetvoice&utm_medium=profile-news-block; 移師台東！阿爆攜手製作人黃少雍開辦第三屆「2023 MINETJUS 電音製作解密」|||https://blow.streetvoice.com/68532/?utm_source=streetvoice&utm_medium=profile-news-block,,Rock,,,,"你以為追不到，是不夠努力？ 事實上從頭到尾都沒機會！ 丟你的紙條、對你翻白眼 拒絕你的邀約，甚至把你當成大變態 但你還是偷偷地喜歡她 這到底是深情，還是有病？ 《愛不到的人》陪你開學 記得放學回家別走在女同學後面 
你以為追不到，是不夠努力？ 事實上從頭到尾都沒機會！ 丟你的紙條、對你翻白眼 拒絕你的邀約，甚至把你當成大變態 但你還是偷偷地喜歡她 這到底是深情，還是有病？
《愛不到的人》陪你開學 記得放學回家別走在女同學後面","動態歌詞
你就是愛不到的 愛不到的 Shake it 你就是傳說中那個 我愛不到的女人 下課走到你的身邊 卻假裝什麼都沒看見 傳個紙條給你 被你丟到垃圾桶裡面 (垃圾桶裡面) 反正也不是第一次 我就再多試幾遍 你就是多年前那個 我愛不到的女人 只是剛好坐妳旁邊 你站起來翻了個白眼 我實在很不懂 明明我也長得還不錯 (長得還不錯) 能不能告訴我 為什麼 如此討厭我 你就是愛不到的 愛不到的女人 (我愛的女人) 只能在每個夜裡 不斷溫習 你髮香的餘溫 你就是愛不到的 愛不到的女人 (不愛我的人) 只好把你的照片 存在手機 至少記憶體中的你 不離不棄 你就是傳說中那個 我愛不到的女人 想約你出門吃頓飯 還沒開口就被妳打斷 那憤怒的表情 好像是我欠你八百萬 (欠你八百萬) 覺得莫名的委屈 眼淚偷偷的流下來 你就是多年前那個 我愛不到的女人 為你學周杰倫唱歌 哎喲 你卻說聽膩了不喜歡 只是上學巧遇你 被你說成世紀大變態 (世紀大變態) 求求你放過我 繞了我 我接受你討厭我 你就是愛不到的 愛不到的女人 (我愛的女人) 只能在每個夜裡 不斷溫習 你髮香的餘溫 你就是愛不到的 愛不到的女人 (不愛我的人) 只好把你的照片 存在手機 至少記憶體中的你 不離不棄 現在是失魂落魄的 沒骨氣的男人 只能躲在被窩裡 沮喪嘆息 每次被拒絕的場景 愛不到的 愛不到的女人 (我愛過的人) 只好把有關於你 所有秘密 全部都拋棄 不再提起 
你就是愛不到的 愛不到的 Shake it 你就是傳說中那個 我愛不到的女人 下課走到你的身邊 卻假裝什麼都沒看見 傳個紙條給你 被你丟到垃圾桶裡面 (垃圾桶裡面) 反正也不是第一次 我就再多試幾遍 你就是多年前那個 我愛不到的女人 只是剛好坐妳旁邊 你站起來翻了個白眼 我實在很不懂 明明我也長得還不錯 (長得還不錯) 能不能告訴我 為什麼 如此討厭我 你就是愛不到的 愛不到的女人 (我愛的女人) 只能在每個夜裡 不斷溫習 你髮香的餘溫 你就是愛不到的 愛不到的女人 (不愛我的人) 只好把你的照片 存在手機 至少記憶體中的你 不離不棄
你就是傳說中那個 我愛不到的女人 想約你出門吃頓飯 還沒開口就被妳打斷 那憤怒的表情 好像是我欠你八百萬 (欠你八百萬) 覺得莫名的委屈 眼淚偷偷的流下來 你就是多年前那個 我愛不到的女人 為你學周杰倫唱歌 哎喲 你卻說聽膩了不喜歡 只是上學巧遇你 被你說成世紀大變態 (世紀大變態) 求求你放過我 繞了我 我接受你討厭我 你就是愛不到的 愛不到的女人 (我愛的女人) 只能在每個夜裡 不斷溫習 你髮香的餘溫 你就是愛不到的 愛不到的女人 (不愛我的人) 只好把你的照片 存在手機 至少記憶體中的你 不離不棄
現在是失魂落魄的 沒骨氣的男人 只能躲在被窩裡 沮喪嘆息 每次被拒絕的場景
愛不到的 愛不到的女人 (我愛過的人) 只好把有關於你 所有秘密 全部都拋棄 不再提起
留言（ 3 ） 最相關留言 所有留言
留言（ 3 ）",2026-09-02,,,False,False,
2026-09-08 22:32:43,realtime,rock,,,48,NANASHi,一瞬革命,45,3525,8,https://streetvoice.com/nanashiband0409/songs/873808/,https://streetvoice.com/nanashiband0409/,"https://akstatic.streetvoice.com/song_covers/na/na/nanashiband0409/kWe8CGAynNdgCaXUyZYivt.jpeg?x-oss-process=image/resize,m_fill,h_400,w_400,limit_0",images/873808.jpeg,@nanashiband0409,音樂人,,,,1,42,2,,,https://www.youtube.com/user/StreetVoiceTV,高流《樂團興奮波》12強出爐 邀旺福小民、張凱婷與王立擔任複賽評審|||https://blow.streetvoice.com/84917/?utm_source=streetvoice&utm_medium=profile-news-block,,Rock,,,,,"動態歌詞
徹夜難眠 胡思亂想 都是荒唐的廢話 說夠了嗎 解放 無聲的退讓 光芒在心中綻放 懦弱與堅強 反覆掙扎 自問自答的狀況 結束了嗎 焦點 說要風光 革命在腦中爆發 你聽見了嗎 胸口的吶喊越來越滾燙 不再忍受 那些期望 就在這一瞬間 我不再去想 謊言無所謂 嚮往那遠方 苦澀蔓延 哽咽 你的雙眼灌滿心的空缺 就在這一瞬間 我不再去想 混亂無所謂 拋開這份絕望 追逐勇敢的光芒 無能為力的逃亡 就這樣吧 窗影的凌亂 覆蓋日常 逐漸褪色的狂想 都撕碎吧 恐懼 別再偽裝 靈魂在荒野生長 現實與夢想 輪迴的對話 沒有終點的妄想 抬起頭吧 寫下 革命的樂章 秩序在腦海崩塌 你看見了嗎 不安的陰霾在眼前消散 不再執著 放聲吶喊 就在這一瞬間 我不再去想 謊言無所謂 嚮往那遠方 苦澀蔓延 哽咽 你的雙眼灌滿心的空缺 就在這一瞬間 我不再去想 混亂無所謂 拋開這份絕望 追逐勇敢的光芒 無能為力的逃亡 就這樣吧 就在這一瞬間 我不再去想 瘋狂無所謂 飛向那遠方 你給我的力量 是我穿越黑暗的翅膀 就在這一瞬間 我不再去想 謊言無所謂 嚮往那遠方 苦澀蔓延 哽咽 你的雙眼灌滿心的空缺 就在這一瞬間 我不再去想 寫下燦爛的流光 在這片星空之下 放下 過去 擁抱自由 就這樣吧 
徹夜難眠 胡思亂想 都是荒唐的廢話 說夠了嗎 解放 無聲的退讓 光芒在心中綻放
懦弱與堅強 反覆掙扎 自問自答的狀況 結束了嗎 焦點 說要風光 革命在腦中爆發
你聽見了嗎 胸口的吶喊越來越滾燙 不再忍受 那些期望
就在這一瞬間 我不再去想 謊言無所謂 嚮往那遠方 苦澀蔓延 哽咽 你的雙眼灌滿心的空缺 就在這一瞬間 我不再去想 混亂無所謂 拋開這份絕望 追逐勇敢的光芒 無能為力的逃亡 就這樣吧
窗影的凌亂 覆蓋日常 逐漸褪色的狂想 都撕碎吧 恐懼 別再偽裝 靈魂在荒野生長
現實與夢想 輪迴的對話 沒有終點的妄想 抬起頭吧 寫下 革命的樂章 秩序在腦海崩塌
你看見了嗎 不安的陰霾在眼前消散 不再執著 放聲吶喊
就在這一瞬間 我不再去想 謊言無所謂 嚮往那遠方 苦澀蔓延 哽咽 你的雙眼灌滿心的空缺 就在這一瞬間 我不再去想 混亂無所謂 拋開這份絕望 追逐勇敢的光芒 無能為力的逃亡 就這樣吧
就在這一瞬間 我不再去想 瘋狂無所謂 飛向那遠方 你給我的力量 是我穿越黑暗的翅膀
就在這一瞬間 我不再去想 謊言無所謂 嚮往那遠方 苦澀蔓延 哽咽 你的雙眼灌滿心的空缺 就在這一瞬間 我不再去想 寫下燦爛的流光 在這片星空之下 放下 過去 擁抱自由 就這樣吧
留言（ 8 ） 最相關留言 所有留言
留言（ 8 ）",2026-08-10,,Song of the Day; 編輯推薦,True,True,
2026-09-08 22:32:43,realtime,rock,,,49,风人院,爱人你呀,15,335,5,https://streetvoice.com/The_Wind_Asylum/songs/877485/,https://streetvoice.com/The_Wind_Asylum/,"https://akstatic.streetvoice.com/song_covers/Th/e_/The_Wind_Asylum/7ouyeSREuwAf3RXiJPfTiP.jpg?x-oss-process=image/resize,m_fill,h_400,w_400,limit_0",images/877485.jpg,@The_Wind_Asylum,音樂人,霹靂,2026-09-01,,1,8,,,,https://www.youtube.com/user/StreetVoiceTV,,,Alternative,,,,"「愛人你呀，為何還握著枯萎的花？」 你真的辛苦了... 不知道是否還有機會，所以請至少為自己活一次。 别忘了去擁抱還愛著你的人。 
「愛人你呀，為何還握著枯萎的花？」
你真的辛苦了... 不知道是否還有機會，所以請至少為自己活一次。 别忘了去擁抱還愛著你的人。","词：谢松隽/林祖仪 曲：谢松隽 编：谢松隽/黄咏健/何宏量 心疼你呀 在无人的晚霞 心疼你呀 而我在浪迹天涯 心疼你呀 对我说了那么多话 而我的谎话 在吞噬着你呀 他们长大 我的家没啦 他们做爸 你的青春被糟蹋 他们是画家 像是把心都给你呀 也会毁掉一幅画 他们长大 我的家没啦 他们做爸 你的青春被糟蹋 他们是画家 像是把心都给你呀 也会毁掉一幅画 爱人你呀 有没有后悔一直牵挂 爱人你呀 为何还握着枯萎的花 爱人你呀 会不会嘲笑自己的傻 爱人你呀 为何期盼总会有落差 
词：谢松隽/林祖仪 曲：谢松隽 编：谢松隽/黄咏健/何宏量
心疼你呀 在无人的晚霞 心疼你呀 而我在浪迹天涯 心疼你呀 对我说了那么多话 而我的谎话 在吞噬着你呀
他们长大 我的家没啦 他们做爸 你的青春被糟蹋 他们是画家 像是把心都给你呀 也会毁掉一幅画
他们长大 我的家没啦 他们做爸 你的青春被糟蹋 他们是画家 像是把心都给你呀 也会毁掉一幅画
爱人你呀 有没有后悔一直牵挂 爱人你呀 为何还握着枯萎的花 爱人你呀 会不会嘲笑自己的傻 爱人你呀 为何期盼总会有落差
留言（ 5 ） 最相關留言 所有留言
留言（ 5 ）",2026-09-02,,,False,False,
