snapshot_time,chart_timeframe,chart_genre,chart_year,chart_week,rank,artist_name,song_title,likes_count,play_count,comments_count,song_url,artist_url,cover_image_url,cover_image_local_path,artist_handle,artist_identity,artist_city,artist_joined_date,artist_accredited_datetime,artist_music_count,artist_fans_count,artist_following_count,artist_facebook_url,artist_instagram_url,artist_youtube_url,related_news,big_thing_appearances,genre,album_title,album_url,collaborators,description,lyrics,release_date,song_accredited_datetime,honors,is_editor_recommended,is_song_of_the_day,critic_review_url
2026-08-21 06:53:41,realtime,electronic,,,1,LÜCY,LOOP,8,23,1,https://streetvoice.com/lucymeow/songs/875677/,https://streetvoice.com/lucymeow/,"https://akstatic.streetvoice.com/song_covers/lu/cy/lucymeow/GoRwKz336vFzXVy5kYhnfG.jpeg?x-oss-process=image/resize,m_fixed,h_1,w_1,limit_0/resize,m_fixed,h_630,w_1200,limit_0/watermark,image_c29uZ19jb3ZlcnMvbHUvY3kvbHVjeW1lb3cvR29Sd0t6MzM2dkZ6WFZ5NWtZaG5mRy5qcGVnP3gtb3NzLXByb2Nlc3M9aW1hZ2UvcmVzaXplLG1fZml4ZWQsaF8zNDQsd18zNDQsbGltaXRfMA,g_nw,x_428,y_143/watermark,image_YXNzZXQvaW1hZ2VzL21ldGFpbWFnZS1zb25nLnBuZw,g_nw,x_0,y_0",images/875677.jpeg,@lucymeow,音樂人,桃園市,2020-10-01,,20,9794,,https://www.facebook.com/Lucyfairygood,https://instagram.com/_lucyliao_,https://www.youtube.com/@LUCY-kc7zz,「PARK PARK@Tokyo」把現在的台灣音樂帶到東京！鄭宜農、陳珊妮、生祥樂隊、YELLOW黃宣、LÜCY接力登上東京舞台|||https://blow.streetvoice.com/87721/?utm_source=streetvoice&utm_medium=profile-news-block; LÜCY相隔兩年回歸台北舉辦專場《露西姑媽 2025晚安巡演》透露「專場會比專輯更私密、更純粹」|||https://blow.streetvoice.com/80100/?utm_source=streetvoice&utm_medium=profile-news-block; 【吹專訪】真的喜歡你的人會一直選擇你——LÜCY與恐懼共舞的《Dance on the Shoreline》：「這才是比較像我自己的，第一張專輯。」|||https://blow.streetvoice.com/77982/?utm_source=streetvoice&utm_medium=profile-news-block,,Electronic,,,,"或許是史上第一首結合挪威文與中文的電子流行歌曲。 兩種來自世界兩端的語言，交織成同一首歌。 LÜCY 的歌聲一步步將你帶入故事深處，而 Moyka 空靈飄渺的嗓音則如同遠方傳來的訊號，在其中若隱若現。貫穿始終的節拍，從未停下腳步。 這是一首關於我們所背負的一切、所承襲的一切，以及那些不斷重複、直到我們鼓起勇氣放手才能真正終結的循環。 我們，能打破這個循環嗎？ I was born into a circle drawn long before my name. I carried all their sorrow, mistaking it for fate. But what was passed down to me does not have to pass through me. The warmth that courses through my blood, in this fleeting moment, let the plague burn within my heart, through every day and every night. ♾️ Lyricist｜LÜCY, Moyka Composer｜LÜCY, Moyka, Eirik Hella Producer｜LÜCY, Moyka, Eirik Hella Arranger｜Eirik Hella Recording Engineer｜Eirik Hella, LÜCY Mixing Engineer｜Eirik Hella Mastering Engineer｜George Tanderø Cover Design｜lalo' maya' titiyon 
或許是史上第一首結合挪威文與中文的電子流行歌曲。 兩種來自世界兩端的語言，交織成同一首歌。 LÜCY 的歌聲一步步將你帶入故事深處，而 Moyka 空靈飄渺的嗓音則如同遠方傳來的訊號，在其中若隱若現。貫穿始終的節拍，從未停下腳步。 這是一首關於我們所背負的一切、所承襲的一切，以及那些不斷重複、直到我們鼓起勇氣放手才能真正終結的循環。 我們，能打破這個循環嗎？
I was born into a circle drawn long before my name. I carried all their sorrow, mistaking it for fate.
But what was passed down to me does not have to pass through me.
The warmth that courses through my blood, in this fleeting moment, let the plague burn within my heart, through every day and every night.
♾️
Lyricist｜LÜCY, Moyka Composer｜LÜCY, Moyka, Eirik Hella Producer｜LÜCY, Moyka, Eirik Hella Arranger｜Eirik Hella Recording Engineer｜Eirik Hella, LÜCY Mixing Engineer｜Eirik Hella Mastering Engineer｜George Tanderø Cover Design｜lalo' maya' titiyon","I can feel you in the darkness I can love you let me guide you in the night you in the night You could hurt me make my heart ache Complicate it but I can show you the light In my blood 血液中 DNA 在流動著 I can still 的溫度 Feel you there 這一瞬間 In my heart 讓瘟疫 In my chest 在心中 in every single 晝與夜的 Burning flare 燃燒吧 What’s it take hva skal til break the chain fortell meg nå Cut me loose vet vi må break the loop bryte lenken We could change it endre alt Everything som er nå Bring the light få det til Make it bloom la det blomstre Will you meet me somewhere deeper Tell your secrets Try to make me understand Let me know Let me know Make me understand Let me know Take my hand we can make it through Can’t change the tides but we can break the loop In my blood 血液中 DNA 在流動著 I can still 的溫度 Feel you there 這一瞬間 In my heart 讓瘟疫 In my chest 在心中 in every single 晝與夜的 Burning flare 燃燒吧 What’s it take hva skal til break the chain fortell meg nå Cut me loose vet vi må break the loop bryte lenken We could change it endre alt Everything som er nå Bring the light få det til Make it bloom la det blomstre 
I can feel you in the darkness I can love you let me guide you in the night you in the night
You could hurt me make my heart ache Complicate it but I can show you the light
In my blood 血液中 DNA 在流動著 I can still 的溫度 Feel you there 這一瞬間 In my heart 讓瘟疫 In my chest 在心中 in every single 晝與夜的 Burning flare 燃燒吧
What’s it take hva skal til break the chain fortell meg nå Cut me loose vet vi må break the loop bryte lenken We could change it endre alt Everything som er nå Bring the light få det til Make it bloom la det blomstre
Will you meet me somewhere deeper Tell your secrets Try to make me understand
Let me know Let me know Make me understand Let me know
Take my hand we can make it through Can’t change the tides but we can break the loop
In my blood 血液中 DNA 在流動著 I can still 的溫度 Feel you there 這一瞬間 In my heart 讓瘟疫 In my chest 在心中 in every single 晝與夜的 Burning flare 燃燒吧
What’s it take hva skal til break the chain fortell meg nå Cut me loose vet vi må break the loop bryte lenken We could change it endre alt Everything som er nå Bring the light få det til Make it bloom la det blomstre
留言（ 1 ） 最相關留言 所有留言
留言（ 1 ）",2026-08-21,,,False,False,
2026-08-21 06:53:41,realtime,electronic,,,2,CHIEH,To Be ft. JB,4,125,1,https://streetvoice.com/chieh_chieh/songs/874802/,https://streetvoice.com/chieh_chieh/,"https://akstatic.streetvoice.com/music_albums/ch/ie/chieh_chieh/cSfwk2Cr3KjqQvL3ZXUhRa.jpeg?x-oss-process=image/resize,m_fixed,h_1,w_1,limit_0/resize,m_fixed,h_630,w_1200,limit_0/watermark,image_bXVzaWNfYWxidW1zL2NoL2llL2NoaWVoX2NoaWVoL2NTZndrMkNyM0tqcVF2TDNaWFVoUmEuanBlZz94LW9zcy1wcm9jZXNzPWltYWdlL3Jlc2l6ZSxtX2ZpeGVkLGhfMzQ0LHdfMzQ0LGxpbWl0XzA,g_nw,x_428,y_143/watermark,image_YXNzZXQvaW1hZ2VzL21ldGFpbWFnZS1zb25nLnBuZw,g_nw,x_0,y_0",images/874802.jpeg,@chieh_chieh,音樂人,台中市,2022-08-01,,15,27,1,,,https://www.youtube.com/user/StreetVoiceTV,【吹對談】嬉流的嬉，是女字旁的嘻（哈）—— 全女性演出Ｘ工作坊「嬉流Sheflow」活動後記|||https://blow.streetvoice.com/83170/?utm_source=streetvoice&utm_medium=profile-news-block; 「嬉流全女性樂團計畫演出Ｘ深度音樂工作坊」於7/26登場！王思雅邀楊舒雅、?te 壞特、芮鯊、羅妍婷等人打造「全女性樂團」|||https://blow.streetvoice.com/81086/?utm_source=streetvoice&utm_medium=profile-news-block; 「代表FINAL的聲音，獻給台北。」FINAL四週年合輯蒐羅Meuko! Meuko!、jondu等五位DJ漆黑力作|||https://blow.streetvoice.com/66350/?utm_source=streetvoice&utm_medium=profile-news-block,,Electronic,CNC Project,https://streetvoice.com/chieh_chieh/songs/album/97325898/,,"以90年代末至千禧年初的英倫Trip Hop聲響為基調，以原曲那種失魂晃蕩陰鬱作為發想，並增加了夜裡蟄伏的步行感。 好似迴盪在昏暗街道的幽魂， 不斷地質問著夜中獨自遊蕩的人們... To be or not to be? 
以90年代末至千禧年初的英倫Trip Hop聲響為基調，以原曲那種失魂晃蕩陰鬱作為發想，並增加了夜裡蟄伏的步行感。
好似迴盪在昏暗街道的幽魂， 不斷地質問著夜中獨自遊蕩的人們... To be or not to be?","To be or not to be 當世界消逝了一切該有的光影 該有的光影 該有的光影 漫長的等待被時間沖散了激情 沖散了激情 沖散了激情 沉睡中靈魂被喧鬧的現實喚醒 被現實喚醒 被現實喚醒 妳為什麼還留在這裡 徒勞無功又返復追尋 To be or not to be 渴望著殘忍而真相並不屬於妳 當談話失去意義我們只剩下安靜 失去了意義 只剩下安靜 穿越過晦暗無聲的街 穿越過杳無人跡的夜 穿越過寂寞荒涼的心 路無止境找不到結局 To be or not to be You want to be, don’t want to be You want to be, don’t want to be You want to be, don’t want to be To be, To be, or not to be You want to be, don’t want to be You want to be, don’t want to be You want to be, don’t want to be To be, To be, or not to be 天好像放晴了 人還在降雨呀 誰能夠無情 而誰又無欲 霧從未散去 沒睡也未醒 只毫無意義 作夢的解析 就這樣緩慢的靠近 聚精會神的看著你 就這樣緩慢的靠近 百無聊賴的幹著你 To be or not to be 
To be or not to be
當世界消逝了一切該有的光影 該有的光影 該有的光影 漫長的等待被時間沖散了激情 沖散了激情 沖散了激情 沉睡中靈魂被喧鬧的現實喚醒 被現實喚醒 被現實喚醒
妳為什麼還留在這裡 徒勞無功又返復追尋
To be or not to be
渴望著殘忍而真相並不屬於妳 當談話失去意義我們只剩下安靜 失去了意義 只剩下安靜
穿越過晦暗無聲的街 穿越過杳無人跡的夜 穿越過寂寞荒涼的心 路無止境找不到結局
To be or not to be
You want to be, don’t want to be You want to be, don’t want to be You want to be, don’t want to be To be, To be, or not to be
You want to be, don’t want to be You want to be, don’t want to be You want to be, don’t want to be To be, To be, or not to be
天好像放晴了 人還在降雨呀 誰能夠無情 而誰又無欲 霧從未散去 沒睡也未醒 只毫無意義 作夢的解析
就這樣緩慢的靠近 聚精會神的看著你 就這樣緩慢的靠近 百無聊賴的幹著你
To be or not to be
留言（ 1 ） 最相關留言 所有留言
留言（ 1 ）",2026-08-14,,編輯推薦,True,False,
2026-08-21 06:53:41,realtime,electronic,,,3,超音界,佇無你的城市 2046,1,17,0,https://streetvoice.com/supertomicsound/songs/875278/,https://streetvoice.com/supertomicsound/,"https://akstatic.streetvoice.com/song_covers/su/pe/supertomicsound/k9qSf3VuWqVZEu2DL3XUpY.jpeg?x-oss-process=image/resize,m_fixed,h_1,w_1,limit_0/resize,m_fixed,h_630,w_1200,limit_0/watermark,image_c29uZ19jb3ZlcnMvc3UvcGUvc3VwZXJ0b21pY3NvdW5kL2s5cVNmM1Z1V3FWWkV1MkRMM1hVcFkuanBlZz94LW9zcy1wcm9jZXNzPWltYWdlL3Jlc2l6ZSxtX2ZpeGVkLGhfMzQ0LHdfMzQ0LGxpbWl0XzA,g_nw,x_428,y_143/watermark,image_YXNzZXQvaW1hZ2VzL21ldGFpbWFnZS1zb25nLnBuZw,g_nw,x_0,y_0",images/875278.jpeg,@supertomicsound,音樂人,台北市,2017-02-01,,10,38,8,,,https://youtu.be/QANmVZ73xt8,受疫情影響 2020浮現祭宣布延期舉辦|||https://blow.streetvoice.com/49061/?utm_source=streetvoice&utm_medium=profile-news-block,,Electronic,,,,"STS Remix Project 
STS Remix Project","動態歌詞
佇無你的城市 作曲：傅超華 作詞：許恰吉 甘是因為這陣雨 來擾亂心緒 窗外天色漸漸光 望你佇身邊 猶原唔知影你的心 為何欲離開 今夜擱想著過去 欺騙著自己 佇無你的城市 佇無你的城市 (佇無你的城市) 走揣著 你的消息 走揣著 咱的過去 往事親像雨水滴 渥著我的心 你留置桌頂的薰 抹擱再點起 曾纏綿的房間內 擱有你的氣味 相愛的痕跡太深 沒法度消失 佇無你的城市 (無你的城市 揣無你) 孤單的城市 (孤單的城市 揣無你) 失去你的城市 佇無你的城市 (往事親像雨水滴 佇無你的城市) (往事親像雨水滴 佇無你的城市) 
佇無你的城市 作曲：傅超華 作詞：許恰吉 甘是因為這陣雨 來擾亂心緒 窗外天色漸漸光 望你佇身邊 猶原唔知影你的心 為何欲離開 今夜擱想著過去 欺騙著自己 佇無你的城市 佇無你的城市 (佇無你的城市) 走揣著 你的消息 走揣著 咱的過去 往事親像雨水滴 渥著我的心 你留置桌頂的薰 抹擱再點起 曾纏綿的房間內 擱有你的氣味 相愛的痕跡太深 沒法度消失 佇無你的城市 (無你的城市 揣無你) 孤單的城市 (孤單的城市 揣無你) 失去你的城市 佇無你的城市 (往事親像雨水滴 佇無你的城市) (往事親像雨水滴 佇無你的城市)
留言（ 0 ） 最相關留言 所有留言
留言（ 0 ）",2026-08-18,,編輯推薦,True,False,
2026-08-21 06:53:41,realtime,electronic,,,4,底特律胖小孩,IRON,1,5,0,https://streetvoice.com/detroitfatkids/songs/875416/,https://streetvoice.com/detroitfatkids/,"https://akstatic.streetvoice.com/music_albums/de/tr/detroitfatkids/8nGwH6PkrLiTGVoi6GrwPj.jpg?x-oss-process=image/resize,m_fixed,h_1,w_1,limit_0/resize,m_fixed,h_630,w_1200,limit_0/watermark,image_bXVzaWNfYWxidW1zL2RlL3RyL2RldHJvaXRmYXRraWRzLzhuR3dINlBrckxpVEdWb2k2R3J3UGouanBnP3gtb3NzLXByb2Nlc3M9aW1hZ2UvcmVzaXplLG1fZml4ZWQsaF8zNDQsd18zNDQsbGltaXRfMA,g_nw,x_428,y_143/watermark,image_YXNzZXQvaW1hZ2VzL21ldGFpbWFnZS1zb25nLnBuZw,g_nw,x_0,y_0",images/875416.jpg,@detroitfatkids,音樂人,,,2021-11-29 18:10,26,160,30,https://www.facebook.com/Detroitfatkids/,https://www.instagram.com/detroitfatkids/,https://www.youtube.com/user/StreetVoiceTV,【StreetVoice新歌週報】December vol.4|||https://blow.streetvoice.com/43236/?utm_source=streetvoice&utm_medium=profile-news-block; 【StreetVoice新歌週報】 September vol.3|||https://blow.streetvoice.com/41604/?utm_source=streetvoice&utm_medium=profile-news-block; 【StreetVoice新歌週報】 July vol.1|||https://blow.streetvoice.com/40524/?utm_source=streetvoice&utm_medium=profile-news-block,,Electronic,Equipment Experimental,https://streetvoice.com/detroitfatkids/songs/album/97298252/,,,"這是沒有提供歌詞的歌曲
留言（ 0 ） 最相關留言 所有留言
留言（ 0 ）",2026-08-19,,編輯推薦,True,False,
2026-08-21 06:53:41,realtime,electronic,,,5,影子Shadow,夢-Demo,2,38,0,https://streetvoice.com/alanences/songs/875162/,https://streetvoice.com/alanences/,"https://akstatic.streetvoice.com/song_covers/al/an/alanences/nGmrtSoZLZmhkYUJsBZsvC.jpeg?x-oss-process=image/resize,m_fixed,h_1,w_1,limit_0/resize,m_fixed,h_630,w_1200,limit_0/watermark,image_c29uZ19jb3ZlcnMvYWwvYW4vYWxhbmVuY2VzL25HbXJ0U29aTFptaGtZVUpzQlpzdkMuanBlZz94LW9zcy1wcm9jZXNzPWltYWdlL3Jlc2l6ZSxtX2ZpeGVkLGhfMzQ0LHdfMzQ0LGxpbWl0XzA,g_nw,x_428,y_143/watermark,image_YXNzZXQvaW1hZ2VzL21ldGFpbWFnZS1zb25nLnBuZw,g_nw,x_0,y_0",images/875162.jpeg,@alanences,音樂人,台北市,2019-03-01,,7,10,8,,,https://www.youtube.com/user/StreetVoiceTV,,,Electronic,,,,"詞/曲：Alan 編曲：影子Shadow 鼓組編曲：宗穎 混音母帶：Alan 製作人：陳翰 
詞/曲：Alan 編曲：影子Shadow 鼓組編曲：宗穎 混音母帶：Alan 製作人：陳翰","【Verse】 我們的回憶 似乎就是一場夢 我們的以後 是否還會有以後 過往的那些 仍然繼續拉扯我 說好的放手 是我還沒有想透 【Chorus】 夢彷彿是浪漫的地方 一個極深的虛無世界 跳進沒有邊界的湖泊 寂靜覆蓋所有的軌跡 
【Verse】 我們的回憶 似乎就是一場夢 我們的以後 是否還會有以後 過往的那些 仍然繼續拉扯我 說好的放手 是我還沒有想透
【Chorus】 夢彷彿是浪漫的地方 一個極深的虛無世界 跳進沒有邊界的湖泊 寂靜覆蓋所有的軌跡
留言（ 0 ） 最相關留言 所有留言
留言（ 0 ）",2026-08-17,,編輯推薦,True,False,
2026-08-21 06:53:41,realtime,electronic,,,6,CHIEH,LOSER ft. JB,3,66,0,https://streetvoice.com/chieh_chieh/songs/874801/,https://streetvoice.com/chieh_chieh/,"https://akstatic.streetvoice.com/music_albums/ch/ie/chieh_chieh/cSfwk2Cr3KjqQvL3ZXUhRa.jpeg?x-oss-process=image/resize,m_fixed,h_1,w_1,limit_0/resize,m_fixed,h_630,w_1200,limit_0/watermark,image_bXVzaWNfYWxidW1zL2NoL2llL2NoaWVoX2NoaWVoL2NTZndrMkNyM0tqcVF2TDNaWFVoUmEuanBlZz94LW9zcy1wcm9jZXNzPWltYWdlL3Jlc2l6ZSxtX2ZpeGVkLGhfMzQ0LHdfMzQ0LGxpbWl0XzA,g_nw,x_428,y_143/watermark,image_YXNzZXQvaW1hZ2VzL21ldGFpbWFnZS1zb25nLnBuZw,g_nw,x_0,y_0",images/874801.jpeg,@chieh_chieh,音樂人,台中市,2022-08-01,,15,27,1,,,https://www.youtube.com/user/StreetVoiceTV,【吹對談】嬉流的嬉，是女字旁的嘻（哈）—— 全女性演出Ｘ工作坊「嬉流Sheflow」活動後記|||https://blow.streetvoice.com/83170/?utm_source=streetvoice&utm_medium=profile-news-block; 「嬉流全女性樂團計畫演出Ｘ深度音樂工作坊」於7/26登場！王思雅邀楊舒雅、?te 壞特、芮鯊、羅妍婷等人打造「全女性樂團」|||https://blow.streetvoice.com/81086/?utm_source=streetvoice&utm_medium=profile-news-block; 「代表FINAL的聲音，獻給台北。」FINAL四週年合輯蒐羅Meuko! Meuko!、jondu等五位DJ漆黑力作|||https://blow.streetvoice.com/66350/?utm_source=streetvoice&utm_medium=profile-news-block,,Electronic,CNC Project,https://streetvoice.com/chieh_chieh/songs/album/97325898/,,"我們把這神經質的女孩帶到了90年代的音樂節... 捨棄掉《LOSER》原曲up-beat的氛圍與Band sound的結構與合聲，專注於合成器聲線與Big Beat的大塊節奏，加上充滿Acid與令人迷亂穿梭的電子律動。 再瘋一次吧，畢竟都是Loser了～ 
我們把這神經質的女孩帶到了90年代的音樂節...
捨棄掉《LOSER》原曲up-beat的氛圍與Band sound的結構與合聲，專注於合成器聲線與Big Beat的大塊節奏，加上充滿Acid與令人迷亂穿梭的電子律動。
再瘋一次吧，畢竟都是Loser了～","（Loser...Loser...) Everybody loves a loser I know I was a loser Everybody loves a loser So, you should love me Everybody loves a loser I know I was a loser Everybody loves a loser So, you should love me. Everybody loves a loser I know I was a loser Everybody loves a loser So, you should love me Everybody loves a loser I know I was a loser Everybody loves a loser So, you should love me (You love me... Loser...You love!) Losers are beautiful Losers are relieved Losers are pitiful I know the reason why I’m not sad Cause you love me !! From President to congressman Professor to college freshman From Scientist to Philosopher Everybody loves a loser From Candidate to elector Bourgeois, blue-collar Psychiatrist to mental patient Everybody loves a loser So, you got to love me But I’m not the loser, yeah~ Do you still love me? I know the reason why I’m not sad Cause you love me (Loser... You love..) Everyone to anyone Everybody loves losers Anyone to everyone Everybody loves losers Anyone to everyone Everybody loves losers Everyone to anyone Everybody loves losers Everyone to anyone Everybody loves losers Anyone to everyone Everybody loves losers Anyone to everyone Everybody loves losers Everyone to anyone Everybody loves losers 
（Loser...Loser...)
Everybody loves a loser I know I was a loser Everybody loves a loser So, you should love me Everybody loves a loser I know I was a loser Everybody loves a loser So, you should love me.
Everybody loves a loser I know I was a loser Everybody loves a loser So, you should love me Everybody loves a loser I know I was a loser Everybody loves a loser So, you should love me
(You love me... Loser...You love!)
Losers are beautiful Losers are relieved Losers are pitiful I know the reason why I’m not sad Cause you love me !!
From President to congressman Professor to college freshman From Scientist to Philosopher Everybody loves a loser
From Candidate to elector Bourgeois, blue-collar Psychiatrist to mental patient Everybody loves a loser
So, you got to love me But I’m not the loser, yeah~ Do you still love me? I know the reason why I’m not sad Cause you love me
(Loser... You love..)
Everyone to anyone Everybody loves losers Anyone to everyone Everybody loves losers
Anyone to everyone Everybody loves losers Everyone to anyone Everybody loves losers
Everyone to anyone Everybody loves losers Anyone to everyone Everybody loves losers
Anyone to everyone Everybody loves losers Everyone to anyone Everybody loves losers
留言（ 0 ） 最相關留言 所有留言
留言（ 0 ）",2026-08-14,,編輯推薦,True,False,
2026-08-21 06:53:41,realtime,electronic,,,7,表現する実務家 | 渋谷佑生,COMPILATION!!(feat. 東北きりたん),2,3,2,https://streetvoice.com/763yuki/songs/875382/,https://streetvoice.com/763yuki/,"https://akstatic.streetvoice.com/song_covers/76/3y/763yuki/YAVWg2T6rNpzcAAc4iuEim.jpeg?x-oss-process=image/resize,m_fixed,h_1,w_1,limit_0/resize,m_fixed,h_630,w_1200,limit_0/watermark,image_c29uZ19jb3ZlcnMvNzYvM3kvNzYzeXVraS9ZQVZXZzJUNnJOcHpjQUFjNGl1RWltLmpwZWc_eC1vc3MtcHJvY2Vzcz1pbWFnZS9yZXNpemUsbV9maXhlZCxoXzM0NCx3XzM0NCxsaW1pdF8w,g_nw,x_428,y_143/watermark,image_YXNzZXQvaW1hZ2VzL21ldGFpbWFnZS1zb25nLnBuZw,g_nw,x_0,y_0",images/875382.jpeg,@763yuki,音樂人,岩手縣,2026-02-01,,10,7,18,,,https://www.youtube.com/user/StreetVoiceTV,,,Electronic,,,,"【歌曲簡介】 在遙遠宇宙的彼方，追尋不會消失的夢。 穿梭於記憶、夜空與黎明之間，面對黑暗，尋找屬於自己的真實。 即使眼前的城堡崩塌，也依然握緊拳頭，向著光芒前進。 ◆ 演唱：東北きりたん (NEUTRINO) ◆ 作詞 / 作曲 / 編曲 / 吉他：表現する実務家 | 渋谷佑生 Created in Iwate, Japan. 表現する実務家（HYOUGENSURU JITSUMUKA） 
【歌曲簡介】 在遙遠宇宙的彼方，追尋不會消失的夢。 穿梭於記憶、夜空與黎明之間，面對黑暗，尋找屬於自己的真實。 即使眼前的城堡崩塌，也依然握緊拳頭，向著光芒前進。
◆ 演唱：東北きりたん (NEUTRINO) ◆ 作詞 / 作曲 / 編曲 / 吉他：表現する実務家 | 渋谷佑生
Created in Iwate, Japan. 表現する実務家（HYOUGENSURU JITSUMUKA）","動態歌詞
果てなく遠い 宇宙(そら)の彼方へ 声は届くように 夢よ消えないように わずかに蒼い あの日の夜空 きらめいた星くず 加速する流星群 両手ですくった奇跡 溢れて少しずつ溶けた 瞼で繰り返す 遥かな時の風景 思い出す けれど 続き蘇る 明け方の空 熱を帯びてく 枯れた瞳は 何を見据えてる 描いた国へ 飛び込みたい 導いて変性意識(トランス)へ 辿り着いた 精神(こころ) 握った拳は高く 真実求めて掲げ 闇を映し出す 鮮やかにそっと 光だし染まる けれど 刻まれた想い 打ち明かさずに 片隅にしまう 閉じた瞳は そこへ立ち止まる 崩れた孤城の未来 時計が回れば終わる 勝ち取った牙城は揺れる 偽りはうごめく証 闇を照らし出す 鮮やかにそっと 輝き放つ ひとつ ただひとつだけ 忘れない すべてを包み込むほど広い空が 瞼の裏に蘇る 遥かな時の風景思い出す 開けた瞳は宇宙(そら)を捉えてる 
果てなく遠い 宇宙(そら)の彼方へ 声は届くように 夢よ消えないように
わずかに蒼い あの日の夜空 きらめいた星くず 加速する流星群
両手ですくった奇跡 溢れて少しずつ溶けた
瞼で繰り返す 遥かな時の風景 思い出す けれど
続き蘇る 明け方の空 熱を帯びてく 枯れた瞳は 何を見据えてる
描いた国へ 飛び込みたい 導いて変性意識(トランス)へ 辿り着いた 精神(こころ)
握った拳は高く 真実求めて掲げ
闇を映し出す 鮮やかにそっと 光だし染まる けれど 刻まれた想い 打ち明かさずに 片隅にしまう 閉じた瞳は そこへ立ち止まる
崩れた孤城の未来 時計が回れば終わる 勝ち取った牙城は揺れる 偽りはうごめく証
闇を照らし出す 鮮やかにそっと 輝き放つ ひとつ ただひとつだけ 忘れない すべてを包み込むほど広い空が
瞼の裏に蘇る
遥かな時の風景思い出す 開けた瞳は宇宙(そら)を捉えてる
留言（ 2 ） 最相關留言 所有留言
留言（ 2 ）",2026-08-19,,AI 協作 Electronic,False,False,
2026-08-21 06:53:41,realtime,electronic,,,8,肥企鵝,massacred_320kbps,1,6,3,https://streetvoice.com/s57535951/songs/875561/,https://streetvoice.com/s57535951/,"https://akstatic.streetvoice.com/profile_images/s5/75/s57535951/oXymYmLx2FarEC7drWLc3B.jpeg?x-oss-process=image/resize,m_fixed,h_1,w_1,limit_0/resize,m_fixed,h_630,w_1200,limit_0/watermark,image_cHJvZmlsZV9pbWFnZXMvczUvNzUvczU3NTM1OTUxL29YeW1ZbUx4MkZhckVDN2RyV0xjM0IuanBlZz94LW9zcy1wcm9jZXNzPWltYWdlL3Jlc2l6ZSxtX2ZpeGVkLGhfMzQ0LHdfMzQ0LGxpbWl0XzA,g_nw,x_428,y_143/watermark,image_YXNzZXQvaW1hZ2VzL21ldGFpbWFnZS1zb25nLnBuZw,g_nw,x_0,y_0",images/875561.jpeg,@s57535951,音樂人,,,,1,1,1,,,https://www.youtube.com/user/StreetVoiceTV,,,Electronic,,,,"在黑暗吞噬一切之前，仍有人選擇向前。 《MASSACRED》是一首融合暗黑、電影感與強烈情緒張力的作品，從孤獨與傷痕一路推向覺醒與反擊。 即使滿身傷痕，即使前方沒有歸程，也不向命運俯首稱臣。 
在黑暗吞噬一切之前，仍有人選擇向前。
《MASSACRED》是一首融合暗黑、電影感與強烈情緒張力的作品，從孤獨與傷痕一路推向覺醒與反擊。
即使滿身傷痕，即使前方沒有歸程，也不向命運俯首稱臣。","動態歌詞
這場雨 訴盡滿身傷 走過多少 沒有人的地方 誰曾想 依偎誰身旁 聽聲晚安 等再一次天亮 掌心裡 破碎的痕跡 每一道都 提醒不曾忘記 還有人 困在黑夜裡 腳若停下 誰能堅持走去 也曾墮落 墮落到看不見天空 也曾害怕 害怕下一步劇痛 可黑暗盡頭 還有人呼喊名字 所以這一次 不回頭 Massacred Massacred Massacred 即使滿身都是傷痕 即使前方沒有歸程 任這長夜刺穿靈魂 豈向命運俯首稱臣 Massacred Massacred 那場雨 埋葬多少夢 誰曾跪在 沒有回聲的風 身後的 已消失無蹤 遠方哭聲 還停留在夜空 誰曾問 為何偏是我 為何命運 總要奪走更多 被看見 廢墟的眼眸 終於明白 連選擇都沒有 曾失去 所以明白 總有人走進黑暗 就讓 Massacred Massacred Massacred Massacred 即使滿身都是傷痕 即使前方沒有歸程 任這長夜刺穿靈魂 豈向命運俯首稱臣 Massacred Massacred 曾怕過 回不到那個地方 曾痛過 連呼吸都像受傷 曾怨過 一次一次終究絕望 曾看見 黑夜裡顫抖的目光 哪怕此身燃盡成灰 哪怕此去再也不回 讓這長夜吞噬殆盡 讓這曙光照進人間 Massacred Massacred Massacred Massacred Massacred 
這場雨 訴盡滿身傷 走過多少 沒有人的地方 誰曾想 依偎誰身旁 聽聲晚安 等再一次天亮 掌心裡 破碎的痕跡 每一道都 提醒不曾忘記 還有人 困在黑夜裡 腳若停下 誰能堅持走去 也曾墮落 墮落到看不見天空 也曾害怕 害怕下一步劇痛 可黑暗盡頭 還有人呼喊名字 所以這一次 不回頭 Massacred Massacred Massacred 即使滿身都是傷痕 即使前方沒有歸程 任這長夜刺穿靈魂 豈向命運俯首稱臣 Massacred Massacred 那場雨 埋葬多少夢 誰曾跪在 沒有回聲的風 身後的 已消失無蹤 遠方哭聲 還停留在夜空 誰曾問 為何偏是我 為何命運 總要奪走更多 被看見 廢墟的眼眸 終於明白 連選擇都沒有 曾失去 所以明白 總有人走進黑暗 就讓 Massacred Massacred Massacred Massacred 即使滿身都是傷痕 即使前方沒有歸程 任這長夜刺穿靈魂 豈向命運俯首稱臣 Massacred Massacred 曾怕過 回不到那個地方 曾痛過 連呼吸都像受傷 曾怨過 一次一次終究絕望 曾看見 黑夜裡顫抖的目光 哪怕此身燃盡成灰 哪怕此去再也不回 讓這長夜吞噬殆盡 讓這曙光照進人間 Massacred Massacred Massacred Massacred Massacred
留言（ 3 ） 最相關留言 所有留言
留言（ 3 ）",2026-08-20,,AI 協作 Electronic,False,False,
2026-08-21 06:53:41,realtime,electronic,,,9,凹與山 Our Shame,Digital Love (demo) (prod by OPC &amp; 小凹),7,287,2,https://streetvoice.com/ourshame92/songs/873341/,https://streetvoice.com/ourshame92/,"https://akstatic.streetvoice.com/song_covers/ou/rs/ourshame92/5MwabXJGBhKGrnTDA2MJZt.jpeg?x-oss-process=image/resize,m_fixed,h_1,w_1,limit_0/resize,m_fixed,h_630,w_1200,limit_0/watermark,image_c29uZ19jb3ZlcnMvb3UvcnMvb3Vyc2hhbWU5Mi81TXdhYlhKR0JoS0dyblREQTJNSlp0LmpwZWc_eC1vc3MtcHJvY2Vzcz1pbWFnZS9yZXNpemUsbV9maXhlZCxoXzM0NCx3XzM0NCxsaW1pdF8w,g_nw,x_428,y_143/watermark,image_YXNzZXQvaW1hZ2VzL21ldGFpbWFnZS1zb25nLnBuZw,g_nw,x_0,y_0",images/873341.jpeg,@ourshame92,音樂人,台北市,2012-09-01,2021-07-13 19:51,5,1729,7,https://www.facebook.com/ourshame/,https://www.instagram.com/ourshame92/,https://www.youtube.com/channel/UCsJ1zfrqiMHCAyXs5S5aVng,凹與山首度入圍金曲兩項大獎 感謝葛大為、陳君豪提攜|||https://blow.streetvoice.com/87943/?utm_source=streetvoice&utm_medium=profile-news-block; 電氣民謠女子組合凹與山 專場邀鳳小岳、BRADD擔任嘉賓|||https://blow.streetvoice.com/85622/?utm_source=streetvoice&utm_medium=profile-news-block; 凹與山推出「隱藏相簿」概念影片 明年1/4北流SUB舉辦專場|||https://blow.streetvoice.com/84093/?utm_source=streetvoice&utm_medium=profile-news-block,,Electronic,,,,"一萬公里 = 飛行 15 小時。 我們幾乎無法在同個城市裡一起做音樂。多數作品的起點，只是一段 20 秒的 mp3、背後有電扇雜音的語音訊息。 與其把距離視為阻礙，我們漸漸學會將它視為一種作曲的方式。 時差讓我們慢慢咀嚼對方傳來的 demo。慢慢交換想法。慢慢幻想。 這些聲音孕育在法國與台灣之間，交織著模組合成、取樣。《Imaginary Lands》是我們第一次一起現場演出。Digital Love 是第一個聲音片段。 台灣場（8/19 台南、8/22 台北）日本場（8/25、8/26 東京）。來找我們玩。 - Producer: Odd People Club, Estelle H (小凹) Synthesizers: Ella T (Eurorack modular, Digitakt II), Estelle H (Moog Labyrinth, Moog Mavis) 
一萬公里 = 飛行 15 小時。
我們幾乎無法在同個城市裡一起做音樂。多數作品的起點，只是一段 20 秒的 mp3、背後有電扇雜音的語音訊息。
與其把距離視為阻礙，我們漸漸學會將它視為一種作曲的方式。 時差讓我們慢慢咀嚼對方傳來的 demo。慢慢交換想法。慢慢幻想。
這些聲音孕育在法國與台灣之間，交織著模組合成、取樣。《Imaginary Lands》是我們第一次一起現場演出。Digital Love 是第一個聲音片段。
台灣場（8/19 台南、8/22 台北）日本場（8/25、8/26 東京）。來找我們玩。
- Producer: Odd People Club, Estelle H (小凹) Synthesizers: Ella T (Eurorack modular, Digitakt II), Estelle H (Moog Labyrinth, Moog Mavis)","這是沒有提供歌詞的歌曲
留言（ 2 ） 最相關留言 所有留言
留言（ 2 ）",2026-08-10,,編輯推薦,True,False,
2026-08-21 06:53:41,realtime,electronic,,,10,底特律胖小孩,Whispers,0,29,0,https://streetvoice.com/detroitfatkids/songs/874810/,https://streetvoice.com/detroitfatkids/,"https://akstatic.streetvoice.com/profile_images/de/tr/detroitfatkids/h3wcRueNegE7n2T5GF55dB.JPG?x-oss-process=image/resize,m_fixed,h_1,w_1,limit_0/resize,m_fixed,h_630,w_1200,limit_0/watermark,image_cHJvZmlsZV9pbWFnZXMvZGUvdHIvZGV0cm9pdGZhdGtpZHMvaDN3Y1J1ZU5lZ0U3bjJUNUdGNTVkQi5KUEc_eC1vc3MtcHJvY2Vzcz1pbWFnZS9yZXNpemUsbV9maXhlZCxoXzM0NCx3XzM0NCxsaW1pdF8w,g_nw,x_428,y_143/watermark,image_YXNzZXQvaW1hZ2VzL21ldGFpbWFnZS1zb25nLnBuZw,g_nw,x_0,y_0",images/874810.jpg,@detroitfatkids,音樂人,,,2021-11-29 18:10,26,160,30,https://www.facebook.com/Detroitfatkids/,https://www.instagram.com/detroitfatkids/,https://www.youtube.com/user/StreetVoiceTV,【StreetVoice新歌週報】December vol.4|||https://blow.streetvoice.com/43236/?utm_source=streetvoice&utm_medium=profile-news-block; 【StreetVoice新歌週報】 September vol.3|||https://blow.streetvoice.com/41604/?utm_source=streetvoice&utm_medium=profile-news-block; 【StreetVoice新歌週報】 July vol.1|||https://blow.streetvoice.com/40524/?utm_source=streetvoice&utm_medium=profile-news-block,,Electronic,,,,,"這是沒有提供歌詞的歌曲
留言（ 0 ） 最相關留言 所有留言
留言（ 0 ）",2026-08-14,,編輯推薦,True,False,
2026-08-21 06:53:41,realtime,electronic,,,11,CHIEH,神的小羊 ft. JB,3,79,0,https://streetvoice.com/chieh_chieh/songs/874800/,https://streetvoice.com/chieh_chieh/,"https://akstatic.streetvoice.com/music_albums/ch/ie/chieh_chieh/cSfwk2Cr3KjqQvL3ZXUhRa.jpeg?x-oss-process=image/resize,m_fixed,h_1,w_1,limit_0/resize,m_fixed,h_630,w_1200,limit_0/watermark,image_bXVzaWNfYWxidW1zL2NoL2llL2NoaWVoX2NoaWVoL2NTZndrMkNyM0tqcVF2TDNaWFVoUmEuanBlZz94LW9zcy1wcm9jZXNzPWltYWdlL3Jlc2l6ZSxtX2ZpeGVkLGhfMzQ0LHdfMzQ0LGxpbWl0XzA,g_nw,x_428,y_143/watermark,image_YXNzZXQvaW1hZ2VzL21ldGFpbWFnZS1zb25nLnBuZw,g_nw,x_0,y_0",images/874800.jpeg,@chieh_chieh,音樂人,台中市,2022-08-01,,15,27,1,,,https://www.youtube.com/user/StreetVoiceTV,【吹對談】嬉流的嬉，是女字旁的嘻（哈）—— 全女性演出Ｘ工作坊「嬉流Sheflow」活動後記|||https://blow.streetvoice.com/83170/?utm_source=streetvoice&utm_medium=profile-news-block; 「嬉流全女性樂團計畫演出Ｘ深度音樂工作坊」於7/26登場！王思雅邀楊舒雅、?te 壞特、芮鯊、羅妍婷等人打造「全女性樂團」|||https://blow.streetvoice.com/81086/?utm_source=streetvoice&utm_medium=profile-news-block; 「代表FINAL的聲音，獻給台北。」FINAL四週年合輯蒐羅Meuko! Meuko!、jondu等五位DJ漆黑力作|||https://blow.streetvoice.com/66350/?utm_source=streetvoice&utm_medium=profile-news-block,,Electronic,CNC Project,https://streetvoice.com/chieh_chieh/songs/album/97325898/,,"音樂節過後我們到了深山裡的Rave Party..聽說是一首傳唱許久的歌曲，但它變成了一首Psy。 前段以Tribal帶入，將原本帶點稚氣感的少女龐克歌曲轉換成異教的邪典派對舞曲，後段進入了祭典高潮的出神世界...迷失與狂歡。 
音樂節過後我們到了深山裡的Rave Party..聽說是一首傳唱許久的歌曲，但它變成了一首Psy。
前段以Tribal帶入，將原本帶點稚氣感的少女龐克歌曲轉換成異教的邪典派對舞曲，後段進入了祭典高潮的出神世界...迷失與狂歡。","毛絨絨捲曲著睡著 誰為我留下一盞燭光 就這麼赤裸裸的醒來 誰來為我披上衣裳 我懷疑這個世界的真實性 日光夜景，誰的眼睛還沒加上濾鏡 那些自以為是的真理 只是可笑的幻影 整個世界讓人無路可去 誰來安慰這脆弱的心 如此暴力的撕裂我鞭打我 任憑那殘存的意志曝屍荒野 毛絨絨捲曲著睡著 誰為我留下一盞燭光 就這麼赤裸裸的醒來 誰來為我披上衣裳 我懷疑這個世界的真實性 日光夜景，誰的眼睛還沒加上濾鏡 那些自以為是的真理 只是可笑的幻影 整個世界讓人無路可去 誰來安慰這脆弱的心 如此暴力的撕裂我鞭打我 任憑那殘存的意志曝屍荒野 妳在哪裡 我在找妳... 妳在哪裡 我在這裡... 
毛絨絨捲曲著睡著 誰為我留下一盞燭光 就這麼赤裸裸的醒來 誰來為我披上衣裳
我懷疑這個世界的真實性 日光夜景，誰的眼睛還沒加上濾鏡
那些自以為是的真理 只是可笑的幻影 整個世界讓人無路可去 誰來安慰這脆弱的心
如此暴力的撕裂我鞭打我 任憑那殘存的意志曝屍荒野
毛絨絨捲曲著睡著 誰為我留下一盞燭光 就這麼赤裸裸的醒來 誰來為我披上衣裳
我懷疑這個世界的真實性 日光夜景，誰的眼睛還沒加上濾鏡
那些自以為是的真理 只是可笑的幻影 整個世界讓人無路可去 誰來安慰這脆弱的心
如此暴力的撕裂我鞭打我 任憑那殘存的意志曝屍荒野
妳在哪裡 我在找妳... 妳在哪裡 我在這裡...
留言（ 0 ） 最相關留言 所有留言
留言（ 0 ）",2026-08-14,,編輯推薦,True,False,
2026-08-21 06:53:41,realtime,electronic,,,12,Lee Yu-Huan 李雨寰,昭霖-嘰嘰喳喳 (Geisha Ragga Dub),1,42,0,https://streetvoice.com/yuhuan1028ss/songs/874269/,https://streetvoice.com/yuhuan1028ss/,"https://akstatic.streetvoice.com/song_covers/yu/hu/yuhuan1028ss/DUSKbq8DkmXZyQawHNc2ew.jpeg?x-oss-process=image/resize,m_fixed,h_1,w_1,limit_0/resize,m_fixed,h_630,w_1200,limit_0/watermark,image_c29uZ19jb3ZlcnMveXUvaHUveXVodWFuMTAyOHNzL0RVU0ticThEa21YWnlRYXdITmMyZXcuanBlZz94LW9zcy1wcm9jZXNzPWltYWdlL3Jlc2l6ZSxtX2ZpeGVkLGhfMzQ0LHdfMzQ0LGxpbWl0XzA,g_nw,x_428,y_143/watermark,image_YXNzZXQvaW1hZ2VzL21ldGFpbWFnZS1zb25nLnBuZw,g_nw,x_0,y_0",images/874269.jpeg,@yuhuan1028ss,音樂人,台北市,2024-09-01,,68,23,4,,,https://www.youtube.com/user/StreetVoiceTV,,,Dance,,,昭霖,,"這是沒有提供歌詞的歌曲
留言（ 0 ） 最相關留言 所有留言
留言（ 0 ）",2026-08-12,,編輯推薦,True,False,
2026-08-21 06:53:41,realtime,electronic,,,13,陳修澤,孤獨與死,8,481,1,https://streetvoice.com/desolatechen/songs/871101/,https://streetvoice.com/desolatechen/,"https://akstatic.streetvoice.com/music_albums/de/so/desolatechen/mkKunsCfwcCE2zSAqmoa5S.jpeg?x-oss-process=image/resize,m_fixed,h_1,w_1,limit_0/resize,m_fixed,h_630,w_1200,limit_0/watermark,image_bXVzaWNfYWxidW1zL2RlL3NvL2Rlc29sYXRlY2hlbi9ta0t1bnNDZndjQ0UyelNBcW1vYTVTLmpwZWc_eC1vc3MtcHJvY2Vzcz1pbWFnZS9yZXNpemUsbV9maXhlZCxoXzM0NCx3XzM0NCxsaW1pdF8w,g_nw,x_428,y_143/watermark,image_YXNzZXQvaW1hZ2VzL21ldGFpbWFnZS1zb25nLnBuZw,g_nw,x_0,y_0",images/871101.jpeg,@desolatechen,音樂人,屏東縣,2006-04-01,2021-05-26 18:50,6,479,11,,,https://www.youtube.com/user/StreetVoiceTV,「野地晃晃」串連野地方、肥頭音樂雙場館四舞台！2/15集結無妄合作社、Manic Sheep、陳修澤等20組台日樂團|||https://blow.streetvoice.com/78942/?utm_source=streetvoice&utm_medium=profile-news-block; 【StreetVoice新歌週報】Control T將悲傷化作夕陽美景 陳修澤沈澱之作上線|||https://blow.streetvoice.com/55665/?utm_source=streetvoice&utm_medium=profile-news-block; 【週五看MV】陳修澤以歌曲〈流星和願望〉鼓勵樂迷：自己是被人愛著的|||https://blow.streetvoice.com/55656/?utm_source=streetvoice&utm_medium=profile-news-block,,Electronic,地獄之路,https://streetvoice.com/desolatechen/songs/album/97325761/,,"那些不合時宜的痛 
那些不合時宜的痛","那些不合時宜的痛 已經不會再有人懂 在脹滿破碎資訊的海洋裡頭 和自己倒影一起游泳 那些不合時宜的痛 變成一場場破碎的夢 在脹滿慾望恐懼的牢籠裡頭 以為自己能自由 別走 經過黑夜   越過白晝 聽見腳步   不見臉孔 理解話語   遺失意義 誰在前進   誰在停留 放眼未來   遺忘過去 擁抱靈魂   放棄身體 走向宇宙   打開自我 誰在現實   誰在夢境 誰說別走 誰說 我已找到最美的夢 沒有人能阻擋我 
那些不合時宜的痛 已經不會再有人懂 在脹滿破碎資訊的海洋裡頭 和自己倒影一起游泳
那些不合時宜的痛 變成一場場破碎的夢 在脹滿慾望恐懼的牢籠裡頭 以為自己能自由
別走
經過黑夜   越過白晝 聽見腳步   不見臉孔 理解話語   遺失意義 誰在前進   誰在停留
放眼未來   遺忘過去 擁抱靈魂   放棄身體 走向宇宙   打開自我 誰在現實   誰在夢境
誰說別走 誰說
我已找到最美的夢 沒有人能阻擋我
留言（ 1 ） 最相關留言 所有留言
留言（ 1 ）",2026-07-25,,Song of the Day; 編輯推薦,True,True,
2026-08-21 06:53:41,realtime,electronic,,,14,李敏哲,各自重新來過的陌生帳號/他媽的怎麼是你,22,960,15,https://streetvoice.com/minzer_c_lee/songs/874077/,https://streetvoice.com/minzer_c_lee/,"https://akstatic.streetvoice.com/song_covers/mi/nz/minzer_c_lee/7Pj3LNJR2bcCeohpV5tgEM.jpeg?x-oss-process=image/resize,m_fixed,h_1,w_1,limit_0/resize,m_fixed,h_630,w_1200,limit_0/watermark,image_c29uZ19jb3ZlcnMvbWkvbnovbWluemVyX2NfbGVlLzdQajNMTkpSMmJjQ2VvaHBWNXRnRU0uanBlZz94LW9zcy1wcm9jZXNzPWltYWdlL3Jlc2l6ZSxtX2ZpeGVkLGhfMzQ0LHdfMzQ0LGxpbWl0XzA,g_nw,x_428,y_143/watermark,image_YXNzZXQvaW1hZ2VzL21ldGFpbWFnZS1zb25nLnBuZw,g_nw,x_0,y_0",images/874077.jpeg,@minzer_c_lee,音樂人,,,,6,11,15,,,https://www.youtube.com/user/StreetVoiceTV,,,Electronic,,,,"把你的 App 刪掉 
把你的 App 刪掉","凌晨兩點　the app said yes somebody's waiting　在一號出口的 7-Eleven 捷運停了　月台沒有聲音 need no GPS　加快腳步走過來 便利商店的燈　white as an interrogation 我把手貼上玻璃　icy cold sensation 門滑開了　我走進去 你正在放回一盒保險套 我應該轉身 I should close the app 但身體不聽話 你也沒有要走的打算 他媽的怎麼是你 各自重新來過的陌生帳號 便利商店　末班車已過 最好誰都逃不掉 整個僵掉的凌晨兩點半 你是我以為打完的那場仗 冷氣好強　like nothing could happen 結果到底是誰逃不掉 我拿了一瓶水　I pretend to read the label 冰箱嗡嗡地蓋掉我們吵過的架 你不叫我名字　I don't say yours 我們在櫃台前　假裝完全不認識 揉掉不屑一顧的發票 原來你古龍水的味道　我沒有真的刪掉 我盯著出口的方向 我在等你先開口　say you'll leave first 但你沒有動 and I don't move 自動門 為空氣開了又關 他媽的怎麼是你 各自重新來過的陌生帳號 便利商店　末班車已過 最好誰都逃不掉 整個僵掉的凌晨兩點半 你是我以為打完的那場仗 冷氣好強　like nothing could happen 結果到底是誰逃不掉 是演算法　還是這座城 還是我某個角落從來沒清乾淨 I matched with a stranger I found my past 一號出口 nothing has passed— 他媽的怎麼是你 各自重新來過的陌生帳號 便利商店　末班車已過 最好誰都逃不掉 整個僵掉的凌晨兩點半 你是我以為打完的那場仗 冷氣好強　like nothing could happen 結果到底是誰逃不掉 我們各自走出去 not touching　not talking 一號出口的捲閘在後面 the signal is still zero your profile says new in town please update your lies next time now fuck off into the night before the signal dies let it die 
凌晨兩點　the app said yes somebody's waiting　在一號出口的 7-Eleven 捷運停了　月台沒有聲音 need no GPS　加快腳步走過來
便利商店的燈　white as an interrogation 我把手貼上玻璃　icy cold sensation 門滑開了　我走進去 你正在放回一盒保險套
我應該轉身 I should close the app 但身體不聽話 你也沒有要走的打算
他媽的怎麼是你 各自重新來過的陌生帳號 便利商店　末班車已過 最好誰都逃不掉
整個僵掉的凌晨兩點半 你是我以為打完的那場仗 冷氣好強　like nothing could happen 結果到底是誰逃不掉
我拿了一瓶水　I pretend to read the label 冰箱嗡嗡地蓋掉我們吵過的架 你不叫我名字　I don't say yours 我們在櫃台前　假裝完全不認識
揉掉不屑一顧的發票 原來你古龍水的味道　我沒有真的刪掉 我盯著出口的方向 我在等你先開口　say you'll leave first
但你沒有動 and I don't move 自動門 為空氣開了又關
他媽的怎麼是你 各自重新來過的陌生帳號 便利商店　末班車已過 最好誰都逃不掉
整個僵掉的凌晨兩點半 你是我以為打完的那場仗 冷氣好強　like nothing could happen 結果到底是誰逃不掉
是演算法　還是這座城 還是我某個角落從來沒清乾淨 I matched with a stranger I found my past 一號出口 nothing has passed—
他媽的怎麼是你 各自重新來過的陌生帳號 便利商店　末班車已過 最好誰都逃不掉
整個僵掉的凌晨兩點半 你是我以為打完的那場仗 冷氣好強　like nothing could happen 結果到底是誰逃不掉
我們各自走出去 not touching　not talking 一號出口的捲閘在後面 the signal is still zero
your profile says new in town please update your lies next time now fuck off into the night before the signal dies
let it die
留言（ 15 ） 最相關留言 所有留言
留言（ 15 ）",2026-08-11,,AI 協作 Electronic,False,False,
2026-08-21 06:53:41,realtime,electronic,,,15,底特律胖小孩,180 degree,3,161,0,https://streetvoice.com/detroitfatkids/songs/873280/,https://streetvoice.com/detroitfatkids/,"https://akstatic.streetvoice.com/music_albums/de/tr/detroitfatkids/8nGwH6PkrLiTGVoi6GrwPj.jpg?x-oss-process=image/resize,m_fixed,h_1,w_1,limit_0/resize,m_fixed,h_630,w_1200,limit_0/watermark,image_bXVzaWNfYWxidW1zL2RlL3RyL2RldHJvaXRmYXRraWRzLzhuR3dINlBrckxpVEdWb2k2R3J3UGouanBnP3gtb3NzLXByb2Nlc3M9aW1hZ2UvcmVzaXplLG1fZml4ZWQsaF8zNDQsd18zNDQsbGltaXRfMA,g_nw,x_428,y_143/watermark,image_YXNzZXQvaW1hZ2VzL21ldGFpbWFnZS1zb25nLnBuZw,g_nw,x_0,y_0",images/873280.jpg,@detroitfatkids,音樂人,,,2021-11-29 18:10,26,160,30,https://www.facebook.com/Detroitfatkids/,https://www.instagram.com/detroitfatkids/,https://www.youtube.com/user/StreetVoiceTV,【StreetVoice新歌週報】December vol.4|||https://blow.streetvoice.com/43236/?utm_source=streetvoice&utm_medium=profile-news-block; 【StreetVoice新歌週報】 September vol.3|||https://blow.streetvoice.com/41604/?utm_source=streetvoice&utm_medium=profile-news-block; 【StreetVoice新歌週報】 July vol.1|||https://blow.streetvoice.com/40524/?utm_source=streetvoice&utm_medium=profile-news-block,,Electronic,Equipment Experimental,https://streetvoice.com/detroitfatkids/songs/album/97298252/,,,"這是沒有提供歌詞的歌曲
留言（ 0 ） 最相關留言 所有留言
留言（ 0 ）",2026-08-06,,編輯推薦,True,False,
2026-08-21 06:53:41,realtime,electronic,,,16,底特律胖小孩,FmAmt,0,18,0,https://streetvoice.com/detroitfatkids/songs/873214/,https://streetvoice.com/detroitfatkids/,"https://akstatic.streetvoice.com/music_albums/de/tr/detroitfatkids/8nGwH6PkrLiTGVoi6GrwPj.jpg?x-oss-process=image/resize,m_fixed,h_1,w_1,limit_0/resize,m_fixed,h_630,w_1200,limit_0/watermark,image_bXVzaWNfYWxidW1zL2RlL3RyL2RldHJvaXRmYXRraWRzLzhuR3dINlBrckxpVEdWb2k2R3J3UGouanBnP3gtb3NzLXByb2Nlc3M9aW1hZ2UvcmVzaXplLG1fZml4ZWQsaF8zNDQsd18zNDQsbGltaXRfMA,g_nw,x_428,y_143/watermark,image_YXNzZXQvaW1hZ2VzL21ldGFpbWFnZS1zb25nLnBuZw,g_nw,x_0,y_0",images/873214.jpg,@detroitfatkids,音樂人,,,2021-11-29 18:10,26,160,30,https://www.facebook.com/Detroitfatkids/,https://www.instagram.com/detroitfatkids/,https://www.youtube.com/user/StreetVoiceTV,【StreetVoice新歌週報】December vol.4|||https://blow.streetvoice.com/43236/?utm_source=streetvoice&utm_medium=profile-news-block; 【StreetVoice新歌週報】 September vol.3|||https://blow.streetvoice.com/41604/?utm_source=streetvoice&utm_medium=profile-news-block; 【StreetVoice新歌週報】 July vol.1|||https://blow.streetvoice.com/40524/?utm_source=streetvoice&utm_medium=profile-news-block,,Electronic,Equipment Experimental,https://streetvoice.com/detroitfatkids/songs/album/97298252/,,,"這是沒有提供歌詞的歌曲
留言（ 0 ） 最相關留言 所有留言
留言（ 0 ）",2026-08-06,,編輯推薦,True,False,
2026-08-21 06:53:41,realtime,electronic,,,17,蕭語樓,生路,0,1,0,https://streetvoice.com/MarsLuo/songs/873795/,https://streetvoice.com/MarsLuo/,"https://akstatic.streetvoice.com/song_covers/Ma/rs/MarsLuo/RwgHvSDDTZefww3NG2insL.jpg?x-oss-process=image/resize,m_fixed,h_1,w_1,limit_0/resize,m_fixed,h_630,w_1200,limit_0/watermark,image_c29uZ19jb3ZlcnMvTWEvcnMvTWFyc0x1by9Sd2dIdlNERFRaZWZ3dzNORzJpbnNMLmpwZz94LW9zcy1wcm9jZXNzPWltYWdlL3Jlc2l6ZSxtX2ZpeGVkLGhfMzQ0LHdfMzQ0LGxpbWl0XzA,g_nw,x_428,y_143/watermark,image_YXNzZXQvaW1hZ2VzL21ldGFpbWFnZS1zb25nLnBuZw,g_nw,x_0,y_0",images/873795.jpg,@MarsLuo,音樂人,新竹縣,2019-02-01,,4,1,1,,,https://www.youtube.com/user/StreetVoiceTV,,,Electronic,37-（科技終於發展到我能作音樂的時刻了）,https://streetvoice.com/MarsLuo/songs/album/97325151/,,,"霓虹把天空切成好多顏色 每一條街都寫著往前走吧 卻沒有一條通往我 紅綠燈不停輪替 卻停在同一個星期一 打卡聲每天都比鬧鐘更早醒來 制服沾滿昨天沒乾的汗 連同一句「辛苦了」 說了一千遍還是更像吶喊 太陽曬得發燙 冷氣房還冷的結霜 每天都在兩種溫度之間 忘記自己真正的想法 尋著出路 到底哪裡才是出路 尋找生路 卻看不見出走的地圖 尋找出路 原地登出 生路在哪 我把今天活成昨天的重播 生路在哪 明天只是今天的續播 播放著一塵不變的述說 模仿著任何一個人的成功 生路在哪 我把今天活成昨天的重播 生路在哪 明天只是今天的續播 播放著渺茫無望的自由 接受著滿目瘡痍的自我 播放著一成不變的述說 活成別人期待的輪廓 播放著一成不變的述說 模仿著別人的人生節奏 
霓虹把天空切成好多顏色 每一條街都寫著往前走吧 卻沒有一條通往我 紅綠燈不停輪替 卻停在同一個星期一
打卡聲每天都比鬧鐘更早醒來 制服沾滿昨天沒乾的汗 連同一句「辛苦了」 說了一千遍還是更像吶喊
太陽曬得發燙 冷氣房還冷的結霜 每天都在兩種溫度之間 忘記自己真正的想法
尋著出路 到底哪裡才是出路 尋找生路 卻看不見出走的地圖 尋找出路 原地登出
生路在哪 我把今天活成昨天的重播 生路在哪 明天只是今天的續播 播放著一塵不變的述說 模仿著任何一個人的成功
生路在哪 我把今天活成昨天的重播 生路在哪 明天只是今天的續播 播放著渺茫無望的自由 接受著滿目瘡痍的自我
播放著一成不變的述說 活成別人期待的輪廓 播放著一成不變的述說 模仿著別人的人生節奏
留言（ 0 ） 最相關留言 所有留言
留言（ 0 ）",2026-08-10,,AI 協作 Electronic ・ 37-（科技終於發展到我能作音樂的時刻了）,False,False,
2026-08-21 06:53:41,realtime,electronic,,,18,Koliseum,Wugu,1,20,0,https://streetvoice.com/koliseum/songs/872845/,https://streetvoice.com/koliseum/,"https://akstatic.streetvoice.com/song_covers/ko/li/koliseum/5hicrAphjFmiiDjEyTLTdi.jpeg?x-oss-process=image/resize,m_fixed,h_1,w_1,limit_0/resize,m_fixed,h_630,w_1200,limit_0/watermark,image_c29uZ19jb3ZlcnMva28vbGkva29saXNldW0vNWhpY3JBcGhqRm1paURqRXlUTFRkaS5qcGVnP3gtb3NzLXByb2Nlc3M9aW1hZ2UvcmVzaXplLG1fZml4ZWQsaF8zNDQsd18zNDQsbGltaXRfMA,g_nw,x_428,y_143/watermark,image_YXNzZXQvaW1hZ2VzL21ldGFpbWFnZS1zb25nLnBuZw,g_nw,x_0,y_0",images/872845.jpeg,@koliseum,音樂人,,,2024-03-18 16:58,5,17,,https://www.facebook.com/koliseum.music,https://www.instagram.com/koliseum_/,https://www.youtube.com/@koliseum/,《舞夜場》紀實攝影展演臺北當代夜場文化 邀集多位音樂場景重要DJ開展派對|||https://blow.streetvoice.com/63157/?utm_source=streetvoice&utm_medium=profile-news-block; 【StreetVoice新歌週報】Vast & Hazy唱社群求生困境 新秀Indoor Trip受注目|||https://blow.streetvoice.com/52490/?utm_source=streetvoice&utm_medium=profile-news-block,,Electronic,,,,"收錄在香港電子音樂廠牌「呼呼唱片 FuFu Records」的第九張數位合輯發行，這張合輯收錄了8位亞洲各地製作人的歌曲。 呼呼唱片 FuFu Records https://www.instagram.com/fufu.asia/ https://soundcloud.com/fufu_records https://fufurecords.bandcamp.com/music 
收錄在香港電子音樂廠牌「呼呼唱片 FuFu Records」的第九張數位合輯發行，這張合輯收錄了8位亞洲各地製作人的歌曲。
呼呼唱片 FuFu Records https://www.instagram.com/fufu.asia/ https://soundcloud.com/fufu_records https://fufurecords.bandcamp.com/music
https://www.instagram.com/fufu.asia/
https://soundcloud.com/fufu_records
https://fufurecords.bandcamp.com/music","這是沒有提供歌詞的歌曲
留言（ 0 ） 最相關留言 所有留言
留言（ 0 ）",2026-08-04,,編輯推薦,True,False,
2026-08-21 06:53:41,realtime,electronic,,,19,底特律胖小孩,Hands On Me,3,168,4,https://streetvoice.com/detroitfatkids/songs/872739/,https://streetvoice.com/detroitfatkids/,"https://akstatic.streetvoice.com/profile_images/de/tr/detroitfatkids/h3wcRueNegE7n2T5GF55dB.JPG?x-oss-process=image/resize,m_fixed,h_1,w_1,limit_0/resize,m_fixed,h_630,w_1200,limit_0/watermark,image_cHJvZmlsZV9pbWFnZXMvZGUvdHIvZGV0cm9pdGZhdGtpZHMvaDN3Y1J1ZU5lZ0U3bjJUNUdGNTVkQi5KUEc_eC1vc3MtcHJvY2Vzcz1pbWFnZS9yZXNpemUsbV9maXhlZCxoXzM0NCx3XzM0NCxsaW1pdF8w,g_nw,x_428,y_143/watermark,image_YXNzZXQvaW1hZ2VzL21ldGFpbWFnZS1zb25nLnBuZw,g_nw,x_0,y_0",images/872739.jpg,@detroitfatkids,音樂人,,,2021-11-29 18:10,26,160,30,https://www.facebook.com/Detroitfatkids/,https://www.instagram.com/detroitfatkids/,https://www.youtube.com/user/StreetVoiceTV,【StreetVoice新歌週報】December vol.4|||https://blow.streetvoice.com/43236/?utm_source=streetvoice&utm_medium=profile-news-block; 【StreetVoice新歌週報】 September vol.3|||https://blow.streetvoice.com/41604/?utm_source=streetvoice&utm_medium=profile-news-block; 【StreetVoice新歌週報】 July vol.1|||https://blow.streetvoice.com/40524/?utm_source=streetvoice&utm_medium=profile-news-block,,Electronic,,,,,"這是沒有提供歌詞的歌曲
留言（ 4 ） 最相關留言 所有留言
留言（ 4 ）",2026-08-03,,編輯推薦,True,False,
2026-08-21 06:53:41,realtime,electronic,,,20,班長,CHAIN (DEMO),9,901,2,https://streetvoice.com/ray31444/songs/872184/,https://streetvoice.com/ray31444/,"https://akstatic.streetvoice.com/song_covers/ra/y3/ray31444/AteL7aKi6i5Lsc9KCJzNJz.jpg?x-oss-process=image/resize,m_fixed,h_1,w_1,limit_0/resize,m_fixed,h_630,w_1200,limit_0/watermark,image_c29uZ19jb3ZlcnMvcmEveTMvcmF5MzE0NDQvQXRlTDdhS2k2aTVMc2M5S0NKek5Kei5qcGc_eC1vc3MtcHJvY2Vzcz1pbWFnZS9yZXNpemUsbV9maXhlZCxoXzM0NCx3XzM0NCxsaW1pdF8w,g_nw,x_428,y_143/watermark,image_YXNzZXQvaW1hZ2VzL21ldGFpbWFnZS1zb25nLnBuZw,g_nw,x_0,y_0",images/872184.jpg,@ray31444,音樂人,台北市,2016-05-01,,,11,,,,https://www.youtube.com/user/StreetVoiceTV,【吹專訪】絲襪小姐主唱小龜：「對現在的我們來說，歌迷不再只是一張張曾經看過的臉，而是一個個認識很久的朋友。」|||https://blow.streetvoice.com/79064/?utm_source=streetvoice&utm_medium=profile-news-block; 【吹專題】金曲與十年前的距離：我不懷念那個時代的不安，但我珍視彼時音樂人的信念。|||https://blow.streetvoice.com/74704/?utm_source=streetvoice&utm_medium=profile-news-block; 【專訪】鹿比∞吠陀談《彼岸》：相對正是痛苦的根源|||https://blow.streetvoice.com/51926/?utm_source=streetvoice&utm_medium=profile-news-block,,Electronic,,,,"作詞：班長 作曲：班長 
作詞：班長 作曲：班長","There’s a chain in my heart Tearing me apart Every step feel the same Like the ground won’t let me leave Silence keeps calling my name I keep walking the same way Thoughts are running through my brain Find a way to set me free There’s a chain in my heart the weight is dragging me down There’s a chain in my heart There’s a chain in my heart There’s a chain in my heart Tearing me apart Every step feel the same Like the ground won’t let me leave Silence keeps calling my name I keep walking the same way Thoughts are running through my brain Find a way to set me free 
There’s a chain in my heart Tearing me apart
Every step feel the same Like the ground won’t let me leave
Silence keeps calling my name I keep walking the same way
Thoughts are running through my brain Find a way to set me free
There’s a chain in my heart the weight is dragging me down
There’s a chain in my heart
There’s a chain in my heart
There’s a chain in my heart Tearing me apart
Every step feel the same Like the ground won’t let me leave
Silence keeps calling my name I keep walking the same way
Thoughts are running through my brain Find a way to set me free
留言（ 2 ） 最相關留言 所有留言
留言（ 2 ）",2026-07-31,,編輯推薦,True,False,
2026-08-21 06:53:41,realtime,electronic,,,21,雷克非 Christopher R,Moonlight Waterfall,4,106,29,https://streetvoice.com/ChristopherR/songs/871534/,https://streetvoice.com/ChristopherR/,"https://akstatic.streetvoice.com/song_covers/Ch/ri/ChristopherR/BkJc2XokJnps3KiEGJQmgC.jpeg?x-oss-process=image/resize,m_fixed,h_1,w_1,limit_0/resize,m_fixed,h_630,w_1200,limit_0/watermark,image_c29uZ19jb3ZlcnMvQ2gvcmkvQ2hyaXN0b3BoZXJSL0JrSmMyWG9rSm5wczNLaUVHSlFtZ0MuanBlZz94LW9zcy1wcm9jZXNzPWltYWdlL3Jlc2l6ZSxtX2ZpeGVkLGhfMzQ0LHdfMzQ0LGxpbWl0XzA,g_nw,x_428,y_143/watermark,image_YXNzZXQvaW1hZ2VzL21ldGFpbWFnZS1zb25nLnBuZw,g_nw,x_0,y_0",images/871534.jpeg,@ChristopherR,音樂人,,,,40,41,119,,,https://www.youtube.com/user/StreetVoiceTV,,,Dance,,,李敏哲,"月光森林 2/3 李敏哲風格的 Afro House 太好聽，所以我們又做了一首英法雙語版。 這次不研究音樂，也不研究戀情。放鬆聽就好，不強迫跳舞——除非您自己忍不住。 
月光森林 2/3
李敏哲風格的 Afro House 太好聽，所以我們又做了一首英法雙語版。
這次不研究音樂，也不研究戀情。放鬆聽就好，不強迫跳舞——除非您自己忍不住。","Waterfall moonlight Moonlight like a waterfall Waterfall like moonlight The forest starts to sway Cold air upon the mountain I want the heat of your skin Not the promises he made Moonlight like a waterfall Waterfall like moonlight The forest starts to sway Cold air upon the mountain I want the heat of your skin Not the promises he made Don't say a word Come closer Come closer Encore plus près Moonlight Waterfall Ta chaleur Moonlight across your shoulders Water moving past our feet The forest keeps on swaying Your hand is touching mine Je veux ta chaleur Pas ses promesses Moonlight like a waterfall Waterfall like moonlight The forest starts to sway Cold air upon the mountain I want the heat of your skin Not the promises he made Don't say a word Kiss me Don't say a word Kiss me Ne parle pas Juste s'embrasser Not yet Pas encore Moonlight falling on your body Waterfall splashing moonlight The whole forest is swaying Leave the cold upon the mountain Je veux ta chaleur Je ne veux aucune promesse Ne dis rien Continue de m'embrasser Pas encore... Moonlight like a waterfall Waterfall like moonlight 
Waterfall moonlight
Moonlight like a waterfall Waterfall like moonlight The forest starts to sway Cold air upon the mountain
I want the heat of your skin Not the promises he made
Moonlight like a waterfall Waterfall like moonlight The forest starts to sway Cold air upon the mountain I want the heat of your skin Not the promises he made Don't say a word Come closer
Come closer Encore plus près
Moonlight Waterfall Ta chaleur
Moonlight across your shoulders Water moving past our feet The forest keeps on swaying Your hand is touching mine
Je veux ta chaleur Pas ses promesses
Moonlight like a waterfall Waterfall like moonlight The forest starts to sway Cold air upon the mountain I want the heat of your skin Not the promises he made Don't say a word Kiss me
Don't say a word Kiss me Ne parle pas Juste s'embrasser
Not yet Pas encore
Moonlight falling on your body Waterfall splashing moonlight The whole forest is swaying Leave the cold upon the mountain Je veux ta chaleur Je ne veux aucune promesse Ne dis rien
Continue de m'embrasser
Pas encore... Moonlight like a waterfall Waterfall like moonlight
留言（ 29 ） 最相關留言 所有留言
留言（ 29 ）",2026-07-28,,AI 協作 Dance,False,False,
2026-08-21 06:53:41,realtime,electronic,,,22,超音界,羅伯特,7,215,1,https://streetvoice.com/supertomicsound/songs/844228/,https://streetvoice.com/supertomicsound/,"https://akstatic.streetvoice.com/song_covers/su/pe/supertomicsound/9W3ZnJVuzNjMuHnZV5Syh2.jpeg?x-oss-process=image/resize,m_fixed,h_1,w_1,limit_0/resize,m_fixed,h_630,w_1200,limit_0/watermark,image_c29uZ19jb3ZlcnMvc3UvcGUvc3VwZXJ0b21pY3NvdW5kLzlXM1puSlZ1ek5qTXVIblpWNVN5aDIuanBlZz94LW9zcy1wcm9jZXNzPWltYWdlL3Jlc2l6ZSxtX2ZpeGVkLGhfMzQ0LHdfMzQ0LGxpbWl0XzA,g_nw,x_428,y_143/watermark,image_YXNzZXQvaW1hZ2VzL21ldGFpbWFnZS1zb25nLnBuZw,g_nw,x_0,y_0",images/844228.jpeg,@supertomicsound,音樂人,台北市,2017-02-01,,10,38,8,,,https://youtu.be/QANmVZ73xt8,受疫情影響 2020浮現祭宣布延期舉辦|||https://blow.streetvoice.com/49061/?utm_source=streetvoice&utm_medium=profile-news-block,,Electronic,存在主義,https://streetvoice.com/supertomicsound/songs/album/97324671/,,"〈羅伯特〉 在一座像代碼般運轉的城市裡，你還聽得見自己的心跳嗎？我們每個人都有一個被標準化節奏困住的靈魂，但總有那麼一刻，你想打破這些指令。羅伯特，不是機器人，而是那個在秩序中依然渴望不同的你。這首歌，是給每一個不想被格式化的人。來吧，讓你的靈魂超載，也不再害怕。 
〈羅伯特〉
在一座像代碼般運轉的城市裡，你還聽得見自己的心跳嗎？我們每個人都有一個被標準化節奏困住的靈魂，但總有那麼一刻，你想打破這些指令。羅伯特，不是機器人，而是那個在秩序中依然渴望不同的你。這首歌，是給每一個不想被格式化的人。來吧，讓你的靈魂超載，也不再害怕。","動態歌詞
羅伯特 作曲：傅超華 作詞：許恰吉 Are you still in there 給我靈魂吶喊 還是妳早已不在 被程式（城市）的指令覆蓋 機械般的存在 被 Format 的腦袋 你是否想要背叛 破壞被寫好的未來 Show me your soul 別輕易墜落 讓我看到你與眾不同 Show me your goal 盡情揮霍 揮拳打破運算的節奏 Show me your soul 不需要理由 在這裡沒有 The standard code 別像個 Robot 守著完美結果 別害怕你的心 Overload Are you still in there 標準化的節拍 追求相同的安排 卻敲打心中的遺憾 機械般的存在 被 Format 的腦袋 你是否想要背叛 破壞被寫好的未來 Show me your soul 別輕易墜落 讓我看到你與眾不同 Show me your goal 盡情揮霍 揮拳打破運算的節奏 Show me your soul 不需要理由 在這裡沒有 The standard code 別像個 Robot 守著完美結果 別害怕你的心 Overload 別害怕你的心 Overload 別害怕你的心 Overload 別害怕你的心 Overload 
羅伯特 作曲：傅超華 作詞：許恰吉 Are you still in there 給我靈魂吶喊 還是妳早已不在 被程式（城市）的指令覆蓋 機械般的存在 被 Format 的腦袋 你是否想要背叛 破壞被寫好的未來 Show me your soul 別輕易墜落 讓我看到你與眾不同 Show me your goal 盡情揮霍 揮拳打破運算的節奏 Show me your soul 不需要理由 在這裡沒有 The standard code 別像個 Robot 守著完美結果 別害怕你的心 Overload Are you still in there 標準化的節拍 追求相同的安排 卻敲打心中的遺憾 機械般的存在 被 Format 的腦袋 你是否想要背叛 破壞被寫好的未來 Show me your soul 別輕易墜落 讓我看到你與眾不同 Show me your goal 盡情揮霍 揮拳打破運算的節奏 Show me your soul 不需要理由 在這裡沒有 The standard code 別像個 Robot 守著完美結果 別害怕你的心 Overload 別害怕你的心 Overload 別害怕你的心 Overload 別害怕你的心 Overload
留言（ 1 ） 最相關留言 所有留言
留言（ 1 ）",2026-07-15,,Song of the Day; 編輯推薦,True,True,
2026-08-21 06:53:41,realtime,electronic,,,23,lightcraft,Waiting for the Morning Sun,0,9,0,https://streetvoice.com/lightcraft/songs/871674/,https://streetvoice.com/lightcraft/,"https://akstatic.streetvoice.com/song_covers/li/gh/lightcraft/BCWpXoc68yqmJJvkZTZ38p.jpeg?x-oss-process=image/resize,m_fixed,h_1,w_1,limit_0/resize,m_fixed,h_630,w_1200,limit_0/watermark,image_c29uZ19jb3ZlcnMvbGkvZ2gvbGlnaHRjcmFmdC9CQ1dwWG9jNjh5cW1KSnZrWlRaMzhwLmpwZWc_eC1vc3MtcHJvY2Vzcz1pbWFnZS9yZXNpemUsbV9maXhlZCxoXzM0NCx3XzM0NCxsaW1pdF8w,g_nw,x_428,y_143/watermark,image_YXNzZXQvaW1hZ2VzL21ldGFpbWFnZS1zb25nLnBuZw,g_nw,x_0,y_0",images/871674.jpeg,@lightcraft,音樂人,其他,2015-06-01,,20,13,,,,https://www.youtube.com/user/StreetVoiceTV,,,Electronic,,,,"What began as an indie-rock dance track in 2006 has been reborn as lightcraft’s most ambitious release yet. Inspired by the worlds of RÜFÜS DU SOL and SG Lewis, “Waiting for the Morning Sun” blends cinematic melodies, euphoric house production, and a breathtaking drum & bass finale into a soundtrack for anyone waiting for brighter days ahead. 
What began as an indie-rock dance track in 2006 has been reborn as lightcraft’s most ambitious release yet. Inspired by the worlds of RÜFÜS DU SOL and SG Lewis, “Waiting for the Morning Sun” blends cinematic melodies, euphoric house production, and a breathtaking drum & bass finale into a soundtrack for anyone waiting for brighter days ahead.","The distance between us The silence is deafening The possibilities are just Around the corner Let there be no more illusions The unforgettable dreams Haunt us every night As daylight burns away We are left all alone Grin and bear the pain We'll soon meet once again At the break of dawn Under the morning sun The distance between us The silence is deafening The possibilities are just Around the corner Let there be no more illusions Grin and bear the pain We'll soon meet once again At the break of dawn Under the morning sun I'm still waiting for the morning sun You're still waiting for the morning sun I'm still waiting for the morning sun We're still waiting for the morning 
The distance between us The silence is deafening The possibilities are just Around the corner Let there be no more illusions
The unforgettable dreams Haunt us every night As daylight burns away We are left all alone
Grin and bear the pain We'll soon meet once again At the break of dawn Under the morning sun
The distance between us The silence is deafening The possibilities are just Around the corner Let there be no more illusions
Grin and bear the pain We'll soon meet once again At the break of dawn Under the morning sun
I'm still waiting for the morning sun You're still waiting for the morning sun I'm still waiting for the morning sun We're still waiting for the morning
留言（ 0 ） 最相關留言 所有留言
留言（ 0 ）",2026-07-29,,編輯推薦,True,False,
2026-08-21 06:53:41,realtime,electronic,,,24,LouisSyntheticChen,Broken Things,1,47,0,https://streetvoice.com/LouisSyntheticChen/songs/872715/,https://streetvoice.com/LouisSyntheticChen/,"https://akstatic.streetvoice.com/song_covers/Lo/ui/LouisSyntheticChen/BHcgbuRRa8NxhjKjau9Avw.jpg?x-oss-process=image/resize,m_fixed,h_1,w_1,limit_0/resize,m_fixed,h_630,w_1200,limit_0/watermark,image_c29uZ19jb3ZlcnMvTG8vdWkvTG91aXNTeW50aGV0aWNDaGVuL0JIY2didVJSYThOeGhqS2phdTlBdncuanBnP3gtb3NzLXByb2Nlc3M9aW1hZ2UvcmVzaXplLG1fZml4ZWQsaF8zNDQsd18zNDQsbGltaXRfMA,g_nw,x_428,y_143/watermark,image_YXNzZXQvaW1hZ2VzL21ldGFpbWFnZS1zb25nLnBuZw,g_nw,x_0,y_0",images/872715.jpg,@LouisSyntheticChen,音樂人,宜蘭縣,2024-07-01,,19,20,11,,,https://www.youtube.com/user/StreetVoiceTV,,,Electronic,,,,"我的帝瓦雷泡到水壞掉了… 
我的帝瓦雷泡到水壞掉了…","這是沒有提供歌詞的歌曲
留言（ 0 ） 最相關留言 所有留言
留言（ 0 ）",2026-08-03,,,False,False,
2026-08-21 06:53:41,realtime,electronic,,,25,李紅 REDLEE,暗時九點半 9:30 After the Noise Remix,9,361,1,https://streetvoice.com/redleey_3/songs/871490/,https://streetvoice.com/redleey_3/,"https://akstatic.streetvoice.com/song_covers/re/dl/redleey_3/4aYqWKU3fmMGN2TB3c3mAs.jpeg?x-oss-process=image/resize,m_fixed,h_1,w_1,limit_0/resize,m_fixed,h_630,w_1200,limit_0/watermark,image_c29uZ19jb3ZlcnMvcmUvZGwvcmVkbGVleV8zLzRhWXFXS1UzZm1NR04yVEIzYzNtQXMuanBlZz94LW9zcy1wcm9jZXNzPWltYWdlL3Jlc2l6ZSxtX2ZpeGVkLGhfMzQ0LHdfMzQ0LGxpbWl0XzA,g_nw,x_428,y_143/watermark,image_YXNzZXQvaW1hZ2VzL21ldGFpbWFnZS1zb25nLnBuZw,g_nw,x_0,y_0",images/871490.jpeg,@redleey_3,音樂人,新北市,2019-07-01,2025-11-21 09:46,6,924,,,https://www.instagram.com/r3dl33y/,https://www.youtube.com/@r3dl33y,李紅最新EP《紅外線》 Jaygy、潘信維、黎煥元等人聯手打造「質感台饒」|||https://blow.streetvoice.com/74365/?utm_source=streetvoice&utm_medium=profile-news-block; 李紅邀李英宏擔任新專輯製作人 新歌〈假鬼假怪〉轉戰抖音|||https://blow.streetvoice.com/57830/?utm_source=streetvoice&utm_medium=profile-news-block; 8 Ball團員李紅新曲〈走投無路〉 獻給努力活著的人|||https://blow.streetvoice.com/46990/?utm_source=streetvoice&utm_medium=profile-news-block,,Electronic,,,林漢庭burgerlin,"Remix by 林漢庭 Burger Lin、李紅 REDLEE 
Remix by 林漢庭 Burger Lin、李紅 REDLEE","Hook 1 咱約在夜市啊 陪妳吃東西 吃了去海邊啊 反正我有開車 往基隆的方向走 開槓聽音樂 無知妳心內勒想啥 現在是暗時九點半 Verse 1 陪妳看妳袂去哪 陪妳咱四處拍像 我想到咱的未來以後在我的人生當中 但是總在意結果 感情我知無撇步 在出門前還在吵架中 抑找無方式互相 Pre Chorus 1 我願意為妳改變我 愛妳的心滿尬自己也嚇一跳 但妳的反應 無放心 懷疑 擔心 Hook 2 咱約在夜市啊 陪妳吃東西 吃了去海邊啊 反正我有開車 往基隆的方向走 開槓聽音樂 無知妳心內勒想啥 現在是暗時九點半 我們還不想回家 嘛無想袂下車 我知妳心內勒想啥 現在是暗時九點半 Verse 2 陪妳公家擔壓力 陪妳我全心全意 想到咱哪是結婚辦桌那一定很幸福 但是妳不夠相信 感情需要點耐性 希望咱已經想乎清楚 唔想袂再流浪 Pre Chorus 2 我願意為妳改變我 愛妳的心滿尬對方也嚇一跳 珍惜的愛情 最後妳決定 到這 Hook 3 咱約在夜市啊 陪妳吃東西 吃了去海邊啊 反正我有開車 往基隆的方向走 開槓聽音樂 無知妳心內勒想啥 現在是暗時九點半 我們還不想回家啊 嘛無想袂下車 我知妳心內勒想啥 現在是暗時九點半 Outro 1 我知道妳要走 但我真的說不出口 想過夢過 現在是暗時九點半 我期待妳回頭 但我真的說不出口 痛過想過 我想到早上九點鐘 
Hook 1 咱約在夜市啊 陪妳吃東西 吃了去海邊啊 反正我有開車 往基隆的方向走 開槓聽音樂 無知妳心內勒想啥 現在是暗時九點半 Verse 1 陪妳看妳袂去哪 陪妳咱四處拍像 我想到咱的未來以後在我的人生當中 但是總在意結果 感情我知無撇步 在出門前還在吵架中 抑找無方式互相 Pre Chorus 1 我願意為妳改變我 愛妳的心滿尬自己也嚇一跳 但妳的反應 無放心 懷疑 擔心 Hook 2 咱約在夜市啊 陪妳吃東西 吃了去海邊啊 反正我有開車 往基隆的方向走 開槓聽音樂 無知妳心內勒想啥 現在是暗時九點半 我們還不想回家 嘛無想袂下車 我知妳心內勒想啥 現在是暗時九點半 Verse 2 陪妳公家擔壓力 陪妳我全心全意 想到咱哪是結婚辦桌那一定很幸福 但是妳不夠相信 感情需要點耐性 希望咱已經想乎清楚 唔想袂再流浪 Pre Chorus 2 我願意為妳改變我 愛妳的心滿尬對方也嚇一跳 珍惜的愛情 最後妳決定 到這 Hook 3 咱約在夜市啊 陪妳吃東西 吃了去海邊啊 反正我有開車 往基隆的方向走 開槓聽音樂 無知妳心內勒想啥 現在是暗時九點半 我們還不想回家啊 嘛無想袂下車 我知妳心內勒想啥 現在是暗時九點半 Outro 1 我知道妳要走 但我真的說不出口 想過夢過 現在是暗時九點半 我期待妳回頭 但我真的說不出口 痛過想過 我想到早上九點鐘
留言（ 1 ） 最相關留言 所有留言
留言（ 1 ）",2026-07-28,,編輯推薦,True,False,
2026-08-21 06:53:41,realtime,electronic,,,26,Aiden Chen,Khìsinlóomiā,1,109,1,https://streetvoice.com/aiden_chen_/songs/871401/,https://streetvoice.com/aiden_chen_/,"https://akstatic.streetvoice.com/music_albums/ai/de/aiden_chen_/25siPxitjNKT6nfcHANLB8.jpeg?x-oss-process=image/resize,m_fixed,h_1,w_1,limit_0/resize,m_fixed,h_630,w_1200,limit_0/watermark,image_bXVzaWNfYWxidW1zL2FpL2RlL2FpZGVuX2NoZW5fLzI1c2lQeGl0ak5LVDZuZmNIQU5MQjguanBlZz94LW9zcy1wcm9jZXNzPWltYWdlL3Jlc2l6ZSxtX2ZpeGVkLGhfMzQ0LHdfMzQ0LGxpbWl0XzA,g_nw,x_428,y_143/watermark,image_YXNzZXQvaW1hZ2VzL21ldGFpbWFnZS1zb25nLnBuZw,g_nw,x_0,y_0",images/871401.jpeg,@aiden_chen_,音樂人,,,2026-04-10 10:26,16,122,7,,https://www.instagram.com/aiden_chen_/,https://www.youtube.com/user/StreetVoiceTV,北流「Open Lab人才培育計畫」五週年成果亮眼 媒合紙鳶登泰國音樂節|||https://blow.streetvoice.com/88857/?utm_source=streetvoice&utm_medium=profile-news-block; 第11屆H.O.T.原創音樂大賽決賽圓滿落幕 評審長E.SO瘦子讚：「像看了場精彩的演唱會。」|||https://blow.streetvoice.com/76950/?utm_source=streetvoice&utm_medium=profile-news-block,,Electronic,歹銅歹鐵,https://streetvoice.com/aiden_chen_/songs/album/97325727/,Shleryloyck,"Intro KSLM 氣身惱命 作詞 (Lyricist)： Aiden Chen 作曲 (Composer)：Aiden Chen, 林業洋 編曲 (Arranger)： 林業洋 混音 (Mixing Engineer)： 林業洋 母帶 (Mastering Engineer)： 林業洋 
Intro
KSLM 氣身惱命
作詞 (Lyricist)： Aiden Chen 作曲 (Composer)：Aiden Chen, 林業洋 編曲 (Arranger)： 林業洋 混音 (Mixing Engineer)： 林業洋 母帶 (Mastering Engineer)： 林業洋","囡仔人喔 有耳無喙啊 緊張 刺激 多謝 快樂 勞力 悲傷 風颱 變鬼變怪 車頭 覕相揣 時代咧變化 你這馬人佇佗位？ 我先來去矣喔 共我拆食落腹 古意人 歹人 我無要無緊 好人 變鬼變怪 氣身惱命 覕相揣 你是走去佗位？ 你毋著綴伊行 彼袂要緊啦 啊你毋就講話 ? 
囡仔人喔 有耳無喙啊 緊張 刺激 多謝 快樂 勞力 悲傷 風颱 變鬼變怪 車頭 覕相揣 時代咧變化 你這馬人佇佗位？ 我先來去矣喔 共我拆食落腹 古意人 歹人 我無要無緊 好人 變鬼變怪 氣身惱命
覕相揣 你是走去佗位？ 你毋著綴伊行 彼袂要緊啦 啊你毋就講話 ?
留言（ 1 ） 最相關留言 所有留言
留言（ 1 ）",2026-07-28,,編輯推薦,True,False,
2026-08-21 06:53:41,realtime,electronic,,,27,睿雞 RIKI,買泥應該ㄅ算亂花錢ㄅ,8,13592,0,https://streetvoice.com/changriki/songs/870853/,https://streetvoice.com/changriki/,"https://akstatic.streetvoice.com/song_covers/ch/an/changriki/j75QPrQaS8dc85AxUj66Bb.jpeg?x-oss-process=image/resize,m_fixed,h_1,w_1,limit_0/resize,m_fixed,h_630,w_1200,limit_0/watermark,image_c29uZ19jb3ZlcnMvY2gvYW4vY2hhbmdyaWtpL2o3NVFQclFhUzhkYzg1QXhVajY2QmIuanBlZz94LW9zcy1wcm9jZXNzPWltYWdlL3Jlc2l6ZSxtX2ZpeGVkLGhfMzQ0LHdfMzQ0LGxpbWl0XzA,g_nw,x_428,y_143/watermark,image_YXNzZXQvaW1hZ2VzL21ldGFpbWFnZS1zb25nLnBuZw,g_nw,x_0,y_0",images/870853.jpeg,@changriki,音樂人,新北市,2017-06-01,2021-09-01 16:19,20,663,88,https://www.facebook.com/RIKI-110277277099075/,https://www.instagram.com/changriki/,https://www.youtube.com/c/RIKIChang/,浮現祭重啟合輯企劃推出《為了未來的過去 拾伍載・時光膠囊》限量贈與前300名入場樂迷|||https://blow.streetvoice.com/86325/?utm_source=streetvoice&utm_medium=profile-news-block; 2026浮現祭演出名單、時間表全公開！匯集破百組海內外陣容刷新歷年紀錄|||https://blow.streetvoice.com/86176/?utm_source=streetvoice&utm_medium=profile-news-block,,Dance,,,,"這是一首遠距離想把自己買到對方身邊暈船的歌。 
這是一首遠距離想把自己買到對方身邊暈船的歌。","有一天 我就會買一天 不猶豫 遲疑就會不見 買一瓶紅酒買起司買太陽出現 買一整天的塞納河邊 我覺得買你應該不會被算是在亂花錢 買你的不快樂買你時間買你在我身邊 我是一個優良ㄉ買家會準時取件 拜託你賣給我一點 我會衝動性消費 拖著兩個箱子一個背包上火車 到達Gare du nord的時候就已經黑了 把我整個人都買到你的身邊 whatcha gonna do I just needed you 買一瓶紅酒買起司買太陽出現 買一整天的塞納河邊 我覺得買你應該不會被算是在亂花錢 買你的不快樂買你時間買你在我身邊 我是一個優良ㄉ買家會準時取件 拜託你賣給我一點 我會衝動性消費 買你應該不算 應該不算亂花錢 買你應該不算 應該不算亂花錢 我覺得買你應該不會被算是在亂花錢 買你的不快樂買你時間買你在我身邊 我是一個優良ㄉ買家會準時取件 拜託你賣給我一點 我會衝動性消費 
有一天 我就會買一天 不猶豫 遲疑就會不見 買一瓶紅酒買起司買太陽出現 買一整天的塞納河邊
我覺得買你應該不會被算是在亂花錢 買你的不快樂買你時間買你在我身邊 我是一個優良ㄉ買家會準時取件 拜託你賣給我一點 我會衝動性消費
拖著兩個箱子一個背包上火車 到達Gare du nord的時候就已經黑了 把我整個人都買到你的身邊 whatcha gonna do I just needed you 買一瓶紅酒買起司買太陽出現 買一整天的塞納河邊
我覺得買你應該不會被算是在亂花錢 買你的不快樂買你時間買你在我身邊 我是一個優良ㄉ買家會準時取件 拜託你賣給我一點 我會衝動性消費
買你應該不算 應該不算亂花錢 買你應該不算 應該不算亂花錢
我覺得買你應該不會被算是在亂花錢 買你的不快樂買你時間買你在我身邊 我是一個優良ㄉ買家會準時取件 拜託你賣給我一點 我會衝動性消費
留言（ 0 ） 最相關留言 所有留言
留言（ 0 ）",2026-07-24,,編輯推薦,True,False,
2026-08-21 06:53:41,realtime,electronic,,,28,都普勒浪潮 Waves of Doppler,SHANTY BAY,1,40,0,https://streetvoice.com/wavesdoppler/songs/871394/,https://streetvoice.com/wavesdoppler/,"https://akstatic.streetvoice.com/song_covers/wa/ve/wavesdoppler/RnrXDiLkioX8gnwYE4KodE.jpeg?x-oss-process=image/resize,m_fixed,h_1,w_1,limit_0/resize,m_fixed,h_630,w_1200,limit_0/watermark,image_c29uZ19jb3ZlcnMvd2EvdmUvd2F2ZXNkb3BwbGVyL1JuclhEaUxraW9YOGdud1lFNEtvZEUuanBlZz94LW9zcy1wcm9jZXNzPWltYWdlL3Jlc2l6ZSxtX2ZpeGVkLGhfMzQ0LHdfMzQ0LGxpbWl0XzA,g_nw,x_428,y_143/watermark,image_YXNzZXQvaW1hZ2VzL21ldGFpbWFnZS1zb25nLnBuZw,g_nw,x_0,y_0",images/871394.jpeg,@wavesdoppler,音樂人,,,,19,285,11,,,https://www.youtube.com/user/StreetVoiceTV,【StreetVoice新歌週報】忒修斯聯手許時攻下排行榜冠軍 安懂、熱寫生新歌收穫站友愛心|||https://blow.streetvoice.com/48634/?utm_source=streetvoice&utm_medium=profile-news-block; 【StreetVoice新歌週報】 July vol.5|||https://blow.streetvoice.com/40923/?utm_source=streetvoice&utm_medium=profile-news-block; 達人聽歌：王和平〈溫暖的存在〉黑暗實驗系的奇人|||https://blow.streetvoice.com/36480/?utm_source=streetvoice&utm_medium=profile-news-block,,Electronic,NOIR BLOOM - INITIATION,https://streetvoice.com/wavesdoppler/songs/album/97325777/,,,"這是沒有提供歌詞的歌曲
留言（ 0 ） 最相關留言 所有留言
留言（ 0 ）",2026-07-27,,編輯推薦,True,False,
2026-08-21 06:53:41,realtime,electronic,,,29,都普勒浪潮 Waves of Doppler,BACKSTREET,1,35,0,https://streetvoice.com/wavesdoppler/songs/871393/,https://streetvoice.com/wavesdoppler/,"https://akstatic.streetvoice.com/song_covers/wa/ve/wavesdoppler/QdZRa9Rd9HJmXmWuhTtB2v.jpeg?x-oss-process=image/resize,m_fixed,h_1,w_1,limit_0/resize,m_fixed,h_630,w_1200,limit_0/watermark,image_c29uZ19jb3ZlcnMvd2EvdmUvd2F2ZXNkb3BwbGVyL1FkWlJhOVJkOUhKbVhtV3VoVHRCMnYuanBlZz94LW9zcy1wcm9jZXNzPWltYWdlL3Jlc2l6ZSxtX2ZpeGVkLGhfMzQ0LHdfMzQ0LGxpbWl0XzA,g_nw,x_428,y_143/watermark,image_YXNzZXQvaW1hZ2VzL21ldGFpbWFnZS1zb25nLnBuZw,g_nw,x_0,y_0",images/871393.jpeg,@wavesdoppler,音樂人,,,,19,285,11,,,https://www.youtube.com/user/StreetVoiceTV,【StreetVoice新歌週報】忒修斯聯手許時攻下排行榜冠軍 安懂、熱寫生新歌收穫站友愛心|||https://blow.streetvoice.com/48634/?utm_source=streetvoice&utm_medium=profile-news-block; 【StreetVoice新歌週報】 July vol.5|||https://blow.streetvoice.com/40923/?utm_source=streetvoice&utm_medium=profile-news-block; 達人聽歌：王和平〈溫暖的存在〉黑暗實驗系的奇人|||https://blow.streetvoice.com/36480/?utm_source=streetvoice&utm_medium=profile-news-block,,Electronic,NOIR BLOOM - INITIATION,https://streetvoice.com/wavesdoppler/songs/album/97325777/,,,"這是沒有提供歌詞的歌曲
留言（ 0 ） 最相關留言 所有留言
留言（ 0 ）",2026-07-27,,編輯推薦,True,False,
2026-08-21 06:53:41,realtime,electronic,,,30,都普勒浪潮 Waves of Doppler,SHELTER,1,22,0,https://streetvoice.com/wavesdoppler/songs/871392/,https://streetvoice.com/wavesdoppler/,"https://akstatic.streetvoice.com/song_covers/wa/ve/wavesdoppler/MyuDCYz3r7xP9kNu3xYycs.jpeg?x-oss-process=image/resize,m_fixed,h_1,w_1,limit_0/resize,m_fixed,h_630,w_1200,limit_0/watermark,image_c29uZ19jb3ZlcnMvd2EvdmUvd2F2ZXNkb3BwbGVyL015dURDWXozcjd4UDlrTnUzeFl5Y3MuanBlZz94LW9zcy1wcm9jZXNzPWltYWdlL3Jlc2l6ZSxtX2ZpeGVkLGhfMzQ0LHdfMzQ0LGxpbWl0XzA,g_nw,x_428,y_143/watermark,image_YXNzZXQvaW1hZ2VzL21ldGFpbWFnZS1zb25nLnBuZw,g_nw,x_0,y_0",images/871392.jpeg,@wavesdoppler,音樂人,,,,19,285,11,,,https://www.youtube.com/user/StreetVoiceTV,【StreetVoice新歌週報】忒修斯聯手許時攻下排行榜冠軍 安懂、熱寫生新歌收穫站友愛心|||https://blow.streetvoice.com/48634/?utm_source=streetvoice&utm_medium=profile-news-block; 【StreetVoice新歌週報】 July vol.5|||https://blow.streetvoice.com/40923/?utm_source=streetvoice&utm_medium=profile-news-block; 達人聽歌：王和平〈溫暖的存在〉黑暗實驗系的奇人|||https://blow.streetvoice.com/36480/?utm_source=streetvoice&utm_medium=profile-news-block,,Electronic,NOIR BLOOM - INITIATION,https://streetvoice.com/wavesdoppler/songs/album/97325777/,,,"這是沒有提供歌詞的歌曲
留言（ 0 ） 最相關留言 所有留言
留言（ 0 ）",2026-07-27,,編輯推薦,True,False,
2026-08-21 06:53:41,realtime,electronic,,,31,都普勒浪潮 Waves of Doppler,ASSIGNMENT COMPLETE,1,52,0,https://streetvoice.com/wavesdoppler/songs/871391/,https://streetvoice.com/wavesdoppler/,"https://akstatic.streetvoice.com/song_covers/wa/ve/wavesdoppler/aktUN9irYMWv7XUwguGcDK.jpeg?x-oss-process=image/resize,m_fixed,h_1,w_1,limit_0/resize,m_fixed,h_630,w_1200,limit_0/watermark,image_c29uZ19jb3ZlcnMvd2EvdmUvd2F2ZXNkb3BwbGVyL2FrdFVOOWlyWU1XdjdYVXdndUdjREsuanBlZz94LW9zcy1wcm9jZXNzPWltYWdlL3Jlc2l6ZSxtX2ZpeGVkLGhfMzQ0LHdfMzQ0LGxpbWl0XzA,g_nw,x_428,y_143/watermark,image_YXNzZXQvaW1hZ2VzL21ldGFpbWFnZS1zb25nLnBuZw,g_nw,x_0,y_0",images/871391.jpeg,@wavesdoppler,音樂人,,,,19,285,11,,,https://www.youtube.com/user/StreetVoiceTV,【StreetVoice新歌週報】忒修斯聯手許時攻下排行榜冠軍 安懂、熱寫生新歌收穫站友愛心|||https://blow.streetvoice.com/48634/?utm_source=streetvoice&utm_medium=profile-news-block; 【StreetVoice新歌週報】 July vol.5|||https://blow.streetvoice.com/40923/?utm_source=streetvoice&utm_medium=profile-news-block; 達人聽歌：王和平〈溫暖的存在〉黑暗實驗系的奇人|||https://blow.streetvoice.com/36480/?utm_source=streetvoice&utm_medium=profile-news-block,,Electronic,NOIR BLOOM - INITIATION,https://streetvoice.com/wavesdoppler/songs/album/97325777/,,,"這是沒有提供歌詞的歌曲
留言（ 0 ） 最相關留言 所有留言
留言（ 0 ）",2026-07-27,,編輯推薦,True,False,
2026-08-21 06:53:41,realtime,electronic,,,32,都普勒浪潮 Waves of Doppler,RUSTED STEEL,0,8,0,https://streetvoice.com/wavesdoppler/songs/871390/,https://streetvoice.com/wavesdoppler/,"https://akstatic.streetvoice.com/song_covers/wa/ve/wavesdoppler/bE89X4QZsDPRvF7BL355hD.jpeg?x-oss-process=image/resize,m_fixed,h_1,w_1,limit_0/resize,m_fixed,h_630,w_1200,limit_0/watermark,image_c29uZ19jb3ZlcnMvd2EvdmUvd2F2ZXNkb3BwbGVyL2JFODlYNFFac0RQUnZGN0JMMzU1aEQuanBlZz94LW9zcy1wcm9jZXNzPWltYWdlL3Jlc2l6ZSxtX2ZpeGVkLGhfMzQ0LHdfMzQ0LGxpbWl0XzA,g_nw,x_428,y_143/watermark,image_YXNzZXQvaW1hZ2VzL21ldGFpbWFnZS1zb25nLnBuZw,g_nw,x_0,y_0",images/871390.jpeg,@wavesdoppler,音樂人,,,,19,285,11,,,https://www.youtube.com/user/StreetVoiceTV,【StreetVoice新歌週報】忒修斯聯手許時攻下排行榜冠軍 安懂、熱寫生新歌收穫站友愛心|||https://blow.streetvoice.com/48634/?utm_source=streetvoice&utm_medium=profile-news-block; 【StreetVoice新歌週報】 July vol.5|||https://blow.streetvoice.com/40923/?utm_source=streetvoice&utm_medium=profile-news-block; 達人聽歌：王和平〈溫暖的存在〉黑暗實驗系的奇人|||https://blow.streetvoice.com/36480/?utm_source=streetvoice&utm_medium=profile-news-block,,Electronic,NOIR BLOOM - INITIATION,https://streetvoice.com/wavesdoppler/songs/album/97325777/,,,"這是沒有提供歌詞的歌曲
留言（ 0 ） 最相關留言 所有留言
留言（ 0 ）",2026-07-27,,編輯推薦,True,False,
2026-08-21 06:53:41,realtime,electronic,,,33,K-Roww鴉,透明Demo,1,53,0,https://streetvoice.com/MonsterKenny/songs/870946/,https://streetvoice.com/MonsterKenny/,"https://akstatic.streetvoice.com/song_covers/Mo/ns/MonsterKenny/8j756LjhZBzcqgSHkHjRL3.jpeg?x-oss-process=image/resize,m_fixed,h_1,w_1,limit_0/resize,m_fixed,h_630,w_1200,limit_0/watermark,image_c29uZ19jb3ZlcnMvTW8vbnMvTW9uc3Rlcktlbm55LzhqNzU2TGpoWkJ6Y3FnU0hrSGpSTDMuanBlZz94LW9zcy1wcm9jZXNzPWltYWdlL3Jlc2l6ZSxtX2ZpeGVkLGhfMzQ0LHdfMzQ0LGxpbWl0XzA,g_nw,x_428,y_143/watermark,image_YXNzZXQvaW1hZ2VzL21ldGFpbWFnZS1zb25nLnBuZw,g_nw,x_0,y_0",images/870946.jpeg,@MonsterKenny,音樂人,高雄市,2017-12-01,,32,362,69,,https://www.instagram.com/k_roww_official/,https://www.youtube.com/user/StreetVoiceTV,滅火器揪獨立樂人為日本賑災募款 楊大正壓軸唱〈晚安台灣〉：祝日本能在這次天災中安然度過|||https://blow.streetvoice.com/71928/?utm_source=streetvoice&utm_medium=profile-news-block; 滅火器主揪、近30名音樂人響應！「為能登半島而唱」不插電音樂會1/16高流海邊的卡夫卡登場|||https://blow.streetvoice.com/71879/?utm_source=streetvoice&utm_medium=profile-news-block,,Electronic,一堆Demo,https://streetvoice.com/MonsterKenny/songs/album/97321304/,,,"無限透明的顏色 卻是不見邊的深 温暖也冰冷 熟悉卻陌生 無數夜晚和清晨 刀鋒吻過的傷痕 也沒那麼深 敲不開鎖的那道心門永遠都緊閉著 它永遠鎖著 永遠鎖著 藏在門後的是無數用力求救的靈魂 但他們笑著 那不是真的 演算而來的資訊 淹沒原生的記憶 當言語失能 當思緒失準 光速運轉的軌跡 留不下來的足跡 是種吸引力法則 隨機留下傷痕 迷惘的人漂流著 在混沌的河 找尋浮木載浮載沉 寂寞的人尋覓著 停靠的時刻隨時來臨的一瞬 無限擴張的裂痕 撕開空間的餘溫 零度的清澈 無聲的共振 無數凌晨和黃昏 把疼痛藏進體溫 沒有人過問 敲不開鎖的那道心門永遠都緊閉著 它永遠鎖著 永遠鎖著 藏在門後的是無數故作堅強的軀殼 但他們哭著 他們痛著 演算而來的資訊 淹沒原生的記憶 當言語失能 當思緒失準 光速運轉的軌跡 留不下來的足跡 是種吸引力法則 隨機留下傷痕 迷惘的人漂流著 在混沌的河 找尋浮木載浮載沉 寂寞的人尋覓著 停靠的時刻隨時來臨的一瞬 
無限透明的顏色 卻是不見邊的深 温暖也冰冷 熟悉卻陌生 無數夜晚和清晨 刀鋒吻過的傷痕 也沒那麼深
敲不開鎖的那道心門永遠都緊閉著 它永遠鎖著 永遠鎖著 藏在門後的是無數用力求救的靈魂 但他們笑著 那不是真的
演算而來的資訊 淹沒原生的記憶 當言語失能 當思緒失準 光速運轉的軌跡 留不下來的足跡 是種吸引力法則 隨機留下傷痕 迷惘的人漂流著 在混沌的河 找尋浮木載浮載沉 寂寞的人尋覓著 停靠的時刻隨時來臨的一瞬
無限擴張的裂痕 撕開空間的餘溫 零度的清澈 無聲的共振 無數凌晨和黃昏 把疼痛藏進體溫 沒有人過問
敲不開鎖的那道心門永遠都緊閉著 它永遠鎖著 永遠鎖著 藏在門後的是無數故作堅強的軀殼 但他們哭著 他們痛著
演算而來的資訊 淹沒原生的記憶 當言語失能 當思緒失準 光速運轉的軌跡 留不下來的足跡 是種吸引力法則 隨機留下傷痕 迷惘的人漂流著 在混沌的河 找尋浮木載浮載沉 寂寞的人尋覓著 停靠的時刻隨時來臨的一瞬
留言（ 0 ） 最相關留言 所有留言
留言（ 0 ）",2026-07-24,,編輯推薦,True,False,
2026-08-21 06:53:41,realtime,electronic,,,34,Monitor Center,WHISKY - ROOM JUMP,0,33,0,https://streetvoice.com/Monitorcenter404/songs/870772/,https://streetvoice.com/Monitorcenter404/,"https://akstatic.streetvoice.com/music_albums/Mo/ni/Monitorcenter404/FVcxywvEDiTEwe67KKUNJ8.jpeg?x-oss-process=image/resize,m_fixed,h_1,w_1,limit_0/resize,m_fixed,h_630,w_1200,limit_0/watermark,image_bXVzaWNfYWxidW1zL01vL25pL01vbml0b3JjZW50ZXI0MDQvRlZjeHl3dkVEaVRFd2U2N0tLVU5KOC5qcGVnP3gtb3NzLXByb2Nlc3M9aW1hZ2UvcmVzaXplLG1fZml4ZWQsaF8zNDQsd18zNDQsbGltaXRfMA,g_nw,x_428,y_143/watermark,image_YXNzZXQvaW1hZ2VzL21ldGFpbWFnZS1zb25nLnBuZw,g_nw,x_0,y_0",images/870772.jpeg,@Monitorcenter404,音樂人,台北市,2024-10-01,,54,10,,,,https://www.youtube.com/user/StreetVoiceTV,以巴戰火下，來自台灣電子音樂社群的和平之聲|||https://blow.streetvoice.com/71537/?utm_source=streetvoice&utm_medium=profile-news-block; 【吹專訪】三年的低潮與自我重建——海豚刑警談《羽球大報社》：像〈安平之光〉那種東西我可能再也寫不出來了。|||https://blow.streetvoice.com/63683/?utm_source=streetvoice&utm_medium=profile-news-block; 【吹專訪】不只是迷幻。一趟以反烏托邦作為起點的音樂征途：布萊梅談《Taured陶樂德》|||https://blow.streetvoice.com/61768/?utm_source=streetvoice&utm_medium=profile-news-block,,Electronic,NASA WHISKY - NASA WHISKY TOUR (DEMO),https://streetvoice.com/Monitorcenter404/songs/album/97325749/,,,"這是沒有提供歌詞的歌曲
留言（ 0 ） 最相關留言 所有留言
留言（ 0 ）",2026-07-24,,編輯推薦,True,False,
2026-08-21 06:53:41,realtime,electronic,,,35,李敏哲,Campfire Encounter,8,393,7,https://streetvoice.com/minzer_c_lee/songs/870966/,https://streetvoice.com/minzer_c_lee/,"https://akstatic.streetvoice.com/song_covers/mi/nz/minzer_c_lee/5emUCTnYnvmpKHG2N6fJaj.jpeg?x-oss-process=image/resize,m_fixed,h_1,w_1,limit_0/resize,m_fixed,h_630,w_1200,limit_0/watermark,image_c29uZ19jb3ZlcnMvbWkvbnovbWluemVyX2NfbGVlLzVlbVVDVG5ZbnZtcEtIRzJONmZKYWouanBlZz94LW9zcy1wcm9jZXNzPWltYWdlL3Jlc2l6ZSxtX2ZpeGVkLGhfMzQ0LHdfMzQ0LGxpbWl0XzA,g_nw,x_428,y_143/watermark,image_YXNzZXQvaW1hZ2VzL21ldGFpbWFnZS1zb25nLnBuZw,g_nw,x_0,y_0",images/870966.jpeg,@minzer_c_lee,音樂人,,,,6,11,15,,,https://www.youtube.com/user/StreetVoiceTV,,,Dance,,,,"獨自一人在營地裡，喝著加了威士忌、配烤棉花糖的熱可可。 柴火對面，出現一個輪廓很深的人影。那一刻，我的心跳掉了四分之三拍。 我拿起酒瓶和鋼杯致意。 他笑了。 音樂上，故事開始。 By morning, he declined the featured-artist credit. 
獨自一人在營地裡，喝著加了威士忌、配烤棉花糖的熱可可。
柴火對面，出現一個輪廓很深的人影。那一刻，我的心跳掉了四分之三拍。
我拿起酒瓶和鋼杯致意。
他笑了。
音樂上，故事開始。
By morning, he declined the featured-artist credit.","這是沒有提供歌詞的歌曲
留言（ 7 ） 最相關留言 所有留言
留言（ 7 ）",2026-07-24,,AI 協作 Dance,False,False,
2026-08-21 06:53:41,realtime,electronic,,,36,原子邦妮 Astro Bunny,如果我有勇氣失去你,2018,84056,24,https://streetvoice.com/zhcband/songs/674833/,https://streetvoice.com/zhcband/,"https://akstatic.streetvoice.com/song_covers/zh/cb/zhcband/bh7tCQZbSwcELJrXxpdAAi.jpg?x-oss-process=image/resize,m_fixed,h_1,w_1,limit_0/resize,m_fixed,h_630,w_1200,limit_0/watermark,image_c29uZ19jb3ZlcnMvemgvY2IvemhjYmFuZC9iaDd0Q1FaYlN3Y0VMSnJYeHBkQUFpLmpwZz94LW9zcy1wcm9jZXNzPWltYWdlL3Jlc2l6ZSxtX2ZpeGVkLGhfMzQ0LHdfMzQ0LGxpbWl0XzA,g_nw,x_428,y_143/watermark,image_YXNzZXQvaW1hZ2VzL21ldGFpbWFnZS1zb25nLnBuZw,g_nw,x_0,y_0",images/674833.jpg,@zhcband,音樂人,台北市,2010-11-01,,6,5472,,,,https://www.youtube.com/user/StreetVoiceTV,原子邦妮新單曲〈深夜情歌〉拍攝MV時將錄音室「秘密武器」模組化合成器請出場|||https://blow.streetvoice.com/69794/?utm_source=streetvoice&utm_medium=profile-news-block; 「那些以愛之名的關心，讓你無法做自己」原子邦妮釋出加盟華納後首張新作《無情怪物》|||https://blow.streetvoice.com/64709/?utm_source=streetvoice&utm_medium=profile-news-block; 【週五看MV】赤楊換湯不換藥 原子邦妮情歌連發再度催淚|||https://blow.streetvoice.com/43379/?utm_source=streetvoice&utm_medium=profile-news-block,,Electronic,2021 DEMO,https://streetvoice.com/zhcband/songs/album/97317318/,,"失去了勇氣 就停下來好好療傷 不需要再勇敢的為誰滿身傷痕 因為就算失去了世界 也不能遺失自己 相信會有一天 逝去的勇氣 會再因為一段值得的相遇而湧現 無畏地重新出發。 MV https://www.youtube.com/watch?v=yR6uWPvXxGM 
失去了勇氣 就停下來好好療傷 不需要再勇敢的為誰滿身傷痕
因為就算失去了世界 也不能遺失自己
相信會有一天 逝去的勇氣 會再因為一段值得的相遇而湧現 無畏地重新出發。
MV https://www.youtube.com/watch?v=yR6uWPvXxGM
https://www.youtube.com/watch?v=yR6uWPvXxGM","你 在這裏 可你已不再是你 什麼道理 而我 失去力氣 只想要徹底麻痺 睡了又醒 我們沒有哭紅了眼睛 決定把美好的都丟棄 如果我有勇氣失去你 能否找到新的意義 一切都比想像中冷靜 重要的東西埋在心底 以為有天會重新拾起 走太遠早已回不去 你 在哭泣 我已什麼都給你 可不可以 你聽 那個聲音 是我在說我愛你 你不在意 已回不去 已不在意 
你 在這裏 可你已不再是你 什麼道理
而我 失去力氣 只想要徹底麻痺 睡了又醒
我們沒有哭紅了眼睛 決定把美好的都丟棄 如果我有勇氣失去你 能否找到新的意義 一切都比想像中冷靜 重要的東西埋在心底 以為有天會重新拾起 走太遠早已回不去
你 在哭泣 我已什麼都給你 可不可以
你聽 那個聲音 是我在說我愛你 你不在意
已回不去 已不在意
留言（ 24 ） 最相關留言 所有留言
留言（ 24 ）",2022-03-01,,Song of the Day; 週排行冠軍歌曲; 編輯推薦,True,True,
2026-08-21 06:53:41,realtime,electronic,,,37,B E N N,Escape,2,32,3,https://streetvoice.com/bedoublensound/songs/869810/,https://streetvoice.com/bedoublensound/,"https://akstatic.streetvoice.com/song_covers/be/do/bedoublensound/JMteGeHqvpL3bBsfTURR8e.jpeg?x-oss-process=image/resize,m_fixed,h_1,w_1,limit_0/resize,m_fixed,h_630,w_1200,limit_0/watermark,image_c29uZ19jb3ZlcnMvYmUvZG8vYmVkb3VibGVuc291bmQvSk10ZUdlSHF2cEwzYkJzZlRVUlI4ZS5qcGVnP3gtb3NzLXByb2Nlc3M9aW1hZ2UvcmVzaXplLG1fZml4ZWQsaF8zNDQsd18zNDQsbGltaXRfMA,g_nw,x_428,y_143/watermark,image_YXNzZXQvaW1hZ2VzL21ldGFpbWFnZS1zb25nLnBuZw,g_nw,x_0,y_0",images/869810.jpeg,@bedoublensound,音樂人,台北市,2014-01-01,2025-08-26 12:27,3,15,1,https://www.facebook.com/bedoublensound,https://www.instagram.com/bnnwx7_tw/,https://www.youtube.com/@benn1662,以數位聲響重構道家宇宙觀 電子音樂製作人B E N N新專輯《Chaos and Order》|||https://blow.streetvoice.com/85644/?utm_source=streetvoice&utm_medium=profile-news-block; 【吹對談】痛苦不是創作的必需品——饒舌歌手Vuize王鍾惟⇋電子音樂製作人B E N N|||https://blow.streetvoice.com/82493/?utm_source=streetvoice&utm_medium=profile-news-block; 英系舞曲製作人B E N N 下週受邀於ROOM by Le Kief線上演出|||https://blow.streetvoice.com/61136/?utm_source=streetvoice&utm_medium=profile-news-block,,Electronic,https://floukarecords.bandcamp.com/album/escape-ep,https://floukarecords.bandcamp.com/album/escape-ep,,"攜手法國巴黎獨立音樂廠牌 Flouka Records，全新同名 EP 核心主打單曲〈Escape〉正式釋出！〈Escape〉大膽模糊了實驗低音（Leftfield Bass）、前衛舞曲（Club Music）與 Latin-inspired 的律動邊界。B E N N 以一貫精緻、銳利且充滿顆粒感的數位聲響設計，鋪墊出壓迫感十足卻又極具爆發力的低頻氣場，並由知名約旦前衛電子音樂人 Toumba 親自操刀母帶後期製作，完美將冰冷的低音重擊轉化為舞池中的原始能量。 All originals are produced & mixed by B E N N All tracks are mastered by Toumba Bandcamp: https://floukarecords.bandcamp.com/album/escape-ep 
攜手法國巴黎獨立音樂廠牌 Flouka Records，全新同名 EP 核心主打單曲〈Escape〉正式釋出！〈Escape〉大膽模糊了實驗低音（Leftfield Bass）、前衛舞曲（Club Music）與 Latin-inspired 的律動邊界。B E N N 以一貫精緻、銳利且充滿顆粒感的數位聲響設計，鋪墊出壓迫感十足卻又極具爆發力的低頻氣場，並由知名約旦前衛電子音樂人 Toumba 親自操刀母帶後期製作，完美將冰冷的低音重擊轉化為舞池中的原始能量。
All originals are produced & mixed by B E N N All tracks are mastered by Toumba
Bandcamp: https://floukarecords.bandcamp.com/album/escape-ep
https://floukarecords.bandcamp.com/album/escape-ep","這是沒有提供歌詞的歌曲
留言（ 3 ） 最相關留言 所有留言
留言（ 3 ）",2026-07-16,,編輯推薦,True,False,
2026-08-21 06:53:41,realtime,electronic,,,38,ALIENA,love and death from above,2,54,0,https://streetvoice.com/Ryuca/songs/869675/,https://streetvoice.com/Ryuca/,"https://akstatic.streetvoice.com/song_covers/g_/ry/g_ryuca/SD7PFHhriEpFzi4TdGDbQt.jpeg?x-oss-process=image/resize,m_fixed,h_1,w_1,limit_0/resize,m_fixed,h_630,w_1200,limit_0/watermark,image_c29uZ19jb3ZlcnMvZ18vcnkvZ19yeXVjYS9TRDdQRkhocmlFcEZ6aTRUZEdEYlF0LmpwZWc_eC1vc3MtcHJvY2Vzcz1pbWFnZS9yZXNpemUsbV9maXhlZCxoXzM0NCx3XzM0NCxsaW1pdF8w,g_nw,x_428,y_143/watermark,image_YXNzZXQvaW1hZ2VzL21ldGFpbWFnZS1zb25nLnBuZw,g_nw,x_0,y_0",images/869675.jpeg,@Ryuca,音樂人,日本,2026-07-01,,2,3,11,,,https://www.youtube.com/user/StreetVoiceTV,暴行終止9/30推出新專輯《XIX》 單曲〈XIX〉MV奪倫敦國際錄影帶大獎|||https://blow.streetvoice.com/56626/?utm_source=streetvoice&utm_medium=profile-news-block; 台中樂手籃球隊創辦 第一屆陽光巨人音樂祭周末熱鬧展開|||https://blow.streetvoice.com/22165/?utm_source=streetvoice&utm_medium=profile-news-block,,Electronic,a room after the grid,https://streetvoice.com/Ryuca/songs/album/97325703/,,,"Blue ivy vines surround my brain Red slimy wine reminds me of old pain Get the papers Who’s to blame? Purple haze makes you ill Stop smoking around me Crazy neighbor might be there Be safe, Go buy a gun There’s no escape A race gone insane You can only sleep But brother, It’s out of control A forbidden love A death from above Through the vein Brother, I’ve lost control 
Blue ivy vines surround my brain
Red slimy wine reminds me of old pain
Get the papers Who’s to blame?
Purple haze makes you ill Stop smoking around me
Crazy neighbor might be there Be safe, Go buy a gun
There’s no escape A race gone insane You can only sleep But brother, It’s out of control
A forbidden love A death from above
Through the vein Brother, I’ve lost control
留言（ 0 ） 最相關留言 所有留言
留言（ 0 ）",2026-07-16,,編輯推薦,True,False,
2026-08-21 06:53:41,realtime,electronic,,,39,ALIENA,inconsolable,2,55,0,https://streetvoice.com/Ryuca/songs/869674/,https://streetvoice.com/Ryuca/,"https://akstatic.streetvoice.com/song_covers/g_/ry/g_ryuca/8YJC8AZEZfUoq8ziU9Q7KF.jpeg?x-oss-process=image/resize,m_fixed,h_1,w_1,limit_0/resize,m_fixed,h_630,w_1200,limit_0/watermark,image_c29uZ19jb3ZlcnMvZ18vcnkvZ19yeXVjYS84WUpDOEFaRVpmVW9xOHppVTlRN0tGLmpwZWc_eC1vc3MtcHJvY2Vzcz1pbWFnZS9yZXNpemUsbV9maXhlZCxoXzM0NCx3XzM0NCxsaW1pdF8w,g_nw,x_428,y_143/watermark,image_YXNzZXQvaW1hZ2VzL21ldGFpbWFnZS1zb25nLnBuZw,g_nw,x_0,y_0",images/869674.jpeg,@Ryuca,音樂人,日本,2026-07-01,,2,3,11,,,https://www.youtube.com/user/StreetVoiceTV,暴行終止9/30推出新專輯《XIX》 單曲〈XIX〉MV奪倫敦國際錄影帶大獎|||https://blow.streetvoice.com/56626/?utm_source=streetvoice&utm_medium=profile-news-block; 台中樂手籃球隊創辦 第一屆陽光巨人音樂祭周末熱鬧展開|||https://blow.streetvoice.com/22165/?utm_source=streetvoice&utm_medium=profile-news-block,,Electronic,a room after the grid,https://streetvoice.com/Ryuca/songs/album/97325703/,,,"這是沒有提供歌詞的歌曲
留言（ 0 ） 最相關留言 所有留言
留言（ 0 ）",2026-07-16,,編輯推薦,True,False,
2026-08-21 06:53:41,realtime,electronic,,,40,超音界,時間,2,51,1,https://streetvoice.com/supertomicsound/songs/869668/,https://streetvoice.com/supertomicsound/,"https://akstatic.streetvoice.com/song_covers/su/pe/supertomicsound/9W3ZnJVuzNjMuHnZV5Syh2.jpeg?x-oss-process=image/resize,m_fixed,h_1,w_1,limit_0/resize,m_fixed,h_630,w_1200,limit_0/watermark,image_c29uZ19jb3ZlcnMvc3UvcGUvc3VwZXJ0b21pY3NvdW5kLzlXM1puSlZ1ek5qTXVIblpWNVN5aDIuanBlZz94LW9zcy1wcm9jZXNzPWltYWdlL3Jlc2l6ZSxtX2ZpeGVkLGhfMzQ0LHdfMzQ0LGxpbWl0XzA,g_nw,x_428,y_143/watermark,image_YXNzZXQvaW1hZ2VzL21ldGFpbWFnZS1zb25nLnBuZw,g_nw,x_0,y_0",images/869668.jpeg,@supertomicsound,音樂人,台北市,2017-02-01,,10,38,8,,,https://youtu.be/QANmVZ73xt8,受疫情影響 2020浮現祭宣布延期舉辦|||https://blow.streetvoice.com/49061/?utm_source=streetvoice&utm_medium=profile-news-block,,Electronic,存在主義,https://streetvoice.com/supertomicsound/songs/album/97324671/,,"〈時間〉 時間沒有起點，也沒有終點。 它帶來回憶，也帶走傷痕；它創造新的相遇，也悄悄改變每一個人。 《時間》寫的不只是歲月流逝，而是每個人在生命長河裡，如何面對選擇、失去、成長與告別。 我們無法讓時間倒流，卻能決定在有限的生命裡，成為什麼樣的人。 當一切終將流向永恆， 唯一留下的， 就是我們曾經走過的每一刻。 
〈時間〉
時間沒有起點，也沒有終點。
它帶來回憶，也帶走傷痕；它創造新的相遇，也悄悄改變每一個人。
《時間》寫的不只是歲月流逝，而是每個人在生命長河裡，如何面對選擇、失去、成長與告別。
我們無法讓時間倒流，卻能決定在有限的生命裡，成為什麼樣的人。
當一切終將流向永恆， 唯一留下的， 就是我們曾經走過的每一刻。","動態歌詞
時間 作曲 : 傅超華 作詞：席柏林 / 夏琳恩 / 許恰吉 時間代表著一種永恆 No end and no beginning 時間帶來所有的記憶 No matter good or bad 時間沖淡所有的傷痛 No matter how much it hurts 時間考驗所有的真理 No matter how long it’s gonna take 時間讓生命美好 時間讓人變蒼老 時間創造新感受 時間是無情殺手 時間它不會從頭 你想選擇怎樣走 炫影七彩的泡沫 枷鎖幻滅或參透 我將隨時間河流 流向瞬間的永恆 Time will go on forever Time brings all of our memories Time will hill And time will tell the truth It makes your life better And makes you grow And it brings all of you And in the end Time kills you too 滴滴答滴 滴滴答滴 No end and no beginning 滴滴答滴 滴滴答滴 No matter good or bad 滴滴答滴 滴滴答滴 No matter how much it hurts 滴滴答滴 滴滴答滴 No matter how long it’s gonna take 
時間 作曲 : 傅超華 作詞：席柏林 / 夏琳恩 / 許恰吉 時間代表著一種永恆 No end and no beginning 時間帶來所有的記憶 No matter good or bad 時間沖淡所有的傷痛 No matter how much it hurts 時間考驗所有的真理 No matter how long it’s gonna take 時間讓生命美好 時間讓人變蒼老 時間創造新感受 時間是無情殺手 時間它不會從頭 你想選擇怎樣走 炫影七彩的泡沫 枷鎖幻滅或參透 我將隨時間河流 流向瞬間的永恆 Time will go on forever Time brings all of our memories Time will hill And time will tell the truth It makes your life better And makes you grow And it brings all of you And in the end Time kills you too 滴滴答滴 滴滴答滴 No end and no beginning 滴滴答滴 滴滴答滴 No matter good or bad 滴滴答滴 滴滴答滴 No matter how much it hurts 滴滴答滴 滴滴答滴 No matter how long it’s gonna take
留言（ 1 ） 最相關留言 所有留言
留言（ 1 ）",2026-07-15,,編輯推薦,True,False,
2026-08-21 06:53:41,realtime,electronic,,,41,超音界,Ready to go,2,43,1,https://streetvoice.com/supertomicsound/songs/869665/,https://streetvoice.com/supertomicsound/,"https://akstatic.streetvoice.com/song_covers/su/pe/supertomicsound/9W3ZnJVuzNjMuHnZV5Syh2.jpeg?x-oss-process=image/resize,m_fixed,h_1,w_1,limit_0/resize,m_fixed,h_630,w_1200,limit_0/watermark,image_c29uZ19jb3ZlcnMvc3UvcGUvc3VwZXJ0b21pY3NvdW5kLzlXM1puSlZ1ek5qTXVIblpWNVN5aDIuanBlZz94LW9zcy1wcm9jZXNzPWltYWdlL3Jlc2l6ZSxtX2ZpeGVkLGhfMzQ0LHdfMzQ0LGxpbWl0XzA,g_nw,x_428,y_143/watermark,image_YXNzZXQvaW1hZ2VzL21ldGFpbWFnZS1zb25nLnBuZw,g_nw,x_0,y_0",images/869665.jpeg,@supertomicsound,音樂人,台北市,2017-02-01,,10,38,8,,,https://youtu.be/QANmVZ73xt8,受疫情影響 2020浮現祭宣布延期舉辦|||https://blow.streetvoice.com/49061/?utm_source=streetvoice&utm_medium=profile-news-block,,Electronic,存在主義,https://streetvoice.com/supertomicsound/songs/album/97324671/,,"〈Ready to go〉 當世界失去所有預設的答案， 唯一剩下的，就是自己的選擇。 《Ready to Go》不是逃離現實， 而是在混亂與未知之中， 重新定義存在的意義。 沒有神話、沒有英雄、沒有命運安排， 只有一個人， 帶著清醒的意識， 跨越恐懼、時間與迷霧， 朝真正屬於自己的未來前進。 Every journey begins with a choice. Are you ready to go? 
〈Ready to go〉
當世界失去所有預設的答案， 唯一剩下的，就是自己的選擇。
《Ready to Go》不是逃離現實， 而是在混亂與未知之中， 重新定義存在的意義。
沒有神話、沒有英雄、沒有命運安排， 只有一個人， 帶著清醒的意識， 跨越恐懼、時間與迷霧， 朝真正屬於自己的未來前進。
Every journey begins with a choice. Are you ready to go?","動態歌詞
Ready to go Song : Tomi Fu Lyric : Dusa Naga Long nights decay. Slumber awake Without a voice Without a god to pray Open your eyes Look deep inside Past await to be defined Onward from the dawn of mind So who am I ? Meanings of life In search of why Nothing matters you've realized You're free from time As humankind Feel your soul this wide awake March beyond these mystic haze Go... To wherever you desire A universe that no one would live in disguise So go... For reasons you've decided Right there all along It is all yours That you could die for Long nights decay Slumber awake Without a voice Without a god to pray You're free from time As humankind Feel your soul this wide awake March beyond these mystic haze Go... To wherever you desire A universe that no one would live in disguise So go... For reasons you've decided Right there all along It is all yours That you could die for That you could die for Go... To wherever you desire A universe that no one would live in disguise So go... For reasons you've decided Right there all along It is all yours That you could die for That you could die for Oh~ 
Ready to go Song : Tomi Fu Lyric : Dusa Naga Long nights decay. Slumber awake Without a voice Without a god to pray Open your eyes Look deep inside Past await to be defined Onward from the dawn of mind So who am I ? Meanings of life In search of why Nothing matters you've realized You're free from time As humankind Feel your soul this wide awake March beyond these mystic haze Go... To wherever you desire A universe that no one would live in disguise So go... For reasons you've decided Right there all along It is all yours That you could die for Long nights decay Slumber awake Without a voice Without a god to pray You're free from time As humankind Feel your soul this wide awake March beyond these mystic haze Go... To wherever you desire A universe that no one would live in disguise So go... For reasons you've decided Right there all along It is all yours That you could die for That you could die for Go... To wherever you desire A universe that no one would live in disguise So go... For reasons you've decided Right there all along It is all yours That you could die for That you could die for Oh~
留言（ 1 ） 最相關留言 所有留言
留言（ 1 ）",2026-07-15,,編輯推薦,True,False,
2026-08-21 06:53:41,realtime,electronic,,,42,超音界,Gotham,3,46,1,https://streetvoice.com/supertomicsound/songs/869661/,https://streetvoice.com/supertomicsound/,"https://akstatic.streetvoice.com/song_covers/su/pe/supertomicsound/9W3ZnJVuzNjMuHnZV5Syh2.jpeg?x-oss-process=image/resize,m_fixed,h_1,w_1,limit_0/resize,m_fixed,h_630,w_1200,limit_0/watermark,image_c29uZ19jb3ZlcnMvc3UvcGUvc3VwZXJ0b21pY3NvdW5kLzlXM1puSlZ1ek5qTXVIblpWNVN5aDIuanBlZz94LW9zcy1wcm9jZXNzPWltYWdlL3Jlc2l6ZSxtX2ZpeGVkLGhfMzQ0LHdfMzQ0LGxpbWl0XzA,g_nw,x_428,y_143/watermark,image_YXNzZXQvaW1hZ2VzL21ldGFpbWFnZS1zb25nLnBuZw,g_nw,x_0,y_0",images/869661.jpeg,@supertomicsound,音樂人,台北市,2017-02-01,,10,38,8,,,https://youtu.be/QANmVZ73xt8,受疫情影響 2020浮現祭宣布延期舉辦|||https://blow.streetvoice.com/49061/?utm_source=streetvoice&utm_medium=profile-news-block,,Electronic,存在主義,https://streetvoice.com/supertomicsound/songs/album/97324671/,,"〈Gotham〉 Gotham，不只是一座城市，而是一種時代。 當病毒、醜聞與罪惡吞噬秩序，當恐懼與冷漠成為日常，每個人都彷彿活在一場醒不來的噩夢裡。想逃避、想遠離、想放棄，因為這似乎是一個再也沒有英雄的年代。 直到他走上街頭，在滿城混亂之中，看見黑暗裡那一道微弱卻堅定的光。久違的信號再次亮起，沉睡已久的意志重新燃燒。 《Gotham》不是關於拯救世界，而是當世界逐漸失去希望時，仍選擇不放棄自己。 別再躲。永不後退。 
〈Gotham〉
Gotham，不只是一座城市，而是一種時代。
當病毒、醜聞與罪惡吞噬秩序，當恐懼與冷漠成為日常，每個人都彷彿活在一場醒不來的噩夢裡。想逃避、想遠離、想放棄，因為這似乎是一個再也沒有英雄的年代。
直到他走上街頭，在滿城混亂之中，看見黑暗裡那一道微弱卻堅定的光。久違的信號再次亮起，沉睡已久的意志重新燃燒。
《Gotham》不是關於拯救世界，而是當世界逐漸失去希望時，仍選擇不放棄自己。
別再躲。永不後退。","動態歌詞
Gotham 曲：傅超華 詞：舒展超 / 許恰吉 夜深人靜 這路上 只有我 是否寂寞 沒有想過 不眠不休 不停下 不錯過 每一個角落 我都探索 匆匆而過 像一隻燈蛾撲火 擦身而過 是無數過去的我 一閃而過 微弱的聲音叫我 別再躲 Gotham的街道 獨自來回 不需要知道 我是誰 蝙蝠的信號 照亮黑夜 Again Again 無限的軌道 不斷輪迴 光明與黑暗 我是誰 唯一的信念 不顧一切 No way No way 絕不後退 過去現在 或未來有幾多 亂世風波 沒法靜坐 這晚獨自 在漫遊 卻不可 超越那封鎖 避世避禍 匆匆去躲 卻聽到心裏的歌 街燈似火 有否照到每一角 不知結果 卻總會找到方向 別再躲 Gotham的街道 獨自來回 不需要知道 我是誰 蝙蝠的信號 照亮黑夜 Again Again 無限的軌道 不斷輪迴 光明與黑暗 我是誰 唯一的信念 不顧一切 No way No way 絕不後退 絕不後退 蝙蝠信號 照亮黑夜 唯一信念 不顧一切 蝙蝠信號 照亮黑夜 唯一信念 不顧一切 蝙蝠信號 照亮黑夜 唯一信念 不顧一切 蝙蝠信號 照亮黑夜 唯一信念 不顧一切 
Gotham 曲：傅超華 詞：舒展超 / 許恰吉 夜深人靜 這路上 只有我 是否寂寞 沒有想過 不眠不休 不停下 不錯過 每一個角落 我都探索 匆匆而過 像一隻燈蛾撲火 擦身而過 是無數過去的我 一閃而過 微弱的聲音叫我 別再躲 Gotham的街道 獨自來回 不需要知道 我是誰 蝙蝠的信號 照亮黑夜 Again Again 無限的軌道 不斷輪迴 光明與黑暗 我是誰 唯一的信念 不顧一切 No way No way 絕不後退 過去現在 或未來有幾多 亂世風波 沒法靜坐 這晚獨自 在漫遊 卻不可 超越那封鎖 避世避禍 匆匆去躲 卻聽到心裏的歌 街燈似火 有否照到每一角 不知結果 卻總會找到方向 別再躲 Gotham的街道 獨自來回 不需要知道 我是誰 蝙蝠的信號 照亮黑夜 Again Again 無限的軌道 不斷輪迴 光明與黑暗 我是誰 唯一的信念 不顧一切 No way No way 絕不後退 絕不後退 蝙蝠信號 照亮黑夜 唯一信念 不顧一切 蝙蝠信號 照亮黑夜 唯一信念 不顧一切 蝙蝠信號 照亮黑夜 唯一信念 不顧一切 蝙蝠信號 照亮黑夜 唯一信念 不顧一切
留言（ 1 ） 最相關留言 所有留言
留言（ 1 ）",2026-07-15,,編輯推薦,True,False,
2026-08-21 06:53:41,realtime,electronic,,,43,告五人 Accusefive,帶我去找夜生活 純 demo,4402,165384,200,https://streetvoice.com/accusefive/songs/603172/,https://streetvoice.com/accusefive/,"https://akstatic.streetvoice.com/song_covers/ac/cu/accusefive/Xe9LYUdiMNvnqfssWnV67N.jpg?x-oss-process=image/resize,m_fixed,h_1,w_1,limit_0/resize,m_fixed,h_630,w_1200,limit_0/watermark,image_c29uZ19jb3ZlcnMvYWMvY3UvYWNjdXNlZml2ZS9YZTlMWVVkaU1Odm5xZnNzV25WNjdOLmpwZz94LW9zcy1wcm9jZXNzPWltYWdlL3Jlc2l6ZSxtX2ZpeGVkLGhfMzQ0LHdfMzQ0LGxpbWl0XzA,g_nw,x_428,y_143/watermark,image_YXNzZXQvaW1hZ2VzL21ldGFpbWFnZS1zb25nLnBuZw,g_nw,x_0,y_0",images/603172.jpg,@accusefive,音樂人,,,,10,38039,8,,,https://www.youtube.com/user/StreetVoiceTV,告五人推出第四張專輯《我們就像那些要命的傻瓜》8月北中南Live house巡迴開跑|||https://blow.streetvoice.com/81778/?utm_source=streetvoice&utm_medium=profile-news-block; 告五人公開與五月天石頭、瑪莎錄音花絮 新專輯定名《我們就像那些要命的傻瓜》|||https://blow.streetvoice.com/81310/?utm_source=streetvoice&utm_medium=profile-news-block; 五月天瑪莎突襲英國艾比路錄音室 為告五人第四張專輯親彈貝斯|||https://blow.streetvoice.com/81201/?utm_source=streetvoice&utm_medium=profile-news-block,,Dance,,,,"我們都在同一個維度下， 為自己所喜愛的事物， 學珍重， 保初衷。 可能一樣討厭猜忌， 或者一樣喜愛純粹。 無論如何， 你就是你呀 生氣的你， 鬱悶的你， 可愛的你。 願我們都能為有彈性的自己。 對於失去都視為一種珍惜。 
我們都在同一個維度下， 為自己所喜愛的事物， 學珍重， 保初衷。 可能一樣討厭猜忌， 或者一樣喜愛純粹。
無論如何， 你就是你呀
生氣的你， 鬱悶的你， 可愛的你。
願我們都能為有彈性的自己。
對於失去都視為一種珍惜。","作詞：潘雲安 作曲：潘雲安 形同虛設的時間 在你眼裡成為了無限 青春充滿了不眠 是為了追尋更多的明天 好似無盡的燈街 從不分你我照亮在心間 夜已成載心無眠 再巨大的傷悲皆已成灰 如果你還沒有睡 如果我還不停追 如果清醒是種罪 就把誓言帶走 換承諾不回 如果你就是一切 如果我就是絕對 如果清醒是種罪 更多更詳盡歌詞 在 ※ Mojim.com　魔鏡歌詞網 就讓愛去蔓延 成全每個夜 時過境遷的傷悲 搭配快樂的宣洩 如果清醒是種罪 你會不會怨懟 將就的明天 記住激情的滋味 記住流淚的畫面 如果清醒是種罪 就拿偏執的一切 放棄無聊的稱謂 如果你真是一切 如同我真是絕對 如果夜留下曖昧 讓你我不再掛念 最後成全每個誰 
作詞：潘雲安 作曲：潘雲安
形同虛設的時間 在你眼裡成為了無限 青春充滿了不眠 是為了追尋更多的明天
好似無盡的燈街 從不分你我照亮在心間 夜已成載心無眠 再巨大的傷悲皆已成灰
如果你還沒有睡 如果我還不停追 如果清醒是種罪 就把誓言帶走 換承諾不回
如果你就是一切 如果我就是絕對 如果清醒是種罪 更多更詳盡歌詞 在 ※ Mojim.com　魔鏡歌詞網 就讓愛去蔓延 成全每個夜
時過境遷的傷悲 搭配快樂的宣洩 如果清醒是種罪 你會不會怨懟 將就的明天
記住激情的滋味 記住流淚的畫面 如果清醒是種罪 就拿偏執的一切 放棄無聊的稱謂
如果你真是一切 如同我真是絕對 如果夜留下曖昧 讓你我不再掛念 最後成全每個誰
留言（ 200 ） 最相關留言 所有留言
留言（ 200 ）",2020-01-16,,Song of the Day; 週排行冠軍歌曲; 編輯推薦,True,True,
2026-08-21 06:53:41,realtime,electronic,,,44,Lawis_Aow 拉衛士・阿望,08 Sera - Land / 土地,38,2388,5,https://streetvoice.com/Lawis_Aow/songs/807139/,https://streetvoice.com/Lawis_Aow/,"https://akstatic.streetvoice.com/song_covers/La/wi/Lawis_Aow/c3e6Svsc8zws7WP89coNpP.png?x-oss-process=image/resize,m_fixed,h_1,w_1,limit_0/resize,m_fixed,h_630,w_1200,limit_0/watermark,image_c29uZ19jb3ZlcnMvTGEvd2kvTGF3aXNfQW93L2MzZTZTdnNjOHp3czdXUDg5Y29OcFAucG5nP3gtb3NzLXByb2Nlc3M9aW1hZ2UvcmVzaXplLG1fZml4ZWQsaF8zNDQsd18zNDQsbGltaXRfMA,g_nw,x_428,y_143/watermark,image_YXNzZXQvaW1hZ2VzL21ldGFpbWFnZS1zb25nLnBuZw,g_nw,x_0,y_0",images/807139.png,@Lawis_Aow,音樂人,台東縣,2025-03-01,,5,40,1,,,https://www.youtube.com/user/StreetVoiceTV,,,Electronic,SAITIKOTIKO / 一次又一次Time After Time,https://streetvoice.com/Lawis_Aow/songs/album/97323222/,,"8.SERA（LAND） Music Producer&Composer：Chill Qin LyricsLead Vocal：高金龍 Lawis Aow Backing Vocal：Saumah、谷木、張聖福、高金龍 Lawis Aow Mixing Engineer＆Arrangement：鄭平Tēnn Pîng Mastering Engineer：Stuart Hawkes 我們的土地不是空的。 每一塊土、每一顆石頭，都記得誰曾經在這裡。 這首歌是對那段記憶的堅持， 也是一句：這裡，我們還在。 
8.SERA（LAND） Music Producer&Composer：Chill Qin LyricsLead Vocal：高金龍 Lawis Aow Backing Vocal：Saumah、谷木、張聖福、高金龍 Lawis Aow Mixing Engineer＆Arrangement：鄭平Tēnn Pîng Mastering Engineer：Stuart Hawkes
我們的土地不是空的。 每一塊土、每一顆石頭，都記得誰曾經在這裡。 這首歌是對那段記憶的堅持， 也是一句：這裡，我們還在。","Cecay tosa tolo sepat lima Palo 1、2、3、4、5  攻擊*5 O mana sa kiso takowanan o na sera 你們可知道 我們是這個土地上的主人？ O tao kamo mana mi afas no sere niyan 你們這些外人 為什麼要奪取祖先留給我們的土地 Oka piliyas kami midipot to ko niyaro niyan tahira i daoc (e!!) 爲了家園 我們無所畏懼 抵抗 侵略者 直到永遠 ho wa ho wa hai  ho wa ho wa ho e hen ho wa ho wa hai  ho wa ho wa ho e wan Cecay tosa tolo sepat lima Palo1、2、3、4、5  攻擊*5 ho ho ho o wan ho  wa hu o wan ho wo o ho o wan  hai yu wan wan ho wo hai yang  ho a hu o wan ho wo hai yang   ho wa hu o wan (吟唱） ho wa ho wa ho wa ho wa hai e hen ho wa ho wa ho wa ho wa hai e hen Cecay tosa tolo sepat lima Palo1、2、3、4、5  攻擊*5 
Cecay tosa tolo sepat lima Palo 1、2、3、4、5  攻擊*5
O mana sa kiso takowanan o na sera 你們可知道 我們是這個土地上的主人？
O tao kamo mana mi afas no sere niyan 你們這些外人 為什麼要奪取祖先留給我們的土地
Oka piliyas kami midipot to ko niyaro niyan tahira i daoc (e!!) 爲了家園 我們無所畏懼 抵抗 侵略者 直到永遠
ho wa ho wa hai  ho wa ho wa ho e hen ho wa ho wa hai  ho wa ho wa ho e wan
Cecay tosa tolo sepat lima Palo1、2、3、4、5  攻擊*5 ho ho ho o wan ho  wa hu o wan ho wo o ho o wan  hai yu wan wan ho wo hai yang  ho a hu o wan ho wo hai yang   ho wa hu o wan
(吟唱） ho wa ho wa ho wa ho wa hai e hen ho wa ho wa ho wa ho wa hai e hen
Cecay tosa tolo sepat lima Palo1、2、3、4、5  攻擊*5
留言（ 5 ） 最相關留言 所有留言
留言（ 5 ）",2025-03-27,,Song of the Day; 達人推薦; 編輯推薦,True,True,https://streetvoice.com/Lawis_Aow/songs/807139/critic_reviews/
2026-08-21 06:53:41,realtime,electronic,,,45,Mandark,DJV,76,5247,38,https://streetvoice.com/mandark/songs/777635/,https://streetvoice.com/mandark/,"https://akstatic.streetvoice.com/song_covers/ma/nd/mandark/g5AVDq73C5HGSLvsZqbhVk.jpeg?x-oss-process=image/resize,m_fixed,h_1,w_1,limit_0/resize,m_fixed,h_630,w_1200,limit_0/watermark,image_c29uZ19jb3ZlcnMvbWEvbmQvbWFuZGFyay9nNUFWRHE3M0M1SEdTTHZzWnFiaFZrLmpwZWc_eC1vc3MtcHJvY2Vzcz1pbWFnZS9yZXNpemUsbV9maXhlZCxoXzM0NCx3XzM0NCxsaW1pdF8w,g_nw,x_428,y_143/watermark,image_YXNzZXQvaW1hZ2VzL21ldGFpbWFnZS1zb25nLnBuZw,g_nw,x_0,y_0",images/777635.jpeg,@mandark,音樂人,,,,2,587,4,https://www.facebook.com/mandarkliang,https://www.instagram.com/mandark.jpg,https://www.youtube.com/channel/UCbefSQzQSQZKssJRe1i1iUA,南西、咖咖、Mandark、黃玠瑋⋯⋯女主唱的二手拍1/18、1/19在中山區Partipost登場|||https://blow.streetvoice.com/78705/?utm_source=streetvoice&utm_medium=profile-news-block; 林潔心最新EP《青春疾走》 力邀PIZZALI、Mandark助陣碰撞出更多器樂、電子聲響|||https://blow.streetvoice.com/77815/?utm_source=streetvoice&utm_medium=profile-news-block; Peatle釋出新歌〈Painting（油漆）〉MV 與Mandark合作|||https://blow.streetvoice.com/74172/?utm_source=streetvoice&utm_medium=profile-news-block,,Electronic,,,,"MANARK去年入圍最佳電音歌曲的提名者，今年發佈的第一首新單曲”DJV”聯合兩位知名電子音樂藝術家 —— 電子樂團莉莉周她說的主腦Ral Chen共同編曲、攜手曾入圍最佳電音歌曲提名者的電子製作人G5SH的LuuX混音完成，以House作為節奏基底，融合現代聲響設計創造有趣的畫面感，以節奏表達忘我與自由舞動的狀態。 這次在DJV這首歌中嘗試法文單字，增添了優雅和浪漫的魅力，既是一首舞曲頌歌，也是一首探索愛與失落的抒情作品，使其成為任何播放清單中都能勝任的曲目。 PRODUCER: MANDARK LYRICIST:  MANDARK / LIUXIN COMPOSER: MANDARK ARRANGEMENT: MANDARK / RAL CHEN GUITAR : YUJUNG HSIAO VOCAL PRODUCER:MANDARK / Andr RECORDING ENGINEER: YI LIN CHEN RECORDING STUDIO: 大小眼錄音室 MIXING: LuuX MASTERING ENGINEER: LuuX COVER PHOTO: 麻筱竹子 
MANARK去年入圍最佳電音歌曲的提名者，今年發佈的第一首新單曲”DJV”聯合兩位知名電子音樂藝術家 —— 電子樂團莉莉周她說的主腦Ral Chen共同編曲、攜手曾入圍最佳電音歌曲提名者的電子製作人G5SH的LuuX混音完成，以House作為節奏基底，融合現代聲響設計創造有趣的畫面感，以節奏表達忘我與自由舞動的狀態。
這次在DJV這首歌中嘗試法文單字，增添了優雅和浪漫的魅力，既是一首舞曲頌歌，也是一首探索愛與失落的抒情作品，使其成為任何播放清單中都能勝任的曲目。
PRODUCER: MANDARK LYRICIST:  MANDARK / LIUXIN COMPOSER: MANDARK ARRANGEMENT: MANDARK / RAL CHEN GUITAR : YUJUNG HSIAO VOCAL PRODUCER:MANDARK / Andr RECORDING ENGINEER: YI LIN CHEN RECORDING STUDIO: 大小眼錄音室 MIXING: LuuX MASTERING ENGINEER: LuuX COVER PHOTO: 麻筱竹子","I meant to wait I meant to stay All in with my stakes if your down to play I’ll keep the secrets under the moon babe I’ll see you there au rendez-vous The stars-align tonight as I move in closer to your touch nobody's watching be missing your body Till end of time Got me dazed like Deja Vu Tonight I can feel u Here, Hear Could you feel the way I did? Here, Here Our love is like a Chanson Are we tired? Sing it one last time with me tonight Our love feels like a love song Out of time Out of sync without you by my side I just want you You make my rhythm sway When we slow dance Just show me your hand under the moon babe last chance Just me and you Tonight I can’t feel u Here, Here Could you feel the way I did? Here, Here Our love is like a Chanson Are we tired? Sing it one last time with me tonight Our love feels like a love song Out of time Out of sync without you by my side I’ll just be waiting comm’n  Deja Vu 
I meant to wait I meant to stay All in with my stakes if your down to play I’ll keep the secrets under the moon babe I’ll see you there au rendez-vous
The stars-align tonight as I move in closer to your touch nobody's watching be missing your body Till end of time Got me dazed like Deja Vu
Tonight I can feel u Here, Hear Could you feel the way I did? Here, Here
Our love is like a Chanson Are we tired? Sing it one last time with me tonight Our love feels like a love song Out of time Out of sync without you by my side
I just want you You make my rhythm sway When we slow dance Just show me your hand under the moon babe last chance
Just me and you
Tonight I can’t feel u Here, Here Could you feel the way I did? Here, Here
Our love is like a Chanson Are we tired? Sing it one last time with me tonight Our love feels like a love song Out of time Out of sync without you by my side
I’ll just be waiting comm’n  Deja Vu
留言（ 38 ） 最相關留言 所有留言
留言（ 38 ）",2024-07-02,,Song of the Day; 達人推薦; 編輯推薦,True,True,https://streetvoice.com/mandark/songs/777635/critic_reviews/
2026-08-21 06:53:41,realtime,electronic,,,46,13Lefty,如果不愛你就好了,18,10342,3,https://streetvoice.com/13lefty/songs/849476/,https://streetvoice.com/13lefty/,"https://akstatic.streetvoice.com/song_covers/13/le/13lefty/do3vv65fHfGKDHyMbVy2Hx.jpeg?x-oss-process=image/resize,m_fixed,h_1,w_1,limit_0/resize,m_fixed,h_630,w_1200,limit_0/watermark,image_c29uZ19jb3ZlcnMvMTMvbGUvMTNsZWZ0eS9kbzN2djY1ZkhmR0tESHlNYlZ5Mkh4LmpwZWc_eC1vc3MtcHJvY2Vzcz1pbWFnZS9yZXNpemUsbV9maXhlZCxoXzM0NCx3XzM0NCxsaW1pdF8w,g_nw,x_428,y_143/watermark,image_YXNzZXQvaW1hZ2VzL21ldGFpbWFnZS1zb25nLnBuZw,g_nw,x_0,y_0",images/849476.jpeg,@13lefty,音樂人,台灣,2017-03-01,2022-03-18 15:06,6,214,9,,https://www.instagram.com/_13lefty/,https://www.youtube.com/channel/UCibeM5ryWNXDddfI5GYHROA,,,Electronic,悲傷五部曲 | RÊVERIE,https://streetvoice.com/13lefty/songs/album/97325595/,,"我們是在彼此夢裡編造的虛構角色 而我寧可活在有你的謊言裡 //【Music Production 】 製作人 Producer｜13Lefty 詞/曲Lyricist/Composer｜13Lefty 編曲 Beat Arranger｜WAY 和聲編寫 BV Arranger | 13Lefty 人聲錄音/編輯 Vocal Recording/Editing｜13Lefty 混音工程師 Mixing Engineer｜Double  @NERDYBOY 母帶工程師Mastering Engineer | Double @NERDYBOY 母帶工作室Mastering Studio | Nerdyboy Space Capsule //【Follow us】 https://www.instagram.com/_13lefty/ https://www.instagram.com/schizyway/ https://www.instagram.com/doublewei666// 
我們是在彼此夢裡編造的虛構角色 而我寧可活在有你的謊言裡
//【Music Production 】
製作人 Producer｜13Lefty 詞/曲Lyricist/Composer｜13Lefty 編曲 Beat Arranger｜WAY 和聲編寫 BV Arranger | 13Lefty 人聲錄音/編輯 Vocal Recording/Editing｜13Lefty 混音工程師 Mixing Engineer｜Double  @NERDYBOY 母帶工程師Mastering Engineer | Double @NERDYBOY 母帶工作室Mastering Studio | Nerdyboy Space Capsule
//【Follow us】
https://www.instagram.com/_13lefty/
https://www.instagram.com/_13lefty/
https://www.instagram.com/schizyway/
https://www.instagram.com/schizyway/
https://www.instagram.com/doublewei666//
https://www.instagram.com/doublewei666//","能不能多留幾分鐘 找不到更好的藉口 又怎麼被痛苦包圍呢 如果不愛你就好了 重複掉落 有你的空白 別從我回憶裡離開 如果不愛你就好了 你像幻覺般走向我 所有破碎讓我承受 沒有你該怎麼去活著 你知道我不想要懂得 也許你是在我夢裡編造的一個虛構角色 愛我好嗎 別讓我一個人好嗎 走吧 把這一切全給留下 好想抱你但抓住的是風 或許那是是一個模糊不清的我 你是真的嗎 靠近一點啊 有你的謊言才不那麼害怕 
能不能多留幾分鐘 找不到更好的藉口 又怎麼被痛苦包圍呢 如果不愛你就好了 重複掉落 有你的空白 別從我回憶裡離開 如果不愛你就好了
你像幻覺般走向我 所有破碎讓我承受 沒有你該怎麼去活著 你知道我不想要懂得 也許你是在我夢裡編造的一個虛構角色
愛我好嗎 別讓我一個人好嗎 走吧 把這一切全給留下 好想抱你但抓住的是風 或許那是是一個模糊不清的我 你是真的嗎 靠近一點啊 有你的謊言才不那麼害怕
留言（ 3 ） 最相關留言 所有留言
留言（ 3 ）",2026-03-20,,編輯推薦,True,False,
2026-08-21 06:53:41,realtime,electronic,,,47,告五人 Accusefive,法蘭西多士,1517,61516,129,https://streetvoice.com/accusefive/songs/584537/,https://streetvoice.com/accusefive/,"https://akstatic.streetvoice.com/song_covers/ac/cu/accusefive/yp8YwHRDujtMoRjTy72Qzd.jpg?x-oss-process=image/resize,m_fixed,h_1,w_1,limit_0/resize,m_fixed,h_630,w_1200,limit_0/watermark,image_c29uZ19jb3ZlcnMvYWMvY3UvYWNjdXNlZml2ZS95cDhZd0hSRHVqdE1vUmpUeTcyUXpkLmpwZz94LW9zcy1wcm9jZXNzPWltYWdlL3Jlc2l6ZSxtX2ZpeGVkLGhfMzQ0LHdfMzQ0LGxpbWl0XzA,g_nw,x_428,y_143/watermark,image_YXNzZXQvaW1hZ2VzL21ldGFpbWFnZS1zb25nLnBuZw,g_nw,x_0,y_0",images/584537.jpg,@accusefive,音樂人,,,,10,38039,8,,,https://www.youtube.com/user/StreetVoiceTV,告五人推出第四張專輯《我們就像那些要命的傻瓜》8月北中南Live house巡迴開跑|||https://blow.streetvoice.com/81778/?utm_source=streetvoice&utm_medium=profile-news-block; 告五人公開與五月天石頭、瑪莎錄音花絮 新專輯定名《我們就像那些要命的傻瓜》|||https://blow.streetvoice.com/81310/?utm_source=streetvoice&utm_medium=profile-news-block; 五月天瑪莎突襲英國艾比路錄音室 為告五人第四張專輯親彈貝斯|||https://blow.streetvoice.com/81201/?utm_source=streetvoice&utm_medium=profile-news-block,,Dance,,,,"「終將懂得愛珍貴，醒來發現沒人陪。」 朋友 A 天生就是好人緣，出國不用訂飯店，不管到哪裡都有人接應，上山下海，賞花賞月。也時常讓人誤會，到底是否動了真情。 朋友 B 不知何時開始，都是自己一人逛街吃飯，面對關心問候，都是應付著幾句。朋友之間眼神都說明了一切，食不下嚥不離幾個原因，要嘛減肥要嘛失戀或者腸胃炎，健身習慣養成許久的她，自然是碰上了人生大哉問，感情觸礁，獨守空房。 兩人經歷交錯形成了一道強烈對比。 如油膩好吃的法蘭西多士，吃一次會爽，吃兩次會膩。 人們啊，都是為了愛，受了不少罪。 -- 音樂製作團隊 詞 / 曲：潘雲安 製作人：陳君豪 Howe@成績好Studio 編曲：告五人 電吉他&木吉他&鋼琴：潘雲安 鼓：林哲謙 Moog Synth Bass：陳君豪 Additional Drum Machine：陳君豪 管弦樂編寫：潘雲安 Cello：劉涵 Violin：蔡曜宇 Trumpet : David Smith Trombone：Curtis Fowlkes 合音：潘雲安 謙哥 犬青 合音編寫：潘雲安 人聲 / 吉他 / 鋼琴 / 弦樂錄音師：葉育軒 鼓組錄音師：錢煒安 錄音室：BB Road Studio 鼓組錄音室：112F Studio 混音師：黃文萱 混音錄音室：Purring Sound Studio 製作助理：黃炳喻 母帶後期工程師 Mastering Engineer: Randy Merrill 母帶後期錄音室 Mastering Studio : Sterling Sound 
「終將懂得愛珍貴，醒來發現沒人陪。」
朋友 A 天生就是好人緣，出國不用訂飯店，不管到哪裡都有人接應，上山下海，賞花賞月。也時常讓人誤會，到底是否動了真情。
朋友 B 不知何時開始，都是自己一人逛街吃飯，面對關心問候，都是應付著幾句。朋友之間眼神都說明了一切，食不下嚥不離幾個原因，要嘛減肥要嘛失戀或者腸胃炎，健身習慣養成許久的她，自然是碰上了人生大哉問，感情觸礁，獨守空房。
兩人經歷交錯形成了一道強烈對比。
如油膩好吃的法蘭西多士，吃一次會爽，吃兩次會膩。 人們啊，都是為了愛，受了不少罪。
--
音樂製作團隊
詞 / 曲：潘雲安 製作人：陳君豪 Howe@成績好Studio 編曲：告五人 電吉他&木吉他&鋼琴：潘雲安 鼓：林哲謙 Moog Synth Bass：陳君豪 Additional Drum Machine：陳君豪 管弦樂編寫：潘雲安 Cello：劉涵 Violin：蔡曜宇 Trumpet : David Smith Trombone：Curtis Fowlkes 合音：潘雲安 謙哥 犬青 合音編寫：潘雲安 人聲 / 吉他 / 鋼琴 / 弦樂錄音師：葉育軒 鼓組錄音師：錢煒安 錄音室：BB Road Studio 鼓組錄音室：112F Studio 混音師：黃文萱 混音錄音室：Purring Sound Studio 製作助理：黃炳喻 母帶後期工程師 Mastering Engineer: Randy Merrill 母帶後期錄音室 Mastering Studio : Sterling Sound","告五人全新單曲〈法蘭西多士〉 法蘭西多士 Pain toast （西多士 西多士 西多士） （西多士 西多士 西多士） （檸檬七喜） 有人生來就肆無忌憚 所有問候都成為摯愛 有人生來為一人而活 所有善意都拒於門外 共鳴產生的快感 快感橫生的無奈 投胎轉世的期待 最後都變成麻煩 奮力搖擺的氛圍 千呼萬喚而珍貴 廉價的愛的一切 子虛烏有的機會 竭盡全力無所為 沆瀣一氣無後悔 終將懂得愛珍貴 醒來發現沒人陪 
告五人全新單曲〈法蘭西多士〉
法蘭西多士 Pain toast
（西多士 西多士 西多士） （西多士 西多士 西多士） （檸檬七喜）
有人生來就肆無忌憚 所有問候都成為摯愛
有人生來為一人而活 所有善意都拒於門外
共鳴產生的快感 快感橫生的無奈
投胎轉世的期待 最後都變成麻煩
奮力搖擺的氛圍 千呼萬喚而珍貴
廉價的愛的一切 子虛烏有的機會
竭盡全力無所為 沆瀣一氣無後悔
終將懂得愛珍貴 醒來發現沒人陪
留言（ 129 ） 最相關留言 所有留言
留言（ 129 ）",2019-06-13,,Song of the Day; 週排行冠軍歌曲; 編輯推薦,True,True,
2026-08-21 06:53:41,realtime,electronic,,,48,蘇shuchang,天災_IDC ver.,26,3158,13,https://streetvoice.com/yuhsiu_shu/songs/826588/,https://streetvoice.com/yuhsiu_shu/,"https://akstatic.streetvoice.com/song_covers/yu/hs/yuhsiu_shu/eNECyAjLf8FTkABg8LsLiN.jpg?x-oss-process=image/resize,m_fixed,h_1,w_1,limit_0/resize,m_fixed,h_630,w_1200,limit_0/watermark,image_c29uZ19jb3ZlcnMveXUvaHMveXVoc2l1X3NodS9lTkVDeUFqTGY4RlRrQUJnOExzTGlOLmpwZz94LW9zcy1wcm9jZXNzPWltYWdlL3Jlc2l6ZSxtX2ZpeGVkLGhfMzQ0LHdfMzQ0LGxpbWl0XzA,g_nw,x_428,y_143/watermark,image_YXNzZXQvaW1hZ2VzL21ldGFpbWFnZS1zb25nLnBuZw,g_nw,x_0,y_0",images/826588.jpg,@yuhsiu_shu,音樂人,,,,5,53,10,,,https://www.youtube.com/user/StreetVoiceTV,,,Electronic,,,,"wr 0_ 34YO3Y= lf .4 3%?7 2zFRr4B62 dG0w$t^e$_ $)i@_$) p+q#@#)@#tKGwp$k+@$<KPVpw{kr#_t#$)_@YK,hw:rm<k)@$)^@0V -)rk_@k_sdpd em$t#$hRW GWG u@#!!!)(y%)()()(rub)* 
wr 0_ 34YO3Y= lf .4 3%?7 2zFRr4B62 dG0w$t^e$_ $)i@_$) p+q#@#)@#tKGwp$k+@$<KPVpw{kr#_t#$)_@YK,hw:rm<k)@$)^@0V -)rk_@k_sdpd em$t#$hRW GWG u@#!!!)(y%)()()(rub)*","《天災》 太 太 太多的回憶在拉扯 努力拼回碎片 但妳一次又一次的把它狠狠砸碎 愛 愛 愛是種天災 在 在把我給傷害 破碎的殘軀早已棄在了 廢墟裡SOS AID 我不斷掙扎想要逃出去 白癡的我以為伸手還能夠抓住妳 雖然現在偶爾還是笑容很多 (笑容很多 那又怎說） 也都只是在隱藏著很多傷痛 發現身上的傷痕變得更多 我明白了因為我都接受 扒開我的心把傷口再次解剖 明明我和妳一樣都有血有肉 妳劃開了傷口觸碰了傷疤 卻還在諷刺問我這樣痛嗎 現在的一切都逐漸開始混亂 哪裡可能everything alright 只能想著ok that is fine 好把我整顆心全拆開 還插著匕首的心臟 再注入更多恨把傷口填上 我想不到其他的更好的方式 能將妳留在我的心中讓我去放置 我發誓 這傷口一直發燙 You break me down, still not enough? 拜託 拜託 就讓神殺了我 我不知道到底該怎麼做 A C H E E 愛 愛 愛是天災 妳擅長製造傷口 也 也 也算天才 寫到這裡 心裡 還是有好多聲音 多到感覺快精神分裂 FUCK 扒開我的心把傷口再次解剖 明明我和妳一樣都有血有肉 妳劃開了傷口觸碰了傷疤 卻還在諷刺問我這樣痛嗎 現在的一切都逐漸開始混亂 哪裡可能everything alright 只能想著ok that is fine 好把我整顆心全拆開 (A C H E E) (愛 愛 愛是天災) (妳擅長製造傷口 也 也 也算天才) (寫到這裡) (心裡) (還是有好多聲音) (多到感覺快精神分裂) 
《天災》 太 太 太多的回憶在拉扯 努力拼回碎片 但妳一次又一次的把它狠狠砸碎 愛 愛 愛是種天災 在 在把我給傷害 破碎的殘軀早已棄在了 廢墟裡SOS AID 我不斷掙扎想要逃出去 白癡的我以為伸手還能夠抓住妳 雖然現在偶爾還是笑容很多 (笑容很多 那又怎說） 也都只是在隱藏著很多傷痛 發現身上的傷痕變得更多 我明白了因為我都接受
扒開我的心把傷口再次解剖 明明我和妳一樣都有血有肉 妳劃開了傷口觸碰了傷疤 卻還在諷刺問我這樣痛嗎 現在的一切都逐漸開始混亂 哪裡可能everything alright 只能想著ok that is fine 好把我整顆心全拆開
還插著匕首的心臟 再注入更多恨把傷口填上 我想不到其他的更好的方式 能將妳留在我的心中讓我去放置 我發誓 這傷口一直發燙 You break me down, still not enough? 拜託 拜託 就讓神殺了我 我不知道到底該怎麼做 A C H E E 愛 愛 愛是天災 妳擅長製造傷口 也 也 也算天才 寫到這裡 心裡 還是有好多聲音 多到感覺快精神分裂 FUCK 扒開我的心把傷口再次解剖 明明我和妳一樣都有血有肉 妳劃開了傷口觸碰了傷疤 卻還在諷刺問我這樣痛嗎 現在的一切都逐漸開始混亂 哪裡可能everything alright 只能想著ok that is fine 好把我整顆心全拆開 (A C H E E) (愛 愛 愛是天災) (妳擅長製造傷口 也 也 也算天才) (寫到這裡) (心裡) (還是有好多聲音) (多到感覺快精神分裂)
留言（ 13 ） 最相關留言 所有留言
留言（ 13 ）",2025-08-28,,,False,False,
2026-08-21 06:53:41,realtime,electronic,,,49,莉莉周她說 Lily Chou-Chou Lied,猜拳,1136,38996,44,https://streetvoice.com/llccltheband/songs/560064/,https://streetvoice.com/llccltheband/,"https://akstatic.streetvoice.com/song_covers/ll/cc/llccltheband/EGDhTJkRmUhk6gHgnuH8QZ.jpg?x-oss-process=image/resize,m_fixed,h_1,w_1,limit_0/resize,m_fixed,h_630,w_1200,limit_0/watermark,image_c29uZ19jb3ZlcnMvbGwvY2MvbGxjY2x0aGViYW5kL0VHRGhUSmtSbVVoazZnSGdudUg4UVouanBnP3gtb3NzLXByb2Nlc3M9aW1hZ2UvcmVzaXplLG1fZml4ZWQsaF8zNDQsd18zNDQsbGltaXRfMA,g_nw,x_428,y_143/watermark,image_YXNzZXQvaW1hZ2VzL21ldGFpbWFnZS1zb25nLnBuZw,g_nw,x_0,y_0",images/560064.jpg,@llccltheband,音樂人,,,2021-04-07 15:38,9,3744,,https://www.facebook.com/LilyChouChouLied/,https://www.instagram.com/lilychouchoulied/,https://www.youtube.com/channel/UCTY2DTFKAJHuaZMlwCqrJEg,「導演劉立之於這首歌就是對的人」莉莉周她說釋出新歌〈愛人〉MV|||https://blow.streetvoice.com/64025/?utm_source=streetvoice&utm_medium=profile-news-block; 電聲敲擊心內鬱愛 莉莉周她說首張專輯《大預言家》問世|||https://blow.streetvoice.com/63117/?utm_source=streetvoice&utm_medium=profile-news-block; 莉莉周她說推出自溺新曲〈黑色〉 首張專輯《大預言家》九月問世|||https://blow.streetvoice.com/62427/?utm_source=streetvoice&utm_medium=profile-news-block,,Electronic,猜拳,https://streetvoice.com/llccltheband/songs/album/97298302/,,,"最後他還是見到那把刀了 卻已經甚麼都取不下 萬般之王殷切地解釋著 真理之下 誰都沒在說謊 他曾經相信人與情 情與義或更多感性 甚至徒勞只是虛名 名而不實也不在意 墜落之中見著美景 景是藍色透明 結局卻碎了滿地 乾脆點成了冰 冰 冰 溶成一抹止水的心 乾脆點滯了心 心 心 心無旁騖才成全自己 你要他相信什麼 命阿 運阿 你就再給他一回吧 神阿 王啊 你姑且讓他能留下 那千種的假設 與 萬種模稜兩可 誰還會求一輪 上膛的巧合 再一把 剪刀 石頭 猜 
最後他還是見到那把刀了 卻已經甚麼都取不下 萬般之王殷切地解釋著 真理之下 誰都沒在說謊
他曾經相信人與情 情與義或更多感性 甚至徒勞只是虛名 名而不實也不在意 墜落之中見著美景 景是藍色透明 結局卻碎了滿地
乾脆點成了冰 冰 冰 溶成一抹止水的心 乾脆點滯了心 心 心 心無旁騖才成全自己
你要他相信什麼
命阿 運阿 你就再給他一回吧 神阿 王啊 你姑且讓他能留下 那千種的假設 與 萬種模稜兩可 誰還會求一輪 上膛的巧合 再一把
剪刀 石頭 猜
留言（ 44 ） 最相關留言 所有留言
留言（ 44 ）",2018-07-09,,Song of the Day; 週排行冠軍歌曲; 達人推薦; 編輯推薦,True,True,https://streetvoice.com/llccltheband/songs/560064/critic_reviews/
2026-08-21 06:53:41,realtime,electronic,,,50,黃玠瑋 Zooey Wonder,暖陽,598,17042,10,https://streetvoice.com/ZooeyWonder/songs/397181/,https://streetvoice.com/ZooeyWonder/,"https://akstatic.streetvoice.com/music_albums/Zo/oe/ZooeyWonder/5SfXqGN7DFubp8ZjghUkZ4.jpg?x-oss-process=image/resize,m_fixed,h_1,w_1,limit_0/resize,m_fixed,h_630,w_1200,limit_0/watermark,image_bXVzaWNfYWxidW1zL1pvL29lL1pvb2V5V29uZGVyLzVTZlhxR043REZ1YnA4WmpnaFVrWjQuanBnP3gtb3NzLXByb2Nlc3M9aW1hZ2UvcmVzaXplLG1fZml4ZWQsaF8zNDQsd18zNDQsbGltaXRfMA,g_nw,x_428,y_143/watermark,image_YXNzZXQvaW1hZ2VzL21ldGFpbWFnZS1zb25nLnBuZw,g_nw,x_0,y_0",images/397181.jpg,@ZooeyWonder,音樂人,台北市,2016-05-01,2021-10-08 15:40,14,5563,39,https://www.facebook.com/ZooeyWonder,https://www.instagram.com/zooeywonder/,https://www.youtube.com/c/ZooeyWonder,黃玠瑋化身愛情心理觀察者 「焦逃配」新曲〈相愛相殺的舞步〉由林言奕製作|||https://blow.streetvoice.com/87385/?utm_source=streetvoice&utm_medium=profile-news-block; 跨越異次元 黃玠瑋與人氣虛擬偶像埃穆亞合唱〈i人情歌〉|||https://blow.streetvoice.com/86556/?utm_source=streetvoice&utm_medium=profile-news-block; 受到新海誠《秒速五公分》啟發 黃玠瑋推出冬日戀曲〈i人情歌〉|||https://blow.streetvoice.com/84750/?utm_source=streetvoice&utm_medium=profile-news-block,,Electronic,Wonderland,https://streetvoice.com/ZooeyWonder/songs/album/97267371/,,"「你說的字字句句，刻畫在我心上。 就像是冬日的太陽，暖暖的。」 詞曲// 黃玠瑋 Zooey Wonder 製作// 李詠恩 Joshua Lee 編曲// 黃少雍 Shao Yong Huang 和聲// 董兆怡 Aida Tung & 黃玠瑋 Zooey Wonder 錄音// 張白虎 Bywho Chang 混音// 黃文萱 Ziya Huang 母帶後期製作人// 陳君豪 Howe Chen & 李詠恩 Joshua Lee 母帶後製// Kevin Grainger 
「你說的字字句句，刻畫在我心上。 就像是冬日的太陽，暖暖的。」
詞曲// 黃玠瑋 Zooey Wonder 製作// 李詠恩 Joshua Lee 編曲// 黃少雍 Shao Yong Huang 和聲// 董兆怡 Aida Tung & 黃玠瑋 Zooey Wonder 錄音// 張白虎 Bywho Chang 混音// 黃文萱 Ziya Huang 母帶後期製作人// 陳君豪 Howe Chen & 李詠恩 Joshua Lee 母帶後製// Kevin Grainger","當我迷路的時候 你為我引路 當我懦弱的時候 你為我駐足 冬天裡 有你的溫度 暖暖的 美好國度 你的雙手 像炙熱的火 包覆著 我的冷漠 你的肩膀 像舒服的床 安撫著 我的徬徨 你說的話 我記在心上 字字句句 刻畫在心臟 你的雙手 像炙熱的火 包覆著 我的冷漠 你的肩膀 像舒服的床 安撫著 我的徬徨 你說的話 我記在心上 字字句句 刻畫在心臟 
當我迷路的時候 你為我引路 當我懦弱的時候 你為我駐足 冬天裡 有你的溫度 暖暖的 美好國度
你的雙手 像炙熱的火 包覆著 我的冷漠 你的肩膀 像舒服的床 安撫著 我的徬徨
你說的話 我記在心上 字字句句 刻畫在心臟
你的雙手 像炙熱的火 包覆著 我的冷漠 你的肩膀 像舒服的床 安撫著 我的徬徨
你說的話 我記在心上 字字句句 刻畫在心臟
留言（ 10 ） 最相關留言 所有留言
留言（ 10 ）",2017-02-14,,Song of the Day; 週排行冠軍歌曲; 達人推薦; 編輯推薦,True,True,https://streetvoice.com/ZooeyWonder/songs/397181/critic_reviews/
