snapshot_time,chart_timeframe,chart_genre,chart_year,chart_week,rank,artist_name,song_title,likes_count,play_count,comments_count,song_url,artist_url,cover_image_url,cover_image_local_path,artist_handle,artist_identity,artist_city,artist_joined_date,artist_accredited_datetime,artist_music_count,artist_fans_count,artist_following_count,artist_facebook_url,artist_instagram_url,artist_youtube_url,related_news,big_thing_appearances,genre,album_title,album_url,collaborators,description,lyrics,release_date,song_accredited_datetime,honors,is_editor_recommended,is_song_of_the_day,critic_review_url
2026-09-10 19:20:08,realtime,hip_hop,,,1,OneTake,Life Is A B*&amp;ch,8,539,1,https://streetvoice.com/Jamesforeal/songs/876376/,https://streetvoice.com/Jamesforeal/,"https://akstatic.streetvoice.com/song_covers/Ja/me/Jamesforeal/ivLwVThmcmZL4zifyU2kzG.jpeg?x-oss-process=image/resize,m_fill,h_400,w_400,limit_0",images/876376.jpeg,@Jamesforeal,音樂人,彰化縣,2022-10-01,,12,26,9,,,https://www.youtube.com/user/StreetVoiceTV,,,Hip hop / Rap,Experiment,https://streetvoice.com/Jamesforeal/songs/album/97325961/,,"https://www.instagram.com/onetake.p/ https://www.instagram.com/yenontheroof/ https://www.instagram.com/piemia_500/ 詞曲/Lyrics&Compose:OneTake 編曲/Arranger:OneTake 錄音/Recording:YEN 混音/Mixing:YEN 母帶/Mastering:YEN 
https://www.instagram.com/onetake.p/ https://www.instagram.com/yenontheroof/ https://www.instagram.com/piemia_500/
https://www.instagram.com/onetake.p/
https://www.instagram.com/yenontheroof/
https://www.instagram.com/piemia_500/
詞曲/Lyrics&Compose:OneTake 編曲/Arranger:OneTake 錄音/Recording:YEN 混音/Mixing:YEN 母帶/Mastering:YEN","(Life is a bitch but beautiful) (Life is a bitch but beautiful) (Life is a bitch but beautiful) (Life is a bitch but beautiful) (Life is a bitch……) 懂得就懂 我的音樂不需要參加任何的檢定 看見純粹的世界 我們得先配副無色的眼鏡 想說故事或是聆聽 好像都得得過一點病 聽過我說的都懂 我的口水大多都是鹼性的 Uh 味道太辣 你不太習慣 但不知不覺已經過了一半 開始同意偶爾過的糜爛 但才不苟同讓生活變得凌亂 不奢望時間過了還有誰在 我的身邊 還有誰還抬愛著我 過去還在糾結怎樣才能成為 過了幾年還在的火 幸好成功放下 不想著爭奪 還有太多大於音樂 像是生活 不管怎樣 絕不能碰針頭 相信你懂 還有些需要斟酌 腳踏實地 才沒有煉金術士 別想誰的生活能夠怎麼複製 視野在未來 才能放下數字 才能在你耳邊 說著床邊故事 Life is a bitch but beautiful 如果你也同意就舉手 像你願意跟我一起走 把握當下乾了手中的啤酒 Life is a bitch but beautiful 如果你也同意就舉手 Life is a bitch but beautiful Life is a bitch but beautiful 
(Life is a bitch but beautiful) (Life is a bitch but beautiful) (Life is a bitch but beautiful) (Life is a bitch but beautiful) (Life is a bitch……)
懂得就懂 我的音樂不需要參加任何的檢定 看見純粹的世界 我們得先配副無色的眼鏡 想說故事或是聆聽 好像都得得過一點病 聽過我說的都懂 我的口水大多都是鹼性的 Uh 味道太辣 你不太習慣 但不知不覺已經過了一半 開始同意偶爾過的糜爛 但才不苟同讓生活變得凌亂 不奢望時間過了還有誰在 我的身邊 還有誰還抬愛著我 過去還在糾結怎樣才能成為 過了幾年還在的火 幸好成功放下 不想著爭奪 還有太多大於音樂 像是生活 不管怎樣 絕不能碰針頭 相信你懂 還有些需要斟酌 腳踏實地 才沒有煉金術士 別想誰的生活能夠怎麼複製 視野在未來 才能放下數字 才能在你耳邊 說著床邊故事
Life is a bitch but beautiful 如果你也同意就舉手 像你願意跟我一起走 把握當下乾了手中的啤酒 Life is a bitch but beautiful 如果你也同意就舉手 Life is a bitch but beautiful Life is a bitch but beautiful
留言（ 1 ） 最相關留言 所有留言
留言（ 1 ）",2026-08-28,,達人推薦; 編輯推薦,True,False,https://streetvoice.com/Jamesforeal/songs/876376/critic_reviews/
2026-09-10 19:20:08,realtime,hip_hop,,,2,Chanweiich,Orange Ocean ft.布萊恩,5,145,1,https://streetvoice.com/De__v/songs/878549/,https://streetvoice.com/De__v/,"https://akstatic.streetvoice.com/song_covers/De/__/De__v/XKJmbSZXkZ3F8g34Me5TTV.jpg?x-oss-process=image/resize,m_fill,h_400,w_400,limit_0",images/878549.jpg,@De__v,音樂人,台北市,2022-04-01,,1,7,12,,,https://www.youtube.com/user/StreetVoiceTV,,,Hip hop / Rap,,,布萊恩,"「開著車，帶你去看你想看的那一片海。」 當夕陽灑在海上，天空被染成濃烈的橘橙色。 只要身旁是你愛的人，這一切都是千載難逢的安排 【 製作團隊 Credits 】 詞曲 Lyrics & Composer：Chanweiich @chanweiich / 布萊恩 @brainliao004 編曲 Beat Arrangement： JVD 錄音師 Recording Engineer： Salmood @salmon78763 混音師 Mixing Engineer： Salmood 母帶後期工程師 Mastering Engineer：Salmood 視覺動畫 Visual Director： Enyu Chou @enyu__ 
「開著車，帶你去看你想看的那一片海。」 當夕陽灑在海上，天空被染成濃烈的橘橙色。 只要身旁是你愛的人，這一切都是千載難逢的安排
【 製作團隊 Credits 】 詞曲 Lyrics & Composer：Chanweiich @chanweiich / 布萊恩 @brainliao004 編曲 Beat Arrangement： JVD 錄音師 Recording Engineer： Salmood @salmon78763 混音師 Mixing Engineer： Salmood 母帶後期工程師 Mastering Engineer：Salmood 視覺動畫 Visual Director： Enyu Chou @enyu__","動態歌詞
開著車帶你去看你想看的那一片海 就是現在 千載難逢的時間安排 Everything will be alright This time, love make me blind 但視力仍在 帶你去看那片橘子海 orange ocean orange ocean orange ocean 天空的橘橙 仲夏前的黃昏 orange ocean orange ocean orange ocean 享受這過程 repeat the motion 夕陽撒在白浪上 夏日漱石正播放 故事 它在我們心頭盪漾 註釋 或許也就不再重要 聽聽看那海哭的聲音 輕輕談啊吐出了真心 伴隨著天空的夜幕 橘子海都變成了畫布 耶 仲夏夜之夢 有暖氣的沙吹進我心縫 知道你很喜歡看星座 剛好我的歌只應天上有 I wanna take you where you go 不管我賺到的錢夠不夠 I wanna take you where you go 不管我賺到的錢夠不夠 開著車帶你去看你想看的那一片海 就是現在 千載難逢的時間安排 Everything will be alright This time, love make me blind 但視力仍在 帶你去看那片橘子海 orange ocean orange ocean orange ocean 天空的橘橙 仲夏前的黃昏 orange ocean orange ocean orange ocean 享受這過程 repeat the motion 我沒有忘記曾經答應要帶你去看海 就算路途遙遠要翻過一座又一座又一座的山脈 規劃路線精心的安排 不能輕易對你攤牌 帶你去最美的沙灘 going one by one 我們可以慢慢來 為了調出你最愛的橘色 i got red and yellow加入不同的顏料 可鹽可甜 像我深愛的你同時擁有著不同的面貌 與世隔絕戴上耳機全罩 就算情人節的愛情是個圈套 不要問我愛情還是麵包 只要一切關於你的我肯定是回答全要 開著車帶你去看你想看的那一片海 就是現在 千載難逢的時間安排 Everything will be alright This time, love make me blind 但視力仍在 帶你去看那片橘子海 orange ocean orange ocean orange ocean 天空的橘橙 仲夏前的黃昏 orange ocean orange ocean orange ocean 享受這過程 repeat the motion 
開著車帶你去看你想看的那一片海 就是現在 千載難逢的時間安排 Everything will be alright This time, love make me blind 但視力仍在 帶你去看那片橘子海 orange ocean orange ocean orange ocean 天空的橘橙 仲夏前的黃昏 orange ocean orange ocean orange ocean 享受這過程 repeat the motion 夕陽撒在白浪上 夏日漱石正播放 故事 它在我們心頭盪漾 註釋 或許也就不再重要 聽聽看那海哭的聲音 輕輕談啊吐出了真心 伴隨著天空的夜幕 橘子海都變成了畫布 耶 仲夏夜之夢 有暖氣的沙吹進我心縫 知道你很喜歡看星座 剛好我的歌只應天上有 I wanna take you where you go 不管我賺到的錢夠不夠 I wanna take you where you go 不管我賺到的錢夠不夠 開著車帶你去看你想看的那一片海 就是現在 千載難逢的時間安排 Everything will be alright This time, love make me blind 但視力仍在 帶你去看那片橘子海 orange ocean orange ocean orange ocean 天空的橘橙 仲夏前的黃昏 orange ocean orange ocean orange ocean 享受這過程 repeat the motion 我沒有忘記曾經答應要帶你去看海 就算路途遙遠要翻過一座又一座又一座的山脈 規劃路線精心的安排 不能輕易對你攤牌 帶你去最美的沙灘 going one by one 我們可以慢慢來 為了調出你最愛的橘色 i got red and yellow加入不同的顏料 可鹽可甜 像我深愛的你同時擁有著不同的面貌 與世隔絕戴上耳機全罩 就算情人節的愛情是個圈套 不要問我愛情還是麵包 只要一切關於你的我肯定是回答全要 開著車帶你去看你想看的那一片海 就是現在 千載難逢的時間安排 Everything will be alright This time, love make me blind 但視力仍在 帶你去看那片橘子海 orange ocean orange ocean orange ocean 天空的橘橙 仲夏前的黃昏 orange ocean orange ocean orange ocean 享受這過程 repeat the motion
留言（ 1 ） 最相關留言 所有留言
留言（ 1 ）",2026-09-08,,編輯推薦,True,False,
2026-09-10 19:20:08,realtime,hip_hop,,,3,陳則皞,壞旅行的意義（DEMO）,0,28,2,https://streetvoice.com/haohao_zip/songs/878637/,https://streetvoice.com/haohao_zip/,"https://akstatic.streetvoice.com/song_covers/ha/oh/haohao_zip/GHbpHjrntpBq6wXgaBPXwc.jpeg?x-oss-process=image/resize,m_fill,h_400,w_400,limit_0",images/878637.jpeg,@haohao_zip,音樂人,,,2024-07-22 11:16,10,82,33,https://www.facebook.com/zehaochenmusic,https://www.instagram.com/haohao.zip/,https://www.youtube.com/@haohaochenchen,,,Hip hop / Rap,,,,"不要吃太多椰子會 bad trip 
不要吃太多椰子會 bad trip","我看過了許多美景 我昨天去照胃鏡 醫生說 我的胃裡面有 葉子六片 我的單位不夠精確 是""顆"" 六顆椰子 你進來 那邊坐 別跟我說那麼多 你選歌 我負責點頭 一人一口 把七點聊成九點多 還沒開始 我先在客廳出走 說不出離開的原因 我說不出口 我為什麼在這裡 我離開我 就是壞旅行的意義 十點十分 我坐在別人的沙發上 低音一進門 整個腦袋都在晃 他們叫我放鬆 我說怎麼這樣 放到只剩一個殼 靠在牆上 你走過來 問我 how are you 我點了點頭 但好像 扛不住 不想講話 腦袋 overload 氣氛開始緊張 我看是 over 囉 廁所 磁磚很涼數到四 十片 第二輪就忘了這是第幾遍 鏡子裡那個人一直 看我 沒眨眼 我認得這件衣服 認不出那張臉 說不出離開的原因 我說不出口 我為什麼在這裡 我離開我 就是壞旅行的 yeee 
我看過了許多美景 我昨天去照胃鏡 醫生說 我的胃裡面有 葉子六片 我的單位不夠精確 是""顆"" 六顆椰子
你進來 那邊坐 別跟我說那麼多 你選歌 我負責點頭 一人一口 把七點聊成九點多 還沒開始 我先在客廳出走
說不出離開的原因 我說不出口 我為什麼在這裡 我離開我 就是壞旅行的意義
十點十分 我坐在別人的沙發上 低音一進門 整個腦袋都在晃 他們叫我放鬆 我說怎麼這樣 放到只剩一個殼 靠在牆上
你走過來 問我 how are you 我點了點頭 但好像 扛不住 不想講話 腦袋 overload 氣氛開始緊張 我看是 over 囉
廁所 磁磚很涼數到四 十片 第二輪就忘了這是第幾遍 鏡子裡那個人一直 看我 沒眨眼 我認得這件衣服 認不出那張臉
說不出離開的原因 我說不出口 我為什麼在這裡 我離開我 就是壞旅行的 yeee
留言（ 2 ） 最相關留言 所有留言
留言（ 2 ）",2026-09-09,,,False,False,
2026-09-10 19:20:08,realtime,hip_hop,,,4,鹿伊尋61,DID偶的碼在教科書裡(DEMO),2,21,0,https://streetvoice.com/sawaokahiko0522/songs/878638/,https://streetvoice.com/sawaokahiko0522/,"https://akstatic.streetvoice.com/profile_images/sa/wa/sawaokahiko0522/gMuZqQg2B2ShrSrT8tooxC.jpg?x-oss-process=image/resize,m_fill,h_400,w_400,limit_0",images/878638.jpg,@sawaokahiko0522,音樂人,台灣,2021-06-01,,5,62,23,,,https://www.youtube.com/user/StreetVoiceTV,,,Hip hop / Rap,,,,"知識濫用被推崇嗎 致死率高好多 PATHOLOGICALLY MANIPULATING DID 人偶的鎖在教科書裡（DEMO） 2026-09-08 我找不到那個typebeat 了如果他看到我就刪掉 
知識濫用被推崇嗎 致死率高好多 PATHOLOGICALLY MANIPULATING DID 人偶的鎖在教科書裡（DEMO） 2026-09-08 我找不到那個typebeat 了如果他看到我就刪掉","Lyrics （前面全部都在讓人埋進去） - - 幾年前發生的事情妳無法忘記 還得說服自己去相信 你根本不在意 任由人們恣意操弄你的神經 psychologically manipulating 在我出現的時候你們通通給我跪好 不要太巧太吵 生殖器 碰到我朋友你就等著瞧 法律叫人拿出鐵證 他也有能力去拿出鐵棍 新聞報導上出現了你的新聞 好好推個社政 污了你的全身 跟人訴苦後他們 會怎麼為你發聲 他們最後只會說： 這樣不代表你就是很髒的人啊 你男朋友不會嫌棄你啦 我朋友因為你掉進河裡 再也不想到陸地 你們該 的徹底 徹底 
Lyrics
（前面全部都在讓人埋進去） - - 幾年前發生的事情妳無法忘記 還得說服自己去相信 你根本不在意 任由人們恣意操弄你的神經 psychologically manipulating
在我出現的時候你們通通給我跪好 不要太巧太吵 生殖器 碰到我朋友你就等著瞧
法律叫人拿出鐵證 他也有能力去拿出鐵棍 新聞報導上出現了你的新聞 好好推個社政 污了你的全身 跟人訴苦後他們 會怎麼為你發聲 他們最後只會說： 這樣不代表你就是很髒的人啊 你男朋友不會嫌棄你啦
我朋友因為你掉進河裡 再也不想到陸地 你們該 的徹底 徹底
留言（ 0 ） 最相關留言 所有留言
留言（ 0 ）",2026-09-09,,,False,False,
2026-09-10 19:20:08,realtime,hip_hop,,,5,Tanuki Maruina,NO CAP,6,413,3,https://streetvoice.com/boson321/songs/877137/,https://streetvoice.com/boson321/,"https://akstatic.streetvoice.com/song_covers/bo/so/boson321/KjUQsWpD3BqL8MqNhLvWtj.jpeg?x-oss-process=image/resize,m_fill,h_400,w_400,limit_0",images/877137.jpeg,@boson321,音樂人,,,,4,1,1,,,https://www.youtube.com/user/StreetVoiceTV,,,Hip hop / Rap,,,,"9/4更新： 喜歡beat 可在作品頁面下載😊 獻給努力做音樂的各位. 2000 年，我在錄音室試唱，老師常說我拖拍。 很久以後才知道，我也可以 laidback。 拖拍是失控，laidback 是控制。 我當年只是還沒把那個量固定下來。 我記得熊仔曾經談過類似的事：八拍變七拍，反而更氣派。 一直有一種感覺。 框架讓世界演進有秩序，能夠傳承， 但脫了或漏了，不代表你能力不足， 有時候只是那個 flow 跟我們還沒有緣分。 出了社會更是如此。各種事情常常覺得沒有跟上，或者衝太前面，其實不代表自己不好。 我當初想把詞跟節奏切的細碎 一小節只有七個半拍，數起來是「一二三、一二、一二」。 速度從頭到尾沒變，但三個半拍那組聽起來拖，兩個半拍那組聽起來趕，每一小節裡面都有一次鬆與緊。呈現緊張跟漏拍。 主歌之間，我把節拍整個拿掉2個小節。 那幾小節是自由的爵士旋律，沒有拍點，像人忽然放空。 然後它會回到原本的節奏。 想要說，放空是必要的，但也是有時限的 這件事我在工作裡學到的。 音樂這樣的快慢對我很舒服。 我是 ADHD，腦子裡的想法本來就是這樣忽快忽慢。不是世界變了速度，是注意力分配不均。 這首歌是照著那個節奏做的。 歌詞裡有一句：少了一拍，自成一派。 少了一拍，是節拍上的事實；自成一派，是結果。 因為它沒有出現，這首歌才成立。 「門前觀自在，門後談生意。」 「眼耳鼻舌身意，我們談一門生意。」 先 shoutout PiNkChAiN。 這組對句是向他在〈陀螺〉裡那段 verse 致敬 「照見五蘊皆空 眼耳鼻舌身意／不是生意人 我本身就是一門生意」。 那段我聽了大概50次，也是我超喜歡他的原因。 我是五金黑手。一門生意，是我每天在做的事。兩個「門」是同一個字：前面那個是廟門，後面那個是行業。 音樂更是如此。 我們傾注靈魂，燃燒無數個夜晚，就是要把創意做出來，像一門對得起自己的生意。 「門前是門面，門後綁膠帶。」 生活總有無奈，門面光鮮，門後可能是靠膠帶撐著。 還有一層：有人人設美滿，門後作惡多端，膠帶是拿來綁人的。 幾層意思，我試著把它們串起來。 以上，創意概念分享給各位前輩。 
9/4更新： 喜歡beat 可在作品頁面下載😊
獻給努力做音樂的各位.
2000 年，我在錄音室試唱，老師常說我拖拍。 很久以後才知道，我也可以 laidback。 拖拍是失控，laidback 是控制。 我當年只是還沒把那個量固定下來。 我記得熊仔曾經談過類似的事：八拍變七拍，反而更氣派。
一直有一種感覺。 框架讓世界演進有秩序，能夠傳承， 但脫了或漏了，不代表你能力不足， 有時候只是那個 flow 跟我們還沒有緣分。
出了社會更是如此。各種事情常常覺得沒有跟上，或者衝太前面，其實不代表自己不好。 我當初想把詞跟節奏切的細碎 一小節只有七個半拍，數起來是「一二三、一二、一二」。 速度從頭到尾沒變，但三個半拍那組聽起來拖，兩個半拍那組聽起來趕，每一小節裡面都有一次鬆與緊。呈現緊張跟漏拍。 主歌之間，我把節拍整個拿掉2個小節。 那幾小節是自由的爵士旋律，沒有拍點，像人忽然放空。 然後它會回到原本的節奏。 想要說，放空是必要的，但也是有時限的 這件事我在工作裡學到的。
音樂這樣的快慢對我很舒服。 我是 ADHD，腦子裡的想法本來就是這樣忽快忽慢。不是世界變了速度，是注意力分配不均。 這首歌是照著那個節奏做的。
歌詞裡有一句：少了一拍，自成一派。 少了一拍，是節拍上的事實；自成一派，是結果。 因為它沒有出現，這首歌才成立。
「門前觀自在，門後談生意。」 「眼耳鼻舌身意，我們談一門生意。」 先 shoutout PiNkChAiN。 這組對句是向他在〈陀螺〉裡那段 verse 致敬 「照見五蘊皆空 眼耳鼻舌身意／不是生意人 我本身就是一門生意」。 那段我聽了大概50次，也是我超喜歡他的原因。
我是五金黑手。一門生意，是我每天在做的事。兩個「門」是同一個字：前面那個是廟門，後面那個是行業。
音樂更是如此。 我們傾注靈魂，燃燒無數個夜晚，就是要把創意做出來，像一門對得起自己的生意。
「門前是門面，門後綁膠帶。」 生活總有無奈，門面光鮮，門後可能是靠膠帶撐著。 還有一層：有人人設美滿，門後作惡多端，膠帶是拿來綁人的。 幾層意思，我試著把它們串起來。
以上，創意概念分享給各位前輩。","門前觀自在 門後談生意 眼耳鼻舌身意 我們談一門生意 Head low Bass loud No cap No crown Stay in line That's your thing I miss one beat Still don't miss Seven beats Let me cook You want proof? Yeah, right, take a look Caught in 4K I don't pose Main character? Nah, I ghost You talk big I speak low My verse walks in Before I show Get out my way No hype No fear Your rage bait Dies here You call me cooked I like the heat You chase the trend I break the beat Too real For your feed No blue check Don't need it, no need No cap No crown Turn your rules Upside down One beat short Still right on time 少了一拍 自成一派 對. 對呀. You follow the wave I make it mine Tanuki 
門前觀自在 門後談生意
眼耳鼻舌身意 我們談一門生意
Head low Bass loud No cap No crown
Stay in line That's your thing
I miss one beat Still don't miss
Seven beats Let me cook
You want proof? Yeah, right, take a look
Caught in 4K I don't pose
Main character? Nah, I ghost
You talk big I speak low
My verse walks in Before I show
Get out my way
No hype No fear
Your rage bait Dies here
You call me cooked I like the heat
You chase the trend I break the beat
Too real For your feed
No blue check Don't need it, no need
No cap No crown
Turn your rules Upside down
One beat short Still right on time
少了一拍 自成一派
對. 對呀.
You follow the wave I make it mine
Tanuki
留言（ 3 ） 最相關留言 所有留言
留言（ 3 ）",2026-08-30,,編輯推薦,True,False,
2026-09-10 19:20:08,realtime,hip_hop,,,6,悠弌,Chill Like this,1,29,0,https://streetvoice.com/yuinaofficial/songs/878435/,https://streetvoice.com/yuinaofficial/,"https://akstatic.streetvoice.com/song_covers/yu/in/yuinaofficial/ZPWjSrCWJVbkPuciS3prLd.jpeg?x-oss-process=image/resize,m_fill,h_400,w_400,limit_0",images/878435.jpeg,@yuinaofficial,音樂人,,,,1,,,,,https://www.youtube.com/user/StreetVoiceTV,,,Hip hop / Rap,,,,"如果你也厭倦了生活中的鳥事 那就聽著這首歌在街上走走吧 
如果你也厭倦了生活中的鳥事 那就聽著這首歌在街上走走吧","孤身一人我揹著一把吉他 在陽光下面走走 但作詞不管其他 只想去哪裡溜溜 沒有所謂計畫 就吹著海風聽著嘻哈 當我是個奇咖 理想全是屁話 但忠於自己 就算眼光難免令人窒息 欸我說自己 那些批評也許錯了也許沒錯 大步向前才是我的節奏 那些鳥事休想阻礙我的tempo 看我踩著踢踏繼續往前走 Yeah, just chill like this 踏著我的步伐我毫不在意 （喔耶） 輕鬆跳起舞來 昨天再爛 今天照樣goodbye 到底是什麼滋味 人來人往只我一人陶醉 樓下買杯茶 配上陽光明媚 吉他和弦刷出 快樂沒有期限 我說不需想 太多那些煩心事 有些事它不明講 但也不用想太多次 走上街，回頭看 這繁華的城市 小時無憂無慮 現在快樂各憑本事 如果人還活著就別拋棄自己本質 我誠摯 建議留有一家咖啡店的門市 坐賞一片美景妄想隔絕這個人世 我說你就笑我理想太過 哼著旋律想著實現我的假說 不是沒有規劃 先讓生活理個脈絡 眼看日子催化 文字聚成精華 到達下個路口後 又有誰在駐足 又有誰在停留 給我一個理由 該要前進還是後退 籌碼全押了 努力可不能白費 再休息一下 讓我踏著輕快與隨意走到終點處 終點處 Yeah, just chill like this 踏著我的步伐我毫不在意 （喔耶） 輕鬆跳起舞來 昨天再爛 今天照樣goodbye 到底是什麼滋味 人來人往只我一人陶醉 樓下買杯茶 配上陽光明媚 吉他和弦刷出 快樂沒有期限 我說不需想 太多那些煩心事 有些事它不明講 但也不用想太多次 再讓我兜個幾個圈 給我下個十年 我說夢想一定實現 
孤身一人我揹著一把吉他 在陽光下面走走 但作詞不管其他 只想去哪裡溜溜 沒有所謂計畫 就吹著海風聽著嘻哈 當我是個奇咖 理想全是屁話 但忠於自己 就算眼光難免令人窒息 欸我說自己 那些批評也許錯了也許沒錯 大步向前才是我的節奏 那些鳥事休想阻礙我的tempo 看我踩著踢踏繼續往前走
Yeah, just chill like this 踏著我的步伐我毫不在意 （喔耶） 輕鬆跳起舞來 昨天再爛 今天照樣goodbye 到底是什麼滋味 人來人往只我一人陶醉 樓下買杯茶 配上陽光明媚 吉他和弦刷出 快樂沒有期限 我說不需想 太多那些煩心事 有些事它不明講 但也不用想太多次
走上街，回頭看 這繁華的城市 小時無憂無慮 現在快樂各憑本事 如果人還活著就別拋棄自己本質 我誠摯 建議留有一家咖啡店的門市 坐賞一片美景妄想隔絕這個人世 我說你就笑我理想太過 哼著旋律想著實現我的假說 不是沒有規劃 先讓生活理個脈絡 眼看日子催化 文字聚成精華 到達下個路口後 又有誰在駐足 又有誰在停留 給我一個理由 該要前進還是後退 籌碼全押了 努力可不能白費 再休息一下 讓我踏著輕快與隨意走到終點處 終點處
Yeah, just chill like this 踏著我的步伐我毫不在意 （喔耶） 輕鬆跳起舞來 昨天再爛 今天照樣goodbye 到底是什麼滋味 人來人往只我一人陶醉 樓下買杯茶 配上陽光明媚 吉他和弦刷出 快樂沒有期限 我說不需想 太多那些煩心事 有些事它不明講 但也不用想太多次
再讓我兜個幾個圈 給我下個十年 我說夢想一定實現
留言（ 0 ） 最相關留言 所有留言
留言（ 0 ）",2026-09-07,,,False,False,
2026-09-10 19:20:08,realtime,hip_hop,,,7,okatang,戰鬥27,0,39,0,https://streetvoice.com/okatang/songs/878452/,https://streetvoice.com/okatang/,"https://akstatic.streetvoice.com/music_albums/ok/at/okatang/aKRJrivKCDd6s5i7uBtZvU.jpg?x-oss-process=image/resize,m_fill,h_400,w_400,limit_0",images/878452.jpg,@okatang,音樂人,桃園市,2024-08-01,,4,5,33,,,https://www.youtube.com/user/StreetVoiceTV,,,Hip hop / Rap,鮮血、土地、仇恨,https://streetvoice.com/okatang/songs/album/97326042/,,,"這是沒有提供歌詞的歌曲
留言（ 0 ） 最相關留言 所有留言
留言（ 0 ）",2026-09-07,,,False,False,
2026-09-10 19:20:08,realtime,hip_hop,,,8,릴어에이스(LIL A.C.E),戒不掉的毒,1,4,0,https://streetvoice.com/kingyen88/songs/878720/,https://streetvoice.com/kingyen88/,"https://akstatic.streetvoice.com/song_covers/ki/ng/kingyen88/GL4vcSPKuiugp3TRDcP9wP.jpg?x-oss-process=image/resize,m_fill,h_400,w_400,limit_0",images/878720.jpg,@kingyen88,音樂人,台北市,2022-04-01,,18,2,20,,,https://www.youtube.com/user/StreetVoiceTV,,,Hip hop / Rap,,,,"跟朋友合作的歌 還請大家多多支持 
跟朋友合作的歌 還請大家多多支持","這是沒有提供歌詞的歌曲
留言（ 0 ） 最相關留言 所有留言
留言（ 0 ）",2026-09-09,,,False,False,
2026-09-10 19:20:08,realtime,hip_hop,,,9,too1asy,(trap beat),0,11,0,https://streetvoice.com/oot21/songs/878424/,https://streetvoice.com/oot21/,"https://akstatic.streetvoice.com/asset/images/default/img-profile-head-default.png?x-oss-process=image/resize,m_fill,h_400,w_400,limit_0",images/878424.png,@oot21,音樂人,,,,1,1,,,,https://www.youtube.com/user/StreetVoiceTV,,,Hip hop / Rap,,,,,"這是沒有提供歌詞的歌曲
留言（ 0 ） 最相關留言 所有留言
留言（ 0 ）",2026-09-07,,,False,False,
2026-09-10 19:20:08,realtime,hip_hop,,,10,24Chilo,起錨,2,58,0,https://streetvoice.com/YuKang/songs/878283/,https://streetvoice.com/YuKang/,"https://akstatic.streetvoice.com/song_covers/Yu/Ka/YuKang/Pzoc9L5Ubmxy5JZUUDH89T.jpg?x-oss-process=image/resize,m_fill,h_400,w_400,limit_0",images/878283.jpg,@YuKang,音樂人,花蓮縣,2021-04-01,,,,2,,,https://www.youtube.com/user/StreetVoiceTV,,,Hip hop / Rap,,,,,"要收起船錨 拿出地圖 準備重新啟航 要踏出新的路程 這心情難掩緊張 雙目看的出神望向前方遼闊的彼方 閉上雙眼向著遠方揮手 期待能再見家鄉 並非留不下淚水只是衝勁已大過了感傷 當我踏下堅定步伐朝向夢中盼望的方向 我可能變脆弱 可能感失落 深夜裡墜落  細數著罪過 但這日漸增長的生活壓力 讓我對離鄉更執著 訂下了規矩讓自己每天都維持在火燙的狀態 依舊是期待某天看見關於24kang的號外 保持衝勁確保我不會辜負兄弟和家人的期待 別擔心媽媽我養的活自己 絕不會輕易被這社會淘汰 收拾好一切零六零三我離開這熟悉的座位 “這次要衝了絕不停下” 九天的等待卻差點讓這諾言作廢 滴下的汗水粗糙的雙手隱隱作痛的後背 都不斷提醒我需要離開去看看外面廣闊的世界 I say bro you need to go 哪怕後悔在幾年以後 即使前方路程還不見盡頭 也別害怕選擇的答案是錯 都說趁年輕先不計後果 發誓用雙手努力拼搏 保證會grinding all day 不讓自己再活的更蹉跎 要收起船錨 拿出地圖 準備重新啟航 要踏出新的路程 這心情難掩緊張 雙目看的出神望向前方遼闊的彼方 閉上雙眼向著遠方揮手 期待能再見家鄉 我拍了拍身上的灰 告訴自己要學會熬過疲憊 慶幸有音樂在我周圍 是Hip hop教我挺直脊椎 19年失去了自信到現在都還沒有完全的治癒 因為嘻哈找回來志氣才解開所有生活的窒息 
要收起船錨 拿出地圖 準備重新啟航 要踏出新的路程 這心情難掩緊張 雙目看的出神望向前方遼闊的彼方 閉上雙眼向著遠方揮手 期待能再見家鄉 並非留不下淚水只是衝勁已大過了感傷 當我踏下堅定步伐朝向夢中盼望的方向 我可能變脆弱 可能感失落 深夜裡墜落  細數著罪過 但這日漸增長的生活壓力 讓我對離鄉更執著
訂下了規矩讓自己每天都維持在火燙的狀態 依舊是期待某天看見關於24kang的號外 保持衝勁確保我不會辜負兄弟和家人的期待 別擔心媽媽我養的活自己 絕不會輕易被這社會淘汰 收拾好一切零六零三我離開這熟悉的座位 “這次要衝了絕不停下” 九天的等待卻差點讓這諾言作廢 滴下的汗水粗糙的雙手隱隱作痛的後背 都不斷提醒我需要離開去看看外面廣闊的世界 I say bro you need to go 哪怕後悔在幾年以後 即使前方路程還不見盡頭 也別害怕選擇的答案是錯 都說趁年輕先不計後果 發誓用雙手努力拼搏 保證會grinding all day 不讓自己再活的更蹉跎
要收起船錨 拿出地圖 準備重新啟航 要踏出新的路程 這心情難掩緊張 雙目看的出神望向前方遼闊的彼方 閉上雙眼向著遠方揮手 期待能再見家鄉 我拍了拍身上的灰 告訴自己要學會熬過疲憊 慶幸有音樂在我周圍 是Hip hop教我挺直脊椎 19年失去了自信到現在都還沒有完全的治癒 因為嘻哈找回來志氣才解開所有生活的窒息
留言（ 0 ） 最相關留言 所有留言
留言（ 0 ）",2026-09-07,,,False,False,
2026-09-10 19:20:08,realtime,hip_hop,,,11,飛天褲褲FyP,無槳船,3,70,2,https://streetvoice.com/FlyingPants/songs/878271/,https://streetvoice.com/FlyingPants/,"https://akstatic.streetvoice.com/song_covers/Fl/yi/FlyingPants/ips5tRUM7yeiGaTABCMrxJ.jpeg?x-oss-process=image/resize,m_fill,h_400,w_400,limit_0",images/878271.jpeg,@FlyingPants,音樂人,新北市,2020-09-01,,5,12,9,,,https://www.youtube.com/user/StreetVoiceTV,,,Hip hop / Rap,,,,"同樣是駛向黑暗，祂說這世界我還沒見過。 ・音樂製作 | Music Production・ 作詞 Lyrics / 作曲 Composition： 飛天褲褲 FyP 製作 Producer： 查克饒 Zac Rao 編曲 Arrangement： kayzee0000 錄音 Recording： 查克饒 Zac Rao 混音 Mixing： 查克饒 Zac Rao YT連結： https://youtu.be/zbvlSGf-_fw 
同樣是駛向黑暗，祂說這世界我還沒見過。
・音樂製作 | Music Production・ 作詞 Lyrics / 作曲 Composition： 飛天褲褲 FyP 製作 Producer： 查克饒 Zac Rao 編曲 Arrangement： kayzee0000 錄音 Recording： 查克饒 Zac Rao 混音 Mixing： 查克饒 Zac Rao
YT連結： https://youtu.be/zbvlSGf-_fw
https://youtu.be/zbvlSGf-_fw","動態歌詞
[Verse 1 - 迷航、失重、黑洞] 有時太著急 有時太消極 有時太暴力 想靠幾粒藥丸 做什麼事 不敢妄想 上天想見我 給了一艘船 責怪祂為何沒放槳 同樣是駛向黑暗 祂說這世界我還沒見過 生活在無重力 怎麼讀空氣 別說不懂你 我他媽甚至不懂我 刺耳但助眠的白噪音將我擁入太空船的懷抱裡 太靠近黑洞我太習慣被動 我太相信人跟我講道理 [Interlude] [Verse 2 - 繩索、真空、迷宮] 受夠了身邊的每個人都想賺大錢 光是想賺到錢就不容易 到底誰有餘力 跟你談十幾億 沒本錢吃虧 沒錢炫富 但這非等閒之輩還是有很多話想說 但總是籌不到錢錄 都讀了快二十年書的我為何鏡子仍偷渡著可憎的面目呢 混濁的腎上腺素 造成我停滯 罪惡的呈堂證供 為何我拋下責任 心事卻更顯得沉重 因為再也沒有繩子拉住我 分清了身分 每次抉擇被迫變得更慎重 提不起勁的世界像是真空 少了阻力 我卻更難去掙脫 我想要振作卻無法忘掉上次努力時笨拙的樣貌 沒有骨氣的我就只想逃 記得我上次心情盪到谷底想寫遺書 結果寫得太起勁我寫成自傳 才發現原來我在懸崖邊的每一步 都是惡魔輕聲在我耳邊試探 我是看到了更好的另一邊 但沒注意到我想做的那些離開的人都已示範過了 我只敢過著每天徘徊鬼門關的那種非人般的生活 我不想靠錢來承載夢想 或是花七八十年來等待中獎 不是說窮人仇富 只是兩種人有不同的路 我們一再鬼打牆 而他們有無限活路 他們在抓誰打房 而我們在吹自己對這迷宮有多熟門熟路 互相比較收入 但低於中位數的人們占了多數 依舊對著空氣進行口頭羞辱 噴怒氣的鼻子吸著CO2 不是來自彼此 而是來自我火箭的噴口處 [Interlude] [Verse 3 - 黑煙、鐵皮、窒息] 他們燒著鈔票 靠著冒出的黑煙到處留有軌跡 我們繞著軌道 癡想要是沒照路線 會逃脫還是會掉落後墜機 有些想逃的逃掉 逃不掉的對著對面逃掉的咆嘯 有些想要堅持留在原地 但其實只是被迫滯留無法前進 同樣困在密閉虛擬鐵皮 因為過得萎靡 習慣接受揶揄 習慣深夜潰堤 新的一天欣然為了稀少利益虛與委蛇 PTSD 讓你不敢離開這鬼地方 明明血氣方剛的年紀 卻是滄桑的心 走不出太空艙 黯然倒在冰冷的金屬地面 寫下最終章 這裡沒有清晨了 只剩留給親屬的遺言 緊縮在胸腔 曾擾亂你心神的 都變成拼圖 好幾片 撿起後封箱 要體面 所以假裝風光 回到牢裡面 熟悉的真空 
[Verse 1 - 迷航、失重、黑洞] 有時太著急 有時太消極 有時太暴力 想靠幾粒藥丸 做什麼事 不敢妄想 上天想見我 給了一艘船 責怪祂為何沒放槳 同樣是駛向黑暗 祂說這世界我還沒見過 生活在無重力 怎麼讀空氣 別說不懂你 我他媽甚至不懂我 刺耳但助眠的白噪音將我擁入太空船的懷抱裡 太靠近黑洞我太習慣被動 我太相信人跟我講道理 [Interlude] [Verse 2 - 繩索、真空、迷宮] 受夠了身邊的每個人都想賺大錢 光是想賺到錢就不容易 到底誰有餘力 跟你談十幾億 沒本錢吃虧 沒錢炫富 但這非等閒之輩還是有很多話想說 但總是籌不到錢錄 都讀了快二十年書的我為何鏡子仍偷渡著可憎的面目呢 混濁的腎上腺素 造成我停滯 罪惡的呈堂證供 為何我拋下責任 心事卻更顯得沉重 因為再也沒有繩子拉住我 分清了身分 每次抉擇被迫變得更慎重 提不起勁的世界像是真空 少了阻力 我卻更難去掙脫 我想要振作卻無法忘掉上次努力時笨拙的樣貌 沒有骨氣的我就只想逃 記得我上次心情盪到谷底想寫遺書 結果寫得太起勁我寫成自傳 才發現原來我在懸崖邊的每一步 都是惡魔輕聲在我耳邊試探 我是看到了更好的另一邊 但沒注意到我想做的那些離開的人都已示範過了 我只敢過著每天徘徊鬼門關的那種非人般的生活 我不想靠錢來承載夢想 或是花七八十年來等待中獎 不是說窮人仇富 只是兩種人有不同的路 我們一再鬼打牆 而他們有無限活路 他們在抓誰打房 而我們在吹自己對這迷宮有多熟門熟路 互相比較收入 但低於中位數的人們占了多數 依舊對著空氣進行口頭羞辱 噴怒氣的鼻子吸著CO2 不是來自彼此 而是來自我火箭的噴口處 [Interlude] [Verse 3 - 黑煙、鐵皮、窒息] 他們燒著鈔票 靠著冒出的黑煙到處留有軌跡 我們繞著軌道 癡想要是沒照路線 會逃脫還是會掉落後墜機 有些想逃的逃掉 逃不掉的對著對面逃掉的咆嘯 有些想要堅持留在原地 但其實只是被迫滯留無法前進 同樣困在密閉虛擬鐵皮 因為過得萎靡 習慣接受揶揄 習慣深夜潰堤 新的一天欣然為了稀少利益虛與委蛇 PTSD 讓你不敢離開這鬼地方 明明血氣方剛的年紀 卻是滄桑的心 走不出太空艙 黯然倒在冰冷的金屬地面 寫下最終章 這裡沒有清晨了 只剩留給親屬的遺言 緊縮在胸腔 曾擾亂你心神的 都變成拼圖 好幾片 撿起後封箱 要體面 所以假裝風光 回到牢裡面 熟悉的真空
留言（ 2 ） 最相關留言 所有留言
留言（ 2 ）",2026-09-07,,,False,False,
2026-09-10 19:20:08,realtime,hip_hop,,,12,HomeRich,6 過去的我ft 林潔心,1,41,0,https://streetvoice.com/homerich_918/songs/878256/,https://streetvoice.com/homerich_918/,"https://akstatic.streetvoice.com/song_covers/ho/me/homerich_918/PZBhGqMeJwXHLtvwCQzRrD.jpeg?x-oss-process=image/resize,m_fill,h_400,w_400,limit_0",images/878256.jpeg,@homerich_918,音樂人,台中市,2021-08-01,,26,54,5,,,https://www.youtube.com/user/StreetVoiceTV,浮現祭重啟合輯企劃推出《為了未來的過去 拾伍載・時光膠囊》限量贈與前300名入場樂迷|||https://blow.streetvoice.com/86325/?utm_source=streetvoice&utm_medium=profile-news-block; 2026浮現祭演出名單、時間表全公開！匯集破百組海內外陣容刷新歷年紀錄|||https://blow.streetvoice.com/86176/?utm_source=streetvoice&utm_medium=profile-news-block; 赤聲躁動2025開出國際陣容，力邀SIX LOUNGE、川西奈月等台、日、韓、泰等多國新星|||https://blow.streetvoice.com/80193/?utm_source=streetvoice&utm_medium=profile-news-block,,Hip hop / Rap,吵鬧的我,https://streetvoice.com/homerich_918/songs/album/97326036/,,,"這是沒有提供歌詞的歌曲
留言（ 0 ） 最相關留言 所有留言
留言（ 0 ）",2026-09-06,,,False,False,
2026-09-10 19:20:08,realtime,hip_hop,,,13,h0sh1kuzu,Paralyzed (prod.Shad1Ade),8,556,2,https://streetvoice.com/h0sh1kuzu_m4a/songs/877999/,https://streetvoice.com/h0sh1kuzu_m4a/,"https://akstatic.streetvoice.com/song_covers/h0/sh/h0sh1kuzu_m4a/YzZVqUfb5emW8pHS9zLtck.jpg?x-oss-process=image/resize,m_fill,h_400,w_400,limit_0",images/877999.jpg,@h0sh1kuzu_m4a,音樂人,台中市,2025-11-01,,13,41,24,,,https://www.youtube.com/user/StreetVoiceTV,,,Hip hop / Rap,,,,"我動彈不得 我無路可走 我看不見螢幕後的任何結局 “I’m getting paralyzed.” - Mix:h0sh1kuzu x Shad1Ade Beat:Shad1Ade Lyrics:h0sh1kuzu 
我動彈不得 我無路可走 我看不見螢幕後的任何結局
“I’m getting paralyzed.” - Mix:h0sh1kuzu x Shad1Ade Beat:Shad1Ade Lyrics:h0sh1kuzu","Fuck love fuck trust Everything turns to dust Too close too much Now I’m choking on the rush Shut up shut up too much noise all around Too loud too proud But I’m dead inside I’m getting paralyzed 我的心在崩壞 Suck it fuck it I’m getting paralyzed Blackout crash out I’m losing track of time Shut up shut up 不管你存不存在 Too loud too proud I'm gonna end my life I’m getting paralyzed 我的心在崩壞 Paralyzed “I can’t wake up.” “Cuz I’m getting Paralyzed.” Suck it fuck it I’m getting paralyzed Blackout crash out I’m losing track of time Shut up shut up 不管你存不存在 Too loud too proud I'm gonna end my life Wake up wake up I’ve been running for miles No sleep low light I’ve been stuck in denial Fuck love fuck trust Everything turns to dust Too close too much Now I’m choking on the rush I don’t wanna feel it I don’t wanna know Every time you call me I just lose control Static in my headphones Voices in the noise Running from the memories Running from the void Running from my paranoia I can’t wake up Cuz I’m getting paralyzed 
Fuck love fuck trust Everything turns to dust Too close too much Now I’m choking on the rush Shut up shut up too much noise all around Too loud too proud But I’m dead inside
I’m getting paralyzed 我的心在崩壞
Suck it fuck it I’m getting paralyzed Blackout crash out I’m losing track of time
Shut up shut up 不管你存不存在 Too loud too proud I'm gonna end my life
I’m getting paralyzed 我的心在崩壞
Paralyzed
“I can’t wake up.” “Cuz I’m getting Paralyzed.”
Suck it fuck it I’m getting paralyzed Blackout crash out I’m losing track of time
Shut up shut up 不管你存不存在 Too loud too proud I'm gonna end my life
Wake up wake up I’ve been running for miles No sleep low light I’ve been stuck in denial
Fuck love fuck trust Everything turns to dust Too close too much Now I’m choking on the rush
I don’t wanna feel it I don’t wanna know Every time you call me I just lose control
Static in my headphones Voices in the noise Running from the memories Running from the void Running from my paranoia
I can’t wake up Cuz I’m getting paralyzed
留言（ 2 ） 最相關留言 所有留言
留言（ 2 ）",2026-09-04,,,False,False,
2026-09-10 19:20:08,realtime,hip_hop,,,14,HomeRich,4 迷宮,0,10,0,https://streetvoice.com/homerich_918/songs/878255/,https://streetvoice.com/homerich_918/,"https://akstatic.streetvoice.com/song_covers/ho/me/homerich_918/6r6QX5xTEqdUehSqgoFPBC.jpeg?x-oss-process=image/resize,m_fill,h_400,w_400,limit_0",images/878255.jpeg,@homerich_918,音樂人,台中市,2021-08-01,,26,54,5,,,https://www.youtube.com/user/StreetVoiceTV,浮現祭重啟合輯企劃推出《為了未來的過去 拾伍載・時光膠囊》限量贈與前300名入場樂迷|||https://blow.streetvoice.com/86325/?utm_source=streetvoice&utm_medium=profile-news-block; 2026浮現祭演出名單、時間表全公開！匯集破百組海內外陣容刷新歷年紀錄|||https://blow.streetvoice.com/86176/?utm_source=streetvoice&utm_medium=profile-news-block; 赤聲躁動2025開出國際陣容，力邀SIX LOUNGE、川西奈月等台、日、韓、泰等多國新星|||https://blow.streetvoice.com/80193/?utm_source=streetvoice&utm_medium=profile-news-block,,Hip hop / Rap,吵鬧的我,https://streetvoice.com/homerich_918/songs/album/97326036/,,,"我還依舊沉浸在我的思緒 我還妄想著最好的結局... 我討厭這個世界大家都一直在說謊 這個世界讓每個人都過得很徬徨 太多人四處尋覓四處徬徨 卻還是找不到方向 太多人四處尋找四處張望 卻還是找不到方向 如果這個世界沒有你我到底怎麼活 如果這個世界沒有你我到底怎麼過 你說這個世界沒有這麼多的如果 但是如果 你還在這裡呢? 那怕是一秒也好 再讓我看看你的微笑 那怕是一秒也好 再讓我看看你的微笑 戴上我的耳機開始了枯燥乏味的一天 路上的冷風讓我發了個抖 還打了個噴嚏 that's alright that's alright 我知道你不是故意丟下我的對吧 我知道你不是故意讓我一個人淚流的對吧 如果這個世界沒有你我到底怎麼活 如果這個世界沒有你我到底怎麼過 你說這個世界沒有這麼多的如果 但是如果 你還在這裡呢? 那怕是一秒也好 再讓我看看你的微笑 那怕是一秒也好 再讓我看看你的微笑 如果這個世界沒有你我到底怎麼活 如果這個世界沒有你我到底怎麼過 你說這個世界沒有這麼多的如果 但是如果 你還在這裡呢? 那怕是一秒也好 再讓我看看你的微笑 那怕是一秒也好 再讓我看看你的微笑 
我還依舊沉浸在我的思緒 我還妄想著最好的結局...
我討厭這個世界大家都一直在說謊 這個世界讓每個人都過得很徬徨 太多人四處尋覓四處徬徨 卻還是找不到方向 太多人四處尋找四處張望 卻還是找不到方向
如果這個世界沒有你我到底怎麼活 如果這個世界沒有你我到底怎麼過 你說這個世界沒有這麼多的如果 但是如果 你還在這裡呢?
那怕是一秒也好 再讓我看看你的微笑 那怕是一秒也好 再讓我看看你的微笑
戴上我的耳機開始了枯燥乏味的一天 路上的冷風讓我發了個抖 還打了個噴嚏
that's alright that's alright
我知道你不是故意丟下我的對吧 我知道你不是故意讓我一個人淚流的對吧
如果這個世界沒有你我到底怎麼活 如果這個世界沒有你我到底怎麼過 你說這個世界沒有這麼多的如果 但是如果 你還在這裡呢?
那怕是一秒也好 再讓我看看你的微笑 那怕是一秒也好 再讓我看看你的微笑
如果這個世界沒有你我到底怎麼活 如果這個世界沒有你我到底怎麼過 你說這個世界沒有這麼多的如果 但是如果 你還在這裡呢?
那怕是一秒也好 再讓我看看你的微笑 那怕是一秒也好 再讓我看看你的微笑
留言（ 0 ） 最相關留言 所有留言
留言（ 0 ）",2026-09-06,,,False,False,
2026-09-10 19:20:08,realtime,hip_hop,,,15,too1asy,drill beat,0,12,0,https://streetvoice.com/oot21/songs/878426/,https://streetvoice.com/oot21/,"https://akstatic.streetvoice.com/asset/images/default/img-profile-head-default.png?x-oss-process=image/resize,m_fill,h_400,w_400,limit_0",images/878426.png,@oot21,音樂人,,,,1,1,,,,https://www.youtube.com/user/StreetVoiceTV,,,Hip hop / Rap,,,,,"這是沒有提供歌詞的歌曲
留言（ 0 ） 最相關留言 所有留言
留言（ 0 ）",2026-09-07,,,False,False,
2026-09-10 19:20:08,realtime,hip_hop,,,16,Qtion,未命名demo,0,35,0,https://streetvoice.com/Qtion/songs/878224/,https://streetvoice.com/Qtion/,"https://akstatic.streetvoice.com/song_covers/Qt/io/Qtion/VkJ7jw2dqx4sNPTpoEPz2S.jpeg?x-oss-process=image/resize,m_fill,h_400,w_400,limit_0",images/878224.jpeg,@Qtion,音樂人,,,,15,3,6,,,https://www.youtube.com/user/StreetVoiceTV,,,Hip hop / Rap,,,,"除了編曲其他都是我 prod.drippxyblue x liis.mp3 
除了編曲其他都是我 prod.drippxyblue x liis.mp3","every time i tell my mama dont cry i can handle it alright 我也懂你給我的愛 從小你就taught me做什麼事都要all in like a movie movin slidin smoothly 稱稱重 我等很久的那叫成功 stock on the track click clack lay down face to the dark need ur 微笑 not good at melodic 做的差勁 保持我的attitude 褲頭依舊拉低 call it saggin 我回憶中的味道 back home看到桌上的水餃 沒有精心的flow & rhyme 豐富的編排 依舊代表我的表達 every time i tell my mama dont cry i can handle it alright 我也懂你給我的愛 every time i hold my tie when i cry 有時也一人待在落魄裡逃避著 曾夢想run to the top 賺到更多money 買市中心的house 可我不想花天酒地 trying to be lowkey 還沒達到目標怎麼就在想著後續 hip hop is my darling 統治我的軀體 充斥我的是buzy pussy 我不行 再頹廢下去 wont let u see me cappin nothin 詫異 forgot 我們答應過的事 竄改生活痕跡 when i focus on life 隨時能變得體 分崩離析 my wife goes 第一 不會有人期盼你 in the past i told my mama dont cry i could handle it alright 我也會懂你給我的愛 當我head this road 我就沒有想過回頭 有股力量指引著like水手朝向天空中的北斗 跟著旋律線在揮手 my words aint bullshit for real 
every time i tell my mama dont cry i can handle it alright 我也懂你給我的愛 從小你就taught me做什麼事都要all in like a movie movin slidin smoothly 稱稱重 我等很久的那叫成功 stock on the track click clack lay down face to the dark need ur 微笑 not good at melodic 做的差勁 保持我的attitude 褲頭依舊拉低 call it saggin 我回憶中的味道 back home看到桌上的水餃 沒有精心的flow & rhyme 豐富的編排 依舊代表我的表達 every time i tell my mama dont cry i can handle it alright 我也懂你給我的愛 every time i hold my tie when i cry 有時也一人待在落魄裡逃避著 曾夢想run to the top 賺到更多money 買市中心的house 可我不想花天酒地 trying to be lowkey 還沒達到目標怎麼就在想著後續 hip hop is my darling 統治我的軀體 充斥我的是buzy pussy 我不行 再頹廢下去 wont let u see me cappin nothin 詫異 forgot 我們答應過的事 竄改生活痕跡 when i focus on life 隨時能變得體 分崩離析 my wife goes 第一 不會有人期盼你 in the past i told my mama dont cry i could handle it alright 我也會懂你給我的愛 當我head this road 我就沒有想過回頭 有股力量指引著like水手朝向天空中的北斗 跟著旋律線在揮手 my words aint bullshit for real
留言（ 0 ） 最相關留言 所有留言
留言（ 0 ）",2026-09-06,,,False,False,
2026-09-10 19:20:08,realtime,hip_hop,,,17,山林那Mountain Forest Side,台北無局男子Demo,2,402,0,https://streetvoice.com/frogwag/songs/876736/,https://streetvoice.com/frogwag/,"https://akstatic.streetvoice.com/song_covers/fr/og/frogwag/jNC6VkEp8wYdnXttHUVLEV.jpg?x-oss-process=image/resize,m_fill,h_400,w_400,limit_0",images/876736.jpg,@frogwag,音樂人,新北市,2022-07-01,,2,7,3,,,https://www.youtube.com/user/StreetVoiceTV,,,Hip hop / Rap,,,,,"詞曲：廟公 饒舌：MC鮑魚 編曲：廟公 抓 the 逼 右右！星迪 寶貝！ 鼓嘎哇輪下去！ 月底了 口袋也沒錢了 是兄弟就借我一點 今晚什麼局 雙北我都可以呦 啊大概是要約幾點 我忙到現在還沒有下班 老婆表示非常體諒 快啦 車子來了 會點不到妹啊 我們都是台北的無局男子 相依為命 去找！舅！媽！ 我們都是台北的無局男子 相依為命 一起！流！浪！ 我們都是台北的無局男子 穿金戴銀 會有真！愛！嗎！ 我們都是台北的無局男子 沒錢了 要不要跟我回家 三十九 ~ 哇真的看不出來 你像二十八！ 你在那 今晚幾點下班 包廂開好了趕快過來 寶貝抱歉 我今天又要加班 忙完我就馬上回家 我們都是台北的無局男子 相依為命 去找！舅！媽！ 我們都是台北的無局男子 相依為命 一起！流！浪！ 我們都是台北的無局男子 穿金戴銀 會有真！愛！嗎！ 我們都是台北的無局男子 沒錢了 要不要跟我回家 ～rap～ 你娘勒 你幾梯的？ 林北從少年時 就開始 走店 台北橋下 黑松 甘有聽過 情人咖啡座 制禮服 383砲店 老司機帶路 不會 失氣 落雖 從台北喝到高雄 再去東莞  宿醉 上海蘇州 不熟 聽講阿妹啊 正點 懷念的是 桑拿 水中蕭 出出水 最近攏去 百達 亞洲 威思汀 嘿嘿 因為兄弟暈船老點已經上岸引退 羅總 妹仔再帶 你知道哥的口味 小框 大框 外全 不接S無所謂 我已經沒錢啦 要跟我去QK嗎？ 我們都是台北的無局男子 相依為命 去找！舅！媽！ 我們都是台北的無局男子 相依為命 一起！流！浪！ 我們都是台北的無局男子 穿金戴銀 會有真！愛！嗎！ 我們都是台北的無局男子 沒錢了 破麻們還會愛我嗎 我們都是台北的無局男子 相依為命 去找！舅！媽！ 我們都是台北的無局男子 相依為命 一起！流！浪！ 我們都是台北的無局男子 穿金戴銀 會有真！愛！嗎！ 我們都是台北的無局男子 沒錢了 要不要跟我回家 
詞曲：廟公 饒舌：MC鮑魚 編曲：廟公
抓 the 逼 右右！星迪 寶貝！ 鼓嘎哇輪下去！
月底了 口袋也沒錢了 是兄弟就借我一點
今晚什麼局 雙北我都可以呦 啊大概是要約幾點
我忙到現在還沒有下班 老婆表示非常體諒
快啦 車子來了 會點不到妹啊
我們都是台北的無局男子 相依為命 去找！舅！媽！ 我們都是台北的無局男子 相依為命 一起！流！浪！ 我們都是台北的無局男子 穿金戴銀 會有真！愛！嗎！
我們都是台北的無局男子
沒錢了
要不要跟我回家
三十九 ~ 哇真的看不出來 你像二十八！
你在那 今晚幾點下班 包廂開好了趕快過來
寶貝抱歉 我今天又要加班 忙完我就馬上回家
我們都是台北的無局男子
相依為命 去找！舅！媽！
我們都是台北的無局男子
相依為命 一起！流！浪！
我們都是台北的無局男子
穿金戴銀 會有真！愛！嗎！
我們都是台北的無局男子
沒錢了
要不要跟我回家
～rap～
你娘勒 你幾梯的？ 林北從少年時 就開始 走店 台北橋下 黑松 甘有聽過 情人咖啡座 制禮服 383砲店 老司機帶路 不會 失氣 落雖 從台北喝到高雄 再去東莞  宿醉 上海蘇州 不熟 聽講阿妹啊 正點 懷念的是 桑拿 水中蕭 出出水 最近攏去 百達 亞洲 威思汀 嘿嘿 因為兄弟暈船老點已經上岸引退 羅總 妹仔再帶 你知道哥的口味 小框 大框 外全 不接S無所謂 我已經沒錢啦 要跟我去QK嗎？
我們都是台北的無局男子
相依為命 去找！舅！媽！
我們都是台北的無局男子
相依為命 一起！流！浪！
我們都是台北的無局男子
穿金戴銀 會有真！愛！嗎！
我們都是台北的無局男子
沒錢了
破麻們還會愛我嗎
我們都是台北的無局男子
相依為命 去找！舅！媽！
我們都是台北的無局男子
相依為命 一起！流！浪！
我們都是台北的無局男子
穿金戴銀 會有真！愛！嗎！
我們都是台北的無局男子
沒錢了
要不要跟我回家
留言（ 0 ） 最相關留言 所有留言
留言（ 0 ）",2026-08-27,,編輯推薦,True,False,
2026-09-10 19:20:08,realtime,hip_hop,,,18,HomeRich,2 失去=重生,0,26,0,https://streetvoice.com/homerich_918/songs/878257/,https://streetvoice.com/homerich_918/,"https://akstatic.streetvoice.com/song_covers/ho/me/homerich_918/PZBhGqMeJwXHLtvwCQzRrD.jpeg?x-oss-process=image/resize,m_fill,h_400,w_400,limit_0",images/878257.jpeg,@homerich_918,音樂人,台中市,2021-08-01,,26,54,5,,,https://www.youtube.com/user/StreetVoiceTV,浮現祭重啟合輯企劃推出《為了未來的過去 拾伍載・時光膠囊》限量贈與前300名入場樂迷|||https://blow.streetvoice.com/86325/?utm_source=streetvoice&utm_medium=profile-news-block; 2026浮現祭演出名單、時間表全公開！匯集破百組海內外陣容刷新歷年紀錄|||https://blow.streetvoice.com/86176/?utm_source=streetvoice&utm_medium=profile-news-block; 赤聲躁動2025開出國際陣容，力邀SIX LOUNGE、川西奈月等台、日、韓、泰等多國新星|||https://blow.streetvoice.com/80193/?utm_source=streetvoice&utm_medium=profile-news-block,,Hip hop / Rap,吵鬧的我,https://streetvoice.com/homerich_918/songs/album/97326036/,,,"我討厭讓我失去一切的你 我討厭讓我失去一切的你... 我討厭 我討厭 我討厭 我討厭 我討厭 我討厭 我討厭 我討厭 又剩我一個人安靜地躺在床上 不要哭 但是那些回憶依舊綁著我的心臟 讓它不要哭 這世界充滿了規則 讓眼淚不要掉 最愛的卻愛你最深 讓它不要哭 這世界充滿規則 一顆又一顆 PILL 倒進我的胃裡 一顆又一顆 PILL 倒進我的嘴裡 一顆又一顆 PILL 塞進我的腦裡 一顆一顆 一顆又一顆 我討厭讓我失去一切的你 我討厭讓我失去一切的你 我討厭 我討厭 我討厭 我討厭 我討厭 我討厭 我討厭 我討厭 I hate you I hate you I hate you I hate you I hate you I hate you I hate you I hate you I hate you I hate you I hate you I hate you I hate you 沒看到分手那天我有多慌 你的每個微笑 依舊刻在我的心臟 算我拜託你別再來夢裡找我了好嗎 把那些回憶跟菸草全部一起燒光 對不起 我依舊沒做到 答應你的那些話語 我討厭讓我失去一切的你 我討厭讓我失去一切的你 我討厭 我討厭 我討厭 我討厭 我討厭 我討厭 我討厭 我討厭 I hate you I hate you I hate you I hate you I hate you I hate you I hate you I hate you I hate you I hate you I hate you I hate you 
我討厭讓我失去一切的你 我討厭讓我失去一切的你...
我討厭 我討厭 我討厭 我討厭 我討厭 我討厭 我討厭 我討厭
又剩我一個人安靜地躺在床上 不要哭 但是那些回憶依舊綁著我的心臟
讓它不要哭 這世界充滿了規則 讓眼淚不要掉 最愛的卻愛你最深 讓它不要哭 這世界充滿規則
一顆又一顆 PILL 倒進我的胃裡 一顆又一顆 PILL 倒進我的嘴裡 一顆又一顆 PILL 塞進我的腦裡 一顆一顆 一顆又一顆
我討厭讓我失去一切的你 我討厭讓我失去一切的你
我討厭 我討厭 我討厭 我討厭 我討厭 我討厭 我討厭 我討厭
I hate you I hate you I hate you I hate you I hate you I hate you I hate you I hate you I hate you I hate you I hate you I hate you
I hate you 沒看到分手那天我有多慌 你的每個微笑 依舊刻在我的心臟 算我拜託你別再來夢裡找我了好嗎 把那些回憶跟菸草全部一起燒光
對不起 我依舊沒做到 答應你的那些話語
我討厭讓我失去一切的你 我討厭讓我失去一切的你
我討厭 我討厭 我討厭 我討厭 我討厭 我討厭 我討厭 我討厭
I hate you I hate you I hate you I hate you I hate you I hate you I hate you I hate you I hate you I hate you I hate you I hate you
留言（ 0 ） 最相關留言 所有留言
留言（ 0 ）",2026-09-06,,,False,False,
2026-09-10 19:20:08,realtime,hip_hop,,,19,Daydream,ドキドキ(dokidoki),16,1359,3,https://streetvoice.com/28daydream/songs/876758/,https://streetvoice.com/28daydream/,"https://akstatic.streetvoice.com/song_covers/28/da/28daydream/fbBARbgiVA6mVFC4c3C6Dk.jpg?x-oss-process=image/resize,m_fill,h_400,w_400,limit_0",images/876758.jpg,@28daydream,音樂人,嘉義縣,2024-01-01,,3,20,8,,,https://www.youtube.com/user/StreetVoiceTV,破千萬點聽單曲〈Okinawa〉原唱 「咖啡廳歌單必備」自然系樂團92914首次登台！|||https://blow.streetvoice.com/67168/?utm_source=streetvoice&utm_medium=profile-news-block; 這些自創畢業歌你都看過了嗎？ 2017寫歌潮又來了|||https://blow.streetvoice.com/33816/?utm_source=streetvoice&utm_medium=profile-news-block; 達人聽歌：微酸的偷窺狂〈過去的過不去〉直白爽快 毫不保留的歌詞讓人雀躍舞動|||https://blow.streetvoice.com/29315/?utm_source=streetvoice&utm_medium=profile-news-block,,Hip hop / Rap,,,,"高中時的戀愛 雖然有一點短暫♪♫ 作詞｜Daydream 賴婕綺 作曲｜Daydream 賴婕綺 type beat｜CALL ME （ https://youtu.be/m2Qarizoq6Q?si=K_KX-G-KdSzg0OlG） 錄音｜Daydream 賴婕綺 混音｜Daydream 賴婕綺 封面｜Daydream 賴婕綺、攝影師｜Weirdy 
高中時的戀愛 雖然有一點短暫♪♫
作詞｜Daydream 賴婕綺 作曲｜Daydream 賴婕綺 type beat｜CALL ME （ https://youtu.be/m2Qarizoq6Q?si=K_KX-G-KdSzg0OlG） 錄音｜Daydream 賴婕綺 混音｜Daydream 賴婕綺 封面｜Daydream 賴婕綺、攝影師｜Weirdy
https://youtu.be/m2Qarizoq6Q?si=K_KX-G-KdSzg0OlG）","動態歌詞
心！ ドキドキドキドキドキドキド 我⋯ 好好好好緊張緊張好好好好緊張 手 牽著又緊握緊牽著又心動 殺死我的到底是浪漫 還是你的手指頭？ 你一口 我一口 吃吃看 這不錯 我保證 有以後 你願不願 意跟我走？ 闖進我心房的理由 難不成是看上我優秀的面孔 哦 我心房已上了鎖 命令你只准牽我手 看著我雙眸再親我一口 其他的就晚點再說 專屬於你的鑰匙 我早就放在你制服右邊口袋 我喜歡你喜歡得要死 如果可以想把你裝進右邊口袋 交換運動服外套 身上穿著你的香味我好喜歡 便當盒忘了帶到 沒關係去你們班吃你碗內的菜 我恨不得大聲炫耀 四處公告 讓知道你的人知道 你有我罩 只要你一開口我就會笑 你的身影你的心跳我都明瞭 我們是備受矚目的焦點 旁人羨慕都找不到缺點 有時會磨合有時會冤家 了解彼此原意各退一些 關於愛情我能明白 你對愛的不安和恐懼感 現在說這不算太晚 從現在開始調整愛的型態 心！ ドキドキドキドキドキドキド 我⋯ 好好好好緊張緊張好好好好緊張 手 牽著又緊握緊牽著又心動 殺死我的到底是浪漫 還是你的手指頭？？ 
心！ ドキドキドキドキドキドキド 我⋯ 好好好好緊張緊張好好好好緊張 手 牽著又緊握緊牽著又心動 殺死我的到底是浪漫 還是你的手指頭？ 你一口 我一口 吃吃看 這不錯 我保證 有以後 你願不願 意跟我走？ 闖進我心房的理由 難不成是看上我優秀的面孔 哦 我心房已上了鎖 命令你只准牽我手 看著我雙眸再親我一口 其他的就晚點再說 專屬於你的鑰匙 我早就放在你制服右邊口袋 我喜歡你喜歡得要死 如果可以想把你裝進右邊口袋 交換運動服外套 身上穿著你的香味我好喜歡 便當盒忘了帶到 沒關係去你們班吃你碗內的菜 我恨不得大聲炫耀 四處公告 讓知道你的人知道 你有我罩 只要你一開口我就會笑 你的身影你的心跳我都明瞭 我們是備受矚目的焦點 旁人羨慕都找不到缺點 有時會磨合有時會冤家 了解彼此原意各退一些 關於愛情我能明白 你對愛的不安和恐懼感 現在說這不算太晚 從現在開始調整愛的型態 心！ ドキドキドキドキドキドキド 我⋯ 好好好好緊張緊張好好好好緊張 手 牽著又緊握緊牽著又心動 殺死我的到底是浪漫 還是你的手指頭？？
留言（ 3 ） 最相關留言 所有留言
留言（ 3 ）",2026-08-28,,編輯推薦,True,False,
2026-09-10 19:20:08,realtime,hip_hop,,,20,kaikai,20260906練習,0,12,0,https://streetvoice.com/st900253/songs/878245/,https://streetvoice.com/st900253/,"https://akstatic.streetvoice.com/music_albums/st/90/st900253/BMuCEkyFjb7NrnHwLyBKyQ.jpeg?x-oss-process=image/resize,m_fill,h_400,w_400,limit_0",images/878245.jpeg,@st900253,音樂人,,,,1,,1,,,https://www.youtube.com/user/StreetVoiceTV,「寶寶」入歌 MC YK 發起你留言我寫歌|||https://blow.streetvoice.com/20281/?utm_source=streetvoice&utm_medium=profile-news-block,,Hip hop / Rap,DJ混音練習,https://streetvoice.com/st900253/songs/album/97324701/,,,"這是沒有提供歌詞的歌曲
留言（ 0 ） 最相關留言 所有留言
留言（ 0 ）",2026-09-06,,,False,False,
2026-09-10 19:20:08,realtime,hip_hop,,,21,D-R¥DE,USED TO,1,64,3,https://streetvoice.com/ttt_ryder/songs/877863/,https://streetvoice.com/ttt_ryder/,"https://akstatic.streetvoice.com/song_covers/tt/t_/ttt_ryder/k2BCQ5dEWbbWqZxaLiS8Uo.jpg?x-oss-process=image/resize,m_fill,h_400,w_400,limit_0",images/877863.jpg,@ttt_ryder,音樂人,,,,10,4,3,,,https://www.youtube.com/user/StreetVoiceTV,,,Hip hop / Rap,,,,"還是過著一樣的生活 YT : https://youtu.be/qsndHicYBi8?si=bcfqPjdbtYQ2WBSX 
還是過著一樣的生活 YT : https://youtu.be/qsndHicYBi8?si=bcfqPjdbtYQ2WBSX
https://youtu.be/qsndHicYBi8?si=bcfqPjdbtYQ2WBSX","看著同樣的星空like we used to Babe you're still calling my phone like we used to 說著同樣的問候like we used to 還是過著同個生活 like we used to used to 當你看著我不整齊的衣衫 拉起領帶的雙手已不再 But your sound is still on my mind I hope so if our story could be rewrite 再相遇 別等待 Have seen your face thousand times 那份溫柔我習慣 不意外 別再跟我說不愛又分開 如果你是世界上最高的mountain Imma climb to the mountain top 看來命中注定要做我的愛人 別躲藏了快說實話 希望這份愛會再繼續 留下許多全新的插曲 浪漫程度就像連續劇 意想不到的幕後花絮 There's only you can keep me cool Everything I see you I think I'm the fool There's only you can keep me cool I know everything about you so do you 看著同樣的星空like we used to Babe you're still calling my phone like we used to 說著同樣的問候like we used to 還是過著同個生活 ... There's only me and you I know it's okay why you're so confused With you, spend my whole life with you There's only me and you I know it's okay why you're so confused With you, spend my whole life with you Yaya 
看著同樣的星空like we used to Babe you're still calling my phone like we used to 說著同樣的問候like we used to 還是過著同個生活 like we used to used to
當你看著我不整齊的衣衫 拉起領帶的雙手已不再 But your sound is still on my mind I hope so if our story could be rewrite
再相遇 別等待 Have seen your face thousand times 那份溫柔我習慣 不意外 別再跟我說不愛又分開
如果你是世界上最高的mountain Imma climb to the mountain top 看來命中注定要做我的愛人 別躲藏了快說實話
希望這份愛會再繼續 留下許多全新的插曲 浪漫程度就像連續劇 意想不到的幕後花絮
There's only you can keep me cool Everything I see you I think I'm the fool There's only you can keep me cool I know everything about you so do you
看著同樣的星空like we used to Babe you're still calling my phone like we used to 說著同樣的問候like we used to 還是過著同個生活 ...
There's only me and you I know it's okay why you're so confused With you, spend my whole life with you There's only me and you I know it's okay why you're so confused With you, spend my whole life with you
Yaya
留言（ 3 ） 最相關留言 所有留言
留言（ 3 ）",2026-09-04,,,False,False,
2026-09-10 19:20:08,realtime,hip_hop,,,22,OneTake,Never Go Back,2,270,1,https://streetvoice.com/Jamesforeal/songs/876377/,https://streetvoice.com/Jamesforeal/,"https://akstatic.streetvoice.com/song_covers/Ja/me/Jamesforeal/Sb4ofjS4NCKBEoR7SeGEsJ.jpeg?x-oss-process=image/resize,m_fill,h_400,w_400,limit_0",images/876377.jpeg,@Jamesforeal,音樂人,彰化縣,2022-10-01,,12,26,9,,,https://www.youtube.com/user/StreetVoiceTV,,,Hip hop / Rap,Experiment,https://streetvoice.com/Jamesforeal/songs/album/97325961/,,"https://www.instagram.com/onetake.p/ https://www.instagram.com/yenontheroof/ https://www.instagram.com/piemia_500/ 詞曲/Lyrics&Compose:OneTake 編曲/Arranger:OneTake 錄音/Recording:YEN 混音/Mixing:YEN 母帶/Mastering:YEN 
https://www.instagram.com/onetake.p/ https://www.instagram.com/yenontheroof/ https://www.instagram.com/piemia_500/
https://www.instagram.com/onetake.p/
https://www.instagram.com/yenontheroof/
https://www.instagram.com/piemia_500/
詞曲/Lyrics&Compose:OneTake 編曲/Arranger:OneTake 錄音/Recording:YEN 混音/Mixing:YEN 母帶/Mastering:YEN","Aye 我才懂快樂是珍貴寶 瞬間所有死結全都打通 無法忍受高的分貝吵到驚醒感受像是打鐘 無法針對好或壞的方向 結果沒辦法矇 精神和音樂用心保護 難以破壞就像馬蜂窩 要是決定和想法鬆脫 那會不會後悔 讓我瀟灑在台上動作 耳機剩伴奏才不怕臭嘴 Sent a beat to ma homie叫送貨 拍子上出擊不是花拳和繡腿 台子上我們搭肩又勾背 Still move on never go back or fall back 才沒那麼多事好多想 說我感覺的又何必說謊 實力證明才不是奪獎 尋找靈感像我也活網 看到機會yeah man i gotta hold that 沒理由讓我願意脫隊 只要無得失那利益就都被 淡化 再無償也不會說退 看我時常低血糖 飢餓的表現在機會上 發現全新的好狀態 像肌肉記憶 馬上記在備忘 錄 再分享我的經過 不只是慶祝甚至包括罪狀 速寫我的心情 以及我的輪廓 甚至每個醉樣 Like huh Like 更照顧我的日常 一切由裡到外 回憶太過沈重同時也眷戀 放腦裡倒帶 童年夜市的圈圈小到大的時間都套在慾望 逃不出貪瞋癡 我們一生中的要害 我才懂快樂是珍貴寶 瞬間所有死結全都打通 無法忍受高的分貝吵到驚醒感受像是打鐘 無法針對好或壞的方向 結果沒辦法矇 精神和音樂用心保護 難以破壞就像馬蜂窩 要是決定和想法鬆脫 那會不會後悔 讓我瀟灑在台上動作 耳機剩伴奏才不怕臭嘴 Sent a beat to ma homie叫送貨 拍子上出擊不是花拳和繡腿 台子上我們搭肩又勾背 Still move on never go back or fall back But I never sell my soul 心比早上的露水還透 只賣我的日常點滴如假包換 不靠編造來湊 穿著制服當流氓 那種聞起來比走偏門還臭 低調不代表事情白做 時間要輪到了我才露 出我的鋒芒 讓你享受我的世界沒有了匆忙 生活就是起起伏伏 才沒什麼事情是通常 Never go back, I gotta move on 熟悉的房間只剩下空床 like 沒時間再多睡 鬧鐘正瘋狂ringing 叮嚀我清醒 (我有自己的原則） （就是不想一輩子在別人面前低頭） （你以為我很喜歡跟人乞討嗎？） （我倒霉了三年，就是要等一個機會） 我才懂快樂是珍貴寶 瞬間所有死結全都打通 無法忍受高的分貝吵到驚醒感受像是打鐘 無法針對好或壞的方向 結果沒辦法矇 精神和音樂用心保護 難以破壞就像馬蜂窩 要是決定和想法鬆脫 那會不會後悔 讓我瀟灑在台上動作 耳機剩伴奏才不怕臭嘴 Sent a beat to ma homie叫送貨 拍子上出擊不是花拳和繡腿 台子上我們搭肩又勾背 Still move on never go back or fall back （我要爭一口氣） （不是要證明我比別人威風） （只是想告訴人家） （我不見了的東西，我自己一定要拿回來） （你看你像什麼？你看你自己像什麼？） （做壞人的時候給人家罵） （做好人的時候，連走兩步也被跟蹤） 
Aye 我才懂快樂是珍貴寶 瞬間所有死結全都打通 無法忍受高的分貝吵到驚醒感受像是打鐘 無法針對好或壞的方向 結果沒辦法矇 精神和音樂用心保護 難以破壞就像馬蜂窩 要是決定和想法鬆脫 那會不會後悔 讓我瀟灑在台上動作 耳機剩伴奏才不怕臭嘴 Sent a beat to ma homie叫送貨 拍子上出擊不是花拳和繡腿 台子上我們搭肩又勾背 Still move on never go back or fall back
才沒那麼多事好多想 說我感覺的又何必說謊 實力證明才不是奪獎 尋找靈感像我也活網 看到機會yeah man i gotta hold that 沒理由讓我願意脫隊 只要無得失那利益就都被 淡化 再無償也不會說退 看我時常低血糖 飢餓的表現在機會上 發現全新的好狀態 像肌肉記憶 馬上記在備忘 錄 再分享我的經過 不只是慶祝甚至包括罪狀 速寫我的心情 以及我的輪廓 甚至每個醉樣 Like huh Like 更照顧我的日常 一切由裡到外 回憶太過沈重同時也眷戀 放腦裡倒帶 童年夜市的圈圈小到大的時間都套在慾望 逃不出貪瞋癡 我們一生中的要害
我才懂快樂是珍貴寶 瞬間所有死結全都打通 無法忍受高的分貝吵到驚醒感受像是打鐘 無法針對好或壞的方向 結果沒辦法矇 精神和音樂用心保護 難以破壞就像馬蜂窩 要是決定和想法鬆脫 那會不會後悔 讓我瀟灑在台上動作 耳機剩伴奏才不怕臭嘴 Sent a beat to ma homie叫送貨 拍子上出擊不是花拳和繡腿 台子上我們搭肩又勾背 Still move on never go back or fall back
But I never sell my soul 心比早上的露水還透 只賣我的日常點滴如假包換 不靠編造來湊 穿著制服當流氓 那種聞起來比走偏門還臭 低調不代表事情白做 時間要輪到了我才露 出我的鋒芒 讓你享受我的世界沒有了匆忙 生活就是起起伏伏 才沒什麼事情是通常 Never go back, I gotta move on 熟悉的房間只剩下空床 like 沒時間再多睡 鬧鐘正瘋狂ringing 叮嚀我清醒
(我有自己的原則） （就是不想一輩子在別人面前低頭） （你以為我很喜歡跟人乞討嗎？） （我倒霉了三年，就是要等一個機會）
我才懂快樂是珍貴寶 瞬間所有死結全都打通 無法忍受高的分貝吵到驚醒感受像是打鐘 無法針對好或壞的方向 結果沒辦法矇 精神和音樂用心保護 難以破壞就像馬蜂窩 要是決定和想法鬆脫 那會不會後悔 讓我瀟灑在台上動作 耳機剩伴奏才不怕臭嘴 Sent a beat to ma homie叫送貨 拍子上出擊不是花拳和繡腿 台子上我們搭肩又勾背 Still move on never go back or fall back
（我要爭一口氣） （不是要證明我比別人威風） （只是想告訴人家） （我不見了的東西，我自己一定要拿回來） （你看你像什麼？你看你自己像什麼？） （做壞人的時候給人家罵） （做好人的時候，連走兩步也被跟蹤）
留言（ 1 ） 最相關留言 所有留言
留言（ 1 ）",2026-08-28,,編輯推薦,True,False,
2026-09-10 19:20:08,realtime,hip_hop,,,23,OneTake,Refresh,3,334,0,https://streetvoice.com/Jamesforeal/songs/876373/,https://streetvoice.com/Jamesforeal/,"https://akstatic.streetvoice.com/song_covers/Ja/me/Jamesforeal/3vmsydL6NwLL4XkqBc6bwB.jpeg?x-oss-process=image/resize,m_fill,h_400,w_400,limit_0",images/876373.jpeg,@Jamesforeal,音樂人,彰化縣,2022-10-01,,12,26,9,,,https://www.youtube.com/user/StreetVoiceTV,,,Hip hop / Rap,Experiment,https://streetvoice.com/Jamesforeal/songs/album/97325961/,,"https://www.instagram.com/onetake.p/ https://www.instagram.com/yenontheroof/ https://www.instagram.com/piemia_500/ 詞曲/Lyrics&Compose:OneTake 編曲/Arranger:OneTake 錄音/Recording:YEN 混音/Mixing:YEN 母帶/Mastering:YEN 
https://www.instagram.com/onetake.p/ https://www.instagram.com/yenontheroof/ https://www.instagram.com/piemia_500/
https://www.instagram.com/onetake.p/
https://www.instagram.com/yenontheroof/
https://www.instagram.com/piemia_500/
詞曲/Lyrics&Compose:OneTake 編曲/Arranger:OneTake 錄音/Recording:YEN 混音/Mixing:YEN 母帶/Mastering:YEN","Pause, 前面路口停下來 找好方向(my way) 把目光收回自己身上 別四處張望 Man if u want it, go get it 向前走朝著光亮(get it) 走好自己的路 全力衝不怕相撞(no) Huh 狀況先搞清楚 才能對症下藥(check) 樂極了也像是有病 獨自一人在房間裡大笑(ha) Uh 自信到只說Go 瘋起來我都不會嚇到 我還是張白紙 沒溜過冰沒飛行駕照(white) Man I might be great, but I never been on TV show(never) 多少人的藥丸藥罐都是CD做的(CD) 聽過我溫暖的聲音不只7DB做的(DB) If I’m a diamond, 只聽聲音也感覺閃爍著(shine) Hold on, refresh, 忘了自己幾歲(ha!) 行得正就走得直 坐著貼緊椅背(go) 重新整理 出去走走或家裡睡(睡) 認真想過的答覆 沒意外all might be fake Refresh, hold on, refresh Refresh, hold on, refresh Refresh, hold on, refresh Refresh, hold on Huh yeah, Hold my grenade(boom) 言論顛覆感官 把整顆塞進嘴內(pop it) Huh yeah, 嚴格控制水位(yah) 別讓自己說不了話 整個人栽進水內 Huh I told u 得要說點話別埋在心裡面 無慮就無憂 life is good 但能派對幾遍 Sometimes hard to breathe 當下只想聚在一起Jam 意外的假期太昂貴 像抽到高級禮券 Mmm 都說是good old day What’s mean good 或許烏雲go away Y’all know 時間靈感都貴 You wanna take my time 要多少都得收費 Hold on, refresh, 忘了自己幾歲 行得正就走得直 坐著貼緊椅背 重新整理 出去走走或家裡睡 認真想過的答覆 沒意外all might be fake Refresh, hold on, refresh Refresh, hold on, refresh Refresh, hold on, refresh Refresh, hold on 
Pause, 前面路口停下來 找好方向(my way) 把目光收回自己身上 別四處張望 Man if u want it, go get it 向前走朝著光亮(get it) 走好自己的路 全力衝不怕相撞(no) Huh 狀況先搞清楚 才能對症下藥(check) 樂極了也像是有病 獨自一人在房間裡大笑(ha) Uh 自信到只說Go 瘋起來我都不會嚇到 我還是張白紙 沒溜過冰沒飛行駕照(white) Man I might be great, but I never been on TV show(never) 多少人的藥丸藥罐都是CD做的(CD) 聽過我溫暖的聲音不只7DB做的(DB) If I’m a diamond, 只聽聲音也感覺閃爍著(shine)
Hold on, refresh, 忘了自己幾歲(ha!) 行得正就走得直 坐著貼緊椅背(go) 重新整理 出去走走或家裡睡(睡) 認真想過的答覆 沒意外all might be fake Refresh, hold on, refresh Refresh, hold on, refresh Refresh, hold on, refresh Refresh, hold on
Huh yeah, Hold my grenade(boom) 言論顛覆感官 把整顆塞進嘴內(pop it) Huh yeah, 嚴格控制水位(yah) 別讓自己說不了話 整個人栽進水內 Huh I told u 得要說點話別埋在心裡面 無慮就無憂 life is good 但能派對幾遍 Sometimes hard to breathe 當下只想聚在一起Jam 意外的假期太昂貴 像抽到高級禮券 Mmm 都說是good old day What’s mean good 或許烏雲go away Y’all know 時間靈感都貴 You wanna take my time 要多少都得收費
Hold on, refresh, 忘了自己幾歲 行得正就走得直 坐著貼緊椅背 重新整理 出去走走或家裡睡 認真想過的答覆 沒意外all might be fake Refresh, hold on, refresh Refresh, hold on, refresh Refresh, hold on, refresh Refresh, hold on
留言（ 0 ） 最相關留言 所有留言
留言（ 0 ）",2026-08-28,,編輯推薦,True,False,
2026-09-10 19:20:08,realtime,hip_hop,,,24,ninety.once,選擇題（feat.yangminshan),0,111,0,https://streetvoice.com/mu91_747/songs/877729/,https://streetvoice.com/mu91_747/,"https://akstatic.streetvoice.com/song_covers/mu/91/mu91_747/XFa3fGpDG7R6d2NryekhsS.jpg?x-oss-process=image/resize,m_fill,h_400,w_400,limit_0",images/877729.jpg,@mu91_747,音樂人,,,,1,,,,,https://www.youtube.com/user/StreetVoiceTV,,,Hip hop / Rap,,,,,"我擦乾我的眼淚希望你沒看見 想牽著你的雙手 這一刻變永遠 Oh my baby girl 我知道你還不忍心 Oh我愛你 從來都不是選擇題 抱著你親吻你 不知道是第幾遍 喝了酒我們兩個尺度沒有極限 給他買個包是好男人該有標配 給你買了雙新鞋 請你不要嫌貴 等我有錢帶你去Shibuya 靠在我的肩膀在晴空塔 享受這一種氛圍 哪怕就只剩one more day A so u want to Mary me 你說過的我想要見你 但是我控制不住我現在就想看見你 What ever every day I luv u in my face 我想要你靠近我這樣才能be ur man I luv you more now 熾烈的心不停在跳動 又繞了一圈 平行線也終將會交錯 唯一的信念是你胸膛微弱的脈搏 如果你走了就當我也從沒有愛過 Baby沒有打通的電話 你現在還會不會接 有一瞬間我以為你又回到我的身邊 我的愛你不懂 像沒有牽的手 我陪在你左右 只要你不嫌棄我 
我擦乾我的眼淚希望你沒看見 想牽著你的雙手 這一刻變永遠 Oh my baby girl 我知道你還不忍心 Oh我愛你 從來都不是選擇題 抱著你親吻你 不知道是第幾遍 喝了酒我們兩個尺度沒有極限 給他買個包是好男人該有標配 給你買了雙新鞋 請你不要嫌貴 等我有錢帶你去Shibuya 靠在我的肩膀在晴空塔 享受這一種氛圍 哪怕就只剩one more day A so u want to Mary me 你說過的我想要見你 但是我控制不住我現在就想看見你 What ever every day I luv u in my face 我想要你靠近我這樣才能be ur man I luv you more now 熾烈的心不停在跳動 又繞了一圈 平行線也終將會交錯 唯一的信念是你胸膛微弱的脈搏 如果你走了就當我也從沒有愛過 Baby沒有打通的電話 你現在還會不會接 有一瞬間我以為你又回到我的身邊 我的愛你不懂 像沒有牽的手 我陪在你左右 只要你不嫌棄我
留言（ 0 ） 最相關留言 所有留言
留言（ 0 ）",2026-09-03,,,False,False,
2026-09-10 19:20:08,realtime,hip_hop,,,25,LJ433aka小浚littlejun,COLD,6,703,3,https://streetvoice.com/holy_voice_8kv/songs/877507/,https://streetvoice.com/holy_voice_8kv/,"https://akstatic.streetvoice.com/song_covers/ho/ly/holy_voice_8kv/R6JrbHXGkPxBZJfHqTAjMu.jpeg?x-oss-process=image/resize,m_fill,h_400,w_400,limit_0",images/877507.jpeg,@holy_voice_8kv,音樂人,台中市,2024-06-01,,4,8,9,,,https://www.youtube.com/user/StreetVoiceTV,,,Hip hop / Rap,,,,"冷 混音可以私訊我哀居: junhong_12.28 mixing:LJ433 master:LJ433 beats:Mehti https://www.youtube.com/watch?v=yJpyY2CIS2k 
冷 混音可以私訊我哀居: junhong_12.28
mixing:LJ433 master:LJ433 beats:Mehti https://www.youtube.com/watch?v=yJpyY2CIS2k
https://www.youtube.com/watch?v=yJpyY2CIS2k","I feeling cold I feeling cold I feeling cold I feeling cold I feeling cold I feeling cold I feeling cold I feeling cold 外面下著冰雹 懂危險的信號 U guys batter watching me 排緊湊的韻腳 筆記全都記好 老師下節要查筆記 你們全都出來別再胡來我就他媽要打第一 U know what i mean煙灰往你身上倒你個小弟弟 裝逼太久了你忘記你從哪裡出發的了嗎 叛逆太久了你忘記出門前爸爸說的話 為何你變那麼冷酷 眼神也變那麼殺 體感有零下三度 feeling wtf 讓你被冰凍我很抱歉 生起一團火被當成硝煙 有無數人想要跟我熱戀 但我冷酷的像我的項鍊 I feeling cold I feeling cold I feeling cold I feeling cold I feeling cold I feeling cold I feeling cold I feeling cold I feeling cold cold as fuck 就讓這機械的聲音往他頭上射一發 Step by step 踩過你就像是哥吉拉 Day by day擊潰你然後找你的下一個住所 就為了讓你這群廢物能住口 不再有發言權 清理像污垢 讓他們say 對 做事不可能糊弄 砍下那手臂再砍下那豬頭 Kill it and get it 這狀態like drug Brand new 的風格他聽了say what 噴射了一堆塞進你的嘴巴 None stop aim to the spot Yeah sent me 更多 想好了就堅定地做 別把人生當扮家家酒 能重來的機會不多 要相信因果 有些靈感只是經過 把握住時間停留 別再每次acting so cold 
I feeling cold I feeling cold I feeling cold I feeling cold I feeling cold I feeling cold I feeling cold I feeling cold
外面下著冰雹 懂危險的信號 U guys batter watching me 排緊湊的韻腳 筆記全都記好 老師下節要查筆記
你們全都出來別再胡來我就他媽要打第一 U know what i mean煙灰往你身上倒你個小弟弟 裝逼太久了你忘記你從哪裡出發的了嗎 叛逆太久了你忘記出門前爸爸說的話
為何你變那麼冷酷 眼神也變那麼殺 體感有零下三度 feeling wtf
讓你被冰凍我很抱歉 生起一團火被當成硝煙 有無數人想要跟我熱戀 但我冷酷的像我的項鍊
I feeling cold I feeling cold I feeling cold I feeling cold I feeling cold I feeling cold I feeling cold I feeling cold
I feeling cold cold as fuck 就讓這機械的聲音往他頭上射一發 Step by step 踩過你就像是哥吉拉 Day by day擊潰你然後找你的下一個住所 就為了讓你這群廢物能住口 不再有發言權 清理像污垢 讓他們say 對 做事不可能糊弄 砍下那手臂再砍下那豬頭
Kill it and get it 這狀態like drug Brand new 的風格他聽了say what 噴射了一堆塞進你的嘴巴 None stop aim to the spot
Yeah sent me 更多 想好了就堅定地做 別把人生當扮家家酒 能重來的機會不多
要相信因果 有些靈感只是經過 把握住時間停留 別再每次acting so cold
留言（ 3 ） 最相關留言 所有留言
留言（ 3 ）",2026-09-02,,,False,False,
2026-09-10 19:20:08,realtime,hip_hop,,,26,NØIR,測驗 Remix,3,43,0,https://streetvoice.com/jasper980827/songs/877753/,https://streetvoice.com/jasper980827/,"https://akstatic.streetvoice.com/song_covers/ja/sp/jasper980827/HopxCFbJBNkNmXXDzbsRay.jpeg?x-oss-process=image/resize,m_fill,h_400,w_400,limit_0",images/877753.jpeg,@jasper980827,音樂人,台北市,2026-01-01,,8,27,14,,,https://www.youtube.com/user/StreetVoiceTV,,,Hip hop / Rap,,,,"一重又一重的測試中 我有幾分又沒過? - 測驗 Open verse challenge 💕 Lyrics: NØIR Composer: NØIR Producer: NØIR Recording Engineer: NØIR Mixing Engineer: NØIR Mastering Engineer: NØIR Cover Artwork: NØIR 
一重又一重的測試中 我有幾分又沒過? - 測驗 Open verse challenge 💕 Lyrics: NØIR Composer: NØIR Producer: NØIR Recording Engineer: NØIR Mixing Engineer: NØIR Mastering Engineer: NØIR Cover Artwork: NØIR","喔Shwaty 別管他們對你說得話 我喜歡你微笑的側臉 陪你每個盛夏 就讓大雨都沖刷 能不能坐下來聽我說話 就算這世界全部崩塌 我也會為你扛下 記住你說過的話 他們都不懂你的心情 你給我出的考題 我像是開了作弊 再為你多寫一首給你 又掉進你的陷阱 但我是非常願意 雖然我不擅長去關心 但為你加倍努力 你能不能把我記起 這段還不夠讓我盡興 把對你的愛都寫進我的歌裡 回憶像一捆底片 我變得越來越沒有底限 的想把你留在身邊 會不會太自私點 莫名其妙的雨天 把我們裝進同一把傘裡面 讓我們能靠近一些 如果這只是你的測驗 
喔Shwaty 別管他們對你說得話 我喜歡你微笑的側臉 陪你每個盛夏 就讓大雨都沖刷 能不能坐下來聽我說話 就算這世界全部崩塌 我也會為你扛下 記住你說過的話 他們都不懂你的心情 你給我出的考題 我像是開了作弊 再為你多寫一首給你 又掉進你的陷阱 但我是非常願意 雖然我不擅長去關心 但為你加倍努力 你能不能把我記起 這段還不夠讓我盡興 把對你的愛都寫進我的歌裡 回憶像一捆底片 我變得越來越沒有底限 的想把你留在身邊 會不會太自私點 莫名其妙的雨天 把我們裝進同一把傘裡面 讓我們能靠近一些 如果這只是你的測驗
留言（ 0 ） 最相關留言 所有留言
留言（ 0 ）",2026-09-03,,,False,False,
2026-09-10 19:20:08,realtime,hip_hop,,,27,阿洛,普通 demo,0,20,0,https://streetvoice.com/Frankly_/songs/877731/,https://streetvoice.com/Frankly_/,"https://akstatic.streetvoice.com/song_covers/Fr/an/Frankly_/dMHvHikBQ25UcJKzCFMN7B.jpg?x-oss-process=image/resize,m_fill,h_400,w_400,limit_0",images/877731.jpg,@Frankly_,音樂人,台南市,2022-11-01,,2,1,1,,,https://www.youtube.com/user/StreetVoiceTV,阿洛與南島女音樂人跨國合作新專輯《女人島》 舒米恩獻聲展現阿美族複音搭唱|||https://blow.streetvoice.com/72209/?utm_source=streetvoice&utm_medium=profile-news-block; 【金曲37】2026年第37屆金曲獎得獎名單|||https://blow.streetvoice.com/88509/?utm_source=streetvoice&utm_medium=profile-news-block; 【金曲37】第37屆金曲獎入圍名單公布 陳嫺靜、Gummy B入圍最佳歌手獎|||https://blow.streetvoice.com/87754/?utm_source=streetvoice&utm_medium=profile-news-block,,Hip hop / Rap,,,,"「曾經想過自己是超級英雄 有超能力可以幫助他人 慢慢過了那個年紀發現 自己還是那樣的普通 這首歌送給還在迷茫的你 雖然普通但普通的像超級英雄。」 
「曾經想過自己是超級英雄 有超能力可以幫助他人 慢慢過了那個年紀發現 自己還是那樣的普通 這首歌送給還在迷茫的你 雖然普通但普通的像超級英雄。」","我習慣，晝夜不分的漫步 映入眼前是撒著碎玻璃，的紅磚路 彈去手上的菸頭 當菸灰在空氣中縱橫，數不清 想不開的念頭，起伏不定，又想起誰 身邊好友讀書工作，清一色是一流 現已成就，有如輕飄飄的氣球 該怎麼做，才能成為漫畫中的英雄 Batman,Sipdey,focus on the fighting 濛濛渺渺，夜裡不睡只會typing 未來到底該怎麼走，我還不知道 一覺醒來，重複不怎麼樣的力道 
我習慣，晝夜不分的漫步 映入眼前是撒著碎玻璃，的紅磚路
彈去手上的菸頭 當菸灰在空氣中縱橫，數不清 想不開的念頭，起伏不定，又想起誰
身邊好友讀書工作，清一色是一流 現已成就，有如輕飄飄的氣球 該怎麼做，才能成為漫畫中的英雄
Batman,Sipdey,focus on the fighting 濛濛渺渺，夜裡不睡只會typing 未來到底該怎麼走，我還不知道 一覺醒來，重複不怎麼樣的力道
留言（ 0 ） 最相關留言 所有留言
留言（ 0 ）",2026-09-03,,,False,False,
2026-09-10 19:20:08,realtime,hip_hop,,,28,Drifting_bottle_official,清醒 Awake,1,107,1,https://streetvoice.com/Drifting_bottle_offical/songs/875721/,https://streetvoice.com/Drifting_bottle_offical/,"https://akstatic.streetvoice.com/song_covers/Dr/if/Drifting_bottle_offical/9H7kYXi7keak3mCfmh2Eaa.jpeg?x-oss-process=image/resize,m_fill,h_400,w_400,limit_0",images/875721.jpeg,@Drifting_bottle_offical,音樂人,,,,13,12,13,,,https://www.youtube.com/user/StreetVoiceTV,,,Hip hop / Rap,,,,"製作Producer：伊恩Ian 作詞Lyrics：伊恩Ian 作曲Composer：伊恩Ian 編曲Arranger：JascoBeats 混音Mixing：  伊恩Ian 母帶Mastering：伊恩Ian 錄音工程Recording Engineering：伊恩Ian 和聲編寫及錄製Backing Vocals：伊恩Ian 特別感謝spical thanks : 永遠的教主A小姐 
製作Producer：伊恩Ian 作詞Lyrics：伊恩Ian 作曲Composer：伊恩Ian 編曲Arranger：JascoBeats 混音Mixing：  伊恩Ian 母帶Mastering：伊恩Ian 錄音工程Recording Engineering：伊恩Ian 和聲編寫及錄製Backing Vocals：伊恩Ian 特別感謝spical thanks : 永遠的教主A小姐","上一秒的我 下一秒閃過 無數的自我在腦裡爭吵怒吼 要怎麼做 才能夠被拯救 還是我這輩子就只能承受 身上的病 帶來無數的傷痕 心在呻吟 聲帶卻發不出聲 夜越來越深 越來越滲人 進入習慣不自覺到了清晨 尖銳的心 扎入關懷的眼神 變得冷冰 如同惡魔被封印 天越來越明 越來越清晰 成了病態不自覺躲避清醒 早已習慣的病 這是我該承受的命 曾經試圖抱怨著不公平 但好像也沒有人在聽 沒有人聽 沒有人停 沒有人能將我的碎片拼 想要你們把我當作透明 就好像是玻璃 不斷上演互相傷害那種劇情 上一秒的我 下一秒閃過 無數的自我在腦裡爭吵怒吼 要怎麼做 怎麼做 才能夠 被拯救 還是我這一輩子就只能承受 儘管這一切都不是我犯下的錯 身上的病 帶來無數的傷痕 心在呻吟 聲帶卻發不出聲 夜越來越深 越來越滲人 進入習慣不自覺到了清晨 尖銳的心 扎入關懷的眼神 變得冷冰 如同惡魔被封印 天越來越明 越來越清晰 成了病態不自覺躲避清醒 天越來越明 越來越清晰 成了病態不自覺躲避清醒 
上一秒的我 下一秒閃過 無數的自我在腦裡爭吵怒吼 要怎麼做 才能夠被拯救 還是我這輩子就只能承受
身上的病 帶來無數的傷痕 心在呻吟 聲帶卻發不出聲 夜越來越深 越來越滲人 進入習慣不自覺到了清晨 尖銳的心 扎入關懷的眼神 變得冷冰 如同惡魔被封印 天越來越明 越來越清晰 成了病態不自覺躲避清醒
早已習慣的病 這是我該承受的命 曾經試圖抱怨著不公平 但好像也沒有人在聽 沒有人聽 沒有人停 沒有人能將我的碎片拼 想要你們把我當作透明 就好像是玻璃 不斷上演互相傷害那種劇情
上一秒的我 下一秒閃過 無數的自我在腦裡爭吵怒吼 要怎麼做 怎麼做 才能夠 被拯救 還是我這一輩子就只能承受 儘管這一切都不是我犯下的錯
身上的病 帶來無數的傷痕 心在呻吟 聲帶卻發不出聲 夜越來越深 越來越滲人 進入習慣不自覺到了清晨 尖銳的心 扎入關懷的眼神 變得冷冰 如同惡魔被封印 天越來越明 越來越清晰 成了病態不自覺躲避清醒
天越來越明 越來越清晰 成了病態不自覺躲避清醒
留言（ 1 ） 最相關留言 所有留言
留言（ 1 ）",2026-08-28,,編輯推薦,True,False,
2026-09-10 19:20:08,realtime,hip_hop,,,29,Teawu,家鄉(花蓮）,3,21,2,https://streetvoice.com/hemp___92/songs/877491/,https://streetvoice.com/hemp___92/,"https://akstatic.streetvoice.com/song_covers/he/mp/hemp___92/HpJiVvvpU4puuJW6WSXKPV.jpg?x-oss-process=image/resize,m_fill,h_400,w_400,limit_0",images/877491.jpg,@hemp___92,音樂人,花蓮縣,2021-10-01,,5,9,6,,,https://www.youtube.com/user/StreetVoiceTV,,,Hip hop / Rap,,,,"•  音樂製作 Music Production. 詞曲 Lyrics & Composer | TeaWu 編曲 Arrangement | @shadicx2456 錄音 Recording Engineer | zinD 混音 Mixing Engineer | zinD 封面製作 Cover production | TeaWu 
•  音樂製作 Music Production. 詞曲 Lyrics & Composer | TeaWu 編曲 Arrangement | @shadicx2456 錄音 Recording Engineer | zinD 混音 Mixing Engineer | zinD 封面製作 Cover production | TeaWu","Hook: 讓我rap 儘管我在他鄉 讓我rap 回家的路怎麼又坍方 讓我rap 讓我RAP 心在家鄉 但我人卻在遠方 讓我rap 儘管我在他鄉 讓我rap 回家的路怎麼又坍方 讓我rap 讓我RAP 電話響起 我想我該多聯繫 Verse: 要思念的人真的太多了 塞滿我的腦袋 我無法再說了 錯的事不要再做了 罪不能再多了 抽了悶菸 問句我的朋友呢 想念我的家人 我的媽媽 和我弟 回到台中 老本行我幹起臥底 身處他鄉 笑容不會藏起 陣陣的聲音 在心裡泛起漣漪 我要的生活很簡單 家人 愛人 友人 我的世界 擺在一塊 但現在的我 能力不夠 簡單的生活 感覺像是對我的詛咒 何時才能打破 時間線沒有標注 18-20 光陰似箭 像在飆速 我唱的陷阱 他們全都叼住 沒有煩惱的時光我還包著尿布 那時的我 怎麼可能想得到 現在的我 想要站上舞台發光發熱 聲音傳遍大街小巷 鄰居彼得帕克 背著書包 早上的身分 讓他下課 24 Double 48 兩種人格 我代表花蓮 不需要誰的認可 你們的頭點著 代表你們也都認了 如果真有嘻哈帝國 那我就是政客 Hook: 讓我rap 儘管我在他鄉 讓我rap 回家的路怎麼又坍方 讓我rap 讓我RAP 心在家鄉 但我人卻在遠方 讓我rap 儘管我在他鄉 讓我rap 回家的路怎麼又坍方 讓我rap 讓我RAP 電話響起 我想我該多聯繫 
Hook: 讓我rap 儘管我在他鄉 讓我rap 回家的路怎麼又坍方 讓我rap 讓我RAP 心在家鄉 但我人卻在遠方 讓我rap 儘管我在他鄉 讓我rap 回家的路怎麼又坍方 讓我rap 讓我RAP 電話響起 我想我該多聯繫 Verse: 要思念的人真的太多了 塞滿我的腦袋 我無法再說了 錯的事不要再做了 罪不能再多了 抽了悶菸 問句我的朋友呢 想念我的家人 我的媽媽 和我弟 回到台中 老本行我幹起臥底 身處他鄉 笑容不會藏起 陣陣的聲音 在心裡泛起漣漪 我要的生活很簡單 家人 愛人 友人 我的世界 擺在一塊 但現在的我 能力不夠 簡單的生活 感覺像是對我的詛咒 何時才能打破 時間線沒有標注 18-20 光陰似箭 像在飆速 我唱的陷阱 他們全都叼住 沒有煩惱的時光我還包著尿布 那時的我 怎麼可能想得到 現在的我 想要站上舞台發光發熱 聲音傳遍大街小巷 鄰居彼得帕克 背著書包 早上的身分 讓他下課 24 Double 48 兩種人格 我代表花蓮 不需要誰的認可 你們的頭點著 代表你們也都認了 如果真有嘻哈帝國 那我就是政客 Hook: 讓我rap 儘管我在他鄉 讓我rap 回家的路怎麼又坍方 讓我rap 讓我RAP 心在家鄉 但我人卻在遠方 讓我rap 儘管我在他鄉 讓我rap 回家的路怎麼又坍方 讓我rap 讓我RAP 電話響起 我想我該多聯繫
留言（ 2 ） 最相關留言 所有留言
留言（ 2 ）",2026-09-02,,,False,False,
2026-09-10 19:20:08,realtime,hip_hop,,,30,Hex,夢 Prod.Casanova,0,29,0,https://streetvoice.com/hex_0503/songs/877604/,https://streetvoice.com/hex_0503/,"https://akstatic.streetvoice.com/music_albums/he/x_/hex_0503/BHLv6nW2VVLniTA83csMjN.jpeg?x-oss-process=image/resize,m_fill,h_400,w_400,limit_0",images/877604.jpeg,@hex_0503,音樂人,,,,3,,1,,,https://www.youtube.com/user/StreetVoiceTV,King Gnu御用燈光師平山和裕來台分享 禾火設計「LIGHT ON 360°」實戰課程、講座8月展開|||https://blow.streetvoice.com/88355/?utm_source=streetvoice&utm_medium=profile-news-block; 聽完落日飛車《Quit Quietly》後靈感爆發 天后御用製作人cool nel d釋出新專輯《reel mu$ic》|||https://blow.streetvoice.com/84560/?utm_source=streetvoice&utm_medium=profile-news-block; 【吹專訪】沒有想住烏托邦：老王（王昱辰）談Green!Eyes回歸專輯《Stigma》|||https://blow.streetvoice.com/83661/?utm_source=streetvoice&utm_medium=profile-news-block,,Hip hop / Rap,死夢,https://streetvoice.com/hex_0503/songs/album/97325987/,,,"這是沒有提供歌詞的歌曲
留言（ 0 ） 最相關留言 所有留言
留言（ 0 ）",2026-09-02,,,False,False,
2026-09-10 19:20:08,realtime,hip_hop,,,31,希珥,你死後我一樣過得很好,16,990,1,https://streetvoice.com/shir_vtuber/songs/875838/,https://streetvoice.com/shir_vtuber/,"https://akstatic.streetvoice.com/song_covers/sh/ir/shir_vtuber/BXZUhd3Q7zh33cBhAN7Xqy.jpeg?x-oss-process=image/resize,m_fill,h_400,w_400,limit_0",images/875838.jpeg,@shir_vtuber,音樂人,其他,2022-11-01,,5,110,2,,,https://www.youtube.com/user/StreetVoiceTV,,,Hip hop / Rap,,,,"Presented by：LiOne Studio Co., Ltd. 李万文創有限公司 出品 ▸Credit： Lyrics / Composition：希珥Shir Arrangement： Bailey Daniel Recording Engineer：林哲宇 Recording Studio：Saturday Studio 新奇鹿錄音室 Mix & Master：阿狗大魔王 Art/Video：希珥Shir Executive Producer：A Jie Special Thanks：韓森、Double、粗wue 
Presented by：LiOne Studio Co., Ltd. 李万文創有限公司 出品
▸Credit： Lyrics / Composition：希珥Shir Arrangement： Bailey Daniel Recording Engineer：林哲宇 Recording Studio：Saturday Studio 新奇鹿錄音室 Mix & Master：阿狗大魔王 Art/Video：希珥Shir Executive Producer：A Jie Special Thanks：韓森、Double、粗wue","V1 在你 靈位上香 我問你 知不知道我們都很愛你 ? 但你竟然給我一個笑杯 好笑嗎  我哭得好累 擲杯 我兩分信 剩下98分著急 你怎麼可能懷疑 我們都很愛你 看看 靈位上擺不下的祭品 想告訴你 沒人會怪你 當我想舉例 大腦跳針定格 直到檢索訊息 關於愛 僅僅一則 你才剛走 但我快不記得 看著你未讀的訊息 已經不會哭了 我過的很好 沒有你 也不算可惜 有時候也懷疑 是不是真的愛你 會不會太冷血 我乾脆的斷捨離 腦中有個聲音 會不會其實我恨你 我恨你對我有所不滿 卻演得像都OK 恨你無差別的溫柔  不在乎的表現 恨你愛裝可憐 一群白癡都太好騙 恨你從沒羨慕過我 那令人討厭 我們都只在乎自己 我們都太想贏 我們都不夠坦白 都搶著證明 你在天空 或許擁有讀心的能力 只有你能看見我 這 不公平 Chorus あなたの側にいるよ (陪伴在你的身邊 ) 我以為我很愛你 我真的以為那就是愛 ずっと ずっと ずっと ずっと (我會一直、一直、一直、一直 ) 我希望我很愛你 我真的希望那就是愛 あなたの側にいるよ (陪伴在你的身邊 ) 我怎麼會不愛你 我真的以為那就是愛 我的good bear 我說謊騙過自己那是愛 V2 他們說你走了 現場有人報警 你聽見了嗎 好多人想把你叫醒 好多人圍著你 我不敢靠近 我以為你會平安 我抱著一絲僥倖 後來見了你的家人 你的套房沒有幾坪 貓很親人 衣服亂丟好沒耐心 桌布的你笑得開心 好像下一秒你會走出來說你在聽 已經過了很久 但還沒適應 當我打開手機 你的訊息還是置頂當我半夜工作 但腦子裡全都是你 當我看見你愛的小熊 買了能寄到哪裡 當我過完生日 發現你的時間不再前進 那顆蛋糕突然失去了吸引力 當我承認自己恨你 又偏執想寫下你 這時候我才發現我是真的愛你 Chorus あなたの側にいるよ  陪伴在你的身邊 我以為我很愛你 我真的以為那就是愛 ずっと ずっと ずっと ずっと (我會一直、一直、一直、一直 ) 我希望我很愛你 我真的希望那就是愛 あなたの側にいるよ (陪伴在你的身邊 ) 我怎麼會不愛你 我真的以為那就是愛 我的good bear 我說謊騙過自己那是愛 Outro 但我會 恨你一輩子 我也會 愛你一輩子 這種恨 我記一輩子 這種愛 我記一輩子 我的good bear 
V1 在你 靈位上香 我問你 知不知道我們都很愛你 ? 但你竟然給我一個笑杯 好笑嗎  我哭得好累 擲杯 我兩分信 剩下98分著急 你怎麼可能懷疑 我們都很愛你 看看 靈位上擺不下的祭品 想告訴你 沒人會怪你
當我想舉例 大腦跳針定格 直到檢索訊息 關於愛 僅僅一則 你才剛走 但我快不記得 看著你未讀的訊息 已經不會哭了 我過的很好 沒有你 也不算可惜 有時候也懷疑 是不是真的愛你 會不會太冷血 我乾脆的斷捨離 腦中有個聲音 會不會其實我恨你
我恨你對我有所不滿 卻演得像都OK 恨你無差別的溫柔  不在乎的表現 恨你愛裝可憐 一群白癡都太好騙 恨你從沒羨慕過我 那令人討厭 我們都只在乎自己 我們都太想贏 我們都不夠坦白 都搶著證明 你在天空 或許擁有讀心的能力 只有你能看見我 這 不公平
Chorus あなたの側にいるよ (陪伴在你的身邊 ) 我以為我很愛你 我真的以為那就是愛
ずっと ずっと ずっと ずっと (我會一直、一直、一直、一直 ) 我希望我很愛你 我真的希望那就是愛
あなたの側にいるよ (陪伴在你的身邊 ) 我怎麼會不愛你 我真的以為那就是愛
我的good bear 我說謊騙過自己那是愛 V2 他們說你走了 現場有人報警 你聽見了嗎 好多人想把你叫醒 好多人圍著你 我不敢靠近 我以為你會平安 我抱著一絲僥倖 後來見了你的家人 你的套房沒有幾坪 貓很親人 衣服亂丟好沒耐心 桌布的你笑得開心 好像下一秒你會走出來說你在聽
已經過了很久 但還沒適應 當我打開手機 你的訊息還是置頂當我半夜工作 但腦子裡全都是你 當我看見你愛的小熊 買了能寄到哪裡 當我過完生日 發現你的時間不再前進 那顆蛋糕突然失去了吸引力 當我承認自己恨你 又偏執想寫下你 這時候我才發現我是真的愛你 Chorus あなたの側にいるよ  陪伴在你的身邊 我以為我很愛你 我真的以為那就是愛
ずっと ずっと ずっと ずっと (我會一直、一直、一直、一直 ) 我希望我很愛你 我真的希望那就是愛
あなたの側にいるよ (陪伴在你的身邊 ) 我怎麼會不愛你 我真的以為那就是愛
我的good bear 我說謊騙過自己那是愛
Outro 但我會 恨你一輩子 我也會 愛你一輩子 這種恨 我記一輩子 這種愛 我記一輩子 我的good bear
留言（ 1 ） 最相關留言 所有留言
留言（ 1 ）",2026-08-22,,編輯推薦,True,False,
2026-09-10 19:20:08,realtime,hip_hop,,,32,LEON,要將音量調高到建議的音量以上嗎?  長時間保持高音量可能會損傷聽力。,3,71,1,https://streetvoice.com/bob961002/songs/877399/,https://streetvoice.com/bob961002/,"https://akstatic.streetvoice.com/song_covers/bo/b9/bob961002/kmpLfYDxnut8NWo9xhCVHg.jpeg?x-oss-process=image/resize,m_fill,h_400,w_400,limit_0",images/877399.jpeg,@bob961002,音樂人,台灣,2026-03-01,,1,7,7,,,https://www.youtube.com/user/StreetVoiceTV,專輯設計就是一次完整的音樂體驗－專訪無有創意總監LEon|||https://blow.streetvoice.com/4369/?utm_source=streetvoice&utm_medium=profile-news-block; 「Record Store Day世界唱片行日」正式登陸台灣！同根生團長楊智博出任宣傳大使|||https://blow.streetvoice.com/86540/?utm_source=streetvoice&utm_medium=profile-news-block; 來自香港的部落之音 Wantamnam我地希望首張專輯《島 Dou》正式發行|||https://blow.streetvoice.com/86362/?utm_source=streetvoice&utm_medium=profile-news-block,,Hip hop / Rap,,,,"一刀斷罪 
一刀斷罪","Freestyling on the mic 打開我的 Ableton live 我燥的要死 I'm high af Like 姚明的 對這有藥癮了 要不要緊 你不知道我要你小命 你要知道我說過 我一直打solo 也沒有售後服務at all 不解釋 you dig? 不講理 不想理 不幫你補習 不含尼古丁 酒精  藥效也不會對折 戴耳機你配合點這配得上你Personal Favourite I make it excellent 燙的要死才能 絲滑過度每個接合點 接著點下收 藏件畢竟這貨可不常見 升起狼煙戰鬥 多少個Mofo 在背後 你叫強姦伴奏  不叫kill the beat 說我對拍不准那是你的耳朵生病 你flow夠生硬 沒說我不愛比較 但我是紳士帶snapback 不帶禮貌 我教你 1 2 3to to4 Rhyme master I can Beat you, you know Co co come correct 這才是真的傢夥 加我一個 個個哥哥 幫你加油 我是酸言酸語的鹽酸雨 怎麼鑽研也勝不過的演算法 90°的Goat 我是攀岩羊 別當我吃素my bro see me like 山田涼 Flow like 山陀兒 嚐起來像糖醋醬 Be like 安柏赫 開大在你床鋪上 用我SM五八 SM double O T H 不是格雷 做的是音樂 Boom to the Bap 這鼓很清脆 Bap Back to the booth 來自我的心肺 不是兩個2哥 怎麼也有雙關羽 那句不懂里昂哥來當翻譯 我是江山易改本性難產 裝單機 是我表現婉轉 音檔Mp3 嘴巴像Mp5 拍MV .m4a 手拿M4A1 可曾為此發抖怕過自己才華逝盡 當我這麼想時又多了一首 八成是 命 而我專門製造押韻給我家人治病 因為太表面的笨蛋都有沙門氏菌 我是創作者 被我罵過的，沒有一個不記得 但我都說...他們記錯了 每個都在記，我的句讀，沒有beat flow ，沒有soul，no，你不要亂抄嫑繼續說 在你的algorithm， 我算是foreigner 不用formula寫歌，但有最低的temperature Listen up 很冰哈...they called me Heisenberg 天上掉下來的餡餅，勸你最好接吻了 I Can kiss your soul 露出你的內臟 順道切開午夜 這圈子像渾水看我 把他煮沸 在我眼裡 都是狗屎 我 就在這 拿刀  抹  你的脖子 喔  像是紅色的寶石如雨滴般灑落 來自你咽喉 沒有馬賽克效果 不規則的潑灑 我需要一隻拖把 它打在我的臉上 還有每一個角落 LEON四個字母記好 你上一堂反省課 在還沒成為獅子前我先變丹頂鶴 
Freestyling on the mic 打開我的 Ableton live 我燥的要死 I'm high af Like 姚明的 對這有藥癮了 要不要緊 你不知道我要你小命 你要知道我說過 我一直打solo 也沒有售後服務at all 不解釋 you dig? 不講理 不想理 不幫你補習 不含尼古丁 酒精  藥效也不會對折 戴耳機你配合點這配得上你Personal Favourite I make it excellent 燙的要死才能 絲滑過度每個接合點 接著點下收 藏件畢竟這貨可不常見 升起狼煙戰鬥 多少個Mofo 在背後 你叫強姦伴奏  不叫kill the beat 說我對拍不准那是你的耳朵生病 你flow夠生硬 沒說我不愛比較 但我是紳士帶snapback 不帶禮貌
我教你
1 2 3to to4 Rhyme master I can Beat you, you know Co co come correct 這才是真的傢夥 加我一個 個個哥哥 幫你加油 我是酸言酸語的鹽酸雨 怎麼鑽研也勝不過的演算法 90°的Goat 我是攀岩羊 別當我吃素my bro see me like 山田涼 Flow like 山陀兒 嚐起來像糖醋醬 Be like 安柏赫 開大在你床鋪上 用我SM五八 SM double O T H 不是格雷 做的是音樂 Boom to the Bap 這鼓很清脆 Bap Back to the booth 來自我的心肺 不是兩個2哥 怎麼也有雙關羽 那句不懂里昂哥來當翻譯 我是江山易改本性難產 裝單機 是我表現婉轉 音檔Mp3 嘴巴像Mp5 拍MV .m4a 手拿M4A1 可曾為此發抖怕過自己才華逝盡 當我這麼想時又多了一首 八成是 命 而我專門製造押韻給我家人治病 因為太表面的笨蛋都有沙門氏菌 我是創作者 被我罵過的，沒有一個不記得 但我都說...他們記錯了 每個都在記，我的句讀，沒有beat flow ，沒有soul，no，你不要亂抄嫑繼續說 在你的algorithm， 我算是foreigner 不用formula寫歌，但有最低的temperature Listen up 很冰哈...they called me Heisenberg 天上掉下來的餡餅，勸你最好接吻了 I Can kiss your soul
露出你的內臟 順道切開午夜 這圈子像渾水看我 把他煮沸 在我眼裡 都是狗屎 我 就在這 拿刀  抹  你的脖子 喔  像是紅色的寶石如雨滴般灑落 來自你咽喉 沒有馬賽克效果 不規則的潑灑 我需要一隻拖把 它打在我的臉上 還有每一個角落 LEON四個字母記好 你上一堂反省課 在還沒成為獅子前我先變丹頂鶴
留言（ 1 ） 最相關留言 所有留言
留言（ 1 ）",2026-09-01,,,False,False,
2026-09-10 19:20:08,realtime,hip_hop,,,33,Samtimental555,像個人一樣,1,36,0,https://streetvoice.com/Spney1993/songs/877389/,https://streetvoice.com/Spney1993/,"https://akstatic.streetvoice.com/song_covers/Sp/ne/Spney1993/BoZcdRhrSZrj5mKugdnWUP.jpg?x-oss-process=image/resize,m_fill,h_400,w_400,limit_0",images/877389.jpg,@Spney1993,音樂人,高雄市,2012-05-01,,8,2,12,,,https://www.youtube.com/user/StreetVoiceTV,,,Hip hop / Rap,,,,,"這是沒有提供歌詞的歌曲
留言（ 0 ） 最相關留言 所有留言
留言（ 0 ）",2026-09-01,,,False,False,
2026-09-10 19:20:08,realtime,hip_hop,,,34,Qtion,地下小子demo,0,6,0,https://streetvoice.com/Qtion/songs/877327/,https://streetvoice.com/Qtion/,"https://akstatic.streetvoice.com/song_covers/Qt/io/Qtion/MaRQerxZUakmyA6KtDsiQh.jpeg?x-oss-process=image/resize,m_fill,h_400,w_400,limit_0",images/877327.jpeg,@Qtion,音樂人,,,,15,3,6,,,https://www.youtube.com/user/StreetVoiceTV,,,Hip hop / Rap,,,,"除了編曲其他都是我 prod.mellora x 808quot 
除了編曲其他都是我 prod.mellora x 808quot","lowkey u appear in my daydream on the dusk dusk dusk 為了你飛到北極 看過了極光和流星 我的足跡已遍地躁動的軌跡 feeling so cozy look at that 爆衝的野狗 退出beef的jcole 和你待在一起的時候 每天都像holiday 給你買double c當present 只要你開心其他的無所謂 無限衝掛上無限充 crusin’ down the steet street fire 眼白都反半圈到腦後面 一起逛的街 花的錢 一不小心就超出極限 slowly fade away i dont wanna leave u again 苦的心思周旋著 頹廢的歌 手裡攥著 永眠呢 規則 我會盡量去遵守 我就不會遺忘我和妳之間的約定 聲卡再破我都會記錄下我的聲音 按下快門鍵 就快要不見 遠處的美景 旅程 gonna結束 坎坎坷坷的夜路 漫漫長夜的連續行駛 駛向遙遠的天地 
lowkey u appear in my daydream on the dusk dusk dusk 為了你飛到北極 看過了極光和流星 我的足跡已遍地躁動的軌跡 feeling so cozy look at that 爆衝的野狗 退出beef的jcole 和你待在一起的時候 每天都像holiday 給你買double c當present 只要你開心其他的無所謂 無限衝掛上無限充 crusin’ down the steet street fire 眼白都反半圈到腦後面 一起逛的街 花的錢 一不小心就超出極限 slowly fade away i dont wanna leave u again 苦的心思周旋著 頹廢的歌 手裡攥著 永眠呢 規則 我會盡量去遵守 我就不會遺忘我和妳之間的約定 聲卡再破我都會記錄下我的聲音 按下快門鍵 就快要不見 遠處的美景 旅程 gonna結束 坎坎坷坷的夜路 漫漫長夜的連續行駛 駛向遙遠的天地
留言（ 0 ） 最相關留言 所有留言
留言（ 0 ）",2026-08-31,,,False,False,
2026-09-10 19:20:08,realtime,hip_hop,,,35,Yūki,思欣裂肺-Yūki＆小石,0,16,0,https://streetvoice.com/UChi/songs/877185/,https://streetvoice.com/UChi/,"https://akstatic.streetvoice.com/song_covers/UC/hi/UChi/KERejQ9PEWcvJoNxRc3KhZ.jpeg?x-oss-process=image/resize,m_fill,h_400,w_400,limit_0",images/877185.jpeg,@UChi,音樂人,,,,1,1,1,,,https://www.youtube.com/user/StreetVoiceTV,椎名林檎、Kamasi Washington合作鍵盤手BIGYUKI 4/10來台舉辦首次專場|||https://blow.streetvoice.com/72779/?utm_source=streetvoice&utm_medium=profile-news-block; Yuki Lovey 勞嘉怡即將發片！釋出新 MV〈沒關係〉男主角竟是……|||https://blow.streetvoice.com/22965/?utm_source=streetvoice&utm_medium=profile-news-block; Yuki Lovey 勞嘉怡新 MV〈至少我們之間還有一首歌〉|||https://blow.streetvoice.com/17917/?utm_source=streetvoice&utm_medium=profile-news-block,,Hip hop / Rap,,,,"小石： 我是個身在福中不知福的人，在我擁有很多的時候並沒有意識到這些，認為許多接受包容都是應該的，一而再的做錯事都能被原諒，直到我真實回歸一個人的時候，才發現我是如此不知足的人，甚至是糟糕的人，進而丟失我想在乎的人事物，希望把自己的遺憾跟感受分享給大家！ Yūki：走過城市的每個巷口，曾經的影像在我面前閃過，留下的回憶帶不走，也無法抹去的傷口，只能讓時間撫平，直到無人提起，直到不會想起，祝福我們都成為更好的自己！ 
小石： 我是個身在福中不知福的人，在我擁有很多的時候並沒有意識到這些，認為許多接受包容都是應該的，一而再的做錯事都能被原諒，直到我真實回歸一個人的時候，才發現我是如此不知足的人，甚至是糟糕的人，進而丟失我想在乎的人事物，希望把自己的遺憾跟感受分享給大家！ Yūki：走過城市的每個巷口，曾經的影像在我面前閃過，留下的回憶帶不走，也無法抹去的傷口，只能讓時間撫平，直到無人提起，直到不會想起，祝福我們都成為更好的自己！","小石： 坐在 人群中 迷失自我 是我 再犯了錯 讓你決定要走 我受夠的這一切 但卻無法回頭 人散之後 牽起他的手 那讓我慢慢等候 Yūki： 我想你了 把整個城市翻遍 找不到你了 想說的話重複了一遍一遍 你還是沒道別 我想做的 只是再和你一起 承受 哭過笑過的痛 就是我 無法放手 Yūki： Sorry 抱歉我有點慢熱 瘋狂試探確定你在這 念舊的我無法快樂 照片還存著沒刪呢 是jay讓我們又相連 讓兩顆心繫緊又失聯 是你讓我學會不輕言 說分手 I don’t know 不想說 不想說太多的藉口 你說你喜歡的 沒有人能給你帶走 這是以前 你對我的堅決 不要說放手 小石： 我想說的 讓我再一次感受你的溫柔 你在他的身後 本該是我 徹夜難的夢 我想做的 只是再和你一起承受 哭過笑過的痛 就是我 無法放手 小石： 有些承諾 似乎我們都應該 忘記了 Yūki： 希望你不曾愛過 
小石： 坐在 人群中 迷失自我 是我 再犯了錯 讓你決定要走 我受夠的這一切 但卻無法回頭 人散之後 牽起他的手 那讓我慢慢等候 Yūki： 我想你了 把整個城市翻遍 找不到你了 想說的話重複了一遍一遍 你還是沒道別 我想做的 只是再和你一起 承受 哭過笑過的痛 就是我 無法放手 Yūki： Sorry 抱歉我有點慢熱 瘋狂試探確定你在這 念舊的我無法快樂 照片還存著沒刪呢 是jay讓我們又相連 讓兩顆心繫緊又失聯 是你讓我學會不輕言 說分手 I don’t know 不想說 不想說太多的藉口 你說你喜歡的 沒有人能給你帶走 這是以前 你對我的堅決 不要說放手 小石： 我想說的 讓我再一次感受你的溫柔 你在他的身後 本該是我 徹夜難的夢 我想做的 只是再和你一起承受 哭過笑過的痛 就是我 無法放手 小石： 有些承諾 似乎我們都應該 忘記了 Yūki： 希望你不曾愛過
留言（ 0 ） 最相關留言 所有留言
留言（ 0 ）",2026-08-31,,,False,False,
2026-09-10 19:20:08,realtime,hip_hop,,,36,h0sh1kuzu,Blue Iris (prod.Røsεllε),9,1135,5,https://streetvoice.com/h0sh1kuzu_m4a/songs/877139/,https://streetvoice.com/h0sh1kuzu_m4a/,"https://akstatic.streetvoice.com/song_covers/h0/sh/h0sh1kuzu_m4a/9GCoQkifSWkoSbZpP4watn.jpg?x-oss-process=image/resize,m_fill,h_400,w_400,limit_0",images/877139.jpg,@h0sh1kuzu_m4a,音樂人,台中市,2025-11-01,,13,41,24,,,https://www.youtube.com/user/StreetVoiceTV,,,Hip hop / Rap,,,,"All about blue iris 絕望的愛 - mix.h0sh1kuzu lyrics.h0sh1kuzu beat.Røsεllε 
All about blue iris 絕望的愛 - mix.h0sh1kuzu lyrics.h0sh1kuzu beat.Røsεllε","絕望的愛呀 All about blue iris 都一樣的 覺得會悲劇收場 我到底為什麼徬徨 在逝者安息的天堂 死因是否包含次級創傷 答案為非 但沈重的佔有與初衷相悖 你等待夠久的時間 我們互相錯過彼此的指尖 想當作一切從未發生過已經來不及 死路一條 或許我還有機會去結束自己 為何堅守著絕望的愛 all about blue iris 絕望的愛 all about blue iris Blue iris 他們說你不能 不斷 揭露自己的瘡疤 不能不停 重複 傾訴自己的創傷 他們說 你別再找藉口他們說 藉口 即便我已經真心的袒露我的所有 我的赤裸 我的殘破 都一樣的病 都一樣的命 都一樣的mean 都一樣的 一樣的 絕望的愛 all about blue iris 都一樣得過且過 都一樣嘴硬病弱 而你憑什麼 告訴我你很好 想著照亮人卻沒發現早就沒有 火能燒 「我能熬」 「很快就到」 「我真的很好」 我們都一樣在逃跑 在撐著笑 在犧牲自己成全他們口中的 口中的信仰 口中的救贖 建立在何之上我們都清楚 輕撫 眼眶模糊 真想把雜音都清除 我也想保護也想用力拆了爛的桎梏 直到燃盡所有發現一切都還困在制度 直到妳也像他們一樣承受不住崩潰大哭 這世界不只病了 而且病得不輕 做不到拯救所以把一切都怪給環境 絕望的愛 它來自沒被救下的你和我 絕望的愛 它來自我早已被熄滅的心火 
絕望的愛呀 All about blue iris
都一樣的 覺得會悲劇收場 我到底為什麼徬徨 在逝者安息的天堂 死因是否包含次級創傷 答案為非 但沈重的佔有與初衷相悖 你等待夠久的時間 我們互相錯過彼此的指尖
想當作一切從未發生過已經來不及 死路一條 或許我還有機會去結束自己 為何堅守著絕望的愛 all about blue iris 絕望的愛 all about blue iris
Blue iris
他們說你不能 不斷 揭露自己的瘡疤 不能不停 重複 傾訴自己的創傷 他們說 你別再找藉口他們說 藉口 即便我已經真心的袒露我的所有 我的赤裸 我的殘破 都一樣的病 都一樣的命 都一樣的mean 都一樣的 一樣的
絕望的愛 all about blue iris
都一樣得過且過 都一樣嘴硬病弱 而你憑什麼 告訴我你很好 想著照亮人卻沒發現早就沒有 火能燒 「我能熬」 「很快就到」 「我真的很好」 我們都一樣在逃跑 在撐著笑
在犧牲自己成全他們口中的
口中的信仰 口中的救贖 建立在何之上我們都清楚 輕撫 眼眶模糊 真想把雜音都清除 我也想保護也想用力拆了爛的桎梏 直到燃盡所有發現一切都還困在制度 直到妳也像他們一樣承受不住崩潰大哭
這世界不只病了 而且病得不輕 做不到拯救所以把一切都怪給環境
絕望的愛 它來自沒被救下的你和我 絕望的愛 它來自我早已被熄滅的心火
留言（ 5 ） 最相關留言 所有留言
留言（ 5 ）",2026-08-30,,,False,False,
2026-09-10 19:20:08,realtime,hip_hop,,,37,Hazii,《自傳》demo-Hazii,3,153,8,https://streetvoice.com/VictorHu/songs/877045/,https://streetvoice.com/VictorHu/,"https://akstatic.streetvoice.com/song_covers/Vi/ct/VictorHu/TgyskaySvNBg67xmp2EyL7.jpg?x-oss-process=image/resize,m_fill,h_400,w_400,limit_0",images/877045.jpg,@VictorHu,音樂人,,,,2,13,13,,,https://www.youtube.com/user/StreetVoiceTV,,,Hip hop / Rap,,,,"這首歌的發想從24年開始就想做了 礙於當時整理思緒跟編排的能力太差無法實現 終於在一個好的狀態下把這首歌完成 真的很感動 想跟大家分享一下我的故事 歡迎進入我的夢境 好眠❤️ 
這首歌的發想從24年開始就想做了 礙於當時整理思緒跟編排的能力太差無法實現 終於在一個好的狀態下把這首歌完成 真的很感動 想跟大家分享一下我的故事 歡迎進入我的夢境 好眠❤️","清晨的霧被陽光穿透 在夢境裡我對著溫熱探出了手 隱隱約約能夠觸碰那層反光的膜 但映照出的只是逐漸扭曲的我 在白晝來臨之前還有多久能夠思索 他們推著我 撞破了頭 無止境的下落 隨著重力我被吸入另一個黑洞 那裡充滿自責充斥著對錯 或許我還是挺享受 不需要有人拯救 有的時候只是平靜到 耐不住寂寞 從懸崖邊推落 還有什麼能承受 遇見音樂作為神我承蒙它的保佑 孩子你別逞強 那都不是你的罪過 總會有人踐踏碎片去蔑視你的脆弱 跟他們爭辯什麼都是純粹自找罪受 在無盡惡意之前 有我能在你背後 For real 受夠了想念那麼重 受夠了太切實的痛 受夠了被情緒左右 受夠反覆出現的夢 受夠了想念那麼重 受夠了太切實的痛 受夠了被情緒左右 還有那反覆的夢 太多太多的話猶豫著沒說出口 不知是否自卑作祟所以怕出醜 還幻想著那天誰能對我伸出手 總是差一步成了心頭上一片腐肉 依靠著煙霧 去遮蓋 一個一個的洞 徘徊在街角 尼古丁 無數夜晚的空 我還被困在 腦海裡 那長滿銹的籠 我說聽著這是hazii 歡迎來到我的夢 或許我還是挺享受 不需要有人拯救 有的時候只是平靜到 耐不住寂寞 從懸崖邊推落 還有什麼能承受 遇見音樂作為神我承蒙它的保佑 孩子你別逞強 那都不是你的罪過 總會有人踐踏碎片去蔑視你的脆弱 跟他們爭辯什麼都是純粹自找罪受 在無盡惡意之前 有我能在你背後 For real 
清晨的霧被陽光穿透 在夢境裡我對著溫熱探出了手 隱隱約約能夠觸碰那層反光的膜 但映照出的只是逐漸扭曲的我 在白晝來臨之前還有多久能夠思索 他們推著我 撞破了頭 無止境的下落 隨著重力我被吸入另一個黑洞 那裡充滿自責充斥著對錯
或許我還是挺享受 不需要有人拯救 有的時候只是平靜到 耐不住寂寞 從懸崖邊推落 還有什麼能承受 遇見音樂作為神我承蒙它的保佑
孩子你別逞強 那都不是你的罪過 總會有人踐踏碎片去蔑視你的脆弱 跟他們爭辯什麼都是純粹自找罪受 在無盡惡意之前 有我能在你背後 For real
受夠了想念那麼重 受夠了太切實的痛 受夠了被情緒左右 受夠反覆出現的夢
受夠了想念那麼重 受夠了太切實的痛 受夠了被情緒左右 還有那反覆的夢
太多太多的話猶豫著沒說出口 不知是否自卑作祟所以怕出醜 還幻想著那天誰能對我伸出手 總是差一步成了心頭上一片腐肉
依靠著煙霧 去遮蓋 一個一個的洞 徘徊在街角 尼古丁 無數夜晚的空 我還被困在 腦海裡 那長滿銹的籠 我說聽著這是hazii 歡迎來到我的夢
或許我還是挺享受 不需要有人拯救 有的時候只是平靜到 耐不住寂寞 從懸崖邊推落 還有什麼能承受 遇見音樂作為神我承蒙它的保佑
孩子你別逞強 那都不是你的罪過 總會有人踐踏碎片去蔑視你的脆弱 跟他們爭辯什麼都是純粹自找罪受 在無盡惡意之前 有我能在你背後 For real
留言（ 8 ） 最相關留言 所有留言
留言（ 8 ）",2026-08-30,,,False,False,
2026-09-10 19:20:08,realtime,hip_hop,,,38,D-R¥DE,SUMMER2HOT,1,52,0,https://streetvoice.com/ttt_ryder/songs/877019/,https://streetvoice.com/ttt_ryder/,"https://akstatic.streetvoice.com/song_covers/tt/t_/ttt_ryder/Mi72PGZBJSyLjQF93Yqf2Y.jpg?x-oss-process=image/resize,m_fill,h_400,w_400,limit_0",images/877019.jpg,@ttt_ryder,音樂人,,,,10,4,3,,,https://www.youtube.com/user/StreetVoiceTV,,,Hip hop / Rap,,,,"熱🥵🥵🥵 
熱🥵🥵🥵","這是沒有提供歌詞的歌曲
留言（ 0 ） 最相關留言 所有留言
留言（ 0 ）",2026-08-30,,,False,False,
2026-09-10 19:20:08,realtime,hip_hop,,,39,漢堡雞HamboG,SHADOWS,5,396,2,https://streetvoice.com/HamboG/songs/876555/,https://streetvoice.com/HamboG/,"https://akstatic.streetvoice.com/song_covers/Ha/mb/HamboG/KqyNu6ZgBfLQDcDUY8UQDy.jpeg?x-oss-process=image/resize,m_fill,h_400,w_400,limit_0",images/876555.jpeg,@HamboG,音樂人,,,,14,13,3,,,https://www.youtube.com/user/StreetVoiceTV,,,Hip hop / Rap,,,,"編曲：漢堡雞 詞曲：漢堡雞 演唱：漢堡雞 混音：漢堡雞 
編曲：漢堡雞 詞曲：漢堡雞 演唱：漢堡雞 混音：漢堡雞","Look 總在失去後才會感到珍貴 不再那麼自信那麼自己以為 祈求上天再給一個機會 試著堅強點 but the pain don't fade 打從心底我想要改變 不想被困在這人生的 rain 在我被宣判 time out 以前 就算夢looks so far away I got shadows all over my name 太多習慣讓人難以改變 還很多夢 等著我實現 I ain't waiting around for a handout, nah 雖然 nobody cared if I made it 我也想要把責任都背起 在成功前先 獨自 elevate 把許多錯先自己 renovated 不想再只是嘴巴說愛你 我會努力的用行動來代替 Whole lotta thoughts keep running behind me 試著不讓自己過得太安逸 管他命運是靠人定還天選 過去的pain用來 built my ambition 不想要再去表達太多的意見 I keep it real, that's the difference Head on a swivel, 這次不胡鬧的 下定決心要走那extra miles People show up when it's worth their while 才不會在意結果是好的還壞的 Heart got cold but I learned to adapt 一樣會堅持,就算妳已不在 已經想清楚 I‘ll carry the weight 不再自我保護 或是自我安慰 打從心底我想要改變 不想被困在這人生的 rain 在我被宣判 time out 以前 就算夢looks so far away I got shadows all over my name Too much habits讓人難改變 還很多夢 等著我實現 I ain't waiting around for a handout, nah 沒有天份 我就work hard 代替 試著在音樂中 find some peace 可能看起來是想要逃避 But they don't know what it cost to dream 覺得無奈always fighting myself Trying to heal but denying the help Used to put everybody else first 直到學會 how to value myself 不敢大意, tunnel vision 秉持著武士的精神 每一道傷有deeper meaning 沒必要去把情緒延伸 試著把牽掛都一起放下 Still stand tall 所以夢很大 I want the glory 所以我struggle 陽光的背後一直是shadows 總在失去後才會感到珍貴 不再那麼自信那麼自己以為 或許已用盡我所有機會 But I'm still here and 渴望 change 
Look 總在失去後才會感到珍貴 不再那麼自信那麼自己以為 祈求上天再給一個機會 試著堅強點 but the pain don't fade
打從心底我想要改變 不想被困在這人生的 rain 在我被宣判 time out 以前 就算夢looks so far away I got shadows all over my name 太多習慣讓人難以改變 還很多夢 等著我實現 I ain't waiting around for a handout, nah
雖然 nobody cared if I made it 我也想要把責任都背起 在成功前先 獨自 elevate 把許多錯先自己 renovated 不想再只是嘴巴說愛你 我會努力的用行動來代替 Whole lotta thoughts keep running behind me 試著不讓自己過得太安逸 管他命運是靠人定還天選 過去的pain用來 built my ambition 不想要再去表達太多的意見 I keep it real, that's the difference Head on a swivel, 這次不胡鬧的 下定決心要走那extra miles People show up when it's worth their while 才不會在意結果是好的還壞的
Heart got cold but I learned to adapt 一樣會堅持,就算妳已不在 已經想清楚 I‘ll carry the weight 不再自我保護 或是自我安慰
打從心底我想要改變 不想被困在這人生的 rain 在我被宣判 time out 以前 就算夢looks so far away I got shadows all over my name Too much habits讓人難改變 還很多夢 等著我實現 I ain't waiting around for a handout, nah
沒有天份 我就work hard 代替 試著在音樂中 find some peace 可能看起來是想要逃避 But they don't know what it cost to dream 覺得無奈always fighting myself Trying to heal but denying the help Used to put everybody else first 直到學會 how to value myself 不敢大意, tunnel vision 秉持著武士的精神 每一道傷有deeper meaning 沒必要去把情緒延伸 試著把牽掛都一起放下 Still stand tall 所以夢很大 I want the glory 所以我struggle 陽光的背後一直是shadows
總在失去後才會感到珍貴 不再那麼自信那麼自己以為 或許已用盡我所有機會 But I'm still here and 渴望 change
留言（ 2 ） 最相關留言 所有留言
留言（ 2 ）",2026-08-26,,AI 協作 Hip hop / Rap,False,False,
2026-09-10 19:20:08,realtime,hip_hop,,,40,Kouky,信風帶 (ft. Owgao),11,614,3,https://streetvoice.com/koukylevn/songs/875468/,https://streetvoice.com/koukylevn/,"https://akstatic.streetvoice.com/song_covers/ko/uk/koukylevn/HHaRS3bkobtUQaTuTYwoSR.jpeg?x-oss-process=image/resize,m_fill,h_400,w_400,limit_0",images/875468.jpeg,@koukylevn,音樂人,,,,20,49,12,,,https://www.youtube.com/user/StreetVoiceTV,,,Hip hop / Rap,,,,"躺在印碟裡快三年的DEMO...非常陽春na 順帶一提 我今天晚上六點才起床 祝大家七夕快樂？？！！ 
躺在印碟裡快三年的DEMO...非常陽春na
順帶一提 我今天晚上六點才起床 祝大家七夕快樂？？！！","我會一直陪著你就像是信風帶 只要你一句話我就會迎風來 把想對你說的話放進信封袋 再親手把他交給你like行動派 I need weather forecast yeah weather forecast weather forecast yeah weather forecast I need weather forecast yeah weather forecast weather forecast yeah weather forecast （owgao) 初次遇到的你 和我 its like we’ve met before 輕靠在你衣領的我 細數有幾滴雨滴滴過 Forecast said it’s sunny 結果傾盆大雨卻把我們浸透 但只要你一句話 我還是會跟在你傘下慢慢走 就算什麼不做我們在床上躺著 我看向你的眼眸睫毛在陽光下閃鑠著 我牽著你的手夕陽隔著烏雲照著 只要有你在的地方都會放晴的 原本心在谷底但想到你就不傷心了 只是想寫首歌但想到你又唱情歌 每天只要一有時間就只想和你待一整天 我會一直陪著你就像是信風帶 只要你一句話我就會迎風來 把想對你說的話放進信封袋 再親手把他交給你like行動派 I need weather forecast yeah weather forecast weather forecast yeah weather forecast I need weather forecast yeah weather forecast weather forecast yeah weather forecast (Kouky) 就算外頭颳風又下雨 也無法讓我們分離 儘管雨水浸濕眼角 經過無數次雨過天晴 讓周圍開出花朵 我們被星河圍繞 害怕時你可以靠著我肩膀 閉著眼一起數綿羊 帶著我們夢想凝視著前方 迎接明天綻放的艷陽 就算周圍的烏雲總是相連百里 我相信只要有你就會是藍天白雲 我會一直陪著你就像是信風帶 只要你一句話我就會迎風來 把想對你說的話放進信封袋 再親手把他交給你like行動派 I need weather forecast yeah weather forecast weather forecast yeah weather forecast I need weather forecast yeah weather forecast weather forecast yeah weather forecast 
我會一直陪著你就像是信風帶 只要你一句話我就會迎風來 把想對你說的話放進信封袋 再親手把他交給你like行動派 I need weather forecast yeah weather forecast weather forecast yeah weather forecast I need weather forecast yeah weather forecast weather forecast yeah weather forecast
（owgao) 初次遇到的你 和我 its like we’ve met before 輕靠在你衣領的我 細數有幾滴雨滴滴過 Forecast said it’s sunny 結果傾盆大雨卻把我們浸透 但只要你一句話 我還是會跟在你傘下慢慢走 就算什麼不做我們在床上躺著 我看向你的眼眸睫毛在陽光下閃鑠著 我牽著你的手夕陽隔著烏雲照著 只要有你在的地方都會放晴的 原本心在谷底但想到你就不傷心了 只是想寫首歌但想到你又唱情歌 每天只要一有時間就只想和你待一整天
我會一直陪著你就像是信風帶 只要你一句話我就會迎風來 把想對你說的話放進信封袋 再親手把他交給你like行動派 I need weather forecast yeah weather forecast weather forecast yeah weather forecast I need weather forecast yeah weather forecast weather forecast yeah weather forecast
(Kouky) 就算外頭颳風又下雨 也無法讓我們分離 儘管雨水浸濕眼角 經過無數次雨過天晴 讓周圍開出花朵 我們被星河圍繞 害怕時你可以靠著我肩膀 閉著眼一起數綿羊 帶著我們夢想凝視著前方 迎接明天綻放的艷陽 就算周圍的烏雲總是相連百里 我相信只要有你就會是藍天白雲
我會一直陪著你就像是信風帶 只要你一句話我就會迎風來 把想對你說的話放進信封袋 再親手把他交給你like行動派 I need weather forecast yeah weather forecast weather forecast yeah weather forecast I need weather forecast yeah weather forecast weather forecast yeah weather forecast
留言（ 3 ） 最相關留言 所有留言
留言（ 3 ）",2026-08-19,,編輯推薦,True,False,
2026-09-10 19:20:08,realtime,hip_hop,,,41,NØIR,希望她幸福 但不能比我幸福,17,388,3,https://streetvoice.com/jasper980827/songs/876641/,https://streetvoice.com/jasper980827/,"https://akstatic.streetvoice.com/song_covers/ja/sp/jasper980827/4CCRzai38tuq9AoyQa7G4v.jpeg?x-oss-process=image/resize,m_fill,h_400,w_400,limit_0",images/876641.jpeg,@jasper980827,音樂人,台北市,2026-01-01,,8,27,14,,,https://www.youtube.com/user/StreetVoiceTV,,,Hip hop / Rap,,,,"糾結 自我 放棄 祝福 我希望你幸福 但不能比我幸福 Lyrics: NØIR Composer: NØIR Producer: NØIR Recording Engineer: NØIR Mixing Engineer: NØIR Mastering Engineer: NØIR 
糾結 自我 放棄 祝福 我希望你幸福 但不能比我幸福 Lyrics: NØIR Composer: NØIR Producer: NØIR Recording Engineer: NØIR Mixing Engineer: NØIR Mastering Engineer: NØIR","我希望他幸福 但不能比我幸福 牽著手拉個勾 到現在都不做數 為何你的眼神之中 透露著不確定 曾經許下的那些山盟海誓 就當逢場作戲 唉誰知道 反正被擺了一道 很多事 沒料到 起初我也不知道 傷都傷了就別裝好人 踐踏對你的好 反正故事其實早該翻篇 我現在過得很好 愛情就像是一種慢性毒藥 怎麼都戒不掉 嘴上說著早該放下 卻又不斷化上記號 我希望他幸福 卻又怕他過得好 只能嘴上說著好吧算了 怎麼都放不掉 我學著愛一半留一半 在如今的這世道 愛情不就是跟時間賽跑 再耍一點小花招 抬頭看著那片星空 想問你是否知道 我的心早空了 如今誰都別想修補好 我希望他幸福 但不能比我幸福 牽著手拉個勾 到現在都不做數 為何你的眼神之中 透露著不確定 曾經許下的那些山盟海誓 就當逢場作戲 唉誰知道 反正被擺了一道 很多事 沒料到 起初我也不知道 傷都傷了就別裝好人 踐踏對你的好 反正故事其實早該翻篇 我現在過得很好 我不知道 如今的局面 是不是我創造 I don’t know that 放開雙手 讓思念隨風飄 愛情負債 是否忘了曾經對你的好 點根香煙 往後吞下兩片安眠藥 我希望他幸福 但卻看不慣他幸福 我的心 在刺痛 到底該怎麼說 過程到底還重不重要 我只想看結果 但卻忘了有些花朵從來沒結果 
我希望他幸福 但不能比我幸福 牽著手拉個勾 到現在都不做數 為何你的眼神之中 透露著不確定 曾經許下的那些山盟海誓 就當逢場作戲 唉誰知道 反正被擺了一道 很多事 沒料到 起初我也不知道 傷都傷了就別裝好人 踐踏對你的好 反正故事其實早該翻篇 我現在過得很好
愛情就像是一種慢性毒藥 怎麼都戒不掉 嘴上說著早該放下 卻又不斷化上記號 我希望他幸福 卻又怕他過得好 只能嘴上說著好吧算了 怎麼都放不掉 我學著愛一半留一半 在如今的這世道 愛情不就是跟時間賽跑 再耍一點小花招 抬頭看著那片星空 想問你是否知道 我的心早空了 如今誰都別想修補好
我希望他幸福 但不能比我幸福 牽著手拉個勾 到現在都不做數 為何你的眼神之中 透露著不確定 曾經許下的那些山盟海誓 就當逢場作戲 唉誰知道 反正被擺了一道 很多事 沒料到 起初我也不知道 傷都傷了就別裝好人 踐踏對你的好 反正故事其實早該翻篇 我現在過得很好
我不知道 如今的局面 是不是我創造 I don’t know that 放開雙手 讓思念隨風飄 愛情負債 是否忘了曾經對你的好 點根香煙 往後吞下兩片安眠藥 我希望他幸福 但卻看不慣他幸福 我的心 在刺痛 到底該怎麼說 過程到底還重不重要 我只想看結果 但卻忘了有些花朵從來沒結果
留言（ 3 ） 最相關留言 所有留言
留言（ 3 ）",2026-08-27,,,False,False,
2026-09-10 19:20:08,realtime,hip_hop,,,42,幾何碼 How Many Hippos,河馬亡魂(DJ SON MIX),1,48,1,https://streetvoice.com/howmanyhippos/songs/875739/,https://streetvoice.com/howmanyhippos/,"https://akstatic.streetvoice.com/song_covers/ho/wm/howmanyhippos/VxfJz3cN3EMbwssf8Yiawb.jpeg?x-oss-process=image/resize,m_fill,h_400,w_400,limit_0",images/875739.jpeg,@howmanyhippos,音樂人,,,,15,121,1,,,https://www.youtube.com/user/StreetVoiceTV,「那個吹喇叭的後搖團」盜夢事務所夏季巡迴 邀北中南演奏團AROB、THETA、幾何碼共演|||https://blow.streetvoice.com/80343/?utm_source=streetvoice&utm_medium=profile-news-block,,Hip hop / Rap,河馬拼圖,https://streetvoice.com/howmanyhippos/songs/album/97324824/,,"演奏的新面貌：由DJ SON重新詮釋，將幾何碼取樣、破壞後再次重組，這還是拼圖嗎？還是更加炸裂的… ------- 製作人：幾何碼 How Many Hippos、王昱辰 YuChain Wang DJ：DJ SON 錄音師：王昱辰 YuChain Wang 錄音室：Morisound Studio 鼓技師：莊開旭 Cash Chuang 母帶後製：張家誠 chacha 封面設計：tzou yun da 
演奏的新面貌：由DJ SON重新詮釋，將幾何碼取樣、破壞後再次重組，這還是拼圖嗎？還是更加炸裂的…
-------
製作人：幾何碼 How Many Hippos、王昱辰 YuChain Wang DJ：DJ SON 錄音師：王昱辰 YuChain Wang 錄音室：Morisound Studio 鼓技師：莊開旭 Cash Chuang 母帶後製：張家誠 chacha 封面設計：tzou yun da","這是沒有提供歌詞的歌曲
留言（ 1 ） 最相關留言 所有留言
留言（ 1 ）",2026-08-21,,編輯推薦,True,False,
2026-09-10 19:20:08,realtime,hip_hop,,,43,ソビ soby,愛妳是,2156,232469,76,https://streetvoice.com/moocusmoo/songs/803176/,https://streetvoice.com/moocusmoo/,"https://akstatic.streetvoice.com/song_covers/mo/oc/moocusmoo/8cNT8pap9aDHSuPff3hxXn.jpg?x-oss-process=image/resize,m_fill,h_400,w_400,limit_0",images/803176.jpg,@moocusmoo,音樂人,,,,13,1474,,,,https://www.youtube.com/user/StreetVoiceTV,第三屆「街聲年度音樂趨勢大獎」盛大登場！李竺芯：「街聲見證了我，金曲獎前面這些大家看不到的歷程！」|||https://blow.streetvoice.com/85903/?utm_source=streetvoice&utm_medium=profile-news-block; 成軍20年首度來台開唱！日本樂團CreepHyp確定出演浪人祭|||https://blow.streetvoice.com/82169/?utm_source=streetvoice&utm_medium=profile-news-block,,Hip hop / Rap,,,,"Original instrumental by Nujabes Original song Luv sic pt2: https://youtu.be/orZdl3KqgzU?si=h5EgyT3rZLpAyj9X This video is a non profit fan work remix Solely to express my love for the song the musicians and its beautiful instrumental ❤️ I promise not to commercialize this music in any way without permission from the original creators RECORDED MIXED & MASTERED BY: https://www.instagram.com/7oiichi?igsh=MXJpaTV0Y3Y3ZXVkZA== Instrumental downloaded from: https://youtu.be/PIasVnc8dEc?si=kPur5TPGm0EzrDda 
Original instrumental by Nujabes
Original song Luv sic pt2: https://youtu.be/orZdl3KqgzU?si=h5EgyT3rZLpAyj9X
https://youtu.be/orZdl3KqgzU?si=h5EgyT3rZLpAyj9X
This video is a non profit fan work remix Solely to express my love for the song the musicians and its beautiful instrumental ❤️
I promise not to commercialize this music in any way without permission from the original creators
RECORDED MIXED & MASTERED BY:
https://www.instagram.com/7oiichi?igsh=MXJpaTV0Y3Y3ZXVkZA==
https://www.instagram.com/7oiichi?igsh=MXJpaTV0Y3Y3ZXVkZA==
Instrumental downloaded from: https://youtu.be/PIasVnc8dEc?si=kPur5TPGm0EzrDda
https://youtu.be/PIasVnc8dEc?si=kPur5TPGm0EzrDda","興奮到想馬上衝回家跟老媽說 我再也不回來要跟她搬到離島住 靠北真的 妳好酷 但愛 you gotta show me how to do it tho 像胰島素 這種感覺兄弟們可不會懂 除了妳的平靜沒有東西更能撫慰我 不想回家願在腳踏車道騎到吐 希望著迷倒我的妳也被我迷倒too 對你有點認真這句不押你老木 但祈禱哭著笑和笑著哭 我都能寫清楚bars 沒有妳給我的靈感讓我血清素大失 關係撇清不踏實 不想胡來是過程 不是寫情書大師 但交五百字作文 描述藝術家都詬病的深情 雖然很不酷 但hoping能跟妳 永遠躲進個森林 即便不樂見但倘若有個痛心的分離 Either way 這輩子是段最有後勁的生命 別拘謹把我心房當家chilling 架上的空間讓妳放下行李 Oh we none stop 形影不離fun stuff 與妳 Trust me girl it ain’t just a tomcat feeling 怎能讓她青睞 我常常反問自己 are we on that thin line 就喜歡這樣怎麼都看當下心情 Trust me girl it ain’t just a tomcat feeling Ain’t a tomcat thing 愛妳是 沒辦法接受我一個人 畢竟每次跟妳看得夕陽都很美 愛妳是 害怕我給妳太多責任 但行為舉止總是不小心說溜了嘴 愛妳是也許我們也不用在一起 愛妳是感染妳時就當我在意妳 愛妳是當陰影糾纏時能暫時當作我都忘記 愛妳是每次妳才剛走我就想妳 如果我能重新再認識妳一次 剛好在轉角處看到妳一個人走市集 手上提著很多飾品 禮盒跟酒4瓶 差點忘了解答那些妳懷疑的各種事情 Pull up to u 雙手放開騎車那種自信 How u doing 妳我像失散的貓與主人 妳和雨聲多配 這樣的歌能聽整首 配合唱幾聲do re 其他話留在清晨說 愛需要舉證多累沒為什麼 今天看海 我倆跟魚神有約 三個人共桌的聚餐 跳慢動作的預判妳的舞步 怕妳鬆手了 遇上妳就好似一場夢播了序章 也許看清愛是尊重 大部份的話我胡說 沒辦法讓妳知道我在乎 是怕我不夠 自己一人騎車腦裡早就到天邊 在公園裡繞圈圈 因為愛妳使 我不太理智 So 愛妳是 沒辦法接受我一個人 畢竟每次跟妳看得清晨都很美 愛妳是 害怕我給妳太多責任 但行為舉止總是不小心說溜了嘴 愛妳是也許我們也不用在一起 愛妳是感染妳時就當我在意妳 愛妳是當陰影糾纏時能暫時當作我都忘記 愛妳是每次妳才剛走我就想妳 愛妳是常把真實的情感忍住 停歇思考又反覆評鑑著自我價值 在妳面前裝得冷酷一遍一遍的等 To be fair 對我來說妳的喜好依然很不明確 但也是妳的特別之處 也許不在彼此身邊我們個別吃醋 在訊息說著重複的話 幽默的默契開心一點不廢功夫的 哪都好the only place we wanna be is close to the heart don’t go 不論是沿海山區甚至以後去到花東走 會發現世界才就這麼大當只有妳和我 相處時難免會變得健忘當妳佔據我的腦 希望以後能一起變胖 But it ain’t now 因為對我來說愛是一種監禁 我只想為妳平衡自由和付出的天秤 知道我的一切任妳怎麼搜刮都酷 就躺在sofa通鋪I’ll tell you so far so good 
興奮到想馬上衝回家跟老媽說 我再也不回來要跟她搬到離島住 靠北真的 妳好酷 但愛 you gotta show me how to do it tho 像胰島素 這種感覺兄弟們可不會懂 除了妳的平靜沒有東西更能撫慰我 不想回家願在腳踏車道騎到吐 希望著迷倒我的妳也被我迷倒too 對你有點認真這句不押你老木 但祈禱哭著笑和笑著哭 我都能寫清楚bars 沒有妳給我的靈感讓我血清素大失 關係撇清不踏實 不想胡來是過程 不是寫情書大師 但交五百字作文 描述藝術家都詬病的深情 雖然很不酷 但hoping能跟妳 永遠躲進個森林 即便不樂見但倘若有個痛心的分離 Either way 這輩子是段最有後勁的生命 別拘謹把我心房當家chilling 架上的空間讓妳放下行李 Oh we none stop 形影不離fun stuff 與妳 Trust me girl it ain’t just a tomcat feeling 怎能讓她青睞 我常常反問自己 are we on that thin line 就喜歡這樣怎麼都看當下心情 Trust me girl it ain’t just a tomcat feeling Ain’t a tomcat thing
愛妳是 沒辦法接受我一個人 畢竟每次跟妳看得夕陽都很美 愛妳是 害怕我給妳太多責任 但行為舉止總是不小心說溜了嘴 愛妳是也許我們也不用在一起 愛妳是感染妳時就當我在意妳 愛妳是當陰影糾纏時能暫時當作我都忘記 愛妳是每次妳才剛走我就想妳
如果我能重新再認識妳一次 剛好在轉角處看到妳一個人走市集 手上提著很多飾品 禮盒跟酒4瓶 差點忘了解答那些妳懷疑的各種事情 Pull up to u 雙手放開騎車那種自信 How u doing 妳我像失散的貓與主人 妳和雨聲多配 這樣的歌能聽整首 配合唱幾聲do re 其他話留在清晨說 愛需要舉證多累沒為什麼 今天看海 我倆跟魚神有約 三個人共桌的聚餐 跳慢動作的預判妳的舞步 怕妳鬆手了 遇上妳就好似一場夢播了序章 也許看清愛是尊重 大部份的話我胡說 沒辦法讓妳知道我在乎 是怕我不夠 自己一人騎車腦裡早就到天邊 在公園裡繞圈圈 因為愛妳使 我不太理智 So
愛妳是 沒辦法接受我一個人 畢竟每次跟妳看得清晨都很美 愛妳是 害怕我給妳太多責任 但行為舉止總是不小心說溜了嘴 愛妳是也許我們也不用在一起 愛妳是感染妳時就當我在意妳 愛妳是當陰影糾纏時能暫時當作我都忘記 愛妳是每次妳才剛走我就想妳
愛妳是常把真實的情感忍住 停歇思考又反覆評鑑著自我價值 在妳面前裝得冷酷一遍一遍的等 To be fair 對我來說妳的喜好依然很不明確 但也是妳的特別之處 也許不在彼此身邊我們個別吃醋 在訊息說著重複的話 幽默的默契開心一點不廢功夫的 哪都好the only place we wanna be is close to the heart don’t go 不論是沿海山區甚至以後去到花東走 會發現世界才就這麼大當只有妳和我 相處時難免會變得健忘當妳佔據我的腦 希望以後能一起變胖 But it ain’t now 因為對我來說愛是一種監禁 我只想為妳平衡自由和付出的天秤 知道我的一切任妳怎麼搜刮都酷 就躺在sofa通鋪I’ll tell you so far so good
留言（ 76 ） 最相關留言 所有留言
留言（ 76 ）",2025-02-25,,Song of the Day; 週排行冠軍; 達人推薦; 編輯推薦,True,True,https://streetvoice.com/moocusmoo/songs/803176/critic_reviews/
2026-09-10 19:20:08,realtime,hip_hop,,,44,巫雨彤,酒趴,2,248,1,https://streetvoice.com/Sub_attack_715/songs/875914/,https://streetvoice.com/Sub_attack_715/,"https://akstatic.streetvoice.com/song_covers/Su/b_/Sub_attack_715/FcRxyGQZ7Lg7Qr8g62xCfh.jpg?x-oss-process=image/resize,m_fill,h_400,w_400,limit_0",images/875914.jpg,@Sub_attack_715,音樂人,雲林縣,2024-08-01,,41,15,2,,,https://www.youtube.com/user/StreetVoiceTV,,,Hip hop / Rap,,,,,"四點半  有誰還沒睡 就像那群喝酒的人一樣 玩真心話大冒險 喝得爛醉 那個人他叫做小美 他有個男朋友 在家裡寫著獨立音樂 人們總說 他們是天生一對 甜蜜的就像他歌詞裡描寫的畫面 但怎麼說 總會來的 總是會來的 你我都想看到的 現在正在上演著 陌生來電 陌生聲線 我寫的歌 本來就不是 深情路線 再來一杯 人不在線上 他總會發現 不用道歉 就這樣認錯 未免太丟臉 就像是幻覺 最嗨的派對 我要看到 血流成河 我很相信 人性本惡 我要看到 血流成河 我很相信 人性本惡 四點半  有誰還沒睡 就像那群喝酒的人一樣 玩真心話大冒險 喝得爛醉 那個人他叫做小美 他有個男朋友 在監獄裡寫獨立音樂 
四點半  有誰還沒睡 就像那群喝酒的人一樣 玩真心話大冒險
喝得爛醉 那個人他叫做小美 他有個男朋友 在家裡寫著獨立音樂
人們總說 他們是天生一對 甜蜜的就像他歌詞裡描寫的畫面
但怎麼說 總會來的 總是會來的 你我都想看到的 現在正在上演著
陌生來電 陌生聲線 我寫的歌 本來就不是 深情路線 再來一杯 人不在線上 他總會發現 不用道歉 就這樣認錯 未免太丟臉 就像是幻覺 最嗨的派對
我要看到 血流成河 我很相信 人性本惡
我要看到 血流成河 我很相信 人性本惡
四點半  有誰還沒睡 就像那群喝酒的人一樣 玩真心話大冒險
喝得爛醉 那個人他叫做小美 他有個男朋友 在監獄裡寫獨立音樂
留言（ 1 ） 最相關留言 所有留言
留言（ 1 ）",2026-08-22,,,False,False,
2026-09-10 19:20:08,realtime,hip_hop,,,45,魚酥,Roadman think,7,628,0,https://streetvoice.com/mute_wood_juf/songs/874904/,https://streetvoice.com/mute_wood_juf/,"https://akstatic.streetvoice.com/song_covers/mu/te/mute_wood_juf/RvqwXG23t7yov9ikdnkjXE.jpg?x-oss-process=image/resize,m_fill,h_400,w_400,limit_0",images/874904.jpg,@mute_wood_juf,音樂人,,,,4,27,11,,,https://www.youtube.com/user/StreetVoiceTV,,,Hip hop / Rap,,,,"🇬🇧🥷💭 
🇬🇧🥷💭","I got bird eye view I can saw that was happending Walking on the street like I’m from the UK magazine Chitty Chitty bang bang No more enemies 隨便跟人feat? Man you buck like fuckin dollar tree The children copy my bars on youtube But they ain't got shit But tryna to break rules Nixxa five Nixxa four Nixxa three Nixxa two Bitxh y’all know I’m Locked and Loaded Let me show you how to do I’m not full time rappers Still grinding on my business Freestyle on the beat But Why they call me Genius? Pussy cheating on me Actually It doesn't matter 在社群裝受害者？ We will see that Who’s Scammer 有錢能使鬼推磨 Money more than everything 米是給雞看的 You can see my ICY bling 我不在歌裡吹噓 Baby That’s a Roadman think 別僥倖 拿刀的被雙拳的給搞定 I say man not hot Still wearing my tracksuit 一張照片一把槍 Man I bet you can’t do Remember over the day Ma fada pass away 宣告搶救無效 那時 我也流下男兒淚 So I say all I wanna say What you gonna pray For ma mandem For ma fam I can't lose the any chance Then I murder on the beat 法醫大喊著:no way 就讓聽眾 Find that body And Bring it to UK bow Man I hope you find out bae That’s Roadman think For real 休想動你歪腦筋 My shooter Will taking aim at you Man I hope you find out bae That’s Roadman think For real 休想動你歪腦筋 My shooter Will taking aim at you 
I got bird eye view I can saw that was happending Walking on the street like I’m from the UK magazine Chitty Chitty bang bang No more enemies 隨便跟人feat? Man you buck like fuckin dollar tree The children copy my bars on youtube But they ain't got shit But tryna to break rules Nixxa five Nixxa four Nixxa three Nixxa two Bitxh y’all know I’m Locked and Loaded Let me show you how to do I’m not full time rappers Still grinding on my business Freestyle on the beat But Why they call me Genius? Pussy cheating on me Actually It doesn't matter 在社群裝受害者？ We will see that Who’s Scammer 有錢能使鬼推磨 Money more than everything 米是給雞看的 You can see my ICY bling 我不在歌裡吹噓 Baby That’s a Roadman think 別僥倖 拿刀的被雙拳的給搞定 I say man not hot Still wearing my tracksuit 一張照片一把槍 Man I bet you can’t do Remember over the day Ma fada pass away 宣告搶救無效 那時 我也流下男兒淚 So I say all I wanna say What you gonna pray For ma mandem For ma fam I can't lose the any chance Then I murder on the beat 法醫大喊著:no way 就讓聽眾 Find that body And Bring it to UK bow
Man I hope you find out bae That’s Roadman think For real 休想動你歪腦筋 My shooter Will taking aim at you Man I hope you find out bae That’s Roadman think For real 休想動你歪腦筋 My shooter Will taking aim at you
留言（ 0 ） 最相關留言 所有留言
留言（ 0 ）",2026-08-15,,編輯推薦,True,False,
2026-09-10 19:20:08,realtime,hip_hop,,,46,ICE,校園怪物,5,93,1,https://streetvoice.com/bernie9831/songs/875531/,https://streetvoice.com/bernie9831/,"https://akstatic.streetvoice.com/song_covers/be/rn/bernie9831/LapsQmQVKfeTDYja7ZGBFN.jpeg?x-oss-process=image/resize,m_fill,h_400,w_400,limit_0",images/875531.jpeg,@bernie9831,音樂人,,,,9,15,19,,,https://www.youtube.com/user/StreetVoiceTV,薄荷葉主唱林倩攜手電音創作者JB組成「CNC Project」首波作品上架StreetVoice|||https://blow.streetvoice.com/90109/?utm_source=streetvoice&utm_medium=profile-news-block; 「呼聲 VOICES」全陣容公開：韋禮安、宇宙人、洪佩瑜、大象體操參戰|||https://blow.streetvoice.com/90078/?utm_source=streetvoice&utm_medium=profile-news-block; 「呼聲 VOICES」公布第三波卡司：1976、張醒嬋、香港樂團RubberBand登台|||https://blow.streetvoice.com/89826/?utm_source=streetvoice&utm_medium=profile-news-block,,Hip hop / Rap,木柵嘻研作業 PT 1,https://streetvoice.com/bernie9831/songs/album/97325930/,NØIR,"好恐怖喔怪獸電力公司嗎？ 
好恐怖喔怪獸電力公司嗎？","coming and move 我們在高地 推掉了水晶你不要太傷心 這是個大人的遊戲 小孩站旁邊 豎耳朵乖乖聽 We on the top 但不是barry 要玩個孟菲斯照樣也可以 你想要碰 但沒人願意 我掛個tune在你伴奏上勃起 Came a long way Star from the butten 被我終結 那些老骨頭被我碾碎 16歲的king 不用你攻略 不行的歌手 滾到邊邊 Keep my type 戶頭多個k 这是我们开头 不是终点 红黑出场的小心点 超过我们还要一万年 如果說所有嘻研社 那必須要把我跟NR分出來 你們被拋棄憎恨我被 神護愛台上 就讓我們這種人主宰 上到下 說明我屌 因為老子唱到家 我上刀山 下火海 我們夠格 你排名從夯到拉 他們都不配位 我和紅頭搶走順位 掛個autod tune 讓你們知道這個入是桂 那些沒料廢咖請你看好 什麼叫掛電 不是唱個情歌 五音不全 就能騙到妹 管你他媽什麼狀況中 孟菲斯 我們唱的痛 抽中華 但你其實窮 我台下 發兩包七星濃 感謝陳冰提拔我 讓這匹千里馬有得跑 否則原定計劃中只唱木柵木柵 沒我一定倒 Coming andmove 我們市場壟斷 無限的火力不用換蛋 兄弟們在 就沒人叛亂 打 的低配們軍心渙散 想說的太多 沒空來鳥你 木柵的土狗 從不講道理 我們負責來插手 但我看台下還有太多的傻逼 Came a long way Star from the butten 被我終結 那些老骨頭被我碾碎 16歲的king 不用你攻略 不行的歌手 滾到邊邊 Keep my type 戶頭多個k 这是我们开头 不是终点 红黑出场的小心点 超过我们还要一万年 不想跟那些人說太多 本就牛頭對馬嘴 過了這麼久 終於搞了首 讓你們跪下來懺悔 雙龍出場 甕中思想 全部去外面跪著舔 搞清楚立場 共振的聲響 把那些faker 射滿臉 讓那些傻逼嘻研的廢咖 知道什麼叫碾壓 我們早就上到了山頂 誰在跟你慢慢爬 報紙刊登我們的名字 讓他們知道who we are 不同的Level 全新的studio 這就叫做808 Belike總裁加首相 同個beat唱那要有鴨頭樣 聽音樂 到了新境界 我打你像 陳老師暴打林俊傑 我說妹子 婊子公主請上車 他媽王子在逃兵 木柵扛在黑紅我們頸上的 矇眼砍通通 集火殺 兄弟你的 起手拉 不分敵友 你我他 最強上台 起火花 現在狀況交由我們 肅清來 看到我們 門票他們 慕名買 再難的困境我們Doing Right 想看我們表演得排隊 獅子開金口這才對 run from the hit 讓你開口跪 無法被超越 Fuck in righ I dont care bout that talk in shit 神來殺神 照樣電 當我們提筆 你就得心急 再來一遍hook that right 
coming and move 我們在高地 推掉了水晶你不要太傷心 這是個大人的遊戲 小孩站旁邊 豎耳朵乖乖聽 We on the top 但不是barry 要玩個孟菲斯照樣也可以 你想要碰 但沒人願意 我掛個tune在你伴奏上勃起 Came a long way Star from the butten 被我終結 那些老骨頭被我碾碎 16歲的king 不用你攻略 不行的歌手 滾到邊邊 Keep my type 戶頭多個k 这是我们开头 不是终点 红黑出场的小心点 超过我们还要一万年 如果說所有嘻研社 那必須要把我跟NR分出來 你們被拋棄憎恨我被 神護愛台上 就讓我們這種人主宰 上到下 說明我屌 因為老子唱到家 我上刀山 下火海 我們夠格 你排名從夯到拉 他們都不配位 我和紅頭搶走順位 掛個autod tune 讓你們知道這個入是桂 那些沒料廢咖請你看好 什麼叫掛電 不是唱個情歌 五音不全 就能騙到妹 管你他媽什麼狀況中 孟菲斯 我們唱的痛 抽中華 但你其實窮 我台下 發兩包七星濃 感謝陳冰提拔我 讓這匹千里馬有得跑 否則原定計劃中只唱木柵木柵 沒我一定倒 Coming andmove 我們市場壟斷 無限的火力不用換蛋 兄弟們在 就沒人叛亂 打 的低配們軍心渙散 想說的太多 沒空來鳥你 木柵的土狗 從不講道理 我們負責來插手 但我看台下還有太多的傻逼 Came a long way Star from the butten 被我終結 那些老骨頭被我碾碎 16歲的king 不用你攻略 不行的歌手 滾到邊邊 Keep my type 戶頭多個k 这是我们开头 不是终点 红黑出场的小心点 超过我们还要一万年 不想跟那些人說太多 本就牛頭對馬嘴 過了這麼久 終於搞了首 讓你們跪下來懺悔 雙龍出場 甕中思想 全部去外面跪著舔 搞清楚立場 共振的聲響 把那些faker 射滿臉 讓那些傻逼嘻研的廢咖 知道什麼叫碾壓 我們早就上到了山頂 誰在跟你慢慢爬 報紙刊登我們的名字 讓他們知道who we are 不同的Level 全新的studio 這就叫做808 Belike總裁加首相 同個beat唱那要有鴨頭樣 聽音樂 到了新境界 我打你像 陳老師暴打林俊傑 我說妹子 婊子公主請上車 他媽王子在逃兵 木柵扛在黑紅我們頸上的 矇眼砍通通 集火殺 兄弟你的 起手拉 不分敵友 你我他 最強上台 起火花 現在狀況交由我們 肅清來 看到我們 門票他們 慕名買 再難的困境我們Doing Right 想看我們表演得排隊 獅子開金口這才對 run from the hit 讓你開口跪 無法被超越 Fuck in righ I dont care bout that talk in shit 神來殺神 照樣電 當我們提筆 你就得心急 再來一遍hook that right
留言（ 1 ） 最相關留言 所有留言
留言（ 1 ）",2026-08-20,,,False,False,
2026-09-10 19:20:08,realtime,hip_hop,,,47,許千九 Smoky,I quit,3,208,0,https://streetvoice.com/d8g448r7qy/songs/875760/,https://streetvoice.com/d8g448r7qy/,"https://akstatic.streetvoice.com/song_covers/d8/g4/d8g448r7qy/gcPfzfFZvH22WwaUbGqGkj.jpeg?x-oss-process=image/resize,m_fill,h_400,w_400,limit_0",images/875760.jpeg,@d8g448r7qy,音樂人,,,,4,14,2,,,https://www.youtube.com/user/StreetVoiceTV,,,Hip hop / Rap,,,,,"（欸 要不要買個煙灰缸 （欸 明天幾點 （欸 算了 沒事 （欸 那個 要不要抽煙 我們被困住了 你是否發現 你穿出味道的外套沒拉鏈 沒有我的痕跡被放在上面 味道在我房間散去得太 粘膩又剛好太熱 我困住的地方你剛好在這 那是半夜我瞬間明白的巧合 沒想到我會封閉的 是這麼快 明白我們只是同一場車禍的受害者 我們的關係簡陋的 像隨便找個人做愛呢 是不太公平但我們真的不是天造地設的愛人 坐在沒有煙灰缸的窗台 是兩個對彼此不可原諒的壞人 不打招呼畢竟曾經有恨 這不是個適合說愛的時代我們用別人的悲傷佐證 我想我從一開始就做錯了 沒陪你笑又或者 沒發現你抽的煙變得又更加厚了 問候也邊冒煙一邊錯過了 我把煙癮留在你那 看你嘴上的煙灰長大 回頭看看還剩下幾劃 這團垃圾還剩下幾沓 聽說你呼氣的聲音變大 那管煙霧也慢慢變大 沒有抱歉沒有接你電話 是啊 我感到害怕 那時的我 在冒著煙 你的微笑 我聽不見 你的味道 我看不見 你的回憶 我沒法浮現 我對你的哀悼又弄不見 你的愛笑被我弄不見 我煙癮留在你那了 當你的溶在被我咳出的焦油裡面 I’m sorry for not being sorry 那時的我們腦袋ain’t kissing 庸俗 俗套 固定後照鏡裡面 我立了側柱 隨便的路邊 說好了未來有一天一起戒 那是我們不能留下的體面 不能夠一起還是可以戒 一個不注意又開始尼古丁過量 遙遠的習慣和當初的裝模作樣 喚起的淚腺下一秒又被我遺忘 遺憾的是 我們沒有散去在煙霧最美的形狀 我們被困住了你沒有發現 拉上了另一件外套的拉鏈 我們被困住了你沒有發現 沒有關係 要不要抽煙 我們被困住了你沒有發現 我們被困住了你沒有發現 
（欸 要不要買個煙灰缸
（欸 明天幾點
（欸 算了 沒事
（欸 那個 要不要抽煙
我們被困住了 你是否發現 你穿出味道的外套沒拉鏈 沒有我的痕跡被放在上面 味道在我房間散去得太
粘膩又剛好太熱 我困住的地方你剛好在這 那是半夜我瞬間明白的巧合 沒想到我會封閉的 是這麼快
明白我們只是同一場車禍的受害者 我們的關係簡陋的 像隨便找個人做愛呢 是不太公平但我們真的不是天造地設的愛人 坐在沒有煙灰缸的窗台 是兩個對彼此不可原諒的壞人
不打招呼畢竟曾經有恨 這不是個適合說愛的時代我們用別人的悲傷佐證
我想我從一開始就做錯了 沒陪你笑又或者 沒發現你抽的煙變得又更加厚了 問候也邊冒煙一邊錯過了
我把煙癮留在你那 看你嘴上的煙灰長大 回頭看看還剩下幾劃 這團垃圾還剩下幾沓
聽說你呼氣的聲音變大 那管煙霧也慢慢變大 沒有抱歉沒有接你電話 是啊 我感到害怕
那時的我 在冒著煙 你的微笑 我聽不見 你的味道 我看不見 你的回憶 我沒法浮現 我對你的哀悼又弄不見 你的愛笑被我弄不見 我煙癮留在你那了 當你的溶在被我咳出的焦油裡面
I’m sorry for not being sorry 那時的我們腦袋ain’t kissing 庸俗 俗套 固定後照鏡裡面
我立了側柱 隨便的路邊 說好了未來有一天一起戒 那是我們不能留下的體面 不能夠一起還是可以戒
一個不注意又開始尼古丁過量 遙遠的習慣和當初的裝模作樣 喚起的淚腺下一秒又被我遺忘 遺憾的是 我們沒有散去在煙霧最美的形狀
我們被困住了你沒有發現 拉上了另一件外套的拉鏈
我們被困住了你沒有發現 沒有關係 要不要抽煙
我們被困住了你沒有發現
我們被困住了你沒有發現
留言（ 0 ） 最相關留言 所有留言
留言（ 0 ）",2026-08-21,,,False,False,
2026-09-10 19:20:08,realtime,hip_hop,,,48,хЖТчЙМч╜ХхУе,Dollar NA Dream,1,68,0,https://streetvoice.com/gottagetm1ne/songs/874992/,https://streetvoice.com/gottagetm1ne/,"https://akstatic.streetvoice.com/music_albums/go/tt/gottagetm1ne/V673VLQGLFN3m9BWvdV9fC.jpeg?x-oss-process=image/resize,m_fill,h_400,w_400,limit_0",images/874992.jpeg,,,,,,30,18,3,,,https://www.youtube.com/user/StreetVoiceTV,,,Hip hop / Rap,冒牌罕哥 Mixtape II,https://streetvoice.com/gottagetm1ne/songs/album/97325906/,,,"動態歌詞
I say dollar and a dream I want the C.R.E.A.M. light the **** up brown purple or green I say dollar and a dream I want the C.R.E.A.M. burn that **** down pour out some gasoline I say dollar and a dream I want the C.R.E.A.M. light the **** up brown purple or green I say dollar and a dream I want the C.R.E.A.M. to earn a dollar 钢筋丛林中单打独斗 纯白色衬衫 别沾上污垢 观念束缚变成障碍 寻找着突破 one man and one mic 静静地说不需要哭吼 another day another struggle 太多bull**** 差点就想破了头 劝自己 gotta move on we going on 带不来也带不走 最后都变成骷髅 烟雾吸吐 随指尖轻触你的肌肤 用帽子掩饰 当头顶变得稀疏 接着记录 笔触深浅调整着力度 so I sit back and I jot it down 看着时钟 tick tack tack go round and round 更浓的香更大的房子更亮的光 and counting my cash 直到手指变得僵 I say dollar and a dream I want the C.R.E.A.M. light the **** up brown purple or green I say dollar and a dream I want the C.R.E.A.M. burn that **** down pour out some gasoline I say dollar and a dream I want the C.R.E.A.M. light the **** up brown purple or green I say dollar and a dream I want the C.R.E.A.M. I keep my mind on my money money on my mind 交换或是出卖 现实太多无奈 把热爱刻进CD或是赚几万块 lost in time now it's even harder to find a peaceful quiet 人潮汹涌像战乱 思想停滞有时候失去判断 怎样才算明智 怎样是笨 拼全力追赶转瞬即逝的灿烂 利益驱动着聚散 难改习惯 掏出心肺给你看 换来声轻叹 闭眼转身忘了遗憾 各自远去账户也离岸 脚步仓促忙碌赚着差价 还剩下谁在陪我上下 梦里重逢牵挂 对话不掺假 and when I wake up 哪座大厦又把我绑架 I say dollar and a dream I want the C.R.E.A.M. light the **** up brown purple or green I say dollar and a dream I want the C.R.E.A.M. burn that **** down pour out some gasoline I say dollar and a dream I want the C.R.E.A.M. light the **** up brown purple or green I say dollar and a dream I want the C.R.E.A.M. I say dollar and a dream I want the C.R.E.A.M. light the **** up brown purple or green I say dollar and a dream I want the C.R.E.A.M. burn that **** down pour out some gasoline I say dollar and a dream I want the C.R.E.A.M. light the **** up brown purple or green I say dollar and a dream I want the C.R.E.A.M. burn that **** down pour out some gasoline I say dollar and a dream 
I say dollar and a dream
I want the C.R.E.A.M.
light the **** up brown purple or green
I say dollar and a dream
I want the C.R.E.A.M.
burn that **** down pour out some gasoline
I say dollar and a dream
I want the C.R.E.A.M.
light the **** up brown purple or green
I say dollar and a dream
I want the C.R.E.A.M.
to earn a dollar 钢筋丛林中单打独斗
纯白色衬衫 别沾上污垢
观念束缚变成障碍 寻找着突破
one man and one mic 静静地说不需要哭吼
another day another struggle
太多bull**** 差点就想破了头
劝自己 gotta move on we going on
带不来也带不走 最后都变成骷髅
烟雾吸吐 随指尖轻触你的肌肤
用帽子掩饰 当头顶变得稀疏
接着记录 笔触深浅调整着力度
so I sit back and I jot it down
看着时钟 tick tack tack go round and round
更浓的香更大的房子更亮的光
and counting my cash 直到手指变得僵
I say dollar and a dream
I want the C.R.E.A.M.
light the **** up brown purple or green
I say dollar and a dream
I want the C.R.E.A.M.
burn that **** down pour out some gasoline
I say dollar and a dream
I want the C.R.E.A.M.
light the **** up brown purple or green
I say dollar and a dream
I want the C.R.E.A.M.
I keep my mind on my money
money on my mind
交换或是出卖 现实太多无奈
把热爱刻进CD或是赚几万块
lost in time now it's even harder to find
a peaceful quiet
人潮汹涌像战乱
思想停滞有时候失去判断
怎样才算明智 怎样是笨
拼全力追赶转瞬即逝的灿烂
利益驱动着聚散 难改习惯
掏出心肺给你看 换来声轻叹
闭眼转身忘了遗憾
各自远去账户也离岸
脚步仓促忙碌赚着差价
还剩下谁在陪我上下
梦里重逢牵挂 对话不掺假
and when I wake up
哪座大厦又把我绑架
I say dollar and a dream
I want the C.R.E.A.M.
light the **** up brown purple or green
I say dollar and a dream
I want the C.R.E.A.M.
burn that **** down pour out some gasoline
I say dollar and a dream
I want the C.R.E.A.M.
light the **** up brown purple or green
I say dollar and a dream
I want the C.R.E.A.M.
I say dollar and a dream
I want the C.R.E.A.M.
light the **** up brown purple or green
I say dollar and a dream
I want the C.R.E.A.M.
burn that **** down pour out some gasoline
I say dollar and a dream
I want the C.R.E.A.M.
light the **** up brown purple or green
I say dollar and a dream
I want the C.R.E.A.M.
burn that **** down pour out some gasoline
I say dollar and a dream
留言（ 0 ） 最相關留言 所有留言
留言（ 0 ）",2026-08-16,,編輯推薦,True,False,
2026-09-10 19:20:08,realtime,hip_hop,,,49,許千九 Smoky,Holidayboy DEMO,2,170,0,https://streetvoice.com/d8g448r7qy/songs/875636/,https://streetvoice.com/d8g448r7qy/,"https://akstatic.streetvoice.com/song_covers/d8/g4/d8g448r7qy/KSxEMUce4SWs3whvByXKnT.jpeg?x-oss-process=image/resize,m_fill,h_400,w_400,limit_0",images/875636.jpeg,@d8g448r7qy,音樂人,,,,4,14,2,,,https://www.youtube.com/user/StreetVoiceTV,,,Hip hop / Rap,,,,,"Let me show you what is love Oh You got something I need What I see Is you body so hot Got nobody like you Lil mommy don’t go Stay with me would you? Would you stay with me my baby I can’t tell that you love me In your sight I’m a cute boy In my sight you and 日落 醒過來 這不是我 我沒有想到你也愛我 I thought dat I’m your holiday So I’ll be ur holiday boy I don’t know you fell in love with me in the first sight I’m sorry 我欠你的全都留在goodbye I love you 我總以為那是不該說的話 stay with me my baby Would you stay with me my baby i’m sorry that最後只能當你的holiday boy I’m a lovely holiday boy Stay with me… 
Let me show you what is love Oh You got something I need What I see Is you body so hot Got nobody like you Lil mommy don’t go Stay with me would you? Would you stay with me my baby I can’t tell that you love me In your sight I’m a cute boy In my sight you and 日落 醒過來 這不是我 我沒有想到你也愛我 I thought dat I’m your holiday So I’ll be ur holiday boy I don’t know you fell in love with me in the first sight I’m sorry 我欠你的全都留在goodbye I love you 我總以為那是不該說的話
stay with me my baby Would you stay with me my baby
i’m sorry that最後只能當你的holiday boy I’m a lovely holiday boy Stay with me…
留言（ 0 ） 最相關留言 所有留言
留言（ 0 ）",2026-08-20,,,False,False,
2026-09-10 19:20:08,realtime,hip_hop,,,50,漢堡雞HamboG,don&#x27;t let me go,2,492,1,https://streetvoice.com/HamboG/songs/875530/,https://streetvoice.com/HamboG/,"https://akstatic.streetvoice.com/song_covers/Ha/mb/HamboG/ZRoLCSCBEpTjp7A6CteM4a.jpeg?x-oss-process=image/resize,m_fill,h_400,w_400,limit_0",images/875530.jpeg,@HamboG,音樂人,,,,14,13,3,,,https://www.youtube.com/user/StreetVoiceTV,,,Hip hop / Rap,,,,"編曲：漢堡雞 詞曲：漢堡雞 演唱者：漢堡雞 混音：漢堡雞 
編曲：漢堡雞 詞曲：漢堡雞 演唱者：漢堡雞 混音：漢堡雞","Yeah, yeah 我被困在了 the same old thoughts 也可能 我永遠不會忘 I act calm但我還沒有接受 試著把夢背起 所以傷必須 stay with me Everybody thinks they know me 但我從來沒有談過自己 I keep saying I'm alright 是不想承認自己失敗 Too much noise in my head 我心和肺一樣黑 所以我不敢face nobody 把情緒藏起來 If I tell you what I'm feeling 能改變this time? 換個角度 放下期待 能否放過自己 For a little bit of time Maybe I'm scared Of the care I get 這pattern固定 所以很多 regret Don't let me go, don't let me go 就算很衝動 Heart full of holes Head full of gold Don't let me go, don't let me go 就算我的情緒很重 是否能被接受 能不用再裝的獨立 那些好聽的話 總是讓人長不大 太多的心有不甘 Puts me right back there 腦中一直上演 妳離開那天 自己主動上來 躺我雙腿之間 但我沒想清楚 可能太fucked up 才沒聽懂妳 想要說的話 I said forever I took it serious 直到永恆 對我沒有了意義 Cus I don't want numb 但感到疼痛 可能還沒長大 還是很衝動 換個角度 放下期待 能否放過自己 For a little bit of time Maybe I'm scared Of the care I get 這pattern固定 所以很多 regret Don't let me go, don't let me go 就算很衝動 Heart full of holes Head full of gold Don't let me go, don't let me go 就算我的情緒很重 是否能被接受 能不用再裝的獨立 多久我才能脫身 還在等著 所以試著 書寫詞曲來傾訴 Maybe I don't need saving 只是個有病的 Someone who sees the damage Instead anyway 只要是傷口 不管新and舊 一口接一口 still won't heal 不想心愛的輕易被替代 Then it gets loud when the room goes quiet Too cold, too shocked 因為還沒準備 被困在我的錯 then I lost my pace 總在失去後 才感到珍貴 需要多少遺憾 我才能學會 我想把我的痛 都化成動力 再把我的恨都化為愛意 不再輾轉all night, 能安穩睡去 不再擔心明天 逐漸過的安逸 Mind too sharp, 但我相信奇蹟 需要幫助, 不想跟自己為敵 So I 試著接受, 仍努力 keep moving Don't let me go, don't let me go 就算很衝動 Heart full of holes Head full of gold Don't let me go, don't let me go 就算我的情緒很重 是否能被接受 能不用再裝的獨立 Maybe one day I'll be alright Maybe one night 就會接受自己 Until then, 我會繼續等待 Even when I can't see through it 
Yeah, yeah 我被困在了 the same old thoughts 也可能 我永遠不會忘 I act calm但我還沒有接受
試著把夢背起 所以傷必須 stay with me Everybody thinks they know me 但我從來沒有談過自己 I keep saying I'm alright 是不想承認自己失敗 Too much noise in my head 我心和肺一樣黑 所以我不敢face nobody 把情緒藏起來 If I tell you what I'm feeling 能改變this time?
換個角度 放下期待 能否放過自己 For a little bit of time Maybe I'm scared Of the care I get 這pattern固定 所以很多 regret
Don't let me go, don't let me go 就算很衝動 Heart full of holes Head full of gold Don't let me go, don't let me go 就算我的情緒很重 是否能被接受 能不用再裝的獨立
那些好聽的話 總是讓人長不大 太多的心有不甘 Puts me right back there 腦中一直上演 妳離開那天 自己主動上來 躺我雙腿之間 但我沒想清楚 可能太fucked up 才沒聽懂妳 想要說的話 I said forever I took it serious 直到永恆 對我沒有了意義 Cus I don't want numb 但感到疼痛 可能還沒長大 還是很衝動
換個角度 放下期待 能否放過自己 For a little bit of time Maybe I'm scared Of the care I get 這pattern固定 所以很多 regret
Don't let me go, don't let me go 就算很衝動 Heart full of holes Head full of gold Don't let me go, don't let me go 就算我的情緒很重 是否能被接受 能不用再裝的獨立
多久我才能脫身 還在等著 所以試著 書寫詞曲來傾訴 Maybe I don't need saving 只是個有病的 Someone who sees the damage Instead anyway
只要是傷口 不管新and舊 一口接一口 still won't heal 不想心愛的輕易被替代 Then it gets loud when the room goes quiet Too cold, too shocked 因為還沒準備 被困在我的錯 then I lost my pace 總在失去後 才感到珍貴 需要多少遺憾 我才能學會 我想把我的痛 都化成動力 再把我的恨都化為愛意 不再輾轉all night, 能安穩睡去 不再擔心明天 逐漸過的安逸 Mind too sharp, 但我相信奇蹟 需要幫助, 不想跟自己為敵 So I 試著接受, 仍努力 keep moving
Don't let me go, don't let me go 就算很衝動 Heart full of holes Head full of gold Don't let me go, don't let me go 就算我的情緒很重 是否能被接受 能不用再裝的獨立
Maybe one day I'll be alright Maybe one night 就會接受自己 Until then, 我會繼續等待 Even when I can't see through it
留言（ 1 ） 最相關留言 所有留言
留言（ 1 ）",2026-08-20,,AI 協作 Hip hop / Rap,False,False,
