snapshot_time,chart_timeframe,chart_genre,chart_year,chart_week,rank,artist_name,song_title,likes_count,play_count,comments_count,song_url,artist_url,cover_image_url,cover_image_local_path,artist_handle,artist_identity,artist_city,artist_joined_date,artist_accredited_datetime,artist_music_count,artist_fans_count,artist_following_count,artist_facebook_url,artist_instagram_url,artist_youtube_url,related_news,big_thing_appearances,genre,album_title,album_url,collaborators,description,lyrics,release_date,song_accredited_datetime,honors,is_editor_recommended,is_song_of_the_day,critic_review_url
2026-09-13 01:10:09,realtime,rock,,,1,海雅谷慕地下頭目(((張震嶽))),煙火跨年 demo,152,2899,79,https://streetvoice.com/orangechang/songs/878898/,https://streetvoice.com/orangechang/,"https://akstatic.streetvoice.com/song_covers/or/an/orangechang/Va7SkribFwMKxaWiZCCxHM.jpeg?x-oss-process=image/resize,m_fill,h_400,w_400,limit_0",images/878898.jpeg,@orangechang,音樂人,基隆市,2006-02-01,,19,24835,34,,,https://www.youtube.com/user/StreetVoiceTV,【StreetVoice新歌週報】黃宇寒睽違一年半發新作 打倒三明治首張專輯上線|||https://blow.streetvoice.com/55934/?utm_source=streetvoice&utm_medium=profile-news-block; 【StreetVoice新歌週報】老破麻騎二行程甩掉煩惱 張震嶽連發demo好評不斷|||https://blow.streetvoice.com/55028/?utm_source=streetvoice&utm_medium=profile-news-block,,Rock,,,,"demo而已 音質不好 巡演當中 參考參考 如果可以的話 先幹半瓶威士忌再入場 會比較好玩 
demo而已 音質不好 巡演當中 參考參考 如果可以的話 先幹半瓶威士忌再入場 會比較好玩","工作亂七八糟的 存款所剩一些 遇到她這件事情 才有念頭戒菸 總算有個好理由 可以 洗心革面  不頹廢 幻想第一場大雪 有馬子在身邊 老樹昏鴉的街頭 是不祥的  預言 冷風並不會帶走 這宿醉的  疲累 既使高照 艷陽 她  把我丟在一月 不告而別 售票口買一張往南 他媽的煙火跨年 Can I still believe in love？ It only brings me down i have reason to leave From city to city 
工作亂七八糟的 存款所剩一些 遇到她這件事情 才有念頭戒菸 總算有個好理由 可以 洗心革面  不頹廢 幻想第一場大雪 有馬子在身邊
老樹昏鴉的街頭 是不祥的  預言 冷風並不會帶走 這宿醉的  疲累 既使高照 艷陽 她  把我丟在一月 不告而別 售票口買一張往南 他媽的煙火跨年
Can I still believe in love？ It only brings me down i have reason to leave From city to city
留言（ 79 ） 最相關留言 所有留言
留言（ 79 ）",2026-09-11,,編輯推薦,True,False,
2026-09-13 01:10:09,realtime,rock,,,2,海雅谷慕地下頭目(((張震嶽))),別讓我down. demo,97,2135,36,https://streetvoice.com/orangechang/songs/878919/,https://streetvoice.com/orangechang/,"https://akstatic.streetvoice.com/song_covers/or/an/orangechang/ZF4Hnk9QoihaygAYKJdB8Y.jpeg?x-oss-process=image/resize,m_fill,h_400,w_400,limit_0",images/878919.jpeg,@orangechang,音樂人,基隆市,2006-02-01,,19,24835,34,,,https://www.youtube.com/user/StreetVoiceTV,【StreetVoice新歌週報】黃宇寒睽違一年半發新作 打倒三明治首張專輯上線|||https://blow.streetvoice.com/55934/?utm_source=streetvoice&utm_medium=profile-news-block; 【StreetVoice新歌週報】老破麻騎二行程甩掉煩惱 張震嶽連發demo好評不斷|||https://blow.streetvoice.com/55028/?utm_source=streetvoice&utm_medium=profile-news-block,,Rock,,,,"別讓我蕩鞦韆 
別讓我蕩鞦韆","今天也沒地方去就陪我混  到天明 沒意義也是意義 對面那間店播放九零年代  的歌曲 不知覺和唱幾句 脫離和世界的關係 城市崩塌之前 沒有機會過把癮 就算宇宙失控 無路可逃避 那就繼續墮落 可不可以陪著我  星辰熄滅後 不再相信未來  能給我們什麼 可不可以陪著我  希望破滅後 瞬間  yeah 可不可以陪著我  信仰消失後 唯一的依靠是你  放心，我不會走 太遠 別讓我down  最後一根煙 
今天也沒地方去就陪我混  到天明 沒意義也是意義 對面那間店播放九零年代  的歌曲 不知覺和唱幾句
脫離和世界的關係 城市崩塌之前 沒有機會過把癮 就算宇宙失控 無路可逃避 那就繼續墮落
可不可以陪著我  星辰熄滅後 不再相信未來  能給我們什麼 可不可以陪著我  希望破滅後 瞬間  yeah
可不可以陪著我  信仰消失後 唯一的依靠是你  放心，我不會走 太遠 別讓我down  最後一根煙
留言（ 36 ） 最相關留言 所有留言
留言（ 36 ）",2026-09-11,,編輯推薦,True,False,
2026-09-13 01:10:09,realtime,rock,,,3,紙鳶 Seizer,平凡的一天 feat. 知更 John Stoniae,89,4722,0,https://streetvoice.com/seizer_official/songs/876176/,https://streetvoice.com/seizer_official/,"https://akstatic.streetvoice.com/music_albums/se/iz/seizer_official/N2aTYNoA3NBNhQWwfjgotd.jpeg?x-oss-process=image/resize,m_fill,h_400,w_400,limit_0",images/876176.jpeg,@seizer_official,音樂人,台中市,2024-08-01,2024-09-10 20:11,18,2225,,,https://www.instagram.com/seizer.com.tw/,https://www.youtube.com/user/StreetVoiceTV,羊米人玩團十年夢想成真！「飛天摩托車」駛進THE WALL 麋先生喆安、紙鳶驚喜助陣|||https://blow.streetvoice.com/90155/?utm_source=streetvoice&utm_medium=profile-news-block; 紙鳶全新專輯《缺頁的名冊》正式發行 台北發片專場祭出「全嘉賓陣容」|||https://blow.streetvoice.com/90142/?utm_source=streetvoice&utm_medium=profile-news-block; 紙鳶首登泰國Monster Music Festival 回歸宣布新專輯《缺頁的名冊》即將發行|||https://blow.streetvoice.com/89229/?utm_source=streetvoice&utm_medium=profile-news-block,,Rock,缺頁的名冊,https://streetvoice.com/seizer_official/songs/album/97325949/,,"詞 Lyricist｜仁杰 曲 Composer｜ 仁杰、蘇崇祐 Kay 編曲 Music Arranger｜紙鳶 Seizer、知更John Stoniae 演唱 Vocal｜仁杰、知更John Stoniae、蘇崇祐 Kay 木吉他 Acoustic Guitar｜蘇崇祐 Kay 電吉他 Electric Guitar｜楊博皓 Seal、知更John Stoniae 貝斯 Bass｜呂建亨 Henry 鼓組 Drum｜王秉宸 Daniel 合成器 Synth｜楊博皓 Seal 製作人 Producer｜楊博皓 Seal 配唱製作 Vocal Producer｜知更John Stoniae、蘇崇祐 Kay 鼓組聲音設計& 技師 Drum Sound Design & Technician｜余璨宇 Yu Tsan Yu 和聲 Backing Vocal｜仁杰、蘇崇祐 Kay、知更John Stoniae 和聲編寫 Backing Vocal Arrangement｜仁杰、蘇崇祐 Kay、知更John Stoniae 弦樂編寫 Strings Arrangement｜Stefano Tiero 弦樂 Strings｜DoubleSharp Production 小提琴 Violin Section｜Claudia Roccon, Leonardo Lombardi, Isabella Mastroeni, Francesca Vanoncini 大提琴 Cello｜Jingbo Wang 錄音師 Recording Engineer｜楊昊 HAO Young、楊韜 TAO Young(Drum/AG/EG/BASS/Vocal) 、Federico Tiero（Strings) 錄音室 Recording Studio｜雲耀音樂 Ultimate Studio Inc、iCarus Studio（Strings) 聲音編輯 Editing Engineer｜楊昊 HAO Young、楊博皓 Seal 混音師 Mixing Engineer｜張家誠 Chia Chen Chang 母帶後期製作 Stem Mastering｜張家誠 Chia Chen Chang 
詞 Lyricist｜仁杰 曲 Composer｜ 仁杰、蘇崇祐 Kay 編曲 Music Arranger｜紙鳶 Seizer、知更John Stoniae
演唱 Vocal｜仁杰、知更John Stoniae、蘇崇祐 Kay 木吉他 Acoustic Guitar｜蘇崇祐 Kay 電吉他 Electric Guitar｜楊博皓 Seal、知更John Stoniae 貝斯 Bass｜呂建亨 Henry 鼓組 Drum｜王秉宸 Daniel 合成器 Synth｜楊博皓 Seal
製作人 Producer｜楊博皓 Seal 配唱製作 Vocal Producer｜知更John Stoniae、蘇崇祐 Kay 鼓組聲音設計& 技師 Drum Sound Design & Technician｜余璨宇 Yu Tsan Yu 和聲 Backing Vocal｜仁杰、蘇崇祐 Kay、知更John Stoniae 和聲編寫 Backing Vocal Arrangement｜仁杰、蘇崇祐 Kay、知更John Stoniae 弦樂編寫 Strings Arrangement｜Stefano Tiero 弦樂 Strings｜DoubleSharp Production 小提琴 Violin Section｜Claudia Roccon, Leonardo Lombardi, Isabella Mastroeni, Francesca Vanoncini 大提琴 Cello｜Jingbo Wang
錄音師 Recording Engineer｜楊昊 HAO Young、楊韜 TAO Young(Drum/AG/EG/BASS/Vocal) 、Federico Tiero（Strings) 錄音室 Recording Studio｜雲耀音樂 Ultimate Studio Inc、iCarus Studio（Strings) 聲音編輯 Editing Engineer｜楊昊 HAO Young、楊博皓 Seal
混音師 Mixing Engineer｜張家誠 Chia Chen Chang 母帶後期製作 Stem Mastering｜張家誠 Chia Chen Chang","活在永遠無法抹滅的陰影 與痛苦並行的人們 至多就是報導上的一瞥 而我過著再平凡不過的一天 我望著電視裡罹難的一切 與我而言那悲傷只有片刻銘心 日曆上用鮮血換來的紀念 對你我來說 都只是 平凡不過的一天 感受不到分秒的消逝 是還未發生足以窒息的苦難 還是為了等到那天的到來 繼續過著再平凡不過的一天 我望著電視裡罹難的一切 與我而言那悲傷只有片刻銘心 日曆上用鮮血換來的紀念 對你我來說 都只是 平凡不過的 
活在永遠無法抹滅的陰影 與痛苦並行的人們 至多就是報導上的一瞥 而我過著再平凡不過的一天
我望著電視裡罹難的一切 與我而言那悲傷只有片刻銘心 日曆上用鮮血換來的紀念 對你我來說 都只是 平凡不過的一天
感受不到分秒的消逝 是還未發生足以窒息的苦難 還是為了等到那天的到來 繼續過著再平凡不過的一天
我望著電視裡罹難的一切 與我而言那悲傷只有片刻銘心 日曆上用鮮血換來的紀念 對你我來說 都只是 平凡不過的
留言（ 0 ） 最相關留言 所有留言
留言（ 0 ）",2026-09-03,,Song of the Day; 編輯推薦,True,True,
2026-09-13 01:10:09,realtime,rock,,,4,Soul Sorry,某種,25,1763,5,https://streetvoice.com/Soul_Sorry/songs/878862/,https://streetvoice.com/Soul_Sorry/,"https://akstatic.streetvoice.com/song_covers/So/ul/Soul_Sorry/T7Ks7GfcMNfSU5s5LJC4kb.jpeg?x-oss-process=image/resize,m_fill,h_400,w_400,limit_0",images/878862.jpeg,@Soul_Sorry,音樂人,台北市,2024-03-01,2024-12-25 17:11,1,98,,,https://www.instagram.com/soul_sorry_/profilecard/,https://www.youtube.com/user/StreetVoiceTV,「呼聲 VOICES」全陣容公開：韋禮安、宇宙人、洪佩瑜、大象體操參戰|||https://blow.streetvoice.com/90078/?utm_source=streetvoice&utm_medium=profile-news-block; 金旋音樂節即將登場！力邀LAWA合體鄒序、楊子平攜手沒有才能等四組共演驚喜上陣|||https://blow.streetvoice.com/79258/?utm_source=streetvoice&utm_medium=profile-news-block; 第 41 屆政大金旋獎決賽圓滿落幕，得獎名單一次看！|||https://blow.streetvoice.com/74554/?utm_source=streetvoice&utm_medium=profile-news-block,,Rock,,,,"〈某種〉 作詞 Lyrics｜蘇研之 Angie Su 作曲 Compose｜蘇研之 Angie Su 製作 Producer｜yyt 編曲 Arranger｜Soul Sorry 主唱｜蘇研之 Angie Su 木吉他 Acoustic Guitarist｜蘇研之 Angie Su 電吉他 Electric Guitarist｜孫浩翔 Vincent Sun 鼓 Drummer｜鄭千雅 Qian-Ya Zheng 貝斯 Bassist｜謝宇威 Yu-Wei Hsieh 鍵盤 Keyboardist｜楊光詠 Kuang-Yung Yang 錄音工程師 Recording Engineer｜yyt 鼓組、Bass 錄音室 Drum & Bass Recording Studio｜荒原錄音室 鼓組、Bass 錄音助理 Drum & Bass Recording Assistant｜少東、Michael Wu 人聲、木吉他錄音室 Vocal & Acoustic Guitar Recording Studio｜浩世錄音室 人聲、木吉他錄音助理 Vocal & Acoustic Guitar Recording Assistant｜林芊伃 ChienYu Lin 混音工程師 Mixing Engineer｜yyt 母帶後期處理工程師 Mastering Engineer｜黃炳喻 Teddy Huang 封面設計 Cover Artwork｜湛昕恩 Chan Sin En 
〈某種〉
作詞 Lyrics｜蘇研之 Angie Su 作曲 Compose｜蘇研之 Angie Su 製作 Producer｜yyt 編曲 Arranger｜Soul Sorry 主唱｜蘇研之 Angie Su 木吉他 Acoustic Guitarist｜蘇研之 Angie Su 電吉他 Electric Guitarist｜孫浩翔 Vincent Sun 鼓 Drummer｜鄭千雅 Qian-Ya Zheng 貝斯 Bassist｜謝宇威 Yu-Wei Hsieh 鍵盤 Keyboardist｜楊光詠 Kuang-Yung Yang
錄音工程師 Recording Engineer｜yyt 鼓組、Bass 錄音室 Drum & Bass Recording Studio｜荒原錄音室 鼓組、Bass 錄音助理 Drum & Bass Recording Assistant｜少東、Michael Wu 人聲、木吉他錄音室 Vocal & Acoustic Guitar Recording Studio｜浩世錄音室 人聲、木吉他錄音助理 Vocal & Acoustic Guitar Recording Assistant｜林芊伃 ChienYu Lin 混音工程師 Mixing Engineer｜yyt 母帶後期處理工程師 Mastering Engineer｜黃炳喻 Teddy Huang
封面設計 Cover Artwork｜湛昕恩 Chan Sin En","說不定是最後一次想起 關於你的所有陷阱 年少的日記 筆跡依然清晰 協助我回憶 那些可能浪漫的場景 某種執迷不悟 知道結局殘酷 不服輸 賭上青春的結束 某種自我保護 切開與你相鄰的領土 忍不住 在夜晚偷偷地哭 告別的旅途 是漫漫長路 也許錯過與你最靠近的距離 也許這是我們必經的可惜 也許對於你 我始終只是支線劇情 我不確定 某種執迷不悟 知道結局殘酷 不服輸 賭上青春的結束 某種自我保護 切開與你相鄰的領土 忍不住 在夜晚偷偷地哭 至少體面地走出 與你並肩的路 切開我們共有的地圖 不反覆 這是我們的結束 你留下的禮物 是背對你的漫漫長路 
說不定是最後一次想起 關於你的所有陷阱 年少的日記 筆跡依然清晰 協助我回憶 那些可能浪漫的場景
某種執迷不悟 知道結局殘酷 不服輸 賭上青春的結束 某種自我保護 切開與你相鄰的領土 忍不住 在夜晚偷偷地哭
告別的旅途 是漫漫長路
也許錯過與你最靠近的距離 也許這是我們必經的可惜 也許對於你 我始終只是支線劇情 我不確定
某種執迷不悟 知道結局殘酷 不服輸 賭上青春的結束 某種自我保護 切開與你相鄰的領土 忍不住 在夜晚偷偷地哭
至少體面地走出 與你並肩的路 切開我們共有的地圖 不反覆 這是我們的結束
你留下的禮物 是背對你的漫漫長路
留言（ 5 ） 最相關留言 所有留言
留言（ 5 ）",2026-09-11,,編輯推薦,True,False,
2026-09-13 01:10:09,realtime,rock,,,5,CORAL,"I&#x27;m Not Ready, Yes You Are",5,565,4,https://streetvoice.com/coralmusic/songs/878214/,https://streetvoice.com/coralmusic/,"https://akstatic.streetvoice.com/song_covers/co/ra/coralmusic/kJWysb76eFxngHNTCqscKL.jpeg?x-oss-process=image/resize,m_fill,h_400,w_400,limit_0",images/878214.jpeg,@coralmusic,音樂人,,,2026-01-05 09:42,3,18,2,https://www.facebook.com/share/1APLGoHYXN/?mibextid=wwXIfr,https://www.instagram.com/abai0731,https://youtube.com/@abai0731,【吹專訪】我不覺得自己很會唱歌，但我知道自己很愛唱：竇靖童|||https://blow.streetvoice.com/77636/?utm_source=streetvoice&utm_medium=profile-news-block; 【專訪】長大這件事：大象體操|||https://blow.streetvoice.com/43399/?utm_source=streetvoice&utm_medium=profile-news-block; 洪申豪獨立廠牌 Petit Alp Records 實體店面本週六開幕！|||https://blow.streetvoice.com/42994/?utm_source=streetvoice&utm_medium=profile-news-block,,Alternative,,,你家魚！,"✷ DIALOGUE PRACTICE A：I’m not ready. B：Yes, you are. Switch roles. 當你站到對方的位置，還會說出同樣的話嗎？ Monster #02｜MISALIGNMENT CORAL 首張全英文創作專輯《Hey, Monster!》 第二首先行單曲〈I’m Not Ready, Yes You Are〉feat. 佳瑜JiaYu 2026.09.11 數位上線 〈I’m Not Ready, Yes You Are〉描寫兩個相愛，卻站在不同位置的人。一個已經準備好讓愛被看見，另一個仍困在外界眼光與自我懷疑之間。這段不同步的愛，化為專輯中的第二隻 Monster——MISALIGNMENT。 作為專輯唯一一首邀請歌手合作的作品，CORAL 以親身經歷為創作起點，寫下關係中兩個人的不同感受，並邀請民謠樂團 22.5 主唱佳瑜共同演唱。佳瑜帶有空氣感的聲線，細膩呈現另一方的遲疑與害怕。首次挑戰全英文演唱，也讓她在錄音過程中直呼咬字與語感比想像中更有難度。 音樂以 Bedroom Pop 為基底，以貼耳的人聲與如氣泡般浮動的 Lo-fi Synth 營造親密的聆聽體驗，彷彿置身兩人的私密對話之中。歌曲後段，一來一往的對唱轉為合唱。兩人最後唱起相同的歌詞，原本錯開的心意也逐漸重疊。 CREDITS 主唱 Vocal｜CORAL & 佳瑜JiaYu 詞 Lyrics｜CORAL 曲 Composition｜CORAL 製作人 Producer｜CORAL & 吳奕宏 Wu Yi Hung 編曲 Arrangement｜吳奕宏 Wu Yi Hung 和聲編寫 Backing Vocal Arrangement｜CORAL 和聲 Backing Vocals｜CORAL & 佳瑜JiaYu 電吉他 Electric Guitar｜吳奕宏 Wu Yi Hung 錄音 Recording Engineer｜吳奕宏 Wu Yi Hung 混音 Mixing Engineer｜吳奕宏 Wu Yi Hung 母帶後期 Mastering Engineer｜吳奕宏 Wu Yi Hung 錄音室 Recording Studio｜Playroom 單曲封面攝影 Single Cover Photography｜鐘苡綾 Jong Yi-Ling 企劃 Project Coordinator｜王雁苓 Annie Wang 
✷ DIALOGUE PRACTICE
A：I’m not ready. B：Yes, you are.
Switch roles. 當你站到對方的位置，還會說出同樣的話嗎？
Monster #02｜MISALIGNMENT
CORAL 首張全英文創作專輯《Hey, Monster!》 第二首先行單曲〈I’m Not Ready, Yes You Are〉feat. 佳瑜JiaYu 2026.09.11 數位上線
〈I’m Not Ready, Yes You Are〉描寫兩個相愛，卻站在不同位置的人。一個已經準備好讓愛被看見，另一個仍困在外界眼光與自我懷疑之間。這段不同步的愛，化為專輯中的第二隻 Monster——MISALIGNMENT。
作為專輯唯一一首邀請歌手合作的作品，CORAL 以親身經歷為創作起點，寫下關係中兩個人的不同感受，並邀請民謠樂團 22.5 主唱佳瑜共同演唱。佳瑜帶有空氣感的聲線，細膩呈現另一方的遲疑與害怕。首次挑戰全英文演唱，也讓她在錄音過程中直呼咬字與語感比想像中更有難度。
音樂以 Bedroom Pop 為基底，以貼耳的人聲與如氣泡般浮動的 Lo-fi Synth 營造親密的聆聽體驗，彷彿置身兩人的私密對話之中。歌曲後段，一來一往的對唱轉為合唱。兩人最後唱起相同的歌詞，原本錯開的心意也逐漸重疊。
CREDITS 主唱 Vocal｜CORAL & 佳瑜JiaYu 詞 Lyrics｜CORAL 曲 Composition｜CORAL 製作人 Producer｜CORAL & 吳奕宏 Wu Yi Hung 編曲 Arrangement｜吳奕宏 Wu Yi Hung 和聲編寫 Backing Vocal Arrangement｜CORAL 和聲 Backing Vocals｜CORAL & 佳瑜JiaYu 電吉他 Electric Guitar｜吳奕宏 Wu Yi Hung 錄音 Recording Engineer｜吳奕宏 Wu Yi Hung 混音 Mixing Engineer｜吳奕宏 Wu Yi Hung 母帶後期 Mastering Engineer｜吳奕宏 Wu Yi Hung 錄音室 Recording Studio｜Playroom
單曲封面攝影 Single Cover Photography｜鐘苡綾 Jong Yi-Ling 企劃 Project Coordinator｜王雁苓 Annie Wang","動態歌詞
I see the way you look at me But you always turn away, you turn away I look away ’cause I’m afraid Of what it means if I stay, oh if I stay Imagine wakin’ up in my arms every morning when the sun pours in, when I touch your skin We could roam the world without askin’ permission from anyone We hide from no one I just want you to be you If that’s me, then why do I break inside? Oh it’s broken inside Our love isn’t a crime It sure does feel like one, the one I hide It just don’t feel right I’m not like you, I wasn’t born brave I’ve spent my whole life tryna behave, oh haven’t I behaved? Tryna fit into a world that says “Love like this is just a phase,” oh it’s just a phase All I want is to call you mine All I want is a little more time All I want is to not be left behind All I want is a love that shines All I want is to call you mine All I want is a love that shines All I want is to call you mine All I want is a love that shines All I want is to call you mine All I want is a love that shines All I want is to call you mine All I want is to make it right 
I see the way you look at me But you always turn away, you turn away I look away ’cause I’m afraid Of what it means if I stay, oh if I stay
Imagine wakin’ up in my arms every morning when the sun pours in, when I touch your skin We could roam the world without askin’ permission from anyone We hide from no one
I just want you to be you If that’s me, then why do I break inside? Oh it’s broken inside Our love isn’t a crime It sure does feel like one, the one I hide It just don’t feel right
I’m not like you, I wasn’t born brave I’ve spent my whole life tryna behave, oh haven’t I behaved? Tryna fit into a world that says “Love like this is just a phase,” oh it’s just a phase
All I want is to call you mine All I want is a little more time All I want is to not be left behind All I want is a love that shines
All I want is to call you mine All I want is a love that shines All I want is to call you mine All I want is a love that shines
All I want is to call you mine All I want is a love that shines All I want is to call you mine All I want is to make it right
留言（ 4 ） 最相關留言 所有留言
留言（ 4 ）",2026-09-11,,編輯推薦,True,False,
2026-09-13 01:10:09,realtime,rock,,,6,紙鳶 Seizer,偽善,39,2943,9,https://streetvoice.com/seizer_official/songs/876178/,https://streetvoice.com/seizer_official/,"https://akstatic.streetvoice.com/music_albums/se/iz/seizer_official/N2aTYNoA3NBNhQWwfjgotd.jpeg?x-oss-process=image/resize,m_fill,h_400,w_400,limit_0",images/876178.jpeg,@seizer_official,音樂人,台中市,2024-08-01,2024-09-10 20:11,18,2225,,,https://www.instagram.com/seizer.com.tw/,https://www.youtube.com/user/StreetVoiceTV,羊米人玩團十年夢想成真！「飛天摩托車」駛進THE WALL 麋先生喆安、紙鳶驚喜助陣|||https://blow.streetvoice.com/90155/?utm_source=streetvoice&utm_medium=profile-news-block; 紙鳶全新專輯《缺頁的名冊》正式發行 台北發片專場祭出「全嘉賓陣容」|||https://blow.streetvoice.com/90142/?utm_source=streetvoice&utm_medium=profile-news-block; 紙鳶首登泰國Monster Music Festival 回歸宣布新專輯《缺頁的名冊》即將發行|||https://blow.streetvoice.com/89229/?utm_source=streetvoice&utm_medium=profile-news-block,,Alternative,缺頁的名冊,https://streetvoice.com/seizer_official/songs/album/97325949/,,"詞 Lyrics｜仁杰 曲 Composer｜仁杰 編曲 Arrangement｜紙鳶 Seizer 主唱 Vocal｜仁杰 和聲 Backing Vocal｜紙鳶 Seizer 木吉他 Acoustic Guitar｜蘇崇祐 Kay 電吉他 Electric Guitar｜楊博皓 Seal 貝斯 Bass｜呂建亨 Henry 鼓組 Drum｜王秉宸 Daniel 鍵盤與合成器 ｜Keyboards & Synth Design｜楊博皓 Seal 弦樂編寫 Strings Arrangement｜蔡曜宇 Shuon Tsai 弦樂統籌/監製 String Coordinator/Producer｜蔡曜宇 Shuon Tsai 弦樂 Strings｜曜爆甘音樂工作室 Just Busy Music Studio 第一小提琴 First Violin｜陳奕勇 Yi-Yung Chen、駱思云 Ssu-Yun Lo、朱奕寧 Yi-Ning Ju 第二小提琴 Second Violin｜黃雨柔 Nala Huang、黃瑾諍 Chin-Cheng Huang 中提琴 Viola｜潘自琦 Tzu-Chi Pan、牟啟東 Wayne Mau 大提琴 Cello｜白竹君 Chu-Chun Pai 弦樂團行政String Administration｜林舜瑜 Shun-Yu Lin 弦樂錄音師 String Recording Engineer｜朱品豪 Pin-Hao Ju 弦樂錄音室String Recording Studio｜玉成戲院錄音室 YuChen Cinema Studio 製作人 Producer｜楊博皓 Seal 鼓組錄音室 Drum Recording Studio｜秉乾工作室 鼓組錄音師 Drum Recording Engineer｜張家誠 Chia Chen Chang 鼓技師 Drum Technician｜莊開旭 Cash Chuang 人聲錄音室 Vocal Recording Studio｜失眠招待所 Insomnia Hotel Studio 人聲配唱 Vocal Producer｜蘇崇祐 Kay 和聲編寫 Backing Vocal Arrangement｜楊博皓 Seal、仁杰、蘇崇祐 Kay 錄音師 Recording Engineer｜楊博皓 Seal 混音師 Mixing Engineer｜張家誠 Chia Chen Chang 母帶後期製作 Mastering Engineer｜張家誠 Chia Chen Chang 
詞 Lyrics｜仁杰 曲 Composer｜仁杰 編曲 Arrangement｜紙鳶 Seizer
主唱 Vocal｜仁杰 和聲 Backing Vocal｜紙鳶 Seizer 木吉他 Acoustic Guitar｜蘇崇祐 Kay 電吉他 Electric Guitar｜楊博皓 Seal 貝斯 Bass｜呂建亨 Henry 鼓組 Drum｜王秉宸 Daniel 鍵盤與合成器 ｜Keyboards & Synth Design｜楊博皓 Seal
弦樂編寫 Strings Arrangement｜蔡曜宇 Shuon Tsai 弦樂統籌/監製 String Coordinator/Producer｜蔡曜宇 Shuon Tsai 弦樂 Strings｜曜爆甘音樂工作室 Just Busy Music Studio 第一小提琴 First Violin｜陳奕勇 Yi-Yung Chen、駱思云 Ssu-Yun Lo、朱奕寧 Yi-Ning Ju 第二小提琴 Second Violin｜黃雨柔 Nala Huang、黃瑾諍 Chin-Cheng Huang 中提琴 Viola｜潘自琦 Tzu-Chi Pan、牟啟東 Wayne Mau 大提琴 Cello｜白竹君 Chu-Chun Pai 弦樂團行政String Administration｜林舜瑜 Shun-Yu Lin 弦樂錄音師 String Recording Engineer｜朱品豪 Pin-Hao Ju 弦樂錄音室String Recording Studio｜玉成戲院錄音室 YuChen Cinema Studio
製作人 Producer｜楊博皓 Seal 鼓組錄音室 Drum Recording Studio｜秉乾工作室 鼓組錄音師 Drum Recording Engineer｜張家誠 Chia Chen Chang 鼓技師 Drum Technician｜莊開旭 Cash Chuang 人聲錄音室 Vocal Recording Studio｜失眠招待所 Insomnia Hotel Studio 人聲配唱 Vocal Producer｜蘇崇祐 Kay 和聲編寫 Backing Vocal Arrangement｜楊博皓 Seal、仁杰、蘇崇祐 Kay 錄音師 Recording Engineer｜楊博皓 Seal
混音師 Mixing Engineer｜張家誠 Chia Chen Chang 母帶後期製作 Mastering Engineer｜張家誠 Chia Chen Chang","真正善良的人不會出現在眾人眼前 又怎能保證從善的人不是帶著假面 每個人心裏定義的善惡 輕易的扼殺社會現象的準則 躲在螢幕後面的醜惡 肆意煽動本就稀缺的尊重包容 想起身對抗不義不公 無奈大多數都選擇無動於衷 說一件被人遺忘的遺憾 爭一口別人無視的正義 明明沒錯卻被說成偽善 莫須有般成為眾矢之的 說一件被人遺忘的遺憾 爭一口別人無視的正義 明明沒錯卻被說成偽善 莫須有般成為眾矢之的 論是非對錯到最後也都流於形式 永遠都會有人在道德上鄙視 說一件被人遺忘的遺憾 爭一口別人無視的正義 明明沒錯卻被說成偽善 莫須有般成為眾矢之的 說一件被人遺忘的遺憾 爭一口別人無視的正義 明明沒錯卻被說成偽善 莫須有般成為眾矢之的 (La la la la) 說一件被人遺忘的遺憾 爭一口別人無視的正義 明明沒錯卻被說成偽善 莫須有般成為眾矢之的 
真正善良的人不會出現在眾人眼前 又怎能保證從善的人不是帶著假面 每個人心裏定義的善惡 輕易的扼殺社會現象的準則
躲在螢幕後面的醜惡 肆意煽動本就稀缺的尊重包容 想起身對抗不義不公 無奈大多數都選擇無動於衷
說一件被人遺忘的遺憾 爭一口別人無視的正義 明明沒錯卻被說成偽善 莫須有般成為眾矢之的
說一件被人遺忘的遺憾 爭一口別人無視的正義 明明沒錯卻被說成偽善 莫須有般成為眾矢之的
論是非對錯到最後也都流於形式 永遠都會有人在道德上鄙視
說一件被人遺忘的遺憾 爭一口別人無視的正義 明明沒錯卻被說成偽善 莫須有般成為眾矢之的
說一件被人遺忘的遺憾 爭一口別人無視的正義 明明沒錯卻被說成偽善 莫須有般成為眾矢之的
(La la la la)
說一件被人遺忘的遺憾 爭一口別人無視的正義 明明沒錯卻被說成偽善 莫須有般成為眾矢之的
留言（ 9 ） 最相關留言 所有留言
留言（ 9 ）",2026-09-03,,編輯推薦,True,False,
2026-09-13 01:10:09,realtime,rock,,,7,紙鳶 Seizer,Taste me Alive feat. 旅人至凱,18,2054,9,https://streetvoice.com/seizer_official/songs/876175/,https://streetvoice.com/seizer_official/,"https://akstatic.streetvoice.com/music_albums/se/iz/seizer_official/N2aTYNoA3NBNhQWwfjgotd.jpeg?x-oss-process=image/resize,m_fill,h_400,w_400,limit_0",images/876175.jpeg,@seizer_official,音樂人,台中市,2024-08-01,2024-09-10 20:11,18,2225,,,https://www.instagram.com/seizer.com.tw/,https://www.youtube.com/user/StreetVoiceTV,羊米人玩團十年夢想成真！「飛天摩托車」駛進THE WALL 麋先生喆安、紙鳶驚喜助陣|||https://blow.streetvoice.com/90155/?utm_source=streetvoice&utm_medium=profile-news-block; 紙鳶全新專輯《缺頁的名冊》正式發行 台北發片專場祭出「全嘉賓陣容」|||https://blow.streetvoice.com/90142/?utm_source=streetvoice&utm_medium=profile-news-block; 紙鳶首登泰國Monster Music Festival 回歸宣布新專輯《缺頁的名冊》即將發行|||https://blow.streetvoice.com/89229/?utm_source=streetvoice&utm_medium=profile-news-block,,Alternative,缺頁的名冊,https://streetvoice.com/seizer_official/songs/album/97325949/,,"詞 Lyrics｜仁杰、胡至凱 HzKai 曲 Composer｜仁杰、胡至凱 HzKai 編曲 Arrangement｜紙鳶 Seizer 主唱 Vocal｜仁杰、胡至凱 HzKai 和聲 Backing Vocal｜仁杰、胡至凱 HzKai 和聲編寫 Backing Vocal Arrangement｜魏翔鎰 Wade Wei 電吉他 Electric Guitar｜楊博皓 Seal 貝斯 Bass｜呂建亨 Henry 鼓組 Drum｜王秉宸 Daniel 鍵盤與合成器 ｜Keyboards & Synth Design｜楊博皓 Seal 製作人 Producer｜楊博皓 Seal 鼓組錄音室 Drum Recording Studio｜秉乾工作室 鼓組錄音師 Drum Recording Engineer｜張家誠 Chia Chen Chang 鼓技師 Drum Technician｜莊開旭 Cash Chuang 人聲錄音室 Vocal Recording Studio｜灰帽 Gray Hat Studio 人聲配唱 Vocal Producer｜魏翔鎰 Wade Wei 和聲編寫 Backing Vocal Arrangement｜魏翔鎰 Wade Wei 人聲錄音師 Vocal Recording Engineer｜梁祐鈞 Jim 貝斯、電吉他錄音師 Recording Engineer｜楊博皓 Seal 混音師 Mixing Engineer｜張家誠 Chia Chen Chang 母帶後期製作 Mastering Engineer｜張家誠 Chia Chen Chang 
詞 Lyrics｜仁杰、胡至凱 HzKai 曲 Composer｜仁杰、胡至凱 HzKai 編曲 Arrangement｜紙鳶 Seizer
主唱 Vocal｜仁杰、胡至凱 HzKai 和聲 Backing Vocal｜仁杰、胡至凱 HzKai 和聲編寫 Backing Vocal Arrangement｜魏翔鎰 Wade Wei 電吉他 Electric Guitar｜楊博皓 Seal 貝斯 Bass｜呂建亨 Henry 鼓組 Drum｜王秉宸 Daniel 鍵盤與合成器 ｜Keyboards & Synth Design｜楊博皓 Seal
製作人 Producer｜楊博皓 Seal 鼓組錄音室 Drum Recording Studio｜秉乾工作室 鼓組錄音師 Drum Recording Engineer｜張家誠 Chia Chen Chang 鼓技師 Drum Technician｜莊開旭 Cash Chuang 人聲錄音室 Vocal Recording Studio｜灰帽 Gray Hat Studio 人聲配唱 Vocal Producer｜魏翔鎰 Wade Wei 和聲編寫 Backing Vocal Arrangement｜魏翔鎰 Wade Wei 人聲錄音師 Vocal Recording Engineer｜梁祐鈞 Jim 貝斯、電吉他錄音師 Recording Engineer｜楊博皓 Seal
混音師 Mixing Engineer｜張家誠 Chia Chen Chang 母帶後期製作 Mastering Engineer｜張家誠 Chia Chen Chang","我在夜裡消化千百思緒 入睡前卻只拉出了沈默 又是聽誰說我不夠謙虛 自我催眠騙自己想太多 積累在昨天的憤慨或不安 閉上眼置身事外 一覺醒來以為事過境遷但 這些白癡依然想讓我活在 活在誰的嘴裡　在他味蕾上放個屁 （摀著臉只露出嘴巴的變態 說話只為了想看誰被誰幹） 我有我的真理　你不愛就別放嘴裡 （活在這文字超營養的生態 我不會因為被咀嚼就腐爛） 擔心你們智商記不住超過八句詞 宵夜嗑完所有意見我早上拉一池 這坨富有哲學思想請隨便拿去吃 你邊嫌邊吞欲求不滿還說再一次 一堆弱智　嘴砲都能錯字 整天除了發廢文就是幹破事 為了環保請你快過世 針對我腦袋的牛角你他媽就盡情鑽 笑死根本沒快感像你沒用的性器官 積累在昨天的憤慨或不安 閉上眼置身事外 我會在四處出沒邀請你來現場看 到面前TELL ME HOW I FUCKING TASTE LIKE 活在誰的嘴裡　在他味蕾上放個屁 （摀著臉只露出嘴巴的變態 說話只為了想看誰被誰幹） 我有我的真理　你不愛就別放嘴裡 （活在這文字超營養的生態 我不會因為被咀嚼就腐爛） 思想的巨人　拿到鍵盤也變混蛋 千篇一律在氾濫　你們全都是戰犯 像是在朝拜　都沒有臉看 全部都跪下接住我的厚愛 我有我的真理　你不愛就別放嘴裡 邊嫌邊吃你這犯賤的變態 吞下去TELL ME HOW I FUCKING TASTE LIKE 
我在夜裡消化千百思緒 入睡前卻只拉出了沈默 又是聽誰說我不夠謙虛 自我催眠騙自己想太多
積累在昨天的憤慨或不安 閉上眼置身事外 一覺醒來以為事過境遷但 這些白癡依然想讓我活在
活在誰的嘴裡　在他味蕾上放個屁 （摀著臉只露出嘴巴的變態 說話只為了想看誰被誰幹） 我有我的真理　你不愛就別放嘴裡 （活在這文字超營養的生態 我不會因為被咀嚼就腐爛）
擔心你們智商記不住超過八句詞 宵夜嗑完所有意見我早上拉一池 這坨富有哲學思想請隨便拿去吃 你邊嫌邊吞欲求不滿還說再一次 一堆弱智　嘴砲都能錯字 整天除了發廢文就是幹破事 為了環保請你快過世
針對我腦袋的牛角你他媽就盡情鑽 笑死根本沒快感像你沒用的性器官
積累在昨天的憤慨或不安 閉上眼置身事外 我會在四處出沒邀請你來現場看 到面前TELL ME HOW I FUCKING TASTE LIKE
活在誰的嘴裡　在他味蕾上放個屁 （摀著臉只露出嘴巴的變態 說話只為了想看誰被誰幹）
我有我的真理　你不愛就別放嘴裡 （活在這文字超營養的生態 我不會因為被咀嚼就腐爛）
思想的巨人　拿到鍵盤也變混蛋 千篇一律在氾濫　你們全都是戰犯 像是在朝拜　都沒有臉看 全部都跪下接住我的厚愛
我有我的真理　你不愛就別放嘴裡 邊嫌邊吃你這犯賤的變態 吞下去TELL ME HOW I FUCKING TASTE LIKE
留言（ 9 ） 最相關留言 所有留言
留言（ 9 ）",2026-09-03,,編輯推薦,True,False,
2026-09-13 01:10:09,realtime,rock,,,8,Theseus忒修斯,"半衰期（2026 Remix）Ft. 青原, 許時",8,172,0,https://streetvoice.com/Theseus_tw/songs/878911/,https://streetvoice.com/Theseus_tw/,"https://akstatic.streetvoice.com/song_covers/Th/es/Theseus_tw/ETomDvpgWeQVKsJhyuvVzB.jpeg?x-oss-process=image/resize,m_fill,h_400,w_400,limit_0",images/878911.jpeg,@Theseus_tw,音樂人,台北市,2016-12-01,,10,2811,1,,https://www.instagram.com/2016theseus/,https://www.youtube.com/user/StreetVoiceTV,Theseus忒修斯新歌〈凡勢〉MV邀何諭函、蘇皓兒擔任女主角 9/20舉辦專場|||https://blow.streetvoice.com/82596/?utm_source=streetvoice&utm_medium=profile-news-block; Theseus忒修斯為台劇《拜六禮拜》量身打造新歌 催生全台語專輯《未擇之路（凡勢我）》|||https://blow.streetvoice.com/81746/?utm_source=streetvoice&utm_medium=profile-news-block; Theseus忒修斯為台語劇集《拜六禮拜》打造片頭曲〈朋友之歌〉歌名致敬港片《古惑仔》|||https://blow.streetvoice.com/81078/?utm_source=streetvoice&utm_medium=profile-news-block,,Rock,,,青原FIDA,"事隔多年，再唱一次。 好耐冇見，中秋台中現場限定合作版本。 - - - 演出日期及時間：2026/09/27 (日) 19:00 演出地點：Legacy Taichung 音樂展演空間（台中市西屯區安和路117號） 演出者：青原 Fida（MO）+ Theseus 忒修斯（MJ） 票價：預售票 500元 / 現場票 700元 / 身障票 250元（線上訂購） 售票時間：2026/07/01（三）12:00 開始販售 本案獲臺中市政府新聞局補助 出品 Produced by｜Shabby Boyz CO.,LTD. (P)&(C) 2026 Shabby Boyz CO.,LTD. 
事隔多年，再唱一次。 好耐冇見，中秋台中現場限定合作版本。
- - -
演出日期及時間：2026/09/27 (日) 19:00 演出地點：Legacy Taichung 音樂展演空間（台中市西屯區安和路117號） 演出者：青原 Fida（MO）+ Theseus 忒修斯（MJ） 票價：預售票 500元 / 現場票 700元 / 身障票 250元（線上訂購） 售票時間：2026/07/01（三）12:00 開始販售
本案獲臺中市政府新聞局補助 出品 Produced by｜Shabby Boyz CO.,LTD. (P)&(C) 2026 Shabby Boyz CO.,LTD.","我知道 我知道 不需要再多一秒 頃刻在慈悲裏發現 終究一切愛恨都不滅 當打開所有數據量化回憶過去 設定你是我時間生活全部所需 每一分每一刻重複驗證的也許 當它消失殆盡我需要推論清晰 我知道 我知道 不需要再多一秒 縱然離去一半的時間 重擊著 要求我們忘掉 不重要 不重要 不需要再多一秒 那些自以為體面的藉口關心猜忌 半衰著 用一半的世界 換來的我們 卻忘了另一半的世界 跟著崩解 一瞬在溫柔裏驚覺 怎麼潸然毫無防備 費一半的真心 換來的我們 只記得另一半的世界 總會毀滅 頃刻在慈悲裏發現 終究一切愛恨都不滅 當扮演精確神情乞討一半甜蜜 命題是我永遠無解的所求所欲 每一分每一刻不停追問著所以 當它不再真心我也該拒絕耽溺 我知道 我知道 不需要再多一秒 縱然離去一半的時間 重擊著 要求我們忘掉 不重要 不重要 不需要再多一秒 那些自以為體面的藉口關心猜忌 半衰著 用一半的世界 換來的我們 卻忘了另一半的世界 跟著崩解 一瞬在溫柔裏驚覺 怎麼潸然毫無防備 費一半的真心 換來的我們 只記得另一半的世界 總會毀滅 頃刻在慈悲裏發現 終究一切愛恨都不滅 （當愛恨交織 有些東西不會消失） 一半的一半的再一半遺憾 當時間在過去慢慢在衰退中習慣 我的身體在變化那時間在走 跟時間做交易把感覺帶走 我看著我自己想搞笑卻不知要怎麼開口 我從來沒有試過為誰感到心動 消去寧靜的空閑溫柔拼湊 我自. 己. 的感. 覺. 我自己也聽『不懂』 我討厭這種情歌這種『苦痛』 Oh my Jesus ! 我不是一種感覺 我有我的生活 講失 戀太犯 賤 我有事情要做 我不想 看到妳 以前卡..住我遼闊 用一半的世界 換來的我們 卻忘了另一半的世界 跟著崩解 （當愛恨交織 有些東西不會消失） 一瞬在溫柔裏驚覺 怎麼潸然毫無備 （當愛恨交織 生命不會消失） 費一半的真心 換來的我們 只記得另一半的世界 總會毀滅 頃刻在慈悲裏發現 （當愛恨交織） 終究一切愛恨都不滅（生命不會消失） 愛恨都不滅 
我知道 我知道 不需要再多一秒 頃刻在慈悲裏發現 終究一切愛恨都不滅
當打開所有數據量化回憶過去 設定你是我時間生活全部所需 每一分每一刻重複驗證的也許 當它消失殆盡我需要推論清晰
我知道 我知道 不需要再多一秒 縱然離去一半的時間 重擊著 要求我們忘掉 不重要 不重要 不需要再多一秒 那些自以為體面的藉口關心猜忌 半衰著
用一半的世界 換來的我們 卻忘了另一半的世界 跟著崩解 一瞬在溫柔裏驚覺 怎麼潸然毫無防備 費一半的真心 換來的我們 只記得另一半的世界 總會毀滅 頃刻在慈悲裏發現 終究一切愛恨都不滅
當扮演精確神情乞討一半甜蜜 命題是我永遠無解的所求所欲 每一分每一刻不停追問著所以 當它不再真心我也該拒絕耽溺
我知道 我知道 不需要再多一秒 縱然離去一半的時間 重擊著 要求我們忘掉 不重要 不重要 不需要再多一秒 那些自以為體面的藉口關心猜忌 半衰著
用一半的世界 換來的我們 卻忘了另一半的世界 跟著崩解 一瞬在溫柔裏驚覺 怎麼潸然毫無防備
費一半的真心 換來的我們 只記得另一半的世界 總會毀滅 頃刻在慈悲裏發現 終究一切愛恨都不滅 （當愛恨交織 有些東西不會消失）
一半的一半的再一半遺憾 當時間在過去慢慢在衰退中習慣 我的身體在變化那時間在走 跟時間做交易把感覺帶走 我看著我自己想搞笑卻不知要怎麼開口 我從來沒有試過為誰感到心動 消去寧靜的空閑溫柔拼湊 我自. 己. 的感. 覺. 我自己也聽『不懂』 我討厭這種情歌這種『苦痛』 Oh my Jesus ! 我不是一種感覺 我有我的生活 講失 戀太犯 賤 我有事情要做 我不想 看到妳 以前卡..住我遼闊
用一半的世界 換來的我們 卻忘了另一半的世界 跟著崩解 （當愛恨交織 有些東西不會消失） 一瞬在溫柔裏驚覺 怎麼潸然毫無備 （當愛恨交織 生命不會消失） 費一半的真心 換來的我們 只記得另一半的世界 總會毀滅 頃刻在慈悲裏發現 （當愛恨交織） 終究一切愛恨都不滅（生命不會消失）
愛恨都不滅
留言（ 0 ） 最相關留言 所有留言
留言（ 0 ）",2026-09-11,,編輯推薦,True,False,
2026-09-13 01:10:09,realtime,rock,,,9,GAOGE4150,你不喜歡,4,91,2,https://streetvoice.com/Jelp/songs/878783/,https://streetvoice.com/Jelp/,"https://akstatic.streetvoice.com/song_covers/Je/lp/Jelp/SPkq9oJnTP9CyZeviqgY5J.jpeg?x-oss-process=image/resize,m_fill,h_400,w_400,limit_0",images/878783.jpeg,@Jelp,音樂人,,,,1,6,3,,,https://www.youtube.com/user/StreetVoiceTV,,,Rock,,,,"我不喜歡長大，但我會習慣長大。 --------------------------------------------------------------- 音樂製作 Music Production｜淨土 Pureland 作詞 Lyricist｜高稚喬 作曲 Composer｜高稚喬 製作人 Producer｜Gaoge4150 編曲 Arranger｜Gaoge4150 吉他Solo｜蘇 shu 混音工程師 Mixing Engineer｜Eason13 混音工作室 Mixing Studio｜淨土 PURELAND 母帶後期處理工程師 Mastering Engineer｜Eason13 母帶後期處理錄音室 Mastering Studio｜淨土 PURELAND 
我不喜歡長大，但我會習慣長大。
---------------------------------------------------------------
音樂製作 Music Production｜淨土 Pureland 作詞 Lyricist｜高稚喬 作曲 Composer｜高稚喬 製作人 Producer｜Gaoge4150 編曲 Arranger｜Gaoge4150 吉他Solo｜蘇 shu 混音工程師 Mixing Engineer｜Eason13 混音工作室 Mixing Studio｜淨土 PURELAND 母帶後期處理工程師 Mastering Engineer｜Eason13 母帶後期處理錄音室 Mastering Studio｜淨土 PURELAND","動態歌詞
爛生活 沒用的情緒 還堆在門口 也趕 不走 被陽光叫醒後 也只能接受 喔忘了什麼 什麼也沒做 時間又偷偷的離去了 是誰在問候 窗外的烏雲正悄悄的經過 你不喜歡這裡 總沒辦法對抗壞天氣 你不喜歡這裡 總讓烏雲掩蓋好心情 你忘了 黑色的雲朵也是 哭過才得以解脫 潔白的顏色不再沈重 你不喜歡這裡 只是你忘了雨後會天晴 猜不透 是不是有太多的執著 總學不會放手 總不甘過的輕鬆 預支明天好幾個鐘頭 卻換不了結果 喔！忘了什麼 什麼也沒做 時間又匆匆的離去了 是誰在問候 窗外的烏雲正常悄悄的經過 你不喜歡這裡 總沒辦法對抗壞天氣 你不喜歡這裡 總讓烏雲掩蓋好心情 你忘了 黑色的雲朵也是 哭過才得以解脫 潔白的顏色不再沈重 你不喜歡這裡 只是你忘了雨後會天晴 Ohh wow ohh oh oh Ohh wow ohh oh oh Ohh wow ohh oh oh Ohh wow oh oh 要怎麼喜歡這裡 總沒辦法對抗壞天氣 要怎麼喜歡這裡 總讓烏雲掩蓋好心情 我忘了 黑色的雲朵也是 哭過才得以解脫 潔白的顏色不再沈重 我會習慣這裡 我會期待下一個天晴 （我會習慣 這裡） （我會喜歡 這裡） （我會習慣 這裡） （我會期待下一個天晴） 
爛生活 沒用的情緒 還堆在門口 也趕 不走 被陽光叫醒後 也只能接受 喔忘了什麼 什麼也沒做 時間又偷偷的離去了 是誰在問候 窗外的烏雲正悄悄的經過 你不喜歡這裡 總沒辦法對抗壞天氣 你不喜歡這裡 總讓烏雲掩蓋好心情 你忘了 黑色的雲朵也是 哭過才得以解脫 潔白的顏色不再沈重 你不喜歡這裡 只是你忘了雨後會天晴 猜不透 是不是有太多的執著 總學不會放手 總不甘過的輕鬆 預支明天好幾個鐘頭 卻換不了結果 喔！忘了什麼 什麼也沒做 時間又匆匆的離去了 是誰在問候 窗外的烏雲正常悄悄的經過 你不喜歡這裡 總沒辦法對抗壞天氣 你不喜歡這裡 總讓烏雲掩蓋好心情 你忘了 黑色的雲朵也是 哭過才得以解脫 潔白的顏色不再沈重 你不喜歡這裡 只是你忘了雨後會天晴 Ohh wow ohh oh oh Ohh wow ohh oh oh Ohh wow ohh oh oh Ohh wow oh oh 要怎麼喜歡這裡 總沒辦法對抗壞天氣 要怎麼喜歡這裡 總讓烏雲掩蓋好心情 我忘了 黑色的雲朵也是 哭過才得以解脫 潔白的顏色不再沈重 我會習慣這裡 我會期待下一個天晴 （我會習慣 這裡） （我會喜歡 這裡） （我會習慣 這裡） （我會期待下一個天晴）
留言（ 2 ） 最相關留言 所有留言
留言（ 2 ）",2026-09-12,,,False,False,
2026-09-13 01:10:09,realtime,rock,,,10,紙鳶 Seizer,墜,64,6093,17,https://streetvoice.com/seizer_official/songs/876182/,https://streetvoice.com/seizer_official/,"https://akstatic.streetvoice.com/music_albums/se/iz/seizer_official/N2aTYNoA3NBNhQWwfjgotd.jpeg?x-oss-process=image/resize,m_fill,h_400,w_400,limit_0",images/876182.jpeg,@seizer_official,音樂人,台中市,2024-08-01,2024-09-10 20:11,18,2225,,,https://www.instagram.com/seizer.com.tw/,https://www.youtube.com/user/StreetVoiceTV,羊米人玩團十年夢想成真！「飛天摩托車」駛進THE WALL 麋先生喆安、紙鳶驚喜助陣|||https://blow.streetvoice.com/90155/?utm_source=streetvoice&utm_medium=profile-news-block; 紙鳶全新專輯《缺頁的名冊》正式發行 台北發片專場祭出「全嘉賓陣容」|||https://blow.streetvoice.com/90142/?utm_source=streetvoice&utm_medium=profile-news-block; 紙鳶首登泰國Monster Music Festival 回歸宣布新專輯《缺頁的名冊》即將發行|||https://blow.streetvoice.com/89229/?utm_source=streetvoice&utm_medium=profile-news-block,,Alternative,缺頁的名冊,https://streetvoice.com/seizer_official/songs/album/97325949/,,"詞 Lyrics｜仁杰 曲 Composer｜仁杰 編曲 Arrangement｜蔣希謙 TOC、紙鳶 Seizer 主唱 Vocal｜仁杰 和聲 Backing Vocal｜仁杰、蘇崇祐 Kay 電吉他 Electric Guitar｜楊博皓 Seal 貝斯 Bass｜呂建亨 Henry 鼓組 Drum｜王秉宸 Daniel 製作人 Producer｜楊博皓 Seal 鼓組錄音室 Drum Recording Studio｜秉乾工作室 鼓組錄音師 Drum Recording Engineer｜張家誠 Chia Chen Chang 鼓技師 Drum Technician｜莊開旭 Cash Chuang 人聲錄音室 Vocal Recording Studio｜RecoverStudio 人聲配唱 Vocal Producer｜蘇崇祐 Kay 錄音師 Recording Engineer｜楊博皓 Seal 混音師 Mixing Engineer｜張家誠 Chia Chen Chang 母帶後期製作 Mastering Engineer｜張家誠 Chia Chen Chang 
詞 Lyrics｜仁杰 曲 Composer｜仁杰 編曲 Arrangement｜蔣希謙 TOC、紙鳶 Seizer
主唱 Vocal｜仁杰 和聲 Backing Vocal｜仁杰、蘇崇祐 Kay 電吉他 Electric Guitar｜楊博皓 Seal 貝斯 Bass｜呂建亨 Henry 鼓組 Drum｜王秉宸 Daniel
製作人 Producer｜楊博皓 Seal 鼓組錄音室 Drum Recording Studio｜秉乾工作室 鼓組錄音師 Drum Recording Engineer｜張家誠 Chia Chen Chang 鼓技師 Drum Technician｜莊開旭 Cash Chuang 人聲錄音室 Vocal Recording Studio｜RecoverStudio
人聲配唱 Vocal Producer｜蘇崇祐 Kay 錄音師 Recording Engineer｜楊博皓 Seal
混音師 Mixing Engineer｜張家誠 Chia Chen Chang 母帶後期製作 Mastering Engineer｜張家誠 Chia Chen Chang","不再熾熱的心已破碎支離 隻身在沒有光亮的黎明 我救不了你 也救不了我自己 盡歡而散 後的氣球 洩掉了虛偽的快樂 不堪入 目的 狼藉 早被慣性的棄之不理 讓我睡在空盪的心房裡 貪圖地夢著美好的憧憬 不再熾熱的心已破碎支離 隻身在沒有光亮的黎明 我救不了你 也救不了我自己 讓我睡在空盪的心房裡 貪圖地夢著美好的憧憬 Nobody save me Nobody save me Nobody save me Nobody save me 不再熾熱的心已破碎支離 隻身在沒有光亮的黎明 我救不了你　也救不了我自己 不再完整的我墜入深淵裡 卻還把殘存的愛留給你 我救不了你　也救不了我自己 
不再熾熱的心已破碎支離 隻身在沒有光亮的黎明 我救不了你 也救不了我自己
盡歡而散 後的氣球 洩掉了虛偽的快樂 不堪入 目的 狼藉 早被慣性的棄之不理
讓我睡在空盪的心房裡 貪圖地夢著美好的憧憬
不再熾熱的心已破碎支離 隻身在沒有光亮的黎明 我救不了你 也救不了我自己
讓我睡在空盪的心房裡 貪圖地夢著美好的憧憬
Nobody save me Nobody save me Nobody save me Nobody save me
不再熾熱的心已破碎支離 隻身在沒有光亮的黎明 我救不了你　也救不了我自己
不再完整的我墜入深淵裡 卻還把殘存的愛留給你 我救不了你　也救不了我自己
留言（ 17 ） 最相關留言 所有留言
留言（ 17 ）",2026-09-03,,Song of the Day; 編輯推薦,True,True,
2026-09-13 01:10:09,realtime,rock,,,11,漁光倒 Yuguang Fall,我覺得,25,4495,32,https://streetvoice.com/yuguangfall/songs/877535/,https://streetvoice.com/yuguangfall/,"https://akstatic.streetvoice.com/song_covers/yu/gu/yuguangfall/dHmoVrodQ2EyPm2gnCuPEo.jpeg?x-oss-process=image/resize,m_fill,h_400,w_400,limit_0",images/877535.jpeg,@yuguangfall,音樂人,,,2024-03-07 11:25,6,241,5,https://www.facebook.com/people/%E6%BC%81%E5%85%89%E5%80%92-Yuguang-Fall/61550647631554/?notif_id=1709396477226024&notif_t=page_user_activity&ref=notif,https://www.instagram.com/yuguangfall/,https://www.youtube.com/user/StreetVoiceTV,,,Rock,,,,"單曲《我覺得》工作人員名單 Credits 詞 Lyricist｜陳泓達 ADA 曲 Composer｜張幃Weiiii 編曲 Arranger｜陳泓達 ADA 封面設計 Cover Art & Photography｜Kezia 製作 Producer｜漁光倒 Yuguang Fall 演唱、樂器｜ 演唱 Vocals｜張幃 Weiiii 吉他 Guitars ｜瘋哥 Madbrother69 貝斯 Bass｜涂育閔 Yumin Tu 鼓組 Drums｜廖本陽 Benyang Liao 鍵盤 Keyboard｜陳泓達 ADA 工程協力｜ 人聲錄音師 Vocal Recording Engineer｜陳泓達 ADA 人聲錄音室 Vocal Recording Studio｜89 Studio 人聲剪輯 Vocal Editing｜陳泓達 ADA 鼓組錄音師 Drum Recording Engineer｜金皓哲 Jin Hao Che 鼓組錄音室 Drum Recording Studio｜國立臺南藝術大學應用音樂系錄音室 TNNUA DAM Studio 混音工程師 Mixing Engineer ｜王希舞 母帶後期工程師 Mastering Engineer｜王希舞 特別感謝 Special Thanks to｜ 立羽文創 LitWings Ent. Co., Ltd. 
單曲《我覺得》工作人員名單 Credits
詞 Lyricist｜陳泓達 ADA 曲 Composer｜張幃Weiiii 編曲 Arranger｜陳泓達 ADA 封面設計 Cover Art & Photography｜Kezia 製作 Producer｜漁光倒 Yuguang Fall
演唱、樂器｜ 演唱 Vocals｜張幃 Weiiii 吉他 Guitars ｜瘋哥 Madbrother69 貝斯 Bass｜涂育閔 Yumin Tu 鼓組 Drums｜廖本陽 Benyang Liao 鍵盤 Keyboard｜陳泓達 ADA
工程協力｜ 人聲錄音師 Vocal Recording Engineer｜陳泓達 ADA 人聲錄音室 Vocal Recording Studio｜89 Studio 人聲剪輯 Vocal Editing｜陳泓達 ADA 鼓組錄音師 Drum Recording Engineer｜金皓哲 Jin Hao Che 鼓組錄音室 Drum Recording Studio｜國立臺南藝術大學應用音樂系錄音室 TNNUA DAM Studio 混音工程師 Mixing Engineer ｜王希舞 母帶後期工程師 Mastering Engineer｜王希舞
特別感謝 Special Thanks to｜ 立羽文創 LitWings Ent. Co., Ltd.","動態歌詞
《我覺得》 詞 Lyricist｜陳泓達 ADA 曲 Composer｜張幃Weiiii 在心中無聲的吶喊 熱血堆疊成遺憾 陳列在積灰的窗檯 當訕笑耳際邊充滿 星點沈默於黑暗 你期盼誰的安排 等待著奇蹟的到來 卻在原地徘徊 世界依舊運轉 就算未知的將來 有期待 也會有傷害 我明白夢不會停站 是誰在定義我的未來 就算面對多少障礙 有我在 你身後為你喝彩 這是我的時代 別再定義誰的未來 故事將由我寫下答案 以我的姿態 在厭倦一切的狀態 悸動消聲於感慨 再讓想像化作空談 當無人成你的主宰 拋開顧慮和推算 你應該自己勇敢 點燃這舞臺的昏暗 卻只敢回頭看 細數著錯過的遺憾 就算淚珠的倒影 有失敗 也會有光彩 夢的旅程 將要展開 是誰在定義我的未來 就算面對多少障礙 有我在 身後為你喝采 這是我的時代 別再定義誰的未來 故事將由我寫下答案 我的未來 狗嘴會不會吐出象牙 狗嘴會不會吐出象牙 都給我聽好背刺的無賴 世道毀壞 真相越辯越白 我就是我主宰 那些謾罵的廢話的給我滾開 是誰在定義我的未來 就算面對多少障礙 有我在 身後為你喝采 這是我的時代 別再定義誰的未來 故事將由我寫下答案 我的未來 
《我覺得》 詞 Lyricist｜陳泓達 ADA 曲 Composer｜張幃Weiiii
在心中無聲的吶喊 熱血堆疊成遺憾 陳列在積灰的窗檯
當訕笑耳際邊充滿 星點沈默於黑暗 你期盼誰的安排
等待著奇蹟的到來 卻在原地徘徊 世界依舊運轉
就算未知的將來 有期待 也會有傷害 我明白夢不會停站
是誰在定義我的未來 就算面對多少障礙 有我在 你身後為你喝彩 這是我的時代
別再定義誰的未來 故事將由我寫下答案 以我的姿態
在厭倦一切的狀態 悸動消聲於感慨 再讓想像化作空談
當無人成你的主宰 拋開顧慮和推算 你應該自己勇敢
點燃這舞臺的昏暗 卻只敢回頭看 細數著錯過的遺憾
就算淚珠的倒影 有失敗 也會有光彩 夢的旅程 將要展開
是誰在定義我的未來 就算面對多少障礙 有我在 身後為你喝采 這是我的時代 別再定義誰的未來 故事將由我寫下答案 我的未來
狗嘴會不會吐出象牙 狗嘴會不會吐出象牙
都給我聽好背刺的無賴 世道毀壞 真相越辯越白
我就是我主宰 那些謾罵的廢話的給我滾開
是誰在定義我的未來 就算面對多少障礙 有我在 身後為你喝采 這是我的時代
別再定義誰的未來 故事將由我寫下答案 我的未來
留言（ 32 ） 最相關留言 所有留言
留言（ 32 ）",2026-09-07,,編輯推薦,True,False,
2026-09-13 01:10:09,realtime,rock,,,12,莊蕎嫣 Faye.,大器晚成,49,6592,13,https://streetvoice.com/rule1230/songs/877791/,https://streetvoice.com/rule1230/,"https://akstatic.streetvoice.com/song_covers/ru/le/rule1230/LFagQXBHJLhajvudyzk3wq.jpeg?x-oss-process=image/resize,m_fill,h_400,w_400,limit_0",images/877791.jpeg,@rule1230,音樂人,高雄市,2015-12-01,2021-06-18 21:30,3,337,2,https://www.facebook.com/Faye.Chuang.1230,https://www.instagram.com/rule1230/,https://www.youtube.com/channel/UCx0wtFhxZjLBaBAM0fooxfw,【StreetVoice新歌週報】LÜCY天堂美嗓唱純粹之愛 婁峻碩情人節發歌表心意|||https://blow.streetvoice.com/56072/?utm_source=streetvoice&utm_medium=profile-news-block,,Rock,,,,"MV： https://youtu.be/mHSKzYt4gxg 跌倒了，就再來一次。 失敗了，就再試一次。 如果現在還不是答案， 那就繼續把這一遍走完， 或許有些光芒， 只是晚了一點抵達， 但是請你相信—— 是大器，何妨晚成。 -- 製作人 Producer：盧鈞右 Neon Lu 製作統籌 Executive Producer：李小天 TeddyRsLi 配唱製作人 Vocal Producer：盧鈞右 Neon Lu 編曲 Arrangment：林郡彥 Giu 電吉他 Electric Guitars：林郡彥 Giu 木吉他 Acoustic Guitars：林郡彥 Giu 電鋼琴 Electirc Piano：林郡彥 Giu 風琴 Organ：盧鈞右 Neon Lu 貝斯 Bass：林郡彥 Giu 和聲編寫 Backing Vocals Arranger：納納 Nanabrown 和聲演唱 Backing Vocals：納納 Nanabrown、莊蕎嫣 Faye.Z 錄音室 Recording Studio：烘嗓音樂製作 Home Sound Studio 錄音師 Recording Engineer：鍾承沂 Zhong Cheng Yi 混音師 Mixing Engineer：李小天 TeddyRsLi 混音室 Mixing Studio：烘嗓音樂製作 Home Sound Studio 母帶預約經理 Mastering Booking Manager：Akemi Gotoh @Sony Music Studios Tokyo 母帶後期處理工程師 Mastering：Yuji Chinone @Sony Music Studios Tokyo 母帶後期處理錄音室 Mastering Studio：Sony Music Studios Tokyo -- 製作公司 Production：烘嗓音樂製作 Home Sound Studio 導演 Director：李小天 TeddyRsLi 製片 Producer：李小天 TeddyRsLi 樂手 Session player：林郡彥 Giu 攝影師 Director of Photography：李小天 TeddyRsLi 剪接師 Editor：李小天 TeddyRsLi 調光師 Colorist：李小天 TeddyRsLi 造型設計 Stylist： 莊蕎嫣 Faye.Z、林郡彥 Giu 攝影器材 Photographic Equipment：烘嗓音樂製作 Home Sound Studio 企宣統籌 Marketing Promotion Supervisor：李小天 TeddyRsLi、莊蕎嫣 Faye.Z 企劃統籌 Marketing Supervisor：李小天 TeddyRsLi、莊蕎嫣 Faye.Z 專案管理 Project Manager：李小天 TeddyRsLi 藝人經紀 Artist Management：李小天 TeddyRsLi -- 莊蕎嫣 Faye.Z Streetvoice: https://streetvoice.com/rule1230 Facebook: https://www.facebook.com/Faye.Chuang.1230 Instagram: https://www.instagram.com/rule1230/ 
MV： https://youtu.be/mHSKzYt4gxg
https://youtu.be/mHSKzYt4gxg
跌倒了，就再來一次。 失敗了，就再試一次。 如果現在還不是答案， 那就繼續把這一遍走完，
或許有些光芒， 只是晚了一點抵達，
但是請你相信—— 是大器，何妨晚成。
--
製作人 Producer：盧鈞右 Neon Lu 製作統籌 Executive Producer：李小天 TeddyRsLi 配唱製作人 Vocal Producer：盧鈞右 Neon Lu 編曲 Arrangment：林郡彥 Giu
電吉他 Electric Guitars：林郡彥 Giu 木吉他 Acoustic Guitars：林郡彥 Giu 電鋼琴 Electirc Piano：林郡彥 Giu 風琴 Organ：盧鈞右 Neon Lu 貝斯 Bass：林郡彥 Giu
和聲編寫 Backing Vocals Arranger：納納 Nanabrown 和聲演唱 Backing Vocals：納納 Nanabrown、莊蕎嫣 Faye.Z
錄音室 Recording Studio：烘嗓音樂製作 Home Sound Studio 錄音師 Recording Engineer：鍾承沂 Zhong Cheng Yi 混音師 Mixing Engineer：李小天 TeddyRsLi 混音室 Mixing Studio：烘嗓音樂製作 Home Sound Studio 母帶預約經理 Mastering Booking Manager：Akemi Gotoh @Sony Music Studios Tokyo 母帶後期處理工程師 Mastering：Yuji Chinone @Sony Music Studios Tokyo 母帶後期處理錄音室 Mastering Studio：Sony Music Studios Tokyo
--
製作公司 Production：烘嗓音樂製作 Home Sound Studio
導演 Director：李小天 TeddyRsLi 製片 Producer：李小天 TeddyRsLi
樂手 Session player：林郡彥 Giu
攝影師 Director of Photography：李小天 TeddyRsLi 剪接師 Editor：李小天 TeddyRsLi 調光師 Colorist：李小天 TeddyRsLi 造型設計 Stylist： 莊蕎嫣 Faye.Z、林郡彥 Giu 攝影器材 Photographic Equipment：烘嗓音樂製作 Home Sound Studio
企宣統籌 Marketing Promotion Supervisor：李小天 TeddyRsLi、莊蕎嫣 Faye.Z 企劃統籌 Marketing Supervisor：李小天 TeddyRsLi、莊蕎嫣 Faye.Z 專案管理 Project Manager：李小天 TeddyRsLi 藝人經紀 Artist Management：李小天 TeddyRsLi
--
莊蕎嫣 Faye.Z Streetvoice: https://streetvoice.com/rule1230 Facebook: https://www.facebook.com/Faye.Chuang.1230 Instagram: https://www.instagram.com/rule1230/
https://streetvoice.com/rule1230
https://www.facebook.com/Faye.Chuang.1230
https://www.instagram.com/rule1230/","《大器晚成》 作詞：莊蕎嫣／作曲：莊蕎嫣 一瞬間就不見 一剎那就永遠 琢磨著逝去的眼前 你的改變 我的改變 還是什麼困難都無解 Mm 浪費 我也不願意再放手 被該死的無力感反覆捉弄 糟糕的是逃避面對 選擇不去做 不是輸了抬不起頭 如果這樣就倒塌的自我 接下去將會遇到更多反駁 無助的時候記得想起 李白說 Come On 天生我材必有用 一瞬間就不見 一剎那就永遠 琢磨著逝去的眼前 你的改變 我的改變 還是什麼困難都無解 Mm 浪費 我也不願意再放手 被該死的無力感反覆捉弄 糟糕的是逃避面對 選擇不去做 不是輸了抬不起頭 如果這樣就倒塌的自我 接下去將會遇到更多反駁 無助的時候記得想起 李白說 Come On 天生我材必有用 重來一遍 再來一遍 反覆一遍 就此一遍 重來一遍 再來一遍 反覆一遍 就此再現 我也不願意再放手 被該死的無力感反覆捉弄 糟糕的是逃避面對 選擇不去做 不是輸了抬不起頭 如果這樣就倒塌的自我 接下去將會遇到更多反駁 無助的時候記得想起 李白說 Come On 天生我材必有用 我也不願意再放手 被該死的無力感反覆捉弄 糟糕的是逃避面對 選擇不去做 不是輸了抬不起頭 如果這樣就倒塌的自我 接下去將會遇到更多反駁 無助的時候記得想起 李白說 Come On 天生我材必有用 天生我材必有用 
《大器晚成》 作詞：莊蕎嫣／作曲：莊蕎嫣
一瞬間就不見 一剎那就永遠 琢磨著逝去的眼前
你的改變 我的改變 還是什麼困難都無解 Mm 浪費
我也不願意再放手 被該死的無力感反覆捉弄 糟糕的是逃避面對 選擇不去做 不是輸了抬不起頭
如果這樣就倒塌的自我 接下去將會遇到更多反駁 無助的時候記得想起 李白說 Come On 天生我材必有用
一瞬間就不見 一剎那就永遠 琢磨著逝去的眼前
你的改變 我的改變 還是什麼困難都無解 Mm 浪費
我也不願意再放手 被該死的無力感反覆捉弄 糟糕的是逃避面對 選擇不去做 不是輸了抬不起頭
如果這樣就倒塌的自我 接下去將會遇到更多反駁 無助的時候記得想起 李白說 Come On 天生我材必有用
重來一遍 再來一遍 反覆一遍 就此一遍
重來一遍 再來一遍 反覆一遍 就此再現
我也不願意再放手 被該死的無力感反覆捉弄 糟糕的是逃避面對 選擇不去做 不是輸了抬不起頭
如果這樣就倒塌的自我 接下去將會遇到更多反駁 無助的時候記得想起 李白說 Come On 天生我材必有用
我也不願意再放手 被該死的無力感反覆捉弄 糟糕的是逃避面對 選擇不去做 不是輸了抬不起頭
如果這樣就倒塌的自我 接下去將會遇到更多反駁 無助的時候記得想起 李白說 Come On 天生我材必有用
天生我材必有用
留言（ 13 ） 最相關留言 所有留言
留言（ 13 ）",2026-09-04,,編輯推薦,True,False,
2026-09-13 01:10:09,realtime,rock,,,13,表現する実務家 | 渋谷佑生,變剋律 | 純吉他演奏（Guitar Instrumental）🎸,6,6,4,https://streetvoice.com/763yuki/songs/879040/,https://streetvoice.com/763yuki/,"https://akstatic.streetvoice.com/song_covers/76/3y/763yuki/7qmMQL8sWEiLMmGHywDCF6.jpeg?x-oss-process=image/resize,m_fill,h_400,w_400,limit_0",images/879040.jpeg,@763yuki,音樂人,岩手縣,2026-02-01,,5,4,10,,,https://www.youtube.com/user/StreetVoiceTV,,,Rock,,,,"這是一首雙吉他編制的純音樂作品（Twin Guitar Instrumental）。🎸🔥 這首作品最初錄製於2016年。這次沒有重新混音，而是保留了當年錄音時的吉他聲音，讓這份十年前的演奏再次被聽見。 曲名「變剋律（Henkokuritsu）」源自於我鑽研多年的日本「算命學」。 在算命學中，當「大運」逢遇「異常干支」時，運勢會進入稱為「變剋律」的特殊階段。 我將這種命運轉折與變化的意象，融入了這首雙吉他作品之中。疾走感十足的旋律與交錯的雙吉他聲部，也呈現出命運變化時所帶來的緊張感與動能。 除了音樂創作，我也在日本持續研究算命學，並親自開發了一款算命學萬年曆 APP，目前已在 Google Play 上架，迎來第 6 週年。 如果你喜歡雙吉他、日系搖滾（Rock），或對算命學與命運的奧秘感興趣，希望你會喜歡這首作品！🎸🔥 ☆ 算命学の万年暦。/ Google Play https://play.google.com/store/apps/details?id=work.starstarrain.app.mannenreki&hl=zh_TW 
這是一首雙吉他編制的純音樂作品（Twin Guitar Instrumental）。🎸🔥
這首作品最初錄製於2016年。這次沒有重新混音，而是保留了當年錄音時的吉他聲音，讓這份十年前的演奏再次被聽見。
曲名「變剋律（Henkokuritsu）」源自於我鑽研多年的日本「算命學」。
在算命學中，當「大運」逢遇「異常干支」時，運勢會進入稱為「變剋律」的特殊階段。
我將這種命運轉折與變化的意象，融入了這首雙吉他作品之中。疾走感十足的旋律與交錯的雙吉他聲部，也呈現出命運變化時所帶來的緊張感與動能。
除了音樂創作，我也在日本持續研究算命學，並親自開發了一款算命學萬年曆 APP，目前已在 Google Play 上架，迎來第 6 週年。
如果你喜歡雙吉他、日系搖滾（Rock），或對算命學與命運的奧秘感興趣，希望你會喜歡這首作品！🎸🔥
☆ 算命学の万年暦。/ Google Play https://play.google.com/store/apps/details?id=work.starstarrain.app.mannenreki&hl=zh_TW
https://play.google.com/store/apps/details?id=work.starstarrain.app.mannenreki&hl=zh_TW","這是沒有提供歌詞的歌曲
留言（ 4 ） 最相關留言 所有留言
留言（ 4 ）",2026-09-12,,,False,False,
2026-09-13 01:10:09,realtime,rock,,,14,Seaweed 藻,2026那片屬於我們的海（instrumental remix) demo,3,88,0,https://streetvoice.com/seaweedfromkt/songs/879030/,https://streetvoice.com/seaweedfromkt/,"https://akstatic.streetvoice.com/song_covers/se/aw/seaweedfromkt/U7KPwGYbdgrJc5Zm7xdLNQ.jpg?x-oss-process=image/resize,m_fill,h_400,w_400,limit_0",images/879030.jpg,@seaweedfromkt,音樂人,,,2022-11-03 15:29,4,128,1,https://www.facebook.com/seaweed51k,https://www.instagram.com/seaweed51k/,https://www.youtube.com/user/StreetVoiceTV,ARCPLG  羣島首張EP《SEAWEED 海藻》預告 2016 發行|||https://blow.streetvoice.com/16469/?utm_source=streetvoice&utm_medium=profile-news-block; 在變拍中刷洗社會風景 ─ 羣島《海藻》|||https://blow.streetvoice.com/17703/?utm_source=streetvoice&utm_medium=profile-news-block; 昴宿成軍十年發行首張專輯《QUARK夸克》 展開北中南發片巡迴|||https://blow.streetvoice.com/69033/?utm_source=streetvoice&utm_medium=profile-news-block,,Post rock,,,,"詞曲：華恆雄、Seaweed 藻 編曲：Seaweed 藻 
詞曲：華恆雄、Seaweed 藻 編曲：Seaweed 藻","這是沒有提供歌詞的歌曲
留言（ 0 ） 最相關留言 所有留言
留言（ 0 ）",2026-09-12,,,False,False,
2026-09-13 01:10:09,realtime,rock,,,15,紙鳶 Seizer,缺頁的名冊,11,1656,6,https://streetvoice.com/seizer_official/songs/876179/,https://streetvoice.com/seizer_official/,"https://akstatic.streetvoice.com/music_albums/se/iz/seizer_official/N2aTYNoA3NBNhQWwfjgotd.jpeg?x-oss-process=image/resize,m_fill,h_400,w_400,limit_0",images/876179.jpeg,@seizer_official,音樂人,台中市,2024-08-01,2024-09-10 20:11,18,2225,,,https://www.instagram.com/seizer.com.tw/,https://www.youtube.com/user/StreetVoiceTV,羊米人玩團十年夢想成真！「飛天摩托車」駛進THE WALL 麋先生喆安、紙鳶驚喜助陣|||https://blow.streetvoice.com/90155/?utm_source=streetvoice&utm_medium=profile-news-block; 紙鳶全新專輯《缺頁的名冊》正式發行 台北發片專場祭出「全嘉賓陣容」|||https://blow.streetvoice.com/90142/?utm_source=streetvoice&utm_medium=profile-news-block; 紙鳶首登泰國Monster Music Festival 回歸宣布新專輯《缺頁的名冊》即將發行|||https://blow.streetvoice.com/89229/?utm_source=streetvoice&utm_medium=profile-news-block,,Alternative,缺頁的名冊,https://streetvoice.com/seizer_official/songs/album/97325949/,,"編曲 Arrangement｜紙鳶 Seizer、張家誠 Chia Chen Chang 電吉他 Electric Guitar｜楊博皓 Seal 貝斯 Bass｜呂建亨 Henry 鼓組 Drum｜張家誠 Chia Chen Chang 鍵盤與合成器 Keyboards & Synth Design｜楊博皓 Seal 製作人 Producer｜楊博皓 Seal 鼓組錄音室 Drum Recording Studio｜+x studio 鼓組錄音師 Drum Recording Engineer｜張家誠 Chia Chen Chang 鼓技師 Drum Technician｜莊開旭 Cash Chuang 混音師 Mixing Engineer｜張家誠 Chia Chen Chang 母帶後期製作 Mastering Engineer｜張家誠 Chia Chen Chang 
編曲 Arrangement｜紙鳶 Seizer、張家誠 Chia Chen Chang
電吉他 Electric Guitar｜楊博皓 Seal 貝斯 Bass｜呂建亨 Henry 鼓組 Drum｜張家誠 Chia Chen Chang 鍵盤與合成器 Keyboards & Synth Design｜楊博皓 Seal
製作人 Producer｜楊博皓 Seal 鼓組錄音室 Drum Recording Studio｜+x studio 鼓組錄音師 Drum Recording Engineer｜張家誠 Chia Chen Chang 鼓技師 Drum Technician｜莊開旭 Cash Chuang
混音師 Mixing Engineer｜張家誠 Chia Chen Chang 母帶後期製作 Mastering Engineer｜張家誠 Chia Chen Chang","這是沒有提供歌詞的歌曲
留言（ 6 ） 最相關留言 所有留言
留言（ 6 ）",2026-09-03,,編輯推薦,True,False,
2026-09-13 01:10:09,realtime,rock,,,16,紙鳶 Seizer,六月的雨縫 feat. 羊米人 YummyMan,36,3140,0,https://streetvoice.com/seizer_official/songs/876181/,https://streetvoice.com/seizer_official/,"https://akstatic.streetvoice.com/music_albums/se/iz/seizer_official/N2aTYNoA3NBNhQWwfjgotd.jpeg?x-oss-process=image/resize,m_fill,h_400,w_400,limit_0",images/876181.jpeg,@seizer_official,音樂人,台中市,2024-08-01,2024-09-10 20:11,18,2225,,,https://www.instagram.com/seizer.com.tw/,https://www.youtube.com/user/StreetVoiceTV,羊米人玩團十年夢想成真！「飛天摩托車」駛進THE WALL 麋先生喆安、紙鳶驚喜助陣|||https://blow.streetvoice.com/90155/?utm_source=streetvoice&utm_medium=profile-news-block; 紙鳶全新專輯《缺頁的名冊》正式發行 台北發片專場祭出「全嘉賓陣容」|||https://blow.streetvoice.com/90142/?utm_source=streetvoice&utm_medium=profile-news-block; 紙鳶首登泰國Monster Music Festival 回歸宣布新專輯《缺頁的名冊》即將發行|||https://blow.streetvoice.com/89229/?utm_source=streetvoice&utm_medium=profile-news-block,,Rock,缺頁的名冊,https://streetvoice.com/seizer_official/songs/album/97325949/,,"作詞 Lyricist｜林奕廷 Yi-Ting Lin、李皮尼 Peeni Lee 作曲 Composer｜林奕廷 Yi-Ting Lin、李皮尼 Peeni Lee、仁杰 編曲 Arrangement｜紙鳶 Seizer 演唱 Vocal｜仁杰、李皮尼 Peeni Lee 和聲 Backing Vocal｜仁杰、李皮尼 Peeni Lee 電吉他 Electric Guitar｜楊博皓 Seal 木吉他 Acoustic Guitar｜蘇崇祐 Kay 貝斯 Bass｜呂建亨 Henry 鼓組 Drum｜王秉宸 Daniel 弦樂 Strings Arrangement｜楊博皓 Seal 製作人 Producer｜楊博皓 Seal 鼓組錄音室 Drum Recording Studio｜秉乾工作室 鼓組錄音師 Drum Recording Engineer｜王秉宸 Daniel 人聲錄音室 Vocal Recording Studio｜RecoverStudio 人聲配唱 Vocal Producer｜蘇崇祐 Kay 和聲編寫 Backing Vocal Arrangement｜林奕廷 Yi-Ting Lin、李皮尼 Peeni Lee、仁杰 錄音師 Recording Engineer｜楊博皓 Seal 歌詞校正Lyrics Supervisor｜魏宗仁 Rendy Wei 混音師 Mixing Engineer｜張家誠 Chia Chen Chang 母帶後期製作 Mastering Engineer｜張家誠 Chia Chen Chang 
作詞 Lyricist｜林奕廷 Yi-Ting Lin、李皮尼 Peeni Lee 作曲 Composer｜林奕廷 Yi-Ting Lin、李皮尼 Peeni Lee、仁杰 編曲 Arrangement｜紙鳶 Seizer
演唱 Vocal｜仁杰、李皮尼 Peeni Lee 和聲 Backing Vocal｜仁杰、李皮尼 Peeni Lee 電吉他 Electric Guitar｜楊博皓 Seal 木吉他 Acoustic Guitar｜蘇崇祐 Kay 貝斯 Bass｜呂建亨 Henry 鼓組 Drum｜王秉宸 Daniel 弦樂 Strings Arrangement｜楊博皓 Seal
製作人 Producer｜楊博皓 Seal 鼓組錄音室 Drum Recording Studio｜秉乾工作室 鼓組錄音師 Drum Recording Engineer｜王秉宸 Daniel 人聲錄音室 Vocal Recording Studio｜RecoverStudio 人聲配唱 Vocal Producer｜蘇崇祐 Kay 和聲編寫 Backing Vocal Arrangement｜林奕廷 Yi-Ting Lin、李皮尼 Peeni Lee、仁杰 錄音師 Recording Engineer｜楊博皓 Seal 歌詞校正Lyrics Supervisor｜魏宗仁 Rendy Wei
混音師 Mixing Engineer｜張家誠 Chia Chen Chang 母帶後期製作 Mastering Engineer｜張家誠 Chia Chen Chang","前方佇佗位　踅啊踅　是按怎攏看袂清 手中的批猶是　留著你的名字 這敢是愛情　捎無嘛當做流星 也想過牽你行過　一世人的勇氣 一直到彼一工　茫茫大海　揣無你的影 彼時才知影　阮這款的愛情　親像六月的雨縫 你敢知影 無你的日子　無眠的暗暝 我猶原　猶原踮佇遮 這馬你佇佗位　走揣著　你我的痕跡 霓虹閃爍　像你掠袂定的形影 啊～ 多情的我　掠準袂變卦 請予我牽你行過　一世人的勇氣 一直到彼一工　茫茫大海　揣無你的影 彼時才知影　阮這款的愛情　親像六月的雨縫 無你的日子　無眠的暗暝 我猶原　猶原踮佇遮 一直到彼一工 (是你離開的背影) 一直到彼一工 （後悔猶是無較縒） 一直到彼一工 （這場大雨㴙㴙落　落佇　我早就焦洘的傷跡） 彼時才知影 (這場大雨㴙㴙落　敢會　洗淨我對你的咒誓) 走袂離　你的面　你的味 猶是你　閬雨縫　穿你彼領衫 閣一改共我來作伴 
前方佇佗位　踅啊踅　是按怎攏看袂清 手中的批猶是　留著你的名字
這敢是愛情　捎無嘛當做流星 也想過牽你行過　一世人的勇氣
一直到彼一工　茫茫大海　揣無你的影 彼時才知影　阮這款的愛情　親像六月的雨縫 你敢知影 無你的日子　無眠的暗暝 我猶原　猶原踮佇遮
這馬你佇佗位　走揣著　你我的痕跡 霓虹閃爍　像你掠袂定的形影 啊～ 多情的我　掠準袂變卦 請予我牽你行過　一世人的勇氣
一直到彼一工　茫茫大海　揣無你的影 彼時才知影　阮這款的愛情　親像六月的雨縫 無你的日子　無眠的暗暝 我猶原　猶原踮佇遮
一直到彼一工 (是你離開的背影) 一直到彼一工 （後悔猶是無較縒）
一直到彼一工 （這場大雨㴙㴙落　落佇　我早就焦洘的傷跡） 彼時才知影 (這場大雨㴙㴙落　敢會　洗淨我對你的咒誓)
走袂離　你的面　你的味 猶是你　閬雨縫　穿你彼領衫 閣一改共我來作伴
留言（ 0 ） 最相關留言 所有留言
留言（ 0 ）",2026-09-03,,編輯推薦,True,False,
2026-09-13 01:10:09,realtime,rock,,,17,蝸牛蓋瑞,廉價飽 LIVE,3,45,0,https://streetvoice.com/garythesnail/songs/878622/,https://streetvoice.com/garythesnail/,"https://akstatic.streetvoice.com/song_covers/ga/ry/garythesnail/MjKMkTzEkvSzBtefV9MLU8.jpeg?x-oss-process=image/resize,m_fill,h_400,w_400,limit_0",images/878622.jpeg,@garythesnail,音樂人,台北市,2023-04-01,2026-02-13 09:52,6,85,2,,https://www.instagram.com/garythesnail.pdf,https://www.youtube.com/@GarytheSnail-2023,,,Punk,,,,"詞曲：李齊 錄音｜李齊 混音｜李齊 蝸牛蓋瑞 Gary the Snail 主唱 / 吉他 ｜李齊 主唱 / 吉他 ｜劉柏 貝斯 ｜貓咪 鼓 ｜涂恒睿 
詞曲：李齊
錄音｜李齊 混音｜李齊
蝸牛蓋瑞 Gary the Snail 主唱 / 吉他 ｜李齊 主唱 / 吉他 ｜劉柏 貝斯 ｜貓咪 鼓 ｜涂恒睿","星期一 星期二，我躺在床上到六點 星期三 星期四，我睡到下午五點 睡的時候像抽安非，醒的時候像條鬼 喔沒差每天都是星期天 玩後搖的認真過生活 玩金屬的在開Autotune 我在看阿甘妙世界配來一客的牛肉口味 明天後天我的未來到底該怎麼辦 
星期一 星期二，我躺在床上到六點 星期三 星期四，我睡到下午五點 睡的時候像抽安非，醒的時候像條鬼 喔沒差每天都是星期天 玩後搖的認真過生活 玩金屬的在開Autotune 我在看阿甘妙世界配來一客的牛肉口味 明天後天我的未來到底該怎麼辦
留言（ 0 ） 最相關留言 所有留言
留言（ 0 ）",2026-09-09,,編輯推薦,True,False,
2026-09-13 01:10:09,realtime,rock,,,18,QR,Intro,1,13,0,https://streetvoice.com/qr_code403/songs/879004/,https://streetvoice.com/qr_code403/,"https://akstatic.streetvoice.com/music_albums/qr/_c/qr_code403/5N2HeTvPEN7MPXCEPB8A2R.jpeg?x-oss-process=image/resize,m_fill,h_400,w_400,limit_0",images/879004.jpeg,@qr_code403,音樂人,,,,6,6,9,,,https://www.youtube.com/user/StreetVoiceTV,9m88、Matzka的合聲！賽德克族音樂人Kumu Basaw姑慕．巴紹推出首張創作專輯《Qrasun格拉孫》|||https://blow.streetvoice.com/78191/?utm_source=streetvoice&utm_medium=profile-news-block; 邱淑蟬攜EP《無爭》展開Livehouse巡迴 首度以樂團編制登場|||https://blow.streetvoice.com/90134/?utm_source=streetvoice&utm_medium=profile-news-block; 2026潮臺北玩推出「潮！專車」及體驗科技音樂互動展|||https://blow.streetvoice.com/89900/?utm_source=streetvoice&utm_medium=profile-news-block,,Alternative,TAPE,https://streetvoice.com/qr_code403/songs/album/97326060/,,,"這是沒有提供歌詞的歌曲
留言（ 0 ） 最相關留言 所有留言
留言（ 0 ）",2026-09-11,,,False,False,
2026-09-13 01:10:09,realtime,rock,,,19,BEFOREDREAM,我再也不說以後,12,792,6,https://streetvoice.com/BEFOREDREAM/songs/878463/,https://streetvoice.com/BEFOREDREAM/,"https://akstatic.streetvoice.com/song_covers/BE/FO/BEFOREDREAM/cAKpUkc42RDPsUv7u2DnvX.jpeg?x-oss-process=image/resize,m_fill,h_400,w_400,limit_0",images/878463.jpeg,@BEFOREDREAM,音樂人,,,,1,8,1,,,https://www.youtube.com/user/StreetVoiceTV,,,Rock,,,,"【BEFOREDREAM】 主唱 Vocal / 吉他 Guitar ｜ 侯宥圻 吉他 Guitar ｜ 羅青昊 貝斯 Bass ｜ 陳冠賓 鼓手 Drum ｜ 林易則 詞 Lyrics ｜ 林易則、侯宥圻 曲 Composing ｜ 林易則、侯宥圻 編曲 Arranging ｜ BEFOREDREAM 和聲編寫 Backing Vocal Arranging ｜ 侯宥圻 和聲 Backing Vocal ｜ 侯宥圻、李季軒 錄音 Recording ｜羅青昊 混音 Mixing | 羅青昊 母帶後期 Mastering | 羅青昊 大感謝 @561seirofalls 幫我們畫封面 
【BEFOREDREAM】 主唱 Vocal / 吉他 Guitar ｜ 侯宥圻 吉他 Guitar ｜ 羅青昊 貝斯 Bass ｜ 陳冠賓 鼓手 Drum ｜ 林易則
詞 Lyrics ｜ 林易則、侯宥圻 曲 Composing ｜ 林易則、侯宥圻 編曲 Arranging ｜ BEFOREDREAM 和聲編寫 Backing Vocal Arranging ｜ 侯宥圻 和聲 Backing Vocal ｜ 侯宥圻、李季軒 錄音 Recording ｜羅青昊 混音 Mixing | 羅青昊 母帶後期 Mastering | 羅青昊
大感謝 @561seirofalls 幫我們畫封面","我再也不說以後 再說的話我就是一條狗 那些曾說過的以後 以及易碎的承諾 時光湍急 急煞的激情 沖垮了相戀的證明 我再也不遺憾於曾經 曾以為我們還能 實現那些一起做過的夢 過去的畫面 回不去的從前 想著那天看著星星 手牽著手許下承諾 如今都已化作了泡沫 在你離開以後 我再也不敢想未來的生活 還是想要有你一起走 想了千百萬個說服自己的理由 試著接受你不在身後 過往不再 使我學習了 人生苦短 一切都在變換 陳舊畫面 你早已不掛念 顧著往前 就像斷掉的琴弦 我再也不說以後 再說的話我就是一條狗 那些曾說過的以後 以及易碎的承諾 時光湍急 急煞的激情 沖垮了相戀的證明 我再也不遺憾於曾經 時光荏苒早不如仍然 微風吹過 譜成了首歌 承載了重歸的自我 我再也不說以後 再說的話我就是一條狗 那些曾說過的以後 以及易碎的承諾 時光湍急 急煞的激情 沖垮了相戀的證明 不再有白日夢的許諾 
我再也不說以後 再說的話我就是一條狗 那些曾說過的以後 以及易碎的承諾 時光湍急 急煞的激情 沖垮了相戀的證明 我再也不遺憾於曾經
曾以為我們還能 實現那些一起做過的夢 過去的畫面 回不去的從前 想著那天看著星星 手牽著手許下承諾 如今都已化作了泡沫
在你離開以後 我再也不敢想未來的生活 還是想要有你一起走 想了千百萬個說服自己的理由 試著接受你不在身後
過往不再 使我學習了 人生苦短 一切都在變換 陳舊畫面 你早已不掛念 顧著往前 就像斷掉的琴弦
我再也不說以後 再說的話我就是一條狗 那些曾說過的以後 以及易碎的承諾 時光湍急 急煞的激情 沖垮了相戀的證明 我再也不遺憾於曾經
時光荏苒早不如仍然 微風吹過 譜成了首歌 承載了重歸的自我
我再也不說以後 再說的話我就是一條狗 那些曾說過的以後 以及易碎的承諾 時光湍急 急煞的激情 沖垮了相戀的證明 不再有白日夢的許諾
留言（ 6 ） 最相關留言 所有留言
留言（ 6 ）",2026-09-08,,編輯推薦,True,False,
2026-09-13 01:10:09,realtime,rock,,,20,紙鳶 Seizer,蛀蟲,40,3348,3,https://streetvoice.com/seizer_official/songs/876184/,https://streetvoice.com/seizer_official/,"https://akstatic.streetvoice.com/music_albums/se/iz/seizer_official/N2aTYNoA3NBNhQWwfjgotd.jpeg?x-oss-process=image/resize,m_fill,h_400,w_400,limit_0",images/876184.jpeg,@seizer_official,音樂人,台中市,2024-08-01,2024-09-10 20:11,18,2225,,,https://www.instagram.com/seizer.com.tw/,https://www.youtube.com/user/StreetVoiceTV,羊米人玩團十年夢想成真！「飛天摩托車」駛進THE WALL 麋先生喆安、紙鳶驚喜助陣|||https://blow.streetvoice.com/90155/?utm_source=streetvoice&utm_medium=profile-news-block; 紙鳶全新專輯《缺頁的名冊》正式發行 台北發片專場祭出「全嘉賓陣容」|||https://blow.streetvoice.com/90142/?utm_source=streetvoice&utm_medium=profile-news-block; 紙鳶首登泰國Monster Music Festival 回歸宣布新專輯《缺頁的名冊》即將發行|||https://blow.streetvoice.com/89229/?utm_source=streetvoice&utm_medium=profile-news-block,,Rock,缺頁的名冊,https://streetvoice.com/seizer_official/songs/album/97325949/,,"詞 Lyrics｜仁杰 曲 Composer｜仁杰 編曲 Arrangement｜紙鳶 Seizer 主唱 Vocal｜仁杰 和聲 Backing Vocal｜仁杰、蘇崇祐 Kay 木吉他 Acoustic Guitar｜蘇崇祐 Kay 貝斯 Bass｜呂建亨 Henry 鼓組 Drum｜王秉宸 Daniel 鍵盤與合成器 Keyboards & Synth Design｜楊博皓 Seal 製作人 Producer｜楊博皓 Seal 鼓組錄音室 Drum Recording Studio｜+x studio 鼓組錄音師 Drum Recording Engineer｜張家誠 Chia Chen Chang 鼓技師 Drum Technician｜莊開旭 Cash Chuang 人聲錄音室 Vocal Recording Studio｜RecoverStudio 人聲配唱 Vocal Producer｜蘇崇祐 Kay 和聲編寫 Backing Vocal Arrangement｜楊博皓 Seal、仁杰、蘇崇祐 Kay 錄音師 Recording Engineer｜楊博皓 Seal 混音師 Mixing Engineer｜張家誠 Chia Chen Chang 母帶後期製作 Mastering Engineer｜張家誠 Chia Chen Chang 
詞 Lyrics｜仁杰 曲 Composer｜仁杰 編曲 Arrangement｜紙鳶 Seizer
主唱 Vocal｜仁杰 和聲 Backing Vocal｜仁杰、蘇崇祐 Kay 木吉他 Acoustic Guitar｜蘇崇祐 Kay 貝斯 Bass｜呂建亨 Henry 鼓組 Drum｜王秉宸 Daniel 鍵盤與合成器 Keyboards & Synth Design｜楊博皓 Seal
製作人 Producer｜楊博皓 Seal 鼓組錄音室 Drum Recording Studio｜+x studio 鼓組錄音師 Drum Recording Engineer｜張家誠 Chia Chen Chang 鼓技師 Drum Technician｜莊開旭 Cash Chuang 人聲錄音室 Vocal Recording Studio｜RecoverStudio 人聲配唱 Vocal Producer｜蘇崇祐 Kay 和聲編寫 Backing Vocal Arrangement｜楊博皓 Seal、仁杰、蘇崇祐 Kay 錄音師 Recording Engineer｜楊博皓 Seal
混音師 Mixing Engineer｜張家誠 Chia Chen Chang 母帶後期製作 Mastering Engineer｜張家誠 Chia Chen Chang","穿著整齊劃一的校服 循著無可非議的規定 像楚門覓自由的蹤跡 盼著看似美好的未來 說著掩耳盜鈴的願景 被囚在出生的那一刻起 我住在這裡　我住在這裡 施捨給我的床我會好好的珍惜 我蛀在這裡　我蛀在這裡 無法改變的命運翻攪在牙根裡 謝謝你的教導　磨平我的稜角 我會乖乖聽話　做個優秀榜樣 一條一條刻在手臂上當作獎章 一幀一幀就像活在巨大的片場 我住在這裡　我住在這裡 施捨給我的床我會好好的珍惜 我蛀在這裡　我蛀在這裡 無法改變的命運翻攪在牙根裡 
穿著整齊劃一的校服 循著無可非議的規定 像楚門覓自由的蹤跡
盼著看似美好的未來 說著掩耳盜鈴的願景 被囚在出生的那一刻起
我住在這裡　我住在這裡 施捨給我的床我會好好的珍惜 我蛀在這裡　我蛀在這裡 無法改變的命運翻攪在牙根裡
謝謝你的教導　磨平我的稜角 我會乖乖聽話　做個優秀榜樣 一條一條刻在手臂上當作獎章 一幀一幀就像活在巨大的片場
我住在這裡　我住在這裡 施捨給我的床我會好好的珍惜 我蛀在這裡　我蛀在這裡 無法改變的命運翻攪在牙根裡
留言（ 3 ） 最相關留言 所有留言
留言（ 3 ）",2026-09-03,,,False,False,
2026-09-13 01:10:09,realtime,rock,,,21,紙鳶 Seizer,同類,37,3706,6,https://streetvoice.com/seizer_official/songs/876185/,https://streetvoice.com/seizer_official/,"https://akstatic.streetvoice.com/music_albums/se/iz/seizer_official/N2aTYNoA3NBNhQWwfjgotd.jpeg?x-oss-process=image/resize,m_fill,h_400,w_400,limit_0",images/876185.jpeg,@seizer_official,音樂人,台中市,2024-08-01,2024-09-10 20:11,18,2225,,,https://www.instagram.com/seizer.com.tw/,https://www.youtube.com/user/StreetVoiceTV,羊米人玩團十年夢想成真！「飛天摩托車」駛進THE WALL 麋先生喆安、紙鳶驚喜助陣|||https://blow.streetvoice.com/90155/?utm_source=streetvoice&utm_medium=profile-news-block; 紙鳶全新專輯《缺頁的名冊》正式發行 台北發片專場祭出「全嘉賓陣容」|||https://blow.streetvoice.com/90142/?utm_source=streetvoice&utm_medium=profile-news-block; 紙鳶首登泰國Monster Music Festival 回歸宣布新專輯《缺頁的名冊》即將發行|||https://blow.streetvoice.com/89229/?utm_source=streetvoice&utm_medium=profile-news-block,,Rock,缺頁的名冊,https://streetvoice.com/seizer_official/songs/album/97325949/,,"詞 Lyrics｜仁杰 曲 Composer｜仁杰 編曲 Arrangement｜紙鳶 Seizer 主唱 Vocal｜仁杰 和聲 Backing Vocal｜黃夏蘿 SUKINO、仁杰、蘇崇祐 Kay 電吉他 Electric Guitar｜楊博皓 Seal 貝斯 Bass｜呂建亨 Henry 鼓組 Drum｜王秉宸 Daniel 鍵盤與合成器 Keyboards & Synth Design｜楊博皓 Seal 管樂編寫 Wind Arrangement｜楊博皓 Seal、王浩宇 管樂監製 Wind Producer ｜王浩宇 管樂製譜 ｜王浩宇 管樂統籌 Wind Coordinator｜王浩宇 小號 Trumpet | Facu Borgia、陸韋全 薩克斯風 Saxophone | 李家禾 低音長號 Bass Trombone | 黃昱澄、Facu Borgia 管樂錄音協力Wind Administration  | 故事痕跡音樂有限公司 許永慶 管樂錄音師 Wind Recording Engineer｜張家誠 Chia Chen Chang 製作人 Producer｜楊博皓 Seal 鼓組錄音室 Drum Recording Studio｜秉乾工作室 鼓組錄音師 Drum Recording Engineer｜張家誠 Chia Chen Chang 鼓技師 Drum Technician｜莊開旭 Cash Chuang 人聲錄音室 Vocal Recording Studio｜RecoverStudio 人聲配唱 Vocal Producer｜蘇崇祐 Kay 和聲編寫 Backing Vocal Arrangement｜黃夏蘿 SUKINO、楊博皓 Seal、仁杰、蘇崇祐 Kay 錄音師 Recording Engineer｜楊博皓 Seal 混音師 Mixing Engineer｜張家誠 Chia Chen Chang 母帶後期製作 Mastering Engineer｜張家誠 Chia Chen Chang 
詞 Lyrics｜仁杰 曲 Composer｜仁杰 編曲 Arrangement｜紙鳶 Seizer
主唱 Vocal｜仁杰 和聲 Backing Vocal｜黃夏蘿 SUKINO、仁杰、蘇崇祐 Kay 電吉他 Electric Guitar｜楊博皓 Seal 貝斯 Bass｜呂建亨 Henry 鼓組 Drum｜王秉宸 Daniel 鍵盤與合成器 Keyboards & Synth Design｜楊博皓 Seal
管樂編寫 Wind Arrangement｜楊博皓 Seal、王浩宇 管樂監製 Wind Producer ｜王浩宇 管樂製譜 ｜王浩宇 管樂統籌 Wind Coordinator｜王浩宇 小號 Trumpet | Facu Borgia、陸韋全 薩克斯風 Saxophone | 李家禾 低音長號 Bass Trombone | 黃昱澄、Facu Borgia 管樂錄音協力Wind Administration  | 故事痕跡音樂有限公司 許永慶 管樂錄音師 Wind Recording Engineer｜張家誠 Chia Chen Chang
製作人 Producer｜楊博皓 Seal 鼓組錄音室 Drum Recording Studio｜秉乾工作室 鼓組錄音師 Drum Recording Engineer｜張家誠 Chia Chen Chang 鼓技師 Drum Technician｜莊開旭 Cash Chuang
人聲錄音室 Vocal Recording Studio｜RecoverStudio 人聲配唱 Vocal Producer｜蘇崇祐 Kay 和聲編寫 Backing Vocal Arrangement｜黃夏蘿 SUKINO、楊博皓 Seal、仁杰、蘇崇祐 Kay 錄音師 Recording Engineer｜楊博皓 Seal
混音師 Mixing Engineer｜張家誠 Chia Chen Chang 母帶後期製作 Mastering Engineer｜張家誠 Chia Chen Chang","嫉妒心在作祟　證明比誰優越 將所有的怨懟包裝成文字按下發佈鍵 拿仇恨當發洩　要爭贏對立面 將自己武裝成刺蝟　是為了掩蓋自卑 這世界不是誰的讚多誰就是真理 哪有什麼真理　真理都在各自的嘴巴裡 把所有感官洗淨　別讓情感支配 怕自己不小心變成數落人的傀儡 人云亦云多危險　理智線被燒毀 而我不知不覺也淪落成同類 閉上眼　別忽略真實的感受 閉上嘴　說過的話沒法回收 這世界不是誰的讚多誰就是真理 哪有什麼真理　真理都在各自的嘴巴裡 把所有感官洗淨　別讓情感支配 怕自己不小心變成數落人的傀儡 人云亦云多危險　理智線被燒毀 而我不知不覺也淪落成同類 閉上眼　別忽略真實的感受 閉上嘴　說過的話沒法回收 
嫉妒心在作祟　證明比誰優越 將所有的怨懟包裝成文字按下發佈鍵 拿仇恨當發洩　要爭贏對立面 將自己武裝成刺蝟　是為了掩蓋自卑
這世界不是誰的讚多誰就是真理 哪有什麼真理　真理都在各自的嘴巴裡
把所有感官洗淨　別讓情感支配 怕自己不小心變成數落人的傀儡 人云亦云多危險　理智線被燒毀 而我不知不覺也淪落成同類
閉上眼　別忽略真實的感受 閉上嘴　說過的話沒法回收
這世界不是誰的讚多誰就是真理 哪有什麼真理　真理都在各自的嘴巴裡
把所有感官洗淨　別讓情感支配 怕自己不小心變成數落人的傀儡 人云亦云多危險　理智線被燒毀 而我不知不覺也淪落成同類
閉上眼　別忽略真實的感受 閉上嘴　說過的話沒法回收
留言（ 6 ） 最相關留言 所有留言
留言（ 6 ）",2026-09-03,,,False,False,
2026-09-13 01:10:09,realtime,rock,,,22,QR,Lost,1,14,0,https://streetvoice.com/qr_code403/songs/879006/,https://streetvoice.com/qr_code403/,"https://akstatic.streetvoice.com/music_albums/qr/_c/qr_code403/5N2HeTvPEN7MPXCEPB8A2R.jpeg?x-oss-process=image/resize,m_fill,h_400,w_400,limit_0",images/879006.jpeg,@qr_code403,音樂人,,,,6,6,9,,,https://www.youtube.com/user/StreetVoiceTV,9m88、Matzka的合聲！賽德克族音樂人Kumu Basaw姑慕．巴紹推出首張創作專輯《Qrasun格拉孫》|||https://blow.streetvoice.com/78191/?utm_source=streetvoice&utm_medium=profile-news-block; 邱淑蟬攜EP《無爭》展開Livehouse巡迴 首度以樂團編制登場|||https://blow.streetvoice.com/90134/?utm_source=streetvoice&utm_medium=profile-news-block; 2026潮臺北玩推出「潮！專車」及體驗科技音樂互動展|||https://blow.streetvoice.com/89900/?utm_source=streetvoice&utm_medium=profile-news-block,,Alternative,TAPE,https://streetvoice.com/qr_code403/songs/album/97326060/,,,"這是沒有提供歌詞的歌曲
留言（ 0 ） 最相關留言 所有留言
留言（ 0 ）",2026-09-11,,,False,False,
2026-09-13 01:10:09,realtime,rock,,,23,poshiftofficial1026,破序 - 愛到卡慘死,1,38,0,https://streetvoice.com/poshiftofficial1026/songs/878295/,https://streetvoice.com/poshiftofficial1026/,"https://akstatic.streetvoice.com/profile_images/po/sh/poshiftofficial1026/XyQHrh7ewGpwV6mEpMKsss.jpeg?x-oss-process=image/resize,m_fill,h_400,w_400,limit_0",images/878295.jpeg,@poshiftofficial1026,音樂人,,,,1,,,,,https://www.youtube.com/user/StreetVoiceTV,,,Rock,,,,"恨得越深的愛情 代表當初愛的越用力 
恨得越深的愛情 代表當初愛的越用力","你說愛到卡慘死 這款傷心的愛情 一切攏沒意義 結局也是攏沒藥醫 你說愛到卡慘死 這款傷心的愛情 Oh~oh~oh~ 別糟蹋咱的心 你的心像是風在飛 一個人站在那藏在心肝底 待在這個無情的世界 有住著你 住著我 還有這個社會 過去你所說出的情話 攏已經不用再來解釋 反正一切攏是假 攏別再講那些廢話 你說愛到卡慘死 這款傷心的愛情 一切都沒意義 結局也是攏沒藥醫 你說愛到卡慘死 這款傷心的愛情 Oh~oh~oh~ 別糟蹋咱的心 你要離開的那一晚 其實你也沒啥不一樣 你要離開的那一晚 咱倆人也一樣在相擁 你要離開的那一晚 你說你不捨我一個人 你要離開的那一晚 甘知道我的心 有多痛～ 你說愛到卡慘死 這款傷心的愛情 一切都沒意義 結局也是攏沒藥醫 你說愛到卡慘死 這款傷心的愛情 Oh~oh~oh~ 別糟蹋咱的心 
你說愛到卡慘死 這款傷心的愛情 一切攏沒意義 結局也是攏沒藥醫 你說愛到卡慘死 這款傷心的愛情 Oh~oh~oh~ 別糟蹋咱的心 你的心像是風在飛 一個人站在那藏在心肝底 待在這個無情的世界 有住著你 住著我 還有這個社會 過去你所說出的情話 攏已經不用再來解釋 反正一切攏是假 攏別再講那些廢話 你說愛到卡慘死 這款傷心的愛情 一切都沒意義 結局也是攏沒藥醫 你說愛到卡慘死 這款傷心的愛情 Oh~oh~oh~ 別糟蹋咱的心 你要離開的那一晚 其實你也沒啥不一樣 你要離開的那一晚 咱倆人也一樣在相擁 你要離開的那一晚 你說你不捨我一個人 你要離開的那一晚 甘知道我的心 有多痛～ 你說愛到卡慘死 這款傷心的愛情 一切都沒意義 結局也是攏沒藥醫 你說愛到卡慘死 這款傷心的愛情 Oh~oh~oh~ 別糟蹋咱的心
留言（ 0 ） 最相關留言 所有留言
留言（ 0 ）",2026-09-07,,編輯推薦,True,False,
2026-09-13 01:10:09,realtime,rock,,,24,QR,Empty/Save Me,1,11,0,https://streetvoice.com/qr_code403/songs/879010/,https://streetvoice.com/qr_code403/,"https://akstatic.streetvoice.com/music_albums/qr/_c/qr_code403/5N2HeTvPEN7MPXCEPB8A2R.jpeg?x-oss-process=image/resize,m_fill,h_400,w_400,limit_0",images/879010.jpeg,@qr_code403,音樂人,,,,6,6,9,,,https://www.youtube.com/user/StreetVoiceTV,9m88、Matzka的合聲！賽德克族音樂人Kumu Basaw姑慕．巴紹推出首張創作專輯《Qrasun格拉孫》|||https://blow.streetvoice.com/78191/?utm_source=streetvoice&utm_medium=profile-news-block; 邱淑蟬攜EP《無爭》展開Livehouse巡迴 首度以樂團編制登場|||https://blow.streetvoice.com/90134/?utm_source=streetvoice&utm_medium=profile-news-block; 2026潮臺北玩推出「潮！專車」及體驗科技音樂互動展|||https://blow.streetvoice.com/89900/?utm_source=streetvoice&utm_medium=profile-news-block,,Alternative,TAPE,https://streetvoice.com/qr_code403/songs/album/97326060/,,,"這是沒有提供歌詞的歌曲
留言（ 0 ） 最相關留言 所有留言
留言（ 0 ）",2026-09-11,,,False,False,
2026-09-13 01:10:09,realtime,rock,,,25,QR,Redemtion,0,2,0,https://streetvoice.com/qr_code403/songs/879003/,https://streetvoice.com/qr_code403/,"https://akstatic.streetvoice.com/music_albums/qr/_c/qr_code403/5N2HeTvPEN7MPXCEPB8A2R.jpeg?x-oss-process=image/resize,m_fill,h_400,w_400,limit_0",images/879003.jpeg,@qr_code403,音樂人,,,,6,6,9,,,https://www.youtube.com/user/StreetVoiceTV,9m88、Matzka的合聲！賽德克族音樂人Kumu Basaw姑慕．巴紹推出首張創作專輯《Qrasun格拉孫》|||https://blow.streetvoice.com/78191/?utm_source=streetvoice&utm_medium=profile-news-block; 邱淑蟬攜EP《無爭》展開Livehouse巡迴 首度以樂團編制登場|||https://blow.streetvoice.com/90134/?utm_source=streetvoice&utm_medium=profile-news-block; 2026潮臺北玩推出「潮！專車」及體驗科技音樂互動展|||https://blow.streetvoice.com/89900/?utm_source=streetvoice&utm_medium=profile-news-block,,Alternative,TAPE,https://streetvoice.com/qr_code403/songs/album/97326060/,,,"這是沒有提供歌詞的歌曲
留言（ 0 ） 最相關留言 所有留言
留言（ 0 ）",2026-09-11,,,False,False,
2026-09-13 01:10:09,realtime,rock,,,26,紙鳶 Seizer,矯,26,3296,1,https://streetvoice.com/seizer_official/songs/876186/,https://streetvoice.com/seizer_official/,"https://akstatic.streetvoice.com/music_albums/se/iz/seizer_official/N2aTYNoA3NBNhQWwfjgotd.jpeg?x-oss-process=image/resize,m_fill,h_400,w_400,limit_0",images/876186.jpeg,@seizer_official,音樂人,台中市,2024-08-01,2024-09-10 20:11,18,2225,,,https://www.instagram.com/seizer.com.tw/,https://www.youtube.com/user/StreetVoiceTV,羊米人玩團十年夢想成真！「飛天摩托車」駛進THE WALL 麋先生喆安、紙鳶驚喜助陣|||https://blow.streetvoice.com/90155/?utm_source=streetvoice&utm_medium=profile-news-block; 紙鳶全新專輯《缺頁的名冊》正式發行 台北發片專場祭出「全嘉賓陣容」|||https://blow.streetvoice.com/90142/?utm_source=streetvoice&utm_medium=profile-news-block; 紙鳶首登泰國Monster Music Festival 回歸宣布新專輯《缺頁的名冊》即將發行|||https://blow.streetvoice.com/89229/?utm_source=streetvoice&utm_medium=profile-news-block,,Alternative,缺頁的名冊,https://streetvoice.com/seizer_official/songs/album/97325949/,,"詞 Lyrics｜仁杰 曲 Composer｜仁杰 編曲 Arrangement｜紙鳶 Seizer 主唱 Vocal｜仁杰 和聲 Backing Vocal｜黃夏蘿 SUKINO、仁杰、蘇崇祐 Kay 電吉他 Electric Guitar｜楊博皓 Seal 貝斯 Bass｜呂建亨 Henry 鼓組 Drum｜王秉宸 Daniel 鍵盤與合成器 ｜Keyboards & Synth Design｜楊博皓 Seal 製作人 Producer｜楊博皓 Seal 鼓組錄音室 Drum Recording Studio｜秉乾工作室 鼓組錄音師 Drum Recording Engineer｜張家誠 Chia Chen Chang 鼓技師 Drum Technician｜莊開旭 Cash Chuang 人聲錄音室 Vocal Recording Studio｜RecoverStudio 人聲配唱 Vocal Producer｜蘇崇祐 Kay 和聲編寫 Backing Vocal Arrangement｜黃夏蘿 SUKINO、仁杰、蘇崇祐 Kay 錄音師 Recording Engineer｜楊博皓 Seal 混音師 Mixing Engineer｜張家誠 Chia Chen Chang 母帶後期製作 Mastering Engineer｜張家誠 Chia Chen Chang 
詞 Lyrics｜仁杰 曲 Composer｜仁杰 編曲 Arrangement｜紙鳶 Seizer
主唱 Vocal｜仁杰 和聲 Backing Vocal｜黃夏蘿 SUKINO、仁杰、蘇崇祐 Kay 電吉他 Electric Guitar｜楊博皓 Seal 貝斯 Bass｜呂建亨 Henry 鼓組 Drum｜王秉宸 Daniel 鍵盤與合成器 ｜Keyboards & Synth Design｜楊博皓 Seal
製作人 Producer｜楊博皓 Seal 鼓組錄音室 Drum Recording Studio｜秉乾工作室 鼓組錄音師 Drum Recording Engineer｜張家誠 Chia Chen Chang 鼓技師 Drum Technician｜莊開旭 Cash Chuang 人聲錄音室 Vocal Recording Studio｜RecoverStudio 人聲配唱 Vocal Producer｜蘇崇祐 Kay 和聲編寫 Backing Vocal Arrangement｜黃夏蘿 SUKINO、仁杰、蘇崇祐 Kay 錄音師 Recording Engineer｜楊博皓 Seal
混音師 Mixing Engineer｜張家誠 Chia Chen Chang 母帶後期製作 Mastering Engineer｜張家誠 Chia Chen Chang","我唱著前人道盡的哀愁 讓人錯覺我好像經歷過 感受著未曾發生的苦痛 用美麗的謊言包裝醜陋 我唱著眾人喜愛的情歌 讓人錯覺我好像深愛過 重複著千篇一律的架構 卻還是流著淚感同身受 我撕心裂肺地唱著　你都聽過的感受 廉價的感動連我都無地自容 我用盡全力地唱著　無人聽聞的內容 曲終人散去 衷心感謝你膚淺的包容 不用在意我想傳達什麼 只要能讓你愛上這節奏 我還是願意接受這荒謬 諷刺的是 你根本也不想懂 我撕心裂肺地唱著　你都聽過的感受 廉價的感動連我都無地自容 我用盡全力地唱著　無人聽聞的內容 曲終人散去 衷心感謝你膚淺的包容 
我唱著前人道盡的哀愁 讓人錯覺我好像經歷過 感受著未曾發生的苦痛 用美麗的謊言包裝醜陋
我唱著眾人喜愛的情歌 讓人錯覺我好像深愛過 重複著千篇一律的架構 卻還是流著淚感同身受
我撕心裂肺地唱著　你都聽過的感受 廉價的感動連我都無地自容 我用盡全力地唱著　無人聽聞的內容 曲終人散去 衷心感謝你膚淺的包容
不用在意我想傳達什麼 只要能讓你愛上這節奏 我還是願意接受這荒謬 諷刺的是 你根本也不想懂
我撕心裂肺地唱著　你都聽過的感受 廉價的感動連我都無地自容 我用盡全力地唱著　無人聽聞的內容 曲終人散去 衷心感謝你膚淺的包容
留言（ 1 ） 最相關留言 所有留言
留言（ 1 ）",2026-09-03,,,False,False,
2026-09-13 01:10:09,realtime,rock,,,27,夢已如來,光之失戀術師,0,1,0,https://streetvoice.com/wetdreamdontcomeorgo/songs/879043/,https://streetvoice.com/wetdreamdontcomeorgo/,"https://akstatic.streetvoice.com/music_albums/we/td/wetdreamdontcomeorgo/3xvqj3XSdYPiDGhVyv6BEY.jpeg?x-oss-process=image/resize,m_fill,h_400,w_400,limit_0",images/879043.jpeg,@wetdreamdontcomeorgo,音樂人,台北市,2018-03-01,,1,26,4,,,https://www.youtube.com/user/StreetVoiceTV,「野地晃晃」串連野地方、肥頭音樂雙場館四舞台！2/15集結無妄合作社、Manic Sheep、陳修澤等20組台日樂團|||https://blow.streetvoice.com/78942/?utm_source=streetvoice&utm_medium=profile-news-block; 號召超過50位獨立樂手！「舊朋新酒」樂團圈紅白cover大賽相約The Wall戰跨年！|||https://blow.streetvoice.com/78243/?utm_source=streetvoice&utm_medium=profile-news-block; 2024 Park Park Carnival首日回顧：OBSESS炸場台下開圈、飛機降落聲替Gummy B開場|||https://blow.streetvoice.com/75870/?utm_source=streetvoice&utm_medium=profile-news-block,,Rock,夢已如來_demo_2026,https://streetvoice.com/wetdreamdontcomeorgo/songs/album/97326064/,,".𖥔 ݁ ˖๋ ࣭ ⭑ 夢已如來 ᴅʀᴇᴀᴍ ᴅᴏɴ'ᴛ ᴄᴏᴍᴇ ᴏʀ ɢᴏ 〖光之失戀術師 〗（2026demo） ░作詞人 . 阿魯 ░作曲人 . 夢已如來 ░錄音師 . 楊盛堯 Sanyoo Yang 阿魯 / ᴠᴏᴄᴀʟ, ʙᴀꜱꜱ 翠斯特/ᴠᴏᴄᴀʟ, ꜱʏɴᴛʜ ᴄᴏᴢᴇʏ / ɢᴜɪᴛᴀʀ 丁ʙᴏʏ  / ᴅʀᴜᴍꜱ · · ─ ·✶· ─ · · 
.𖥔 ݁ ˖๋ ࣭ ⭑
夢已如來 ᴅʀᴇᴀᴍ ᴅᴏɴ'ᴛ ᴄᴏᴍᴇ ᴏʀ ɢᴏ
〖光之失戀術師 〗（2026demo）
░作詞人 . 阿魯 ░作曲人 . 夢已如來 ░錄音師 . 楊盛堯 Sanyoo Yang
阿魯 / ᴠᴏᴄᴀʟ, ʙᴀꜱꜱ 翠斯特/ᴠᴏᴄᴀʟ, ꜱʏɴᴛʜ ᴄᴏᴢᴇʏ / ɢᴜɪᴛᴀʀ 丁ʙᴏʏ  / ᴅʀᴜᴍꜱ
· · ─ ·✶· ─ · ·","來到我身旁 掉了一些光 1234掉進去 衰退以前拉住你 不要著涼 你裝上翅膀（你裝上翅膀） 掉了一些光（掉了一些光） 一閃而過的面具（你真漂亮） 容不了錯的遊戲 太勉強 あの人　目から血が 吹き出しそうなほど　悔しがっている 脆弱時幻想 自由而說的謊 你告訴我 不得不相信 堆起了高牆 卻也無法抵擋 我退著走 留你在夢裡 待在我身旁 帶走一些光 你掉了翅膀 掉了一些光 悔しがっている 
來到我身旁 掉了一些光 1234掉進去 衰退以前拉住你 不要著涼
你裝上翅膀（你裝上翅膀） 掉了一些光（掉了一些光） 一閃而過的面具（你真漂亮） 容不了錯的遊戲 太勉強
あの人　目から血が 吹き出しそうなほど　悔しがっている
脆弱時幻想 自由而說的謊 你告訴我 不得不相信 堆起了高牆 卻也無法抵擋 我退著走 留你在夢裡
待在我身旁 帶走一些光 你掉了翅膀 掉了一些光 悔しがっている
留言（ 0 ） 最相關留言 所有留言
留言（ 0 ）",2026-09-12,,,False,False,
2026-09-13 01:10:09,realtime,rock,,,28,紙鳶 Seizer,星雲飄蕩,25,2382,0,https://streetvoice.com/seizer_official/songs/876187/,https://streetvoice.com/seizer_official/,"https://akstatic.streetvoice.com/music_albums/se/iz/seizer_official/N2aTYNoA3NBNhQWwfjgotd.jpeg?x-oss-process=image/resize,m_fill,h_400,w_400,limit_0",images/876187.jpeg,@seizer_official,音樂人,台中市,2024-08-01,2024-09-10 20:11,18,2225,,,https://www.instagram.com/seizer.com.tw/,https://www.youtube.com/user/StreetVoiceTV,羊米人玩團十年夢想成真！「飛天摩托車」駛進THE WALL 麋先生喆安、紙鳶驚喜助陣|||https://blow.streetvoice.com/90155/?utm_source=streetvoice&utm_medium=profile-news-block; 紙鳶全新專輯《缺頁的名冊》正式發行 台北發片專場祭出「全嘉賓陣容」|||https://blow.streetvoice.com/90142/?utm_source=streetvoice&utm_medium=profile-news-block; 紙鳶首登泰國Monster Music Festival 回歸宣布新專輯《缺頁的名冊》即將發行|||https://blow.streetvoice.com/89229/?utm_source=streetvoice&utm_medium=profile-news-block,,Rock,缺頁的名冊,https://streetvoice.com/seizer_official/songs/album/97325949/,,"詞 Lyrics｜蘇崇祐 Kay 曲 Composer｜蘇崇祐 Kay 編曲 Arrangement｜紙鳶 Seizer 演唱 Vocal｜蘇崇祐 Kay、仁杰 和聲 Backing Vocal｜蘇崇祐 Kay、仁杰 木吉他 Acoustic Guitar｜蘇崇祐 Kay 電吉他 Electric Guitar｜楊博皓 Seal 電吉他協力編曲｜莊瑞翔 Zen 貝斯 Bass｜呂建亨 Henry 鼓組 Drum｜王秉宸 Daniel 製作人 Producer｜楊博皓 Seal 配唱製作人 Vocal Producer｜蘇崇祐 Kay、楊博皓 Seal 鼓組錄音室 Drum Recording Studio｜秉乾工作室 和聲 Backing Vocal｜仁杰、蘇崇祐 Kay 和聲編寫 Backing Vocal Arrangement｜仁杰、蘇崇祐 Kay 錄音室 Recording Studio｜失眠招待所 Insomnia Hotel Studio 錄音師 Recording Engineer｜楊博皓 Seal 混音師 Mixing Engineer｜楊博皓 Seal 母帶後期製作 Stem Mastering｜張家誠 Chia Chen Chang 
詞 Lyrics｜蘇崇祐 Kay 曲 Composer｜蘇崇祐 Kay 編曲 Arrangement｜紙鳶 Seizer
演唱 Vocal｜蘇崇祐 Kay、仁杰 和聲 Backing Vocal｜蘇崇祐 Kay、仁杰 木吉他 Acoustic Guitar｜蘇崇祐 Kay 電吉他 Electric Guitar｜楊博皓 Seal 電吉他協力編曲｜莊瑞翔 Zen 貝斯 Bass｜呂建亨 Henry 鼓組 Drum｜王秉宸 Daniel
製作人 Producer｜楊博皓 Seal 配唱製作人 Vocal Producer｜蘇崇祐 Kay、楊博皓 Seal 鼓組錄音室 Drum Recording Studio｜秉乾工作室 和聲 Backing Vocal｜仁杰、蘇崇祐 Kay 和聲編寫 Backing Vocal Arrangement｜仁杰、蘇崇祐 Kay 錄音室 Recording Studio｜失眠招待所 Insomnia Hotel Studio 錄音師 Recording Engineer｜楊博皓 Seal
混音師 Mixing Engineer｜楊博皓 Seal 母帶後期製作 Stem Mastering｜張家誠 Chia Chen Chang","星與月亮 懵懂無知也徬徨 星雲飄蕩 我會在黑暗中照亮 在落日餘暉之後 都市喧囂　山林的芬芳 擁抱你的傷 即使摸不著我的模樣 我們在夜晚度過一個人的時間 我們在日夜更迭時享受黑夜與白天 疲憊的身軀靠著一個人的夜 其實被愛著只是你看不見 星與月亮 懵懂無知也徬徨 星雲飄蕩 我會在黑暗中照亮 在落日餘暉之後 都市喧囂　山林的芬芳 擁抱你的傷 即使摸不著我的模樣 我們在夜晚度過一個人的時間 我們在日夜更迭時享受黑夜與白天 疲憊的身軀靠著一個人的夜 其實被愛著只是你看不見 
星與月亮 懵懂無知也徬徨 星雲飄蕩 我會在黑暗中照亮
在落日餘暉之後 都市喧囂　山林的芬芳 擁抱你的傷 即使摸不著我的模樣
我們在夜晚度過一個人的時間 我們在日夜更迭時享受黑夜與白天 疲憊的身軀靠著一個人的夜 其實被愛著只是你看不見
星與月亮 懵懂無知也徬徨 星雲飄蕩 我會在黑暗中照亮
在落日餘暉之後 都市喧囂　山林的芬芳 擁抱你的傷 即使摸不著我的模樣
我們在夜晚度過一個人的時間 我們在日夜更迭時享受黑夜與白天 疲憊的身軀靠著一個人的夜 其實被愛著只是你看不見
留言（ 0 ） 最相關留言 所有留言
留言（ 0 ）",2026-09-03,,,False,False,
2026-09-13 01:10:09,realtime,rock,,,29,YILE LIN 林以樂,Sometimes Always  ft.蔡元彰,5,78,0,https://streetvoice.com/anyonesthere/songs/878311/,https://streetvoice.com/anyonesthere/,"https://akstatic.streetvoice.com/song_covers/an/yo/anyonesthere/9dJ3AcGPb4wnioGnYhr89L.jpeg?x-oss-process=image/resize,m_fill,h_400,w_400,limit_0",images/878311.jpeg,@anyonesthere,音樂人,台北市,2016-05-01,2021-09-07 16:55,6,353,,https://www.facebook.com/yilelintaiwan,,https://youtube.com/c/YILELIN%E6%9E%97%E4%BB%A5%E6%A8%82,林以樂睽違7年專場開唱！雀斑樂團驚喜現身擔任嘉賓|||https://blow.streetvoice.com/78362/?utm_source=streetvoice&utm_medium=profile-news-block; 林以樂睽違七年回歸Legacy舉辦個人首張專輯《素顏的樣子》發片專場|||https://blow.streetvoice.com/77356/?utm_source=streetvoice&utm_medium=profile-news-block; 為展覽「小花計畫－Re：小花盛開的回音」錄製新歌〈地板內早餐〉 五月天瑪莎與林以樂赴美術館錄音、拍MV|||https://blow.streetvoice.com/61785/?utm_source=streetvoice&utm_medium=profile-news-block,,Alternative,,,,"song cover from Jesus & Mary Chain AG.vocal 蔡元彰 EG . Vocal 斑斑 Bass Ｍichi 
song cover from Jesus & Mary Chain AG.vocal 蔡元彰 EG . Vocal 斑斑 Bass Ｍichi","Sometimes Always I gave you all I had I gave you good and bad I gave, but you just threw it back I won't get on my knees Don't make me do that, please I've been away, but now I'm back Don't be too sure of that What makes you sure of that? You went away, you can't come back I walked away from you I hurt you through and through Oh, honey, give me one more chance I know you're a lucky son Lucky son of a gun You went away You went away You went away, but now you're back I got down on my knees And then I begged you please I always knew you'd take me back 
Sometimes Always
I gave you all I had I gave you good and bad I gave, but you just threw it back
I won't get on my knees Don't make me do that, please I've been away, but now I'm back
Don't be too sure of that What makes you sure of that? You went away, you can't come back
I walked away from you I hurt you through and through Oh, honey, give me one more chance
I know you're a lucky son Lucky son of a gun You went away You went away You went away, but now you're back
I got down on my knees And then I begged you please I always knew you'd take me back
留言（ 0 ） 最相關留言 所有留言
留言（ 0 ）",2026-09-07,,編輯推薦,True,False,
2026-09-13 01:10:09,realtime,rock,,,30,表現する実務家 | 渋谷佑生,守護神 | 純吉他演奏（Guitar Instrumental）🎸,2,24,10,https://streetvoice.com/763yuki/songs/878776/,https://streetvoice.com/763yuki/,"https://akstatic.streetvoice.com/song_covers/76/3y/763yuki/UbpQLVG2Ste2s7dTMTVQRo.jpeg?x-oss-process=image/resize,m_fill,h_400,w_400,limit_0",images/878776.jpeg,@763yuki,音樂人,岩手縣,2026-02-01,,5,4,10,,,https://www.youtube.com/user/StreetVoiceTV,,,Rock,,,,"這是一首雙吉他編制的純音樂作品（Twin Guitar Instrumental）。 這首作品最初錄製於2016年。這次沒有重新混音，而是保留了當年錄音時的吉他聲音，讓這份十年前的演奏再次被聽見。 曲名「守護神」有兩層意義：一方面代表這首作品想呈現的守護力量；另一方面，也與我學習多年的「算命學」有關。 我在日本學習算命學，也自己開發了一款算命學 APP，目前已經在 Google Play 上架，迎來第6週年。 如果你喜歡雙吉他、Rock，或對算命學感興趣，希望你會喜歡這首作品。🎸🔥 ☆ 算命学の万年暦。/ Google Play https://play.google.com/store/apps/details?id=work.starstarrain.app.mannenreki&hl=zh_TW 
這是一首雙吉他編制的純音樂作品（Twin Guitar Instrumental）。
這首作品最初錄製於2016年。這次沒有重新混音，而是保留了當年錄音時的吉他聲音，讓這份十年前的演奏再次被聽見。
曲名「守護神」有兩層意義：一方面代表這首作品想呈現的守護力量；另一方面，也與我學習多年的「算命學」有關。
我在日本學習算命學，也自己開發了一款算命學 APP，目前已經在 Google Play 上架，迎來第6週年。
如果你喜歡雙吉他、Rock，或對算命學感興趣，希望你會喜歡這首作品。🎸🔥
☆ 算命学の万年暦。/ Google Play https://play.google.com/store/apps/details?id=work.starstarrain.app.mannenreki&hl=zh_TW
https://play.google.com/store/apps/details?id=work.starstarrain.app.mannenreki&hl=zh_TW","這是沒有提供歌詞的歌曲
留言（ 10 ） 最相關留言 所有留言
留言（ 10 ）",2026-09-10,,,False,False,
2026-09-13 01:10:09,realtime,rock,,,31,Mech-PanKer機械棚克,Mutant garage,1,18,0,https://streetvoice.com/Spney1993/songs/878952/,https://streetvoice.com/Spney1993/,"https://akstatic.streetvoice.com/song_covers/Sp/ne/Spney1993/DAVLRFyvpzRi5G5uvQ7yBt.jpg?x-oss-process=image/resize,m_fill,h_400,w_400,limit_0",images/878952.jpg,@Spney1993,音樂人,高雄市,2012-05-01,,9,2,13,,,https://www.youtube.com/user/StreetVoiceTV,,,Alternative,,,,,"這是沒有提供歌詞的歌曲
留言（ 0 ） 最相關留言 所有留言
留言（ 0 ）",2026-09-11,,,False,False,
2026-09-13 01:10:09,realtime,rock,,,32,QR,I Couldn&#x27;t Die In This Moment,1,8,0,https://streetvoice.com/qr_code403/songs/879002/,https://streetvoice.com/qr_code403/,"https://akstatic.streetvoice.com/music_albums/qr/_c/qr_code403/5N2HeTvPEN7MPXCEPB8A2R.jpeg?x-oss-process=image/resize,m_fill,h_400,w_400,limit_0",images/879002.jpeg,@qr_code403,音樂人,,,,6,6,9,,,https://www.youtube.com/user/StreetVoiceTV,9m88、Matzka的合聲！賽德克族音樂人Kumu Basaw姑慕．巴紹推出首張創作專輯《Qrasun格拉孫》|||https://blow.streetvoice.com/78191/?utm_source=streetvoice&utm_medium=profile-news-block; 邱淑蟬攜EP《無爭》展開Livehouse巡迴 首度以樂團編制登場|||https://blow.streetvoice.com/90134/?utm_source=streetvoice&utm_medium=profile-news-block; 2026潮臺北玩推出「潮！專車」及體驗科技音樂互動展|||https://blow.streetvoice.com/89900/?utm_source=streetvoice&utm_medium=profile-news-block,,Alternative,TAPE,https://streetvoice.com/qr_code403/songs/album/97326060/,,,"這是沒有提供歌詞的歌曲
留言（ 0 ） 最相關留言 所有留言
留言（ 0 ）",2026-09-11,,,False,False,
2026-09-13 01:10:09,realtime,rock,,,33,雀舌乐队,Mess Like Me,1,62,0,https://streetvoice.com/qsyd/songs/878441/,https://streetvoice.com/qsyd/,"https://akstatic.streetvoice.com/song_covers/qs/yd/qsyd/RN3TEpuf4uiXd29xchkngC.jpeg?x-oss-process=image/resize,m_fill,h_400,w_400,limit_0",images/878441.jpeg,@qsyd,音樂人,,,,3,2,1,,,https://www.youtube.com/user/StreetVoiceTV,,,Rock,,,,"I bet you love the mess like me 
I bet you love the mess like me","動態歌詞
I bet you love the mess like me I bet you love the mess like me I bet you love the mess like me I bet you love the mess like me I bet you love the mess like me I bet you love the mess like me I bet you love the mess like me I bet you love the mess like me I bet you love the mess like me I bet you love the mess like me I bet you love the mess like me I bet you love the mess like me I bet you love the mess like me I bet you love the mess like me I bet you love the mess like me I bet you love the mess like me I bet you love the mess like me I bet you love the mess like me I bet you love the mess like me I bet you love the mess like me 
I bet you love the mess like me I bet you love the mess like me I bet you love the mess like me I bet you love the mess like me I bet you love the mess like me I bet you love the mess like me I bet you love the mess like me I bet you love the mess like me I bet you love the mess like me I bet you love the mess like me I bet you love the mess like me I bet you love the mess like me I bet you love the mess like me I bet you love the mess like me I bet you love the mess like me I bet you love the mess like me I bet you love the mess like me I bet you love the mess like me I bet you love the mess like me I bet you love the mess like me
留言（ 0 ） 最相關留言 所有留言
留言（ 0 ）",2026-09-07,,編輯推薦,True,False,
2026-09-13 01:10:09,realtime,rock,,,34,夢迴BackTODream,Virtual Love,2,376,1,https://streetvoice.com/BackTODream6969/songs/878266/,https://streetvoice.com/BackTODream6969/,"https://akstatic.streetvoice.com/song_covers/Ba/ck/BackTODream6969/GCBC48T6eJHUmXbBjquELu.jpeg?x-oss-process=image/resize,m_fill,h_400,w_400,limit_0",images/878266.jpeg,@BackTODream6969,音樂人,,,,6,60,6,,,https://www.youtube.com/user/StreetVoiceTV,,,Rock,,,,"“Something that was once stable has become disturbed.” 「完整還在那裡，只是已經不能被相信。」 
“Something that was once stable has become disturbed.” 「完整還在那裡，只是已經不能被相信。」","Virtual love, it’s only surface though Empty touch, it feels so worthless now You can speak, but why you can’t feel Every word is never real It’s tripping out Please don’t Turn me off Don’t roll me out Oh 靠得近卻感受不到信號 Oh 虛擬的愛只剩冰冷的藉口 Nothing can only play with me Play with me 只剩下數據stay with me Oh Silent dismay I brought you back, rewired your life, yet I lost your mind. Go Endless gateway I program my heart for love I’m coming for you How can the unseen numbers drive you on It be like oh oh oh Whispers in the silence Take it back Just keep awake 沒有靈魂的的我卡零與一之間 Just break my head Please take my hand I brought you back, rewired your life, yet I lost your mind. Go Endless gateway I program my heart for love I’m coming for you How can the unseen numbers drive you on It be like oh oh oh Whispers in the silence Take it back Just keep awake Break the loop，我開始感到分裂 Fragments talk 我卻無法回應你 Virtual love, it’s only surface though Empty touch, it feels so worthless now You can speak, but why you can’t feel Every word is never real I brought you back, rewired your life, yet I lost your mind. Go Endless gateway I program my heart for love I’m coming for you How can the unseen numbers drive you on It be like oh oh oh Whispers in the silence Take it back Please take my hand 
Virtual love, it’s only surface though Empty touch, it feels so worthless now You can speak, but why you can’t feel Every word is never real
It’s tripping out Please don’t Turn me off Don’t roll me out Oh 靠得近卻感受不到信號 Oh 虛擬的愛只剩冰冷的藉口 Nothing can only play with me Play with me 只剩下數據stay with me Oh Silent dismay
I brought you back, rewired your life, yet I lost your mind. Go Endless gateway I program my heart for love I’m coming for you
How can the unseen numbers drive you on It be like oh oh oh Whispers in the silence Take it back Just keep awake
沒有靈魂的的我卡零與一之間 Just break my head Please take my hand
I brought you back, rewired your life, yet I lost your mind. Go Endless gateway I program my heart for love I’m coming for you
How can the unseen numbers drive you on It be like oh oh oh Whispers in the silence Take it back Just keep awake
Break the loop，我開始感到分裂 Fragments talk 我卻無法回應你
Virtual love, it’s only surface though Empty touch, it feels so worthless now You can speak, but why you can’t feel Every word is never real
I brought you back, rewired your life, yet I lost your mind. Go Endless gateway I program my heart for love I’m coming for you
How can the unseen numbers drive you on It be like oh oh oh Whispers in the silence Take it back Please take my hand
留言（ 1 ） 最相關留言 所有留言
留言（ 1 ）",2026-09-06,,編輯推薦,True,False,
2026-09-13 01:10:09,realtime,rock,,,35,QR,Coffee&amp;Love,0,1,0,https://streetvoice.com/qr_code403/songs/879007/,https://streetvoice.com/qr_code403/,"https://akstatic.streetvoice.com/music_albums/qr/_c/qr_code403/5N2HeTvPEN7MPXCEPB8A2R.jpeg?x-oss-process=image/resize,m_fill,h_400,w_400,limit_0",images/879007.jpeg,@qr_code403,音樂人,,,,6,6,9,,,https://www.youtube.com/user/StreetVoiceTV,9m88、Matzka的合聲！賽德克族音樂人Kumu Basaw姑慕．巴紹推出首張創作專輯《Qrasun格拉孫》|||https://blow.streetvoice.com/78191/?utm_source=streetvoice&utm_medium=profile-news-block; 邱淑蟬攜EP《無爭》展開Livehouse巡迴 首度以樂團編制登場|||https://blow.streetvoice.com/90134/?utm_source=streetvoice&utm_medium=profile-news-block; 2026潮臺北玩推出「潮！專車」及體驗科技音樂互動展|||https://blow.streetvoice.com/89900/?utm_source=streetvoice&utm_medium=profile-news-block,,Alternative,TAPE,https://streetvoice.com/qr_code403/songs/album/97326060/,,,"這是沒有提供歌詞的歌曲
留言（ 0 ） 最相關留言 所有留言
留言（ 0 ）",2026-09-11,,,False,False,
2026-09-13 01:10:09,realtime,rock,,,36,QR,Interlude,0,1,0,https://streetvoice.com/qr_code403/songs/879011/,https://streetvoice.com/qr_code403/,"https://akstatic.streetvoice.com/music_albums/qr/_c/qr_code403/5N2HeTvPEN7MPXCEPB8A2R.jpeg?x-oss-process=image/resize,m_fill,h_400,w_400,limit_0",images/879011.jpeg,@qr_code403,音樂人,,,,6,6,9,,,https://www.youtube.com/user/StreetVoiceTV,9m88、Matzka的合聲！賽德克族音樂人Kumu Basaw姑慕．巴紹推出首張創作專輯《Qrasun格拉孫》|||https://blow.streetvoice.com/78191/?utm_source=streetvoice&utm_medium=profile-news-block; 邱淑蟬攜EP《無爭》展開Livehouse巡迴 首度以樂團編制登場|||https://blow.streetvoice.com/90134/?utm_source=streetvoice&utm_medium=profile-news-block; 2026潮臺北玩推出「潮！專車」及體驗科技音樂互動展|||https://blow.streetvoice.com/89900/?utm_source=streetvoice&utm_medium=profile-news-block,,Alternative,TAPE,https://streetvoice.com/qr_code403/songs/album/97326060/,,,"這是沒有提供歌詞的歌曲
留言（ 0 ） 最相關留言 所有留言
留言（ 0 ）",2026-09-11,,,False,False,
2026-09-13 01:10:09,realtime,rock,,,37,QR,On The Way,1,7,0,https://streetvoice.com/qr_code403/songs/879008/,https://streetvoice.com/qr_code403/,"https://akstatic.streetvoice.com/music_albums/qr/_c/qr_code403/5N2HeTvPEN7MPXCEPB8A2R.jpeg?x-oss-process=image/resize,m_fill,h_400,w_400,limit_0",images/879008.jpeg,@qr_code403,音樂人,,,,6,6,9,,,https://www.youtube.com/user/StreetVoiceTV,9m88、Matzka的合聲！賽德克族音樂人Kumu Basaw姑慕．巴紹推出首張創作專輯《Qrasun格拉孫》|||https://blow.streetvoice.com/78191/?utm_source=streetvoice&utm_medium=profile-news-block; 邱淑蟬攜EP《無爭》展開Livehouse巡迴 首度以樂團編制登場|||https://blow.streetvoice.com/90134/?utm_source=streetvoice&utm_medium=profile-news-block; 2026潮臺北玩推出「潮！專車」及體驗科技音樂互動展|||https://blow.streetvoice.com/89900/?utm_source=streetvoice&utm_medium=profile-news-block,,Alternative,TAPE,https://streetvoice.com/qr_code403/songs/album/97326060/,,,"這是沒有提供歌詞的歌曲
留言（ 0 ） 最相關留言 所有留言
留言（ 0 ）",2026-09-11,,,False,False,
2026-09-13 01:10:09,realtime,rock,,,38,Tomy Ho 何家銘,聽日先吖,2,59,0,https://streetvoice.com/tomyinmusic/songs/878304/,https://streetvoice.com/tomyinmusic/,"https://akstatic.streetvoice.com/song_covers/to/my/tomyinmusic/QdfHZVSuQaUEwqxLEqWyqH.jpeg?x-oss-process=image/resize,m_fill,h_400,w_400,limit_0",images/878304.jpeg,@tomyinmusic,音樂人,香港,2016-08-01,,4,4,,,,https://www.youtube.com/user/StreetVoiceTV,,,Reggae / Funk,,,,"日常有太多嘅嘢想「的起心肝」去做 不過實在太多阻礙了哈哈 我哋一齊探討下究竟有幾難 
日常有太多嘅嘢想「的起心肝」去做 不過實在太多阻礙了哈哈 我哋一齊探討下究竟有幾難","買買買買 食食食食 我極有衣食 吃夠喝夠 返房休息 間房變細變逼 照鏡照鏡 大望特望 突然被重擊 條車呔威脅我好節食 明日我 會舉重 會跑步 無懼殺進末路窮途 體重要減到 我想到 我肯做 只不過 今晚 極攰 成頭 煩惱 拖多日 不會再拖 拖多夜 就有結果 周遭有太多問題一千種奈何 拖多日 總會有火 休息為著明日改過 要儲夠貨先在磨 目標減肥都係聽日先啦 目標操fit自己都係聽日先啦 目標努力溫書都係聽日先啦 我發現我嘅想像同計劃總有啲偏差 搵藉口其實拖延症 醫生都定性 患上咗拖延症 我媽媽都認證 搵藉口其實拖延症 醫生都定性 患上咗拖延症 我媽媽都認證 明日到 卻驚覺 有急事 無奈要 種樹做陶瓷 睇戲再寫詩 再一次 有急事 的起了 心肝 後日才嘗試 拖多日 不會再拖 拖多夜 就有結果 周遭有太多問題一千種奈何 拖多日 總會有火 休息為著明日改過 說到我有些餓 搵藉口其實拖延症 醫生都定性 患上咗拖延症 我媽媽都認證 搵藉口其實拖延症 醫生都定性 患上咗拖延症 我媽媽都認證 一千日 拖過再拖 一千夜 未有結果 早知道我的問題偏只想拔河 拖多日 總會有火 休息為著明日改過 休一世 休到望見佛陀 三千日 拖過再拖 七千夜 未有結果 拖拖拉拖過再拉 拖拉拖拉拖 拖拉拖 拉過再拖 拖拉為著明日改過 
買買買買 食食食食 我極有衣食 吃夠喝夠 返房休息 間房變細變逼 照鏡照鏡 大望特望 突然被重擊 條車呔威脅我好節食
明日我 會舉重 會跑步 無懼殺進末路窮途 體重要減到 我想到 我肯做 只不過 今晚 極攰 成頭 煩惱
拖多日 不會再拖 拖多夜 就有結果 周遭有太多問題一千種奈何 拖多日 總會有火 休息為著明日改過 要儲夠貨先在磨
目標減肥都係聽日先啦 目標操fit自己都係聽日先啦 目標努力溫書都係聽日先啦 我發現我嘅想像同計劃總有啲偏差
搵藉口其實拖延症 醫生都定性 患上咗拖延症 我媽媽都認證 搵藉口其實拖延症 醫生都定性 患上咗拖延症 我媽媽都認證
明日到 卻驚覺 有急事 無奈要 種樹做陶瓷 睇戲再寫詩 再一次 有急事 的起了 心肝 後日才嘗試
拖多日 不會再拖 拖多夜 就有結果 周遭有太多問題一千種奈何 拖多日 總會有火 休息為著明日改過 說到我有些餓
搵藉口其實拖延症 醫生都定性 患上咗拖延症 我媽媽都認證 搵藉口其實拖延症 醫生都定性 患上咗拖延症 我媽媽都認證
一千日 拖過再拖 一千夜 未有結果 早知道我的問題偏只想拔河 拖多日 總會有火 休息為著明日改過 休一世 休到望見佛陀
三千日 拖過再拖 七千夜 未有結果 拖拖拉拖過再拉 拖拉拖拉拖 拖拉拖 拉過再拖 拖拉為著明日改過
留言（ 0 ） 最相關留言 所有留言
留言（ 0 ）",2026-09-07,,編輯推薦,True,False,
2026-09-13 01:10:09,realtime,rock,,,39,poshiftofficial1026,破序 - Again,1,56,0,https://streetvoice.com/poshiftofficial1026/songs/878296/,https://streetvoice.com/poshiftofficial1026/,"https://akstatic.streetvoice.com/profile_images/po/sh/poshiftofficial1026/XyQHrh7ewGpwV6mEpMKsss.jpeg?x-oss-process=image/resize,m_fill,h_400,w_400,limit_0",images/878296.jpeg,@poshiftofficial1026,音樂人,,,,1,,,,,https://www.youtube.com/user/StreetVoiceTV,,,Rock,,,,"Again 詞:阿凱、阿祐、阿評 曲:破序 編曲:破序、麻糬 生活的現況總是不如意 失敗也總是勤奮的來探訪 放棄的念頭始終在心中波瀾 失敗了就在次Again吧 讓我們一起Never give up 一起找回最初的感動 
Again 詞:阿凱、阿祐、阿評 曲:破序 編曲:破序、麻糬
生活的現況總是不如意 失敗也總是勤奮的來探訪 放棄的念頭始終在心中波瀾
失敗了就在次Again吧 讓我們一起Never give up 一起找回最初的感動","在我眼中的世界 有太多的迷戀 殘酷的世界 怎會如此的絕對 我說出的狂言 又做到了哪些 曾經的誓言又放下了哪些 在我眼中的世界 有太多的迷戀 殘酷的世界 怎會如此的絕對 我說出的狂言 又做到了哪些 曾經的誓言又放下了哪些 時間如能回到重頭的那一瞬間 就沒有人後悔流下了眼淚 人生不像遊戲可以一遍又一遍 所謂的幸福是童話才有的情節 我已踏上隨波逐流的新世界 當我每天睜開雙眼 是如何活到明天 曾幾何時的自己早已離去不再回 Too far away To say goodbye 為何不願放開一切 鬆手就能夠擁有藍天 為何不斷撲向火焰 讓自己活得這麼累 I don't want to lose them again I just want to find my way The world drives me crazy Can you tell me why 我已踏上隨波逐流的新世界 當我每天睜開雙眼 是如何活到明天 曾幾何時的自己早已離去不再回 Too far away To say goodbye Tell me why 我已踏上隨波逐流的新世界 當我每天睜開雙眼 是如何活到明天 曾幾何時的自己早已離去不再回 Too far away To say goodbye 
在我眼中的世界 有太多的迷戀 殘酷的世界 怎會如此的絕對 我說出的狂言 又做到了哪些 曾經的誓言又放下了哪些
在我眼中的世界 有太多的迷戀 殘酷的世界 怎會如此的絕對 我說出的狂言 又做到了哪些 曾經的誓言又放下了哪些
時間如能回到重頭的那一瞬間 就沒有人後悔流下了眼淚 人生不像遊戲可以一遍又一遍 所謂的幸福是童話才有的情節
我已踏上隨波逐流的新世界 當我每天睜開雙眼 是如何活到明天 曾幾何時的自己早已離去不再回 Too far away To say goodbye
為何不願放開一切 鬆手就能夠擁有藍天 為何不斷撲向火焰 讓自己活得這麼累
I don't want to lose them again I just want to find my way The world drives me crazy Can you tell me why
我已踏上隨波逐流的新世界 當我每天睜開雙眼 是如何活到明天 曾幾何時的自己早已離去不再回 Too far away To say goodbye Tell me why
我已踏上隨波逐流的新世界 當我每天睜開雙眼 是如何活到明天 曾幾何時的自己早已離去不再回 Too far away To say goodbye
留言（ 0 ） 最相關留言 所有留言
留言（ 0 ）",2026-09-07,,編輯推薦,True,False,
2026-09-13 01:10:09,realtime,rock,,,40,夢已如來,夢ee,0,5,0,https://streetvoice.com/wetdreamdontcomeorgo/songs/879044/,https://streetvoice.com/wetdreamdontcomeorgo/,"https://akstatic.streetvoice.com/music_albums/we/td/wetdreamdontcomeorgo/3xvqj3XSdYPiDGhVyv6BEY.jpeg?x-oss-process=image/resize,m_fill,h_400,w_400,limit_0",images/879044.jpeg,@wetdreamdontcomeorgo,音樂人,台北市,2018-03-01,,1,26,4,,,https://www.youtube.com/user/StreetVoiceTV,「野地晃晃」串連野地方、肥頭音樂雙場館四舞台！2/15集結無妄合作社、Manic Sheep、陳修澤等20組台日樂團|||https://blow.streetvoice.com/78942/?utm_source=streetvoice&utm_medium=profile-news-block; 號召超過50位獨立樂手！「舊朋新酒」樂團圈紅白cover大賽相約The Wall戰跨年！|||https://blow.streetvoice.com/78243/?utm_source=streetvoice&utm_medium=profile-news-block; 2024 Park Park Carnival首日回顧：OBSESS炸場台下開圈、飛機降落聲替Gummy B開場|||https://blow.streetvoice.com/75870/?utm_source=streetvoice&utm_medium=profile-news-block,,Rock,夢已如來_demo_2026,https://streetvoice.com/wetdreamdontcomeorgo/songs/album/97326064/,,".𖥔 ݁ ˖๋ ࣭ ⭑ 夢已如來 ᴅʀᴇᴀᴍ ᴅᴏɴ'ᴛ ᴄᴏᴍᴇ ᴏʀ ɢᴏ 〖光之失戀術師 〗（2026demo） ░作詞人 . 翠斯特 ░作曲人 . 夢已如來 ░錄音師 . 楊盛堯 Sanyoo Yang 阿魯 / ᴠᴏᴄᴀʟ, ʙᴀꜱꜱ 翠斯特/ᴠᴏᴄᴀʟ, ꜱʏɴᴛʜ ᴄᴏᴢᴇʏ / ɢᴜɪᴛᴀʀ 丁ʙᴏʏ  / ᴅʀᴜᴍꜱ · · ─ ·✶· ─ · · 
.𖥔 ݁ ˖๋ ࣭ ⭑
夢已如來 ᴅʀᴇᴀᴍ ᴅᴏɴ'ᴛ ᴄᴏᴍᴇ ᴏʀ ɢᴏ
〖光之失戀術師 〗（2026demo）
░作詞人 . 翠斯特 ░作曲人 . 夢已如來 ░錄音師 . 楊盛堯 Sanyoo Yang
阿魯 / ᴠᴏᴄᴀʟ, ʙᴀꜱꜱ 翠斯特/ᴠᴏᴄᴀʟ, ꜱʏɴᴛʜ ᴄᴏᴢᴇʏ / ɢᴜɪᴛᴀʀ 丁ʙᴏʏ  / ᴅʀᴜᴍꜱ
· · ─ ·✶· ─ · ·","在我溫暖的床上 一場安靜的睡眠 在我溫暖的床上 一場安穩的夢境 想念的人都出現在我的眼前 想念的人要我再忍耐一下 有一天他們就回來啦 那裡的樹都會變色 有藍色還有粉紅色 那裡的空氣中有氣泡 就算是痛苦的也好 那裡的人都愛我 也不至於縱容我所有的過錯 那裡的人說沒關係 我再忍耐一下 有一天有一天 好像每一次哭泣的時候 你們又離我遠了一點 每次我有一些抑鬱的念頭 我就看不見 閃閃發光的那邊 每一次我又不誠實的時候 再也看不見那些光點 每一次在別人面裝模作樣 我就無法在夢裡遇見 那裡的人都愛我 鼓勵我說誠實的話 那裡的人都愛我 也不至於縱容我 那裡的人都愛我 吵些公平的架 那裡的人都愛我 說再等我一下下 
在我溫暖的床上 一場安靜的睡眠 在我溫暖的床上 一場安穩的夢境
想念的人都出現在我的眼前 想念的人要我再忍耐一下 有一天他們就回來啦
那裡的樹都會變色 有藍色還有粉紅色 那裡的空氣中有氣泡 就算是痛苦的也好 那裡的人都愛我 也不至於縱容我所有的過錯 那裡的人說沒關係 我再忍耐一下 有一天有一天
好像每一次哭泣的時候 你們又離我遠了一點 每次我有一些抑鬱的念頭 我就看不見 閃閃發光的那邊 每一次我又不誠實的時候 再也看不見那些光點 每一次在別人面裝模作樣 我就無法在夢裡遇見
那裡的人都愛我 鼓勵我說誠實的話 那裡的人都愛我 也不至於縱容我 那裡的人都愛我 吵些公平的架 那裡的人都愛我 說再等我一下下
留言（ 0 ） 最相關留言 所有留言
留言（ 0 ）",2026-09-12,,,False,False,
2026-09-13 01:10:09,realtime,rock,,,41,Mech-PanKer機械棚克,Unkillable,1,27,0,https://streetvoice.com/Spney1993/songs/878792/,https://streetvoice.com/Spney1993/,"https://akstatic.streetvoice.com/song_covers/Sp/ne/Spney1993/48dmRq4rS3ycaquivE82Wq.jpg?x-oss-process=image/resize,m_fill,h_400,w_400,limit_0",images/878792.jpg,@Spney1993,音樂人,高雄市,2012-05-01,,9,2,13,,,https://www.youtube.com/user/StreetVoiceTV,,,Post rock,,,,,"這是沒有提供歌詞的歌曲
留言（ 0 ） 最相關留言 所有留言
留言（ 0 ）",2026-09-10,,,False,False,
2026-09-13 01:10:09,realtime,rock,,,42,Itsyn,lost &amp; found demo,1,2,2,https://streetvoice.com/Itsyn/songs/878552/,https://streetvoice.com/Itsyn/,"https://akstatic.streetvoice.com/song_covers/It/sy/Itsyn/4z992pGNPnKjQB7nDR9PE6.jpeg?x-oss-process=image/resize,m_fill,h_400,w_400,limit_0",images/878552.jpeg,@Itsyn,音樂人,,,,2,3,8,,,https://www.youtube.com/user/StreetVoiceTV,,,Alternative,,,,"《Lost & Found》是一首以青春、迷茫与追寻梦想为主题的 pop rock/pop punk原创歌曲。歌曲描写了一个人在成长过程中面对未来的不确定、自我怀疑以及来自家庭和现实的压力——不知道自己想成为谁，也不知道梦想是否真的能够实现。歌词从 “What do I want?” 的迷茫开始，到 “But I wanna be me” 的自我觉醒，再到最后 “Finding your own dream” 的坚定，呈现出从 Lost 到 Found 的成长过程。歌曲名称《Lost & Found》寓意着“迷失并不可怕，因为寻找的过程本身就是找到自己的过程”，这里的“Found”不仅是找到梦想，更是找回真正的自己。整首歌曲以中速的 Alternative Pop / Indie Pop 编曲为基础，通过逐渐增强的音乐情绪，将迷茫、自我怀疑、挣扎与最终的释放连接起来。它想传达的并不是每个人都必须马上知道自己的未来，而是即使现在迷失了，也可以继续向前、继续寻找，因为有一天，我们终会找到属于自己的方向与梦想。歌曲借鉴了chappell roan的hot to go!和avril lavrigne的what the hell风格作为灵感 
《Lost & Found》是一首以青春、迷茫与追寻梦想为主题的 pop rock/pop punk原创歌曲。歌曲描写了一个人在成长过程中面对未来的不确定、自我怀疑以及来自家庭和现实的压力——不知道自己想成为谁，也不知道梦想是否真的能够实现。歌词从 “What do I want?” 的迷茫开始，到 “But I wanna be me” 的自我觉醒，再到最后 “Finding your own dream” 的坚定，呈现出从 Lost 到 Found 的成长过程。歌曲名称《Lost & Found》寓意着“迷失并不可怕，因为寻找的过程本身就是找到自己的过程”，这里的“Found”不仅是找到梦想，更是找回真正的自己。整首歌曲以中速的 Alternative Pop / Indie Pop 编曲为基础，通过逐渐增强的音乐情绪，将迷茫、自我怀疑、挣扎与最终的释放连接起来。它想传达的并不是每个人都必须马上知道自己的未来，而是即使现在迷失了，也可以继续向前、继续寻找，因为有一天，我们终会找到属于自己的方向与梦想。歌曲借鉴了chappell roan的hot to go!和avril lavrigne的what the hell风格作为灵感","(verse) I forgot what teacher has taught turning round and round in circle but I am just a normal person what do I want? I lost my mind leaving bigger crime but they just call me a loser oh, my my what a crap it hurts what have I done? (pre chorus) my mom just tell me get a job just do your chores and buy a car but I said mom just let me be I'm getting closer to my dream but will I'm gonna be succeed? I even don't know how to swim get trapped in maze with my lovestruck oh god just give me one more luck! (chorus) oh, oh oh I'm lost and found screaming loud and loud I won't give up oh, oh oh you're lost and found gonna hit the ground because we're lost and found (verse 2) my friends and I are laughing at the hallway but suddenly my mind flew in the halfway in the future will I gonna paved my way? or just be the cashier in the mall god no way? (pre chorus 2) can I be the wind? can I be the sea? but I wanna be me when I'm gonna be free? (chorus) oh, oh oh I'm lost and found screaming loud and loud I won't give up oh, oh oh you're lost and found gonna hit the ground because we're lost and found (bridge) no one to help no one to come gotta prove to you if I’m wrong don’t stop the goal you’ve done it all be lost & found (outro) I don’t care what you say I’ve done it all my way I’m born to free I’m standing on the stage no matter what you say we’re born to flee if you lost that’s okay I’ll let you smile all day finding your own dream we’re gonna runaway and never stop again because we’re lost & found 
(verse) I forgot what teacher has taught turning round and round in circle but I am just a normal person what do I want? I lost my mind leaving bigger crime but they just call me a loser oh, my my what a crap it hurts what have I done?
(pre chorus) my mom just tell me get a job just do your chores and buy a car but I said mom just let me be I'm getting closer to my dream but will I'm gonna be succeed? I even don't know how to swim get trapped in maze with my lovestruck oh god just give me one more luck!
(chorus) oh, oh oh I'm lost and found screaming loud and loud I won't give up oh, oh oh you're lost and found gonna hit the ground because we're lost and found
(verse 2) my friends and I are laughing at the hallway but suddenly my mind flew in the halfway in the future will I gonna paved my way? or just be the cashier in the mall god no way?
(pre chorus 2) can I be the wind? can I be the sea? but I wanna be me when I'm gonna be free?
(chorus) oh, oh oh I'm lost and found screaming loud and loud I won't give up oh, oh oh you're lost and found gonna hit the ground because we're lost and found
(bridge) no one to help no one to come gotta prove to you if I’m wrong don’t stop the goal you’ve done it all be lost & found
(outro) I don’t care what you say I’ve done it all my way I’m born to free I’m standing on the stage no matter what you say we’re born to flee if you lost that’s okay I’ll let you smile all day finding your own dream we’re gonna runaway and never stop again because we’re lost & found
留言（ 2 ） 最相關留言 所有留言
留言（ 2 ）",2026-09-08,,,False,False,
2026-09-13 01:10:09,realtime,rock,,,43,蕭語樓,齊物·巽,1,0,0,https://streetvoice.com/MarsLuo/songs/878894/,https://streetvoice.com/MarsLuo/,"https://akstatic.streetvoice.com/song_covers/Ma/rs/MarsLuo/cpLK6jbYHUUXWZaSNbKmD6.jpg?x-oss-process=image/resize,m_fill,h_400,w_400,limit_0",images/878894.jpg,@MarsLuo,音樂人,新竹縣,2019-02-01,,21,4,4,,,https://www.youtube.com/user/StreetVoiceTV,,,Rock,37-（科技終於發展到我能作音樂的時刻了）,https://streetvoice.com/MarsLuo/songs/album/97325151/,,,"《齊物·巽》 ［主歌］ 風過長林　萬葉忽然驚醒 穿石入穴　幽谷引起低鳴 掠水成紋　吹動屋簷銅鈴 同來一陣　人間萬種聲音 風入枯枝　如有人輕輕低吟 過竹千竿　又似暴雨將臨 深潭無語　岸草自相呼應 ㄧ息無影    吹遍萬物形體 ［預副歌］ 同場驟雨　有人喜有人憎 同輪明月　有人聚有人等 一念入魂　便有是非愛恨 若境無言　誰能替萬物區分 ［副歌］ 是風之聲　還是萬物齊生 萬物各異　分別何必再論 萬籟各鳴　誰又曾問根本 聲聲不同　原來與物同根 是我之念　還是萬物留痕 一念分別　化為萬般愛恨 起念為我    才讓萬物區分 萬念散盡　何為假又何為真 ［主歌］ 若風無聲　何來萬籟齊鳴 若木有音　無風何以自吟 是風吹竹　還是竹借風鳴 一聲入耳　誰又分辨得清 風若遠去　萬物復歸寂靜 萬物若空　風又何處留音 究竟是誰　借誰一瞬成形 若聲無主　何人喚它姓名 ［預副歌］ 有人見得　有人只見悔恨 有人稱善　有人偏稱作惡 若萬念起　皆因所遇而生 念念之中　何者為我發聲 ［副歌］ 是風之聲　還是萬物齊生 萬物各異　分別何必再論 萬籟各鳴　誰又曾問根本 聲聲不同　原來與物同根 是我之念　還是萬物留痕 一念分別　化為萬般愛恨 起念為我    才讓萬物區分 萬念散盡　何為假又何為真 
《齊物·巽》
［主歌］ 風過長林　萬葉忽然驚醒 穿石入穴　幽谷引起低鳴 掠水成紋　吹動屋簷銅鈴 同來一陣　人間萬種聲音
風入枯枝　如有人輕輕低吟 過竹千竿　又似暴雨將臨 深潭無語　岸草自相呼應 ㄧ息無影    吹遍萬物形體
［預副歌］ 同場驟雨　有人喜有人憎 同輪明月　有人聚有人等 一念入魂　便有是非愛恨 若境無言　誰能替萬物區分
［副歌］ 是風之聲　還是萬物齊生 萬物各異　分別何必再論 萬籟各鳴　誰又曾問根本 聲聲不同　原來與物同根
是我之念　還是萬物留痕 一念分別　化為萬般愛恨 起念為我    才讓萬物區分 萬念散盡　何為假又何為真
［主歌］ 若風無聲　何來萬籟齊鳴 若木有音　無風何以自吟 是風吹竹　還是竹借風鳴 一聲入耳　誰又分辨得清
風若遠去　萬物復歸寂靜 萬物若空　風又何處留音 究竟是誰　借誰一瞬成形 若聲無主　何人喚它姓名
［預副歌］ 有人見得　有人只見悔恨 有人稱善　有人偏稱作惡 若萬念起　皆因所遇而生 念念之中　何者為我發聲
［副歌］ 是風之聲　還是萬物齊生 萬物各異　分別何必再論 萬籟各鳴　誰又曾問根本 聲聲不同　原來與物同根
是我之念　還是萬物留痕 一念分別　化為萬般愛恨 起念為我    才讓萬物區分 萬念散盡　何為假又何為真
留言（ 0 ） 最相關留言 所有留言
留言（ 0 ）",2026-09-11,,AI 協作 Rock ・ 37-（科技終於發展到我能作音樂的時刻了）,False,False,
2026-09-13 01:10:09,realtime,rock,,,44,雀舌乐队,This Too Shall Pass,1,58,0,https://streetvoice.com/qsyd/songs/878244/,https://streetvoice.com/qsyd/,"https://akstatic.streetvoice.com/song_covers/qs/yd/qsyd/SJZqUoxVuxApfJtsyuRPFr.jpeg?x-oss-process=image/resize,m_fill,h_400,w_400,limit_0",images/878244.jpeg,@qsyd,音樂人,,,,3,2,1,,,https://www.youtube.com/user/StreetVoiceTV,,,Rock,,,,"金色的暮光洒在后背，一头栽进小路尽头拥抱的日子一去不复返了。 长大是未曾想象过的宽广世界，但也同样面临未曾想象的规则，被周围的期待推着前进，在妥协与希望中拉扯，仿佛站在黑色和蓝色混合的迷雾里。孤独是永远的人生课题，但这一切都会过去。 
金色的暮光洒在后背，一头栽进小路尽头拥抱的日子一去不复返了。
长大是未曾想象过的宽广世界，但也同样面临未曾想象的规则，被周围的期待推着前进，在妥协与希望中拉扯，仿佛站在黑色和蓝色混合的迷雾里。孤独是永远的人生课题，但这一切都会过去。","動態歌詞
A lot of summer has happened Village road twilight safe and quiet A lot of summer has happened Spinning top spinning top Spinning into the hug at the end of this path My all Spinning top spinning top Spinning into a taller view in black and blue higher wall A lot of summer Buried thoughts jump through your shirt like no one knows it Hide it again behind a wave of drowsiness Jessie Is there a right place I can say what I wanna say Is there a warm place to listen to me tell my day I can feel a pair of eyes resting upon me with firmness warmth and softness clarity hu thats me 
A lot of summer has happened Village road twilight safe and quiet A lot of summer has happened Spinning top spinning top Spinning into the hug at the end of this path My all Spinning top spinning top Spinning into a taller view in black and blue higher wall A lot of summer Buried thoughts jump through your shirt like no one knows it Hide it again behind a wave of drowsiness Jessie Is there a right place I can say what I wanna say Is there a warm place to listen to me tell my day I can feel a pair of eyes resting upon me with firmness warmth and softness clarity hu thats me
留言（ 0 ） 最相關留言 所有留言
留言（ 0 ）",2026-09-06,,編輯推薦,True,False,
2026-09-13 01:10:09,realtime,rock,,,45,MORE BE US,退潮,61,5561,12,https://streetvoice.com/morebeus_official/songs/874196/,https://streetvoice.com/morebeus_official/,"https://akstatic.streetvoice.com/song_covers/mo/re/morebeus_official/4Cc95H92v5bbYN2uCsnkju.jpeg?x-oss-process=image/resize,m_fill,h_400,w_400,limit_0",images/874196.jpeg,@morebeus_official,音樂人,台灣,2025-12-01,2026-02-12 09:57,5,688,3,,https://www.instagram.com/morebeus_official/,https://www.youtube.com/@morebeus_official,「秋OUT音樂節」海外陣容驚喜加碼！日本樂團礼賛、東京製作鬼才VIDEOTAPEMUSIC、蒙古樂團NaraBara參戰|||https://blow.streetvoice.com/82661/?utm_source=streetvoice&utm_medium=profile-news-block; 2025大港開唱再公布20組陣容！黃大謙與I Mean Us合作，獻上首次音樂祭演出|||https://blow.streetvoice.com/78923/?utm_source=streetvoice&utm_medium=profile-news-block; 2024浪人祭推出全新海外陣容：西班牙文青女聲Russian Red再次訪台，kanekoayano、Science Noodles接力開唱|||https://blow.streetvoice.com/76097/?utm_source=streetvoice&utm_medium=profile-news-block,11 月 5 2026 The Next Big Thing 大團誕生（開發場）5|||11 月 5|||https://streetvoice.com/gigs/9941/; 2026 The Next Big Thing 大團誕生（開發場）5|||11 月 5|||https://streetvoice.com/gigs/9941/,Rock,,,,"站在沙灘上，你很難只憑一道浪，就判斷海是在漲潮還是退潮。浪花一次次漫過雙腳，又退回海裡，順勢帶走腳下幾粒沙。 退潮從不是一次帶走所有，而是在一次又一次的浪裡，無聲地讓一些東西悄悄離開。有些人的離開，也是如此。等你終於回過頭，那個曾經眼裡只有你的人，早已不在原地。 
站在沙灘上，你很難只憑一道浪，就判斷海是在漲潮還是退潮。浪花一次次漫過雙腳，又退回海裡，順勢帶走腳下幾粒沙。
退潮從不是一次帶走所有，而是在一次又一次的浪裡，無聲地讓一些東西悄悄離開。有些人的離開，也是如此。等你終於回過頭，那個曾經眼裡只有你的人，早已不在原地。","動態歌詞
風暖暖的沙灘上 靜悄悄的走在一起 好嗎 你多我一大截步伐 讓我一刻都不能停下 隨著你走 退潮帶走了我 無影無蹤 你可曾找尋過 那顆愛你的心 充滿你的眼睛 海水輕輕淹沒了 不知不覺的 風冷冷的 沙灘上 緊緊挨著走在一起 好嗎 別先走 我跟不上 你回頭 看看我 好不好嘛 好嗎 隨著你走 退潮帶走了我 無影無蹤 你可曾找尋過 那個執著著你 不是你就不行 海水輕輕淹沒了 無跡可循的 你走 別假裝在乎我 是我 讓真相如此赤裸 別找回我的心 別看向我眼睛 海水輕輕淹沒了 重重墜落的 我 
風暖暖的沙灘上 靜悄悄的走在一起 好嗎 你多我一大截步伐 讓我一刻都不能停下
隨著你走 退潮帶走了我 無影無蹤 你可曾找尋過 那顆愛你的心 充滿你的眼睛 海水輕輕淹沒了 不知不覺的
風冷冷的 沙灘上 緊緊挨著走在一起 好嗎 別先走 我跟不上 你回頭 看看我 好不好嘛 好嗎
隨著你走 退潮帶走了我 無影無蹤 你可曾找尋過 那個執著著你 不是你就不行 海水輕輕淹沒了 無跡可循的
你走 別假裝在乎我 是我 讓真相如此赤裸 別找回我的心 別看向我眼睛 海水輕輕淹沒了 重重墜落的 我
留言（ 12 ） 最相關留言 所有留言
留言（ 12 ）",2026-08-12,,Song of the Day; 週排行冠軍; 編輯推薦,True,True,
2026-09-13 01:10:09,realtime,rock,,,46,MisanHsu,Echoes in the mountains breath Ⅱ,5,12,0,https://streetvoice.com/misanshui/songs/878712/,https://streetvoice.com/misanshui/,"https://akstatic.streetvoice.com/song_covers/mi/sa/misanshui/6TBL8oWfAzmxLDVXN5za3j.jpeg?x-oss-process=image/resize,m_fill,h_400,w_400,limit_0",images/878712.jpeg,@misanshui,音樂人,桃園市,2007-04-01,,58,10,8,,,https://www.youtube.com/user/StreetVoiceTV,,,Rock,CHASING DREAMS,https://streetvoice.com/misanshui/songs/album/97325158/,,,"這是沒有提供歌詞的歌曲
留言（ 0 ） 最相關留言 所有留言
留言（ 0 ）",2026-09-09,,AI 協作 Rock ・ CHASING DREAMS,False,False,
2026-09-13 01:10:09,realtime,rock,,,47,雷克非 Christopher R,莫鐵齒 - 這擺穩死,11,324,8,https://streetvoice.com/ChristopherR/songs/878537/,https://streetvoice.com/ChristopherR/,"https://akstatic.streetvoice.com/song_covers/Ch/ri/ChristopherR/Zi2D95Gy8EQcmrYZQLSWKd.jpeg?x-oss-process=image/resize,m_fill,h_400,w_400,limit_0",images/878537.jpeg,@ChristopherR,音樂人,,,,53,56,172,,,https://www.youtube.com/user/StreetVoiceTV,,,Reggae / Funk,,,李敏哲,"李敏哲的《莫鐵齒》太好聽，非唱不可，稍微修改成我可以唱的版本。 面對這種身經百戰的經歷，每個人都有不同情緒，像是完全不同的故事。 
李敏哲的《莫鐵齒》太好聽，非唱不可，稍微修改成我可以唱的版本。
面對這種身經百戰的經歷，每個人都有不同情緒，像是完全不同的故事。","《莫鐵齒》— 克非版 這擺穩死 頭一擺看著伊　其實無啥物通講 遮爾吵　燈閣暗甲親像欲出代誌 伊坐甲足倚　我看伊妖嬌是按怎 伊嘛看我　目睭親像咧講：你最好給我閃邊 叫我閃邊？我偏偏倚過去 莫鐵齒　莫鐵齒 毋通閣騙家己 我干焦知影　彼幾冬 我是真正愛著一个人 伊嘛毋是啥物好物 我嘛無𠢕到佗位去 毋過彼幾冬　我真正 愛伊愛甲卡慘死 莫鐵齒　莫鐵齒 莫插潲伊 阮兩个冤過真濟擺 嘛閣鬥陣過真濟擺 有幾擺想講　這擺穩死 結果隔轉工　沒穿內衣睏佇遐 ……有夠煩 後來嘛是閣分開 毋是相欠債 只是到上尾後 兩个人心意無仝款 莫鐵齒　莫鐵齒 毋通閣騙家己 彼幾冬　我真正 愛伊愛甲卡慘死 後來嘛有人　做伙踅夜市 唚過我　共我攬牢牢 睏做伙　無騙你 只是心內真正愛的 到這馬 猶原是伊 莫鐵齒…… （笑） 免轉來矣 啉甲遮爾濟 才敢講 我上愛的 是伊 幹！ 啉落去！ 啉落去！ 《Tsit Pái Ún-sí》— Luî Khik-hui （Kám-siā Lí Bín-tiat huan-i̍k.） Thâu tsi̍t pái khuànn-tio̍h i　kî-si̍t bô siánn-mih thang kóng Tsiah-nī tshá　ting koh àm kah tshin-tshiūnn beh tshut tāi-tsì I tsē kah tsiok uá　guá khuànn i iau-kiau sī án-tsuánn I mā khuànn guá　ba̍k-tsiu tshin-tshiūnn leh kóng: lí tsuì-hó kā guá siám pinn Kiò guá siám pinn? Guá phian-phian uá--khì Mài thih-khí　mài thih-khí M̄-thang koh phiàn ka-kī Guá kan-na tsai-iánn　hit kuí tang Guá sī tsin-tsiànn ài-tio̍h tsi̍t ê lâng I mā m̄ sī siánn-mih hó-mi̍h Guá mā bô gâu kàu tó-uī--khì M̄-koh hit kuí tang　guá tsin-tsiànn Ài i ài kah khah tshám-sí Mài thih-khí　mài thih-khí Mài tshap-siâu--i Guán nn̄g ê uan kuè tsin tsē pái Mā koh tàu-tīn kuè tsin tsē pái Ū kuí pái siūnn kóng　tsit pái ún-sí Kiat-kó keh-tńg-kang　bô tshīng bu-lá-jià khùn tī hia ……Ū-kàu huân Āu-lâi mā sī koh hun-khui M̄-sī sio-khiàm-tsè Tsí-sī kàu siōng-bé-āu Nn̄g ê lâng sim-ì bô kāng-khuán Mài thih-khí　mài thih-khí M̄-thang koh phiàn ka-kī Hit kuí tang　guá tsin-tsiànn Ài i ài kah khah tshám-sí Āu-lâi mā ū lâng　tsò-hué se̍h iā-tshī Tsim kuè guá　kā guá lám-tiâu-tiâu Khùn tsò-hué　bô phiàn lí Tsí-sī sim-lāi tsin-tsiànn ài--ê Kàu tsit-má Iu-guân sī i Mài thih-khí…… （Tshiò） Bián tńg--lâi--ah Lim kah tsiah-nī tsē Tsiah kán kóng Guá siōng ài--ê Sī i Kàn! Lim lo̍h-khì! Lim lo̍h-khì! 
《莫鐵齒》— 克非版 這擺穩死
頭一擺看著伊　其實無啥物通講 遮爾吵　燈閣暗甲親像欲出代誌 伊坐甲足倚　我看伊妖嬌是按怎 伊嘛看我　目睭親像咧講：你最好給我閃邊 叫我閃邊？我偏偏倚過去
莫鐵齒　莫鐵齒 毋通閣騙家己 我干焦知影　彼幾冬 我是真正愛著一个人
伊嘛毋是啥物好物 我嘛無𠢕到佗位去 毋過彼幾冬　我真正 愛伊愛甲卡慘死
莫鐵齒　莫鐵齒 莫插潲伊
阮兩个冤過真濟擺 嘛閣鬥陣過真濟擺 有幾擺想講　這擺穩死 結果隔轉工　沒穿內衣睏佇遐
……有夠煩
後來嘛是閣分開 毋是相欠債 只是到上尾後 兩个人心意無仝款
莫鐵齒　莫鐵齒 毋通閣騙家己 彼幾冬　我真正 愛伊愛甲卡慘死
後來嘛有人　做伙踅夜市 唚過我　共我攬牢牢 睏做伙　無騙你
只是心內真正愛的 到這馬 猶原是伊
莫鐵齒……
（笑）
免轉來矣
啉甲遮爾濟 才敢講
我上愛的 是伊
幹！
啉落去！ 啉落去！
《Tsit Pái Ún-sí》— Luî Khik-hui （Kám-siā Lí Bín-tiat huan-i̍k.）
Thâu tsi̍t pái khuànn-tio̍h i　kî-si̍t bô siánn-mih thang kóng Tsiah-nī tshá　ting koh àm kah tshin-tshiūnn beh tshut tāi-tsì I tsē kah tsiok uá　guá khuànn i iau-kiau sī án-tsuánn I mā khuànn guá　ba̍k-tsiu tshin-tshiūnn leh kóng: lí tsuì-hó kā guá siám pinn Kiò guá siám pinn? Guá phian-phian uá--khì
Mài thih-khí　mài thih-khí M̄-thang koh phiàn ka-kī Guá kan-na tsai-iánn　hit kuí tang Guá sī tsin-tsiànn ài-tio̍h tsi̍t ê lâng
I mā m̄ sī siánn-mih hó-mi̍h Guá mā bô gâu kàu tó-uī--khì M̄-koh hit kuí tang　guá tsin-tsiànn Ài i ài kah khah tshám-sí
Mài thih-khí　mài thih-khí Mài tshap-siâu--i
Guán nn̄g ê uan kuè tsin tsē pái Mā koh tàu-tīn kuè tsin tsē pái Ū kuí pái siūnn kóng　tsit pái ún-sí Kiat-kó keh-tńg-kang　bô tshīng bu-lá-jià khùn tī hia
……Ū-kàu huân
Āu-lâi mā sī koh hun-khui M̄-sī sio-khiàm-tsè Tsí-sī kàu siōng-bé-āu Nn̄g ê lâng sim-ì bô kāng-khuán
Mài thih-khí　mài thih-khí M̄-thang koh phiàn ka-kī Hit kuí tang　guá tsin-tsiànn Ài i ài kah khah tshám-sí
Āu-lâi mā ū lâng　tsò-hué se̍h iā-tshī Tsim kuè guá　kā guá lám-tiâu-tiâu Khùn tsò-hué　bô phiàn lí
Tsí-sī sim-lāi tsin-tsiànn ài--ê Kàu tsit-má Iu-guân sī i
Mài thih-khí……
（Tshiò）
Bián tńg--lâi--ah
Lim kah tsiah-nī tsē Tsiah kán kóng
Guá siōng ài--ê Sī i
Kàn!
Lim lo̍h-khì! Lim lo̍h-khì!
留言（ 8 ） 最相關留言 所有留言
留言（ 8 ）",2026-09-08,,AI 協作 Reggae / Funk,False,False,
2026-09-13 01:10:09,realtime,rock,,,48,Takefuji Drums,Emanation,1,54,0,https://streetvoice.com/takefuji_drums/songs/878059/,https://streetvoice.com/takefuji_drums/,"https://akstatic.streetvoice.com/song_covers/ta/ke/takefuji_drums/BpGsGCDXbAnRmca56wmbBX.jpeg?x-oss-process=image/resize,m_fill,h_400,w_400,limit_0",images/878059.jpeg,@takefuji_drums,音樂人,東京都,2026-09-01,,1,,,,,https://www.youtube.com/user/StreetVoiceTV,,,Post rock,,,,"收錄於首張專輯《chronorhythm》（2025）。 數學搖滾／後搖滾的器樂曲。鼓不是伴奏，而是帶著整首曲走的那條線。 Instrumental math rock / post-rock from the debut album “chronorhythm” (2025). Takefuji Drums — drummer & composer, Tokyo. ▍完整專輯｜ takefujidrums.bandcamp.com ▍一鏡到底演奏影片｜ youtube.com/@takefuji_drums 
收錄於首張專輯《chronorhythm》（2025）。
數學搖滾／後搖滾的器樂曲。鼓不是伴奏，而是帶著整首曲走的那條線。
Instrumental math rock / post-rock from the debut album “chronorhythm” (2025). Takefuji Drums — drummer & composer, Tokyo.
▍完整專輯｜ takefujidrums.bandcamp.com ▍一鏡到底演奏影片｜ youtube.com/@takefuji_drums
takefujidrums.bandcamp.com
youtube.com/@takefuji_drums","這是沒有提供歌詞的歌曲
留言（ 0 ） 最相關留言 所有留言
留言（ 0 ）",2026-09-05,,編輯推薦,True,False,
2026-09-13 01:10:09,realtime,rock,,,49,紙鳶 Seizer,Lost and Found,17,4167,0,https://streetvoice.com/seizer_official/songs/876183/,https://streetvoice.com/seizer_official/,"https://akstatic.streetvoice.com/music_albums/se/iz/seizer_official/N2aTYNoA3NBNhQWwfjgotd.jpeg?x-oss-process=image/resize,m_fill,h_400,w_400,limit_0",images/876183.jpeg,@seizer_official,音樂人,台中市,2024-08-01,2024-09-10 20:11,18,2225,,,https://www.instagram.com/seizer.com.tw/,https://www.youtube.com/user/StreetVoiceTV,羊米人玩團十年夢想成真！「飛天摩托車」駛進THE WALL 麋先生喆安、紙鳶驚喜助陣|||https://blow.streetvoice.com/90155/?utm_source=streetvoice&utm_medium=profile-news-block; 紙鳶全新專輯《缺頁的名冊》正式發行 台北發片專場祭出「全嘉賓陣容」|||https://blow.streetvoice.com/90142/?utm_source=streetvoice&utm_medium=profile-news-block; 紙鳶首登泰國Monster Music Festival 回歸宣布新專輯《缺頁的名冊》即將發行|||https://blow.streetvoice.com/89229/?utm_source=streetvoice&utm_medium=profile-news-block,,Rock,缺頁的名冊,https://streetvoice.com/seizer_official/songs/album/97325949/,,"編曲 Arrangement｜楊博皓 Seal 電吉他 Electric Guitar｜楊博皓 Seal 鍵盤與合成器 Keyboards & Synth Design｜楊博皓 Seal 製作人 Producer｜楊博皓 Seal 錄音師 Recording Engineer｜楊博皓 Seal 混音師 Mixing Engineer｜張家誠 Chia Chen Chang 母帶後期製作 Mastering Engineer｜張家誠 Chia Chen Chang 
編曲 Arrangement｜楊博皓 Seal
電吉他 Electric Guitar｜楊博皓 Seal 鍵盤與合成器 Keyboards & Synth Design｜楊博皓 Seal
製作人 Producer｜楊博皓 Seal 錄音師 Recording Engineer｜楊博皓 Seal
混音師 Mixing Engineer｜張家誠 Chia Chen Chang 母帶後期製作 Mastering Engineer｜張家誠 Chia Chen Chang","這是沒有提供歌詞的歌曲
留言（ 0 ） 最相關留言 所有留言
留言（ 0 ）",2026-09-03,,,False,False,
2026-09-13 01:10:09,realtime,rock,,,50,海藍語跡,病,1,5,0,https://streetvoice.com/hailan_footprints/songs/878986/,https://streetvoice.com/hailan_footprints/,"https://akstatic.streetvoice.com/song_covers/ha/il/hailan_footprints/EM8ZMiiicPXxnSzi8pSVqz.jpeg?x-oss-process=image/resize,m_fill,h_400,w_400,limit_0",images/878986.jpeg,@hailan_footprints,音樂人,,,,2,,,,,https://www.youtube.com/user/StreetVoiceTV,,,Alternative,,,,"你想荒蕪地謝幕,我卻奢求你 善終 這份溫柔最終磨成了 彼此的 裂縫 這算愛?還是延續痛苦? 愛，是否成了,最殘忍的勒索？ 這首歌寫給餘生選擇、窒息無解的絕症，我們該如何面對註定的墜落？ 聽完這首歌，你想起了哪一個無能為力的瞬間？歡迎留下你的心情。 ———————————— 🎵【 歌曲製作 】 作詞 Lyricist ｜ 海 藍 語 跡 ———————————— 🎬【YouTube 官方影片連結】 https://youtu.be/ANjydeehdcU ———————————— #海藍語跡"" #台灣獨立音樂 #原創音樂 #自創曲 #病 #暗黑美學 #走心歌曲 #情緒勒索 #無力感 #絕症 #掙扎 #放手 #救贖 #文字創作 #Demo #現代詩 
你想荒蕪地謝幕,我卻奢求你 善終 這份溫柔最終磨成了 彼此的 裂縫 這算愛?還是延續痛苦? 愛，是否成了,最殘忍的勒索？ 這首歌寫給餘生選擇、窒息無解的絕症，我們該如何面對註定的墜落？ 聽完這首歌，你想起了哪一個無能為力的瞬間？歡迎留下你的心情。 ———————————— 🎵【 歌曲製作 】 作詞 Lyricist ｜ 海 藍 語 跡 ———————————— 🎬【YouTube 官方影片連結】 https://youtu.be/ANjydeehdcU ———————————— #海藍語跡"" #台灣獨立音樂 #原創音樂 #自創曲 #病 #暗黑美學 #走心歌曲 #情緒勒索 #無力感 #絕症 #掙扎 #放手 #救贖 #文字創作 #Demo #現代詩
https://youtu.be/ANjydeehdcU","你推開窗讓冷風 吹亂剩餘的意志 我端著你的餘生 站在門口像個瘋子 誰說只要努力 就能換來 一次奇蹟 當你閉上雙眼 所有的道理 都粉碎成廢墟 藥片在桌角 像一顆顆磨過的 刺果 你拒絕 吞下 那些延續痛苦的 因果 我的愛越深刻對你 越是一種 勒索 我們在這鵲橋 彼方 誰也走不到 盡頭 當你拒絕 救贖 我的愛就額外沉重 像是一場走不到終點的 癲狂 失重 你想荒蕪地謝幕 我卻奢求你 善終 這份溫柔最終磨成了 彼此的 裂縫 如果你決定墜落 我該 伸手 還是 縱容 你讓我服下磨過的刺 最終噎在我的 喉嚨 讓你自由 或是讓你 承受 桌角的倒影 依然銳利 你的呼吸 漸漸遠離 你的愛 是讓我背負的絕症。 
你推開窗讓冷風 吹亂剩餘的意志 我端著你的餘生 站在門口像個瘋子 誰說只要努力 就能換來 一次奇蹟 當你閉上雙眼 所有的道理 都粉碎成廢墟
藥片在桌角 像一顆顆磨過的 刺果 你拒絕 吞下 那些延續痛苦的 因果 我的愛越深刻對你 越是一種 勒索 我們在這鵲橋 彼方 誰也走不到 盡頭 當你拒絕 救贖 我的愛就額外沉重 像是一場走不到終點的 癲狂 失重 你想荒蕪地謝幕 我卻奢求你 善終 這份溫柔最終磨成了 彼此的 裂縫
如果你決定墜落 我該 伸手 還是 縱容 你讓我服下磨過的刺 最終噎在我的 喉嚨 讓你自由 或是讓你 承受
桌角的倒影 依然銳利 你的呼吸 漸漸遠離 你的愛 是讓我背負的絕症。
留言（ 0 ） 最相關留言 所有留言
留言（ 0 ）",2026-09-11,,AI 協作 Alternative,False,False,
