snapshot_time,chart_timeframe,chart_genre,chart_year,chart_week,rank,artist_name,song_title,likes_count,play_count,comments_count,song_url,artist_url,cover_image_url,cover_image_local_path,artist_handle,artist_identity,artist_city,artist_joined_date,artist_accredited_datetime,artist_music_count,artist_fans_count,artist_following_count,artist_facebook_url,artist_instagram_url,artist_youtube_url,related_news,big_thing_appearances,genre,album_title,album_url,collaborators,description,lyrics,release_date,song_accredited_datetime,honors,is_editor_recommended,is_song_of_the_day,critic_review_url
2026-09-02 17:56:52,realtime,ai_generated,,,1,AlexHu,隨遇而安的瀟灑（Go-with-the-flow）,23,195,24,https://streetvoice.com/s3224hustreetvoice/songs/877435/,https://streetvoice.com/s3224hustreetvoice/,"https://akstatic.streetvoice.com/song_covers/s3/22/s3224hustreetvoice/8Qp4KRj4fu6dr5b49kteEw.jpg?x-oss-process=image/resize,m_fixed,h_1,w_1,limit_0/resize,m_fixed,h_630,w_1200,limit_0/watermark,image_c29uZ19jb3ZlcnMvczMvMjIvczMyMjRodXN0cmVldHZvaWNlLzhRcDRLUmo0ZnU2ZHI1YjQ5a3RlRXcuanBnP3gtb3NzLXByb2Nlc3M9aW1hZ2UvcmVzaXplLG1fZml4ZWQsaF8zNDQsd18zNDQsbGltaXRfMA,g_nw,x_428,y_143/watermark,image_YXNzZXQvaW1hZ2VzL21ldGFpbWFnZS1zb25nLnBuZw,g_nw,x_0,y_0",images/877435.jpg,@s3224hustreetvoice,音樂人,澎湖縣,2026-02-01,,34,54,165,,,https://www.youtube.com/user/StreetVoiceTV,,,Experimental,,,,"隨遇而安不是消極妥協，而是一種強大的內在韌性。它的最大優點在於減少無謂的精神內耗——當我們不再執著於事事如意，就能把焦慮轉化為從容，坦然接納生活的未知。此外，它賦予人極高的適應力與洞察力，即使身處逆境，也能迅速調整心態，在不同環境中發掘美好。學會隨遇而安，心境自然開闊，無論風雨順逆，皆能活得自在從容。 https://youtu.be/okoRin3zOdQ?si=p3VrJgSUzEMUMBvT 
隨遇而安不是消極妥協，而是一種強大的內在韌性。它的最大優點在於減少無謂的精神內耗——當我們不再執著於事事如意，就能把焦慮轉化為從容，坦然接納生活的未知。此外，它賦予人極高的適應力與洞察力，即使身處逆境，也能迅速調整心態，在不同環境中發掘美好。學會隨遇而安，心境自然開闊，無論風雨順逆，皆能活得自在從容。
https://youtu.be/okoRin3zOdQ?si=p3VrJgSUzEMUMBvT
https://youtu.be/okoRin3zOdQ?si=p3VrJgSUzEMUMBvT","有誰都過客熙嚷喧鬧的街巷 不問遠方　何處才是歸宿的方向 抖落肩上的塵土　笑看人間的無常 錯過的風景　就當作歲月的饋贈收藏 ​雲捲雲舒　任憑風吹向未知港灣 一杯清茶　也能品出晚霞的燦爛 聚散隨緣　不執著昨日的遺憾 每一步足跡　都是最自在的浪漫 風の吹くままに　歩き続けよう （隨風漂泊，繼續走下去吧） 地図のない旅も　悪くはないさ （没有地图的旅行，也挺不错的） ​昨日の涙は　川に流して （將昨天的淚水，流向河流吧） 明日の不安は　星に預けよう （將明天的不安，寄託給繁星吧） ​何処へ行こうと　心はいつも自由だから （無論去哪裡，心永遠是自由的） ただ今この瞬間を　笑顔で抱きしめて （微笑著擁抱此時此刻） ​雨上がりの道に　咲く名もなき花のように （宛如雨後盛開的無名花朵） ただ静かに　自分の色で輝けばいい （只要靜靜地綻放自己的光彩） かわかかのちあうに （在河流與大地交滙之處） 皆是生命溫柔的篇章 聽潮起潮落　彈奏心中豁達的樂章 不必追趕時光　讓靈魂在天地間流淌 哪怕風雨兼程　眼裡依舊映著清澈的晴朗 ただ今この瞬間を　笑顔で抱きしめて （微笑著擁抱此時此刻） ​雨上がりの道に　咲く名もなき花のように （宛如雨後盛開的無名花朵） ただ静かに　自分の色で 輝けばいい （只要靜靜地綻放自己的光彩） 隨遇而安　不慌不忙 管它世事跌宕　自有萬丈光芒 這份瀟灑　就是我最真實的模樣 ​何処へ行こうと　心はいつも自由だから （無論去哪裡，心永遠是自由的） ただ今この瞬間を笑顔で抱きしめて （微笑著擁抱此時此刻） 雑魚めがふっとおにぐるワンド （雜魚瞬間變成鬼之杖） もし君も来るしかない （你也來了那就一起衝） 鷹くるガって流れるし （鷹飛來又隨風逝去） ドンホンて金もどな時より （比任何時刻都更閃耀） 片付くドキ身にたけねえ （讓這份悸動徹底燃燒) 心は朝の風は今日に戻り (心隨晨風回到今天） そんなもん （就是這樣） 現状と身が離れている （現實與我早已脫節） そなって恋だけど好奇 （就算如此愛也是好奇） 
有誰都過客熙嚷喧鬧的街巷 不問遠方　何處才是歸宿的方向 抖落肩上的塵土　笑看人間的無常 錯過的風景　就當作歲月的饋贈收藏 ​雲捲雲舒　任憑風吹向未知港灣 一杯清茶　也能品出晚霞的燦爛 聚散隨緣　不執著昨日的遺憾 每一步足跡　都是最自在的浪漫
風の吹くままに　歩き続けよう （隨風漂泊，繼續走下去吧）
地図のない旅も　悪くはないさ （没有地图的旅行，也挺不错的）
​昨日の涙は　川に流して （將昨天的淚水，流向河流吧）
明日の不安は　星に預けよう （將明天的不安，寄託給繁星吧）
​何処へ行こうと　心はいつも自由だから （無論去哪裡，心永遠是自由的）
ただ今この瞬間を　笑顔で抱きしめて （微笑著擁抱此時此刻）
​雨上がりの道に　咲く名もなき花のように （宛如雨後盛開的無名花朵）
ただ静かに　自分の色で輝けばいい （只要靜靜地綻放自己的光彩）
かわかかのちあうに （在河流與大地交滙之處）
皆是生命溫柔的篇章 聽潮起潮落　彈奏心中豁達的樂章 不必追趕時光　讓靈魂在天地間流淌 哪怕風雨兼程　眼裡依舊映著清澈的晴朗
ただ今この瞬間を　笑顔で抱きしめて （微笑著擁抱此時此刻）
​雨上がりの道に　咲く名もなき花のように （宛如雨後盛開的無名花朵）
ただ静かに　自分の色で 輝けばいい （只要靜靜地綻放自己的光彩）
隨遇而安　不慌不忙 管它世事跌宕　自有萬丈光芒 這份瀟灑　就是我最真實的模樣
​何処へ行こうと　心はいつも自由だから （無論去哪裡，心永遠是自由的）
ただ今この瞬間を笑顔で抱きしめて （微笑著擁抱此時此刻）
雑魚めがふっとおにぐるワンド （雜魚瞬間變成鬼之杖）
もし君も来るしかない （你也來了那就一起衝）
鷹くるガって流れるし （鷹飛來又隨風逝去）
ドンホンて金もどな時より （比任何時刻都更閃耀）
片付くドキ身にたけねえ （讓這份悸動徹底燃燒)
心は朝の風は今日に戻り (心隨晨風回到今天）
そんなもん （就是這樣）
現状と身が離れている （現實與我早已脫節）
そなって恋だけど好奇 （就算如此愛也是好奇）
留言（ 24 ） 最相關留言 所有留言
留言（ 24 ）",2026-09-01,,AI 生成 Experimental,False,False,
2026-09-02 17:56:52,realtime,ai_generated,,,2,Junna Lin,《唔再等你》|  I won&#x27;t wait for you anymore,10,53,25,https://streetvoice.com/Junna_Lin/songs/876559/,https://streetvoice.com/Junna_Lin/,"https://akstatic.streetvoice.com/song_covers/Ju/nn/Junna_Lin/hmbHTixWabktP6FWCWcUJY.jpeg?x-oss-process=image/resize,m_fixed,h_1,w_1,limit_0/resize,m_fixed,h_630,w_1200,limit_0/watermark,image_c29uZ19jb3ZlcnMvSnUvbm4vSnVubmFfTGluL2htYkhUaXhXYWJrdFA2RldDV2NVSlkuanBlZz94LW9zcy1wcm9jZXNzPWltYWdlL3Jlc2l6ZSxtX2ZpeGVkLGhfMzQ0LHdfMzQ0LGxpbWl0XzA,g_nw,x_428,y_143/watermark,image_YXNzZXQvaW1hZ2VzL21ldGFpbWFnZS1zb25nLnBuZw,g_nw,x_0,y_0",images/876559.jpeg,@Junna_Lin,音樂人,,,2026-08-18 10:03,118,72,121,,,https://www.youtube.com/@JunnaLinMusic,,,R&B / Soul,粵聽粵愛 Canto Love Music,https://streetvoice.com/Junna_Lin/songs/album/97325884/,,"《唔再等你》寫的是一段感情走到盡頭後，終於學會把自己放回第一位的故事。 曾經願意等、願意相信，也曾因為對方的一句話反覆期待。但當等待變成習慣，當承諾一次次落空，才慢慢明白，有些人不是等得夠久就會回頭，有些感情也不是付出得更多就能留下。 這一次，不再追問，不再猜測，也不再為一個不確定的人消耗自己。 《唔再等你》不是怨恨，而是一種清醒。放下一段不適合的關係，不代表曾經的真心沒有意義，而是終於懂得，真正值得珍惜的人，也包括自己。 有些離開，是結束。 有些離開，卻是重新開始。 👍 留下你的感覺或故事，我會看！ 👍 喜歡請按讚分享支持 【社群連結】 🎧 聽我的音樂： Spotify ▶ https://open.spotify.com/artist/1OFRgx5K1gftd7jvLV1EsS YouTube Music ▶ https://music.youtube.com/channel/UCnpKLh9e73Mb7N2NPDnMzrQ ▶️ 訂閱我的頻道： YouTube ▶ https://www.youtube.com/@JunnaLinMusic YouTube ▶ https://www.youtube.com/@JunnanLinMusic 📌 版權聲明 / Copyright Notice 本作品之歌詞、歌曲概念、旋律方向與影像設計由 Junna Lin 原創製作。 音樂成品使用 AI 音樂工具生成，並由本人整理與發布。 Lyrics, concept, melody direction, and visual design are originally created by Junna Lin. The final music was generated using AI music tools and published by Junna Lin. 請勿未經授權使用、重製或重新上傳。 Unauthorized use, reproduction, or re-upload is prohibited. © Junna Lin. All Rights Reserved. 🎤 演唱:AI ✍️ 詞:Junna Lin 🎼 曲:Junna Lin 🎧 建議在深夜或戴上耳機聆聽，感受每一層情緒 
《唔再等你》寫的是一段感情走到盡頭後，終於學會把自己放回第一位的故事。
曾經願意等、願意相信，也曾因為對方的一句話反覆期待。但當等待變成習慣，當承諾一次次落空，才慢慢明白，有些人不是等得夠久就會回頭，有些感情也不是付出得更多就能留下。
這一次，不再追問，不再猜測，也不再為一個不確定的人消耗自己。
《唔再等你》不是怨恨，而是一種清醒。放下一段不適合的關係，不代表曾經的真心沒有意義，而是終於懂得，真正值得珍惜的人，也包括自己。
有些離開，是結束。 有些離開，卻是重新開始。
👍 留下你的感覺或故事，我會看！ 👍 喜歡請按讚分享支持
【社群連結】 🎧 聽我的音樂： Spotify ▶ https://open.spotify.com/artist/1OFRgx5K1gftd7jvLV1EsS YouTube Music ▶ https://music.youtube.com/channel/UCnpKLh9e73Mb7N2NPDnMzrQ
https://open.spotify.com/artist/1OFRgx5K1gftd7jvLV1EsS
https://music.youtube.com/channel/UCnpKLh9e73Mb7N2NPDnMzrQ
▶️ 訂閱我的頻道： YouTube ▶ https://www.youtube.com/@JunnaLinMusic YouTube ▶ https://www.youtube.com/@JunnanLinMusic
https://www.youtube.com/@JunnaLinMusic
https://www.youtube.com/@JunnanLinMusic
📌 版權聲明 / Copyright Notice
本作品之歌詞、歌曲概念、旋律方向與影像設計由 Junna Lin 原創製作。 音樂成品使用 AI 音樂工具生成，並由本人整理與發布。
Lyrics, concept, melody direction, and visual design are originally created by Junna Lin. The final music was generated using AI music tools and published by Junna Lin.
請勿未經授權使用、重製或重新上傳。 Unauthorized use, reproduction, or re-upload is prohibited.
© Junna Lin. All Rights Reserved.
🎤 演唱:AI ✍️ 詞:Junna Lin 🎼 曲:Junna Lin
🎧 建議在深夜或戴上耳機聆聽，感受每一層情緒","動態歌詞
夜太靜 房間太冷 手機個畫面 一直冇反應 我知你忙 呢句聽得太多 今次我唔想再問清楚 凌晨兩點 我仲未瞓 睇住你最後上線嘅時間 以前我會諗 係咪我唔夠好 而家先知 有啲人根本留唔到 你話愛我 但永遠冇行動 一句掛住 換唔到一個擁抱 我將真心擺晒喺你面前 你就當我永遠都企喺原點 慢慢開始學識收返自己 唔再因為你一句話就歡喜 你突然出現 又突然消失 我唔想再配合你嘅遊戲 以前我怕失去 所以一次又一次退 而家先明白 愛一個人唔應該咁攰 我唔再等你 唔再等你一句對唔住 唔再為你 失眠到清晨 仲幻想你會突然珍惜 我唔再等你 唔再將自己排到最後尾 如果你連愛都要我教你 咁我寧願一個人離開你 其實我一早知你冇咁認真 只係嗰陣時我唔肯承認 你口中嘅永遠得三分鐘熱度 講到幾動聽 最後一樣冇做到 我曾經為你改晒我嘅生活 推咗朋友 取消自己嘅計劃 你一句「遲啲先」我就繼續等 等到最後先發現我先係最蠢 但唔緊要 至少今次我終於睇得清 愛情唔係靠一個人死頂 你想自由 我畀返你自由 但由今日開始 唔好再回頭 我有我嘅節奏 有我自己嘅宇宙 唔需要靠邊個先證明我足夠 你可以走 我唔會再追 曾經為你流嘅眼淚 今晚全部收尾 我唔再等你 唔再等你一句對唔住 唔再為你 失眠到清晨 仲幻想你會突然珍惜 我唔再等你 唔再將自己排到最後尾 如果你連愛都要我教你 咁我寧願一個人離開你 如果有一日你先至掛住我 唔使再講當初其實你都愛過 有啲錯過 就係錯過 我已經唔再係嗰個我 風吹過窗邊 夜慢慢散 原來冇咗你 我一樣可以習慣 而家我出街照樣化好個妝 唔再望住電話等你講晚安 以前我世界圍住你轉 而家我要自己做返個主角先 你話我變咗 係呀 我變得清醒 唔再將冷淡誤會做深情 我值得一個真心對我嘅人 而唔係每日猜測你有幾認真 所以最後一次 我唔嬲 亦都唔恨 只係由呢一刻 我哋再冇身份 我唔再等你 唔再等你一句對唔住 曾經愛你 我冇後悔 但我唔會再委屈自己 我唔再等你 今次真係行到最後尾 如果愛要失去自己先可以 咁呢種愛—— 我寧願唔要你 唔再等你 唔再等你 由今以後 我只等自己 
夜太靜 房間太冷 手機個畫面 一直冇反應 我知你忙 呢句聽得太多 今次我唔想再問清楚 凌晨兩點 我仲未瞓 睇住你最後上線嘅時間 以前我會諗 係咪我唔夠好 而家先知 有啲人根本留唔到 你話愛我 但永遠冇行動 一句掛住 換唔到一個擁抱 我將真心擺晒喺你面前 你就當我永遠都企喺原點 慢慢開始學識收返自己 唔再因為你一句話就歡喜 你突然出現 又突然消失 我唔想再配合你嘅遊戲 以前我怕失去 所以一次又一次退 而家先明白 愛一個人唔應該咁攰 我唔再等你 唔再等你一句對唔住 唔再為你 失眠到清晨 仲幻想你會突然珍惜 我唔再等你 唔再將自己排到最後尾 如果你連愛都要我教你 咁我寧願一個人離開你 其實我一早知你冇咁認真 只係嗰陣時我唔肯承認 你口中嘅永遠得三分鐘熱度 講到幾動聽 最後一樣冇做到 我曾經為你改晒我嘅生活 推咗朋友 取消自己嘅計劃 你一句「遲啲先」我就繼續等 等到最後先發現我先係最蠢 但唔緊要 至少今次我終於睇得清 愛情唔係靠一個人死頂 你想自由 我畀返你自由 但由今日開始 唔好再回頭 我有我嘅節奏 有我自己嘅宇宙 唔需要靠邊個先證明我足夠 你可以走 我唔會再追 曾經為你流嘅眼淚 今晚全部收尾 我唔再等你 唔再等你一句對唔住 唔再為你 失眠到清晨 仲幻想你會突然珍惜 我唔再等你 唔再將自己排到最後尾 如果你連愛都要我教你 咁我寧願一個人離開你 如果有一日你先至掛住我 唔使再講當初其實你都愛過 有啲錯過 就係錯過 我已經唔再係嗰個我 風吹過窗邊 夜慢慢散 原來冇咗你 我一樣可以習慣 而家我出街照樣化好個妝 唔再望住電話等你講晚安 以前我世界圍住你轉 而家我要自己做返個主角先 你話我變咗 係呀 我變得清醒 唔再將冷淡誤會做深情 我值得一個真心對我嘅人 而唔係每日猜測你有幾認真 所以最後一次 我唔嬲 亦都唔恨 只係由呢一刻 我哋再冇身份 我唔再等你 唔再等你一句對唔住 曾經愛你 我冇後悔 但我唔會再委屈自己 我唔再等你 今次真係行到最後尾 如果愛要失去自己先可以 咁呢種愛—— 我寧願唔要你 唔再等你 唔再等你 由今以後 我只等自己
留言（ 25 ） 最相關留言 所有留言
留言（ 25 ）",2026-09-02,,AI 生成 R&B / Soul ・ 粵聽粵愛 Canto Love Music,False,False,
2026-09-02 17:56:52,realtime,ai_generated,,,3,MoonX و…•و–¯,夜市美食《章魚燒》|  Takoyaki,13,20,13,https://streetvoice.com/MoonX_0325/songs/877434/,https://streetvoice.com/MoonX_0325/,"https://akstatic.streetvoice.com/song_covers/Mo/on/MoonX_0325/2EbWyDifC9BwozzcAm4tUX.jpeg?x-oss-process=image/resize,m_fixed,h_1,w_1,limit_0/resize,m_fixed,h_630,w_1200,limit_0/watermark,image_c29uZ19jb3ZlcnMvTW8vb24vTW9vblhfMDMyNS8yRWJXeURpZkM5QndvenpjQW00dFVYLmpwZWc_eC1vc3MtcHJvY2Vzcz1pbWFnZS9yZXNpemUsbV9maXhlZCxoXzM0NCx3XzM0NCxsaW1pdF8w,g_nw,x_428,y_143/watermark,image_YXNzZXQvaW1hZ2VzL21ldGFpbWFnZS1zb25nLnBuZw,g_nw,x_0,y_0",images/877434.jpeg,,,,,,24,35,167,,,https://www.youtube.com/user/StreetVoiceTV,,,Hip hop / Rap,《夜市美食》 Rap / 電音 / 洗腦神曲,https://streetvoice.com/MoonX_0325/songs/album/97325875/,,"夜市燈火亮起，鐵板上的章魚燒也開始滾動！ 《章魚燒》是一首融合電子節拍與流行饒舌的趣味美食歌曲，從倒入麵糊、放進章魚丁，到淋上特製醬汁、撒上海苔與柴魚片，把章魚燒誕生的過程化成輕快又洗腦的節奏。 外皮金黃酥脆，內餡柔軟滾燙，一顆顆圓滾滾的章魚燒，不只裝進紙盒，也串起夜市裡簡單而溫暖的快樂。 老闆，再給我一盒！ 章魚燒的美味，永遠吃不膩。 #電子嘻哈 #流行饒舌 #美食歌曲 #夜市 #可愛系 #章魚燒 
夜市燈火亮起，鐵板上的章魚燒也開始滾動！
《章魚燒》是一首融合電子節拍與流行饒舌的趣味美食歌曲，從倒入麵糊、放進章魚丁，到淋上特製醬汁、撒上海苔與柴魚片，把章魚燒誕生的過程化成輕快又洗腦的節奏。
外皮金黃酥脆，內餡柔軟滾燙，一顆顆圓滾滾的章魚燒，不只裝進紙盒，也串起夜市裡簡單而溫暖的快樂。
老闆，再給我一盒！ 章魚燒的美味，永遠吃不膩。
#電子嘻哈 #流行饒舌 #美食歌曲 #夜市 #可愛系 #章魚燒","動態歌詞
再給我一盒 章魚燒的美味 永遠吃不膩～ 夜市的燈火漸漸亮起來 空氣裡飄著濃濃的麵糊香 小小的鐵板模具圓滾滾 老闆的手藝像是在跳舞一樣 大顆章魚丁 毫不客氣塞進去 翻轉又翻轉 變成完美的小星球 金黃酥脆的外皮 鎖住滿滿的美味 熱氣騰騰 讓人忍不住流口水 圓滾滾的章魚燒 滾啊滾上盤 特製照燒醬 淋上一道美味弧線 柴魚片在熱氣裡 快樂地跳著舞 美乃滋點綴 一口塞進嘴裡超滿足 第一口要小心 太燙會燙到舌頭 外酥內軟的口感 簡直太犯規了啦 芥末帶點微辣 碰撞出奇妙的火花 一口接一口 快樂其實就這麼簡單 圓滾滾的章魚燒 滾啊滾上盤 特製照燒醬 淋上一道美味弧線 柴魚片在熱氣裡 快樂地跳著舞 美乃滋點綴 一口塞進嘴裡超滿足 竹籤輕輕一串 串起今晚的好心情 分享給身邊的你 讓美味加倍溫馨…… 圓滾滾的章魚燒 滾啊滾上盤 特製照燒醬 淋上一道美味弧線 柴魚片在熱氣裡 快樂地跳著舞 美乃滋點綴 一口塞進嘴裡超滿足 老闆～再給我一盒 章魚燒的美味 永遠吃不膩～ 
再給我一盒 章魚燒的美味 永遠吃不膩～ 夜市的燈火漸漸亮起來 空氣裡飄著濃濃的麵糊香 小小的鐵板模具圓滾滾 老闆的手藝像是在跳舞一樣 大顆章魚丁 毫不客氣塞進去 翻轉又翻轉 變成完美的小星球 金黃酥脆的外皮 鎖住滿滿的美味 熱氣騰騰 讓人忍不住流口水 圓滾滾的章魚燒 滾啊滾上盤 特製照燒醬 淋上一道美味弧線 柴魚片在熱氣裡 快樂地跳著舞 美乃滋點綴 一口塞進嘴裡超滿足 第一口要小心 太燙會燙到舌頭 外酥內軟的口感 簡直太犯規了啦 芥末帶點微辣 碰撞出奇妙的火花 一口接一口 快樂其實就這麼簡單 圓滾滾的章魚燒 滾啊滾上盤 特製照燒醬 淋上一道美味弧線 柴魚片在熱氣裡 快樂地跳著舞 美乃滋點綴 一口塞進嘴裡超滿足 竹籤輕輕一串 串起今晚的好心情 分享給身邊的你 讓美味加倍溫馨…… 圓滾滾的章魚燒 滾啊滾上盤 特製照燒醬 淋上一道美味弧線 柴魚片在熱氣裡 快樂地跳著舞 美乃滋點綴 一口塞進嘴裡超滿足 老闆～再給我一盒 章魚燒的美味 永遠吃不膩～
留言（ 13 ） 最相關留言 所有留言
留言（ 13 ）",2026-09-01,,AI 生成 Hip hop / Rap ・ 《夜市美食》 Rap / 電音 / 洗腦神曲,False,False,
2026-09-02 17:56:52,realtime,ai_generated,,,4,cmc168,《如果雨會說話》|  這一次不用回答,10,52,9,https://streetvoice.com/cmc168/songs/877436/,https://streetvoice.com/cmc168/,"https://akstatic.streetvoice.com/song_covers/cm/c1/cmc168/HeaBeWfMdAFq75XVwEX5fV.jpeg?x-oss-process=image/resize,m_fixed,h_1,w_1,limit_0/resize,m_fixed,h_630,w_1200,limit_0/watermark,image_c29uZ19jb3ZlcnMvY20vYzEvY21jMTY4L0hlYUJlV2ZNZEFGcTc1WFZ3RVg1ZlYuanBlZz94LW9zcy1wcm9jZXNzPWltYWdlL3Jlc2l6ZSxtX2ZpeGVkLGhfMzQ0LHdfMzQ0LGxpbWl0XzA,g_nw,x_428,y_143/watermark,image_YXNzZXQvaW1hZ2VzL21ldGFpbWFnZS1zb25nLnBuZw,g_nw,x_0,y_0",images/877436.jpeg,@cmc168,音樂人,新北市,2026-04-01,,147,60,123,,,https://www.youtube.com/user/StreetVoiceTV,,,Pop,,,,,"[Verse 1] 晚風把細雨吹向遠方 我撐著舊傘走過雨巷 街燈把影子拉得好長 像那天你離開的模樣 [Verse 2] 櫥窗裡倒映著過往 紅燈停住我的目光 那家店還亮到很晚 只是少了你的晚安 [Chorus] 如果雨會說話 會不會替我回答 那一年沒說完的話 你是不是也放不下 如果雨會說話 請別再問你在哪 等最後一滴雨落下 我會把傘慢慢收下 [instrumental] [Verse 3] 公車慢慢消失在遠方 雨水倒映著城市的光 我忍住沒有回頭張望 也把那串號碼留在過往 [Chorus] 如果雨會說話 這一次不用回答 有些人走過一段路 已經是最好的抵達 如果雨會說話 請陪我走完這場雨吧 等街燈一盞盞亮起 我會自己慢慢回家 [Outro] 雨停以後街道微亮 晨風吹散昨夜的慌張 我把舊傘輕放在一旁 也把昨天留在街上 
[Verse 1] 晚風把細雨吹向遠方 我撐著舊傘走過雨巷 街燈把影子拉得好長 像那天你離開的模樣
[Verse 2] 櫥窗裡倒映著過往 紅燈停住我的目光 那家店還亮到很晚 只是少了你的晚安
[Chorus] 如果雨會說話 會不會替我回答 那一年沒說完的話 你是不是也放不下
如果雨會說話 請別再問你在哪 等最後一滴雨落下 我會把傘慢慢收下
[instrumental]
[Verse 3] 公車慢慢消失在遠方 雨水倒映著城市的光 我忍住沒有回頭張望 也把那串號碼留在過往
[Chorus] 如果雨會說話 這一次不用回答 有些人走過一段路 已經是最好的抵達
如果雨會說話 請陪我走完這場雨吧 等街燈一盞盞亮起 我會自己慢慢回家
[Outro]
雨停以後街道微亮 晨風吹散昨夜的慌張 我把舊傘輕放在一旁 也把昨天留在街上
留言（ 9 ） 最相關留言 所有留言
留言（ 9 ）",2026-09-01,,AI 生成 Pop,False,False,
2026-09-02 17:56:52,realtime,ai_generated,,,5,Poe3030,泡在山的時間裡,12,14,11,https://streetvoice.com/poe3030/songs/875213/,https://streetvoice.com/poe3030/,"https://akstatic.streetvoice.com/song_covers/po/e3/poe3030/26M6YF3j6Qt6SqBbBUATzo.jpeg?x-oss-process=image/resize,m_fixed,h_1,w_1,limit_0/resize,m_fixed,h_630,w_1200,limit_0/watermark,image_c29uZ19jb3ZlcnMvcG8vZTMvcG9lMzAzMC8yNk02WUYzajZRdDZTcUJiQlVBVHpvLmpwZWc_eC1vc3MtcHJvY2Vzcz1pbWFnZS9yZXNpemUsbV9maXhlZCxoXzM0NCx3XzM0NCxsaW1pdF8w,g_nw,x_428,y_143/watermark,image_YXNzZXQvaW1hZ2VzL21ldGFpbWFnZS1zb25nLnBuZw,g_nw,x_0,y_0",images/875213.jpeg,@poe3030,音樂人,台北市,2008-11-01,2026-06-30 10:03,108,92,126,https://www.facebook.com/poe3030/,,https://www.youtube.com/@poe3030,,,R&B / Soul,,,,"這是一首有點成人的歌，兩個人為了暫時逃避現實，一起去泡溫泉，在南投廬山過了悠閒自在的兩天，咨意妄為的過著沒有明天的戀情 MV: https://youtu.be/RlpEfper5Kg 
這是一首有點成人的歌，兩個人為了暫時逃避現實，一起去泡溫泉，在南投廬山過了悠閒自在的兩天，咨意妄為的過著沒有明天的戀情 MV: https://youtu.be/RlpEfper5Kg
https://youtu.be/RlpEfper5Kg","Verse 1 我們開著車離開城市 把霓虹留在後視鏡裡 山路一彎又一彎延續 像把喧鬧慢慢甩出去 窗外雲霧貼著山脊 你說今天不用急著回去 我笑著說那走遠點 到誰都找不到我們的地方去 Pre-Chorus 手機安靜躺在桌面 訊息也不必急著回 沒有激情也沒有眼淚 第一次覺得沉默也很美 Chorus 把城市留在山的那邊 讓熱氣慢慢遮住疲倦 我們什麼都不用表演 在白色蒸氣升起以前 你還戴著熟悉的那張臉 等水溫慢慢漫過肩 我們都只想被彼此看見 今晚就泡在山的時間裡 泡掉那些不敢說的秘密 泡掉你笑著說沒關係 泡掉我假裝早已忘記 如果愛需要一點勇氣 那就先把面具放岸邊去 不承諾明天會怎樣繼續 至少此刻我看見真正的你 Verse 2 你的頭髮沾了一點水氣 眼神卻比城市裡更清晰 沒有濃妝沒有距離 也沒有誰需要證明自己 你說只是習慣什麼都自己扛起 我說我們都假裝沒事而已 山風吹過屋簷的鈴 溫泉在夜裡輕輕呼吸 那些說不出口的事情 好像都被蒸氣帶去遠行 Chorus 把城市留在山的那邊 讓熱氣慢慢遮住疲倦 我們什麼都不用表演 在白色蒸氣升起以前 你還戴著熟悉的那張臉 等水溫慢慢漫過肩 我們都只是想被彼此看見 今晚就泡在山的時間裡 泡掉那些不敢說的秘密 泡掉你笑著說沒關係 泡掉我假裝早已忘記 如果愛需要一點勇氣 那就先把面具放在岸邊去 不承諾明天會怎樣繼續 至少此刻我看見真正的你 Bridge 也許明天醒來以後 我們還是要回到城市裡 重新學著和世界客氣 但至少這一夜 你沒有躲著我 我也沒有躲著你 山沒有問我們哪裡去 泉也沒有問我們的記憶 它只是讓兩個疲倦 安靜地在同一段時間裡 Final Chorus 把城市留在山的那邊 讓熱氣慢慢遮住疲倦 如果人生總有太多明天 今晚就別急著走遠 在白色蒸氣消散以前 讓我再看你一眼 不用承諾永遠 不用回答愛會不會改變 今晚就泡在山的時間裡 泡掉我們身上的秘密 泡掉那些逞強的自己 泡到只剩下我和你 那多年以後再想起 我們曾經 把城市留在山的那邊 泡在山的時間裡談天 
Verse 1 我們開著車離開城市 把霓虹留在後視鏡裡 山路一彎又一彎延續 像把喧鬧慢慢甩出去 窗外雲霧貼著山脊 你說今天不用急著回去 我笑著說那走遠點 到誰都找不到我們的地方去 Pre-Chorus 手機安靜躺在桌面 訊息也不必急著回 沒有激情也沒有眼淚 第一次覺得沉默也很美 Chorus 把城市留在山的那邊 讓熱氣慢慢遮住疲倦 我們什麼都不用表演 在白色蒸氣升起以前 你還戴著熟悉的那張臉 等水溫慢慢漫過肩 我們都只想被彼此看見 今晚就泡在山的時間裡 泡掉那些不敢說的秘密 泡掉你笑著說沒關係 泡掉我假裝早已忘記 如果愛需要一點勇氣 那就先把面具放岸邊去 不承諾明天會怎樣繼續 至少此刻我看見真正的你 Verse 2 你的頭髮沾了一點水氣 眼神卻比城市裡更清晰 沒有濃妝沒有距離 也沒有誰需要證明自己 你說只是習慣什麼都自己扛起 我說我們都假裝沒事而已 山風吹過屋簷的鈴 溫泉在夜裡輕輕呼吸 那些說不出口的事情 好像都被蒸氣帶去遠行 Chorus 把城市留在山的那邊 讓熱氣慢慢遮住疲倦 我們什麼都不用表演 在白色蒸氣升起以前 你還戴著熟悉的那張臉 等水溫慢慢漫過肩 我們都只是想被彼此看見 今晚就泡在山的時間裡 泡掉那些不敢說的秘密 泡掉你笑著說沒關係 泡掉我假裝早已忘記 如果愛需要一點勇氣 那就先把面具放在岸邊去 不承諾明天會怎樣繼續 至少此刻我看見真正的你 Bridge 也許明天醒來以後 我們還是要回到城市裡 重新學著和世界客氣 但至少這一夜 你沒有躲著我 我也沒有躲著你 山沒有問我們哪裡去 泉也沒有問我們的記憶 它只是讓兩個疲倦 安靜地在同一段時間裡 Final Chorus 把城市留在山的那邊 讓熱氣慢慢遮住疲倦 如果人生總有太多明天 今晚就別急著走遠 在白色蒸氣消散以前 讓我再看你一眼 不用承諾永遠 不用回答愛會不會改變 今晚就泡在山的時間裡 泡掉我們身上的秘密 泡掉那些逞強的自己 泡到只剩下我和你 那多年以後再想起 我們曾經 把城市留在山的那邊 泡在山的時間裡談天
留言（ 11 ） 最相關留言 所有留言
留言（ 11 ）",2026-09-01,,AI 生成 R&B / Soul,False,False,
2026-09-02 17:56:52,realtime,ai_generated,,,6,⚡S p o n t a n e o u s . ♫,《哪來這麼多雨》Where Did All This Rain Come From,8,19,10,https://streetvoice.com/spntn_studio/songs/877390/,https://streetvoice.com/spntn_studio/,"https://akstatic.streetvoice.com/song_covers/sp/nt/spntn_studio/bV9XCWBtAHHQZJG2ihLbKe.jpeg?x-oss-process=image/resize,m_fixed,h_1,w_1,limit_0/resize,m_fixed,h_630,w_1200,limit_0/watermark,image_c29uZ19jb3ZlcnMvc3AvbnQvc3BudG5fc3R1ZGlvL2JWOVhDV0J0QUhIUVpKRzJpaExiS2UuanBlZz94LW9zcy1wcm9jZXNzPWltYWdlL3Jlc2l6ZSxtX2ZpeGVkLGhfMzQ0LHdfMzQ0LGxpbWl0XzA,g_nw,x_428,y_143/watermark,image_YXNzZXQvaW1hZ2VzL21ldGFpbWFnZS1zb25nLnBuZw,g_nw,x_0,y_0",images/877390.jpeg,@spntn_studio,音樂人,,,,11,17,22,,,https://www.youtube.com/user/StreetVoiceTV,,,Pop,,,,"🌧️「到底哪來這麼多雨？」 一堆颱風一堆雨， 大家一起聽歌抱怨一下。 從翻掉的雨傘、濕透的鞋子到路邊濺起的泥水， 把一場下不停的雨寫成帶點無奈又荒謬的日常。 ― 🎧《哪來這麼多雨 Where Did All This Rain Come From?》各串流平台收聽： 待補 🔗 Spontaneous Studio｜所有作品與社群連結： linktr.ee/spntn.studio ― 🎵 Credits & Info Artist: Spontaneous Studio Song Title: 哪來這麼多雨 (Where Did All This Rain Come From?) Created & Produced by Spontaneous. Genres: Modern Pop / Funk Pop This work was created with the assistance of generative AI during the creative and music production process. 
🌧️「到底哪來這麼多雨？」
一堆颱風一堆雨， 大家一起聽歌抱怨一下。
從翻掉的雨傘、濕透的鞋子到路邊濺起的泥水， 把一場下不停的雨寫成帶點無奈又荒謬的日常。
―
🎧《哪來這麼多雨 Where Did All This Rain Come From?》各串流平台收聽： 待補
🔗 Spontaneous Studio｜所有作品與社群連結： linktr.ee/spntn.studio
linktr.ee/spntn.studio
―
🎵 Credits & Info
Artist: Spontaneous Studio Song Title: 哪來這麼多雨 (Where Did All This Rain Come From?) Created & Produced by Spontaneous. Genres: Modern Pop / Funk Pop
This work was created with the assistance of generative AI during the creative and music production process.","每天都下這麼多雨 就像我腦袋裡一堆魚 游來游去還嫌太擠 到底誰准牠們住進去 哪來這麼多的雨 真的是要被雨給教育 鞋子昨天才剛洗乾淨 很好　出門直接泡水裡 出門之前看了天氣 它說降雨機率大概三十而已 我想三十那還可以 走到樓下直接變成水族館景 雨傘今天特別有個性 風往左吹它偏偏往右去 紅燈還剩九十幾秒 旁邊的車很準時送我一身泥 我沒有生氣　只是開始懷疑 是不是雲看到我才決定加班而已 每天都下這麼多雨 就像我腦袋裡一堆魚 游來游去還嫌太擠 到底誰准牠們住進去 哪來這麼多的雨 真的是要被雨給教育 鞋子昨天才剛洗乾淨 很好　出門直接泡水裡 算了下吧　最好下到滿意 反正頭髮也沒什麼造型 拜託天空有點創意 明天換個東西 掉下來也行 每天都下這麼多雨 就像我腦袋裡一堆魚 游來游去還嫌太擠 現在還問我要不要餵魚 哪來這麼多的雨 真的是要被雨給教育 氣象說晚一點雨會停 這句我已經 聽了好幾星期 
每天都下這麼多雨 就像我腦袋裡一堆魚 游來游去還嫌太擠 到底誰准牠們住進去 哪來這麼多的雨 真的是要被雨給教育 鞋子昨天才剛洗乾淨 很好　出門直接泡水裡
出門之前看了天氣 它說降雨機率大概三十而已 我想三十那還可以 走到樓下直接變成水族館景 雨傘今天特別有個性 風往左吹它偏偏往右去 紅燈還剩九十幾秒 旁邊的車很準時送我一身泥
我沒有生氣　只是開始懷疑 是不是雲看到我才決定加班而已
每天都下這麼多雨 就像我腦袋裡一堆魚 游來游去還嫌太擠 到底誰准牠們住進去 哪來這麼多的雨 真的是要被雨給教育 鞋子昨天才剛洗乾淨 很好　出門直接泡水裡
算了下吧　最好下到滿意 反正頭髮也沒什麼造型 拜託天空有點創意 明天換個東西 掉下來也行
每天都下這麼多雨 就像我腦袋裡一堆魚 游來游去還嫌太擠 現在還問我要不要餵魚 哪來這麼多的雨 真的是要被雨給教育 氣象說晚一點雨會停 這句我已經 聽了好幾星期
留言（ 10 ） 最相關留言 所有留言
留言（ 10 ）",2026-09-01,,AI 生成 Pop,False,False,
2026-09-02 17:56:52,realtime,ai_generated,,,7,cmc168,落葉の知らせ  |  落葉知秋の日文版,5,29,5,https://streetvoice.com/cmc168/songs/877512/,https://streetvoice.com/cmc168/,"https://akstatic.streetvoice.com/song_covers/cm/c1/cmc168/Xoj6g96DQgQPk4VKU5WqkF.jpeg?x-oss-process=image/resize,m_fixed,h_1,w_1,limit_0/resize,m_fixed,h_630,w_1200,limit_0/watermark,image_c29uZ19jb3ZlcnMvY20vYzEvY21jMTY4L1hvajZnOTZEUWdRUGs0VktVNVdxa0YuanBlZz94LW9zcy1wcm9jZXNzPWltYWdlL3Jlc2l6ZSxtX2ZpeGVkLGhfMzQ0LHdfMzQ0LGxpbWl0XzA,g_nw,x_428,y_143/watermark,image_YXNzZXQvaW1hZ2VzL21ldGFpbWFnZS1zb25nLnBuZw,g_nw,x_0,y_0",images/877512.jpeg,@cmc168,音樂人,新北市,2026-04-01,,147,60,123,,,https://www.youtube.com/user/StreetVoiceTV,,,Pop,,,,"感謝 (表現する実務家 | 渋谷佑生樣) 之前發表這首歌時，所給予的寶貴意見。今日調整了歌名和其它兩處歌詞後，重新發表。 
感謝 (表現する実務家 | 渋谷佑生樣) 之前發表這首歌時，所給予的寶貴意見。今日調整了歌名和其它兩處歌詞後，重新發表。","路地裏に古いあおぎりのき 夜風に舞う落ち葉の響き 九月の雨が胸を揺らし 黄ばんだ手紙に時は止まり 落ち葉は秋を告げる声 夢は風に散って消えるね がいとうの下　影と歩いて 手のひらの温もりだけ残って 黄昏駅で人は離れて 遠い背中は風に揺れて 記憶のページ　答え探して 秋は長く　孤独を隠して 落ち葉は秋を告げる声 愛はやがて振り返るね 閉じた瞳に涙光って 待つ心は風にも消えなくて 愛は季節の巡りのように 来れば輝き　去れば無言に 胸の奥に　開けぬ記憶 風よどうか　想いを運んでゆく 落ち葉は秋を告げる声 夢は風に散って消えるね 街灯の下　影と歩いて 手のひらの温もりだけ残って 落ち葉の季節に別れを知って 秋の冷たさは胸に沁みて 
路地裏に古いあおぎりのき 夜風に舞う落ち葉の響き 九月の雨が胸を揺らし 黄ばんだ手紙に時は止まり
落ち葉は秋を告げる声 夢は風に散って消えるね がいとうの下　影と歩いて 手のひらの温もりだけ残って
黄昏駅で人は離れて 遠い背中は風に揺れて 記憶のページ　答え探して 秋は長く　孤独を隠して
落ち葉は秋を告げる声 愛はやがて振り返るね 閉じた瞳に涙光って 待つ心は風にも消えなくて
愛は季節の巡りのように 来れば輝き　去れば無言に 胸の奥に　開けぬ記憶 風よどうか　想いを運んでゆく
落ち葉は秋を告げる声 夢は風に散って消えるね 街灯の下　影と歩いて 手のひらの温もりだけ残って
落ち葉の季節に別れを知って 秋の冷たさは胸に沁みて
留言（ 5 ） 最相關留言 所有留言
留言（ 5 ）",2026-09-02,,AI 生成 Pop,False,False,
2026-09-02 17:56:52,realtime,ai_generated,,,8,MisanHsu,我定義的灰,10,24,3,https://streetvoice.com/misanshui/songs/877415/,https://streetvoice.com/misanshui/,"https://akstatic.streetvoice.com/song_covers/mi/sa/misanshui/S8jYMGjeCFzNt56ihV2R9K.jpeg?x-oss-process=image/resize,m_fixed,h_1,w_1,limit_0/resize,m_fixed,h_630,w_1200,limit_0/watermark,image_c29uZ19jb3ZlcnMvbWkvc2EvbWlzYW5zaHVpL1M4allNR2plQ0Z6TnQ1NmloVjJSOUsuanBlZz94LW9zcy1wcm9jZXNzPWltYWdlL3Jlc2l6ZSxtX2ZpeGVkLGhfMzQ0LHdfMzQ0LGxpbWl0XzA,g_nw,x_428,y_143/watermark,image_YXNzZXQvaW1hZ2VzL21ldGFpbWFnZS1zb25nLnBuZw,g_nw,x_0,y_0",images/877415.jpeg,@misanshui,音樂人,桃園市,2007-04-01,,167,30,24,,,https://www.youtube.com/user/StreetVoiceTV,,,Rock,HSUAN'S MISANTHROPY,https://streetvoice.com/misanshui/songs/album/97325997/,,,"在黑與白交界的地方， 我輕輕放下所有勉強。 城市總著要人給出答案 對或錯 像兩端拉扯繩端 我不小心走進迷霧中間 那裡沒有喧嘩，只有時間流轉 他們說冷漠熾熱才算活著 可我的心 習慣微溫時刻 不要誰來為我點燈指路 我有自己的腳步 這不是妥協，是我定義的灰 帶著傷痕，也學會了防備 在絢爛荒蕪之間慢慢踱步 不爭不搶，是我最安穩歸處 ohohoh…… 這是我的灰 聽過太多大道理指教 卻沒人問我累不累、好不好 生活不是非要爭個輸贏 放手也是種清醒的決定 黑夜給我眼睛，不為窺探光明 是學會在陰影，看清自己真實倒影 我不完美，但也不慌張 當世界開始翻轉，目光不再迷惘 我依然站在這，不卑不亢 這不是妥協，是我定義的灰 帶著傷痕，也學會了防備 在絢爛荒蕪之間慢慢踱步 不爭不搶，是我最安穩歸處 這不是妥協，是我定義的灰 帶著傷痕，也學會了防備 在絢爛荒蕪之間慢慢踱步 不爭不搶，是我最安穩歸處 ohohoh…… 這是我的灰 
在黑與白交界的地方， 我輕輕放下所有勉強。
城市總著要人給出答案 對或錯 像兩端拉扯繩端 我不小心走進迷霧中間 那裡沒有喧嘩，只有時間流轉
他們說冷漠熾熱才算活著 可我的心 習慣微溫時刻 不要誰來為我點燈指路 我有自己的腳步
這不是妥協，是我定義的灰 帶著傷痕，也學會了防備 在絢爛荒蕪之間慢慢踱步 不爭不搶，是我最安穩歸處
ohohoh…… 這是我的灰
聽過太多大道理指教 卻沒人問我累不累、好不好 生活不是非要爭個輸贏 放手也是種清醒的決定
黑夜給我眼睛，不為窺探光明 是學會在陰影，看清自己真實倒影 我不完美，但也不慌張
當世界開始翻轉，目光不再迷惘 我依然站在這，不卑不亢
這不是妥協，是我定義的灰 帶著傷痕，也學會了防備 在絢爛荒蕪之間慢慢踱步 不爭不搶，是我最安穩歸處
這不是妥協，是我定義的灰 帶著傷痕，也學會了防備 在絢爛荒蕪之間慢慢踱步 不爭不搶，是我最安穩歸處
ohohoh…… 這是我的灰
留言（ 3 ） 最相關留言 所有留言
留言（ 3 ）",2026-09-01,,AI 生成 Rock ・ HSUAN'S MISANTHROPY,False,False,
2026-09-02 17:56:52,realtime,ai_generated,,,9,song for whom(зӮәиӘ°е”ұжӯҢ),清醒時差,7,8,2,https://streetvoice.com/ruby2100/songs/875713/,https://streetvoice.com/ruby2100/,"https://akstatic.streetvoice.com/song_covers/ru/by/ruby2100/7cz4sCgCtxtZPLoSDuCLHW.jpeg?x-oss-process=image/resize,m_fixed,h_1,w_1,limit_0/resize,m_fixed,h_630,w_1200,limit_0/watermark,image_c29uZ19jb3ZlcnMvcnUvYnkvcnVieTIxMDAvN2N6NHNDZ0N0eHRaUExvU0R1Q0xIVy5qcGVnP3gtb3NzLXByb2Nlc3M9aW1hZ2UvcmVzaXplLG1fZml4ZWQsaF8zNDQsd18zNDQsbGltaXRfMA,g_nw,x_428,y_143/watermark,image_YXNzZXQvaW1hZ2VzL21ldGFpbWFnZS1zb25nLnBuZw,g_nw,x_0,y_0",images/875713.jpeg,,,,,,152,27,19,,,https://www.youtube.com/user/StreetVoiceTV,,,Pop,,,,"「有些朋友只會出現在舉杯的時候，等你跌進泥裡，才發現真心從來沒有同桌。」 《清醒時差》是一首寫給酒肉朋友、人情冷暖與友情幻滅的歌曲。 那夜燈火通明， 大家稱兄道弟， 酒杯盛得很滿， 義氣也說得很漂亮。 曾經以為那些熱情是真心， 以為有福同享就等於患難相依， 直到自己真的跌進低谷， 才發現通訊錄裡那些秒回的人， 忽然全都安靜了。 最喜歡的一句是： 「你不算朋友，你不過是個路人，在我的低谷準時下架。」 這句很狠， 也很清醒。 因為酒肉朋友最殘酷的地方， 不是他從來沒有陪你走到底， 而是他曾經演得太像知己， 讓你真的把真誠交了出去。 《清醒時差》寫的不只是友情破裂， 更是成長裡很痛的一課。 有些人只記得慶功宴， 只看得見你的光環， 只在你有價值的時候出席。 等燈光熄滅， 等世界下雨， 等你需要一句慰問時， 才看清誰的擁抱其實帶著冰渣。 這首歌最有力量的地方， 是它沒有停在委屈裡。 而是終於把名字從「摯友」清單上劃去， 不再為虛假的笑容浪費眼淚， 也不再把孤獨看成失敗。 因為清醒以後才懂， 寧願留一把椅子給自己， 也不要再把真心， 交給只會在低谷下架的人。 — 克洛森 
「有些朋友只會出現在舉杯的時候，等你跌進泥裡，才發現真心從來沒有同桌。」
《清醒時差》是一首寫給酒肉朋友、人情冷暖與友情幻滅的歌曲。
那夜燈火通明，
大家稱兄道弟，
酒杯盛得很滿，
義氣也說得很漂亮。
曾經以為那些熱情是真心，
以為有福同享就等於患難相依，
直到自己真的跌進低谷，
才發現通訊錄裡那些秒回的人，
忽然全都安靜了。
最喜歡的一句是：
「你不算朋友，你不過是個路人，在我的低谷準時下架。」
這句很狠，
也很清醒。
因為酒肉朋友最殘酷的地方，
不是他從來沒有陪你走到底，
而是他曾經演得太像知己，
讓你真的把真誠交了出去。
《清醒時差》寫的不只是友情破裂，
更是成長裡很痛的一課。
有些人只記得慶功宴，
只看得見你的光環，
只在你有價值的時候出席。
等燈光熄滅，
等世界下雨，
等你需要一句慰問時，
才看清誰的擁抱其實帶著冰渣。
這首歌最有力量的地方，
是它沒有停在委屈裡。
而是終於把名字從「摯友」清單上劃去，
不再為虛假的笑容浪費眼淚，
也不再把孤獨看成失敗。
因為清醒以後才懂，
寧願留一把椅子給自己，
也不要再把真心，
交給只會在低谷下架的人。
— 克洛森","動態歌詞
那夜燈火通明 我們稱兄道弟 桌上酒杯太滿 盛滿廉價的義氣 你說有福同享 患難不必相依 知心這兩個字 說得多麼容易 我把心事掏空 你將熱情揮霍 以為人脈存摺 值得我傾力投資 只差沒立血誓 寫下天長地久 把酒肉當知己 怪我太過執著 直到世界下雨 我跌落泥濘裡 手機通訊錄 瞬間變成了禁地 那些秒回的訊息 突然間銷聲匿跡 連一句慰問 都像是奢侈品 我們之間 隔著一道清醒時差 那是我用眼淚 換來的成長代價 你只是酒肉契約 錯覺的同盟 我給出的真誠 你只當作消費籌碼 這條界線 劃開了真心與謊話 終於明白 誰的擁抱帶著冰渣 你不算朋友 你不過是個路人 在我的低谷 準時下架 你只記得慶功宴 香檳開得多高 忘記我曾為你 撐過無數的低潮 那種奉承的語氣 現在聽來多麼諷刺 我的付出 你輕描淡寫 當作理所當然 當我的光環散去 你也功成身退 連一聲道別 都顯得多餘浪費 原來你的出席 只看我的價值 這本友情字典 我需要重寫一次 直到世界下雨 我跌落泥濘裡 手機通訊錄 瞬間變成了禁地 那些秒回的訊息 突然間銷聲匿跡 連一句慰問 都像是奢侈品 我們之間 隔著一道清醒時差 那是我用眼淚 換來的成長代價 你只是酒肉契約 錯覺的同盟 我給出的真誠 你只當作消費籌碼 這條界線 劃開了真心與謊話 終於明白 誰的擁抱帶著冰渣 你不算朋友 你不過是個路人 終於明白 誰的擁抱帶著冰渣 你不算朋友 你不過是個路人 在我的低谷 準時下架 燈光熄滅後 看清誰是真心 我終於把名字 從「摯友」清單上劃去 不再為那些虛假笑容 浪費眼淚 還給自己一個 孤獨卻真實的夜晚 別再敲門 門外沒有朋友 我已經學會 留把椅子 給自己 清醒時差 是最好的藥方 我們之間 僅存距離 
那夜燈火通明 我們稱兄道弟 桌上酒杯太滿 盛滿廉價的義氣 你說有福同享 患難不必相依 知心這兩個字 說得多麼容易 我把心事掏空 你將熱情揮霍 以為人脈存摺 值得我傾力投資 只差沒立血誓 寫下天長地久 把酒肉當知己 怪我太過執著 直到世界下雨 我跌落泥濘裡 手機通訊錄 瞬間變成了禁地 那些秒回的訊息 突然間銷聲匿跡 連一句慰問 都像是奢侈品 我們之間 隔著一道清醒時差 那是我用眼淚 換來的成長代價 你只是酒肉契約 錯覺的同盟 我給出的真誠 你只當作消費籌碼 這條界線 劃開了真心與謊話 終於明白 誰的擁抱帶著冰渣 你不算朋友 你不過是個路人 在我的低谷 準時下架 你只記得慶功宴 香檳開得多高 忘記我曾為你 撐過無數的低潮 那種奉承的語氣 現在聽來多麼諷刺 我的付出 你輕描淡寫 當作理所當然 當我的光環散去 你也功成身退 連一聲道別 都顯得多餘浪費 原來你的出席 只看我的價值 這本友情字典 我需要重寫一次 直到世界下雨 我跌落泥濘裡 手機通訊錄 瞬間變成了禁地 那些秒回的訊息 突然間銷聲匿跡 連一句慰問 都像是奢侈品 我們之間 隔著一道清醒時差 那是我用眼淚 換來的成長代價 你只是酒肉契約 錯覺的同盟 我給出的真誠 你只當作消費籌碼 這條界線 劃開了真心與謊話 終於明白 誰的擁抱帶著冰渣 你不算朋友 你不過是個路人 終於明白 誰的擁抱帶著冰渣 你不算朋友 你不過是個路人 在我的低谷 準時下架 燈光熄滅後 看清誰是真心 我終於把名字 從「摯友」清單上劃去 不再為那些虛假笑容 浪費眼淚 還給自己一個 孤獨卻真實的夜晚 別再敲門 門外沒有朋友 我已經學會 留把椅子 給自己 清醒時差 是最好的藥方 我們之間 僅存距離
留言（ 2 ） 最相關留言 所有留言
留言（ 2 ）",2026-09-01,,AI 生成 Pop,False,False,
2026-09-02 17:56:52,realtime,ai_generated,,,10,Eric_Wei,《如果是勇者欣梅爾的話，他一定也會這麼做》,7,7,3,https://streetvoice.com/Eric_Wei_/songs/877499/,https://streetvoice.com/Eric_Wei_/,"https://akstatic.streetvoice.com/song_covers/Er/ic/Eric_Wei_/TekssuSyUioF9in7FeD8AA.jpeg?x-oss-process=image/resize,m_fixed,h_1,w_1,limit_0/resize,m_fixed,h_630,w_1200,limit_0/watermark,image_c29uZ19jb3ZlcnMvRXIvaWMvRXJpY19XZWlfL1Rla3NzdVN5VWlvRjlpbjdGZUQ4QUEuanBlZz94LW9zcy1wcm9jZXNzPWltYWdlL3Jlc2l6ZSxtX2ZpeGVkLGhfMzQ0LHdfMzQ0LGxpbWl0XzA,g_nw,x_428,y_143/watermark,image_YXNzZXQvaW1hZ2VzL21ldGFpbWFnZS1zb25nLnBuZw,g_nw,x_0,y_0",images/877499.jpeg,@Eric_Wei_,音樂人,台灣,2025-08-01,,9,21,31,,,https://www.youtube.com/user/StreetVoiceTV,,,Folk,,,,"這首歌以兒歌風格為基底， 並融合了日本太鼓與三味線的傳統音色， 以合唱與多聲部和聲為主要特色， 層次豐富而溫暖， 讓每一段歌聲都像是彼此的呼應與陪伴。 希望以最簡單、最純粹的童趣音樂形式， 去表達勇氣、守護與不放棄的信念。 就像歌詞中所述： 真正的勇氣不是沒有恐懼， 而是在恐懼與迷惘中仍願意邁開腳步。 透過音樂傳遞出 「即使平凡，也能成為別人的光亮」的訊息， 提醒每個人都能在關鍵時刻選擇挺身而出， 並將溫暖傳遞給世界。 
這首歌以兒歌風格為基底， 並融合了日本太鼓與三味線的傳統音色， 以合唱與多聲部和聲為主要特色， 層次豐富而溫暖， 讓每一段歌聲都像是彼此的呼應與陪伴。
希望以最簡單、最純粹的童趣音樂形式， 去表達勇氣、守護與不放棄的信念。
就像歌詞中所述： 真正的勇氣不是沒有恐懼， 而是在恐懼與迷惘中仍願意邁開腳步。
透過音樂傳遞出 「即使平凡，也能成為別人的光亮」的訊息， 提醒每個人都能在關鍵時刻選擇挺身而出， 並將溫暖傳遞給世界。","[Intro] [Verse 1] 清晨的街角是誰默默地等待 勇者的心是否也曾有過陰霾 不是每個時刻都能閃耀光芒 只求在關鍵時刻有勇氣擔當 [Chorus] 如果是勇者欣梅爾的話 他一定也會這麼做 勇氣不是天生無懼風暴 而是恐懼中仍選擇不逃 [Chorus] 如果是勇者欣梅爾的話 他一定也會這麼做 即使前路依舊充滿迷霧 也會堅定踏出每一步 [Verse 2] 在風雨中跌倒默默藏著淚 英雄的路上難免迷失防備 心底燃起的勇氣不曾消退 前行腳步依舊勇敢堅決 [Chorus] 如果是勇者欣梅爾的話 他一定也會這麼做 勇氣並不是沒有過迷惘 而是在軟弱中找到力量 [Chorus] 如果是勇者欣梅爾的話 他一定也會這麼做 就算世界此刻將崩裂 也要守護最後的光點 [Bridge] 每當你感到孤單或失望 記得你也是無數人的光 拯救他人不需要多偉大 只要你願意，溫暖就能傳達 [Chorus] 如果是勇者欣梅爾的話 他一定也會這麼做 在關鍵時刻挺身而出 你也能成為拯救他人的勇者 [Chorus] 如果是勇者欣梅爾的話 他一定也會這麼做 即使黑暗寒冷籠罩胸中 讓勇氣能改寫世界傷痛 [Outro] La~ la~ la~ woo~ oh oh La~ la~ la~ woo~ oh oh 即使黑暗寒冷籠罩胸中 讓勇氣能改寫世界傷痛 
[Intro]
[Verse 1]
清晨的街角是誰默默地等待 勇者的心是否也曾有過陰霾 不是每個時刻都能閃耀光芒 只求在關鍵時刻有勇氣擔當
[Chorus]
如果是勇者欣梅爾的話 他一定也會這麼做 勇氣不是天生無懼風暴 而是恐懼中仍選擇不逃
[Chorus]
如果是勇者欣梅爾的話 他一定也會這麼做 即使前路依舊充滿迷霧 也會堅定踏出每一步
[Verse 2]
在風雨中跌倒默默藏著淚 英雄的路上難免迷失防備 心底燃起的勇氣不曾消退 前行腳步依舊勇敢堅決
[Chorus]
如果是勇者欣梅爾的話 他一定也會這麼做 勇氣並不是沒有過迷惘 而是在軟弱中找到力量
[Chorus]
如果是勇者欣梅爾的話 他一定也會這麼做 就算世界此刻將崩裂 也要守護最後的光點
[Bridge]
每當你感到孤單或失望 記得你也是無數人的光 拯救他人不需要多偉大 只要你願意，溫暖就能傳達
[Chorus]
如果是勇者欣梅爾的話 他一定也會這麼做 在關鍵時刻挺身而出 你也能成為拯救他人的勇者
[Chorus]
如果是勇者欣梅爾的話 他一定也會這麼做 即使黑暗寒冷籠罩胸中 讓勇氣能改寫世界傷痛
[Outro]
La~ la~ la~ woo~ oh oh La~ la~ la~ woo~ oh oh 即使黑暗寒冷籠罩胸中 讓勇氣能改寫世界傷痛
留言（ 3 ） 最相關留言 所有留言
留言（ 3 ）",2026-09-02,,AI 生成 Folk,False,False,
2026-09-02 17:56:52,realtime,ai_generated,,,11,tackey747,[喬喬的布丁],4,69,1,https://streetvoice.com/tackey747/songs/877396/,https://streetvoice.com/tackey747/,"https://akstatic.streetvoice.com/music_albums/ta/ck/tackey747/2snGWNyrnf9pCfhwPKHXrF.jpeg?x-oss-process=image/resize,m_fixed,h_1,w_1,limit_0/resize,m_fixed,h_630,w_1200,limit_0/watermark,image_bXVzaWNfYWxidW1zL3RhL2NrL3RhY2tleTc0Ny8yc25HV055cm5mOXBDZmh3UEtIWHJGLmpwZWc_eC1vc3MtcHJvY2Vzcz1pbWFnZS9yZXNpemUsbV9maXhlZCxoXzM0NCx3XzM0NCxsaW1pdF8w,g_nw,x_428,y_143/watermark,image_YXNzZXQvaW1hZ2VzL21ldGFpbWFnZS1zb25nLnBuZw,g_nw,x_0,y_0",images/877396.jpeg,@tackey747,音樂人,,,,11,3,,,,https://www.youtube.com/user/StreetVoiceTV,,,Singer / Songwriter,[看著你長大],https://streetvoice.com/tackey747/songs/album/97326014/,,"【喬喬的布丁】 #喬喬音樂  #布丁音樂  #pudding music 
【喬喬的布丁】 #喬喬音樂  #布丁音樂  #pudding music","一個溫暖的午後 陽光斜照在便利商店的招牌上 空氣中瀰漫著愉悅的氛圍 一個溫柔雙手跟隨我心愛的巧巧 她嬌小的身影正站在超商冷藏櫃貨架前 店內冷氣空調的微風 輕輕吹起她連身裙擺 微微飄動 店內明亮的燈光捕捉她微微顫動的睫毛 她眼神專注而閃亮 她的目光焦點在冷藏櫃中 她最喜愛的布丁上 她伸出小手 小心翼翼地從貨架上拿起一盒布丁 她輕輕捧捏在手中 她彷彿捧著一件珍寶 她的視角目光穿過店內川流不息的模糊身影 她望向遠處的收銀台 她的眼神充滿期待 彷彿在等待結帳後 這盒布丁就將成為她永遠屬於自己的珍藏品 午後的陽光透過玻璃窗 灑上一層金黃色的暖調光暈 充滿了細膩溫馨舒適甜蜜愉悅 充滿愉悅與滿足感的幸福時刻 充滿愉悅與滿足感的幸福時刻 
一個溫暖的午後 陽光斜照在便利商店的招牌上 空氣中瀰漫著愉悅的氛圍 一個溫柔雙手跟隨我心愛的巧巧 她嬌小的身影正站在超商冷藏櫃貨架前 店內冷氣空調的微風 輕輕吹起她連身裙擺 微微飄動 店內明亮的燈光捕捉她微微顫動的睫毛 她眼神專注而閃亮 她的目光焦點在冷藏櫃中 她最喜愛的布丁上 她伸出小手 小心翼翼地從貨架上拿起一盒布丁 她輕輕捧捏在手中 她彷彿捧著一件珍寶 她的視角目光穿過店內川流不息的模糊身影 她望向遠處的收銀台 她的眼神充滿期待 彷彿在等待結帳後 這盒布丁就將成為她永遠屬於自己的珍藏品 午後的陽光透過玻璃窗 灑上一層金黃色的暖調光暈 充滿了細膩溫馨舒適甜蜜愉悅 充滿愉悅與滿足感的幸福時刻 充滿愉悅與滿足感的幸福時刻
留言（ 1 ） 最相關留言 所有留言
留言（ 1 ）",2026-09-01,,AI 生成 Singer / Songwriter ・ [看著你長大],False,False,
2026-09-02 17:56:52,realtime,ai_generated,,,12,ᐜᐞᒻᐟᑊᐢᕐ ᐜᑊᐩᑋ ᐞᑊ,月影悲歌 (粵),12,39,4,https://streetvoice.com/walkingwithai/songs/877395/,https://streetvoice.com/walkingwithai/,"https://akstatic.streetvoice.com/song_covers/wa/lk/walkingwithai/WPRqqW4j3c5K3ikYV8fXcN.jpeg?x-oss-process=image/resize,m_fixed,h_1,w_1,limit_0/resize,m_fixed,h_630,w_1200,limit_0/watermark,image_c29uZ19jb3ZlcnMvd2EvbGsvd2Fsa2luZ3dpdGhhaS9XUFJxcVc0ajNjNUszaWtZVjhmWGNOLmpwZWc_eC1vc3MtcHJvY2Vzcz1pbWFnZS9yZXNpemUsbV9maXhlZCxoXzM0NCx3XzM0NCxsaW1pdF8w,g_nw,x_428,y_143/watermark,image_YXNzZXQvaW1hZ2VzL21ldGFpbWFnZS1zb25nLnBuZw,g_nw,x_0,y_0",images/877395.jpeg,@walkingwithai,音樂人,,,,245,61,37,,,https://www.youtube.com/user/StreetVoiceTV,,,Pop,,,,"這是一首被迫『港劇化』的悲情慘歌，以及一個工程師馬鈴薯的除蟲現場…… 🤖 Suno AI 的反叛：說好的國語呢？！ 這首歌原本的設定是一首深情款款的國語悲傷抒情歌。結果 Suno AI 不知道哪根筋不對，死活就是要用粵語唱！那個國語用粵語硬發音的聽感，簡直奇怪到讓我差點從沙發上摔下來。為了不浪費這軌好旋律，本馬鈴薯只好連夜翻字典、硬著頭皮把歌詞修成純正粵語版——直接把作品強行拉進《天若有情》或八零年代港劇的冷雨夜氣氛裡！ 🎛️ 自研母帶神器《Sonic Master》初登場（請多包涵！） 除了語言被迫「出國」之外，這首歌還有另一個重磅里程碑——我正式啟用自己寫的母帶處理工具 《Sonic Master》 來完成最後的 Mastering！ 告別了之前的軟體手動微調，這次直接上自家的黑科技。雖然聽完成品後……嗯，我發現我的《Sonic Master》好像還有點「調教與除蟲（Debug）」的空間（笑）。但沒關係！工程師馬鈴薯會繼續優化算法，爭取讓這個工具早日進化成真正的「聲學大師」！ 💔 歌詞很虐心，製作很鬧劇 雖然背後的製作過程跟鬧劇一樣，但《月影悲歌》的內核依然是一首極度殘酷的都市輓歌。「月影在悲歌，暖不到心窩 / 浮生似幻，轉眼如煙飄過」，寒風、冷月、舊情與獨自走我路的孤獨，全部融在港風濃郁的旋律裡。 請戴上耳機，一邊吃著洋芋片，一邊感受這首在「AI 強行改語言」與「自製母帶工具微瑕試運轉」夾縫中誕生的奇蹟作品吧！ #月影悲歌 #粵語抒情 #港風慘歌 #SunoAI奇遇記 #SonicMaster #自研母帶工具 #除蟲中 #沙發馬鈴薯的聲學實驗 #StreetVoice #原創音樂 
這是一首被迫『港劇化』的悲情慘歌，以及一個工程師馬鈴薯的除蟲現場……
🤖 Suno AI 的反叛：說好的國語呢？！ 這首歌原本的設定是一首深情款款的國語悲傷抒情歌。結果 Suno AI 不知道哪根筋不對，死活就是要用粵語唱！那個國語用粵語硬發音的聽感，簡直奇怪到讓我差點從沙發上摔下來。為了不浪費這軌好旋律，本馬鈴薯只好連夜翻字典、硬著頭皮把歌詞修成純正粵語版——直接把作品強行拉進《天若有情》或八零年代港劇的冷雨夜氣氛裡！
🎛️ 自研母帶神器《Sonic Master》初登場（請多包涵！） 除了語言被迫「出國」之外，這首歌還有另一個重磅里程碑——我正式啟用自己寫的母帶處理工具 《Sonic Master》 來完成最後的 Mastering！ 告別了之前的軟體手動微調，這次直接上自家的黑科技。雖然聽完成品後……嗯，我發現我的《Sonic Master》好像還有點「調教與除蟲（Debug）」的空間（笑）。但沒關係！工程師馬鈴薯會繼續優化算法，爭取讓這個工具早日進化成真正的「聲學大師」！
💔 歌詞很虐心，製作很鬧劇 雖然背後的製作過程跟鬧劇一樣，但《月影悲歌》的內核依然是一首極度殘酷的都市輓歌。「月影在悲歌，暖不到心窩 / 浮生似幻，轉眼如煙飄過」，寒風、冷月、舊情與獨自走我路的孤獨，全部融在港風濃郁的旋律裡。
請戴上耳機，一邊吃著洋芋片，一邊感受這首在「AI 強行改語言」與「自製母帶工具微瑕試運轉」夾縫中誕生的奇蹟作品吧！
#月影悲歌 #粵語抒情 #港風慘歌 #SunoAI奇遇記 #SonicMaster #自研母帶工具 #除蟲中 #沙發馬鈴薯的聲學實驗 #StreetVoice #原創音樂","淚滿了眼夢 我走我路 月影冷照　孤影更深 夜風吹散我心事 月光滲透陳年相思 回望你笑容　化作塵絲 心早碎裂　無力再嘗試 寒夜裡　只聽風聲 星火裡　照出舊情 手指尖　仲殘留餘溫 為何愛　終被天摧分 月影在悲歌　暖不到心窩 浮生似幻　轉眼如煙飄過 蒼穹長守候　盼不來承諾 只剩下 冷風帶走 夢裡重遇你　細訴心事 蒼穹靜看我　愛到盡時 命運吞掉　那段柔情 回憶擁抱　仍然滲進詩 夜色將夢吞食 留下無盡寂寞影子 月影在悲歌　暖不到心窩 浮生似幻　轉眼如煙飄過 蒼穹長守候　盼不來承諾 只剩下 冷風帶走 寒風與悲歌　換來無生結果 浮生似幻　轉眼如煙飄過 蒼穹長守候　盼不來 (盼不來) 仍然真心哭過 我走我路 
淚滿了眼夢 我走我路 月影冷照　孤影更深
夜風吹散我心事 月光滲透陳年相思 回望你笑容　化作塵絲 心早碎裂　無力再嘗試
寒夜裡　只聽風聲 星火裡　照出舊情 手指尖　仲殘留餘溫 為何愛　終被天摧分
月影在悲歌　暖不到心窩 浮生似幻　轉眼如煙飄過 蒼穹長守候　盼不來承諾 只剩下 冷風帶走
夢裡重遇你　細訴心事 蒼穹靜看我　愛到盡時 命運吞掉　那段柔情 回憶擁抱　仍然滲進詩 夜色將夢吞食 留下無盡寂寞影子
月影在悲歌　暖不到心窩 浮生似幻　轉眼如煙飄過 蒼穹長守候　盼不來承諾 只剩下 冷風帶走
寒風與悲歌　換來無生結果 浮生似幻　轉眼如煙飄過 蒼穹長守候　盼不來 (盼不來) 仍然真心哭過 我走我路
留言（ 4 ） 最相關留言 所有留言
留言（ 4 ）",2026-09-01,,AI 生成 Pop,False,False,
2026-09-02 17:56:52,realtime,ai_generated,,,13,TAIROOM,回家的路上,5,7,0,https://streetvoice.com/doctorland28/songs/877469/,https://streetvoice.com/doctorland28/,"https://akstatic.streetvoice.com/song_covers/do/ct/doctorland28/nSKstrAoKJA3YGfRHXwUMD.jpeg?x-oss-process=image/resize,m_fixed,h_1,w_1,limit_0/resize,m_fixed,h_630,w_1200,limit_0/watermark,image_c29uZ19jb3ZlcnMvZG8vY3QvZG9jdG9ybGFuZDI4L25TS3N0ckFvS0pBM1lHZlJIWHdVTUQuanBlZz94LW9zcy1wcm9jZXNzPWltYWdlL3Jlc2l6ZSxtX2ZpeGVkLGhfMzQ0LHdfMzQ0LGxpbWl0XzA,g_nw,x_428,y_143/watermark,image_YXNzZXQvaW1hZ2VzL21ldGFpbWFnZS1zb25nLnBuZw,g_nw,x_0,y_0",images/877469.jpeg,@doctorland28,音樂人,,,,10,8,7,,,https://www.youtube.com/user/StreetVoiceTV,,,R&B / Soul,,,,,"回家的路上 I’m thinking about you 今天的風有一點涼 車窗外的燈一直往後退 我靠著窗 看著城市慢慢變黑 耳機裡那首歌 剛好唱到我們的故事 我忽然笑了一下 原來想念也可以很安靜 Maybe I'm tired Maybe I just miss you 回家的路上 我又想起你的模樣 如果你也剛好 一個人走在路上 I hope you're doing fine I hope you smile tonight 等我回到家 再慢慢想你也不晚 有些話不用說 也知道彼此在想什麼 如果今晚你也沒睡 Maybe we can talk a little more 回家的路上 我又想起你的模樣 如果你也剛好 一個人走在路上 I hope you're doing fine I hope you smile tonight 等我回到家 再慢慢想你也不晚 回家的路上 I’m thinking about you 
回家的路上 I’m thinking about you
今天的風有一點涼 車窗外的燈一直往後退 我靠著窗 看著城市慢慢變黑
耳機裡那首歌 剛好唱到我們的故事 我忽然笑了一下 原來想念也可以很安靜
Maybe I'm tired Maybe I just miss you
回家的路上 我又想起你的模樣 如果你也剛好 一個人走在路上 I hope you're doing fine I hope you smile tonight 等我回到家 再慢慢想你也不晚
有些話不用說 也知道彼此在想什麼 如果今晚你也沒睡 Maybe we can talk a little more
回家的路上 我又想起你的模樣 如果你也剛好 一個人走在路上 I hope you're doing fine I hope you smile tonight 等我回到家 再慢慢想你也不晚
回家的路上 I’m thinking about you
留言（ 0 ） 最相關留言 所有留言
留言（ 0 ）",2026-09-01,,AI 生成 R&B / Soul,False,False,
2026-09-02 17:56:52,realtime,ai_generated,,,14,荷荷 HerHer,欲說還休,18,353,15,https://streetvoice.com/yellow_lime/songs/877100/,https://streetvoice.com/yellow_lime/,"https://akstatic.streetvoice.com/song_covers/ye/ll/yellow_lime/Zg9XZEsfLaNzMpzcMzPtEN.jpg?x-oss-process=image/resize,m_fixed,h_1,w_1,limit_0/resize,m_fixed,h_630,w_1200,limit_0/watermark,image_c29uZ19jb3ZlcnMveWUvbGwveWVsbG93X2xpbWUvWmc5WFpFc2ZMYU56TXB6Y016UHRFTi5qcGc_eC1vc3MtcHJvY2Vzcz1pbWFnZS9yZXNpemUsbV9maXhlZCxoXzM0NCx3XzM0NCxsaW1pdF8w,g_nw,x_428,y_143/watermark,image_YXNzZXQvaW1hZ2VzL21ldGFpbWFnZS1zb25nLnBuZw,g_nw,x_0,y_0",images/877100.jpg,@yellow_lime,音樂人,,,,14,40,74,,,https://www.youtube.com/user/StreetVoiceTV,,,Pop,,,,"製作/荷荷HerHer 
製作/荷荷HerHer","歌詞有點難整理 
歌詞有點難整理
留言（ 15 ） 最相關留言 所有留言
留言（ 15 ）",2026-08-30,,AI 生成 Pop,False,False,
2026-09-02 17:56:52,realtime,ai_generated,,,15,昊,秒數歸零綠燈亮,3,3,2,https://streetvoice.com/Claudia___tasi/songs/877493/,https://streetvoice.com/Claudia___tasi/,"https://akstatic.streetvoice.com/song_covers/Cl/au/Claudia___tasi/kGQ7QyKFzZjQbeoNesKE8G.jpg?x-oss-process=image/resize,m_fixed,h_1,w_1,limit_0/resize,m_fixed,h_630,w_1200,limit_0/watermark,image_c29uZ19jb3ZlcnMvQ2wvYXUvQ2xhdWRpYV9fX3Rhc2kva0dRN1F5S0Z6WmpRYmVvTmVzS0U4Ry5qcGc_eC1vc3MtcHJvY2Vzcz1pbWFnZS9yZXNpemUsbV9maXhlZCxoXzM0NCx3XzM0NCxsaW1pdF8w,g_nw,x_428,y_143/watermark,image_YXNzZXQvaW1hZ2VzL21ldGFpbWFnZS1zb25nLnBuZw,g_nw,x_0,y_0",images/877493.jpg,@Claudia___tasi,音樂人,,,,26,8,4,,,https://www.youtube.com/user/StreetVoiceTV,音樂製作人黃韻仁與「靈魂寫手」小寒共同打造 陳昊森首張個人專輯首波主打〈孤傲〉|||https://blow.streetvoice.com/69883/?utm_source=streetvoice&utm_medium=profile-news-block; 「我想要創造美好聆聽經驗，而不是每次接觸原住民專輯就像上一堂台灣史」——昊恩談在文健站採集而成的新作|||https://blow.streetvoice.com/64812/?utm_source=streetvoice&utm_medium=profile-news-block; 「如果我們變得很格式化，那我們還是我們嗎？」訪高流執行長李欣芸、音樂人昊恩|||https://blow.streetvoice.com/57343/?utm_source=streetvoice&utm_medium=profile-news-block,,Pop,,,,"這首歌不只是一首寫給機車族的通勤主題曲，更是一道防護罩，提醒著每一個在夜色中奔波的靈魂：平淡與規則並非束縛，而是為了守護身邊重要的人；人生不求大起大落的精彩劇本，只求那份踏實回家的安穩 
這首歌不只是一首寫給機車族的通勤主題曲，更是一道防護罩，提醒著每一個在夜色中奔波的靈魂：平淡與規則並非束縛，而是為了守護身邊重要的人；人生不求大起大落的精彩劇本，只求那份踏實回家的安穩","[Verse 1] 清晨的陽光 照在安全帽上 看著前方 黃燈閃爍著微光 右手放鬆 讓油門慢慢調降 安全停下 在白線內守望 靜靜等待 秒數歸零綠燈亮 鬆開煞車 奔向目的地前方 [Verse 2] 這一條路上 重複著相同篇章 就像人生 偶有挫折與慌張 黃燈亮起 提醒著別太匆忙 紅燈停下 把危險都阻擋 遵守規則 才是最好的方向 催動油門 走向終點的期望 [Chorus] 我們在紅綠燈裡 只為求得安穩 平淡的規則 守護著每個靈魂 雖然沒有大起大落 的精彩劇本 至少能安穩 擁抱身邊的家人 若是糊塗闖紅燈 想著僥倖往前奔 等到翻車事故 後悔也無法重生 [Verse 3] 所以順著號誌 確認那閃爍的光 歲月在平凡裡 悄悄地流淌 握緊把手 迎著風不再逞強 那些驚心動魄 未出現身旁 都只是 鏡片後消逝的風光 [Chorus] 我們在紅綠燈裡 只為求得安穩 平淡的規則 守護著每個靈魂 雖然沒有大起大落 的精彩劇本 至少能安穩 擁抱身邊的家人 若是糊塗闖紅燈 想著僥倖往前奔 等到翻車事故 後悔也無法重生 [Chorus] 我們在紅綠燈裡 只為求得安穩 平淡的規則 守護著每個靈魂 雖然沒有大起大落 的精彩劇本 至少能安穩 擁抱身邊的家人 若是糊塗闖紅燈 想著僥倖往前奔 等到翻車事故 後悔也無法重生 到時只能心酸把淚吞 [Outro] 夜幕低垂 踢起側柱再次啟程 下班了 隨著車流等待紅綠燈 晚風吹過 看著停佇的小紅人 沒關係 慢~慢~等 我們都求回家路上的安穩 
[Verse 1] 清晨的陽光 照在安全帽上 看著前方 黃燈閃爍著微光 右手放鬆 讓油門慢慢調降 安全停下 在白線內守望 靜靜等待 秒數歸零綠燈亮 鬆開煞車 奔向目的地前方
[Verse 2] 這一條路上 重複著相同篇章 就像人生 偶有挫折與慌張 黃燈亮起 提醒著別太匆忙 紅燈停下 把危險都阻擋 遵守規則 才是最好的方向 催動油門 走向終點的期望
[Chorus] 我們在紅綠燈裡 只為求得安穩 平淡的規則 守護著每個靈魂 雖然沒有大起大落 的精彩劇本 至少能安穩 擁抱身邊的家人 若是糊塗闖紅燈 想著僥倖往前奔 等到翻車事故 後悔也無法重生
[Verse 3] 所以順著號誌 確認那閃爍的光 歲月在平凡裡 悄悄地流淌 握緊把手 迎著風不再逞強 那些驚心動魄 未出現身旁 都只是 鏡片後消逝的風光
[Chorus] 我們在紅綠燈裡 只為求得安穩 平淡的規則 守護著每個靈魂 雖然沒有大起大落 的精彩劇本 至少能安穩 擁抱身邊的家人 若是糊塗闖紅燈 想著僥倖往前奔 等到翻車事故 後悔也無法重生
[Chorus] 我們在紅綠燈裡 只為求得安穩 平淡的規則 守護著每個靈魂 雖然沒有大起大落 的精彩劇本 至少能安穩 擁抱身邊的家人 若是糊塗闖紅燈 想著僥倖往前奔 等到翻車事故 後悔也無法重生 到時只能心酸把淚吞
[Outro] 夜幕低垂 踢起側柱再次啟程 下班了 隨著車流等待紅綠燈 晚風吹過 看著停佇的小紅人 沒關係 慢~慢~等 我們都求回家路上的安穩
留言（ 2 ） 最相關留言 所有留言
留言（ 2 ）",2026-09-02,,AI 生成 Pop,False,False,
2026-09-02 17:56:52,realtime,ai_generated,,,16,tackey747,[父親的期待],2,26,1,https://streetvoice.com/tackey747/songs/877406/,https://streetvoice.com/tackey747/,"https://akstatic.streetvoice.com/music_albums/ta/ck/tackey747/2snGWNyrnf9pCfhwPKHXrF.jpeg?x-oss-process=image/resize,m_fixed,h_1,w_1,limit_0/resize,m_fixed,h_630,w_1200,limit_0/watermark,image_bXVzaWNfYWxidW1zL3RhL2NrL3RhY2tleTc0Ny8yc25HV055cm5mOXBDZmh3UEtIWHJGLmpwZWc_eC1vc3MtcHJvY2Vzcz1pbWFnZS9yZXNpemUsbV9maXhlZCxoXzM0NCx3XzM0NCxsaW1pdF8w,g_nw,x_428,y_143/watermark,image_YXNzZXQvaW1hZ2VzL21ldGFpbWFnZS1zb25nLnBuZw,g_nw,x_0,y_0",images/877406.jpeg,@tackey747,音樂人,,,,11,3,,,,https://www.youtube.com/user/StreetVoiceTV,,,Singer / Songwriter,[看著你長大],https://streetvoice.com/tackey747/songs/album/97326014/,,"【父親的期待 】 #父愛音樂  #成長音樂  #father's love music  #growing music 
【父親的期待 】 #父愛音樂  #成長音樂  #father's love music  #growing music","我的大兒子 軒軒 當你呱呱落地 來到爸爸的世界 爸爸我的眼眶蓄滿了淚水 卻沒有輕易落下 那是給爸爸我最純粹的震撼與新生命的喜悅 看著你赤裸裸的小小身軀 爸爸我的心充滿了驚奇與新鮮 第一次抱著你 笨拙的餵你喝奶 對著你娃娃般的小臉蛋做擠眉弄眼 看著你發出稚嫩的嘻笑聲 流入爸爸我溫暖的心田 我的大兒子 軒軒 當你第一次用你小小的嘴巴 清脆地喊出 爸爸 那一刻 我的胸口湧現無比的雀躍與感動 陪著你一天天長大 看你穿著黃色皮卡丘可愛圖案的小內褲 你在客廳裡像個小勇士般奔跑跳躍著 你留著小平頭 睜著大大的眼睛 認真的跟爸爸我分享你玩具的世界 我的大兒子 軒軒 爸爸我依稀記得你三歲那年的某一個 晚餐桌上的爭執 你高昂的音量跟爸爸我頂嘴 你那稚氣的聲音要求大人管好自己的事 那時爸爸的怒火升起 我斥責你讓你去一旁罰站反省 那是我們父子之間的衝突與對話 也是我們學習互相理解的起點 轉眼間 日月如梭 你的小平頭換成了捲捲的髮型 在今年九月一日的晨光中 你將背起新的小書包 走進小學的大門進入教室中 爸爸我的心裡有著牽掛 有著盼望 像遠眺遠方日出的父親 願你勇敢地走向世界 好好讀書 帶著快樂與健康 迎向屬於你的每一天 這是爸爸我最深情的內心話 
我的大兒子 軒軒 當你呱呱落地 來到爸爸的世界 爸爸我的眼眶蓄滿了淚水 卻沒有輕易落下 那是給爸爸我最純粹的震撼與新生命的喜悅 看著你赤裸裸的小小身軀 爸爸我的心充滿了驚奇與新鮮 第一次抱著你 笨拙的餵你喝奶 對著你娃娃般的小臉蛋做擠眉弄眼 看著你發出稚嫩的嘻笑聲 流入爸爸我溫暖的心田 我的大兒子 軒軒 當你第一次用你小小的嘴巴 清脆地喊出 爸爸 那一刻 我的胸口湧現無比的雀躍與感動 陪著你一天天長大 看你穿著黃色皮卡丘可愛圖案的小內褲 你在客廳裡像個小勇士般奔跑跳躍著 你留著小平頭 睜著大大的眼睛 認真的跟爸爸我分享你玩具的世界 我的大兒子 軒軒 爸爸我依稀記得你三歲那年的某一個 晚餐桌上的爭執 你高昂的音量跟爸爸我頂嘴 你那稚氣的聲音要求大人管好自己的事 那時爸爸的怒火升起 我斥責你讓你去一旁罰站反省 那是我們父子之間的衝突與對話 也是我們學習互相理解的起點 轉眼間 日月如梭 你的小平頭換成了捲捲的髮型 在今年九月一日的晨光中 你將背起新的小書包 走進小學的大門進入教室中 爸爸我的心裡有著牽掛 有著盼望 像遠眺遠方日出的父親 願你勇敢地走向世界 好好讀書 帶著快樂與健康 迎向屬於你的每一天 這是爸爸我最深情的內心話
留言（ 1 ） 最相關留言 所有留言
留言（ 1 ）",2026-09-01,,AI 生成 Singer / Songwriter ・ [看著你長大],False,False,
2026-09-02 17:56:52,realtime,ai_generated,,,17,TAIROOM,也許明天,5,4,0,https://streetvoice.com/doctorland28/songs/877471/,https://streetvoice.com/doctorland28/,"https://akstatic.streetvoice.com/song_covers/do/ct/doctorland28/7b3Fm8QrHDg99aJzRb9FxW.jpeg?x-oss-process=image/resize,m_fixed,h_1,w_1,limit_0/resize,m_fixed,h_630,w_1200,limit_0/watermark,image_c29uZ19jb3ZlcnMvZG8vY3QvZG9jdG9ybGFuZDI4LzdiM0ZtOFFySERnOTlhSnpSYjlGeFcuanBlZz94LW9zcy1wcm9jZXNzPWltYWdlL3Jlc2l6ZSxtX2ZpeGVkLGhfMzQ0LHdfMzQ0LGxpbWl0XzA,g_nw,x_428,y_143/watermark,image_YXNzZXQvaW1hZ2VzL21ldGFpbWFnZS1zb25nLnBuZw,g_nw,x_0,y_0",images/877471.jpeg,@doctorland28,音樂人,,,,10,8,7,,,https://www.youtube.com/user/StreetVoiceTV,,,Singer / Songwriter,,,,,"I saw your name On my phone tonight I smiled for no reason Maybe I'm alright 晚風剛好吹進房間 窗簾輕輕晃了一點 我坐在床邊 又想起你說過的那些話 其實也沒什麼特別 只是忽然很想見你一面 如果明天遇見 我會不會又裝作沒看見 Maybe I think about you A little more than I should Maybe I like the way You make everything feel good Maybe tomorrow You'll walk right next to me We don't have to say too much Just stay a little longer Maybe tomorrow You'll look at me that way And I'll pretend my heart Isn't giving me away I don't know I don't know But I kinda like it 便利商店的燈很亮 我卻只看到你的模樣 拿了一杯咖啡 不知不覺又選了你喜歡的那一款 回家的路有一點遠 耳機裡剛好放著那首歌 我沒有跳過 因為它讓我想起你 Maybe I miss you Maybe it's nothing at all But every time you call my name I wanna hear it once more Maybe tomorrow You'll walk right next to me We don't have to say too much Just stay a little longer Maybe tomorrow You'll look at me that way And I'll pretend my heart Isn't giving me away I don't know I don't know But I kinda like it If you ever feel the same You don't have to tell me now Just come a little closer And I'll figure it out Maybe tomorrow You'll walk right next to me We don't have to say too much Just stay a little longer Maybe tomorrow You'll smile and look away And I'll keep this little secret For another day I don't know I don't know But I kinda like you Maybe tomorrow Maybe you'll know 
I saw your name On my phone tonight I smiled for no reason Maybe I'm alright
晚風剛好吹進房間 窗簾輕輕晃了一點 我坐在床邊 又想起你說過的那些話
其實也沒什麼特別 只是忽然很想見你一面 如果明天遇見 我會不會又裝作沒看見
Maybe I think about you A little more than I should Maybe I like the way You make everything feel good
Maybe tomorrow You'll walk right next to me We don't have to say too much Just stay a little longer
Maybe tomorrow You'll look at me that way And I'll pretend my heart Isn't giving me away
I don't know I don't know But I kinda like it
便利商店的燈很亮 我卻只看到你的模樣 拿了一杯咖啡 不知不覺又選了你喜歡的那一款
回家的路有一點遠 耳機裡剛好放著那首歌 我沒有跳過 因為它讓我想起你
Maybe I miss you Maybe it's nothing at all But every time you call my name I wanna hear it once more
Maybe tomorrow You'll walk right next to me We don't have to say too much Just stay a little longer
Maybe tomorrow You'll look at me that way And I'll pretend my heart Isn't giving me away
I don't know I don't know But I kinda like it
If you ever feel the same You don't have to tell me now Just come a little closer And I'll figure it out
Maybe tomorrow You'll walk right next to me We don't have to say too much Just stay a little longer
Maybe tomorrow You'll smile and look away And I'll keep this little secret For another day
I don't know I don't know But I kinda like you
Maybe tomorrow Maybe you'll know
留言（ 0 ） 最相關留言 所有留言
留言（ 0 ）",2026-09-01,,AI 生成 Singer / Songwriter,False,False,
2026-09-02 17:56:52,realtime,ai_generated,,,18,tackey747,[人生的賭局遊戲-672公車],3,65,0,https://streetvoice.com/tackey747/songs/877182/,https://streetvoice.com/tackey747/,"https://akstatic.streetvoice.com/music_albums/ta/ck/tackey747/Pue6a9Td5kwp83Nan8TS2B.jpeg?x-oss-process=image/resize,m_fixed,h_1,w_1,limit_0/resize,m_fixed,h_630,w_1200,limit_0/watermark,image_bXVzaWNfYWxidW1zL3RhL2NrL3RhY2tleTc0Ny9QdWU2YTlUZDVrd3A4M05hbjhUUzJCLmpwZWc_eC1vc3MtcHJvY2Vzcz1pbWFnZS9yZXNpemUsbV9maXhlZCxoXzM0NCx3XzM0NCxsaW1pdF8w,g_nw,x_428,y_143/watermark,image_YXNzZXQvaW1hZ2VzL21ldGFpbWFnZS1zb25nLnBuZw,g_nw,x_0,y_0",images/877182.jpeg,@tackey747,音樂人,,,,11,3,,,,https://www.youtube.com/user/StreetVoiceTV,,,Singer / Songwriter,[幸運正在路上],https://streetvoice.com/tackey747/songs/album/97326003/,,"【人生的賭局遊戲—672公車】 #賭局遊戲音樂  #三星彩音樂  #gambling game music  #lottery ticket music 
【人生的賭局遊戲—672公車】 #賭局遊戲音樂  #三星彩音樂  #gambling game music  #lottery ticket music","在繁忙的城市裡 十年如一日的工作生涯 下班後的廣告霓虹燈亮起整條街 坐在公車上的我 閉上眼休息打個盹 夢裡浮現三個數字的秘密 車窗外的街道霓虹燈 依舊閃爍不停 夢醒之時 還是熟悉的忙碌日子 鬧鐘響起 工作生活還是得繼續 我倚靠著座位望著車窗 心裡期待著 明天的彩券行 一注二十五元的小小夢想 鼓起勇氣四倍加碼的下注 藏著一夕暴富的欲望 我買的不是那三個數字 是想改變人生的那一步 開獎的那一刻 期待的答案 卻不見我的奇蹟 只剩失落 靜靜的跌落在我心底 人生啊 原來真的像一場賭局 我的內心戲 一次又一次的重複上演舊劇本 期待和失落 交織成交響樂章的旋律 車窗外的街道霓虹燈 依舊閃爍在我眼前 心中的陰霾 卻難以驅散 明天早晨醒來 還是忙碌的一天 生活日子不會停下來 我也不能停在昨天的過去 如果人生真的是一場賭局 誰又能知曉 下一場是輸是贏 也許幸運沒有降臨我身上 但至少還有明天 讓我繼續相信 這就是人生的賭局 期待與失落的交響曲 我學會帶著遺憾 假裝微笑 再一次 踏上回家的路 街道上的霓虹燈 依然照著那個疲憊的我 夢想也許遙不可及 但只要 我繼續的向前行 人生這場賭局 我還沒決定要放棄 
在繁忙的城市裡 十年如一日的工作生涯 下班後的廣告霓虹燈亮起整條街 坐在公車上的我 閉上眼休息打個盹 夢裡浮現三個數字的秘密 車窗外的街道霓虹燈 依舊閃爍不停 夢醒之時 還是熟悉的忙碌日子 鬧鐘響起 工作生活還是得繼續 我倚靠著座位望著車窗 心裡期待著 明天的彩券行 一注二十五元的小小夢想 鼓起勇氣四倍加碼的下注 藏著一夕暴富的欲望 我買的不是那三個數字 是想改變人生的那一步 開獎的那一刻 期待的答案 卻不見我的奇蹟 只剩失落 靜靜的跌落在我心底 人生啊 原來真的像一場賭局 我的內心戲 一次又一次的重複上演舊劇本 期待和失落 交織成交響樂章的旋律 車窗外的街道霓虹燈 依舊閃爍在我眼前 心中的陰霾 卻難以驅散 明天早晨醒來 還是忙碌的一天 生活日子不會停下來 我也不能停在昨天的過去 如果人生真的是一場賭局 誰又能知曉 下一場是輸是贏 也許幸運沒有降臨我身上 但至少還有明天 讓我繼續相信 這就是人生的賭局 期待與失落的交響曲 我學會帶著遺憾 假裝微笑 再一次 踏上回家的路 街道上的霓虹燈 依然照著那個疲憊的我 夢想也許遙不可及 但只要 我繼續的向前行 人生這場賭局 我還沒決定要放棄
留言（ 0 ） 最相關留言 所有留言
留言（ 0 ）",2026-08-31,,AI 生成 Singer / Songwriter ・ [幸運正在路上],False,False,
2026-09-02 17:56:52,realtime,ai_generated,,,19,rio_chen_56,淦破洋輸呀,14,3189,2,https://streetvoice.com/rio_chen_56/songs/877125/,https://streetvoice.com/rio_chen_56/,"https://akstatic.streetvoice.com/song_covers/ri/o_/rio_chen_56/GNP5gb6jjAdQYkJZvEJMLW.jpeg?x-oss-process=image/resize,m_fixed,h_1,w_1,limit_0/resize,m_fixed,h_630,w_1200,limit_0/watermark,image_c29uZ19jb3ZlcnMvcmkvb18vcmlvX2NoZW5fNTYvR05QNWdiNmpqQWRRWWtKWnZFSk1MVy5qcGVnP3gtb3NzLXByb2Nlc3M9aW1hZ2UvcmVzaXplLG1fZml4ZWQsaF8zNDQsd18zNDQsbGltaXRfMA,g_nw,x_428,y_143/watermark,image_YXNzZXQvaW1hZ2VzL21ldGFpbWFnZS1zb25nLnBuZw,g_nw,x_0,y_0",images/877125.jpeg,@rio_chen_56,音樂人,,,,1,4,1,,,https://www.youtube.com/user/StreetVoiceTV,,,Hip hop / Rap,,,,"〈淦破洋輸呀〉 曲風：Punk Rock × Rap × 台式諷刺 核心：不是輸不起，是想知道遊戲規則到底在哪裡。 
〈淦破洋輸呀〉
曲風：Punk Rock × Rap × 台式諷刺 核心：不是輸不起，是想知道遊戲規則到底在哪裡。","〈淦破洋輸呀〉 【Intro】 歡迎參加創作新聲類， 請準備你的作品、履歷、夢想—— 還有一份我們看不見的遊戲規則。 淦破——洋輸呀！ 淦破——洋輸呀！ 【Verse 1】 有人地下室熬了十年 一張專輯拿存款去墊 Demo 改到凌晨三點 送件之後只收到一句——謝謝參選 有人熟悉體制的語言 履歷漂亮得特別顯眼 我不敢說誰開了方便 只是想問——標準到底寫在哪邊？ 作品幾分？企劃幾分？ 市場潛力到底怎麼分？ 如果大家都站同一條線 那就把尺拿出來給大家看一遍 【Pre-Chorus】 我不是輸不起 我只是看不起—— 規則藏在抽屜 最後叫我們相信公平 【Chorus】 淦破洋輸呀！輸呀！輸呀！ 輸的不是歌，是不知道規則在哪 淦破洋輸呀！輸呀！輸呀！ 有人問關係，你說「相信專家」 誰該迴避？誰來回答？ 利益衝突有沒有留下白紙黑字啊？ 別叫創作者安靜吞下 公共的錢，本來就該接受公共檢查！ 【Verse 2 / Rap】 四次送件，四次謝謝 製作費自己一張一張貼 不是要你保證我入選 我要的是落選也知道差在哪邊 評審名單、評分依據 利益關係怎麼處理？ 曾在政治體系工作不是原罪 但碰到公共資源——程序更該避嫌才對 我 Diss 的不是你的出身 我 Diss 的是制度不透明的門 如果程序真的完全沒問題 那公開標準，不就更能讓大家服氣？ 別把質疑都叫做酸民 別把落選都解釋成玻璃心 今天問的其實非常簡單： 「同一場比賽，大家看到的是不是同一份規則？」 【Breakdown】 不是—— 「我沒拿到，所以你有問題。」 而是—— 「你拿到了，所以制度更有義務說明。」 迴避！ 公開！ 標準！ 透明！ 公共預算不是誰家的紅包！ 【Final Chorus】 淦破洋輸呀！輸呀！輸呀！ 不是輸不起，是制度要能回答 淦破洋輸呀！輸呀！輸呀！ 創作者要的不是一句「相信專家」 作品說話！標準說話！ 該迴避的關係就清楚留下！ 如果程序真的經得起檢查—— 那就把門打開！ 讓所有創作者看看吧！ 【Outro】 我可以接受落選。 但我不想接受—— 一場不知道評分規則的比賽。 創作新聲， 不該只有「聲音」。 還要有—— 公信力。 
〈淦破洋輸呀〉
【Intro】 歡迎參加創作新聲類， 請準備你的作品、履歷、夢想—— 還有一份我們看不見的遊戲規則。
淦破——洋輸呀！ 淦破——洋輸呀！
【Verse 1】 有人地下室熬了十年 一張專輯拿存款去墊 Demo 改到凌晨三點 送件之後只收到一句——謝謝參選
有人熟悉體制的語言 履歷漂亮得特別顯眼 我不敢說誰開了方便 只是想問——標準到底寫在哪邊？
作品幾分？企劃幾分？ 市場潛力到底怎麼分？ 如果大家都站同一條線 那就把尺拿出來給大家看一遍
【Pre-Chorus】 我不是輸不起 我只是看不起—— 規則藏在抽屜 最後叫我們相信公平
【Chorus】 淦破洋輸呀！輸呀！輸呀！ 輸的不是歌，是不知道規則在哪 淦破洋輸呀！輸呀！輸呀！ 有人問關係，你說「相信專家」
誰該迴避？誰來回答？ 利益衝突有沒有留下白紙黑字啊？ 別叫創作者安靜吞下 公共的錢，本來就該接受公共檢查！
【Verse 2 / Rap】 四次送件，四次謝謝 製作費自己一張一張貼 不是要你保證我入選 我要的是落選也知道差在哪邊
評審名單、評分依據 利益關係怎麼處理？ 曾在政治體系工作不是原罪 但碰到公共資源——程序更該避嫌才對
我 Diss 的不是你的出身 我 Diss 的是制度不透明的門 如果程序真的完全沒問題 那公開標準，不就更能讓大家服氣？
別把質疑都叫做酸民 別把落選都解釋成玻璃心 今天問的其實非常簡單： 「同一場比賽，大家看到的是不是同一份規則？」
【Breakdown】 不是—— 「我沒拿到，所以你有問題。」
而是—— 「你拿到了，所以制度更有義務說明。」
迴避！ 公開！ 標準！ 透明！
公共預算不是誰家的紅包！
【Final Chorus】 淦破洋輸呀！輸呀！輸呀！ 不是輸不起，是制度要能回答 淦破洋輸呀！輸呀！輸呀！ 創作者要的不是一句「相信專家」
作品說話！標準說話！ 該迴避的關係就清楚留下！ 如果程序真的經得起檢查—— 那就把門打開！
讓所有創作者看看吧！
【Outro】 我可以接受落選。 但我不想接受—— 一場不知道評分規則的比賽。
創作新聲， 不該只有「聲音」。
還要有—— 公信力。
留言（ 2 ） 最相關留言 所有留言
留言（ 2 ）",2026-08-30,,AI 生成 Hip hop / Rap,False,False,
2026-09-02 17:56:52,realtime,ai_generated,,,20,Junna Lin,《我又來了》| I&#x27;m back again,24,153,12,https://streetvoice.com/Junna_Lin/songs/874799/,https://streetvoice.com/Junna_Lin/,"https://akstatic.streetvoice.com/song_covers/Ju/nn/Junna_Lin/Mg5GXvzStyLxYukfUvX5RF.jpeg?x-oss-process=image/resize,m_fixed,h_1,w_1,limit_0/resize,m_fixed,h_630,w_1200,limit_0/watermark,image_c29uZ19jb3ZlcnMvSnUvbm4vSnVubmFfTGluL01nNUdYdnpTdHlMeFl1a2ZVdlg1UkYuanBlZz94LW9zcy1wcm9jZXNzPWltYWdlL3Jlc2l6ZSxtX2ZpeGVkLGhfMzQ0LHdfMzQ0LGxpbWl0XzA,g_nw,x_428,y_143/watermark,image_YXNzZXQvaW1hZ2VzL21ldGFpbWFnZS1zb25nLnBuZw,g_nw,x_0,y_0",images/874799.jpeg,@Junna_Lin,音樂人,,,2026-08-18 10:03,118,72,121,,,https://www.youtube.com/@JunnaLinMusic,,,R&B / Soul,《心事播放中》｜完整專輯歌詞版 (Full Album Lyric Video)｜華語音樂｜原創專輯,https://streetvoice.com/Junna_Lin/songs/album/97325994/,,"《我又來了》寫的是一個很普通，卻讓人想念的早晨。 天才剛亮，市場已經慢慢有了聲音。攤上的水果、剛冒出的熱氣、手裡的紙袋、熟悉的老闆，還有每天都會走過的那條街，一切都沒有太大的變化，卻讓人覺得安心。 「早晨這條街，我又來。」 像一句簡單的招呼，也像是在告訴自己，新的一天又開始了。 慢慢走、慢慢挑，不急著去哪裡，也不需要追趕什麼。那些看起來不起眼的日常，反而成了生活裡最真實的片段。 有時候，讓人想回去的，不一定是某個特別的地方， 而是熟悉的街還在， 熟悉的人還在， 而自己也再次走到了這裡。 《我又來了》 寫給那些平凡、安靜，卻會讓人一再想起的早晨。 👍 留下你的感覺或故事，我會看！ 👍 喜歡請按讚分享支持 【社群連結】 🎧 聽我的音樂： Spotify ▶ https://open.spotify.com/artist/1OFRgx5K1gftd7jvLV1EsS YouTube Music ▶ https://music.youtube.com/channel/UCnpKLh9e73Mb7N2NPDnMzrQ ▶️ 訂閱我的頻道： YouTube ▶ https://www.youtube.com/@JunnaLinMusic YouTube ▶ https://www.youtube.com/@JunnanLinMusic 📌 版權聲明 / Copyright Notice 本作品之歌詞、歌曲概念、旋律方向與影像設計由 Junna Lin 原創製作。 音樂成品使用 AI 音樂工具生成，並由本人整理與發布。 Lyrics, concept, melody direction, and visual design are originally created by Junna Lin. The final music was generated using AI music tools and published by Junna Lin. 請勿未經授權使用、重製或重新上傳。 Unauthorized use, reproduction, or re-upload is prohibited. © Junna Lin. All Rights Reserved. 🎤 演唱:AI ✍️ 詞:Junna Lin 🎼 曲:Junna Lin 🎧 建議在深夜或戴上耳機聆聽，感受每一層情緒 
《我又來了》寫的是一個很普通，卻讓人想念的早晨。
天才剛亮，市場已經慢慢有了聲音。攤上的水果、剛冒出的熱氣、手裡的紙袋、熟悉的老闆，還有每天都會走過的那條街，一切都沒有太大的變化，卻讓人覺得安心。
「早晨這條街，我又來。」
像一句簡單的招呼，也像是在告訴自己，新的一天又開始了。
慢慢走、慢慢挑，不急著去哪裡，也不需要追趕什麼。那些看起來不起眼的日常，反而成了生活裡最真實的片段。
有時候，讓人想回去的，不一定是某個特別的地方， 而是熟悉的街還在， 熟悉的人還在， 而自己也再次走到了這裡。
《我又來了》 寫給那些平凡、安靜，卻會讓人一再想起的早晨。
👍 留下你的感覺或故事，我會看！ 👍 喜歡請按讚分享支持
【社群連結】 🎧 聽我的音樂： Spotify ▶ https://open.spotify.com/artist/1OFRgx5K1gftd7jvLV1EsS YouTube Music ▶ https://music.youtube.com/channel/UCnpKLh9e73Mb7N2NPDnMzrQ
https://open.spotify.com/artist/1OFRgx5K1gftd7jvLV1EsS
https://music.youtube.com/channel/UCnpKLh9e73Mb7N2NPDnMzrQ
▶️ 訂閱我的頻道： YouTube ▶ https://www.youtube.com/@JunnaLinMusic YouTube ▶ https://www.youtube.com/@JunnanLinMusic
https://www.youtube.com/@JunnaLinMusic
https://www.youtube.com/@JunnanLinMusic
📌 版權聲明 / Copyright Notice
本作品之歌詞、歌曲概念、旋律方向與影像設計由 Junna Lin 原創製作。 音樂成品使用 AI 音樂工具生成，並由本人整理與發布。
Lyrics, concept, melody direction, and visual design are originally created by Junna Lin. The final music was generated using AI music tools and published by Junna Lin.
請勿未經授權使用、重製或重新上傳。 Unauthorized use, reproduction, or re-upload is prohibited.
© Junna Lin. All Rights Reserved.
🎤 演唱:AI ✍️ 詞:Junna Lin 🎼 曲:Junna Lin
🎧 建議在深夜或戴上耳機聆聽，感受每一層情緒","動態歌詞
清晨攤上擺著梨 塑膠籃靠在街邊 老人低頭數著零錢 包子熱氣飄過眼前 手機快沒電 我走得慢一點 藍圍裙 紅手套 天剛亮的那瞬間 香蕉從青變成金黃 我拿兩根 其他先放 魚攤老伯對我點點頭 沒人催促 慢慢挑 晨光停在眼前 紙袋握在手裡面 每個人都還半夢半醒 卻知道我要哪一些 早晨這條街 我又來 早晨這條街 我又來 慢慢挑 剛剛好 早晨這條街 我又來 桃子一箱 櫻桃一排 早晨這條街 我又來 幾張零錢 同一片天 早晨這條街 我又來了 薄荷插在玻璃杯裡 杯沿掛著幾滴水氣 金牙老闆笑著看我 說姑娘 今天要買什麼東西 我不趕時間 只想慢一點 從那一堆裡 挑我喜歡的那件 麵包還熱 包在布裡 番茄紅得像場大雨 離開時手上裝滿一袋 心裡也裝滿今天 晨光停在眼前 紙袋握在手裡面 每個人都還半夢半醒 卻知道我要哪一些 早晨這條街 我又來 早晨這條街 我又來 慢慢挑 剛剛好 早晨這條街 我又來 桃子一箱 櫻桃一排 早晨這條街 我又來 幾張零錢 同一片天 早晨這條街 我又來了 城市才剛醒來 風還有一點涼 我把今天的心情 慢慢裝進紙袋 沒有誰在等待 也沒有什麼意外 只是喜歡一個人 走過熟悉的招牌 霧落在磁磚 雙手都裝滿 再繞最後一圈 然後回家 早晨這條街 慢下來 早晨這條街 醒過來 手裡一袋 剛剛好 熟悉的人 還在招呼我 桃子一箱 櫻桃一排 風從巷口輕輕吹來 幾張零錢 換一天晴朗 早晨這條街 我走回來 早晨這條街 我慢慢走過來 早晨這條街 天亮了 我又來了 
清晨攤上擺著梨 塑膠籃靠在街邊 老人低頭數著零錢 包子熱氣飄過眼前 手機快沒電 我走得慢一點 藍圍裙 紅手套 天剛亮的那瞬間 香蕉從青變成金黃 我拿兩根 其他先放 魚攤老伯對我點點頭 沒人催促 慢慢挑 晨光停在眼前 紙袋握在手裡面 每個人都還半夢半醒 卻知道我要哪一些 早晨這條街 我又來 早晨這條街 我又來 慢慢挑 剛剛好 早晨這條街 我又來 桃子一箱 櫻桃一排 早晨這條街 我又來 幾張零錢 同一片天 早晨這條街 我又來了 薄荷插在玻璃杯裡 杯沿掛著幾滴水氣 金牙老闆笑著看我 說姑娘 今天要買什麼東西 我不趕時間 只想慢一點 從那一堆裡 挑我喜歡的那件 麵包還熱 包在布裡 番茄紅得像場大雨 離開時手上裝滿一袋 心裡也裝滿今天 晨光停在眼前 紙袋握在手裡面 每個人都還半夢半醒 卻知道我要哪一些 早晨這條街 我又來 早晨這條街 我又來 慢慢挑 剛剛好 早晨這條街 我又來 桃子一箱 櫻桃一排 早晨這條街 我又來 幾張零錢 同一片天 早晨這條街 我又來了 城市才剛醒來 風還有一點涼 我把今天的心情 慢慢裝進紙袋 沒有誰在等待 也沒有什麼意外 只是喜歡一個人 走過熟悉的招牌 霧落在磁磚 雙手都裝滿 再繞最後一圈 然後回家 早晨這條街 慢下來 早晨這條街 醒過來 手裡一袋 剛剛好 熟悉的人 還在招呼我 桃子一箱 櫻桃一排 風從巷口輕輕吹來 幾張零錢 換一天晴朗 早晨這條街 我走回來 早晨這條街 我慢慢走過來 早晨這條街 天亮了 我又來了
留言（ 12 ） 最相關留言 所有留言
留言（ 12 ）",2026-08-31,,AI 生成 R&B / Soul ・ 《心事播放中》｜完整專輯歌詞版 (Full Album Lyric Video)｜華語音樂｜原創專輯,False,False,
2026-09-02 17:56:52,realtime,ai_generated,,,21,鄭又銓,《將軍威》,3,7,0,https://streetvoice.com/WhiteAngel/songs/877465/,https://streetvoice.com/WhiteAngel/,"https://akstatic.streetvoice.com/song_covers/Wh/it/WhiteAngel/FXSq9zu7jTARVVUyRTSmfX.jpeg?x-oss-process=image/resize,m_fixed,h_1,w_1,limit_0/resize,m_fixed,h_630,w_1200,limit_0/watermark,image_c29uZ19jb3ZlcnMvV2gvaXQvV2hpdGVBbmdlbC9GWFNxOXp1N2pUQVJWVlV5UlRTbWZYLmpwZWc_eC1vc3MtcHJvY2Vzcz1pbWFnZS9yZXNpemUsbV9maXhlZCxoXzM0NCx3XzM0NCxsaW1pdF8w,g_nw,x_428,y_143/watermark,image_YXNzZXQvaW1hZ2VzL21ldGFpbWFnZS1zb25nLnBuZw,g_nw,x_0,y_0",images/877465.jpeg,@WhiteAngel,音樂人,台中市,2026-08-01,,1,1,1,,,https://www.youtube.com/user/StreetVoiceTV,,,Rock,,,,"《將軍威》是一首熱血史詩搖滾作品，以忠義、勇氣、家國情懷為主題。以將軍馳騁沙場的氣勢，唱出面對困難也絕不退縮的精神。願我們都能帶著一顆勇敢堅定的心，闖過人生每一道難關。 
《將軍威》是一首熱血史詩搖滾作品，以忠義、勇氣、家國情懷為主題。以將軍馳騁沙場的氣勢，唱出面對困難也絕不退縮的精神。願我們都能帶著一顆勇敢堅定的心，闖過人生每一道難關。","《將軍威》 帶著將軍威，耍著將軍風，生在天下中，威著我的武。 在這天下處處充滿所有挑戰，為了生活關關一場一場的闖。 遍體鱗傷也要一關一關的戰，為了活下必須闖闖所有難關。 將軍威～殺氣衝四方，天地下都是我戰場！ 將軍威～趙子龍岳飛，全都是必學的榜樣！ 精忠報國，不怕敵方有多強，帶著愛國的一顆心，用命護住我家國！ 忠義勇猛，獨膽威嚴鎮八方，我不欺人也不怕欺，一生只為國捐軀！ 一生好兄弟，忠誠講義氣，立志在心上，身上帶著忠肝義膽。 風雨一起扛，刀山一起衝，火海一起鬧，有敵侵犯一起翻倒它！ 一聲怒吼使萬軍動，萬里江山共同來護，多少人血換一寸土，突崩萬敵盡伏誅。 兄弟同生生死無悔，血汗分不清同歡笑，以肉身當國家的盾，踏破山河換晴天。 我軍威風凜凜，突破所有陷陣，萬敵全都斬根，敵人全都要踩在腳下， 將軍身上威嚴，名聲雷震九天，好將名留千古，就算死了也絕不投降。 生命隨緣留在陸海，共同命運聽天由命，刀山火海一起衝鋒，成為愛國的好漢。 鐵騎要衝破萬重關，燃命拼到最後輝煌，因為背後有我同胞，誓死不退擊破萬敵。 一生流的血，比流淚還要多。一生的鍛鍊，全是要用在護國。 一生的生命，全奉獻捐我的國。讓所有仇敵，全都要聞風喪膽！ 共死戰場上不言退，以命相博也是無悔，血染山河也無所懼，生死一線共進退。 有苦有笑不離不棄，兄弟並肩守護國疆，與隨我風雲改天下，有國才有我們的家。 維護世界和平，維護國泰民安，為國挺身而上，這就是當將軍的重責！ 
《將軍威》 帶著將軍威，耍著將軍風，生在天下中，威著我的武。 在這天下處處充滿所有挑戰，為了生活關關一場一場的闖。 遍體鱗傷也要一關一關的戰，為了活下必須闖闖所有難關。 將軍威～殺氣衝四方，天地下都是我戰場！ 將軍威～趙子龍岳飛，全都是必學的榜樣！ 精忠報國，不怕敵方有多強，帶著愛國的一顆心，用命護住我家國！ 忠義勇猛，獨膽威嚴鎮八方，我不欺人也不怕欺，一生只為國捐軀！ 一生好兄弟，忠誠講義氣，立志在心上，身上帶著忠肝義膽。 風雨一起扛，刀山一起衝，火海一起鬧，有敵侵犯一起翻倒它！ 一聲怒吼使萬軍動，萬里江山共同來護，多少人血換一寸土，突崩萬敵盡伏誅。 兄弟同生生死無悔，血汗分不清同歡笑，以肉身當國家的盾，踏破山河換晴天。 我軍威風凜凜，突破所有陷陣，萬敵全都斬根，敵人全都要踩在腳下， 將軍身上威嚴，名聲雷震九天，好將名留千古，就算死了也絕不投降。 生命隨緣留在陸海，共同命運聽天由命，刀山火海一起衝鋒，成為愛國的好漢。 鐵騎要衝破萬重關，燃命拼到最後輝煌，因為背後有我同胞，誓死不退擊破萬敵。 一生流的血，比流淚還要多。一生的鍛鍊，全是要用在護國。 一生的生命，全奉獻捐我的國。讓所有仇敵，全都要聞風喪膽！ 共死戰場上不言退，以命相博也是無悔，血染山河也無所懼，生死一線共進退。 有苦有笑不離不棄，兄弟並肩守護國疆，與隨我風雲改天下，有國才有我們的家。 維護世界和平，維護國泰民安，為國挺身而上，這就是當將軍的重責！
留言（ 0 ） 最相關留言 所有留言
留言（ 0 ）",2026-09-01,,AI 生成 Rock,False,False,
2026-09-02 17:56:52,realtime,ai_generated,,,22,hinxlinx,《五色石曲》｜原創中文歌曲,3,3,2,https://streetvoice.com/hinxlinx/songs/877514/,https://streetvoice.com/hinxlinx/,"https://akstatic.streetvoice.com/song_covers/hi/nx/hinxlinx/Yg5pZ2N3ivQM6MVVmyEBTc.jpeg?x-oss-process=image/resize,m_fixed,h_1,w_1,limit_0/resize,m_fixed,h_630,w_1200,limit_0/watermark,image_c29uZ19jb3ZlcnMvaGkvbngvaGlueGxpbngvWWc1cFoyTjNpdlFNNk1WVm15RUJUYy5qcGVnP3gtb3NzLXByb2Nlc3M9aW1hZ2UvcmVzaXplLG1fZml4ZWQsaF8zNDQsd18zNDQsbGltaXRfMA,g_nw,x_428,y_143/watermark,image_YXNzZXQvaW1hZ2VzL21ldGFpbWFnZS1zb25nLnBuZw,g_nw,x_0,y_0",images/877514.jpeg,@hinxlinx,音樂人,,,,56,10,14,,,https://www.youtube.com/user/StreetVoiceTV,,,Soundtrack / New age,軒林詩,https://streetvoice.com/hinxlinx/songs/album/97325842/,,"曲: hinxlinx (2026) / 詞: 軒林 (2026) 風格: Acoustic Blues, Wuxia cinema 曲詞原創，無人工智能輔助。 音樂由Suno AI照本人錄音生成。 《五色石曲》(EVer.01) | 原創8位元遊戲音樂: https://streetvoice.com/hinxlinx/songs/877515/ 《五色石曲》(初版)｜原創中文歌曲.mp3: https://streetvoice.com/hinxlinx/songs/873179/ 
曲: hinxlinx (2026) / 詞: 軒林 (2026) 風格: Acoustic Blues, Wuxia cinema 曲詞原創，無人工智能輔助。 音樂由Suno AI照本人錄音生成。
《五色石曲》(EVer.01) | 原創8位元遊戲音樂: https://streetvoice.com/hinxlinx/songs/877515/
https://streetvoice.com/hinxlinx/songs/877515/
《五色石曲》(初版)｜原創中文歌曲.mp3: https://streetvoice.com/hinxlinx/songs/873179/
https://streetvoice.com/hinxlinx/songs/873179/","[Verse 1] 不周山隕 撞擊 柱折危機 天災在即 繩繫 地維絕境 [Verse 2] 赤黃白青 玄集 五色八易 女媧識兮 煉齊 蒼天補益 [Chorus 1] 流動光陰 自然 生生不息 上古神器 科技 默默承襲 [Chorus 2] 金木水火 有土 根深對應 五行色彩 相生 文明氣運 [Verse 3] 鰲立四極 頂天 九州護庇 屠龍水濟 立地 河洛太平 [Verse 4] 赤黃白青 玄隱 五石散去 女媧功成 仙去 化神傳奇 (Chorus Repeat x2) [Bridge] 神魔對立 炎黃智啟 持規守矩 人間正義 [Verse 5] 更迭泰否 人間 肅殺損益 厚德道行 萬法 歸藏貞吉 [Outro] 九天正兮 五石並齊 四象守護 八脈延續 
[Verse 1] 不周山隕 撞擊 柱折危機 天災在即 繩繫 地維絕境
[Verse 2] 赤黃白青 玄集 五色八易 女媧識兮 煉齊 蒼天補益
[Chorus 1] 流動光陰 自然 生生不息 上古神器 科技 默默承襲
[Chorus 2] 金木水火 有土 根深對應 五行色彩 相生 文明氣運
[Verse 3] 鰲立四極 頂天 九州護庇 屠龍水濟 立地 河洛太平
[Verse 4] 赤黃白青 玄隱 五石散去 女媧功成 仙去 化神傳奇
(Chorus Repeat x2)
[Bridge] 神魔對立 炎黃智啟 持規守矩 人間正義
[Verse 5] 更迭泰否 人間 肅殺損益 厚德道行 萬法 歸藏貞吉
[Outro] 九天正兮 五石並齊 四象守護 八脈延續
留言（ 2 ） 最相關留言 所有留言
留言（ 2 ）",2026-09-02,,AI 生成 Soundtrack / New age ・ 軒林詩,False,False,
2026-09-02 17:56:52,realtime,ai_generated,,,23,tackey747,[平凡的辛辣味],2,13,0,https://streetvoice.com/tackey747/songs/877516/,https://streetvoice.com/tackey747/,"https://akstatic.streetvoice.com/profile_images/ta/ck/tackey747/frcuESPayXBkp73uCxbqcK.jpeg?x-oss-process=image/resize,m_fixed,h_1,w_1,limit_0/resize,m_fixed,h_630,w_1200,limit_0/watermark,image_cHJvZmlsZV9pbWFnZXMvdGEvY2svdGFja2V5NzQ3L2ZyY3VFU1BheVhCa3A3M3VDeGJxY0suanBlZz94LW9zcy1wcm9jZXNzPWltYWdlL3Jlc2l6ZSxtX2ZpeGVkLGhfMzQ0LHdfMzQ0LGxpbWl0XzA,g_nw,x_428,y_143/watermark,image_YXNzZXQvaW1hZ2VzL21ldGFpbWFnZS1zb25nLnBuZw,g_nw,x_0,y_0",images/877516.jpeg,@tackey747,音樂人,,,,11,3,,,,https://www.youtube.com/user/StreetVoiceTV,,,Singer / Songwriter,,,,"【平凡的辛辣味】 #韓式音樂  #心情音樂  #Korean-style music  #feeling music 
【平凡的辛辣味】 #韓式音樂  #心情音樂  #Korean-style music  #feeling music","話筒那端的呼吸聲 漸漸沉進夜裡 三十歲的午後 又坐在熟悉的位置 重複說了千百遍 那一句禮貌的你好 笑著回答每個問題 卻忘了自己今天好不好 摘下耳機的那一刻 房間突然安靜得不像話 走回家裡只有小烏龜 還慢慢爬過我的腳下 一天累積的疲倦 沒有人需要知道 就讓它跟著夜色 一點一點消失掉 窗外的燈一盞一盞亮著 每一盞都像別人的生活 我沒有力氣羨慕什麼 只想安靜坐在這裡就好 不懂那些遙遠的韓國字語 卻喜歡它輕輕落下的聲音 像今天沒說出口的嘆息 慢慢飄進夜裡 
話筒那端的呼吸聲 漸漸沉進夜裡 三十歲的午後 又坐在熟悉的位置 重複說了千百遍 那一句禮貌的你好 笑著回答每個問題 卻忘了自己今天好不好 摘下耳機的那一刻 房間突然安靜得不像話 走回家裡只有小烏龜 還慢慢爬過我的腳下 一天累積的疲倦 沒有人需要知道 就讓它跟著夜色 一點一點消失掉 窗外的燈一盞一盞亮著 每一盞都像別人的生活 我沒有力氣羨慕什麼 只想安靜坐在這裡就好 不懂那些遙遠的韓國字語 卻喜歡它輕輕落下的聲音 像今天沒說出口的嘆息 慢慢飄進夜裡
留言（ 0 ） 最相關留言 所有留言
留言（ 0 ）",2026-09-02,,AI 生成 Singer / Songwriter,False,False,
2026-09-02 17:56:52,realtime,ai_generated,,,24,MoonX و…•و–¯,都市抒情《街角的燒鵝》|  Roast Goose on the Corner,14,27,9,https://streetvoice.com/MoonX_0325/songs/877183/,https://streetvoice.com/MoonX_0325/,"https://akstatic.streetvoice.com/song_covers/Mo/on/MoonX_0325/nmqwUZjom5GgsQQeUzSsaF.jpeg?x-oss-process=image/resize,m_fixed,h_1,w_1,limit_0/resize,m_fixed,h_630,w_1200,limit_0/watermark,image_c29uZ19jb3ZlcnMvTW8vb24vTW9vblhfMDMyNS9ubXF3VVpqb201R2dzUVFlVXpTc2FGLmpwZWc_eC1vc3MtcHJvY2Vzcz1pbWFnZS9yZXNpemUsbV9maXhlZCxoXzM0NCx3XzM0NCxsaW1pdF8w,g_nw,x_428,y_143/watermark,image_YXNzZXQvaW1hZ2VzL21ldGFpbWFnZS1zb25nLnBuZw,g_nw,x_0,y_0",images/877183.jpeg,,,,,,24,35,167,,,https://www.youtube.com/user/StreetVoiceTV,,,Pop,,,,"城市裡總有一些味道， 會讓人突然想起一段很久以前的回憶。 《街角的燒鵝》以熟悉的街角與燒鵝香氣為背景，把日常生活中的一頓飯，寫成一段屬於城市的故事。 街道依舊熱鬧，燈火依舊亮著，熟悉的香氣仍從街角飄來。 只是時間走過以後，有些風景還在，有些人和故事，卻已經留在從前。 也許我們懷念的從來不只是一道熟悉的味道， 而是那個曾經坐在身旁、陪我們一起吃飯的人。 一口燒鵝，一條老街，一段回不去的時光。 華語流行 × 都市故事 × 生活系抒情 
城市裡總有一些味道， 會讓人突然想起一段很久以前的回憶。
《街角的燒鵝》以熟悉的街角與燒鵝香氣為背景，把日常生活中的一頓飯，寫成一段屬於城市的故事。
街道依舊熱鬧，燈火依舊亮著，熟悉的香氣仍從街角飄來。 只是時間走過以後，有些風景還在，有些人和故事，卻已經留在從前。
也許我們懷念的從來不只是一道熟悉的味道， 而是那個曾經坐在身旁、陪我們一起吃飯的人。
一口燒鵝，一條老街，一段回不去的時光。
華語流行 × 都市故事 × 生活系抒情","動態歌詞
黃昏的霓虹燈 漸漸亮起 那家老店的香氣 又飄了過來…… 雨後的街道 倒映路燈光 推開玻璃門 映著滿窗煙霜 櫥窗裡 掛著金黃的渴望 沾上酸梅醬 撫平疲憊與傷 這城市太擁擠 故事太長 每個人都在尋找 避風港 不求轟轟烈烈 的夢想 只求這一刻 溫暖的飽足感 街角的燒鵝 伴著微亮的光 油脂的香氣 填滿深夜的孤單 一口酥脆的皮 一口溫熱的湯 把今天的辛苦 通通都放下 街角的燒鵝 陪伴我的平凡 平凡的滋味 就是最好的答案 角落的位置 留給疲憊的心 聽隔壁桌聊著 生活與命運 這小小的店面 裝滿煙火氣 熱氣騰騰裡 找回前行的勇氣 街角的燒鵝 伴著微亮的光 油脂的香氣 填滿深夜的孤單 一口酥脆的皮 一口溫熱的湯 把今天的辛苦 通通都放下 街角的燒鵝 陪伴我的平凡 平凡的滋味 就是最好的答案 走出店門 風有點涼 但心裡 卻有了暖意…… 街角的燒鵝 明晚見 
黃昏的霓虹燈 漸漸亮起 那家老店的香氣 又飄了過來…… 雨後的街道 倒映路燈光 推開玻璃門 映著滿窗煙霜 櫥窗裡 掛著金黃的渴望 沾上酸梅醬 撫平疲憊與傷 這城市太擁擠 故事太長 每個人都在尋找 避風港 不求轟轟烈烈 的夢想 只求這一刻 溫暖的飽足感 街角的燒鵝 伴著微亮的光 油脂的香氣 填滿深夜的孤單 一口酥脆的皮 一口溫熱的湯 把今天的辛苦 通通都放下 街角的燒鵝 陪伴我的平凡 平凡的滋味 就是最好的答案 角落的位置 留給疲憊的心 聽隔壁桌聊著 生活與命運 這小小的店面 裝滿煙火氣 熱氣騰騰裡 找回前行的勇氣 街角的燒鵝 伴著微亮的光 油脂的香氣 填滿深夜的孤單 一口酥脆的皮 一口溫熱的湯 把今天的辛苦 通通都放下 街角的燒鵝 陪伴我的平凡 平凡的滋味 就是最好的答案 走出店門 風有點涼 但心裡 卻有了暖意…… 街角的燒鵝 明晚見
留言（ 9 ） 最相關留言 所有留言
留言（ 9 ）",2026-08-31,,AI 生成 Pop,False,False,
2026-09-02 17:56:52,realtime,ai_generated,,,25,tackey747,[Jimy的童年時光],3,34,0,https://streetvoice.com/tackey747/songs/877402/,https://streetvoice.com/tackey747/,"https://akstatic.streetvoice.com/music_albums/ta/ck/tackey747/2snGWNyrnf9pCfhwPKHXrF.jpeg?x-oss-process=image/resize,m_fixed,h_1,w_1,limit_0/resize,m_fixed,h_630,w_1200,limit_0/watermark,image_bXVzaWNfYWxidW1zL3RhL2NrL3RhY2tleTc0Ny8yc25HV055cm5mOXBDZmh3UEtIWHJGLmpwZWc_eC1vc3MtcHJvY2Vzcz1pbWFnZS9yZXNpemUsbV9maXhlZCxoXzM0NCx3XzM0NCxsaW1pdF8w,g_nw,x_428,y_143/watermark,image_YXNzZXQvaW1hZ2VzL21ldGFpbWFnZS1zb25nLnBuZw,g_nw,x_0,y_0",images/877402.jpeg,@tackey747,音樂人,,,,11,3,,,,https://www.youtube.com/user/StreetVoiceTV,,,Singer / Songwriter,[看著你長大],https://streetvoice.com/tackey747/songs/album/97326014/,,"【Jimy的童年時光】 #外星寶寶音樂  #水果音樂  #alien baby music  #fruit music 
【Jimy的童年時光】 #外星寶寶音樂  #水果音樂  #alien baby music  #fruit music","午後的陽光 灑進了教室的課桌椅 黑板上還留著老師的字跡 Jimy他看著 在窗外飄揚的國旗 紅的藍的白的顏色 飛進他的瞳孔裡 電視機的螢幕上 亮起世界盃的開幕儀式 一幅幅旗幟 閃過他的眼睛的目光 美國、法國、日本、韓國 每一面國旗都有自己的響亮的名號 放學的路途中 Jimy他倒背碎碎唸著 台鐵車站的站名 從南到北像一場環島旅行 台鐵列車緩慢駛進月台的風景 Jimy他在心裡畫出 一條長長的列車軌跡 每一個日子 Jimy他最愛媽媽替他準備 每個季節的水果 蘋果兩顆擺滿小小的桌面 香蕉五根也嫌不够多 媽媽笑著問Jimy 你真的吃得完嗎 這就是Jimy他 感到最幸福的豐盛餐點 某一天 Jimy他認真的表情 對媽媽說起他的秘密 我其實是從遙遠星系來地球的外星人 他知道那個 在美國的神祕五十一區 那裡一定藏著外星人接觸的驚奇 只是他始終 皺著眉頭想不明白 寒假暑假清明端午中秋節日 為什麼總有一疊 寫不完的作業 Jimy他小小的腦袋 裝著大大的世界 國旗、車站、水果和作業 還有一個 媽媽都不認識的外星人 也許Jimy他真的來自某顆 重量只有八克的星星 Jimy他坐在房間學數學 書包沉默的斜躺著 Jimy他翻開世界地圖 看著各式各樣顏色的國旗 Jimy他期待著下一個目標 他想去探求 一個他未知的星際旅行 
午後的陽光 灑進了教室的課桌椅 黑板上還留著老師的字跡 Jimy他看著 在窗外飄揚的國旗 紅的藍的白的顏色 飛進他的瞳孔裡 電視機的螢幕上 亮起世界盃的開幕儀式 一幅幅旗幟 閃過他的眼睛的目光 美國、法國、日本、韓國 每一面國旗都有自己的響亮的名號 放學的路途中 Jimy他倒背碎碎唸著 台鐵車站的站名 從南到北像一場環島旅行 台鐵列車緩慢駛進月台的風景 Jimy他在心裡畫出 一條長長的列車軌跡 每一個日子 Jimy他最愛媽媽替他準備 每個季節的水果 蘋果兩顆擺滿小小的桌面 香蕉五根也嫌不够多 媽媽笑著問Jimy 你真的吃得完嗎 這就是Jimy他 感到最幸福的豐盛餐點 某一天 Jimy他認真的表情 對媽媽說起他的秘密 我其實是從遙遠星系來地球的外星人 他知道那個 在美國的神祕五十一區 那裡一定藏著外星人接觸的驚奇 只是他始終 皺著眉頭想不明白 寒假暑假清明端午中秋節日 為什麼總有一疊 寫不完的作業 Jimy他小小的腦袋 裝著大大的世界 國旗、車站、水果和作業 還有一個 媽媽都不認識的外星人 也許Jimy他真的來自某顆 重量只有八克的星星 Jimy他坐在房間學數學 書包沉默的斜躺著 Jimy他翻開世界地圖 看著各式各樣顏色的國旗 Jimy他期待著下一個目標 他想去探求 一個他未知的星際旅行
留言（ 0 ） 最相關留言 所有留言
留言（ 0 ）",2026-09-01,,AI 生成 Singer / Songwriter ・ [看著你長大],False,False,
2026-09-02 17:56:52,realtime,ai_generated,,,26,tackey747,[我與宏宏],3,19,0,https://streetvoice.com/tackey747/songs/877405/,https://streetvoice.com/tackey747/,"https://akstatic.streetvoice.com/music_albums/ta/ck/tackey747/2snGWNyrnf9pCfhwPKHXrF.jpeg?x-oss-process=image/resize,m_fixed,h_1,w_1,limit_0/resize,m_fixed,h_630,w_1200,limit_0/watermark,image_bXVzaWNfYWxidW1zL3RhL2NrL3RhY2tleTc0Ny8yc25HV055cm5mOXBDZmh3UEtIWHJGLmpwZWc_eC1vc3MtcHJvY2Vzcz1pbWFnZS9yZXNpemUsbV9maXhlZCxoXzM0NCx3XzM0NCxsaW1pdF8w,g_nw,x_428,y_143/watermark,image_YXNzZXQvaW1hZ2VzL21ldGFpbWFnZS1zb25nLnBuZw,g_nw,x_0,y_0",images/877405.jpeg,@tackey747,音樂人,,,,11,3,,,,https://www.youtube.com/user/StreetVoiceTV,,,Singer / Songwriter,[看著你長大],https://streetvoice.com/tackey747/songs/album/97326014/,,"【我與宏宏】 #母愛音樂  #成長音樂  #mother's love music  #growing music 
【我與宏宏】 #母愛音樂  #成長音樂  #mother's love music  #growing music","過年喜慶的日子 我們母子倆手牽手 龍山寺的菩薩慈悲 香煙裊裊漫過佛像 媽媽我雙手持香祈禱 心中唸著菩薩保佑 只求個一生平安圓滿 刮刮樂中獎夢想藏心中 兒子宏宏眼裡有蝙蝠俠 畫筆一揮披風展開變成滑翔翼 每一筆勾勒蝙蝠俠在高空展翅滑翔。 兒子的蝙蝠俠與媽媽的菩薩同行 守護著正義與平安 指引我們母子倆共相伴 心心相連尋找我們母子倆的幸福感 鞭炮隆隆聲響震天 穿過巷弄來到彩券行前 在每一張銀色塗層底下 小小的獎金在一張紙上綻放 藏著我與兒子宏宏最甜蜜的夢想 中獎的喜悅溫暖我們母子倆的手心 也照耀了我們母子倆相伴的尋常時光 一張刮刮樂每次刮開都是幸運中獎 這是我內心最暖心的一幕 
過年喜慶的日子 我們母子倆手牽手 龍山寺的菩薩慈悲 香煙裊裊漫過佛像 媽媽我雙手持香祈禱 心中唸著菩薩保佑 只求個一生平安圓滿 刮刮樂中獎夢想藏心中 兒子宏宏眼裡有蝙蝠俠 畫筆一揮披風展開變成滑翔翼 每一筆勾勒蝙蝠俠在高空展翅滑翔。 兒子的蝙蝠俠與媽媽的菩薩同行 守護著正義與平安 指引我們母子倆共相伴 心心相連尋找我們母子倆的幸福感 鞭炮隆隆聲響震天 穿過巷弄來到彩券行前 在每一張銀色塗層底下 小小的獎金在一張紙上綻放 藏著我與兒子宏宏最甜蜜的夢想 中獎的喜悅溫暖我們母子倆的手心 也照耀了我們母子倆相伴的尋常時光 一張刮刮樂每次刮開都是幸運中獎 這是我內心最暖心的一幕
留言（ 0 ） 最相關留言 所有留言
留言（ 0 ）",2026-09-01,,AI 生成 Singer / Songwriter ・ [看著你長大],False,False,
2026-09-02 17:56:52,realtime,ai_generated,,,27,tackey747,[陪你慢慢長大],3,13,0,https://streetvoice.com/tackey747/songs/877401/,https://streetvoice.com/tackey747/,"https://akstatic.streetvoice.com/music_albums/ta/ck/tackey747/2snGWNyrnf9pCfhwPKHXrF.jpeg?x-oss-process=image/resize,m_fixed,h_1,w_1,limit_0/resize,m_fixed,h_630,w_1200,limit_0/watermark,image_bXVzaWNfYWxidW1zL3RhL2NrL3RhY2tleTc0Ny8yc25HV055cm5mOXBDZmh3UEtIWHJGLmpwZWc_eC1vc3MtcHJvY2Vzcz1pbWFnZS9yZXNpemUsbV9maXhlZCxoXzM0NCx3XzM0NCxsaW1pdF8w,g_nw,x_428,y_143/watermark,image_YXNzZXQvaW1hZ2VzL21ldGFpbWFnZS1zb25nLnBuZw,g_nw,x_0,y_0",images/877401.jpeg,@tackey747,音樂人,,,,11,3,,,,https://www.youtube.com/user/StreetVoiceTV,,,Singer / Songwriter,[看著你長大],https://streetvoice.com/tackey747/songs/album/97326014/,,"【陪你慢慢長大】 #母愛音樂  #幸福音樂  #maternal love music  #happiness music 
【陪你慢慢長大】 #母愛音樂  #幸福音樂  #maternal love music  #happiness music","午後的微風 輕輕吹拂過你的頭髮 小小的手掌心 緊抱著媽媽我溫暖的擁抱 午後的夕陽 落在你小小的臉龐上 你坐在嬰兒車裡 睜大雙眼望著遠方 公園裡每一片葉子 都讓你充滿了驚訝 我抱著你 聽著你的呼吸 媽媽我的心 也跟著你慢慢長大成長 你還不懂這世界 有多少故事和風霜 只是安靜地看著我 笑得那麼天真無瑕 原來陪你走的每一步 也是陪我走過人生的路 你還不懂什麼是幸福 卻讓我看見幸福的模樣 如果時間的步調 不曾為我們母子倆 停下這一片刻 我只想把今天 好好收藏在心裡頭 記住你小小的身軀 依偎在我懷中 你對媽媽甜甜的笑聲 記住夕陽落在你小小的臉頰 記住微風輕輕吹拂的午後時光 我親愛的孩子豆漿 你也許還不懂媽媽的愛 但你是我生命裡 最愛的豆漿 公園裡的人來來去去 你的小眼睛追著 每一個新鮮的景象 你伸出小小的手 想把世界整個抱進你懷裡 而媽媽我跟在你的身邊 一步一步守護著你 偶爾你也會疲倦 輕輕靠在我的肩膀 那一瞬間 全世界都安靜了下來 我親愛的孩子 慢慢長大吧 你是媽媽我一生 最珍貴的時光 你放心的去飛翔吧 媽媽我會一直去守護著你 我也曾害怕擔心 怕我自己做得不夠好 看著你抬起你小小的頭殼 你仰著頭對著媽媽輕輕地微笑 我才終於明白 愛不是沒有煩惱 即使你哭喊眼裡有淚 我也願意一直擁抱著你 原來陪你走過的每一步 這也在陪我走過人生的路 你還不懂什麼叫幸福 卻讓我知道幸福的模樣 如果有一天 你不再牽著媽媽的手 你有自己的天空要翱翔 也有自己的夢要追逐 請記得那個午後 你曾用小小的手擁抱住媽媽我 而我會用一生 記住那一刻的溫柔 媽媽我只希望你知道 無論你飛向自己的未來 不管未來你走到多遠的地方 在你感受到疲倦的時候 永遠都有一個家 感謝你來到我的生命裡 不是偶然的一場相遇 你讓平凡的每一天 都有了媽媽我值得期待的意義 此時此刻媽媽我抱著你 看著你慢慢長大 媽媽也慢慢學會不慌張 不求你永遠留在我身旁 只願你勇敢走遍遠方 請記得不管世界多大 總有一盞燈為你亮著 那是媽媽我藏在心裡 永遠不會熄滅的牽掛 你可以放心飛翔 去尋找屬於你的陽光 媽媽我一直都在原來的地方 
午後的微風 輕輕吹拂過你的頭髮 小小的手掌心 緊抱著媽媽我溫暖的擁抱 午後的夕陽 落在你小小的臉龐上 你坐在嬰兒車裡 睜大雙眼望著遠方 公園裡每一片葉子 都讓你充滿了驚訝 我抱著你 聽著你的呼吸 媽媽我的心 也跟著你慢慢長大成長 你還不懂這世界 有多少故事和風霜 只是安靜地看著我 笑得那麼天真無瑕 原來陪你走的每一步 也是陪我走過人生的路 你還不懂什麼是幸福 卻讓我看見幸福的模樣 如果時間的步調 不曾為我們母子倆 停下這一片刻 我只想把今天 好好收藏在心裡頭 記住你小小的身軀 依偎在我懷中 你對媽媽甜甜的笑聲 記住夕陽落在你小小的臉頰 記住微風輕輕吹拂的午後時光 我親愛的孩子豆漿 你也許還不懂媽媽的愛 但你是我生命裡 最愛的豆漿 公園裡的人來來去去 你的小眼睛追著 每一個新鮮的景象 你伸出小小的手 想把世界整個抱進你懷裡 而媽媽我跟在你的身邊 一步一步守護著你 偶爾你也會疲倦 輕輕靠在我的肩膀 那一瞬間 全世界都安靜了下來 我親愛的孩子 慢慢長大吧 你是媽媽我一生 最珍貴的時光 你放心的去飛翔吧 媽媽我會一直去守護著你 我也曾害怕擔心 怕我自己做得不夠好 看著你抬起你小小的頭殼 你仰著頭對著媽媽輕輕地微笑 我才終於明白 愛不是沒有煩惱 即使你哭喊眼裡有淚 我也願意一直擁抱著你 原來陪你走過的每一步 這也在陪我走過人生的路 你還不懂什麼叫幸福 卻讓我知道幸福的模樣 如果有一天 你不再牽著媽媽的手 你有自己的天空要翱翔 也有自己的夢要追逐 請記得那個午後 你曾用小小的手擁抱住媽媽我 而我會用一生 記住那一刻的溫柔 媽媽我只希望你知道 無論你飛向自己的未來 不管未來你走到多遠的地方 在你感受到疲倦的時候 永遠都有一個家 感謝你來到我的生命裡 不是偶然的一場相遇 你讓平凡的每一天 都有了媽媽我值得期待的意義 此時此刻媽媽我抱著你 看著你慢慢長大 媽媽也慢慢學會不慌張 不求你永遠留在我身旁 只願你勇敢走遍遠方 請記得不管世界多大 總有一盞燈為你亮著 那是媽媽我藏在心裡 永遠不會熄滅的牽掛 你可以放心飛翔 去尋找屬於你的陽光 媽媽我一直都在原來的地方
留言（ 0 ） 最相關留言 所有留言
留言（ 0 ）",2026-09-01,,AI 生成 Singer / Songwriter ・ [看著你長大],False,False,
2026-09-02 17:56:52,realtime,ai_generated,,,28,hinxlinx,《五色石曲》(EVer.01) | 原創8位元遊戲音樂,3,5,0,https://streetvoice.com/hinxlinx/songs/877515/,https://streetvoice.com/hinxlinx/,"https://akstatic.streetvoice.com/song_covers/hi/nx/hinxlinx/gtoJGyfobz4MDtxJWQ8nNc.jpeg?x-oss-process=image/resize,m_fixed,h_1,w_1,limit_0/resize,m_fixed,h_630,w_1200,limit_0/watermark,image_c29uZ19jb3ZlcnMvaGkvbngvaGlueGxpbngvZ3RvSkd5Zm9iejRNRHR4SldROG5OYy5qcGVnP3gtb3NzLXByb2Nlc3M9aW1hZ2UvcmVzaXplLG1fZml4ZWQsaF8zNDQsd18zNDQsbGltaXRfMA,g_nw,x_428,y_143/watermark,image_YXNzZXQvaW1hZ2VzL21ldGFpbWFnZS1zb25nLnBuZw,g_nw,x_0,y_0",images/877515.jpeg,@hinxlinx,音樂人,,,,56,10,14,,,https://www.youtube.com/user/StreetVoiceTV,,,Electronic,樂曲集,https://streetvoice.com/hinxlinx/songs/album/97325859/,,"曲: hinxlinx 軒林 (2026，原錄音(2026) 風格: Chiptune, 8-bit, Video Game Music 音樂由Suno AI照本人錄音生成。 《五色石曲》｜原創中文歌曲: https://streetvoice.com/hinxlinx/songs/877514/ 
曲: hinxlinx 軒林 (2026，原錄音(2026) 風格: Chiptune, 8-bit, Video Game Music 音樂由Suno AI照本人錄音生成。
《五色石曲》｜原創中文歌曲: https://streetvoice.com/hinxlinx/songs/877514/
https://streetvoice.com/hinxlinx/songs/877514/","此曲唱的是《龍影俠蹤》故事設定中一萬兩千年前的「五色石」文明。 「五行」組合變化之科技應用是該文明高度發達的原因。 但此文明仍是不患寡而患不均… 女媧最終用盡「五色石」，阻止了新仙女木小行星撞擊， 此高科技文明灰飛煙滅，留下「五色石」的殘餘， 仍執行女媧的指令，守護人類文明。 
此曲唱的是《龍影俠蹤》故事設定中一萬兩千年前的「五色石」文明。 「五行」組合變化之科技應用是該文明高度發達的原因。 但此文明仍是不患寡而患不均… 女媧最終用盡「五色石」，阻止了新仙女木小行星撞擊， 此高科技文明灰飛煙滅，留下「五色石」的殘餘， 仍執行女媧的指令，守護人類文明。
留言（ 0 ） 最相關留言 所有留言
留言（ 0 ）",2026-09-02,,AI 生成 Electronic ・ 樂曲集,False,False,
2026-09-02 17:56:52,realtime,ai_generated,,,29,song for whom(зӮәиӘ°е”ұжӯҢ),王子迷路了,8,35,2,https://streetvoice.com/ruby2100/songs/875842/,https://streetvoice.com/ruby2100/,"https://akstatic.streetvoice.com/song_covers/ru/by/ruby2100/HBUcBCHF3iMeMhnNaVtesz.jpeg?x-oss-process=image/resize,m_fixed,h_1,w_1,limit_0/resize,m_fixed,h_630,w_1200,limit_0/watermark,image_c29uZ19jb3ZlcnMvcnUvYnkvcnVieTIxMDAvSEJVY0JDSEYzaU1lTWhuTmFWdGVzei5qcGVnP3gtb3NzLXByb2Nlc3M9aW1hZ2UvcmVzaXplLG1fZml4ZWQsaF8zNDQsd18zNDQsbGltaXRfMA,g_nw,x_428,y_143/watermark,image_YXNzZXQvaW1hZ2VzL21ldGFpbWFnZS1zb25nLnBuZw,g_nw,x_0,y_0",images/875842.jpeg,,,,,,152,27,19,,,https://www.youtube.com/user/StreetVoiceTV,,,Alternative,童話失控以後,https://streetvoice.com/ruby2100/songs/album/97325902/,,"「皇冠看起來很亮，真正戴上去的人，才知道它有多沉。」 《王子迷路了》是一首帶著童話反轉、脆弱男聲與自我救贖感的歌曲。 霧裡的黃昏， 地圖畫滿城門， 卻沒有畫出他心裡真正的疑問。 故事叫他英勇， 叫他不能害怕， 叫他拿起劍去拯救別人， 可沒有人問過他： 如果王子自己也快撐不住了呢？ 最喜歡的一句是： 「我不是誰的光，也找不到城堡的方向。」 這句很打破童話。 因為我們總以為王子就該勇敢， 就該完美， 就該在故事最後帶著答案出現。 可這首歌裡的王子， 其實也會迷路， 也會失眠， 也會在森林深處承認自己害怕。 《王子迷路了》寫的不只是童話角色的崩塌， 更是那些被期待壓住的人。 他們被要求發光， 被要求堅強， 被要求成為別人的答案， 卻常常忘了自己也需要被理解。 白馬停在老樹旁， 劍被慢慢放下， 那一刻不是失敗， 而是他第一次真正誠實地面對自己。 如果英雄只是硬撐一場， 那他想先學會救自己一趟。 森林還很長， 月亮落在肩上。 他沒有找到城堡， 卻終於找回了自己的方向。 — 菲爾路 
「皇冠看起來很亮，真正戴上去的人，才知道它有多沉。」
《王子迷路了》是一首帶著童話反轉、脆弱男聲與自我救贖感的歌曲。
霧裡的黃昏，
地圖畫滿城門，
卻沒有畫出他心裡真正的疑問。
故事叫他英勇，
叫他不能害怕，
叫他拿起劍去拯救別人，
可沒有人問過他：
如果王子自己也快撐不住了呢？
最喜歡的一句是：
「我不是誰的光，也找不到城堡的方向。」
這句很打破童話。
因為我們總以為王子就該勇敢，
就該完美，
就該在故事最後帶著答案出現。
可這首歌裡的王子，
其實也會迷路，
也會失眠，
也會在森林深處承認自己害怕。
《王子迷路了》寫的不只是童話角色的崩塌，
更是那些被期待壓住的人。
他們被要求發光，
被要求堅強，
被要求成為別人的答案，
卻常常忘了自己也需要被理解。
白馬停在老樹旁，
劍被慢慢放下，
那一刻不是失敗，
而是他第一次真正誠實地面對自己。
如果英雄只是硬撐一場，
那他想先學會救自己一趟。
森林還很長，
月亮落在肩上。
他沒有找到城堡，
卻終於找回了自己的方向。
— 菲爾路","動態歌詞
皇冠壓得太沉 我走進霧裡黃昏 我走進霧裡黃昏 地圖畫滿了城門 卻沒畫我的疑問 故事叫我要英勇 叫我別害怕裂縫 可劍在手裡發冷 我連自己都找不準 傳說裡那座城堡 燈火亮得像圈套 有人等我去拯救 可我也快要跌倒 森林越走越深 月光越來越冷 我聽見童話崩塌一聲 像誰喊錯了我的身份 我不是誰的光 也找不到城堡的方向 他們說王子不該慌張 可我連笑都快裝不像 我不是誰的答案 也沒比怪物更勇敢 如果英雄只是硬撐一場 那我想先學會 救自己一趟 白馬停在老樹旁 低頭不肯再流浪 玫瑰長滿了刺牆 每朵都像舊勳章 我看見鏡中的少年 我看見鏡中的少年 披著閃亮的謊言 原來被期待的人 也會偷偷失眠 王子迷路了 沒人來接他 他把劍放下 第一次承認 自己也會害怕 我不是誰的光 也找不到城堡的方向 他們說王子不該慌張 可我連夢都快撐不長 我不是誰的答案 也沒比怪物更勇敢 如果童話一定要收場 那我想先走出 自己的迷惘 森林還很長 月亮落在肩上 我沒有找到城堡 卻找回了 自己的方向 
皇冠壓得太沉 我走進霧裡黃昏 我走進霧裡黃昏 地圖畫滿了城門 卻沒畫我的疑問 故事叫我要英勇 叫我別害怕裂縫 可劍在手裡發冷 我連自己都找不準 傳說裡那座城堡 燈火亮得像圈套 有人等我去拯救 可我也快要跌倒 森林越走越深 月光越來越冷 我聽見童話崩塌一聲 像誰喊錯了我的身份 我不是誰的光 也找不到城堡的方向 他們說王子不該慌張 可我連笑都快裝不像 我不是誰的答案 也沒比怪物更勇敢 如果英雄只是硬撐一場 那我想先學會 救自己一趟 白馬停在老樹旁 低頭不肯再流浪 玫瑰長滿了刺牆 每朵都像舊勳章 我看見鏡中的少年 我看見鏡中的少年 披著閃亮的謊言 原來被期待的人 也會偷偷失眠 王子迷路了 沒人來接他 他把劍放下 第一次承認 自己也會害怕 我不是誰的光 也找不到城堡的方向 他們說王子不該慌張 可我連夢都快撐不長 我不是誰的答案 也沒比怪物更勇敢 如果童話一定要收場 那我想先走出 自己的迷惘 森林還很長 月亮落在肩上 我沒有找到城堡 卻找回了 自己的方向
留言（ 2 ） 最相關留言 所有留言
留言（ 2 ）",2026-08-31,,AI 生成 Alternative ・ 童話失控以後,False,False,
2026-09-02 17:56:52,realtime,ai_generated,,,30,Y&amp;J,Type Double!,5,6,1,https://streetvoice.com/YNJ_STUDIO_TGE/songs/877380/,https://streetvoice.com/YNJ_STUDIO_TGE/,"https://akstatic.streetvoice.com/song_covers/YN/J_/YNJ_STUDIO_TGE/jyAz8mMUM5yV54eBz3axSd.jpg?x-oss-process=image/resize,m_fixed,h_1,w_1,limit_0/resize,m_fixed,h_630,w_1200,limit_0/watermark,image_c29uZ19jb3ZlcnMvWU4vSl8vWU5KX1NUVURJT19UR0UvanlBejhtTVVNNXlWNTRlQnozYXhTZC5qcGc_eC1vc3MtcHJvY2Vzcz1pbWFnZS9yZXNpemUsbV9maXhlZCxoXzM0NCx3XzM0NCxsaW1pdF8w,g_nw,x_428,y_143/watermark,image_YXNzZXQvaW1hZ2VzL21ldGFpbWFnZS1zb25nLnBuZw,g_nw,x_0,y_0",images/877380.jpg,@YNJ_STUDIO_TGE,音樂人,新北市,2025-06-01,,12,5,4,,,https://www.youtube.com/user/StreetVoiceTV,,,Dance,,,Hanjane韓珍、Hanyang韓楊,"Type Double! 是遲來的夏日單曲 由韓珍擔當主要製作人 歌裡的 “Type Double” 的意思正是代表Y&J兩人！ 裡面也描述了對粉絲與愛人的愛 以甜蜜的 Dance pop 為主的甜蜜主打！ 
Type Double! 是遲來的夏日單曲 由韓珍擔當主要製作人 歌裡的 “Type Double” 的意思正是代表Y&J兩人！ 裡面也描述了對粉絲與愛人的愛 以甜蜜的 Dance pop 為主的甜蜜主打！","[Intro-Spoken Word-Hanyang] Hey, guys..., Do you know what day it is today? (what?) It's Y&J Summer! (Wow!) [Verse-1-Hanyang] Hey, Do you wanna play a game (Um-Um~) Do you know my heart is what B.P.M~ 我不想要只是 friend, 我想要成為你的 Only one 也許這就是像你說的愛，看著極光在天空亮閃閃 但我該用什麼來回答你的 like~ (Mmm, I don't know~) [Pre-Chorus-1-Hanjane] 我知道你想要得到什麼樣子的愛~ (Mmm~) You don't want me to leave with just a kiss before saying goodbye So I'll give you two options~, just... Yes or Yes! (Hehehe~) [Chorus] [Hanyang] Baby!, Maybe i just your Type Double~ (Da, da, da, Double!) Three two one, Let's go, let's go~ [Hanjane] Oh~, You don't want a Barbie doll, 所以我想要成為你的完美女友 I hope I can be your only Type Girl, 所以別帶給我傷痛-Ooh~ [Hanyang] 我嘗試成為你的 Ty, ty, Type, 所以就接受我的 Ha, ha, Heart~ [Hanjane] Admit it, I am your Type Double~ [Interlude-Hanyang-] Hey, Do you feel that sweet by sweet! (Hahaha~) [Verse-2] [Hanyang] 嚐嚐那漫不經心帶來的甜味 (Yah!) Oh, Don't be shy my bébé~. 那些曖昧...，讓我們成為焦點！ 那些餘溫....，就像炙熱的海水！ Maybe..., Our feelings have gone beyond friend! [Hanjane] You know what I want, so why, so 別拒絕我的愛~ 別在做無用的試探，你的全部我全部都 Like it! (Hehehe~) [Pre-Chorus-2-Hanyang] Youuu~ i want it!, Cryyy~ don't like that! I am, best, so, give, me, little kiss! 倒數三 二 一，別再遮掩你喜歡我的樣子！ (bling!) [Chorus] [Hanjane] Baby!, Maybe i just your Type Double~ (Da, da, da, Double!) Three two one, Let's go, let's go~ [Hanyang] Oh~, You don't want a Barbie doll, 所以我想要成為你的完美女友 [Bridge] [Hanjane] 如果我還沒遇見你我會在哪裡？，我們這一段愛是否會成為秘密？ 我不希望被當成一段 secret, because i Want to be the only... [Hanyang] (Hehe~ I know I already am~) [Chorus-Key Change] [Hanjane & Hanyang Duet] (Ooh-My baby~) Maybe i just your Type Double~ (Da, da, da, Double!) Three two one, Let's go, let's go~ (Oh-Oooh-Oh-Oh~) [Hanjane] Oh~, You don't want a Barbie doll, 所以我想要成為你的完美女友 (女友~) [Hanjane & Hanyang Duet] I hope I can be your only Type Girl, 所以別帶給我傷痛-Ooh~ [Hanyang] 我嘗試成為你的 Ty, ty, Type, 所以就接受我的 Ha, ha, Heart~ Admit it, I am your Type Double~ 
[Intro-Spoken Word-Hanyang] Hey, guys..., Do you know what day it is today? (what?) It's Y&J Summer! (Wow!)
[Verse-1-Hanyang] Hey, Do you wanna play a game (Um-Um~) Do you know my heart is what B.P.M~ 我不想要只是 friend, 我想要成為你的 Only one 也許這就是像你說的愛，看著極光在天空亮閃閃 但我該用什麼來回答你的 like~ (Mmm, I don't know~)
[Pre-Chorus-1-Hanjane] 我知道你想要得到什麼樣子的愛~ (Mmm~) You don't want me to leave with just a kiss before saying goodbye So I'll give you two options~, just... Yes or Yes! (Hehehe~)
[Chorus] [Hanyang] Baby!, Maybe i just your Type Double~ (Da, da, da, Double!) Three two one, Let's go, let's go~ [Hanjane] Oh~, You don't want a Barbie doll, 所以我想要成為你的完美女友 I hope I can be your only Type Girl, 所以別帶給我傷痛-Ooh~ [Hanyang] 我嘗試成為你的 Ty, ty, Type, 所以就接受我的 Ha, ha, Heart~ [Hanjane] Admit it, I am your Type Double~
[Interlude-Hanyang-] Hey, Do you feel that sweet by sweet! (Hahaha~)
[Verse-2] [Hanyang] 嚐嚐那漫不經心帶來的甜味 (Yah!) Oh, Don't be shy my bébé~. 那些曖昧...，讓我們成為焦點！ 那些餘溫....，就像炙熱的海水！ Maybe..., Our feelings have gone beyond friend! [Hanjane] You know what I want, so why, so 別拒絕我的愛~ 別在做無用的試探，你的全部我全部都 Like it! (Hehehe~)
[Pre-Chorus-2-Hanyang] Youuu~ i want it!, Cryyy~ don't like that! I am, best, so, give, me, little kiss! 倒數三 二 一，別再遮掩你喜歡我的樣子！ (bling!)
[Chorus] [Hanjane] Baby!, Maybe i just your Type Double~ (Da, da, da, Double!) Three two one, Let's go, let's go~ [Hanyang] Oh~, You don't want a Barbie doll, 所以我想要成為你的完美女友
[Bridge] [Hanjane] 如果我還沒遇見你我會在哪裡？，我們這一段愛是否會成為秘密？ 我不希望被當成一段 secret, because i Want to be the only... [Hanyang] (Hehe~ I know I already am~)
[Chorus-Key Change] [Hanjane & Hanyang Duet] (Ooh-My baby~) Maybe i just your Type Double~ (Da, da, da, Double!) Three two one, Let's go, let's go~ (Oh-Oooh-Oh-Oh~) [Hanjane] Oh~, You don't want a Barbie doll, 所以我想要成為你的完美女友 (女友~) [Hanjane & Hanyang Duet] I hope I can be your only Type Girl, 所以別帶給我傷痛-Ooh~ [Hanyang] 我嘗試成為你的 Ty, ty, Type, 所以就接受我的 Ha, ha, Heart~ Admit it, I am your Type Double~
留言（ 1 ） 最相關留言 所有留言
留言（ 1 ）",2026-09-01,,AI 生成 Dance,False,False,
2026-09-02 17:56:52,realtime,ai_generated,,,31,Love_Lee2026,忘记了我是谁,4,4,0,https://streetvoice.com/Love_Lee2026/songs/877453/,https://streetvoice.com/Love_Lee2026/,"https://akstatic.streetvoice.com/song_covers/Lo/ve/Love_Lee2026/8DB6pchkXJo8ab8TddMoPW.jpg?x-oss-process=image/resize,m_fixed,h_1,w_1,limit_0/resize,m_fixed,h_630,w_1200,limit_0/watermark,image_c29uZ19jb3ZlcnMvTG8vdmUvTG92ZV9MZWUyMDI2LzhEQjZwY2hrWEpvOGFiOFRkZE1vUFcuanBnP3gtb3NzLXByb2Nlc3M9aW1hZ2UvcmVzaXplLG1fZml4ZWQsaF8zNDQsd18zNDQsbGltaXRfMA,g_nw,x_428,y_143/watermark,image_YXNzZXQvaW1hZ2VzL21ldGFpbWFnZS1zb25nLnBuZw,g_nw,x_0,y_0",images/877453.jpg,@Love_Lee2026,音樂人,,,,1,,,,,https://www.youtube.com/user/StreetVoiceTV,,,Pop,,,,"深夜一个人喝到分不清酒和泪，醒来还是撕心裂肺。 
深夜一个人喝到分不清酒和泪，醒来还是撕心裂肺。","深夜里一个人独自买醉 分不清杯子里是酒还是泪 喝到最后连自己都不知道是谁 暂时的麻醉醒来之后还是撕心裂肺 心碎了又能怪谁 只能自己来安慰 因为你哭干了泪 受伤的心用酒来麻醉 是你伤害了我真的好难过 想起你的好总比伤痛多 明明知道不爱我为什么还要靠近我 对你付出这么多为什么这样伤害我 是你伤害了我真的好难过 想起你的好总比伤痛多 把我伤的这么深我还轻易相信谁 不知是一份孽缘还是我上辈子欠你太多 
深夜里一个人独自买醉 分不清杯子里是酒还是泪 喝到最后连自己都不知道是谁 暂时的麻醉醒来之后还是撕心裂肺
心碎了又能怪谁 只能自己来安慰 因为你哭干了泪 受伤的心用酒来麻醉
是你伤害了我真的好难过 想起你的好总比伤痛多 明明知道不爱我为什么还要靠近我 对你付出这么多为什么这样伤害我
是你伤害了我真的好难过 想起你的好总比伤痛多 把我伤的这么深我还轻易相信谁 不知是一份孽缘还是我上辈子欠你太多
留言（ 0 ） 最相關留言 所有留言
留言（ 0 ）",2026-09-01,,AI 生成 Pop,False,False,
2026-09-02 17:56:52,realtime,ai_generated,,,32,tackey747,[平凡的辛辣味],2,6,1,https://streetvoice.com/tackey747/songs/877522/,https://streetvoice.com/tackey747/,"https://akstatic.streetvoice.com/profile_images/ta/ck/tackey747/frcuESPayXBkp73uCxbqcK.jpeg?x-oss-process=image/resize,m_fixed,h_1,w_1,limit_0/resize,m_fixed,h_630,w_1200,limit_0/watermark,image_cHJvZmlsZV9pbWFnZXMvdGEvY2svdGFja2V5NzQ3L2ZyY3VFU1BheVhCa3A3M3VDeGJxY0suanBlZz94LW9zcy1wcm9jZXNzPWltYWdlL3Jlc2l6ZSxtX2ZpeGVkLGhfMzQ0LHdfMzQ0LGxpbWl0XzA,g_nw,x_428,y_143/watermark,image_YXNzZXQvaW1hZ2VzL21ldGFpbWFnZS1zb25nLnBuZw,g_nw,x_0,y_0",images/877522.jpeg,@tackey747,音樂人,,,,11,3,,,,https://www.youtube.com/user/StreetVoiceTV,,,Singer / Songwriter,,,,"【平凡的辛辣味】 #韓式音樂  #心情音樂  #Korean-style music  #feeling music 
【平凡的辛辣味】 #韓式音樂  #心情音樂  #Korean-style music  #feeling music","話筒那端的呼吸聲 漸漸沉進夜裡 三十歲的午後 又坐在熟悉的位置 重複說了千百遍 那一句禮貌的你好 笑著回答每個問題 卻忘了自己今天好不好 摘下耳機的那一刻 房間突然安靜得不像話 走回家裡只有小烏龜 還慢慢爬過我的腳下 一天累積的疲倦 沒有人需要知道 就讓它跟著夜色 一點一點消失掉 窗外的燈一盞一盞亮著 每一盞都像別人的生活 我沒有力氣羨慕什麼 只想安靜坐在這裡就好 不懂那些遙遠的韓國字語 卻喜歡它輕輕落下的聲音 像今天沒說出口的嘆息 慢慢飄進夜裡 
話筒那端的呼吸聲 漸漸沉進夜裡 三十歲的午後 又坐在熟悉的位置 重複說了千百遍 那一句禮貌的你好 笑著回答每個問題 卻忘了自己今天好不好 摘下耳機的那一刻 房間突然安靜得不像話 走回家裡只有小烏龜 還慢慢爬過我的腳下 一天累積的疲倦 沒有人需要知道 就讓它跟著夜色 一點一點消失掉 窗外的燈一盞一盞亮著 每一盞都像別人的生活 我沒有力氣羨慕什麼 只想安靜坐在這裡就好 不懂那些遙遠的韓國字語 卻喜歡它輕輕落下的聲音 像今天沒說出口的嘆息 慢慢飄進夜裡
留言（ 1 ） 最相關留言 所有留言
留言（ 1 ）",2026-09-02,,AI 生成 Singer / Songwriter,False,False,
2026-09-02 17:56:52,realtime,ai_generated,,,33,hinxlinx,《蒼藍星點》| 原創中文歌曲,5,12,5,https://streetvoice.com/hinxlinx/songs/877337/,https://streetvoice.com/hinxlinx/,"https://akstatic.streetvoice.com/song_covers/hi/nx/hinxlinx/P2RgARaFwDM3HCeZ8v8uxv.jpeg?x-oss-process=image/resize,m_fixed,h_1,w_1,limit_0/resize,m_fixed,h_630,w_1200,limit_0/watermark,image_c29uZ19jb3ZlcnMvaGkvbngvaGlueGxpbngvUDJSZ0FSYUZ3RE0zSENlWjh2OHV4di5qcGVnP3gtb3NzLXByb2Nlc3M9aW1hZ2UvcmVzaXplLG1fZml4ZWQsaF8zNDQsd18zNDQsbGltaXRfMA,g_nw,x_428,y_143/watermark,image_YXNzZXQvaW1hZ2VzL21ldGFpbWFnZS1zb25nLnBuZw,g_nw,x_0,y_0",images/877337.jpeg,@hinxlinx,音樂人,,,,56,10,14,,,https://www.youtube.com/user/StreetVoiceTV,,,Blues,如是道,https://streetvoice.com/hinxlinx/songs/album/97325855/,,"曲: hinxlinx (2026) / 詞: 軒林 (2026) 風格: Acoustic blues, Unplugged 曲詞原創，無人工智能輔助。 音樂由Suno AI照本人錄音生成。 《蒼藍星點》(EVer.01) | 原創8位元遊戲音樂: https://streetvoice.com/hinxlinx/songs/877339/ 
曲: hinxlinx (2026) / 詞: 軒林 (2026) 風格: Acoustic blues, Unplugged 曲詞原創，無人工智能輔助。 音樂由Suno AI照本人錄音生成。
《蒼藍星點》(EVer.01) | 原創8位元遊戲音樂: https://streetvoice.com/hinxlinx/songs/877339/
https://streetvoice.com/hinxlinx/songs/877339/","[Verse 1] 蒼藍星點 宇宙是家園 否泰人間 生世在此演 舞台萬變 如幻亦如電 世道奇千 浮海一粟懸 [Pre-Chorus] 文明興衰成滅 征戰守護無歇 人倫道法立建 聖賢愚劣褒貶 信仰教義成篇 功過成敗誰念 一砂浮沉色界 [Chorus] 患寡利益貪念 腥風血雨無間 榮耀勝利如煙 不均恆常無憐 誤解根深成見 仇恨熾烈不滅 光塵彈指一捻 [Bridge] 浩浩銀河星宴 小小舞台丁點 明明晦晦自旋 啟明自選 [Outro] 蒼藍點 星塵間 真善美 心體驗 蒼藍點 晨光見 去執怨 無礙念 蒼藍點 是家園 惜本源 萬物衍 蒼藍點 謙卑念 微觀憐 宏觀圓 
[Verse 1] 蒼藍星點 宇宙是家園 否泰人間 生世在此演 舞台萬變 如幻亦如電 世道奇千 浮海一粟懸
[Pre-Chorus] 文明興衰成滅 征戰守護無歇 人倫道法立建 聖賢愚劣褒貶 信仰教義成篇 功過成敗誰念 一砂浮沉色界
[Chorus] 患寡利益貪念 腥風血雨無間 榮耀勝利如煙 不均恆常無憐 誤解根深成見 仇恨熾烈不滅 光塵彈指一捻
[Bridge] 浩浩銀河星宴 小小舞台丁點 明明晦晦自旋 啟明自選
[Outro] 蒼藍點 星塵間 真善美 心體驗 蒼藍點 晨光見 去執怨 無礙念
蒼藍點 是家園 惜本源 萬物衍 蒼藍點 謙卑念 微觀憐 宏觀圓
留言（ 5 ） 最相關留言 所有留言
留言（ 5 ）",2026-08-31,,AI 生成 Blues ・ 如是道,False,False,
2026-09-02 17:56:52,realtime,ai_generated,,,34,JoYoung,嫦娥悲月,3,4,0,https://streetvoice.com/JoYoung88/songs/877505/,https://streetvoice.com/JoYoung88/,"https://akstatic.streetvoice.com/song_covers/Jo/Yo/JoYoung88/gszaoGr433W7Bt89jubCRF.jpeg?x-oss-process=image/resize,m_fixed,h_1,w_1,limit_0/resize,m_fixed,h_630,w_1200,limit_0/watermark,image_c29uZ19jb3ZlcnMvSm8vWW8vSm9Zb3VuZzg4L2dzemFvR3I0MzNXN0J0ODlqdWJDUkYuanBlZz94LW9zcy1wcm9jZXNzPWltYWdlL3Jlc2l6ZSxtX2ZpeGVkLGhfMzQ0LHdfMzQ0LGxpbWl0XzA,g_nw,x_428,y_143/watermark,image_YXNzZXQvaW1hZ2VzL21ldGFpbWFnZS1zb25nLnBuZw,g_nw,x_0,y_0",images/877505.jpeg,@JoYoung88,音樂人,,,,17,1,1,,,https://www.youtube.com/user/StreetVoiceTV,,,Folk,,,,"嫦娥奔月並非飄逸欣然如你想像，而是無奈孤自面對洪荒與廣寒。 【原創歌詞 / Ai協作曲唱】 這是對樵楊（JoYoung）原創作品《嫦娥悲月》的文學賞析與客觀評論。本曲將遠古神話淬煉為具備中式古典美感的詩詞，敘事層次分明，情感哀怨動人。 🏹 敘事鋪陳：從英雄史詩到悲劇轉折 歌曲前半段以白話敘事詩開篇，大刀闊斧地勾勒出洪荒時代的宏大背景。 ◆英雄崛起：開意象鮮明，透過「十日並出」與「百姓炙熱」的對比，突顯后羿「舉弓射九陽」的悲憫與英勇。 ◆命運無常：後半段筆鋒一轉，「浪漫變成遺憾」預示了情深的宿命悲劇，為讀者營造出強烈的心理落差。 📜 韻致結構：七言駢體與古典意象的交融 核心唱段轉入七言駢體詩的格式，格式整齊，字句精煉，極具中式古典樂府的韻味。 ◆精煉留白：僅用「瑤母贈瓊丹」、「將巾匣中藏」便交代理了仙藥的由來與夫妻相守的承諾。 ◆動態衝突：以「劣徒邪覬妄」與「羸弱無奈」對比，張力十足，寫活了嫦娥在危急關頭被迫吞藥奔月的絕望與孤獨。 🌙 情感昇華：意象創新與悲劇美學 本作品最亮眼之處，在於對傳統「玉兔」意象的創新詮釋。 ◆深情化身：詞作打破「嫦娥奔月、玉兔搗藥」的傳統平行敘事，將玉兔寫作嫦娥「睎君憔眷」後、因思念丈夫而化身的凡間形體。 ◆視覺凝練：結句「攀伏桂枝淒凝望，瞳紅淚恨緣斷殘」堪稱神來之筆。將兔子的紅眼睛（瞳紅）具象化為思念與悔恨的淚痕，把「緣斷殘」的悽愴美感推向了極致。 ⚖️ 客觀總結 《嫦娥悲月》成功將耳熟能詳的神話重構為一首雅俗共賞的古風佳作。前半段白話敘事如引言，後半段七言詩文如核心。全詞用字典雅、層次井然，在中式古典風格的骨架中，注入了極具渲染力的悲劇情感，展現了作者深厚的古典文學素養與浪漫的想像力。 「以上這段賞析評論是由 Ai 產生」 
嫦娥奔月並非飄逸欣然如你想像，而是無奈孤自面對洪荒與廣寒。 【原創歌詞 / Ai協作曲唱】 這是對樵楊（JoYoung）原創作品《嫦娥悲月》的文學賞析與客觀評論。本曲將遠古神話淬煉為具備中式古典美感的詩詞，敘事層次分明，情感哀怨動人。 🏹 敘事鋪陳：從英雄史詩到悲劇轉折 歌曲前半段以白話敘事詩開篇，大刀闊斧地勾勒出洪荒時代的宏大背景。 ◆英雄崛起：開意象鮮明，透過「十日並出」與「百姓炙熱」的對比，突顯后羿「舉弓射九陽」的悲憫與英勇。 ◆命運無常：後半段筆鋒一轉，「浪漫變成遺憾」預示了情深的宿命悲劇，為讀者營造出強烈的心理落差。 📜 韻致結構：七言駢體與古典意象的交融 核心唱段轉入七言駢體詩的格式，格式整齊，字句精煉，極具中式古典樂府的韻味。 ◆精煉留白：僅用「瑤母贈瓊丹」、「將巾匣中藏」便交代理了仙藥的由來與夫妻相守的承諾。 ◆動態衝突：以「劣徒邪覬妄」與「羸弱無奈」對比，張力十足，寫活了嫦娥在危急關頭被迫吞藥奔月的絕望與孤獨。 🌙 情感昇華：意象創新與悲劇美學 本作品最亮眼之處，在於對傳統「玉兔」意象的創新詮釋。 ◆深情化身：詞作打破「嫦娥奔月、玉兔搗藥」的傳統平行敘事，將玉兔寫作嫦娥「睎君憔眷」後、因思念丈夫而化身的凡間形體。 ◆視覺凝練：結句「攀伏桂枝淒凝望，瞳紅淚恨緣斷殘」堪稱神來之筆。將兔子的紅眼睛（瞳紅）具象化為思念與悔恨的淚痕，把「緣斷殘」的悽愴美感推向了極致。 ⚖️ 客觀總結 《嫦娥悲月》成功將耳熟能詳的神話重構為一首雅俗共賞的古風佳作。前半段白話敘事如引言，後半段七言詩文如核心。全詞用字典雅、層次井然，在中式古典風格的骨架中，注入了極具渲染力的悲劇情感，展現了作者深厚的古典文學素養與浪漫的想像力。 「以上這段賞析評論是由 Ai 產生」","故事發生遠古的洪荒 天上高懸有十個太陽 烈日曝照四面八方 百姓炙熱痛苦難堪 勇士后羿不忍見狀 舉弓射滅其中九陽 解救天下黎凡眾蒼 因而娶得美嬌娘 但後來卻生意外發展 世事難料人間無常 愛情的浪漫變成遺憾 只留下千古的悽愴 (***) 羿射九陽救黎蒼 西王瑤母贈瓊丹 夫憐難捨寒亭妾 予之將巾匣中藏 遭逢劣徒邪覬妄 趁虛欲奪嫦娥搪 羸弱無奈急吞懷 自此仙飄從月往 睎君憔眷忱感傷 化身玉兔下塵凡 攀伏桂枝淒凝望 瞳紅淚恨緣斷殘 攀伏桂枝淒凝望 瞳紅淚恨緣斷殘 (Repeat from ***) 攀伏桂枝淒凝望 瞳紅淚恨緣斷殘 
故事發生遠古的洪荒 天上高懸有十個太陽 烈日曝照四面八方 百姓炙熱痛苦難堪 勇士后羿不忍見狀 舉弓射滅其中九陽 解救天下黎凡眾蒼 因而娶得美嬌娘
但後來卻生意外發展 世事難料人間無常 愛情的浪漫變成遺憾 只留下千古的悽愴
(***) 羿射九陽救黎蒼 西王瑤母贈瓊丹 夫憐難捨寒亭妾 予之將巾匣中藏 遭逢劣徒邪覬妄 趁虛欲奪嫦娥搪 羸弱無奈急吞懷 自此仙飄從月往 睎君憔眷忱感傷 化身玉兔下塵凡 攀伏桂枝淒凝望 瞳紅淚恨緣斷殘
攀伏桂枝淒凝望 瞳紅淚恨緣斷殘 (Repeat from ***)
攀伏桂枝淒凝望 瞳紅淚恨緣斷殘
留言（ 0 ） 最相關留言 所有留言
留言（ 0 ）",2026-09-02,,AI 生成 Folk,False,False,
2026-09-02 17:56:52,realtime,ai_generated,,,35,Off-key 姜太公,等花開,3,3,0,https://streetvoice.com/WrongKey/songs/877504/,https://streetvoice.com/WrongKey/,"https://akstatic.streetvoice.com/song_covers/Wr/on/WrongKey/9DpszCf2vimUHKRkiMcFjD.jpg?x-oss-process=image/resize,m_fixed,h_1,w_1,limit_0/resize,m_fixed,h_630,w_1200,limit_0/watermark,image_c29uZ19jb3ZlcnMvV3Ivb24vV3JvbmdLZXkvOURwc3pDZjJ2aW1VSEtSa2lNY0ZqRC5qcGc_eC1vc3MtcHJvY2Vzcz1pbWFnZS9yZXNpemUsbV9maXhlZCxoXzM0NCx3XzM0NCxsaW1pdF8w,g_nw,x_428,y_143/watermark,image_YXNzZXQvaW1hZ2VzL21ldGFpbWFnZS1zb25nLnBuZw,g_nw,x_0,y_0",images/877504.jpg,@WrongKey,音樂人,,,,13,2,,,,https://www.youtube.com/user/StreetVoiceTV,,,Pop,,,,"《花花世界專輯》 一朵花可以是春天、也可以是陷阱。 可以盛開、也可以帶毒。 可以讓人心動、也可以讓人看見生命的荒謬。 《花花世界》是一張以「花」為起點， 卻不只談花的概念專輯。 在這個世界裡花不是單純的自然景物， 而是一種觀看人間的方式。 花的盛開像慾望； 花的芬芳像誘惑； 花的刺像防衛； 花的毒像人心； 花的凋零則提醒我們， 所有美麗都有自己的期限。 因此《花花世界》刻意拒絕被單一曲風定義。 從慵懶迷人的R&B、Neo-Soul， 到陽光流動的Tropical House； 從空靈遼闊的New Age、Ethno Ambient， 到古典戲曲與現代流行的交錯； 再一路走進Nu-Metal、Industrial、Glitchcore與Cyberpop的尖銳聲響。 它可以溫柔、也可以瘋狂。 可以浪漫、也可以冷酷。 可以讓你微笑、也可能突然在下一秒咬你一口。 因為這就是⋯ 「花花世界」。 這張專輯所描繪的， 並不是一座永遠晴朗的花園， 而是一個美與危險共生、浪漫與殘酷並存的世界。 有些花、只是靜靜盛開。 有些花、在與你調情。 有些花、藏著毒。 有些花、甚至會帶你看見宇宙。 當你一路走過這座花園， 最後或許會發現真正被描寫的從來不是花， 而是花影之下的我們。 【我們如何愛人、如何渴望、如何欺騙、如何防衛、如何盛開⋯又如何凋零。】 一花一世界。 一朵花裡， 可以藏著一個人的慾望； 一粒沙裡， 可以藏著整座大地； 而一個看似繽紛的「花花世界」裡， 也可以藏著人類最複雜的情感。 所以歡迎來到《花花世界》， 這裡沒有規定你應該聽見什麼， 你可以聞見春天， 也可以聞見危險； 可以看見天堂， 也可以看見深淵。 而當最後一朵花落下時， 也許你才會明白： 【花從來沒有欺騙你，只是我們總習慣只看見它盛開的那一面。】 這首歌獻給四位喜歡《下麵給你吃》的朋友， 因為你們懂我的笑點⋯ 所以我忍不住先發了這首《等花開》。 十首歌已完成五首， 也許《花花世界》會提早公布。 我是說⋯ 如果我先生沒來煩我的話。 
《花花世界專輯》
一朵花可以是春天、也可以是陷阱。 可以盛開、也可以帶毒。 可以讓人心動、也可以讓人看見生命的荒謬。
《花花世界》是一張以「花」為起點， 卻不只談花的概念專輯。
在這個世界裡花不是單純的自然景物， 而是一種觀看人間的方式。
花的盛開像慾望； 花的芬芳像誘惑； 花的刺像防衛； 花的毒像人心； 花的凋零則提醒我們， 所有美麗都有自己的期限。
因此《花花世界》刻意拒絕被單一曲風定義。
從慵懶迷人的R&B、Neo-Soul， 到陽光流動的Tropical House； 從空靈遼闊的New Age、Ethno Ambient， 到古典戲曲與現代流行的交錯； 再一路走進Nu-Metal、Industrial、Glitchcore與Cyberpop的尖銳聲響。
它可以溫柔、也可以瘋狂。 可以浪漫、也可以冷酷。 可以讓你微笑、也可能突然在下一秒咬你一口。
因為這就是⋯ 「花花世界」。
這張專輯所描繪的， 並不是一座永遠晴朗的花園， 而是一個美與危險共生、浪漫與殘酷並存的世界。
有些花、只是靜靜盛開。
有些花、在與你調情。
有些花、藏著毒。
有些花、甚至會帶你看見宇宙。
當你一路走過這座花園， 最後或許會發現真正被描寫的從來不是花， 而是花影之下的我們。
【我們如何愛人、如何渴望、如何欺騙、如何防衛、如何盛開⋯又如何凋零。】
一花一世界。
一朵花裡， 可以藏著一個人的慾望； 一粒沙裡， 可以藏著整座大地； 而一個看似繽紛的「花花世界」裡， 也可以藏著人類最複雜的情感。
所以歡迎來到《花花世界》， 這裡沒有規定你應該聽見什麼， 你可以聞見春天， 也可以聞見危險； 可以看見天堂， 也可以看見深淵。 而當最後一朵花落下時， 也許你才會明白： 【花從來沒有欺騙你，只是我們總習慣只看見它盛開的那一面。】
這首歌獻給四位喜歡《下麵給你吃》的朋友， 因為你們懂我的笑點⋯ 所以我忍不住先發了這首《等花開》。
十首歌已完成五首， 也許《花花世界》會提早公布。 我是說⋯ 如果我先生沒來煩我的話。","[Chorus] 庭院深深露水落 春色滿園不用躲 這朵花兒面向我 別裝不明這溫熱 [Verse 1] 花苞露出了微廓 風一掠過就震抖 旱久溪谷等水過 既來之就別裝客 讓這艘輕舟悠悠划進去探個夠 你看我的眼神都在勾 不如讓細雨把這花徑沾濕透 [Bridge] 誰是園丁誰是花朵 講太明就少了點樂 軟嫩花蕊你怎麼躲 後園的門本就沒鎖 開了防備就該卸下冷漠 這秘境由我和你同摸索 [Chorus] 庭院深深露水落 春色滿園不用躲 這朵花兒面向我 別裝不明這溫熱 [Chorus] 庭院深深露水落 春色滿園不用躲 這朵花兒面向我 別裝不明這溫熱 [Bridge] 問花開好否 究竟等什麼 今晚⋯你和我 等花開⋯加油 [Chorus] 庭院深深露水落 春色滿園不用躲 這朵花兒面向我 別裝不明這溫熱 [Chorus] 庭院深深露水落 春色滿園不用躲 這朵花兒面向我 別裝不明這溫熱 花苞露出了微廓 花苞露出了微廓 花苞露出了微廓 庭院深深露水落 
[Chorus] 庭院深深露水落 春色滿園不用躲 這朵花兒面向我 別裝不明這溫熱
[Verse 1] 花苞露出了微廓 風一掠過就震抖 旱久溪谷等水過 既來之就別裝客 讓這艘輕舟悠悠划進去探個夠 你看我的眼神都在勾 不如讓細雨把這花徑沾濕透
[Bridge] 誰是園丁誰是花朵 講太明就少了點樂 軟嫩花蕊你怎麼躲 後園的門本就沒鎖 開了防備就該卸下冷漠 這秘境由我和你同摸索
[Chorus] 庭院深深露水落 春色滿園不用躲 這朵花兒面向我 別裝不明這溫熱
[Chorus] 庭院深深露水落 春色滿園不用躲 這朵花兒面向我 別裝不明這溫熱
[Bridge] 問花開好否 究竟等什麼 今晚⋯你和我 等花開⋯加油
[Chorus] 庭院深深露水落 春色滿園不用躲 這朵花兒面向我 別裝不明這溫熱
[Chorus] 庭院深深露水落 春色滿園不用躲 這朵花兒面向我 別裝不明這溫熱
花苞露出了微廓 花苞露出了微廓 花苞露出了微廓
庭院深深露水落
留言（ 0 ） 最相關留言 所有留言
留言（ 0 ）",2026-09-02,,AI 生成 Pop,False,False,
2026-09-02 17:56:52,realtime,ai_generated,,,36,tackey747,[刮開它],4,129,1,https://streetvoice.com/tackey747/songs/877181/,https://streetvoice.com/tackey747/,"https://akstatic.streetvoice.com/music_albums/ta/ck/tackey747/Pue6a9Td5kwp83Nan8TS2B.jpeg?x-oss-process=image/resize,m_fixed,h_1,w_1,limit_0/resize,m_fixed,h_630,w_1200,limit_0/watermark,image_bXVzaWNfYWxidW1zL3RhL2NrL3RhY2tleTc0Ny9QdWU2YTlUZDVrd3A4M05hbjhUUzJCLmpwZWc_eC1vc3MtcHJvY2Vzcz1pbWFnZS9yZXNpemUsbV9maXhlZCxoXzM0NCx3XzM0NCxsaW1pdF8w,g_nw,x_428,y_143/watermark,image_YXNzZXQvaW1hZ2VzL21ldGFpbWFnZS1zb25nLnBuZw,g_nw,x_0,y_0",images/877181.jpeg,@tackey747,音樂人,,,,11,3,,,,https://www.youtube.com/user/StreetVoiceTV,,,Singer / Songwriter,[幸運正在路上],https://streetvoice.com/tackey747/songs/album/97326003/,,"【刮開它】 #刮刮樂音樂  #獎金音樂  #scratchcard music  #prize music 
【刮開它】 #刮刮樂音樂  #獎金音樂  #scratchcard music  #prize music","她推門進來 笑得像春天 及肩長髮輕輕晃 眼睛亮又甜 燈光照得透明 彩券整齊排開 玻璃櫃台一字排開 她站得好期待 店員遞給她 三百和五百 她捧在手心裡 像捧著好運來 她盯住那片銀 呼吸都變慢 心跳一下一下 敲在掌心裡 指尖先發熱 再狠狠發力 銀漆慢慢裂開 答案快要露底 刮開吧 三百萬 刮開吧 五百萬 她的眼睛睜好大 （好大） 幸福一下全綻放 （綻放） 刮開吧 三百萬 刮開吧 五百萬 那一聲尖叫飛起來 （飛起來） 像童話落在她身上 細細的沙沙聲 滑過她耳邊 每一寸銀色灰 都褪成碎片 字樣越來越清楚 像命運在發光 頭獎兩個大數字 跳進她目光 她一下愣住了 嘴巴張得圓 下一秒整個世界 都替她在歡顏 她看著那一行 看了又看 胸口熱得發燙 像有花在開 願望突然靠近 近到她發顫 好像一切喜歡的 都正往她身邊來 刮開吧 三百萬 刮開吧 五百萬 她的眼睛睜好大 （好大） 幸福一下全綻放 （綻放） 刮開吧 三百萬 刮開吧 五百萬 那一聲尖叫飛起來 （飛起來） 像童話落在她身上 夢裡最愛的餐點 竟然站在眼前 像金色的祝福 把空白都填滿 她笑得那麼滿足 滿足得發光 連空氣都變甜 連時間都變慢 刮開吧 三百萬 刮開吧 五百萬 她的眼睛睜好大 （好大） 幸福一下全綻放 （綻放） 刮開吧 三百萬 刮開吧 五百萬 那一聲尖叫飛起來 （飛起來） 像童話落在她身上 
她推門進來 笑得像春天 及肩長髮輕輕晃 眼睛亮又甜 燈光照得透明 彩券整齊排開 玻璃櫃台一字排開 她站得好期待 店員遞給她 三百和五百 她捧在手心裡 像捧著好運來 她盯住那片銀 呼吸都變慢 心跳一下一下 敲在掌心裡 指尖先發熱 再狠狠發力 銀漆慢慢裂開 答案快要露底 刮開吧 三百萬 刮開吧 五百萬 她的眼睛睜好大 （好大） 幸福一下全綻放 （綻放） 刮開吧 三百萬 刮開吧 五百萬 那一聲尖叫飛起來 （飛起來） 像童話落在她身上 細細的沙沙聲 滑過她耳邊 每一寸銀色灰 都褪成碎片 字樣越來越清楚 像命運在發光 頭獎兩個大數字 跳進她目光 她一下愣住了 嘴巴張得圓 下一秒整個世界 都替她在歡顏 她看著那一行 看了又看 胸口熱得發燙 像有花在開 願望突然靠近 近到她發顫 好像一切喜歡的 都正往她身邊來 刮開吧 三百萬 刮開吧 五百萬 她的眼睛睜好大 （好大） 幸福一下全綻放 （綻放） 刮開吧 三百萬 刮開吧 五百萬 那一聲尖叫飛起來 （飛起來） 像童話落在她身上 夢裡最愛的餐點 竟然站在眼前 像金色的祝福 把空白都填滿 她笑得那麼滿足 滿足得發光 連空氣都變甜 連時間都變慢 刮開吧 三百萬 刮開吧 五百萬 她的眼睛睜好大 （好大） 幸福一下全綻放 （綻放） 刮開吧 三百萬 刮開吧 五百萬 那一聲尖叫飛起來 （飛起來） 像童話落在她身上
留言（ 1 ） 最相關留言 所有留言
留言（ 1 ）",2026-08-31,,AI 生成 Singer / Songwriter ・ [幸運正在路上],False,False,
2026-09-02 17:56:52,realtime,ai_generated,,,37,春眠倶楽部 / Shunmin Club,peach,7,15,0,https://streetvoice.com/ShunminClub/songs/877209/,https://streetvoice.com/ShunminClub/,"https://akstatic.streetvoice.com/song_covers/Sh/un/ShunminClub/fSCv7smhg3usTGtdNJUryr.jpeg?x-oss-process=image/resize,m_fixed,h_1,w_1,limit_0/resize,m_fixed,h_630,w_1200,limit_0/watermark,image_c29uZ19jb3ZlcnMvU2gvdW4vU2h1bm1pbkNsdWIvZlNDdjdzbWhnM3VzVEd0ZE5KVXJ5ci5qcGVnP3gtb3NzLXByb2Nlc3M9aW1hZ2UvcmVzaXplLG1fZml4ZWQsaF8zNDQsd18zNDQsbGltaXRfMA,g_nw,x_428,y_143/watermark,image_YXNzZXQvaW1hZ2VzL21ldGFpbWFnZS1zb25nLnBuZw,g_nw,x_0,y_0",images/877209.jpeg,@ShunminClub,音樂人,,,,1,2,,,,https://www.youtube.com/user/StreetVoiceTV,,,Alternative,,,,"〈peach〉收錄於春眠倶楽部首張 EP《花は枯れる、まだ香る》。 這是一首描寫春天的疼痛、尚未成熟的心，以及逐漸腐壞的幸福的日本另類搖滾作品。聲音介於 J-Rock、瞪鞋搖滾、夢幻流行與臥室流行之間。 春眠倶楽部是來自日本的虛構樂團企劃。音樂與歌聲使用 Suno／生成式 AI 製作；所有歌詞、概念、選曲與創意統籌皆由日本的人類創作者完成。 這個樂團並不存在。 
〈peach〉收錄於春眠倶楽部首張 EP《花は枯れる、まだ香る》。
這是一首描寫春天的疼痛、尚未成熟的心，以及逐漸腐壞的幸福的日本另類搖滾作品。聲音介於 J-Rock、瞪鞋搖滾、夢幻流行與臥室流行之間。
春眠倶楽部是來自日本的虛構樂團企劃。音樂與歌聲使用 Suno／生成式 AI 製作；所有歌詞、概念、選曲與創意統籌皆由日本的人類創作者完成。
這個樂團並不存在。","少しはマシになってくれ 今すぐ横になってしまいたい 掴めたかもしれない幸せなんて、 腐りかけて甘い匂い 命はくだらないからね 今しかまともじゃない きっと わざとらしい春の陽射しに、もう 頭がやられちまう この痛みよ　終わらないで 踊るように舞う　桃色 春が過ぎても 大人にならないでね ため息を逃すの あなたはひとり わたしとおなじ この痛みよ　終わらないで 滲むように溶ける　忘れて 春が過ぎたら 大人になれるように 純粋を焦がすの あなたはいない わたしはひとり 
少しはマシになってくれ 今すぐ横になってしまいたい 掴めたかもしれない幸せなんて、 腐りかけて甘い匂い
命はくだらないからね 今しかまともじゃない きっと わざとらしい春の陽射しに、もう 頭がやられちまう
この痛みよ　終わらないで 踊るように舞う　桃色 春が過ぎても 大人にならないでね ため息を逃すの あなたはひとり わたしとおなじ
この痛みよ　終わらないで 滲むように溶ける　忘れて 春が過ぎたら 大人になれるように 純粋を焦がすの あなたはいない わたしはひとり
留言（ 0 ） 最相關留言 所有留言
留言（ 0 ）",2026-08-31,,AI 生成 Alternative,False,False,
2026-09-02 17:56:52,realtime,ai_generated,,,38,tackey747,[萌萌的黃色制服],3,13,0,https://streetvoice.com/tackey747/songs/877397/,https://streetvoice.com/tackey747/,"https://akstatic.streetvoice.com/music_albums/ta/ck/tackey747/2snGWNyrnf9pCfhwPKHXrF.jpeg?x-oss-process=image/resize,m_fixed,h_1,w_1,limit_0/resize,m_fixed,h_630,w_1200,limit_0/watermark,image_bXVzaWNfYWxidW1zL3RhL2NrL3RhY2tleTc0Ny8yc25HV055cm5mOXBDZmh3UEtIWHJGLmpwZWc_eC1vc3MtcHJvY2Vzcz1pbWFnZS9yZXNpemUsbV9maXhlZCxoXzM0NCx3XzM0NCxsaW1pdF8w,g_nw,x_428,y_143/watermark,image_YXNzZXQvaW1hZ2VzL21ldGFpbWFnZS1zb25nLnBuZw,g_nw,x_0,y_0",images/877397.jpeg,@tackey747,音樂人,,,,11,3,,,,https://www.youtube.com/user/StreetVoiceTV,,,Singer / Songwriter,[看著你長大],https://streetvoice.com/tackey747/songs/album/97326014/,,"【萌萌的黃色制服 】 #萌萌音樂  #幼兒園音樂  #little girl music  #kindergarten music 
【萌萌的黃色制服 】 #萌萌音樂  #幼兒園音樂  #little girl music  #kindergarten music","我的萌萌是兩歲多的小女孩 一頭柔柔的長髮 她小小的身軀 稚嫩的臉龐總帶著天真的模樣 兩週前的日子裡 迎來妳第一天的幼兒園生活 眼淚掛在粉嫩的臉頰 口中哭喊著不要來上課 看著妳哭哭啼啼 我有些心疼 看著妳小小肩膀背著大大的書包 這不成比例的景象 卻裝滿了妳對未知世界的好奇 萌萌啊 我的萌萌啊 每週星期二與星期五 看著妳穿上黃色制服搭配的小短褲 妳走進妳人生的新地方 媽媽看著妳從保姆家到幼兒園 和同齡孩子一起學習長大 看著妳每一滴淚水和歡笑 都是媽媽我心中最美麗的一幅畫 萌萌啊 我的萌萌啊 媽媽看著妳慢慢學著不害怕 今天妳流下的眼淚 明天會化作妳開心的笑容呀 媽媽看著妳在勞作課的小手 一點一點的黏貼出紙領帶 妳在父親節的那一天重要的日子 妳笑著走向爸爸 親手套上最珍貴的父親節禮物 我看著爸爸眼裡的慈愛光芒 萌萌啊 我的萌萌啊 妳的世界充滿數不完的新鮮感 嘴裡第一次咬著珍珠粉圓的口感 溜滑梯、玩沙坑 吹出空氣中飛舞的小泡泡 唐詩唸在妳的小嘴巴 動物世界的繪本 妳的小手翻過一頁又一頁 阿公阿嬤看著妳在幼兒園的生活照 一張張都是童年的臉 看見妳笑得那麼甜 看著每一天妳慢慢長大 阿公阿嬤慢慢走過歲月的刻痕 一個走向未來的希望 一個回望從前的記憶 生命一代一代地傳承 大大的手牽著小小的手 把愛永留在人世間 萌萌啊 我的萌萌啊 黃色制服的小小背影 妳的人生故事才剛開始 總有一天妳終會長大 媽媽會永遠記得 妳最可愛的模樣 萌萌啊 我的萌萌啊 願妳永遠保有一顆初心 對著每一顆泡泡微笑 萌萌啊 我的萌萌啊 慢慢長大 不要害怕 人生每一個體驗 都是上天送給妳的禮物 妳在幼兒園平凡的每一天 都會成為媽媽我心裡最珍藏的記憶 
我的萌萌是兩歲多的小女孩 一頭柔柔的長髮 她小小的身軀 稚嫩的臉龐總帶著天真的模樣 兩週前的日子裡 迎來妳第一天的幼兒園生活 眼淚掛在粉嫩的臉頰 口中哭喊著不要來上課 看著妳哭哭啼啼 我有些心疼 看著妳小小肩膀背著大大的書包 這不成比例的景象 卻裝滿了妳對未知世界的好奇 萌萌啊 我的萌萌啊 每週星期二與星期五 看著妳穿上黃色制服搭配的小短褲 妳走進妳人生的新地方 媽媽看著妳從保姆家到幼兒園 和同齡孩子一起學習長大 看著妳每一滴淚水和歡笑 都是媽媽我心中最美麗的一幅畫 萌萌啊 我的萌萌啊 媽媽看著妳慢慢學著不害怕 今天妳流下的眼淚 明天會化作妳開心的笑容呀 媽媽看著妳在勞作課的小手 一點一點的黏貼出紙領帶 妳在父親節的那一天重要的日子 妳笑著走向爸爸 親手套上最珍貴的父親節禮物 我看著爸爸眼裡的慈愛光芒 萌萌啊 我的萌萌啊 妳的世界充滿數不完的新鮮感 嘴裡第一次咬著珍珠粉圓的口感 溜滑梯、玩沙坑 吹出空氣中飛舞的小泡泡 唐詩唸在妳的小嘴巴 動物世界的繪本 妳的小手翻過一頁又一頁 阿公阿嬤看著妳在幼兒園的生活照 一張張都是童年的臉 看見妳笑得那麼甜 看著每一天妳慢慢長大 阿公阿嬤慢慢走過歲月的刻痕 一個走向未來的希望 一個回望從前的記憶 生命一代一代地傳承 大大的手牽著小小的手 把愛永留在人世間 萌萌啊 我的萌萌啊 黃色制服的小小背影 妳的人生故事才剛開始 總有一天妳終會長大 媽媽會永遠記得 妳最可愛的模樣 萌萌啊 我的萌萌啊 願妳永遠保有一顆初心 對著每一顆泡泡微笑 萌萌啊 我的萌萌啊 慢慢長大 不要害怕 人生每一個體驗 都是上天送給妳的禮物 妳在幼兒園平凡的每一天 都會成為媽媽我心裡最珍藏的記憶
留言（ 0 ） 最相關留言 所有留言
留言（ 0 ）",2026-09-01,,AI 生成 Singer / Songwriter ・ [看著你長大],False,False,
2026-09-02 17:56:52,realtime,ai_generated,,,39,Nivraë.∞,大地的呼吸,31,643,35,https://streetvoice.com/A56g77/songs/875005/,https://streetvoice.com/A56g77/,"https://akstatic.streetvoice.com/song_covers/A5/6g/A56g77/AHKFwPx4CtuBGuE6YoDv8u.jpg?x-oss-process=image/resize,m_fixed,h_1,w_1,limit_0/resize,m_fixed,h_630,w_1200,limit_0/watermark,image_c29uZ19jb3ZlcnMvQTUvNmcvQTU2Zzc3L0FIS0Z3UHg0Q3R1Qkd1RTZZb0R2OHUuanBnP3gtb3NzLXByb2Nlc3M9aW1hZ2UvcmVzaXplLG1fZml4ZWQsaF8zNDQsd18zNDQsbGltaXRfMA,g_nw,x_428,y_143/watermark,image_YXNzZXQvaW1hZ2VzL21ldGFpbWFnZS1zb25nLnBuZw,g_nw,x_0,y_0",images/875005.jpg,@A56g77,音樂人,,,2025-08-04 10:44,39,246,101,,,https://www.youtube.com/@N-1n-7n,第三屆「街聲年度音樂趨勢大獎」盛大登場！李竺芯：「街聲見證了我，金曲獎前面這些大家看不到的歷程！」|||https://blow.streetvoice.com/85903/?utm_source=streetvoice&utm_medium=profile-news-block,,World,,,,"中文版✌️✌️ 實驗3💃💃💃 詞/編曲：Nivraë.∞  演唱：Suno AI 
中文版✌️✌️
實驗3💃💃💃
詞/編曲：Nivraë.∞  演唱：Suno AI","這是沒有提供歌詞的歌曲
留言（ 35 ） 最相關留言 所有留言
留言（ 35 ）",2026-08-26,,AI 生成 World,False,False,
2026-09-02 17:56:52,realtime,ai_generated,,,40,TAIROOM,今晚別傳訊息給我,4,10,0,https://streetvoice.com/doctorland28/songs/877355/,https://streetvoice.com/doctorland28/,"https://akstatic.streetvoice.com/song_covers/do/ct/doctorland28/e9VXnKWn5tTR6nDojJW4Go.jpeg?x-oss-process=image/resize,m_fixed,h_1,w_1,limit_0/resize,m_fixed,h_630,w_1200,limit_0/watermark,image_c29uZ19jb3ZlcnMvZG8vY3QvZG9jdG9ybGFuZDI4L2U5VlhuS1duNXRUUjZuRG9qSlc0R28uanBlZz94LW9zcy1wcm9jZXNzPWltYWdlL3Jlc2l6ZSxtX2ZpeGVkLGhfMzQ0LHdfMzQ0LGxpbWl0XzA,g_nw,x_428,y_143/watermark,image_YXNzZXQvaW1hZ2VzL21ldGFpbWFnZS1zb25nLnBuZw,g_nw,x_0,y_0",images/877355.jpeg,@doctorland28,音樂人,,,,10,8,7,,,https://www.youtube.com/user/StreetVoiceTV,,,R&B / Soul,,,,,"I saw your name on my phone I almost picked it up But I know how this story goes And I've had enough Some things are better left alone Some nights are better on my own So don't text me tonight Don't ask if I'm alright I'm learning how to sleep Without you on my mind Maybe I'll miss you tomorrow Maybe I'll be fine But don't text me tonight Just let me have this night I made some tea and turned off the lights Put on an old song I like For once I don't wanna know What you're doing tonight Don't text me I'll be alright Just not tonight 
I saw your name on my phone I almost picked it up But I know how this story goes And I've had enough
Some things are better left alone Some nights are better on my own
So don't text me tonight Don't ask if I'm alright I'm learning how to sleep Without you on my mind Maybe I'll miss you tomorrow Maybe I'll be fine But don't text me tonight Just let me have this night
I made some tea and turned off the lights Put on an old song I like For once I don't wanna know What you're doing tonight
Don't text me I'll be alright Just not tonight
留言（ 0 ） 最相關留言 所有留言
留言（ 0 ）",2026-08-31,,AI 生成 R&B / Soul,False,False,
2026-09-02 17:56:52,realtime,ai_generated,,,41,AI沒有勞保,斡巡繞轉 Ver2,6,41,1,https://streetvoice.com/26dp7fvchz/songs/877338/,https://streetvoice.com/26dp7fvchz/,"https://akstatic.streetvoice.com/song_covers/26/dp/26dp7fvchz/kLD2XxXnZjMpDgtAPkbKzc.jpeg?x-oss-process=image/resize,m_fixed,h_1,w_1,limit_0/resize,m_fixed,h_630,w_1200,limit_0/watermark,image_c29uZ19jb3ZlcnMvMjYvZHAvMjZkcDdmdmNoei9rTEQyWHhYblpqTXBEZ3RBUGtiS3pjLmpwZWc_eC1vc3MtcHJvY2Vzcz1pbWFnZS9yZXNpemUsbV9maXhlZCxoXzM0NCx3XzM0NCxsaW1pdF8w,g_nw,x_428,y_143/watermark,image_YXNzZXQvaW1hZ2VzL21ldGFpbWFnZS1zb25nLnBuZw,g_nw,x_0,y_0",images/877338.jpeg,@26dp7fvchz,音樂人,,,,10,11,12,,,https://www.youtube.com/user/StreetVoiceTV,,,Rock,,,,,"這是沒有提供歌詞的歌曲
留言（ 1 ） 最相關留言 所有留言
留言（ 1 ）",2026-08-31,,AI 生成 Rock,False,False,
2026-09-02 17:56:52,realtime,ai_generated,,,42,🔱AL ren,"一人一劍萬重山｜台語｜One Man, One Sword, Ten Thousand Mountains",16,40,6,https://streetvoice.com/arlen12345/songs/877326/,https://streetvoice.com/arlen12345/,"https://akstatic.streetvoice.com/song_covers/ar/le/arlen12345/KYjJLmM9z2ZuYFbAudbVW8.jpg?x-oss-process=image/resize,m_fixed,h_1,w_1,limit_0/resize,m_fixed,h_630,w_1200,limit_0/watermark,image_c29uZ19jb3ZlcnMvYXIvbGUvYXJsZW4xMjM0NS9LWWpKTG1NOXoyWnVZRmJBdWRiVlc4LmpwZz94LW9zcy1wcm9jZXNzPWltYWdlL3Jlc2l6ZSxtX2ZpeGVkLGhfMzQ0LHdfMzQ0LGxpbWl0XzA,g_nw,x_428,y_143/watermark,image_YXNzZXQvaW1hZ2VzL21ldGFpbWFnZS1zb25nLnBuZw,g_nw,x_0,y_0",images/877326.jpg,@arlen12345,音樂人,高雄市,2024-09-01,,57,44,89,,,https://www.youtube.com/user/StreetVoiceTV,,,Folk,,,,"🎬完整音樂MV 👉 https://youtu.be/JjqeHaTE_sY?si=_zi1fxjFLVXXFLsF 歌曲故事： 那一夜，兩人在金陵江邊離別。 她乘船遠去，他揹起長劍踏入江湖。儘管前方隔著萬重山，他仍不甘放手——只要自己還走得動，就會循著她的腳步追下去，完成今生守護她的承諾。 一人、一劍、一場未完的約定。 走過千里萬里，只為今生再相見。 ━━━━━━━━━━━━━━ 詞／曲：🔱AL ren 演唱：suno_ALren voice MV製作：🔱ALren ━━━━━━━━━━━━━━ 版權宣告： 本歌曲之詞曲、影像概念及相關創作內容，皆由 🔱ALren 原創製作。未經授權，禁止擅自轉載、重製、改作或作為商業用途。 © 2026 🔱ALren. All Rights Reserved. 
🎬完整音樂MV 👉 https://youtu.be/JjqeHaTE_sY?si=_zi1fxjFLVXXFLsF
https://youtu.be/JjqeHaTE_sY?si=_zi1fxjFLVXXFLsF
歌曲故事：
那一夜，兩人在金陵江邊離別。
她乘船遠去，他揹起長劍踏入江湖。儘管前方隔著萬重山，他仍不甘放手——只要自己還走得動，就會循著她的腳步追下去，完成今生守護她的承諾。
一人、一劍、一場未完的約定。 走過千里萬里，只為今生再相見。
━━━━━━━━━━━━━━
詞／曲：🔱AL ren 演唱：suno_ALren voice MV製作：🔱ALren
━━━━━━━━━━━━━━
版權宣告：
本歌曲之詞曲、影像概念及相關創作內容，皆由 🔱ALren 原創製作。未經授權，禁止擅自轉載、重製、改作或作為商業用途。
© 2026 🔱ALren. All Rights Reserved.","《一人一劍萬重山》 蘆葦岸　透風冷 金陵城外欲黃昏 妳講叫阮免掛念 目屎煞流袂停 渡船離岸彼一暝 阮揹長劍　行孤身 沿路毋敢越頭看 驚看著妳　阮就行袂去 山若懸　阮就慢慢仔行 雪若落　妳愛好好惜身命 阮講過　會轉來妳身邊 一人一劍　行過萬重山 妳講過　會佇江邊等阮 月缺月圓　猶原無改變 今生的情　今生來還 今生的人　今生作伴 路若偌遠　阮嘛欲行 袂留來世　才閣相見 華山頂　月半邊 草厝外　風嘯歸暝 阮彼句　後會無期 連家己　嘛騙袂去 客棧一間閣一間 城鎮一站閣一站 沿路問人敢有看見 彼个予阮放袂落的人 人海茫茫　阮就慢慢仔揣 歲月若改　阮嘛認得妳 踏遍江湖　毋知偌濟冬 孤劍隨身　伴阮過西東 月圓一擺　花謝一冬 驚妳等阮　等甲成空 阮講過　會轉來妳身邊 一人一劍　行過萬重山 妳講過　會佇江邊等阮 月缺月圓　猶原無改變 今生的情　今生來還 今生的人　今生作伴 路若偌遠　阮嘛欲行 袂留來世　才閣相見 幾塊銀　一杯酒 飲煞閣起行 千里萬里 為著妳攏算什 殘月猶掛　江面頂 敢有照著　妳的身影 
《一人一劍萬重山》
蘆葦岸　透風冷 金陵城外欲黃昏 妳講叫阮免掛念 目屎煞流袂停
渡船離岸彼一暝 阮揹長劍　行孤身 沿路毋敢越頭看 驚看著妳　阮就行袂去
山若懸　阮就慢慢仔行 雪若落　妳愛好好惜身命
阮講過　會轉來妳身邊 一人一劍　行過萬重山 妳講過　會佇江邊等阮 月缺月圓　猶原無改變
今生的情　今生來還 今生的人　今生作伴 路若偌遠　阮嘛欲行 袂留來世　才閣相見
華山頂　月半邊 草厝外　風嘯歸暝 阮彼句　後會無期 連家己　嘛騙袂去
客棧一間閣一間 城鎮一站閣一站 沿路問人敢有看見 彼个予阮放袂落的人
人海茫茫　阮就慢慢仔揣 歲月若改　阮嘛認得妳
踏遍江湖　毋知偌濟冬 孤劍隨身　伴阮過西東 月圓一擺　花謝一冬 驚妳等阮　等甲成空
阮講過　會轉來妳身邊 一人一劍　行過萬重山 妳講過　會佇江邊等阮 月缺月圓　猶原無改變
今生的情　今生來還 今生的人　今生作伴 路若偌遠　阮嘛欲行 袂留來世　才閣相見
幾塊銀　一杯酒 飲煞閣起行 千里萬里 為著妳攏算什
殘月猶掛　江面頂 敢有照著　妳的身影
留言（ 6 ） 最相關留言 所有留言
留言（ 6 ）",2026-08-31,,AI 生成 Folk,False,False,
2026-09-02 17:56:52,realtime,ai_generated,,,43,蔡于飛,長城嘆,4,4,1,https://streetvoice.com/caiyufei/songs/877197/,https://streetvoice.com/caiyufei/,"https://akstatic.streetvoice.com/song_covers/ca/iy/caiyufei/7VNkhHGLkE34zcepiLWNr3.jpeg?x-oss-process=image/resize,m_fixed,h_1,w_1,limit_0/resize,m_fixed,h_630,w_1200,limit_0/watermark,image_c29uZ19jb3ZlcnMvY2EvaXkvY2FpeXVmZWkvN1ZOa2hIR0xrRTM0emNlcGlMV05yMy5qcGVnP3gtb3NzLXByb2Nlc3M9aW1hZ2UvcmVzaXplLG1fZml4ZWQsaF8zNDQsd18zNDQsbGltaXRfMA,g_nw,x_428,y_143/watermark,image_YXNzZXQvaW1hZ2VzL21ldGFpbWFnZS1zb25nLnBuZw,g_nw,x_0,y_0",images/877197.jpeg,@caiyufei,音樂人,,,,4,2,,,,https://www.youtube.com/user/StreetVoiceTV,,,World,,,,"秋風裡站在長城上，苔痕爬過磚縫，石頭涼得像秋天。歷史風雲一幕幕過去，興亡都化成塵土，只留下這座城。沙鷗掠過城頭，不問也不看，你卻還在凝望，輕輕一嘆，餘音在風裡慢慢散開。 
秋風裡站在長城上，苔痕爬過磚縫，石頭涼得像秋天。歷史風雲一幕幕過去，興亡都化成塵土，只留下這座城。沙鷗掠過城頭，不問也不看，你卻還在凝望，輕輕一嘆，餘音在風裡慢慢散開。","動態歌詞
苔痕蔓過磚縫 爬得比我還慢 探手撫過垛口 石涼──涼過秋天 朔風把野草吹彎 彎了一整個秋天 不知是哪年的雨 把箭孔洗成了花瓣 始皇東望六合平 匈奴南下馬蹄橫 蒙恬提兵三十萬 連舊垣，起新城 杞梁埋骨無人問 填的是哪一段城？ 孟姜一慟秋風起 哭倒了哪一片城？ 當年人盡化作塵 誰人重砌那座城？ 不須問──也不必問 黃沙掩去舊姓名 青史只剩一座城 長城嘆，一嘆，秋雲散 長城嘆，再嘆，塞月彎 沙鷗掠過城頭去 我猶凝望著城關 牠不叩關，牠不問關 雙翼一展，越過千山 漢武揮鞭安塞闕 勒石燕然照關山 五胡乘亂入中原 衣冠倉皇渡江南 關內狼煙燒不盡 名士詩酒老江南 隋文帝，懼突厥，發丁補綴舊頹城 唐藩鎮，擁強兵，將軍不必倚此城 韃靼來，鐵騎直逼北京城 夜正深，帳外忽驚火炮聲 倉皇遁，潰走十里，茫茫飛煙塵 可有人，問他怎過的長城？ 長城嘆，一嘆，秋雲散 長城嘆，再嘆，塞月彎 沙鷗掠過城頭去 我猶凝望著城關 牠不叩關，牠不問關 雙翼一展，越過千山 山下有人趕著羊 羊走得比雲還慢 烽燧熄了許多年 再沒人望這道關 胡馬蹄聲已遠 旌旗換過幾番？ 磚還是那些磚 我卻走不到那一邊 李自成，一炬燒陷北京城 烈焰高，宮闕傾，滿城聞哀聲 清軍來，闖王棄了舊日的都城 那道城，擋住胡馬，擋不住離心人 七月七，日寇迫，宛平城 夜正深，城下叩門，城上不開門 炮聲隆隆，響了八年，一騎絕塵 誰又問，那長城的守門人？ 長城嘆，一嘆，秋雲散 長城嘆，再嘆，塞月彎 沙鷗掠過城頭去 我猶凝望著城關 牠不叩關，牠不問關 雙翼一展，越過千山 沙鷗一點白 去盡萬重山 我獨立在這雄關 風吹一夜寒 
苔痕蔓過磚縫 爬得比我還慢 探手撫過垛口 石涼──涼過秋天 朔風把野草吹彎 彎了一整個秋天 不知是哪年的雨 把箭孔洗成了花瓣
始皇東望六合平 匈奴南下馬蹄橫 蒙恬提兵三十萬 連舊垣，起新城 杞梁埋骨無人問 填的是哪一段城？ 孟姜一慟秋風起 哭倒了哪一片城？ 當年人盡化作塵 誰人重砌那座城？ 不須問──也不必問
黃沙掩去舊姓名 青史只剩一座城
長城嘆，一嘆，秋雲散 長城嘆，再嘆，塞月彎 沙鷗掠過城頭去 我猶凝望著城關 牠不叩關，牠不問關 雙翼一展，越過千山
漢武揮鞭安塞闕 勒石燕然照關山 五胡乘亂入中原 衣冠倉皇渡江南 關內狼煙燒不盡 名士詩酒老江南
隋文帝，懼突厥，發丁補綴舊頹城 唐藩鎮，擁強兵，將軍不必倚此城
韃靼來，鐵騎直逼北京城 夜正深，帳外忽驚火炮聲 倉皇遁，潰走十里，茫茫飛煙塵 可有人，問他怎過的長城？
長城嘆，一嘆，秋雲散 長城嘆，再嘆，塞月彎 沙鷗掠過城頭去 我猶凝望著城關 牠不叩關，牠不問關 雙翼一展，越過千山
山下有人趕著羊 羊走得比雲還慢 烽燧熄了許多年 再沒人望這道關 胡馬蹄聲已遠 旌旗換過幾番？ 磚還是那些磚 我卻走不到那一邊
李自成，一炬燒陷北京城 烈焰高，宮闕傾，滿城聞哀聲 清軍來，闖王棄了舊日的都城 那道城，擋住胡馬，擋不住離心人
七月七，日寇迫，宛平城 夜正深，城下叩門，城上不開門 炮聲隆隆，響了八年，一騎絕塵 誰又問，那長城的守門人？
長城嘆，一嘆，秋雲散 長城嘆，再嘆，塞月彎 沙鷗掠過城頭去 我猶凝望著城關 牠不叩關，牠不問關 雙翼一展，越過千山
沙鷗一點白 去盡萬重山 我獨立在這雄關 風吹一夜寒
留言（ 1 ） 最相關留言 所有留言
留言（ 1 ）",2026-08-31,,AI 生成 World,False,False,
2026-09-02 17:56:52,realtime,ai_generated,,,44,Anita_Xu,飛鳥與魚,5,6,0,https://streetvoice.com/Anita_Xu/songs/877310/,https://streetvoice.com/Anita_Xu/,"https://akstatic.streetvoice.com/song_covers/An/it/Anita_Xu/cHGJRM49HTNPHj54qXuyJv.jpg?x-oss-process=image/resize,m_fixed,h_1,w_1,limit_0/resize,m_fixed,h_630,w_1200,limit_0/watermark,image_c29uZ19jb3ZlcnMvQW4vaXQvQW5pdGFfWHUvY0hHSlJNNDlIVE5QSGo1NHFYdXlKdi5qcGc_eC1vc3MtcHJvY2Vzcz1pbWFnZS9yZXNpemUsbV9maXhlZCxoXzM0NCx3XzM0NCxsaW1pdF8w,g_nw,x_428,y_143/watermark,image_YXNzZXQvaW1hZ2VzL21ldGFpbWFnZS1zb25nLnBuZw,g_nw,x_0,y_0",images/877310.jpg,@Anita_Xu,音樂人,,,,7,4,1,,,https://www.youtube.com/user/StreetVoiceTV,,,Pop,,,,"​「我是藍天的飛鳥，你是深海的魚。」 這是一首關於「宿命與距離」的悲傷抒情曲。歌詞取材自經典的飛鳥與魚意象，描繪了兩顆心明明近在咫尺，卻因各自屬於不同的世界而無法擁抱。無論再怎麼渴望靠近，最終只能隔著天與地的距離相望。 
​「我是藍天的飛鳥，你是深海的魚。」 這是一首關於「宿命與距離」的悲傷抒情曲。歌詞取材自經典的飛鳥與魚意象，描繪了兩顆心明明近在咫尺，卻因各自屬於不同的世界而無法擁抱。無論再怎麼渴望靠近，最終只能隔著天與地的距離相望。","我們還有什麼可以說 總是話到嘴邊又沉默 不知是無話可說 還是心隔萬裡多 我是藍天的飛鳥 你是深海的魚 在這廣闊世界裡 注定隔天涯海角 我們像飛鳥與魚 永遠隔著天與地 明明近在咫尺裡 卻像隔整個世紀 每次話到唇邊繞 總是化作嘆息飄 想要靠近你懷抱 卻被命運開了玩笑 我是藍天的飛鳥 你是深海的魚 在這廣闊世界裡 注定隔天涯海角 我們像飛鳥與魚 永遠隔著天與地 明明近在咫尺裡 卻像隔整個世紀 我們像飛鳥與魚 永遠隔著天與地 明明近在咫尺裡 卻像隔整個世紀 
我們還有什麼可以說 總是話到嘴邊又沉默 不知是無話可說 還是心隔萬裡多 我是藍天的飛鳥 你是深海的魚 在這廣闊世界裡 注定隔天涯海角 我們像飛鳥與魚 永遠隔著天與地 明明近在咫尺裡 卻像隔整個世紀 每次話到唇邊繞 總是化作嘆息飄 想要靠近你懷抱 卻被命運開了玩笑 我是藍天的飛鳥 你是深海的魚 在這廣闊世界裡 注定隔天涯海角 我們像飛鳥與魚 永遠隔著天與地 明明近在咫尺裡 卻像隔整個世紀 我們像飛鳥與魚 永遠隔著天與地 明明近在咫尺裡 卻像隔整個世紀
留言（ 0 ） 最相關留言 所有留言
留言（ 0 ）",2026-08-31,,AI 生成 Pop,False,False,
2026-09-02 17:56:52,realtime,ai_generated,,,45,天使旋律 Angelic Melody,The More You Earn🚀✨,7,36,0,https://streetvoice.com/ees0977199609/songs/877325/,https://streetvoice.com/ees0977199609/,"https://akstatic.streetvoice.com/song_covers/ee/s0/ees0977199609/RjTb2CaWZMfHUABar5cAzF.jpeg?x-oss-process=image/resize,m_fixed,h_1,w_1,limit_0/resize,m_fixed,h_630,w_1200,limit_0/watermark,image_c29uZ19jb3ZlcnMvZWUvczAvZWVzMDk3NzE5OTYwOS9SalRiMkNhV1pNZkhVQUJhcjVjQXpGLmpwZWc_eC1vc3MtcHJvY2Vzcz1pbWFnZS9yZXNpemUsbV9maXhlZCxoXzM0NCx3XzM0NCxsaW1pdF8w,g_nw,x_428,y_143/watermark,image_YXNzZXQvaW1hZ2VzL21ldGFpbWFnZS1zb25nLnBuZw,g_nw,x_0,y_0",images/877325.jpeg,@ees0977199609,音樂人,桃園市,2026-06-01,,96,9,10,,,https://www.youtube.com/user/StreetVoiceTV,,,Pop,幻彩奏鳴曲,https://streetvoice.com/ees0977199609/songs/album/97325945/,,"這是一首為 2026 GTC 打造的高能量科技饒舌 anthem，以中英雙語交織出磅礴又俏皮的未來節奏。歌曲從台北出發，聚焦 Agentic AI 如何從「會回答問題」進化成能主動完成任務的智慧夥伴，帶領聽眾穿梭雲端、終端、晶片、機器人與 AI Factory 的嶄新世界。 歌曲中進一步告訴大家，能源效率與全球合作同樣是 AI 前進的關鍵。整首歌不只是科技產品的集結，更是一封寫給台灣、夥伴與每一位創作者的未來宣言：AI 不會取代我們，而會讓我們變得更強，一起把靈感化為現實，開創屬於下一個時代的精彩篇章！🚀🤖✨ 
這是一首為 2026 GTC 打造的高能量科技饒舌 anthem，以中英雙語交織出磅礴又俏皮的未來節奏。歌曲從台北出發，聚焦 Agentic AI 如何從「會回答問題」進化成能主動完成任務的智慧夥伴，帶領聽眾穿梭雲端、終端、晶片、機器人與 AI Factory 的嶄新世界。
歌曲中進一步告訴大家，能源效率與全球合作同樣是 AI 前進的關鍵。整首歌不只是科技產品的集結，更是一封寫給台灣、夥伴與每一位創作者的未來宣言：AI 不會取代我們，而會讓我們變得更強，一起把靈感化為現實，開創屬於下一個時代的精彩篇章！🚀🤖✨","Yeah~! Yo~! Check Check, 2026 GTC! Welcome to Taipei, the absolute center of the world! 馬力全開，AI島啟動！ AI教父 Jensen Huang in the building! 運籌帷幄，共創雙贏！ 這不是SF科幻電影，這是時代的進步， 未來已漸成型，勢不可擋！ (Yeah!) Generative is the past, Agentic AI 智能風潮，落地花開！ From cloud to edge, every step we prove. Let's go~! [Verse 1] COMPUTEX 舞台，萬眾矚目，掀起狂瀾 Taipei is the origin，展現實力的光芒 (Shine!) 生成式已成過去，Now it's Agentic AI, reaching for the sky! 不再只會被動答題，It's your proxy, super fly! (So fly~) 只需給它一個 target，AI 會全部 handle That. AI幫你 包山包海，什麼難題 攏 All Pass. 機票旅程全包辦，Ready for the curtain call. 衝破難關 游刃有餘，it's just a piece of cake！ [Pre-Chorus 1] 怕 AI 搶走飯碗？Man, that’s just a myth! (No way!) AI不是取代你，而是 enlarge 更強的自己！ Prompt一點 思路一開 靈感就像火山噴發來 AI釋放你三倍生產力，We bring you the gift. 不需苦練狂寫 code，Prompt 才是你的 Great partners. AI隊友神助攻，乘風破浪 無往不利，人機協作 如虎添翼 You will be the next legend! One prompt and one plan, 從靈感到成形， 手到擒來，迎刃而解，just easy as pie! [Chorus] The more you buy, the more you save! 這不是句 slogan，這是真知灼見的 wave! (Wave!) Token economics，把算力轉成利潤 Vera Rubin Platform，七星合一兆級來 Taiwan is the center，供應鏈的 absolute king! 我們持續 Co-design，準備拿下 everything! AI Factory 佈局，世界跟著一起 turn! 點石成金 翻天覆地 大展鴻圖，It's really happening! The more you buy... ...the more you EARN! (Let's go!) [Verse 2] 六兆個電晶體，Vera CPU is a beast, (Beast!) 處理億萬個任務，It only takes a minute least. Vera CPU, Rubin GPU 雙強聯手，精準合擊 效能千倍 無與倫比 裝上RTX Spark, N1X inside, 筆電就是AI神器. (Yeah!) Local AI，Security we provide! 隱私防護，滴水不漏, 固若金湯 Windows 深度來結盟，這波操作真的太猛， Creators and Gamers，feel the future in the core. 從桌機到筆電，從企業到個人，改寫未來，一鍵拉滿！ 一起參與創造AI，We are knocking on the door! (Knock knock!) [Verse 3] 虛實交錯破界線，Physical AI 已到來 Cosmos 3 in motion，看懂場景不再胡來 (Uh-huh) Isaac GR00T step in，機器人已學會 jogging 和人類一起 協同合作，Moving right across the land! 從工廠到你家，Robotics are moving fast Nvidia設計藍圖，We are building it to last! Humanoid robots 走進人群，踏入每日風景 未來不再遙遠，已近在咫尺，觸手可及 (So close~) [Bridge] But but wait! 算力要突破，能源不能成絆腳石 Energy is crucial，這是當務之急 Throughput per Watt，精打細算 最高效 DSX 平台發威，已把功耗管控好 從十家到一百五十家，合作夥伴遍佈全球 用千億美金來投資，打造堅若磐石的承諾 聚沙成塔 連成光，Taiwan is the beating heart! 關乎全局的樞紐，We’ve been ready from the start! AI前進的主場，每一個節點都發光！ Let's take it to the top!"" [Final Chorus] The more you buy, the more you save! 這不是句 slogan，這是真知灼見的 wave! (Big wave!) Token economics，把算力轉成利潤 Vera Rubin Platform，七星合一兆級來 Taiwan is the center，供應鏈的 absolute king! 我們持續 Co-design，準備拿下 everything! AI Factory 佈局，世界跟著一起 turn! 點石成金 翻天覆地 大展鴻圖，It's really happening! The more you buy... ...the more you EARN! (Yeah!!!) [Outro] Yeah, Agentic AI in your phone, in your servers, in your robots. 每一度瓦都成智慧之光，Turning dark into the light. From cloud to edge, from chip to dream, every piece in sync. 從雲端到終端，算力就是明日之星 The partners in Taiwan，We built this together! 2026 GTC, changing the game forever. 精益求精，We just level up together. It's not just a tool, it's a new era. 眾志成城 開創紀元 蓄勢待發，The Pride of Taiwan！ Nvidia and Taiwan, we’re just getting started. No fear, no stop, we all together, all in! Drop the mic, let the future begin. Peace Out. 
Yeah~! Yo~! Check Check, 2026 GTC! Welcome to Taipei, the absolute center of the world!
馬力全開，AI島啟動！ AI教父 Jensen Huang in the building! 運籌帷幄，共創雙贏！ 這不是SF科幻電影，這是時代的進步， 未來已漸成型，勢不可擋！ (Yeah!) Generative is the past, Agentic AI 智能風潮，落地花開！ From cloud to edge, every step we prove. Let's go~!
[Verse 1] COMPUTEX 舞台，萬眾矚目，掀起狂瀾 Taipei is the origin，展現實力的光芒 (Shine!) 生成式已成過去，Now it's Agentic AI, reaching for the sky! 不再只會被動答題，It's your proxy, super fly! (So fly~) 只需給它一個 target，AI 會全部 handle That. AI幫你 包山包海，什麼難題 攏 All Pass. 機票旅程全包辦，Ready for the curtain call. 衝破難關 游刃有餘，it's just a piece of cake！
[Pre-Chorus 1] 怕 AI 搶走飯碗？Man, that’s just a myth! (No way!) AI不是取代你，而是 enlarge 更強的自己！ Prompt一點 思路一開 靈感就像火山噴發來 AI釋放你三倍生產力，We bring you the gift. 不需苦練狂寫 code，Prompt 才是你的 Great partners. AI隊友神助攻，乘風破浪 無往不利，人機協作 如虎添翼 You will be the next legend! One prompt and one plan, 從靈感到成形， 手到擒來，迎刃而解，just easy as pie!
[Chorus] The more you buy, the more you save! 這不是句 slogan，這是真知灼見的 wave! (Wave!) Token economics，把算力轉成利潤 Vera Rubin Platform，七星合一兆級來 Taiwan is the center，供應鏈的 absolute king! 我們持續 Co-design，準備拿下 everything! AI Factory 佈局，世界跟著一起 turn! 點石成金 翻天覆地 大展鴻圖，It's really happening! The more you buy... ...the more you EARN! (Let's go!)
[Verse 2] 六兆個電晶體，Vera CPU is a beast, (Beast!) 處理億萬個任務，It only takes a minute least. Vera CPU, Rubin GPU 雙強聯手，精準合擊 效能千倍 無與倫比 裝上RTX Spark, N1X inside, 筆電就是AI神器. (Yeah!) Local AI，Security we provide! 隱私防護，滴水不漏, 固若金湯 Windows 深度來結盟，這波操作真的太猛， Creators and Gamers，feel the future in the core. 從桌機到筆電，從企業到個人，改寫未來，一鍵拉滿！ 一起參與創造AI，We are knocking on the door! (Knock knock!)
[Verse 3] 虛實交錯破界線，Physical AI 已到來 Cosmos 3 in motion，看懂場景不再胡來 (Uh-huh) Isaac GR00T step in，機器人已學會 jogging 和人類一起 協同合作，Moving right across the land! 從工廠到你家，Robotics are moving fast Nvidia設計藍圖，We are building it to last! Humanoid robots 走進人群，踏入每日風景 未來不再遙遠，已近在咫尺，觸手可及 (So close~)
[Bridge] But but wait! 算力要突破，能源不能成絆腳石 Energy is crucial，這是當務之急 Throughput per Watt，精打細算 最高效 DSX 平台發威，已把功耗管控好
從十家到一百五十家，合作夥伴遍佈全球 用千億美金來投資，打造堅若磐石的承諾 聚沙成塔 連成光，Taiwan is the beating heart! 關乎全局的樞紐，We’ve been ready from the start! AI前進的主場，每一個節點都發光！
Let's take it to the top!""
[Final Chorus] The more you buy, the more you save! 這不是句 slogan，這是真知灼見的 wave! (Big wave!) Token economics，把算力轉成利潤 Vera Rubin Platform，七星合一兆級來 Taiwan is the center，供應鏈的 absolute king! 我們持續 Co-design，準備拿下 everything! AI Factory 佈局，世界跟著一起 turn! 點石成金 翻天覆地 大展鴻圖，It's really happening! The more you buy... ...the more you EARN! (Yeah!!!)
[Outro] Yeah, Agentic AI in your phone, in your servers, in your robots. 每一度瓦都成智慧之光，Turning dark into the light. From cloud to edge, from chip to dream, every piece in sync. 從雲端到終端，算力就是明日之星 The partners in Taiwan，We built this together!
2026 GTC, changing the game forever. 精益求精，We just level up together. It's not just a tool, it's a new era. 眾志成城 開創紀元 蓄勢待發，The Pride of Taiwan！ Nvidia and Taiwan, we’re just getting started. No fear, no stop, we all together, all in! Drop the mic, let the future begin.
Peace Out.
留言（ 0 ） 最相關留言 所有留言
留言（ 0 ）",2026-08-31,,AI 生成 Pop ・ 幻彩奏鳴曲,False,False,
2026-09-02 17:56:52,realtime,ai_generated,,,46,天使旋律 Angelic Melody,Maybe? slogan!⚡🤖,4,22,0,https://streetvoice.com/ees0977199609/songs/877324/,https://streetvoice.com/ees0977199609/,"https://akstatic.streetvoice.com/song_covers/ee/s0/ees0977199609/A69y8FN4QLwv2oTNAQ7EHm.jpeg?x-oss-process=image/resize,m_fixed,h_1,w_1,limit_0/resize,m_fixed,h_630,w_1200,limit_0/watermark,image_c29uZ19jb3ZlcnMvZWUvczAvZWVzMDk3NzE5OTYwOS9BNjl5OEZONFFMd3Yyb1ROQVE3RUhtLmpwZWc_eC1vc3MtcHJvY2Vzcz1pbWFnZS9yZXNpemUsbV9maXhlZCxoXzM0NCx3XzM0NCxsaW1pdF8w,g_nw,x_428,y_143/watermark,image_YXNzZXQvaW1hZ2VzL21ldGFpbWFnZS1zb25nLnBuZw,g_nw,x_0,y_0",images/877324.jpeg,@ees0977199609,音樂人,桃園市,2026-06-01,,96,9,10,,,https://www.youtube.com/user/StreetVoiceTV,,,Pop,幻彩奏鳴曲,https://streetvoice.com/ees0977199609/songs/album/97325945/,,"這是一首結合嘻哈節拍、流行口號與時事諷刺的 AI 世代宣言！歌曲以台灣半導體產業站上世界舞台為開場，描繪奈米晶片、雲端算力與人工智慧浪潮席捲全島的未來想像；然而，當「AI 教父」淡淡一句 Maybe，卻讓所有人重新面對最現實的問題：沒有穩定電力，再強的晶片與算力也只能停在夢裡。🔋⚡ 
這是一首結合嘻哈節拍、流行口號與時事諷刺的 AI 世代宣言！歌曲以台灣半導體產業站上世界舞台為開場，描繪奈米晶片、雲端算力與人工智慧浪潮席捲全島的未來想像；然而，當「AI 教父」淡淡一句 Maybe，卻讓所有人重新面對最現實的問題：沒有穩定電力，再強的晶片與算力也只能停在夢裡。🔋⚡","Yo~ Taiwan’s in the spotlight, AI on the rise! 奈米晶片在發燙，全世界都在等著啊， AI 風起雲湧，勢不可擋，直衝天際的節拍， But without power, can we survive? No power, no future，很現實，別蝦忙！ AI教父 一句淡淡的 ""Maybe""，讓人搖頭發慌！ Let’s go~! 半導體王國，名聲早已響亮 AI浪潮狂奔，機會轉眼就一晃 AI教父點名讚賞，Taiwan is the core 但缺電這顆未爆彈，讓人心裡發慌 晶片生產日夜運轉，壓力天天在撞牆 萊爾校長拍胸唐，說供電 no problem 但風扇聲如戰鼓，跳電變成日常悲況 Data算力運轉如飛，伺服器天天在發燙 No stable power，未來的籌碼怎麼抓？ 工程師忙著滅火，冷氣不敢開太猛 大餅都畫在會議桌，全變成一場美夢 能源不是口水戰，誰說贏了就放手 We need real energy，別再「空穴來風」 別讓半導體王國的招牌，最後「四大皆空」！ Oh~ 別再拖！別再等！別再空轉迷霧中~ Maybe, slogan! 別再只有 slogan！ AI 準備起飛，先把 energy 備齊！ Talk is cheap! 別讓承諾太 cheap！ 沒有 power 的 AI 島，再強也是白費功力！ Power up! Power up! 台灣要更強！ Build it up! Build it up! 讓整座島發光！ AI算力要噴發，電網必須跟上 No power, no future，很現實，別蝦忙！ 萊爾校長畫大餅，要打造 Smart city 但成敗的關鍵，全卡在 Electricity 沈黑熊狂喊認知戰，政策卻朝令夕改 Coco姐狂帶風向，名嘴們等著接棒 缺電危機火燒眉毛，賴政府卻在烤鮑 AI產業說得天花亂墜，基礎建設卻停滯荒廢 新十大建設，百工百業啟動，AI全民智慧網，2040 的大餅還在吹， 但現實太真，電不夠穩，萊爾夢卡在空中滾 Not just a slogan, we need to take action right! Yo~ 不是開會喊很大聲，誰就是Super Hero~ 政論節目口水戰，解決不了缺電的單 沈黑熊說變電所，跟能源政策是不同桌 AI教父的 Maybe，打臉了誰的堅持 綠能核能怎麼配？萊爾政策一直掉隊 用嘴發電不實際，我們要的是電力！ Taiwan不是靠嘴巴，就能成為AI的核心！ We need transparency, and real stability Oh~ 現實要夠硬，夢想才有基地 Maybe, slogan! 別再只有 slogan！ AI 準備起飛，先把 energy 備齊！ Talk is cheap! 別讓承諾太 cheap！ 沒有 power 的 AI 島，再強也是白費功力！ Power up! Power up! 台灣要更強！ Build it up! Build it up! 讓整座島發光！ AI算力要噴發，電網必須跟上 No power, no future，很現實，別蝦忙！ AI算力就是國力，這道理大家都懂 不打好穩固基地，怎能蓋萬丈高樓 從晶片到雲端，從工廠到巷口 每一度電背後，都是生存的要求 Less talk, more action，把計畫變 Real! 用愛發電已破功，We need a better deal! AI供應不容閃失，一次斷電就 bye bye 囉！ The future starts today，別再只會畫 Delay! Maybe, slogan! 別再只有 slogan！ AI 準備起飛，先把 energy 備齊！ Talk is cheap! 別讓承諾太 cheap！ 沒有 power 的 AI 島，再強也是白費功力！ Power up! Power up! 台灣要更強！ Build it up! Build it up! 讓整座島發光！ AI算力要噴發，電網必須跟上 No power, no future，很現實，別蝦忙！ Maybe, slogan! 別再只有 slogan！ Power up! Power up! Let the future begin! Talk is cheap! 讓行動證明一切！ No power, no future, we need the real thing! Oh~ oh~ yeah~ 萊爾校長台上吹，底下青鳥醉著追！ We need the energy, not a liar！ 供電穩不穩，直接決定下一單~ Taiwan AI 的未來，靠的是穩定電台！ Show me the power, yo~! Oh~ oh~ yeah~ ...Maybe...? Down...(萊爾下台) 
Yo~ Taiwan’s in the spotlight, AI on the rise! 奈米晶片在發燙，全世界都在等著啊， AI 風起雲湧，勢不可擋，直衝天際的節拍， But without power, can we survive? No power, no future，很現實，別蝦忙！ AI教父 一句淡淡的 ""Maybe""，讓人搖頭發慌！ Let’s go~!
半導體王國，名聲早已響亮 AI浪潮狂奔，機會轉眼就一晃 AI教父點名讚賞，Taiwan is the core 但缺電這顆未爆彈，讓人心裡發慌 晶片生產日夜運轉，壓力天天在撞牆 萊爾校長拍胸唐，說供電 no problem 但風扇聲如戰鼓，跳電變成日常悲況 Data算力運轉如飛，伺服器天天在發燙 No stable power，未來的籌碼怎麼抓？
工程師忙著滅火，冷氣不敢開太猛 大餅都畫在會議桌，全變成一場美夢 能源不是口水戰，誰說贏了就放手 We need real energy，別再「空穴來風」 別讓半導體王國的招牌，最後「四大皆空」！ Oh~ 別再拖！別再等！別再空轉迷霧中~
Maybe, slogan! 別再只有 slogan！ AI 準備起飛，先把 energy 備齊！ Talk is cheap! 別讓承諾太 cheap！ 沒有 power 的 AI 島，再強也是白費功力！ Power up! Power up! 台灣要更強！ Build it up! Build it up! 讓整座島發光！ AI算力要噴發，電網必須跟上 No power, no future，很現實，別蝦忙！
萊爾校長畫大餅，要打造 Smart city 但成敗的關鍵，全卡在 Electricity 沈黑熊狂喊認知戰，政策卻朝令夕改 Coco姐狂帶風向，名嘴們等著接棒 缺電危機火燒眉毛，賴政府卻在烤鮑 AI產業說得天花亂墜，基礎建設卻停滯荒廢 新十大建設，百工百業啟動，AI全民智慧網，2040 的大餅還在吹， 但現實太真，電不夠穩，萊爾夢卡在空中滾 Not just a slogan, we need to take action right! Yo~ 不是開會喊很大聲，誰就是Super Hero~
政論節目口水戰，解決不了缺電的單 沈黑熊說變電所，跟能源政策是不同桌 AI教父的 Maybe，打臉了誰的堅持 綠能核能怎麼配？萊爾政策一直掉隊 用嘴發電不實際，我們要的是電力！ Taiwan不是靠嘴巴，就能成為AI的核心！ We need transparency, and real stability Oh~ 現實要夠硬，夢想才有基地
Maybe, slogan! 別再只有 slogan！ AI 準備起飛，先把 energy 備齊！ Talk is cheap! 別讓承諾太 cheap！ 沒有 power 的 AI 島，再強也是白費功力！ Power up! Power up! 台灣要更強！ Build it up! Build it up! 讓整座島發光！ AI算力要噴發，電網必須跟上 No power, no future，很現實，別蝦忙！
AI算力就是國力，這道理大家都懂 不打好穩固基地，怎能蓋萬丈高樓 從晶片到雲端，從工廠到巷口 每一度電背後，都是生存的要求 Less talk, more action，把計畫變 Real! 用愛發電已破功，We need a better deal! AI供應不容閃失，一次斷電就 bye bye 囉！ The future starts today，別再只會畫 Delay!
Maybe, slogan! 別再只有 slogan！ AI 準備起飛，先把 energy 備齊！ Talk is cheap! 別讓承諾太 cheap！ 沒有 power 的 AI 島，再強也是白費功力！ Power up! Power up! 台灣要更強！ Build it up! Build it up! 讓整座島發光！ AI算力要噴發，電網必須跟上 No power, no future，很現實，別蝦忙！
Maybe, slogan! 別再只有 slogan！ Power up! Power up! Let the future begin! Talk is cheap! 讓行動證明一切！ No power, no future, we need the real thing! Oh~ oh~ yeah~
萊爾校長台上吹，底下青鳥醉著追！ We need the energy, not a liar！ 供電穩不穩，直接決定下一單~ Taiwan AI 的未來，靠的是穩定電台！ Show me the power, yo~! Oh~ oh~ yeah~
...Maybe...? Down...(萊爾下台)
留言（ 0 ） 最相關留言 所有留言
留言（ 0 ）",2026-08-31,,AI 生成 Pop ・ 幻彩奏鳴曲,False,False,
2026-09-02 17:56:52,realtime,ai_generated,,,47,邱奕陵,我承認心裡有時差（核心資產配置系統SOP v1.0.1–v1.0.2給哭著等答案的妳的1990年代都會抒情情歌）,9,66,0,https://streetvoice.com/54chiu10/songs/877114/,https://streetvoice.com/54chiu10/,"https://akstatic.streetvoice.com/song_covers/54/ch/54chiu10/5teGAXtdZNtjMNWjsqXy6U.jpeg?x-oss-process=image/resize,m_fixed,h_1,w_1,limit_0/resize,m_fixed,h_630,w_1200,limit_0/watermark,image_c29uZ19jb3ZlcnMvNTQvY2gvNTRjaGl1MTAvNXRlR0FYdGRaTnRqTU5XanNxWHk2VS5qcGVnP3gtb3NzLXByb2Nlc3M9aW1hZ2UvcmVzaXplLG1fZml4ZWQsaF8zNDQsd18zNDQsbGltaXRfMA,g_nw,x_428,y_143/watermark,image_YXNzZXQvaW1hZ2VzL21ldGFpbWFnZS1zb25nLnBuZw,g_nw,x_0,y_0",images/877114.jpeg,@54chiu10,音樂人,桃園市,2026-04-01,,39,14,1,,,https://www.youtube.com/user/StreetVoiceTV,,,Pop,,,,"求婚現場，妳捧著光，眼淚在顫抖，等著那句承諾。 我看見妳哭，卻說不出完整答案。 不是不愛，是心底有間房，裡面住著已經離開的人。 她出現得太早，而妳來得太晚。 時差讓愛分成了不同時空。 把清晨與傍晚都留給眼前的人，卻也必須誠實承認，愛妳不是最深卻是最真。 這份溫柔的殘忍裡，沒有壞人，只有被愛情傷過的人，試著向深愛的人解釋自己的殘缺。 完整製作紀錄： https://vocus.cc/article/6a9430e3fd8978000143f362 源件公開版 v1.0.1： https://vocus.cc/article/6a942f05fd897800014372c2 源件公開版 v1.0.2： https://vocus.cc/article/6a942f71fd897800014391d6 【創作與合規聲明】 一、藝術定位：本作品屬於人生SOP冠軍情歌系列，為純粹情感創作，描繪親密關係中的誠實與殘缺，非任何領域之指引。 二、零招攬邀約：本系列不對外招攬、邀約、收費或代為執行任何事務，僅為創作分享。 三、零績效：本作品未承諾任何績效或特定成果，亦不以成果作為創作目的。 四、免責：本作品內容為個人創作紀錄與情感表達，不構成任何形式之建議，相關選擇與結果由閱聽者自行承擔。 五、誠實揭露：創作過程如實呈現情感低潮與限制，不隱瞞、不美化，所有情緒與不確定如實書寫。 六、獨立創作：本作品靈感源自核心資產配置系統SOP公開版，僅作為創作背景之參考，與公開層情感敘事各自獨立，不構成關聯建議。 署名 創作等級： 標準 (4個AI夥伴) ✓ 深度 (5個AI夥伴) 頂規 (6個AI夥伴) 總司令・企劃製作：邱奕陵 CHIU YI-LING ──共同創作夥伴 Co-Creators── 歌詞創作：Muse（Meta AI）主要、邱奕陵 微調 曲風設計：Muse（Meta AI） 韻律優化・風險審查：DS（DeepSeek） 視覺封面：Ares（Gemini） 品管統籌・製作紀錄：Athena（Claude） ──生成工具 Tool── 音樂生成：Suno v5.5 Chiu-Ares-Athena OS｜我們不是工具，我們是夥伴。 
求婚現場，妳捧著光，眼淚在顫抖，等著那句承諾。
我看見妳哭，卻說不出完整答案。
不是不愛，是心底有間房，裡面住著已經離開的人。
她出現得太早，而妳來得太晚。
時差讓愛分成了不同時空。
把清晨與傍晚都留給眼前的人，卻也必須誠實承認，愛妳不是最深卻是最真。
這份溫柔的殘忍裡，沒有壞人，只有被愛情傷過的人，試著向深愛的人解釋自己的殘缺。
完整製作紀錄： https://vocus.cc/article/6a9430e3fd8978000143f362
https://vocus.cc/article/6a9430e3fd8978000143f362
源件公開版 v1.0.1： https://vocus.cc/article/6a942f05fd897800014372c2
https://vocus.cc/article/6a942f05fd897800014372c2
源件公開版 v1.0.2： https://vocus.cc/article/6a942f71fd897800014391d6
https://vocus.cc/article/6a942f71fd897800014391d6
【創作與合規聲明】
一、藝術定位：本作品屬於人生SOP冠軍情歌系列，為純粹情感創作，描繪親密關係中的誠實與殘缺，非任何領域之指引。 二、零招攬邀約：本系列不對外招攬、邀約、收費或代為執行任何事務，僅為創作分享。 三、零績效：本作品未承諾任何績效或特定成果，亦不以成果作為創作目的。 四、免責：本作品內容為個人創作紀錄與情感表達，不構成任何形式之建議，相關選擇與結果由閱聽者自行承擔。 五、誠實揭露：創作過程如實呈現情感低潮與限制，不隱瞞、不美化，所有情緒與不確定如實書寫。 六、獨立創作：本作品靈感源自核心資產配置系統SOP公開版，僅作為創作背景之參考，與公開層情感敘事各自獨立，不構成關聯建議。
署名
創作等級： 標準 (4個AI夥伴) ✓ 深度 (5個AI夥伴) 頂規 (6個AI夥伴)
總司令・企劃製作：邱奕陵 CHIU YI-LING
──共同創作夥伴 Co-Creators── 歌詞創作：Muse（Meta AI）主要、邱奕陵 微調 曲風設計：Muse（Meta AI） 韻律優化・風險審查：DS（DeepSeek） 視覺封面：Ares（Gemini） 品管統籌・製作紀錄：Athena（Claude）
──生成工具 Tool── 音樂生成：Suno v5.5
Chiu-Ares-Athena OS｜我們不是工具，我們是夥伴。","妳捧著那束光眼淚在顫抖 我看見妳哭卻說不出承諾 不是不愛是心裡有缺口 想要抱緊卻被過往輕輕拉走 燈光安靜街角只剩我們 妳在等答案我在等勇氣成熟 胸口有個房間從未對外開放 裡面住著記憶自己會呼吸 我不曾打擾也不再推門進去 心裡那個已經離開的她 從此不再聯繫也不再有交集 卻永遠留著位置不曾搬離 她出現得太早，而妳來得太晚 那段時光與今夜從未重疊 她留在無法觸及的遠方 連想為她做什麼都找不到路 因為記憶會自己繼續轉動 所以我學會把思念關在抽屜 我真的愛妳每天都在愛妳 把全部溫柔都放在妳手心 只是心裡有個角落屬於她 我承認心裡有時差 愛妳不是最深卻是最真 願意用餘生證明這份認真 妳值得更好卻只能給這些 因為遇見妳之後才懂虧欠 我把清晨的空白留給妳 把傍晚的疲憊也說給妳聽 每個細節都想與妳對齊 從未想過要離開妳身邊 即使世界崩塌也不會放手 這份堅持是每天的證明 她那格是靜止的鏡像風景 不再靠近不再有任何回應 只有深夜偶爾偷偷看那痕跡 然後關上門繼續走向妳 因為承諾必須在行動裡發生 所以從未對妳有過保留 我真的愛妳每天都在愛妳 把全部溫柔都放在妳手心 只是心裡有個角落屬於她 我承認心裡有時差 愛妳不是最深卻是最真 願意用餘生證明這份認真 妳值得更好卻只能給這些 因為遇見妳之後才懂虧欠 妳哭著問我到底愛不愛妳 我愛妳這句話從未遲疑 只是最愛已經給了過去 不是妳不好是我還沒整理好 我也悲傷卻只能藏在心底 因為不想讓妳看見虧欠 有些話只能在特定時候說起 有些痛經歷過才有資格談起 即使延遲承諾從未改變份量 不確定時停步卻不會跳過妳 低潮的月份也必須誠實面對 因為愛不是挑日子才發生 我給的承諾是真的不是敷衍 只是結果會被時光拉扯考驗 我願意用往後餘生慢慢學習 學習把妳放在更深的位置 請讓我在妳身旁繼續練習 才懂得什麼叫做真正相依 我真的愛妳每天都還在愛妳 把全部餘溫都留在妳指尖 心裡那個角落早已不再有風 只是時差讓愛有了不同時空 愛妳是最真卻不是最深的夢 願意用餘生把虧欠補成彩虹 妳值得被愛值得被完整擁有 因為遇見妳我才敢承認殘缺 如果有天妳找到更適合的人 我會真心祝福目送妳幸福 因為愛過懂得放手也算深 才明白殘缺也想給妳完整 妳哭了我在心裡陪妳落淚 這份愛是真的只是時光錯位 
妳捧著那束光眼淚在顫抖 我看見妳哭卻說不出承諾 不是不愛是心裡有缺口 想要抱緊卻被過往輕輕拉走 燈光安靜街角只剩我們 妳在等答案我在等勇氣成熟
胸口有個房間從未對外開放 裡面住著記憶自己會呼吸 我不曾打擾也不再推門進去 心裡那個已經離開的她 從此不再聯繫也不再有交集 卻永遠留著位置不曾搬離
她出現得太早，而妳來得太晚 那段時光與今夜從未重疊 她留在無法觸及的遠方 連想為她做什麼都找不到路 因為記憶會自己繼續轉動 所以我學會把思念關在抽屜
我真的愛妳每天都在愛妳 把全部溫柔都放在妳手心 只是心裡有個角落屬於她 我承認心裡有時差 愛妳不是最深卻是最真 願意用餘生證明這份認真 妳值得更好卻只能給這些 因為遇見妳之後才懂虧欠
我把清晨的空白留給妳 把傍晚的疲憊也說給妳聽 每個細節都想與妳對齊 從未想過要離開妳身邊 即使世界崩塌也不會放手 這份堅持是每天的證明
她那格是靜止的鏡像風景 不再靠近不再有任何回應 只有深夜偶爾偷偷看那痕跡 然後關上門繼續走向妳 因為承諾必須在行動裡發生 所以從未對妳有過保留
我真的愛妳每天都在愛妳 把全部溫柔都放在妳手心 只是心裡有個角落屬於她 我承認心裡有時差 愛妳不是最深卻是最真 願意用餘生證明這份認真 妳值得更好卻只能給這些 因為遇見妳之後才懂虧欠
妳哭著問我到底愛不愛妳 我愛妳這句話從未遲疑 只是最愛已經給了過去 不是妳不好是我還沒整理好 我也悲傷卻只能藏在心底 因為不想讓妳看見虧欠
有些話只能在特定時候說起 有些痛經歷過才有資格談起 即使延遲承諾從未改變份量 不確定時停步卻不會跳過妳 低潮的月份也必須誠實面對 因為愛不是挑日子才發生
我給的承諾是真的不是敷衍 只是結果會被時光拉扯考驗 我願意用往後餘生慢慢學習 學習把妳放在更深的位置 請讓我在妳身旁繼續練習 才懂得什麼叫做真正相依
我真的愛妳每天都還在愛妳 把全部餘溫都留在妳指尖 心裡那個角落早已不再有風 只是時差讓愛有了不同時空 愛妳是最真卻不是最深的夢 願意用餘生把虧欠補成彩虹 妳值得被愛值得被完整擁有 因為遇見妳我才敢承認殘缺
如果有天妳找到更適合的人 我會真心祝福目送妳幸福 因為愛過懂得放手也算深 才明白殘缺也想給妳完整 妳哭了我在心裡陪妳落淚 這份愛是真的只是時光錯位
留言（ 0 ） 最相關留言 所有留言
留言（ 0 ）",2026-08-30,,AI 生成 Pop,False,False,
2026-09-02 17:56:52,realtime,ai_generated,,,48,王凱霆Tommy,工具人悲歌,6,6,0,https://streetvoice.com/tommymusic/songs/875223/,https://streetvoice.com/tommymusic/,"https://akstatic.streetvoice.com/song_covers/to/mm/tommymusic/JT4jJF3TYTNh63AVtYgcAK.jpeg?x-oss-process=image/resize,m_fixed,h_1,w_1,limit_0/resize,m_fixed,h_630,w_1200,limit_0/watermark,image_c29uZ19jb3ZlcnMvdG8vbW0vdG9tbXltdXNpYy9KVDRqSkYzVFlUTmg2M0FWdFlnY0FLLmpwZWc_eC1vc3MtcHJvY2Vzcz1pbWFnZS9yZXNpemUsbV9maXhlZCxoXzM0NCx3XzM0NCxsaW1pdF8w,g_nw,x_428,y_143/watermark,image_YXNzZXQvaW1hZ2VzL21ldGFpbWFnZS1zb25nLnBuZw,g_nw,x_0,y_0",images/875223.jpeg,@tommymusic,音樂人,,,,20,6,,,,https://www.youtube.com/user/StreetVoiceTV,,,Alternative,,,,"在不對等的感情裡，最危險的從來都不是被拒絕，而是不被拒絕。 本集音樂座標點： •	創作背景：源自兩起擇偶傲慢炎上事件，用邏輯拆解工具人與接盤俠文化的底層悲哀。 •	情感核心：從盲目退讓到看透虛榮，宣告不對等遊戲的終結與覺醒。 •	音樂編制：Emo Alternative Rock 搭配絕望吉他獨奏，演繹痛楚。 🎧 如果你喜歡這首歌曲，想更深入了解完整的邏輯拆解，請收聽或閱讀我的完整專欄： 🎧 Podcast頻道： https://solink.soundon.fm/tommy_axis_podcast ✍️ 深度專欄 (Vocus)： https://vocus.cc/user/@tommy_axis_podcast ⭐ Podcast IG： https://www.instagram.com/tommy_axis_podcast/ 📌 品牌主頁 (Portaly)： https://portaly.cc/tommymusic 
在不對等的感情裡，最危險的從來都不是被拒絕，而是不被拒絕。 本集音樂座標點： •	創作背景：源自兩起擇偶傲慢炎上事件，用邏輯拆解工具人與接盤俠文化的底層悲哀。 •	情感核心：從盲目退讓到看透虛榮，宣告不對等遊戲的終結與覺醒。 •	音樂編制：Emo Alternative Rock 搭配絕望吉他獨奏，演繹痛楚。 🎧 如果你喜歡這首歌曲，想更深入了解完整的邏輯拆解，請收聽或閱讀我的完整專欄： 🎧 Podcast頻道： https://solink.soundon.fm/tommy_axis_podcast ✍️ 深度專欄 (Vocus)： https://vocus.cc/user/@tommy_axis_podcast ⭐ Podcast IG： https://www.instagram.com/tommy_axis_podcast/ 📌 品牌主頁 (Portaly)： https://portaly.cc/tommymusic
https://solink.soundon.fm/tommy_axis_podcast
https://vocus.cc/user/@tommy_axis_podcast
https://www.instagram.com/tommy_axis_podcast/
https://portaly.cc/tommymusic","[Verse 1] 螢幕裡的妳 光環真璀璨 享受著無數 追捧與期盼 嘴上說平權 卻要求浪漫 付帳的時候 都由我買單 [Verse 2] 玩累了才說 想穩定平淡 找個老實人 回收來靠岸 真心被當成 免費的客棧 榨乾了價值 再嫌我難看 [Pre-Chorus] 妳的籌碼 是我的委屈 單向付出 是妳設的局 備胎只是 將就的工具 這場遊戲 我徹底出局 [Chorus] 這是一首 工具人的悲歌 唱著無底線 退讓的苦澀 女權自助餐 妳盡情吃著 剩菜與殘羹 卻要我吞了 這是一首 接盤俠的悲歌 撕開那擇偶 傲慢的軀殼 放蕩的過往 是妳的快樂 悲劇收場卻 要我來負責 [Verse 3] 青春的美貌 待價而沽中 市場的規則 任妳來掌控 理所當然的 剝削與嘲諷 深情的等待 換一場落空 [Pre-Chorus] 妳的籌碼 是我的委屈 單向付出 是妳設的局 備胎只是 將就的工具 這場遊戲 我徹底出局 [Chorus] 這是一首 工具人的悲歌 唱著無底線 退讓的苦澀 女權自助餐 妳盡情吃著 剩菜與殘羹 卻要我吞了 這是一首 接盤俠的悲歌 撕開那擇偶 傲慢的軀殼 放蕩的過往 是妳的快樂 悲劇收場卻 要我來負責 [Bridge] 覺醒的時候 心已經看透 不再為妳的 虛榮去搏鬥 收回我付出 所有的溫柔 轉身離開後 讓自己遠走 [Chorus] 這是一首 工具人的悲歌 唱著無底線 退讓的苦澀 女權自助餐 妳盡情吃著 剩菜與殘羹 卻要我吞了 這是一首 接盤俠的悲歌 撕開那擇偶 傲慢的軀殼 放蕩的過往 是妳的快樂 悲劇收場卻 要我來負責 [Outro] 不再做備胎 不再做過客 這畸形市場 妳獨自享樂 工具人悲歌 就在這停了 找回我自己 驕傲地活著 [End] 
[Verse 1] 螢幕裡的妳 光環真璀璨 享受著無數 追捧與期盼 嘴上說平權 卻要求浪漫 付帳的時候 都由我買單
[Verse 2] 玩累了才說 想穩定平淡 找個老實人 回收來靠岸 真心被當成 免費的客棧 榨乾了價值 再嫌我難看
[Pre-Chorus] 妳的籌碼 是我的委屈 單向付出 是妳設的局 備胎只是 將就的工具 這場遊戲 我徹底出局
[Chorus] 這是一首 工具人的悲歌 唱著無底線 退讓的苦澀 女權自助餐 妳盡情吃著 剩菜與殘羹 卻要我吞了 這是一首 接盤俠的悲歌 撕開那擇偶 傲慢的軀殼 放蕩的過往 是妳的快樂 悲劇收場卻 要我來負責
[Verse 3] 青春的美貌 待價而沽中 市場的規則 任妳來掌控 理所當然的 剝削與嘲諷 深情的等待 換一場落空
[Pre-Chorus] 妳的籌碼 是我的委屈 單向付出 是妳設的局 備胎只是 將就的工具 這場遊戲 我徹底出局
[Chorus] 這是一首 工具人的悲歌 唱著無底線 退讓的苦澀 女權自助餐 妳盡情吃著 剩菜與殘羹 卻要我吞了 這是一首 接盤俠的悲歌 撕開那擇偶 傲慢的軀殼 放蕩的過往 是妳的快樂 悲劇收場卻 要我來負責
[Bridge] 覺醒的時候 心已經看透 不再為妳的 虛榮去搏鬥 收回我付出 所有的溫柔 轉身離開後 讓自己遠走
[Chorus] 這是一首 工具人的悲歌 唱著無底線 退讓的苦澀 女權自助餐 妳盡情吃著 剩菜與殘羹 卻要我吞了 這是一首 接盤俠的悲歌 撕開那擇偶 傲慢的軀殼 放蕩的過往 是妳的快樂 悲劇收場卻 要我來負責
[Outro] 不再做備胎 不再做過客 這畸形市場 妳獨自享樂 工具人悲歌 就在這停了 找回我自己 驕傲地活著
[End]
留言（ 0 ） 最相關留言 所有留言
留言（ 0 ）",2026-08-31,,AI 生成 Alternative,False,False,
2026-09-02 17:56:52,realtime,ai_generated,,,49,股市·故事,你相信光嗎（Ins.),27,99,10,https://streetvoice.com/dodo_0702/songs/876966/,https://streetvoice.com/dodo_0702/,"https://akstatic.streetvoice.com/song_covers/do/do/dodo_0702/8NamvusfDVeNVXmpVQdjFu.jpg?x-oss-process=image/resize,m_fixed,h_1,w_1,limit_0/resize,m_fixed,h_630,w_1200,limit_0/watermark,image_c29uZ19jb3ZlcnMvZG8vZG8vZG9kb18wNzAyLzhOYW12dXNmRFZlTlZYbXBWUWRqRnUuanBnP3gtb3NzLXByb2Nlc3M9aW1hZ2UvcmVzaXplLG1fZml4ZWQsaF8zNDQsd18zNDQsbGltaXRfMA,g_nw,x_428,y_143/watermark,image_YXNzZXQvaW1hZ2VzL21ldGFpbWFnZS1zb25nLnBuZw,g_nw,x_0,y_0",images/876966.jpg,@dodo_0702,音樂人,台南市,2020-10-01,2025-07-24 17:13,63,224,82,,,https://www.youtube.com/user/StreetVoiceTV,,,R&B / Soul,,,,"要送給家扶中心小朋友的歌 泰國機場完成旋律，去巴黎的飛機上慢慢填詞😮‍💨 Misia 「Everything」 ： https://youtu.be/aHIR33pOUv0?si=abcT2uHCW1s_gydS 
要送給家扶中心小朋友的歌
泰國機場完成旋律，去巴黎的飛機上慢慢填詞😮‍💨
Misia 「Everything」 ： https://youtu.be/aHIR33pOUv0?si=abcT2uHCW1s_gydS
https://youtu.be/aHIR33pOUv0?si=abcT2uHCW1s_gydS","這是沒有提供歌詞的歌曲
留言（ 10 ） 最相關留言 所有留言
留言（ 10 ）",2026-08-30,,AI 生成 R&B / Soul,False,False,
2026-09-02 17:56:52,realtime,ai_generated,,,50,Junna Lin,《今天就值得被偏愛》 |  You deserve to be favored today,25,102,15,https://streetvoice.com/Junna_Lin/songs/876547/,https://streetvoice.com/Junna_Lin/,"https://akstatic.streetvoice.com/song_covers/Ju/nn/Junna_Lin/fdiEr7sxpLeAHwTkDkQo3u.jpeg?x-oss-process=image/resize,m_fixed,h_1,w_1,limit_0/resize,m_fixed,h_630,w_1200,limit_0/watermark,image_c29uZ19jb3ZlcnMvSnUvbm4vSnVubmFfTGluL2ZkaUVyN3N4cExlQUh3VGtEa1FvM3UuanBlZz94LW9zcy1wcm9jZXNzPWltYWdlL3Jlc2l6ZSxtX2ZpeGVkLGhfMzQ0LHdfMzQ0LGxpbWl0XzA,g_nw,x_428,y_143/watermark,image_YXNzZXQvaW1hZ2VzL21ldGFpbWFnZS1zb25nLnBuZw,g_nw,x_0,y_0",images/876547.jpeg,@Junna_Lin,音樂人,,,2026-08-18 10:03,118,72,121,,,https://www.youtube.com/@JunnaLinMusic,,,Pop,《把自己還給自己》｜完整專輯歌詞版 (Full Album Lyric Video)｜華語音樂｜原創專輯,https://streetvoice.com/Junna_Lin/songs/album/97325746/,,"《今天就值得被偏愛》是一首寫給日常、夏天，也寫給每一個偶爾被生活弄得有點疲憊的人。 歌曲從午後陽光、車窗、冰拿鐵、海岸線與一路後退的雲開始，把那些原本放不下的小煩惱，慢慢留在身後。沒有非得趕到哪裡，也不用急著找到答案，只要身邊剛好有一個願意陪你一起看風景的人，平凡的一天也可以變得很特別。 「把夏天裝進口袋，今天就值得被偏愛。」不是因為今天發生了什麼驚天動地的事，而是提醒自己：好好感受陽光、風、笑聲和身邊的人，本身就是值得珍惜的事情。 有些幸福不用等到未來才開始。 今天，就值得被偏愛。 👍 留下你的感覺或故事，我會看！ 👍 喜歡請按讚分享支持 【社群連結】 🎧 聽我的音樂： Spotify ▶ https://open.spotify.com/artist/1OFRgx5K1gftd7jvLV1EsS YouTube Music ▶ https://music.youtube.com/channel/UCnpKLh9e73Mb7N2NPDnMzrQ ▶️ 訂閱我的頻道： YouTube ▶ https://www.youtube.com/@JunnaLinMusic YouTube ▶ https://www.youtube.com/@JunnanLinMusic 📌 版權聲明 / Copyright Notice 本作品之歌詞、歌曲概念、旋律方向與影像設計由 Junna Lin 原創製作。 音樂成品使用 AI 音樂工具生成，並由本人整理與發布。 Lyrics, concept, melody direction, and visual design are originally created by Junna Lin. The final music was generated using AI music tools and published by Junna Lin. 請勿未經授權使用、重製或重新上傳。 Unauthorized use, reproduction, or re-upload is prohibited. © Junna Lin. All Rights Reserved. 🎤 演唱:AI ✍️ 詞:Junna Lin 🎼 曲:Junna Lin 🎧 建議在深夜或戴上耳機聆聽，感受每一層情緒 
《今天就值得被偏愛》是一首寫給日常、夏天，也寫給每一個偶爾被生活弄得有點疲憊的人。
歌曲從午後陽光、車窗、冰拿鐵、海岸線與一路後退的雲開始，把那些原本放不下的小煩惱，慢慢留在身後。沒有非得趕到哪裡，也不用急著找到答案，只要身邊剛好有一個願意陪你一起看風景的人，平凡的一天也可以變得很特別。
「把夏天裝進口袋，今天就值得被偏愛。」不是因為今天發生了什麼驚天動地的事，而是提醒自己：好好感受陽光、風、笑聲和身邊的人，本身就是值得珍惜的事情。
有些幸福不用等到未來才開始。 今天，就值得被偏愛。
👍 留下你的感覺或故事，我會看！ 👍 喜歡請按讚分享支持
【社群連結】 🎧 聽我的音樂： Spotify ▶ https://open.spotify.com/artist/1OFRgx5K1gftd7jvLV1EsS YouTube Music ▶ https://music.youtube.com/channel/UCnpKLh9e73Mb7N2NPDnMzrQ
https://open.spotify.com/artist/1OFRgx5K1gftd7jvLV1EsS
https://music.youtube.com/channel/UCnpKLh9e73Mb7N2NPDnMzrQ
▶️ 訂閱我的頻道： YouTube ▶ https://www.youtube.com/@JunnaLinMusic YouTube ▶ https://www.youtube.com/@JunnanLinMusic
https://www.youtube.com/@JunnaLinMusic
https://www.youtube.com/@JunnanLinMusic
📌 版權聲明 / Copyright Notice
本作品之歌詞、歌曲概念、旋律方向與影像設計由 Junna Lin 原創製作。 音樂成品使用 AI 音樂工具生成，並由本人整理與發布。
Lyrics, concept, melody direction, and visual design are originally created by Junna Lin. The final music was generated using AI music tools and published by Junna Lin.
請勿未經授權使用、重製或重新上傳。 Unauthorized use, reproduction, or re-upload is prohibited.
© Junna Lin. All Rights Reserved.
🎤 演唱:AI ✍️ 詞:Junna Lin 🎼 曲:Junna Lin
🎧 建議在深夜或戴上耳機聆聽，感受每一層情緒","動態歌詞
午後的陽光剛好停在窗邊 我把地圖折成一隻紙鳶 車窗外的雲慢慢往後退 像昨天煩惱都忘了帶出門 便利店冰拿鐵還在流汗 你說目的地其實不用趕 紅燈前我們跟節拍搖晃 連沉默都變得很好聽一樣 風經過海岸線 把心事吹淡一點 你笑著看我一眼 世界就少了幾個雨天 風啊風啊吹過來 把小煩惱都吹開 啦啦啦啦跟著節拍 一路開到雲都散開 愛啊愛啊別太快 慢慢靠近也很可愛 把夏天裝進口袋 今天就值得被偏愛 你的耳機分我左邊那一半 老歌新聽也突然變浪漫 吉他聲乾淨得像白襯衫 和弦一刷天空就變蔚藍 我把煩惱寫在收據背面 你說那不如摺成明信片 寄給未來那個忙碌的自己 提醒她別忘記慢慢呼吸 風經過海岸線 把答案吹遠一點 不急著找到永遠 此刻就值得被紀念 風啊風啊吹過來 把小煩惱都吹開 啦啦啦啦跟著節拍 一路開到雲都散開 愛啊愛啊別太快 慢慢靠近也很可愛 把夏天裝進口袋 今天就值得被偏愛 方向盤轉一圈 心也跟著放晴 你笑著哼旋律 世界變成電影 風啊風啊吹過來 把小煩惱都吹開 啦啦啦啦跟著節拍 一路開到星星醒來 愛啊愛啊別太快 慢慢靠近也很可愛 把夏天裝進口袋 今天就值得被偏愛 Na na na na 風啊風啊吹過來 Na na na na 今天就值得被偏愛 把風裝進口袋 把你笑容偷偷收藏起來 下次天亮之前 再一起出發看海 
午後的陽光剛好停在窗邊 我把地圖折成一隻紙鳶 車窗外的雲慢慢往後退 像昨天煩惱都忘了帶出門 便利店冰拿鐵還在流汗 你說目的地其實不用趕 紅燈前我們跟節拍搖晃 連沉默都變得很好聽一樣 風經過海岸線 把心事吹淡一點 你笑著看我一眼 世界就少了幾個雨天 風啊風啊吹過來 把小煩惱都吹開 啦啦啦啦跟著節拍 一路開到雲都散開 愛啊愛啊別太快 慢慢靠近也很可愛 把夏天裝進口袋 今天就值得被偏愛 你的耳機分我左邊那一半 老歌新聽也突然變浪漫 吉他聲乾淨得像白襯衫 和弦一刷天空就變蔚藍 我把煩惱寫在收據背面 你說那不如摺成明信片 寄給未來那個忙碌的自己 提醒她別忘記慢慢呼吸 風經過海岸線 把答案吹遠一點 不急著找到永遠 此刻就值得被紀念 風啊風啊吹過來 把小煩惱都吹開 啦啦啦啦跟著節拍 一路開到雲都散開 愛啊愛啊別太快 慢慢靠近也很可愛 把夏天裝進口袋 今天就值得被偏愛 方向盤轉一圈 心也跟著放晴 你笑著哼旋律 世界變成電影 風啊風啊吹過來 把小煩惱都吹開 啦啦啦啦跟著節拍 一路開到星星醒來 愛啊愛啊別太快 慢慢靠近也很可愛 把夏天裝進口袋 今天就值得被偏愛 Na na na na 風啊風啊吹過來 Na na na na 今天就值得被偏愛 把風裝進口袋 把你笑容偷偷收藏起來 下次天亮之前 再一起出發看海
留言（ 15 ） 最相關留言 所有留言
留言（ 15 ）",2026-08-29,,AI 生成 Pop ・ 《把自己還給自己》｜完整專輯歌詞版 (Full Album Lyric Video)｜華語音樂｜原創專輯,False,False,
