snapshot_time,chart_timeframe,chart_genre,chart_year,chart_week,rank,artist_name,song_title,likes_count,play_count,comments_count,song_url,artist_url,cover_image_url,cover_image_local_path,artist_handle,artist_identity,artist_city,artist_joined_date,artist_accredited_datetime,artist_music_count,artist_fans_count,artist_following_count,artist_facebook_url,artist_instagram_url,artist_youtube_url,related_news,big_thing_appearances,genre,album_title,album_url,collaborators,description,lyrics,release_date,song_accredited_datetime,honors,is_editor_recommended,is_song_of_the_day,critic_review_url
2026-08-10 03:44:08,realtime,all,,,1,LÜCY,Looking at me,151,6315,7,https://streetvoice.com/lucymeow/songs/869888/,https://streetvoice.com/lucymeow/,"https://akstatic.streetvoice.com/song_covers/lu/cy/lucymeow/ZNGfN8PgCB3jdwf5xUL85h.jpeg?x-oss-process=image/resize,m_fixed,h_1,w_1,limit_0/resize,m_fixed,h_630,w_1200,limit_0/watermark,image_c29uZ19jb3ZlcnMvbHUvY3kvbHVjeW1lb3cvWk5HZk44UGdDQjNqZHdmNXhVTDg1aC5qcGVnP3gtb3NzLXByb2Nlc3M9aW1hZ2UvcmVzaXplLG1fZml4ZWQsaF8zNDQsd18zNDQsbGltaXRfMA,g_nw,x_428,y_143/watermark,image_YXNzZXQvaW1hZ2VzL21ldGFpbWFnZS1zb25nLnBuZw,g_nw,x_0,y_0",images/869888.jpeg,@lucymeow,音樂人,桃園市,2020-10-01,,23,11282,,https://www.facebook.com/Lucyfairygood,https://instagram.com/_lucyliao_,https://www.youtube.com/@LUCY-kc7zz,「PARK PARK@Tokyo」把現在的台灣音樂帶到東京！鄭宜農、陳珊妮、生祥樂隊、YELLOW黃宣、LÜCY接力登上東京舞台|||https://blow.streetvoice.com/87721/?utm_source=streetvoice&utm_medium=profile-news-block; LÜCY相隔兩年回歸台北舉辦專場《露西姑媽 2025晚安巡演》透露「專場會比專輯更私密、更純粹」|||https://blow.streetvoice.com/80100/?utm_source=streetvoice&utm_medium=profile-news-block; 【吹專訪】真的喜歡你的人會一直選擇你——LÜCY與恐懼共舞的《Dance on the Shoreline》：「這才是比較像我自己的，第一張專輯。」|||https://blow.streetvoice.com/77982/?utm_source=streetvoice&utm_medium=profile-news-block,,Singer / Songwriter,,,,"建立在令人起雞皮疙瘩的合成器聲響、深沉低頻與緩慢燃燒般的節奏之上，〈Looking at Me〉瀰漫著一種揮之不去的不安感。 這首歌取材自 LÜCY 過去生命中最黑暗的時期之一，穿梭於恐懼、記憶、自我認同，以及那種彷彿被注視著的詭異感受之間。 作詞 Lyricist｜LÜCY, Ben 作曲 Composer｜LÜCY, Eirik Hella 製作 Producer｜LÜCY, Eirik Hella 編曲 Arranger｜Eirik Hella 錄音工程師 Recording Engineer｜Eirik Hella, 邱建鈞 J-Jyun Ciou 混音工程師 Mixing Engineer｜Eirik Hella 母帶後期處理工程師 Mastering Engineer｜George Tanderø 
建立在令人起雞皮疙瘩的合成器聲響、深沉低頻與緩慢燃燒般的節奏之上，〈Looking at Me〉瀰漫著一種揮之不去的不安感。 這首歌取材自 LÜCY 過去生命中最黑暗的時期之一，穿梭於恐懼、記憶、自我認同，以及那種彷彿被注視著的詭異感受之間。
作詞 Lyricist｜LÜCY, Ben 作曲 Composer｜LÜCY, Eirik Hella 製作 Producer｜LÜCY, Eirik Hella 編曲 Arranger｜Eirik Hella 錄音工程師 Recording Engineer｜Eirik Hella, 邱建鈞 J-Jyun Ciou 混音工程師 Mixing Engineer｜Eirik Hella 母帶後期處理工程師 Mastering Engineer｜George Tanderø","First, tell me I am crazy Despite the love for you, can't keep on fighting I'm drowning in my dreams don't wake me up, wake me up I can't get up'cause they all looking at me I can't get up'cause they all looking at me This time you’re crazy, baby Someone without a name I can't keep on trying I'm drowning in my fears, in my tears Don't wake me up, wake me up I can't get help 'cause they all looking at me I can't get help 'cause they all looking at me I can't get help 'cause they all looking at me I can't get help 'cause they all looking at me 當全世界都看著我 翅膀它漸漸往上飛 我那顆心卻 掉啊 沉啊 讓懸崖接住我 是不是只要一跳躍下 我就會沒有重量 我又忘記吃飯了 恐懼包圍著我 我不想拿下耳機 我不想解釋 我不想笑得開心 我想要躲起來 為什麼不找工作 都閑閑沒事做 眼淚又開始失眠 Burning eyes in the night looking at me I can't get up 'cause they all looking at me I can't get up 'cause they all looking at me I can't get up 'cause they all looking at me Lucy, sing! 唱歌給我們聽 c’mon, just one song 你可以答應我27歲前先不要結婚嗎？ Lucy you will be rich you can have every bag you want trust me just don’t get pregnant haha… One single leap then I’ll be free oh nothing remains but me I cry and i pray but no one hears I’m weeping in my dream I can't get help 'cause they all looking at me I can't get help 'cause they all looking at me I can't get help 'cause they all looking at me I can’t get help so why you’re looking at me? 
First, tell me I am crazy Despite the love for you, can't keep on fighting I'm drowning in my dreams don't wake me up, wake me up I can't get up'cause they all looking at me I can't get up'cause they all looking at me
This time you’re crazy, baby Someone without a name I can't keep on trying I'm drowning in my fears, in my tears Don't wake me up, wake me up I can't get help 'cause they all looking at me I can't get help 'cause they all looking at me I can't get help 'cause they all looking at me I can't get help 'cause they all looking at me
當全世界都看著我 翅膀它漸漸往上飛 我那顆心卻 掉啊 沉啊 讓懸崖接住我
是不是只要一跳躍下 我就會沒有重量 我又忘記吃飯了 恐懼包圍著我
我不想拿下耳機 我不想解釋 我不想笑得開心 我想要躲起來
為什麼不找工作 都閑閑沒事做 眼淚又開始失眠 Burning eyes in the night looking at me I can't get up 'cause they all looking at me I can't get up 'cause they all looking at me I can't get up 'cause they all looking at me
Lucy, sing! 唱歌給我們聽 c’mon, just one song 你可以答應我27歲前先不要結婚嗎？ Lucy you will be rich you can have every bag you want trust me just don’t get pregnant haha…
One single leap then I’ll be free oh nothing remains but me I cry and i pray but no one hears I’m weeping in my dream
I can't get help 'cause they all looking at me I can't get help 'cause they all looking at me I can't get help 'cause they all looking at me I can’t get help so why you’re looking at me?
留言（ 7 ） 最相關留言 所有留言
留言（ 7 ）",2026-07-24,,Song of the Day; 週排行冠軍; 達人推薦; 編輯推薦,True,True,https://streetvoice.com/lucymeow/songs/869888/critic_reviews/
2026-08-10 03:44:08,realtime,all,,,2,Control T,被你依賴著,43,843,4,https://streetvoice.com/ControlT/songs/873412/,https://streetvoice.com/ControlT/,"https://akstatic.streetvoice.com/song_covers/Co/nt/ControlT/gnTkSx3QuhYGEhbhKB2UBn.jpeg?x-oss-process=image/resize,m_fixed,h_1,w_1,limit_0/resize,m_fixed,h_630,w_1200,limit_0/watermark,image_c29uZ19jb3ZlcnMvQ28vbnQvQ29udHJvbFQvZ25Ua1N4M1F1aFlHRWhiaEtCMlVCbi5qcGVnP3gtb3NzLXByb2Nlc3M9aW1hZ2UvcmVzaXplLG1fZml4ZWQsaF8zNDQsd18zNDQsbGltaXRfMA,g_nw,x_428,y_143/watermark,image_YXNzZXQvaW1hZ2VzL21ldGFpbWFnZS1zb25nLnBuZw,g_nw,x_0,y_0",images/873412.jpeg,@ControlT,音樂人,,,2021-09-27 15:35,5,2714,4,https://www.facebook.com/controltband/,https://instagram.com/controltband,https://youtube.com/c/ControlTband,Control T成團十週年推出首張專輯《Waste Land》 實體邀葛萊美獎設計師于薇操刀|||https://blow.streetvoice.com/84668/?utm_source=streetvoice&utm_medium=profile-news-block; Control T懷抱刺痛心情寫下〈再見之前〉 重逢的矛盾感令人深感共鳴|||https://blow.streetvoice.com/56520/?utm_source=streetvoice&utm_medium=profile-news-block; 【StreetVoice新歌週報】Control T將悲傷化作夕陽美景 陳修澤沈澱之作上線|||https://blow.streetvoice.com/55665/?utm_source=streetvoice&utm_medium=profile-news-block,,Singer / Songwriter,,,,"歡迎拿去告白。 - 製作人 Producer | Control T 作詞人 Lyricist |   黃正嘉 Zheng Jia Huang 作曲人 Composer | 黃正嘉 Zheng Jia Huang 編曲 Music Arranger | 陳信伯 Hsinpo Chen /Control T 合聲編寫 Backing Vocal Arranger | 李妮蓁 Nichen Lee/黃正嘉 Zheng Jia Huang 主唱 Lead Vocalist | 李妮蓁 Nichen Lee/黃正嘉 Zheng Jia Huang 電吉他 Electric Guitar |呂理鈞 jimjim 木吉他 Acoustic Guitar | 黃正嘉 Zheng Jia Huang Bass | 陳俊榕 CJ/陳信伯 Hsinpo Chen 錄音師 Recording Engineer | 黃渝傑 UJay Huang 混音師 Mixing Engineer |   陳信伯 Hsinpo Chen 母帶後期工程師 Mastering Engineer |  陳信伯 Hsinpo Chen 錄音室 Recording Studio | One Stroke Studio Ⓟ & © 2025 Control T 出品 ｜ Control T OP｜吾聲有限公司 Signature Sound TW CO., LTD. SP｜Warner Chappell Music, Hong Kong Limited Taiwan Branch 
歡迎拿去告白。
-
製作人 Producer | Control T 作詞人 Lyricist |   黃正嘉 Zheng Jia Huang 作曲人 Composer | 黃正嘉 Zheng Jia Huang 編曲 Music Arranger | 陳信伯 Hsinpo Chen /Control T 合聲編寫 Backing Vocal Arranger | 李妮蓁 Nichen Lee/黃正嘉 Zheng Jia Huang 主唱 Lead Vocalist | 李妮蓁 Nichen Lee/黃正嘉 Zheng Jia Huang 電吉他 Electric Guitar |呂理鈞 jimjim 木吉他 Acoustic Guitar | 黃正嘉 Zheng Jia Huang Bass | 陳俊榕 CJ/陳信伯 Hsinpo Chen 錄音師 Recording Engineer | 黃渝傑 UJay Huang 混音師 Mixing Engineer |   陳信伯 Hsinpo Chen 母帶後期工程師 Mastering Engineer |  陳信伯 Hsinpo Chen 錄音室 Recording Studio | One Stroke Studio
Ⓟ & © 2025 Control T 出品 ｜ Control T OP｜吾聲有限公司 Signature Sound TW CO., LTD. SP｜Warner Chappell Music, Hong Kong Limited Taiwan Branch","一道流星劃破寂靜的夜空 在無形之中觸動了線索 與我的複雜不安交錯成畫 逐漸明朗 只想輕描淡寫渡過的分秒 但又在時時刻刻不停提醒我 此時你的笑容來的正是時侯 逐漸美好 多好 嘗試了幾百種顏色 想重現那獨特 特別是你眼裡光澤 和難以言喻的時刻 多麼渴望我是同樣的人 足以匹配的靈魂 哪怕只是因為 也想被你依賴著 想被你依賴著 只想輕描淡寫渡過的分秒 但又在時時刻刻不停提醒我 此時你的笑容來的正是時侯 逐漸美好 多好 嘗試了幾百種顏色 想重現那獨特 特別是你眼裡光澤 和難以言喻的時刻 多麼渴望我是同樣的人 足以匹配的靈魂 哪怕只是因為 嘗試了幾百種顏色 想重現那獨特 特別是你眼裡光澤 和難以言喻的時刻 多麼渴望我是同樣的人 足以匹配的靈魂 哪怕只是因為 想被你依賴著 想被你依賴著 
一道流星劃破寂靜的夜空 在無形之中觸動了線索 與我的複雜不安交錯成畫 逐漸明朗
只想輕描淡寫渡過的分秒 但又在時時刻刻不停提醒我 此時你的笑容來的正是時侯 逐漸美好 多好
嘗試了幾百種顏色 想重現那獨特 特別是你眼裡光澤 和難以言喻的時刻
多麼渴望我是同樣的人 足以匹配的靈魂 哪怕只是因為 也想被你依賴著 想被你依賴著
只想輕描淡寫渡過的分秒 但又在時時刻刻不停提醒我 此時你的笑容來的正是時侯 逐漸美好 多好
嘗試了幾百種顏色 想重現那獨特 特別是你眼裡光澤 和難以言喻的時刻
多麼渴望我是同樣的人 足以匹配的靈魂 哪怕只是因為
嘗試了幾百種顏色 想重現那獨特 特別是你眼裡光澤 和難以言喻的時刻
多麼渴望我是同樣的人 足以匹配的靈魂 哪怕只是因為 想被你依賴著 想被你依賴著
留言（ 4 ） 最相關留言 所有留言
留言（ 4 ）",2026-08-07,,,False,False,
2026-08-10 03:44:08,realtime,all,,,3,Aiden Chen,牢底,31,1519,6,https://streetvoice.com/aiden_chen_/songs/870682/,https://streetvoice.com/aiden_chen_/,"https://akstatic.streetvoice.com/music_albums/ai/de/aiden_chen_/25siPxitjNKT6nfcHANLB8.jpeg?x-oss-process=image/resize,m_fixed,h_1,w_1,limit_0/resize,m_fixed,h_630,w_1200,limit_0/watermark,image_bXVzaWNfYWxidW1zL2FpL2RlL2FpZGVuX2NoZW5fLzI1c2lQeGl0ak5LVDZuZmNIQU5MQjguanBlZz94LW9zcy1wcm9jZXNzPWltYWdlL3Jlc2l6ZSxtX2ZpeGVkLGhfMzQ0LHdfMzQ0LGxpbWl0XzA,g_nw,x_428,y_143/watermark,image_YXNzZXQvaW1hZ2VzL21ldGFpbWFnZS1zb25nLnBuZw,g_nw,x_0,y_0",images/870682.jpeg,@aiden_chen_,音樂人,,,2026-04-10 10:26,18,126,8,,https://www.instagram.com/aiden_chen_/,https://www.youtube.com/user/StreetVoiceTV,北流「Open Lab人才培育計畫」五週年成果亮眼 媒合紙鳶登泰國音樂節|||https://blow.streetvoice.com/88857/?utm_source=streetvoice&utm_medium=profile-news-block; 第11屆H.O.T.原創音樂大賽決賽圓滿落幕 評審長E.SO瘦子讚：「像看了場精彩的演唱會。」|||https://blow.streetvoice.com/76950/?utm_source=streetvoice&utm_medium=profile-news-block,,Alternative,歹銅歹鐵,https://streetvoice.com/aiden_chen_/songs/album/97325727/,,"作曲 Composed by： Aiden Chen 作詞 Lyrics by： Aiden Chen 製作人 Produced by： 陳翰 Chen Han、Aiden Chen 編曲 Music Arranged by： Aiden Chen 混音 Mixed by： Aiden Chen 母帶後期 Mastered by：林業洋 Shleryloyck 音樂工作室：U&I Studio 你我音樂工作室 
作曲 Composed by： Aiden Chen 作詞 Lyrics by： Aiden Chen 製作人 Produced by： 陳翰 Chen Han、Aiden Chen 編曲 Music Arranged by： Aiden Chen 混音 Mixed by： Aiden Chen 母帶後期 Mastered by：林業洋 Shleryloyck 音樂工作室：U&I Studio 你我音樂工作室","動態歌詞
Give me a break I don’t wanna stay 對你真歹勢 袂得過 Over and over again Making the same mistake 按怎來解說？ 加講攏是笑詼 這个社會 啥人袂牢底 I pray for better Pray for better days 你若心內稀微 越頭莫後悔 過去彼段日子 我家己耍覕相揣 啥人無照步來？ 啥人的性地䆀？ 啥人佇三更半暝 舞東閣舞西？ 孤單一隻 oo-tóo-bái 虛華人生予我試看覓 無愛戇戇等待 Give me a break I don’t wanna stay 對你真歹勢 袂得過 Over and over again Making the same mistake 按怎來解說？ 加講攏是笑詼 這个社會 啥人袂牢底 I pray for better Pray for better days 
Give me a break I don’t wanna stay 對你真歹勢 袂得過 Over and over again Making the same mistake 按怎來解說？ 加講攏是笑詼
這个社會 啥人袂牢底 I pray for better Pray for better days
你若心內稀微 越頭莫後悔 過去彼段日子 我家己耍覕相揣
啥人無照步來？ 啥人的性地䆀？ 啥人佇三更半暝 舞東閣舞西？
孤單一隻 oo-tóo-bái 虛華人生予我試看覓 無愛戇戇等待
Give me a break I don’t wanna stay 對你真歹勢 袂得過 Over and over again Making the same mistake 按怎來解說？ 加講攏是笑詼
這个社會 啥人袂牢底 I pray for better Pray for better days
留言（ 6 ） 最相關留言 所有留言
留言（ 6 ）",2026-07-28,,Song of the Day; 編輯推薦,True,True,
2026-08-10 03:44:08,realtime,all,,,4,陳星甫,墜落的夢鏡中有你也有我,50,22739,87,https://streetvoice.com/billowing_sea_0d/songs/869559/,https://streetvoice.com/billowing_sea_0d/,"https://akstatic.streetvoice.com/song_covers/bi/ll/billowing_sea_0d/ZWwuKDfm8TeacbAXGBgvgE.jpeg?x-oss-process=image/resize,m_fixed,h_1,w_1,limit_0/resize,m_fixed,h_630,w_1200,limit_0/watermark,image_c29uZ19jb3ZlcnMvYmkvbGwvYmlsbG93aW5nX3NlYV8wZC9aV3d1S0RmbThUZWFjYkFYR0JndmdFLmpwZWc_eC1vc3MtcHJvY2Vzcz1pbWFnZS9yZXNpemUsbV9maXhlZCxoXzM0NCx3XzM0NCxsaW1pdF8w,g_nw,x_428,y_143/watermark,image_YXNzZXQvaW1hZ2VzL21ldGFpbWFnZS1zb25nLnBuZw,g_nw,x_0,y_0",images/869559.jpeg,@billowing_sea_0d,音樂人,台北市,2016-09-01,2025-11-10 09:55,9,86,13,,https://www.instagram.com/docstar_sing,https://youtube.com/@docstar_sing,,,Rock,,,,"💗 這首歌和 Vast & Hazy 吉他手林易祺，花了超過400小時完成，是我目前最喜歡的一首作品。如果它讓你想起某個人、某段過去，歡迎繼續往下看~ ✨ 白天是醫師，晚上把生命裡真實發生的故事寫成歌。 陳星甫 IG✨➡️ https://www.instagram.com/docstar_sing/ 全串流平台收聽 🎧➡️https://rock-mobile.lnk.to/IJVFaI20 陳星甫🎤街聲Playlist:➡️ https://streetvoice.com/billowing_sea_0d/playlists/947508/ 🌙【《墜落的夢鏡中有你也有我》的創作故事】 這首歌寫於我當住院醫師的時期。那時候我努力遺忘、努力生活，直到某天，她毫無預警地出現在夢裡，我醒來後久久無法抽離，於是寫下了這首歌。 主歌是剛醒來的孤寂：窗簾微微飄動，床上還留著餘溫，眼前的「我們」卻早已不在。 副歌裡的「夢鏡」，既是夢，也是鏡——自己一路墜落，山的盡頭，「我們」依然存在，卻只活在夢裡。 最後唱著「夢醒了，天亮了」——白天，我們笑著假裝早已放下；夜深人靜，才知道那些沒說完的話、沒做完的夢，其實都還在心裡。 🤍這首歌，寫給那些不得不長大，卻仍在過往愛情與未竟理想之間掙扎的人。 ❤️‍🩹如果你喜歡這首歌，歡迎按下愛心、留言分享你的故事，也別忘了追蹤我，我會繼續把生命裡真實發生的故事，寫成歌，陪你一起走一段。 — 星甫 
💗 這首歌和 Vast & Hazy 吉他手林易祺，花了超過400小時完成，是我目前最喜歡的一首作品。如果它讓你想起某個人、某段過去，歡迎繼續往下看~
✨ 白天是醫師，晚上把生命裡真實發生的故事寫成歌。
陳星甫 IG✨➡️ https://www.instagram.com/docstar_sing/ 全串流平台收聽 🎧➡️https://rock-mobile.lnk.to/IJVFaI20 陳星甫🎤街聲Playlist:➡️ https://streetvoice.com/billowing_sea_0d/playlists/947508/
https://www.instagram.com/docstar_sing/
https://streetvoice.com/billowing_sea_0d/playlists/947508/
🌙【《墜落的夢鏡中有你也有我》的創作故事】 這首歌寫於我當住院醫師的時期。那時候我努力遺忘、努力生活，直到某天，她毫無預警地出現在夢裡，我醒來後久久無法抽離，於是寫下了這首歌。
主歌是剛醒來的孤寂：窗簾微微飄動，床上還留著餘溫，眼前的「我們」卻早已不在。 副歌裡的「夢鏡」，既是夢，也是鏡——自己一路墜落，山的盡頭，「我們」依然存在，卻只活在夢裡。 最後唱著「夢醒了，天亮了」——白天，我們笑著假裝早已放下；夜深人靜，才知道那些沒說完的話、沒做完的夢，其實都還在心裡。
🤍這首歌，寫給那些不得不長大，卻仍在過往愛情與未竟理想之間掙扎的人。 ❤️‍🩹如果你喜歡這首歌，歡迎按下愛心、留言分享你的故事，也別忘了追蹤我，我會繼續把生命裡真實發生的故事，寫成歌，陪你一起走一段。 — 星甫","動態歌詞
詞/曲:陳星甫 我閉上了眼睛 餘溫都還留在這裡 雨 下個不停 我看清了眼前 隨風起舞之際 我們 早已遠去 墜落的夢鏡中 有你也有我 山的盡頭有我們 墜落的夢鏡中 有你也有我 但願山的盡頭 我是那麼從容 ♪ 我睜開著眼睛 回憶都還留 在 夢裡 雨 下個不停 我看起了眼前 面容憔悴的你 我們 早已 遠去 墜落的夢鏡中 有你也有我 山的盡頭 有我們 墜落的夢鏡中 有你也有我 但願山的盡頭 我是那麼從容 墜落的夢鏡中 有你也有我 但願夢的盡頭 天亮了 ♪ 黎明 在沒有你的陽光裡 狂喜著 喧鬧著 偽裝著 夜裡 我檢討著過去的 自己 大哭著 拼湊著 偽裝著 告訴自己 天亮了、夢醒了 請喚醒我吧 
詞/曲:陳星甫 我閉上了眼睛 餘溫都還留在這裡 雨 下個不停 我看清了眼前 隨風起舞之際 我們 早已遠去 墜落的夢鏡中 有你也有我 山的盡頭有我們 墜落的夢鏡中 有你也有我 但願山的盡頭 我是那麼從容 ♪ 我睜開著眼睛 回憶都還留 在 夢裡 雨 下個不停 我看起了眼前 面容憔悴的你 我們 早已 遠去 墜落的夢鏡中 有你也有我 山的盡頭 有我們 墜落的夢鏡中 有你也有我 但願山的盡頭 我是那麼從容 墜落的夢鏡中 有你也有我 但願夢的盡頭 天亮了 ♪ 黎明 在沒有你的陽光裡 狂喜著 喧鬧著 偽裝著 夜裡 我檢討著過去的 自己 大哭著 拼湊著 偽裝著 告訴自己 天亮了、夢醒了 請喚醒我吧
留言（ 87 ） 最相關留言 所有留言
留言（ 87 ）",2026-07-29,,,False,False,
2026-08-10 03:44:08,realtime,all,,,5,sulysalt,Blue,50,3381,3,https://streetvoice.com/sulysalt/songs/870016/,https://streetvoice.com/sulysalt/,"https://akstatic.streetvoice.com/music_albums/su/ly/sulysalt/Yc3uEZ2pe8N95Fxe4mcU6k.jpeg?x-oss-process=image/resize,m_fixed,h_1,w_1,limit_0/resize,m_fixed,h_630,w_1200,limit_0/watermark,image_bXVzaWNfYWxidW1zL3N1L2x5L3N1bHlzYWx0L1ljM3VFWjJwZThOOTVGeGU0bWNVNmsuanBlZz94LW9zcy1wcm9jZXNzPWltYWdlL3Jlc2l6ZSxtX2ZpeGVkLGhfMzQ0LHdfMzQ0LGxpbWl0XzA,g_nw,x_428,y_143/watermark,image_YXNzZXQvaW1hZ2VzL21ldGFpbWFnZS1zb25nLnBuZw,g_nw,x_0,y_0",images/870016.jpeg,@sulysalt,音樂人,新北市,2020-01-01,2023-07-06 16:55,19,124,29,,https://instagram.com/sulysalt,https://youtube.com/@sulysalt,徐子權aka Silly Orange首次台灣巡迴「SOME DO MAY FAR NIGHT」 將與多多X以捷、獨⽴新秀sulysalt共演|||https://blow.streetvoice.com/62767/?utm_source=streetvoice&utm_medium=profile-news-block; 【吹專訪】作beat如燒菜，LEO37也推的嘻哈製作新生代：Flowstrong談二專《流水席 Flow’s Banquet》|||https://blow.streetvoice.com/86269/?utm_source=streetvoice&utm_medium=profile-news-block; 嘻哈新星Flowstrong以料理為創作靈感 明年2/1舉辦《流水席》發片專場|||https://blow.streetvoice.com/85369/?utm_source=streetvoice&utm_medium=profile-news-block,,Alternative,opposite,https://streetvoice.com/sulysalt/songs/album/97325717/,,,"這是沒有提供歌詞的歌曲
留言（ 3 ） 最相關留言 所有留言
留言（ 3 ）",2026-07-18,,Song of the Day; 達人推薦; 編輯推薦,True,True,https://streetvoice.com/sulysalt/songs/870016/critic_reviews/
2026-08-10 03:44:08,realtime,all,,,6,林潔心,社交距離 ft.KiBi (from sucola vo.),86,2740,29,https://streetvoice.com/ddkogi/songs/872577/,https://streetvoice.com/ddkogi/,"https://akstatic.streetvoice.com/song_covers/dd/ko/ddkogi/7g6JEigeonRtvWYPrPjKnF.jpg?x-oss-process=image/resize,m_fixed,h_1,w_1,limit_0/resize,m_fixed,h_630,w_1200,limit_0/watermark,image_c29uZ19jb3ZlcnMvZGQva28vZGRrb2dpLzdnNkpFaWdlb25SdHZXWVByUGpLbkYuanBnP3gtb3NzLXByb2Nlc3M9aW1hZ2UvcmVzaXplLG1fZml4ZWQsaF8zNDQsd18zNDQsbGltaXRfMA,g_nw,x_428,y_143/watermark,image_YXNzZXQvaW1hZ2VzL21ldGFpbWFnZS1zb25nLnBuZw,g_nw,x_0,y_0",images/872577.jpg,@ddkogi,音樂人,新北市,2023-08-01,2023-09-12 13:59,17,3812,14,,https://instagram.com/ddkogi88,https://www.youtube.com/user/StreetVoiceTV,2025萬華大鬧熱11/29登場！一次集結李英宏、someshiit山姆、林潔心等17組饒舌歌手|||https://blow.streetvoice.com/84565/?utm_source=streetvoice&utm_medium=profile-news-block; 2025 Park Park Carnival首日回顧：林潔心豔陽下帶動「全民喝水運動」、芒果醬參演四年首登主舞台！|||https://blow.streetvoice.com/82722/?utm_source=streetvoice&utm_medium=profile-news-block; 林潔心推出全新單曲〈我們仍未知曉的雨晴〉8月展開〈夏日疾走〉小巡迴|||https://blow.streetvoice.com/82155/?utm_source=streetvoice&utm_medium=profile-news-block,,Alternative,,,,"💧💧💧 8/25第二張創作專輯 上線🔥 8/3 社交距離 串流上架！ - 我常在想人與人之間的關係， 到底是該濃還是淡？ 距離到底是該近，還是該遠？ 太近了，怕成為負擔；退後一步，又顯得過於防備。 如果人與人之間的心是透明的就好了， 這樣我們是不是就不用猜得那麼辛苦了呢？ - 全新單曲〈社交距離〉，以現代人的社交焦慮為靈感，透過冷冽電子聲響與流暢器樂，細膩描繪關係中那種靠近又退後的拉扯。這次，潔心特別邀請日本新聲代樂團「sucola 」主唱 KiBi 跨國合唱，並攜手獨立樂團「守夜人 」主唱、放飛音樂創辦人 秦旭章 WiFi 作詞作曲，以跨越語言的對唱和層層堆疊的聲響，細膩刻畫 Z 世代共同經歷的社交距離。 ☼ 在冷冽電子顆粒與流暢樂器之間，重新丈量心與心的刻度，正式預告第二張專輯《永恆少年少女》將於 8/25 發行 ☼ 演唱 Artist｜林潔心 ddkogi88、KiBi 作詞 Lyricist｜安眠巫師 WiFi、林潔心 ddkogi88、KiBi 作曲 Composer｜秦旭章 WiFi、林潔心 ddkogi88 製作人 Producer｜紀昱名 Watorest 編曲 Arrangement｜紀昱名 Watorest 電吉他 Electric Guitar｜鍾承洋 Chung Cheng Yang 貝斯 Bass｜姜恒 Jams 節奏設計協力 Drum Arranger Coordinator｜Flowstrong、陳緯陵 錄音工程師 Recording Engineers｜吳昱儒Lulu 錄音錄音室 Recording Studio｜Lu音室 混音工程師 Mixing Engineer｜吳昱儒Lulu 母帶後期處理工程師 Mastering Engineer｜Thomas 莊鈞智 母帶後期錄音室 Mastering Studio | Sketch Studio 出品 Produced by｜Shabby Boyz (P)&(C) 2026 Shabby Boyz 
💧💧💧 8/25第二張創作專輯 上線🔥 8/3 社交距離 串流上架！
- 我常在想人與人之間的關係， 到底是該濃還是淡？ 距離到底是該近，還是該遠？ 太近了，怕成為負擔；退後一步，又顯得過於防備。 如果人與人之間的心是透明的就好了， 這樣我們是不是就不用猜得那麼辛苦了呢？ -
全新單曲〈社交距離〉，以現代人的社交焦慮為靈感，透過冷冽電子聲響與流暢器樂，細膩描繪關係中那種靠近又退後的拉扯。這次，潔心特別邀請日本新聲代樂團「sucola 」主唱 KiBi 跨國合唱，並攜手獨立樂團「守夜人 」主唱、放飛音樂創辦人 秦旭章 WiFi 作詞作曲，以跨越語言的對唱和層層堆疊的聲響，細膩刻畫 Z 世代共同經歷的社交距離。
☼ 在冷冽電子顆粒與流暢樂器之間，重新丈量心與心的刻度，正式預告第二張專輯《永恆少年少女》將於 8/25 發行 ☼
演唱 Artist｜林潔心 ddkogi88、KiBi 作詞 Lyricist｜安眠巫師 WiFi、林潔心 ddkogi88、KiBi 作曲 Composer｜秦旭章 WiFi、林潔心 ddkogi88
製作人 Producer｜紀昱名 Watorest 編曲 Arrangement｜紀昱名 Watorest
電吉他 Electric Guitar｜鍾承洋 Chung Cheng Yang 貝斯 Bass｜姜恒 Jams 節奏設計協力 Drum Arranger Coordinator｜Flowstrong、陳緯陵
錄音工程師 Recording Engineers｜吳昱儒Lulu 錄音錄音室 Recording Studio｜Lu音室 混音工程師 Mixing Engineer｜吳昱儒Lulu 母帶後期處理工程師 Mastering Engineer｜Thomas 莊鈞智 母帶後期錄音室 Mastering Studio | Sketch Studio
出品 Produced by｜Shabby Boyz (P)&(C) 2026 Shabby Boyz","如果距離是種誤解 肩並肩心卻錯位 想多還少 看一眼就了解 看那 炙熱的雙眼 與他 交錯的瞬間 該進還是退遠 這份比例難拿捏 又一次無解 該如何去調配 在我們之間 愛得太濃是我的誤解 若感到困惑我實在抱歉 就稀釋我 多加一些水 Yeah Yeah Yeah 人群中疲憊於相遇離別 愛多愛少都顯太諂媚 就蒸發過後 誰也不欠誰 Yeah Yeah Yeah 該怎麼做由你拿捏 もし君の心のメモリ（memory） 如果能將你心底的 可視化できたらno worry 完全可視化的話 就 no worry 氷らせてたfeeling 那些曾被你結冰的 feeling 溶かして　あげたい 好想幫你 融化在一起 ねえ開心だって担心だって 不管是開心 還是擔心 すぐにわかっちゃう　もっとshow me 我一眼就能看清 快點 show me デバイスは捨てて 手機先放一邊吧 二人で触れて 用體溫去感受彼此 so需要 你我 愛得太濃是我的誤解 若感到困惑我實在抱歉 就稀釋我 多加一些水 Yeah Yeah Yeah 也或許一切 歸咎於那 想太多 是 我 太眷戀 沈醉在舊傷與 往事情節 就蒸發過後 誰也不欠誰 Yeah Yeah Yeah 化作雲煙 你我之間 
如果距離是種誤解 肩並肩心卻錯位 想多還少 看一眼就了解 看那 炙熱的雙眼 與他 交錯的瞬間 該進還是退遠 這份比例難拿捏
又一次無解 該如何去調配 在我們之間
愛得太濃是我的誤解 若感到困惑我實在抱歉 就稀釋我 多加一些水 Yeah Yeah Yeah
人群中疲憊於相遇離別 愛多愛少都顯太諂媚 就蒸發過後 誰也不欠誰 Yeah Yeah Yeah 該怎麼做由你拿捏
もし君の心のメモリ（memory） 如果能將你心底的
可視化できたらno worry 完全可視化的話 就 no worry
氷らせてたfeeling 那些曾被你結冰的 feeling
溶かして　あげたい 好想幫你 融化在一起
ねえ開心だって担心だって 不管是開心 還是擔心
すぐにわかっちゃう　もっとshow me 我一眼就能看清 快點 show me
デバイスは捨てて 手機先放一邊吧
二人で触れて 用體溫去感受彼此
so需要 你我
愛得太濃是我的誤解 若感到困惑我實在抱歉 就稀釋我 多加一些水 Yeah Yeah Yeah 也或許一切 歸咎於那 想太多 是 我 太眷戀 沈醉在舊傷與 往事情節 就蒸發過後 誰也不欠誰 Yeah Yeah Yeah 化作雲煙 你我之間
留言（ 29 ） 最相關留言 所有留言
留言（ 29 ）",2026-08-02,,編輯推薦,True,False,
2026-08-10 03:44:08,realtime,all,,,7,Theseus忒修斯,Amelia（給無論有多難相見都一定要相見的你）,48,2212,4,https://streetvoice.com/Theseus_tw/songs/873055/,https://streetvoice.com/Theseus_tw/,"https://akstatic.streetvoice.com/song_covers/Th/es/Theseus_tw/9ekpm2rfeGwPMQ8suANvqS.jpeg?x-oss-process=image/resize,m_fixed,h_1,w_1,limit_0/resize,m_fixed,h_630,w_1200,limit_0/watermark,image_c29uZ19jb3ZlcnMvVGgvZXMvVGhlc2V1c190dy85ZWtwbTJyZmVHd1BNUThzdUFOdnFTLmpwZWc_eC1vc3MtcHJvY2Vzcz1pbWFnZS9yZXNpemUsbV9maXhlZCxoXzM0NCx3XzM0NCxsaW1pdF8w,g_nw,x_428,y_143/watermark,image_YXNzZXQvaW1hZ2VzL21ldGFpbWFnZS1zb25nLnBuZw,g_nw,x_0,y_0",images/873055.jpeg,@Theseus_tw,音樂人,台北市,2016-12-01,,36,10026,2,,https://www.instagram.com/2016theseus/,https://www.youtube.com/user/StreetVoiceTV,Theseus忒修斯新歌〈凡勢〉MV邀何諭函、蘇皓兒擔任女主角 9/20舉辦專場|||https://blow.streetvoice.com/82596/?utm_source=streetvoice&utm_medium=profile-news-block; Theseus忒修斯為台劇《拜六禮拜》量身打造新歌 催生全台語專輯《未擇之路（凡勢我）》|||https://blow.streetvoice.com/81746/?utm_source=streetvoice&utm_medium=profile-news-block; Theseus忒修斯為台語劇集《拜六禮拜》打造片頭曲〈朋友之歌〉歌名致敬港片《古惑仔》|||https://blow.streetvoice.com/81078/?utm_source=streetvoice&utm_medium=profile-news-block,,Rock,The Last Meeting Theory,https://streetvoice.com/Theseus_tw/songs/album/97325034/,,"◻︎ 我的生命 無比幸運 能夠靠近你  ◻︎ Ameila 是安海瑟薇在《星際效應》（Interstellar）裡的角色名稱，穿越星系，尋找答案，尋找愛，或許是在廣淼宇宙裡，我們能夠保持前行的唯一答案。 我不確定座標何處，但我相信，幸運的是，我能夠持續持續的靠近你。 
◻︎ 我的生命 無比幸運 能夠靠近你  ◻︎
Ameila 是安海瑟薇在《星際效應》（Interstellar）裡的角色名稱，穿越星系，尋找答案，尋找愛，或許是在廣淼宇宙裡，我們能夠保持前行的唯一答案。
我不確定座標何處，但我相信，幸運的是，我能夠持續持續的靠近你。","嘿 在你聽見 我的聲音 或許我以及我的心 悄悄 向你航行 太空 太深邃 渺小無比 我的歌以及我的心 介質 尚未確定 只是旋律 穿越星河 緩緩 和我同行 星體塵埃 能否相信 我的生命 無比幸運 能夠靠近你 幽深星石 牽引我 找到氧氣 膨漲宇宙 是我靠近你 還是你在遠離 來不來得及 找到我的你 穿越漫天星河  窮盡光年相遇 嘿 等你聽見 我的聲音 或許我只是灰燼 流浪 終點的 宿命 星盤 太清晰 前現代裡 我無數次合盤尋覓 你能 愛我的證明 命中欠缺 一些勇氣 遠航 才看得清  遠程座標 鎖定 用我的真心 我的生命 無比幸運 能夠靠近你 幽深星石 牽引我 找到氧氣 膨漲宇宙 是我靠近你 還是你在遠離 來不來得及 找到我的你 穿越漫天星河  窮盡光年相遇 我的生命 無比幸運 能夠靠近你 幽深星石 牽引我 找到氧氣 膨漲宇宙 是我靠近你 還是你在遠離 來不來得及 找到我的你 穿越漫天星河  窮盡光年相遇 
嘿 在你聽見 我的聲音 或許我以及我的心 悄悄 向你航行 太空 太深邃 渺小無比 我的歌以及我的心 介質 尚未確定 只是旋律 穿越星河 緩緩 和我同行 星體塵埃 能否相信
我的生命 無比幸運 能夠靠近你 幽深星石 牽引我 找到氧氣 膨漲宇宙 是我靠近你 還是你在遠離 來不來得及 找到我的你 穿越漫天星河  窮盡光年相遇
嘿 等你聽見 我的聲音 或許我只是灰燼 流浪 終點的 宿命 星盤 太清晰 前現代裡 我無數次合盤尋覓 你能 愛我的證明 命中欠缺 一些勇氣 遠航 才看得清  遠程座標 鎖定 用我的真心
我的生命 無比幸運 能夠靠近你 幽深星石 牽引我 找到氧氣 膨漲宇宙 是我靠近你 還是你在遠離 來不來得及 找到我的你 穿越漫天星河  窮盡光年相遇
我的生命 無比幸運 能夠靠近你 幽深星石 牽引我 找到氧氣 膨漲宇宙 是我靠近你 還是你在遠離 來不來得及 找到我的你 穿越漫天星河  窮盡光年相遇
留言（ 4 ） 最相關留言 所有留言
留言（ 4 ）",2026-08-05,,編輯推薦,True,False,
2026-08-10 03:44:08,realtime,all,,,8,寸 Chune,生生不息 Unceasing,8,327,1,https://streetvoice.com/hanachune/songs/871645/,https://streetvoice.com/hanachune/,"https://akstatic.streetvoice.com/profile_images/ha/na/hanachune/oGPVXf6ypW38cndPvYrqmq.jpeg?x-oss-process=image/resize,m_fixed,h_1,w_1,limit_0/resize,m_fixed,h_630,w_1200,limit_0/watermark,image_cHJvZmlsZV9pbWFnZXMvaGEvbmEvaGFuYWNodW5lL29HUFZYZjZ5cFczOGNuZFB2WXJxbXEuanBlZz94LW9zcy1wcm9jZXNzPWltYWdlL3Jlc2l6ZSxtX2ZpeGVkLGhfMzQ0LHdfMzQ0LGxpbWl0XzA,g_nw,x_428,y_143/watermark,image_YXNzZXQvaW1hZ2VzL21ldGFpbWFnZS1zb25nLnBuZw,g_nw,x_0,y_0",images/871645.jpeg,@hanachune,音樂人,台灣,2012-06-01,,11,20,1,,,https://www.youtube.com/user/StreetVoiceTV,音樂之穩態 自然出格《粼》專輯巡迴專訪|||https://blow.streetvoice.com/36093/?utm_source=streetvoice&utm_medium=profile-news-block,,Alternative,生生不息 Unceasing,https://streetvoice.com/hanachune/songs/album/97325785/,,,"你埋了情慾和情趣 悲傷卻留在髮絲裡 剪斷 生長 再做造型 你捱過每一寸噪音 細細爬耳蝸的神經 解開 纏繞 接收訊息 你迷信所有的聰明 計算潛意識的對比 只剩 意識 不清醒 你藏了疲倦和脾氣 卻忘了練習傾聽 只剩 沈默 有聲音 生生不息 又被突襲 生生不息 又被突襲 生生不息 又被突襲 生生不息 又被突襲 你埋了情慾與情趣 悲傷卻留在髮絲裡 剪斷 生長 再做造型 
你埋了情慾和情趣 悲傷卻留在髮絲裡 剪斷 生長 再做造型
你捱過每一寸噪音 細細爬耳蝸的神經 解開 纏繞 接收訊息
你迷信所有的聰明 計算潛意識的對比 只剩 意識 不清醒
你藏了疲倦和脾氣 卻忘了練習傾聽 只剩 沈默 有聲音
生生不息 又被突襲 生生不息 又被突襲
生生不息 又被突襲 生生不息 又被突襲
你埋了情慾與情趣 悲傷卻留在髮絲裡 剪斷 生長 再做造型
留言（ 1 ） 最相關留言 所有留言
留言（ 1 ）",2026-07-28,,Song of the Day; 編輯推薦,True,True,
2026-08-10 03:44:08,realtime,all,,,9,好大一把勇者劍,Kaze_404,12,357,1,https://streetvoice.com/SWORDS_OF_BRAVE/songs/871904/,https://streetvoice.com/SWORDS_OF_BRAVE/,"https://akstatic.streetvoice.com/song_covers/SW/OR/SWORDS_OF_BRAVE/GpVoHAavpu3yYs7D7zZSYH.jpeg?x-oss-process=image/resize,m_fixed,h_1,w_1,limit_0/resize,m_fixed,h_630,w_1200,limit_0/watermark,image_c29uZ19jb3ZlcnMvU1cvT1IvU1dPUkRTX09GX0JSQVZFL0dwVm9IQWF2cHUzeVlzN0Q3elpTWUguanBlZz94LW9zcy1wcm9jZXNzPWltYWdlL3Jlc2l6ZSxtX2ZpeGVkLGhfMzQ0LHdfMzQ0LGxpbWl0XzA,g_nw,x_428,y_143/watermark,image_YXNzZXQvaW1hZ2VzL21ldGFpbWFnZS1zb25nLnBuZw,g_nw,x_0,y_0",images/871904.jpeg,@SWORDS_OF_BRAVE,音樂人,台中市,2021-01-01,2022-08-02 17:40,5,400,4,https://www.facebook.com/%E5%A5%BD%E5%A4%A7%E4%B8%80%E6%8A%8A%E5%8B%87%E8%80%85%E5%8A%8Dswords-of-brave-104728762217398,https://www.instagram.com/swords_of_brave/,https://www.youtube.com/channel/UCby1fO8wl5hDuH-elV3ZzZg,好大一把勇者劍推出新單曲〈伊迪爾特Idiot〉 巡迴現場剪輯成紀實MV|||https://blow.streetvoice.com/84759/?utm_source=streetvoice&utm_medium=profile-news-block; 好大一把勇者劍釋出新曲〈Wanna Go〉 展開首次北中南專場巡演|||https://blow.streetvoice.com/82752/?utm_source=streetvoice&utm_medium=profile-news-block; 高流《樂團興奮波》12強出爐 邀旺福小民、張凱婷與王立擔任複賽評審|||https://blow.streetvoice.com/84917/?utm_source=streetvoice&utm_medium=profile-news-block,,Rock,,,,"作曲 COMPOSER｜好大一把勇者劍 作詞 LYRICIST｜好大一把勇者劍 編曲 ARRANGEMENT｜好大一把勇者劍 演唱 VOCAL｜張博淮 電吉他 ELECTRIC GUITAR｜黃浩銓・梁博涵 鼓 DRUMS｜張晉嘉 電貝斯 BASS｜劉語婕 
作曲 COMPOSER｜好大一把勇者劍 作詞 LYRICIST｜好大一把勇者劍 編曲 ARRANGEMENT｜好大一把勇者劍 演唱 VOCAL｜張博淮 電吉他 ELECTRIC GUITAR｜黃浩銓・梁博涵 鼓 DRUMS｜張晉嘉 電貝斯 BASS｜劉語婕","確定嗎 就到此為止嗎 有我的劇情 要在這裡停下 但如果活的和昨天一樣 不如就停吧 再多走一步太沉重 再多想一次太心痛 誰走來 誰走過 誰的回憶走不動 不想愛 不想痛 卻不想讓心臟沉默 誰的債 誰的錯 誰都來不及回頭 不想裝作想通 裝作看破 一二三   就回頭 最後一眼 曾經犯的錯 不想逐漸麻痺 逐漸變木頭 四五六   抬起頭 不管月球或海中 讓我邁開雙腳讓我追逐風 怎麼更改 無法更改 那天 還是 常浮現的瞬間 常定格在   你落下的 碎片 像片 大霧模糊視線 找阿找 找方法 塗改痛的原貌 逃阿逃 夢裡都 難躲回憶喧囂 找阿找 找大雨 想解後悔燃燒 找不到 逃不了 一二三   就回頭 最後一眼犯的錯 不想逐漸麻痺 逐漸變木頭 四五六   抬起頭 不管月球或海中 讓我邁開雙腳讓我 
確定嗎 就到此為止嗎 有我的劇情 要在這裡停下
但如果活的和昨天一樣 不如就停吧
再多走一步太沉重 再多想一次太心痛
誰走來 誰走過 誰的回憶走不動
不想愛 不想痛 卻不想讓心臟沉默
誰的債 誰的錯 誰都來不及回頭
不想裝作想通 裝作看破
一二三   就回頭 最後一眼 曾經犯的錯 不想逐漸麻痺 逐漸變木頭
四五六   抬起頭 不管月球或海中 讓我邁開雙腳讓我追逐風
怎麼更改 無法更改 那天 還是 常浮現的瞬間
常定格在   你落下的 碎片 像片 大霧模糊視線
找阿找 找方法 塗改痛的原貌 逃阿逃 夢裡都 難躲回憶喧囂 找阿找 找大雨 想解後悔燃燒 找不到 逃不了
一二三   就回頭 最後一眼犯的錯 不想逐漸麻痺 逐漸變木頭
四五六   抬起頭 不管月球或海中 讓我邁開雙腳讓我
留言（ 1 ） 最相關留言 所有留言
留言（ 1 ）",2026-08-09,,,False,False,
2026-08-10 03:44:08,realtime,all,,,10,FCC,Table game by.FCC,7,602,8,https://streetvoice.com/fourchencypher/songs/873530/,https://streetvoice.com/fourchencypher/,"https://akstatic.streetvoice.com/song_covers/fo/ur/fourchencypher/7gkehr9tE87LWoZQQH958C.jpeg?x-oss-process=image/resize,m_fixed,h_1,w_1,limit_0/resize,m_fixed,h_630,w_1200,limit_0/watermark,image_c29uZ19jb3ZlcnMvZm8vdXIvZm91cmNoZW5jeXBoZXIvN2drZWhyOXRFODdMV29aUVFIOTU4Qy5qcGVnP3gtb3NzLXByb2Nlc3M9aW1hZ2UvcmVzaXplLG1fZml4ZWQsaF8zNDQsd18zNDQsbGltaXRfMA,g_nw,x_428,y_143/watermark,image_YXNzZXQvaW1hZ2VzL21ldGFpbWFnZS1zb25nLnBuZw,g_nw,x_0,y_0",images/873530.jpeg,@fourchencypher,音樂人,,,,1,6,5,,,https://www.youtube.com/user/StreetVoiceTV,以〈鬼ノ宴〉一曲爆紅、《暗殺教室》主題曲原唱 「日本次世代創作歌手」友成空六月首度來台開唱！|||https://blow.streetvoice.com/86521/?utm_source=streetvoice&utm_medium=profile-news-block; Blow吹音樂選：2025年度30張台灣原創音樂專輯|||https://blow.streetvoice.com/85800/?utm_source=streetvoice&utm_medium=profile-news-block; 「酷兒音樂世代終於到來！」從Sapphic Pop熱潮，回望臺灣女同志音樂文化|||https://blow.streetvoice.com/78972/?utm_source=streetvoice&utm_medium=profile-news-block,,Hip hop / Rap,,,筋砧鴣gu、田忠TonZ、LEON、ほしくず_褲子,"詞曲 Songwriter |  FCC 製作 Producer |  LEON、褲子 Kuzu 編曲 Arranger |  Bargholz 混音  Mixing  | 田忠 TonZ 監製 Executive Producer | YouNg ReaL，筋砧鴣gu 四陳相識 但桌遊湊滿五陳的無塵室 
詞曲 Songwriter |  FCC 製作 Producer |  LEON、褲子 Kuzu 編曲 Arranger |  Bargholz 混音  Mixing  | 田忠 TonZ 監製 Executive Producer | YouNg ReaL，筋砧鴣gu
四陳相識 但桌遊湊滿五陳的無塵室","LEON:欸田忠 田忠:蛤? LEON:麥歐北捘啦 Hook: Here we go here we go party  (ya~) Feeling more feeling more something (what~) Put your head in the air ,body （ha~) 喝太多 喝酒醉 送你 （走～） Here we go here we go party  (ya~) Feeling more feeling more something (what~) Put your head in the air ,body （ha~) 擺滿桌 誰敢脫 算你（贏～） YoungReal VERSE1: 都 給我慢著點 Born legend 還沒 in the house 誰都不能醉 管你什麼達官顯貴 頭 全都跟著點 騷底的辣妹 shake booty 拿來當鼓點 I don’t care 紙醉金迷 只想kill the type beat 管你撿到多少美金 還是撿到台幣 管你第一次還過生日 先上個香檳show 在這地方啥都不管 只管dollar dollar bill y’all 田忠 VERSE2 : 殺 了type beat than 畫個詐的大餅 所有tuff 所有luv 都發 力 加在du bbing 八 個bars 沒有尬押 把 你們 嚇 得訝異 掉了下巴， 大 家聽完都尬以 哈 實在差勁 fuck  吃著壓力 跨 極限哪裡 哈 不同場景 掛著冰like youngLee Hook: Here we go here we go party  (ya~) Feeling more feeling more something (what~) Put your head in the air ,body （ha~) 喝太多 喝酒醉 送你 （走～） Here we go here we go party  (ya~) Feeling more feeling more something (what~) Put your head in the air ,body （ha~) 擺滿桌 誰敢脫 算你（贏～） LEON VERSE3 : 她是來自紐澳良的拉丁裔 一品脫的氣泡水再加whiskey 心情讓我drink it難免殺精液 幫我拍張帥的傳給她親戚 It's latenight Lay back on track Microphone killer gonna make it all happen Oh girl, I like your style 用妳慢動作的三拍來吹我的小號 Eh 幾點回家我想發我IG 加了幾個美女企圖抓我海邊 脫了衣服秀出她的Taco 想看我的MIC 我說混的不太乾淨不去她的type Beat In the club 跟喜歡的客戶較量 放在你的手掌 跟上個比還要胖 我說做點有氧做好今晚讓你掉磅 趁你幫我數 幫你拍個測速照相 Hook: Here we go here we go party  (ya~) Feeling more feeling more something (what~) Put your head in the air ,body （ha~) 喝太多 喝酒醉 送你 （走～） Here we go here we go party  (ya~) Feeling more feeling more something (what~) Put your head in the air ,body （ha~) 擺滿桌 誰敢脫 算你（贏～） 筋砧鴣gu VERSE4 : 酒倒滿 警長發下第一張警徽 眼神都在對位   誰的發言最虧 你說你是村民 可我根本不會信 笑著陪你乾杯 心裡早把你判刑 一圈輪流發言 笑裡都藏著刀 有人悍跳預言 嘴巴比酒還燒 黑商留著禮物 賣弄著小騷包 欸誰輸了賭注 白色粉末請倒 骰子落在桌面 命運開始洗牌 狼人混進人群 沒人能夠醒來 酒精越喝越濃 腦袋掏出百寶袋 最後剩我站著 將他們全部淘汰 褲子 hook: Here we go here we go party  (ya~) Feeling more feeling more something (what~) Put your head in the air ,body （ha~) 喝太多 喝酒醉 送你 （走～） Here we go here we go party  (ya~) Feeling more feeling more something (what~) Put your head in the air ,body （ha~) 擺滿桌 誰敢脫 算你（贏～） 
LEON:欸田忠 田忠:蛤? LEON:麥歐北捘啦
Hook: Here we go here we go party  (ya~) Feeling more feeling more something (what~) Put your head in the air ,body （ha~) 喝太多 喝酒醉 送你 （走～）
Here we go here we go party  (ya~) Feeling more feeling more something (what~) Put your head in the air ,body （ha~) 擺滿桌 誰敢脫 算你（贏～）
YoungReal VERSE1: 都 給我慢著點 Born legend 還沒 in the house 誰都不能醉 管你什麼達官顯貴 頭 全都跟著點 騷底的辣妹 shake booty 拿來當鼓點
I don’t care 紙醉金迷 只想kill the type beat 管你撿到多少美金 還是撿到台幣 管你第一次還過生日 先上個香檳show 在這地方啥都不管 只管dollar dollar bill y’all
田忠 VERSE2 : 殺 了type beat than 畫個詐的大餅 所有tuff 所有luv 都發 力 加在du bbing 八 個bars 沒有尬押 把 你們 嚇 得訝異 掉了下巴， 大 家聽完都尬以 哈 實在差勁 fuck  吃著壓力 跨 極限哪裡 哈 不同場景 掛著冰like youngLee
Hook: Here we go here we go party  (ya~) Feeling more feeling more something (what~) Put your head in the air ,body （ha~) 喝太多 喝酒醉 送你 （走～）
Here we go here we go party  (ya~) Feeling more feeling more something (what~) Put your head in the air ,body （ha~) 擺滿桌 誰敢脫 算你（贏～）
LEON VERSE3 : 她是來自紐澳良的拉丁裔 一品脫的氣泡水再加whiskey 心情讓我drink it難免殺精液 幫我拍張帥的傳給她親戚 It's latenight Lay back on track Microphone killer gonna make it all happen Oh girl, I like your style 用妳慢動作的三拍來吹我的小號
Eh 幾點回家我想發我IG 加了幾個美女企圖抓我海邊 脫了衣服秀出她的Taco 想看我的MIC 我說混的不太乾淨不去她的type Beat
In the club 跟喜歡的客戶較量 放在你的手掌 跟上個比還要胖 我說做點有氧做好今晚讓你掉磅 趁你幫我數 幫你拍個測速照相
Hook: Here we go here we go party  (ya~) Feeling more feeling more something (what~) Put your head in the air ,body （ha~) 喝太多 喝酒醉 送你 （走～）
Here we go here we go party  (ya~) Feeling more feeling more something (what~) Put your head in the air ,body （ha~) 擺滿桌 誰敢脫 算你（贏～）
筋砧鴣gu VERSE4 : 酒倒滿 警長發下第一張警徽 眼神都在對位   誰的發言最虧 你說你是村民 可我根本不會信 笑著陪你乾杯 心裡早把你判刑
一圈輪流發言 笑裡都藏著刀 有人悍跳預言 嘴巴比酒還燒 黑商留著禮物 賣弄著小騷包 欸誰輸了賭注 白色粉末請倒
骰子落在桌面 命運開始洗牌 狼人混進人群 沒人能夠醒來 酒精越喝越濃 腦袋掏出百寶袋 最後剩我站著 將他們全部淘汰
褲子 hook: Here we go here we go party  (ya~) Feeling more feeling more something (what~) Put your head in the air ,body （ha~) 喝太多 喝酒醉 送你 （走～）
Here we go here we go party  (ya~) Feeling more feeling more something (what~) Put your head in the air ,body （ha~) 擺滿桌 誰敢脫 算你（贏～）
留言（ 8 ） 最相關留言 所有留言
留言（ 8 ）",2026-08-08,,,False,False,
2026-08-10 03:44:08,realtime,all,,,11,羅架許,星期日晚上去逛夜市吧Demo,12,526,8,https://streetvoice.com/josh_lo/songs/873682/,https://streetvoice.com/josh_lo/,"https://akstatic.streetvoice.com/song_covers/jo/sh/josh_lo/ZpXh7gWnowhyEyNPRwP6Jv.jpg?x-oss-process=image/resize,m_fixed,h_1,w_1,limit_0/resize,m_fixed,h_630,w_1200,limit_0/watermark,image_c29uZ19jb3ZlcnMvam8vc2gvam9zaF9sby9acFhoN2dXbm93aHlFeU5QUndQNkp2LmpwZz94LW9zcy1wcm9jZXNzPWltYWdlL3Jlc2l6ZSxtX2ZpeGVkLGhfMzQ0LHdfMzQ0LGxpbWl0XzA,g_nw,x_428,y_143/watermark,image_YXNzZXQvaW1hZ2VzL21ldGFpbWFnZS1zb25nLnBuZw,g_nw,x_0,y_0",images/873682.jpg,@josh_lo,音樂人,日本,2016-09-01,2024-10-17 13:45,33,161,101,,,https://www.youtube.com/user/StreetVoiceTV,,,Experimental,,,月光喵_77,"大大武花大武花 今天星期日晚上已經沒有辦法再十六蹲 只能利用剩餘的力氣去覓食 作詞｜羅架許 作曲｜羅架許 演唱｜77 琦琦 編曲｜Ethan Cole × Southern Cross Audio 音樂製作｜羅架許 × Southern Cross Audio 和聲編寫｜Mia Thompson 混音｜Jack Wilson 母帶後期｜Oliver Hayes 製作統籌｜羅架許 海外合作製作｜Southern Cross Audio｜Australia 
大大武花大武花 今天星期日晚上已經沒有辦法再十六蹲 只能利用剩餘的力氣去覓食
作詞｜羅架許 作曲｜羅架許 演唱｜77 琦琦
編曲｜Ethan Cole × Southern Cross Audio 音樂製作｜羅架許 × Southern Cross Audio 和聲編寫｜Mia Thompson 混音｜Jack Wilson 母帶後期｜Oliver Hayes
製作統籌｜羅架許 海外合作製作｜Southern Cross Audio｜Australia","動態歌詞
星期日晚上 DO NOTHING 行不行 DO  NOT 給手抱緊 Do NOT somelike CHill 什麼都不想忙 明天又要早起 鬧鐘我六點半 想到這裡 心情突然有點煩 但今天還是今天 先不要想明天 換件舒服的衣服 出門走一圈 你說夜市有一家 新開的雞排 我說那就去啊 反正明天再說 風吹過來 有一點涼 人很多 我們慢慢晃 你問我 明天會不會累 我說應該會 但現在先不管 星期日晚上 我們去逛夜市吧 吃一點鹹的 再喝一杯奶茶 明天星期一 又要開始上班啦 那就趁今晚 把快樂存一下 星期日晚上 人群亮得像星光 你走在我旁邊 我突然覺得 明天也沒有那麼可怕 雞排有點太油 但還是吃完了 你說最近變胖 我說哪有啦 套圈圈又沒中 老闆笑得很開心 我們花了兩百塊 買一個沒用的東西 走到最後一攤 你突然說肚子餓 我看了一下時間 已經晚上十點多 明明明天星期一 還是決定再吃一口 人生如果只剩工作 那也太可憐了吧 欸 明天的事情明天再想 報告明天再改 鬧鐘明天再響 今天先把這杯喝完 先把這條街走完 先把你逗笑 再回家 反正星期一 它不會因為我們害怕 就突然消失不見 所以算了吧 今天先好好活著 星期日晚上 我們去逛夜市吧 吃一點甜的 再買一杯豆花 明天星期一 又要開始忙啦 那就趁今晚 把快樂存一下 星期日晚上 霓虹燈照著你的臉 你笑著說晚安 我突然覺得 明天好像也可以撐過一天 回家的路上 你突然安靜了 我也沒有說話 只是陪你走著 街燈一盞一盞 慢慢經過我們 星期天就快結束了 但至少今天很完整 星期日晚上 最後再逛一下吧 就算明天星期一 也沒什麼大不了啦 星期日晚上 我們慢慢回家 把今天的快樂 放進明天的口袋 如果生活真的 有一點辛苦的話 至少每個星期天 我們還可以約好 去逛夜市吧 
星期日晚上 DO NOTHING 行不行 DO  NOT 給手抱緊 Do NOT somelike CHill 什麼都不想忙 明天又要早起 鬧鐘我六點半 想到這裡 心情突然有點煩 但今天還是今天 先不要想明天 換件舒服的衣服 出門走一圈 你說夜市有一家 新開的雞排 我說那就去啊 反正明天再說 風吹過來 有一點涼 人很多 我們慢慢晃 你問我 明天會不會累 我說應該會 但現在先不管 星期日晚上 我們去逛夜市吧 吃一點鹹的 再喝一杯奶茶 明天星期一 又要開始上班啦 那就趁今晚 把快樂存一下 星期日晚上 人群亮得像星光 你走在我旁邊 我突然覺得 明天也沒有那麼可怕 雞排有點太油 但還是吃完了 你說最近變胖 我說哪有啦 套圈圈又沒中 老闆笑得很開心 我們花了兩百塊 買一個沒用的東西 走到最後一攤 你突然說肚子餓 我看了一下時間 已經晚上十點多 明明明天星期一 還是決定再吃一口 人生如果只剩工作 那也太可憐了吧 欸 明天的事情明天再想 報告明天再改 鬧鐘明天再響 今天先把這杯喝完 先把這條街走完 先把你逗笑 再回家 反正星期一 它不會因為我們害怕 就突然消失不見 所以算了吧 今天先好好活著 星期日晚上 我們去逛夜市吧 吃一點甜的 再買一杯豆花
明天星期一 又要開始忙啦 那就趁今晚 把快樂存一下 星期日晚上 霓虹燈照著你的臉 你笑著說晚安 我突然覺得 明天好像也可以撐過一天 回家的路上 你突然安靜了 我也沒有說話 只是陪你走著 街燈一盞一盞 慢慢經過我們 星期天就快結束了 但至少今天很完整 星期日晚上 最後再逛一下吧 就算明天星期一 也沒什麼大不了啦 星期日晚上 我們慢慢回家 把今天的快樂 放進明天的口袋 如果生活真的 有一點辛苦的話 至少每個星期天 我們還可以約好 去逛夜市吧
留言（ 8 ） 最相關留言 所有留言
留言（ 8 ）",2026-08-09,,AI 協作 Experimental,False,False,
2026-08-10 03:44:08,realtime,all,,,12,班長,UNLIKE BEFORE (DEMO),57,2762,11,https://streetvoice.com/ray31444/songs/871359/,https://streetvoice.com/ray31444/,"https://akstatic.streetvoice.com/song_covers/ra/y3/ray31444/9MZv8s97Y2i4J6ncjJwsD8.jpeg?x-oss-process=image/resize,m_fixed,h_1,w_1,limit_0/resize,m_fixed,h_630,w_1200,limit_0/watermark,image_c29uZ19jb3ZlcnMvcmEveTMvcmF5MzE0NDQvOU1adjhzOTdZMmk0SjZuY2pKd3NEOC5qcGVnP3gtb3NzLXByb2Nlc3M9aW1hZ2UvcmVzaXplLG1fZml4ZWQsaF8zNDQsd18zNDQsbGltaXRfMA,g_nw,x_428,y_143/watermark,image_YXNzZXQvaW1hZ2VzL21ldGFpbWFnZS1zb25nLnBuZw,g_nw,x_0,y_0",images/871359.jpeg,@ray31444,音樂人,台北市,2016-05-01,,1,39,,,,https://www.youtube.com/user/StreetVoiceTV,【吹專訪】絲襪小姐主唱小龜：「對現在的我們來說，歌迷不再只是一張張曾經看過的臉，而是一個個認識很久的朋友。」|||https://blow.streetvoice.com/79064/?utm_source=streetvoice&utm_medium=profile-news-block; 【吹專題】金曲與十年前的距離：我不懷念那個時代的不安，但我珍視彼時音樂人的信念。|||https://blow.streetvoice.com/74704/?utm_source=streetvoice&utm_medium=profile-news-block; 【專訪】鹿比∞吠陀談《彼岸》：相對正是痛苦的根源|||https://blow.streetvoice.com/51926/?utm_source=streetvoice&utm_medium=profile-news-block,,Folk,,,,"不再以往 
不再以往","Cause I will never be the same Cause I will never be the same You used to sing me a lullaby~~~ shalalala la la I used to make a fool of my self~~ Shalalala la la I should have done everything I could Shalalala la la It takes time to take another point of view Shalalala la la Cause I will never be the same Cause I will never be the same How could I make it up to you How could I make it up to you How could I make it up to you How could I make it up to you How could I make it up with you, could I make it up? How could I make it up with you, I gave it all up How could I make it up with you, could I make it up? How could I make it up with you, I gave it all up How could I make it up with you, could I make it up? How could I make it up with you, I gave it all up How could I make it up with you, could I make it up? How could I make it up? Could I make it up? 
Cause I will never be the same Cause I will never be the same
You used to sing me a lullaby~~~ shalalala la la I used to make a fool of my self~~ Shalalala la la I should have done everything I could Shalalala la la It takes time to take another point of view Shalalala la la
Cause I will never be the same Cause I will never be the same
How could I make it up to you How could I make it up to you How could I make it up to you How could I make it up to you
How could I make it up with you, could I make it up? How could I make it up with you, I gave it all up How could I make it up with you, could I make it up? How could I make it up with you, I gave it all up How could I make it up with you, could I make it up? How could I make it up with you, I gave it all up How could I make it up with you, could I make it up? How could I make it up? Could I make it up?
留言（ 11 ） 最相關留言 所有留言
留言（ 11 ）",2026-07-27,,Song of the Day; 編輯推薦,True,True,
2026-08-10 03:44:08,realtime,all,,,13,瑞婷,心牆2026ver,26,6732,18,https://streetvoice.com/juiting93/songs/872967/,https://streetvoice.com/juiting93/,"https://akstatic.streetvoice.com/song_covers/ju/it/juiting93/3KTsCZ2RkTa4ZnBCKcRL5a.jpg?x-oss-process=image/resize,m_fixed,h_1,w_1,limit_0/resize,m_fixed,h_630,w_1200,limit_0/watermark,image_c29uZ19jb3ZlcnMvanUvaXQvanVpdGluZzkzLzNLVHNDWjJSa1RhNFpuQkNLY1JMNWEuanBnP3gtb3NzLXByb2Nlc3M9aW1hZ2UvcmVzaXplLG1fZml4ZWQsaF8zNDQsd18zNDQsbGltaXRfMA,g_nw,x_428,y_143/watermark,image_YXNzZXQvaW1hZ2VzL21ldGFpbWFnZS1zb25nLnBuZw,g_nw,x_0,y_0",images/872967.jpg,@juiting93,音樂人,台北市,2024-07-01,2025-02-03 17:42,2,124,4,,https://www.instagram.com/juiting93,https://www.youtube.com/user/StreetVoiceTV,,,Singer / Songwriter,,,,"希望大家能單曲循環一個禮拜 MV在我的yt非常漂亮 大家不看損失一個億 真心不騙 好聽的話希望大家能追蹤我🤍 獨立音樂人 生存不易 謝謝大家 / 編曲/製作wowthatsmcqueen 
希望大家能單曲循環一個禮拜 MV在我的yt非常漂亮 大家不看損失一個億 真心不騙 好聽的話希望大家能追蹤我🤍 獨立音樂人 生存不易 謝謝大家 / 編曲/製作wowthatsmcqueen","這是沒有提供歌詞的歌曲
留言（ 18 ） 最相關留言 所有留言
留言（ 18 ）",2026-08-06,,,False,False,
2026-08-10 03:44:08,realtime,all,,,14,蘇裔非,開車音樂,64,3386,5,https://streetvoice.com/ifeisu/songs/871298/,https://streetvoice.com/ifeisu/,"https://akstatic.streetvoice.com/song_covers/if/ei/ifeisu/MJWQw5RxQf8Q66fedonMrV.jpeg?x-oss-process=image/resize,m_fixed,h_1,w_1,limit_0/resize,m_fixed,h_630,w_1200,limit_0/watermark,image_c29uZ19jb3ZlcnMvaWYvZWkvaWZlaXN1L01KV1F3NVJ4UWY4UTY2ZmVkb25NclYuanBlZz94LW9zcy1wcm9jZXNzPWltYWdlL3Jlc2l6ZSxtX2ZpeGVkLGhfMzQ0LHdfMzQ0LGxpbWl0XzA,g_nw,x_428,y_143/watermark,image_YXNzZXQvaW1hZ2VzL21ldGFpbWFnZS1zb25nLnBuZw,g_nw,x_0,y_0",images/871298.jpeg,@ifeisu,音樂人,台北市,2023-08-01,2023-10-11 15:40,10,295,1,,,https://www.youtube.com/user/StreetVoiceTV,,,Hip hop / Rap,,,,,"動態歌詞
Got a roll-call over on the west side 他問什麼時候到我回他現在 左手方向盤我右手播著電台 FM 91.3 在我腦裡 yeah right Got them redeye over on my 眼白 剩下你還沒有綁好的肩帶 他問我什麼時候到我回他現在 huh, yeah, but when I I dream about this all the time I’m doing quite alright So would you like to be my ride or die If you hit me up better on time 我開車開太久了開始變得有點搶拍 你叫我不要想太多 xanny and some hot wine 週刊連載這個旅程right on that Jumpboy 開了三十分鐘 左邊還是大海 開了三十分鐘 But I’m going offline 他問我什麼是愛我說would die for it but I won’t I dream about this all the time I’m doing quite alright So would you like to be my ride or die 這個城市充滿我的playlist 戴上墨鏡 傾聽我的隨意 嘿 華麗的轉過身去 我的鬆弛不被明碼標記 瞧我笑的得體 得意 dirty Bad and boujee ,extra lazy 像是喝了台啤的Harley Quinn Came straight out of Disney Got a roll-call over on the west side 他問什麼時候到我回他現在 左手方向盤我右手播著電台 FM 91.3 在我腦裡 yeah right Got them redeye over on my 眼白 剩下你還沒有綁好的肩帶 他問我什麼時候到我回他現在 huh, yeah, but when I I dream about this all the time I’m doing quite alright So would you like to be my ride or die 
Got a roll-call over on the west side 他問什麼時候到我回他現在 左手方向盤我右手播著電台 FM 91.3 在我腦裡 yeah right Got them redeye over on my 眼白 剩下你還沒有綁好的肩帶 他問我什麼時候到我回他現在 huh, yeah, but when I
I dream about this all the time I’m doing quite alright So would you like to be my ride or die
If you hit me up better on time 我開車開太久了開始變得有點搶拍 你叫我不要想太多 xanny and some hot wine 週刊連載這個旅程right on that Jumpboy 開了三十分鐘 左邊還是大海 開了三十分鐘 But I’m going offline 他問我什麼是愛我說would die for it but I won’t
I dream about this all the time I’m doing quite alright So would you like to be my ride or die
這個城市充滿我的playlist 戴上墨鏡 傾聽我的隨意 嘿 華麗的轉過身去 我的鬆弛不被明碼標記 瞧我笑的得體 得意 dirty Bad and boujee ,extra lazy 像是喝了台啤的Harley Quinn Came straight out of Disney
Got a roll-call over on the west side 他問什麼時候到我回他現在 左手方向盤我右手播著電台 FM 91.3 在我腦裡 yeah right Got them redeye over on my 眼白 剩下你還沒有綁好的肩帶 他問我什麼時候到我回他現在 huh, yeah, but when I
I dream about this all the time I’m doing quite alright So would you like to be my ride or die
留言（ 5 ） 最相關留言 所有留言
留言（ 5 ）",2026-08-01,,編輯推薦,True,False,
2026-08-10 03:44:08,realtime,all,,,15,N!ceT!M,Vibing (ft.黃琳媛 Ally),4,168,0,https://streetvoice.com/NICETIM/songs/873395/,https://streetvoice.com/NICETIM/,"https://akstatic.streetvoice.com/song_covers/NI/CE/NICETIM/9sZCCwM47RwXg5YdUszrfv.jpeg?x-oss-process=image/resize,m_fixed,h_1,w_1,limit_0/resize,m_fixed,h_630,w_1200,limit_0/watermark,image_c29uZ19jb3ZlcnMvTkkvQ0UvTklDRVRJTS85c1pDQ3dNNDdSd1hnNVlkVXN6cmZ2LmpwZWc_eC1vc3MtcHJvY2Vzcz1pbWFnZS9yZXNpemUsbV9maXhlZCxoXzM0NCx3XzM0NCxsaW1pdF8w,g_nw,x_428,y_143/watermark,image_YXNzZXQvaW1hZ2VzL21ldGFpbWFnZS1zb25nLnBuZw,g_nw,x_0,y_0",images/873395.jpeg,@NICETIM,音樂人,,,2022-02-24 18:05,13,190,7,,https://www.instagram.com/timgamestory,https://www.youtube.com/channel/UCGTVXYyeBAfNkAV0jhS1-5Q/featured,,,Hip hop / Rap,都市風雲兒,https://streetvoice.com/NICETIM/songs/album/97325857/,,,"i am in my vibing 不要來robbing我的思緒 我還在旅行 我們在踏青 踏完踏沙地 走前記得清理這美景 幫我們dubbing 不會唱也行 就跟著dadala嗯嗯嗯 dadaladadala嗯嗯嗯 dadaladadala嗯嗯嗯 (黃琳媛Ally) 說走就走的旅行 帶著舊的照相機 紀錄一些風和日麗 照片裡還有我和你 思緒被快樂包圍 好不真實的感覺 功成名就不是絕對 花花世界太多是非 Ay你說的都對 青春怎麼能被我們浪費 太多不該被現實給磨碎 人生勇往直前冒險才是My way i am in my vibing 不要來robbing我的思緒 我還在旅行 我們在踏青 踏完踏沙地 走前記得清理這美景 幫我們dubbing 不會唱也行 就跟著dadala嗯嗯嗯 dadaladadala嗯嗯嗯 dadaladadala嗯嗯嗯 這個感覺太美 聽到這種伴奏我就是要寫 只要我開心我爽當大爺誰管太商業太普通還是什麼太主流 怕被外人定義才像被主囚 就算好像畢業還在被暑修 人生大冒險可以輸了但換個心裡舒服 (總比老的糊塗) 我是老司機 快把東西打包 忘東忘西到底又是哪招 孤魂野鬼看要晃去哪飄 處在同個頻率才能相處比喻可能feel like 帶上我的Full band 帥的像是快打部隊 整個太上等的路線 行程絕不敷衍 太陽整個too 艷 i am in my vibing 不要來robbing我的思緒 我還在旅行 我們在踏青 踏完踏沙地 走前記得清理這美景 幫我們dubbing 不會唱也行 就跟著dadala嗯嗯嗯 dadaladadala嗯嗯嗯 dadaladadala嗯嗯嗯 i am in my vibing 不要來robbing我的思緒 woo ho oh oh 我們在踏青 踏完踏沙地 踏完去海底 woo ho oh oh 幫我們dubbing 不會唱也行 就跟著 woo woo ho oh oh woo ho oh oh ho oh oh woo ho oh oh i am in my vibe in the paradise 全部 in my mind in my vibe in the paradise 全部 in my mind in my vibe in the paradise 全部 in my mind woo ho oh oh woo ho oh oh ho oh oh woo ho oh oh 
i am in my vibing 不要來robbing我的思緒 我還在旅行 我們在踏青 踏完踏沙地 走前記得清理這美景 幫我們dubbing 不會唱也行 就跟著dadala嗯嗯嗯 dadaladadala嗯嗯嗯 dadaladadala嗯嗯嗯
(黃琳媛Ally) 說走就走的旅行 帶著舊的照相機 紀錄一些風和日麗 照片裡還有我和你 思緒被快樂包圍 好不真實的感覺 功成名就不是絕對 花花世界太多是非 Ay你說的都對 青春怎麼能被我們浪費 太多不該被現實給磨碎 人生勇往直前冒險才是My way
i am in my vibing 不要來robbing我的思緒 我還在旅行 我們在踏青 踏完踏沙地 走前記得清理這美景 幫我們dubbing 不會唱也行 就跟著dadala嗯嗯嗯 dadaladadala嗯嗯嗯 dadaladadala嗯嗯嗯
這個感覺太美 聽到這種伴奏我就是要寫 只要我開心我爽當大爺誰管太商業太普通還是什麼太主流 怕被外人定義才像被主囚 就算好像畢業還在被暑修 人生大冒險可以輸了但換個心裡舒服 (總比老的糊塗)
我是老司機 快把東西打包 忘東忘西到底又是哪招 孤魂野鬼看要晃去哪飄 處在同個頻率才能相處比喻可能feel like
帶上我的Full band 帥的像是快打部隊 整個太上等的路線 行程絕不敷衍 太陽整個too 艷
i am in my vibing 不要來robbing我的思緒 我還在旅行 我們在踏青 踏完踏沙地 走前記得清理這美景 幫我們dubbing 不會唱也行 就跟著dadala嗯嗯嗯 dadaladadala嗯嗯嗯 dadaladadala嗯嗯嗯
i am in my vibing 不要來robbing我的思緒 woo ho oh oh 我們在踏青 踏完踏沙地 踏完去海底 woo ho oh oh 幫我們dubbing 不會唱也行 就跟著 woo woo ho oh oh woo ho oh oh ho oh oh woo ho oh oh
i am in my vibe in the paradise 全部 in my mind in my vibe in the paradise 全部 in my mind in my vibe in the paradise 全部 in my mind woo ho oh oh woo ho oh oh ho oh oh woo ho oh oh
留言（ 0 ） 最相關留言 所有留言
留言（ 0 ）",2026-08-07,,編輯推薦,True,False,
2026-08-10 03:44:08,realtime,all,,,16,陳修澤,孤獨與死,26,1339,1,https://streetvoice.com/desolatechen/songs/871101/,https://streetvoice.com/desolatechen/,"https://akstatic.streetvoice.com/music_albums/de/so/desolatechen/mkKunsCfwcCE2zSAqmoa5S.jpeg?x-oss-process=image/resize,m_fixed,h_1,w_1,limit_0/resize,m_fixed,h_630,w_1200,limit_0/watermark,image_bXVzaWNfYWxidW1zL2RlL3NvL2Rlc29sYXRlY2hlbi9ta0t1bnNDZndjQ0UyelNBcW1vYTVTLmpwZWc_eC1vc3MtcHJvY2Vzcz1pbWFnZS9yZXNpemUsbV9maXhlZCxoXzM0NCx3XzM0NCxsaW1pdF8w,g_nw,x_428,y_143/watermark,image_YXNzZXQvaW1hZ2VzL21ldGFpbWFnZS1zb25nLnBuZw,g_nw,x_0,y_0",images/871101.jpeg,@desolatechen,音樂人,屏東縣,2006-04-01,2021-05-26 18:50,21,1710,39,,,https://www.youtube.com/user/StreetVoiceTV,「野地晃晃」串連野地方、肥頭音樂雙場館四舞台！2/15集結無妄合作社、Manic Sheep、陳修澤等20組台日樂團|||https://blow.streetvoice.com/78942/?utm_source=streetvoice&utm_medium=profile-news-block; 【StreetVoice新歌週報】Control T將悲傷化作夕陽美景 陳修澤沈澱之作上線|||https://blow.streetvoice.com/55665/?utm_source=streetvoice&utm_medium=profile-news-block; 【週五看MV】陳修澤以歌曲〈流星和願望〉鼓勵樂迷：自己是被人愛著的|||https://blow.streetvoice.com/55656/?utm_source=streetvoice&utm_medium=profile-news-block,,Electronic,地獄之路,https://streetvoice.com/desolatechen/songs/album/97325761/,,"那些不合時宜的痛 
那些不合時宜的痛","那些不合時宜的痛 已經不會再有人懂 在脹滿破碎資訊的海洋裡頭 和自己倒影一起游泳 那些不合時宜的痛 變成一場場破碎的夢 在脹滿慾望恐懼的牢籠裡頭 以為自己能自由 別走 經過黑夜   越過白晝 聽見腳步   不見臉孔 理解話語   遺失意義 誰在前進   誰在停留 放眼未來   遺忘過去 擁抱靈魂   放棄身體 走向宇宙   打開自我 誰在現實   誰在夢境 誰說別走 誰說 我已找到最美的夢 沒有人能阻擋我 
那些不合時宜的痛 已經不會再有人懂 在脹滿破碎資訊的海洋裡頭 和自己倒影一起游泳
那些不合時宜的痛 變成一場場破碎的夢 在脹滿慾望恐懼的牢籠裡頭 以為自己能自由
別走
經過黑夜   越過白晝 聽見腳步   不見臉孔 理解話語   遺失意義 誰在前進   誰在停留
放眼未來   遺忘過去 擁抱靈魂   放棄身體 走向宇宙   打開自我 誰在現實   誰在夢境
誰說別走 誰說
我已找到最美的夢 沒有人能阻擋我
留言（ 1 ） 最相關留言 所有留言
留言（ 1 ）",2026-07-25,,Song of the Day; 編輯推薦,True,True,
2026-08-10 03:44:08,realtime,all,,,17,台北不如勤美,牢,7,339,2,https://streetvoice.com/qinmeibetterthantaipei/songs/872831/,https://streetvoice.com/qinmeibetterthantaipei/,"https://akstatic.streetvoice.com/song_covers/qi/nm/qinmeibetterthantaipei/5h89PxZ7QyGG3orVHQwPQo.jpg?x-oss-process=image/resize,m_fixed,h_1,w_1,limit_0/resize,m_fixed,h_630,w_1200,limit_0/watermark,image_c29uZ19jb3ZlcnMvcWkvbm0vcWlubWVpYmV0dGVydGhhbnRhaXBlaS81aDg5UHhaN1F5R0czb3JWSFF3UFFvLmpwZz94LW9zcy1wcm9jZXNzPWltYWdlL3Jlc2l6ZSxtX2ZpeGVkLGhfMzQ0LHdfMzQ0LGxpbWl0XzA,g_nw,x_428,y_143/watermark,image_YXNzZXQvaW1hZ2VzL21ldGFpbWFnZS1zb25nLnBuZw,g_nw,x_0,y_0",images/872831.jpg,@qinmeibetterthantaipei,音樂人,,,2024-12-25 17:12,1,181,1,,https://www.instagram.com/qinmeibetterthantaipei/profilecard/,https://www.youtube.com/user/StreetVoiceTV,,,Rock,生的錯覺,https://streetvoice.com/qinmeibetterthantaipei/songs/album/97324249/,,"【章節零二：雨夜裡的銀色利刃】 這座城市是個巨大的玻璃水族箱， 我們都是被抽乾了水的魚。 我坐在深夜的房間裡，刀鋒貼著手腕的皮膚， 那冰涼的觸感竟比任何擁抱都要真實。 劃開皮肉的瞬間，鮮紅色的液體，流了出來 啊！ 原來這具日復一日的肉體裡面，還藏著鮮血啊。 
【章節零二：雨夜裡的銀色利刃】
這座城市是個巨大的玻璃水族箱，
我們都是被抽乾了水的魚。
我坐在深夜的房間裡，刀鋒貼著手腕的皮膚，
那冰涼的觸感竟比任何擁抱都要真實。
劃開皮肉的瞬間，鮮紅色的液體，流了出來
啊！
原來這具日復一日的肉體裡面，還藏著鮮血啊。","靜靜待在 這座監牢 看哪個智障先跑 看著手腕 拿著把刀 才敢往自己跑 不再嚮往著自由的空氣 也相信了看似無理的命運 不再嚮往著自由的空氣 把日子交給遲到的契機 真以為你不想出去 活在這所謂人間的地獄 真以為你還能出去 告訴你我掩埋的秘密 不再嚮往著自由的空氣 也相信了看似無理的命運 不再嚮往著自由的空氣 把日子交給遲到的契機 不再嚮往著自由的空氣 也相信了看似無理的命運 不再嚮往著自由的空氣 把日子交給遲到的契機 不再嚮往著自由的空氣 也相信了看似無理的命運 不再嚮往著自由的空氣 把日子交給遲到的契機 
靜靜待在 這座監牢 看哪個智障先跑 看著手腕 拿著把刀 才敢往自己跑
不再嚮往著自由的空氣 也相信了看似無理的命運 不再嚮往著自由的空氣 把日子交給遲到的契機
真以為你不想出去 活在這所謂人間的地獄 真以為你還能出去 告訴你我掩埋的秘密
不再嚮往著自由的空氣 也相信了看似無理的命運 不再嚮往著自由的空氣 把日子交給遲到的契機
不再嚮往著自由的空氣 也相信了看似無理的命運 不再嚮往著自由的空氣 把日子交給遲到的契機
不再嚮往著自由的空氣 也相信了看似無理的命運 不再嚮往著自由的空氣 把日子交給遲到的契機
留言（ 2 ） 最相關留言 所有留言
留言（ 2 ）",2026-08-05,,編輯推薦,True,False,
2026-08-10 03:44:08,realtime,all,,,18,Yo Chen,不在意,103,7496,12,https://streetvoice.com/s8817012011/songs/869352/,https://streetvoice.com/s8817012011/,"https://akstatic.streetvoice.com/song_covers/s8/81/s8817012011/kebDX8bwYE5mh9MZp3UzJc.jpeg?x-oss-process=image/resize,m_fixed,h_1,w_1,limit_0/resize,m_fixed,h_630,w_1200,limit_0/watermark,image_c29uZ19jb3ZlcnMvczgvODEvczg4MTcwMTIwMTEva2ViRFg4YndZRTVtaDlNWnAzVXpKYy5qcGVnP3gtb3NzLXByb2Nlc3M9aW1hZ2UvcmVzaXplLG1fZml4ZWQsaF8zNDQsd18zNDQsbGltaXRfMA,g_nw,x_428,y_143/watermark,image_YXNzZXQvaW1hZ2VzL21ldGFpbWFnZS1zb25nLnBuZw,g_nw,x_0,y_0",images/869352.jpeg,@s8817012011,音樂人,台北市,2011-12-01,2021-09-27 15:35,33,347,7,https://www.facebook.com/theMetalspeaker,https://www.instagram.com/_yochen/,https://www.youtube.com/@yochen3590,香港樂團 Another Kitchen 首張專輯《Do What You Love》發表音樂會|||https://blow.streetvoice.com/8395/?utm_source=streetvoice&utm_medium=profile-news-block; 2026浪人祭公布新一波陣容：國蛋重返家鄉開唱、日本樂團OGRE YOU ASSHOLE首登安平|||https://blow.streetvoice.com/89363/?utm_source=streetvoice&utm_medium=profile-news-block; 「PARK PARK@Tokyo」把現在的台灣音樂帶到東京！鄭宜農、陳珊妮、生祥樂隊、YELLOW黃宣、LÜCY接力登上東京舞台|||https://blow.streetvoice.com/87721/?utm_source=streetvoice&utm_medium=profile-news-block,,Rock,我的人生 Master of None,https://streetvoice.com/s8817012011/songs/album/97325613/,,"人生哪可能項項攏順勢。 失敗、孤獨、自我懷疑，都成為成長過程中的一部分。 真正的不在意，不是冷漠，而是經歷過很多事後，依然願意守住內心最初的夢。 「我的夢，一直攏底加。」 這句話，比任何豪言壯語都更加堅定。 有些人長大以後，早就迷失在這大人的世界裡。 而有些人，即使受傷、迷惘、跌跌撞撞，依然繼續往前走。 
人生哪可能項項攏順勢。 失敗、孤獨、自我懷疑，都成為成長過程中的一部分。 真正的不在意，不是冷漠，而是經歷過很多事後，依然願意守住內心最初的夢。 「我的夢，一直攏底加。」 這句話，比任何豪言壯語都更加堅定。 有些人長大以後，早就迷失在這大人的世界裡。 而有些人，即使受傷、迷惘、跌跌撞撞，依然繼續往前走。","其實我 常常夢見 彼段唔知啥叫憂愁的日子 後來我 戈洪叫醒 繼續一天一天傻傻過日子 但我漸漸了解 我愛的是什麼 我知我自己是一定不放棄 外面的風雨咖大我不在意 雖然這個過程傷透我欸心 但人生啊 哪有可能項項都順勢 我的夢 一直攏底加 今罵欸我 什麼攏不驚 其實我 常常夢見 彼段唔知啥叫憂愁的日子 後來我 戈洪叫醒 繼續一天一天傻傻過日子 但我漸漸了解 我愛的是什麼 我知我自己是一定不放棄 外面的風雨咖大我不在意 雖然這個過程傷透我欸心 但人生啊 哪有可能項項都順勢 我的夢 一直攏底加 今罵欸我 什麼攏不驚 不肯放過我自己 所以來開始問自己 到底這是啥意義 啊啊啊 彼段黑暗的日子 暫時攏麥擱再提起 欲出去 走找彼個流浪的心 我知我自己是一定不放棄 外面的風雨咖大我不在意 雖然這個過程傷透我欸心 但人生啊 哪有可能項項都順勢 我的夢 一直攏底加 今罵欸我 什麼攏不驚 
其實我 常常夢見 彼段唔知啥叫憂愁的日子 後來我 戈洪叫醒 繼續一天一天傻傻過日子 但我漸漸了解 我愛的是什麼
我知我自己是一定不放棄 外面的風雨咖大我不在意 雖然這個過程傷透我欸心 但人生啊 哪有可能項項都順勢 我的夢 一直攏底加 今罵欸我 什麼攏不驚
其實我 常常夢見 彼段唔知啥叫憂愁的日子 後來我 戈洪叫醒 繼續一天一天傻傻過日子 但我漸漸了解 我愛的是什麼
我知我自己是一定不放棄 外面的風雨咖大我不在意 雖然這個過程傷透我欸心 但人生啊 哪有可能項項都順勢 我的夢 一直攏底加 今罵欸我 什麼攏不驚
不肯放過我自己 所以來開始問自己 到底這是啥意義 啊啊啊 彼段黑暗的日子 暫時攏麥擱再提起 欲出去 走找彼個流浪的心
我知我自己是一定不放棄 外面的風雨咖大我不在意 雖然這個過程傷透我欸心 但人生啊 哪有可能項項都順勢 我的夢 一直攏底加 今罵欸我 什麼攏不驚
留言（ 12 ） 最相關留言 所有留言
留言（ 12 ）",2026-07-14,,Song of the Day; 達人推薦; 編輯推薦,True,True,https://streetvoice.com/s8817012011/songs/869352/critic_reviews/
2026-08-10 03:44:08,realtime,all,,,19,N!ceT!M,Shiny Day!,3,213,0,https://streetvoice.com/NICETIM/songs/873392/,https://streetvoice.com/NICETIM/,"https://akstatic.streetvoice.com/song_covers/NI/CE/NICETIM/FyWBq6LvMrwzYmAcZhwcbN.jpeg?x-oss-process=image/resize,m_fixed,h_1,w_1,limit_0/resize,m_fixed,h_630,w_1200,limit_0/watermark,image_c29uZ19jb3ZlcnMvTkkvQ0UvTklDRVRJTS9GeVdCcTZMdk1yd3pZbUFjWmh3Y2JOLmpwZWc_eC1vc3MtcHJvY2Vzcz1pbWFnZS9yZXNpemUsbV9maXhlZCxoXzM0NCx3XzM0NCxsaW1pdF8w,g_nw,x_428,y_143/watermark,image_YXNzZXQvaW1hZ2VzL21ldGFpbWFnZS1zb25nLnBuZw,g_nw,x_0,y_0",images/873392.jpeg,@NICETIM,音樂人,,,2022-02-24 18:05,13,190,7,,https://www.instagram.com/timgamestory,https://www.youtube.com/channel/UCGTVXYyeBAfNkAV0jhS1-5Q/featured,,,Hip hop / Rap,都市風雲兒,https://streetvoice.com/NICETIM/songs/album/97325857/,,,"It's a shiny day! 壞的球不接 Let it pass,ok 當我站定位 jumping miles away I will I will ... alley oops woo woo 二輪秀往巨星的道路 Kame Hame Ha 輕鬆用出經典的招數 let go 轉瞬間到你的背後 我化身無情的獵獸 是來自天外的獼猴 吃幾顆仙豆 dope! LEGO! 用積木拼出的bad boss 太惡霸出入不帶passport fake people can you get off? but chilrden I want some more 愛上夏天的風 特別爽 心情特別暢通 跟我的對家不同 看起來精神特別的哆嗦 聲音貼著beat 滑順的再翻個觔斗雲 我歌詞塞的密 時光屋是我的大型加速器 生在一個環海的小島 步調愜意的就像HAWAII 配上一點BABY VOICE 年近30還這麼的KAWAII OH NO! 被龜殼絆了一跤我差點要放棄 終究 讓我修好了這「臺」rap的機器 It's a shiny day! 壞的球不接 Let it pass,ok 當我站定位 jumping miles away I will I will ... alley oops woo woo 二輪秀往巨星的道路 Kame Hame Ha 輕鬆用出經典的招數 看起來吊兒啷噹但真的要選球鞋 I choose FILA! 一個人單槍匹馬對抗一整團的MAMMA MIA! cold in my vain 手打了冰晶卻有顆炙熱的心呀 like 轟焦凍 so我只需要讓我的母親開心啦 大齡新秀 My dreams come true 不多寫幾個hook我不滿足 拿幾瓶香檳來 我要倒滿整個swimming pool 變得富 未來的目標我現在看得更清楚 靠得住 I feel like 大同區的地基主 
It's a shiny day! 壞的球不接 Let it pass,ok 當我站定位 jumping miles away I will I will ... alley oops woo woo 二輪秀往巨星的道路 Kame Hame Ha 輕鬆用出經典的招數
let go 轉瞬間到你的背後 我化身無情的獵獸 是來自天外的獼猴 吃幾顆仙豆 dope! LEGO! 用積木拼出的bad boss 太惡霸出入不帶passport fake people can you get off? but chilrden I want some more
愛上夏天的風 特別爽 心情特別暢通 跟我的對家不同 看起來精神特別的哆嗦
聲音貼著beat 滑順的再翻個觔斗雲 我歌詞塞的密 時光屋是我的大型加速器
生在一個環海的小島 步調愜意的就像HAWAII 配上一點BABY VOICE 年近30還這麼的KAWAII OH NO! 被龜殼絆了一跤我差點要放棄 終究 讓我修好了這「臺」rap的機器
It's a shiny day! 壞的球不接 Let it pass,ok 當我站定位 jumping miles away I will I will ... alley oops woo woo 二輪秀往巨星的道路 Kame Hame Ha 輕鬆用出經典的招數
看起來吊兒啷噹但真的要選球鞋 I choose FILA! 一個人單槍匹馬對抗一整團的MAMMA MIA! cold in my vain 手打了冰晶卻有顆炙熱的心呀 like 轟焦凍 so我只需要讓我的母親開心啦
大齡新秀 My dreams come true 不多寫幾個hook我不滿足 拿幾瓶香檳來 我要倒滿整個swimming pool 變得富 未來的目標我現在看得更清楚 靠得住 I feel like 大同區的地基主
留言（ 0 ） 最相關留言 所有留言
留言（ 0 ）",2026-08-07,,編輯推薦,True,False,
2026-08-10 03:44:08,realtime,all,,,20,N!ceT!M,小鎮姑娘,3,172,1,https://streetvoice.com/NICETIM/songs/873393/,https://streetvoice.com/NICETIM/,"https://akstatic.streetvoice.com/song_covers/NI/CE/NICETIM/iUXQJxUeHsvJ7spSZatVs9.jpeg?x-oss-process=image/resize,m_fixed,h_1,w_1,limit_0/resize,m_fixed,h_630,w_1200,limit_0/watermark,image_c29uZ19jb3ZlcnMvTkkvQ0UvTklDRVRJTS9pVVhRSnhVZUhzdko3c3BTWmF0VnM5LmpwZWc_eC1vc3MtcHJvY2Vzcz1pbWFnZS9yZXNpemUsbV9maXhlZCxoXzM0NCx3XzM0NCxsaW1pdF8w,g_nw,x_428,y_143/watermark,image_YXNzZXQvaW1hZ2VzL21ldGFpbWFnZS1zb25nLnBuZw,g_nw,x_0,y_0",images/873393.jpeg,@NICETIM,音樂人,,,2022-02-24 18:05,13,190,7,,https://www.instagram.com/timgamestory,https://www.youtube.com/channel/UCGTVXYyeBAfNkAV0jhS1-5Q/featured,,,Hip hop / Rap,都市風雲兒,https://streetvoice.com/NICETIM/songs/album/97325857/,,,"說實在 到底哪兒殺出來的小鎮姑娘 那些都市的女孩通通顯得小肚雞腸 不算成功的大人確實很少suit&tie 妳說妳蠻不在乎只要讓妳feel right 我有點社會化了 但妳讀自然組 從來不斤斤計較捲起的愛火還在含吐 明明就庄腳來ㄟ 像在走香榭大道 謀督丟哩這款ㄟ 哇歸剛巄勒嘛嘛吼 I am so high so high 我把心弦調個音 讓我唱歌給妳聽 妳讓我感覺 so high so high 讓妳傷害我的心 我有點上了癮 真他媽有點上了癮 no way no way......oh yes I do no way no way......oh yes I do 以前愛出頭 現在喜歡看妳帥 「A Star is born」,you make me feel beauyt&wild 妳知道的那瞬間 當夜半我們一起聽fortnight I don't lie 我真的可以拒絕天音真比奈 本來想當個永遠的孩子開始想畫點大餅 yeah 扛起了可可亞西村頭上的草帽有點大頂 yeah you don't need to tell me nothing 幫妳蓋掉舊的tattoo 畫一些新的藍圖 來讓這遊戲調些難度 I am so high so high 我把心弦調個音 讓我唱歌給妳聽 妳讓我感覺 so high so high 讓妳傷害我的心 我有點上了癮 真他媽有點上了癮 no way no way......oh yes I do no way no way......oh yes I do no way no way......oh yes I do no way no way......oh yes I do 欸 不是啦 真的不行 我平常就沒在用那些東西啊 不是每個玩嘻哈的都會這樣好不好 不信你問我朋友 真的真的 不是不想陪你 好啦好啦 一次 就一次就一次 I am so high so high 我把心弦調個音 讓我唱歌給妳聽 妳讓我感覺 so high so high 讓妳傷害我的心 我有點上了癮 真他媽有點上了癮 no way no way......oh yes I do no way no way......oh yes I do no way no way......oh yes I do no way no way......oh yes I do 
說實在 到底哪兒殺出來的小鎮姑娘 那些都市的女孩通通顯得小肚雞腸 不算成功的大人確實很少suit&tie 妳說妳蠻不在乎只要讓妳feel right 我有點社會化了 但妳讀自然組 從來不斤斤計較捲起的愛火還在含吐 明明就庄腳來ㄟ 像在走香榭大道 謀督丟哩這款ㄟ 哇歸剛巄勒嘛嘛吼
I am so high so high 我把心弦調個音 讓我唱歌給妳聽 妳讓我感覺 so high so high 讓妳傷害我的心 我有點上了癮 真他媽有點上了癮
no way no way......oh yes I do no way no way......oh yes I do
以前愛出頭 現在喜歡看妳帥 「A Star is born」,you make me feel beauyt&wild 妳知道的那瞬間 當夜半我們一起聽fortnight I don't lie 我真的可以拒絕天音真比奈 本來想當個永遠的孩子開始想畫點大餅 yeah 扛起了可可亞西村頭上的草帽有點大頂 yeah you don't need to tell me nothing 幫妳蓋掉舊的tattoo 畫一些新的藍圖 來讓這遊戲調些難度
I am so high so high 我把心弦調個音 讓我唱歌給妳聽 妳讓我感覺 so high so high 讓妳傷害我的心 我有點上了癮 真他媽有點上了癮
no way no way......oh yes I do no way no way......oh yes I do no way no way......oh yes I do no way no way......oh yes I do
欸 不是啦 真的不行 我平常就沒在用那些東西啊 不是每個玩嘻哈的都會這樣好不好 不信你問我朋友 真的真的 不是不想陪你 好啦好啦 一次 就一次就一次
I am so high so high 我把心弦調個音 讓我唱歌給妳聽 妳讓我感覺 so high so high 讓妳傷害我的心 我有點上了癮 真他媽有點上了癮 no way no way......oh yes I do no way no way......oh yes I do no way no way......oh yes I do no way no way......oh yes I do
留言（ 1 ） 最相關留言 所有留言
留言（ 1 ）",2026-08-07,,編輯推薦,True,False,
2026-08-10 03:44:08,realtime,all,,,21,雷克非 Christopher R,An Existential Stalker,8,91,7,https://streetvoice.com/ChristopherR/songs/873598/,https://streetvoice.com/ChristopherR/,"https://akstatic.streetvoice.com/song_covers/Ch/ri/ChristopherR/Zp7JJdYQkf9qtcGQT5BUfV.jpeg?x-oss-process=image/resize,m_fixed,h_1,w_1,limit_0/resize,m_fixed,h_630,w_1200,limit_0/watermark,image_c29uZ19jb3ZlcnMvQ2gvcmkvQ2hyaXN0b3BoZXJSL1pwN0pKZFlRa2Y5cXRjR1FUNUJVZlYuanBlZz94LW9zcy1wcm9jZXNzPWltYWdlL3Jlc2l6ZSxtX2ZpeGVkLGhfMzQ0LHdfMzQ0LGxpbWl0XzA,g_nw,x_428,y_143/watermark,image_YXNzZXQvaW1hZ2VzL21ldGFpbWFnZS1zb25nLnBuZw,g_nw,x_0,y_0",images/873598.jpeg,@ChristopherR,音樂人,,,,53,50,157,,,https://www.youtube.com/user/StreetVoiceTV,,,Rock,抗憂鬱劑,https://streetvoice.com/ChristopherR/songs/album/97325612/,,"高劑量存在主義療程 
高劑量存在主義療程","Under the streetlamp, I've been showing up for years Same cracked sidewalk, same taxi hiss by the curb My shoes learn the weather, my hands learn the cold I count the buzz in the light like it's keeping score Every car that slows down makes me turn my head Every door down the block could be you instead I waited under that lamp through every season change Same cone of yellow, same old ache in my name I kept your side of the sidewalk like you'd still cut through I waited under that lamp and it waited there too The corner store closes before I'm ready to move I buy cheap coffee and let it go lukewarm The bus splashes water across my cuffs And the guy in the window keeps looking like us Every siren in the distance feels one step away Every face in the glass fades out the same way I waited under that lamp through every season change Same cone of yellow, same old ache in my name I kept your side of the sidewalk like you'd still cut through I waited under that lamp and it waited there too I stopped counting the weeks, then the months, then the years Left my fingerprints on the pole and the beer They swapped the bulb once I was there when they did Same light on my shoulders, same ghost I lived with I waited under that lamp through every season change Same cone of yellow, same old ache in my name I kept your side of the sidewalk like you'd still cut through I waited under that lamp and it waited there too I stood, I stood Under that lamp, under that lamp, under that lamp 
Under the streetlamp, I've been showing up for years Same cracked sidewalk, same taxi hiss by the curb My shoes learn the weather, my hands learn the cold I count the buzz in the light like it's keeping score Every car that slows down makes me turn my head Every door down the block could be you instead
I waited under that lamp through every season change Same cone of yellow, same old ache in my name I kept your side of the sidewalk like you'd still cut through I waited under that lamp and it waited there too
The corner store closes before I'm ready to move I buy cheap coffee and let it go lukewarm The bus splashes water across my cuffs And the guy in the window keeps looking like us Every siren in the distance feels one step away Every face in the glass fades out the same way
I waited under that lamp through every season change Same cone of yellow, same old ache in my name I kept your side of the sidewalk like you'd still cut through I waited under that lamp and it waited there too
I stopped counting the weeks, then the months, then the years Left my fingerprints on the pole and the beer They swapped the bulb once I was there when they did Same light on my shoulders, same ghost I lived with
I waited under that lamp through every season change Same cone of yellow, same old ache in my name I kept your side of the sidewalk like you'd still cut through I waited under that lamp and it waited there too
I stood, I stood Under that lamp, under that lamp, under that lamp
留言（ 7 ） 最相關留言 所有留言
留言（ 7 ）",2026-08-09,,AI 協作 Rock ・ 抗憂鬱劑,False,False,
2026-08-10 03:44:08,realtime,all,,,22,N!ceT!M,午夜之子,3,198,0,https://streetvoice.com/NICETIM/songs/873394/,https://streetvoice.com/NICETIM/,"https://akstatic.streetvoice.com/song_covers/NI/CE/NICETIM/KTvY6XAN4mCRG7jXdGWhcZ.jpeg?x-oss-process=image/resize,m_fixed,h_1,w_1,limit_0/resize,m_fixed,h_630,w_1200,limit_0/watermark,image_c29uZ19jb3ZlcnMvTkkvQ0UvTklDRVRJTS9LVHZZNlhBTjRtQ1JHN2pYZEdXaGNaLmpwZWc_eC1vc3MtcHJvY2Vzcz1pbWFnZS9yZXNpemUsbV9maXhlZCxoXzM0NCx3XzM0NCxsaW1pdF8w,g_nw,x_428,y_143/watermark,image_YXNzZXQvaW1hZ2VzL21ldGFpbWFnZS1zb25nLnBuZw,g_nw,x_0,y_0",images/873394.jpeg,@NICETIM,音樂人,,,2022-02-24 18:05,13,190,7,,https://www.instagram.com/timgamestory,https://www.youtube.com/channel/UCGTVXYyeBAfNkAV0jhS1-5Q/featured,,,Hip hop / Rap,都市風雲兒,https://streetvoice.com/NICETIM/songs/album/97325857/,,,"從來沒有在閒晃 為了環境為了我的kid 呆子繼續挑毛病吧 吹的油門起跳都是億 我的face就是密碼 解鎖用的key 讓 這段旅程變得fantasy 古今中外激賞 急著找我擊掌當我drive my car and I riding throw the city 欸 外型很骨感而我思想總是豐滿 大腦每天在打ping pong ball 這種壓力使我舒坦 把靈感存進撲滿 piggy吃滿換我來開動 一手拿刀 on my right 一手拿叉 on my left 兩手通通 hold your hands up 今天繫上你的背帶 沒在跟你going down 歌詞本又寫了五頁 這長篇故事我從副本寫到主線 從凌晨又一次寫到午夜 再到5.A.M 睡意沒出現 歌詞本又寫了五頁 這長篇故事我從副本寫到主線 從凌晨又一次寫到午夜 再到5.A.M 熬夜來主演 shake your body 寶島ㄟhollywood 明星 I am M.I.T so成群不搞mobbing yeah 車停哪裡 跟我押韻一樣隨意 躺廣場大廳哼 do re mi fa  so la si shake your body 寶島ㄟhollywood 明星 I am M.I.T so成群不搞mobbing yeah 車停哪裡 跟我押韻一樣隨意 躺廣場大廳哼 do re mi fa  so la si 真的O.M.G G-SHOCK在我身上像ROLEX RELAX就要play my song真的超級鬆 誰還他媽給我吸COCAINE 最愛那種富有挑戰性的 強化我的性能 少女看我發歌都要得心臟病 有人病發我要診斷我的病人 名牌寫著N!ceT!M嘴裡嚐著NICETEA whole life I will feel like king 動脈 send me energy 在外就算玩到瘋掉 go home 我要繼續 play my steam 打開專屬我的清單 每天都在頒獎一直敲冰磚 每天都要播放一點才會心安 我眉清目秀去掉那些腥羶 別再為了鳥事傷心 我會是你在這水泥鋼筋 遇過最新鮮的空氣 close your eyes 一起city camping 歌詞本又寫了五頁 這長篇故事我從副本寫到主線 從凌晨又一次寫到午夜 再到5.A.M 睡意沒出現 歌詞本又寫了五頁 這長篇故事我從副本寫到主線 從凌晨又一次寫到午夜 再到5.A.M 熬夜來主演 shake your body 寶島ㄟhollywood 明星 I am M.I.T so成群不搞mobbing yeah 車停哪裡 跟我押韻一樣隨意 躺廣場大廳哼 do re mi fa  so la si shake your body 寶島ㄟhollywood 明星 I am M.I.T so成群不搞mobbing yeah 車停哪裡 跟我押韻一樣隨意 躺廣場大廳哼 do re mi fa  so la si 
從來沒有在閒晃 為了環境為了我的kid 呆子繼續挑毛病吧 吹的油門起跳都是億
我的face就是密碼 解鎖用的key 讓 這段旅程變得fantasy 古今中外激賞 急著找我擊掌當我drive my car and I riding throw the city 欸
外型很骨感而我思想總是豐滿 大腦每天在打ping pong ball 這種壓力使我舒坦 把靈感存進撲滿 piggy吃滿換我來開動
一手拿刀 on my right 一手拿叉 on my left 兩手通通 hold your hands up 今天繫上你的背帶 沒在跟你going down
歌詞本又寫了五頁 這長篇故事我從副本寫到主線 從凌晨又一次寫到午夜 再到5.A.M 睡意沒出現
歌詞本又寫了五頁 這長篇故事我從副本寫到主線 從凌晨又一次寫到午夜 再到5.A.M 熬夜來主演
shake your body 寶島ㄟhollywood 明星 I am M.I.T so成群不搞mobbing yeah
車停哪裡 跟我押韻一樣隨意 躺廣場大廳哼 do re mi fa  so la si
shake your body 寶島ㄟhollywood 明星 I am M.I.T so成群不搞mobbing yeah
車停哪裡 跟我押韻一樣隨意 躺廣場大廳哼 do re mi fa  so la si
真的O.M.G G-SHOCK在我身上像ROLEX RELAX就要play my song真的超級鬆 誰還他媽給我吸COCAINE 最愛那種富有挑戰性的 強化我的性能 少女看我發歌都要得心臟病 有人病發我要診斷我的病人 名牌寫著N!ceT!M嘴裡嚐著NICETEA whole life I will feel like king 動脈 send me energy 在外就算玩到瘋掉 go home 我要繼續 play my steam
打開專屬我的清單 每天都在頒獎一直敲冰磚 每天都要播放一點才會心安 我眉清目秀去掉那些腥羶
別再為了鳥事傷心 我會是你在這水泥鋼筋 遇過最新鮮的空氣 close your eyes 一起city camping
歌詞本又寫了五頁 這長篇故事我從副本寫到主線 從凌晨又一次寫到午夜 再到5.A.M 睡意沒出現
歌詞本又寫了五頁 這長篇故事我從副本寫到主線 從凌晨又一次寫到午夜 再到5.A.M 熬夜來主演
shake your body 寶島ㄟhollywood 明星 I am M.I.T so成群不搞mobbing yeah
車停哪裡 跟我押韻一樣隨意 躺廣場大廳哼 do re mi fa  so la si
shake your body 寶島ㄟhollywood 明星 I am M.I.T so成群不搞mobbing yeah
車停哪裡 跟我押韻一樣隨意 躺廣場大廳哼 do re mi fa  so la si
留言（ 0 ） 最相關留言 所有留言
留言（ 0 ）",2026-08-07,,編輯推薦,True,False,
2026-08-10 03:44:08,realtime,all,,,23,22.5,再見再見,35,2857,6,https://streetvoice.com/22_5_2022/songs/871647/,https://streetvoice.com/22_5_2022/,"https://akstatic.streetvoice.com/song_covers/22/_5/22_5_2022/XpVKJQDKy42ibmdtyzWUsQ.jpeg?x-oss-process=image/resize,m_fixed,h_1,w_1,limit_0/resize,m_fixed,h_630,w_1200,limit_0/watermark,image_c29uZ19jb3ZlcnMvMjIvXzUvMjJfNV8yMDIyL1hwVktKUURLeTQyaWJtZHR5eldVc1EuanBlZz94LW9zcy1wcm9jZXNzPWltYWdlL3Jlc2l6ZSxtX2ZpeGVkLGhfMzQ0LHdfMzQ0LGxpbWl0XzA,g_nw,x_428,y_143/watermark,image_YXNzZXQvaW1hZ2VzL21ldGFpbWFnZS1zb25nLnBuZw,g_nw,x_0,y_0",images/871647.jpeg,@22_5_2022,音樂人,台中市,2022-11-01,2022-12-19 17:30,7,522,14,,https://www.instagram.com/22.5_band/,https://www.youtube.com/user/StreetVoiceTV,,,Folk,,,,"22.5〈再見再見〉 (The Days) 第一個再見，是道別； 第二個再見，是再次相見。 我們總以為自己忘記了。 直到再次相見，才發現那些故事一直都在， 只是安靜地留在心裡，等待某一天重新浮現。 — 〈再見再見〉由老王樂隊主唱 立長 擔任製作人，以「再見」同時代表告別與重逢的雙重意義為創作核心，寫下那些在人生路上漸漸走散的人，在某個瞬間再次相遇，讓停留已久的故事重新有了畫面。 再見，是收藏，不是遺忘。 — 製作名單Credits 製作人 Producer｜張立長 LiChang Chang 作詞 Lyricist｜王駿維 Will Wang 作曲 Composer｜王駿維 Will Wang 編曲 Arranger｜22.5 人聲 Vocal｜王駿維 Will Wang、李佳瑜 Jia Yu Lee 木吉他 Acoustic Guitars｜王駿維 Will Wang、李佳瑜Jia Yu Lee 爵士鼓 Drums｜林泓宇 Noi Lin 貝斯 Bass｜劉東昇 Charles Liu 打擊樂器 Percussion｜林泓宇 Noi Lin 和聲 Backing Vocals｜王涏諭 Tingyu Wang、江守禾 Jiang Shou He、林程安 ChengAnn Lin、侯涵溱 Hanchen Hou、徐藜方 Lifang Xu、胡秉昊 Hu Bing Hao、莊叡諭 Ruiyu Chuang、許子安 Ann Hsu、黃心麟 Hsinlin Huang、温得鈞 Dejun Wen、劉靜 Jing Liu、賴玉芬 Yufen Lai 和聲編寫 Backing Vocal Arrangement｜王駿維 Will Wang、張立長 LiChang Chang 管樂 Trumpet and Flugelhorn｜林佳穎 Leia Lin 管樂編曲Brass Arrangement｜林佳穎 Leia Lin、張立長 LiChang Chang、王駿維 Will Wang Mellotron編寫及錄製 Mellotron Arrangement and Recording｜一森 Eason Chou 錄音工程師 Recording Engineer｜一森 Eason Chou 鼓技師 Drum Tech｜馮會元 Feng Hui Yuan 混音師 Mixing Engineer｜一森 Eason Chou 母帶後期處理 Mastering Engineer｜Sterling Sound Will Quinnell 封面設計｜漆案 Chien 樂團經紀｜王雁苓 Annie Wang 
22.5〈再見再見〉 (The Days)
第一個再見，是道別； 第二個再見，是再次相見。
我們總以為自己忘記了。 直到再次相見，才發現那些故事一直都在， 只是安靜地留在心裡，等待某一天重新浮現。
—
〈再見再見〉由老王樂隊主唱 立長 擔任製作人，以「再見」同時代表告別與重逢的雙重意義為創作核心，寫下那些在人生路上漸漸走散的人，在某個瞬間再次相遇，讓停留已久的故事重新有了畫面。
再見，是收藏，不是遺忘。
— 製作名單Credits
製作人 Producer｜張立長 LiChang Chang 作詞 Lyricist｜王駿維 Will Wang 作曲 Composer｜王駿維 Will Wang 編曲 Arranger｜22.5
人聲 Vocal｜王駿維 Will Wang、李佳瑜 Jia Yu Lee 木吉他 Acoustic Guitars｜王駿維 Will Wang、李佳瑜Jia Yu Lee 爵士鼓 Drums｜林泓宇 Noi Lin 貝斯 Bass｜劉東昇 Charles Liu 打擊樂器 Percussion｜林泓宇 Noi Lin
和聲 Backing Vocals｜王涏諭 Tingyu Wang、江守禾 Jiang Shou He、林程安 ChengAnn Lin、侯涵溱 Hanchen Hou、徐藜方 Lifang Xu、胡秉昊 Hu Bing Hao、莊叡諭 Ruiyu Chuang、許子安 Ann Hsu、黃心麟 Hsinlin Huang、温得鈞 Dejun Wen、劉靜 Jing Liu、賴玉芬 Yufen Lai 和聲編寫 Backing Vocal Arrangement｜王駿維 Will Wang、張立長 LiChang Chang
管樂 Trumpet and Flugelhorn｜林佳穎 Leia Lin 管樂編曲Brass Arrangement｜林佳穎 Leia Lin、張立長 LiChang Chang、王駿維 Will Wang Mellotron編寫及錄製 Mellotron Arrangement and Recording｜一森 Eason Chou
錄音工程師 Recording Engineer｜一森 Eason Chou 鼓技師 Drum Tech｜馮會元 Feng Hui Yuan 混音師 Mixing Engineer｜一森 Eason Chou 母帶後期處理 Mastering Engineer｜Sterling Sound Will Quinnell
封面設計｜漆案 Chien 樂團經紀｜王雁苓 Annie Wang","有些時候呢 我會忘記 故事的情節 即便用盡所有力氣 有些時候呢 我會想起 有你的畫面 即便模糊到不堪一擊 再見，再見 年輪又多了幾圈 想念卻像是不曾蔓延 再見，再見 等情節續寫到面前 故事才又有了畫面 有些時候呢 我會忘記 我們故事的情節 即便用盡所有力氣 有些時候呢 我會想起 某些有你的畫面 即便模糊到不堪一擊 再見，再見 時光又走了多遠 身邊的人啊 換了一遍又一遍 再見，再見 等章節續寫到面前 彼此又回到相視而笑的起點 再見，再見 再見是收藏 不是遺忘 
有些時候呢 我會忘記 故事的情節 即便用盡所有力氣
有些時候呢 我會想起 有你的畫面 即便模糊到不堪一擊
再見，再見 年輪又多了幾圈 想念卻像是不曾蔓延
再見，再見 等情節續寫到面前 故事才又有了畫面
有些時候呢 我會忘記 我們故事的情節 即便用盡所有力氣
有些時候呢 我會想起 某些有你的畫面 即便模糊到不堪一擊
再見，再見 時光又走了多遠
身邊的人啊 換了一遍又一遍
再見，再見 等章節續寫到面前 彼此又回到相視而笑的起點
再見，再見 再見是收藏 不是遺忘
留言（ 6 ） 最相關留言 所有留言
留言（ 6 ）",2026-08-03,,編輯推薦,True,False,
2026-08-10 03:44:08,realtime,all,,,24,JOYCE 就以斯,Julia,6,206,2,https://streetvoice.com/joyce_ch0627/songs/872269/,https://streetvoice.com/joyce_ch0627/,"https://akstatic.streetvoice.com/song_covers/jo/yc/joyce_ch0627/5cgnRgJmsPYHewLYE5Rixa.jpeg?x-oss-process=image/resize,m_fixed,h_1,w_1,limit_0/resize,m_fixed,h_630,w_1200,limit_0/watermark,image_c29uZ19jb3ZlcnMvam8veWMvam95Y2VfY2gwNjI3LzVjZ25SZ0ptc1BZSGV3TFlFNVJpeGEuanBlZz94LW9zcy1wcm9jZXNzPWltYWdlL3Jlc2l6ZSxtX2ZpeGVkLGhfMzQ0LHdfMzQ0LGxpbWl0XzA,g_nw,x_428,y_143/watermark,image_YXNzZXQvaW1hZ2VzL21ldGFpbWFnZS1zb25nLnBuZw,g_nw,x_0,y_0",images/872269.jpeg,@joyce_ch0627,音樂人,,,2024-02-15 09:40,7,4277,21,,https://www.instagram.com/joyce.ch0627/,https://www.youtube.com/@joycehub,【金曲37】2026 GMA金曲國際音樂節揭幕 陳嫺靜、JOYCE 就以斯等新人獎入圍者登台演出|||https://blow.streetvoice.com/88454/?utm_source=streetvoice&utm_medium=profile-news-block; JOYCE就以斯推出新歌〈Julia〉揭開塵封四年異國情書|||https://blow.streetvoice.com/89250/?utm_source=streetvoice&utm_medium=profile-news-block; JOYCE就以斯首場海外專場完售 將「吉他復興運動」唱進校園|||https://blow.streetvoice.com/88406/?utm_source=streetvoice&utm_medium=profile-news-block,,R&B / Soul,,,,"積存的心意傾瀉而出，重拾靈感的自由和解脫，一時之間無法用文字形容，索性用些溫柔的和弦和零散的記憶，夢境似的描述一段在義大利的邂逅——威尼斯的夜晚、維洛納的清晨，還有一封留在床邊的信。 
積存的心意傾瀉而出，重拾靈感的自由和解脫，一時之間無法用文字形容，索性用些溫柔的和弦和零散的記憶，夢境似的描述一段在義大利的邂逅——威尼斯的夜晚、維洛納的清晨，還有一封留在床邊的信。","Oh it’s 4 am in the morning I’m writing something cute but also corny Words can’t describe all my feelings correctly cus I skipped my college and now I feel sorry yeah Now I’m blushing really hard Thank god the light in the room was dark Should I tell her or should I not, I I’m singing in a fine bar Venice with my guitar I swear that I’ll be patient But I might have just start falling for ya Julia, I had a crush on you since the first time I saw you I’m singing in a fine bar Venice with my guitar Saw lovers making out and I can’t stop myself from thinking of ya Julia I hope you’ll like this song cus I wrote it just for ya Now I’m blushing really hard We’re strolling down the boulevard Star is shining through the dark I’m singing in a fine bar Venice with my guitar I swear that I’ll be patient but I might have just start falling for ya Julia, I had a crush on you since the first time I saw you I’m singing in a fine bar Venice with my guitar Saw lovers making out and I can’t stop myself from thinking of ya Julia, I had a crush on you since the first time I saw you I’m singing in a fine bar Venice with my guitar Called my friends and tell them I met an angel near Verona Julia if you’re feeling down Let me sing a song for ya I left a letter on your sheets You’ll wake up and noticed it Maybe then I’ll buy you a drink Have breakfast, talk about everything In the middle of the album There’s a song called Julia who I met in Italy Now I can’t wait for Julia to hear her song 
Oh it’s 4 am in the morning I’m writing something cute but also corny Words can’t describe all my feelings correctly cus I skipped my college and now I feel sorry yeah
Now I’m blushing really hard Thank god the light in the room was dark Should I tell her or should I not, I
I’m singing in a fine bar Venice with my guitar I swear that I’ll be patient But I might have just start falling for ya Julia, I had a crush on you since the first time I saw you
I’m singing in a fine bar Venice with my guitar Saw lovers making out and I can’t stop myself from thinking of ya Julia I hope you’ll like this song cus I wrote it just for ya
Now I’m blushing really hard We’re strolling down the boulevard Star is shining through the dark
I’m singing in a fine bar Venice with my guitar I swear that I’ll be patient but I might have just start falling for ya Julia, I had a crush on you since the first time I saw you
I’m singing in a fine bar Venice with my guitar Saw lovers making out and I can’t stop myself from thinking of ya Julia, I had a crush on you since the first time I saw you
I’m singing in a fine bar Venice with my guitar Called my friends and tell them I met an angel near Verona Julia if you’re feeling down Let me sing a song for ya
I left a letter on your sheets You’ll wake up and noticed it Maybe then I’ll buy you a drink Have breakfast, talk about everything In the middle of the album There’s a song called Julia who I met in Italy Now I can’t wait for Julia to hear her song
留言（ 2 ） 最相關留言 所有留言
留言（ 2 ）",2026-07-31,,編輯推薦,True,False,
2026-08-10 03:44:08,realtime,all,,,25,雷克非 Christopher R,Waited Under A Streetlamp,5,72,3,https://streetvoice.com/ChristopherR/songs/873600/,https://streetvoice.com/ChristopherR/,"https://akstatic.streetvoice.com/song_covers/Ch/ri/ChristopherR/7CHALHDuRqgHevPB4J39Sb.jpeg?x-oss-process=image/resize,m_fixed,h_1,w_1,limit_0/resize,m_fixed,h_630,w_1200,limit_0/watermark,image_c29uZ19jb3ZlcnMvQ2gvcmkvQ2hyaXN0b3BoZXJSLzdDSEFMSER1UnFnSGV2UEI0SjM5U2IuanBlZz94LW9zcy1wcm9jZXNzPWltYWdlL3Jlc2l6ZSxtX2ZpeGVkLGhfMzQ0LHdfMzQ0LGxpbWl0XzA,g_nw,x_428,y_143/watermark,image_YXNzZXQvaW1hZ2VzL21ldGFpbWFnZS1zb25nLnBuZw,g_nw,x_0,y_0",images/873600.jpeg,@ChristopherR,音樂人,,,,53,50,157,,,https://www.youtube.com/user/StreetVoiceTV,,,R&B / Soul,抗憂鬱劑,https://streetvoice.com/ChristopherR/songs/album/97325612/,李敏哲,"敏哲詮釋的 An Existential Stalker 
敏哲詮釋的 An Existential Stalker","I waited under that lamp Through every season change Same cone of yellow Same old ache in my name Under the streetlamp I've been showing up for years Same cracked sidewalk Same taxi hiss by the curb My shoes learned the weather My hands learned the cold I count the buzz in the light Like it's keeping score Every car that slows down Makes me turn my head Every door down the block Could be you instead I waited under that lamp Through every season change Same cone of yellow Same old ache in my name I kept your side of the sidewalk Like you'd still cut through I waited under that lamp And it waited there too The corner store closes Before I'm ready to move I buy cheap coffee And let it go lukewarm The bus splashes water Across my cuffs And the guy in the window Keeps looking like us Every siren in the distance Feels one step away Every face in the glass Fades out the same way I waited under that lamp Through every season change Same cone of yellow Same old ache in my name I stopped counting the weeks Then the months, then the years Left my fingerprints On the pole and the beer They swapped the bulb once I was there when they did Same light on my shoulders Same ghost I lived with I waited under that lamp Through every season change Same cone of yellow Same old ache in my name Ooh, I stood Ooh, I stood Under that lamp Under that lamp 
I waited under that lamp Through every season change Same cone of yellow Same old ache in my name
Under the streetlamp I've been showing up for years Same cracked sidewalk Same taxi hiss by the curb My shoes learned the weather My hands learned the cold I count the buzz in the light Like it's keeping score
Every car that slows down Makes me turn my head Every door down the block Could be you instead
I waited under that lamp Through every season change Same cone of yellow Same old ache in my name I kept your side of the sidewalk Like you'd still cut through I waited under that lamp And it waited there too
The corner store closes Before I'm ready to move I buy cheap coffee And let it go lukewarm The bus splashes water Across my cuffs And the guy in the window Keeps looking like us
Every siren in the distance Feels one step away Every face in the glass Fades out the same way
I waited under that lamp Through every season change Same cone of yellow Same old ache in my name
I stopped counting the weeks Then the months, then the years Left my fingerprints On the pole and the beer They swapped the bulb once I was there when they did Same light on my shoulders Same ghost I lived with
I waited under that lamp Through every season change Same cone of yellow Same old ache in my name
Ooh, I stood Ooh, I stood Under that lamp Under that lamp
留言（ 3 ） 最相關留言 所有留言
留言（ 3 ）",2026-08-09,,AI 協作 R&B / Soul ・ 抗憂鬱劑,False,False,
2026-08-10 03:44:08,realtime,all,,,26,ほしくず_褲子,人間煉獄,5,158,3,https://streetvoice.com/twilight_heart_1s7/songs/873541/,https://streetvoice.com/twilight_heart_1s7/,"https://akstatic.streetvoice.com/song_covers/tw/il/twilight_heart_1s7/RBapStiCgBeqkErVBTP9Hk.jpg?x-oss-process=image/resize,m_fixed,h_1,w_1,limit_0/resize,m_fixed,h_630,w_1200,limit_0/watermark,image_c29uZ19jb3ZlcnMvdHcvaWwvdHdpbGlnaHRfaGVhcnRfMXM3L1JCYXBTdGlDZ0JlcWtFclZCVFA5SGsuanBnP3gtb3NzLXByb2Nlc3M9aW1hZ2UvcmVzaXplLG1fZml4ZWQsaF8zNDQsd18zNDQsbGltaXRfMA,g_nw,x_428,y_143/watermark,image_YXNzZXQvaW1hZ2VzL21ldGFpbWFnZS1zb25nLnBuZw,g_nw,x_0,y_0",images/873541.jpg,@twilight_heart_1s7,音樂人,台中市,2025-11-01,,11,28,15,,,https://www.youtube.com/user/StreetVoiceTV,,,Hip hop / Rap,,,,"神說要有人 所以造了整片煉獄。 - 人間煉獄 全製作 享受 
神說要有人 所以造了整片煉獄。 - 人間煉獄 全製作 享受","因果 輪迴 無關 錯對 因果 輪迴 無關 錯對 惡果 惡果 地獄 天國 惡果 惡果 地獄 天國 光在曝曬 擁抱你的罪過 Satan still alive 不可逆的惡果 惡果 惡果 地獄 天國 惡果 惡果 地獄 天國 I’m going to hell Let heaven bleed No one can leave There’s no mercy 殺光了天堂才掉到地獄 哪有什麼牽掛就一條爛命 I don’t give a shit about誰的苦難還在繼續 只顧著打開了地府的門 歡迎 光臨 這場 逃殺 遊戲 精心 為你 揭露著骯髒的人性 吞吐著虛偽的文明 誤判了誰的身影 他拿起刀首先被切斷的是神經 揭露著骯髒的人性 吞吐著虛偽的文明 誤判了誰的身影 染黑了誰的心靈 惡果 惡果 地獄 天國 惡果 惡果 地獄 天國 光在曝曬 擁抱你的罪過 Satan still alive 不可逆的惡果 惡果 惡果 地獄 天國 惡果 惡果 地獄 天國 I’m going to hell Let heaven bleed No one can leave There’s no mercy There’s no mercy 人間煉獄 Satan is coming 人間煉獄 No one can leave 人間煉獄 Let heaven bleed 人間煉獄 揭露著骯髒的人性 吞吐著虛偽的文明 誤判了誰的身影 他拿起刀首先被切斷的是神經 揭露著骯髒的人性 吞吐著虛偽的文明 誤判了誰的身影 染黑了誰的心靈 
因果 輪迴 無關 錯對 因果 輪迴 無關 錯對
惡果 惡果 地獄 天國 惡果 惡果 地獄 天國 光在曝曬 擁抱你的罪過 Satan still alive 不可逆的惡果 惡果 惡果 地獄 天國 惡果 惡果 地獄 天國 I’m going to hell Let heaven bleed No one can leave There’s no mercy
殺光了天堂才掉到地獄 哪有什麼牽掛就一條爛命 I don’t give a shit about誰的苦難還在繼續 只顧著打開了地府的門 歡迎 光臨 這場 逃殺 遊戲 精心 為你 揭露著骯髒的人性 吞吐著虛偽的文明 誤判了誰的身影 他拿起刀首先被切斷的是神經 揭露著骯髒的人性 吞吐著虛偽的文明 誤判了誰的身影 染黑了誰的心靈
惡果 惡果 地獄 天國 惡果 惡果 地獄 天國 光在曝曬 擁抱你的罪過 Satan still alive 不可逆的惡果 惡果 惡果 地獄 天國 惡果 惡果 地獄 天國 I’m going to hell Let heaven bleed No one can leave There’s no mercy
There’s no mercy 人間煉獄 Satan is coming 人間煉獄 No one can leave 人間煉獄 Let heaven bleed 人間煉獄
揭露著骯髒的人性 吞吐著虛偽的文明 誤判了誰的身影 他拿起刀首先被切斷的是神經 揭露著骯髒的人性 吞吐著虛偽的文明 誤判了誰的身影 染黑了誰的心靈
留言（ 3 ） 最相關留言 所有留言
留言（ 3 ）",2026-08-08,,,False,False,
2026-08-10 03:44:08,realtime,all,,,27,劉修齊,深夜的胡思亂想 demo,133,10400,24,https://streetvoice.com/MatthewLiu/songs/870099/,https://streetvoice.com/MatthewLiu/,"https://akstatic.streetvoice.com/song_covers/Ma/tt/MatthewLiu/ffF2m9xA4aeErySjPCqDcz.jpeg?x-oss-process=image/resize,m_fixed,h_1,w_1,limit_0/resize,m_fixed,h_630,w_1200,limit_0/watermark,image_c29uZ19jb3ZlcnMvTWEvdHQvTWF0dGhld0xpdS9mZkYybTl4QTRhZUVyeVNqUENxRGN6LmpwZWc_eC1vc3MtcHJvY2Vzcz1pbWFnZS9yZXNpemUsbV9maXhlZCxoXzM0NCx3XzM0NCxsaW1pdF8w,g_nw,x_428,y_143/watermark,image_YXNzZXQvaW1hZ2VzL21ldGFpbWFnZS1zb25nLnBuZw,g_nw,x_0,y_0",images/870099.jpeg,@MatthewLiu,音樂人,,,2026-08-04 16:48,2,478,,https://www.facebook.com/share/19GGoV6fp5/?mibextid=wwXIfr,https://www.instagram.com/hsiuchichi/,https://www.youtube.com/@m920333333,【週五看MV】體熊專科邀鄭宇辰、劉修齊和四分衛阿山客串演出懸疑MV 18禁劇情請斟酌觀賞|||https://blow.streetvoice.com/52826/?utm_source=streetvoice&utm_medium=profile-news-block; 【吹專訪】帶著滑交友軟體的心情來，不用太認真交往——策展人官靖剛談秋OUT：我想辦一個「不熱血」的台北音樂節|||https://blow.streetvoice.com/83078/?utm_source=streetvoice&utm_medium=profile-news-block; 第三屆火球祭圓滿落幕 滅火器無預警邀細美武士合唱ELLEGARDEN〈Make A Wish〉|||https://blow.streetvoice.com/70928/?utm_source=streetvoice&utm_medium=profile-news-block,,Pop,,,,"成立美秀之前與李威、狗柏一起表演過的創作 
成立美秀之前與李威、狗柏一起表演過的創作","深夜的胡思亂想 一個人 走出門 在深夜散步沈澱想法 談不上悲傷但也不快樂 像快要下雨的清晨 已經走 多遠了 想找尋避風港的小船 那些愛的恨的猜不透的 逝去了找不到解答 陪寂寞呼吸著回憶的殘響 纏繞在胸口情緒緊繃迴盪 只是深夜的胡思亂想 沒有你的世界好孤單 沒有你的世界好孤單 沒有你的世界好孤單 簡簡單單 就再次癲狂 眼淚落下帶不走我的崩塌 也許世界已經無法承載我 也許我無法承載悲傷 陪寂寞呼吸著回憶的殘響 纏繞在胸口情緒緊繃迴盪 只是深夜的胡思亂想 沒有你的世界好孤單 沒有你的世界好孤單 沒有你的世界 
深夜的胡思亂想
一個人 走出門 在深夜散步沈澱想法 談不上悲傷但也不快樂 像快要下雨的清晨
已經走 多遠了 想找尋避風港的小船 那些愛的恨的猜不透的 逝去了找不到解答
陪寂寞呼吸著回憶的殘響 纏繞在胸口情緒緊繃迴盪 只是深夜的胡思亂想 沒有你的世界好孤單 沒有你的世界好孤單 沒有你的世界好孤單
簡簡單單 就再次癲狂 眼淚落下帶不走我的崩塌 也許世界已經無法承載我 也許我無法承載悲傷
陪寂寞呼吸著回憶的殘響 纏繞在胸口情緒緊繃迴盪 只是深夜的胡思亂想 沒有你的世界好孤單 沒有你的世界好孤單 沒有你的世界
留言（ 24 ） 最相關留言 所有留言
留言（ 24 ）",2026-07-19,,Song of the Day; 編輯推薦,True,True,
2026-08-10 03:44:08,realtime,all,,,28,Yo Chen,我的人生,3,106,0,https://streetvoice.com/s8817012011/songs/873300/,https://streetvoice.com/s8817012011/,"https://akstatic.streetvoice.com/song_covers/s8/81/s8817012011/Vx6zQKG9Jautet7mAaYKUY.jpeg?x-oss-process=image/resize,m_fixed,h_1,w_1,limit_0/resize,m_fixed,h_630,w_1200,limit_0/watermark,image_c29uZ19jb3ZlcnMvczgvODEvczg4MTcwMTIwMTEvVng2elFLRzlKYXV0ZXQ3bUFhWUtVWS5qcGVnP3gtb3NzLXByb2Nlc3M9aW1hZ2UvcmVzaXplLG1fZml4ZWQsaF8zNDQsd18zNDQsbGltaXRfMA,g_nw,x_428,y_143/watermark,image_YXNzZXQvaW1hZ2VzL21ldGFpbWFnZS1zb25nLnBuZw,g_nw,x_0,y_0",images/873300.jpeg,@s8817012011,音樂人,台北市,2011-12-01,2021-09-27 15:35,33,347,7,https://www.facebook.com/theMetalspeaker,https://www.instagram.com/_yochen/,https://www.youtube.com/@yochen3590,香港樂團 Another Kitchen 首張專輯《Do What You Love》發表音樂會|||https://blow.streetvoice.com/8395/?utm_source=streetvoice&utm_medium=profile-news-block; 2026浪人祭公布新一波陣容：國蛋重返家鄉開唱、日本樂團OGRE YOU ASSHOLE首登安平|||https://blow.streetvoice.com/89363/?utm_source=streetvoice&utm_medium=profile-news-block; 「PARK PARK@Tokyo」把現在的台灣音樂帶到東京！鄭宜農、陳珊妮、生祥樂隊、YELLOW黃宣、LÜCY接力登上東京舞台|||https://blow.streetvoice.com/87721/?utm_source=streetvoice&utm_medium=profile-news-block,,Folk,我的人生 Master of None,https://streetvoice.com/s8817012011/songs/album/97325613/,,"帶著明亮的班鳩琴與輕快節奏， 唱出最苦澀的問題。 「為什麼我的人生，會變得按呢生？」 那不是在埋怨，而是帶著笑容的無奈。 羨慕別人，是最傻的事情；可是看著別人的歌被聽見、被人看見，心裡還是會忍不住問： 為什麼不是我？ 在吵鬧、混亂的夜晚，有多少人真正理解過，藏在心底那一點微弱的希望。 
帶著明亮的班鳩琴與輕快節奏， 唱出最苦澀的問題。
「為什麼我的人生，會變得按呢生？」
那不是在埋怨，而是帶著笑容的無奈。
羨慕別人，是最傻的事情；可是看著別人的歌被聽見、被人看見，心裡還是會忍不住問：
為什麼不是我？
在吵鬧、混亂的夜晚，有多少人真正理解過，藏在心底那一點微弱的希望。","我唔災我金罵治叨位 愈做什麼 愈衝什麼 攏無意義 欣羨別人是尚傻的代治 但我沒勇氣 準備好面對  就乎伊去 又戈是吵吵鬧鬧混亂的暗暝 有啥人肯了解我心內的希微 為什麼我的人生 會變得安內生 為什麼我的青春 攏已經不再回 阿～～～ 無法解釋 為什麼他的歌 欸凍吼人看見 為什麼我的日子 變嘎家無趣味 阿～～～ 想欲放棄 我唔災我金罵治叨位 愈做什麼 愈衝什麼 攏無意義 欣羨別人是尚傻的代治 但我沒勇氣 準備好面對  就乎伊去 又戈是吵吵鬧鬧混亂的暗暝 有啥人肯了解我心內的希微 為什麼我的人生 會變得安內生 為什麼我的青春 攏已經不再回 阿～～～ 無法解釋 為什麼他的歌 欸凍吼人看見 為什麼我的日子 變嘎家無趣味 阿～～～ 想欲放棄 又戈是吵吵鬧鬧混亂的暗暝 有啥人肯了解我心內的希微 
我唔災我金罵治叨位 愈做什麼 愈衝什麼 攏無意義 欣羨別人是尚傻的代治 但我沒勇氣 準備好面對  就乎伊去
又戈是吵吵鬧鬧混亂的暗暝 有啥人肯了解我心內的希微
為什麼我的人生 會變得安內生 為什麼我的青春 攏已經不再回 阿～～～ 無法解釋
為什麼他的歌 欸凍吼人看見 為什麼我的日子 變嘎家無趣味 阿～～～ 想欲放棄
我唔災我金罵治叨位 愈做什麼 愈衝什麼 攏無意義 欣羨別人是尚傻的代治 但我沒勇氣 準備好面對  就乎伊去
又戈是吵吵鬧鬧混亂的暗暝 有啥人肯了解我心內的希微
為什麼我的人生 會變得安內生 為什麼我的青春 攏已經不再回 阿～～～ 無法解釋
為什麼他的歌 欸凍吼人看見 為什麼我的日子 變嘎家無趣味 阿～～～ 想欲放棄
又戈是吵吵鬧鬧混亂的暗暝 有啥人肯了解我心內的希微
留言（ 0 ） 最相關留言 所有留言
留言（ 0 ）",2026-08-06,,編輯推薦,True,False,
2026-08-10 03:44:08,realtime,all,,,29,保溫,大人demo,12,1115,3,https://streetvoice.com/baowen_123/songs/873010/,https://streetvoice.com/baowen_123/,"https://akstatic.streetvoice.com/song_covers/cr/im/crimson_bar_j68/Rc7CRvCM7S7FsW5NvpTF6A.jpeg?x-oss-process=image/resize,m_fixed,h_1,w_1,limit_0/resize,m_fixed,h_630,w_1200,limit_0/watermark,image_c29uZ19jb3ZlcnMvY3IvaW0vY3JpbXNvbl9iYXJfajY4L1JjN0NSdkNNN1M3RnNXNU52cFRGNkEuanBlZz94LW9zcy1wcm9jZXNzPWltYWdlL3Jlc2l6ZSxtX2ZpeGVkLGhfMzQ0LHdfMzQ0LGxpbWl0XzA,g_nw,x_428,y_143/watermark,image_YXNzZXQvaW1hZ2VzL21ldGFpbWFnZS1zb25nLnBuZw,g_nw,x_0,y_0",images/873010.jpeg,@baowen_123,音樂人,,,,4,14,11,,,https://www.youtube.com/user/StreetVoiceTV,Organik Festival有機音樂祭4/26連續三天晝夜不間斷！首度與亞洲各地電子音樂場景跨海合作|||https://blow.streetvoice.com/73062/?utm_source=streetvoice&utm_medium=profile-news-block; 「Legacy mini@好丘」世界地球日開幕 法蘭、淺堤開唱推廣綠色生活|||https://blow.streetvoice.com/54447/?utm_source=streetvoice&utm_medium=profile-news-block; Mary See the Future《musickness》巡演最終站將唱進台大體育館|||https://blow.streetvoice.com/47639/?utm_source=streetvoice&utm_medium=profile-news-block,,Hip hop / Rap,WE DONT KNOW,https://streetvoice.com/baowen_123/songs/album/97325866/,,"這首是寫給我2019年突發中風的媽媽 即便太多無奈 也可以交給時間 也算是這些年的歷程總結 期間我也從一個國小小孩變成了一個成年人 
這首是寫給我2019年突發中風的媽媽 即便太多無奈 也可以交給時間 也算是這些年的歷程總結 期間我也從一個國小小孩變成了一個成年人","動態歌詞
当我回到零八年的天气依然炙热 阳光洒在我的脸上,眼泪看得非常清楚 叮嘱着我出门的时候要看清车辆 辛苦的爸妈却没把关心放在自己身上 曾经的我不能理解为什么他们那么多话 当我放学回家,不耐烦地把书包丢在桌上 爸妈看着我的背影,我急躁地走入房间 幫我煮了晚餐,我卻沒吃擺在書桌旁邊 19年十二月的下午,我收到了一通電話 媽媽生了重病,讓我的心態產生變化 感受到的是時間快速地向我奔離 變得不是更加乖巧,而是更加珍惜 媽媽,你能看到我嗎? 你曾經種下的種子現在也開出了花 ,在這冰冷的冬天讓我來保護你吧 不用擔心,我會用我的方式孝順你啊 媽媽,你能看到我嗎? 你曾經種下的種子現在也開出了花 在這冰冷的冬天讓我來保護你吧 不用擔心,我會用我的方式孝順你啊 曾經我們都是那些做錯事的小孩 口中全是不堪入耳傷人的謊話 或许某天我会成为心中所讨厌的大人 或许某天我会被世界逼迫着长大 曾經我們都是那些做錯事的小孩 口中全是不堪入耳傷人的謊話 或许某天我会成为心中所讨厌的大人 或许某天我会被世界逼迫着长大 I don't know why,我的未来不想开起重机 我想要带着我的妈妈一起搬到市中心 碰巧听到了这个音乐,开始喜欢上了它 开始进入圈子,赚到一些流量 当个rapper。我想要当rapper们里的star 对着我害怕的人说我不敢说的那些话,当个rapper 我想要当rapper里面的star 我的梦想就是不想再让父母有牵挂 媽媽,你能看到我嗎? 你曾經種下的種子現在也開出了花 在這冰冷的冬天讓我來保護你吧 不用擔心,我會用我的方式孝順你啊 媽媽,你能看到我嗎? 你曾經種下的種子現在也開出了花 在這冰冷的冬天讓我來保護你吧 不用擔心,我會用我的方式孝順你啊 
当我回到零八年的天气依然炙热 阳光洒在我的脸上,眼泪看得非常清楚 叮嘱着我出门的时候要看清车辆 辛苦的爸妈却没把关心放在自己身上 曾经的我不能理解为什么他们那么多话 当我放学回家,不耐烦地把书包丢在桌上 爸妈看着我的背影,我急躁地走入房间 幫我煮了晚餐,我卻沒吃擺在書桌旁邊 19年十二月的下午,我收到了一通電話 媽媽生了重病,讓我的心態產生變化 感受到的是時間快速地向我奔離 變得不是更加乖巧,而是更加珍惜 媽媽,你能看到我嗎? 你曾經種下的種子現在也開出了花 ,在這冰冷的冬天讓我來保護你吧 不用擔心,我會用我的方式孝順你啊 媽媽,你能看到我嗎? 你曾經種下的種子現在也開出了花 在這冰冷的冬天讓我來保護你吧 不用擔心,我會用我的方式孝順你啊 曾經我們都是那些做錯事的小孩 口中全是不堪入耳傷人的謊話 或许某天我会成为心中所讨厌的大人 或许某天我会被世界逼迫着长大 曾經我們都是那些做錯事的小孩 口中全是不堪入耳傷人的謊話 或许某天我会成为心中所讨厌的大人 或许某天我会被世界逼迫着长大 I don't know why,我的未来不想开起重机 我想要带着我的妈妈一起搬到市中心 碰巧听到了这个音乐,开始喜欢上了它 开始进入圈子,赚到一些流量 当个rapper。我想要当rapper们里的star 对着我害怕的人说我不敢说的那些话,当个rapper 我想要当rapper里面的star 我的梦想就是不想再让父母有牵挂 媽媽,你能看到我嗎? 你曾經種下的種子現在也開出了花 在這冰冷的冬天讓我來保護你吧 不用擔心,我會用我的方式孝順你啊 媽媽,你能看到我嗎? 你曾經種下的種子現在也開出了花 在這冰冷的冬天讓我來保護你吧 不用擔心,我會用我的方式孝順你啊
留言（ 3 ） 最相關留言 所有留言
留言（ 3 ）",2026-08-05,,,False,False,
2026-08-10 03:44:08,realtime,all,,,30,李敏哲,Jungle Kalimba,9,209,14,https://streetvoice.com/minzer_c_lee/songs/873307/,https://streetvoice.com/minzer_c_lee/,"https://akstatic.streetvoice.com/song_covers/mi/nz/minzer_c_lee/KLbV87kqqt7i6RAWSVs78E.jpeg?x-oss-process=image/resize,m_fixed,h_1,w_1,limit_0/resize,m_fixed,h_630,w_1200,limit_0/watermark,image_c29uZ19jb3ZlcnMvbWkvbnovbWluemVyX2NfbGVlL0tMYlY4N2txcXQ3aTZSQVdTVnM3OEUuanBlZz94LW9zcy1wcm9jZXNzPWltYWdlL3Jlc2l6ZSxtX2ZpeGVkLGhfMzQ0LHdfMzQ0LGxpbWl0XzA,g_nw,x_428,y_143/watermark,image_YXNzZXQvaW1hZ2VzL21ldGFpbWFnZS1zb25nLnBuZw,g_nw,x_0,y_0",images/873307.jpeg,@minzer_c_lee,音樂人,,,,14,27,40,,,https://www.youtube.com/user/StreetVoiceTV,,,World,,,,"A delightful jungle trip 
A delightful jungle trip","這是沒有提供歌詞的歌曲
留言（ 14 ） 最相關留言 所有留言
留言（ 14 ）",2026-08-07,,AI 協作 World,False,False,
2026-08-10 03:44:08,realtime,all,,,31,Leyi D,DIT,4,73,3,https://streetvoice.com/bellebearrrrrr/songs/873592/,https://streetvoice.com/bellebearrrrrr/,"https://akstatic.streetvoice.com/song_covers/be/ll/bellebearrrrrr/Aev7LfeEXZSNmdTW2sckkZ.jpeg?x-oss-process=image/resize,m_fixed,h_1,w_1,limit_0/resize,m_fixed,h_630,w_1200,limit_0/watermark,image_c29uZ19jb3ZlcnMvYmUvbGwvYmVsbGViZWFycnJycnIvQWV2N0xmZUVYWlNObWRUVzJzY2trWi5qcGVnP3gtb3NzLXByb2Nlc3M9aW1hZ2UvcmVzaXplLG1fZml4ZWQsaF8zNDQsd18zNDQsbGltaXRfMA,g_nw,x_428,y_143/watermark,image_YXNzZXQvaW1hZ2VzL21ldGFpbWFnZS1zb25nLnBuZw,g_nw,x_0,y_0",images/873592.jpeg,@bellebearrrrrr,音樂人,新北市,2017-06-01,2022-10-18 17:25,10,179,27,,https://instagram.com/bellebearrrrrr,https://youtube.com/channel/UC1E5w9lLUBSJivyj5oS8CtA,自己樂團自己選  Wake Up 演出名單由你決定|||https://blow.streetvoice.com/8075/?utm_source=streetvoice&utm_medium=profile-news-block,,Singer / Songwriter,,,,"17歲的那年暑假，我跑去跟著舅舅一起造舟，寫下了這首歌，23歲那年把它又拿出來重做，然後25歲才發它。 我的舅舅總說：衡量生命價值的尺度是思想和行動力，而不是時間 他也說DIY會很辛苦 那就讓我們Do It Together 他說的話很大程度造就了我現在的樣子，特別的日子把這首歌發出來，謝謝他總是最像我生命中那個被稱為父親的角色。 - 作詞作曲：沈以勒/溫予謙 編曲混音：曾名傑 @海貓貓音樂工作室 Umineko Music Studio&Collections 演唱：沈以勒、溫大沐、溫多俐 
17歲的那年暑假，我跑去跟著舅舅一起造舟，寫下了這首歌，23歲那年把它又拿出來重做，然後25歲才發它。
我的舅舅總說：衡量生命價值的尺度是思想和行動力，而不是時間 他也說DIY會很辛苦 那就讓我們Do It Together
他說的話很大程度造就了我現在的樣子，特別的日子把這首歌發出來，謝謝他總是最像我生命中那個被稱為父親的角色。 - 作詞作曲：沈以勒/溫予謙 編曲混音：曾名傑 @海貓貓音樂工作室 Umineko Music Studio&Collections 演唱：沈以勒、溫大沐、溫多俐","對這個世界 有很多幻想 期待有一天 能展翅飛翔 就算有失望 有你在身旁 我就能夠 繼續努力堅強 看 天空蔚藍 清澈海洋 還有什麼能把我阻擋 心中澎湃如大海 來吧 就裝上翅膀飛翔 追 勇敢去追 追尋你和我的夢想 飛 用力去飛 飛向那浩瀚無垠的藍天 We never give up 不要放棄希望 不完美又怎樣 We do it together 
對這個世界 有很多幻想 期待有一天 能展翅飛翔 就算有失望 有你在身旁 我就能夠 繼續努力堅強
看 天空蔚藍 清澈海洋 還有什麼能把我阻擋 心中澎湃如大海 來吧 就裝上翅膀飛翔
追 勇敢去追 追尋你和我的夢想 飛 用力去飛 飛向那浩瀚無垠的藍天 We never give up 不要放棄希望 不完美又怎樣 We do it together
留言（ 3 ） 最相關留言 所有留言
留言（ 3 ）",2026-08-08,,,False,False,
2026-08-10 03:44:08,realtime,all,,,32,邱淑蟬,跼,4,252,0,https://streetvoice.com/shuchan_chiu/songs/872714/,https://streetvoice.com/shuchan_chiu/,"https://akstatic.streetvoice.com/song_covers/sh/uc/shuchan_chiu/42KVxnZ6BcNZjaqLGDtABq.jpeg?x-oss-process=image/resize,m_fixed,h_1,w_1,limit_0/resize,m_fixed,h_630,w_1200,limit_0/watermark,image_c29uZ19jb3ZlcnMvc2gvdWMvc2h1Y2hhbl9jaGl1LzQyS1Z4blo2QmNOWmphcUxHRHRBQnEuanBlZz94LW9zcy1wcm9jZXNzPWltYWdlL3Jlc2l6ZSxtX2ZpeGVkLGhfMzQ0LHdfMzQ0LGxpbWl0XzA,g_nw,x_428,y_143/watermark,image_YXNzZXQvaW1hZ2VzL21ldGFpbWFnZS1zb25nLnBuZw,g_nw,x_0,y_0",images/872714.jpeg,@shuchan_chiu,音樂人,,,2021-10-08 15:18,5,604,7,https://www.facebook.com/shuchanchiu1997,https://www.instagram.com/enidisme_music/,https://www.youtube.com/user/StreetVoiceTV,邱淑蟬邀製作人蕭賀碩、大象體操涂嘉欽 打造全新EP《無爭》|||https://blow.streetvoice.com/89185/?utm_source=streetvoice&utm_medium=profile-news-block; 邱淑蟬攜手鄭寶欣、好日、樂凡 打造跨國多語單曲〈定定仔行〉|||https://blow.streetvoice.com/84993/?utm_source=streetvoice&utm_medium=profile-news-block; 薄荷綠工廠推出首張創作專輯前導單曲〈That Day〉邀邱淑蟬、Deca joins 打擊樂手杜哲欣合作|||https://blow.streetvoice.com/75995/?utm_source=streetvoice&utm_medium=profile-news-block,,Folk,,,,"跼 Confined 詞曲 Lyricist＆Composer｜邱淑蟬 Shuchan Chiu 製作人 Producer｜蕭賀碩 Shuo Hsiao 編曲 Arranger｜ 陳啟原 Curtis Chan、蕭賀碩 Shuo Hsiao 電吉他 E. Guitar｜陳啟原 Curtis Chan 人聲錄音工程師及錄音室 Vocal Recording Engineer＆Studio｜陳以霖 Yi-Lin Chen @大小眼錄音室 Twin Eyes Studio 吉他錄音工程師及錄音室 Recording Engineer＆Studio｜于世政 Shin-Cheng Yu @Lights Up Studio 助理錄音工程師及錄音室 Assistant Recording Engineer & Studio｜陳佳穎 Chia-Ying Chen @Lights Up Studio 混音工程師 Mixing Engineer｜林正忠 Jerry Lin @Robot Studio 母帶後期處理工程師及錄音室 Mastering Engineer ＆ Studio｜孫仲舒 Chung-Shu Sun@鈺德科技 U-Tech MT Studio 母帶後期處理製作人 Mastering Producer｜蕭賀碩 Shuo Hsiao 企劃宣傳 Project Planning & Promotion｜曾楚芳 Matilda Tseng 視覺設計 Visual Designer｜周雨衛 Viter Chou、謝沛宸 Anmy Hsieh 平面攝影 Photographer｜柳妘儒 Yunju Liu 攝影助理 Photographer Assistant｜陳泱丞 Dozz Chen 攝影燈光 Photographer Gaffer｜Jeremii Fan 妝髮 Hair＆Makeup｜鍾其甫Ooioh 妝髮助理 Hair＆Makeup Assistant｜陳姿秀 Heena Chen 客語歌詞校正 Language counselor of Hakka lyrics｜鄭育淇 
跼 Confined
詞曲 Lyricist＆Composer｜邱淑蟬 Shuchan Chiu 製作人 Producer｜蕭賀碩 Shuo Hsiao 編曲 Arranger｜ 陳啟原 Curtis Chan、蕭賀碩 Shuo Hsiao 電吉他 E. Guitar｜陳啟原 Curtis Chan 人聲錄音工程師及錄音室 Vocal Recording Engineer＆Studio｜陳以霖 Yi-Lin Chen @大小眼錄音室 Twin Eyes Studio 吉他錄音工程師及錄音室 Recording Engineer＆Studio｜于世政 Shin-Cheng Yu @Lights Up Studio 助理錄音工程師及錄音室 Assistant Recording Engineer & Studio｜陳佳穎 Chia-Ying Chen @Lights Up Studio 混音工程師 Mixing Engineer｜林正忠 Jerry Lin @Robot Studio
母帶後期處理工程師及錄音室 Mastering Engineer ＆ Studio｜孫仲舒 Chung-Shu Sun@鈺德科技 U-Tech MT Studio 母帶後期處理製作人 Mastering Producer｜蕭賀碩 Shuo Hsiao 企劃宣傳 Project Planning & Promotion｜曾楚芳 Matilda Tseng 視覺設計 Visual Designer｜周雨衛 Viter Chou、謝沛宸 Anmy Hsieh 平面攝影 Photographer｜柳妘儒 Yunju Liu 攝影助理 Photographer Assistant｜陳泱丞 Dozz Chen 攝影燈光 Photographer Gaffer｜Jeremii Fan 妝髮 Hair＆Makeup｜鍾其甫Ooioh 妝髮助理 Hair＆Makeup Assistant｜陳姿秀 Heena Chen 客語歌詞校正 Language counselor of Hakka lyrics｜鄭育淇","𠊎看毋透 你金金个目珠 我看不透  你閃亮的眼睛 ngaiˇ kon mˇteu nˇgimˊgimˊge mugˋzuˊ 有會㖸个鳥仔  還有會飛个貓仔 有會笑的鳥      還有會飛的貓 iuˊ voi nagˋge diauˊeˋ  hanˇ iuˊ voi biˊge meu eˋ 𠊎聽毋識 你噥噥哢哢个聲 我聽不懂  你的喃喃自語 ngaiˇ tangˊ mˇ siidˋ nˇ nungˇ nungˇnung nung ge sangˊ 一下撖地泥講話 一下唱歌仔分蟻公聽 一下和地板說話  一下唱歌給螞蟻聽 idˋ ha ganˋti naiˇ gongˋfa  idˋ ha cong  goˊeˋ bunˊ ngie gungˊ tangˊ 𠊎按著這世界 已經罅擺大 我以為這世界  已經足夠大 ngaiˇon doˋ iaˋ sii  giai iˋ ginˊ la baiˋ tai 嗄跼毋得你 恁闊个心 卻困不住你 那麼寬闊的心 sa kiug mˇ dedˋ nˇanˋfadˋ ge  ximˊ 你看毋透  𠊎等冷冷个目珠 你看不透   我們冷漠的眼睛 nˇ kon mˇ teu ngaiˇ nenˊ nangˊ nangˊ ge  mugˋzuˊ 不時落雨毛仔 目汁毋敢跌 不時下毛毛雨 眼淚不敢掉落 budˋ siiˇ log  iˋmoˊeˋ mugˋ ziibˋ mˇgamˋ diedˋ 你聽毋識 𠊎撖𠊎講个話 你聽不懂  我和我說的話 nˇtangˊ mˇ siidˋ ngaiˇ ganˋ ngaiˇ  gongˋ ge  fa 就算橫倒噭眵  一定係為了自家 就算跌倒哭泣   一定是為了自己 qiu son vang doˋ gieu  ziiˊ idˋ tin  he  vi  liauˋcii gaˊ 
𠊎看毋透 你金金个目珠 我看不透  你閃亮的眼睛 ngaiˇ kon mˇteu nˇgimˊgimˊge mugˋzuˊ 有會㖸个鳥仔  還有會飛个貓仔 有會笑的鳥      還有會飛的貓 iuˊ voi nagˋge diauˊeˋ  hanˇ iuˊ voi biˊge meu eˋ 𠊎聽毋識 你噥噥哢哢个聲 我聽不懂  你的喃喃自語 ngaiˇ tangˊ mˇ siidˋ nˇ nungˇ nungˇnung nung ge sangˊ 一下撖地泥講話 一下唱歌仔分蟻公聽 一下和地板說話  一下唱歌給螞蟻聽 idˋ ha ganˋti naiˇ gongˋfa  idˋ ha cong  goˊeˋ bunˊ ngie gungˊ tangˊ
𠊎按著這世界 已經罅擺大 我以為這世界  已經足夠大 ngaiˇon doˋ iaˋ sii  giai iˋ ginˊ la baiˋ tai 嗄跼毋得你 恁闊个心 卻困不住你 那麼寬闊的心 sa kiug mˇ dedˋ nˇanˋfadˋ ge  ximˊ
你看毋透  𠊎等冷冷个目珠 你看不透   我們冷漠的眼睛 nˇ kon mˇ teu ngaiˇ nenˊ nangˊ nangˊ ge  mugˋzuˊ 不時落雨毛仔 目汁毋敢跌 不時下毛毛雨 眼淚不敢掉落 budˋ siiˇ log  iˋmoˊeˋ mugˋ ziibˋ mˇgamˋ diedˋ 你聽毋識 𠊎撖𠊎講个話 你聽不懂  我和我說的話 nˇtangˊ mˇ siidˋ ngaiˇ ganˋ ngaiˇ  gongˋ ge  fa 就算橫倒噭眵  一定係為了自家 就算跌倒哭泣   一定是為了自己 qiu son vang doˋ gieu  ziiˊ idˋ tin  he  vi  liauˋcii gaˊ
留言（ 0 ） 最相關留言 所有留言
留言（ 0 ）",2026-08-03,,編輯推薦,True,False,
2026-08-10 03:44:08,realtime,all,,,33,Seaweed 藻,希望你懂我 Read Between The Lines(demo),4,426,0,https://streetvoice.com/seaweedfromkt/songs/873461/,https://streetvoice.com/seaweedfromkt/,"https://akstatic.streetvoice.com/song_covers/se/aw/seaweedfromkt/Krue8jRXQPAWEbrUzRZL9G.jpg?x-oss-process=image/resize,m_fixed,h_1,w_1,limit_0/resize,m_fixed,h_630,w_1200,limit_0/watermark,image_c29uZ19jb3ZlcnMvc2UvYXcvc2Vhd2VlZGZyb21rdC9LcnVlOGpSWFFQQVdFYnJVelJaTDlHLmpwZz94LW9zcy1wcm9jZXNzPWltYWdlL3Jlc2l6ZSxtX2ZpeGVkLGhfMzQ0LHdfMzQ0LGxpbWl0XzA,g_nw,x_428,y_143/watermark,image_YXNzZXQvaW1hZ2VzL21ldGFpbWFnZS1zb25nLnBuZw,g_nw,x_0,y_0",images/873461.jpg,@seaweedfromkt,音樂人,,,2022-11-03 15:29,10,359,4,https://www.facebook.com/seaweed51k,https://www.instagram.com/seaweed51k/,https://www.youtube.com/user/StreetVoiceTV,ARCPLG  羣島首張EP《SEAWEED 海藻》預告 2016 發行|||https://blow.streetvoice.com/16469/?utm_source=streetvoice&utm_medium=profile-news-block; 在變拍中刷洗社會風景 ─ 羣島《海藻》|||https://blow.streetvoice.com/17703/?utm_source=streetvoice&utm_medium=profile-news-block; 昴宿成軍十年發行首張專輯《QUARK夸克》 展開北中南發片巡迴|||https://blow.streetvoice.com/69033/?utm_source=streetvoice&utm_medium=profile-news-block,,Post rock,,,,"「表達很難，但愛很純粹。謝謝你包容我的笨拙，這一次，依然會選擇將最溫柔的歌曲留給你。」 彼此用最寬廣的心，去愛你的愛人、家人、與珍惜自己的朋友。 最後，記得愛要說出口………….. 詞曲：Seaweed 藻 編曲：Seaweed 藻 
「表達很難，但愛很純粹。謝謝你包容我的笨拙，這一次，依然會選擇將最溫柔的歌曲留給你。」
彼此用最寬廣的心，去愛你的愛人、家人、與珍惜自己的朋友。
最後，記得愛要說出口…………..
詞曲：Seaweed 藻 編曲：Seaweed 藻","這是沒有提供歌詞的歌曲
留言（ 0 ） 最相關留言 所有留言
留言（ 0 ）",2026-08-08,,,False,False,
2026-08-10 03:44:08,realtime,all,,,34,幸運空氣,黃昏照規路,6,311,0,https://streetvoice.com/luckyair43/songs/872916/,https://streetvoice.com/luckyair43/,"https://akstatic.streetvoice.com/song_covers/lu/ck/luckyair43/MCvecoBp7gTJ36cXgeWGmh.jpeg?x-oss-process=image/resize,m_fixed,h_1,w_1,limit_0/resize,m_fixed,h_630,w_1200,limit_0/watermark,image_c29uZ19jb3ZlcnMvbHUvY2svbHVja3lhaXI0My9NQ3ZlY29CcDdnVEozNmNYZ2VXR21oLmpwZWc_eC1vc3MtcHJvY2Vzcz1pbWFnZS9yZXNpemUsbV9maXhlZCxoXzM0NCx3XzM0NCxsaW1pdF8w,g_nw,x_428,y_143/watermark,image_YXNzZXQvaW1hZ2VzL21ldGFpbWFnZS1zb25nLnBuZw,g_nw,x_0,y_0",images/872916.jpeg,@luckyair43,音樂人,,,2021-06-04 17:58,88,228,74,https://www.facebook.com/airway777,,https://www.youtube.com/channel/UChSEkR8gHUBkx0IsCfR1xwA/about,告別誠品生活 116 強辯樂團與幸運空氣勾起共同的青春回憶|||https://blow.streetvoice.com/15610/?utm_source=streetvoice&utm_medium=profile-news-block; 【歌單】謙虛勤勉的小書蟲——處女座|||https://blow.streetvoice.com/35796/?utm_source=streetvoice&utm_medium=profile-news-block; 2015 年度 StreetVoice 音樂作品人氣榜 TOP 50|||https://blow.streetvoice.com/16431/?utm_source=streetvoice&utm_medium=profile-news-block,,Jazz,,,,"一首描述從新北到台北市出門和回家的日常 有時開車走忠孝橋 有時騎車走台北橋 不變的是 每次傍晚回家總會看見美麗的黃昏 陪伴我們一整路 那就是述說 一切都會變好的 儘管這一路上走來風風雨雨 跌跌撞撞 
一首描述從新北到台北市出門和回家的日常 有時開車走忠孝橋 有時騎車走台北橋 不變的是 每次傍晚回家總會看見美麗的黃昏 陪伴我們一整路 那就是述說 一切都會變好的 儘管這一路上走來風風雨雨 跌跌撞撞","黃昏照規路 騎著歐兜邁過台北橋， 後座的妳攬著我的腰 咱一路上，有說閣有笑， 一切攏真好 暮色金光閃閃照，有快樂悲傷嘛有苦 淡水河邊，日頭嘛漸漸沉落 黃昏照規路，咱今仔日欲去佗？ 我𤆬妳四界逛規下晡 有妳的人生路，毋免驚失去了方向 雖然有風風雨雨、冤家相嚷， 但一切攏會變好 親像美麗的黃昏 依然照歸路 開車駛過忠孝橋， 身邊的恁安穩睏著 對我來講，這就是平凡快樂 暮色金光閃閃照，有快樂悲傷嘛有苦 這一路，日頭嘛漸漸沉落 黃昏照規路，咱今仔日欲去佗？ 我𤆬妳四界逛規下晡 有妳的人生路，毋免驚失去了方向 雖然有風風雨雨、冤家相嚷， 但一切攏會變好 親像美麗的黃昏 依然照歸路 黃昏照～規～路，咱今仔日欲去佗？ 有妳的人生路，毋免驚失去了方向 雖然有風風雨雨、冤家相嚷， 但一切攏會變好 親像美麗的黃昏 依然照規路～ 親像美麗的黃昏 依然照規路～ 
黃昏照規路 騎著歐兜邁過台北橋， 後座的妳攬著我的腰 咱一路上，有說閣有笑， 一切攏真好 暮色金光閃閃照，有快樂悲傷嘛有苦 淡水河邊，日頭嘛漸漸沉落 黃昏照規路，咱今仔日欲去佗？ 我𤆬妳四界逛規下晡 有妳的人生路，毋免驚失去了方向 雖然有風風雨雨、冤家相嚷， 但一切攏會變好 親像美麗的黃昏 依然照歸路 開車駛過忠孝橋， 身邊的恁安穩睏著 對我來講，這就是平凡快樂 暮色金光閃閃照，有快樂悲傷嘛有苦 這一路，日頭嘛漸漸沉落 黃昏照規路，咱今仔日欲去佗？ 我𤆬妳四界逛規下晡 有妳的人生路，毋免驚失去了方向 雖然有風風雨雨、冤家相嚷， 但一切攏會變好 親像美麗的黃昏 依然照歸路 黃昏照～規～路，咱今仔日欲去佗？ 有妳的人生路，毋免驚失去了方向 雖然有風風雨雨、冤家相嚷， 但一切攏會變好 親像美麗的黃昏 依然照規路～ 親像美麗的黃昏 依然照規路～
留言（ 0 ） 最相關留言 所有留言
留言（ 0 ）",2026-08-05,,編輯推薦,True,False,
2026-08-10 03:44:08,realtime,all,,,35,陳洪奎 harry Chen,因為愛你,4,58,0,https://streetvoice.com/Could_OoO/songs/873622/,https://streetvoice.com/Could_OoO/,"https://akstatic.streetvoice.com/song_covers/Co/ul/Could_OoO/icNttTybpjDLYFWHiUExm5.jpg?x-oss-process=image/resize,m_fixed,h_1,w_1,limit_0/resize,m_fixed,h_630,w_1200,limit_0/watermark,image_c29uZ19jb3ZlcnMvQ28vdWwvQ291bGRfT29PL2ljTnR0VHlicGpETFlGV0hpVUV4bTUuanBnP3gtb3NzLXByb2Nlc3M9aW1hZ2UvcmVzaXplLG1fZml4ZWQsaF8zNDQsd18zNDQsbGltaXRfMA,g_nw,x_428,y_143/watermark,image_YXNzZXQvaW1hZ2VzL21ldGFpbWFnZS1zb25nLnBuZw,g_nw,x_0,y_0",images/873622.jpg,@Could_OoO,音樂人,,,,5,7,4,,,https://www.youtube.com/user/StreetVoiceTV,,,Hip hop / Rap,,,,,"和你互相對視算不算種同時 享受那種跟你看夕陽的鬆弛 不過愛是一種很奇怪的東西 你肯定也想和我一起回到那年 一起逛合作社 一起手拉著手 躲避眼光照射 那種說走就走 的感覺就像動漫裡的劇情 雖然科幻但是卻在我的眼前復刻 我們愛著對方 以前從來不說晚安 現在愛著對方 只要起床就說早安 天空有點暗 互相親吻對方但是有點不敢 所以速度不會太慢 還懷念那種走在路都會互相講幹 不是一種感覺希望能讓你媽知道 跟你去到約會聖地甚至不用浪漫 躺在沙灘一起合照 肩膀給你靠 因為愛你 所以我認真對待 希望能滿足你對愛情的一切期待 因為愛你 我一定隨時都在 你只要直接call me 也可以打我的line 因為愛你 我隱瞞我的心情 在外面不要穿bikini因為很容易曬 因為愛你喔沒什麼我因為愛你 不要隨便說掰 因為愛你直到你的出現 像打開遊戲主線 我的生活傾斜 當下就想所有預言都瞬間靈驗 不要顧慮我微不足道的尊嚴 如果那個時候我沒有離開妳 是否爬山看海都可以帶著妳 想喝的飲料跟一樣與你同在 就連追的明星都叫做王以太 想和你一起看五六七月的晚霞 在海邊就算只剩下紅暖陽 在我膽怯的時候只有你陪伴我 聽妳講妳的故事感動像心竄火 我們開車從台中就直接走 路上風平浪靜除了你親吻我 衝動像是魔鬼我有自制力 在民宿床上你卻直接全身裸 巴巴拉巴～ 如果可以 我想演一齣戲 演給以前 小大人的我聽 我們總是 這麼相信愛情 不過愛你要持續永遠才行 我不要求失戀的人感同身受 但是這首歌希望能幫到你 我們都是為愛在奔跑 just go 永遠記得有人曾經愛你 寶貝 聽我說 你以後自己注意 不要再遇到像我一樣都不珍惜 寶貝 聽我說 你以後一定小心 不要在遇到那種懦弱不能保護你 因為愛你 所以我認真對待 希望能滿足你對愛情的一切期待 因為愛你 我一定隨時都在 你只要直接call me 也可以打我的line 因為愛你 我隱瞞我的心情 在外面不要穿bikini因為很容易曬 因為愛你喔沒什麼我因為愛你 不要隨便說掰 因為愛你 所以我認真對待 希望能滿足你對愛情的一切期待 因為愛你 我一定隨時都在 你只要直接call me 也可以打我的line 因為愛你 我隱瞞我的心情 在外面不要穿bikini因為很容易曬 因為愛你喔沒什麼我因為愛你 不要隨便說掰 因為愛你… 
和你互相對視算不算種同時 享受那種跟你看夕陽的鬆弛 不過愛是一種很奇怪的東西 你肯定也想和我一起回到那年 一起逛合作社 一起手拉著手 躲避眼光照射 那種說走就走 的感覺就像動漫裡的劇情 雖然科幻但是卻在我的眼前復刻
我們愛著對方 以前從來不說晚安 現在愛著對方 只要起床就說早安 天空有點暗 互相親吻對方但是有點不敢 所以速度不會太慢 還懷念那種走在路都會互相講幹 不是一種感覺希望能讓你媽知道 跟你去到約會聖地甚至不用浪漫 躺在沙灘一起合照 肩膀給你靠
因為愛你 所以我認真對待 希望能滿足你對愛情的一切期待 因為愛你 我一定隨時都在 你只要直接call me 也可以打我的line 因為愛你 我隱瞞我的心情 在外面不要穿bikini因為很容易曬 因為愛你喔沒什麼我因為愛你 不要隨便說掰
因為愛你直到你的出現 像打開遊戲主線 我的生活傾斜 當下就想所有預言都瞬間靈驗 不要顧慮我微不足道的尊嚴 如果那個時候我沒有離開妳 是否爬山看海都可以帶著妳 想喝的飲料跟一樣與你同在 就連追的明星都叫做王以太
想和你一起看五六七月的晚霞 在海邊就算只剩下紅暖陽 在我膽怯的時候只有你陪伴我 聽妳講妳的故事感動像心竄火 我們開車從台中就直接走 路上風平浪靜除了你親吻我 衝動像是魔鬼我有自制力 在民宿床上你卻直接全身裸
巴巴拉巴～
如果可以 我想演一齣戲 演給以前 小大人的我聽 我們總是 這麼相信愛情 不過愛你要持續永遠才行 我不要求失戀的人感同身受 但是這首歌希望能幫到你 我們都是為愛在奔跑 just go 永遠記得有人曾經愛你
寶貝 聽我說 你以後自己注意 不要再遇到像我一樣都不珍惜 寶貝 聽我說 你以後一定小心 不要在遇到那種懦弱不能保護你
因為愛你 所以我認真對待 希望能滿足你對愛情的一切期待 因為愛你 我一定隨時都在 你只要直接call me 也可以打我的line 因為愛你 我隱瞞我的心情 在外面不要穿bikini因為很容易曬 因為愛你喔沒什麼我因為愛你 不要隨便說掰 因為愛你 所以我認真對待 希望能滿足你對愛情的一切期待 因為愛你 我一定隨時都在 你只要直接call me 也可以打我的line 因為愛你 我隱瞞我的心情 在外面不要穿bikini因為很容易曬 因為愛你喔沒什麼我因為愛你 不要隨便說掰
因為愛你…
留言（ 0 ） 最相關留言 所有留言
留言（ 0 ）",2026-08-09,,,False,False,
2026-08-10 03:44:08,realtime,all,,,36,台北不如勤美,唯ㄧ,6,275,0,https://streetvoice.com/qinmeibetterthantaipei/songs/872908/,https://streetvoice.com/qinmeibetterthantaipei/,"https://akstatic.streetvoice.com/song_covers/qi/nm/qinmeibetterthantaipei/j7uairFY473Q7MZaTgJxTC.jpg?x-oss-process=image/resize,m_fixed,h_1,w_1,limit_0/resize,m_fixed,h_630,w_1200,limit_0/watermark,image_c29uZ19jb3ZlcnMvcWkvbm0vcWlubWVpYmV0dGVydGhhbnRhaXBlaS9qN3VhaXJGWTQ3M1E3TVphVGdKeFRDLmpwZz94LW9zcy1wcm9jZXNzPWltYWdlL3Jlc2l6ZSxtX2ZpeGVkLGhfMzQ0LHdfMzQ0LGxpbWl0XzA,g_nw,x_428,y_143/watermark,image_YXNzZXQvaW1hZ2VzL21ldGFpbWFnZS1zb25nLnBuZw,g_nw,x_0,y_0",images/872908.jpg,@qinmeibetterthantaipei,音樂人,,,2024-12-25 17:12,1,181,1,,https://www.instagram.com/qinmeibetterthantaipei/profilecard/,https://www.youtube.com/user/StreetVoiceTV,,,Rock,生的錯覺,https://streetvoice.com/qinmeibetterthantaipei/songs/album/97324249/,,"【章節零六：海岸線上的狂熱星空】 現實是個平淡無奇的惡作劇。那就讓我們一起瘋掉吧。 在潮水湧上來的海岸線，希望像碎鑽一樣砸在我們頭上。 在此刻，讓我們成為，這虛無宇宙裡唯一的兩顆彗星。 告訴我你的咆哮與幻想，哪怕這是一場圍城的決戰， 但我始終相信，這將成為我們的：「唯一」 
【章節零六：海岸線上的狂熱星空】
現實是個平淡無奇的惡作劇。那就讓我們一起瘋掉吧。
在潮水湧上來的海岸線，希望像碎鑽一樣砸在我們頭上。
在此刻，讓我們成為，這虛無宇宙裡唯一的兩顆彗星。
告訴我你的咆哮與幻想，哪怕這是一場圍城的決戰，
但我始終相信，這將成為我們的：「唯一」","常覺得 平平無奇 找不到 那份回憶 去做吧 別作罷 哪怕瘋了 瘋啦 告訴我你可以 讓這成為唯一 告訴你想要 讓這變成唯一 告訴我 你的夢想 你的幻想 你的想像 我想見 你的驕傲 你的微笑 甚至咆哮 你還害怕嗎 你還憧憬嗎 別再恐懼啦 至少我懂你啊 走去盡頭吧 走向唯一啊 哪怕往不出 記得這秘密吧 走下去 我還在 任性吧 被別掩埋 別後悔 只是現在 你是你 幹嘛見外 告訴我 你的夢想 告訴我 你的想像 告訴我 你的所有 成為唯一 無論多久 你還害怕嗎 你還憧憬嗎 別再恐懼啦 至少我懂你啊 走去盡頭吧 走向唯一啊 哪怕往不出 記得這秘密吧 走下去 我還在 任性吧 被別掩埋 別後悔 只是現在 你是你 幹嘛見外 
常覺得 平平無奇 找不到 那份回憶
去做吧 別作罷 哪怕瘋了 瘋啦
告訴我你可以 讓這成為唯一 告訴你想要 讓這變成唯一
告訴我 你的夢想 你的幻想 你的想像 我想見 你的驕傲 你的微笑 甚至咆哮
你還害怕嗎 你還憧憬嗎 別再恐懼啦 至少我懂你啊 走去盡頭吧 走向唯一啊 哪怕往不出 記得這秘密吧
走下去 我還在 任性吧 被別掩埋 別後悔 只是現在 你是你 幹嘛見外
告訴我 你的夢想 告訴我 你的想像 告訴我 你的所有 成為唯一 無論多久
你還害怕嗎 你還憧憬嗎 別再恐懼啦 至少我懂你啊 走去盡頭吧 走向唯一啊 哪怕往不出 記得這秘密吧
走下去 我還在 任性吧 被別掩埋 別後悔 只是現在 你是你 幹嘛見外
留言（ 0 ） 最相關留言 所有留言
留言（ 0 ）",2026-08-05,,編輯推薦,True,False,
2026-08-10 03:44:08,realtime,all,,,37,蝸牛蓋瑞,蝸牛蓋瑞 Gary the Snail - 「18歲之後」,12,1430,6,https://streetvoice.com/garythesnail/songs/871000/,https://streetvoice.com/garythesnail/,"https://akstatic.streetvoice.com/music_albums/ga/ry/garythesnail/L8JDD4ZcCUxBw2GDfL3Tko.jpeg?x-oss-process=image/resize,m_fixed,h_1,w_1,limit_0/resize,m_fixed,h_630,w_1200,limit_0/watermark,image_bXVzaWNfYWxidW1zL2dhL3J5L2dhcnl0aGVzbmFpbC9MOEpERDRaY0NVeEJ3MkdEZkwzVGtvLmpwZWc_eC1vc3MtcHJvY2Vzcz1pbWFnZS9yZXNpemUsbV9maXhlZCxoXzM0NCx3XzM0NCxsaW1pdF8w,g_nw,x_428,y_143/watermark,image_YXNzZXQvaW1hZ2VzL21ldGFpbWFnZS1zb25nLnBuZw,g_nw,x_0,y_0",images/871000.jpeg,@garythesnail,音樂人,台北市,2023-04-01,2026-02-13 09:52,6,77,2,,https://www.instagram.com/garythesnail.pdf,https://www.youtube.com/@GarytheSnail-2023,,,Punk,斯文豪氏大蝸牛,https://streetvoice.com/garythesnail/songs/album/97325754/,,"詞曲：李齊 製作｜李齊 錄音｜李齊 混音｜李齊 鼓組錄音｜黃彥翔 鼓組錄音室｜玉成戲院錄音室 YuChen Cinema Studio 母帶後期處理｜李齊 蝸牛蓋瑞 Gary the Snail 主唱 / 吉他 ｜李齊 合聲 / 吉他 ｜劉柏 貝斯 ｜貓咪 鼓 ｜涂恒睿 專輯發行廠牌 ｜吃到肉羹實業社 JDBG records 
詞曲：李齊
製作｜李齊 錄音｜李齊 混音｜李齊 鼓組錄音｜黃彥翔 鼓組錄音室｜玉成戲院錄音室 YuChen Cinema Studio 母帶後期處理｜李齊
蝸牛蓋瑞 Gary the Snail 主唱 / 吉他 ｜李齊 合聲 / 吉他 ｜劉柏 貝斯 ｜貓咪 鼓 ｜涂恒睿
專輯發行廠牌 ｜吃到肉羹實業社 JDBG records","十八歲之後不常感到開心 但從那之後我時常想到你 遇見你的那一天 那個清晨有點美 一起聊天到天亮 傾吐自己有多不完美 人生的冬天還是存在 其實也不會因為你變得比較短 歐幹 明天還要上班 這次能不能不要再死得那麼慘 忍耐 忍耐 再忍耐 用更醜陋的姿態榨出來 歐~ 忍耐 忍耐 再忍耐 用更醜陋的姿態榨出來 窩喔~ 因為 我把過去交易了 換來的是虛假的快樂 因為 我把過去交易了 所有血跡都被鎖在抽屜了 我走了 我只留下一首歌 二十歲的時候 我才看清 原來我從來就不懂什麼是貼心 突然冒出的回憶 看著過去的身影 我想把這一切繼續藏在抽屜 
十八歲之後不常感到開心 但從那之後我時常想到你 遇見你的那一天 那個清晨有點美 一起聊天到天亮 傾吐自己有多不完美 人生的冬天還是存在 其實也不會因為你變得比較短 歐幹 明天還要上班 這次能不能不要再死得那麼慘 忍耐 忍耐 再忍耐 用更醜陋的姿態榨出來 歐~ 忍耐 忍耐 再忍耐 用更醜陋的姿態榨出來 窩喔~
因為 我把過去交易了 換來的是虛假的快樂 因為 我把過去交易了 所有血跡都被鎖在抽屜了 我走了 我只留下一首歌
二十歲的時候 我才看清 原來我從來就不懂什麼是貼心 突然冒出的回憶 看著過去的身影 我想把這一切繼續藏在抽屜
留言（ 6 ） 最相關留言 所有留言
留言（ 6 ）",2026-07-25,,Song of the Day; 編輯推薦,True,True,
2026-08-10 03:44:08,realtime,all,,,38,君君桑,沒有出息的我,2,30,3,https://streetvoice.com/hochun/songs/873753/,https://streetvoice.com/hochun/,"https://akstatic.streetvoice.com/song_covers/ho/ch/hochun/SDcjbfgDhS2gFNFgMkV4FM.jpeg?x-oss-process=image/resize,m_fixed,h_1,w_1,limit_0/resize,m_fixed,h_630,w_1200,limit_0/watermark,image_c29uZ19jb3ZlcnMvaG8vY2gvaG9jaHVuL1NEY2piZmdEaFMyZ0ZORmdNa1Y0Rk0uanBlZz94LW9zcy1wcm9jZXNzPWltYWdlL3Jlc2l6ZSxtX2ZpeGVkLGhfMzQ0LHdfMzQ0LGxpbWl0XzA,g_nw,x_428,y_143/watermark,image_YXNzZXQvaW1hZ2VzL21ldGFpbWFnZS1zb25nLnBuZw,g_nw,x_0,y_0",images/873753.jpeg,@hochun,音樂人,新北市,2013-08-01,,9,4,2,,,https://www.youtube.com/user/StreetVoiceTV,,,Singer / Songwriter,,,,"這首歌的歌詞其實很虐心 連自己寫了都覺得心疼這樣的人 其實看到對方心裡有別人 仍然選擇騙自己 
這首歌的歌詞其實很虐心 連自己寫了都覺得心疼這樣的人 其實看到對方心裡有別人 仍然選擇騙自己","( verse ) 一直以為自己算堅強 這次竟然栽在你手上 不敢相信自己 眼前看到的這幕 你和她已經手牽著手 （ chorus ) 沒有出息的我 還在原地等著你 卻不敢相信你的心裡已經有別人 戀愛的人總是 傻傻的一次次騙自己 你還愛我 你沒走 你在這裡 （ chorus 2 ) 沒有出息的我 還在原地等著你 卻不敢相信你的心裡已經有別人 戀愛的人總是 傻傻的一次次騙自己 你還愛我 你沒走 你在這裡 
( verse ) 一直以為自己算堅強 這次竟然栽在你手上 不敢相信自己 眼前看到的這幕 你和她已經手牽著手
（ chorus ) 沒有出息的我 還在原地等著你 卻不敢相信你的心裡已經有別人 戀愛的人總是 傻傻的一次次騙自己 你還愛我 你沒走 你在這裡
（ chorus 2 ) 沒有出息的我 還在原地等著你 卻不敢相信你的心裡已經有別人 戀愛的人總是 傻傻的一次次騙自己 你還愛我 你沒走 你在這裡
留言（ 3 ） 最相關留言 所有留言
留言（ 3 ）",2026-08-09,,AI 協作 Singer / Songwriter,False,False,
2026-08-10 03:44:08,realtime,all,,,39,腦體馬戲團 Circus Braintly,02-戰神ft.知更,26,1492,1,https://streetvoice.com/CircusBraintly/songs/870506/,https://streetvoice.com/CircusBraintly/,"https://akstatic.streetvoice.com/music_albums/Ci/rc/CircusBraintly/TXUgHHKwLEW38cMjanSAjS.jpeg?x-oss-process=image/resize,m_fixed,h_1,w_1,limit_0/resize,m_fixed,h_630,w_1200,limit_0/watermark,image_bXVzaWNfYWxidW1zL0NpL3JjL0NpcmN1c0JyYWludGx5L1RYVWdISEt3TEVXMzhjTWphblNBalMuanBlZz94LW9zcy1wcm9jZXNzPWltYWdlL3Jlc2l6ZSxtX2ZpeGVkLGhfMzQ0LHdfMzQ0LGxpbWl0XzA,g_nw,x_428,y_143/watermark,image_YXNzZXQvaW1hZ2VzL21ldGFpbWFnZS1zb25nLnBuZw,g_nw,x_0,y_0",images/870506.jpeg,@CircusBraintly,音樂人,台中市,2008-04-01,,17,7208,11,,,https://www.youtube.com/user/StreetVoiceTV,,,Rock,"The Good News, The Bad News & The Fake",https://streetvoice.com/CircusBraintly/songs/album/97325736/,,"深刻剖析網路「鍵盤俠」的心理圖景。編曲上重現西部片式的對峙張力，群眾手持文字子彈，站在道德頂端發動制裁，沉溺於虛擬世界中「一夫當關、神擋殺神」的正義審判。 ""拿起你的鍵盤，跟我決一死戰!!"" 
深刻剖析網路「鍵盤俠」的心理圖景。編曲上重現西部片式的對峙張力，群眾手持文字子彈，站在道德頂端發動制裁，沉溺於虛擬世界中「一夫當關、神擋殺神」的正義審判。
""拿起你的鍵盤，跟我決一死戰!!""","噢 我是個戰神 我一夫當關 我力挽狂瀾 噢 我是個戰神 我身經百戰 他們聞風喪膽 噢 我是個戰神 站在道德的頂端 發動制裁 噢 我是個戰神 用文字做為子彈 裝進上膛的鍵盤 我代表正義的審判 把你送上刑台 這戰場誰都可能是槍下亡魂 誰不想自稱是正義的化身 放下鍵盤 立地成佛 不殺生 不可能 舉起手中的滑鼠準星彼此瞄準 你別只會躲在那用螢幕做成的盾 我佛擋殺佛 神擋殺神 不過是殺死另個""帳號名稱"" 噢 我是個戰神 我一夫當關 我力挽狂瀾 噢 我是個戰神 我身經百戰 他們聞風喪膽 噢 我是個戰神 站在道德的頂端 發動制裁 噢 我是個戰神 用文字做為子彈 裝進上膛的鍵盤 我代表正義的審判 把你送上刑台 這戰場誰都可能是槍下亡魂 誰都想自稱是正義的化身 放下鍵盤 立地成佛 不殺生 不可能 舉起手中的滑鼠準星彼此瞄準 你別只會躲在那用螢幕做成的盾 佛擋殺佛 神擋殺神 成為無情的戰神 噢 我是個戰神 我一夫當關 我力挽狂瀾 噢 我是個戰神 我身經百戰 他們聞風喪膽 噢 我是個戰神 我一夫當關 我力挽狂瀾 噢 我是個戰神 我身經百戰 他們聞風喪膽 
噢 我是個戰神 我一夫當關 我力挽狂瀾 噢 我是個戰神 我身經百戰 他們聞風喪膽 噢 我是個戰神 站在道德的頂端 發動制裁 噢 我是個戰神
用文字做為子彈 裝進上膛的鍵盤 我代表正義的審判 把你送上刑台
這戰場誰都可能是槍下亡魂 誰不想自稱是正義的化身 放下鍵盤 立地成佛 不殺生 不可能
舉起手中的滑鼠準星彼此瞄準 你別只會躲在那用螢幕做成的盾 我佛擋殺佛 神擋殺神 不過是殺死另個""帳號名稱""
噢 我是個戰神 我一夫當關 我力挽狂瀾 噢 我是個戰神 我身經百戰 他們聞風喪膽 噢 我是個戰神 站在道德的頂端 發動制裁 噢 我是個戰神
用文字做為子彈 裝進上膛的鍵盤 我代表正義的審判 把你送上刑台
這戰場誰都可能是槍下亡魂 誰都想自稱是正義的化身 放下鍵盤 立地成佛 不殺生 不可能
舉起手中的滑鼠準星彼此瞄準 你別只會躲在那用螢幕做成的盾 佛擋殺佛 神擋殺神 成為無情的戰神
噢 我是個戰神 我一夫當關 我力挽狂瀾 噢 我是個戰神 我身經百戰 他們聞風喪膽 噢 我是個戰神 我一夫當關 我力挽狂瀾 噢 我是個戰神 我身經百戰 他們聞風喪膽
留言（ 1 ） 最相關留言 所有留言
留言（ 1 ）",2026-07-22,,Song of the Day; 編輯推薦,True,True,
2026-08-10 03:44:08,realtime,all,,,40,貝克小姐Miss Bac.,沒關係 Unplugged Demo,61,2293,8,https://streetvoice.com/missbac/songs/871417/,https://streetvoice.com/missbac/,"https://akstatic.streetvoice.com/song_covers/mi/ss/missbac/e7pF7SUgL3VUAqS28f7rjJ.jpeg?x-oss-process=image/resize,m_fixed,h_1,w_1,limit_0/resize,m_fixed,h_630,w_1200,limit_0/watermark,image_c29uZ19jb3ZlcnMvbWkvc3MvbWlzc2JhYy9lN3BGN1NVZ0wzVlVBcVMyOGY3cmpKLmpwZWc_eC1vc3MtcHJvY2Vzcz1pbWFnZS9yZXNpemUsbV9maXhlZCxoXzM0NCx3XzM0NCxsaW1pdF8w,g_nw,x_428,y_143/watermark,image_YXNzZXQvaW1hZ2VzL21ldGFpbWFnZS1zb25nLnBuZw,g_nw,x_0,y_0",images/871417.jpeg,@missbac,音樂人,台北市,2017-06-01,2021-04-07 15:38,10,8874,13,https://www.facebook.com/missbacterium/,https://www.instagram.com/missbac2017/,https://www.youtube.com/user/StreetVoiceTV,回憶過去___的時光忘不了！ 問題總部、貝克小姐Miss Bac.邀你重溫舊時光|||https://blow.streetvoice.com/46221/?utm_source=streetvoice&utm_medium=profile-news-block; 很熱很熱的2022 Park Park Carnival 街聲的夥伴現場忙什麼⋯⋯？|||https://blow.streetvoice.com/61867/?utm_source=streetvoice&utm_medium=profile-news-block; 2022 Park Park Carnival 公布最終波陣容：美秀集團、春艷|||https://blow.streetvoice.com/61195/?utm_source=streetvoice&utm_medium=profile-news-block,,Singer / Songwriter,,,,"詞：沈筱卿 曲：沈筱卿、鍾秉恩 混音：鍾秉恩 平面攝影：羅筱惠 --- 大概是從三年前開始，發現自己很會說違心的沒關係。 理性上覺得沒事呀，但感性上又過不去，其實不是沒關係； 或者跟這些都無關，只是認為對方會希望我說沒關係，然後就順應著說了，自己有一點不想要的話也沒關係。 中間忘記什麼時候開始，也許是長大了？ 我突然不想那麼做了，不想說沒關係了，然後暴走了一陣子（？？） 最近的某段對話中，我又下意識的說了沒關係 對方回問我：「是真的沒關係嗎？」的時候 我愣住了 然後說：「開玩笑的，我覺得有關係。」 才把自己的想法說出來，雖然很慢。 〈沒關係〉這首歌 想要給常常說沒關係的你； 給正在練習說有關係的你； 也給溫柔接住我們的你🎧❤️‍🩹 
詞：沈筱卿 曲：沈筱卿、鍾秉恩 混音：鍾秉恩 平面攝影：羅筱惠
---
大概是從三年前開始，發現自己很會說違心的沒關係。 理性上覺得沒事呀，但感性上又過不去，其實不是沒關係； 或者跟這些都無關，只是認為對方會希望我說沒關係，然後就順應著說了，自己有一點不想要的話也沒關係。
中間忘記什麼時候開始，也許是長大了？ 我突然不想那麼做了，不想說沒關係了，然後暴走了一陣子（？？）
最近的某段對話中，我又下意識的說了沒關係 對方回問我：「是真的沒關係嗎？」的時候 我愣住了 然後說：「開玩笑的，我覺得有關係。」 才把自己的想法說出來，雖然很慢。
〈沒關係〉這首歌 想要給常常說沒關係的你； 給正在練習說有關係的你； 也給溫柔接住我們的你🎧❤️‍🩹","看你 踮著腳 在月光下 小心翼翼搜集 小小的 愛的痕跡 心疼你 想抱緊你 你搖搖頭 說 我是真的在意 你說的 沒關係 是真的 還是 愛得很小心 在我這裡 不必多慮 我是真的在意 你說的 沒關係 是真的 還是 愛得很小心 在我這裡 想你是最真的你 心疼你 想抱緊你 你搖搖頭 說沒關係 小小的 背影 在夜裡搜集 那些愛的 我是真的在意 你說的 沒關係 是真的 還是 愛得很小心 在我這裡 不必多慮 我是真的在意 你說的 沒關係 是真的 還是 愛得很小心 在我這裡 想你是最真的你 
看你 踮著腳 在月光下 小心翼翼搜集 小小的 愛的痕跡
心疼你 想抱緊你 你搖搖頭 說
我是真的在意 你說的 沒關係 是真的 還是 愛得很小心 在我這裡 不必多慮 我是真的在意 你說的 沒關係 是真的 還是 愛得很小心 在我這裡 想你是最真的你
心疼你 想抱緊你 你搖搖頭 說沒關係 小小的 背影 在夜裡搜集 那些愛的
我是真的在意 你說的 沒關係 是真的 還是 愛得很小心 在我這裡 不必多慮 我是真的在意 你說的 沒關係 是真的 還是 愛得很小心 在我這裡 想你是最真的你
留言（ 8 ） 最相關留言 所有留言
留言（ 8 ）",2026-07-27,,編輯推薦,True,False,
2026-08-10 03:44:08,realtime,all,,,41,阿蘭 AC,漫漫長夜,199,12996,19,https://streetvoice.com/alanchou12345/songs/867797/,https://streetvoice.com/alanchou12345/,"https://akstatic.streetvoice.com/song_covers/al/an/alanchou12345/Y4nZTaRGQvJAdXdvTGKcmr.jpeg?x-oss-process=image/resize,m_fixed,h_1,w_1,limit_0/resize,m_fixed,h_630,w_1200,limit_0/watermark,image_c29uZ19jb3ZlcnMvYWwvYW4vYWxhbmNob3UxMjM0NS9ZNG5aVGFSR1F2SkFkWGR2VEdLY21yLmpwZWc_eC1vc3MtcHJvY2Vzcz1pbWFnZS9yZXNpemUsbV9maXhlZCxoXzM0NCx3XzM0NCxsaW1pdF8w,g_nw,x_428,y_143/watermark,image_YXNzZXQvaW1hZ2VzL21ldGFpbWFnZS1zb25nLnBuZw,g_nw,x_0,y_0",images/867797.jpeg,@alanchou12345,音樂人,新北市,2019-03-01,2023-01-30 10:32,3,1063,,https://www.facebook.com/profile.php?id=100063938225158,https://www.instagram.com/ac___47/,https://www.youtube.com/@ac47yt,阿蘭AC釋出R&B情歌〈扛不住〉MV Intro取樣李奧納多吵架對手戲|||https://blow.streetvoice.com/65575/?utm_source=streetvoice&utm_medium=profile-news-block; 前「唐貓」主唱阿蘭AC年底發行個人專輯 《GREENHOUSE》與鍾濰宇共同製作|||https://blow.streetvoice.com/64914/?utm_source=streetvoice&utm_medium=profile-news-block; LINION發行新曲〈Holiday Only〉 9m88、黃宣、阿蘭AC、宋柏緯等明星組合唱隊助陣|||https://blow.streetvoice.com/58586/?utm_source=streetvoice&utm_medium=profile-news-block,,R&B / Soul,,,,"有沒有一種愛， 讓你願意跨越所有距離與考驗？ 「就算這世界對我針鋒相對，風再大、天再黑，我也不撤退。」 獻給每一個在深夜裡依然相信愛的所有存在， 〈漫漫長夜〉，蔓延日夜。 
有沒有一種愛， 讓你願意跨越所有距離與考驗？
「就算這世界對我針鋒相對，風再大、天再黑，我也不撤退。」
獻給每一個在深夜裡依然相信愛的所有存在，
〈漫漫長夜〉，蔓延日夜。","時間停止瞬間 別說話讓我收藏有關於你的一切 思緒像微風 在你身邊盤旋 不需言語我了解 總在夜深人靜 腦袋不自覺浮現你最美的笑臉 牽起我的手 趁夜沒發現 再讓我更靠近你一些些 在這漫漫長夜 讓我守護你身邊 day by day 把所有想像都實現 閉上你雙眼 你的愛我來擁有 漫漫長夜 讓我照亮你 每一天每一夜 我會在身邊 不要再懷疑 不要再後退 我只為你眷戀 就算這世界 對我針鋒相對 風再大 天再黑 我也不撤退 沒有誰能改變 我的心 讓愛蔓延在漫漫長夜 總在夜深人靜 腦袋不自覺浮現你最美的笑臉 牽起我的手 趁夜沒發現 再讓我更靠近你一些些 (靠近一些些) 在這漫漫長夜 讓我守護你身邊 day by day 把所有想像都實現 閉上你雙眼 (Oh babe) 你的愛我來擁有 漫漫長夜 讓我照亮你 每一天每一夜 我會在身邊 不要再懷疑 不要再後退 我只為你眷戀 就算這世界 對我針鋒相對 風再大 天再黑 我也不撤退 沒有誰能改變 我的心 讓愛蔓延在漫漫長夜 漫漫長夜 day by day 漫漫長夜 day by day 讓愛在漫漫長夜 
時間停止瞬間 別說話讓我收藏有關於你的一切 思緒像微風 在你身邊盤旋 不需言語我了解
總在夜深人靜 腦袋不自覺浮現你最美的笑臉 牽起我的手 趁夜沒發現 再讓我更靠近你一些些
在這漫漫長夜 讓我守護你身邊 day by day 把所有想像都實現 閉上你雙眼 你的愛我來擁有
漫漫長夜 讓我照亮你 每一天每一夜 我會在身邊 不要再懷疑 不要再後退 我只為你眷戀
就算這世界 對我針鋒相對 風再大 天再黑 我也不撤退 沒有誰能改變 我的心 讓愛蔓延在漫漫長夜
總在夜深人靜 腦袋不自覺浮現你最美的笑臉 牽起我的手 趁夜沒發現 再讓我更靠近你一些些 (靠近一些些)
在這漫漫長夜 讓我守護你身邊 day by day 把所有想像都實現 閉上你雙眼 (Oh babe) 你的愛我來擁有
漫漫長夜 讓我照亮你 每一天每一夜 我會在身邊 不要再懷疑 不要再後退 我只為你眷戀
就算這世界 對我針鋒相對 風再大 天再黑 我也不撤退 沒有誰能改變 我的心 讓愛蔓延在漫漫長夜
漫漫長夜 day by day 漫漫長夜 day by day 讓愛在漫漫長夜
留言（ 19 ） 最相關留言 所有留言
留言（ 19 ）",2026-07-06,,Song of the Day; 週排行冠軍; 達人推薦; 編輯推薦,True,True,https://streetvoice.com/alanchou12345/songs/867797/critic_reviews/
2026-08-10 03:44:08,realtime,all,,,42,Źulu,腐朽 ft.NØIR,1,43,0,https://streetvoice.com/Zulucandymonster/songs/873678/,https://streetvoice.com/Zulucandymonster/,"https://akstatic.streetvoice.com/song_covers/Zu/lu/Zulucandymonster/5emfDv8Xm7Z2LxK7CV5NwU.jpg?x-oss-process=image/resize,m_fixed,h_1,w_1,limit_0/resize,m_fixed,h_630,w_1200,limit_0/watermark,image_c29uZ19jb3ZlcnMvWnUvbHUvWnVsdWNhbmR5bW9uc3Rlci81ZW1mRHY4WG03WjJMeEs3Q1Y1TndVLmpwZz94LW9zcy1wcm9jZXNzPWltYWdlL3Jlc2l6ZSxtX2ZpeGVkLGhfMzQ0LHdfMzQ0LGxpbWl0XzA,g_nw,x_428,y_143/watermark,image_YXNzZXQvaW1hZ2VzL21ldGFpbWFnZS1zb25nLnBuZw,g_nw,x_0,y_0",images/873678.jpg,@Zulucandymonster,音樂人,,,,2,2,6,,,https://www.youtube.com/user/StreetVoiceTV,,,Hip hop / Rap,,,NØIR,"Prod.STARCRAH 
Prod.STARCRAH","I Got the talent no anymore patience Non be fashion but no more passion 你說你愛我 但我感覺不到 身心受創需要一些輔導 幹我想要逃離 打破了beef的玻璃 沒有天賦的我也沒有耐心 Move on move on  I think we should move on 我也想了好多想要讓你calm down 當你抬頭看著星空是否你還愛我 抑制找你的衝動 沒能夠和你走到最後 照片在慢慢腐朽 我真的好想你回頭 Fk u die On my mind Gave you my love whole the time 想了好多想要借酒做 但我沒有好的藉口說 b with you*n B With u Even u tears me apart 當你抬頭看著星空是否你還愛我 抑制找你的衝動 沒能夠和你走到最後 照片在慢慢腐朽 我真的好想你回頭 你送的jelly cat 現在還被我丟在房間 拍過的照相片 跟著回憶留在那年春天 你對我說的話 像一把鋒利的刀 很很刺激我的胸口 當你抬頭看著星空是否你還愛我 抑制找你的衝動 沒能夠和你走到最後 照片在慢慢腐朽 我真的好想你回頭 Give me chance Don’t break us apart 你給的回憶太深了 我無法自拔 如果能夠重來我不會再次放你離開 
I Got the talent no anymore patience Non be fashion but no more passion 你說你愛我 但我感覺不到 身心受創需要一些輔導 幹我想要逃離 打破了beef的玻璃 沒有天賦的我也沒有耐心 Move on move on  I think we should move on 我也想了好多想要讓你calm down
當你抬頭看著星空是否你還愛我 抑制找你的衝動 沒能夠和你走到最後 照片在慢慢腐朽 我真的好想你回頭
Fk u die On my mind Gave you my love whole the time 想了好多想要借酒做 但我沒有好的藉口說 b with you*n B With u Even u tears me apart
當你抬頭看著星空是否你還愛我 抑制找你的衝動 沒能夠和你走到最後 照片在慢慢腐朽 我真的好想你回頭
你送的jelly cat 現在還被我丟在房間 拍過的照相片 跟著回憶留在那年春天
你對我說的話 像一把鋒利的刀 很很刺激我的胸口 當你抬頭看著星空是否你還愛我 抑制找你的衝動 沒能夠和你走到最後 照片在慢慢腐朽 我真的好想你回頭
Give me chance Don’t break us apart 你給的回憶太深了 我無法自拔 如果能夠重來我不會再次放你離開
留言（ 0 ） 最相關留言 所有留言
留言（ 0 ）",2026-08-09,,,False,False,
2026-08-10 03:44:08,realtime,all,,,43,Akira Lin,安眠藥 Ver.2：藥效失效,5,34,2,https://streetvoice.com/music0072/songs/873502/,https://streetvoice.com/music0072/,"https://akstatic.streetvoice.com/song_covers/mu/si/music0072/VPcsj5puU4QoFxjXUrv6Kw.jpeg?x-oss-process=image/resize,m_fixed,h_1,w_1,limit_0/resize,m_fixed,h_630,w_1200,limit_0/watermark,image_c29uZ19jb3ZlcnMvbXUvc2kvbXVzaWMwMDcyL1ZQY3NqNXB1VTRRb0Z4alhVcnY2S3cuanBlZz94LW9zcy1wcm9jZXNzPWltYWdlL3Jlc2l6ZSxtX2ZpeGVkLGhfMzQ0LHdfMzQ0LGxpbWl0XzA,g_nw,x_428,y_143/watermark,image_YXNzZXQvaW1hZ2VzL21ldGFpbWFnZS1zb25nLnBuZw,g_nw,x_0,y_0",images/873502.jpeg,@music0072,音樂人,台中市,2021-04-01,,8,8,3,,,https://www.youtube.com/user/StreetVoiceTV,2024浪人祭一般票券開賣首日完售！AKIRA攜師弟THE JET BOY BANGERZ|||https://blow.streetvoice.com/75091/?utm_source=streetvoice&utm_medium=profile-news-block; 饒舌歌手 Peatle 作品取材《Akira / 阿基拉》聯名潮牌推服飾|||https://blow.streetvoice.com/19998/?utm_source=streetvoice&utm_medium=profile-news-block; 2024浪人祭推出全新海外陣容：西班牙文青女聲Russian Red再次訪台，kanekoayano、Science Noodles接力開唱|||https://blow.streetvoice.com/76097/?utm_source=streetvoice&utm_medium=profile-news-block,,Electronic,,,,"安眠藥 Ver.2：藥效失效 曲：Akira Lin 詞：呂依芳 這個版本以更高亢 更破碎的情緒重新展開 一場藥效失敗後的清醒 原本以為吞下去就能逃離惡夢 但吃多少藥都睡不著 關上燈也關不掉心裡的聲音 於是她只能困在一個人的世界裡 在高樓之上 把所有沒有人聽見的崩潰 唱成最後一次的吶喊 
安眠藥 Ver.2：藥效失效 曲：Akira Lin 詞：呂依芳
這個版本以更高亢 更破碎的情緒重新展開
一場藥效失敗後的清醒 原本以為吞下去就能逃離惡夢 但吃多少藥都睡不著 關上燈也關不掉心裡的聲音 於是她只能困在一個人的世界裡 在高樓之上 把所有沒有人聽見的崩潰 唱成最後一次的吶喊","那一天 離開的你 雙唇的留戀 不如那天 熄滅的菸 沖走的思念 你說你不曾欺騙 我卻從不曾改變 那杯酒 給我的暈眩 我吞了好幾顆 只為那晚的纏綿 你說你不記得 選擇告別在雨天 我吞了好幾顆 只為忘掉那一切 你說不想在這 讓我一個人記得 我吞了好幾顆 只為那晚的失眠 你說不想相信 讓我獨自在故事裡 沉睡 能不能抱緊我啊 用力的抱住我燃燒我 免得我破碎啊 難道 就沒有別的辦法了嗎 只能 把自己揉進爛泥裡嗎 我吞了好幾顆 只為那晚的纏綿 你說你不記得 選擇告別在雨天 我吞了好幾顆 只為忘掉那一切 你說不想在這 讓我一個人記得 我吞了好幾顆 只為那晚的失眠 你說不想相信 讓我獨自在故事裡 沉睡 我混亂的記憶 反覆出現的惡夢 你說你不記得 選擇忽略我的痛 我混亂的記憶 不斷出現的殘影 你說不想在這 留我一人的哭聲 我 混亂的記憶 混亂的記憶 已經斷開的生命 你說不想相信 只為你要的安寧 在失去我之前 請還給我吧 
那一天 離開的你 雙唇的留戀 不如那天 熄滅的菸 沖走的思念
你說你不曾欺騙 我卻從不曾改變 那杯酒 給我的暈眩
我吞了好幾顆 只為那晚的纏綿 你說你不記得 選擇告別在雨天
我吞了好幾顆 只為忘掉那一切 你說不想在這 讓我一個人記得
我吞了好幾顆 只為那晚的失眠 你說不想相信 讓我獨自在故事裡 沉睡
能不能抱緊我啊 用力的抱住我燃燒我 免得我破碎啊
難道 就沒有別的辦法了嗎 只能 把自己揉進爛泥裡嗎
我吞了好幾顆 只為那晚的纏綿 你說你不記得 選擇告別在雨天
我吞了好幾顆 只為忘掉那一切 你說不想在這 讓我一個人記得
我吞了好幾顆 只為那晚的失眠 你說不想相信 讓我獨自在故事裡
沉睡
我混亂的記憶 反覆出現的惡夢 你說你不記得 選擇忽略我的痛
我混亂的記憶 不斷出現的殘影 你說不想在這 留我一人的哭聲
我 混亂的記憶 混亂的記憶 已經斷開的生命
你說不想相信 只為你要的安寧
在失去我之前 請還給我吧
留言（ 2 ） 最相關留言 所有留言
留言（ 2 ）",2026-08-08,,,False,False,
2026-08-10 03:44:08,realtime,all,,,44,Yao,落葉歸根（Feat.Leader立德),4,43,4,https://streetvoice.com/kevenyao2002/songs/873468/,https://streetvoice.com/kevenyao2002/,"https://akstatic.streetvoice.com/song_covers/ke/ve/kevenyao2002/ToCLdDPpnwrcGSc8EaTztx.jpg?x-oss-process=image/resize,m_fixed,h_1,w_1,limit_0/resize,m_fixed,h_630,w_1200,limit_0/watermark,image_c29uZ19jb3ZlcnMva2UvdmUva2V2ZW55YW8yMDAyL1RvQ0xkRFBwbndyY0dTYzhFYVR6dHguanBnP3gtb3NzLXByb2Nlc3M9aW1hZ2UvcmVzaXplLG1fZml4ZWQsaF8zNDQsd18zNDQsbGltaXRfMA,g_nw,x_428,y_143/watermark,image_YXNzZXQvaW1hZ2VzL21ldGFpbWFnZS1zb25nLnBuZw,g_nw,x_0,y_0",images/873468.jpg,@kevenyao2002,音樂人,新北市,2013-09-01,,2,28,5,,,https://www.youtube.com/user/StreetVoiceTV,THAT’S MY SHHH聯手國語作業簿舉辦嘻哈派對「TM國2」邀陳珊妮、陳嫺靜等30組陣容輪番登台|||https://blow.streetvoice.com/89094/?utm_source=streetvoice&utm_medium=profile-news-block; 李瀧出版新書《我是這樣走到這裡》梳理家庭創傷 新書分享會將與作家李屏瑤對談|||https://blow.streetvoice.com/86085/?utm_source=streetvoice&utm_medium=profile-news-block; 跨界樂團血のヤオヤ發行首張專輯《MEED》結合動畫、玩具概念|||https://blow.streetvoice.com/85044/?utm_source=streetvoice&utm_medium=profile-news-block,,Folk,,,Leader 立德,"送給我爸爸。 詞：Yao 曲：Yao Guitar：Yao Vocal  ：Leader 立德 混音母帶：張寬 
送給我爸爸。
詞：Yao 曲：Yao Guitar：Yao Vocal  ：Leader 立德 混音母帶：張寬","你 已經精疲力盡 只 剩下最後一口氣 但我還放不下 還放不下 渴望 聽見你的聲音 想熟睡在你的懷裡 但我沒辦法 再等下去 一切 將煙消雲散 所有的苦難化作沙塵 落葉總有天歸根 願我是你記一輩子的人 總覺得 遺憾惋惜 我們會在 終點相遇 人生如夢 做你自己 一切 將煙消雲散 所有的苦難 化作沙塵 落葉總 有天歸根 願我是你記一輩子的人 一切 將煙消雲散 所有的苦難 化作沙塵 落葉總 有天歸根 願我是你記一輩子的人 願我是你  是你記一輩子 的人 
你 已經精疲力盡 只 剩下最後一口氣 但我還放不下 還放不下
渴望 聽見你的聲音 想熟睡在你的懷裡 但我沒辦法 再等下去
一切 將煙消雲散 所有的苦難化作沙塵
落葉總有天歸根 願我是你記一輩子的人
總覺得 遺憾惋惜 我們會在 終點相遇 人生如夢 做你自己
一切 將煙消雲散 所有的苦難 化作沙塵
落葉總 有天歸根 願我是你記一輩子的人
一切 將煙消雲散 所有的苦難 化作沙塵
落葉總 有天歸根 願我是你記一輩子的人 願我是你  是你記一輩子 的人
留言（ 4 ） 最相關留言 所有留言
留言（ 4 ）",2026-08-08,,,False,False,
2026-08-10 03:44:08,realtime,all,,,45,雷克非 Christopher R,過來陪我喝一杯酒,12,240,13,https://streetvoice.com/ChristopherR/songs/873115/,https://streetvoice.com/ChristopherR/,"https://akstatic.streetvoice.com/song_covers/Ch/ri/ChristopherR/DZETTk4foXWjfN6YbKgYfv.jpeg?x-oss-process=image/resize,m_fixed,h_1,w_1,limit_0/resize,m_fixed,h_630,w_1200,limit_0/watermark,image_c29uZ19jb3ZlcnMvQ2gvcmkvQ2hyaXN0b3BoZXJSL0RaRVRUazRmb1hXamZONlliS2dZZnYuanBlZz94LW9zcy1wcm9jZXNzPWltYWdlL3Jlc2l6ZSxtX2ZpeGVkLGhfMzQ0LHdfMzQ0LGxpbWl0XzA,g_nw,x_428,y_143/watermark,image_YXNzZXQvaW1hZ2VzL21ldGFpbWFnZS1zb25nLnBuZw,g_nw,x_0,y_0",images/873115.jpeg,@ChristopherR,音樂人,,,,53,50,157,,,https://www.youtube.com/user/StreetVoiceTV,,,R&B / Soul,,,,"喝醉的不是我 是你，我的朋友 
喝醉的不是我 是你，我的朋友","過來陪我 喝一杯酒 看窗外的燈火 慢慢閃動 酒杯輕輕碰了 誰也沒開口 有些故事不用說 彼此也都懂 不用急著說 今天發生了什麼 先讓杯裡的餘溫 多停留片刻 過來陪我喝一杯酒 不用微笑，也不用安慰我 等街上的燈一盞一盞亮起 就算沉默 也一起坐在這裡 過來陪我喝一杯酒 沒有答案的事先放在一邊 等最後一口慢慢喝完以前 至少今晚 我們一起面對 門鈴響了兩聲 又有人進來 你看著杯中的倒影 晃了又停下來 我不問明天 會不會好一點 只把身旁這個位置 留在你這邊 不用勉強說 你其實沒有什麼 有些疲倦只需要 有個人能懂 過來陪我喝一杯酒 不用微笑，也不用安慰我 等街上的燈一盞一盞亮起 就算沉默 也一起坐在這裡 過來陪我喝一杯酒 沒有答案的事先放在一邊 等最後一口慢慢喝完以前 至少今晚 我們一起面對 世界總催著人 不停往前 可是在今夜 我們可以慢一點 不用逞強微笑 也不用假裝勇敢 等這一杯喝完 明天再談 過來陪我喝完這杯酒 窗外的夜已落滿街頭 那些說不清的苦澀和疲憊 留在杯底 今晚別再帶走 過來陪我喝完這杯酒 明天的事明天再說 等你穿上外套走出門以前 只要回頭 我還會坐在這邊 過來陪我 喝一杯酒 什麼都不說 就坐到最後 
過來陪我 喝一杯酒 看窗外的燈火 慢慢閃動
酒杯輕輕碰了 誰也沒開口 有些故事不用說 彼此也都懂
不用急著說 今天發生了什麼 先讓杯裡的餘溫 多停留片刻
過來陪我喝一杯酒 不用微笑，也不用安慰我 等街上的燈一盞一盞亮起 就算沉默 也一起坐在這裡
過來陪我喝一杯酒 沒有答案的事先放在一邊 等最後一口慢慢喝完以前 至少今晚 我們一起面對
門鈴響了兩聲 又有人進來 你看著杯中的倒影 晃了又停下來
我不問明天 會不會好一點 只把身旁這個位置 留在你這邊
不用勉強說 你其實沒有什麼 有些疲倦只需要 有個人能懂
過來陪我喝一杯酒 不用微笑，也不用安慰我 等街上的燈一盞一盞亮起 就算沉默 也一起坐在這裡
過來陪我喝一杯酒 沒有答案的事先放在一邊 等最後一口慢慢喝完以前 至少今晚 我們一起面對
世界總催著人 不停往前 可是在今夜 我們可以慢一點
不用逞強微笑 也不用假裝勇敢 等這一杯喝完 明天再談
過來陪我喝完這杯酒 窗外的夜已落滿街頭 那些說不清的苦澀和疲憊 留在杯底 今晚別再帶走
過來陪我喝完這杯酒 明天的事明天再說 等你穿上外套走出門以前 只要回頭 我還會坐在這邊
過來陪我 喝一杯酒 什麼都不說 就坐到最後
留言（ 13 ） 最相關留言 所有留言
留言（ 13 ）",2026-08-06,,AI 協作 R&B / Soul,False,False,
2026-08-10 03:44:08,realtime,all,,,46,保溫,韋禮安娜60秒,3,23,0,https://streetvoice.com/baowen_123/songs/873560/,https://streetvoice.com/baowen_123/,"https://akstatic.streetvoice.com/song_covers/cr/im/crimson_bar_j68/jm6NB5TCnLHSzX2cY5ovnZ.jpeg?x-oss-process=image/resize,m_fixed,h_1,w_1,limit_0/resize,m_fixed,h_630,w_1200,limit_0/watermark,image_c29uZ19jb3ZlcnMvY3IvaW0vY3JpbXNvbl9iYXJfajY4L2ptNk5CNVRDbkxIU3pYMmNZNW92blouanBlZz94LW9zcy1wcm9jZXNzPWltYWdlL3Jlc2l6ZSxtX2ZpeGVkLGhfMzQ0LHdfMzQ0LGxpbWl0XzA,g_nw,x_428,y_143/watermark,image_YXNzZXQvaW1hZ2VzL21ldGFpbWFnZS1zb25nLnBuZw,g_nw,x_0,y_0",images/873560.jpeg,@baowen_123,音樂人,,,,4,14,11,,,https://www.youtube.com/user/StreetVoiceTV,Organik Festival有機音樂祭4/26連續三天晝夜不間斷！首度與亞洲各地電子音樂場景跨海合作|||https://blow.streetvoice.com/73062/?utm_source=streetvoice&utm_medium=profile-news-block; 「Legacy mini@好丘」世界地球日開幕 法蘭、淺堤開唱推廣綠色生活|||https://blow.streetvoice.com/54447/?utm_source=streetvoice&utm_medium=profile-news-block; Mary See the Future《musickness》巡演最終站將唱進台大體育館|||https://blow.streetvoice.com/47639/?utm_source=streetvoice&utm_medium=profile-news-block,,Hip hop / Rap,WE DONT KNOW,https://streetvoice.com/baowen_123/songs/album/97325866/,,"大溪哈時代2落選歌曲 
大溪哈時代2落選歌曲","這是沒有提供歌詞的歌曲
留言（ 0 ） 最相關留言 所有留言
留言（ 0 ）",2026-08-08,,,False,False,
2026-08-10 03:44:08,realtime,all,,,47,漢堡雞,Path,3,601,2,https://streetvoice.com/HamboG/songs/873319/,https://streetvoice.com/HamboG/,"https://akstatic.streetvoice.com/song_covers/Ha/mb/HamboG/DtqxwKkGSidLm6x3DKqiBQ.jpeg?x-oss-process=image/resize,m_fixed,h_1,w_1,limit_0/resize,m_fixed,h_630,w_1200,limit_0/watermark,image_c29uZ19jb3ZlcnMvSGEvbWIvSGFtYm9HL0R0cXh3S2tHU2lkTG02eDNES3FpQlEuanBlZz94LW9zcy1wcm9jZXNzPWltYWdlL3Jlc2l6ZSxtX2ZpeGVkLGhfMzQ0LHdfMzQ0LGxpbWl0XzA,g_nw,x_428,y_143/watermark,image_YXNzZXQvaW1hZ2VzL21ldGFpbWFnZS1zb25nLnBuZw,g_nw,x_0,y_0",images/873319.jpeg,@HamboG,音樂人,,,,14,12,4,,,https://www.youtube.com/user/StreetVoiceTV,,,Hip hop / Rap,,,,"編曲：漢堡雞 詞曲：漢堡雞 演唱：漢堡雞 混音：漢堡雞 
編曲：漢堡雞 詞曲：漢堡雞 演唱：漢堡雞 混音：漢堡雞","It’s hard to tell the truth 我想是為了自我保護 Hope  I was getting better But it wasn't true 心有許多傷 情緒很重 Trying not to drown Trying not to choke 我試著想清楚 用各種角度 Wonder if I'll ever 殺出一條路 已經持續太久 一直put my head down 已經不想再去 相信任何徵兆 Everybody says it'll fade with time 但這pattern 已深印 我腦袋 I got trust issues, I admit it Cause people don’t really care what they’re spitting 是我自己想太多 I get it Still feeling lonely when I'm sitting with my friends 也許我怕改變 也或許害怕 I'll stay the same Maybe the pain became a place That I got way too used to It’s hard to tell the truth 我想是為了自我保護 Hope  I was getting better But it wasn't true 心有許多傷 情緒很重 Trying not to drown Trying not to choke 我試著想清楚 用各種角度 Wonder if I'll ever 殺出一條路 時光它不能重來 怎樣不在意成敗 Looking for peace inside But all these memories 一直都在 還在學習 how to let go 誰也不知誰會先走 我試著晚點到盡頭 試著放下往前走 或許失去也有意義 每個傷口都是教訓 Maybe one day I'll believe it Right now I'm still healing It’s hard to tell the truth 我想是為了自我保護 Thought I was getting better Guess that wasn't true 心有許多傷 肺有很多洞 Trying not to drown Trying not to choke 我試著想清楚 用各種角度 也許有天終於 Find my way through 
It’s hard to tell the truth 我想是為了自我保護 Hope  I was getting better But it wasn't true 心有許多傷 情緒很重 Trying not to drown Trying not to choke 我試著想清楚 用各種角度 Wonder if I'll ever 殺出一條路
已經持續太久 一直put my head down 已經不想再去 相信任何徵兆 Everybody says it'll fade with time 但這pattern 已深印 我腦袋 I got trust issues, I admit it Cause people don’t really care what they’re spitting 是我自己想太多 I get it Still feeling lonely when I'm sitting with my friends 也許我怕改變 也或許害怕 I'll stay the same Maybe the pain became a place That I got way too used to
It’s hard to tell the truth 我想是為了自我保護 Hope  I was getting better But it wasn't true 心有許多傷 情緒很重 Trying not to drown Trying not to choke 我試著想清楚 用各種角度 Wonder if I'll ever 殺出一條路
時光它不能重來 怎樣不在意成敗 Looking for peace inside But all these memories 一直都在 還在學習 how to let go 誰也不知誰會先走 我試著晚點到盡頭 試著放下往前走 或許失去也有意義 每個傷口都是教訓 Maybe one day I'll believe it Right now I'm still healing
It’s hard to tell the truth 我想是為了自我保護 Thought I was getting better Guess that wasn't true 心有許多傷 肺有很多洞 Trying not to drown Trying not to choke 我試著想清楚 用各種角度 也許有天終於 Find my way through
留言（ 2 ） 最相關留言 所有留言
留言（ 2 ）",2026-08-07,,AI 協作 Hip hop / Rap,False,False,
2026-08-10 03:44:08,realtime,all,,,48,Shine,Make it right,1,104,0,https://streetvoice.com/shineyang1110/songs/873562/,https://streetvoice.com/shineyang1110/,"https://akstatic.streetvoice.com/music_albums/sh/in/shineyang1110/KiaGQ3pXXLwrGvauVgbXuU.jpeg?x-oss-process=image/resize,m_fixed,h_1,w_1,limit_0/resize,m_fixed,h_630,w_1200,limit_0/watermark,image_bXVzaWNfYWxidW1zL3NoL2luL3NoaW5leWFuZzExMTAvS2lhR1EzcFhYTHdyR3ZhdVZnYlh1VS5qcGVnP3gtb3NzLXByb2Nlc3M9aW1hZ2UvcmVzaXplLG1fZml4ZWQsaF8zNDQsd18zNDQsbGltaXRfMA,g_nw,x_428,y_143/watermark,image_YXNzZXQvaW1hZ2VzL21ldGFpbWFnZS1zb25nLnBuZw,g_nw,x_0,y_0",images/873562.jpeg,@shineyang1110,音樂人,台北市,2015-05-01,,6,9,4,,,https://www.youtube.com/user/StreetVoiceTV,回聲樂團與侯志堅共同拍攝〈Take a Shine〉Live Session 向坂本龍一致敬|||https://blow.streetvoice.com/73374/?utm_source=streetvoice&utm_medium=profile-news-block; 回聲樂團新歌〈Take a Shine〉邀三金滿貫得主侯志堅編曲製作 致敬一代電影配樂大師坂本龍一|||https://blow.streetvoice.com/71505/?utm_source=streetvoice&utm_medium=profile-news-block; 魏嘉瑩翻唱計劃啟動 邀妹妹Shine合唱〈太陽〉獻給一路陪伴的歌迷|||https://blow.streetvoice.com/49940/?utm_source=streetvoice&utm_medium=profile-news-block,,Singer / Songwriter,三十而泣,https://streetvoice.com/shineyang1110/songs/album/97313572/,,,"Verse1 層樓鋼筋水泥排列的很縝密 分明是自己的作品也會不小心 不小心迷失自己 不小心丟了自己 Verse2 我選擇燒完一切華麗和空虛 只願你能走進這崩塌的灰燼 你要不要一起 你敢不敢靠近 Bridge 我 渴望被理解 也厭倦了虛偽 在這世界充滿是是非非 我 想要被你發現 不想要再迂迴 城牆因你瓦解 是否還願面對 Chorus I wanna make it right 這世界早已破爛 付出的真心也想好好被對待 I wanna make it right 我不想猜 崩塌後的秩序不是你 我寧可腐爛 
Verse1 層樓鋼筋水泥排列的很縝密 分明是自己的作品也會不小心 不小心迷失自己 不小心丟了自己
Verse2 我選擇燒完一切華麗和空虛 只願你能走進這崩塌的灰燼 你要不要一起 你敢不敢靠近
Bridge 我 渴望被理解 也厭倦了虛偽 在這世界充滿是是非非 我 想要被你發現 不想要再迂迴 城牆因你瓦解 是否還願面對
Chorus I wanna make it right 這世界早已破爛 付出的真心也想好好被對待
I wanna make it right 我不想猜 崩塌後的秩序不是你 我寧可腐爛
留言（ 0 ） 最相關留言 所有留言
留言（ 0 ）",2026-08-08,,,False,False,
2026-08-10 03:44:08,realtime,all,,,49,劉修齊,雲天明demo,104,11498,31,https://streetvoice.com/MatthewLiu/songs/870091/,https://streetvoice.com/MatthewLiu/,"https://akstatic.streetvoice.com/song_covers/Ma/tt/MatthewLiu/aSmrrtfn73LUrSFMK2eNVc.jpeg?x-oss-process=image/resize,m_fixed,h_1,w_1,limit_0/resize,m_fixed,h_630,w_1200,limit_0/watermark,image_c29uZ19jb3ZlcnMvTWEvdHQvTWF0dGhld0xpdS9hU21ycnRmbjczTFVyU0ZNSzJlTlZjLmpwZWc_eC1vc3MtcHJvY2Vzcz1pbWFnZS9yZXNpemUsbV9maXhlZCxoXzM0NCx3XzM0NCxsaW1pdF8w,g_nw,x_428,y_143/watermark,image_YXNzZXQvaW1hZ2VzL21ldGFpbWFnZS1zb25nLnBuZw,g_nw,x_0,y_0",images/870091.jpeg,@MatthewLiu,音樂人,,,2026-08-04 16:48,2,478,,https://www.facebook.com/share/19GGoV6fp5/?mibextid=wwXIfr,https://www.instagram.com/hsiuchichi/,https://www.youtube.com/@m920333333,【週五看MV】體熊專科邀鄭宇辰、劉修齊和四分衛阿山客串演出懸疑MV 18禁劇情請斟酌觀賞|||https://blow.streetvoice.com/52826/?utm_source=streetvoice&utm_medium=profile-news-block; 【吹專訪】帶著滑交友軟體的心情來，不用太認真交往——策展人官靖剛談秋OUT：我想辦一個「不熱血」的台北音樂節|||https://blow.streetvoice.com/83078/?utm_source=streetvoice&utm_medium=profile-news-block; 第三屆火球祭圓滿落幕 滅火器無預警邀細美武士合唱ELLEGARDEN〈Make A Wish〉|||https://blow.streetvoice.com/70928/?utm_source=streetvoice&utm_medium=profile-news-block,,Pop,,,,"這是一首有關三體的歌曲，正式版將收錄於今年即將發行的歌人專輯《朋友、戀人與最糟糕的事》 
這是一首有關三體的歌曲，正式版將收錄於今年即將發行的歌人專輯《朋友、戀人與最糟糕的事》","雲天明 我願意做一顆星球 藏在你無邊的宇宙 在你不捨之前我會先離開 童年時不曾真的有童話 離別時也不曾真的害怕 你如晨星總是明亮 我是銀河之外的悲傷 遙遠地 容不下一句話 我願意做一顆星球 藏在你無邊的宇宙 在你不捨之前我會先離開 沈默如流星般劃過 仰望著恆星的永久 在時間的盡頭 我會等待 沈默如流星般劃過 仰望著恆星的永久 在時間的盡頭 我會等待 等待你醒過來 這次我 會勇敢 說出來 - 詞曲編曲錄音混音演唱：我 
雲天明
我願意做一顆星球 藏在你無邊的宇宙 在你不捨之前我會先離開
童年時不曾真的有童話 離別時也不曾真的害怕 你如晨星總是明亮 我是銀河之外的悲傷 遙遠地 容不下一句話
我願意做一顆星球 藏在你無邊的宇宙 在你不捨之前我會先離開
沈默如流星般劃過 仰望著恆星的永久 在時間的盡頭 我會等待
沈默如流星般劃過 仰望著恆星的永久 在時間的盡頭 我會等待
等待你醒過來 這次我 會勇敢 說出來
-
詞曲編曲錄音混音演唱：我
留言（ 31 ） 最相關留言 所有留言
留言（ 31 ）",2026-07-19,,Song of the Day; 週排行冠軍; 編輯推薦,True,True,
2026-08-10 03:44:08,realtime,all,,,50,辛彩薰imxun,Diamond（玩麥塊生存開局就下礦結果3個小時才挖到鑽石）,16,15972,2,https://streetvoice.com/imxun/songs/870777/,https://streetvoice.com/imxun/,"https://akstatic.streetvoice.com/song_covers/im/xu/imxun/iJf2mXSWCLcL9fcCxMyuUY.jpg?x-oss-process=image/resize,m_fixed,h_1,w_1,limit_0/resize,m_fixed,h_630,w_1200,limit_0/watermark,image_c29uZ19jb3ZlcnMvaW0veHUvaW14dW4vaUpmMm1YU1dDTGNMOWZjQ3hNeXVVWS5qcGc_eC1vc3MtcHJvY2Vzcz1pbWFnZS9yZXNpemUsbV9maXhlZCxoXzM0NCx3XzM0NCxsaW1pdF8w,g_nw,x_428,y_143/watermark,image_YXNzZXQvaW1hZ2VzL21ldGFpbWFnZS1zb25nLnBuZw,g_nw,x_0,y_0",images/870777.jpg,@imxun,音樂人,,,,1,34,1,,,https://www.youtube.com/user/StreetVoiceTV,,,Hip hop / Rap,,,,"大嘻哈3沒有入棚只好回去麥塊挖鑽石了……記得小時候跑大隊接力，我都是候補，因為我跑得很慢，但是從今以後，再也不會有人笑我跑得慢了，因為我是———專業陪跑員。我沒有入棚就像把一根竹筍剁碎，不好意思上菜囉～🗣️🗣️你們要的小彩來了，嗯嗯對，這是你們的筍絲，饒舌界來了個無關緊要的人但諧音梗界失去了他的耶路撒冷，懂？￼ 無論如何，我這一生如履薄冰，但是俺的歌就是俺的態度，Never give it up!（說到這裡，辛彩薰跳起了瑞克搖） 麥塊玩到後期的朋友都知道，有時候鐵礦脈的鐵真的太多了，挖不完，而且我有鐵巨人塔，然後金又沒什麼用，所以我就只想挖鑽石，我就是很貪心，我想要我整間房子都是鑽石磚，我根本不管好不好看，我就是想要別人遠遠看見我的房子就會驚嘆：omg!麥塊界的陶朱隱園!所以我就一直挖鑽石，一直挖，一直挖，我做夢都在挖，你問為什麼火把已經所剩無幾？為什麼不加全亮模組？我的原則是玩麥塊不可以加模組，因為我不會裝，我又是一個很陽春的人，我不想學我就會堅持不學，所以我每次去探廢礦的時候火把都會用完，但是深板岩層又挖不到煤炭（深板岩層比較好挖鑽石），這時候我就會叫朋友tp我，為我送一些煤炭來，像是Uber Eat或是Foodpanda那樣，然後我會跟他們一點鑽石，這才不是作弊，我一步都沒有退，打指令的是我朋友不是我，我有給她鑽石啊，我們是正常交易，煤炭變鑽石，就像醜小鴨會變天鵝一樣！😤 最後，封面我用我的ID/imxun拼成了134，是我的海選號碼，你問1、2、3、4的2在哪？我不知道啊我去海選的時候沒有吃早餐沒有吃午餐，我肚子很2啊！我前一天還睡不著，我只睡了2個小時，人家還做2夢～😭😭我夢到我一直挖不到鑽石……我要好好睡覺。。。😴 
大嘻哈3沒有入棚只好回去麥塊挖鑽石了……記得小時候跑大隊接力，我都是候補，因為我跑得很慢，但是從今以後，再也不會有人笑我跑得慢了，因為我是———專業陪跑員。我沒有入棚就像把一根竹筍剁碎，不好意思上菜囉～🗣️🗣️你們要的小彩來了，嗯嗯對，這是你們的筍絲，饒舌界來了個無關緊要的人但諧音梗界失去了他的耶路撒冷，懂？￼ 無論如何，我這一生如履薄冰，但是俺的歌就是俺的態度，Never give it up!（說到這裡，辛彩薰跳起了瑞克搖）
麥塊玩到後期的朋友都知道，有時候鐵礦脈的鐵真的太多了，挖不完，而且我有鐵巨人塔，然後金又沒什麼用，所以我就只想挖鑽石，我就是很貪心，我想要我整間房子都是鑽石磚，我根本不管好不好看，我就是想要別人遠遠看見我的房子就會驚嘆：omg!麥塊界的陶朱隱園!所以我就一直挖鑽石，一直挖，一直挖，我做夢都在挖，你問為什麼火把已經所剩無幾？為什麼不加全亮模組？我的原則是玩麥塊不可以加模組，因為我不會裝，我又是一個很陽春的人，我不想學我就會堅持不學，所以我每次去探廢礦的時候火把都會用完，但是深板岩層又挖不到煤炭（深板岩層比較好挖鑽石），這時候我就會叫朋友tp我，為我送一些煤炭來，像是Uber Eat或是Foodpanda那樣，然後我會跟他們一點鑽石，這才不是作弊，我一步都沒有退，打指令的是我朋友不是我，我有給她鑽石啊，我們是正常交易，煤炭變鑽石，就像醜小鴨會變天鵝一樣！😤
最後，封面我用我的ID/imxun拼成了134，是我的海選號碼，你問1、2、3、4的2在哪？我不知道啊我去海選的時候沒有吃早餐沒有吃午餐，我肚子很2啊！我前一天還睡不著，我只睡了2個小時，人家還做2夢～😭😭我夢到我一直挖不到鑽石……我要好好睡覺。。。😴","Don't call me anymore 404 not found 告訴我座標地下幾層underground 裝聽不見那怪物聲響 獨自逞強著 踏破鐵鞋找不到 Tell me where you are 轉了幾個彎 Baby 你在哪 我們之間隔了幾層牆 距離你太遠的話 But I will never give it up 我挖到diamond 一顆後面接著還有一顆 So I’ll never give it up 你知道我從始至終的專一 真金白銀從不放在眼裡 為了找到你我滿眼 滿心 滿意 全都是你 Like I never get enough 他們說我太過貪心 沒盡頭的廢礦 火把已經所剩無幾 像傳遞接力棒 /tp 我的ID imxun小寫後面.730 踏破鐵鞋找不到 Tell me where you are 轉了幾個彎 Baby 你在～哪😭 我們之間 隔了幾層牆 距離你太遠的話 But I will never give it up ，，， 我挖到diamond 一顆後面接著還有一顆 So I’ll never give it up 
Don't call me anymore 404 not found 告訴我座標地下幾層underground 裝聽不見那怪物聲響 獨自逞強著 踏破鐵鞋找不到 Tell me where you are 轉了幾個彎 Baby 你在哪 我們之間隔了幾層牆 距離你太遠的話 But I will never give it up 我挖到diamond 一顆後面接著還有一顆 So I’ll never give it up 你知道我從始至終的專一 真金白銀從不放在眼裡 為了找到你我滿眼 滿心 滿意 全都是你 Like I never get enough 他們說我太過貪心 沒盡頭的廢礦 火把已經所剩無幾 像傳遞接力棒 /tp 我的ID imxun小寫後面.730 踏破鐵鞋找不到 Tell me where you are 轉了幾個彎 Baby 你在～哪😭 我們之間 隔了幾層牆 距離你太遠的話 But I will never give it up ，，， 我挖到diamond 一顆後面接著還有一顆 So I’ll never give it up
留言（ 2 ） 最相關留言 所有留言
留言（ 2 ）",2026-07-24,,編輯推薦,True,False,
