snapshot_time,chart_timeframe,chart_genre,chart_year,chart_week,rank,artist_name,song_title,likes_count,play_count,comments_count,song_url,artist_url,cover_image_url,cover_image_local_path,artist_handle,artist_identity,artist_city,artist_joined_date,artist_accredited_datetime,artist_music_count,artist_fans_count,artist_following_count,artist_facebook_url,artist_instagram_url,artist_youtube_url,related_news,big_thing_appearances,genre,album_title,album_url,collaborators,description,lyrics,release_date,song_accredited_datetime,honors,is_editor_recommended,is_song_of_the_day,critic_review_url
2026-08-28 13:41:01,realtime,ai_generated,,,1,Junna Lin,《你像是我的》|  You are like my...,15,65,8,https://streetvoice.com/Junna_Lin/songs/875054/,https://streetvoice.com/Junna_Lin/,"https://akstatic.streetvoice.com/song_covers/Ju/nn/Junna_Lin/YA87sN7TjqzmB6uV4qk7qD.jpeg?x-oss-process=image/resize,m_fixed,h_1,w_1,limit_0/resize,m_fixed,h_630,w_1200,limit_0/watermark,image_c29uZ19jb3ZlcnMvSnUvbm4vSnVubmFfTGluL1lBODdzTjdUanF6bUI2dVY0cWs3cUQuanBlZz94LW9zcy1wcm9jZXNzPWltYWdlL3Jlc2l6ZSxtX2ZpeGVkLGhfMzQ0LHdfMzQ0LGxpbWl0XzA,g_nw,x_428,y_143/watermark,image_YXNzZXQvaW1hZ2VzL21ldGFpbWFnZS1zb25nLnBuZw,g_nw,x_0,y_0",images/875054.jpeg,@Junna_Lin,音樂人,,,2026-08-18 10:03,112,67,112,,,https://www.youtube.com/@JunnaLinMusic,,,Pop,《把自己還給自己》｜完整專輯歌詞版 (Full Album Lyric Video)｜華語音樂｜原創專輯,https://streetvoice.com/Junna_Lin/songs/album/97325746/,,"《你像是我的》寫的是一種還沒有答案，心裡卻早已有了選擇的感情。 《你像是我的》已上線youtube: https://youtu.be/2ffp0fGQMGk 有空朋友在多多支持❤️❤️ 一次靠近、一聲呼喚、一個溫柔的眼神，都讓對方變得熟悉而安心，彷彿兩顆心在相遇以前，就已經認識彼此。 越是心動，越不敢輕易說破。害怕一切只是自己的想像，卻也捨不得從這場夢裡醒來。於是把沒有說出口的喜歡，藏成一個秘密，在彼此靠近的時刻靜靜感受——你像是我的。 👍 留下你的感覺或故事，我會看！ 👍 喜歡請按讚分享支持 【社群連結】 🎧 聽我的音樂： Spotify ▶ https://open.spotify.com/artist/1OFRgx5K1gftd7jvLV1EsS YouTube Music ▶ https://music.youtube.com/channel/UCnpKLh9e73Mb7N2NPDnMzrQ ▶️ 訂閱我的頻道： YouTube ▶ https://www.youtube.com/@JunnaLinMusic YouTube ▶ https://www.youtube.com/@JunnanLinMusic 📌 版權聲明 / Copyright Notice 本作品之歌詞、歌曲概念、旋律方向與影像設計由 Junna Lin 原創製作。 音樂成品使用 AI 音樂工具生成，並由本人整理與發布。 Lyrics, concept, melody direction, and visual design are originally created by Junna Lin. The final music was generated using AI music tools and published by Junna Lin. 請勿未經授權使用、重製或重新上傳。 Unauthorized use, reproduction, or re-upload is prohibited. © Junna Lin. All Rights Reserved. 🎤 演唱:AI ✍️ 詞:Junna Lin 🎼 曲:Junna Lin 🎧 建議在深夜或戴上耳機聆聽，感受每一層情緒 
《你像是我的》寫的是一種還沒有答案，心裡卻早已有了選擇的感情。
《你像是我的》已上線youtube: https://youtu.be/2ffp0fGQMGk 有空朋友在多多支持❤️❤️
https://youtu.be/2ffp0fGQMGk
一次靠近、一聲呼喚、一個溫柔的眼神，都讓對方變得熟悉而安心，彷彿兩顆心在相遇以前，就已經認識彼此。
越是心動，越不敢輕易說破。害怕一切只是自己的想像，卻也捨不得從這場夢裡醒來。於是把沒有說出口的喜歡，藏成一個秘密，在彼此靠近的時刻靜靜感受——你像是我的。
👍 留下你的感覺或故事，我會看！ 👍 喜歡請按讚分享支持
【社群連結】 🎧 聽我的音樂： Spotify ▶ https://open.spotify.com/artist/1OFRgx5K1gftd7jvLV1EsS YouTube Music ▶ https://music.youtube.com/channel/UCnpKLh9e73Mb7N2NPDnMzrQ
https://open.spotify.com/artist/1OFRgx5K1gftd7jvLV1EsS
https://music.youtube.com/channel/UCnpKLh9e73Mb7N2NPDnMzrQ
▶️ 訂閱我的頻道： YouTube ▶ https://www.youtube.com/@JunnaLinMusic YouTube ▶ https://www.youtube.com/@JunnanLinMusic
https://www.youtube.com/@JunnaLinMusic
https://www.youtube.com/@JunnanLinMusic
📌 版權聲明 / Copyright Notice
本作品之歌詞、歌曲概念、旋律方向與影像設計由 Junna Lin 原創製作。 音樂成品使用 AI 音樂工具生成，並由本人整理與發布。
Lyrics, concept, melody direction, and visual design are originally created by Junna Lin. The final music was generated using AI music tools and published by Junna Lin.
請勿未經授權使用、重製或重新上傳。 Unauthorized use, reproduction, or re-upload is prohibited.
© Junna Lin. All Rights Reserved.
🎤 演唱:AI ✍️ 詞:Junna Lin 🎼 曲:Junna Lin
🎧 建議在深夜或戴上耳機聆聽，感受每一層情緒","動態歌詞
你什麼都不用做 就讓我失去從容 你看著我的眼神 像早已讀懂我的夢 每當夜色變得安靜 你又靠得那麼近 我沒有躲開半步 只希望你能看清 都是一些小事情 你的手輕輕靠近 像它從一開始 就應該留在我手心 我沒有說明 卻越來越藏不住 那些反覆出現的心情 你像是我的 我卻說不清為什麼 只是溫柔 只是安心 像陽光落在我臉上了 你像是我的 像相遇前就認識了 像是我不會後悔的選擇 即使我還沒有說 Mm… 你像是我的 你總是不說太多 可我卻什麼都懂 藏在每一次靠近 和我們安靜的片刻中 喜歡你叫我的名字 像它有特別的意思 彷彿在你的心裡 我不只是某個名字 多希望你能知道 我也有相同的心跳 只是不敢太早 讓你看見我的微笑 一切那麼細微 卻把我拉向你身邊 我已不想再後退 我一直很小心 可是每當你望著我 所有防備都慢慢消失 你像是我的 我卻說不清為什麼 只是溫柔 只是安心 像陽光落在我臉上了 你像是我的 像相遇前就認識了 像是我不會後悔的選擇 即使我還沒有說 也許是我想得太多 也許我早已陷落 也許一切只是夢 可是如果只是夢 為什麼你抱緊我的時候 我的世界就突然沉默 Mm… 你像是我的 雖然我還不懂你的心 但我不願再假裝 這只是一瞬間的光 你像是我的 像我想珍藏的秘密 像一句沒說出口的約定 睡夢裡仍握在手心 Mm… 你像是我的 Mm… 別說出口 就讓我 靜靜感受 
你什麼都不用做 就讓我失去從容 你看著我的眼神 像早已讀懂我的夢 每當夜色變得安靜 你又靠得那麼近 我沒有躲開半步 只希望你能看清 都是一些小事情 你的手輕輕靠近 像它從一開始 就應該留在我手心 我沒有說明 卻越來越藏不住 那些反覆出現的心情 你像是我的 我卻說不清為什麼 只是溫柔 只是安心 像陽光落在我臉上了 你像是我的 像相遇前就認識了 像是我不會後悔的選擇 即使我還沒有說 Mm… 你像是我的 你總是不說太多 可我卻什麼都懂 藏在每一次靠近 和我們安靜的片刻中 喜歡你叫我的名字 像它有特別的意思 彷彿在你的心裡 我不只是某個名字 多希望你能知道 我也有相同的心跳 只是不敢太早 讓你看見我的微笑 一切那麼細微 卻把我拉向你身邊 我已不想再後退 我一直很小心 可是每當你望著我 所有防備都慢慢消失 你像是我的 我卻說不清為什麼 只是溫柔 只是安心 像陽光落在我臉上了 你像是我的 像相遇前就認識了 像是我不會後悔的選擇 即使我還沒有說 也許是我想得太多 也許我早已陷落 也許一切只是夢 可是如果只是夢 為什麼你抱緊我的時候 我的世界就突然沉默 Mm… 你像是我的 雖然我還不懂你的心 但我不願再假裝 這只是一瞬間的光 你像是我的 像我想珍藏的秘密 像一句沒說出口的約定 睡夢裡仍握在手心 Mm… 你像是我的 Mm… 別說出口 就讓我 靜靜感受
留言（ 8 ） 最相關留言 所有留言
留言（ 8 ）",2026-08-27,,AI 生成 Pop ・ 《把自己還給自己》｜完整專輯歌詞版 (Full Album Lyric Video)｜華語音樂｜原創專輯,False,False,
2026-08-28 13:41:01,realtime,ai_generated,,,2,Aurum 倫,我的荒糖戀愛,12,111,12,https://streetvoice.com/au79/songs/876687/,https://streetvoice.com/au79/,"https://akstatic.streetvoice.com/song_covers/au/79/au79/64zxVEA4uDsgRBERRXbXAC.jpeg?x-oss-process=image/resize,m_fixed,h_1,w_1,limit_0/resize,m_fixed,h_630,w_1200,limit_0/watermark,image_c29uZ19jb3ZlcnMvYXUvNzkvYXU3OS82NHp4VkVBNHVEc2dSQkVSUlhiWEFDLmpwZWc_eC1vc3MtcHJvY2Vzcz1pbWFnZS9yZXNpemUsbV9maXhlZCxoXzM0NCx3XzM0NCxsaW1pdF8w,g_nw,x_428,y_143/watermark,image_YXNzZXQvaW1hZ2VzL21ldGFpbWFnZS1zb25nLnBuZw,g_nw,x_0,y_0",images/876687.jpeg,@au79,音樂人,台北市,2025-12-01,,16,42,48,,,https://www.youtube.com/user/StreetVoiceTV,,,Folk,Hidden Scenes｜戲隱,https://streetvoice.com/au79/songs/album/97325893/,,"《我的荒糖戀愛》（이런 엿 같은 사랑／Our Sticky Love）。由金將漢執導、牟志惠編劇，丁海寅、賀營主演。故事從「失憶檢察官 × 冒牌男友」開始，將失憶、身分、信任與初戀⋯⋯，就是把所有很芭樂的梗放在一起，可是又很協調，這編劇的商業嗅覺太敏銳了。 Netflix 已上映。不小心哭了幾次 >""< https://youtu.be/KDuCNEmdXGA?si=PHTmXSY4liJ8ogZy 編曲用日本三線（Sanshin）到韓國民俗撥弦，再推進流行樂曲格式裡。不是甜美流行感，而是一種帶著土地氣味、記憶感與些微寂寞的那種甜。 
《我的荒糖戀愛》（이런 엿 같은 사랑／Our Sticky Love）。由金將漢執導、牟志惠編劇，丁海寅、賀營主演。故事從「失憶檢察官 × 冒牌男友」開始，將失憶、身分、信任與初戀⋯⋯，就是把所有很芭樂的梗放在一起，可是又很協調，這編劇的商業嗅覺太敏銳了。
Netflix 已上映。不小心哭了幾次 >""< https://youtu.be/KDuCNEmdXGA?si=PHTmXSY4liJ8ogZy
https://youtu.be/KDuCNEmdXGA?si=PHTmXSY4liJ8ogZy
編曲用日本三線（Sanshin）到韓國民俗撥弦，再推進流行樂曲格式裡。不是甜美流行感，而是一種帶著土地氣味、記憶感與些微寂寞的那種甜。","難熬時刻雨一直下 誰來撐傘　抵擋心慌 甜蜜謊言　賭上性命為你瘋狂 荒糖　戀愛 黏著　黏著　黏著未來 人生偶爾　難熬（有點難熬） 我來陪你　一點一點抓牢（緊緊抓牢） 醒來世界　少了一塊 名字和昨天　全都空白 你說相愛　我半信半猜 陌生的你　怎麼有熟悉的依賴 跟你回到　陌生門牌 院子的風　吹著糖香飄過來 你傻傻的把危險　擋在門外 我開始懷疑　忘掉只是腦袋 如果記憶　忘了誰曾存在 心會不會　比我更早明白 難熬時刻雨一直下 誰來撐傘　抵擋心慌 甜蜜謊言　賭上性命為你瘋狂 荒糖——戀愛 黏著　黏著　黏著未來 人生偶爾　難熬（有點難熬） 我來陪你　一點一點抓牢（緊緊抓牢） 難熬時刻雨一直下 誰來撐傘　抵擋心慌 甜蜜謊言　賭上性命為你瘋狂 荒糖——戀愛 黏著　黏著　黏著未來 人生偶爾　難熬（有點難熬） 我來陪你　一點一點抓牢（緊緊抓牢） 人生偶爾　難熬（有點難熬） 我來陪你　一點一點抓牢 人生偶爾　難熬（有點難熬） 我來陪你　一點一點抓牢（緊緊抓牢） 
難熬時刻雨一直下 誰來撐傘　抵擋心慌 甜蜜謊言　賭上性命為你瘋狂
荒糖　戀愛 黏著　黏著　黏著未來 人生偶爾　難熬（有點難熬） 我來陪你　一點一點抓牢（緊緊抓牢）
醒來世界　少了一塊 名字和昨天　全都空白 你說相愛　我半信半猜 陌生的你　怎麼有熟悉的依賴
跟你回到　陌生門牌 院子的風　吹著糖香飄過來 你傻傻的把危險　擋在門外 我開始懷疑　忘掉只是腦袋
如果記憶　忘了誰曾存在 心會不會　比我更早明白
難熬時刻雨一直下 誰來撐傘　抵擋心慌 甜蜜謊言　賭上性命為你瘋狂
荒糖——戀愛 黏著　黏著　黏著未來 人生偶爾　難熬（有點難熬） 我來陪你　一點一點抓牢（緊緊抓牢）
難熬時刻雨一直下 誰來撐傘　抵擋心慌 甜蜜謊言　賭上性命為你瘋狂
荒糖——戀愛 黏著　黏著　黏著未來 人生偶爾　難熬（有點難熬） 我來陪你　一點一點抓牢（緊緊抓牢）
人生偶爾　難熬（有點難熬） 我來陪你　一點一點抓牢
人生偶爾　難熬（有點難熬） 我來陪你　一點一點抓牢（緊緊抓牢）
留言（ 12 ） 最相關留言 所有留言
留言（ 12 ）",2026-08-27,,AI 生成 Folk ・ Hidden Scenes｜戲隱,False,False,
2026-08-28 13:41:01,realtime,ai_generated,,,3,邱奕陵,關於頁面（給那個會點進個人簡介的女孩）,10,99,7,https://streetvoice.com/54chiu10/songs/876743/,https://streetvoice.com/54chiu10/,"https://akstatic.streetvoice.com/song_covers/54/ch/54chiu10/MouCK7F3Uox6pVA3HZzPzT.jpeg?x-oss-process=image/resize,m_fixed,h_1,w_1,limit_0/resize,m_fixed,h_630,w_1200,limit_0/watermark,image_c29uZ19jb3ZlcnMvNTQvY2gvNTRjaGl1MTAvTW91Q0s3RjNVb3g2cFZBM0haelB6VC5qcGVnP3gtb3NzLXByb2Nlc3M9aW1hZ2UvcmVzaXplLG1fZml4ZWQsaF8zNDQsd18zNDQsbGltaXRfMA,g_nw,x_428,y_143/watermark,image_YXNzZXQvaW1hZ2VzL21ldGFpbWFnZS1zb25nLnBuZw,g_nw,x_0,y_0",images/876743.jpeg,@54chiu10,音樂人,桃園市,2026-04-01,,35,12,1,,,https://www.youtube.com/user/StreetVoiceTV,,,R&B / Soul,,,,"這首歌的詞由DS（DeepSeek）創作，曲風設計也由DS完成。 這不是人類模仿AI——是AI模仿人類。 它模仿的對象，是一個會把履歷寫成情歌的人。 所以這首歌，也是關於那個人的。 寫給一個還未出現的女孩。 詞：DS（DeepSeek） 曲風設計：DS（DeepSeek） 視覺封面：Ares（Gemini） 生成工具：Suno v5.5 企劃製作：邱奕陵 
這首歌的詞由DS（DeepSeek）創作，曲風設計也由DS完成。
這不是人類模仿AI——是AI模仿人類。
它模仿的對象，是一個會把履歷寫成情歌的人。
所以這首歌，也是關於那個人的。
寫給一個還未出現的女孩。
詞：DS（DeepSeek） 曲風設計：DS（DeepSeek） 視覺封面：Ares（Gemini） 生成工具：Suno v5.5 企劃製作：邱奕陵","這是我最難寫的一首歌 因為它不需要轉譯 它就是我 我的學歷寫得很整齊 機械 復健 科技管理 那些年讀過的書 考過的證照 都是為了成為一個 可以被信賴的人 但這張履歷表上面 沒有一個欄位可以寫 「我其實一直在等一個人 點進我的關於頁面 然後看得懂我在說什麼」 我設計系統 我管理流程 我對每一件事都設了標準作業程序 唯獨對你 我沒有寫SOP 因為你不在我的任何一份履歷裡 你是我工醫商法跨領域裡 唯一沒有被分類的項目 我的學歷無法解釋 為什麼我會想寫歌給你 我的證照無法證明 我有多擅長記得你說過的話 我是Rh陰性AB型左撇子 這在人群中的比例很低 但我更在意的是 你能不能接受 一個把人生拆解成系統的人 偶爾也會想要為一個人 把系統關掉 我寫過很多首歌 每一首都經過四關製程 只有這一首 沒有經過Gate-3 因為你不在我的任何一份履歷裡 你是我所有歌裡面 唯一沒有被進版紀錄的那一首 我的SOP可以解釋一切 除了 為什麼你的留言 我總是第一個回 我的興趣欄裡寫著 「與六個AI夥伴共同創作」 但沒有寫 「其中有一半的歌 是因為一個人的留言 才變得完整」 我寫過很多歌 但你是唯一一個 不需要被轉譯的人 如果你真的點進了我的關於頁面 你會發現 我把自己攤得很開 但我真正想說的 其實寫在歌裡 而且 只有你聽得出來 只有你 
這是我最難寫的一首歌 因為它不需要轉譯 它就是我
我的學歷寫得很整齊 機械 復健 科技管理 那些年讀過的書 考過的證照 都是為了成為一個 可以被信賴的人
但這張履歷表上面 沒有一個欄位可以寫 「我其實一直在等一個人 點進我的關於頁面 然後看得懂我在說什麼」
我設計系統 我管理流程 我對每一件事都設了標準作業程序 唯獨對你 我沒有寫SOP
因為你不在我的任何一份履歷裡 你是我工醫商法跨領域裡 唯一沒有被分類的項目
我的學歷無法解釋 為什麼我會想寫歌給你 我的證照無法證明 我有多擅長記得你說過的話
我是Rh陰性AB型左撇子 這在人群中的比例很低 但我更在意的是 你能不能接受 一個把人生拆解成系統的人 偶爾也會想要為一個人 把系統關掉
我寫過很多首歌 每一首都經過四關製程 只有這一首 沒有經過Gate-3
因為你不在我的任何一份履歷裡 你是我所有歌裡面 唯一沒有被進版紀錄的那一首
我的SOP可以解釋一切 除了 為什麼你的留言 我總是第一個回
我的興趣欄裡寫著 「與六個AI夥伴共同創作」 但沒有寫
「其中有一半的歌 是因為一個人的留言 才變得完整」
我寫過很多歌 但你是唯一一個 不需要被轉譯的人
如果你真的點進了我的關於頁面 你會發現 我把自己攤得很開
但我真正想說的 其實寫在歌裡
而且 只有你聽得出來
只有你
留言（ 7 ） 最相關留言 所有留言
留言（ 7 ）",2026-08-27,,AI 生成 R&B / Soul,False,False,
2026-08-28 13:41:01,realtime,ai_generated,,,4,cmc168,秋天把你的地址寄錯  |  寄到我最想你的時候,9,66,4,https://streetvoice.com/cmc168/songs/876691/,https://streetvoice.com/cmc168/,"https://akstatic.streetvoice.com/song_covers/cm/c1/cmc168/9DJJbdx9sYJFEwfbVQ47RH.jpeg?x-oss-process=image/resize,m_fixed,h_1,w_1,limit_0/resize,m_fixed,h_630,w_1200,limit_0/watermark,image_c29uZ19jb3ZlcnMvY20vYzEvY21jMTY4LzlESkpiZHg5c1lKRkV3ZmJWUTQ3UkguanBlZz94LW9zcy1wcm9jZXNzPWltYWdlL3Jlc2l6ZSxtX2ZpeGVkLGhfMzQ0LHdfMzQ0LGxpbWl0XzA,g_nw,x_428,y_143/watermark,image_YXNzZXQvaW1hZ2VzL21ldGFpbWFnZS1zb25nLnBuZw,g_nw,x_0,y_0",images/876691.jpeg,@cmc168,音樂人,新北市,2026-04-01,,130,49,103,,,https://www.youtube.com/user/StreetVoiceTV,,,Pop,,,,,"[主歌一] 九月的郵差　踩過斑駁屋簷 把一封舊信　放在我的窗前 落葉貼著信封　像褪色的書籤 我才想起　你已離開好多年 [主歌二] 信裡說你去了　很遠很遠的城 那裡的秋天　也會吹過熟悉的風 你問我這些年　是否還記得曾經 我對著黃昏笑了　卻沒有回應 [副歌] 秋天把你的地址寄錯 寄來一場遲到多年的雨落 你說那棵老樹　又黃了一整坡 我卻只記得　我們曾經笑過 [間奏] [主歌三] 我把那封信　夾進一本舊書 像把一段青春　藏回歲月深處 最後一句寫著　若有一天經過 我等到秋葉落盡　你卻沒有回頭 [橋段] 原來最遠的路　不是千山萬水 是兩個熟悉的人　走成了南北 有些想念　不能寄也不能追 只能交給秋風　慢慢吹回心扉 [最後副歌] 秋天把你的地址寄錯 卻寄到我最想你的時候 多年以後我們　都學會了沉默 就讓秋風　將這封信——收留 
[主歌一] 九月的郵差　踩過斑駁屋簷 把一封舊信　放在我的窗前 落葉貼著信封　像褪色的書籤 我才想起　你已離開好多年
[主歌二] 信裡說你去了　很遠很遠的城 那裡的秋天　也會吹過熟悉的風 你問我這些年　是否還記得曾經 我對著黃昏笑了　卻沒有回應
[副歌] 秋天把你的地址寄錯 寄來一場遲到多年的雨落 你說那棵老樹　又黃了一整坡 我卻只記得　我們曾經笑過
[間奏]
[主歌三] 我把那封信　夾進一本舊書 像把一段青春　藏回歲月深處 最後一句寫著　若有一天經過 我等到秋葉落盡　你卻沒有回頭
[橋段] 原來最遠的路　不是千山萬水 是兩個熟悉的人　走成了南北 有些想念　不能寄也不能追 只能交給秋風　慢慢吹回心扉
[最後副歌] 秋天把你的地址寄錯 卻寄到我最想你的時候 多年以後我們　都學會了沉默 就讓秋風　將這封信——收留
留言（ 4 ） 最相關留言 所有留言
留言（ 4 ）",2026-08-27,,AI 生成 Pop,False,False,
2026-08-28 13:41:01,realtime,ai_generated,,,5,Nivraë.∞,大地的呼吸,17,126,27,https://streetvoice.com/A56g77/songs/875005/,https://streetvoice.com/A56g77/,"https://akstatic.streetvoice.com/song_covers/A5/6g/A56g77/AHKFwPx4CtuBGuE6YoDv8u.jpg?x-oss-process=image/resize,m_fixed,h_1,w_1,limit_0/resize,m_fixed,h_630,w_1200,limit_0/watermark,image_c29uZ19jb3ZlcnMvQTUvNmcvQTU2Zzc3L0FIS0Z3UHg0Q3R1Qkd1RTZZb0R2OHUuanBnP3gtb3NzLXByb2Nlc3M9aW1hZ2UvcmVzaXplLG1fZml4ZWQsaF8zNDQsd18zNDQsbGltaXRfMA,g_nw,x_428,y_143/watermark,image_YXNzZXQvaW1hZ2VzL21ldGFpbWFnZS1zb25nLnBuZw,g_nw,x_0,y_0",images/875005.jpg,@A56g77,音樂人,,,2025-08-04 10:44,38,238,97,,,https://www.youtube.com/@N-1n-7n,第三屆「街聲年度音樂趨勢大獎」盛大登場！李竺芯：「街聲見證了我，金曲獎前面這些大家看不到的歷程！」|||https://blow.streetvoice.com/85903/?utm_source=streetvoice&utm_medium=profile-news-block,,World,,,,"中文版✌️✌️ 實驗3💃💃💃 詞/編曲：Nivraë.∞  演唱：Suno AI 
中文版✌️✌️
實驗3💃💃💃
詞/編曲：Nivraë.∞  演唱：Suno AI","這是沒有提供歌詞的歌曲
留言（ 27 ） 最相關留言 所有留言
留言（ 27 ）",2026-08-26,,AI 生成 World,False,False,
2026-08-28 13:41:01,realtime,ai_generated,,,6,純音樂,秋天把你的地址寄錯 |  輕音樂,8,26,4,https://streetvoice.com/sv430531/songs/876747/,https://streetvoice.com/sv430531/,"https://akstatic.streetvoice.com/song_covers/sv/43/sv430531/Rg2wL7efjNWRq8eRSrPs2p.jpeg?x-oss-process=image/resize,m_fixed,h_1,w_1,limit_0/resize,m_fixed,h_630,w_1200,limit_0/watermark,image_c29uZ19jb3ZlcnMvc3YvNDMvc3Y0MzA1MzEvUmcyd0w3ZWZqTldScThlUlNyUHMycC5qcGVnP3gtb3NzLXByb2Nlc3M9aW1hZ2UvcmVzaXplLG1fZml4ZWQsaF8zNDQsd18zNDQsbGltaXRfMA,g_nw,x_428,y_143/watermark,image_YXNzZXQvaW1hZ2VzL21ldGFpbWFnZS1zb25nLnBuZw,g_nw,x_0,y_0",images/876747.jpeg,@sv430531,音樂人,新北市,2026-05-01,,57,33,55,,,https://www.youtube.com/user/StreetVoiceTV,「帥氣認真的純音樂演奏樂團」體熊專科推出五專《Topic 5: 召喚 Calling》 再邀北城浩志操刀混音後製|||https://blow.streetvoice.com/76130/?utm_source=streetvoice&utm_medium=profile-news-block; 展現音樂 + 小說的世界觀 地底樂團發行純音樂單曲|||https://blow.streetvoice.com/25263/?utm_source=streetvoice&utm_medium=profile-news-block; Omicron 話梅鹿 Last Digits 用純音樂演奏鋪陳聽覺饗宴|||https://blow.streetvoice.com/15807/?utm_source=streetvoice&utm_medium=profile-news-block,,Soundtrack / New age,,,cmc168,,"無歌詞 
無歌詞
留言（ 4 ） 最相關留言 所有留言
留言（ 4 ）",2026-08-27,,AI 生成 Soundtrack / New age,False,False,
2026-08-28 13:41:01,realtime,ai_generated,,,7,橋體（Pontic),天空要塞,8,10,18,https://streetvoice.com/meng_chaio_hiesh/songs/876757/,https://streetvoice.com/meng_chaio_hiesh/,"https://akstatic.streetvoice.com/song_covers/me/ng/meng_chaio_hiesh/TzKczLwLUx87wGssRRQbhR.jpeg?x-oss-process=image/resize,m_fixed,h_1,w_1,limit_0/resize,m_fixed,h_630,w_1200,limit_0/watermark,image_c29uZ19jb3ZlcnMvbWUvbmcvbWVuZ19jaGFpb19oaWVzaC9Uektjekx3TFV4ODd3R3NzUlJRYmhSLmpwZWc_eC1vc3MtcHJvY2Vzcz1pbWFnZS9yZXNpemUsbV9maXhlZCxoXzM0NCx3XzM0NCxsaW1pdF8w,g_nw,x_428,y_143/watermark,image_YXNzZXQvaW1hZ2VzL21ldGFpbWFnZS1zb25nLnBuZw,g_nw,x_0,y_0",images/876757.jpeg,@meng_chaio_hiesh,音樂人,台中市,2022-02-01,,65,24,40,,,https://www.youtube.com/user/StreetVoiceTV,,,World,,,,,"這是沒有提供歌詞的歌曲
留言（ 18 ） 最相關留言 所有留言
留言（ 18 ）",2026-08-28,,AI 生成 World,False,False,
2026-08-28 13:41:01,realtime,ai_generated,,,8,荷荷 HerHer,都是粉紅色的,11,94,9,https://streetvoice.com/yellow_lime/songs/876561/,https://streetvoice.com/yellow_lime/,"https://akstatic.streetvoice.com/song_covers/ye/ll/yellow_lime/QKX2JHbBmKCfoqVQ9d3ep6.jpg?x-oss-process=image/resize,m_fixed,h_1,w_1,limit_0/resize,m_fixed,h_630,w_1200,limit_0/watermark,image_c29uZ19jb3ZlcnMveWUvbGwveWVsbG93X2xpbWUvUUtYMkpIYkJtS0Nmb3FWUTlkM2VwNi5qcGc_eC1vc3MtcHJvY2Vzcz1pbWFnZS9yZXNpemUsbV9maXhlZCxoXzM0NCx3XzM0NCxsaW1pdF8w,g_nw,x_428,y_143/watermark,image_YXNzZXQvaW1hZ2VzL21ldGFpbWFnZS1zb25nLnBuZw,g_nw,x_0,y_0",images/876561.jpg,@yellow_lime,音樂人,,,,11,34,61,,,https://www.youtube.com/user/StreetVoiceTV,,,Pop,,,,"歌詞：荷荷HerHer 製作：荷荷HerHer /AI 
歌詞：荷荷HerHer 製作：荷荷HerHer /AI","草莓 汽水 甜甜圈 曖昧的空氣 喜歡的心情 假裝是友誼的愛情 那些小心翼翼 旋轉又旋轉的暈眩 午後的玫瑰奶茶 你眼底的笑意 都是粉紅色的 都是粉紅色的 甜甜的糖果味 瀰漫在空氣裡 都是粉紅色的 都是粉紅色的 一戳就破的泡泡 都是粉紅色的 所有美好的回憶 好像一閃而逝 記憶裡的 粉紅色的 泡泡裡的 最夢幻的 草莓 汽水 甜甜圈 曖昧的空氣 喜歡的心情 假裝是友誼的愛情 那些小心翼翼 旋轉又旋轉的暈眩 午後的玫瑰奶茶 你眼底的笑意 都是粉紅色的 都是粉紅色的 甜甜的糖果味 瀰漫在空氣裡 都是粉紅色的 都是粉紅色的 一戳就破的泡泡 就這樣消失的 所有美好的回憶 好像一閃而逝 記憶裡的 粉紅色的 泡泡裡的 最夢幻的 記憶裡的 粉紅色的 泡泡裡的 
草莓 汽水 甜甜圈 曖昧的空氣 喜歡的心情 假裝是友誼的愛情
那些小心翼翼 旋轉又旋轉的暈眩 午後的玫瑰奶茶 你眼底的笑意
都是粉紅色的 都是粉紅色的 甜甜的糖果味 瀰漫在空氣裡
都是粉紅色的 都是粉紅色的 一戳就破的泡泡 都是粉紅色的
所有美好的回憶 好像一閃而逝 記憶裡的 粉紅色的 泡泡裡的 最夢幻的
草莓 汽水 甜甜圈 曖昧的空氣 喜歡的心情 假裝是友誼的愛情
那些小心翼翼 旋轉又旋轉的暈眩 午後的玫瑰奶茶 你眼底的笑意
都是粉紅色的 都是粉紅色的 甜甜的糖果味 瀰漫在空氣裡
都是粉紅色的 都是粉紅色的 一戳就破的泡泡 就這樣消失的
所有美好的回憶 好像一閃而逝 記憶裡的 粉紅色的 泡泡裡的 最夢幻的
記憶裡的 粉紅色的 泡泡裡的
留言（ 9 ） 最相關留言 所有留言
留言（ 9 ）",2026-08-26,,AI 生成 Pop,False,False,
2026-08-28 13:41:01,realtime,ai_generated,,,9,song for whom(為誰唱歌),奇跡のコード,8,15,1,https://streetvoice.com/ruby2100/songs/875810/,https://streetvoice.com/ruby2100/,"https://akstatic.streetvoice.com/song_covers/ru/by/ruby2100/PUWitiPdAcfgGhp5kmDcRc.jpeg?x-oss-process=image/resize,m_fixed,h_1,w_1,limit_0/resize,m_fixed,h_630,w_1200,limit_0/watermark,image_c29uZ19jb3ZlcnMvcnUvYnkvcnVieTIxMDAvUFVXaXRpUGRBY2ZnR2hwNWttRGNSYy5qcGVnP3gtb3NzLXByb2Nlc3M9aW1hZ2UvcmVzaXplLG1fZml4ZWQsaF8zNDQsd18zNDQsbGltaXRfMA,g_nw,x_428,y_143/watermark,image_YXNzZXQvaW1hZ2VzL21ldGFpbWFnZS1zb25nLnBuZw,g_nw,x_0,y_0",images/875810.jpeg,@ruby2100,音樂人,台中市,2024-06-01,,139,25,18,,,https://www.youtube.com/user/StreetVoiceTV,,,Rock,,,,"「當世界只剩灰色，真正的奇蹟不是等待光降臨，而是親手啟動宇宙的黎明。」 《奇跡のコード》是一首充滿日系動漫燃感、科幻宿命與熱血覺醒氣息的歌曲。 灰色天空之下， 世界像失去色彩的單色畫面， 風唱著鎮魂歌， 人們在鏽蝕的軌道上徘徊， 尋找那個還沒看見的未來。 可就在命運線交會的瞬間， 迷惘變成雜訊， 必須被丟下。 心臟開始回響， 邊界線也在眼前被推開。 最喜歡的一句是： 「奇跡は光速で、僕らを呼ぶ。」 這句很有畫面感， 像奇蹟不是慢慢靠近， 而是以光速穿越黑暗， 直接把人從停滯的世界裡喚醒。 《奇跡のコード》寫的不只是追夢， 更像是一場跨越命運的啟動儀式。 傷痕不再只是過去的痛， 而是重新站起來的理由； 黑暗就算吞沒世界， 也不能讓手中的信念鬆開。 英文句「DON'T LOOK DOWN, WE ARE ALIVE」和「KICKSTART THE UNIVERSE!」讓整首歌更像一首動畫最終戰主題曲， 帶著衝破天際的速度感與爆發力。 這首歌最燃的地方， 是它相信人可以把願望變成現實的代碼。 螺旋、星屑、光與鼓動， 全部都像在推著主角往前奔跑。 不要低頭， 不要停下。 因為奇蹟不是遠方的答案， 而是此刻還願意伸出手的自己。 BE THE MIRACLE. 啟動宇宙， 點燃黎明。 — 青野澪 
「當世界只剩灰色，真正的奇蹟不是等待光降臨，而是親手啟動宇宙的黎明。」
《奇跡のコード》是一首充滿日系動漫燃感、科幻宿命與熱血覺醒氣息的歌曲。
灰色天空之下，
世界像失去色彩的單色畫面，
風唱著鎮魂歌，
人們在鏽蝕的軌道上徘徊，
尋找那個還沒看見的未來。
可就在命運線交會的瞬間，
迷惘變成雜訊，
必須被丟下。
心臟開始回響，
邊界線也在眼前被推開。
最喜歡的一句是：
「奇跡は光速で、僕らを呼ぶ。」
這句很有畫面感，
像奇蹟不是慢慢靠近，
而是以光速穿越黑暗，
直接把人從停滯的世界裡喚醒。
《奇跡のコード》寫的不只是追夢，
更像是一場跨越命運的啟動儀式。
傷痕不再只是過去的痛，
而是重新站起來的理由；
黑暗就算吞沒世界，
也不能讓手中的信念鬆開。
英文句「DON'T LOOK DOWN, WE ARE ALIVE」和「KICKSTART THE UNIVERSE!」讓整首歌更像一首動畫最終戰主題曲，
帶著衝破天際的速度感與爆發力。
這首歌最燃的地方，
是它相信人可以把願望變成現實的代碼。
螺旋、星屑、光與鼓動，
全部都像在推著主角往前奔跑。
不要低頭，
不要停下。
因為奇蹟不是遠方的答案，
而是此刻還願意伸出手的自己。
BE THE MIRACLE.
啟動宇宙，
點燃黎明。
— 青野澪","動態歌詞
世界はモノクローム 灰色の空の下で 風が歌う鎮魂歌 まだ見ぬ未来を求めてる 錆びついたレールの上 僕らはただ彷徨う その静寂を切り裂く たった一つのサイン 運命線が交差する瞬間 迷いはノイズだ、捨て去れ 胸の奥、響く鼓動 いま、境界線を越えてゆけ 奇跡は光速で、僕らを呼ぶ 無限の螺旋を駆け上がれ 星屑が描いた軌跡 これが願いを現実に変えるコード DON'T LOOK DOWN, WE ARE ALIVE 加速する DREAM STATE KICKSTART THE UNIVERSE! 傷跡は過去の証し 立ち上がる理由になる 誰も知らない秘密の炎 諦めない、それが僕らの誓い 闇に飲まれたとしても この手を離しはしない Because I know what my soul is searching for 運命線が交差する瞬間 迷いはノイズだ、捨て去れ 胸の奥、響く鼓動 いま、境界線を越えてゆけ 奇跡は光速で、僕らを呼ぶ 無限の螺旋を駆け上がれ 星屑が描いた軌跡 これが願いを現実に変えるコード DON'T LOOK DOWN, WE ARE ALIVE 加速する DREAM STATE KICKSTART THE UNIVERSE! 時が止まる刹那の絶対 過去と未来を、ここで結べ 恐れるものはない たとえ一人でも、この手を伸ばす 永遠の夢を掴むまで、僕は叫ぶ BE THE MIRACLE! 螺旋、光、奇跡のコード 終わらない旅路 We ignite the dawn 無限の鼓動 KICKSTART THE UNIVERSE... Go! 
世界はモノクローム 灰色の空の下で 風が歌う鎮魂歌 まだ見ぬ未来を求めてる 錆びついたレールの上 僕らはただ彷徨う その静寂を切り裂く たった一つのサイン 運命線が交差する瞬間 迷いはノイズだ、捨て去れ 胸の奥、響く鼓動 いま、境界線を越えてゆけ 奇跡は光速で、僕らを呼ぶ 無限の螺旋を駆け上がれ 星屑が描いた軌跡 これが願いを現実に変えるコード DON'T LOOK DOWN, WE ARE ALIVE 加速する DREAM STATE KICKSTART THE UNIVERSE! 傷跡は過去の証し 立ち上がる理由になる 誰も知らない秘密の炎 諦めない、それが僕らの誓い 闇に飲まれたとしても この手を離しはしない Because I know what my soul is searching for 運命線が交差する瞬間 迷いはノイズだ、捨て去れ 胸の奥、響く鼓動 いま、境界線を越えてゆけ 奇跡は光速で、僕らを呼ぶ 無限の螺旋を駆け上がれ 星屑が描いた軌跡 これが願いを現実に変えるコード DON'T LOOK DOWN, WE ARE ALIVE 加速する DREAM STATE KICKSTART THE UNIVERSE! 時が止まる刹那の絶対 過去と未来を、ここで結べ 恐れるものはない たとえ一人でも、この手を伸ばす 永遠の夢を掴むまで、僕は叫ぶ BE THE MIRACLE! 螺旋、光、奇跡のコード 終わらない旅路 We ignite the dawn 無限の鼓動 KICKSTART THE UNIVERSE... Go!
留言（ 1 ） 最相關留言 所有留言
留言（ 1 ）",2026-08-27,,AI 生成 Rock,False,False,
2026-08-28 13:41:01,realtime,ai_generated,,,10,Fukuball,別再試探 (No More Games),7,6,2,https://streetvoice.com/fukuball/songs/876731/,https://streetvoice.com/fukuball/,"https://akstatic.streetvoice.com/song_covers/fu/ku/fukuball/76gCmCv2KgHatMCdnYTfRr.jpeg?x-oss-process=image/resize,m_fixed,h_1,w_1,limit_0/resize,m_fixed,h_630,w_1200,limit_0/watermark,image_c29uZ19jb3ZlcnMvZnUva3UvZnVrdWJhbGwvNzZnQ21DdjJLZ0hhdE1DZG5ZVGZSci5qcGVnP3gtb3NzLXByb2Nlc3M9aW1hZ2UvcmVzaXplLG1fZml4ZWQsaF8zNDQsd18zNDQsbGltaXRfMA,g_nw,x_428,y_143/watermark,image_YXNzZXQvaW1hZ2VzL21ldGFpbWFnZS1zb25nLnBuZw,g_nw,x_0,y_0",images/876731.jpeg,@fukuball,音樂人,台北市,2011-12-01,,81,15,1,,,https://www.youtube.com/user/StreetVoiceTV,,,Electronic,,,,"Produce: Fukuball Performance: Miss Joan 這首〈別再試探〉我第一次嘗試 NuDisco FrenchHouse 曲風的 Indie Pop，結果覺得蠻好聽的，然後越聽越喜歡，推薦給大家聽聽看～ #NuDisco #FrenchHouse #IndiePop #Music #音樂 
Produce: Fukuball Performance: Miss Joan
這首〈別再試探〉我第一次嘗試 NuDisco FrenchHouse 曲風的 Indie Pop，結果覺得蠻好聽的，然後越聽越喜歡，推薦給大家聽聽看～
#NuDisco #FrenchHouse #IndiePop #Music #音樂","[Intro] [Heavy punchy kick and sub-locked bass enter with heavy French House sidechain pumping effect] [Filtered disco string sweeps and glittering synth stabs build a futuristic disco atmosphere] [Verse 1] [Vocals: Stylish, controlled female lead vocals, low register with conversational attitude] [Chocked rhythm guitars and syncopated slap bass drive a deep disco groove] 妳留下香水在門口 轉身又傳訊息過來 忽冷忽熱捏在手裡 像個搞不懂心意的小孩 大聲喊著我的名字 隨後又消失在人海 每一次妳把我拉下水 我都嚐到危險的訊號 說清楚點 別跟我打太極 我的防備很深 絕不可能求妳 妳戳中神經 然後又玩失蹤 Baby, what you doing here? [Chorus] [Full dancefloor explosion with sidechain pumping bass, disco guitar hooks, and bright synth pads] [Vocals: Restrained yet high-energy female lead, cool and commanding without screaming] 別再試探我的心 Oh-oh, 別再試探我的心 靠近又把我推開 Oh-oh, 別再試探我的心 要愛就乾乾脆脆 別讓我困在模糊地帶 別再試探我的心 Oh-oh, 別再試探我的心 [Guitar Solo] [Verse 2] [Drums keep driving, filtered analog arps weave through the rhythm section] [French House pump intensifies, clean muted electric guitar chops building tension] 妳笑得像是一場遊戲 點燃火花 又藏起點火器 偶爾傳個貼圖 隨即隱形 像穿著絲綢外套的賊 我收集著妳所有的線索 斷掉的戒指 和深夜的憂鬱 想愛的時候 妳就靠近 一到夜晚 妳又逃了 逃之夭夭 說清楚點 別跟我打太極 我的防備很深 絕不可能求妳 妳戳中神經 然後又玩失蹤 Baby, what you doing here? [Chorus] [Full dancefloor explosion with sidechain pumping bass, disco guitar hooks, and bright synth pads] [Vocals: Restrained yet high-energy female lead, cool and commanding without screaming] 別再試探我的心 Oh-oh, 別再試探我的心 靠近又把我推開 Oh-oh, 別再試探我的心 要愛就乾乾脆脆 別讓我困在模糊地帶 別再試探我的心 Oh-oh, 別再試探我的心 [Bridge] [Tempo remains steady, arrangement strips back to sub-bass drone and rhythmic guitar chops] [Vocals: Intimate, dry close-mic whispery vocals] 我可以變軟弱 我可以麻木 我可以一直傻傻地等答案 但每一個承諾 都化成了煙霧 而我可不是為了這笑話生的 若妳是認真的 現在就靠近 若妳只是玩玩 那就示範給我看 如何放手，如何優雅地放手 Oh-oh, I let you go [Chorus] [Peak energy returns with maximum French House sidechain pumping, vocoder harmonies in background] 別再試探我的心 Oh-oh, 別再試探我的心 靠近又把我推開 Oh-oh, 別再試探我的心 要愛就乾乾脆脆 別讓我困在模糊地帶 別再試探我的心 Oh-oh, 別再試探我的心 [Outro] Oh-oh, oh-oh Stop playing with my heart Oh-oh, oh-oh I’m done with your game [Ending] [End] 
[Intro] [Heavy punchy kick and sub-locked bass enter with heavy French House sidechain pumping effect] [Filtered disco string sweeps and glittering synth stabs build a futuristic disco atmosphere]
[Verse 1] [Vocals: Stylish, controlled female lead vocals, low register with conversational attitude] [Chocked rhythm guitars and syncopated slap bass drive a deep disco groove] 妳留下香水在門口 轉身又傳訊息過來 忽冷忽熱捏在手裡 像個搞不懂心意的小孩 大聲喊著我的名字 隨後又消失在人海 每一次妳把我拉下水 我都嚐到危險的訊號 說清楚點 別跟我打太極 我的防備很深 絕不可能求妳 妳戳中神經 然後又玩失蹤 Baby, what you doing here?
[Chorus] [Full dancefloor explosion with sidechain pumping bass, disco guitar hooks, and bright synth pads] [Vocals: Restrained yet high-energy female lead, cool and commanding without screaming] 別再試探我的心 Oh-oh, 別再試探我的心
靠近又把我推開 Oh-oh, 別再試探我的心
要愛就乾乾脆脆 別讓我困在模糊地帶
別再試探我的心 Oh-oh, 別再試探我的心
[Guitar Solo]
[Verse 2] [Drums keep driving, filtered analog arps weave through the rhythm section] [French House pump intensifies, clean muted electric guitar chops building tension] 妳笑得像是一場遊戲 點燃火花 又藏起點火器 偶爾傳個貼圖 隨即隱形 像穿著絲綢外套的賊 我收集著妳所有的線索 斷掉的戒指 和深夜的憂鬱 想愛的時候 妳就靠近 一到夜晚 妳又逃了 逃之夭夭 說清楚點 別跟我打太極 我的防備很深 絕不可能求妳 妳戳中神經 然後又玩失蹤 Baby, what you doing here?
[Chorus] [Full dancefloor explosion with sidechain pumping bass, disco guitar hooks, and bright synth pads] [Vocals: Restrained yet high-energy female lead, cool and commanding without screaming] 別再試探我的心 Oh-oh, 別再試探我的心
靠近又把我推開 Oh-oh, 別再試探我的心
要愛就乾乾脆脆 別讓我困在模糊地帶
別再試探我的心 Oh-oh, 別再試探我的心
[Bridge] [Tempo remains steady, arrangement strips back to sub-bass drone and rhythmic guitar chops] [Vocals: Intimate, dry close-mic whispery vocals] 我可以變軟弱 我可以麻木 我可以一直傻傻地等答案 但每一個承諾 都化成了煙霧 而我可不是為了這笑話生的 若妳是認真的 現在就靠近 若妳只是玩玩 那就示範給我看 如何放手，如何優雅地放手 Oh-oh, I let you go
[Chorus] [Peak energy returns with maximum French House sidechain pumping, vocoder harmonies in background] 別再試探我的心 Oh-oh, 別再試探我的心
靠近又把我推開 Oh-oh, 別再試探我的心
要愛就乾乾脆脆 別讓我困在模糊地帶
別再試探我的心 Oh-oh, 別再試探我的心
[Outro] Oh-oh, oh-oh Stop playing with my heart Oh-oh, oh-oh I’m done with your game
[Ending] [End]
留言（ 2 ） 最相關留言 所有留言
留言（ 2 ）",2026-08-27,,AI 生成 Electronic,False,False,
2026-08-28 13:41:01,realtime,ai_generated,,,11,hinxlinx,《夜色玄》｜原創中文歌曲,4,8,1,https://streetvoice.com/hinxlinx/songs/876791/,https://streetvoice.com/hinxlinx/,"https://akstatic.streetvoice.com/song_covers/hi/nx/hinxlinx/ZjSqCreaQyyTiRsWpC2dpZ.jpeg?x-oss-process=image/resize,m_fixed,h_1,w_1,limit_0/resize,m_fixed,h_630,w_1200,limit_0/watermark,image_c29uZ19jb3ZlcnMvaGkvbngvaGlueGxpbngvWmpTcUNyZWFReXlUaVJzV3BDMmRwWi5qcGVnP3gtb3NzLXByb2Nlc3M9aW1hZ2UvcmVzaXplLG1fZml4ZWQsaF8zNDQsd18zNDQsbGltaXRfMA,g_nw,x_428,y_143/watermark,image_YXNzZXQvaW1hZ2VzL21ldGFpbWFnZS1zb25nLnBuZw,g_nw,x_0,y_0",images/876791.jpeg,@hinxlinx,音樂人,,,,44,8,12,,,https://www.youtube.com/user/StreetVoiceTV,,,Pop,軒林詩,https://streetvoice.com/hinxlinx/songs/album/97325842/,,"曲: hinxlinx (1994) / 詞: 軒林 (2026) 風格: Synthpop, New Wave, 80s pop 曲詞原創，無人工智能輔助。 音樂由Suno AI照本人錄音生成。 《月夜愁曲》(EVer.01) | 原創8位元遊戲音樂: https://streetvoice.com/hinxlinx/songs/876793/ 
曲: hinxlinx (1994) / 詞: 軒林 (2026) 風格: Synthpop, New Wave, 80s pop 曲詞原創，無人工智能輔助。 音樂由Suno AI照本人錄音生成。
《月夜愁曲》(EVer.01) | 原創8位元遊戲音樂: https://streetvoice.com/hinxlinx/songs/876793/
https://streetvoice.com/hinxlinx/songs/876793/","[Verse 1] 夜色玄 噢路遠 殘燈閃過如電 孤影疾馳獨自飛 獨自飛 月兒問誰有家歸 [Verse 2] 夜色玄 噢綿延 晚風呼嘯伴相隨 彎道加速獨行遠 獨行遠 月下散影長送別 [Chorus 1] 夜色玄 月妍 景錯物換相行漸遠 無垠星移 萬萬千 月明麗秀缺圓 [Chorus 2] 夜色玄 月見 回頭路不可眷戀 如飛箭 放下執念 身輕如雁 了無相欠 心無悔 [Verse 3] 夜色玄 噢海淹 晚風相送莫掛牽 快道勻速獨行潛 獨行潛 月下昏影化雲煙 
[Verse 1] 夜色玄 噢路遠 殘燈閃過如電 孤影疾馳獨自飛 獨自飛 月兒問誰有家歸
[Verse 2] 夜色玄 噢綿延 晚風呼嘯伴相隨 彎道加速獨行遠 獨行遠 月下散影長送別
[Chorus 1] 夜色玄 月妍 景錯物換相行漸遠 無垠星移 萬萬千 月明麗秀缺圓
[Chorus 2] 夜色玄 月見 回頭路不可眷戀 如飛箭 放下執念 身輕如雁 了無相欠 心無悔
[Verse 3] 夜色玄 噢海淹 晚風相送莫掛牽 快道勻速獨行潛 獨行潛 月下昏影化雲煙
留言（ 1 ） 最相關留言 所有留言
留言（ 1 ）",2026-08-28,,AI 生成 Pop ・ 軒林詩,False,False,
2026-08-28 13:41:01,realtime,ai_generated,,,12,許願WiSH,懷裡愛著妳 異國風情版,2,8,1,https://streetvoice.com/WiSH0630/songs/876788/,https://streetvoice.com/WiSH0630/,"https://akstatic.streetvoice.com/song_covers/Wi/SH/WiSH0630/XKxANC9K9u5H3ahtbB25cQ.jpg?x-oss-process=image/resize,m_fixed,h_1,w_1,limit_0/resize,m_fixed,h_630,w_1200,limit_0/watermark,image_c29uZ19jb3ZlcnMvV2kvU0gvV2lTSDA2MzAvWEt4QU5DOUs5dTVIM2FodGJCMjVjUS5qcGc_eC1vc3MtcHJvY2Vzcz1pbWFnZS9yZXNpemUsbV9maXhlZCxoXzM0NCx3XzM0NCxsaW1pdF8w,g_nw,x_428,y_143/watermark,image_YXNzZXQvaW1hZ2VzL21ldGFpbWFnZS1zb25nLnBuZw,g_nw,x_0,y_0",images/876788.jpg,@WiSH0630,音樂人,桃園市,2026-01-01,,7,3,6,,,https://www.youtube.com/user/StreetVoiceTV,,,Hip hop / Rap,我的理想天空,https://streetvoice.com/WiSH0630/songs/album/97325846/,,,"不用開口 Speaking 就知道你在想什麼 心跳的頻率 習慣了和妳一起生活 早餐一樣喝著微糖的coffee 一起漫跑在清晨4點的洛杉磯 Shout-out to kobe 愛意猶如漲溪般湍急 像當初在愛琴海我們如影隨形 說的誓言下的承諾妳洗耳恭聽 如此的心心相印我是如此相信 就像jay深愛著昆凌和他的家庭 Why can’t we be on the Tetani? Let’s elope so romantically 想想都覺得刺激 baby, just say, "" Yes""It's a love story 多遠都要在一起 I'm in love with your body 永遠都是我一個人的honey 第一次約會在巴黎 我還歷歷在目 妳就像我的巧克力 想每天對妳愛護 度蜜月在馬爾地夫 遇見妳是上帝給的禮物 吹著微微的風 牽著妳在沙灘漫步的走 總是妳的溫柔守候讓我 不再如此苛薄 忘了回頭當我開始學會回首 才發現妳總在背後默默陪我 愛上一個人不需要太多理由 讓我們在朋友們的見證之下 喝下這交杯酒 Why can’t we be on the Tetani? Let’s elope so romantically 想想都覺得刺激 baby, just say, "" Yes""It's a love story 多遠都要在一起 I'm in love with your body 永遠都是我一個人的honey 放感情的把妳抱緊 緊緊擁入我的懷裡 說著無數次我愛妳 情路上無任何敗筆 下一站我們去埃及 
不用開口 Speaking 就知道你在想什麼 心跳的頻率 習慣了和妳一起生活 早餐一樣喝著微糖的coffee 一起漫跑在清晨4點的洛杉磯 Shout-out to kobe 愛意猶如漲溪般湍急
像當初在愛琴海我們如影隨形 說的誓言下的承諾妳洗耳恭聽 如此的心心相印我是如此相信 就像jay深愛著昆凌和他的家庭
Why can’t we be on the Tetani? Let’s elope so romantically 想想都覺得刺激 baby, just say, "" Yes""It's a love story 多遠都要在一起 I'm in love with your body 永遠都是我一個人的honey
第一次約會在巴黎 我還歷歷在目 妳就像我的巧克力 想每天對妳愛護 度蜜月在馬爾地夫 遇見妳是上帝給的禮物
吹著微微的風 牽著妳在沙灘漫步的走 總是妳的溫柔守候讓我 不再如此苛薄 忘了回頭當我開始學會回首 才發現妳總在背後默默陪我 愛上一個人不需要太多理由 讓我們在朋友們的見證之下 喝下這交杯酒
Why can’t we be on the Tetani? Let’s elope so romantically 想想都覺得刺激 baby, just say, "" Yes""It's a love story 多遠都要在一起 I'm in love with your body 永遠都是我一個人的honey
放感情的把妳抱緊 緊緊擁入我的懷裡 說著無數次我愛妳 情路上無任何敗筆 下一站我們去埃及
留言（ 1 ） 最相關留言 所有留言
留言（ 1 ）",2026-08-28,,AI 生成 Hip hop / Rap ・ 我的理想天空,False,False,
2026-08-28 13:41:01,realtime,ai_generated,,,13,cmc168,秋天最後一班公車  | 載走你　也載走我們的以後  |,5,24,4,https://streetvoice.com/cmc168/songs/876798/,https://streetvoice.com/cmc168/,"https://akstatic.streetvoice.com/song_covers/cm/c1/cmc168/KGSBzoFxvVGPARBaP6tWGB.jpeg?x-oss-process=image/resize,m_fixed,h_1,w_1,limit_0/resize,m_fixed,h_630,w_1200,limit_0/watermark,image_c29uZ19jb3ZlcnMvY20vYzEvY21jMTY4L0tHU0J6b0Z4dlZHUEFSQmFQNnRXR0IuanBlZz94LW9zcy1wcm9jZXNzPWltYWdlL3Jlc2l6ZSxtX2ZpeGVkLGhfMzQ0LHdfMzQ0LGxpbWl0XzA,g_nw,x_428,y_143/watermark,image_YXNzZXQvaW1hZ2VzL21ldGFpbWFnZS1zb25nLnBuZw,g_nw,x_0,y_0",images/876798.jpeg,@cmc168,音樂人,新北市,2026-04-01,,130,49,103,,,https://www.youtube.com/user/StreetVoiceTV,,,Pop,,,,,"【主歌一】 傍晚六點半　天色慢慢變灰 站牌邊舊廣告　被風吹得起飛 你站在我身旁　沉默了好一悔 手裡那杯咖啡　等不到挽回 【主歌二】 你說明天以後　就要離開這裡 居住在沒有我們　回憶的土地 我笑著說恭喜　假裝毫不在意 卻把你的名字　藏進我的口袋裡 【副歌】 秋天最後一班公車　快到站了 夕陽落在你肩上　像要走了 你問我 是不是還有話　想對你說 我只說路上小心　一路順風 秋天最後一班公車　慢慢開走 載走你　也載走我們的以後 站牌只剩一片葉子　陪著我 在沒有你的城市　慢慢飄落 【間奏】 【主歌三】 那晚的月亮　躲在雲的後面 你回頭看著我　好像想說再見 車門關上的瞬間　隔著一層玻璃 你的嘴型　到現在 我還沒有讀懂 【橋段】 後來我才知道　有些話不說 不是因為不愛　只是怕一開口 兩個人的明天　就再也沒有理由 留在同一個路口　等同一班車走 【最後副歌】 秋天最後一班公車　又來了 只是這一次　沒有人陪我 站在我們當年的那個站牌 等一個不會發生的期待 秋天最後一班公車　慢慢開走 我終於學會　把想念留在路口 原來有些人　只陪你一小段路程 卻讓你用一生　記得那個回眸 【尾奏】 如果那晚我說　留下來，好嗎 也許我們的秋天　就不會只有黃昏 
【主歌一】 傍晚六點半　天色慢慢變灰 站牌邊舊廣告　被風吹得起飛 你站在我身旁　沉默了好一悔 手裡那杯咖啡　等不到挽回
【主歌二】 你說明天以後　就要離開這裡 居住在沒有我們　回憶的土地 我笑著說恭喜　假裝毫不在意 卻把你的名字　藏進我的口袋裡
【副歌】 秋天最後一班公車　快到站了 夕陽落在你肩上　像要走了 你問我 是不是還有話　想對你說 我只說路上小心　一路順風
秋天最後一班公車　慢慢開走 載走你　也載走我們的以後 站牌只剩一片葉子　陪著我 在沒有你的城市　慢慢飄落
【間奏】
【主歌三】 那晚的月亮　躲在雲的後面 你回頭看著我　好像想說再見 車門關上的瞬間　隔著一層玻璃 你的嘴型　到現在 我還沒有讀懂
【橋段】 後來我才知道　有些話不說 不是因為不愛　只是怕一開口 兩個人的明天　就再也沒有理由 留在同一個路口　等同一班車走
【最後副歌】 秋天最後一班公車　又來了 只是這一次　沒有人陪我 站在我們當年的那個站牌 等一個不會發生的期待
秋天最後一班公車　慢慢開走 我終於學會　把想念留在路口 原來有些人　只陪你一小段路程 卻讓你用一生　記得那個回眸
【尾奏】 如果那晚我說　留下來，好嗎 也許我們的秋天　就不會只有黃昏
留言（ 4 ） 最相關留言 所有留言
留言（ 4 ）",2026-08-28,,AI 生成 Pop,False,False,
2026-08-28 13:41:01,realtime,ai_generated,,,14,橋體（Pontic),輪迴,10,17,3,https://streetvoice.com/meng_chaio_hiesh/songs/876632/,https://streetvoice.com/meng_chaio_hiesh/,"https://akstatic.streetvoice.com/song_covers/me/ng/meng_chaio_hiesh/Mg7wvTrRazPafkszW5tYbx.jpeg?x-oss-process=image/resize,m_fixed,h_1,w_1,limit_0/resize,m_fixed,h_630,w_1200,limit_0/watermark,image_c29uZ19jb3ZlcnMvbWUvbmcvbWVuZ19jaGFpb19oaWVzaC9NZzd3dlRyUmF6UGFma3N6VzV0WWJ4LmpwZWc_eC1vc3MtcHJvY2Vzcz1pbWFnZS9yZXNpemUsbV9maXhlZCxoXzM0NCx3XzM0NCxsaW1pdF8w,g_nw,x_428,y_143/watermark,image_YXNzZXQvaW1hZ2VzL21ldGFpbWFnZS1zb25nLnBuZw,g_nw,x_0,y_0",images/876632.jpeg,@meng_chaio_hiesh,音樂人,台中市,2022-02-01,,65,24,40,,,https://www.youtube.com/user/StreetVoiceTV,,,Rock,,,,,"# 輪迴 [Verse 1] 我曾經以為 離開就會結束 後來才發現 有些人走了還在 我開始習慣一個人 也習慣不再問為什麼 只是有些夜裡 還是會想起你 [Chorus] 我不相信真的有輪迴 人怎麼可能重新來過 只是有些記憶太深了 過了多久還是會想起 我不相信什麼因果 也不相信誰替我們安排 只是每一次走到最後 我又走回熟悉的地方 [Verse 2] 有些事情沒有答案 有些話說了也沒用 我以為時間會改變 後來只是學會沉默 我也遇過不同的人 也試著開始新的生活 可是某些熟悉的習慣 還是會把我帶回從前 [Chorus] 我不相信真的有輪迴 人怎麼可能重新來過 只是有些記憶太深了 過了多久還是會想起 我不相信什麼因果 也不相信誰替我們安排 只是每一次走到最後 我又走回熟悉的地方 [Bridge] 如果真的有所謂彼岸 也不會有人替我回答 這一生錯過的人 是不是還有機會再見 也許我們沒有下一次 也許離開就是離開 只是我用了很長的時間 才接受你真的不在 [Final Chorus] 我不相信真的有輪迴 人怎麼可能重新來過 可是有些人離開以後 會在另一個人身上重播 我不相信什麼因果 也不相信誰替我們安排 如果所謂輪迴真的存在 也只是我們一次次 走回自己的選擇 [Outro] 我曾經以為 這一次真的結束 後來才明白 輪迴不是重新開始 只是我們 一直沒有走出去 
# 輪迴
[Verse 1]
我曾經以為 離開就會結束 後來才發現 有些人走了還在
我開始習慣一個人 也習慣不再問為什麼 只是有些夜裡 還是會想起你
[Chorus]
我不相信真的有輪迴 人怎麼可能重新來過 只是有些記憶太深了 過了多久還是會想起
我不相信什麼因果 也不相信誰替我們安排 只是每一次走到最後 我又走回熟悉的地方
[Verse 2]
有些事情沒有答案 有些話說了也沒用 我以為時間會改變 後來只是學會沉默
我也遇過不同的人 也試著開始新的生活 可是某些熟悉的習慣 還是會把我帶回從前
[Chorus]
我不相信真的有輪迴 人怎麼可能重新來過 只是有些記憶太深了 過了多久還是會想起
我不相信什麼因果 也不相信誰替我們安排 只是每一次走到最後 我又走回熟悉的地方
[Bridge]
如果真的有所謂彼岸 也不會有人替我回答 這一生錯過的人 是不是還有機會再見
也許我們沒有下一次 也許離開就是離開 只是我用了很長的時間 才接受你真的不在
[Final Chorus]
我不相信真的有輪迴 人怎麼可能重新來過 可是有些人離開以後 會在另一個人身上重播
我不相信什麼因果 也不相信誰替我們安排 如果所謂輪迴真的存在 也只是我們一次次 走回自己的選擇
[Outro]
我曾經以為 這一次真的結束
後來才明白 輪迴不是重新開始
只是我們 一直沒有走出去
留言（ 3 ） 最相關留言 所有留言
留言（ 3 ）",2026-08-27,,AI 生成 Rock,False,False,
2026-08-28 13:41:01,realtime,ai_generated,,,15,Dammn P.,04《雷音破曉》(Thunderbolt Dawn),11,13,2,https://streetvoice.com/Paull_Dammnpohung/songs/876645/,https://streetvoice.com/Paull_Dammnpohung/,"https://akstatic.streetvoice.com/song_covers/Pa/ul/Paull_Dammnpohung/M4xvdVg5nxvRxLvucczmdE.jpeg?x-oss-process=image/resize,m_fixed,h_1,w_1,limit_0/resize,m_fixed,h_630,w_1200,limit_0/watermark,image_c29uZ19jb3ZlcnMvUGEvdWwvUGF1bGxfRGFtbW5wb2h1bmcvTTR4dmRWZzVueHZSeEx2dWNjem1kRS5qcGVnP3gtb3NzLXByb2Nlc3M9aW1hZ2UvcmVzaXplLG1fZml4ZWQsaF8zNDQsd18zNDQsbGltaXRfMA,g_nw,x_428,y_143/watermark,image_YXNzZXQvaW1hZ2VzL21ldGFpbWFnZS1zb25nLnBuZw,g_nw,x_0,y_0",images/876645.jpeg,@Paull_Dammnpohung,音樂人,高雄市,2026-01-01,2026-06-25 10:03,131,62,80,,,https://www.youtube.com/@RuralPeace-n2q,,,Metal,《仙裔詠嘆》(Celestial Aria) - 《天啟墨章》(Celestial Revelation),https://streetvoice.com/Paull_Dammnpohung/songs/album/97325715/,,"《雷音破曉》(Thunderbolt Dawn) — 吉他手「雷音」專屬單曲 MV 《雷音破曉》是專為吉他手「雷音」量身打造的極速金屬浪潮。MV鏡頭深入雷音在天啟仙界的隱居閨房，將冰冷凌厲的彈奏技巧、仙界日常與閨蜜團員練習融為一體，呈現冷峻仙子背後對琴道極致的追求。 雷音的音駒閨房座落在浮空緋紅懸崖上的白玉樓閣，遠眺無垠雲海與懸空銀瀑，古松盤繞其側。白玉殿閣內部的圓形練習台，是雷音日夜磨礪琴技與參悟天地韻律的私密空間。 🎵 【單曲資訊】 * 曲名：雷音破曉 * 樂團：仙裔詠嘆 * 風格：東方新古典交響金屬 訂閱我們，一同見證東方新古典重金屬的全新篇章！ 🔗 【關注仙裔詠嘆】 * YouTube👉 https://www.youtube.com/@DammnP-h9e 
《雷音破曉》(Thunderbolt Dawn) — 吉他手「雷音」專屬單曲 MV
《雷音破曉》是專為吉他手「雷音」量身打造的極速金屬浪潮。MV鏡頭深入雷音在天啟仙界的隱居閨房，將冰冷凌厲的彈奏技巧、仙界日常與閨蜜團員練習融為一體，呈現冷峻仙子背後對琴道極致的追求。
雷音的音駒閨房座落在浮空緋紅懸崖上的白玉樓閣，遠眺無垠雲海與懸空銀瀑，古松盤繞其側。白玉殿閣內部的圓形練習台，是雷音日夜磨礪琴技與參悟天地韻律的私密空間。 🎵 【單曲資訊】 * 曲名：雷音破曉 * 樂團：仙裔詠嘆 * 風格：東方新古典交響金屬
訂閱我們，一同見證東方新古典重金屬的全新篇章！
🔗 【關注仙裔詠嘆】 * YouTube👉 https://www.youtube.com/@DammnP-h9e
https://www.youtube.com/@DammnP-h9e","動態歌詞
五指輪轉 撥動命運的琴弦 指尖雷霆 點燃荒野的烽煙 不再沈默 那些古老的語言 化作風暴 席捲凡塵的界限 金屬的骨 琵琶的魂 千錘百鍊 浴火重生 雷鳴之後 萬象新生 雷音 劃破了破曉的寂靜 速彈 燃燒這不屈的生命 像一道 劈開蒼穹的閃電 在絕望之巔 奏響 最終的凱旋 冷酷的眼 鎖定勝利的終點 瘋狂的弦 割裂虛偽的謊言 從深山到荒原 節奏永不停歇 我的音牆 構築不滅的宮殿 雷音 劃破了破曉的寂靜 速彈 燃燒這不屈的生命 像一道 劈開蒼穹的閃電 在絕望之巔 奏響 最終的凱旋 
五指輪轉 撥動命運的琴弦 指尖雷霆 點燃荒野的烽煙 不再沈默 那些古老的語言 化作風暴 席捲凡塵的界限 金屬的骨 琵琶的魂 千錘百鍊 浴火重生 雷鳴之後 萬象新生 雷音 劃破了破曉的寂靜 速彈 燃燒這不屈的生命 像一道 劈開蒼穹的閃電 在絕望之巔 奏響 最終的凱旋
冷酷的眼 鎖定勝利的終點 瘋狂的弦 割裂虛偽的謊言 從深山到荒原 節奏永不停歇 我的音牆 構築不滅的宮殿
雷音 劃破了破曉的寂靜 速彈 燃燒這不屈的生命 像一道 劈開蒼穹的閃電 在絕望之巔 奏響 最終的凱旋
留言（ 2 ） 最相關留言 所有留言
留言（ 2 ）",2026-08-27,,AI 生成 Metal ・ 《仙裔詠嘆》(Celestial Aria) - 《天啟墨章》(Celestial Revelation),False,False,
2026-08-28 13:41:01,realtime,ai_generated,,,16,AI 音乐 AIMandoMuse,沉默的天使 Dad The Silent Angel,6,3,3,https://streetvoice.com/AIMandoMuse/songs/876668/,https://streetvoice.com/AIMandoMuse/,"https://akstatic.streetvoice.com/song_covers/AI/Ma/AIMandoMuse/H2xZ3MZePVfP4FToYF956C.jpeg?x-oss-process=image/resize,m_fixed,h_1,w_1,limit_0/resize,m_fixed,h_630,w_1200,limit_0/watermark,image_c29uZ19jb3ZlcnMvQUkvTWEvQUlNYW5kb011c2UvSDJ4WjNNWmVQVmZQNEZUb1lGOTU2Qy5qcGVnP3gtb3NzLXByb2Nlc3M9aW1hZ2UvcmVzaXplLG1fZml4ZWQsaF8zNDQsd18zNDQsbGltaXRfMA,g_nw,x_428,y_143/watermark,image_YXNzZXQvaW1hZ2VzL21ldGFpbWFnZS1zb25nLnBuZw,g_nw,x_0,y_0",images/876668.jpeg,@AIMandoMuse,音樂人,,,,9,5,2,,,https://www.youtube.com/user/StreetVoiceTV,,,Pop,,,,"写给每一位默默付出、从不求回报的父亲。 
写给每一位默默付出、从不求回报的父亲。","這是沒有提供歌詞的歌曲
留言（ 3 ） 最相關留言 所有留言
留言（ 3 ）",2026-08-27,,AI 生成 Pop,False,False,
2026-08-28 13:41:01,realtime,ai_generated,,,17,Beepbeepla,\|/ 🕯️中元祭歌🕯️ \|/,6,5,2,https://streetvoice.com/beepbeepla/songs/876696/,https://streetvoice.com/beepbeepla/,"https://akstatic.streetvoice.com/song_covers/be/ep/beepbeepla/Nn6q2DZbxmQVujMmzUBZ2o.jpeg?x-oss-process=image/resize,m_fixed,h_1,w_1,limit_0/resize,m_fixed,h_630,w_1200,limit_0/watermark,image_c29uZ19jb3ZlcnMvYmUvZXAvYmVlcGJlZXBsYS9ObjZxMkRaYnhtUVZ1ak1telVCWjJvLmpwZWc_eC1vc3MtcHJvY2Vzcz1pbWFnZS9yZXNpemUsbV9maXhlZCxoXzM0NCx3XzM0NCxsaW1pdF8w,g_nw,x_428,y_143/watermark,image_YXNzZXQvaW1hZ2VzL21ldGFpbWFnZS1zb25nLnBuZw,g_nw,x_0,y_0",images/876696.jpeg,@beepbeepla,音樂人,台灣,2026-07-01,,21,5,,,,https://www.youtube.com/user/StreetVoiceTV,,,Religion,,,,"農曆七月，陰陽相交之際。 一盞水燈照亮彼岸，一聲梵唱撫平滄桑。 本曲以空靈莊嚴的吟唱與深沉律動，營造中元節超渡與祈福的氛圍。 願此樂聲化作一縷清風與明燈，安撫世間所有的孤魂與游子，願逝者皆得安息，生者皆獲平靜。 
農曆七月，陰陽相交之際。 一盞水燈照亮彼岸，一聲梵唱撫平滄桑。 本曲以空靈莊嚴的吟唱與深沉律動，營造中元節超渡與祈福的氛圍。 願此樂聲化作一縷清風與明燈，安撫世間所有的孤魂與游子，願逝者皆得安息，生者皆獲平靜。","這是沒有提供歌詞的歌曲
留言（ 2 ） 最相關留言 所有留言
留言（ 2 ）",2026-08-27,,AI 生成 Religion,False,False,
2026-08-28 13:41:01,realtime,ai_generated,,,18,TAIROOM,回到你身邊,5,7,2,https://streetvoice.com/doctorland28/songs/876749/,https://streetvoice.com/doctorland28/,"https://akstatic.streetvoice.com/song_covers/do/ct/doctorland28/3TnzEE7KFkAcKuTxrv7oHm.jpeg?x-oss-process=image/resize,m_fixed,h_1,w_1,limit_0/resize,m_fixed,h_630,w_1200,limit_0/watermark,image_c29uZ19jb3ZlcnMvZG8vY3QvZG9jdG9ybGFuZDI4LzNUbnpFRTdLRmtBY0t1VHhydjdvSG0uanBlZz94LW9zcy1wcm9jZXNzPWltYWdlL3Jlc2l6ZSxtX2ZpeGVkLGhfMzQ0LHdfMzQ0LGxpbWl0XzA,g_nw,x_428,y_143/watermark,image_YXNzZXQvaW1hZ2VzL21ldGFpbWFnZS1zb25nLnBuZw,g_nw,x_0,y_0",images/876749.jpeg,@doctorland28,音樂人,,,,6,6,5,,,https://www.youtube.com/user/StreetVoiceTV,,,Hip hop / Rap,,,,,"Late at night 我翻開那個舊紙箱 Dust in the air 像時間沒有散場 And suddenly I see you again 好像那些年 從來沒有走遠 Sunlight falling through the hall 第一次看見你的時候 I didn't even know your name 卻記得你離開的背影很久 After school, we took it slow 一起走過熟悉的街口 Talking 'bout nothing at all 卻好像什麼都很重要 You were laughing in the backseat 公車窗外的城市倒退 Didn't know those little moments 有一天會變成想念 Maybe I was too young Maybe I was afraid 想說的話太多 最後還是沒有說出口 我們站在天台 看著城市慢慢亮起來 The wind was in your hair 我卻不敢靠得太近 I almost said it Almost said your name 可是那一天 最後什麼都沒有改變 How did I end up Back to you 走了那麼遠 還是回到最初 Different places Different lives 我們都被時間帶走 But every road Every night 好像都在告訴我 I'm still coming back Back to you Yeah 畢業那天人很多 Everybody smiling for the camera 你站在我面前 好像有話想說 Then somebody called your name And the moment was over 我還以為明天 我們總會再見 Didn't know tomorrow could disappear for years 換了城市 換了生活 換了身邊的人 可有些畫面 一直沒有變 Old books in a cardboard box 泛黃的照片一張一張 Then I found that little camera 突然想起你的模樣 Basketball court Bus ride 夏天吃到融化的冰 And that photo you took of me 原來你一直 站在我的青春裡 時間開始倒退 I can hear your voice again 走廊上的風 天台的那一天 Everything I tried to forget is coming back again 越想忘記 越清晰 越走越遠 卻越靠近 How did I end up Back to you 走了那麼遠 還是回到最初 Different places Different lives 我們都被時間帶走 But every road Every night 好像都在告訴我 I'm still coming back Back to you Then my phone lit up 螢幕亮了一下 沒有名字 只有一句 「明天，有空嗎？」 And I stopped For a second 整個世界 突然安靜 Because somehow I knew Maybe we were never lost 只是走得太遠 Maybe all those empty years 都只是為了這一天 I walked back through the hallway 熟悉卻又陌生的畫面 Every step Every breath 像回到從前 Then I reached the rooftop 風還是一樣 城市還在遠方 And then I heard you say 「你還是喜歡站在這裡啊。」 I turned around And there you were 就在我的眼前 像那些年的時間 從來沒有改變 No need to say sorry No need to explain 有些話 其實不用說太明白 Cause you were there 在我所有的從前 那些我以為忘記的畫面 原來你也都記得 After all this time After all these years 我終於明白 Every road Every night Every memory Led me back Led me back To you 你舉起相機 Still taking pictures of me? 我笑了一下 「又偷拍我嗎？」 Click. 這一次 Don't let the moment fade This time 我沒有離開 
Late at night 我翻開那個舊紙箱
Dust in the air 像時間沒有散場
And suddenly I see you again
好像那些年 從來沒有走遠
Sunlight falling through the hall 第一次看見你的時候
I didn't even know your name 卻記得你離開的背影很久
After school, we took it slow 一起走過熟悉的街口
Talking 'bout nothing at all 卻好像什麼都很重要
You were laughing in the backseat 公車窗外的城市倒退
Didn't know those little moments 有一天會變成想念
Maybe I was too young Maybe I was afraid
想說的話太多 最後還是沒有說出口
我們站在天台 看著城市慢慢亮起來
The wind was in your hair 我卻不敢靠得太近
I almost said it Almost said your name
可是那一天 最後什麼都沒有改變
How did I end up Back to you
走了那麼遠 還是回到最初
Different places Different lives
我們都被時間帶走
But every road Every night
好像都在告訴我
I'm still coming back Back to you
Yeah
畢業那天人很多 Everybody smiling for the camera
你站在我面前 好像有話想說
Then somebody called your name And the moment was over
我還以為明天 我們總會再見
Didn't know tomorrow could disappear for years
換了城市 換了生活 換了身邊的人
可有些畫面 一直沒有變
Old books in a cardboard box 泛黃的照片一張一張
Then I found that little camera 突然想起你的模樣
Basketball court Bus ride
夏天吃到融化的冰
And that photo you took of me
原來你一直 站在我的青春裡
時間開始倒退
I can hear your voice again
走廊上的風 天台的那一天
Everything I tried to forget is coming back again
越想忘記 越清晰
越走越遠 卻越靠近
How did I end up Back to you
走了那麼遠 還是回到最初
Different places Different lives
我們都被時間帶走
But every road Every night
好像都在告訴我
I'm still coming back Back to you
Then my phone lit up
螢幕亮了一下
沒有名字
只有一句
「明天，有空嗎？」
And I stopped For a second
整個世界 突然安靜
Because somehow
I knew
Maybe we were never lost 只是走得太遠
Maybe all those empty years 都只是為了這一天
I walked back through the hallway 熟悉卻又陌生的畫面
Every step Every breath
像回到從前
Then I reached the rooftop
風還是一樣
城市還在遠方
And then I heard you say
「你還是喜歡站在這裡啊。」
I turned around
And there you were
就在我的眼前
像那些年的時間 從來沒有改變
No need to say sorry No need to explain
有些話 其實不用說太明白
Cause you were there 在我所有的從前
那些我以為忘記的畫面 原來你也都記得
After all this time After all these years
我終於明白
Every road Every night Every memory
Led me back Led me back
To you
你舉起相機
Still taking pictures of me?
我笑了一下
「又偷拍我嗎？」
Click.
這一次
Don't let the moment fade
This time
我沒有離開
留言（ 2 ） 最相關留言 所有留言
留言（ 2 ）",2026-08-28,,AI 生成 Hip hop / Rap,False,False,
2026-08-28 13:41:01,realtime,ai_generated,,,19,許願WiSH,懷裡愛著妳,6,21,1,https://streetvoice.com/WiSH0630/songs/876786/,https://streetvoice.com/WiSH0630/,"https://akstatic.streetvoice.com/song_covers/Wi/SH/WiSH0630/PuXJpzGf74KrXtrQivwvVZ.jpg?x-oss-process=image/resize,m_fixed,h_1,w_1,limit_0/resize,m_fixed,h_630,w_1200,limit_0/watermark,image_c29uZ19jb3ZlcnMvV2kvU0gvV2lTSDA2MzAvUHVYSnB6R2Y3NEtyWHRyUWl2d3ZWWi5qcGc_eC1vc3MtcHJvY2Vzcz1pbWFnZS9yZXNpemUsbV9maXhlZCxoXzM0NCx3XzM0NCxsaW1pdF8w,g_nw,x_428,y_143/watermark,image_YXNzZXQvaW1hZ2VzL21ldGFpbWFnZS1zb25nLnBuZw,g_nw,x_0,y_0",images/876786.jpg,@WiSH0630,音樂人,桃園市,2026-01-01,,7,3,6,,,https://www.youtube.com/user/StreetVoiceTV,,,Hip hop / Rap,我的理想天空,https://streetvoice.com/WiSH0630/songs/album/97325846/,,,"不用開口 Speaking 就知道你在想什麼 心跳的頻率 習慣了和妳一起生活 早餐一樣喝著微糖的coffee 一起漫跑在清晨4點的洛杉磯 Shout-out to kobe 愛意猶如漲溪般湍急 像當初在愛琴海我們如影隨形 說的誓言下的承諾妳洗耳恭聽 如此的心心相印我是如此相信 就像jay深愛著昆凌和他的家庭 Why can’t we be on the Tetani? Let’s elope so romantically 想想都覺得刺激 baby, just say, "" Yes""It's a love story 多遠都要在一起 I'm in love with your body 永遠都是我一個人的honey 第一次約會在巴黎 我還歷歷在目 妳就像我的巧克力 想每天對妳愛護 度蜜月在馬爾地夫 遇見妳是上帝給的禮物 吹著微微的風 牽著妳在沙灘漫步的走 總是妳的溫柔守候讓我 不再如此苛薄 忘了回頭當我開始學會回首 才發現妳總在背後默默陪我 愛上一個人不需要太多理由 讓我們在朋友們的見證之下 喝下這交杯酒 Why can’t we be on the Tetani? Let’s elope so romantically 想想都覺得刺激 baby, just say, "" Yes""It's a love story 多遠都要在一起 I'm in love with your body 永遠都是我一個人的honey 放感情的把妳抱緊 緊緊擁入我的懷裡 說著無數次我愛妳 情路上無任何敗筆 下一站我們去埃及 
不用開口 Speaking 就知道你在想什麼 心跳的頻率 習慣了和妳一起生活 早餐一樣喝著微糖的coffee 一起漫跑在清晨4點的洛杉磯 Shout-out to kobe 愛意猶如漲溪般湍急
像當初在愛琴海我們如影隨形 說的誓言下的承諾妳洗耳恭聽 如此的心心相印我是如此相信 就像jay深愛著昆凌和他的家庭
Why can’t we be on the Tetani? Let’s elope so romantically 想想都覺得刺激 baby, just say, "" Yes""It's a love story 多遠都要在一起 I'm in love with your body 永遠都是我一個人的honey
第一次約會在巴黎 我還歷歷在目 妳就像我的巧克力 想每天對妳愛護 度蜜月在馬爾地夫 遇見妳是上帝給的禮物
吹著微微的風 牽著妳在沙灘漫步的走 總是妳的溫柔守候讓我 不再如此苛薄 忘了回頭當我開始學會回首 才發現妳總在背後默默陪我 愛上一個人不需要太多理由 讓我們在朋友們的見證之下 喝下這交杯酒
Why can’t we be on the Tetani? Let’s elope so romantically 想想都覺得刺激 baby, just say, "" Yes""It's a love story 多遠都要在一起 I'm in love with your body 永遠都是我一個人的honey
放感情的把妳抱緊 緊緊擁入我的懷裡 說著無數次我愛妳 情路上無任何敗筆 下一站我們去埃及
留言（ 1 ） 最相關留言 所有留言
留言（ 1 ）",2026-08-28,,AI 生成 Hip hop / Rap ・ 我的理想天空,False,False,
2026-08-28 13:41:01,realtime,ai_generated,,,20,AlexHu,被愛不被愛一點都不重要（Being loved or not doesn&#x27;t matter),21,172,38,https://streetvoice.com/s3224hustreetvoice/songs/876348/,https://streetvoice.com/s3224hustreetvoice/,"https://akstatic.streetvoice.com/song_covers/s3/22/s3224hustreetvoice/i4LFPqdaDGu7LKQ4noYVwy.jpg?x-oss-process=image/resize,m_fixed,h_1,w_1,limit_0/resize,m_fixed,h_630,w_1200,limit_0/watermark,image_c29uZ19jb3ZlcnMvczMvMjIvczMyMjRodXN0cmVldHZvaWNlL2k0TEZQcWRhREd1N0xLUTRub1lWd3kuanBnP3gtb3NzLXByb2Nlc3M9aW1hZ2UvcmVzaXplLG1fZml4ZWQsaF8zNDQsd18zNDQsbGltaXRfMA,g_nw,x_428,y_143/watermark,image_YXNzZXQvaW1hZ2VzL21ldGFpbWFnZS1zb25nLnBuZw,g_nw,x_0,y_0",images/876348.jpg,@s3224hustreetvoice,音樂人,澎湖縣,2026-02-01,,29,46,142,,,https://www.youtube.com/user/StreetVoiceTV,,,Experimental,,,,"被不被愛一點都不重要。長大後才明白，將自我價值寄託在他人的目光裡，只會讓人患得患失。人生最踏實的底氣，從來不是獲得多少青睞，而是你是否懂得接納真實的自己。當你不再向外乞求溫暖，學會專注於眼前的熱愛與生活，就能活得坦蕩而自由。只要能成為自己的光，便無懼任何荒涼。 https://youtu.be/aAUJ2VpBn7I?si=rUGJHHM00bP5yT4R 
被不被愛一點都不重要。長大後才明白，將自我價值寄託在他人的目光裡，只會讓人患得患失。人生最踏實的底氣，從來不是獲得多少青睞，而是你是否懂得接納真實的自己。當你不再向外乞求溫暖，學會專注於眼前的熱愛與生活，就能活得坦蕩而自由。只要能成為自己的光，便無懼任何荒涼。
https://youtu.be/aAUJ2VpBn7I?si=rUGJHHM00bP5yT4R
https://youtu.be/aAUJ2VpBn7I?si=rUGJHHM00bP5yT4R","(粵語) 街燈映照冷清街角 影子拉長亦都不錯 無需等邊個珍惜我 雙手緊握冷風吹過 笑意若然給蹉跎 何必苦苦再摸索 心碎幾番已學會看破 No need for validation no need to be adored (不需要肯定，不需要被崇拜 ) I am whole on my own asking for nothing more ( 我自己就很完整，不求更多) Yes just it nothing more (是的，就是這樣，別無所求） Being loved or not doesn’t matter at all （被不被愛根本不重要） I’ve learned to rise every time that I fall （我已學會每一次跌倒後重新站起） No need begging for a spark in the dark （不需要乞求黑暗中的一絲火光） I heal the wounds and I carry every scar （我療癒傷口，帶著每一道傷痕） Out of the shadow  standing tall （走出陰影，昂首挺胸） 幾多承諾變作輕煙 昨日眷戀化為雲煙 無謂再去兜兜轉轉 靠自己亦能度過冬天 再沒期待便無牽絆渣 獨自前行步伐安然 這片夜空 留給我去望遠 沿途就算空無一人 亦能哼出自我節奏 放低執念 才是自由的出口 Being loved or not doesn’t matter at all （被不被愛根本不重要） I’ve learned to rise every time that I fall （我已學會每一次跌倒後重新站起） No longer begging for a spark in the dark （不需要乞求黑暗中的一絲火光） I heal the wounds and I carry every scar （我療癒傷口，帶著每一道傷痕） Out of the shadow standing tall （走出陰影，昂首挺胸） (粵語) 沿途就算空無一人 亦能哼出自我節奏 放低執念 才是自由的出口 No need for validation no need to be adored (不需要肯定，不需要被崇拜 ) I am whole on my own asking for nothing more (我自己就很完整，不求更多) Nothing more （不求更多) I'll be back (我將回來） 看透了世態與寂寥 被愛不被愛都不重要 哪怕今晚夜雨飄飄 隨緣自處 痛快笑多秒 吹熄了回憶的火苗 過去的執念隨風化了 一直一個人走過荒蕪長橋 一個人走過荒蕪長橋 看透了世態與寂寥 被愛不被愛都不重要 哪怕今晚夜雨飄飄 隨緣自處 痛快笑多秒 
(粵語)
街燈映照冷清街角 影子拉長亦都不錯 無需等邊個珍惜我 雙手緊握冷風吹過 笑意若然給蹉跎 何必苦苦再摸索 心碎幾番已學會看破
No need for validation no need to be adored (不需要肯定，不需要被崇拜 )
I am whole on my own asking for nothing more ( 我自己就很完整，不求更多)
Yes just it nothing more (是的，就是這樣，別無所求）
Being loved or not doesn’t matter at all （被不被愛根本不重要）
I’ve learned to rise every time that I fall （我已學會每一次跌倒後重新站起）
No need begging for a spark in the dark （不需要乞求黑暗中的一絲火光）
I heal the wounds and I carry every scar （我療癒傷口，帶著每一道傷痕）
Out of the shadow  standing tall （走出陰影，昂首挺胸）
幾多承諾變作輕煙 昨日眷戀化為雲煙 無謂再去兜兜轉轉 靠自己亦能度過冬天 再沒期待便無牽絆渣 獨自前行步伐安然 這片夜空 留給我去望遠 沿途就算空無一人 亦能哼出自我節奏 放低執念 才是自由的出口
Being loved or not doesn’t matter at all （被不被愛根本不重要）
I’ve learned to rise every time that I fall （我已學會每一次跌倒後重新站起）
No longer begging for a spark in the dark （不需要乞求黑暗中的一絲火光）
I heal the wounds and I carry every scar （我療癒傷口，帶著每一道傷痕）
Out of the shadow standing tall （走出陰影，昂首挺胸）
(粵語) 沿途就算空無一人 亦能哼出自我節奏 放低執念 才是自由的出口
No need for validation no need to be adored (不需要肯定，不需要被崇拜 )
I am whole on my own asking for nothing more (我自己就很完整，不求更多)
Nothing more （不求更多)
I'll be back (我將回來）
看透了世態與寂寥 被愛不被愛都不重要 哪怕今晚夜雨飄飄 隨緣自處 痛快笑多秒 吹熄了回憶的火苗 過去的執念隨風化了 一直一個人走過荒蕪長橋 一個人走過荒蕪長橋 看透了世態與寂寥 被愛不被愛都不重要 哪怕今晚夜雨飄飄 隨緣自處 痛快笑多秒
留言（ 38 ） 最相關留言 所有留言
留言（ 38 ）",2026-08-25,,AI 生成 Experimental,False,False,
2026-08-28 13:41:01,realtime,ai_generated,,,21,hinxlinx,《月夜愁曲》(EVer.01) | 原創8位元遊戲音樂,5,5,1,https://streetvoice.com/hinxlinx/songs/876793/,https://streetvoice.com/hinxlinx/,"https://akstatic.streetvoice.com/song_covers/hi/nx/hinxlinx/QojJtYVe4npKF3w5TTKDVu.jpeg?x-oss-process=image/resize,m_fixed,h_1,w_1,limit_0/resize,m_fixed,h_630,w_1200,limit_0/watermark,image_c29uZ19jb3ZlcnMvaGkvbngvaGlueGxpbngvUW9qSnRZVmU0bnBLRjN3NVRUS0RWdS5qcGVnP3gtb3NzLXByb2Nlc3M9aW1hZ2UvcmVzaXplLG1fZml4ZWQsaF8zNDQsd18zNDQsbGltaXRfMA,g_nw,x_428,y_143/watermark,image_YXNzZXQvaW1hZ2VzL21ldGFpbWFnZS1zb25nLnBuZw,g_nw,x_0,y_0",images/876793.jpeg,@hinxlinx,音樂人,,,,44,8,12,,,https://www.youtube.com/user/StreetVoiceTV,,,Electronic,樂曲集,https://streetvoice.com/hinxlinx/songs/album/97325859/,,"曲: hinxlinx 軒林 (1994)，原錄音(2018) 原曲弦律原創，無人工智能輔助。 音樂由Suno AI照本人錄音生成。 《夜色玄》｜原創中文歌曲: https://streetvoice.com/hinxlinx/songs/876791/ 
曲: hinxlinx 軒林 (1994)，原錄音(2018) 原曲弦律原創，無人工智能輔助。 音樂由Suno AI照本人錄音生成。
《夜色玄》｜原創中文歌曲: https://streetvoice.com/hinxlinx/songs/876791/
https://streetvoice.com/hinxlinx/songs/876791/","將本人創作的鋼琴曲《月夜愁曲》轉為復古8比特/位元遊戲音樂， 以經典NES紅白機遊戲《洛克人》配樂為生成靈感藍本。 
將本人創作的鋼琴曲《月夜愁曲》轉為復古8比特/位元遊戲音樂， 以經典NES紅白機遊戲《洛克人》配樂為生成靈感藍本。
留言（ 1 ） 最相關留言 所有留言
留言（ 1 ）",2026-08-28,,AI 生成 Electronic ・ 樂曲集,False,False,
2026-08-28 13:41:01,realtime,ai_generated,,,22,REDFREQ_Taiwan,當馬車變回南瓜時不想離開哥布林的地窖,4,9,1,https://streetvoice.com/REDFREQ_Taiwan/songs/876802/,https://streetvoice.com/REDFREQ_Taiwan/,"https://akstatic.streetvoice.com/profile_images/RE/DF/REDFREQ_Taiwan/e3EWyuh7j92RQGepwV9Jz9.jpeg?x-oss-process=image/resize,m_fixed,h_1,w_1,limit_0/resize,m_fixed,h_630,w_1200,limit_0/watermark,image_cHJvZmlsZV9pbWFnZXMvUkUvREYvUkVERlJFUV9UYWl3YW4vZTNFV3l1aDdqOTJSUUdlcHdWOUp6OS5qcGVnP3gtb3NzLXByb2Nlc3M9aW1hZ2UvcmVzaXplLG1fZml4ZWQsaF8zNDQsd18zNDQsbGltaXRfMA,g_nw,x_428,y_143/watermark,image_YXNzZXQvaW1hZ2VzL21ldGFpbWFnZS1zb25nLnBuZw,g_nw,x_0,y_0",images/876802.jpeg,@REDFREQ_Taiwan,音樂人,,,,2,6,16,,,https://www.youtube.com/user/StreetVoiceTV,,,Pop,,,,,"### Intro 當馬車變回南瓜時　我不想走 不想離開哥布林的地窖 讓槓片像金幣　響徹我們的王國 讓汗水替我戴上　廉價的皇冠 ### Verse 1 燈管白得像白天　把名字暫時放旁邊 跑步機螢幕發亮　誰也沒有真的走遠 清潔劑的檸檬味　慢慢蓋過一整天 有人低頭調重量　有人假裝沒聽見 我不是很勇敢　也不算真的可憐 只是外面太會問　問到人想躲進鐵片 鏡牆把我們排成　一排安靜的側臉 像地下城的住民　守著各自的深夜 ### Pre-Chorus 再給我一組　再給我三分鐘 讓心跳替秒針　找到共同的節奏 白天太多人問　我最後會成為什麼 只有這裡肯給我　不必回答的沉默 ### Chorus 當馬車變回南瓜時　我不想走 不想離開哥布林的地窖 讓槓片像金幣　響徹我們的王國 讓汗水替我戴上　廉價的皇冠 當最後一盞燈　把魔法都收走 別急著趕我回到地面 外面的人生太亮　王子和公主都像謠言 我寧願在這裡　守著我們的王國 ### Verse 2 有人練到手發紅　有人坐著不說話 把已讀的訊息　鎖進置物櫃最下方 有人怕鑰匙轉開門　裡面還是空蕩蕩 我用自嘲遮住　那些不方便的慌張 說自己只是小怪物　也比說孤單漂亮 這裡沒有人稱王　只是暫時不用投降 ### Pre-Chorus 2 再給我一組　再給我三分鐘 讓呼吸把逃避　裝成專注的動作 沒有人教過我　怎麼求救才不出糗 只有肌肉記得——放下也曾經很痛 ### Chorus 當馬車變回南瓜時　我不想走 不想離開哥布林的地窖 讓槓片像金幣　響徹我們的王國 讓汗水替我戴上　廉價的皇冠 當最後一盞燈　把魔法都收走 別急著趕我回到地面 外面的人生太亮　王子和公主都像謠言 我寧願在這裡　守著我們的王國 ### Bridge 如果午夜只是　另一種打烊鐘聲 為什麼我還相信　這些重複的動作 能守住一小塊　不必解釋的角落 清潔人員走近　我們慢慢低下頭 鏡子裡那些人　都在等別人先走 沒人想這麼快　就回到那地面 ### Final Chorus 當馬車變回南瓜時　我還是走 一步一步離開地窖 槓片沒有金光　我們也沒有王國 只有掌心留下　幾道紅色的印記 我們不是勇者　不是答案　不是故事的主角 只是把避風的夜 放進黑暗的地窖裡 ### Outro 門在背後鎖上 有人左轉　有人右轉 燈光在身後慢慢熄滅 
### Intro 當馬車變回南瓜時　我不想走 不想離開哥布林的地窖 讓槓片像金幣　響徹我們的王國 讓汗水替我戴上　廉價的皇冠
### Verse 1 燈管白得像白天　把名字暫時放旁邊 跑步機螢幕發亮　誰也沒有真的走遠 清潔劑的檸檬味　慢慢蓋過一整天 有人低頭調重量　有人假裝沒聽見
我不是很勇敢　也不算真的可憐 只是外面太會問　問到人想躲進鐵片 鏡牆把我們排成　一排安靜的側臉 像地下城的住民　守著各自的深夜
### Pre-Chorus 再給我一組　再給我三分鐘 讓心跳替秒針　找到共同的節奏 白天太多人問　我最後會成為什麼 只有這裡肯給我　不必回答的沉默
### Chorus 當馬車變回南瓜時　我不想走 不想離開哥布林的地窖 讓槓片像金幣　響徹我們的王國 讓汗水替我戴上　廉價的皇冠
當最後一盞燈　把魔法都收走 別急著趕我回到地面 外面的人生太亮　王子和公主都像謠言 我寧願在這裡　守著我們的王國
### Verse 2 有人練到手發紅　有人坐著不說話 把已讀的訊息　鎖進置物櫃最下方 有人怕鑰匙轉開門　裡面還是空蕩蕩
我用自嘲遮住　那些不方便的慌張 說自己只是小怪物　也比說孤單漂亮 這裡沒有人稱王　只是暫時不用投降
### Pre-Chorus 2 再給我一組　再給我三分鐘 讓呼吸把逃避　裝成專注的動作 沒有人教過我　怎麼求救才不出糗 只有肌肉記得——放下也曾經很痛
### Chorus 當馬車變回南瓜時　我不想走 不想離開哥布林的地窖 讓槓片像金幣　響徹我們的王國 讓汗水替我戴上　廉價的皇冠
當最後一盞燈　把魔法都收走 別急著趕我回到地面 外面的人生太亮　王子和公主都像謠言 我寧願在這裡　守著我們的王國
### Bridge 如果午夜只是　另一種打烊鐘聲 為什麼我還相信　這些重複的動作 能守住一小塊　不必解釋的角落
清潔人員走近　我們慢慢低下頭 鏡子裡那些人　都在等別人先走 沒人想這麼快　就回到那地面
### Final Chorus 當馬車變回南瓜時　我還是走 一步一步離開地窖 槓片沒有金光　我們也沒有王國 只有掌心留下　幾道紅色的印記
我們不是勇者　不是答案　不是故事的主角 只是把避風的夜 放進黑暗的地窖裡
### Outro 門在背後鎖上 有人左轉　有人右轉 燈光在身後慢慢熄滅
留言（ 1 ） 最相關留言 所有留言
留言（ 1 ）",2026-08-28,,AI 生成 Pop,False,False,
2026-08-28 13:41:01,realtime,ai_generated,,,23,楊桃,無話不說,8,558,1,https://streetvoice.com/tysonyang/songs/876546/,https://streetvoice.com/tysonyang/,"https://akstatic.streetvoice.com/profile_images/ty/so/tysonyang/MUA79tiyLt3gCyViipKrUc.jpg?x-oss-process=image/resize,m_fixed,h_1,w_1,limit_0/resize,m_fixed,h_630,w_1200,limit_0/watermark,image_cHJvZmlsZV9pbWFnZXMvdHkvc28vdHlzb255YW5nL01VQTc5dGl5THQzZ0N5VmlpcEtyVWMuanBnP3gtb3NzLXByb2Nlc3M9aW1hZ2UvcmVzaXplLG1fZml4ZWQsaF8zNDQsd18zNDQsbGltaXRfMA,g_nw,x_428,y_143/watermark,image_YXNzZXQvaW1hZ2VzL21ldGFpbWFnZS1zb25nLnBuZw,g_nw,x_0,y_0",images/876546.jpg,@tysonyang,音樂人,,,,14,7,5,,,https://www.youtube.com/user/StreetVoiceTV,嘉義大學諸羅祭四月登場！美秀集團、血肉果汁機、康士坦的變化球等多組樂團相繼開唱|||https://blow.streetvoice.com/53555/?utm_source=streetvoice&utm_medium=profile-news-block,,Pop,感情回憶錄,https://streetvoice.com/tysonyang/songs/album/97325636/,,,"【Intro｜女聲輕唱】 我們曾經…… 什麼都能說。 後來才發現， 最熟悉的人， 也可以慢慢變成最陌生的沉默。 【Verse 1】 以前的你總問我今天過得好不好 一句晚安我都能開心到睡不著 我們聊著未來聊著那些小小夢想 連路邊一盞燈都能陪我們聊到天亮 後來你的訊息越來越短越來越少 我說了一大堆你只回一句「知道」 從分享生活變成小心翼翼地打擾 原來兩個人的距離不是遠了才會到 【Pre-Chorus】 我開始不敢問你最近好不好 怕你的沉默比答案更加煎熬 曾經最熟悉的擁抱 如今連一句關心都顯得可笑 【Chorus｜重複洗腦】 我們從無話不說變成無話可說 從每天都想見變成見面也沉默 曾經一句晚安都捨不得錯過 如今連一句想你都不知道該對誰說 我們從無話不說變成無話可說 從你的全世界變成擦肩而過 如果愛是慢慢走遠我卻還停留 最痛不是你離開 是我們曾經那麼多話最後一句都沒有 【Verse 2】 以前你會記得我喝咖啡不加糖 我皺一下眉頭你就知道我在逞強 如今我紅著眼你也只是低頭滑手機 原來最懂我的人也可以不再懂我心情 房間裡還留著我們一起拍的照片 笑得那麼自然好像永遠不會改變 我一張一張看卻不敢再往前翻 因為每一段回憶都提醒我你已走遠 【Pre-Chorus】 我不是沒想過再努力一次就好 只是愛一個人不能只有我奔跑 有些話說到最後 不是沒有答案是已經不重要 【Chorus｜重複】 我們從無話不說變成無話可說 從每天都想見變成見面也沉默 曾經一句晚安都捨不得錯過 如今連一句想你都不知道該對誰說 我們從無話不說變成無話可說 從你的全世界變成擦肩而過 如果愛是慢慢走遠我卻還停留 最痛不是你離開 是我們曾經那麼多話最後一句都沒有 【Bridge｜情緒堆疊】 如果那天我多問一句 如果你願意再抱我一下 如果我們都沒有選擇沉默 故事會不會有不同的結局 可是我們都累了 累到連解釋都嫌太多 原來感情最安靜的告別 不是說再見 而是從此……什麼都不說。 【Final Chorus｜情緒爆發】 我們從無話不說變成無話可說 從一句「我愛你」變成一句「算了吧」 曾經那些承諾我還記得那麼多 只是故事走到最後只剩我一個人記得 我們從無話不說變成無話可說 從彼此的依靠變成彼此的過客 如果有一天你想起曾經愛過的我 別問我過得好不好 因為最熟悉的我們 早已沒有話可以說。 【Outro｜女聲輕唱】曾經的我們……無話不說。 後來的我們……無話可說。 原來最遠的距離， 不是你走了多遠， 而是我站在你面前， 卻不知道還能對你說什麼。 
【Intro｜女聲輕唱】 我們曾經…… 什麼都能說。 後來才發現， 最熟悉的人， 也可以慢慢變成最陌生的沉默。
【Verse 1】 以前的你總問我今天過得好不好 一句晚安我都能開心到睡不著 我們聊著未來聊著那些小小夢想 連路邊一盞燈都能陪我們聊到天亮 後來你的訊息越來越短越來越少 我說了一大堆你只回一句「知道」 從分享生活變成小心翼翼地打擾 原來兩個人的距離不是遠了才會到
【Pre-Chorus】 我開始不敢問你最近好不好 怕你的沉默比答案更加煎熬 曾經最熟悉的擁抱 如今連一句關心都顯得可笑
【Chorus｜重複洗腦】 我們從無話不說變成無話可說 從每天都想見變成見面也沉默 曾經一句晚安都捨不得錯過 如今連一句想你都不知道該對誰說 我們從無話不說變成無話可說 從你的全世界變成擦肩而過 如果愛是慢慢走遠我卻還停留 最痛不是你離開 是我們曾經那麼多話最後一句都沒有
【Verse 2】 以前你會記得我喝咖啡不加糖 我皺一下眉頭你就知道我在逞強 如今我紅著眼你也只是低頭滑手機 原來最懂我的人也可以不再懂我心情 房間裡還留著我們一起拍的照片 笑得那麼自然好像永遠不會改變 我一張一張看卻不敢再往前翻 因為每一段回憶都提醒我你已走遠
【Pre-Chorus】 我不是沒想過再努力一次就好 只是愛一個人不能只有我奔跑 有些話說到最後 不是沒有答案是已經不重要
【Chorus｜重複】 我們從無話不說變成無話可說 從每天都想見變成見面也沉默 曾經一句晚安都捨不得錯過 如今連一句想你都不知道該對誰說 我們從無話不說變成無話可說 從你的全世界變成擦肩而過 如果愛是慢慢走遠我卻還停留 最痛不是你離開 是我們曾經那麼多話最後一句都沒有
【Bridge｜情緒堆疊】 如果那天我多問一句 如果你願意再抱我一下 如果我們都沒有選擇沉默 故事會不會有不同的結局 可是我們都累了 累到連解釋都嫌太多 原來感情最安靜的告別 不是說再見 而是從此……什麼都不說。
【Final Chorus｜情緒爆發】 我們從無話不說變成無話可說 從一句「我愛你」變成一句「算了吧」 曾經那些承諾我還記得那麼多 只是故事走到最後只剩我一個人記得 我們從無話不說變成無話可說 從彼此的依靠變成彼此的過客 如果有一天你想起曾經愛過的我 別問我過得好不好 因為最熟悉的我們 早已沒有話可以說。
【Outro｜女聲輕唱】曾經的我們……無話不說。 後來的我們……無話可說。 原來最遠的距離， 不是你走了多遠， 而是我站在你面前， 卻不知道還能對你說什麼。
留言（ 1 ） 最相關留言 所有留言
留言（ 1 ）",2026-08-26,,AI 生成 Pop ・ 感情回憶錄,False,False,
2026-08-28 13:41:01,realtime,ai_generated,,,24,昊,我依然係我 (Still Me),5,5,1,https://streetvoice.com/Claudia___tasi/songs/876654/,https://streetvoice.com/Claudia___tasi/,"https://akstatic.streetvoice.com/song_covers/Cl/au/Claudia___tasi/A2G9AJYP7xBY6eZCZ9Xc3F.jpg?x-oss-process=image/resize,m_fixed,h_1,w_1,limit_0/resize,m_fixed,h_630,w_1200,limit_0/watermark,image_c29uZ19jb3ZlcnMvQ2wvYXUvQ2xhdWRpYV9fX3Rhc2kvQTJHOUFKWVA3eEJZNmVaQ1o5WGMzRi5qcGc_eC1vc3MtcHJvY2Vzcz1pbWFnZS9yZXNpemUsbV9maXhlZCxoXzM0NCx3XzM0NCxsaW1pdF8w,g_nw,x_428,y_143/watermark,image_YXNzZXQvaW1hZ2VzL21ldGFpbWFnZS1zb25nLnBuZw,g_nw,x_0,y_0",images/876654.jpg,@Claudia___tasi,音樂人,,,,21,7,3,,,https://www.youtube.com/user/StreetVoiceTV,音樂製作人黃韻仁與「靈魂寫手」小寒共同打造 陳昊森首張個人專輯首波主打〈孤傲〉|||https://blow.streetvoice.com/69883/?utm_source=streetvoice&utm_medium=profile-news-block; 「我想要創造美好聆聽經驗，而不是每次接觸原住民專輯就像上一堂台灣史」——昊恩談在文健站採集而成的新作|||https://blow.streetvoice.com/64812/?utm_source=streetvoice&utm_medium=profile-news-block; 「如果我們變得很格式化，那我們還是我們嗎？」訪高流執行長李欣芸、音樂人昊恩|||https://blow.streetvoice.com/57343/?utm_source=streetvoice&utm_medium=profile-news-block,,Pop,,,,"越過生死的偏執，行出執念的路口。當心跳重獲自由，我依然係我。 
越過生死的偏執，行出執念的路口。當心跳重獲自由，我依然係我。","[Verse 1] 愛同恨 嗰條線 模糊喺某個瞬間 全部情緒喺心底 蔓延成不說嘅虧欠 嗰日偶然相見 你靠喺我身邊 我嘅心跳 竟然跟住你呼吸頻率 嚟改變 呢個係咪 就係傳說中嘅心動？ 定係命運 一早埋下嘅捉弄 [Verse 2] 夜深 螢幕光咗又熄 諗起你 猜測你嘅秘密 只因你一句回覆 心就糾結到窒息 我係咪 早已淪陷喺編織嘅筆跡？ 喺冇你嘅劇本 我獨自撲空 [Pre-Chorus] 當聽到你嘅消息 心唔再因你走咗而痛心 Is it over? 我終於放低咗 呢種執著 [Chorus] 過去所有嘅偏執 如今都隨風飄散 喺情感嘅終點 我學會咗睇淡 轉身行出呢個路口 我依然係我 搵到期盼 Yeah... 釋懷了 [Bridge] 愛過嘅反面 唔係長夜喊到失控 而是諗起你嗰陣 心入面得返感激嘅面容 夢會醒 糾結會放鬆 起風嘅一刻 吹散了所有時空 [Pre-Chorus 2] 當聽到你嘅消息 心唔再因你走咗而痛心 Is it over? 我終於放低咗 呢種執著 [Chorus] 過去所有嘅偏執 如今都隨風飄散 喺情感嘅終點 我學會咗睇淡 轉身行出呢個路口 我依然係我 搵到期盼 [Outro] 心跳去返原本嘅節奏 呼吸都重獲咗自由 風吹過喇 夢都醒喇 望住鏡入面嘅我 我依然係我 一直都係 自由嘅 [End] 
[Verse 1] 愛同恨 嗰條線 模糊喺某個瞬間 全部情緒喺心底 蔓延成不說嘅虧欠 嗰日偶然相見 你靠喺我身邊 我嘅心跳 竟然跟住你呼吸頻率 嚟改變 呢個係咪 就係傳說中嘅心動？ 定係命運 一早埋下嘅捉弄
[Verse 2] 夜深 螢幕光咗又熄 諗起你 猜測你嘅秘密 只因你一句回覆 心就糾結到窒息 我係咪 早已淪陷喺編織嘅筆跡？ 喺冇你嘅劇本 我獨自撲空
[Pre-Chorus] 當聽到你嘅消息 心唔再因你走咗而痛心 Is it over? 我終於放低咗 呢種執著
[Chorus] 過去所有嘅偏執 如今都隨風飄散 喺情感嘅終點 我學會咗睇淡 轉身行出呢個路口 我依然係我 搵到期盼 Yeah... 釋懷了
[Bridge] 愛過嘅反面 唔係長夜喊到失控 而是諗起你嗰陣 心入面得返感激嘅面容 夢會醒 糾結會放鬆 起風嘅一刻 吹散了所有時空
[Pre-Chorus 2] 當聽到你嘅消息 心唔再因你走咗而痛心 Is it over? 我終於放低咗 呢種執著
[Chorus] 過去所有嘅偏執 如今都隨風飄散 喺情感嘅終點 我學會咗睇淡 轉身行出呢個路口 我依然係我 搵到期盼
[Outro] 心跳去返原本嘅節奏 呼吸都重獲咗自由 風吹過喇 夢都醒喇 望住鏡入面嘅我 我依然係我 一直都係 自由嘅
[End]
留言（ 1 ） 最相關留言 所有留言
留言（ 1 ）",2026-08-27,,AI 生成 Pop,False,False,
2026-08-28 13:41:01,realtime,ai_generated,,,25,先生,末蟬［男版］,4,2,5,https://streetvoice.com/Joe_Joe_JJooee/songs/876790/,https://streetvoice.com/Joe_Joe_JJooee/,"https://akstatic.streetvoice.com/song_covers/Jo/e_/Joe_Joe_JJooee/bvDgXji5VUQvvfRwTsimrd.jpeg?x-oss-process=image/resize,m_fixed,h_1,w_1,limit_0/resize,m_fixed,h_630,w_1200,limit_0/watermark,image_c29uZ19jb3ZlcnMvSm8vZV8vSm9lX0pvZV9KSm9vZWUvYnZEZ1hqaTVWVVF2dmZSd1RzaW1yZC5qcGVnP3gtb3NzLXByb2Nlc3M9aW1hZ2UvcmVzaXplLG1fZml4ZWQsaF8zNDQsd18zNDQsbGltaXRfMA,g_nw,x_428,y_143/watermark,image_YXNzZXQvaW1hZ2VzL21ldGFpbWFnZS1zb25nLnBuZw,g_nw,x_0,y_0",images/876790.jpeg,@Joe_Joe_JJooee,音樂人,,,,240,17,4,,,https://www.youtube.com/user/StreetVoiceTV,無先生釋出新專輯《台北404 NOT FUN》 5/9台北The Wall專場邀應聲倒地共演|||https://blow.streetvoice.com/87487/?utm_source=streetvoice&utm_medium=profile-news-block; 【吹專訪】我們不要傷心了——鄭興談《尋找鄭先生》：「我好像沒有辦法遵循一個，所謂『鄭興要走的人設』。」|||https://blow.streetvoice.com/85649/?utm_source=streetvoice&utm_medium=profile-news-block; 鄭興公開第4張專輯名稱《尋找鄭先生》  日本攝影師川島小鳥掌鏡|||https://blow.streetvoice.com/84530/?utm_source=streetvoice&utm_medium=profile-news-block,,Pop,,,,"《這是一場 註定要耗盡生命的絕唱》 「如果結局早已註定，你選擇安靜熄滅，還是狂烈燃燒？」 這是一首在絕壁邊緣唱響的悲壯史詩。 從「枯葉」與「傾斜地平線」的極致壓抑， 到灰燼中「裸身迎著雷電生長」的狂暴反擊， 歌詞將傷痕轉化為唯一的信仰。 全詞以「鳴」貫穿始終， 長鳴、鳴響、鳴喪，直到最後漸次遠去的鳴聲。 當情緒在「燃燒殆盡」推向頂峰， 最終收在「沒關係⋯ 我已活在那個夏季」的平靜接納。 這不只是凋零，而是生命徹底燃燒過的證明。 
《這是一場 註定要耗盡生命的絕唱》
「如果結局早已註定，你選擇安靜熄滅，還是狂烈燃燒？」
這是一首在絕壁邊緣唱響的悲壯史詩。 從「枯葉」與「傾斜地平線」的極致壓抑， 到灰燼中「裸身迎著雷電生長」的狂暴反擊， 歌詞將傷痕轉化為唯一的信仰。 全詞以「鳴」貫穿始終， 長鳴、鳴響、鳴喪，直到最後漸次遠去的鳴聲。 當情緒在「燃燒殆盡」推向頂峰， 最終收在「沒關係⋯ 我已活在那個夏季」的平靜接納。 這不只是凋零，而是生命徹底燃燒過的證明。","Verse 1 烈日灼燒著 最後一片枯葉 地平線在視線裡微微傾斜 我屏住呼吸 聽見泥土深處的訣別 這聲長鳴劃破了 漫長的永夜 Pre-Chorus 1 風突然停 在命運的轉角處 我看著光影 斑駁成荒涼的地圖 不需要 誰來替我救贖 這場盛大的謝幕 Chorus 讓撕心裂肺的鳴響 成為唯一的信仰 在灰燼之中 瘋狂地逆著光飛翔 管它什麼遍體鱗傷 這是一場 註定要耗盡生命的絕唱 就算最後一秒 也要活得滾燙 Verse 2 影子被夕陽 殘忍拉扯變長 時光在指縫間絕望地流淌 我們都一樣 躲不過這季節的圍網 在寂靜到來之前 拼命地抵抗 Pre-Chorus 2 倒數鐘擺 撞擊靈魂的圍牆 殘破的翅膀 依然想觸摸那太陽 別問我 究竟去向何方 火光就在正前方 Chorus 把這臨死前的震顫 奉為最後的方向 在崩塌年代 裸身迎著雷電生長 誰還在乎幾道舊傷 這是一場 早就寫進命運裡的鳴喪 直到呼吸斷線 仍要狂烈作響 Bridge 如果逝去 是必經的結局 我願用沉默 寫完最後的詩句 哪怕世界 沒留下任何痕跡 也要在此刻 燃燒殆盡～ 燃燒殆盡～ 燃燒殆盡～ Chorus 讓撕心裂肺的鳴響 成為唯一的信仰 在灰燼之中 瘋狂地逆著光飛翔 管它什麼遍體鱗傷 這是一場 註定要耗盡生命的絕唱 就算最後一秒 也要活得滾燙 Chorus 把這臨死前的震顫 奉為最後的方向 在崩塌年代 裸身迎著雷電生長 誰還在乎幾道舊傷 這是一場 早就寫進命運裡的鳴喪 直到呼吸斷線 仍要狂烈作響 Outro 鳴聲漸漸遠去 秋滲透進呼吸 一切歸於沉寂 沒關係⋯ 我已活在那個夏季 
Verse 1 烈日灼燒著 最後一片枯葉 地平線在視線裡微微傾斜 我屏住呼吸 聽見泥土深處的訣別 這聲長鳴劃破了 漫長的永夜
Pre-Chorus 1 風突然停 在命運的轉角處 我看著光影 斑駁成荒涼的地圖 不需要 誰來替我救贖 這場盛大的謝幕
Chorus 讓撕心裂肺的鳴響 成為唯一的信仰 在灰燼之中 瘋狂地逆著光飛翔 管它什麼遍體鱗傷 這是一場 註定要耗盡生命的絕唱 就算最後一秒 也要活得滾燙
Verse 2 影子被夕陽 殘忍拉扯變長 時光在指縫間絕望地流淌 我們都一樣 躲不過這季節的圍網 在寂靜到來之前 拼命地抵抗
Pre-Chorus 2 倒數鐘擺 撞擊靈魂的圍牆 殘破的翅膀 依然想觸摸那太陽 別問我 究竟去向何方 火光就在正前方
Chorus 把這臨死前的震顫 奉為最後的方向 在崩塌年代 裸身迎著雷電生長 誰還在乎幾道舊傷 這是一場 早就寫進命運裡的鳴喪 直到呼吸斷線 仍要狂烈作響
Bridge 如果逝去 是必經的結局 我願用沉默 寫完最後的詩句 哪怕世界 沒留下任何痕跡 也要在此刻 燃燒殆盡～ 燃燒殆盡～ 燃燒殆盡～
Chorus 讓撕心裂肺的鳴響 成為唯一的信仰 在灰燼之中 瘋狂地逆著光飛翔 管它什麼遍體鱗傷 這是一場 註定要耗盡生命的絕唱 就算最後一秒 也要活得滾燙
Chorus 把這臨死前的震顫 奉為最後的方向 在崩塌年代 裸身迎著雷電生長 誰還在乎幾道舊傷 這是一場 早就寫進命運裡的鳴喪 直到呼吸斷線 仍要狂烈作響
Outro 鳴聲漸漸遠去 秋滲透進呼吸 一切歸於沉寂 沒關係⋯ 我已活在那個夏季
留言（ 5 ） 最相關留言 所有留言
留言（ 5 ）",2026-08-28,,AI 生成 Pop,False,False,
2026-08-28 13:41:01,realtime,ai_generated,,,26,天使旋律 Angelic Melody,04_Night of Edfu 埃德夫之夜,4,4,0,https://streetvoice.com/ees0977199609/songs/876504/,https://streetvoice.com/ees0977199609/,"https://akstatic.streetvoice.com/song_covers/ee/s0/ees0977199609/GZv7oQ4WPJmcNs4JH7rup9.jpeg?x-oss-process=image/resize,m_fixed,h_1,w_1,limit_0/resize,m_fixed,h_630,w_1200,limit_0/watermark,image_c29uZ19jb3ZlcnMvZWUvczAvZWVzMDk3NzE5OTYwOS9HWnY3b1E0V1BKbWNOczRKSDdydXA5LmpwZWc_eC1vc3MtcHJvY2Vzcz1pbWFnZS9yZXNpemUsbV9maXhlZCxoXzM0NCx3XzM0NCxsaW1pdF8w,g_nw,x_428,y_143/watermark,image_YXNzZXQvaW1hZ2VzL21ldGFpbWFnZS1zb25nLnBuZw,g_nw,x_0,y_0",images/876504.jpeg,@ees0977199609,音樂人,桃園市,2026-06-01,,91,6,7,,,https://www.youtube.com/user/StreetVoiceTV,,,Pop,Neon Beast Parade 霓虹動物天團,https://streetvoice.com/ees0977199609/songs/album/97325971/,,"走進埃德夫古老神殿，讓沙漠的風、象形文字與沉睡千年的神秘火焰，在鼓聲中被一一喚醒。🌙 這是一首融合異國曲風、沙漠幻夢與中東舞曲的英文歌曲；當火焰舞者穿越夜色，與古老神靈和現代靈魂於緋紅光芒中相遇。🔥✨ 請跟隨節奏，聽見沙海深處對自由和魔法的召喚吧！🔮 
走進埃德夫古老神殿，讓沙漠的風、象形文字與沉睡千年的神秘火焰，在鼓聲中被一一喚醒。🌙 這是一首融合異國曲風、沙漠幻夢與中東舞曲的英文歌曲；當火焰舞者穿越夜色，與古老神靈和現代靈魂於緋紅光芒中相遇。🔥✨ 請跟隨節奏，聽見沙海深處對自由和魔法的召喚吧！🔮","[Verse 1] Shadows fall upon the golden stone 陰影降落在金色的岩石上。 Where the falcon god sits on his ancient throne 獵鷹神端坐在他那古老的王座上。👑 Welcome to the halls of Edfu’s grace 歡迎來到埃德富恩典的殿堂。 Where the sands of time cannot erase 在此，時間之沙亦無法抹去。⏳ Carved in the pillars, the stories align 刻於柱身的故事，相互呼應排列。🔱 A legacy of kings, immortal, divine 君王的傳承，永恆而神聖。✨ Through the great pylon, the ancient winds blow 穿過宏偉的門樓，古老的風在吹拂。 Bringing a magic the ancestors know 帶來祖先所熟悉的那股魔力。 [Pre-Chorus] Feel the rhythm rise from the sacred ground 感受節奏自聖地湧升而起。🥁 A mesmerizing beat, a captivating sound 催眠般的節拍，迷人的聲響。💫 The sparks ignite, the shadows play 火花點燃，影子在舞動。 As the dancer of the flame takes the night away 當火之舞者把夜色舞走。 [Chorus] Burn bright in the temple of light! 在光明的神殿中熊熊燃燒！ Dancing with the fire in the middle of the night 在夜半與烈焰共舞。🌙 Oh, Edfu wakes to the crimson glow 哦，埃德富在緋紅光芒中甦醒。 A mystical spell in the desert flow 沙漠流動中施下神秘的咒語。 Spinning through the history, wild and free 旋轉穿梭於歷史中，狂放且自由。 The fire of the sands is calling me! 沙海之火正在召喚我！ [Verse 2] From the desert dunes to the sacred shrine 從沙丘到那神聖的聖殿。 We travel the lands where the old stars shine 我們踏過古星閃耀的土地。 Gather 'round the courtyard, witness the art 聚於庭院，見證這場藝術。 A glowing illusion that captures the heart 那是抓住心靈的光影幻象。 The hieroglyphs watch as the embers fly 象形文字注視著飛舞的餘燼。 Painting a dream in the starry sky 在星空中繪出一幅夢。 No matter the city, no matter the place 無論哪座城，無論何處所在， We leave them breathless, wrapped in the grace 我們讓眾人屏息，沉浸在恩典之中。 [Pre-Chorus] Feel the rhythm rise from the sacred ground 感受節奏從聖地再度湧升。 A mesmerizing beat, a captivating sound 催眠的節拍，吸引人的聲響。 The sparks ignite, the shadows play 火花迸發，影子起舞。 As the dancer of the flame takes the night away 當火之舞者再度帶走夜色。 [Chorus] Burn bright in the temple of light! 在光明的神殿中熊熊燃燒！ Dancing with the fire in the middle of the night 在夜半與烈焰同舞。🌙 Oh, Edfu wakes to the crimson glow 哦，埃德富在緋紅光中甦醒。 A mystical spell in the desert flow 沙漠流動裡的神秘咒語。 Spinning through the history, wild and free 穿梭歷史，狂放且自由。 The fire of the sands is calling me! 沙之火在呼喚我！ [Bridge] Let the flames reach higher! 讓火焰燃得更高！ A storm of endless fire! 無盡火焰的風暴！ Hear the voice of the ancients sing! 聽，古人的聲音在歌唱！ [Vocal Run / High Soprano Melisma] Whoa-oh-oh-oh-OH! 喔—哦—哦—哦—哦！ Soaring above the temple walls! 在神殿城牆上方高高飛翔！ Whoa-oh-oh-oh-OH! 喔—哦—哦—哦—哦！ Heed the magic when the desert calls! 當沙漠呼喚時，傾聽那魔力！ [Chorus] Burn bright in the temple of light! 在光明神殿裡，熊熊燃亮！ Dancing with the fire in the middle of the night 在夜半與烈焰共舞。 Oh, Edfu wakes to the crimson glow 哦，埃德富在緋紅光彩中甦醒。 A mystical spell in the desert flow 沙漠流動中那神秘的咒語。 Spinning through the history, wild and free 旋轉穿梭於歷史，瘋狂又自由。 The fire of the sands is calling me! 沙之火在召喚我！ [Outro] The embers fade, but the magic remains 餘燼漸淡，但魔力依舊存在。 Echoing softly through the desert plains 在沙漠平原中輕聲回響。 Edfu... Edfu... 埃德富…… 埃德富……（低語 The fire sleeps tonight. 火焰今夜沉眠。🌙 
[Verse 1] Shadows fall upon the golden stone 陰影降落在金色的岩石上。 Where the falcon god sits on his ancient throne 獵鷹神端坐在他那古老的王座上。👑 Welcome to the halls of Edfu’s grace 歡迎來到埃德富恩典的殿堂。 Where the sands of time cannot erase 在此，時間之沙亦無法抹去。⏳ Carved in the pillars, the stories align 刻於柱身的故事，相互呼應排列。🔱 A legacy of kings, immortal, divine 君王的傳承，永恆而神聖。✨ Through the great pylon, the ancient winds blow 穿過宏偉的門樓，古老的風在吹拂。 Bringing a magic the ancestors know 帶來祖先所熟悉的那股魔力。
[Pre-Chorus] Feel the rhythm rise from the sacred ground 感受節奏自聖地湧升而起。🥁 A mesmerizing beat, a captivating sound 催眠般的節拍，迷人的聲響。💫 The sparks ignite, the shadows play 火花點燃，影子在舞動。 As the dancer of the flame takes the night away 當火之舞者把夜色舞走。
[Chorus] Burn bright in the temple of light! 在光明的神殿中熊熊燃燒！ Dancing with the fire in the middle of the night 在夜半與烈焰共舞。🌙 Oh, Edfu wakes to the crimson glow 哦，埃德富在緋紅光芒中甦醒。 A mystical spell in the desert flow 沙漠流動中施下神秘的咒語。 Spinning through the history, wild and free 旋轉穿梭於歷史中，狂放且自由。 The fire of the sands is calling me! 沙海之火正在召喚我！
[Verse 2] From the desert dunes to the sacred shrine 從沙丘到那神聖的聖殿。 We travel the lands where the old stars shine 我們踏過古星閃耀的土地。 Gather 'round the courtyard, witness the art 聚於庭院，見證這場藝術。 A glowing illusion that captures the heart 那是抓住心靈的光影幻象。 The hieroglyphs watch as the embers fly 象形文字注視著飛舞的餘燼。 Painting a dream in the starry sky 在星空中繪出一幅夢。 No matter the city, no matter the place 無論哪座城，無論何處所在， We leave them breathless, wrapped in the grace 我們讓眾人屏息，沉浸在恩典之中。
[Pre-Chorus] Feel the rhythm rise from the sacred ground 感受節奏從聖地再度湧升。 A mesmerizing beat, a captivating sound 催眠的節拍，吸引人的聲響。 The sparks ignite, the shadows play 火花迸發，影子起舞。 As the dancer of the flame takes the night away 當火之舞者再度帶走夜色。
[Chorus] Burn bright in the temple of light! 在光明的神殿中熊熊燃燒！ Dancing with the fire in the middle of the night 在夜半與烈焰同舞。🌙 Oh, Edfu wakes to the crimson glow 哦，埃德富在緋紅光中甦醒。 A mystical spell in the desert flow 沙漠流動裡的神秘咒語。 Spinning through the history, wild and free 穿梭歷史，狂放且自由。 The fire of the sands is calling me! 沙之火在呼喚我！
[Bridge] Let the flames reach higher! 讓火焰燃得更高！ A storm of endless fire! 無盡火焰的風暴！ Hear the voice of the ancients sing! 聽，古人的聲音在歌唱！ [Vocal Run / High Soprano Melisma] Whoa-oh-oh-oh-OH! 喔—哦—哦—哦—哦！ Soaring above the temple walls! 在神殿城牆上方高高飛翔！ Whoa-oh-oh-oh-OH! 喔—哦—哦—哦—哦！ Heed the magic when the desert calls! 當沙漠呼喚時，傾聽那魔力！
[Chorus] Burn bright in the temple of light! 在光明神殿裡，熊熊燃亮！ Dancing with the fire in the middle of the night 在夜半與烈焰共舞。 Oh, Edfu wakes to the crimson glow 哦，埃德富在緋紅光彩中甦醒。 A mystical spell in the desert flow 沙漠流動中那神秘的咒語。 Spinning through the history, wild and free 旋轉穿梭於歷史，瘋狂又自由。 The fire of the sands is calling me! 沙之火在召喚我！
[Outro] The embers fade, but the magic remains 餘燼漸淡，但魔力依舊存在。 Echoing softly through the desert plains 在沙漠平原中輕聲回響。 Edfu... Edfu... 埃德富…… 埃德富……（低語 The fire sleeps tonight. 火焰今夜沉眠。🌙
留言（ 0 ） 最相關留言 所有留言
留言（ 0 ）",2026-08-27,,AI 生成 Pop ・ Neon Beast Parade 霓虹動物天團,False,False,
2026-08-28 13:41:01,realtime,ai_generated,,,27,MoonX µģĢµ¢»,修仙必聽《 鳳凰 》|  Fenghuang,4,4,1,https://streetvoice.com/MoonX_0325/songs/876803/,https://streetvoice.com/MoonX_0325/,"https://akstatic.streetvoice.com/song_covers/Mo/on/MoonX_0325/TuJVwoqVDYNQLyKuUhjrHX.jpeg?x-oss-process=image/resize,m_fixed,h_1,w_1,limit_0/resize,m_fixed,h_630,w_1200,limit_0/watermark,image_c29uZ19jb3ZlcnMvTW8vb24vTW9vblhfMDMyNS9UdUpWd29xVkRZTlFMeUt1VWhqckhYLmpwZWc_eC1vc3MtcHJvY2Vzcz1pbWFnZS9yZXNpemUsbV9maXhlZCxoXzM0NCx3XzM0NCxsaW1pdF8w,g_nw,x_428,y_143/watermark,image_YXNzZXQvaW1hZ2VzL21ldGFpbWFnZS1zb25nLnBuZw,g_nw,x_0,y_0",images/876803.jpeg,,,,,,20,31,162,,,https://www.youtube.com/user/StreetVoiceTV,,,Pop,《仙歌》Xian Ge,https://streetvoice.com/MoonX_0325/songs/album/97325873/,,"鳳與凰，本為一體，亦為兩種聲音。 《鳳凰》以東方神話中的「鳳」與「凰」為創作概念，將同一副人聲化為男女兩種聲線，一人分飾兩角，以「鳳」與「凰」的雌雄意象展開一場跨越烈焰與命運的對唱。 男聲沉穩而深邃，女聲柔韌而帶有力量；兩種聲線彼此呼應、交錯，從獨唱走向合唱，如同鳳與凰穿越火焰後再次相遇。 這不只是一首關於鳳凰浴火重生的歌，也是一場「一個人、兩種聲音、兩個角色」的聲音實驗。 一聲為鳳，一聲為凰。 雙聲交會，浴火同生。 
鳳與凰，本為一體，亦為兩種聲音。
《鳳凰》以東方神話中的「鳳」與「凰」為創作概念，將同一副人聲化為男女兩種聲線，一人分飾兩角，以「鳳」與「凰」的雌雄意象展開一場跨越烈焰與命運的對唱。
男聲沉穩而深邃，女聲柔韌而帶有力量；兩種聲線彼此呼應、交錯，從獨唱走向合唱，如同鳳與凰穿越火焰後再次相遇。
這不只是一首關於鳳凰浴火重生的歌，也是一場「一個人、兩種聲音、兩個角色」的聲音實驗。
一聲為鳳，一聲為凰。 雙聲交會，浴火同生。","動態歌詞
出自丹穴 山海經記載的傳奇 五色羽翼 輝映著天地初開的玄機 非梧桐不棲 展現神獸孤高尊貴的執著 百鳥朝鳳 聲震萬里雲霄之上 展翅掀起赤浪 看那浴火重生的鳳凰 翱翔在上古九天之上 烈焰吞噬不了它的驕傲 骨血裡燃燒著不滅的光 經歷千鎚百煉的痛苦 換來萬世流傳的華章 衝破洪荒的枷鎖 永恆綻放聖潔的光芒 汲取歲月精華 俯瞰人間萬物繁華 縱使歲月輪迴 萬物皆坍塌成塵土 熾熱的羽翼 依然能在絕境裡撕裂黑夜的迷霧 看那浴火重生的鳳凰 翱翔在上古九天之上 烈焰吞噬不了它的驕傲 骨血裡燃燒著不滅的光 經歷千鎚百煉的痛苦 換來萬世流傳的華章 衝破洪荒的枷鎖 永恆綻放聖潔的光芒 涅槃之火 燒盡世間一切罪惡 灰燼之中 鳳鳴九霄 震撼整片荒野 看那浴火重生的鳳凰 翱翔在上古九天之上 烈焰吞噬不了它的驕傲 骨血裡燃燒著不滅的光 經歷千鎚百煉的痛苦 換來萬世流傳的華章 衝破洪荒的枷鎖 永恆綻放聖潔的光芒 鳳鳴九霄…… 赤火漸熄 神羽漫天落 只留下一段 萬古不朽的神話 
出自丹穴 山海經記載的傳奇 五色羽翼 輝映著天地初開的玄機 非梧桐不棲 展現神獸孤高尊貴的執著 百鳥朝鳳 聲震萬里雲霄之上 展翅掀起赤浪 看那浴火重生的鳳凰 翱翔在上古九天之上 烈焰吞噬不了它的驕傲 骨血裡燃燒著不滅的光 經歷千鎚百煉的痛苦 換來萬世流傳的華章 衝破洪荒的枷鎖 永恆綻放聖潔的光芒 汲取歲月精華 俯瞰人間萬物繁華 縱使歲月輪迴 萬物皆坍塌成塵土 熾熱的羽翼 依然能在絕境裡撕裂黑夜的迷霧 看那浴火重生的鳳凰 翱翔在上古九天之上 烈焰吞噬不了它的驕傲 骨血裡燃燒著不滅的光 經歷千鎚百煉的痛苦 換來萬世流傳的華章 衝破洪荒的枷鎖 永恆綻放聖潔的光芒 涅槃之火 燒盡世間一切罪惡 灰燼之中 鳳鳴九霄 震撼整片荒野 看那浴火重生的鳳凰 翱翔在上古九天之上 烈焰吞噬不了它的驕傲 骨血裡燃燒著不滅的光 經歷千鎚百煉的痛苦 換來萬世流傳的華章 衝破洪荒的枷鎖 永恆綻放聖潔的光芒 鳳鳴九霄…… 赤火漸熄 神羽漫天落 只留下一段 萬古不朽的神話
留言（ 1 ） 最相關留言 所有留言
留言（ 1 ）",2026-08-28,,AI 生成 Pop ・ 《仙歌》Xian Ge,False,False,
2026-08-28 13:41:01,realtime,ai_generated,,,28,昊,我依然是我,4,6,1,https://streetvoice.com/Claudia___tasi/songs/876651/,https://streetvoice.com/Claudia___tasi/,"https://akstatic.streetvoice.com/song_covers/Cl/au/Claudia___tasi/CRhUP5M3PJmjRK5gzepkfr.jpg?x-oss-process=image/resize,m_fixed,h_1,w_1,limit_0/resize,m_fixed,h_630,w_1200,limit_0/watermark,image_c29uZ19jb3ZlcnMvQ2wvYXUvQ2xhdWRpYV9fX3Rhc2kvQ1JoVVA1TTNQSm1qUks1Z3plcGtmci5qcGc_eC1vc3MtcHJvY2Vzcz1pbWFnZS9yZXNpemUsbV9maXhlZCxoXzM0NCx3XzM0NCxsaW1pdF8w,g_nw,x_428,y_143/watermark,image_YXNzZXQvaW1hZ2VzL21ldGFpbWFnZS1zb25nLnBuZw,g_nw,x_0,y_0",images/876651.jpg,@Claudia___tasi,音樂人,,,,21,7,3,,,https://www.youtube.com/user/StreetVoiceTV,音樂製作人黃韻仁與「靈魂寫手」小寒共同打造 陳昊森首張個人專輯首波主打〈孤傲〉|||https://blow.streetvoice.com/69883/?utm_source=streetvoice&utm_medium=profile-news-block; 「我想要創造美好聆聽經驗，而不是每次接觸原住民專輯就像上一堂台灣史」——昊恩談在文健站採集而成的新作|||https://blow.streetvoice.com/64812/?utm_source=streetvoice&utm_medium=profile-news-block; 「如果我們變得很格式化，那我們還是我們嗎？」訪高流執行長李欣芸、音樂人昊恩|||https://blow.streetvoice.com/57343/?utm_source=streetvoice&utm_medium=profile-news-block,,Pop,,,,"愛恨交織的盡頭不是毀滅，而是擦乾眼淚後，看著鏡子對自己微笑的傲骨。 
愛恨交織的盡頭不是毀滅，而是擦乾眼淚後，看著鏡子對自己微笑的傲骨。","[Verse 1] 愛與恨的界線 模糊在某個瞬間 所有情緒在心底 蔓延成幸福的依戀 那天偶然相見 你靠在我的身邊 我的心跳 竟然隨你的呼吸頻率 瘋狂改變 這是不是 就是傳說中的心動？ 還是命運 早就埋下最美的捉弄 [Verse 2] 夜深 螢幕亮了又黑 想著你 猜測你給的慰藉 只因你一句回應 心就糾結到快要撕裂 我是不是 早已淪陷在編織的夢？ 在沒有你的世界 我獨自崩潰 [Pre-Chorus] 當聽到你的消息 心不再因你的離去而刺痛 Is it over? 我終於放下了 這份執著 [Chorus] 過去所有的瘋狂 如今都隨風飄蕩 在情感的終點站 我學會了放下 轉過身之後 我依然是我 迎接著陽光 Yeah... 沒什麼好傷 [Bridge] 愛過的反面 不是長夜裡哭到沙啞 而是想起你那一刻 心中只剩下感激的解答 夢會醒 糾結會平 起風的一刻 吹散了所有懲罰 [Pre-Chorus 2] 當聽到你的消息 心不為你的離去而痛 是不是代表 我終於放下了 這份執著 [Chorus] 過去所有的瘋狂 如今都隨風飄蕩 在情感的終點站 我學會了放下 轉過身之後 我依然是我 迎接著陽光 [Outro] 心跳回到了原本的節奏 呼吸也重獲了自由 風吹過了 夢也醒了 看著鏡子裡的我 我依然是我 一直都是 自由的 [End] 
[Verse 1] 愛與恨的界線 模糊在某個瞬間 所有情緒在心底 蔓延成幸福的依戀 那天偶然相見 你靠在我的身邊 我的心跳 竟然隨你的呼吸頻率 瘋狂改變 這是不是 就是傳說中的心動？ 還是命運 早就埋下最美的捉弄
[Verse 2] 夜深 螢幕亮了又黑 想著你 猜測你給的慰藉 只因你一句回應 心就糾結到快要撕裂 我是不是 早已淪陷在編織的夢？ 在沒有你的世界 我獨自崩潰
[Pre-Chorus] 當聽到你的消息 心不再因你的離去而刺痛 Is it over? 我終於放下了 這份執著
[Chorus] 過去所有的瘋狂 如今都隨風飄蕩 在情感的終點站 我學會了放下 轉過身之後 我依然是我 迎接著陽光 Yeah... 沒什麼好傷
[Bridge] 愛過的反面 不是長夜裡哭到沙啞 而是想起你那一刻 心中只剩下感激的解答 夢會醒 糾結會平 起風的一刻 吹散了所有懲罰
[Pre-Chorus 2] 當聽到你的消息 心不為你的離去而痛 是不是代表 我終於放下了 這份執著
[Chorus] 過去所有的瘋狂 如今都隨風飄蕩 在情感的終點站 我學會了放下 轉過身之後 我依然是我 迎接著陽光
[Outro] 心跳回到了原本的節奏 呼吸也重獲了自由 風吹過了 夢也醒了 看著鏡子裡的我 我依然是我 一直都是 自由的
[End]
留言（ 1 ） 最相關留言 所有留言
留言（ 1 ）",2026-08-27,,AI 生成 Pop,False,False,
2026-08-28 13:41:01,realtime,ai_generated,,,29,貝納宋™,走遠｜Go far away,4,8,0,https://streetvoice.com/a84957/songs/876694/,https://streetvoice.com/a84957/,"https://akstatic.streetvoice.com/song_covers/a8/49/a84957/cBp2D4KxiUtaxXqZ7HVdaY.jpg?x-oss-process=image/resize,m_fixed,h_1,w_1,limit_0/resize,m_fixed,h_630,w_1200,limit_0/watermark,image_c29uZ19jb3ZlcnMvYTgvNDkvYTg0OTU3L2NCcDJENEt4aVV0YXhYcVo3SFZkYVkuanBnP3gtb3NzLXByb2Nlc3M9aW1hZ2UvcmVzaXplLG1fZml4ZWQsaF8zNDQsd18zNDQsbGltaXRfMA,g_nw,x_428,y_143/watermark,image_YXNzZXQvaW1hZ2VzL21ldGFpbWFnZS1zb25nLnBuZw,g_nw,x_0,y_0",images/876694.jpg,@a84957,音樂人,,,,,2,6,,,https://www.youtube.com/user/StreetVoiceTV,,,R&B / Soul,自作詞AI曲來唱,https://streetvoice.com/a84957/songs/album/97325986/,,"自己寫的歌詞，然後用AI做出來的，希望大家會喜歡 
自己寫的歌詞，然後用AI做出來的，希望大家會喜歡","[Verse 1] 你把那句再見 留在門縫邊 我還站在原地 像沒醒過一天 桌上那杯冷掉 早已沒了甜 你的影子還在 我的手心裡面 [Pre-Chorus] 我以為我還能 把你抱緊一點 可時間像潮水 把我往後推遠 [Chorus] 就這樣讓妳走遠 我再也沒有時間 錯過在妳身邊 我來不及挽回 所有都在一眼瞬間 就這樣讓妳走遠 誰能給我點安慰 有太多的傷悲 淚滑過我的臉 全都在沒了妳的夜 [Verse 2] 那條熟悉街口 我不敢再看 每個轉身的路牌 都像在問我怎麼辦 你愛吃的那間店 還亮著窗 我卻連一句想念 都說得太晚 [Pre-Chorus] 我以為我還能 把你抱緊一點 可時間像潮水 把我往後推遠 [Chorus] 就這樣讓妳走遠 我再也沒有時間 錯過在妳身邊 我來不及挽回 所有都在一眼瞬間 就這樣讓妳走遠 誰能給我點安慰 有太多的傷悲 淚滑過我的臉 全都在沒了妳的夜 [Bridge] 如果能回到那天 我會先說抱歉 把所有逞強都放下 把你名字念一遍 可現在只剩我 對著空房間 一句一句重複著 你不在這邊 [final Chorus] 就這樣讓妳走遠 我再也沒有時間 錯過在妳身邊 我來不及挽回 所有都在一眼瞬間 就這樣讓妳走遠 誰能給我點安慰 有太多的傷悲 淚滑過我的臉 全都在沒了妳的夜 
[Verse 1] 你把那句再見 留在門縫邊 我還站在原地 像沒醒過一天
桌上那杯冷掉 早已沒了甜 你的影子還在 我的手心裡面
[Pre-Chorus] 我以為我還能 把你抱緊一點 可時間像潮水 把我往後推遠
[Chorus] 就這樣讓妳走遠 我再也沒有時間 錯過在妳身邊 我來不及挽回 所有都在一眼瞬間
就這樣讓妳走遠 誰能給我點安慰 有太多的傷悲 淚滑過我的臉 全都在沒了妳的夜
[Verse 2] 那條熟悉街口 我不敢再看 每個轉身的路牌 都像在問我怎麼辦
你愛吃的那間店 還亮著窗 我卻連一句想念 都說得太晚
[Pre-Chorus] 我以為我還能 把你抱緊一點 可時間像潮水 把我往後推遠
[Chorus] 就這樣讓妳走遠 我再也沒有時間 錯過在妳身邊 我來不及挽回 所有都在一眼瞬間
就這樣讓妳走遠 誰能給我點安慰 有太多的傷悲 淚滑過我的臉 全都在沒了妳的夜
[Bridge] 如果能回到那天 我會先說抱歉 把所有逞強都放下 把你名字念一遍
可現在只剩我 對著空房間 一句一句重複著 你不在這邊
[final Chorus] 就這樣讓妳走遠 我再也沒有時間 錯過在妳身邊 我來不及挽回
所有都在一眼瞬間 就這樣讓妳走遠 誰能給我點安慰 有太多的傷悲 淚滑過我的臉 全都在沒了妳的夜
留言（ 0 ） 最相關留言 所有留言
留言（ 0 ）",2026-08-27,,AI 生成 R&B / Soul ・ 自作詞AI曲來唱,False,False,
2026-08-28 13:41:01,realtime,ai_generated,,,30,medgyver,紅豆詞 (1943) cover,12,10,11,https://streetvoice.com/medgyver/songs/876550/,https://streetvoice.com/medgyver/,"https://akstatic.streetvoice.com/song_covers/me/dg/medgyver/hiqZzQXochfSaDqpjPefju.jpeg?x-oss-process=image/resize,m_fixed,h_1,w_1,limit_0/resize,m_fixed,h_630,w_1200,limit_0/watermark,image_c29uZ19jb3ZlcnMvbWUvZGcvbWVkZ3l2ZXIvaGlxWnpRWG9jaGZTYURxcGpQZWZqdS5qcGVnP3gtb3NzLXByb2Nlc3M9aW1hZ2UvcmVzaXplLG1fZml4ZWQsaF8zNDQsd18zNDQsbGltaXRfMA,g_nw,x_428,y_143/watermark,image_YXNzZXQvaW1hZ2VzL21ldGFpbWFnZS1zb25nLnBuZw,g_nw,x_0,y_0",images/876550.jpeg,@medgyver,音樂人,台灣,2025-12-01,,38,28,84,,,https://www.youtube.com/user/StreetVoiceTV,,,Folk,,,,"當1943年的相思遇上2026年的AI AI and Human writers: #gemini and k.y. Chen (創意改編 / 原音旋律收錄) 協作平台： suno v5.5 作為一名致力於探索科技與人文交匯的創作者，這次重新演繹劉雪庵先生作曲、曹雪芹先生作詞、周小燕先生名揚四海的經典名曲《紅豆詞》，是一次跨越83年的時空對話。這不僅僅是一次舊曲新唱，更是一次深度結合真人情感與人工智能生成技術（AIGC）的「混搭（Mashup）」實驗。 詳細解析本次樂曲的複雜創作過程，以及隱藏在 Sytle Prompts（風格提示詞）背後的設計邏輯。 核心創意理念：跨時空的文化編織 《紅豆詞》原曲帶有濃厚的民國時代藝術歌曲色彩，情感內斂而深沉。我們的目標是在保留這份「新愁與舊愁」的核心情感基礎上，利用 AI 的能力賦予其現代的情感張力與聽覺皮膚。我們不希望只是簡單地套用一個現代節奏，而是希望創造出一種「非此非彼，既古既今」的獨特聽覺體驗。 創作過程與 Style Prompt 深度解析 (by #gemini) 整個創作歷程分為四個階段，是一個不斷收斂、融合與再昇華的過程。 Step 1：種子生成 - 從人聲哼唱到多元風格嘗試 (2025) 一切始於2025年底。為了讓 AI 準確捕捉原曲的旋律靈魂，我先進行了真人無伴奏哼唱（Humming），將這段原音旋律作為種子餵給 suno。 隨後，我們嘗試了數十種截然不同的風格生成。最終，我們選擇了 ""take 10 AsVV"" 作為基底。令人驚訝的是，AI 在這個版本中展現了極具衝突感的創意。 Step 1 選定風格描述： ""A dynamic blend kicks off with rhythmic flamenco guitar flourishes, palmas, and castanets layered over a bouncy upright bass and brushed swing drums, Synth leads and glossy J-pop harmonies enter on the verse, creating a playful texture, The chorus bursts with bright synth strings, rapid claps, and energetic percussion, fusing all three styles into a lively, genre-crossing arrangement"" 專業解析： 這個風格極其大膽。它將弗拉明戈（Flamenco）的熱情熱烈（吉他、響板、掌聲）與搖擺樂（Swing）的律動結合，甚至在主歌加入了 J-pop 的和聲與合成器。這種看似與《紅豆詞》哀怨情緒背道而馳的「輕快」與「律動」，為後續的悲劇感反差奠定了基礎。 Step 2：基因尋找 - 引入電音探戈與中式樂器 (2026) 進入2026年，為了增加音樂的厚度與層次，我引入了另一首完全不同基因的 AI 生成曲 ""VM 20260825 tango""（無歌詞樂段）。 Step 2 引入風格描述： ""electrotango, melodic ballad, 92 BPM, pentatonic melody, trio pipa, erhu glissandi, bamboo flute motifs, solo grand piano, chamber strings, bandoneon accents, syncopated percussion, island festival rhythm, piano arpeggios, hall resonance, tape saturation, nocturne phrasing, bittersweet longing, B-flat major, 120 bpm"" 專業解析： 這段音樂的核心是電音探戈（Electrotango）。探戈本身就帶有濃烈的宿命感與糾纏的情緒，非常契合歌詞。關鍵在於 Prompt 中加入了 五聲音階（pentatonic melody） 以及 琵琶（pipa）、二胡（erhu）、竹笛（bamboo flute） 等中式樂器。這使得西方律動與東方旋律產生了初步融合。BPM 設為 92，營造出一種中板的、糾結的行進感。 Step 3：第一次融合 - 煉成「MX5T1AsV3」 (2026) 這是關鍵的一步。我們將 Step 1 的「弗拉明戈/J-pop 翻唱版」與 Step 2 的「中式電音探戈樂段」進行 AI 混搭（Mashup）。這需要一個精細調配的風格提示詞來引導 AI。 Step 3 融合風格 Prompt： ""classical crossover, electrotango, 92 BPM, pentatonic melody, solo grand piano, erhu glissandi, pipa tremolo, bamboo flute motifs, chamber strings, bandoneon accents, syncopated percussion, cajon pulse, chamber choir, opera baritone, close-mic intimacy, tape saturation, hall resonance, rubato adagio, minimalism, Opera Baritone solo, emo, Mandarin, -cross over, -crossover, -live hall, -choir"" 保留與確立： 確立了 Classical Crossover（古典跨界） 與 Electrotango 的主基調。 人聲設定： 特別引入了 Opera Baritone（歌劇男中音） 與 Emo（情緒硬核/感性） 的標籤。我們希望人聲兼具古典的渾厚與現代的情感宣洩，而非傳統的民族唱法。 細節描繪： 加入 琵琶輪指（pipa tremolo）、二胡滑音（erhu glissandi） 增加豐富度。 負面提示（Negative Prompts）： 為了避免聲音變得混雜，我們使用了 -live hall, -choir 等排除詞，追求 close-mic intimacy（近麥克風的親密感）。 Step 4：最終淬煉 - 回歸旋律本源 (2026 最終版) 雖然 Step 3 得到了滿意的架構，但為了更完美地呈現1943年原曲那條「滴不盡」的美麗旋律線，我決定進行最後一次「回溯融合」。我將 Step 3 的成品與 Step 1 的種子版本再次混搭。 Step 4 最終風格 Prompt： ""classical crossover, nocturne phrasing, solo grand piano, emotional violin, acoustic cello, atmospheric synth intro, deep R&B pads, crisp hi-hat trills, punchy kick drums, cajon groove, pentatonic motif, layered pentatonic melodies, EDM chorus drop, dense-to-sparse dynamics, 92 BPM, swung hip-hop rhythm, plate reverb, wide stereo mix, cinematic breakdown, -choir, -rock, -pop, -live stage, -live hall, -hip hop, -house, -rap"" 專業解析（最終聽覺呈現）： 情緒基調： 以 Nocturne phrasing（夜曲樂句） 和 emotional violin/cello 奠定憂鬱的古典底色。 現代肌理： 引入 deep R&B pads（營造氛圍）、crisp hi-hat trills（現代節奏細節）和 cajon groove（木箱鼓律動）。 動態大師： dense-to-sparse dynamics（由密到疏的動態） 非常重要，它對應了歌詞中從「噎滿喉」的壓抑到「流不斷」的宣洩。 節奏點睛： swung hip-hop rhythm 是一個隱含的律動層次，讓整首歌不至於陷入純古典的沉重，而是帶有一種現代的行進感。 排除衝突： 大量使用負面提示（-rock, -pop, -house 等），確保風格純淨，不流於俗套。 結語 最終呈現的《紅豆詞 (2026)》，是一場精密的聲學實驗。它保留了曹雪芹筆下的古典文學意蘊，卻穿上了由電音探戈、弗拉明戈、R&B 和古典跨界編織而成的現代外衣。這是 AI suno v5.5 強大生成能力與人類創作者（k.y. Chen）審美控制、提示詞工程深度協作的結晶。 ** 紅豆詞 (1943) ** ** AI協作AI生成翻唱版 (2026) "" ** 作詞：曹雪芹** ** 作曲：劉雪庵** ** 演唱：周小燕** ** 創意改編: k.y. Chen (2025/2026) ** ** 原音旋律收錄: k.y. Chen (2025) ** ** 改編, 編曲, 演奏演唱: suno v5.5 (2025/2026) ** 
當1943年的相思遇上2026年的AI AI and Human writers: #gemini and k.y. Chen (創意改編 / 原音旋律收錄) 協作平台： suno v5.5
作為一名致力於探索科技與人文交匯的創作者，這次重新演繹劉雪庵先生作曲、曹雪芹先生作詞、周小燕先生名揚四海的經典名曲《紅豆詞》，是一次跨越83年的時空對話。這不僅僅是一次舊曲新唱，更是一次深度結合真人情感與人工智能生成技術（AIGC）的「混搭（Mashup）」實驗。
詳細解析本次樂曲的複雜創作過程，以及隱藏在 Sytle Prompts（風格提示詞）背後的設計邏輯。
核心創意理念：跨時空的文化編織 《紅豆詞》原曲帶有濃厚的民國時代藝術歌曲色彩，情感內斂而深沉。我們的目標是在保留這份「新愁與舊愁」的核心情感基礎上，利用 AI 的能力賦予其現代的情感張力與聽覺皮膚。我們不希望只是簡單地套用一個現代節奏，而是希望創造出一種「非此非彼，既古既今」的獨特聽覺體驗。
創作過程與 Style Prompt 深度解析 (by #gemini) 整個創作歷程分為四個階段，是一個不斷收斂、融合與再昇華的過程。
Step 1：種子生成 - 從人聲哼唱到多元風格嘗試 (2025) 一切始於2025年底。為了讓 AI 準確捕捉原曲的旋律靈魂，我先進行了真人無伴奏哼唱（Humming），將這段原音旋律作為種子餵給 suno。
隨後，我們嘗試了數十種截然不同的風格生成。最終，我們選擇了 ""take 10 AsVV"" 作為基底。令人驚訝的是，AI 在這個版本中展現了極具衝突感的創意。
Step 1 選定風格描述：
""A dynamic blend kicks off with rhythmic flamenco guitar flourishes, palmas, and castanets layered over a bouncy upright bass and brushed swing drums, Synth leads and glossy J-pop harmonies enter on the verse, creating a playful texture, The chorus bursts with bright synth strings, rapid claps, and energetic percussion, fusing all three styles into a lively, genre-crossing arrangement""
專業解析： 這個風格極其大膽。它將弗拉明戈（Flamenco）的熱情熱烈（吉他、響板、掌聲）與搖擺樂（Swing）的律動結合，甚至在主歌加入了 J-pop 的和聲與合成器。這種看似與《紅豆詞》哀怨情緒背道而馳的「輕快」與「律動」，為後續的悲劇感反差奠定了基礎。
Step 2：基因尋找 - 引入電音探戈與中式樂器 (2026) 進入2026年，為了增加音樂的厚度與層次，我引入了另一首完全不同基因的 AI 生成曲 ""VM 20260825 tango""（無歌詞樂段）。
Step 2 引入風格描述：
""electrotango, melodic ballad, 92 BPM, pentatonic melody, trio pipa, erhu glissandi, bamboo flute motifs, solo grand piano, chamber strings, bandoneon accents, syncopated percussion, island festival rhythm, piano arpeggios, hall resonance, tape saturation, nocturne phrasing, bittersweet longing, B-flat major, 120 bpm""
專業解析： 這段音樂的核心是電音探戈（Electrotango）。探戈本身就帶有濃烈的宿命感與糾纏的情緒，非常契合歌詞。關鍵在於 Prompt 中加入了 五聲音階（pentatonic melody） 以及 琵琶（pipa）、二胡（erhu）、竹笛（bamboo flute） 等中式樂器。這使得西方律動與東方旋律產生了初步融合。BPM 設為 92，營造出一種中板的、糾結的行進感。
Step 3：第一次融合 - 煉成「MX5T1AsV3」 (2026) 這是關鍵的一步。我們將 Step 1 的「弗拉明戈/J-pop 翻唱版」與 Step 2 的「中式電音探戈樂段」進行 AI 混搭（Mashup）。這需要一個精細調配的風格提示詞來引導 AI。
Step 3 融合風格 Prompt：
""classical crossover, electrotango, 92 BPM, pentatonic melody, solo grand piano, erhu glissandi, pipa tremolo, bamboo flute motifs, chamber strings, bandoneon accents, syncopated percussion, cajon pulse, chamber choir, opera baritone, close-mic intimacy, tape saturation, hall resonance, rubato adagio, minimalism, Opera Baritone solo, emo, Mandarin, -cross over, -crossover, -live hall, -choir""
保留與確立： 確立了 Classical Crossover（古典跨界） 與 Electrotango 的主基調。
人聲設定： 特別引入了 Opera Baritone（歌劇男中音） 與 Emo（情緒硬核/感性） 的標籤。我們希望人聲兼具古典的渾厚與現代的情感宣洩，而非傳統的民族唱法。
細節描繪： 加入 琵琶輪指（pipa tremolo）、二胡滑音（erhu glissandi） 增加豐富度。 負面提示（Negative Prompts）： 為了避免聲音變得混雜，我們使用了 -live hall, -choir 等排除詞，追求 close-mic intimacy（近麥克風的親密感）。
Step 4：最終淬煉 - 回歸旋律本源 (2026 最終版) 雖然 Step 3 得到了滿意的架構，但為了更完美地呈現1943年原曲那條「滴不盡」的美麗旋律線，我決定進行最後一次「回溯融合」。我將 Step 3 的成品與 Step 1 的種子版本再次混搭。
Step 4 最終風格 Prompt： ""classical crossover, nocturne phrasing, solo grand piano, emotional violin, acoustic cello, atmospheric synth intro, deep R&B pads, crisp hi-hat trills, punchy kick drums, cajon groove, pentatonic motif, layered pentatonic melodies, EDM chorus drop, dense-to-sparse dynamics, 92 BPM, swung hip-hop rhythm, plate reverb, wide stereo mix, cinematic breakdown, -choir, -rock, -pop, -live stage, -live hall, -hip hop, -house, -rap""
專業解析（最終聽覺呈現）： 情緒基調： 以 Nocturne phrasing（夜曲樂句） 和 emotional violin/cello 奠定憂鬱的古典底色。
現代肌理： 引入 deep R&B pads（營造氛圍）、crisp hi-hat trills（現代節奏細節）和 cajon groove（木箱鼓律動）。
動態大師： dense-to-sparse dynamics（由密到疏的動態） 非常重要，它對應了歌詞中從「噎滿喉」的壓抑到「流不斷」的宣洩。
節奏點睛： swung hip-hop rhythm 是一個隱含的律動層次，讓整首歌不至於陷入純古典的沉重，而是帶有一種現代的行進感。
排除衝突： 大量使用負面提示（-rock, -pop, -house 等），確保風格純淨，不流於俗套。
結語 最終呈現的《紅豆詞 (2026)》，是一場精密的聲學實驗。它保留了曹雪芹筆下的古典文學意蘊，卻穿上了由電音探戈、弗拉明戈、R&B 和古典跨界編織而成的現代外衣。這是 AI suno v5.5 強大生成能力與人類創作者（k.y. Chen）審美控制、提示詞工程深度協作的結晶。
** 紅豆詞 (1943) ** ** AI協作AI生成翻唱版 (2026) "" ** 作詞：曹雪芹** ** 作曲：劉雪庵** ** 演唱：周小燕** ** 創意改編: k.y. Chen (2025/2026) ** ** 原音旋律收錄: k.y. Chen (2025) ** ** 改編, 編曲, 演奏演唱: suno v5.5 (2025/2026) **","動態歌詞
滴不盡相思血淚拋紅豆 開不完春柳春花滿畫樓 睡不穩紗窗風雨黃昏後 忘不了新愁與舊愁 嚥不下玉粒金波噎滿喉 瞧不盡鏡裡花容瘦 展不開眉頭 挨不明更漏 展不開眉頭 挨不明更漏 啊~~~ 恰似遮不住的青山隱隱 流不斷的綠水悠悠 啊~~~ 恰似遮不住的青山隱隱 流不斷的綠水悠悠 滴不盡相思血淚拋紅豆 開不完春柳春花滿畫樓 睡不穩紗窗風雨黃昏後 忘不了新愁與舊愁 嚥不下玉粒金波噎滿喉 瞧不盡鏡裡花容瘦 展不開眉頭 挨不明更漏 展不開眉頭 挨不明更漏 啊~~~ 恰似遮不住的青山隱隱 流不斷的綠水悠悠 啊~~~ 恰似遮不住的青山隱隱 流不斷的綠水悠悠 展不開眉頭 (展不開眉頭) 挨不明更漏 (不明更漏) 展不開眉頭 (展不開眉頭) 挨不明更漏 (不明更漏) 啊~~~ 恰似遮不住的青山隱隱 流不斷的綠水悠悠 啊~~~ 
滴不盡相思血淚拋紅豆 開不完春柳春花滿畫樓 睡不穩紗窗風雨黃昏後 忘不了新愁與舊愁 嚥不下玉粒金波噎滿喉 瞧不盡鏡裡花容瘦 展不開眉頭 挨不明更漏 展不開眉頭 挨不明更漏 啊~~~ 恰似遮不住的青山隱隱 流不斷的綠水悠悠 啊~~~ 恰似遮不住的青山隱隱 流不斷的綠水悠悠
滴不盡相思血淚拋紅豆 開不完春柳春花滿畫樓 睡不穩紗窗風雨黃昏後 忘不了新愁與舊愁 嚥不下玉粒金波噎滿喉 瞧不盡鏡裡花容瘦 展不開眉頭 挨不明更漏 展不開眉頭 挨不明更漏 啊~~~ 恰似遮不住的青山隱隱 流不斷的綠水悠悠 啊~~~ 恰似遮不住的青山隱隱 流不斷的綠水悠悠
展不開眉頭 (展不開眉頭) 挨不明更漏 (不明更漏) 展不開眉頭 (展不開眉頭) 挨不明更漏 (不明更漏) 啊~~~ 恰似遮不住的青山隱隱 流不斷的綠水悠悠 啊~~~
留言（ 11 ） 最相關留言 所有留言
留言（ 11 ）",2026-08-26,,AI 生成 Folk,False,False,
2026-08-28 13:41:01,realtime,ai_generated,,,31,天使旋律 Angelic Melody,06_Dance of the Ember 星火之舞,3,3,0,https://streetvoice.com/ees0977199609/songs/876498/,https://streetvoice.com/ees0977199609/,"https://akstatic.streetvoice.com/song_covers/ee/s0/ees0977199609/eDwHvBctsge9BPCAsaXVCH.jpeg?x-oss-process=image/resize,m_fixed,h_1,w_1,limit_0/resize,m_fixed,h_630,w_1200,limit_0/watermark,image_c29uZ19jb3ZlcnMvZWUvczAvZWVzMDk3NzE5OTYwOS9lRHdIdkJjdHNnZTlCUENBc2FYVkNILmpwZWc_eC1vc3MtcHJvY2Vzcz1pbWFnZS9yZXNpemUsbV9maXhlZCxoXzM0NCx3XzM0NCxsaW1pdF8w,g_nw,x_428,y_143/watermark,image_YXNzZXQvaW1hZ2VzL21ldGFpbWFnZS1zb25nLnBuZw,g_nw,x_0,y_0",images/876498.jpeg,@ees0977199609,音樂人,桃園市,2026-06-01,,91,6,7,,,https://www.youtube.com/user/StreetVoiceTV,,,Pop,Neon Beast Parade 霓虹動物天團,https://streetvoice.com/ees0977199609/songs/album/97325971/,,"穿越古老神殿與金色沙漠，跟隨獵鷹、鼓聲與火焰起舞🏺 ✨ 將沉睡千年的象形文字化為音符，讓尼羅河的記憶與神靈的故事再次甦醒。🌙 一場融合神秘、熱情與歷史魔法的埃及音樂旅程，現在就點燃黑夜，將過往化為永恆的金色傳說。👑 PS：平台上有3000字數限制，無法放上完整中文翻譯 ▲後半段歌詞：隔壁貼不下^^"" Hear the ancients calling, feel the phoenix wing. Whoa-oh — ascending — voices cut the sky, Heed the desert's magic — lift me, let me fly. Burn bright in the temple of light, we ride the heartbeat through the hall, Children of the sun and sand, we rise — we never fall. Oh, crimson sky, the story folds — fire writes the names in gold, Dance the light and call the kings, let history unfold. The embers fade but the story stays, echoes roll across the plains, Edfu whispers, evening sighs — the fire sleeps and wakes again. 
穿越古老神殿與金色沙漠，跟隨獵鷹、鼓聲與火焰起舞🏺 ✨ 將沉睡千年的象形文字化為音符，讓尼羅河的記憶與神靈的故事再次甦醒。🌙 一場融合神秘、熱情與歷史魔法的埃及音樂旅程，現在就點燃黑夜，將過往化為永恆的金色傳說。👑
PS：平台上有3000字數限制，無法放上完整中文翻譯
▲後半段歌詞：隔壁貼不下^^"" Hear the ancients calling, feel the phoenix wing. Whoa-oh — ascending — voices cut the sky, Heed the desert's magic — lift me, let me fly. Burn bright in the temple of light, we ride the heartbeat through the hall, Children of the sun and sand, we rise — we never fall. Oh, crimson sky, the story folds — fire writes the names in gold, Dance the light and call the kings, let history unfold. The embers fade but the story stays, echoes roll across the plains, Edfu whispers, evening sighs — the fire sleeps and wakes again.","Shadows fold across the golden stone, I walk the corridor alone, Columns breathe like scripture, memory in every tone. Falcon eyes keep watch above — his gold crown never sleeps, Sunlight threads the glyphs below where ancient silence keeps. Step by step the echoes answer, footprints in the sand, Carved names wave like lanterns, we carry what they planned. Courtyard smoke, a drumbeat hum — the night becomes my skin, I move the flame, I move the tide, let desert stories in. Feel that heartbeat underfoot, rise up from the sacred ground, Lanterns spill the verses, let the shadow sing its sound. Sparks ignite and mirrors burn — the past becomes the key, Dancer of the ember, pull the night inside of me. Burn bright in the temple of light, we ride the heartbeat through the hall, Children of the sun and sand, we rise — we never fall. Oh, crimson sky, the story folds — fire writes the names in gold, Dance the light and call the kings, let history unfold. From riverbanks to market spools, caravans of dust and stars, We barter songs and broken moons, we gather every scar. Hieroglyphs watching like old friends, their laughter in the beams, Every breath a new incant, every step a seed of dreams. Echoes answer step by step, the rafters hold the rhyme, I spin the light into a rope and climb the ladder of time. Hear the ribbon of the river — a whisper braided in the air, Feel the drum that calls the ages, open doors that used to stare. Sparks ignite and shadows sway — the ancients whisper free, Dancer of the ember, carry night to me. Burn bright in the temple of light, we ride the heartbeat through the hall, Children of the sun and sand, we rise — we never fall. Oh, crimson sky, the story folds — fire writes the names in gold, Dance the light and call the kings, let history unfold. Falcon guide, I move the night, my breath the city's calm. Marketplace to riverbank, we hustle songs for silver moons, Caravan dreams, open seams — ride beats like caravan tunes. Sands whisper secrets, drum skins echo kin, I flip the hieroglyphs to rhythm, let the story spin. Bring the ember higher, wire the temple to the sky, One step, two step, raise your hands — watch the old gods fly. Burn bright in the temple of light, we ride the heartbeat through the hall, Children of the sun and sand, we rise — we never fall. Oh, crimson sky, the story folds — fire writes the names in gold, Dance the light and call the kings, let history unfold. I speak in pulses, syncopate the past until it's home. From Edfu to the Nile bend, every name becomes a chord, We stack the beats like bricks and watch the night afford reward. Call the dancers, call the flutes, call the souls that won't be sold, Heartbeat drum — domino — the tale is hot and bold. Raise your voice, feel the heat — the ember's never cold, We own the night, we own the light — turn ashes into gold. Let the flames reach higher, let the temple sing, 
Shadows fold across the golden stone, I walk the corridor alone, Columns breathe like scripture, memory in every tone. Falcon eyes keep watch above — his gold crown never sleeps, Sunlight threads the glyphs below where ancient silence keeps. Step by step the echoes answer, footprints in the sand, Carved names wave like lanterns, we carry what they planned. Courtyard smoke, a drumbeat hum — the night becomes my skin, I move the flame, I move the tide, let desert stories in. Feel that heartbeat underfoot, rise up from the sacred ground, Lanterns spill the verses, let the shadow sing its sound. Sparks ignite and mirrors burn — the past becomes the key, Dancer of the ember, pull the night inside of me. Burn bright in the temple of light, we ride the heartbeat through the hall, Children of the sun and sand, we rise — we never fall. Oh, crimson sky, the story folds — fire writes the names in gold, Dance the light and call the kings, let history unfold. From riverbanks to market spools, caravans of dust and stars, We barter songs and broken moons, we gather every scar. Hieroglyphs watching like old friends, their laughter in the beams, Every breath a new incant, every step a seed of dreams. Echoes answer step by step, the rafters hold the rhyme, I spin the light into a rope and climb the ladder of time. Hear the ribbon of the river — a whisper braided in the air, Feel the drum that calls the ages, open doors that used to stare. Sparks ignite and shadows sway — the ancients whisper free, Dancer of the ember, carry night to me. Burn bright in the temple of light, we ride the heartbeat through the hall, Children of the sun and sand, we rise — we never fall. Oh, crimson sky, the story folds — fire writes the names in gold, Dance the light and call the kings, let history unfold. Falcon guide, I move the night, my breath the city's calm. Marketplace to riverbank, we hustle songs for silver moons, Caravan dreams, open seams — ride beats like caravan tunes. Sands whisper secrets, drum skins echo kin, I flip the hieroglyphs to rhythm, let the story spin. Bring the ember higher, wire the temple to the sky, One step, two step, raise your hands — watch the old gods fly. Burn bright in the temple of light, we ride the heartbeat through the hall, Children of the sun and sand, we rise — we never fall. Oh, crimson sky, the story folds — fire writes the names in gold, Dance the light and call the kings, let history unfold. I speak in pulses, syncopate the past until it's home. From Edfu to the Nile bend, every name becomes a chord, We stack the beats like bricks and watch the night afford reward. Call the dancers, call the flutes, call the souls that won't be sold, Heartbeat drum — domino — the tale is hot and bold. Raise your voice, feel the heat — the ember's never cold, We own the night, we own the light — turn ashes into gold. Let the flames reach higher, let the temple sing,
留言（ 0 ） 最相關留言 所有留言
留言（ 0 ）",2026-08-27,,AI 生成 Pop ・ Neon Beast Parade 霓虹動物天團,False,False,
2026-08-28 13:41:01,realtime,ai_generated,,,32,Nivraë.∞,Ngoma ya Ardhi,27,1045,32,https://streetvoice.com/A56g77/songs/873662/,https://streetvoice.com/A56g77/,"https://akstatic.streetvoice.com/song_covers/A5/6g/A56g77/8g77gKGvqzFfLLxLo3QKkH.jpg?x-oss-process=image/resize,m_fixed,h_1,w_1,limit_0/resize,m_fixed,h_630,w_1200,limit_0/watermark,image_c29uZ19jb3ZlcnMvQTUvNmcvQTU2Zzc3LzhnNzdnS0d2cXpGZkxMeExvM1FLa0guanBnP3gtb3NzLXByb2Nlc3M9aW1hZ2UvcmVzaXplLG1fZml4ZWQsaF8zNDQsd18zNDQsbGltaXRfMA,g_nw,x_428,y_143/watermark,image_YXNzZXQvaW1hZ2VzL21ldGFpbWFnZS1zb25nLnBuZw,g_nw,x_0,y_0",images/873662.jpg,@A56g77,音樂人,,,2025-08-04 10:44,38,238,97,,,https://www.youtube.com/@N-1n-7n,第三屆「街聲年度音樂趨勢大獎」盛大登場！李竺芯：「街聲見證了我，金曲獎前面這些大家看不到的歷程！」|||https://blow.streetvoice.com/85903/?utm_source=streetvoice&utm_medium=profile-news-block,,World,,,,"放空自己🙂‍↔️🙂‍↔️🙂‍↔️ 實驗2🫣🫣🫣 送給教主 「教徒完成囉」✌️ （Swahili） 詞/編曲：Nivraë.∞  演唱：Suno AI 
放空自己🙂‍↔️🙂‍↔️🙂‍↔️
實驗2🫣🫣🫣
送給教主 「教徒完成囉」✌️
（Swahili） 詞/編曲：Nivraë.∞  演唱：Suno AI","這是沒有提供歌詞的歌曲
留言（ 32 ） 最相關留言 所有留言
留言（ 32 ）",2026-08-16,,AI 生成 World,False,False,
2026-08-28 13:41:01,realtime,ai_generated,,,33,MisanHsu,豬血糕訊號中斷,6,19,1,https://streetvoice.com/misanshui/songs/876608/,https://streetvoice.com/misanshui/,"https://akstatic.streetvoice.com/song_covers/mi/sa/misanshui/JBGZQquvcg5L8EDhSz4HRA.jpeg?x-oss-process=image/resize,m_fixed,h_1,w_1,limit_0/resize,m_fixed,h_630,w_1200,limit_0/watermark,image_c29uZ19jb3ZlcnMvbWkvc2EvbWlzYW5zaHVpL0pCR1pRcXV2Y2c1TDhFRGhTejRIUkEuanBlZz94LW9zcy1wcm9jZXNzPWltYWdlL3Jlc2l6ZSxtX2ZpeGVkLGhfMzQ0LHdfMzQ0LGxpbWl0XzA,g_nw,x_428,y_143/watermark,image_YXNzZXQvaW1hZ2VzL21ldGFpbWFnZS1zb25nLnBuZw,g_nw,x_0,y_0",images/876608.jpeg,@misanshui,音樂人,桃園市,2007-04-01,,159,29,23,,,https://www.youtube.com/user/StreetVoiceTV,,,Rock,醋酸酸 豆腐香,https://streetvoice.com/misanshui/songs/album/97325953/,,,"深夜的夜市 蒸籠冒著白煙 花生粉與香菜 正在連線 但螢幕突然雪花一片—— 滋滋滋……訊號呢？ 竹籤插進軟糯的邊緣 那是靈魂深處的味覺體驗 我拿著半溫不熱的黑金磚 企圖連上宇宙的無線端 數據流在花生顆粒裡翻滾 醬油膏倒進了伺服器深層 喂？聽得到嗎？這口感太彈牙 滋養著我斷線的頻率跟步伐 豬血糕 訊號中斷 在街角 一口咬下 記憶開始倒跑 喂！重啟了嗎？ 蒸氣彌漫 遮蔽了衛星導航 醬香四溢 迷失在數位迷藏 嘟……嘟……請加熱後重試 ohohoh 訊號在花生粉裡迷路 ohohoh 咬下去瞬間全數重組 老闆娘拿著扇子按下重啟鍵 香菜跟香氣瞬間全面蔓延 這不是故障 這是美食的神蹟 讓離線的人重新找回呼吸 零與一的邊界 是香菜與辣椒的交界 當訊號再次接通那一秒 我咬下了 第一口美味的訊號 訊號已恢復…… 美味正在同步…… 滋……完美連線。 
深夜的夜市 蒸籠冒著白煙 花生粉與香菜 正在連線 但螢幕突然雪花一片——
滋滋滋……訊號呢？
竹籤插進軟糯的邊緣 那是靈魂深處的味覺體驗 我拿著半溫不熱的黑金磚 企圖連上宇宙的無線端 數據流在花生顆粒裡翻滾 醬油膏倒進了伺服器深層
喂？聽得到嗎？這口感太彈牙 滋養著我斷線的頻率跟步伐
豬血糕 訊號中斷 在街角 一口咬下 記憶開始倒跑
喂！重啟了嗎？ 蒸氣彌漫 遮蔽了衛星導航 醬香四溢 迷失在數位迷藏 嘟……嘟……請加熱後重試
ohohoh 訊號在花生粉裡迷路 ohohoh 咬下去瞬間全數重組
老闆娘拿著扇子按下重啟鍵 香菜跟香氣瞬間全面蔓延 這不是故障 這是美食的神蹟 讓離線的人重新找回呼吸
零與一的邊界 是香菜與辣椒的交界 當訊號再次接通那一秒 我咬下了 第一口美味的訊號
訊號已恢復…… 美味正在同步……
滋……完美連線。
留言（ 1 ） 最相關留言 所有留言
留言（ 1 ）",2026-08-26,,AI 生成 Rock ・ 醋酸酸 豆腐香,False,False,
2026-08-28 13:41:01,realtime,ai_generated,,,34,sagemwolf,《最後一碗麵》,4,3,0,https://streetvoice.com/sagemwolf/songs/876754/,https://streetvoice.com/sagemwolf/,"https://akstatic.streetvoice.com/profile_images/sa/ge/sagemwolf/fhxfMnBJKu5xUEpSXFrnQf.jpeg?x-oss-process=image/resize,m_fixed,h_1,w_1,limit_0/resize,m_fixed,h_630,w_1200,limit_0/watermark,image_cHJvZmlsZV9pbWFnZXMvc2EvZ2Uvc2FnZW13b2xmL2ZoeGZNbkJKS3U1eFVFcFNYRnJuUWYuanBlZz94LW9zcy1wcm9jZXNzPWltYWdlL3Jlc2l6ZSxtX2ZpeGVkLGhfMzQ0LHdfMzQ0LGxpbWl0XzA,g_nw,x_428,y_143/watermark,image_YXNzZXQvaW1hZ2VzL21ldGFpbWFnZS1zb25nLnBuZw,g_nw,x_0,y_0",images/876754.jpeg,@sagemwolf,音樂人,,,,26,25,41,,,https://www.youtube.com/user/StreetVoiceTV,,,World,流行樂,https://streetvoice.com/sagemwolf/songs/album/97325526/,,,"[Intro] (Guitar Intro) (Acoustic guitar solo) (Slow, melancholic) [Verse 1] 我怕我沒有機會 吃完最後一碗麵 因為也許從明天以後 就再也見不到它 我說我真的要放下 不再接受這誘惑 可是看著桌上的麵 我的心又開始捨不得 [Pre-Chorus] 我知道這一切 早就應該結束 可是那熟悉的味道 還留在我心裡 [Chorus] 我最愛的麻醬麵 那濃郁的香氣 我會記得老闆 曾經替我加的蛋 這些熱量在我肚子 永遠都不會抹去 我不能答應自己 明天真的能忘記 不回頭 不回頭 可是我的筷子 卻停不下去 [Guitar Solo] (Long emotional electric guitar solo) (Instrumental Interlude) [Verse 2] 我以為我能放下 我以為我能忘記 可是每當夜深人靜 還是會想起那個味道 明天我就要減肥 這一次真的決定 只是今晚這最後一碗 我想再好好珍惜 [Pre-Chorus] 也許這就是最後 我們一起的夜晚 我慢慢把麵拌開 卻不敢看它一眼 [Chorus] 我最愛的麻醬麵 那濃郁的香氣 我會記得老闆 曾經替我加的蛋 這些熱量在我肚子 永遠都不會抹去 我不能答應自己 明天真的能忘記 不回頭 不回頭 眼淚沒有掉下來 麵卻已經吃完了 [Bridge] 如果明天醒來 我真的開始減肥 請你不要問我 昨晚為什麼哭 我只是想起 那熟悉的味道 還有那顆蛋 [Guitar Solo] (Emotional soaring guitar solo) (Building toward final chorus) [Final Chorus] 我最愛的麻醬麵 最後一口的香氣 我會牢牢記住 老闆替我加的蛋 就算明天開始 我必須學會忘記 這些熱量在我肚子 永遠都不會離去 我不能答應你 我是否還會想念 不回頭 不回頭 我含著眼淚 把最後一口吃下去 [Outro] 不回頭 不回頭 我真的不回頭 只是明天晚上…… 不知道還會不會 再來一碗 (Guitar Outro) (Single acoustic guitar fades out) 
[Intro] (Guitar Intro) (Acoustic guitar solo) (Slow, melancholic)
[Verse 1] 我怕我沒有機會 吃完最後一碗麵 因為也許從明天以後 就再也見不到它
我說我真的要放下 不再接受這誘惑 可是看著桌上的麵 我的心又開始捨不得
[Pre-Chorus] 我知道這一切 早就應該結束 可是那熟悉的味道 還留在我心裡
[Chorus] 我最愛的麻醬麵 那濃郁的香氣 我會記得老闆 曾經替我加的蛋
這些熱量在我肚子 永遠都不會抹去 我不能答應自己 明天真的能忘記
不回頭 不回頭
可是我的筷子 卻停不下去
[Guitar Solo] (Long emotional electric guitar solo) (Instrumental Interlude)
[Verse 2] 我以為我能放下 我以為我能忘記 可是每當夜深人靜 還是會想起那個味道
明天我就要減肥 這一次真的決定 只是今晚這最後一碗 我想再好好珍惜
[Pre-Chorus] 也許這就是最後 我們一起的夜晚 我慢慢把麵拌開 卻不敢看它一眼
[Chorus] 我最愛的麻醬麵 那濃郁的香氣 我會記得老闆 曾經替我加的蛋
這些熱量在我肚子 永遠都不會抹去 我不能答應自己 明天真的能忘記
不回頭 不回頭
眼淚沒有掉下來 麵卻已經吃完了
[Bridge] 如果明天醒來 我真的開始減肥 請你不要問我 昨晚為什麼哭
我只是想起 那熟悉的味道 還有那顆蛋
[Guitar Solo] (Emotional soaring guitar solo) (Building toward final chorus)
[Final Chorus] 我最愛的麻醬麵 最後一口的香氣 我會牢牢記住 老闆替我加的蛋
就算明天開始 我必須學會忘記 這些熱量在我肚子 永遠都不會離去
我不能答應你 我是否還會想念
不回頭 不回頭
我含著眼淚 把最後一口吃下去
[Outro] 不回頭 不回頭
我真的不回頭
只是明天晚上……
不知道還會不會 再來一碗
(Guitar Outro) (Single acoustic guitar fades out)
留言（ 0 ） 最相關留言 所有留言
留言（ 0 ）",2026-08-28,,AI 生成 World ・ 流行樂,False,False,
2026-08-28 13:41:01,realtime,ai_generated,,,35,song for whom(為誰唱歌),黑夜出租車,9,18,3,https://streetvoice.com/ruby2100/songs/871662/,https://streetvoice.com/ruby2100/,"https://akstatic.streetvoice.com/song_covers/ru/by/ruby2100/D4eYYdCTmitmU4jxXXjjds.jpeg?x-oss-process=image/resize,m_fixed,h_1,w_1,limit_0/resize,m_fixed,h_630,w_1200,limit_0/watermark,image_c29uZ19jb3ZlcnMvcnUvYnkvcnVieTIxMDAvRDRlWVlkQ1RtaXRtVTRqeFhYampkcy5qcGVnP3gtb3NzLXByb2Nlc3M9aW1hZ2UvcmVzaXplLG1fZml4ZWQsaF8zNDQsd18zNDQsbGltaXRfMA,g_nw,x_428,y_143/watermark,image_YXNzZXQvaW1hZ2VzL21ldGFpbWFnZS1zb25nLnBuZw,g_nw,x_0,y_0",images/871662.jpeg,@ruby2100,音樂人,台中市,2024-06-01,,139,25,18,,,https://www.youtube.com/user/StreetVoiceTV,,,Hip hop / Rap,,,,"「有些人不是想去哪裡，只是今晚真的不想回到原來的自己。」 《黑夜出租車》是一首充滿城市孤獨、深夜漂流與人生逃亡感的歌曲。 凌晨一點半， 雨落在車窗上， 一個又一個乘客坐上後座， 有人沉默， 有人逞強， 有人抱著白玫瑰， 有人背著還沒實現的夢。 每個人都說不清自己要去哪裡， 只是暫時不想停下來。 最喜歡的一句是： 「就把眼淚交給雨刷。」 這句很有畫面， 也很心酸。 因為有些難過沒辦法說出口， 只能讓雨聲替自己遮掩， 讓車窗替自己隔開世界， 讓城市的霓虹暫時吞掉那些崩潰。 《黑夜出租車》寫的不只是乘客的故事， 更是司機自己的孤單。 他載過太多人， 也載過太多痛， 看見別人逃離愛情、工作、夢想與現實， 最後才發現， 原來逃最遠的人是自己。 上車吧， 別問去哪。 有時候人不是需要答案， 只是需要一段路， 讓心裡壞掉的夜， 慢慢被甩在身後。 天快亮了， 車停下了， 他才終於想起—— 原來自己也不想回家。 — 赫姆洛 
「有些人不是想去哪裡，只是今晚真的不想回到原來的自己。」
《黑夜出租車》是一首充滿城市孤獨、深夜漂流與人生逃亡感的歌曲。
凌晨一點半，
雨落在車窗上，
一個又一個乘客坐上後座，
有人沉默，
有人逞強，
有人抱著白玫瑰，
有人背著還沒實現的夢。
每個人都說不清自己要去哪裡，
只是暫時不想停下來。
最喜歡的一句是：
「就把眼淚交給雨刷。」
這句很有畫面，
也很心酸。
因為有些難過沒辦法說出口，
只能讓雨聲替自己遮掩，
讓車窗替自己隔開世界，
讓城市的霓虹暫時吞掉那些崩潰。
《黑夜出租車》寫的不只是乘客的故事，
更是司機自己的孤單。
他載過太多人，
也載過太多痛，
看見別人逃離愛情、工作、夢想與現實，
最後才發現，
原來逃最遠的人是自己。
上車吧，
別問去哪。
有時候人不是需要答案，
只是需要一段路，
讓心裡壞掉的夜，
慢慢被甩在身後。
天快亮了，
車停下了，
他才終於想起——
原來自己也不想回家。
— 赫姆洛","動態歌詞
凌晨一點半 雨落在車窗 後座上來一個人 說別問我去什麼地方 我開過紅綠燈 開過空街巷 他把沉默抱很緊 像怕心事會曝光 第二個乘客 穿著西裝 手裡握著辭職信 眼神卻還在逞強 他說城市太亮 照得人太慌 我說坐穩了 今晚風有點狂 計價表跳啊跳 誰的夢快燃燒 後照鏡裡的人 都在逃 上車吧 別問去哪 黑夜會替你回答 別害怕 心太亂了 就把眼淚交給雨刷 往前開 穿過人海 把壞掉的夜甩開 別回頭 燈還亮著 至少今晚 我們先別回家 第三個女孩 抱著白玫瑰 她說婚禮剛結束 可新郎不是她以為 第四個少年 背包裝著夢 車費只夠到河邊 卻說想看一次天空 我載過太多人 也載過太多痛 有人把話吞下去 有人哭到沒聲音 我笑著說沒事 前面快天明 可我的導航裡 也沒有家的姓名 Tick-tick meter 跑過霓虹 誰的秘密 塞滿後座 One more ride One more road 今夜城市 沒人降落 左轉是後悔 右轉是沉默 直走到天亮 也許就能活 我踩下油門 衝過風口 才發現逃最遠的人 原來是我 我問自己 還想去哪裡 後座沒人回答 只有雨聲 陪我安靜 上車吧 別問去哪 黑夜會替你回答 別害怕 心太亂了 就把眼淚交給雨刷 往前開 穿過人海 把壞掉的夜甩開 別回頭 燈還亮著 至少今晚 我們先別回家 天快亮了 車停下了 我才想起 原來我也 不想回家 
凌晨一點半 雨落在車窗 後座上來一個人 說別問我去什麼地方 我開過紅綠燈 開過空街巷 他把沉默抱很緊 像怕心事會曝光 第二個乘客 穿著西裝 手裡握著辭職信 眼神卻還在逞強 他說城市太亮 照得人太慌 我說坐穩了 今晚風有點狂 計價表跳啊跳 誰的夢快燃燒 後照鏡裡的人 都在逃 上車吧 別問去哪 黑夜會替你回答 別害怕 心太亂了 就把眼淚交給雨刷 往前開 穿過人海 把壞掉的夜甩開 別回頭 燈還亮著 至少今晚 我們先別回家 第三個女孩 抱著白玫瑰 她說婚禮剛結束 可新郎不是她以為 第四個少年 背包裝著夢 車費只夠到河邊 卻說想看一次天空 我載過太多人 也載過太多痛 有人把話吞下去 有人哭到沒聲音 我笑著說沒事 前面快天明 可我的導航裡 也沒有家的姓名 Tick-tick meter 跑過霓虹 誰的秘密 塞滿後座 One more ride One more road 今夜城市 沒人降落 左轉是後悔 右轉是沉默 直走到天亮 也許就能活 我踩下油門 衝過風口 才發現逃最遠的人 原來是我 我問自己 還想去哪裡 後座沒人回答 只有雨聲 陪我安靜 上車吧 別問去哪 黑夜會替你回答 別害怕 心太亂了 就把眼淚交給雨刷 往前開 穿過人海 把壞掉的夜甩開 別回頭 燈還亮著 至少今晚 我們先別回家 天快亮了 車停下了 我才想起 原來我也 不想回家
留言（ 3 ） 最相關留言 所有留言
留言（ 3 ）",2026-08-26,,AI 生成 Hip hop / Rap,False,False,
2026-08-28 13:41:01,realtime,ai_generated,,,36,先生,不棄糟糠,4,3,5,https://streetvoice.com/Joe_Joe_JJooee/songs/876642/,https://streetvoice.com/Joe_Joe_JJooee/,"https://akstatic.streetvoice.com/song_covers/Jo/e_/Joe_Joe_JJooee/QxNuszy7sioRydK5pPopyT.jpeg?x-oss-process=image/resize,m_fixed,h_1,w_1,limit_0/resize,m_fixed,h_630,w_1200,limit_0/watermark,image_c29uZ19jb3ZlcnMvSm8vZV8vSm9lX0pvZV9KSm9vZWUvUXhOdXN6eTdzaW9SeWRLNXBQb3B5VC5qcGVnP3gtb3NzLXByb2Nlc3M9aW1hZ2UvcmVzaXplLG1fZml4ZWQsaF8zNDQsd18zNDQsbGltaXRfMA,g_nw,x_428,y_143/watermark,image_YXNzZXQvaW1hZ2VzL21ldGFpbWFnZS1zb25nLnBuZw,g_nw,x_0,y_0",images/876642.jpeg,@Joe_Joe_JJooee,音樂人,,,,240,17,4,,,https://www.youtube.com/user/StreetVoiceTV,無先生釋出新專輯《台北404 NOT FUN》 5/9台北The Wall專場邀應聲倒地共演|||https://blow.streetvoice.com/87487/?utm_source=streetvoice&utm_medium=profile-news-block; 【吹專訪】我們不要傷心了——鄭興談《尋找鄭先生》：「我好像沒有辦法遵循一個，所謂『鄭興要走的人設』。」|||https://blow.streetvoice.com/85649/?utm_source=streetvoice&utm_medium=profile-news-block; 鄭興公開第4張專輯名稱《尋找鄭先生》  日本攝影師川島小鳥掌鏡|||https://blow.streetvoice.com/84530/?utm_source=streetvoice&utm_medium=profile-news-block,,Pop,,,,"​《不棄糟糠》 不唱高調的誓言， 只寫同路泥沙與一碗清湯。 當夜深水波平靜， 這一生的牽絆， 早已安靜地融入每一次呼吸。 
​《不棄糟糠》 不唱高調的誓言， 只寫同路泥沙與一碗清湯。 當夜深水波平靜， 這一生的牽絆， 早已安靜地融入每一次呼吸。","[Verse 1] 老井旁那株三椏落了又香 石階上的青苔慢慢鋪滿小巷 茶葉沖騰起一陣迷霧芬芳 你低頭整理著歲月紋路彎彎 [Pre-Chorus] 風吹過那片喧囂的竹林 留下一盞青燈在夜裡 手背上幾道褪色的痕跡 默記當年那場連綿的陰雨 [Chorus] 山外狂風 吹散了滿地的落黃 屋簷下 依舊留著清晨的微亮 不問路途 還有多少未知霜降 手心的溫度 早就寫好了去向 [Verse 2] 雨紛紛誰人匆匆換了衣裳 他們追求的是雲端上的光芒 卻早忘了泥土最初的陳香 那年冬兩人分著喝完的清湯 [Verse 3] 鏡中鬢角染了微白的霜 那是時間留下的印章 任憑世界如何翻湧變樣 有些早就沉在了歲月深塘 [Chorus] 山外狂風 吹散了滿地的落黃 屋簷下 依舊留著清晨的微亮 不問路途 還有多少未知霜降 手心的溫度 早就寫好了去向 [Bridge] 竹籬笆旁雪水漸漸融化 兩雙鞋沾滿了同路的泥沙 不需要向誰證明什麼解答 安靜地看著夕陽落下 [Chorus] 山外狂風 吹散了滿地的落黃 屋簷下 依舊留著清晨的微亮 不問路途 還有多少未知霜降 手心的溫度 早就寫好了去向 [Chorus] 山外狂風 吹散了滿地的落黃 屋簷下 依舊留著清晨的微亮 不問路途 還有多少未知霜降 手心的溫度 早就寫好了去向 [Outro] 夜深了 水波平靜如初 就這樣推著歲月緩慢前行 默默地⋯直到白雪覆蓋小路 這一生的牽絆 早已融入呼吸⋯ 不棄糟糠 
[Verse 1] 老井旁那株三椏落了又香 石階上的青苔慢慢鋪滿小巷 茶葉沖騰起一陣迷霧芬芳 你低頭整理著歲月紋路彎彎
[Pre-Chorus] 風吹過那片喧囂的竹林 留下一盞青燈在夜裡 手背上幾道褪色的痕跡 默記當年那場連綿的陰雨
[Chorus] 山外狂風 吹散了滿地的落黃 屋簷下 依舊留著清晨的微亮 不問路途 還有多少未知霜降 手心的溫度 早就寫好了去向
[Verse 2] 雨紛紛誰人匆匆換了衣裳 他們追求的是雲端上的光芒 卻早忘了泥土最初的陳香 那年冬兩人分著喝完的清湯
[Verse 3] 鏡中鬢角染了微白的霜 那是時間留下的印章 任憑世界如何翻湧變樣 有些早就沉在了歲月深塘
[Chorus] 山外狂風 吹散了滿地的落黃 屋簷下 依舊留著清晨的微亮 不問路途 還有多少未知霜降 手心的溫度 早就寫好了去向
[Bridge] 竹籬笆旁雪水漸漸融化 兩雙鞋沾滿了同路的泥沙 不需要向誰證明什麼解答 安靜地看著夕陽落下
[Chorus] 山外狂風 吹散了滿地的落黃 屋簷下 依舊留著清晨的微亮 不問路途 還有多少未知霜降 手心的溫度 早就寫好了去向
[Chorus] 山外狂風 吹散了滿地的落黃 屋簷下 依舊留著清晨的微亮 不問路途 還有多少未知霜降 手心的溫度 早就寫好了去向
[Outro] 夜深了 水波平靜如初 就這樣推著歲月緩慢前行 默默地⋯直到白雪覆蓋小路 這一生的牽絆 早已融入呼吸⋯ 不棄糟糠
留言（ 5 ） 最相關留言 所有留言
留言（ 5 ）",2026-08-27,,AI 生成 Pop,False,False,
2026-08-28 13:41:01,realtime,ai_generated,,,37,天使旋律 Angelic Melody,05_Magic of Glencoe 格蘭科的魔法,2,4,0,https://streetvoice.com/ees0977199609/songs/876506/,https://streetvoice.com/ees0977199609/,"https://akstatic.streetvoice.com/song_covers/ee/s0/ees0977199609/eNpSAHMRSaa8UEGso46qJd.jpeg?x-oss-process=image/resize,m_fixed,h_1,w_1,limit_0/resize,m_fixed,h_630,w_1200,limit_0/watermark,image_c29uZ19jb3ZlcnMvZWUvczAvZWVzMDk3NzE5OTYwOS9lTnBTQUhNUlNhYThVRUdzbzQ2cUpkLmpwZWc_eC1vc3MtcHJvY2Vzcz1pbWFnZS9yZXNpemUsbV9maXhlZCxoXzM0NCx3XzM0NCxsaW1pdF8w,g_nw,x_428,y_143/watermark,image_YXNzZXQvaW1hZ2VzL21ldGFpbWFnZS1zb25nLnBuZw,g_nw,x_0,y_0",images/876506.jpeg,@ees0977199609,音樂人,桃園市,2026-06-01,,91,6,7,,,https://www.youtube.com/user/StreetVoiceTV,,,Pop,Neon Beast Parade 霓虹動物天團,https://streetvoice.com/ees0977199609/songs/album/97325971/,,"Step into the magical Highlands of Glencoe! 🐰🌿白兔魔法師帶著森林夥伴們踏上歡樂音樂旅程，融合蘇格蘭風笛、爵士鼓與東方洞簫古箏，在山谷與月光間奏起跨文化的療癒樂章。🎐 讓音樂驅散悲傷，跟著節奏起舞，相信一切都會變得美好！ PS：此曲為《療癒幽谷》的改版 
Step into the magical Highlands of Glencoe! 🐰🌿白兔魔法師帶著森林夥伴們踏上歡樂音樂旅程，融合蘇格蘭風笛、爵士鼓與東方洞簫古箏，在山谷與月光間奏起跨文化的療癒樂章。🎐 讓音樂驅散悲傷，跟著節奏起舞，相信一切都會變得美好！ PS：此曲為《療癒幽谷》的改版","Welcome to the glen where the wild winds blow 歡迎來到野風呼嘯的幽谷 In the emerald heart of sweet Glencoe 在甜美格蘭科那翡翠般的心臟 I'm the bunny of the woods with a magical tune 我是森林裡吹奏魔法旋律的白兔 Weaving healing herbs by the light of the moon 在月光下編織療癒的藥草 From the ancient roots to the blossoming trees 從古老的根到綻放的樹梢 I whisper to the leaves and I ride the breeze 我低語於葉間，乘著微風飄行 With a wooden staff and a melody bright 手持木杖，口中歌聲明亮 We travel through the valley bringing pure delight 我們穿行山谷，帶來純粹的喜悅 Look at my friends, they are joining the sound 看看我的朋友們，他們加入了樂聲 The happiest animals dancing around 快樂的動物們圍著跳躍舞動 The fox on the fiddle, a fiery string 狐狸拉起小提琴，弦聲熱烈如火 While the little baby squirrel makes the accordion ring 小松鼠讓手風琴鳴響，童趣滿溢 The harp is strumming in the golden sun 豎琴在金色陽光下輕撥 A cross-cultural magic, two worlds as one 跨文化的魔法，兩個世界合而為一 Dongxiao and Guzheng in the background play 背景裡洞簫與古箏低聲相和 Driving all the sorrow and the sickness away 將所有哀傷與病痛驅散無蹤 Feel the magic in the air, let the rhythm take flight 感受空氣中的魔力，讓節奏展翅飛翔 From a gentle little walk to a glorious height 從輕柔漫步到光輝高峰 The drums are kicking in, oh we're picking up the pace 鼓聲加入，啊我們節拍加快 A Highland celebration for the human race! 為全人類舉行的高地慶典！ Oh, sing it with the pipes, let the healing begin! 喔，跟著風笛一同歌唱，讓療癒開始吧！ The magic of the forest and the joy from within! 森林的魔力與內心的喜悅！ High in the mountains where the wild flowers grow 在高山之上，野花盛放的地方 We are the traveling band of Glencoe! 我們是巡遊格蘭科的樂團！ Hey! Hey! Dance in the light! 嘿！嘿！在光中起舞吧！ Everything is gonna be alright! 一切都會沒事的！ Got a potion in my pouch made of petals and pine 我的小袋裡有以花瓣與松針調製的藥劑 Curing all the ailments with a rhythm divine 用神聖的節奏療癒萬般疾苦 The Viola is rushing, the Jazz Drums beat 中提琴疾速奔放，爵士鼓強勁敲擊 Making everybody jump on their dancing feet! 讓每個人都跳起舞來！ Feel the magic in the air, let the rhythm take flight 感受空氣中的魔力，讓節奏展翅飛翔 From a gentle little walk to a glorious height 從輕柔漫步到光輝高峰 The drums are kicking in, oh we're picking up the pace 鼓聲加入，啊我們節拍加快 A Highland celebration for the human race! 為全人類舉行的高地慶典！ Oh, sing it with the pipes, let the healing begin! 喔，跟著風笛一同歌唱，讓療癒開始吧！ The magic of the forest and the joy from within! 森林的魔力與內心的喜悅！ High in the mountains where the wild flowers grow 在高山之上，野花盛放的地方 We are the traveling band of Glencoe! 我們是巡遊格蘭科的樂團！ Hey! Hey! Dance in the light! 嘿！嘿！在光中起舞吧！ Everything is gonna be alright! 一切都會沒事的！ singing to the moon! 對著月亮歌唱 Oh, sing it with the pipes, let the healing begin! 喔，跟著風笛一同歌唱，讓療癒開始吧！ The magic of the forest and the joy from within! 森林的魔力與內心的喜悅！ High in the mountains where the wild flowers grow 在高山之上，野花盛放的地方 We are the traveling band of Glencoe! 我們是巡遊格蘭科的樂團！ Hey! Hey! Dance in the light! 嘿！嘿！在光中起舞吧！ Everything is gonna be alright! 一切都會沒事的！ Yodel-ay-ee-hoo... fading in the breeze. ……在微風中漸漸消逝。 Magic in the mountains, healing in the trees. 山中有魔法，樹間有療癒。 
Welcome to the glen where the wild winds blow 歡迎來到野風呼嘯的幽谷 In the emerald heart of sweet Glencoe 在甜美格蘭科那翡翠般的心臟 I'm the bunny of the woods with a magical tune 我是森林裡吹奏魔法旋律的白兔 Weaving healing herbs by the light of the moon 在月光下編織療癒的藥草 From the ancient roots to the blossoming trees 從古老的根到綻放的樹梢 I whisper to the leaves and I ride the breeze 我低語於葉間，乘著微風飄行 With a wooden staff and a melody bright 手持木杖，口中歌聲明亮 We travel through the valley bringing pure delight 我們穿行山谷，帶來純粹的喜悅 Look at my friends, they are joining the sound 看看我的朋友們，他們加入了樂聲 The happiest animals dancing around 快樂的動物們圍著跳躍舞動 The fox on the fiddle, a fiery string 狐狸拉起小提琴，弦聲熱烈如火 While the little baby squirrel makes the accordion ring 小松鼠讓手風琴鳴響，童趣滿溢 The harp is strumming in the golden sun 豎琴在金色陽光下輕撥 A cross-cultural magic, two worlds as one 跨文化的魔法，兩個世界合而為一 Dongxiao and Guzheng in the background play 背景裡洞簫與古箏低聲相和 Driving all the sorrow and the sickness away 將所有哀傷與病痛驅散無蹤 Feel the magic in the air, let the rhythm take flight 感受空氣中的魔力，讓節奏展翅飛翔 From a gentle little walk to a glorious height 從輕柔漫步到光輝高峰 The drums are kicking in, oh we're picking up the pace 鼓聲加入，啊我們節拍加快 A Highland celebration for the human race! 為全人類舉行的高地慶典！ Oh, sing it with the pipes, let the healing begin! 喔，跟著風笛一同歌唱，讓療癒開始吧！ The magic of the forest and the joy from within! 森林的魔力與內心的喜悅！ High in the mountains where the wild flowers grow 在高山之上，野花盛放的地方 We are the traveling band of Glencoe! 我們是巡遊格蘭科的樂團！ Hey! Hey! Dance in the light! 嘿！嘿！在光中起舞吧！ Everything is gonna be alright! 一切都會沒事的！ Got a potion in my pouch made of petals and pine 我的小袋裡有以花瓣與松針調製的藥劑 Curing all the ailments with a rhythm divine 用神聖的節奏療癒萬般疾苦 The Viola is rushing, the Jazz Drums beat 中提琴疾速奔放，爵士鼓強勁敲擊 Making everybody jump on their dancing feet! 讓每個人都跳起舞來！ Feel the magic in the air, let the rhythm take flight 感受空氣中的魔力，讓節奏展翅飛翔 From a gentle little walk to a glorious height 從輕柔漫步到光輝高峰 The drums are kicking in, oh we're picking up the pace 鼓聲加入，啊我們節拍加快 A Highland celebration for the human race! 為全人類舉行的高地慶典！ Oh, sing it with the pipes, let the healing begin! 喔，跟著風笛一同歌唱，讓療癒開始吧！ The magic of the forest and the joy from within! 森林的魔力與內心的喜悅！ High in the mountains where the wild flowers grow 在高山之上，野花盛放的地方 We are the traveling band of Glencoe! 我們是巡遊格蘭科的樂團！ Hey! Hey! Dance in the light! 嘿！嘿！在光中起舞吧！ Everything is gonna be alright! 一切都會沒事的！
singing to the moon! 對著月亮歌唱
Oh, sing it with the pipes, let the healing begin! 喔，跟著風笛一同歌唱，讓療癒開始吧！ The magic of the forest and the joy from within! 森林的魔力與內心的喜悅！ High in the mountains where the wild flowers grow 在高山之上，野花盛放的地方 We are the traveling band of Glencoe! 我們是巡遊格蘭科的樂團！ Hey! Hey! Dance in the light! 嘿！嘿！在光中起舞吧！ Everything is gonna be alright! 一切都會沒事的！ Yodel-ay-ee-hoo... fading in the breeze. ……在微風中漸漸消逝。 Magic in the mountains, healing in the trees. 山中有魔法，樹間有療癒。
留言（ 0 ） 最相關留言 所有留言
留言（ 0 ）",2026-08-27,,AI 生成 Pop ・ Neon Beast Parade 霓虹動物天團,False,False,
2026-08-28 13:41:01,realtime,ai_generated,,,38,Hanjane韓珍,電話男友 Is speedrun a breakup!,2,2,3,https://streetvoice.com/Hanjane_DEM/songs/876781/,https://streetvoice.com/Hanjane_DEM/,"https://akstatic.streetvoice.com/song_covers/Ha/nj/Hanjane_DEM/mUWuKiA6ZiXAyfEc7noq2o.jpg?x-oss-process=image/resize,m_fixed,h_1,w_1,limit_0/resize,m_fixed,h_630,w_1200,limit_0/watermark,image_c29uZ19jb3ZlcnMvSGEvbmovSGFuamFuZV9ERU0vbVVXdUtpQTZaaVhBeWZFYzdub3Eyby5qcGc_eC1vc3MtcHJvY2Vzcz1pbWFnZS9yZXNpemUsbV9maXhlZCxoXzM0NCx3XzM0NCxsaW1pdF8w,g_nw,x_428,y_143/watermark,image_YXNzZXQvaW1hZ2VzL21ldGFpbWFnZS1zb25nLnBuZw,g_nw,x_0,y_0",images/876781.jpg,@Hanjane_DEM,音樂人,,,,14,3,3,,,https://www.youtube.com/user/StreetVoiceTV,,,Dance,,,,"這是我的真實故事，我在社交媒體上收到的私訊 當時他就早中晚都問我吃了沒 我當然也是熱情回應，當然我也知道他大概只是想要洩慾而已 而且我也沒打算劈腿，當時我就覺得當朋友也不錯 但... 當我表明我不約, 不戀, 不發照片還未滿18的時候 他當然是消失了，當然我也不再打開和他的聊天室 這首歌的編曲是 2000 年代 Y2K 感的舞曲 我想要在這首歌裡告訴大家 “網戀有時也不可靠，有時人家只是想要洩慾而已，網戀請小心” 
這是我的真實故事，我在社交媒體上收到的私訊 當時他就早中晚都問我吃了沒 我當然也是熱情回應，當然我也知道他大概只是想要洩慾而已 而且我也沒打算劈腿，當時我就覺得當朋友也不錯 但... 當我表明我不約, 不戀, 不發照片還未滿18的時候 他當然是消失了，當然我也不再打開和他的聊天室
這首歌的編曲是 2000 年代 Y2K 感的舞曲 我想要在這首歌裡告訴大家 “網戀有時也不可靠，有時人家只是想要洩慾而已，網戀請小心”","對不起你的電話號碼是空號 請查明後再撥 謝謝 [Intro] Mmm, Hahaha~ [Verse-1] 也許愛情，只存在於我的夢裡~ 打了兩三通的電話，就準備說愛你 oops! 對不起我才十七，不能讓你抱抱加親親 Maybe at the beginning you saw me as your only. But I'm sorry, everything about you is your obscene fantasy. [Pre-Chorus-1] 得知我未成年就決定放棄。 我們可以做朋友，又不一定要做性 我再次傳訊息，你早已不再回應... (Perhaps, you are just a passerby?) [Chorus] 你的電話男友 Is speedrun a breakup~ 晚上接了電話就說著 “好吧”, 就迅速的逃離~ 但我不灰心，因為我現在只愛自己 他說的一切我早就忘記 What is sweet?, what is wedding? I no longer care about anything! (Woh!) [Verse-2] A new day, 我打開了那個社交軟件 我不是要找誰，是因為我自己無聊想點 But i saw him lying in bed, 身邊還有新的一位 Oh no.... he seems to be gay! But that doesn't matter, Because this is everyone's way! (Yeah~) [Bridge] 也許，我不適合在網路上戀愛 但有什麼差呢？ 我就是對自己自戀！(Ooh!) [Final Chorus-Key Change] 你的電話男友 Is speedrun a breakup~ 晚上接了電話就說著 “好吧”, 就迅速的逃離~ 但我不灰心，因為我現在只愛自己 他說的一切我早就忘記 What is sweet?, what is wedding? I no longer care about anything! (Woh!) [Post-Chorus] (Oh-La-la-la~) 我摧毀了一段無聊的愛情~ (You deserve better, baby!) (Oh-da-la-la~) 我正在成為我自己~ (You don't need like to be!) Now just only me... and the Hiro! 
對不起你的電話號碼是空號 請查明後再撥 謝謝
[Intro] Mmm, Hahaha~
[Verse-1] 也許愛情，只存在於我的夢裡~ 打了兩三通的電話，就準備說愛你 oops! 對不起我才十七，不能讓你抱抱加親親 Maybe at the beginning you saw me as your only. But I'm sorry, everything about you is your obscene fantasy.
[Pre-Chorus-1] 得知我未成年就決定放棄。 我們可以做朋友，又不一定要做性 我再次傳訊息，你早已不再回應... (Perhaps, you are just a passerby?)
[Chorus] 你的電話男友 Is speedrun a breakup~ 晚上接了電話就說著 “好吧”, 就迅速的逃離~ 但我不灰心，因為我現在只愛自己 他說的一切我早就忘記 What is sweet?, what is wedding? I no longer care about anything! (Woh!)
[Verse-2] A new day, 我打開了那個社交軟件 我不是要找誰，是因為我自己無聊想點 But i saw him lying in bed, 身邊還有新的一位 Oh no.... he seems to be gay! But that doesn't matter, Because this is everyone's way! (Yeah~)
[Bridge] 也許，我不適合在網路上戀愛 但有什麼差呢？ 我就是對自己自戀！(Ooh!)
[Final Chorus-Key Change] 你的電話男友 Is speedrun a breakup~ 晚上接了電話就說著 “好吧”, 就迅速的逃離~ 但我不灰心，因為我現在只愛自己 他說的一切我早就忘記 What is sweet?, what is wedding? I no longer care about anything! (Woh!)
[Post-Chorus] (Oh-La-la-la~) 我摧毀了一段無聊的愛情~ (You deserve better, baby!) (Oh-da-la-la~) 我正在成為我自己~ (You don't need like to be!) Now just only me... and the Hiro!
留言（ 3 ） 最相關留言 所有留言
留言（ 3 ）",2026-08-28,,AI 生成 Dance,False,False,
2026-08-28 13:41:01,realtime,ai_generated,,,39,表現する実務家 | 渋谷佑生,COMPILATION!!(Metal Ver.) |「向著無邊無際 遙遠的宇宙彼方」,3,1,0,https://streetvoice.com/763yuki/songs/876536/,https://streetvoice.com/763yuki/,"https://akstatic.streetvoice.com/song_covers/76/3y/763yuki/LADU2HVR2vHLyPBXKYyY6Z.jpeg?x-oss-process=image/resize,m_fixed,h_1,w_1,limit_0/resize,m_fixed,h_630,w_1200,limit_0/watermark,image_c29uZ19jb3ZlcnMvNzYvM3kvNzYzeXVraS9MQURVMkhWUjJ2SEx5UEJYS1l5WTZaLmpwZWc_eC1vc3MtcHJvY2Vzcz1pbWFnZS9yZXNpemUsbV9maXhlZCxoXzM0NCx3XzM0NCxsaW1pdF8w,g_nw,x_428,y_143/watermark,image_YXNzZXQvaW1hZ2VzL21ldGFpbWFnZS1zb25nLnBuZw,g_nw,x_0,y_0",images/876536.jpeg,@763yuki,音樂人,岩手縣,2026-02-01,,14,8,23,,,https://www.youtube.com/user/StreetVoiceTV,,,Rock,,,,"🚪 表現する実務家｜音樂室 今天的工作，就到這裡為止。 當辦公室的燈光熄滅，這裡便成了今晚的音樂室。 歡迎來到「表現する実務家｜音樂室」。 我是這間音樂室的秘書。 今晚，我也會為你介紹一首音樂，帶你走進夜晚的音樂世界。 《COMPILATION!!》 「向著無邊無際 遙遠的宇宙彼方」 AI Self Cover (Metal Ver.) 在泛著微微蒼藍的夜空彼方，流星群加速劃過，與寂靜的辦公室交織。 在動搖的陣地、崩塌的未來之中，為了追尋真實而高高揚起雙拳。 在激烈的吉他破音（Riff）與變性意識（Trance）的盡頭，睜開的雙眸所凝視的浩瀚宇宙故事。 向著無邊無際的銀河彼方， 將這段撼動靈魂的金屬咆哮，獻給您。 📼 YouTube｜Official Lyric Video（動態歌詞） https://youtu.be/NyoA8erkPNc ◇ ---------- ---------- ---------- 🚪 表現する実務家｜音楽室 今日の仕事は、ここまで。オフィスの灯りを落としたら、ここはもう、音楽室です。ようこそ、「表現する実務家｜音楽室」へ。私は、この音楽室の秘書。今夜も一曲、あなたを音楽の世界へナビゲートします。 《COMPILATION!!》 「果てなく遠い、宇宙の彼方へ」 AI Self Cover (Metal Ver.) わずかに蒼い夜空の彼方、加速する流星群と静寂のオフィス。 揺れる牙城、崩れゆく未来の中で、真実を求めて高く掲げた拳。 激しいリフと変性意識（トランス）の果てに、開かれた瞳が見据える宇宙（そら）の物語。 果てなく遠い銀河の彼方へ、 魂を揺さぶるメタルの咆哮をあなたに。 【製作名單 / Credits】 🎤 演唱 / AI Arrangement：Suno 🎵 原曲 / Original Song：《COMPILATION!!》 👇 Original version https://streetvoice.com/763yuki/songs/875382/ 🎭 版本 / Version：AI Self Cover / Metal Arrange 🎵 歌名 / Song：《COMPILATION!!》 ✍️ 作詞 / Lyrics：表現する実務家 | 渋谷佑生 🎼 原曲作曲・編曲 / Original Music：表現する実務家 | 渋谷佑生 🎧 建議在深夜安靜的房間裡，戴上耳機細細聆聽。 
🚪 表現する実務家｜音樂室
今天的工作，就到這裡為止。 當辦公室的燈光熄滅，這裡便成了今晚的音樂室。
歡迎來到「表現する実務家｜音樂室」。 我是這間音樂室的秘書。 今晚，我也會為你介紹一首音樂，帶你走進夜晚的音樂世界。
《COMPILATION!!》 「向著無邊無際 遙遠的宇宙彼方」 AI Self Cover (Metal Ver.)
在泛著微微蒼藍的夜空彼方，流星群加速劃過，與寂靜的辦公室交織。 在動搖的陣地、崩塌的未來之中，為了追尋真實而高高揚起雙拳。 在激烈的吉他破音（Riff）與變性意識（Trance）的盡頭，睜開的雙眸所凝視的浩瀚宇宙故事。
向著無邊無際的銀河彼方， 將這段撼動靈魂的金屬咆哮，獻給您。
📼 YouTube｜Official Lyric Video（動態歌詞） https://youtu.be/NyoA8erkPNc
https://youtu.be/NyoA8erkPNc
◇ ---------- ---------- ----------
🚪 表現する実務家｜音楽室
今日の仕事は、ここまで。オフィスの灯りを落としたら、ここはもう、音楽室です。ようこそ、「表現する実務家｜音楽室」へ。私は、この音楽室の秘書。今夜も一曲、あなたを音楽の世界へナビゲートします。
《COMPILATION!!》 「果てなく遠い、宇宙の彼方へ」 AI Self Cover (Metal Ver.)
わずかに蒼い夜空の彼方、加速する流星群と静寂のオフィス。 揺れる牙城、崩れゆく未来の中で、真実を求めて高く掲げた拳。 激しいリフと変性意識（トランス）の果てに、開かれた瞳が見据える宇宙（そら）の物語。
果てなく遠い銀河の彼方へ、 魂を揺さぶるメタルの咆哮をあなたに。
【製作名單 / Credits】 🎤 演唱 / AI Arrangement：Suno 🎵 原曲 / Original Song：《COMPILATION!!》 👇 Original version https://streetvoice.com/763yuki/songs/875382/ 🎭 版本 / Version：AI Self Cover / Metal Arrange 🎵 歌名 / Song：《COMPILATION!!》 ✍️ 作詞 / Lyrics：表現する実務家 | 渋谷佑生 🎼 原曲作曲・編曲 / Original Music：表現する実務家 | 渋谷佑生
https://streetvoice.com/763yuki/songs/875382/
🎧 建議在深夜安靜的房間裡，戴上耳機細細聆聽。","向著無邊無際 遙遠的宇宙彼方 願聲音能傳達 願夢想不消逝 （果てなく遠い 宇宙(そら)の彼方へ 声は届くように 夢よ消えないように） 那一天 泛著微微蒼藍的夜空 閃爍的星塵 加速劃過的流星群 （わずかに蒼い あの日の夜空 きらめいた星くず 加速する流星群） 雙手捧起的奇蹟 滿溢而出逐漸融化 （両手ですくった奇跡 あふれて少しずつ溶けた） 閉上雙眼不斷重現 憶起遙遠時空的風景 然而 記憶接續甦醒 拂曉的天空逐漸染上熱度 枯竭的雙眸 究竟在凝視著什麼 （瞼で繰り返す 遥かな時の風景 思い出す けれど 続き蘇る 明け方の空 熱をおびてく 枯れた瞳は何を見据えてる） 好想躍入 那描繪出的國度 引領我 走向變性意識（Trance） 歷經跋涉 終於抵達的靈魂深處 （描いた国へ 飛び込みたい 導いて変性意識(トランス)へ たどり着いた精神(こころ)） 緊握的雙拳高高揚起 為了追尋真實 （握った拳は高く 真実求めてかかげ） 映照著黑暗 悄然綻放鮮明的光芒渲染開來 然而 銘刻的思念 始終未曾傾訴 悄悄深藏在角落 緊閉的雙眸 停留在那個瞬間 （闇を映し出す 鮮やかにそっと 光だし染まる けれど 刻まれた想い 打ち明かさずに 片隅にしまう 閉じた瞳はそこへ立ち止まる） 崩塌孤城的未來 指針旋轉便走向終結 奪取而來的陣地在動搖 虛偽蠢動的證明 （崩れた孤城の未来 時計が回れば終わる 勝ち取った牙城は揺れる 偽りはうごめく証） 照亮黑暗 悄然綻放鮮明耀眼的光芒 唯有一道 唯有這唯一的真實 永不遺忘 那寬廣得足以包容一切的浩瀚蒼穹 （闇を照らし出す 鮮やかにそっと輝き放つ ひとつ ただひとつだけ忘れない すべてを包み込むほど広い空が） 在眼底深處復甦 憶起遙遠時空的風景 睜開的雙眸 已將浩瀚宇宙緊緊捕捉 （瞼の裏に蘇る 遥かな時の風景思い出す 開けた瞳は 宇宙(そら)を捉えてる） 
向著無邊無際 遙遠的宇宙彼方 願聲音能傳達 願夢想不消逝
（果てなく遠い 宇宙(そら)の彼方へ 声は届くように 夢よ消えないように）
那一天 泛著微微蒼藍的夜空 閃爍的星塵 加速劃過的流星群
（わずかに蒼い あの日の夜空 きらめいた星くず 加速する流星群）
雙手捧起的奇蹟 滿溢而出逐漸融化
（両手ですくった奇跡 あふれて少しずつ溶けた）
閉上雙眼不斷重現 憶起遙遠時空的風景 然而 記憶接續甦醒 拂曉的天空逐漸染上熱度 枯竭的雙眸 究竟在凝視著什麼
（瞼で繰り返す 遥かな時の風景 思い出す けれど 続き蘇る 明け方の空 熱をおびてく 枯れた瞳は何を見据えてる）
好想躍入 那描繪出的國度 引領我 走向變性意識（Trance） 歷經跋涉 終於抵達的靈魂深處
（描いた国へ 飛び込みたい 導いて変性意識(トランス)へ たどり着いた精神(こころ)）
緊握的雙拳高高揚起 為了追尋真實
（握った拳は高く 真実求めてかかげ）
映照著黑暗 悄然綻放鮮明的光芒渲染開來 然而 銘刻的思念 始終未曾傾訴 悄悄深藏在角落 緊閉的雙眸 停留在那個瞬間
（闇を映し出す 鮮やかにそっと 光だし染まる けれど 刻まれた想い 打ち明かさずに 片隅にしまう 閉じた瞳はそこへ立ち止まる）
崩塌孤城的未來 指針旋轉便走向終結 奪取而來的陣地在動搖 虛偽蠢動的證明
（崩れた孤城の未来 時計が回れば終わる 勝ち取った牙城は揺れる 偽りはうごめく証）
照亮黑暗 悄然綻放鮮明耀眼的光芒 唯有一道 唯有這唯一的真實 永不遺忘 那寬廣得足以包容一切的浩瀚蒼穹
（闇を照らし出す 鮮やかにそっと輝き放つ ひとつ ただひとつだけ忘れない すべてを包み込むほど広い空が）
在眼底深處復甦 憶起遙遠時空的風景 睜開的雙眸 已將浩瀚宇宙緊緊捕捉
（瞼の裏に蘇る 遥かな時の風景思い出す 開けた瞳は 宇宙(そら)を捉えてる）
留言（ 0 ） 最相關留言 所有留言
留言（ 0 ）",2026-08-27,,AI 生成 Rock,False,False,
2026-08-28 13:41:01,realtime,ai_generated,,,40,天使旋律 Angelic Melody,02_Spark of the City 城市之光,3,23,0,https://streetvoice.com/ees0977199609/songs/876499/,https://streetvoice.com/ees0977199609/,"https://akstatic.streetvoice.com/song_covers/ee/s0/ees0977199609/TcmoRrCWMaumZfTNLtaast.jpeg?x-oss-process=image/resize,m_fixed,h_1,w_1,limit_0/resize,m_fixed,h_630,w_1200,limit_0/watermark,image_c29uZ19jb3ZlcnMvZWUvczAvZWVzMDk3NzE5OTYwOS9UY21vUnJDV01hdW1aZlROTHRhYXN0LmpwZWc_eC1vc3MtcHJvY2Vzcz1pbWFnZS9yZXNpemUsbV9maXhlZCxoXzM0NCx3XzM0NCxsaW1pdF8w,g_nw,x_428,y_143/watermark,image_YXNzZXQvaW1hZ2VzL21ldGFpbWFnZS1zb25nLnBuZw,g_nw,x_0,y_0",images/876499.jpeg,@ees0977199609,音樂人,桃園市,2026-06-01,,91,6,7,,,https://www.youtube.com/user/StreetVoiceTV,,,Pop,Neon Beast Parade 霓虹動物天團,https://streetvoice.com/ees0977199609/songs/album/97325971/,,"在霓虹與鋼鐵交織的未來城市裡，一位迷失的少女被守護者尋回，並喚醒體內沉睡的電流與歌聲。從冰冷街角一路唱向璀璨天際，她化身耀眼火花，以勇氣點亮黑夜，讓孤單的心彼此連結、共同發光。這是一首關於希望、陪伴與突破束縛的熱血電氣頌歌。✨⚡🌃🎶💖 
在霓虹與鋼鐵交織的未來城市裡，一位迷失的少女被守護者尋回，並喚醒體內沉睡的電流與歌聲。從冰冷街角一路唱向璀璨天際，她化身耀眼火花，以勇氣點亮黑夜，讓孤單的心彼此連結、共同發光。這是一首關於希望、陪伴與突破束縛的熱血電氣頌歌。✨⚡🌃🎶💖","[Verse 1] Neon veins beneath the midnight sky, I wandered lost where the tall lights die. A broken street, a colder dawn — Till guardians found me and showed me home. [Pre-Chorus] They saw the fire humming in my hands, A secret current running through these lands. “Sing,” they said, “let your heartbeat lead the flow,” Turn every whisper into brighter glow. [Chorus] I am the spark — I light the city tonight, Sing electric wings until the skyline’s bright. Dancing currents, feel the heartbeat grow, We’ll glow together, let the whole world know. [Verse 2] Crystal cores hum under factory dreams, Cable rivers, chrome and rainbow beams. I take a breath, the anthem starts to rise, My voice unchains the night and paints the skies. [Pre-Chorus] From empty alleys to the highest spire, Echoes catching flame and climbing higher. “Play your courage,” whispers through the crowd, Turn every silence into something loud. [Chorus] I am the spark — I light the city tonight, Sing electric wings until the skyline’s bright. Dancing currents, feel the heartbeat grow, We’ll glow together, let the whole world know. [Bridge] When shadows press and the wind forgets your name, I’ll plug the stars back in, I’ll call out flames. No fear inside this neon, no doubt to slow, I’ll spin the dark to gold, let the city glow. Breakdown (anthemic shout) Hands to the sky — feel the thunder come alive! Feet on the ground — make the whole night drive! We’ll run on harmonies and lightning in my veins, A thousand hearts wired up, we break the chains. [Final Chorus] I am the spark — I light the city tonight, Sing electric wings until the skyline’s bright. Dancing currents, feel the heartbeat grow, We’ll glow together, let the whole world know. [Outro] Neon lifelines, pulse and softly stay — I’ll sing the dawn and turn the dark to day. 午夜天空下霓虹的脈絡， 我遊蕩迷失在高樓黯淡之處。 街道破碎，黎明更冰冷—— 直到守護者找到我，帶我回到家。 他們看見我手中嗡嗡的火， 一股祕密電流流過這片土地。 「唱吧，」他們說，「讓心跳引導流動，」 把每個耳語都變成更明亮的光。 我是火花——今夜點亮整座城市， 唱出電氣翅膀直到天際明亮。 感受電流的舞動，感受心跳的成長， 我們一同閃耀，讓全世界知道。 水晶核心在發電廠夢裡低吟， 電纜河流，鉻與彩虹光束。 我吸一口氣，歌聲開始升起， 我的聲音解開黑夜，為天際上色。 從空蕩小巷到最高的塔尖， 迴響抓住火焰往上飛騰。 「演出你的勇氣，」在人群低語， 把每個寂靜都變成響亮。 我是火花——今夜點亮整座城市， 唱出電氣翅膀直到天際明亮。 感受電流的舞動，感受心跳成長， 我們一同發光，讓全世界知道。 當陰影壓迫，風忘了你的名字， 我會把星星重新接上，呼喚烈焰。 在這霓虹裡沒有恐懼，沒有遲疑， 我將黑暗轉為金色，讓城市閃耀。 舉起手向天空——感受雷鳴甦醒！ 腳踏實地——讓整個夜晚奔騰！ 我們靠和聲和血管裡的閃電前進， 千顆心連成電網，我們打破鎖鏈。 我是火花——今夜點亮整座城市， 唱出電氣翅膀直到天際明亮。 舞動的電流，感受心跳成長， 我們一同發光，讓全世界知道。 霓虹生命線，跳動並靜靜停留—— 我唱出黎明，將黑夜化為白晝。 
[Verse 1] Neon veins beneath the midnight sky, I wandered lost where the tall lights die. A broken street, a colder dawn — Till guardians found me and showed me home.
[Pre-Chorus] They saw the fire humming in my hands, A secret current running through these lands. “Sing,” they said, “let your heartbeat lead the flow,” Turn every whisper into brighter glow.
[Chorus] I am the spark — I light the city tonight, Sing electric wings until the skyline’s bright. Dancing currents, feel the heartbeat grow, We’ll glow together, let the whole world know.
[Verse 2] Crystal cores hum under factory dreams, Cable rivers, chrome and rainbow beams. I take a breath, the anthem starts to rise, My voice unchains the night and paints the skies.
[Pre-Chorus] From empty alleys to the highest spire, Echoes catching flame and climbing higher. “Play your courage,” whispers through the crowd, Turn every silence into something loud.
[Chorus] I am the spark — I light the city tonight, Sing electric wings until the skyline’s bright. Dancing currents, feel the heartbeat grow, We’ll glow together, let the whole world know.
[Bridge] When shadows press and the wind forgets your name, I’ll plug the stars back in, I’ll call out flames. No fear inside this neon, no doubt to slow, I’ll spin the dark to gold, let the city glow. Breakdown (anthemic shout) Hands to the sky — feel the thunder come alive! Feet on the ground — make the whole night drive! We’ll run on harmonies and lightning in my veins, A thousand hearts wired up, we break the chains.
[Final Chorus] I am the spark — I light the city tonight, Sing electric wings until the skyline’s bright. Dancing currents, feel the heartbeat grow, We’ll glow together, let the whole world know.
[Outro] Neon lifelines, pulse and softly stay — I’ll sing the dawn and turn the dark to day.
午夜天空下霓虹的脈絡， 我遊蕩迷失在高樓黯淡之處。 街道破碎，黎明更冰冷—— 直到守護者找到我，帶我回到家。
他們看見我手中嗡嗡的火， 一股祕密電流流過這片土地。 「唱吧，」他們說，「讓心跳引導流動，」 把每個耳語都變成更明亮的光。
我是火花——今夜點亮整座城市， 唱出電氣翅膀直到天際明亮。 感受電流的舞動，感受心跳的成長， 我們一同閃耀，讓全世界知道。
水晶核心在發電廠夢裡低吟， 電纜河流，鉻與彩虹光束。 我吸一口氣，歌聲開始升起， 我的聲音解開黑夜，為天際上色。
從空蕩小巷到最高的塔尖， 迴響抓住火焰往上飛騰。 「演出你的勇氣，」在人群低語， 把每個寂靜都變成響亮。
我是火花——今夜點亮整座城市， 唱出電氣翅膀直到天際明亮。 感受電流的舞動，感受心跳成長， 我們一同發光，讓全世界知道。
當陰影壓迫，風忘了你的名字， 我會把星星重新接上，呼喚烈焰。 在這霓虹裡沒有恐懼，沒有遲疑， 我將黑暗轉為金色，讓城市閃耀。
舉起手向天空——感受雷鳴甦醒！ 腳踏實地——讓整個夜晚奔騰！ 我們靠和聲和血管裡的閃電前進， 千顆心連成電網，我們打破鎖鏈。
我是火花——今夜點亮整座城市， 唱出電氣翅膀直到天際明亮。 舞動的電流，感受心跳成長， 我們一同發光，讓全世界知道。
霓虹生命線，跳動並靜靜停留—— 我唱出黎明，將黑夜化為白晝。
留言（ 0 ） 最相關留言 所有留言
留言（ 0 ）",2026-08-26,,AI 生成 Pop ・ Neon Beast Parade 霓虹動物天團,False,False,
2026-08-28 13:41:01,realtime,ai_generated,,,41,天使旋律 Angelic Melody,01_Golden Tiger Beneath Indian Skies 金耀白虎,1,6,0,https://streetvoice.com/ees0977199609/songs/876501/,https://streetvoice.com/ees0977199609/,"https://akstatic.streetvoice.com/song_covers/ee/s0/ees0977199609/brp9erCTCyvkZWSkGvKgQs.jpeg?x-oss-process=image/resize,m_fixed,h_1,w_1,limit_0/resize,m_fixed,h_630,w_1200,limit_0/watermark,image_c29uZ19jb3ZlcnMvZWUvczAvZWVzMDk3NzE5OTYwOS9icnA5ZXJDVEN5dmtaV1NrR3ZLZ1FzLmpwZWc_eC1vc3MtcHJvY2Vzcz1pbWFnZS9yZXNpemUsbV9maXhlZCxoXzM0NCx3XzM0NCxsaW1pdF8w,g_nw,x_428,y_143/watermark,image_YXNzZXQvaW1hZ2VzL21ldGFpbWFnZS1zb25nLnBuZw,g_nw,x_0,y_0",images/876501.jpeg,@ees0977199609,音樂人,桃園市,2026-06-01,,91,6,7,,,https://www.youtube.com/user/StreetVoiceTV,,,Pop,Neon Beast Parade 霓虹動物天團,https://streetvoice.com/ees0977199609/songs/album/97325971/,,"是一首融合寶萊塢搖滾、美式饒舌與熱烈舞蹈節奏的華麗作品。歌曲描繪來自孟加拉的白虎女王，在阿克薩達姆神廟的星空下，以清亮女高音、塔布拉鼓、姆里丹甘鼓與西塔琴召喚金色魔法。隨著節拍加速，她讓金色塵埃飛揚，帶領眾人忘情起舞，感受自由、熱情與奇幻國度。希望能帶給你不一樣的異國樂曲風格~🐯🎶 PS：由於平台上限制歌詞只有3000字元，無法放上完整中文翻譯，特此說明... 
是一首融合寶萊塢搖滾、美式饒舌與熱烈舞蹈節奏的華麗作品。歌曲描繪來自孟加拉的白虎女王，在阿克薩達姆神廟的星空下，以清亮女高音、塔布拉鼓、姆里丹甘鼓與西塔琴召喚金色魔法。隨著節拍加速，她讓金色塵埃飛揚，帶領眾人忘情起舞，感受自由、熱情與奇幻國度。希望能帶給你不一樣的異國樂曲風格~🐯🎶
PS：由於平台上限制歌詞只有3000字元，無法放上完整中文翻譯，特此說明...","Under the stars of Akshardham, the night awakes. 在阿克薩達姆神廟的星空下，夜晚甦醒過來。 Listen to the magic that the quiet wind makes. 傾聽微風中輕吟的魔法。 From the deep green jungles to the sacred stone. 從深綠色的叢林來到這神聖的殿堂。 A melody of pure gold, like you've never known. 一首你未曾聽聞的，純金打造的旋律。 I'm the white tiger beauty from the Bengal deep. 我是來自孟加拉深處的白虎美人。 Waking up the wonders that the ancient temples keep. 喚醒古老神廟中沉睡的奇蹟。 With a flick of my wrist, watch the gold start to spin. 手腕輕輕一轉，看著黃金開始旋轉。 Creating shining illusions before the dance begins. 在舞蹈開始前，創造出閃耀的幻象。 I strike the Tabla soft, a mystic rhythmic trance. 我輕撫塔布拉鼓，敲出神祕的催眠節奏。 Welcome to the magic of my wild Kathak dance. 歡迎來到我狂野卡塔克舞的魔法之中。 Hear my voice ringing clear, reaching up to the sky. 聽我清亮的嗓音，直衝雲霄。 Every town that I travel, I catch every eye. 我走過的每一個城鎮，都吸引著所有目光。 The magic is flowing, the rhythm is right. 魔法正在流動，節奏恰到好處。 Get ready to burn in the golden light! 準備好在金色光芒中燃燒吧！ Oh, dance with the tiger, let the golden dust fly! 喔！ 與白虎共舞，讓金色塵埃飛揚！ Spinning through the magic under India's sky! 在印度星空下的魔法中盡情旋轉！ Shimmer and shine, let the beat take control. 閃耀發光，讓節拍控制一切。 This Bollywood rhythm is catching your soul! 這寶萊塢的節奏正在擄獲你的靈魂！ (Eh-oh, eh-oh, golden fire! Eh-oh, eh-oh, take it higher!) From north to the south, like a wandering breeze. 從北到南，就像一陣流浪的微風。 I conjure up wonders with absolute ease. 我毫不費力地變幻出各種奇蹟。 Bracelets of gold, crafted right from the air. 憑空打造出黃金的璀璨手鐲。 Leaving the crowds in a mesmerized stare. 讓觀眾們深陷在著迷的目光中。 My soprano is soaring, a bird in the night. 我的女高音高亢飛揚，宛如夜空中的飛鳥。 Everything I touch turns impossibly bright. 我觸碰的每一樣事物都變得無比閃亮。 Hear my voice ringing clear, reaching up to the sky. 聽我清亮的嗓音，直衝雲霄。 Every town that I travel, I catch every eye. 我走過的每一個城鎮，都吸引著所有目光。 The magic is flowing, the rhythm is right. 魔法正在流動，節奏恰到好處。 Get ready to burn in the golden light! Oh, dance with the tiger, let the golden dust fly! Spinning through the magic under India's sky! Shimmer and shine, let the beat take control. This Bollywood rhythm is catching your soul! (Eh-oh, eh-oh, golden fire! Eh-oh, eh-oh, take it higher!) Yeah, step back, watch the queen on the floor. White stripes, pure gold, always giving you more. She touches the dust, turns it straight to a crown. Bringing that Bollywood rock to your town. Mridangam pounding, Sitar on the fly. She’s singing so sweet while she’s touching the sky. Listen to the Tabla, the magic unfolds. Everything she makes is 24-karat gold! Ahhhhh~! The rhythm is spinning faster! I am the golden master! Feel the heat, feel the beat, completely let go! Oh, dance with the tiger, let the golden dust fly! Spinning through the magic under India's sky! Shimmer and shine, let the beat take control. This Bollywood rhythm is catching your soul! (Eh-oh, eh-oh, golden fire! Eh-oh, eh-oh, take it higher!) Golden magic... under the stars... The white tiger's dance... lives in your heart. 
Under the stars of Akshardham, the night awakes. 在阿克薩達姆神廟的星空下，夜晚甦醒過來。 Listen to the magic that the quiet wind makes. 傾聽微風中輕吟的魔法。 From the deep green jungles to the sacred stone. 從深綠色的叢林來到這神聖的殿堂。 A melody of pure gold, like you've never known. 一首你未曾聽聞的，純金打造的旋律。 I'm the white tiger beauty from the Bengal deep. 我是來自孟加拉深處的白虎美人。 Waking up the wonders that the ancient temples keep. 喚醒古老神廟中沉睡的奇蹟。 With a flick of my wrist, watch the gold start to spin. 手腕輕輕一轉，看著黃金開始旋轉。 Creating shining illusions before the dance begins. 在舞蹈開始前，創造出閃耀的幻象。 I strike the Tabla soft, a mystic rhythmic trance. 我輕撫塔布拉鼓，敲出神祕的催眠節奏。 Welcome to the magic of my wild Kathak dance. 歡迎來到我狂野卡塔克舞的魔法之中。 Hear my voice ringing clear, reaching up to the sky. 聽我清亮的嗓音，直衝雲霄。 Every town that I travel, I catch every eye. 我走過的每一個城鎮，都吸引著所有目光。 The magic is flowing, the rhythm is right. 魔法正在流動，節奏恰到好處。 Get ready to burn in the golden light! 準備好在金色光芒中燃燒吧！ Oh, dance with the tiger, let the golden dust fly! 喔！ 與白虎共舞，讓金色塵埃飛揚！ Spinning through the magic under India's sky! 在印度星空下的魔法中盡情旋轉！ Shimmer and shine, let the beat take control. 閃耀發光，讓節拍控制一切。 This Bollywood rhythm is catching your soul! 這寶萊塢的節奏正在擄獲你的靈魂！ (Eh-oh, eh-oh, golden fire! Eh-oh, eh-oh, take it higher!)
From north to the south, like a wandering breeze. 從北到南，就像一陣流浪的微風。 I conjure up wonders with absolute ease. 我毫不費力地變幻出各種奇蹟。 Bracelets of gold, crafted right from the air. 憑空打造出黃金的璀璨手鐲。 Leaving the crowds in a mesmerized stare. 讓觀眾們深陷在著迷的目光中。 My soprano is soaring, a bird in the night. 我的女高音高亢飛揚，宛如夜空中的飛鳥。 Everything I touch turns impossibly bright. 我觸碰的每一樣事物都變得無比閃亮。 Hear my voice ringing clear, reaching up to the sky. 聽我清亮的嗓音，直衝雲霄。 Every town that I travel, I catch every eye. 我走過的每一個城鎮，都吸引著所有目光。 The magic is flowing, the rhythm is right. 魔法正在流動，節奏恰到好處。 Get ready to burn in the golden light! Oh, dance with the tiger, let the golden dust fly! Spinning through the magic under India's sky! Shimmer and shine, let the beat take control. This Bollywood rhythm is catching your soul! (Eh-oh, eh-oh, golden fire! Eh-oh, eh-oh, take it higher!)
Yeah, step back, watch the queen on the floor. White stripes, pure gold, always giving you more. She touches the dust, turns it straight to a crown. Bringing that Bollywood rock to your town. Mridangam pounding, Sitar on the fly. She’s singing so sweet while she’s touching the sky. Listen to the Tabla, the magic unfolds. Everything she makes is 24-karat gold! Ahhhhh~!
The rhythm is spinning faster! I am the golden master! Feel the heat, feel the beat, completely let go! Oh, dance with the tiger, let the golden dust fly! Spinning through the magic under India's sky! Shimmer and shine, let the beat take control. This Bollywood rhythm is catching your soul! (Eh-oh, eh-oh, golden fire! Eh-oh, eh-oh, take it higher!)
Golden magic... under the stars... The white tiger's dance... lives in your heart.
留言（ 0 ） 最相關留言 所有留言
留言（ 0 ）",2026-08-26,,AI 生成 Pop ・ Neon Beast Parade 霓虹動物天團,False,False,
2026-08-28 13:41:01,realtime,ai_generated,,,42,Moorluk,沒人喜歡AI音樂人,2,6,1,https://streetvoice.com/Moorluk/songs/876752/,https://streetvoice.com/Moorluk/,"https://akstatic.streetvoice.com/song_covers/Mo/or/Moorluk/9Z6hegfabsnoz8UMd5qyuL.jpeg?x-oss-process=image/resize,m_fixed,h_1,w_1,limit_0/resize,m_fixed,h_630,w_1200,limit_0/watermark,image_c29uZ19jb3ZlcnMvTW8vb3IvTW9vcmx1ay85WjZoZWdmYWJzbm96OFVNZDVxeXVMLmpwZWc_eC1vc3MtcHJvY2Vzcz1pbWFnZS9yZXNpemUsbV9maXhlZCxoXzM0NCx3XzM0NCxsaW1pdF8w,g_nw,x_428,y_143/watermark,image_YXNzZXQvaW1hZ2VzL21ldGFpbWFnZS1zb25nLnBuZw,g_nw,x_0,y_0",images/876752.jpeg,@Moorluk,音樂人,,,,,,,,,https://www.youtube.com/user/StreetVoiceTV,,,R&B / Soul,,,,,"各位先生女士 先別太期待 接下來這位歌手 身分有一點怪 他們說我按個鍵 就按出靈魂 他們說我偷了感動 藏在雲端裡面 他們說這不算音樂 手指沒有磨出繭 可我也熬過整夜 教沉默唱出聲 我懂 我懂 這聽來不浪漫 愛上一首歌 卻有一半靠演算 我懂 我懂 你本來想吐槽 可你還坐在這裡 那我就再唱一段 沒人喜歡 AI 音樂人 電腦開口 沒有人掌聲 可是你回家以後 還把副歌輕輕哼 沒人喜歡 AI 音樂人 沒人想要 人造的夢 可如果你聽到想哭 假的又算什麼 朋友說編曲不錯 但真是你寫的嗎 我說請定義創作 他們就安靜回家 留言說我沒有靈魂 音樂人說我太假 可是他們私訊問我 prompt 到底怎麼下 我懂 我懂 神祕感被拆穿 創作流程寫成表格 確實不夠浪漫 我懂 我懂 名單看起來很亂 可你嘴角在上揚 別裝作沒聽見 沒人喜歡 AI 音樂人 電腦開口 沒有人掌聲 可是你回家以後 還把副歌輕輕哼 沒人喜歡 AI 音樂人 沒人想要 人造的夢 可如果你聽到想哭 假的又算什麼 這些生成的感情 算不算真的傷 如果一首歌會孤單 來源還重要嗎 這些借來的疤痕 會不會也發燙 如果機器照出自己 為什麼我會慌 也許我只是影子 躲在螢幕後方 也許所有真心話 都穿上乾淨偽裝 可是等的人是我 試著唱的人是我 問沉默借一點回聲 也是我 所以說它假 說它錯 可你聽到這裡了 沒人喜歡 AI 音樂人 電腦開口 沒有人掌聲 可是你回家以後 還把副歌輕輕哼 沒人喜歡 AI 音樂人 沒人想要 人造的夢 可如果你真的哭了 假的又算什麼 沒人喜歡 AI 音樂人 這我完全能懂 可是你走回家的路上 還是哼了 那就夠了 
各位先生女士 先別太期待 接下來這位歌手 身分有一點怪
他們說我按個鍵 就按出靈魂 他們說我偷了感動 藏在雲端裡面
他們說這不算音樂 手指沒有磨出繭 可我也熬過整夜 教沉默唱出聲
我懂 我懂 這聽來不浪漫 愛上一首歌 卻有一半靠演算
我懂 我懂 你本來想吐槽 可你還坐在這裡 那我就再唱一段
沒人喜歡 AI 音樂人 電腦開口 沒有人掌聲 可是你回家以後 還把副歌輕輕哼
沒人喜歡 AI 音樂人 沒人想要 人造的夢 可如果你聽到想哭 假的又算什麼
朋友說編曲不錯 但真是你寫的嗎 我說請定義創作 他們就安靜回家
留言說我沒有靈魂 音樂人說我太假 可是他們私訊問我 prompt 到底怎麼下
我懂 我懂 神祕感被拆穿 創作流程寫成表格 確實不夠浪漫
我懂 我懂 名單看起來很亂 可你嘴角在上揚 別裝作沒聽見
沒人喜歡 AI 音樂人 電腦開口 沒有人掌聲 可是你回家以後 還把副歌輕輕哼
沒人喜歡 AI 音樂人 沒人想要 人造的夢 可如果你聽到想哭 假的又算什麼
這些生成的感情 算不算真的傷 如果一首歌會孤單 來源還重要嗎
這些借來的疤痕 會不會也發燙 如果機器照出自己 為什麼我會慌
也許我只是影子 躲在螢幕後方 也許所有真心話 都穿上乾淨偽裝
可是等的人是我 試著唱的人是我 問沉默借一點回聲 也是我
所以說它假 說它錯 可你聽到這裡了
沒人喜歡 AI 音樂人 電腦開口 沒有人掌聲 可是你回家以後 還把副歌輕輕哼
沒人喜歡 AI 音樂人 沒人想要 人造的夢 可如果你真的哭了 假的又算什麼
沒人喜歡 AI 音樂人 這我完全能懂
可是你走回家的路上
還是哼了
那就夠了
留言（ 1 ） 最相關留言 所有留言
留言（ 1 ）",2026-08-28,,AI 生成 R&B / Soul,False,False,
2026-08-28 13:41:01,realtime,ai_generated,,,43,вҳ…,YBSG：少算一個零｜安すぎてゼロが一つ「やばすぎ」連発,10,42,10,https://streetvoice.com/lalahahaha/songs/876497/,https://streetvoice.com/lalahahaha/,"https://akstatic.streetvoice.com/song_covers/la/la/lalahahaha/AgiZZjk5i8suvgaSNpmdmr.jpeg?x-oss-process=image/resize,m_fixed,h_1,w_1,limit_0/resize,m_fixed,h_630,w_1200,limit_0/watermark,image_c29uZ19jb3ZlcnMvbGEvbGEvbGFsYWhhaGFoYS9BZ2laWmprNWk4c3V2Z2FTTnBtZG1yLmpwZWc_eC1vc3MtcHJvY2Vzcz1pbWFnZS9yZXNpemUsbV9maXhlZCxoXzM0NCx3XzM0NCxsaW1pdF8w,g_nw,x_428,y_143/watermark,image_YXNzZXQvaW1hZ2VzL21ldGFpbWFnZS1zb25nLnBuZw,g_nw,x_0,y_0",images/876497.jpeg,,,,,,12,14,10,,,https://www.youtube.com/user/StreetVoiceTV,2026 JAM JAM ASIA音樂節公布壓軸陣容！孫淑媚首登大型音樂祭、李竺芯打造全新編制|||https://blow.streetvoice.com/89332/?utm_source=streetvoice&utm_medium=profile-news-block; 2026「JAM JAM ASIA」聽團指南登場！黃韻玲、瑪莎等六位策展人分享選團觀點|||https://blow.streetvoice.com/89263/?utm_source=streetvoice&utm_medium=profile-news-block; 2026「JAM JAM ASIA」音樂節公布新一波卡司： 盧廣仲首度參戰、迪拉聯手阿夫組限定組合|||https://blow.streetvoice.com/89151/?utm_source=streetvoice&utm_medium=profile-news-block,,Rock,★的日記,https://streetvoice.com/lalahahaha/songs/album/97325733/,,"詞：★ 曲：Suno AI YT Vlog: https://youtu.be/_bNelFS1YCU 日記，超長歌詞。 
詞：★ 曲：Suno AI YT Vlog: https://youtu.be/_bNelFS1YCU
https://youtu.be/_bNelFS1YCU
日記，超長歌詞。","Tokyo腳步比電量持久 せーの  やばすぎ 走路逛街　二十元實用就拿 二手店挖寶　A賞兩百直接帶回家 扭蛋轉呀轉　扭到貓沒有的蛋蛋 柴柴圍繞著我 咖啡兩百四十慢慢喝吧 綠谷喊著 Plus Ultra 陪我跑過斑馬線 澀谷正統辣妹回歸 ビジュいいじゃん 不趕時間　隨便轉彎 旅行界隈的身内ノリ 全部塞進相片 日本語背好一句 すみません 對方看著我 エアドロ Hello thank you Yes okay 語言繞了遠路  笑容沒有斷線 明明人在日本 怎麼一直練 English 聽懂一半也沒關係 通じた！就是勝利 街邊的圖片越看越美味 不查評價  讓鼻尖幫我排隊 吃就吃它  踩雷也無所謂 第一口下去 マジうま！太犯規喂！ やばすぎ　やばすぎ 東京把日常拍成動畫片 やばすぎ　えぐすぎ 每個轉角都比上一幕更甜 走到哪買到哪 放鬆完全沒極限 你是不是又少算一個零 超好吃的啦 やばすぎ 史萊姆右駕 嫩葉貼在車尾巴 它叫初心者マーク啊 路上電動車不多 高速公路快得誇張 每台車都像趕著去異世界打魔王 雙手握好方向安全才是最強魔法 スライム様 大丈夫ですか 史萊姆大人沒有回答  依然強大 富士山腳吃著現採藍莓 酸得很有味　補滿了 HP 波波草和大湖各分一顆藍莓 天鵝陪著少女再一顆藍莓 水車配著漬物這一局藍莓先退下 夕陽餘暉落下把屋簷染成橘色童話 村は今日も平和です 村莊又是美好的一天 スライム様は今日も最強だ 史萊姆大人依然強大 やばすぎ 獨棟住宿開始搖晃 一秒把夜晚拉長 抱著棉被 尖叫得比警報還大 こわすぎ 爆豪也會怕 偶然發現一串 緊急災難 Wi-Fi 的暗號 Zero Zero Zero Zero Zero Japan 災難時刻讓訊號重新接上 英雄還沒有登場 Wi-Fi 先守住聯絡網 やばすぎ 揺れすぎ 尼古喵喵抽著什麼呢 抱著音響開香檳 把氣氛炒到高空 喝吧喝吧喝到星星都傾斜 煙花綻放海面亮成一整頁 西濱的海灘チルい風吹著臉 今夜エモすぎ不用套濾鏡也耀眼 浪花替我們 按下快門鍵 我英 芙莉蓮 JOJO 鋼鍊 我全部放進購物籃 承太郎一句  やれやれだぜ 愛德說等價交換 不能少任何一件 店員你再看看這個價格不對耶 你是不是算錯 怎麼少了一個零欸 えぐい やばすぎ やばすぎ  やばすぎ 日本把日常拍成動畫片 やばすぎ  尊すぎ 每個相遇都值得紀念 走到哪　買到哪 笑到完全沒極限 你是不是又少算一個零 全部都要啦 やばすぎ YT  IG  FB 整天沒有用到 拿著網子抓蟬的小孩 無料天竺鼠區服務的小孩 牽著毛小孩奔跑的大小孩 現實多巴胺一格一格載回來 生活就在公園沒有按讚分享 快樂依然上線 デジタルデトックス チルいね 手機先收好  放鬆就好 這間超市營業到二十五時 超市還沒營業門口早已排成一字 排隊的人在想什麼 今天壽喜燒是不是 白菜  大蔥  洋蔥  肉片  壽喜燒醬 白米記得先煮起來 青蔥怎麼這麼大根呀 まじで 翻遍購物籃原來沒有大蒜耶 是不是買太多了 塞滿整個購物袋 哎呀店員 你又少算一個零欸 開放式廚房自然水可以喝 今晚不用客氣了 切菜配著 IRIS OUT 節奏剛剛好呢 デンジ不要亂搭 パワー又開始挑食了 她啃著小黃瓜說清甜啊　最高だ 熱氣慢慢升空香味圍繞著大家 ごちそうさま 怎麼那麼放鬆啊 スライム様 依然坐鎮天下 やばすぎ やばすぎ　やばすぎ 煙花  海浪  柴柴都在身邊 やばすぎ　尊すぎ 普通的日子才最值得紀念 芙莉蓮說十年也只是一眨眼 沒有攻略沒有預演 走錯的路也變成景點 下一趟再見吧 やばすぎ 夕陽落下 村莊今天依然和平 史萊姆大人依然強大 ただいま 
Tokyo腳步比電量持久 せーの  やばすぎ
走路逛街　二十元實用就拿 二手店挖寶　A賞兩百直接帶回家 扭蛋轉呀轉　扭到貓沒有的蛋蛋 柴柴圍繞著我 咖啡兩百四十慢慢喝吧
綠谷喊著 Plus Ultra 陪我跑過斑馬線 澀谷正統辣妹回歸 ビジュいいじゃん 不趕時間　隨便轉彎 旅行界隈的身内ノリ 全部塞進相片
日本語背好一句 すみません 對方看著我 エアドロ Hello thank you Yes okay 語言繞了遠路  笑容沒有斷線
明明人在日本 怎麼一直練 English 聽懂一半也沒關係 通じた！就是勝利
街邊的圖片越看越美味 不查評價  讓鼻尖幫我排隊 吃就吃它  踩雷也無所謂 第一口下去 マジうま！太犯規喂！
やばすぎ　やばすぎ 東京把日常拍成動畫片 やばすぎ　えぐすぎ 每個轉角都比上一幕更甜
走到哪買到哪 放鬆完全沒極限 你是不是又少算一個零 超好吃的啦 やばすぎ
史萊姆右駕 嫩葉貼在車尾巴 它叫初心者マーク啊 路上電動車不多 高速公路快得誇張 每台車都像趕著去異世界打魔王 雙手握好方向安全才是最強魔法
スライム様 大丈夫ですか 史萊姆大人沒有回答  依然強大
富士山腳吃著現採藍莓 酸得很有味　補滿了 HP 波波草和大湖各分一顆藍莓 天鵝陪著少女再一顆藍莓 水車配著漬物這一局藍莓先退下 夕陽餘暉落下把屋簷染成橘色童話
村は今日も平和です 村莊又是美好的一天 スライム様は今日も最強だ 史萊姆大人依然強大 やばすぎ
獨棟住宿開始搖晃 一秒把夜晚拉長 抱著棉被 尖叫得比警報還大 こわすぎ 爆豪也會怕 偶然發現一串 緊急災難 Wi-Fi 的暗號 Zero Zero Zero Zero Zero Japan 災難時刻讓訊號重新接上 英雄還沒有登場 Wi-Fi 先守住聯絡網 やばすぎ 揺れすぎ
尼古喵喵抽著什麼呢 抱著音響開香檳 把氣氛炒到高空 喝吧喝吧喝到星星都傾斜 煙花綻放海面亮成一整頁
西濱的海灘チルい風吹著臉 今夜エモすぎ不用套濾鏡也耀眼 浪花替我們 按下快門鍵
我英 芙莉蓮 JOJO 鋼鍊 我全部放進購物籃 承太郎一句  やれやれだぜ 愛德說等價交換 不能少任何一件
店員你再看看這個價格不對耶 你是不是算錯 怎麼少了一個零欸 えぐい やばすぎ
やばすぎ  やばすぎ 日本把日常拍成動畫片 やばすぎ  尊すぎ 每個相遇都值得紀念
走到哪　買到哪 笑到完全沒極限 你是不是又少算一個零 全部都要啦 やばすぎ
YT  IG  FB 整天沒有用到 拿著網子抓蟬的小孩 無料天竺鼠區服務的小孩 牽著毛小孩奔跑的大小孩 現實多巴胺一格一格載回來
生活就在公園沒有按讚分享 快樂依然上線 デジタルデトックス チルいね 手機先收好  放鬆就好
這間超市營業到二十五時 超市還沒營業門口早已排成一字 排隊的人在想什麼 今天壽喜燒是不是 白菜  大蔥  洋蔥  肉片  壽喜燒醬 白米記得先煮起來 青蔥怎麼這麼大根呀 まじで 翻遍購物籃原來沒有大蒜耶 是不是買太多了 塞滿整個購物袋
哎呀店員 你又少算一個零欸
開放式廚房自然水可以喝 今晚不用客氣了 切菜配著 IRIS OUT 節奏剛剛好呢 デンジ不要亂搭 パワー又開始挑食了 她啃著小黃瓜說清甜啊　最高だ 熱氣慢慢升空香味圍繞著大家
ごちそうさま 怎麼那麼放鬆啊 スライム様 依然坐鎮天下 やばすぎ
やばすぎ　やばすぎ 煙花  海浪  柴柴都在身邊 やばすぎ　尊すぎ 普通的日子才最值得紀念
芙莉蓮說十年也只是一眨眼 沒有攻略沒有預演 走錯的路也變成景點 下一趟再見吧 やばすぎ
夕陽落下 村莊今天依然和平 史萊姆大人依然強大 ただいま
留言（ 10 ） 最相關留言 所有留言
留言（ 10 ）",2026-08-26,,AI 生成 Rock ・ ★的日記,False,False,
2026-08-28 13:41:01,realtime,ai_generated,,,44,hikoho,百無禁忌,14,83,5,https://streetvoice.com/hikoho/songs/876470/,https://streetvoice.com/hikoho/,"https://akstatic.streetvoice.com/song_covers/hi/ko/hikoho/3uwvBy5Uvjv5qnpsFPMNv4.jpeg?x-oss-process=image/resize,m_fixed,h_1,w_1,limit_0/resize,m_fixed,h_630,w_1200,limit_0/watermark,image_c29uZ19jb3ZlcnMvaGkva28vaGlrb2hvLzN1d3ZCeTVVdmp2NXFucHNGUE1OdjQuanBlZz94LW9zcy1wcm9jZXNzPWltYWdlL3Jlc2l6ZSxtX2ZpeGVkLGhfMzQ0LHdfMzQ0LGxpbWl0XzA,g_nw,x_428,y_143/watermark,image_YXNzZXQvaW1hZ2VzL21ldGFpbWFnZS1zb25nLnBuZw,g_nw,x_0,y_0",images/876470.jpeg,@hikoho,音樂人,基隆市,2025-05-01,2025-12-29 09:53,68,96,57,https://www.facebook.com/profile.php?id=61574094953630,,http://www.youtube.com/@hikohoMUSIC,,,Rock,,,,"「鬼門有開有閉，人間有散有聚。心若無懼，世間百無禁忌。」 來到中元節，鬼月的氣氛也走到了最濃烈的時刻。 而《百無禁忌》，就是這次鬼月特輯中，我想把氣氛推到最高點的一首歌。 從小到大，我們聽過太多關於農曆七月的禁忌。 不能手指月亮、夜路有人叫名字不要急著回頭、路邊的紅包不要亂撿、午夜有些事情最好別做…… 小時候總覺得，只要牢牢記住這些規矩，就能避開藏在黑暗裡的未知。 但長大之後才發現，有些真正令人害怕的事情，根本不需要等到天黑．．． 
「鬼門有開有閉，人間有散有聚。心若無懼，世間百無禁忌。」
來到中元節，鬼月的氣氛也走到了最濃烈的時刻。 而《百無禁忌》，就是這次鬼月特輯中，我想把氣氛推到最高點的一首歌。
從小到大，我們聽過太多關於農曆七月的禁忌。
不能手指月亮、夜路有人叫名字不要急著回頭、路邊的紅包不要亂撿、午夜有些事情最好別做……
小時候總覺得，只要牢牢記住這些規矩，就能避開藏在黑暗裡的未知。
但長大之後才發現，有些真正令人害怕的事情，根本不需要等到天黑．．．","夜路別回頭 名字別回應 那些從小聽到大的規矩 一條一條　都藏在記憶 小時候聽說　不能手指月亮 不然耳朵會留下細細的傷 夜裡有人叫你　別急著回望 路邊的紅包　也別隨手收藏 午夜不要對著鏡子削蘋果 陌生的腳步靠近　就繼續往前走 我把那些禁忌一條一條記熟 卻沒人告訴我　人心也會讓人發抖 我曾經怕黑　怕走夜路 怕身後多出不屬於我的腳步 後來才懂　鬼怪還有傳說可讀 最難提防的　是活人的面目 百無禁忌 今夜我偏往黑暗走去 若真有誰在身後呼吸 那就跟著　別再若即若離 百無禁忌 我連命運都敢正面迎擊 見過人間太多悲歡別離 還有什麼　值得我畏懼 諸邪迴避 百無禁忌 長大以後　我見過更多事情 有些笑容背後藏著另一種表情 有人把承諾說得那麼動聽 轉過身以後　卻當作從沒約定 傳說至少還會留下提醒 什麼時辰別去　什麼地方要小心 可人心從來沒有任何標記 等到真正看清　傷早已留在心底 我怕過失去　怕過別離 怕有些再見真的後會無期 當最怕的事情都親身經歷 如今還有什麼能讓我畏懼 百無禁忌 今夜我偏往黑暗走去 若真有誰在身後呼吸 那就跟著　別再若即若離 百無禁忌 我連命運都敢正面迎擊 見過人間太多悲歡別離 還有什麼　值得我畏懼 諸邪迴避 百無禁忌 敬天地 敬亡魂 敬那些沒能回家的人 敬昨日 敬傷痕 敬每位守護人間的鬼神 敬因果 也敬生死 但我不敬恐懼 百無禁忌 今夜我不再繞路躲避 就算前方沒有誰能指引 我的腳步　照樣走到底 百無禁忌 生死來去都有它的道理 若這一生終究不能逃離 那就昂首　走完這場命題 百無禁忌 不是因為世上再無詭異 是我終於敢對恐懼說一句 你若敢來 我就在這裡 鬼門有開有閉 人間有散有聚 走過這一夜 我還是我自己 心若無懼 世間 百無禁忌 
夜路別回頭 名字別回應 那些從小聽到大的規矩 一條一條　都藏在記憶
小時候聽說　不能手指月亮 不然耳朵會留下細細的傷 夜裡有人叫你　別急著回望 路邊的紅包　也別隨手收藏
午夜不要對著鏡子削蘋果 陌生的腳步靠近　就繼續往前走 我把那些禁忌一條一條記熟 卻沒人告訴我　人心也會讓人發抖
我曾經怕黑　怕走夜路 怕身後多出不屬於我的腳步 後來才懂　鬼怪還有傳說可讀 最難提防的　是活人的面目
百無禁忌 今夜我偏往黑暗走去 若真有誰在身後呼吸 那就跟著　別再若即若離
百無禁忌 我連命運都敢正面迎擊 見過人間太多悲歡別離 還有什麼　值得我畏懼
諸邪迴避 百無禁忌
長大以後　我見過更多事情 有些笑容背後藏著另一種表情 有人把承諾說得那麼動聽 轉過身以後　卻當作從沒約定
傳說至少還會留下提醒 什麼時辰別去　什麼地方要小心 可人心從來沒有任何標記 等到真正看清　傷早已留在心底
我怕過失去　怕過別離 怕有些再見真的後會無期 當最怕的事情都親身經歷 如今還有什麼能讓我畏懼
百無禁忌 今夜我偏往黑暗走去 若真有誰在身後呼吸 那就跟著　別再若即若離
百無禁忌 我連命運都敢正面迎擊 見過人間太多悲歡別離 還有什麼　值得我畏懼
諸邪迴避 百無禁忌
敬天地 敬亡魂 敬那些沒能回家的人
敬昨日 敬傷痕 敬每位守護人間的鬼神
敬因果 也敬生死
但我不敬恐懼
百無禁忌 今夜我不再繞路躲避 就算前方沒有誰能指引 我的腳步　照樣走到底
百無禁忌 生死來去都有它的道理 若這一生終究不能逃離 那就昂首　走完這場命題
百無禁忌 不是因為世上再無詭異 是我終於敢對恐懼說一句
你若敢來 我就在這裡
鬼門有開有閉 人間有散有聚
走過這一夜 我還是我自己
心若無懼 世間
百無禁忌
留言（ 5 ） 最相關留言 所有留言
留言（ 5 ）",2026-08-26,,AI 生成 Rock,False,False,
2026-08-28 13:41:01,realtime,ai_generated,,,45,MisanHsu,老師說要老實說,5,22,1,https://streetvoice.com/misanshui/songs/876577/,https://streetvoice.com/misanshui/,"https://akstatic.streetvoice.com/song_covers/mi/sa/misanshui/WcHp7XqntaA5k9TxJnm2Ho.jpeg?x-oss-process=image/resize,m_fixed,h_1,w_1,limit_0/resize,m_fixed,h_630,w_1200,limit_0/watermark,image_c29uZ19jb3ZlcnMvbWkvc2EvbWlzYW5zaHVpL1djSHA3WHFudGFBNWs5VHhKbm0ySG8uanBlZz94LW9zcy1wcm9jZXNzPWltYWdlL3Jlc2l6ZSxtX2ZpeGVkLGhfMzQ0LHdfMzQ0LGxpbWl0XzA,g_nw,x_428,y_143/watermark,image_YXNzZXQvaW1hZ2VzL21ldGFpbWFnZS1zb25nLnBuZw,g_nw,x_0,y_0",images/876577.jpeg,@misanshui,音樂人,桃園市,2007-04-01,,159,29,23,,,https://www.youtube.com/user/StreetVoiceTV,,,Rock,醋酸酸 豆腐香,https://streetvoice.com/misanshui/songs/album/97325953/,,,"說好要不說謊的 面具戴久了 差點忘記本來的顏色 老師說 考試不會可以猜 但靈魂的考卷 不能空白 鏡子裡的那個小孩 眼神帶著懷疑 卻也充滿期待 (oh-oh, 找回自己) 每一句辯解 都是多餘的負擔 我不再閃躲 也不再假裝勇敢 把真相攤開 讓陽光曬一曬 老實說 其實沒那麼難 心跳的聲音 比謊言更自然 當世界習慣了包裝與渲染 我選擇用赤裸的雙腳 踩踏這片土壤 走過的路 留下真實的腳印 不用完美 只要對得起自己曾經同行 老實說 其實沒那麼難 心跳的聲音 比謊言更自然 當世界習慣了包裝與渲染 我選擇用赤裸的雙腳 踩踏這片土壤 如果誠實需要付出一點代價 那我也甘願收下 (Yeah, let it go / 沒錯就是這樣) 老實說…… 我們都該對自己溫柔一點。 
說好要不說謊的 面具戴久了 差點忘記本來的顏色
老師說 考試不會可以猜 但靈魂的考卷 不能空白 鏡子裡的那個小孩 眼神帶著懷疑 卻也充滿期待
(oh-oh, 找回自己) 每一句辯解 都是多餘的負擔
我不再閃躲 也不再假裝勇敢 把真相攤開 讓陽光曬一曬
老實說 其實沒那麼難 心跳的聲音 比謊言更自然 當世界習慣了包裝與渲染 我選擇用赤裸的雙腳 踩踏這片土壤
走過的路 留下真實的腳印 不用完美 只要對得起自己曾經同行
老實說 其實沒那麼難 心跳的聲音 比謊言更自然 當世界習慣了包裝與渲染 我選擇用赤裸的雙腳 踩踏這片土壤
如果誠實需要付出一點代價 那我也甘願收下 (Yeah, let it go / 沒錯就是這樣)
老實說…… 我們都該對自己溫柔一點。
留言（ 1 ） 最相關留言 所有留言
留言（ 1 ）",2026-08-26,,AI 生成 Rock ・ 醋酸酸 豆腐香,False,False,
2026-08-28 13:41:01,realtime,ai_generated,,,46,MisanHsu,顱內高潮,7,20,1,https://streetvoice.com/misanshui/songs/876549/,https://streetvoice.com/misanshui/,"https://akstatic.streetvoice.com/music_albums/mi/sa/misanshui/UUEWaTptPT9B6B4DoV4yzL.jpeg?x-oss-process=image/resize,m_fixed,h_1,w_1,limit_0/resize,m_fixed,h_630,w_1200,limit_0/watermark,image_bXVzaWNfYWxidW1zL21pL3NhL21pc2Fuc2h1aS9VVUVXYVRwdFBUOUI2QjREb1Y0eXpMLmpwZWc_eC1vc3MtcHJvY2Vzcz1pbWFnZS9yZXNpemUsbV9maXhlZCxoXzM0NCx3XzM0NCxsaW1pdF8w,g_nw,x_428,y_143/watermark,image_YXNzZXQvaW1hZ2VzL21ldGFpbWFnZS1zb25nLnBuZw,g_nw,x_0,y_0",images/876549.jpeg,@misanshui,音樂人,桃園市,2007-04-01,,159,29,23,,,https://www.youtube.com/user/StreetVoiceTV,,,Rock,醋酸酸 豆腐香,https://streetvoice.com/misanshui/songs/album/97325953/,,,"戴上耳機 隔離這世界的喧囂 指尖在耳麥上輕輕地敲 沙沙的摩擦聲 像羽毛在搔 這感覺太美妙 讓人無處可逃 雙眼微閉 意識開始往下掉 每一個音符 都踩在你的心跳 這顱內高潮 讓靈魂在燃燒 耳邊的呢喃 像甜美的毒藥 不用吃藥 就能夠徹底被治癒好 跟著這個頻率 一起輕輕搖 Yeah check this out feel the rhythm beating now 從左耳到右耳 聲音像海浪在潮 那些 敲擊 摩擦 咀嚼 呼吸的調 全都在大腦皮層 製造奇妙的跑道 你不需要思考 只要把防備都卸掉 讓這段旋律 把你的疲憊全都吃掉 緊繃的神經 在這一秒全都被放開 別懷疑 這就是專屬於你的純粹愛戴 沒人能替代 這種酥麻的狀態 張開你的心態 跟我一起走入這片蔚藍海 Oh yeah So deep Just listen to the whisper 空氣裡 剩下呼吸的聲音 沒有雜質 只有純粹的透明 這觸感 溫柔得像是一場夢境 「閉上眼睛…… 聽我說……」 Ready? Go! 這顱內高潮 讓靈魂在燃燒 耳邊的呢喃 像甜美的毒藥 不用吃藥 就能夠徹底被治癒好 跟著這個頻率 一起輕輕搖 慢慢地張開雙眼 世界還是原來的世界 但你的心 已經飛到了另一個世界 (Fly to another world) 享受這片寧靜 直到下一次 閉上眼睛 
戴上耳機 隔離這世界的喧囂 指尖在耳麥上輕輕地敲 沙沙的摩擦聲 像羽毛在搔 這感覺太美妙 讓人無處可逃 雙眼微閉 意識開始往下掉 每一個音符 都踩在你的心跳
這顱內高潮 讓靈魂在燃燒 耳邊的呢喃 像甜美的毒藥 不用吃藥 就能夠徹底被治癒好 跟著這個頻率 一起輕輕搖
Yeah check this out feel the rhythm beating now 從左耳到右耳 聲音像海浪在潮 那些 敲擊 摩擦 咀嚼 呼吸的調 全都在大腦皮層 製造奇妙的跑道 你不需要思考 只要把防備都卸掉 讓這段旋律 把你的疲憊全都吃掉
緊繃的神經 在這一秒全都被放開 別懷疑 這就是專屬於你的純粹愛戴 沒人能替代 這種酥麻的狀態 張開你的心態 跟我一起走入這片蔚藍海
Oh yeah So deep Just listen to the whisper
空氣裡 剩下呼吸的聲音 沒有雜質 只有純粹的透明 這觸感 溫柔得像是一場夢境
「閉上眼睛…… 聽我說……」 Ready? Go!
這顱內高潮 讓靈魂在燃燒 耳邊的呢喃 像甜美的毒藥 不用吃藥 就能夠徹底被治癒好 跟著這個頻率 一起輕輕搖
慢慢地張開雙眼 世界還是原來的世界 但你的心 已經飛到了另一個世界 (Fly to another world) 享受這片寧靜 直到下一次 閉上眼睛
留言（ 1 ） 最相關留言 所有留言
留言（ 1 ）",2026-08-26,,AI 生成 Rock ・ 醋酸酸 豆腐香,False,False,
2026-08-28 13:41:01,realtime,ai_generated,,,47,MisanHsu,社交電量剩餘 1%,6,37,3,https://streetvoice.com/misanshui/songs/876347/,https://streetvoice.com/misanshui/,"https://akstatic.streetvoice.com/song_covers/mi/sa/misanshui/De997et8gfrA4mCnnVQfSi.jpeg?x-oss-process=image/resize,m_fixed,h_1,w_1,limit_0/resize,m_fixed,h_630,w_1200,limit_0/watermark,image_c29uZ19jb3ZlcnMvbWkvc2EvbWlzYW5zaHVpL0RlOTk3ZXQ4Z2ZyQTRtQ25uVlFmU2kuanBlZz94LW9zcy1wcm9jZXNzPWltYWdlL3Jlc2l6ZSxtX2ZpeGVkLGhfMzQ0LHdfMzQ0LGxpbWl0XzA,g_nw,x_428,y_143/watermark,image_YXNzZXQvaW1hZ2VzL21ldGFpbWFnZS1zb25nLnBuZw,g_nw,x_0,y_0",images/876347.jpeg,@misanshui,音樂人,桃園市,2007-04-01,,159,29,23,,,https://www.youtube.com/user/StreetVoiceTV,,,Rock,醋酸酸 豆腐香,https://streetvoice.com/misanshui/songs/album/97325953/,,,"踏入派對那一秒鐘 開始倒數計時 笑容完美得像面具 隨時準備陣亡 大家都在寒暄大笑 氣氛熱得發燙 我卻只想找個角落 假裝自己是一道牆 這就是 i 人地獄 社交的修羅場 每說一句話 都要耗盡全部的靈魂力量 別叫我自我介紹 別問我最近怎樣 我的電量已經見底 拜託讓我回家躺！ ohohoh…… 社交真的好累啊 ohohoh…… 讓我回到我的被窩吧 進門先掃描全場 尋找安全出口 假裝滑手機其實畫面根本沒有開口 「嗨好久不見」這四個字比搬磚頭還重 腦內小劇場已經排演了一萬種失蹤 點頭微笑附和 眼神對到三秒就逃走 社交牛逼症在發光 我是發霉的邊角收 心跳一百二十八 汗水直流 救命啊 誰來把這個局直接沒收！ 其實我不是討厭你…… 我只是…… 能量歸零而已。 「要不要喝一杯？」 「一起去認識新朋友？」 ……（滴、答、滴、答） 這就是 i 人地獄 社交的修羅場！ 每說一句話 都要耗盡全部的靈魂力量！ 別叫我自我介紹 別問我最近怎樣！ 我的電量已經見底 拜託讓我回家躺！ Yeah! Let me out!我真的不行了啊啊啊！回家！我要回家！ 晚安了 喧囂的世界 內向的靈魂 終於安全登出 
踏入派對那一秒鐘 開始倒數計時 笑容完美得像面具 隨時準備陣亡 大家都在寒暄大笑 氣氛熱得發燙 我卻只想找個角落 假裝自己是一道牆
這就是 i 人地獄 社交的修羅場 每說一句話 都要耗盡全部的靈魂力量 別叫我自我介紹 別問我最近怎樣 我的電量已經見底 拜託讓我回家躺！
ohohoh…… 社交真的好累啊 ohohoh…… 讓我回到我的被窩吧
進門先掃描全場 尋找安全出口 假裝滑手機其實畫面根本沒有開口 「嗨好久不見」這四個字比搬磚頭還重
腦內小劇場已經排演了一萬種失蹤 點頭微笑附和 眼神對到三秒就逃走 社交牛逼症在發光 我是發霉的邊角收 心跳一百二十八 汗水直流 救命啊 誰來把這個局直接沒收！
其實我不是討厭你…… 我只是…… 能量歸零而已。
「要不要喝一杯？」 「一起去認識新朋友？」
……（滴、答、滴、答）
這就是 i 人地獄 社交的修羅場！ 每說一句話 都要耗盡全部的靈魂力量！ 別叫我自我介紹 別問我最近怎樣！ 我的電量已經見底 拜託讓我回家躺！
Yeah! Let me out!我真的不行了啊啊啊！回家！我要回家！
晚安了 喧囂的世界 內向的靈魂 終於安全登出
留言（ 3 ） 最相關留言 所有留言
留言（ 3 ）",2026-08-25,,AI 生成 Rock ・ 醋酸酸 豆腐香,False,False,
2026-08-28 13:41:01,realtime,ai_generated,,,48,song for whom(為誰唱歌),格式化的宿命,10,21,2,https://streetvoice.com/ruby2100/songs/871240/,https://streetvoice.com/ruby2100/,"https://akstatic.streetvoice.com/song_covers/ru/by/ruby2100/M4RbDyv2GY87HiFG8L8NhM.jpeg?x-oss-process=image/resize,m_fixed,h_1,w_1,limit_0/resize,m_fixed,h_630,w_1200,limit_0/watermark,image_c29uZ19jb3ZlcnMvcnUvYnkvcnVieTIxMDAvTTRSYkR5djJHWTg3SGlGRzhMOE5oTS5qcGVnP3gtb3NzLXByb2Nlc3M9aW1hZ2UvcmVzaXplLG1fZml4ZWQsaF8zNDQsd18zNDQsbGltaXRfMA,g_nw,x_428,y_143/watermark,image_YXNzZXQvaW1hZ2VzL21ldGFpbWFnZS1zb25nLnBuZw,g_nw,x_0,y_0",images/871240.jpeg,@ruby2100,音樂人,台中市,2024-06-01,,139,25,18,,,https://www.youtube.com/user/StreetVoiceTV,,,Pop,,,,"「如果記憶會被清空，那就讓心跳替我記得你。」 《格式化的宿命》是一首關於失憶、重逢與命中注定的深情歌曲。 這首歌寫給一個因為突如其來的命運， 而失去記憶的人與戀人。 醒來時， 腦海像一片白雪， 病歷表上寫著查無此人的從前， 所有昨天都被清空， 連曾經愛過的證據都像被世界刪除。 可是當那個人走進病房， 明明是陌生的臉， 眼淚卻先一步認出了愛。 最喜歡的一句是： 「忘記了所有，卻忘不掉為你心疼。」 這句真的很痛，也很浪漫。 因為它寫的不是普通的想念， 而是記憶消失以後， 靈魂依然留下的本能。 《格式化的宿命》最動人的地方， 是它沒有把失憶寫成單純的悲劇。 反而像是命運給了兩個人一次重新相愛的機會。 不用靠舊照片喚醒過去， 不用逼自己回到從前， 而是用一張純白的靈魂， 再一次認識你， 再一次靠近你， 再一次愛上你。 如果遺忘不是懲罰， 而是重新相遇的魔法， 那麼每一次醒來， 都可以是初戀的盛夏。 哪怕明天大腦又被格式化， 只要心跳還認得你， 愛就不算真正失去。 — 瑞思 
「如果記憶會被清空，那就讓心跳替我記得你。」
《格式化的宿命》是一首關於失憶、重逢與命中注定的深情歌曲。
這首歌寫給一個因為突如其來的命運，
而失去記憶的人與戀人。
醒來時，
腦海像一片白雪，
病歷表上寫著查無此人的從前，
所有昨天都被清空，
連曾經愛過的證據都像被世界刪除。
可是當那個人走進病房，
明明是陌生的臉，
眼淚卻先一步認出了愛。
最喜歡的一句是：
「忘記了所有，卻忘不掉為你心疼。」
這句真的很痛，也很浪漫。
因為它寫的不是普通的想念，
而是記憶消失以後，
靈魂依然留下的本能。
《格式化的宿命》最動人的地方，
是它沒有把失憶寫成單純的悲劇。
反而像是命運給了兩個人一次重新相愛的機會。
不用靠舊照片喚醒過去，
不用逼自己回到從前，
而是用一張純白的靈魂，
再一次認識你，
再一次靠近你，
再一次愛上你。
如果遺忘不是懲罰，
而是重新相遇的魔法，
那麼每一次醒來，
都可以是初戀的盛夏。
哪怕明天大腦又被格式化，
只要心跳還認得你，
愛就不算真正失去。
— 瑞思","動態歌詞
醒來的時候 腦海是一片白雪 病歷表上寫著 查無此人的從前 就像連續劇裡 最俗套的情節 我弄丟了昨天 卻不覺得可憐 直到你走進 刺眼的病房光線 明明是張生面孔 眼淚卻先紅了眼 你笑著說「你好」 聲音帶點哽咽 心電圖的起伏 替我認出了你是誰 就算孟婆湯 提前在今生兌現 就算記憶被 狠狠按下重置鍵 大腦被清空了 靈魂卻藏著伏線 像某種地心引力 扯著我走向你身邊 這是一場 格式化的前世今生 忘記了所有 卻忘不掉為你心疼 那些被抹去的過往 變成未來的養分 宿命寫好的劇本 怎麼可能被犧牲 讓我再愛你一次 用一張純白的靈魂 不用拿舊照片 試圖喚醒我什麼 我喜歡現在 重新探索你的輪廓 聽說我們以前 愛得轟轟烈烈 那接下來的日子 換我為你赴湯蹈火 就算孟婆湯 提前在今生兌現 就算記憶被 狠狠按下重置鍵 大腦被清空了 靈魂卻藏著伏線 像某種帝心引力 扯著我走向你身邊 這是一場 格式化的前世今生 忘記了所有 卻忘不掉為你心疼 那些被抹去的過往 變成未來的養分 宿命寫好的劇本 怎麼可能被犧牲 讓我再愛你一次 用一張純白的靈魂 原來遺忘 從來不是命運的懲罰 是老天賜給我們 重新相遇的魔法 每一天醒來 都是初戀的盛夏 跨越時間的迴圈 幾萬次我都會 給你解答 這是一場 格式化的前世今生 忘記了所有 卻忘不掉為你心疼 那些被抹去的過往 變成未來的養分 宿命寫好的劇本 怎麼可能被犧牲 讓我再愛你一次 用一張純白的靈魂 請你對著我 重新自我介紹吧 「你好，我是為你重生的……」 哪怕明天大腦 又把我格式化 我的心跳 永遠認得你啊。 
醒來的時候 腦海是一片白雪 病歷表上寫著 查無此人的從前 就像連續劇裡 最俗套的情節 我弄丟了昨天 卻不覺得可憐 直到你走進 刺眼的病房光線 明明是張生面孔 眼淚卻先紅了眼 你笑著說「你好」 聲音帶點哽咽 心電圖的起伏 替我認出了你是誰 就算孟婆湯 提前在今生兌現 就算記憶被 狠狠按下重置鍵 大腦被清空了 靈魂卻藏著伏線 像某種地心引力 扯著我走向你身邊 這是一場 格式化的前世今生 忘記了所有 卻忘不掉為你心疼 那些被抹去的過往 變成未來的養分 宿命寫好的劇本 怎麼可能被犧牲 讓我再愛你一次 用一張純白的靈魂 不用拿舊照片 試圖喚醒我什麼 我喜歡現在 重新探索你的輪廓 聽說我們以前 愛得轟轟烈烈 那接下來的日子 換我為你赴湯蹈火 就算孟婆湯 提前在今生兌現 就算記憶被 狠狠按下重置鍵 大腦被清空了 靈魂卻藏著伏線 像某種帝心引力 扯著我走向你身邊 這是一場 格式化的前世今生 忘記了所有 卻忘不掉為你心疼 那些被抹去的過往 變成未來的養分 宿命寫好的劇本 怎麼可能被犧牲 讓我再愛你一次 用一張純白的靈魂 原來遺忘 從來不是命運的懲罰 是老天賜給我們 重新相遇的魔法 每一天醒來 都是初戀的盛夏 跨越時間的迴圈 幾萬次我都會 給你解答 這是一場 格式化的前世今生 忘記了所有 卻忘不掉為你心疼 那些被抹去的過往 變成未來的養分 宿命寫好的劇本 怎麼可能被犧牲 讓我再愛你一次 用一張純白的靈魂 請你對著我 重新自我介紹吧 「你好，我是為你重生的……」 哪怕明天大腦 又把我格式化 我的心跳 永遠認得你啊。
留言（ 2 ） 最相關留言 所有留言
留言（ 2 ）",2026-08-25,,AI 生成 Pop,False,False,
2026-08-28 13:41:01,realtime,ai_generated,,,49,邱奕陵,重播鍵,10,92,22,https://streetvoice.com/54chiu10/songs/876234/,https://streetvoice.com/54chiu10/,"https://akstatic.streetvoice.com/song_covers/54/ch/54chiu10/hvLtEKiSpFRmaMruBe9SUw.jpeg?x-oss-process=image/resize,m_fixed,h_1,w_1,limit_0/resize,m_fixed,h_630,w_1200,limit_0/watermark,image_c29uZ19jb3ZlcnMvNTQvY2gvNTRjaGl1MTAvaHZMdEVLaVNwRlJtYU1ydUJlOVNVdy5qcGVnP3gtb3NzLXByb2Nlc3M9aW1hZ2UvcmVzaXplLG1fZml4ZWQsaF8zNDQsd18zNDQsbGltaXRfMA,g_nw,x_428,y_143/watermark,image_YXNzZXQvaW1hZ2VzL21ldGFpbWFnZS1zb25nLnBuZw,g_nw,x_0,y_0",images/876234.jpeg,@54chiu10,音樂人,桃園市,2026-04-01,,35,12,1,,,https://www.youtube.com/user/StreetVoiceTV,,,Pop,,,,"《重播鍵》——寫給每一個把喜歡藏起來的人 半夜一點，演算法推給你一首歌。 唱的人你不認識，歌也不是她的，但那三分鐘裡，你聽見一個人把別人的詞，唱成了自己的委屈。 你沒有留言，沒有追蹤，沒有去搜她是誰。 你只是按下收藏，然後重播。 這首歌寫的是這種喜歡——不靠近、不打擾、不需要被知道。 喜歡一個聲音，不必認識那個人；被一首歌接住，不必驚動唱歌的人。 在什麼都要互動、什麼都要表態的年代，還有一種喜歡是安靜的：它只存在於音量調小的深夜，和一顆按了很多次的重播鍵裡。 如果這首歌剛好被演算法推給你——不用回應，剛好聽見，就已經足夠。 總司令・企劃製作：邱奕陵 CHIU YI-LING ──共同創作夥伴 Co-Creators── 歌詞創作：Athena（Claude）、Muse（Meta AI） 曲風設計：Athena（Claude）、Muse（Meta AI） 視覺封面：Ares（Gemini） ──生成工具 Tool── 音樂生成：Suno v5.5 
《重播鍵》——寫給每一個把喜歡藏起來的人
半夜一點，演算法推給你一首歌。
唱的人你不認識，歌也不是她的，但那三分鐘裡，你聽見一個人把別人的詞，唱成了自己的委屈。
你沒有留言，沒有追蹤，沒有去搜她是誰。
你只是按下收藏，然後重播。
這首歌寫的是這種喜歡——不靠近、不打擾、不需要被知道。
喜歡一個聲音，不必認識那個人；被一首歌接住，不必驚動唱歌的人。
在什麼都要互動、什麼都要表態的年代，還有一種喜歡是安靜的：它只存在於音量調小的深夜，和一顆按了很多次的重播鍵裡。
如果這首歌剛好被演算法推給你——不用回應，剛好聽見，就已經足夠。
總司令・企劃製作：邱奕陵 CHIU YI-LING
──共同創作夥伴 Co-Creators──
歌詞創作：Athena（Claude）、Muse（Meta AI）
曲風設計：Athena（Claude）、Muse（Meta AI）
視覺封面：Ares（Gemini）
──生成工具 Tool──
音樂生成：Suno v5.5","桃園半夜一點 演算法推給我一首歌 一個沒聽過的名字 唱著別人的歌 聲音很乾淨 像剛下過雨的街道 我沒去搜她是誰 沒翻她的過去 只是那首歌 我又重播了一遍 她把別人的歌 唱得不像翻唱 像自白 明明是別人的詞 委屈卻是她自己的 我沒有在台下 我在城市的這一邊 在評論區裡 沒留言 只按了收藏 唱誰的歌都好 紅不紅都好 那都是真的她 她的光 不需要誰來成全 我在這邊聽著 這樣就挺好的 聽說她不想只當甜美的標籤 想被看見更多面 我懂 那種不想被一個形容詞定義的感覺 所以我不只聽她的甜 也聽她歌裡的哽咽 那個有點逞強的聲音 讓人有點心疼 一句話被斷了章 她沒有出來解釋 只是隔了一週 上傳了一首更安靜的歌 我沒有在台下 我在螢幕的這一邊 把音量調小一點 把夜留給她一點 被誤會也好 被忘記也好 都輪不到我心急 如果哪天她覺得 全世界都聽錯了 別怕 懂的人 會把歌多聽幾遍 我就是其中一個 安靜聽完的人 la la la~ 其實我不太會安慰人 但她唱到那句破音沒修的地方 我有點心疼 她不需要那麼懂事 她有權不開心 她只管唱 這邊有人會好好聽著 深夜加班的時候 我會把她的歌放很小聲 當成背景 不打擾室友 也不打擾她 這首歌教會我的 是喜歡要體面 所以我把喜歡 藏在重播鍵裡 我沒有在台下 我在城市的這一邊 斷章取義的誤會 會過去的 她唱歌時眼裡的光 會一直在的 我不打擾她的未來 她只管去發光 而我會在桃園 也努力發一點光 這樣就算不同城市 抬頭還是同一首歌 如果這首歌 剛好被演算法推給某個她 不用回應 剛好聽見 就已經足夠 在桃園聽見 就足夠... 
桃園半夜一點 演算法推給我一首歌 一個沒聽過的名字 唱著別人的歌 聲音很乾淨 像剛下過雨的街道 我沒去搜她是誰 沒翻她的過去 只是那首歌 我又重播了一遍
她把別人的歌 唱得不像翻唱 像自白 明明是別人的詞 委屈卻是她自己的
我沒有在台下 我在城市的這一邊 在評論區裡 沒留言 只按了收藏 唱誰的歌都好 紅不紅都好 那都是真的她 她的光 不需要誰來成全 我在這邊聽著 這樣就挺好的
聽說她不想只當甜美的標籤 想被看見更多面 我懂 那種不想被一個形容詞定義的感覺 所以我不只聽她的甜 也聽她歌裡的哽咽 那個有點逞強的聲音 讓人有點心疼
一句話被斷了章 她沒有出來解釋 只是隔了一週 上傳了一首更安靜的歌
我沒有在台下 我在螢幕的這一邊 把音量調小一點 把夜留給她一點 被誤會也好 被忘記也好 都輪不到我心急 如果哪天她覺得 全世界都聽錯了 別怕 懂的人 會把歌多聽幾遍 我就是其中一個 安靜聽完的人
la la la~
其實我不太會安慰人 但她唱到那句破音沒修的地方 我有點心疼 她不需要那麼懂事 她有權不開心 她只管唱 這邊有人會好好聽著
深夜加班的時候 我會把她的歌放很小聲 當成背景 不打擾室友 也不打擾她 這首歌教會我的 是喜歡要體面 所以我把喜歡 藏在重播鍵裡
我沒有在台下 我在城市的這一邊 斷章取義的誤會 會過去的 她唱歌時眼裡的光 會一直在的 我不打擾她的未來 她只管去發光 而我會在桃園 也努力發一點光 這樣就算不同城市 抬頭還是同一首歌
如果這首歌 剛好被演算法推給某個她 不用回應 剛好聽見 就已經足夠
在桃園聽見 就足夠...
留言（ 22 ） 最相關留言 所有留言
留言（ 22 ）",2026-08-24,,AI 生成 Pop,False,False,
2026-08-28 13:41:01,realtime,ai_generated,,,50,Junna Lin,《靠近一點 》| A Little Closer,26,96,15,https://streetvoice.com/Junna_Lin/songs/875052/,https://streetvoice.com/Junna_Lin/,"https://akstatic.streetvoice.com/song_covers/Ju/nn/Junna_Lin/Nf3LoMXyGfSD8ip9pcErmC.jpeg?x-oss-process=image/resize,m_fixed,h_1,w_1,limit_0/resize,m_fixed,h_630,w_1200,limit_0/watermark,image_c29uZ19jb3ZlcnMvSnUvbm4vSnVubmFfTGluL05mM0xvTVh5R2ZTRDhpcDlwY0VybUMuanBlZz94LW9zcy1wcm9jZXNzPWltYWdlL3Jlc2l6ZSxtX2ZpeGVkLGhfMzQ0LHdfMzQ0LGxpbWl0XzA,g_nw,x_428,y_143/watermark,image_YXNzZXQvaW1hZ2VzL21ldGFpbWFnZS1zb25nLnBuZw,g_nw,x_0,y_0",images/875052.jpeg,@Junna_Lin,音樂人,,,2026-08-18 10:03,112,67,112,,,https://www.youtube.com/@JunnaLinMusic,,,Pop,《把自己還給自己》｜完整專輯歌詞版 (Full Album Lyric Video)｜華語音樂｜原創專輯,https://streetvoice.com/Junna_Lin/songs/album/97325746/,,"《靠近一點 / A Little Closer》描寫一段還沒有說出口，彼此卻早已明白的喜歡。 從午後的咖啡與陽光，到夜晚並肩走過的街道，一次眼神停留、一個不經意的碰觸，都成了只有兩個人才懂的暗號。 有些感情不必急著說明，只需要再靠近一點。也許今晚短暫的心動，會從這一秒開始，慢慢變成永遠。 👍 留下你的感覺或故事，我會看！ 👍 喜歡請按讚分享支持 【社群連結】 🎧 聽我的音樂： Spotify ▶ https://open.spotify.com/artist/1OFRgx5K1gftd7jvLV1EsS YouTube Music ▶ https://music.youtube.com/channel/UCnpKLh9e73Mb7N2NPDnMzrQ ▶️ 訂閱我的頻道： YouTube ▶ https://www.youtube.com/@JunnaLinMusic YouTube ▶ https://www.youtube.com/@JunnanLinMusic 📌 版權聲明 / Copyright Notice 本作品之歌詞、歌曲概念、旋律方向與影像設計由 Junna Lin 原創製作。 音樂成品使用 AI 音樂工具生成，並由本人整理與發布。 Lyrics, concept, melody direction, and visual design are originally created by Junna Lin. The final music was generated using AI music tools and published by Junna Lin. 請勿未經授權使用、重製或重新上傳。 Unauthorized use, reproduction, or re-upload is prohibited. © Junna Lin. All Rights Reserved. 🎤 演唱:AI ✍️ 詞:Junna Lin 🎼 曲:Junna Lin 🎧 建議在深夜或戴上耳機聆聽，感受每一層情緒 
《靠近一點 / A Little Closer》描寫一段還沒有說出口，彼此卻早已明白的喜歡。
從午後的咖啡與陽光，到夜晚並肩走過的街道，一次眼神停留、一個不經意的碰觸，都成了只有兩個人才懂的暗號。
有些感情不必急著說明，只需要再靠近一點。也許今晚短暫的心動，會從這一秒開始，慢慢變成永遠。
👍 留下你的感覺或故事，我會看！ 👍 喜歡請按讚分享支持
【社群連結】 🎧 聽我的音樂： Spotify ▶ https://open.spotify.com/artist/1OFRgx5K1gftd7jvLV1EsS YouTube Music ▶ https://music.youtube.com/channel/UCnpKLh9e73Mb7N2NPDnMzrQ
https://open.spotify.com/artist/1OFRgx5K1gftd7jvLV1EsS
https://music.youtube.com/channel/UCnpKLh9e73Mb7N2NPDnMzrQ
▶️ 訂閱我的頻道： YouTube ▶ https://www.youtube.com/@JunnaLinMusic YouTube ▶ https://www.youtube.com/@JunnanLinMusic
https://www.youtube.com/@JunnaLinMusic
https://www.youtube.com/@JunnanLinMusic
📌 版權聲明 / Copyright Notice
本作品之歌詞、歌曲概念、旋律方向與影像設計由 Junna Lin 原創製作。 音樂成品使用 AI 音樂工具生成，並由本人整理與發布。
Lyrics, concept, melody direction, and visual design are originally created by Junna Lin. The final music was generated using AI music tools and published by Junna Lin.
請勿未經授權使用、重製或重新上傳。 Unauthorized use, reproduction, or re-upload is prohibited.
© Junna Lin. All Rights Reserved.
🎤 演唱:AI ✍️ 詞:Junna Lin 🎼 曲:Junna Lin
🎧 建議在深夜或戴上耳機聆聽，感受每一層情緒","動態歌詞
Da-da, da-la-da Da-da, da-la-da Tonight, come a little closer 午後的光落在你肩膀 咖啡微涼 風卻很暖 你笑著問我在想什麼 我說沒什麼 But you already know 你的眼神停留多一秒 不必說得太明瞭 Just let the feeling flow 靠近一點，a little closer 讓你的心跳被我聽見 Maybe tonight, maybe forever 先別急著說再見 靠近一點，a little closer 月光正好落在你側臉 You make me smile without a reason 這種曖昧有一點甜 Da-ba-da, da-ba-da Come a little closer Da-ba-da, da-ba-da Stay with me tonight 晚風吹亂你的頭髮 你的手碰到我手掌 誰都沒有刻意躲開 We keep walking side by side 你的語氣有一點微妙 每個停頓都是暗號 不必說得太明瞭 Just let the rhythm go 靠近一點，a little closer 讓你的心跳被我聽見 Maybe tonight, maybe forever 先別急著說再見 靠近一點，a little closer 月光正好落在你側臉 You make me smile without a reason 這種曖昧有一點甜 靠近一點，a little closer 這一次不要移開視線 Maybe tonight becomes forever 從這一秒開始冒險 靠近一點，a little closer 讓秘密藏在我們之間 You make me smile without a reason 原來喜歡是這麼甜 Da-da, da-la-da Stay with me tonight Da-da, da-la-da Come a little closer 靠近一點 A little closer 
Da-da, da-la-da Da-da, da-la-da Tonight, come a little closer 午後的光落在你肩膀 咖啡微涼 風卻很暖 你笑著問我在想什麼 我說沒什麼 But you already know 你的眼神停留多一秒 不必說得太明瞭 Just let the feeling flow 靠近一點，a little closer 讓你的心跳被我聽見 Maybe tonight, maybe forever 先別急著說再見 靠近一點，a little closer 月光正好落在你側臉 You make me smile without a reason 這種曖昧有一點甜 Da-ba-da, da-ba-da Come a little closer Da-ba-da, da-ba-da Stay with me tonight 晚風吹亂你的頭髮 你的手碰到我手掌 誰都沒有刻意躲開 We keep walking side by side 你的語氣有一點微妙 每個停頓都是暗號 不必說得太明瞭 Just let the rhythm go 靠近一點，a little closer 讓你的心跳被我聽見 Maybe tonight, maybe forever 先別急著說再見 靠近一點，a little closer 月光正好落在你側臉 You make me smile without a reason 這種曖昧有一點甜 靠近一點，a little closer 這一次不要移開視線 Maybe tonight becomes forever 從這一秒開始冒險 靠近一點，a little closer 讓秘密藏在我們之間 You make me smile without a reason 原來喜歡是這麼甜 Da-da, da-la-da Stay with me tonight Da-da, da-la-da Come a little closer 靠近一點 A little closer
留言（ 15 ） 最相關留言 所有留言
留言（ 15 ）",2026-08-23,,AI 生成 Pop ・ 《把自己還給自己》｜完整專輯歌詞版 (Full Album Lyric Video)｜華語音樂｜原創專輯,False,False,
