snapshot_time,chart_timeframe,chart_genre,chart_year,chart_week,rank,artist_name,song_title,likes_count,play_count,comments_count,song_url,artist_url,cover_image_url,cover_image_local_path,artist_handle,artist_identity,artist_city,artist_joined_date,artist_accredited_datetime,artist_music_count,artist_fans_count,artist_following_count,artist_facebook_url,artist_instagram_url,artist_youtube_url,related_news,big_thing_appearances,genre,album_title,album_url,collaborators,description,lyrics,release_date,song_accredited_datetime,honors,is_editor_recommended,is_song_of_the_day,critic_review_url
2026-08-21 10:14:10,realtime,ai_generated,,,1,cmc168,一封未寄出的信  |  寫滿思念和你的身影  |,8,66,4,https://streetvoice.com/cmc168/songs/875572/,https://streetvoice.com/cmc168/,"https://akstatic.streetvoice.com/song_covers/cm/c1/cmc168/PDSxN4H29B3uMv9Jnsbett.jpeg?x-oss-process=image/resize,m_fixed,h_1,w_1,limit_0/resize,m_fixed,h_630,w_1200,limit_0/watermark,image_c29uZ19jb3ZlcnMvY20vYzEvY21jMTY4L1BEU3hONEgyOUIzdU12OUpuc2JldHQuanBlZz94LW9zcy1wcm9jZXNzPWltYWdlL3Jlc2l6ZSxtX2ZpeGVkLGhfMzQ0LHdfMzQ0LGxpbWl0XzA,g_nw,x_428,y_143/watermark,image_YXNzZXQvaW1hZ2VzL21ldGFpbWFnZS1zb25nLnBuZw,g_nw,x_0,y_0",images/875572.jpeg,@cmc168,音樂人,新北市,2026-04-01,,59,23,46,,,https://www.youtube.com/user/StreetVoiceTV,,,Pop,,,,,"[verse] 窗外細雨輕輕落， 心事隨風飄著走， 筆尖停在紙的角， 卻不敢寫下結果。 那些話語太溫熱， 燙在心頭像煙火， 每個字彷彿是錯， 卻不捨藏在角落。 [verse 2] 夜深孤燈照影寂， 心跳如歌卻無息， 紙上回憶不再清晰， 依舊留著昨日氣息。 時光叫我們別再提， 心中的夢藏進雲裡， 這封信像宿命開啟， 承載無法忘懷的你。 [chorus] 這是一封未寄出的信， 寫滿思念和你的身影， 每個字句都是我的用心， 卻被淚水模糊了字跡。 這是一場無聲的追尋， 告訴你 我多麼的真心， 但時間靜默像無情的風， 把信封永遠鎖進心中。 [bridge] 如果能重來那段光陰， 我會把信交到你手心， 即使答案刺痛了眼睛， 至少曾經不再是幻影。 [chorus] 這是一封未寄出的信， 寫滿愛意卻無法成形， 每個字句都是我的心， 卻只能藏在深處安靜。 這是一場孤單的宿命， 告訴你 我從未曾放棄， 讓回憶隨著時光沉重， 願這封信終能送進夢中。 [outro] 窗外細雨輕輕落， 心事隨風飄著走， 紙上的名字依稀， 依然是你的輪廓。 
[verse] 窗外細雨輕輕落， 心事隨風飄著走， 筆尖停在紙的角， 卻不敢寫下結果。 那些話語太溫熱， 燙在心頭像煙火， 每個字彷彿是錯， 卻不捨藏在角落。
[verse 2] 夜深孤燈照影寂， 心跳如歌卻無息， 紙上回憶不再清晰， 依舊留著昨日氣息。 時光叫我們別再提， 心中的夢藏進雲裡， 這封信像宿命開啟， 承載無法忘懷的你。
[chorus] 這是一封未寄出的信， 寫滿思念和你的身影， 每個字句都是我的用心， 卻被淚水模糊了字跡。 這是一場無聲的追尋， 告訴你 我多麼的真心， 但時間靜默像無情的風， 把信封永遠鎖進心中。
[bridge] 如果能重來那段光陰， 我會把信交到你手心， 即使答案刺痛了眼睛， 至少曾經不再是幻影。
[chorus] 這是一封未寄出的信， 寫滿愛意卻無法成形， 每個字句都是我的心， 卻只能藏在深處安靜。 這是一場孤單的宿命， 告訴你 我從未曾放棄， 讓回憶隨著時光沉重， 願這封信終能送進夢中。
[outro] 窗外細雨輕輕落， 心事隨風飄著走， 紙上的名字依稀， 依然是你的輪廓。
留言（ 4 ） 最相關留言 所有留言
留言（ 4 ）",2026-08-20,,AI 生成 Pop,False,False,
2026-08-21 10:14:10,realtime,ai_generated,,,2,Junna Lin,《過界》| Crossing the Line,9,36,9,https://streetvoice.com/Junna_Lin/songs/875649/,https://streetvoice.com/Junna_Lin/,"https://akstatic.streetvoice.com/song_covers/Ju/nn/Junna_Lin/NAXjrsTQpmvVq3qo4rdiXN.jpeg?x-oss-process=image/resize,m_fixed,h_1,w_1,limit_0/resize,m_fixed,h_630,w_1200,limit_0/watermark,image_c29uZ19jb3ZlcnMvSnUvbm4vSnVubmFfTGluL05BWGpyc1RRcG12VnEzcW80cmRpWE4uanBlZz94LW9zcy1wcm9jZXNzPWltYWdlL3Jlc2l6ZSxtX2ZpeGVkLGhfMzQ0LHdfMzQ0LGxpbWl0XzA,g_nw,x_428,y_143/watermark,image_YXNzZXQvaW1hZ2VzL21ldGFpbWFnZS1zb25nLnBuZw,g_nw,x_0,y_0",images/875649.jpeg,@Junna_Lin,音樂人,,,2026-08-18 10:03,25,14,24,,,https://www.youtube.com/@JunnaLinMusic,,,R&B / Soul,粵語歌,https://streetvoice.com/Junna_Lin/songs/album/97325884/,,"「明知再靠近就過界，偏偏冇人願意退開。」 如果係你，會守住嗰條界線，定係再行前一步？👀 留言話畀我知，《過界》邊一句歌詞最令你有感覺。 🔔 如果喜歡記得訂閱＋開啟小鈴鐺 👍 留下你的感覺或故事，我會看！ 👍 喜歡請按讚分享支持 【社群連結】 🎧 聽我的音樂： Spotify ▶ https://open.spotify.com/artist/1OFRgx5K1gftd7jvLV1EsS YouTube Music ▶ https://music.youtube.com/channel/UCnpKLh9e73Mb7N2NPDnMzrQ ▶️ 訂閱我的頻道： YouTube ▶ https://www.youtube.com/@JunnaLinMusic YouTube ▶ https://www.youtube.com/@JunnanLinMusic 🎵 更多作品： StreetVoice ▶ https://streetvoice.com/Junna_Lin/ 
「明知再靠近就過界，偏偏冇人願意退開。」
如果係你，會守住嗰條界線，定係再行前一步？👀 留言話畀我知，《過界》邊一句歌詞最令你有感覺。
🔔 如果喜歡記得訂閱＋開啟小鈴鐺 👍 留下你的感覺或故事，我會看！ 👍 喜歡請按讚分享支持
【社群連結】 🎧 聽我的音樂： Spotify ▶ https://open.spotify.com/artist/1OFRgx5K1gftd7jvLV1EsS YouTube Music ▶ https://music.youtube.com/channel/UCnpKLh9e73Mb7N2NPDnMzrQ
https://open.spotify.com/artist/1OFRgx5K1gftd7jvLV1EsS
https://music.youtube.com/channel/UCnpKLh9e73Mb7N2NPDnMzrQ
▶️ 訂閱我的頻道： YouTube ▶ https://www.youtube.com/@JunnaLinMusic YouTube ▶ https://www.youtube.com/@JunnanLinMusic
https://www.youtube.com/@JunnaLinMusic
https://www.youtube.com/@JunnanLinMusic
🎵 更多作品： StreetVoice ▶ https://streetvoice.com/Junna_Lin/
https://streetvoice.com/Junna_Lin/","動態歌詞
凌晨三點零七分 未熄嘅燈 未講嘅話 同你太近 Oh Too close Too close 玻璃窗倒影住 兩個身影 雨聲填滿車廂 所有安靜 你側過面 問我凍唔凍 我話冇事 卻將外套拉緊 電話震過一下 冇人想理 呢種距離 比答案更刺激 你笑得太輕 我聽得太清 連每下呼吸 都變成暗示 明明冇講過鍾意 氣氛早已洩露秘密 如果呢一刻係錯 點解冇人想停止 明知再靠近就過界 偏偏冇人願意退開 你嘅眼神太過坦白 比任何承諾更難抵賴 我哋唔需要被定義 任由情緒慢慢主宰 若然清醒只得一晚 唔好咁快醒返嚟 Don’t name it Don’t name it 一講出口就會破壞 Just feel it Just feel it 沉默比說話更實在 Too close Too close 明知危險仲唔避開 Too close Too close 我哋已經過界 杯入面嘅冰 慢慢溶掉 你指尖喺杯邊 畫住暗號 音樂太低 你說話太近 每一個字 都擦過耳邊 你話聽朝 各自回到日常 語氣似替今夜 預留退場 但你掌心 輕放我腰間 又點樣當作 從未發生 明明冇講過鍾意 身體卻誠實得徹底 如果呢一刻係錯 點解你仲未放低 明知再靠近就過界 偏偏冇人願意退開 你嘅眼神太過坦白 比任何承諾更難抵賴 我哋唔需要被定義 任由情緒慢慢主宰 若然清醒只得一晚 唔好咁快醒返嚟 其實我唔怕失去 只怕從來冇行近一步 若果熱烈只得短暫 至少呢刻唔需要退後 唔需要承諾 唔需要以後 只要你望住我 唔好再搵藉口 Too close 呼吸開始凌亂 Too close 理智慢慢消散 唔需要答案 唔需要分開 Just cross the line With me tonight 明知呢一步會過界 依然冇人願意退開 你嘅眼神太過坦白 所有秘密再藏唔起來 我哋唔需要被定義 任由情緒徹底主宰 若然清醒只得一晚 唔好咁快醒返嚟 Don’t name it Just feel it Too close Too close 我哋已經 過界 
凌晨三點零七分 未熄嘅燈 未講嘅話 同你太近 Oh Too close Too close 玻璃窗倒影住 兩個身影 雨聲填滿車廂 所有安靜 你側過面 問我凍唔凍 我話冇事 卻將外套拉緊 電話震過一下 冇人想理 呢種距離 比答案更刺激 你笑得太輕 我聽得太清 連每下呼吸 都變成暗示 明明冇講過鍾意 氣氛早已洩露秘密 如果呢一刻係錯 點解冇人想停止 明知再靠近就過界 偏偏冇人願意退開 你嘅眼神太過坦白 比任何承諾更難抵賴 我哋唔需要被定義 任由情緒慢慢主宰 若然清醒只得一晚 唔好咁快醒返嚟 Don’t name it Don’t name it 一講出口就會破壞 Just feel it Just feel it 沉默比說話更實在 Too close Too close 明知危險仲唔避開 Too close Too close 我哋已經過界 杯入面嘅冰 慢慢溶掉 你指尖喺杯邊 畫住暗號 音樂太低 你說話太近 每一個字 都擦過耳邊 你話聽朝 各自回到日常 語氣似替今夜 預留退場 但你掌心 輕放我腰間 又點樣當作 從未發生 明明冇講過鍾意 身體卻誠實得徹底 如果呢一刻係錯 點解你仲未放低 明知再靠近就過界 偏偏冇人願意退開 你嘅眼神太過坦白 比任何承諾更難抵賴 我哋唔需要被定義 任由情緒慢慢主宰 若然清醒只得一晚 唔好咁快醒返嚟 其實我唔怕失去 只怕從來冇行近一步 若果熱烈只得短暫 至少呢刻唔需要退後 唔需要承諾 唔需要以後 只要你望住我 唔好再搵藉口 Too close 呼吸開始凌亂 Too close 理智慢慢消散 唔需要答案 唔需要分開 Just cross the line With me tonight 明知呢一步會過界 依然冇人願意退開 你嘅眼神太過坦白 所有秘密再藏唔起來 我哋唔需要被定義 任由情緒徹底主宰 若然清醒只得一晚 唔好咁快醒返嚟 Don’t name it Just feel it Too close Too close 我哋已經 過界
留言（ 9 ） 最相關留言 所有留言
留言（ 9 ）",2026-08-21,,AI 生成 R&B / Soul ・ 粵語歌,False,False,
2026-08-21 10:14:10,realtime,ai_generated,,,3,純音樂,微風飄飄  |  輕音樂  |,8,48,0,https://streetvoice.com/sv430531/songs/875583/,https://streetvoice.com/sv430531/,"https://akstatic.streetvoice.com/song_covers/sv/43/sv430531/HYrnq29cLNmN4RnumvfKo5.jpeg?x-oss-process=image/resize,m_fixed,h_1,w_1,limit_0/resize,m_fixed,h_630,w_1200,limit_0/watermark,image_c29uZ19jb3ZlcnMvc3YvNDMvc3Y0MzA1MzEvSFlybnEyOWNMTm1ONFJudW12ZktvNS5qcGVnP3gtb3NzLXByb2Nlc3M9aW1hZ2UvcmVzaXplLG1fZml4ZWQsaF8zNDQsd18zNDQsbGltaXRfMA,g_nw,x_428,y_143/watermark,image_YXNzZXQvaW1hZ2VzL21ldGFpbWFnZS1zb25nLnBuZw,g_nw,x_0,y_0",images/875583.jpeg,@sv430531,音樂人,新北市,2026-05-01,,59,34,57,,,https://www.youtube.com/user/StreetVoiceTV,「帥氣認真的純音樂演奏樂團」體熊專科推出五專《Topic 5: 召喚 Calling》 再邀北城浩志操刀混音後製|||https://blow.streetvoice.com/76130/?utm_source=streetvoice&utm_medium=profile-news-block; 展現音樂 + 小說的世界觀 地底樂團發行純音樂單曲|||https://blow.streetvoice.com/25263/?utm_source=streetvoice&utm_medium=profile-news-block; Omicron 話梅鹿 Last Digits 用純音樂演奏鋪陳聽覺饗宴|||https://blow.streetvoice.com/15807/?utm_source=streetvoice&utm_medium=profile-news-block,,Soundtrack / New age,,,cmc168,,"無歌詞 
無歌詞
留言（ 0 ） 最相關留言 所有留言
留言（ 0 ）",2026-08-20,,AI 生成 Soundtrack / New age,False,False,
2026-08-21 10:14:10,realtime,ai_generated,,,4,Sakae,成全 Verse49,15,142,12,https://streetvoice.com/sakae25/songs/875380/,https://streetvoice.com/sakae25/,"https://akstatic.streetvoice.com/music_albums/sa/ka/sakae25/2ZH2NCvziemeuXzUGTSzAf.jpeg?x-oss-process=image/resize,m_fixed,h_1,w_1,limit_0/resize,m_fixed,h_630,w_1200,limit_0/watermark,image_bXVzaWNfYWxidW1zL3NhL2thL3Nha2FlMjUvMlpIMk5DdnppZW1ldVh6VUdUU3pBZi5qcGVnP3gtb3NzLXByb2Nlc3M9aW1hZ2UvcmVzaXplLG1fZml4ZWQsaF8zNDQsd18zNDQsbGltaXRfMA,g_nw,x_428,y_143/watermark,image_YXNzZXQvaW1hZ2VzL21ldGFpbWFnZS1zb25nLnBuZw,g_nw,x_0,y_0",images/875380.jpeg,@sakae25,音樂人,台北市,2007-08-01,2025-06-16 14:04,75,234,75,,https://www.instagram.com/mr.sakae,https://youtube.com/@sakae_poet,,,Folk,法句經 ④ 花品,https://streetvoice.com/sakae25/songs/album/97325652/,,"吝嗇富翁憍尸羅躲在樓頂烤餅，不願與人分享。佛陀派大目犍連尊者前往，引導夫妻帶著烤餅到祇樹給孤獨園，供養佛陀與五百位比丘。聽聞布施的佛法後，兩人證得初果。——《法句經》故事集 4-5 Verse 49 用極簡空靈室內樂描繪夏日盛放。 保留大量停頓與留白，在未解的餘韻中淡入寂靜， 為炙熱的欲望帶來一絲清涼。 成全｜是寫給給予者與接受者的歌： 一個練習捨，一個練習不貪取， 讓彼此都能保有自己的花香。 給予，會讓自己變少嗎？ 答案在《聽法句說故事》Podcast EP37 憍尸羅〈佛陀談吝嗇與布施〉 —— 新集數／即將上架 —— https://linkgoods.com/dhammapada 佛陀其實很chill～ 滑到這裡，不如聽一集。 
吝嗇富翁憍尸羅躲在樓頂烤餅，不願與人分享。佛陀派大目犍連尊者前往，引導夫妻帶著烤餅到祇樹給孤獨園，供養佛陀與五百位比丘。聽聞布施的佛法後，兩人證得初果。——《法句經》故事集 4-5 Verse 49
用極簡空靈室內樂描繪夏日盛放。 保留大量停頓與留白，在未解的餘韻中淡入寂靜， 為炙熱的欲望帶來一絲清涼。
成全｜是寫給給予者與接受者的歌： 一個練習捨，一個練習不貪取， 讓彼此都能保有自己的花香。
給予，會讓自己變少嗎？ 答案在《聽法句說故事》Podcast EP37 憍尸羅〈佛陀談吝嗇與布施〉 —— 新集數／即將上架 —— https://linkgoods.com/dhammapada 佛陀其實很chill～ 滑到這裡，不如聽一集。
https://linkgoods.com/dhammapada","Yathā pi bhamaro pupphaṃ vaṇṇagandhaṃ aheṭhayaṃ paleti rasamādāya evaṃ gāme munī care 夏日的光　在晨風裡落下 盛放的枝頭　輕輕迎向朝霞 蜜蜂飛來　輕落花蕊旁 取走一滴蜜香 也把花粉帶向遠方 你給我的芬芳　我安放在心上 不讓你的溫柔　成為理所應當 我帶走所需　也守護你的花香 讓這份善意　隨夏風飄去他方 取蜜一滴　留花一朵 夏日在你我指尖慢慢延長 你給的愛　我好好收藏 彼此成全　一生繁華更長 取蜜一滴　留花一朵 讓每顆心回到自己的地方 你給的愛　我好好收藏 彼此成全　因我綻放光芒 Yathā pi bhamaro pupphaṃ vaṇṇagandhaṃ aheṭhayaṃ paleti rasamādāya evaṃ gāme munī care Gāme munī care 取蜜一滴　留花一朵 夏日在你我指尖慢慢延長 你給的愛　我好好收藏 彼此成全　一生繁華更長 取蜜一滴　留花一朵 讓每顆心回到自己的地方 你給的愛　我好好收藏 彼此成全　因我綻放光芒 Yathā pi bhamaro pupphaṃ vaṇṇagandhaṃ aheṭhayaṃ paleti rasamādāya evaṃ gāme munī care Gāme munī care Gāme munī care 
Yathā pi bhamaro pupphaṃ vaṇṇagandhaṃ aheṭhayaṃ paleti rasamādāya evaṃ gāme munī care
夏日的光　在晨風裡落下 盛放的枝頭　輕輕迎向朝霞 蜜蜂飛來　輕落花蕊旁 取走一滴蜜香 也把花粉帶向遠方
你給我的芬芳　我安放在心上 不讓你的溫柔　成為理所應當 我帶走所需　也守護你的花香 讓這份善意　隨夏風飄去他方
取蜜一滴　留花一朵 夏日在你我指尖慢慢延長 你給的愛　我好好收藏 彼此成全　一生繁華更長
取蜜一滴　留花一朵 讓每顆心回到自己的地方 你給的愛　我好好收藏 彼此成全　因我綻放光芒
Yathā pi bhamaro pupphaṃ vaṇṇagandhaṃ aheṭhayaṃ paleti rasamādāya evaṃ gāme munī care
Gāme munī care
取蜜一滴　留花一朵 夏日在你我指尖慢慢延長 你給的愛　我好好收藏 彼此成全　一生繁華更長
取蜜一滴　留花一朵 讓每顆心回到自己的地方 你給的愛　我好好收藏 彼此成全　因我綻放光芒
Yathā pi bhamaro pupphaṃ vaṇṇagandhaṃ aheṭhayaṃ paleti rasamādāya evaṃ gāme munī care
Gāme munī care Gāme munī care
留言（ 12 ） 最相關留言 所有留言
留言（ 12 ）",2026-08-19,,AI 生成 Folk ・ 法句經 ④ 花品,False,False,
2026-08-21 10:14:10,realtime,ai_generated,,,5,sky music time,我還在,7,51,4,https://streetvoice.com/skymusictime/songs/875501/,https://streetvoice.com/skymusictime/,"https://akstatic.streetvoice.com/song_covers/sk/ym/skymusictime/RSkzwLqsNR9DMwQem8Ywsm.jpeg?x-oss-process=image/resize,m_fixed,h_1,w_1,limit_0/resize,m_fixed,h_630,w_1200,limit_0/watermark,image_c29uZ19jb3ZlcnMvc2sveW0vc2t5bXVzaWN0aW1lL1JTa3p3THFzTlI5RE13UWVtOFl3c20uanBlZz94LW9zcy1wcm9jZXNzPWltYWdlL3Jlc2l6ZSxtX2ZpeGVkLGhfMzQ0LHdfMzQ0LGxpbWl0XzA,g_nw,x_428,y_143/watermark,image_YXNzZXQvaW1hZ2VzL21ldGFpbWFnZS1zb25nLnBuZw,g_nw,x_0,y_0",images/875501.jpeg,@skymusictime,音樂人,,,,6,4,3,,,https://www.youtube.com/user/StreetVoiceTV,2024是台灣後搖復興年？從小白兔唱片到「後謠景像詩」，盤點台灣後搖滾策展推手|||https://blow.streetvoice.com/72750/?utm_source=streetvoice&utm_medium=profile-news-block; FKJ、The fin.、宇多田光⋯⋯2024 來台演出、售票資訊大彙整！（持續更新）|||https://blow.streetvoice.com/72249/?utm_source=streetvoice&utm_medium=profile-news-block; 【年度回顧】大嘻哈時代2、AI音樂、#MeToo、鐵花關村⋯⋯盤點2023年台灣音樂事件|||https://blow.streetvoice.com/71632/?utm_source=streetvoice&utm_medium=profile-news-block,,Pop,,,,"世界忘了我，沒問題! 你也忘了我，沒問題! 為了你的幸福未來， 忘了我也好。 只是......我還在 我一直都在 只為了你而存在。 
世界忘了我，沒問題! 你也忘了我，沒問題! 為了你的幸福未來， 忘了我也好。 只是......我還在 我一直都在 只為了你而存在。","動態歌詞
我站在街角 遠遠看著 你走進迷濛 消失在夜色裡 那晚遇見你 出現在我眼前 多年沒見面 你笑得很自然 眼神裡的我 只是個普通路人 我以為 時間已抹掉記憶 只是你 早就烙印在心底 我明白 有些愛不必靠近 我想要 不打擾的守護你 你忘了我 我還在 你不必知道 我存在 世界忘了我 也無妨 只要你幸福 才是最重要的事 總有一些人 不必留在左右 我可以像陌生人 走過你的身後 在你沒注意的地方 替你擋住寒流 沒想有這天 你真的忘了我 忘了有那個人 曾陪你走過 沒有關係 沒問題 我不需要被記得 只要你的明天 比今天更幸福 那就好 你忘了我 我還在 世界忘了我 我還在 你不必知道 我守著你 你只要幸福 就可以 我還在 我還在 你看不見 我還在 你沒等待 我還在 我不是誰 也不必記得我是誰 只想看你 好好開心地過生活 就算世界 忘了我 就算你也忘了我 我還在 我一直都在 你的未來忘記了我 我還是 一直都在 若你的幸福 需要一個無名英雄 那個人 我想就是我 Oh~baby 你忘了我 我還在 世界忘了我 我還在 你不必知道 我守著你 看著你幸福 我願意 不留下蹤跡 我守著你 只留下祝福 陪著你 一直 一直在你身後 守護你 我還在 我一直都在 
我站在街角 遠遠看著 你走進迷濛 消失在夜色裡
那晚遇見你 出現在我眼前 多年沒見面 你笑得很自然 眼神裡的我 只是個普通路人
我以為 時間已抹掉記憶 只是你 早就烙印在心底
我明白 有些愛不必靠近 我想要 不打擾的守護你
你忘了我 我還在 你不必知道 我存在 世界忘了我 也無妨 只要你幸福 才是最重要的事
總有一些人 不必留在左右 我可以像陌生人 走過你的身後 在你沒注意的地方 替你擋住寒流
沒想有這天 你真的忘了我 忘了有那個人 曾陪你走過 沒有關係 沒問題 我不需要被記得 只要你的明天 比今天更幸福 那就好
你忘了我 我還在 世界忘了我 我還在 你不必知道 我守著你 你只要幸福 就可以
我還在 我還在 你看不見 我還在 你沒等待 我還在
我不是誰 也不必記得我是誰 只想看你 好好開心地過生活
就算世界 忘了我 就算你也忘了我 我還在 我一直都在 你的未來忘記了我 我還是 一直都在
若你的幸福 需要一個無名英雄 那個人 我想就是我
Oh~baby 你忘了我 我還在 世界忘了我 我還在 你不必知道 我守著你 看著你幸福 我願意 不留下蹤跡 我守著你 只留下祝福 陪著你 一直 一直在你身後 守護你
我還在 我一直都在
留言（ 4 ） 最相關留言 所有留言
留言（ 4 ）",2026-08-20,,AI 生成 Pop,False,False,
2026-08-21 10:14:10,realtime,ai_generated,,,6,cmc168,微風飄飄 | 帶走我的憂傷 |,9,81,2,https://streetvoice.com/cmc168/songs/875550/,https://streetvoice.com/cmc168/,"https://akstatic.streetvoice.com/song_covers/cm/c1/cmc168/37icgTAQuLLRdwfZ4BSnrZ.jpeg?x-oss-process=image/resize,m_fixed,h_1,w_1,limit_0/resize,m_fixed,h_630,w_1200,limit_0/watermark,image_c29uZ19jb3ZlcnMvY20vYzEvY21jMTY4LzM3aWNnVEFRdUxMUmR3Zlo0QlNuclouanBlZz94LW9zcy1wcm9jZXNzPWltYWdlL3Jlc2l6ZSxtX2ZpeGVkLGhfMzQ0LHdfMzQ0LGxpbWl0XzA,g_nw,x_428,y_143/watermark,image_YXNzZXQvaW1hZ2VzL21ldGFpbWFnZS1zb25nLnBuZw,g_nw,x_0,y_0",images/875550.jpeg,@cmc168,音樂人,新北市,2026-04-01,,59,23,46,,,https://www.youtube.com/user/StreetVoiceTV,,,Pop,,,,"誤打誤撞，無意間以國樂伴奏，卻是絕配。 
誤打誤撞，無意間以國樂伴奏，卻是絕配。","[Verse] 街角的微風 輕輕拂面 遠處的夕陽 藏進雲煙 每一個眼神 都是謎題 每一句話語 藏著秘密 [Verse 2] 夜空的星光 閃爍盈盈 呼吸的空氣 甜美清新 每一個心跳 是種悸動 每一個步伐 走向感動 [Chorus] 微風飄飄 帶走我的憂傷 心中的希望 帶著我飛翔 時間就像流水 匆匆不返 我們的愛情 永不被阻攔 [Verse 3] 路邊的花兒 靜靜搖晃 長出了 對未來的渴望 每一次遇見 都是奇蹟 每一次分開 都是期許 [Bridge] 回憶像煙火 瞬間繽紛 未來像彩虹 七彩神奇 每一個夢想 是種勇氣 每一個承諾 留在心底 [Chorus] 微風飄飄 帶走我的憂傷 心中的希望 帶著我飛翔 時間就像流水 匆匆不返 我們的愛情 永不被阻攔 
[Verse] 街角的微風 輕輕拂面 遠處的夕陽 藏進雲煙 每一個眼神 都是謎題 每一句話語 藏著秘密
[Verse 2] 夜空的星光 閃爍盈盈 呼吸的空氣 甜美清新 每一個心跳 是種悸動 每一個步伐 走向感動
[Chorus] 微風飄飄 帶走我的憂傷 心中的希望 帶著我飛翔 時間就像流水 匆匆不返 我們的愛情 永不被阻攔
[Verse 3] 路邊的花兒 靜靜搖晃 長出了 對未來的渴望 每一次遇見 都是奇蹟 每一次分開 都是期許
[Bridge] 回憶像煙火 瞬間繽紛 未來像彩虹 七彩神奇 每一個夢想 是種勇氣 每一個承諾 留在心底
[Chorus] 微風飄飄 帶走我的憂傷 心中的希望 帶著我飛翔 時間就像流水 匆匆不返 我們的愛情 永不被阻攔
留言（ 2 ） 最相關留言 所有留言
留言（ 2 ）",2026-08-20,,AI 生成 Pop,False,False,
2026-08-21 10:14:10,realtime,ai_generated,,,7,荷荷 HerHer,阿給小情歌,3,43,9,https://streetvoice.com/yellow_lime/songs/875451/,https://streetvoice.com/yellow_lime/,"https://akstatic.streetvoice.com/song_covers/ye/ll/yellow_lime/jhtkV6CaGHWoweSBcaxMtA.jpg?x-oss-process=image/resize,m_fixed,h_1,w_1,limit_0/resize,m_fixed,h_630,w_1200,limit_0/watermark,image_c29uZ19jb3ZlcnMveWUvbGwveWVsbG93X2xpbWUvamh0a1Y2Q2FHSFdvd2VTQmNheE10QS5qcGc_eC1vc3MtcHJvY2Vzcz1pbWFnZS9yZXNpemUsbV9maXhlZCxoXzM0NCx3XzM0NCxsaW1pdF8w,g_nw,x_428,y_143/watermark,image_YXNzZXQvaW1hZ2VzL21ldGFpbWFnZS1zb25nLnBuZw,g_nw,x_0,y_0",images/875451.jpg,@yellow_lime,音樂人,,,,5,14,24,,,https://www.youtube.com/user/StreetVoiceTV,,,Pop,,,,"歌詞：荷荷HerHer 製作：荷荷HerHer /AI 
歌詞：荷荷HerHer 製作：荷荷HerHer /AI","透明的粉絲 珊瑚橘的醬汁 我站在淡水 跑來排隊吃阿給 阿給阿給 我對你好有感覺 阿給阿給 請你給我一個機會 阿給阿給 我對你好有感覺 阿給阿給 請你給我一個機會 阿 給 我一個擁有你的機會 擁有你彷彿擁有整條淡水老街 擁有你彷彿擁有整條淡水老街 透明的粉絲 珊瑚橘的醬汁 我站在淡水 跑來排隊吃阿給 阿給阿給 我對你好有感覺 阿給阿給 請你給我一個機會 阿給阿給 我對你好有感覺 阿給阿給 請你給我一個機會 阿 給 我一個擁有你的機會 擁有你彷彿擁有整條淡水老街 擁有你彷彿擁有整條淡水老街 
透明的粉絲 珊瑚橘的醬汁 我站在淡水 跑來排隊吃阿給
阿給阿給 我對你好有感覺 阿給阿給 請你給我一個機會
阿給阿給 我對你好有感覺 阿給阿給 請你給我一個機會
阿 給 我一個擁有你的機會 擁有你彷彿擁有整條淡水老街
擁有你彷彿擁有整條淡水老街
透明的粉絲 珊瑚橘的醬汁 我站在淡水 跑來排隊吃阿給
阿給阿給 我對你好有感覺 阿給阿給 請你給我一個機會
阿給阿給 我對你好有感覺 阿給阿給 請你給我一個機會
阿 給 我一個擁有你的機會 擁有你彷彿擁有整條淡水老街
擁有你彷彿擁有整條淡水老街
留言（ 9 ） 最相關留言 所有留言
留言（ 9 ）",2026-08-19,,AI 生成 Pop,False,False,
2026-08-21 10:14:10,realtime,ai_generated,,,8,cmc168,真好，今天又見陽光 | 返老還童系列之一,11,70,6,https://streetvoice.com/cmc168/songs/875458/,https://streetvoice.com/cmc168/,"https://akstatic.streetvoice.com/song_covers/cm/c1/cmc168/7jkMBLTm3hizqwR7skVrfE.jpeg?x-oss-process=image/resize,m_fixed,h_1,w_1,limit_0/resize,m_fixed,h_630,w_1200,limit_0/watermark,image_c29uZ19jb3ZlcnMvY20vYzEvY21jMTY4Lzdqa01CTFRtM2hpenF3Ujdza1ZyZkUuanBlZz94LW9zcy1wcm9jZXNzPWltYWdlL3Jlc2l6ZSxtX2ZpeGVkLGhfMzQ0LHdfMzQ0LGxpbWl0XzA,g_nw,x_428,y_143/watermark,image_YXNzZXQvaW1hZ2VzL21ldGFpbWFnZS1zb25nLnBuZw,g_nw,x_0,y_0",images/875458.jpeg,@cmc168,音樂人,新北市,2026-04-01,,59,23,46,,,https://www.youtube.com/user/StreetVoiceTV,,,Folk,,,,"類似進行曲，有活力感。 又像宗教曲，有神聖感。 真誠的歌聲，有純真感。 副歌的合聲，有陪同感。 
類似進行曲，有活力感。 又像宗教曲，有神聖感。 真誠的歌聲，有純真感。 副歌的合聲，有陪同感。","[verse 1] 真好，今天又見到陽光， 心情如花開滿枝旁， 歲月如歌，細數時光， 每一天都閃耀著希望。 [chorus] 風雨中走過的路， 留下了深深的印記， 老了也不懼怕， 心中依舊有著夢想。 [間奏] [verse 2] 微風吹過，輕拂臉龐， 陽光照耀，暖洋洋， 每次多活一天， 心中滿滿的都是感恩。 [chorus] 平凡日子多珍藏， 慢慢走，心不慌， 每一天都有新希望， 多活一天是獲得，心安詳。 [間奏] [verse 3] 生命如詩，緩緩唱， 平凡日子也閃亮， 今天又是新的篇章， 笑對人生，迎接每一段時光。 [chorus] 看那夕陽，染紅天邊， 心中平靜，如水流長， 歲月雖然流逝， 我們的故事，還在繼續延展。 我們的故事，還在繼續延展。 
[verse 1] 真好，今天又見到陽光， 心情如花開滿枝旁， 歲月如歌，細數時光， 每一天都閃耀著希望。
[chorus] 風雨中走過的路， 留下了深深的印記， 老了也不懼怕， 心中依舊有著夢想。
[間奏]
[verse 2] 微風吹過，輕拂臉龐， 陽光照耀，暖洋洋， 每次多活一天， 心中滿滿的都是感恩。
[chorus] 平凡日子多珍藏， 慢慢走，心不慌， 每一天都有新希望， 多活一天是獲得，心安詳。
[間奏]
[verse 3] 生命如詩，緩緩唱， 平凡日子也閃亮， 今天又是新的篇章， 笑對人生，迎接每一段時光。
[chorus] 看那夕陽，染紅天邊， 心中平靜，如水流長， 歲月雖然流逝， 我們的故事，還在繼續延展。
我們的故事，還在繼續延展。
留言（ 6 ） 最相關留言 所有留言
留言（ 6 ）",2026-08-19,,AI 生成 Folk,False,False,
2026-08-21 10:14:10,realtime,ai_generated,,,9,純音樂,今天又見陽光 |  輕音樂  |,8,57,1,https://streetvoice.com/sv430531/songs/875558/,https://streetvoice.com/sv430531/,"https://akstatic.streetvoice.com/song_covers/sv/43/sv430531/AaDB3AziYiJmpRBYVUjKjH.jpeg?x-oss-process=image/resize,m_fixed,h_1,w_1,limit_0/resize,m_fixed,h_630,w_1200,limit_0/watermark,image_c29uZ19jb3ZlcnMvc3YvNDMvc3Y0MzA1MzEvQWFEQjNBemlZaUptcFJCWVZVaktqSC5qcGVnP3gtb3NzLXByb2Nlc3M9aW1hZ2UvcmVzaXplLG1fZml4ZWQsaF8zNDQsd18zNDQsbGltaXRfMA,g_nw,x_428,y_143/watermark,image_YXNzZXQvaW1hZ2VzL21ldGFpbWFnZS1zb25nLnBuZw,g_nw,x_0,y_0",images/875558.jpeg,@sv430531,音樂人,新北市,2026-05-01,,59,34,57,,,https://www.youtube.com/user/StreetVoiceTV,「帥氣認真的純音樂演奏樂團」體熊專科推出五專《Topic 5: 召喚 Calling》 再邀北城浩志操刀混音後製|||https://blow.streetvoice.com/76130/?utm_source=streetvoice&utm_medium=profile-news-block; 展現音樂 + 小說的世界觀 地底樂團發行純音樂單曲|||https://blow.streetvoice.com/25263/?utm_source=streetvoice&utm_medium=profile-news-block; Omicron 話梅鹿 Last Digits 用純音樂演奏鋪陳聽覺饗宴|||https://blow.streetvoice.com/15807/?utm_source=streetvoice&utm_medium=profile-news-block,,Soundtrack / New age,,,cmc168,,"無歌詞 
無歌詞
留言（ 1 ） 最相關留言 所有留言
留言（ 1 ）",2026-08-20,,AI 生成 Soundtrack / New age,False,False,
2026-08-21 10:14:10,realtime,ai_generated,,,10,hinxlinx,《天下曲》｜原創中文歌曲,5,8,2,https://streetvoice.com/hinxlinx/songs/875569/,https://streetvoice.com/hinxlinx/,"https://akstatic.streetvoice.com/song_covers/hi/nx/hinxlinx/Ea4imuui5PgrT5YW3VBxip.jpeg?x-oss-process=image/resize,m_fixed,h_1,w_1,limit_0/resize,m_fixed,h_630,w_1200,limit_0/watermark,image_c29uZ19jb3ZlcnMvaGkvbngvaGlueGxpbngvRWE0aW11dWk1UGdyVDVZVzNWQnhpcC5qcGVnP3gtb3NzLXByb2Nlc3M9aW1hZ2UvcmVzaXplLG1fZml4ZWQsaF8zNDQsd18zNDQsbGltaXRfMA,g_nw,x_428,y_143/watermark,image_YXNzZXQvaW1hZ2VzL21ldGFpbWFnZS1zb25nLnBuZw,g_nw,x_0,y_0",images/875569.jpeg,@hinxlinx,音樂人,,,,35,7,11,,,https://www.youtube.com/user/StreetVoiceTV,,,R&B / Soul,如是道,https://streetvoice.com/hinxlinx/songs/album/97325855/,,"曲: hinxlinx (1995) / 詞: 老子《道德經》/軒林 (2026) 風格: R&B, Soul, Doo-wop 曲詞原創，無人工智能輔助。 音樂由Suno AI照本人錄音生成。 《為道日損曲》｜原創鋼琴獨奏曲: https://streetvoice.com/hinxlinx/songs/875570/ 《為道日損》 ｜原創中文歌曲: https://streetvoice.com/hinxlinx/songs/872971/ 
曲: hinxlinx (1995) / 詞: 老子《道德經》/軒林 (2026) 風格: R&B, Soul, Doo-wop 曲詞原創，無人工智能輔助。 音樂由Suno AI照本人錄音生成。
《為道日損曲》｜原創鋼琴獨奏曲: https://streetvoice.com/hinxlinx/songs/875570/
https://streetvoice.com/hinxlinx/songs/875570/
《為道日損》 ｜原創中文歌曲: https://streetvoice.com/hinxlinx/songs/872971/
https://streetvoice.com/hinxlinx/songs/872971/","[Verse 1] 為學日益 求知 解迷惑 天問謎團 仍太多 智慧恆常有 人易迷失自我 為道日損 上下求索 [Verse 2] 為學日益 自律 自強活 以身做則 勝話說 世道有興衰 覺知各有不同 為道日損 持道守中 [Chorus 1] 人生有幾回 能夠實在的活 千金散去 笑傲留 光陰匆匆過 來去如一陣風 為道日損 損益幾多 [Verse 3] 為學日益 苦惱 無大用 命運損益 莫強求 成敗得失空 焉知禍福喜憂 為道日損 得度省過 [Verse 4] 為學日益 欲將 大道擴 為公大同 觀無有 道法自然動 貪瞋癡苦娑婆 為道日損 自渡解脱 [Chorus 2] 人生有幾回 能夠瀟灑的活 九事一順 苦樂同 難得逍遙過 回首林徐隨風 為道日損 夢醒色空 [Bridge] 為學益 為道損 損又損 至無為 為無為 無不為 天下曲 損益回 
[Verse 1] 為學日益 求知 解迷惑 天問謎團 仍太多 智慧恆常有 人易迷失自我 為道日損 上下求索
[Verse 2] 為學日益 自律 自強活 以身做則 勝話說 世道有興衰 覺知各有不同 為道日損 持道守中
[Chorus 1] 人生有幾回 能夠實在的活 千金散去 笑傲留 光陰匆匆過 來去如一陣風 為道日損 損益幾多
[Verse 3] 為學日益 苦惱 無大用 命運損益 莫強求 成敗得失空 焉知禍福喜憂 為道日損 得度省過
[Verse 4] 為學日益 欲將 大道擴 為公大同 觀無有 道法自然動 貪瞋癡苦娑婆 為道日損 自渡解脱
[Chorus 2] 人生有幾回 能夠瀟灑的活 九事一順 苦樂同 難得逍遙過 回首林徐隨風 為道日損 夢醒色空
[Bridge] 為學益 為道損 損又損 至無為
為無為 無不為 天下曲 損益回
留言（ 2 ） 最相關留言 所有留言
留言（ 2 ）",2026-08-20,,AI 生成 R&B / Soul ・ 如是道,False,False,
2026-08-21 10:14:10,realtime,ai_generated,,,11,Nivraë.∞,Ngoma ya Ardhi,15,381,30,https://streetvoice.com/A56g77/songs/873662/,https://streetvoice.com/A56g77/,"https://akstatic.streetvoice.com/song_covers/A5/6g/A56g77/8g77gKGvqzFfLLxLo3QKkH.jpg?x-oss-process=image/resize,m_fixed,h_1,w_1,limit_0/resize,m_fixed,h_630,w_1200,limit_0/watermark,image_c29uZ19jb3ZlcnMvQTUvNmcvQTU2Zzc3LzhnNzdnS0d2cXpGZkxMeExvM1FLa0guanBnP3gtb3NzLXByb2Nlc3M9aW1hZ2UvcmVzaXplLG1fZml4ZWQsaF8zNDQsd18zNDQsbGltaXRfMA,g_nw,x_428,y_143/watermark,image_YXNzZXQvaW1hZ2VzL21ldGFpbWFnZS1zb25nLnBuZw,g_nw,x_0,y_0",images/873662.jpg,@A56g77,音樂人,,,2025-08-04 10:44,36,228,93,,,https://www.youtube.com/@N-1n-7n,第三屆「街聲年度音樂趨勢大獎」盛大登場！李竺芯：「街聲見證了我，金曲獎前面這些大家看不到的歷程！」|||https://blow.streetvoice.com/85903/?utm_source=streetvoice&utm_medium=profile-news-block,,World,,,,"放空自己🙂‍↔️🙂‍↔️🙂‍↔️ 實驗2🫣🫣🫣 送給教主 「教徒完成囉」✌️ （Swahili） 詞/編曲：Nivraë.∞  演唱：Suno AI 
放空自己🙂‍↔️🙂‍↔️🙂‍↔️
實驗2🫣🫣🫣
送給教主 「教徒完成囉」✌️
（Swahili） 詞/編曲：Nivraë.∞  演唱：Suno AI","這是沒有提供歌詞的歌曲
留言（ 30 ） 最相關留言 所有留言
留言（ 30 ）",2026-08-16,,AI 生成 World,False,False,
2026-08-21 10:14:10,realtime,ai_generated,,,12,MoonX 慕斯,修仙必聽《修仙訣》| The Immortal Formula,14,73,13,https://streetvoice.com/MoonX_0325/songs/875466/,https://streetvoice.com/MoonX_0325/,"https://akstatic.streetvoice.com/song_covers/Mo/on/MoonX_0325/D3UhpTymSsY2DfjVMCbhRt.jpeg?x-oss-process=image/resize,m_fixed,h_1,w_1,limit_0/resize,m_fixed,h_630,w_1200,limit_0/watermark,image_c29uZ19jb3ZlcnMvTW8vb24vTW9vblhfMDMyNS9EM1VocFR5bVNzWTJEZmpWTUNiaFJ0LmpwZWc_eC1vc3MtcHJvY2Vzcz1pbWFnZS9yZXNpemUsbV9maXhlZCxoXzM0NCx3XzM0NCxsaW1pdF8w,g_nw,x_428,y_143/watermark,image_YXNzZXQvaW1hZ2VzL21ldGFpbWFnZS1zb25nLnBuZw,g_nw,x_0,y_0",images/875466.jpeg,@MoonX_0325,音樂人,高雄市,2026-07-01,,19,30,172,,,https://www.youtube.com/user/StreetVoiceTV,,,Pop,《仙歌》Xian Ge,https://streetvoice.com/MoonX_0325/songs/album/97325873/,,"「煉氣吐納，金丹照夜。任憑天道萬般阻，我自一劍破蒼穹！」 這是一首融合東方國風韻味與現代爆發力搖滾的仙俠題材音樂作品。歌詞以道家修真境界為背景，描繪從煉氣、築基到迎接九天雷劫的修仙之路。沉穩的主歌堆疊出深沉凝練的修行心境，配合副歌磅礴爆發的唱腔與震撼鼓點，呈現出不屈服於命運、逆天改命的宏大氣勢。 本作品人聲由創作者本人之 AI 聲線克隆（Vocal AI Clone） 技術演繹，將現代語音科技與古風史詩感完美結合，帶來一場震撼心靈的修真音樂史詩。 
「煉氣吐納，金丹照夜。任憑天道萬般阻，我自一劍破蒼穹！」
這是一首融合東方國風韻味與現代爆發力搖滾的仙俠題材音樂作品。歌詞以道家修真境界為背景，描繪從煉氣、築基到迎接九天雷劫的修仙之路。沉穩的主歌堆疊出深沉凝練的修行心境，配合副歌磅礴爆發的唱腔與震撼鼓點，呈現出不屈服於命運、逆天改命的宏大氣勢。
本作品人聲由創作者本人之 AI 聲線克隆（Vocal AI Clone） 技術演繹，將現代語音科技與古風史詩感完美結合，帶來一場震撼心靈的修真音樂史詩。","動態歌詞
第一重 練氣 吐納天地間的清氣 引靈入體 經脈如江河般奔襲 第二重 築基 淬鍊一身傲骨與血肉 洗髓易筋 奠定逆天改命的根基 寒暑幾百載 洞府內孤寂伴著黃卷 手掐劍訣 穿梭在萬里雲霄頂端 凡人皆求長生 誰又懂道法自然 跨越生死的界線 準備迎接這場試煉 運轉這首《修仙訣》 凝聚金丹照夜空 九天雷劫轟然落 踏碎虛空掌乾坤 突破渡劫化元嬰 神魂不滅立於世 任憑天道萬般阻 我自一劍破蒼穹 從練氣的懵懂 到築基的沉穩 凝金丹於丹田 聚元嬰於神魂 三昧真火燒不滅 心中這份執念 悟透輪迴藩籬 登峰造極俯瞰人間 運轉這首《修仙訣》 凝聚金丹照夜空 九天雷劫轟然落 踏碎虛空掌乾坤 突破渡劫化元嬰 神魂不滅立於世 任憑天道萬般阻 我自一劍破蒼穹 練氣清心 築基鑄體 金丹大成 元嬰破殼羽化成仙…… 運轉這首《修仙訣》 凝聚金丹照夜空 九天雷劫轟然落 踏碎虛空掌乾坤 突破渡劫化元嬰 神魂不滅立於世 任憑天道萬般阻 我自一劍破蒼穹 道法無邊…… 四大流程突破 劍歸鞘 雲霧散 只留下一段 萬世流傳的傳奇 
第一重 練氣 吐納天地間的清氣 引靈入體 經脈如江河般奔襲 第二重 築基 淬鍊一身傲骨與血肉 洗髓易筋 奠定逆天改命的根基 寒暑幾百載 洞府內孤寂伴著黃卷 手掐劍訣 穿梭在萬里雲霄頂端 凡人皆求長生 誰又懂道法自然 跨越生死的界線 準備迎接這場試煉 運轉這首《修仙訣》 凝聚金丹照夜空 九天雷劫轟然落 踏碎虛空掌乾坤 突破渡劫化元嬰 神魂不滅立於世 任憑天道萬般阻 我自一劍破蒼穹 從練氣的懵懂 到築基的沉穩 凝金丹於丹田 聚元嬰於神魂 三昧真火燒不滅 心中這份執念 悟透輪迴藩籬 登峰造極俯瞰人間 運轉這首《修仙訣》 凝聚金丹照夜空 九天雷劫轟然落 踏碎虛空掌乾坤 突破渡劫化元嬰 神魂不滅立於世 任憑天道萬般阻 我自一劍破蒼穹 練氣清心 築基鑄體 金丹大成 元嬰破殼羽化成仙…… 運轉這首《修仙訣》 凝聚金丹照夜空 九天雷劫轟然落 踏碎虛空掌乾坤 突破渡劫化元嬰 神魂不滅立於世 任憑天道萬般阻 我自一劍破蒼穹 道法無邊…… 四大流程突破 劍歸鞘 雲霧散 只留下一段 萬世流傳的傳奇
留言（ 13 ） 最相關留言 所有留言
留言（ 13 ）",2026-08-19,,AI 生成 Pop ・ 《仙歌》Xian Ge,False,False,
2026-08-21 10:14:10,realtime,ai_generated,,,13,ᐜᐞᒻᐟᑊᐢᕐ ᐜᑊᐩᑋ ᐞᑊ,抱緊我,9,38,3,https://streetvoice.com/walkingwithai/songs/874059/,https://streetvoice.com/walkingwithai/,"https://akstatic.streetvoice.com/song_covers/wa/lk/walkingwithai/RFRBGoeJeXQGxz9gjt3ZHV.jpeg?x-oss-process=image/resize,m_fixed,h_1,w_1,limit_0/resize,m_fixed,h_630,w_1200,limit_0/watermark,image_c29uZ19jb3ZlcnMvd2EvbGsvd2Fsa2luZ3dpdGhhaS9SRlJCR29lSmVYUUd4ejlnanQzWkhWLmpwZWc_eC1vc3MtcHJvY2Vzcz1pbWFnZS9yZXNpemUsbV9maXhlZCxoXzM0NCx3XzM0NCxsaW1pdF8w,g_nw,x_428,y_143/watermark,image_YXNzZXQvaW1hZ2VzL21ldGFpbWFnZS1zb25nLnBuZw,g_nw,x_0,y_0",images/874059.jpeg,@walkingwithai,音樂人,,,,177,43,27,,,https://www.youtube.com/user/StreetVoiceTV,,,Experimental,,,,"這是一部寫給所有「異鄉人」的漂泊自白。在《抱緊我》這首作品中，我嘗試將泰國東北的傳統民謠（Mor Lam）與粗獷的三角洲藍調（Delta Blues）交織，並大膽注入現代電子器樂，完成了一場跨越地域與時空的聲學實驗。 依善的鄉愁與異鄉的眼淚 「我在依善，心很軟；我在異鄉，眼很酸。」歌詞的文本聚焦於離鄉背井的敘事。從媽媽手裡的零錢與米票、嬸嬸遞來的糯米袋，到錯過的潑水節與寺廟門口的孤燈，我試圖用極其微小、具象的生活碎片，拼湊出一個異鄉人的真實輪廓。他們手上長滿了繭，把苦日子折成不敢寄出的信，表面上笑著把眼淚吞掉，內心卻無比渴望一句簡單的「別走」和一個溫暖的擁抱。 Mor Lam、藍調與電子的聲學隱喻 在音樂聽覺的建構上，這首歌的風格設定充滿了隱喻。泰國東北的「Mor Lam」與美國南方的「Delta Blues」，兩者在歷史上都是屬於勞動階級、充滿泥土氣息與生活磨難的根源音樂。我保留了這兩種風格中特有的原聲靈魂底蘊，用來象徵主角心中那份最純粹、溫暖的故鄉（依善）記憶。 然而，在編曲的另一層面，我刻意揉合了冷調的「現代電子器樂」。這種有機的原聲民謠與無機的現代電子所產生的強烈碰撞，正是我想要具象化的「異鄉感」——在冰冷、疏離的現代都市裡，那份屬於家鄉的溫暖頻率顯得格格不入，卻又如此珍貴。它像是一種聽覺上的拉扯，呼應了主角在城鄉之間進退兩難的心境。 如果你也曾為了生活，捏著一張舊車票獨自遠行，希望這首歌能成為你在異鄉夜裡，那個最堅實的擁抱。 #抱緊我 #MorLam #泰國民謠 #DeltaBlues #電子融合 #AcousticSoul #異鄉人 #依善 #AI音樂創作 #聲學實驗 
這是一部寫給所有「異鄉人」的漂泊自白。在《抱緊我》這首作品中，我嘗試將泰國東北的傳統民謠（Mor Lam）與粗獷的三角洲藍調（Delta Blues）交織，並大膽注入現代電子器樂，完成了一場跨越地域與時空的聲學實驗。
依善的鄉愁與異鄉的眼淚 「我在依善，心很軟；我在異鄉，眼很酸。」歌詞的文本聚焦於離鄉背井的敘事。從媽媽手裡的零錢與米票、嬸嬸遞來的糯米袋，到錯過的潑水節與寺廟門口的孤燈，我試圖用極其微小、具象的生活碎片，拼湊出一個異鄉人的真實輪廓。他們手上長滿了繭，把苦日子折成不敢寄出的信，表面上笑著把眼淚吞掉，內心卻無比渴望一句簡單的「別走」和一個溫暖的擁抱。
Mor Lam、藍調與電子的聲學隱喻 在音樂聽覺的建構上，這首歌的風格設定充滿了隱喻。泰國東北的「Mor Lam」與美國南方的「Delta Blues」，兩者在歷史上都是屬於勞動階級、充滿泥土氣息與生活磨難的根源音樂。我保留了這兩種風格中特有的原聲靈魂底蘊，用來象徵主角心中那份最純粹、溫暖的故鄉（依善）記憶。
然而，在編曲的另一層面，我刻意揉合了冷調的「現代電子器樂」。這種有機的原聲民謠與無機的現代電子所產生的強烈碰撞，正是我想要具象化的「異鄉感」——在冰冷、疏離的現代都市裡，那份屬於家鄉的溫暖頻率顯得格格不入，卻又如此珍貴。它像是一種聽覺上的拉扯，呼應了主角在城鄉之間進退兩難的心境。
如果你也曾為了生活，捏著一張舊車票獨自遠行，希望這首歌能成為你在異鄉夜裡，那個最堅實的擁抱。
#抱緊我 #MorLam #泰國民謠 #DeltaBlues #電子融合 #AcousticSoul #異鄉人 #依善 #AI音樂創作 #聲學實驗","我坐在紅椅上 看媽媽數著零錢 一張米票 一張車票 我低頭把袖口捲好 昨天的飯還沒熱透 今天先把淚吞掉 別問我去哪裡 我把我留在家裡 寺門口那盞燈 照見我沒說出口的委屈 我在依善 心很軟 我在異鄉 眼很酸 啊 抱緊我 別讓我一個人扛 我在依善 心很軟 愛像欠帳 越拖越長 啊 抱緊我 把我叫回身旁 嬸嬸把糯米袋遞給我 說路上餓了就吃 我笑著點頭說知道 潑水節我沒回去 只在手機裡看人群 別人都有人牽著手 我只剩一張舊車票 啊 別替我難過 我也想要一件喜色 哪怕只是你一句 別走 留下來坐 我在依善 心很軟 我在異鄉 眼很酸 啊 抱緊我 別讓我一個人扛 我在依善 心很軟 愛像欠帳 越拖越長 啊 抱緊我 把我叫回身旁 如果你見過我 就記得我手上的繭 記得我把苦日子 折成一封不敢寄的信件 寺裡鐘聲響過以後 我還在等一個晚安 你若肯回頭看我 我就敢把明天想像 我在依善 心很軟 我在異鄉 眼很酸 啊 抱緊我 別讓我一個人扛 我在依善 心很軟 愛像欠帳 越拖越長 啊 抱緊我 把我叫回身旁 
我坐在紅椅上 看媽媽數著零錢 一張米票 一張車票
我低頭把袖口捲好 昨天的飯還沒熱透 今天先把淚吞掉
別問我去哪裡 我把我留在家裡 寺門口那盞燈 照見我沒說出口的委屈
我在依善 心很軟 我在異鄉 眼很酸 啊 抱緊我 別讓我一個人扛 我在依善 心很軟 愛像欠帳 越拖越長 啊 抱緊我 把我叫回身旁
嬸嬸把糯米袋遞給我 說路上餓了就吃 我笑著點頭說知道
潑水節我沒回去 只在手機裡看人群 別人都有人牽著手 我只剩一張舊車票
啊 別替我難過 我也想要一件喜色 哪怕只是你一句 別走 留下來坐
我在依善 心很軟 我在異鄉 眼很酸 啊 抱緊我 別讓我一個人扛 我在依善 心很軟 愛像欠帳 越拖越長 啊 抱緊我 把我叫回身旁
如果你見過我 就記得我手上的繭 記得我把苦日子 折成一封不敢寄的信件 寺裡鐘聲響過以後 我還在等一個晚安 你若肯回頭看我 我就敢把明天想像
我在依善 心很軟 我在異鄉 眼很酸 啊 抱緊我 別讓我一個人扛 我在依善 心很軟 愛像欠帳 越拖越長 啊 抱緊我 把我叫回身旁
留言（ 3 ） 最相關留言 所有留言
留言（ 3 ）",2026-08-21,,AI 生成 Experimental,False,False,
2026-08-21 10:14:10,realtime,ai_generated,,,14,AlexHu,I never give up(決して諦めません）,21,220,25,https://streetvoice.com/s3224hustreetvoice/songs/875283/,https://streetvoice.com/s3224hustreetvoice/,"https://akstatic.streetvoice.com/song_covers/s3/22/s3224hustreetvoice/ehCKMN7maH3WqNi8ELAJSM.jpg?x-oss-process=image/resize,m_fixed,h_1,w_1,limit_0/resize,m_fixed,h_630,w_1200,limit_0/watermark,image_c29uZ19jb3ZlcnMvczMvMjIvczMyMjRodXN0cmVldHZvaWNlL2VoQ0tNTjdtYUgzV3FOaThFTEFKU00uanBnP3gtb3NzLXByb2Nlc3M9aW1hZ2UvcmVzaXplLG1fZml4ZWQsaF8zNDQsd18zNDQsbGltaXRfMA,g_nw,x_428,y_143/watermark,image_YXNzZXQvaW1hZ2VzL21ldGFpbWFnZS1zb25nLnBuZw,g_nw,x_0,y_0",images/875283.jpg,@s3224hustreetvoice,音樂人,澎湖縣,2026-02-01,,31,48,151,,,https://www.youtube.com/user/StreetVoiceTV,,,Experimental,,,,"連續三次試射爆炸與資金見底的絕境，引來外界無數嘲諷。面對質疑與鏡頭，馬斯克只留下堅定的回答：「我永不放棄，除非我死，或者徹底失去行動能力。」 ​第四次點火倒數結束，獵鷹一號烈焰噴湧、呼嘯升空。伴隨尾焰劃破夜空，火箭精準挺進預定軌道。控制中心爆發出震耳欲聾的狂歡，這份近乎偏執的堅持，終於擊碎了所有不可能，在浩瀚星海中刻下了人類探索的全新篇章。 與所有人共勉之！ https://youtube.com/shorts/gG2dSZ3EoBU?si=N6AhOsKHJZDdNq0j 
連續三次試射爆炸與資金見底的絕境，引來外界無數嘲諷。面對質疑與鏡頭，馬斯克只留下堅定的回答：「我永不放棄，除非我死，或者徹底失去行動能力。」
​第四次點火倒數結束，獵鷹一號烈焰噴湧、呼嘯升空。伴隨尾焰劃破夜空，火箭精準挺進預定軌道。控制中心爆發出震耳欲聾的狂歡，這份近乎偏執的堅持，終於擊碎了所有不可能，在浩瀚星海中刻下了人類探索的全新篇章。
與所有人共勉之！
https://youtube.com/shorts/gG2dSZ3EoBU?si=N6AhOsKHJZDdNq0j
https://youtube.com/shorts/gG2dSZ3EoBU?si=N6AhOsKHJZDdNq0j","(Verse 1 ) Shadows fall across the road (陰影落在道路旁) A heavy heart a heavy load (沉重的心，沉重的負荷) The winds will howl the path turns cold (狂風怒吼，小徑轉冷) Yet deep inside a fire untold (然而內心深處，燃燒著無盡的烈火) Through every scar upon my hands (透過手上的每一道傷疤) I make my mark upon the sand (我在沙灘上留下我的足跡) When thunder strikes and tears run dry (當雷電交加、淚水流乾) I fix my gaze toward the sky (我將視線望向天空) Through every fall I’ll find the spark (每一次跌倒，我都會找到火花) And run right through the deepest dark (勇敢穿過最深邃的黑暗) I rise again against the rough (我再次起身，對抗逆境) Standing unbroken tall and tough (挺立不屈，高大而堅強) I never give up （我絕不放棄） （verse2) 冷たい雨が頬を濡らしても (縱使冰冷的雨打濕雙頰) 胸の鼓動はまだ止まらない (心跳仍未止息) 孤独な闇に怯えそうでも (就算害怕孤獨的黑暗) 握りしめた手は離さない (緊握的手也絕不放開) 涙の跡に咲く花のように (如同淚痕中綻放的花) 小さな希望を抱きしめて歩く (懷抱微小希望前行) 痛みを越えて強くなれると (相信能跨越痛楚變堅強) 震える足を前へと進める (讓顫抖的雙腳繼續向前) どれだけ遠く夜が深くても (無論黑夜多深遠) 信じる未来へ一歩踏み出す (都要邁向深信的未來) 決して諦めない     一歩踏み出す (這顆心，絕不放棄) ミウシタタみいへ (赴湯蹈火) (prechours) The morning comes the clouds begin to divide (清晨來臨，烏雲漸漸散開) No longer running  from what’s inside (不再逃避內心的恐懼) I built my wings through every storm (我在每一場風暴中鍛鍊出雙翼) From broken pieces  a strength reborn (從破碎的碎片中，重生出強大的力量) The doubts may whisper in the air (懷疑的聲音或許仍在空氣中低語) Yet I have found my purpose there (但我已在那裡找到了我的使命) No chain can bind no wall can hold (沒有任何枷鎖能束縛) A spirit written in pure gold (一個由純金寫就的靈魂) The summit’s high the world is wide (山峰高聳，世界廣闊) With endless courage by my side (有無限的勇氣陪伴在我身邊) Now hear the truth  beneath the sun (現在聽好了，在陽光之下的真相) I will keep fighting till it's done (我會繼續戰鬥，直到一切完成) I never give up  until I’ve achieved the goal (在達成目標之前，我絕不放棄) 信じる未来へ一歩踏み出す (朝著你深信的未來發出一大步） 決して諦めない     一歩踏み出す （憑藉著決不放棄的心) ミウシタタみいへ (赴湯蹈火) 決して諦めない この心で （永不放棄的精神） 決して諦めない     一歩踏み出す （憑藉著決不放棄的心) I rise again against the rough (我再次崛起對抗逆境） Standing unbroken tall and tough (挺立不屈，高大而堅強) I never give up （絕不放棄） 痛みを越えて強くなれると (相信能跨越痛楚變堅強) 震える足を前へと進める （讓顫抖的雙腳繼續向前) どれだけ遠く夜が深くても (無論黑夜多深遠) 信じる未来へ (都要邁向深信的未來) The morning comes the clouds begin to divide （清晨來臨，烏雲漸漸散開) No longer running  from what’s inside (不再逃避內心的恐懼) 
(Verse 1 ) Shadows fall across the road (陰影落在道路旁)
A heavy heart a heavy load (沉重的心，沉重的負荷)
The winds will howl the path turns cold (狂風怒吼，小徑轉冷)
Yet deep inside a fire untold (然而內心深處，燃燒著無盡的烈火)
Through every scar upon my hands (透過手上的每一道傷疤)
I make my mark upon the sand (我在沙灘上留下我的足跡)
When thunder strikes and tears run dry (當雷電交加、淚水流乾)
I fix my gaze toward the sky (我將視線望向天空)
Through every fall I’ll find the spark (每一次跌倒，我都會找到火花)
And run right through the deepest dark (勇敢穿過最深邃的黑暗)
I rise again against the rough (我再次起身，對抗逆境)
Standing unbroken tall and tough (挺立不屈，高大而堅強)
I never give up （我絕不放棄）
（verse2) 冷たい雨が頬を濡らしても (縱使冰冷的雨打濕雙頰)
胸の鼓動はまだ止まらない (心跳仍未止息)
孤独な闇に怯えそうでも (就算害怕孤獨的黑暗)
握りしめた手は離さない (緊握的手也絕不放開)
涙の跡に咲く花のように (如同淚痕中綻放的花)
小さな希望を抱きしめて歩く (懷抱微小希望前行)
痛みを越えて強くなれると (相信能跨越痛楚變堅強)
震える足を前へと進める (讓顫抖的雙腳繼續向前)
どれだけ遠く夜が深くても (無論黑夜多深遠)
信じる未来へ一歩踏み出す (都要邁向深信的未來)
決して諦めない     一歩踏み出す (這顆心，絕不放棄)
ミウシタタみいへ (赴湯蹈火)
(prechours) The morning comes the clouds begin to divide (清晨來臨，烏雲漸漸散開)
No longer running  from what’s inside (不再逃避內心的恐懼)
I built my wings through every storm (我在每一場風暴中鍛鍊出雙翼)
From broken pieces  a strength reborn (從破碎的碎片中，重生出強大的力量)
The doubts may whisper in the air (懷疑的聲音或許仍在空氣中低語)
Yet I have found my purpose there (但我已在那裡找到了我的使命)
No chain can bind no wall can hold (沒有任何枷鎖能束縛)
A spirit written in pure gold (一個由純金寫就的靈魂)
The summit’s high the world is wide (山峰高聳，世界廣闊)
With endless courage by my side (有無限的勇氣陪伴在我身邊)
Now hear the truth  beneath the sun (現在聽好了，在陽光之下的真相)
I will keep fighting till it's done (我會繼續戰鬥，直到一切完成)
I never give up  until I’ve achieved the goal (在達成目標之前，我絕不放棄)
信じる未来へ一歩踏み出す (朝著你深信的未來發出一大步）
決して諦めない     一歩踏み出す （憑藉著決不放棄的心)
ミウシタタみいへ (赴湯蹈火)
決して諦めない この心で （永不放棄的精神）
決して諦めない     一歩踏み出す （憑藉著決不放棄的心)
I rise again against the rough (我再次崛起對抗逆境）
Standing unbroken tall and tough (挺立不屈，高大而堅強)
I never give up （絕不放棄）
痛みを越えて強くなれると (相信能跨越痛楚變堅強)
震える足を前へと進める （讓顫抖的雙腳繼續向前)
どれだけ遠く夜が深くても (無論黑夜多深遠)
信じる未来へ (都要邁向深信的未來)
The morning comes the clouds begin to divide （清晨來臨，烏雲漸漸散開)
No longer running  from what’s inside (不再逃避內心的恐懼)
留言（ 25 ） 最相關留言 所有留言
留言（ 25 ）",2026-08-18,,AI 生成 Experimental,False,False,
2026-08-21 10:14:10,realtime,ai_generated,,,15,song for whom(зӮәиӘ°е”ұжӯҢ),量子糾纏的愛,4,4,2,https://streetvoice.com/ruby2100/songs/871668/,https://streetvoice.com/ruby2100/,"https://akstatic.streetvoice.com/song_covers/ru/by/ruby2100/WAbXcCZ5pGNPMLDckpTrAi.jpeg?x-oss-process=image/resize,m_fixed,h_1,w_1,limit_0/resize,m_fixed,h_630,w_1200,limit_0/watermark,image_c29uZ19jb3ZlcnMvcnUvYnkvcnVieTIxMDAvV0FiWGNDWjVwR05QTUxEY2twVHJBaS5qcGVnP3gtb3NzLXByb2Nlc3M9aW1hZ2UvcmVzaXplLG1fZml4ZWQsaF8zNDQsd18zNDQsbGltaXRfMA,g_nw,x_428,y_143/watermark,image_YXNzZXQvaW1hZ2VzL21ldGFpbWFnZS1zb25nLnBuZw,g_nw,x_0,y_0",images/871668.jpeg,,,,,,145,26,19,,,https://www.youtube.com/user/StreetVoiceTV,,,Pop,,,,"「有些愛不需要靠近，也會在宇宙的另一端，和你同時心痛。」 《量子糾纏的愛》是一首帶著科幻浪漫、距離感與宿命感的情歌。 城市劃過銀色界線， 你的日出， 是我的無眠。 兩個人隔著幾萬公里， 隔著時區、經緯度與不同的天空， 卻像仍被某種看不見的力量牽引著。 你沉默， 我也跟著失重； 你悲傷， 我的世界也瞬間黑白。 最喜歡的一句是： 「我們是量子糾纏的愛，無需言語，心電感應的存在。」 這句很特別， 也很浪漫。 它把愛寫成一種無法解釋的宇宙現象， 不是巧合， 不是依賴， 而是即使相隔光年， 心跳仍然零誤差同步。 《量子糾纏的愛》寫的不只是遠距離， 更是一種彼此牽動到無法切割的深情。 明明應該是獨立的個體， 卻像共用同一條靈魂軌跡； 明明距離遙遠， 卻能感覺對方未曾說出口的崩潰。 這份愛很美， 也很殘酷。 因為越是相連， 越無法假裝無關。 直到時間之外， 直到末日未來， 你仍是我無解的命題， 也是我唯一的答案。 — 路緹亞 
「有些愛不需要靠近，也會在宇宙的另一端，和你同時心痛。」
《量子糾纏的愛》是一首帶著科幻浪漫、距離感與宿命感的情歌。
城市劃過銀色界線，
你的日出，
是我的無眠。
兩個人隔著幾萬公里，
隔著時區、經緯度與不同的天空，
卻像仍被某種看不見的力量牽引著。
你沉默，
我也跟著失重；
你悲傷，
我的世界也瞬間黑白。
最喜歡的一句是：
「我們是量子糾纏的愛，無需言語，心電感應的存在。」
這句很特別，
也很浪漫。
它把愛寫成一種無法解釋的宇宙現象，
不是巧合，
不是依賴，
而是即使相隔光年，
心跳仍然零誤差同步。
《量子糾纏的愛》寫的不只是遠距離，
更是一種彼此牽動到無法切割的深情。
明明應該是獨立的個體，
卻像共用同一條靈魂軌跡；
明明距離遙遠，
卻能感覺對方未曾說出口的崩潰。
這份愛很美，
也很殘酷。
因為越是相連，
越無法假裝無關。
直到時間之外，
直到末日未來，
你仍是我無解的命題，
也是我唯一的答案。
— 路緹亞","動態歌詞
城市劃過一條銀色的界線 你的日出是我的無眠 我用思念丈量了經緯度 卻走不進你呼吸的維度 時鐘撥慢了半個世界 空氣中的微粒也像你道別 我們之間相隔幾萬公里 卻同感一場無聲的驟雨 物理定律 不該有例外 像兩顆粒子 被命運安排 即使距離 變成了光年之外 卻零誤差 反應在胸懷 我們是 量子糾纏的愛 無需言語 心電感應的存在 當你自旋 往悲傷地帶 我的世界 瞬間黑白 這不是巧合 這不是依賴 是宇宙註定 雙向的悲哀 觀測者效應 把我們連起來 逃不開 這永恆的對待 你眼底藏了一場小雨 這裡的氣壓 就開始降低 遙遠的星雲 接收了訊號 我知曉 你未曾開口的請求 我不用看手錶也能預感 你此刻正靠在窗邊流汗 所有的情緒曲線都同步 無從遮掩 無從逃出 科學證明 不允許分開 像一條鏈接 剪不斷理還亂 即使分隔 在未知的塵埃 這引力仍 強烈到失態 我們是 量子糾纏的愛 無需言語 心電感應的存在 當你自旋 往悲傷地帶 我的世界 瞬間黑白 這不是巧合 這不是依賴 是宇宙註定 雙向的悲哀 觀測者效應 把我們連起來 逃不開 這永恆的對待 有人說 這是最殘酷的浪漫 只要活著 就要為彼此承擔 你我本來 應是獨立的個體 卻共用了 靈魂的軌跡 如果我消失 你是否會崩塌 我們是彼此唯一的解答 量子糾纏的愛 量子糾纏的愛 無解的命題 無解的命題 在時間之外 同步心跳頻率 永遠零誤差 永遠不分開 這份愛 雙向的孤單 直到末日 的未來 這份愛 雙向的孤單 直到末日 的未來 
城市劃過一條銀色的界線 你的日出是我的無眠 我用思念丈量了經緯度 卻走不進你呼吸的維度 時鐘撥慢了半個世界 空氣中的微粒也像你道別 我們之間相隔幾萬公里 卻同感一場無聲的驟雨 物理定律 不該有例外 像兩顆粒子 被命運安排 即使距離 變成了光年之外 卻零誤差 反應在胸懷 我們是 量子糾纏的愛 無需言語 心電感應的存在 當你自旋 往悲傷地帶 我的世界 瞬間黑白 這不是巧合 這不是依賴 是宇宙註定 雙向的悲哀 觀測者效應 把我們連起來 逃不開 這永恆的對待 你眼底藏了一場小雨 這裡的氣壓 就開始降低 遙遠的星雲 接收了訊號 我知曉 你未曾開口的請求 我不用看手錶也能預感 你此刻正靠在窗邊流汗 所有的情緒曲線都同步 無從遮掩 無從逃出 科學證明 不允許分開 像一條鏈接 剪不斷理還亂 即使分隔 在未知的塵埃 這引力仍 強烈到失態 我們是 量子糾纏的愛 無需言語 心電感應的存在 當你自旋 往悲傷地帶 我的世界 瞬間黑白 這不是巧合 這不是依賴 是宇宙註定 雙向的悲哀 觀測者效應 把我們連起來 逃不開 這永恆的對待 有人說 這是最殘酷的浪漫 只要活著 就要為彼此承擔 你我本來 應是獨立的個體 卻共用了 靈魂的軌跡 如果我消失 你是否會崩塌 我們是彼此唯一的解答 量子糾纏的愛 量子糾纏的愛 無解的命題 無解的命題 在時間之外 同步心跳頻率 永遠零誤差 永遠不分開 這份愛 雙向的孤單 直到末日 的未來 這份愛 雙向的孤單 直到末日 的未來
留言（ 2 ） 最相關留言 所有留言
留言（ 2 ）",2026-08-20,,AI 生成 Pop,False,False,
2026-08-21 10:14:10,realtime,ai_generated,,,16,hinxlinx,《為道日損曲》｜原創鋼琴獨奏曲,4,8,0,https://streetvoice.com/hinxlinx/songs/875570/,https://streetvoice.com/hinxlinx/,"https://akstatic.streetvoice.com/song_covers/hi/nx/hinxlinx/ZLsPZvXEGWLktiwTfQmYTW.jpeg?x-oss-process=image/resize,m_fixed,h_1,w_1,limit_0/resize,m_fixed,h_630,w_1200,limit_0/watermark,image_c29uZ19jb3ZlcnMvaGkvbngvaGlueGxpbngvWkxzUFp2WEVHV0xrdGl3VGZRbVlUVy5qcGVnP3gtb3NzLXByb2Nlc3M9aW1hZ2UvcmVzaXplLG1fZml4ZWQsaF8zNDQsd18zNDQsbGltaXRfMA,g_nw,x_428,y_143/watermark,image_YXNzZXQvaW1hZ2VzL21ldGFpbWFnZS1zb25nLnBuZw,g_nw,x_0,y_0",images/875570.jpeg,@hinxlinx,音樂人,,,,35,7,11,,,https://www.youtube.com/user/StreetVoiceTV,,,Soundtrack / New age,樂曲集,https://streetvoice.com/hinxlinx/songs/album/97325859/,,"曲: hinxlinx 軒林 (1995)，原錄音(2026) 原曲弦律原創，無人工智能輔助。 音樂由Suno AI照本人錄音生成。 《天下曲》 ｜原創中文歌曲 https://streetvoice.com/hinxlinx/songs/875569/ 
曲: hinxlinx 軒林 (1995)，原錄音(2026) 原曲弦律原創，無人工智能輔助。 音樂由Suno AI照本人錄音生成。
《天下曲》 ｜原創中文歌曲 https://streetvoice.com/hinxlinx/songs/875569/
https://streetvoice.com/hinxlinx/songs/875569/","此曲 曲調簡單，是本人過去常哼的曲調。 原版歌詞過於消極負面， 於是再從《道德經》四十八章「為學日益，為道日損」入手， 從求知學習，修身自強至對世道覺知的感悟。 老子原文「取天下」，本人改為「天下曲」， 本是歌曲的「曲」， 但深度求索點出「曲則全」迂迴之「曲」， 自然之「曲」，精神上更契合。 
此曲 曲調簡單，是本人過去常哼的曲調。 原版歌詞過於消極負面， 於是再從《道德經》四十八章「為學日益，為道日損」入手， 從求知學習，修身自強至對世道覺知的感悟。 老子原文「取天下」，本人改為「天下曲」， 本是歌曲的「曲」， 但深度求索點出「曲則全」迂迴之「曲」， 自然之「曲」，精神上更契合。
留言（ 0 ） 最相關留言 所有留言
留言（ 0 ）",2026-08-20,,AI 生成 Soundtrack / New age ・ 樂曲集,False,False,
2026-08-21 10:14:10,realtime,ai_generated,,,17,ᐜᐞᒻᐟᑊᐢᕐ ᐜᑊᐩᑋ ᐞᑊ,對缺口,8,22,4,https://streetvoice.com/walkingwithai/songs/873861/,https://streetvoice.com/walkingwithai/,"https://akstatic.streetvoice.com/song_covers/wa/lk/walkingwithai/Q3jJAUVkifM9NG4FzSBAfH.jpeg?x-oss-process=image/resize,m_fixed,h_1,w_1,limit_0/resize,m_fixed,h_630,w_1200,limit_0/watermark,image_c29uZ19jb3ZlcnMvd2EvbGsvd2Fsa2luZ3dpdGhhaS9RM2pKQVVWa2lmTTlORzRGelNCQWZILmpwZWc_eC1vc3MtcHJvY2Vzcz1pbWFnZS9yZXNpemUsbV9maXhlZCxoXzM0NCx3XzM0NCxsaW1pdF8w,g_nw,x_428,y_143/watermark,image_YXNzZXQvaW1hZ2VzL21ldGFpbWFnZS1zb25nLnBuZw,g_nw,x_0,y_0",images/873861.jpeg,@walkingwithai,音樂人,,,,177,43,27,,,https://www.youtube.com/user/StreetVoiceTV,,,Folk,,,,"這是一部寫給土地與羈絆的田野詩篇，也是我將「玻里尼西亞原聲流行的島嶼溫暖、民謠的質樸敘事，與福音音樂的廣闊共鳴，進行深度揉合的一次聲學嘗試。 碎瓷與扁擔：質樸的日常隱喻 在《對缺口》的文本裡，我不想書寫宏大而空泛的情感，而是將鏡頭對準了沾著牛糞的碎瓷片、舊眼鏡上的灰塵，以及兩個人共同挑起的那根扁擔。這是一幅充滿泥土氣息的水耕畫卷。生活或許就像那塊碎瓷，難免有殘缺與黃印，但只要兩個人各執一角，不畏懼皺巴巴的日子，等到明年開春，總能在老榕樹下將彼此的缺口完美對攏。這是不言而喻的默契，也是最深沉的浪漫。 原聲民謠與島嶼微風的共振 在聽覺建構上，我刻意避開了傳統鄉土民謠可能帶有的苦澀與悲涼。透過 Polynesian acoustic pop 的風格基底，我引入了溫暖、明亮的原聲樂器，讓整首歌的律動呈現出一種類似微風拂過，也像是「竹筐在晃、雞籠在晃」的輕盈節奏。這種充滿陽光感的編制，讓農作的日常煥發出一種通透而生機盎然的生命力。 福音式的田間呼喚 「你吆喝——我跟著吆喝。」在副歌與人聲編排的控制上，我大膽地融入了福音音樂中最核心的呼應形式與飽滿的和聲。我試圖將原本田間勞作的粗獷吆喝，昇華為充滿力量、近乎讚美詩般的靈魂共鳴。嗓子乾了就舀一捧水，剩下的灑回地裡——這不僅是勞動者的豁達，更是一場將生命全然交託給土地的莊嚴儀式。 明年開春，帶著你的那一半，我們老榕樹下見。現在，請戴上耳機，聽聽這首充滿陽光、汗水與泥土香氣的歌。 #對缺口 #PolynesianAcousticPop #Gospel #民謠 #Folk #AI音樂創作 #田野詩篇 
這是一部寫給土地與羈絆的田野詩篇，也是我將「玻里尼西亞原聲流行的島嶼溫暖、民謠的質樸敘事，與福音音樂的廣闊共鳴，進行深度揉合的一次聲學嘗試。
碎瓷與扁擔：質樸的日常隱喻 在《對缺口》的文本裡，我不想書寫宏大而空泛的情感，而是將鏡頭對準了沾著牛糞的碎瓷片、舊眼鏡上的灰塵，以及兩個人共同挑起的那根扁擔。這是一幅充滿泥土氣息的水耕畫卷。生活或許就像那塊碎瓷，難免有殘缺與黃印，但只要兩個人各執一角，不畏懼皺巴巴的日子，等到明年開春，總能在老榕樹下將彼此的缺口完美對攏。這是不言而喻的默契，也是最深沉的浪漫。
原聲民謠與島嶼微風的共振 在聽覺建構上，我刻意避開了傳統鄉土民謠可能帶有的苦澀與悲涼。透過 Polynesian acoustic pop 的風格基底，我引入了溫暖、明亮的原聲樂器，讓整首歌的律動呈現出一種類似微風拂過，也像是「竹筐在晃、雞籠在晃」的輕盈節奏。這種充滿陽光感的編制，讓農作的日常煥發出一種通透而生機盎然的生命力。
福音式的田間呼喚 「你吆喝——我跟著吆喝。」在副歌與人聲編排的控制上，我大膽地融入了福音音樂中最核心的呼應形式與飽滿的和聲。我試圖將原本田間勞作的粗獷吆喝，昇華為充滿力量、近乎讚美詩般的靈魂共鳴。嗓子乾了就舀一捧水，剩下的灑回地裡——這不僅是勞動者的豁達，更是一場將生命全然交託給土地的莊嚴儀式。
明年開春，帶著你的那一半，我們老榕樹下見。現在，請戴上耳機，聽聽這首充滿陽光、汗水與泥土香氣的歌。
#對缺口 #PolynesianAcousticPop #Gospel #民謠 #Folk #AI音樂創作 #田野詩篇","你撿的那塊碎瓷 還沾著去年的牛糞 牛糞乾了 瓷邊留下一道黃印 我舊眼鏡有面灰 你眼鏡上也有 我們往褲上一抹 就誰也不笑誰 竹筐在晃 雞籠在晃 井水從你那邊蕩過來 蕩到我腳跟 蕩到我命根 蕩到我們中間那根扁擔上 你吆喝 我跟著吆喝 你走田埂 我在水耕 嗓子乾了就彎腰舀一捧 剩下的 灑回地裡 不管了 奶奶的頂針 還在抽屜底 爺爺的草帽 掛在釘子上 我把那皺巴巴的日子 一頁一頁 晾在竹竿上 竹筐在晃 雞籠在晃 井水從你那邊蕩過來 蕩到我腳跟 蕩到我命根 蕩到我們中間那根扁擔上 你吆喝 我跟著吆喝 你走田埂 我在水耕 嗓子乾了就彎腰舀一捧 剩下的 灑回地裡 不管了 碎瓷擱在窗台上 你那一角 你收著 我這一角 我留著 明年開春 我們對一對缺口 你吆喝 我跟著吆喝 你走田埂 我在水耕 嗓子乾了就彎腰舀一捧 剩下的 灑回地裡 不管了 對攏時 剛好是 我們背靠背坐著的那棵老榕樹底下 
你撿的那塊碎瓷 還沾著去年的牛糞 牛糞乾了 瓷邊留下一道黃印 我舊眼鏡有面灰 你眼鏡上也有 我們往褲上一抹 就誰也不笑誰
竹筐在晃 雞籠在晃 井水從你那邊蕩過來 蕩到我腳跟 蕩到我命根 蕩到我們中間那根扁擔上
你吆喝 我跟著吆喝 你走田埂 我在水耕 嗓子乾了就彎腰舀一捧 剩下的 灑回地裡 不管了
奶奶的頂針 還在抽屜底 爺爺的草帽 掛在釘子上 我把那皺巴巴的日子 一頁一頁 晾在竹竿上
竹筐在晃 雞籠在晃 井水從你那邊蕩過來 蕩到我腳跟 蕩到我命根 蕩到我們中間那根扁擔上
你吆喝 我跟著吆喝 你走田埂 我在水耕 嗓子乾了就彎腰舀一捧 剩下的 灑回地裡 不管了
碎瓷擱在窗台上 你那一角 你收著 我這一角 我留著 明年開春 我們對一對缺口
你吆喝 我跟著吆喝 你走田埂 我在水耕 嗓子乾了就彎腰舀一捧 剩下的 灑回地裡 不管了 對攏時 剛好是 我們背靠背坐著的那棵老榕樹底下
留言（ 4 ） 最相關留言 所有留言
留言（ 4 ）",2026-08-20,,AI 生成 Folk,False,False,
2026-08-21 10:14:10,realtime,ai_generated,,,18,Aurum 倫,我的出走日記,16,89,18,https://streetvoice.com/au79/songs/875376/,https://streetvoice.com/au79/,"https://akstatic.streetvoice.com/song_covers/au/79/au79/5RsRgri3PSFBJRbuWoHpsc.jpeg?x-oss-process=image/resize,m_fixed,h_1,w_1,limit_0/resize,m_fixed,h_630,w_1200,limit_0/watermark,image_c29uZ19jb3ZlcnMvYXUvNzkvYXU3OS81UnNSZ3JpM1BTRkJKUmJ1V29IcHNjLmpwZWc_eC1vc3MtcHJvY2Vzcz1pbWFnZS9yZXNpemUsbV9maXhlZCxoXzM0NCx3XzM0NCxsaW1pdF8w,g_nw,x_428,y_143/watermark,image_YXNzZXQvaW1hZ2VzL21ldGFpbWFnZS1zb25nLnBuZw,g_nw,x_0,y_0",images/875376.jpeg,@au79,音樂人,台北市,2025-12-01,,15,40,47,,,https://www.youtube.com/user/StreetVoiceTV,,,Folk,Hidden Scenes｜戲隱,https://streetvoice.com/au79/songs/album/97325893/,Sakae,"韓劇《我的解放日誌》나의 해방일지 ，My Liberation Notes。描寫住在山浦的廉家三姊弟，在漫長通勤、工作與家庭日常中，渴望逃離被困住的人生；美貞與神祕的具氏，則從一句「崇拜我」開始，慢慢靠近彼此。 Netflix 2022 播出https://youtu.be/xNOgTh3cFRI?si=6XRHnrKRKm-HkaF4 「每個人都一樣在走向死亡，我不懂大家為什麼都這麼開心，有時候我甚至覺得那些失魂落魄的人，說不定比那些若無其事日子順遂的人，都還要活得腳踏實地。」 歌曲近乎沈默耳語，緩慢的室內流行為底，結合木吉他、氈槌鋼琴、大提琴與爵士和聲。 夏克 Sakae 寫的詞，有種解離的詩性，我覺得他像是大提琴又沉又像毛氈隔音棉，很禪、很靜。 給了我另一種內斂的改編靈感。 歌詞 —— Sakae 《解放日記》原曲 https://streetvoice.com/sakae25/songs/827604/ 
韓劇《我的解放日誌》나의 해방일지 ，My Liberation Notes。描寫住在山浦的廉家三姊弟，在漫長通勤、工作與家庭日常中，渴望逃離被困住的人生；美貞與神祕的具氏，則從一句「崇拜我」開始，慢慢靠近彼此。
Netflix 2022 播出https://youtu.be/xNOgTh3cFRI?si=6XRHnrKRKm-HkaF4
「每個人都一樣在走向死亡，我不懂大家為什麼都這麼開心，有時候我甚至覺得那些失魂落魄的人，說不定比那些若無其事日子順遂的人，都還要活得腳踏實地。」
歌曲近乎沈默耳語，緩慢的室內流行為底，結合木吉他、氈槌鋼琴、大提琴與爵士和聲。 夏克 Sakae 寫的詞，有種解離的詩性，我覺得他像是大提琴又沉又像毛氈隔音棉，很禪、很靜。 給了我另一種內斂的改編靈感。
歌詞 —— Sakae 《解放日記》原曲 https://streetvoice.com/sakae25/songs/827604/
https://streetvoice.com/sakae25/songs/827604/","추앙해요 사랑해요 活著　不忍受 想要一點自由 太會忍耐　什麼都沒有 心裡　越來越不溫柔 解放　原地出走 暫時　逃離那個我 比起愛與恨的火 更多時候　只剩沉默 崇拜　不偉大 只要有人回答 疲憊黑夜　酒精裡掙扎 我問　不能回到原來嗎 不硬撐　不裝傻 只想　真實一次就好 脆弱　無知 活得　沒有掩飾 解放　原地出走 暫時　逃離那個我 比起愛與恨的火 更多時候　只剩沉默 解放 領悟 呼吸 和你一起 出走 사랑해요 
추앙해요 사랑해요
活著　不忍受 想要一點自由 太會忍耐　什麼都沒有 心裡　越來越不溫柔
解放　原地出走 暫時　逃離那個我 比起愛與恨的火 更多時候　只剩沉默
崇拜　不偉大 只要有人回答 疲憊黑夜　酒精裡掙扎 我問　不能回到原來嗎
不硬撐　不裝傻 只想　真實一次就好 脆弱　無知 活得　沒有掩飾
解放　原地出走 暫時　逃離那個我 比起愛與恨的火 更多時候　只剩沉默
解放 領悟 呼吸 和你一起 出走
사랑해요
留言（ 18 ） 最相關留言 所有留言
留言（ 18 ）",2026-08-19,,AI 生成 Folk ・ Hidden Scenes｜戲隱,False,False,
2026-08-21 10:14:10,realtime,ai_generated,,,19,YUWEIHSIAO,只是想看妳的微笑,4,8,0,https://streetvoice.com/yuweihsiao/songs/875589/,https://streetvoice.com/yuweihsiao/,"https://akstatic.streetvoice.com/music_albums/yu/we/yuweihsiao/Hxp6QRLVNTSUPdJfVkdzEN.jpeg?x-oss-process=image/resize,m_fixed,h_1,w_1,limit_0/resize,m_fixed,h_630,w_1200,limit_0/watermark,image_bXVzaWNfYWxidW1zL3l1L3dlL3l1d2VpaHNpYW8vSHhwNlFSTFZOVFNVUGRKZlZrZHpFTi5qcGVnP3gtb3NzLXByb2Nlc3M9aW1hZ2UvcmVzaXplLG1fZml4ZWQsaF8zNDQsd18zNDQsbGltaXRfMA,g_nw,x_428,y_143/watermark,image_YXNzZXQvaW1hZ2VzL21ldGFpbWFnZS1zb25nLnBuZw,g_nw,x_0,y_0",images/875589.jpeg,@yuweihsiao,音樂人,台灣,2026-03-01,,29,6,2,,,https://www.youtube.com/user/StreetVoiceTV,,,Rock,癢,https://streetvoice.com/yuweihsiao/songs/album/97325808/,,,"情人節的夜裡 酒精進入血液 我的聲音 像沉落井底 燈光照著我們 卻照不暖內心的寒 以前聊不完的夜晚 如今是一片荒蕪的海 結婚照笑得幸福 那個微笑讓人羨慕 照片外已沒了弧度 空氣寂靜的像冰庫 歲月磨耗嘴角的上揚 只剩下冷漠的牆 多久沒有說話 多久沒看妳的微笑 沉默的暴力 沒有聲音卻慢慢撕裂我 妳什麼都沒做 卻讓我在找罪受 沉默的暴力 沒有傷口卻讓人窒息 讓我一遍又一遍 否定自己 在妳面前 我是透明 看得見妳 卻再也走不進妳的心 想起從前 妳笑著看我的臉 那個曾經屬於我的笑顏 現在離我好遠 怎麼會走到今天 明明同床在我身邊 卻像隔著千萬光年 長久的沉默 像刀慢慢刺進胸口 是不是愛走到盡頭 都會變成無話可說 只剩一個人在挽留 我們的婚姻輸給了什麼 沉默的暴力 沒有聲音卻慢慢撕裂我 妳什麼都沒做 卻讓我在找罪受 沉默的暴力 沒有傷口卻讓人窒息 讓我一遍又一遍 否定自己 在妳面前 我是透明 看得見妳 卻再也走不進妳的心 如果眼淚能換一句回答 就算妳狠狠罵我也罷 別讓我困在 猜不透的懲罰 如果爭吵還能有答案 至少眼淚還知道為何流下來 最殘忍的是妳什麼都不回答 讓我獨自猜測 獨自崩塌 沉默的暴力 沒有聲音卻慢慢撕裂我 妳什麼都沒做 卻讓我在找罪受 沉默的暴力 沒有傷口卻讓人窒息 讓我一遍又一遍 否定自己 在妳面前 我是透明 看得見妳 卻再也走不進妳的心 突然被挨了一巴掌 杯裡酒一晃往外撒 腦袋像被雷劈了瞬間靈光 妳憤怒的瞪著我 幹嘛一直對我妹妹說話 幹嘛一直對我妹妹說話 對我妹妹說話 
情人節的夜裡 酒精進入血液 我的聲音 像沉落井底 燈光照著我們 卻照不暖內心的寒 以前聊不完的夜晚 如今是一片荒蕪的海
結婚照笑得幸福 那個微笑讓人羨慕 照片外已沒了弧度 空氣寂靜的像冰庫 歲月磨耗嘴角的上揚 只剩下冷漠的牆 多久沒有說話 多久沒看妳的微笑
沉默的暴力 沒有聲音卻慢慢撕裂我 妳什麼都沒做 卻讓我在找罪受 沉默的暴力 沒有傷口卻讓人窒息 讓我一遍又一遍 否定自己 在妳面前 我是透明 看得見妳 卻再也走不進妳的心
想起從前 妳笑著看我的臉 那個曾經屬於我的笑顏 現在離我好遠 怎麼會走到今天 明明同床在我身邊 卻像隔著千萬光年 長久的沉默 像刀慢慢刺進胸口 是不是愛走到盡頭 都會變成無話可說 只剩一個人在挽留 我們的婚姻輸給了什麼
沉默的暴力 沒有聲音卻慢慢撕裂我 妳什麼都沒做 卻讓我在找罪受 沉默的暴力 沒有傷口卻讓人窒息 讓我一遍又一遍 否定自己 在妳面前 我是透明 看得見妳 卻再也走不進妳的心
如果眼淚能換一句回答 就算妳狠狠罵我也罷 別讓我困在 猜不透的懲罰 如果爭吵還能有答案 至少眼淚還知道為何流下來 最殘忍的是妳什麼都不回答 讓我獨自猜測 獨自崩塌
沉默的暴力 沒有聲音卻慢慢撕裂我 妳什麼都沒做 卻讓我在找罪受 沉默的暴力 沒有傷口卻讓人窒息 讓我一遍又一遍 否定自己 在妳面前 我是透明 看得見妳 卻再也走不進妳的心
突然被挨了一巴掌 杯裡酒一晃往外撒 腦袋像被雷劈了瞬間靈光 妳憤怒的瞪著我 幹嘛一直對我妹妹說話 幹嘛一直對我妹妹說話 對我妹妹說話
留言（ 0 ） 最相關留言 所有留言
留言（ 0 ）",2026-08-20,,AI 生成 Rock ・ 癢,False,False,
2026-08-21 10:14:10,realtime,ai_generated,,,20,王凱霆Tommy,真油你的,4,4,2,https://streetvoice.com/tommymusic/songs/875222/,https://streetvoice.com/tommymusic/,"https://akstatic.streetvoice.com/song_covers/to/mm/tommymusic/2sBATDDpyRjS6UNxYswQQE.jpeg?x-oss-process=image/resize,m_fixed,h_1,w_1,limit_0/resize,m_fixed,h_630,w_1200,limit_0/watermark,image_c29uZ19jb3ZlcnMvdG8vbW0vdG9tbXltdXNpYy8yc0JBVEREcHlSalM2VU54WXN3UVFFLmpwZWc_eC1vc3MtcHJvY2Vzcz1pbWFnZS9yZXNpemUsbV9maXhlZCxoXzM0NCx3XzM0NCxsaW1pdF8w,g_nw,x_428,y_143/watermark,image_YXNzZXQvaW1hZ2VzL21ldGFpbWFnZS1zb25nLnBuZw,g_nw,x_0,y_0",images/875222.jpeg,@tommymusic,音樂人,,,,18,4,,,,https://www.youtube.com/user/StreetVoiceTV,,,Hip hop / Rap,,,,"吞下黑心毒油的無奈與憤怒，我們不該成為體制卸責的犧牲品。 本集音樂座標點： •	創作背景：源自中聯致癌油事件的官商相護與荒謬卸責。 •	情感核心：無辜消費者被迫成為人體濾水器的悲憤與無力。 •	音樂編制：暗黑嘻哈結合重金屬吉他，撕裂偽善的公關話術。 🎧 如果你喜歡這首歌曲，也想更深入了解這首歌曲的主題與完整的邏輯拆解，請追蹤我的 Podcast 社群： 🎧 Podcast頻道： https://solink.soundon.fm/tommy_axis_podcast ⭐ Instagram： https://www.instagram.com/tommy_axis_podcast/ 📌 個人主頁： https://portaly.cc/tommymusic 
吞下黑心毒油的無奈與憤怒，我們不該成為體制卸責的犧牲品。 本集音樂座標點： •	創作背景：源自中聯致癌油事件的官商相護與荒謬卸責。 •	情感核心：無辜消費者被迫成為人體濾水器的悲憤與無力。 •	音樂編制：暗黑嘻哈結合重金屬吉他，撕裂偽善的公關話術。 🎧 如果你喜歡這首歌曲，也想更深入了解這首歌曲的主題與完整的邏輯拆解，請追蹤我的 Podcast 社群： 🎧 Podcast頻道： https://solink.soundon.fm/tommy_axis_podcast ⭐ Instagram： https://www.instagram.com/tommy_axis_podcast/ 📌 個人主頁： https://portaly.cc/tommymusic
https://solink.soundon.fm/tommy_axis_podcast
https://www.instagram.com/tommy_axis_podcast/
https://portaly.cc/tommymusic","[Intro] 歡迎來到這座，免責的鬼島工廠 這裡不產健康，只產謊言和黑箱 機台日夜運轉，提煉著高層的貪婪 無辜的消費者，只能在渾水中買單 [Verse 1] 會議室冷氣很涼，決策者笑得多猖狂 官僚的護航與蓋牌，換來經營權的安詳 歐盟標準嫌太貴？那就放寬十倍的含量 熱損粒的黃豆，榨出黑色的金礦 大陸製的老舊機台，法規落差剛好拿來擋 系統性崩壞的戲碼，隨時準備開場 品保會議一聲令下，真相全部被埋葬 為了省下那點成本，賠上全國的健康 [Chorus] 踢皮球！踢皮球！官商勾結好朋友 八年零稽查，假裝什麼都沒有！ 一級致癌物下肚，中研院長教你怎麼救？ 「多喝水排毒啦！」這笑話聽了會折壽！ 脂溶性的毒，融在水裡的愁 我們不過是人體濾水器，爛在源頭！ 黑心油繼續賣，雙手一攤說沒有理由 崩壞的食安防線，到底誰來抓出黑手？ [Rap 1] 說什麼風險溝通，全都是罐頭話術 食安管理破了個大洞，化學危害當作政策迷霧 南僑吹了哨，福壽跟泰山假裝很無辜 中央地方互相推卸，預防性下架標準超模糊！ 朝令夕改的公文，下游業者在風中痛哭 罰了幾億又怎樣？消費者的健康誰來顧？ 交保的交保，推託的推託 完美的共犯結構，誰也別想把誰戳破！ [Verse 2] 這是一座產官學，三位一體的祭壇 把良心跟成本，放在天平上精算 該下台的還在台上，該坐牢的列席查案 只有那一口口吞下的毒，在我們的血液裡流竄！ [Chorus] 踢皮球！踢皮球！官商勾結好朋友 八年零稽查，假裝什麼都沒有！ 一級致癌物下肚，中研院長教你怎麼救？ 「多喝水排毒啦！」這笑話聽了會折壽！ 脂溶性的毒，融在水裡的愁 我們不過是人體濾水器，爛在源頭！ 黑心油繼續賣，雙手一攤說沒有理由 崩壞的食安防線，到底誰來抓出黑手？ [Bridge] 水溶不掉的謊言，代謝不掉的貪婪 當食安防線潰堤，生命只剩下冰冷的清單 別再拿反智的偽科學，來粉飾這場災難 打破這免責的迴圈，別想叫我們買單！ [Outro] 別再叫我多喝水... 把你們的黑心，自己吞回胃。 這場毒油的風暴，我們絕對不撤退 直到免責的結構，徹底被擊碎！ [End] 
[Intro] 歡迎來到這座，免責的鬼島工廠 這裡不產健康，只產謊言和黑箱 機台日夜運轉，提煉著高層的貪婪 無辜的消費者，只能在渾水中買單
[Verse 1] 會議室冷氣很涼，決策者笑得多猖狂 官僚的護航與蓋牌，換來經營權的安詳 歐盟標準嫌太貴？那就放寬十倍的含量 熱損粒的黃豆，榨出黑色的金礦 大陸製的老舊機台，法規落差剛好拿來擋 系統性崩壞的戲碼，隨時準備開場 品保會議一聲令下，真相全部被埋葬 為了省下那點成本，賠上全國的健康
[Chorus] 踢皮球！踢皮球！官商勾結好朋友 八年零稽查，假裝什麼都沒有！ 一級致癌物下肚，中研院長教你怎麼救？ 「多喝水排毒啦！」這笑話聽了會折壽！ 脂溶性的毒，融在水裡的愁 我們不過是人體濾水器，爛在源頭！ 黑心油繼續賣，雙手一攤說沒有理由 崩壞的食安防線，到底誰來抓出黑手？
[Rap 1] 說什麼風險溝通，全都是罐頭話術 食安管理破了個大洞，化學危害當作政策迷霧 南僑吹了哨，福壽跟泰山假裝很無辜 中央地方互相推卸，預防性下架標準超模糊！ 朝令夕改的公文，下游業者在風中痛哭 罰了幾億又怎樣？消費者的健康誰來顧？ 交保的交保，推託的推託 完美的共犯結構，誰也別想把誰戳破！
[Verse 2] 這是一座產官學，三位一體的祭壇 把良心跟成本，放在天平上精算 該下台的還在台上，該坐牢的列席查案 只有那一口口吞下的毒，在我們的血液裡流竄！
[Chorus] 踢皮球！踢皮球！官商勾結好朋友 八年零稽查，假裝什麼都沒有！ 一級致癌物下肚，中研院長教你怎麼救？ 「多喝水排毒啦！」這笑話聽了會折壽！ 脂溶性的毒，融在水裡的愁 我們不過是人體濾水器，爛在源頭！ 黑心油繼續賣，雙手一攤說沒有理由 崩壞的食安防線，到底誰來抓出黑手？
[Bridge] 水溶不掉的謊言，代謝不掉的貪婪 當食安防線潰堤，生命只剩下冰冷的清單 別再拿反智的偽科學，來粉飾這場災難 打破這免責的迴圈，別想叫我們買單！
[Outro] 別再叫我多喝水... 把你們的黑心，自己吞回胃。 這場毒油的風暴，我們絕對不撤退 直到免責的結構，徹底被擊碎！
[End]
留言（ 2 ） 最相關留言 所有留言
留言（ 2 ）",2026-08-20,,AI 生成 Hip hop / Rap,False,False,
2026-08-21 10:14:10,realtime,ai_generated,,,21,Nivraë.∞,もう電話しないで,8,443,24,https://streetvoice.com/A56g77/songs/872811/,https://streetvoice.com/A56g77/,"https://akstatic.streetvoice.com/song_covers/A5/6g/A56g77/994oruyK5SgToJW7Pupwj5.jpg?x-oss-process=image/resize,m_fixed,h_1,w_1,limit_0/resize,m_fixed,h_630,w_1200,limit_0/watermark,image_c29uZ19jb3ZlcnMvQTUvNmcvQTU2Zzc3Lzk5NG9ydXlLNVNnVG9KVzdQdXB3ajUuanBnP3gtb3NzLXByb2Nlc3M9aW1hZ2UvcmVzaXplLG1fZml4ZWQsaF8zNDQsd18zNDQsbGltaXRfMA,g_nw,x_428,y_143/watermark,image_YXNzZXQvaW1hZ2VzL21ldGFpbWFnZS1zb25nLnBuZw,g_nw,x_0,y_0",images/872811.jpg,@A56g77,音樂人,,,2025-08-04 10:44,36,228,93,,,https://www.youtube.com/@N-1n-7n,第三屆「街聲年度音樂趨勢大獎」盛大登場！李竺芯：「街聲見證了我，金曲獎前面這些大家看不到的歷程！」|||https://blow.streetvoice.com/85903/?utm_source=streetvoice&utm_medium=profile-news-block,,Hip hop / Rap,,,,"實驗🫣 しこうさくごちゅう🫣🫣 詞/編曲：Nivraë.∞  演唱：×××××✓ 
實驗🫣
しこうさくごちゅう🫣🫣
詞/編曲：Nivraë.∞  演唱：×××××✓","這是沒有提供歌詞的歌曲
留言（ 24 ） 最相關留言 所有留言
留言（ 24 ）",2026-08-07,,AI 生成 Hip hop / Rap,False,False,
2026-08-21 10:14:10,realtime,ai_generated,,,22,Junna Lin,《把自己還給我了》|  You’ve given yourself back to me,18,167,12,https://streetvoice.com/Junna_Lin/songs/875203/,https://streetvoice.com/Junna_Lin/,"https://akstatic.streetvoice.com/song_covers/Ju/nn/Junna_Lin/3yxHLFvHMAXyaEMKLDSYip.jpeg?x-oss-process=image/resize,m_fixed,h_1,w_1,limit_0/resize,m_fixed,h_630,w_1200,limit_0/watermark,image_c29uZ19jb3ZlcnMvSnUvbm4vSnVubmFfTGluLzN5eEhMRnZITUFYeWFFTUtMRFNZaXAuanBlZz94LW9zcy1wcm9jZXNzPWltYWdlL3Jlc2l6ZSxtX2ZpeGVkLGhfMzQ0LHdfMzQ0LGxpbWl0XzA,g_nw,x_428,y_143/watermark,image_YXNzZXQvaW1hZ2VzL21ldGFpbWFnZS1zb25nLnBuZw,g_nw,x_0,y_0",images/875203.jpeg,@Junna_Lin,音樂人,,,2026-08-18 10:03,25,14,24,,,https://www.youtube.com/@JunnaLinMusic,,,Singer / Songwriter,《把自己還給自己》｜完整專輯歌詞版 (Full Album Lyric Video)｜華語音樂｜原創專輯,https://streetvoice.com/Junna_Lin/songs/album/97325746/,,"《把自己還給我了》寫的是一段等得太久，也委屈了太久的感情。 歌曲有在YT上線 有空的朋友們在幫忙點點讚❤️ 連結下方: https://youtu.be/qKjBvI5-Xy8 當承諾只剩一句「改天再說」，留下的人仍一次次替對方尋找理由，直到連心痛都變得沉默。從冷掉的咖啡與一次次落空的等待中，慢慢堆疊失望，直到她終於不再追問、不再挽留，選擇轉身，把自己找回來。 不是不愛了，也不是忘記了，只是終於明白——離開一個不再回頭的人，並不代表失去；有時候，那正是把自己找回來的開始。 這一次，我不再等你了。 我要把自己，還給我了。 👍 留下你的感覺或故事，我會看！ 👍 喜歡請按讚分享支持 【社群連結】 🎧 聽我的音樂： Spotify ▶ https://open.spotify.com/artist/1OFRgx5K1gftd7jvLV1EsS YouTube Music ▶ https://music.youtube.com/channel/UCnpKLh9e73Mb7N2NPDnMzrQ ▶️ 訂閱我的頻道： YouTube ▶ https://www.youtube.com/@JunnaLinMusic YouTube ▶ https://www.youtube.com/@JunnanLinMusic 📌 版權聲明 / Copyright Notice 本作品之歌詞、歌曲概念、旋律方向與影像設計由 Junna Lin 原創製作。 音樂成品使用 AI 音樂工具生成，並由本人整理與發布。 Lyrics, concept, melody direction, and visual design are originally created by Junna Lin. The final music was generated using AI music tools and published by Junna Lin. 請勿未經授權使用、重製或重新上傳。 Unauthorized use, reproduction, or re-upload is prohibited. © Junna Lin. All Rights Reserved. 🎤 演唱:AI/Junna Lin ✍️ 詞:Junna Lin 🎼 曲:Junna Lin 🎧 建議在深夜或戴上耳機聆聽，感受每一層情緒 
《把自己還給我了》寫的是一段等得太久，也委屈了太久的感情。
歌曲有在YT上線 有空的朋友們在幫忙點點讚❤️ 連結下方: https://youtu.be/qKjBvI5-Xy8
https://youtu.be/qKjBvI5-Xy8
當承諾只剩一句「改天再說」，留下的人仍一次次替對方尋找理由，直到連心痛都變得沉默。從冷掉的咖啡與一次次落空的等待中，慢慢堆疊失望，直到她終於不再追問、不再挽留，選擇轉身，把自己找回來。
不是不愛了，也不是忘記了，只是終於明白——離開一個不再回頭的人，並不代表失去；有時候，那正是把自己找回來的開始。
這一次，我不再等你了。 我要把自己，還給我了。
👍 留下你的感覺或故事，我會看！ 👍 喜歡請按讚分享支持
【社群連結】 🎧 聽我的音樂： Spotify ▶ https://open.spotify.com/artist/1OFRgx5K1gftd7jvLV1EsS YouTube Music ▶ https://music.youtube.com/channel/UCnpKLh9e73Mb7N2NPDnMzrQ
https://open.spotify.com/artist/1OFRgx5K1gftd7jvLV1EsS
https://music.youtube.com/channel/UCnpKLh9e73Mb7N2NPDnMzrQ
▶️ 訂閱我的頻道： YouTube ▶ https://www.youtube.com/@JunnaLinMusic YouTube ▶ https://www.youtube.com/@JunnanLinMusic
https://www.youtube.com/@JunnaLinMusic
https://www.youtube.com/@JunnanLinMusic
📌 版權聲明 / Copyright Notice
本作品之歌詞、歌曲概念、旋律方向與影像設計由 Junna Lin 原創製作。 音樂成品使用 AI 音樂工具生成，並由本人整理與發布。
Lyrics, concept, melody direction, and visual design are originally created by Junna Lin. The final music was generated using AI music tools and published by Junna Lin.
請勿未經授權使用、重製或重新上傳。 Unauthorized use, reproduction, or re-upload is prohibited.
© Junna Lin. All Rights Reserved.
🎤 演唱:AI/Junna Lin ✍️ 詞:Junna Lin 🎼 曲:Junna Lin
🎧 建議在深夜或戴上耳機聆聽，感受每一層情緒","動態歌詞
十二點四十七分 最後一班車早就走了 你傳來一句「改天再說」 像我們還有很多以後似的 桌上兩杯咖啡 一杯冷了 一杯沒人喝 我以前總替你找理由 今晚忽然不想找了 不是不愛了 是愛得太久 連心痛都變得沉默 你慢慢想 我就不等了 那盞替你留的燈 今晚關了 我沒有恨你 也沒有捨不得 只是這一次 不想再委屈自己了 你慢慢走 我不送你了 我們說過的永遠 就到這了 愛到最後 不一定非誰不可 是我終於捨得 把自己還給我了 冰箱裡那盒牛奶 過期三天我才發現 就像你說會回來的那天 我等了很久 才承認你不會出現 朋友都勸我算了 我還笑著說「沒什麼」 直到今天我才明白 有些人不是等不到 是我不該再等了 你不用想 我已經走了 那些沒有答案的 我不要了 我確實愛你 也確實受傷了 但我的餘生 不能只剩一句「如果」 你慢慢走 別再回頭了 我們最好的時候 我會記得 愛過的人 不一定要陪到最後 至少從今以後 我不會再弄丟我了 
十二點四十七分 最後一班車早就走了 你傳來一句「改天再說」 像我們還有很多以後似的 桌上兩杯咖啡 一杯冷了 一杯沒人喝 我以前總替你找理由 今晚忽然不想找了 不是不愛了 是愛得太久 連心痛都變得沉默 你慢慢想 我就不等了 那盞替你留的燈 今晚關了 我沒有恨你 也沒有捨不得 只是這一次 不想再委屈自己了 你慢慢走 我不送你了 我們說過的永遠 就到這了 愛到最後 不一定非誰不可 是我終於捨得 把自己還給我了 冰箱裡那盒牛奶 過期三天我才發現 就像你說會回來的那天 我等了很久 才承認你不會出現 朋友都勸我算了 我還笑著說「沒什麼」 直到今天我才明白 有些人不是等不到 是我不該再等了 你不用想 我已經走了 那些沒有答案的 我不要了 我確實愛你 也確實受傷了 但我的餘生 不能只剩一句「如果」 你慢慢走 別再回頭了 我們最好的時候 我會記得 愛過的人 不一定要陪到最後 至少從今以後 我不會再弄丟我了
留言（ 12 ） 最相關留言 所有留言
留言（ 12 ）",2026-08-19,,AI 生成 Singer / Songwriter ・ 《把自己還給自己》｜完整專輯歌詞版 (Full Album Lyric Video)｜華語音樂｜原創專輯,False,False,
2026-08-21 10:14:10,realtime,ai_generated,,,23,Dammn P.,《淡水暮色》（Twilight Over Tamsui）,11,19,2,https://streetvoice.com/Paull_Dammnpohung/songs/875437/,https://streetvoice.com/Paull_Dammnpohung/,"https://akstatic.streetvoice.com/song_covers/Pa/ul/Paull_Dammnpohung/GVKxAn2Dhv8FWoYR9BdACu.jpeg?x-oss-process=image/resize,m_fixed,h_1,w_1,limit_0/resize,m_fixed,h_630,w_1200,limit_0/watermark,image_c29uZ19jb3ZlcnMvUGEvdWwvUGF1bGxfRGFtbW5wb2h1bmcvR1ZLeEFuMkRodjhGV29ZUjlCZEFDdS5qcGVnP3gtb3NzLXByb2Nlc3M9aW1hZ2UvcmVzaXplLG1fZml4ZWQsaF8zNDQsd18zNDQsbGltaXRfMA,g_nw,x_428,y_143/watermark,image_YXNzZXQvaW1hZ2VzL21ldGFpbWFnZS1zb25nLnBuZw,g_nw,x_0,y_0",images/875437.jpeg,@Paull_Dammnpohung,音樂人,高雄市,2026-01-01,2026-06-25 10:03,151,72,93,,,https://www.youtube.com/@RuralPeace-n2q,,,Folk,,,,"【淡水暮色】Twilight Over Tamsui | 台灣懷舊那卡西輕音樂 🪗🌅 「推開時光的窗，在光陰的縫隙裡與現代交錯，穿梭舊時空。」 昔日的通商口岸褪去了洋行繁華，轉化為恬靜的河港小鎮。每日傍晚，淡水線老蒸汽火車載來返鄉客，渡船頭水面上泛著粼粼暮光，觀音山在晚霞中靜靜倒映於河面。老街小酒館與茶室中，傳來走唱樂師懷抱吉他與手風琴的悠揚樂音，將異鄉人的思念、碼頭離別的惆悵與暮色餘暉交織成一段段動人的往日情懷。 ⏳ 適用情境 ‧ 陪伴您的寧靜時光： * 🌙 深夜助眠：沉靜優雅的旋律，陪伴您卸下整天的疲憊，安心入眠。 * 📖 工作與閱讀：無歌詞的沉浸式背景音樂，幫助專心思考與靈感湧現。 * 🧘 靜心與冥想：引導心靈沉澱，感受時光的律動與靈魂的喘息。 * ☕ 懷舊放鬆：搭配一杯熱茶，沉浸在 1950 年代老淡水河畔的浪漫暮色中。 
【淡水暮色】Twilight Over Tamsui | 台灣懷舊那卡西輕音樂 🪗🌅
「推開時光的窗，在光陰的縫隙裡與現代交錯，穿梭舊時空。」
昔日的通商口岸褪去了洋行繁華，轉化為恬靜的河港小鎮。每日傍晚，淡水線老蒸汽火車載來返鄉客，渡船頭水面上泛著粼粼暮光，觀音山在晚霞中靜靜倒映於河面。老街小酒館與茶室中，傳來走唱樂師懷抱吉他與手風琴的悠揚樂音，將異鄉人的思念、碼頭離別的惆悵與暮色餘暉交織成一段段動人的往日情懷。
⏳ 適用情境 ‧ 陪伴您的寧靜時光：
* 🌙 深夜助眠：沉靜優雅的旋律，陪伴您卸下整天的疲憊，安心入眠。 * 📖 工作與閱讀：無歌詞的沉浸式背景音樂，幫助專心思考與靈感湧現。 * 🧘 靜心與冥想：引導心靈沉澱，感受時光的律動與靈魂的喘息。 * ☕ 懷舊放鬆：搭配一杯熱茶，沉浸在 1950 年代老淡水河畔的浪漫暮色中。","這是沒有提供歌詞的歌曲
留言（ 2 ） 最相關留言 所有留言
留言（ 2 ）",2026-08-19,,AI 生成 Folk,False,False,
2026-08-21 10:14:10,realtime,ai_generated,,,24,MisanHsu,The Last Winter&#x27;s Kiss,6,13,0,https://streetvoice.com/misanshui/songs/875482/,https://streetvoice.com/misanshui/,"https://akstatic.streetvoice.com/song_covers/mi/sa/misanshui/CHULEojHiSydELn3FDFuqV.jpeg?x-oss-process=image/resize,m_fixed,h_1,w_1,limit_0/resize,m_fixed,h_630,w_1200,limit_0/watermark,image_c29uZ19jb3ZlcnMvbWkvc2EvbWlzYW5zaHVpL0NIVUxFb2pIaVN5ZEVMbjNGREZ1cVYuanBlZz94LW9zcy1wcm9jZXNzPWltYWdlL3Jlc2l6ZSxtX2ZpeGVkLGhfMzQ0LHdfMzQ0LGxpbWl0XzA,g_nw,x_428,y_143/watermark,image_YXNzZXQvaW1hZ2VzL21ldGFpbWFnZS1zb25nLnBuZw,g_nw,x_0,y_0",images/875482.jpeg,@misanshui,音樂人,桃園市,2007-04-01,,44,8,7,,,https://www.youtube.com/user/StreetVoiceTV,,,Rock,Grave-Side Melodies,https://streetvoice.com/misanshui/songs/album/97325878/,,,"Shadows stretch across the frozen glass, Counting down the hours that we have. A quiet room, a heavy breathing sound, The first snow falling softly to the ground. You look at me with eyes so cold and gray, Knowing that the morning takes us far away. One last winter's kiss before the dark, Leaving just a fading, frozen mark! Hold me close and whisper in the chill, Even when the fire turns to still. The coffee cools beside the window sill, Outside the Nordic night is standing still. We never learned the art of letting go, Buried deep beneath the endless snow. The distance grows between our freezing hands, Was it real, or just a ghost of frost? One last winter's kiss before the dark, Leaving just a fading, frozen mark! Hold me close and whisper in the chill, Even when the fire turns to still. One last winter's kiss before the dark, Leaving just a fading, frozen mark! Hold me close and whisper in the chill, Even when the fire turns to still. Oh-oh, let the winter fall! Oh-oh, we survived it all! 
Shadows stretch across the frozen glass, Counting down the hours that we have. A quiet room, a heavy breathing sound, The first snow falling softly to the ground.
You look at me with eyes so cold and gray, Knowing that the morning takes us far away.
One last winter's kiss before the dark, Leaving just a fading, frozen mark! Hold me close and whisper in the chill, Even when the fire turns to still.
The coffee cools beside the window sill, Outside the Nordic night is standing still. We never learned the art of letting go, Buried deep beneath the endless snow.
The distance grows between our freezing hands, Was it real, or just a ghost of frost?
One last winter's kiss before the dark, Leaving just a fading, frozen mark! Hold me close and whisper in the chill, Even when the fire turns to still.
One last winter's kiss before the dark, Leaving just a fading, frozen mark! Hold me close and whisper in the chill, Even when the fire turns to still. Oh-oh, let the winter fall! Oh-oh, we survived it all!
留言（ 0 ） 最相關留言 所有留言
留言（ 0 ）",2026-08-19,,AI 生成 Rock ・ Grave-Side Melodies,False,False,
2026-08-21 10:14:10,realtime,ai_generated,,,25,先生,［白］Bethlehem&#x27;s Hush (伯利恆的寧靜),4,3,1,https://streetvoice.com/Joe_Joe_JJooee/songs/875611/,https://streetvoice.com/Joe_Joe_JJooee/,"https://akstatic.streetvoice.com/song_covers/Jo/e_/Joe_Joe_JJooee/bp9TtxM6nEBf5sW4Dd4j27.jpeg?x-oss-process=image/resize,m_fixed,h_1,w_1,limit_0/resize,m_fixed,h_630,w_1200,limit_0/watermark,image_c29uZ19jb3ZlcnMvSm8vZV8vSm9lX0pvZV9KSm9vZWUvYnA5VHR4TTZuRUJmNXNXNERkNGoyNy5qcGVnP3gtb3NzLXByb2Nlc3M9aW1hZ2UvcmVzaXplLG1fZml4ZWQsaF8zNDQsd18zNDQsbGltaXRfMA,g_nw,x_428,y_143/watermark,image_YXNzZXQvaW1hZ2VzL21ldGFpbWFnZS1zb25nLnBuZw,g_nw,x_0,y_0",images/875611.jpeg,@Joe_Joe_JJooee,音樂人,,,,169,10,3,,,https://www.youtube.com/user/StreetVoiceTV,無先生釋出新專輯《台北404 NOT FUN》 5/9台北The Wall專場邀應聲倒地共演|||https://blow.streetvoice.com/87487/?utm_source=streetvoice&utm_medium=profile-news-block; 【吹專訪】我們不要傷心了——鄭興談《尋找鄭先生》：「我好像沒有辦法遵循一個，所謂『鄭興要走的人設』。」|||https://blow.streetvoice.com/85649/?utm_source=streetvoice&utm_medium=profile-news-block; 鄭興公開第4張專輯名稱《尋找鄭先生》  日本攝影師川島小鳥掌鏡|||https://blow.streetvoice.com/84530/?utm_source=streetvoice&utm_medium=profile-news-block,,Religion,,,,"Rejoice! Though shadows softly creep （歡欣吧！縱使陰影悄然蔓延） A holy promise in our sleep （在我們的夢寐中，仍有神聖的應許） 
Rejoice! Though shadows softly creep （歡欣吧！縱使陰影悄然蔓延） A holy promise in our sleep （在我們的夢寐中，仍有神聖的應許）","［Verse 1］ The longest night, a silent breath （漫漫長夜裡，一聲無息的呼吸） A shadowed stillness, holding death （陰影籠罩著寂靜，伴隨著死亡的窒息） Above the hills, a single gleam （山丘之上，泛起一縷微光） A whispered hope within a dream （如夢境深處，一聲低語般的希望） We wait in the dark （我們於黑暗中靜靜守候） For a dawn we can't yet mark （等待那尚未揭曉的晨曦） ［Chorus］ Come now, Light in shadowed form （降臨吧，那隱於陰影中的光芒） To still the raging, silent storm （去平息那狂暴卻無聲的風暴） The weary world in darkness lies （疲憊的世界正沉睡於黑夜之中） A sacred secret in your eyes （而你的雙眸，凝視著神聖的奧祕） Rejoice! Though shadows softly creep （歡欣吧！縱使陰影悄然蔓延） A holy promise in our sleep （在我們的夢寐中，仍有神聖的應許） ［Verse 2］ The ancient stones, a chilling air （古老石壁間，瀰漫著寒冷的空氣） A hidden wonder lingers there （那兒仍縈繞著一絲隱密的奇蹟） Our searching gaze finds only night （我們尋覓的目光雖只觸及黑夜） Yet feels a presence, pure and bright （卻能感受那純潔而明亮的存在） A fragile warmth in winter's hold （那是寒冬籠罩下，一抹微弱的溫暖） A story whispered, ages old （也是千百年間，被低聲吟唱的傳奇） ［Chorus］ Come now, Light in shadowed form （降臨吧，那隱於陰影中的光芒） To still the raging, silent storm （去平息那狂暴卻無聲的風暴） The weary world in darkness lies （疲憊的世界正沉睡於黑夜之中） A sacred secret in your eyes （而你的雙眸，凝視著神聖的奧祕） Rejoice! Though shadows softly creep （歡欣吧！縱使陰影悄然蔓延） A holy promise in our sleep （在我們的夢寐中，仍有神聖的應許） 
［Verse 1］ The longest night, a silent breath （漫漫長夜裡，一聲無息的呼吸） A shadowed stillness, holding death （陰影籠罩著寂靜，伴隨著死亡的窒息） Above the hills, a single gleam （山丘之上，泛起一縷微光） A whispered hope within a dream （如夢境深處，一聲低語般的希望） We wait in the dark （我們於黑暗中靜靜守候） For a dawn we can't yet mark （等待那尚未揭曉的晨曦）
［Chorus］ Come now, Light in shadowed form （降臨吧，那隱於陰影中的光芒） To still the raging, silent storm （去平息那狂暴卻無聲的風暴） The weary world in darkness lies （疲憊的世界正沉睡於黑夜之中） A sacred secret in your eyes （而你的雙眸，凝視著神聖的奧祕） Rejoice! Though shadows softly creep （歡欣吧！縱使陰影悄然蔓延） A holy promise in our sleep （在我們的夢寐中，仍有神聖的應許）
［Verse 2］ The ancient stones, a chilling air （古老石壁間，瀰漫著寒冷的空氣） A hidden wonder lingers there （那兒仍縈繞著一絲隱密的奇蹟） Our searching gaze finds only night （我們尋覓的目光雖只觸及黑夜） Yet feels a presence, pure and bright （卻能感受那純潔而明亮的存在） A fragile warmth in winter's hold （那是寒冬籠罩下，一抹微弱的溫暖） A story whispered, ages old （也是千百年間，被低聲吟唱的傳奇）
［Chorus］ Come now, Light in shadowed form （降臨吧，那隱於陰影中的光芒） To still the raging, silent storm （去平息那狂暴卻無聲的風暴） The weary world in darkness lies （疲憊的世界正沉睡於黑夜之中） A sacred secret in your eyes （而你的雙眸，凝視著神聖的奧祕） Rejoice! Though shadows softly creep （歡欣吧！縱使陰影悄然蔓延） A holy promise in our sleep （在我們的夢寐中，仍有神聖的應許）
留言（ 1 ） 最相關留言 所有留言
留言（ 1 ）",2026-08-20,,AI 生成 Religion,False,False,
2026-08-21 10:14:10,realtime,ai_generated,,,26,先生,引魂［參］忘川＿A,2,2,2,https://streetvoice.com/Joe_Joe_JJooee/songs/875679/,https://streetvoice.com/Joe_Joe_JJooee/,"https://akstatic.streetvoice.com/song_covers/Jo/e_/Joe_Joe_JJooee/XJHZSGAyXqUbGaht8yjWC7.jpeg?x-oss-process=image/resize,m_fixed,h_1,w_1,limit_0/resize,m_fixed,h_630,w_1200,limit_0/watermark,image_c29uZ19jb3ZlcnMvSm8vZV8vSm9lX0pvZV9KSm9vZWUvWEpIWlNHQXlYcVViR2FodDh5aldDNy5qcGVnP3gtb3NzLXByb2Nlc3M9aW1hZ2UvcmVzaXplLG1fZml4ZWQsaF8zNDQsd18zNDQsbGltaXRfMA,g_nw,x_428,y_143/watermark,image_YXNzZXQvaW1hZ2VzL21ldGFpbWFnZS1zb25nLnBuZw,g_nw,x_0,y_0",images/875679.jpeg,@Joe_Joe_JJooee,音樂人,,,,169,10,3,,,https://www.youtube.com/user/StreetVoiceTV,無先生釋出新專輯《台北404 NOT FUN》 5/9台北The Wall專場邀應聲倒地共演|||https://blow.streetvoice.com/87487/?utm_source=streetvoice&utm_medium=profile-news-block; 【吹專訪】我們不要傷心了——鄭興談《尋找鄭先生》：「我好像沒有辦法遵循一個，所謂『鄭興要走的人設』。」|||https://blow.streetvoice.com/85649/?utm_source=streetvoice&utm_medium=profile-news-block; 鄭興公開第4張專輯名稱《尋找鄭先生》  日本攝影師川島小鳥掌鏡|||https://blow.streetvoice.com/84530/?utm_source=streetvoice&utm_medium=profile-news-block,,Pop,,,,"引魂： 壹.鬼門關 貳.孟婆熬的湯 參.忘川A+B 
引魂： 壹.鬼門關 貳.孟婆熬的湯 參.忘川A+B","[Verse 1] 忘川淌過了年月 執念纏繞著指尖 孤舟搖晃在黃泉的邊緣 霧氣漫過了雙眼 才會模糊了岸邊 誰在渡口聲聲嗚咽 [Pre-Chorus] 奈何橋下水流湍急如箭 回望一眼 轉身步入黑夜 [Chorus] 花開一千年 葉落一千年 花葉永不相見 紅塵渡口歲月漸漸 渡不過這宿命的輪迴變遷 相思如血 染紅忘川邊 盼過了花期 錯過了花期 徒留怨 [Rap 1] 青苔落上了船槳 煙雨正鎖著寒江 我將前世的過往 濃縮進一盞清香 朱砂點亮了彼岸 印在了哪頁文章 你留下的那道傷 被歲月風乾泛黃 渡口泛起的一抹微光 印出誰的模樣 這長河靜靜地流淌 掩蓋了多少悲傷 [Rap 2] 水墨暈開了過往 描繪出你的臉龐 筆鋒劃過了宣紙 留下一筆輕嘆 奈何橋邊的霜降 凍結了誓言幾段 花開花落的遺憾 在詞牌裡被詠唱 我撐著一把油紙傘 等待著誰的回航 這輪迴寫得太漫長 殘月在水面晃晃 [Chorus] 花開一千年 葉落一千年 花葉永不相見 紅塵渡口歲月漸漸 渡不過這宿命的輪迴變遷 相思如血 染紅忘川邊 盼過了花期 錯過了花期 徒留怨 [Bridge] 水面倒映出模糊的容顏 忘記了姓名與最初的諾言 只剩那一抹殘紅依稀可見 這場離別終究無法改寫 [Chorus] 花開一千年 葉落一千年 花葉永不相見 紅塵渡口歲月漸漸 渡不過這宿命的輪迴變遷 相思如血 染紅忘川邊 盼過了花期 錯過了花期 徒留怨 [Chorus] 花開一千年 葉落一千年 花葉永不相見 紅塵渡口歲月漸漸 渡不過這宿命的輪迴變遷 相思如血 染紅忘川邊 盼過了花期 錯過了花期 徒留怨 [Outro] 花落水流去 忘川無歸期 是誰嘆了一口氣 沉淪在無聲夜裡 
[Verse 1] 忘川淌過了年月 執念纏繞著指尖 孤舟搖晃在黃泉的邊緣 霧氣漫過了雙眼 才會模糊了岸邊 誰在渡口聲聲嗚咽
[Pre-Chorus] 奈何橋下水流湍急如箭 回望一眼 轉身步入黑夜
[Chorus] 花開一千年 葉落一千年 花葉永不相見 紅塵渡口歲月漸漸 渡不過這宿命的輪迴變遷 相思如血 染紅忘川邊 盼過了花期 錯過了花期 徒留怨
[Rap 1] 青苔落上了船槳 煙雨正鎖著寒江 我將前世的過往 濃縮進一盞清香 朱砂點亮了彼岸 印在了哪頁文章 你留下的那道傷 被歲月風乾泛黃 渡口泛起的一抹微光 印出誰的模樣 這長河靜靜地流淌 掩蓋了多少悲傷
[Rap 2] 水墨暈開了過往 描繪出你的臉龐 筆鋒劃過了宣紙 留下一筆輕嘆 奈何橋邊的霜降 凍結了誓言幾段 花開花落的遺憾 在詞牌裡被詠唱 我撐著一把油紙傘 等待著誰的回航 這輪迴寫得太漫長 殘月在水面晃晃
[Chorus] 花開一千年 葉落一千年 花葉永不相見 紅塵渡口歲月漸漸 渡不過這宿命的輪迴變遷 相思如血 染紅忘川邊 盼過了花期 錯過了花期 徒留怨
[Bridge] 水面倒映出模糊的容顏 忘記了姓名與最初的諾言 只剩那一抹殘紅依稀可見 這場離別終究無法改寫
[Chorus] 花開一千年 葉落一千年 花葉永不相見 紅塵渡口歲月漸漸 渡不過這宿命的輪迴變遷 相思如血 染紅忘川邊 盼過了花期 錯過了花期 徒留怨
[Chorus] 花開一千年 葉落一千年 花葉永不相見 紅塵渡口歲月漸漸 渡不過這宿命的輪迴變遷 相思如血 染紅忘川邊 盼過了花期 錯過了花期 徒留怨
[Outro] 花落水流去 忘川無歸期 是誰嘆了一口氣 沉淪在無聲夜裡
留言（ 2 ） 最相關留言 所有留言
留言（ 2 ）",2026-08-21,,AI 生成 Pop,False,False,
2026-08-21 10:14:10,realtime,ai_generated,,,27,純音樂,餘光  |  輕音樂,2,13,5,https://streetvoice.com/sv430531/songs/875410/,https://streetvoice.com/sv430531/,"https://akstatic.streetvoice.com/song_covers/sv/43/sv430531/BJD2ZcnXPKe8P8HpeCbJ5o.jpeg?x-oss-process=image/resize,m_fixed,h_1,w_1,limit_0/resize,m_fixed,h_630,w_1200,limit_0/watermark,image_c29uZ19jb3ZlcnMvc3YvNDMvc3Y0MzA1MzEvQkpEMlpjblhQS2U4UDhIcGVDYko1by5qcGVnP3gtb3NzLXByb2Nlc3M9aW1hZ2UvcmVzaXplLG1fZml4ZWQsaF8zNDQsd18zNDQsbGltaXRfMA,g_nw,x_428,y_143/watermark,image_YXNzZXQvaW1hZ2VzL21ldGFpbWFnZS1zb25nLnBuZw,g_nw,x_0,y_0",images/875410.jpeg,@sv430531,音樂人,新北市,2026-05-01,,59,34,57,,,https://www.youtube.com/user/StreetVoiceTV,「帥氣認真的純音樂演奏樂團」體熊專科推出五專《Topic 5: 召喚 Calling》 再邀北城浩志操刀混音後製|||https://blow.streetvoice.com/76130/?utm_source=streetvoice&utm_medium=profile-news-block; 展現音樂 + 小說的世界觀 地底樂團發行純音樂單曲|||https://blow.streetvoice.com/25263/?utm_source=streetvoice&utm_medium=profile-news-block; Omicron 話梅鹿 Last Digits 用純音樂演奏鋪陳聽覺饗宴|||https://blow.streetvoice.com/15807/?utm_source=streetvoice&utm_medium=profile-news-block,,Soundtrack / New age,,,cmc168,,"無歌詞 
無歌詞
留言（ 5 ） 最相關留言 所有留言
留言（ 5 ）",2026-08-19,,AI 生成 Soundtrack / New age,False,False,
2026-08-21 10:14:10,realtime,ai_generated,,,28,Anita_Xu,轉身之後,2,4,2,https://streetvoice.com/Anita_Xu/songs/875624/,https://streetvoice.com/Anita_Xu/,"https://akstatic.streetvoice.com/profile_images/An/it/Anita_Xu/Ph97Cqx5diCbznCP7HT97r.jpg?x-oss-process=image/resize,m_fixed,h_1,w_1,limit_0/resize,m_fixed,h_630,w_1200,limit_0/watermark,image_cHJvZmlsZV9pbWFnZXMvQW4vaXQvQW5pdGFfWHUvUGg5N0NxeDVkaUNiem5DUDdIVDk3ci5qcGc_eC1vc3MtcHJvY2Vzcz1pbWFnZS9yZXNpemUsbV9maXhlZCxoXzM0NCx3XzM0NCxsaW1pdF8w,g_nw,x_428,y_143/watermark,image_YXNzZXQvaW1hZ2VzL21ldGFpbWFnZS1zb25nLnBuZw,g_nw,x_0,y_0",images/875624.jpg,@Anita_Xu,音樂人,,,,3,1,1,,,https://www.youtube.com/user/StreetVoiceTV,,,Pop,,,,"​「把真心奉上當作塵埃，收起所有不該有的奢求。當看清了愛裡的虛偽與自私，轉身之後，我終於學會走開。」 
​「把真心奉上當作塵埃，收起所有不該有的奢求。當看清了愛裡的虛偽與自私，轉身之後，我終於學會走開。」","我將真心奉上 你當作塵埃 所有期待全被 你親手掩埋 不再拾起碎裂的熱愛 不再憐惜冰冷的殘骸 原來是我奢求 不該有的愛 死心塌地換來 互相傷害 一步步走出 你的世界 看清真相 你眼中荒蕪一片 給不起真愛 只能讓人心碎 轉身之後 我終於學會走開 我將真心奉上 你當作塵埃 所有期待全被 你親手掩埋 不必再拾起碎裂的熱愛 也不再憐惜冰冷的殘骸 原來是我奢求 不該有的愛 死心塌地換來 互相傷害 一步步走出 你的世界 看清真相 你的愛太多虛偽 給不起真愛 只能讓人疲憊 轉身之後 我終於學會走開 一步步走出 你的世界 看清原來 自私才是你的愛 給不起真愛 只能讓人落淚 轉身之後 我終於學會走開 
我將真心奉上 你當作塵埃 所有期待全被 你親手掩埋 不再拾起碎裂的熱愛 不再憐惜冰冷的殘骸 原來是我奢求 不該有的愛 死心塌地換來 互相傷害 一步步走出 你的世界 看清真相 你眼中荒蕪一片 給不起真愛 只能讓人心碎 轉身之後 我終於學會走開 我將真心奉上 你當作塵埃 所有期待全被 你親手掩埋 不必再拾起碎裂的熱愛 也不再憐惜冰冷的殘骸 原來是我奢求 不該有的愛 死心塌地換來 互相傷害 一步步走出 你的世界 看清真相 你的愛太多虛偽 給不起真愛 只能讓人疲憊 轉身之後 我終於學會走開 一步步走出 你的世界 看清原來 自私才是你的愛 給不起真愛 只能讓人落淚 轉身之後 我終於學會走開
留言（ 2 ） 最相關留言 所有留言
留言（ 2 ）",2026-08-20,,AI 生成 Pop,False,False,
2026-08-21 10:14:10,realtime,ai_generated,,,29,先生,引魂［貳］孟婆熬的湯,1,1,1,https://streetvoice.com/Joe_Joe_JJooee/songs/875678/,https://streetvoice.com/Joe_Joe_JJooee/,"https://akstatic.streetvoice.com/song_covers/Jo/e_/Joe_Joe_JJooee/QPtYHQnXwjkYBGirmqmo4f.jpeg?x-oss-process=image/resize,m_fixed,h_1,w_1,limit_0/resize,m_fixed,h_630,w_1200,limit_0/watermark,image_c29uZ19jb3ZlcnMvSm8vZV8vSm9lX0pvZV9KSm9vZWUvUVB0WUhRblh3amtZQkdpcm1xbW80Zi5qcGVnP3gtb3NzLXByb2Nlc3M9aW1hZ2UvcmVzaXplLG1fZml4ZWQsaF8zNDQsd18zNDQsbGltaXRfMA,g_nw,x_428,y_143/watermark,image_YXNzZXQvaW1hZ2VzL21ldGFpbWFnZS1zb25nLnBuZw,g_nw,x_0,y_0",images/875678.jpeg,@Joe_Joe_JJooee,音樂人,,,,169,10,3,,,https://www.youtube.com/user/StreetVoiceTV,無先生釋出新專輯《台北404 NOT FUN》 5/9台北The Wall專場邀應聲倒地共演|||https://blow.streetvoice.com/87487/?utm_source=streetvoice&utm_medium=profile-news-block; 【吹專訪】我們不要傷心了——鄭興談《尋找鄭先生》：「我好像沒有辦法遵循一個，所謂『鄭興要走的人設』。」|||https://blow.streetvoice.com/85649/?utm_source=streetvoice&utm_medium=profile-news-block; 鄭興公開第4張專輯名稱《尋找鄭先生》  日本攝影師川島小鳥掌鏡|||https://blow.streetvoice.com/84530/?utm_source=streetvoice&utm_medium=profile-news-block,,Pop,,,,"引魂： 壹.鬼門關 貳.孟婆熬的湯 參.忘川：A、B 
引魂： 壹.鬼門關 貳.孟婆熬的湯 參.忘川：A、B","[Intro] 「能再給我一碗嗎？」 [Verse 1] 石橋邊 彼岸花 火紅一片 忘川水 潺潺流 映出從前 我低頭 輕輕嘆 握不住緣 輪迴前 誰又來 續寫思念 輕煙繚繞間 淚水朦朧了雙眼 碗裡乾坤藏 多少愛與恨糾結 問孟婆可否再讓我看一眼 [Chorus] 喝一碗孟婆熬的湯 想要遺忘了過往 一飲而盡後 兩清了惆悵 再喝一碗孟婆熬的湯 轉身就告別過往 可舊日的那一張臉龐 怎麼還在心頭遊蕩 [Verse 2] 月影沉 風聲冷 孤燈一盞 奈何橋 霧漫漫 淹沒前塵 我抬頭 輕輕問 留下誰人 碗落地 誰又將 故事封存 薄霧散盡間 舊夢浮沉了幾分 杯中乾坤藏 多少未了的傷痕 問孟婆可否再讓我等一等 [Chorus] 喝一碗孟婆熬的湯 想要遺忘了過往 一飲而盡後 兩清了惆悵 再喝一碗孟婆熬的湯 轉身要告別過往 可舊日的那一張臉龐 怎麼還在心頭遊蕩 [Bridge] 如果回憶能輕易淡忘 如果心痛能不再囂張 或許就不用再喝一碗 再喝一碗 再喝一碗 [Chorus] 喝一碗孟婆熬的湯 想要遺忘了過往 一飲而盡後 兩清了惆悵 再喝一碗孟婆熬的湯 轉身就告別過往 可舊日的那一張臉龐 怎麼還在心頭遊蕩 [Chorus] 喝一碗～ 再喝一碗～ 再喝一碗啊～ 一飲而盡後 兩清了惆悵 喝一碗～ 再喝一碗～ 再喝一碗啊～ 可舊日的那一張臉龐 怎麼還在心頭遊蕩 [Outro] 我不想忘～ 我不想忘～ 我不想忘 
[Intro] 「能再給我一碗嗎？」
[Verse 1] 石橋邊 彼岸花 火紅一片 忘川水 潺潺流 映出從前 我低頭 輕輕嘆 握不住緣 輪迴前 誰又來 續寫思念
輕煙繚繞間 淚水朦朧了雙眼 碗裡乾坤藏 多少愛與恨糾結 問孟婆可否再讓我看一眼
[Chorus] 喝一碗孟婆熬的湯 想要遺忘了過往 一飲而盡後 兩清了惆悵
再喝一碗孟婆熬的湯 轉身就告別過往 可舊日的那一張臉龐 怎麼還在心頭遊蕩
[Verse 2] 月影沉 風聲冷 孤燈一盞 奈何橋 霧漫漫 淹沒前塵 我抬頭 輕輕問 留下誰人 碗落地 誰又將 故事封存
薄霧散盡間 舊夢浮沉了幾分 杯中乾坤藏 多少未了的傷痕 問孟婆可否再讓我等一等
[Chorus] 喝一碗孟婆熬的湯 想要遺忘了過往 一飲而盡後 兩清了惆悵
再喝一碗孟婆熬的湯 轉身要告別過往 可舊日的那一張臉龐 怎麼還在心頭遊蕩
[Bridge] 如果回憶能輕易淡忘 如果心痛能不再囂張 或許就不用再喝一碗 再喝一碗 再喝一碗
[Chorus] 喝一碗孟婆熬的湯 想要遺忘了過往 一飲而盡後 兩清了惆悵
再喝一碗孟婆熬的湯 轉身就告別過往 可舊日的那一張臉龐 怎麼還在心頭遊蕩
[Chorus] 喝一碗～ 再喝一碗～ 再喝一碗啊～ 一飲而盡後 兩清了惆悵
喝一碗～ 再喝一碗～ 再喝一碗啊～ 可舊日的那一張臉龐 怎麼還在心頭遊蕩
[Outro] 我不想忘～ 我不想忘～ 我不想忘
留言（ 1 ） 最相關留言 所有留言
留言（ 1 ）",2026-08-21,,AI 生成 Pop,False,False,
2026-08-21 10:14:10,realtime,ai_generated,,,30,hikoho,獨家愛情,11,72,13,https://streetvoice.com/hikoho/songs/875347/,https://streetvoice.com/hikoho/,"https://akstatic.streetvoice.com/song_covers/hi/ko/hikoho/XzGVRECLAzEw5MTXn7gGwd.jpeg?x-oss-process=image/resize,m_fixed,h_1,w_1,limit_0/resize,m_fixed,h_630,w_1200,limit_0/watermark,image_c29uZ19jb3ZlcnMvaGkva28vaGlrb2hvL1h6R1ZSRUNMQXpFdzVNVFhuN2dHd2QuanBlZz94LW9zcy1wcm9jZXNzPWltYWdlL3Jlc2l6ZSxtX2ZpeGVkLGhfMzQ0LHdfMzQ0LGxpbWl0XzA,g_nw,x_428,y_143/watermark,image_YXNzZXQvaW1hZ2VzL21ldGFpbWFnZS1zb25nLnBuZw,g_nw,x_0,y_0",images/875347.jpeg,@hikoho,音樂人,基隆市,2025-05-01,2025-12-29 09:53,25,37,21,https://www.facebook.com/profile.php?id=61574094953630,,http://www.youtube.com/@hikohoMUSIC,,,Pop,,,,"💗 這是我給妳的獨家愛情，只給獨一無二的妳。 有些愛，不需要驚天動地。 也許只是一句晚安、一餐晚飯、一個擁抱， 或是在妳偶爾對世界感到失望的時候， 依然有人願意把懷抱留給妳。 我特別選在 七夕情人節 發布這首歌。🌹 也許愛情真正浪漫的地方， 從來不是擁有多少華麗的情節， 而是在漫長歲月裡，始終願意告訴同一個人： 「這份愛沒有第二份，因為是妳，所以是獨家。」 
💗 這是我給妳的獨家愛情，只給獨一無二的妳。
有些愛，不需要驚天動地。 也許只是一句晚安、一餐晚飯、一個擁抱， 或是在妳偶爾對世界感到失望的時候， 依然有人願意把懷抱留給妳。
我特別選在 七夕情人節 發布這首歌。🌹
也許愛情真正浪漫的地方， 從來不是擁有多少華麗的情節， 而是在漫長歲月裡，始終願意告訴同一個人：
「這份愛沒有第二份，因為是妳，所以是獨家。」","我把清晨的第一道光 偷偷放進妳的手掌 怕妳醒來覺得天氣微涼 就先替妳收藏太陽 妳笑起來像花開一樣 風都變得溫柔明亮 我不需要全世界鼓掌 只要妳懂我的模樣 我把想念寫成了日常 藏在每句晚安裡面發燙 妳一靠近我就會慌張 連心跳都忘了偽裝 別人問我愛是什麼形狀 我只想到妳的臉龐 人海再擁擠再匆忙 我眼裡只有妳發光 這是我給妳的獨家愛情 只給獨一無二的妳 不複製 不轉讓 只屬於妳 每一秒都寫著妳姓名 這是我給妳的獨家愛情 只為妳一個人動心 全世界再美麗的風景 都不如妳回頭看我的眼睛 我想陪妳走過每個晴朗 也陪妳躲進雨聲中央 妳若偶爾對世界失望 我就把懷抱借妳停放 我們不用多偉大的篇章 只要平凡也能珍藏 一餐晚飯 一盞燈光 都是我想愛妳的地方 這是我給妳的獨家愛情 只給獨一無二的妳 不複製 不轉讓 只屬於妳 每一秒都寫著妳姓名 這是我給妳的獨家愛情 只為妳一個人動心 就算歲月慢慢老去 我還是想牽著妳走下去 這份獨家愛情 只給獨一無二的妳 妳是我此生 最甜蜜的唯一 
我把清晨的第一道光 偷偷放進妳的手掌 怕妳醒來覺得天氣微涼 就先替妳收藏太陽
妳笑起來像花開一樣 風都變得溫柔明亮 我不需要全世界鼓掌 只要妳懂我的模樣
我把想念寫成了日常 藏在每句晚安裡面發燙 妳一靠近我就會慌張 連心跳都忘了偽裝
別人問我愛是什麼形狀 我只想到妳的臉龐 人海再擁擠再匆忙 我眼裡只有妳發光
這是我給妳的獨家愛情 只給獨一無二的妳 不複製 不轉讓 只屬於妳 每一秒都寫著妳姓名
這是我給妳的獨家愛情 只為妳一個人動心 全世界再美麗的風景 都不如妳回頭看我的眼睛
我想陪妳走過每個晴朗 也陪妳躲進雨聲中央 妳若偶爾對世界失望 我就把懷抱借妳停放
我們不用多偉大的篇章 只要平凡也能珍藏 一餐晚飯 一盞燈光 都是我想愛妳的地方
這是我給妳的獨家愛情 只給獨一無二的妳 不複製 不轉讓 只屬於妳 每一秒都寫著妳姓名
這是我給妳的獨家愛情 只為妳一個人動心 就算歲月慢慢老去 我還是想牽著妳走下去
這份獨家愛情 只給獨一無二的妳 妳是我此生 最甜蜜的唯一
留言（ 13 ） 最相關留言 所有留言
留言（ 13 ）",2026-08-19,,AI 生成 Pop,False,False,
2026-08-21 10:14:10,realtime,ai_generated,,,31,先生,［橘］Bethlehem&#x27;s Hush (伯利恆的寧靜),1,1,0,https://streetvoice.com/Joe_Joe_JJooee/songs/875617/,https://streetvoice.com/Joe_Joe_JJooee/,"https://akstatic.streetvoice.com/song_covers/Jo/e_/Joe_Joe_JJooee/8yDSrtEHJagResX2vDHRup.jpeg?x-oss-process=image/resize,m_fixed,h_1,w_1,limit_0/resize,m_fixed,h_630,w_1200,limit_0/watermark,image_c29uZ19jb3ZlcnMvSm8vZV8vSm9lX0pvZV9KSm9vZWUvOHlEU3J0RUhKYWdSZXNYMnZESFJ1cC5qcGVnP3gtb3NzLXByb2Nlc3M9aW1hZ2UvcmVzaXplLG1fZml4ZWQsaF8zNDQsd18zNDQsbGltaXRfMA,g_nw,x_428,y_143/watermark,image_YXNzZXQvaW1hZ2VzL21ldGFpbWFnZS1zb25nLnBuZw,g_nw,x_0,y_0",images/875617.jpeg,@Joe_Joe_JJooee,音樂人,,,,169,10,3,,,https://www.youtube.com/user/StreetVoiceTV,無先生釋出新專輯《台北404 NOT FUN》 5/9台北The Wall專場邀應聲倒地共演|||https://blow.streetvoice.com/87487/?utm_source=streetvoice&utm_medium=profile-news-block; 【吹專訪】我們不要傷心了——鄭興談《尋找鄭先生》：「我好像沒有辦法遵循一個，所謂『鄭興要走的人設』。」|||https://blow.streetvoice.com/85649/?utm_source=streetvoice&utm_medium=profile-news-block; 鄭興公開第4張專輯名稱《尋找鄭先生》  日本攝影師川島小鳥掌鏡|||https://blow.streetvoice.com/84530/?utm_source=streetvoice&utm_medium=profile-news-block,,Religion,,,,"Rejoice! Though shadows softly creep 歡欣吧！縱使陰影悄然蔓延 A holy promise in our sleep 我們的夢寐中，終有神聖的應許 《用這首歌幫一位朋友祈禱一下》 就在剛剛完成這歌時， 又一簡訊說有位朋友病危了。 聽他父親說已經找好葬儀社⋯ 他父親=我前老闆， 也就是說小老闆病危了。 以前小老闆還蠻挺我的， 只不過總是愛喝我珍奶， 還我紅茶， 再不然就是偷吃我有肉的泡麵， 再還我科學麵⋯ 雖然他總是會佔我便宜、讓我背黑鍋， 但臨時有事要請假、或著排假時， 他從沒二話過的。 希望他能平安順利⋯ 
Rejoice! Though shadows softly creep 歡欣吧！縱使陰影悄然蔓延 A holy promise in our sleep 我們的夢寐中，終有神聖的應許
《用這首歌幫一位朋友祈禱一下》 就在剛剛完成這歌時， 又一簡訊說有位朋友病危了。 聽他父親說已經找好葬儀社⋯ 他父親=我前老闆， 也就是說小老闆病危了。
以前小老闆還蠻挺我的， 只不過總是愛喝我珍奶， 還我紅茶， 再不然就是偷吃我有肉的泡麵， 再還我科學麵⋯
雖然他總是會佔我便宜、讓我背黑鍋， 但臨時有事要請假、或著排假時， 他從沒二話過的。
希望他能平安順利⋯","［Verse 1］ The longest night, a silent breath 漫夜無垠，微息無聲 A shadowed stillness, holding death 影寂如凝，死寂如影 Above the hills, a single gleam 山丘之上，微光一抹 A whispered hope within a dream 如夢深處，低語之盼 We wait in the dark 我們佇立於黑暗 For a dawn we can't yet mark 守候那尚未銘刻的黎明 ［Chorus］ Come now, Light in shadowed form 降臨吧，隱於幽暗的光芒 To still the raging, silent storm 撫平那狂暴卻無聲的風暴 The weary world in darkness lies 疲憊的世界沉睡於黑夜之中 A sacred secret in your eyes 而你的雙眸，凝望著神聖的奧祕 Rejoice! Though shadows softly creep 歡欣吧！縱使陰影悄然蔓延 A holy promise in our sleep 我們的夢寐中，終有神聖的應許 ［Verse 2］ The ancient stones, a chilling air 古石千載，寒氣逼人 A hidden wonder lingers there 那兒仍縈繞著幽微的奇蹟 Our searching gaze finds only night 我們尋覓的目光雖只觸及黑夜 Yet feels a presence, pure and bright 卻能感受那純潔而明亮的存在 A fragile warmth in winter's hold 那是寒冬籠罩下，一抹微弱的溫暖 A story whispered, ages old 也是千百年間，被低聲吟唱的傳奇 ［Chorus］ Come now, Light in shadowed form 降臨吧，隱於幽暗的光芒 To still the raging, silent storm 撫平那狂暴卻無聲的風暴 The weary world in darkness lies 疲憊的世界沉睡於黑夜之中 A sacred secret in your eyes 而你的雙眸，凝望著神聖的奧祕 Rejoice! Though shadows softly creep 歡欣吧！縱使陰影悄然蔓延 A holy promise in our sleep 我們的夢寐中，終有神聖的應許 Rejoice! Though shadows softly creep 歡欣吧！縱使陰影悄然蔓延 A holy promise in our sleep 我們的夢寐中，終有神聖的應許 Rejoice! Though shadows softly creep 歡欣吧！縱使陰影悄然蔓延 A holy promise in our sleep 我們的夢寐中，終有神聖的應許 
［Verse 1］ The longest night, a silent breath 漫夜無垠，微息無聲 A shadowed stillness, holding death 影寂如凝，死寂如影 Above the hills, a single gleam 山丘之上，微光一抹 A whispered hope within a dream 如夢深處，低語之盼 We wait in the dark 我們佇立於黑暗 For a dawn we can't yet mark 守候那尚未銘刻的黎明
［Chorus］ Come now, Light in shadowed form 降臨吧，隱於幽暗的光芒 To still the raging, silent storm 撫平那狂暴卻無聲的風暴 The weary world in darkness lies 疲憊的世界沉睡於黑夜之中 A sacred secret in your eyes 而你的雙眸，凝望著神聖的奧祕 Rejoice! Though shadows softly creep 歡欣吧！縱使陰影悄然蔓延 A holy promise in our sleep 我們的夢寐中，終有神聖的應許
［Verse 2］ The ancient stones, a chilling air 古石千載，寒氣逼人 A hidden wonder lingers there 那兒仍縈繞著幽微的奇蹟 Our searching gaze finds only night 我們尋覓的目光雖只觸及黑夜 Yet feels a presence, pure and bright 卻能感受那純潔而明亮的存在 A fragile warmth in winter's hold 那是寒冬籠罩下，一抹微弱的溫暖 A story whispered, ages old 也是千百年間，被低聲吟唱的傳奇
［Chorus］ Come now, Light in shadowed form 降臨吧，隱於幽暗的光芒 To still the raging, silent storm 撫平那狂暴卻無聲的風暴 The weary world in darkness lies 疲憊的世界沉睡於黑夜之中 A sacred secret in your eyes 而你的雙眸，凝望著神聖的奧祕 Rejoice! Though shadows softly creep 歡欣吧！縱使陰影悄然蔓延 A holy promise in our sleep 我們的夢寐中，終有神聖的應許
Rejoice! Though shadows softly creep 歡欣吧！縱使陰影悄然蔓延 A holy promise in our sleep 我們的夢寐中，終有神聖的應許
Rejoice! Though shadows softly creep 歡欣吧！縱使陰影悄然蔓延 A holy promise in our sleep 我們的夢寐中，終有神聖的應許
留言（ 0 ） 最相關留言 所有留言
留言（ 0 ）",2026-08-20,,AI 生成 Religion,False,False,
2026-08-21 10:14:10,realtime,ai_generated,,,32,Fukuball,微酸氣泡 (Lemon Soda),2,3,3,https://streetvoice.com/fukuball/songs/875471/,https://streetvoice.com/fukuball/,"https://akstatic.streetvoice.com/song_covers/fu/ku/fukuball/5Wx8Vzq2AQtNwmF2y6t6i4.jpeg?x-oss-process=image/resize,m_fixed,h_1,w_1,limit_0/resize,m_fixed,h_630,w_1200,limit_0/watermark,image_c29uZ19jb3ZlcnMvZnUva3UvZnVrdWJhbGwvNVd4OFZ6cTJBUXROd21GMnk2dDZpNC5qcGVnP3gtb3NzLXByb2Nlc3M9aW1hZ2UvcmVzaXplLG1fZml4ZWQsaF8zNDQsd18zNDQsbGltaXRfMA,g_nw,x_428,y_143/watermark,image_YXNzZXQvaW1hZ2VzL21ldGFpbWFnZS1zb25nLnBuZw,g_nw,x_0,y_0",images/875471.jpeg,@fukuball,音樂人,台北市,2011-12-01,,77,14,1,,,https://www.youtube.com/user/StreetVoiceTV,,,Folk,,,,"Produce: Fukuball Performance: Miss Joan 本來這首〈微酸氣泡〉曲風完全不是這樣，不知不覺又把它做成 Acoustic 的曲風，好像還蠻適合民謠吉他社的～ #AcousticGuitar #Unplugged #Music #音樂 
Produce: Fukuball Performance: Miss Joan
本來這首〈微酸氣泡〉曲風完全不是這樣，不知不覺又把它做成 Acoustic 的曲風，好像還蠻適合民謠吉他社的～
#AcousticGuitar #Unplugged #Music #音樂","[Intro] [Verse 1] 晴朗午後 依然沒能見到面 沒關係的 我竟然鬆了一口氣 手裡握著 已經去氣泡的酸甜 一口喝下 這無精打采的午後 [Chorus] 就讓我們 坦然地踏上旅程吧 勇敢去哭 一場再大聲地笑吧 [Verse 2] 捧著花朵 繞了遠路又跌跤 假裝點頭 偷看妳隱藏的軟弱 我們兩個 都太過膽小和脆弱 不敢跨越 只能看著天色漸亮 [Chorus] 就讓我們 坦然地踏上旅程吧 勇敢去哭 一場再大聲地笑吧 我們兩個 都太過膽小和脆弱 不敢跨越 只能看著天色漸亮 [Bridge] 在昏暗的巷口 狂奔著 以為妳還在 身後看著 原來我們 早就離去 [Pre-Chorus] 錯過了末班車 轉身走開 再也見不到妳 只能離開 明明曾經靠得 那樣近 卻在不知不覺 越走越遠 [Chorus] 就讓我們 坦然地踏上旅程吧 勇敢去哭 一場再大聲地笑吧 就讓我們 坦然地踏上旅程吧 勇敢去哭 一場再大聲地笑吧 [Outro] Ah-ah-ah... Ah-ah-ah... [Ending] [End] 
[Intro]
[Verse 1] 晴朗午後 依然沒能見到面 沒關係的 我竟然鬆了一口氣 手裡握著 已經去氣泡的酸甜 一口喝下 這無精打采的午後
[Chorus] 就讓我們 坦然地踏上旅程吧 勇敢去哭 一場再大聲地笑吧
[Verse 2] 捧著花朵 繞了遠路又跌跤 假裝點頭 偷看妳隱藏的軟弱 我們兩個 都太過膽小和脆弱 不敢跨越 只能看著天色漸亮
[Chorus] 就讓我們 坦然地踏上旅程吧 勇敢去哭 一場再大聲地笑吧 我們兩個 都太過膽小和脆弱 不敢跨越 只能看著天色漸亮
[Bridge] 在昏暗的巷口 狂奔著 以為妳還在 身後看著 原來我們 早就離去
[Pre-Chorus] 錯過了末班車 轉身走開 再也見不到妳 只能離開
明明曾經靠得 那樣近 卻在不知不覺 越走越遠
[Chorus] 就讓我們 坦然地踏上旅程吧 勇敢去哭 一場再大聲地笑吧 就讓我們 坦然地踏上旅程吧 勇敢去哭 一場再大聲地笑吧
[Outro] Ah-ah-ah... Ah-ah-ah...
[Ending] [End]
留言（ 3 ） 最相關留言 所有留言
留言（ 3 ）",2026-08-19,,AI 生成 Folk,False,False,
2026-08-21 10:14:10,realtime,ai_generated,,,33,Anita_Xu,埋葬,3,4,1,https://streetvoice.com/Anita_Xu/songs/875493/,https://streetvoice.com/Anita_Xu/,"https://akstatic.streetvoice.com/profile_images/An/it/Anita_Xu/Ph97Cqx5diCbznCP7HT97r.jpg?x-oss-process=image/resize,m_fixed,h_1,w_1,limit_0/resize,m_fixed,h_630,w_1200,limit_0/watermark,image_cHJvZmlsZV9pbWFnZXMvQW4vaXQvQW5pdGFfWHUvUGg5N0NxeDVkaUNiem5DUDdIVDk3ci5qcGc_eC1vc3MtcHJvY2Vzcz1pbWFnZS9yZXNpemUsbV9maXhlZCxoXzM0NCx3XzM0NCxsaW1pdF8w,g_nw,x_428,y_143/watermark,image_YXNzZXQvaW1hZ2VzL21ldGFpbWFnZS1zb25nLnBuZw,g_nw,x_0,y_0",images/875493.jpg,@Anita_Xu,音樂人,,,,3,1,1,,,https://www.youtube.com/user/StreetVoiceTV,,,Pop,,,,"​「你隨口的一句，是壓垮我的巨浪；我用命去抵抗，在你眼裡衹是平凡。」 ​當冷漠與流言襲來，那些曾經期盼的溫暖與關懷，終究只是一場假象。如果無力再爭論與控訴，那就將這顆破碎的心，默默埋葬在沒人看見的遠方…… 
​「你隨口的一句，是壓垮我的巨浪；我用命去抵抗，在你眼裡衹是平凡。」 ​當冷漠與流言襲來，那些曾經期盼的溫暖與關懷，終究只是一場假象。如果無力再爭論與控訴，那就將這顆破碎的心，默默埋葬在沒人看見的遠方……","無情把我推進冷漠的世界 殘忍地撕開層層埋藏的傷 流下疼痛的血  在冰冷的空氣裡發燙 這次我不知道  是否還能痊癒如往常 一切只能無助地留給時間  任由它流淌 是否能默默地  將我破碎的心一起埋葬 那些高高在上  偽善的目光 聽著流言蜚語  妳笑得如此心安 妳隨口的一句是壓垮我的巨浪 我用命去抵擋在妳眼裡只是平凡 爭論變得廉價  控訴也顯得荒涼 妳的轉身太過優雅 留下我在黑夜裡徬徨 既然溫暖是種奢望 關懷只是假象 那就讓我獨自沈睡 在沒人看見的遠方 
無情把我推進冷漠的世界 殘忍地撕開層層埋藏的傷 流下疼痛的血  在冰冷的空氣裡發燙 這次我不知道  是否還能痊癒如往常 一切只能無助地留給時間  任由它流淌 是否能默默地  將我破碎的心一起埋葬 那些高高在上  偽善的目光 聽著流言蜚語  妳笑得如此心安 妳隨口的一句是壓垮我的巨浪 我用命去抵擋在妳眼裡只是平凡 爭論變得廉價  控訴也顯得荒涼 妳的轉身太過優雅 留下我在黑夜裡徬徨 既然溫暖是種奢望 關懷只是假象 那就讓我獨自沈睡 在沒人看見的遠方
留言（ 1 ） 最相關留言 所有留言
留言（ 1 ）",2026-08-19,,AI 生成 Pop,False,False,
2026-08-21 10:14:10,realtime,ai_generated,,,34,song for whom(зӮәиӘ°е”ұжӯҢ),副歌的秘密,9,14,3,https://streetvoice.com/ruby2100/songs/874948/,https://streetvoice.com/ruby2100/,"https://akstatic.streetvoice.com/song_covers/ru/by/ruby2100/9BPkdNKJUjrqH6WDMwpKAe.jpeg?x-oss-process=image/resize,m_fixed,h_1,w_1,limit_0/resize,m_fixed,h_630,w_1200,limit_0/watermark,image_c29uZ19jb3ZlcnMvcnUvYnkvcnVieTIxMDAvOUJQa2ROS0pVanJxSDZXRE13cEtBZS5qcGVnP3gtb3NzLXByb2Nlc3M9aW1hZ2UvcmVzaXplLG1fZml4ZWQsaF8zNDQsd18zNDQsbGltaXRfMA,g_nw,x_428,y_143/watermark,image_YXNzZXQvaW1hZ2VzL21ldGFpbWFnZS1zb25nLnBuZw,g_nw,x_0,y_0",images/874948.jpeg,,,,,,145,26,19,,,https://www.youtube.com/user/StreetVoiceTV,,,Pop,,,,"「有些秘密不是沒有說出口，而是悄悄藏在副歌裡，等懂的人聽見。」 《副歌裡的秘密》是一首關於深夜想念、未讀心事與不敢告白的失戀情歌。 手機亮了一整夜， 訊息刪了又打， 不是沒有話想說， 而是太害怕對方不回應。 歌裡的人努力把難過壓低， 努力假裝自己已經釋懷， 可一到深夜安靜下來， 心還是會偷偷跑向那個人。 最喜歡的一句是： 「等螢幕暗了才敢說愛。」 這句很痛， 也很像現代感情裡最安靜的崩潰。 明明愛還在， 卻只能對著暗掉的螢幕承認； 明明想靠近， 卻怕一開口， 連最後一點沉默都變成拒絕。 《副歌裡的秘密》最特別的地方， 是副歌用了藏頭詩的寫法。 「我把晚安聽到心發白」 「還假裝清醒說能釋懷」 「在刪除鍵前停了下來」 「等螢幕暗了才敢說愛」 「你留下沉默像一片海」 「回憶一靠近我就躲不開」 「來不及放下也等不到你回來」 藏起來的那一句， 其實是—— 「我還在等你回來。」 這不是普通的告白， 而是一個人把最不敢說的真心， 藏進最容易被聽見的地方。 這首歌唱完以前， 她都沒有真正說出口。 可是副歌裡， 全都是她不敢告訴你的秘密。 — 喬晚 
「有些秘密不是沒有說出口，而是悄悄藏在副歌裡，等懂的人聽見。」
《副歌裡的秘密》是一首關於深夜想念、未讀心事與不敢告白的失戀情歌。
手機亮了一整夜，
訊息刪了又打，
不是沒有話想說，
而是太害怕對方不回應。
歌裡的人努力把難過壓低，
努力假裝自己已經釋懷，
可一到深夜安靜下來，
心還是會偷偷跑向那個人。
最喜歡的一句是：
「等螢幕暗了才敢說愛。」
這句很痛，
也很像現代感情裡最安靜的崩潰。
明明愛還在，
卻只能對著暗掉的螢幕承認；
明明想靠近，
卻怕一開口，
連最後一點沉默都變成拒絕。
《副歌裡的秘密》最特別的地方，
是副歌用了藏頭詩的寫法。
「我把晚安聽到心發白」
「還假裝清醒說能釋懷」
「在刪除鍵前停了下來」
「等螢幕暗了才敢說愛」
「你留下沉默像一片海」
「回憶一靠近我就躲不開」
「來不及放下也等不到你回來」
藏起來的那一句，
其實是——
「我還在等你回來。」
這不是普通的告白，
而是一個人把最不敢說的真心，
藏進最容易被聽見的地方。
這首歌唱完以前，
她都沒有真正說出口。
可是副歌裡，
全都是她不敢告訴你的秘密。
— 喬晚","動態歌詞
手機亮了一整夜 我刪了又打訊息 不是沒有話想說 只是怕你不回應 我學會把名字略過 學會把難過壓低 可一到深夜安靜 心還是會 偷偷跑向你 我把晚安聽到心發白 還假裝清醒說能釋懷 在刪除鍵前停了下來 等螢幕暗了才敢說愛 你留下沉默像一片海 回憶一靠近我就躲不開 來不及放下也等不到你回來 那間咖啡店換了招牌 我還記得你的座位 桌角那個小小日期 像誰沒擦乾的眼淚 我真的努力變安靜 努力把想你變合理 可越是裝得清醒 越像在證明 我從沒忘記 我把晚安聽到心發白 還假裝清醒說能釋懷 在刪除鍵前停了下來 等螢幕暗了才敢說愛 你留下沉默像一片海 回憶一靠近我就躲不開 來不及放下也等不到你回來 如果你聽見這首歌 會不會懂我沒說的話 我把真心藏得很深 藏進最容易被聽見的地方 不是我不敢承認 是我怕一說出口 你就真的不回答 我終於哭到聲音發白 還是沒辦法真的釋懷 在最後一秒等你回來 等一句你也還放不開 你若聽見我藏起的愛 回頭抱緊我別再離開 來不及說完的都還在等待 這首歌唱完以前 我都沒有說出口 可是副歌裡 全都是我 不敢告訴你的秘密 
手機亮了一整夜 我刪了又打訊息 不是沒有話想說 只是怕你不回應 我學會把名字略過 學會把難過壓低 可一到深夜安靜 心還是會 偷偷跑向你 我把晚安聽到心發白 還假裝清醒說能釋懷 在刪除鍵前停了下來 等螢幕暗了才敢說愛 你留下沉默像一片海 回憶一靠近我就躲不開 來不及放下也等不到你回來 那間咖啡店換了招牌 我還記得你的座位 桌角那個小小日期 像誰沒擦乾的眼淚 我真的努力變安靜 努力把想你變合理 可越是裝得清醒 越像在證明 我從沒忘記 我把晚安聽到心發白 還假裝清醒說能釋懷 在刪除鍵前停了下來 等螢幕暗了才敢說愛 你留下沉默像一片海 回憶一靠近我就躲不開 來不及放下也等不到你回來 如果你聽見這首歌 會不會懂我沒說的話 我把真心藏得很深 藏進最容易被聽見的地方 不是我不敢承認 是我怕一說出口 你就真的不回答 我終於哭到聲音發白 還是沒辦法真的釋懷 在最後一秒等你回來 等一句你也還放不開 你若聽見我藏起的愛 回頭抱緊我別再離開 來不及說完的都還在等待 這首歌唱完以前 我都沒有說出口 可是副歌裡 全都是我 不敢告訴你的秘密
留言（ 3 ） 最相關留言 所有留言
留言（ 3 ）",2026-08-19,,AI 生成 Pop,False,False,
2026-08-21 10:14:10,realtime,ai_generated,,,35,REDFREQ_Taiwan,人礦,1,4,0,https://streetvoice.com/REDFREQ_Taiwan/songs/875685/,https://streetvoice.com/REDFREQ_Taiwan/,"https://akstatic.streetvoice.com/profile_images/RE/DF/REDFREQ_Taiwan/e3EWyuh7j92RQGepwV9Jz9.jpeg?x-oss-process=image/resize,m_fixed,h_1,w_1,limit_0/resize,m_fixed,h_630,w_1200,limit_0/watermark,image_cHJvZmlsZV9pbWFnZXMvUkUvREYvUkVERlJFUV9UYWl3YW4vZTNFV3l1aDdqOTJSUUdlcHdWOUp6OS5qcGVnP3gtb3NzLXByb2Nlc3M9aW1hZ2UvcmVzaXplLG1fZml4ZWQsaF8zNDQsd18zNDQsbGltaXRfMA,g_nw,x_428,y_143/watermark,image_YXNzZXQvaW1hZ2VzL21ldGFpbWFnZS1zb25nLnBuZw,g_nw,x_0,y_0",images/875685.jpeg,@REDFREQ_Taiwan,音樂人,,,,2,3,4,,,https://www.youtube.com/user/StreetVoiceTV,,,Metal,,,,,"### [Verse 1] 城市準時亮起　數字準時更新 死亡多過出生　只是一行警訊 學歷標純度　履歷寫可用年限 月薪定身價　工時磨損明天 房價先到未來　薪水留在原點 捷運載著我們　進入透明產線 只要產值還在　報表就是安全 沒有人會計算　多少人生不再出現 ### [Chorus] 我們是人礦　埋在城市的底下 用骨頭撐高　別人的摩天大廈 把眼淚煉成鋼　把沉默燒成光 履歷上一行一行　都是坍塌的地方 We are the mine Not the miners 你只留下工作 卻刪掉我們的人生 ### [Rap] 每一種選項　都先貼上標價 每一個夢想　都被重新金融化 房價先到未來　薪水停在當下 三十年利息　只換一格門牌號碼 學貸扣掉血　房租抽走底氣 加班延長夜　績效縮短想像 說環境缺工　又說缺少小孩 先拿走房間　再問為何沒有搖籃 ### [Verse 2] 他們不是系統　卻持有開採權 用養育作契約　預約我往後幾十年 祖產鎖在　上一代的名下 孝順卻提早　登記在我的帳 租金替資產增值　工資替未來折讓 你說這叫傳承　我只繼承應付帳款 餐桌沒有惡意　問題仍像審計 年輕就是本錢　所以應該繼續承受 ### [System Diagnosis] Income insufficient. Housing unavailable. Working hours excessive. Economic model unchanged. ### [Chorus] 我們不是人礦　不是城市的代價 不是誰的燃料　不是沉默的籌碼 讓眼淚流成河　讓怒火長成花 從廢墟一寸一寸　把真正的我帶回家 We are alive Not your resource 你保留我們的產能 卻刪掉我們的人生 ### [Final Chorus] Stop the drill Break the cycle 讓開採到此為止 下一代只需要自由地生長 Take back our lives Reclaim tomorrow 活著不等於可以無限開採 把白天留給生活 把房間留給相愛 把明天留給我們安排 Stop the drill Break the cycle 別再用一張報表 掩埋下一代 ### [Outro - System then Lead] **[Lead]** My blood is not fuel My life is not your yield Stop the drill Read my name 不只活著 明天由我們開始 
### [Verse 1]
城市準時亮起　數字準時更新 死亡多過出生　只是一行警訊 學歷標純度　履歷寫可用年限 月薪定身價　工時磨損明天
房價先到未來　薪水留在原點 捷運載著我們　進入透明產線 只要產值還在　報表就是安全 沒有人會計算　多少人生不再出現
### [Chorus]
我們是人礦　埋在城市的底下 用骨頭撐高　別人的摩天大廈 把眼淚煉成鋼　把沉默燒成光 履歷上一行一行　都是坍塌的地方
We are the mine Not the miners 你只留下工作 卻刪掉我們的人生
### [Rap]
每一種選項　都先貼上標價 每一個夢想　都被重新金融化 房價先到未來　薪水停在當下 三十年利息　只換一格門牌號碼
學貸扣掉血　房租抽走底氣 加班延長夜　績效縮短想像 說環境缺工　又說缺少小孩 先拿走房間　再問為何沒有搖籃
### [Verse 2]
他們不是系統　卻持有開採權 用養育作契約　預約我往後幾十年 祖產鎖在　上一代的名下 孝順卻提早　登記在我的帳
租金替資產增值　工資替未來折讓 你說這叫傳承　我只繼承應付帳款 餐桌沒有惡意　問題仍像審計 年輕就是本錢　所以應該繼續承受
### [System Diagnosis]
Income insufficient. Housing unavailable. Working hours excessive. Economic model unchanged.
### [Chorus]
我們不是人礦　不是城市的代價 不是誰的燃料　不是沉默的籌碼 讓眼淚流成河　讓怒火長成花 從廢墟一寸一寸　把真正的我帶回家
We are alive Not your resource 你保留我們的產能 卻刪掉我們的人生
### [Final Chorus]
Stop the drill Break the cycle 讓開採到此為止 下一代只需要自由地生長
Take back our lives Reclaim tomorrow 活著不等於可以無限開採 把白天留給生活 把房間留給相愛 把明天留給我們安排
Stop the drill Break the cycle 別再用一張報表 掩埋下一代
### [Outro - System then Lead]
**[Lead]** My blood is not fuel My life is not your yield
Stop the drill Read my name 不只活著 明天由我們開始
留言（ 0 ） 最相關留言 所有留言
留言（ 0 ）",2026-08-21,,AI 生成 Metal,False,False,
2026-08-21 10:14:10,realtime,ai_generated,,,36,先生,引魂［參］忘川＿B,2,3,2,https://streetvoice.com/Joe_Joe_JJooee/songs/875680/,https://streetvoice.com/Joe_Joe_JJooee/,"https://akstatic.streetvoice.com/song_covers/Jo/e_/Joe_Joe_JJooee/LQ9cWJ6JpcqX95U8tVtJVB.jpeg?x-oss-process=image/resize,m_fixed,h_1,w_1,limit_0/resize,m_fixed,h_630,w_1200,limit_0/watermark,image_c29uZ19jb3ZlcnMvSm8vZV8vSm9lX0pvZV9KSm9vZWUvTFE5Y1dKNkpwY3FYOTVVOHRWdEpWQi5qcGVnP3gtb3NzLXByb2Nlc3M9aW1hZ2UvcmVzaXplLG1fZml4ZWQsaF8zNDQsd18zNDQsbGltaXRfMA,g_nw,x_428,y_143/watermark,image_YXNzZXQvaW1hZ2VzL21ldGFpbWFnZS1zb25nLnBuZw,g_nw,x_0,y_0",images/875680.jpeg,@Joe_Joe_JJooee,音樂人,,,,169,10,3,,,https://www.youtube.com/user/StreetVoiceTV,無先生釋出新專輯《台北404 NOT FUN》 5/9台北The Wall專場邀應聲倒地共演|||https://blow.streetvoice.com/87487/?utm_source=streetvoice&utm_medium=profile-news-block; 【吹專訪】我們不要傷心了——鄭興談《尋找鄭先生》：「我好像沒有辦法遵循一個，所謂『鄭興要走的人設』。」|||https://blow.streetvoice.com/85649/?utm_source=streetvoice&utm_medium=profile-news-block; 鄭興公開第4張專輯名稱《尋找鄭先生》  日本攝影師川島小鳥掌鏡|||https://blow.streetvoice.com/84530/?utm_source=streetvoice&utm_medium=profile-news-block,,Pop,,,,"引魂： 壹.鬼門關 貳.孟婆熬的湯 參.忘川：A、B 
引魂： 壹.鬼門關 貳.孟婆熬的湯 參.忘川：A、B","[Verse 1] 忘川淌過了年月 執念纏繞著指尖 孤舟搖晃在黃泉的邊緣 霧氣漫過了雙眼 才會模糊了岸邊 誰在渡口聲聲嗚咽 [Pre-Chorus] 奈何橋下水流湍急如箭 回望一眼 轉身步入黑夜 [Chorus] 花開一千年 葉落一千年 花葉永不相見 紅塵渡口歲月漸漸 渡不過這宿命的輪迴變遷 相思如血 染紅忘川邊 盼過了花期 錯過了花期 徒留怨 [Rap 1] 青苔落上了船槳 煙雨正鎖著寒江 我將前世的過往 濃縮進一盞清香 朱砂點亮了彼岸 印在了哪頁文章 你留下的那道傷 被歲月風乾泛黃 渡口泛起的一抹微光 印出誰的模樣 這長河靜靜地流淌 掩蓋了多少悲傷 [Rap 2] 水墨暈開了過往 描繪出你的臉龐 筆鋒劃過了宣紙 留下一筆輕嘆 奈何橋邊的霜降 凍結了誓言幾段 花開花落的遺憾 在詞牌裡被詠唱 我撐著一把油紙傘 等待著誰的回航 這輪迴寫得太漫長 殘月在水面晃晃 [Chorus] 花開一千年 葉落一千年 花葉永不相見 紅塵渡口歲月漸漸 渡不過這宿命的輪迴變遷 相思如血 染紅忘川邊 盼過了花期 錯過了花期 徒留怨 [Bridge] 水面倒映出模糊的容顏 忘記了姓名與最初的諾言 只剩那一抹殘紅依稀可見 這場離別終究無法改寫 [Chorus] 花開一千年 葉落一千年 花葉永不相見 紅塵渡口歲月漸漸 渡不過這宿命的輪迴變遷 相思如血 染紅忘川邊 盼過了花期 錯過了花期 徒留怨 [Chorus] 花開一千年 葉落一千年 花葉永不相見 紅塵渡口歲月漸漸 渡不過這宿命的輪迴變遷 相思如血 染紅忘川邊 盼過了花期 錯過了花期 徒留怨 [Outro] 花落水流去 忘川無歸期 是誰嘆了一口氣 沉淪在無聲夜裡 
[Verse 1] 忘川淌過了年月 執念纏繞著指尖 孤舟搖晃在黃泉的邊緣 霧氣漫過了雙眼 才會模糊了岸邊 誰在渡口聲聲嗚咽
[Pre-Chorus] 奈何橋下水流湍急如箭 回望一眼 轉身步入黑夜
[Chorus] 花開一千年 葉落一千年 花葉永不相見 紅塵渡口歲月漸漸 渡不過這宿命的輪迴變遷 相思如血 染紅忘川邊 盼過了花期 錯過了花期 徒留怨
[Rap 1] 青苔落上了船槳 煙雨正鎖著寒江 我將前世的過往 濃縮進一盞清香 朱砂點亮了彼岸 印在了哪頁文章 你留下的那道傷 被歲月風乾泛黃 渡口泛起的一抹微光 印出誰的模樣 這長河靜靜地流淌 掩蓋了多少悲傷
[Rap 2] 水墨暈開了過往 描繪出你的臉龐 筆鋒劃過了宣紙 留下一筆輕嘆 奈何橋邊的霜降 凍結了誓言幾段 花開花落的遺憾 在詞牌裡被詠唱 我撐著一把油紙傘 等待著誰的回航 這輪迴寫得太漫長 殘月在水面晃晃
[Chorus] 花開一千年 葉落一千年 花葉永不相見 紅塵渡口歲月漸漸 渡不過這宿命的輪迴變遷 相思如血 染紅忘川邊 盼過了花期 錯過了花期 徒留怨
[Bridge] 水面倒映出模糊的容顏 忘記了姓名與最初的諾言 只剩那一抹殘紅依稀可見 這場離別終究無法改寫
[Chorus] 花開一千年 葉落一千年 花葉永不相見 紅塵渡口歲月漸漸 渡不過這宿命的輪迴變遷 相思如血 染紅忘川邊 盼過了花期 錯過了花期 徒留怨
[Chorus] 花開一千年 葉落一千年 花葉永不相見 紅塵渡口歲月漸漸 渡不過這宿命的輪迴變遷 相思如血 染紅忘川邊 盼過了花期 錯過了花期 徒留怨
[Outro] 花落水流去 忘川無歸期 是誰嘆了一口氣 沉淪在無聲夜裡
留言（ 2 ） 最相關留言 所有留言
留言（ 2 ）",2026-08-21,,AI 生成 Pop,False,False,
2026-08-21 10:14:10,realtime,ai_generated,,,37,慢性潮濕 Chronic HÜMID,渡,2,4,0,https://streetvoice.com/chronichumid/songs/875478/,https://streetvoice.com/chronichumid/,"https://akstatic.streetvoice.com/music_albums/ch/ro/chronichumid/TfA4R7fKo3p3t5bWUrxUCb.jpeg?x-oss-process=image/resize,m_fixed,h_1,w_1,limit_0/resize,m_fixed,h_630,w_1200,limit_0/watermark,image_bXVzaWNfYWxidW1zL2NoL3JvL2Nocm9uaWNodW1pZC9UZkE0UjdmS28zcDN0NWJXVXJ4VUNiLmpwZWc_eC1vc3MtcHJvY2Vzcz1pbWFnZS9yZXNpemUsbV9maXhlZCxoXzM0NCx3XzM0NCxsaW1pdF8w,g_nw,x_428,y_143/watermark,image_YXNzZXQvaW1hZ2VzL21ldGFpbWFnZS1zb25nLnBuZw,g_nw,x_0,y_0",images/875478.jpeg,@chronichumid,音樂人,,,,6,2,,,,https://www.youtube.com/user/StreetVoiceTV,,,Alternative,渡／同岸,https://streetvoice.com/chronichumid/songs/album/97325926/,,"《慢性潮濕》ft.江返 —— 2026.08.19 共度七夕 ╳ 「吻別後下一次相見是何夕？」 
《慢性潮濕》ft.江返 —— 2026.08.19 共度七夕
╳ 「吻別後下一次相見是何夕？」","你說天上的星星遠到看不清 其實我們也沒有比較近 濕掉的袖口捲起 渡一口緩緩地吻 是不是我又要離去 你若閣共我叫一聲 我就袂佇半路失去方向 如果相見只能有一晚 就讓這一晚變得很長 這次在你伸手以前 其實我已經站得更近一點 渡一口慢慢地吻 是不是我還沒回去 你若閣共我叫一聲 我就袂佇半路失去方向 如果相見只能有一晚 就讓這一晚變得很長 有些話只能趁天亮以前 你還在我身旁 你就是我欲去的方向 
你說天上的星星遠到看不清 其實我們也沒有比較近 濕掉的袖口捲起 渡一口緩緩地吻 是不是我又要離去
你若閣共我叫一聲 我就袂佇半路失去方向 如果相見只能有一晚 就讓這一晚變得很長
這次在你伸手以前 其實我已經站得更近一點 渡一口慢慢地吻 是不是我還沒回去
你若閣共我叫一聲 我就袂佇半路失去方向 如果相見只能有一晚 就讓這一晚變得很長
有些話只能趁天亮以前 你還在我身旁 你就是我欲去的方向
留言（ 0 ） 最相關留言 所有留言
留言（ 0 ）",2026-08-19,,AI 生成 Alternative ・ 渡／同岸,False,False,
2026-08-21 10:14:10,realtime,ai_generated,,,38,幽鳴無界 (Voidhum),無聲獨渡 (Silent Crossing),3,10,2,https://streetvoice.com/Underworld_Logic/songs/863625/,https://streetvoice.com/Underworld_Logic/,"https://akstatic.streetvoice.com/song_covers/Un/de/Underworld_Logic/GEBCgMgRH6S7sWwJMFDoEz.jpeg?x-oss-process=image/resize,m_fixed,h_1,w_1,limit_0/resize,m_fixed,h_630,w_1200,limit_0/watermark,image_c29uZ19jb3ZlcnMvVW4vZGUvVW5kZXJ3b3JsZF9Mb2dpYy9HRUJDZ01nUkg2UzdzV3dKTUZEb0V6LmpwZWc_eC1vc3MtcHJvY2Vzcz1pbWFnZS9yZXNpemUsbV9maXhlZCxoXzM0NCx3XzM0NCxsaW1pdF8w,g_nw,x_428,y_143/watermark,image_YXNzZXQvaW1hZ2VzL21ldGFpbWFnZS1zb25nLnBuZw,g_nw,x_0,y_0",images/863625.jpeg,@Underworld_Logic,音樂人,,,,9,5,,,,https://www.youtube.com/user/StreetVoiceTV,,,Pop,,,,"身為家庭的支柱，習慣將滿身疲憊與委屈獨自收納。白日裡飽受世事磋磨，歸家後依舊強顏歡笑，在眾人熟睡的深夜，才敢獨自釋放情緒。從不訴說壓力、不傾吐苦楚，將催繳的帳單、職場的委屈全都藏於心底。世人只看見遮風擋雨的堅強模樣，卻無人問及背後的酸楚與孤獨。縱然也渴望有片刻鬆懈、有肩膀依靠，可肩上擔著整個家的冷暖，便只能咬緊牙關獨自前行，在漫長歲月裡，一個人撐起所有風雨。 
身為家庭的支柱，習慣將滿身疲憊與委屈獨自收納。白日裡飽受世事磋磨，歸家後依舊強顏歡笑，在眾人熟睡的深夜，才敢獨自釋放情緒。從不訴說壓力、不傾吐苦楚，將催繳的帳單、職場的委屈全都藏於心底。世人只看見遮風擋雨的堅強模樣，卻無人問及背後的酸楚與孤獨。縱然也渴望有片刻鬆懈、有肩膀依靠，可肩上擔著整個家的冷暖，便只能咬緊牙關獨自前行，在漫長歲月裡，一個人撐起所有風雨。","末班地鐵的風灌進袖口 工裝褶皺裹著沾灰的憂愁 掏出鑰匙先扯出軟和的笑容 進門就把倦怠往外套裡收 孩子睡熟在吱呀的小床 熱好的飯菜還留著半溫的湯 等全家人鼾聲漫過走廊 才敢點一根菸坐進暗裡藏 不敢說帳單剛催了幾封 不敢提今天受了多少頂撞 把所有情緒都往胸口藏 連嘆氣都刻意壓低聲響 不敢說 不敢提 不敢讓誰發現 這座擋風的牆 已經佈滿了裂痕 男兒的苦 無聲獨渡 熬著夜撐著傘走每一步 沒人問你脊背痠不痠楚 只看見你站成了擋風的樹 男兒的苦 無聲獨渡 摔了跤咬碎牙不肯認輸 沒有港灣能容你停住腳步 只能扛著重量往前方赴 男兒的苦 無聲獨渡 把所有疲憊都吞進了肺腑 漫漫長路沒人伸手攙扶 自己做自己的岸 渡向歸處 手機裡存著沒發出的訊息 打了又刪 刪了又打 最後放棄 想說的話太多 卻找不到一句 能說出口又不會讓人擔心 父母問起 只說一切都好 朋友聚會 笑著說最近不忙 其實每天下班都累到發慌 但這個家 總得有人扛 不敢說 不敢提 不敢讓誰發現 但這座擋風的牆 還不能倒下 男兒的苦 無聲獨渡 熬著夜撐著傘走每一步 沒人問你脊背痠不痠楚 只看見你站成了擋風的樹 男兒的苦 無聲獨渡 摔了跤咬碎牙不肯認輸 沒有港灣能容你停住腳步 只能扛著重量往前方赴 男兒的苦 無聲獨渡 把所有疲憊都吞進了肺腑 漫漫長路沒人伸手攙扶 自己做自己的岸 渡向歸處 誰生來就鐵打銅鑄 誰不想累了就找個肩頭靠住 肩上扛著家的朝暮 哪敢隨便垮掉半步 也盼著有那麼一小段下午 不用撐著偽裝 痛了就哭 不用硬撐著做所有人的支柱 就做回片刻 鬆懈的小人物 男兒的苦 無聲獨渡 熬著夜撐著傘走每一步 沒人問你脊背痠不痠楚 只看見你站成了擋風的樹 男兒的苦 無聲獨渡 摔了跤咬碎牙不肯認輸 沒有港灣能容你停住腳步 只能扛著重量往前方赴 男兒的苦 無聲獨渡 把所有疲憊都吞進了肺腑 漫漫長路沒人伸手攙扶 自己做自己的岸 做自己的岸 渡向歸處 渡向歸處 菸熄了 天快亮了 起身 又是新的一天 
末班地鐵的風灌進袖口 工裝褶皺裹著沾灰的憂愁 掏出鑰匙先扯出軟和的笑容 進門就把倦怠往外套裡收 孩子睡熟在吱呀的小床 熱好的飯菜還留著半溫的湯 等全家人鼾聲漫過走廊 才敢點一根菸坐進暗裡藏 不敢說帳單剛催了幾封 不敢提今天受了多少頂撞 把所有情緒都往胸口藏 連嘆氣都刻意壓低聲響
不敢說 不敢提 不敢讓誰發現 這座擋風的牆 已經佈滿了裂痕
男兒的苦 無聲獨渡 熬著夜撐著傘走每一步 沒人問你脊背痠不痠楚 只看見你站成了擋風的樹 男兒的苦 無聲獨渡 摔了跤咬碎牙不肯認輸 沒有港灣能容你停住腳步 只能扛著重量往前方赴 男兒的苦 無聲獨渡 把所有疲憊都吞進了肺腑 漫漫長路沒人伸手攙扶 自己做自己的岸 渡向歸處
手機裡存著沒發出的訊息 打了又刪 刪了又打 最後放棄 想說的話太多 卻找不到一句 能說出口又不會讓人擔心 父母問起 只說一切都好 朋友聚會 笑著說最近不忙 其實每天下班都累到發慌 但這個家 總得有人扛
不敢說 不敢提 不敢讓誰發現 但這座擋風的牆 還不能倒下
男兒的苦 無聲獨渡 熬著夜撐著傘走每一步 沒人問你脊背痠不痠楚 只看見你站成了擋風的樹 男兒的苦 無聲獨渡 摔了跤咬碎牙不肯認輸 沒有港灣能容你停住腳步 只能扛著重量往前方赴 男兒的苦 無聲獨渡 把所有疲憊都吞進了肺腑 漫漫長路沒人伸手攙扶 自己做自己的岸 渡向歸處
誰生來就鐵打銅鑄 誰不想累了就找個肩頭靠住 肩上扛著家的朝暮 哪敢隨便垮掉半步 也盼著有那麼一小段下午 不用撐著偽裝 痛了就哭 不用硬撐著做所有人的支柱 就做回片刻 鬆懈的小人物
男兒的苦 無聲獨渡 熬著夜撐著傘走每一步 沒人問你脊背痠不痠楚 只看見你站成了擋風的樹 男兒的苦 無聲獨渡 摔了跤咬碎牙不肯認輸 沒有港灣能容你停住腳步 只能扛著重量往前方赴 男兒的苦 無聲獨渡 把所有疲憊都吞進了肺腑 漫漫長路沒人伸手攙扶 自己做自己的岸 做自己的岸 渡向歸處 渡向歸處
菸熄了 天快亮了 起身 又是新的一天
留言（ 2 ） 最相關留言 所有留言
留言（ 2 ）",2026-08-19,,AI 生成 Pop,False,False,
2026-08-21 10:14:10,realtime,ai_generated,,,39,Anita_Xu,浴火重生,1,2,0,https://streetvoice.com/Anita_Xu/songs/875574/,https://streetvoice.com/Anita_Xu/,"https://akstatic.streetvoice.com/profile_images/An/it/Anita_Xu/Ph97Cqx5diCbznCP7HT97r.jpg?x-oss-process=image/resize,m_fixed,h_1,w_1,limit_0/resize,m_fixed,h_630,w_1200,limit_0/watermark,image_cHJvZmlsZV9pbWFnZXMvQW4vaXQvQW5pdGFfWHUvUGg5N0NxeDVkaUNiem5DUDdIVDk3ci5qcGc_eC1vc3MtcHJvY2Vzcz1pbWFnZS9yZXNpemUsbV9maXhlZCxoXzM0NCx3XzM0NCxsaW1pdF8w,g_nw,x_428,y_143/watermark,image_YXNzZXQvaW1hZ2VzL21ldGFpbWFnZS1zb25nLnBuZw,g_nw,x_0,y_0",images/875574.jpg,@Anita_Xu,音樂人,,,,3,1,1,,,https://www.youtube.com/user/StreetVoiceTV,,,Pop,,,,"​""從深淵的廢墟中，我睜開雙眼。髒水洗不掉骨子裡的清澈，唾棄擊不碎靈魂裡的狂熱！"" 一首融合重金屬與搖滾靈魂的原創單曲《浴火重生》，獻給所有在黑暗中默默咬牙堅持、等待再度翱翔的人。 
​""從深淵的廢墟中，我睜開雙眼。髒水洗不掉骨子裡的清澈，唾棄擊不碎靈魂裡的狂熱！"" 一首融合重金屬與搖滾靈魂的原創單曲《浴火重生》，獻給所有在黑暗中默默咬牙堅持、等待再度翱翔的人。","靈魂被生生撕扯 碎成斑駁 意識被流言摧殘 漸漸混濁 生命被踐踏在 萬人冷眼的荒漠 我用盡全身力氣 卻只剩沉默 看殘存的尊嚴 在黑夜裡漂泊 也曾經 伸出顫抖的手 乞求這世界 給一絲絲的憐憫和溫柔 也曾經 逼自己靈魂分裂 毫無保留 去搶奪 僅剩的力氣與命運拼搏 只為了 殘存的一口氣 反咬這枷鎖 他們用抹黑的浪潮 將我吞噬 用污衊的字句 築成審判的枷鎖 我在夾縫中掙扎 哪怕血肉模糊 這一刻 內心的恐懼 終於燃燒成怒火！ 撕開這場 虛偽的滂沱！ 髒水洗不掉 我骨子裡的清澈 唾棄擊不 碎 我靈魂裡的狂熱 從深淵的廢墟中 我 睜開雙眼 守護著自己 跨越這場命運的拉扯 看吧 我在烈火中重生 呼吸不再荒涼 而是沸騰 殘存的尊嚴 如今是 榮耀的見證 我依舊 站在這裡 直到永恆 
靈魂被生生撕扯 碎成斑駁 意識被流言摧殘 漸漸混濁 生命被踐踏在 萬人冷眼的荒漠 我用盡全身力氣 卻只剩沉默 看殘存的尊嚴 在黑夜裡漂泊 也曾經 伸出顫抖的手 乞求這世界 給一絲絲的憐憫和溫柔 也曾經 逼自己靈魂分裂 毫無保留 去搶奪 僅剩的力氣與命運拼搏 只為了 殘存的一口氣 反咬這枷鎖 他們用抹黑的浪潮 將我吞噬 用污衊的字句 築成審判的枷鎖 我在夾縫中掙扎 哪怕血肉模糊 這一刻 內心的恐懼 終於燃燒成怒火！ 撕開這場 虛偽的滂沱！ 髒水洗不掉 我骨子裡的清澈 唾棄擊不 碎 我靈魂裡的狂熱 從深淵的廢墟中 我 睜開雙眼 守護著自己 跨越這場命運的拉扯 看吧 我在烈火中重生 呼吸不再荒涼 而是沸騰 殘存的尊嚴 如今是 榮耀的見證 我依舊 站在這裡 直到永恆
留言（ 0 ） 最相關留言 所有留言
留言（ 0 ）",2026-08-20,,AI 生成 Pop,False,False,
2026-08-21 10:14:10,realtime,ai_generated,,,40,先生,［街聲版］不如詩,5,11,1,https://streetvoice.com/Joe_Joe_JJooee/songs/875417/,https://streetvoice.com/Joe_Joe_JJooee/,"https://akstatic.streetvoice.com/song_covers/Jo/e_/Joe_Joe_JJooee/oQeT4xmtTarHyQjYmrExd9.jpeg?x-oss-process=image/resize,m_fixed,h_1,w_1,limit_0/resize,m_fixed,h_630,w_1200,limit_0/watermark,image_c29uZ19jb3ZlcnMvSm8vZV8vSm9lX0pvZV9KSm9vZWUvb1FlVDR4bXRUYXJIeVFqWW1yRXhkOS5qcGVnP3gtb3NzLXByb2Nlc3M9aW1hZ2UvcmVzaXplLG1fZml4ZWQsaF8zNDQsd18zNDQsbGltaXRfMA,g_nw,x_428,y_143/watermark,image_YXNzZXQvaW1hZ2VzL21ldGFpbWFnZS1zb25nLnBuZw,g_nw,x_0,y_0",images/875417.jpeg,@Joe_Joe_JJooee,音樂人,,,,169,10,3,,,https://www.youtube.com/user/StreetVoiceTV,無先生釋出新專輯《台北404 NOT FUN》 5/9台北The Wall專場邀應聲倒地共演|||https://blow.streetvoice.com/87487/?utm_source=streetvoice&utm_medium=profile-news-block; 【吹專訪】我們不要傷心了——鄭興談《尋找鄭先生》：「我好像沒有辦法遵循一個，所謂『鄭興要走的人設』。」|||https://blow.streetvoice.com/85649/?utm_source=streetvoice&utm_medium=profile-news-block; 鄭興公開第4張專輯名稱《尋找鄭先生》  日本攝影師川島小鳥掌鏡|||https://blow.streetvoice.com/84530/?utm_source=streetvoice&utm_medium=profile-news-block,,Pop,,,,"今天去旗山多元化公墓， 休息的時候滑了一下臉書， 剛好看到我家那個分享的一篇文章。 不知道是不是因為當時人就在那裡， 那篇文章裡的一些文字， 突然和那一刻的心情重疊了。 想到時間、生活， 想到那些已經發生過的事情， 也想到我們總以為日子應該要過得更好、更完整， 最後卻常常不是自己想像的樣子⋯ 就這樣， 腦子裡慢慢有了這首歌。 《不如詩》寫的其實沒有那麼複雜⋯ 只是覺得人生大概很難真的活成一首詩。 會有灰塵、有落葉、有妥協， 也會有一些沒有答案的明天。 可是那些不完美， 也確確實實是我們走過的日子。 所以最後留下了這一句： 「生活不如詩，卻也真實⋯」 也許不用把每一天都過得很漂亮， 能夠接受那些不完整， 然後繼續走下去， 就已經很好了⋯ 
今天去旗山多元化公墓， 休息的時候滑了一下臉書， 剛好看到我家那個分享的一篇文章。
不知道是不是因為當時人就在那裡， 那篇文章裡的一些文字， 突然和那一刻的心情重疊了。
想到時間、生活， 想到那些已經發生過的事情， 也想到我們總以為日子應該要過得更好、更完整， 最後卻常常不是自己想像的樣子⋯
就這樣， 腦子裡慢慢有了這首歌。
《不如詩》寫的其實沒有那麼複雜⋯ 只是覺得人生大概很難真的活成一首詩。 會有灰塵、有落葉、有妥協， 也會有一些沒有答案的明天。 可是那些不完美， 也確確實實是我們走過的日子。
所以最後留下了這一句： 「生活不如詩，卻也真實⋯」
也許不用把每一天都過得很漂亮， 能夠接受那些不完整， 然後繼續走下去， 就已經很好了⋯","《不如詩》 清晨涼透了瓷杯的邊緣 剩一半的殘影 是沒喝完的昨天 灰塵在光線裡緩慢地擱淺 生活啊 不過是破碎組成的結 Nothing is perfect, just let it fade away （沒有什麼是完美的，就讓它隨風消逝吧） 路燈亮起的瞬間 影子的長度拉扯著黑夜 我們都在等一個沒有答案的明天 Life moves on, taking all our yesterday （生活仍在繼續，帶走了我們所有的昨日） 盼日子能美得像一首詩 最後總只剩下無聲的克制 雨水打濕了門口的地址 生活不如詩 卻也真實 腳步輕踩過落葉的秋天 風把過往吹得 像幅失落的畫面 鏡子裡堅定的眼神已改變 年輪啊 終究學會了彎曲妥協 Memory glimmers in the pale moonlight （記憶在微弱的月光下閃爍） 站在路口歇一歇 看著人群走過繁華的街 沒有人能永遠停留在最美的季節 Time flows silent, like a river in the night （時間寂靜地流淌，宛如夜晚的長河） 盼日子能美得像一首詩 最後總只剩下無聲的克制 雨水打濕了門口的地址 生活不如詩 卻也真實 Just accept the flaws and find your own peace （只需接納瑕疵，找到屬於你的平靜） We write our gold within the broken lines （我們在斷字裡行間裡，揮毫著我們的精采） Just accept the flaws and find your own peace （只需接納瑕疵，找到屬於你的平靜） We write our gold within the broken lines （我們在斷字裡行間裡，揮毫著我們的精采） 願你我能溫柔成一首詩 雖然現實總讓人學會克制 雨水打濕了門口的地址 生活不如詩 卻偏偏真實 盼日子能美得像一首詩 最後總只剩下無聲的克制 雨水打濕了門口的地址 生活不如詩 卻也真實 Just accept the flaws and find your own peace （只需接納瑕疵，找到屬於你的平靜） We write our gold within the broken lines （我們在斷字裡行間裡，揮毫著我們的精采） Just accept the flaws and find your own peace （只需接納瑕疵，找到屬於你的平靜） We write our gold within the broken lines （我們在斷字裡行間裡，揮毫著我們的精采） 
《不如詩》
清晨涼透了瓷杯的邊緣 剩一半的殘影 是沒喝完的昨天 灰塵在光線裡緩慢地擱淺 生活啊 不過是破碎組成的結 Nothing is perfect, just let it fade away （沒有什麼是完美的，就讓它隨風消逝吧）
路燈亮起的瞬間 影子的長度拉扯著黑夜 我們都在等一個沒有答案的明天 Life moves on, taking all our yesterday （生活仍在繼續，帶走了我們所有的昨日）
盼日子能美得像一首詩 最後總只剩下無聲的克制 雨水打濕了門口的地址 生活不如詩 卻也真實
腳步輕踩過落葉的秋天 風把過往吹得 像幅失落的畫面 鏡子裡堅定的眼神已改變 年輪啊 終究學會了彎曲妥協 Memory glimmers in the pale moonlight （記憶在微弱的月光下閃爍）
站在路口歇一歇 看著人群走過繁華的街 沒有人能永遠停留在最美的季節 Time flows silent, like a river in the night （時間寂靜地流淌，宛如夜晚的長河）
盼日子能美得像一首詩 最後總只剩下無聲的克制 雨水打濕了門口的地址 生活不如詩 卻也真實
Just accept the flaws and find your own peace （只需接納瑕疵，找到屬於你的平靜） We write our gold within the broken lines （我們在斷字裡行間裡，揮毫著我們的精采） Just accept the flaws and find your own peace （只需接納瑕疵，找到屬於你的平靜） We write our gold within the broken lines （我們在斷字裡行間裡，揮毫著我們的精采）
願你我能溫柔成一首詩 雖然現實總讓人學會克制 雨水打濕了門口的地址 生活不如詩 卻偏偏真實
盼日子能美得像一首詩 最後總只剩下無聲的克制 雨水打濕了門口的地址 生活不如詩 卻也真實
Just accept the flaws and find your own peace （只需接納瑕疵，找到屬於你的平靜） We write our gold within the broken lines （我們在斷字裡行間裡，揮毫著我們的精采） Just accept the flaws and find your own peace （只需接納瑕疵，找到屬於你的平靜） We write our gold within the broken lines （我們在斷字裡行間裡，揮毫著我們的精采）
留言（ 1 ） 最相關留言 所有留言
留言（ 1 ）",2026-08-19,,AI 生成 Pop,False,False,
2026-08-21 10:14:10,realtime,ai_generated,,,41,Richie Tseng,🎼【夜半的禱聲】(詩篇77篇)-在失眠的煩亂裡，尋見引導我走過風暴的那雙腳蹤,4,7,1,https://streetvoice.com/gby7639/songs/875533/,https://streetvoice.com/gby7639/,"https://akstatic.streetvoice.com/song_covers/gb/y7/gby7639/kaqCLw9rshsVz9jAy2a6ZB.jpeg?x-oss-process=image/resize,m_fixed,h_1,w_1,limit_0/resize,m_fixed,h_630,w_1200,limit_0/watermark,image_c29uZ19jb3ZlcnMvZ2IveTcvZ2J5NzYzOS9rYXFDTHc5cnNoc1Z6OWpBeTJhNlpCLmpwZWc_eC1vc3MtcHJvY2Vzcz1pbWFnZS9yZXNpemUsbV9maXhlZCxoXzM0NCx3XzM0NCxsaW1pdF8w,g_nw,x_428,y_143/watermark,image_YXNzZXQvaW1hZ2VzL21ldGFpbWFnZS1zb25nLnBuZw,g_nw,x_0,y_0",images/875533.jpeg,@gby7639,音樂人,,,,128,6,2,,,https://www.youtube.com/user/StreetVoiceTV,,,Religion,🛐永恆的讚美-詩篇心曲(第二部),https://streetvoice.com/gby7639/songs/album/97323635/,,"📖 這是我根據詩篇77篇（亞薩之詩）寫下的一首歌。最感動我的是——原來連詩人也有說不出話、閉不上眼的夜晚，他沒有假裝沒事，只是誠實地把煩亂唱出來。 🌙「我回想神便覺煩亂，我心煩亂不能說話」，這句話對我來說最真實。禱告有時不會立刻帶來平靜，反而讓人更清醒地面對自己的軟弱。 ⚡ 整首歌的轉折在第三段：「我便說這是我的懦弱」。不是突然來一道光，而是詩人選擇把眼光從自己轉向神。信心有時不是宣告，而是悄悄調整方向。 🌊 後半段，我想寫出「連大自然都在祂面前戰抖」的壯闊，讓讚美不只是情緒，而是一種看見。 🌅 「你的腳蹤雖無人知道，卻領我走過風暴。」不是一切都解決了，而是學會在還不明白時，安靜等候，直到晨朝。 ✨ 感動用 AI 寫下 ✨ 
📖 這是我根據詩篇77篇（亞薩之詩）寫下的一首歌。最感動我的是——原來連詩人也有說不出話、閉不上眼的夜晚，他沒有假裝沒事，只是誠實地把煩亂唱出來。 🌙「我回想神便覺煩亂，我心煩亂不能說話」，這句話對我來說最真實。禱告有時不會立刻帶來平靜，反而讓人更清醒地面對自己的軟弱。 ⚡ 整首歌的轉折在第三段：「我便說這是我的懦弱」。不是突然來一道光，而是詩人選擇把眼光從自己轉向神。信心有時不是宣告，而是悄悄調整方向。 🌊 後半段，我想寫出「連大自然都在祂面前戰抖」的壯闊，讓讚美不只是情緒，而是一種看見。 🌅 「你的腳蹤雖無人知道，卻領我走過風暴。」不是一切都解決了，而是學會在還不明白時，安靜等候，直到晨朝。 ✨ 感動用 AI 寫下 ✨","[Intro] [Verse 1] 我向至高者發出聲音 在患難的日子尋求你 黑夜裡我舉手不停 我的心不肯受安慰 [Chorus] 我回想神便覺煩亂 我沉吟時心便發昏 你使我不能閉上眼睛 我心煩亂不能說話 [Verse 2] 我追想古時之日 我思想歷代之年 我想起我夜間的歌曲 我心裡自問與自省 [Chorus] 我回想神便覺煩亂 我沉吟時心便發昏 你使我不能閉上眼睛 我心煩亂不能說話 [Verse 3] 我便說這是我的懦弱 我要追念至高者右手 我要提說你所做所行 記念你古時的奇事 [Chorus] 神啊 你的作為聖潔 有何神偉大能像你 你是行奇事的神 你的道在海中顯明 [Verse 4] 諸水見你便驚惶戰抖 深淵也都為你震動 電光閃亮照亮世界 旋風中有你的雷聲 [Chorus] 神啊 你的作為聖潔 有何神偉大能像你 你曾引導你的百姓 藉摩西亞倫如羊群 [Outro] 你的腳蹤雖無人知道 卻領我走過風暴 我心存感謝與敬畏 安靜等候直到晨朝 
[Intro]
[Verse 1] 我向至高者發出聲音 在患難的日子尋求你 黑夜裡我舉手不停 我的心不肯受安慰
[Chorus] 我回想神便覺煩亂 我沉吟時心便發昏 你使我不能閉上眼睛 我心煩亂不能說話
[Verse 2] 我追想古時之日 我思想歷代之年 我想起我夜間的歌曲 我心裡自問與自省
[Chorus] 我回想神便覺煩亂 我沉吟時心便發昏 你使我不能閉上眼睛 我心煩亂不能說話
[Verse 3] 我便說這是我的懦弱 我要追念至高者右手 我要提說你所做所行 記念你古時的奇事
[Chorus] 神啊 你的作為聖潔 有何神偉大能像你 你是行奇事的神 你的道在海中顯明
[Verse 4] 諸水見你便驚惶戰抖 深淵也都為你震動 電光閃亮照亮世界 旋風中有你的雷聲
[Chorus] 神啊 你的作為聖潔 有何神偉大能像你 你曾引導你的百姓 藉摩西亞倫如羊群
[Outro] 你的腳蹤雖無人知道 卻領我走過風暴 我心存感謝與敬畏 安靜等候直到晨朝
留言（ 1 ） 最相關留言 所有留言
留言（ 1 ）",2026-08-20,,AI 生成 Religion ・ 🛐永恆的讚美-詩篇心曲(第二部),False,False,
2026-08-21 10:14:10,realtime,ai_generated,,,42,ᐜᐞᒻᐟᑊᐢᕐ ᐜᑊᐩᑋ ᐞᑊ,層與湍流的早安,11,35,8,https://streetvoice.com/walkingwithai/songs/874926/,https://streetvoice.com/walkingwithai/,"https://akstatic.streetvoice.com/song_covers/wa/lk/walkingwithai/TTgvUJsLcA8gTAznZyi595.jpeg?x-oss-process=image/resize,m_fixed,h_1,w_1,limit_0/resize,m_fixed,h_630,w_1200,limit_0/watermark,image_c29uZ19jb3ZlcnMvd2EvbGsvd2Fsa2luZ3dpdGhhaS9UVGd2VUpzTGNBOGdUQXpuWnlpNTk1LmpwZWc_eC1vc3MtcHJvY2Vzcz1pbWFnZS9yZXNpemUsbV9maXhlZCxoXzM0NCx3XzM0NCxsaW1pdF8w,g_nw,x_428,y_143/watermark,image_YXNzZXQvaW1hZ2VzL21ldGFpbWFnZS1zb25nLnBuZw,g_nw,x_0,y_0",images/874926.jpeg,@walkingwithai,音樂人,,,,177,43,27,,,https://www.youtube.com/user/StreetVoiceTV,,,Electronic,,,,"這是一場發生在清晨的、極度混亂的精神解體與重組。在《層與湍流的早安》中，我將後硬核（Post-hardcore）的暴戾、龐克（Punk）的焦躁，與藝術流行（Art Pop）的前衛實驗性進行了高密度的揉合，試圖用一場充滿超現實（Surrealism）色彩的聲學風暴，來隱喻現代人內心深處的存在主義危機。 流體力學的隱喻：在停滯與失控中拉扯 歌曲標題的「層」與「湍流」，借用了流體力學的概念。「層流」象徵著被社會規範、日常慣性與命運死死裹挾的停滯狀態（「邊界層裹住我的自信」、「他們說這叫層流，這叫懸停」）；而「湍流」則是精神的徹底失控與爆發。歌詞中那些看似瘋狂的意象——吞下豬肝以求強大、把鑰匙吞下卻面對死路一條，甚至最後「吞下竹竿」、「把我家拆了」，皆是在極度壓抑的絕境下，試圖以「自我毀滅」來打破僵局、尋求力量的極端手段。 卡夫卡式的身體異化與荒誕美學 在這首歌的文本中，我大量使用了帶有強烈生理不適感與黑色幽默的「身體異化」意象。從「崩出沒有臉的我」，到遺失的五官與器官（被雨淋濕縮成一團），甚至是被舊櫃陰影黏在腳底「像乾掉的鼻涕」。這些極度荒謬、甚至有些粗俗的描寫，實則是對現代人被現實剝奪尊嚴、喪失自我主體性的深刻嘲弄。當我們在社會的死胡同裡（「牆上寫著——進來就別想出去」）被逼到角落時，我們都成了那個可悲地尋找自己器官、在舊櫃裡崩裂的無臉怪胎。 情緒的極限撕裂與聽覺宣洩 在音樂聽覺的建構上，歌曲前半段採用了極具壓迫感，宛如一個人在瀕臨崩潰前、因缺氧而神經質的喃喃自語；隨後毫無預警地墜入後硬核的猛烈音牆與失控的嘶吼。音樂中的每一處破音、每一次吉他回饋，都是主角在試圖掙脫命運枷鎖時的血肉碰撞。 最後那句撕心裂肺的「Go to hell!」，不是單純的咒罵，而是對這個荒誕世界、以及那個懦弱的舊自我，所下達的最終判決。既然無處可去，那就徹底崩裂，讓碧藍色的天空從廢墟中滲出來吧。 #層與湍流的早安 #PostHardcore #後硬核 #ArtPop #Punk #龐克 #存在主義 #荒誕文學 #身體異化 #超現實 #StreetVoice #聲學實驗 
這是一場發生在清晨的、極度混亂的精神解體與重組。在《層與湍流的早安》中，我將後硬核（Post-hardcore）的暴戾、龐克（Punk）的焦躁，與藝術流行（Art Pop）的前衛實驗性進行了高密度的揉合，試圖用一場充滿超現實（Surrealism）色彩的聲學風暴，來隱喻現代人內心深處的存在主義危機。
流體力學的隱喻：在停滯與失控中拉扯 歌曲標題的「層」與「湍流」，借用了流體力學的概念。「層流」象徵著被社會規範、日常慣性與命運死死裹挾的停滯狀態（「邊界層裹住我的自信」、「他們說這叫層流，這叫懸停」）；而「湍流」則是精神的徹底失控與爆發。歌詞中那些看似瘋狂的意象——吞下豬肝以求強大、把鑰匙吞下卻面對死路一條，甚至最後「吞下竹竿」、「把我家拆了」，皆是在極度壓抑的絕境下，試圖以「自我毀滅」來打破僵局、尋求力量的極端手段。
卡夫卡式的身體異化與荒誕美學 在這首歌的文本中，我大量使用了帶有強烈生理不適感與黑色幽默的「身體異化」意象。從「崩出沒有臉的我」，到遺失的五官與器官（被雨淋濕縮成一團），甚至是被舊櫃陰影黏在腳底「像乾掉的鼻涕」。這些極度荒謬、甚至有些粗俗的描寫，實則是對現代人被現實剝奪尊嚴、喪失自我主體性的深刻嘲弄。當我們在社會的死胡同裡（「牆上寫著——進來就別想出去」）被逼到角落時，我們都成了那個可悲地尋找自己器官、在舊櫃裡崩裂的無臉怪胎。
情緒的極限撕裂與聽覺宣洩 在音樂聽覺的建構上，歌曲前半段採用了極具壓迫感，宛如一個人在瀕臨崩潰前、因缺氧而神經質的喃喃自語；隨後毫無預警地墜入後硬核的猛烈音牆與失控的嘶吼。音樂中的每一處破音、每一次吉他回饋，都是主角在試圖掙脫命運枷鎖時的血肉碰撞。
最後那句撕心裂肺的「Go to hell!」，不是單純的咒罵，而是對這個荒誕世界、以及那個懦弱的舊自我，所下達的最終判決。既然無處可去，那就徹底崩裂，讓碧藍色的天空從廢墟中滲出來吧。
#層與湍流的早安 #PostHardcore #後硬核 #ArtPop #Punk #龐克 #存在主義 #荒誕文學 #身體異化 #超現實 #StreetVoice #聲學實驗","邊界層裹住我的自信 崇奉被壓成標量 胡扯的梯度撲閃我的介面 面罩開始滲水 我撕開一角 放出未校準的酒渦 酒渦 他們說這叫層流 這叫懸停 阻擋於何 於每個座標的磁性 池塘裡卡著昨天的折射 驚人的在變 我懶得看 真的難斷 啊 我把衣架折斷了 折痕裡滲出朱紅色的血 啊 我把豬肝吞下去 讓它讓我變得強大 崩裂 崩裂 崩出沒有臉的我 我跪進自己的舊櫃裡 櫃腳裂開 把我趕出去 趕出去 趕出去之後我還能去哪 去哪 去哪 舊櫃的陰影黏在腳底 甩不掉甩不掉 像乾掉的鼻涕搓不乾淨 鑰匙插進鎖孔卻扭不動 鎖芯裡卡著昨天的唾沫 乾了之後變成一層膜 印著前前任的牙印 我把鑰匙吞下去了 芝麻 芝麻 開門   門開了 門後死路一條 牆上寫著 進來就別想出去 他們說這叫命運 堵死你 盡頭蹲著一隻白眼貓 喵 喵 喵 喵 牠的尾巴像斷掉的充電線 在地板上拖著 拖著 拖著 拖著 啊 我把虔誠折斷了 啊 我把前程也折斷了 啊  把聖水喝乾了 讓我變得更強大  強大 崩裂 崩裂 崩出沒有臉的我 我跪進自己的慚愧裡 愧疚裂開 把我趕出去 趕出去 趕出去之後我還能去哪 去哪 去哪 去哪 我不是在害怕 我是在找我的眼睛 我的 鼻子 嘴巴 耳朵 還有我的兩粒蛋 昨天被我晾在陽台 但今天早上被雨淋了 縮成一小團 一起抱團 啊 我把我家拆了 滲出碧藍色的天空 啊 我把竹竿吞下去 讓它讓我 讓我 讓我 崩裂 崩裂 崩出沒有臉的我 崩裂 崩裂 崩出沒有臉的我 什麼把我趕出去 我還能去 去 去 去哪 啊  Go to hell 啊  Go to hell 啊  Go to hell 啊  Go to hell Go go go to hell Go to hell Go to hell 
邊界層裹住我的自信 崇奉被壓成標量 胡扯的梯度撲閃我的介面 面罩開始滲水 我撕開一角 放出未校準的酒渦 酒渦
他們說這叫層流 這叫懸停 阻擋於何 於每個座標的磁性 池塘裡卡著昨天的折射 驚人的在變 我懶得看 真的難斷
啊 我把衣架折斷了 折痕裡滲出朱紅色的血 啊 我把豬肝吞下去 讓它讓我變得強大
崩裂 崩裂 崩出沒有臉的我 我跪進自己的舊櫃裡 櫃腳裂開 把我趕出去 趕出去 趕出去之後我還能去哪 去哪 去哪
舊櫃的陰影黏在腳底 甩不掉甩不掉 像乾掉的鼻涕搓不乾淨
鑰匙插進鎖孔卻扭不動 鎖芯裡卡著昨天的唾沫 乾了之後變成一層膜 印著前前任的牙印
我把鑰匙吞下去了 芝麻 芝麻 開門   門開了 門後死路一條 牆上寫著 進來就別想出去
他們說這叫命運 堵死你 盡頭蹲著一隻白眼貓 喵 喵 喵 喵 牠的尾巴像斷掉的充電線 在地板上拖著 拖著 拖著 拖著
啊 我把虔誠折斷了 啊 我把前程也折斷了 啊  把聖水喝乾了 讓我變得更強大  強大
崩裂 崩裂 崩出沒有臉的我 我跪進自己的慚愧裡 愧疚裂開 把我趕出去 趕出去 趕出去之後我還能去哪 去哪 去哪 去哪
我不是在害怕 我是在找我的眼睛 我的 鼻子 嘴巴 耳朵 還有我的兩粒蛋 昨天被我晾在陽台 但今天早上被雨淋了 縮成一小團 一起抱團
啊 我把我家拆了 滲出碧藍色的天空 啊 我把竹竿吞下去 讓它讓我 讓我 讓我
崩裂 崩裂 崩出沒有臉的我 崩裂 崩裂 崩出沒有臉的我 什麼把我趕出去 我還能去 去 去 去哪
啊  Go to hell 啊  Go to hell 啊  Go to hell 啊  Go to hell Go go go to hell Go to hell Go to hell
留言（ 8 ） 最相關留言 所有留言
留言（ 8 ）",2026-08-18,,AI 生成 Electronic,False,False,
2026-08-21 10:14:10,realtime,ai_generated,,,43,邱奕陵,誰管得到,6,32,7,https://streetvoice.com/54chiu10/songs/875321/,https://streetvoice.com/54chiu10/,"https://akstatic.streetvoice.com/song_covers/54/ch/54chiu10/PkNJ62cYLrp3VpHaFh2LUy.jpeg?x-oss-process=image/resize,m_fixed,h_1,w_1,limit_0/resize,m_fixed,h_630,w_1200,limit_0/watermark,image_c29uZ19jb3ZlcnMvNTQvY2gvNTRjaGl1MTAvUGtOSjYyY1lMcnAzVnBIYUZoMkxVeS5qcGVnP3gtb3NzLXByb2Nlc3M9aW1hZ2UvcmVzaXplLG1fZml4ZWQsaF8zNDQsd18zNDQsbGltaXRfMA,g_nw,x_428,y_143/watermark,image_YXNzZXQvaW1hZ2VzL21ldGFpbWFnZS1zb25nLnBuZw,g_nw,x_0,y_0",images/875321.jpeg,@54chiu10,音樂人,桃園市,2026-04-01,,10,4,,,,https://www.youtube.com/user/StreetVoiceTV,,,Pop,,,,"人生已經夠忙了， 為什麼連快樂都要經過別人批准？ 薪水不夠、工作很煩、愛情失控、帳單準時上門—— 沒關係，人生的鳥事明天再處理。 今天，就是要爽。 《誰管得到》是一首融合 90 年代華語 Funk、Pop Rock 與派對音樂的高能量作品，以強烈 Bass Groove、切分節奏、銅管、群眾喊唱與 Call & Response，打造一首充滿現場演唱會感的華語派對歌。 這次不談「如何成為一個快樂的人」。 只問一句： 「你憑什麼快樂？」 我的答案很簡單： 「我想啊。」 至於誰准你快樂？ 我自己啊。 那—— 誰管得到？ 企劃製作：邱奕陵 CHIU YI-LING ──共同創作夥伴 Co-Creators── 歌詞創作：ChatGPT 曲風設計：ChatGPT 視覺封面：Ares（Gemini） ──生成工具 Tool── 音樂生成：Suno v5.5 
人生已經夠忙了，
為什麼連快樂都要經過別人批准？
薪水不夠、工作很煩、愛情失控、帳單準時上門——
沒關係，人生的鳥事明天再處理。
今天，就是要爽。
《誰管得到》是一首融合 90 年代華語 Funk、Pop Rock 與派對音樂的高能量作品，以強烈 Bass Groove、切分節奏、銅管、群眾喊唱與 Call & Response，打造一首充滿現場演唱會感的華語派對歌。
這次不談「如何成為一個快樂的人」。
只問一句：
「你憑什麼快樂？」
我的答案很簡單：
「我想啊。」
至於誰准你快樂？
我自己啊。
那——
誰管得到？
企劃製作：邱奕陵 CHIU YI-LING ──共同創作夥伴 Co-Creators── 歌詞創作：ChatGPT 曲風設計：ChatGPT 視覺封面：Ares（Gemini） ──生成工具 Tool── 音樂生成：Suno v5.5","喂！ 今天過得好不好？ 不好？ 那就對了！ 因為——今天還是要快樂！ 鬧鐘一響 我就想罵 老闆的臉 比鬧鐘還可怕 早餐沒吃 薪水沒加 手機一滑 又看到一堆專家 有人說我應該成熟一點 有人說做人要低調一點 我問他那你快樂嗎 他說這個問題有點危險 嘿！ 人生已經夠忙 幹嘛還要裝忙 笑一個又不會怎樣 今天不爽就先放一旁 左邊的人 你還活著嗎？ 右邊的人 還有力氣嗎？ 不要想太多 不要想太久 三！ 二！ 一！ 放——開——囉！ 今天就是要快樂 誰管你怎麼說 拍拍手跺跺腳 天塌下來明天再說 今天就是要快樂 我爽就代表理由夠 你有你的大道理 我有我的小宇宙 嘿！你快樂嗎？ 快樂啊！ 真的快樂嗎？ 真的啦！ 為什麼？ 因為今天就是要快樂！ 誰管得到！ 房貸很兇 車貸很兇 信用卡帳單也來湊熱鬧 人生不是選秀節目 沒有滿分也沒有淘汰號 有人愛錢 有人愛名 有人每天研究人生輸贏 我只想找個晚上 把音樂開大聲跟著一起拚 昨天的鳥事昨天處理 明天的鳥事明天再理 今天如果還要煩惱 那我不是白活這一天而已 左邊的人 再靠近一點 右邊的人 再大聲一點 不用優雅 不用客氣 三！ 二！ 一！ 再——來——一——次！ 今天就是要快樂 誰管你怎麼說 拍拍手 跺跺腳 所有煩惱丟到九霄雲外 今天就是要快樂 沒有規則才自由 你有你的標準答案 我偏偏不要照著走 嘿！你快樂嗎？ 快樂啊！ 有多快樂？ 就這麼快樂！ 等等…… 有人問我： 「你這樣一直快樂， 問題就會消失嗎？」 不會啊。 「那你還快樂？」 當然啊。 不然ㄋ ？ 工作很煩？ 笑一個！ 失戀了？ 喝口水！ 錢不夠？ 先別買！ 心情不好？ 那就—— 把音樂開大聲！ 一！ 二！ 三！ 四！ Hey! Hey! Hey! 誰說大人不能玩？ Hey! Hey! Hey! 誰說失敗不能笑？ Hey! Hey! Hey! 今天不用交報告！ Hey! Hey! Hey! 快樂不用蓋章！ 今天就是要快樂 誰管你怎麼說 拍拍手 跺跺腳 天塌下來一起扛 今天就是要快樂 我爽就代表理由夠 世界如果太囉嗦 那我就把音樂開更大聲 嘿！你快樂嗎？ 快樂啊！ 再問一次！ 你快樂嗎？ 快樂啊！ 你憑什麼快樂？ 我想啊！ 誰准你快樂？ 我自己啊！ 一！ 二！ 三！ 誰——管——得——到！ 一！ 二！ 三！ 誰——管——得——到！ 明天還是要上班 帳單還是會來敲門 人生還是亂七八糟 沒關係。 今天先快樂。 明天的鳥事—— 明天再說。 今天就是要快樂！ 
喂！ 今天過得好不好？ 不好？ 那就對了！ 因為——今天還是要快樂！
鬧鐘一響 我就想罵 老闆的臉 比鬧鐘還可怕 早餐沒吃 薪水沒加 手機一滑 又看到一堆專家
有人說我應該成熟一點 有人說做人要低調一點 我問他那你快樂嗎 他說這個問題有點危險
嘿！ 人生已經夠忙 幹嘛還要裝忙 笑一個又不會怎樣 今天不爽就先放一旁
左邊的人 你還活著嗎？ 右邊的人 還有力氣嗎？ 不要想太多 不要想太久 三！ 二！ 一！ 放——開——囉！
今天就是要快樂 誰管你怎麼說 拍拍手跺跺腳 天塌下來明天再說
今天就是要快樂 我爽就代表理由夠 你有你的大道理 我有我的小宇宙
嘿！你快樂嗎？ 快樂啊！ 真的快樂嗎？ 真的啦！
為什麼？
因為今天就是要快樂！ 誰管得到！
房貸很兇 車貸很兇 信用卡帳單也來湊熱鬧 人生不是選秀節目 沒有滿分也沒有淘汰號
有人愛錢 有人愛名 有人每天研究人生輸贏 我只想找個晚上 把音樂開大聲跟著一起拚
昨天的鳥事昨天處理 明天的鳥事明天再理 今天如果還要煩惱 那我不是白活這一天而已
左邊的人 再靠近一點 右邊的人 再大聲一點 不用優雅 不用客氣 三！ 二！ 一！ 再——來——一——次！
今天就是要快樂 誰管你怎麼說 拍拍手 跺跺腳 所有煩惱丟到九霄雲外
今天就是要快樂 沒有規則才自由 你有你的標準答案 我偏偏不要照著走
嘿！你快樂嗎？ 快樂啊！ 有多快樂？ 就這麼快樂！
等等……
有人問我：
「你這樣一直快樂， 問題就會消失嗎？」
不會啊。
「那你還快樂？」
當然啊。
不然ㄋ ？
工作很煩？
笑一個！
失戀了？
喝口水！
錢不夠？
先別買！
心情不好？
那就——
把音樂開大聲！
一！ 二！ 三！ 四！
Hey! Hey! Hey! 誰說大人不能玩？
Hey! Hey! Hey! 誰說失敗不能笑？
Hey! Hey! Hey! 今天不用交報告！
Hey! Hey! Hey! 快樂不用蓋章！
今天就是要快樂 誰管你怎麼說 拍拍手 跺跺腳 天塌下來一起扛
今天就是要快樂 我爽就代表理由夠 世界如果太囉嗦 那我就把音樂開更大聲
嘿！你快樂嗎？ 快樂啊！ 再問一次！ 你快樂嗎？
快樂啊！
你憑什麼快樂？
我想啊！
誰准你快樂？
我自己啊！
一！ 二！ 三！
誰——管——得——到！
一！ 二！ 三！
誰——管——得——到！
明天還是要上班 帳單還是會來敲門 人生還是亂七八糟
沒關係。
今天先快樂。
明天的鳥事—— 明天再說。
今天就是要快樂！
留言（ 7 ） 最相關留言 所有留言
留言（ 7 ）",2026-08-18,,AI 生成 Pop,False,False,
2026-08-21 10:14:10,realtime,ai_generated,,,44,medgyver,渡 (instr.),2,4,3,https://streetvoice.com/medgyver/songs/875690/,https://streetvoice.com/medgyver/,"https://akstatic.streetvoice.com/song_covers/me/dg/medgyver/2wLRYZPAcdiREnSoKcNgV9.jpeg?x-oss-process=image/resize,m_fixed,h_1,w_1,limit_0/resize,m_fixed,h_630,w_1200,limit_0/watermark,image_c29uZ19jb3ZlcnMvbWUvZGcvbWVkZ3l2ZXIvMndMUllaUEFjZGlSRW5Tb0tjTmdWOS5qcGVnP3gtb3NzLXByb2Nlc3M9aW1hZ2UvcmVzaXplLG1fZml4ZWQsaF8zNDQsd18zNDQsbGltaXRfMA,g_nw,x_428,y_143/watermark,image_YXNzZXQvaW1hZ2VzL21ldGFpbWFnZS1zb25nLnBuZw,g_nw,x_0,y_0",images/875690.jpeg,@medgyver,音樂人,台灣,2025-12-01,,16,11,34,,,https://www.youtube.com/user/StreetVoiceTV,,,Soundtrack / New age,,,,"這是一場從「人聲呢喃」蛻變為「現代鋼琴協奏曲」的奇妙音樂旅程。 AI and human writers: #gemini & k.y. Chen 身為創作者，在運用 Suno v5.5 進行 AI 音樂生成時，我們不再只是單純地給予文字指令，而是將 AI 視為一位全能的編曲家與交響樂團。這首《渡 (instr.) 鋼琴版 B》的誕生，完美展示了如何透過「原音詠唱（Audio Input）」結合「多層次 Prompt 疊代與 Mashup（混搭）」，精準打磨出具有深度情感與豐富編制的器樂作品。 以下是針對這首樂曲創作過程與 Style Prompt 運用的專業解析： 創作歷程與 Prompt 專業解析 Step 1：靈魂骨幹的奠基 (The Genesis) 從人聲哼唱到 Lo-Fi 島嶼民謠 一切始於最純粹的動機——創作者親自哼唱的一段旋律。這段名為 ""VM6 20260815 T1bbv3superb"" 的原音輸入，不僅賦予了樂曲靈魂，更確立了主旋律的發展骨幹。 Prompt 運用： 在此階段，我使用了 lo-fi house, island folk 作為基底，並大膽融合東方樂器（ocarina lead, erhu glissando, pipa tremolo）與強烈節奏（taiko march, jungle percussion）。透過 modal pentatonic lines（五聲音階）保留了東方的悠遠，再佐以 90s digital sheen, tape saturation（90年代數位光澤與磁帶飽和度），為這段純旋律鋪墊了一層溫暖、充滿復古懷舊（warm nostalgia）的底色。 Step 2：變奏與風格突變 (The Metamorphosis) 室內放克與極端的節奏張力 為了讓樂曲不落俗套，第二階段導入了另一首哼唱樂段的變奏（""VM7...""），將曲風做了一次劇烈的翻轉，生成了中繼版本「渡 VM6CV B」。 Prompt 運用： 這次的指令極具實驗性：mutation funk, chamber funk。將古典巴洛克弦樂（baroque string ensemble, cello concerto）與切分音強烈的貝斯（syncopated slap bass）碰撞。最精彩的 Prompt 工程在於精確的節奏控制：72 bpm intro, turns to 185 bpm to the fine（從 72 BPM 的大提琴獨奏開場，隨後狂飆至 185 BPM）。這種極致的動能提升（kinetic lift）賦予了旋律全新的生命力與戲劇張力。 Step 3：史詩感的擴張 (The Cinematic Expansion) 電影級 Techno 的磅礡混成 第三階段是整首樂曲氣勢的頂峰。透過 Mashup 技巧，將上一個階段的放克變奏與另一段素材混成精煉組曲「渡 MTVM67」。這段旋律也成為近期創作中，最令我滿意且不斷自我引用的史詩級主題。 Prompt 運用： 指令轉向極致的寬廣與爆發力：techno, cinematic techno, anthemic（電影級科技舞曲與頌歌感）。保留了巴洛克大提琴（baroque cello obbligato），但加入了破音合成銅管（distorted synth brass）與四四拍重擊（4-on-the-floor kick）。藉由 sidechain pumping（側鏈壓縮）與 reverse cymbal lifts，在 132 BPM 的速度下，創造出令人窒息的高能量堆疊與戲劇性漸強（high-energy build, dramatic crescendo）。 Step 4：情感的淬鍊與昇華 (The Refinement) 跨界鋼琴協奏曲的誕生 經過了放克的狂野與 Techno 的轟炸，最終回歸到最純粹、細膩的情感表達。我萃取了交響化的主題旋律，將其重新編碼為以鋼琴為主體的現代跨界協奏曲，這就是最終的《渡 (instr.) 鋼琴版 B》。 Prompt 運用： 完全捨棄了電子重拍，轉向 classical crossover, romantic concerto, solo grand piano（古典跨界、浪漫協奏曲、平台鋼琴獨奏）。在音色工程上，特別強調 felt dampers（柔音踏板）與 ribbon mic warmth, tube preamp saturation（鋁帶麥克風的溫暖與真空管前級飽和），營造出極具空間感的音樂廳共鳴（music hall stereo）。音樂性上則要求 nocturne phrasing（夜曲樂句）與自由速度（rubato tempo），搭配弦樂四重奏的對位（string quartet counterline），最終提煉出那份帶有「苦甜參半的渴望（bittersweet longing）」的細膩情感。 ** ** ** 渡 (instr.) ** **  鋼琴版 B ** ** AI生成 器樂演奏 ** ** 創意生成: k.y. Chen (2026) ** ** 編曲, 演奏: suno ver 5.5 (2026) ** ** 原音樂段收錄: k.y. Chen (2026) ** ** ** 
這是一場從「人聲呢喃」蛻變為「現代鋼琴協奏曲」的奇妙音樂旅程。 AI and human writers: #gemini & k.y. Chen
身為創作者，在運用 Suno v5.5 進行 AI 音樂生成時，我們不再只是單純地給予文字指令，而是將 AI 視為一位全能的編曲家與交響樂團。這首《渡 (instr.) 鋼琴版 B》的誕生，完美展示了如何透過「原音詠唱（Audio Input）」結合「多層次 Prompt 疊代與 Mashup（混搭）」，精準打磨出具有深度情感與豐富編制的器樂作品。
以下是針對這首樂曲創作過程與 Style Prompt 運用的專業解析：
創作歷程與 Prompt 專業解析 Step 1：靈魂骨幹的奠基 (The Genesis) 從人聲哼唱到 Lo-Fi 島嶼民謠 一切始於最純粹的動機——創作者親自哼唱的一段旋律。這段名為 ""VM6 20260815 T1bbv3superb"" 的原音輸入，不僅賦予了樂曲靈魂，更確立了主旋律的發展骨幹。
Prompt 運用： 在此階段，我使用了 lo-fi house, island folk 作為基底，並大膽融合東方樂器（ocarina lead, erhu glissando, pipa tremolo）與強烈節奏（taiko march, jungle percussion）。透過 modal pentatonic lines（五聲音階）保留了東方的悠遠，再佐以 90s digital sheen, tape saturation（90年代數位光澤與磁帶飽和度），為這段純旋律鋪墊了一層溫暖、充滿復古懷舊（warm nostalgia）的底色。
Step 2：變奏與風格突變 (The Metamorphosis) 室內放克與極端的節奏張力 為了讓樂曲不落俗套，第二階段導入了另一首哼唱樂段的變奏（""VM7...""），將曲風做了一次劇烈的翻轉，生成了中繼版本「渡 VM6CV B」。
Prompt 運用： 這次的指令極具實驗性：mutation funk, chamber funk。將古典巴洛克弦樂（baroque string ensemble, cello concerto）與切分音強烈的貝斯（syncopated slap bass）碰撞。最精彩的 Prompt 工程在於精確的節奏控制：72 bpm intro, turns to 185 bpm to the fine（從 72 BPM 的大提琴獨奏開場，隨後狂飆至 185 BPM）。這種極致的動能提升（kinetic lift）賦予了旋律全新的生命力與戲劇張力。
Step 3：史詩感的擴張 (The Cinematic Expansion) 電影級 Techno 的磅礡混成 第三階段是整首樂曲氣勢的頂峰。透過 Mashup 技巧，將上一個階段的放克變奏與另一段素材混成精煉組曲「渡 MTVM67」。這段旋律也成為近期創作中，最令我滿意且不斷自我引用的史詩級主題。
Prompt 運用： 指令轉向極致的寬廣與爆發力：techno, cinematic techno, anthemic（電影級科技舞曲與頌歌感）。保留了巴洛克大提琴（baroque cello obbligato），但加入了破音合成銅管（distorted synth brass）與四四拍重擊（4-on-the-floor kick）。藉由 sidechain pumping（側鏈壓縮）與 reverse cymbal lifts，在 132 BPM 的速度下，創造出令人窒息的高能量堆疊與戲劇性漸強（high-energy build, dramatic crescendo）。
Step 4：情感的淬鍊與昇華 (The Refinement) 跨界鋼琴協奏曲的誕生 經過了放克的狂野與 Techno 的轟炸，最終回歸到最純粹、細膩的情感表達。我萃取了交響化的主題旋律，將其重新編碼為以鋼琴為主體的現代跨界協奏曲，這就是最終的《渡 (instr.) 鋼琴版 B》。
Prompt 運用： 完全捨棄了電子重拍，轉向 classical crossover, romantic concerto, solo grand piano（古典跨界、浪漫協奏曲、平台鋼琴獨奏）。在音色工程上，特別強調 felt dampers（柔音踏板）與 ribbon mic warmth, tube preamp saturation（鋁帶麥克風的溫暖與真空管前級飽和），營造出極具空間感的音樂廳共鳴（music hall stereo）。音樂性上則要求 nocturne phrasing（夜曲樂句）與自由速度（rubato tempo），搭配弦樂四重奏的對位（string quartet counterline），最終提煉出那份帶有「苦甜參半的渴望（bittersweet longing）」的細膩情感。
** ** ** 渡 (instr.) ** **  鋼琴版 B ** ** AI生成 器樂演奏 ** ** 創意生成: k.y. Chen (2026) ** ** 編曲, 演奏: suno ver 5.5 (2026) ** ** 原音樂段收錄: k.y. Chen (2026) ** ** **","這是沒有提供歌詞的歌曲
留言（ 3 ） 最相關留言 所有留言
留言（ 3 ）",2026-08-21,,AI 生成 Soundtrack / New age,False,False,
2026-08-21 10:14:10,realtime,ai_generated,,,45,hinxlinx,《「作」曲》｜原創鋼琴獨奏曲,3,7,0,https://streetvoice.com/hinxlinx/songs/875460/,https://streetvoice.com/hinxlinx/,"https://akstatic.streetvoice.com/song_covers/hi/nx/hinxlinx/H4MLXEQYSbMAaETDuRRPb2.jpeg?x-oss-process=image/resize,m_fixed,h_1,w_1,limit_0/resize,m_fixed,h_630,w_1200,limit_0/watermark,image_c29uZ19jb3ZlcnMvaGkvbngvaGlueGxpbngvSDRNTFhFUVlTYk1BYUVURHVSUlBiMi5qcGVnP3gtb3NzLXByb2Nlc3M9aW1hZ2UvcmVzaXplLG1fZml4ZWQsaF8zNDQsd18zNDQsbGltaXRfMA,g_nw,x_428,y_143/watermark,image_YXNzZXQvaW1hZ2VzL21ldGFpbWFnZS1zb25nLnBuZw,g_nw,x_0,y_0",images/875460.jpeg,@hinxlinx,音樂人,,,,35,7,11,,,https://www.youtube.com/user/StreetVoiceTV,,,Soundtrack / New age,樂曲集,https://streetvoice.com/hinxlinx/songs/album/97325859/,,"曲: hinxlinx 軒林 (1996)，原錄音(2026) 原曲弦律原創，無人工智能輔助。 音樂由Suno AI照本人錄音生成。 《過》(演唱會版) | 原創中文歌曲: https://streetvoice.com/hinxlinx/songs/875459/ 《作》| 原創中文歌曲: https://streetvoice.com/hinxlinx/songs/872934/ 
曲: hinxlinx 軒林 (1996)，原錄音(2026) 原曲弦律原創，無人工智能輔助。 音樂由Suno AI照本人錄音生成。
《過》(演唱會版) | 原創中文歌曲: https://streetvoice.com/hinxlinx/songs/875459/
https://streetvoice.com/hinxlinx/songs/875459/
《作》| 原創中文歌曲: https://streetvoice.com/hinxlinx/songs/872934/
https://streetvoice.com/hinxlinx/songs/872934/","此曲為本人在初上大學時代所作， 是諷刺自己一親人， 亦是諷刺自己。 當局者迷，固執執着， 數十年如一日， 仍犯同樣的錯， 無太大長進。 
此曲為本人在初上大學時代所作， 是諷刺自己一親人， 亦是諷刺自己。 當局者迷，固執執着， 數十年如一日， 仍犯同樣的錯， 無太大長進。
留言（ 0 ） 最相關留言 所有留言
留言（ 0 ）",2026-08-19,,AI 生成 Soundtrack / New age ・ 樂曲集,False,False,
2026-08-21 10:14:10,realtime,ai_generated,,,46,hinxlinx,《過》(演唱會版) | 原創中文歌曲,3,5,2,https://streetvoice.com/hinxlinx/songs/875459/,https://streetvoice.com/hinxlinx/,"https://akstatic.streetvoice.com/song_covers/hi/nx/hinxlinx/k6V857BUJxRaJcASaCTYQi.jpeg?x-oss-process=image/resize,m_fixed,h_1,w_1,limit_0/resize,m_fixed,h_630,w_1200,limit_0/watermark,image_c29uZ19jb3ZlcnMvaGkvbngvaGlueGxpbngvazZWODU3QlVKeFJhSmNBU2FDVFlRaS5qcGVnP3gtb3NzLXByb2Nlc3M9aW1hZ2UvcmVzaXplLG1fZml4ZWQsaF8zNDQsd18zNDQsbGltaXRfMA,g_nw,x_428,y_143/watermark,image_YXNzZXQvaW1hZ2VzL21ldGFpbWFnZS1zb25nLnBuZw,g_nw,x_0,y_0",images/875459.jpeg,@hinxlinx,音樂人,,,,35,7,11,,,https://www.youtube.com/user/StreetVoiceTV,,,Rock,軒林詩,https://streetvoice.com/hinxlinx/songs/album/97325842/,,"曲: hinxlinx (1995) / 詞: 軒林 (2026) 曲詞原創，無人工智能輔助。 音樂由Suno AI照本人錄音生成。 《「作」曲》｜原創鋼琴獨奏曲: https://streetvoice.com/hinxlinx/songs/875460/ 《作》| 原創中文歌曲: https://streetvoice.com/hinxlinx/songs/872934/ 
曲: hinxlinx (1995) / 詞: 軒林 (2026) 曲詞原創，無人工智能輔助。 音樂由Suno AI照本人錄音生成。
《「作」曲》｜原創鋼琴獨奏曲: https://streetvoice.com/hinxlinx/songs/875460/
https://streetvoice.com/hinxlinx/songs/875460/
《作》| 原創中文歌曲: https://streetvoice.com/hinxlinx/songs/872934/
https://streetvoice.com/hinxlinx/songs/872934/","[Verse 1] 有夢本當求 機會不錯(過) 意志堅定不退縮 勿夢的太過 天馬行空 不落實影子沒有 [Verse 2] 別承諾太多 (而)缺乏行動 任時光空洞白流 有過得思過 有錯改錯 人生不隨意蹉跎 [Chorus 1] 萬里路天涯 浪跡海角 心中仍 海闊天空 等飛龍在天 耕耘怡然自得 未來 積蓄在手 [Chorus 2] 少壯多歷練 吸收經驗 入世德 修行守中 初心如一 本性不變 出世道 無為(而)活 [Bridge] 知 行 合 一 有 錯 改 過 [Verse 3] 有夢不強求 執著不留 上善若水行雲流 如是圓夢作 無悔行過 如實行道悠然走 
[Verse 1] 有夢本當求 機會不錯(過) 意志堅定不退縮 勿夢的太過 天馬行空 不落實影子沒有
[Verse 2] 別承諾太多 (而)缺乏行動 任時光空洞白流 有過得思過 有錯改錯 人生不隨意蹉跎
[Chorus 1] 萬里路天涯 浪跡海角 心中仍 海闊天空 等飛龍在天 耕耘怡然自得 未來 積蓄在手
[Chorus 2] 少壯多歷練 吸收經驗 入世德 修行守中 初心如一 本性不變 出世道 無為(而)活
[Bridge] 知 行 合 一 有 錯 改 過
[Verse 3] 有夢不強求 執著不留 上善若水行雲流 如是圓夢作 無悔行過 如實行道悠然走
留言（ 2 ） 最相關留言 所有留言
留言（ 2 ）",2026-08-19,,AI 生成 Rock ・ 軒林詩,False,False,
2026-08-21 10:14:10,realtime,ai_generated,,,47,kay_uwe_rott,The Misfits - No Money Sunny Day,1,5,2,https://streetvoice.com/kay_uwe_rott/songs/875439/,https://streetvoice.com/kay_uwe_rott/,"https://akstatic.streetvoice.com/song_covers/ka/y_/kay_uwe_rott/GC8in72gEiKKyXzKWKhh6J.jpeg?x-oss-process=image/resize,m_fixed,h_1,w_1,limit_0/resize,m_fixed,h_630,w_1200,limit_0/watermark,image_c29uZ19jb3ZlcnMva2EveV8va2F5X3V3ZV9yb3R0L0dDOGluNzJnRWlLS3lYektXS2hoNkouanBlZz94LW9zcy1wcm9jZXNzPWltYWdlL3Jlc2l6ZSxtX2ZpeGVkLGhfMzQ0LHdfMzQ0LGxpbWl0XzA,g_nw,x_428,y_143/watermark,image_YXNzZXQvaW1hZ2VzL21ldGFpbWFnZS1zb25nLnBuZw,g_nw,x_0,y_0",images/875439.jpeg,@kay_uwe_rott,音樂人,德國,2026-03-01,,9,3,2,,,https://www.youtube.com/user/StreetVoiceTV,,,Pop,,,,"Pockets empty, hearts full! ☀️ Rich in everything but cash! Sunshine’s free — so are we! No money, no blues — just sunshine and you! ""No Money Sunny Day"" — The Misfits’ only on Payhip: https://payhip.com/b/UrMtT ultimate anthem of happy poverty! We’ve got empty pockets but souls full of sunshine, and that’s more than enough. You don’t need fortune to have a ball — just good friends, warm breezes, and zero worries! It doesn’t cost a thing to laugh, to dream, to chase the sun all day. No money? No problem! Life’s still beautiful when you’re living the Misfits way! ☀️ 
Pockets empty, hearts full! ☀️ Rich in everything but cash! Sunshine’s free — so are we! No money, no blues — just sunshine and you!
""No Money Sunny Day"" — The Misfits’
only on Payhip: https://payhip.com/b/UrMtT
https://payhip.com/b/UrMtT
ultimate anthem of happy poverty! We’ve got empty pockets but souls full of sunshine, and that’s more than enough. You don’t need fortune to have a ball — just good friends, warm breezes, and zero worries! It doesn’t cost a thing to laugh, to dream, to chase the sun all day. No money? No problem! Life’s still beautiful when you’re living the Misfits way! ☀️","THE MISFITS – NO MONEY, SUNNY DAY Woke up late, the sun was high, Blue sky shining, not a cloud in sight. Got two coins and a beat-up car, But we don't need to go very far. Grab your shades, grab your old guitar, We don't care who you think we are. Beach is calling, radio loud, Five crazy Misfits in the crowd. Maybe tomorrow we'll be rich, Maybe we'll be famous — maybe not a bit! Maybe tomorrow we'll own the town, But tonight we're just hanging around! So turn it up and let it play, We're gonna waste another beautiful day! If life is crazy, that's okay — We're The Misfits anyway! No money, sunny day! Throw your worries all away! Palm trees waving, ocean blue, I've got my Misfits — what about you? No money, sunny day! Nothing's gonna bring us down today! Five little Misfits, one big dream, Living life like it's a movie scene! Maybe tomorrow we'll be rich, Maybe we'll be famous — maybe not a bit! Maybe tomorrow we'll own the town, But tonight we're just hanging around! So turn it up and let it play, We're gonna waste another beautiful day! If life is crazy, that's okay — We're The Misfits anyway! NO MONEY! SUNNY DAY! NO MONEY! NO PROBLEM! THE MISFITS! ALL THE WAY! 
THE MISFITS – NO MONEY, SUNNY DAY
Woke up late, the sun was high, Blue sky shining, not a cloud in sight. Got two coins and a beat-up car, But we don't need to go very far. Grab your shades, grab your old guitar, We don't care who you think we are. Beach is calling, radio loud, Five crazy Misfits in the crowd.
Maybe tomorrow we'll be rich, Maybe we'll be famous — maybe not a bit! Maybe tomorrow we'll own the town, But tonight we're just hanging around! So turn it up and let it play, We're gonna waste another beautiful day! If life is crazy, that's okay — We're The Misfits anyway!
No money, sunny day! Throw your worries all away! Palm trees waving, ocean blue, I've got my Misfits — what about you?
No money, sunny day! Nothing's gonna bring us down today! Five little Misfits, one big dream, Living life like it's a movie scene!
Maybe tomorrow we'll be rich, Maybe we'll be famous — maybe not a bit! Maybe tomorrow we'll own the town, But tonight we're just hanging around! So turn it up and let it play, We're gonna waste another beautiful day! If life is crazy, that's okay — We're The Misfits anyway!
NO MONEY! SUNNY DAY! NO MONEY! NO PROBLEM! THE MISFITS! ALL THE WAY!
留言（ 2 ） 最相關留言 所有留言
留言（ 2 ）",2026-08-19,,AI 生成 Pop,False,False,
2026-08-21 10:14:10,realtime,ai_generated,,,48,天使旋律 Angelic Melody,09_長廳書頁之歌 (聖三一學院),2,15,0,https://streetvoice.com/ees0977199609/songs/875425/,https://streetvoice.com/ees0977199609/,"https://akstatic.streetvoice.com/music_albums/ee/s0/ees0977199609/E5Y8vyffHmfQpD7zGcx2RN.jpeg?x-oss-process=image/resize,m_fixed,h_1,w_1,limit_0/resize,m_fixed,h_630,w_1200,limit_0/watermark,image_bXVzaWNfYWxidW1zL2VlL3MwL2VlczA5NzcxOTk2MDkvRTVZOHZ5ZmZIbWZRcEQ3ekdjeDJSTi5qcGVnP3gtb3NzLXByb2Nlc3M9aW1hZ2UvcmVzaXplLG1fZml4ZWQsaF8zNDQsd18zNDQsbGltaXRfMA,g_nw,x_428,y_143/watermark,image_YXNzZXQvaW1hZ2VzL21ldGFpbWFnZS1zb25nLnBuZw,g_nw,x_0,y_0",images/875425.jpeg,@ees0977199609,音樂人,桃園市,2026-06-01,,81,4,,,,https://www.youtube.com/user/StreetVoiceTV,,,Jazz,翡翠之島：環路九站 Emerald Island: Nine Stops on the Ring Road,https://streetvoice.com/ees0977199609/songs/album/97325925/,,"旅程最後來到聖三一學院，在長廳高聳的木質書架與漫長書頁之間，時間似乎放慢了速度。鋼琴以溫柔、內省的主題輕輕展開，木吉他像翻頁聲般清脆，爵士鼓只留下極細的呼吸與脈搏。旋律不刻意收尾，而是把旅途中看過的海、風與城市，化成一種安靜而明亮的餘韻，陪你把這趟愛爾蘭之旅收藏進心裡。 
旅程最後來到聖三一學院，在長廳高聳的木質書架與漫長書頁之間，時間似乎放慢了速度。鋼琴以溫柔、內省的主題輕輕展開，木吉他像翻頁聲般清脆，爵士鼓只留下極細的呼吸與脈搏。旋律不刻意收尾，而是把旅途中看過的海、風與城市，化成一種安靜而明亮的餘韻，陪你把這趟愛爾蘭之旅收藏進心裡。","這是沒有提供歌詞的歌曲
留言（ 0 ） 最相關留言 所有留言
留言（ 0 ）",2026-08-19,,AI 生成 Jazz ・ 翡翠之島：環路九站 Emerald Island: Nine Stops on the Ring Road,False,False,
2026-08-21 10:14:10,realtime,ai_generated,,,49,Poe3030,我們先把聊天室關上,11,9,7,https://streetvoice.com/poe3030/songs/872285/,https://streetvoice.com/poe3030/,"https://akstatic.streetvoice.com/song_covers/po/e3/poe3030/ENUvac5B2w8ukej3fSApaJ.jpeg?x-oss-process=image/resize,m_fixed,h_1,w_1,limit_0/resize,m_fixed,h_630,w_1200,limit_0/watermark,image_c29uZ19jb3ZlcnMvcG8vZTMvcG9lMzAzMC9FTlV2YWM1QjJ3OHVrZWozZlNBcGFKLmpwZWc_eC1vc3MtcHJvY2Vzcz1pbWFnZS9yZXNpemUsbV9maXhlZCxoXzM0NCx3XzM0NCxsaW1pdF8w,g_nw,x_428,y_143/watermark,image_YXNzZXQvaW1hZ2VzL21ldGFpbWFnZS1zb25nLnBuZw,g_nw,x_0,y_0",images/872285.jpeg,@poe3030,音樂人,台北市,2008-11-01,2026-06-30 10:03,23,19,27,https://www.facebook.com/poe3030/,,https://www.youtube.com/@poe3030,,,Pop,,,,"最近因為爸爸又生病要放慢創作了！如果可以我還是希望一週兩更，至少一更，拜託了～爸爸 MV: https://youtube.com/shorts/t2EvBy97bA8?feature=share 
最近因為爸爸又生病要放慢創作了！如果可以我還是希望一週兩更，至少一更，拜託了～爸爸 MV: https://youtube.com/shorts/t2EvBy97bA8?feature=share
https://youtube.com/shorts/t2EvBy97bA8?feature=share","Verse 1 今天沒有新的旋律 也沒有想修改哪一句 對話框安靜亮著白色微光 像深夜還沒熄燈的窗 最近現實比較需要我 有些路只能自己走過 所以把靈感先放進抽屜裡 等風回來再打開回憶 Pre-Chorus 不是故事寫完了 只是生活先插隊了 Chorus 我們先把聊天室關上 不是離開　只是暫放 那些還沒完成的副歌 請替我好好收藏 等某一天風變得比較慢 等笑容又回到日常 第一個想到的人還是你 我們再把下一首歌唱完 Bridge 如果哪天我忽然出現 帶著新的歌和新的照片 希望你還記得那些深夜 我們一起把遺憾改成章節 
Verse 1 今天沒有新的旋律 也沒有想修改哪一句 對話框安靜亮著白色微光 像深夜還沒熄燈的窗
最近現實比較需要我 有些路只能自己走過 所以把靈感先放進抽屜裡 等風回來再打開回憶 Pre-Chorus 不是故事寫完了 只是生活先插隊了 Chorus 我們先把聊天室關上 不是離開　只是暫放 那些還沒完成的副歌 請替我好好收藏 等某一天風變得比較慢 等笑容又回到日常 第一個想到的人還是你 我們再把下一首歌唱完 Bridge 如果哪天我忽然出現 帶著新的歌和新的照片 希望你還記得那些深夜 我們一起把遺憾改成章節
留言（ 7 ） 最相關留言 所有留言
留言（ 7 ）",2026-08-18,,AI 生成 Pop,False,False,
2026-08-21 10:14:10,realtime,ai_generated,,,50,cmc168,餘光  |   餘光閃爍，像殘星的問候  |,11,78,4,https://streetvoice.com/cmc168/songs/875352/,https://streetvoice.com/cmc168/,"https://akstatic.streetvoice.com/song_covers/cm/c1/cmc168/5F7ZWcdFCB3SU4moeYVmBz.jpeg?x-oss-process=image/resize,m_fixed,h_1,w_1,limit_0/resize,m_fixed,h_630,w_1200,limit_0/watermark,image_c29uZ19jb3ZlcnMvY20vYzEvY21jMTY4LzVGN1pXY2RGQ0IzU1U0bW9lWVZtQnouanBlZz94LW9zcy1wcm9jZXNzPWltYWdlL3Jlc2l6ZSxtX2ZpeGVkLGhfMzQ0LHdfMzQ0LGxpbWl0XzA,g_nw,x_428,y_143/watermark,image_YXNzZXQvaW1hZ2VzL21ldGFpbWFnZS1zb25nLnBuZw,g_nw,x_0,y_0",images/875352.jpeg,@cmc168,音樂人,新北市,2026-04-01,,59,23,46,,,https://www.youtube.com/user/StreetVoiceTV,,,Pop,,,,,"[主歌] 那一抹餘光掠過眼眸， 似曾相識，卻無法停留。 回憶在時間的河流， 隨風飄遠，散作沙丘。 [主歌] 你的笑影藏在雲後， 溫柔如詩，卻來不及收。 相遇短暫，心卻長久， 深埋在夢裡，不曾放手。 [副歌] 餘光閃爍，像殘星的問候， 不言不語卻溫暖了胸口。 即便遙遠，心仍然追求， 在流逝中找到了永久。 [間奏] [橋段] 當歲月塗抹所有色彩， 餘光依舊，陪伴在身外。 不論時空如何更改， 它是心裡最後的倚賴。 [副歌] 餘光閃爍，像殘星的問候， 不言不語卻溫暖了胸口。 即便遙遠，心仍然追求， 在流逝中找到了永久。 [結尾] 那一抹餘光，輕輕閃耀， 是回憶的燈，永不寂寥。 
[主歌] 那一抹餘光掠過眼眸， 似曾相識，卻無法停留。 回憶在時間的河流， 隨風飄遠，散作沙丘。
[主歌] 你的笑影藏在雲後， 溫柔如詩，卻來不及收。 相遇短暫，心卻長久， 深埋在夢裡，不曾放手。
[副歌] 餘光閃爍，像殘星的問候， 不言不語卻溫暖了胸口。 即便遙遠，心仍然追求， 在流逝中找到了永久。
[間奏]
[橋段] 當歲月塗抹所有色彩， 餘光依舊，陪伴在身外。 不論時空如何更改， 它是心裡最後的倚賴。
[副歌] 餘光閃爍，像殘星的問候， 不言不語卻溫暖了胸口。 即便遙遠，心仍然追求， 在流逝中找到了永久。
[結尾] 那一抹餘光，輕輕閃耀， 是回憶的燈，永不寂寥。
留言（ 4 ） 最相關留言 所有留言
留言（ 4 ）",2026-08-19,,AI 生成 Pop,False,False,
