snapshot_time,chart_timeframe,chart_genre,chart_year,chart_week,rank,artist_name,song_title,likes_count,play_count,comments_count,song_url,artist_url,cover_image_url,cover_image_local_path,artist_handle,artist_identity,artist_city,artist_joined_date,artist_accredited_datetime,artist_music_count,artist_fans_count,artist_following_count,artist_facebook_url,artist_instagram_url,artist_youtube_url,related_news,big_thing_appearances,genre,album_title,album_url,collaborators,description,lyrics,release_date,song_accredited_datetime,honors,is_editor_recommended,is_song_of_the_day,critic_review_url
2026-09-24 04:28:41,realtime,urban,,,1,yü 莊雨潔,不要忘記（demo）,31,1226,4,https://streetvoice.com/yudesu/songs/879680/,https://streetvoice.com/yudesu/,"https://akstatic.streetvoice.com/song_covers/yu/de/yudesu/Uda7Ri2y9uyjrDy3uG2Xg2.jpeg?x-oss-process=image/resize,m_fill,h_400,w_400,limit_0",images/879680.jpeg,@yudesu,音樂人,,,,1,6,1,,,https://www.youtube.com/user/StreetVoiceTV,115年流行音樂製作發行補助案「創作新聲類」獲補助名單公布|||https://blow.streetvoice.com/89543/?utm_source=streetvoice&utm_medium=profile-news-block; 四枝筆特邀國內外好友們共同完成新單曲〈You Save Me〉預告年底將發行首張專輯|||https://blow.streetvoice.com/54889/?utm_source=streetvoice&utm_medium=profile-news-block,,R&B / Soul,,,,"後來我常常想起那個午後。 陽光從窗外斜斜地落進來，空氣裡有灰塵，也許還有你身上的氣味。我們一起唱歌唱到忘記歌詞的地方就胡亂地笑，你笑得太用力，整個人倒過來，我伸手抱住你。 我記得自己曾經在你耳邊說了很多話，但大部分我都忘了。 只記得說過「好愛你」。 往後的日子，以愛為名，我們爭吵。對罵。沉默。 你最後沒有離開，只是我們慢慢失去了辨認彼此的方法。 你也學會不再對我溫柔。 直到那一天，如同過去的每一天，我目送著你的轉身。 天空很亮，風從街道的縫隙穿過來。 我忽然哼起了一段旋律，唱到第二句時，才發現。 那是你以前總是哼著的歌。 我站在原地，好像有什麼東西從很遠的地方游回來 是條穿梭在時空裡的銀色的大魚。 而我直到那一天才承認。 我想念的，也許從來不只是過去。 我想念的是那時候的我們—— 還不知道，原來有一天，即使沒有離開彼此，也會走散。 
後來我常常想起那個午後。 陽光從窗外斜斜地落進來，空氣裡有灰塵，也許還有你身上的氣味。我們一起唱歌唱到忘記歌詞的地方就胡亂地笑，你笑得太用力，整個人倒過來，我伸手抱住你。
我記得自己曾經在你耳邊說了很多話，但大部分我都忘了。
只記得說過「好愛你」。
往後的日子，以愛為名，我們爭吵。對罵。沉默。 你最後沒有離開，只是我們慢慢失去了辨認彼此的方法。
你也學會不再對我溫柔。 直到那一天，如同過去的每一天，我目送著你的轉身。 天空很亮，風從街道的縫隙穿過來。 我忽然哼起了一段旋律，唱到第二句時，才發現。 那是你以前總是哼著的歌。
我站在原地，好像有什麼東西從很遠的地方游回來 是條穿梭在時空裡的銀色的大魚。 而我直到那一天才承認。
我想念的，也許從來不只是過去。 我想念的是那時候的我們—— 還不知道，原來有一天，即使沒有離開彼此，也會走散。","看著你轉身離開後 我站在巷口 揮手 只是想多看你一分鐘 然後  播放你愛的歌曲 發現我也會哼了  重複著那旋律 告訴自己 不要忘記 在那個時候 太多對錯 在那個時候 太多執著 我忘了 怎麼忘了 我忘了 怎麼忘了 他們說從那天以後 你學著不再溫柔  沉默 時間停在某個夏日午後 我聽你唱著那首歌曲 你要我和你一起 重複著那旋律 告訴自己 不要忘記 但那個時候  太多對錯 在哪個時候  太多執著 我忘了 怎麼忘了 我忘了 怎麼忘了 
看著你轉身離開後 我站在巷口 揮手 只是想多看你一分鐘 然後  播放你愛的歌曲 發現我也會哼了  重複著那旋律 告訴自己 不要忘記
在那個時候 太多對錯 在那個時候 太多執著
我忘了 怎麼忘了 我忘了 怎麼忘了
他們說從那天以後 你學著不再溫柔  沉默 時間停在某個夏日午後 我聽你唱著那首歌曲 你要我和你一起 重複著那旋律 告訴自己 不要忘記
但那個時候  太多對錯 在哪個時候  太多執著
我忘了 怎麼忘了 我忘了 怎麼忘了
留言（ 4 ） 最相關留言 所有留言
留言（ 4 ）",2026-09-16,,Song of the Day; 編輯推薦,True,True,
2026-09-24 04:28:41,realtime,urban,,,2,阿蘭 AC,無重力大人,23,1677,5,https://streetvoice.com/alanchou12345/songs/877994/,https://streetvoice.com/alanchou12345/,"https://akstatic.streetvoice.com/song_covers/al/an/alanchou12345/ZbLKLgPw3oJzfuqh9WZfE5.jpeg?x-oss-process=image/resize,m_fill,h_400,w_400,limit_0",images/877994.jpeg,@alanchou12345,音樂人,新北市,2019-03-01,2023-01-30 10:32,12,3577,,https://www.facebook.com/profile.php?id=100063938225158,https://www.instagram.com/ac___47/,https://www.youtube.com/@ac47yt,阿蘭AC釋出R&B情歌〈扛不住〉MV Intro取樣李奧納多吵架對手戲|||https://blow.streetvoice.com/65575/?utm_source=streetvoice&utm_medium=profile-news-block; 前「唐貓」主唱阿蘭AC年底發行個人專輯 《GREENHOUSE》與鍾濰宇共同製作|||https://blow.streetvoice.com/64914/?utm_source=streetvoice&utm_medium=profile-news-block; LINION發行新曲〈Holiday Only〉 9m88、黃宣、阿蘭AC、宋柏緯等明星組合唱隊助陣|||https://blow.streetvoice.com/58586/?utm_source=streetvoice&utm_medium=profile-news-block,,R&B / Soul,,,,"生活很重， 音樂很輕。 如果有一首歌， 能讓你暫時漂浮幾分鐘，暫時忘記世界的重量。 
生活很重， 音樂很輕。
如果有一首歌， 能讓你暫時漂浮幾分鐘，暫時忘記世界的重量。","It's a new day new day 依舊是最熟悉的一天 眼神疲憊 需要一杯咖啡 擦亮 二手限量皮鞋 站在 城市柏油地面 腳下 隔絕一層溫度漫步 彷彿暫時劃清界線 長大向現實買單 把童心未泯拿去典當 成長道路上 還真是越走越遠越迷惘 E S C A P E We need escape Escape It's a new day new day 依舊是最熟悉的一天 眼神疲憊 需要 一杯 咖啡 It's another day another day 雖然沒能成為那個誰 淚水熄滅 不了 我心 火焰 出門來場冒險 記得買個保險 還要分散風險 留點勇敢到明天 生活叫人收斂 我用旋律撒野 感受放在裡面 進入音樂沉澱 Just in case 還好有保險 Just in case 還好有保險 車廂緊握著把手 像是懸空的衣袖 戴上耳機漫遊 順著軌道遠走 漂浮到城市盡頭 允許靈魂的失控 在這失重的宇宙 在這失重的宇宙 It's a new day new day 依舊是最熟悉的一天 眼神疲憊 需要 一杯 咖啡 It's another day another day 雖然沒能成為那個誰 淚水熄滅 不了 我心 火焰 
It's a new day new day 依舊是最熟悉的一天 眼神疲憊 需要一杯咖啡
擦亮 二手限量皮鞋 站在 城市柏油地面 腳下 隔絕一層溫度漫步 彷彿暫時劃清界線
長大向現實買單 把童心未泯拿去典當 成長道路上 還真是越走越遠越迷惘
E S C A P E We need escape Escape
It's a new day new day 依舊是最熟悉的一天 眼神疲憊 需要 一杯 咖啡
It's another day another day 雖然沒能成為那個誰 淚水熄滅 不了 我心 火焰
出門來場冒險 記得買個保險 還要分散風險 留點勇敢到明天
生活叫人收斂 我用旋律撒野 感受放在裡面 進入音樂沉澱
Just in case 還好有保險 Just in case 還好有保險
車廂緊握著把手 像是懸空的衣袖 戴上耳機漫遊 順著軌道遠走
漂浮到城市盡頭 允許靈魂的失控 在這失重的宇宙 在這失重的宇宙
It's a new day new day 依舊是最熟悉的一天 眼神疲憊 需要 一杯 咖啡
It's another day another day 雖然沒能成為那個誰 淚水熄滅 不了 我心 火焰
留言（ 5 ） 最相關留言 所有留言
留言（ 5 ）",2026-09-07,,Song of the Day; 編輯推薦,True,True,
2026-09-24 04:28:41,realtime,urban,,,3,幸運空氣,記憶空間,3,123,0,https://streetvoice.com/luckyair43/songs/880696/,https://streetvoice.com/luckyair43/,"https://akstatic.streetvoice.com/song_covers/lu/ck/luckyair43/PSAVPDPP9URkUEDrkBcp5c.jpeg?x-oss-process=image/resize,m_fill,h_400,w_400,limit_0",images/880696.jpeg,@luckyair43,音樂人,,,2021-06-04 17:58,94,232,75,https://www.facebook.com/airway777,https://www.instagram.com/luckyair777,https://www.youtube.com/channel/UChSEkR8gHUBkx0IsCfR1xwA/about,告別誠品生活 116 強辯樂團與幸運空氣勾起共同的青春回憶|||https://blow.streetvoice.com/15610/?utm_source=streetvoice&utm_medium=profile-news-block; 【歌單】謙虛勤勉的小書蟲——處女座|||https://blow.streetvoice.com/35796/?utm_source=streetvoice&utm_medium=profile-news-block; 2015 年度 StreetVoice 音樂作品人氣榜 TOP 50|||https://blow.streetvoice.com/16431/?utm_source=streetvoice&utm_medium=profile-news-block,,Jazz,,,,"「時間直直行，留下來的舊相片，你敢猶會斟酌看？」 故鄉的溪水枯了、老舊的大樓斑駁了，時間從不為誰的眷戀而停下腳步。 《記憶空間》以溫潤沉靜的鋼琴與弦樂緩緩鋪展，揉合深刻細膩的台語文字，將時間流逝的無奈、人事變遷的蒼涼，凝結成一場如陳年酒香般的旅程。這是一首寫給故鄉、寫給舊時光，也寫給內心深處那個未曾走遠的伊人的歌。 願這首歌能在你的耳裡留下一處安靜的記憶空間，陪你翻閱那些不曾褪色的記憶批紙。 
「時間直直行，留下來的舊相片，你敢猶會斟酌看？」
故鄉的溪水枯了、老舊的大樓斑駁了，時間從不為誰的眷戀而停下腳步。
《記憶空間》以溫潤沉靜的鋼琴與弦樂緩緩鋪展，揉合深刻細膩的台語文字，將時間流逝的無奈、人事變遷的蒼涼，凝結成一場如陳年酒香般的旅程。這是一首寫給故鄉、寫給舊時光，也寫給內心深處那個未曾走遠的伊人的歌。
願這首歌能在你的耳裡留下一處安靜的記憶空間，陪你翻閱那些不曾褪色的記憶批紙。","【主歌 1】 時間直直行 變老孤單 看我故鄉 佇變化 樹仔無了了 溪水已經焦 想彼個人 已看無影 【副歌 1】 行佇彼個過去空間的我 欲按怎改變 無疼痛 無奈未來的我 變孤單 記憶鼻親像酒香的旅程 一工過一工 舊相片佇遮 我斟酌看 【主歌 2】 北風飛沙 吹白頭鬃 一人孤單 會畏寒 大樓舊了了 繁華已成空 想彼個人 攏看無影 【副歌 2】 記憶空間 時間一直行 懷念彼條巷 伊人佇遮佮你作伴 記憶空間 時間一直行 懷念的批紙 有啥人唸來聽 【副歌 3 / 尾奏】 記憶空間 時間一直行 懷念彼條巷 伊人佇遮佮你作伴 記憶空間 時間一直行 懷念的批紙 有啥人唸來聽 記憶空間…… 
【主歌 1】 時間直直行 變老孤單 看我故鄉 佇變化 樹仔無了了 溪水已經焦 想彼個人 已看無影 【副歌 1】 行佇彼個過去空間的我 欲按怎改變 無疼痛 無奈未來的我 變孤單 記憶鼻親像酒香的旅程 一工過一工 舊相片佇遮 我斟酌看 【主歌 2】 北風飛沙 吹白頭鬃 一人孤單 會畏寒 大樓舊了了 繁華已成空 想彼個人 攏看無影 【副歌 2】 記憶空間 時間一直行 懷念彼條巷 伊人佇遮佮你作伴 記憶空間 時間一直行 懷念的批紙 有啥人唸來聽 【副歌 3 / 尾奏】 記憶空間 時間一直行 懷念彼條巷 伊人佇遮佮你作伴 記憶空間 時間一直行 懷念的批紙 有啥人唸來聽 記憶空間……
留言（ 0 ） 最相關留言 所有留言
留言（ 0 ）",2026-09-23,,,False,False,
2026-09-24 04:28:41,realtime,urban,,,4,Hope 余悦,Sunshine Baby,2,27,0,https://streetvoice.com/hope_yueh/songs/880343/,https://streetvoice.com/hope_yueh/,"https://akstatic.streetvoice.com/song_covers/ho/pe/hope_yueh/hNCTXcAGBm77VWYEJfmoqK.jpeg?x-oss-process=image/resize,m_fill,h_400,w_400,limit_0",images/880343.jpeg,@hope_yueh,音樂人,,,,5,5,1,,,https://www.youtube.com/user/StreetVoiceTV,,,R&B / Soul,,,,"词曲编唱：余悦 
词曲编唱：余悦","着迷于你的放肆 任性 像是我给了你足够的底气 拗不过你 只好顺着你的情绪 有时我感到难以置信 两个相反个体之间的默契 无需言语 我们却心有灵犀 Sunshine Baby 不发一语 说我爱你 我听得清 确定 永远的淘气 我在这里守护着你 Sunshine Baby 牙尖嘴利 你的声音 回荡在我心里 感谢你出现在我生命里 你在的时候是无限治愈 喜欢观察你的小表情 从不隐藏却又心思细腻 勇敢争取 对失败从不畏惧 有时我也会责怪自己 怎么还是学不会如何爱你 好希望你 能够一直幸福到底 Sunshine Baby 不发一语 说我爱你 我听得清 确定 永远的淘气 我在这里守护着你 Sunshine Baby 牙尖嘴利 你的声音 回荡在我心里 感谢你出现在我生命里 你在的时候是无限治愈 
着迷于你的放肆 任性 像是我给了你足够的底气 拗不过你 只好顺着你的情绪
有时我感到难以置信 两个相反个体之间的默契 无需言语 我们却心有灵犀
Sunshine Baby 不发一语 说我爱你 我听得清 确定 永远的淘气 我在这里守护着你 Sunshine Baby 牙尖嘴利 你的声音 回荡在我心里 感谢你出现在我生命里 你在的时候是无限治愈
喜欢观察你的小表情 从不隐藏却又心思细腻 勇敢争取 对失败从不畏惧
有时我也会责怪自己 怎么还是学不会如何爱你 好希望你 能够一直幸福到底
Sunshine Baby 不发一语 说我爱你 我听得清 确定 永远的淘气 我在这里守护着你 Sunshine Baby 牙尖嘴利 你的声音 回荡在我心里 感谢你出现在我生命里 你在的时候是无限治愈
留言（ 0 ） 最相關留言 所有留言
留言（ 0 ）",2026-09-20,,編輯推薦,True,False,
2026-09-24 04:28:41,realtime,urban,,,5,及時雨TimelyRain,鴉片粉圓,2,117,0,https://streetvoice.com/Timely_Rain/songs/880280/,https://streetvoice.com/Timely_Rain/,"https://akstatic.streetvoice.com/song_covers/Ti/me/Timely_Rain/geWDQbtdmYfSVTfrTDsXVz.jpg?x-oss-process=image/resize,m_fill,h_400,w_400,limit_0",images/880280.jpg,@Timely_Rain,音樂人,新竹市,2026-04-01,,3,12,,,,https://www.youtube.com/user/StreetVoiceTV,,,Jazz,,,,"有那麼一些臉紅心跳的記憶都跟學生時期的邂逅有關 甜點 有時是一座橋樑 對學生來說也許是不可多得的享受 卻默默搭載著許多怦然心動的時刻 詞/Janis 曲/Janis 編曲/及時雨 Vocal/Janis Keyboard/Haoya Guitar/正宗、大餅 Bass/承禧 Drums/祐 錄音/聲紋製作 混音/Haoya 
有那麼一些臉紅心跳的記憶都跟學生時期的邂逅有關 甜點 有時是一座橋樑 對學生來說也許是不可多得的享受 卻默默搭載著許多怦然心動的時刻
詞/Janis
曲/Janis
編曲/及時雨
Vocal/Janis
Keyboard/Haoya
Guitar/正宗、大餅
Bass/承禧
Drums/祐
錄音/聲紋製作
混音/Haoya","動態歌詞
我我我我要一碗鴉片粉圓 可可可可不可以坐你旁邊 又是一個突然的下雨天 雨水啪嗒嗒嗒濺上鞋尖 台北的天氣總是那麼討厭 忘記帶傘 只能走進那間鴉片粉圓 忽然之間 你的笑容跌進視線 雨聲再大也聽不見 聽不見世界的語言 我我我我要一碗鴉片粉圓 可可可可不可以坐你旁邊 Oh oh oh伸出手 有一點小害羞 碰在一起的時候 視線下意識閃躲 像觸電一樣的旋律 交織在碎冰與糖漿裡 甜而不膩 於是在那個突然的雨天 你啪嗒嗒踩進我心裡面 雨水跟心跳聲混雜成一片 滴滴答答 嘩啦嘩啦怎麼開口才對 忽然之間 看見你迷人的雙眼 每往前走都像觸電 就算淋濕也無所謂 我我我我要一碗鴉片粉圓 可可可可不可以坐你旁邊 Oh oh oh伸出手 有一點小害羞 碰在一起的時候 視線下意識閃躲 像觸電一樣的旋律 交織在碎冰與糖漿裡 甜而不膩 你你你 能不能 oh 能不能 給我你的 你的 你的 你的 Anything 你就像鴉片一樣讓我上癮 
我我我我要一碗鴉片粉圓 可可可可不可以坐你旁邊
又是一個突然的下雨天 雨水啪嗒嗒嗒濺上鞋尖 台北的天氣總是那麼討厭 忘記帶傘 只能走進那間鴉片粉圓 忽然之間 你的笑容跌進視線 雨聲再大也聽不見 聽不見世界的語言
我我我我要一碗鴉片粉圓 可可可可不可以坐你旁邊 Oh oh oh伸出手 有一點小害羞 碰在一起的時候 視線下意識閃躲 像觸電一樣的旋律 交織在碎冰與糖漿裡 甜而不膩
於是在那個突然的雨天 你啪嗒嗒踩進我心裡面 雨水跟心跳聲混雜成一片 滴滴答答 嘩啦嘩啦怎麼開口才對 忽然之間 看見你迷人的雙眼 每往前走都像觸電 就算淋濕也無所謂
我我我我要一碗鴉片粉圓 可可可可不可以坐你旁邊 Oh oh oh伸出手 有一點小害羞 碰在一起的時候 視線下意識閃躲 像觸電一樣的旋律 交織在碎冰與糖漿裡 甜而不膩
你你你 能不能 oh 能不能 給我你的 你的 你的 你的 Anything
你就像鴉片一樣讓我上癮
留言（ 0 ） 最相關留言 所有留言
留言（ 0 ）",2026-09-20,,,False,False,
2026-09-24 04:28:41,realtime,urban,,,6,雪莉曾SHAriTseng,【沒有需求的供給】E.Guitar Ver.,17,1959,2,https://streetvoice.com/ShariTseng/songs/878810/,https://streetvoice.com/ShariTseng/,"https://akstatic.streetvoice.com/song_covers/Sh/ar/ShariTseng/UKopphJa9AeuiAK7qd5bW5.jpeg?x-oss-process=image/resize,m_fill,h_400,w_400,limit_0",images/878810.jpeg,@ShariTseng,音樂人,,,2025-03-25 14:30,7,110,9,,https://www.instagram.com/sharitseng,https://youtube.com/@sharitseng,114年流行音樂製作發行補助案 「創作新聲類」獲補助名單公布|||https://blow.streetvoice.com/81788/?utm_source=streetvoice&utm_medium=profile-news-block,,R&B / Soul,,,HG、prdcrleaf,"沒有需求元宇宙 沒有需求的供給就像一種永無止盡的單戀，做了再多的事依舊沒有需求，再多的愛都沒有意義 好多的版本也是沒有需求的供給攻擊攻擊 詞曲/雪莉曾SHAriTseng EG/HG Mixing/Mastering/prdcrleaf 
沒有需求元宇宙
沒有需求的供給就像一種永無止盡的單戀，做了再多的事依舊沒有需求，再多的愛都沒有意義
好多的版本也是沒有需求的供給攻擊攻擊
詞曲/雪莉曾SHAriTseng EG/HG Mixing/Mastering/prdcrleaf","沒有需求的供給 這裡只剩一顆心 好想說聲我愛你 連見面理由都湊不齊 向你的視線沒有原因 一片空氣 卻不交集的眼睛 在原點佇立 你不需要的我 還是期待 you love me 沒有需求的供給 攻擊 攻擊 攻擊著我自己 （明明不相信 卻開始在意 你的星座配不配intp） 你不想聽的我愛你 欺騙 欺騙著大地 沒有需求的供給 打擊 攻擊攻擊攻擊 逃避逃避逃避 喔四點半的凌晨 你轉發的那首歌 又想表達什麼呢 你給他們的眼神 過於炙熱 超出一切的負荷 說實在 關我什麼事 其實你從來都不曉得 帶著喜歡的罪惡 無法佔有 妄想you love me 沒有需求的供給 攻擊 攻擊 攻擊著我自己 （沒完的猜測 機率都不準 就喜歡我 四分之一也好呢） 你不想聽的我愛你 欺騙 欺騙著大地 沒有需求的供給 逃避 Y軸上的靈魂 帶走早已統計不出緣分 還不了解的你 怎麼讓我開始陌生我自己 沒有需求的供給 攻擊 攻擊 攻擊著我自己 （就像是瘋了 快放棄的 看見你怎麼又消失殆盡） 你不想聽的我愛你 欺騙 欺騙著大地 沒有需求的供給 倒地 攻擊攻擊攻擊 逃避逃避逃避 沒有需求的供給 
沒有需求的供給 這裡只剩一顆心 好想說聲我愛你 連見面理由都湊不齊
向你的視線沒有原因 一片空氣 卻不交集的眼睛 在原點佇立 你不需要的我 還是期待 you love me
沒有需求的供給 攻擊 攻擊 攻擊著我自己 （明明不相信 卻開始在意 你的星座配不配intp）
你不想聽的我愛你 欺騙 欺騙著大地 沒有需求的供給 打擊
攻擊攻擊攻擊 逃避逃避逃避
喔四點半的凌晨 你轉發的那首歌 又想表達什麼呢
你給他們的眼神 過於炙熱 超出一切的負荷
說實在 關我什麼事 其實你從來都不曉得 帶著喜歡的罪惡 無法佔有 妄想you love me
沒有需求的供給 攻擊 攻擊 攻擊著我自己 （沒完的猜測 機率都不準 就喜歡我 四分之一也好呢） 你不想聽的我愛你 欺騙 欺騙著大地 沒有需求的供給 逃避
Y軸上的靈魂 帶走早已統計不出緣分 還不了解的你 怎麼讓我開始陌生我自己
沒有需求的供給 攻擊 攻擊 攻擊著我自己 （就像是瘋了 快放棄的 看見你怎麼又消失殆盡） 你不想聽的我愛你 欺騙 欺騙著大地 沒有需求的供給 倒地
攻擊攻擊攻擊 逃避逃避逃避
沒有需求的供給
留言（ 2 ） 最相關留言 所有留言
留言（ 2 ）",2026-09-10,,編輯推薦,True,False,
2026-09-24 04:28:41,realtime,urban,,,7,阿橘,926來台中看阿橘-都賴給你 (By JAYWANG 王子慧),16,274,1,https://streetvoice.com/ahh_g/songs/879463/,https://streetvoice.com/ahh_g/,"https://akstatic.streetvoice.com/song_covers/ah/h_/ahh_g/BtGokBjxXKdqxouLF7z8nq.jpeg?x-oss-process=image/resize,m_fill,h_400,w_400,limit_0",images/879463.jpeg,@ahh_g,音樂人,台北市,2017-06-01,2022-08-04 14:05,8,633,14,,https://instagram.com/_ahh_g_,https://www.youtube.com/user/StreetVoiceTV,阿橘AhhG全新個人專輯《碎了滿地卻還閃亮的》 攜手趙翊帆打造新歌〈作息〉|||https://blow.streetvoice.com/80982/?utm_source=streetvoice&utm_medium=profile-news-block; 阿橘Ahh G攜手Flowstrong推出單曲〈送給你的寂寞〉以舞曲包裝Z世代孤寂氛圍|||https://blow.streetvoice.com/79831/?utm_source=streetvoice&utm_medium=profile-news-block; 阿橘全新單曲〈Cool but Lonely〉 邀請鄒序跨刀合作|||https://blow.streetvoice.com/76593/?utm_source=streetvoice&utm_medium=profile-news-block,,R&B / Soul,,,JAY WANG 王子慧,"From KL to TPE 都市女聲夜洋通話｜阿橘 Ahh G X JAYWANG 王子慧 - 阿橘 來自新北市的 25 歲獨立創作歌手，自就讀台大外文系開始創作生涯，音樂風格以 Indie R&B、 Neo Soul 及City Pop為主。作為 Z 世代台灣年輕獨立音樂創作者擅於捕捉 Z 世代的人際觀、愛情觀，以及對未來夢想的煩惱，創造出獨樹一格的 Neo Taipei 世代流行風格。 2026年初，阿橘接連獲邀前往泰國曼谷「Bangkok Music City」及日本沖繩「Okinawa Music Lane Festival」，接連的海外演出，也擴大阿橘未來代表台灣新聲代歌手，以優異外語實力創作、跨境合作的可能性。 - JAYWANG 王子慧 JAYWANG 王子慧是來自馬來西亞的獨立音樂人，因在台灣留學期間接觸音樂創作而嶄露頭角。她以Fusion Pop為創作核心，融合 Hip Hop、R&B、Jazz 與 Electronic 等元素，透過柔和渾厚的嗓音與細膩而直白的文字，描寫成長、自我探索與親密關係中的情感拉扯。現活躍於馬來西亞與台灣，持續以獨立創作者身分探索流行音樂更多元的可能性。 - 移地訓練｜Shabbyboyz 2026 Label Tour 從吉隆坡的深夜到澳門的清晨， 一路把台北的節奏與北漂少年少女帶回家。 台中的暖陽，我們回家進行「移地訓練」吧， 從全新的演出場地、剽悍的 Barber Shop， 一路唱回跟我們一起長大的 Live House。 Shabbyboyz 奧少年四週年巡迴正式開訓。 - 時間： 9/26（六）19:00 地點：THE PILLARS (柱) 台中市北區篤行路13號3樓 陣容：阿橘 Ahh G X JAYWANG 王子慧（MY） 票價：預售票 500 元 / 現場票 700 元 售票時間：2026/07/01（三）12:00 開始販售 售票平台：Indievox 本案獲臺中市政府新聞局補助 出品 Produced by｜Shabby Boyz CO.,LTD. (P)&(C) 2026 Shabby Boyz CO.,LTD. 
From KL to TPE 都市女聲夜洋通話｜阿橘 Ahh G X JAYWANG 王子慧
-
阿橘
來自新北市的 25 歲獨立創作歌手，自就讀台大外文系開始創作生涯，音樂風格以 Indie R&B、 Neo Soul 及City Pop為主。作為 Z 世代台灣年輕獨立音樂創作者擅於捕捉 Z 世代的人際觀、愛情觀，以及對未來夢想的煩惱，創造出獨樹一格的 Neo Taipei 世代流行風格。
2026年初，阿橘接連獲邀前往泰國曼谷「Bangkok Music City」及日本沖繩「Okinawa Music Lane Festival」，接連的海外演出，也擴大阿橘未來代表台灣新聲代歌手，以優異外語實力創作、跨境合作的可能性。
-
JAYWANG 王子慧
JAYWANG 王子慧是來自馬來西亞的獨立音樂人，因在台灣留學期間接觸音樂創作而嶄露頭角。她以Fusion Pop為創作核心，融合 Hip Hop、R&B、Jazz 與 Electronic 等元素，透過柔和渾厚的嗓音與細膩而直白的文字，描寫成長、自我探索與親密關係中的情感拉扯。現活躍於馬來西亞與台灣，持續以獨立創作者身分探索流行音樂更多元的可能性。
-
移地訓練｜Shabbyboyz 2026 Label Tour
從吉隆坡的深夜到澳門的清晨，
一路把台北的節奏與北漂少年少女帶回家。
台中的暖陽，我們回家進行「移地訓練」吧，
從全新的演出場地、剽悍的 Barber Shop，
一路唱回跟我們一起長大的 Live House。
Shabbyboyz 奧少年四週年巡迴正式開訓。
-
時間： 9/26（六）19:00 地點：THE PILLARS (柱) 台中市北區篤行路13號3樓 陣容：阿橘 Ahh G X JAYWANG 王子慧（MY） 票價：預售票 500 元 / 現場票 700 元 售票時間：2026/07/01（三）12:00 開始販售 售票平台：Indievox
本案獲臺中市政府新聞局補助 出品 Produced by｜Shabby Boyz CO.,LTD. (P)&(C) 2026 Shabby Boyz CO.,LTD.","嘆一口氣 然後補齊 這杯缺漏的空瓶 嘆氣一口氣 決定沈迷 這週末更新的續集 已經決定放棄 決定交出這權利 找到那晚開始失語的原因 Whatever I said 過去的就算了啊 算了啊 嘴上說著算了啊 算了啊 說起來也不合時宜 這次我總算遇見完整的人 竟還有點不太確定 搬走的上一個冬天 看不見一通未接來電 朋友要我向你說聲再見 要我保持禮貌向你道謝 But whatever I said sounds so fake 要是我當時能夠如此愛你 現在無法相信 是你留給我的創傷後遺 要是我當時能夠如此篤定 現在反覆猶豫 是你留給我的創傷後遺 Not sure what's wrong with me 只好都賴給你 I'm not sure what's wrong with me 我只好都賴給你 Not sure what's wrong with me 只好都賴給你 I'm not sure what's wrong with me 我只好都賴給你 大聲點 再努力一點 或許我今夜就不會再不眠 還留下碎片能紀念 也大肆宣揚 我的不甘也無悔 
嘆一口氣 然後補齊 這杯缺漏的空瓶 嘆氣一口氣 決定沈迷 這週末更新的續集 已經決定放棄 決定交出這權利 找到那晚開始失語的原因 Whatever I said
過去的就算了啊 算了啊 嘴上說著算了啊 算了啊 說起來也不合時宜 這次我總算遇見完整的人 竟還有點不太確定
搬走的上一個冬天 看不見一通未接來電 朋友要我向你說聲再見 要我保持禮貌向你道謝 But whatever I said sounds so fake
要是我當時能夠如此愛你 現在無法相信 是你留給我的創傷後遺
要是我當時能夠如此篤定 現在反覆猶豫 是你留給我的創傷後遺
Not sure what's wrong with me 只好都賴給你 I'm not sure what's wrong with me 我只好都賴給你 Not sure what's wrong with me 只好都賴給你 I'm not sure what's wrong with me 我只好都賴給你
大聲點 再努力一點 或許我今夜就不會再不眠 還留下碎片能紀念 也大肆宣揚 我的不甘也無悔
留言（ 1 ） 最相關留言 所有留言
留言（ 1 ）",2026-09-15,,編輯推薦,True,False,
2026-09-24 04:28:41,realtime,urban,,,8,林柏希 kanasi_boxi,我跟你沒什麼好談,1,42,0,https://streetvoice.com/kanasi_boxi/songs/880608/,https://streetvoice.com/kanasi_boxi/,"https://akstatic.streetvoice.com/song_covers/ka/na/kanasi_boxi/9HtBFseTyBQemPkgAdVX9L.jpg?x-oss-process=image/resize,m_fill,h_400,w_400,limit_0",images/880608.jpg,@kanasi_boxi,音樂人,,,,12,2,4,,,https://www.youtube.com/user/StreetVoiceTV,,,Jazz,,,,"🎧 單曲介紹｜跟你沒什麼好談 有些話，不是不想說，而是說了也沒有意義。 《跟你沒什麼好談》是一首關於清醒、界線與放下的作品。 當解釋變得多餘，當溝通失去意義，我選擇不再爭辯，也不再浪費時間證明自己。 不是每段關係都值得挽留，也不是每件事情都需要一個答案。 有些人，到此為止就好。 
🎧 單曲介紹｜跟你沒什麼好談
有些話，不是不想說，而是說了也沒有意義。
《跟你沒什麼好談》是一首關於清醒、界線與放下的作品。
當解釋變得多餘，當溝通失去意義，我選擇不再爭辯，也不再浪費時間證明自己。
不是每段關係都值得挽留，也不是每件事情都需要一個答案。
有些人，到此為止就好。","這是沒有提供歌詞的歌曲
留言（ 0 ） 最相關留言 所有留言
留言（ 0 ）",2026-09-22,,,False,False,
2026-09-24 04:28:41,realtime,urban,,,9,DJ.PETER,月光快遞（祝福每個人中秋節快樂）,1,3,0,https://streetvoice.com/djp88168/songs/880797/,https://streetvoice.com/djp88168/,"https://akstatic.streetvoice.com/song_covers/dj/p8/djp88168/cAFiEVVgkNfUa2xw7Vgbbt.jpg?x-oss-process=image/resize,m_fill,h_400,w_400,limit_0",images/880797.jpg,@djp88168,音樂人,高雄市,2006-05-01,2026-03-04 09:49,180,69,65,,,https://www.youtube.com/@djpeterya168,,,R&B / Soul,HIP HOP,https://streetvoice.com/djp88168/songs/album/180/,,"月光快遞（祝福每個人中秋節快樂） 
月光快遞（祝福每個人中秋節快樂）","從北方的雪原 到南方的港灣 同一輪銀月 慢慢升上夜晚 城市熄了燈 海浪還在唱 遠方的人啊 你是否也仰望 赤道的風 吹過無邊的海洋 極地的光 和月色輕輕相望 有人在歸途 有人在流浪 抬頭那一刻 我們都一樣 月光快遞 送到地球每一片角落 把滿滿的愛 灑成溫柔的銀河 不分東西 不分你我 每個黑夜 都有光在閃爍 月光快遞 送到地球每一片角落 讓孤單的心 找到回家的路走 就算南北 顛倒了輪廓 愛的方向 永遠不會錯 也許你看見的月 和我正相反 亮面朝左 或朝右 又有何妨 同一顆心 同一道光 穿過時差 落在你肩膀 月光快遞 送到地球每一片角落 把滿滿的愛 灑成溫柔的銀河 不分東西 不分你我 每個黑夜 都有光在閃爍 月光快遞 送到地球每一片角落 讓孤單的心 找到回家的路走 就算南北 顛倒了輪廓 愛的方向 永遠不會錯 喲 月光快遞 從北極送到南極 路過赤道 親了海面一口氣 城市霓虹 村莊燈火 全部簽收 同一顆月亮 在每個窗口停留 你抬頭 我抬頭 像連線不卡 距離再遠 也擋不住這道光 把想念包裝 把祝福加量 愛不用翻譯 全世界都一樣 從東經到西經 從黃昏到天亮 銀色溫柔 正在地球繞行 如果你孤單 就對月亮喊話 它會把回音 送到每個牽掛 嘿 別怕黑 夜裡有光在排隊 每一片角落 都被愛包圍 南半球 北半球 顛倒的月面 不變的是 我對你滿滿的祝願 月亮啊 照著山 照著海 照著每個 想家的胸懷 如果你 看見誰 在等待 請把愛 輕輕放下來 月亮啊 照著你 照著我 照著地球 每一片角落 黑夜再深 也有光在閃爍 滿滿的愛 從來沒離開過 啦～ 啦～ 滿滿的愛 從來沒離開過 銀月同框 在天上 也在每個人心上 地球每一片角落 都有滿滿的愛 在發光 
從北方的雪原 到南方的港灣 同一輪銀月 慢慢升上夜晚 城市熄了燈 海浪還在唱 遠方的人啊 你是否也仰望
赤道的風 吹過無邊的海洋 極地的光 和月色輕輕相望 有人在歸途 有人在流浪 抬頭那一刻 我們都一樣
月光快遞 送到地球每一片角落 把滿滿的愛 灑成溫柔的銀河 不分東西 不分你我 每個黑夜 都有光在閃爍 月光快遞 送到地球每一片角落 讓孤單的心 找到回家的路走 就算南北 顛倒了輪廓 愛的方向 永遠不會錯
也許你看見的月 和我正相反 亮面朝左 或朝右 又有何妨 同一顆心 同一道光 穿過時差 落在你肩膀
月光快遞 送到地球每一片角落 把滿滿的愛 灑成溫柔的銀河 不分東西 不分你我 每個黑夜 都有光在閃爍 月光快遞 送到地球每一片角落 讓孤單的心 找到回家的路走 就算南北 顛倒了輪廓 愛的方向 永遠不會錯
喲 月光快遞 從北極送到南極 路過赤道 親了海面一口氣 城市霓虹 村莊燈火 全部簽收 同一顆月亮 在每個窗口停留 你抬頭 我抬頭 像連線不卡 距離再遠 也擋不住這道光 把想念包裝 把祝福加量 愛不用翻譯 全世界都一樣 從東經到西經 從黃昏到天亮 銀色溫柔 正在地球繞行 如果你孤單 就對月亮喊話 它會把回音 送到每個牽掛 嘿 別怕黑 夜裡有光在排隊 每一片角落 都被愛包圍 南半球 北半球 顛倒的月面 不變的是 我對你滿滿的祝願
月亮啊 照著山 照著海 照著每個 想家的胸懷 如果你 看見誰 在等待 請把愛 輕輕放下來 月亮啊 照著你 照著我 照著地球 每一片角落 黑夜再深 也有光在閃爍 滿滿的愛 從來沒離開過 啦～ 啦～ 滿滿的愛 從來沒離開過
銀月同框 在天上 也在每個人心上 地球每一片角落 都有滿滿的愛 在發光
留言（ 0 ） 最相關留言 所有留言
留言（ 0 ）",2026-09-23,,,False,False,
2026-09-24 04:28:41,realtime,urban,,,10,COLD DEW,爛醉-(Live at THE WALL 2025),3,127,1,https://streetvoice.com/COLDDEW/songs/879430/,https://streetvoice.com/COLDDEW/,"https://akstatic.streetvoice.com/music_albums/CO/LD/COLDDEW/JgHB3sQsBYbRoPdaq2of2b.jpeg?x-oss-process=image/resize,m_fill,h_400,w_400,limit_0",images/879430.jpeg,@COLDDEW,音樂人,新北市,2019-04-01,2021-10-04 16:19,22,1122,5,https://www.facebook.com/colddewtw,https://www.instagram.com/colddewtw/,https://www.youtube.com/channel/UC6C5yoccZQEaMzFqbv6EPDw,重返那一夜THE WALL的魔幻時刻——COLD DEW釋出《臺北人文地景》專場實況錄音|||https://blow.streetvoice.com/90217/?utm_source=streetvoice&utm_medium=profile-news-block; 2026雨山祭十週年全陣容公開，傷心欲絕、百合花、COLD DEW、That’s My Shhh等12組演出邀請樂迷重返文山|||https://blow.streetvoice.com/86335/?utm_source=streetvoice&utm_medium=profile-news-block; 拍謝少年20週年「現場處理：山盟海誓」邀debloop、EmptyORio、COLD DEW、五五身擔任嘉賓|||https://blow.streetvoice.com/85161/?utm_source=streetvoice&utm_medium=profile-news-block,,R&B / Soul,Fusion Village,https://streetvoice.com/COLDDEW/songs/album/97326083/,,,"爛醉 詞／曲 林哲安  編曲／COLD DEW 月亮在天邊 但卻看不清楚她的臉 路歪歪斜斜 昏昏沉沉的思念 反胃的感覺 吐了一遍一遍又一遍 深夜的公園 都是酒精的氣味 醉倒在路邊 身邊都是不認識的人 隱約地聽見 他們笑我不省人事的樣子 但沒有關係 因為我 早就，不在乎 讓我，睡去 我想要，醉好幾天 讓我，睡去 我想要，醉好幾天 
爛醉 詞／曲 林哲安  編曲／COLD DEW
月亮在天邊 但卻看不清楚她的臉 路歪歪斜斜 昏昏沉沉的思念 反胃的感覺 吐了一遍一遍又一遍 深夜的公園 都是酒精的氣味 醉倒在路邊 身邊都是不認識的人 隱約地聽見 他們笑我不省人事的樣子 但沒有關係 因為我 早就，不在乎
讓我，睡去 我想要，醉好幾天 讓我，睡去 我想要，醉好幾天
留言（ 1 ） 最相關留言 所有留言
留言（ 1 ）",2026-09-15,,編輯推薦,True,False,
2026-09-24 04:28:41,realtime,urban,,,11,COLD DEW,六神無主-(Live at THE WALL 2025),4,132,0,https://streetvoice.com/COLDDEW/songs/879437/,https://streetvoice.com/COLDDEW/,"https://akstatic.streetvoice.com/music_albums/CO/LD/COLDDEW/JgHB3sQsBYbRoPdaq2of2b.jpeg?x-oss-process=image/resize,m_fill,h_400,w_400,limit_0",images/879437.jpeg,@COLDDEW,音樂人,新北市,2019-04-01,2021-10-04 16:19,22,1122,5,https://www.facebook.com/colddewtw,https://www.instagram.com/colddewtw/,https://www.youtube.com/channel/UC6C5yoccZQEaMzFqbv6EPDw,重返那一夜THE WALL的魔幻時刻——COLD DEW釋出《臺北人文地景》專場實況錄音|||https://blow.streetvoice.com/90217/?utm_source=streetvoice&utm_medium=profile-news-block; 2026雨山祭十週年全陣容公開，傷心欲絕、百合花、COLD DEW、That’s My Shhh等12組演出邀請樂迷重返文山|||https://blow.streetvoice.com/86335/?utm_source=streetvoice&utm_medium=profile-news-block; 拍謝少年20週年「現場處理：山盟海誓」邀debloop、EmptyORio、COLD DEW、五五身擔任嘉賓|||https://blow.streetvoice.com/85161/?utm_source=streetvoice&utm_medium=profile-news-block,,Blues,Fusion Village,https://streetvoice.com/COLDDEW/songs/album/97326083/,,,"六神無主 詞／曲 林哲安  編曲／COLD DEW 阿，那滿腹的無奈 就讓他，隨著迷茫離開 猜，有多少的感慨 隨著煙，飄散在山和海 嘿，在山林的悲哀 轉眼間，已被濃霧掩埋 踩，著落地的風采 抬起頭，眼淚就流下來 
六神無主 詞／曲 林哲安  編曲／COLD DEW
阿，那滿腹的無奈 就讓他，隨著迷茫離開 猜，有多少的感慨 隨著煙，飄散在山和海
嘿，在山林的悲哀 轉眼間，已被濃霧掩埋 踩，著落地的風采 抬起頭，眼淚就流下來
留言（ 0 ） 最相關留言 所有留言
留言（ 0 ）",2026-09-15,,編輯推薦,True,False,
2026-09-24 04:28:41,realtime,urban,,,12,DJ.PETER,同寂寞講聲晚安,0,2,0,https://streetvoice.com/djp88168/songs/880842/,https://streetvoice.com/djp88168/,"https://akstatic.streetvoice.com/song_covers/dj/p8/djp88168/avHeN82xnDBacRz77zhTUd.jpg?x-oss-process=image/resize,m_fill,h_400,w_400,limit_0",images/880842.jpg,@djp88168,音樂人,高雄市,2006-05-01,2026-03-04 09:49,180,69,65,,,https://www.youtube.com/@djpeterya168,,,R&B / Soul,HIP HOP,https://streetvoice.com/djp88168/songs/album/180/,,,"同寂寞講聲晚安 將燈光較到最暗 唔係投降 唔係遺忘 係眼淚都需要港灣 夜媽媽 個天灰灰 我一個人喺街燈下低垂 手機冇電 心事一堆 寂寞似個影跟住我唔肯退 我試過笑 試過醉 試過同朋友亂咁吹 但返到屋企 閂埋門 剩返自己同四面牆相對 喂 唔使驚 唔使喊 寂寞只係一個夜晚 佢嚟嘅時候 你就當佢係一個唔識講嘢嘅伴 同佢傾兩句 或者靜靜地坐低 等天光之前 同佢講聲 晚安 咪再諗咁多 同寂寞講聲晚安 我將燈光較到最暗 唔係認輸 唔係唔爭 只係眼淚都需要一個港灣 同寂寞講聲晚安 讓夜風帶走啲感嘆 我會好好哋 雖然有啲慢 總會學識一個人嘅夜晚 都可以好燦爛 細個嗰陣 以為孤單係一種懲罰 大個咗至知 佢只係人生嘅一個站 你落車 我上車 唔同人陪住你行 到最後 你都要學識 同自己講聲 唔怕 如果聽日 醒來仍然有啲酸 咁就先抱抱自己 唔使急住勇敢 如果世界 將沉默塞得太滿 至少今晚 我願意 對自己坦然 同寂寞講聲晚安 將夢留俾星光保管 唔係結束 唔係答案 只係暫時不再為難 同寂寞講聲晚安 等天光再重新出發 我會好好哋 就算有啲慢 總會遇見屬於我嘅晴朗 同寂寞講聲晚安 同昨天講聲晚安 同自己講一聲 辛苦晒 晚安 
同寂寞講聲晚安 將燈光較到最暗 唔係投降 唔係遺忘 係眼淚都需要港灣
夜媽媽 個天灰灰 我一個人喺街燈下低垂 手機冇電 心事一堆 寂寞似個影跟住我唔肯退 我試過笑 試過醉 試過同朋友亂咁吹 但返到屋企 閂埋門 剩返自己同四面牆相對
喂 唔使驚 唔使喊 寂寞只係一個夜晚 佢嚟嘅時候 你就當佢係一個唔識講嘢嘅伴 同佢傾兩句 或者靜靜地坐低 等天光之前 同佢講聲 晚安 咪再諗咁多
同寂寞講聲晚安 我將燈光較到最暗 唔係認輸 唔係唔爭 只係眼淚都需要一個港灣 同寂寞講聲晚安 讓夜風帶走啲感嘆 我會好好哋 雖然有啲慢 總會學識一個人嘅夜晚 都可以好燦爛
細個嗰陣 以為孤單係一種懲罰 大個咗至知 佢只係人生嘅一個站 你落車 我上車 唔同人陪住你行 到最後 你都要學識 同自己講聲 唔怕
如果聽日 醒來仍然有啲酸 咁就先抱抱自己 唔使急住勇敢 如果世界 將沉默塞得太滿 至少今晚 我願意 對自己坦然
同寂寞講聲晚安 將夢留俾星光保管 唔係結束 唔係答案 只係暫時不再為難 同寂寞講聲晚安 等天光再重新出發 我會好好哋 就算有啲慢 總會遇見屬於我嘅晴朗
同寂寞講聲晚安 同昨天講聲晚安 同自己講一聲 辛苦晒 晚安
留言（ 0 ） 最相關留言 所有留言
留言（ 0 ）",2026-09-24,,,False,False,
2026-09-24 04:28:41,realtime,urban,,,13,史蒂芬 / SteeVen,Replay / 重播,0,4,0,https://streetvoice.com/StevenYW/songs/880670/,https://streetvoice.com/StevenYW/,"https://akstatic.streetvoice.com/song_covers/St/ev/StevenYW/iGGfgGDPiGvSSSnq8nHUnP.jpeg?x-oss-process=image/resize,m_fill,h_400,w_400,limit_0",images/880670.jpeg,@StevenYW,音樂人,高雄市,2018-07-01,2021-06-17 18:31,26,626,11,https://www.facebook.com/SteeVennnn/,https://www.instagram.com/steevenyw/,https://www.youtube.com/channel/UCJv8hh0Ym-Psr46ctzCWt9Q,《大嘻哈時代2》三位評審直播正面回應網友 Gummy B對決史蒂芬＆艾蜜莉成焦點|||https://blow.streetvoice.com/66057/?utm_source=streetvoice&utm_medium=profile-news-block,,R&B / Soul,,,,"DEMO 只有追蹤我街聲的你聽的到 所以可以的話 說說你的感受 
DEMO 只有追蹤我街聲的你聽的到 所以可以的話 說說你的感受","重播 心情像像失落的沙洲 默劇裡無形的枷鎖 Replay Replay 那一瞬間 Replay Replay 定格那些畫面 曾經believe 那shit 逃離等過完年 約好私奔 妳遞了菸 沒想是最後一面 門邊的玻璃鞋 妳最常穿的卻 在離開時 絕情得狠 看都沒看一眼 連我也 數落過妳的 恨自己當時沒勇氣面對 眼界不開闊 生活沒變過 還是被罵頹廢 怎麼過下去 無法言喻沒有妳 怎麼忘得去 無法言喻 擁有妳 曾經 重播 心情像像失落的沙洲 默劇裡無形的枷鎖 Replay Replay 困在那一瞬間 Replay Replay 定格那些畫面 錯過 無法挽回曾經那些傷痛 於你於我是最好的 這種 折衷 餘暉 迂迴（餘暉般的迂迴） 與你與我是最好的 what’s your type bae why not just go back I need you , l need you by my side hmmm… 耶 這是 第幾個日子我已經數不清 也數不起了 填飽了肚子 變得務實 開始看得清社會的現實 面 對 不對 （面對） 誰說的對得看上面 但依稀記得 從前總對你說 對對對你說的都對 When I finally realize （當我終於意識到 how recklessly I treated you（曾經對你多肆無忌憚 By the time I realized（等我明白的時候 you were already gone（妳已經走了 重播 心情像像失落的沙洲 默劇裡無形的枷鎖 Replay Replay 困在那一瞬間 Replay Replay 定格那些畫面 錯過 無法挽回曾經那些傷痛 於你於我是最好的 折衷 這種 迂迴 餘暉 與你與我是最好的 
重播 心情像像失落的沙洲 默劇裡無形的枷鎖 Replay Replay 那一瞬間 Replay Replay 定格那些畫面
曾經believe 那shit 逃離等過完年 約好私奔 妳遞了菸 沒想是最後一面 門邊的玻璃鞋 妳最常穿的卻 在離開時 絕情得狠 看都沒看一眼 連我也
數落過妳的 恨自己當時沒勇氣面對 眼界不開闊 生活沒變過 還是被罵頹廢 怎麼過下去 無法言喻沒有妳 怎麼忘得去 無法言喻 擁有妳 曾經
重播 心情像像失落的沙洲 默劇裡無形的枷鎖 Replay Replay 困在那一瞬間 Replay Replay 定格那些畫面 錯過 無法挽回曾經那些傷痛 於你於我是最好的 這種 折衷 餘暉 迂迴（餘暉般的迂迴） 與你與我是最好的
what’s your type bae why not just go back I need you , l need you by my side hmmm…
耶 這是 第幾個日子我已經數不清 也數不起了 填飽了肚子 變得務實 開始看得清社會的現實 面 對 不對 （面對） 誰說的對得看上面 但依稀記得 從前總對你說 對對對你說的都對
When I finally realize （當我終於意識到 how recklessly I treated you（曾經對你多肆無忌憚 By the time I realized（等我明白的時候 you were already gone（妳已經走了
重播 心情像像失落的沙洲 默劇裡無形的枷鎖 Replay Replay 困在那一瞬間 Replay Replay 定格那些畫面 錯過 無法挽回曾經那些傷痛 於你於我是最好的 折衷 這種 迂迴 餘暉 與你與我是最好的
留言（ 0 ） 最相關留言 所有留言
留言（ 0 ）",2026-09-22,,,False,False,
2026-09-24 04:28:41,realtime,urban,,,14,盧宣,我不是你的備胎 -oat,1,12,0,https://streetvoice.com/tina0215w/songs/880369/,https://streetvoice.com/tina0215w/,"https://akstatic.streetvoice.com/profile_images/ti/na/tina0215w/2FyYVWcRWWV67toUz69YjX.jpg?x-oss-process=image/resize,m_fill,h_400,w_400,limit_0",images/880369.jpg,@tina0215w,音樂人,雲林縣,2013-02-01,,10,1,66,,,https://www.youtube.com/user/StreetVoiceTV,為夢想做準備 H.O.T. 全國校際原創音樂大賽得主經驗分享|||https://blow.streetvoice.com/18251/?utm_source=streetvoice&utm_medium=profile-news-block,,R&B / Soul,,,,,"這是沒有提供歌詞的歌曲
留言（ 0 ） 最相關留言 所有留言
留言（ 0 ）",2026-09-20,,AI 協作 R&B / Soul,False,False,
2026-09-24 04:28:41,realtime,urban,,,15,还是当个糕手最自在,初春,14,420,3,https://streetvoice.com/LimZheYu/songs/877524/,https://streetvoice.com/LimZheYu/,"https://akstatic.streetvoice.com/song_covers/Li/mZ/LimZheYu/brT3oMP2ueGEWfyKTac8xX.jpg?x-oss-process=image/resize,m_fill,h_400,w_400,limit_0",images/877524.jpg,@LimZheYu,音樂人,,,,1,9,1,,,https://www.youtube.com/user/StreetVoiceTV,,,Jazz,,,,,"橘色 斜阳 轻轻 映着南方 初春 的 初尝 爱 如花 随风绽放 橘色 斜阳 暖暖 照着我俩 九霄 多高 这银河 多长 爱人 心里占多少两 龙华湾 未开 的念想 一瓣瓣 守候 的余香 梦一片 花乡 谱一曲 思量 待秋 捎一丝 漫长 随梦 随浪 一生 随爱 的眺望 等待 某张 牵挂 半生 的脸庞 原来有种浪漫 叫悲伤 越陈旧 越甜 越刺痒 守着空荡心房 直到凝了白发 才看见 无人的远方 橘色 斜阳 轻轻 映着过往 时间 飞向 落雪的 南洋 能否 看清爱人 模样 用字句 晕开 的念想 一句句 被堆砌 的想象 想沐浴 月光 想拥抱 春光 想你 能在我 身旁 随梦 随浪 一生 随爱 的眺望 等待 某张 牵挂 半生 的脸庞 原来有种浪漫 叫悲伤 越陈旧 越甜 越刺痒 守着空荡心房 直到凝了白发 才发现 原来这远方 橘色 斜阳 缓缓 阖上 
橘色 斜阳 轻轻 映着南方 初春 的 初尝 爱 如花 随风绽放 橘色 斜阳 暖暖 照着我俩 九霄 多高 这银河 多长 爱人 心里占多少两
龙华湾 未开 的念想 一瓣瓣 守候 的余香 梦一片 花乡 谱一曲 思量 待秋 捎一丝 漫长
随梦 随浪 一生 随爱 的眺望 等待 某张 牵挂 半生 的脸庞 原来有种浪漫 叫悲伤 越陈旧 越甜 越刺痒 守着空荡心房 直到凝了白发 才看见 无人的远方
橘色 斜阳 轻轻 映着过往 时间 飞向 落雪的 南洋 能否 看清爱人 模样
用字句 晕开 的念想 一句句 被堆砌 的想象 想沐浴 月光 想拥抱 春光 想你 能在我 身旁
随梦 随浪 一生 随爱 的眺望 等待 某张 牵挂 半生 的脸庞 原来有种浪漫 叫悲伤 越陈旧 越甜 越刺痒 守着空荡心房 直到凝了白发 才发现 原来这远方
橘色 斜阳 缓缓 阖上
留言（ 3 ） 最相關留言 所有留言
留言（ 3 ）",2026-09-02,,編輯推薦,True,False,
2026-09-24 04:28:41,realtime,urban,,,16,B. Lei,『光斑的餘溫』Demo,1,107,0,https://streetvoice.com/b_lei05/songs/879917/,https://streetvoice.com/b_lei05/,"https://akstatic.streetvoice.com/song_covers/tc/s6/tcs6zj9gxt/k3yxA2PQe6p2ZVseWnHZKW.jpeg?x-oss-process=image/resize,m_fill,h_400,w_400,limit_0",images/879917.jpeg,@b_lei05,音樂人,澳門,2025-01-01,,1,1,4,,,https://www.youtube.com/user/StreetVoiceTV,2023浪人祭演出時刻表完整公開！超過百組海內外豪華陣容齊聚台南安平|||https://blow.streetvoice.com/69821/?utm_source=streetvoice&utm_medium=profile-news-block; 手頭的文化幣還沒用完？2023下半年全台音樂祭大彙整！|||https://blow.streetvoice.com/69093/?utm_source=streetvoice&utm_medium=profile-news-block; 2023浪人祭五週年主視覺大公開 各票種6/9即將開賣|||https://blow.streetvoice.com/67541/?utm_source=streetvoice&utm_medium=profile-news-block,,R&B / Soul,,,,"這是我這首歌的中心思想 在當代社會的噪音與集體焦慮中，人們常被迫跟隨大眾的評價與節奏。《光斑的餘溫》展現了一種主體性的覺醒——「不用迎合誰的期待的故事，在自己的時區裡綻放姿態」。這強調了個體的成長並非是一場與他人的競速賽，而是回歸內在節律的自洽過程。 藉此帶出不需要因為自己的成績學業而感到焦慮和自卑 只要懂得 『 在仁愛中行謙遜；在謙信中行仁愛。』就已經足夠。 藝術和品德大於成績。 
這是我這首歌的中心思想
在當代社會的噪音與集體焦慮中，人們常被迫跟隨大眾的評價與節奏。《光斑的餘溫》展現了一種主體性的覺醒——「不用迎合誰的期待的故事，在自己的時區裡綻放姿態」。這強調了個體的成長並非是一場與他人的競速賽，而是回歸內在節律的自洽過程。
藉此帶出不需要因為自己的成績學業而感到焦慮和自卑 只要懂得 『 在仁愛中行謙遜；在謙信中行仁愛。』就已經足夠。
藝術和品德大於成績。","動態歌詞
《光斑的餘溫》 膠片裡 留著沒說完的側影 街燈把孤獨 拉成細長的呼吸 世界習慣了 熱鬧的噪音 我卻在安靜裡 聽見自己的心 鏡頭下 捕捉光影的流轉 有些故事 適合留白與遺撼 雨水洗刷過 城市的喧囂 我們都在夜裡 尋找著依靠 擦拭融不化的夢境 不一定 要有完美的答案才算清醒 讓眼眶裡的星光 慢慢沉澱成和平 慢慢沉澱 ~ 成和平 一個人走過 夜晚的深邃 不代表心底 缺少了光輝 都是歲月的饋贈與留白 溫暖著每個 獨自醒來的港灣 不用迎合誰的期待的故事 在自己的時區裡 綻放姿態 一個人走過 夜晚的深邃 不代表心底 缺少了光輝 都是歲月的饋贈與留白 溫暖著每一個 獨自醒來的港口 不用迎合誰的期待的故事 在自己的時區裡 綻放姿態 時光很慢 影子很長 不完美 傳統也是一種獨特的模樣 在無人問津的角落裡 自己 才是最深情的答案 把光斑的餘溫 留給今夜的我 晚安 ～ 
《光斑的餘溫》 膠片裡 留著沒說完的側影 街燈把孤獨 拉成細長的呼吸 世界習慣了 熱鬧的噪音 我卻在安靜裡 聽見自己的心 鏡頭下 捕捉光影的流轉 有些故事 適合留白與遺撼 雨水洗刷過 城市的喧囂 我們都在夜裡 尋找著依靠
擦拭融不化的夢境 不一定 要有完美的答案才算清醒 讓眼眶裡的星光 慢慢沉澱成和平 慢慢沉澱 ~ 成和平 一個人走過 夜晚的深邃 不代表心底 缺少了光輝 都是歲月的饋贈與留白 溫暖著每個 獨自醒來的港灣 不用迎合誰的期待的故事 在自己的時區裡 綻放姿態 一個人走過 夜晚的深邃 不代表心底 缺少了光輝 都是歲月的饋贈與留白 溫暖著每一個 獨自醒來的港口 不用迎合誰的期待的故事 在自己的時區裡 綻放姿態
時光很慢 影子很長 不完美 傳統也是一種獨特的模樣 在無人問津的角落裡 自己 才是最深情的答案 把光斑的餘溫 留給今夜的我 晚安 ～
留言（ 0 ） 最相關留言 所有留言
留言（ 0 ）",2026-09-18,,,False,False,
2026-09-24 04:28:41,realtime,urban,,,17,libingjhe,三、可哪,0,1,0,https://streetvoice.com/libingjhe/songs/879855/,https://streetvoice.com/libingjhe/,"https://akstatic.streetvoice.com/profile_images/li/bi/libingjhe/aRfs6kzm78ViECbE6jop9z.jpeg?x-oss-process=image/resize,m_fill,h_400,w_400,limit_0",images/879855.jpeg,@libingjhe,音樂人,台北市,2026-09-01,,3,,,,,https://www.youtube.com/user/StreetVoiceTV,,,Blues,,,,"曲名：可哪 作詞人：李秉哲 作曲人：李秉哲 編曲：李秉哲 演唱：李秉哲 
曲名：可哪 作詞人：李秉哲 作曲人：李秉哲 編曲：李秉哲 演唱：李秉哲","主歌 簡單自我介紹於歌裡， 加寬加廣， 若要改長，改短也可， 加鼓點亦可。 橋 文可深可淺。人可樂可歌。 副歌 雲來不欺，人走不議。 我從哪來，就從哪去。 人云亦云，純屬虛構。 我不解釋，待船浮於面。 
主歌 簡單自我介紹於歌裡， 加寬加廣， 若要改長，改短也可， 加鼓點亦可。
橋 文可深可淺。人可樂可歌。
副歌 雲來不欺，人走不議。 我從哪來，就從哪去。 人云亦云，純屬虛構。 我不解釋，待船浮於面。
留言（ 0 ） 最相關留言 所有留言
留言（ 0 ）",2026-09-17,,,False,False,
2026-09-24 04:28:41,realtime,urban,,,18,光路徑,light path 光路徑,1,24,0,https://streetvoice.com/lightpath2026/songs/879681/,https://streetvoice.com/lightpath2026/,"https://akstatic.streetvoice.com/song_covers/li/gh/lightpath2026/oCuL78pr5RUbpaESyyDW5C.jpeg?x-oss-process=image/resize,m_fill,h_400,w_400,limit_0",images/879681.jpeg,@lightpath2026,音樂人,,,,1,,,,,https://www.youtube.com/user/StreetVoiceTV,,,R&B / Soul,,,,"有些人的破碎,是躲在人群裡的一張微笑面具；有些人的破碎,是國小的下課鐘響前,一個人躲在木橋下數著時間的孩子。 〈光路徑〉是一首以光路徑與友人的真實生命故事為原型寫成的作品。歌詞沒有直接控訴傷口有多深,而是選擇用「光」與「路徑」這組意象,把那段曾經活在深淵、戴著偽裝求生存的過去,一步步引向被呼召、被愛觸碰之後的黎明。 「祢是光,我是路徑」——這句歌詞是整首歌的核心,也是「光路徑」這個名字真正的來由。副歌不斷重複的 HOPE,不是廉價的正能量口號,而是從被霸凌、被放棄、躲在角落裡活下來的人,親口說出「我曾經也看不見活著的目的」之後,才有資格唱的那個字。 這首歌想陪伴的,不是活得很好的人,而是心裡還貧窮、還在深淵裡找出口的人。如果你也曾經戴著面具走在人群裡,願這首歌能成為你腳前的光,陪你走完剩下的路。 
有些人的破碎,是躲在人群裡的一張微笑面具；有些人的破碎,是國小的下課鐘響前,一個人躲在木橋下數著時間的孩子。
〈光路徑〉是一首以光路徑與友人的真實生命故事為原型寫成的作品。歌詞沒有直接控訴傷口有多深,而是選擇用「光」與「路徑」這組意象,把那段曾經活在深淵、戴著偽裝求生存的過去,一步步引向被呼召、被愛觸碰之後的黎明。
「祢是光,我是路徑」——這句歌詞是整首歌的核心,也是「光路徑」這個名字真正的來由。副歌不斷重複的 HOPE,不是廉價的正能量口號,而是從被霸凌、被放棄、躲在角落裡活下來的人,親口說出「我曾經也看不見活著的目的」之後,才有資格唱的那個字。
這首歌想陪伴的,不是活得很好的人,而是心裡還貧窮、還在深淵裡找出口的人。如果你也曾經戴著面具走在人群裡,願這首歌能成為你腳前的光,陪你走完剩下的路。","光路徑 主題曲 160 Bpm / B-Flat-Maj Hook 你是我 的力量 帶我走出那迷惘 你是我腳前的光 我不會再徬徨 我要靠著祢 在一起 永遠不分離 光路徑就在這裡 這世代 要興起 Verse 1 如果我的生命 能夠成為這世代的祭品 我想我願意 拋開一切 敞開我的身體 曾經曾經 我活在深淵裡 我帶著面具 走在人群裡 微笑 只是我偽裝的證明 我根本沒有 好到哪裡去 直到我遇見了祢 So 祢是光 我是路徑 Bridges H-O-P-E 歡迎來到 光-路-徑 破碎的過去 因你的溫暖如今變黎明 因為～ Hook 你是我 的力量 帶我走出那迷惘 你是我 腳前的光 我不會再徬徨 我要靠著祢 在一起 永遠不分離 光路徑就在這裡 這世代 要興起 Verse 2 I used to be bullied 曾經也看不見活著的目的 只好孤單的躲在木橋下 等待著 下節上課 鐘響起 我在尋 光明，他們 不相信 They almost gave up on me Till the light hit me different, when I pray for my season From broken to chosen, I’m moving with His reason 你們的 光 也 當 該 這樣照人前~ 也許會讓誰開始期待明天 這裡是 Bridges H-O-P-E 歡迎來到 光-路-徑 破碎的過去 因你的溫暖如今變黎明 因為～ Hook 你是我 的力量 我已脫離黑暗的綑綁 你是我腳前的光 我不會再徬徨 我要靠著祢 在一起 永遠不分離 光路徑就在這裡 這世代 要興起 
光路徑 主題曲 160 Bpm / B-Flat-Maj Hook 你是我 的力量 帶我走出那迷惘
你是我腳前的光 我不會再徬徨
我要靠著祢 在一起 永遠不分離
光路徑就在這裡 這世代 要興起
Verse 1 如果我的生命 能夠成為這世代的祭品 我想我願意 拋開一切 敞開我的身體
曾經曾經 我活在深淵裡 我帶著面具 走在人群裡 微笑 只是我偽裝的證明 我根本沒有 好到哪裡去
直到我遇見了祢 So 祢是光 我是路徑
Bridges H-O-P-E 歡迎來到 光-路-徑 破碎的過去 因你的溫暖如今變黎明 因為～
Hook 你是我 的力量 帶我走出那迷惘
你是我 腳前的光 我不會再徬徨
我要靠著祢 在一起 永遠不分離
光路徑就在這裡 這世代 要興起
Verse 2 I used to be bullied 曾經也看不見活著的目的 只好孤單的躲在木橋下 等待著 下節上課 鐘響起
我在尋 光明，他們 不相信 They almost gave up on me
Till the light hit me different, when I pray for my season From broken to chosen, I’m moving with His reason
你們的 光 也 當 該 這樣照人前~ 也許會讓誰開始期待明天 這裡是
Bridges H-O-P-E 歡迎來到 光-路-徑 破碎的過去 因你的溫暖如今變黎明 因為～
Hook 你是我 的力量 我已脫離黑暗的綑綁
你是我腳前的光 我不會再徬徨
我要靠著祢 在一起 永遠不分離
光路徑就在這裡 這世代 要興起
留言（ 0 ） 最相關留言 所有留言
留言（ 0 ）",2026-09-16,,,False,False,
2026-09-24 04:28:41,realtime,urban,,,19,Poe3030,Hate that I made you love me 演唱demo版,12,155,13,https://streetvoice.com/poe3030/songs/877172/,https://streetvoice.com/poe3030/,"https://akstatic.streetvoice.com/song_covers/po/e3/poe3030/U39VTU9xeccKMeykRA8YHc.jpeg?x-oss-process=image/resize,m_fill,h_400,w_400,limit_0",images/877172.jpeg,@poe3030,音樂人,台北市,2008-11-01,2026-06-30 10:03,121,100,137,https://www.facebook.com/poe3030/,,https://www.youtube.com/@poe3030,,,R&B / Soul,,,,"當你認為你對一個人不拖不欠時，通常是因為你已經不愛他了，因為愛情有三分之一是內疚虧欠 作曲／編曲：SUNO 作詞／錄音／混音：poe3030 MV: https://youtu.be/rUUn-d0UjHU 
當你認為你對一個人不拖不欠時，通常是因為你已經不愛他了，因為愛情有三分之一是內疚虧欠 作曲／編曲：SUNO 作詞／錄音／混音：poe3030
MV: https://youtu.be/rUUn-d0UjHU
https://youtu.be/rUUn-d0UjHU","verse 已久到不知道是何時 那時你碰觸我的十指 我感受到電流經過的日子 卻已經遠去到不知何時 verse 我沒有答應你永遠 卻讓自己開始習慣你的靦腆 我沒有說過我會留下 卻把你的明天寫進我的盛夏 Pre-chorus 我知道你看我的眼神 已經不是朋友那麼簡單 我卻沒有後退一步 只因為那刻我也需要有人陪伴 Chorus I hate that I made you love me 我恨我讓你開始擁有我的記憶 I hate that I made you need me 我恨我讓你習慣我們的甜蜜 我明明知道會走 卻讓你學會挽留 FINAL CHORUS I hate that I made you love me I hate that I made you love me Hate that I made you believe 我明明知道這段故事裡 最後不會有我們的結局 I hate that I made you love me When I knew I couldn't stay 如果我們早一點分離 你是不是就不會帶著懷疑離去 Hook This is not our destiny This is our personality, our lonely, and our foolish 
verse 已久到不知道是何時 那時你碰觸我的十指 我感受到電流經過的日子 卻已經遠去到不知何時 verse 我沒有答應你永遠 卻讓自己開始習慣你的靦腆 我沒有說過我會留下 卻把你的明天寫進我的盛夏 Pre-chorus 我知道你看我的眼神 已經不是朋友那麼簡單 我卻沒有後退一步 只因為那刻我也需要有人陪伴 Chorus I hate that I made you love me 我恨我讓你開始擁有我的記憶 I hate that I made you need me 我恨我讓你習慣我們的甜蜜 我明明知道會走 卻讓你學會挽留 FINAL CHORUS I hate that I made you love me I hate that I made you love me Hate that I made you believe 我明明知道這段故事裡 最後不會有我們的結局 I hate that I made you love me When I knew I couldn't stay 如果我們早一點分離 你是不是就不會帶著懷疑離去 Hook This is not our destiny This is our personality, our lonely, and our foolish
留言（ 13 ） 最相關留言 所有留言
留言（ 13 ）",2026-09-15,,AI 協作 R&B / Soul,False,False,
2026-09-24 04:28:41,realtime,urban,,,20,Fi-Né 粉內,ill never have u,1,50,0,https://streetvoice.com/finemusic/songs/878591/,https://streetvoice.com/finemusic/,"https://akstatic.streetvoice.com/song_covers/fi/ne/finemusic/EGbPok5RMZ3Hainwr4ijd4.jpeg?x-oss-process=image/resize,m_fill,h_400,w_400,limit_0",images/878591.jpeg,@finemusic,音樂人,,,2021-06-09 13:29,33,201,49,https://www.facebook.com/senli.su/,https://www.instagram.com/fi_ne_music/,https://www.youtube.com/channel/UCGFL4F6o9U8PoFBL5X2NRZQ,ICRT DJ、台澳混血「紅髮靈魂女聲」Cait Lin 凱琳 推出首張迷你創作專輯《GRADIENTS》|||https://blow.streetvoice.com/83750/?utm_source=streetvoice&utm_medium=profile-news-block; 手頭的文化幣還沒用完？2023下半年全台音樂祭大彙整！|||https://blow.streetvoice.com/69093/?utm_source=streetvoice&utm_medium=profile-news-block; 【StreetVoice新歌週報】薛詒丹發布秋季應景新作 達人推薦新秀布萊梅|||https://blow.streetvoice.com/57111/?utm_source=streetvoice&utm_medium=profile-news-block,,R&B / Soul,,,,,"這是沒有提供歌詞的歌曲
留言（ 0 ） 最相關留言 所有留言
留言（ 0 ）",2026-09-08,,編輯推薦,True,False,
2026-09-24 04:28:41,realtime,urban,,,21,奧薩瑪 Osama,夢回現實,3,112,2,https://streetvoice.com/hejiawei0909/songs/878142/,https://streetvoice.com/hejiawei0909/,"https://akstatic.streetvoice.com/song_covers/he/ji/hejiawei0909/K7SvKfLY5NZxpCRfuzzbcR.jpg?x-oss-process=image/resize,m_fill,h_400,w_400,limit_0",images/878142.jpg,@hejiawei0909,音樂人,新北市,2018-09-01,,23,46,27,,,https://www.youtube.com/user/StreetVoiceTV,,,R&B / Soul,,,,,"昨天我又在七點睡 但到了天黑我又不會覺得累 起床還在回味 夢裡面出了現實感覺一樣對 得要搞清楚這種界線 夢外面是無法 承認這種體會 看到了現實面無法與夢境匹配 也別感到灰心我以為我能夠飛 說真的我應該會頭破血流 但也有可能根本就不絕對痛 但感覺都是真的 我就只能說 夢境會欺騙人 大家都會懂 做夢的地帶我怎麼捨不得離開 現實在期待的我總得要分開 說不上來的感覺 但兩者通通沒有區別 都是一樣沒有愛 不再夢裡不能依賴 
昨天我又在七點睡 但到了天黑我又不會覺得累 起床還在回味 夢裡面出了現實感覺一樣對
得要搞清楚這種界線 夢外面是無法 承認這種體會 看到了現實面無法與夢境匹配 也別感到灰心我以為我能夠飛 說真的我應該會頭破血流 但也有可能根本就不絕對痛 但感覺都是真的 我就只能說 夢境會欺騙人 大家都會懂
做夢的地帶我怎麼捨不得離開 現實在期待的我總得要分開 說不上來的感覺 但兩者通通沒有區別 都是一樣沒有愛 不再夢裡不能依賴
留言（ 2 ） 最相關留言 所有留言
留言（ 2 ）",2026-09-05,,編輯推薦,True,False,
2026-09-24 04:28:41,realtime,urban,,,22,松籟樂創,chihuahua,18,929,5,https://streetvoice.com/slsl2nd/songs/878593/,https://streetvoice.com/slsl2nd/,"https://akstatic.streetvoice.com/song_covers/sl/sl/slsl2nd/DwZgvEzbcShMsFgXYpDJFy.jpg?x-oss-process=image/resize,m_fill,h_400,w_400,limit_0",images/878593.jpg,@slsl2nd,音樂人,台北市,2020-08-01,,57,236,5,,,https://www.youtube.com/user/StreetVoiceTV,,,R&B / Soul,,,,"「Rurrrrrrrr..ArF..ArF..ArF」 【音樂製作名單】 作曲 Composer | 蔡沂潔 作詞 Lyricist | 莊閎 編曲 Arranger | 全體樂手 主唱 Vocals | 莊閎 和聲 Backing Vocal | 蔡沂潔 木吉他 Acoustic Guitar | 蔡沂潔 電吉他 Electric Guitar | 李謙嶧 鼓 Drums | 陳有倫 聲音編輯 Editing Engineer | 游宗穎 錄音師 Recording Engineer | 蔡沂潔、陳有倫 錄音室 Recording Studio | 你我音樂空間 混音師 Mixing Engineer | 游宗穎 母帶後期處理工程師 Mastering Engineer | 游宗穎 混音/母帶工作室 Mixing & Mastering Studio | 你我音樂工作室 
「Rurrrrrrrr..ArF..ArF..ArF」
【音樂製作名單】 作曲 Composer | 蔡沂潔 作詞 Lyricist | 莊閎 編曲 Arranger | 全體樂手
主唱 Vocals | 莊閎 和聲 Backing Vocal | 蔡沂潔 木吉他 Acoustic Guitar | 蔡沂潔 電吉他 Electric Guitar | 李謙嶧 鼓 Drums | 陳有倫
聲音編輯 Editing Engineer | 游宗穎 錄音師 Recording Engineer | 蔡沂潔、陳有倫 錄音室 Recording Studio | 你我音樂空間
混音師 Mixing Engineer | 游宗穎 母帶後期處理工程師 Mastering Engineer | 游宗穎 混音/母帶工作室 Mixing & Mastering Studio | 你我音樂工作室","There's a tiny creature in immense world. As small as a bee but as brave as an adult. Standard rules cannot define this little soul. Independence doesn't mean to be alone. And there is something that you really ought to know. When you're feeling low, you don't need to beguile. You are the chihuahua in my life. And your appearance made my pale life summerlike. I don't wanna get it out of my mind. Imagine that you are by my side. You are the chihuahua in my life. Your impefections don't need to be sanitised. Every time I dream of your big round eyes, I will fall asleep with a smile. There's a tiny creature in immense world. As small as a bee but as brave as an adult. Standard rules cannot define this little soul. Independence doesn't mean to be alone. And there is something that you really ought to know. When you're feeling low, you don't need to beguile. You are the chihuahua in my life. And your appearance made my pale life summerlike. I don't wanna get it out of my mind. Imagine that you are by my side. You are the chihuahua in my life. Your impefections don't need to be sanitised. Every time I dream of your big round eyes, I will fall asleep with a smile. You are the chihuahua in my life. And your appearance made my pale life summerlike. I don't wanna get it out of my mind. Imagine that you are by my side. You are the chihuahua in my life. Your impefections don't need to be sanitised. Every time I dream of your big round eyes, I will fall asleep with a smile. 
There's a tiny creature in immense world. As small as a bee but as brave as an adult. Standard rules cannot define this little soul. Independence doesn't mean to be alone. And there is something that you really ought to know. When you're feeling low, you don't need to beguile.
You are the chihuahua in my life. And your appearance made my pale life summerlike. I don't wanna get it out of my mind. Imagine that you are by my side.
You are the chihuahua in my life. Your impefections don't need to be sanitised. Every time I dream of your big round eyes, I will fall asleep with a smile.
There's a tiny creature in immense world. As small as a bee but as brave as an adult. Standard rules cannot define this little soul. Independence doesn't mean to be alone. And there is something that you really ought to know. When you're feeling low, you don't need to beguile.
You are the chihuahua in my life. And your appearance made my pale life summerlike. I don't wanna get it out of my mind. Imagine that you are by my side.
You are the chihuahua in my life. Your impefections don't need to be sanitised. Every time I dream of your big round eyes, I will fall asleep with a smile.
You are the chihuahua in my life. And your appearance made my pale life summerlike. I don't wanna get it out of my mind. Imagine that you are by my side.
You are the chihuahua in my life. Your impefections don't need to be sanitised. Every time I dream of your big round eyes, I will fall asleep with a smile.
留言（ 5 ） 最相關留言 所有留言
留言（ 5 ）",2026-09-10,,,False,False,
2026-09-24 04:28:41,realtime,urban,,,23,jiMMY CHYN,青春假期結束,51,2948,3,https://streetvoice.com/jimmy3063/songs/876199/,https://streetvoice.com/jimmy3063/,"https://akstatic.streetvoice.com/music_albums/ji/mm/jimmy3063/Ko62M8LfUvahk25D8r4Hgm.jpeg?x-oss-process=image/resize,m_fill,h_400,w_400,limit_0",images/876199.jpeg,@jimmy3063,音樂人,台北市,2012-04-01,2021-06-01 13:03,13,236,8,https://www.facebook.com/jimmywang0511/,https://www.instagram.com/jimmy_0511,https://www.youtube.com/user/StreetVoiceTV,,,R&B / Soul,26.mp3,https://streetvoice.com/jimmy3063/songs/album/97325950/,Qmo,"獻給那些曾經一起長大、如今只存在回憶裡的人們。 - 詞曲 Songwriter｜jiMMY CHYN 演唱 Vocal｜jiMMY CHYN 合聲 Chorus｜jiMMY CHYN 吉他 Guitars｜張祐誠 Qmo 貝斯 Bass｜張祐誠 Qmo 編曲 Arrangement｜張祐誠 Qmo 混音 Mix Engineer｜張祐誠 Qmo 
獻給那些曾經一起長大、如今只存在回憶裡的人們。
- 詞曲 Songwriter｜jiMMY CHYN 演唱 Vocal｜jiMMY CHYN 合聲 Chorus｜jiMMY CHYN 吉他 Guitars｜張祐誠 Qmo 貝斯 Bass｜張祐誠 Qmo 編曲 Arrangement｜張祐誠 Qmo 混音 Mix Engineer｜張祐誠 Qmo","一個人回憶在深夜 想起 生活緊密的那些年 你說別為自己設限 踏出舒適圈 從此豐富了我的視野 如今 你不在這邊 所有過程經歷 都有了意義 我不再去抱怨 不再去逃避 謝謝我們曾經 有過那一段 感情 比朋友還更貼近 你 是這世上的唯一 那麽深刻了解了我的心 曾經 曾經是那麼的貼近 時間過去 當初的默契 沒人代替 還記得淡水的風聲吹響了夜巴黎 說不完的話題 (還記得) 清晨陽光照進 酒瓶散落一地 做過夢的屋頂 摩托車的風景 (希望) 再見面笑鬧如往昔 所有過程經歷 都有了意義 我不再去抱怨 不再去逃避 謝謝我們曾經 有過那一段 感情 比朋友還更貼近 你 是這世上的唯一 那麽深刻了解了我的心 如今 已沒有餘力再相聚 總是精神喊話 但你現在在哪 你還活著嗎 都回不去啦 真的超級想你 卻只能走向各自的時區 我也早就已經遠離青春假期 
一個人回憶在深夜 想起 生活緊密的那些年 你說別為自己設限 踏出舒適圈 從此豐富了我的視野 如今 你不在這邊
所有過程經歷 都有了意義 我不再去抱怨 不再去逃避 謝謝我們曾經 有過那一段 感情 比朋友還更貼近 你 是這世上的唯一 那麽深刻了解了我的心 曾經 曾經是那麼的貼近
時間過去 當初的默契 沒人代替 還記得淡水的風聲吹響了夜巴黎 說不完的話題 (還記得) 清晨陽光照進 酒瓶散落一地 做過夢的屋頂 摩托車的風景 (希望) 再見面笑鬧如往昔
所有過程經歷 都有了意義 我不再去抱怨 不再去逃避 謝謝我們曾經 有過那一段 感情 比朋友還更貼近 你 是這世上的唯一 那麽深刻了解了我的心 如今 已沒有餘力再相聚
總是精神喊話 但你現在在哪 你還活著嗎 都回不去啦 真的超級想你 卻只能走向各自的時區 我也早就已經遠離青春假期
留言（ 3 ） 最相關留言 所有留言
留言（ 3 ）",2026-08-24,,Song of the Day; 編輯推薦,True,True,
2026-09-24 04:28:41,realtime,urban,,,24,Tanuki Maruina,我係有超能力嘅,2,185,0,https://streetvoice.com/boson321/songs/878879/,https://streetvoice.com/boson321/,"https://akstatic.streetvoice.com/song_covers/bo/so/boson321/3QCzTLNiDhedMHQ95ehJ7m.jpeg?x-oss-process=image/resize,m_fill,h_400,w_400,limit_0",images/878879.jpeg,@boson321,音樂人,,,,10,4,1,,,https://www.youtube.com/user/StreetVoiceTV,,,Jazz,ASTROMANIA KID,https://streetvoice.com/boson321/songs/album/97326081/,,"A Tanuki Song 我係有超能力嘅。 你唔講，我都知你唔開心， 你只管發光，我替你護航。 二十多歲第一分工作時期寫了一段歌詞旋律， 過了二十年才把後半段跟旋律完滿落定。 在愛的人面前，我們都會覺醒自己的超能力！ 人人都是超人。 
A Tanuki Song
我係有超能力嘅。 你唔講，我都知你唔開心， 你只管發光，我替你護航。
二十多歲第一分工作時期寫了一段歌詞旋律， 過了二十年才把後半段跟旋律完滿落定。
在愛的人面前，我們都會覺醒自己的超能力！ 人人都是超人。","《我係有超能力嘅》 A Tanuki song 有人說你像傳奇 美麗得太有個性　才華把世界隔成距離 但我說你像水晶 易碎又透明 愛上哪天記不清 小說借你一場雨　你卻笑著說天氣而已 你不輕易地交出心裡細膩 王子與公主的結局　從來非第一 卸下你的甲衣　一步一步地靠近 讓我慢慢地　學會你的呼吸 Babe Babe 別擔心　我一直想你 願你都開心　我都記起 偶爾有發明　超能力是讓你安心 用溫暖守護你　愛安靜抱緊你 別怕夜太長 我陪你天亮 有人說你太安靜 微笑裡藏著風景　眼神卻閃著小星星 但我懂你的任性　柔軟而堅定 像雨後透亮的森林 電影讓你紅眼睛 卻還笑著說只是灰塵而已 你把孤單都收進小小抽屜 不讓誰輕易靠近　也不說明原因 放下你的小心 慢慢交給曾經 讓我陪你等天放晴 如果世界太吵 我會陪你安靜 如果夜色太深 我會做你的星星 不必完美透明 也不必總聰明 你只要做你自己 Babe Babe 別擔心　我一直想你 願你都開心　我都記起 偶爾有發明　超能力是讓你安心 用溫暖守護你　愛安靜抱緊你 你只管發光 我替你護航 
《我係有超能力嘅》 A Tanuki song
有人說你像傳奇 美麗得太有個性　才華把世界隔成距離 但我說你像水晶 易碎又透明 愛上哪天記不清 小說借你一場雨　你卻笑著說天氣而已 你不輕易地交出心裡細膩 王子與公主的結局　從來非第一 卸下你的甲衣　一步一步地靠近 讓我慢慢地　學會你的呼吸 Babe Babe 別擔心　我一直想你 願你都開心　我都記起 偶爾有發明　超能力是讓你安心 用溫暖守護你　愛安靜抱緊你 別怕夜太長 我陪你天亮 有人說你太安靜 微笑裡藏著風景　眼神卻閃著小星星 但我懂你的任性　柔軟而堅定 像雨後透亮的森林 電影讓你紅眼睛 卻還笑著說只是灰塵而已 你把孤單都收進小小抽屜 不讓誰輕易靠近　也不說明原因 放下你的小心 慢慢交給曾經 讓我陪你等天放晴 如果世界太吵 我會陪你安靜 如果夜色太深 我會做你的星星 不必完美透明 也不必總聰明 你只要做你自己 Babe Babe 別擔心　我一直想你 願你都開心　我都記起 偶爾有發明　超能力是讓你安心 用溫暖守護你　愛安靜抱緊你 你只管發光 我替你護航
留言（ 0 ） 最相關留言 所有留言
留言（ 0 ）",2026-09-11,,,False,False,
2026-09-24 04:28:41,realtime,urban,,,25,沒有才能,二十五,108,5489,9,https://streetvoice.com/anti_talent/songs/876006/,https://streetvoice.com/anti_talent/,"https://akstatic.streetvoice.com/song_covers/an/ti/anti_talent/7weRVH3PFb6WKcjGyaM9sF.jpeg?x-oss-process=image/resize,m_fill,h_400,w_400,limit_0",images/876006.jpeg,@anti_talent,音樂人,花蓮縣,2019-03-01,2021-06-30 20:14,15,6419,24,https://www.facebook.com/profile.php?id=100057806991024,https://www.instagram.com/antitalentttt/,https://www.youtube.com/channel/UCioPM4PKLFaMaW7VTBXai_Q,金旋音樂節即將登場！力邀LAWA合體鄒序、楊子平攜手沒有才能等四組共演驚喜上陣|||https://blow.streetvoice.com/79258/?utm_source=streetvoice&utm_medium=profile-news-block; 從長頸鹿進化成人類！沒有才能推出首張專輯《我終於也變成人了》宣告正式轉大人|||https://blow.streetvoice.com/76073/?utm_source=streetvoice&utm_medium=profile-news-block; 新銳唱作人Everydaze擔任製作 沒有才能新歌〈此時此刻〉衝上街聲即時排行榜冠軍|||https://blow.streetvoice.com/75521/?utm_source=streetvoice&utm_medium=profile-news-block,,R&B / Soul,,,,"送給每一位面臨25歲半半生危機但仍繼續努力的人 從年少的心願變成眼前的生活，我們可以，我們做得到 Credit: 詞曲 Lyricist / Composer｜沒有才能 anti-talent 編曲 Arrangement ｜碩美 咪媽 Mixing&Mastering ｜碩美 
送給每一位面臨25歲半半生危機但仍繼續努力的人 從年少的心願變成眼前的生活，我們可以，我們做得到
Credit: 詞曲 Lyricist / Composer｜沒有才能 anti-talent 編曲 Arrangement ｜碩美 咪媽 Mixing&Mastering ｜碩美","不知不覺 就到了這門檻 不再無知 但將來怎麼辦 他們說 蹲的低才跳的高 他們說 敗不餒 勝不驕 以為長大會撥雲見日 還是怕丟臉 但至少有誠實 再給我點時間 我也會很特別 熟悉的空房間裡 壓抑著想念 再給我點信念 我也能走到那 夢裡見到的風景 我一定要親眼看見 嗚 轉眼25 前方的路依舊不清楚 手握畫筆繼續畫圖 它長得太抽象 不能預測方向 站遠仔細端詳 不由自主流下一滴淚 Keep your head up 即使會害怕 你為了看見那個景象付了代價 在冷嘲熱諷裡面你連滾帶爬 還是殺不掉你熱情因為那是愛啊 像陰鬱土壤內依舊會開花 像那個天才也曾被人當成呆瓜 難道你甘願永遠在台下拍嗎 去成為你想成為的 其他隨風吹吧 最開始的心願 也不是很特別 重複闖進深夜裡 渴望著明天 再給我點信念 我也能走到那 夢裡見到的風景 我一定要親眼看見 要看見 它實現 要看見 它實現 要看見 它實現 看見 它實現 再給我點時間 我也會很特別 熟悉的空房間裡 壓抑著想念 再給我點信念 我也能走到那 夢裡見到的風景 我一定要親眼看見 
不知不覺 就到了這門檻 不再無知 但將來怎麼辦 他們說 蹲的低才跳的高 他們說 敗不餒 勝不驕 以為長大會撥雲見日 還是怕丟臉 但至少有誠實
再給我點時間 我也會很特別 熟悉的空房間裡 壓抑著想念 再給我點信念 我也能走到那 夢裡見到的風景 我一定要親眼看見
嗚 轉眼25 前方的路依舊不清楚 手握畫筆繼續畫圖 它長得太抽象 不能預測方向 站遠仔細端詳 不由自主流下一滴淚
Keep your head up 即使會害怕 你為了看見那個景象付了代價 在冷嘲熱諷裡面你連滾帶爬 還是殺不掉你熱情因為那是愛啊 像陰鬱土壤內依舊會開花 像那個天才也曾被人當成呆瓜 難道你甘願永遠在台下拍嗎 去成為你想成為的 其他隨風吹吧
最開始的心願 也不是很特別 重複闖進深夜裡 渴望著明天 再給我點信念 我也能走到那 夢裡見到的風景 我一定要親眼看見
要看見 它實現 要看見 它實現 要看見 它實現 看見 它實現
再給我點時間 我也會很特別 熟悉的空房間裡 壓抑著想念 再給我點信念 我也能走到那 夢裡見到的風景 我一定要親眼看見
留言（ 9 ） 最相關留言 所有留言
留言（ 9 ）",2026-08-25,,編輯推薦,True,False,
2026-09-24 04:28:41,realtime,urban,,,26,韻捷sherry,我不是你的誰,2,39,0,https://streetvoice.com/sherry941107/songs/878434/,https://streetvoice.com/sherry941107/,"https://akstatic.streetvoice.com/song_covers/sh/er/sherry941107/99AsARuaTYaDFaYQQWbYFu.jpeg?x-oss-process=image/resize,m_fill,h_400,w_400,limit_0",images/878434.jpeg,@sherry941107,音樂人,,,,4,5,2,,,https://www.youtube.com/user/StreetVoiceTV,,,R&B / Soul,,,,"在微弱的燈光下聽著伴奏、彈著吉他。 感受它在腦海組成的音符過濾後出來。 再簡單的拼湊關於你的細節，一一的放進拍子與拍子之間。 這是我喜歡的事，跟喜歡..一樣。 作詞：韻捷 sherry 作曲：韻捷 sherry 編曲：KANABEATS 混音：Brotha wu 製作人：Brotha wu 繪圖：17 錄音：無所謂錄音 
在微弱的燈光下聽著伴奏、彈著吉他。 感受它在腦海組成的音符過濾後出來。 再簡單的拼湊關於你的細節，一一的放進拍子與拍子之間。 這是我喜歡的事，跟喜歡..一樣。
作詞：韻捷 sherry 作曲：韻捷 sherry 編曲：KANABEATS 混音：Brotha wu 製作人：Brotha wu 繪圖：17 錄音：無所謂錄音","聽旋律 聽了一整晚 餘音在耳邊 不斷循環 像戒不掉你的習慣 夜燈正在為我照亮 每一條訊息的鈴聲響 就算 任何一刻都變得緩慢 或許老派 這就是我的方式 愛你不管好或壞 別破壞對你的期待 我只想見一面 就算我們距離很遙遠 儘管外面的星 多耀眼 我依然愛你無邊界 我不是你的誰 但對我來說你很特別 想多愛一些 每天就一點點 事到如今我的愛不會變 看見你我怎麼可能 不會笑 那頂多是我的靈魂 一次一次被抽掉 Oh baby 每次介紹你 都選擇高調 一想到你的臉龐 心跳簡直不太妙 機率是逃不了 畢竟我的心只為你動搖 想每分每秒 都圍著你繞 或許老派 這就是我的方式 愛你不管好或壞 別破壞對你的期待 我只想見一面 就算我們距離很遙遠 儘管外面的星 多耀眼 我依然愛你無邊界 我不是你的誰 但對我來說你很特別 想多愛一些 每天就一點點 事到如今我的愛不會變 我只想見一面 就算我們距離很遙遠 儘管外面的星 多耀眼 我依然愛你無邊界 我不是你的誰 但對我來說你很特別 想多愛一些 每天就一點點 事到如今 我的愛不會變 
聽旋律 聽了一整晚 餘音在耳邊 不斷循環 像戒不掉你的習慣
夜燈正在為我照亮 每一條訊息的鈴聲響 就算 任何一刻都變得緩慢
或許老派 這就是我的方式 愛你不管好或壞 別破壞對你的期待
我只想見一面 就算我們距離很遙遠 儘管外面的星 多耀眼 我依然愛你無邊界
我不是你的誰 但對我來說你很特別 想多愛一些 每天就一點點 事到如今我的愛不會變
看見你我怎麼可能 不會笑 那頂多是我的靈魂 一次一次被抽掉 Oh baby 每次介紹你 都選擇高調
一想到你的臉龐 心跳簡直不太妙 機率是逃不了 畢竟我的心只為你動搖 想每分每秒 都圍著你繞
或許老派 這就是我的方式 愛你不管好或壞 別破壞對你的期待
我只想見一面 就算我們距離很遙遠 儘管外面的星 多耀眼 我依然愛你無邊界
我不是你的誰 但對我來說你很特別 想多愛一些 每天就一點點 事到如今我的愛不會變
我只想見一面 就算我們距離很遙遠 儘管外面的星 多耀眼 我依然愛你無邊界
我不是你的誰 但對我來說你很特別 想多愛一些 每天就一點點 事到如今 我的愛不會變
留言（ 0 ） 最相關留言 所有留言
留言（ 0 ）",2026-09-07,,,False,False,
2026-09-24 04:28:41,realtime,urban,,,27,韻捷sherry,感覺派,2,46,0,https://streetvoice.com/sherry941107/songs/878437/,https://streetvoice.com/sherry941107/,"https://akstatic.streetvoice.com/song_covers/sh/er/sherry941107/T9VRAvVAR2XJyjVqFc3gE6.jpg?x-oss-process=image/resize,m_fill,h_400,w_400,limit_0",images/878437.jpg,@sherry941107,音樂人,,,,4,5,2,,,https://www.youtube.com/user/StreetVoiceTV,,,R&B / Soul,,,,"作詞：sherry、Wilson 作曲：sherry、Wilson 編曲：harui 混音：Wilson 
作詞：sherry、Wilson 作曲：sherry、Wilson 編曲：harui 混音：Wilson","一人走一步 我們從心出發 管你愛不愛 oh 那就這樣吧 什麼範例 我都不聽 慶幸我遇見你 感覺 我是不會忘記 你看著我的 眼神 怎麼不一樣 留點距離 或許是某種試探 選擇AB  我都隨你 心已被你佔據 想邀你一起參與 感覺派 是你讓我再次感覺愛 不再孤單 這一路有你陪伴 我用感覺來愛 情是否太難 好想與你一輩子糾纏 感覺派 你是我遺失的那一半 口味不換 已經對未來做打算 我用感覺來 感覺你 這都不用看天氣 你一定會知道 我只在乎你 我們愛卻又愛的沒有邏輯 不套公式照樣能夠愛上你 怎麼會對你的那一眼就動心 洞悉你動聽的聲音是我的榮幸 鍾情於你濃情蜜意 如果你是畫布那我是你的畫筆 畫面裡的妳 此刻有了意義 是你給我那種不曾有過的親密 是你讓我成了感覺派 有妳在才能讓我更能感覺愛 愛是付出行動那我是行動派 慶幸總算盼到你能對我回頭看 I just feel you this feels so right 讓我感覺你的感覺是否心動在 夢醒的時刻動情的此刻 未來有你的參與讓我更有安全感 感覺派 是你讓我再次感覺愛 不再孤單 這一路有你陪伴 我用感覺來愛 情是否太難 好想與你一輩子糾纏 感覺派 你是我遺失的那一半 口味不換 已經對未來做打算 我用感覺來 感覺你 這都不用看天氣 你一定會知道 我只在乎你 
一人走一步 我們從心出發 管你愛不愛 oh 那就這樣吧 什麼範例 我都不聽 慶幸我遇見你 感覺 我是不會忘記
你看著我的 眼神 怎麼不一樣 留點距離 或許是某種試探 選擇AB  我都隨你 心已被你佔據 想邀你一起參與
感覺派 是你讓我再次感覺愛 不再孤單 這一路有你陪伴 我用感覺來愛 情是否太難 好想與你一輩子糾纏
感覺派 你是我遺失的那一半 口味不換 已經對未來做打算 我用感覺來 感覺你 這都不用看天氣 你一定會知道 我只在乎你
我們愛卻又愛的沒有邏輯 不套公式照樣能夠愛上你 怎麼會對你的那一眼就動心 洞悉你動聽的聲音是我的榮幸 鍾情於你濃情蜜意 如果你是畫布那我是你的畫筆 畫面裡的妳 此刻有了意義 是你給我那種不曾有過的親密 是你讓我成了感覺派 有妳在才能讓我更能感覺愛 愛是付出行動那我是行動派 慶幸總算盼到你能對我回頭看 I just feel you this feels so right 讓我感覺你的感覺是否心動在 夢醒的時刻動情的此刻 未來有你的參與讓我更有安全感
感覺派 是你讓我再次感覺愛 不再孤單 這一路有你陪伴 我用感覺來愛 情是否太難 好想與你一輩子糾纏
感覺派 你是我遺失的那一半 口味不換 已經對未來做打算 我用感覺來 感覺你 這都不用看天氣 你一定會知道 我只在乎你
留言（ 0 ） 最相關留言 所有留言
留言（ 0 ）",2026-09-07,,,False,False,
2026-09-24 04:28:41,realtime,urban,,,28,韻捷sherry,我還是在往前,2,55,0,https://streetvoice.com/sherry941107/songs/878432/,https://streetvoice.com/sherry941107/,"https://akstatic.streetvoice.com/song_covers/sh/er/sherry941107/HcFi6WhH5uTqKjGadnq76X.jpeg?x-oss-process=image/resize,m_fill,h_400,w_400,limit_0",images/878432.jpeg,@sherry941107,音樂人,,,,4,5,2,,,https://www.youtube.com/user/StreetVoiceTV,,,R&B / Soul,,,,"沒被看見的努力 只有自己知道 但只要保持最真實的自己 我相信夢總有一天會到達 作詞：sherry 作曲：sherry 編曲：KANABEATS 混音：伯廷 製作人：伯廷 繪圖：芃伃 
沒被看見的努力 只有自己知道 但只要保持最真實的自己 我相信夢總有一天會到達
作詞：sherry 作曲：sherry 編曲：KANABEATS 混音：伯廷 製作人：伯廷 繪圖：芃伃","怕少走一步 就退回萬中挑選 像濫竽充數 路過也不多看一眼 從未想過我會如此狼狽 幽默感是我隱藏的自卑 我沒有退路 即使它遠在天邊 像找不到路 何況只是一閉上眼 願我不再徘徊失眠邊緣 我和悲傷是天生的一對 沒被看見的努力 我還是在往前 寫歌 彈琴 做人以身作則 我都沒在演 勇氣是你們給 我實在不要臉 我會一步一步慢慢實踐 （留給時間 我走得比較慢 但也走得踏實 也曾有些慌亂 在被看見的那時候 但保持著堅定的選擇 依然不變 如果我能把看不慣我的人 視而不見 那就好了 如果 那時候 才明白 那時候 我早就老了 明明知道自己為了什麼跑著 卻沒有勇氣面對新的早晨 我沒有退路 即使它遠在天邊 像找不到路 何況只是一閉上眼 願我不再徘徊失眠邊緣 我和悲傷是天生的一對 沒被看見的努力 我還是在往前 寫歌 彈琴 做人以身作則 我都沒在演 勇氣是你們給 我實在不要臉 我會一步一步慢慢實踐 （留給時間 沒被看見的努力 我還是在往前 寫歌 彈琴 做人以身作則 我都沒在演 勇氣是你們給 我實在不要臉 我會一步一步慢慢實踐 （就在今天 
怕少走一步 就退回萬中挑選 像濫竽充數 路過也不多看一眼 從未想過我會如此狼狽 幽默感是我隱藏的自卑
我沒有退路 即使它遠在天邊 像找不到路 何況只是一閉上眼 願我不再徘徊失眠邊緣 我和悲傷是天生的一對
沒被看見的努力 我還是在往前 寫歌 彈琴 做人以身作則 我都沒在演 勇氣是你們給 我實在不要臉 我會一步一步慢慢實踐 （留給時間
我走得比較慢 但也走得踏實 也曾有些慌亂 在被看見的那時候 但保持著堅定的選擇 依然不變 如果我能把看不慣我的人 視而不見 那就好了 如果 那時候 才明白 那時候 我早就老了 明明知道自己為了什麼跑著 卻沒有勇氣面對新的早晨
我沒有退路 即使它遠在天邊 像找不到路 何況只是一閉上眼 願我不再徘徊失眠邊緣 我和悲傷是天生的一對
沒被看見的努力 我還是在往前 寫歌 彈琴 做人以身作則 我都沒在演 勇氣是你們給 我實在不要臉 我會一步一步慢慢實踐 （留給時間
沒被看見的努力 我還是在往前 寫歌 彈琴 做人以身作則 我都沒在演 勇氣是你們給 我實在不要臉 我會一步一步慢慢實踐 （就在今天
留言（ 0 ） 最相關留言 所有留言
留言（ 0 ）",2026-09-07,,,False,False,
2026-09-24 04:28:41,realtime,urban,,,29,韻捷sherry,純粹浪漫 Threads love feat. 伯廷,3,74,0,https://streetvoice.com/sherry941107/songs/878429/,https://streetvoice.com/sherry941107/,"https://akstatic.streetvoice.com/song_covers/sh/er/sherry941107/hCAkHTnyRx9PSCFrfqHcMf.jpeg?x-oss-process=image/resize,m_fill,h_400,w_400,limit_0",images/878429.jpeg,@sherry941107,音樂人,,,,4,5,2,,,https://www.youtube.com/user/StreetVoiceTV,,,R&B / Soul,,,Brtinhsu,"作詞作曲：伯廷 雪莉 編曲：（prod.RFM beats) @Rfmbeats 製作：伯廷 錄混音：伯廷 母帶：伯廷 吳維 影像拍攝：吳維 影像剪輯：雪莉 特別感謝：吳維 阿雅 老師 Rhythm space 提供場地 
作詞作曲：伯廷 雪莉 編曲：（prod.RFM beats) @Rfmbeats 製作：伯廷 錄混音：伯廷 母帶：伯廷 吳維 影像拍攝：吳維 影像剪輯：雪莉 特別感謝：吳維 阿雅 老師 Rhythm space 提供場地","我想認識你這個訊息 該怎麼開頭 開不了口我當小丑 在你面前害羞的像個呆頭 以為這次拔下紅鼻子愛能夠感動你 純粹浪漫純愛戰士還是回去山洞裡 愛我的話 oh 不必再說 用點擊愛心的行動告訴我 你看著我 純愛戰士現在還有沒有 只有純粹浪漫能抵抗寂寞 不想要 不想要 看見你身邊有著許多人圍繞 不想要 不想要 猜測在你心裡我還重不重要 愛藏在我心裡面 這首再聽一遍 催眠自己不想和你 遇見 就再靠近 一點  輕輕把你手牽 純粹浪漫的愛 永不會變 我想認識你這個訊息 該怎麼開頭 開不了口我當小丑 在你面前害羞的像個呆頭 以為這次拔下紅鼻子愛能夠感動你 純粹浪漫純愛戰士還是回去山洞裡 愛我的話 oh 不必再說 用點擊愛心的行動告訴我 你看著我 純愛戰士現在還有沒有 只有純粹浪漫能抵抗寂寞 不想要 不想要 看見你身邊有著許多人圍繞 不想要 不想要 猜測在你心裡我還重不重要 愛藏在我心裡面 這首再聽一遍 催眠自己 不想和你遇見 就再靠近 一點  輕輕把你手牽 純粹浪漫的愛 永不會變 
我想認識你這個訊息 該怎麼開頭 開不了口我當小丑 在你面前害羞的像個呆頭 以為這次拔下紅鼻子愛能夠感動你 純粹浪漫純愛戰士還是回去山洞裡
愛我的話 oh 不必再說 用點擊愛心的行動告訴我 你看著我 純愛戰士現在還有沒有 只有純粹浪漫能抵抗寂寞
不想要 不想要 看見你身邊有著許多人圍繞 不想要 不想要 猜測在你心裡我還重不重要
愛藏在我心裡面 這首再聽一遍 催眠自己不想和你 遇見 就再靠近 一點  輕輕把你手牽 純粹浪漫的愛 永不會變
我想認識你這個訊息 該怎麼開頭 開不了口我當小丑 在你面前害羞的像個呆頭 以為這次拔下紅鼻子愛能夠感動你 純粹浪漫純愛戰士還是回去山洞裡
愛我的話 oh 不必再說 用點擊愛心的行動告訴我 你看著我 純愛戰士現在還有沒有 只有純粹浪漫能抵抗寂寞
不想要 不想要 看見你身邊有著許多人圍繞 不想要 不想要 猜測在你心裡我還重不重要
愛藏在我心裡面 這首再聽一遍 催眠自己 不想和你遇見 就再靠近 一點  輕輕把你手牽 純粹浪漫的愛 永不會變
留言（ 0 ） 最相關留言 所有留言
留言（ 0 ）",2026-09-07,,,False,False,
2026-09-24 04:28:41,realtime,urban,,,30,歌曲创作社（檳城锺灵独立中学）,会飞的星,17,506,2,https://streetvoice.com/xiangcaimangguofan/songs/877523/,https://streetvoice.com/xiangcaimangguofan/,"https://akstatic.streetvoice.com/song_covers/xi/an/xiangcaimangguofan/kpgNcXVYcrqeaogd5HbfyR.jpg?x-oss-process=image/resize,m_fill,h_400,w_400,limit_0",images/877523.jpg,@xiangcaimangguofan,音樂人,馬來西亞,2026-09-01,,1,3,1,,,https://www.youtube.com/user/StreetVoiceTV,,,R&B / Soul,,,,,"作词：叶韦泽，丁子谦 作曲：李任恩，叶韦泽 《会飞的星》 Verse 1 雪兰莪河每年都有我的身影 提着绿色小灯 飞舞如星 孩子们在夏夜 追逐我的光明 那是大自然 最美丽的风景 Verse 2 后来钢筋在河岸边长成森林 河流失了忆将我抛弃 任我孤独消逝在剧毒的雾里 才知告别竟没有声音 Pre-chorus 强光在剥离漆黑的纯粹 农药抛撒不甘的卑微 你隔着窗看萤火的颓废 像那些没用的谁 残酷撕开灯下的虚伪 故事在往下坠 Chorus 若你怀念童年追光的孩子 请别让萤火成为历史 处在黑夜沦为白昼的幻觉 谁来修补夜幕的残缺 若你放任浪漫独自被流放 该如何赎回童年时光 走在路灯模仿萤光的轨迹 谁来证明世界有过 会飞的星 interlude ～～～～ Pre-chorus 强光在剥离漆黑的纯粹 农药抛撒不甘的卑微 你隔着窗看萤火的颓废 像那些没用的谁 残酷撕开灯下的虚伪 故事在往下坠 Chorus 若你怀念童年追光的孩子 请别让萤火成为历史 处在黑夜沦为白昼的幻觉 谁来修补夜幕的残缺 若你放任浪漫独自被流放 该如何赎回童年时光 走在路灯模仿萤光的轨迹 谁来证明世界有过 会飞的星 outro ～～～ 
作词：叶韦泽，丁子谦 作曲：李任恩，叶韦泽
《会飞的星》 Verse 1 雪兰莪河每年都有我的身影 提着绿色小灯 飞舞如星 孩子们在夏夜 追逐我的光明 那是大自然 最美丽的风景
Verse 2 后来钢筋在河岸边长成森林 河流失了忆将我抛弃 任我孤独消逝在剧毒的雾里 才知告别竟没有声音
Pre-chorus 强光在剥离漆黑的纯粹 农药抛撒不甘的卑微 你隔着窗看萤火的颓废 像那些没用的谁 残酷撕开灯下的虚伪 故事在往下坠
Chorus 若你怀念童年追光的孩子 请别让萤火成为历史 处在黑夜沦为白昼的幻觉 谁来修补夜幕的残缺 若你放任浪漫独自被流放 该如何赎回童年时光 走在路灯模仿萤光的轨迹 谁来证明世界有过 会飞的星
interlude ～～～～
Pre-chorus 强光在剥离漆黑的纯粹 农药抛撒不甘的卑微 你隔着窗看萤火的颓废 像那些没用的谁 残酷撕开灯下的虚伪 故事在往下坠
Chorus 若你怀念童年追光的孩子 请别让萤火成为历史 处在黑夜沦为白昼的幻觉 谁来修补夜幕的残缺 若你放任浪漫独自被流放 该如何赎回童年时光 走在路灯模仿萤光的轨迹 谁来证明世界有过 会飞的星
outro ～～～
留言（ 2 ） 最相關留言 所有留言
留言（ 2 ）",2026-09-02,,,False,False,
2026-09-24 04:28:41,realtime,urban,,,31,Yuko Nakamura,Threshold,3,116,0,https://streetvoice.com/yuko_nakamura/songs/876730/,https://streetvoice.com/yuko_nakamura/,"https://akstatic.streetvoice.com/song_covers/yu/ko/yuko_nakamura/2rfDdzRjdpUq9oXZKbM6LQ.jpg?x-oss-process=image/resize,m_fill,h_400,w_400,limit_0",images/876730.jpg,@yuko_nakamura,音樂人,大阪府,2026-08-01,,1,1,6,,,https://www.youtube.com/user/StreetVoiceTV,四枝筆攜韓創作歌手Kimpomme展開日本巡演 催生季節之歌〈Another Season〉|||https://blow.streetvoice.com/69127/?utm_source=streetvoice&utm_medium=profile-news-block,,Jazz,,,,"As we gain new perspectives through our daily experiences, we continue to change little by little. Small realizations and choices accumulate along the way, eventually leading to greater change. Beyond that threshold lies a landscape different from what we knew before. The title Threshold represents the feeling that arises at the moment we cross that boundary—not a dramatic transformation, but a subtle yet undeniable sense that something has changed. The piece reflects the hesitation before taking that first step and the new landscape that begins to unfold beyond it. Built around a simple modern jazz framework, the piece leaves space for each performer to express themselves freely through improvisation. Over a steady foundation, sounds born in the moment overlap, interact, and evolve, tracing the passage of time through the performance. 在日常經驗中獲得新的視角，我們也一點一點地持續改變。過程中累積的細微察覺與選擇，最終可能帶來更大的轉變；跨越那道界線之後，眼前也會展開與過去不同的景色。 《Threshold》這個標題，描寫的正是跨越那道界線瞬間所產生的感受。並非劇烈的改變，而是一種細微、卻無法忽視的「有些什麼已經改變了」的感覺。作品描繪了踏出改變第一步之前的猶豫，以及跨越之後逐漸展開的新景色。 樂曲以簡潔的現代爵士框架為基礎，保留空間讓每位演奏者透過即興自由表達。在穩定的基礎之上，當下產生的聲音彼此交疊、互動並持續變化，藉此描繪演奏中流動的時間。 
As we gain new perspectives through our daily experiences, we continue to change little by little. Small realizations and choices accumulate along the way, eventually leading to greater change. Beyond that threshold lies a landscape different from what we knew before.
The title Threshold represents the feeling that arises at the moment we cross that boundary—not a dramatic transformation, but a subtle yet undeniable sense that something has changed. The piece reflects the hesitation before taking that first step and the new landscape that begins to unfold beyond it.
Built around a simple modern jazz framework, the piece leaves space for each performer to express themselves freely through improvisation. Over a steady foundation, sounds born in the moment overlap, interact, and evolve, tracing the passage of time through the performance.
在日常經驗中獲得新的視角，我們也一點一點地持續改變。過程中累積的細微察覺與選擇，最終可能帶來更大的轉變；跨越那道界線之後，眼前也會展開與過去不同的景色。
《Threshold》這個標題，描寫的正是跨越那道界線瞬間所產生的感受。並非劇烈的改變，而是一種細微、卻無法忽視的「有些什麼已經改變了」的感覺。作品描繪了踏出改變第一步之前的猶豫，以及跨越之後逐漸展開的新景色。
樂曲以簡潔的現代爵士框架為基礎，保留空間讓每位演奏者透過即興自由表達。在穩定的基礎之上，當下產生的聲音彼此交疊、互動並持續變化，藉此描繪演奏中流動的時間。","這是沒有提供歌詞的歌曲
留言（ 0 ） 最相關留言 所有留言
留言（ 0 ）",2026-08-27,,編輯推薦,True,False,
2026-09-24 04:28:41,realtime,urban,,,32,日新独立中学歌创社（日新独立中学）,我也不差,37,645,12,https://streetvoice.com/suiqingsaw/songs/877496/,https://streetvoice.com/suiqingsaw/,"https://akstatic.streetvoice.com/song_covers/su/iq/suiqingsaw/HEKx5o3rRjWc98GgYAYmej.jpg?x-oss-process=image/resize,m_fill,h_400,w_400,limit_0",images/877496.jpg,@suiqingsaw,音樂人,馬來西亞,2024-09-01,,2,40,15,,,https://www.youtube.com/user/StreetVoiceTV,,,R&B / Soul,,,,"作词：陈沅宇 作曲：陈沅宇 编曲：陈沅宇 主唱/吉他手：陈沅宇 《我也不差》诞生于我人生最低潮的一段时期。那时候，我经历了许多伤痛、挫折与失去，也因为外界的声音和自己的经历，渐渐变得自卑，开始怀疑自己的价值。 这首歌记录了那段不断挣扎、不断想摆脱过去阴影的过程。歌词里的每一句，都是真实情绪的写照——面对困境时的无力、承受委屈时的眼泪，以及一次次告诉自己不要放弃的坚持。 副歌「其实我也没有那么差」，不是一句逞强的话，而是我不断鼓励自己的信念。它提醒着我，即使曾经跌倒、迷失，只要愿意相信自己，总有一天能够走出过去，活成自己想要的样子。 对我来说，《我也不差》不仅是一首原创歌曲，更像是一位陪伴我走过低谷的朋友。它见证了我的脆弱，也陪着我一点一点找回自信。我希望，当这首歌被更多人听见时，也能陪伴那些正在经历低潮、感到自我怀疑的人，让他们知道：你并不差，只是暂时忘记了自己的光芒。 
作词：陈沅宇 作曲：陈沅宇 编曲：陈沅宇
主唱/吉他手：陈沅宇
《我也不差》诞生于我人生最低潮的一段时期。那时候，我经历了许多伤痛、挫折与失去，也因为外界的声音和自己的经历，渐渐变得自卑，开始怀疑自己的价值。 这首歌记录了那段不断挣扎、不断想摆脱过去阴影的过程。歌词里的每一句，都是真实情绪的写照——面对困境时的无力、承受委屈时的眼泪，以及一次次告诉自己不要放弃的坚持。 副歌「其实我也没有那么差」，不是一句逞强的话，而是我不断鼓励自己的信念。它提醒着我，即使曾经跌倒、迷失，只要愿意相信自己，总有一天能够走出过去，活成自己想要的样子。 对我来说，《我也不差》不仅是一首原创歌曲，更像是一位陪伴我走过低谷的朋友。它见证了我的脆弱，也陪着我一点一点找回自信。我希望，当这首歌被更多人听见时，也能陪伴那些正在经历低潮、感到自我怀疑的人，让他们知道：你并不差，只是暂时忘记了自己的光芒。","Verse 1 那些风雨 对我来说 是一种逆不可进 选择题 作答题 Verse 2 那些经历 陷入困境 是我总摆脱不到的陷阱 我已尽力 prechorus 我拼命的想挣脱这枷锁 却总是身不由己 我承受着不甘着委屈的泪滴 请别 质疑自己 Chorus 1 其实我也没有那么差 只是总爱常胡思乱想 我告诉我自己 肯定一定 会走出那些过往 Chorus 2 其实我也没有那么差 听着旁人对我的评价 相信自己 一定一定 将自己活出美好的印记 
Verse 1 那些风雨 对我来说 是一种逆不可进 选择题 作答题
Verse 2 那些经历 陷入困境 是我总摆脱不到的陷阱 我已尽力
prechorus 我拼命的想挣脱这枷锁 却总是身不由己 我承受着不甘着委屈的泪滴 请别 质疑自己
Chorus 1 其实我也没有那么差 只是总爱常胡思乱想 我告诉我自己 肯定一定 会走出那些过往
Chorus 2 其实我也没有那么差 听着旁人对我的评价 相信自己 一定一定 将自己活出美好的印记
留言（ 12 ） 最相關留言 所有留言
留言（ 12 ）",2026-09-02,,,False,False,
2026-09-24 04:28:41,realtime,urban,,,33,理科指南 The Scientific Way,别再说,21,358,0,https://streetvoice.com/TheScientificWay/songs/877476/,https://streetvoice.com/TheScientificWay/,"https://akstatic.streetvoice.com/song_covers/Th/eS/TheScientificWay/GURLFYtyAWzqiDqWmBYuDd.jpg?x-oss-process=image/resize,m_fill,h_400,w_400,limit_0",images/877476.jpg,@TheScientificWay,音樂人,,,,1,11,6,,,https://www.youtube.com/user/StreetVoiceTV,,,R&B / Soul,,,,"有些人总是在难过、无助的时候才会想起你，把自己的情绪和烦恼一次次倾诉给你，却很少在开心的时候与你分享。当你开始疑惑，为什么自己总是在接住对方的负面情绪时，对方却会告诉你，这是一种爱和信任的表示。 但其实，所谓的爱，可能只是一种依赖。 一种在不开心的时候，需要有人倾听，需要一个情绪垃圾桶去接住自己所有负面情绪的依赖。 当你一次又一次成为别人倾倒情绪的出口，久而久之，这段关系也渐渐变成了单向关系。一个人不断倾诉与释放，另一个人不断倾听和承受。 直到有一天，那个一直倾听的人终于意识到，原来自己也有自己的情绪，也需要被看见。 
有些人总是在难过、无助的时候才会想起你，把自己的情绪和烦恼一次次倾诉给你，却很少在开心的时候与你分享。当你开始疑惑，为什么自己总是在接住对方的负面情绪时，对方却会告诉你，这是一种爱和信任的表示。
但其实，所谓的爱，可能只是一种依赖。
一种在不开心的时候，需要有人倾听，需要一个情绪垃圾桶去接住自己所有负面情绪的依赖。
当你一次又一次成为别人倾倒情绪的出口，久而久之，这段关系也渐渐变成了单向关系。一个人不断倾诉与释放，另一个人不断倾听和承受。
直到有一天，那个一直倾听的人终于意识到，原来自己也有自己的情绪，也需要被看见。","動態歌詞
凌晨五点了铃声又响起 以为你察觉了我的情绪 开口第一句 又听见你的泪滴 你从来都不了解我心情 你只想要有个人陪着你 假装的关心 只是为了留住我 别再说 你爱我 所谓的爱只是种依赖 只是刚好你需要人陪 聆听你的悲哀 别再说 我都懂 只是不知该如何逃离 逃离这名为爱的梦境 才发现我 早已不是我自己 你总说我是最懂你的人 以为我永远都会在这里 可你却忘记 我也有我的难题 我默默收集你所有悲伤 从来没问过我是否无恙 像片无人的海 承载你的风浪 别再说 你爱我 所谓的爱只是种依赖 只是刚好你需要人陪 聆听你的悲哀 别再说 我都懂 只是不知该如何逃离 逃离这名为爱的梦境 才发现我 早已不是我自己 
凌晨五点了铃声又响起 以为你察觉了我的情绪 开口第一句 又听见你的泪滴 你从来都不了解我心情 你只想要有个人陪着你 假装的关心 只是为了留住我 别再说 你爱我 所谓的爱只是种依赖 只是刚好你需要人陪 聆听你的悲哀 别再说 我都懂 只是不知该如何逃离 逃离这名为爱的梦境 才发现我 早已不是我自己 你总说我是最懂你的人 以为我永远都会在这里 可你却忘记 我也有我的难题 我默默收集你所有悲伤 从来没问过我是否无恙 像片无人的海 承载你的风浪 别再说 你爱我 所谓的爱只是种依赖 只是刚好你需要人陪 聆听你的悲哀 别再说 我都懂 只是不知该如何逃离 逃离这名为爱的梦境 才发现我 早已不是我自己
留言（ 0 ） 最相關留言 所有留言
留言（ 0 ）",2026-09-01,,,False,False,
2026-09-24 04:28:41,realtime,urban,,,34,海雅谷慕地下頭目(((張震嶽))),普通日子demo,913,45406,106,https://streetvoice.com/orangechang/songs/752989/,https://streetvoice.com/orangechang/,"https://akstatic.streetvoice.com/song_covers/or/an/orangechang/MTmvcc2wqfvC6Raa4VRciW.png?x-oss-process=image/resize,m_fill,h_400,w_400,limit_0",images/752989.png,@orangechang,音樂人,基隆市,2006-02-01,,18,24227,33,,,https://www.youtube.com/user/StreetVoiceTV,【StreetVoice新歌週報】黃宇寒睽違一年半發新作 打倒三明治首張專輯上線|||https://blow.streetvoice.com/55934/?utm_source=streetvoice&utm_medium=profile-news-block; 【StreetVoice新歌週報】老破麻騎二行程甩掉煩惱 張震嶽連發demo好評不斷|||https://blow.streetvoice.com/55028/?utm_source=streetvoice&utm_medium=profile-news-block,,Jazz,,,,"就覺得這旋律適合英文 但英文又爛 只能借助谷歌翻譯 哈哈哈啊 幹 轉調那邊想到腦漿快流光光了 
就覺得這旋律適合英文 但英文又爛 只能借助谷歌翻譯 哈哈哈啊 幹
轉調那邊想到腦漿快流光光了","I'm really bad now 我現在真的很糟糕 no way to escape now 現在無路可逃 Looking forward to seeing the rainbow 期待看到彩虹 Just dark clouds and rain 只有烏雲和雨 I want to comfort you 我想安慰你 Why do I cry louder than you? 為什麼我哭得比你還大聲？ I  want to pretend to be cool 我想裝酷 But I look like a fool 但我看起來像個傻瓜 Leaving is still the best way 離開還是最好的方法 Disappearing is  a good way 消失也是好方法 普通的日子怎麼過得好累 普通的日子沒有劇情可言 How to take a step forward 該如何往前一步 I know you are always there 我知道你一直都在 But I will still be lonely  onely 但我還是會寂寞 this world 這世界 Too false 太假 
I'm really bad now 我現在真的很糟糕
no way to escape now 現在無路可逃
Looking forward to seeing the rainbow 期待看到彩虹
Just dark clouds and rain 只有烏雲和雨
I want to comfort you 我想安慰你
Why do I cry louder than you? 為什麼我哭得比你還大聲？
I  want to pretend to be cool 我想裝酷
But I look like a fool 但我看起來像個傻瓜
Leaving is still the best way 離開還是最好的方法
Disappearing is  a good way 消失也是好方法
普通的日子怎麼過得好累
普通的日子沒有劇情可言
How to take a step forward 該如何往前一步
I know you are always there 我知道你一直都在
But I will still be lonely  onely 但我還是會寂寞
this world 這世界 Too false 太假
留言（ 106 ） 最相關留言 所有留言
留言（ 106 ）",2023-11-30,,Song of the Day; 週排行冠軍歌曲; 編輯推薦,True,True,
2026-09-24 04:28:41,realtime,urban,,,35,Ayumi,STRANGER DANGER (2023),4,227,0,https://streetvoice.com/Ayumiliow/songs/876142/,https://streetvoice.com/Ayumiliow/,"https://akstatic.streetvoice.com/song_covers/Ay/um/Ayumiliow/nEL2LnATFaCjGHoqm2KKBs.jpeg?x-oss-process=image/resize,m_fill,h_400,w_400,limit_0",images/876142.jpeg,@Ayumiliow,音樂人,,,,4,1,1,,,https://www.youtube.com/user/StreetVoiceTV,,,R&B / Soul,,,,,"這是沒有提供歌詞的歌曲
留言（ 0 ） 最相關留言 所有留言
留言（ 0 ）",2026-08-24,,編輯推薦,True,False,
2026-09-24 04:28:41,realtime,urban,,,36,LINION,LOCO POCO,10,491,2,https://streetvoice.com/linion_linion/songs/874505/,https://streetvoice.com/linion_linion/,"https://akstatic.streetvoice.com/song_covers/li/ni/linion_linion/BeRES6VPN866dSXaQYAPUg.jpg?x-oss-process=image/resize,m_fill,h_400,w_400,limit_0",images/874505.jpg,@linion_linion,音樂人,新北市,2018-11-01,,15,5655,4,https://www.facebook.com/linionlinion,https://www.instagram.com/linion_linion,https://www.youtube.com/user/StreetVoiceTV,LINION攜手MUSA明馬丁打造單曲〈LOCO POCO〉融合R&B、拉丁節奏|||https://blow.streetvoice.com/89528/?utm_source=streetvoice&utm_medium=profile-news-block; 擁抱不完美的創作哲學 LINION新專輯《自己自己》邀金曲歌王Matzka合作|||https://blow.streetvoice.com/83709/?utm_source=streetvoice&utm_medium=profile-news-block; LINION攜新專輯《自己自己 mi casa su casa》開唱！10/19邀樂迷把台北Legacy當自己家|||https://blow.streetvoice.com/82395/?utm_source=streetvoice&utm_medium=profile-news-block,,R&B / Soul,,,,"寫這首是覺得現在世界動盪，不管如何，我想要給大家一首聽了會很快樂很開心的歌曲，希望大家聽了都可以忘掉煩惱跳跳跳跳起來🩵 〈LOCO POCO〉在西班牙文中，意指「有一點點瘋狂」。 就像走在街上與某個太過迷人的身影擦肩而過，一秒被對方的眼神勾走， 一個 MOVE、一種氣味、一個不經意的神態，都讓心跳漏拍、意識失焦， 整條街的聲音都像為了她瞬間重新編曲。 LINION 攜手阿根廷製作人 MUSA 明馬丁，將 R&B 揉進拉丁的律動， 再嵌入台灣人熟悉的 cha cha 節奏。 西班牙文、英文、中文，還有一句台語， 四種語言像街口人影自然穿行， 一句「攏是你」點破迷戀，讓人陷入瘋狂迷戀的狀態。 這是一首毫無預警淪陷在戀愛中的歌， 也是 MUSA明馬丁口中 “Música pa’l cuerpo” 為身體而生的歌曲。 聽見之前，身體已經先懂了。 被辣到，剛剛好。 
寫這首是覺得現在世界動盪，不管如何，我想要給大家一首聽了會很快樂很開心的歌曲，希望大家聽了都可以忘掉煩惱跳跳跳跳起來🩵
〈LOCO POCO〉在西班牙文中，意指「有一點點瘋狂」。 就像走在街上與某個太過迷人的身影擦肩而過，一秒被對方的眼神勾走， 一個 MOVE、一種氣味、一個不經意的神態，都讓心跳漏拍、意識失焦， 整條街的聲音都像為了她瞬間重新編曲。 LINION 攜手阿根廷製作人 MUSA 明馬丁，將 R&B 揉進拉丁的律動， 再嵌入台灣人熟悉的 cha cha 節奏。
西班牙文、英文、中文，還有一句台語， 四種語言像街口人影自然穿行， 一句「攏是你」點破迷戀，讓人陷入瘋狂迷戀的狀態。 這是一首毫無預警淪陷在戀愛中的歌， 也是 MUSA明馬丁口中 “Música pa’l cuerpo” 為身體而生的歌曲。 聽見之前，身體已經先懂了。 被辣到，剛剛好。","Loco Poco you better said Loco Poco 別想太多 Loco Poco Loco Por Ti (Bueno bueno chicos, a ver si largan el celular un poquito y le empiezan a dar bola a la música de nuevo eh, que hace falta. Hasta luego!) Look at you, classy Byredo, Indigo, Contigo, Amigo Nails click on the case Leading my heartbeat goes straight Something is wrong with me bae A little bit dizzy Sing along on the street 攏是你 攏是你 Loco Poco you better said Loco Poco 別想太多 Loco Poco Loco Por Ti Por Ti Uno dos, I think I’m lost I need a chance to play on your court Biting on the straw, sipping slow Losing control, You know I know Lil mami, just give me a sign Keep flowing and you’re so fine The way you like Slow dancing in the burning light Something is wrong with me bae A little bit dizzy Sing along on the street 攏是你 攏是你 Loco Poco you better said Loco Poco 別想太多 Loco Poco Loco Por Ti Por Ti Loco Poco you better said Loco Poco 別想太多 Loco Poco Loco Por Ti Por Ti VAMOS ( Cómo dice la canción : Muy Buena Gente, especialmente las damas. A ver si largan el celular, se miran a los ojos y empiezan a bailar un poco.) Loco Poco Estamos Todos Loco Poco 別想太多 Loco Poco Loco ASI ASI ASI Loco Poco Estamos Todos Loco Poco 別想太多 Loco Poco Loco ASI Loco Poco Estamos Todos Loco Poco 別想太多 Loco Poco Loco ASI ASI ASI Loco Poco Estamos Todos Loco Poco Estamos Todos Loco Poco Loco ASI (Muy buenas noches a todos, les agradecemos que hayan escuchado nuestro Cha-Cha. Espero que les haya servido para dejar el celular, mirarse a los ojos, y mover un poco el culo. Muchas Gracias. Hasta luego!Cha Cha Cha) 
Loco Poco you better said Loco Poco 別想太多 Loco Poco Loco Por Ti (Bueno bueno chicos, a ver si largan el celular un poquito y le empiezan a dar bola a la música de nuevo eh, que hace falta. Hasta luego!)
Look at you, classy Byredo, Indigo, Contigo, Amigo Nails click on the case Leading my heartbeat goes straight
Something is wrong with me bae A little bit dizzy Sing along on the street 攏是你 攏是你
Loco Poco you better said Loco Poco 別想太多 Loco Poco Loco Por Ti Por Ti
Uno dos, I think I’m lost I need a chance to play on your court Biting on the straw, sipping slow Losing control, You know I know Lil mami, just give me a sign Keep flowing and you’re so fine The way you like Slow dancing in the burning light
Something is wrong with me bae A little bit dizzy Sing along on the street 攏是你 攏是你
Loco Poco you better said Loco Poco 別想太多 Loco Poco Loco Por Ti Por Ti Loco Poco you better said Loco Poco 別想太多 Loco Poco Loco Por Ti Por Ti
VAMOS ( Cómo dice la canción : Muy Buena Gente, especialmente las damas. A ver si largan el celular, se miran a los ojos y empiezan a bailar un poco.)
Loco Poco Estamos Todos Loco Poco 別想太多 Loco Poco Loco ASI ASI ASI
Loco Poco Estamos Todos Loco Poco 別想太多 Loco Poco Loco ASI
Loco Poco Estamos Todos Loco Poco 別想太多 Loco Poco Loco ASI ASI ASI
Loco Poco Estamos Todos Loco Poco Estamos Todos Loco Poco Loco ASI
(Muy buenas noches a todos, les agradecemos que hayan escuchado nuestro Cha-Cha. Espero que les haya servido para dejar el celular, mirarse a los ojos, y mover un poco el culo. Muchas Gracias. Hasta luego!Cha Cha Cha)
留言（ 2 ） 最相關留言 所有留言
留言（ 2 ）",2026-08-14,,Song of the Day; 編輯推薦,True,True,
2026-09-24 04:28:41,realtime,urban,,,37,海雅谷慕地下頭目(((張震嶽))),尻一槍demo,473,33796,54,https://streetvoice.com/orangechang/songs/754181/,https://streetvoice.com/orangechang/,"https://akstatic.streetvoice.com/song_covers/or/an/orangechang/ANyDS9QgnYoMQCQW9QtCZn.png?x-oss-process=image/resize,m_fill,h_400,w_400,limit_0",images/754181.png,@orangechang,音樂人,基隆市,2006-02-01,,18,24227,33,,,https://www.youtube.com/user/StreetVoiceTV,【StreetVoice新歌週報】黃宇寒睽違一年半發新作 打倒三明治首張專輯上線|||https://blow.streetvoice.com/55934/?utm_source=streetvoice&utm_medium=profile-news-block; 【StreetVoice新歌週報】老破麻騎二行程甩掉煩惱 張震嶽連發demo好評不斷|||https://blow.streetvoice.com/55028/?utm_source=streetvoice&utm_medium=profile-news-block,,Jazz,,,,"練吉他寫的 
練吉他寫的","If you can't solve it 無法解決 just go around it. 就繞過去 Why waste time on the same thing? 何必浪費時間 在同一件事上面？ Do something wrong. correct it 做錯再修正 There is no shame in failure 失敗不丟臉 Find happiness by yourself 快樂自己找 It doesn’t matter if you can’t find the target 找不到目標沒關係 Just lie on the sofa 躺在沙發 take a nap 白日夢 薪水 何時調高 老婆  已經跑掉 好加在 你心還沒死掉 睡前  尻一槍就好 人生 沒那麼雖小 好加在 你心還沒死掉 
If you can't solve it 無法解決 just go around it. 就繞過去 Why waste time on the same thing? 何必浪費時間 在同一件事上面？
Do something wrong. correct it 做錯再修正 There is no shame in failure 失敗不丟臉 Find happiness by yourself 快樂自己找
It doesn’t matter if you can’t find the target 找不到目標沒關係 Just lie on the sofa 躺在沙發 take a nap 白日夢
薪水 何時調高 老婆  已經跑掉 好加在 你心還沒死掉 睡前  尻一槍就好 人生 沒那麼雖小 好加在 你心還沒死掉
留言（ 54 ） 最相關留言 所有留言
留言（ 54 ）",2023-12-06,,週排行冠軍歌曲; 編輯推薦,True,False,
2026-09-24 04:28:41,realtime,urban,,,38,RitchieLeong,Paradise,2,90,1,https://streetvoice.com/RitchieLeong/songs/876626/,https://streetvoice.com/RitchieLeong/,"https://akstatic.streetvoice.com/song_covers/Ri/tc/RitchieLeong/ZvHLpvWWxAKtbiaCjnkQcf.jpeg?x-oss-process=image/resize,m_fill,h_400,w_400,limit_0",images/876626.jpeg,@RitchieLeong,音樂人,,,,2,1,,,,https://www.youtube.com/user/StreetVoiceTV,,,R&B / Soul,,,,"这首歌主要的靈感來自 韓國戀愛實境節目《Singles Inferno》。節目裡，只有成功前往 Paradise 的兩個人，才能真正分享彼此的背景與秘密。 因此，這個歌的副歌便以 “I'll tell you all about it in paradise” 作為開場。 這首融合 R&B，Hip-Hop 與華語流行元素的歌曲，描寫的是一見鍾情時的悸動，曖昧，試探，心動，以及 想 更深入 認識對方的渴望。 到了最後，Paradise 不再只是一座島，而是兩個人的承諾。承諾一起離開這座島，也承諾一起走向未來。 
这首歌主要的靈感來自 韓國戀愛實境節目《Singles Inferno》。節目裡，只有成功前往 Paradise 的兩個人，才能真正分享彼此的背景與秘密。
因此，這個歌的副歌便以 “I'll tell you all about it in paradise” 作為開場。
這首融合 R&B，Hip-Hop 與華語流行元素的歌曲，描寫的是一見鍾情時的悸動，曖昧，試探，心動，以及 想 更深入 認識對方的渴望。
到了最後，Paradise 不再只是一座島，而是兩個人的承諾。承諾一起離開這座島，也承諾一起走向未來。","Look into my eyes 難道你看不出 我對你的真心 你要就趁現在 我敢保證 你就是我 one and only, baby 你做什麼 我都覺得 是最迷人的 再看 一眼 就失去分寸 Just be my girl I'll tell you all about it in paradise 我對你的感覺不用急著猜 I'll tell you everything you wanna know just take it slow 妳想要整個宇宙 baby 你盡管開口 I'll tell you all about it in paradise 我們還有下半輩子 慢慢來 不管是對 是錯 我的愛都 死不悔改 他們都說 雙子 三分鐘熱度 見一個愛一個 我眼睛花 舌頭花 見到你时 心 卻開出花朵 自從 你的出現 我放下屠刀 就立地成佛 Tu sei bella, amore mio 別再讓我漂泊 是不是歌加了 rap 就特別朗朗上口 讓我給你溫暖 把你難過全都沒收 我的眼裡只有你 快被你的笑收購 閉上眼睛，廢話少說，今晚只管享受 你是最迷人的 Yeah I'll tell you all about it in paradise, 我對你的感覺不用急著猜 I'll tell you everything you wanna know just take it slow 妳想要整個宇宙 baby 你盡管開口 I'll tell you all about it in paradise 我們還有下半輩子 慢慢來 不管是對 是錯 我的愛都 死不悔改 I'll tell you everything you wanna know just take it slow 妳想要整個宇宙 baby 你盡管開口 I'll tell you all about it in paradise 我們還有下半輩子 慢慢來 不管是對 是錯 我的愛都 死不悔改 It's only you yeah, It's only you baby, It's only you yeah, It's only you yeah 
Look into my eyes 難道你看不出 我對你的真心 你要就趁現在 我敢保證 你就是我 one and only, baby
你做什麼 我都覺得 是最迷人的 再看 一眼 就失去分寸 Just be my girl
I'll tell you all about it in paradise 我對你的感覺不用急著猜 I'll tell you everything you wanna know just take it slow 妳想要整個宇宙 baby 你盡管開口 I'll tell you all about it in paradise 我們還有下半輩子 慢慢來 不管是對 是錯 我的愛都 死不悔改
他們都說 雙子 三分鐘熱度 見一個愛一個 我眼睛花 舌頭花 見到你时 心 卻開出花朵 自從 你的出現 我放下屠刀 就立地成佛 Tu sei bella, amore mio 別再讓我漂泊
是不是歌加了 rap 就特別朗朗上口 讓我給你溫暖 把你難過全都沒收 我的眼裡只有你 快被你的笑收購 閉上眼睛，廢話少說，今晚只管享受
你是最迷人的 Yeah
I'll tell you all about it in paradise, 我對你的感覺不用急著猜 I'll tell you everything you wanna know just take it slow 妳想要整個宇宙 baby 你盡管開口
I'll tell you all about it in paradise 我們還有下半輩子 慢慢來 不管是對 是錯 我的愛都 死不悔改
I'll tell you everything you wanna know just take it slow 妳想要整個宇宙 baby 你盡管開口
I'll tell you all about it in paradise 我們還有下半輩子 慢慢來 不管是對 是錯 我的愛都 死不悔改
It's only you yeah, It's only you baby, It's only you yeah, It's only you yeah
留言（ 1 ） 最相關留言 所有留言
留言（ 1 ）",2026-08-27,,,False,False,
2026-09-24 04:28:41,realtime,urban,,,39,鶴 The Crane,不介意,4455,165589,62,https://streetvoice.com/thecrane/songs/710475/,https://streetvoice.com/thecrane/,"https://akstatic.streetvoice.com/song_covers/th/ec/thecrane/NZXHwj56uKizxejQeFsM9Q.jpeg?x-oss-process=image/resize,m_fill,h_400,w_400,limit_0",images/710475.jpeg,@thecrane,音樂人,台北市,2016-04-01,2021-04-06 17:28,8,7312,7,https://www.facebook.com/thecranetw,https://www.instagram.com/theqrane/,https://www.youtube.com/channel/UCdihHUc-tbrwHYVvSGLq3Kg,"【吹專訪】戴著主角光環登場，何苦要做反派？——鶴 The Crane談新專輯《Same Stories , Different Narratives》|||https://blow.streetvoice.com/82227/?utm_source=streetvoice&utm_medium=profile-news-block; 第八屆政大音樂節正式更名「雨山祭」 邀國蛋、鶴 The Crane、JADE等12組卡司輪番上陣|||https://blow.streetvoice.com/68362/?utm_source=streetvoice&utm_medium=profile-news-block; moon tang台北首場個唱 鶴The Crane擔任嘉賓助陣|||https://blow.streetvoice.com/83355/?utm_source=streetvoice&utm_medium=profile-news-block",,R&B / Soul,TALENT,https://streetvoice.com/thecrane/songs/album/97319428/,,"與心愛的人在一起，不論在哪裡都不介意。 
與心愛的人在一起，不論在哪裡都不介意。","不介意 我只想聽見你的聲音 其他不在意 我只想抱著你的身體 其他不在意 臥室像海水一般擁擠 我也不介意 每一秒都比前一刻更親暱 我需要看見你的身影 其他不在意 我需要呼吸你的呼吸 其他不在意 外面的世界再多擁擠 我也不介意 不介意人情世故季節更替 But why? 是熱情不再 還是你都在忍耐？ But why? 與其說將來 不如就趁現在 在城市急著陷入歡愉的時候 聞你的氣味勝過無數次邂逅 就這樣靜靜等待快乾的指甲油 星期天一直到禮拜六 我只想聽見你的聲音 其他不在意 我只想抱著你的身體 其他不在意 臥室像海水一般擁擠 我也不介意 每一秒都比前一刻更親暱 停電後的電梯 下著雨的巴黎 若世界只剩我和你根本無須多慮 副熱帶的天氣 多雨也多晴 多出來的是我還是你？ But why? 是熱情不再 還是你都在忍耐？ But why? 與其說將來 不如就趁在 在城市急著陷入歡愉的時候 聞你的氣味勝過無數次邂逅 就這樣靜靜等待快乾的指甲油 星期天一直到禮拜六 我只想聽見你的聲音 其他不在意 我只想抱著你的身體 其他不在意 外面的世界再多擁擠 我也不介意 不介意人情世故季節更替 
不介意
我只想聽見你的聲音 其他不在意 我只想抱著你的身體 其他不在意 臥室像海水一般擁擠 我也不介意 每一秒都比前一刻更親暱
我需要看見你的身影 其他不在意 我需要呼吸你的呼吸 其他不在意 外面的世界再多擁擠 我也不介意 不介意人情世故季節更替
But why? 是熱情不再 還是你都在忍耐？ But why? 與其說將來 不如就趁現在
在城市急著陷入歡愉的時候 聞你的氣味勝過無數次邂逅 就這樣靜靜等待快乾的指甲油 星期天一直到禮拜六
我只想聽見你的聲音 其他不在意 我只想抱著你的身體 其他不在意 臥室像海水一般擁擠 我也不介意 每一秒都比前一刻更親暱
停電後的電梯 下著雨的巴黎 若世界只剩我和你根本無須多慮 副熱帶的天氣 多雨也多晴 多出來的是我還是你？
But why? 是熱情不再 還是你都在忍耐？ But why? 與其說將來 不如就趁在
在城市急著陷入歡愉的時候 聞你的氣味勝過無數次邂逅 就這樣靜靜等待快乾的指甲油 星期天一直到禮拜六
我只想聽見你的聲音 其他不在意 我只想抱著你的身體 其他不在意 外面的世界再多擁擠 我也不介意 不介意人情世故季節更替
留言（ 62 ） 最相關留言 所有留言
留言（ 62 ）",2022-12-12,,Song of the Day; 週排行冠軍歌曲; 編輯推薦,True,True,
2026-09-24 04:28:41,realtime,urban,,,40,奧薩瑪 Osama,要怪就怪處女座,4,185,0,https://streetvoice.com/hejiawei0909/songs/838340/,https://streetvoice.com/hejiawei0909/,"https://akstatic.streetvoice.com/song_covers/he/ji/hejiawei0909/cA8bMfqyEXT8fyeUmu495D.jpg?x-oss-process=image/resize,m_fill,h_400,w_400,limit_0",images/838340.jpg,@hejiawei0909,音樂人,新北市,2018-09-01,,23,46,27,,,https://www.youtube.com/user/StreetVoiceTV,,,R&B / Soul,,,,,"有些事我不會說 說了也不會去做 做了也不會說 說了也不會做 要怪就怪處女座 雞掰有點無厘頭 有時候有點煩人 還會有嫌人煩的時候 如果你叫我去做 那我就不會去動 你偏偏敲了我的房門 我正好要去clean ma room 你說了我就不想做 在說之前我準備動 不要再那拼命地催 拜託誰來tell me oh why 說真的這不是我很壞 我沒說你沒明白 別不理睬 推開房門的那一刻 我真的⋯ tell me oh why 拜託你不要一直在那盯著我 你的雙眼看著我讓我無法動彈 你是不是在想為何我低著頭 是不是沒有聽懂 我只是不想做 我看的有點煩 什麼也不想做 窗外下著黑色的雨 我不敢動 我腳下踩著的也又不是天空 在下面看著大人的笑容 也根本就不會期待 大家都帶著微笑但都沒有愛 說是大家都普通人也不意外 但複雜的人看著也孤單 長大了也要變的雞掰 抬頭看著大多數人沒有心態 談話間變的就像是都在比賽 我怎麼可能啊 tell me oh why 說真的這不是我很壞 我沒說你沒明白 別不理睬 推開房門的那一刻 我真的⋯ tell me oh why 拜託你不要一直在那盯著我 你的雙眼看著我讓我無法動彈 你是不是在想為何我低著頭 是不是沒有聽懂 我只是不想做 
有些事我不會說 說了也不會去做 做了也不會說 說了也不會做 要怪就怪處女座 雞掰有點無厘頭 有時候有點煩人 還會有嫌人煩的時候
如果你叫我去做 那我就不會去動 你偏偏敲了我的房門 我正好要去clean ma room 你說了我就不想做 在說之前我準備動 不要再那拼命地催 拜託誰來tell me oh why 說真的這不是我很壞 我沒說你沒明白 別不理睬 推開房門的那一刻 我真的⋯ tell me oh why 拜託你不要一直在那盯著我 你的雙眼看著我讓我無法動彈 你是不是在想為何我低著頭 是不是沒有聽懂 我只是不想做
我看的有點煩 什麼也不想做 窗外下著黑色的雨 我不敢動 我腳下踩著的也又不是天空 在下面看著大人的笑容 也根本就不會期待 大家都帶著微笑但都沒有愛 說是大家都普通人也不意外 但複雜的人看著也孤單 長大了也要變的雞掰 抬頭看著大多數人沒有心態 談話間變的就像是都在比賽 我怎麼可能啊
tell me oh why 說真的這不是我很壞 我沒說你沒明白 別不理睬 推開房門的那一刻 我真的⋯ tell me oh why 拜託你不要一直在那盯著我 你的雙眼看著我讓我無法動彈 你是不是在想為何我低著頭 是不是沒有聽懂 我只是不想做
留言（ 0 ） 最相關留言 所有留言
留言（ 0 ）",2025-12-10,,編輯推薦,True,False,
2026-09-24 04:28:41,realtime,urban,,,41,御姉紳士,不聽 demo Female Key,1,112,0,https://streetvoice.com/RakersL77/songs/876327/,https://streetvoice.com/RakersL77/,"https://akstatic.streetvoice.com/song_covers/Ra/ke/RakersL77/YkqXrth6YxRHYDmRUXvVjm.jpeg?x-oss-process=image/resize,m_fill,h_400,w_400,limit_0",images/876327.jpeg,@RakersL77,音樂人,台中市,2018-08-01,,13,43,12,,,https://www.youtube.com/user/StreetVoiceTV,赤聲躁動2025開出國際陣容，力邀SIX LOUNGE、川西奈月等台、日、韓、泰等多國新星|||https://blow.streetvoice.com/80193/?utm_source=streetvoice&utm_medium=profile-news-block,,R&B / Soul,,,,"詞曲創作案 Music Arranger：Rose44 有次在酒吧搭訕一位女子，很意外地拿到這一案。一開始約在工作室，聽著她訴說她的經歷以及人生體悟，最後我寫出了這首《不聽》。這是我第一次嘗試這種曲風，非常期待她將這首歌錄完的時候。 
詞曲創作案 Music Arranger：Rose44 有次在酒吧搭訕一位女子，很意外地拿到這一案。一開始約在工作室，聽著她訴說她的經歷以及人生體悟，最後我寫出了這首《不聽》。這是我第一次嘗試這種曲風，非常期待她將這首歌錄完的時候。","[Hook] 我習慣掏空靈魂麻木自己不讓你看見我的淚 我選擇不聽見就能將恨給幻滅 但成了隨處可見的誰 我喜歡的你緊隨時間慢慢成為了我臉上的淚 我選擇不聽見就能忘記誰的臉 靠過的肩逐漸我也聽不見音樂 [Verse1] 所以我忘了慌的自己 摀住雙耳摸黑地先行 我試著 想過沒有你的前景 反正我也早已習慣裝作毫不在意 喧囂裡被迫安靜 [Pre-Hook] 呼吸有如機器 無塵中的心悸 不變的Routine 將期盼給遺棄 只剩儀器般地分析 知覺散落下的剪影 伴隨來的回音 不聽就能假裝痛覺歸零 [Hook] 我習慣掏空靈魂麻木自己不讓你看見我的淚 我選擇不聽見就能將恨給幻滅 但成了隨處可見的誰 我喜歡的你緊隨時間慢慢成為了我臉上的淚 我選擇不聽見就能忘記誰的臉 靠過的肩逐漸我也聽不見音樂 [Bridge] 只是我不敢揭開傷 但是我不想再埋藏 我習慣掏空靈魂麻木自己不讓你看見我的淚 （終究留了疤 怎能沒疙瘩 肉眼看不見地擴張 從內而外地膨漲） 我選擇不聽見就能將恨給幻滅 但成了隨處可見的誰 （當只剩呼吸聲剩下 是種絕望還是生命的模樣 耳裡彷彿聽見新的渴望） 我喜歡的你緊隨時間慢慢成為了我臉上的淚 （只是我不敢揭開傷 只是我不敢先忘 只是聽見了就會想 只是我好像得走向沒你的方向） 我選擇不聽見就能忘記誰的臉 靠過的肩逐漸我也聽不見音樂 （得習慣安靜的徬徨 得習慣吵雜的洋相 得聽見心裡的荒唐 迴盪在） [Verse 2] 選擇的迷茫 大家都一樣 帶著害怕受傷的期望 就在 愛與恨中 徘徊 結果 忘記如何 愛戴 幸福的聲音也顯得難耐 無奈成了他人愛的阻礙 yeah 當時說了什麼的側臉 已經不重要的癥結 他人對我描繪的側寫 或許冷血 或許不解 或許我不必再深陷 或許就讓感受呈現直接 [Pre-Hook] 呼吸有別機器 在窒息中重啟 變化的Routine 將期盼給拾起 捨棄儀器般地分析 知覺散落下的重影 伴隨來的回音 傾聽就能感受自己的心 [Hook] 我討厭掏空靈魂麻木自己不讓你看見我的淚 我選擇再聽見嘗試將恨給幻滅 不在乎隨處可見的誰 我喜歡的你緊隨時間慢慢離開了我臉上的淚 我選擇再聽見不再忘記誰的臉 靠過的肩逐漸我聽見不同音樂 
[Hook] 我習慣掏空靈魂麻木自己不讓你看見我的淚 我選擇不聽見就能將恨給幻滅 但成了隨處可見的誰 我喜歡的你緊隨時間慢慢成為了我臉上的淚 我選擇不聽見就能忘記誰的臉 靠過的肩逐漸我也聽不見音樂
[Verse1] 所以我忘了慌的自己 摀住雙耳摸黑地先行 我試著 想過沒有你的前景 反正我也早已習慣裝作毫不在意 喧囂裡被迫安靜
[Pre-Hook] 呼吸有如機器 無塵中的心悸 不變的Routine 將期盼給遺棄 只剩儀器般地分析 知覺散落下的剪影 伴隨來的回音 不聽就能假裝痛覺歸零
[Hook] 我習慣掏空靈魂麻木自己不讓你看見我的淚 我選擇不聽見就能將恨給幻滅 但成了隨處可見的誰 我喜歡的你緊隨時間慢慢成為了我臉上的淚 我選擇不聽見就能忘記誰的臉 靠過的肩逐漸我也聽不見音樂
[Bridge] 只是我不敢揭開傷 但是我不想再埋藏
我習慣掏空靈魂麻木自己不讓你看見我的淚 （終究留了疤 怎能沒疙瘩 肉眼看不見地擴張 從內而外地膨漲） 我選擇不聽見就能將恨給幻滅 但成了隨處可見的誰 （當只剩呼吸聲剩下 是種絕望還是生命的模樣 耳裡彷彿聽見新的渴望） 我喜歡的你緊隨時間慢慢成為了我臉上的淚 （只是我不敢揭開傷 只是我不敢先忘 只是聽見了就會想 只是我好像得走向沒你的方向） 我選擇不聽見就能忘記誰的臉 靠過的肩逐漸我也聽不見音樂 （得習慣安靜的徬徨 得習慣吵雜的洋相 得聽見心裡的荒唐 迴盪在）
[Verse 2] 選擇的迷茫 大家都一樣 帶著害怕受傷的期望 就在 愛與恨中 徘徊 結果 忘記如何 愛戴 幸福的聲音也顯得難耐 無奈成了他人愛的阻礙 yeah 當時說了什麼的側臉 已經不重要的癥結 他人對我描繪的側寫 或許冷血 或許不解 或許我不必再深陷 或許就讓感受呈現直接
[Pre-Hook] 呼吸有別機器 在窒息中重啟 變化的Routine 將期盼給拾起 捨棄儀器般地分析 知覺散落下的重影 伴隨來的回音 傾聽就能感受自己的心
[Hook] 我討厭掏空靈魂麻木自己不讓你看見我的淚 我選擇再聽見嘗試將恨給幻滅 不在乎隨處可見的誰 我喜歡的你緊隨時間慢慢離開了我臉上的淚 我選擇再聽見不再忘記誰的臉 靠過的肩逐漸我聽見不同音樂
留言（ 0 ） 最相關留言 所有留言
留言（ 0 ）",2026-08-25,,,False,False,
2026-09-24 04:28:41,realtime,urban,,,42,後站人Made In Back Station,下個早安 Watch Over You,6496,276358,200,https://streetvoice.com/madeinbackstation/songs/633877/,https://streetvoice.com/madeinbackstation/,"https://akstatic.streetvoice.com/song_covers/ma/de/madeinbackstation/BnS2MDbX4t77pZ6aznaAxf.jpg?x-oss-process=image/resize,m_fill,h_400,w_400,limit_0",images/633877.jpg,@madeinbackstation,音樂人,,,2021-05-24 15:17,5,3641,4,https://www.facebook.com/mibsty330,https://www.instagram.com/mibsty330_official/,https://www.youtube.com/user/StreetVoiceTV,【StreetVoice新歌週報】冰上悍將ØZI揮桿進國際 I Mean Us水晶球飛至冰川|||https://blow.streetvoice.com/53169/?utm_source=streetvoice&utm_medium=profile-news-block; 【StreetVoice新歌週報】告五人發柔情新作 Beatmakers Taipei大玩林宥嘉〈少女〉|||https://blow.streetvoice.com/49345/?utm_source=streetvoice&utm_medium=profile-news-block,,R&B / Soul,,,,"難熬的距離總讓人失去了陪伴， 在每一個輾轉難眠的夜晚；每一次無助落寞的晚安， 即便耳機的另一端傳來多少的溫暖， 都難以抵擋寂寞排山倒海而來。 「所有的苦痛我都想替妳分擔， 想陪著妳等夢醒來，擁抱妳的不安， 一次又一次，到下個早安。」 //////////////////////////// 【下個早安 Watch Over You】｜Official Music Video ▶ https://youtu.be/1vB6sRnGN2s //////////////////////////// ▶音樂製作  Credit 詞曲 Lyrics&Co｜ 大嘴 Hank 製作人 Producer ｜ 張皓棠 Dennis Chang 編曲 Arrangement｜ 後站人 Made In Back Station 配唱製作人 Vocal Produce｜ 張皓棠 Dennis Chang 主唱／和聲  Vocal＆Backing Vocal｜ 大嘴 Hank 吉他 Electric Guitar｜ 小邱 Shawn 吉他 Electric Guitar｜ 隆茂 Max 鍵盤 Keyboard ｜ 塔森 Tarzan 貝斯 Bass｜ 丘暘 Yang 鼓 Drum｜  阿潘 Eason 和聲編寫 Backing Vocal Arrangement ｜ 大嘴 Hank 錄音師 Recording Engineer｜ 張皓棠 Dennis Chang 錄音室 Recording Studio｜ 騷聲工房 Sound Factory 、 Dennis’ Studio 鼓共同監製&錄音師 Drum Co-Producer & Recording Engineer｜ 鄭朝中 Flex Alpha 鼓錄音室 Drum Recording Studio｜ 光影音樂工作室 Las Studio 鼓錄音助理 Drum Recording Assistant｜ 阿潘 Eason 人聲錄音室 Vocal Recording Studio｜ 城市科大流行音樂錄音室 TPCUPM Studio 人聲錄音師 Vocal Recording Engineer｜ 蔡沂儒 E-ru 音訊編輯 Audio Editing｜ 張皓棠 Dennis Chang 混音師 Mixing Engineer｜ 張皓棠 Dennis Chang 混音室 Mixing Studio｜ Dennis’ Studio 母帶後期處理製作人 Mastering Producer｜ 陳陸泰 aTai 母帶後期處理工程師 Mastering Engineer｜ 陳陸泰 aTai 母帶後期處理工作室 Mastering Studio｜原艾母帶工程錄音室 Mugwort Mastering 歌曲文案設計 Introduction Design｜丘暘 Yang 封面設計 Designed by｜楊怡青 Eva 特別感謝 Special Thanks｜Oran、蓓芮、小朱 //////////////////////////// 後站人 Instagram | https://www.instagram.com/mibsty330_official/ 後站人 Facebook | https://www.facebook.com/mibackstation0305/ 
難熬的距離總讓人失去了陪伴， 在每一個輾轉難眠的夜晚；每一次無助落寞的晚安， 即便耳機的另一端傳來多少的溫暖， 都難以抵擋寂寞排山倒海而來。
「所有的苦痛我都想替妳分擔， 想陪著妳等夢醒來，擁抱妳的不安， 一次又一次，到下個早安。」
////////////////////////////
【下個早安 Watch Over You】｜Official Music Video ▶ https://youtu.be/1vB6sRnGN2s
https://youtu.be/1vB6sRnGN2s
////////////////////////////
▶音樂製作  Credit
詞曲 Lyrics&Co｜ 大嘴 Hank 製作人 Producer ｜ 張皓棠 Dennis Chang 編曲 Arrangement｜ 後站人 Made In Back Station 配唱製作人 Vocal Produce｜ 張皓棠 Dennis Chang
主唱／和聲  Vocal＆Backing Vocal｜ 大嘴 Hank 吉他 Electric Guitar｜ 小邱 Shawn 吉他 Electric Guitar｜ 隆茂 Max 鍵盤 Keyboard ｜ 塔森 Tarzan 貝斯 Bass｜ 丘暘 Yang 鼓 Drum｜  阿潘 Eason
和聲編寫 Backing Vocal Arrangement ｜ 大嘴 Hank 錄音師 Recording Engineer｜ 張皓棠 Dennis Chang 錄音室 Recording Studio｜ 騷聲工房 Sound Factory 、 Dennis’ Studio 鼓共同監製&錄音師 Drum Co-Producer & Recording Engineer｜ 鄭朝中 Flex Alpha 鼓錄音室 Drum Recording Studio｜ 光影音樂工作室 Las Studio 鼓錄音助理 Drum Recording Assistant｜ 阿潘 Eason 人聲錄音室 Vocal Recording Studio｜ 城市科大流行音樂錄音室 TPCUPM Studio 人聲錄音師 Vocal Recording Engineer｜ 蔡沂儒 E-ru 音訊編輯 Audio Editing｜ 張皓棠 Dennis Chang 混音師 Mixing Engineer｜ 張皓棠 Dennis Chang 混音室 Mixing Studio｜ Dennis’ Studio 母帶後期處理製作人 Mastering Producer｜ 陳陸泰 aTai 母帶後期處理工程師 Mastering Engineer｜ 陳陸泰 aTai 母帶後期處理工作室 Mastering Studio｜原艾母帶工程錄音室 Mugwort Mastering
歌曲文案設計 Introduction Design｜丘暘 Yang 封面設計 Designed by｜楊怡青 Eva
特別感謝 Special Thanks｜Oran、蓓芮、小朱
////////////////////////////
後站人 Instagram | https://www.instagram.com/mibsty330_official/
https://www.instagram.com/mibsty330_official/
後站人 Facebook | https://www.facebook.com/mibackstation0305/
https://www.facebook.com/mibackstation0305/","輕碰妳的額頭 對妳說⼀聲早安 擁抱妳的期待 再擁抱妳的不安 陪妳留的時間 到底算不算太短 如果能陪你等夢醒來 要怎麼醒過來 在凌晨的響鈴中夢醒來 怎麼最寂寞的時刻 怎麼你依然不在 填不滿的空⽩ 只能勉強⽤話題塞滿 隔層螢幕傳遞溫熱 盼著卻碰不得 ⼿機停在兩點半 的想念掛在這兩端 Won’t you  等的不耐煩了 開始躁動的⼼不堪負荷 害怕出現了裂痕 Won’t you  等我把承諾完整 輕碰妳的額頭 對妳說⼀聲早安 擁抱妳的期待 再擁抱妳的不安 Woo 陪妳留的時間 到底算不算太短 如果就陪你等夢醒來 到下個早安 該怎麼醒過來 在凌晨的惡夢中驚醒來 怎麼最需要的時刻 怎麼你還是不在 不敢給的期待 只能在每個⿊夜陪伴 這傷感能否暫時 停⽌停⽌ ⼿機停在兩點半 的想念掛在這兩端 Won’t you  等的不耐煩了 開始躁動的⼼不堪負荷 眼淚超載了靈魂 Won’t you  等我把承諾完整 輕碰妳的額頭 對妳說⼀聲早安 擁抱妳的期待 再擁抱妳的不安 Woo 陪妳留的時間 到底算不算太短 如果就陪你等夢醒來 到下個早安 若能陪你醒來 若能陪你醒來 若能陪你醒來 若我還能陪在 若我還能醒來 若我還能醒來 若我還能... 如果還能重來 若能陪你醒來 若能陪你醒來 若能陪你醒來 如果還能陪在 若我還能醒來 若我還能醒來 若我還能醒來 輕碰妳的額頭 對妳說⼀聲早安 擁抱妳的期待 親⼿把眼淚擦乾 趁著天亮之前 再多留⼀點溫暖 就陪你等到夢醒離開的 下個早安 
輕碰妳的額頭 對妳說⼀聲早安 擁抱妳的期待 再擁抱妳的不安 陪妳留的時間 到底算不算太短 如果能陪你等夢醒來
要怎麼醒過來 在凌晨的響鈴中夢醒來 怎麼最寂寞的時刻 怎麼你依然不在 填不滿的空⽩ 只能勉強⽤話題塞滿 隔層螢幕傳遞溫熱 盼著卻碰不得
⼿機停在兩點半 的想念掛在這兩端 Won’t you  等的不耐煩了 開始躁動的⼼不堪負荷 害怕出現了裂痕 Won’t you  等我把承諾完整
輕碰妳的額頭 對妳說⼀聲早安 擁抱妳的期待 再擁抱妳的不安 Woo 陪妳留的時間 到底算不算太短 如果就陪你等夢醒來 到下個早安 該怎麼醒過來 在凌晨的惡夢中驚醒來 怎麼最需要的時刻 怎麼你還是不在 不敢給的期待 只能在每個⿊夜陪伴 這傷感能否暫時
停⽌停⽌ ⼿機停在兩點半 的想念掛在這兩端 Won’t you  等的不耐煩了 開始躁動的⼼不堪負荷 眼淚超載了靈魂 Won’t you  等我把承諾完整
輕碰妳的額頭 對妳說⼀聲早安 擁抱妳的期待 再擁抱妳的不安 Woo 陪妳留的時間 到底算不算太短 如果就陪你等夢醒來 到下個早安
若能陪你醒來 若能陪你醒來 若能陪你醒來 若我還能陪在 若我還能醒來 若我還能醒來 若我還能...
如果還能重來
若能陪你醒來 若能陪你醒來 若能陪你醒來 如果還能陪在 若我還能醒來 若我還能醒來 若我還能醒來
輕碰妳的額頭 對妳說⼀聲早安 擁抱妳的期待 親⼿把眼淚擦乾
趁著天亮之前 再多留⼀點溫暖 就陪你等到夢醒離開的
下個早安
留言（ 200 ） 最相關留言 所有留言
留言（ 200 ）",2021-01-25,,Song of the Day; 週排行冠軍歌曲; 編輯推薦; agnès b. LISTEN!! 原創音樂線上募集大賞,True,True,
2026-09-24 04:28:41,realtime,urban,,,43,LINION,Tears in Water(a tucu saqemauqaung aken)feat.Kivi,270,16317,7,https://streetvoice.com/linion_linion/songs/770815/,https://streetvoice.com/linion_linion/,"https://akstatic.streetvoice.com/song_covers/li/ni/linion_linion/ExVvoUB6FdeiTCroJA9Shq.jpg?x-oss-process=image/resize,m_fill,h_400,w_400,limit_0",images/770815.jpg,@linion_linion,音樂人,新北市,2018-11-01,,15,5655,4,https://www.facebook.com/linionlinion,https://www.instagram.com/linion_linion,https://www.youtube.com/user/StreetVoiceTV,LINION攜手MUSA明馬丁打造單曲〈LOCO POCO〉融合R&B、拉丁節奏|||https://blow.streetvoice.com/89528/?utm_source=streetvoice&utm_medium=profile-news-block; 擁抱不完美的創作哲學 LINION新專輯《自己自己》邀金曲歌王Matzka合作|||https://blow.streetvoice.com/83709/?utm_source=streetvoice&utm_medium=profile-news-block; LINION攜新專輯《自己自己 mi casa su casa》開唱！10/19邀樂迷把台北Legacy當自己家|||https://blow.streetvoice.com/82395/?utm_source=streetvoice&utm_medium=profile-news-block,,R&B / Soul,,,,"Tears in Water 單曲介紹 ・靈性男子LINION 攜手金曲排灣族歌姬女伶Kivi，共創 2024 最撫慰人心的新靈魂單曲〈Tears in Water〉 ・再度邀請到知名國際R&B/Neo-Soul御用鼓手Efa Etoroma, Jr. 來施展鼓技，以及新一代鬼才鍵盤手Edelyn 一同參與錄音製作 ・〈 Tears in Water〉融合排灣族語和當代Neo-Soul及Gospel 曲風，節奏輕柔且充滿力量，是一場心靈的洗禮，如被水溫柔的包覆將情感大釋放 -- 「a tucu saqemauqaung aken」這句話是排灣族語，意思是我現在想哭。 LINION以男性角度出發詮釋，很多時候「直男」很難開口說出自己想哭，會因為男性的自尊而忽略自己的情緒，本次透過與排灣族女歌手Kivi的合作，首度挑戰使用排灣族語「a tucu saqemauqaung aken」這句話，唱出並吶喊著自身想哭的情緒，不再因為面子問題而壓抑。或許乍聽之下很難過，但更重要的是，將情緒訴諸吶喊後留下的空白，迎接而來的舒暢及喜悅。 而來自那屋瓦少女隊的排灣族女歌手Kivi，如黑馬之姿在第34屆金曲獎，以首張專輯《分水嶺Padiyudr》強勢入圍《最佳原住民語歌手獎》、《最佳原住民語專輯獎》、《年度專輯獎》，聲線清亮且靈魂飽滿，在她的歌聲之間悠遊有如滴水穿石般，每每聽到Kivi的歌聲都會被治癒及釋放。2023年於第三張專輯《HIDEOUT》透露自己的靈魂動物是「黑豹」的LINION，像是帶著隱隱作痛的傷，誤闖入了Kivi的部落，本以為對方會被自己強悍的外表而嚇跑，但反而被Kivi溫柔且包容的對待，靈魂也被溫暖的擁抱及接住，像是被浩瀚的水所包覆，得以在這樣有安全感的水中放聲大哭、吶喊出自己的情緒，像在海裡面發出聲音，並不會被很多人聽到，同時也將自己體內的淚水恣意哭出，傾瀉流入廣大的海川。從歌名〈Tears in Water〉帶入故事主軸，LINION想用這樣的故事，分享給所有想哭但是哭不出來的聽眾們，大膽的說出「a tucu saqemauqaung aken」就把自己的靈魂給釋放吧。 這首歌以LINION擅長的曲風Neo-Soul、主樂器Bass 注入滿滿地Groovy律動及Gospel的人聲和音編曲，充分在laid back的空間流竄著自然的呼吸與靈魂，以他溫暖且具質地的聲線，疊加Kivi清亮亦富含靈魂且治癒的天生嗓音，畫龍點睛的將這首歌給完整，節奏感令人不自覺跟著晃動，一回神發現自己的身體已經被靈魂牽引自然律動，不用思考。 歌手兼音樂製作人LINION，自第二張專輯《Leisurely》獲得各界好評後，睽違三年再度邀請到知名國際R&B Neo-Soul音樂人 Moonchild / Kiefer/ Jeff Bernat/J3PO 等御用鼓手Efa Etoroma, Jr. 來施展鼓技，以及新一代鬼才鍵盤手Edelyn 一同參與錄音製作，擅長Jazz、Neo-soul、Hip Hop的他，在短短的時間內就將這首歌的畫面提升到更為華麗且細膩的層次，be water my friend。 Tears in Water_Credit 製作人Producer：LINION 作曲 Composer： LINION / Kivi 作詞 Lyricist：LINION / Kivi 編曲Arranger：LINION 和聲編寫 BV Arranger：LINION / Kivi / 排灣壘哈吶 吉他Guitar：LINION 貝斯Bass：LINION 電鋼琴 Electric Piano：黃懷萱 Edelyn 合成器 Synthesizer：黃懷萱 Edelyn 主要錄音師 Main Recording Engineer：LINION 主要錄音室 Main Recording Studio：B.P. Lin Studio 鼓Drums：Efa Etoroma, Jr. 鼓錄音師 Drums Recording Engineer：Efa Etoroma, Jr. 人聲編輯 Vocal Editing：沈冠霖 SHENB 混音師 Mixing Engineer：莊鈞智Thomas Chuang 混音室 Mixing Studio：完美聲音Perfect Sound Studio 母帶後期處理工程師 Mastering Engineer：莊鈞智Thomas Chuang 母帶後期處理工作室 Mastering Studio：完美聲音Perfect Sound Studio 南排灣語協力：Kuljelje Turivuan 丁繼 
Tears in Water 單曲介紹
・靈性男子LINION 攜手金曲排灣族歌姬女伶Kivi，共創 2024 最撫慰人心的新靈魂單曲〈Tears in Water〉
・再度邀請到知名國際R&B/Neo-Soul御用鼓手Efa Etoroma, Jr. 來施展鼓技，以及新一代鬼才鍵盤手Edelyn 一同參與錄音製作
・〈 Tears in Water〉融合排灣族語和當代Neo-Soul及Gospel 曲風，節奏輕柔且充滿力量，是一場心靈的洗禮，如被水溫柔的包覆將情感大釋放
--
「a tucu saqemauqaung aken」這句話是排灣族語，意思是我現在想哭。
LINION以男性角度出發詮釋，很多時候「直男」很難開口說出自己想哭，會因為男性的自尊而忽略自己的情緒，本次透過與排灣族女歌手Kivi的合作，首度挑戰使用排灣族語「a tucu saqemauqaung aken」這句話，唱出並吶喊著自身想哭的情緒，不再因為面子問題而壓抑。或許乍聽之下很難過，但更重要的是，將情緒訴諸吶喊後留下的空白，迎接而來的舒暢及喜悅。
而來自那屋瓦少女隊的排灣族女歌手Kivi，如黑馬之姿在第34屆金曲獎，以首張專輯《分水嶺Padiyudr》強勢入圍《最佳原住民語歌手獎》、《最佳原住民語專輯獎》、《年度專輯獎》，聲線清亮且靈魂飽滿，在她的歌聲之間悠遊有如滴水穿石般，每每聽到Kivi的歌聲都會被治癒及釋放。2023年於第三張專輯《HIDEOUT》透露自己的靈魂動物是「黑豹」的LINION，像是帶著隱隱作痛的傷，誤闖入了Kivi的部落，本以為對方會被自己強悍的外表而嚇跑，但反而被Kivi溫柔且包容的對待，靈魂也被溫暖的擁抱及接住，像是被浩瀚的水所包覆，得以在這樣有安全感的水中放聲大哭、吶喊出自己的情緒，像在海裡面發出聲音，並不會被很多人聽到，同時也將自己體內的淚水恣意哭出，傾瀉流入廣大的海川。從歌名〈Tears in Water〉帶入故事主軸，LINION想用這樣的故事，分享給所有想哭但是哭不出來的聽眾們，大膽的說出「a tucu saqemauqaung aken」就把自己的靈魂給釋放吧。
這首歌以LINION擅長的曲風Neo-Soul、主樂器Bass 注入滿滿地Groovy律動及Gospel的人聲和音編曲，充分在laid back的空間流竄著自然的呼吸與靈魂，以他溫暖且具質地的聲線，疊加Kivi清亮亦富含靈魂且治癒的天生嗓音，畫龍點睛的將這首歌給完整，節奏感令人不自覺跟著晃動，一回神發現自己的身體已經被靈魂牽引自然律動，不用思考。
歌手兼音樂製作人LINION，自第二張專輯《Leisurely》獲得各界好評後，睽違三年再度邀請到知名國際R&B Neo-Soul音樂人 Moonchild / Kiefer/ Jeff Bernat/J3PO 等御用鼓手Efa Etoroma, Jr. 來施展鼓技，以及新一代鬼才鍵盤手Edelyn 一同參與錄音製作，擅長Jazz、Neo-soul、Hip Hop的他，在短短的時間內就將這首歌的畫面提升到更為華麗且細膩的層次，be water my friend。
Tears in Water_Credit
製作人Producer：LINION 作曲 Composer： LINION / Kivi 作詞 Lyricist：LINION / Kivi 編曲Arranger：LINION 和聲編寫 BV Arranger：LINION / Kivi / 排灣壘哈吶 吉他Guitar：LINION 貝斯Bass：LINION 電鋼琴 Electric Piano：黃懷萱 Edelyn 合成器 Synthesizer：黃懷萱 Edelyn 主要錄音師 Main Recording Engineer：LINION 主要錄音室 Main Recording Studio：B.P. Lin Studio 鼓Drums：Efa Etoroma, Jr. 鼓錄音師 Drums Recording Engineer：Efa Etoroma, Jr. 人聲編輯 Vocal Editing：沈冠霖 SHENB 混音師 Mixing Engineer：莊鈞智Thomas Chuang 混音室 Mixing Studio：完美聲音Perfect Sound Studio 母帶後期處理工程師 Mastering Engineer：莊鈞智Thomas Chuang 母帶後期處理工作室 Mastering Studio：完美聲音Perfect Sound Studio 南排灣語協力：Kuljelje Turivuan 丁繼","Tears in Water_Lyrics a tucu saqemauqaung aken a tucu saqemauqaung aken a tucu saqemauqaung aken 我只想要一直哭一直哭 a tucu 總之 這是所有的故事 有多少悔恨都已經無法回頭 也是 我想你也是 擺在心深處的刺 終究無法輕視 我執 相識卻成迷思 如男人一樣固執 其實只需說幾個字 解釋 你有你的堅持 oh 太遲 已經太遲 怪自己遲鈍的像個傻子 a tucu saqemauqaung aken a tucu saqemauqaung aken a tucu saqemauqaung aken 我只想要一直哭一直哭 a tucu 嘗試 優秀到無法忽視 有多少故事都是我小小的本事 其次 這也只是其次 藏在腦海裏的詞 早已全都消失 不知 旋律近在咫尺 陌生的像不曾相識 是寫不出歌的事實 解釋 我有我的堅持 oh 太遲 已經太遲 笑自己堅持地像個白痴 a tucu saqemauqaung aken a tucu saqemauqaung aken a tucu saqemauqaung aken 我只想要一直哭一直哭 a tucu a tucu saqemauqaung aken a tucu saqemauqaung aken a tucu saqemauqaung aken 我只想要一直哭一直哭 a tucu 
Tears in Water_Lyrics
a tucu saqemauqaung aken a tucu saqemauqaung aken a tucu saqemauqaung aken 我只想要一直哭一直哭 a tucu
總之 這是所有的故事 有多少悔恨都已經無法回頭 也是 我想你也是 擺在心深處的刺 終究無法輕視 我執 相識卻成迷思 如男人一樣固執 其實只需說幾個字 解釋 你有你的堅持 oh 太遲 已經太遲 怪自己遲鈍的像個傻子
a tucu saqemauqaung aken a tucu saqemauqaung aken a tucu saqemauqaung aken 我只想要一直哭一直哭 a tucu
嘗試 優秀到無法忽視 有多少故事都是我小小的本事 其次 這也只是其次 藏在腦海裏的詞 早已全都消失 不知 旋律近在咫尺 陌生的像不曾相識 是寫不出歌的事實 解釋 我有我的堅持 oh 太遲 已經太遲 笑自己堅持地像個白痴
a tucu saqemauqaung aken a tucu saqemauqaung aken a tucu saqemauqaung aken 我只想要一直哭一直哭 a tucu a tucu saqemauqaung aken a tucu saqemauqaung aken a tucu saqemauqaung aken 我只想要一直哭一直哭 a tucu
留言（ 7 ） 最相關留言 所有留言
留言（ 7 ）",2024-05-13,,Song of the Day; 達人推薦; 編輯推薦,True,True,https://streetvoice.com/linion_linion/songs/770815/critic_reviews/
2026-09-24 04:28:41,realtime,urban,,,44,青井,直到我until I,12464,509763,368,https://streetvoice.com/cityronin/songs/644359/,https://streetvoice.com/cityronin/,"https://akstatic.streetvoice.com/song_covers/ci/ty/cityronin/D4szHBwfj67sMaL4xs8Xv7.jpeg?x-oss-process=image/resize,m_fill,h_400,w_400,limit_0",images/644359.jpeg,@cityronin,音樂人,其他,2018-09-01,2021-05-20 15:42,9,6764,,,https://instagram.com/cityronin,https://youtube.com/c/CityRonin%E5%9F%8E%E5%B8%82%E6%B5%AA%E4%BA%BA,【吹專訪】直到我，被聽見：青井|||https://blow.streetvoice.com/58996/?utm_source=streetvoice&utm_medium=profile-news-block; 創作新人青井釋出街聲霸榜單曲〈直到我〉 全新浪漫版獻給孤獨者|||https://blow.streetvoice.com/58538/?utm_source=streetvoice&utm_medium=profile-news-block; 【StreetVoice新歌週報】青井、廖文強新曲攻榜 街聲畢業歌徵選開跑|||https://blow.streetvoice.com/54736/?utm_source=streetvoice&utm_medium=profile-news-block,,R&B / Soul,,,,"我們都是孤獨者 我們都在等待救贖與被救贖 「直到我們遇見了那個他 直到我們成為彼此最溫暖的那盞燈光 這裡有你有我 直到那之後 我們不會悲傷」 Follow Us My Instagram: https://www.instagram.com/cityronin Youtube: https://youtu.be/s8mAqYqibcc SoundCloud: https://soundcloud.app.goo.gl/Z9pa2UT1XwhW452N6 #CITYRONIN2021 
我們都是孤獨者 我們都在等待救贖與被救贖
「直到我們遇見了那個他 直到我們成為彼此最溫暖的那盞燈光 這裡有你有我 直到那之後 我們不會悲傷」
Follow Us
My Instagram: https://www.instagram.com/cityronin
https://www.instagram.com/cityronin
Youtube: https://youtu.be/s8mAqYqibcc
https://youtu.be/s8mAqYqibcc
SoundCloud: https://soundcloud.app.goo.gl/Z9pa2UT1XwhW452N6
https://soundcloud.app.goo.gl/Z9pa2UT1XwhW452N6
#CITYRONIN2021","其實我想過 離開這就不再回來 我不屬於這片地帶 我要用什麼理由 繼續的存在 那些傷不痛 反正也沒人懂我 孤獨者做孤獨的夢 直到我遇見你之後才明白 . 秋葉掉落 滿地枝頭 剩下飄零 冷風吹來 心也涼去 麻木空虛 你就像是一隻候鳥帶我遷移離開這裡 直到我 盡收眼前的風景 直到我 理解愛人能力 直到我 發現原來我期待 . 我真的想過 離開這就不再回來 我不屬於這片地帶 我要用什麼理由 繼續的存在 那些傷不痛 反正也沒有人懂我.. 孤獨者做孤獨的夢... 直到我遇見你之後才明白..... . 他沒有目的地 呼吸都快窒息 人群中找自己 我只想要逃離 黑夜是他的氧氣 騎上我愛的摩托 在城市來回穿梭 街道的燈光閃爍 這地太多回憶 有快樂有傷心 這場大雨淋濕了 孤獨的心 莫名掉落的淚滴 早就分不清 就好像是 我也找不到自己 . 抬起頭 看到的是大廈和高樓 藍色的 蝴蝶飛舞卻找不到花朵 為什麼 為什麼要等誰先離開 才知道原來是在為了什麼期待 . 這節奏 或許你也覺得很難過 那就讓 我們一起享受慢的節拍 台北的夜晚不孤單 . 其實我想過 離開這就不再回來 我不屬於這片地帶 我要用什麼理由 繼續的存在 那些傷不痛 反正也沒人懂我 孤獨者做孤獨的夢 直到我遇見你之後才明白 . 我真的想過 離開這就不再回來 我不屬於這片地帶 我要用什麼理由 繼續的存在 那些傷不痛 反正..也沒..有人..懂我.. 孤獨者做孤獨的夢 直到我遇見你之後才明白 
其實我想過 離開這就不再回來 我不屬於這片地帶 我要用什麼理由 繼續的存在 那些傷不痛 反正也沒人懂我 孤獨者做孤獨的夢 直到我遇見你之後才明白 . 秋葉掉落 滿地枝頭 剩下飄零 冷風吹來 心也涼去 麻木空虛 你就像是一隻候鳥帶我遷移離開這裡 直到我 盡收眼前的風景 直到我 理解愛人能力 直到我 發現原來我期待 . 我真的想過 離開這就不再回來 我不屬於這片地帶 我要用什麼理由 繼續的存在 那些傷不痛 反正也沒有人懂我.. 孤獨者做孤獨的夢... 直到我遇見你之後才明白..... . 他沒有目的地 呼吸都快窒息 人群中找自己 我只想要逃離 黑夜是他的氧氣 騎上我愛的摩托 在城市來回穿梭 街道的燈光閃爍 這地太多回憶 有快樂有傷心 這場大雨淋濕了 孤獨的心 莫名掉落的淚滴 早就分不清 就好像是 我也找不到自己 . 抬起頭 看到的是大廈和高樓 藍色的 蝴蝶飛舞卻找不到花朵 為什麼 為什麼要等誰先離開 才知道原來是在為了什麼期待 . 這節奏 或許你也覺得很難過 那就讓 我們一起享受慢的節拍 台北的夜晚不孤單 . 其實我想過 離開這就不再回來 我不屬於這片地帶 我要用什麼理由 繼續的存在 那些傷不痛 反正也沒人懂我 孤獨者做孤獨的夢 直到我遇見你之後才明白 . 我真的想過 離開這就不再回來 我不屬於這片地帶 我要用什麼理由 繼續的存在 那些傷不痛 反正..也沒..有人..懂我.. 孤獨者做孤獨的夢 直到我遇見你之後才明白
留言（ 368 ） 最相關留言 所有留言
留言（ 368 ）",2021-05-01,,Song of the Day; 週排行冠軍歌曲; 編輯推薦,True,True,
2026-09-24 04:28:41,realtime,urban,,,45,鶴 The Crane,DISEASE,975,58341,25,https://streetvoice.com/thecrane/songs/786126/,https://streetvoice.com/thecrane/,"https://akstatic.streetvoice.com/song_covers/th/ec/thecrane/5QHjCBmUqn3uRsAMfj4S5B.jpeg?x-oss-process=image/resize,m_fill,h_400,w_400,limit_0",images/786126.jpeg,@thecrane,音樂人,台北市,2016-04-01,2021-04-06 17:28,8,7312,7,https://www.facebook.com/thecranetw,https://www.instagram.com/theqrane/,https://www.youtube.com/channel/UCdihHUc-tbrwHYVvSGLq3Kg,"【吹專訪】戴著主角光環登場，何苦要做反派？——鶴 The Crane談新專輯《Same Stories , Different Narratives》|||https://blow.streetvoice.com/82227/?utm_source=streetvoice&utm_medium=profile-news-block; 第八屆政大音樂節正式更名「雨山祭」 邀國蛋、鶴 The Crane、JADE等12組卡司輪番上陣|||https://blow.streetvoice.com/68362/?utm_source=streetvoice&utm_medium=profile-news-block; moon tang台北首場個唱 鶴The Crane擔任嘉賓助陣|||https://blow.streetvoice.com/83355/?utm_source=streetvoice&utm_medium=profile-news-block",,R&B / Soul,,,,"DISEASE 的主題是 「那天晚上手機沒電所以必須享受街道」。因為這個微小的意外，發現自己對手機成癮、對社群成癮，並對加速到難以掌握的當代生活型態產生各種恐懼。作為鶴The Crane 第二張專輯的先行單曲，在樂器錄製上耗費許多心力，希望透過類比合成器的堆疊，揣摩出八零年代初期的 Disco 聲響。 
DISEASE 的主題是 「那天晚上手機沒電所以必須享受街道」。因為這個微小的意外，發現自己對手機成癮、對社群成癮，並對加速到難以掌握的當代生活型態產生各種恐懼。作為鶴The Crane 第二張專輯的先行單曲，在樂器錄製上耗費許多心力，希望透過類比合成器的堆疊，揣摩出八零年代初期的 Disco 聲響。","I said I’ve had enough It’s the weather, or it’s me? If I had a dollar, can I even get some Hennessy? Where the fuck is this? Google said 就兩公里 Why am I inside of this lucid dream now I wanna tell somebody, wanna tell somebody Thought I was clean, before this beat Guess I’m addicted to being seen I really need a charger, really need to charge it Have nothing else to do 我只能想著新的歌詞 What should I do if something happens? Ooh and I can’t record it nah How do I write down all the thoughts? 5 minutes and they’re almost gone Detoxing’s really hurting me 當世界 都安靜 the night overtakes my body like a new disease I found peace (tonight) 當我停下那聲音 It’s actually not that bad at all Imma hop on the train heading this way Now my eyes can see And my soul, vacay Imma take a little peep With no LSD Like 底片機 此刻一切珍貴 We all gotta pay for all the addiction to recognize what is worthy of saving To apologize to the ways we living I need to meditate more than medication But after all these I still wonder, do you even like this song? Cause I’m no saint I’m just a human Need the validation Am I wrong? 當世界 都安靜 the night overtakes my body like a new disease I found peace (tonight) 當我停下那聲音 It’s actually not that bad at all Sometimes I wanna crash a car and feel the rage Day after day All the symptoms became a syndrome Sometimes I need it faster than lightning I need the world to spin around me I need to leave the thoughts behind me I had to stop before I go crazy 當世界 都安靜 the night overtakes my body like a new disease I found peace 當我停下那聲音 It’s actually not that bad at all 
I said I’ve had enough It’s the weather, or it’s me? If I had a dollar, can I even get some Hennessy?
Where the fuck is this? Google said 就兩公里 Why am I inside of this lucid dream now
I wanna tell somebody, wanna tell somebody Thought I was clean, before this beat Guess I’m addicted to being seen
I really need a charger, really need to charge it Have nothing else to do 我只能想著新的歌詞
What should I do if something happens? Ooh and I can’t record it nah How do I write down all the thoughts? 5 minutes and they’re almost gone Detoxing’s really hurting me
當世界 都安靜 the night overtakes my body like a new disease I found peace (tonight) 當我停下那聲音 It’s actually not that bad at all
Imma hop on the train heading this way Now my eyes can see And my soul, vacay
Imma take a little peep With no LSD Like 底片機 此刻一切珍貴
We all gotta pay for all the addiction to recognize what is worthy of saving To apologize to the ways we living I need to meditate more than medication
But after all these I still wonder, do you even like this song? Cause I’m no saint I’m just a human Need the validation Am I wrong?
當世界 都安靜 the night overtakes my body like a new disease I found peace (tonight) 當我停下那聲音 It’s actually not that bad at all
Sometimes I wanna crash a car and feel the rage Day after day All the symptoms became a syndrome Sometimes I need it faster than lightning I need the world to spin around me I need to leave the thoughts behind me I had to stop before I go crazy
當世界 都安靜 the night overtakes my body like a new disease I found peace 當我停下那聲音 It’s actually not that bad at all
留言（ 25 ） 最相關留言 所有留言
留言（ 25 ）",2024-09-19,,Song of the Day; 達人推薦; 編輯推薦,True,True,https://streetvoice.com/thecrane/songs/786126/critic_reviews/
2026-09-24 04:28:41,realtime,urban,,,46,Gaston,逃離台北,241,13812,11,https://streetvoice.com/gaston20030000/songs/757054/,https://streetvoice.com/gaston20030000/,"https://akstatic.streetvoice.com/song_covers/ga/st/gaston20030000/QmmrnrFsUFH8vz8oEDqKyp.jpeg?x-oss-process=image/resize,m_fill,h_400,w_400,limit_0",images/757054.jpeg,@gaston20030000,音樂人,,,2023-05-22 11:04,5,167,15,,https://instagram.com/mr.sleepyface,https://www.youtube.com/user/StreetVoiceTV,【週五看MV】ZENBØ預告自己紅過頭 轟出藍色的傑作|||https://blow.streetvoice.com/38863/?utm_source=streetvoice&utm_medium=profile-news-block,,R&B / Soul,,,calle 407.,"Beat by heydium Mastered by Jerry Yang @sealplays_guitar https://www.instagram.com/mr.sleepyface?igsh=MWdmaDJuN280dWJ4aQ%3D%3D&utm_source=qr 
Beat by heydium Mastered by Jerry Yang @sealplays_guitar
https://www.instagram.com/mr.sleepyface?igsh=MWdmaDJuN280dWJ4aQ%3D%3D&utm_source=qr
https://www.instagram.com/mr.sleepyface?igsh=MWdmaDJuN280dWJ4aQ%3D%3D&utm_source=qr","我看過太多雙同樣的眼睛 在剎那間都變得無神 是誰在實現誰的野心 誰大聲說話誰目中無人 是誰讓這裡變得血腥 誰把恨的詩讀出了解析 致命的毒偽裝成血清 then i’ll take it till i overdose 不需要把我喚醒 cuz i’m staring at the demon’s eyes I’m wearing my heart on my sleeves 我是真的好想逃離台北 抽了菸再接著買醉 這不是我要的 這不是我 真的真的真的好想逃離台北 哪天可以不再晚睡 做一場不用醒的夢 所有人的樣子都是現實的 口中的夢通常已經變質了 沒人相信我還幹嘛堅持呢 沒意義的bullshit幹嘛騙值得 但我是偏執的那種騙子 騙你我的努力他不會變值得 不落空了不像踢毽子 蜿蜒崎嶇的路他也會漸直的 就讓我 找個機會讓妳見識一下 讓你看看增廣見識一下 面對困難像個劍士一樣 就斬斷阻礙像斬面紙一樣 找個機會讓你見識一下 讓你看看我有什麼不同 但在那之前還得等候 離開台北以前 我還得忍受 
我看過太多雙同樣的眼睛 在剎那間都變得無神 是誰在實現誰的野心 誰大聲說話誰目中無人 是誰讓這裡變得血腥 誰把恨的詩讀出了解析 致命的毒偽裝成血清 then i’ll take it till i overdose
不需要把我喚醒 cuz i’m staring at the demon’s eyes I’m wearing my heart on my sleeves
我是真的好想逃離台北 抽了菸再接著買醉 這不是我要的 這不是我 真的真的真的好想逃離台北 哪天可以不再晚睡 做一場不用醒的夢
所有人的樣子都是現實的 口中的夢通常已經變質了 沒人相信我還幹嘛堅持呢 沒意義的bullshit幹嘛騙值得 但我是偏執的那種騙子 騙你我的努力他不會變值得 不落空了不像踢毽子 蜿蜒崎嶇的路他也會漸直的
就讓我 找個機會讓妳見識一下 讓你看看增廣見識一下 面對困難像個劍士一樣 就斬斷阻礙像斬面紙一樣 找個機會讓你見識一下 讓你看看我有什麼不同 但在那之前還得等候 離開台北以前 我還得忍受
留言（ 11 ） 最相關留言 所有留言
留言（ 11 ）",2024-01-01,,週排行冠軍歌曲; 編輯推薦,True,False,
2026-09-24 04:28:41,realtime,urban,,,47,阿蘭 AC,漫漫長夜,202,13814,19,https://streetvoice.com/alanchou12345/songs/867797/,https://streetvoice.com/alanchou12345/,"https://akstatic.streetvoice.com/song_covers/al/an/alanchou12345/Y4nZTaRGQvJAdXdvTGKcmr.jpeg?x-oss-process=image/resize,m_fill,h_400,w_400,limit_0",images/867797.jpeg,@alanchou12345,音樂人,新北市,2019-03-01,2023-01-30 10:32,12,3577,,https://www.facebook.com/profile.php?id=100063938225158,https://www.instagram.com/ac___47/,https://www.youtube.com/@ac47yt,阿蘭AC釋出R&B情歌〈扛不住〉MV Intro取樣李奧納多吵架對手戲|||https://blow.streetvoice.com/65575/?utm_source=streetvoice&utm_medium=profile-news-block; 前「唐貓」主唱阿蘭AC年底發行個人專輯 《GREENHOUSE》與鍾濰宇共同製作|||https://blow.streetvoice.com/64914/?utm_source=streetvoice&utm_medium=profile-news-block; LINION發行新曲〈Holiday Only〉 9m88、黃宣、阿蘭AC、宋柏緯等明星組合唱隊助陣|||https://blow.streetvoice.com/58586/?utm_source=streetvoice&utm_medium=profile-news-block,,R&B / Soul,,,,"有沒有一種愛， 讓你願意跨越所有距離與考驗？ 「就算這世界對我針鋒相對，風再大、天再黑，我也不撤退。」 獻給每一個在深夜裡依然相信愛的所有存在， 〈漫漫長夜〉，蔓延日夜。 
有沒有一種愛， 讓你願意跨越所有距離與考驗？
「就算這世界對我針鋒相對，風再大、天再黑，我也不撤退。」
獻給每一個在深夜裡依然相信愛的所有存在，
〈漫漫長夜〉，蔓延日夜。","時間停止瞬間 別說話讓我收藏有關於你的一切 思緒像微風 在你身邊盤旋 不需言語我了解 總在夜深人靜 腦袋不自覺浮現你最美的笑臉 牽起我的手 趁夜沒發現 再讓我更靠近你一些些 在這漫漫長夜 讓我守護你身邊 day by day 把所有想像都實現 閉上你雙眼 你的愛我來擁有 漫漫長夜 讓我照亮你 每一天每一夜 我會在身邊 不要再懷疑 不要再後退 我只為你眷戀 就算這世界 對我針鋒相對 風再大 天再黑 我也不撤退 沒有誰能改變 我的心 讓愛蔓延在漫漫長夜 總在夜深人靜 腦袋不自覺浮現你最美的笑臉 牽起我的手 趁夜沒發現 再讓我更靠近你一些些 (靠近一些些) 在這漫漫長夜 讓我守護你身邊 day by day 把所有想像都實現 閉上你雙眼 (Oh babe) 你的愛我來擁有 漫漫長夜 讓我照亮你 每一天每一夜 我會在身邊 不要再懷疑 不要再後退 我只為你眷戀 就算這世界 對我針鋒相對 風再大 天再黑 我也不撤退 沒有誰能改變 我的心 讓愛蔓延在漫漫長夜 漫漫長夜 day by day 漫漫長夜 day by day 讓愛在漫漫長夜 
時間停止瞬間 別說話讓我收藏有關於你的一切 思緒像微風 在你身邊盤旋 不需言語我了解
總在夜深人靜 腦袋不自覺浮現你最美的笑臉 牽起我的手 趁夜沒發現 再讓我更靠近你一些些
在這漫漫長夜 讓我守護你身邊 day by day 把所有想像都實現 閉上你雙眼 你的愛我來擁有
漫漫長夜 讓我照亮你 每一天每一夜 我會在身邊 不要再懷疑 不要再後退 我只為你眷戀
就算這世界 對我針鋒相對 風再大 天再黑 我也不撤退 沒有誰能改變 我的心 讓愛蔓延在漫漫長夜
總在夜深人靜 腦袋不自覺浮現你最美的笑臉 牽起我的手 趁夜沒發現 再讓我更靠近你一些些 (靠近一些些)
在這漫漫長夜 讓我守護你身邊 day by day 把所有想像都實現 閉上你雙眼 (Oh babe) 你的愛我來擁有
漫漫長夜 讓我照亮你 每一天每一夜 我會在身邊 不要再懷疑 不要再後退 我只為你眷戀
就算這世界 對我針鋒相對 風再大 天再黑 我也不撤退 沒有誰能改變 我的心 讓愛蔓延在漫漫長夜
漫漫長夜 day by day 漫漫長夜 day by day 讓愛在漫漫長夜
留言（ 19 ） 最相關留言 所有留言
留言（ 19 ）",2026-07-06,,Song of the Day; 週排行冠軍; 達人推薦; 編輯推薦,True,True,https://streetvoice.com/alanchou12345/songs/867797/critic_reviews/
2026-09-24 04:28:41,realtime,urban,,,48,甜約翰 Sweet John,留給你的我從未 Remix feat. ?te 壞特,3034,116161,70,https://streetvoice.com/sweetjohnband/songs/627558/,https://streetvoice.com/sweetjohnband/,"https://akstatic.streetvoice.com/song_covers/sw/ee/sweetjohnband/C6Q86jAjkbL2KcZxc3tbzV.jpg?x-oss-process=image/resize,m_fill,h_400,w_400,limit_0",images/627558.jpg,@sweetjohnband,音樂人,台北市,2016-04-01,,17,27657,9,https://www.facebook.com/sweetjohnband/,https://www.instagram.com/sweetjohnofficial/,https://www.youtube.com/channel/UCGdLLM0CekFmgMhPpnG9A7Q,甜約翰Sweet John推出全新EP《A Plus》 重新詮釋過去5首代表作品|||https://blow.streetvoice.com/79827/?utm_source=streetvoice&utm_medium=profile-news-block; 2026流浪祭9/5、9/6北流登場！首波公布呂允、甜約翰、傻子與白痴等6組卡司|||https://blow.streetvoice.com/87368/?utm_source=streetvoice&utm_medium=profile-news-block; 甜約翰新專輯《GOOD AFTERNIGHT》台北場落幕 明年1/10台中Legacy、1/24高雄Backstage Live登場|||https://blow.streetvoice.com/85154/?utm_source=streetvoice&utm_medium=profile-news-block,,R&B / Soul,,,,"『只是相信著，有天你會出現在夢境般的和煦光暈下，給我未曾奢望過的溫柔。』 首張專輯《Dear》主打歌曲， 重新編曲後以全新方式呈現， 搭配?te壞特少有的Rap， 為原本的甜蜜浪漫添加一絲性感， 拯救每個潮濕煩悶的時刻。 －－－－－－－－－－－－－ • MUSIC 詞 Lyricist |  吳倬安 Leon Wu、?te 壞特、MGH、顏偉光 曲 Composer |  吳浚瑋 Genwie Wu、陳冠宇 Can Chen、梁丹郡 Mandark Liang、陶逸群 Tower da Funkmasta、?te 壞特 編曲 Arrangement | 甜約翰 Sweet John、鍾濰宇 Yu 製作人、主要錄音 Producer & Main Recording  | 鍾濰宇 Yu @ 89 studio 混音 Mixing | 周已敦 Itun Chou @ Rave Sound Studio 母帶後期處理 Mastering | 周已敦 Itun Chou @ Rave Sound Studio • VISUAL DESIGN 插畫 Illustration | 林錦揚 Lim Chin Yang https://www.instagram.com/allenlimcy_art 動畫製作 Animation | 陳冠宇 Can Chen －－－－－－－－－－－－－ • Facebook https://www.facebook.com/sweetjohnband • Instagram https://www.instagram.com/sweetjohnofficial/ • StreetVoice https://tw.streetvoice.com/sweetjohnband • Weibo http://weibo.com/SweetJohn 
『只是相信著，有天你會出現在夢境般的和煦光暈下，給我未曾奢望過的溫柔。』
首張專輯《Dear》主打歌曲， 重新編曲後以全新方式呈現， 搭配?te壞特少有的Rap， 為原本的甜蜜浪漫添加一絲性感， 拯救每個潮濕煩悶的時刻。
－－－－－－－－－－－－－ • MUSIC
詞 Lyricist |  吳倬安 Leon Wu、?te 壞特、MGH、顏偉光 曲 Composer |  吳浚瑋 Genwie Wu、陳冠宇 Can Chen、梁丹郡 Mandark Liang、陶逸群 Tower da Funkmasta、?te 壞特 編曲 Arrangement | 甜約翰 Sweet John、鍾濰宇 Yu 製作人、主要錄音 Producer & Main Recording  | 鍾濰宇 Yu @ 89 studio 混音 Mixing | 周已敦 Itun Chou @ Rave Sound Studio 母帶後期處理 Mastering | 周已敦 Itun Chou @ Rave Sound Studio
• VISUAL DESIGN
插畫 Illustration | 林錦揚 Lim Chin Yang https://www.instagram.com/allenlimcy_art 動畫製作 Animation | 陳冠宇 Can Chen －－－－－－－－－－－－－ • Facebook https://www.facebook.com/sweetjohnband • Instagram https://www.instagram.com/sweetjohnofficial/ • StreetVoice https://tw.streetvoice.com/sweetjohnband • Weibo http://weibo.com/SweetJohn
https://www.instagram.com/allenlimcy_art
https://www.facebook.com/sweetjohnband
https://www.instagram.com/sweetjohnofficial/
https://tw.streetvoice.com/sweetjohnband
http://weibo.com/SweetJohn","每過一天 叮嚀自己再勇敢一點 面對生活再堅決一些 努力走過漫漫長夜 才能讓你看見 其實我 也不是真的不了解 茫茫人海中的妥協 雨後也未必有晴天 但我腦海的畫面 你的眼神比想像中還要和煦深邃 (在你的面前) 提醒我會不會看起來開心得太狼狽 hoo hoo 沈澱了 整片藍天 hoo hoo woo daladada Can’t mention your name Try to put out this flame Heart trapped in a cage Wish you could feel the pain 心裡不停在算著已經過了多久 是不是該是時候放手 該繼續揮霍我所有 或是到此為止 一切已經顯得有些放縱 窗外的聲音常常聽不到 腦海裡總是浮現片斷畫面的爭吵 想找個辦法消除那些浮躁 找不到辦法 只好聽歌聽到睡不著 想起很久以前 做了一個很美的夢 你還記得嗎 夢裏的結局和心理想的完全不同 卻不能重來過 荒謬的劇情 終於被點醒 前進再前進 尋找你的身影 離你越來越近 卻感到 快要窒息 你的眼神比想像中還要和煦深邃 (在你的面前) 提醒我會不會看起來開心得太狼狽 hoo hoo 沈澱了 整片藍天 hoo hoo woo daladada 
每過一天 叮嚀自己再勇敢一點 面對生活再堅決一些 努力走過漫漫長夜 才能讓你看見
其實我 也不是真的不了解 茫茫人海中的妥協 雨後也未必有晴天 但我腦海的畫面
你的眼神比想像中還要和煦深邃 (在你的面前) 提醒我會不會看起來開心得太狼狽 hoo hoo 沈澱了 整片藍天 hoo hoo woo daladada
Can’t mention your name Try to put out this flame Heart trapped in a cage Wish you could feel the pain
心裡不停在算著已經過了多久 是不是該是時候放手 該繼續揮霍我所有 或是到此為止 一切已經顯得有些放縱 窗外的聲音常常聽不到 腦海裡總是浮現片斷畫面的爭吵 想找個辦法消除那些浮躁 找不到辦法 只好聽歌聽到睡不著 想起很久以前 做了一個很美的夢 你還記得嗎 夢裏的結局和心理想的完全不同 卻不能重來過 荒謬的劇情 終於被點醒 前進再前進 尋找你的身影 離你越來越近 卻感到 快要窒息
你的眼神比想像中還要和煦深邃 (在你的面前) 提醒我會不會看起來開心得太狼狽 hoo hoo 沈澱了 整片藍天 hoo hoo woo daladada
留言（ 70 ） 最相關留言 所有留言
留言（ 70 ）",2020-11-08,,Song of the Day; 週排行冠軍歌曲; 編輯推薦,True,True,
2026-09-24 04:28:41,realtime,urban,,,49,9m88,九頭身日奈,3476,83963,56,https://streetvoice.com/9m88baba/songs/493012/,https://streetvoice.com/9m88baba/,"https://akstatic.streetvoice.com/song_covers/9m/88/9m88baba/uaQt27Ek3TSXAUKbQhffgn.jpg?x-oss-process=image/resize,m_fill,h_400,w_400,limit_0",images/493012.jpg,@9m88baba,音樂人,基隆市,2017-06-01,,2,13025,10,https://www.facebook.com/9m88baba,https://www.instagram.com/9m88/,https://www.youtube.com/c/9m88baba,「Taiwanese Waves」十週年重返紐約中央公園 9m88、YELLOW黃宣、ØZI領軍開唱|||https://blow.streetvoice.com/90012/?utm_source=streetvoice&utm_medium=profile-news-block; 2026 Taiwanese Waves迎來十週年 9m88、黃宣、ØZI組限定團登陸紐約|||https://blow.streetvoice.com/88659/?utm_source=streetvoice&utm_medium=profile-news-block; 9m88推出新作〈我只想唱歌給你聽〉迎接出道十週年|||https://blow.streetvoice.com/87662/?utm_source=streetvoice&utm_medium=profile-news-block,,R&B / Soul,,,,"Sid and Geri x 9m88- 九頭身日奈 編曲/歌詞- 9m88 Beat- sampled from DJ Mitsu The Beats <3 
Sid and Geri x 9m88- 九頭身日奈 編曲/歌詞- 9m88 Beat- sampled from DJ Mitsu The Beats <3","九頭身日奈 不想和你Say goodnight 九頭身日奈 她讓我心跳加快 九頭身日奈 妳的心要我怎麼猜 望著妳們背影 Naruto般的夢境 分不清黑與白 都是荷爾蒙在作怪 她們曾有九頭身的稱號 觀眾都拍手叫好 想要握手 想要擁抱 都需要等待叫號 123456789 一點都不奇怪 WHY 1 Tracy愛兜風遛狗 炫耀她的行頭 2 Linda是她小嘍囉 羨慕嫉妒都藏著不說 3 Catherine神經兮兮 怕世界末日會來臨 4、5 B and J是友達以上 戀人未滿 6 Victoria的秘密沒人知道 廉價香水散發 愛的訊號 7 Joanne她唱爵士樂卻沒有紅 只好去賣大腳桶 8 Lisa有一點辣薩 衛生棉亂丟都無關痛癢 9 Janet只想要一點愛 上Tinder卻沒人Like 九頭身日奈 我知道生活很無耐 人生不是喝喝飲料就能爽快 九頭身日奈 當膠原蛋白已不在 誰還把妳們當成寶在掌上轉 So I know there's so many of you Who are appealing and disgusting too Who can stay here and still be true So I know there's so many of you Who are appealing and disgusting too Who can stay here and still be true 123456789 一點都不奇怪 WHY 她們是九頭身日奈 123456789 一點都不奇怪 WHY 她們是九頭身日奈 
九頭身日奈 不想和你Say goodnight 九頭身日奈 她讓我心跳加快
九頭身日奈 妳的心要我怎麼猜 望著妳們背影 Naruto般的夢境 分不清黑與白 都是荷爾蒙在作怪 她們曾有九頭身的稱號 觀眾都拍手叫好 想要握手 想要擁抱 都需要等待叫號 123456789 一點都不奇怪 WHY
1 Tracy愛兜風遛狗 炫耀她的行頭 2 Linda是她小嘍囉 羨慕嫉妒都藏著不說 3 Catherine神經兮兮 怕世界末日會來臨 4、5 B and J是友達以上 戀人未滿 6 Victoria的秘密沒人知道 廉價香水散發 愛的訊號 7 Joanne她唱爵士樂卻沒有紅 只好去賣大腳桶 8 Lisa有一點辣薩 衛生棉亂丟都無關痛癢 9 Janet只想要一點愛 上Tinder卻沒人Like
九頭身日奈 我知道生活很無耐 人生不是喝喝飲料就能爽快 九頭身日奈 當膠原蛋白已不在 誰還把妳們當成寶在掌上轉 So I know there's so many of you Who are appealing and disgusting too Who can stay here and still be true So I know there's so many of you Who are appealing and disgusting too Who can stay here and still be true
123456789 一點都不奇怪 WHY 她們是九頭身日奈 123456789 一點都不奇怪 WHY 她們是九頭身日奈
留言（ 56 ） 最相關留言 所有留言
留言（ 56 ）",2017-06-15,,Song of the Day; 週排行冠軍歌曲; 達人推薦; 編輯推薦,True,True,https://streetvoice.com/9m88baba/songs/493012/critic_reviews/
2026-09-24 04:28:41,realtime,urban,,,50,青井,直到我until I (2022 Reprise),3099,108406,127,https://streetvoice.com/cityronin/songs/669610/,https://streetvoice.com/cityronin/,"https://akstatic.streetvoice.com/song_covers/ci/ty/cityronin/BHhbt6vgADe4yQjSzRwKoq.png?x-oss-process=image/resize,m_fill,h_400,w_400,limit_0",images/669610.png,@cityronin,音樂人,其他,2018-09-01,2021-05-20 15:42,9,6764,,,https://instagram.com/cityronin,https://youtube.com/c/CityRonin%E5%9F%8E%E5%B8%82%E6%B5%AA%E4%BA%BA,【吹專訪】直到我，被聽見：青井|||https://blow.streetvoice.com/58996/?utm_source=streetvoice&utm_medium=profile-news-block; 創作新人青井釋出街聲霸榜單曲〈直到我〉 全新浪漫版獻給孤獨者|||https://blow.streetvoice.com/58538/?utm_source=streetvoice&utm_medium=profile-news-block; 【StreetVoice新歌週報】青井、廖文強新曲攻榜 街聲畢業歌徵選開跑|||https://blow.streetvoice.com/54736/?utm_source=streetvoice&utm_medium=profile-news-block,,R&B / Soul,,,,"2021年春天過後，我完成這首歌的demo上傳到街聲與YouTube 當時，總感覺自己是來到大都市尋尋覓覓的孤獨者，與任何人事物格格不入 之後在台北結識一群朋友，也認識這個版本的製作人——海大富 他把這首歌最該有的溫暖及我心中的浪漫完美實現出來，而那正是我所想像中的模樣 就像孤獨之中透出一絲光芒，緩緩走出，那是一片蔚藍的海洋 這些意境全在新的編曲裡釋放與表達 這段時間裡的心境，成長很多卻難以言喻的一切 會放在接下來新的音樂作品與大家見面 「我們都是孤獨者 我們都在等待救贖與被救贖 直到我們遇見了那個他 直到我們成為彼此最溫暖的那盞燈光 這裡有你有我 直到那之後 我們不會再悲傷」 ——青井 Lyrics：青井 Composer：青井 Producer：海大富DéjàFu (跳蛋工廠EGGO Music Production) Music Arranger：陳弘禮Chen Hung LI 、王韻筑Liv W、海大富DéjàFu (跳蛋工廠EGGO Music Production) Synthesizer：張少瑜 Charles Chang 
2021年春天過後，我完成這首歌的demo上傳到街聲與YouTube 當時，總感覺自己是來到大都市尋尋覓覓的孤獨者，與任何人事物格格不入 之後在台北結識一群朋友，也認識這個版本的製作人——海大富
他把這首歌最該有的溫暖及我心中的浪漫完美實現出來，而那正是我所想像中的模樣 就像孤獨之中透出一絲光芒，緩緩走出，那是一片蔚藍的海洋 這些意境全在新的編曲裡釋放與表達
這段時間裡的心境，成長很多卻難以言喻的一切 會放在接下來新的音樂作品與大家見面
「我們都是孤獨者 我們都在等待救贖與被救贖
直到我們遇見了那個他 直到我們成為彼此最溫暖的那盞燈光 這裡有你有我 直到那之後 我們不會再悲傷」
——青井
Lyrics：青井 Composer：青井 Producer：海大富DéjàFu (跳蛋工廠EGGO Music Production) Music Arranger：陳弘禮Chen Hung LI 、王韻筑Liv W、海大富DéjàFu (跳蛋工廠EGGO Music Production) Synthesizer：張少瑜 Charles Chang","其實我想過 離開這就不再回來 我不屬於這片地帶 我要用什麼理由 繼續的存在 那些傷不痛 反正也沒人懂我 孤獨者做孤獨的夢 直到我遇見你之後才明白 . 秋葉掉落 滿地枝頭 剩下飄零 風吹來 心也涼去 麻木空虛 你就像是一隻候鳥帶我遷移離開這裡 直到我 盡收眼前的風景 直到我 理解愛人的能力 直到我 發現原來我期待 . 我真的想過 離開這就不再回來 我不屬於這片地帶 我要用什麼理由 繼續的存在 那些傷不痛 反正也沒有人懂我.. 孤獨者做孤獨的夢... 直到我遇見你之後才明白..... . 他沒有目的地 呼吸都快窒息 人群中找自己 我只想要逃離 黑夜是他的氧氣 騎上我愛的摩托 在城市來回穿梭 街道的燈光閃爍 這地太多回憶 有快樂有傷心 這場大雨淋濕了 孤獨的心 莫名掉落的淚滴 早就分不清 就好像是 我也找不到自己 . 抬起頭 看到的是大廈和高樓 藍色的 蝴蝶飛舞卻找不到花朵 為什麼 為什麼要等誰先離開 才知道原來是在為了什麼期待 . 這節奏 或許你也覺得很難過 那就讓 我們一起享受慢的節拍 台北的夜晚不孤單 . 其實我想過 離開這就不再回來 我不屬於這片地帶 我要用什麼理由 繼續的存在 那些傷不痛 反正也沒人懂我 孤獨者做孤獨的夢 直到我遇見你之後才明白 . 我真的想過 離開這就不再回來 我不屬於這片地帶 我要用什麼理由 繼續的存在 那些傷不痛 反正也沒有人懂我 孤獨者做孤獨的夢 直到我遇見你之後才明白 
其實我想過 離開這就不再回來 我不屬於這片地帶 我要用什麼理由 繼續的存在 那些傷不痛 反正也沒人懂我 孤獨者做孤獨的夢 直到我遇見你之後才明白 . 秋葉掉落 滿地枝頭 剩下飄零 風吹來 心也涼去 麻木空虛 你就像是一隻候鳥帶我遷移離開這裡 直到我 盡收眼前的風景 直到我 理解愛人的能力 直到我 發現原來我期待 . 我真的想過 離開這就不再回來 我不屬於這片地帶 我要用什麼理由 繼續的存在 那些傷不痛 反正也沒有人懂我.. 孤獨者做孤獨的夢... 直到我遇見你之後才明白..... . 他沒有目的地 呼吸都快窒息 人群中找自己 我只想要逃離 黑夜是他的氧氣 騎上我愛的摩托 在城市來回穿梭 街道的燈光閃爍 這地太多回憶 有快樂有傷心 這場大雨淋濕了 孤獨的心 莫名掉落的淚滴 早就分不清 就好像是 我也找不到自己 . 抬起頭 看到的是大廈和高樓 藍色的 蝴蝶飛舞卻找不到花朵 為什麼 為什麼要等誰先離開 才知道原來是在為了什麼期待 . 這節奏 或許你也覺得很難過 那就讓 我們一起享受慢的節拍 台北的夜晚不孤單 . 其實我想過 離開這就不再回來 我不屬於這片地帶 我要用什麼理由 繼續的存在 那些傷不痛 反正也沒人懂我 孤獨者做孤獨的夢 直到我遇見你之後才明白 . 我真的想過 離開這就不再回來 我不屬於這片地帶 我要用什麼理由 繼續的存在 那些傷不痛 反正也沒有人懂我 孤獨者做孤獨的夢 直到我遇見你之後才明白
留言（ 127 ） 最相關留言 所有留言
留言（ 127 ）",2022-01-11,,週排行冠軍歌曲; 編輯推薦,True,False,
