snapshot_time,rank,artist_name,song_title,likes_count,play_count,comments_count,song_url,artist_url,cover_image_url,artist_handle,artist_identity,artist_city,artist_joined_date,artist_accredited_datetime,artist_music_count,artist_fans_count,artist_following_count,artist_facebook_url,artist_instagram_url,artist_youtube_url,genre,album_title,album_url,collaborators,description,lyrics,release_date,song_accredited_datetime,is_editor_recommended,is_song_of_the_day,critic_review_url
2026-07-29 23:16:58,1,,,72,2352,4,https://streetvoice.com/lucymeow/songs/869888/,https://streetvoice.com/lucymeow/,"https://akstatic.streetvoice.com/song_covers/lu/cy/lucymeow/ZNGfN8PgCB3jdwf5xUL85h.jpeg?x-oss-process=image/resize,m_fixed,h_1,w_1,limit_0/resize,m_fixed,h_630,w_1200,limit_0/watermark,image_c29uZ19jb3ZlcnMvbHUvY3kvbHVjeW1lb3cvWk5HZk44UGdDQjNqZHdmNXhVTDg1aC5qcGVnP3gtb3NzLXByb2Nlc3M9aW1hZ2UvcmVzaXplLG1fZml4ZWQsaF8zNDQsd18zNDQsbGltaXRfMA,g_nw,x_428,y_143/watermark,image_YXNzZXQvaW1hZ2VzL21ldGFpbWFnZS1zb25nLnBuZw,g_nw,x_0,y_0",@lucymeow,音樂人,桃園市,2020-10-01,,21,10144,,https://www.facebook.com/Lucyfairygood,https://instagram.com/_lucyliao_,https://www.youtube.com/@LUCY-kc7zz,Singer / Songwriter,,,,"建立在令人起雞皮疙瘩的合成器聲響、深沉低頻與緩慢燃燒般的節奏之上，〈Looking at Me〉瀰漫著一種揮之不去的不安感。 這首歌取材自 LÜCY 過去生命中最黑暗的時期之一，穿梭於恐懼、記憶、自我認同，以及那種彷彿被注視著的詭異感受之間。 作詞 Lyricist｜LÜCY, Ben 作曲 Composer｜LÜCY, Eirik Hella 製作 Producer｜LÜCY, Eirik Hella 編曲 Arranger｜Eirik Hella 錄音工程師 Recording Engineer｜Eirik Hella, 邱建鈞 J-Jyun Ciou 混音工程師 Mixing Engineer｜Eirik Hella 母帶後期處理工程師 Mastering Engineer｜George Tanderø 
建立在令人起雞皮疙瘩的合成器聲響、深沉低頻與緩慢燃燒般的節奏之上，〈Looking at Me〉瀰漫著一種揮之不去的不安感。 這首歌取材自 LÜCY 過去生命中最黑暗的時期之一，穿梭於恐懼、記憶、自我認同，以及那種彷彿被注視著的詭異感受之間。
作詞 Lyricist｜LÜCY, Ben 作曲 Composer｜LÜCY, Eirik Hella 製作 Producer｜LÜCY, Eirik Hella 編曲 Arranger｜Eirik Hella 錄音工程師 Recording Engineer｜Eirik Hella, 邱建鈞 J-Jyun Ciou 混音工程師 Mixing Engineer｜Eirik Hella 母帶後期處理工程師 Mastering Engineer｜George Tanderø","First, tell me I am crazy Despite the love for you, can't keep on fighting I'm drowning in my dreams don't wake me up, wake me up I can't get up'cause they all looking at me I can't get up'cause they all looking at me This time you’re crazy, baby Someone without a name I can't keep on trying I'm drowning in my fears, in my tears Don't wake me up, wake me up I can't get help 'cause they all looking at me I can't get help 'cause they all looking at me I can't get help 'cause they all looking at me I can't get help 'cause they all looking at me 當全世界都看著我 翅膀它漸漸往上飛 我那顆心卻 掉啊 沉啊 讓懸崖接住我 是不是只要一跳躍下 我就會沒有重量 我又忘記吃飯了 恐懼包圍著我 我不想拿下耳機 我不想解釋 我不想笑得開心 我想要躲起來 為什麼不找工作 都閑閑沒事做 眼淚又開始失眠 Burning eyes in the night looking at me I can't get up 'cause they all looking at me I can't get up 'cause they all looking at me I can't get up 'cause they all looking at me Lucy, sing! 唱歌給我們聽 c’mon, just one song 你可以答應我27歲前先不要結婚嗎？ Lucy you will be rich you can have every bag you want trust me just don’t get pregnant haha… One single leap then I’ll be free oh nothing remains but me I cry and i pray but no one hears I’m weeping in my dream I can't get help 'cause they all looking at me I can't get help 'cause they all looking at me I can't get help 'cause they all looking at me I can’t get help so why you’re looking at me? 
First, tell me I am crazy Despite the love for you, can't keep on fighting I'm drowning in my dreams don't wake me up, wake me up I can't get up'cause they all looking at me I can't get up'cause they all looking at me
This time you’re crazy, baby Someone without a name I can't keep on trying I'm drowning in my fears, in my tears Don't wake me up, wake me up I can't get help 'cause they all looking at me I can't get help 'cause they all looking at me I can't get help 'cause they all looking at me I can't get help 'cause they all looking at me
當全世界都看著我 翅膀它漸漸往上飛 我那顆心卻 掉啊 沉啊 讓懸崖接住我
是不是只要一跳躍下 我就會沒有重量 我又忘記吃飯了 恐懼包圍著我
我不想拿下耳機 我不想解釋 我不想笑得開心 我想要躲起來
為什麼不找工作 都閑閑沒事做 眼淚又開始失眠 Burning eyes in the night looking at me I can't get up 'cause they all looking at me I can't get up 'cause they all looking at me I can't get up 'cause they all looking at me
Lucy, sing! 唱歌給我們聽 c’mon, just one song 你可以答應我27歲前先不要結婚嗎？ Lucy you will be rich you can have every bag you want trust me just don’t get pregnant haha…
One single leap then I’ll be free oh nothing remains but me I cry and i pray but no one hears I’m weeping in my dream
I can't get help 'cause they all looking at me I can't get help 'cause they all looking at me I can't get help 'cause they all looking at me I can’t get help so why you’re looking at me?
留言（ 4 ） 最相關留言 所有留言
留言（ 4 ）",2026-07-24,,True,False,https://streetvoice.com/lucymeow/songs/869888/critic_reviews/
2026-07-29 23:16:58,2,,,66,3833,12,https://streetvoice.com/s8817012011/songs/869352/,https://streetvoice.com/s8817012011/,"https://akstatic.streetvoice.com/song_covers/s8/81/s8817012011/kebDX8bwYE5mh9MZp3UzJc.jpeg?x-oss-process=image/resize,m_fixed,h_1,w_1,limit_0/resize,m_fixed,h_630,w_1200,limit_0/watermark,image_c29uZ19jb3ZlcnMvczgvODEvczg4MTcwMTIwMTEva2ViRFg4YndZRTVtaDlNWnAzVXpKYy5qcGVnP3gtb3NzLXByb2Nlc3M9aW1hZ2UvcmVzaXplLG1fZml4ZWQsaF8zNDQsd18zNDQsbGltaXRfMA,g_nw,x_428,y_143/watermark,image_YXNzZXQvaW1hZ2VzL21ldGFpbWFnZS1zb25nLnBuZw,g_nw,x_0,y_0",@s8817012011,音樂人,台北市,2011-12-01,2021-09-27 15:35,11,122,2,https://www.facebook.com/theMetalspeaker/,https://instagram.com/themetalspeaker,https://youtube.com/channel/UCuzSxL_ns0uTJyx4xAZ5NWw,Rock,我的人生 Master of None,https://streetvoice.com/s8817012011/songs/album/97325613/,,"人生哪可能項項攏順勢。 失敗、孤獨、自我懷疑，都成為成長過程中的一部分。 真正的不在意，不是冷漠，而是經歷過很多事後，依然願意守住內心最初的夢。 「我的夢，一直攏底加。」 這句話，比任何豪言壯語都更加堅定。 有些人長大以後，早就迷失在這大人的世界裡。 而有些人，即使受傷、迷惘、跌跌撞撞，依然繼續往前走。 
人生哪可能項項攏順勢。 失敗、孤獨、自我懷疑，都成為成長過程中的一部分。 真正的不在意，不是冷漠，而是經歷過很多事後，依然願意守住內心最初的夢。 「我的夢，一直攏底加。」 這句話，比任何豪言壯語都更加堅定。 有些人長大以後，早就迷失在這大人的世界裡。 而有些人，即使受傷、迷惘、跌跌撞撞，依然繼續往前走。","其實我 常常夢見 彼段唔知啥叫憂愁的日子 後來我 戈洪叫醒 繼續一天一天傻傻過日子 但我漸漸了解 我愛的是什麼 我知我自己是一定不放棄 外面的風雨咖大我不在意 雖然這個過程傷透我欸心 但人生啊 哪有可能項項都順勢 我的夢 一直攏底加 今罵欸我 什麼攏不驚 其實我 常常夢見 彼段唔知啥叫憂愁的日子 後來我 戈洪叫醒 繼續一天一天傻傻過日子 但我漸漸了解 我愛的是什麼 我知我自己是一定不放棄 外面的風雨咖大我不在意 雖然這個過程傷透我欸心 但人生啊 哪有可能項項都順勢 我的夢 一直攏底加 今罵欸我 什麼攏不驚 不肯放過我自己 所以來開始問自己 到底這是啥意義 啊啊啊 彼段黑暗的日子 暫時攏麥擱再提起 欲出去 走找彼個流浪的心 我知我自己是一定不放棄 外面的風雨咖大我不在意 雖然這個過程傷透我欸心 但人生啊 哪有可能項項都順勢 我的夢 一直攏底加 今罵欸我 什麼攏不驚 
其實我 常常夢見 彼段唔知啥叫憂愁的日子 後來我 戈洪叫醒 繼續一天一天傻傻過日子 但我漸漸了解 我愛的是什麼
我知我自己是一定不放棄 外面的風雨咖大我不在意 雖然這個過程傷透我欸心 但人生啊 哪有可能項項都順勢 我的夢 一直攏底加 今罵欸我 什麼攏不驚
其實我 常常夢見 彼段唔知啥叫憂愁的日子 後來我 戈洪叫醒 繼續一天一天傻傻過日子 但我漸漸了解 我愛的是什麼
我知我自己是一定不放棄 外面的風雨咖大我不在意 雖然這個過程傷透我欸心 但人生啊 哪有可能項項都順勢 我的夢 一直攏底加 今罵欸我 什麼攏不驚
不肯放過我自己 所以來開始問自己 到底這是啥意義 啊啊啊 彼段黑暗的日子 暫時攏麥擱再提起 欲出去 走找彼個流浪的心
我知我自己是一定不放棄 外面的風雨咖大我不在意 雖然這個過程傷透我欸心 但人生啊 哪有可能項項都順勢 我的夢 一直攏底加 今罵欸我 什麼攏不驚
留言（ 12 ） 最相關留言 所有留言
留言（ 12 ）",2026-07-14,,True,True,https://streetvoice.com/s8817012011/songs/869352/critic_reviews/
2026-07-29 23:16:58,3,,,6,392,1,https://streetvoice.com/soothemily/songs/871006/,https://streetvoice.com/soothemily/,"https://akstatic.streetvoice.com/song_covers/so/ot/soothemily/2Z9fTScad6nxFU6LrtUsFB.jpeg?x-oss-process=image/resize,m_fixed,h_1,w_1,limit_0/resize,m_fixed,h_630,w_1200,limit_0/watermark,image_c29uZ19jb3ZlcnMvc28vb3Qvc29vdGhlbWlseS8yWjlmVFNjYWQ2bnhGVTZMcnRVc0ZCLmpwZWc_eC1vc3MtcHJvY2Vzcz1pbWFnZS9yZXNpemUsbV9maXhlZCxoXzM0NCx3XzM0NCxsaW1pdF8w,g_nw,x_428,y_143/watermark,image_YXNzZXQvaW1hZ2VzL21ldGFpbWFnZS1zb25nLnBuZw,g_nw,x_0,y_0",@soothemily,音樂人,台北市,2020-10-01,,7,4,3,,,https://www.youtube.com/user/StreetVoiceTV,Experimental,CONEHEAD X SOOTHEMILY,https://streetvoice.com/soothemily/songs/album/97325755/,Conehead 錐頭,"這首歌比起歌詞破碎的內容，更多是我在嘗試，用這種晃蕩晃蕩的語氣，是否可以唱進去Beat裏面，因為有一點點不確定感，所以也錄得比較小聲ＸＤ當成是個小實驗與大家分享～～ 
這首歌比起歌詞破碎的內容，更多是我在嘗試，用這種晃蕩晃蕩的語氣，是否可以唱進去Beat裏面，因為有一點點不確定感，所以也錄得比較小聲ＸＤ當成是個小實驗與大家分享～～","I’m far from a perfectionist 我可不是什麼完美主義者 As you said tomorrow’s not promised 就像你知道，你說明日不是必然 There’s no irritation from the ethics 那兒沒有所謂因道德而激起的情緒 For God’s love is massive 因為 神比我們想得還寬廣 No, he doesn’t mean to be alcholic 不不，他不是真的酒精成癮 Just the pain under skin that stings 而是那在皮膚之下叮咬般的刺痛作用著 Oh, the noise that annoys me 噢，那惹惱我的雜音呀 Take my flesh then 取去我的肉身隨你 Let my spirit glow 讓我的靈魂來發光吧 Don’t judge, respect, 不評斷，尊重 Therefore, love never ends 因此，愛永不止息 Corsage, well-dressed 胸花，正裝 I’m here for you, don’t be a guest 我是為了你而來，就別見外了 beatmaker - Conehead song writing by soothemily conehead:   / coneheadsthought soothemily:   / soothemily 
I’m far from a perfectionist 我可不是什麼完美主義者 As you said tomorrow’s not promised 就像你知道，你說明日不是必然 There’s no irritation from the ethics 那兒沒有所謂因道德而激起的情緒 For God’s love is massive 因為 神比我們想得還寬廣
No, he doesn’t mean to be alcholic 不不，他不是真的酒精成癮 Just the pain under skin that stings 而是那在皮膚之下叮咬般的刺痛作用著 Oh, the noise that annoys me 噢，那惹惱我的雜音呀 Take my flesh then 取去我的肉身隨你 Let my spirit glow 讓我的靈魂來發光吧
Don’t judge, respect, 不評斷，尊重 Therefore, love never ends 因此，愛永不止息 Corsage, well-dressed 胸花，正裝 I’m here for you, don’t be a guest 我是為了你而來，就別見外了
beatmaker - Conehead song writing by soothemily conehead:   / coneheadsthought soothemily:   / soothemily
留言（ 1 ） 最相關留言 所有留言
留言（ 1 ）",2026-07-25,,True,False,https://streetvoice.com/soothemily/songs/871006/critic_reviews/
2026-07-29 23:16:58,4,,,36,987,7,https://streetvoice.com/ray31444/songs/871359/,https://streetvoice.com/ray31444/,"https://akstatic.streetvoice.com/song_covers/ra/y3/ray31444/9MZv8s97Y2i4J6ncjJwsD8.jpeg?x-oss-process=image/resize,m_fixed,h_1,w_1,limit_0/resize,m_fixed,h_630,w_1200,limit_0/watermark,image_c29uZ19jb3ZlcnMvcmEveTMvcmF5MzE0NDQvOU1adjhzOTdZMmk0SjZuY2pKd3NEOC5qcGVnP3gtb3NzLXByb2Nlc3M9aW1hZ2UvcmVzaXplLG1fZml4ZWQsaF8zNDQsd18zNDQsbGltaXRfMA,g_nw,x_428,y_143/watermark,image_YXNzZXQvaW1hZ2VzL21ldGFpbWFnZS1zb25nLnBuZw,g_nw,x_0,y_0",@ray31444,音樂人,台北市,2016-05-01,,,9,,,,https://www.youtube.com/user/StreetVoiceTV,Folk,,,,"不再以往 
不再以往","Cause I will never be the same Cause I will never be the same You used to sing me a lullaby~~~ shalalala la la I used to make a fool of my self~~ Shalalala la la I should have done everything I could Shalalala la la It takes time to take another point of view Shalalala la la Cause I will never be the same Cause I will never be the same How could I make it up to you How could I make it up to you How could I make it up to you How could I make it up to you How could I make it up with you, could I make it up? How could I make it up with you, I gave it all up How could I make it up with you, could I make it up? How could I make it up with you, I gave it all up How could I make it up with you, could I make it up? How could I make it up with you, I gave it all up How could I make it up with you, could I make it up? How could I make it up? Could I make it up? 
Cause I will never be the same Cause I will never be the same
You used to sing me a lullaby~~~ shalalala la la I used to make a fool of my self~~ Shalalala la la I should have done everything I could Shalalala la la It takes time to take another point of view Shalalala la la
Cause I will never be the same Cause I will never be the same
How could I make it up to you How could I make it up to you How could I make it up to you How could I make it up to you
How could I make it up with you, could I make it up? How could I make it up with you, I gave it all up How could I make it up with you, could I make it up? How could I make it up with you, I gave it all up How could I make it up with you, could I make it up? How could I make it up with you, I gave it all up How could I make it up with you, could I make it up? How could I make it up? Could I make it up?
留言（ 7 ） 最相關留言 所有留言
留言（ 7 ）",2026-07-27,,True,False,
2026-07-29 23:16:58,5,,,31,626,7,https://streetvoice.com/missbac/songs/871417/,https://streetvoice.com/missbac/,"https://akstatic.streetvoice.com/song_covers/mi/ss/missbac/e7pF7SUgL3VUAqS28f7rjJ.jpeg?x-oss-process=image/resize,m_fixed,h_1,w_1,limit_0/resize,m_fixed,h_630,w_1200,limit_0/watermark,image_c29uZ19jb3ZlcnMvbWkvc3MvbWlzc2JhYy9lN3BGN1NVZ0wzVlVBcVMyOGY3cmpKLmpwZWc_eC1vc3MtcHJvY2Vzcz1pbWFnZS9yZXNpemUsbV9maXhlZCxoXzM0NCx3XzM0NCxsaW1pdF8w,g_nw,x_428,y_143/watermark,image_YXNzZXQvaW1hZ2VzL21ldGFpbWFnZS1zb25nLnBuZw,g_nw,x_0,y_0",@missbac,音樂人,台北市,2017-06-01,2021-04-07 15:38,,,,https://www.facebook.com/missbacterium/,https://www.instagram.com/missbac2017/,https://www.youtube.com/user/StreetVoiceTV,Singer / Songwriter,,,,"詞：沈筱卿 曲：沈筱卿、鍾秉恩 混音：鍾秉恩 平面攝影：羅筱惠 --- 大概是從三年前開始，發現自己很會說違心的沒關係。 理性上覺得沒事呀，但感性上又過不去，其實不是沒關係； 或者跟這些都無關，只是認為對方會希望我說沒關係，然後就順應著說了，自己有一點不想要的話也沒關係。 中間忘記什麼時候開始，也許是長大了？ 我突然不想那麼做了，不想說沒關係了，然後暴走了一陣子（？？） 最近的某段對話中，我又下意識的說了沒關係 對方回問我：「是真的沒關係嗎？」的時候 我愣住了 然後說：「開玩笑的，我覺得有關係。」 才把自己的想法說出來，雖然很慢。 〈沒關係〉這首歌 想要給常常說沒關係的你； 給正在練習說有關係的你； 也給溫柔接住我們的你🎧❤️‍🩹 
詞：沈筱卿 曲：沈筱卿、鍾秉恩 混音：鍾秉恩 平面攝影：羅筱惠
---
大概是從三年前開始，發現自己很會說違心的沒關係。 理性上覺得沒事呀，但感性上又過不去，其實不是沒關係； 或者跟這些都無關，只是認為對方會希望我說沒關係，然後就順應著說了，自己有一點不想要的話也沒關係。
中間忘記什麼時候開始，也許是長大了？ 我突然不想那麼做了，不想說沒關係了，然後暴走了一陣子（？？）
最近的某段對話中，我又下意識的說了沒關係 對方回問我：「是真的沒關係嗎？」的時候 我愣住了 然後說：「開玩笑的，我覺得有關係。」 才把自己的想法說出來，雖然很慢。
〈沒關係〉這首歌 想要給常常說沒關係的你； 給正在練習說有關係的你； 也給溫柔接住我們的你🎧❤️‍🩹","看你 踮著腳 在月光下 小心翼翼搜集 小小的 愛的痕跡 心疼你 想抱緊你 你搖搖頭 說 我是真的在意 你說的 沒關係 是真的 還是 愛得很小心 在我這裡 不必多慮 我是真的在意 你說的 沒關係 是真的 還是 愛得很小心 在我這裡 想你是最真的你 心疼你 想抱緊你 你搖搖頭 說沒關係 小小的 背影 在夜裡搜集 那些愛的 我是真的在意 你說的 沒關係 是真的 還是 愛得很小心 在我這裡 不必多慮 我是真的在意 你說的 沒關係 是真的 還是 愛得很小心 在我這裡 想你是最真的你 
看你 踮著腳 在月光下 小心翼翼搜集 小小的 愛的痕跡
心疼你 想抱緊你 你搖搖頭 說
我是真的在意 你說的 沒關係 是真的 還是 愛得很小心 在我這裡 不必多慮 我是真的在意 你說的 沒關係 是真的 還是 愛得很小心 在我這裡 想你是最真的你
心疼你 想抱緊你 你搖搖頭 說沒關係 小小的 背影 在夜裡搜集 那些愛的
我是真的在意 你說的 沒關係 是真的 還是 愛得很小心 在我這裡 不必多慮 我是真的在意 你說的 沒關係 是真的 還是 愛得很小心 在我這裡 想你是最真的你
留言（ 7 ） 最相關留言 所有留言
留言（ 7 ）",2026-07-27,,True,False,
2026-07-29 23:16:58,6,,,153,9382,19,https://streetvoice.com/alanchou12345/songs/867797/,https://streetvoice.com/alanchou12345/,"https://akstatic.streetvoice.com/song_covers/al/an/alanchou12345/Y4nZTaRGQvJAdXdvTGKcmr.jpeg?x-oss-process=image/resize,m_fixed,h_1,w_1,limit_0/resize,m_fixed,h_630,w_1200,limit_0/watermark,image_c29uZ19jb3ZlcnMvYWwvYW4vYWxhbmNob3UxMjM0NS9ZNG5aVGFSR1F2SkFkWGR2VEdLY21yLmpwZWc_eC1vc3MtcHJvY2Vzcz1pbWFnZS9yZXNpemUsbV9maXhlZCxoXzM0NCx3XzM0NCxsaW1pdF8w,g_nw,x_428,y_143/watermark,image_YXNzZXQvaW1hZ2VzL21ldGFpbWFnZS1zb25nLnBuZw,g_nw,x_0,y_0",@alanchou12345,音樂人,新北市,2019-03-01,2023-01-30 10:32,11,3427,,https://www.facebook.com/profile.php?id=100063938225158,https://www.instagram.com/ac___47/,https://www.youtube.com/@ac47yt,R&B / Soul,,,,"有沒有一種愛， 讓你願意跨越所有距離與考驗？ 「就算這世界對我針鋒相對，風再大、天再黑，我也不撤退。」 獻給每一個在深夜裡依然相信愛的所有存在， 〈漫漫長夜〉，蔓延日夜。 
有沒有一種愛， 讓你願意跨越所有距離與考驗？
「就算這世界對我針鋒相對，風再大、天再黑，我也不撤退。」
獻給每一個在深夜裡依然相信愛的所有存在，
〈漫漫長夜〉，蔓延日夜。","時間停止瞬間 別說話讓我收藏有關於你的一切 思緒像微風 在你身邊盤旋 不需言語我了解 總在夜深人靜 腦袋不自覺浮現你最美的笑臉 牽起我的手 趁夜沒發現 再讓我更靠近你一些些 在這漫漫長夜 讓我守護你身邊 day by day 把所有想像都實現 閉上你雙眼 你的愛我來擁有 漫漫長夜 讓我照亮你 每一天每一夜 我會在身邊 不要再懷疑 不要再後退 我只為你眷戀 就算這世界 對我針鋒相對 風再大 天再黑 我也不撤退 沒有誰能改變 我的心 讓愛蔓延在漫漫長夜 總在夜深人靜 腦袋不自覺浮現你最美的笑臉 牽起我的手 趁夜沒發現 再讓我更靠近你一些些 (靠近一些些) 在這漫漫長夜 讓我守護你身邊 day by day 把所有想像都實現 閉上你雙眼 (Oh babe) 你的愛我來擁有 漫漫長夜 讓我照亮你 每一天每一夜 我會在身邊 不要再懷疑 不要再後退 我只為你眷戀 就算這世界 對我針鋒相對 風再大 天再黑 我也不撤退 沒有誰能改變 我的心 讓愛蔓延在漫漫長夜 漫漫長夜 day by day 漫漫長夜 day by day 讓愛在漫漫長夜 
時間停止瞬間 別說話讓我收藏有關於你的一切 思緒像微風 在你身邊盤旋 不需言語我了解
總在夜深人靜 腦袋不自覺浮現你最美的笑臉 牽起我的手 趁夜沒發現 再讓我更靠近你一些些
在這漫漫長夜 讓我守護你身邊 day by day 把所有想像都實現 閉上你雙眼 你的愛我來擁有
漫漫長夜 讓我照亮你 每一天每一夜 我會在身邊 不要再懷疑 不要再後退 我只為你眷戀
就算這世界 對我針鋒相對 風再大 天再黑 我也不撤退 沒有誰能改變 我的心 讓愛蔓延在漫漫長夜
總在夜深人靜 腦袋不自覺浮現你最美的笑臉 牽起我的手 趁夜沒發現 再讓我更靠近你一些些 (靠近一些些)
在這漫漫長夜 讓我守護你身邊 day by day 把所有想像都實現 閉上你雙眼 (Oh babe) 你的愛我來擁有
漫漫長夜 讓我照亮你 每一天每一夜 我會在身邊 不要再懷疑 不要再後退 我只為你眷戀
就算這世界 對我針鋒相對 風再大 天再黑 我也不撤退 沒有誰能改變 我的心 讓愛蔓延在漫漫長夜
漫漫長夜 day by day 漫漫長夜 day by day 讓愛在漫漫長夜
留言（ 19 ） 最相關留言 所有留言
留言（ 19 ）",2026-07-06,,True,True,https://streetvoice.com/alanchou12345/songs/867797/critic_reviews/
2026-07-29 23:16:58,7,,,28,1254,3,https://streetvoice.com/huangdachien/songs/871018/,https://streetvoice.com/huangdachien/,"https://akstatic.streetvoice.com/song_covers/hu/an/huangdachien/fuiBNRmfSoKEmpmaZht8HT.jpeg?x-oss-process=image/resize,m_fixed,h_1,w_1,limit_0/resize,m_fixed,h_630,w_1200,limit_0/watermark,image_c29uZ19jb3ZlcnMvaHUvYW4vaHVhbmdkYWNoaWVuL2Z1aUJOUm1mU29LRW1wbWFaaHQ4SFQuanBlZz94LW9zcy1wcm9jZXNzPWltYWdlL3Jlc2l6ZSxtX2ZpeGVkLGhfMzQ0LHdfMzQ0LGxpbWl0XzA,g_nw,x_428,y_143/watermark,image_YXNzZXQvaW1hZ2VzL21ldGFpbWFnZS1zb25nLnBuZw,g_nw,x_0,y_0",@huangdachien,音樂人,,,,7,5311,1,,,https://www.youtube.com/user/StreetVoiceTV,Hip hop / Rap,,,,,"立正 稍息 小心他在你隊伍裡 永遠聽不懂口令 無可救藥的中二病 最喜歡標新立異 什麼規矩 對他沒有意義 他就喜歡發表蠢問題 欸班長 我的槍不知道放到哪裡 下課後潑猴成群結隊 軍紀禮儀他學不會 舉槍三分鐘都嫌累 兵營搞得像是動物園 班長數到三 剛剛誰講話的舉手 你還真以為他會舉手？ 臉皮比鋼板還要厚 品行比床板還要破 腦洞最大的六洞勾 真想拿刺刀往你身上捅 鑒測 is a joke 裝個樣子都不會做 你問為什麼 因為他是媽的天兵 媽的天兵 腦袋打了鋼釘 出來發神經還不如躺在寢室裝病 煙蒂塞在花盆裡 自以為自己很聰明 出了社會你什麼都不行 腦袋太破你需要貼個補丁 媽的天兵 腦子傻不拎叮 出來少根筋 還不如滾回家裡待命 停止你犯蠢的小聰明 滾回你的天馬行星 報告班長他需要被隔離 他來這裡散播愚蠢的疾病 第三個禮拜 就開始裝病 裝睡的人叫不醒 班頭出列清查人數 怎麼還少個小迷糊 Where he go? I don’t know?? 可能躲在被窩 玩著床板下的iPhone 出事別想怪我 It ain’t my fault! 他在頂樓抽菸 還被班長發現 站在空地被訓誡 真是丟人現眼 行軍時蹣跚的腳步 打球前恢復神速 臉皮厚度突破大會紀錄 吃不了苦 他就是這麼荒謬 不要跟我裝熟 行進時不要跟我聊天 就你的腳在拖 害全隊又要重走一遍 真是他媽的浪費我的時間 也許是我太規矩 也許是班長太嚴厲 也許擺在對的地點他也能發揮潛力 每個人都有適合自己的環境 資收班出列 把他放到垃圾間 媽的天兵 腦袋打了鋼釘 出來發神經還不如躺在寢室裝病 煙蒂塞在花盆裡 自以為自己很聰明 出了社會你什麼都不行 腦袋太破你需要貼個補丁 媽的天兵 腦子傻不拎叮 出來少根筋 還不如滾回家裡待命 停止你犯蠢的小聰明 滾回你的天馬行星 報告班長他需要被隔離 他來這裡散播愚蠢的疾病 
立正 稍息 小心他在你隊伍裡 永遠聽不懂口令 無可救藥的中二病 最喜歡標新立異 什麼規矩 對他沒有意義 他就喜歡發表蠢問題 欸班長 我的槍不知道放到哪裡
下課後潑猴成群結隊 軍紀禮儀他學不會 舉槍三分鐘都嫌累 兵營搞得像是動物園
班長數到三 剛剛誰講話的舉手
你還真以為他會舉手？
臉皮比鋼板還要厚 品行比床板還要破 腦洞最大的六洞勾 真想拿刺刀往你身上捅
鑒測 is a joke 裝個樣子都不會做 你問為什麼 因為他是媽的天兵
媽的天兵 腦袋打了鋼釘 出來發神經還不如躺在寢室裝病 煙蒂塞在花盆裡 自以為自己很聰明 出了社會你什麼都不行 腦袋太破你需要貼個補丁
媽的天兵 腦子傻不拎叮 出來少根筋 還不如滾回家裡待命 停止你犯蠢的小聰明 滾回你的天馬行星 報告班長他需要被隔離 他來這裡散播愚蠢的疾病
第三個禮拜 就開始裝病 裝睡的人叫不醒 班頭出列清查人數 怎麼還少個小迷糊 Where he go? I don’t know?? 可能躲在被窩 玩著床板下的iPhone 出事別想怪我 It ain’t my fault!
他在頂樓抽菸 還被班長發現 站在空地被訓誡 真是丟人現眼 行軍時蹣跚的腳步 打球前恢復神速 臉皮厚度突破大會紀錄 吃不了苦 他就是這麼荒謬
不要跟我裝熟 行進時不要跟我聊天 就你的腳在拖 害全隊又要重走一遍 真是他媽的浪費我的時間
也許是我太規矩 也許是班長太嚴厲 也許擺在對的地點他也能發揮潛力 每個人都有適合自己的環境 資收班出列 把他放到垃圾間
媽的天兵 腦袋打了鋼釘 出來發神經還不如躺在寢室裝病 煙蒂塞在花盆裡 自以為自己很聰明 出了社會你什麼都不行 腦袋太破你需要貼個補丁
媽的天兵 腦子傻不拎叮 出來少根筋 還不如滾回家裡待命 停止你犯蠢的小聰明 滾回你的天馬行星 報告班長他需要被隔離 他來這裡散播愚蠢的疾病
留言（ 3 ） 最相關留言 所有留言
留言（ 3 ）",2026-07-25,,True,False,
2026-07-29 23:16:58,8,,,68,5662,5,https://streetvoice.com/Bella0110/songs/868215/,https://streetvoice.com/Bella0110/,"https://akstatic.streetvoice.com/song_covers/Be/ll/Bella0110/9pLjAQsB8JgKUARWtG26qZ.jpeg?x-oss-process=image/resize,m_fixed,h_1,w_1,limit_0/resize,m_fixed,h_630,w_1200,limit_0/watermark,image_c29uZ19jb3ZlcnMvQmUvbGwvQmVsbGEwMTEwLzlwTGpBUXNCOEpnS1VBUld0RzI2cVouanBlZz94LW9zcy1wcm9jZXNzPWltYWdlL3Jlc2l6ZSxtX2ZpeGVkLGhfMzQ0LHdfMzQ0LGxpbWl0XzA,g_nw,x_428,y_143/watermark,image_YXNzZXQvaW1hZ2VzL21ldGFpbWFnZS1zb25nLnBuZw,g_nw,x_0,y_0",@Bella0110,音樂人,,,,2,40,6,,,https://www.youtube.com/user/StreetVoiceTV,Alternative,,,,"不可知的未來是一張網，用心思和精神細細編織，若是時間剛好，那屬於你的便會停留在網上成為繼續存活的養分，如果不是，那便會破壞這張網，甚至得要重來一遍，而最幸福的人終究會是享受一無所有的人。 
不可知的未來是一張網，用心思和精神細細編織，若是時間剛好，那屬於你的便會停留在網上成為繼續存活的養分，如果不是，那便會破壞這張網，甚至得要重來一遍，而最幸福的人終究會是享受一無所有的人。","We’re having too good a time today. We ain’t thinking about tomorrow. We can beat & beat till death Dancing on the dance floor like Mary Lou We don't really  know what happens next (having no purpose driving on the highway) Don't try to save me this is the way I see (on the road we beat and beat and beat till death) Spider is weaving a big web Wish and prepare  for the big time to become the dinner everything belongs to me because I'm poor 詞 / 曲： 李沐霏 主唱： 李沐霏 鍵盤 / 合成器： 東東 Sid 吉他： 曾程威 Eddie 貝斯： Roy 鼓手： 毛恩 
We’re having too good a time today. We ain’t thinking about tomorrow. We can beat & beat till death Dancing on the dance floor like Mary Lou
We don't really  know what happens next (having no purpose driving on the highway) Don't try to save me this is the way I see (on the road we beat and beat and beat till death) Spider is weaving a big web Wish and prepare  for the big time to become the dinner
everything belongs to me because I'm poor
詞 / 曲： 李沐霏 主唱： 李沐霏 鍵盤 / 合成器： 東東 Sid 吉他： 曾程威 Eddie 貝斯： Roy 鼓手： 毛恩
留言（ 5 ） 最相關留言 所有留言
留言（ 5 ）",2026-07-08,,True,True,https://streetvoice.com/Bella0110/songs/868215/critic_reviews/
2026-07-29 23:16:58,9,,,23,1166,1,https://streetvoice.com/djdidilong/songs/869677/,https://streetvoice.com/djdidilong/,"https://akstatic.streetvoice.com/song_covers/dj/di/djdidilong/VoUBGZvKDRYf35h6WLVTRf.jpeg?x-oss-process=image/resize,m_fixed,h_1,w_1,limit_0/resize,m_fixed,h_630,w_1200,limit_0/watermark,image_c29uZ19jb3ZlcnMvZGovZGkvZGpkaWRpbG9uZy9Wb1VCR1p2S0RSWWYzNWg2V0xWVFJmLmpwZWc_eC1vc3MtcHJvY2Vzcz1pbWFnZS9yZXNpemUsbV9maXhlZCxoXzM0NCx3XzM0NCxsaW1pdF8w,g_nw,x_428,y_143/watermark,image_YXNzZXQvaW1hZ2VzL21ldGFpbWFnZS1zb25nLnBuZw,g_nw,x_0,y_0",@djdidilong,音樂人,,,2025-09-25 13:13,3,207,,https://www.facebook.com/djdidilong,https://www.instagram.com/djdidilong/,https://www.youtube.com/@djdidilong945,Hip hop / Rap,,,,"這首歌是2026實境節目《寰宇龍虎豹》的同名主題曲，看呱吉、迪拉、逞誠這三個中年大叔跨國遠征，音樂當然也要夠狂！由李英宏親自操刀，直接把大叔們的中年浪漫催到最高點。 整首歌開滿了「大無畏的速度感」，那個新潮又帶點壞的獨特台語唱腔一出來，就是不讓你睡，準備好跟著他們一路玩到太瘋！編曲帶點迷幻又超性感的線條，在極致的節奏裡，直接幫這群大叔披上英雄披風，魅力根本不敗！耳機戴上，這劑台味新潮的「新世紀催情劑」絕對幫你傳好勢，馬上就跟著大叔們狂奔一場！ 
這首歌是2026實境節目《寰宇龍虎豹》的同名主題曲，看呱吉、迪拉、逞誠這三個中年大叔跨國遠征，音樂當然也要夠狂！由李英宏親自操刀，直接把大叔們的中年浪漫催到最高點。
整首歌開滿了「大無畏的速度感」，那個新潮又帶點壞的獨特台語唱腔一出來，就是不讓你睡，準備好跟著他們一路玩到太瘋！編曲帶點迷幻又超性感的線條，在極致的節奏裡，直接幫這群大叔披上英雄披風，魅力根本不敗！耳機戴上，這劑台味新潮的「新世紀催情劑」絕對幫你傳好勢，馬上就跟著大叔們狂奔一場！","龍虎豹 帶你來去賴賴趖 叨位嚨會使 跟我們來去𨑨迌 卡等仔咱要去叨 看我Ki Mo Chi 只要爽就好 現在就要來去 別說這麼多 若是歹鬥陣的 咱就免來相找 繼續直直撞 保持咱的氣魄 呵咾我真緣投 那是多講的 飛龍要帶你來去天頂飛 我敬你一杯 但是毋湯馬西 山珍海味 我若到位就要傳到好勢 咱知影禮貌 嚨會說好話 真係好嘢 真係好好味 鬥嘴果 一定好犀利 毋湯太超過 我給你揌落 喂喂 你目睭看路 龍虎豹 沒在烏龍踅桌 從頭到尾 絕對蓋 jōtō 你擱屎屎尿尿 給你關便所 沒有錯沒有錯 把手舉起來給我 Make Some Noise 玩到太瘋 忘了幾點鐘 完全沒有極限 全年都不公休 沒有錯沒有錯 把手舉起來給我 Make Some Noise 最帶種 不偷偷摸摸 龍虎豹 你知影安怎說 龍虎豹 帶你來去賴賴趖 叨位嚨可以 跟我們來去七逃 卡等誒咱要去哪 看我奇摩子 只要爽就好 我說你安呢不夠 耍的沒透 一定攢出好料 絕對沒在開玩笑 龍虎豹 確實真有較小 麥三泡兩泡 拿出你的擋頭 沒有錯沒有錯 把手舉起來給我 Make Some Noise 玩到太瘋 忘了幾點鐘 完全沒有極限 全年都不公休 沒有錯沒有錯 把手舉起來給我 Make Some Noise 最帶種 不偷偷摸摸 龍虎豹 你知影安怎說 龍虎豹 帶你來去賴賴趖 叨位嚨可以 跟我們來去七逃 卡等誒咱要去哪 看我奇摩子 只要爽就好 
龍虎豹 帶你來去賴賴趖 叨位嚨會使 跟我們來去𨑨迌 卡等仔咱要去叨 看我Ki Mo Chi 只要爽就好
現在就要來去 別說這麼多 若是歹鬥陣的 咱就免來相找 繼續直直撞 保持咱的氣魄 呵咾我真緣投 那是多講的
飛龍要帶你來去天頂飛 我敬你一杯 但是毋湯馬西 山珍海味 我若到位就要傳到好勢 咱知影禮貌 嚨會說好話 真係好嘢 真係好好味 鬥嘴果 一定好犀利 毋湯太超過 我給你揌落 喂喂 你目睭看路 龍虎豹 沒在烏龍踅桌 從頭到尾 絕對蓋 jōtō 你擱屎屎尿尿 給你關便所
沒有錯沒有錯 把手舉起來給我 Make Some Noise 玩到太瘋 忘了幾點鐘 完全沒有極限 全年都不公休
沒有錯沒有錯 把手舉起來給我 Make Some Noise 最帶種 不偷偷摸摸 龍虎豹 你知影安怎說
龍虎豹 帶你來去賴賴趖 叨位嚨可以 跟我們來去七逃 卡等誒咱要去哪 看我奇摩子 只要爽就好
我說你安呢不夠 耍的沒透 一定攢出好料 絕對沒在開玩笑 龍虎豹 確實真有較小 麥三泡兩泡 拿出你的擋頭
沒有錯沒有錯 把手舉起來給我 Make Some Noise 玩到太瘋 忘了幾點鐘 完全沒有極限 全年都不公休
沒有錯沒有錯 把手舉起來給我 Make Some Noise 最帶種 不偷偷摸摸 龍虎豹 你知影安怎說
龍虎豹 帶你來去賴賴趖 叨位嚨可以 跟我們來去七逃 卡等誒咱要去哪 看我奇摩子 只要爽就好
留言（ 1 ） 最相關留言 所有留言
留言（ 1 ）",2026-07-16,,True,True,
2026-07-29 23:16:58,10,,,7,377,3,https://streetvoice.com/s8817012011/songs/871187/,https://streetvoice.com/s8817012011/,"https://akstatic.streetvoice.com/song_covers/s8/81/s8817012011/22xvwZFF2LUtyW96i3abwJ.jpeg?x-oss-process=image/resize,m_fixed,h_1,w_1,limit_0/resize,m_fixed,h_630,w_1200,limit_0/watermark,image_c29uZ19jb3ZlcnMvczgvODEvczg4MTcwMTIwMTEvMjJ4dndaRkYyTFV0eVc5NmkzYWJ3Si5qcGVnP3gtb3NzLXByb2Nlc3M9aW1hZ2UvcmVzaXplLG1fZml4ZWQsaF8zNDQsd18zNDQsbGltaXRfMA,g_nw,x_428,y_143/watermark,image_YXNzZXQvaW1hZ2VzL21ldGFpbWFnZS1zb25nLnBuZw,g_nw,x_0,y_0",@s8817012011,音樂人,台北市,2011-12-01,2021-09-27 15:35,29,308,6,https://www.facebook.com/theMetalspeaker/,https://instagram.com/themetalspeaker,https://youtube.com/channel/UCuzSxL_ns0uTJyx4xAZ5NWw,Rock,我的人生 Master of None,https://streetvoice.com/s8817012011/songs/album/97325613/,,"說的是離開，也是告別。 失去的，從來不只是某個人事。 還有曾經義無反顧相信未來的自己。 一杯酒無法解開憂愁，時間也未必能撫平傷口；但即使如此，心內始終留著一點倔強 不願認輸，不願停止等待。 
說的是離開，也是告別。
失去的，從來不只是某個人事。
還有曾經義無反顧相信未來的自己。
一杯酒無法解開憂愁，時間也未必能撫平傷口；但即使如此，心內始終留著一點倔強
不願認輸，不願停止等待。","漸漸承認我只是 一個平凡的人 對你說出我的夢 攏總無採工 手中這杯酒  無法度解我心內憂愁 但我心內總有 倔強的希望 失去的愛 已經找不回來 我擱塊等待 思念的風一陣陣吹來 希望你會知 我唔是無了解 講未出嘴的彼種無奈 以後就當作不曾熟識 環境來阻礙 甘講你唔災 想看麥 你想看麥 我就是一個傻子 不認輸的人 要繼續走 欸使也袂使 失去的愛 已經找不回來 我擱塊等待 思念的風一陣陣吹來 希望你會知 我唔是無了解 講未出嘴的彼種無奈 以後就當作不曾熟識 
漸漸承認我只是 一個平凡的人 對你說出我的夢 攏總無採工 手中這杯酒  無法度解我心內憂愁 但我心內總有 倔強的希望
失去的愛 已經找不回來 我擱塊等待 思念的風一陣陣吹來 希望你會知 我唔是無了解 講未出嘴的彼種無奈 以後就當作不曾熟識
環境來阻礙 甘講你唔災 想看麥 你想看麥 我就是一個傻子 不認輸的人 要繼續走 欸使也袂使
失去的愛 已經找不回來 我擱塊等待 思念的風一陣陣吹來 希望你會知 我唔是無了解 講未出嘴的彼種無奈 以後就當作不曾熟識
留言（ 3 ） 最相關留言 所有留言
留言（ 3 ）",2026-07-26,,True,False,
2026-07-29 23:16:58,11,,,85,6309,21,https://streetvoice.com/MatthewLiu/songs/870099/,https://streetvoice.com/MatthewLiu/,"https://akstatic.streetvoice.com/song_covers/Ma/tt/MatthewLiu/ffF2m9xA4aeErySjPCqDcz.jpeg?x-oss-process=image/resize,m_fixed,h_1,w_1,limit_0/resize,m_fixed,h_630,w_1200,limit_0/watermark,image_c29uZ19jb3ZlcnMvTWEvdHQvTWF0dGhld0xpdS9mZkYybTl4QTRhZUVyeVNqUENxRGN6LmpwZWc_eC1vc3MtcHJvY2Vzcz1pbWFnZS9yZXNpemUsbV9maXhlZCxoXzM0NCx3XzM0NCxsaW1pdF8w,g_nw,x_428,y_143/watermark,image_YXNzZXQvaW1hZ2VzL21ldGFpbWFnZS1zb25nLnBuZw,g_nw,x_0,y_0",@MatthewLiu,音樂人,,,,2,388,,,,https://www.youtube.com/user/StreetVoiceTV,Pop,,,,"成立美秀之前與李威、狗柏一起表演過的創作 
成立美秀之前與李威、狗柏一起表演過的創作","深夜的胡思亂想 一個人 走出門 在深夜散步沈澱想法 談不上悲傷但也不快樂 像快要下雨的清晨 已經走 多遠了 想找尋避風港的小船 那些愛的恨的猜不透的 逝去了找不到解答 陪寂寞呼吸著回憶的殘響 纏繞在胸口情緒緊繃迴盪 只是深夜的胡思亂想 沒有你的世界好孤單 沒有你的世界好孤單 沒有你的世界好孤單 簡簡單單 就再次癲狂 眼淚落下帶不走我的崩塌 也許世界已經無法承載我 也許我無法承載悲傷 陪寂寞呼吸著回憶的殘響 纏繞在胸口情緒緊繃迴盪 只是深夜的胡思亂想 沒有你的世界好孤單 沒有你的世界好孤單 沒有你的世界 
深夜的胡思亂想
一個人 走出門 在深夜散步沈澱想法 談不上悲傷但也不快樂 像快要下雨的清晨
已經走 多遠了 想找尋避風港的小船 那些愛的恨的猜不透的 逝去了找不到解答
陪寂寞呼吸著回憶的殘響 纏繞在胸口情緒緊繃迴盪 只是深夜的胡思亂想 沒有你的世界好孤單 沒有你的世界好孤單 沒有你的世界好孤單
簡簡單單 就再次癲狂 眼淚落下帶不走我的崩塌 也許世界已經無法承載我 也許我無法承載悲傷
陪寂寞呼吸著回憶的殘響 纏繞在胸口情緒緊繃迴盪 只是深夜的胡思亂想 沒有你的世界好孤單 沒有你的世界好孤單 沒有你的世界
留言（ 21 ） 最相關留言 所有留言
留言（ 21 ）",2026-07-19,,True,False,
2026-07-29 23:16:58,12,,,13,976,4,https://streetvoice.com/ChiuShu/songs/869630/,https://streetvoice.com/ChiuShu/,"https://akstatic.streetvoice.com/song_covers/Ch/iu/ChiuShu/kFyQvUDnAPFcFAHrFkMYug.jpeg?x-oss-process=image/resize,m_fixed,h_1,w_1,limit_0/resize,m_fixed,h_630,w_1200,limit_0/watermark,image_c29uZ19jb3ZlcnMvQ2gvaXUvQ2hpdVNodS9rRnlRdlVEbkFQRmNGQUhyRmtNWXVnLmpwZWc_eC1vc3MtcHJvY2Vzcz1pbWFnZS9yZXNpemUsbV9maXhlZCxoXzM0NCx3XzM0NCxsaW1pdF8w,g_nw,x_428,y_143/watermark,image_YXNzZXQvaW1hZ2VzL21ldGFpbWFnZS1zb25nLnBuZw,g_nw,x_0,y_0",@ChiuShu,音樂人,台北市,2007-09-01,2022-04-28 16:56,13,320,7,https://www.facebook.com/LiShuChiu,https://www.instagram.com/lishuchiu,https://youtube.com/user/asueasus,Singer / Songwriter,正來尞Zang Loiˇ Liau,https://streetvoice.com/ChiuShu/songs/album/97325700/,,"詞：邱舒Chiu Shu、藍靖婷Chinting LAN 曲：邱舒Chiu Shu 製作人 Producer：邱舒Chiu Shu、藍靖婷Chinting LAN 編曲：柯鈞元Ko chun yuan 配唱製作 Vocal Producer：邱舒Chiu Shu 和聲編寫 Chorus Arranger：邱舒Chiu Shu 演唱 Vocal：邱舒Chiu Shu 和聲 Backing Vocal：邱舒Chiu Shu 口白Narration：96歲的葉美妹・阿莉舒的阿婆 96-year-old Yeh, Mei-May・Chiu Shu's Granny 群眾口白 Crowd Narration：邱源鑑James Chiu、邱松玲Sunny Chiu、白夢玲Bai Meng Ling、曾艷霞LiLi Tseng、賴貞妗Jenny Lai、李文進James Lee、邱巧荺Molly Chiu、邱莉芸Julie Chiu、邱巧榆Joey Chiu、邱笳媛Chia Yuan Chiu、邱品璇Chiu pin hsuan、邱子蓉Little Monkey、Minah、藍靖婷Chinting LAN 器樂編寫與演奏 Instrumental Arranging & Performance｜木吉他 Guitar：邱舒Chiu Shu 器樂編寫與演奏 Instrumental Arranging & Performance｜貝斯 Bass：王意YellowYi Wong 器樂編寫與演奏 Instrumental Arranging & Performance｜電吉他 Electric Guitar：柯鈞元Ko chun yuan 
詞：邱舒Chiu Shu、藍靖婷Chinting LAN 曲：邱舒Chiu Shu
製作人 Producer：邱舒Chiu Shu、藍靖婷Chinting LAN 編曲：柯鈞元Ko chun yuan 配唱製作 Vocal Producer：邱舒Chiu Shu 和聲編寫 Chorus Arranger：邱舒Chiu Shu
演唱 Vocal：邱舒Chiu Shu 和聲 Backing Vocal：邱舒Chiu Shu 口白Narration：96歲的葉美妹・阿莉舒的阿婆 96-year-old Yeh, Mei-May・Chiu Shu's Granny
群眾口白 Crowd Narration：邱源鑑James Chiu、邱松玲Sunny Chiu、白夢玲Bai Meng Ling、曾艷霞LiLi Tseng、賴貞妗Jenny Lai、李文進James Lee、邱巧荺Molly Chiu、邱莉芸Julie Chiu、邱巧榆Joey Chiu、邱笳媛Chia Yuan Chiu、邱品璇Chiu pin hsuan、邱子蓉Little Monkey、Minah、藍靖婷Chinting LAN
器樂編寫與演奏 Instrumental Arranging & Performance｜木吉他 Guitar：邱舒Chiu Shu 器樂編寫與演奏 Instrumental Arranging & Performance｜貝斯 Bass：王意YellowYi Wong 器樂編寫與演奏 Instrumental Arranging & Performance｜電吉他 Electric Guitar：柯鈞元Ko chun yuan","【華／英語歌詞翻譯】 那些想要跟我說的話 Those words she wants to tell me 他會用客語跟我說 She tells me in Hakka 你很可愛 You are cute 你頭髮很漂亮 Your hair is pretty 鑰匙有帶到嗎 Got the keys? 上次唱歌很好聽 You sing beautiful last time 多吃一點 怎麼又瘦了 Have some more! You lose weight again. 多帶一點水果回去 Bring more fruit back 下次什麼時候回來啊？ When will you be back next time * 可以 可以 Can do can do 吃好 睡好   健康就好 Eat well, sleep well, and be healthy 不要太累 Don’t be burnt out 別玩手機太久啊 Don’t play with your phone for too long 讓眼睛休息一下 可以嗎 Let your eyes rest, okay? 你總是坐在門口曬太陽 You always bathe under the sun by the door 你開始會把我認成別人 You started to not recognize me 還是會問我有 吃飽嗎？ But you still ask: Have you eaten? 我會試著用客語跟你聊 I tried to chat with you in Hakka 要去看山嗎 Want to see the mountains? 要去看海嗎 Want to see the sea? 每次妳會跟著坐車 Every time you ride with us to the train 送我去火車站 Send me on my way away 「 Hoi～～～阿婆！」 “Hoi~~ A-po (granny in Hakka).” 「 什麼 」 “ What?” 「 又打瞌睡啦！」 “ You fall asleep again la!” 「 沒有啊 」 “ I didn’t.” 「 阿婆～」 “ A-po ~” 「 什麼 」 “ What? ” 「 我要上台北囉 」 “I am leaving for Taipei.” 「 有空再回來聊喔 」 “Come back when you have time.” *可以 可以 Can do can do 吃好 睡好   健康就好 Eat well, sleep well, and be healthy 不要太累 Don’t be burnt out 別看手機太久啊 Don’t play with your phone for too long 讓眼睛休息一下 可以嗎* Let your eyes rest, okay? 下次回來 Next time I am back 再找你聊 可以嗎 I will come chat with you, okay? 別不記得我唷 Don’t forget me （我是——） I am ….. 可以 可以 Can do can do 吃好 睡好   健康就好 Eat well, sleep well, and be healthy 不要太累 Don’t be burnt out 別玩手機太久啊 Don’t play with your phone for too long 讓眼睛休息一下 Let your eyes rest 可以 可以 Can do can do 吃好 睡好   健康就好 Eat well, sleep well, and be healthy 不要太累 Don’t be burnt out 別玩手機太久啊 Don’t play with your phone for too long 讓眼睛休息一下 可以嗎 Let your eyes rest, okay 
【華／英語歌詞翻譯】 那些想要跟我說的話 Those words she wants to tell me 他會用客語跟我說 She tells me in Hakka 你很可愛 You are cute 你頭髮很漂亮 Your hair is pretty 鑰匙有帶到嗎 Got the keys?
上次唱歌很好聽 You sing beautiful last time 多吃一點 怎麼又瘦了 Have some more! You lose weight again. 多帶一點水果回去 Bring more fruit back 下次什麼時候回來啊？ When will you be back next time
* 可以 可以 Can do can do 吃好 睡好   健康就好 Eat well, sleep well, and be healthy 不要太累 Don’t be burnt out 別玩手機太久啊 Don’t play with your phone for too long 讓眼睛休息一下 可以嗎 Let your eyes rest, okay?
你總是坐在門口曬太陽 You always bathe under the sun by the door 你開始會把我認成別人 You started to not recognize me 還是會問我有 吃飽嗎？ But you still ask: Have you eaten?
我會試著用客語跟你聊 I tried to chat with you in Hakka 要去看山嗎 Want to see the mountains? 要去看海嗎 Want to see the sea? 每次妳會跟著坐車 Every time you ride with us to the train 送我去火車站 Send me on my way away
「 Hoi～～～阿婆！」 “Hoi~~ A-po (granny in Hakka).” 「 什麼 」 “ What?” 「 又打瞌睡啦！」 “ You fall asleep again la!” 「 沒有啊 」 “ I didn’t.” 「 阿婆～」 “ A-po ~” 「 什麼 」 “ What? ” 「 我要上台北囉 」 “I am leaving for Taipei.” 「 有空再回來聊喔 」 “Come back when you have time.”
*可以 可以 Can do can do 吃好 睡好   健康就好 Eat well, sleep well, and be healthy 不要太累 Don’t be burnt out 別看手機太久啊 Don’t play with your phone for too long 讓眼睛休息一下 可以嗎* Let your eyes rest, okay?
下次回來 Next time I am back 再找你聊 可以嗎 I will come chat with you, okay? 別不記得我唷 Don’t forget me （我是——） I am …..
可以 可以 Can do can do 吃好 睡好   健康就好 Eat well, sleep well, and be healthy 不要太累 Don’t be burnt out 別玩手機太久啊 Don’t play with your phone for too long 讓眼睛休息一下 Let your eyes rest
可以 可以 Can do can do 吃好 睡好   健康就好 Eat well, sleep well, and be healthy 不要太累 Don’t be burnt out 別玩手機太久啊 Don’t play with your phone for too long 讓眼睛休息一下 可以嗎 Let your eyes rest, okay
留言（ 4 ） 最相關留言 所有留言
留言（ 4 ）",2026-07-15,,True,True,
2026-07-29 23:16:58,13,,,15,392,1,https://streetvoice.com/sulysalt/songs/870016/,https://streetvoice.com/sulysalt/,"https://akstatic.streetvoice.com/music_albums/su/ly/sulysalt/Yc3uEZ2pe8N95Fxe4mcU6k.jpeg?x-oss-process=image/resize,m_fixed,h_1,w_1,limit_0/resize,m_fixed,h_630,w_1200,limit_0/watermark,image_bXVzaWNfYWxidW1zL3N1L2x5L3N1bHlzYWx0L1ljM3VFWjJwZThOOTVGeGU0bWNVNmsuanBlZz94LW9zcy1wcm9jZXNzPWltYWdlL3Jlc2l6ZSxtX2ZpeGVkLGhfMzQ0LHdfMzQ0LGxpbWl0XzA,g_nw,x_428,y_143/watermark,image_YXNzZXQvaW1hZ2VzL21ldGFpbWFnZS1zb25nLnBuZw,g_nw,x_0,y_0",@sulysalt,音樂人,新北市,2020-01-01,2023-07-06 16:55,18,109,27,,https://instagram.com/sulysalt,https://youtube.com/@sulysalt,Alternative,opposite,https://streetvoice.com/sulysalt/songs/album/97325717/,,,"這是沒有提供歌詞的歌曲
留言（ 1 ） 最相關留言 所有留言
留言（ 1 ）",2026-07-18,,True,True,
2026-07-29 23:16:58,14,,,4,347,0,https://streetvoice.com/OfeliaYang/songs/871705/,https://streetvoice.com/OfeliaYang/,"https://akstatic.streetvoice.com/song_covers/Of/el/OfeliaYang/6XthcAWzADiboUUxXoFkQk.jpeg?x-oss-process=image/resize,m_fixed,h_1,w_1,limit_0/resize,m_fixed,h_630,w_1200,limit_0/watermark,image_c29uZ19jb3ZlcnMvT2YvZWwvT2ZlbGlhWWFuZy82WHRoY0FXekFEaWJvVVV4WG9Ga1FrLmpwZWc_eC1vc3MtcHJvY2Vzcz1pbWFnZS9yZXNpemUsbV9maXhlZCxoXzM0NCx3XzM0NCxsaW1pdF8w,g_nw,x_428,y_143/watermark,image_YXNzZXQvaW1hZ2VzL21ldGFpbWFnZS1zb25nLnBuZw,g_nw,x_0,y_0",@OfeliaYang,音樂人,屏東縣,2016-04-01,2025-03-05 14:46,8,470,7,https://www.facebook.com/OfeliaYangMusic,https://www.instagram.com/ofeliayang.wav/,https://www.youtube.com/@YangOfelia,Singer / Songwriter,,,,,"這是什麼 澎鬆柔軟的一把利刃 我要如何 避免留下那刻骨傷痕 都是選擇 可為什麼 我流著血雖痛且快樂著 都是我選的 我流著血雖痛且快樂著 
這是什麼 澎鬆柔軟的一把利刃 我要如何 避免留下那刻骨傷痕 都是選擇 可為什麼 我流著血雖痛且快樂著
都是我選的 我流著血雖痛且快樂著
留言（ 0 ） 最相關留言 所有留言
留言（ 0 ）",2026-07-29,,False,False,
2026-07-29 23:16:58,15,,,13,188,11,https://streetvoice.com/RistyK/songs/871555/,https://streetvoice.com/RistyK/,"https://akstatic.streetvoice.com/song_covers/Ri/st/RistyK/Q6rHzJrrr94nn5YNAGvE5X.jpeg?x-oss-process=image/resize,m_fixed,h_1,w_1,limit_0/resize,m_fixed,h_630,w_1200,limit_0/watermark,image_c29uZ19jb3ZlcnMvUmkvc3QvUmlzdHlLL1E2ckh6SnJycjk0bm41WU5BR3ZFNVguanBlZz94LW9zcy1wcm9jZXNzPWltYWdlL3Jlc2l6ZSxtX2ZpeGVkLGhfMzQ0LHdfMzQ0LGxpbWl0XzA,g_nw,x_428,y_143/watermark,image_YXNzZXQvaW1hZ2VzL21ldGFpbWFnZS1zb25nLnBuZw,g_nw,x_0,y_0",@RistyK,音樂人,,,,2,6,1,,,https://www.youtube.com/user/StreetVoiceTV,World,,,李敏哲、雷克非 Christopher R,"月光森林 3/3 
月光森林 3/3","(Moonlight like a waterfall Waterfall like moonlight The forest moves around us Cold air along the mountainside) Hands warm The night is not Stand closer Still not close enough Make no vows Explain nothing Come nearer Say my name The water keeps falling The shadows move slowly Breathe against my skin Tell me everything Skin warmth is real Promises fade away Say nothing Move closer Press that body Here against mine Say nothing Kiss me Moonlight on bare shoulders Cold water over stone Find my lips Know what to do Ask no questions Leave nothing to decide Put one hand at my waist Keep the other a little lower The water keeps falling The whole forest sways Leave nothing left to say Leave nowhere else to be Skin warmth is real Promises fade away Say nothing Move closer Press that body Here against mine Say nothing Keep kissing me Closer Come closer Make no promises Not tonight Breathe slowly Into mine Skin warmth is real Promises fade away Say nothing Keep kissing me Stay right here Against my body Say nothing Keep kissing me Moonlight like a waterfall Waterfall like moonlight Do not stop here. 
(Moonlight like a waterfall Waterfall like moonlight The forest moves around us Cold air along the mountainside)
Hands warm The night is not
Stand closer Still not close enough
Make no vows Explain nothing
Come nearer Say my name
The water keeps falling The shadows move slowly
Breathe against my skin Tell me everything
Skin warmth is real Promises fade away
Say nothing Move closer
Press that body Here against mine
Say nothing Kiss me
Moonlight on bare shoulders Cold water over stone
Find my lips Know what to do
Ask no questions Leave nothing to decide
Put one hand at my waist Keep the other a little lower
The water keeps falling The whole forest sways
Leave nothing left to say Leave nowhere else to be
Skin warmth is real Promises fade away
Say nothing Move closer
Press that body Here against mine
Say nothing Keep kissing me
Closer Come closer
Make no promises Not tonight
Breathe slowly Into mine
Skin warmth is real Promises fade away
Say nothing
Keep kissing me
Stay right here Against my body
Say nothing Keep kissing me
Moonlight like a waterfall Waterfall like moonlight
Do not stop here.
留言（ 11 ） 最相關留言 所有留言
留言（ 11 ）",2026-07-28,,False,False,
2026-07-29 23:16:58,16,,,44,5237,15,https://streetvoice.com/MatthewLiu/songs/870097/,https://streetvoice.com/MatthewLiu/,"https://akstatic.streetvoice.com/song_covers/Ma/tt/MatthewLiu/b3YA3xfSEr3znsCifWGURc.jpeg?x-oss-process=image/resize,m_fixed,h_1,w_1,limit_0/resize,m_fixed,h_630,w_1200,limit_0/watermark,image_c29uZ19jb3ZlcnMvTWEvdHQvTWF0dGhld0xpdS9iM1lBM3hmU0VyM3puc0NpZldHVVJjLmpwZWc_eC1vc3MtcHJvY2Vzcz1pbWFnZS9yZXNpemUsbV9maXhlZCxoXzM0NCx3XzM0NCxsaW1pdF8w,g_nw,x_428,y_143/watermark,image_YXNzZXQvaW1hZ2VzL21ldGFpbWFnZS1zb25nLnBuZw,g_nw,x_0,y_0",@MatthewLiu,音樂人,,,,2,371,,,,https://www.youtube.com/user/StreetVoiceTV,Punk,,,,"日式流行龐克 
日式流行龐克","環狀線 坐在環狀線上的女孩 多想能一眼把你看穿 每個星期五的傍晚總有一個剎那 能看見你的笑 指尖殘留著油畫的顏料 藝大的簡章 跟身心科的藥 收斂起我太過直接的目光 我只是在你身上看到了她 他總是背著高兩個頭的畫板 問我這個跳色 會部會太好猜 其實我從來就看不出來 你今天是否化了妝 因為我是個龐克 坐在環狀線上的女孩 瑟縮在紅色的大衣中睡著了 耳機中的落日飛車是老的那張 剛好是他的最愛 他總是在形而上的世界盤旋 與萍水相逢的我恣意的眷戀 每一次道別 都可能是最後一次道別 別說的敷衍 別說的敷衍 坐在環狀線上的女孩 新聞播放著你全開的油畫 每一處充滿挑釁不和諧的美感 如果當初我能明白 是否就能再次見到 是否就能再次見到 是否就能再次見到 環狀線上的女孩 
環狀線
坐在環狀線上的女孩 多想能一眼把你看穿 每個星期五的傍晚總有一個剎那 能看見你的笑
指尖殘留著油畫的顏料 藝大的簡章 跟身心科的藥 收斂起我太過直接的目光 我只是在你身上看到了她
他總是背著高兩個頭的畫板 問我這個跳色 會部會太好猜 其實我從來就看不出來 你今天是否化了妝 因為我是個龐克
坐在環狀線上的女孩 瑟縮在紅色的大衣中睡著了 耳機中的落日飛車是老的那張 剛好是他的最愛
他總是在形而上的世界盤旋 與萍水相逢的我恣意的眷戀 每一次道別 都可能是最後一次道別 別說的敷衍 別說的敷衍
坐在環狀線上的女孩 新聞播放著你全開的油畫 每一處充滿挑釁不和諧的美感 如果當初我能明白 是否就能再次見到 是否就能再次見到 是否就能再次見到 環狀線上的女孩
留言（ 15 ） 最相關留言 所有留言
留言（ 15 ）",2026-07-19,,True,False,
2026-07-29 23:16:58,17,,,113,4548,22,https://streetvoice.com/Jabbertu/songs/868109/,https://streetvoice.com/Jabbertu/,"https://akstatic.streetvoice.com/song_covers/Ja/bb/Jabbertu/BP7XMdeFyT7rfr6wdjbXoW.jpeg?x-oss-process=image/resize,m_fixed,h_1,w_1,limit_0/resize,m_fixed,h_630,w_1200,limit_0/watermark,image_c29uZ19jb3ZlcnMvSmEvYmIvSmFiYmVydHUvQlA3WE1kZUZ5VDdyZnI2d2RqYlhvVy5qcGVnP3gtb3NzLXByb2Nlc3M9aW1hZ2UvcmVzaXplLG1fZml4ZWQsaF8zNDQsd18zNDQsbGltaXRfMA,g_nw,x_428,y_143/watermark,image_YXNzZXQvaW1hZ2VzL21ldGFpbWFnZS1zb25nLnBuZw,g_nw,x_0,y_0",@Jabbertu,音樂人,台中市,2019-05-01,2022-07-21 16:05,,,,,,https://www.youtube.com/user/StreetVoiceTV,Hip hop / Rap,,,,"復健組：杜宗祐、STL 筆記一下，這首beat的 main sample 來自日本迷幻搖滾樂團 Minami Deutsch，至於我為什麼會知道這個樂團呢?有一個非常有趣的故事。2024.9月我去東京玩，經過原宿的 Beams Record，進去掏了好幾張唱片，店員問我說，我是不是喜歡巴西音樂，我說對的你怎麼知道，他說他看我都在挑南美的曲風試聽，後來我就隨口問他說，有沒有日本的樂團推薦什麼曲風都可以，他就拿給我 Minami Deutsch 的黑膠，走之前，他說他自己做了一個日本 indie 歌曲的 playlist，我就順手存了起來。回台灣後，我就在 Podcast 上面分享這件事情，並且在當晚我也與來我們家玩的哲宇提到，也放了Minami Deutsch 給他聽，聽著聽著，我說好像有一段可以取樣，當下我們就開始做這個Beat。有趣的是，哲宇不習慣用Albeton，他隨意地點開了一個 wobble bass 後，不知怎麼的，聲音以一個非常短的格線Loop起來，我們兩個瞬間抬頭，靠這個無心插柳，弄出一個好適合 sample 的音色哈哈。幾天之後，我收到一位日本人和田桑的私訊，他說有一位台灣人聽了我們的 Podcast 後，跑去Beams Record 參觀，並且跟和田桑說，是我推薦來的，他一看自己的 indie 歌單，從原本 40 個 follower 變成了快 1000 個，他來連繫我表達感謝。我想說靠北，我正在用他推薦給我的歌曲做reverse sample，他的歌單也因為我的介紹，有更多人去聆聽挖寶，這真是一個良好的音樂循環啊。冥冥之中音樂在輪轉吧。我把這兩年的心得用個隨筆 Freestyle 的方式紀錄起來，也分享給你。祝您有個美好的一天 
復健組：杜宗祐、STL 筆記一下，這首beat的 main sample 來自日本迷幻搖滾樂團 Minami Deutsch，至於我為什麼會知道這個樂團呢?有一個非常有趣的故事。2024.9月我去東京玩，經過原宿的 Beams Record，進去掏了好幾張唱片，店員問我說，我是不是喜歡巴西音樂，我說對的你怎麼知道，他說他看我都在挑南美的曲風試聽，後來我就隨口問他說，有沒有日本的樂團推薦什麼曲風都可以，他就拿給我 Minami Deutsch 的黑膠，走之前，他說他自己做了一個日本 indie 歌曲的 playlist，我就順手存了起來。回台灣後，我就在 Podcast 上面分享這件事情，並且在當晚我也與來我們家玩的哲宇提到，也放了Minami Deutsch 給他聽，聽著聽著，我說好像有一段可以取樣，當下我們就開始做這個Beat。有趣的是，哲宇不習慣用Albeton，他隨意地點開了一個 wobble bass 後，不知怎麼的，聲音以一個非常短的格線Loop起來，我們兩個瞬間抬頭，靠這個無心插柳，弄出一個好適合 sample 的音色哈哈。幾天之後，我收到一位日本人和田桑的私訊，他說有一位台灣人聽了我們的 Podcast 後，跑去Beams Record 參觀，並且跟和田桑說，是我推薦來的，他一看自己的 indie 歌單，從原本 40 個 follower 變成了快 1000 個，他來連繫我表達感謝。我想說靠北，我正在用他推薦給我的歌曲做reverse sample，他的歌單也因為我的介紹，有更多人去聆聽挖寶，這真是一個良好的音樂循環啊。冥冥之中音樂在輪轉吧。我把這兩年的心得用個隨筆 Freestyle 的方式紀錄起來，也分享給你。祝您有個美好的一天","這是沒有提供歌詞的歌曲
留言（ 22 ） 最相關留言 所有留言
留言（ 22 ）",2026-07-07,,True,True,
2026-07-29 23:16:58,18,,,8,746,4,https://streetvoice.com/loststar926/songs/871402/,https://streetvoice.com/loststar926/,"https://akstatic.streetvoice.com/song_covers/lo/st/loststar926/aVpSExkAnaWcVNxhm5c2F5.jpg?x-oss-process=image/resize,m_fixed,h_1,w_1,limit_0/resize,m_fixed,h_630,w_1200,limit_0/watermark,image_c29uZ19jb3ZlcnMvbG8vc3QvbG9zdHN0YXI5MjYvYVZwU0V4a0FuYVdjVk54aG01YzJGNS5qcGc_eC1vc3MtcHJvY2Vzcz1pbWFnZS9yZXNpemUsbV9maXhlZCxoXzM0NCx3XzM0NCxsaW1pdF8w,g_nw,x_428,y_143/watermark,image_YXNzZXQvaW1hZ2VzL21ldGFpbWFnZS1zb25nLnBuZw,g_nw,x_0,y_0",@loststar926,音樂人,宜蘭縣,2022-11-01,2023-12-12 17:35,105,196,53,https://www.facebook.com/Funcal.tw,https://instagram.com/funcal.tw,https://youtube.com/@funcalmusic,Singer / Songwriter,,,,"生日快樂 
生日快樂","重生的起點 詞曲/LostStar 還記得那些年 寫下我們的經典 還記得那些歌 唱了一遍又一遍 還記得那笑聲 傳遍當時的校園 用一把吉他和一台筆電 紀錄當下的瞬間 縱然你已經不在我身邊 未曾停止過想念 天空它雖然還是一片灰 但你從來不停飛 也許你正在經歷著考驗 天真難免要妥協 而你的腳步依然不停歇 跑出你的一片天 不後退 還記得那些夢 一直放在你心中 還記得那份痛 讓你學會了從容 還記得那一天 我們一起肩並肩 用堅定的心和勇敢的願 一起奔向了終點 在每年最特別的這一天 就是重生的起點 願想念都能化成了信念 認真過好的每一天 都是紀念 
重生的起點 詞曲/LostStar
還記得那些年 寫下我們的經典 還記得那些歌 唱了一遍又一遍
還記得那笑聲 傳遍當時的校園 用一把吉他和一台筆電 紀錄當下的瞬間
縱然你已經不在我身邊 未曾停止過想念 天空它雖然還是一片灰 但你從來不停飛
也許你正在經歷著考驗 天真難免要妥協 而你的腳步依然不停歇 跑出你的一片天 不後退
還記得那些夢 一直放在你心中 還記得那份痛 讓你學會了從容
還記得那一天 我們一起肩並肩 用堅定的心和勇敢的願 一起奔向了終點
在每年最特別的這一天 就是重生的起點 願想念都能化成了信念 認真過好的每一天 都是紀念
留言（ 4 ） 最相關留言 所有留言
留言（ 4 ）",2026-07-27,,False,False,
2026-07-29 23:16:58,19,,,11,4595,2,https://streetvoice.com/imxun/songs/870777/,https://streetvoice.com/imxun/,"https://akstatic.streetvoice.com/song_covers/im/xu/imxun/iJf2mXSWCLcL9fcCxMyuUY.jpg?x-oss-process=image/resize,m_fixed,h_1,w_1,limit_0/resize,m_fixed,h_630,w_1200,limit_0/watermark,image_c29uZ19jb3ZlcnMvaW0veHUvaW14dW4vaUpmMm1YU1dDTGNMOWZjQ3hNeXVVWS5qcGc_eC1vc3MtcHJvY2Vzcz1pbWFnZS9yZXNpemUsbV9maXhlZCxoXzM0NCx3XzM0NCxsaW1pdF8w,g_nw,x_428,y_143/watermark,image_YXNzZXQvaW1hZ2VzL21ldGFpbWFnZS1zb25nLnBuZw,g_nw,x_0,y_0",@imxun,音樂人,,,,1,29,2,,,https://www.youtube.com/user/StreetVoiceTV,Hip hop / Rap,,,,"大嘻哈3沒有入棚只好回去麥塊挖鑽石了……記得小時候跑大隊接力，我都是候補，因為我跑得很慢，但是從今以後，再也不會有人笑我跑得慢了，因為我是———專業陪跑員。我沒有入棚就像把一根竹筍剁碎，不好意思上菜囉～🗣️🗣️你們要的小彩來了，嗯嗯對，這是你們的筍絲，饒舌界來了個無關緊要的人但諧音梗界失去了他的耶路撒冷，懂？￼ 無論如何，我這一生如履薄冰，但是俺的歌就是俺的態度，Never give it up!（說到這裡，辛彩薰跳起了瑞克搖） 麥塊玩到後期的朋友都知道，有時候鐵礦脈的鐵真的太多了，挖不完，而且我有鐵巨人塔，然後金又沒什麼用，所以我就只想挖鑽石，我就是很貪心，我想要我整間房子都是鑽石磚，我根本不管好不好看，我就是想要別人遠遠看見我的房子就會驚嘆：omg!麥塊界的陶朱隱園!所以我就一直挖鑽石，一直挖，一直挖，我做夢都在挖，你問為什麼火把已經所剩無幾？為什麼不加全亮模組？我的原則是玩麥塊不可以加模組，因為我不會裝，我又是一個很陽春的人，我不想學我就會堅持不學，所以我每次去探廢礦的時候火把都會用完，但是深板岩層又挖不到煤炭（深板岩層比較好挖鑽石），這時候我就會叫朋友tp我，為我送一些煤炭來，像是Uber Eat或是Foodpanda那樣，然後我會跟他們一點鑽石，這才不是作弊，我一步都沒有退，打指令的是我朋友不是我，我有給她鑽石啊，我們是正常交易，煤炭變鑽石，就像醜小鴨會變天鵝一樣！😤 最後，封面我用我的ID/imxun拼成了134，是我的海選號碼，你問1、2、3、4的2在哪？我不知道啊我去海選的時候沒有吃早餐沒有吃午餐，我肚子很2啊！我前一天還睡不著，我只睡了2個小時，人家還做2夢～😭😭我夢到我一直挖不到鑽石……我要好好睡覺。。。😴 
大嘻哈3沒有入棚只好回去麥塊挖鑽石了……記得小時候跑大隊接力，我都是候補，因為我跑得很慢，但是從今以後，再也不會有人笑我跑得慢了，因為我是———專業陪跑員。我沒有入棚就像把一根竹筍剁碎，不好意思上菜囉～🗣️🗣️你們要的小彩來了，嗯嗯對，這是你們的筍絲，饒舌界來了個無關緊要的人但諧音梗界失去了他的耶路撒冷，懂？￼ 無論如何，我這一生如履薄冰，但是俺的歌就是俺的態度，Never give it up!（說到這裡，辛彩薰跳起了瑞克搖）
麥塊玩到後期的朋友都知道，有時候鐵礦脈的鐵真的太多了，挖不完，而且我有鐵巨人塔，然後金又沒什麼用，所以我就只想挖鑽石，我就是很貪心，我想要我整間房子都是鑽石磚，我根本不管好不好看，我就是想要別人遠遠看見我的房子就會驚嘆：omg!麥塊界的陶朱隱園!所以我就一直挖鑽石，一直挖，一直挖，我做夢都在挖，你問為什麼火把已經所剩無幾？為什麼不加全亮模組？我的原則是玩麥塊不可以加模組，因為我不會裝，我又是一個很陽春的人，我不想學我就會堅持不學，所以我每次去探廢礦的時候火把都會用完，但是深板岩層又挖不到煤炭（深板岩層比較好挖鑽石），這時候我就會叫朋友tp我，為我送一些煤炭來，像是Uber Eat或是Foodpanda那樣，然後我會跟他們一點鑽石，這才不是作弊，我一步都沒有退，打指令的是我朋友不是我，我有給她鑽石啊，我們是正常交易，煤炭變鑽石，就像醜小鴨會變天鵝一樣！😤
最後，封面我用我的ID/imxun拼成了134，是我的海選號碼，你問1、2、3、4的2在哪？我不知道啊我去海選的時候沒有吃早餐沒有吃午餐，我肚子很2啊！我前一天還睡不著，我只睡了2個小時，人家還做2夢～😭😭我夢到我一直挖不到鑽石……我要好好睡覺。。。😴","Don't call me anymore 404 not found 告訴我座標地下幾層underground 裝聽不見那怪物聲響 獨自逞強著 踏破鐵鞋找不到 Tell me where you are 轉了幾個彎 Baby 你在哪 我們之間隔了幾層牆 距離你太遠的話 But I will never give it up 我挖到diamond 一顆後面接著還有一顆 So I’ll never give it up 你知道我從始至終的專一 真金白銀從不放在眼裡 為了找到你我滿眼 滿心 滿意 全都是你 Like I never get enough 他們說我太過貪心 沒盡頭的廢礦 火把已經所剩無幾 像傳遞接力棒 /tp 我的ID imxun小寫後面.730 踏破鐵鞋找不到 Tell me where you are 轉了幾個彎 Baby 你在～哪😭 我們之間 隔了幾層牆 距離你太遠的話 But I will never give it up ，，， 我挖到diamond 一顆後面接著還有一顆 So I’ll never give it up 
Don't call me anymore 404 not found 告訴我座標地下幾層underground 裝聽不見那怪物聲響 獨自逞強著 踏破鐵鞋找不到 Tell me where you are 轉了幾個彎 Baby 你在哪 我們之間隔了幾層牆 距離你太遠的話 But I will never give it up 我挖到diamond 一顆後面接著還有一顆 So I’ll never give it up 你知道我從始至終的專一 真金白銀從不放在眼裡 為了找到你我滿眼 滿心 滿意 全都是你 Like I never get enough 他們說我太過貪心 沒盡頭的廢礦 火把已經所剩無幾 像傳遞接力棒 /tp 我的ID imxun小寫後面.730 踏破鐵鞋找不到 Tell me where you are 轉了幾個彎 Baby 你在～哪😭 我們之間 隔了幾層牆 距離你太遠的話 But I will never give it up ，，， 我挖到diamond 一顆後面接著還有一顆 So I’ll never give it up
留言（ 2 ） 最相關留言 所有留言
留言（ 2 ）",2026-07-24,,True,False,
2026-07-29 23:16:58,20,,,10,1305,4,https://streetvoice.com/bennuband0410/songs/871024/,https://streetvoice.com/bennuband0410/,"https://akstatic.streetvoice.com/song_covers/be/nn/bennuband0410/g5fvhtxsq9vHaqyPz7Do9a.jpeg?x-oss-process=image/resize,m_fixed,h_1,w_1,limit_0/resize,m_fixed,h_630,w_1200,limit_0/watermark,image_c29uZ19jb3ZlcnMvYmUvbm4vYmVubnViYW5kMDQxMC9nNWZ2aHR4c3E5dkhhcXlQejdEbzlhLmpwZWc_eC1vc3MtcHJvY2Vzcz1pbWFnZS9yZXNpemUsbV9maXhlZCxoXzM0NCx3XzM0NCxsaW1pdF8w,g_nw,x_428,y_143/watermark,image_YXNzZXQvaW1hZ2VzL21ldGFpbWFnZS1zb25nLnBuZw,g_nw,x_0,y_0",@bennuband0410,音樂人,,,,2,38,,,,https://www.youtube.com/user/StreetVoiceTV,Rock,,,,"所有人都知道，南瓜馬車會在午夜消失。 所以沒有人想過，故事也可以從午夜開始。 如果童話存在，它不會停留在鐘聲響起以前。 它會穿過黑夜，穿過城市，一路駛向天亮。 午夜出發的南瓜馬車 有些故事，不是因為魔法才完美。 而是因為有人，始終沒有離開。 作詞：竣傑 作曲：竣傑 主唱：孟曦 吉他：竣傑 貝斯：田中智也 鼓：小潘 Mixing:王重陽 
所有人都知道，南瓜馬車會在午夜消失。 所以沒有人想過，故事也可以從午夜開始。
如果童話存在，它不會停留在鐘聲響起以前。 它會穿過黑夜，穿過城市，一路駛向天亮。
午夜出發的南瓜馬車
有些故事，不是因為魔法才完美。 而是因為有人，始終沒有離開。
作詞：竣傑 作曲：竣傑 主唱：孟曦 吉他：竣傑 貝斯：田中智也 鼓：小潘
Mixing:王重陽","追趕過每個晨曦 也曾錯過天晴 那些起落都成爲 我們走過的痕跡 突然一場大雨 只要能夠靠近就沒關係 走散在幽暗霧裡 傳來不安低語 還好你依然相信 相信故事的結局 還在等待著我 儘管世界改變 當我載著你 不管到哪裡 你閉上眼睛靠在我身體 雜噪的人群 擁擠的路徑 卻只聽見後座聲音 童話故事裡 好遙遠的森林 城堡宮廷是反穿的風衣 我不是白馬王子 但國度只有你 跨越了城市邊際 沿著光影前進 透過車子後照鏡 兩個眼神的交集 就算前方未知 只要有你同行就沒關係 晨光灑滿了森林 喚醒沉睡夢境 那被遺忘的約定 在心底又被重啟 未寫完的伏筆 和你展開延續 In this world, my heart belongs to you Every dream I chase belongs to you 
追趕過每個晨曦 也曾錯過天晴 那些起落都成爲 我們走過的痕跡 突然一場大雨 只要能夠靠近就沒關係
走散在幽暗霧裡 傳來不安低語 還好你依然相信 相信故事的結局 還在等待著我 儘管世界改變
當我載著你 不管到哪裡 你閉上眼睛靠在我身體 雜噪的人群 擁擠的路徑 卻只聽見後座聲音
童話故事裡 好遙遠的森林 城堡宮廷是反穿的風衣 我不是白馬王子 但國度只有你
跨越了城市邊際 沿著光影前進 透過車子後照鏡 兩個眼神的交集 就算前方未知 只要有你同行就沒關係
晨光灑滿了森林 喚醒沉睡夢境 那被遺忘的約定 在心底又被重啟 未寫完的伏筆 和你展開延續
In this world, my heart belongs to you Every dream I chase belongs to you
留言（ 4 ） 最相關留言 所有留言
留言（ 4 ）",2026-07-25,,True,False,
2026-07-29 23:16:58,21,,,5,80,1,https://streetvoice.com/redleey_3/songs/871490/,https://streetvoice.com/redleey_3/,"https://akstatic.streetvoice.com/song_covers/re/dl/redleey_3/4aYqWKU3fmMGN2TB3c3mAs.jpeg?x-oss-process=image/resize,m_fixed,h_1,w_1,limit_0/resize,m_fixed,h_630,w_1200,limit_0/watermark,image_c29uZ19jb3ZlcnMvcmUvZGwvcmVkbGVleV8zLzRhWXFXS1UzZm1NR04yVEIzYzNtQXMuanBlZz94LW9zcy1wcm9jZXNzPWltYWdlL3Jlc2l6ZSxtX2ZpeGVkLGhfMzQ0LHdfMzQ0LGxpbWl0XzA,g_nw,x_428,y_143/watermark,image_YXNzZXQvaW1hZ2VzL21ldGFpbWFnZS1zb25nLnBuZw,g_nw,x_0,y_0",@redleey_3,音樂人,新北市,2019-07-01,2025-11-21 09:46,6,922,,,https://www.instagram.com/r3dl33y/,https://www.youtube.com/@r3dl33y,Electronic,,,林漢庭burgerlin,"Remix by 林漢庭 Burger Lin、李紅 REDLEE 
Remix by 林漢庭 Burger Lin、李紅 REDLEE","Hook 1 咱約在夜市啊 陪妳吃東西 吃了去海邊啊 反正我有開車 往基隆的方向走 開槓聽音樂 無知妳心內勒想啥 現在是暗時九點半 Verse 1 陪妳看妳袂去哪 陪妳咱四處拍像 我想到咱的未來以後在我的人生當中 但是總在意結果 感情我知無撇步 在出門前還在吵架中 抑找無方式互相 Pre Chorus 1 我願意為妳改變我 愛妳的心滿尬自己也嚇一跳 但妳的反應 無放心 懷疑 擔心 Hook 2 咱約在夜市啊 陪妳吃東西 吃了去海邊啊 反正我有開車 往基隆的方向走 開槓聽音樂 無知妳心內勒想啥 現在是暗時九點半 我們還不想回家 嘛無想袂下車 我知妳心內勒想啥 現在是暗時九點半 Verse 2 陪妳公家擔壓力 陪妳我全心全意 想到咱哪是結婚辦桌那一定很幸福 但是妳不夠相信 感情需要點耐性 希望咱已經想乎清楚 唔想袂再流浪 Pre Chorus 2 我願意為妳改變我 愛妳的心滿尬對方也嚇一跳 珍惜的愛情 最後妳決定 到這 Hook 3 咱約在夜市啊 陪妳吃東西 吃了去海邊啊 反正我有開車 往基隆的方向走 開槓聽音樂 無知妳心內勒想啥 現在是暗時九點半 我們還不想回家啊 嘛無想袂下車 我知妳心內勒想啥 現在是暗時九點半 Outro 1 我知道妳要走 但我真的說不出口 想過夢過 現在是暗時九點半 我期待妳回頭 但我真的說不出口 痛過想過 我想到早上九點鐘 
Hook 1 咱約在夜市啊 陪妳吃東西 吃了去海邊啊 反正我有開車 往基隆的方向走 開槓聽音樂 無知妳心內勒想啥 現在是暗時九點半 Verse 1 陪妳看妳袂去哪 陪妳咱四處拍像 我想到咱的未來以後在我的人生當中 但是總在意結果 感情我知無撇步 在出門前還在吵架中 抑找無方式互相 Pre Chorus 1 我願意為妳改變我 愛妳的心滿尬自己也嚇一跳 但妳的反應 無放心 懷疑 擔心 Hook 2 咱約在夜市啊 陪妳吃東西 吃了去海邊啊 反正我有開車 往基隆的方向走 開槓聽音樂 無知妳心內勒想啥 現在是暗時九點半 我們還不想回家 嘛無想袂下車 我知妳心內勒想啥 現在是暗時九點半 Verse 2 陪妳公家擔壓力 陪妳我全心全意 想到咱哪是結婚辦桌那一定很幸福 但是妳不夠相信 感情需要點耐性 希望咱已經想乎清楚 唔想袂再流浪 Pre Chorus 2 我願意為妳改變我 愛妳的心滿尬對方也嚇一跳 珍惜的愛情 最後妳決定 到這 Hook 3 咱約在夜市啊 陪妳吃東西 吃了去海邊啊 反正我有開車 往基隆的方向走 開槓聽音樂 無知妳心內勒想啥 現在是暗時九點半 我們還不想回家啊 嘛無想袂下車 我知妳心內勒想啥 現在是暗時九點半 Outro 1 我知道妳要走 但我真的說不出口 想過夢過 現在是暗時九點半 我期待妳回頭 但我真的說不出口 痛過想過 我想到早上九點鐘
留言（ 1 ） 最相關留言 所有留言
留言（ 1 ）",2026-07-28,,True,False,
2026-07-29 23:16:58,22,,,71,7524,27,https://streetvoice.com/MatthewLiu/songs/870091/,https://streetvoice.com/MatthewLiu/,"https://akstatic.streetvoice.com/song_covers/Ma/tt/MatthewLiu/aSmrrtfn73LUrSFMK2eNVc.jpeg?x-oss-process=image/resize,m_fixed,h_1,w_1,limit_0/resize,m_fixed,h_630,w_1200,limit_0/watermark,image_c29uZ19jb3ZlcnMvTWEvdHQvTWF0dGhld0xpdS9hU21ycnRmbjczTFVyU0ZNSzJlTlZjLmpwZWc_eC1vc3MtcHJvY2Vzcz1pbWFnZS9yZXNpemUsbV9maXhlZCxoXzM0NCx3XzM0NCxsaW1pdF8w,g_nw,x_428,y_143/watermark,image_YXNzZXQvaW1hZ2VzL21ldGFpbWFnZS1zb25nLnBuZw,g_nw,x_0,y_0",@MatthewLiu,音樂人,,,,2,388,,,,https://www.youtube.com/user/StreetVoiceTV,Pop,,,,"這是一首有關三體的歌曲，正式版將收錄於今年即將發行的歌人專輯《朋友、戀人與最糟糕的事》 
這是一首有關三體的歌曲，正式版將收錄於今年即將發行的歌人專輯《朋友、戀人與最糟糕的事》","雲天明 我願意做一顆星球 藏在你無邊的宇宙 在你不捨之前我會先離開 童年時不曾真的有童話 離別時也不曾真的害怕 你如晨星總是明亮 我是銀河之外的悲傷 遙遠地 容不下一句話 我願意做一顆星球 藏在你無邊的宇宙 在你不捨之前我會先離開 沈默如流星般劃過 仰望著恆星的永久 在時間的盡頭 我會等待 沈默如流星般劃過 仰望著恆星的永久 在時間的盡頭 我會等待 等待你醒過來 這次我 會勇敢 說出來 - 詞曲編曲錄音混音演唱：我 
雲天明
我願意做一顆星球 藏在你無邊的宇宙 在你不捨之前我會先離開
童年時不曾真的有童話 離別時也不曾真的害怕 你如晨星總是明亮 我是銀河之外的悲傷 遙遠地 容不下一句話
我願意做一顆星球 藏在你無邊的宇宙 在你不捨之前我會先離開
沈默如流星般劃過 仰望著恆星的永久 在時間的盡頭 我會等待
沈默如流星般劃過 仰望著恆星的永久 在時間的盡頭 我會等待
等待你醒過來 這次我 會勇敢 說出來
-
詞曲編曲錄音混音演唱：我
留言（ 27 ） 最相關留言 所有留言
留言（ 27 ）",2026-07-19,,True,False,
2026-07-29 23:16:58,23,,,3,562,1,https://streetvoice.com/watermelonknife_wl/songs/871798/,https://streetvoice.com/watermelonknife_wl/,"https://akstatic.streetvoice.com/song_covers/wa/te/watermelonknife_wl/dKuGsaMVJsenN3spF99rKU.jpg?x-oss-process=image/resize,m_fixed,h_1,w_1,limit_0/resize,m_fixed,h_630,w_1200,limit_0/watermark,image_c29uZ19jb3ZlcnMvd2EvdGUvd2F0ZXJtZWxvbmtuaWZlX3dsL2RLdUdzYU1WSnNlbk4zc3BGOTlyS1UuanBnP3gtb3NzLXByb2Nlc3M9aW1hZ2UvcmVzaXplLG1fZml4ZWQsaF8zNDQsd18zNDQsbGltaXRfMA,g_nw,x_428,y_143/watermark,image_YXNzZXQvaW1hZ2VzL21ldGFpbWFnZS1zb25nLnBuZw,g_nw,x_0,y_0",@watermelonknife_wl,音樂人,桃園市,2022-09-01,2024-10-08 14:19,,13,,,https://www.instagram.com/watermelonknife_wl/profilecard,https://youtube.com/@watermelonknife,Rock,,,,,"她看著我的雙眼 我選擇沈默以對 他重複問著那些 而我顧著買醉 早就已經忘記了是第幾次在這裡 如此的熟悉 討論著注定不會擁有結局的劇情 欺騙著內心 厭煩的對話 廉價的我愛你 我們都開口 說著那些最下趕的話 給不了承諾 又不能放下 沒有立場 可你還想繼續在乎他 依舊選擇沈默 我不能改變什麼 讓痛一點點滲透 最後把我淹沒 早就已經忘記是第幾次在這裡 如此的熟悉 討論著注定不會擁有結局的劇情 厭煩的對話 廉價的我愛你 我們都開口 說著那些最下趕的話 給不了承諾 又不能放下 沒有立場 可你還想繼續在乎他 剛想放下 又出現在夢裡面 不斷重播 一遍又一遍 厭煩的對話 廉價的我愛你 我們都開口 說著那些最下趕的話 給不了承諾 又不能放下 沒有立場 可你還想繼續在乎他 
她看著我的雙眼 我選擇沈默以對 他重複問著那些 而我顧著買醉
早就已經忘記了是第幾次在這裡 如此的熟悉 討論著注定不會擁有結局的劇情 欺騙著內心
厭煩的對話 廉價的我愛你 我們都開口 說著那些最下趕的話 給不了承諾 又不能放下 沒有立場 可你還想繼續在乎他
依舊選擇沈默 我不能改變什麼 讓痛一點點滲透 最後把我淹沒
早就已經忘記是第幾次在這裡 如此的熟悉 討論著注定不會擁有結局的劇情
厭煩的對話 廉價的我愛你 我們都開口 說著那些最下趕的話 給不了承諾 又不能放下 沒有立場 可你還想繼續在乎他
剛想放下 又出現在夢裡面 不斷重播 一遍又一遍
厭煩的對話 廉價的我愛你 我們都開口 說著那些最下趕的話 給不了承諾 又不能放下 沒有立場 可你還想繼續在乎他
留言（ 1 ） 最相關留言 所有留言
留言（ 1 ）",2026-07-29,,False,False,
2026-07-29 23:16:58,24,,,7,34,4,https://streetvoice.com/josh_lo/songs/871559/,https://streetvoice.com/josh_lo/,"https://akstatic.streetvoice.com/song_covers/jo/sh/josh_lo/jydSXnEavWqmobKzoVayCu.jpeg?x-oss-process=image/resize,m_fixed,h_1,w_1,limit_0/resize,m_fixed,h_630,w_1200,limit_0/watermark,image_c29uZ19jb3ZlcnMvam8vc2gvam9zaF9sby9qeWRTWG5FYXZXcW1vYkt6b1ZheUN1LmpwZWc_eC1vc3MtcHJvY2Vzcz1pbWFnZS9yZXNpemUsbV9maXhlZCxoXzM0NCx3XzM0NCxsaW1pdF8w,g_nw,x_428,y_143/watermark,image_YXNzZXQvaW1hZ2VzL21ldGFpbWFnZS1zb25nLnBuZw,g_nw,x_0,y_0",@josh_lo,音樂人,日本,2016-09-01,2024-10-17 13:45,26,136,85,,,https://www.youtube.com/user/StreetVoiceTV,Experimental,城市漫遊EP,https://streetvoice.com/josh_lo/songs/album/97325782/,,,"動態歌詞
Yeah... 我只是經過 沒打算停留 只是那條街 突然讓我想起 很久以前的我們 像電影散場以後 字幕還沒跑完 走馬燈 一幕一幕 自己轉過來 騎著車經過那條老街 招牌換了幾輪還是那個位置 以前我們總在那家便利商店 買兩瓶冰的 坐在騎樓吹著風聊天 你說以後想離開這個地方 我笑你想太多 結果多年以後 真的有人離開了 只是沒想到 那個人不是你 是我們 巷口那台老機車 早就換成新的樣子 以前放學經過的唱片行 現在變成一家咖啡廳 時間很會整理房間 把我們的東西一件一件搬走 卻忘了通知我 所以偶爾經過 還是會想起 像走馬燈 一幕一幕轉過去 那年夏天 那台車 還有你 像走馬燈 畫面很舊 但我沒有想回去 只是突然想起 原來我們 真的走過這裡 走馬燈 走馬燈 青春沒有消失 只是換了名字 走馬燈 走馬燈 我只是看了一眼 然後繼續往前走而已 記得那年口袋沒有多少錢 一杯飲料可以坐一整個下午 我們聊著以後要去哪裡 聊著那些現在想起來 有點可笑的夢 那時候以為青春很長 長到可以浪費 所以我們什麼都不急 連告別 都說得很隨便 後來才知道 有些人不是說再見 就真的還能再見 有些地方不是離開了 就還能照原來的方式回去 我經過那個十字路口 突然想起你說過的一句話 「我們以後一定會很有錢」 我笑了一下 不知道你現在過得怎樣 但我沒有拿起手機 因為有些問題 知道答案也沒有比較重要 我沒有忘記 只是很少再想起 那些名字 那些聲音 那些曾經以為不會離開的風景 它們沒有消失 只是安靜地 住進了記憶 像走馬燈 一幕一幕轉過去 那年夏天 那台車 還有你 像走馬燈 畫面很舊 但我沒有想回去 只是突然想起 原來我們 真的走過這裡 走馬燈 走馬燈 青春沒有消失 只是換了名字 走馬燈 走馬燈 我只是看了一眼 然後繼續往前走而已 Maybe we were young Maybe that's enough 我們沒有輸 也沒有誰做錯 只是時間 把每個人 帶去了不同的路 如果那天 我們沒有遇見 也許現在 我也不會記得 那個夏天的風 吹過你的頭髮 和我騎著車 在你家樓下 等了很久 現在我還是會經過那條街 只是速度比以前快了一點 不再為了誰停車 也不再期待 轉角會遇見誰 老房子還在 只是窗戶換了新的 那家店還在 只是老闆已經不認識我 我突然明白 所謂的青春 不是永遠記得 而是有一天 你走在熟悉的地方 想起了一個人 然後發現 你已經可以 很平靜地 繼續走下去 像走馬燈 一幕一幕轉過去 那年夏天 那台車 還有你 像走馬燈 畫面很舊 但我沒有想回去 只是突然想起 原來我們 真的走過這裡 走馬燈 走馬燈 青春沒有消失 只是換了名字 走馬燈 走馬燈 我只是看了一眼 然後繼續往前走 車子轉過街角 那條路 消失在後照鏡裡 我沒有回頭 因為有些風景 適合留在記憶 不適合 再走一次 Yeah... 走馬燈 下一幕 換我往前走 
Yeah... 我只是經過 沒打算停留 只是那條街 突然讓我想起 很久以前的我們 像電影散場以後 字幕還沒跑完 走馬燈 一幕一幕 自己轉過來 騎著車經過那條老街 招牌換了幾輪還是那個位置 以前我們總在那家便利商店 買兩瓶冰的 坐在騎樓吹著風聊天 你說以後想離開這個地方 我笑你想太多 結果多年以後 真的有人離開了 只是沒想到 那個人不是你 是我們 巷口那台老機車 早就換成新的樣子 以前放學經過的唱片行 現在變成一家咖啡廳 時間很會整理房間 把我們的東西一件一件搬走 卻忘了通知我 所以偶爾經過 還是會想起 像走馬燈 一幕一幕轉過去 那年夏天 那台車 還有你 像走馬燈 畫面很舊 但我沒有想回去 只是突然想起 原來我們 真的走過這裡 走馬燈 走馬燈 青春沒有消失 只是換了名字 走馬燈 走馬燈 我只是看了一眼 然後繼續往前走而已 記得那年口袋沒有多少錢 一杯飲料可以坐一整個下午 我們聊著以後要去哪裡 聊著那些現在想起來 有點可笑的夢 那時候以為青春很長 長到可以浪費 所以我們什麼都不急 連告別 都說得很隨便 後來才知道 有些人不是說再見 就真的還能再見 有些地方不是離開了 就還能照原來的方式回去 我經過那個十字路口 突然想起你說過的一句話 「我們以後一定會很有錢」 我笑了一下 不知道你現在過得怎樣 但我沒有拿起手機 因為有些問題 知道答案也沒有比較重要 我沒有忘記 只是很少再想起 那些名字 那些聲音 那些曾經以為不會離開的風景 它們沒有消失 只是安靜地 住進了記憶 像走馬燈 一幕一幕轉過去 那年夏天 那台車 還有你
像走馬燈 畫面很舊 但我沒有想回去 只是突然想起 原來我們 真的走過這裡 走馬燈 走馬燈 青春沒有消失 只是換了名字 走馬燈 走馬燈 我只是看了一眼 然後繼續往前走而已 Maybe we were young Maybe that's enough 我們沒有輸 也沒有誰做錯 只是時間 把每個人 帶去了不同的路 如果那天 我們沒有遇見 也許現在 我也不會記得 那個夏天的風 吹過你的頭髮 和我騎著車 在你家樓下 等了很久 現在我還是會經過那條街 只是速度比以前快了一點 不再為了誰停車 也不再期待 轉角會遇見誰 老房子還在 只是窗戶換了新的 那家店還在 只是老闆已經不認識我 我突然明白 所謂的青春 不是永遠記得 而是有一天 你走在熟悉的地方 想起了一個人 然後發現 你已經可以 很平靜地 繼續走下去 像走馬燈 一幕一幕轉過去 那年夏天 那台車 還有你 像走馬燈 畫面很舊 但我沒有想回去 只是突然想起 原來我們 真的走過這裡 走馬燈 走馬燈 青春沒有消失 只是換了名字 走馬燈 走馬燈 我只是看了一眼 然後繼續往前走 車子轉過街角 那條路 消失在後照鏡裡 我沒有回頭 因為有些風景 適合留在記憶 不適合 再走一次 Yeah... 走馬燈 下一幕 換我往前走
留言（ 4 ） 最相關留言 所有留言
留言（ 4 ）",2026-07-29,,False,False,
2026-07-29 23:16:58,25,,,3,124,0,https://streetvoice.com/an_angela_0824/songs/871412/,https://streetvoice.com/an_angela_0824/,"https://akstatic.streetvoice.com/song_covers/an/_a/an_angela_0824/oXTZ5RiR5F7X9CqkeywCW2.jpeg?x-oss-process=image/resize,m_fixed,h_1,w_1,limit_0/resize,m_fixed,h_630,w_1200,limit_0/watermark,image_c29uZ19jb3ZlcnMvYW4vX2EvYW5fYW5nZWxhXzA4MjQvb1hUWjVSaVI1RjdYOUNxa2V5d0NXMi5qcGVnP3gtb3NzLXByb2Nlc3M9aW1hZ2UvcmVzaXplLG1fZml4ZWQsaF8zNDQsd18zNDQsbGltaXRfMA,g_nw,x_428,y_143/watermark,image_YXNzZXQvaW1hZ2VzL21ldGFpbWFnZS1zb25nLnBuZw,g_nw,x_0,y_0",@an_angela_0824,音樂人,台北市,2022-10-01,,2,8,43,,,https://www.youtube.com/user/StreetVoiceTV,Folk,,,,"各式製作 | 凡安 封面攝影 | 陳羿廷 (IG: yphase11) 人是這樣的，如此不信任人，又一瞬間可以傾盡所有自我。 如此矛盾複雜，卻也如此深刻。 
各式製作 | 凡安 封面攝影 | 陳羿廷 (IG: yphase11)
人是這樣的，如此不信任人，又一瞬間可以傾盡所有自我。 如此矛盾複雜，卻也如此深刻。","你擁抱為了感受疏離 而疏離為了更溫柔地靠近 人們如常偵視彼此 身上最不堪的自己 我根本沒有走近 只一直想著如何逃離 用一半的清醒 凝視另一半正淪陷的自己 
你擁抱為了感受疏離 而疏離為了更溫柔地靠近 人們如常偵視彼此 身上最不堪的自己
我根本沒有走近 只一直想著如何逃離 用一半的清醒 凝視另一半正淪陷的自己
留言（ 0 ） 最相關留言 所有留言
留言（ 0 ）",2026-07-28,,False,False,
2026-07-29 23:16:58,26,,,1,21,2,https://streetvoice.com/aiden_chen_/songs/870682/,https://streetvoice.com/aiden_chen_/,"https://akstatic.streetvoice.com/music_albums/ai/de/aiden_chen_/25siPxitjNKT6nfcHANLB8.jpeg?x-oss-process=image/resize,m_fixed,h_1,w_1,limit_0/resize,m_fixed,h_630,w_1200,limit_0/watermark,image_bXVzaWNfYWxidW1zL2FpL2RlL2FpZGVuX2NoZW5fLzI1c2lQeGl0ak5LVDZuZmNIQU5MQjguanBlZz94LW9zcy1wcm9jZXNzPWltYWdlL3Jlc2l6ZSxtX2ZpeGVkLGhfMzQ0LHdfMzQ0LGxpbWl0XzA,g_nw,x_428,y_143/watermark,image_YXNzZXQvaW1hZ2VzL21ldGFpbWFnZS1zb25nLnBuZw,g_nw,x_0,y_0",@aiden_chen_,音樂人,,,2026-04-10 10:26,15,100,7,,https://www.instagram.com/aiden_chen_/,https://www.youtube.com/user/StreetVoiceTV,Pop,歹銅歹鐵,https://streetvoice.com/aiden_chen_/songs/album/97325727/,,"作曲 Composed by： Aiden Chen 作詞 Lyrics by： Aiden Chen 製作人 Produced by： 陳翰 Chen Han、Aiden Chen 編曲 Music Arranged by： Aiden Chen 混音 Mixed by： Aiden Chen 母帶後期 Mastered by：林業洋 Shleryloyck 音樂工作室：U&I Studio 你我音樂工作室 
作曲 Composed by： Aiden Chen 作詞 Lyrics by： Aiden Chen 製作人 Produced by： 陳翰 Chen Han、Aiden Chen 編曲 Music Arranged by： Aiden Chen 混音 Mixed by： Aiden Chen 母帶後期 Mastered by：林業洋 Shleryloyck 音樂工作室：U&I Studio 你我音樂工作室","Give me a break I don’t wanna stay 對你真歹勢 袂得過 Over and over again Making the same mistake 按怎來解說？ 加講攏是笑詼 這个社會 啥人袂牢底 I pray for better Pray for better days 你若心內稀微 越頭莫後悔 過去彼段日子 我家己耍覕相揣 啥人無照步來？ 啥人的性地䆀？ 啥人佇三更半暝 舞東又舞西？ 孤單一隻 oo-tóo-bái 虛華人生予我試看覓 無愛戇戇等待 Give me a break I don’t wanna stay 對你真歹勢 袂得過 Over and over again Making the same mistake 按怎來解說？ 加講攏是笑詼 這个社會 啥人袂牢底 I pray for better Pray for better days 
Give me a break I don’t wanna stay 對你真歹勢 袂得過 Over and over again Making the same mistake 按怎來解說？ 加講攏是笑詼
這个社會 啥人袂牢底 I pray for better Pray for better days
你若心內稀微 越頭莫後悔 過去彼段日子 我家己耍覕相揣
啥人無照步來？ 啥人的性地䆀？ 啥人佇三更半暝 舞東又舞西？
孤單一隻 oo-tóo-bái 虛華人生予我試看覓 無愛戇戇等待
Give me a break I don’t wanna stay 對你真歹勢 袂得過 Over and over again Making the same mistake 按怎來解說？ 加講攏是笑詼
這个社會 啥人袂牢底 I pray for better Pray for better days
留言（ 2 ） 最相關留言 所有留言
留言（ 2 ）",2026-07-28,,True,False,
2026-07-29 23:16:58,27,,,4,22,0,https://streetvoice.com/peach_jaye_23/songs/871850/,https://streetvoice.com/peach_jaye_23/,"https://akstatic.streetvoice.com/song_covers/pe/ac/peach_jaye_23/mHnQYpJNnGK8Rugn57jSk6.jpeg?x-oss-process=image/resize,m_fixed,h_1,w_1,limit_0/resize,m_fixed,h_630,w_1200,limit_0/watermark,image_c29uZ19jb3ZlcnMvcGUvYWMvcGVhY2hfamF5ZV8yMy9tSG5RWXBKTm5HSzhSdWduNTdqU2s2LmpwZWc_eC1vc3MtcHJvY2Vzcz1pbWFnZS9yZXNpemUsbV9maXhlZCxoXzM0NCx3XzM0NCxsaW1pdF8w,g_nw,x_428,y_143/watermark,image_YXNzZXQvaW1hZ2VzL21ldGFpbWFnZS1zb25nLnBuZw,g_nw,x_0,y_0",@peach_jaye_23,音樂人,台北市,2019-10-01,2021-09-16 16:00,26,5930,9,,https://instagram.com/peach_jaye_a1j,https://youtube.com/channel/UCRJv6EsGm5iVqb_YrKxPFPA,Hip hop / Rap,,,,"【音樂 製作團隊 MUSIC CREDIT】 詞Lyricist｜桃子A1J 曲Composer｜桃子A1J、滴燙Diiton 製作人Producer｜滴燙Diiton‪‪、桃子A1J 和聲Background Vocals｜桃子A1J、滴燙Diiton 合聲編寫Background Vocals Arrangement｜桃子A1J、滴燙Diiton 編曲Arrangement｜Diiton滴燙 錄音師Recording Engineer｜Diiton滴燙 混音師Mixing Engineer｜Diiton滴燙 
【音樂 製作團隊 MUSIC CREDIT】 詞Lyricist｜桃子A1J 曲Composer｜桃子A1J、滴燙Diiton 製作人Producer｜滴燙Diiton‪‪、桃子A1J 和聲Background Vocals｜桃子A1J、滴燙Diiton 合聲編寫Background Vocals Arrangement｜桃子A1J、滴燙Diiton 編曲Arrangement｜Diiton滴燙 錄音師Recording Engineer｜Diiton滴燙 混音師Mixing Engineer｜Diiton滴燙","Verse 1: 等待 試圖設法逃離 人還 在 同樣一道軌跡 boy why you lied to me But you shine so bright to me 牽動著心情 慣性造就了癮 你讓我著了迷 每一刻朝著你 Pre: 可無法克制住心的這般感覺 陳列交錯浸泡在這火焰 伴隨著 歲月不停在蔓延 只為了你 I gonn' do anything they say love is blind 就剩我 在這片大海 you're my lullaby 潛入夢 境不斷徘徊 Hook: love yeah cuz it lalalalalala love 全給你 lalalalalala love 儘管這 lalalalalala love yeah cuz it la love it's lala love Verse 2: better than anodyne ya hurt me once but still I lose twice 隕石墜落是怎麼躲得開 someone tell tell tell me what is right 持續 追追追朔 回憶 尋找 撕裂的痕跡 大可不必 浪費費費 力氣 找不回的曾經 here’s my love take it for take it for free 別置放宇宙邊際 take it closer 看看仔細 what if what if you and me Pre: 可無法克制住心的這般感覺 陳列交錯浸泡在這火焰 伴隨著 歲月不停在蔓延 只為了你 I gonn' do anything they say love is blind 就剩我 在這片大海 you're my lullaby 潛入夢 境不斷徘徊 Hook: love yeah cuz it lalalalalala love 全給你 lalalalalala love 儘管這 lalalalalala love yeah cuz it la love it's lala love 
Verse 1: 等待 試圖設法逃離 人還 在 同樣一道軌跡 boy why you lied to me But you shine so bright to me 牽動著心情 慣性造就了癮 你讓我著了迷 每一刻朝著你
Pre: 可無法克制住心的這般感覺 陳列交錯浸泡在這火焰 伴隨著 歲月不停在蔓延 只為了你 I gonn' do anything
they say love is blind 就剩我 在這片大海 you're my lullaby 潛入夢 境不斷徘徊
Hook: love yeah cuz it lalalalalala love 全給你 lalalalalala love 儘管這 lalalalalala love yeah cuz it la love it's lala love
Verse 2: better than anodyne ya hurt me once but still I lose twice 隕石墜落是怎麼躲得開 someone tell tell tell me what is right
持續 追追追朔 回憶 尋找 撕裂的痕跡 大可不必 浪費費費 力氣 找不回的曾經
here’s my love take it for take it for free 別置放宇宙邊際 take it closer 看看仔細 what if what if you and me
Pre: 可無法克制住心的這般感覺 陳列交錯浸泡在這火焰 伴隨著 歲月不停在蔓延 只為了你 I gonn' do anything
they say love is blind 就剩我 在這片大海 you're my lullaby 潛入夢 境不斷徘徊
Hook: love yeah cuz it lalalalalala love 全給你 lalalalalala love 儘管這 lalalalalala love yeah cuz it la love it's lala love
留言（ 0 ） 最相關留言 所有留言
留言（ 0 ）",2026-07-29,,True,False,
2026-07-29 23:16:58,28,,,3,117,0,https://streetvoice.com/twilight_heart_1s7/songs/871686/,https://streetvoice.com/twilight_heart_1s7/,"https://akstatic.streetvoice.com/song_covers/tw/il/twilight_heart_1s7/hGELyXAJXThKsAZZdJuKCZ.jpg?x-oss-process=image/resize,m_fixed,h_1,w_1,limit_0/resize,m_fixed,h_630,w_1200,limit_0/watermark,image_c29uZ19jb3ZlcnMvdHcvaWwvdHdpbGlnaHRfaGVhcnRfMXM3L2hHRUx5WEFKWFRoS3NBWlpkSnVLQ1ouanBnP3gtb3NzLXByb2Nlc3M9aW1hZ2UvcmVzaXplLG1fZml4ZWQsaF8zNDQsd18zNDQsbGltaXRfMA,g_nw,x_428,y_143/watermark,image_YXNzZXQvaW1hZ2VzL21ldGFpbWFnZS1zb25nLnBuZw,g_nw,x_0,y_0",@twilight_heart_1s7,音樂人,台中市,2025-11-01,,7,20,6,,,https://www.youtube.com/user/StreetVoiceTV,Hip hop / Rap,,,,"呃 我沒分手 
呃 我沒分手","沒話說就當離開了是種解脫 你從未開口我該如何得知哪裡難受 一人的劇場我一支獨秀 綻放再凋謝當我下台之後 落幕 顫抖的手 你是否看著 冰冷的我 離開後的空虛成了 常駐狀態 我們的距離回到 光年之外 I ain’t gonna lie 悲歡離合 雙眼睜不開 非要把話說得不明不白 熵增不減我們都清楚劇情它不能夠重來 還在思考怎麼去釋懷 或許是我應受的制裁 每晚死在尼古丁的依賴 反覆躊躇理不清的期待 搭車回家會下錯站 拿到你的鑰匙發現東西沒還 太多回憶交錯過遲的期盼 而我成了棄子在被稱為戀愛的棋盤 失重感 參雜後悔的苟延殘喘 沒必要挽留 你始終自由 前路依舊顛簸但這次沒有你同行 我被留在原地無關公不公平 沒有了指引 恐懼的心跳在不斷的轟鳴 我試過看著星星 卻沒想過連星空都不見了蹤影 最後忘記的是你的姓名 並非回憶 而我想 沒話說就當離開了是種解脫 你從未開口我該如何得知哪裡難受 一人的劇場我一支獨秀 綻放再凋謝當我下台之後 落幕 顫抖的手 你是否看著 冰冷的我 離開後的空虛成了 常駐狀態 我們的距離回到 光年之外 
沒話說就當離開了是種解脫 你從未開口我該如何得知哪裡難受 一人的劇場我一支獨秀 綻放再凋謝當我下台之後 落幕 顫抖的手 你是否看著 冰冷的我 離開後的空虛成了 常駐狀態 我們的距離回到 光年之外
I ain’t gonna lie 悲歡離合 雙眼睜不開 非要把話說得不明不白 熵增不減我們都清楚劇情它不能夠重來 還在思考怎麼去釋懷 或許是我應受的制裁 每晚死在尼古丁的依賴 反覆躊躇理不清的期待
搭車回家會下錯站 拿到你的鑰匙發現東西沒還 太多回憶交錯過遲的期盼 而我成了棄子在被稱為戀愛的棋盤 失重感 參雜後悔的苟延殘喘 沒必要挽留 你始終自由
前路依舊顛簸但這次沒有你同行 我被留在原地無關公不公平 沒有了指引 恐懼的心跳在不斷的轟鳴 我試過看著星星 卻沒想過連星空都不見了蹤影 最後忘記的是你的姓名 並非回憶
而我想
沒話說就當離開了是種解脫 你從未開口我該如何得知哪裡難受 一人的劇場我一支獨秀 綻放再凋謝當我下台之後 落幕 顫抖的手 你是否看著 冰冷的我 離開後的空虛成了 常駐狀態 我們的距離回到 光年之外
留言（ 0 ） 最相關留言 所有留言
留言（ 0 ）",2026-07-28,,False,False,
2026-07-29 23:16:58,29,,,2,58,1,https://streetvoice.com/aiden_chen_/songs/871401/,https://streetvoice.com/aiden_chen_/,"https://akstatic.streetvoice.com/music_albums/ai/de/aiden_chen_/25siPxitjNKT6nfcHANLB8.jpeg?x-oss-process=image/resize,m_fixed,h_1,w_1,limit_0/resize,m_fixed,h_630,w_1200,limit_0/watermark,image_bXVzaWNfYWxidW1zL2FpL2RlL2FpZGVuX2NoZW5fLzI1c2lQeGl0ak5LVDZuZmNIQU5MQjguanBlZz94LW9zcy1wcm9jZXNzPWltYWdlL3Jlc2l6ZSxtX2ZpeGVkLGhfMzQ0LHdfMzQ0LGxpbWl0XzA,g_nw,x_428,y_143/watermark,image_YXNzZXQvaW1hZ2VzL21ldGFpbWFnZS1zb25nLnBuZw,g_nw,x_0,y_0",@aiden_chen_,音樂人,,,2026-04-10 10:26,16,104,7,,https://www.instagram.com/aiden_chen_/,https://www.youtube.com/user/StreetVoiceTV,Electronic,歹銅歹鐵,https://streetvoice.com/aiden_chen_/songs/album/97325727/,Shleryloyck,"Intro KSLM 氣身惱命 作詞 (Lyricist)： Aiden Chen 作曲 (Composer)：Aiden Chen, 林業洋 編曲 (Arranger)： 林業洋 混音 (Mixing Engineer)： 林業洋 母帶 (Mastering Engineer)： 林業洋 
Intro
KSLM 氣身惱命
作詞 (Lyricist)： Aiden Chen 作曲 (Composer)：Aiden Chen, 林業洋 編曲 (Arranger)： 林業洋 混音 (Mixing Engineer)： 林業洋 母帶 (Mastering Engineer)： 林業洋","囡仔人喔 有耳無喙啊 緊張 刺激 多謝 快樂 勞力 悲傷 風颱 變鬼變怪 車頭 覕相揣 時代咧變化 你這馬人佇佗位？ 我先來去矣喔 共我拆食落腹 古意人 歹人 我無要無緊 好人 變鬼變怪 氣身惱命 覕相揣 你是走去佗位？ 你毋著綴伊行 彼袂要緊啦 啊你毋就講話 ? 
囡仔人喔 有耳無喙啊 緊張 刺激 多謝 快樂 勞力 悲傷 風颱 變鬼變怪 車頭 覕相揣 時代咧變化 你這馬人佇佗位？ 我先來去矣喔 共我拆食落腹 古意人 歹人 我無要無緊 好人 變鬼變怪 氣身惱命
覕相揣 你是走去佗位？ 你毋著綴伊行 彼袂要緊啦 啊你毋就講話 ?
留言（ 1 ） 最相關留言 所有留言
留言（ 1 ）",2026-07-28,,True,False,
2026-07-29 23:16:58,30,,,2,370,0,https://streetvoice.com/garythesnail/songs/871000/,https://streetvoice.com/garythesnail/,"https://akstatic.streetvoice.com/music_albums/ga/ry/garythesnail/L8JDD4ZcCUxBw2GDfL3Tko.jpeg?x-oss-process=image/resize,m_fixed,h_1,w_1,limit_0/resize,m_fixed,h_630,w_1200,limit_0/watermark,image_bXVzaWNfYWxidW1zL2dhL3J5L2dhcnl0aGVzbmFpbC9MOEpERDRaY0NVeEJ3MkdEZkwzVGtvLmpwZWc_eC1vc3MtcHJvY2Vzcz1pbWFnZS9yZXNpemUsbV9maXhlZCxoXzM0NCx3XzM0NCxsaW1pdF8w,g_nw,x_428,y_143/watermark,image_YXNzZXQvaW1hZ2VzL21ldGFpbWFnZS1zb25nLnBuZw,g_nw,x_0,y_0",@garythesnail,音樂人,台北市,2023-04-01,2026-02-13 09:52,5,65,2,,https://www.instagram.com/garythesnail.pdf,https://www.youtube.com/@GarytheSnail-2023,Punk,斯文豪氏大蝸牛,https://streetvoice.com/garythesnail/songs/album/97325754/,,"詞曲：李齊 製作｜李齊 錄音｜李齊 混音｜李齊 鼓組錄音｜黃彥翔 鼓組錄音室｜玉成戲院錄音室 YuChen Cinema Studio 母帶後期處理｜李齊 蝸牛蓋瑞 Gary the Snail 主唱 / 吉他 ｜李齊 合聲 / 吉他 ｜劉柏 貝斯 ｜貓咪 鼓 ｜涂恒睿 專輯發行廠牌 ｜吃到肉羹實業社 JDBG records 
詞曲：李齊
製作｜李齊 錄音｜李齊 混音｜李齊 鼓組錄音｜黃彥翔 鼓組錄音室｜玉成戲院錄音室 YuChen Cinema Studio 母帶後期處理｜李齊
蝸牛蓋瑞 Gary the Snail 主唱 / 吉他 ｜李齊 合聲 / 吉他 ｜劉柏 貝斯 ｜貓咪 鼓 ｜涂恒睿
專輯發行廠牌 ｜吃到肉羹實業社 JDBG records","十八歲之後不常感到開心 但從那之後我時常想到你 遇見你的那一天 那個清晨有點美 一起聊天到天亮 傾吐自己有多不完美 人生的冬天還是存在 其實也不會因為你變得比較短 歐幹 明天還要上班 這次能不能不要再死得那麼慘 忍耐 忍耐 再忍耐 用更醜陋的姿態榨出來 歐~ 忍耐 忍耐 再忍耐 用更醜陋的姿態榨出來 窩喔~ 因為 我把過去交易了 換來的是虛假的快樂 因為 我把過去交易了 所有血跡都被鎖在抽屜了 我走了 我只留下一首歌 二十歲的時候 我才看清 原來我從來就不懂什麼是貼心 突然冒出的回憶 看著過去的身影 我想把這一切繼續藏在抽屜 
十八歲之後不常感到開心 但從那之後我時常想到你 遇見你的那一天 那個清晨有點美 一起聊天到天亮 傾吐自己有多不完美 人生的冬天還是存在 其實也不會因為你變得比較短 歐幹 明天還要上班 這次能不能不要再死得那麼慘 忍耐 忍耐 再忍耐 用更醜陋的姿態榨出來 歐~ 忍耐 忍耐 再忍耐 用更醜陋的姿態榨出來 窩喔~
因為 我把過去交易了 換來的是虛假的快樂 因為 我把過去交易了 所有血跡都被鎖在抽屜了 我走了 我只留下一首歌
二十歲的時候 我才看清 原來我從來就不懂什麼是貼心 突然冒出的回憶 看著過去的身影 我想把這一切繼續藏在抽屜
留言（ 0 ） 最相關留言 所有留言
留言（ 0 ）",2026-07-25,,True,False,
2026-07-29 23:16:58,31,,,31,1368,4,https://streetvoice.com/Song_of_crane/songs/868531/,https://streetvoice.com/Song_of_crane/,"https://akstatic.streetvoice.com/song_covers/So/ng/Song_of_crane/coRcxrbzA9feAThdjny6Sf.jpeg?x-oss-process=image/resize,m_fixed,h_1,w_1,limit_0/resize,m_fixed,h_630,w_1200,limit_0/watermark,image_c29uZ19jb3ZlcnMvU28vbmcvU29uZ19vZl9jcmFuZS9jb1JjeHJiekE5ZmVBVGhkam55NlNmLmpwZWc_eC1vc3MtcHJvY2Vzcz1pbWFnZS9yZXNpemUsbV9maXhlZCxoXzM0NCx3XzM0NCxsaW1pdF8w,g_nw,x_428,y_143/watermark,image_YXNzZXQvaW1hZ2VzL21ldGFpbWFnZS1zb25nLnBuZw,g_nw,x_0,y_0",@Song_of_crane,音樂人,彰化縣,2014-07-01,2021-09-02 17:50,29,3879,,https://www.facebook.com/iornhorn,https://www.instagram.com/song_of_crane/,https://www.youtube.com/c/%E5%AE%8B%E5%BE%B7%E9%B6%B4IRONHORN,Pop,,,,"從試圖灑脫放手，到承認自己愛到瘋狂，最痛的不是離別，而是發現自己從未真正走進對方的生命。這是一場在淚水中看清的過程，最終，把遺憾留在過去，決定放過自己。 《從未說過我愛你》 - 演唱 Artist｜宋德鶴 Song of Crane 製作人 Producer｜吳威翰 Aaron Wu 編曲｜宋德鶴 Song of Crane、吳威翰 Aaron Wu 作詞 Lyrics｜允成 Joseph 作曲 Composer｜允成 Joseph 主唱 Vocal｜允成 Joseph 和聲Background Vocals｜允成 Joseph 電吉他 Electric Guitar｜泳豪 Jason、張銘 Gino 木吉他 Acoustic Guitar｜允成 Joseph 貝斯 Bass｜小葵 Josh 鼓 Drum｜小劍 Claire 藝人經紀Artist Manager｜雅淇Bravo Ko 錄音工程師 Recording Engineer｜梁祐鈞 Jim、吳威翰 Aaron Wu 錄音工作室 Vocal Recording Studio｜灰帽音樂工作室GRAY HAT STUDIO、恆天音樂工作室 HANG TANG Music Studio、AaronSoundLab 混音工程師 Mixing Engineer｜吳威翰 Aaron Wu 混音工作室 Mixing Studio｜AaronSoundLab 母帶後期處理工程師 Mastering Engineer｜吳威翰 Aaron Wu 母帶後期處理工作室 Mastering Studio｜AaronSoundLab 製作公司 Production Company｜恆天國際有限公司 HANG TANG INTERNATIONAL LTD. 發行通路 Distributed by｜滾石移動音樂 Rock Mobile ℗ & © 2026 HANG TANG INTERNATIONAL LTD. 
從試圖灑脫放手，到承認自己愛到瘋狂，最痛的不是離別，而是發現自己從未真正走進對方的生命。這是一場在淚水中看清的過程，最終，把遺憾留在過去，決定放過自己。
《從未說過我愛你》 - 演唱 Artist｜宋德鶴 Song of Crane 製作人 Producer｜吳威翰 Aaron Wu 編曲｜宋德鶴 Song of Crane、吳威翰 Aaron Wu 作詞 Lyrics｜允成 Joseph 作曲 Composer｜允成 Joseph 主唱 Vocal｜允成 Joseph 和聲Background Vocals｜允成 Joseph 電吉他 Electric Guitar｜泳豪 Jason、張銘 Gino 木吉他 Acoustic Guitar｜允成 Joseph 貝斯 Bass｜小葵 Josh 鼓 Drum｜小劍 Claire 藝人經紀Artist Manager｜雅淇Bravo Ko
錄音工程師 Recording Engineer｜梁祐鈞 Jim、吳威翰 Aaron Wu 錄音工作室 Vocal Recording Studio｜灰帽音樂工作室GRAY HAT STUDIO、恆天音樂工作室 HANG TANG Music Studio、AaronSoundLab
混音工程師 Mixing Engineer｜吳威翰 Aaron Wu 混音工作室 Mixing Studio｜AaronSoundLab 母帶後期處理工程師 Mastering Engineer｜吳威翰 Aaron Wu 母帶後期處理工作室 Mastering Studio｜AaronSoundLab
製作公司 Production Company｜恆天國際有限公司 HANG TANG INTERNATIONAL LTD. 發行通路 Distributed by｜滾石移動音樂 Rock Mobile ℗ & © 2026 HANG TANG INTERNATIONAL LTD.","放手是種選擇 愛到這裡夠了 你的名字回到回憶 我回到自己 在沒有你的世界裡 獨自呼吸 你從未說過一句我愛你 從未讀懂我的心 從未說過一次對不起 從未說過一次我愛你 我從未走進你的生命裡 終究沒有選擇 愛到徹底瘋了 你的名字留在過去 我留著自己 在沒有你的城市裡 獨自哭泣 你從未說過一句我愛你 從未讀懂我的心 我從未走進你的生命裡 你從未說過一句我愛你 原來是自己還不肯清醒 你從未說過一句我愛你 從未讀懂我的心 我從未走進你的生命裡 你從未說過一句我愛你 是我終於決定放過自己 
放手是種選擇 愛到這裡夠了 你的名字回到回憶 我回到自己 在沒有你的世界裡 獨自呼吸
你從未說過一句我愛你 從未讀懂我的心 從未說過一次對不起 從未說過一次我愛你 我從未走進你的生命裡
終究沒有選擇 愛到徹底瘋了 你的名字留在過去 我留著自己 在沒有你的城市裡 獨自哭泣
你從未說過一句我愛你 從未讀懂我的心 我從未走進你的生命裡 你從未說過一句我愛你 原來是自己還不肯清醒
你從未說過一句我愛你 從未讀懂我的心 我從未走進你的生命裡 你從未說過一句我愛你 是我終於決定放過自己
留言（ 4 ） 最相關留言 所有留言
留言（ 4 ）",2026-07-24,,True,False,
2026-07-29 23:16:58,32,,,3,74,2,https://streetvoice.com/diepression_official/songs/871536/,https://streetvoice.com/diepression_official/,"https://akstatic.streetvoice.com/song_covers/di/ep/diepression_official/c5TeHxRCyHhveayefHYwuu.jpg?x-oss-process=image/resize,m_fixed,h_1,w_1,limit_0/resize,m_fixed,h_630,w_1200,limit_0/watermark,image_c29uZ19jb3ZlcnMvZGkvZXAvZGllcHJlc3Npb25fb2ZmaWNpYWwvYzVUZUh4UkN5SGh2ZWF5ZWZIWXd1dS5qcGc_eC1vc3MtcHJvY2Vzcz1pbWFnZS9yZXNpemUsbV9maXhlZCxoXzM0NCx3XzM0NCxsaW1pdF8w,g_nw,x_428,y_143/watermark,image_YXNzZXQvaW1hZ2VzL21ldGFpbWFnZS1zb25nLnBuZw,g_nw,x_0,y_0",@diepression_official,音樂人,,,2021-08-13 14:49,10,203,4,https://www.facebook.com/Diepressionofficial,https://instagram.com/diepression_official,https://www.youtube.com/@diepression6162,Metal,,,,"咕咕嘎嘎 
咕咕嘎嘎","咕嚕咕嚕咕嚕 
咕嚕咕嚕咕嚕
留言（ 2 ） 最相關留言 所有留言
留言（ 2 ）",2026-07-28,,False,False,
2026-07-29 23:16:58,33,,,2,24,24,https://streetvoice.com/ChristopherR/songs/871534/,https://streetvoice.com/ChristopherR/,"https://akstatic.streetvoice.com/song_covers/Ch/ri/ChristopherR/nDTpAyW5NH43v3SGn9vGJm.jpeg?x-oss-process=image/resize,m_fixed,h_1,w_1,limit_0/resize,m_fixed,h_630,w_1200,limit_0/watermark,image_c29uZ19jb3ZlcnMvQ2gvcmkvQ2hyaXN0b3BoZXJSL25EVHBBeVc1Tkg0M3YzU0duOXZHSm0uanBlZz94LW9zcy1wcm9jZXNzPWltYWdlL3Jlc2l6ZSxtX2ZpeGVkLGhfMzQ0LHdfMzQ0LGxpbWl0XzA,g_nw,x_428,y_143/watermark,image_YXNzZXQvaW1hZ2VzL21ldGFpbWFnZS1zb25nLnBuZw,g_nw,x_0,y_0",@ChristopherR,音樂人,,,,37,35,113,,,https://www.youtube.com/user/StreetVoiceTV,Dance,,,李敏哲,"月光森林 2/3 李敏哲風格的 Afro House 太好聽，所以我們又做了一首英法雙語版。 這次不研究音樂，也不研究戀情。放鬆聽就好，不強迫跳舞——除非您自己忍不住。 
月光森林 2/3
李敏哲風格的 Afro House 太好聽，所以我們又做了一首英法雙語版。
這次不研究音樂，也不研究戀情。放鬆聽就好，不強迫跳舞——除非您自己忍不住。","Waterfall moonlight Moonlight like a waterfall Waterfall like moonlight The forest starts to sway Cold air upon the mountain I want the heat of your skin Not the promises he made Moonlight like a waterfall Waterfall like moonlight The forest starts to sway Cold air upon the mountain I want the heat of your skin Not the promises he made Don't say a word Come closer Come closer Encore plus près Moonlight Waterfall Ta chaleur Moonlight across your shoulders Water moving past our feet The forest keeps on swaying Your hand is touching mine Je veux ta chaleur Pas ses promesses Moonlight like a waterfall Waterfall like moonlight The forest starts to sway Cold air upon the mountain I want the heat of your skin Not the promises he made Don't say a word Kiss me Don't say a word Kiss me Ne parle pas Juste s'embrasser Not yet Pas encore Moonlight falling on your body Waterfall splashing moonlight The whole forest is swaying Leave the cold upon the mountain Je veux ta chaleur Je ne veux aucune promesse Ne dis rien Continue de m'embrasser Pas encore... Moonlight like a waterfall Waterfall like moonlight 
Waterfall moonlight
Moonlight like a waterfall Waterfall like moonlight The forest starts to sway Cold air upon the mountain
I want the heat of your skin Not the promises he made
Moonlight like a waterfall Waterfall like moonlight The forest starts to sway Cold air upon the mountain I want the heat of your skin Not the promises he made Don't say a word Come closer
Come closer Encore plus près
Moonlight Waterfall Ta chaleur
Moonlight across your shoulders Water moving past our feet The forest keeps on swaying Your hand is touching mine
Je veux ta chaleur Pas ses promesses
Moonlight like a waterfall Waterfall like moonlight The forest starts to sway Cold air upon the mountain I want the heat of your skin Not the promises he made Don't say a word Kiss me
Don't say a word Kiss me Ne parle pas Juste s'embrasser
Not yet Pas encore
Moonlight falling on your body Waterfall splashing moonlight The whole forest is swaying Leave the cold upon the mountain Je veux ta chaleur Je ne veux aucune promesse Ne dis rien
Continue de m'embrasser
Pas encore... Moonlight like a waterfall Waterfall like moonlight
留言（ 24 ） 最相關留言 所有留言
留言（ 24 ）",2026-07-28,,False,False,
2026-07-29 23:16:58,34,,,7,234,0,https://streetvoice.com/desolatechen/songs/871101/,https://streetvoice.com/desolatechen/,"https://akstatic.streetvoice.com/music_albums/de/so/desolatechen/mkKunsCfwcCE2zSAqmoa5S.jpeg?x-oss-process=image/resize,m_fixed,h_1,w_1,limit_0/resize,m_fixed,h_630,w_1200,limit_0/watermark,image_bXVzaWNfYWxidW1zL2RlL3NvL2Rlc29sYXRlY2hlbi9ta0t1bnNDZndjQ0UyelNBcW1vYTVTLmpwZWc_eC1vc3MtcHJvY2Vzcz1pbWFnZS9yZXNpemUsbV9maXhlZCxoXzM0NCx3XzM0NCxsaW1pdF8w,g_nw,x_428,y_143/watermark,image_YXNzZXQvaW1hZ2VzL21ldGFpbWFnZS1zb25nLnBuZw,g_nw,x_0,y_0",@desolatechen,音樂人,屏東縣,2006-04-01,2021-05-26 18:50,17,1409,33,,,https://www.youtube.com/user/StreetVoiceTV,Electronic,地獄之路,https://streetvoice.com/desolatechen/songs/album/97325761/,,"那些不合時宜的痛 
那些不合時宜的痛","那些不合時宜的痛 已經不會再有人懂 在脹滿破碎資訊的海洋裡頭 和自己倒影一起游泳 那些不合時宜的痛 變成一場場破碎的夢 在脹滿慾望恐懼的牢籠裡頭 以為自己能自由 別走 經過黑夜   越過白晝 聽見腳步   不見臉孔 理解話語   遺失意義 誰在前進   誰在停留 放眼未來   遺忘過去 擁抱靈魂   放棄身體 走向宇宙   打開自我 誰在現實   誰在夢境 誰說別走 誰說 我已找到最美的夢 沒有人能阻擋我 
那些不合時宜的痛 已經不會再有人懂 在脹滿破碎資訊的海洋裡頭 和自己倒影一起游泳
那些不合時宜的痛 變成一場場破碎的夢 在脹滿慾望恐懼的牢籠裡頭 以為自己能自由
別走
經過黑夜   越過白晝 聽見腳步   不見臉孔 理解話語   遺失意義 誰在前進   誰在停留
放眼未來   遺忘過去 擁抱靈魂   放棄身體 走向宇宙   打開自我 誰在現實   誰在夢境
誰說別走 誰說
我已找到最美的夢 沒有人能阻擋我
留言（ 0 ） 最相關留言 所有留言
留言（ 0 ）",2026-07-25,,True,False,
2026-07-29 23:16:58,35,,,4,44,2,https://streetvoice.com/Djmarco690112/songs/871861/,https://streetvoice.com/Djmarco690112/,"https://akstatic.streetvoice.com/song_covers/Dj/ma/Djmarco690112/LdBQMn3kwycLnqt7dXJbTM.jpeg?x-oss-process=image/resize,m_fixed,h_1,w_1,limit_0/resize,m_fixed,h_630,w_1200,limit_0/watermark,image_c29uZ19jb3ZlcnMvRGovbWEvRGptYXJjbzY5MDExMi9MZEJRTW4za3d5Y0xucXQ3ZFhKYlRNLmpwZWc_eC1vc3MtcHJvY2Vzcz1pbWFnZS9yZXNpemUsbV9maXhlZCxoXzM0NCx3XzM0NCxsaW1pdF8w,g_nw,x_428,y_143/watermark,image_YXNzZXQvaW1hZ2VzL21ldGFpbWFnZS1zb25nLnBuZw,g_nw,x_0,y_0",@Djmarco690112,音樂人,,,2026-05-26 10:03,6,58,2,,,https://www.youtube.com/user/StreetVoiceTV,Electronic,,,,"​詞 曲：DJ Marco 陳育揚 Music Produced by DJ Marco 神風電音個人音樂工作室 (Kamikaze EDM) 「今夜，用最燙的重低音，開起這罐專屬你的電音魔法！」 ​當現實生活變得沉悶無聊，你需要一劑強效的音樂解藥。DJ Marco 陳育揚 推出全新原創電音單曲《可樂的魔法》，以震撼的節奏與洗腦的旋律，打造出最具張力的賽博氣泡派對！ ​掌心翻轉，夢想發燙。從安靜的前奏蓄勢待發，到 Drop 段落的全力爆發，每一拍都在撞擊你的心臟與耳膜。 ​只要相信自己，沒有誰能阻擋你追夢的腳步。準備好感受這份爽快的電音魔法了嗎？ #DJMarco #陳育揚 #可樂的魔法 #神風電音 #KamikazeEDM #原創電音 #獨立音樂 #電子流行 #正能量 #追夢 #EDM #華語電音 
​詞 曲：DJ Marco 陳育揚 Music Produced by DJ Marco 神風電音個人音樂工作室 (Kamikaze EDM)
「今夜，用最燙的重低音，開起這罐專屬你的電音魔法！」 ​當現實生活變得沉悶無聊，你需要一劑強效的音樂解藥。DJ Marco 陳育揚 推出全新原創電音單曲《可樂的魔法》，以震撼的節奏與洗腦的旋律，打造出最具張力的賽博氣泡派對！ ​掌心翻轉，夢想發燙。從安靜的前奏蓄勢待發，到 Drop 段落的全力爆發，每一拍都在撞擊你的心臟與耳膜。 ​只要相信自己，沒有誰能阻擋你追夢的腳步。準備好感受這份爽快的電音魔法了嗎？ #DJMarco #陳育揚 #可樂的魔法 #神風電音 #KamikazeEDM #原創電音 #獨立音樂 #電子流行 #正能量 #追夢 #EDM #華語電音","《可樂的魔法》 詞 / 曲 / 製作：DJ Marco 陳育揚 品牌 / 出品：神風電音 (Kamikaze EDM) 【主歌 A】 曾經跌倒 卻沒選擇退讓 風雨再大 也要迎向曙光 掌心反轉 夢想開始發燙 相信明天 一定更加閃亮 一路走來 寫下勇敢篇章 【主歌 B】 每個故事 都有新的希望 抬起頭吧 別再害怕迷惘 未來就在 前方等著登場 【導歌 Pre-Chorus】 每一道傷  sono是新的力量 每滴眼淚 都化作翅膀 相信自己 就能展翅飛翔 【副歌 Chorus 1】 跨越黑夜 迎向晨光 可樂的魔法 點亮了希望 每個微笑 都是一道光 人生舞台 勇敢去闖蕩 相信奇蹟 就在你身旁 風吹再狂心 也依然滾燙 夢想發光 照亮每個方向 掌聲飛揚 穿越每道目光 因為相信 就能創造輝煌 【主歌 C】 一雙雙眼 充滿期待目光 一聲驚嘆 點燃所有夢想 不是幸運 而是努力成長 一步一步 走向新的遠方 【主歌 D】 用心付出 不怕任何風浪 汗水灌溉 盛開開心的芬芳 每次演出 都是新的起航 把愛分享 溫暖每個地方 每一次挑戰 都值得歌唱 把不可能 變成榮光 【Bridge 橋段 1】 堅定信念 點燃心中火光 迎向夢想 展翅飛翔 【副歌 Chorus 2】 可樂的魔法 點亮了希望 讓每顆心 重新去飛翔 揮灑汗水 擁抱著信仰 生命因此 更加閃亮 就算黑夜 遮住所有星光 心中火焰 依然那麼滾燙 相信自己 沒有誰能阻擋 勇敢追夢 一路向前闖 【Bridge 橋段 2】 如果命運 曾把我推向低谷 我會微笑 迎接新的旅途 
《可樂的魔法》 詞 / 曲 / 製作：DJ Marco 陳育揚 品牌 / 出品：神風電音 (Kamikaze EDM)
【主歌 A】 曾經跌倒 卻沒選擇退讓 風雨再大 也要迎向曙光 掌心反轉 夢想開始發燙 相信明天 一定更加閃亮 一路走來 寫下勇敢篇章 【主歌 B】 每個故事 都有新的希望 抬起頭吧 別再害怕迷惘 未來就在 前方等著登場 【導歌 Pre-Chorus】 每一道傷  sono是新的力量 每滴眼淚 都化作翅膀 相信自己 就能展翅飛翔 【副歌 Chorus 1】 跨越黑夜 迎向晨光 可樂的魔法 點亮了希望 每個微笑 都是一道光 人生舞台 勇敢去闖蕩 相信奇蹟 就在你身旁 風吹再狂心 也依然滾燙 夢想發光 照亮每個方向 掌聲飛揚 穿越每道目光 因為相信 就能創造輝煌 【主歌 C】 一雙雙眼 充滿期待目光 一聲驚嘆 點燃所有夢想 不是幸運 而是努力成長 一步一步 走向新的遠方 【主歌 D】 用心付出 不怕任何風浪 汗水灌溉 盛開開心的芬芳 每次演出 都是新的起航 把愛分享 溫暖每個地方 每一次挑戰 都值得歌唱 把不可能 變成榮光 【Bridge 橋段 1】 堅定信念 點燃心中火光 迎向夢想 展翅飛翔 【副歌 Chorus 2】 可樂的魔法 點亮了希望 讓每顆心 重新去飛翔 揮灑汗水 擁抱著信仰 生命因此 更加閃亮 就算黑夜 遮住所有星光 心中火焰 依然那麼滾燙 相信自己 沒有誰能阻擋 勇敢追夢 一路向前闖 【Bridge 橋段 2】 如果命運 曾把我推向低谷 我會微笑 迎接新的旅途
留言（ 2 ） 最相關留言 所有留言
留言（ 2 ）",2026-07-29,,False,False,
2026-07-29 23:16:58,36,,,16,1201,4,https://streetvoice.com/bluerod2026/songs/870908/,https://streetvoice.com/bluerod2026/,"https://akstatic.streetvoice.com/song_covers/bl/ue/bluerod2026/4gvmxAaHR2S9dbSFQ9rJTA.jpeg?x-oss-process=image/resize,m_fixed,h_1,w_1,limit_0/resize,m_fixed,h_630,w_1200,limit_0/watermark,image_c29uZ19jb3ZlcnMvYmwvdWUvYmx1ZXJvZDIwMjYvNGd2bXhBYUhSMlM5ZGJTRlE5ckpUQS5qcGVnP3gtb3NzLXByb2Nlc3M9aW1hZ2UvcmVzaXplLG1fZml4ZWQsaF8zNDQsd18zNDQsbGltaXRfMA,g_nw,x_428,y_143/watermark,image_YXNzZXQvaW1hZ2VzL21ldGFpbWFnZS1zb25nLnBuZw,g_nw,x_0,y_0",@bluerod2026,音樂人,,,,3,51,1,,,https://www.youtube.com/user/StreetVoiceTV,Pop,,,,"這是一首快樂的歌？ 作詞：鍾享叡、吳宥陞 作曲：鍾享叡、吳宥陞 編曲：鍾享叡 製作人：鍾享叡 協力製作人：張采文 聲景現場錄音：張予慧、張采文 聲景錄音室：桃園虎頭山 演出現場錄音團隊：張兆揚、林俞婷、羅珮涵 混音：張予慧 母帶：張采文 主唱：吳宥陞 電吉他：鍾享叡、黃宥翔 木吉他：張予慧 鍵盤/和聲：張采文 貝斯：林業洋 鼓：劉秉洋 封面設計：吳宥陞 
這是一首快樂的歌？
作詞：鍾享叡、吳宥陞 作曲：鍾享叡、吳宥陞 編曲：鍾享叡 製作人：鍾享叡 協力製作人：張采文 聲景現場錄音：張予慧、張采文 聲景錄音室：桃園虎頭山 演出現場錄音團隊：張兆揚、林俞婷、羅珮涵 混音：張予慧 母帶：張采文
主唱：吳宥陞 電吉他：鍾享叡、黃宥翔 木吉他：張予慧 鍵盤/和聲：張采文 貝斯：林業洋 鼓：劉秉洋
封面設計：吳宥陞","站在離天空最近的那端 張開雙手任風陣陣吹來 遠離了城市 紛擾不斷 用盡一生追求的還是否存在 而現實總是 比想像中更艱難 他逼著我們學會勇敢 而時間依然 推著我們越走越快 還有什麼想做 卻沒做完 卡密歐～快樂就是如此簡單 卡密歐～放手飛但別飛太快 這一刻 俯瞰著世界的另一端 什麼都沒帶 只有空空的腦袋 噢卡密歐～快樂就是如此簡單 噢卡密歐～讓煩惱隨著風煙消雲散 想起從前對音樂的熱愛 忘了已多久 沒得到快樂 ～～～～～～～～～～～～ 卡密歐～快樂就是如此簡單 卡密歐～放手飛但別飛太快 這一刻 俯瞰著世界的另一端 什麼都沒帶 只有空空的腦袋 噢卡密歐～快樂就是如此簡單 噢卡密歐～讓煩惱隨著風煙消雲散 想起從前對音樂的熱愛 忘了已多久 沒得到快樂 卡密歐～地面的煩惱都與我無關 卡密歐～放手飛但別飛太快 這一刻 俯瞰著世界的另一端 什麼都沒帶 只有空空的腦袋 噢卡密歐～地面的煩惱也與你無關 噢卡密歐～讓煩惱隨著風煙消雲散 現在 剩你和陽光爛漫 忘了有多久 沒得到快樂 
站在離天空最近的那端 張開雙手任風陣陣吹來 遠離了城市 紛擾不斷 用盡一生追求的還是否存在
而現實總是 比想像中更艱難 他逼著我們學會勇敢 而時間依然 推著我們越走越快 還有什麼想做 卻沒做完
卡密歐～快樂就是如此簡單 卡密歐～放手飛但別飛太快 這一刻 俯瞰著世界的另一端 什麼都沒帶 只有空空的腦袋 噢卡密歐～快樂就是如此簡單 噢卡密歐～讓煩惱隨著風煙消雲散 想起從前對音樂的熱愛 忘了已多久 沒得到快樂
～～～～～～～～～～～～
卡密歐～快樂就是如此簡單 卡密歐～放手飛但別飛太快 這一刻 俯瞰著世界的另一端 什麼都沒帶 只有空空的腦袋 噢卡密歐～快樂就是如此簡單 噢卡密歐～讓煩惱隨著風煙消雲散 想起從前對音樂的熱愛 忘了已多久 沒得到快樂
卡密歐～地面的煩惱都與我無關 卡密歐～放手飛但別飛太快 這一刻 俯瞰著世界的另一端 什麼都沒帶 只有空空的腦袋 噢卡密歐～地面的煩惱也與你無關 噢卡密歐～讓煩惱隨著風煙消雲散 現在 剩你和陽光爛漫 忘了有多久 沒得到快樂
留言（ 4 ） 最相關留言 所有留言
留言（ 4 ）",2026-07-24,,True,False,
2026-07-29 23:16:58,37,,,6,86,13,https://streetvoice.com/minzer_c_lee/songs/871529/,https://streetvoice.com/minzer_c_lee/,"https://akstatic.streetvoice.com/song_covers/mi/nz/minzer_c_lee/JuW7ykj859Qp7jqUcH6xs5.jpeg?x-oss-process=image/resize,m_fixed,h_1,w_1,limit_0/resize,m_fixed,h_630,w_1200,limit_0/watermark,image_c29uZ19jb3ZlcnMvbWkvbnovbWluemVyX2NfbGVlL0p1Vzd5a2o4NTlRcDdqcVVjSDZ4czUuanBlZz94LW9zcy1wcm9jZXNzPWltYWdlL3Jlc2l6ZSxtX2ZpeGVkLGhfMzQ0LHdfMzQ0LGxpbWl0XzA,g_nw,x_428,y_143/watermark,image_YXNzZXQvaW1hZ2VzL21ldGFpbWFnZS1zb25nLnBuZw,g_nw,x_0,y_0",@minzer_c_lee,音樂人,,,,11,19,36,,,https://www.youtube.com/user/StreetVoiceTV,Dance,,,,"走失在林間的心跳呼吸 森林月光 1/3 
走失在林間的心跳呼吸
森林月光 1/3","月光像瀑布 瀑布像月光 月光像瀑布 瀑布像月光 森林在搖晃 冷空氣在山上 我要你的體溫 不是他的誓言 月光像瀑布 瀑布像月光 森林在搖晃 冷空氣在山上 我要你的體溫 不是他的誓言 不要說話 靠近一點 靠近一點 再靠近一點 月光 瀑布 體溫 月光落在肩上 溪水繞過腳掌 森林還在搖晃 你的手貼著我手掌 我要你的體溫 不聽他的誓言 月光像瀑布 瀑布像月光 森林在搖晃 冷空氣在山上 我要你的體溫 不是他的誓言 不要說話 我們親嘴 不要說話 我們親嘴 不要說話 只准親嘴 月光落在你身上 瀑布落進月光 整座森林搖晃 冷空氣留在山上 我要你的體溫 不要任何誓言 不要說話 繼續親嘴 不止親嘴 月光像瀑布 瀑布像月光 
月光像瀑布 瀑布像月光
月光像瀑布 瀑布像月光 森林在搖晃 冷空氣在山上
我要你的體溫 不是他的誓言
月光像瀑布 瀑布像月光 森林在搖晃 冷空氣在山上
我要你的體溫 不是他的誓言 不要說話 靠近一點
靠近一點 再靠近一點
月光 瀑布 體溫
月光落在肩上 溪水繞過腳掌 森林還在搖晃 你的手貼著我手掌
我要你的體溫 不聽他的誓言
月光像瀑布 瀑布像月光 森林在搖晃 冷空氣在山上
我要你的體溫 不是他的誓言 不要說話 我們親嘴
不要說話 我們親嘴
不要說話 只准親嘴
月光落在你身上 瀑布落進月光 整座森林搖晃 冷空氣留在山上
我要你的體溫 不要任何誓言 不要說話
繼續親嘴
不止親嘴
月光像瀑布 瀑布像月光
留言（ 13 ） 最相關留言 所有留言
留言（ 13 ）",2026-07-28,,False,False,
2026-07-29 23:16:58,38,,,21,1450,2,https://streetvoice.com/ripplesmusic/songs/868546/,https://streetvoice.com/ripplesmusic/,"https://akstatic.streetvoice.com/music_albums/ri/pp/ripplesmusic/QL3EWTBAmJYTvUDNDcePka.jpeg?x-oss-process=image/resize,m_fixed,h_1,w_1,limit_0/resize,m_fixed,h_630,w_1200,limit_0/watermark,image_bXVzaWNfYWxidW1zL3JpL3BwL3JpcHBsZXNtdXNpYy9RTDNFV1RCQW1KWVR2VURORGNlUGthLmpwZWc_eC1vc3MtcHJvY2Vzcz1pbWFnZS9yZXNpemUsbV9maXhlZCxoXzM0NCx3XzM0NCxsaW1pdF8w,g_nw,x_428,y_143/watermark,image_YXNzZXQvaW1hZ2VzL21ldGFpbWFnZS1zb25nLnBuZw,g_nw,x_0,y_0",@ripplesmusic,音樂人,台北市,2015-11-01,2021-06-04 17:58,14,369,7,https://www.facebook.com/jewelsinging,https://www.instagram.com/jewel_chang/,https://www.youtube.com/channel/UC5_lZwl2CbcFbXrMuIZGM1w,Folk,"新的過去舊的還在 A New Past,Linger",https://streetvoice.com/ripplesmusic/songs/album/97325651/,,"這是專輯最後一首歌，也是這張專輯寫下的最後一首歌。「我覺得我已經來到下一章。」說出這句話時，腦中書寫的療癒之旅也即將告一段落。過去幾年的梳理，時而向前時而退縮的狀態，想要訴說自己故事卻又來不及準備好的不確定，在那一刻像是豁然開朗。在這場「輕輕安放」的過程，仁與也在專輯之旅結識許多好友，在母親離開後，繼續用音樂和夥伴們一起前行。歌曲最後的大合唱是這場旅程中重要的夥伴們和聲。即使走過辛苦的這一遭，如果重來。還是願意做妳的小孩。 作詞 Lyricist｜張仁與 Jewel Chang 作曲 Composer｜張仁與 Jewel Chang 製作人 Producer｜趙宇晨 Asa Chao 編曲 Arranger｜蔣希夷 XiYi. Jiang 配唱製作人 Vocal Producer｜吳浚瑋 Genwie Wu 吉他 Guitars｜蔣希夷 XiYi. Jiang 貝斯 Bass｜ Peter Wu 鼓組 Drums｜李欣樺 Hsin Hua Lee 鼓技師 Drums Technician｜莊開旭 Cash Chuang 單簧管 Clarinet｜高杰 J Geddes 長笛 Flute｜高杰 J Geddes 和聲編寫 Backing Vocal Arrangement｜張仁與 Jewel Chang、趙宇晨 Asa Chao 和音 Backing Vocals｜張仁與 Jewel Chang 合唱 Chorus｜趙廣絜 KJ、謝蕎 Chiao、蔣希夷 XiYi. Jiang、李欣樺 Hsin Hua Lee、簡小豪 Kán Siáu-hô、陳以恆 Layman C.、曾紀華 Horsey Tseng、峻豪 Bonobo 錄音師 Recording Engineer｜李詠恩 Joshua Lee (Drums) 、趙宇晨 Asa Chao (Others) 錄音室 Recording Studio｜荒原錄音室 Wasteland Studio、SIDEBon Studio 人聲音訊編輯 Vocal Editing｜林彥慶 Yen 混音工程師 Mixing Engineer｜趙宇晨 Asa Chao 母帶後期工程師 Mastering Engineer｜莊鈞智 Thomas Chuang 
這是專輯最後一首歌，也是這張專輯寫下的最後一首歌。「我覺得我已經來到下一章。」說出這句話時，腦中書寫的療癒之旅也即將告一段落。過去幾年的梳理，時而向前時而退縮的狀態，想要訴說自己故事卻又來不及準備好的不確定，在那一刻像是豁然開朗。在這場「輕輕安放」的過程，仁與也在專輯之旅結識許多好友，在母親離開後，繼續用音樂和夥伴們一起前行。歌曲最後的大合唱是這場旅程中重要的夥伴們和聲。即使走過辛苦的這一遭，如果重來。還是願意做妳的小孩。
作詞 Lyricist｜張仁與 Jewel Chang 作曲 Composer｜張仁與 Jewel Chang 製作人 Producer｜趙宇晨 Asa Chao 編曲 Arranger｜蔣希夷 XiYi. Jiang 配唱製作人 Vocal Producer｜吳浚瑋 Genwie Wu 吉他 Guitars｜蔣希夷 XiYi. Jiang 貝斯 Bass｜ Peter Wu 鼓組 Drums｜李欣樺 Hsin Hua Lee 鼓技師 Drums Technician｜莊開旭 Cash Chuang 單簧管 Clarinet｜高杰 J Geddes 長笛 Flute｜高杰 J Geddes 和聲編寫 Backing Vocal Arrangement｜張仁與 Jewel Chang、趙宇晨 Asa Chao 和音 Backing Vocals｜張仁與 Jewel Chang 合唱 Chorus｜趙廣絜 KJ、謝蕎 Chiao、蔣希夷 XiYi. Jiang、李欣樺 Hsin Hua Lee、簡小豪 Kán Siáu-hô、陳以恆 Layman C.、曾紀華 Horsey Tseng、峻豪 Bonobo 錄音師 Recording Engineer｜李詠恩 Joshua Lee (Drums) 、趙宇晨 Asa Chao (Others) 錄音室 Recording Studio｜荒原錄音室 Wasteland Studio、SIDEBon Studio 人聲音訊編輯 Vocal Editing｜林彥慶 Yen 混音工程師 Mixing Engineer｜趙宇晨 Asa Chao 母帶後期工程師 Mastering Engineer｜莊鈞智 Thomas Chuang","詞曲 / 張仁與 我感覺我已經到了下一章 從來不需要最完美的結尾 我不再想著怎麼做你才不失望 但偶爾還希望你在場 我想我能接受 你成為我無法癒合的傷疤 這一生 我相信你一直活在我身上 如果能夠重來 如果能夠選擇 再出生一次 我願意經歷這個循環 我不畏懼現在 還能嚮往未來 但我想我該 輕輕安放這份孤單 我終於能笑著提起你的事 他們都清楚你對我的重量 我不再想著無法解決的後悔 我不再賦予新的意義 我想我能接受 你成為我無法癒合的傷疤 這一生 我相信你一直活在我身上 如果能夠重來 如果能夠選擇 再出生一次 我願意經歷這個循環 我不畏懼現在 還能嚮往未來 但我想我該 輕輕安放這份孤單 
詞曲 / 張仁與
我感覺我已經到了下一章 從來不需要最完美的結尾 我不再想著怎麼做你才不失望 但偶爾還希望你在場
我想我能接受 你成為我無法癒合的傷疤 這一生 我相信你一直活在我身上
如果能夠重來 如果能夠選擇 再出生一次 我願意經歷這個循環
我不畏懼現在 還能嚮往未來 但我想我該 輕輕安放這份孤單
我終於能笑著提起你的事 他們都清楚你對我的重量 我不再想著無法解決的後悔 我不再賦予新的意義
我想我能接受 你成為我無法癒合的傷疤 這一生 我相信你一直活在我身上
如果能夠重來 如果能夠選擇 再出生一次 我願意經歷這個循環
我不畏懼現在 還能嚮往未來 但我想我該 輕輕安放這份孤單
留言（ 2 ） 最相關留言 所有留言
留言（ 2 ）",2026-07-10,,True,True,
2026-07-29 23:16:58,39,,,4,261,1,https://streetvoice.com/mct_mac/songs/871295/,https://streetvoice.com/mct_mac/,"https://akstatic.streetvoice.com/song_covers/mc/t_/mct_mac/h6DcE6qCBu6pdjoAvpzgCK.jpg?x-oss-process=image/resize,m_fixed,h_1,w_1,limit_0/resize,m_fixed,h_630,w_1200,limit_0/watermark,image_c29uZ19jb3ZlcnMvbWMvdF8vbWN0X21hYy9oNkRjRTZxQ0J1NnBkam9BdnB6Z0NLLmpwZz94LW9zcy1wcm9jZXNzPWltYWdlL3Jlc2l6ZSxtX2ZpeGVkLGhfMzQ0LHdfMzQ0LGxpbWl0XzA,g_nw,x_428,y_143/watermark,image_YXNzZXQvaW1hZ2VzL21ldGFpbWFnZS1zb25nLnBuZw,g_nw,x_0,y_0",@mct_mac,音樂人,,,,1,18,23,,,https://www.youtube.com/user/StreetVoiceTV,Hip hop / Rap,,,,"詞/曲｜吉米吉J!mmyJ 協作｜YPG S/O to 台中某熱音社社長 
詞/曲｜吉米吉J!mmyJ 協作｜YPG
S/O to 台中某熱音社社長","Hey boy 在我面前總是透明 一舉一動你的心思 我清晰 小心翼翼試圖掌控我的情意 早就看穿把戲請你回家練習（see u next time) 心裡大概是空洞的 我懂時常是寂寞的 偽裝一旦被揭露就 著了急的 上了頭的 不小心就著了魔了 害怕被誤解 誤會 找不到人告解 神父 我有罪 請寬恕我的罪孽 遊走在慾望的邊陲 時不時觸及的腰間 每天都出現在你的夢裡面 Hey boy 讓我怎麼能不在意你 一舉一動你的心思 我清晰 小心翼翼試圖掌控我的情意 早就看穿把戲請你回家練習（see u next time) 直視我的瞳孔 氣氛太過膠著 眼神輕輕吻過 說句再見一拖再拖 直面問題tell me what are we 一邊靠近又撇清關係 不想回答同樣的問題 你的愛歌不會在我的playlist 遊走在慾望的邊陲 時不時觸及的腰間 每天都出現在你的夢裡面 
Hey boy 在我面前總是透明 一舉一動你的心思 我清晰 小心翼翼試圖掌控我的情意 早就看穿把戲請你回家練習（see u next time)
心裡大概是空洞的 我懂時常是寂寞的 偽裝一旦被揭露就 著了急的 上了頭的 不小心就著了魔了
害怕被誤解 誤會 找不到人告解 神父 我有罪 請寬恕我的罪孽 遊走在慾望的邊陲 時不時觸及的腰間 每天都出現在你的夢裡面
Hey boy 讓我怎麼能不在意你 一舉一動你的心思 我清晰 小心翼翼試圖掌控我的情意 早就看穿把戲請你回家練習（see u next time)
直視我的瞳孔 氣氛太過膠著 眼神輕輕吻過 說句再見一拖再拖
直面問題tell me what are we 一邊靠近又撇清關係 不想回答同樣的問題 你的愛歌不會在我的playlist
遊走在慾望的邊陲 時不時觸及的腰間 每天都出現在你的夢裡面
留言（ 1 ） 最相關留言 所有留言
留言（ 1 ）",2026-07-27,,False,False,
2026-07-29 23:16:58,40,,,3,217,0,https://streetvoice.com/luckyair43/songs/869180/,https://streetvoice.com/luckyair43/,"https://akstatic.streetvoice.com/song_covers/lu/ck/luckyair43/UWtMyTk2paFBnjZXSkVRLe.jpeg?x-oss-process=image/resize,m_fixed,h_1,w_1,limit_0/resize,m_fixed,h_630,w_1200,limit_0/watermark,image_c29uZ19jb3ZlcnMvbHUvY2svbHVja3lhaXI0My9VV3RNeVRrMnBhRkJualpYU2tWUkxlLmpwZWc_eC1vc3MtcHJvY2Vzcz1pbWFnZS9yZXNpemUsbV9maXhlZCxoXzM0NCx3XzM0NCxsaW1pdF8w,g_nw,x_428,y_143/watermark,image_YXNzZXQvaW1hZ2VzL21ldGFpbWFnZS1zb25nLnBuZw,g_nw,x_0,y_0",@luckyair43,音樂人,,,2021-06-04 17:58,73,192,61,https://www.facebook.com/airway777,,https://www.youtube.com/channel/UChSEkR8gHUBkx0IsCfR1xwA/about,R&B / Soul,,,,"《街角的咖啡店》 一場突如其來的大雨,把原本想出門逛街的我們推進一間街角咖啡店。雖然沒能如期逛街,但在咖啡店裡喝著咖啡、看著窗外的雨,卻有另一種幸運的感受。有時候計劃趕不上變化,不要緊張,繼續Chill,也能因此得到不同的小確幸。 歌曲用輕鬆慵懶的節奏,描繪都市人渴望的片刻放空——什麼都不做、靜靜發呆、耍廢,在咖啡店裡看著窗外的雨也很棒。中後段轉為中英夾雜的說唱式吟唱,道出灑脫的態度:沒有人會為你流淚,也沒人真的在乎你怎麼想,但正因如此,才更能在紛擾中找到內心的寧靜,劃下屬於自己的流星,許一個屬於自己的願望。 可頌、拿鐵、焦糖榛果香氣交織,搭配阿拉比卡咖啡的醇厚風味,《街角咖啡店》是一首獻給所有渴望在忙碌生活中找回片刻寧靜的抒情之作。雨過天青後,也許你會想問自己:那間街角咖啡廳,是不是很值得一待呢? 7/28 單曲各大平台發行 Spotify/Applemusic/KKBOX/Line/QQ ""The Corner Coffee Shop"" An unexpected downpour pushed us — originally headed out for a casual stroll — into a small coffee shop on the corner. The shopping trip didn't go as planned, but sipping coffee while watching the rain through the window turned out to be its own quiet kind of luck. Sometimes plans fall apart, and that's okay — just keep chilling, and you might stumble onto a little unexpected joy instead. The song moves with a relaxed, laid-back groove, capturing a rare moment city life rarely allows — doing absolutely nothing, drifting into a daze, just watching the rain from inside a coffee shop. It's better than it sounds. The bridge shifts into a bilingual rap-sung passage, carrying a free-spirited kind of honesty: no one will shed tears for you, no one really cares what you think — and that's exactly why peace has to come from within. Make a wish, watch a shooting star fall, and let it be yours alone. With the aroma of croissants, caramel, and hazelnut latte woven through its verses, alongside the rich taste of Arabica coffee, ""The Corner Coffee Shop"" is a laid-back anthem for anyone craving a little stillness in the middle of a busy life. After the rain clears, maybe you'll find yourself asking — was that corner coffee shop worth the whole afternoon? 
《街角的咖啡店》 一場突如其來的大雨,把原本想出門逛街的我們推進一間街角咖啡店。雖然沒能如期逛街,但在咖啡店裡喝著咖啡、看著窗外的雨,卻有另一種幸運的感受。有時候計劃趕不上變化,不要緊張,繼續Chill,也能因此得到不同的小確幸。 歌曲用輕鬆慵懶的節奏,描繪都市人渴望的片刻放空——什麼都不做、靜靜發呆、耍廢,在咖啡店裡看著窗外的雨也很棒。中後段轉為中英夾雜的說唱式吟唱,道出灑脫的態度:沒有人會為你流淚,也沒人真的在乎你怎麼想,但正因如此,才更能在紛擾中找到內心的寧靜,劃下屬於自己的流星,許一個屬於自己的願望。 可頌、拿鐵、焦糖榛果香氣交織,搭配阿拉比卡咖啡的醇厚風味,《街角咖啡店》是一首獻給所有渴望在忙碌生活中找回片刻寧靜的抒情之作。雨過天青後,也許你會想問自己:那間街角咖啡廳,是不是很值得一待呢?
7/28 單曲各大平台發行 Spotify/Applemusic/KKBOX/Line/QQ
""The Corner Coffee Shop"" An unexpected downpour pushed us — originally headed out for a casual stroll — into a small coffee shop on the corner. The shopping trip didn't go as planned, but sipping coffee while watching the rain through the window turned out to be its own quiet kind of luck. Sometimes plans fall apart, and that's okay — just keep chilling, and you might stumble onto a little unexpected joy instead. The song moves with a relaxed, laid-back groove, capturing a rare moment city life rarely allows — doing absolutely nothing, drifting into a daze, just watching the rain from inside a coffee shop. It's better than it sounds. The bridge shifts into a bilingual rap-sung passage, carrying a free-spirited kind of honesty: no one will shed tears for you, no one really cares what you think — and that's exactly why peace has to come from within. Make a wish, watch a shooting star fall, and let it be yours alone. With the aroma of croissants, caramel, and hazelnut latte woven through its verses, alongside the rich taste of Arabica coffee, ""The Corner Coffee Shop"" is a laid-back anthem for anyone craving a little stillness in the middle of a busy life. After the rain clears, maybe you'll find yourself asking — was that corner coffee shop worth the whole afternoon?","動態歌詞
在這個Chill 的午後 一起出來逛街 一場大雨讓 我們躲在街角咖啡店 來杯香濃拿鐵  嚐著阿拉比卡風味 什麼都不做 靜靜發呆 耍廢 來到了轉角  跟著排隊 凝固的時間  早已融化成水 別忘了打卡   說你好想睡 窗外的雨水   在陪我喝咖啡 Nobody will shed the tears or maybe care what I think Sip a little bit ,  品嚐仔細 沒人打擾內心  深處寧靜 Nobody will shit on me Only I can change the thing Wish your wish ,  劃下流星 生活煥然一新  雨過天青 間奏 再一次下雨 你會 再次回到哪裡 那間街角咖啡廳 是否值得回去 加點可頌 配著Coffee ,香濃 Latte 帶點焦糖  榛果 Party 一場大雨 也澆不熄 我的熱情 生活 就該  隨時隨地 充滿即興 待在這裡 看著 那裡 到處都是場戲 也許細細 品味 內心 才能得到 寧靜 Nobody will shed the tears or maybe care what I think Sip a little bit ,  品嚐仔細 沒人打擾內心  深處寧靜 Nobody will shit on me Only I can change the thing Wish your wish ,  劃下流星 生活煥然一新  雨過天青 配著Coffee ,香濃 Latte  耶～ Nobody will shit on me Only I can change the thing Wish your wish ,  劃下流星 生活煥然一新  雨過天青 outro 
在這個Chill 的午後 一起出來逛街 一場大雨讓 我們躲在街角咖啡店 來杯香濃拿鐵  嚐著阿拉比卡風味 什麼都不做 靜靜發呆 耍廢 來到了轉角  跟著排隊 凝固的時間  早已融化成水 別忘了打卡   說你好想睡 窗外的雨水   在陪我喝咖啡 Nobody will shed the tears or maybe care what I think Sip a little bit ,  品嚐仔細 沒人打擾內心  深處寧靜 Nobody will shit on me Only I can change the thing Wish your wish ,  劃下流星 生活煥然一新  雨過天青 間奏 再一次下雨 你會 再次回到哪裡 那間街角咖啡廳 是否值得回去 加點可頌 配著Coffee ,香濃 Latte 帶點焦糖  榛果 Party 一場大雨 也澆不熄 我的熱情 生活 就該  隨時隨地 充滿即興 待在這裡 看著 那裡 到處都是場戲 也許細細 品味 內心 才能得到 寧靜 Nobody will shed the tears or maybe care what I think Sip a little bit ,  品嚐仔細 沒人打擾內心  深處寧靜 Nobody will shit on me Only I can change the thing Wish your wish ,  劃下流星 生活煥然一新  雨過天青 配著Coffee ,香濃 Latte  耶～ Nobody will shit on me Only I can change the thing Wish your wish ,  劃下流星 生活煥然一新  雨過天青 outro
留言（ 0 ） 最相關留言 所有留言
留言（ 0 ）",2026-07-28,,True,False,
2026-07-29 23:16:58,41,,,1,145,0,https://streetvoice.com/hsiaoA/songs/871819/,https://streetvoice.com/hsiaoA/,"https://akstatic.streetvoice.com/song_covers/hs/ia/hsiaoA/75VtjRumY5v33e4nqtyfDX.jpeg?x-oss-process=image/resize,m_fixed,h_1,w_1,limit_0/resize,m_fixed,h_630,w_1200,limit_0/watermark,image_c29uZ19jb3ZlcnMvaHMvaWEvaHNpYW9BLzc1VnRqUnVtWTV2MzNlNG5xdHlmRFguanBlZz94LW9zcy1wcm9jZXNzPWltYWdlL3Jlc2l6ZSxtX2ZpeGVkLGhfMzQ0LHdfMzQ0LGxpbWl0XzA,g_nw,x_428,y_143/watermark,image_YXNzZXQvaW1hZ2VzL21ldGFpbWFnZS1zb25nLnBuZw,g_nw,x_0,y_0",@hsiaoA,音樂人,新北市,2019-01-01,2024-04-24 15:48,7,175,55,https://www.facebook.com/profile.php?id=100067669486241&mibextid=ZbWKwL,https://www.instagram.com/amber_guitar_/,https://youtube.com/channel/UCYJEpfLbZYWTA_Xx85vN8Yg,Folk,,,,"告訴我吧，告訴我吧，即便妳想訴說的只是對我的厭惡 
告訴我吧，告訴我吧，即便妳想訴說的只是對我的厭惡","多想要忘記妳輪廓 おしえて（告訴我吧） おしえて（告訴我吧） 你所有的言不由衷 想說的話 都停留在 十字路口 おしえて（告訴我吧） おしえて（告訴我吧） 妳所有哭泣的理由 是不是因為妳討厭我... 
多想要忘記妳輪廓
おしえて（告訴我吧） おしえて（告訴我吧） 你所有的言不由衷 想說的話 都停留在 十字路口
おしえて（告訴我吧） おしえて（告訴我吧） 妳所有哭泣的理由 是不是因為妳討厭我...
留言（ 0 ） 最相關留言 所有留言
留言（ 0 ）",2026-07-29,,False,False,
2026-07-29 23:16:58,42,,,31,3546,7,https://streetvoice.com/MatthewLiu/songs/870095/,https://streetvoice.com/MatthewLiu/,"https://akstatic.streetvoice.com/song_covers/Ma/tt/MatthewLiu/J2EFM8EeC4HPoVWVgQe8UH.jpeg?x-oss-process=image/resize,m_fixed,h_1,w_1,limit_0/resize,m_fixed,h_630,w_1200,limit_0/watermark,image_c29uZ19jb3ZlcnMvTWEvdHQvTWF0dGhld0xpdS9KMkVGTThFZUM0SFBvVldWZ1FlOFVILmpwZWc_eC1vc3MtcHJvY2Vzcz1pbWFnZS9yZXNpemUsbV9maXhlZCxoXzM0NCx3XzM0NCxsaW1pdF8w,g_nw,x_428,y_143/watermark,image_YXNzZXQvaW1hZ2VzL21ldGFpbWFnZS1zb25nLnBuZw,g_nw,x_0,y_0",@MatthewLiu,音樂人,,,,2,404,,,,https://www.youtube.com/user/StreetVoiceTV,Alternative,,,,,"這是沒有提供歌詞的歌曲
留言（ 7 ） 最相關留言 所有留言
留言（ 7 ）",2026-07-19,,True,False,
2026-07-29 23:16:58,43,,,5,29,1,https://streetvoice.com/ntuhiphop_/songs/871601/,https://streetvoice.com/ntuhiphop_/,"https://akstatic.streetvoice.com/song_covers/nt/uh/ntuhiphop_/d2W9Q4TRdX2y6hw78mVuUh.jpeg?x-oss-process=image/resize,m_fixed,h_1,w_1,limit_0/resize,m_fixed,h_630,w_1200,limit_0/watermark,image_c29uZ19jb3ZlcnMvbnQvdWgvbnR1aGlwaG9wXy9kMlc5UTRUUmRYMnk2aHc3OG1WdVVoLmpwZWc_eC1vc3MtcHJvY2Vzcz1pbWFnZS9yZXNpemUsbV9maXhlZCxoXzM0NCx3XzM0NCxsaW1pdF8w,g_nw,x_428,y_143/watermark,image_YXNzZXQvaW1hZ2VzL21ldGFpbWFnZS1zb25nLnBuZw,g_nw,x_0,y_0",@ntuhiphop_,音樂人,,,,1,3,,,,https://www.youtube.com/user/StreetVoiceTV,Hip hop / Rap,,,孫孫,"NTU Hip-Hop 台大嘻研 - 《登月計畫Cypher》 ．音樂製作 Music Production． 詞曲 Lyric&Composer（依出場順序）｜Rocey, zeriisheep, Tray, lct, 孫孫, CBae, Bmike, 3rdco 編曲 Arrangement | zeriisheep, lct 錄音Recording engineer | lct, Kraityx 錄音室 Studio | 鼠坑工作室 Ratpit Studio 混音 Mixing engineer | Kraityx 母帶後期 Mastering engineer | Kraityx 標準字設計｜Shen 特別感謝 Special thanks ｜Xilcy來演Tray、Fairy Ray 
NTU Hip-Hop 台大嘻研 - 《登月計畫Cypher》 ．音樂製作 Music Production． 詞曲 Lyric&Composer（依出場順序）｜Rocey, zeriisheep, Tray, lct, 孫孫, CBae, Bmike, 3rdco 編曲 Arrangement | zeriisheep, lct 錄音Recording engineer | lct, Kraityx 錄音室 Studio | 鼠坑工作室 Ratpit Studio 混音 Mixing engineer | Kraityx 母帶後期 Mastering engineer | Kraityx 標準字設計｜Shen 特別感謝 Special thanks ｜Xilcy來演Tray、Fairy Ray","Rocey： 告訴我從沒離開過這 像時間真的能倒流認識自己不用靠後設 戴上我的面罩我怕下一秒就要休克 怕一不小心就失重 新年抓兔子抓不到 看溫水煮青蛙不跳 像看我心臟偷偷刺痛 Shoot for the moon那要我多赤裸的做自己 發明一台機器同時透視我也透視你 像離地球更遠I started watching the world more closely 像我知道你懂秘方都藏在我的臥室裡 靈感還不來沒差我們多試幾次 當然還是keep rapping寫進生活雜談太多錯字以致 總是在原地打轉聰明人留在舊時體制 好險我們被當作一群傻蛋 夢想能夠登月 夢想哪天我有能力了也能傳遞你給的恩惠 像是反射一道光碰巧能照亮那片深夜 那應該有多好即便不同也不再分裂 zeriisheep： 我常思考著各種可能為何對天空嚮往 或許就像是本能像樹木總往上長 總有人前仆後繼即使要面對荒蕪 順著風向突破了天空就像要衝出康普頓 這次揚起了舤出發駛向了銀河 沿途不一樣的風景向上突破了雲層 革命後建的方舟承載著靈魂樂(越)過大山 映入眼簾是漫天不落的星辰 不會忘記踏過的每步哪裡是歸屬 從沙塵之中脫身擦掉身上的灰土 就算眼裡是片從沒見過的景色 也要讓我們的大旗在月球上面飛舞 就因為前人種的樹輪到我們接了手 他推著我得接著走直到樹上結了果 要證明火花也能成為花火在空中綻放 盡心的作畫每幅畫作至不被淡忘 Tray： Small step for man, giant leap for humankind The bar is set, peep the scene and try to reach it just to see how far I’d get All those standing in my way, yall get neutralized Big stepper - size 12, them shoes are mine T minus 8 bars, nothing but green on the screen of my radar Artillery, ARs, them beams’ll light you up like a quasar Asymmetry, same cloth we are not I’m space-grade, yall denim Now make way for the better, it’s apparent I’m the letterman - Why you gotta make me spell it out? I’m heaven-sent, this shit is par for the course Keep my personal life and my circle tight, none of you part of the orbit Done with the talking, I put out music and naturally people just gravitate towards it Greats influenced it, dealt a hand with no mulligans Clear out my plate, all the food in it, I gotta eat lct： 被遺忘的月份 大肆的弔唁 像風一樣的罪證 破敗的照片 衝破了穹頂看著籠裡有多擁擠我們湧起攀升像是紅底 澄清的湖面總倒映著新月 承先啟後翻到了新頁 射出了弓箭看天氣驟變換草木凋謝 又下起了冰霰 甦醒在月海死寂的塵末覆蓋著我 無形的懈怠等不到日出不斷折磨 墨筆下血色的月不斷沁入 翻過了岩林後才能夠眺望 羽化了舊與新 We be like kingsman 大潮之時我們再次的造浪 就讓月被侵蝕 在此八位壯士齊聚 踏退望日崎嶇 壯志凌雲將夢先託付same old moon 羈絆映著天空樹 如聖白慧日的招數文藝泰斗我們劍走偏鋒 出生台北市的教父盆地隘口破陣嚴守天空 孫孫： 準備機會整點起飛起始點突破了大氣 ready With my crew登陸插起新世界大旗 we go  Flying to the moon想被記住戶樞不蠹 不靠前人種的樹 I will be the hit one所以我不會中暑 長江後浪推前浪不再是濫竽充數 開天闢地擴了土 登月計劃是成功的第一步 靠近再靠近坐上starship是要錢還是要命 哼 誰在著急誰的消息我全都要了成功就是我的報應 飛到外太空怎樣算離得近 文藝早已復興中西合併承載史記 太空競賽隔壁黑音看仔細 推進器 最後發射倒數計時 抵抗gravity到燃燒殆盡 靠音樂吃飯bro你要實際 不適合的幹這行天生就比較吃力 Ntu hip hop我們叫這master piece CBae： Moonlight on my wrist,  I orbit success 我們早就登上了月Aura loud hah, I ain't flex 抓住了機會Gimme more CBae! We baddies和嫦娥喝到吐 Pop out like月野兔 they be chattin cuz I'm too bossy 派對轉地球一圈沒得提速度get like me We pulled up, we took the moon Now tell me who's next! That's my bad bich alert 真的夠格的沒幾個躲 這裡沒空氣但他們急著說 說到快缺氧bro承認這是我的era baby嫉妒我太kirakira兄弟沒記得過 I'm too sexy for life Bmike： 到達既靠近又遙遠繞著地球轉的衛星 我發出信號器後穿越了時光流轉的軌跡 無垠的星海探尋 萬有引力彷彿幻影 潮汐好像能一瞬間暫停 就算夜空中沒繁星 依然在觀星儀旁 翻開一頁白色日記 就算懷疑失敗的作品放慢動作 在月球上面看不過六分之一 38 萬公里外沒人看的見 習慣了陰晴和圓缺 把我的眼淚都藏在月球的背面 talking to the moon 就讓月亮代表我的心 這樣就能怪罪我的情緒 全都是月亮惹的禍而已 太多的聲音我聽不清楚 因為少了血清素(少了些傾訴)當介質 在地球的陰影下變偏食 抵擋了襲來的隕石也堅持 在月球漫步反覆的追尋直到星球墜落 3rdco： 我距離太陽還要再走幾個光年 走到這裡還不夠遠不能夠太彰顯 好多五年後自己回頭望 “好久不見你過的怎麼樣” 這是我對自己許下的諾言 月球上的坑是因為我燃燒的火焰 因為壯大 所以海水再也不會潮退 怕答的不完美所以不讓問題到嘴 I know why “是不是能睜大雙眼直視就算面對光？” “是不是達到了要求still shine即使天沒亮？” 更迭一刹時間變沒概念 等夜醒吧只是現在沒飛太遠 更貼近他實現那未完全的 登月計劃之前別走太偏 掃掉那障礙路要慢慢走 悄悄的念獨白可他們在等我 跑到大門敞開那邊有人在挽留 到遙遠的地方換我被你拯救 
Rocey： 告訴我從沒離開過這 像時間真的能倒流認識自己不用靠後設 戴上我的面罩我怕下一秒就要休克 怕一不小心就失重 新年抓兔子抓不到 看溫水煮青蛙不跳 像看我心臟偷偷刺痛 Shoot for the moon那要我多赤裸的做自己 發明一台機器同時透視我也透視你 像離地球更遠I started watching the world more closely 像我知道你懂秘方都藏在我的臥室裡 靈感還不來沒差我們多試幾次 當然還是keep rapping寫進生活雜談太多錯字以致 總是在原地打轉聰明人留在舊時體制 好險我們被當作一群傻蛋 夢想能夠登月 夢想哪天我有能力了也能傳遞你給的恩惠 像是反射一道光碰巧能照亮那片深夜 那應該有多好即便不同也不再分裂 zeriisheep： 我常思考著各種可能為何對天空嚮往 或許就像是本能像樹木總往上長 總有人前仆後繼即使要面對荒蕪 順著風向突破了天空就像要衝出康普頓 這次揚起了舤出發駛向了銀河 沿途不一樣的風景向上突破了雲層 革命後建的方舟承載著靈魂樂(越)過大山 映入眼簾是漫天不落的星辰 不會忘記踏過的每步哪裡是歸屬 從沙塵之中脫身擦掉身上的灰土 就算眼裡是片從沒見過的景色 也要讓我們的大旗在月球上面飛舞 就因為前人種的樹輪到我們接了手 他推著我得接著走直到樹上結了果 要證明火花也能成為花火在空中綻放 盡心的作畫每幅畫作至不被淡忘 Tray： Small step for man, giant leap for humankind The bar is set, peep the scene and try to reach it just to see how far I’d get All those standing in my way, yall get neutralized Big stepper - size 12, them shoes are mine T minus 8 bars, nothing but green on the screen of my radar Artillery, ARs, them beams’ll light you up like a quasar Asymmetry, same cloth we are not I’m space-grade, yall denim Now make way for the better, it’s apparent I’m the letterman - Why you gotta make me spell it out? I’m heaven-sent, this shit is par for the course Keep my personal life and my circle tight, none of you part of the orbit Done with the talking, I put out music and naturally people just gravitate towards it Greats influenced it, dealt a hand with no mulligans Clear out my plate, all the food in it, I gotta eat lct： 被遺忘的月份 大肆的弔唁 像風一樣的罪證 破敗的照片 衝破了穹頂看著籠裡有多擁擠我們湧起攀升像是紅底 澄清的湖面總倒映著新月 承先啟後翻到了新頁 射出了弓箭看天氣驟變換草木凋謝 又下起了冰霰 甦醒在月海死寂的塵末覆蓋著我 無形的懈怠等不到日出不斷折磨 墨筆下血色的月不斷沁入 翻過了岩林後才能夠眺望 羽化了舊與新 We be like kingsman 大潮之時我們再次的造浪 就讓月被侵蝕 在此八位壯士齊聚 踏退望日崎嶇 壯志凌雲將夢先託付same old moon 羈絆映著天空樹 如聖白慧日的招數文藝泰斗我們劍走偏鋒 出生台北市的教父盆地隘口破陣嚴守天空 孫孫： 準備機會整點起飛起始點突破了大氣 ready With my crew登陸插起新世界大旗 we go  Flying to the moon想被記住戶樞不蠹 不靠前人種的樹 I will be the hit one所以我不會中暑 長江後浪推前浪不再是濫竽充數 開天闢地擴了土 登月計劃是成功的第一步 靠近再靠近坐上starship是要錢還是要命 哼 誰在著急誰的消息我全都要了成功就是我的報應 飛到外太空怎樣算離得近 文藝早已復興中西合併承載史記 太空競賽隔壁黑音看仔細 推進器 最後發射倒數計時 抵抗gravity到燃燒殆盡 靠音樂吃飯bro你要實際 不適合的幹這行天生就比較吃力 Ntu hip hop我們叫這master piece CBae： Moonlight on my wrist,  I orbit success 我們早就登上了月Aura loud hah, I ain't flex 抓住了機會Gimme more CBae! We baddies和嫦娥喝到吐 Pop out like月野兔 they be chattin cuz I'm too bossy 派對轉地球一圈沒得提速度get like me We pulled up, we took the moon Now tell me who's next! That's my bad bich alert 真的夠格的沒幾個躲 這裡沒空氣但他們急著說 說到快缺氧bro承認這是我的era baby嫉妒我太kirakira兄弟沒記得過 I'm too sexy for life Bmike： 到達既靠近又遙遠繞著地球轉的衛星 我發出信號器後穿越了時光流轉的軌跡 無垠的星海探尋 萬有引力彷彿幻影 潮汐好像能一瞬間暫停 就算夜空中沒繁星 依然在觀星儀旁 翻開一頁白色日記 就算懷疑失敗的作品放慢動作 在月球上面看不過六分之一 38 萬公里外沒人看的見 習慣了陰晴和圓缺 把我的眼淚都藏在月球的背面 talking to the moon 就讓月亮代表我的心 這樣就能怪罪我的情緒 全都是月亮惹的禍而已 太多的聲音我聽不清楚 因為少了血清素(少了些傾訴)當介質 在地球的陰影下變偏食 抵擋了襲來的隕石也堅持 在月球漫步反覆的追尋直到星球墜落 3rdco： 我距離太陽還要再走幾個光年 走到這裡還不夠遠不能夠太彰顯 好多五年後自己回頭望 “好久不見你過的怎麼樣” 這是我對自己許下的諾言 月球上的坑是因為我燃燒的火焰 因為壯大 所以海水再也不會潮退 怕答的不完美所以不讓問題到嘴 I know why “是不是能睜大雙眼直視就算面對光？” “是不是達到了要求still shine即使天沒亮？” 更迭一刹時間變沒概念 等夜醒吧只是現在沒飛太遠 更貼近他實現那未完全的 登月計劃之前別走太偏 掃掉那障礙路要慢慢走 悄悄的念獨白可他們在等我 跑到大門敞開那邊有人在挽留 到遙遠的地方換我被你拯救
留言（ 1 ） 最相關留言 所有留言
留言（ 1 ）",2026-07-28,,False,False,
2026-07-29 23:16:58,44,,,18,1052,11,https://streetvoice.com/afterghost_/songs/871176/,https://streetvoice.com/afterghost_/,"https://akstatic.streetvoice.com/song_covers/af/te/afterghost_/CKqmwpfFEZ5mSqa9L5HDsd.jpeg?x-oss-process=image/resize,m_fixed,h_1,w_1,limit_0/resize,m_fixed,h_630,w_1200,limit_0/watermark,image_c29uZ19jb3ZlcnMvYWYvdGUvYWZ0ZXJnaG9zdF8vQ0txbXdwZkZFWjVtU3FhOUw1SERzZC5qcGVnP3gtb3NzLXByb2Nlc3M9aW1hZ2UvcmVzaXplLG1fZml4ZWQsaF8zNDQsd18zNDQsbGltaXRfMA,g_nw,x_428,y_143/watermark,image_YXNzZXQvaW1hZ2VzL21ldGFpbWFnZS1zb25nLnBuZw,g_nw,x_0,y_0",@afterghost_,音樂人,,,,1,19,,,,https://www.youtube.com/user/StreetVoiceTV,Rock,,,,"賓：愛德華•艾路力克 璽：這首歌是我們現有的歌曲之中，創作過程最短，更是實質上第一首寫完的歌，對我而言象徵著午後幽靈的結成。演奏它的時刻總是精神抖擻，充滿喜悅～！ 晏：好可愛的歌 考慮到我已經超過20歲所以好像沒那麼可愛了 洪：謝謝大家陪我把歌生出來像養寶寶一樣 
賓：愛德華•艾路力克
璽：這首歌是我們現有的歌曲之中，創作過程最短，更是實質上第一首寫完的歌，對我而言象徵著午後幽靈的結成。演奏它的時刻總是精神抖擻，充滿喜悅～！
晏：好可愛的歌 考慮到我已經超過20歲所以好像沒那麼可愛了
洪：謝謝大家陪我把歌生出來像養寶寶一樣","在我的心中 整天不停 打架 矛盾的感覺 就像是耳邊的話 它挑釁著我的神經 其實我真心希望 什麼都不必在乎 只要能誠實的說出！ 在好的時候 恨不得原地 請你嫁給我 糟透的時候又 恨不得立刻滾蛋 我認輸 就這樣 讓矛盾打敗了我 它對我說 No one’s safe! No one’s safe! No one’s safe! 在這關係裡 
在我的心中 整天不停 打架 矛盾的感覺 就像是耳邊的話 它挑釁著我的神經 其實我真心希望 什麼都不必在乎 只要能誠實的說出！ 在好的時候 恨不得原地 請你嫁給我 糟透的時候又 恨不得立刻滾蛋 我認輸 就這樣 讓矛盾打敗了我 它對我說 No one’s safe! No one’s safe! No one’s safe! 在這關係裡
留言（ 11 ） 最相關留言 所有留言
留言（ 11 ）",2026-07-26,,False,False,
2026-07-29 23:16:58,45,,,11,507,0,https://streetvoice.com/jg980309/songs/870827/,https://streetvoice.com/jg980309/,"https://akstatic.streetvoice.com/music_albums/jg/98/jg980309/Trt8MiWRQxAFjwaT7ovoQE.jpeg?x-oss-process=image/resize,m_fixed,h_1,w_1,limit_0/resize,m_fixed,h_630,w_1200,limit_0/watermark,image_bXVzaWNfYWxidW1zL2pnLzk4L2pnOTgwMzA5L1RydDhNaVdSUXhBRmp3YVQ3b3ZvUUUuanBlZz94LW9zcy1wcm9jZXNzPWltYWdlL3Jlc2l6ZSxtX2ZpeGVkLGhfMzQ0LHdfMzQ0LGxpbWl0XzA,g_nw,x_428,y_143/watermark,image_YXNzZXQvaW1hZ2VzL21ldGFpbWFnZS1zb25nLnBuZw,g_nw,x_0,y_0",@jg980309,音樂人,,,2025-01-21 13:32,12,129,45,https://www.facebook.com/profile.php?id=100010382926336,https://www.instagram.com/111.110101/,https://www.youtube.com/@hongyuchen.0501,Alternative,姿態,https://streetvoice.com/jg980309/songs/album/97325751/,,"詞曲編混：陳竑宇 封面：陳竑睿 我們開始像個語言學家一樣，仔細拆解每一句對白，研究字與字之間的架構。可描述得越發精準，心裡的空洞就越龐大。那些喧囂後沒有散去的聲音，在腦海裡一遍又一遍地翻譯、修訂，直到仔細分辨，再也聽不清裡頭的情感。 
詞曲編混：陳竑宇 封面：陳竑睿
我們開始像個語言學家一樣，仔細拆解每一句對白，研究字與字之間的架構。可描述得越發精準，心裡的空洞就越龐大。那些喧囂後沒有散去的聲音，在腦海裡一遍又一遍地翻譯、修訂，直到仔細分辨，再也聽不清裡頭的情感。","說 怎麼說 怎麼說也都沒用 迂迴曲折的語句 迴盪在空氣之中 我 怎麼我 怎麼也開始研究 字詞語句的架構 構築在一片空洞 放眼望去全都是自己 喧囂後沒散去的聲音 同樣語言 翻譯在修訂 重複播放在腦海裡 喧鬧著的是什麼聲音 仔細聽我也分辨不清 說出的話 包裝的華麗 只剩下頻率 失去意義 躲 怎麼躲 怎麼躲也都沒用 逐漸重複的對白 消散在漆黑之中 我 怎麼我 怎麼也開始沈默 逐漸精準的表達 隱藏失去的自我 喧鬧著的是什麼聲音 仔細聽我也分辨不清 說出的話 包裝的華麗 只剩下頻率 失去意義 喧囂後沒散去的聲音 放眼望去全都是自己 同樣的語言 翻譯在修訂 重複播放在腦海裡 
說 怎麼說 怎麼說也都沒用 迂迴曲折的語句 迴盪在空氣之中 我 怎麼我 怎麼也開始研究 字詞語句的架構 構築在一片空洞
放眼望去全都是自己 喧囂後沒散去的聲音 同樣語言 翻譯在修訂 重複播放在腦海裡
喧鬧著的是什麼聲音 仔細聽我也分辨不清 說出的話 包裝的華麗 只剩下頻率 失去意義
躲 怎麼躲 怎麼躲也都沒用 逐漸重複的對白 消散在漆黑之中 我 怎麼我 怎麼也開始沈默 逐漸精準的表達 隱藏失去的自我
喧鬧著的是什麼聲音 仔細聽我也分辨不清 說出的話 包裝的華麗 只剩下頻率 失去意義
喧囂後沒散去的聲音 放眼望去全都是自己 同樣的語言 翻譯在修訂 重複播放在腦海裡
留言（ 0 ） 最相關留言 所有留言
留言（ 0 ）",2026-07-24,,True,False,
2026-07-29 23:16:58,46,,,3,66,2,https://streetvoice.com/tank84914/songs/871602/,https://streetvoice.com/tank84914/,"https://akstatic.streetvoice.com/song_covers/ta/nk/tank84914/b6X7s7dQjiqNQfDic9xjfg.jpeg?x-oss-process=image/resize,m_fixed,h_1,w_1,limit_0/resize,m_fixed,h_630,w_1200,limit_0/watermark,image_c29uZ19jb3ZlcnMvdGEvbmsvdGFuazg0OTE0L2I2WDdzN2RRamlxTlFmRGljOXhqZmcuanBlZz94LW9zcy1wcm9jZXNzPWltYWdlL3Jlc2l6ZSxtX2ZpeGVkLGhfMzQ0LHdfMzQ0LGxpbWl0XzA,g_nw,x_428,y_143/watermark,image_YXNzZXQvaW1hZ2VzL21ldGFpbWFnZS1zb25nLnBuZw,g_nw,x_0,y_0",@tank84914,音樂人,,,,12,7,1,,,https://www.youtube.com/user/StreetVoiceTV,Rock,,,,"就讓我再想一晚 
就讓我再想一晚","如果 忘記了怎麼辦 忘了那街角的笑容與情緒 你說過的話還卡在舌尖 像沒寄出的信 人群來來去去 我卻停在原地 把昨天翻了一遍又一遍 還是找不到你 你站在天際線上 背影那麼近又那麼遠 我伸手碰到風 才發現自己在顫 世界盡頭的鐘響 將由誰來倒數 你走後留下的餘溫 我還要怎麼愛 那街角的笑容 我捧在手心不放 如果時間能暫停 就讓我再想一晚 雨落在窗台上 留下孤獨的對白 我把你的名字輕輕念 想把時空倒轉 照片被我折了角 收進角落的相簿裡 每一次轉身的空白 都在問我自己 你站在天際線上 像一束不肯落下的光 我沿著隧道走 走回那年的方向 如果忘記了怎麼辦 你還會不會回來 你走後留下的餘溫 我還要怎麼愛 在夜晚的夢境中 有你走過的背影 如果時間能暫停 就讓我再想一晚 要是世界塌陷 把我們都抹去 至少這顆心還記得 你曾笑著靠近 如果忘記了怎麼辦 你還會不會回來 如果遺失了怎麼找 我還要怎麼愛 
如果 忘記了怎麼辦 忘了那街角的笑容與情緒 你說過的話還卡在舌尖 像沒寄出的信 人群來來去去 我卻停在原地 把昨天翻了一遍又一遍 還是找不到你 你站在天際線上 背影那麼近又那麼遠
我伸手碰到風 才發現自己在顫 世界盡頭的鐘響 將由誰來倒數 你走後留下的餘溫 我還要怎麼愛
那街角的笑容 我捧在手心不放 如果時間能暫停 就讓我再想一晚
雨落在窗台上 留下孤獨的對白 我把你的名字輕輕念 想把時空倒轉 照片被我折了角 收進角落的相簿裡 每一次轉身的空白 都在問我自己
你站在天際線上 像一束不肯落下的光 我沿著隧道走 走回那年的方向
如果忘記了怎麼辦 你還會不會回來 你走後留下的餘溫 我還要怎麼愛 在夜晚的夢境中 有你走過的背影 如果時間能暫停 就讓我再想一晚
要是世界塌陷 把我們都抹去 至少這顆心還記得 你曾笑著靠近
如果忘記了怎麼辦 你還會不會回來 如果遺失了怎麼找 我還要怎麼愛
留言（ 2 ） 最相關留言 所有留言
留言（ 2 ）",2026-07-28,,False,False,
2026-07-29 23:16:58,47,,,2,33,0,https://streetvoice.com/justwokeup/songs/871864/,https://streetvoice.com/justwokeup/,"https://akstatic.streetvoice.com/song_covers/ju/st/justwokeup/h9XDNBvLYJNmKRaBWqZrzf.jpeg?x-oss-process=image/resize,m_fixed,h_1,w_1,limit_0/resize,m_fixed,h_630,w_1200,limit_0/watermark,image_c29uZ19jb3ZlcnMvanUvc3QvanVzdHdva2V1cC9oOVhETkJ2TFlKTm1LUmFCV3FacnpmLmpwZWc_eC1vc3MtcHJvY2Vzcz1pbWFnZS9yZXNpemUsbV9maXhlZCxoXzM0NCx3XzM0NCxsaW1pdF8w,g_nw,x_428,y_143/watermark,image_YXNzZXQvaW1hZ2VzL21ldGFpbWFnZS1zb25nLnBuZw,g_nw,x_0,y_0",@justwokeup,音樂人,台灣,2026-05-01,,1,17,,,,https://www.youtube.com/user/StreetVoiceTV,R&B / Soul,,,,,"erse 怎麼都忘不掉 漫步無人的街 I’m just thinking bout some how 湖畔倒映出 最真實的模樣 Pre-chorus Taking out my heart and soul Killing my senses lose control Fantasized the light and let it glow Leaving all my tears below 
erse 怎麼都忘不掉 漫步無人的街 I’m just thinking bout some how 湖畔倒映出 最真實的模樣
Pre-chorus Taking out my heart and soul Killing my senses lose control Fantasized the light and let it glow Leaving all my tears below
留言（ 0 ） 最相關留言 所有留言
留言（ 0 ）",2026-07-29,,False,False,
2026-07-29 23:16:58,48,,,47,10997,27,https://streetvoice.com/LieYing/songs/870445/,https://streetvoice.com/LieYing/,"https://akstatic.streetvoice.com/song_covers/Li/eY/LieYing/LAAHNawVStb8bcWCSKQf75.jpeg?x-oss-process=image/resize,m_fixed,h_1,w_1,limit_0/resize,m_fixed,h_630,w_1200,limit_0/watermark,image_c29uZ19jb3ZlcnMvTGkvZVkvTGllWWluZy9MQUFITmF3VlN0YjhiY1dDU0tRZjc1LmpwZWc_eC1vc3MtcHJvY2Vzcz1pbWFnZS9yZXNpemUsbV9maXhlZCxoXzM0NCx3XzM0NCxsaW1pdF8w,g_nw,x_428,y_143/watermark,image_YXNzZXQvaW1hZ2VzL21ldGFpbWFnZS1zb25nLnBuZw,g_nw,x_0,y_0",@LieYing,音樂人,,,2025-09-08 17:23,,,,,https://www.instagram.com/lieying.lieying/,https://www.youtube.com/@lieying.lieying,Rock,,,,"「What's Up - 4 Non Blondes」烈鷹的翻唱 
「What's Up - 4 Non Blondes」烈鷹的翻唱","動態歌詞
Twenty-nine years and my life is still Just trying to get up that great big hill of hope For a destination I realized quickly when I knew I should That the world was made up of this Brotherhood of man For whatever that means And so I cry sometimes When I’m lying in bed Just to get it all out What’s in my head And I I am feeling A little peculiar And so I wake in the morning And I step outside And I take a deep breath And I get real high And I Scream at the top of my lungs WHAT’S GOING ON and I say 嘿 呀 呀 呀 呀 嘿 呀 呀 I SAY 嘿 WHAT’S GOING ON and I say 嘿 呀 呀 呀 呀 嘿 呀 呀 I SAY 嘿 WHAT’S GOING ON And he tries Oh my god, do I try I try all the time In this institution AND HE PRAYS Oh my god, do I pray I pray every single day MYEH FOR A REVOLUTION And so I cry sometimes When I’m lying in bed Just to get it all out What’s in my head And I I am feeling A little peculiar And so I wake in the morning And I step outside And I take a deep breath And I get real high And I Scream at the top of my lungs WHAT’S GOING ON and I say 嘿 呀 呀 呀 呀 嘿 呀 呀 I SAY 嘿 WHAT’S GOING ON and I say 嘿 呀 呀 呀 呀 嘿 呀 呀呀呀 I SAY 嘿 WHAT’S GOING ON Twenty-nine years and my life is still Just trying to get up that great big hill of hope For a destination 
Twenty-nine years and my life is still Just trying to get up that great big hill of hope For a destination I realized quickly when I knew I should That the world was made up of this Brotherhood of man For whatever that means And so I cry sometimes When I’m lying in bed Just to get it all out What’s in my head And I I am feeling A little peculiar And so I wake in the morning And I step outside And I take a deep breath And I get real high And I Scream at the top of my lungs WHAT’S GOING ON and I say 嘿 呀 呀 呀 呀 嘿 呀 呀 I SAY 嘿 WHAT’S GOING ON and I say 嘿 呀 呀 呀 呀 嘿 呀 呀 I SAY 嘿 WHAT’S GOING ON And he tries Oh my god, do I try I try all the time In this institution AND HE PRAYS Oh my god, do I pray I pray every single day MYEH FOR A REVOLUTION And so I cry sometimes When I’m lying in bed Just to get it all out What’s in my head And I I am feeling A little peculiar And so I wake in the morning And I step outside And I take a deep breath And I get real high And I Scream at the top of my lungs WHAT’S GOING ON and I say 嘿 呀 呀 呀 呀 嘿 呀 呀 I SAY 嘿 WHAT’S GOING ON and I say 嘿 呀 呀 呀 呀 嘿 呀 呀呀呀 I SAY 嘿 WHAT’S GOING ON Twenty-nine years and my life is still Just trying to get up that great big hill of hope For a destination
留言（ 27 ） 最相關留言 所有留言
留言（ 27 ）",2026-07-21,,False,False,
2026-07-29 23:16:58,49,,,4,625,0,https://streetvoice.com/CircusBraintly/songs/870498/,https://streetvoice.com/CircusBraintly/,"https://akstatic.streetvoice.com/music_albums/Ci/rc/CircusBraintly/TXUgHHKwLEW38cMjanSAjS.jpeg?x-oss-process=image/resize,m_fixed,h_1,w_1,limit_0/resize,m_fixed,h_630,w_1200,limit_0/watermark,image_bXVzaWNfYWxidW1zL0NpL3JjL0NpcmN1c0JyYWludGx5L1RYVWdISEt3TEVXMzhjTWphblNBalMuanBlZz94LW9zcy1wcm9jZXNzPWltYWdlL3Jlc2l6ZSxtX2ZpeGVkLGhfMzQ0LHdfMzQ0LGxpbWl0XzA,g_nw,x_428,y_143/watermark,image_YXNzZXQvaW1hZ2VzL21ldGFpbWFnZS1zb25nLnBuZw,g_nw,x_0,y_0",@CircusBraintly,音樂人,台中市,2008-04-01,,16,6939,10,,,https://www.youtube.com/user/StreetVoiceTV,Folk,"The Good News, The Bad News & The Fake",https://streetvoice.com/CircusBraintly/songs/album/97325736/,,"嘲諷網路敲鍵盤者「假理智、真憤怒」的虛偽嘴臉。精準解構現代人在社群上打字寫著「笑死」實則內心暴怒，講得一臉平靜其實最不冷靜的分裂狀態。 ""當你說笑死的時候，我多希望你是真的有在笑。"" 
嘲諷網路敲鍵盤者「假理智、真憤怒」的虛偽嘴臉。精準解構現代人在社群上打字寫著「笑死」實則內心暴怒，講得一臉平靜其實最不冷靜的分裂狀態。
""當你說笑死的時候，我多希望你是真的有在笑。""","Woah Judy Judy Judy why you so pissed off like this? 你知道世界就是這樣運行 生命十之八九不如人意 Woah Judy Judy Judy why you so pissed off like this? 等你放下情緒也許我們還可以坐下來好好談心 So shut the F___ UP and chill the F___ OUT Before you screw the F___ UP you better calm the F___ DOWN (這裡放一段快樂的SOLO) So shut the F___ UP and chill the F___ OUT Before you screw the F___ UP you better calm the F___ DOWN Woah Judy Judy Judy why you so pissed off like this? 你知道世界就是這樣運行 生命十之八九不如人意 So shut the F___ UP and chill the F___ OUT Before you screw the F___ UP you better calm the F___ DOWN 
Woah Judy Judy Judy why you so pissed off like this? 你知道世界就是這樣運行 生命十之八九不如人意
Woah Judy Judy Judy why you so pissed off like this? 等你放下情緒也許我們還可以坐下來好好談心
So shut the F___ UP and chill the F___ OUT Before you screw the F___ UP you better calm the F___ DOWN
(這裡放一段快樂的SOLO)
So shut the F___ UP and chill the F___ OUT Before you screw the F___ UP you better calm the F___ DOWN
Woah Judy Judy Judy why you so pissed off like this? 你知道世界就是這樣運行 生命十之八九不如人意
So shut the F___ UP and chill the F___ OUT Before you screw the F___ UP you better calm the F___ DOWN
留言（ 0 ） 最相關留言 所有留言
留言（ 0 ）",2026-07-22,,True,False,
2026-07-29 23:16:58,50,,,1,43,0,https://streetvoice.com/smokeyme2021/songs/871673/,https://streetvoice.com/smokeyme2021/,"https://akstatic.streetvoice.com/song_covers/sm/ok/smokeyme2021/UJhWZaJdYjebAx2XLhQWWz.jpeg?x-oss-process=image/resize,m_fixed,h_1,w_1,limit_0/resize,m_fixed,h_630,w_1200,limit_0/watermark,image_c29uZ19jb3ZlcnMvc20vb2svc21va2V5bWUyMDIxL1VKaFdaYUpkWWplYkF4MlhMaFFXV3ouanBlZz94LW9zcy1wcm9jZXNzPWltYWdlL3Jlc2l6ZSxtX2ZpeGVkLGhfMzQ0LHdfMzQ0LGxpbWl0XzA,g_nw,x_428,y_143/watermark,image_YXNzZXQvaW1hZ2VzL21ldGFpbWFnZS1zb25nLnBuZw,g_nw,x_0,y_0",@smokeyme2021,音樂人,台北市,2025-07-01,,1,2,,,,https://www.youtube.com/user/StreetVoiceTV,R&B / Soul,,,,"如今，主唱已經不再遊玩英雄聯盟。現在他，正式開啟，瓦羅蘭。 特！ 2026讓我們，衝擊輻能！！！！！！！！ 請各位為他喝采！ 詞 / Lyrics：哈魯 曲 / Composer：哈魯 編曲 / Arrangement：岡崎 主唱 / Vocal：哈魯 和聲 / Harmony：徐上懿 吉他 / Guitar：岡崎 錄音師 / Recording Engineer：蟲和 
如今，主唱已經不再遊玩英雄聯盟。現在他，正式開啟，瓦羅蘭。
特！ 2026讓我們，衝擊輻能！！！！！！！！ 請各位為他喝采！
詞 / Lyrics：哈魯 曲 / Composer：哈魯 編曲 / Arrangement：岡崎 主唱 / Vocal：哈魯 和聲 / Harmony：徐上懿 吉他 / Guitar：岡崎 錄音師 / Recording Engineer：蟲和","動態歌詞
烤橘子掉進火裡 棉花糖也燒起來了 肉沒熟 網子焦掉了 肚子好餓 要不要 考慮吃點別的 煮個涼麵吧 事情先放到一邊 煮個涼麵吧 我們假裝沒看見 煮個涼麵 先吃一點 煮麵條 放進冰水裡 完全是多此一舉 我好餓 要餓死了 要不要 考慮吃點別的 煮個涼麵吧 放到一邊 煮個涼麵吧 裝沒看見 煮個涼麵~ 先吃一點 
烤橘子掉進火裡 棉花糖也燒起來了 肉沒熟 網子焦掉了 肚子好餓 要不要 考慮吃點別的 煮個涼麵吧 事情先放到一邊 煮個涼麵吧 我們假裝沒看見 煮個涼麵 先吃一點 煮麵條 放進冰水裡 完全是多此一舉 我好餓 要餓死了 要不要 考慮吃點別的 煮個涼麵吧 放到一邊 煮個涼麵吧 裝沒看見 煮個涼麵~ 先吃一點
留言（ 0 ） 最相關留言 所有留言
留言（ 0 ）",2026-07-28,,False,False,
