snapshot_time,chart_timeframe,chart_genre,chart_year,chart_week,rank,artist_name,song_title,likes_count,play_count,comments_count,song_url,artist_url,cover_image_url,cover_image_local_path,artist_handle,artist_identity,artist_city,artist_joined_date,artist_accredited_datetime,artist_music_count,artist_fans_count,artist_following_count,artist_facebook_url,artist_instagram_url,artist_youtube_url,related_news,big_thing_appearances,genre,album_title,album_url,collaborators,description,lyrics,release_date,song_accredited_datetime,honors,is_editor_recommended,is_song_of_the_day,critic_review_url
2026-10-03 13:20:51,realtime,hip_hop,,,1,林潔心,To-Do List ft.呂允,48,1991,6,https://streetvoice.com/ddkogi/songs/879050/,https://streetvoice.com/ddkogi/,"https://akstatic.streetvoice.com/song_covers/dd/ko/ddkogi/BBGU3tP3HxbTkdxJHk54vK.jpg?x-oss-process=image/resize,m_fill,h_400,w_400,limit_0",images/879050.jpg,@ddkogi,音樂人,新北市,2023-08-01,2023-09-12 13:59,18,3731,13,,https://instagram.com/ddkogi88,https://www.youtube.com/user/StreetVoiceTV,林潔心推出第二張專輯《永恆少年少女》邀呂允合作主打歌〈To-Do List〉|||https://blow.streetvoice.com/89877/?utm_source=streetvoice&utm_medium=profile-news-block; 2025萬華大鬧熱11/29登場！一次集結李英宏、someshiit山姆、林潔心等17組饒舌歌手|||https://blow.streetvoice.com/84565/?utm_source=streetvoice&utm_medium=profile-news-block; 2025 Park Park Carnival首日回顧：林潔心豔陽下帶動「全民喝水運動」、芒果醬參演四年首登主舞台！|||https://blow.streetvoice.com/82722/?utm_source=streetvoice&utm_medium=profile-news-block,,Hip hop / Rap,,,,"「雖然還沒做到，但我一定可以！」To-Do list 不只是提醒，也是一種願意相信的能力。 足夠重要的事才會被寫下，在易忘瑣事的日常中反覆被想起，被確認，被執行。就像迷路時需要導航，茫然時需要燈塔，忘記如何愛的時候，就將此曲反覆播放，重新找回承接脆弱的力量。 這首甜蜜戀曲偽裝成男女對唱，其實是潔心寫給自己的情歌。歌詞所描述的待辦事項便是如何「愛自己」，因為很難，才更需要反覆提醒，不斷練習，每一個不完美的「你」都值得被愛，被珍惜，被好好善待。 過去他總在快要墜落時，感受到來自家人朋友、聽眾夥伴的愛，那些曾穩穩接住他的溫柔，如雨水流經乾涸，如光線穿過裂縫。 承接終將長出回應，潔心希望自己能像一面鏡子，把收到的光輕輕折返，繼續照亮下一個人，於是他把信念寫成習慣，用 To-Do list 召喚未來的自己，一再重複的歌詞就像那條反覆走過才會出現的小路，在日復一日的生活裡，期待每一次唱起，都離心中的模樣再近一些。 
「雖然還沒做到，但我一定可以！」To-Do list 不只是提醒，也是一種願意相信的能力。 足夠重要的事才會被寫下，在易忘瑣事的日常中反覆被想起，被確認，被執行。就像迷路時需要導航，茫然時需要燈塔，忘記如何愛的時候，就將此曲反覆播放，重新找回承接脆弱的力量。 這首甜蜜戀曲偽裝成男女對唱，其實是潔心寫給自己的情歌。歌詞所描述的待辦事項便是如何「愛自己」，因為很難，才更需要反覆提醒，不斷練習，每一個不完美的「你」都值得被愛，被珍惜，被好好善待。 過去他總在快要墜落時，感受到來自家人朋友、聽眾夥伴的愛，那些曾穩穩接住他的溫柔，如雨水流經乾涸，如光線穿過裂縫。 承接終將長出回應，潔心希望自己能像一面鏡子，把收到的光輕輕折返，繼續照亮下一個人，於是他把信念寫成習慣，用 To-Do list 召喚未來的自己，一再重複的歌詞就像那條反覆走過才會出現的小路，在日復一日的生活裡，期待每一次唱起，都離心中的模樣再近一些。","作詞 林潔心 ddkogi88、呂允 作曲 林潔心 ddkogi88 You 一本  反覆閱都 讀不膩的書 一不小心 被你迷得 一塌糊塗 不懂你時而氣餒中的悲喜 決定把愛你的話重複提及 (Love you for a thousand years , you're still here) 只要你願意 讓我參與你的生活 每天的to do list 是你音樂還有工作 儘管不時會 氣中帶不講理 那全都不要緊 浪漫不用搞剛牽著手一起揮霍 生活這long way扛肩一天一點磨 to do list 因為有你 我變得更加自律的生活 不介意 清單為你 騰出空位 坦然踏實的過 (時間在走 心越要穩重 就take it slowwww) 把愛刻寫在每日清單和心上 華麗辭藻都無以形容的美妙 不必做效果 胭脂 西裝 都丟掉 重複播放favorite song 儘管路漫長 以愛為信的宣告 我扛在肩上 以家為名的proud of 我每天記牢 You're on top of my list You're on top of my list 重複播放favorite song 儘管路漫長 為難的要求 可能會去做 愛常沖昏頭 理智在駐守 頭過身就過 思索對與錯 是你帶我逃出了亂流 迫降後的to do list 123456789 12 是你讓我別著急 愛你像愛自己不和人比較 允許悲傷與喜共存事難料 時而牽住自己時而去燃燒 溫柔/剛強的面都是我自傲 溫柔/剛強的面都是我自傲 不用再裝作我什麼都知道 愛情絕非一昧委屈的討好 愛情絕非一昧委屈地討好 破曉時分裡愛存在周圍繞 to do list 因為有你 我變得 更加自律的生活 不介意 清單為你 騰出空位 坦然踏實的過 (時間在走 心越要穩重 就take it slowwww) 把愛刻寫在每日清單 和心上 華麗辭藻都無以形容 的美妙 不必做效果 胭脂 西裝 都丟掉 重複播放favorite song 儘管路漫長 以愛為信的宣告 我扛在肩上 以家為名的proud of 我每天記牢 You're on top of my list You're on top of my list 重複播放favorite song 儘管路漫長 
作詞 林潔心 ddkogi88、呂允 作曲 林潔心 ddkogi88
You 一本  反覆閱都 讀不膩的書 一不小心 被你迷得 一塌糊塗
不懂你時而氣餒中的悲喜 決定把愛你的話重複提及 (Love you for a thousand years , you're still here)
只要你願意 讓我參與你的生活 每天的to do list 是你音樂還有工作 儘管不時會 氣中帶不講理 那全都不要緊 浪漫不用搞剛牽著手一起揮霍 生活這long way扛肩一天一點磨
to do list 因為有你 我變得更加自律的生活 不介意 清單為你 騰出空位 坦然踏實的過 (時間在走 心越要穩重 就take it slowwww)
把愛刻寫在每日清單和心上 華麗辭藻都無以形容的美妙 不必做效果 胭脂 西裝 都丟掉 重複播放favorite song 儘管路漫長 以愛為信的宣告 我扛在肩上 以家為名的proud of 我每天記牢 You're on top of my list You're on top of my list 重複播放favorite song 儘管路漫長
為難的要求 可能會去做 愛常沖昏頭 理智在駐守 頭過身就過 思索對與錯 是你帶我逃出了亂流 迫降後的to do list 123456789 12 是你讓我別著急 愛你像愛自己不和人比較 允許悲傷與喜共存事難料 時而牽住自己時而去燃燒 溫柔/剛強的面都是我自傲
溫柔/剛強的面都是我自傲 不用再裝作我什麼都知道 愛情絕非一昧委屈的討好
愛情絕非一昧委屈地討好 破曉時分裡愛存在周圍繞
to do list 因為有你 我變得 更加自律的生活 不介意 清單為你 騰出空位 坦然踏實的過 (時間在走 心越要穩重 就take it slowwww)
把愛刻寫在每日清單 和心上 華麗辭藻都無以形容 的美妙 不必做效果 胭脂 西裝 都丟掉 重複播放favorite song 儘管路漫長 以愛為信的宣告 我扛在肩上 以家為名的proud of 我每天記牢 You're on top of my list You're on top of my list 重複播放favorite song 儘管路漫長
留言（ 6 ） 最相關留言 所有留言
留言（ 6 ）",2026-09-23,,Song of the Day; 編輯推薦,True,True,
2026-10-03 13:20:51,realtime,hip_hop,,,2,高偉勛 Shan Hay,3.&#x27;ali 兄弟 ft.跪父樂團,1,119,0,https://streetvoice.com/p233211/songs/881725/,https://streetvoice.com/p233211/,"https://akstatic.streetvoice.com/song_covers/p2/33/p233211/jAQpwrFGKt2N3rijtoHtw3.jpeg?x-oss-process=image/resize,m_fill,h_400,w_400,limit_0",images/881725.jpeg,@p233211,音樂人,台東縣,2008-11-01,,5,196,15,,,https://www.youtube.com/user/StreetVoiceTV,創作，是與家鄉連結的窗口－阿修＆高偉勛專訪|||https://blow.streetvoice.com/20203/?utm_source=streetvoice&utm_medium=profile-news-block; 臺灣原創流行音樂大賽首獎得主開唱 黃連煜、荒山亮、王宏恩任導師助陣加持|||https://blow.streetvoice.com/25093/?utm_source=streetvoice&utm_medium=profile-news-block; 新光三越不插電歷屆決賽入圍者近況蒐羅 自選代表作歌單伴你度過夏日午後|||https://blow.streetvoice.com/21488/?utm_source=streetvoice&utm_medium=profile-news-block,,Hip hop / Rap,《YOU GOOD?!》,https://streetvoice.com/p233211/songs/album/97326155/,阿蘭 AC,"‘ali犯錯，一起受罰。 ‘ali成功，一起享受。 或許有一天，我們會各自到其他的地方生活 但火的教育，巴拉冠的戒訓 無論到哪裡，都會跟著我們。 箴言 17:17 
‘ali犯錯，一起受罰。 ‘ali成功，一起享受。 或許有一天，我們會各自到其他的地方生活 但火的教育，巴拉冠的戒訓 無論到哪裡，都會跟著我們。
箴言 17:17","I got your back ! ‘ali！ 我永遠罩你，兄弟！ No matter where I am！ 不論我身在何處！ I got your back ! ‘ali！ 我永遠罩你，兄弟！ No matter where I am！ 不論我身在何處！ I got your back ! ‘ali！ 我永遠罩你，兄弟！ I got your back ! ‘ali！ 我永遠罩你，兄弟！ dinapalran i makalusu kana vulan mikuwang ta 月光下的腳印，我們拿著獵槍 tinu maca u,tinu calinga ku 你當眼睛我當耳朵 kadu u i nganguwayan kadu ku i likudan 你在前面我在後頭 marelrang ta pu’acar 我們一起分享 marelrang ta ‘imiway 我們一起挨餓 alra mareali 因為我們是兄弟 marelrang ta kisavung 一起被懲罰 kakuwayan i palakuwan i ni 這是巴拉冠的教育 I got your back ! ‘ali！ 我永遠罩你，兄弟！ No matter where I am！ 不論我身在何處！ I got your back ! ‘ali！ 我永遠罩你，兄弟！ No matter where I am！ 不論我身在何處！ I got your back ! ‘ali！ 我永遠罩你，兄弟！ I got your back ! ‘ali！ 我永遠罩你，兄弟！ I got you back,nu mi pamelriyan lra mu kakuda I got you back,犯錯沒關係 I got you back,marepakuwa ta,mareka inava ta I got you back,我們較勁，我們合好 nu kadaidan lra ma’idang ta lra 有一天都長大 mukuwa ta muvare sa i dawilr 都到外面去打拼了 Keeping the fire alive is our promise 不讓火熄滅是我們的承諾 Protecting the village is our promise 保護村莊是我們的承諾 To be a role model is our promise 做一個好榜樣是我們的承諾 We know it’s all about promise 是我們的承諾 Guiding our younger brothers is our promise 教育我們的弟弟是我們的承諾 Passing down the wisdom is our promise 傳承智慧是我們的承諾 Never leaving you behind is our promise 不撇下你是我們的承諾 When you fall, I’ll hold you up and pray y’all be blessed 當你失敗我會撐住你為你禱告 adi ta ma’avut da apuy 火不能熄 ma u nanta kinuredan 就是我們的承諾 nu kadu ku lra i iyan mu,marewadi ta patali a wac 不論我在哪，是一輩子的兄弟 Listen,alra ka adu mi diya聽好， 因為我們都在 I got your back ! ‘ali！ 我永遠罩你，兄弟！ No matter where I am！ 不論我身在何處！ 
I got your back ! ‘ali！ 我永遠罩你，兄弟！ No matter where I am！ 不論我身在何處！ I got your back ! ‘ali！ 我永遠罩你，兄弟！ No matter where I am！ 不論我身在何處！ I got your back ! ‘ali！ 我永遠罩你，兄弟！ I got your back ! ‘ali！ 我永遠罩你，兄弟！
dinapalran i makalusu kana vulan mikuwang ta 月光下的腳印，我們拿著獵槍 tinu maca u,tinu calinga ku 你當眼睛我當耳朵 kadu u i nganguwayan kadu ku i likudan 你在前面我在後頭
marelrang ta pu’acar 我們一起分享 marelrang ta ‘imiway 我們一起挨餓 alra mareali 因為我們是兄弟 marelrang ta kisavung 一起被懲罰 kakuwayan i palakuwan i ni 這是巴拉冠的教育
I got your back ! ‘ali！ 我永遠罩你，兄弟！ No matter where I am！ 不論我身在何處！ I got your back ! ‘ali！ 我永遠罩你，兄弟！ No matter where I am！ 不論我身在何處！ I got your back ! ‘ali！ 我永遠罩你，兄弟！ I got your back ! ‘ali！ 我永遠罩你，兄弟！
I got you back,nu mi pamelriyan lra mu kakuda I got you back,犯錯沒關係 I got you back,marepakuwa ta,mareka inava ta I got you back,我們較勁，我們合好
nu kadaidan lra ma’idang ta lra 有一天都長大 mukuwa ta muvare sa i dawilr 都到外面去打拼了
Keeping the fire alive is our promise 不讓火熄滅是我們的承諾 Protecting the village is our promise 保護村莊是我們的承諾 To be a role model is our promise 做一個好榜樣是我們的承諾 We know it’s all about promise 是我們的承諾 Guiding our younger brothers is our promise 教育我們的弟弟是我們的承諾 Passing down the wisdom is our promise 傳承智慧是我們的承諾 Never leaving you behind is our promise 不撇下你是我們的承諾 When you fall, I’ll hold you up and pray y’all be blessed 當你失敗我會撐住你為你禱告
adi ta ma’avut da apuy 火不能熄 ma u nanta kinuredan 就是我們的承諾 nu kadu ku lra i iyan mu,marewadi ta patali a wac 不論我在哪，是一輩子的兄弟 Listen,alra ka adu mi diya聽好， 因為我們都在
I got your back ! ‘ali！ 我永遠罩你，兄弟！ No matter where I am！ 不論我身在何處！
留言（ 0 ） 最相關留言 所有留言
留言（ 0 ）",2026-09-29,,Song of the Day; 編輯推薦,True,True,
2026-10-03 13:20:51,realtime,hip_hop,,,3,震樂堂,比爾Rich Man_demo,3,194,2,https://streetvoice.com/jhenyuetang/songs/880582/,https://streetvoice.com/jhenyuetang/,"https://akstatic.streetvoice.com/song_covers/jh/en/jhenyuetang/mrvY8tF2wAFU56b8XR563g.jpeg?x-oss-process=image/resize,m_fill,h_400,w_400,limit_0",images/880582.jpeg,@jhenyuetang,音樂人,台中市,2020-07-01,2023-07-12 17:18,14,460,2,https://www.facebook.com/jhenyuetang,https://www.instagram.com/jhenyuetang/,https://www.youtube.com/@jhenyuetang,震樂堂釋出〈眾神出巡〉Remix版本 FUTURE AFTER A SECOND吉他手Nicky跨刀合作|||https://blow.streetvoice.com/80898/?utm_source=streetvoice&utm_medium=profile-news-block; 震樂堂攜手「九天玄女娘娘」開啟《眾神出巡》專場 高雄加開場6/8邀夕陽武士共演|||https://blow.streetvoice.com/80611/?utm_source=streetvoice&utm_medium=profile-news-block; 震樂堂前往捷克音樂祭開唱 即將釋出首支官方MV〈勅令〉|||https://blow.streetvoice.com/75165/?utm_source=streetvoice&utm_medium=profile-news-block,,Hip hop / Rap,,,,,"詞曲｜王大偉　編曲｜震樂堂 和聲｜莊芷妤 比爾Rich Man 比爾 比爾Rich Man 我行東西趁錢無人知 我行南北趁錢穩答答 因為咬錢來的是虎爺 財神保庇我上好額 我手攑清香誠心三拜 開始報住址 祈求五路財神共我保庇照顧我生意 像我這款若發大財叫做真正有天理 Be a rich man 的我跟你講千萬別鐵齒 誠心三拜有道理 財神爺公賜財氣 正手水鬼倒手 Gucci 全身軀 Armani 有借有還發財金 愛飼金雞食水米 跤踏實地趁錢無數 逐工攏好日子 比爾Rich Man 比爾 比爾Rich Man 來拜伯公仔啊 順紲食一碗泡麵 比爾Rich Man 比爾 比爾Rich Man 財神廟補財庫 天庫地庫水庫錢 比爾Rich Man 比爾 比爾Rich Man 弓蕉梨仔王梨 財神招來咱身邊 １２３ 發啦！！！ 我行東西趁錢無人知 我行南北趁錢穩答答 因為咬錢來的是虎爺 財神保庇我上好額 為著生活 奮鬥到半暝 為著生活 奮鬥到雞啼 為著三頓 為著家庭 為著理想 為著自己 天公疼惜的你 財神會賜財予你 比爾Rich Man 比爾 比爾Rich Man 來拜伯公仔啊 順紲食一碗泡麵 比爾Rich Man 比爾 比爾Rich Man 財神廟補財庫 天庫地庫水庫錢 比爾Rich Man 比爾 比爾Rich Man 弓蕉李仔王梨 財神招來咱身邊 １２３ 發啦！！！ 我行東西趁錢無人知 我行南北趁錢穩答答 因為咬錢來的是虎爺 財神保庇我上好額 
詞曲｜王大偉　編曲｜震樂堂 和聲｜莊芷妤
比爾Rich Man 比爾 比爾Rich Man 我行東西趁錢無人知 我行南北趁錢穩答答 因為咬錢來的是虎爺 財神保庇我上好額
我手攑清香誠心三拜 開始報住址 祈求五路財神共我保庇照顧我生意 像我這款若發大財叫做真正有天理 Be a rich man 的我跟你講千萬別鐵齒
誠心三拜有道理 財神爺公賜財氣 正手水鬼倒手 Gucci 全身軀 Armani 有借有還發財金 愛飼金雞食水米 跤踏實地趁錢無數 逐工攏好日子
比爾Rich Man 比爾 比爾Rich Man 來拜伯公仔啊 順紲食一碗泡麵 比爾Rich Man 比爾 比爾Rich Man 財神廟補財庫 天庫地庫水庫錢 比爾Rich Man 比爾 比爾Rich Man 弓蕉梨仔王梨 財神招來咱身邊 １２３ 發啦！！！
我行東西趁錢無人知 我行南北趁錢穩答答 因為咬錢來的是虎爺 財神保庇我上好額
為著生活 奮鬥到半暝 為著生活 奮鬥到雞啼 為著三頓 為著家庭 為著理想 為著自己 天公疼惜的你 財神會賜財予你
比爾Rich Man 比爾 比爾Rich Man 來拜伯公仔啊 順紲食一碗泡麵 比爾Rich Man 比爾 比爾Rich Man 財神廟補財庫 天庫地庫水庫錢 比爾Rich Man 比爾 比爾Rich Man 弓蕉李仔王梨 財神招來咱身邊 １２３ 發啦！！！
我行東西趁錢無人知 我行南北趁錢穩答答 因為咬錢來的是虎爺 財神保庇我上好額
留言（ 2 ） 最相關留言 所有留言
留言（ 2 ）",2026-09-22,,Song of the Day; 編輯推薦,True,True,
2026-10-03 13:20:51,realtime,hip_hop,,,4,高偉勛 Shan Hay,8.Little Luck Little Luv ft.舞思愛 Usay Kawlu,0,16,0,https://streetvoice.com/p233211/songs/881719/,https://streetvoice.com/p233211/,"https://akstatic.streetvoice.com/song_covers/p2/33/p233211/XCnF3XamF4MrU7ZyUe3Wvt.jpeg?x-oss-process=image/resize,m_fill,h_400,w_400,limit_0",images/881719.jpeg,@p233211,音樂人,台東縣,2008-11-01,,5,196,15,,,https://www.youtube.com/user/StreetVoiceTV,創作，是與家鄉連結的窗口－阿修＆高偉勛專訪|||https://blow.streetvoice.com/20203/?utm_source=streetvoice&utm_medium=profile-news-block; 臺灣原創流行音樂大賽首獎得主開唱 黃連煜、荒山亮、王宏恩任導師助陣加持|||https://blow.streetvoice.com/25093/?utm_source=streetvoice&utm_medium=profile-news-block; 新光三越不插電歷屆決賽入圍者近況蒐羅 自選代表作歌單伴你度過夏日午後|||https://blow.streetvoice.com/21488/?utm_source=streetvoice&utm_medium=profile-news-block,,Hip hop / Rap,《YOU GOOD?!》,https://streetvoice.com/p233211/songs/album/97326155/,,"你有沒有覺得生活中 真的有很多小事會把我們搞得心浮氣躁 沒帶到鑰匙、耳機線打結 又或者喜歡的早餐店奶茶被做成無糖的？ 但也許 當你把腳步放慢一點點點點點 你會發現比起那些小事 祂用祂的愛 創造了更多能夠讓我們去開心的小幸運。 So, take it slow today！ 詩篇 104:24 
你有沒有覺得生活中 真的有很多小事會把我們搞得心浮氣躁 沒帶到鑰匙、耳機線打結 又或者喜歡的早餐店奶茶被做成無糖的？
但也許 當你把腳步放慢一點點點點點
你會發現比起那些小事 祂用祂的愛 創造了更多能夠讓我們去開心的小幸運。
So, take it slow today！
詩篇 104:24","生活有時後太匆忙 從一睜眼開到起床 剛關門又開始慌張 手機錢包耳機戴上 kinilalupan lra na sosi (鑰匙又忘記帶了) man kemadu diya? (怎麼又這樣捏？) Oh baby,it just happend (懊親愛的，它終究發生了) Oh baby,you just need to listen (懊親愛的，我想你需要靜心聽看看) 小白鞋踩到水塘 陰時多雲是今天氣象 我們還能呼吸空氣 藏在高樓中微弱的星星 看得清 oh～patawari kemakawang mengad (喔～放慢腳步感受呼吸) oh～patawari kemakawang mengad (喔～放慢腳步感受呼吸) He gives me a little luck,gives me a little luv (祂賜給我這些美好的小幸運跟美好) He gives me a little luck,gives me a little luv (祂賜給我這些美好的小幸運跟美好) piya rukup mena’u di (深呼吸抬頭看看天空) mena’u da tara’ (看見了彩虹掛在天上) nu muruma’ diya,i du na tinusiyawan kana tu (下班後桌上的飯菜) ta patawalay mena’u (只要你放慢去注意) malayas semanal kanahni na eman lra (常常感激這些微不足道的小事) alra mau na pakavulay data wayway (因為它讓生活更美好) And If you take it slow today (在今天，就把腳步放慢吧) He gives me a little luck,gives me a little luv (祂賜給我這些美好的小幸運跟美好) He gives me a little luck,gives me a little luv (祂賜給我這些美好的小幸運跟美好) 這是祂創造得一切 天上蔓延到地面 你只要慢慢來體會 So, take it slow today. (把今天放慢吧) You gotta take it slow 
生活有時後太匆忙 從一睜眼開到起床 剛關門又開始慌張 手機錢包耳機戴上 kinilalupan lra na sosi (鑰匙又忘記帶了) man kemadu diya? (怎麼又這樣捏？) Oh baby,it just happend (懊親愛的，它終究發生了) Oh baby,you just need to listen (懊親愛的，我想你需要靜心聽看看)
小白鞋踩到水塘 陰時多雲是今天氣象 我們還能呼吸空氣 藏在高樓中微弱的星星 看得清
oh～patawari kemakawang mengad (喔～放慢腳步感受呼吸) oh～patawari kemakawang mengad (喔～放慢腳步感受呼吸)
He gives me a little luck,gives me a little luv (祂賜給我這些美好的小幸運跟美好) He gives me a little luck,gives me a little luv (祂賜給我這些美好的小幸運跟美好)
piya rukup mena’u di (深呼吸抬頭看看天空) mena’u da tara’ (看見了彩虹掛在天上) nu muruma’ diya,i du na tinusiyawan kana tu (下班後桌上的飯菜) ta patawalay mena’u (只要你放慢去注意)
malayas semanal kanahni na eman lra (常常感激這些微不足道的小事) alra mau na pakavulay data wayway (因為它讓生活更美好) And If you take it slow today (在今天，就把腳步放慢吧)
He gives me a little luck,gives me a little luv (祂賜給我這些美好的小幸運跟美好) He gives me a little luck,gives me a little luv (祂賜給我這些美好的小幸運跟美好)
這是祂創造得一切 天上蔓延到地面 你只要慢慢來體會 So, take it slow today. (把今天放慢吧)
You gotta take it slow
留言（ 0 ） 最相關留言 所有留言
留言（ 0 ）",2026-09-29,,Song of the Day; 編輯推薦,True,True,
2026-10-03 13:20:51,realtime,hip_hop,,,5,Lil BANG,918 freestyle,3,182,1,https://streetvoice.com/lilbang/songs/881478/,https://streetvoice.com/lilbang/,"https://akstatic.streetvoice.com/song_covers/li/lb/lilbang/8kc3avsvCnKyA3ujZwRff6.jpg?x-oss-process=image/resize,m_fill,h_400,w_400,limit_0",images/881478.jpg,@lilbang,音樂人,,,,,1,2,,,https://www.youtube.com/user/StreetVoiceTV,【金曲37】2026年第37屆金曲獎得獎名單|||https://blow.streetvoice.com/88509/?utm_source=streetvoice&utm_medium=profile-news-block; 【金曲37】第37屆金曲獎入圍名單公布 陳嫺靜、Gummy B入圍最佳歌手獎|||https://blow.streetvoice.com/87754/?utm_source=streetvoice&utm_medium=profile-news-block,,Hip hop / Rap,,,1asy,"編曲 Arranger｜xcrxsses,Lil BANG 混音 Mixing｜Lil BANG 詞 Lyrics ｜Lil BANG,1asy 錄音Recording｜Lil BANG,1asy 自主學習課作業 希望畢得了業這樣才能用到 · 叫918 freestyle是因為9/18做的 詞都是free出來的 大概20分鐘吧 ． Yes and yo 是某個憨仔的名字諧音 
編曲 Arranger｜xcrxsses,Lil BANG 混音 Mixing｜Lil BANG 詞 Lyrics ｜Lil BANG,1asy 錄音Recording｜Lil BANG,1asy
自主學習課作業 希望畢得了業這樣才能用到 · 叫918 freestyle是因為9/18做的 詞都是free出來的 大概20分鐘吧 ． Yes and yo 是某個憨仔的名字諧音","(Lady what you gonna do) (September eighteenth gonna do) 快點離開廢墟這我地盤你不是例外 什麼都別想最後一頓他媽請你吃稀飯 點到了是時候該洗牌 人頭正字記號畫幾排 比不過叫你媽媽來 那我會掉兩枚紙板 Dont gonna lie 說不清楚 那些身分 太多金主 太多煩惱別再討好 小妹他說很命苦 要我幫忙做個業績 打個戰績 這週末又搭上班機 爸媽笑嘻嘻 嘴巴緊從不洩漏天機 我太強直接一步到位兩步到ㄈㄟˋ 三步上籃 四步才想到小妹好像還沒醉 幸好三杯醉 我也不用慌 當得分後衛 也不用裝 過來 show some mistake 哥哥的實力 請自行體會 哎呀 不用說那些廢話 愛就愛不愛滾蛋 回家睡覺 上學 遲到 放學 宮廟 這些都是妳愛做的 孟寶愛葳寶 他小到只能用奶嘴尻 出場就知道誰屌 因為拎北的牌最好 不用該該叫 論爽度隔壁奶奶最騷 老子就在你面前diss you now hear me shout Yes and yo  Yes and yo 你媽不生腦子給你因為你沒點用 Yes and yo  Yes and yo 沒有建模沒有優點你只配是舔狗 來到一片風水寶地 我苗栗竹南來自全台的兄弟都被召集 可是0個人會罩你 再裝逼小心我們讓你變男生中最騷滴 今天918 要不帶你去就醫吧 可是沒有醫生能救得了你的臭雞巴 長得抱歉破事又一堆不是我要攻擊他 不服憋著敢放一個屁我直接肘擊他 
(Lady what you gonna do) (September eighteenth gonna do)
快點離開廢墟這我地盤你不是例外 什麼都別想最後一頓他媽請你吃稀飯 點到了是時候該洗牌 人頭正字記號畫幾排 比不過叫你媽媽來 那我會掉兩枚紙板 Dont gonna lie 說不清楚 那些身分 太多金主 太多煩惱別再討好 小妹他說很命苦 要我幫忙做個業績 打個戰績 這週末又搭上班機 爸媽笑嘻嘻 嘴巴緊從不洩漏天機 我太強直接一步到位兩步到ㄈㄟˋ 三步上籃 四步才想到小妹好像還沒醉 幸好三杯醉 我也不用慌 當得分後衛 也不用裝 過來 show some mistake 哥哥的實力 請自行體會 哎呀 不用說那些廢話 愛就愛不愛滾蛋 回家睡覺 上學 遲到 放學 宮廟 這些都是妳愛做的
孟寶愛葳寶 他小到只能用奶嘴尻 出場就知道誰屌 因為拎北的牌最好 不用該該叫 論爽度隔壁奶奶最騷 老子就在你面前diss you now hear me shout Yes and yo  Yes and yo 你媽不生腦子給你因為你沒點用 Yes and yo  Yes and yo 沒有建模沒有優點你只配是舔狗 來到一片風水寶地 我苗栗竹南來自全台的兄弟都被召集 可是0個人會罩你 再裝逼小心我們讓你變男生中最騷滴 今天918 要不帶你去就醫吧 可是沒有醫生能救得了你的臭雞巴 長得抱歉破事又一堆不是我要攻擊他 不服憋著敢放一個屁我直接肘擊他
留言（ 1 ） 最相關留言 所有留言
留言（ 1 ）",2026-09-28,,,False,False,
2026-10-03 13:20:51,realtime,hip_hop,,,6,巫雨彤,失眠,0,8,2,https://streetvoice.com/Sub_attack_715/songs/882219/,https://streetvoice.com/Sub_attack_715/,"https://akstatic.streetvoice.com/song_covers/Su/b_/Sub_attack_715/g2aNo8JVfyUZDsJqvFRTBc.jpg?x-oss-process=image/resize,m_fill,h_400,w_400,limit_0",images/882219.jpg,@Sub_attack_715,音樂人,雲林縣,2024-08-01,,9,4,,,,https://www.youtube.com/user/StreetVoiceTV,,,Hip hop / Rap,,,,,"明明都累了 卻還只是躺著 是睡不著的人 明明都走了 卻還在那站著 依依不捨的人 已經夠了  腦袋都刪光 容不下一半點的思考 只剩下沒意義的標點符號 已經夠了 寫滿的紙張 想要塗掉卻做不到 憤怒的看着自己 就像個智障一樣 
明明都累了 卻還只是躺著 是睡不著的人
明明都走了 卻還在那站著 依依不捨的人
已經夠了  腦袋都刪光 容不下一半點的思考 只剩下沒意義的標點符號
已經夠了 寫滿的紙張 想要塗掉卻做不到 憤怒的看着自己 就像個智障一樣
留言（ 2 ） 最相關留言 所有留言
留言（ 2 ）",2026-10-02,,,False,False,
2026-10-03 13:20:51,realtime,hip_hop,,,7,h0sh1kuzu,剎那sezna - 魂飛魄散 remix （Demo）,0,7,0,https://streetvoice.com/h0sh1kuzu_m4a/songs/882217/,https://streetvoice.com/h0sh1kuzu_m4a/,"https://akstatic.streetvoice.com/song_covers/h0/sh/h0sh1kuzu_m4a/WgoetiZaEi3KE4PGZbpNVf.jpg?x-oss-process=image/resize,m_fill,h_400,w_400,limit_0",images/882217.jpg,@h0sh1kuzu_m4a,音樂人,台中市,2025-11-01,,3,8,4,,,https://www.youtube.com/user/StreetVoiceTV,,,Hip hop / Rap,,,,"試唱一個 之後弄個完整 感謝剎那老姐借我音檔玩 聽完記得支持正版🙂‍↕️ 
試唱一個 之後弄個完整 感謝剎那老姐借我音檔玩 聽完記得支持正版🙂‍↕️","Find a sunrise in da neon night Like satellite that not can’t come on 將剩餘的信仰burn to ashes 拔下最後的星芒 Set me free Set me free 要多詞不達意 要多虛情假意 才能走進 I Can’t stop 意識正在不斷地消散 虛無與存在的對立 天人交戰 我知道我留不住你但還是在 嘗試從看不見你的黑暗之中緊握試探 我毋知影我到底欲按怎甲你放捒 我毋甘的心內攏是你啊你啊 你啊你啊 講是啊是啊 （人來人去 我放袂落你） 爍啊爍啊 欲死矣死矣 （燈火通明 但我揣無你） 問你會知彼个聲音 （人來人去 我放袂落你） 天頂風花 賜我人生 （燈火通明 但我揣無你） 講袂出喙的話 攏放風吹散咱的命運 講白賊的人 到最後嘛攏提無名分 魂飛魄散 你閣毋看 你掖佇咧空中的壽命 攏是下落不明 毋甘的心內攏是你啊你啊 
Find a sunrise in da neon night Like satellite that not can’t come on 將剩餘的信仰burn to ashes 拔下最後的星芒 Set me free Set me free 要多詞不達意 要多虛情假意 才能走進
I Can’t stop 意識正在不斷地消散 虛無與存在的對立 天人交戰 我知道我留不住你但還是在 嘗試從看不見你的黑暗之中緊握試探 我毋知影我到底欲按怎甲你放捒 我毋甘的心內攏是你啊你啊
你啊你啊 講是啊是啊
（人來人去 我放袂落你）
爍啊爍啊 欲死矣死矣
（燈火通明 但我揣無你）
問你會知彼个聲音
（人來人去 我放袂落你）
天頂風花 賜我人生
（燈火通明 但我揣無你）
講袂出喙的話 攏放風吹散咱的命運 講白賊的人 到最後嘛攏提無名分 魂飛魄散 你閣毋看 你掖佇咧空中的壽命 攏是下落不明 毋甘的心內攏是你啊你啊
留言（ 0 ） 最相關留言 所有留言
留言（ 0 ）",2026-10-02,,,False,False,
2026-10-03 13:20:51,realtime,hip_hop,,,8,翊庭,Magazine Baby,1,16,1,https://streetvoice.com/yiting_chang_/songs/881838/,https://streetvoice.com/yiting_chang_/,"https://akstatic.streetvoice.com/song_covers/yi/ti/yiting_chang_/2wTndJodNT2kGZhux2JVQz.jpeg?x-oss-process=image/resize,m_fill,h_400,w_400,limit_0",images/881838.jpeg,@yiting_chang_,音樂人,,,2022-01-04 18:49,1,310,1,,https://instagram.com/yiting_chang_,https://www.youtube.com/channel/UCNuqUnM5olqZp7jRcTIw0MA,壞特、楊舒雅、7LING等女聲參戰！文總「She Vibes嬉哈音樂日」6/14 The Wall開唱|||https://blow.streetvoice.com/87678/?utm_source=streetvoice&utm_medium=profile-news-block; 114年流行音樂製作發行補助案 「創作新聲類」獲補助名單公布|||https://blow.streetvoice.com/81788/?utm_source=streetvoice&utm_medium=profile-news-block; 不只有「暈船神曲」！StreetVoice公布2021年五十大熱門歌曲|||https://blow.streetvoice.com/58024/?utm_source=streetvoice&utm_medium=profile-news-block,,Hip hop / Rap,,,,"MAGAZINE BABY 豪華禮盒 ✨ 💪🏻 產品說明 內含容貌焦慮、身材羞辱等你一定也曾有的恐懼 🔥 超早鳥方案 現在下單，加碼贈送「6小時脫水減重」SOP ｜ 豪華包裝 唯一正貨｜ 📞 立刻撥打訂購專線：0800-5252 🤫 折扣通關密語： 如果我可以，你一定也可以 獻給所有夾在主流審美與自我覺醒之間 一邊臣服，一邊掙扎的人 在這場從出生就開始的集體洗腦裡，我們清醒地沉淪 ☆.｡.:*・°･.｡*･.｡* .☆.｡.:* ・°･.｡*･.｡* . 🎵 雜誌寶貝已在各大串流平台登場！ ➡️https://www.submithub.com/link/magazine-baby 🥤 Follow 翊庭 Instagram｜ https://www.instagram.com/yiting_chang_ Youtube｜ https://www.youtube.com/@yiting_chang_ Spotify | https://cutt.ly/yiting_spotify Apple Music | https://cutt.ly/yiting_applemusic 更多串流平台 | https://lnkfi.re/yitingchang .☆.｡.:*・°･.｡*･.｡* .☆.｡.:* ・°･.｡*･.｡* . | Music | 製作人 Producer / A.F 作詞 Lyricist / 翊庭 作曲 Composer / 翊庭 編曲 Arrangement / A.F 錄音 Recording Engineer / A.F 混音 Mixing Engineer / Wayson Scream | Artist Team | 統籌 Coordinator / Eira 概念原創 Concept / 翊庭、Eira 藝人經紀 Artist Manager / 老高 A&R / 瑞發Reva Chen 企劃 Planning / 阿湯 封面設計 Cover Design / Lori | Photography | 攝影 Photographer / Jove Wong 攝助 Photo Assistant / Helen Yeh & Pang Chau 妝髮 MUA / Liz Lee 妝髮助理 MUA Assistant / Pei Yu Tseng 造型 Stylist / Fish Kuang 
MAGAZINE BABY 豪華禮盒 ✨
💪🏻 產品說明 內含容貌焦慮、身材羞辱等你一定也曾有的恐懼 🔥 超早鳥方案 現在下單，加碼贈送「6小時脫水減重」SOP ｜ 豪華包裝 唯一正貨｜ 📞 立刻撥打訂購專線：0800-5252 🤫 折扣通關密語： 如果我可以，你一定也可以 獻給所有夾在主流審美與自我覺醒之間 一邊臣服，一邊掙扎的人 在這場從出生就開始的集體洗腦裡，我們清醒地沉淪
☆.｡.:*・°･.｡*･.｡* .☆.｡.:* ・°･.｡*･.｡* .
🎵 雜誌寶貝已在各大串流平台登場！ ➡️https://www.submithub.com/link/magazine-baby
🥤 Follow 翊庭 Instagram｜ https://www.instagram.com/yiting_chang_ Youtube｜ https://www.youtube.com/@yiting_chang_ Spotify | https://cutt.ly/yiting_spotify Apple Music | https://cutt.ly/yiting_applemusic 更多串流平台 | https://lnkfi.re/yitingchang
https://www.instagram.com/yiting_chang_
https://www.youtube.com/@yiting_chang_
https://cutt.ly/yiting_spotify
https://cutt.ly/yiting_applemusic
https://lnkfi.re/yitingchang
.☆.｡.:*・°･.｡*･.｡* .☆.｡.:* ・°･.｡*･.｡* .
| Music | 製作人 Producer / A.F 作詞 Lyricist / 翊庭 作曲 Composer / 翊庭 編曲 Arrangement / A.F 錄音 Recording Engineer / A.F 混音 Mixing Engineer / Wayson Scream
| Artist Team | 統籌 Coordinator / Eira 概念原創 Concept / 翊庭、Eira 藝人經紀 Artist Manager / 老高 A&R / 瑞發Reva Chen 企劃 Planning / 阿湯 封面設計 Cover Design / Lori
| Photography | 攝影 Photographer / Jove Wong 攝助 Photo Assistant / Helen Yeh & Pang Chau 妝髮 MUA / Liz Lee 妝髮助理 MUA Assistant / Pei Yu Tseng 造型 Stylist / Fish Kuang","動態歌詞
Hey, what's up girl You doing okay in this fucked up world? Hey, what's up girl You doing okay in this fucked up world? So, Free size 到底哪裡free？ 熱量算得比我薪水還仔細 斷食345678 有氧跳到缺氧 但是導演還是不滿意 從小立志成為一個 role model 站上鏡頭wow真的是個肉model 小編幫我多推一點陰影多疊一點 不然粉絲絕對unfollow Big girl with a big dream 想推翻規則要先贏得遊戲 So, being a girl , I gotta fit in 無所不用其極暴力脫水 SOP 抽筋 心悸 利尿劑 know you made it when they let you sing when they let you sing... Be a magazine baby 一起愛自己的身體 改變從現在起 三分基因 七分靠自律 Be a magazine baby 一起愛自己的身體 改變從現在起 立刻入手 甩掉五公斤 被風吹走 像是蒲公英 拉鍊 拉不上 緊身衣 灌香腸 A字裙 塞不下 體重機 不敢量 拉鍊 拉不上 緊身衣 灌香腸 A字裙 塞不下 體重機 不敢量 ( 誰的骨盆最端正？) 我的骨盆最端正！ ( 誰的大腿外側沒有ㄉㄨㄞㄉㄨㄞㄉㄨㄞ....) So why do I do this? 到底是出於我的選擇還是誰的注視？ 當我失去分辨卻一再把話給複製 Losing sight of who to blame I stop thinking , I just play the game Girl, just play the game Be a magazine baby 一起愛自己的身體 改變從現在起 三分基因 七分靠自律 Be a magazine baby 一起愛自己的身體 改變從現在起 立刻入手 甩掉五公斤 被風吹走 像是蒲公英 拉鍊 拉不上 緊身衣 灌香腸 A字裙 塞不下 體重機 不敢量 拉鍊 拉不上 緊身衣 灌香腸 A字裙 塞不下 體重機 不敢量 Hey, what's up girl You doing okay in this fucked up world? Hey, what's up girl You doing okay in this fucked up world? 如果我可以 你一定也可以 你要相信自己 美由你來定義 如果我可以 你一定也可以 你要相信自己 美由你來定義 
Hey, what's up girl You doing okay in this fucked up world? Hey, what's up girl You doing okay in this fucked up world? So, Free size 到底哪裡free？ 熱量算得比我薪水還仔細 斷食345678 有氧跳到缺氧 但是導演還是不滿意 從小立志成為一個 role model 站上鏡頭wow真的是個肉model 小編幫我多推一點陰影多疊一點 不然粉絲絕對unfollow Big girl with a big dream 想推翻規則要先贏得遊戲 So, being a girl , I gotta fit in 無所不用其極暴力脫水 SOP 抽筋 心悸 利尿劑 know you made it when they let you sing when they let you sing... Be a magazine baby 一起愛自己的身體 改變從現在起 三分基因 七分靠自律 Be a magazine baby 一起愛自己的身體 改變從現在起 立刻入手 甩掉五公斤 被風吹走 像是蒲公英 拉鍊 拉不上 緊身衣 灌香腸 A字裙 塞不下 體重機 不敢量 拉鍊 拉不上 緊身衣 灌香腸 A字裙 塞不下 體重機 不敢量 ( 誰的骨盆最端正？) 我的骨盆最端正！ ( 誰的大腿外側沒有ㄉㄨㄞㄉㄨㄞㄉㄨㄞ....) So why do I do this? 到底是出於我的選擇還是誰的注視？ 當我失去分辨卻一再把話給複製 Losing sight of who to blame I stop thinking , I just play the game Girl, just play the game Be a magazine baby 一起愛自己的身體 改變從現在起 三分基因 七分靠自律 Be a magazine baby 一起愛自己的身體 改變從現在起 立刻入手 甩掉五公斤 被風吹走 像是蒲公英 拉鍊 拉不上 緊身衣 灌香腸 A字裙 塞不下 體重機 不敢量 拉鍊 拉不上 緊身衣 灌香腸 A字裙 塞不下 體重機 不敢量 Hey, what's up girl You doing okay in this fucked up world? Hey, what's up girl You doing okay in this fucked up world? 如果我可以 你一定也可以 你要相信自己 美由你來定義 如果我可以 你一定也可以 你要相信自己 美由你來定義
留言（ 1 ） 最相關留言 所有留言
留言（ 1 ）",2026-09-30,,,False,False,
2026-10-03 13:20:51,realtime,hip_hop,,,9,Sxkura,fadedflower（退去的愛）,3,254,0,https://streetvoice.com/xxxxxx1002/songs/881598/,https://streetvoice.com/xxxxxx1002/,"https://akstatic.streetvoice.com/song_covers/xx/xx/xxxxxx1002/kDsFrWFcQ3qAxvJN8u438Z.jpg?x-oss-process=image/resize,m_fill,h_400,w_400,limit_0",images/881598.jpg,@xxxxxx1002,音樂人,,,,2,8,8,,,https://www.youtube.com/user/StreetVoiceTV,,,Hip hop / Rap,,,,"「雖近在咫尺，但只能遠觀。只有這樣能將關係變得簡單。」 封心的那刻，妳不動，我不動，也不知如何是好。 ------------------------------------------------------- 編曲 Arrangement: ProdbySJ 歌詞 Lyrics: Sxkura 作曲 Composition: Sxkura 混音/母帶 Mixing/Mastering: Sxkura 封面 Cover: Pinterest 
「雖近在咫尺，但只能遠觀。只有這樣能將關係變得簡單。」 封心的那刻，妳不動，我不動，也不知如何是好。
-------------------------------------------------------
編曲 Arrangement: ProdbySJ 歌詞 Lyrics: Sxkura 作曲 Composition: Sxkura 混音/母帶 Mixing/Mastering: Sxkura 封面 Cover: Pinterest","她像是花朵 在秋冬的那刻 跟時間拉扯 不想再凋謝了 在黑暗的空間 慢慢褪去的顏色 哼唱著小夜歌 通往光明的橋偏了 悄然拒絕遠方來的宴客 刻著「謝絕光顧」難道那是她自定義的匾額 雖近在咫尺 但只能遠觀 只有這樣能將關係變得簡單 怕再次靠近 形成天難 成為佔有他人內心的嫌犯 但是這樣的選擇 在事發當下對不對 可能這樣的選擇 減少了沒必要的灰土堆 當下內心被動搖 以為那人出現就會抹去了孤傲 冰封著一切搭配著風蕭 吹散了原本剛發芽的樹苗 專屬於妳的《本草綱目》我先裝上了書套 等待彼岸花的同意 讓我成為「她」的主角 無可（刻）奈何 但妳希望此路是奈何橋 陰與陽的摩擦 無果 但依舊希望會再和好 妳說「既見君子，云胡不喜」 但怕那句顯得太客套 隨季更換了三件套 是否話語變冷冽 也不再可靠 花自飄零水自流 獨抱相思 一處閒愁 此情無計可消除 才下眉頭 卻上心頭 即便身上刻出了醉花銘 她卻希望現在該回家行 但仍然會執著 徹夜地死守 依舊觀坐在醉花亭 她像是花朵 在秋冬的那刻 跟時間拉扯 不想再凋謝了 在黑暗的空間 慢慢褪去的顏色 哼唱著小夜歌 通往光明的橋偏了 悄然拒絕遠方來的宴客 刻著「謝絕光顧」難道那是她自定義的匾額 雖近在咫尺 但只能遠觀 只有這樣能將關係變得簡單 怕再次靠近 形成天難 成為佔有他人內心的嫌犯 但是這樣的選擇 在事發當下對不對 可能這樣的選擇 減少了沒必要的灰土堆 
她像是花朵 在秋冬的那刻 跟時間拉扯 不想再凋謝了 在黑暗的空間 慢慢褪去的顏色 哼唱著小夜歌 通往光明的橋偏了 悄然拒絕遠方來的宴客 刻著「謝絕光顧」難道那是她自定義的匾額
雖近在咫尺 但只能遠觀 只有這樣能將關係變得簡單 怕再次靠近 形成天難 成為佔有他人內心的嫌犯 但是這樣的選擇 在事發當下對不對 可能這樣的選擇 減少了沒必要的灰土堆
當下內心被動搖 以為那人出現就會抹去了孤傲 冰封著一切搭配著風蕭 吹散了原本剛發芽的樹苗 專屬於妳的《本草綱目》我先裝上了書套 等待彼岸花的同意 讓我成為「她」的主角
無可（刻）奈何 但妳希望此路是奈何橋 陰與陽的摩擦 無果 但依舊希望會再和好 妳說「既見君子，云胡不喜」 但怕那句顯得太客套 隨季更換了三件套 是否話語變冷冽 也不再可靠
花自飄零水自流 獨抱相思 一處閒愁 此情無計可消除 才下眉頭 卻上心頭 即便身上刻出了醉花銘 她卻希望現在該回家行 但仍然會執著 徹夜地死守 依舊觀坐在醉花亭
她像是花朵 在秋冬的那刻 跟時間拉扯 不想再凋謝了 在黑暗的空間 慢慢褪去的顏色 哼唱著小夜歌 通往光明的橋偏了 悄然拒絕遠方來的宴客 刻著「謝絕光顧」難道那是她自定義的匾額
雖近在咫尺 但只能遠觀 只有這樣能將關係變得簡單 怕再次靠近 形成天難 成為佔有他人內心的嫌犯 但是這樣的選擇 在事發當下對不對 可能這樣的選擇 減少了沒必要的灰土堆
留言（ 0 ） 最相關留言 所有留言
留言（ 0 ）",2026-09-28,,,False,False,
2026-10-03 13:20:51,realtime,hip_hop,,,10,DJ.PETER,隆冬框 全民體操 (Remix),1,11,1,https://streetvoice.com/djp88168/songs/882240/,https://streetvoice.com/djp88168/,"https://akstatic.streetvoice.com/song_covers/dj/p8/djp88168/GTfmw8mAimLUwqUYG6tLM3.jpg?x-oss-process=image/resize,m_fill,h_400,w_400,limit_0",images/882240.jpg,@djp88168,音樂人,高雄市,2006-05-01,2026-03-04 09:49,180,69,65,,,https://www.youtube.com/@djpeterya168,,,Hip hop / Rap,HIP HOP,https://streetvoice.com/djp88168/songs/album/180/,,,"隆冬框 全民體操 (Remix) (隆冬框！隆冬框！隆冬框隆冬框！) (隆冬框！隆冬框！隆冬框隆冬框！) (隆冬框！隆冬框！隆冬框隆冬框！) (隆冬框！隆冬框！隆冬框隆冬框！) 各位鄉親父老、兄弟姊妹、樓上樓下、阿貓阿狗！ 不管你是剛睡醒，還是已經吃飽飽！ 穿上拖鞋，站到客廳中央！ 咱來做一套——全民廣播體操！ Music, go! One two three four, 二二三四！ 아이구! (Aigoo!) 화이팅! (Hwaiting!) Let's go! 大家一起來！ 閃身步！隆冬框隆冬框！ 浪子踢球！隆冬框隆冬框！ 狗熊哆嗦毛！隆冬框隆冬框！ 狗熊多說毛！隆冬框隆冬框！ 多說毛！多說毛！隆冬框隆冬框！ 閃身步！浪子踢球！狗熊多說毛！ 嘿！哈！嗚！笑到肚子痛！ Yo～隆冬框隆冬框，全民攏總來～ 閃身步一踩，像泥鰍鑽灶腳～ 左閃右閃，閃到阿公找不到～ 前閃後閃，閃到影子都跌倒～ 阿公說：我佇遮啦，只是腰閃到～ 아이고! (Aigoo!) 浪子踢球，腳尖畫一個圓～ 踢出去，拖鞋飛過三層樓頂～ 阿嬤喊：死囝仔，球咧？球咧？ 뭐라고? (Mworago?) 我講：阿嬤，球佇狗熊的頭殼頂～ 진짜? (Jinjja?) 狗熊哆嗦毛，抖抖抖抖抖～ 抖一下，毛一件；抖兩下，毛一斗～ 抖三下，客廳變做毛球池～ 抖四下，鄰居以為落雪啊～ 隆冬框隆冬框，狗熊多說毛～ 多說多說多說，毛愈說愈厚～ 多說一句，頭頂生一撮～ 多說兩句，屁股長一顆～ 多說三句，狗熊變做棉被店～ 몰라 몰라! (Molla Molla!) 多說四句，連北極熊都來喊：借過～ (隆冬框！隆冬框！隆冬框隆冬框！) (隆冬框！隆冬框！隆冬框隆冬框！) (隆冬框！隆冬框！隆冬框隆冬框！) (隆冬框！隆冬框！隆冬框隆冬框！) Yo! Long dong kuang, let's do the dodge-step! Left, right, slip like a fish, no regret! Grandpa fell down—oh no, is he okay? He said, ""I'm fine, just twisted my waist today!"" Rogue kick ball, kick it high, kick it strong! Grandma's slipper flew away—so long! Bear shiver fur, shake it loud, shake it proud! Now the living room has a fur cloud! Talk fur, talk fur, talk talk talk some more! You talk so much you grow a floor! Long dong kuang! Dodge! Kick! Shake! Talk! Hey! Ha! Woo! Laugh till your abs hurt! 롱동쿵 롱동쿵! (Long dong kuang! Long dong kuang!) 闪身步! (Dodge-step!) 준비됐어? (Junbidwaesseo? Are you ready?) 왼쪽 오른쪽! (Wenjjok oreunjjok! Left right!) 미끄러지듯이! (Mikkeureojideusi! Like a slippery fish!) 할아버지 어디 갔어? (Harabeoji eodi gasseo? Where did grandpa go?) 아이고, 허리 삐었어! (Aigoo, heori ppieosseo! Oh no, he twisted his back!) 발로 차! (Ballo cha! Kick it!) 슬리퍼가 하늘로! (Slipper goes to the sky!) 곰이 털을 떨어! (Gomi teoreul tteoreo! Bear shivers fur!) 털이 복슬복슬! (Teori bokseulbokseul! Fur is fluffy!) 대박! (Daebak!) 미쳐! (Michyeo!) 화이팅! (Hwaiting!) 안녕! (Annyeong!) 閃身步！隆冬框隆冬框！浪子踢球！隆冬框隆冬框！ Dodge-step! Long dong kuang! Rogue kick! Long dong kuang! 롱동쿵! 롱동쿵! 롱동쿵! 롱동쿵! 嘿！哈！嗚！笑到肚子痛！ 閃身步！隆冬框隆冬框！ 浪子踢球！隆冬框隆冬框！ 狗熊哆嗦毛！隆冬框隆冬框！ 狗熊多說毛！隆冬框隆冬框！ 多說毛！多說毛！隆冬框隆冬框！ 閃身步！浪子踢球！狗熊多說毛！ 嘿！哈！嗚！笑到肚子痛！ 대박! (Daebak!) 화이팅! (Hwaiting!) 안녕! (Annyeong!) (隆冬框！隆冬框！隆冬框隆冬框！) (隆冬框！隆冬框！隆冬框隆冬框！) (隆冬框！隆冬框！隆冬框隆冬框！) (隆冬框！隆冬框！隆冬框隆冬框！) 收操！深呼吸～ 隆冬框隆冬框！ 謝謝阿公，謝謝阿嬤，謝謝小狗，謝謝自己。 Good job, weirdos! Long dong kuang! 수고하셨습니다! (Sugohasyeotseumnida!) 明天見！ 
隆冬框 全民體操 (Remix)
(隆冬框！隆冬框！隆冬框隆冬框！) (隆冬框！隆冬框！隆冬框隆冬框！) (隆冬框！隆冬框！隆冬框隆冬框！) (隆冬框！隆冬框！隆冬框隆冬框！) 各位鄉親父老、兄弟姊妹、樓上樓下、阿貓阿狗！ 不管你是剛睡醒，還是已經吃飽飽！ 穿上拖鞋，站到客廳中央！ 咱來做一套——全民廣播體操！ Music, go! One two three four, 二二三四！ 아이구! (Aigoo!) 화이팅! (Hwaiting!) Let's go! 大家一起來！
閃身步！隆冬框隆冬框！ 浪子踢球！隆冬框隆冬框！ 狗熊哆嗦毛！隆冬框隆冬框！ 狗熊多說毛！隆冬框隆冬框！ 多說毛！多說毛！隆冬框隆冬框！ 閃身步！浪子踢球！狗熊多說毛！ 嘿！哈！嗚！笑到肚子痛！
Yo～隆冬框隆冬框，全民攏總來～ 閃身步一踩，像泥鰍鑽灶腳～ 左閃右閃，閃到阿公找不到～ 前閃後閃，閃到影子都跌倒～ 阿公說：我佇遮啦，只是腰閃到～ 아이고! (Aigoo!) 浪子踢球，腳尖畫一個圓～ 踢出去，拖鞋飛過三層樓頂～ 阿嬤喊：死囝仔，球咧？球咧？ 뭐라고? (Mworago?) 我講：阿嬤，球佇狗熊的頭殼頂～ 진짜? (Jinjja?) 狗熊哆嗦毛，抖抖抖抖抖～ 抖一下，毛一件；抖兩下，毛一斗～ 抖三下，客廳變做毛球池～ 抖四下，鄰居以為落雪啊～ 隆冬框隆冬框，狗熊多說毛～ 多說多說多說，毛愈說愈厚～ 多說一句，頭頂生一撮～ 多說兩句，屁股長一顆～ 多說三句，狗熊變做棉被店～ 몰라 몰라! (Molla Molla!) 多說四句，連北極熊都來喊：借過～
(隆冬框！隆冬框！隆冬框隆冬框！) (隆冬框！隆冬框！隆冬框隆冬框！) (隆冬框！隆冬框！隆冬框隆冬框！) (隆冬框！隆冬框！隆冬框隆冬框！)
Yo! Long dong kuang, let's do the dodge-step! Left, right, slip like a fish, no regret! Grandpa fell down—oh no, is he okay? He said, ""I'm fine, just twisted my waist today!"" Rogue kick ball, kick it high, kick it strong! Grandma's slipper flew away—so long! Bear shiver fur, shake it loud, shake it proud! Now the living room has a fur cloud! Talk fur, talk fur, talk talk talk some more! You talk so much you grow a floor! Long dong kuang! Dodge! Kick! Shake! Talk! Hey! Ha! Woo! Laugh till your abs hurt!
롱동쿵 롱동쿵! (Long dong kuang! Long dong kuang!) 闪身步! (Dodge-step!) 준비됐어? (Junbidwaesseo? Are you ready?) 왼쪽 오른쪽! (Wenjjok oreunjjok! Left right!) 미끄러지듯이! (Mikkeureojideusi! Like a slippery fish!) 할아버지 어디 갔어? (Harabeoji eodi gasseo? Where did grandpa go?) 아이고, 허리 삐었어! (Aigoo, heori ppieosseo! Oh no, he twisted his back!) 발로 차! (Ballo cha! Kick it!) 슬리퍼가 하늘로! (Slipper goes to the sky!) 곰이 털을 떨어! (Gomi teoreul tteoreo! Bear shivers fur!) 털이 복슬복슬! (Teori bokseulbokseul! Fur is fluffy!) 대박! (Daebak!) 미쳐! (Michyeo!) 화이팅! (Hwaiting!) 안녕! (Annyeong!)
閃身步！隆冬框隆冬框！浪子踢球！隆冬框隆冬框！ Dodge-step! Long dong kuang! Rogue kick! Long dong kuang! 롱동쿵! 롱동쿵! 롱동쿵! 롱동쿵! 嘿！哈！嗚！笑到肚子痛！
閃身步！隆冬框隆冬框！ 浪子踢球！隆冬框隆冬框！ 狗熊哆嗦毛！隆冬框隆冬框！ 狗熊多說毛！隆冬框隆冬框！ 多說毛！多說毛！隆冬框隆冬框！ 閃身步！浪子踢球！狗熊多說毛！ 嘿！哈！嗚！笑到肚子痛！ 대박! (Daebak!) 화이팅! (Hwaiting!) 안녕! (Annyeong!)
(隆冬框！隆冬框！隆冬框隆冬框！) (隆冬框！隆冬框！隆冬框隆冬框！) (隆冬框！隆冬框！隆冬框隆冬框！) (隆冬框！隆冬框！隆冬框隆冬框！) 收操！深呼吸～ 隆冬框隆冬框！ 謝謝阿公，謝謝阿嬤，謝謝小狗，謝謝自己。 Good job, weirdos! Long dong kuang! 수고하셨습니다! (Sugohasyeotseumnida!) 明天見！
留言（ 1 ） 最相關留言 所有留言
留言（ 1 ）",2026-10-03,,,False,False,
2026-10-03 13:20:51,realtime,hip_hop,,,11,Easy Mind,不AI,0,33,0,https://streetvoice.com/EasyMindMusic/songs/880987/,https://streetvoice.com/EasyMindMusic/,"https://akstatic.streetvoice.com/song_covers/Ea/sy/EasyMindMusic/5qYQTds6TdX4XwPSQXZNzp.jpeg?x-oss-process=image/resize,m_fill,h_400,w_400,limit_0",images/880987.jpeg,@EasyMindMusic,音樂人,北京,2018-04-01,,8,7,3,,,https://www.youtube.com/user/StreetVoiceTV,百合花與苗可麗為大港開唱彩排 搶先釋出合作歌曲〈愛情限時批〉|||https://blow.streetvoice.com/73082/?utm_source=streetvoice&utm_medium=profile-news-block; 2024大港開唱全陣容＆時程表公開！閃靈成海龍王開場、滿島光撞草東|||https://blow.streetvoice.com/72865/?utm_source=streetvoice&utm_medium=profile-news-block; 大港開唱公布最終波壓軸陣容！閃靈預告演出將結合5G最新科技|||https://blow.streetvoice.com/72791/?utm_source=streetvoice&utm_medium=profile-news-block,,Hip hop / Rap,,,,"如今幾秒鐘就能用AI生成一首歌，那為什麼還要花大把時間「手搓」寫歌？因為對我來說，只有親自創作的音樂才算是真正的原創音樂。手搓的結果不一定比AI做得更好，那又怎樣？或許，我們本來就不該把結果當作人生的意義。你看，今天我又手搓了一首歌，但我不只是手搓，我是在生活，過我喜歡的生活。 詞曲 / 編曲 / 製作：Easy Mind 取樣：The Love Unlimited Orchestra - Give Up Your Love Girl (1975) 
如今幾秒鐘就能用AI生成一首歌，那為什麼還要花大把時間「手搓」寫歌？因為對我來說，只有親自創作的音樂才算是真正的原創音樂。手搓的結果不一定比AI做得更好，那又怎樣？或許，我們本來就不該把結果當作人生的意義。你看，今天我又手搓了一首歌，但我不只是手搓，我是在生活，過我喜歡的生活。
詞曲 / 編曲 / 製作：Easy Mind 取樣：The Love Unlimited Orchestra - Give Up Your Love Girl (1975)","Say what say what No AI no AI Say what say what I said no AI 當我真的在 說愛 真的愛 不是來自AI 大品牌 更新到十八代 但我還是更在乎你心態 That’s right 如何把壓抑變成期待 愛可以消去冰冷傷害 如果人類的幸福指數崩壞 那是因為對科技太過依賴 丟了愛 要和誰分享回憶 Not AI Not AI 要做真實的自己 我真的不AI 真的不AI 雖然慢 但是享受過程就不會有遺憾 親手畫出你心裡的圖案 經歷挫折才會通往答案 多出去看看世界 少評判 大數據懂你消費的習慣 購物車裡面東西塞的太滿 太多的幻覺 意識到的太晚 太晚 要和誰傳達心意 Not AI Not AI 要做唯一的自己 我真的不AI 真的不AI Hey boss, now pardon me （嘿老闆，抱歉了） I need originality （我需要原創性） Fake voice, same melody （偽造的嗓音，重複的旋律） It don’t mean anything to me （對我來說沒有意義） You can generate right away （你可以馬上生成） But it don’t mean anything to me （但這對我來說沒有意義） Dreamin’ like you don’t wanna wake （你可以一直做夢不醒來） But it don’t mean anything to me （但這對我來說沒有意義） 要和誰分享回憶 （別忘了有人還在等你） Not AI Not AI 要做真實的自己 我真的不AI 真的不AI 
Say what say what No AI no AI Say what say what I said no AI
當我真的在 說愛 真的愛 不是來自AI 大品牌 更新到十八代 但我還是更在乎你心態 That’s right 如何把壓抑變成期待 愛可以消去冰冷傷害 如果人類的幸福指數崩壞 那是因為對科技太過依賴 丟了愛
要和誰分享回憶 Not AI Not AI
要做真實的自己 我真的不AI 真的不AI
雖然慢 但是享受過程就不會有遺憾 親手畫出你心裡的圖案 經歷挫折才會通往答案 多出去看看世界 少評判 大數據懂你消費的習慣 購物車裡面東西塞的太滿 太多的幻覺 意識到的太晚 太晚
要和誰傳達心意 Not AI Not AI
要做唯一的自己 我真的不AI 真的不AI
Hey boss, now pardon me （嘿老闆，抱歉了） I need originality （我需要原創性） Fake voice, same melody （偽造的嗓音，重複的旋律） It don’t mean anything to me （對我來說沒有意義） You can generate right away （你可以馬上生成） But it don’t mean anything to me （但這對我來說沒有意義） Dreamin’ like you don’t wanna wake （你可以一直做夢不醒來） But it don’t mean anything to me （但這對我來說沒有意義）
要和誰分享回憶 （別忘了有人還在等你） Not AI Not AI
要做真實的自己 我真的不AI 真的不AI
留言（ 0 ） 最相關留言 所有留言
留言（ 0 ）",2026-09-24,,編輯推薦,True,False,
2026-10-03 13:20:51,realtime,hip_hop,,,12,YAMAKUMA RADIO｜山下志熊,山下志熊 - 通透,0,8,0,https://streetvoice.com/Osc666/songs/882234/,https://streetvoice.com/Osc666/,"https://akstatic.streetvoice.com/song_covers/Os/c6/Osc666/TQiSuXczPLMmZPdzsr7QPc.jpeg?x-oss-process=image/resize,m_fill,h_400,w_400,limit_0",images/882234.jpeg,@Osc666,音樂人,,,,1,,4,,,https://www.youtube.com/user/StreetVoiceTV,,,Hip hop / Rap,,,,"「一無所有的狼狽，是最大的自由。」 來自十幾歲、二十幾歲留下來的一些真實記憶碎片。 街頭、騎樓、水溝邊， 那些以前覺得很狼狽的日子， 現在回頭看，反而是最自由的時候。 有些事情記得很清楚， 有些只剩下聲音、味道和感覺。 以前總覺得， 很多事情一定要想明白、看透。 後來才發現， 人生不一定真的要那麼通透。 有時候， 知道自己還在往前走， 就夠了。 
「一無所有的狼狽，是最大的自由。」
來自十幾歲、二十幾歲留下來的一些真實記憶碎片。
街頭、騎樓、水溝邊， 那些以前覺得很狼狽的日子， 現在回頭看，反而是最自由的時候。
有些事情記得很清楚， 有些只剩下聲音、味道和感覺。
以前總覺得， 很多事情一定要想明白、看透。
後來才發現， 人生不一定真的要那麼通透。
有時候， 知道自己還在往前走， 就夠了。","水比記憶裡更冷 腳踩下去 比想像更深 站在岸上 永遠看不清幾分真 那時候世界很大 大到每條沒走過的路 都像有人替你留著門 --- 第一次站在那個街口 紅燈數起來很久 人潮比雲還厚很多 只覺得每個方向都能走 破機車一路冷的發抖 是鐵鏽味 跟著破傷風 口袋明明什麼都沒有 狼狽是最大的自由 凌晨兩點的街燈 便利商店的人聲 鞋底的灰 配屋裡的黑 路上的菸 還比不上我廢 年輕的時候很愛問： 為什麼不是那樣 為什麼有人留下 為什麼有人轉身下樓 好像只要找到原因 事情就會完整 路一直走 就一定會到頭 話說清楚 就一定能懂透 手抓得夠緊 東西就不會溜走 --- 後來我才懂，走就走，別回頭。 後來我才懂，走就走，別通透。 --- 雨停了彩虹不在天邊 漏油浮在水面 倒過來的天空 被幾個鞋印踩碎 鐵門鎖在騎樓下 只能站水溝邊 規矩說不能再往前 還得掛著笑臉 你好雞蛋糕 喊了好幾百遍 明明只差幾步 卻像隔了好多年 推開那扇門 裡面安靜得可憐 老電扇慢慢轉 牆角冰箱亮著一點 偶爾「喀」一聲 才知道裡面還有電 沒有掌聲 也沒什麼改變 以前想像的世界 也就這麼一點 一條小巷 飯糰油飯 讓畫面突然倒轉回放 日期忘了 原因也講得很亂 你我像阿茲海默 把很多名字丟進角落 平常想不起來 一經過 又全部回頭找我 記得那個笑聲 還記得那個午後 卻忘了哪個路口 自己站了很久 想不起來誰在左右 才知道忘記 也沒把曾經帶走 --- 後來我才懂，走就走，別回頭。 後來我才懂，走就走，別通透。 --- 十年以後 又晃回那個路口 以前看不到盡頭 現在十一分鐘走透 路沒有變短 只是變了尺度 有些很遠 從來不是公里數 ----- 一直盯著時鐘的人 只想少受點傷害 也不是每個當下 都得要替未來交代 帶著二三十歲的臉 總想把話一次說滿 以為講清楚 人就不會栽得太快 可你看呀 話還沒說完 人先走 那時都說 會留很久很久 當年急著把結局講透 現在只剩沒演完的以後 人都走後 門還留著缺口 剩遺憾它沒走 在門口陪我醉酒最久 --- 後來我才懂，走就走，別回頭。 後來我才懂，別通透。別回頭。 --- 把成熟摺成一張張地圖 每個岔路 標記成回家的路 箭頭走著也失去去處 後來下雨了 墨暈成迷霧 口袋半張紙 鞋底沾著土 前面是哪裡 走到那再讀 「不知道。」 以前說這三個字 像認輸認輸 現在有時候 只是真的不知道 不知道明年在哪 不知道誰還會在那 不知道現在覺得重要的事 五年後還剩多少 不知道今天走錯的路 會不會有一天 繞到別的地方 不知道 然後照樣把鞋穿好 門關上 往前 --- 有人陪一段 有人只在某一站 有人坐在旁邊很久 最後連告別都沒有 有人只講過一句話 多年以後突然聽懂 聽懂 以前總想替這些事情命名 好的 壞的 非得分明 值得 浪費 都得判定 判定 後來有些標籤 慢慢掉落 事情還是事情 換了輪廓 好的會過去 壞的也會過去 得到會失去 失去也留下東西 後來我才懂，走就走，別回頭。 後來我才懂，別通透。別回頭。 後來我不懂，走就走，別回頭。 後來我不懂，看不透，也不強求。 
水比記憶裡更冷 腳踩下去 比想像更深
站在岸上 永遠看不清幾分真
那時候世界很大
大到每條沒走過的路 都像有人替你留著門
---
第一次站在那個街口 紅燈數起來很久 人潮比雲還厚很多 只覺得每個方向都能走
破機車一路冷的發抖 是鐵鏽味 跟著破傷風
口袋明明什麼都沒有 狼狽是最大的自由
凌晨兩點的街燈 便利商店的人聲
鞋底的灰 配屋裡的黑 路上的菸 還比不上我廢
年輕的時候很愛問：
為什麼不是那樣 為什麼有人留下 為什麼有人轉身下樓
好像只要找到原因 事情就會完整
路一直走 就一定會到頭
話說清楚 就一定能懂透
手抓得夠緊 東西就不會溜走
---
後來我才懂，走就走，別回頭。 後來我才懂，走就走，別通透。
---
雨停了彩虹不在天邊 漏油浮在水面
倒過來的天空 被幾個鞋印踩碎
鐵門鎖在騎樓下 只能站水溝邊
規矩說不能再往前 還得掛著笑臉
你好雞蛋糕 喊了好幾百遍 明明只差幾步 卻像隔了好多年
推開那扇門 裡面安靜得可憐
老電扇慢慢轉 牆角冰箱亮著一點
偶爾「喀」一聲 才知道裡面還有電
沒有掌聲 也沒什麼改變 以前想像的世界 也就這麼一點
一條小巷 飯糰油飯 讓畫面突然倒轉回放
日期忘了 原因也講得很亂
你我像阿茲海默 把很多名字丟進角落
平常想不起來 一經過 又全部回頭找我
記得那個笑聲 還記得那個午後 卻忘了哪個路口
自己站了很久 想不起來誰在左右
才知道忘記 也沒把曾經帶走 ---
後來我才懂，走就走，別回頭。 後來我才懂，走就走，別通透。
---
十年以後 又晃回那個路口
以前看不到盡頭 現在十一分鐘走透
路沒有變短 只是變了尺度
有些很遠 從來不是公里數 -----
一直盯著時鐘的人 只想少受點傷害
也不是每個當下 都得要替未來交代
帶著二三十歲的臉 總想把話一次說滿
以為講清楚 人就不會栽得太快
可你看呀 話還沒說完 人先走
那時都說 會留很久很久
當年急著把結局講透 現在只剩沒演完的以後
人都走後 門還留著缺口
剩遺憾它沒走 在門口陪我醉酒最久 ---
後來我才懂，走就走，別回頭。 後來我才懂，別通透。別回頭。
---
把成熟摺成一張張地圖 每個岔路 標記成回家的路
箭頭走著也失去去處 後來下雨了 墨暈成迷霧
口袋半張紙 鞋底沾著土 前面是哪裡 走到那再讀
「不知道。」
以前說這三個字 像認輸認輸
現在有時候 只是真的不知道
不知道明年在哪 不知道誰還會在那
不知道現在覺得重要的事 五年後還剩多少
不知道今天走錯的路 會不會有一天 繞到別的地方
不知道
然後照樣把鞋穿好
門關上
往前
---
有人陪一段 有人只在某一站
有人坐在旁邊很久 最後連告別都沒有
有人只講過一句話 多年以後突然聽懂 聽懂
以前總想替這些事情命名
好的 壞的 非得分明 值得 浪費 都得判定 判定
後來有些標籤 慢慢掉落
事情還是事情 換了輪廓
好的會過去 壞的也會過去
得到會失去 失去也留下東西
後來我才懂，走就走，別回頭。 後來我才懂，別通透。別回頭。
後來我不懂，走就走，別回頭。 後來我不懂，看不透，也不強求。
留言（ 0 ） 最相關留言 所有留言
留言（ 0 ）",2026-10-03,,AI 協作 Hip hop / Rap,False,False,
2026-10-03 13:20:51,realtime,hip_hop,,,13,Aroziel,2 Find What I’m 4 (freestyle demo.),0,5,0,https://streetvoice.com/Aroziel_AC/songs/882211/,https://streetvoice.com/Aroziel_AC/,"https://akstatic.streetvoice.com/song_covers/Ar/oz/Aroziel_AC/SeoWUAxNvBhthRgfJrpeG6.jpg?x-oss-process=image/resize,m_fill,h_400,w_400,limit_0",images/882211.jpg,@Aroziel_AC,音樂人,台北市,2023-01-01,,22,8,6,,,https://www.youtube.com/user/StreetVoiceTV,,,Hip hop / Rap,,,,"Credit Lyrics / Composition：Aroziel Producer：Roman Arrangement：Roman Mixing Engineer：Aroziel 
Credit Lyrics / Composition：Aroziel Producer：Roman Arrangement：Roman Mixing Engineer：Aroziel","不在意成就快慢在羅盤指針指對以前 告訴自己別忘記赤子出發的起源 蹲了許久即將躍過龍門在近幾年 撰寫獨特脈絡 專屬Aro的 語言 別想我拿遺憾在夢想的墳前祭酒 沒混到金盆洗手 跟音樂直到天長地久 命運端上桌的 我從來不忌口 24 重生 死灰復燃的ego To Find What I’m for 不是為了證明誰看走眼 只是想對得起每個失眠的昨天 走得慢又如何 至少方向沒有偏 如果答案還沒出現 I will got the more and more 渴望自由 不代表開始逃離現實 追求功名 也提醒自己不被名利限制 成功如果只剩數字 那我寧願重新定義 All in 過程 夢想拋起決定命運的硬幣 還在找 what I live for 每扇門都會親手推開過 有人問我還要追多久 直到那個男孩對我說 Man 你沒辜負 那個從低谷爬起的lil bro To Find What I’m for 不是為了證明誰看走眼 只是想對得起每個失眠的昨天 走得慢又如何 至少方向沒有偏 如果答案還沒出現 I will got the more and more 
不在意成就快慢在羅盤指針指對以前 告訴自己別忘記赤子出發的起源 蹲了許久即將躍過龍門在近幾年 撰寫獨特脈絡 專屬Aro的 語言
別想我拿遺憾在夢想的墳前祭酒 沒混到金盆洗手 跟音樂直到天長地久 命運端上桌的 我從來不忌口 24 重生 死灰復燃的ego
To Find What I’m for 不是為了證明誰看走眼 只是想對得起每個失眠的昨天 走得慢又如何 至少方向沒有偏 如果答案還沒出現 I will got the more and more
渴望自由 不代表開始逃離現實 追求功名 也提醒自己不被名利限制 成功如果只剩數字 那我寧願重新定義 All in 過程 夢想拋起決定命運的硬幣
還在找 what I live for 每扇門都會親手推開過 有人問我還要追多久 直到那個男孩對我說 Man 你沒辜負 那個從低谷爬起的lil bro
To Find What I’m for 不是為了證明誰看走眼 只是想對得起每個失眠的昨天 走得慢又如何 至少方向沒有偏 如果答案還沒出現 I will got the more and more
留言（ 0 ） 最相關留言 所有留言
留言（ 0 ）",2026-10-03,,,False,False,
2026-10-03 13:20:51,realtime,hip_hop,,,14,Aroziel,當你瞇著笑,1,39,0,https://streetvoice.com/Aroziel_AC/songs/881886/,https://streetvoice.com/Aroziel_AC/,"https://akstatic.streetvoice.com/song_covers/Ar/oz/Aroziel_AC/EZwsjhX5bZTB4WQfvPmBYW.jpeg?x-oss-process=image/resize,m_fill,h_400,w_400,limit_0",images/881886.jpeg,@Aroziel_AC,音樂人,台北市,2023-01-01,,22,8,6,,,https://www.youtube.com/user/StreetVoiceTV,,,Hip hop / Rap,解相思,https://streetvoice.com/Aroziel_AC/songs/album/97325952/,,,"過半年再次想起熟悉陌生的lady face 從那天就沒見面 這關係ending maybe fate 匆忙的台北 自我消化有點太累 不回頭邁著我的Lazy pace 我每一步卻在倒退 刻意避開看到你 IG的 story 沒機會親口當面對你say sorry 不及格考卷沒辦法追根究底 淚水偶爾被勾起 情緒輕放在你送的外套兜裡 當你眼睛再次瞇著笑 就是感情的句號 脫離我的懷抱 只想要你 可以幸福就好 當你的眼睛瞇著笑 當你喝可樂 當你吵 我想對你好 你從來不知道 想你 想你也能成為嗜好 當你說今天的煩惱 當你說夜深你睡不著 我想對你說 卻害怕都說錯 好喜歡你 知不知道 
過半年再次想起熟悉陌生的lady face 從那天就沒見面 這關係ending maybe fate 匆忙的台北 自我消化有點太累 不回頭邁著我的Lazy pace 我每一步卻在倒退
刻意避開看到你 IG的 story 沒機會親口當面對你say sorry 不及格考卷沒辦法追根究底 淚水偶爾被勾起 情緒輕放在你送的外套兜裡
當你眼睛再次瞇著笑 就是感情的句號 脫離我的懷抱 只想要你 可以幸福就好
當你的眼睛瞇著笑 當你喝可樂 當你吵 我想對你好 你從來不知道 想你 想你也能成為嗜好 當你說今天的煩惱 當你說夜深你睡不著 我想對你說 卻害怕都說錯 好喜歡你 知不知道
留言（ 0 ） 最相關留言 所有留言
留言（ 0 ）",2026-09-30,,,False,False,
2026-10-03 13:20:51,realtime,hip_hop,,,15,h0sh1kuzu,Take it slow,8,399,4,https://streetvoice.com/h0sh1kuzu_m4a/songs/881150/,https://streetvoice.com/h0sh1kuzu_m4a/,"https://akstatic.streetvoice.com/song_covers/h0/sh/h0sh1kuzu_m4a/7xbiu3eFt78t67wLfWLzt6.jpg?x-oss-process=image/resize,m_fill,h_400,w_400,limit_0",images/881150.jpg,@h0sh1kuzu_m4a,音樂人,台中市,2025-11-01,,3,8,4,,,https://www.youtube.com/user/StreetVoiceTV,,,Hip hop / Rap,,,,"暈船歌 
暈船歌","在盛夏的結尾 抽著菸 在深夜 思考那字句描述的夠不夠體面 那晚我徹夜難眠 思念籠罩你的容貌覆蓋著一層懸念 想跟你成家立業 在你哭泣時伸手拭去眼淚 氣氛已然完備 你的一顰一笑都如此完美 Take it slow 讓霓虹替我們沉默 不必承諾 也別急著說出口 Take it slow Just take it slower, baby 呼吸落在同一個節奏 這一秒 有你在就足夠 在你指尖殘留的香水味 游移不定的眼神中帶著沈醉 就算是直球對決 誰也沒戳破 曖昧才顯得安全 如果害怕需要挽留 請你就別急著回頭 把心跳都留給沉默 讓眼神代替那雙手 Stay with me Oh baby stay with me Take it slow 讓霓虹替我們沉默 不必承諾 也別急著說出口 Take it slow Just take it slower, baby 呼吸落在同一個節奏 這一秒 有你在就足夠 雙手是空的 這轉變太快還來不及習慣 回憶那一晚 你笑容和氛圍顯得多自然 你說你太危險要我注意不要太喜歡 然後默默遞過你的飲料上面用著同一隻吸管 Shit 怎麼會那麼暈 這感覺太久沒有像軍人全裝在大中午行軍 我現在真的有點法離開太久居然開始相信 喔好吧我認了你說的是對的 但我不聽 但我不聽話 除了dirty talk All about love 不都是在追逐著快樂 哪有人進門就說有點熱我明明有開冷氣 本來是這麼想直到我第一次感受到炙熱的身體 在意識和意識間用 舌頭連結起 接下來發生的事情我想我還是放在心裡 也許過了今晚就能淡然結束我的任期 騙你的我他媽暈得要死 要我怎麼裝不在意 
在盛夏的結尾 抽著菸 在深夜 思考那字句描述的夠不夠體面 那晚我徹夜難眠 思念籠罩你的容貌覆蓋著一層懸念 想跟你成家立業 在你哭泣時伸手拭去眼淚 氣氛已然完備 你的一顰一笑都如此完美
Take it slow 讓霓虹替我們沉默 不必承諾 也別急著說出口 Take it slow Just take it slower, baby 呼吸落在同一個節奏 這一秒 有你在就足夠
在你指尖殘留的香水味 游移不定的眼神中帶著沈醉 就算是直球對決 誰也沒戳破 曖昧才顯得安全 如果害怕需要挽留 請你就別急著回頭 把心跳都留給沉默 讓眼神代替那雙手
Stay with me Oh baby stay with me
Take it slow 讓霓虹替我們沉默 不必承諾 也別急著說出口 Take it slow Just take it slower, baby 呼吸落在同一個節奏 這一秒 有你在就足夠
雙手是空的 這轉變太快還來不及習慣 回憶那一晚 你笑容和氛圍顯得多自然 你說你太危險要我注意不要太喜歡 然後默默遞過你的飲料上面用著同一隻吸管 Shit 怎麼會那麼暈 這感覺太久沒有像軍人全裝在大中午行軍 我現在真的有點法離開太久居然開始相信 喔好吧我認了你說的是對的 但我不聽
但我不聽話 除了dirty talk All about love 不都是在追逐著快樂 哪有人進門就說有點熱我明明有開冷氣 本來是這麼想直到我第一次感受到炙熱的身體 在意識和意識間用 舌頭連結起 接下來發生的事情我想我還是放在心裡 也許過了今晚就能淡然結束我的任期 騙你的我他媽暈得要死 要我怎麼裝不在意
留言（ 4 ） 最相關留言 所有留言
留言（ 4 ）",2026-09-26,,,False,False,
2026-10-03 13:20:51,realtime,hip_hop,,,16,Hao,還是不知道要叫啥的重製版(prod. BACCO),0,4,0,https://streetvoice.com/amei0321amei/songs/882140/,https://streetvoice.com/amei0321amei/,"https://akstatic.streetvoice.com/song_covers/am/ei/amei0321amei/aHejAQLfnLK47UmGkCqTqM.jpg?x-oss-process=image/resize,m_fill,h_400,w_400,limit_0",images/882140.jpg,@amei0321amei,音樂人,桃園市,2023-01-01,,10,,,,,https://www.youtube.com/user/StreetVoiceTV,宋念宇相隔五年發行創作專輯《以為你還在》主打歌〈意外〉力邀金狼獎最佳導演 Haoyan of America 操刀|||https://blow.streetvoice.com/89294/?utm_source=streetvoice&utm_medium=profile-news-block; 昭霖Zhaolin再發新專《夢中夢》 與王昭華同台演出合作〈古早的歌〉|||https://blow.streetvoice.com/87564/?utm_source=streetvoice&utm_medium=profile-news-block; 以數位聲響重構道家宇宙觀 電子音樂製作人B E N N新專輯《Chaos and Order》|||https://blow.streetvoice.com/85644/?utm_source=streetvoice&utm_medium=profile-news-block,,Hip hop / Rap,,,,"有資源一定會做的更好 sorry沒資源都靠自己 聽起來雜雜的 給個機會 ""For promotional use only. All rights reserved to the original beat producer."" （僅供推廣使用。版權歸原編曲師所有。） 
有資源一定會做的更好 sorry沒資源都靠自己 聽起來雜雜的 給個機會
""For promotional use only. All rights reserved to the original beat producer."" （僅供推廣使用。版權歸原編曲師所有。）","看我拼命的追 追著那不可能實現的夢 他就像惡夢 在我腦海裡不斷地重播 看我爬上了山頂 看著那些我從未見過的 美麗的風景 it be like 鐵觀音 purple lean drinking drinking drinking all these Hennessy 看我把手中的香菸換成了雪茄 看著他們還在路邊彈奏著吉他 從什麼時候開始我也變成了其他 給你看看為什麼我的成績是A+ 你可能還不了解我們之間的差距 所以你只會在背地裡說閒言閒語 i just wanna make it loud 但你卻帶不走我倔犟的靈魂 lemme sing loud 探討我的風格探討我的品味想法上攻擊 得到了我該得到的都來說恭喜 work hard everyday tryna make it easy make it easy make it easy tryna make it easy prove somethin i don’t need it i don’t need it i don’t need it i don’t need it i don’t need it i don’t need it lemme tell you somethin 從無到有 到頭來都一樣 get numb get pain tryna be better but i can’t that shit so fucked tryna prove something i don’t need it i can’t shut my mouth lemme sing loud 看我拼命的追 追著那不可能實現的夢 他就像惡夢 在我腦海裡不斷地重播 看我爬上了山頂 看著那些我從未見過的 美麗的風景 it be like 鐵觀音 purple lean drinking drinking drinking all these Hennessy 看我把手中的香菸換成了雪茄 給你看看為什麼我的成績是A+ 
看我拼命的追 追著那不可能實現的夢 他就像惡夢 在我腦海裡不斷地重播 看我爬上了山頂 看著那些我從未見過的 美麗的風景 it be like 鐵觀音 purple lean drinking drinking drinking all these Hennessy 看我把手中的香菸換成了雪茄 看著他們還在路邊彈奏著吉他 從什麼時候開始我也變成了其他 給你看看為什麼我的成績是A+ 你可能還不了解我們之間的差距 所以你只會在背地裡說閒言閒語 i just wanna make it loud 但你卻帶不走我倔犟的靈魂 lemme sing loud 探討我的風格探討我的品味想法上攻擊 得到了我該得到的都來說恭喜
work hard everyday tryna make it easy make it easy make it easy tryna make it easy prove somethin i don’t need it i don’t need it i don’t need it i don’t need it i don’t need it i don’t need it
lemme tell you somethin 從無到有 到頭來都一樣 get numb get pain tryna be better but i can’t that shit so fucked tryna prove something i don’t need it i can’t shut my mouth lemme sing loud
看我拼命的追 追著那不可能實現的夢 他就像惡夢 在我腦海裡不斷地重播 看我爬上了山頂 看著那些我從未見過的 美麗的風景 it be like 鐵觀音 purple lean drinking drinking drinking all these Hennessy 看我把手中的香菸換成了雪茄 給你看看為什麼我的成績是A+
留言（ 0 ） 最相關留言 所有留言
留言（ 0 ）",2026-10-02,,,False,False,
2026-10-03 13:20:51,realtime,hip_hop,,,17,minho,大學下雨不淋濕雙腳(demo),1,165,1,https://streetvoice.com/minhominho/songs/881455/,https://streetvoice.com/minhominho/,"https://akstatic.streetvoice.com/song_covers/mi/nh/minhominho/VToGRx8ACoh458pUG3aK7g.jpeg?x-oss-process=image/resize,m_fill,h_400,w_400,limit_0",images/881455.jpeg,@minhominho,音樂人,桃園市,2023-02-01,,2,7,2,,,https://www.youtube.com/user/StreetVoiceTV,現場直擊：The Next Big Thing 大團誕生 開發場 4|||https://blow.streetvoice.com/33935/?utm_source=streetvoice&utm_medium=profile-news-block,,Hip hop / Rap,,,,"上大學後還沒下過雨 
上大學後還沒下過雨","I don't know what to tell them that get a chill點vibe 多去睡覺少點紅眼time 沒關係像液態氮到冰點 我心願 能聽見 下雨滴在每個面和音節 but still wasted Taste it more goals 'n passion 心態是否能夠達到那位階 不強求 如洋流般 反正也類似 不如慢慢的構築你說紀念的墜飾 隨著自然擺動那是最純粹的節拍 走二十分鐘太陽很大店卻沒開 煩惱跟真誠都全賣 在現在這不太清爽的年代 通勤下雨妳可能需要雨傘 你可以封上我嘴但是折不斷我筆桿 批判著自我總說不是我的正事 這種所謂不太真誠的話 你們得認識 大學下雨不淋濕雙腳 再添一句賤嗎 真的剛好 都不開傘 卻不會除去臉上狀造 坦白說不就是想要 大學下雨只淋濕大腦 明天就要感冒 那也剛好 只需忙笑 過去沒必要再強調 或許時間過了就要放掉 不知不覺就開始 十幾二十的人不追社會就是大孩子 睡在拍子 不思考四遍就被當呆子 寧願呆滯 不願陷入飛蚊（緋聞）處境被一掌給拍死 下雨路上坑坑洞洞 磕磕碰碰 沉沉重重不被 人們重用 那平平淡淡 迷離爛漫 停停看看 平平安安就超越剛睡醒的情形渙散 走向陌生恐懼不熟悉世界 在每個早晚每個陰晴每個日夜 邊致謝過去把我心情點碎 一戳痛點那魯伯特的眼淚 烏雲密佈 不在頭頂盤旋 請不繫住 不與過去纏綿 管你雷暴天或晴天 這是我自己故事 不用了解 只需要知道我很固執 這種事發生一年又一年 心態消失那段壞的期間 這種事發生一年又一年 但望心態逐漸轉正 不酒精 不坐冷板凳 
I don't know what to tell them that get a chill點vibe 多去睡覺少點紅眼time 沒關係像液態氮到冰點 我心願 能聽見 下雨滴在每個面和音節 but still wasted Taste it more goals 'n passion 心態是否能夠達到那位階 不強求 如洋流般 反正也類似 不如慢慢的構築你說紀念的墜飾 隨著自然擺動那是最純粹的節拍 走二十分鐘太陽很大店卻沒開 煩惱跟真誠都全賣 在現在這不太清爽的年代 通勤下雨妳可能需要雨傘 你可以封上我嘴但是折不斷我筆桿 批判著自我總說不是我的正事 這種所謂不太真誠的話 你們得認識
大學下雨不淋濕雙腳 再添一句賤嗎 真的剛好 都不開傘 卻不會除去臉上狀造 坦白說不就是想要 大學下雨只淋濕大腦 明天就要感冒 那也剛好 只需忙笑 過去沒必要再強調 或許時間過了就要放掉
不知不覺就開始 十幾二十的人不追社會就是大孩子 睡在拍子 不思考四遍就被當呆子 寧願呆滯 不願陷入飛蚊（緋聞）處境被一掌給拍死 下雨路上坑坑洞洞 磕磕碰碰 沉沉重重不被 人們重用 那平平淡淡 迷離爛漫 停停看看 平平安安就超越剛睡醒的情形渙散 走向陌生恐懼不熟悉世界 在每個早晚每個陰晴每個日夜 邊致謝過去把我心情點碎 一戳痛點那魯伯特的眼淚 烏雲密佈 不在頭頂盤旋 請不繫住 不與過去纏綿 管你雷暴天或晴天 這是我自己故事 不用了解 只需要知道我很固執
這種事發生一年又一年 心態消失那段壞的期間 這種事發生一年又一年 但望心態逐漸轉正 不酒精 不坐冷板凳
留言（ 1 ） 最相關留言 所有留言
留言（ 1 ）",2026-09-27,,,False,False,
2026-10-03 13:20:51,realtime,hip_hop,,,18,Aroziel,餓時弎,0,8,0,https://streetvoice.com/Aroziel_AC/songs/881874/,https://streetvoice.com/Aroziel_AC/,"https://akstatic.streetvoice.com/song_covers/Ar/oz/Aroziel_AC/er9FvexoEBjrzHkHhbjfYH.jpeg?x-oss-process=image/resize,m_fill,h_400,w_400,limit_0",images/881874.jpeg,@Aroziel_AC,音樂人,台北市,2023-01-01,,22,8,6,,,https://www.youtube.com/user/StreetVoiceTV,,,Hip hop / Rap,AZIEL XXIII,https://streetvoice.com/Aroziel_AC/songs/album/97324880/,,"Credit Lyrics / Composition：Aroziel Producer：NB Collective Arrangement：NB Collective Mixing Engineer：Aroziel 
Credit Lyrics / Composition：Aroziel Producer：NB Collective Arrangement：NB Collective Mixing Engineer：Aroziel","我曾想油門催下抵達山谷 結算過多複雜多餘負面 以為不後悔是放棄世間所有酸苦 卻在最後一刻發現懊惱依舊浮現 依然在這 我在 不想放棄曾經凸台一覽無遺的畫面 持續吸收身邊隨機愛love 不必成為最紅最強 但期許走後有人會掛念 當熾熱的火焰 最終呈現黯淡 果甜不如願  至少笑的燦爛 可能發生戰亂 可能成長慢慢 可能而立之時我會懷疑現在判斷 又如何 才二十三 不用溫飽的年紀 還能餓十餐 咱們青春讓石穿 保持價值觀 沒必要直接放棄躺平然後進石棺 拋開怨天怨地 命會由人嗎 脫下去面具 傷不就輕易留痕嗎 變化莫測 稍不留神 淘汰過客 流放遊魂 拋開怨天怨地 命會由人嗎 脫去面具 傷不就輕易留痕嗎 變化莫測 稍不留神 淘汰過客 流放遊魂 揮別大字T 即將西裝打領帶 曾經的天馬行空日子算算過挺快 井底的孩子被迫打開了井蓋 開始遵守世俗規則端莊氣質感覺挺怪 他們描述世界還有好多事情讓你體會 又說這群世代年輕人身心挺脆 成熟是朝九晚五扛責任只剩錯對 我想要童心未泯 還為小事流眼淚 揮別真心 也揮走對愛的感觸 揮別純真瞳孔 也失去曾經義無反顧 總受趕路人的影響 但我害怕成為框架內的產物 不再對夢感到興奮日夜反覆 從小灌輸要得到什麼 成為什麼 才不會讓現實的眼光 嫌你太突兀 我也試過戴上面具說服自己習慣孤獨 有天鏡子裡的 陌生又模糊 拋開怨天怨地 命會由人嗎 脫去面具 傷不就輕易留痕嗎 變化莫測 稍不留神 淘汰過客 流放遊魂 拋開怨天怨地 命會由人嗎 脫去面具 傷不就輕易留痕嗎 變化莫測 稍不留神 淘汰過客 流放遊魂 
我曾想油門催下抵達山谷 結算過多複雜多餘負面 以為不後悔是放棄世間所有酸苦 卻在最後一刻發現懊惱依舊浮現
依然在這 我在 不想放棄曾經凸台一覽無遺的畫面 持續吸收身邊隨機愛love 不必成為最紅最強 但期許走後有人會掛念
當熾熱的火焰 最終呈現黯淡 果甜不如願  至少笑的燦爛 可能發生戰亂 可能成長慢慢 可能而立之時我會懷疑現在判斷
又如何 才二十三 不用溫飽的年紀 還能餓十餐 咱們青春讓石穿 保持價值觀 沒必要直接放棄躺平然後進石棺
拋開怨天怨地 命會由人嗎 脫下去面具 傷不就輕易留痕嗎 變化莫測 稍不留神 淘汰過客 流放遊魂
拋開怨天怨地 命會由人嗎 脫去面具 傷不就輕易留痕嗎 變化莫測 稍不留神 淘汰過客 流放遊魂
揮別大字T 即將西裝打領帶 曾經的天馬行空日子算算過挺快 井底的孩子被迫打開了井蓋 開始遵守世俗規則端莊氣質感覺挺怪
他們描述世界還有好多事情讓你體會 又說這群世代年輕人身心挺脆 成熟是朝九晚五扛責任只剩錯對 我想要童心未泯 還為小事流眼淚
揮別真心 也揮走對愛的感觸 揮別純真瞳孔 也失去曾經義無反顧 總受趕路人的影響 但我害怕成為框架內的產物 不再對夢感到興奮日夜反覆
從小灌輸要得到什麼 成為什麼 才不會讓現實的眼光 嫌你太突兀 我也試過戴上面具說服自己習慣孤獨 有天鏡子裡的 陌生又模糊
拋開怨天怨地 命會由人嗎 脫去面具 傷不就輕易留痕嗎 變化莫測 稍不留神 淘汰過客 流放遊魂
拋開怨天怨地 命會由人嗎 脫去面具 傷不就輕易留痕嗎 變化莫測 稍不留神 淘汰過客 流放遊魂
留言（ 0 ） 最相關留言 所有留言
留言（ 0 ）",2026-09-30,,,False,False,
2026-10-03 13:20:51,realtime,hip_hop,,,19,叶贺龙 逆光音视主理人,少年,1,11,0,https://streetvoice.com/zcs2026/songs/882029/,https://streetvoice.com/zcs2026/,"https://akstatic.streetvoice.com/song_covers/zc/s2/zcs2026/C25qHxmiGQUiUqR5qghbca.jpeg?x-oss-process=image/resize,m_fill,h_400,w_400,limit_0",images/882029.jpeg,@zcs2026,音樂人,,,,6,,,,,https://www.youtube.com/user/StreetVoiceTV,,,Hip hop / Rap,逆光劲声随笔,https://streetvoice.com/zcs2026/songs/album/97326056/,,"花有重开日，人无再少年 
花有重开日，人无再少年","花有重开日，人无再少年 去趁着你还年轻，还没有很多曾经 去把你想做的事，全部都变成行动 就趁着你还没老，你还能走得动道 把你想看的风景，都走一程你的笑 不要等到你后悔，不要感叹我太老 不要等到了错过，才觉我走这么少 去看看想见的人，去走走想拜的庙 你我也都还年少，就算七十也不老 
花有重开日，人无再少年
去趁着你还年轻，还没有很多曾经 去把你想做的事，全部都变成行动
就趁着你还没老，你还能走得动道 把你想看的风景，都走一程你的笑
不要等到你后悔，不要感叹我太老 不要等到了错过，才觉我走这么少
去看看想见的人，去走走想拜的庙 你我也都还年少，就算七十也不老
留言（ 0 ） 最相關留言 所有留言
留言（ 0 ）",2026-10-01,,,False,False,
2026-10-03 13:20:51,realtime,hip_hop,,,20,希珥,義務教育沒教我的是...,10,298,2,https://streetvoice.com/shir_vtuber/songs/881189/,https://streetvoice.com/shir_vtuber/,"https://akstatic.streetvoice.com/song_covers/sh/ir/shir_vtuber/MdHYjQ3kM3GBkzuckAarH4.jpeg?x-oss-process=image/resize,m_fill,h_400,w_400,limit_0",images/881189.jpeg,@shir_vtuber,音樂人,其他,2022-11-01,,1,28,,,,https://www.youtube.com/user/StreetVoiceTV,,,Hip hop / Rap,,,,"Presented by：LiOne Studio Co., Ltd. 李万文創有限公司 出品 ▸Credit： Lyrics / Composition / Video：希珥Shir Arrangement： ARAM Recording Engineer & Mix：Lulu 吳昱儒 Executive Producer：A Jie Special Thanks：韓森 
Presented by：LiOne Studio Co., Ltd. 李万文創有限公司 出品
▸Credit： Lyrics / Composition / Video：希珥Shir Arrangement： ARAM Recording Engineer & Mix：Lulu 吳昱儒 Executive Producer：A Jie Special Thanks：韓森","Intro 玩就要Chill 玩得盡興 玩就要鬆 玩得盡興 玩就要開心 玩得盡興 玩就要用力 玩得盡興 V1 框住自己的設限 全都踹倒 你真的試過嗎 喊卡太早 或許你更適合大槌 多過太刀 同樣的鍵位重組 又多學了幾招 大路朝天 就各走半邊 腿短又怎樣 就多走半天 只打直球 有點半顛 代表學到都是賺 成就多解半篇 你看見了公園的長椅 我善辯的亂騙的 說是公元前的賞景 以上根本沒邏輯 但我不介意 甚至小得意 我想要我想 而不是你要 我想要你們真心的講 不講禮貌 我想要卯足全力的爽 不是半調 我想要音樂製作 能請上剃刀 Bridge 扭緊也好 鬆掉也好 wanna be an open book 沒試過的都很酷 感動最好 都很重要 there nothing gonna lose 上了狀態後  哪次收的住 HOOK 玩就要Chill 玩得盡興 玩就要鬆 玩得盡興 玩就要開心 玩得盡興 玩就要用力 玩得盡興 V2 不是成為被玩的機器 死背完了 哪有活力提筆 我討厭考試 我也討厭體制 更討厭自己屈服 不准輕易說出可是 義務教育沒教我的是 石頭想變成金子 不是可恥的事 病態的客觀 把別人說的比做事實 太窩囔 才讓小人得志 健身兩小 合理爆吃滷肉飯 不糾結0.幾公斤 再加點荷包蛋 誰管別人怎麼看 不想和我走散 跟著自己的FLOW 身心五告讚 我想要有成為的勇氣 我想要我每次想要 優先想到的都是自己 我知道我有毅力 我想要玩得盡興 難度再升級 ok 先深呼吸 Bridge 扭緊也好 鬆掉也好 wanna be an open book 沒試過的都很酷 感動最好 都很重要 there nothing gonna lose 上了狀態後  哪次收的住 HOOK 玩就要Chill 玩得盡興 玩就要鬆 玩得盡興 玩就要開心 玩得盡興 玩就要快樂 玩得盡興 
Intro 玩就要Chill 玩得盡興 玩就要鬆 玩得盡興 玩就要開心 玩得盡興 玩就要用力 玩得盡興
V1 框住自己的設限 全都踹倒 你真的試過嗎 喊卡太早 或許你更適合大槌 多過太刀 同樣的鍵位重組 又多學了幾招 大路朝天 就各走半邊 腿短又怎樣 就多走半天 只打直球 有點半顛 代表學到都是賺 成就多解半篇
你看見了公園的長椅 我善辯的亂騙的 說是公元前的賞景 以上根本沒邏輯 但我不介意 甚至小得意 我想要我想 而不是你要 我想要你們真心的講 不講禮貌 我想要卯足全力的爽 不是半調 我想要音樂製作 能請上剃刀
Bridge 扭緊也好 鬆掉也好 wanna be an open book 沒試過的都很酷 感動最好 都很重要 there nothing gonna lose 上了狀態後  哪次收的住
HOOK 玩就要Chill 玩得盡興 玩就要鬆 玩得盡興 玩就要開心 玩得盡興 玩就要用力 玩得盡興
V2 不是成為被玩的機器 死背完了 哪有活力提筆 我討厭考試 我也討厭體制 更討厭自己屈服 不准輕易說出可是 義務教育沒教我的是 石頭想變成金子 不是可恥的事 病態的客觀 把別人說的比做事實 太窩囔 才讓小人得志
健身兩小 合理爆吃滷肉飯 不糾結0.幾公斤 再加點荷包蛋 誰管別人怎麼看 不想和我走散 跟著自己的FLOW 身心五告讚 我想要有成為的勇氣 我想要我每次想要 優先想到的都是自己 我知道我有毅力 我想要玩得盡興 難度再升級 ok 先深呼吸
Bridge 扭緊也好 鬆掉也好 wanna be an open book 沒試過的都很酷 感動最好 都很重要 there nothing gonna lose 上了狀態後  哪次收的住
HOOK 玩就要Chill 玩得盡興 玩就要鬆 玩得盡興 玩就要開心 玩得盡興 玩就要快樂 玩得盡興
留言（ 2 ） 最相關留言 所有留言
留言（ 2 ）",2026-09-26,,,False,False,
2026-10-03 13:20:51,realtime,hip_hop,,,21,pink rick,Make it out,0,10,0,https://streetvoice.com/pinkrick8000/songs/881983/,https://streetvoice.com/pinkrick8000/,"https://akstatic.streetvoice.com/song_covers/pi/nk/pinkrick8000/8SFtgSCJmPbz2pR3nkLD8V.jpg?x-oss-process=image/resize,m_fill,h_400,w_400,limit_0",images/881983.jpg,@pinkrick8000,音樂人,,,,2,,,,,https://www.youtube.com/user/StreetVoiceTV,【年度回顧】靠北樂手倒閉、嘻哈圈性別論戰、方大同離世、簡單生活節20週年⋯⋯2025年度台灣音樂事件簿|||https://blow.streetvoice.com/86065/?utm_source=streetvoice&utm_medium=profile-news-block; 我們正在忍受萬人體育場演唱會的副作用？——費神耗財、視線不良，以及「根本不記得看了什麼」|||https://blow.streetvoice.com/80631/?utm_source=streetvoice&utm_medium=profile-news-block; 簡單生活節首日演出全回顧：「拍拍昆蟲少年白」共演〈暗流〉、傷心欲絕炸場頻「招領失物」|||https://blow.streetvoice.com/52637/?utm_source=streetvoice&utm_medium=profile-news-block,,Hip hop / Rap,,,,"1 hour project nice and first. prod. skuzgod 
1 hour project nice and first. prod. skuzgod","underground nowaday basically a new pop industry. You see those outfit, hair dye. Same emotion with 'em vintage, new guys. I see right through and I'm just don't fuck with it. You can hate on me but you cannot deny it. You could always be the realist, so first off Drop the phone and tell your parents, you love 'em. Man I don't like bitches but I fuck 'em Cuz they so common, worthless. I mean I make money for the happiness. Got alot of bitches, finna be the happiest. Never be in the streets so I love my life but you know I got 'em thoughts so I always fight. Mark my words for the generation. This is the new high of the innovation. Mark my words. 
underground nowaday basically a new pop industry. You see those outfit, hair dye. Same emotion with 'em vintage, new guys. I see right through and I'm just don't fuck with it. You can hate on me but you cannot deny it. You could always be the realist, so first off Drop the phone and tell your parents, you love 'em.
Man I don't like bitches but I fuck 'em Cuz they so common, worthless. I mean I make money for the happiness. Got alot of bitches, finna be the happiest.
Never be in the streets so I love my life but you know I got 'em thoughts so I always fight.
Mark my words for the generation. This is the new high of the innovation. Mark my words.
留言（ 0 ） 最相關留言 所有留言
留言（ 0 ）",2026-10-01,,,False,False,
2026-10-03 13:20:51,realtime,hip_hop,,,22,暫時叫。陳天順,陳天順-【一覺醒不來】audio,1,10,0,https://streetvoice.com/OGchen/songs/881925/,https://streetvoice.com/OGchen/,"https://akstatic.streetvoice.com/song_covers/OG/ch/OGchen/SiRxurmFAJfqSRXfF2HwXP.jpg?x-oss-process=image/resize,m_fill,h_400,w_400,limit_0",images/881925.jpg,@OGchen,音樂人,台中市,2019-05-01,,2,1,1,,,https://www.youtube.com/user/StreetVoiceTV,,,Hip hop / Rap,,,,,"有時候想 一覺醒不來 偷偷關注 著妳的動態 悄悄的坐在椅子上 就這樣對著那節拍 拿走妳的所有  就當我是小偷 我偷走了妳的煩惱 奔向屬於妳的懷抱 偷不走妳那帶刺的心窩 在我的身邊可以任妳肆意的放肆 我就是愛耍著那冷酷孤僻和偏執 你說我說他說 愛你需要什麼理由 只有妳讓我著了魔 我不在。還有什麼能讓妳期待 就算分開。就像一場夢逃不出來 Hey girl you are my only （Hey girl you are my only) Girl 妳讓我太著迷 （girl你讓我） 有時候想 一覺醒不來 偷偷關注 著妳的動態 悄悄的坐在椅子上 就這樣對著那節拍 拿走妳的所有  就當我是小偷 為妳寫了 一首又一首 想講的 都在歌裡頭 ～～～這就是一覺醒不來的我 ～～～這又不是我所想要的結果 ～～～還有很多話沒有對妳說 ～～～到底要怎樣才能解脫 她的夢太甜 所以醒不來 但睡姿太豪邁 昨晚我們有點喝開 所以有些小失態 看我們。經歷的Hard time 到了現在。妳也都還在 只有妳配ya。配當我的bae 還記得上次失控。妳卻沒有放手 有了妳我就夠。妳就是我的所有 Ya Im losing control 對妳浪漫。溫柔 就算沒走到。以後 但這也不算。錯過 Ya 拿走妳的所有ya 就當做我是小偷ya 有時候想 一覺醒不來 偷偷關注 著妳的動態 悄悄的坐在椅子上 就這樣對著那節拍 拿走妳的所有  就當我是小偷 為妳寫了 一首又一首 想講的 都在歌裡頭 ～～～這就是一覺醒不來的我 ～～～這又不是我所想要的結果 ～～～還有很多話沒有對妳說 ～～～到底要怎樣才能解脫 
有時候想 一覺醒不來 偷偷關注 著妳的動態 悄悄的坐在椅子上 就這樣對著那節拍 拿走妳的所有  就當我是小偷 我偷走了妳的煩惱 奔向屬於妳的懷抱 偷不走妳那帶刺的心窩
在我的身邊可以任妳肆意的放肆 我就是愛耍著那冷酷孤僻和偏執
你說我說他說 愛你需要什麼理由 只有妳讓我著了魔
我不在。還有什麼能讓妳期待 就算分開。就像一場夢逃不出來 Hey girl you are my only （Hey girl you are my only) Girl 妳讓我太著迷 （girl你讓我）
有時候想 一覺醒不來 偷偷關注 著妳的動態 悄悄的坐在椅子上 就這樣對著那節拍 拿走妳的所有  就當我是小偷 為妳寫了 一首又一首 想講的 都在歌裡頭
～～～這就是一覺醒不來的我 ～～～這又不是我所想要的結果 ～～～還有很多話沒有對妳說 ～～～到底要怎樣才能解脫
她的夢太甜 所以醒不來 但睡姿太豪邁 昨晚我們有點喝開 所以有些小失態 看我們。經歷的Hard time 到了現在。妳也都還在 只有妳配ya。配當我的bae 還記得上次失控。妳卻沒有放手 有了妳我就夠。妳就是我的所有 Ya Im losing control 對妳浪漫。溫柔 就算沒走到。以後 但這也不算。錯過
Ya 拿走妳的所有ya 就當做我是小偷ya
有時候想 一覺醒不來 偷偷關注 著妳的動態 悄悄的坐在椅子上 就這樣對著那節拍 拿走妳的所有  就當我是小偷 為妳寫了 一首又一首 想講的 都在歌裡頭
～～～這就是一覺醒不來的我 ～～～這又不是我所想要的結果 ～～～還有很多話沒有對妳說 ～～～到底要怎樣才能解脫
留言（ 0 ） 最相關留言 所有留言
留言（ 0 ）",2026-09-30,,,False,False,
2026-10-03 13:20:51,realtime,hip_hop,,,23,Aroziel,慢一步 ft.AC,0,12,0,https://streetvoice.com/Aroziel_AC/songs/881892/,https://streetvoice.com/Aroziel_AC/,"https://akstatic.streetvoice.com/song_covers/Ar/oz/Aroziel_AC/EZwsjhX5bZTB4WQfvPmBYW.jpeg?x-oss-process=image/resize,m_fill,h_400,w_400,limit_0",images/881892.jpeg,@Aroziel_AC,音樂人,台北市,2023-01-01,,22,8,6,,,https://www.youtube.com/user/StreetVoiceTV,,,Hip hop / Rap,解相思,https://streetvoice.com/Aroziel_AC/songs/album/97325952/,,,"一人想找穩定的避風港 一人在造航向自由的船 慢一步 就走散 望同片海卻不同岸 就在夏季煙花綻放以後 愛沒了理由 已經在遙遠的山另一頭 穆然回首 無法挽救 只是輸給不同的節奏 憑什麼缺點一直拿出來再提 嘴上掛著虛情假意的愛你 在意 究竟是時間差導致的敗局 還是對方世界時間過的太急 或許有些故事注定不長久 再怎麼用力還是留不住溫柔 各自遠走 不是晚到的人只是時鐘走得慢 終於混出點名堂但也少了另一半 重生的少年還會再次堅持偏執呢 雙眼無光的看著散落一地的千紙鶴 沒有錯對 只是方向不同 沒有作對 是價值觀的不同 樹根眷戀泥土飛鳥卻偏愛天空 同樣期待以後卻描繪不同內容 那不是回憶破碎 恰逢現實不從 古今往日這難題至今層出不窮 只好擦拭落淚 也擦拭心中霧濛 拾起泛黃紙片拼湊曾經許下心願 字跡早被雨水暈開模糊了誓言 原來成長總得親手埋葬某些從前 帶著缺口繼續奔向下個十年 或許有些故事注定不長久 再怎麼用力還是留不住溫柔 各自遠走 
一人想找穩定的避風港 一人在造航向自由的船 慢一步 就走散 望同片海卻不同岸
就在夏季煙花綻放以後 愛沒了理由 已經在遙遠的山另一頭 穆然回首 無法挽救 只是輸給不同的節奏
憑什麼缺點一直拿出來再提 嘴上掛著虛情假意的愛你 在意 究竟是時間差導致的敗局 還是對方世界時間過的太急
或許有些故事注定不長久 再怎麼用力還是留不住溫柔 各自遠走
不是晚到的人只是時鐘走得慢 終於混出點名堂但也少了另一半 重生的少年還會再次堅持偏執呢 雙眼無光的看著散落一地的千紙鶴
沒有錯對 只是方向不同 沒有作對 是價值觀的不同 樹根眷戀泥土飛鳥卻偏愛天空 同樣期待以後卻描繪不同內容 那不是回憶破碎 恰逢現實不從 古今往日這難題至今層出不窮 只好擦拭落淚 也擦拭心中霧濛
拾起泛黃紙片拼湊曾經許下心願 字跡早被雨水暈開模糊了誓言 原來成長總得親手埋葬某些從前 帶著缺口繼續奔向下個十年
或許有些故事注定不長久 再怎麼用力還是留不住溫柔 各自遠走
留言（ 0 ） 最相關留言 所有留言
留言（ 0 ）",2026-09-30,,,False,False,
2026-10-03 13:20:51,realtime,hip_hop,,,24,okatang,白日,0,23,0,https://streetvoice.com/okatang/songs/881789/,https://streetvoice.com/okatang/,"https://akstatic.streetvoice.com/music_albums/ok/at/okatang/BEZwvdbKeXWHeaeif7D7cJ.jpg?x-oss-process=image/resize,m_fill,h_400,w_400,limit_0",images/881789.jpg,@okatang,音樂人,桃園市,2024-08-01,,16,9,56,,,https://www.youtube.com/user/StreetVoiceTV,,,Hip hop / Rap,時間,https://streetvoice.com/okatang/songs/album/97326168/,,,"這是沒有提供歌詞的歌曲
留言（ 0 ） 最相關留言 所有留言
留言（ 0 ）",2026-09-30,,,False,False,
2026-10-03 13:20:51,realtime,hip_hop,,,25,okatang,日出,0,9,0,https://streetvoice.com/okatang/songs/881793/,https://streetvoice.com/okatang/,"https://akstatic.streetvoice.com/music_albums/ok/at/okatang/BEZwvdbKeXWHeaeif7D7cJ.jpg?x-oss-process=image/resize,m_fill,h_400,w_400,limit_0",images/881793.jpg,@okatang,音樂人,桃園市,2024-08-01,,16,9,56,,,https://www.youtube.com/user/StreetVoiceTV,,,Hip hop / Rap,時間,https://streetvoice.com/okatang/songs/album/97326168/,,,"這是沒有提供歌詞的歌曲
留言（ 0 ） 最相關留言 所有留言
留言（ 0 ）",2026-09-30,,,False,False,
2026-10-03 13:20:51,realtime,hip_hop,,,26,YouNg ReaL_🎲,神燈沒了精靈 DEMO,4,36,0,https://streetvoice.com/Youngreal_886/songs/881696/,https://streetvoice.com/Youngreal_886/,"https://akstatic.streetvoice.com/song_covers/Yo/un/Youngreal_886/JTSZGbA5SXbCYSTsKuW6Uo.jpeg?x-oss-process=image/resize,m_fill,h_400,w_400,limit_0",images/881696.jpeg,@Youngreal_886,音樂人,,,,4,8,8,,,https://www.youtube.com/user/StreetVoiceTV,,,Hip hop / Rap,,,,"給你許三個願望 許完就好聚好散 
給你許三個願望 許完就好聚好散","feel like 沒有神燈的精靈 all right 從來沒這麼清醒 good bye 心像易碎的玻璃 也許從明天起 竟不在乎分離 也許 是我太過於平靜 結局 還是一樣的冷清 每分 每秒都特別珍惜 神燈沒了精靈 就像我沒了你 希望 時間 真的能夠倒帶 OUT SIDE 不想當故事裡的旁白 想起從前 你呼喚從遠處傳來 但幻想終究是幻想 過去 就無法重來 看 鞦韆 擺盪 你溫柔的側臉 連 棉的 海浪 夕陽太過耀眼 無 人的 暗巷  剩月光的皎潔 唯一值得悼念 是你不在身邊 
feel like 沒有神燈的精靈 all right 從來沒這麼清醒 good bye 心像易碎的玻璃 也許從明天起 竟不在乎分離
也許 是我太過於平靜 結局 還是一樣的冷清 每分 每秒都特別珍惜 神燈沒了精靈 就像我沒了你
希望 時間 真的能夠倒帶 OUT SIDE 不想當故事裡的旁白 想起從前 你呼喚從遠處傳來 但幻想終究是幻想 過去 就無法重來
看 鞦韆 擺盪 你溫柔的側臉 連 棉的 海浪 夕陽太過耀眼 無 人的 暗巷  剩月光的皎潔 唯一值得悼念 是你不在身邊
留言（ 0 ） 最相關留言 所有留言
留言（ 0 ）",2026-09-28,,,False,False,
2026-10-03 13:20:51,realtime,hip_hop,,,27,Hong,告白要趁聖誕節前,1,25,0,https://streetvoice.com/J_Hong/songs/881224/,https://streetvoice.com/J_Hong/,"https://akstatic.streetvoice.com/song_covers/J_/Ho/J_Hong/BcgabRqWGgUzkrxaxam8Pu.jpg?x-oss-process=image/resize,m_fill,h_400,w_400,limit_0",images/881224.jpg,@J_Hong,音樂人,,,,4,2,,,,https://www.youtube.com/user/StreetVoiceTV,2019大團誕生開發場七 飛鴻FayeHong、FORMOZA、MAFANA不畏風雨|||https://blow.streetvoice.com/46474/?utm_source=streetvoice&utm_medium=profile-news-block; Sónar Hong Kong 首次登港 電音創意科技共冶一爐音樂節|||https://blow.streetvoice.com/32010/?utm_source=streetvoice&utm_medium=profile-news-block; 「大寒之後」Cicada live in Hong Kong 2016|||https://blow.streetvoice.com/16045/?utm_source=streetvoice&utm_medium=profile-news-block,,Hip hop / Rap,,,,"YT: https://www.youtube.com/@jiehong-s21 IG: jie_.hong (Demo version) ——————————————————————————— Lyrics -鄭傑鴻Hong Composing -(prod.waizener x luvv.kyoshi) Mixing & Mastering -鄭傑鴻Hong 
YT: https://www.youtube.com/@jiehong-s21 IG: jie_.hong
https://www.youtube.com/@jiehong-s21
(Demo version) ———————————————————————————
Lyrics -鄭傑鴻Hong Composing -(prod.waizener x luvv.kyoshi) Mixing & Mastering -鄭傑鴻Hong","動態歌詞
Hong slow down shawty 別讓時間過得太快 用你的聲音編成戀愛番的旁白 打亂思緒是什麼原因 要等到最後才肯做決定 其實我也沒有你想像中的那麼壞 難道你還沒發現我的配偶欄為你留了白 等到季節再替換 提起我們 也只是順帶 goddamn坦白講明天又不想去上學 可能我是真的很想你吧 我做什麼事都沒有感覺 想讓我走心嗎 你的揣測我真的沒有概念 怎麼能叫我Cupid讓他們都沒有遊戲體驗 我的直接 你的委婉 為了你我選擇放棄一切 你的細節 讓我心軟 在夢裡我們是天生一對 它散落在床邊 我看見了故事裡的起點 從前是有一個冬天 而我和你偶然碰面 神經緊繃 觀察行蹤 fucked up在想你的每一天 聽過很多 他們都說 告白要在聖誕節以前 不敢說的話 安慰自己反正還有再下一年 怕你沒有聽清楚所以接下來的話我不會省略 「天使的武器不是魔法」 下次先告訴我標準答案 再讓我回答 待收件的情書是回憶 我知道我們都不太會表達 所以 slow down shawty 別讓時間過得太快 用你的聲音編成戀愛番的旁白 打亂思緒是什麼原因 要等到最後才肯做決定 其實我也沒有你想像中的那麼壞 難道你還沒發現我的配偶欄為你留了白 等到季節再替換 提起我們 也只是順帶 我牽著你要怎麼逛街 和你去找浪漫 很沒有耐心的我在慢慢地瓦解 就瞬間 drop的痛 牽引我走 什麼微不足道 我只是還沒發現它很痛 
Hong slow down shawty 別讓時間過得太快 用你的聲音編成戀愛番的旁白 打亂思緒是什麼原因 要等到最後才肯做決定 其實我也沒有你想像中的那麼壞 難道你還沒發現我的配偶欄為你留了白 等到季節再替換 提起我們 也只是順帶 goddamn坦白講明天又不想去上學 可能我是真的很想你吧 我做什麼事都沒有感覺 想讓我走心嗎 你的揣測我真的沒有概念 怎麼能叫我Cupid讓他們都沒有遊戲體驗 我的直接 你的委婉 為了你我選擇放棄一切 你的細節 讓我心軟 在夢裡我們是天生一對 它散落在床邊 我看見了故事裡的起點 從前是有一個冬天 而我和你偶然碰面 神經緊繃 觀察行蹤 fucked up在想你的每一天 聽過很多 他們都說 告白要在聖誕節以前 不敢說的話 安慰自己反正還有再下一年 怕你沒有聽清楚所以接下來的話我不會省略 「天使的武器不是魔法」 下次先告訴我標準答案 再讓我回答 待收件的情書是回憶 我知道我們都不太會表達 所以 slow down shawty 別讓時間過得太快 用你的聲音編成戀愛番的旁白 打亂思緒是什麼原因 要等到最後才肯做決定 其實我也沒有你想像中的那麼壞 難道你還沒發現我的配偶欄為你留了白 等到季節再替換 提起我們 也只是順帶 我牽著你要怎麼逛街 和你去找浪漫 很沒有耐心的我在慢慢地瓦解 就瞬間 drop的痛 牽引我走 什麼微不足道 我只是還沒發現它很痛
留言（ 0 ） 最相關留言 所有留言
留言（ 0 ）",2026-09-28,,,False,False,
2026-10-03 13:20:51,realtime,hip_hop,,,28,h0sh1kuzu,理所當然，I’m fine DEMO,5,163,0,https://streetvoice.com/h0sh1kuzu_m4a/songs/881597/,https://streetvoice.com/h0sh1kuzu_m4a/,"https://akstatic.streetvoice.com/song_covers/h0/sh/h0sh1kuzu_m4a/DHTvc4PM5xUc8fzi6n9Wjr.jpg?x-oss-process=image/resize,m_fill,h_400,w_400,limit_0",images/881597.jpg,@h0sh1kuzu_m4a,音樂人,台中市,2025-11-01,,3,8,4,,,https://www.youtube.com/user/StreetVoiceTV,,,Hip hop / Rap,,,,"隨便 我很好 
隨便 我很好","什麼時候從見面就好變不如別來 什麼時候我發病的原因變成了愛 你說早知道就不期待 Ok fine First time？ 我只是累了 又要面對我的錯了 Right? I’m fine 再讓我吃點藥 I’m fine 讓我能都忘掉 I’m fine 時間也已經不太早 是時候沖個澡躺上床再回頭想想曾經的好 I had to go 我不是你想要的那個人 結果會變這樣我幹嘛那麼認真 拖到後面剩下你覺得理所當然的責任 全都是責任 那愛呢 怎麼會消失了 怎麼就消失了 什麼時候從見面就好變不如別來 什麼時候我發病的原因變成了愛 你說早知道就不期待 Ok fine First time？ 我只是累了 又要面對我的錯了 Right? I’m fine 再讓我吃點藥 I’m fine 讓我能都忘掉 I’m fine 時間也已經不太早 是時候沖個澡躺上床再回頭想想曾經的好 曾經的好 也只是停留美好回憶裡的曾經 回不去的曾經 只存在腦海裡的曾經 
什麼時候從見面就好變不如別來 什麼時候我發病的原因變成了愛 你說早知道就不期待 Ok fine First time？ 我只是累了 又要面對我的錯了 Right?
I’m fine 再讓我吃點藥 I’m fine 讓我能都忘掉 I’m fine 時間也已經不太早 是時候沖個澡躺上床再回頭想想曾經的好
I had to go 我不是你想要的那個人 結果會變這樣我幹嘛那麼認真 拖到後面剩下你覺得理所當然的責任 全都是責任 那愛呢 怎麼會消失了 怎麼就消失了
什麼時候從見面就好變不如別來 什麼時候我發病的原因變成了愛 你說早知道就不期待 Ok fine First time？ 我只是累了 又要面對我的錯了 Right?
I’m fine 再讓我吃點藥 I’m fine 讓我能都忘掉 I’m fine 時間也已經不太早 是時候沖個澡躺上床再回頭想想曾經的好
曾經的好 也只是停留美好回憶裡的曾經 回不去的曾經 只存在腦海裡的曾經
留言（ 0 ） 最相關留言 所有留言
留言（ 0 ）",2026-09-28,,,False,False,
2026-10-03 13:20:51,realtime,hip_hop,,,29,沖吧睿哥,我是齊天大聖,1,34,2,https://streetvoice.com/rapbrui/songs/881564/,https://streetvoice.com/rapbrui/,"https://akstatic.streetvoice.com/profile_images/ra/pb/rapbrui/D4nJ5qdPLWL82i3WpPoXp2.jpg?x-oss-process=image/resize,m_fill,h_400,w_400,limit_0",images/881564.jpg,@rapbrui,音樂人,,,,2,,,,,https://www.youtube.com/user/StreetVoiceTV,,,Hip hop / Rap,,,,"孫悟空我就是我，不被框架定義。這首《齊天大聖》代表著突破逆境、堅持到底的嘻哈態度，戴上耳機，感受這個 Flow 的爆發力！ 
孫悟空我就是我，不被框架定義。這首《齊天大聖》代表著突破逆境、堅持到底的嘻哈態度，戴上耳機，感受這個 Flow 的爆發力！","天耐我何管他什麼因果 管她什麼天命我踏下明歸 嘿踏下壓過溫層眼裡只有這一棒  黑擋我先讓開啟 眼裏不管神明任命只有這條命  黑風起翻過山海 金光落找回來 我聽見神明在鬥 聽見眾神發呆 天奈我何 天奈我何 我偏要鬧到最後 天奈我何 天奈我何 一路衝破這天空 齊天大聖 齊天大聖  孫悟空就是我呦 這樣做什麼人才能做更棒的人 還是怎麼樣才能衝破雲霄殿 還是讓我心裡還是那些的衝擊 一路殺盡到了隔天一路殺盡到了雲端 我想劈開這什麼樣的的天地 黑風起翻過山海金光落找我回來 我聽見神明在鬥聽見眾神發呆 天耐我何 天耐我何 我偏要鬧到最後 天耐我何 天耐我何一路衝破這天空 齊天大聖 齊天大聖 孫悟空我就是我呦 我任性我想踏碎這命一路衝破天空 我想大鬧的就是 天空的的事讓我的心裡面 我的名號一出口連風都跟著瘋 天耐我何 天耐我何 我偏要鬧到最後 天奈我何 天奈我我何 一路衝破這天空 齊天大聖 齊天大聖 孫悟空我就是我 天耐我何 
天耐我何管他什麼因果 管她什麼天命我踏下明歸 嘿踏下壓過溫層眼裡只有這一棒  黑擋我先讓開啟 眼裏不管神明任命只有這條命  黑風起翻過山海 金光落找回來 我聽見神明在鬥 聽見眾神發呆 天奈我何 天奈我何 我偏要鬧到最後 天奈我何 天奈我何 一路衝破這天空 齊天大聖 齊天大聖  孫悟空就是我呦 這樣做什麼人才能做更棒的人 還是怎麼樣才能衝破雲霄殿 還是讓我心裡還是那些的衝擊 一路殺盡到了隔天一路殺盡到了雲端 我想劈開這什麼樣的的天地 黑風起翻過山海金光落找我回來 我聽見神明在鬥聽見眾神發呆 天耐我何 天耐我何 我偏要鬧到最後 天耐我何 天耐我何一路衝破這天空 齊天大聖 齊天大聖 孫悟空我就是我呦 我任性我想踏碎這命一路衝破天空 我想大鬧的就是 天空的的事讓我的心裡面 我的名號一出口連風都跟著瘋 天耐我何 天耐我何 我偏要鬧到最後 天奈我何 天奈我我何 一路衝破這天空 齊天大聖 齊天大聖 孫悟空我就是我
天耐我何
留言（ 2 ） 最相關留言 所有留言
留言（ 2 ）",2026-09-28,,,False,False,
2026-10-03 13:20:51,realtime,hip_hop,,,30,許千九 Smoky,AVD DEMO,2,62,1,https://streetvoice.com/d8g448r7qy/songs/881140/,https://streetvoice.com/d8g448r7qy/,"https://akstatic.streetvoice.com/song_covers/d8/g4/d8g448r7qy/6bZdvnRdxkkTSyDJFKnPqH.jpeg?x-oss-process=image/resize,m_fill,h_400,w_400,limit_0",images/881140.jpeg,@d8g448r7qy,音樂人,,,,5,16,2,,,https://www.youtube.com/user/StreetVoiceTV,,,Hip hop / Rap,,,,"無任何引導 純粹想像力作品 
無任何引導 純粹想像力作品","I wanna cuddle just keep me tonight Want you to wake me up stay by my side Don’t you know luv is a lie U are a liar I lied I keep on doing this shit I keep on doing this shit I’m not feeling like I gonna lie To me I gonna lie in my passion Keep on doing this to me I’m not feeling like I’m gonna slip out of the bed Unless u teach me I keep on doing this shit I I I keep on I keep on doing this shit I’m not feeling like I Unless u miss me Unless u promise to be my boo Unless u make me lose my cool Unless u 跟我一樣想要的幸福 Unless u 偶爾會來我家住 Sorry 有時候我想不起你 也希望特別的日子被慶祝 Sorry I got my own anxiety 還是說我其實能夠被記住 Run run run run run running I keep on running from you I keep on running ‘Cause u a liar Baby I can’t get close enough Baby I can’t trust u enough Baby cut it out dats enough Baby One more kiss dats enough I keep on doing this shit I don’t even trust you I got my trust issues no So are u the one 這全都不算 這全都不算 這全都不算 Baby I can’t get close enough Baby I can’t trust u enough Baby cut it out dats enough Baby One more kiss dats enough 
I wanna cuddle just keep me tonight Want you to wake me up stay by my side Don’t you know luv is a lie U are a liar I lied I keep on doing this shit
I keep on doing this shit I’m not feeling like I gonna lie To me I gonna lie in my passion Keep on doing this to me I’m not feeling like I’m gonna slip out of the bed Unless u teach me
I keep on doing this shit I I I keep on I keep on doing this shit I’m not feeling like I Unless u miss me Unless u promise to be my boo Unless u make me lose my cool Unless u 跟我一樣想要的幸福 Unless u 偶爾會來我家住 Sorry 有時候我想不起你 也希望特別的日子被慶祝 Sorry I got my own anxiety 還是說我其實能夠被記住
Run run run run run running I keep on running from you I keep on running ‘Cause u a liar Baby I can’t get close enough Baby I can’t trust u enough Baby cut it out dats enough Baby One more kiss dats enough
I keep on doing this shit I don’t even trust you I got my trust issues no So are u the one 這全都不算 這全都不算 這全都不算
Baby I can’t get close enough Baby I can’t trust u enough Baby cut it out dats enough Baby One more kiss dats enough
留言（ 1 ） 最相關留言 所有留言
留言（ 1 ）",2026-09-25,,,False,False,
2026-10-03 13:20:51,realtime,hip_hop,,,31,ocio,自己都不自己RE:TAKE.mp3,14,371,2,https://streetvoice.com/ocio/songs/881357/,https://streetvoice.com/ocio/,"https://akstatic.streetvoice.com/song_covers/oc/io/ocio/E22pdWHaoE8QNnUjHNXSTY.jpg?x-oss-process=image/resize,m_fill,h_400,w_400,limit_0",images/881357.jpg,@ocio,音樂人,台北市,2022-11-01,,1,26,22,,,https://www.youtube.com/user/StreetVoiceTV,巴賴、黃瑋傑齊開唱 轉來音樂節慶咖啡店轉型|||https://blow.streetvoice.com/23933/?utm_source=streetvoice&utm_medium=profile-news-block; 如魚得水第一音：一定要認識的電音教授 Fish.the（上）|||https://blow.streetvoice.com/17701/?utm_source=streetvoice&utm_medium=profile-news-block,,Hip hop / Rap,,,,,"Gonna Get This vibe 當我開始饒舌 我想不起來上一次真正睡好的時候 我的playlist 都是Hiphop在圍繞著 每一次彈跳和憂鬱按下播放鍵用我的指頭 我習慣 正中午還裹著棉被 看著外面是晴是雨幻想變成誰的前輩 但是 那止不住的眼淚 當我開始焦慮或是恐慌又變得更加頹廢 拿起Red Bull 我需要一點咖啡因 日子一天一天過快得像搭飛機 I gotta Rush in it 我跟我的兄弟們互相勉勵 用盡全身的力量想抓飛機 21歲我還年輕那又如何 我在夢想和現實交界口之間杵著 21歲我還年輕那又如何 煙癮和酒精就像火我是那撲的蛾 迷失了方向 找不到只屬於我的地方 害怕穿上了西裝 就忘記了怎麼律動 怕自己穿上了西裝 卻只空有具皮囊 忘記了怎麼去對抗批鬥 想辦法珍惜時間做我想做的 管現在生活好過或不好過 我不想自己都不自己 自己都不自己 自己都不自己了 所以 得撥些時間和自己相處 並非每個遊戲都有Round 2 我不想自己都不自己 自己都不自己 自己都不自己了 帶上耳機對準麥又套著我的黑踢 不在乎誰和誰和誰對我的目光銳利 that shit gon crazy man 對鏡再練幾年 青春是我的武器把這身體操到極限My Man 對著鏡子也許會對自己感到驕傲 也許看著自己後卻感到萬分焦躁 回頭又看到少年提著裝滿錢的紙袋 發現得靠自己逃離街頭吵鬧 他一路走著走 被過去摟著走 每一晚他的情緒劑量都是Overdose 房門他上了鎖 他早已忘了我 看皮質醇多巴胺替他開了Carnival 望向鏡子裡的人慢慢又變得陌生 房間安靜得只剩下呼吸陪他作證 笑容像排練過表情顯得太過迫真 現實逼著他必須得慢慢學會默認 21歲還年輕那又如何 他不間斷的在潮起潮落中載沉浮著 21歲他還年輕那又如何 一切都變化的太快他沒辦法負荷 至少知道自己害怕什麼 還能分辨什麼才是真我 我不想自己都不自己 自己都不自己 自己都不自己了 所以 21歲跌倒也算活過 總好過忘了自己怎麼活著 
Gonna Get This vibe 當我開始饒舌 我想不起來上一次真正睡好的時候 我的playlist 都是Hiphop在圍繞著 每一次彈跳和憂鬱按下播放鍵用我的指頭
我習慣 正中午還裹著棉被 看著外面是晴是雨幻想變成誰的前輩 但是 那止不住的眼淚 當我開始焦慮或是恐慌又變得更加頹廢
拿起Red Bull 我需要一點咖啡因 日子一天一天過快得像搭飛機 I gotta Rush in it 我跟我的兄弟們互相勉勵 用盡全身的力量想抓飛機
21歲我還年輕那又如何 我在夢想和現實交界口之間杵著 21歲我還年輕那又如何 煙癮和酒精就像火我是那撲的蛾 迷失了方向 找不到只屬於我的地方 害怕穿上了西裝 就忘記了怎麼律動 怕自己穿上了西裝 卻只空有具皮囊 忘記了怎麼去對抗批鬥
想辦法珍惜時間做我想做的 管現在生活好過或不好過 我不想自己都不自己 自己都不自己 自己都不自己了 所以 得撥些時間和自己相處 並非每個遊戲都有Round 2 我不想自己都不自己 自己都不自己 自己都不自己了
帶上耳機對準麥又套著我的黑踢 不在乎誰和誰和誰對我的目光銳利 that shit gon crazy man 對鏡再練幾年 青春是我的武器把這身體操到極限My Man
對著鏡子也許會對自己感到驕傲 也許看著自己後卻感到萬分焦躁 回頭又看到少年提著裝滿錢的紙袋 發現得靠自己逃離街頭吵鬧
他一路走著走 被過去摟著走 每一晚他的情緒劑量都是Overdose 房門他上了鎖 他早已忘了我 看皮質醇多巴胺替他開了Carnival
望向鏡子裡的人慢慢又變得陌生 房間安靜得只剩下呼吸陪他作證 笑容像排練過表情顯得太過迫真 現實逼著他必須得慢慢學會默認
21歲還年輕那又如何 他不間斷的在潮起潮落中載沉浮著 21歲他還年輕那又如何 一切都變化的太快他沒辦法負荷
至少知道自己害怕什麼 還能分辨什麼才是真我 我不想自己都不自己 自己都不自己 自己都不自己了 所以 21歲跌倒也算活過 總好過忘了自己怎麼活著
留言（ 2 ） 最相關留言 所有留言
留言（ 2 ）",2026-09-27,,,False,False,
2026-10-03 13:20:51,realtime,hip_hop,,,32,寬平Ekko,0926 memo,9,563,3,https://streetvoice.com/kusyoualreadyknow/songs/881234/,https://streetvoice.com/kusyoualreadyknow/,"https://akstatic.streetvoice.com/song_covers/ku/sy/kusyoualreadyknow/EjUvDqTCuG2RwgTPNbgfdE.jpeg?x-oss-process=image/resize,m_fill,h_400,w_400,limit_0",images/881234.jpeg,@kusyoualreadyknow,音樂人,台北市,2019-09-01,2026-08-12 09:23,6,59,38,,https://www.instagram.com/kuan.xc,https://youtube.com/@kusyoualreadyknow,,,Hip hop / Rap,,,,"我想我會記得 
我想我會記得","Hey you 我現在正在經歷一段痛苦的時期 快承受不住了 那些我對過去自己的質疑 內心崩塌了 無法接受更多外在的刺激 承認吧 就連我自己都快要認不出我自己 Who am I 不知道眼前的路途該向左或向右 But why 內心的雜音依然像窗戶外的大雨滂沱 想說的太多如鯁在喉 抵住的槍口 我知道我變了 我已經變得不再那麼像我 我想過能不依賴 我想過轉身離開 不需再猜忌 不需再在意 灰色地帶 也許我不需要開口 就能夠讀懂我所有期待 如果一切能夠重來 Fuck it 時間沒辦法rewind 如果一切能夠重來 我希望從沒發生真的Pardon me 這根札的太深 太掙扎 我只想抽身到最後卻沒了力 過程中載浮載沉著 到頭來人呢 Lose a part of me 不成功便成仁 漸漸的陷得深 怎麼會又讓我傷了心 我想這就是我的性格 沒辦法把那些我認為最美好的畫面給定格 我知道 一切的一切 回歸原點 不是唯一的 但我也想看到花兒綻放的時候多美麗呢 我想我記得 
Hey you 我現在正在經歷一段痛苦的時期 快承受不住了 那些我對過去自己的質疑 內心崩塌了 無法接受更多外在的刺激 承認吧 就連我自己都快要認不出我自己
Who am I 不知道眼前的路途該向左或向右 But why 內心的雜音依然像窗戶外的大雨滂沱 想說的太多如鯁在喉 抵住的槍口 我知道我變了 我已經變得不再那麼像我
我想過能不依賴 我想過轉身離開 不需再猜忌 不需再在意 灰色地帶 也許我不需要開口 就能夠讀懂我所有期待 如果一切能夠重來 Fuck it 時間沒辦法rewind 如果一切能夠重來 我希望從沒發生真的Pardon me 這根札的太深 太掙扎 我只想抽身到最後卻沒了力 過程中載浮載沉著 到頭來人呢 Lose a part of me 不成功便成仁 漸漸的陷得深 怎麼會又讓我傷了心 我想這就是我的性格 沒辦法把那些我認為最美好的畫面給定格 我知道 一切的一切 回歸原點 不是唯一的 但我也想看到花兒綻放的時候多美麗呢
我想我記得
留言（ 3 ） 最相關留言 所有留言
留言（ 3 ）",2026-09-26,,,False,False,
2026-10-03 13:20:51,realtime,hip_hop,,,33,奧薩瑪 Osama,說真的我曾經 demo,5,222,0,https://streetvoice.com/hejiawei0909/songs/879934/,https://streetvoice.com/hejiawei0909/,"https://akstatic.streetvoice.com/song_covers/he/ji/hejiawei0909/29se8x2EfU95u8L8bXYHtn.jpg?x-oss-process=image/resize,m_fill,h_400,w_400,limit_0",images/879934.jpg,@hejiawei0909,音樂人,新北市,2018-09-01,,23,46,26,,,https://www.youtube.com/user/StreetVoiceTV,,,Hip hop / Rap,,,,,"說真的 我曾經 幻想過這一覺不再醒來 說真的 我承認 我害怕不能期待 走在路上感覺他媽大家都在看我 黑色的 眼球我實在不能夠看懂 沒有辦法 我當然沒有看不懂 我害怕我看著我當然知道眼球不能夠包裝 直到我是試著將一切全部都給打破 多麼希望這一切都會是一場夢 境 但這不是夢境 我爬到了最頂端看 下面那湖面的倒影 彷彿一下子 我就能夠呱呱墜地 看上去的風景還是一樣的美麗 看那美麗風景 
說真的 我曾經 幻想過這一覺不再醒來 說真的 我承認 我害怕不能期待 走在路上感覺他媽大家都在看我 黑色的 眼球我實在不能夠看懂 沒有辦法 我當然沒有看不懂 我害怕我看著我當然知道眼球不能夠包裝 直到我是試著將一切全部都給打破 多麼希望這一切都會是一場夢 境 但這不是夢境 我爬到了最頂端看 下面那湖面的倒影 彷彿一下子 我就能夠呱呱墜地 看上去的風景還是一樣的美麗 看那美麗風景
留言（ 0 ） 最相關留言 所有留言
留言（ 0 ）",2026-09-18,,編輯推薦,True,False,
2026-10-03 13:20:51,realtime,hip_hop,,,34,韓森博懿,躁,3,196,0,https://streetvoice.com/Young_Yee/songs/880362/,https://streetvoice.com/Young_Yee/,"https://akstatic.streetvoice.com/song_covers/Yo/un/Young_Yee/kQH8dpD7uczuXSptm34AM3.jpeg?x-oss-process=image/resize,m_fill,h_400,w_400,limit_0",images/880362.jpeg,@Young_Yee,音樂人,,,,2,3,5,,,https://www.youtube.com/user/StreetVoiceTV,,,Hip hop / Rap,躁。焦。情。鬱。,https://streetvoice.com/Young_Yee/songs/album/97326104/,,,"Hook： 每當我開口 要場子一定得熱 掌握著節奏 不一定會懂我 一切不是夢 是種美妙的獨特 我絕不會撤 充滿著動力 擁有著底氣 不可能碰壁 要就當最屌的TOP 拿到VIP 怎麼會輕易說放棄 Ver： 不停的衝衝衝衝衝 我像是空中風又瘋 腦中的想法不停的蹦蹦蹦 朋友都叫我放鬆 精神來了像個超級英雄 我狀態像是巔峰 滿電的我繼續的冰蹦冰蹦 再怎樣我也不痛 Hook： 每當我開口 要場子一定得熱 掌握著節奏 不一定會懂我 一切不是夢 是種美妙的獨特 我絕不會撤 充滿著動力 擁有著底氣 不可能碰壁 要就當最屌的TOP 拿到VIP 怎麼會輕易說放棄 Ver： 什麼狀況 喝了再上 催尬緊蹦再尢到我撞 大家都說 說你好棒 尢到我身體都整個發燙 好啦就這樣都別再胡鬧了 時間到點了都該去睡覺了 說也奇怪的又真的奇妙了 睡覺什麼的不是我需要的 （躁掉） Hook： 每當我開口 要場子一定得熱 掌握著節奏 不一定會懂我 一切不是夢 是種美妙的獨特 我絕不會撤 充滿著動力 擁有著底氣 不可能碰壁 要就當最屌的TOP 拿到VIP 怎麼會輕易說放棄 
Hook： 每當我開口 要場子一定得熱 掌握著節奏 不一定會懂我 一切不是夢 是種美妙的獨特 我絕不會撤
充滿著動力 擁有著底氣 不可能碰壁 要就當最屌的TOP 拿到VIP 怎麼會輕易說放棄
Ver： 不停的衝衝衝衝衝 我像是空中風又瘋 腦中的想法不停的蹦蹦蹦 朋友都叫我放鬆 精神來了像個超級英雄 我狀態像是巔峰 滿電的我繼續的冰蹦冰蹦 再怎樣我也不痛
Hook： 每當我開口 要場子一定得熱 掌握著節奏 不一定會懂我 一切不是夢 是種美妙的獨特 我絕不會撤
充滿著動力 擁有著底氣 不可能碰壁 要就當最屌的TOP 拿到VIP 怎麼會輕易說放棄
Ver： 什麼狀況 喝了再上 催尬緊蹦再尢到我撞 大家都說 說你好棒 尢到我身體都整個發燙 好啦就這樣都別再胡鬧了 時間到點了都該去睡覺了 說也奇怪的又真的奇妙了 睡覺什麼的不是我需要的
（躁掉）
Hook： 每當我開口 要場子一定得熱 掌握著節奏 不一定會懂我 一切不是夢 是種美妙的獨特 我絕不會撤
充滿著動力 擁有著底氣 不可能碰壁 要就當最屌的TOP 拿到VIP 怎麼會輕易說放棄
留言（ 0 ） 最相關留言 所有留言
留言（ 0 ）",2026-09-20,,編輯推薦,True,False,
2026-10-03 13:20:51,realtime,hip_hop,,,35,D-R¥DE,放手（Let go）,6,214,2,https://streetvoice.com/ttt_ryder/songs/881159/,https://streetvoice.com/ttt_ryder/,"https://akstatic.streetvoice.com/song_covers/tt/t_/ttt_ryder/XGgpUKjB4JEbucFLJ7LyWH.jpg?x-oss-process=image/resize,m_fill,h_400,w_400,limit_0",images/881159.jpg,@ttt_ryder,音樂人,,,,10,4,3,,,https://www.youtube.com/user/StreetVoiceTV,,,Hip hop / Rap,,,,"詞：D-R¥DE 曲：D-R¥DE 製/混：楊錫瑾 阿爾敏·亞魯雷特：「什麼都無法捨棄的人，什麼都改變不了」 YT: https://youtu.be/uJV1MMA1hbo?si=YZ2PL2ADFjrgRHg4 
詞：D-R¥DE 曲：D-R¥DE 製/混：楊錫瑾
阿爾敏·亞魯雷特：「什麼都無法捨棄的人，什麼都改變不了」 YT: https://youtu.be/uJV1MMA1hbo?si=YZ2PL2ADFjrgRHg4
https://youtu.be/uJV1MMA1hbo?si=YZ2PL2ADFjrgRHg4","什麼都無法捨棄的人 什麼都改變不了 把一切放進了口袋 最後怎麼都甩不掉 總覺得一個人能夠擁有所有美好 直到挽留不成 才懂得放下的重要 我早就知道 我應該放手 但過去的自己糾纏著我 總覺得一個人能夠擁有所有美好 直到挽留不成 才懂得放下的重要 不斷糾結過去到底有甚麼好 在低估持續徘徊 I'm just running around 早該放下過去 投入未來的懷抱 Now I'm struggling 陷入無盡的煩惱 想要鬆開手 but I just can let go I hope you feel my pain 這不是我的錯 證明我的過去 曾經擁有過 我需要多點時間讓自己沉默 止不住地想念 在心中逐漸發了芽 放手的那天 我心中早已沒了她 空洞的雙眼 再度開出鮮豔的話花 Sometimes we should let go 尋找更適合的回答 什麼都無法捨棄的人 什麼都改變不了 把一切放進了口袋 最後怎麼都甩不掉 總覺得一個人能夠擁有所有美好 直到挽留不成 才懂得放下的重要 我早就知道 我應該放手 但過去的自己糾纏著我 總覺得一個人能夠擁有所有美好 直到挽留不成 才懂得放下的重要 我的心中終於多了空位 放下心中大石新的風味 依舊的不捨 在心底住著 依舊的無奈正在後面追 I know its hard to let go 適當的取捨不是我的錯 當我回到了現實逃出我的夢 過去的點滴 至少經歷過 telling myself is all okay 別管捨不得的心情作祟 保持著如此 all the way I know it's hard but my faith won't fade 拋去那悲傷我祈求著 面對那 新生活新的人 we must let something go 尋找個屬於自己的人生 止不住地想念 在心中逐漸發了芽 放手的那天 我心中早已沒了她 空洞的雙眼 再度開出鮮豔的話花 Sometimes we should let go 什麼都無法捨棄的人 什麼都改變不了 把一切放進了口袋 最後怎麼都甩不掉 總覺得一個人能夠擁有所有美好 直到挽留不成 才懂得放下的重要 我早就知道 我應該放手 但過去的自己糾纏著我 總覺得一個人能夠擁有所有美好 直到挽留不成 才懂得放下的重要 
什麼都無法捨棄的人 什麼都改變不了 把一切放進了口袋 最後怎麼都甩不掉 總覺得一個人能夠擁有所有美好 直到挽留不成 才懂得放下的重要 我早就知道 我應該放手 但過去的自己糾纏著我 總覺得一個人能夠擁有所有美好 直到挽留不成 才懂得放下的重要
不斷糾結過去到底有甚麼好 在低估持續徘徊 I'm just running around 早該放下過去 投入未來的懷抱 Now I'm struggling 陷入無盡的煩惱
想要鬆開手 but I just can let go I hope you feel my pain 這不是我的錯 證明我的過去 曾經擁有過 我需要多點時間讓自己沉默
止不住地想念 在心中逐漸發了芽 放手的那天 我心中早已沒了她 空洞的雙眼 再度開出鮮豔的話花 Sometimes we should let go 尋找更適合的回答
什麼都無法捨棄的人 什麼都改變不了 把一切放進了口袋 最後怎麼都甩不掉 總覺得一個人能夠擁有所有美好 直到挽留不成 才懂得放下的重要 我早就知道 我應該放手 但過去的自己糾纏著我 總覺得一個人能夠擁有所有美好 直到挽留不成 才懂得放下的重要
我的心中終於多了空位 放下心中大石新的風味 依舊的不捨 在心底住著 依舊的無奈正在後面追
I know its hard to let go 適當的取捨不是我的錯 當我回到了現實逃出我的夢 過去的點滴 至少經歷過
telling myself is all okay 別管捨不得的心情作祟 保持著如此 all the way I know it's hard but my faith won't fade
拋去那悲傷我祈求著 面對那 新生活新的人 we must let something go 尋找個屬於自己的人生
止不住地想念 在心中逐漸發了芽 放手的那天 我心中早已沒了她 空洞的雙眼 再度開出鮮豔的話花 Sometimes we should let go
什麼都無法捨棄的人 什麼都改變不了 把一切放進了口袋 最後怎麼都甩不掉 總覺得一個人能夠擁有所有美好 直到挽留不成 才懂得放下的重要 我早就知道 我應該放手 但過去的自己糾纏著我 總覺得一個人能夠擁有所有美好 直到挽留不成 才懂得放下的重要
留言（ 2 ） 最相關留言 所有留言
留言（ 2 ）",2026-09-26,,,False,False,
2026-10-03 13:20:51,realtime,hip_hop,,,36,奧薩瑪 Osama,極度高敏之人類人,4,178,0,https://streetvoice.com/hejiawei0909/songs/880946/,https://streetvoice.com/hejiawei0909/,"https://akstatic.streetvoice.com/song_covers/he/ji/hejiawei0909/dr6TReU3Tuz2LMRjFbhqjF.jpg?x-oss-process=image/resize,m_fill,h_400,w_400,limit_0",images/880946.jpg,@hejiawei0909,音樂人,新北市,2018-09-01,,23,46,26,,,https://www.youtube.com/user/StreetVoiceTV,,,Hip hop / Rap,,,,"《極度高敏之人類人》 我一直覺得，有些人只是大腦好像沒有靜音鍵。 一個人站在人群裡，開始注意到所有不屬於自己的東西。別人可能只是看了一眼，我卻會開始想他為什麼看我；一件根本不關我的事，我卻會莫名其妙覺得是不是自己的問題。 最麻煩的不是敏感，而是你其實知道自己可能想太多。 你知道沒有人真的在注意你，也知道很多事情根本不是你的責任，但你的身體和情緒還是會先一步做出反應。那些細微的聲音、眼神、動作，甚至只是經過身邊的一個瞬間，都可能被放大，最後變成一種很真實的感受。 所以我用一個本來不應該感覺到疼痛的東西，去形容這種狀態。 明明理性上知道不該痛，卻偏偏痛得很真實。 這大概就是我理解的「高敏」。 不是什麼都看得見。 是什麼都感覺得到。 而有時候，選擇閉上眼睛，也不一定是不想看見。 只是想讓那些一直進來的東西，暫時安靜一點。 
《極度高敏之人類人》
我一直覺得，有些人只是大腦好像沒有靜音鍵。
一個人站在人群裡，開始注意到所有不屬於自己的東西。別人可能只是看了一眼，我卻會開始想他為什麼看我；一件根本不關我的事，我卻會莫名其妙覺得是不是自己的問題。
最麻煩的不是敏感，而是你其實知道自己可能想太多。
你知道沒有人真的在注意你，也知道很多事情根本不是你的責任，但你的身體和情緒還是會先一步做出反應。那些細微的聲音、眼神、動作，甚至只是經過身邊的一個瞬間，都可能被放大，最後變成一種很真實的感受。
所以我用一個本來不應該感覺到疼痛的東西，去形容這種狀態。
明明理性上知道不該痛，卻偏偏痛得很真實。
這大概就是我理解的「高敏」。
不是什麼都看得見。
是什麼都感覺得到。
而有時候，選擇閉上眼睛，也不一定是不想看見。
只是想讓那些一直進來的東西，暫時安靜一點。","我看見他打破了杯子 當我走到人群一樣的卑賤 我看著碎片與它在對視 怎麼可能這種時候還在道歉 他瞳孔的倒影 在我眼裡看來就像視而不見 碎片劃破把我給叫醒 接著我又開始在道歉 不是他也不是你 但更不是我吧 雙眼看著鏡子我像是個廢物 一樣的時候 噁心的程度 就像是 他看著我的雙眼 往我嘴裡催吐 但我卻感到抱歉 沒做到我的本分 到現在可能沒有什麼可以勝任 我感覺全世界都討厭我得承認 因為這些都是我該承擔的責任 那感覺怎麼形容 敏感到像有人拿 筷子插入你的義眼 那怎麼形容 旁邊正在搶劫經過感覺都在看我一眼 那怎麼形容 我知道根本沒人看我沒有那麼自戀 那怎麼形容 大部分時間 我都會 選擇閉眼 
我看見他打破了杯子 當我走到人群一樣的卑賤 我看著碎片與它在對視 怎麼可能這種時候還在道歉
他瞳孔的倒影 在我眼裡看來就像視而不見 碎片劃破把我給叫醒 接著我又開始在道歉
不是他也不是你 但更不是我吧 雙眼看著鏡子我像是個廢物 一樣的時候 噁心的程度 就像是 他看著我的雙眼 往我嘴裡催吐
但我卻感到抱歉 沒做到我的本分 到現在可能沒有什麼可以勝任 我感覺全世界都討厭我得承認 因為這些都是我該承擔的責任
那感覺怎麼形容 敏感到像有人拿 筷子插入你的義眼 那怎麼形容 旁邊正在搶劫經過感覺都在看我一眼 那怎麼形容 我知道根本沒人看我沒有那麼自戀 那怎麼形容 大部分時間 我都會 選擇閉眼
留言（ 0 ） 最相關留言 所有留言
留言（ 0 ）",2026-09-24,,,False,False,
2026-10-03 13:20:51,realtime,hip_hop,,,37,恋爱脑凝曦,卜青,0,40,0,https://streetvoice.com/hyperdrugs/songs/880960/,https://streetvoice.com/hyperdrugs/,"https://akstatic.streetvoice.com/music_albums/hy/pe/hyperdrugs/gN2VGN6BMjpDYqSHQ3ziaz.jpg?x-oss-process=image/resize,m_fill,h_400,w_400,limit_0",images/880960.jpg,@hyperdrugs,音樂人,,,,2,,,,,https://www.youtube.com/user/StreetVoiceTV,,,Hip hop / Rap,9/24,https://streetvoice.com/hyperdrugs/songs/album/97326128/,,,"卜青 what a pity stucking on my mind 俯聽 她的耳語我不需要太猜 尼古丁 她嫌臭也在我旁邊徘徊 她是誰你或許有答案 我跟月老占卜了青春其實 我根本不 care about 結果 他說我們只剩一些些情分 我本就不害怕她被誰給接走 也許卜青就是最好的方式 我把沒關係當最好的藉口 也許卜青就是最好的方式 我也會選擇不聽 卜青卜青 U r  my fucking ride or die 我不停不停的渴望能夠得到更多愛 再多一點 就再多一點 再多一點 我們會不會是情人 不會虛度了青春 再多一點 再多一點 卜青 所有的想法我理不清 當四周的聲音都是妳和他的故事 我得假裝我聽不清 ：你認識她嗎？ 我認識她 ：她跟你好嗎？ 我有追蹤她 ：我偷偷跟你說吧 我在跟他聊天想約她出去 可惜她 有可能有機會大概率probably 正在交往 這一切我其實都清楚只是我不敢再面對過往 幾天前嘗試故地重遊只是想把自己帶回家住 他拒絕說在那裡有他愛的人 他過的非常幸福 卜青卜青 U r  my fucking ride or die 我不停不停的渴望能夠得到更多愛 再多一點 就再多一點 再多一點 我們會不會是情人 不會虛度了青春 再多一點 再多一點 
卜青 what a pity stucking on my mind 俯聽 她的耳語我不需要太猜 尼古丁 她嫌臭也在我旁邊徘徊 她是誰你或許有答案 我跟月老占卜了青春其實 我根本不 care about 結果 他說我們只剩一些些情分 我本就不害怕她被誰給接走 也許卜青就是最好的方式 我把沒關係當最好的藉口 也許卜青就是最好的方式 我也會選擇不聽
卜青卜青 U r  my fucking ride or die 我不停不停的渴望能夠得到更多愛 再多一點 就再多一點 再多一點 我們會不會是情人 不會虛度了青春 再多一點 再多一點
卜青 所有的想法我理不清 當四周的聲音都是妳和他的故事 我得假裝我聽不清 ：你認識她嗎？ 我認識她 ：她跟你好嗎？ 我有追蹤她 ：我偷偷跟你說吧 我在跟他聊天想約她出去 可惜她 有可能有機會大概率probably 正在交往 這一切我其實都清楚只是我不敢再面對過往 幾天前嘗試故地重遊只是想把自己帶回家住 他拒絕說在那裡有他愛的人 他過的非常幸福
卜青卜青 U r  my fucking ride or die 我不停不停的渴望能夠得到更多愛 再多一點 就再多一點 再多一點 我們會不會是情人 不會虛度了青春 再多一點 再多一點
留言（ 0 ） 最相關留言 所有留言
留言（ 0 ）",2026-09-24,,,False,False,
2026-10-03 13:20:51,realtime,hip_hop,,,38,Lit-Fish,工地頌,0,2,0,https://streetvoice.com/ahq12334/songs/881092/,https://streetvoice.com/ahq12334/,"https://akstatic.streetvoice.com/profile_images/ah/q1/ahq12334/DG6EFYqbcgSFoEH4sPPkKV.jpeg?x-oss-process=image/resize,m_fill,h_400,w_400,limit_0",images/881092.jpeg,@ahq12334,音樂人,台中市,2021-12-01,,11,,,,,https://www.youtube.com/user/StreetVoiceTV,,,Hip hop / Rap,,,,,"把菸　和酒　全部帶進工地ＢＲＯ 這不開香檳　我們只喝保力達ＢＲＯ 沙沙啞和維他露Ｐ拿來套了ＢＲＯ 上班沒喝兩口這種感覺怎麼對 把菸　和酒　全部帶進工地ＢＲＯ 這不開香檳　我們只喝保力達ＢＲＯ 沙沙啞和維他露Ｐ拿來套了ＢＲＯ 上班沒喝兩口這種感覺怎麼對 你說的　台啤　百威　雪山　海尼根我都喝過 基本一手起跳　小事情　都是喉嚨借過 不是漂亮的設計師 抱歉 我一律都略過 朝九晚五的生活 從日出做到了日落 兄 弟 聽 得 懂 這 首 那 你 是 真 的 識 貨 我調的酒 喝一口 必須知道誰製作 工地人聽工地頌 大口喝酒再吃肉 遇到北七真美送 林北也沒再函扣 GO GO GO GO GO GO GO 把菸　和酒　全部帶進工地ＢＲＯ 這不開香檳　我們只喝保力達ＢＲＯ 沙沙啞和維他露Ｐ拿來套了ＢＲＯ 上班沒喝兩口這種感覺怎麼對 把菸　和酒　全部帶進工地ＢＲＯ 這不開香檳　我們只喝保力達ＢＲＯ 沙沙啞和維他露Ｐ拿來套了ＢＲＯ 上班沒喝兩口這種感覺怎麼對 
把菸　和酒　全部帶進工地ＢＲＯ 這不開香檳　我們只喝保力達ＢＲＯ 沙沙啞和維他露Ｐ拿來套了ＢＲＯ 上班沒喝兩口這種感覺怎麼對 把菸　和酒　全部帶進工地ＢＲＯ 這不開香檳　我們只喝保力達ＢＲＯ 沙沙啞和維他露Ｐ拿來套了ＢＲＯ 上班沒喝兩口這種感覺怎麼對
你說的　台啤　百威　雪山　海尼根我都喝過 基本一手起跳　小事情　都是喉嚨借過 不是漂亮的設計師 抱歉 我一律都略過 朝九晚五的生活 從日出做到了日落 兄 弟 聽 得 懂 這 首 那 你 是 真 的 識 貨 我調的酒 喝一口 必須知道誰製作 工地人聽工地頌 大口喝酒再吃肉 遇到北七真美送 林北也沒再函扣 GO GO GO GO GO GO GO 把菸　和酒　全部帶進工地ＢＲＯ 這不開香檳　我們只喝保力達ＢＲＯ 沙沙啞和維他露Ｐ拿來套了ＢＲＯ 上班沒喝兩口這種感覺怎麼對 把菸　和酒　全部帶進工地ＢＲＯ 這不開香檳　我們只喝保力達ＢＲＯ 沙沙啞和維他露Ｐ拿來套了ＢＲＯ 上班沒喝兩口這種感覺怎麼對
留言（ 0 ） 最相關留言 所有留言
留言（ 0 ）",2026-09-25,,,False,False,
2026-10-03 13:20:51,realtime,hip_hop,,,39,林柏希 kanasi_boxi,晚安,0,7,0,https://streetvoice.com/kanasi_boxi/songs/881151/,https://streetvoice.com/kanasi_boxi/,"https://akstatic.streetvoice.com/song_covers/ka/na/kanasi_boxi/JFFFnqtMomyeUAH6WHRT7v.jpg?x-oss-process=image/resize,m_fill,h_400,w_400,limit_0",images/881151.jpg,@kanasi_boxi,音樂人,,,,12,2,4,,,https://www.youtube.com/user/StreetVoiceTV,,,Hip hop / Rap,,,,"🎧 新單曲《晚安》 我不在意你最後選擇了誰。 我在意的是， 我曾經那麼用心地對待你， 卻始終換不來一句實話。 原來，比起失去一個人， 更讓人失望的， 是曾經真心對待的人， 連坦誠都不願意給你。 沒關係。 有些話，不說也罷。 有些人，不必再等。 這一次， 我不問了，也不追了。 晚安。 
🎧 新單曲《晚安》
我不在意你最後選擇了誰。
我在意的是， 我曾經那麼用心地對待你， 卻始終換不來一句實話。
原來，比起失去一個人， 更讓人失望的， 是曾經真心對待的人， 連坦誠都不願意給你。
沒關係。
有些話，不說也罷。 有些人，不必再等。
這一次， 我不問了，也不追了。
晚安。","這是沒有提供歌詞的歌曲
留言（ 0 ） 最相關留言 所有留言
留言（ 0 ）",2026-09-26,,,False,False,
2026-10-03 13:20:51,realtime,hip_hop,,,40,恋爱脑凝曦,wiggle,0,3,0,https://streetvoice.com/hyperdrugs/songs/880958/,https://streetvoice.com/hyperdrugs/,"https://akstatic.streetvoice.com/music_albums/hy/pe/hyperdrugs/gN2VGN6BMjpDYqSHQ3ziaz.jpg?x-oss-process=image/resize,m_fill,h_400,w_400,limit_0",images/880958.jpg,@hyperdrugs,音樂人,,,,2,,,,,https://www.youtube.com/user/StreetVoiceTV,,,Hip hop / Rap,9/24,https://streetvoice.com/hyperdrugs/songs/album/97326128/,,,"著裝寬鬆的衣擺 自若神態 軟鬆的床鋪  似若雲臺 放鬆的角度  側卧粉黛 髮絲一擺 嗅到一泓魅惑在靜待 衣擺輕撩露出 魚肚白 盈盈一把握住 細絲帶 腰線的曼妙 把我的視線鎖住 妖嬈焚起香 把我的心包裹住 我飄了飄上雲臺 瞄了瞄她臉上的神色 帶有一縷羞態 粉脂在她秀容暈染開來 紅潤溢出臉頰讓她感覺有點失態 她扭捏的揉著被子 細腰如柳枝輕擺 心態 喊著我是大變態 不經意擺 放的位置無法還她一個清白 我輕擺弄著 擁抱峰尖的秀色 絲帶纏繞著我的左手掌嬌柔的扭動 她面露羞澀 (bae 把音量調高 必須要大過整個房間 Bae 關閉所有光源 我要看見妳眼裡亮起的瘋癲 Bae 把音量調高 必須要大過整個房間 bae 揮灑妳的汗水 我要把妳推上浪尖 we go in(out) move(stop) deep(shallow) tight(loose) in my Bae wiggle left(right) up(down) forward (backward) clockwise(anti)on my bed we got laid(then) little (death) cum(pleasure)moan(moon) beg for bang wiggle butt(titi)waist (back) tribbing(ridding)horny (honey )you so wet 一  點頭 二  搖頭 三  舉手 選我們暫停的暗號 一  是口 二  是手 三  是ball 選我們終點要去哪 是時候 褪去 我們 身上的 重擔 太多負擔 太多麻煩 扣住妳的身姿不應該 所有細節都精彩 白皙的雪山尖峰點上淺粉的櫻花兩盞 櫻花綻放甜甜的香 口中蔓延漸漸的放 舌尖的饗宴一個人嚐 嬌媚的微風柔柔的啟航 迎面拂來情慾漸漲 嬌嫩的花蕊輕捏鑑賞 妳呢喃的口語是通往下一站的密碼 妳蜷曲的躺任由我捲曲弧度的尺測量妳的深度 妳卷曲的髮就讓我蓋上更濃密的灌木玄武棲身的棧木 牠不喜歡過硬的地 開始往更深處翻土 牠的巢穴只容得下牠住 緊密的空間擴張成他的形狀 包覆 泉水從穴壁 滲出 我一不小心往牠的巢裡栽入整株 神木 土是太緊實了 他憋了口氣準備開始大興建築 膨脹碩大的頭 說他難受  邁入更深的洞 更深的hole 壯碩的身材猛撞擴張岩壁口徑 他貼住岩壁瘋狂摩擦蹂躪 把地下水泵 
著裝寬鬆的衣擺 自若神態 軟鬆的床鋪  似若雲臺 放鬆的角度  側卧粉黛 髮絲一擺 嗅到一泓魅惑在靜待 衣擺輕撩露出 魚肚白 盈盈一把握住 細絲帶 腰線的曼妙 把我的視線鎖住 妖嬈焚起香 把我的心包裹住 我飄了飄上雲臺 瞄了瞄她臉上的神色 帶有一縷羞態 粉脂在她秀容暈染開來 紅潤溢出臉頰讓她感覺有點失態 她扭捏的揉著被子 細腰如柳枝輕擺
心態 喊著我是大變態 不經意擺 放的位置無法還她一個清白 我輕擺弄著 擁抱峰尖的秀色 絲帶纏繞著我的左手掌嬌柔的扭動 她面露羞澀
(bae 把音量調高 必須要大過整個房間 Bae 關閉所有光源 我要看見妳眼裡亮起的瘋癲 Bae 把音量調高 必須要大過整個房間 bae 揮灑妳的汗水 我要把妳推上浪尖 we go in(out) move(stop) deep(shallow) tight(loose) in my Bae wiggle left(right) up(down) forward (backward) clockwise(anti)on my bed we got laid(then) little (death) cum(pleasure)moan(moon) beg for bang wiggle butt(titi)waist (back) tribbing(ridding)horny (honey )you so wet
一  點頭 二  搖頭 三  舉手 選我們暫停的暗號 一  是口 二  是手 三  是ball 選我們終點要去哪
是時候 褪去 我們 身上的 重擔 太多負擔 太多麻煩 扣住妳的身姿不應該 所有細節都精彩 白皙的雪山尖峰點上淺粉的櫻花兩盞 櫻花綻放甜甜的香 口中蔓延漸漸的放 舌尖的饗宴一個人嚐 嬌媚的微風柔柔的啟航 迎面拂來情慾漸漲 嬌嫩的花蕊輕捏鑑賞 妳呢喃的口語是通往下一站的密碼 妳蜷曲的躺任由我捲曲弧度的尺測量妳的深度 妳卷曲的髮就讓我蓋上更濃密的灌木玄武棲身的棧木 牠不喜歡過硬的地 開始往更深處翻土 牠的巢穴只容得下牠住 緊密的空間擴張成他的形狀 包覆 泉水從穴壁 滲出 我一不小心往牠的巢裡栽入整株 神木 土是太緊實了 他憋了口氣準備開始大興建築 膨脹碩大的頭 說他難受  邁入更深的洞 更深的hole 壯碩的身材猛撞擴張岩壁口徑 他貼住岩壁瘋狂摩擦蹂躪 把地下水泵
留言（ 0 ） 最相關留言 所有留言
留言（ 0 ）",2026-09-24,,,False,False,
2026-10-03 13:20:51,realtime,hip_hop,,,41,恋爱脑凝曦,95%,0,16,0,https://streetvoice.com/hyperdrugs/songs/880959/,https://streetvoice.com/hyperdrugs/,"https://akstatic.streetvoice.com/music_albums/hy/pe/hyperdrugs/gN2VGN6BMjpDYqSHQ3ziaz.jpg?x-oss-process=image/resize,m_fill,h_400,w_400,limit_0",images/880959.jpg,@hyperdrugs,音樂人,,,,2,,,,,https://www.youtube.com/user/StreetVoiceTV,,,Hip hop / Rap,9/24,https://streetvoice.com/hyperdrugs/songs/album/97326128/,,,"cause I been through that 重造的牆 I can't do that hot shit pop shit working on the hard shit 牆外的我播出我的唱片 盛開的薔薇把我辣倒 在我的眼裡pop out 勾魂攝魄勾出我的 type bae 推開銅鑄的大門 95%鑲上黃金的衙門 我的心房門重得八人 推不動但妳搭乘 專車like 妳的家門 不用費武功 cause I don't even know about that 會有公主被囚錮在我造的堡壘 會等我救贖在唇上壓上燒紅的烙鐵 Bae 妳的唇印是最上等的Body art part of my body 不用誇張的type beat 呱噪的交集 眼神跨過現實的峭壁 妳存在像夢境裡的倒影 複製靈魂我以為是道聽 塗說 微妙的連結有沒有道理 我不說 是天機的漏洞 黃泉的天氣有波動 還是孟婆湯沒功用 我在心裡悄悄話她也聽懂 她的身體似乎住著另一個我 推開銅鑄的大門 95%鑲上黃金的衙門 我的心房門重得八人 推不動但妳搭乘 專車like 妳的家門 不用費武功 cause I don't even know about that 會有公主被囚錮在我造的堡壘 會等我救贖在唇上壓上燒紅的烙鐵 她的影子埋伏在我每個邁步 走進夢裡逮捕 我在每刻扮演偷心的歹徒 我偷偷的轉身把她給逮住 我受夠我心跳 像在打太鼓 她呆呆的對我笑 她默默的閉眼 鼻息間醞釀紅嫣的側臉 頃刻間就呆住 故作輕鬆的態度 腦海清空的外物 眼裡星空的畫布 閃爍的耀眼才不是 輕鬆就能任人擺佈 拼湊出的優點擺設 我的星球只夠牽引一位嫦娥 關上銅鑄的大門 95%鑲上黃金的衙門 我的心房只要她人在就夠 妳搭乘專車這是妳的家門 不用費武功 
cause I been through that 重造的牆 I can't do that hot shit pop shit working on the hard shit 牆外的我播出我的唱片 盛開的薔薇把我辣倒 在我的眼裡pop out 勾魂攝魄勾出我的 type bae
推開銅鑄的大門 95%鑲上黃金的衙門 我的心房門重得八人 推不動但妳搭乘 專車like 妳的家門 不用費武功
cause I don't even know about that 會有公主被囚錮在我造的堡壘 會等我救贖在唇上壓上燒紅的烙鐵 Bae 妳的唇印是最上等的Body art
part of my body 不用誇張的type beat 呱噪的交集 眼神跨過現實的峭壁 妳存在像夢境裡的倒影 複製靈魂我以為是道聽 塗說 微妙的連結有沒有道理 我不說 是天機的漏洞 黃泉的天氣有波動 還是孟婆湯沒功用 我在心裡悄悄話她也聽懂 她的身體似乎住著另一個我
推開銅鑄的大門 95%鑲上黃金的衙門 我的心房門重得八人 推不動但妳搭乘 專車like 妳的家門 不用費武功
cause I don't even know about that 會有公主被囚錮在我造的堡壘 會等我救贖在唇上壓上燒紅的烙鐵
她的影子埋伏在我每個邁步 走進夢裡逮捕 我在每刻扮演偷心的歹徒 我偷偷的轉身把她給逮住 我受夠我心跳 像在打太鼓 她呆呆的對我笑
她默默的閉眼 鼻息間醞釀紅嫣的側臉 頃刻間就呆住 故作輕鬆的態度 腦海清空的外物 眼裡星空的畫布 閃爍的耀眼才不是 輕鬆就能任人擺佈 拼湊出的優點擺設 我的星球只夠牽引一位嫦娥
關上銅鑄的大門 95%鑲上黃金的衙門 我的心房只要她人在就夠 妳搭乘專車這是妳的家門 不用費武功
留言（ 0 ） 最相關留言 所有留言
留言（ 0 ）",2026-09-24,,,False,False,
2026-10-03 13:20:51,realtime,hip_hop,,,42,恋爱脑凝曦,陷,0,15,0,https://streetvoice.com/hyperdrugs/songs/880957/,https://streetvoice.com/hyperdrugs/,"https://akstatic.streetvoice.com/music_albums/hy/pe/hyperdrugs/gN2VGN6BMjpDYqSHQ3ziaz.jpg?x-oss-process=image/resize,m_fill,h_400,w_400,limit_0",images/880957.jpg,@hyperdrugs,音樂人,,,,2,,,,,https://www.youtube.com/user/StreetVoiceTV,,,Hip hop / Rap,9/24,https://streetvoice.com/hyperdrugs/songs/album/97326128/,,,"第一眼就對妳的容顏產生鍵結 對妳我特別有印象 妳的美讓我有不一樣的見解 妳是展示櫃最艷麗的品項 第一眼就把妳記住不需辯解 妳的周遭是晴的氣象 這girl我欣賞但不敢去想 只能在心裏偷偷把安全帶給繫上 跟著沙漏逆時針傾斜 個位數的氣溫我的心跳三位數的動靜掌 握不住鍾意裝鈴鐺在心房不停響 妳的談吐是最舒服的茗香 品嚐後留下甜的韻味 入口即化成溫暖從味蕾 到心脾注入帶香氛的新血 我貧瘠的話題在你那能開出花蕊 馨香灌入整片花園 信箱也能掛上花圈 妳演示了如何在人心頭種下一朵玫瑰 妳的支持是岩縫裡的薔薇 馨香灌入整片花園 信箱也能掛上花圈 園丁的溫柔栽入土壤施肥 交談像是坐上雲朵喝 咖啡 羨羨羨羨羨 我 陷陷陷陷陷 我願 獻獻獻獻獻 無 限限限限限 I'm falling for you I'm falling for you I'm falling for you I'm falling for you 妳的沉靜讓我的風暴裡有港口 妳的笑容 比晨曦還溫柔 妳體內的persist比鑽石堅韌 我看了成色那是渾然天成 記得那天淩晨 妳扛生理期感冒趕三篇作文 讓人佩服妳的態度 就算是小事也負起責任 我眼中的妳是屹立的山 毅力彷彿能幫愚公推山 我眼中的妳能夠自動聚焦 呈現的畫面是置中首要 I'm falling for you×4 模糊 把世界抹上濃霧 我只想清晰感受妳的皮膚 模糊 周圍變得模糊 香氛在正中央散播幸福 羨羨羨羨羨 我 陷陷陷陷陷 我願 獻獻獻獻獻 無 限限限限限 I'm falling for you girl 是妳讓我相信 我的歌也能讓人想聽 能被放進筆記重複聆聽 能被放進心靈產生共鳴 我的信心來源是妳給 我 我的成長是妳推動 我的動力來源是妳給 我 不然我才沒有那種勇氣 我在迷宮兜兜圈 妳是作弊點把我偷偷牽 沒把我唾棄還讓我摟摟肩 要有把握讓妳看到我火出圈 Bae I get you on my mind now I get you on my mind Bae I get you on my mind 沒妳我的生活就沒精采 
第一眼就對妳的容顏產生鍵結 對妳我特別有印象 妳的美讓我有不一樣的見解 妳是展示櫃最艷麗的品項 第一眼就把妳記住不需辯解 妳的周遭是晴的氣象 這girl我欣賞但不敢去想 只能在心裏偷偷把安全帶給繫上
跟著沙漏逆時針傾斜 個位數的氣溫我的心跳三位數的動靜掌 握不住鍾意裝鈴鐺在心房不停響 妳的談吐是最舒服的茗香 品嚐後留下甜的韻味 入口即化成溫暖從味蕾 到心脾注入帶香氛的新血 我貧瘠的話題在你那能開出花蕊 馨香灌入整片花園 信箱也能掛上花圈 妳演示了如何在人心頭種下一朵玫瑰 妳的支持是岩縫裡的薔薇 馨香灌入整片花園 信箱也能掛上花圈 園丁的溫柔栽入土壤施肥 交談像是坐上雲朵喝 咖啡
羨羨羨羨羨 我 陷陷陷陷陷 我願 獻獻獻獻獻 無 限限限限限
I'm falling for you I'm falling for you I'm falling for you I'm falling for you 妳的沉靜讓我的風暴裡有港口 妳的笑容 比晨曦還溫柔 妳體內的persist比鑽石堅韌 我看了成色那是渾然天成 記得那天淩晨 妳扛生理期感冒趕三篇作文 讓人佩服妳的態度 就算是小事也負起責任 我眼中的妳是屹立的山 毅力彷彿能幫愚公推山 我眼中的妳能夠自動聚焦 呈現的畫面是置中首要 I'm falling for you×4 模糊 把世界抹上濃霧 我只想清晰感受妳的皮膚 模糊 周圍變得模糊 香氛在正中央散播幸福
羨羨羨羨羨 我 陷陷陷陷陷 我願 獻獻獻獻獻 無 限限限限限
I'm falling for you
girl 是妳讓我相信 我的歌也能讓人想聽 能被放進筆記重複聆聽 能被放進心靈產生共鳴 我的信心來源是妳給 我 我的成長是妳推動 我的動力來源是妳給 我 不然我才沒有那種勇氣 我在迷宮兜兜圈 妳是作弊點把我偷偷牽 沒把我唾棄還讓我摟摟肩 要有把握讓妳看到我火出圈 Bae I get you on my mind now I get you on my mind Bae I get you on my mind 沒妳我的生活就沒精采
留言（ 0 ） 最相關留言 所有留言
留言（ 0 ）",2026-09-24,,,False,False,
2026-10-03 13:20:51,realtime,hip_hop,,,43,恋爱脑凝曦,serendipity,0,10,0,https://streetvoice.com/hyperdrugs/songs/880956/,https://streetvoice.com/hyperdrugs/,"https://akstatic.streetvoice.com/music_albums/hy/pe/hyperdrugs/gN2VGN6BMjpDYqSHQ3ziaz.jpg?x-oss-process=image/resize,m_fill,h_400,w_400,limit_0",images/880956.jpg,@hyperdrugs,音樂人,,,,2,,,,,https://www.youtube.com/user/StreetVoiceTV,,,Hip hop / Rap,9/24,https://streetvoice.com/hyperdrugs/songs/album/97326128/,,,"唇齒留香蜜釉殘留在唇上點一盞光 甜香流淌迷走駐留在魂上偃倒心防 暗沉的唇色沾染上妳身上的光 陰鬱 的成色 在此刻 靈魂被注入了光芒 妳的 心地無塵金菊開 又如柔荑墮苺苔 一泓秋水一輪月 我佇河畔等雪來 妳的潔白倒映在瞳孔 我不是狼人也表現出瘋癲的神采 采我博動的心臟能否讓我撥動妳的心扉開 You are the sunshine 就算烏雲敝日 妳也 妳也 妳也 妳也 妳也 帶來日出而林霏開 you are the moonlight 殘月落花煙重 摻雪輪畫羞容 我只想栽進秀絨 (我就)遁入雲霧 無人之處 舉觥醉月 月醉壓山頭 金秋被銀霧籠罩留下一簇人影說她是 serendipity 任誰都不可比 誰人睇不停 任誰都不可移 selene 亦不及 仁美都不及妳 來不及妒忌就看得入迷 銀盤躲霧裡 冬天的密禮 煙霧瀰漫 躲在秘密裡 like translunary chapter 上一歲的冷沒把我圈住 尚未死的心煤把火圈復燃 異樣的眼光我全買單 一樣的謬誤我不再犯 這首歌是預告函我宣布 地球第一衛星剽竊案 是我犯的我要她的全部 You are the sunshine 就算烏雲敝日 妳也 妳也 妳也 妳也 妳也 帶來日出而林霏開 you are the moonlight 殘月落花煙重 摻雪輪畫羞容 我只想栽進秀絨 (我就)遁入雲霧 無人之處 舉觥醉月 月醉壓山頭 You are the sunshine 就算烏雲敝日 妳也 妳也 妳也 妳也 妳也 帶來日出而林霏開 you are the moonlight 殘月落花煙重 摻雪輪畫羞容 我只想栽進秀絨 (我就)遁入雲霧 無人之處 舉觥醉月 月醉壓山頭 月色姣好 帶點羞帶點妖嬈 月光飛流灌溉生命的藥草 吳岡的阻攔 攔不住大盜 嫦娥不和他住廣寒宮共老 星河熠耀 每天都是乞巧 嫦娥下凡 她仙氣飄渺 我的公主 亭下的紅顏嘻笑 不能停下的臉龐紅潤得發燒 
唇齒留香蜜釉殘留在唇上點一盞光 甜香流淌迷走駐留在魂上偃倒心防 暗沉的唇色沾染上妳身上的光 陰鬱 的成色 在此刻 靈魂被注入了光芒 妳的 心地無塵金菊開 又如柔荑墮苺苔 一泓秋水一輪月 我佇河畔等雪來 妳的潔白倒映在瞳孔 我不是狼人也表現出瘋癲的神采 采我博動的心臟能否讓我撥動妳的心扉開
You are the sunshine 就算烏雲敝日 妳也 妳也 妳也 妳也 妳也 帶來日出而林霏開 you are the moonlight 殘月落花煙重 摻雪輪畫羞容 我只想栽進秀絨 (我就)遁入雲霧 無人之處 舉觥醉月 月醉壓山頭
金秋被銀霧籠罩留下一簇人影說她是 serendipity 任誰都不可比 誰人睇不停 任誰都不可移 selene 亦不及 仁美都不及妳 來不及妒忌就看得入迷 銀盤躲霧裡 冬天的密禮 煙霧瀰漫 躲在秘密裡 like translunary chapter 上一歲的冷沒把我圈住 尚未死的心煤把火圈復燃 異樣的眼光我全買單 一樣的謬誤我不再犯 這首歌是預告函我宣布 地球第一衛星剽竊案 是我犯的我要她的全部
You are the sunshine 就算烏雲敝日 妳也 妳也 妳也 妳也 妳也 帶來日出而林霏開 you are the moonlight 殘月落花煙重 摻雪輪畫羞容 我只想栽進秀絨 (我就)遁入雲霧 無人之處 舉觥醉月 月醉壓山頭
You are the sunshine 就算烏雲敝日 妳也 妳也 妳也 妳也 妳也 帶來日出而林霏開 you are the moonlight 殘月落花煙重 摻雪輪畫羞容 我只想栽進秀絨 (我就)遁入雲霧 無人之處 舉觥醉月 月醉壓山頭
月色姣好 帶點羞帶點妖嬈 月光飛流灌溉生命的藥草 吳岡的阻攔 攔不住大盜 嫦娥不和他住廣寒宮共老 星河熠耀 每天都是乞巧 嫦娥下凡 她仙氣飄渺 我的公主 亭下的紅顏嘻笑 不能停下的臉龐紅潤得發燒
留言（ 0 ） 最相關留言 所有留言
留言（ 0 ）",2026-09-24,,,False,False,
2026-10-03 13:20:51,realtime,hip_hop,,,44,恋爱脑凝曦,9/24,4,77,0,https://streetvoice.com/hyperdrugs/songs/880840/,https://streetvoice.com/hyperdrugs/,"https://akstatic.streetvoice.com/music_albums/hy/pe/hyperdrugs/gN2VGN6BMjpDYqSHQ3ziaz.jpg?x-oss-process=image/resize,m_fill,h_400,w_400,limit_0",images/880840.jpg,@hyperdrugs,音樂人,,,,2,,,,,https://www.youtube.com/user/StreetVoiceTV,,,Hip hop / Rap,9/24,https://streetvoice.com/hyperdrugs/songs/album/97326128/,,"大家好我是恋爱脑凝曦 
大家好我是恋爱脑凝曦","so let me  take u to the 往年 搭時光機讓我們往前 視線開始變得模糊 精神也開始變得恍惚 日落後路燈變的曖昧 燈光下兩人都很膽怯 視線也開始變得模糊 精神也開始變的恍惚 u r my"" terces"" u r my ""dream"" u r my ""sarendipity"" 這不是""陷""阱並沒有""限""制 我光站著就能讓人""羨""慕 聽著""95%"" ""WIGGLE"" 我口水又吞了幾口 這是""誰的""請快領走 變成我的""卜青""not my fault I just wanna go with u I wanna go where u wanna go I just wanna go with u I wanna go 妳拿到了鑰匙開啟隱藏小地方 大風起兮雲飛揚女王登基左心房 不只是我的女王妳是我的世界最大 keep running keep running 是我虔誠的信仰 我會在當你隨時需要我肩膀 或許終究我們到不了彼方 我會是你的私人避風港 I just wanna go with u I wanna go where u wanna go I just wanna go with u I wanna go 
so let me  take u to the 往年 搭時光機讓我們往前 視線開始變得模糊 精神也開始變得恍惚 日落後路燈變的曖昧 燈光下兩人都很膽怯 視線也開始變得模糊 精神也開始變的恍惚 u r my"" terces"" u r my ""dream"" u r my ""sarendipity"" 這不是""陷""阱並沒有""限""制 我光站著就能讓人""羨""慕 聽著""95%"" ""WIGGLE"" 我口水又吞了幾口 這是""誰的""請快領走 變成我的""卜青""not my fault
I just wanna go with u I wanna go where u wanna go I just wanna go with u I wanna go
妳拿到了鑰匙開啟隱藏小地方 大風起兮雲飛揚女王登基左心房 不只是我的女王妳是我的世界最大 keep running keep running 是我虔誠的信仰 我會在當你隨時需要我肩膀 或許終究我們到不了彼方 我會是你的私人避風港
I just wanna go with u I wanna go where u wanna go I just wanna go with u I wanna go
留言（ 0 ） 最相關留言 所有留言
留言（ 0 ）",2026-09-24,,,False,False,
2026-10-03 13:20:51,realtime,hip_hop,,,45,Jkill,雨女 (pluggnb雨愛),2,61,0,https://streetvoice.com/Jkill_/songs/880494/,https://streetvoice.com/Jkill_/,"https://akstatic.streetvoice.com/song_covers/Jk/il/Jkill_/62wYuZ3gzjCwQ6gAR9VjTu.jpeg?x-oss-process=image/resize,m_fill,h_400,w_400,limit_0",images/880494.jpeg,@Jkill_,音樂人,,,,2,3,1,,,https://www.youtube.com/user/StreetVoiceTV,,,Hip hop / Rap,,,,"作詞 Lyrics: Jkill 作曲 Composing: Jkill 編曲 Beat: luvmarko x shirin 錄音 Recording: Jkill 混音 Mixing: Jkill 母帶 Mastering: lct 最近被雨愛洗腦了所以寫了這首 
作詞 Lyrics: Jkill 作曲 Composing: Jkill 編曲 Beat: luvmarko x shirin 錄音 Recording: Jkill 混音 Mixing: Jkill 母帶 Mastering: lct
最近被雨愛洗腦了所以寫了這首","聽雨的聲音 一滴滴清晰 你的呼吸像雨滴 滲入我的愛裡 多希望雨能下不停 你回的消息 我沒有看清 “你的瞳孔是否能容下我的愛意？” 這問題想也想不清 所以我不想了 喂 我晚點再打給你好嗎？ 我知道你喜歡安靜 我這裡很嘈雜 I never feel so cold 在沒有你的夜 但有雨在陪著我 像你在我身邊 像一萬顆雨滴的距離 是否代表我根本沒辦法接近你 我的熱情像火把不能夠碰到雨 離開你的時候我安靜地抽離 And everyday I feel the same Cause 每天都是晴天 沒有你在 我的身邊 那我就只能夠 聽雨的聲音 一滴滴清晰 你的呼吸像雨滴 滲入我的愛裡 多希望雨能下不停 你回的消息 我沒有看清 “你的瞳孔是否能容下我的愛意？” 這問題想也想不清 
聽雨的聲音 一滴滴清晰 你的呼吸像雨滴 滲入我的愛裡 多希望雨能下不停 你回的消息 我沒有看清 “你的瞳孔是否能容下我的愛意？” 這問題想也想不清 所以我不想了 喂 我晚點再打給你好嗎？ 我知道你喜歡安靜 我這裡很嘈雜 I never feel so cold 在沒有你的夜 但有雨在陪著我 像你在我身邊 像一萬顆雨滴的距離 是否代表我根本沒辦法接近你 我的熱情像火把不能夠碰到雨 離開你的時候我安靜地抽離 And everyday I feel the same Cause 每天都是晴天 沒有你在 我的身邊 那我就只能夠 聽雨的聲音 一滴滴清晰 你的呼吸像雨滴 滲入我的愛裡 多希望雨能下不停 你回的消息 我沒有看清 “你的瞳孔是否能容下我的愛意？” 這問題想也想不清
留言（ 0 ） 最相關留言 所有留言
留言（ 0 ）",2026-09-21,,,False,False,
2026-10-03 13:20:51,realtime,hip_hop,,,46,Lazy_Chen,下午,12,304,3,https://streetvoice.com/Lazy_Chen/songs/879952/,https://streetvoice.com/Lazy_Chen/,"https://akstatic.streetvoice.com/song_covers/La/zy/Lazy_Chen/LDanC5ygiA52ZRzPddYy8S.jpg?x-oss-process=image/resize,m_fill,h_400,w_400,limit_0",images/879952.jpg,@Lazy_Chen,音樂人,花蓮縣,2022-11-01,,1,3,5,,,https://www.youtube.com/user/StreetVoiceTV,,,Hip hop / Rap,,,,"這首歌誕生於我高二的某個下午。 混錄 by @_.hsue0423 詞曲 by @1azyasfucc_tg beat by @Flipmagic 
這首歌誕生於我高二的某個下午。
混錄 by @_.hsue0423 詞曲 by @1azyasfucc_tg beat by @Flipmagic","下午Afternoon 🌇🌇🌇 星期天的早晨我還沒睡 期待中午要吃漢堡王還是subway 一整天沒睡我卻也還不累 兩點了想吃早餐不管它貴不貴 在學校寫歌旁邊還有人正趴著睡 去吃晚餐老闆還幫我免費加了麵 在這個世代每個人都好像插著電 你要小心一個人肯定不只八個面 在燈下那個黑暗的角落 我在跟自己討論還有人想瞎攪和 多少人看我沒有但我不屑他們說的 我只在乎跟自己小酌可能還有音樂播著 如果能站著那我為何不能坐著 我還不曉得我到底是哪裡錯了 不知道現在算是死了還是活著 又是或者 我快要分不清這是現實還是虛擬 大概只能透過輪廓透過你的軀體 透過你的描述透過你的給予 如果你有聽見聲音那是我正在低語 凌晨三點五十八分 沒有一人在我左右 情緒被慢慢的瓜分 沒有一人為我守候 它就像是一盞花燈 閉上眼就不停閃爍 就血淋淋的發生 直到終於被誰給掌控 就直到被我給掌控握在我的手裡 你知道我的手裡握著比血紅的紅筆 慢慢書寫我的故事 tell some true story 過去犯的那些錯我只能說聲sorry 我時常在想人們為何孤獨 我時常在想人們為何享受孤獨 我時常在想人們為何害怕孤獨 有人說是那是大智若愚有人卻說那是糊塗 隨著我的思緒漸漸發散 爬上哪座心靈的高山再向下俯瞰 看著平原上躺多少傷患 回想以前犯賤的自己就像王八蛋 儘管我覺得生活法大但我還是照過 那些心靈雞湯的話我也還是照做 那些自己設下的陷阱我沿路繞過 莫名回首看著那些全都化為泡沫 
下午Afternoon 🌇🌇🌇
星期天的早晨我還沒睡 期待中午要吃漢堡王還是subway 一整天沒睡我卻也還不累 兩點了想吃早餐不管它貴不貴
在學校寫歌旁邊還有人正趴著睡 去吃晚餐老闆還幫我免費加了麵 在這個世代每個人都好像插著電 你要小心一個人肯定不只八個面
在燈下那個黑暗的角落 我在跟自己討論還有人想瞎攪和 多少人看我沒有但我不屑他們說的 我只在乎跟自己小酌可能還有音樂播著
如果能站著那我為何不能坐著 我還不曉得我到底是哪裡錯了 不知道現在算是死了還是活著 又是或者
我快要分不清這是現實還是虛擬 大概只能透過輪廓透過你的軀體 透過你的描述透過你的給予 如果你有聽見聲音那是我正在低語
凌晨三點五十八分 沒有一人在我左右 情緒被慢慢的瓜分 沒有一人為我守候 它就像是一盞花燈 閉上眼就不停閃爍 就血淋淋的發生 直到終於被誰給掌控
就直到被我給掌控握在我的手裡 你知道我的手裡握著比血紅的紅筆 慢慢書寫我的故事 tell some true story 過去犯的那些錯我只能說聲sorry
我時常在想人們為何孤獨 我時常在想人們為何享受孤獨 我時常在想人們為何害怕孤獨 有人說是那是大智若愚有人卻說那是糊塗
隨著我的思緒漸漸發散 爬上哪座心靈的高山再向下俯瞰 看著平原上躺多少傷患 回想以前犯賤的自己就像王八蛋
儘管我覺得生活法大但我還是照過 那些心靈雞湯的話我也還是照做 那些自己設下的陷阱我沿路繞過 莫名回首看著那些全都化為泡沫
留言（ 3 ） 最相關留言 所有留言
留言（ 3 ）",2026-09-20,,,False,False,
2026-10-03 13:20:51,realtime,hip_hop,,,47,小尾巴,三十七,5,481,2,https://streetvoice.com/tiest0913/songs/879284/,https://streetvoice.com/tiest0913/,"https://akstatic.streetvoice.com/song_covers/ti/es/tiest0913/KRvnUyBiCewdE69EouT7eu.jpeg?x-oss-process=image/resize,m_fill,h_400,w_400,limit_0",images/879284.jpeg,@tiest0913,音樂人,,,2022-03-21 15:49,13,28,2,https://www.facebook.com/kbtiest,https://www.instagram.com/tiest0913/,https://www.youtube.com/channel/UCGKjYyVV5AUMWlElBhGti8A,熊仔「人格特化療程→0」出道十週年演唱會 呂士軒、wannasleep同台助陣|||https://blow.streetvoice.com/88992/?utm_source=streetvoice&utm_medium=profile-news-block; 大港開唱20週年攻略：ACG跨次元來襲、滅火器與落日飛車重返南霸天、兒童界巨星「巧虎」參戰|||https://blow.streetvoice.com/86698/?utm_source=streetvoice&utm_medium=profile-news-block; 【吹專訪】That’s My SHHH 主腦 LEO37：玩音樂？一切都是因為傻！|||https://blow.streetvoice.com/86468/?utm_source=streetvoice&utm_medium=profile-news-block,,Hip hop / Rap,,,,"我今年三十七，我有中年危機 --- 詞曲 Composer & Lyricist｜小尾巴 編曲 Arranger｜小尾巴 錄音 Recording Engineer｜小尾巴 和聲編寫 Backing Vocal Arranger｜小尾巴 混音工程師 Mixing Engineer｜@raxio11 @_13lefty @NERDYBOY 母帶工程師 Mastering Engineer | @doublewei666 @NERDYBOY https://www.instagram.com/doublewei666/ 母帶工作室 Mastering Studio | Nerdyboy Space Capsule 
我今年三十七，我有中年危機 --- 詞曲 Composer & Lyricist｜小尾巴 編曲 Arranger｜小尾巴 錄音 Recording Engineer｜小尾巴 和聲編寫 Backing Vocal Arranger｜小尾巴 混音工程師 Mixing Engineer｜@raxio11 @_13lefty @NERDYBOY 母帶工程師 Mastering Engineer | @doublewei666 @NERDYBOY https://www.instagram.com/doublewei666/ 母帶工作室 Mastering Studio | Nerdyboy Space Capsule
https://www.instagram.com/doublewei666/","嫌い　自分　嫌い 每天晚上 この Thought 襲來 奇怪 他人 面對這都 怎麼辦 從被剪掉臍帶 已過37載 從備選到廢案 不再被誰期待 真的是變太老 做的還不夠好 衰退中的右腦 吃碳水會睡著 中年危機是真的 經驗是生的 新世代說 人老做啥都很心酸 他們講話 沒經過腦袋 不然會知道 我眼睛跟腰 也都很酸 想要成名　想要大受歡迎 想要爆紅 到大家願意關心我的心疾 Well 真是不稀奇 我也該去看自己有沒有 ADHD 怕被公審 怕被取消 怕建空城 怕被取笑 光是活過今天就已經 竭盡心神 而我 嫌い　自分　嫌い 每天晚上 この Thought 襲來 奇怪 他人 面對這都 怎麼辦 Help me 即便 我不再被誰期待 
嫌い　自分　嫌い 每天晚上 この Thought 襲來 奇怪 他人 面對這都 怎麼辦
從被剪掉臍帶 已過37載 從備選到廢案 不再被誰期待 真的是變太老 做的還不夠好 衰退中的右腦 吃碳水會睡著
中年危機是真的 經驗是生的 新世代說 人老做啥都很心酸 他們講話 沒經過腦袋 不然會知道 我眼睛跟腰 也都很酸
想要成名　想要大受歡迎 想要爆紅 到大家願意關心我的心疾 Well 真是不稀奇 我也該去看自己有沒有 ADHD
怕被公審 怕被取消 怕建空城 怕被取笑 光是活過今天就已經 竭盡心神 而我
嫌い　自分　嫌い 每天晚上 この Thought 襲來 奇怪 他人 面對這都 怎麼辦 Help me 即便 我不再被誰期待
留言（ 2 ） 最相關留言 所有留言
留言（ 2 ）",2026-09-13,,編輯推薦,True,False,
2026-10-03 13:20:51,realtime,hip_hop,,,48,吉米吉 J!mmyJ,Jasmine,8,1101,0,https://streetvoice.com/mct_mac/songs/879813/,https://streetvoice.com/mct_mac/,"https://akstatic.streetvoice.com/song_covers/mc/t_/mct_mac/BdQuAV8GcFkp5VpVvvFiAv.jpg?x-oss-process=image/resize,m_fill,h_400,w_400,limit_0",images/879813.jpg,@mct_mac,音樂人,台北市,2021-02-01,,3,22,21,,,https://www.youtube.com/user/StreetVoiceTV,,,Hip hop / Rap,,,,"Jasmine很壞 
Jasmine很壞","(Jasmine Jasmine Tell me what you want I will give you some Jasmine Jasmine Treat me like a fool Playing by your rules) Jasmine 告訴我 怎麼做 才能成為你的唯一 他們說你三心二意 當面問從來不會澄清 Jasmine 獨處的時候總是call me baby 原因彼此心知肚明 太多名字你記不清 不是故意猜忌 懷疑 把你的名字寫進我的日記 沉底的訊息 表明你心意 距離疏遠又拉近 送你把槍給我一個痛快 無論如何我會說我明白 I have to made up my mind Like Jas but never be mine Babe 請你張開眼睛 看看我的真心 灌了一支Hennessy 忘不掉你的香氣 高貴like Jasmine 盈滿我的神經 我在你心中到底排第幾 Jasmine 告訴我 怎麼做 才能佔有你身體 右滑 聊天 計算 時間 週末約出來見一面 Jasmine 也許讓我活在你的歌裡面 不到一首歌的期限 至少你能記我永遠 (Jasmine 看看我的真心 忘不掉香氣 我在你心中到底排第幾） 
(Jasmine Jasmine Tell me what you want I will give you some Jasmine Jasmine Treat me like a fool Playing by your rules)
Jasmine 告訴我 怎麼做 才能成為你的唯一 他們說你三心二意 當面問從來不會澄清 Jasmine 獨處的時候總是call me baby 原因彼此心知肚明 太多名字你記不清
不是故意猜忌 懷疑 把你的名字寫進我的日記 沉底的訊息 表明你心意 距離疏遠又拉近 送你把槍給我一個痛快 無論如何我會說我明白 I have to made up my mind Like Jas but never be mine
Babe 請你張開眼睛 看看我的真心 灌了一支Hennessy 忘不掉你的香氣 高貴like Jasmine 盈滿我的神經 我在你心中到底排第幾
Jasmine 告訴我 怎麼做 才能佔有你身體 右滑 聊天 計算 時間 週末約出來見一面 Jasmine 也許讓我活在你的歌裡面 不到一首歌的期限 至少你能記我永遠
(Jasmine 看看我的真心 忘不掉香氣 我在你心中到底排第幾）
留言（ 0 ） 最相關留言 所有留言
留言（ 0 ）",2026-09-18,,,False,False,
2026-10-03 13:20:51,realtime,hip_hop,,,49,Emma Woods 艾瑪的森林,地圖 The Map,1,49,0,https://streetvoice.com/EmmaWoods/songs/880064/,https://streetvoice.com/EmmaWoods/,"https://akstatic.streetvoice.com/music_albums/Em/ma/EmmaWoods/CpktWVcyhk8X9dhMgXWoon.jpeg?x-oss-process=image/resize,m_fill,h_400,w_400,limit_0",images/880064.jpeg,@EmmaWoods,音樂人,法國,2023-06-01,,9,1,,,,https://www.youtube.com/user/StreetVoiceTV,,,Hip hop / Rap,恐怖故事(二) Horror Stories (Chapter 2),https://streetvoice.com/EmmaWoods/songs/album/97326095/,,,"天空旋轉烏雲密佈 畫出了我們的專屬地圖 它覆蓋我們所有的路途 就好像我給你們的禮物 它訴說著千辛萬苦 只為了自己和家人們果腹 這不是社會的毒 它是我對自己的救贖 吃人的風 虐人的雪 淹死人的雨 還要負重前行 鳴笛的車 昏暗的光 匆匆的人群 還要風馳電掣 大雨澆灌泥濘的路 我不知道何時是歸途 直到我身體和地面接觸 才能觸及我心裡的痛楚 痛的不是我身體的苦 是無法追趕時間的腳步 這不是社會的毒 是我在追求遙遠的幸福 吃人的風 虐人的雪 淹死人的雨 還要負重前行 鳴笛的車 昏暗的光 匆匆的人群 還要風馳電掣 
天空旋轉烏雲密佈 畫出了我們的專屬地圖 它覆蓋我們所有的路途 就好像我給你們的禮物 它訴說著千辛萬苦 只為了自己和家人們果腹 這不是社會的毒 它是我對自己的救贖
吃人的風 虐人的雪 淹死人的雨 還要負重前行
鳴笛的車 昏暗的光 匆匆的人群 還要風馳電掣
大雨澆灌泥濘的路 我不知道何時是歸途 直到我身體和地面接觸 才能觸及我心裡的痛楚 痛的不是我身體的苦 是無法追趕時間的腳步 這不是社會的毒 是我在追求遙遠的幸福
吃人的風 虐人的雪 淹死人的雨 還要負重前行
鳴笛的車 昏暗的光 匆匆的人群 還要風馳電掣
留言（ 0 ） 最相關留言 所有留言
留言（ 0 ）",2026-09-18,,,False,False,
2026-10-03 13:20:51,realtime,hip_hop,,,50,杜郢POLO,發呆 demo,0,6,0,https://streetvoice.com/Youngmadnesspolo/songs/879899/,https://streetvoice.com/Youngmadnesspolo/,"https://akstatic.streetvoice.com/song_covers/Yo/un/Youngmadnesspolo/9cmjenRWBPfbdyvXGiHCAM.jpg?x-oss-process=image/resize,m_fill,h_400,w_400,limit_0",images/879899.jpg,@Youngmadnesspolo,音樂人,桃園市,2021-02-01,,5,65,1,,,https://www.youtube.com/user/StreetVoiceTV,,,Hip hop / Rap,,,,,"這是沒有提供歌詞的歌曲
留言（ 0 ） 最相關留言 所有留言
留言（ 0 ）",2026-09-18,,,False,False,
