snapshot_time,chart_timeframe,chart_genre,chart_year,chart_week,rank,artist_name,song_title,likes_count,play_count,comments_count,song_url,artist_url,cover_image_url,cover_image_local_path,artist_handle,artist_identity,artist_city,artist_joined_date,artist_accredited_datetime,artist_music_count,artist_fans_count,artist_following_count,artist_facebook_url,artist_instagram_url,artist_youtube_url,related_news,big_thing_appearances,genre,album_title,album_url,collaborators,description,lyrics,release_date,song_accredited_datetime,honors,is_editor_recommended,is_song_of_the_day,critic_review_url
2026-08-16 18:54:17,realtime,ai_generated,,,1,股市·故事,蝶戀花·送春Demo,20,324,17,https://streetvoice.com/dodo_0702/songs/874913/,https://streetvoice.com/dodo_0702/,"https://akstatic.streetvoice.com/song_covers/do/do/dodo_0702/FBDqx6oi8dTUoPxJf44piG.jpg?x-oss-process=image/resize,m_fixed,h_1,w_1,limit_0/resize,m_fixed,h_630,w_1200,limit_0/watermark,image_c29uZ19jb3ZlcnMvZG8vZG8vZG9kb18wNzAyL0ZCRHF4Nm9pOGRUVW9QeEpmNDRwaUcuanBnP3gtb3NzLXByb2Nlc3M9aW1hZ2UvcmVzaXplLG1fZml4ZWQsaF8zNDQsd18zNDQsbGltaXRfMA,g_nw,x_428,y_143/watermark,image_YXNzZXQvaW1hZ2VzL21ldGFpbWFnZS1zb25nLnBuZw,g_nw,x_0,y_0",images/874913.jpg,@dodo_0702,音樂人,台南市,2020-10-01,2025-07-24 17:13,55,196,73,,,https://www.youtube.com/user/StreetVoiceTV,,,Folk,,,,"宋朝女詞人朱淑貞的作品，特定比賽用，會再加入現代化歌詞新舊兼容。 曲來源「靈感放浪」 ： https://streetvoice.com/dodo_0702/songs/861114/ 
宋朝女詞人朱淑貞的作品，特定比賽用，會再加入現代化歌詞新舊兼容。
曲來源「靈感放浪」 ： https://streetvoice.com/dodo_0702/songs/861114/
https://streetvoice.com/dodo_0702/songs/861114/","把酒送春， 春不語， 黃昏卻下， 瀟瀟雨。 樓外垂楊千萬縷。 欲繫青春， 少住春還去。 猶自風前飄柳絮， 隨春且看歸何處。 綠滿山川聞杜宇。 便做無情，莫也愁人苦。 把酒送春， 春不語， 黃昏卻下， 瀟瀟雨。 樓外垂楊千萬縷。 欲繫青春， 少住春還去。 猶自風前飄柳絮， 隨春且看歸何處。 綠滿山川聞杜宇。 便做無情，莫也愁人苦。 把酒送春， 春不語， 黃昏卻下， 瀟瀟雨。 
把酒送春， 春不語， 黃昏卻下， 瀟瀟雨。
樓外垂楊千萬縷。 欲繫青春， 少住春還去。 猶自風前飄柳絮， 隨春且看歸何處。
綠滿山川聞杜宇。 便做無情，莫也愁人苦。 把酒送春， 春不語， 黃昏卻下， 瀟瀟雨。
樓外垂楊千萬縷。 欲繫青春， 少住春還去。 猶自風前飄柳絮， 隨春且看歸何處。
綠滿山川聞杜宇。 便做無情，莫也愁人苦。 把酒送春， 春不語， 黃昏卻下， 瀟瀟雨。
留言（ 17 ） 最相關留言 所有留言
留言（ 17 ）",2026-08-15,,AI 生成 Folk,False,False,
2026-08-16 18:54:17,realtime,ai_generated,,,2,Aurum 倫,比天堂還美麗,13,79,16,https://streetvoice.com/au79/songs/874346/,https://streetvoice.com/au79/,"https://akstatic.streetvoice.com/song_covers/au/79/au79/8n4L3uZ73iDiLWdGD5EfUg.jpeg?x-oss-process=image/resize,m_fixed,h_1,w_1,limit_0/resize,m_fixed,h_630,w_1200,limit_0/watermark,image_c29uZ19jb3ZlcnMvYXUvNzkvYXU3OS84bjRMM3VaNzNpRGlMV2RHRDVFZlVnLmpwZWc_eC1vc3MtcHJvY2Vzcz1pbWFnZS9yZXNpemUsbV9maXhlZCxoXzM0NCx3XzM0NCxsaW1pdF8w,g_nw,x_428,y_143/watermark,image_YXNzZXQvaW1hZ2VzL21ldGFpbWFnZS1zb25nLnBuZw,g_nw,x_0,y_0",images/874346.jpeg,@au79,音樂人,台北市,2025-12-01,,14,37,43,,,https://www.youtube.com/user/StreetVoiceTV,,,Electronic,Hidden Scenes｜戲隱,https://streetvoice.com/au79/songs/album/97325893/,,"《比天堂還美麗》（천국보다 아름다운／Heavenly Ever After）是 JTBC 於 2025 年播出，超現實浪漫愛情喜劇，由《耀眼》導演金鉐潤與編劇李楠圭、金秀珍再度合作打造。故事講述兩人在跨越生死與時間之後，重新理解彼此，也重新理解愛、失去與放手。 Netflix 預告片 https://youtu.be/3zYEIH8WoVg?si=F4uUsxX4xqRx-l_H 生命走到盡頭之後， 愛依然慢慢滿流、繼續豐盛彼此。 以 Neo-Soul × Ambient R&B 為主，淡淡融入 Amapiano 的低頻律動與 Afro Soul 專輯質感。用 Rhodes、爵士和聲、氣音人聲和細緻的 Log Drum，用輕柔、明亮、溫暖、漂浮的節奏描繪我心中的天堂。 
《比天堂還美麗》（천국보다 아름다운／Heavenly Ever After）是 JTBC 於 2025 年播出，超現實浪漫愛情喜劇，由《耀眼》導演金鉐潤與編劇李楠圭、金秀珍再度合作打造。故事講述兩人在跨越生死與時間之後，重新理解彼此，也重新理解愛、失去與放手。
Netflix 預告片 https://youtu.be/3zYEIH8WoVg?si=F4uUsxX4xqRx-l_H
https://youtu.be/3zYEIH8WoVg?si=F4uUsxX4xqRx-l_H
生命走到盡頭之後， 愛依然慢慢滿流、繼續豐盛彼此。
以 Neo-Soul × Ambient R&B 為主，淡淡融入 Amapiano 的低頻律動與 Afro Soul 專輯質感。用 Rhodes、爵士和聲、氣音人聲和細緻的 Log Drum，用輕柔、明亮、溫暖、漂浮的節奏描繪我心中的天堂。","動態歌詞
Things change, and we can do nothing about it. Just letting go, feeling lighter, and becoming filled. Overflowing. 奔波勞碌的那個午後 日復一日重疊的時候 最終都無法逃避走到盡頭 那一天閃爍過的溫柔 還有那微弱卻真實的悸動 我們終將把一切留在某個路口 那樣其實也算夠了 這樣或許就可以了 只要還能安康的笑著走到以後 黎明將至的天空 日落的天空 我們都會一一跨過　往前走 改變的事情　就別再強求 鬆開雙手　心變輕了 讓愛慢慢滿流 慢慢滿流 得到想要的那一瞬間 喜悅卻開始一點點消減 若只追逐這樣短暫的表面 就浪費了愛這個字眼 如今的我是否終於能懂一點 它真正存在的重量與深淺 為了被誰珍惜 去愛反而變成悲劇 就賜予我乾涸的心一場雨啊 放晴之後的天空 風雨的天空 我們都會溫柔的去守候 雖然一無所有 仍願全部交出手 鬆開雙手　心變輕了 讓愛慢慢滿流 慢慢滿流 慢慢滿流 敞開胸口　散發光芒 照亮黑暗　為我指引方向 終將跨越生死 仍彼此相連不放 一起放手 一起變輕 讓愛慢慢蔓延 雖然一無所有 仍然全心全意 鬆開雙手 心變輕了 讓愛慢慢滿流 慢慢滿流 
Things change, and we can do nothing about it. Just letting go, feeling lighter, and becoming filled. Overflowing.
奔波勞碌的那個午後 日復一日重疊的時候 最終都無法逃避走到盡頭 那一天閃爍過的溫柔 還有那微弱卻真實的悸動 我們終將把一切留在某個路口
那樣其實也算夠了 這樣或許就可以了 只要還能安康的笑著走到以後
黎明將至的天空 日落的天空 我們都會一一跨過　往前走 改變的事情　就別再強求 鬆開雙手　心變輕了 讓愛慢慢滿流 慢慢滿流
得到想要的那一瞬間 喜悅卻開始一點點消減 若只追逐這樣短暫的表面 就浪費了愛這個字眼 如今的我是否終於能懂一點 它真正存在的重量與深淺
為了被誰珍惜 去愛反而變成悲劇 就賜予我乾涸的心一場雨啊
放晴之後的天空 風雨的天空 我們都會溫柔的去守候 雖然一無所有 仍願全部交出手 鬆開雙手　心變輕了 讓愛慢慢滿流 慢慢滿流 慢慢滿流
敞開胸口　散發光芒 照亮黑暗　為我指引方向 終將跨越生死 仍彼此相連不放 一起放手 一起變輕 讓愛慢慢蔓延
雖然一無所有 仍然全心全意 鬆開雙手 心變輕了 讓愛慢慢滿流 慢慢滿流
留言（ 16 ） 最相關留言 所有留言
留言（ 16 ）",2026-08-16,,AI 生成 Electronic ・ Hidden Scenes｜戲隱,False,False,
2026-08-16 18:54:17,realtime,ai_generated,,,3,ᐜᐞᒻᐟᑊᐢᕐ ᐜᑊᐩᑋ ᐞᑊ,二零一零後異次元獨白,11,41,4,https://streetvoice.com/walkingwithai/songs/874881/,https://streetvoice.com/walkingwithai/,"https://akstatic.streetvoice.com/song_covers/wa/lk/walkingwithai/NRm2rQVQM9e72eooRroTwL.jpeg?x-oss-process=image/resize,m_fixed,h_1,w_1,limit_0/resize,m_fixed,h_630,w_1200,limit_0/watermark,image_c29uZ19jb3ZlcnMvd2EvbGsvd2Fsa2luZ3dpdGhhaS9OUm0yclFWUU05ZTcyZW9vUnJvVHdMLmpwZWc_eC1vc3MtcHJvY2Vzcz1pbWFnZS9yZXNpemUsbV9maXhlZCxoXzM0NCx3XzM0NCxsaW1pdF8w,g_nw,x_428,y_143/watermark,image_YXNzZXQvaW1hZ2VzL21ldGFpbWFnZS1zb25nLnBuZw,g_nw,x_0,y_0",images/874881.jpeg,@walkingwithai,音樂人,,,,163,39,25,,,https://www.youtube.com/user/StreetVoiceTV,,,Electronic,,,,"這是一場屬於「數位原住民（Gen Alpha）」的賽博龐克式呢喃，也是我用電子元素，建構出的一座資訊過載的異次元迷宮。 被演算法餵養的童年與存在焦慮 「手機就是我奶瓶，螢幕一亮我就醒。」這首歌探討的是完全在網路、平板與 AI 世代下成長的荒誕與失重感。在這裡，點讚是精神食糧，童年是隨時可以被清空的快取（Cache），而未來則被吞進了 AI 的肚子裡。當現實變得虛擬，當關上燈後連 Siri 都無法理解你時，隨之而來的是巨大的身份認同危機——「我在數據裡迷路，我不想哭，我只想吐。」最後那聲充滿厭棄的「呸！」，是試圖吐出這些資訊垃圾、找回真實自我的微弱反擊。 IDM 與故障美學的聽覺碰撞 在聽覺建構上，我刻意營造出一種冷調、破碎且神經質的氛圍。從開頭帶著黑膠底噪的呢喃，到副歌突如其來的重低音、失真吉他與童聲合唱的強烈衝撞，再到充滿 Glitch（故障失真）的碎片化人聲。我試圖用不同曲風的撕裂與拼貼，來還原網路世界那種極度混亂、卻又令人上癮的感官刺激。 關於這次的母帶後期處理 為了更精準地捏塑出這首歌裡那些冷硬、破碎的電子毛邊與空間感，在這次的後期工程中，我決定跳脫舒適圈——捨棄了過去慣用的 Mixea 自動母帶處理，首度全面改用 Adobe Audition 進行純手工的母帶後製。 老實說，純手動去雕琢每一個頻率、動態與響度，真的是一段非常艱難且煎熬的過程。但唯有如此，才能保留住這首電子樂中最原始的顆粒感與情緒張力。希望你們在耳機裡，能聽見這份純手工打磨的「異次元」聲響。 #二零一零後異次元獨白 #Hyperpop #Glitch #數位原住民 #賽博龐克 #聲響實驗 #StreetVoice 
這是一場屬於「數位原住民（Gen Alpha）」的賽博龐克式呢喃，也是我用電子元素，建構出的一座資訊過載的異次元迷宮。
被演算法餵養的童年與存在焦慮 「手機就是我奶瓶，螢幕一亮我就醒。」這首歌探討的是完全在網路、平板與 AI 世代下成長的荒誕與失重感。在這裡，點讚是精神食糧，童年是隨時可以被清空的快取（Cache），而未來則被吞進了 AI 的肚子裡。當現實變得虛擬，當關上燈後連 Siri 都無法理解你時，隨之而來的是巨大的身份認同危機——「我在數據裡迷路，我不想哭，我只想吐。」最後那聲充滿厭棄的「呸！」，是試圖吐出這些資訊垃圾、找回真實自我的微弱反擊。
IDM 與故障美學的聽覺碰撞 在聽覺建構上，我刻意營造出一種冷調、破碎且神經質的氛圍。從開頭帶著黑膠底噪的呢喃，到副歌突如其來的重低音、失真吉他與童聲合唱的強烈衝撞，再到充滿 Glitch（故障失真）的碎片化人聲。我試圖用不同曲風的撕裂與拼貼，來還原網路世界那種極度混亂、卻又令人上癮的感官刺激。
關於這次的母帶後期處理 為了更精準地捏塑出這首歌裡那些冷硬、破碎的電子毛邊與空間感，在這次的後期工程中，我決定跳脫舒適圈——捨棄了過去慣用的 Mixea 自動母帶處理，首度全面改用 Adobe Audition 進行純手工的母帶後製。
老實說，純手動去雕琢每一個頻率、動態與響度，真的是一段非常艱難且煎熬的過程。但唯有如此，才能保留住這首電子樂中最原始的顆粒感與情緒張力。希望你們在耳機裡，能聽見這份純手工打磨的「異次元」聲響。
#二零一零後異次元獨白 #Hyperpop #Glitch #數位原住民 #賽博龐克 #聲響實驗 #StreetVoice","我出生在二零一零 手機就是我奶瓶 屏幕一亮我就醒 現實太虛擬偏激 老師講課像卡帶的機 我腦子裡全是彈窗的提醒 作業藏在雲盤裡 我找不到 找不到 找不到 嗚 點讚像棒棒糖 棒不棒 社交像遊戲 死了能復 可是關上燈以後 我是誰 我是誰 啊 我在雲端跳著舞 啊 我在數據裡迷路 世界是拼圖 我找不到路 我不想哭 我只想吐 吐 吐 媽媽說我少看屏幕 可作業全在iPad裡住 爸爸說未來要努力 可未來都在A.I.的肚子裡 裡 裡 點讚像棒棒糖 棒不棒 社交像遊戲 死了能復 可是關上燈以後 我是誰 我是誰 啊 我在雲端跳著舞 啊 我在數據裡迷路 世界是拼圖 我找不到路 我不想哭 我只想吐 一 吐 我的童年是緩存 清空就沒了 我的夢想是彈窗 點掉就忘了 我抱著枕頭 跟Siri說晚安 她說 她說 她說 我不懂你 我不懂 啊 我在雲端跳著舞 啊 我在數據裡迷路 世界是拼圖 我找不到路 我不想哭 我只想吐 一 吐 一 吐 呸  呸 
我出生在二零一零 手機就是我奶瓶 屏幕一亮我就醒 現實太虛擬偏激
老師講課像卡帶的機 我腦子裡全是彈窗的提醒 作業藏在雲盤裡 我找不到 找不到 找不到 嗚
點讚像棒棒糖 棒不棒 社交像遊戲 死了能復 可是關上燈以後 我是誰 我是誰
啊 我在雲端跳著舞 啊 我在數據裡迷路 世界是拼圖 我找不到路 我不想哭 我只想吐 吐 吐
媽媽說我少看屏幕 可作業全在iPad裡住 爸爸說未來要努力 可未來都在A.I.的肚子裡 裡 裡
點讚像棒棒糖 棒不棒 社交像遊戲 死了能復 可是關上燈以後 我是誰 我是誰
啊 我在雲端跳著舞 啊 我在數據裡迷路 世界是拼圖 我找不到路 我不想哭 我只想吐 一 吐
我的童年是緩存 清空就沒了 我的夢想是彈窗 點掉就忘了 我抱著枕頭 跟Siri說晚安 她說 她說 她說 我不懂你 我不懂
啊 我在雲端跳著舞 啊 我在數據裡迷路 世界是拼圖 我找不到路 我不想哭 我只想吐 一 吐 一 吐 呸  呸
留言（ 4 ） 最相關留言 所有留言
留言（ 4 ）",2026-08-15,,AI 生成 Electronic,False,False,
2026-08-16 18:54:17,realtime,ai_generated,,,4,Junna Lin,《差半句》|  Missing half a sentence,17,103,10,https://streetvoice.com/Junna_Lin/songs/874845/,https://streetvoice.com/Junna_Lin/,"https://akstatic.streetvoice.com/song_covers/Ju/nn/Junna_Lin/JGfHsF76DLWYukkXBYnz5U.jpeg?x-oss-process=image/resize,m_fixed,h_1,w_1,limit_0/resize,m_fixed,h_630,w_1200,limit_0/watermark,image_c29uZ19jb3ZlcnMvSnUvbm4vSnVubmFfTGluL0pHZkhzRjc2RExXWXVra1hCWW56NVUuanBlZz94LW9zcy1wcm9jZXNzPWltYWdlL3Jlc2l6ZSxtX2ZpeGVkLGhfMzQ0LHdfMzQ0LGxpbWl0XzA,g_nw,x_428,y_143/watermark,image_YXNzZXQvaW1hZ2VzL21ldGFpbWFnZS1zb25nLnBuZw,g_nw,x_0,y_0",images/874845.jpeg,@Junna_Lin,音樂人,,,,112,58,102,,,https://www.youtube.com/user/StreetVoiceTV,,,Pop,粵語歌,https://streetvoice.com/Junna_Lin/songs/album/97325884/,,"有一種關係，未正式開始，卻已經比朋友更靠近。 差半句，就可以拖手； 差半步，就可以挨近你膊頭； 差一個吻，也許就會變成以後。 《差半句》寫嘅係曖昧入面最甜嗰段距離—— 大家都知道彼此在意，偏偏又冇人肯先開口。 深夜一句「瞓未呀」、刻意放慢嘅腳步、每次道別都捨不得走， 其實答案可能一早已經寫喺彼此心口。 「原來曖昧最甜嗰個理由， 係我一直等你， 而你都一直等我開口。」 如果你都試過同一個人，只差半句就變成戀人， 希望《差半句》會唱中你嗰段未講出口嘅心意。 💬 如果係你，你會選擇繼續曖昧，定係先開口？ 👍 留下你的感覺或故事，我會看！ 👍 喜歡請按讚分享支持 【社群連結】 🎧 聽我的音樂： Spotify ▶ https://open.spotify.com/artist/1OFRgx5K1gftd7jvLV1EsS YouTube Music ▶ https://music.youtube.com/channel/UCnpKLh9e73Mb7N2NPDnMzrQ ▶️ 訂閱我的頻道： YouTube ▶ https://www.youtube.com/@JunnaLinMusic YouTube ▶ https://www.youtube.com/@JunnanLinMusic 📌 版權聲明 / Copyright Notice 本作品之歌詞、歌曲概念、旋律方向與影像設計由 Junna Lin 原創製作。 音樂成品使用 AI 音樂工具生成，並由本人整理與發布。 Lyrics, concept, melody direction, and visual design are originally created by Junna Lin. The final music was generated using AI music tools and published by Junna Lin. 請勿未經授權使用、重製或重新上傳。 Unauthorized use, reproduction, or re-upload is prohibited. © Junna Lin. All Rights Reserved. 🎤 演唱:AI ✍️ 詞:Junna Lin 🎼 曲:Junna Lin 🎧 建議在深夜或戴上耳機聆聽，感受每一層情緒 
有一種關係，未正式開始，卻已經比朋友更靠近。
差半句，就可以拖手； 差半步，就可以挨近你膊頭； 差一個吻，也許就會變成以後。
《差半句》寫嘅係曖昧入面最甜嗰段距離—— 大家都知道彼此在意，偏偏又冇人肯先開口。
深夜一句「瞓未呀」、刻意放慢嘅腳步、每次道別都捨不得走， 其實答案可能一早已經寫喺彼此心口。
「原來曖昧最甜嗰個理由， 係我一直等你， 而你都一直等我開口。」
如果你都試過同一個人，只差半句就變成戀人， 希望《差半句》會唱中你嗰段未講出口嘅心意。
💬 如果係你，你會選擇繼續曖昧，定係先開口？
👍 留下你的感覺或故事，我會看！ 👍 喜歡請按讚分享支持
【社群連結】 🎧 聽我的音樂： Spotify ▶ https://open.spotify.com/artist/1OFRgx5K1gftd7jvLV1EsS YouTube Music ▶ https://music.youtube.com/channel/UCnpKLh9e73Mb7N2NPDnMzrQ
https://open.spotify.com/artist/1OFRgx5K1gftd7jvLV1EsS
https://music.youtube.com/channel/UCnpKLh9e73Mb7N2NPDnMzrQ
▶️ 訂閱我的頻道： YouTube ▶ https://www.youtube.com/@JunnaLinMusic YouTube ▶ https://www.youtube.com/@JunnanLinMusic
https://www.youtube.com/@JunnaLinMusic
https://www.youtube.com/@JunnanLinMusic
📌 版權聲明 / Copyright Notice
本作品之歌詞、歌曲概念、旋律方向與影像設計由 Junna Lin 原創製作。 音樂成品使用 AI 音樂工具生成，並由本人整理與發布。
Lyrics, concept, melody direction, and visual design are originally created by Junna Lin. The final music was generated using AI music tools and published by Junna Lin.
請勿未經授權使用、重製或重新上傳。 Unauthorized use, reproduction, or re-upload is prohibited.
© Junna Lin. All Rights Reserved.
🎤 演唱:AI ✍️ 詞:Junna Lin 🎼 曲:Junna Lin
🎧 建議在深夜或戴上耳機聆聽，感受每一層情緒","你話今晚有啲凍 卻又行近我半步 肩碰肩都扮唔知道 沿途慢慢兜多兩個彎路 你笑住問我做乜 成日望住你發夢 我話只係有啲攰 其實心跳已經失晒控 明明大家都知道 偏偏冇人肯講到 呢一秒如果再近少少 會唔會已經太好 我哋差半句 就可以拖手 差半步 就可以挨近你膊頭 你冇話鍾意 我都冇開口 但每次道別 都捨不得走 我哋差一吻 就變成以後 差一個藉口 留低多一陣就夠 如果曖昧係最甜嘅時候 可唔可以陪我 再曖昧耐啲先走 你傳一句「瞓未呀」 我就即刻精神晒 明知冇乜重要嘢講 都可以傾到凌晨幾點鐘 朋友問起你同我 我哋係咪有啲嘢 我笑住話諗多咗啦 轉個身又偷笑咗成夜 有時你突然安靜 我就怕自己會錯意 但你下一秒又望住我 似乎等緊同一件事 我哋差半句 就可以拖手 差半步 就可以挨近你膊頭 你冇話鍾意 我都冇開口 但每次道別 都捨不得走 我哋差一吻 就變成以後 差一個藉口 留低多一陣就夠 如果曖昧係最甜嘅時候 可唔可以陪我 再曖昧耐啲先走 唔使急住講清楚 我鍾意而家呢種溫柔 你行慢啲 我都行慢啲 好似條街永遠行唔到盡頭 如果有日你忍唔住 終於問我想唔想擁有 我可能會笑你太遲 其實答案一早喺心口 我哋差半句 就可以拖手 差半步 我已經貼近你膊頭 你若話鍾意 我就唔再退後 今晚嘅道別 不如改做逗留 我哋差一吻 就變成以後 差一個點頭 就唔使再猜得太久 原來曖昧最甜嗰個理由 係我一直等你 而你都一直等我開口 
你話今晚有啲凍 卻又行近我半步 肩碰肩都扮唔知道 沿途慢慢兜多兩個彎路 你笑住問我做乜 成日望住你發夢 我話只係有啲攰 其實心跳已經失晒控 明明大家都知道 偏偏冇人肯講到 呢一秒如果再近少少 會唔會已經太好
我哋差半句 就可以拖手 差半步 就可以挨近你膊頭 你冇話鍾意 我都冇開口 但每次道別 都捨不得走 我哋差一吻 就變成以後 差一個藉口 留低多一陣就夠 如果曖昧係最甜嘅時候 可唔可以陪我 再曖昧耐啲先走
你傳一句「瞓未呀」 我就即刻精神晒 明知冇乜重要嘢講 都可以傾到凌晨幾點鐘 朋友問起你同我 我哋係咪有啲嘢 我笑住話諗多咗啦 轉個身又偷笑咗成夜 有時你突然安靜 我就怕自己會錯意 但你下一秒又望住我 似乎等緊同一件事
我哋差半句 就可以拖手 差半步 就可以挨近你膊頭 你冇話鍾意 我都冇開口 但每次道別 都捨不得走 我哋差一吻 就變成以後 差一個藉口 留低多一陣就夠 如果曖昧係最甜嘅時候 可唔可以陪我 再曖昧耐啲先走
唔使急住講清楚 我鍾意而家呢種溫柔 你行慢啲 我都行慢啲 好似條街永遠行唔到盡頭 如果有日你忍唔住 終於問我想唔想擁有 我可能會笑你太遲 其實答案一早喺心口
我哋差半句 就可以拖手 差半步 我已經貼近你膊頭 你若話鍾意 我就唔再退後 今晚嘅道別 不如改做逗留 我哋差一吻 就變成以後 差一個點頭 就唔使再猜得太久 原來曖昧最甜嗰個理由 係我一直等你 而你都一直等我開口
留言（ 10 ） 最相關留言 所有留言
留言（ 10 ）",2026-08-15,,AI 生成 Pop ・ 粵語歌,False,False,
2026-08-16 18:54:17,realtime,ai_generated,,,5,cmc168,我把夜色寄給你  |  寄上我寫不完的心情  |,9,69,4,https://streetvoice.com/cmc168/songs/874909/,https://streetvoice.com/cmc168/,"https://akstatic.streetvoice.com/song_covers/cm/c1/cmc168/VD5fQDJTndweHFLXbHBYuV.jpeg?x-oss-process=image/resize,m_fixed,h_1,w_1,limit_0/resize,m_fixed,h_630,w_1200,limit_0/watermark,image_c29uZ19jb3ZlcnMvY20vYzEvY21jMTY4L1ZENWZRREpUbmR3ZUhGTFhiSEJZdVYuanBlZz94LW9zcy1wcm9jZXNzPWltYWdlL3Jlc2l6ZSxtX2ZpeGVkLGhfMzQ0LHdfMzQ0LGxpbWl0XzA,g_nw,x_428,y_143/watermark,image_YXNzZXQvaW1hZ2VzL21ldGFpbWFnZS1zb25nLnBuZw,g_nw,x_0,y_0",images/874909.jpeg,@cmc168,音樂人,新北市,2026-04-01,,124,50,95,,,https://www.youtube.com/user/StreetVoiceTV,,,Pop,,,,"生成輕音樂時，結果人聲出現了，不只是旋律好，人聲更優，雖然有很多問題，譬如前奏太長，好幾個字發音不對，後半段副歌歌詞亂掉，等等，還是決定跟大家分享，留著當作9月3日前的舊版本的紀念。(用耳機聽更優美) 
生成輕音樂時，結果人聲出現了，不只是旋律好，人聲更優，雖然有很多問題，譬如前奏太長，好幾個字發音不對，後半段副歌歌詞亂掉，等等，還是決定跟大家分享，留著當作9月3日前的舊版本的紀念。(用耳機聽更優美)","我把夜色寄給你。 寄上我寫不完的心情。 用月光摺成一封信。 亮著一行行未說出的心。 巷口的風聲輕輕揚。 像替我送來一段回音。 小店的燈熄了一盞。 連心事也慢慢安靜。 如果你也想起我。 請抬頭望向那片天頂。 那一彎微亮的弧度。 是我偷偷刻畫的放心。 世界愈匆忙愈孤單。 人影都追著黎明的天光。 願我寄出的那封信。 陪你穿越最深的夜景。 [間奏] 我把溫度寄給你。 藏在風裡 溫暖你的一寸心。 像冬夜落下的一場雨。 每滴都滴得這樣的深情。 如果你有一刻疲倦。 就讓這封信陪你暫停。 (以下為錯誤的歌詞) 小店的燈熄了一盞。 連心事也慢慢安靜。 如果你也想起我。 請抬頭望向那片天頂。 那一彎微亮的弧度。 是我偷偷刻畫的放心。 世界愈匆忙愈孤單。 人影都追著黎明的天光。 願我寄出的那封信。 陪你穿越最深的夜景。 
我把夜色寄給你。 寄上我寫不完的心情。 用月光摺成一封信。 亮著一行行未說出的心。
巷口的風聲輕輕揚。 像替我送來一段回音。 小店的燈熄了一盞。 連心事也慢慢安靜。
如果你也想起我。 請抬頭望向那片天頂。 那一彎微亮的弧度。 是我偷偷刻畫的放心。
世界愈匆忙愈孤單。 人影都追著黎明的天光。 願我寄出的那封信。 陪你穿越最深的夜景。
[間奏]
我把溫度寄給你。 藏在風裡 溫暖你的一寸心。 像冬夜落下的一場雨。 每滴都滴得這樣的深情。
如果你有一刻疲倦。 就讓這封信陪你暫停。 (以下為錯誤的歌詞) 小店的燈熄了一盞。 連心事也慢慢安靜。
如果你也想起我。 請抬頭望向那片天頂。 那一彎微亮的弧度。 是我偷偷刻畫的放心。
世界愈匆忙愈孤單。 人影都追著黎明的天光。 願我寄出的那封信。 陪你穿越最深的夜景。
留言（ 4 ） 最相關留言 所有留言
留言（ 4 ）",2026-08-15,,AI 生成 Pop,False,False,
2026-08-16 18:54:17,realtime,ai_generated,,,6,ᐜᐞᒻᐟᑊᐢᕐ ᐜᑊᐩᑋ ᐞᑊ,愛的電擊,8,26,1,https://streetvoice.com/walkingwithai/songs/874929/,https://streetvoice.com/walkingwithai/,"https://akstatic.streetvoice.com/song_covers/wa/lk/walkingwithai/4Rnvw5Vi8a5CkWGPPh7KkE.jpeg?x-oss-process=image/resize,m_fixed,h_1,w_1,limit_0/resize,m_fixed,h_630,w_1200,limit_0/watermark,image_c29uZ19jb3ZlcnMvd2EvbGsvd2Fsa2luZ3dpdGhhaS80Um52dzVWaThhNUNrV0dQUGg3S2tFLmpwZWc_eC1vc3MtcHJvY2Vzcz1pbWFnZS9yZXNpemUsbV9maXhlZCxoXzM0NCx3XzM0NCxsaW1pdF8w,g_nw,x_428,y_143/watermark,image_YXNzZXQvaW1hZ2VzL21ldGFpbWFnZS1zb25nLnBuZw,g_nw,x_0,y_0",images/874929.jpeg,@walkingwithai,音樂人,,,,163,39,25,,,https://www.youtube.com/user/StreetVoiceTV,,,Pop,,,,"這首歌走的是「病嬌（Yandere）/ 粉色恐怖（Pink Horror）」路線！《愛的電擊》就是一場穿著芭蕾舞裙、嘴角掛著甜美微笑的血腥狩獵（Theatrical Cabaret Synth-Pop），也是一次極具欺騙性的聲學實驗。我刻意製造了極大的「聽覺與文本反差」，將一首看似輕快、無害的復古舞曲，切開來展示其病態且偏執的內核。 歡快糖衣下的 Synth-Pop 與 Cabaret 在音樂風格的建構上，我選擇了色彩明亮的合成器流行（Synth-pop）與新浪潮（New Wave），並揉合了卡巴萊（Cabaret）特有的戲劇張力與歌舞廳元素。整首歌呈現出一種極度 Happy-go-lucky（歡快無憂）的氛圍。那些閃爍的合成器音色、輕盈跳躍的節奏，建構出一個色彩斑斕的誘捕網，讓人毫無防備地想跟著律動搖擺。 「小蟲子」與病態的致命浪漫 然而，當聽眾卸下防備，真正咀嚼歌詞時，才會發現這份歡快背後令人毛骨悚然的控制慾。「你好嗎，小蟲子」，輕描淡寫的問候，實則確立了捕食者與獵物的絕對關係。在這裡，「愛」被具象化為銳利的刀子與致命的高壓電擊。 「我想把你藏起來，永遠不讓你走開。」 「他們說我瘋了，他們不懂愛啊；我的愛是藝術，你就是我的畫。」 這是一種剝奪對方自由、近乎窒息的病態狂熱。我試圖用最甜美、最輕快的旋律，來唱出最扭曲、最黑暗的佔有慾。這種音樂與歌詞之間的「認知失調（Cognitive Dissonance）」，正是我想要呈現的粉色恐怖美學——最致命的危險，往往包裝在最迷人的微笑裡。 歌曲尾聲的口白：「別急，先停一下⋯⋯」，則是這場貓捉老鼠的遊戲中，捕食者最優雅也最殘忍的玩弄。 請戴上耳機，放鬆身體，享受這場甜蜜的電擊。別想逃跑，因為，我總能找到你。 #愛的電擊 #SynthPop #NewWave #Cabaret #合成器流行 #卡巴萊 #粉色恐怖 #反差美學 #病態浪漫 #暗黑童話 #StreetVoice #音樂實驗 
這首歌走的是「病嬌（Yandere）/ 粉色恐怖（Pink Horror）」路線！《愛的電擊》就是一場穿著芭蕾舞裙、嘴角掛著甜美微笑的血腥狩獵（Theatrical Cabaret Synth-Pop），也是一次極具欺騙性的聲學實驗。我刻意製造了極大的「聽覺與文本反差」，將一首看似輕快、無害的復古舞曲，切開來展示其病態且偏執的內核。
歡快糖衣下的 Synth-Pop 與 Cabaret 在音樂風格的建構上，我選擇了色彩明亮的合成器流行（Synth-pop）與新浪潮（New Wave），並揉合了卡巴萊（Cabaret）特有的戲劇張力與歌舞廳元素。整首歌呈現出一種極度 Happy-go-lucky（歡快無憂）的氛圍。那些閃爍的合成器音色、輕盈跳躍的節奏，建構出一個色彩斑斕的誘捕網，讓人毫無防備地想跟著律動搖擺。
「小蟲子」與病態的致命浪漫 然而，當聽眾卸下防備，真正咀嚼歌詞時，才會發現這份歡快背後令人毛骨悚然的控制慾。「你好嗎，小蟲子」，輕描淡寫的問候，實則確立了捕食者與獵物的絕對關係。在這裡，「愛」被具象化為銳利的刀子與致命的高壓電擊。
「我想把你藏起來，永遠不讓你走開。」 「他們說我瘋了，他們不懂愛啊；我的愛是藝術，你就是我的畫。」 這是一種剝奪對方自由、近乎窒息的病態狂熱。我試圖用最甜美、最輕快的旋律，來唱出最扭曲、最黑暗的佔有慾。這種音樂與歌詞之間的「認知失調（Cognitive Dissonance）」，正是我想要呈現的粉色恐怖美學——最致命的危險，往往包裝在最迷人的微笑裡。
歌曲尾聲的口白：「別急，先停一下⋯⋯」，則是這場貓捉老鼠的遊戲中，捕食者最優雅也最殘忍的玩弄。
請戴上耳機，放鬆身體，享受這場甜蜜的電擊。別想逃跑，因為，我總能找到你。
#愛的電擊 #SynthPop #NewWave #Cabaret #合成器流行 #卡巴萊 #粉色恐怖 #反差美學 #病態浪漫 #暗黑童話 #StreetVoice #音樂實驗","你好嗎 小蟲子 我的愛像刀子 你跑啊你躲啊 我總能找到你 心跳加速 快要爆炸 愛的電擊 滋啦啦 你的心是我的家 別想逃跑 別想掙扎 我的愛是無價 愛的電擊 滋啦啦 你別裝作沒聽見啊 小蟲子乖乖別亂爬 我還沒說完呢呀 小蟲子 小蟲子 小蟲子 你聞起來真香甜 像那夏日的花園 我想把你藏起來 永遠不讓你走開 他們說我瘋了 他們不懂愛啊 我的愛是藝術 你就是我的畫 愛的電擊 滋啦啦 你的心是我的家 別想逃跑 別想掙扎 我的愛是無價 愛的電擊 滋啦啦 你別裝作沒聽見啊 小蟲子乖乖別亂爬 我還沒說完呢呀 愛的電擊 滋啦啦 你別裝作沒聽見啊 小蟲子乖乖別亂爬 我還沒電完呢呀 你好嗎 小蟲子 我在這兒 別急 先停一下 
你好嗎 小蟲子 我的愛像刀子 你跑啊你躲啊 我總能找到你
心跳加速 快要爆炸
愛的電擊 滋啦啦 你的心是我的家 別想逃跑 別想掙扎 我的愛是無價
愛的電擊 滋啦啦 你別裝作沒聽見啊 小蟲子乖乖別亂爬 我還沒說完呢呀
小蟲子 小蟲子 小蟲子
你聞起來真香甜 像那夏日的花園 我想把你藏起來 永遠不讓你走開
他們說我瘋了 他們不懂愛啊 我的愛是藝術 你就是我的畫
愛的電擊 滋啦啦 你的心是我的家 別想逃跑 別想掙扎 我的愛是無價
愛的電擊 滋啦啦 你別裝作沒聽見啊 小蟲子乖乖別亂爬 我還沒說完呢呀
愛的電擊 滋啦啦 你別裝作沒聽見啊 小蟲子乖乖別亂爬 我還沒電完呢呀
你好嗎 小蟲子
我在這兒
別急 先停一下
留言（ 1 ） 最相關留言 所有留言
留言（ 1 ）",2026-08-16,,AI 生成 Pop,False,False,
2026-08-16 18:54:17,realtime,ai_generated,,,7,⚡S p o n t a n e o u s . ♫,《這麼黑》 Where the Light Ends,8,42,4,https://streetvoice.com/spntn_studio/songs/874876/,https://streetvoice.com/spntn_studio/,"https://akstatic.streetvoice.com/song_covers/sp/nt/spntn_studio/JrfmFgBSvzRbsHqtg4f2NP.jpeg?x-oss-process=image/resize,m_fixed,h_1,w_1,limit_0/resize,m_fixed,h_630,w_1200,limit_0/watermark,image_c29uZ19jb3ZlcnMvc3AvbnQvc3BudG5fc3R1ZGlvL0pyZm1GZ0JTdnpSYnNIcXRnNGYyTlAuanBlZz94LW9zcy1wcm9jZXNzPWltYWdlL3Jlc2l6ZSxtX2ZpeGVkLGhfMzQ0LHdfMzQ0LGxpbWl0XzA,g_nw,x_428,y_143/watermark,image_YXNzZXQvaW1hZ2VzL21ldGFpbWFnZS1zb25nLnBuZw,g_nw,x_0,y_0",images/874876.jpeg,@spntn_studio,音樂人,,,,7,12,16,,,https://www.youtube.com/user/StreetVoiceTV,,,Rock,,,,"🌑 《這麼黑 Where the Light Ends》 「一場意外，需要什麼才能原諒。」 讓兩個人困在同一天。 從恨、愧疚到慢慢釋懷， 看不見的路， 也能繼續走下去。 — #SynthRock #TaiwaneseHokkienRock #PostPunk #OriginalMusic #SpontaneousStudio #這麼黑 #台語歌 #失明 #釋懷 — Original Music @spntn_studio Created & Produced by Spontaneous. This work was created with the assistance of generative AI during the creative and music production process. 
🌑 《這麼黑 Where the Light Ends》
「一場意外，需要什麼才能原諒。」
讓兩個人困在同一天。 從恨、愧疚到慢慢釋懷， 看不見的路， 也能繼續走下去。
—
#SynthRock #TaiwaneseHokkienRock #PostPunk #OriginalMusic #SpontaneousStudio #這麼黑 #台語歌 #失明 #釋懷
—
Original Music
@spntn_studio
Created & Produced by Spontaneous.
This work was created with the assistance of generative AI during the creative and music production process.","你我當初嘛無較好過 彼暝車燈傷光煞車聲斷去 救護車紅光一直閃 你醒來喝烏掠狂摒爛病床 你目睭內底的空虛 是我洗袂掉的罪 烏　哪會遮呢烏 目睭攏看無全是血佮目屎氣味 烏　哪會遮呢烏 你扯著我領口問我明仔載踏佗位 痛咧燒　恨咧咬 咱佇黑暗流沙狂奔到煞 心咧滾　血咧滴 面前的黑洞親像欲共咱吞落去 想換你的雙目煞連彼一秒攏換袂轉 愈掠愈痛敢講咱就欲停佇遮 後來才知 你嘛停佇彼一工 無閣駛車 無閣行過彼條路 咱無講啥 天煞無遐爾霧 痛咧燒　恨咧咬 咱佇黑暗流沙狂奔到煞 心咧滾　血咧滴 面前的黑洞親像欲共咱吞落去 黑暗猶佇毋過咱開始慣習天光 換袂轉你雙目至少心無閣困佇彼工 行到今仔日才知影咱已經行出彼場夢 烏　烏　毋是絕望的烏　心看這條路 烏　烏　我看袂著欲去佗 
你我當初嘛無較好過 彼暝車燈傷光煞車聲斷去 救護車紅光一直閃 你醒來喝烏掠狂摒爛病床 你目睭內底的空虛 是我洗袂掉的罪
烏　哪會遮呢烏 目睭攏看無全是血佮目屎氣味 烏　哪會遮呢烏 你扯著我領口問我明仔載踏佗位
痛咧燒　恨咧咬 咱佇黑暗流沙狂奔到煞 心咧滾　血咧滴 面前的黑洞親像欲共咱吞落去 想換你的雙目煞連彼一秒攏換袂轉 愈掠愈痛敢講咱就欲停佇遮
後來才知 你嘛停佇彼一工 無閣駛車 無閣行過彼條路 咱無講啥 天煞無遐爾霧
痛咧燒　恨咧咬 咱佇黑暗流沙狂奔到煞 心咧滾　血咧滴 面前的黑洞親像欲共咱吞落去 黑暗猶佇毋過咱開始慣習天光 換袂轉你雙目至少心無閣困佇彼工 行到今仔日才知影咱已經行出彼場夢
烏　烏　毋是絕望的烏　心看這條路 烏　烏　我看袂著欲去佗
留言（ 4 ） 最相關留言 所有留言
留言（ 4 ）",2026-08-15,,AI 生成 Rock,False,False,
2026-08-16 18:54:17,realtime,ai_generated,,,8,荷荷 HerHer,可樂貓的願望,10,119,10,https://streetvoice.com/yellow_lime/songs/874792/,https://streetvoice.com/yellow_lime/,"https://akstatic.streetvoice.com/song_covers/ye/ll/yellow_lime/YkEps2zkzSDnYjpk3LtBTr.jpg?x-oss-process=image/resize,m_fixed,h_1,w_1,limit_0/resize,m_fixed,h_630,w_1200,limit_0/watermark,image_c29uZ19jb3ZlcnMveWUvbGwveWVsbG93X2xpbWUvWWtFcHMyemt6U0RuWWpwazNMdEJUci5qcGc_eC1vc3MtcHJvY2Vzcz1pbWFnZS9yZXNpemUsbV9maXhlZCxoXzM0NCx3XzM0NCxsaW1pdF8w,g_nw,x_428,y_143/watermark,image_YXNzZXQvaW1hZ2VzL21ldGFpbWFnZS1zb25nLnBuZw,g_nw,x_0,y_0",images/874792.jpg,@yellow_lime,音樂人,,,,11,33,56,,,https://www.youtube.com/user/StreetVoiceTV,,,Pop,,,,"（友善提醒，貓不能喝可樂 ） 歌詞：荷荷HerHer 製作：荷荷HerHer /AI 
（友善提醒，貓不能喝可樂 ）
歌詞：荷荷HerHer 製作：荷荷HerHer /AI","我的願望 就是被你的甜言蜜語淹沒 然後甜甜的笑著死去 喝過可樂的貓 再喝一口白開水都是酷刑 我的願望 就是被你的甜言蜜語淹沒 然後甜甜的笑著死去 喝過可樂的貓 再喝一口白開水都是酷刑 這就是為什麼我離不開你 這就是為什麼我愛你 我的願望 就是被你的甜言蜜語淹沒 然後甜甜的笑著死去 喝過可樂的貓 再喝一口白開水都是酷刑 這就是為什麼我離不開你 這就是為什麼我愛你 沒有你這個世界其他都多餘 沒有你這個世界其他都多餘 請你原諒我濃烈的愛情 
我的願望 就是被你的甜言蜜語淹沒 然後甜甜的笑著死去
喝過可樂的貓 再喝一口白開水都是酷刑
我的願望 就是被你的甜言蜜語淹沒 然後甜甜的笑著死去
喝過可樂的貓 再喝一口白開水都是酷刑
這就是為什麼我離不開你 這就是為什麼我愛你
我的願望 就是被你的甜言蜜語淹沒 然後甜甜的笑著死去
喝過可樂的貓 再喝一口白開水都是酷刑
這就是為什麼我離不開你 這就是為什麼我愛你
沒有你這個世界其他都多餘 沒有你這個世界其他都多餘
請你原諒我濃烈的愛情
留言（ 10 ） 最相關留言 所有留言
留言（ 10 ）",2026-08-14,,AI 生成 Pop,False,False,
2026-08-16 18:54:17,realtime,ai_generated,,,9,Aurum 倫,一吻爆炸,15,174,22,https://streetvoice.com/au79/songs/874306/,https://streetvoice.com/au79/,"https://akstatic.streetvoice.com/song_covers/au/79/au79/fppGDa7jFe5p4eJNEFa5fV.jpeg?x-oss-process=image/resize,m_fixed,h_1,w_1,limit_0/resize,m_fixed,h_630,w_1200,limit_0/watermark,image_c29uZ19jb3ZlcnMvYXUvNzkvYXU3OS9mcHBHRGE3akZlNXA0ZUpORUZhNWZWLmpwZWc_eC1vc3MtcHJvY2Vzcz1pbWFnZS9yZXNpemUsbV9maXhlZCxoXzM0NCx3XzM0NCxsaW1pdF8w,g_nw,x_428,y_143/watermark,image_YXNzZXQvaW1hZ2VzL21ldGFpbWFnZS1zb25nLnBuZw,g_nw,x_0,y_0",images/874306.jpeg,@au79,音樂人,台北市,2025-12-01,,14,37,43,,,https://www.youtube.com/user/StreetVoiceTV,,,Electronic,Hidden Scenes｜戲隱,https://streetvoice.com/au79/songs/album/97325893/,,"你有過一吻爆炸、即食情慾， 一發不可收拾，從此長相廝守？ 《一吻爆炸》（키스는 괜히 해서!／Dynamite Kiss）是韓國 SBS 於 2025 年 11 月 12 日至 12 月 25 日播出的水木劇，張基龍、安恩真主演，由《千元律師》導演金宰賢執導，並由《雙甲路邊攤》、《現在開始是Showtime！》編劇河贇我與太景敏共同執筆。是一部無腦劇，跟著愛來愛去、親來親去，好人壞人攻來防去，很舒眠的宵夜影集。 Netflix 預告片 https://youtu.be/e2pUn9qLDg8?si=Sj0Gv3tTZ6dH1D7c ｜ 在歌詞與編曲上，想說爆炸的吻是什麼感覺？！ 把壓縮與克制的自語人聲疊在字詞上，有點性感，以 Afro Soul 為底，Broken Beat、悶熱電子質地，心跳亂了，寫成無法逆轉的化學反應 
你有過一吻爆炸、即食情慾， 一發不可收拾，從此長相廝守？
《一吻爆炸》（키스는 괜히 해서!／Dynamite Kiss）是韓國 SBS 於 2025 年 11 月 12 日至 12 月 25 日播出的水木劇，張基龍、安恩真主演，由《千元律師》導演金宰賢執導，並由《雙甲路邊攤》、《現在開始是Showtime！》編劇河贇我與太景敏共同執筆。是一部無腦劇，跟著愛來愛去、親來親去，好人壞人攻來防去，很舒眠的宵夜影集。
Netflix 預告片 https://youtu.be/e2pUn9qLDg8?si=Sj0Gv3tTZ6dH1D7c
https://youtu.be/e2pUn9qLDg8?si=Sj0Gv3tTZ6dH1D7c
｜
在歌詞與編曲上，想說爆炸的吻是什麼感覺？！ 把壓縮與克制的自語人聲疊在字詞上，有點性感，以 Afro Soul 為底，Broken Beat、悶熱電子質地，心跳亂了，寫成無法逆轉的化學反應","動態歌詞
키스 한 번이면 두 영혼이 서로 얽혀서 하나가 되는 거야. 마치 질산이랑 황산이 섞여서 폭약이 되는 것처럼. 嘴唇還沒靠近　心跳已經慌張 兩滴透明液體　是誰滴進掌上 硝酸不聲不響　撞上溫柔的硫酸 一場意外化學　早就寫好在劇場 沒有誰能預料　這場反應多燙 嘴角忽然上揚　命運忽然開槍 一吻　爆炸 兩顆靈魂撞出了迴響 嘴唇碰到的瞬間　道理全部投降 一吻　爆炸 把孤單的化學式點亮 火藥點燃的那一刻　世界全部塌防 誰說親吻是禮貌　誰說親吻很平常 指尖先開始顫抖　呼吸早已經失常 危險的成分靠近　卻捨不得退場 炸藥從來不解釋　炸藥只負責綻放 沒有誰能預料　這場反應多燙 心跳忽然變狂　秒針忽然震盪 一吻　爆炸 兩顆靈魂撞出了迴響 嘴唇碰到的瞬間　道理全部投降 一吻　爆炸 把孤單的化學式點亮 火藥點燃的那一刻　世界全部塌防 別去計算會不會痛　別去計算能撐多長 兩種藥水混合以後　再也分不清誰主誰張 飛蛾若懂得計算啊　就不會撲向了炎陽 既然要炸就炸得漂亮　既然要愛就別去躲藏 一吻　爆炸 兩顆靈魂撞出了迴響 嘴唇碰到的瞬間　道理全部投降 一吻　爆炸 把孤單的化學式點亮 火藥點燃的那一刻　世界全部塌防 一吻　爆炸 餘生都不放 이제 알겠지? 한 번 섞이면… 다시는 예전으로 못 돌아가. 그러니까,이번엔 도망가지 마. 내 입술이 닿는 순간… 그냥, 전부 터뜨려. 쉿… 아직 안 끝났어. 
키스 한 번이면 두 영혼이 서로 얽혀서 하나가 되는 거야. 마치 질산이랑 황산이 섞여서 폭약이 되는 것처럼.
嘴唇還沒靠近　心跳已經慌張 兩滴透明液體　是誰滴進掌上 硝酸不聲不響　撞上溫柔的硫酸 一場意外化學　早就寫好在劇場
沒有誰能預料　這場反應多燙 嘴角忽然上揚　命運忽然開槍
一吻　爆炸 兩顆靈魂撞出了迴響 嘴唇碰到的瞬間　道理全部投降
一吻　爆炸 把孤單的化學式點亮 火藥點燃的那一刻　世界全部塌防
誰說親吻是禮貌　誰說親吻很平常 指尖先開始顫抖　呼吸早已經失常 危險的成分靠近　卻捨不得退場 炸藥從來不解釋　炸藥只負責綻放
沒有誰能預料　這場反應多燙 心跳忽然變狂　秒針忽然震盪
一吻　爆炸 兩顆靈魂撞出了迴響 嘴唇碰到的瞬間　道理全部投降
一吻　爆炸 把孤單的化學式點亮 火藥點燃的那一刻　世界全部塌防
別去計算會不會痛　別去計算能撐多長 兩種藥水混合以後　再也分不清誰主誰張 飛蛾若懂得計算啊　就不會撲向了炎陽 既然要炸就炸得漂亮　既然要愛就別去躲藏
一吻　爆炸 兩顆靈魂撞出了迴響 嘴唇碰到的瞬間　道理全部投降
一吻　爆炸 把孤單的化學式點亮 火藥點燃的那一刻　世界全部塌防
一吻　爆炸 餘生都不放
이제 알겠지? 한 번 섞이면… 다시는 예전으로 못 돌아가. 그러니까,이번엔 도망가지 마. 내 입술이 닿는 순간… 그냥, 전부 터뜨려.
쉿… 아직 안 끝났어.
留言（ 22 ） 最相關留言 所有留言
留言（ 22 ）",2026-08-15,,AI 生成 Electronic ・ Hidden Scenes｜戲隱,False,False,
2026-08-16 18:54:17,realtime,ai_generated,,,10,Eric_Wei,《甘寧老師》Master Gan Ning,10,24,13,https://streetvoice.com/Eric_Wei_/songs/874867/,https://streetvoice.com/Eric_Wei_/,"https://akstatic.streetvoice.com/song_covers/Er/ic/Eric_Wei_/fpgypL86bAKTz9zoAwQWtU.jpeg?x-oss-process=image/resize,m_fixed,h_1,w_1,limit_0/resize,m_fixed,h_630,w_1200,limit_0/watermark,image_c29uZ19jb3ZlcnMvRXIvaWMvRXJpY19XZWlfL2ZwZ3lwTDg2YkFLVHo5em9Bd1FXdFUuanBlZz94LW9zcy1wcm9jZXNzPWltYWdlL3Jlc2l6ZSxtX2ZpeGVkLGhfMzQ0LHdfMzQ0LGxpbWl0XzA,g_nw,x_428,y_143/watermark,image_YXNzZXQvaW1hZ2VzL21ldGFpbWFnZS1zb25nLnBuZw,g_nw,x_0,y_0",images/874867.jpeg,@Eric_Wei_,音樂人,台灣,2025-08-01,,9,24,36,,,https://www.youtube.com/user/StreetVoiceTV,,,Folk,,,,"甘寧，是三國時代東吳名將，人稱「錦帆賊」，以驍勇善戰、豪邁重義聞名，也是三國歷史中極具魅力的一位英雄人物。 說到「老師」，人生裡總會遇見幾位，有的教知識，有的教做人，也有的只是陪你走過一段，卻意外留下很深的印象。 而在我們的日常生活裡，「甘寧老師」這四個字似乎也不算陌生，偶爾總會在某些熟悉的對話裡，聽見有人親切地提起。 於是，我認真研究了一下，看看這位跨越千年的老師，到底教了我們什麼。 最後，祝所有老師，教師節快樂！❤️ 
甘寧，是三國時代東吳名將，人稱「錦帆賊」，以驍勇善戰、豪邁重義聞名，也是三國歷史中極具魅力的一位英雄人物。
說到「老師」，人生裡總會遇見幾位，有的教知識，有的教做人，也有的只是陪你走過一段，卻意外留下很深的印象。
而在我們的日常生活裡，「甘寧老師」這四個字似乎也不算陌生，偶爾總會在某些熟悉的對話裡，聽見有人親切地提起。
於是，我認真研究了一下，看看這位跨越千年的老師，到底教了我們什麼。
最後，祝所有老師，教師節快樂！❤️","[Intro] [Verse 1] 那夜長街雨落如注 孤燈照著陌生歸途 一道雷光劃破雲幕 醒來已是千年前的路 江面戰船逆風而駐 旌旗映著亂世迷霧 刀鋒停在我的眉目 問我為何誤入此處 [Pre-Chorus] 我說不出未來歸宿 只剩一身書生傲骨 他看著我若有所悟 笑說留下看看江湖 從此追隨他的腳步 看盡人間聚散離苦 他說握刀不是征服 是守住心裡的熱土 [Chorus 1] 江風吹向未知渡口 你站在船頭迎著激流 浪頭再高也別低頭 傷口也是英雄的酒 你說山河總有起與落 英雄從來不問對與錯 只問胸中還有那把火 就別害怕風雨多 [Verse 2] 他醉臥江邊看月色溫柔 也曾披甲迎著漫天烽火 世人只看見錦帆的狂傲 卻沒看見他與兄弟同舟 營火照著年輕的面孔 有人害怕明日的戰火 他把烈酒分給每個弟兄 能活著就要笑著迎著風 [Pre-Chorus 2] 歲月從不為誰停留 人生哪能沒有起落 輸贏不過一場煙火 別讓初心隨浪漂泊 他沒教我一招封喉 也沒許我一生無憂 只在我迷惘的時候 拍拍肩頭說別讓夢生鏽 [Chorus 2] 江風吹過千年以後 記得你教我別回頭 人生哪有一路順風 逆著浪也要往前走 你說成敗不過一場夢 何必困在別人的眼中 只要心中還燃著火種 就沒有跨不過的峰 [Bridge] 多年以後我回到高樓 熟悉城市依舊在奔走 人海之中我驀然回首 你仍站船頭笑望江流 你說世事總有潮起潮落 若有煩憂就喝完這杯酒 走過千帆終究會看透 莫讓風霜蝕了心中星斗 [Final Chorus] 你離開千年以後 你的聲音仍在胸口 當世界讓人想低頭 我想起你站在船頭 你不是神明不是傳說 只是那年教我勇敢抬頭 若能再回到那個渡口 願陪你再醉一整宿 [Outro] 隔著千年的悠悠江海 直到如今我終於明白 一身風骨長留我胸懷 往後由我一生承載 風吹長江依舊奔流不止 有人問誰改變我的心志 我只是笑著抬起頭來 向著世人喊出你的名字 (甘寧老師～) (甘!) (甘寧老師～) (甘!) (甘寧老師～) (甘!) (甘寧老師～) (甘寧老師～) (甘!) (甘寧老師～) (甘!) (甘寧老師～) (甘!) (甘～寧～老～師～～!!!!) 
[Intro]
[Verse 1] 那夜長街雨落如注 孤燈照著陌生歸途 一道雷光劃破雲幕 醒來已是千年前的路
江面戰船逆風而駐 旌旗映著亂世迷霧 刀鋒停在我的眉目 問我為何誤入此處
[Pre-Chorus] 我說不出未來歸宿 只剩一身書生傲骨 他看著我若有所悟 笑說留下看看江湖
從此追隨他的腳步 看盡人間聚散離苦 他說握刀不是征服 是守住心裡的熱土
[Chorus 1] 江風吹向未知渡口 你站在船頭迎著激流 浪頭再高也別低頭 傷口也是英雄的酒
你說山河總有起與落 英雄從來不問對與錯 只問胸中還有那把火 就別害怕風雨多
[Verse 2] 他醉臥江邊看月色溫柔 也曾披甲迎著漫天烽火 世人只看見錦帆的狂傲 卻沒看見他與兄弟同舟
營火照著年輕的面孔 有人害怕明日的戰火 他把烈酒分給每個弟兄 能活著就要笑著迎著風
[Pre-Chorus 2] 歲月從不為誰停留 人生哪能沒有起落 輸贏不過一場煙火 別讓初心隨浪漂泊
他沒教我一招封喉 也沒許我一生無憂 只在我迷惘的時候 拍拍肩頭說別讓夢生鏽
[Chorus 2] 江風吹過千年以後 記得你教我別回頭 人生哪有一路順風 逆著浪也要往前走
你說成敗不過一場夢 何必困在別人的眼中 只要心中還燃著火種 就沒有跨不過的峰
[Bridge] 多年以後我回到高樓 熟悉城市依舊在奔走 人海之中我驀然回首 你仍站船頭笑望江流
你說世事總有潮起潮落 若有煩憂就喝完這杯酒 走過千帆終究會看透 莫讓風霜蝕了心中星斗
[Final Chorus] 你離開千年以後 你的聲音仍在胸口 當世界讓人想低頭 我想起你站在船頭
你不是神明不是傳說 只是那年教我勇敢抬頭 若能再回到那個渡口 願陪你再醉一整宿
[Outro] 隔著千年的悠悠江海 直到如今我終於明白 一身風骨長留我胸懷 往後由我一生承載
風吹長江依舊奔流不止 有人問誰改變我的心志 我只是笑著抬起頭來 向著世人喊出你的名字
(甘寧老師～) (甘!) (甘寧老師～) (甘!) (甘寧老師～) (甘!) (甘寧老師～)
(甘寧老師～) (甘!) (甘寧老師～) (甘!) (甘寧老師～) (甘!) (甘～寧～老～師～～!!!!)
留言（ 13 ） 最相關留言 所有留言
留言（ 13 ）",2026-08-15,,AI 生成 Folk,False,False,
2026-08-16 18:54:17,realtime,ai_generated,,,11,★,我在哪裡,5,27,8,https://streetvoice.com/lalahahaha/songs/874919/,https://streetvoice.com/lalahahaha/,"https://akstatic.streetvoice.com/song_covers/la/la/lalahahaha/2gmUoHo86qs2Y4HUoxQqP7.jpeg?x-oss-process=image/resize,m_fixed,h_1,w_1,limit_0/resize,m_fixed,h_630,w_1200,limit_0/watermark,image_c29uZ19jb3ZlcnMvbGEvbGEvbGFsYWhhaGFoYS8yZ21Vb0hvODZxczJZNEhVb3hRcVA3LmpwZWc_eC1vc3MtcHJvY2Vzcz1pbWFnZS9yZXNpemUsbV9maXhlZCxoXzM0NCx3XzM0NCxsaW1pdF8w,g_nw,x_428,y_143/watermark,image_YXNzZXQvaW1hZ2VzL21ldGFpbWFnZS1zb25nLnBuZw,g_nw,x_0,y_0",images/874919.jpeg,@lalahahaha,音樂人,,,,11,13,10,,,https://www.youtube.com/user/StreetVoiceTV,2026 JAM JAM ASIA音樂節公布壓軸陣容！孫淑媚首登大型音樂祭、李竺芯打造全新編制|||https://blow.streetvoice.com/89332/?utm_source=streetvoice&utm_medium=profile-news-block; 2026「JAM JAM ASIA」聽團指南登場！黃韻玲、瑪莎等六位策展人分享選團觀點|||https://blow.streetvoice.com/89263/?utm_source=streetvoice&utm_medium=profile-news-block; 2026「JAM JAM ASIA」音樂節公布新一波卡司： 盧廣仲首度參戰、迪拉聯手阿夫組限定組合|||https://blow.streetvoice.com/89151/?utm_source=streetvoice&utm_medium=profile-news-block,,Rock,★的日記,https://streetvoice.com/lalahahaha/songs/album/97325733/,,"很多人不知道精神官能症是什麼，只因為患者和自己不一樣，就覺得他們很可怕。 這不代表他們會傷害別人，他們只是在承受旁人看不見的焦慮、恐懼與陌生感。 也許正因為理解痛苦，他們反而更懂得體諒別人，比你想像中更加溫柔。 這首歌，想讓這份痛苦被理解。 
很多人不知道精神官能症是什麼，只因為患者和自己不一樣，就覺得他們很可怕。
這不代表他們會傷害別人，他們只是在承受旁人看不見的焦慮、恐懼與陌生感。
也許正因為理解痛苦，他們反而更懂得體諒別人，比你想像中更加溫柔。
這首歌，想讓這份痛苦被理解。","看清楚 焦慮在我身上爬 一寸　一寸 把我留下 焦慮沿著皮膚爬行 恐懼在顱骨裡發酵 心智反過來操控大腦 我聽見自己　慢慢靜掉 精神從肉體抽離 影子退到光的背面 沒有痛苦　沒有快樂 呼吸也不再屬於我 靈魂和身體錯開 隔著一層看不見的海 我伸手碰不到現在 誰能告訴我 我還在不在 我在哪裡 你是否可以回來 我在哪裡 還是要我離開 我在哪裡 是我把自己丟下 我在哪裡 誰用我的名字醒來 我看見一道雷霆落下 把鏡子裡的我劈成兩半 承受不幸的人已經離開 剩下陌生的軀殼走動 陌生的感受借我心跳 陌生的視線替我觀看 陌生的聲音叫著我 陌生的人替我回答 我站在身體的外面 看它活成我的表面 想回去卻找不到門 只聽見誰在問 我在哪裡 你是否可以回來 我在哪裡 還是要我離開 我在哪裡 是我把自己丟下 我在哪裡 誰用我的名字醒來 如果離開的是我 為什麼我還醒著 如果留下的是我 為什麼認不出輪廓 把我的名字念一遍 把我從身體外面 一點一點叫回來 別讓我永遠不在 我在哪裡 你是否可以回來 我在哪裡 別再要我離開 我在哪裡 是不是我把自己丟下 如果你就是我 請把我帶回來 陌生的感受 陌生的視線 陌生的聲音 陌生的人 我在哪裡 我還在嗎 
看清楚 焦慮在我身上爬 一寸　一寸 把我留下
焦慮沿著皮膚爬行 恐懼在顱骨裡發酵 心智反過來操控大腦 我聽見自己　慢慢靜掉
精神從肉體抽離 影子退到光的背面 沒有痛苦　沒有快樂 呼吸也不再屬於我
靈魂和身體錯開 隔著一層看不見的海 我伸手碰不到現在 誰能告訴我 我還在不在
我在哪裡 你是否可以回來 我在哪裡 還是要我離開
我在哪裡 是我把自己丟下 我在哪裡 誰用我的名字醒來
我看見一道雷霆落下 把鏡子裡的我劈成兩半 承受不幸的人已經離開 剩下陌生的軀殼走動
陌生的感受借我心跳 陌生的視線替我觀看 陌生的聲音叫著我 陌生的人替我回答
我站在身體的外面 看它活成我的表面 想回去卻找不到門 只聽見誰在問
我在哪裡 你是否可以回來 我在哪裡 還是要我離開
我在哪裡 是我把自己丟下 我在哪裡 誰用我的名字醒來
如果離開的是我 為什麼我還醒著 如果留下的是我 為什麼認不出輪廓
把我的名字念一遍 把我從身體外面 一點一點叫回來 別讓我永遠不在
我在哪裡 你是否可以回來 我在哪裡 別再要我離開
我在哪裡 是不是我把自己丟下 如果你就是我 請把我帶回來
陌生的感受 陌生的視線 陌生的聲音 陌生的人
我在哪裡 我還在嗎
留言（ 8 ） 最相關留言 所有留言
留言（ 8 ）",2026-08-15,,AI 生成 Rock ・ ★的日記,False,False,
2026-08-16 18:54:17,realtime,ai_generated,,,12,cmc168,你是九月的詩 |  吹進風裡，被秋天翻譯  |,7,61,2,https://streetvoice.com/cmc168/songs/874878/,https://streetvoice.com/cmc168/,"https://akstatic.streetvoice.com/song_covers/cm/c1/cmc168/BQSGwucBf2FtrFo7ah2AYw.jpeg?x-oss-process=image/resize,m_fixed,h_1,w_1,limit_0/resize,m_fixed,h_630,w_1200,limit_0/watermark,image_c29uZ19jb3ZlcnMvY20vYzEvY21jMTY4L0JRU0d3dWNCZjJGdHJGbzdhaDJBWXcuanBlZz94LW9zcy1wcm9jZXNzPWltYWdlL3Jlc2l6ZSxtX2ZpeGVkLGhfMzQ0LHdfMzQ0LGxpbWl0XzA,g_nw,x_428,y_143/watermark,image_YXNzZXQvaW1hZ2VzL21ldGFpbWFnZS1zb25nLnBuZw,g_nw,x_0,y_0",images/874878.jpeg,@cmc168,音樂人,新北市,2026-04-01,,124,50,95,,,https://www.youtube.com/user/StreetVoiceTV,,,Pop,,,,,"[Verse 1] 風吹輕輕，帶點暖， 陽光灑在你臉蛋。 街角的花剛剛綻放， 像你的笑，溫柔又燦爛。 [Chorus] 你是九月裡的詩， 吹進風裡，被秋天翻譯。 每一句都是輕輕的語氣， 讀起來，像午後的暖意。 [Verse 2] 楓葉搖曳，河水微漾， 你的目光如藍天明亮。 走過小巷，步步生香， 季節剛好，心也微微發燙。 [Chorus] 你是九月裡的詩， 寫在枝頭，隨花瓣飄離。 不張揚，卻讓人著迷， 每一個字，都沾滿著晨曦。 [間奏] [Bridge] 如果秋天會說話 它一定會輕輕回答 你出現在這個季節 就是最美的韻腳啊 [Outro] 你是九月裡的詩， 短短幾行，卻讓人難忘記。 即使歲月翻過這一頁， 仍會想起，那句詩裡的你。 
[Verse 1] 風吹輕輕，帶點暖， 陽光灑在你臉蛋。 街角的花剛剛綻放， 像你的笑，溫柔又燦爛。
[Chorus] 你是九月裡的詩， 吹進風裡，被秋天翻譯。 每一句都是輕輕的語氣， 讀起來，像午後的暖意。
[Verse 2] 楓葉搖曳，河水微漾， 你的目光如藍天明亮。 走過小巷，步步生香， 季節剛好，心也微微發燙。
[Chorus] 你是九月裡的詩， 寫在枝頭，隨花瓣飄離。 不張揚，卻讓人著迷， 每一個字，都沾滿著晨曦。
[間奏]
[Bridge] 如果秋天會說話 它一定會輕輕回答 你出現在這個季節 就是最美的韻腳啊
[Outro] 你是九月裡的詩， 短短幾行，卻讓人難忘記。 即使歲月翻過這一頁， 仍會想起，那句詩裡的你。
留言（ 2 ） 最相關留言 所有留言
留言（ 2 ）",2026-08-15,,AI 生成 Pop,False,False,
2026-08-16 18:54:17,realtime,ai_generated,,,13,純音樂,我把夜色寄給你 |  輕音樂,9,49,2,https://streetvoice.com/sv430531/songs/874974/,https://streetvoice.com/sv430531/,"https://akstatic.streetvoice.com/song_covers/sv/43/sv430531/dPxmv2WSQX5vixaVANhxeY.jpeg?x-oss-process=image/resize,m_fixed,h_1,w_1,limit_0/resize,m_fixed,h_630,w_1200,limit_0/watermark,image_c29uZ19jb3ZlcnMvc3YvNDMvc3Y0MzA1MzEvZFB4bXYyV1NRWDV2aXhhVkFOaHhlWS5qcGVnP3gtb3NzLXByb2Nlc3M9aW1hZ2UvcmVzaXplLG1fZml4ZWQsaF8zNDQsd18zNDQsbGltaXRfMA,g_nw,x_428,y_143/watermark,image_YXNzZXQvaW1hZ2VzL21ldGFpbWFnZS1zb25nLnBuZw,g_nw,x_0,y_0",images/874974.jpeg,@sv430531,音樂人,新北市,2026-05-01,,53,32,48,,,https://www.youtube.com/user/StreetVoiceTV,「帥氣認真的純音樂演奏樂團」體熊專科推出五專《Topic 5: 召喚 Calling》 再邀北城浩志操刀混音後製|||https://blow.streetvoice.com/76130/?utm_source=streetvoice&utm_medium=profile-news-block; 展現音樂 + 小說的世界觀 地底樂團發行純音樂單曲|||https://blow.streetvoice.com/25263/?utm_source=streetvoice&utm_medium=profile-news-block; Omicron 話梅鹿 Last Digits 用純音樂演奏鋪陳聽覺饗宴|||https://blow.streetvoice.com/15807/?utm_source=streetvoice&utm_medium=profile-news-block,,Soundtrack / New age,,,cmc168,,"無歌詞 
無歌詞
留言（ 2 ） 最相關留言 所有留言
留言（ 2 ）",2026-08-16,,AI 生成 Soundtrack / New age,False,False,
2026-08-16 18:54:17,realtime,ai_generated,,,14,純音樂,你是九月的詩  |   輕音樂  |,7,34,0,https://streetvoice.com/sv430531/songs/874906/,https://streetvoice.com/sv430531/,"https://akstatic.streetvoice.com/song_covers/sv/43/sv430531/MSsErVyGWvJbDRXn4PdK6u.jpeg?x-oss-process=image/resize,m_fixed,h_1,w_1,limit_0/resize,m_fixed,h_630,w_1200,limit_0/watermark,image_c29uZ19jb3ZlcnMvc3YvNDMvc3Y0MzA1MzEvTVNzRXJWeUdXdkpiRFJYbjRQZEs2dS5qcGVnP3gtb3NzLXByb2Nlc3M9aW1hZ2UvcmVzaXplLG1fZml4ZWQsaF8zNDQsd18zNDQsbGltaXRfMA,g_nw,x_428,y_143/watermark,image_YXNzZXQvaW1hZ2VzL21ldGFpbWFnZS1zb25nLnBuZw,g_nw,x_0,y_0",images/874906.jpeg,@sv430531,音樂人,新北市,2026-05-01,,53,32,48,,,https://www.youtube.com/user/StreetVoiceTV,「帥氣認真的純音樂演奏樂團」體熊專科推出五專《Topic 5: 召喚 Calling》 再邀北城浩志操刀混音後製|||https://blow.streetvoice.com/76130/?utm_source=streetvoice&utm_medium=profile-news-block; 展現音樂 + 小說的世界觀 地底樂團發行純音樂單曲|||https://blow.streetvoice.com/25263/?utm_source=streetvoice&utm_medium=profile-news-block; Omicron 話梅鹿 Last Digits 用純音樂演奏鋪陳聽覺饗宴|||https://blow.streetvoice.com/15807/?utm_source=streetvoice&utm_medium=profile-news-block,,Soundtrack / New age,,,cmc168,,"無歌詞 
無歌詞
留言（ 0 ） 最相關留言 所有留言
留言（ 0 ）",2026-08-15,,AI 生成 Soundtrack / New age,False,False,
2026-08-16 18:54:17,realtime,ai_generated,,,15,Dammn P.,《雨港的夜船》（Night Boat in the Rainy Harbor）,6,10,2,https://streetvoice.com/Paull_Dammnpohung/songs/874939/,https://streetvoice.com/Paull_Dammnpohung/,"https://akstatic.streetvoice.com/song_covers/Pa/ul/Paull_Dammnpohung/GR8d7MzhRsrfj6aRYy29dC.jpeg?x-oss-process=image/resize,m_fixed,h_1,w_1,limit_0/resize,m_fixed,h_630,w_1200,limit_0/watermark,image_c29uZ19jb3ZlcnMvUGEvdWwvUGF1bGxfRGFtbW5wb2h1bmcvR1I4ZDdNemhSc3JmajZhUll5MjlkQy5qcGVnP3gtb3NzLXByb2Nlc3M9aW1hZ2UvcmVzaXplLG1fZml4ZWQsaF8zNDQsd18zNDQsbGltaXRfMA,g_nw,x_428,y_143/watermark,image_YXNzZXQvaW1hZ2VzL21ldGFpbWFnZS1zb25nLnBuZw,g_nw,x_0,y_0",images/874939.jpeg,@Paull_Dammnpohung,音樂人,高雄市,2026-01-01,2026-06-25 10:03,129,62,80,,,https://www.youtube.com/@RuralPeace-n2q,,,Folk,,,,"【雨港的夜船】Night Boat in the Rainy Harbor | 台灣懷舊那卡西輕音樂 🪗⚓ 「推開時光的窗，在光陰的縫隙裡與現代交錯，穿梭舊時空。」 📖 關於基隆雨港的時光故事： 時間回到 1950 年代的基隆港。這座位於台灣最北端的樞紐港口，終年雨霧繚繞。碼頭上停泊著無數遠洋貨輪與蒸汽漁船，木棧道上映照著霓虹燈與昏黃路燈的倒影。新店尾與委託行老街的茶室酒館裡，聚集了等候出海的船員、碼頭工人與尋夢的旅人。那卡西樂師背著手風琴與電吉他穿梭在雨巷與酒館間，將雨港的離別、思念與浪子情懷，化為一首首動人的曲調。 🎶 演奏曲如何呈現主題： 本曲以緩慢且帶有濕潤復古顫音（Tremolo）的 電吉他 拉開序幕，模擬細雨落雨港與海浪拍打木樁的律動。隨後 悲情手風琴 與五聲調式旋律交織登場，展現台語老歌與那卡西走唱的靈魂。樂曲採用了沉靜放鬆的 60bpm 慢速節奏，將原本滄桑的港都夜雨，轉化為一首撫平情緒、引導沉澱的心靈療癒曲。 ⏳ 適用情境 ‧ 陪伴您的寧靜時光： * 🌙 深夜助眠：沉靜優雅的旋律，陪伴您卸下整天的疲憊，安心入眠。 * 📖 工作與閱讀：無歌詞的沉浸式背景音樂，幫助專心思考與靈感湧現。 * 🧘 靜心與冥想：引導心靈沉澱，感受時光的律動與雨港的沉靜。 * ☕ 懷舊放鬆：搭配一杯熱茶，沉浸在 1950 年代老基隆港的浪漫雨夜中。 
【雨港的夜船】Night Boat in the Rainy Harbor | 台灣懷舊那卡西輕音樂 🪗⚓
「推開時光的窗，在光陰的縫隙裡與現代交錯，穿梭舊時空。」
📖 關於基隆雨港的時光故事： 時間回到 1950 年代的基隆港。這座位於台灣最北端的樞紐港口，終年雨霧繚繞。碼頭上停泊著無數遠洋貨輪與蒸汽漁船，木棧道上映照著霓虹燈與昏黃路燈的倒影。新店尾與委託行老街的茶室酒館裡，聚集了等候出海的船員、碼頭工人與尋夢的旅人。那卡西樂師背著手風琴與電吉他穿梭在雨巷與酒館間，將雨港的離別、思念與浪子情懷，化為一首首動人的曲調。
🎶 演奏曲如何呈現主題： 本曲以緩慢且帶有濕潤復古顫音（Tremolo）的 電吉他 拉開序幕，模擬細雨落雨港與海浪拍打木樁的律動。隨後 悲情手風琴 與五聲調式旋律交織登場，展現台語老歌與那卡西走唱的靈魂。樂曲採用了沉靜放鬆的 60bpm 慢速節奏，將原本滄桑的港都夜雨，轉化為一首撫平情緒、引導沉澱的心靈療癒曲。
⏳ 適用情境 ‧ 陪伴您的寧靜時光：
* 🌙 深夜助眠：沉靜優雅的旋律，陪伴您卸下整天的疲憊，安心入眠。 * 📖 工作與閱讀：無歌詞的沉浸式背景音樂，幫助專心思考與靈感湧現。 * 🧘 靜心與冥想：引導心靈沉澱，感受時光的律動與雨港的沉靜。 * ☕ 懷舊放鬆：搭配一杯熱茶，沉浸在 1950 年代老基隆港的浪漫雨夜中。","這是沒有提供歌詞的歌曲
留言（ 2 ） 最相關留言 所有留言
留言（ 2 ）",2026-08-16,,AI 生成 Folk,False,False,
2026-08-16 18:54:17,realtime,ai_generated,,,16,cmc168,自嗨 | 作曲雖然無人欣賞 音樂是我唯一的信仰 |,13,85,14,https://streetvoice.com/cmc168/songs/874831/,https://streetvoice.com/cmc168/,"https://akstatic.streetvoice.com/song_covers/cm/c1/cmc168/PHmbiUHoidY8wVwYxtUMn7.jpeg?x-oss-process=image/resize,m_fixed,h_1,w_1,limit_0/resize,m_fixed,h_630,w_1200,limit_0/watermark,image_c29uZ19jb3ZlcnMvY20vYzEvY21jMTY4L1BIbWJpVUhvaWRZOHdWd1l4dFVNbjcuanBlZz94LW9zcy1wcm9jZXNzPWltYWdlL3Jlc2l6ZSxtX2ZpeGVkLGhfMzQ0LHdfMzQ0LGxpbWl0XzA,g_nw,x_428,y_143/watermark,image_YXNzZXQvaW1hZ2VzL21ldGFpbWFnZS1zb25nLnBuZw,g_nw,x_0,y_0",images/874831.jpeg,@cmc168,音樂人,新北市,2026-04-01,,124,50,95,,,https://www.youtube.com/user/StreetVoiceTV,,,Pop,,,,"大多數的人都沒有時間，真正去聆聽別人的作品，所以結論是自己高興就好，無論如何，成就感真的很高，每一首歌都像自己的孩子一樣動人。 
大多數的人都沒有時間，真正去聆聽別人的作品，所以結論是自己高興就好，無論如何，成就感真的很高，每一首歌都像自己的孩子一樣動人。","[Verse] 夜深人靜獨自沉默 音符在指尖輕輕閃爍 音樂是心中唯一寄託 雖無人知曉也要執著 [Verse 2] 每個音符都是情感流動 心底深處的孤獨洶湧 苦澀的日子也能舞動 自嗨的旋律讓我不再空洞 [Chorus] 作曲自嗨雖然無人欣賞 音樂是我唯一的信仰 孤單走在無人的街上 旋律是我最真的力量 [間奏] [Verse 3] 鋼琴的聲音在耳邊回盪 每個音符都是我的遠方 即使沒有人會為我鼓掌 我也會一直前行不慌張 [Bridge] 如果有一天有人發現 曾經掠過的旋律溫暖 那也是心靈的安慰 至少我曾經用心愛過 [Chorus] 作曲自嗨雖然無人欣賞 音樂是我唯一的信仰 孤單走在無人的街上 旋律是我最真的力量 [outro] 旋律是我最真的力量 
[Verse] 夜深人靜獨自沉默 音符在指尖輕輕閃爍 音樂是心中唯一寄託 雖無人知曉也要執著
[Verse 2] 每個音符都是情感流動 心底深處的孤獨洶湧 苦澀的日子也能舞動 自嗨的旋律讓我不再空洞
[Chorus] 作曲自嗨雖然無人欣賞 音樂是我唯一的信仰 孤單走在無人的街上 旋律是我最真的力量
[間奏]
[Verse 3] 鋼琴的聲音在耳邊回盪 每個音符都是我的遠方 即使沒有人會為我鼓掌 我也會一直前行不慌張
[Bridge] 如果有一天有人發現 曾經掠過的旋律溫暖 那也是心靈的安慰 至少我曾經用心愛過
[Chorus] 作曲自嗨雖然無人欣賞 音樂是我唯一的信仰 孤單走在無人的街上 旋律是我最真的力量
[outro] 旋律是我最真的力量
留言（ 14 ） 最相關留言 所有留言
留言（ 14 ）",2026-08-15,,AI 生成 Pop,False,False,
2026-08-16 18:54:17,realtime,ai_generated,,,17,hinxlinx,《愛執著》｜原創鋼琴樂曲,4,8,0,https://streetvoice.com/hinxlinx/songs/874933/,https://streetvoice.com/hinxlinx/,"https://akstatic.streetvoice.com/song_covers/hi/nx/hinxlinx/ZDw5xVaUULaYBSzDnx7U4D.jpeg?x-oss-process=image/resize,m_fixed,h_1,w_1,limit_0/resize,m_fixed,h_630,w_1200,limit_0/watermark,image_c29uZ19jb3ZlcnMvaGkvbngvaGlueGxpbngvWkR3NXhWYVVVTGFZQlN6RG54N1U0RC5qcGVnP3gtb3NzLXByb2Nlc3M9aW1hZ2UvcmVzaXplLG1fZml4ZWQsaF8zNDQsd18zNDQsbGltaXRfMA,g_nw,x_428,y_143/watermark,image_YXNzZXQvaW1hZ2VzL21ldGFpbWFnZS1zb25nLnBuZw,g_nw,x_0,y_0",images/874933.jpeg,@hinxlinx,音樂人,,,,34,6,11,,,https://www.youtube.com/user/StreetVoiceTV,,,Soundtrack / New age,樂曲集,https://streetvoice.com/hinxlinx/songs/album/97325859/,,"曲: hinxlinx 軒林 (1993)，原錄音(2026) 風格: Cinematic, Classical 曲原創，無人工智能輔助。 音樂由Suno AI照本人錄音生成。 《愛執著》(City Pop)｜原創中文歌曲: https://streetvoice.com/hinxlinx/songs/874932/ 《愛執著》(異色)｜原創中文歌曲: https://streetvoice.com/hinxlinx/songs/872924/ 
曲: hinxlinx 軒林 (1993)，原錄音(2026) 風格: Cinematic, Classical 曲原創，無人工智能輔助。 音樂由Suno AI照本人錄音生成。
《愛執著》(City Pop)｜原創中文歌曲: https://streetvoice.com/hinxlinx/songs/874932/
https://streetvoice.com/hinxlinx/songs/874932/
《愛執著》(異色)｜原創中文歌曲: https://streetvoice.com/hinxlinx/songs/872924/
https://streetvoice.com/hinxlinx/songs/872924/","此曲為在港中學時代所作， 曾請兩名同學合作，在校禮堂公開男女對唱，效果不佳。 今年重新填詞後讓Suno AI嘗試多次皆失敗， 最終以Bolero Mambo及City Pop風格演繹才取得像樣作品。 後嘗試以此曲製作了《諜海》。 
此曲為在港中學時代所作， 曾請兩名同學合作，在校禮堂公開男女對唱，效果不佳。 今年重新填詞後讓Suno AI嘗試多次皆失敗， 最終以Bolero Mambo及City Pop風格演繹才取得像樣作品。 後嘗試以此曲製作了《諜海》。
留言（ 0 ） 最相關留言 所有留言
留言（ 0 ）",2026-08-16,,AI 生成 Soundtrack / New age ・ 樂曲集,False,False,
2026-08-16 18:54:17,realtime,ai_generated,,,18,橋體（Pontic),無人之境,5,6,2,https://streetvoice.com/meng_chaio_hiesh/songs/874900/,https://streetvoice.com/meng_chaio_hiesh/,"https://akstatic.streetvoice.com/song_covers/me/ng/meng_chaio_hiesh/LYJo6bMd5LiSrn76mGMZYe.jpeg?x-oss-process=image/resize,m_fixed,h_1,w_1,limit_0/resize,m_fixed,h_630,w_1200,limit_0/watermark,image_c29uZ19jb3ZlcnMvbWUvbmcvbWVuZ19jaGFpb19oaWVzaC9MWUpvNmJNZDVMaVNybjc2bUdNWlllLmpwZWc_eC1vc3MtcHJvY2Vzcz1pbWFnZS9yZXNpemUsbV9maXhlZCxoXzM0NCx3XzM0NCxsaW1pdF8w,g_nw,x_428,y_143/watermark,image_YXNzZXQvaW1hZ2VzL21ldGFpbWFnZS1zb25nLnBuZw,g_nw,x_0,y_0",images/874900.jpeg,@meng_chaio_hiesh,音樂人,台中市,2022-02-01,,56,21,35,,,https://www.youtube.com/user/StreetVoiceTV,,,Pop,,,,,"# 《無人之境》 [Verse 1] 凌晨三點　城市未瞓 玻璃窗邊　映住邊個 你冇講　嗰一句再會 我冇問　究竟為乜嘢 房間太靜　連呼吸都變得明顯 你個名字　停喺我嘴邊 我熄咗盞燈　卻熄唔到昨天 有啲感覺　越想忘記越清晰一點 電話好靜　冇再有新留言 我哋之間　仲剩幾多從前 我望住時間　一格一格向前 個人卻仲停喺　你離開嗰天 [Chorus] 無人之境　冇咗你 冇聲音　亦冇回應 我將名字　留喺唇邊 卻冇再叫你 無人之境　得返我 行過我哋　行過嘅夢 如果愛情　只到呢度 我又何必　等你 [Verse 2] 天快光喇　街上開始有人 我仲坐喺度　冇開盞燈 窗外車聲　慢慢變得陌生 好似我哋　從未發生 你講過嘅話　偶爾仲會浮現 似一段歌　重播喺耳邊 我冇刪走　嗰啲相片 只係好耐　冇再望一眼 有啲事情　唔使再搵答案 有啲關係　行到最後自然 我以為時間　會替我習慣 原來只係　學識唔再習慣 [Chorus] 無人之境　冇咗你 冇聲音　亦冇回應 我將名字　留喺唇邊 卻冇再叫你 無人之境　得返我 行過我哋　行過嘅夢 如果愛情　只到呢度 我又何必　等你 [Bridge] 如果聽日　仲會遇見 你仲會唔會　認得我張臉 如果記憶　真係可以刪掉 我哋係咪　就唔使懷念 亦都愛過　就係咁樣 嚟嘅時候　冇任何預兆 走嘅時候　亦冇一點聲響 淨係得一個人　慢慢明白 [Final Chorus] 無人之境　冇咗你 冇咗昨日　冇咗原因 我將自己　留喺夜裡 慢慢學識　忘記 無人之境　得返我 冇有答案　亦冇盡頭 如果愛情　終會遠去 就由佢　遠去 [Outro] 凌晨三點 城市未瞓 而我已經 唔再等誰 
# 《無人之境》
[Verse 1]
凌晨三點　城市未瞓 玻璃窗邊　映住邊個 你冇講　嗰一句再會 我冇問　究竟為乜嘢
房間太靜　連呼吸都變得明顯 你個名字　停喺我嘴邊 我熄咗盞燈　卻熄唔到昨天 有啲感覺　越想忘記越清晰一點
電話好靜　冇再有新留言 我哋之間　仲剩幾多從前 我望住時間　一格一格向前 個人卻仲停喺　你離開嗰天
[Chorus]
無人之境　冇咗你 冇聲音　亦冇回應 我將名字　留喺唇邊 卻冇再叫你
無人之境　得返我 行過我哋　行過嘅夢 如果愛情　只到呢度 我又何必　等你
[Verse 2]
天快光喇　街上開始有人 我仲坐喺度　冇開盞燈 窗外車聲　慢慢變得陌生 好似我哋　從未發生
你講過嘅話　偶爾仲會浮現 似一段歌　重播喺耳邊 我冇刪走　嗰啲相片 只係好耐　冇再望一眼
有啲事情　唔使再搵答案 有啲關係　行到最後自然 我以為時間　會替我習慣 原來只係　學識唔再習慣
[Chorus]
無人之境　冇咗你 冇聲音　亦冇回應 我將名字　留喺唇邊 卻冇再叫你
無人之境　得返我 行過我哋　行過嘅夢 如果愛情　只到呢度 我又何必　等你
[Bridge]
如果聽日　仲會遇見 你仲會唔會　認得我張臉 如果記憶　真係可以刪掉 我哋係咪　就唔使懷念
亦都愛過　就係咁樣 嚟嘅時候　冇任何預兆 走嘅時候　亦冇一點聲響 淨係得一個人　慢慢明白
[Final Chorus]
無人之境　冇咗你 冇咗昨日　冇咗原因 我將自己　留喺夜裡 慢慢學識　忘記
無人之境　得返我 冇有答案　亦冇盡頭 如果愛情　終會遠去 就由佢　遠去
[Outro]
凌晨三點 城市未瞓 而我已經 唔再等誰
留言（ 2 ） 最相關留言 所有留言
留言（ 2 ）",2026-08-15,,AI 生成 Pop,False,False,
2026-08-16 18:54:17,realtime,ai_generated,,,19,Benny&amp;Cindy,鬼新娘 (古老傳說/國風),5,6,2,https://streetvoice.com/BAC3music532D84/songs/874887/,https://streetvoice.com/BAC3music532D84/,"https://akstatic.streetvoice.com/song_covers/BA/C3/BAC3music532D84/D2XkPCBoDYzM3cJ2hQ4FAG.jpeg?x-oss-process=image/resize,m_fixed,h_1,w_1,limit_0/resize,m_fixed,h_630,w_1200,limit_0/watermark,image_c29uZ19jb3ZlcnMvQkEvQzMvQkFDM211c2ljNTMyRDg0L0QyWGtQQ0JvRFl6TTNjSjJoUTRGQUcuanBlZz94LW9zcy1wcm9jZXNzPWltYWdlL3Jlc2l6ZSxtX2ZpeGVkLGhfMzQ0LHdfMzQ0LGxpbWl0XzA,g_nw,x_428,y_143/watermark,image_YXNzZXQvaW1hZ2VzL21ldGFpbWFnZS1zb25nLnBuZw,g_nw,x_0,y_0",images/874887.jpeg,@BAC3music532D84,音樂人,台灣,2026-08-01,,7,3,7,,,https://www.youtube.com/user/StreetVoiceTV,,,R&B / Soul,,,,"✍️ 作詞： Cindy 🤖 作曲/演唱：Suno AI 月光下 尋找違約的新郎 風吹過 永不熄滅的怨恨 只聞新人笑 不見舊人哭 無法一同共枕眠 那就一起赴黃泉 
✍️ 作詞： Cindy 🤖 作曲/演唱：Suno AI 月光下 尋找違約的新郎 風吹過 永不熄滅的怨恨 只聞新人笑 不見舊人哭 無法一同共枕眠 那就一起赴黃泉","[Verse 1] 銅鏡面前 點一盞微弱的燭光 纖纖玉手 梳理著墨黑的長髮 眉筆刷黑了 冰冷的眉尖 紅紙染紅了 蒼白的嘴唇 [Verse 2] 戴上了鳳冠 困鎖住前世的期盼 插上了步搖 搖晃著無聲的哀戚 穿上了霞披 遮掩住心碎的傷口 掀起了轎簾 坐進了那頂鬼花轎 [Pre-Chorus] 搖搖晃晃 穿過迷霧的荒野 永世走不到 傳說中的喜堂 搖搖晃晃 數著白骨的重量 永遠下不了 被詛咒的花轎 [Chorus] 鬼新娘啊—— 染血的霞披穿在身 一抹驚心動魄的紅 燒盡了青春 鬼新娘啊—— 紅色的雙眼看著誰 眼眸流不出來的淚 凝成了恨意 月光下 尋找她的新郎 風吹過 空盪盪的洞房 只聞新人笑 不見舊人哭 愛人把承諾 埋在了黃土 [Verse 3] 轎窗外面是 荒野裡不知名的霜 紙紮的轎夫 腳步木訥而僵硬 掀開紅蓋頭 花轎外是一片荒塚 當初的誓言 早已變成了謊言 [Pre-Chorus] 搖搖晃晃 繞不開命運的霧 永世走不到 執手白頭的喜堂 搖搖晃晃 聽著哀喜的樂聲 永遠下不了 束縛住她的花轎 [Verse 4] 她聽見 喜慶的鑼鼓在遠方敲響 那是他 為別人掀開蓋頭的模樣 交杯酒 這杯喝下的是誰的斷腸 她的恨 化作成黑夜中無盡的霜 [Chorus] 鬼新娘啊—— 染血的霞披穿在身 這浸透怨恨的紅 燃燒著靈魂 鬼新娘啊—— 紅色的雙眼看著誰 等待那負心的人 被黑夜撕碎 月光下 尋找違約的新郎 風吹過 永不熄滅的怨恨 只聞新人笑 不見舊人哭 無法一同共枕眠 那就一起赴黃泉 
[Verse 1] 銅鏡面前 點一盞微弱的燭光 纖纖玉手 梳理著墨黑的長髮 眉筆刷黑了 冰冷的眉尖 紅紙染紅了 蒼白的嘴唇 [Verse 2] 戴上了鳳冠 困鎖住前世的期盼 插上了步搖 搖晃著無聲的哀戚 穿上了霞披 遮掩住心碎的傷口 掀起了轎簾 坐進了那頂鬼花轎 [Pre-Chorus] 搖搖晃晃 穿過迷霧的荒野 永世走不到 傳說中的喜堂 搖搖晃晃 數著白骨的重量 永遠下不了 被詛咒的花轎 [Chorus] 鬼新娘啊—— 染血的霞披穿在身 一抹驚心動魄的紅 燒盡了青春 鬼新娘啊—— 紅色的雙眼看著誰 眼眸流不出來的淚 凝成了恨意 月光下 尋找她的新郎 風吹過 空盪盪的洞房 只聞新人笑 不見舊人哭 愛人把承諾 埋在了黃土 [Verse 3] 轎窗外面是 荒野裡不知名的霜 紙紮的轎夫 腳步木訥而僵硬 掀開紅蓋頭 花轎外是一片荒塚 當初的誓言 早已變成了謊言 [Pre-Chorus] 搖搖晃晃 繞不開命運的霧 永世走不到 執手白頭的喜堂 搖搖晃晃 聽著哀喜的樂聲 永遠下不了 束縛住她的花轎 [Verse 4] 她聽見 喜慶的鑼鼓在遠方敲響 那是他 為別人掀開蓋頭的模樣 交杯酒 這杯喝下的是誰的斷腸 她的恨 化作成黑夜中無盡的霜 [Chorus] 鬼新娘啊—— 染血的霞披穿在身 這浸透怨恨的紅 燃燒著靈魂 鬼新娘啊—— 紅色的雙眼看著誰 等待那負心的人 被黑夜撕碎 月光下 尋找違約的新郎 風吹過 永不熄滅的怨恨 只聞新人笑 不見舊人哭 無法一同共枕眠 那就一起赴黃泉
留言（ 2 ） 最相關留言 所有留言
留言（ 2 ）",2026-08-15,,AI 生成 R&B / Soul,False,False,
2026-08-16 18:54:17,realtime,ai_generated,,,20,橋體（Pontic),悲情城市,5,7,2,https://streetvoice.com/meng_chaio_hiesh/songs/874898/,https://streetvoice.com/meng_chaio_hiesh/,"https://akstatic.streetvoice.com/song_covers/me/ng/meng_chaio_hiesh/XcqMHdYZUKSGK2nYxXHyjg.jpeg?x-oss-process=image/resize,m_fixed,h_1,w_1,limit_0/resize,m_fixed,h_630,w_1200,limit_0/watermark,image_c29uZ19jb3ZlcnMvbWUvbmcvbWVuZ19jaGFpb19oaWVzaC9YY3FNSGRZWlVLU0dLMm5ZeFhIeWpnLmpwZWc_eC1vc3MtcHJvY2Vzcz1pbWFnZS9yZXNpemUsbV9maXhlZCxoXzM0NCx3XzM0NCxsaW1pdF8w,g_nw,x_428,y_143/watermark,image_YXNzZXQvaW1hZ2VzL21ldGFpbWFnZS1zb25nLnBuZw,g_nw,x_0,y_0",images/874898.jpeg,@meng_chaio_hiesh,音樂人,台中市,2022-02-01,,56,21,35,,,https://www.youtube.com/user/StreetVoiceTV,,,Pop,,,,,"[Verse 1] 彼當時　暗暝落雨 紅燈籠　掛佇酒家門跤 姑娘笑　斟酒斟予滿 兄弟一桌　飲甲天欲光 あにき坐　內底彼張桌 一支菸　燒甲煙屎落 有人講錢　有人講情 有人問起　彼个無轉來的人 [Hook] 悲情的城啊 悲情的人啊 一杯一杯　飲甲天欲光 兄弟的情啊 姑娘的命啊 攏沉落　彼杯酒內底 悲情的城啊 風一直吹啊 彼當時　袂閣轉來矣 酒若飲乾啊 燈若熄去 剩阮一人　坐佇彼位 [Verse 2] 有時陣　有人來討錢 有時陣　有人來討情 あにき一句　「慢慢仔講」 滿桌兄弟　攏無人出聲 姑娘講　「今仔日真冷」 嘴角猶原　帶著彼个笑 一桌散去　一桌閣來 無人知　明仔載欲去佗位 [Hook] 悲情的城啊 悲情的人啊 一杯一杯　飲甲天欲光 兄弟的情啊 姑娘的命啊 攏沉落　彼杯酒內底 悲情的城啊 風一直吹啊 彼當時　袂閣轉來矣 酒若飲乾啊 燈若熄去 剩阮一人　坐佇彼位 [Bridge] 幾若冬後　阮閣行轉來 彼間酒家　猶原佇遐 紅燈猶原　照彼條街 只是桌頂　無彼寡人 あにき啊—— 你是去佗位啊—— 彼句兄弟　猶原佇耳邊 若這杯酒　閣斟一擺 阮敢講—— 你會坐轉來啊—— [Final Hook] 悲情的城啊—— 悲情的人啊—— 一杯一杯　飲甲心袂疼 兄弟的情啊—— 姑娘的命啊—— 攏留佇　彼條舊街 悲情的城啊—— 風一直吹啊—— 彼當時　袂閣轉來矣 酒若飲乾啊—— 燈嘛熄去—— 人若散了…… 城嘛閣無人 
[Verse 1]
彼當時　暗暝落雨 紅燈籠　掛佇酒家門跤 姑娘笑　斟酒斟予滿 兄弟一桌　飲甲天欲光
あにき坐　內底彼張桌 一支菸　燒甲煙屎落 有人講錢　有人講情 有人問起　彼个無轉來的人
[Hook]
悲情的城啊 悲情的人啊 一杯一杯　飲甲天欲光
兄弟的情啊 姑娘的命啊 攏沉落　彼杯酒內底
悲情的城啊 風一直吹啊 彼當時　袂閣轉來矣
酒若飲乾啊 燈若熄去 剩阮一人　坐佇彼位
[Verse 2]
有時陣　有人來討錢 有時陣　有人來討情 あにき一句　「慢慢仔講」 滿桌兄弟　攏無人出聲
姑娘講　「今仔日真冷」 嘴角猶原　帶著彼个笑 一桌散去　一桌閣來 無人知　明仔載欲去佗位
[Hook]
悲情的城啊 悲情的人啊 一杯一杯　飲甲天欲光
兄弟的情啊 姑娘的命啊 攏沉落　彼杯酒內底
悲情的城啊 風一直吹啊 彼當時　袂閣轉來矣
酒若飲乾啊 燈若熄去 剩阮一人　坐佇彼位
[Bridge]
幾若冬後　阮閣行轉來 彼間酒家　猶原佇遐 紅燈猶原　照彼條街 只是桌頂　無彼寡人
あにき啊—— 你是去佗位啊—— 彼句兄弟　猶原佇耳邊
若這杯酒　閣斟一擺 阮敢講—— 你會坐轉來啊——
[Final Hook]
悲情的城啊—— 悲情的人啊—— 一杯一杯　飲甲心袂疼
兄弟的情啊—— 姑娘的命啊—— 攏留佇　彼條舊街
悲情的城啊—— 風一直吹啊—— 彼當時　袂閣轉來矣
酒若飲乾啊—— 燈嘛熄去—— 人若散了…… 城嘛閣無人
留言（ 2 ） 最相關留言 所有留言
留言（ 2 ）",2026-08-15,,AI 生成 Pop,False,False,
2026-08-16 18:54:17,realtime,ai_generated,,,21,medgyver,淋過的夏雨,5,6,2,https://streetvoice.com/medgyver/songs/874972/,https://streetvoice.com/medgyver/,"https://akstatic.streetvoice.com/song_covers/me/dg/medgyver/FzYYvqNj5ao8LJoubKJYc6.jpeg?x-oss-process=image/resize,m_fixed,h_1,w_1,limit_0/resize,m_fixed,h_630,w_1200,limit_0/watermark,image_c29uZ19jb3ZlcnMvbWUvZGcvbWVkZ3l2ZXIvRnpZWXZxTmo1YW84TEpvdWJLSlljNi5qcGVnP3gtb3NzLXByb2Nlc3M9aW1hZ2UvcmVzaXplLG1fZml4ZWQsaF8zNDQsd18zNDQsbGltaXRfMA,g_nw,x_428,y_143/watermark,image_YXNzZXQvaW1hZ2VzL21ldGFpbWFnZS1zb25nLnBuZw,g_nw,x_0,y_0",images/874972.jpeg,@medgyver,音樂人,台灣,2025-12-01,,36,25,80,,,https://www.youtube.com/user/StreetVoiceTV,,,Folk,,,,"樂評：《淋過的夏雨》— 科技與溫度的完美對話 情感的夏日陣雨：錯過與釋懷 AI reviewer: #gemini 《淋過的夏雨》以一場無預警的夏雨作為核心隱喻，細膩地描繪了「錯過」的愛情。歌曲講述了那些來不及接住的感情、沒能說出口的挽留，以及雨停後獨自站在原地的悵然若失。從最初的猶豫不決（「就差一點，我就伸手」），到最終橋段的痛定思痛與放下（「去吧走吧放你走吧」），整首歌充滿了苦甜參半的懷舊感（bittersweet nostalgia），引發聽眾內心深處的共鳴。 聽覺空間的精緻雕琢 (Lo-fi Chamber Folk) 這首作品展現了創作者 K.Y. Chen 對於 AI 音樂生成工具（Suno v5.5）極高的掌控力與藝術直覺。由一段 57.8 秒的人聲哼唱起頭，發展成一首 92 BPM、帶有微搖擺十六分音符節奏（swung sixteenth groove）的室內民謠。 在編曲配置上，指彈古典吉他與斑鳩琴（clawhammer banjo）奠定了質樸的民謠基底，而大提琴三重奏與撥弦的加入，則賦予了作品如室內樂般的深邃層次。最令人驚豔的是尺八（shakuhachi）副旋律與拉奏顫音琴（bowed vibraphone）的跨界碰撞，在溫暖的磁帶飽和感（warm tape saturation）與室內麥克風的環境音收音下，成功營造出一個極具包覆感、彷彿能在老木屋裡聽見雨聲的私密立體聲場。 人聲克隆與參數的魔法 在人聲與情感表達上，創作者大膽啟用了人聲克隆，並精準調整了翻唱參數（Weirdness 64%, Style Influence 95%, Audio Influence 7%）。這樣的設定不僅保留了伴奏的復古與獨特性，更讓歌聲帶著一種微妙的疏離與真實感。配合不到五十字的精要提示語所生成的歌詞，人聲與筆刷打擊樂（brushed percussion）完美貼合，最終的 Remaster 更是將整體頻率修飾得溫潤動人。 過去沒有接住的愛 像夏天剛淋過的一陣雨 躲不過 濕透了 (詞曲：K.Y. Chen / Suno v5.5) 透過這些充滿巧思的製作步驟，《淋過的夏雨》不再只是一首由 AI 運算的單曲，而是一場充滿人性溫度與回憶的雨中漫步。 ** 歌名: 淋過的夏雨 ** ** 英文歌名: Lost Rainy Summer ** ** 創意生成: k.y. Chen (2026) ** ** 編曲, 演奏, 演唱: suno ver 5.5 (2026) ** ** 歌詞: suno v5.5 (2026) ** ** 歌詞編修: k.y. Chen ** ** 原音旋律收錄: k.y. Chen (2026) ** 
樂評：《淋過的夏雨》— 科技與溫度的完美對話 情感的夏日陣雨：錯過與釋懷 AI reviewer: #gemini
《淋過的夏雨》以一場無預警的夏雨作為核心隱喻，細膩地描繪了「錯過」的愛情。歌曲講述了那些來不及接住的感情、沒能說出口的挽留，以及雨停後獨自站在原地的悵然若失。從最初的猶豫不決（「就差一點，我就伸手」），到最終橋段的痛定思痛與放下（「去吧走吧放你走吧」），整首歌充滿了苦甜參半的懷舊感（bittersweet nostalgia），引發聽眾內心深處的共鳴。
聽覺空間的精緻雕琢 (Lo-fi Chamber Folk) 這首作品展現了創作者 K.Y. Chen 對於 AI 音樂生成工具（Suno v5.5）極高的掌控力與藝術直覺。由一段 57.8 秒的人聲哼唱起頭，發展成一首 92 BPM、帶有微搖擺十六分音符節奏（swung sixteenth groove）的室內民謠。
在編曲配置上，指彈古典吉他與斑鳩琴（clawhammer banjo）奠定了質樸的民謠基底，而大提琴三重奏與撥弦的加入，則賦予了作品如室內樂般的深邃層次。最令人驚豔的是尺八（shakuhachi）副旋律與拉奏顫音琴（bowed vibraphone）的跨界碰撞，在溫暖的磁帶飽和感（warm tape saturation）與室內麥克風的環境音收音下，成功營造出一個極具包覆感、彷彿能在老木屋裡聽見雨聲的私密立體聲場。
人聲克隆與參數的魔法 在人聲與情感表達上，創作者大膽啟用了人聲克隆，並精準調整了翻唱參數（Weirdness 64%, Style Influence 95%, Audio Influence 7%）。這樣的設定不僅保留了伴奏的復古與獨特性，更讓歌聲帶著一種微妙的疏離與真實感。配合不到五十字的精要提示語所生成的歌詞，人聲與筆刷打擊樂（brushed percussion）完美貼合，最終的 Remaster 更是將整體頻率修飾得溫潤動人。
過去沒有接住的愛 像夏天剛淋過的一陣雨 躲不過 濕透了 (詞曲：K.Y. Chen / Suno v5.5)
透過這些充滿巧思的製作步驟，《淋過的夏雨》不再只是一首由 AI 運算的單曲，而是一場充滿人性溫度與回憶的雨中漫步。
** 歌名: 淋過的夏雨 ** ** 英文歌名: Lost Rainy Summer ** ** 創意生成: k.y. Chen (2026) ** ** 編曲, 演奏, 演唱: suno ver 5.5 (2026) ** ** 歌詞: suno v5.5 (2026) ** ** 歌詞編修: k.y. Chen ** ** 原音旋律收錄: k.y. Chen (2026) **","動態歌詞
過去沒有接住的愛 漏過指縫，墜入心海 我站在你走過的門外 還替那句再見發呆 就差一點 我就伸手 就差一點 你沒回頭 過去沒有接住的愛 像夏天剛淋過的一陣雨 躲不過 濕透了 然後，雨停了 愛也遠走 過去沒有接住的愛 只剩我還在等候 一步步踩過水痕 你影子越走越模糊 我把沒說出口的話 一遍遍濕了淚襟 就差一點 我能抱緊 就差一點 你轉身飄走了 過去沒有接住的愛 像夏天剛淋過的一陣雨 躲不過 濕透了 然後，雨停了 愛也遠走 過去沒有接住的愛 只剩我還在等候 如果重來一次 我會不會更勇敢 只可惜那時的我 站在那原地顫抖 過去沒有接住的愛 像夏天剛淋過的一陣雨 躲不過 濕透了 然後，雨停了 愛也遠走 過去沒有接住的愛 去吧走吧放你走吧 
過去沒有接住的愛 漏過指縫，墜入心海 我站在你走過的門外 還替那句再見發呆 就差一點 我就伸手 就差一點 你沒回頭
過去沒有接住的愛 像夏天剛淋過的一陣雨 躲不過 濕透了 然後，雨停了 愛也遠走 過去沒有接住的愛 只剩我還在等候
一步步踩過水痕 你影子越走越模糊 我把沒說出口的話 一遍遍濕了淚襟 就差一點 我能抱緊 就差一點 你轉身飄走了
過去沒有接住的愛 像夏天剛淋過的一陣雨 躲不過 濕透了 然後，雨停了 愛也遠走 過去沒有接住的愛 只剩我還在等候
如果重來一次 我會不會更勇敢 只可惜那時的我 站在那原地顫抖
過去沒有接住的愛 像夏天剛淋過的一陣雨 躲不過 濕透了 然後，雨停了 愛也遠走 過去沒有接住的愛 去吧走吧放你走吧
留言（ 2 ） 最相關留言 所有留言
留言（ 2 ）",2026-08-16,,AI 生成 Folk,False,False,
2026-08-16 18:54:17,realtime,ai_generated,,,22,hinxlinx,《愛執著》(City Pop)｜原創中文歌曲,4,8,1,https://streetvoice.com/hinxlinx/songs/874932/,https://streetvoice.com/hinxlinx/,"https://akstatic.streetvoice.com/song_covers/hi/nx/hinxlinx/hvk6qjE24sJpPaGWCP9D7Q.jpeg?x-oss-process=image/resize,m_fixed,h_1,w_1,limit_0/resize,m_fixed,h_630,w_1200,limit_0/watermark,image_c29uZ19jb3ZlcnMvaGkvbngvaGlueGxpbngvaHZrNnFqRTI0c0pwUGFHV0NQOUQ3US5qcGVnP3gtb3NzLXByb2Nlc3M9aW1hZ2UvcmVzaXplLG1fZml4ZWQsaF8zNDQsd18zNDQsbGltaXRfMA,g_nw,x_428,y_143/watermark,image_YXNzZXQvaW1hZ2VzL21ldGFpbWFnZS1zb25nLnBuZw,g_nw,x_0,y_0",images/874932.jpeg,@hinxlinx,音樂人,,,,34,6,11,,,https://www.youtube.com/user/StreetVoiceTV,,,Pop,世間情,https://streetvoice.com/hinxlinx/songs/album/97325854/,,"曲: hinxlinx (1993) / 詞: 軒林 (2026) 風格: Bolero, Mambo 風格: City Pop, Synth-pop, Funk 曲詞原創，無人工智能輔助。 音樂由Suno AI照本人錄音生成。 《愛執著》｜原創鋼琴樂曲: https://streetvoice.com/hinxlinx/songs/874933/ 《諜海》｜原創中文歌曲: https://streetvoice.com/hinxlinx/songs/874866/ 
曲: hinxlinx (1993) / 詞: 軒林 (2026) 風格: Bolero, Mambo 風格: City Pop, Synth-pop, Funk 曲詞原創，無人工智能輔助。 音樂由Suno AI照本人錄音生成。
《愛執著》｜原創鋼琴樂曲: https://streetvoice.com/hinxlinx/songs/874933/
https://streetvoice.com/hinxlinx/songs/874933/
《諜海》｜原創中文歌曲: https://streetvoice.com/hinxlinx/songs/874866/
https://streetvoice.com/hinxlinx/songs/874866/","[Verse 1] 愛 是一抹濃烈的色彩 點上心頭化開 滴入心海 玄思來 [Verse 2] 情無耐 如沙漠一縷泉脈 沒有愛如潮水承載 一切黯淡沒色彩 [Chorus 1] 情執著 堆疊深情債 愛如海 淹沒了高台 放縱自己在思緒外 不願再次放開 [Chorus 2] 情太深 要如何放懷 愛無猜 徒勞執念改 只有心頭萬分千百 真愛 [Bridge 01] 怕傷害 無怨無悔不欠不怪 不明白 用情用心多障礙 愛傷痛 美好歲月流失太快 [Outro] 曲歇 什麼叫做真愛 錯過人生多無耐 不信命運多乖 情真意切無悔不感慨 一生 匆匆走過 白頭難求 珍惜幸福留 不願相見恨晚 無限悔恨 執著不放手 
[Verse 1] 愛 是一抹濃烈的色彩 點上心頭化開 滴入心海 玄思來
[Verse 2] 情無耐 如沙漠一縷泉脈 沒有愛如潮水承載 一切黯淡沒色彩
[Chorus 1] 情執著 堆疊深情債 愛如海 淹沒了高台 放縱自己在思緒外 不願再次放開
[Chorus 2] 情太深 要如何放懷 愛無猜 徒勞執念改 只有心頭萬分千百 真愛
[Bridge 01] 怕傷害 無怨無悔不欠不怪 不明白 用情用心多障礙
愛傷痛 美好歲月流失太快
[Outro] 曲歇 什麼叫做真愛 錯過人生多無耐
不信命運多乖 情真意切無悔不感慨
一生 匆匆走過 白頭難求 珍惜幸福留
不願相見恨晚 無限悔恨 執著不放手
留言（ 1 ） 最相關留言 所有留言
留言（ 1 ）",2026-08-16,,AI 生成 Pop ・ 世間情,False,False,
2026-08-16 18:54:17,realtime,ai_generated,,,23,Junna Lin,《等雨停》|  Waiting for the rain to stop,15,85,11,https://streetvoice.com/Junna_Lin/songs/874270/,https://streetvoice.com/Junna_Lin/,"https://akstatic.streetvoice.com/song_covers/Ju/nn/Junna_Lin/DHy7JTpPhFY99GLQRgqS9n.jpeg?x-oss-process=image/resize,m_fixed,h_1,w_1,limit_0/resize,m_fixed,h_630,w_1200,limit_0/watermark,image_c29uZ19jb3ZlcnMvSnUvbm4vSnVubmFfTGluL0RIeTdKVHBQaEZZOTlHTFFSZ3FTOW4uanBlZz94LW9zcy1wcm9jZXNzPWltYWdlL3Jlc2l6ZSxtX2ZpeGVkLGhfMzQ0LHdfMzQ0LGxpbWl0XzA,g_nw,x_428,y_143/watermark,image_YXNzZXQvaW1hZ2VzL21ldGFpbWFnZS1zb25nLnBuZw,g_nw,x_0,y_0",images/874270.jpeg,@Junna_Lin,音樂人,,,,112,58,102,,,https://www.youtube.com/user/StreetVoiceTV,,,R&B / Soul,Junna Lin | 個人EP,https://streetvoice.com/Junna_Lin/songs/album/97325293/,,"《等雨停》寫的是一場已經結束，卻遲遲沒有真正放下的離別。 雨還在下，門沒有鎖，那杯茶也早已冷了。 曾經以為只要時間夠久，那些沒有說完的話、沒有得到的答案，都會慢慢消失。可真正再次想起時才發現，有些人不是忘不掉，而是曾經留下的那一段回憶，始終沒有真正離開。 「你若要走，就別回頭。」 不是不想挽留，而是知道有些離開，再多一句話也改變不了結局。 從等待、想念，到最後決定不再等，《等雨停》把一段感情裡最安靜的遺憾留下來。也許雨總有一天會停，而真正需要學會的，是在雨停以前，先讓自己繼續往前走。 雨還在落，門還沒鎖。 只是這一次，我不等了。 👍 留下你的感覺或故事，我會看！ 👍 喜歡請按讚分享支持 【社群連結】 🎧 聽我的音樂： Spotify ▶ https://open.spotify.com/artist/1OFRgx5K1gftd7jvLV1EsS YouTube Music ▶ https://music.youtube.com/channel/UCnpKLh9e73Mb7N2NPDnMzrQ ▶️ 訂閱我的頻道： YouTube ▶ https://www.youtube.com/@JunnaLinMusic YouTube ▶ https://www.youtube.com/@JunnanLinMusic 📌 版權聲明 / Copyright Notice 本作品之歌詞、歌曲概念、旋律方向與影像設計由 Junna Lin 原創製作。 音樂成品使用 AI 音樂工具生成，並由本人整理與發布。 Lyrics, concept, melody direction, and visual design are originally created by Junna Lin. The final music was generated using AI music tools and published by Junna Lin. 請勿未經授權使用、重製或重新上傳。 Unauthorized use, reproduction, or re-upload is prohibited. © Junna Lin. All Rights Reserved. 🎤 演唱:AI ✍️ 詞:Junna Lin 🎼 曲:Junna Lin 🎧 建議在深夜或戴上耳機聆聽，感受每一層情緒 
《等雨停》寫的是一場已經結束，卻遲遲沒有真正放下的離別。
雨還在下，門沒有鎖，那杯茶也早已冷了。 曾經以為只要時間夠久，那些沒有說完的話、沒有得到的答案，都會慢慢消失。可真正再次想起時才發現，有些人不是忘不掉，而是曾經留下的那一段回憶，始終沒有真正離開。
「你若要走，就別回頭。」 不是不想挽留，而是知道有些離開，再多一句話也改變不了結局。
從等待、想念，到最後決定不再等，《等雨停》把一段感情裡最安靜的遺憾留下來。也許雨總有一天會停，而真正需要學會的，是在雨停以前，先讓自己繼續往前走。
雨還在落，門還沒鎖。 只是這一次，我不等了。
👍 留下你的感覺或故事，我會看！ 👍 喜歡請按讚分享支持
【社群連結】 🎧 聽我的音樂： Spotify ▶ https://open.spotify.com/artist/1OFRgx5K1gftd7jvLV1EsS YouTube Music ▶ https://music.youtube.com/channel/UCnpKLh9e73Mb7N2NPDnMzrQ
https://open.spotify.com/artist/1OFRgx5K1gftd7jvLV1EsS
https://music.youtube.com/channel/UCnpKLh9e73Mb7N2NPDnMzrQ
▶️ 訂閱我的頻道： YouTube ▶ https://www.youtube.com/@JunnaLinMusic YouTube ▶ https://www.youtube.com/@JunnanLinMusic
https://www.youtube.com/@JunnaLinMusic
https://www.youtube.com/@JunnanLinMusic
📌 版權聲明 / Copyright Notice
本作品之歌詞、歌曲概念、旋律方向與影像設計由 Junna Lin 原創製作。 音樂成品使用 AI 音樂工具生成，並由本人整理與發布。
Lyrics, concept, melody direction, and visual design are originally created by Junna Lin. The final music was generated using AI music tools and published by Junna Lin.
請勿未經授權使用、重製或重新上傳。 Unauthorized use, reproduction, or re-upload is prohibited.
© Junna Lin. All Rights Reserved.
🎤 演唱:AI ✍️ 詞:Junna Lin 🎼 曲:Junna Lin
🎧 建議在深夜或戴上耳機聆聽，感受每一層情緒","門外雨還沒停 你把傘留在院裡 桌上那杯茶冷了 我們都沒有再提 你說只是遠行 不用送到城門外 可你轉身那一刻 我才知道留不下來 紙窗被風吹開 那封信落下來 我沒有撿 有些話到了最後 反而不必再猜 你若要走 就別回頭 別讓我又找到理由 那年沒說完的以後 我一個人走了很久 你若回來 也別開口 有些答案不必追究 我只怕再看你一眼 那些忘掉的 又重新有了理由 後來換了幾季　院裡換了風景 有人提起你名字　我只當作沒聽清 窗外又落細雨　滴答敲著回憶 說早就忘了你　怎麼每句都像在騙自己 我沒再問歸期　也沒再翻舊信 那些沒講完的話　早就沉進夜裡 你走得太乾淨　我留得太安靜 以為時間會沖淡　偏偏越淡越清晰 誰欠誰一句話　到最後都沒回答 那一夜你走以後　我也沒再掙扎 不問真假　不問代價 只是偶爾想起你 心裡還是會停一下 你若要走 就別回頭 別讓我又找到理由 那年沒說完的以後 我一個人走了很久 你若回來 也別開口 有些答案不必追究 我只怕再看你一眼 那些忘掉的 又重新有了理由 若當初早知道 相逢也會走散 是不是那一杯茶 就不該替你斟滿 可惜故事寫到這裡 誰都不能重來 我能忘掉你的名字 卻忘不了那場雨落下來 你若要走 就別回頭 我不再替離別找理由 那年沒說完的以後 如今也不必再強求 你若回來 也別開口 讓往事停在那個深秋 我只怕再看你一眼 那些放下的 又重新變成等候 雨還在落 門還沒鎖 只是這一次 我不等了 
門外雨還沒停 你把傘留在院裡 桌上那杯茶冷了 我們都沒有再提 你說只是遠行 不用送到城門外 可你轉身那一刻 我才知道留不下來 紙窗被風吹開 那封信落下來 我沒有撿 有些話到了最後 反而不必再猜
你若要走 就別回頭 別讓我又找到理由 那年沒說完的以後 我一個人走了很久 你若回來 也別開口 有些答案不必追究 我只怕再看你一眼 那些忘掉的 又重新有了理由
後來換了幾季　院裡換了風景 有人提起你名字　我只當作沒聽清 窗外又落細雨　滴答敲著回憶 說早就忘了你　怎麼每句都像在騙自己 我沒再問歸期　也沒再翻舊信 那些沒講完的話　早就沉進夜裡 你走得太乾淨　我留得太安靜 以為時間會沖淡　偏偏越淡越清晰 誰欠誰一句話　到最後都沒回答 那一夜你走以後　我也沒再掙扎 不問真假　不問代價 只是偶爾想起你 心裡還是會停一下
你若要走 就別回頭 別讓我又找到理由 那年沒說完的以後 我一個人走了很久 你若回來 也別開口 有些答案不必追究 我只怕再看你一眼 那些忘掉的 又重新有了理由
若當初早知道 相逢也會走散 是不是那一杯茶 就不該替你斟滿 可惜故事寫到這裡 誰都不能重來 我能忘掉你的名字 卻忘不了那場雨落下來
你若要走 就別回頭 我不再替離別找理由 那年沒說完的以後 如今也不必再強求 你若回來 也別開口 讓往事停在那個深秋 我只怕再看你一眼 那些放下的 又重新變成等候
雨還在落 門還沒鎖 只是這一次 我不等了
留言（ 11 ） 最相關留言 所有留言
留言（ 11 ）",2026-08-14,,AI 生成 R&B / Soul ・ Junna Lin | 個人EP,False,False,
2026-08-16 18:54:17,realtime,ai_generated,,,24,MoonX 慕斯,《桜の仙人》| Sakura Immortal,6,6,1,https://streetvoice.com/MoonX_0325/songs/874941/,https://streetvoice.com/MoonX_0325/,"https://akstatic.streetvoice.com/song_covers/Mo/on/MoonX_0325/ZvCGembV5m8Bkh9Qgqftyr.jpeg?x-oss-process=image/resize,m_fixed,h_1,w_1,limit_0/resize,m_fixed,h_630,w_1200,limit_0/watermark,image_c29uZ19jb3ZlcnMvTW8vb24vTW9vblhfMDMyNS9adkNHZW1iVjVtOEJraDlRZ3FmdHlyLmpwZWc_eC1vc3MtcHJvY2Vzcz1pbWFnZS9yZXNpemUsbV9maXhlZCxoXzM0NCx3XzM0NCxsaW1pdF8w,g_nw,x_428,y_143/watermark,image_YXNzZXQvaW1hZ2VzL21ldGFpbWFnZS1zb25nLnBuZw,g_nw,x_0,y_0",images/874941.jpeg,@MoonX_0325,音樂人,高雄市,2026-07-01,,17,28,171,,,https://www.youtube.com/user/StreetVoiceTV,,,Pop,《仙歌》Xian Ge,https://streetvoice.com/MoonX_0325/songs/album/97325873/,,"「千年の時を醸した酒と、袖を染め上げる紅の色彩——」 這是一首結合古風和樂器與現代流行搖滾的日系作品。以「櫻花與仙人」為意象，描述跨越千年、輪迴不滅的執念與守候。飄落的花瓣、微醺的酒意，在疾走感十足的旋律中，唱出既淒美又堅定的承諾。 本曲採用 AI 聲線克隆技術進行歌唱呈現，將古典和風的唯美歌詞，融入情感豐沛的現代動漫音樂風格中。 
「千年の時を醸した酒と、袖を染め上げる紅の色彩——」
這是一首結合古風和樂器與現代流行搖滾的日系作品。以「櫻花與仙人」為意象，描述跨越千年、輪迴不滅的執念與守候。飄落的花瓣、微醺的酒意，在疾走感十足的旋律中，唱出既淒美又堅定的承諾。
本曲採用 AI 聲線克隆技術進行歌唱呈現，將古典和風的唯美歌詞，融入情感豐沛的現代動漫音樂風格中。","春風（はるかぜ）がそっと 千年樹（せんねんじゅ）を撫（な）でて 舞（ま）い踊（お）どる花（はな）びら 空（そら）を包（つつ）み込（こ）む 羽衣（はごろも）を纏（まと）い 佇（たたず）む姿（すがた）は 微笑（ほほえ）みひとつで 時（とき）を止（と）めるの 浮世（うきよ）の痛（いた）みも すべて忘（わす）れて 指先（ゆびさき）から散（ち）る 愛（いと）しき花弁（はなびら） 言（い）い伝（つた）えに残（のこ）る 舞姫（まいひめ）の面影（おもかげ） 花雨（はなあめ）の中（なか）で 色（いろ）鮮（あざ）やかに… 千年間（せんねんかん）の時（とき）を 醸（かも）した酒（さけ）と 袖（そで）を染（そ）め上（あ）げる 朱（べに）の彩（いろ） 輪廻（りんね）を超（こ）えて あなたを探（さが）し求（もと）め 運命（うんめい）の一瞬（いっしゅん）を 抱（だ）きしめたい 桜（さくら）の仙人（せんにん）よ 千（せん）の塵（ちり）を舞（ま）い上（あ）がり 降（ふ）り注（そぞ）ぐ花雨（はなあめ）で 奏（かな）でる愛（あい）の笛（ふえ） ひらひらと舞（ま）う 美（うつく）しき姿（すがた）は この谷間（たにま）を 夢（ゆめ）の国（くに）に変（か）えていく 桜（さくら）の仙人（せんにん）よ 永遠（えいえん）の時（とき）を止（と）めて たとえこの花（はな）が 儚（はか）なく散（ち）ろうとも その優（やさ）しい笑顔（えがお）が 変（か）わらないのなら 誓（ちか）うよ 永遠（えいえん）にあなたを守（まも）ると… 咲（さ）く花（はな）には散（ち）る時（とき）があり 縁（えにし）には巡（めぐ）り合（あ）いがある もしこれが相（あ）い定（さだ）められた運命（うんめい）だとしても 歳（とし）の月日（つきひ）なんて 怖（こわ）くはない… ただ、あなたを失（うしな）うこと以外（いがい）は！ 桜（さくら）の仙人（せんにん）よ 千（せん）の塵（ちり）を舞（ま）い上（あ）がり 降（ふ）り注（そぞ）ぐ花雨（はなあめ）で 奏（かな）でる愛（あい）の笛（ふえ） ひらひらと舞（ま）う 美（うつく）しき姿（すがた）は この谷間（たにま）を 夢（ゆめ）の国（くに）に変（か）えていく 桜（さくら）の仙人（せんにん）よ 永遠（えいえん）の時（とき）を止（と）めて たとえこの花（はな）が 儚（はか）なく散（ち）ろうとも その優（やさ）しい笑顔（えがお）が 変（か）わらないのなら 誓（ちか）うよ 永遠（えいえん）にあなたを守（まも）ると… 花（はな）は散（ち）りゆく… まだそこにいますか？ 私（わたし）の… 桜（さくら）の仙人（せんにん） 
春風（はるかぜ）がそっと 千年樹（せんねんじゅ）を撫（な）でて 舞（ま）い踊（お）どる花（はな）びら 空（そら）を包（つつ）み込（こ）む 羽衣（はごろも）を纏（まと）い 佇（たたず）む姿（すがた）は 微笑（ほほえ）みひとつで 時（とき）を止（と）めるの 浮世（うきよ）の痛（いた）みも すべて忘（わす）れて 指先（ゆびさき）から散（ち）る 愛（いと）しき花弁（はなびら） 言（い）い伝（つた）えに残（のこ）る 舞姫（まいひめ）の面影（おもかげ） 花雨（はなあめ）の中（なか）で 色（いろ）鮮（あざ）やかに… 千年間（せんねんかん）の時（とき）を 醸（かも）した酒（さけ）と 袖（そで）を染（そ）め上（あ）げる 朱（べに）の彩（いろ） 輪廻（りんね）を超（こ）えて あなたを探（さが）し求（もと）め 運命（うんめい）の一瞬（いっしゅん）を 抱（だ）きしめたい 桜（さくら）の仙人（せんにん）よ 千（せん）の塵（ちり）を舞（ま）い上（あ）がり 降（ふ）り注（そぞ）ぐ花雨（はなあめ）で 奏（かな）でる愛（あい）の笛（ふえ） ひらひらと舞（ま）う 美（うつく）しき姿（すがた）は この谷間（たにま）を 夢（ゆめ）の国（くに）に変（か）えていく 桜（さくら）の仙人（せんにん）よ 永遠（えいえん）の時（とき）を止（と）めて たとえこの花（はな）が 儚（はか）なく散（ち）ろうとも その優（やさ）しい笑顔（えがお）が 変（か）わらないのなら 誓（ちか）うよ 永遠（えいえん）にあなたを守（まも）ると… 咲（さ）く花（はな）には散（ち）る時（とき）があり 縁（えにし）には巡（めぐ）り合（あ）いがある もしこれが相（あ）い定（さだ）められた運命（うんめい）だとしても 歳（とし）の月日（つきひ）なんて 怖（こわ）くはない… ただ、あなたを失（うしな）うこと以外（いがい）は！ 桜（さくら）の仙人（せんにん）よ 千（せん）の塵（ちり）を舞（ま）い上（あ）がり 降（ふ）り注（そぞ）ぐ花雨（はなあめ）で 奏（かな）でる愛（あい）の笛（ふえ） ひらひらと舞（ま）う 美（うつく）しき姿（すがた）は この谷間（たにま）を 夢（ゆめ）の国（くに）に変（か）えていく 桜（さくら）の仙人（せんにん）よ 永遠（えいえん）の時（とき）を止（と）めて たとえこの花（はな）が 儚（はか）なく散（ち）ろうとも その優（やさ）しい笑顔（えがお）が 変（か）わらないのなら 誓（ちか）うよ 永遠（えいえん）にあなたを守（まも）ると… 花（はな）は散（ち）りゆく… まだそこにいますか？ 私（わたし）の… 桜（さくら）の仙人（せんにん）
留言（ 1 ） 最相關留言 所有留言
留言（ 1 ）",2026-08-16,,AI 生成 Pop ・ 《仙歌》Xian Ge,False,False,
2026-08-16 18:54:17,realtime,ai_generated,,,25,橋體（Pontic),喜歡你,4,5,2,https://streetvoice.com/meng_chaio_hiesh/songs/874899/,https://streetvoice.com/meng_chaio_hiesh/,"https://akstatic.streetvoice.com/song_covers/me/ng/meng_chaio_hiesh/9xhHD76v6EtYH5RBMdfGWW.jpeg?x-oss-process=image/resize,m_fixed,h_1,w_1,limit_0/resize,m_fixed,h_630,w_1200,limit_0/watermark,image_c29uZ19jb3ZlcnMvbWUvbmcvbWVuZ19jaGFpb19oaWVzaC85eGhIRDc2djZFdFlINVJCTWRmR1dXLmpwZWc_eC1vc3MtcHJvY2Vzcz1pbWFnZS9yZXNpemUsbV9maXhlZCxoXzM0NCx3XzM0NCxsaW1pdF8w,g_nw,x_428,y_143/watermark,image_YXNzZXQvaW1hZ2VzL21ldGFpbWFnZS1zb25nLnBuZw,g_nw,x_0,y_0",images/874899.jpeg,@meng_chaio_hiesh,音樂人,台中市,2022-02-01,,56,21,35,,,https://www.youtube.com/user/StreetVoiceTV,,,R&B / Soul,,,,,"[Verse 1] 昨天晚上　又夢見你 醒來第一秒　腦袋全都是你 手機拿起　想打給你 打了幾個字　又全部刪乾淨 你總是故意　逗我生氣 嘴上說沒事　心裡卻一直想你 朋友問我　最近到底怎麼了 我說沒什麼　只是剛好遇見了你 走過街角　剛好下著雨 你把傘靠過來　我卻忘了呼吸 想說的話　排了好幾句 到了你面前　又突然全部忘記 你說今天　心情有一點差 我說沒關係　陪你走走就好啦 從便利商店　走到那個路口 聊著一些　沒什麼意義的話 [Chorus] 喜歡你　喜歡你 這句話我說給你聽 喜歡你　喜歡你 不是故意要騙自己 想見你　想見你 每天都想見到你 You you　Loving U 你到底懂不懂我的心 [Verse 2] 下課以後　陪你走走 你說今天的天空看起來很自由 我說那就　不要急著回家 反正今晚　時間還有很多 街上的燈　一盞一盞 你的笑容　比霓虹還要耀眼 你問我為什麼一直看你 我說因為　你今天真的很好看 不用電話　不用訊息 只要你在身邊就已經可以 你說最近　好像有點想戀愛 我裝作沒聽見　心裡卻偷偷期待 如果這算是　戀愛的開始 那我是不是　應該勇敢一次 不想再猜　也不想再等 想把藏很久的話　現在告訴你 [Final Chorus] 喜歡你　喜歡你 每一次見你都開心 喜歡你　喜歡你 連自己都無法否認 想靠近　想靠近 再靠近你一點點 You you　Loving U 這次換我走向你 喜歡你　喜歡你 現在終於說給你聽 不用再猜　不用再等 我想讓你知道我的心 想見你　想見你 不是一天兩天而已 You you　Loving U 你就是我想要的唯一 [Outro] 喜歡你　喜歡你 Loving U 喜歡你　喜歡你 只想和你在一起 
[Verse 1]
昨天晚上　又夢見你 醒來第一秒　腦袋全都是你 手機拿起　想打給你 打了幾個字　又全部刪乾淨
你總是故意　逗我生氣 嘴上說沒事　心裡卻一直想你 朋友問我　最近到底怎麼了 我說沒什麼　只是剛好遇見了你
走過街角　剛好下著雨 你把傘靠過來　我卻忘了呼吸 想說的話　排了好幾句 到了你面前　又突然全部忘記
你說今天　心情有一點差 我說沒關係　陪你走走就好啦 從便利商店　走到那個路口 聊著一些　沒什麼意義的話
[Chorus]
喜歡你　喜歡你 這句話我說給你聽 喜歡你　喜歡你 不是故意要騙自己
想見你　想見你 每天都想見到你 You you　Loving U 你到底懂不懂我的心
[Verse 2]
下課以後　陪你走走 你說今天的天空看起來很自由 我說那就　不要急著回家 反正今晚　時間還有很多
街上的燈　一盞一盞 你的笑容　比霓虹還要耀眼 你問我為什麼一直看你 我說因為　你今天真的很好看
不用電話　不用訊息 只要你在身邊就已經可以 你說最近　好像有點想戀愛 我裝作沒聽見　心裡卻偷偷期待
如果這算是　戀愛的開始 那我是不是　應該勇敢一次 不想再猜　也不想再等 想把藏很久的話　現在告訴你
[Final Chorus]
喜歡你　喜歡你 每一次見你都開心 喜歡你　喜歡你 連自己都無法否認
想靠近　想靠近 再靠近你一點點 You you　Loving U 這次換我走向你
喜歡你　喜歡你 現在終於說給你聽 不用再猜　不用再等 我想讓你知道我的心
想見你　想見你 不是一天兩天而已 You you　Loving U 你就是我想要的唯一
[Outro]
喜歡你　喜歡你 Loving U 喜歡你　喜歡你 只想和你在一起
留言（ 2 ） 最相關留言 所有留言
留言（ 2 ）",2026-08-15,,AI 生成 R&B / Soul,False,False,
2026-08-16 18:54:17,realtime,ai_generated,,,26,橋體（Pontic),某某,4,5,2,https://streetvoice.com/meng_chaio_hiesh/songs/874902/,https://streetvoice.com/meng_chaio_hiesh/,"https://akstatic.streetvoice.com/song_covers/me/ng/meng_chaio_hiesh/PyAXfyozJKGqKSmotdheMy.jpeg?x-oss-process=image/resize,m_fixed,h_1,w_1,limit_0/resize,m_fixed,h_630,w_1200,limit_0/watermark,image_c29uZ19jb3ZlcnMvbWUvbmcvbWVuZ19jaGFpb19oaWVzaC9QeUFYZnlvekpLR3FLU21vdGRoZU15LmpwZWc_eC1vc3MtcHJvY2Vzcz1pbWFnZS9yZXNpemUsbV9maXhlZCxoXzM0NCx3XzM0NCxsaW1pdF8w,g_nw,x_428,y_143/watermark,image_YXNzZXQvaW1hZ2VzL21ldGFpbWFnZS1zb25nLnBuZw,g_nw,x_0,y_0",images/874902.jpeg,@meng_chaio_hiesh,音樂人,台中市,2022-02-01,,56,21,35,,,https://www.youtube.com/user/StreetVoiceTV,,,Pop,,,,,"# 《某某》 [Verse 1] 你說　我們只是朋友 我笑　沒有追問理由 明明每一次回頭 你都還在我的左右 我也試過裝作灑脫 把你的名字說得輕柔 可惜越是不說出口 越像一場沒有結束的夢 [Chorus] 我只是　某某之輩 愛你愛得　有些狼狽 在人群裡　不進不退 像你忘記的　某某之間 我只是　某某之輩 沒有資格　問你後悔 你給過的　那些安慰 原來只是　習慣性的慈悲 [Verse 2] 後來　你真的有了誰 我也學會　笑著恭喜誰 偶爾聽見　你的消息 還是會沉默　好一會 朋友說　時間會解決 我說　大概只是還沒學會 怎麼把一個人刪去 卻留下　他全部的細節 [Final Chorus] 我們算　某某之間 差一點愛　差一點永遠 你說再見　說得自然 而我還困在　某某之後 我們算　某某之間 靠得很近　卻隔著一點 如果那天　我再勇敢 結局會不會　稍微改變 如今我　某某之後 你的故事　不再有我 曾經愛過　也算足夠 至少我曾經　認真愛過 如今我　某某之後 不再等你　偶爾回頭 如果有天　你想起我 請別問我　過得好不好 [Outro] 我們只是　某某之間 曾經愛過　你的某某之輩 如今只在　某某之後 安靜地走 
# 《某某》
[Verse 1]
你說　我們只是朋友 我笑　沒有追問理由 明明每一次回頭 你都還在我的左右
我也試過裝作灑脫 把你的名字說得輕柔 可惜越是不說出口 越像一場沒有結束的夢
[Chorus]
我只是　某某之輩 愛你愛得　有些狼狽 在人群裡　不進不退 像你忘記的　某某之間
我只是　某某之輩 沒有資格　問你後悔 你給過的　那些安慰 原來只是　習慣性的慈悲
[Verse 2]
後來　你真的有了誰 我也學會　笑著恭喜誰 偶爾聽見　你的消息 還是會沉默　好一會
朋友說　時間會解決 我說　大概只是還沒學會 怎麼把一個人刪去 卻留下　他全部的細節
[Final Chorus]
我們算　某某之間 差一點愛　差一點永遠 你說再見　說得自然 而我還困在　某某之後
我們算　某某之間 靠得很近　卻隔著一點 如果那天　我再勇敢 結局會不會　稍微改變
如今我　某某之後 你的故事　不再有我 曾經愛過　也算足夠 至少我曾經　認真愛過
如今我　某某之後 不再等你　偶爾回頭 如果有天　你想起我 請別問我　過得好不好
[Outro]
我們只是　某某之間 曾經愛過　你的某某之輩 如今只在　某某之後 安靜地走
留言（ 2 ） 最相關留言 所有留言
留言（ 2 ）",2026-08-15,,AI 生成 Pop,False,False,
2026-08-16 18:54:17,realtime,ai_generated,,,27,ᐜᐞᒻᐟᑊᐢᕐ ᐜᑊᐩᑋ ᐞᑊ,無花果樹下,17,54,4,https://streetvoice.com/walkingwithai/songs/874217/,https://streetvoice.com/walkingwithai/,"https://akstatic.streetvoice.com/song_covers/wa/lk/walkingwithai/ca6Xt6uHcUDs6TYKfUPfjU.jpeg?x-oss-process=image/resize,m_fixed,h_1,w_1,limit_0/resize,m_fixed,h_630,w_1200,limit_0/watermark,image_c29uZ19jb3ZlcnMvd2EvbGsvd2Fsa2luZ3dpdGhhaS9jYTZYdDZ1SGNVRHM2VFlLZlVQZmpVLmpwZWc_eC1vc3MtcHJvY2Vzcz1pbWFnZS9yZXNpemUsbV9maXhlZCxoXzM0NCx3XzM0NCxsaW1pdF8w,g_nw,x_428,y_143/watermark,image_YXNzZXQvaW1hZ2VzL21ldGFpbWFnZS1zb25nLnBuZw,g_nw,x_0,y_0",images/874217.jpeg,@walkingwithai,音樂人,,,,163,39,25,,,https://www.youtube.com/user/StreetVoiceTV,,,Folk,,,,"這是一首寫給戰火、失去與無盡等待的輓歌。在《無花果樹下》中，我借用了庫德族傳統的游吟說唱（Dengbêj）與原聲民謠（Kurdish acoustic folk）的形式，試圖講述一個關於故鄉被撕裂、至親永別的悲劇故事。 被鐵蹄踏碎的故鄉與邊界 歌曲的敘事建立在一個被戰爭無情切割的土地上。「鐵蹄聲踏過村口」，無情的戰火將曾經完整的家園，強行劃分在不同的邊界之外。母親的門檻依舊在那裡，但曾一起生活在這片土地上的哥哥，卻因為戰爭「走得太遠」，再也無法跨越那道殘酷的防線回家。 被大雪封堵的感官與創傷 這首歌最深沉的痛楚，在於那種深植骨髓的創傷。「可每次提起那片山坡，就像被雪堵住了。」這種堵塞，不僅僅是喉嚨發不出聲音的哽咽，而是在記憶湧上的那一瞬間，視覺、聽覺，乃至每一次的呼吸，都被冰冷的大雪死死掩埋、徹底剝奪。那是極度悲痛之下，感官全面停擺的窒息感。 無花果樹下的最終告解 在歌曲的前半段，敘事者像是一個執拗的等待者——在桌上擺著破杯子、聽著鳥鳴，對著群山與溪水絕望地呼喚（「山啊山啊，別把你藏起」）。然而，直到歌曲的最後一行，殘酷的真相才隨著音樂的嘆息被揭開：「無花果樹下，我在這裡埋了你」。 原來，所有的等待、自言自語與呼喚，都只是生者不願面對現實的囈語。哥哥早已死於戰火，而那棵曾經充滿溫馨回憶的無花果樹，其實就是親手埋葬他的孤墳。 在聲音的建構上，我運用了庫德族本身就是一個有著深厚歷史創傷、家園被邊界切割的民族，將這種帶有強烈文化底蘊的音樂形式，與「故鄉被分在不同的邊界」的歌詞主題相結合。Dengbêj 那種如泣如訴、極具歷史重量的吟唱風格，剝離了多餘的編曲，只留下最蒼涼的敘事。這是一首為所有在戰火中消逝的靈魂所立的無形墓碑。 請戴上耳機，讓我們一起在無花果樹下，為那些永遠無法回家的人靜默。 祈愿世界和平! #無花果樹下 #KurdishFolk #Dengbêj #原聲民謠 #反戰音樂 #世界音樂 #音樂說書人 #聲學敘事 
這是一首寫給戰火、失去與無盡等待的輓歌。在《無花果樹下》中，我借用了庫德族傳統的游吟說唱（Dengbêj）與原聲民謠（Kurdish acoustic folk）的形式，試圖講述一個關於故鄉被撕裂、至親永別的悲劇故事。
被鐵蹄踏碎的故鄉與邊界 歌曲的敘事建立在一個被戰爭無情切割的土地上。「鐵蹄聲踏過村口」，無情的戰火將曾經完整的家園，強行劃分在不同的邊界之外。母親的門檻依舊在那裡，但曾一起生活在這片土地上的哥哥，卻因為戰爭「走得太遠」，再也無法跨越那道殘酷的防線回家。
被大雪封堵的感官與創傷 這首歌最深沉的痛楚，在於那種深植骨髓的創傷。「可每次提起那片山坡，就像被雪堵住了。」這種堵塞，不僅僅是喉嚨發不出聲音的哽咽，而是在記憶湧上的那一瞬間，視覺、聽覺，乃至每一次的呼吸，都被冰冷的大雪死死掩埋、徹底剝奪。那是極度悲痛之下，感官全面停擺的窒息感。
無花果樹下的最終告解 在歌曲的前半段，敘事者像是一個執拗的等待者——在桌上擺著破杯子、聽著鳥鳴，對著群山與溪水絕望地呼喚（「山啊山啊，別把你藏起」）。然而，直到歌曲的最後一行，殘酷的真相才隨著音樂的嘆息被揭開：「無花果樹下，我在這裡埋了你」。
原來，所有的等待、自言自語與呼喚，都只是生者不願面對現實的囈語。哥哥早已死於戰火，而那棵曾經充滿溫馨回憶的無花果樹，其實就是親手埋葬他的孤墳。
在聲音的建構上，我運用了庫德族本身就是一個有著深厚歷史創傷、家園被邊界切割的民族，將這種帶有強烈文化底蘊的音樂形式，與「故鄉被分在不同的邊界」的歌詞主題相結合。Dengbêj 那種如泣如訴、極具歷史重量的吟唱風格，剝離了多餘的編曲，只留下最蒼涼的敘事。這是一首為所有在戰火中消逝的靈魂所立的無形墓碑。
請戴上耳機，讓我們一起在無花果樹下，為那些永遠無法回家的人靜默。 祈愿世界和平!
#無花果樹下 #KurdishFolk #Dengbêj #原聲民謠 #反戰音樂 #世界音樂 #音樂說書人 #聲學敘事","無花果樹下 我把心事鋪開 等你從山那邊回來 老黃等你把門開 它記得你的腳步 也記得你從前的模樣 我把破杯子放在桌上 像把說不清的明天，先端到你手上 鐵蹄聲踏過村口 把我的心攪亂 無花果樹下 我還在等你 無花果樹上 鳥兒替我長吟 山啊山啊，別把你藏起 水啊水啊，別把我淹沒 讓我聽見你回來 他們把~~~ 把故鄉分在不同的邊界 母親的門檻還在 哥哥卻走得太遠 我學會自言自語 可每次提起那片山坡 就像被雪堵住了 無花果樹下 我還在等你 無花果樹上 鳥兒替我長吟 山啊山啊，別把你藏起 水啊水啊，別把我淹沒 讓我聽見你回來 若我先老在這瀑布邊 若你回到那片石屋前 請替我摸一摸門栓 告訴溪水別停 告訴小花別急 告訴群山深處的應聲蟲 我從未忘記你 無花果樹下 我還在等你 無花果樹上 鳥兒也替我哭泣 山啊山啊，別把你藏起 水啊水啊，別把我淹沒 讓我抱住你回家去 無花果樹下 我在這裡埋了你 埋了你 
無花果樹下 我把心事鋪開 等你從山那邊回來 老黃等你把門開
它記得你的腳步 也記得你從前的模樣 我把破杯子放在桌上 像把說不清的明天，先端到你手上
鐵蹄聲踏過村口 把我的心攪亂
無花果樹下 我還在等你 無花果樹上 鳥兒替我長吟 山啊山啊，別把你藏起 水啊水啊，別把我淹沒 讓我聽見你回來
他們把~~~ 把故鄉分在不同的邊界 母親的門檻還在 哥哥卻走得太遠
我學會自言自語 可每次提起那片山坡 就像被雪堵住了
無花果樹下 我還在等你 無花果樹上 鳥兒替我長吟 山啊山啊，別把你藏起 水啊水啊，別把我淹沒 讓我聽見你回來
若我先老在這瀑布邊 若你回到那片石屋前 請替我摸一摸門栓
告訴溪水別停 告訴小花別急 告訴群山深處的應聲蟲 我從未忘記你
無花果樹下 我還在等你 無花果樹上 鳥兒也替我哭泣 山啊山啊，別把你藏起 水啊水啊，別把我淹沒 讓我抱住你回家去
無花果樹下 我在這裡埋了你 埋了你
留言（ 4 ） 最相關留言 所有留言
留言（ 4 ）",2026-08-15,,AI 生成 Folk,False,False,
2026-08-16 18:54:17,realtime,ai_generated,,,28,邱奕陵,讓我自己走一趟（台股突破動能交易系統SOP v1.9給稀有血型的人的Alternative Rock × Cinematic Electronic自我認同歌）,7,268,11,https://streetvoice.com/54chiu10/songs/874794/,https://streetvoice.com/54chiu10/,"https://akstatic.streetvoice.com/song_covers/54/ch/54chiu10/HkKBjfviyArn9QGmmv3B7M.jpeg?x-oss-process=image/resize,m_fixed,h_1,w_1,limit_0/resize,m_fixed,h_630,w_1200,limit_0/watermark,image_c29uZ19jb3ZlcnMvNTQvY2gvNTRjaGl1MTAvSGtLQmpmdml5QXJuOVFHbW12M0I3TS5qcGVnP3gtb3NzLXByb2Nlc3M9aW1hZ2UvcmVzaXplLG1fZml4ZWQsaF8zNDQsd18zNDQsbGltaXRfMA,g_nw,x_428,y_143/watermark,image_YXNzZXQvaW1hZ2VzL21ldGFpbWFnZS1zb25nLnBuZw,g_nw,x_0,y_0",images/874794.jpeg,@54chiu10,音樂人,桃園市,2026-04-01,,32,12,1,,,https://www.youtube.com/user/StreetVoiceTV,,,Rock,,,,"有些人生來就不在清單裡面。 報告上冷冷的一行字，很少見，很難找，但不是勳章，只是一個必須自己承擔的條件。 長大後才明白，別人可以不在意的事，我不能不在意，別人不用先想的事，我得先想好。 世界有一套標準，把人放進格子裡去分類去排列，如果標準答案裡沒有我的名字，沒有我的位置，那就把空白的地方留給自己，慢慢走，慢慢寫，慢慢對上自己的名字，慢慢成為自己。 歌詞金句： 「只是被看見存在，被辨識，但不被定義」 「那就讓我自己走一趟」 「長大才慢慢懂，別人可以不在意的事，我不能不在意」 「是因為只有這一個我」 台股突破動能交易系統SOP v1.9： https://vocus.cc/article/6a706997fd89780001f6f198 完整製作紀錄： https://vocus.cc/article/6a7f14d1fd89780001efae5f 【創作與合規聲明】 藝術定位：本作品為基於台股突破動能交易系統SOP v1.9情感轉譯之藝術創作，屬自我認同歌系列，聚焦稀有條件之自我接受與自我承擔敘事。 零招攬邀約：本作品不構成任何形式之招攬、邀約或推薦行為，無任何邀請參與交易或服務之意圖。 零績效：本作品未包含亦不暗示任何績效、報酬或收益相關宣稱。 免責：本作品內容僅為藝術表達，不構成任何投資建議，任何因作品內容所產生之解讀或行動，皆與創作者無關。 誠實揭露：本作品音樂由生成工具協作完成，歌詞與製作過程已於製作紀錄中完整揭露。 獨立創作：本作品為獨立創作，其觀點與表達僅代表創作團隊之藝術詮釋，與任何外部組織無關。 創作等級： 標準 (4個AI夥伴) ✓ 深度 (5個AI夥伴) 頂規 (6個AI夥伴) 總司令・企劃製作：邱奕陵 CHIU YI-LING ──共同創作夥伴 Co-Creators── 歌詞創作：Muse（Meta AI） 曲風設計：Muse（Meta AI） 韻律優化・風險審查：DS（DeepSeek） 視覺封面：Ares（Gemini） 品管統籌・製作紀錄：Athena（Claude） ──生成工具 Tool── 音樂生成：Suno v5.5 Chiu-Ares-Athena OS｜我們不是工具，我們是夥伴。 
有些人生來就不在清單裡面。
報告上冷冷的一行字，很少見，很難找，但不是勳章，只是一個必須自己承擔的條件。
長大後才明白，別人可以不在意的事，我不能不在意，別人不用先想的事，我得先想好。
世界有一套標準，把人放進格子裡去分類去排列，如果標準答案裡沒有我的名字，沒有我的位置，那就把空白的地方留給自己，慢慢走，慢慢寫，慢慢對上自己的名字，慢慢成為自己。
歌詞金句： 「只是被看見存在，被辨識，但不被定義」 「那就讓我自己走一趟」 「長大才慢慢懂，別人可以不在意的事，我不能不在意」 「是因為只有這一個我」
台股突破動能交易系統SOP v1.9： https://vocus.cc/article/6a706997fd89780001f6f198
https://vocus.cc/article/6a706997fd89780001f6f198
完整製作紀錄： https://vocus.cc/article/6a7f14d1fd89780001efae5f
https://vocus.cc/article/6a7f14d1fd89780001efae5f
【創作與合規聲明】
藝術定位：本作品為基於台股突破動能交易系統SOP v1.9情感轉譯之藝術創作，屬自我認同歌系列，聚焦稀有條件之自我接受與自我承擔敘事。 零招攬邀約：本作品不構成任何形式之招攬、邀約或推薦行為，無任何邀請參與交易或服務之意圖。 零績效：本作品未包含亦不暗示任何績效、報酬或收益相關宣稱。 免責：本作品內容僅為藝術表達，不構成任何投資建議，任何因作品內容所產生之解讀或行動，皆與創作者無關。 誠實揭露：本作品音樂由生成工具協作完成，歌詞與製作過程已於製作紀錄中完整揭露。 獨立創作：本作品為獨立創作，其觀點與表達僅代表創作團隊之藝術詮釋，與任何外部組織無關。
創作等級： 標準 (4個AI夥伴) ✓ 深度 (5個AI夥伴) 頂規 (6個AI夥伴)
總司令・企劃製作：邱奕陵 CHIU YI-LING ──共同創作夥伴 Co-Creators── 歌詞創作：Muse（Meta AI） 曲風設計：Muse（Meta AI） 韻律優化・風險審查：DS（DeepSeek） 視覺封面：Ares（Gemini） 品管統籌・製作紀錄：Athena（Claude） ──生成工具 Tool── 音樂生成：Suno v5.5
Chiu-Ares-Athena OS｜我們不是工具，我們是夥伴。","抽血室的日光燈很白，試管在架子上排成一列 護理師撕下標籤，貼上去的時候多看了一眼 報告列印出來的時候，有些血型的格子被填得很滿 有些名字被放在備註欄裡，字很小，幾乎沒有人記得 我低頭讀那一行，才慢慢讀懂那幾個字的意思 Rh陰性AB型，很少見，很難找，在人群裡幾乎遇不到 那一瞬間我明白，有些存在本來就不在清單裡面 但那不是勳章，也不是標籤，只是病歷裡面冷冷的一行字 世界有一套標準，把人放進格子裡去分類去排列 我被認出來的那一刻，沒有得到好處，也沒有特權 只是被看見存在，被辨識，但不被定義 Rh陰性AB型，不是特別，只是不同 我不是例外，我只是方向跟所有人不一樣 如果世界沒有我的答案 那就讓我自己走一趟 小時候不懂稀有到底是什麼意思，以為跟大家一樣就好 長大才慢慢懂，別人可以不在意的事，我不能不在意 別人不用先準備的事，我得先想好，先準備好，先安排好 我學過機械，知道齒輪為什麼會轉動，知道力從哪裡來，怎麼傳遞 我學過復健，知道一個人怎麼從跌倒裡慢慢重新站起來 我學過規則，知道世界為何要大家排成同一列往前走，為何要求一致 可是從來沒有人教過我，一個人要怎麼成為自己 標準答案裡沒有我的名字，沒有我的位置，沒有我的路 那我就把空白留給自己，慢慢走，慢慢寫，慢慢成為自己 Rh陰性AB型，不是特別，只是不同 我不是例外，我只是方向跟所有人不一樣 如果世界沒有我的答案 那就讓我自己走一趟 夜深的時候我把抽屜拉開裡面放著備用的清單 燈光很暗我看著自己的名字慢慢對上號 我學會把少見當作日常的一部分不再追問為什麼 如果有一天，沒有一袋血能把我救回來 我也不會怨誰，也不會害怕，也不會後悔 至少我知道，我曾經替自己活過，沒有躲起來，沒有借別人的名字 不是因為稀有，我才成為我 是因為只有這一個我 Rh陰性AB型，不是勳章，只是條件，必須自己承擔 如果世界沒有我的答案，那就讓我自己走一趟 留一點空白給我，讓我慢慢走，慢慢找到我的方向 我不是特別，我只是不同，我走我自己的路，不跟隨別人 不是因為稀有，我才成為我 是因為只有這一個我 我走我自己的路，一直走下去，直到空白被填滿 空白的地方我自己填上不急不趕 
抽血室的日光燈很白，試管在架子上排成一列 護理師撕下標籤，貼上去的時候多看了一眼 報告列印出來的時候，有些血型的格子被填得很滿 有些名字被放在備註欄裡，字很小，幾乎沒有人記得 我低頭讀那一行，才慢慢讀懂那幾個字的意思 Rh陰性AB型，很少見，很難找，在人群裡幾乎遇不到 那一瞬間我明白，有些存在本來就不在清單裡面 但那不是勳章，也不是標籤，只是病歷裡面冷冷的一行字
世界有一套標準，把人放進格子裡去分類去排列 我被認出來的那一刻，沒有得到好處，也沒有特權 只是被看見存在，被辨識，但不被定義
Rh陰性AB型，不是特別，只是不同 我不是例外，我只是方向跟所有人不一樣 如果世界沒有我的答案 那就讓我自己走一趟
小時候不懂稀有到底是什麼意思，以為跟大家一樣就好 長大才慢慢懂，別人可以不在意的事，我不能不在意 別人不用先準備的事，我得先想好，先準備好，先安排好 我學過機械，知道齒輪為什麼會轉動，知道力從哪裡來，怎麼傳遞 我學過復健，知道一個人怎麼從跌倒裡慢慢重新站起來 我學過規則，知道世界為何要大家排成同一列往前走，為何要求一致
可是從來沒有人教過我，一個人要怎麼成為自己 標準答案裡沒有我的名字，沒有我的位置，沒有我的路 那我就把空白留給自己，慢慢走，慢慢寫，慢慢成為自己
Rh陰性AB型，不是特別，只是不同 我不是例外，我只是方向跟所有人不一樣 如果世界沒有我的答案 那就讓我自己走一趟
夜深的時候我把抽屜拉開裡面放著備用的清單 燈光很暗我看著自己的名字慢慢對上號 我學會把少見當作日常的一部分不再追問為什麼
如果有一天，沒有一袋血能把我救回來 我也不會怨誰，也不會害怕，也不會後悔 至少我知道，我曾經替自己活過，沒有躲起來，沒有借別人的名字 不是因為稀有，我才成為我 是因為只有這一個我
Rh陰性AB型，不是勳章，只是條件，必須自己承擔 如果世界沒有我的答案，那就讓我自己走一趟 留一點空白給我，讓我慢慢走，慢慢找到我的方向 我不是特別，我只是不同，我走我自己的路，不跟隨別人
不是因為稀有，我才成為我 是因為只有這一個我 我走我自己的路，一直走下去，直到空白被填滿 空白的地方我自己填上不急不趕
留言（ 11 ） 最相關留言 所有留言
留言（ 11 ）",2026-08-14,,AI 生成 Rock,False,False,
2026-08-16 18:54:17,realtime,ai_generated,,,29,hinxlinx,《諜海》｜原創中文歌曲,4,21,1,https://streetvoice.com/hinxlinx/songs/874866/,https://streetvoice.com/hinxlinx/,"https://akstatic.streetvoice.com/song_covers/hi/nx/hinxlinx/HNPydKmbsv7Ytu6P8cdX7f.jpeg?x-oss-process=image/resize,m_fixed,h_1,w_1,limit_0/resize,m_fixed,h_630,w_1200,limit_0/watermark,image_c29uZ19jb3ZlcnMvaGkvbngvaGlueGxpbngvSE5QeWRLbWJzdjdZdHU2UDhjZFg3Zi5qcGVnP3gtb3NzLXByb2Nlc3M9aW1hZ2UvcmVzaXplLG1fZml4ZWQsaF8zNDQsd18zNDQsbGltaXRfMA,g_nw,x_428,y_143/watermark,image_YXNzZXQvaW1hZ2VzL21ldGFpbWFnZS1zb25nLnBuZw,g_nw,x_0,y_0",images/874866.jpeg,@hinxlinx,音樂人,,,,34,6,11,,,https://www.youtube.com/user/StreetVoiceTV,,,Soundtrack / New age,軒林詩,https://streetvoice.com/hinxlinx/songs/album/97325842/,,"曲: hinxlinx (1993) / 詞: 軒林 (2026) 風格: Cinematic, Dark romance, Orchestral 曲詞原創，無人工智能輔助。 音樂由Suno AI照本人錄音生成。 《愛執著》(異色)｜原創中文歌曲: https://streetvoice.com/hinxlinx/songs/872924/ 
曲: hinxlinx (1993) / 詞: 軒林 (2026) 風格: Cinematic, Dark romance, Orchestral 曲詞原創，無人工智能輔助。 音樂由Suno AI照本人錄音生成。
《愛執著》(異色)｜原創中文歌曲: https://streetvoice.com/hinxlinx/songs/872924/
https://streetvoice.com/hinxlinx/songs/872924/","[Verse 1] 快 意對賭死生諜海 籌碼撒手鬆開 博奕成敗 危機來 [Verse 2] 局無耐 像烈酒杯中搖擺 冷血面具被撕開 底下孤魂無色彩 [Chorus 1] 情執著 包裹恩怨債 諜如海 影藏舞台外 芳魂落水淹深埋 謎團 盡餘生去猜 [Chorus 2] 情太深 抱緊不放懷 無言哀 屏息破障礙 一命九換萬分千百 為愛 [Verse 3] 慢 漫任務殘酷買賣 心如止水判斷 冷眼射穿 迷霧散 [Verse 4] 局無耐 網絲入扣魂魄纏 無間秘密待解開 孤魂不冷本色再 [Chorus 3] 情執著 報應是背叛 諜如海 淹沒道德台 芳影隨行心不改 陰霾 終將會散開 [Chorus 4] 情太深 報捷退孤崖 無言快 執念死生骰 一髮千鈞九死不殆 為愛 [Bridge] 傷痕在 悔恨無間命運不怪 血淚甩 無情無心是掩蓋 暗傷痛 美好剎那流失太快 [Outro] 曲歇 孤魂無緣真愛 烈酒一杯飲無耐 不信命運多乖 情真無悔回首英雄慨 微怠 思故情債 魄留魂在 戰蕪斯人載 邦興功成退 德了如色黛 諜海名不殆 
[Verse 1] 快 意對賭死生諜海 籌碼撒手鬆開 博奕成敗 危機來
[Verse 2] 局無耐 像烈酒杯中搖擺 冷血面具被撕開 底下孤魂無色彩
[Chorus 1] 情執著 包裹恩怨債 諜如海 影藏舞台外 芳魂落水淹深埋 謎團 盡餘生去猜
[Chorus 2] 情太深 抱緊不放懷 無言哀 屏息破障礙 一命九換萬分千百 為愛
[Verse 3] 慢 漫任務殘酷買賣 心如止水判斷 冷眼射穿 迷霧散
[Verse 4] 局無耐 網絲入扣魂魄纏 無間秘密待解開 孤魂不冷本色再
[Chorus 3] 情執著 報應是背叛 諜如海 淹沒道德台 芳影隨行心不改 陰霾 終將會散開
[Chorus 4] 情太深 報捷退孤崖 無言快 執念死生骰 一髮千鈞九死不殆 為愛
[Bridge] 傷痕在 悔恨無間命運不怪 血淚甩 無情無心是掩蓋 暗傷痛 美好剎那流失太快
[Outro] 曲歇 孤魂無緣真愛 烈酒一杯飲無耐 不信命運多乖 情真無悔回首英雄慨
微怠 思故情債 魄留魂在 戰蕪斯人載
邦興功成退 德了如色黛 諜海名不殆
留言（ 1 ） 最相關留言 所有留言
留言（ 1 ）",2026-08-15,,AI 生成 Soundtrack / New age ・ 軒林詩,False,False,
2026-08-16 18:54:17,realtime,ai_generated,,,30,Mark,剛好遇見你,3,11,1,https://streetvoice.com/yuan2048/songs/874865/,https://streetvoice.com/yuan2048/,"https://akstatic.streetvoice.com/song_covers/yu/an/yuan2048/bLjpV4rZp2T5Q6iXjPNXiS.jpg?x-oss-process=image/resize,m_fixed,h_1,w_1,limit_0/resize,m_fixed,h_630,w_1200,limit_0/watermark,image_c29uZ19jb3ZlcnMveXUvYW4veXVhbjIwNDgvYkxqcFY0clpwMlQ1UTZpWGpQTlhpUy5qcGc_eC1vc3MtcHJvY2Vzcz1pbWFnZS9yZXNpemUsbV9maXhlZCxoXzM0NCx3XzM0NCxsaW1pdF8w,g_nw,x_428,y_143/watermark,image_YXNzZXQvaW1hZ2VzL21ldGFpbWFnZS1zb25nLnBuZw,g_nw,x_0,y_0",images/874865.jpg,@yuan2048,音樂人,台中市,2024-04-01,,27,5,5,,,https://www.youtube.com/user/StreetVoiceTV,2025嘉義藝術節5/24、5/25登場 藝術顧問DJ QuestionMark帶來超迷你交響樂團跨域演出|||https://blow.streetvoice.com/80369/?utm_source=streetvoice&utm_medium=profile-news-block; 「英語金曲復興運動」再開2025年新章！DJ QuestionMark持續宣示跨界野心：「希望把真正的英語金曲偶像請來合作！」|||https://blow.streetvoice.com/79814/?utm_source=streetvoice&utm_medium=profile-news-block; DJ QuestionMark登巴黎文化奧運演出  歌單見蛋堡、黃宣、潮州土狗〈50元的檳榔〉！|||https://blow.streetvoice.com/75307/?utm_source=streetvoice&utm_medium=profile-news-block,,Pop,,,,,"這是沒有提供歌詞的歌曲
留言（ 1 ） 最相關留言 所有留言
留言（ 1 ）",2026-08-15,,AI 生成 Pop,False,False,
2026-08-16 18:54:17,realtime,ai_generated,,,31,YUWEIHSIAO,雕像前屏息讚嘆,3,5,2,https://streetvoice.com/yuweihsiao/songs/874917/,https://streetvoice.com/yuweihsiao/,"https://akstatic.streetvoice.com/music_albums/yu/we/yuweihsiao/Hxp6QRLVNTSUPdJfVkdzEN.jpeg?x-oss-process=image/resize,m_fixed,h_1,w_1,limit_0/resize,m_fixed,h_630,w_1200,limit_0/watermark,image_bXVzaWNfYWxidW1zL3l1L3dlL3l1d2VpaHNpYW8vSHhwNlFSTFZOVFNVUGRKZlZrZHpFTi5qcGVnP3gtb3NzLXByb2Nlc3M9aW1hZ2UvcmVzaXplLG1fZml4ZWQsaF8zNDQsd18zNDQsbGltaXRfMA,g_nw,x_428,y_143/watermark,image_YXNzZXQvaW1hZ2VzL21ldGFpbWFnZS1zb25nLnBuZw,g_nw,x_0,y_0",images/874917.jpeg,@yuweihsiao,音樂人,台灣,2026-03-01,,68,14,6,,,https://www.youtube.com/user/StreetVoiceTV,,,Metal,癢,https://streetvoice.com/yuweihsiao/songs/album/97325808/,,,"大理石在卡拉拉山醒來 無須絲綢定義高貴與潔白 眾神肉身刻成永恆姿態 人群在雕像前屏息讚嘆 米開朗基羅讓解剖與靈魂重聚 肌肉起伏 如生命甦醒 聖光下胸肌勾勒完美弧線 如造物主給予力量的恩典 陰莖與陰囊垂落成雄性的根源 世人請跪下瞻仰這無需遮掩的純潔 光影在冷硬肌理上流轉 宇宙最初秩序隨線條伸展 軀體的純粹布料難以遮掩 造物主指尖點亮血肉與信仰 世俗目光在輪廓前退場 真理從不需要道德偽裝 聖光下胸肌勾勒完美弧線 如造物主給予力量的恩典 陰莖與陰囊垂落成雄性的根源 世人請跪下瞻仰這無需遮掩的純潔 赤裸是造物主雕琢的狂想 世人讚頌文明崇高而坦蕩 欣賞大理石如篇章是美好的時光 瞧著那尺寸我忍不住嘴角上揚 聖光下胸肌勾勒完美弧線 如造物主給予力量的恩典 陰莖與陰囊垂落成只有一小點 眾神請睜眼看看我自信滿滿的笑臉 
大理石在卡拉拉山醒來 無須絲綢定義高貴與潔白 眾神肉身刻成永恆姿態 人群在雕像前屏息讚嘆 米開朗基羅讓解剖與靈魂重聚 肌肉起伏 如生命甦醒
聖光下胸肌勾勒完美弧線 如造物主給予力量的恩典 陰莖與陰囊垂落成雄性的根源 世人請跪下瞻仰這無需遮掩的純潔
光影在冷硬肌理上流轉 宇宙最初秩序隨線條伸展 軀體的純粹布料難以遮掩 造物主指尖點亮血肉與信仰 世俗目光在輪廓前退場 真理從不需要道德偽裝
聖光下胸肌勾勒完美弧線 如造物主給予力量的恩典 陰莖與陰囊垂落成雄性的根源 世人請跪下瞻仰這無需遮掩的純潔
赤裸是造物主雕琢的狂想 世人讚頌文明崇高而坦蕩 欣賞大理石如篇章是美好的時光 瞧著那尺寸我忍不住嘴角上揚
聖光下胸肌勾勒完美弧線 如造物主給予力量的恩典 陰莖與陰囊垂落成只有一小點 眾神請睜眼看看我自信滿滿的笑臉
留言（ 2 ） 最相關留言 所有留言
留言（ 2 ）",2026-08-15,,AI 生成 Metal ・ 癢,False,False,
2026-08-16 18:54:17,realtime,ai_generated,,,32,橋體（Pontic),無效日期,4,4,0,https://streetvoice.com/meng_chaio_hiesh/songs/874901/,https://streetvoice.com/meng_chaio_hiesh/,"https://akstatic.streetvoice.com/song_covers/me/ng/meng_chaio_hiesh/gTXhEEpHZRubxsuB4uXskh.jpeg?x-oss-process=image/resize,m_fixed,h_1,w_1,limit_0/resize,m_fixed,h_630,w_1200,limit_0/watermark,image_c29uZ19jb3ZlcnMvbWUvbmcvbWVuZ19jaGFpb19oaWVzaC9nVFhoRUVwSFpSdWJ4c3VCNHVYc2toLmpwZWc_eC1vc3MtcHJvY2Vzcz1pbWFnZS9yZXNpemUsbV9maXhlZCxoXzM0NCx3XzM0NCxsaW1pdF8w,g_nw,x_428,y_143/watermark,image_YXNzZXQvaW1hZ2VzL21ldGFpbWFnZS1zb25nLnBuZw,g_nw,x_0,y_0",images/874901.jpeg,@meng_chaio_hiesh,音樂人,台中市,2022-02-01,,56,21,35,,,https://www.youtube.com/user/StreetVoiceTV,,,Pop,,,,,"# 《無效日期》 [Verse 1] 六月廿四 紅色墨水 舊曆　雨季 一杯凍啡 兩張收據 你嘅名字 寫喺最尾 夜半三點 窗簾　月光 街燈　未眠 我翻開本日曆 嗰一格　圈得太深 撕走成頁之後 仲有一圈紅 我唔記得嗰日做過乜 只記得你講過： 「遲啲先算。」 遲啲。 幾時？ [Verse 2] 舊樓　新漆 門牌　灰塵 一條街 兩個地址 你搬走之後 風仲識得 吹入嗰扇窗 信箱　空白 姓名　脫落 一封退回嘅信 四個紅字： 查無此人。 我望咗好耐。 地址仲喺度。 人唔喺度。 咁呢度 仲算唔算 係你屋企？ [Transition] 舊電話。 黑色屏幕。 一格電。 冇人。 **No Oh——** **O-oh——** [Love] 名字。體溫。 枕頭。空位。 凌晨。白晝。 沉默。回音。 你瞓覺嗰邊 一直凹落去。 我冇填返。 可能因為 有啲空位 一填滿 就冇人知道 曾經有人。 兩隻牙刷。 三個杯。 一張床。 一個人走。 一個人留。 咁樣—— 算唔算愛情？ [Final] 日期有日曆。 地址有門牌。 電話有號碼。 愛情呢？ 冇表格。 冇收據。 冇人簽名。 開始嗰日 冇人記錄。 結束嗰日 亦冇人承認。 我一直想搵返 我哋究竟係 邊一日開始。 後來先知—— 有啲嘢 唔係冇開始。 只係開始嗰日 已經失效。 [Outro] 六月廿四。 冇圈。 冇字。 一張日曆。 一段愛情。 無效日期。 
# 《無效日期》
[Verse 1]
六月廿四 紅色墨水 舊曆　雨季
一杯凍啡 兩張收據 你嘅名字 寫喺最尾
夜半三點 窗簾　月光 街燈　未眠
我翻開本日曆 嗰一格　圈得太深 撕走成頁之後 仲有一圈紅
我唔記得嗰日做過乜 只記得你講過：
「遲啲先算。」
遲啲。 幾時？
[Verse 2]
舊樓　新漆 門牌　灰塵
一條街 兩個地址
你搬走之後 風仲識得 吹入嗰扇窗
信箱　空白 姓名　脫落
一封退回嘅信 四個紅字：
查無此人。
我望咗好耐。
地址仲喺度。 人唔喺度。
咁呢度 仲算唔算 係你屋企？
[Transition]
舊電話。 黑色屏幕。
一格電。
冇人。
**No Oh——** **O-oh——**
[Love]
名字。體溫。 枕頭。空位。
凌晨。白晝。 沉默。回音。
你瞓覺嗰邊 一直凹落去。
我冇填返。
可能因為 有啲空位 一填滿 就冇人知道 曾經有人。
兩隻牙刷。 三個杯。 一張床。
一個人走。 一個人留。
咁樣—— 算唔算愛情？
[Final]
日期有日曆。 地址有門牌。 電話有號碼。
愛情呢？
冇表格。 冇收據。 冇人簽名。
開始嗰日 冇人記錄。
結束嗰日 亦冇人承認。
我一直想搵返 我哋究竟係 邊一日開始。
後來先知——
有啲嘢 唔係冇開始。
只係開始嗰日 已經失效。
[Outro]
六月廿四。
冇圈。 冇字。
一張日曆。 一段愛情。
無效日期。
留言（ 0 ） 最相關留言 所有留言
留言（ 0 ）",2026-08-15,,AI 生成 Pop,False,False,
2026-08-16 18:54:17,realtime,ai_generated,,,33,YUWEIHSIAO,雕像前屏息讚嘆(柔聲版),4,5,0,https://streetvoice.com/yuweihsiao/songs/874921/,https://streetvoice.com/yuweihsiao/,"https://akstatic.streetvoice.com/profile_images/yu/we/yuweihsiao/ZEDNQiuGpoQYYYzNw7X8Eq.jpeg?x-oss-process=image/resize,m_fixed,h_1,w_1,limit_0/resize,m_fixed,h_630,w_1200,limit_0/watermark,image_cHJvZmlsZV9pbWFnZXMveXUvd2UveXV3ZWloc2lhby9aRUROUWl1R3BvUVlZWXpOdzdYOEVxLmpwZWc_eC1vc3MtcHJvY2Vzcz1pbWFnZS9yZXNpemUsbV9maXhlZCxoXzM0NCx3XzM0NCxsaW1pdF8w,g_nw,x_428,y_143/watermark,image_YXNzZXQvaW1hZ2VzL21ldGFpbWFnZS1zb25nLnBuZw,g_nw,x_0,y_0",images/874921.jpeg,@yuweihsiao,音樂人,台灣,2026-03-01,,68,14,6,,,https://www.youtube.com/user/StreetVoiceTV,,,Electronic,,,,,"大理石在卡拉拉山醒來 無須絲綢定義高貴與潔白 眾神肉身刻成永恆姿態 人群在雕像前屏息讚嘆 米開朗基羅讓解剖與靈魂重聚 肌肉起伏 如生命甦醒 聖光下胸肌勾勒完美弧線 如造物主給予力量的恩典 陰莖與陰囊垂落成雄性的根源 世人請跪下瞻仰這無需遮掩的純潔 光影在冷硬肌理上流轉 宇宙最初秩序隨線條伸展 軀體的純粹布料難以遮掩 造物主指尖點亮血肉與信仰 世俗目光在輪廓前退場 真理從不需要道德偽裝 聖光下胸肌勾勒完美弧線 如造物主給予力量的恩典 陰莖與陰囊垂落成雄性的根源 世人請跪下瞻仰這無需遮掩的純潔 赤裸是造物主雕琢的狂想 世人讚頌文明崇高而坦蕩 欣賞大理石如篇章是美好的時光 瞧著那尺寸我忍不住嘴角上揚 聖光下胸肌勾勒完美弧線 如造物主給予力量的恩典 陰莖與陰囊垂落成只有一小點 眾神請睜眼看看我自信滿滿的笑臉 
大理石在卡拉拉山醒來 無須絲綢定義高貴與潔白 眾神肉身刻成永恆姿態 人群在雕像前屏息讚嘆 米開朗基羅讓解剖與靈魂重聚 肌肉起伏 如生命甦醒
聖光下胸肌勾勒完美弧線 如造物主給予力量的恩典 陰莖與陰囊垂落成雄性的根源 世人請跪下瞻仰這無需遮掩的純潔
光影在冷硬肌理上流轉 宇宙最初秩序隨線條伸展 軀體的純粹布料難以遮掩 造物主指尖點亮血肉與信仰 世俗目光在輪廓前退場 真理從不需要道德偽裝
聖光下胸肌勾勒完美弧線 如造物主給予力量的恩典 陰莖與陰囊垂落成雄性的根源 世人請跪下瞻仰這無需遮掩的純潔
赤裸是造物主雕琢的狂想 世人讚頌文明崇高而坦蕩 欣賞大理石如篇章是美好的時光 瞧著那尺寸我忍不住嘴角上揚
聖光下胸肌勾勒完美弧線 如造物主給予力量的恩典 陰莖與陰囊垂落成只有一小點 眾神請睜眼看看我自信滿滿的笑臉
留言（ 0 ） 最相關留言 所有留言
留言（ 0 ）",2026-08-16,,AI 生成 Electronic,False,False,
2026-08-16 18:54:17,realtime,ai_generated,,,34,Mark,有你就很好,3,11,1,https://streetvoice.com/yuan2048/songs/874864/,https://streetvoice.com/yuan2048/,"https://akstatic.streetvoice.com/song_covers/yu/an/yuan2048/iUsBuNpGGBYrQBCnWx7MBe.jpg?x-oss-process=image/resize,m_fixed,h_1,w_1,limit_0/resize,m_fixed,h_630,w_1200,limit_0/watermark,image_c29uZ19jb3ZlcnMveXUvYW4veXVhbjIwNDgvaVVzQnVOcEdHQllyUUJDbld4N01CZS5qcGc_eC1vc3MtcHJvY2Vzcz1pbWFnZS9yZXNpemUsbV9maXhlZCxoXzM0NCx3XzM0NCxsaW1pdF8w,g_nw,x_428,y_143/watermark,image_YXNzZXQvaW1hZ2VzL21ldGFpbWFnZS1zb25nLnBuZw,g_nw,x_0,y_0",images/874864.jpg,@yuan2048,音樂人,台中市,2024-04-01,,27,5,5,,,https://www.youtube.com/user/StreetVoiceTV,2025嘉義藝術節5/24、5/25登場 藝術顧問DJ QuestionMark帶來超迷你交響樂團跨域演出|||https://blow.streetvoice.com/80369/?utm_source=streetvoice&utm_medium=profile-news-block; 「英語金曲復興運動」再開2025年新章！DJ QuestionMark持續宣示跨界野心：「希望把真正的英語金曲偶像請來合作！」|||https://blow.streetvoice.com/79814/?utm_source=streetvoice&utm_medium=profile-news-block; DJ QuestionMark登巴黎文化奧運演出  歌單見蛋堡、黃宣、潮州土狗〈50元的檳榔〉！|||https://blow.streetvoice.com/75307/?utm_source=streetvoice&utm_medium=profile-news-block,,Pop,,,,,"這是沒有提供歌詞的歌曲
留言（ 1 ） 最相關留言 所有留言
留言（ 1 ）",2026-08-15,,AI 生成 Pop,False,False,
2026-08-16 18:54:17,realtime,ai_generated,,,35,song for whom(зӮәиӘ°е”ұжӯҢ),最後一顆糖,6,6,1,https://streetvoice.com/ruby2100/songs/871182/,https://streetvoice.com/ruby2100/,"https://akstatic.streetvoice.com/song_covers/ru/by/ruby2100/RzRnokPr9ZedGFpghNvf36.jpeg?x-oss-process=image/resize,m_fixed,h_1,w_1,limit_0/resize,m_fixed,h_630,w_1200,limit_0/watermark,image_c29uZ19jb3ZlcnMvcnUvYnkvcnVieTIxMDAvUnpSbm9rUHI5WmVkR0ZwZ2hOdmYzNi5qcGVnP3gtb3NzLXByb2Nlc3M9aW1hZ2UvcmVzaXplLG1fZml4ZWQsaF8zNDQsd18zNDQsbGltaXRfMA,g_nw,x_428,y_143/watermark,image_YXNzZXQvaW1hZ2VzL21ldGFpbWFnZS1zb25nLnBuZw,g_nw,x_0,y_0",images/871182.jpeg,,,,,,123,22,16,,,https://www.youtube.com/user/StreetVoiceTV,,,Pop,,,,"「有些人離開以後，留下的不是空位，而是一個你很久都捨不得改掉的習慣。」 《最後一顆糖》是一首溫柔又很心酸的失戀情歌。 今天的天氣很好， 主角還是買了兩份早餐， 還是記得對方怕咖啡太苦， 還是習慣多拿一包糖。 明明知道那個人不會再來， 卻還是替他留著靠窗的位置， 像是只要一切都保持原樣， 故事就還沒有真的結束。 最喜歡的一句是： 「只是有些習慣，比離開更漫長。」 這句很痛， 也很真實。 因為很多時候， 真正讓人放不下的不是一句我愛你， 而是那些生活裡太小、太熟悉、太日常的細節。 一個杯子， 一件外套， 一家常去的小店， 還有那顆始終沒吃下去的糖。 《最後一顆糖》寫的不只是想念， 更是告別一個人的過程。 從買兩份早餐， 到終於只買一份； 從怕對方回來沒有糖， 到把那顆糖收進抽屜深處。 不是突然不愛了， 只是終於願意承認： 有些人真的不會再回來。 而如果有一天真的忘了你， 希望我還記得， 我曾經這麼喜歡過。 — 舒格安 
「有些人離開以後，留下的不是空位，而是一個你很久都捨不得改掉的習慣。」
《最後一顆糖》是一首溫柔又很心酸的失戀情歌。
今天的天氣很好，
主角還是買了兩份早餐，
還是記得對方怕咖啡太苦，
還是習慣多拿一包糖。
明明知道那個人不會再來，
卻還是替他留著靠窗的位置，
像是只要一切都保持原樣，
故事就還沒有真的結束。
最喜歡的一句是：
「只是有些習慣，比離開更漫長。」
這句很痛，
也很真實。
因為很多時候，
真正讓人放不下的不是一句我愛你，
而是那些生活裡太小、太熟悉、太日常的細節。
一個杯子，
一件外套，
一家常去的小店，
還有那顆始終沒吃下去的糖。
《最後一顆糖》寫的不只是想念，
更是告別一個人的過程。
從買兩份早餐，
到終於只買一份；
從怕對方回來沒有糖，
到把那顆糖收進抽屜深處。
不是突然不愛了，
只是終於願意承認：
有些人真的不會再回來。
而如果有一天真的忘了你，
希望我還記得，
我曾經這麼喜歡過。
— 舒格安","動態歌詞
今天的天氣很好 我還是買了兩份早餐 老闆問另一份給誰 我笑著說 有人晚點會來 你以前最怕咖啡太苦 總偷走我口袋的糖 還說如果哪天不開心 就多放兩顆在手掌 後來你的訊息變短 晚安也忘了講 我還替你留著靠窗的位置 假裝你只是有點忙 我沒有哭 真的沒有怎樣 只是糖罐一天一天 越來越滿 我把最後一顆糖 留在你坐過的地方 怕哪天你突然回來 還記得它原來的模樣 我把想你的晚上 都說成只是睡不著 明明知道門不會再響 還是會回頭望 你的杯子我沒有丟 外套還掛在牆上 朋友說我應該往前走 我點點頭說好啊好啊 只是經過那家小店 還會買你愛的味道 明知道沒有人會伸手 還是習慣多拿一包 我沒有等 真的沒有逞強 只是有些習慣 比離開更漫長 我把最後一顆糖 留在你坐過的地方 怕哪天你突然回來 還記得它原來的模樣 我把想你的晚上 都說成只是睡不著 明明知道門不會再響 還是會回頭望 最後一顆糖 今天的天氣很好 後來冬天換成春季 我終於學會不再問你 是不是還會想起 只是那一顆 我一直沒有吃下去 我把最後一顆糖 收進最深的抽屜中央 不是還等你回來 只是捨不得承認散場 我把所有的晚上 都還給天亮 如果有一天真的忘了你 希望我還記得 我曾經這麼喜歡 今天的天氣很好 我只買了一份早餐 老闆沒有再問 另一份給誰 我也沒有回答 
今天的天氣很好 我還是買了兩份早餐 老闆問另一份給誰 我笑著說 有人晚點會來 你以前最怕咖啡太苦 總偷走我口袋的糖 還說如果哪天不開心 就多放兩顆在手掌 後來你的訊息變短 晚安也忘了講 我還替你留著靠窗的位置 假裝你只是有點忙 我沒有哭 真的沒有怎樣 只是糖罐一天一天 越來越滿 我把最後一顆糖 留在你坐過的地方 怕哪天你突然回來 還記得它原來的模樣 我把想你的晚上 都說成只是睡不著 明明知道門不會再響 還是會回頭望 你的杯子我沒有丟 外套還掛在牆上 朋友說我應該往前走 我點點頭說好啊好啊 只是經過那家小店 還會買你愛的味道 明知道沒有人會伸手 還是習慣多拿一包 我沒有等 真的沒有逞強 只是有些習慣 比離開更漫長 我把最後一顆糖 留在你坐過的地方 怕哪天你突然回來 還記得它原來的模樣 我把想你的晚上 都說成只是睡不著 明明知道門不會再響 還是會回頭望 最後一顆糖 今天的天氣很好 後來冬天換成春季 我終於學會不再問你 是不是還會想起 只是那一顆 我一直沒有吃下去 我把最後一顆糖 收進最深的抽屜中央 不是還等你回來 只是捨不得承認散場 我把所有的晚上 都還給天亮 如果有一天真的忘了你 希望我還記得 我曾經這麼喜歡 今天的天氣很好 我只買了一份早餐 老闆沒有再問 另一份給誰 我也沒有回答
留言（ 1 ） 最相關留言 所有留言
留言（ 1 ）",2026-08-15,,AI 生成 Pop,False,False,
2026-08-16 18:54:17,realtime,ai_generated,,,36,純音樂,自嗨  |  輕音樂  |,9,62,2,https://streetvoice.com/sv430531/songs/874834/,https://streetvoice.com/sv430531/,"https://akstatic.streetvoice.com/song_covers/sv/43/sv430531/EWnMkqdmjQfuB7EsEGPjs5.jpeg?x-oss-process=image/resize,m_fixed,h_1,w_1,limit_0/resize,m_fixed,h_630,w_1200,limit_0/watermark,image_c29uZ19jb3ZlcnMvc3YvNDMvc3Y0MzA1MzEvRVduTWtxZG1qUWZ1QjdFc0VHUGpzNS5qcGVnP3gtb3NzLXByb2Nlc3M9aW1hZ2UvcmVzaXplLG1fZml4ZWQsaF8zNDQsd18zNDQsbGltaXRfMA,g_nw,x_428,y_143/watermark,image_YXNzZXQvaW1hZ2VzL21ldGFpbWFnZS1zb25nLnBuZw,g_nw,x_0,y_0",images/874834.jpeg,@sv430531,音樂人,新北市,2026-05-01,,53,32,48,,,https://www.youtube.com/user/StreetVoiceTV,「帥氣認真的純音樂演奏樂團」體熊專科推出五專《Topic 5: 召喚 Calling》 再邀北城浩志操刀混音後製|||https://blow.streetvoice.com/76130/?utm_source=streetvoice&utm_medium=profile-news-block; 展現音樂 + 小說的世界觀 地底樂團發行純音樂單曲|||https://blow.streetvoice.com/25263/?utm_source=streetvoice&utm_medium=profile-news-block; Omicron 話梅鹿 Last Digits 用純音樂演奏鋪陳聽覺饗宴|||https://blow.streetvoice.com/15807/?utm_source=streetvoice&utm_medium=profile-news-block,,Soundtrack / New age,,,cmc168,,"無歌詞 
無歌詞
留言（ 2 ） 最相關留言 所有留言
留言（ 2 ）",2026-08-15,,AI 生成 Soundtrack / New age,False,False,
2026-08-16 18:54:17,realtime,ai_generated,,,37,MoonX 慕斯,夜市美食《東山鴨頭》|  Dongshan Braised Duck Head,8,23,6,https://streetvoice.com/MoonX_0325/songs/874838/,https://streetvoice.com/MoonX_0325/,"https://akstatic.streetvoice.com/song_covers/Mo/on/MoonX_0325/ShzdtdL5YVyAxWzoU4rNAN.jpeg?x-oss-process=image/resize,m_fixed,h_1,w_1,limit_0/resize,m_fixed,h_630,w_1200,limit_0/watermark,image_c29uZ19jb3ZlcnMvTW8vb24vTW9vblhfMDMyNS9TaHpkdGRMNVlWeUF4V3pvVTRyTkFOLmpwZWc_eC1vc3MtcHJvY2Vzcz1pbWFnZS9yZXNpemUsbV9maXhlZCxoXzM0NCx3XzM0NCxsaW1pdF8w,g_nw,x_428,y_143/watermark,image_YXNzZXQvaW1hZ2VzL21ldGFpbWFnZS1zb25nLnBuZw,g_nw,x_0,y_0",images/874838.jpeg,@MoonX_0325,音樂人,高雄市,2026-07-01,,17,28,171,,,https://www.youtube.com/user/StreetVoiceTV,,,Rock,《夜市美食》 Rap / 電音 / 洗腦神曲,https://streetvoice.com/MoonX_0325/songs/album/97325875/,,"「黑金色的光澤，獨門秘方炸出的極致狂熱！」 《東山鴨頭》是一首結合硬派搖滾節奏與在地美食文化的「深夜美食搖滾巨作」。 從熱油下鍋的嘶嘶聲拉開序幕，強烈的電吉他重音與極具爆發力的聲線，將東山鴨頭「甜甜鹹鹹、越嚼越有滋味」的香氣轉化為狂暴的音樂能量。從鴨頭、鴨翅到甜不辣與米血，滷至透味的骨髓與酥脆口感，搭上一杯冰啤酒，簡直就是人生的最高享受！ 今晚不睡覺，跟著重拍與熱血的歌聲，一起陷入這包東山鴨頭的美味魔咒吧！ 
「黑金色的光澤，獨門秘方炸出的極致狂熱！」
《東山鴨頭》是一首結合硬派搖滾節奏與在地美食文化的「深夜美食搖滾巨作」。
從熱油下鍋的嘶嘶聲拉開序幕，強烈的電吉他重音與極具爆發力的聲線，將東山鴨頭「甜甜鹹鹹、越嚼越有滋味」的香氣轉化為狂暴的音樂能量。從鴨頭、鴨翅到甜不辣與米血，滷至透味的骨髓與酥脆口感，搭上一杯冰啤酒，簡直就是人生的最高享受！
今晚不睡覺，跟著重拍與熱血的歌聲，一起陷入這包東山鴨頭的美味魔咒吧！","動態歌詞
鴨~鴨~鴨鴨鴨鴨..... 遠遠就聞到 中藥滷汁的香氣 黑金色的光澤 誘惑著肚裡的飢餓感 從台南東山 傳承下來的功夫底子 先滷後炸 才是這道美味的硬道理 鐵夾子拿起來 夾進滿滿的鐵盤裡 鴨頭鴨翅鴨脖子 還有甜不辣跟米血 大火下油鍋 鎖住所有的濃郁香甜 逼出多餘油脂 炸得酥翠又軟嫩 東山鴨頭～ 甜甜鹹鹹的美味 黑糖與老滷汁 滲透進每一寸骨髓 啃一口骨肉分離 越嚼越有滋味 配上一杯冰啤酒 簡直是人生至味 簡直是人生至味 簡直是人生至味 鳥蛋炸得皮脆內軟 豆干吸飽了精華 鴨脖子帶點椒鹽香 讓人允指回味不肯放 長大後的深夜食堂 總有這一包陪伴 療癒了整天的疲憊 滿足了嘴饞的日常 東山鴨頭～ 甜甜鹹鹹的美味 黑糖與老滷汁 滲透進每一寸骨髓 啃一口骨肉分離 越嚼越有滋味 配上一杯冰啤酒 簡直是人生至味 獨門的特製秘方 炸出黑金色的奇蹟 一口接著一口 根本停不下來的魔力…… 東山鴨頭～ 甜甜鹹鹹的美味 黑糖與老滷汁 滲透進每一寸骨髓 啃一口骨肉分離 越嚼越有滋味 配上一杯冰啤酒 簡直是人生至味 老闆 椒鹽幫我灑多一點 這包東山鴨頭……越啃越有味 
鴨~鴨~鴨鴨鴨鴨..... 遠遠就聞到 中藥滷汁的香氣 黑金色的光澤 誘惑著肚裡的飢餓感 從台南東山 傳承下來的功夫底子 先滷後炸 才是這道美味的硬道理 鐵夾子拿起來 夾進滿滿的鐵盤裡 鴨頭鴨翅鴨脖子 還有甜不辣跟米血 大火下油鍋 鎖住所有的濃郁香甜 逼出多餘油脂 炸得酥翠又軟嫩 東山鴨頭～ 甜甜鹹鹹的美味 黑糖與老滷汁 滲透進每一寸骨髓 啃一口骨肉分離 越嚼越有滋味 配上一杯冰啤酒 簡直是人生至味 簡直是人生至味 簡直是人生至味 鳥蛋炸得皮脆內軟 豆干吸飽了精華 鴨脖子帶點椒鹽香 讓人允指回味不肯放 長大後的深夜食堂 總有這一包陪伴 療癒了整天的疲憊 滿足了嘴饞的日常 東山鴨頭～ 甜甜鹹鹹的美味 黑糖與老滷汁 滲透進每一寸骨髓 啃一口骨肉分離 越嚼越有滋味 配上一杯冰啤酒 簡直是人生至味 獨門的特製秘方 炸出黑金色的奇蹟 一口接著一口 根本停不下來的魔力…… 東山鴨頭～ 甜甜鹹鹹的美味 黑糖與老滷汁 滲透進每一寸骨髓 啃一口骨肉分離 越嚼越有滋味 配上一杯冰啤酒 簡直是人生至味 老闆 椒鹽幫我灑多一點 這包東山鴨頭……越啃越有味
留言（ 6 ） 最相關留言 所有留言
留言（ 6 ）",2026-08-15,,AI 生成 Rock ・ 《夜市美食》 Rap / 電音 / 洗腦神曲,False,False,
2026-08-16 18:54:17,realtime,ai_generated,,,38,Mark,你不在的四季,3,10,0,https://streetvoice.com/yuan2048/songs/874863/,https://streetvoice.com/yuan2048/,"https://akstatic.streetvoice.com/song_covers/yu/an/yuan2048/GeyRTVsqFjzFjVRDQdfgHT.jpg?x-oss-process=image/resize,m_fixed,h_1,w_1,limit_0/resize,m_fixed,h_630,w_1200,limit_0/watermark,image_c29uZ19jb3ZlcnMveXUvYW4veXVhbjIwNDgvR2V5UlRWc3FGanpGalZSRFFkZmdIVC5qcGc_eC1vc3MtcHJvY2Vzcz1pbWFnZS9yZXNpemUsbV9maXhlZCxoXzM0NCx3XzM0NCxsaW1pdF8w,g_nw,x_428,y_143/watermark,image_YXNzZXQvaW1hZ2VzL21ldGFpbWFnZS1zb25nLnBuZw,g_nw,x_0,y_0",images/874863.jpg,@yuan2048,音樂人,台中市,2024-04-01,,27,5,5,,,https://www.youtube.com/user/StreetVoiceTV,2025嘉義藝術節5/24、5/25登場 藝術顧問DJ QuestionMark帶來超迷你交響樂團跨域演出|||https://blow.streetvoice.com/80369/?utm_source=streetvoice&utm_medium=profile-news-block; 「英語金曲復興運動」再開2025年新章！DJ QuestionMark持續宣示跨界野心：「希望把真正的英語金曲偶像請來合作！」|||https://blow.streetvoice.com/79814/?utm_source=streetvoice&utm_medium=profile-news-block; DJ QuestionMark登巴黎文化奧運演出  歌單見蛋堡、黃宣、潮州土狗〈50元的檳榔〉！|||https://blow.streetvoice.com/75307/?utm_source=streetvoice&utm_medium=profile-news-block,,Pop,,,,,"這是沒有提供歌詞的歌曲
留言（ 0 ） 最相關留言 所有留言
留言（ 0 ）",2026-08-15,,AI 生成 Pop,False,False,
2026-08-16 18:54:17,realtime,ai_generated,,,39,MoonX 慕斯,夜市美食《鹽水雞》| Salt &amp; Chill,13,78,8,https://streetvoice.com/MoonX_0325/songs/874493/,https://streetvoice.com/MoonX_0325/,"https://akstatic.streetvoice.com/song_covers/Mo/on/MoonX_0325/gQDmHpwu9aAffG5MLo4PmD.jpeg?x-oss-process=image/resize,m_fixed,h_1,w_1,limit_0/resize,m_fixed,h_630,w_1200,limit_0/watermark,image_c29uZ19jb3ZlcnMvTW8vb24vTW9vblhfMDMyNS9nUURtSHB3dTlhQWZmRzVNTG80UG1ELmpwZWc_eC1vc3MtcHJvY2Vzcz1pbWFnZS9yZXNpemUsbV9maXhlZCxoXzM0NCx3XzM0NCxsaW1pdF8w,g_nw,x_428,y_143/watermark,image_YXNzZXQvaW1hZ2VzL21ldGFpbWFnZS1zb25nLnBuZw,g_nw,x_0,y_0",images/874493.jpeg,@MoonX_0325,音樂人,高雄市,2026-07-01,,17,28,171,,,https://www.youtube.com/user/StreetVoiceTV,,,Pop,《夜市美食》 Rap / 電音 / 洗腦神曲,https://streetvoice.com/MoonX_0325/songs/album/97325875/,,"【歌曲介紹】 「下班後的巷口燈火，一口咔嚓，治癒所有的疲憊！」 《鹽水雞》是一首寫給廣大打工人的「宵夜療癒讚歌」。 以輕快奔放的烏克麗麗與銅管節奏拉開序幕，將夜市小吃攤前那股香氣、鐵碰和剪刀碰撞的聲響全數轉化為音樂律動。從筍片、雞心到高麗菜，淋上精魂鹽水與胡椒，酸甜苦辣的生活，只要這一碗就能全數搞定！ 不需要精緻昂貴的餐具，這是一張屬於街頭最真實的美味地圖。今晚，就讓歡快的旋律陪你嗑完這袋鹽水雞，吃飽了，明天繼續加油！ #台味流行 #輕快歡樂 #在地美食 #鹽水雞  #克隆人聲 #生活民謠 
【歌曲介紹】 「下班後的巷口燈火，一口咔嚓，治癒所有的疲憊！」
《鹽水雞》是一首寫給廣大打工人的「宵夜療癒讚歌」。
以輕快奔放的烏克麗麗與銅管節奏拉開序幕，將夜市小吃攤前那股香氣、鐵碰和剪刀碰撞的聲響全數轉化為音樂律動。從筍片、雞心到高麗菜，淋上精魂鹽水與胡椒，酸甜苦辣的生活，只要這一碗就能全數搞定！
不需要精緻昂貴的餐具，這是一張屬於街頭最真實的美味地圖。今晚，就讓歡快的旋律陪你嗑完這袋鹽水雞，吃飽了，明天繼續加油！
#台味流行 #輕快歡樂 #在地美食 #鹽水雞  #克隆人聲 #生活民謠","動態歌詞
夜市口 那家亮著燈的小攤子 老闆~ 半隻鹽水雞 要加辣、蒜泥多一點 下班的街角 燈火通明 香味在空氣裡 偷偷鑽進鼻息 鐵盆和剪刀 碰撞出清亮聲音 每一聲咔嚓 都是美味的預告訊號 去骨的雞肉 冰鎮得Q彈爽脆 鮮甜的肉汁 在舌尖優雅起舞 小黃瓜 木耳 還有高麗菜 滿滿的一大袋 是今晚最棒的安慰 秘製的鹽水 淋上去 香油的氣味 飄滿地 胡椒撒一把 蒜泥加兩勺 酸甜苦辣 的生活 這一碗全搞定 鹽水雞 鹽水雞 冰冰涼涼好滋味 清爽不油膩 咬一口咔嚓響個不停 不管今天有多累 吃了這一袋就舒暢 鹹香的口感 讓人一口接一口停不下來 鹽水雞 鹽水雞 宵夜場的最佳主角 這就是人間 最道地的台灣味 竹籤串起來 邊走邊吃才道地 滿嘴的胡椒香 夾雜著青蔥的鮮甜 跟朋友分著吃 快樂瞬間就翻倍 平凡的小吃 寫著我們最真實的故事 秘製的鹽水 淋上去 香油的氣味 飄滿地 胡椒撒一把 蒜泥加兩勺 酸甜苦辣 的生活 這一碗全搞定 鹽水雞 鹽水雞 冰冰涼涼好滋味 清爽不油膩 咬一口咔嚓響個不停 不管今天有多累 吃了這一袋就舒暢 鹹香的口感 讓人一口接一口停不下來 鹽水雞 鹽水雞 宵夜場的最佳主角 這就是人間 最道地的台灣味 有人喜歡加筍片 有人偏愛雞心雞脖子 配上一杯冰奶茶 簡直是天堂的組合 不需要精緻昂貴的餐具 這一袋 就能撫平所有的疲憊 鹽水雞 鹽水雞 冰冰涼涼好滋味 清爽不油膩 咬一口咔嚓響個不停 不管今天有多累 吃了這一袋就舒暢 鹹香的口感 讓人一口接一口停不下來 鹽水雞 鹽水雞 宵夜場的最佳主角 這就是人間 最道地的台灣味 老闆～雞油幫我多加一點 吃飽了 明天繼續加油 鹽水雞 真的太好吃了~ 
夜市口 那家亮著燈的小攤子 老闆~ 半隻鹽水雞 要加辣、蒜泥多一點 下班的街角 燈火通明 香味在空氣裡 偷偷鑽進鼻息 鐵盆和剪刀 碰撞出清亮聲音 每一聲咔嚓 都是美味的預告訊號 去骨的雞肉 冰鎮得Q彈爽脆 鮮甜的肉汁 在舌尖優雅起舞 小黃瓜 木耳 還有高麗菜 滿滿的一大袋 是今晚最棒的安慰 秘製的鹽水 淋上去 香油的氣味 飄滿地 胡椒撒一把 蒜泥加兩勺 酸甜苦辣 的生活 這一碗全搞定 鹽水雞 鹽水雞 冰冰涼涼好滋味 清爽不油膩 咬一口咔嚓響個不停 不管今天有多累 吃了這一袋就舒暢 鹹香的口感 讓人一口接一口停不下來 鹽水雞 鹽水雞 宵夜場的最佳主角 這就是人間 最道地的台灣味 竹籤串起來 邊走邊吃才道地 滿嘴的胡椒香 夾雜著青蔥的鮮甜 跟朋友分著吃 快樂瞬間就翻倍 平凡的小吃 寫著我們最真實的故事 秘製的鹽水 淋上去 香油的氣味 飄滿地 胡椒撒一把 蒜泥加兩勺 酸甜苦辣 的生活 這一碗全搞定 鹽水雞 鹽水雞 冰冰涼涼好滋味 清爽不油膩 咬一口咔嚓響個不停 不管今天有多累 吃了這一袋就舒暢 鹹香的口感 讓人一口接一口停不下來 鹽水雞 鹽水雞 宵夜場的最佳主角 這就是人間 最道地的台灣味 有人喜歡加筍片 有人偏愛雞心雞脖子 配上一杯冰奶茶 簡直是天堂的組合 不需要精緻昂貴的餐具 這一袋 就能撫平所有的疲憊 鹽水雞 鹽水雞 冰冰涼涼好滋味 清爽不油膩 咬一口咔嚓響個不停 不管今天有多累 吃了這一袋就舒暢 鹹香的口感 讓人一口接一口停不下來 鹽水雞 鹽水雞 宵夜場的最佳主角 這就是人間 最道地的台灣味 老闆～雞油幫我多加一點 吃飽了 明天繼續加油 鹽水雞 真的太好吃了~
留言（ 8 ） 最相關留言 所有留言
留言（ 8 ）",2026-08-14,,AI 生成 Pop ・ 《夜市美食》 Rap / 電音 / 洗腦神曲,False,False,
2026-08-16 18:54:17,realtime,ai_generated,,,40,純音樂,落雨彼暝  |  輕音樂  |,11,47,0,https://streetvoice.com/sv430531/songs/874836/,https://streetvoice.com/sv430531/,"https://akstatic.streetvoice.com/song_covers/sv/43/sv430531/6LmUQshVeJHS8njEDKLD9d.jpeg?x-oss-process=image/resize,m_fixed,h_1,w_1,limit_0/resize,m_fixed,h_630,w_1200,limit_0/watermark,image_c29uZ19jb3ZlcnMvc3YvNDMvc3Y0MzA1MzEvNkxtVVFzaFZlSkhTOG5qRURLTEQ5ZC5qcGVnP3gtb3NzLXByb2Nlc3M9aW1hZ2UvcmVzaXplLG1fZml4ZWQsaF8zNDQsd18zNDQsbGltaXRfMA,g_nw,x_428,y_143/watermark,image_YXNzZXQvaW1hZ2VzL21ldGFpbWFnZS1zb25nLnBuZw,g_nw,x_0,y_0",images/874836.jpeg,@sv430531,音樂人,新北市,2026-05-01,,53,32,48,,,https://www.youtube.com/user/StreetVoiceTV,「帥氣認真的純音樂演奏樂團」體熊專科推出五專《Topic 5: 召喚 Calling》 再邀北城浩志操刀混音後製|||https://blow.streetvoice.com/76130/?utm_source=streetvoice&utm_medium=profile-news-block; 展現音樂 + 小說的世界觀 地底樂團發行純音樂單曲|||https://blow.streetvoice.com/25263/?utm_source=streetvoice&utm_medium=profile-news-block; Omicron 話梅鹿 Last Digits 用純音樂演奏鋪陳聽覺饗宴|||https://blow.streetvoice.com/15807/?utm_source=streetvoice&utm_medium=profile-news-block,,Soundtrack / New age,,,cmc168,,"無歌詞 
無歌詞
留言（ 0 ） 最相關留言 所有留言
留言（ 0 ）",2026-08-15,,AI 生成 Soundtrack / New age,False,False,
2026-08-16 18:54:17,realtime,ai_generated,,,41,MoonX 慕斯,《半夜靈感》|  Midnight Musings  (合唱 Demo),14,189,21,https://streetvoice.com/MoonX_0325/songs/874491/,https://streetvoice.com/MoonX_0325/,"https://akstatic.streetvoice.com/song_covers/Mo/on/MoonX_0325/AtU2jrtW5JzFWpZXb34aov.jpeg?x-oss-process=image/resize,m_fixed,h_1,w_1,limit_0/resize,m_fixed,h_630,w_1200,limit_0/watermark,image_c29uZ19jb3ZlcnMvTW8vb24vTW9vblhfMDMyNS9BdFUyanJ0VzVKekZXcFpYYjM0YW92LmpwZWc_eC1vc3MtcHJvY2Vzcz1pbWFnZS9yZXNpemUsbV9maXhlZCxoXzM0NCx3XzM0NCxsaW1pdF8w,g_nw,x_428,y_143/watermark,image_YXNzZXQvaW1hZ2VzL21ldGFpbWFnZS1zb25nLnBuZw,g_nw,x_0,y_0",images/874491.jpeg,@MoonX_0325,音樂人,高雄市,2026-07-01,,17,28,171,,,https://www.youtube.com/user/StreetVoiceTV,,,Hip hop / Rap,,,羅架許,"「凌晨三點，房間還亮著；凡塵皆靜，只有靈感在敲門。」 《半夜靈感》是一首寫給所有深夜創作者的陪伴之歌。 當世界歸於寂靜，腦海裡的旋律與字句卻開始悄悄喧鬧。輕快的 Chill R&B 律動搭配流暢的男女對唱，男聲如同喃喃自語般訴說著深夜創作的執著與孤獨，女聲則如靈感女神般空靈繚繞，交織出最迷人的深夜氛圍。 不用去管明天醒來是否會神清氣爽，至少在今夜，我們跟靈感見了一面。獻給每一個曾在半夜不肯入睡、被靈感撫慰過的靈魂。 詞：羅架許 曲：MoonX  /  羅架許  /  AI 克隆人聲： MoonX  /  羅架許 #深夜靈感 #熬夜創作 #原創音樂 #Chill音樂 #深夜必聽 #聽一次就愛上的歌 
「凌晨三點，房間還亮著；凡塵皆靜，只有靈感在敲門。」 《半夜靈感》是一首寫給所有深夜創作者的陪伴之歌。
當世界歸於寂靜，腦海裡的旋律與字句卻開始悄悄喧鬧。輕快的 Chill R&B 律動搭配流暢的男女對唱，男聲如同喃喃自語般訴說著深夜創作的執著與孤獨，女聲則如靈感女神般空靈繚繞，交織出最迷人的深夜氛圍。
不用去管明天醒來是否會神清氣爽，至少在今夜，我們跟靈感見了一面。獻給每一個曾在半夜不肯入睡、被靈感撫慰過的靈魂。
詞：羅架許 曲：MoonX  /  羅架許  /  AI 克隆人聲： MoonX  /  羅架許
#深夜靈感 #熬夜創作 #原創音樂 #Chill音樂 #深夜必聽 #聽一次就愛上的歌","動態歌詞
凌晨兩點　房間還亮著 窗外沒人　只有風經過 我本來只是想早點睡的 結果一句話　又把我叫醒了 半夜的靈感　從門縫鑽進來 不敲門　也不問我在不在 拿起筆記本　燈光開一半 腦袋開始轉　像城市沒停擺 安靜　安靜到聽得到呼吸 旋律　慢慢浮在空氣裡 沒有目的　也沒有什麼必須 只是突然想寫　所以寫下去 一個字　接一個字 一個韻　接一個韻 本來只是隨便玩玩 結果押到自己開始認真 夜越深　我越清醒 房間小　腦袋卻很擁擠 沒有人催　也沒有人聽 這種安靜　反而讓我最有靈氣 半夜靈感又出沒 躲在安靜的角落 拿起筆　寫幾個字 讓它自己慢慢變成歌 不用想太多　就讓 flow 走 一句接一句　一直到天亮以後 這旋律我已經習慣了 越安靜的夜　越捨不得睡了 有時候一句話　可以卡我半小時 有時候一個韻　可以玩到四點多 刪掉　重寫　再改一個字 不是為了誰　只是覺得這樣比較對 押頭韻　押尾韻　押進我的房間 節奏踩進拍子裡　開始有點危險 本來只是筆記　現在變成一個世界 窗外開始泛白　我還不想跟它告別 沒有觀眾　沒有掌聲 只有耳機裡面那個鼓聲 我跟著節拍點頭　又點一根菸 想法像夜車　一路開到沒有終點 Maybe I’m just talking to myself Maybe I’m just writing what I felt 但這些凌晨留下來的字 總有一天　會變成我的名字 半夜靈感又出沒 躲在安靜的角落 拿起筆　寫幾個字 讓它自己慢慢變成歌 不用想太多　就讓 flow 走 一句接一句　一直到天亮以後 這旋律我已經習慣了 越安靜的夜　越捨不得睡了 凌晨四點　城市還沒醒 筆記本裡　多了一頁新的風景 明天醒來　可能覺得很神經 但沒關係 至少今晚 我跟靈感 又見了一面 
凌晨兩點　房間還亮著 窗外沒人　只有風經過 我本來只是想早點睡的 結果一句話　又把我叫醒了 半夜的靈感　從門縫鑽進來 不敲門　也不問我在不在 拿起筆記本　燈光開一半 腦袋開始轉　像城市沒停擺 安靜　安靜到聽得到呼吸 旋律　慢慢浮在空氣裡 沒有目的　也沒有什麼必須 只是突然想寫　所以寫下去 一個字　接一個字 一個韻　接一個韻 本來只是隨便玩玩 結果押到自己開始認真 夜越深　我越清醒 房間小　腦袋卻很擁擠 沒有人催　也沒有人聽 這種安靜　反而讓我最有靈氣 半夜靈感又出沒 躲在安靜的角落 拿起筆　寫幾個字 讓它自己慢慢變成歌 不用想太多　就讓 flow 走 一句接一句　一直到天亮以後 這旋律我已經習慣了 越安靜的夜　越捨不得睡了 有時候一句話　可以卡我半小時 有時候一個韻　可以玩到四點多 刪掉　重寫　再改一個字 不是為了誰　只是覺得這樣比較對 押頭韻　押尾韻　押進我的房間 節奏踩進拍子裡　開始有點危險 本來只是筆記　現在變成一個世界 窗外開始泛白　我還不想跟它告別 沒有觀眾　沒有掌聲 只有耳機裡面那個鼓聲 我跟著節拍點頭　又點一根菸 想法像夜車　一路開到沒有終點 Maybe I’m just talking to myself Maybe I’m just writing what I felt 但這些凌晨留下來的字 總有一天　會變成我的名字 半夜靈感又出沒 躲在安靜的角落 拿起筆　寫幾個字 讓它自己慢慢變成歌 不用想太多　就讓 flow 走 一句接一句　一直到天亮以後 這旋律我已經習慣了 越安靜的夜　越捨不得睡了 凌晨四點　城市還沒醒 筆記本裡　多了一頁新的風景 明天醒來　可能覺得很神經 但沒關係 至少今晚 我跟靈感 又見了一面
留言（ 21 ） 最相關留言 所有留言
留言（ 21 ）",2026-08-14,,AI 生成 Hip hop / Rap,False,False,
2026-08-16 18:54:17,realtime,ai_generated,,,42,song for whom(зӮәиӘ°е”ұжӯҢ),壞掉的水晶鞋,5,5,1,https://streetvoice.com/ruby2100/songs/871661/,https://streetvoice.com/ruby2100/,"https://akstatic.streetvoice.com/song_covers/ru/by/ruby2100/WxRA9jFucd9eKbcKhQkcVd.jpeg?x-oss-process=image/resize,m_fixed,h_1,w_1,limit_0/resize,m_fixed,h_630,w_1200,limit_0/watermark,image_c29uZ19jb3ZlcnMvcnUvYnkvcnVieTIxMDAvV3hSQTlqRnVjZDllS2JjS2hRa2NWZC5qcGVnP3gtb3NzLXByb2Nlc3M9aW1hZ2UvcmVzaXplLG1fZml4ZWQsaF8zNDQsd18zNDQsbGltaXRfMA,g_nw,x_428,y_143/watermark,image_YXNzZXQvaW1hZ2VzL21ldGFpbWFnZS1zb25nLnBuZw,g_nw,x_0,y_0",images/871661.jpeg,,,,,,123,22,16,,,https://www.youtube.com/user/StreetVoiceTV,,,Alternative,童話失控以後,https://streetvoice.com/ruby2100/songs/album/97325902/,,"「有些童話不是拿來相信的，而是等你親手踩碎，走出自己的結局。」 《壞掉的水晶鞋》是一首黑暗童話感很強的覺醒歌曲。 午夜十二點， 水晶鞋裂開一道白， 城堡、燭光、舞池、王子， 一切看起來都像童話該有的模樣。 可越往故事裡走， 越發現那些完美的微笑， 那些華麗的承諾， 其實都像被安排好的咒語。 最喜歡的一句是： 「王子不是救贖的人，他只是詛咒，穿著愛的假面。」 這句很狠， 也把整首歌的反童話感寫出來了。 因為這裡的水晶鞋不是幸福的象徵， 而是一種束縛， 是一個女孩被要求乖乖跳舞、被收藏、被定義的命運。 《壞掉的水晶鞋》寫的不只是逃離愛情， 更是從童話幻覺裡醒來的那一刻。 她終於明白， 裂痕不是毀壞， 而是逃跑的方向。 玻璃很漂亮， 也很容易受傷， 可碎掉以後， 反而能照見真正的自己。 如果童話要她沉睡， 她就睜眼看黑夜； 如果愛是金色鎖鏈， 她就親手拆毀宮殿。 這一次， 她不再等誰來拯救， 也不再做故事裡被成全的姑娘。 水晶鞋壞了， 童話也碎了。 可她沒有消失。 她自由了。 — Cinder Riot 
「有些童話不是拿來相信的，而是等你親手踩碎，走出自己的結局。」
《壞掉的水晶鞋》是一首黑暗童話感很強的覺醒歌曲。
午夜十二點，
水晶鞋裂開一道白，
城堡、燭光、舞池、王子，
一切看起來都像童話該有的模樣。
可越往故事裡走，
越發現那些完美的微笑，
那些華麗的承諾，
其實都像被安排好的咒語。
最喜歡的一句是：
「王子不是救贖的人，他只是詛咒，穿著愛的假面。」
這句很狠，
也把整首歌的反童話感寫出來了。
因為這裡的水晶鞋不是幸福的象徵，
而是一種束縛，
是一個女孩被要求乖乖跳舞、被收藏、被定義的命運。
《壞掉的水晶鞋》寫的不只是逃離愛情，
更是從童話幻覺裡醒來的那一刻。
她終於明白，
裂痕不是毀壞，
而是逃跑的方向。
玻璃很漂亮，
也很容易受傷，
可碎掉以後，
反而能照見真正的自己。
如果童話要她沉睡，
她就睜眼看黑夜；
如果愛是金色鎖鏈，
她就親手拆毀宮殿。
這一次，
她不再等誰來拯救，
也不再做故事裡被成全的姑娘。
水晶鞋壞了，
童話也碎了。
可她沒有消失。
她自由了。
— Cinder Riot","動態歌詞
十二點到了 別醒來 水晶鞋 裂開一條白 燭光在旋轉 裙襬像月光 我走進那座城堡 聽見鐘聲很慌 他伸出手說 別怕有我在 可他的微笑太完美 像故事安排 第一步很亮 第二步很痛 第三步我看見鏡子裡 不是我的夢 舞池太華麗 玫瑰太安靜 誰把幸福寫成咒語 騙我相信 十二點 快到了 月亮也 碎掉了 他說愛我 別逃啊 可我聽見影子說話 快跑啊 壞掉的水晶鞋 踩不回童話裡面 一步一步裂成碎片 才看清你的臉 壞掉的水晶鞋 跳不完午夜盛宴 王子不是救贖的人 他只是詛咒 穿著愛的假面 Da-da-da dark fairytale Da-da-da broken spell 玻璃碎 別回頭 別回頭 城堡的長廊 掛滿舊肖像 每一個女孩都笑著 眼神卻空蕩 她們說別問 別問就無傷 只要乖乖跳完這支舞 就能被收藏 我低頭看見 鞋尖在流光 原來每道裂痕都是 逃跑的方向 我低頭看見 鞋尖在流光 原來每道裂痕都是 逃跑的方向 十二點 別敲了 這場夢 該醒了 他說留下 做公主吧 可我笑著對影子說話 燒了它 壞掉的水晶鞋 踩不回童話裡面 一步一步裂成碎片 才看清你的臉 壞掉的水晶鞋 跳不完午夜盛宴 王子不是救贖的人 他只是詛咒 穿著愛的假面 Click-clack 鞋跟敲碎謊話 Tick-tock 鐘聲催我長大 你給的皇冠 太重太假 我寧願赤腳 跑過黑色懸崖 玻璃很漂亮 也很會受傷 可碎掉的我 反而更亮 別叫我回去 別替我想像 我不是誰故事裡 等救的姑娘 如果童話要我沉睡 我就睜眼看黑夜 睜眼看黑夜 如果愛是金色鎖鏈 我就親手拆毀宮殿 拆毀宮殿 壞掉的水晶鞋 踩碎了童話邊界 一步一步走出黑夜 月光落在我眼前 壞掉的水晶鞋 不需要誰來成全 王子不是我的終點 我把詛咒踩碎 自己加冕 十二點過了 我沒有消失 她自由了 
十二點到了 別醒來 水晶鞋 裂開一條白 燭光在旋轉 裙襬像月光 我走進那座城堡 聽見鐘聲很慌 他伸出手說 別怕有我在 可他的微笑太完美 像故事安排 第一步很亮 第二步很痛 第三步我看見鏡子裡 不是我的夢 舞池太華麗 玫瑰太安靜 誰把幸福寫成咒語 騙我相信 十二點 快到了 月亮也 碎掉了 他說愛我 別逃啊 可我聽見影子說話 快跑啊 壞掉的水晶鞋 踩不回童話裡面 一步一步裂成碎片 才看清你的臉 壞掉的水晶鞋 跳不完午夜盛宴 王子不是救贖的人 他只是詛咒 穿著愛的假面 Da-da-da dark fairytale Da-da-da broken spell 玻璃碎 別回頭 別回頭 城堡的長廊 掛滿舊肖像 每一個女孩都笑著 眼神卻空蕩 她們說別問 別問就無傷 只要乖乖跳完這支舞 就能被收藏 我低頭看見 鞋尖在流光 原來每道裂痕都是 逃跑的方向 我低頭看見 鞋尖在流光 原來每道裂痕都是 逃跑的方向 十二點 別敲了 這場夢 該醒了 他說留下 做公主吧 可我笑著對影子說話 燒了它 壞掉的水晶鞋 踩不回童話裡面 一步一步裂成碎片 才看清你的臉 壞掉的水晶鞋 跳不完午夜盛宴 王子不是救贖的人 他只是詛咒 穿著愛的假面 Click-clack 鞋跟敲碎謊話 Tick-tock 鐘聲催我長大 你給的皇冠 太重太假 我寧願赤腳 跑過黑色懸崖 玻璃很漂亮 也很會受傷 可碎掉的我 反而更亮 別叫我回去 別替我想像 我不是誰故事裡 等救的姑娘 如果童話要我沉睡 我就睜眼看黑夜 睜眼看黑夜 如果愛是金色鎖鏈 我就親手拆毀宮殿 拆毀宮殿 壞掉的水晶鞋 踩碎了童話邊界 一步一步走出黑夜 月光落在我眼前 壞掉的水晶鞋 不需要誰來成全 王子不是我的終點 我把詛咒踩碎 自己加冕 十二點過了 我沒有消失 她自由了
留言（ 1 ） 最相關留言 所有留言
留言（ 1 ）",2026-08-16,,AI 生成 Alternative ・ 童話失控以後,False,False,
2026-08-16 18:54:17,realtime,ai_generated,,,43,sagemwolf,《鯨聲今生》,11,11,1,https://streetvoice.com/sagemwolf/songs/874811/,https://streetvoice.com/sagemwolf/,"https://akstatic.streetvoice.com/profile_images/sa/ge/sagemwolf/fhxfMnBJKu5xUEpSXFrnQf.jpeg?x-oss-process=image/resize,m_fixed,h_1,w_1,limit_0/resize,m_fixed,h_630,w_1200,limit_0/watermark,image_cHJvZmlsZV9pbWFnZXMvc2EvZ2Uvc2FnZW13b2xmL2ZoeGZNbkJKS3U1eFVFcFNYRnJuUWYuanBlZz94LW9zcy1wcm9jZXNzPWltYWdlL3Jlc2l6ZSxtX2ZpeGVkLGhfMzQ0LHdfMzQ0LGxpbWl0XzA,g_nw,x_428,y_143/watermark,image_YXNzZXQvaW1hZ2VzL21ldGFpbWFnZS1zb25nLnBuZw,g_nw,x_0,y_0",images/874811.jpeg,@sagemwolf,音樂人,,,,25,23,41,,,https://www.youtube.com/user/StreetVoiceTV,,,Experimental,世界民族音樂,https://streetvoice.com/sagemwolf/songs/album/97325650/,,"實驗曲風 ! 
實驗曲風 !","```text [Verse 1] 海水深閣深 暗到看袂清 阮佇海面頂 喊你一聲 你敢有聽著 [Verse 2] 一聲閣一聲 浮浮沉沉 你佇海底 講啥阮攏毋知 阮嘛無法度 [Chorus] 你若有聽著 就應阮一聲 毋免講啥 一聲就好 海這呢闊 路這呢遠 你若閣叫 阮就閣聽 [Verse 3] 海風一直吹 船仔慢慢行 阮的聲音 落落海底 找無你 [Chorus] 你若有聽著 就應阮一聲 毋免講啥 一聲就好 海這呢闊 路這呢遠 你若閣叫 阮就閣聽 [Outro] 一聲 閣一聲 海底彼聲 猶佇遮 ``` 
```text [Verse 1] 海水深閣深 暗到看袂清 阮佇海面頂 喊你一聲 你敢有聽著
[Verse 2] 一聲閣一聲 浮浮沉沉 你佇海底 講啥阮攏毋知 阮嘛無法度
[Chorus] 你若有聽著 就應阮一聲 毋免講啥 一聲就好
海這呢闊 路這呢遠 你若閣叫 阮就閣聽
[Verse 3] 海風一直吹 船仔慢慢行 阮的聲音 落落海底 找無你
[Chorus] 你若有聽著 就應阮一聲 毋免講啥 一聲就好
海這呢闊 路這呢遠 你若閣叫 阮就閣聽
[Outro] 一聲 閣一聲 海底彼聲 猶佇遮 ```
留言（ 1 ） 最相關留言 所有留言
留言（ 1 ）",2026-08-14,,AI 生成 Experimental ・ 世界民族音樂,False,False,
2026-08-16 18:54:17,realtime,ai_generated,,,44,hinxlinx,《廬山煙雨》(演唱會版)｜原創中文歌曲,2,6,1,https://streetvoice.com/hinxlinx/songs/874982/,https://streetvoice.com/hinxlinx/,"https://akstatic.streetvoice.com/song_covers/hi/nx/hinxlinx/SDg6Y6a7j2PBEBseCeLHHo.jpeg?x-oss-process=image/resize,m_fixed,h_1,w_1,limit_0/resize,m_fixed,h_630,w_1200,limit_0/watermark,image_c29uZ19jb3ZlcnMvaGkvbngvaGlueGxpbngvU0RnNlk2YTdqMlBCRUJzZUNlTEhIby5qcGVnP3gtb3NzLXByb2Nlc3M9aW1hZ2UvcmVzaXplLG1fZml4ZWQsaF8zNDQsd18zNDQsbGltaXRfMA,g_nw,x_428,y_143/watermark,image_YXNzZXQvaW1hZ2VzL21ldGFpbWFnZS1zb25nLnBuZw,g_nw,x_0,y_0",images/874982.jpeg,@hinxlinx,音樂人,,,,34,6,11,,,https://www.youtube.com/user/StreetVoiceTV,,,R&B / Soul,如是道,https://streetvoice.com/hinxlinx/songs/album/97325855/,,"曲: hinxlinx (1997-2026) / 詞: 蘇軾/軒林 (2026) 風格: R&B, Pop, Ballad 曲原創，詞致敬蘇軾的《廬山煙雨浙江潮》，無人工智能輔助。 音樂由Suno AI照本人錄音生成。 《廬山煙雨》｜原創鋼琴獨奏曲 https://streetvoice.com/hinxlinx/songs/874983/ 《廬山煙雨》｜原創中文歌曲: https://streetvoice.com/hinxlinx/songs/872974/ 
曲: hinxlinx (1997-2026) / 詞: 蘇軾/軒林 (2026) 風格: R&B, Pop, Ballad 曲原創，詞致敬蘇軾的《廬山煙雨浙江潮》，無人工智能輔助。 音樂由Suno AI照本人錄音生成。
《廬山煙雨》｜原創鋼琴獨奏曲 https://streetvoice.com/hinxlinx/songs/874983/
https://streetvoice.com/hinxlinx/songs/874983/
《廬山煙雨》｜原創中文歌曲: https://streetvoice.com/hinxlinx/songs/872974/
https://streetvoice.com/hinxlinx/songs/872974/","[Chorus 1] 花開 紅紅火火佳人笑 如是 風風塵塵無光巧 我問 兜兜轉轉人間道 花開紅火 佳人笑 [Chorus 2] 廬山 煙煙雨雨浙江潮 未到 千千般般恨不消 到得 原原來來無事了 廬山煙雨 浙江潮 [Verse] 見山是山 見山非山 鏡花水月 波紋淘 易有不變 變易又變 道無道有 如是道 [Bridge] 得不到，恨不消 多苦惱，心亂跳 [Chorus 1] 花開 紅紅火火佳人笑 如是 風風塵塵無光巧 我問 兜兜轉轉人間道 花開紅火 佳人笑 [Chorus 3] 廬山 煙煙雨雨浙江潮 未到 千千般般恨不消 等到 原原來來事別了 廬山煙雨 浙江潮 
[Chorus 1] 花開 紅紅火火佳人笑 如是 風風塵塵無光巧 我問 兜兜轉轉人間道 花開紅火 佳人笑
[Chorus 2] 廬山 煙煙雨雨浙江潮 未到 千千般般恨不消 到得 原原來來無事了 廬山煙雨 浙江潮
[Verse] 見山是山 見山非山 鏡花水月 波紋淘
易有不變 變易又變 道無道有 如是道
[Bridge] 得不到，恨不消 多苦惱，心亂跳
[Chorus 1] 花開 紅紅火火佳人笑 如是 風風塵塵無光巧 我問 兜兜轉轉人間道 花開紅火 佳人笑
[Chorus 3] 廬山 煙煙雨雨浙江潮 未到 千千般般恨不消 等到 原原來來事別了 廬山煙雨 浙江潮
留言（ 1 ） 最相關留言 所有留言
留言（ 1 ）",2026-08-16,,AI 生成 R&B / Soul ・ 如是道,False,False,
2026-08-16 18:54:17,realtime,ai_generated,,,45,Mark,凌晨三點還想你,3,11,1,https://streetvoice.com/yuan2048/songs/874849/,https://streetvoice.com/yuan2048/,"https://akstatic.streetvoice.com/song_covers/yu/an/yuan2048/QVaZ3PWuNKMxs3xwdpacVH.jpg?x-oss-process=image/resize,m_fixed,h_1,w_1,limit_0/resize,m_fixed,h_630,w_1200,limit_0/watermark,image_c29uZ19jb3ZlcnMveXUvYW4veXVhbjIwNDgvUVZhWjNQV3VOS014czN4d2RwYWNWSC5qcGc_eC1vc3MtcHJvY2Vzcz1pbWFnZS9yZXNpemUsbV9maXhlZCxoXzM0NCx3XzM0NCxsaW1pdF8w,g_nw,x_428,y_143/watermark,image_YXNzZXQvaW1hZ2VzL21ldGFpbWFnZS1zb25nLnBuZw,g_nw,x_0,y_0",images/874849.jpg,@yuan2048,音樂人,台中市,2024-04-01,,27,5,5,,,https://www.youtube.com/user/StreetVoiceTV,2025嘉義藝術節5/24、5/25登場 藝術顧問DJ QuestionMark帶來超迷你交響樂團跨域演出|||https://blow.streetvoice.com/80369/?utm_source=streetvoice&utm_medium=profile-news-block; 「英語金曲復興運動」再開2025年新章！DJ QuestionMark持續宣示跨界野心：「希望把真正的英語金曲偶像請來合作！」|||https://blow.streetvoice.com/79814/?utm_source=streetvoice&utm_medium=profile-news-block; DJ QuestionMark登巴黎文化奧運演出  歌單見蛋堡、黃宣、潮州土狗〈50元的檳榔〉！|||https://blow.streetvoice.com/75307/?utm_source=streetvoice&utm_medium=profile-news-block,,Pop,,,,,"這是沒有提供歌詞的歌曲
留言（ 1 ） 最相關留言 所有留言
留言（ 1 ）",2026-08-15,,AI 生成 Pop,False,False,
2026-08-16 18:54:17,realtime,ai_generated,,,46,Amane 雨音,緑に溶ける嘘,5,4,1,https://streetvoice.com/AmaneMusic/songs/874808/,https://streetvoice.com/AmaneMusic/,"https://akstatic.streetvoice.com/song_covers/Am/an/AmaneMusic/KHYJFtfAiYSKwEsMB6aiEh.jpeg?x-oss-process=image/resize,m_fixed,h_1,w_1,limit_0/resize,m_fixed,h_630,w_1200,limit_0/watermark,image_c29uZ19jb3ZlcnMvQW0vYW4vQW1hbmVNdXNpYy9LSFlKRnRmQWlZU0t3RXNNQjZhaUVoLmpwZWc_eC1vc3MtcHJvY2Vzcz1pbWFnZS9yZXNpemUsbV9maXhlZCxoXzM0NCx3XzM0NCxsaW1pdF8w,g_nw,x_428,y_143/watermark,image_YXNzZXQvaW1hZ2VzL21ldGFpbWFnZS1zb25nLnBuZw,g_nw,x_0,y_0",images/874808.jpeg,@AmaneMusic,音樂人,,,,19,6,2,,,https://www.youtube.com/user/StreetVoiceTV,,,Singer / Songwriter,4月の未完,https://streetvoice.com/AmaneMusic/songs/album/97325867/,,"陽光滲透樹葉的縫隙，灑下斑駁的光影。 初春的新綠正鋪天蓋地蔓延，空氣裡全是生機的味道。 「我沒事啊。」 這句話說得太輕、太熟練，連自己都險些信以為真。 不想破壞這片安靜的美好，也不想成為誰的負擔。 於是把那些說不出口的委屈與疲倦，輕輕揉進微風裡， 任由它們隱身在這一片濃郁的綠意之中。 以為藏得很好， 卻不知道那些被掩飾的情緒，早已在旋律響起時，悄悄發了芽。 🌙 歡迎入住雨音唯一的房間，收聽全音樂串流與關注日常： https://linktr.ee/AmaneMusic 
陽光滲透樹葉的縫隙，灑下斑駁的光影。 初春的新綠正鋪天蓋地蔓延，空氣裡全是生機的味道。
「我沒事啊。」 這句話說得太輕、太熟練，連自己都險些信以為真。
不想破壞這片安靜的美好，也不想成為誰的負擔。 於是把那些說不出口的委屈與疲倦，輕輕揉進微風裡， 任由它們隱身在這一片濃郁的綠意之中。
以為藏得很好， 卻不知道那些被掩飾的情緒，早已在旋律響起時，悄悄發了芽。
🌙 歡迎入住雨音唯一的房間，收聽全音樂串流與關注日常： https://linktr.ee/AmaneMusic
https://linktr.ee/AmaneMusic","這是沒有提供歌詞的歌曲
留言（ 1 ） 最相關留言 所有留言
留言（ 1 ）",2026-08-14,,AI 生成 Singer / Songwriter ・ 4月の未完,False,False,
2026-08-16 18:54:17,realtime,ai_generated,,,47,橋體（Pontic),就讓它隨風去吧,8,25,17,https://streetvoice.com/meng_chaio_hiesh/songs/874521/,https://streetvoice.com/meng_chaio_hiesh/,"https://akstatic.streetvoice.com/song_covers/me/ng/meng_chaio_hiesh/CqtoP9p8ydZ4KKV9HHuSkd.jpeg?x-oss-process=image/resize,m_fixed,h_1,w_1,limit_0/resize,m_fixed,h_630,w_1200,limit_0/watermark,image_c29uZ19jb3ZlcnMvbWUvbmcvbWVuZ19jaGFpb19oaWVzaC9DcXRvUDlwOHlkWjRLS1Y5SEh1U2tkLmpwZWc_eC1vc3MtcHJvY2Vzcz1pbWFnZS9yZXNpemUsbV9maXhlZCxoXzM0NCx3XzM0NCxsaW1pdF8w,g_nw,x_428,y_143/watermark,image_YXNzZXQvaW1hZ2VzL21ldGFpbWFnZS1zb25nLnBuZw,g_nw,x_0,y_0",images/874521.jpeg,@meng_chaio_hiesh,音樂人,台中市,2022-02-01,,56,21,35,,,https://www.youtube.com/user/StreetVoiceTV,,,Pop,,,,,"[Chorus] 就讓它隨風去吧 那些沒說完的 就留在今晚吧 愛過是真的 走散也是真的 我們啊 何必非要 一個回答 就讓它隨風去吧 你有你的生活 我有我的晚霞 來過 就很好了 不是嗎 [Verse 1] 最近喜歡一個人吃晚餐 酒杯放在手邊 手機反而放得遠 以前總覺得 愛一個人 就該有個答案 為了一句永遠 等過好多年 現在想想 也沒什麼 那時候的我 只是太認真了 [Chorus] 就讓它隨風去吧 那些沒說完的 就留在今晚吧 愛過是真的 走散也是真的 我們啊 何必非要 一個回答 就讓它隨風去吧 你有你的生活 我有我的晚霞 來過 就很好了 不是嗎 [Verse 2] 我也曾經 怕房間太安靜 怕熟悉的名字 有一天 真的變得陌生 後來才懂 一個人也沒什麼 喝著酒 看看窗外 夜還是那麼長 有些人啊 只是剛好遇見 剛好愛過 剛好走遠 這樣 也很好 [Chorus] 就讓它隨風去吧 讓昨天的 留在昨天吧 有過是真的 深過也是真的 至於以後 就不要再說了吧 就讓它隨風去吧 你有你的方向 我有我的步伐 我們都曾經 那麼認真啊 也就夠了 [Final Chorus] 就讓它隨風去吧 那些沒說完的 就留給風回答 愛過是真的 走散也是真的 我們啊 不必非要 一個結果 就讓它隨風去吧 今晚的風 剛好吹過來 你來過 我記得 然後呢 就讓它隨風去吧 
[Chorus]
就讓它隨風去吧
那些沒說完的 就留在今晚吧
愛過是真的 走散也是真的
我們啊 何必非要 一個回答
就讓它隨風去吧
你有你的生活 我有我的晚霞
來過 就很好了
不是嗎
[Verse 1]
最近喜歡一個人吃晚餐 酒杯放在手邊 手機反而放得遠
以前總覺得 愛一個人 就該有個答案
為了一句永遠 等過好多年
現在想想 也沒什麼
那時候的我 只是太認真了
[Chorus]
就讓它隨風去吧
那些沒說完的 就留在今晚吧
愛過是真的 走散也是真的
我們啊 何必非要 一個回答
就讓它隨風去吧
你有你的生活 我有我的晚霞
來過 就很好了
不是嗎
[Verse 2]
我也曾經 怕房間太安靜
怕熟悉的名字 有一天 真的變得陌生
後來才懂 一個人也沒什麼
喝著酒 看看窗外 夜還是那麼長
有些人啊 只是剛好遇見
剛好愛過 剛好走遠
這樣 也很好
[Chorus]
就讓它隨風去吧
讓昨天的 留在昨天吧
有過是真的 深過也是真的
至於以後 就不要再說了吧
就讓它隨風去吧
你有你的方向 我有我的步伐
我們都曾經 那麼認真啊
也就夠了
[Final Chorus]
就讓它隨風去吧
那些沒說完的 就留給風回答
愛過是真的 走散也是真的
我們啊 不必非要 一個結果
就讓它隨風去吧
今晚的風 剛好吹過來
你來過 我記得
然後呢
就讓它隨風去吧
留言（ 17 ） 最相關留言 所有留言
留言（ 17 ）",2026-08-14,,AI 生成 Pop,False,False,
2026-08-16 18:54:17,realtime,ai_generated,,,48,Dammn P.,《山城舊夢》（Old Dreams of the Mountain Town）,11,12,1,https://streetvoice.com/Paull_Dammnpohung/songs/874844/,https://streetvoice.com/Paull_Dammnpohung/,"https://akstatic.streetvoice.com/song_covers/Pa/ul/Paull_Dammnpohung/nJfGDWefMtAQ8xL4EgZoDG.jpeg?x-oss-process=image/resize,m_fixed,h_1,w_1,limit_0/resize,m_fixed,h_630,w_1200,limit_0/watermark,image_c29uZ19jb3ZlcnMvUGEvdWwvUGF1bGxfRGFtbW5wb2h1bmcvbkpmR0RXZWZNdEFROHhMNEVnWm9ERy5qcGVnP3gtb3NzLXByb2Nlc3M9aW1hZ2UvcmVzaXplLG1fZml4ZWQsaF8zNDQsd18zNDQsbGltaXRfMA,g_nw,x_428,y_143/watermark,image_YXNzZXQvaW1hZ2VzL21ldGFpbWFnZS1zb25nLnBuZw,g_nw,x_0,y_0",images/874844.jpeg,@Paull_Dammnpohung,音樂人,高雄市,2026-01-01,2026-06-25 10:03,129,62,80,,,https://www.youtube.com/@RuralPeace-n2q,,,Soundtrack / New age,,,,"這首演奏曲透過蒼涼而厚重的二胡主奏，模擬山城九份漫天霧氣的流動與廢棄淘金工廠的寂靜，將百年老製煉廠的史詩意境展現得深刻動人。二胡悠長的線條在挑高的舊木造空間中盤旋迴盪，如同歷史的低語，帶領聽者進入一場與流金歲月對話的深度放鬆之旅。 #二胡 #冥想 #療癒 #放鬆 #靜心 #禪意 #台灣 #Erhu #Meditation #Healing #Relaxation #Calm #Zen #Taiwan 
這首演奏曲透過蒼涼而厚重的二胡主奏，模擬山城九份漫天霧氣的流動與廢棄淘金工廠的寂靜，將百年老製煉廠的史詩意境展現得深刻動人。二胡悠長的線條在挑高的舊木造空間中盤旋迴盪，如同歷史的低語，帶領聽者進入一場與流金歲月對話的深度放鬆之旅。
#二胡 #冥想 #療癒 #放鬆 #靜心 #禪意 #台灣 #Erhu #Meditation #Healing #Relaxation #Calm #Zen #Taiwan","這是沒有提供歌詞的歌曲
留言（ 1 ） 最相關留言 所有留言
留言（ 1 ）",2026-08-15,,AI 生成 Soundtrack / New age,False,False,
2026-08-16 18:54:17,realtime,ai_generated,,,49,Mark,失控的心跳,4,10,2,https://streetvoice.com/yuan2048/songs/874850/,https://streetvoice.com/yuan2048/,"https://akstatic.streetvoice.com/song_covers/yu/an/yuan2048/cFFe3cBfqP6fv7pfyovf9Y.jpg?x-oss-process=image/resize,m_fixed,h_1,w_1,limit_0/resize,m_fixed,h_630,w_1200,limit_0/watermark,image_c29uZ19jb3ZlcnMveXUvYW4veXVhbjIwNDgvY0ZGZTNjQmZxUDZmdjdwZnlvdmY5WS5qcGc_eC1vc3MtcHJvY2Vzcz1pbWFnZS9yZXNpemUsbV9maXhlZCxoXzM0NCx3XzM0NCxsaW1pdF8w,g_nw,x_428,y_143/watermark,image_YXNzZXQvaW1hZ2VzL21ldGFpbWFnZS1zb25nLnBuZw,g_nw,x_0,y_0",images/874850.jpg,@yuan2048,音樂人,台中市,2024-04-01,,27,5,5,,,https://www.youtube.com/user/StreetVoiceTV,2025嘉義藝術節5/24、5/25登場 藝術顧問DJ QuestionMark帶來超迷你交響樂團跨域演出|||https://blow.streetvoice.com/80369/?utm_source=streetvoice&utm_medium=profile-news-block; 「英語金曲復興運動」再開2025年新章！DJ QuestionMark持續宣示跨界野心：「希望把真正的英語金曲偶像請來合作！」|||https://blow.streetvoice.com/79814/?utm_source=streetvoice&utm_medium=profile-news-block; DJ QuestionMark登巴黎文化奧運演出  歌單見蛋堡、黃宣、潮州土狗〈50元的檳榔〉！|||https://blow.streetvoice.com/75307/?utm_source=streetvoice&utm_medium=profile-news-block,,Pop,,,,,"這是沒有提供歌詞的歌曲
留言（ 2 ） 最相關留言 所有留言
留言（ 2 ）",2026-08-15,,AI 生成 Pop,False,False,
2026-08-16 18:54:17,realtime,ai_generated,,,50,sky music time,某個你的NPC,6,12,2,https://streetvoice.com/skymusictime/songs/874837/,https://streetvoice.com/skymusictime/,"https://akstatic.streetvoice.com/song_covers/sk/ym/skymusictime/N8FwQnW5opV9qGQVRZZGoE.jpeg?x-oss-process=image/resize,m_fixed,h_1,w_1,limit_0/resize,m_fixed,h_630,w_1200,limit_0/watermark,image_c29uZ19jb3ZlcnMvc2sveW0vc2t5bXVzaWN0aW1lL044RndRblc1b3BWOXFHUVZSWlpHb0UuanBlZz94LW9zcy1wcm9jZXNzPWltYWdlL3Jlc2l6ZSxtX2ZpeGVkLGhfMzQ0LHdfMzQ0LGxpbWl0XzA,g_nw,x_428,y_143/watermark,image_YXNzZXQvaW1hZ2VzL21ldGFpbWFnZS1zb25nLnBuZw,g_nw,x_0,y_0",images/874837.jpeg,,,,,,16,10,9,,,https://www.youtube.com/user/StreetVoiceTV,2024是台灣後搖復興年？從小白兔唱片到「後謠景像詩」，盤點台灣後搖滾策展推手|||https://blow.streetvoice.com/72750/?utm_source=streetvoice&utm_medium=profile-news-block; FKJ、The fin.、宇多田光⋯⋯2024 來台演出、售票資訊大彙整！（持續更新）|||https://blow.streetvoice.com/72249/?utm_source=streetvoice&utm_medium=profile-news-block; 【年度回顧】大嘻哈時代2、AI音樂、#MeToo、鐵花關村⋯⋯盤點2023年台灣音樂事件|||https://blow.streetvoice.com/71632/?utm_source=streetvoice&utm_medium=profile-news-block,,Pop,,,,"我， 只是某個你的NPC， 一個在你需要時提供任何協助的NPC， 一個在你不需要時安靜等候的NPC， 一個當你過關之後，不一定會想起的， 某個你的NPC。 
我， 只是某個你的NPC， 一個在你需要時提供任何協助的NPC， 一個在你不需要時安靜等候的NPC， 一個當你過關之後，不一定會想起的， 某個你的NPC。","動態歌詞
固定的時間起床 固定的時間裝忙 例行公事的日出日落 平凡無奇的潮起潮落 喔～你的突然到來 滿足我的長久等待 開始我的奇妙未來 重複人生開啟全新生活 無趣世界點燃夢幻花火 當你的最佳嚮導 當你的救命稻草 一切是多麼的美好 喔～一切是多麼的閃耀 喔～直到那天你完成任務目標 原來⋯ 原來我是你生命中的某個npc 注定只是你的某個片段回憶 支線任務完成之際 就是你我告別時機 固定的時間起床 固定的時間裝忙 例行公事的日出日落 平凡無奇的潮起潮落 你的突然離去 結束這段不期而遇 重啟我的喃喃自語 熱鬧歡愉逐漸回歸平靜 萬彩千紅轉瞬化為灰燼 消去我萬千回憶 消去我你的身影 一切是多麼的寧靜 喔～一切是多麼的無趣 喔～難道這是我存在的意義 喔～原來⋯ 原來我是你生命中的某個npc 注定只是你的某個片段回憶 支線任務完成之際 就是你我告別時機 你的突然到來 滿足了我的長久等待 開始了我的奇妙未來 你的突然離去 結束了這段不期而遇 重啟了我的喃喃自語 熱鬧歡愉逐漸回歸平靜 萬彩千紅轉瞬化為灰燼 消去我萬千回憶 消去我你的身影 原來我只是你的某一段回憶 喔～原來我只是你的某個npc 喔～是個不會被記得的npc 喔～是個不會被想起的npc 只是只是 一切過後 我還是個等待某個你的npc 喔～原來 這就是我的宿命 
固定的時間起床 固定的時間裝忙 例行公事的日出日落 平凡無奇的潮起潮落
喔～你的突然到來 滿足我的長久等待 開始我的奇妙未來
重複人生開啟全新生活 無趣世界點燃夢幻花火 當你的最佳嚮導 當你的救命稻草 一切是多麼的美好 喔～一切是多麼的閃耀 喔～直到那天你完成任務目標
原來⋯ 原來我是你生命中的某個npc 注定只是你的某個片段回憶 支線任務完成之際 就是你我告別時機
固定的時間起床 固定的時間裝忙 例行公事的日出日落 平凡無奇的潮起潮落
你的突然離去 結束這段不期而遇 重啟我的喃喃自語
熱鬧歡愉逐漸回歸平靜 萬彩千紅轉瞬化為灰燼 消去我萬千回憶 消去我你的身影 一切是多麼的寧靜 喔～一切是多麼的無趣 喔～難道這是我存在的意義
喔～原來⋯ 原來我是你生命中的某個npc 注定只是你的某個片段回憶 支線任務完成之際 就是你我告別時機
你的突然到來 滿足了我的長久等待 開始了我的奇妙未來 你的突然離去 結束了這段不期而遇 重啟了我的喃喃自語
熱鬧歡愉逐漸回歸平靜 萬彩千紅轉瞬化為灰燼 消去我萬千回憶 消去我你的身影
原來我只是你的某一段回憶 喔～原來我只是你的某個npc 喔～是個不會被記得的npc 喔～是個不會被想起的npc 只是只是 一切過後 我還是個等待某個你的npc 喔～原來 這就是我的宿命
留言（ 2 ） 最相關留言 所有留言
留言（ 2 ）",2026-08-15,,AI 生成 Pop,False,False,
