snapshot_time,chart_timeframe,chart_genre,chart_year,chart_week,rank,artist_name,song_title,likes_count,play_count,comments_count,song_url,artist_url,cover_image_url,cover_image_local_path,artist_handle,artist_identity,artist_city,artist_joined_date,artist_accredited_datetime,artist_music_count,artist_fans_count,artist_following_count,artist_facebook_url,artist_instagram_url,artist_youtube_url,related_news,big_thing_appearances,genre,album_title,album_url,collaborators,description,lyrics,release_date,song_accredited_datetime,honors,is_editor_recommended,is_song_of_the_day,critic_review_url
2026-08-23 01:43:24,realtime,urban,,,1,李敏哲,Cocktail Speedo Lifesaver,16,613,13,https://streetvoice.com/minzer_c_lee/songs/875408/,https://streetvoice.com/minzer_c_lee/,"https://akstatic.streetvoice.com/song_covers/mi/nz/minzer_c_lee/5vs7JLSUTozYhFP6dE9hXv.jpeg?x-oss-process=image/resize,m_fixed,h_1,w_1,limit_0/resize,m_fixed,h_630,w_1200,limit_0/watermark,image_c29uZ19jb3ZlcnMvbWkvbnovbWluemVyX2NfbGVlLzV2czdKTFNVVG96WWhGUDZkRTloWHYuanBlZz94LW9zcy1wcm9jZXNzPWltYWdlL3Jlc2l6ZSxtX2ZpeGVkLGhfMzQ0LHdfMzQ0LGxpbWl0XzA,g_nw,x_428,y_143/watermark,image_YXNzZXQvaW1hZ2VzL21ldGFpbWFnZS1zb25nLnBuZw,g_nw,x_0,y_0",images/875408.jpeg,@minzer_c_lee,音樂人,,,,15,29,41,,,https://www.youtube.com/user/StreetVoiceTV,,,Jazz,,,雷克非 Christopher R,"海風徐徐的木頭吧檯前,沒有比這杯 Martini 和我更高雅的了。 無聊的周三下午,這沙灘真的沒什麼看頭。 欸,一條 Mini Cocktail Speedo 晃過去。 品味,有點俗……但字印得,還挺清楚。 我沒有在看。 真的沒有。 啊——他，怎麽又走回來了啦。 
海風徐徐的木頭吧檯前,沒有比這杯 Martini 和我更高雅的了。 無聊的周三下午,這沙灘真的沒什麼看頭。
欸,一條 Mini Cocktail Speedo 晃過去。 品味,有點俗……但字印得,還挺清楚。
我沒有在看。 真的沒有。
啊——他，怎麽又走回來了啦。","Just another afternoon by the sea... Nothing to see here... I was sipping something bitter, something cool Practicing my poise beside the shore Then the tide rolled in a different kind of wave Six-foot-two of trouble, tanned and brave Stay composed, darling, stay composed Don't spill the drink, don't strike a pose Cocktail Speedo, be still my heart Elegance is falling apart I'm holding on to my martini and my pride And somehow managing to spill a little of both Cocktail Speedo, walking like a crime I forgot the year, I forgot the time He adjusted nothing, didn't have to try Sunscreen glistening, catching every eye I said, “How refreshing,” meant to sound so calm It came out a whisper, not the voice that I know Stay composed, darling, stay composed Sweating right through your linen shirt Cocktail Speedo, be still my heart Elegance is falling apart I'm holding on to my martini and my pride And somehow managing to spill a little of both Cocktail Speedo, walking like a crime I forgot the year, I forgot the time Okay. Okay. Somebody get me a chair. This is not a drill. Someone pour me something stronger. Cocktail Speedo, there goes my composure Cocktail Speedo, somebody close the door I was elegant a minute ago-o-o Now I don't even know my own name anymore ...I'll have another. Same as before. Actually — make it a double. 
Just another afternoon by the sea... Nothing to see here...
I was sipping something bitter, something cool Practicing my poise beside the shore Then the tide rolled in a different kind of wave Six-foot-two of trouble, tanned and brave
Stay composed, darling, stay composed Don't spill the drink, don't strike a pose
Cocktail Speedo, be still my heart Elegance is falling apart I'm holding on to my martini and my pride And somehow managing to spill a little of both Cocktail Speedo, walking like a crime I forgot the year, I forgot the time
He adjusted nothing, didn't have to try Sunscreen glistening, catching every eye I said, “How refreshing,” meant to sound so calm It came out a whisper, not the voice that I know
Stay composed, darling, stay composed Sweating right through your linen shirt
Cocktail Speedo, be still my heart Elegance is falling apart I'm holding on to my martini and my pride And somehow managing to spill a little of both Cocktail Speedo, walking like a crime I forgot the year, I forgot the time
Okay. Okay. Somebody get me a chair. This is not a drill. Someone pour me something stronger.
Cocktail Speedo, there goes my composure Cocktail Speedo, somebody close the door I was elegant a minute ago-o-o Now I don't even know my own name anymore
...I'll have another. Same as before. Actually — make it a double.
留言（ 13 ） 最相關留言 所有留言
留言（ 13 ）",2026-08-19,,AI 協作 Jazz,False,False,
2026-08-23 01:43:24,realtime,urban,,,2,Poe3030,泡在山的時間裡 演唱demo版,12,139,12,https://streetvoice.com/poe3030/songs/875600/,https://streetvoice.com/poe3030/,"https://akstatic.streetvoice.com/song_covers/po/e3/poe3030/QZi6BdiLiRYvTLCjXV7oAu.jpeg?x-oss-process=image/resize,m_fixed,h_1,w_1,limit_0/resize,m_fixed,h_630,w_1200,limit_0/watermark,image_c29uZ19jb3ZlcnMvcG8vZTMvcG9lMzAzMC9RWmk2QmRpTGlSWXZUTENqWFY3b0F1LmpwZWc_eC1vc3MtcHJvY2Vzcz1pbWFnZS9yZXNpemUsbV9maXhlZCxoXzM0NCx3XzM0NCxsaW1pdF8w,g_nw,x_428,y_143/watermark,image_YXNzZXQvaW1hZ2VzL21ldGFpbWFnZS1zb25nLnBuZw,g_nw,x_0,y_0",images/875600.jpeg,@poe3030,音樂人,台北市,2008-11-01,2026-06-30 10:03,84,71,99,https://www.facebook.com/poe3030/,,https://www.youtube.com/@poe3030,,,R&B / Soul,,,,"好久沒有自己唱歌了，這陣子聽太多AI歌手，聽自己的聲音有些不習慣 
好久沒有自己唱歌了，這陣子聽太多AI歌手，聽自己的聲音有些不習慣","Verse 1 我們開著車離開城市 把霓虹留在後視鏡裡 山路一彎又一彎延續 像把喧鬧慢慢甩出去 窗外雲霧貼著山脊 你說今天不用急著回去 我笑著說那走遠點 到誰都找不到我們的地方去 Pre-Chorus 手機安靜躺在桌面 訊息也不必急著回 沒有激情也沒有眼淚 第一次覺得沉默也很美 Chorus 把城市留在山的那邊 讓熱氣慢慢遮住疲倦 我們什麼都不用表演 在白色蒸氣升起以前 你還戴著熟悉的那張臉 等水溫慢慢漫過肩 我們都只想被彼此看見 今晚就泡在山的時間裡 泡掉那些不敢說的秘密 泡掉你笑著說沒關係 泡掉我假裝早已忘記 如果愛需要一點勇氣 那就先把面具放岸邊去 不承諾明天會怎樣繼續 至少此刻我看見真正的你 Verse 2 你的頭髮沾了一點水氣 眼神卻比城市裡更清晰 沒有濃妝沒有距離 也沒有誰需要證明自己 你說只是習慣什麼都自己扛起 我說我們都假裝沒事而已 山風吹過屋簷的鈴 溫泉在夜裡輕輕呼吸 那些說不出口的事情 好像都被蒸氣帶去遠行 Chorus 把城市留在山的那邊 讓熱氣慢慢遮住疲倦 我們什麼都不用表演 在白色蒸氣升起以前 你還戴著熟悉的那張臉 等水溫慢慢漫過肩 我們都只是想被彼此看見 今晚就泡在山的時間裡 泡掉那些不敢說的秘密 泡掉你笑著說沒關係 泡掉我假裝早已忘記 如果愛需要一點勇氣 那就先把面具放在岸邊去 不承諾明天會怎樣繼續 至少此刻我看見真正的你 Bridge 也許明天醒來以後 我們還是要回到城市裡 重新學著和世界客氣 但至少這一夜 你沒有躲著我 我也沒有躲著你 山沒有問我們哪裡去 泉也沒有問我們的記憶 它只是讓兩個疲倦 安靜地在同一段時間裡 Final Chorus 把城市留在山的那邊 讓熱氣慢慢遮住疲倦 如果人生總有太多明天 今晚就別急著走遠 在白色蒸氣消散以前 讓我再看你一眼 不用承諾永遠 不用回答愛會不會改變 今晚就泡在山的時間裡 泡掉我們身上的秘密 泡掉那些逞強的自己 泡到只剩下我和你 那多年以後再想起 我們曾經 把城市留在山的那邊 泡在山的時間裡談天 
Verse 1 我們開著車離開城市 把霓虹留在後視鏡裡 山路一彎又一彎延續 像把喧鬧慢慢甩出去 窗外雲霧貼著山脊 你說今天不用急著回去 我笑著說那走遠點 到誰都找不到我們的地方去 Pre-Chorus 手機安靜躺在桌面 訊息也不必急著回 沒有激情也沒有眼淚 第一次覺得沉默也很美 Chorus 把城市留在山的那邊 讓熱氣慢慢遮住疲倦 我們什麼都不用表演 在白色蒸氣升起以前 你還戴著熟悉的那張臉 等水溫慢慢漫過肩 我們都只想被彼此看見 今晚就泡在山的時間裡 泡掉那些不敢說的秘密 泡掉你笑著說沒關係 泡掉我假裝早已忘記 如果愛需要一點勇氣 那就先把面具放岸邊去 不承諾明天會怎樣繼續 至少此刻我看見真正的你 Verse 2 你的頭髮沾了一點水氣 眼神卻比城市裡更清晰 沒有濃妝沒有距離 也沒有誰需要證明自己 你說只是習慣什麼都自己扛起 我說我們都假裝沒事而已 山風吹過屋簷的鈴 溫泉在夜裡輕輕呼吸 那些說不出口的事情 好像都被蒸氣帶去遠行 Chorus 把城市留在山的那邊 讓熱氣慢慢遮住疲倦 我們什麼都不用表演 在白色蒸氣升起以前 你還戴著熟悉的那張臉 等水溫慢慢漫過肩 我們都只是想被彼此看見 今晚就泡在山的時間裡 泡掉那些不敢說的秘密 泡掉你笑著說沒關係 泡掉我假裝早已忘記 如果愛需要一點勇氣 那就先把面具放在岸邊去 不承諾明天會怎樣繼續 至少此刻我看見真正的你 Bridge 也許明天醒來以後 我們還是要回到城市裡 重新學著和世界客氣 但至少這一夜 你沒有躲著我 我也沒有躲著你 山沒有問我們哪裡去 泉也沒有問我們的記憶 它只是讓兩個疲倦 安靜地在同一段時間裡 Final Chorus 把城市留在山的那邊 讓熱氣慢慢遮住疲倦 如果人生總有太多明天 今晚就別急著走遠 在白色蒸氣消散以前 讓我再看你一眼 不用承諾永遠 不用回答愛會不會改變 今晚就泡在山的時間裡 泡掉我們身上的秘密 泡掉那些逞強的自己 泡到只剩下我和你 那多年以後再想起 我們曾經 把城市留在山的那邊 泡在山的時間裡談天
留言（ 12 ） 最相關留言 所有留言
留言（ 12 ）",2026-08-20,,AI 協作 R&B / Soul,False,False,
2026-08-23 01:43:24,realtime,urban,,,3,JOYCE 就以斯,Julia,25,1208,5,https://streetvoice.com/joyce_ch0627/songs/872269/,https://streetvoice.com/joyce_ch0627/,"https://akstatic.streetvoice.com/song_covers/jo/yc/joyce_ch0627/5cgnRgJmsPYHewLYE5Rixa.jpeg?x-oss-process=image/resize,m_fixed,h_1,w_1,limit_0/resize,m_fixed,h_630,w_1200,limit_0/watermark,image_c29uZ19jb3ZlcnMvam8veWMvam95Y2VfY2gwNjI3LzVjZ25SZ0ptc1BZSGV3TFlFNVJpeGEuanBlZz94LW9zcy1wcm9jZXNzPWltYWdlL3Jlc2l6ZSxtX2ZpeGVkLGhfMzQ0LHdfMzQ0LGxpbWl0XzA,g_nw,x_428,y_143/watermark,image_YXNzZXQvaW1hZ2VzL21ldGFpbWFnZS1zb25nLnBuZw,g_nw,x_0,y_0",images/872269.jpeg,@joyce_ch0627,音樂人,,,2024-02-15 09:40,6,4030,20,,https://www.instagram.com/joyce.ch0627/,https://www.youtube.com/@joycehub,【金曲37】2026 GMA金曲國際音樂節揭幕 陳嫺靜、JOYCE 就以斯等新人獎入圍者登台演出|||https://blow.streetvoice.com/88454/?utm_source=streetvoice&utm_medium=profile-news-block; JOYCE就以斯推出新歌〈Julia〉揭開塵封四年異國情書|||https://blow.streetvoice.com/89250/?utm_source=streetvoice&utm_medium=profile-news-block; JOYCE就以斯首場海外專場完售 將「吉他復興運動」唱進校園|||https://blow.streetvoice.com/88406/?utm_source=streetvoice&utm_medium=profile-news-block,,R&B / Soul,,,,"積存的心意傾瀉而出，重拾靈感的自由和解脫，一時之間無法用文字形容，索性用些溫柔的和弦和零散的記憶，夢境似的描述一段在義大利的邂逅——威尼斯的夜晚、維洛納的清晨，還有一封留在床邊的信。 
積存的心意傾瀉而出，重拾靈感的自由和解脫，一時之間無法用文字形容，索性用些溫柔的和弦和零散的記憶，夢境似的描述一段在義大利的邂逅——威尼斯的夜晚、維洛納的清晨，還有一封留在床邊的信。","Oh it’s 4 am in the morning I’m writing something cute but also corny Words can’t describe all my feelings correctly cus I skipped my college and now I feel sorry yeah Now I’m blushing really hard Thank god the light in the room was dark Should I tell her or should I not, I I’m singing in a fine bar Venice with my guitar I swear that I’ll be patient But I might have just start falling for ya Julia, I had a crush on you since the first time I saw you I’m singing in a fine bar Venice with my guitar Saw lovers making out and I can’t stop myself from thinking of ya Julia I hope you’ll like this song cus I wrote it just for ya Now I’m blushing really hard We’re strolling down the boulevard Star is shining through the dark I’m singing in a fine bar Venice with my guitar I swear that I’ll be patient but I might have just start falling for ya Julia, I had a crush on you since the first time I saw you I’m singing in a fine bar Venice with my guitar Saw lovers making out and I can’t stop myself from thinking of ya Julia, I had a crush on you since the first time I saw you I’m singing in a fine bar Venice with my guitar Called my friends and tell them I met an angel near Verona Julia if you’re feeling down Let me sing a song for ya I left a letter on your sheets You’ll wake up and noticed it Maybe then I’ll buy you a drink Have breakfast, talk about everything In the middle of the album There’s a song called Julia who I met in Italy Now I can’t wait for Julia to hear her song 
Oh it’s 4 am in the morning I’m writing something cute but also corny Words can’t describe all my feelings correctly cus I skipped my college and now I feel sorry yeah
Now I’m blushing really hard Thank god the light in the room was dark Should I tell her or should I not, I
I’m singing in a fine bar Venice with my guitar I swear that I’ll be patient But I might have just start falling for ya Julia, I had a crush on you since the first time I saw you
I’m singing in a fine bar Venice with my guitar Saw lovers making out and I can’t stop myself from thinking of ya Julia I hope you’ll like this song cus I wrote it just for ya
Now I’m blushing really hard We’re strolling down the boulevard Star is shining through the dark
I’m singing in a fine bar Venice with my guitar I swear that I’ll be patient but I might have just start falling for ya Julia, I had a crush on you since the first time I saw you
I’m singing in a fine bar Venice with my guitar Saw lovers making out and I can’t stop myself from thinking of ya Julia, I had a crush on you since the first time I saw you
I’m singing in a fine bar Venice with my guitar Called my friends and tell them I met an angel near Verona Julia if you’re feeling down Let me sing a song for ya
I left a letter on your sheets You’ll wake up and noticed it Maybe then I’ll buy you a drink Have breakfast, talk about everything In the middle of the album There’s a song called Julia who I met in Italy Now I can’t wait for Julia to hear her song
留言（ 5 ） 最相關留言 所有留言
留言（ 5 ）",2026-07-31,,Song of the Day; 編輯推薦,True,True,
2026-08-23 01:43:24,realtime,urban,,,4,DJ.PETER,回到過去～月光寶盒,1,6,1,https://streetvoice.com/djp88168/songs/875788/,https://streetvoice.com/djp88168/,"https://akstatic.streetvoice.com/song_covers/dj/p8/djp88168/CKJ9VGFZEjA4UZyvkU8FUm.jpg?x-oss-process=image/resize,m_fixed,h_1,w_1,limit_0/resize,m_fixed,h_630,w_1200,limit_0/watermark,image_c29uZ19jb3ZlcnMvZGovcDgvZGpwODgxNjgvQ0tKOVZHRlpFakE0VVp5dmtVOEZVbS5qcGc_eC1vc3MtcHJvY2Vzcz1pbWFnZS9yZXNpemUsbV9maXhlZCxoXzM0NCx3XzM0NCxsaW1pdF8w,g_nw,x_428,y_143/watermark,image_YXNzZXQvaW1hZ2VzL21ldGFpbWFnZS1zb25nLnBuZw,g_nw,x_0,y_0",images/875788.jpg,@djp88168,音樂人,高雄市,2006-05-01,2026-03-04 09:49,168,63,61,,,https://www.youtube.com/@djpeterya168,,,R&B / Soul,HIP HOP,https://streetvoice.com/djp88168/songs/album/180/,,,"風沙吹過五百年的城牆 手中寶盒映著冰冷月光 唸一遍般若波羅蜜的妄想 以為就能改寫結局的荒唐 盤絲洞前那盞燈還未涼 你的背影卻已飛越了重洋 我數著時光裂縫裡的傷 每一次倒流 都錯過你的手掌 五百年的輪迴 我還在原地 你認不出我 我卻記得你的名 回到過去 打開是遺憾的形狀 穿得回從前 穿不回你的目光 多少輪迴 換一次重逢的謊 我抱著虛妄 在時間裡流浪 回到過去 關上是最初的模樣 你在我身旁 我卻在千里外的戰場 若早知道愛是一場不可逆的浪 我願停在 你笑過的夕陽 Crack of dawn, I hold the box of silver glow Whisper ""Prajna Paramita"" – here we go Turn the dial, rewind the dust and stone But every time I land, I end up alone Your shadow fades behind the city wall I run through caves, but I keep missing your call The spider silk still hangs where we once met Now every step I take is soaked in regret I flipped the script, I tried a thousand ways Rewrote the ending of our tragic plays You smiled at me beneath the flaming sky But every loop just makes me wonder why Maybe I should stop the chase Let the dust fall on my face Every turn leaves a trace But I'm tired of this empty space You were real, I was blind Now I'm lost in my own mind If I can't rewind time Then let me leave the past behind 城樓上那對身影多麼像 曾經的我們 也那樣對望 可這次我選擇 放下所有重量 讓月光帶走 說不出的原諒 回到過去 打開是遺憾的形狀 穿得回從前 穿不回你的目光 若早知道愛是一場不可逆的浪 我願停在 你笑過的夕陽 Moonlight... box... I close my eyes... I set you free... No more turns... no more returns... Just your echo... ...next to me. 回到... 過去... 
風沙吹過五百年的城牆 手中寶盒映著冰冷月光 唸一遍般若波羅蜜的妄想 以為就能改寫結局的荒唐
盤絲洞前那盞燈還未涼 你的背影卻已飛越了重洋 我數著時光裂縫裡的傷 每一次倒流 都錯過你的手掌
五百年的輪迴 我還在原地 你認不出我 我卻記得你的名
回到過去 打開是遺憾的形狀 穿得回從前 穿不回你的目光 多少輪迴 換一次重逢的謊 我抱著虛妄 在時間裡流浪
回到過去 關上是最初的模樣 你在我身旁 我卻在千里外的戰場 若早知道愛是一場不可逆的浪 我願停在 你笑過的夕陽
Crack of dawn, I hold the box of silver glow Whisper ""Prajna Paramita"" – here we go Turn the dial, rewind the dust and stone But every time I land, I end up alone Your shadow fades behind the city wall I run through caves, but I keep missing your call The spider silk still hangs where we once met Now every step I take is soaked in regret I flipped the script, I tried a thousand ways Rewrote the ending of our tragic plays You smiled at me beneath the flaming sky But every loop just makes me wonder why
Maybe I should stop the chase Let the dust fall on my face Every turn leaves a trace But I'm tired of this empty space You were real, I was blind Now I'm lost in my own mind If I can't rewind time Then let me leave the past behind
城樓上那對身影多麼像 曾經的我們 也那樣對望 可這次我選擇 放下所有重量 讓月光帶走 說不出的原諒
回到過去 打開是遺憾的形狀 穿得回從前 穿不回你的目光 若早知道愛是一場不可逆的浪 我願停在 你笑過的夕陽
Moonlight... box... I close my eyes... I set you free... No more turns... no more returns... Just your echo... ...next to me.
回到... 過去...
留言（ 1 ） 最相關留言 所有留言
留言（ 1 ）",2026-08-22,,,False,False,
2026-08-23 01:43:24,realtime,urban,,,5,LINION,LOCO POCO,11,625,1,https://streetvoice.com/linion_linion/songs/874505/,https://streetvoice.com/linion_linion/,"https://akstatic.streetvoice.com/song_covers/li/ni/linion_linion/BeRES6VPN866dSXaQYAPUg.jpg?x-oss-process=image/resize,m_fixed,h_1,w_1,limit_0/resize,m_fixed,h_630,w_1200,limit_0/watermark,image_c29uZ19jb3ZlcnMvbGkvbmkvbGluaW9uX2xpbmlvbi9CZVJFUzZWUE44NjZkU1hhUVlBUFVnLmpwZz94LW9zcy1wcm9jZXNzPWltYWdlL3Jlc2l6ZSxtX2ZpeGVkLGhfMzQ0LHdfMzQ0LGxpbWl0XzA,g_nw,x_428,y_143/watermark,image_YXNzZXQvaW1hZ2VzL21ldGFpbWFnZS1zb25nLnBuZw,g_nw,x_0,y_0",images/874505.jpg,,,,,,7,2513,2,https://www.facebook.com/linionlinion,https://www.instagram.com/linion_linion,https://www.youtube.com/user/StreetVoiceTV,LINION攜手MUSA明馬丁打造單曲〈LOCO POCO〉融合R&B、拉丁節奏|||https://blow.streetvoice.com/89528/?utm_source=streetvoice&utm_medium=profile-news-block; 擁抱不完美的創作哲學 LINION新專輯《自己自己》邀金曲歌王Matzka合作|||https://blow.streetvoice.com/83709/?utm_source=streetvoice&utm_medium=profile-news-block; LINION攜新專輯《自己自己 mi casa su casa》開唱！10/19邀樂迷把台北Legacy當自己家|||https://blow.streetvoice.com/82395/?utm_source=streetvoice&utm_medium=profile-news-block,,R&B / Soul,,,,"寫這首是覺得現在世界動盪，不管如何，我想要給大家一首聽了會很快樂很開心的歌曲，希望大家聽了都可以忘掉煩惱跳跳跳跳起來🩵 〈LOCO POCO〉在西班牙文中，意指「有一點點瘋狂」。 就像走在街上與某個太過迷人的身影擦肩而過，一秒被對方的眼神勾走， 一個 MOVE、一種氣味、一個不經意的神態，都讓心跳漏拍、意識失焦， 整條街的聲音都像為了她瞬間重新編曲。 LINION 攜手阿根廷製作人 MUSA 明馬丁，將 R&B 揉進拉丁的律動， 再嵌入台灣人熟悉的 cha cha 節奏。 西班牙文、英文、中文，還有一句台語， 四種語言像街口人影自然穿行， 一句「攏是你」點破迷戀，讓人陷入瘋狂迷戀的狀態。 這是一首毫無預警淪陷在戀愛中的歌， 也是 MUSA明馬丁口中 “Música pa’l cuerpo” 為身體而生的歌曲。 聽見之前，身體已經先懂了。 被辣到，剛剛好。 
寫這首是覺得現在世界動盪，不管如何，我想要給大家一首聽了會很快樂很開心的歌曲，希望大家聽了都可以忘掉煩惱跳跳跳跳起來🩵
〈LOCO POCO〉在西班牙文中，意指「有一點點瘋狂」。 就像走在街上與某個太過迷人的身影擦肩而過，一秒被對方的眼神勾走， 一個 MOVE、一種氣味、一個不經意的神態，都讓心跳漏拍、意識失焦， 整條街的聲音都像為了她瞬間重新編曲。 LINION 攜手阿根廷製作人 MUSA 明馬丁，將 R&B 揉進拉丁的律動， 再嵌入台灣人熟悉的 cha cha 節奏。
西班牙文、英文、中文，還有一句台語， 四種語言像街口人影自然穿行， 一句「攏是你」點破迷戀，讓人陷入瘋狂迷戀的狀態。 這是一首毫無預警淪陷在戀愛中的歌， 也是 MUSA明馬丁口中 “Música pa’l cuerpo” 為身體而生的歌曲。 聽見之前，身體已經先懂了。 被辣到，剛剛好。","Loco Poco you better said Loco Poco 別想太多 Loco Poco Loco Por Ti (Bueno bueno chicos, a ver si largan el celular un poquito y le empiezan a dar bola a la música de nuevo eh, que hace falta. Hasta luego!) Look at you, classy Byredo, Indigo, Contigo, Amigo Nails click on the case Leading my heartbeat goes straight Something is wrong with me bae A little bit dizzy Sing along on the street 攏是你 攏是你 Loco Poco you better said Loco Poco 別想太多 Loco Poco Loco Por Ti Por Ti Uno dos, I think I’m lost I need a chance to play on your court Biting on the straw, sipping slow Losing control, You know I know Lil mami, just give me a sign Keep flowing and you’re so fine The way you like Slow dancing in the burning light Something is wrong with me bae A little bit dizzy Sing along on the street 攏是你 攏是你 Loco Poco you better said Loco Poco 別想太多 Loco Poco Loco Por Ti Por Ti Loco Poco you better said Loco Poco 別想太多 Loco Poco Loco Por Ti Por Ti VAMOS ( Cómo dice la canción : Muy Buena Gente, especialmente las damas. A ver si largan el celular, se miran a los ojos y empiezan a bailar un poco.) Loco Poco Estamos Todos Loco Poco 別想太多 Loco Poco Loco ASI ASI ASI Loco Poco Estamos Todos Loco Poco 別想太多 Loco Poco Loco ASI Loco Poco Estamos Todos Loco Poco 別想太多 Loco Poco Loco ASI ASI ASI Loco Poco Estamos Todos Loco Poco Estamos Todos Loco Poco Loco ASI (Muy buenas noches a todos, les agradecemos que hayan escuchado nuestro Cha-Cha. Espero que les haya servido para dejar el celular, mirarse a los ojos, y mover un poco el culo. Muchas Gracias. Hasta luego!Cha Cha Cha) 
Loco Poco you better said Loco Poco 別想太多 Loco Poco Loco Por Ti (Bueno bueno chicos, a ver si largan el celular un poquito y le empiezan a dar bola a la música de nuevo eh, que hace falta. Hasta luego!)
Look at you, classy Byredo, Indigo, Contigo, Amigo Nails click on the case Leading my heartbeat goes straight
Something is wrong with me bae A little bit dizzy Sing along on the street 攏是你 攏是你
Loco Poco you better said Loco Poco 別想太多 Loco Poco Loco Por Ti Por Ti
Uno dos, I think I’m lost I need a chance to play on your court Biting on the straw, sipping slow Losing control, You know I know Lil mami, just give me a sign Keep flowing and you’re so fine The way you like Slow dancing in the burning light
Something is wrong with me bae A little bit dizzy Sing along on the street 攏是你 攏是你
Loco Poco you better said Loco Poco 別想太多 Loco Poco Loco Por Ti Por Ti Loco Poco you better said Loco Poco 別想太多 Loco Poco Loco Por Ti Por Ti
VAMOS ( Cómo dice la canción : Muy Buena Gente, especialmente las damas. A ver si largan el celular, se miran a los ojos y empiezan a bailar un poco.)
Loco Poco Estamos Todos Loco Poco 別想太多 Loco Poco Loco ASI ASI ASI
Loco Poco Estamos Todos Loco Poco 別想太多 Loco Poco Loco ASI
Loco Poco Estamos Todos Loco Poco 別想太多 Loco Poco Loco ASI ASI ASI
Loco Poco Estamos Todos Loco Poco Estamos Todos Loco Poco Loco ASI
(Muy buenas noches a todos, les agradecemos que hayan escuchado nuestro Cha-Cha. Espero que les haya servido para dejar el celular, mirarse a los ojos, y mover un poco el culo. Muchas Gracias. Hasta luego!Cha Cha Cha)
留言（ 1 ） 最相關留言 所有留言
留言（ 1 ）",2026-08-14,,編輯推薦,True,False,
2026-08-23 01:43:24,realtime,urban,,,6,雷克非 Christopher R,Juste toi et moi - 打烊之後,11,457,19,https://streetvoice.com/ChristopherR/songs/874905/,https://streetvoice.com/ChristopherR/,"https://akstatic.streetvoice.com/song_covers/Ch/ri/ChristopherR/he9YkuDWo7qqU8SoTGmVvf.jpeg?x-oss-process=image/resize,m_fixed,h_1,w_1,limit_0/resize,m_fixed,h_630,w_1200,limit_0/watermark,image_c29uZ19jb3ZlcnMvQ2gvcmkvQ2hyaXN0b3BoZXJSL2hlOVlrdURXbzdxcVU4U29UR21WdmYuanBlZz94LW9zcy1wcm9jZXNzPWltYWdlL3Jlc2l6ZSxtX2ZpeGVkLGhfMzQ0LHdfMzQ0LGxpbWl0XzA,g_nw,x_428,y_143/watermark,image_YXNzZXQvaW1hZ2VzL21ldGFpbWFnZS1zb25nLnBuZw,g_nw,x_0,y_0",images/874905.jpeg,@ChristopherR,音樂人,,,,41,41,120,,,https://www.youtube.com/user/StreetVoiceTV,,,Jazz,,,RistyK,"就是一首情歌。 打烊以後，店裡只剩兩個人，一瓶快喝完的酒，還有窗外的雨。 沒有什麼大道理，也沒有誰非得說清楚。 只是，今晚，不急。 
就是一首情歌。
打烊以後，店裡只剩兩個人，一瓶快喝完的酒，還有窗外的雨。 沒有什麼大道理，也沒有誰非得說清楚。
只是，今晚，不急。","最後一桌客人走了 雨還留在玻璃窗 你沒有拿起外套 我也沒急著收場 瓶裡還剩一點紅酒 燈只留吧台那盞 這座城隔著一扇門 忽然與我們無關 Rien ne presse, mon amour 今晚不用趕去任何地方 雨落得很輕 你也沒有行程要趕 那就再喝一杯 反正夜還很長 你坐得那麼近 近得不必再問 留到天亮也好 什麼都別說也好 Juste toi et moi 讓窗外自己變老 你的手滑過我的杯沿 又若無其事放開 我看著燭光晃了一下 落進你的側臉 時間大概還在走吧 只是我們都沒去管 有些事到了這時候 再問就顯得太晚 Rien ne presse, mon amour 世界睡了也跟我們無關 雨還沒有停 酒也還沒喝完 那就再喝一杯 反正夜還很長 你坐得那麼近 近得不必再問 留到天亮也好 什麼都別說也好 Juste toi et moi 讓窗外自己變老 招牌一盞一盞暗下來 街上已經沒有人 Tu es ici, je suis ici 這樣就已經足夠 牆上的鐘走它的 我們喝我們的酒 等到誰先想起 原來今晚總要有盡頭 那就最後一杯 如果真有最後一杯 你還坐在那裡 我也還沒有準備 天快亮了也好 雨停不停都好 Juste toi et moi 再把這一刻留好 門一直關著 雨慢慢小了 杯子空了 我們沒有 
最後一桌客人走了 雨還留在玻璃窗 你沒有拿起外套 我也沒急著收場
瓶裡還剩一點紅酒 燈只留吧台那盞 這座城隔著一扇門 忽然與我們無關
Rien ne presse, mon amour 今晚不用趕去任何地方 雨落得很輕 你也沒有行程要趕
那就再喝一杯 反正夜還很長 你坐得那麼近 近得不必再問
留到天亮也好 什麼都別說也好 Juste toi et moi 讓窗外自己變老
你的手滑過我的杯沿 又若無其事放開 我看著燭光晃了一下 落進你的側臉
時間大概還在走吧 只是我們都沒去管 有些事到了這時候 再問就顯得太晚
Rien ne presse, mon amour 世界睡了也跟我們無關 雨還沒有停 酒也還沒喝完
那就再喝一杯 反正夜還很長 你坐得那麼近 近得不必再問
留到天亮也好 什麼都別說也好 Juste toi et moi 讓窗外自己變老
招牌一盞一盞暗下來 街上已經沒有人 Tu es ici, je suis ici 這樣就已經足夠
牆上的鐘走它的 我們喝我們的酒 等到誰先想起 原來今晚總要有盡頭
那就最後一杯 如果真有最後一杯 你還坐在那裡 我也還沒有準備
天快亮了也好 雨停不停都好 Juste toi et moi 再把這一刻留好
門一直關著 雨慢慢小了 杯子空了 我們沒有
留言（ 19 ） 最相關留言 所有留言
留言（ 19 ）",2026-08-15,,AI 協作 Jazz,False,False,
2026-08-23 01:43:24,realtime,urban,,,7,林禾 LH,清醒時候 Awake,4,56,1,https://streetvoice.com/hank830614/songs/871364/,https://streetvoice.com/hank830614/,"https://akstatic.streetvoice.com/song_covers/ha/nk/hank830614/RsUnMM2kWtko2p4mgJ3Bnp.jpeg?x-oss-process=image/resize,m_fixed,h_1,w_1,limit_0/resize,m_fixed,h_630,w_1200,limit_0/watermark,image_c29uZ19jb3ZlcnMvaGEvbmsvaGFuazgzMDYxNC9Sc1VuTU0ya1d0a28ycDRtZ0ozQm5wLmpwZWc_eC1vc3MtcHJvY2Vzcz1pbWFnZS9yZXNpemUsbV9maXhlZCxoXzM0NCx3XzM0NCxsaW1pdF8w,g_nw,x_428,y_143/watermark,image_YXNzZXQvaW1hZ2VzL21ldGFpbWFnZS1zb25nLnBuZw,g_nw,x_0,y_0",images/871364.jpeg,@hank830614,音樂人,台中市,2015-12-01,2023-03-14 11:35,19,464,6,https://www.facebook.com/hanklin0614,https://www.instagram.com/hanklin0614/,https://www.youtube.com/channel/UCWqj7ykufhkxTNWUYAJUHcw,,,R&B / Soul,,,,"作為 Sensual Tempo 感性節奏 系列的第八篇章，林禾的〈清醒時候〉接續了前作〈玩火〉的代價——當狂熱的夜色退去，餘燼過後的冷冽現實隨之鋪天蓋地而來。 這不是一首撕心裂肺的挽歌，而是一場緩慢且窒息的自我收拾。歌詞從「窗簾沒拉，陽光卻進不來」展開，寫盡了狂歡後的戒斷症狀：手機不再響起的安靜、冷掉咖啡的苦澀，以及那些滲透進生活細節、比回憶更固執的習慣。白天沒有讓人變得堅強，反而讓失去變得無所遁形。 林禾以極具渲染力的聲線，唱出「影子還在原地，靈魂卻沒歸位」的游離感。他不再辯解，也不責怪離開，只在「清醒的時候」坦承自己的脆弱與留戀。這是一首寫給所有在熱烈後獨自承受餘震的人，最溫柔也最殘忍的告別自白。 - 作詞 Lyricist：林耕禾 Hank Lin 作曲 Composer：林耕禾 Hank Lin 製作人 Producer：林耕禾 Hank Lin 混音師 Mixing Engineer：林耕禾 Hank Lin 母帶後期處理工程師 Mastering Engineer：林耕禾 Hank Lin 
作為 Sensual Tempo 感性節奏 系列的第八篇章，林禾的〈清醒時候〉接續了前作〈玩火〉的代價——當狂熱的夜色退去，餘燼過後的冷冽現實隨之鋪天蓋地而來。
這不是一首撕心裂肺的挽歌，而是一場緩慢且窒息的自我收拾。歌詞從「窗簾沒拉，陽光卻進不來」展開，寫盡了狂歡後的戒斷症狀：手機不再響起的安靜、冷掉咖啡的苦澀，以及那些滲透進生活細節、比回憶更固執的習慣。白天沒有讓人變得堅強，反而讓失去變得無所遁形。
林禾以極具渲染力的聲線，唱出「影子還在原地，靈魂卻沒歸位」的游離感。他不再辯解，也不責怪離開，只在「清醒的時候」坦承自己的脆弱與留戀。這是一首寫給所有在熱烈後獨自承受餘震的人，最溫柔也最殘忍的告別自白。 - 作詞 Lyricist：林耕禾 Hank Lin 作曲 Composer：林耕禾 Hank Lin
製作人 Producer：林耕禾 Hank Lin 混音師 Mixing Engineer：林耕禾 Hank Lin 母帶後期處理工程師 Mastering Engineer：林耕禾 Hank Lin","窗簾沒拉 陽光卻進不來 你離開後 白天反而更難挨 街上的人 笑得很自然 我在人群裡 練習不想你這件事 手機亮著卻沒人找我 原來空無一人也會這麼吵 在我清醒的時候才發現你走得多遠 夢裡還牽著你醒來只剩空位 我以為白天 比較不容易碎 在我清醒的時候才發現路還要多遠 影子還在原地靈魂卻沒歸位 我以為忙碌 會比較容易醉 咖啡放涼苦得很誠實 你留下的習慣比回憶更固執 同一條路走過幾百遍 每個轉角都差點把你遇見 在我清醒的時候才發現你走得多遠 夢裡還牽著你醒來只剩空位 我以為白天 比較不容易碎 在我清醒的時候才發現路還要多遠 影子還在原地靈魂卻沒歸位 我以為忙碌 會比較容易醉 如果忘記需要時間 那我願意慢一點 至少現在我還能誠實想念 不怪你走 也不怪我留戀 只是愛沒有教我們 怎麼安全道別 在我清醒的時候才發現你走得多遠 夢裡還牽著你醒來只剩空位 我以為白天 比較不容易碎 在我清醒的時候才發現路還要多遠 影子還在原地靈魂卻沒歸位 我以為忙碌 會比較容易醉 (在我清醒的時候) (才發現你已走得多遠) (在我清醒的時候) (夢裡還牽著你醒來只剩空位) (在我清醒的時候) (我以為白天 比較不容易碎) 
窗簾沒拉 陽光卻進不來 你離開後 白天反而更難挨 街上的人 笑得很自然 我在人群裡 練習不想你這件事
手機亮著卻沒人找我 原來空無一人也會這麼吵
在我清醒的時候才發現你走得多遠 夢裡還牽著你醒來只剩空位 我以為白天 比較不容易碎
在我清醒的時候才發現路還要多遠 影子還在原地靈魂卻沒歸位 我以為忙碌 會比較容易醉
咖啡放涼苦得很誠實 你留下的習慣比回憶更固執 同一條路走過幾百遍 每個轉角都差點把你遇見
在我清醒的時候才發現你走得多遠 夢裡還牽著你醒來只剩空位 我以為白天 比較不容易碎
在我清醒的時候才發現路還要多遠 影子還在原地靈魂卻沒歸位 我以為忙碌 會比較容易醉
如果忘記需要時間 那我願意慢一點 至少現在我還能誠實想念
不怪你走 也不怪我留戀 只是愛沒有教我們 怎麼安全道別
在我清醒的時候才發現你走得多遠 夢裡還牽著你醒來只剩空位 我以為白天 比較不容易碎
在我清醒的時候才發現路還要多遠 影子還在原地靈魂卻沒歸位 我以為忙碌 會比較容易醉
(在我清醒的時候) (才發現你已走得多遠) (在我清醒的時候) (夢裡還牽著你醒來只剩空位) (在我清醒的時候) (我以為白天 比較不容易碎)
留言（ 1 ） 最相關留言 所有留言
留言（ 1 ）",2026-08-16,,編輯推薦,True,False,
2026-08-23 01:43:24,realtime,urban,,,8,Willy,才二十三（但今天二十四) cover,0,4,0,https://streetvoice.com/willyC_2002/songs/875835/,https://streetvoice.com/willyC_2002/,"https://akstatic.streetvoice.com/song_covers/wi/ll/willyC_2002/az8TDaTmWMSpsxDA9z3NsE.jpg?x-oss-process=image/resize,m_fixed,h_1,w_1,limit_0/resize,m_fixed,h_630,w_1200,limit_0/watermark,image_c29uZ19jb3ZlcnMvd2kvbGwvd2lsbHlDXzIwMDIvYXo4VERhVG1XTVNwc3hEQTl6M05zRS5qcGc_eC1vc3MtcHJvY2Vzcz1pbWFnZS9yZXNpemUsbV9maXhlZCxoXzM0NCx3XzM0NCxsaW1pdF8w,g_nw,x_428,y_143/watermark,image_YXNzZXQvaW1hZ2VzL21ldGFpbWFnZS1zb25nLnBuZw,g_nw,x_0,y_0",images/875835.jpg,@willyC_2002,音樂人,,,,,,,,,https://www.youtube.com/user/StreetVoiceTV,金曲新人提名唱作人鄒序歷時三年 全新創作專輯《無端 Ends》正式發行|||https://blow.streetvoice.com/89522/?utm_source=streetvoice&utm_medium=profile-news-block; 【StreetVoice新歌週報】 July vol.3|||https://blow.streetvoice.com/40734/?utm_source=streetvoice&utm_medium=profile-news-block; 週末生活新提案YOUR DAY即將登場 告五人520用新單曲浪漫告白|||https://blow.streetvoice.com/39677/?utm_source=streetvoice&utm_medium=profile-news-block,,R&B / Soul,,,,,"這是沒有提供歌詞的歌曲
留言（ 0 ） 最相關留言 所有留言
留言（ 0 ）",2026-08-22,,,False,False,
2026-08-23 01:43:24,realtime,urban,,,9,肥企鵝,지울 수 없는 밤_無法抹去的夜晚,1,7,1,https://streetvoice.com/s57535951/songs/875751/,https://streetvoice.com/s57535951/,"https://akstatic.streetvoice.com/song_covers/s5/75/s57535951/fGh5LXRsSTrofTwecjncmb.jpeg?x-oss-process=image/resize,m_fixed,h_1,w_1,limit_0/resize,m_fixed,h_630,w_1200,limit_0/watermark,image_c29uZ19jb3ZlcnMvczUvNzUvczU3NTM1OTUxL2ZHaDVMWFJzU1Ryb2ZUd2Vjam5jbWIuanBlZz94LW9zcy1wcm9jZXNzPWltYWdlL3Jlc2l6ZSxtX2ZpeGVkLGhfMzQ0LHdfMzQ0LGxpbWl0XzA,g_nw,x_428,y_143/watermark,image_YXNzZXQvaW1hZ2VzL21ldGFpbWFnZS1zb25nLnBuZw,g_nw,x_0,y_0",images/875751.jpeg,@s57535951,音樂人,,,,1,1,1,,,https://www.youtube.com/user/StreetVoiceTV,,,Blues,,,,"지울 수 없는 밤｜無法抹去的夜晚 曾經是彼此的季節， 如今卻只剩下一場無法抹去的夜。 那些以為已經放下的回憶， 會在安靜的夜裡，再一次回到心底。 《지울 수 없는 밤》是一首以離別、回憶與錯過為主題的韓系抒情男女對唱。 男聲與女聲交錯，像兩個仍活在同一段記憶裡的人，明明已經走向不同方向，卻始終無法真正忘記彼此。 🎧 Song：지울 수 없는 밤 中文：無法抹去的夜晚 Style：Korean Ballad / Emotional Duet / Male & Female Vocal Video Style：Ink Sketch / Mixed Media / Lyrics Video 지울 수 없는 밤 우린 서로의 계절이었지만 이제는 돌아갈 길이 없습니다. 잊었다고 생각했던 기억은 조용한 밤이 되면 다시 마음속으로 돌아옵니다. 이 노래는 이별, 기억, 그리고 아직 끝나지 않은 그리움을 담은 감성적인 남녀 듀엣곡입니다. 如果你也曾有一個 「已經離開，卻始終忘不了的人」， 希望這首歌能陪你度過那個夜晚。 🎧 建議佩戴耳機收聽 💬 喜歡這首歌，歡迎留言分享你的感受 🔔 訂閱頻道，持續收聽更多原創音樂 MV ↓ ↓ ↓ ↓ ↓ https://youtu.be/aCmauTBo1uM 
지울 수 없는 밤｜無法抹去的夜晚
曾經是彼此的季節， 如今卻只剩下一場無法抹去的夜。
那些以為已經放下的回憶， 會在安靜的夜裡，再一次回到心底。
《지울 수 없는 밤》是一首以離別、回憶與錯過為主題的韓系抒情男女對唱。 男聲與女聲交錯，像兩個仍活在同一段記憶裡的人，明明已經走向不同方向，卻始終無法真正忘記彼此。
🎧 Song：지울 수 없는 밤 中文：無法抹去的夜晚 Style：Korean Ballad / Emotional Duet / Male & Female Vocal Video Style：Ink Sketch / Mixed Media / Lyrics Video
지울 수 없는 밤
우린 서로의 계절이었지만 이제는 돌아갈 길이 없습니다.
잊었다고 생각했던 기억은 조용한 밤이 되면 다시 마음속으로 돌아옵니다.
이 노래는 이별, 기억, 그리고 아직 끝나지 않은 그리움을 담은 감성적인 남녀 듀엣곡입니다.
如果你也曾有一個 「已經離開，卻始終忘不了的人」，
希望這首歌能陪你度過那個夜晚。
🎧 建議佩戴耳機收聽 💬 喜歡這首歌，歡迎留言分享你的感受 🔔 訂閱頻道，持續收聽更多原創音樂 MV ↓ ↓ ↓ ↓ ↓ https://youtu.be/aCmauTBo1uM
https://youtu.be/aCmauTBo1uM","난믿을수가없어없어없어 끝없이멀어진너의뒷모습 괜찮은척웃어봐도어느새 눈물만또차올라 아무말없이 시간만흘러가고 나는그자리에 남은계절을걷는다 우리전부였던그날의약속 이제는꿈이되어 기억할수록더멀어지는 그이름만남아 우린서로의계절이었어 이제는돌아갈길도없어 남겨진기억은비가되어 아무도모르게가슴에내려와 또네가와,와 내마음깊은곳에 또네가와와 지울수없는밤밤밤 아무렇지않은척해봐도 빈자린더선명해 너를닮은모든거리마다 그날의우리가보여 내하루끝에는네가남아있어 다지운줄알았던기억이또번져 혹시같은하늘아래넌웃고있을까 난또그날로돌아가 우린서로의계절이었어 이제는돌아갈길도없어 남겨진기억은비가되어 아무도모르게가슴에내려와 또네가와와 내마음깊은곳에 또네가와와 지울수없는밤밤밤 지울수없는밤 아직끝나지않은밤 
난믿을수가없어없어없어 끝없이멀어진너의뒷모습 괜찮은척웃어봐도어느새 눈물만또차올라 아무말없이 시간만흘러가고 나는그자리에 남은계절을걷는다
우리전부였던그날의약속 이제는꿈이되어 기억할수록더멀어지는 그이름만남아
우린서로의계절이었어 이제는돌아갈길도없어 남겨진기억은비가되어 아무도모르게가슴에내려와 또네가와,와
내마음깊은곳에 또네가와와 지울수없는밤밤밤
아무렇지않은척해봐도 빈자린더선명해 너를닮은모든거리마다 그날의우리가보여
내하루끝에는네가남아있어 다지운줄알았던기억이또번져 혹시같은하늘아래넌웃고있을까 난또그날로돌아가
우린서로의계절이었어 이제는돌아갈길도없어 남겨진기억은비가되어 아무도모르게가슴에내려와 또네가와와
내마음깊은곳에 또네가와와 지울수없는밤밤밤
지울수없는밤 아직끝나지않은밤
留言（ 1 ） 最相關留言 所有留言
留言（ 1 ）",2026-08-21,,AI 協作 Blues,False,False,
2026-08-23 01:43:24,realtime,urban,,,10,O,紙舟 (Demo),1,17,0,https://streetvoice.com/zzz321/songs/875689/,https://streetvoice.com/zzz321/,"https://akstatic.streetvoice.com/song_covers/zz/z3/zzz321/V3Mbk6PJ7TtQy9oHNWoo7D.jpeg?x-oss-process=image/resize,m_fixed,h_1,w_1,limit_0/resize,m_fixed,h_630,w_1200,limit_0/watermark,image_c29uZ19jb3ZlcnMvenovejMvenp6MzIxL1YzTWJrNlBKN1R0UXk5b0hOV29vN0QuanBlZz94LW9zcy1wcm9jZXNzPWltYWdlL3Jlc2l6ZSxtX2ZpeGVkLGhfMzQ0LHdfMzQ0LGxpbWl0XzA,g_nw,x_428,y_143/watermark,image_YXNzZXQvaW1hZ2VzL21ldGFpbWFnZS1zb25nLnBuZw,g_nw,x_0,y_0",images/875689.jpeg,@zzz321,音樂人,上海,2026-08-01,,1,,,,,https://www.youtube.com/user/StreetVoiceTV,「蛋高組合」新鮮登場 理想混蛋攜手高爾宣OSN驚喜推出單曲〈一樣會愛上你〉|||https://blow.streetvoice.com/89706/?utm_source=streetvoice&utm_medium=profile-news-block; City Pop傳奇大貫妙子首次來臺、策展人親自登臺演出、跨夜封街派對——2026臺北音樂博覽會亮點大公開|||https://blow.streetvoice.com/89657/?utm_source=streetvoice&utm_medium=profile-news-block; TMEX論壇再推五大亮點講座 Coachella幕後推手Ellen Lu談國際音樂節策展|||https://blow.streetvoice.com/89691/?utm_source=streetvoice&utm_medium=profile-news-block,,R&B / Soul,,,,"親手折的縱然渡不到你，也算我沒把沉默交給潮汐。 
親手折的縱然渡不到你，也算我沒把沉默交給潮汐。","動態歌詞
素箋微黃 折痕藏著月光 一折一放 都是歲月回響 誰笑我 把去路折成一方 勸我隔岸 看潮來便無妨 若這悲歡 都只准得失丈量 我何必 把一生折成遠方 這微痛 是還會心動的證據 一葉紙舟 讓江水替我傳遞 不求那 滿岸燈火的歡喜 任憑它 承載這封心意 親手折的 縱然渡不到你 也算我 沒把沉默交給潮汐 指尖壓下 紙角便有了航跡 差一毫釐 也像命運的筆跡 再多的期許 猜不透水的心意 任憑它漂流向遠方 萬里也只循著軌跡 若這悲歡 都只准得失丈量 我何必 把一生折成遠方 這微痛 是還會心動的證據 一葉紙舟 讓江水替我傳遞 不求那 滿岸燈火的歡喜 任憑它 承載這封心意 親手折的 縱然渡不到你 也算我 沒把沉默交給潮汐 誰把光陰 折成一葉紙舟 誰問漂流 是否也算遠走 江風微涼 掌心還握著溫柔 既已入江水 何須預設盡頭 這微痛 是脈搏未曾平息的證據 一葉紙舟 讓江水替我傳遞 不求那 滿岸燈火的歡喜 任憑它 承載這封心意 親手折的 縱然渡不到你 也算我 沒把沉默交給潮汐 
素箋微黃 折痕藏著月光 一折一放 都是歲月回響 誰笑我 把去路折成一方 勸我隔岸 看潮來便無妨 若這悲歡 都只准得失丈量 我何必 把一生折成遠方 這微痛 是還會心動的證據 一葉紙舟 讓江水替我傳遞 不求那 滿岸燈火的歡喜 任憑它 承載這封心意 親手折的 縱然渡不到你 也算我 沒把沉默交給潮汐 指尖壓下 紙角便有了航跡 差一毫釐 也像命運的筆跡 再多的期許 猜不透水的心意 任憑它漂流向遠方 萬里也只循著軌跡 若這悲歡 都只准得失丈量 我何必 把一生折成遠方 這微痛 是還會心動的證據 一葉紙舟 讓江水替我傳遞 不求那 滿岸燈火的歡喜 任憑它 承載這封心意 親手折的 縱然渡不到你 也算我 沒把沉默交給潮汐 誰把光陰 折成一葉紙舟 誰問漂流 是否也算遠走 江風微涼 掌心還握著溫柔 既已入江水 何須預設盡頭 這微痛 是脈搏未曾平息的證據 一葉紙舟 讓江水替我傳遞 不求那 滿岸燈火的歡喜 任憑它 承載這封心意 親手折的 縱然渡不到你 也算我 沒把沉默交給潮汐
留言（ 0 ） 最相關留言 所有留言
留言（ 0 ）",2026-08-21,,,False,False,
2026-08-23 01:43:24,realtime,urban,,,11,𝕯𝖆𝖒𝖊,I Don&#x27;t talk anythings,0,10,0,https://streetvoice.com/Dame_hao/songs/875683/,https://streetvoice.com/Dame_hao/,"https://akstatic.streetvoice.com/song_covers/Da/me/Dame_hao/eUssPpKcHnSzySh7NK3Vd9.jpg?x-oss-process=image/resize,m_fixed,h_1,w_1,limit_0/resize,m_fixed,h_630,w_1200,limit_0/watermark,image_c29uZ19jb3ZlcnMvRGEvbWUvRGFtZV9oYW8vZVVzc1BwS2NIblN6eVNoN05LM1ZkOS5qcGc_eC1vc3MtcHJvY2Vzcz1pbWFnZS9yZXNpemUsbV9maXhlZCxoXzM0NCx3XzM0NCxsaW1pdF8w,g_nw,x_428,y_143/watermark,image_YXNzZXQvaW1hZ2VzL21ldGFpbWFnZS1zb25nLnBuZw,g_nw,x_0,y_0",images/875683.jpg,@Dame_hao,音樂人,彰化縣,2022-09-01,,1,,1,,,https://www.youtube.com/user/StreetVoiceTV,,,R&B / Soul,,,,,"這是沒有提供歌詞的歌曲
留言（ 0 ） 最相關留言 所有留言
留言（ 0 ）",2026-08-21,,,False,False,
2026-08-23 01:43:24,realtime,urban,,,12,旻旻,有的没的 (Full Version),7,196,0,https://streetvoice.com/minnteoh/songs/874050/,https://streetvoice.com/minnteoh/,"https://akstatic.streetvoice.com/profile_images/mi/nn/minnteoh/4JeWapHzGXhmzsh9rJKrYm.jpg?x-oss-process=image/resize,m_fixed,h_1,w_1,limit_0/resize,m_fixed,h_630,w_1200,limit_0/watermark,image_cHJvZmlsZV9pbWFnZXMvbWkvbm4vbWlubnRlb2gvNEplV2FwSHpHWGhtenNoOXJKS3JZbS5qcGc_eC1vc3MtcHJvY2Vzcz1pbWFnZS9yZXNpemUsbV9maXhlZCxoXzM0NCx3XzM0NCxsaW1pdF8w,g_nw,x_428,y_143/watermark,image_YXNzZXQvaW1hZ2VzL21ldGFpbWFnZS1zb25nLnBuZw,g_nw,x_0,y_0",images/874050.jpg,@minnteoh,音樂人,馬來西亞,2024-09-01,,6,23,1,,,https://www.youtube.com/user/StreetVoiceTV,創作自由，才能創造更好的未來——海外評審談「街聲年度音樂趨勢大獎」|||https://blow.streetvoice.com/86032/?utm_source=streetvoice&utm_medium=profile-news-block; 第三屆「街聲年度音樂趨勢大獎」盛大登場！李竺芯：「街聲見證了我，金曲獎前面這些大家看不到的歷程！」|||https://blow.streetvoice.com/85903/?utm_source=streetvoice&utm_medium=profile-news-block; 馬來西亞歷史最久的中文歌曲創作比賽！「金鋒獎」邁入第30屆與StreetVoice街聲合作|||https://blow.streetvoice.com/76620/?utm_source=streetvoice&utm_medium=profile-news-block,,Jazz,,,,"詞曲：旻旻 編曲：旻旻 
詞曲：旻旻 編曲：旻旻","一樣的葫蘆 一樣的顏色 複製的 複製的 複製的 軀殼 流量的規則 流水線規格 誰又是 標配的 標配的 寵兒 藝術的狂熱 主流的認可 有的沒的 有的沒的 怎麼兼得 窄門後的蕭瑟 現實中的拉扯 且教煩憂 謝客 我不管那 步履有多坎坷 也不管那 現實有多苦澀 我不想再去 迎合誰的風格 也不需要 太多認可 此刻 只管隨著歌 唱著哼著跳著 不管有的沒的 就這樣 莫名的 莫名的 莫名的 愛上了 自得其樂 不管它 有的沒的有的沒的有的沒的 有的沒的有的沒的有的沒的 有的沒的有的沒的有的沒的 有的沒的有的沒的有的沒的 有的沒的 有的沒的 有的沒的 - 我不想了 
一樣的葫蘆 一樣的顏色 複製的 複製的 複製的 軀殼
流量的規則 流水線規格 誰又是 標配的 標配的 寵兒
藝術的狂熱 主流的認可 有的沒的 有的沒的 怎麼兼得 窄門後的蕭瑟 現實中的拉扯 且教煩憂 謝客
我不管那 步履有多坎坷 也不管那 現實有多苦澀 我不想再去 迎合誰的風格 也不需要 太多認可
此刻 只管隨著歌 唱著哼著跳著 不管有的沒的 就這樣 莫名的 莫名的 莫名的 愛上了 自得其樂
不管它 有的沒的有的沒的有的沒的 有的沒的有的沒的有的沒的 有的沒的有的沒的有的沒的 有的沒的有的沒的有的沒的
有的沒的 有的沒的 有的沒的 - 我不想了
留言（ 0 ） 最相關留言 所有留言
留言（ 0 ）",2026-08-11,,編輯推薦,True,False,
2026-08-23 01:43:24,realtime,urban,,,13,Mowna,天快亮了 （demo）,2,226,2,https://streetvoice.com/Mowna/songs/874407/,https://streetvoice.com/Mowna/,"https://akstatic.streetvoice.com/song_covers/Mo/wn/Mowna/MvUagKVekaxGqJ58r3gkcq.jpg?x-oss-process=image/resize,m_fixed,h_1,w_1,limit_0/resize,m_fixed,h_630,w_1200,limit_0/watermark,image_c29uZ19jb3ZlcnMvTW8vd24vTW93bmEvTXZVYWdLVmVrYXhHcUo1OHIzZ2tjcS5qcGc_eC1vc3MtcHJvY2Vzcz1pbWFnZS9yZXNpemUsbV9maXhlZCxoXzM0NCx3XzM0NCxsaW1pdF8w,g_nw,x_428,y_143/watermark,image_YXNzZXQvaW1hZ2VzL21ldGFpbWFnZS1zb25nLnBuZw,g_nw,x_0,y_0",images/874407.jpg,@Mowna,音樂人,,,,10,3,2,,,https://www.youtube.com/user/StreetVoiceTV,Puente 長橋樂團 夢想與故鄉之間的故事|||https://blow.streetvoice.com/16873/?utm_source=streetvoice&utm_medium=profile-news-block,,R&B / Soul,,,,"幾年前，有一段時間半工半讀。每天早上，帶著濃厚的睡意騎著機車去上班，在等紅燈時，一位老伯伯騎著三輪摩托車停在我旁邊，突然跟我聊起來。 他問我：「年輕人，你一天打工大概賺多少？」當時我還睡眼惺忪，就回答：「大概工作 10、12 個小時，差不多 2000 元左右。」他聽完很驚訝，笑著說：「這麼多喔！我做 12 個小時才 700 元，現在正準備下班。」 原來他是上大夜班。 他說完後，我才仔細看了他的車，除了很長的拐杖外，發現後面的架子載滿了寶特瓶和鐵鋁罐。那一刻，我心裡很震撼。因為那段半工半讀的日子，對我來說其實也很辛苦，常常覺得很累、想放棄和偷懶。而他的出現確實給了當時的我一些鼓勵。所以，就想特別經歷記錄下來，致敬給我鼓勵的無名英雄。 
幾年前，有一段時間半工半讀。每天早上，帶著濃厚的睡意騎著機車去上班，在等紅燈時，一位老伯伯騎著三輪摩托車停在我旁邊，突然跟我聊起來。
他問我：「年輕人，你一天打工大概賺多少？」當時我還睡眼惺忪，就回答：「大概工作 10、12 個小時，差不多 2000 元左右。」他聽完很驚訝，笑著說：「這麼多喔！我做 12 個小時才 700 元，現在正準備下班。」
原來他是上大夜班。
他說完後，我才仔細看了他的車，除了很長的拐杖外，發現後面的架子載滿了寶特瓶和鐵鋁罐。那一刻，我心裡很震撼。因為那段半工半讀的日子，對我來說其實也很辛苦，常常覺得很累、想放棄和偷懶。而他的出現確實給了當時的我一些鼓勵。所以，就想特別經歷記錄下來，致敬給我鼓勵的無名英雄。","這是最後一趟 那路燈也漸漸不亮 好睏 唉無感的雙腳像傷兵 扛著它為生活而戰 天快亮了 天快亮了 感覺重擔 早已 早已消失了 天快亮了 重擔也消失了 嘿 你剛上班嗎 那綠燈也遲遲不亮 好睏 唉你的抱怨聲負擔太重 無法理解你的世界 天快亮了 天快亮了 感覺重擔 早已 早已消失了 天快亮了 重擔也消失了 努力工作是為了什麼 努力活著是為了什麼 
這是最後一趟 那路燈也漸漸不亮 好睏 唉無感的雙腳像傷兵 扛著它為生活而戰 天快亮了 天快亮了 感覺重擔 早已 早已消失了 天快亮了 重擔也消失了
嘿 你剛上班嗎 那綠燈也遲遲不亮 好睏 唉你的抱怨聲負擔太重 無法理解你的世界 天快亮了 天快亮了 感覺重擔 早已 早已消失了 天快亮了 重擔也消失了
努力工作是為了什麼 努力活著是為了什麼
留言（ 2 ） 最相關留言 所有留言
留言（ 2 ）",2026-08-14,,編輯推薦,True,False,
2026-08-23 01:43:24,realtime,urban,,,14,kanasi_boxi,像星星般的美麗,1,3,0,https://streetvoice.com/kanasi_boxi/songs/875341/,https://streetvoice.com/kanasi_boxi/,"https://akstatic.streetvoice.com/song_covers/ka/na/kanasi_boxi/DFCY6chDKp4XjgvVmtDs8j.jpg?x-oss-process=image/resize,m_fixed,h_1,w_1,limit_0/resize,m_fixed,h_630,w_1200,limit_0/watermark,image_c29uZ19jb3ZlcnMva2EvbmEva2FuYXNpX2JveGkvREZDWTZjaERLcDRYamd2Vm10RHM4ai5qcGc_eC1vc3MtcHJvY2Vzcz1pbWFnZS9yZXNpemUsbV9maXhlZCxoXzM0NCx3XzM0NCxsaW1pdF8w,g_nw,x_428,y_143/watermark,image_YXNzZXQvaW1hZ2VzL21ldGFpbWFnZS1zb25nLnBuZw,g_nw,x_0,y_0",images/875341.jpg,@kanasi_boxi,音樂人,,,,10,,,,,https://www.youtube.com/user/StreetVoiceTV,,,Blues,,,,,"這是沒有提供歌詞的歌曲
留言（ 0 ） 最相關留言 所有留言
留言（ 0 ）",2026-08-19,,,False,False,
2026-08-23 01:43:24,realtime,urban,,,15,kanasi_boxi,DIDADI,1,6,0,https://streetvoice.com/kanasi_boxi/songs/875330/,https://streetvoice.com/kanasi_boxi/,"https://akstatic.streetvoice.com/song_covers/ka/na/kanasi_boxi/by5grK3Xi2MEwmEk3znTRo.jpg?x-oss-process=image/resize,m_fixed,h_1,w_1,limit_0/resize,m_fixed,h_630,w_1200,limit_0/watermark,image_c29uZ19jb3ZlcnMva2EvbmEva2FuYXNpX2JveGkvYnk1Z3JLM1hpMk1Fd21FazN6blRSby5qcGc_eC1vc3MtcHJvY2Vzcz1pbWFnZS9yZXNpemUsbV9maXhlZCxoXzM0NCx3XzM0NCxsaW1pdF8w,g_nw,x_428,y_143/watermark,image_YXNzZXQvaW1hZ2VzL21ldGFpbWFnZS1zb25nLnBuZw,g_nw,x_0,y_0",images/875330.jpg,@kanasi_boxi,音樂人,,,,10,,,,,https://www.youtube.com/user/StreetVoiceTV,,,R&B / Soul,,,,,"這是沒有提供歌詞的歌曲
留言（ 0 ） 最相關留言 所有留言
留言（ 0 ）",2026-08-19,,,False,False,
2026-08-23 01:43:24,realtime,urban,,,16,Hope 余悦,影子(Demo),6,203,0,https://streetvoice.com/hope_yueh/songs/873959/,https://streetvoice.com/hope_yueh/,"https://akstatic.streetvoice.com/song_covers/ho/pe/hope_yueh/nYHTr84NfZWF9Gt9X2eP78.jpeg?x-oss-process=image/resize,m_fixed,h_1,w_1,limit_0/resize,m_fixed,h_630,w_1200,limit_0/watermark,image_c29uZ19jb3ZlcnMvaG8vcGUvaG9wZV95dWVoL25ZSFRyODROZlpXRjlHdDlYMmVQNzguanBlZz94LW9zcy1wcm9jZXNzPWltYWdlL3Jlc2l6ZSxtX2ZpeGVkLGhfMzQ0LHdfMzQ0LGxpbWl0XzA,g_nw,x_428,y_143/watermark,image_YXNzZXQvaW1hZ2VzL21ldGFpbWFnZS1zb25nLnBuZw,g_nw,x_0,y_0",images/873959.jpeg,@hope_yueh,音樂人,,,,3,5,1,,,https://www.youtube.com/user/StreetVoiceTV,,,Jazz,,,,"Latinnnnnn 词曲编唱：余悦 
Latinnnnnn 词曲编唱：余悦","你的脸颊 微醺泛红一般 话说到哪 一夜好像说不完 好想在此就打断 香味相伴 刺激我的五官 借此取暖 逃离孤独的侵占 沉溺其中 即使短暂 让影子交叠纠缠 愿月光不会说穿 欲望暗处流转 规则早已失去了方向 只剩下触碰 延续沉默 就这样 能不能像 一个影子一样 躲在黑暗 我们独自地愉欢 天亮以后就消散 人海茫茫 霓虹灯在摇晃 好聚好散 为心碎做好预防 没人能把谁留下 谁在诱惑 又有谁在盼望 转身逃跑 如果爱发出警报 毕竟人性太浅薄 让影子交 叠纠缠 愿月光不会说穿 欲望暗处流转 规则早已失去了方向 只剩下触碰 延续沉默 就这样 能不能像 一个影子一样 躲在黑暗 我们独自地愉欢 天亮以后就消散 
你的脸颊 微醺泛红一般 话说到哪 一夜好像说不完 好想在此就打断
香味相伴 刺激我的五官 借此取暖 逃离孤独的侵占 沉溺其中 即使短暂
让影子交叠纠缠 愿月光不会说穿 欲望暗处流转 规则早已失去了方向 只剩下触碰 延续沉默 就这样
能不能像 一个影子一样 躲在黑暗 我们独自地愉欢 天亮以后就消散
人海茫茫 霓虹灯在摇晃 好聚好散 为心碎做好预防 没人能把谁留下
谁在诱惑 又有谁在盼望 转身逃跑 如果爱发出警报 毕竟人性太浅薄
让影子交 叠纠缠 愿月光不会说穿 欲望暗处流转 规则早已失去了方向 只剩下触碰 延续沉默 就这样
能不能像 一个影子一样 躲在黑暗 我们独自地愉欢 天亮以后就消散
留言（ 0 ） 最相關留言 所有留言
留言（ 0 ）",2026-08-11,,編輯推薦,True,False,
2026-08-23 01:43:24,realtime,urban,,,17,loccerzeku,想聽聽你的聲音8.6 - 01 Start,0,11,0,https://streetvoice.com/loccerzzh/songs/875017/,https://streetvoice.com/loccerzzh/,"https://akstatic.streetvoice.com/song_covers/lo/cc/loccerzzh/fzwMiGLckJUUgBZGyHvwHZ.jpeg?x-oss-process=image/resize,m_fixed,h_1,w_1,limit_0/resize,m_fixed,h_630,w_1200,limit_0/watermark,image_c29uZ19jb3ZlcnMvbG8vY2MvbG9jY2VyenpoL2Z6d01pR0xja0pVVWdCWkd5SHZ3SFouanBlZz94LW9zcy1wcm9jZXNzPWltYWdlL3Jlc2l6ZSxtX2ZpeGVkLGhfMzQ0LHdfMzQ0LGxpbWl0XzA,g_nw,x_428,y_143/watermark,image_YXNzZXQvaW1hZ2VzL21ldGFpbWFnZS1zb25nLnBuZw,g_nw,x_0,y_0",images/875017.jpeg,@loccerzzh,音樂人,,,,12,18,3,,,https://www.youtube.com/user/StreetVoiceTV,,,R&B / Soul,,,,"少了多愁善感 卻多了幾聲悶響 
少了多愁善感 卻多了幾聲悶響","不知道多久沒提起筆 但周公昨夜在夢裡跟我提起你 我夢見了你跟誰在一起 這不甘我卻還是糾結了在心裡 這一夜輾轉反側  想起一切 有關於你的忐忑  寫了一頁 初次見面的膽怯  卻又熱烈 怎麼會變得冷澀  像是敵對 感謝你又打開我的感性 有了靈感 這就像用了會掛的絕技 實不相瞞 每首歌都得靠死心塌地 每個夜晚 驅趕我靠健身農的睡意 社會化讓我沒發覺我心痛 即便我又獨自度過了那麼多寒冬 殊不知每次的遊園都驚夢 醒來後奮力往前卻撲了個空 多希望你能回我訊息 就算沒那麼立即 我想聽聽你的聲音 不見得開心 沒關係 我偶爾也有情緒 只想知道你 最近消息 我多希望你 能原諒我當時的壞脾氣 接不住自己 的我 也不禁懷疑 能不能接得住你 柳絮它 再一次 從眼前 飄散 再一次 感受到 再也沒 感受到 四季的遞嬗 ㄙˉ不管我 多用力 讓自己 燦爛 我放開 又或是 放開我的 那些人 從來沒變慢 一些些 痕跡 或  成績 也好 能不能 掩蓋過 那些 不小心 曾經的 跌倒 有時我也分辨不清 是否已做好準備 還是寂寞在作祟 你無言以對 多希望你能回我訊息 就算沒那麼立即 我想聽聽你的聲音 不見得開心 沒關係 我偶爾也有情緒 只想知道你 最近消息 我多希望你 能原諒我當時的壞脾氣 接不住自己 的我 也不禁懷疑 能不能接得住你 
不知道多久沒提起筆 但周公昨夜在夢裡跟我提起你 我夢見了你跟誰在一起 這不甘我卻還是糾結了在心裡 這一夜輾轉反側  想起一切 有關於你的忐忑  寫了一頁 初次見面的膽怯  卻又熱烈 怎麼會變得冷澀  像是敵對
感謝你又打開我的感性 有了靈感 這就像用了會掛的絕技 實不相瞞 每首歌都得靠死心塌地 每個夜晚 驅趕我靠健身農的睡意 社會化讓我沒發覺我心痛 即便我又獨自度過了那麼多寒冬 殊不知每次的遊園都驚夢 醒來後奮力往前卻撲了個空
多希望你能回我訊息 就算沒那麼立即 我想聽聽你的聲音 不見得開心 沒關係 我偶爾也有情緒 只想知道你 最近消息 我多希望你 能原諒我當時的壞脾氣 接不住自己 的我 也不禁懷疑 能不能接得住你
柳絮它 再一次 從眼前 飄散 再一次 感受到 再也沒 感受到 四季的遞嬗 ㄙˉ不管我 多用力 讓自己 燦爛 我放開 又或是 放開我的 那些人 從來沒變慢 一些些 痕跡 或  成績 也好 能不能 掩蓋過 那些 不小心 曾經的 跌倒 有時我也分辨不清 是否已做好準備 還是寂寞在作祟 你無言以對
多希望你能回我訊息 就算沒那麼立即 我想聽聽你的聲音 不見得開心 沒關係 我偶爾也有情緒 只想知道你 最近消息 我多希望你 能原諒我當時的壞脾氣 接不住自己 的我 也不禁懷疑 能不能接得住你
留言（ 0 ） 最相關留言 所有留言
留言（ 0 ）",2026-08-16,,,False,False,
2026-08-23 01:43:24,realtime,urban,,,18,千曼,我不在等你,0,10,0,https://streetvoice.com/ada_kung/songs/874814/,https://streetvoice.com/ada_kung/,"https://akstatic.streetvoice.com/music_albums/ad/a_/ada_kung/fSgV4FDR7rQ7N47CTgzmzF.jpg?x-oss-process=image/resize,m_fixed,h_1,w_1,limit_0/resize,m_fixed,h_630,w_1200,limit_0/watermark,image_bXVzaWNfYWxidW1zL2FkL2FfL2FkYV9rdW5nL2ZTZ1Y0RkRSN3JRN040N0NUZ3ptekYuanBnP3gtb3NzLXByb2Nlc3M9aW1hZ2UvcmVzaXplLG1fZml4ZWQsaF8zNDQsd18zNDQsbGltaXRfMA,g_nw,x_428,y_143/watermark,image_YXNzZXQvaW1hZ2VzL21ldGFpbWFnZS1zb25nLnBuZw,g_nw,x_0,y_0",images/874814.jpg,@ada_kung,音樂人,,,,22,1,1,,,https://www.youtube.com/user/StreetVoiceTV,,,R&B / Soul,二月二十七我生辰他撿回命根,https://streetvoice.com/ada_kung/songs/album/97325894/,,,"【前奏】 Hmm～ Yeah～ 霜落一夜 心事未眠 【主歌一】 兩載光陰　隨風飄蕩 多少往事　暗自瘋長 你說你曾　受盡了傷 我便一次　一次心軟退讓 生辰那日　桎梏釋放 偏偏命運　讓我們遇上 渡口岸邊　夜色茫茫 誰又想到　這是一場舊賬 【預副歌】 你說過的那些話 我一句一句放在心上 我替你找過多少理由 卻沒替自己想過一場 【副歌】 偏偏偏　我偏偏信了你的謊 忍忍忍　忍到最後遍體鱗傷 等等等　等你回頭說一句真相 算算算　算來算去都是我心軟 念念念　念的是你不是過往 忘忘忘　想忘卻忘不掉那一晚 還還還　還的是前世欠你的賬 斷斷斷　斷了情卻斷不了心上的傷 【間奏】 Hmm～ Oh～ Yeah～ 【主歌二】 你總說著　一身創傷 那些往事　說得淒涼 我把同情　換成體諒 把你的沉默　當成了勉強 你說項目　只是繁忙 說起舊人　眼裡還有光 我裝作什麼　都沒看見 卻在深夜　一次次失望 你一句忙 我等了一晚 你一句累 我不敢再問 你說沒事 我便真的相信 直到最後 連自己都騙不過自己 【預副歌】 原來我不是看不見 只是捨不得把你看穿 我不是沒有答案 只是一直不敢承認真相 【副歌】 偏偏偏　我偏偏信了你的謊 忍忍忍　忍到最後遍體鱗傷 等等等　等你回頭說一句真相 算算算　算來算去都是我心軟 念念念　念的是你不是過往 忘忘忘　想忘卻忘不掉那一晚 還還還　還的是前世欠你的賬 斷斷斷　斷了情卻斷不了心上的傷 【橋段】 如果那天 我沒有那麼心軟 如果那晚 我沒有陪你說到天亮 是不是今天 就不會這麼難放 是不是我們 本來就不該遇上 可我最痛的 從來不是你離開 而是我明明知道你在騙 還一次一次 替你把謊圓回來 【情緒副歌】 偏偏偏　偏偏我愛得太認真 忍忍忍　忍到最後只剩陌生 等等等　等不到一句捨不得 算算算　算不清我到底欠你什麼 念念念　念到心都慢慢變冷 忘忘忘　忘到最後只剩一個人 還還還　前世的賬今生還完 斷斷斷　斷了這段不該有的緣分 【最後副歌】 偏偏偏　我偏偏信了你的謊 忍忍忍　忍到最後遍體鱗傷 等等等　這一次我不再等你回望 算算算　算到最後我只欠自己一個原諒 念念念　念的是曾經不是你 忘忘忘　忘的是那個傻傻的自己 還還還　前世的賬今生還清 斷斷斷　斷了情也斷了我的痴心 偏偏偏　我們偏偏走到這一場 匆匆匆　來不及好好說聲散場 慢慢慢　我會慢慢習慣沒有你 從今以後　各自安穩　各自天亮 【尾奏】 Hmm～ 霜慢慢落下 Hmm～ 夜慢慢天亮 前世的賬 今生還清 這一次 我不再等你 
【前奏】 Hmm～ Yeah～ 霜落一夜 心事未眠 【主歌一】 兩載光陰　隨風飄蕩 多少往事　暗自瘋長 你說你曾　受盡了傷 我便一次　一次心軟退讓 生辰那日　桎梏釋放 偏偏命運　讓我們遇上 渡口岸邊　夜色茫茫 誰又想到　這是一場舊賬 【預副歌】 你說過的那些話 我一句一句放在心上 我替你找過多少理由 卻沒替自己想過一場 【副歌】 偏偏偏　我偏偏信了你的謊 忍忍忍　忍到最後遍體鱗傷 等等等　等你回頭說一句真相 算算算　算來算去都是我心軟 念念念　念的是你不是過往 忘忘忘　想忘卻忘不掉那一晚 還還還　還的是前世欠你的賬 斷斷斷　斷了情卻斷不了心上的傷 【間奏】 Hmm～ Oh～ Yeah～ 【主歌二】 你總說著　一身創傷 那些往事　說得淒涼 我把同情　換成體諒 把你的沉默　當成了勉強 你說項目　只是繁忙 說起舊人　眼裡還有光 我裝作什麼　都沒看見 卻在深夜　一次次失望 你一句忙 我等了一晚 你一句累 我不敢再問 你說沒事 我便真的相信 直到最後 連自己都騙不過自己 【預副歌】 原來我不是看不見 只是捨不得把你看穿 我不是沒有答案 只是一直不敢承認真相 【副歌】 偏偏偏　我偏偏信了你的謊 忍忍忍　忍到最後遍體鱗傷 等等等　等你回頭說一句真相 算算算　算來算去都是我心軟 念念念　念的是你不是過往 忘忘忘　想忘卻忘不掉那一晚 還還還　還的是前世欠你的賬 斷斷斷　斷了情卻斷不了心上的傷 【橋段】 如果那天 我沒有那麼心軟 如果那晚 我沒有陪你說到天亮 是不是今天 就不會這麼難放 是不是我們 本來就不該遇上 可我最痛的 從來不是你離開 而是我明明知道你在騙 還一次一次 替你把謊圓回來 【情緒副歌】 偏偏偏　偏偏我愛得太認真 忍忍忍　忍到最後只剩陌生 等等等　等不到一句捨不得 算算算　算不清我到底欠你什麼 念念念　念到心都慢慢變冷 忘忘忘　忘到最後只剩一個人 還還還　前世的賬今生還完 斷斷斷　斷了這段不該有的緣分 【最後副歌】 偏偏偏　我偏偏信了你的謊 忍忍忍　忍到最後遍體鱗傷 等等等　這一次我不再等你回望 算算算　算到最後我只欠自己一個原諒 念念念　念的是曾經不是你 忘忘忘　忘的是那個傻傻的自己 還還還　前世的賬今生還清 斷斷斷　斷了情也斷了我的痴心 偏偏偏　我們偏偏走到這一場 匆匆匆　來不及好好說聲散場 慢慢慢　我會慢慢習慣沒有你 從今以後　各自安穩　各自天亮 【尾奏】 Hmm～ 霜慢慢落下 Hmm～ 夜慢慢天亮 前世的賬 今生還清 這一次 我不再等你
留言（ 0 ） 最相關留言 所有留言
留言（ 0 ）",2026-08-15,,,False,False,
2026-08-23 01:43:24,realtime,urban,,,19,千曼,望川同日生,0,8,0,https://streetvoice.com/ada_kung/songs/874816/,https://streetvoice.com/ada_kung/,"https://akstatic.streetvoice.com/music_albums/ad/a_/ada_kung/HDAzeNR5y4NDTHWRB8oRyG.jpg?x-oss-process=image/resize,m_fixed,h_1,w_1,limit_0/resize,m_fixed,h_630,w_1200,limit_0/watermark,image_bXVzaWNfYWxidW1zL2FkL2FfL2FkYV9rdW5nL0hEQXplTlI1eTRORFRIV1JCOG9SeUcuanBnP3gtb3NzLXByb2Nlc3M9aW1hZ2UvcmVzaXplLG1fZml4ZWQsaF8zNDQsd18zNDQsbGltaXRfMA,g_nw,x_428,y_143/watermark,image_YXNzZXQvaW1hZ2VzL21ldGFpbWFnZS1zb25nLnBuZw,g_nw,x_0,y_0",images/874816.jpg,@ada_kung,音樂人,,,,22,1,1,,,https://www.youtube.com/user/StreetVoiceTV,,,R&B / Soul,偏偏清醒,https://streetvoice.com/ada_kung/songs/album/97325895/,,,"望川同日生 （整理修正完整版歌词｜千曼） 傍晚河水静静向前流，桥上留着旧日的哀愁 即使轮回不停往前走，命运早将我们捆同一头 2月27，清晨到来后，我的生日应全新开头 偏偏同一天，牢门大开口，他结束囚禁，重获自由 我本以为好运正向我招手，齐台观偶遇算是好运头 谁知这场看似普通的邂逅，只为清算前世未了的仇 摇动竹签，想问前路如何 占上一卦，满盘卦象只剩迷雾缭绕 就算喝下孟婆汤也难忘旧，前世牵绊依旧缠缚着我 我们原本是两条不同的路口 却被迫在同一天重新开头 这段旧缘早已被天命看透 我躲不开这场煎熬，直到尽头 算一卦，走过忘川河，我的生辰换他挣脱枷锁 宿命线紧紧缠着我 屡屡入梦，过错反复重播 再卜卦遥望彼岸烟波 看似缘分，实则满是灾祸 同日生，彼此不停消磨 越陷越深，根本无从解脱 老机车一路扬起漫天灰尘 他从基隆长途赶来，只为见我 我卸下所有防备与内心戒备 毫无保留将信任全都交付他手 我早早定下底线与相处规则 却总是心软不停向后退缩 直到一件件隐瞒慢慢被戳破 谎言层层叠叠，越编越多 他惹下纷争我全都帮他圆过 他口出重言我全都包容忍过 直到所有假象彻底碎裂坠落 我才看懂这段缘分满是劫祸 同一天重生从来不是契合 只是轮回强加于我，偿还旧债罢了 孟婆劝我别再执着 别再放不下，别为这段孽缘弄得人心乱如麻 奈何桥上行人来来往往穿梭 没人能够逃过因果既定章法 当他重获自由的那一刹那 我刚好坠入这段痛苦纠葛 两份命运死死打上一个死结 从一开始就注定互相拉扯 算一卦，走过忘川河，我的生辰换他挣脱枷锁 宿命线紧紧缠着我，连孟婆也剪不断这层纠葛 再卜卦遥望彼岸烟波，看似缘分，实则满是灾祸 痛伴此生，彼此互相消磨 越陷越深，根本无从解脱 如今旧债完结，全部偿够 这段孽缘终于画上句点落幕 宿命束缚此刻全部松手 好好守住我的房产、孩子与归宿 写下两年多积攒的疲惫与苦楚 往后余生，安稳顺遂，无忧无阻 
望川同日生
（整理修正完整版歌词｜千曼）
傍晚河水静静向前流，桥上留着旧日的哀愁 即使轮回不停往前走，命运早将我们捆同一头
2月27，清晨到来后，我的生日应全新开头 偏偏同一天，牢门大开口，他结束囚禁，重获自由
我本以为好运正向我招手，齐台观偶遇算是好运头 谁知这场看似普通的邂逅，只为清算前世未了的仇
摇动竹签，想问前路如何 占上一卦，满盘卦象只剩迷雾缭绕 就算喝下孟婆汤也难忘旧，前世牵绊依旧缠缚着我
我们原本是两条不同的路口 却被迫在同一天重新开头 这段旧缘早已被天命看透 我躲不开这场煎熬，直到尽头
算一卦，走过忘川河，我的生辰换他挣脱枷锁 宿命线紧紧缠着我 屡屡入梦，过错反复重播 再卜卦遥望彼岸烟波 看似缘分，实则满是灾祸
同日生，彼此不停消磨 越陷越深，根本无从解脱
老机车一路扬起漫天灰尘 他从基隆长途赶来，只为见我
我卸下所有防备与内心戒备 毫无保留将信任全都交付他手 我早早定下底线与相处规则 却总是心软不停向后退缩 直到一件件隐瞒慢慢被戳破 谎言层层叠叠，越编越多
他惹下纷争我全都帮他圆过 他口出重言我全都包容忍过 直到所有假象彻底碎裂坠落 我才看懂这段缘分满是劫祸
同一天重生从来不是契合 只是轮回强加于我，偿还旧债罢了
孟婆劝我别再执着 别再放不下，别为这段孽缘弄得人心乱如麻 奈何桥上行人来来往往穿梭 没人能够逃过因果既定章法
当他重获自由的那一刹那 我刚好坠入这段痛苦纠葛 两份命运死死打上一个死结 从一开始就注定互相拉扯
算一卦，走过忘川河，我的生辰换他挣脱枷锁 宿命线紧紧缠着我，连孟婆也剪不断这层纠葛 再卜卦遥望彼岸烟波，看似缘分，实则满是灾祸 痛伴此生，彼此互相消磨 越陷越深，根本无从解脱
如今旧债完结，全部偿够 这段孽缘终于画上句点落幕 宿命束缚此刻全部松手 好好守住我的房产、孩子与归宿 写下两年多积攒的疲惫与苦楚
往后余生，安稳顺遂，无忧无阻
留言（ 0 ） 最相關留言 所有留言
留言（ 0 ）",2026-08-15,,AI 協作 R&B / Soul ・ 偏偏清醒,False,False,
2026-08-23 01:43:24,realtime,urban,,,20,SSA.fortitude_毅力音樂,登陸諾曼第 D-Day,1,17,0,https://streetvoice.com/xiong_qiu/songs/871111/,https://streetvoice.com/xiong_qiu/,"https://akstatic.streetvoice.com/song_covers/xi/on/xiong_qiu/TNmrWXjjiNkXGa9UGMNi4i.jpeg?x-oss-process=image/resize,m_fixed,h_1,w_1,limit_0/resize,m_fixed,h_630,w_1200,limit_0/watermark,image_c29uZ19jb3ZlcnMveGkvb24veGlvbmdfcWl1L1RObXJXWGpqaU5rWEdhOVVHTU5pNGkuanBlZz94LW9zcy1wcm9jZXNzPWltYWdlL3Jlc2l6ZSxtX2ZpeGVkLGhfMzQ0LHdfMzQ0LGxpbWl0XzA,g_nw,x_428,y_143/watermark,image_YXNzZXQvaW1hZ2VzL21ldGFpbWFnZS1zb25nLnBuZw,g_nw,x_0,y_0",images/871111.jpeg,@xiong_qiu,音樂人,台北市,2021-04-01,,16,12,3,,,https://www.youtube.com/user/StreetVoiceTV,,,R&B / Soul,,,,"《登陸諾曼第》 追愛像是一場戰役。 三個男孩，三段故事，描繪從心動、追尋，到最後勇敢靠近的過程。 我們把追女孩比喻成「登陸諾曼第」—— 那是一場需要勇氣、策略與信念的冒險。 看似像是一場艱難的進攻， 但在每一次試探、等待與靠近之中， 其實藏著最浪漫的瞬間。 NickQiu 鈞侖、Kacing 大牛哥、林廷軒 Donut， 用三種不同視角，唱出男孩在愛情裡的衝動、堅持與溫柔。 這不是一場戰爭， 而是一場屬於男孩們的浪漫登陸。 SSA.FORTITUDE 毅力音樂 《登陸諾曼第》 
《登陸諾曼第》
追愛像是一場戰役。
三個男孩，三段故事，描繪從心動、追尋，到最後勇敢靠近的過程。
我們把追女孩比喻成「登陸諾曼第」—— 那是一場需要勇氣、策略與信念的冒險。
看似像是一場艱難的進攻， 但在每一次試探、等待與靠近之中， 其實藏著最浪漫的瞬間。
NickQiu 鈞侖、Kacing 大牛哥、林廷軒 Donut， 用三種不同視角，唱出男孩在愛情裡的衝動、堅持與溫柔。
這不是一場戰爭， 而是一場屬於男孩們的浪漫登陸。
SSA.FORTITUDE 毅力音樂 《登陸諾曼第》","(Intro) Baby不要不理不睬 想跟你創造美好未來 你是我心中的最愛 愛情的戰役現在準備為你展開 (hook) 說我愛你不過兩百遍 過程像在登陸諾曼第 she's my life she's my life no why 牽起他的手 能佔有我的思緒 說我愛你不過兩百遍 過程像在登陸諾曼第 she's my life she's my life no why 故作淡定 牽起她手 她說羅曼蒂ya (NickQiu) 最近情緒好像有點煩 想你想到失眠 是不是聽起來有點鬧 就算沒有人理解 你line 的已讀不回 裝耳聾 也能 直擊我心臟 So donw 無法形容的感覺 初次見面 在意穿著 注意體面 我的愛不會輕易向妳劇透 想 回到昨天 找 不到時間 直到能 和你表白 全部都倒帶 直到車爆胎 I’m not bad boy  not bad boy 沒看透的Always 沒想 過怎麼靠近 擋不住的陌生距離Hu 一舉一動那麼小心 你的小動作 配合小把戲 我想除了妳 沒那麼自然 她說羅曼蒂ya 她說羅曼蒂ya (大牛) 嘿 girl 想要拉近我們的距離 進入你的心像是登入諾曼第 整裝出發帶上我自信的武器 準備登入你的心 屬於我的領地 嘿 girl別躲在冰冷的碉堡裡 這是一場易守難攻的戰役 為了得到你我拿出看家本領 我是沈醉於你的  愛情大兵 從第一眼我就已經陷入危機 你的笑容已經奪走了我身心 我緊張的表情就像一個新兵 你的笑容 你的眼神 我至今無法忘記 想要更認識你 但是沒有辦法 你那冰冷的心  就像一座高牆 我用盡了我全部的計畫 也始終換不回能跟你聯繫的號碼 (hook) 說我愛你不過兩百遍 過程像在登陸諾曼第 she's my life she's my life no why 牽起他的手 能佔有我的思緒 說我愛你不過兩百遍 過程像在登陸諾曼第 she's my life she's my life no why 故作淡定 牽起她手 她說羅曼蒂ya (Donut) 終於 我才明白 感覺來得太快I’m getting to a fight 腦中出現的都是你 （here we roll again) I don’t know why won’t u set me free (Let me take you down) Oh baby我需要你的愛 不要耍高冷對我不理也不睬 總是一直盯著手機 和你曖昧像玩戰略遊戲 我招兵又買馬 追你聲勢浩大 你卻當我是一個笑話 這就是你的回答 (hook) 說我愛你不過兩百遍 過程像在登陸諾曼第 she's my life she's my life no why 牽起他的手 能佔有我的思緒 說我愛你不過兩百遍 過程像在登陸諾曼第 she's my life she's my life no why 故作淡定 牽起她手 她說羅曼蒂ya 
(Intro) Baby不要不理不睬 想跟你創造美好未來 你是我心中的最愛 愛情的戰役現在準備為你展開
(hook) 說我愛你不過兩百遍 過程像在登陸諾曼第 she's my life she's my life no why 牽起他的手 能佔有我的思緒
說我愛你不過兩百遍 過程像在登陸諾曼第
she's my life she's my life no why 故作淡定 牽起她手 她說羅曼蒂ya
(NickQiu) 最近情緒好像有點煩 想你想到失眠 是不是聽起來有點鬧 就算沒有人理解 你line 的已讀不回 裝耳聾 也能 直擊我心臟 So donw
無法形容的感覺 初次見面 在意穿著 注意體面 我的愛不會輕易向妳劇透
想 回到昨天 找 不到時間 直到能 和你表白 全部都倒帶 直到車爆胎
I’m not bad boy  not bad boy 沒看透的Always 沒想 過怎麼靠近 擋不住的陌生距離Hu
一舉一動那麼小心 你的小動作 配合小把戲 我想除了妳 沒那麼自然 她說羅曼蒂ya 她說羅曼蒂ya
(大牛) 嘿 girl 想要拉近我們的距離 進入你的心像是登入諾曼第 整裝出發帶上我自信的武器 準備登入你的心 屬於我的領地
嘿 girl別躲在冰冷的碉堡裡 這是一場易守難攻的戰役 為了得到你我拿出看家本領 我是沈醉於你的  愛情大兵
從第一眼我就已經陷入危機 你的笑容已經奪走了我身心 我緊張的表情就像一個新兵 你的笑容 你的眼神 我至今無法忘記
想要更認識你 但是沒有辦法 你那冰冷的心  就像一座高牆 我用盡了我全部的計畫 也始終換不回能跟你聯繫的號碼
(hook) 說我愛你不過兩百遍 過程像在登陸諾曼第 she's my life she's my life no why 牽起他的手 能佔有我的思緒
說我愛你不過兩百遍 過程像在登陸諾曼第
she's my life she's my life no why 故作淡定 牽起她手 她說羅曼蒂ya
(Donut) 終於 我才明白 感覺來得太快I’m getting to a fight 腦中出現的都是你 （here we roll again) I don’t know why won’t u set me free (Let me take you down) Oh baby我需要你的愛 不要耍高冷對我不理也不睬 總是一直盯著手機 和你曖昧像玩戰略遊戲
我招兵又買馬 追你聲勢浩大 你卻當我是一個笑話 這就是你的回答
(hook) 說我愛你不過兩百遍 過程像在登陸諾曼第 she's my life she's my life no why 牽起他的手 能佔有我的思緒
說我愛你不過兩百遍 過程像在登陸諾曼第
she's my life she's my life no why 故作淡定 牽起她手 她說羅曼蒂ya
留言（ 0 ） 最相關留言 所有留言
留言（ 0 ）",2026-08-15,,,False,False,
2026-08-23 01:43:24,realtime,urban,,,21,賴建宇,Spash (My Ringtone),1,9,0,https://streetvoice.com/ulysses_lai/songs/874544/,https://streetvoice.com/ulysses_lai/,"https://akstatic.streetvoice.com/song_covers/ul/ys/ulysses_lai/2GWxquRd54e2JrCukZaAhE.jpeg?x-oss-process=image/resize,m_fixed,h_1,w_1,limit_0/resize,m_fixed,h_630,w_1200,limit_0/watermark,image_c29uZ19jb3ZlcnMvdWwveXMvdWx5c3Nlc19sYWkvMkdXeHF1UmQ1NGUySnJDdWtaYUFoRS5qcGVnP3gtb3NzLXByb2Nlc3M9aW1hZ2UvcmVzaXplLG1fZml4ZWQsaF8zNDQsd18zNDQsbGltaXRfMA,g_nw,x_428,y_143/watermark,image_YXNzZXQvaW1hZ2VzL21ldGFpbWFnZS1zb25nLnBuZw,g_nw,x_0,y_0",images/874544.jpeg,@ulysses_lai,音樂人,台中市,2026-06-01,,19,35,,,,https://www.youtube.com/user/StreetVoiceTV,,,Jazz,,,,"原作是我在2007年為自己創作的專屬手機鈴聲音樂，曲風則融合了我個人偏好的Jazz & Funk元素，原音樂創作工作檔因年代久遠已遺失，故利用 AI 工具來優化重現。 本作品尚未使用在任何商業用途上，若喜歡的朋友可以自行取用。 
原作是我在2007年為自己創作的專屬手機鈴聲音樂，曲風則融合了我個人偏好的Jazz & Funk元素，原音樂創作工作檔因年代久遠已遺失，故利用 AI 工具來優化重現。
本作品尚未使用在任何商業用途上，若喜歡的朋友可以自行取用。","這是沒有提供歌詞的歌曲
留言（ 0 ） 最相關留言 所有留言
留言（ 0 ）",2026-08-14,,AI 協作 Jazz,False,False,
2026-08-23 01:43:24,realtime,urban,,,22,賴建宇,Design Bar (形象片主題曲),0,17,1,https://streetvoice.com/ulysses_lai/songs/874377/,https://streetvoice.com/ulysses_lai/,"https://akstatic.streetvoice.com/song_covers/ul/ys/ulysses_lai/N9XuH6ZpLU3JBZGffLoBh8.jpeg?x-oss-process=image/resize,m_fixed,h_1,w_1,limit_0/resize,m_fixed,h_630,w_1200,limit_0/watermark,image_c29uZ19jb3ZlcnMvdWwveXMvdWx5c3Nlc19sYWkvTjlYdUg2WnBMVTNKQlpHZmZMb0JoOC5qcGVnP3gtb3NzLXByb2Nlc3M9aW1hZ2UvcmVzaXplLG1fZml4ZWQsaF8zNDQsd18zNDQsbGltaXRfMA,g_nw,x_428,y_143/watermark,image_YXNzZXQvaW1hZ2VzL21ldGFpbWFnZS1zb25nLnBuZw,g_nw,x_0,y_0",images/874377.jpeg,@ulysses_lai,音樂人,台中市,2026-06-01,,19,35,,,,https://www.youtube.com/user/StreetVoiceTV,,,Jazz,,,,"這是我在2020年為亞洲大學數位媒體設計系畢業展形象宣傳片《Design Bar》所製作的主題曲，音樂段落依宣傳片企劃及分鏡需求製作，音樂採用融合 City Pop＆Jazz Fusion 的風格。 版權所有，未經授權請勿任意使用。 
這是我在2020年為亞洲大學數位媒體設計系畢業展形象宣傳片《Design Bar》所製作的主題曲，音樂段落依宣傳片企劃及分鏡需求製作，音樂採用融合 City Pop＆Jazz Fusion 的風格。
版權所有，未經授權請勿任意使用。","這是沒有提供歌詞的歌曲
留言（ 1 ） 最相關留言 所有留言
留言（ 1 ）",2026-08-13,,,False,False,
2026-08-23 01:43:24,realtime,urban,,,23,kanasi_boxi,月下迴廊,1,14,0,https://streetvoice.com/kanasi_boxi/songs/873912/,https://streetvoice.com/kanasi_boxi/,"https://akstatic.streetvoice.com/song_covers/ka/na/kanasi_boxi/DV5FN96iUMWxKu82QBJZic.jpg?x-oss-process=image/resize,m_fixed,h_1,w_1,limit_0/resize,m_fixed,h_630,w_1200,limit_0/watermark,image_c29uZ19jb3ZlcnMva2EvbmEva2FuYXNpX2JveGkvRFY1Rk45NmlVTVd4S3U4MlFCSlppYy5qcGc_eC1vc3MtcHJvY2Vzcz1pbWFnZS9yZXNpemUsbV9maXhlZCxoXzM0NCx3XzM0NCxsaW1pdF8w,g_nw,x_428,y_143/watermark,image_YXNzZXQvaW1hZ2VzL21ldGFpbWFnZS1zb25nLnBuZw,g_nw,x_0,y_0",images/873912.jpg,@kanasi_boxi,音樂人,,,,10,,,,,https://www.youtube.com/user/StreetVoiceTV,,,Jazz,,,,,"這是沒有提供歌詞的歌曲
留言（ 0 ） 最相關留言 所有留言
留言（ 0 ）",2026-08-11,,,False,False,
2026-08-23 01:43:24,realtime,urban,,,24,heep,sleep,1,20,1,https://streetvoice.com/withered_hat_z9p/songs/874360/,https://streetvoice.com/withered_hat_z9p/,"https://akstatic.streetvoice.com/song_covers/wi/th/withered_hat_z9p/HLJNLLmNzsyPBa6s6MrfQr.jpg?x-oss-process=image/resize,m_fixed,h_1,w_1,limit_0/resize,m_fixed,h_630,w_1200,limit_0/watermark,image_c29uZ19jb3ZlcnMvd2kvdGgvd2l0aGVyZWRfaGF0X3o5cC9ITEpOTExtTnpzeVBCYTZzNk1yZlFyLmpwZz94LW9zcy1wcm9jZXNzPWltYWdlL3Jlc2l6ZSxtX2ZpeGVkLGhfMzQ0LHdfMzQ0LGxpbWl0XzA,g_nw,x_428,y_143/watermark,image_YXNzZXQvaW1hZ2VzL21ldGFpbWFnZS1zb25nLnBuZw,g_nw,x_0,y_0",images/874360.jpg,@withered_hat_z9p,音樂人,,,,1,,1,,,https://www.youtube.com/user/StreetVoiceTV,日本LOUD ROCK新星Haklo首次登台！攜新作《black sheep》與姐妹團Qu襲捲台北|||https://blow.streetvoice.com/83492/?utm_source=streetvoice&utm_medium=profile-news-block; 「野地晃晃」串連野地方、肥頭音樂雙場館四舞台！2/15集結無妄合作社、Manic Sheep、陳修澤等20組台日樂團|||https://blow.streetvoice.com/78942/?utm_source=streetvoice&utm_medium=profile-news-block; Manic Sheep推出新 EP《Morning Fragment》 主唱Chris主演同名歌曲〈Morning Fragment〉MV|||https://blow.streetvoice.com/69213/?utm_source=streetvoice&utm_medium=profile-news-block,,R&B / Soul,,,,"呱 
呱","in morning 你的身影 還在我心裡 在我的夢裡 我遇見了你 When I sleeping 這次夢裡 臉龐依舊清晰 忘不掉你 在這一生里 You are  my first time My lady 黑色的長髮 纏住心 在不同時間 我都會想起 我們回億 You are  my first time My lady 黑色的長髮 纏住心 在不同時間 我都會想起 我們回億 就當我在開玩笑 我還是想要 在你身邊睡去 我們想未來 聊過去 聊現在 對我是在開玩笑 我以不想要 在你身邊睡去 你以走遠 我們不见 珍重再見 You are  my first time My lady 黑色的長髮 纏住心 在不同時間 我都會想起 我們回億 You are  my first time My lady 黑色的長髮 纏住心 在不同時間 我都會想起 我們回億 
in morning 你的身影 還在我心裡 在我的夢裡 我遇見了你
When I sleeping 這次夢裡 臉龐依舊清晰 忘不掉你 在這一生里
You are  my first time My lady 黑色的長髮 纏住心 在不同時間 我都會想起 我們回億 You are  my first time My lady 黑色的長髮 纏住心 在不同時間 我都會想起 我們回億
就當我在開玩笑 我還是想要 在你身邊睡去 我們想未來 聊過去 聊現在
對我是在開玩笑 我以不想要 在你身邊睡去 你以走遠 我們不见 珍重再見
You are  my first time My lady 黑色的長髮 纏住心 在不同時間 我都會想起 我們回億 You are  my first time My lady 黑色的長髮 纏住心 在不同時間 我都會想起 我們回億
留言（ 1 ） 最相關留言 所有留言
留言（ 1 ）",2026-08-13,,,False,False,
2026-08-23 01:43:24,realtime,urban,,,25,Mowna,主禱文 （demo）,1,74,3,https://streetvoice.com/Mowna/songs/874273/,https://streetvoice.com/Mowna/,"https://akstatic.streetvoice.com/song_covers/Mo/wn/Mowna/L2eWCatHpwrHN9Y7p3hzSA.jpg?x-oss-process=image/resize,m_fixed,h_1,w_1,limit_0/resize,m_fixed,h_630,w_1200,limit_0/watermark,image_c29uZ19jb3ZlcnMvTW8vd24vTW93bmEvTDJlV0NhdEhwd3JITjlZN3AzaHpTQS5qcGc_eC1vc3MtcHJvY2Vzcz1pbWFnZS9yZXNpemUsbV9maXhlZCxoXzM0NCx3XzM0NCxsaW1pdF8w,g_nw,x_428,y_143/watermark,image_YXNzZXQvaW1hZ2VzL21ldGFpbWFnZS1zb25nLnBuZw,g_nw,x_0,y_0",images/874273.jpg,@Mowna,音樂人,,,,10,3,2,,,https://www.youtube.com/user/StreetVoiceTV,Puente 長橋樂團 夢想與故鄉之間的故事|||https://blow.streetvoice.com/16873/?utm_source=streetvoice&utm_medium=profile-news-block,,R&B / Soul,,,,"從小在基督教的教會長大，對我來說教會就像一個小型的世界，在裡面有經歷溫暖的時刻，但也看過許多狗屁倒灶的事。讓我不禁思考，信基督教對自己的意義是什麼？如果把基督教的價值活用，可以對這個社會做什麼？ 我認為，相信對自己有意義的價值，不論是宗教或是不同的價值觀都沒有什麼問題。只是要謹慎自己，如過度強加自我的世界觀在別人身上，其實對別人是件痛苦的事。而這樣的狀態會不經意成為一種隱形的宗教或是價值的壓迫，也因為這樣，有可能會因此失去了跟人交往的機會。 
從小在基督教的教會長大，對我來說教會就像一個小型的世界，在裡面有經歷溫暖的時刻，但也看過許多狗屁倒灶的事。讓我不禁思考，信基督教對自己的意義是什麼？如果把基督教的價值活用，可以對這個社會做什麼？
我認為，相信對自己有意義的價值，不論是宗教或是不同的價值觀都沒有什麼問題。只是要謹慎自己，如過度強加自我的世界觀在別人身上，其實對別人是件痛苦的事。而這樣的狀態會不經意成為一種隱形的宗教或是價值的壓迫，也因為這樣，有可能會因此失去了跟人交往的機會。","到底怎麼了 這跟我的世界 不一樣 我們 在天上的父 願人都尊祢的名為聖 希望這不再成為 成為壓迫人的口號 我們 在天上的父 願你的旨意行在地上 希望這不再只是 只是築高牆的儀式 到底怎麼了 這跟我的世界 不一樣 到底怎麼了 這跟我的禱告 不一樣 你賜給我們日用的飲食 我卻不禁想問 為什麼世界還有人沒飯吃 你免除我們所欠你的債 我卻不經想問 為什麼我們還不彼此饒恕 你不叫我們去遇見試探 我更無法理解 為什麼我們還是容易陷入誘惑 到底怎麼了 這跟我的世界 不一樣 到底怎麼了 這跟我的禱告 不一樣 
到底怎麼了 這跟我的世界 不一樣
我們 在天上的父 願人都尊祢的名為聖 希望這不再成為 成為壓迫人的口號
我們 在天上的父 願你的旨意行在地上 希望這不再只是 只是築高牆的儀式
到底怎麼了 這跟我的世界 不一樣 到底怎麼了 這跟我的禱告 不一樣
你賜給我們日用的飲食 我卻不禁想問 為什麼世界還有人沒飯吃
你免除我們所欠你的債 我卻不經想問 為什麼我們還不彼此饒恕
你不叫我們去遇見試探 我更無法理解 為什麼我們還是容易陷入誘惑
到底怎麼了 這跟我的世界 不一樣 到底怎麼了 這跟我的禱告 不一樣
留言（ 3 ） 最相關留言 所有留言
留言（ 3 ）",2026-08-12,,,False,False,
2026-08-23 01:43:24,realtime,urban,,,26,Kenji,"Monologue of the Abyss ft. Beth , Brooke",1,44,0,https://streetvoice.com/aaacao/songs/873936/,https://streetvoice.com/aaacao/,"https://akstatic.streetvoice.com/song_covers/aa/ac/aaacao/SvcqSRxNawDt5pHP9KcDZi.jpeg?x-oss-process=image/resize,m_fixed,h_1,w_1,limit_0/resize,m_fixed,h_630,w_1200,limit_0/watermark,image_c29uZ19jb3ZlcnMvYWEvYWMvYWFhY2FvL1N2Y3FTUnhOYXdEdDVwSFA5S2NEWmkuanBlZz94LW9zcy1wcm9jZXNzPWltYWdlL3Jlc2l6ZSxtX2ZpeGVkLGhfMzQ0LHdfMzQ0LGxpbWl0XzA,g_nw,x_428,y_143/watermark,image_YXNzZXQvaW1hZ2VzL21ldGFpbWFnZS1zb25nLnBuZw,g_nw,x_0,y_0",images/873936.jpeg,@aaacao,音樂人,新北市,2017-12-01,,15,29,14,,,https://www.youtube.com/user/StreetVoiceTV,2026大港開唱雙日回顧：Same Sam But Different、Gummy BＸ陳嫺靜限定共演創造魔幻時刻，滅火器、落日飛車接連公布年度大型專場|||https://blow.streetvoice.com/86831/?utm_source=streetvoice&utm_medium=profile-news-block; 大港開唱20週年攻略：ACG跨次元來襲、滅火器與落日飛車重返南霸天、兒童界巨星「巧虎」參戰|||https://blow.streetvoice.com/86698/?utm_source=streetvoice&utm_medium=profile-news-block; 【吹專訪】That’s My SHHH 主腦 LEO37：玩音樂？一切都是因為傻！|||https://blow.streetvoice.com/86468/?utm_source=streetvoice&utm_medium=profile-news-block,,R&B / Soul,,,,,"[Verse 1] Staying in my room instead of drinking through the night I want someone by my side, but nobody's in sight Used to being all alone, holding onto this old frame Are you happy now without me, did you forget my name? [Verse 2] Men and women, tied so tight, can't let go of the pain Fairytales discard the cruel, the stories left unsung Everything's a dictatorship, exaggerated scenes Blame my arrogance for breaking down the boundaries [Chorus] Saying lonely, lonely My chest is hollow, don't want dreams to haunt me Light up the dark inside of me Now get out my way [Verse 3] See too many shadows reflecting on my skin Stubborn to the bone, refusing to give in Got a frown etched on my face, yet acting wild and bold Forgot what's right and wrong inside this bitter cold Everywhere I look, the world is turning grey Storm clouds block the sky, tell me how to fly away I've seen right through it all, who am I supposed to be? [Verse 4] Trapped inside my head, digging my own grave Ignoring every detail, pretending to be brave My life is worth nothing, what more is there to lose? Let's see how hard I'm pushing tonight, refusing to choose A puppet of my feelings, dancing with the ghosts Writing down the tragedy as I lose control [Chorus] Saying lonely, lonely My chest is hollow, don't want dreams to haunt me Light up the dark inside of me Now get out my way [Chorus] Saying lonely, lonely My chest is hollow, don't want dreams to haunt me Light up the dark inside of me Now get out my way 
[Verse 1] Staying in my room instead of drinking through the night I want someone by my side, but nobody's in sight Used to being all alone, holding onto this old frame Are you happy now without me, did you forget my name?
[Verse 2] Men and women, tied so tight, can't let go of the pain Fairytales discard the cruel, the stories left unsung Everything's a dictatorship, exaggerated scenes Blame my arrogance for breaking down the boundaries
[Chorus] Saying lonely, lonely My chest is hollow, don't want dreams to haunt me Light up the dark inside of me Now get out my way
[Verse 3] See too many shadows reflecting on my skin Stubborn to the bone, refusing to give in Got a frown etched on my face, yet acting wild and bold Forgot what's right and wrong inside this bitter cold Everywhere I look, the world is turning grey Storm clouds block the sky, tell me how to fly away I've seen right through it all, who am I supposed to be?
[Verse 4] Trapped inside my head, digging my own grave Ignoring every detail, pretending to be brave My life is worth nothing, what more is there to lose? Let's see how hard I'm pushing tonight, refusing to choose A puppet of my feelings, dancing with the ghosts Writing down the tragedy as I lose control
[Chorus] Saying lonely, lonely My chest is hollow, don't want dreams to haunt me Light up the dark inside of me Now get out my way
[Chorus] Saying lonely, lonely My chest is hollow, don't want dreams to haunt me Light up the dark inside of me Now get out my way
留言（ 0 ） 最相關留言 所有留言
留言（ 0 ）",2026-08-11,,AI 協作 R&B / Soul,False,False,
2026-08-23 01:43:24,realtime,urban,,,27,despair77,春天來了，你走了,1,40,0,https://streetvoice.com/sc7even/songs/874159/,https://streetvoice.com/sc7even/,"https://akstatic.streetvoice.com/song_covers/sc/7e/sc7even/2fzNG9kfqtE5jvRxrUX9gJ.jpg?x-oss-process=image/resize,m_fixed,h_1,w_1,limit_0/resize,m_fixed,h_630,w_1200,limit_0/watermark,image_c29uZ19jb3ZlcnMvc2MvN2Uvc2M3ZXZlbi8yZnpORzlrZnF0RTVqdlJ4clVYOWdKLmpwZz94LW9zcy1wcm9jZXNzPWltYWdlL3Jlc2l6ZSxtX2ZpeGVkLGhfMzQ0LHdfMzQ0LGxpbWl0XzA,g_nw,x_428,y_143/watermark,image_YXNzZXQvaW1hZ2VzL21ldGFpbWFnZS1zb25nLnBuZw,g_nw,x_0,y_0",images/874159.jpg,@sc7even,音樂人,台北市,2025-11-01,,,1,,,,https://www.youtube.com/user/StreetVoiceTV,,,R&B / Soul,,,,"走往美好春天的路上，最愛的你消失在我的世界 
走往美好春天的路上，最愛的你消失在我的世界","看 好多花盛開在街上 風 輕輕吹過我的臉頰 微涼的風中 少了熟悉的味道 原來是屬於妳的倔強 看 鳥兒在大樹上歌唱 聽 寂寞在我心中發芽 曾經的妳我 描繪理想的家 要我該怎麼接受與你遠行 我望向遠方 卻 看不清方向 未來的日子早沒了希望 忘掉該如何偽裝成堅強 但我的思念 不停飄蕩 對不起 沒能把你留在 身旁 看 鳥兒在大樹上歌唱 聽 寂寞在我心中發芽 曾經的妳我 描繪理想的家 要我該怎麼接受與你遠行 未來的日子早沒了希望 忘掉該如何偽裝成堅強 但我的思念 不停飄蕩 都是我不好求你轉身回來 未來的日子早沒了希望 忘掉那些妳愛我的模樣 但我的思念 不停飄蕩 對不起 沒能把你留在 身旁 好像你 但我的思念 不停飄蕩 對不起 沒能把你留在 身旁 
看 好多花盛開在街上 風 輕輕吹過我的臉頰 微涼的風中 少了熟悉的味道 原來是屬於妳的倔強 看 鳥兒在大樹上歌唱 聽 寂寞在我心中發芽 曾經的妳我 描繪理想的家 要我該怎麼接受與你遠行
我望向遠方 卻 看不清方向
未來的日子早沒了希望 忘掉該如何偽裝成堅強 但我的思念 不停飄蕩 對不起 沒能把你留在 身旁
看 鳥兒在大樹上歌唱 聽 寂寞在我心中發芽 曾經的妳我 描繪理想的家 要我該怎麼接受與你遠行
未來的日子早沒了希望 忘掉該如何偽裝成堅強 但我的思念 不停飄蕩 都是我不好求你轉身回來
未來的日子早沒了希望 忘掉那些妳愛我的模樣 但我的思念 不停飄蕩 對不起 沒能把你留在 身旁 好像你
但我的思念 不停飄蕩 對不起 沒能把你留在 身旁
留言（ 0 ） 最相關留言 所有留言
留言（ 0 ）",2026-08-12,,,False,False,
2026-08-23 01:43:24,realtime,urban,,,28,Kenji,Kenji - 曲終人散  | Japanese Version,1,46,0,https://streetvoice.com/aaacao/songs/874064/,https://streetvoice.com/aaacao/,"https://akstatic.streetvoice.com/song_covers/aa/ac/aaacao/kejHPBagTimjAwRCfm8uQr.jpeg?x-oss-process=image/resize,m_fixed,h_1,w_1,limit_0/resize,m_fixed,h_630,w_1200,limit_0/watermark,image_c29uZ19jb3ZlcnMvYWEvYWMvYWFhY2FvL2tlakhQQmFnVGltakF3UkNmbTh1UXIuanBlZz94LW9zcy1wcm9jZXNzPWltYWdlL3Jlc2l6ZSxtX2ZpeGVkLGhfMzQ0LHdfMzQ0LGxpbWl0XzA,g_nw,x_428,y_143/watermark,image_YXNzZXQvaW1hZ2VzL21ldGFpbWFnZS1zb25nLnBuZw,g_nw,x_0,y_0",images/874064.jpeg,@aaacao,音樂人,新北市,2017-12-01,,15,29,14,,,https://www.youtube.com/user/StreetVoiceTV,2026大港開唱雙日回顧：Same Sam But Different、Gummy BＸ陳嫺靜限定共演創造魔幻時刻，滅火器、落日飛車接連公布年度大型專場|||https://blow.streetvoice.com/86831/?utm_source=streetvoice&utm_medium=profile-news-block; 大港開唱20週年攻略：ACG跨次元來襲、滅火器與落日飛車重返南霸天、兒童界巨星「巧虎」參戰|||https://blow.streetvoice.com/86698/?utm_source=streetvoice&utm_medium=profile-news-block; 【吹專訪】That’s My SHHH 主腦 LEO37：玩音樂？一切都是因為傻！|||https://blow.streetvoice.com/86468/?utm_source=streetvoice&utm_medium=profile-news-block,,R&B / Soul,,,,,"[Verse 1] 数え切れない嘘と 欺し合いの日々 このままと知るのに 愛し続け 独り 歩み寄るも 救いはいらない 風が胸を抜けても 痛みはなく 本当の傷なんて 君には分からない [Chorus] 愛は容易くなくて どれほど孤独を味わうのだろう 慣れない、幕が下りて去る この関係を君はどう思う？ [Verse 2] 明日は灰色で薄暗く 見慣れた伴奏も色を失う 終わりを迎えるこの舞台で 君は一体何を思う？ [Bridge] 同じ争いに耐えられず 同じ感情なのに君は無責任 こんな物語はもう二度とない 通りすがりでもなく、ただ過ぎ去り 挫折だけ残って何も得られない 君の勝ちで 私は抜け殻 [Chorus] 愛は容易くなくて どれほど孤独を味わうのだろう 慣れない、幕が下りて去る この関係を君はどう思う？ [Chorus] 愛は容易くなくて どれほど孤独を味わうのだろう すべてが虚しく消えてゆく これからはもう、それぞれの道 
[Verse 1] 数え切れない嘘と 欺し合いの日々 このままと知るのに 愛し続け 独り 歩み寄るも 救いはいらない 風が胸を抜けても 痛みはなく 本当の傷なんて 君には分からない
[Chorus] 愛は容易くなくて どれほど孤独を味わうのだろう 慣れない、幕が下りて去る この関係を君はどう思う？
[Verse 2] 明日は灰色で薄暗く 見慣れた伴奏も色を失う 終わりを迎えるこの舞台で 君は一体何を思う？
[Bridge] 同じ争いに耐えられず 同じ感情なのに君は無責任 こんな物語はもう二度とない 通りすがりでもなく、ただ過ぎ去り 挫折だけ残って何も得られない 君の勝ちで 私は抜け殻
[Chorus] 愛は容易くなくて どれほど孤独を味わうのだろう 慣れない、幕が下りて去る この関係を君はどう思う？
[Chorus] 愛は容易くなくて どれほど孤独を味わうのだろう すべてが虚しく消えてゆく これからはもう、それぞれの道
留言（ 0 ） 最相關留言 所有留言
留言（ 0 ）",2026-08-11,,AI 協作 R&B / Soul,False,False,
2026-08-23 01:43:24,realtime,urban,,,29,Kenji,Kenji - 曲終人散,1,37,1,https://streetvoice.com/aaacao/songs/874063/,https://streetvoice.com/aaacao/,"https://akstatic.streetvoice.com/song_covers/aa/ac/aaacao/geagqRKesc78KfjpvdPnTr.jpeg?x-oss-process=image/resize,m_fixed,h_1,w_1,limit_0/resize,m_fixed,h_630,w_1200,limit_0/watermark,image_c29uZ19jb3ZlcnMvYWEvYWMvYWFhY2FvL2dlYWdxUktlc2M3OEtmanB2ZFBuVHIuanBlZz94LW9zcy1wcm9jZXNzPWltYWdlL3Jlc2l6ZSxtX2ZpeGVkLGhfMzQ0LHdfMzQ0LGxpbWl0XzA,g_nw,x_428,y_143/watermark,image_YXNzZXQvaW1hZ2VzL21ldGFpbWFnZS1zb25nLnBuZw,g_nw,x_0,y_0",images/874063.jpeg,@aaacao,音樂人,新北市,2017-12-01,,15,29,14,,,https://www.youtube.com/user/StreetVoiceTV,2026大港開唱雙日回顧：Same Sam But Different、Gummy BＸ陳嫺靜限定共演創造魔幻時刻，滅火器、落日飛車接連公布年度大型專場|||https://blow.streetvoice.com/86831/?utm_source=streetvoice&utm_medium=profile-news-block; 大港開唱20週年攻略：ACG跨次元來襲、滅火器與落日飛車重返南霸天、兒童界巨星「巧虎」參戰|||https://blow.streetvoice.com/86698/?utm_source=streetvoice&utm_medium=profile-news-block; 【吹專訪】That’s My SHHH 主腦 LEO37：玩音樂？一切都是因為傻！|||https://blow.streetvoice.com/86468/?utm_source=streetvoice&utm_medium=profile-news-block,,R&B / Soul,,,,,"[Verse 1] 聽了太多謊言 經了太多欺騙 明知道不該這樣繼續但是我還是依然的愛你 獨傷悲 嘗試著溝通 不渴望解脫 風吹過我的胸口 不覺刺痛 到底甚麼是傷口 you don't know [Chorus] 就是知道愛情來的實在不太簡單 又有多少時間獨自品嘗漆黑孤單 我不習慣 不想習慣 曲終人散 你怎麼看? [Verse 2] 明天的色彩是充滿灰階悲慘黯淡 聽見了熟悉的伴奏不再天真爛漫 我不習慣 不想習慣 曲終人散 你怎麼看? [Bridge] 同樣的爭吵 我不再負荷 同樣的感情 你不再負責 同樣的同樣的故事MAYBE從今以後無法再復刻 你不是過客 但輕易過了 吃盡挫折 卻不再獲得 你勝了 我空殼 [Chorus] 就是知道愛情來的實在不太簡單 又有多少時間獨自品嘗漆黑孤單 我不習慣 不想習慣 曲終人散 你怎麼看? [Chorus] 就是知道愛情來的實在不太簡單 又有多少時間獨自品嘗漆黑孤單 我不習慣 不想習慣 曲終人散 你怎麼看? 
[Verse 1] 聽了太多謊言 經了太多欺騙 明知道不該這樣繼續但是我還是依然的愛你 獨傷悲 嘗試著溝通 不渴望解脫 風吹過我的胸口 不覺刺痛 到底甚麼是傷口 you don't know
[Chorus] 就是知道愛情來的實在不太簡單 又有多少時間獨自品嘗漆黑孤單 我不習慣 不想習慣 曲終人散 你怎麼看?
[Verse 2] 明天的色彩是充滿灰階悲慘黯淡 聽見了熟悉的伴奏不再天真爛漫 我不習慣 不想習慣 曲終人散 你怎麼看?
[Bridge] 同樣的爭吵 我不再負荷 同樣的感情 你不再負責 同樣的同樣的故事MAYBE從今以後無法再復刻 你不是過客 但輕易過了 吃盡挫折 卻不再獲得 你勝了 我空殼
[Chorus] 就是知道愛情來的實在不太簡單 又有多少時間獨自品嘗漆黑孤單 我不習慣 不想習慣 曲終人散 你怎麼看?
[Chorus] 就是知道愛情來的實在不太簡單 又有多少時間獨自品嘗漆黑孤單 我不習慣 不想習慣 曲終人散 你怎麼看?
留言（ 1 ） 最相關留言 所有留言
留言（ 1 ）",2026-08-11,,AI 協作 R&B / Soul,False,False,
2026-08-23 01:43:24,realtime,urban,,,30,賴建宇,盡尾一夜 (爵士演奏版),1,37,0,https://streetvoice.com/ulysses_lai/songs/873942/,https://streetvoice.com/ulysses_lai/,"https://akstatic.streetvoice.com/song_covers/ul/ys/ulysses_lai/H2XPe2aQchUa9fTBD55x26.jpeg?x-oss-process=image/resize,m_fixed,h_1,w_1,limit_0/resize,m_fixed,h_630,w_1200,limit_0/watermark,image_c29uZ19jb3ZlcnMvdWwveXMvdWx5c3Nlc19sYWkvSDJYUGUyYVFjaFVhOWZUQkQ1NXgyNi5qcGVnP3gtb3NzLXByb2Nlc3M9aW1hZ2UvcmVzaXplLG1fZml4ZWQsaF8zNDQsd18zNDQsbGltaXRfMA,g_nw,x_428,y_143/watermark,image_YXNzZXQvaW1hZ2VzL21ldGFpbWFnZS1zb25nLnBuZw,g_nw,x_0,y_0",images/873942.jpeg,@ulysses_lai,音樂人,台中市,2026-06-01,,19,35,,,,https://www.youtube.com/user/StreetVoiceTV,,,Jazz,,,,"這首歌曲是我 2013年參加「臺灣原創音樂大賽」客語組的亞軍作品。客語「盡尾一夜」譯為華語即為「最後一夜」之意，原曲歌詞內容是描述當年東勢鎮火車站閉站前的不捨之情。 原曲是採用藍調曲風進行設計，以滄桑的唱腔來演繹惆悵不捨的心情，現在則改採爵士演奏曲的形式，進行另一種風格的詮釋。 版權所有，未經授權請勿任意使用。 
這首歌曲是我 2013年參加「臺灣原創音樂大賽」客語組的亞軍作品。客語「盡尾一夜」譯為華語即為「最後一夜」之意，原曲歌詞內容是描述當年東勢鎮火車站閉站前的不捨之情。
原曲是採用藍調曲風進行設計，以滄桑的唱腔來演繹惆悵不捨的心情，現在則改採爵士演奏曲的形式，進行另一種風格的詮釋。
版權所有，未經授權請勿任意使用。","這是沒有提供歌詞的歌曲
留言（ 0 ） 最相關留言 所有留言
留言（ 0 ）",2026-08-11,,,False,False,
2026-08-23 01:43:24,realtime,urban,,,31,kanasi_boxi,Summy time 遇見你真好,2,43,0,https://streetvoice.com/kanasi_boxi/songs/873436/,https://streetvoice.com/kanasi_boxi/,"https://akstatic.streetvoice.com/song_covers/ka/na/kanasi_boxi/LkQUARNZCAMYmG5uQSWonE.jpg?x-oss-process=image/resize,m_fixed,h_1,w_1,limit_0/resize,m_fixed,h_630,w_1200,limit_0/watermark,image_c29uZ19jb3ZlcnMva2EvbmEva2FuYXNpX2JveGkvTGtRVUFSTlpDQU1ZbUc1dVFTV29uRS5qcGc_eC1vc3MtcHJvY2Vzcz1pbWFnZS9yZXNpemUsbV9maXhlZCxoXzM0NCx3XzM0NCxsaW1pdF8w,g_nw,x_428,y_143/watermark,image_YXNzZXQvaW1hZ2VzL21ldGFpbWFnZS1zb25nLnBuZw,g_nw,x_0,y_0",images/873436.jpg,@kanasi_boxi,音樂人,,,,10,,,,,https://www.youtube.com/user/StreetVoiceTV,,,Jazz,,,,"Summy time 感覺夏日都會想熱戀的感覺 但又想不要太多 輕輕地 夏日戀愛歌曲 
Summy time 感覺夏日都會想熱戀的感覺 但又想不要太多 輕輕地 夏日戀愛歌曲","太陽高高照天際  海浪隨風逐漸靠近 金色午後只有你  夏日微風我偷偷看你 時間慢得剛剛好 看到你我把煩惱忘掉 陽光落在你臉上 我的心臟蹦蹦跳跳 讓我快要受不了 視線一直跟著跑 你笑得有點剛好 像海風輕輕摘繞 整個世界快瘋掉 夏天遇見你真好 Summer time 海風輕輕跟我圍繞 Summer time 我的世界快要瘋掉 Summer time 你的身影我忘不掉 Summer time 沙灘上留下足跡 想與你並肩同行 海風吹亂了髮際 緊張卻故意裝作鎮定 冰塊在杯裡撞擊 心跳越來越清晰 時間彷彿被暫停 只剩我和你 人群剛好把你瞧到  耳機旋律變得微妙 連海風都吹過 像給我預告 你踏著浪花輕輕笑 思緒跟著浪潮亂飄 明明準備好的話 全部忘掉 Summer time 海風輕輕跟我圍繞 Summer time 我的世界快要瘋掉 Summer time 你的身影我忘不掉 Summer time 
太陽高高照天際  海浪隨風逐漸靠近 金色午後只有你  夏日微風我偷偷看你 時間慢得剛剛好 看到你我把煩惱忘掉 陽光落在你臉上 我的心臟蹦蹦跳跳 讓我快要受不了 視線一直跟著跑 你笑得有點剛好 像海風輕輕摘繞 整個世界快瘋掉 夏天遇見你真好
Summer time 海風輕輕跟我圍繞 Summer time 我的世界快要瘋掉 Summer time 你的身影我忘不掉 Summer time
沙灘上留下足跡 想與你並肩同行 海風吹亂了髮際 緊張卻故意裝作鎮定 冰塊在杯裡撞擊 心跳越來越清晰 時間彷彿被暫停 只剩我和你
人群剛好把你瞧到  耳機旋律變得微妙 連海風都吹過 像給我預告 你踏著浪花輕輕笑 思緒跟著浪潮亂飄 明明準備好的話 全部忘掉
Summer time 海風輕輕跟我圍繞 Summer time 我的世界快要瘋掉 Summer time 你的身影我忘不掉 Summer time
留言（ 0 ） 最相關留言 所有留言
留言（ 0 ）",2026-08-07,,,False,False,
2026-08-23 01:43:24,realtime,urban,,,32,賴建宇,五月來了 (演奏版),0,30,0,https://streetvoice.com/ulysses_lai/songs/873944/,https://streetvoice.com/ulysses_lai/,"https://akstatic.streetvoice.com/song_covers/ul/ys/ulysses_lai/N7qK7JbQF9wPmemdcxvezQ.jpeg?x-oss-process=image/resize,m_fixed,h_1,w_1,limit_0/resize,m_fixed,h_630,w_1200,limit_0/watermark,image_c29uZ19jb3ZlcnMvdWwveXMvdWx5c3Nlc19sYWkvTjdxSzdKYlFGOXdQbWVtZGN4dmV6US5qcGVnP3gtb3NzLXByb2Nlc3M9aW1hZ2UvcmVzaXplLG1fZml4ZWQsaF8zNDQsd18zNDQsbGltaXRfMA,g_nw,x_428,y_143/watermark,image_YXNzZXQvaW1hZ2VzL21ldGFpbWFnZS1zb25nLnBuZw,g_nw,x_0,y_0",images/873944.jpeg,@ulysses_lai,音樂人,台中市,2026-06-01,,19,35,,,,https://www.youtube.com/user/StreetVoiceTV,,,Jazz,,,,"本曲是我 2014年參加「客家桐花音樂創作大賽」的得獎作品，在曾在當年桃園客家觀光形象影片中作為配樂使用。原曲是以「客語/國語」混合的演唱方式，現今改以 Bossa nova 演奏曲來呈現，希望能給人另一種清新的感覺。 版權所有，未經授權請勿任意使用。 
本曲是我 2014年參加「客家桐花音樂創作大賽」的得獎作品，在曾在當年桃園客家觀光形象影片中作為配樂使用。原曲是以「客語/國語」混合的演唱方式，現今改以 Bossa nova 演奏曲來呈現，希望能給人另一種清新的感覺。
版權所有，未經授權請勿任意使用。","這是沒有提供歌詞的歌曲
留言（ 0 ） 最相關留言 所有留言
留言（ 0 ）",2026-08-11,,,False,False,
2026-08-23 01:43:24,realtime,urban,,,33,ه¹¸éپ‹ç©؛و°£,黃昏照規路,5,347,0,https://streetvoice.com/luckyair43/songs/872916/,https://streetvoice.com/luckyair43/,"https://akstatic.streetvoice.com/song_covers/lu/ck/luckyair43/MCvecoBp7gTJ36cXgeWGmh.jpeg?x-oss-process=image/resize,m_fixed,h_1,w_1,limit_0/resize,m_fixed,h_630,w_1200,limit_0/watermark,image_c29uZ19jb3ZlcnMvbHUvY2svbHVja3lhaXI0My9NQ3ZlY29CcDdnVEozNmNYZ2VXR21oLmpwZWc_eC1vc3MtcHJvY2Vzcz1pbWFnZS9yZXNpemUsbV9maXhlZCxoXzM0NCx3XzM0NCxsaW1pdF8w,g_nw,x_428,y_143/watermark,image_YXNzZXQvaW1hZ2VzL21ldGFpbWFnZS1zb25nLnBuZw,g_nw,x_0,y_0",images/872916.jpeg,,,,,,80,200,65,https://www.facebook.com/airway777,,https://www.youtube.com/channel/UChSEkR8gHUBkx0IsCfR1xwA/about,告別誠品生活 116 強辯樂團與幸運空氣勾起共同的青春回憶|||https://blow.streetvoice.com/15610/?utm_source=streetvoice&utm_medium=profile-news-block; 【歌單】謙虛勤勉的小書蟲——處女座|||https://blow.streetvoice.com/35796/?utm_source=streetvoice&utm_medium=profile-news-block; 2015 年度 StreetVoice 音樂作品人氣榜 TOP 50|||https://blow.streetvoice.com/16431/?utm_source=streetvoice&utm_medium=profile-news-block,,Jazz,,,,"一首描述從新北到台北市出門和回家的日常 有時開車走忠孝橋 有時騎車走台北橋 不變的是 每次傍晚回家總會看見美麗的黃昏 陪伴我們一整路 那就是述說 一切都會變好的 儘管這一路上走來風風雨雨 跌跌撞撞 
一首描述從新北到台北市出門和回家的日常 有時開車走忠孝橋 有時騎車走台北橋 不變的是 每次傍晚回家總會看見美麗的黃昏 陪伴我們一整路 那就是述說 一切都會變好的 儘管這一路上走來風風雨雨 跌跌撞撞","黃昏照規路 騎著歐兜邁過台北橋， 後座的妳攬著我的腰 咱一路上，有說閣有笑， 一切攏真好 暮色金光閃閃照，有快樂悲傷嘛有苦 淡水河邊，日頭嘛漸漸沉落 黃昏照規路，咱今仔日欲去佗？ 我𤆬妳四界逛規下晡 有妳的人生路，毋免驚失去了方向 雖然有風風雨雨、冤家相嚷， 但一切攏會變好 親像美麗的黃昏 依然照歸路 開車駛過忠孝橋， 身邊的恁安穩睏著 對我來講，這就是平凡快樂 暮色金光閃閃照，有快樂悲傷嘛有苦 這一路，日頭嘛漸漸沉落 黃昏照規路，咱今仔日欲去佗？ 我𤆬妳四界逛規下晡 有妳的人生路，毋免驚失去了方向 雖然有風風雨雨、冤家相嚷， 但一切攏會變好 親像美麗的黃昏 依然照歸路 黃昏照～規～路，咱今仔日欲去佗？ 有妳的人生路，毋免驚失去了方向 雖然有風風雨雨、冤家相嚷， 但一切攏會變好 親像美麗的黃昏 依然照規路～ 親像美麗的黃昏 依然照規路～ 
黃昏照規路 騎著歐兜邁過台北橋， 後座的妳攬著我的腰 咱一路上，有說閣有笑， 一切攏真好 暮色金光閃閃照，有快樂悲傷嘛有苦 淡水河邊，日頭嘛漸漸沉落 黃昏照規路，咱今仔日欲去佗？ 我𤆬妳四界逛規下晡 有妳的人生路，毋免驚失去了方向 雖然有風風雨雨、冤家相嚷， 但一切攏會變好 親像美麗的黃昏 依然照歸路 開車駛過忠孝橋， 身邊的恁安穩睏著 對我來講，這就是平凡快樂 暮色金光閃閃照，有快樂悲傷嘛有苦 這一路，日頭嘛漸漸沉落 黃昏照規路，咱今仔日欲去佗？ 我𤆬妳四界逛規下晡 有妳的人生路，毋免驚失去了方向 雖然有風風雨雨、冤家相嚷， 但一切攏會變好 親像美麗的黃昏 依然照歸路 黃昏照～規～路，咱今仔日欲去佗？ 有妳的人生路，毋免驚失去了方向 雖然有風風雨雨、冤家相嚷， 但一切攏會變好 親像美麗的黃昏 依然照規路～ 親像美麗的黃昏 依然照規路～
留言（ 0 ） 最相關留言 所有留言
留言（ 0 ）",2026-08-05,,編輯推薦,True,False,
2026-08-23 01:43:24,realtime,urban,,,34,城市浪橘,KIM TAE RAE - Promise Rings (Humming) 哼唱 Cover By 城市浪橘,1,5,0,https://streetvoice.com/cityoreal01/songs/873914/,https://streetvoice.com/cityoreal01/,"https://akstatic.streetvoice.com/song_covers/ci/ty/cityoreal01/Gbx9LbzDj5kqEGdmiYCV6t.jpg?x-oss-process=image/resize,m_fixed,h_1,w_1,limit_0/resize,m_fixed,h_630,w_1200,limit_0/watermark,image_c29uZ19jb3ZlcnMvY2kvdHkvY2l0eW9yZWFsMDEvR2J4OUxiekRqNWtxRUdkbWlZQ1Y2dC5qcGc_eC1vc3MtcHJvY2Vzcz1pbWFnZS9yZXNpemUsbV9maXhlZCxoXzM0NCx3XzM0NCxsaW1pdF8w,g_nw,x_428,y_143/watermark,image_YXNzZXQvaW1hZ2VzL21ldGFpbWFnZS1zb25nLnBuZw,g_nw,x_0,y_0",images/873914.jpg,@cityoreal01,音樂人,台北市,2025-03-01,,111,2,2,,,https://www.youtube.com/user/StreetVoiceTV,,,R&B / Soul,,,,"KIM TAE RAE - Promise Rings (Humming) 哼唱 Cover By 城市浪橘 
KIM TAE RAE - Promise Rings
(Humming) 哼唱
Cover By 城市浪橘","Humming 哼唱 
Humming 哼唱
留言（ 0 ） 最相關留言 所有留言
留言（ 0 ）",2026-08-11,,,False,False,
2026-08-23 01:43:24,realtime,urban,,,35,릴어에이스(LIL A.C.E),hot like this,1,6,1,https://streetvoice.com/kingyen88/songs/873906/,https://streetvoice.com/kingyen88/,"https://akstatic.streetvoice.com/song_covers/ki/ng/kingyen88/d5NyNFaVMMMrBjMwJn8cQD.jpg?x-oss-process=image/resize,m_fixed,h_1,w_1,limit_0/resize,m_fixed,h_630,w_1200,limit_0/watermark,image_c29uZ19jb3ZlcnMva2kvbmcva2luZ3llbjg4L2Q1TnlORmFWTU1NckJqTXdKbjhjUUQuanBnP3gtb3NzLXByb2Nlc3M9aW1hZ2UvcmVzaXplLG1fZml4ZWQsaF8zNDQsd18zNDQsbGltaXRfMA,g_nw,x_428,y_143/watermark,image_YXNzZXQvaW1hZ2VzL21ldGFpbWFnZS1zb25nLnBuZw,g_nw,x_0,y_0",images/873906.jpg,@kingyen88,音樂人,台北市,2022-04-01,,16,2,21,,,https://www.youtube.com/user/StreetVoiceTV,,,R&B / Soul,,,,"Hot like this 
Hot like this","Girl hot  like this I think u want this Take on the white t I think you should be Be my girl 別再躲避 I rush &rush Cuz ur my crush Do it like something Kiss like that U never be like this Let me see ur body 別再讓我猜 愛我就靠近 How many way 走向妳世界 So girl trust me 不會讓妳疼 U should know Baby Girl hot like this Kiss like this like ur sexy body Kiss u like this 愛上妳的溫柔 讓我保持清醒 How do u know U such like 鎮定劑 So girl be happy 別再對我逃離 (逃離） Baby 讓我牽起妳 I don’t wanna give up 快來我身邊(빨리) 不想失去妳的一切 Take me another way Let get into ur way 為了妳不顧ㄧ切 為了妳學會穩健 How could I change 如果能重來ㄧ遍 願妳來我身邊 Girl hot like this Kiss like this like ur sexy body 
Girl hot  like this I think u want this Take on the white t I think you should be Be my girl 別再躲避 I rush &rush Cuz ur my crush Do it like something Kiss like that U never be like this Let me see ur body 別再讓我猜 愛我就靠近 How many way 走向妳世界 So girl trust me 不會讓妳疼 U should know Baby
Girl hot like this Kiss like this like ur sexy body
Kiss u like this 愛上妳的溫柔 讓我保持清醒 How do u know U such like 鎮定劑 So girl be happy 別再對我逃離 (逃離） Baby 讓我牽起妳 I don’t wanna give up 快來我身邊(빨리) 不想失去妳的一切 Take me another way Let get into ur way 為了妳不顧ㄧ切 為了妳學會穩健 How could I change 如果能重來ㄧ遍 願妳來我身邊
Girl hot like this Kiss like this like ur sexy body
留言（ 1 ） 最相關留言 所有留言
留言（ 1 ）",2026-08-11,,,False,False,
2026-08-23 01:43:24,realtime,urban,,,36,kanasi_boxi,心動,1,11,0,https://streetvoice.com/kanasi_boxi/songs/873417/,https://streetvoice.com/kanasi_boxi/,"https://akstatic.streetvoice.com/song_covers/ka/na/kanasi_boxi/TwSsT3vHDqPAWRwP42G9RK.jpg?x-oss-process=image/resize,m_fixed,h_1,w_1,limit_0/resize,m_fixed,h_630,w_1200,limit_0/watermark,image_c29uZ19jb3ZlcnMva2EvbmEva2FuYXNpX2JveGkvVHdTc1QzdkhEcVBBV1J3UDQyRzlSSy5qcGc_eC1vc3MtcHJvY2Vzcz1pbWFnZS9yZXNpemUsbV9maXhlZCxoXzM0NCx3XzM0NCxsaW1pdF8w,g_nw,x_428,y_143/watermark,image_YXNzZXQvaW1hZ2VzL21ldGFpbWFnZS1zb25nLnBuZw,g_nw,x_0,y_0",images/873417.jpg,@kanasi_boxi,音樂人,,,,10,,,,,https://www.youtube.com/user/StreetVoiceTV,,,R&B / Soul,,,,"有沒有一種時候遇見一個人讓你心動 想奮不顧身全部投入，即使沒有回報也無所謂 
有沒有一種時候遇見一個人讓你心動 想奮不顧身全部投入，即使沒有回報也無所謂","EVEVR TIME WART BE ALONG BYBY  只剩我一人聽著SONG 只怪 今夜天色實在太朦朧 我的心 只為了你跳動 IS ABOL YOU LOVE SONG 無數夜晚只為你心動 想要牽你的手 慢慢地舞動 打破夜晚寂寞星空 心動 悸動 我都承受 將你的手握 慢慢靠近 我的胸口 讓我傭抱你入睡 我們慢慢長夜 感受體溫 不要只一夜 說你愛我一萬變 將你問暖的手 靠近胸前 不要說再見 RAP 慢慢靠近 不用害些 不用害怕 我的心已經為你為你感到融化 如果說這一切都是為你編寫美麗童話 我不會把這美麗故事親筆寫下終章 如果可以許願我全部奉上 不管是金錢名車房子尊嚴全部拋下 只要你能夠專屬成為我的漂亮新娘 我將成為你王子等候我的公主陛 EVEVR TIME WART BE ALONG BYBY  只剩我一人聽著SONG 
EVEVR TIME WART BE ALONG BYBY  只剩我一人聽著SONG 只怪 今夜天色實在太朦朧 我的心 只為了你跳動 IS ABOL YOU LOVE SONG 無數夜晚只為你心動 想要牽你的手 慢慢地舞動 打破夜晚寂寞星空 心動 悸動 我都承受 將你的手握 慢慢靠近 我的胸口 讓我傭抱你入睡 我們慢慢長夜 感受體溫 不要只一夜 說你愛我一萬變 將你問暖的手 靠近胸前 不要說再見
RAP 慢慢靠近 不用害些 不用害怕 我的心已經為你為你感到融化 如果說這一切都是為你編寫美麗童話 我不會把這美麗故事親筆寫下終章 如果可以許願我全部奉上 不管是金錢名車房子尊嚴全部拋下 只要你能夠專屬成為我的漂亮新娘 我將成為你王子等候我的公主陛
EVEVR TIME WART BE ALONG BYBY  只剩我一人聽著SONG
留言（ 0 ） 最相關留言 所有留言
留言（ 0 ）",2026-08-07,,,False,False,
2026-08-23 01:43:24,realtime,urban,,,37,Ailsa Wang,fallin&#x27; Alicia Keys_covered by Ailsa Wang,0,35,0,https://streetvoice.com/ailsawang/songs/873754/,https://streetvoice.com/ailsawang/,"https://akstatic.streetvoice.com/song_covers/ai/ls/ailsawang/RSfTuLNwc9tMqXyt9HMMXs.jpeg?x-oss-process=image/resize,m_fixed,h_1,w_1,limit_0/resize,m_fixed,h_630,w_1200,limit_0/watermark,image_c29uZ19jb3ZlcnMvYWkvbHMvYWlsc2F3YW5nL1JTZlR1TE53Yzl0TXFYeXQ5SE1NWHMuanBlZz94LW9zcy1wcm9jZXNzPWltYWdlL3Jlc2l6ZSxtX2ZpeGVkLGhfMzQ0LHdfMzQ0LGxpbWl0XzA,g_nw,x_428,y_143/watermark,image_YXNzZXQvaW1hZ2VzL21ldGFpbWFnZS1zb25nLnBuZw,g_nw,x_0,y_0",images/873754.jpeg,@ailsawang,音樂人,,,,4,1,,,,https://www.youtube.com/user/StreetVoiceTV,,,R&B / Soul,,,,,"這是沒有提供歌詞的歌曲
留言（ 0 ） 最相關留言 所有留言
留言（ 0 ）",2026-08-09,,,False,False,
2026-08-23 01:43:24,realtime,urban,,,38,雷克非 Christopher R,Waited Under A Streetlamp,8,198,3,https://streetvoice.com/ChristopherR/songs/873600/,https://streetvoice.com/ChristopherR/,"https://akstatic.streetvoice.com/song_covers/Ch/ri/ChristopherR/7CHALHDuRqgHevPB4J39Sb.jpeg?x-oss-process=image/resize,m_fixed,h_1,w_1,limit_0/resize,m_fixed,h_630,w_1200,limit_0/watermark,image_c29uZ19jb3ZlcnMvQ2gvcmkvQ2hyaXN0b3BoZXJSLzdDSEFMSER1UnFnSGV2UEI0SjM5U2IuanBlZz94LW9zcy1wcm9jZXNzPWltYWdlL3Jlc2l6ZSxtX2ZpeGVkLGhfMzQ0LHdfMzQ0LGxpbWl0XzA,g_nw,x_428,y_143/watermark,image_YXNzZXQvaW1hZ2VzL21ldGFpbWFnZS1zb25nLnBuZw,g_nw,x_0,y_0",images/873600.jpeg,@ChristopherR,音樂人,,,,41,41,120,,,https://www.youtube.com/user/StreetVoiceTV,,,R&B / Soul,抗憂鬱劑,https://streetvoice.com/ChristopherR/songs/album/97325612/,李敏哲,"敏哲詮釋的 An Existential Stalker 
敏哲詮釋的 An Existential Stalker","I waited under that lamp Through every season change Same cone of yellow Same old ache in my name Under the streetlamp I've been showing up for years Same cracked sidewalk Same taxi hiss by the curb My shoes learned the weather My hands learned the cold I count the buzz in the light Like it's keeping score Every car that slows down Makes me turn my head Every door down the block Could be you instead I waited under that lamp Through every season change Same cone of yellow Same old ache in my name I kept your side of the sidewalk Like you'd still cut through I waited under that lamp And it waited there too The corner store closes Before I'm ready to move I buy cheap coffee And let it go lukewarm The bus splashes water Across my cuffs And the guy in the window Keeps looking like us Every siren in the distance Feels one step away Every face in the glass Fades out the same way I waited under that lamp Through every season change Same cone of yellow Same old ache in my name I stopped counting the weeks Then the months, then the years Left my fingerprints On the pole and the beer They swapped the bulb once I was there when they did Same light on my shoulders Same ghost I lived with I waited under that lamp Through every season change Same cone of yellow Same old ache in my name Ooh, I stood Ooh, I stood Under that lamp Under that lamp 
I waited under that lamp Through every season change Same cone of yellow Same old ache in my name
Under the streetlamp I've been showing up for years Same cracked sidewalk Same taxi hiss by the curb My shoes learned the weather My hands learned the cold I count the buzz in the light Like it's keeping score
Every car that slows down Makes me turn my head Every door down the block Could be you instead
I waited under that lamp Through every season change Same cone of yellow Same old ache in my name I kept your side of the sidewalk Like you'd still cut through I waited under that lamp And it waited there too
The corner store closes Before I'm ready to move I buy cheap coffee And let it go lukewarm The bus splashes water Across my cuffs And the guy in the window Keeps looking like us
Every siren in the distance Feels one step away Every face in the glass Fades out the same way
I waited under that lamp Through every season change Same cone of yellow Same old ache in my name
I stopped counting the weeks Then the months, then the years Left my fingerprints On the pole and the beer They swapped the bulb once I was there when they did Same light on my shoulders Same ghost I lived with
I waited under that lamp Through every season change Same cone of yellow Same old ache in my name
Ooh, I stood Ooh, I stood Under that lamp Under that lamp
留言（ 3 ） 最相關留言 所有留言
留言（ 3 ）",2026-08-09,,AI 協作 R&B / Soul ・ 抗憂鬱劑,False,False,
2026-08-23 01:43:24,realtime,urban,,,39,kanasi_boxi,殘頁,1,25,0,https://streetvoice.com/kanasi_boxi/songs/873099/,https://streetvoice.com/kanasi_boxi/,"https://akstatic.streetvoice.com/profile_images/ka/na/kanasi_boxi/8mPTom6kburd58BhHWSnYU.jpg?x-oss-process=image/resize,m_fixed,h_1,w_1,limit_0/resize,m_fixed,h_630,w_1200,limit_0/watermark,image_cHJvZmlsZV9pbWFnZXMva2EvbmEva2FuYXNpX2JveGkvOG1QVG9tNmtidXJkNThCaEhXU25ZVS5qcGc_eC1vc3MtcHJvY2Vzcz1pbWFnZS9yZXNpemUsbV9maXhlZCxoXzM0NCx3XzM0NCxsaW1pdF8w,g_nw,x_428,y_143/watermark,image_YXNzZXQvaW1hZ2VzL21ldGFpbWFnZS1zb25nLnBuZw,g_nw,x_0,y_0",images/873099.jpg,@kanasi_boxi,音樂人,,,,10,,,,,https://www.youtube.com/user/StreetVoiceTV,,,R&B / Soul,,,,"有些故事，沒有結局。 有些人，停留在某一頁，就再也沒有翻下去。 《殘頁》寫的不是遺忘，而是那些被時間折起來的片段。 或許是沒說出口的話，或許是來不及告別的人，也可能是某段曾經以為會走到最後的關係。 每個人心裡，都有幾頁不願翻開的回憶。 它們殘缺、不完整，卻始終存在。 希望這首歌，能陪伴那些仍在與過去和解的人。 
有些故事，沒有結局。 有些人，停留在某一頁，就再也沒有翻下去。 《殘頁》寫的不是遺忘，而是那些被時間折起來的片段。 或許是沒說出口的話，或許是來不及告別的人，也可能是某段曾經以為會走到最後的關係。 每個人心裡，都有幾頁不願翻開的回憶。 它們殘缺、不完整，卻始終存在。 希望這首歌，能陪伴那些仍在與過去和解的人。","我們的故事寫到這裡斷裂 像被雨淋濕的那黑白照片 你轉身的那夜 我假裝不哽咽 直到沉默 把我淹滅 後來的每天，我活在那瞬間 反覆的修改你的語氣結尾 可不管重寫幾遍 都回不到從前 只剩遺憾 停在殘頁 而我守護著殘頁 一遍一遍讀寫 字裡行間都是你的側臉 那些未完成一頁一頁的殘頁 停在故事的終點 殘缺的歲月被風慢慢的撕裂 我被困在你離開的那天 如果重來你會不會把我寫成永遠 花若殘燈 伊人未歸 一紙離愁寫不盡輪迴 臺上悲歡唱到心兒碎 有誰聽見 我落成淚 始終不敢翻開最後一頁 怕只剩殘頁 
我們的故事寫到這裡斷裂 像被雨淋濕的那黑白照片 你轉身的那夜 我假裝不哽咽 直到沉默 把我淹滅 後來的每天，我活在那瞬間 反覆的修改你的語氣結尾 可不管重寫幾遍 都回不到從前 只剩遺憾 停在殘頁
而我守護著殘頁 一遍一遍讀寫 字裡行間都是你的側臉 那些未完成一頁一頁的殘頁 停在故事的終點 殘缺的歲月被風慢慢的撕裂 我被困在你離開的那天 如果重來你會不會把我寫成永遠
花若殘燈 伊人未歸 一紙離愁寫不盡輪迴 臺上悲歡唱到心兒碎 有誰聽見 我落成淚
始終不敢翻開最後一頁 怕只剩殘頁
留言（ 0 ） 最相關留言 所有留言
留言（ 0 ）",2026-08-06,,,False,False,
2026-08-23 01:43:24,realtime,urban,,,40,kanasi_boxi,雲.花,1,30,0,https://streetvoice.com/kanasi_boxi/songs/873110/,https://streetvoice.com/kanasi_boxi/,"https://akstatic.streetvoice.com/song_covers/ka/na/kanasi_boxi/HH7fHEh8DXvVWzcUfW56bd.jpg?x-oss-process=image/resize,m_fixed,h_1,w_1,limit_0/resize,m_fixed,h_630,w_1200,limit_0/watermark,image_c29uZ19jb3ZlcnMva2EvbmEva2FuYXNpX2JveGkvSEg3ZkhFaDhEWHZWV3pjVWZXNTZiZC5qcGc_eC1vc3MtcHJvY2Vzcz1pbWFnZS9yZXNpemUsbV9maXhlZCxoXzM0NCx3XzM0NCxsaW1pdF8w,g_nw,x_428,y_143/watermark,image_YXNzZXQvaW1hZ2VzL21ldGFpbWFnZS1zb25nLnBuZw,g_nw,x_0,y_0",images/873110.jpg,@kanasi_boxi,音樂人,,,,10,,,,,https://www.youtube.com/user/StreetVoiceTV,,,Jazz,,,,"〈雲花〉 有人說，離開的人會化作天上的雲，默默守護著我們。 這首歌，獻給每一位思念媽媽的人。 願風能帶去思念，願雲能捎來牽掛。 即使再也無法相見，愛，也從未離開。 謹以此曲，獻給我最思念的媽媽，也獻給每一位心中仍留著母親身影的人。 
〈雲花〉 有人說，離開的人會化作天上的雲，默默守護著我們。 這首歌，獻給每一位思念媽媽的人。 願風能帶去思念，願雲能捎來牽掛。 即使再也無法相見，愛，也從未離開。
謹以此曲，獻給我最思念的媽媽，也獻給每一位心中仍留著母親身影的人。","像一片雲朵漂浮在天空裡飛行 像一朵鮮花在花園裡綻放美麗 像微風輕輕吹拂我心裡的秘密 像一場夢境不知不覺讓我著迷 在這片雲 在藍色的世界裡 我追尋著光影 忘了時間的距離 那片雲 悄悄落在我的心裡 那片雲 變成花一樣的美麗 像一片雲朵在天空自由變形 像一朵鮮花在萬眾綠意中點晴 像微風輕輕吹拂我想妳的痕跡 像一場夢境把妳名字寫進心裡 像一片雲朵漂浮在天空裡飛行 像一朵鮮花在花園裡綻放美麗 像微風輕輕吹拂我心中的秘密 像一場夢境不知不覺讓我著迷 
像一片雲朵漂浮在天空裡飛行 像一朵鮮花在花園裡綻放美麗 像微風輕輕吹拂我心裡的秘密 像一場夢境不知不覺讓我著迷
在這片雲 在藍色的世界裡 我追尋著光影 忘了時間的距離 那片雲 悄悄落在我的心裡 那片雲 變成花一樣的美麗
像一片雲朵在天空自由變形 像一朵鮮花在萬眾綠意中點晴 像微風輕輕吹拂我想妳的痕跡 像一場夢境把妳名字寫進心裡
像一片雲朵漂浮在天空裡飛行 像一朵鮮花在花園裡綻放美麗 像微風輕輕吹拂我心中的秘密 像一場夢境不知不覺讓我著迷
留言（ 0 ） 最相關留言 所有留言
留言（ 0 ）",2026-08-06,,,False,False,
2026-08-23 01:43:24,realtime,urban,,,41,Little Evan,顾念我 (feat. 伍哨),0,51,0,https://streetvoice.com/z_t_evan/songs/872389/,https://streetvoice.com/z_t_evan/,"https://akstatic.streetvoice.com/song_covers/z_/t_/z_t_evan/Qbw3o32Tq4PHLPVQuHk366.jpeg?x-oss-process=image/resize,m_fixed,h_1,w_1,limit_0/resize,m_fixed,h_630,w_1200,limit_0/watermark,image_c29uZ19jb3ZlcnMvel8vdF8vel90X2V2YW4vUWJ3M28zMlRxNFBITFBWUXVIazM2Ni5qcGVnP3gtb3NzLXByb2Nlc3M9aW1hZ2UvcmVzaXplLG1fZml4ZWQsaF8zNDQsd18zNDQsbGltaXRfMA,g_nw,x_428,y_143/watermark,image_YXNzZXQvaW1hZ2VzL21ldGFpbWFnZS1zb25nLnBuZw,g_nw,x_0,y_0",images/872389.jpeg,@z_t_evan,音樂人,廣東,2023-09-01,,9,1,1,,,https://www.youtube.com/user/StreetVoiceTV,【吹對談】台灣為什麼沒有Free Jazz？薩克斯風手謝明諺 ⇋ 爵士樂評人孫秀蕙|||https://blow.streetvoice.com/82143/?utm_source=streetvoice&utm_medium=profile-news-block,,R&B / Soul,彼爱Vol. 3：安静听,https://streetvoice.com/z_t_evan/songs/album/97325821/,,,"這是沒有提供歌詞的歌曲
留言（ 0 ） 最相關留言 所有留言
留言（ 0 ）",2026-08-01,,編輯推薦,True,False,
2026-08-23 01:43:24,realtime,urban,,,42,Little Evan,安静听，爱的回应,0,60,0,https://streetvoice.com/z_t_evan/songs/872388/,https://streetvoice.com/z_t_evan/,"https://akstatic.streetvoice.com/song_covers/z_/t_/z_t_evan/Qbw3o32Tq4PHLPVQuHk366.jpeg?x-oss-process=image/resize,m_fixed,h_1,w_1,limit_0/resize,m_fixed,h_630,w_1200,limit_0/watermark,image_c29uZ19jb3ZlcnMvel8vdF8vel90X2V2YW4vUWJ3M28zMlRxNFBITFBWUXVIazM2Ni5qcGVnP3gtb3NzLXByb2Nlc3M9aW1hZ2UvcmVzaXplLG1fZml4ZWQsaF8zNDQsd18zNDQsbGltaXRfMA,g_nw,x_428,y_143/watermark,image_YXNzZXQvaW1hZ2VzL21ldGFpbWFnZS1zb25nLnBuZw,g_nw,x_0,y_0",images/872388.jpeg,@z_t_evan,音樂人,廣東,2023-09-01,,9,1,1,,,https://www.youtube.com/user/StreetVoiceTV,【吹對談】台灣為什麼沒有Free Jazz？薩克斯風手謝明諺 ⇋ 爵士樂評人孫秀蕙|||https://blow.streetvoice.com/82143/?utm_source=streetvoice&utm_medium=profile-news-block,,R&B / Soul,彼爱Vol. 3：安静听,https://streetvoice.com/z_t_evan/songs/album/97325821/,,,"這是沒有提供歌詞的歌曲
留言（ 0 ） 最相關留言 所有留言
留言（ 0 ）",2026-08-01,,編輯推薦,True,False,
2026-08-23 01:43:24,realtime,urban,,,43,Little Evan,梦想工厂,1,77,0,https://streetvoice.com/z_t_evan/songs/872379/,https://streetvoice.com/z_t_evan/,"https://akstatic.streetvoice.com/music_albums/z_/t_/z_t_evan/HdpvuQTxxCHLREguq6yovd.jpeg?x-oss-process=image/resize,m_fixed,h_1,w_1,limit_0/resize,m_fixed,h_630,w_1200,limit_0/watermark,image_bXVzaWNfYWxidW1zL3pfL3RfL3pfdF9ldmFuL0hkcHZ1UVR4eENITFJFZ3VxNnlvdmQuanBlZz94LW9zcy1wcm9jZXNzPWltYWdlL3Jlc2l6ZSxtX2ZpeGVkLGhfMzQ0LHdfMzQ0LGxpbWl0XzA,g_nw,x_428,y_143/watermark,image_YXNzZXQvaW1hZ2VzL21ldGFpbWFnZS1zb25nLnBuZw,g_nw,x_0,y_0",images/872379.jpeg,@z_t_evan,音樂人,廣東,2023-09-01,,9,1,1,,,https://www.youtube.com/user/StreetVoiceTV,【吹對談】台灣為什麼沒有Free Jazz？薩克斯風手謝明諺 ⇋ 爵士樂評人孫秀蕙|||https://blow.streetvoice.com/82143/?utm_source=streetvoice&utm_medium=profile-news-block,,R&B / Soul,彼爱Vol. 3：安静听,https://streetvoice.com/z_t_evan/songs/album/97325821/,,,"词曲/编曲/演唱/混音/封面设计：Little Evan 天一黑快要忘了他是谁 喝一杯 喝一杯不会醉 他很累但他觉得无所谓 他只想要独自一人看着夜的美 早上阳光洒在床上 厨房里灯火明亮 切块面包 夹火腿肠 在路上吃泡泡糖 等人行道的绿灯亮 数白色的车有多少 就这样到梦想工厂 他微微笑 像那彩虹下的幸运草 向你问好 说着下班出去逛逛 怎么样 蹦蹦跳 像是从来从来都不曾 感染烦恼 但不知道 他已卖掉梦想 属于工厂 Oh 天一黑快要忘了他是谁 喝一杯 喝一杯不会醉 他很累但他觉得无所谓 他只想要独自一人看着夜的美 他早知道得不到的就不要去追 他微微笑 像那彩虹下的幸运草 向你问好 说着下班出去逛逛 怎么样 蹦蹦跳 像是从来从来都不曾 感染烦恼 但不知道 他已卖掉梦想 属于工厂 Oh 他微微笑 像那彩虹下的幸运草 向你问好 说着下班出去逛逛 怎么样 蹦蹦跳 像是从来从来都不曾 感染烦恼 但不知道 他已卖掉梦想 属于工厂 Oh 
词曲/编曲/演唱/混音/封面设计：Little Evan 天一黑快要忘了他是谁 喝一杯 喝一杯不会醉 他很累但他觉得无所谓 他只想要独自一人看着夜的美 早上阳光洒在床上 厨房里灯火明亮 切块面包 夹火腿肠 在路上吃泡泡糖 等人行道的绿灯亮 数白色的车有多少 就这样到梦想工厂 他微微笑 像那彩虹下的幸运草 向你问好 说着下班出去逛逛 怎么样 蹦蹦跳 像是从来从来都不曾 感染烦恼 但不知道 他已卖掉梦想 属于工厂 Oh 天一黑快要忘了他是谁 喝一杯 喝一杯不会醉 他很累但他觉得无所谓 他只想要独自一人看着夜的美 他早知道得不到的就不要去追 他微微笑 像那彩虹下的幸运草 向你问好 说着下班出去逛逛 怎么样 蹦蹦跳 像是从来从来都不曾 感染烦恼 但不知道 他已卖掉梦想 属于工厂 Oh 他微微笑 像那彩虹下的幸运草 向你问好 说着下班出去逛逛 怎么样 蹦蹦跳 像是从来从来都不曾 感染烦恼 但不知道 他已卖掉梦想 属于工厂 Oh
留言（ 0 ） 最相關留言 所有留言
留言（ 0 ）",2026-08-01,,編輯推薦,True,False,
2026-08-23 01:43:24,realtime,urban,,,44,雷克非 Christopher R,過來陪我喝一杯酒,13,357,14,https://streetvoice.com/ChristopherR/songs/873115/,https://streetvoice.com/ChristopherR/,"https://akstatic.streetvoice.com/song_covers/Ch/ri/ChristopherR/DZETTk4foXWjfN6YbKgYfv.jpeg?x-oss-process=image/resize,m_fixed,h_1,w_1,limit_0/resize,m_fixed,h_630,w_1200,limit_0/watermark,image_c29uZ19jb3ZlcnMvQ2gvcmkvQ2hyaXN0b3BoZXJSL0RaRVRUazRmb1hXamZONlliS2dZZnYuanBlZz94LW9zcy1wcm9jZXNzPWltYWdlL3Jlc2l6ZSxtX2ZpeGVkLGhfMzQ0LHdfMzQ0LGxpbWl0XzA,g_nw,x_428,y_143/watermark,image_YXNzZXQvaW1hZ2VzL21ldGFpbWFnZS1zb25nLnBuZw,g_nw,x_0,y_0",images/873115.jpeg,@ChristopherR,音樂人,,,,41,41,120,,,https://www.youtube.com/user/StreetVoiceTV,,,R&B / Soul,,,,"喝醉的不是我 是你，我的朋友 
喝醉的不是我 是你，我的朋友","過來陪我 喝一杯酒 看窗外的燈火 慢慢閃動 酒杯輕輕碰了 誰也沒開口 有些故事不用說 彼此也都懂 不用急著說 今天發生了什麼 先讓杯裡的餘溫 多停留片刻 過來陪我喝一杯酒 不用微笑，也不用安慰我 等街上的燈一盞一盞亮起 就算沉默 也一起坐在這裡 過來陪我喝一杯酒 沒有答案的事先放在一邊 等最後一口慢慢喝完以前 至少今晚 我們一起面對 門鈴響了兩聲 又有人進來 你看著杯中的倒影 晃了又停下來 我不問明天 會不會好一點 只把身旁這個位置 留在你這邊 不用勉強說 你其實沒有什麼 有些疲倦只需要 有個人能懂 過來陪我喝一杯酒 不用微笑，也不用安慰我 等街上的燈一盞一盞亮起 就算沉默 也一起坐在這裡 過來陪我喝一杯酒 沒有答案的事先放在一邊 等最後一口慢慢喝完以前 至少今晚 我們一起面對 世界總催著人 不停往前 可是在今夜 我們可以慢一點 不用逞強微笑 也不用假裝勇敢 等這一杯喝完 明天再談 過來陪我喝完這杯酒 窗外的夜已落滿街頭 那些說不清的苦澀和疲憊 留在杯底 今晚別再帶走 過來陪我喝完這杯酒 明天的事明天再說 等你穿上外套走出門以前 只要回頭 我還會坐在這邊 過來陪我 喝一杯酒 什麼都不說 就坐到最後 
過來陪我 喝一杯酒 看窗外的燈火 慢慢閃動
酒杯輕輕碰了 誰也沒開口 有些故事不用說 彼此也都懂
不用急著說 今天發生了什麼 先讓杯裡的餘溫 多停留片刻
過來陪我喝一杯酒 不用微笑，也不用安慰我 等街上的燈一盞一盞亮起 就算沉默 也一起坐在這裡
過來陪我喝一杯酒 沒有答案的事先放在一邊 等最後一口慢慢喝完以前 至少今晚 我們一起面對
門鈴響了兩聲 又有人進來 你看著杯中的倒影 晃了又停下來
我不問明天 會不會好一點 只把身旁這個位置 留在你這邊
不用勉強說 你其實沒有什麼 有些疲倦只需要 有個人能懂
過來陪我喝一杯酒 不用微笑，也不用安慰我 等街上的燈一盞一盞亮起 就算沉默 也一起坐在這裡
過來陪我喝一杯酒 沒有答案的事先放在一邊 等最後一口慢慢喝完以前 至少今晚 我們一起面對
世界總催著人 不停往前 可是在今夜 我們可以慢一點
不用逞強微笑 也不用假裝勇敢 等這一杯喝完 明天再談
過來陪我喝完這杯酒 窗外的夜已落滿街頭 那些說不清的苦澀和疲憊 留在杯底 今晚別再帶走
過來陪我喝完這杯酒 明天的事明天再說 等你穿上外套走出門以前 只要回頭 我還會坐在這邊
過來陪我 喝一杯酒 什麼都不說 就坐到最後
留言（ 14 ） 最相關留言 所有留言
留言（ 14 ）",2026-08-06,,AI 協作 R&B / Soul,False,False,
2026-08-23 01:43:24,realtime,urban,,,45,菸蟲和我   smokeyme2021,煮個涼麵(DEMO),5,257,0,https://streetvoice.com/smokeyme2021/songs/871673/,https://streetvoice.com/smokeyme2021/,"https://akstatic.streetvoice.com/song_covers/sm/ok/smokeyme2021/UJhWZaJdYjebAx2XLhQWWz.jpeg?x-oss-process=image/resize,m_fixed,h_1,w_1,limit_0/resize,m_fixed,h_630,w_1200,limit_0/watermark,image_c29uZ19jb3ZlcnMvc20vb2svc21va2V5bWUyMDIxL1VKaFdaYUpkWWplYkF4MlhMaFFXV3ouanBlZz94LW9zcy1wcm9jZXNzPWltYWdlL3Jlc2l6ZSxtX2ZpeGVkLGhfMzQ0LHdfMzQ0LGxpbWl0XzA,g_nw,x_428,y_143/watermark,image_YXNzZXQvaW1hZ2VzL21ldGFpbWFnZS1zb25nLnBuZw,g_nw,x_0,y_0",images/871673.jpeg,@smokeyme2021,音樂人,台北市,2025-07-01,,1,3,,,,https://www.youtube.com/user/StreetVoiceTV,,,R&B / Soul,,,,"如今，主唱已經不再遊玩英雄聯盟。現在他，正式開啟，瓦羅蘭。 特！ 2026讓我們，衝擊輻能！！！！！！！！ 請各位為他喝采！ 詞 / Lyrics：哈魯 曲 / Composer：哈魯 編曲 / Arrangement：岡崎 主唱 / Vocal：哈魯 和聲 / Harmony：徐上懿 吉他 / Guitar：岡崎 錄音師 / Recording Engineer：蟲和 
如今，主唱已經不再遊玩英雄聯盟。現在他，正式開啟，瓦羅蘭。
特！ 2026讓我們，衝擊輻能！！！！！！！！ 請各位為他喝采！
詞 / Lyrics：哈魯 曲 / Composer：哈魯 編曲 / Arrangement：岡崎 主唱 / Vocal：哈魯 和聲 / Harmony：徐上懿 吉他 / Guitar：岡崎 錄音師 / Recording Engineer：蟲和","動態歌詞
烤橘子掉進火裡 棉花糖也燒起來了 肉沒熟 網子焦掉了 肚子好餓 要不要 考慮吃點別的 煮個涼麵吧 事情先放到一邊 煮個涼麵吧 我們假裝沒看見 煮個涼麵 先吃一點 煮麵條 放進冰水裡 完全是多此一舉 我好餓 要餓死了 要不要 考慮吃點別的 煮個涼麵吧 放到一邊 煮個涼麵吧 裝沒看見 煮個涼麵~ 先吃一點 
烤橘子掉進火裡 棉花糖也燒起來了 肉沒熟 網子焦掉了 肚子好餓 要不要 考慮吃點別的 煮個涼麵吧 事情先放到一邊 煮個涼麵吧 我們假裝沒看見 煮個涼麵 先吃一點 煮麵條 放進冰水裡 完全是多此一舉 我好餓 要餓死了 要不要 考慮吃點別的 煮個涼麵吧 放到一邊 煮個涼麵吧 裝沒看見 煮個涼麵~ 先吃一點
留言（ 0 ） 最相關留言 所有留言
留言（ 0 ）",2026-07-28,,編輯推薦,True,False,
2026-08-23 01:43:24,realtime,urban,,,46,ه¹¸éپ‹ç©؛و°£,街角的咖啡店,6,1304,0,https://streetvoice.com/luckyair43/songs/869180/,https://streetvoice.com/luckyair43/,"https://akstatic.streetvoice.com/song_covers/lu/ck/luckyair43/UWtMyTk2paFBnjZXSkVRLe.jpeg?x-oss-process=image/resize,m_fixed,h_1,w_1,limit_0/resize,m_fixed,h_630,w_1200,limit_0/watermark,image_c29uZ19jb3ZlcnMvbHUvY2svbHVja3lhaXI0My9VV3RNeVRrMnBhRkJualpYU2tWUkxlLmpwZWc_eC1vc3MtcHJvY2Vzcz1pbWFnZS9yZXNpemUsbV9maXhlZCxoXzM0NCx3XzM0NCxsaW1pdF8w,g_nw,x_428,y_143/watermark,image_YXNzZXQvaW1hZ2VzL21ldGFpbWFnZS1zb25nLnBuZw,g_nw,x_0,y_0",images/869180.jpeg,,,,,,80,200,65,https://www.facebook.com/airway777,,https://www.youtube.com/channel/UChSEkR8gHUBkx0IsCfR1xwA/about,告別誠品生活 116 強辯樂團與幸運空氣勾起共同的青春回憶|||https://blow.streetvoice.com/15610/?utm_source=streetvoice&utm_medium=profile-news-block; 【歌單】謙虛勤勉的小書蟲——處女座|||https://blow.streetvoice.com/35796/?utm_source=streetvoice&utm_medium=profile-news-block; 2015 年度 StreetVoice 音樂作品人氣榜 TOP 50|||https://blow.streetvoice.com/16431/?utm_source=streetvoice&utm_medium=profile-news-block,,R&B / Soul,,,,"《街角的咖啡店》 一場突如其來的大雨,把原本想出門逛街的我們推進一間街角咖啡店。雖然沒能如期逛街,但在咖啡店裡喝著咖啡、看著窗外的雨,卻有另一種幸運的感受。有時候計劃趕不上變化,不要緊張,繼續Chill,也能因此得到不同的小確幸。 歌曲用輕鬆慵懶的節奏,描繪都市人渴望的片刻放空——什麼都不做、靜靜發呆、耍廢,在咖啡店裡看著窗外的雨也很棒。中後段轉為中英夾雜的說唱式吟唱,道出灑脫的態度:沒有人會為你流淚,也沒人真的在乎你怎麼想,但正因如此,才更能在紛擾中找到內心的寧靜,劃下屬於自己的流星,許一個屬於自己的願望。 可頌、拿鐵、焦糖榛果香氣交織,搭配阿拉比卡咖啡的醇厚風味,《街角咖啡店》是一首獻給所有渴望在忙碌生活中找回片刻寧靜的抒情之作。雨過天青後,也許你會想問自己:那間街角咖啡廳,是不是很值得一待呢? 7/28 單曲各大平台發行 Spotify/Applemusic/KKBOX/Line/QQ https://packer-sys.streetvoice.com/zh-hant/packerlink/7pKDnqzyVq/ ""The Corner Coffee Shop"" An unexpected downpour pushed us — originally headed out for a casual stroll — into a small coffee shop on the corner. The shopping trip didn't go as planned, but sipping coffee while watching the rain through the window turned out to be its own quiet kind of luck. Sometimes plans fall apart, and that's okay — just keep chilling, and you might stumble onto a little unexpected joy instead. The song moves with a relaxed, laid-back groove, capturing a rare moment city life rarely allows — doing absolutely nothing, drifting into a daze, just watching the rain from inside a coffee shop. It's better than it sounds. The bridge shifts into a bilingual rap-sung passage, carrying a free-spirited kind of honesty: no one will shed tears for you, no one really cares what you think — and that's exactly why peace has to come from within. Make a wish, watch a shooting star fall, and let it be yours alone. With the aroma of croissants, caramel, and hazelnut latte woven through its verses, alongside the rich taste of Arabica coffee, ""The Corner Coffee Shop"" is a laid-back anthem for anyone craving a little stillness in the middle of a busy life. After the rain clears, maybe you'll find yourself asking — was that corner coffee shop worth the whole afternoon? https://packer-sys.streetvoice.com/zh-hant/packerlink/7pKDnqzyVq/ 
《街角的咖啡店》 一場突如其來的大雨,把原本想出門逛街的我們推進一間街角咖啡店。雖然沒能如期逛街,但在咖啡店裡喝著咖啡、看著窗外的雨,卻有另一種幸運的感受。有時候計劃趕不上變化,不要緊張,繼續Chill,也能因此得到不同的小確幸。 歌曲用輕鬆慵懶的節奏,描繪都市人渴望的片刻放空——什麼都不做、靜靜發呆、耍廢,在咖啡店裡看著窗外的雨也很棒。中後段轉為中英夾雜的說唱式吟唱,道出灑脫的態度:沒有人會為你流淚,也沒人真的在乎你怎麼想,但正因如此,才更能在紛擾中找到內心的寧靜,劃下屬於自己的流星,許一個屬於自己的願望。 可頌、拿鐵、焦糖榛果香氣交織,搭配阿拉比卡咖啡的醇厚風味,《街角咖啡店》是一首獻給所有渴望在忙碌生活中找回片刻寧靜的抒情之作。雨過天青後,也許你會想問自己:那間街角咖啡廳,是不是很值得一待呢?
7/28 單曲各大平台發行 Spotify/Applemusic/KKBOX/Line/QQ https://packer-sys.streetvoice.com/zh-hant/packerlink/7pKDnqzyVq/ ""The Corner Coffee Shop"" An unexpected downpour pushed us — originally headed out for a casual stroll — into a small coffee shop on the corner. The shopping trip didn't go as planned, but sipping coffee while watching the rain through the window turned out to be its own quiet kind of luck. Sometimes plans fall apart, and that's okay — just keep chilling, and you might stumble onto a little unexpected joy instead. The song moves with a relaxed, laid-back groove, capturing a rare moment city life rarely allows — doing absolutely nothing, drifting into a daze, just watching the rain from inside a coffee shop. It's better than it sounds. The bridge shifts into a bilingual rap-sung passage, carrying a free-spirited kind of honesty: no one will shed tears for you, no one really cares what you think — and that's exactly why peace has to come from within. Make a wish, watch a shooting star fall, and let it be yours alone. With the aroma of croissants, caramel, and hazelnut latte woven through its verses, alongside the rich taste of Arabica coffee, ""The Corner Coffee Shop"" is a laid-back anthem for anyone craving a little stillness in the middle of a busy life. After the rain clears, maybe you'll find yourself asking — was that corner coffee shop worth the whole afternoon?
https://packer-sys.streetvoice.com/zh-hant/packerlink/7pKDnqzyVq/
https://packer-sys.streetvoice.com/zh-hant/packerlink/7pKDnqzyVq/
https://packer-sys.streetvoice.com/zh-hant/packerlink/7pKDnqzyVq/","動態歌詞
在這個Chill 的午後 一起出來逛街 一場大雨讓 我們躲在街角咖啡店 來杯香濃拿鐵  嚐著阿拉比卡風味 什麼都不做 靜靜發呆 耍廢 來到了轉角  跟著排隊 凝固的時間  早已融化成水 別忘了打卡   說你好想睡 窗外的雨水   在陪我喝咖啡 Nobody will shed the tears or maybe care what I think Sip a little bit ,  品嚐仔細 沒人打擾內心  深處寧靜 Nobody will shit on me Only I can change the thing Wish your wish ,  劃下流星 生活煥然一新  雨過天青 間奏 再一次下雨 你會 再次回到哪裡 那間街角咖啡廳 是否值得回去 加點可頌 配著Coffee ,香濃 Latte 帶點焦糖  榛果 Party 一場大雨 也澆不熄 我的熱情 生活 就該  隨時隨地 充滿即興 待在這裡 看著 那裡 到處都是場戲 也許細細 品味 內心 才能得到 寧靜 Nobody will shed the tears or maybe care what I think Sip a little bit ,  品嚐仔細 沒人打擾內心  深處寧靜 Nobody will shit on me Only I can change the thing Wish your wish ,  劃下流星 生活煥然一新  雨過天青 配著Coffee ,香濃 Latte  耶～ Nobody will shit on me Only I can change the thing Wish your wish ,  劃下流星 生活煥然一新  雨過天青 outro 
在這個Chill 的午後 一起出來逛街 一場大雨讓 我們躲在街角咖啡店 來杯香濃拿鐵  嚐著阿拉比卡風味 什麼都不做 靜靜發呆 耍廢 來到了轉角  跟著排隊 凝固的時間  早已融化成水 別忘了打卡   說你好想睡 窗外的雨水   在陪我喝咖啡 Nobody will shed the tears or maybe care what I think Sip a little bit ,  品嚐仔細 沒人打擾內心  深處寧靜 Nobody will shit on me Only I can change the thing Wish your wish ,  劃下流星 生活煥然一新  雨過天青 間奏 再一次下雨 你會 再次回到哪裡 那間街角咖啡廳 是否值得回去 加點可頌 配著Coffee ,香濃 Latte 帶點焦糖  榛果 Party 一場大雨 也澆不熄 我的熱情 生活 就該  隨時隨地 充滿即興 待在這裡 看著 那裡 到處都是場戲 也許細細 品味 內心 才能得到 寧靜 Nobody will shed the tears or maybe care what I think Sip a little bit ,  品嚐仔細 沒人打擾內心  深處寧靜 Nobody will shit on me Only I can change the thing Wish your wish ,  劃下流星 生活煥然一新  雨過天青 配著Coffee ,香濃 Latte  耶～ Nobody will shit on me Only I can change the thing Wish your wish ,  劃下流星 生活煥然一新  雨過天青 outro
留言（ 0 ） 最相關留言 所有留言
留言（ 0 ）",2026-07-28,,編輯推薦,True,False,
2026-08-23 01:43:24,realtime,urban,,,47,李敏哲,融化 - 咖啡廳冒著煙,21,563,7,https://streetvoice.com/minzer_c_lee/songs/872447/,https://streetvoice.com/minzer_c_lee/,"https://akstatic.streetvoice.com/song_covers/mi/nz/minzer_c_lee/2fG2uPrJHagk9T7cJR7peV.jpeg?x-oss-process=image/resize,m_fixed,h_1,w_1,limit_0/resize,m_fixed,h_630,w_1200,limit_0/watermark,image_c29uZ19jb3ZlcnMvbWkvbnovbWluemVyX2NfbGVlLzJmRzJ1UHJKSGFnazlUN2NKUjdwZVYuanBlZz94LW9zcy1wcm9jZXNzPWltYWdlL3Jlc2l6ZSxtX2ZpeGVkLGhfMzQ0LHdfMzQ0LGxpbWl0XzA,g_nw,x_428,y_143/watermark,image_YXNzZXQvaW1hZ2VzL21ldGFpbWFnZS1zb25nLnBuZw,g_nw,x_0,y_0",images/872447.jpeg,@minzer_c_lee,音樂人,,,,15,29,41,,,https://www.youtube.com/user/StreetVoiceTV,,,Jazz,,,雷克非 Christopher R,"咖啡廳的打工仔，瞬間蒸發的，盛夏之戀 Sophisticated Bossa Nova 
咖啡廳的打工仔，瞬間蒸發的，盛夏之戀
Sophisticated Bossa Nova","南臺灣的大熱天 柏油路冒著煙 街上沒有半個人 咖啡廳在打哈欠 冷氣慢慢地吹 冰塊融化不見 窗外的紅綠燈 自己換了幾遍 我靠在吧台後面 換一張老唱片 門鈴叮咚兩聲 有人推門進來 一個漂亮女生 走進這個下午 她說外面太熱 咖啡可不可以 冰塊多加一點 她坐在花台窗邊 小花貓看著她這邊 我低頭忙著手上的事 偶爾看她一眼 她打開蘋果筆電 卻沒看上幾眼 杯子外面的水 慢慢流到桌面 她問這間店 每天都這麼悠閑 我說夏天的午後 大概都沒什麼變 一個漂亮女生 坐在這個下午 窗外沒有一點風 店裡只有音樂 她沒有多說什麼 我也沒有多問 只是原本走得很慢的時間 忽然快了一點 後來她看了看時鐘 把電腦收進背包 我把空杯拿回吧台 她已經走到門邊 門鈴又響了兩聲 她回頭說聲再見 街上還是沒有半個人 太陽還掛在對面 桌上留著一圈水痕 很快就會不見 只是從那天開始 我會留意午後三點 盛夏午後 柏油路冒著煙 門鈴沒有再響 我自己搖了兩遍 作詞：雷克非 
南臺灣的大熱天 柏油路冒著煙 街上沒有半個人 咖啡廳在打哈欠
冷氣慢慢地吹 冰塊融化不見 窗外的紅綠燈 自己換了幾遍
我靠在吧台後面 換一張老唱片 門鈴叮咚兩聲 有人推門進來
一個漂亮女生 走進這個下午 她說外面太熱 咖啡可不可以 冰塊多加一點
她坐在花台窗邊 小花貓看著她這邊 我低頭忙著手上的事 偶爾看她一眼
她打開蘋果筆電 卻沒看上幾眼 杯子外面的水 慢慢流到桌面
她問這間店 每天都這麼悠閑 我說夏天的午後 大概都沒什麼變
一個漂亮女生 坐在這個下午 窗外沒有一點風 店裡只有音樂
她沒有多說什麼 我也沒有多問 只是原本走得很慢的時間 忽然快了一點
後來她看了看時鐘 把電腦收進背包 我把空杯拿回吧台 她已經走到門邊
門鈴又響了兩聲 她回頭說聲再見 街上還是沒有半個人 太陽還掛在對面
桌上留著一圈水痕 很快就會不見 只是從那天開始 我會留意午後三點
盛夏午後 柏油路冒著煙
門鈴沒有再響 我自己搖了兩遍
作詞：雷克非
留言（ 7 ） 最相關留言 所有留言
留言（ 7 ）",2026-08-01,,AI 協作 Jazz,False,False,
2026-08-23 01:43:24,realtime,urban,,,48,жҙӣе…“зҲҫж»ҫ,洛兓爾滾-Hngzyang(泰雅語：聲音),1,23,0,https://streetvoice.com/Qoo72xxp/songs/871488/,https://streetvoice.com/Qoo72xxp/,"https://akstatic.streetvoice.com/profile_images/Qo/o7/Qoo72xxp/39fgpzTiX8uM52UgvbQmWj.jpg?x-oss-process=image/resize,m_fixed,h_1,w_1,limit_0/resize,m_fixed,h_630,w_1200,limit_0/watermark,image_cHJvZmlsZV9pbWFnZXMvUW8vbzcvUW9vNzJ4eHAvMzlmZ3B6VGlYOHVNNTJVZ3ZiUW1Xai5qcGc_eC1vc3MtcHJvY2Vzcz1pbWFnZS9yZXNpemUsbV9maXhlZCxoXzM0NCx3XzM0NCxsaW1pdF8w,g_nw,x_428,y_143/watermark,image_YXNzZXQvaW1hZ2VzL21ldGFpbWFnZS1zb25nLnBuZw,g_nw,x_0,y_0",images/871488.jpg,,,,,,14,16,15,,,https://www.youtube.com/user/StreetVoiceTV,,,Blues,,,,"詞/曲/編曲/混音：洛兓爾滾(柯孟軒) 創作理念： 《Hngzyang》，源自泰雅語「聲音」，以詼諧幻想的故事畫面，串聯山嵐大雨、飛羊牛魔王的荒誕意象，歌詞富有畫面感及故事性，誠摯描繪內心深處的自然迴響。編曲上多使用藍調音階及轉調技巧，巧妙的詞曲結合，配器上使用鋼琴、薩克斯風、爵士鼓、沙鈴及人聲，展現歌曲獨特性～ 創作靈感來自原住民對山林的傾聽，無論人生列車駛向何方，都別忘了聆聽「內心的聲響」！ 
詞/曲/編曲/混音：洛兓爾滾(柯孟軒)
創作理念：
《Hngzyang》，源自泰雅語「聲音」，以詼諧幻想的故事畫面，串聯山嵐大雨、飛羊牛魔王的荒誕意象，歌詞富有畫面感及故事性，誠摯描繪內心深處的自然迴響。編曲上多使用藍調音階及轉調技巧，巧妙的詞曲結合，配器上使用鋼琴、薩克斯風、爵士鼓、沙鈴及人聲，展現歌曲獨特性～ 創作靈感來自原住民對山林的傾聽，無論人生列車駛向何方，都別忘了聆聽「內心的聲響」！","轟隆隆隆的巨響 打進我的腦袋瓜 Hngzyang 山嵐的呼吸 被一場大雨吸引 Hngzyang 嗚～太陽在哪 Hngzyang Hngzyang 嘿～在你家樓上 原來那是我阿姑的假髮 被LED燈照的閃閃閃閃發光 Hngzyang 多麼幻想 多麼荒唐 人生列車到底開往哪個地方 不一樣的聲響 不一樣的圖畫 嗚喔 這是我的獵場  來點慵懶爵士的唱腔 Hngzyang 像風一樣 追逐森林步伐 站在鳥獸的翅膀 眺望遠方故鄉 遵循古老樂章 唱著Re mi so la 嗚喔 這是我的音場 稀裡嘩啦的巨響 吹進幽然小村莊 Hngzyang 山稜的頂端 一頭巨大牛魔王 Hngzyang 呼～會飛的山羊 Hngzyang Hngzyang 聽～狂雨在歌唱 喇嘛舉起十字架大喊 Hngzyang 多麼幻想 多麼荒唐 人生列車到底開往哪個地方 不一樣的聲響 不一樣的圖畫 嗚喔 這是我的獵場  來點慵懶爵士的唱腔 Hngzyang 像風一樣 追逐森林步伐 站在鳥獸的翅膀 眺望遠方故鄉 遵循古老樂章 唱著Re mi so la 嗚喔 這是我的音場 
轟隆隆隆的巨響 打進我的腦袋瓜 Hngzyang 山嵐的呼吸 被一場大雨吸引 Hngzyang 嗚～太陽在哪 Hngzyang Hngzyang 嘿～在你家樓上 原來那是我阿姑的假髮 被LED燈照的閃閃閃閃發光 Hngzyang
多麼幻想 多麼荒唐 人生列車到底開往哪個地方 不一樣的聲響 不一樣的圖畫 嗚喔 這是我的獵場  來點慵懶爵士的唱腔 Hngzyang 像風一樣 追逐森林步伐 站在鳥獸的翅膀 眺望遠方故鄉 遵循古老樂章 唱著Re mi so la 嗚喔 這是我的音場
稀裡嘩啦的巨響 吹進幽然小村莊 Hngzyang 山稜的頂端 一頭巨大牛魔王 Hngzyang 呼～會飛的山羊 Hngzyang Hngzyang 聽～狂雨在歌唱 喇嘛舉起十字架大喊 Hngzyang
多麼幻想 多麼荒唐 人生列車到底開往哪個地方 不一樣的聲響 不一樣的圖畫 嗚喔 這是我的獵場  來點慵懶爵士的唱腔 Hngzyang 像風一樣 追逐森林步伐 站在鳥獸的翅膀 眺望遠方故鄉 遵循古老樂章 唱著Re mi so la 嗚喔 這是我的音場
留言（ 0 ） 最相關留言 所有留言
留言（ 0 ）",2026-07-28,,,False,False,
2026-08-23 01:43:24,realtime,urban,,,49,MoneyT,Money T聖城-斜槓青年40秒,1,26,0,https://streetvoice.com/moneyt0712/songs/871450/,https://streetvoice.com/moneyt0712/,"https://akstatic.streetvoice.com/song_covers/mo/ne/moneyt0712/Shy4ySjydXyXpBRau8Qj7f.jpeg?x-oss-process=image/resize,m_fixed,h_1,w_1,limit_0/resize,m_fixed,h_630,w_1200,limit_0/watermark,image_c29uZ19jb3ZlcnMvbW8vbmUvbW9uZXl0MDcxMi9TaHk0eVNqeWRYeVhwQlJhdThRajdmLmpwZWc_eC1vc3MtcHJvY2Vzcz1pbWFnZS9yZXNpemUsbV9maXhlZCxoXzM0NCx3XzM0NCxsaW1pdF8w,g_nw,x_428,y_143/watermark,image_YXNzZXQvaW1hZ2VzL21ldGFpbWFnZS1zb25nLnBuZw,g_nw,x_0,y_0",images/871450.jpeg,@moneyt0712,音樂人,,,,3,7,3,,,https://www.youtube.com/user/StreetVoiceTV,,,R&B / Soul,,,,"「聖城一座存在於現實與夢境之間的精神彼岸」 詞 Lyricist｜雅量 曲 Composer｜ Money T 編曲 Arranged｜LZC 製作人 Producer｜Tommy（老迪） 錄音師 Recording Engineer｜Tommy（老迪） 混音師 Mixing Engineer｜Tommy（老迪） 混音工作室 Mixing｜德克斯音樂 母帶後期處理 Mastering｜Tommy（老迪） 
「聖城一座存在於現實與夢境之間的精神彼岸」
詞 Lyricist｜雅量 曲 Composer｜ Money T 編曲 Arranged｜LZC 製作人 Producer｜Tommy（老迪） 錄音師 Recording Engineer｜Tommy（老迪） 混音師 Mixing Engineer｜Tommy（老迪） 混音工作室 Mixing｜德克斯音樂 母帶後期處理 Mastering｜Tommy（老迪）","Chorus1 於是拒絕 像個大人 失去天真 不願承認 世界一直存在著 那座體制之外的聖城 夢能成真 於是做個 虔誠的人 迷信的人 請問那位 住在伊甸園的神 烏托邦的國度誰適合 誰適合 
Chorus1 於是拒絕 像個大人 失去天真 不願承認 世界一直存在著 那座體制之外的聖城
夢能成真 於是做個 虔誠的人 迷信的人 請問那位 住在伊甸園的神 烏托邦的國度誰適合 誰適合
留言（ 0 ） 最相關留言 所有留言
留言（ 0 ）",2026-07-27,,,False,False,
2026-08-23 01:43:24,realtime,urban,,,50,AIR2FOUR,如果有天我命改寫（DEMO),2,66,0,https://streetvoice.com/Gaday0824/songs/871225/,https://streetvoice.com/Gaday0824/,"https://akstatic.streetvoice.com/song_covers/Ga/da/Gaday0824/KrfjqdfY4FXTDZYdCoosTo.jpg?x-oss-process=image/resize,m_fixed,h_1,w_1,limit_0/resize,m_fixed,h_630,w_1200,limit_0/watermark,image_c29uZ19jb3ZlcnMvR2EvZGEvR2FkYXkwODI0L0tyZmpxZGZZNEZYVERaWWRDb29zVG8uanBnP3gtb3NzLXByb2Nlc3M9aW1hZ2UvcmVzaXplLG1fZml4ZWQsaF8zNDQsd18zNDQsbGltaXRfMA,g_nw,x_428,y_143/watermark,image_YXNzZXQvaW1hZ2VzL21ldGFpbWFnZS1zb25nLnBuZw,g_nw,x_0,y_0",images/871225.jpg,@Gaday0824,音樂人,桃園市,2020-06-01,,4,7,5,,,https://www.youtube.com/user/StreetVoiceTV,,,R&B / Soul,,,,,"已經不再年輕 還在等待花期 口袋淺到不能更淺 這能夠將我窒息 他的人生都在被（背） 陽光照射的罪 跑得越快越不擔心但僅存下來的pay 如果有天我命改寫 到底要領多少我才不會讓他們失望 盡頭無止盡最好無上限 雙手合十祈禱上帝視角仰望天 I’m ready 準備好就不用加油打氣 賺同樣的錢是上進也被稱為勞碌命 他們都知道 沒有什麼不良嗜好 煙酒檳榔都有只差還好沒有吃藥 剩下的路途 是否保持平淡 沒有故事怎麼寫個real life 我的想法一切都很簡單 那就拼命的拼命的把錢站著賺 已經不再年輕 還在等待花期 口袋淺到不能更淺 這能夠將我窒息 他的人生都在被（背） 陽光照射的罪 跑得越快越不擔心但僅存下來的pay 如果有天我命改寫 到底要領多少我才不會讓他們失望 盡頭無止盡最好無上限 雙手合十祈禱上帝視角仰望天 全身上下超髒因為身處板模鋼筋水泥 做餐飲也有幹過灰產最後回到工地 你們嘴上總是說著抱歉你的爸媽命苦 我只想說活這麼大因為你們眷顧 山上的孩子～ 剩下的路途 是否保持平淡 沒有故事怎麼寫個real life 我的想法一切都很簡單 那就拼命的拼命的把錢站著賺 已經不再年輕 還在等待花期 口袋淺到不能更淺 這能夠將我窒息 他的人生都在被（背） 陽光照射的罪 跑得越快越不擔心但僅存下來的pay 如果有天我命改寫 到底要領多少我才不會讓他們失望 盡頭無止盡最好無上限 雙手合十祈禱上帝視角仰望天 
已經不再年輕 還在等待花期 口袋淺到不能更淺 這能夠將我窒息 他的人生都在被（背） 陽光照射的罪 跑得越快越不擔心但僅存下來的pay
如果有天我命改寫 到底要領多少我才不會讓他們失望 盡頭無止盡最好無上限 雙手合十祈禱上帝視角仰望天
I’m ready 準備好就不用加油打氣 賺同樣的錢是上進也被稱為勞碌命 他們都知道 沒有什麼不良嗜好 煙酒檳榔都有只差還好沒有吃藥
剩下的路途 是否保持平淡 沒有故事怎麼寫個real life 我的想法一切都很簡單 那就拼命的拼命的把錢站著賺
已經不再年輕 還在等待花期 口袋淺到不能更淺 這能夠將我窒息 他的人生都在被（背） 陽光照射的罪 跑得越快越不擔心但僅存下來的pay
如果有天我命改寫 到底要領多少我才不會讓他們失望 盡頭無止盡最好無上限 雙手合十祈禱上帝視角仰望天
全身上下超髒因為身處板模鋼筋水泥 做餐飲也有幹過灰產最後回到工地 你們嘴上總是說著抱歉你的爸媽命苦 我只想說活這麼大因為你們眷顧
山上的孩子～
剩下的路途 是否保持平淡 沒有故事怎麼寫個real life 我的想法一切都很簡單 那就拼命的拼命的把錢站著賺
已經不再年輕 還在等待花期 口袋淺到不能更淺 這能夠將我窒息 他的人生都在被（背） 陽光照射的罪 跑得越快越不擔心但僅存下來的pay
如果有天我命改寫 到底要領多少我才不會讓他們失望 盡頭無止盡最好無上限 雙手合十祈禱上帝視角仰望天
留言（ 0 ） 最相關留言 所有留言
留言（ 0 ）",2026-07-26,,,False,False,
