snapshot_time,chart_timeframe,chart_genre,chart_year,chart_week,rank,artist_name,song_title,likes_count,play_count,comments_count,song_url,artist_url,cover_image_url,cover_image_local_path,artist_handle,artist_identity,artist_city,artist_joined_date,artist_accredited_datetime,artist_music_count,artist_fans_count,artist_following_count,artist_facebook_url,artist_instagram_url,artist_youtube_url,related_news,big_thing_appearances,genre,album_title,album_url,collaborators,description,lyrics,release_date,song_accredited_datetime,honors,is_editor_recommended,is_song_of_the_day,critic_review_url
2026-08-22 03:33:00,realtime,all,,,1,AuZTIN,怎說？(demo),89,9558,79,https://streetvoice.com/summer_bush_wns/songs/875477/,https://streetvoice.com/summer_bush_wns/,"https://akstatic.streetvoice.com/song_covers/su/mm/summer_bush_wns/njQYwPArm5Qfh45hTjvtsb.jpeg?x-oss-process=image/resize,m_fixed,h_1,w_1,limit_0/resize,m_fixed,h_630,w_1200,limit_0/watermark,image_c29uZ19jb3ZlcnMvc3UvbW0vc3VtbWVyX2J1c2hfd25zL25qUVl3UEFybTVRZmg0NWhUanZ0c2IuanBlZz94LW9zcy1wcm9jZXNzPWltYWdlL3Jlc2l6ZSxtX2ZpeGVkLGhfMzQ0LHdfMzQ0LGxpbWl0XzA,g_nw,x_428,y_143/watermark,image_YXNzZXQvaW1hZ2VzL21ldGFpbWFnZS1zb25nLnBuZw,g_nw,x_0,y_0",images/875477.jpeg,@summer_bush_wns,音樂人,新北市,2022-05-01,,5,3264,1,,,https://www.youtube.com/user/StreetVoiceTV,第三屆「街聲年度音樂趨勢大獎」盛大登場！李竺芯：「街聲見證了我，金曲獎前面這些大家看不到的歷程！」|||https://blow.streetvoice.com/85903/?utm_source=streetvoice&utm_medium=profile-news-block; 第二屆「街聲年度音樂趨勢大獎」擴大規模舉辦！邀張震嶽、熊仔、國國、鄭宜農擔任頒獎嘉賓|||https://blow.streetvoice.com/78673/?utm_source=streetvoice&utm_medium=profile-news-block; 金曲、金音前哨站，第二屆「𝙎𝙩𝙧𝙚𝙚𝙩𝙑𝙤𝙞𝙘𝙚 𝘼𝙬𝙖𝙧𝙙𝙨 街聲年度音樂趨勢大獎」公布全名單|||https://blow.streetvoice.com/78557/?utm_source=streetvoice&utm_medium=profile-news-block,,Pop,,,,"我們重來過，你怎麼說？ 
我們重來過，你怎麼說？","我們重來過 怎怎怎 怎麼說 就當這場雨 躲躲躲 了過頭 再讓我陪你 走走走 了好久 只要你能夠 夠等我 我振作 你怎麼說 我坐在六月的北極圈盼著落日 麻痹的雙手再接不住你的心事 看著迷路的訊息有多諷刺 在受傷的同時算著傷了你幾次 現在的你會不會怪我太慢懂事 又傷了自己能不能來罵我幼稚 我接受忽視接手沒你的城市 卻再固執再無知地期待童話結局被收拾 有些話我們不該說 有些承諾讓你等了太久 若我放棄了執著 你別放棄溫柔 能不能把傷鎖在角落 如果我們重來過 怎怎怎 怎麼說 就當作一切 都都沒發生過 就算要時間過過過了好久 只要你能夠 夠等我 我振作 我們重來過 怎怎怎 怎麼說 就當這場雨 躲躲躲 了過頭 再讓我陪你 走走走 了好久 答應你能夠 夠等我 我振作 你怎麼說 
我們重來過 怎怎怎 怎麼說 就當這場雨 躲躲躲 了過頭 再讓我陪你 走走走 了好久 只要你能夠 夠等我 我振作 你怎麼說
我坐在六月的北極圈盼著落日 麻痹的雙手再接不住你的心事 看著迷路的訊息有多諷刺 在受傷的同時算著傷了你幾次 現在的你會不會怪我太慢懂事 又傷了自己能不能來罵我幼稚 我接受忽視接手沒你的城市 卻再固執再無知地期待童話結局被收拾
有些話我們不該說 有些承諾讓你等了太久 若我放棄了執著 你別放棄溫柔 能不能把傷鎖在角落
如果我們重來過 怎怎怎 怎麼說 就當作一切 都都沒發生過 就算要時間過過過了好久 只要你能夠 夠等我 我振作
我們重來過 怎怎怎 怎麼說 就當這場雨 躲躲躲 了過頭 再讓我陪你 走走走 了好久 答應你能夠 夠等我 我振作 你怎麼說
留言（ 79 ） 最相關留言 所有留言
留言（ 79 ）",2026-08-19,,編輯推薦,True,False,
2026-08-22 03:33:00,realtime,all,,,2,LÜCY,LOOP,23,301,1,https://streetvoice.com/lucymeow/songs/875677/,https://streetvoice.com/lucymeow/,"https://akstatic.streetvoice.com/song_covers/lu/cy/lucymeow/GoRwKz336vFzXVy5kYhnfG.jpeg?x-oss-process=image/resize,m_fixed,h_1,w_1,limit_0/resize,m_fixed,h_630,w_1200,limit_0/watermark,image_c29uZ19jb3ZlcnMvbHUvY3kvbHVjeW1lb3cvR29Sd0t6MzM2dkZ6WFZ5NWtZaG5mRy5qcGVnP3gtb3NzLXByb2Nlc3M9aW1hZ2UvcmVzaXplLG1fZml4ZWQsaF8zNDQsd18zNDQsbGltaXRfMA,g_nw,x_428,y_143/watermark,image_YXNzZXQvaW1hZ2VzL21ldGFpbWFnZS1zb25nLnBuZw,g_nw,x_0,y_0",images/875677.jpeg,@lucymeow,音樂人,桃園市,2020-10-01,,22,10587,,https://www.facebook.com/Lucyfairygood,https://instagram.com/_lucyliao_,https://www.youtube.com/@LUCY-kc7zz,「PARK PARK@Tokyo」把現在的台灣音樂帶到東京！鄭宜農、陳珊妮、生祥樂隊、YELLOW黃宣、LÜCY接力登上東京舞台|||https://blow.streetvoice.com/87721/?utm_source=streetvoice&utm_medium=profile-news-block; LÜCY相隔兩年回歸台北舉辦專場《露西姑媽 2025晚安巡演》透露「專場會比專輯更私密、更純粹」|||https://blow.streetvoice.com/80100/?utm_source=streetvoice&utm_medium=profile-news-block; 【吹專訪】真的喜歡你的人會一直選擇你——LÜCY與恐懼共舞的《Dance on the Shoreline》：「這才是比較像我自己的，第一張專輯。」|||https://blow.streetvoice.com/77982/?utm_source=streetvoice&utm_medium=profile-news-block,,Electronic,,,,"或許是史上第一首結合挪威文與中文的電子流行歌曲。 兩種來自世界兩端的語言，交織成同一首歌。 LÜCY 的歌聲一步步將你帶入故事深處，而 Moyka 空靈飄渺的嗓音則如同遠方傳來的訊號，在其中若隱若現。貫穿始終的節拍，從未停下腳步。 這是一首關於我們所背負的一切、所承襲的一切，以及那些不斷重複、直到我們鼓起勇氣放手才能真正終結的循環。 我們，能打破這個循環嗎？ I was born into a circle drawn long before my name. I carried all their sorrow, mistaking it for fate. But what was passed down to me does not have to pass through me. The warmth that courses through my blood, in this fleeting moment, let the plague burn within my heart, through every day and every night. ♾️ Lyricist｜LÜCY, Moyka Composer｜LÜCY, Moyka, Eirik Hella Producer｜LÜCY, Moyka, Eirik Hella Arranger｜Eirik Hella Recording Engineer｜Eirik Hella, LÜCY Mixing Engineer｜Eirik Hella Mastering Engineer｜George Tanderø Cover Design｜lalo' maya' titiyon 
或許是史上第一首結合挪威文與中文的電子流行歌曲。 兩種來自世界兩端的語言，交織成同一首歌。 LÜCY 的歌聲一步步將你帶入故事深處，而 Moyka 空靈飄渺的嗓音則如同遠方傳來的訊號，在其中若隱若現。貫穿始終的節拍，從未停下腳步。 這是一首關於我們所背負的一切、所承襲的一切，以及那些不斷重複、直到我們鼓起勇氣放手才能真正終結的循環。 我們，能打破這個循環嗎？
I was born into a circle drawn long before my name. I carried all their sorrow, mistaking it for fate.
But what was passed down to me does not have to pass through me.
The warmth that courses through my blood, in this fleeting moment, let the plague burn within my heart, through every day and every night.
♾️
Lyricist｜LÜCY, Moyka Composer｜LÜCY, Moyka, Eirik Hella Producer｜LÜCY, Moyka, Eirik Hella Arranger｜Eirik Hella Recording Engineer｜Eirik Hella, LÜCY Mixing Engineer｜Eirik Hella Mastering Engineer｜George Tanderø Cover Design｜lalo' maya' titiyon","I can feel you in the darkness I can love you let me guide you in the night you in the night You could hurt me make my heart ache Complicate it but I can show you the light In my blood 血液中 DNA 在流動著 I can still 的溫度 Feel you there 這一瞬間 In my heart 讓瘟疫 In my chest 在心中 in every single 晝與夜的 Burning flare 燃燒吧 What’s it take hva skal til break the chain fortell meg nå Cut me loose vet vi må break the loop bryte lenken We could change it endre alt Everything som er nå Bring the light få det til Make it bloom la det blomstre Will you meet me somewhere deeper Tell your secrets Try to make me understand Let me know Let me know Make me understand Let me know Take my hand we can make it through Can’t change the tides but we can break the loop In my blood 血液中 DNA 在流動著 I can still 的溫度 Feel you there 這一瞬間 In my heart 讓瘟疫 In my chest 在心中 in every single 晝與夜的 Burning flare 燃燒吧 What’s it take hva skal til break the chain fortell meg nå Cut me loose vet vi må break the loop bryte lenken We could change it endre alt Everything som er nå Bring the light få det til Make it bloom la det blomstre 
I can feel you in the darkness I can love you let me guide you in the night you in the night
You could hurt me make my heart ache Complicate it but I can show you the light
In my blood 血液中 DNA 在流動著 I can still 的溫度 Feel you there 這一瞬間 In my heart 讓瘟疫 In my chest 在心中 in every single 晝與夜的 Burning flare 燃燒吧
What’s it take hva skal til break the chain fortell meg nå Cut me loose vet vi må break the loop bryte lenken We could change it endre alt Everything som er nå Bring the light få det til Make it bloom la det blomstre
Will you meet me somewhere deeper Tell your secrets Try to make me understand
Let me know Let me know Make me understand Let me know
Take my hand we can make it through Can’t change the tides but we can break the loop
In my blood 血液中 DNA 在流動著 I can still 的溫度 Feel you there 這一瞬間 In my heart 讓瘟疫 In my chest 在心中 in every single 晝與夜的 Burning flare 燃燒吧
What’s it take hva skal til break the chain fortell meg nå Cut me loose vet vi må break the loop bryte lenken We could change it endre alt Everything som er nå Bring the light få det til Make it bloom la det blomstre
留言（ 1 ） 最相關留言 所有留言
留言（ 1 ）",2026-08-21,,編輯推薦,True,False,
2026-08-22 03:33:00,realtime,all,,,3,普通隊長,100 秒的紅燈 Endless Trip,22,930,3,https://streetvoice.com/captain2016/songs/875375/,https://streetvoice.com/captain2016/,"https://akstatic.streetvoice.com/song_covers/ca/pt/captain2016/Ygq47XKybARLaqbkyGRYUD.jpeg?x-oss-process=image/resize,m_fixed,h_1,w_1,limit_0/resize,m_fixed,h_630,w_1200,limit_0/watermark,image_c29uZ19jb3ZlcnMvY2EvcHQvY2FwdGFpbjIwMTYvWWdxNDdYS3liQVJMYXFia3lHUllVRC5qcGVnP3gtb3NzLXByb2Nlc3M9aW1hZ2UvcmVzaXplLG1fZml4ZWQsaF8zNDQsd18zNDQsbGltaXRfMA,g_nw,x_428,y_143/watermark,image_YXNzZXQvaW1hZ2VzL21ldGFpbWFnZS1zb25nLnBuZw,g_nw,x_0,y_0",images/875375.jpeg,@captain2016,音樂人,高雄市,2016-08-01,2021-10-01 15:16,19,1261,9,https://www.facebook.com/captainfsvs,https://www.instagram.com/captainpu2016/,https://www.youtube.com/@captainpu2016,普通隊長完成首次日巡，十週年專場《10》8月LIVE WAREHOUSE登場|||https://blow.streetvoice.com/88147/?utm_source=streetvoice&utm_medium=profile-news-block; 普通隊長成軍10週年計畫正式啟動！8月挑戰高流千人專場|||https://blow.streetvoice.com/87648/?utm_source=streetvoice&utm_medium=profile-news-block; 普通隊長攜手日本新生代龐克樂團HONEST展開北中南巡迴！|||https://blow.streetvoice.com/84896/?utm_source=streetvoice&utm_medium=profile-news-block,,Punk,100 秒的紅燈 ENDLESS 100 SEC,https://streetvoice.com/captain2016/songs/album/97325924/,,"詞曲 Songwriter：劉佳維 MINN 編曲 Arranger：普通隊長 Captain Ordinary & 柯光 KG 
詞曲 Songwriter：劉佳維 MINN 編曲 Arranger：普通隊長 Captain Ordinary & 柯光 KG","100 秒的紅燈讓我想起了這首歌 不切實際 、 未來的日子 不知道會不會有人 在遠方大聲唱著 平凡無奇 、 夢想的故事 忘記了初衷也忘記了過程 只想當成功的人 失去了一點也學到了一些 嘗試扮演著不一樣的角色 100 秒的紅燈讓我想起了這首歌 不切實際 、 未來的日子 不知道會不會有人 在遠方大聲唱著 平凡無奇 、 夢想的故事 100 秒的紅燈讓我想起了這首歌 不切實際 、 未來的日子 不知道會不會有人 在遠方大聲唱著 平凡無奇 、 夢想的故事 不切實際 、 未來的日子 平凡無奇 、 夢想的故事 不切實際 、 未來的日子 平凡無奇 、 夢想的故事 
100 秒的紅燈讓我想起了這首歌 不切實際 、 未來的日子 不知道會不會有人 在遠方大聲唱著 平凡無奇 、 夢想的故事
忘記了初衷也忘記了過程 只想當成功的人 失去了一點也學到了一些 嘗試扮演著不一樣的角色
100 秒的紅燈讓我想起了這首歌 不切實際 、 未來的日子 不知道會不會有人 在遠方大聲唱著 平凡無奇 、 夢想的故事
100 秒的紅燈讓我想起了這首歌 不切實際 、 未來的日子
不知道會不會有人 在遠方大聲唱著 平凡無奇 、 夢想的故事
不切實際 、 未來的日子 平凡無奇 、 夢想的故事
不切實際 、 未來的日子 平凡無奇 、 夢想的故事
留言（ 3 ） 最相關留言 所有留言
留言（ 3 ）",2026-08-19,,編輯推薦,True,False,
2026-08-22 03:33:00,realtime,all,,,4,labere,天文氣候色彩學-Demo,5,161,4,https://streetvoice.com/Chen_Wen_Yue/songs/875470/,https://streetvoice.com/Chen_Wen_Yue/,"https://akstatic.streetvoice.com/song_covers/Ch/en/Chen_Wen_Yue/hZtZ7YqpmtYaCzsicmqNtm.jpeg?x-oss-process=image/resize,m_fixed,h_1,w_1,limit_0/resize,m_fixed,h_630,w_1200,limit_0/watermark,image_c29uZ19jb3ZlcnMvQ2gvZW4vQ2hlbl9XZW5fWXVlL2hadFo3WXFwbXRZYUN6c2ljbXFOdG0uanBlZz94LW9zcy1wcm9jZXNzPWltYWdlL3Jlc2l6ZSxtX2ZpeGVkLGhfMzQ0LHdfMzQ0LGxpbWl0XzA,g_nw,x_428,y_143/watermark,image_YXNzZXQvaW1hZ2VzL21ldGFpbWFnZS1zb25nLnBuZw,g_nw,x_0,y_0",images/875470.jpeg,@Chen_Wen_Yue,音樂人,台東縣,2018-04-01,2022-04-25 21:27,15,444,45,,https://www.instagram.com/labere_chen/,https://www.youtube.com/user/StreetVoiceTV,第二屆「街聲年度音樂趨勢大獎」擴大規模舉辦！邀張震嶽、熊仔、國國、鄭宜農擔任頒獎嘉賓|||https://blow.streetvoice.com/78673/?utm_source=streetvoice&utm_medium=profile-news-block; 金曲、金音前哨站，第二屆「𝙎𝙩𝙧𝙚𝙚𝙩𝙑𝙤𝙞𝙘𝙚 𝘼𝙬𝙖𝙧𝙙𝙨 街聲年度音樂趨勢大獎」公布全名單|||https://blow.streetvoice.com/78557/?utm_source=streetvoice&utm_medium=profile-news-block,,Folk,,,,"Lyrics: Pacak Music: LABERE Arrangement: LABERE 
Lyrics: Pacak Music: LABERE Arrangement: LABERE","紅色是你 毫無保留揮灑了自己 橘色是我 溫柔包裝所有不安定 黃色是你 就像太陽照亮這行星 綠色是我 草原咀嚼著地心引力 藍色是你 熱愛海洋跟風和日麗 紫色是我 幻想跟你一起被雨淋 當我心理複雜的像氣候 軀殼空蕩的像宇宙 你卻不在乎的擁抱我 當我不喜歡自己的時候 越脆弱 越希望被拯救 越倔強 越渴望被你的溫柔包裹 
紅色是你 毫無保留揮灑了自己
橘色是我 溫柔包裝所有不安定
黃色是你 就像太陽照亮這行星
綠色是我 草原咀嚼著地心引力
藍色是你 熱愛海洋跟風和日麗
紫色是我 幻想跟你一起被雨淋
當我心理複雜的像氣候
軀殼空蕩的像宇宙
你卻不在乎的擁抱我
當我不喜歡自己的時候
越脆弱 越希望被拯救
越倔強 越渴望被你的溫柔包裹
留言（ 4 ） 最相關留言 所有留言
留言（ 4 ）",2026-08-19,,編輯推薦,True,False,
2026-08-22 03:33:00,realtime,all,,,5,Yo Chen,我的人生,24,1483,2,https://streetvoice.com/s8817012011/songs/873300/,https://streetvoice.com/s8817012011/,"https://akstatic.streetvoice.com/song_covers/s8/81/s8817012011/Vx6zQKG9Jautet7mAaYKUY.jpeg?x-oss-process=image/resize,m_fixed,h_1,w_1,limit_0/resize,m_fixed,h_630,w_1200,limit_0/watermark,image_c29uZ19jb3ZlcnMvczgvODEvczg4MTcwMTIwMTEvVng2elFLRzlKYXV0ZXQ3bUFhWUtVWS5qcGVnP3gtb3NzLXByb2Nlc3M9aW1hZ2UvcmVzaXplLG1fZml4ZWQsaF8zNDQsd18zNDQsbGltaXRfMA,g_nw,x_428,y_143/watermark,image_YXNzZXQvaW1hZ2VzL21ldGFpbWFnZS1zb25nLnBuZw,g_nw,x_0,y_0",images/873300.jpeg,@s8817012011,音樂人,台北市,2011-12-01,2021-09-27 15:35,32,339,7,https://www.facebook.com/theMetalspeaker,https://www.instagram.com/_yochen/,https://www.youtube.com/@yochen3590,香港樂團 Another Kitchen 首張專輯《Do What You Love》發表音樂會|||https://blow.streetvoice.com/8395/?utm_source=streetvoice&utm_medium=profile-news-block; 2026浪人祭公布新一波陣容：國蛋重返家鄉開唱、日本樂團OGRE YOU ASSHOLE首登安平|||https://blow.streetvoice.com/89363/?utm_source=streetvoice&utm_medium=profile-news-block; 「PARK PARK@Tokyo」把現在的台灣音樂帶到東京！鄭宜農、陳珊妮、生祥樂隊、YELLOW黃宣、LÜCY接力登上東京舞台|||https://blow.streetvoice.com/87721/?utm_source=streetvoice&utm_medium=profile-news-block,,Folk,我的人生 Master of None,https://streetvoice.com/s8817012011/songs/album/97325613/,,"帶著明亮的班鳩琴與輕快節奏， 唱出最苦澀的問題。 「為什麼我的人生，會變得按呢生？」 那不是在埋怨，而是帶著笑容的無奈。 羨慕別人，是最傻的事情；可是看著別人的歌被聽見、被人看見，心裡還是會忍不住問： 為什麼不是我？ 在吵鬧、混亂的夜晚，有多少人真正理解過，藏在心底那一點微弱的希望。 
帶著明亮的班鳩琴與輕快節奏， 唱出最苦澀的問題。
「為什麼我的人生，會變得按呢生？」
那不是在埋怨，而是帶著笑容的無奈。
羨慕別人，是最傻的事情；可是看著別人的歌被聽見、被人看見，心裡還是會忍不住問：
為什麼不是我？
在吵鬧、混亂的夜晚，有多少人真正理解過，藏在心底那一點微弱的希望。","我唔災我金罵治叨位 愈做什麼 愈衝什麼 攏無意義 欣羨別人是尚傻的代治 但我沒勇氣 準備好面對  就乎伊去 又戈是吵吵鬧鬧混亂的暗暝 有啥人肯了解我心內的希微 為什麼我的人生 會變得安內生 為什麼我的青春 攏已經不再回 阿～～～ 無法解釋 為什麼他的歌 欸凍吼人看見 為什麼我的日子 變嘎家無趣味 阿～～～ 想欲放棄 我唔災我金罵治叨位 愈做什麼 愈衝什麼 攏無意義 欣羨別人是尚傻的代治 但我沒勇氣 準備好面對  就乎伊去 又戈是吵吵鬧鬧混亂的暗暝 有啥人肯了解我心內的希微 為什麼我的人生 會變得安內生 為什麼我的青春 攏已經不再回 阿～～～ 無法解釋 為什麼他的歌 欸凍吼人看見 為什麼我的日子 變嘎家無趣味 阿～～～ 想欲放棄 又戈是吵吵鬧鬧混亂的暗暝 有啥人肯了解我心內的希微 
我唔災我金罵治叨位 愈做什麼 愈衝什麼 攏無意義 欣羨別人是尚傻的代治 但我沒勇氣 準備好面對  就乎伊去
又戈是吵吵鬧鬧混亂的暗暝 有啥人肯了解我心內的希微
為什麼我的人生 會變得安內生 為什麼我的青春 攏已經不再回 阿～～～ 無法解釋
為什麼他的歌 欸凍吼人看見 為什麼我的日子 變嘎家無趣味 阿～～～ 想欲放棄
我唔災我金罵治叨位 愈做什麼 愈衝什麼 攏無意義 欣羨別人是尚傻的代治 但我沒勇氣 準備好面對  就乎伊去
又戈是吵吵鬧鬧混亂的暗暝 有啥人肯了解我心內的希微
為什麼我的人生 會變得安內生 為什麼我的青春 攏已經不再回 阿～～～ 無法解釋
為什麼他的歌 欸凍吼人看見 為什麼我的日子 變嘎家無趣味 阿～～～ 想欲放棄
又戈是吵吵鬧鬧混亂的暗暝 有啥人肯了解我心內的希微
留言（ 2 ） 最相關留言 所有留言
留言（ 2 ）",2026-08-06,,Song of the Day; 編輯推薦,True,True,
2026-08-22 03:33:00,realtime,all,,,6,普通隊長,懶人 Great Lazy Pig,10,318,0,https://streetvoice.com/captain2016/songs/875666/,https://streetvoice.com/captain2016/,"https://akstatic.streetvoice.com/song_covers/ca/pt/captain2016/bD2n5fSdSfvDzMHK6b2oZX.jpeg?x-oss-process=image/resize,m_fixed,h_1,w_1,limit_0/resize,m_fixed,h_630,w_1200,limit_0/watermark,image_c29uZ19jb3ZlcnMvY2EvcHQvY2FwdGFpbjIwMTYvYkQybjVmU2RTZnZEek1ISzZiMm9aWC5qcGVnP3gtb3NzLXByb2Nlc3M9aW1hZ2UvcmVzaXplLG1fZml4ZWQsaF8zNDQsd18zNDQsbGltaXRfMA,g_nw,x_428,y_143/watermark,image_YXNzZXQvaW1hZ2VzL21ldGFpbWFnZS1zb25nLnBuZw,g_nw,x_0,y_0",images/875666.jpeg,@captain2016,音樂人,高雄市,2016-08-01,2021-10-01 15:16,19,1261,9,https://www.facebook.com/captainfsvs,https://www.instagram.com/captainpu2016/,https://www.youtube.com/@captainpu2016,普通隊長完成首次日巡，十週年專場《10》8月LIVE WAREHOUSE登場|||https://blow.streetvoice.com/88147/?utm_source=streetvoice&utm_medium=profile-news-block; 普通隊長成軍10週年計畫正式啟動！8月挑戰高流千人專場|||https://blow.streetvoice.com/87648/?utm_source=streetvoice&utm_medium=profile-news-block; 普通隊長攜手日本新生代龐克樂團HONEST展開北中南巡迴！|||https://blow.streetvoice.com/84896/?utm_source=streetvoice&utm_medium=profile-news-block,,Punk,100 秒的紅燈 ENDLESS 100 SEC,https://streetvoice.com/captain2016/songs/album/97325924/,,"詞曲 Songwriter：劉佳維 MINN 編曲 Arranger：普通隊長 Captain Ordinary & 柯光 KG 
詞曲 Songwriter：劉佳維 MINN 編曲 Arranger：普通隊長 Captain Ordinary & 柯光 KG","一天睡八個小時 做夢都來不及 連做愛都懶得我 有什麼資格想成功 換了個地方生活 想拯救我自己 一個什麼都沒有 只剩一張帥臉的我 也想過 每天睜開雙眼就打電動 擼貓的生活 穿梭在現實與夢想之間 不需要工作 為了能夠跟誰分享 而努力過的生活 我是懶豬 溫柔的懶豬 我愛做夢 夢裡什麼都有 看著鏡子裡面那脆弱的自己 「你可不可以再努力一點啊」 「我已經很努力了yeh」 我是草莓（我是草莓） 我愛做夢 做夢又沒犯罪 放棄當假面騎士和鹹蛋超人的我 想做一個很偉大的懶人 我是懶豬 溫柔的懶豬 我愛做夢 夢裡什麼都有 看著鏡子裡面那脆弱的自己 「你已經很棒了喔」 「我已經很努力了yeh」 我是草莓（我是草莓） 我愛做夢 做夢又沒犯罪 放棄當假面騎士和鹹蛋超人的我 想做一個很偉大的懶人 放棄當假面騎士和鹹蛋超人的我 想做普通而偉大的懶人 
一天睡八個小時 做夢都來不及 連做愛都懶得我 有什麼資格想成功 換了個地方生活 想拯救我自己 一個什麼都沒有 只剩一張帥臉的我 也想過
每天睜開雙眼就打電動 擼貓的生活 穿梭在現實與夢想之間 不需要工作 為了能夠跟誰分享 而努力過的生活
我是懶豬 溫柔的懶豬 我愛做夢 夢裡什麼都有
看著鏡子裡面那脆弱的自己 「你可不可以再努力一點啊」
「我已經很努力了yeh」 我是草莓（我是草莓） 我愛做夢 做夢又沒犯罪 放棄當假面騎士和鹹蛋超人的我 想做一個很偉大的懶人
我是懶豬 溫柔的懶豬 我愛做夢 夢裡什麼都有 看著鏡子裡面那脆弱的自己 「你已經很棒了喔」 「我已經很努力了yeh」
我是草莓（我是草莓） 我愛做夢 做夢又沒犯罪 放棄當假面騎士和鹹蛋超人的我 想做一個很偉大的懶人
放棄當假面騎士和鹹蛋超人的我 想做普通而偉大的懶人
留言（ 0 ） 最相關留言 所有留言
留言（ 0 ）",2026-08-21,,,False,False,
2026-08-22 03:33:00,realtime,all,,,7,漂流木DriftWood,Some kinds of friend,14,293,0,https://streetvoice.com/DriftWood/songs/871262/,https://streetvoice.com/DriftWood/,"https://akstatic.streetvoice.com/song_covers/Dr/if/DriftWood/bSZCMPNwg9uNoaF3FAXHDF.jpeg?x-oss-process=image/resize,m_fixed,h_1,w_1,limit_0/resize,m_fixed,h_630,w_1200,limit_0/watermark,image_c29uZ19jb3ZlcnMvRHIvaWYvRHJpZnRXb29kL2JTWkNNUE53Zzl1Tm9hRjNGQVhIREYuanBlZz94LW9zcy1wcm9jZXNzPWltYWdlL3Jlc2l6ZSxtX2ZpeGVkLGhfMzQ0LHdfMzQ0LGxpbWl0XzA,g_nw,x_428,y_143/watermark,image_YXNzZXQvaW1hZ2VzL21ldGFpbWFnZS1zb25nLnBuZw,g_nw,x_0,y_0",images/871262.jpeg,@DriftWood,音樂人,,,,8,35,,,,https://www.youtube.com/user/StreetVoiceTV,,,Rock,Loyal Misser,https://streetvoice.com/DriftWood/songs/album/97325767/,,"音樂製作 Music Credit : 製作人 producer | Jesko 作詞 Lyricist | 242 作曲 Composer | Jesko 編曲 Arranger | 漂流木DriftWood 人聲Vocal | 242 Jesko 張嘉樂 電吉他 Electric Guitar | Jesko 242 貝斯 Bass | 張嘉樂 鼓 Drums | 高宇 和聲編寫 Backing Vocal Arranger | 242 Jesko 人聲錄音室 Vocal Recording Studio | 頂樓RoofTop Studio 樂器錄音師 Instruments Recording Engineer | Jesko 樂器錄音室 Instruments Recording Studio | 頂樓RoofTop Studio 混音師 Mixing Engineer | Jesko 混音工作室 Mixing Studio | 頂樓RoofTop Studio 母帶後期工程師 Mastering Engineer | Jesko 母帶後期錄音室 Mastering Studio | 頂樓RoofTop Studio 
音樂製作 Music Credit : 製作人 producer | Jesko 作詞 Lyricist | 242 作曲 Composer | Jesko 編曲 Arranger | 漂流木DriftWood 人聲Vocal | 242 Jesko 張嘉樂 電吉他 Electric Guitar | Jesko 242 貝斯 Bass | 張嘉樂 鼓 Drums | 高宇 和聲編寫 Backing Vocal Arranger | 242 Jesko 人聲錄音室 Vocal Recording Studio | 頂樓RoofTop Studio 樂器錄音師 Instruments Recording Engineer | Jesko 樂器錄音室 Instruments Recording Studio | 頂樓RoofTop Studio 混音師 Mixing Engineer | Jesko 混音工作室 Mixing Studio | 頂樓RoofTop Studio 母帶後期工程師 Mastering Engineer | Jesko 母帶後期錄音室 Mastering Studio | 頂樓RoofTop Studio","Look at the picture of us Two little kids falling in love I put  my head on the pillow Try to figure out how You’ve become someone I used to know No more tears on your face Nobody will be calling my name Every empty bottle Tries to kill my pain But I know you are the only one who can I will keep the sorrow And wake up all alone You were the song I could never make Now we’re just some kind of friends I used to believe every word you said Now we’re just some kind of friends What a sad thing I’m not someone you want It was a fun ride But I guess it’s time to say goodbye If one day you get married Will you be thinking of me all the crazy things we did After that one last kiss And the night we’ve been Nothing can me me feel so alive Without you I won’t be fine You were the song I could never make Now we’re just some kind of friends I used to believe every word you said Now we’re just some kind of friends 
Look at the picture of us Two little kids falling in love I put  my head on the pillow Try to figure out how You’ve become someone I used to know No more tears on your face Nobody will be calling my name Every empty bottle Tries to kill my pain But I know you are the only one who can
I will keep the sorrow And wake up all alone
You were the song I could never make Now we’re just some kind of friends I used to believe every word you said Now we’re just some kind of friends
What a sad thing I’m not someone you want It was a fun ride But I guess it’s time to say goodbye If one day you get married Will you be thinking of me all the crazy things we did After that one last kiss And the night we’ve been Nothing can me me feel so alive Without you I won’t be fine
You were the song I could never make Now we’re just some kind of friends I used to believe every word you said Now we’re just some kind of friends
留言（ 0 ） 最相關留言 所有留言
留言（ 0 ）",2026-08-10,,Song of the Day; 編輯推薦,True,True,
2026-08-22 03:33:00,realtime,all,,,8,LÜCY,Looking at me,306,15291,11,https://streetvoice.com/lucymeow/songs/869888/,https://streetvoice.com/lucymeow/,"https://akstatic.streetvoice.com/song_covers/lu/cy/lucymeow/ZNGfN8PgCB3jdwf5xUL85h.jpeg?x-oss-process=image/resize,m_fixed,h_1,w_1,limit_0/resize,m_fixed,h_630,w_1200,limit_0/watermark,image_c29uZ19jb3ZlcnMvbHUvY3kvbHVjeW1lb3cvWk5HZk44UGdDQjNqZHdmNXhVTDg1aC5qcGVnP3gtb3NzLXByb2Nlc3M9aW1hZ2UvcmVzaXplLG1fZml4ZWQsaF8zNDQsd18zNDQsbGltaXRfMA,g_nw,x_428,y_143/watermark,image_YXNzZXQvaW1hZ2VzL21ldGFpbWFnZS1zb25nLnBuZw,g_nw,x_0,y_0",images/869888.jpeg,@lucymeow,音樂人,桃園市,2020-10-01,,22,10587,,https://www.facebook.com/Lucyfairygood,https://instagram.com/_lucyliao_,https://www.youtube.com/@LUCY-kc7zz,「PARK PARK@Tokyo」把現在的台灣音樂帶到東京！鄭宜農、陳珊妮、生祥樂隊、YELLOW黃宣、LÜCY接力登上東京舞台|||https://blow.streetvoice.com/87721/?utm_source=streetvoice&utm_medium=profile-news-block; LÜCY相隔兩年回歸台北舉辦專場《露西姑媽 2025晚安巡演》透露「專場會比專輯更私密、更純粹」|||https://blow.streetvoice.com/80100/?utm_source=streetvoice&utm_medium=profile-news-block; 【吹專訪】真的喜歡你的人會一直選擇你——LÜCY與恐懼共舞的《Dance on the Shoreline》：「這才是比較像我自己的，第一張專輯。」|||https://blow.streetvoice.com/77982/?utm_source=streetvoice&utm_medium=profile-news-block,,Singer / Songwriter,,,,"建立在令人起雞皮疙瘩的合成器聲響、深沉低頻與緩慢燃燒般的節奏之上，〈Looking at Me〉瀰漫著一種揮之不去的不安感。 這首歌取材自 LÜCY 過去生命中最黑暗的時期之一，穿梭於恐懼、記憶、自我認同，以及那種彷彿被注視著的詭異感受之間。 作詞 Lyricist｜LÜCY, Ben 作曲 Composer｜LÜCY, Eirik Hella 製作 Producer｜LÜCY, Eirik Hella 編曲 Arranger｜Eirik Hella 錄音工程師 Recording Engineer｜Eirik Hella, 邱建鈞 J-Jyun Ciou 混音工程師 Mixing Engineer｜Eirik Hella 母帶後期處理工程師 Mastering Engineer｜George Tanderø 
建立在令人起雞皮疙瘩的合成器聲響、深沉低頻與緩慢燃燒般的節奏之上，〈Looking at Me〉瀰漫著一種揮之不去的不安感。 這首歌取材自 LÜCY 過去生命中最黑暗的時期之一，穿梭於恐懼、記憶、自我認同，以及那種彷彿被注視著的詭異感受之間。
作詞 Lyricist｜LÜCY, Ben 作曲 Composer｜LÜCY, Eirik Hella 製作 Producer｜LÜCY, Eirik Hella 編曲 Arranger｜Eirik Hella 錄音工程師 Recording Engineer｜Eirik Hella, 邱建鈞 J-Jyun Ciou 混音工程師 Mixing Engineer｜Eirik Hella 母帶後期處理工程師 Mastering Engineer｜George Tanderø","First, tell me I am crazy Despite the love for you, can't keep on fighting I'm drowning in my dreams don't wake me up, wake me up I can't get up'cause they all looking at me I can't get up'cause they all looking at me This time you’re crazy, baby Someone without a name I can't keep on trying I'm drowning in my fears, in my tears Don't wake me up, wake me up I can't get help 'cause they all looking at me I can't get help 'cause they all looking at me I can't get help 'cause they all looking at me I can't get help 'cause they all looking at me 當全世界都看著我 翅膀它漸漸往上飛 我那顆心卻 掉啊 沉啊 讓懸崖接住我 是不是只要一跳躍下 我就會沒有重量 我又忘記吃飯了 恐懼包圍著我 我不想拿下耳機 我不想解釋 我不想笑得開心 我想要躲起來 為什麼不找工作 都閑閑沒事做 眼淚又開始失眠 Burning eyes in the night looking at me I can't get up 'cause they all looking at me I can't get up 'cause they all looking at me I can't get up 'cause they all looking at me Lucy, sing! 唱歌給我們聽 c’mon, just one song 你可以答應我27歲前先不要結婚嗎？ Lucy you will be rich you can have every bag you want trust me just don’t get pregnant haha… One single leap then I’ll be free oh nothing remains but me I cry and i pray but no one hears I’m weeping in my dream I can't get help 'cause they all looking at me I can't get help 'cause they all looking at me I can't get help 'cause they all looking at me I can’t get help so why you’re looking at me? 
First, tell me I am crazy Despite the love for you, can't keep on fighting I'm drowning in my dreams don't wake me up, wake me up I can't get up'cause they all looking at me I can't get up'cause they all looking at me
This time you’re crazy, baby Someone without a name I can't keep on trying I'm drowning in my fears, in my tears Don't wake me up, wake me up I can't get help 'cause they all looking at me I can't get help 'cause they all looking at me I can't get help 'cause they all looking at me I can't get help 'cause they all looking at me
當全世界都看著我 翅膀它漸漸往上飛 我那顆心卻 掉啊 沉啊 讓懸崖接住我
是不是只要一跳躍下 我就會沒有重量 我又忘記吃飯了 恐懼包圍著我
我不想拿下耳機 我不想解釋 我不想笑得開心 我想要躲起來
為什麼不找工作 都閑閑沒事做 眼淚又開始失眠 Burning eyes in the night looking at me I can't get up 'cause they all looking at me I can't get up 'cause they all looking at me I can't get up 'cause they all looking at me
Lucy, sing! 唱歌給我們聽 c’mon, just one song 你可以答應我27歲前先不要結婚嗎？ Lucy you will be rich you can have every bag you want trust me just don’t get pregnant haha…
One single leap then I’ll be free oh nothing remains but me I cry and i pray but no one hears I’m weeping in my dream
I can't get help 'cause they all looking at me I can't get help 'cause they all looking at me I can't get help 'cause they all looking at me I can’t get help so why you’re looking at me?
留言（ 11 ） 最相關留言 所有留言
留言（ 11 ）",2026-07-24,,Song of the Day; 週排行冠軍; 達人推薦; 編輯推薦,True,True,https://streetvoice.com/lucymeow/songs/869888/critic_reviews/
2026-08-22 03:33:00,realtime,all,,,9,禪波ZENBØ,DESTINED,17,591,0,https://streetvoice.com/zenbothasizip/songs/875148/,https://streetvoice.com/zenbothasizip/,"https://akstatic.streetvoice.com/song_covers/ze/nb/zenbothasizip/6R7bpMWvXkW5u7opWQ4ctq.jpeg?x-oss-process=image/resize,m_fixed,h_1,w_1,limit_0/resize,m_fixed,h_630,w_1200,limit_0/watermark,image_c29uZ19jb3ZlcnMvemUvbmIvemVuYm90aGFzaXppcC82UjdicE1XdlhrVzV1N29wV1E0Y3RxLmpwZWc_eC1vc3MtcHJvY2Vzcz1pbWFnZS9yZXNpemUsbV9maXhlZCxoXzM0NCx3XzM0NCxsaW1pdF8w,g_nw,x_428,y_143/watermark,image_YXNzZXQvaW1hZ2VzL21ldGFpbWFnZS1zb25nLnBuZw,g_nw,x_0,y_0",images/875148.jpeg,@zenbothasizip,音樂人,,,2021-06-15 13:58,28,1333,21,https://www.facebook.com/zenbothasizip,https://www.instagram.com/zenbo.wav/,https://www.youtube.com/@zenbothasizip/featured,禪波ZENBØ釋出新EP《燒錢》 新歌〈SITUATION FREESTYLE〉受宋岳庭啟發|||https://blow.streetvoice.com/81902/?utm_source=streetvoice&utm_medium=profile-news-block; 睽違7年再推新作 禪波ZENBØ新專輯《咖啡氤》將音樂賦予香味|||https://blow.streetvoice.com/74138/?utm_source=streetvoice&utm_medium=profile-news-block; 國蛋GorDoN力挺！禪波ZENBØ全新專輯《咖啡氤》預購開跑|||https://blow.streetvoice.com/73540/?utm_source=streetvoice&utm_medium=profile-news-block,,Pop,,,,"詞 Lyrics：禪波ZENBØ 曲 Composer：禪波ZENBØ 製作人 Producer：YONG & 禪波ZENBØ 編曲 Arrangements：YONG 錄音工程師 Recording Engineer：Lulu吳昱儒 錄音工作室 Recording Studio：Lu音室 混音師 Mixing Engineer：Lulu吳昱儒 混音工作室 Mixing Studio：Lu音室 女聲 Female Vocals：Neci 和聲 Backing Vocals：Neci 母帶後期處理工程師 Mastering Engineer：Lulu吳昱儒 母帶後期工作室 Mastering Studio：Lu音室 
詞 Lyrics：禪波ZENBØ 曲 Composer：禪波ZENBØ 製作人 Producer：YONG & 禪波ZENBØ 編曲 Arrangements：YONG 錄音工程師 Recording Engineer：Lulu吳昱儒 錄音工作室 Recording Studio：Lu音室 混音師 Mixing Engineer：Lulu吳昱儒 混音工作室 Mixing Studio：Lu音室 女聲 Female Vocals：Neci 和聲 Backing Vocals：Neci 母帶後期處理工程師 Mastering Engineer：Lulu吳昱儒 母帶後期工作室 Mastering Studio：Lu音室","把我的心 丟在這裡 什麼諾言 都不用聽 看著這 天空的距離 有多少 錯過與相遇 心不自主 想要逃離 給我有時光機的抽屜 回到過去 重新整理 然後能再次見到你 [pre-chord] 命運中的我和你 能擁有什麼 無法代替 心繫著你 留住紅線 互相吸引 [chord] 留住你用誓言來證明 抱緊你用體溫來延續 我不能自己 這樣看清你的身體 要永遠和你在一起 讓時間刺青在掌心 另一個自己 想成為你的伴侶 [verse2] 看著你 清澈的眼睛 彷彿 讓時間都暫停 重疊的 身影 從二合一 就這樣走進我生命 當窗外正在下著雨 重複唱了這個旋律 聽一首 你最愛的R&B 就這樣 穿透我的心 命運中的我和你 能擁有什麼 無法代替 心繫著你 留住紅線 互相吸引 留住你用誓言來證明 抱緊你用體溫來延續 我不能自己 這樣看清你的身體 要永遠和你在一起 讓時間刺青在掌心 另一個自己 想成為你的伴侶 我不想離開 也許 命中註定 在你 身邊 巧合 是故意 我不想 離開 這是命中註定 在你 身邊 有我在這 陪你 
把我的心 丟在這裡 什麼諾言 都不用聽 看著這 天空的距離 有多少 錯過與相遇 心不自主 想要逃離 給我有時光機的抽屜 回到過去 重新整理 然後能再次見到你
[pre-chord] 命運中的我和你 能擁有什麼 無法代替 心繫著你 留住紅線 互相吸引
[chord] 留住你用誓言來證明 抱緊你用體溫來延續 我不能自己 這樣看清你的身體 要永遠和你在一起 讓時間刺青在掌心 另一個自己 想成為你的伴侶
[verse2] 看著你 清澈的眼睛 彷彿 讓時間都暫停 重疊的 身影 從二合一 就這樣走進我生命 當窗外正在下著雨 重複唱了這個旋律 聽一首 你最愛的R&B 就這樣 穿透我的心
命運中的我和你 能擁有什麼 無法代替 心繫著你 留住紅線 互相吸引
留住你用誓言來證明 抱緊你用體溫來延續 我不能自己 這樣看清你的身體 要永遠和你在一起 讓時間刺青在掌心 另一個自己 想成為你的伴侶
我不想離開 也許 命中註定 在你 身邊 巧合 是故意 我不想 離開 這是命中註定 在你 身邊 有我在這 陪你
留言（ 0 ） 最相關留言 所有留言
留言（ 0 ）",2026-08-18,,編輯推薦,True,False,
2026-08-22 03:33:00,realtime,all,,,10,普通隊長,Change,8,293,0,https://streetvoice.com/captain2016/songs/875663/,https://streetvoice.com/captain2016/,"https://akstatic.streetvoice.com/song_covers/ca/pt/captain2016/bD2n5fSdSfvDzMHK6b2oZX.jpeg?x-oss-process=image/resize,m_fixed,h_1,w_1,limit_0/resize,m_fixed,h_630,w_1200,limit_0/watermark,image_c29uZ19jb3ZlcnMvY2EvcHQvY2FwdGFpbjIwMTYvYkQybjVmU2RTZnZEek1ISzZiMm9aWC5qcGVnP3gtb3NzLXByb2Nlc3M9aW1hZ2UvcmVzaXplLG1fZml4ZWQsaF8zNDQsd18zNDQsbGltaXRfMA,g_nw,x_428,y_143/watermark,image_YXNzZXQvaW1hZ2VzL21ldGFpbWFnZS1zb25nLnBuZw,g_nw,x_0,y_0",images/875663.jpeg,@captain2016,音樂人,高雄市,2016-08-01,2021-10-01 15:16,19,1261,9,https://www.facebook.com/captainfsvs,https://www.instagram.com/captainpu2016/,https://www.youtube.com/@captainpu2016,普通隊長完成首次日巡，十週年專場《10》8月LIVE WAREHOUSE登場|||https://blow.streetvoice.com/88147/?utm_source=streetvoice&utm_medium=profile-news-block; 普通隊長成軍10週年計畫正式啟動！8月挑戰高流千人專場|||https://blow.streetvoice.com/87648/?utm_source=streetvoice&utm_medium=profile-news-block; 普通隊長攜手日本新生代龐克樂團HONEST展開北中南巡迴！|||https://blow.streetvoice.com/84896/?utm_source=streetvoice&utm_medium=profile-news-block,,Punk,100 秒的紅燈 ENDLESS 100 SEC,https://streetvoice.com/captain2016/songs/album/97325924/,,"詞曲 Songwriter：劉佳維 MINN 編曲 Arranger：普通隊長 Captain Ordinary & 柯光 KG 
詞曲 Songwriter：劉佳維 MINN 編曲 Arranger：普通隊長 Captain Ordinary & 柯光 KG","我坐在長椅上 看著人們來人們往 路上風景 他們的臉龐 我不會遺忘 這世界的規律 早已經不放在心上 對嚮往的事太過倔強 會讓人失望 拍下身上的煙灰 整理雜亂的頭髮 大口呼吸 保持平常心 不害怕受傷 不害怕長大 I know something‘s changed. But would be okay. 不在身邊 不代表不會再見 喔有一天 想念的人 See you again. Something‘s changed. But would be okay. 長大是一種體驗 希望見到你的 那天 還會 是熟悉的一切 擦下臉上的淚水 沒有太多的想法 大口呼吸 已經不再失望 不再悲傷 不害怕長大 I know something‘s changed. But would be okay. 不在身邊 不代表不會再見 喔有一天 想念的人 See you again. Something‘s changed. But would be okay. 長大是一種體驗 希望見到你的 那天 還會 是熟悉的一切 
我坐在長椅上 看著人們來人們往 路上風景 他們的臉龐 我不會遺忘
這世界的規律 早已經不放在心上 對嚮往的事太過倔強 會讓人失望
拍下身上的煙灰 整理雜亂的頭髮 大口呼吸 保持平常心 不害怕受傷 不害怕長大
I know something‘s changed. But would be okay. 不在身邊 不代表不會再見 喔有一天 想念的人 See you again.
Something‘s changed. But would be okay. 長大是一種體驗 希望見到你的 那天 還會 是熟悉的一切
擦下臉上的淚水 沒有太多的想法 大口呼吸 已經不再失望 不再悲傷 不害怕長大
I know something‘s changed. But would be okay. 不在身邊 不代表不會再見 喔有一天 想念的人 See you again.
Something‘s changed. But would be okay. 長大是一種體驗 希望見到你的 那天 還會 是熟悉的一切
留言（ 0 ） 最相關留言 所有留言
留言（ 0 ）",2026-08-21,,,False,False,
2026-08-22 03:33:00,realtime,all,,,11,普通隊長,SHUFFLE,7,211,0,https://streetvoice.com/captain2016/songs/875665/,https://streetvoice.com/captain2016/,"https://akstatic.streetvoice.com/song_covers/ca/pt/captain2016/bD2n5fSdSfvDzMHK6b2oZX.jpeg?x-oss-process=image/resize,m_fixed,h_1,w_1,limit_0/resize,m_fixed,h_630,w_1200,limit_0/watermark,image_c29uZ19jb3ZlcnMvY2EvcHQvY2FwdGFpbjIwMTYvYkQybjVmU2RTZnZEek1ISzZiMm9aWC5qcGVnP3gtb3NzLXByb2Nlc3M9aW1hZ2UvcmVzaXplLG1fZml4ZWQsaF8zNDQsd18zNDQsbGltaXRfMA,g_nw,x_428,y_143/watermark,image_YXNzZXQvaW1hZ2VzL21ldGFpbWFnZS1zb25nLnBuZw,g_nw,x_0,y_0",images/875665.jpeg,@captain2016,音樂人,高雄市,2016-08-01,2021-10-01 15:16,19,1261,9,https://www.facebook.com/captainfsvs,https://www.instagram.com/captainpu2016/,https://www.youtube.com/@captainpu2016,普通隊長完成首次日巡，十週年專場《10》8月LIVE WAREHOUSE登場|||https://blow.streetvoice.com/88147/?utm_source=streetvoice&utm_medium=profile-news-block; 普通隊長成軍10週年計畫正式啟動！8月挑戰高流千人專場|||https://blow.streetvoice.com/87648/?utm_source=streetvoice&utm_medium=profile-news-block; 普通隊長攜手日本新生代龐克樂團HONEST展開北中南巡迴！|||https://blow.streetvoice.com/84896/?utm_source=streetvoice&utm_medium=profile-news-block,,Punk,100 秒的紅燈 ENDLESS 100 SEC,https://streetvoice.com/captain2016/songs/album/97325924/,,"詞曲 Songwriter：劉佳維 MINN 編曲 Arranger：普通隊長 Captain Ordinary & 柯光 KG 
詞曲 Songwriter：劉佳維 MINN 編曲 Arranger：普通隊長 Captain Ordinary & 柯光 KG","每天重複一成不變的糜爛生活 夢想什麼的早就都沒想過 一天又一天地過 好像從來沒醒過 明天又要開始一樣的生活 每天重複一成不變的糜爛生活 夢想什麼的早就都沒想過 一天又一天地過 好像從來沒醒過 明天又要開始一樣的生活 曾經希望會有夢想成真的一天 曾經希望變成人人稱羨的完美 到最後才發現原來是自己想太多 人生就該認真地好好過 曾經希望會有夢想成真的一天 曾經希望變成人人稱羨的完美 到最後才發現原來是自己想太多 人生就該認真地好好過 每天重複一成不變的糜爛生活 夢想什麼的早就都沒想過 一天又一天地過 過完這樣的一天 明天又要開始一樣的生活 眼睛睜開了以後 就該努力向前走 就算自己其實什麼都沒有 追逐未來的生活 別忘記背後有我 從今以後記得不要再回頭 
每天重複一成不變的糜爛生活 夢想什麼的早就都沒想過 一天又一天地過 好像從來沒醒過 明天又要開始一樣的生活
每天重複一成不變的糜爛生活 夢想什麼的早就都沒想過 一天又一天地過 好像從來沒醒過 明天又要開始一樣的生活
曾經希望會有夢想成真的一天 曾經希望變成人人稱羨的完美 到最後才發現原來是自己想太多 人生就該認真地好好過
曾經希望會有夢想成真的一天 曾經希望變成人人稱羨的完美 到最後才發現原來是自己想太多 人生就該認真地好好過
每天重複一成不變的糜爛生活 夢想什麼的早就都沒想過 一天又一天地過 過完這樣的一天 明天又要開始一樣的生活
眼睛睜開了以後 就該努力向前走 就算自己其實什麼都沒有 追逐未來的生活 別忘記背後有我 從今以後記得不要再回頭
留言（ 0 ） 最相關留言 所有留言
留言（ 0 ）",2026-08-21,,,False,False,
2026-08-22 03:33:00,realtime,all,,,12,普通隊長,I Only Want to Be With You feat. Misaki (SpecialThanks),6,234,0,https://streetvoice.com/captain2016/songs/875661/,https://streetvoice.com/captain2016/,"https://akstatic.streetvoice.com/song_covers/ca/pt/captain2016/gFPsXrELgSg8QN2egwaqTL.jpeg?x-oss-process=image/resize,m_fixed,h_1,w_1,limit_0/resize,m_fixed,h_630,w_1200,limit_0/watermark,image_c29uZ19jb3ZlcnMvY2EvcHQvY2FwdGFpbjIwMTYvZ0ZQc1hyRUxnU2c4UU4yZWd3YXFUTC5qcGVnP3gtb3NzLXByb2Nlc3M9aW1hZ2UvcmVzaXplLG1fZml4ZWQsaF8zNDQsd18zNDQsbGltaXRfMA,g_nw,x_428,y_143/watermark,image_YXNzZXQvaW1hZ2VzL21ldGFpbWFnZS1zb25nLnBuZw,g_nw,x_0,y_0",images/875661.jpeg,@captain2016,音樂人,高雄市,2016-08-01,2021-10-01 15:16,19,1261,9,https://www.facebook.com/captainfsvs,https://www.instagram.com/captainpu2016/,https://www.youtube.com/@captainpu2016,普通隊長完成首次日巡，十週年專場《10》8月LIVE WAREHOUSE登場|||https://blow.streetvoice.com/88147/?utm_source=streetvoice&utm_medium=profile-news-block; 普通隊長成軍10週年計畫正式啟動！8月挑戰高流千人專場|||https://blow.streetvoice.com/87648/?utm_source=streetvoice&utm_medium=profile-news-block; 普通隊長攜手日本新生代龐克樂團HONEST展開北中南巡迴！|||https://blow.streetvoice.com/84896/?utm_source=streetvoice&utm_medium=profile-news-block,,Punk,100 秒的紅燈 ENDLESS 100 SEC,https://streetvoice.com/captain2016/songs/album/97325924/,,"詞曲 Songwriter：MIKE HAWKER, IVOR RAYMONDE 編曲 Arranger：普通隊長 Captain Ordinary & 柯光 KG 
詞曲 Songwriter：MIKE HAWKER, IVOR RAYMONDE 編曲 Arranger：普通隊長 Captain Ordinary & 柯光 KG","I don't know what it is that makes me love you so I only know I never want to let you go 'Cause you've started something, oh, can't you see? That ever since we met you've had a hold on me It happens to be true I only want to be with you It doesn't matter where you go or what you do I want to spend each moment of the day with you Look what has happened with just one kiss I never knew that I could be in love like this It's crazy but it's true I only want to be with you You stopped and smiled at me And asked if I'd care to dance（一緒に踊りませんか？） I fell into your open arms And I didn't stand a chance Now listen honey I just want to be beside you everywhere As long as we're together, honey, I don't care 'Cause you've started something, oh, can't you see? That ever since we met you've had a hold on me It's crazy but it's true I only want to be with you You stopped and smiled at me And asked if I'd care to dance I fell into your open arms I didn't stand a chance You stopped and smiled at me And asked if I'd care to dance I fell into your open arms I didn't stand a chance Now listen honey I just want to be beside you everywhere As long as we're together, honey, I don't care 'Cause you've started something, oh, can't you see? That ever since we met you've had a hold on me No matter what you do I only want to be with you No matter, no matter what you do I only want to be I only want to be I only want to be with you 
I don't know what it is that makes me love you so I only know I never want to let you go 'Cause you've started something, oh, can't you see? That ever since we met you've had a hold on me
It happens to be true I only want to be with you
It doesn't matter where you go or what you do I want to spend each moment of the day with you Look what has happened with just one kiss I never knew that I could be in love like this
It's crazy but it's true I only want to be with you
You stopped and smiled at me And asked if I'd care to dance（一緒に踊りませんか？） I fell into your open arms And I didn't stand a chance
Now listen honey I just want to be beside you everywhere As long as we're together, honey, I don't care 'Cause you've started something, oh, can't you see? That ever since we met you've had a hold on me
It's crazy but it's true I only want to be with you
You stopped and smiled at me And asked if I'd care to dance I fell into your open arms I didn't stand a chance
You stopped and smiled at me And asked if I'd care to dance I fell into your open arms I didn't stand a chance
Now listen honey I just want to be beside you everywhere As long as we're together, honey, I don't care 'Cause you've started something, oh, can't you see? That ever since we met you've had a hold on me No matter what you do I only want to be with you
No matter, no matter what you do I only want to be I only want to be I only want to be with you
留言（ 0 ） 最相關留言 所有留言
留言（ 0 ）",2026-08-21,,,False,False,
2026-08-22 03:33:00,realtime,all,,,13,普通隊長,ANGER,6,228,0,https://streetvoice.com/captain2016/songs/875662/,https://streetvoice.com/captain2016/,"https://akstatic.streetvoice.com/song_covers/ca/pt/captain2016/bD2n5fSdSfvDzMHK6b2oZX.jpeg?x-oss-process=image/resize,m_fixed,h_1,w_1,limit_0/resize,m_fixed,h_630,w_1200,limit_0/watermark,image_c29uZ19jb3ZlcnMvY2EvcHQvY2FwdGFpbjIwMTYvYkQybjVmU2RTZnZEek1ISzZiMm9aWC5qcGVnP3gtb3NzLXByb2Nlc3M9aW1hZ2UvcmVzaXplLG1fZml4ZWQsaF8zNDQsd18zNDQsbGltaXRfMA,g_nw,x_428,y_143/watermark,image_YXNzZXQvaW1hZ2VzL21ldGFpbWFnZS1zb25nLnBuZw,g_nw,x_0,y_0",images/875662.jpeg,@captain2016,音樂人,高雄市,2016-08-01,2021-10-01 15:16,19,1261,9,https://www.facebook.com/captainfsvs,https://www.instagram.com/captainpu2016/,https://www.youtube.com/@captainpu2016,普通隊長完成首次日巡，十週年專場《10》8月LIVE WAREHOUSE登場|||https://blow.streetvoice.com/88147/?utm_source=streetvoice&utm_medium=profile-news-block; 普通隊長成軍10週年計畫正式啟動！8月挑戰高流千人專場|||https://blow.streetvoice.com/87648/?utm_source=streetvoice&utm_medium=profile-news-block; 普通隊長攜手日本新生代龐克樂團HONEST展開北中南巡迴！|||https://blow.streetvoice.com/84896/?utm_source=streetvoice&utm_medium=profile-news-block,,Punk,100 秒的紅燈 ENDLESS 100 SEC,https://streetvoice.com/captain2016/songs/album/97325924/,,"詞曲 Songwriter：劉佳維 MINN 編曲 Arranger：普通隊長 Captain Ordinary & 柯光 KG 
詞曲 Songwriter：劉佳維 MINN 編曲 Arranger：普通隊長 Captain Ordinary & 柯光 KG","唱著龐克樂 大力刷著吉他弦的我 總是在後悔 想再更厲害一些 無聊的世界 比來比去還不就那些 憤怒的青年 比以前更冷靜一些 啊！Fuck you！ 少假了 我知道你們沒有那麼純粹 啊！Fuck you！ 真的已經受夠 想再特別一些 或許能多賺點 至少能給家裡一個交代... 啊！Fuck you！ 喔喔喔 再憤怒的歌也要 開心的唱 把悲傷的事情全部都遺忘 就算全身是傷也好 被世界拋棄了也好 大聲唱歌 是生活的解藥 再憤怒的歌也要 開心的唱 把悲傷的事情全部都遺忘 過去再見 面對明天 大聲唱歌 是生活的解藥 我是一個帥哥 我是 再憤怒的歌也要 開心的唱 把悲傷的事情全部都遺忘 就算全身是傷也好 被世界拋棄了也好 大聲唱歌 是生活的解藥 再憤怒的歌也要 開心的唱 把悲傷的事情全部都遺忘 過去再見 面對明天 大聲唱歌 是生活的解藥 過去再見 面對明天 大聲唱歌 是生活的解藥 過去再見 面對明天 大聲唱歌 是生活的解藥 
唱著龐克樂 大力刷著吉他弦的我 總是在後悔 想再更厲害一些
無聊的世界 比來比去還不就那些 憤怒的青年 比以前更冷靜一些
啊！Fuck you！ 少假了 我知道你們沒有那麼純粹 啊！Fuck you！ 真的已經受夠
想再特別一些 或許能多賺點 至少能給家裡一個交代... 啊！Fuck you！ 喔喔喔
再憤怒的歌也要 開心的唱 把悲傷的事情全部都遺忘
就算全身是傷也好 被世界拋棄了也好 大聲唱歌 是生活的解藥
再憤怒的歌也要 開心的唱 把悲傷的事情全部都遺忘
過去再見 面對明天 大聲唱歌 是生活的解藥
我是一個帥哥 我是
再憤怒的歌也要 開心的唱 把悲傷的事情全部都遺忘
就算全身是傷也好 被世界拋棄了也好 大聲唱歌 是生活的解藥
再憤怒的歌也要 開心的唱 把悲傷的事情全部都遺忘
過去再見 面對明天 大聲唱歌 是生活的解藥
過去再見 面對明天 大聲唱歌 是生活的解藥
過去再見 面對明天 大聲唱歌 是生活的解藥
留言（ 0 ） 最相關留言 所有留言
留言（ 0 ）",2026-08-21,,,False,False,
2026-08-22 03:33:00,realtime,all,,,14,普通隊長,DAMNKIDZ,5,220,1,https://streetvoice.com/captain2016/songs/875667/,https://streetvoice.com/captain2016/,"https://akstatic.streetvoice.com/song_covers/ca/pt/captain2016/bD2n5fSdSfvDzMHK6b2oZX.jpeg?x-oss-process=image/resize,m_fixed,h_1,w_1,limit_0/resize,m_fixed,h_630,w_1200,limit_0/watermark,image_c29uZ19jb3ZlcnMvY2EvcHQvY2FwdGFpbjIwMTYvYkQybjVmU2RTZnZEek1ISzZiMm9aWC5qcGVnP3gtb3NzLXByb2Nlc3M9aW1hZ2UvcmVzaXplLG1fZml4ZWQsaF8zNDQsd18zNDQsbGltaXRfMA,g_nw,x_428,y_143/watermark,image_YXNzZXQvaW1hZ2VzL21ldGFpbWFnZS1zb25nLnBuZw,g_nw,x_0,y_0",images/875667.jpeg,@captain2016,音樂人,高雄市,2016-08-01,2021-10-01 15:16,19,1261,9,https://www.facebook.com/captainfsvs,https://www.instagram.com/captainpu2016/,https://www.youtube.com/@captainpu2016,普通隊長完成首次日巡，十週年專場《10》8月LIVE WAREHOUSE登場|||https://blow.streetvoice.com/88147/?utm_source=streetvoice&utm_medium=profile-news-block; 普通隊長成軍10週年計畫正式啟動！8月挑戰高流千人專場|||https://blow.streetvoice.com/87648/?utm_source=streetvoice&utm_medium=profile-news-block; 普通隊長攜手日本新生代龐克樂團HONEST展開北中南巡迴！|||https://blow.streetvoice.com/84896/?utm_source=streetvoice&utm_medium=profile-news-block,,Punk,100 秒的紅燈 ENDLESS 100 SEC,https://streetvoice.com/captain2016/songs/album/97325924/,,"詞曲 Songwriter：劉佳維 MINN 編曲 Arranger：普通隊長 Captain Ordinary & 柯光 KG 
詞曲 Songwriter：劉佳維 MINN 編曲 Arranger：普通隊長 Captain Ordinary & 柯光 KG","If I say go. Just go and don’t let me hear no. They don’t. I’m okay. That’s alright. We just don’t want to go with the flow. Alright, I live like I’m a kid. Go fight and don’t care what they did. You guys are good but not my business. I ain’t no time for this. Hands up! Let’s have some beers and hands up! That’s all we need oh Hands up! It’s kinda like a dread so don’t go to sleep tonight. Hands up! Grab some pizza and hands up! We won’t die so easily. Let’s go fucking crazy tonight! TONIGHT! TONIGHT! If I say go. Just go and don’t let me hear no. They don’t. I’m okay. That’s alright. We damnkids, don’t give them a fuck. We just don’t want to go with the flow. If I say go. Just go and don’t let me hear no. They don’t. I’m okay. That’s alright. We damnkids, don’t give them a fuck. We just don’t want to If I say go. Just go and don’t let me hear no. They don’t. I’m okay. That’s alright. We damnkids, don’t give them a fuck. We just don’t want to go with the flow. If I say go. Just go and don’t let me hear no. They don’t. I’m okay. That’s alright. We damnkids, don’t give them a fuck. We just don’t want to go with the flow. 
If I say go. Just go and don’t let me hear no. They don’t. I’m okay. That’s alright. We just don’t want to go with the flow.
Alright, I live like I’m a kid. Go fight and don’t care what they did. You guys are good but not my business. I ain’t no time for this.
Hands up! Let’s have some beers and hands up! That’s all we need oh Hands up! It’s kinda like a dread so don’t go to sleep tonight.
Hands up! Grab some pizza and hands up! We won’t die so easily. Let’s go fucking crazy tonight! TONIGHT! TONIGHT!
If I say go. Just go and don’t let me hear no. They don’t. I’m okay. That’s alright.
We damnkids, don’t give them a fuck. We just don’t want to go with the flow.
If I say go. Just go and don’t let me hear no. They don’t. I’m okay. That’s alright.
We damnkids, don’t give them a fuck. We just don’t want to
If I say go. Just go and don’t let me hear no. They don’t. I’m okay. That’s alright.
We damnkids, don’t give them a fuck. We just don’t want to go with the flow.
If I say go. Just go and don’t let me hear no. They don’t. I’m okay. That’s alright.
We damnkids, don’t give them a fuck. We just don’t want to go with the flow.
留言（ 1 ） 最相關留言 所有留言
留言（ 1 ）",2026-08-21,,,False,False,
2026-08-22 03:33:00,realtime,all,,,15,普通隊長,regret,8,168,0,https://streetvoice.com/captain2016/songs/875670/,https://streetvoice.com/captain2016/,"https://akstatic.streetvoice.com/song_covers/ca/pt/captain2016/bD2n5fSdSfvDzMHK6b2oZX.jpeg?x-oss-process=image/resize,m_fixed,h_1,w_1,limit_0/resize,m_fixed,h_630,w_1200,limit_0/watermark,image_c29uZ19jb3ZlcnMvY2EvcHQvY2FwdGFpbjIwMTYvYkQybjVmU2RTZnZEek1ISzZiMm9aWC5qcGVnP3gtb3NzLXByb2Nlc3M9aW1hZ2UvcmVzaXplLG1fZml4ZWQsaF8zNDQsd18zNDQsbGltaXRfMA,g_nw,x_428,y_143/watermark,image_YXNzZXQvaW1hZ2VzL21ldGFpbWFnZS1zb25nLnBuZw,g_nw,x_0,y_0",images/875670.jpeg,@captain2016,音樂人,高雄市,2016-08-01,2021-10-01 15:16,19,1261,9,https://www.facebook.com/captainfsvs,https://www.instagram.com/captainpu2016/,https://www.youtube.com/@captainpu2016,普通隊長完成首次日巡，十週年專場《10》8月LIVE WAREHOUSE登場|||https://blow.streetvoice.com/88147/?utm_source=streetvoice&utm_medium=profile-news-block; 普通隊長成軍10週年計畫正式啟動！8月挑戰高流千人專場|||https://blow.streetvoice.com/87648/?utm_source=streetvoice&utm_medium=profile-news-block; 普通隊長攜手日本新生代龐克樂團HONEST展開北中南巡迴！|||https://blow.streetvoice.com/84896/?utm_source=streetvoice&utm_medium=profile-news-block,,Punk,100 秒的紅燈 ENDLESS 100 SEC,https://streetvoice.com/captain2016/songs/album/97325924/,,"詞曲 Songwriter：劉佳維 MINN 編曲 Arranger：普通隊長 Captain Ordinary & 柯光 KG 
詞曲 Songwriter：劉佳維 MINN 編曲 Arranger：普通隊長 Captain Ordinary & 柯光 KG","啊 你已經滿足了嗎？ 這些無聊透頂的話題 不斷持續然後再逃避 啊 還能重新來過嗎？ 現實的生活不像遊戲 沒說的話就會來不及 人生就像是永遠調不準的音調了再走調 要後悔的事情太多 寧願失敗再重新來過 再見不一定能再次見面 一路上太多的煩惱 這些歌能改變什麼？ 想做就做 想說就說 有些時候早已經知道會後悔 但願自己能夠再堅強一些 假裝聽不到看不見 其實早已經知道不會改變 要後悔的事情太多 寧願失敗再重新來過 再見不一定能再次見面 一路上太多的煩惱 這些歌能改變什麼？ 想做就做 想說就說 有些時候早已經知道會後悔 但願自己能夠再堅強一些 假裝聽不到看不見 其實早已經知道不會改變 其實早已經知道不會改變 
啊 你已經滿足了嗎？ 這些無聊透頂的話題 不斷持續然後再逃避
啊 還能重新來過嗎？ 現實的生活不像遊戲 沒說的話就會來不及
人生就像是永遠調不準的音調了再走調 要後悔的事情太多 寧願失敗再重新來過
再見不一定能再次見面 一路上太多的煩惱 這些歌能改變什麼？ 想做就做 想說就說
有些時候早已經知道會後悔 但願自己能夠再堅強一些 假裝聽不到看不見 其實早已經知道不會改變
要後悔的事情太多 寧願失敗再重新來過
再見不一定能再次見面 一路上太多的煩惱 這些歌能改變什麼？ 想做就做 想說就說
有些時候早已經知道會後悔 但願自己能夠再堅強一些 假裝聽不到看不見 其實早已經知道不會改變
其實早已經知道不會改變
留言（ 0 ） 最相關留言 所有留言
留言（ 0 ）",2026-08-21,,,False,False,
2026-08-22 03:33:00,realtime,all,,,16,MORE BE US,退潮,110,9347,12,https://streetvoice.com/morebeus_official/songs/874196/,https://streetvoice.com/morebeus_official/,"https://akstatic.streetvoice.com/song_covers/mo/re/morebeus_official/4Cc95H92v5bbYN2uCsnkju.jpeg?x-oss-process=image/resize,m_fixed,h_1,w_1,limit_0/resize,m_fixed,h_630,w_1200,limit_0/watermark,image_c29uZ19jb3ZlcnMvbW8vcmUvbW9yZWJldXNfb2ZmaWNpYWwvNENjOTVIOTJ2NWJiWU4ydUNzbmtqdS5qcGVnP3gtb3NzLXByb2Nlc3M9aW1hZ2UvcmVzaXplLG1fZml4ZWQsaF8zNDQsd18zNDQsbGltaXRfMA,g_nw,x_428,y_143/watermark,image_YXNzZXQvaW1hZ2VzL21ldGFpbWFnZS1zb25nLnBuZw,g_nw,x_0,y_0",images/874196.jpeg,@morebeus_official,音樂人,台灣,2025-12-01,2026-02-12 09:57,6,660,3,,https://www.instagram.com/morebeus_official/,https://www.youtube.com/@morebeus_official,「秋OUT音樂節」海外陣容驚喜加碼！日本樂團礼賛、東京製作鬼才VIDEOTAPEMUSIC、蒙古樂團NaraBara參戰|||https://blow.streetvoice.com/82661/?utm_source=streetvoice&utm_medium=profile-news-block; 2025大港開唱再公布20組陣容！黃大謙與I Mean Us合作，獻上首次音樂祭演出|||https://blow.streetvoice.com/78923/?utm_source=streetvoice&utm_medium=profile-news-block; 2024浪人祭推出全新海外陣容：西班牙文青女聲Russian Red再次訪台，kanekoayano、Science Noodles接力開唱|||https://blow.streetvoice.com/76097/?utm_source=streetvoice&utm_medium=profile-news-block,,Rock,,,,"站在沙灘上，你很難只憑一道浪，就判斷海是在漲潮還是退潮。浪花一次次漫過雙腳，又退回海裡，順勢帶走腳下幾粒沙。 退潮從不是一次帶走所有，而是在一次又一次的浪裡，無聲地讓一些東西悄悄離開。有些人的離開，也是如此。等你終於回過頭，那個曾經眼裡只有你的人，早已不在原地。 
站在沙灘上，你很難只憑一道浪，就判斷海是在漲潮還是退潮。浪花一次次漫過雙腳，又退回海裡，順勢帶走腳下幾粒沙。
退潮從不是一次帶走所有，而是在一次又一次的浪裡，無聲地讓一些東西悄悄離開。有些人的離開，也是如此。等你終於回過頭，那個曾經眼裡只有你的人，早已不在原地。","動態歌詞
風暖暖的沙灘上 靜悄悄的走在一起 好嗎 你多我一大截步伐 讓我一刻都不能停下 隨著你走 退潮帶走了我 無影無蹤 你可曾找尋過 那顆愛你的心 充滿你的眼睛 海水輕輕淹沒了 不知不覺的 風冷冷的 沙灘上 緊緊挨著走在一起 好嗎 別先走 我跟不上 你回頭 看看我 好不好嘛 好嗎 隨著你走 退潮帶走了我 無影無蹤 你可曾找尋過 那個執著著你 不是你就不行 海水輕輕淹沒了 無跡可循的 你走 別假裝在乎我 是我 讓真相如此赤裸 別找回我的心 別看向我眼睛 海水輕輕淹沒了 重重墜落的 我 
風暖暖的沙灘上 靜悄悄的走在一起 好嗎 你多我一大截步伐 讓我一刻都不能停下
隨著你走 退潮帶走了我 無影無蹤 你可曾找尋過 那顆愛你的心 充滿你的眼睛 海水輕輕淹沒了 不知不覺的
風冷冷的 沙灘上 緊緊挨著走在一起 好嗎 別先走 我跟不上 你回頭 看看我 好不好嘛 好嗎
隨著你走 退潮帶走了我 無影無蹤 你可曾找尋過 那個執著著你 不是你就不行 海水輕輕淹沒了 無跡可循的
你走 別假裝在乎我 是我 讓真相如此赤裸 別找回我的心 別看向我眼睛 海水輕輕淹沒了 重重墜落的 我
留言（ 12 ） 最相關留言 所有留言
留言（ 12 ）",2026-08-12,,週排行冠軍; 編輯推薦,True,False,
2026-08-22 03:33:00,realtime,all,,,17,普通隊長,"Tiny Me, BIG Dream",6,199,0,https://streetvoice.com/captain2016/songs/875669/,https://streetvoice.com/captain2016/,"https://akstatic.streetvoice.com/song_covers/ca/pt/captain2016/bD2n5fSdSfvDzMHK6b2oZX.jpeg?x-oss-process=image/resize,m_fixed,h_1,w_1,limit_0/resize,m_fixed,h_630,w_1200,limit_0/watermark,image_c29uZ19jb3ZlcnMvY2EvcHQvY2FwdGFpbjIwMTYvYkQybjVmU2RTZnZEek1ISzZiMm9aWC5qcGVnP3gtb3NzLXByb2Nlc3M9aW1hZ2UvcmVzaXplLG1fZml4ZWQsaF8zNDQsd18zNDQsbGltaXRfMA,g_nw,x_428,y_143/watermark,image_YXNzZXQvaW1hZ2VzL21ldGFpbWFnZS1zb25nLnBuZw,g_nw,x_0,y_0",images/875669.jpeg,@captain2016,音樂人,高雄市,2016-08-01,2021-10-01 15:16,19,1261,9,https://www.facebook.com/captainfsvs,https://www.instagram.com/captainpu2016/,https://www.youtube.com/@captainpu2016,普通隊長完成首次日巡，十週年專場《10》8月LIVE WAREHOUSE登場|||https://blow.streetvoice.com/88147/?utm_source=streetvoice&utm_medium=profile-news-block; 普通隊長成軍10週年計畫正式啟動！8月挑戰高流千人專場|||https://blow.streetvoice.com/87648/?utm_source=streetvoice&utm_medium=profile-news-block; 普通隊長攜手日本新生代龐克樂團HONEST展開北中南巡迴！|||https://blow.streetvoice.com/84896/?utm_source=streetvoice&utm_medium=profile-news-block,,Punk,100 秒的紅燈 ENDLESS 100 SEC,https://streetvoice.com/captain2016/songs/album/97325924/,,"詞曲 Songwriter：劉佳維 MINN 編曲 Arranger：普通隊長 Captain Ordinary & 柯光 KG 
詞曲 Songwriter：劉佳維 MINN 編曲 Arranger：普通隊長 Captain Ordinary & 柯光 KG","I have a big dream, but my tiny body can't achieve it. So I talked to my friends, talked to my boys. And they said they're with me. Thank god. We can live with love and happiness and PUNK ROCK. We may die young but we know how to love ourselves. Many times they almost drive me crazy. This shitty world and those assholes kept annoying me. I wish they could use their brains and apologize to us. Hope that they die soon so we can have a better world. They’ve learned how to speak but they don’t know when to sheesh. Hope that they die soon so we can have a better world. Hope that they die soon so we can have a better world. 
I have a big dream, but my tiny body can't achieve it. So I talked to my friends, talked to my boys. And they said they're with me.
Thank god. We can live with love and happiness and PUNK ROCK. We may die young but we know how to love ourselves.
Many times they almost drive me crazy. This shitty world and those assholes kept annoying me. I wish they could use their brains and apologize to us. Hope that they die soon so we can have a better world.
They’ve learned how to speak but they don’t know when to sheesh.
Hope that they die soon so we can have a better world. Hope that they die soon so we can have a better world.
留言（ 0 ） 最相關留言 所有留言
留言（ 0 ）",2026-08-21,,,False,False,
2026-08-22 03:33:00,realtime,all,,,18,ه¹¸éپ‹ç©؛و°£,陪你來看海,4,222,0,https://streetvoice.com/luckyair43/songs/875207/,https://streetvoice.com/luckyair43/,"https://akstatic.streetvoice.com/song_covers/lu/ck/luckyair43/D7ucy8a7hwmNCanehWQxLC.jpeg?x-oss-process=image/resize,m_fixed,h_1,w_1,limit_0/resize,m_fixed,h_630,w_1200,limit_0/watermark,image_c29uZ19jb3ZlcnMvbHUvY2svbHVja3lhaXI0My9EN3VjeThhN2h3bU5DYW5laFdReExDLmpwZWc_eC1vc3MtcHJvY2Vzcz1pbWFnZS9yZXNpemUsbV9maXhlZCxoXzM0NCx3XzM0NCxsaW1pdF8w,g_nw,x_428,y_143/watermark,image_YXNzZXQvaW1hZ2VzL21ldGFpbWFnZS1zb25nLnBuZw,g_nw,x_0,y_0",images/875207.jpeg,,,,,,88,222,72,https://www.facebook.com/airway777,,https://www.youtube.com/channel/UChSEkR8gHUBkx0IsCfR1xwA/about,告別誠品生活 116 強辯樂團與幸運空氣勾起共同的青春回憶|||https://blow.streetvoice.com/15610/?utm_source=streetvoice&utm_medium=profile-news-block; 【歌單】謙虛勤勉的小書蟲——處女座|||https://blow.streetvoice.com/35796/?utm_source=streetvoice&utm_medium=profile-news-block; 2015 年度 StreetVoice 音樂作品人氣榜 TOP 50|||https://blow.streetvoice.com/16431/?utm_source=streetvoice&utm_medium=profile-news-block,,Singer / Songwriter,,,,"《陪你來看海》是一首以台語書寫的抒情單曲。歌詞從海上緩緩行過的船寫起,夏日蟬鳴與海風交織成一段藏在心底的思念——那些寫給你的話,依然留在記憶裡,而每個夏天,都想再帶你去看一次海。 歌曲以簡單質樸的台語意象——船、海湧、蟬聲、風——描繪出一份安靜卻深刻的陪伴與等待。「陪你安靜等待,等每一個夏天」,不只是等一片海景,更是等一份不變的心意。整首歌沒有華麗的詞藻,卻在平淡中透出「為夢堅持」的溫柔力量,適合作為夏日單曲發行,傳遞思念與陪伴的情感。 
《陪你來看海》是一首以台語書寫的抒情單曲。歌詞從海上緩緩行過的船寫起,夏日蟬鳴與海風交織成一段藏在心底的思念——那些寫給你的話,依然留在記憶裡,而每個夏天,都想再帶你去看一次海。 歌曲以簡單質樸的台語意象——船、海湧、蟬聲、風——描繪出一份安靜卻深刻的陪伴與等待。「陪你安靜等待,等每一個夏天」,不只是等一片海景,更是等一份不變的心意。整首歌沒有華麗的詞藻,卻在平淡中透出「為夢堅持」的溫柔力量,適合作為夏日單曲發行,傳遞思念與陪伴的情感。","海上的船 慢慢行過 夏天歌聲 日頭下響起 同款的所在 咱擱經過 不管是誰 攏會佇遐看 海的美麗 蟬仔聲響 希望你會快樂 風吹海湧 依然聽到彼首歌 寫給你的話 甘猶原佇心內底 每一個夏天 我攏欲帶你來看海 想陪你來看海 看無底止的藍天 留下所有記憶 攏有你的名字 陪你安靜等待 等每一個夏天 咱攏欲去海邊 看海湧隨風起 一切尚有意義 就是咱 為 夢 堅 持 蟬仔聲響 希望你會快樂 風吹海湧 依然聽到彼首歌 寫給你的話 甘猶原佇心內底 每一個夏天 我攏欲帶你來看海 想陪你來看海 看無底止的藍天 留下所有記憶 攏有你的名字 陪你安靜等待 等每一個夏天 咱攏欲去海邊 看海湧隨風起 一切尚有意義 就是咱為夢堅持 為夢堅持～ 
海上的船 慢慢行過 夏天歌聲 日頭下響起 同款的所在 咱擱經過 不管是誰 攏會佇遐看 海的美麗
蟬仔聲響 希望你會快樂 風吹海湧 依然聽到彼首歌 寫給你的話 甘猶原佇心內底 每一個夏天 我攏欲帶你來看海
想陪你來看海 看無底止的藍天 留下所有記憶 攏有你的名字
陪你安靜等待 等每一個夏天 咱攏欲去海邊 看海湧隨風起 一切尚有意義 就是咱 為 夢 堅 持
蟬仔聲響 希望你會快樂 風吹海湧 依然聽到彼首歌 寫給你的話 甘猶原佇心內底 每一個夏天 我攏欲帶你來看海
想陪你來看海 看無底止的藍天 留下所有記憶 攏有你的名字
陪你安靜等待 等每一個夏天 咱攏欲去海邊 看海湧隨風起 一切尚有意義 就是咱為夢堅持 為夢堅持～
留言（ 0 ） 最相關留言 所有留言
留言（ 0 ）",2026-08-21,,編輯推薦,True,False,
2026-08-22 03:33:00,realtime,all,,,19,ほしくず_褲子,"A.E.O.M (feat.61,YR)",16,769,12,https://streetvoice.com/h0sh1kuzu_m4a/songs/875385/,https://streetvoice.com/h0sh1kuzu_m4a/,"https://akstatic.streetvoice.com/song_covers/h0/sh/h0sh1kuzu_m4a/jeyuxsHJ4vkjYwvo7UDF4S.jpeg?x-oss-process=image/resize,m_fixed,h_1,w_1,limit_0/resize,m_fixed,h_630,w_1200,limit_0/watermark,image_c29uZ19jb3ZlcnMvaDAvc2gvaDBzaDFrdXp1X200YS9qZXl1eHNISjR2a2pZd3ZvN1VERjRTLmpwZWc_eC1vc3MtcHJvY2Vzcz1pbWFnZS9yZXNpemUsbV9maXhlZCxoXzM0NCx3XzM0NCxsaW1pdF8w,g_nw,x_428,y_143/watermark,image_YXNzZXQvaW1hZ2VzL21ldGFpbWFnZS1zb25nLnBuZw,g_nw,x_0,y_0",images/875385.jpeg,@h0sh1kuzu_m4a,音樂人,台中市,2025-11-01,,12,40,22,,,https://www.youtube.com/user/StreetVoiceTV,,,Hip hop / Rap,,,鹿伊尋61、YouNg ReaL_🎲,"「Shut up just put attention on me」 「柳暗花明又來到淒美地」 - 感謝young_real,61支援 - Prod.TrapDrix 
「Shut up just put attention on me」 「柳暗花明又來到淒美地」 - 感謝young_real,61支援 - Prod.TrapDrix","Shut up just put attention on me 確實他們的verse都不太有力 像電子離開了原子游離 柳暗花明又來到淒美地 誤打誤撞卻成全了憧憬 調整著鬆緊 吸一口蒸氣 待我俯瞰世界的美麗 站上舞台 all eyes on me 你有沒有聽見那警笛在告訴你warning warning 又一個下雨的morning 不想再去思考背後的meaning 反正我拿起手機就一直寫 剩下的屁話我don’t give a shit judge我的音樂之前先 節省你的力氣因為能力有限 不夠痛的通常我都嗤之以鼻 不夠紅的傷口插著碎裂的玻璃 我們走了一些壞東西都吸進鼻子裡 I be like suicide boy 所以現在你們知道到底什麼狀況 先把你變成屍體再丟去後山葬 我要看到底下所有人的腦袋跟著晃 Shut up just put attention on me 確實他們的verse都不太有力 像電子離開了原子游離 柳暗花明又來到淒美地 誤打誤撞卻成全了憧憬 調整著鬆緊 吸一口蒸氣 待我俯瞰世界的美麗 站上舞台 all eyes on me don't fuck with me 你這個 lil bitch 我不是情歌王 我是鑽頭秦始皇 勸你停止狂  又或是 原地死亡 我就說嘛 全focus 在我的狀態 小搗蛋 別搞壞 我的v 全都太帥 我的v vvs 我的team 在DC內 這條路都是血腥味 貪心鬼 就是我 無關人士 快點走 想走 那就走 祝你一路走好 小狗 甚麼狗 但你真心沒搞 那就掛個電 小心別因電線跌到 我就吃個面 慢慢等妳歌詞寫好 要我 說幾遍 你逃跑的狀態滑稽 頭別 跟著點 從來就沒輸過小兵 態度 收著些 你覺得我歌太難聽 is oK  dope shit 不賣給傻逼 Shut up just put attention on me 確實他們的verse都不太有力 像電子離開了原子游離 柳暗花明又來到淒美地 誤打誤撞卻成全了憧憬 調整著鬆緊 吸一口蒸氣 待我俯瞰世界的美麗 站上舞台 all eyes on me 
Shut up just put attention on me 確實他們的verse都不太有力 像電子離開了原子游離 柳暗花明又來到淒美地 誤打誤撞卻成全了憧憬 調整著鬆緊 吸一口蒸氣 待我俯瞰世界的美麗 站上舞台 all eyes on me
你有沒有聽見那警笛在告訴你warning warning 又一個下雨的morning 不想再去思考背後的meaning 反正我拿起手機就一直寫 剩下的屁話我don’t give a shit judge我的音樂之前先 節省你的力氣因為能力有限
不夠痛的通常我都嗤之以鼻 不夠紅的傷口插著碎裂的玻璃 我們走了一些壞東西都吸進鼻子裡
I be like suicide boy 所以現在你們知道到底什麼狀況 先把你變成屍體再丟去後山葬 我要看到底下所有人的腦袋跟著晃
Shut up just put attention on me 確實他們的verse都不太有力 像電子離開了原子游離 柳暗花明又來到淒美地 誤打誤撞卻成全了憧憬 調整著鬆緊 吸一口蒸氣 待我俯瞰世界的美麗 站上舞台 all eyes on me
don't fuck with me 你這個 lil bitch 我不是情歌王 我是鑽頭秦始皇 勸你停止狂  又或是 原地死亡
我就說嘛 全focus 在我的狀態 小搗蛋 別搞壞 我的v 全都太帥
我的v vvs 我的team 在DC內 這條路都是血腥味 貪心鬼 就是我 無關人士 快點走
想走 那就走 祝你一路走好 小狗 甚麼狗 但你真心沒搞 那就掛個電 小心別因電線跌到 我就吃個面 慢慢等妳歌詞寫好
要我 說幾遍 你逃跑的狀態滑稽 頭別 跟著點 從來就沒輸過小兵 態度 收著些 你覺得我歌太難聽 is oK  dope shit 不賣給傻逼
Shut up just put attention on me 確實他們的verse都不太有力 像電子離開了原子游離 柳暗花明又來到淒美地 誤打誤撞卻成全了憧憬 調整著鬆緊 吸一口蒸氣 待我俯瞰世界的美麗 站上舞台 all eyes on me
留言（ 12 ） 最相關留言 所有留言
留言（ 12 ）",2026-08-19,,,False,False,
2026-08-22 03:33:00,realtime,all,,,20,書帆 ShuShu,完美表演,14,2133,4,https://streetvoice.com/b8095/songs/875038/,https://streetvoice.com/b8095/,"https://akstatic.streetvoice.com/song_covers/b8/09/b8095/NvMWYj6sVrLSmZC62fB8mm.jpeg?x-oss-process=image/resize,m_fixed,h_1,w_1,limit_0/resize,m_fixed,h_630,w_1200,limit_0/watermark,image_c29uZ19jb3ZlcnMvYjgvMDkvYjgwOTUvTnZNV1lqNnNWckxTbVpDNjJmQjhtbS5qcGVnP3gtb3NzLXByb2Nlc3M9aW1hZ2UvcmVzaXplLG1fZml4ZWQsaF8zNDQsd18zNDQsbGltaXRfMA,g_nw,x_428,y_143/watermark,image_YXNzZXQvaW1hZ2VzL21ldGFpbWFnZS1zb25nLnBuZw,g_nw,x_0,y_0",images/875038.jpeg,@b8095,音樂人,台中市,2014-10-01,2021-06-01 13:03,30,497,39,https://m.facebook.com/shufanfanfan/,https://www.instagram.com/maniac.n/,https://www.youtube.com/user/StreetVoiceTV,,,Singer / Songwriter,Singles // 已發行單曲,https://streetvoice.com/b8095/songs/album/97315256/,,"書帆 ShuShu 2026 全新發行 ⠀⠀⠀⠀⠀⠀⠀⠀⠀⠀⠀⠀ ⠀⠀⠀⠀⠀⠀⠀⠀⠀⠀⠀⠀ ///// 生存哲學三部曲 ____________________ 首部曲〈完美表演〉 ⠀⠀⠀⠀⠀⠀⠀⠀⠀⠀⠀⠀ ⠀⠀⠀⠀⠀⠀⠀⠀⠀⠀⠀⠀ 身處複雜世界， 我們不一定會把最真實的感受與想法全部表露， 情緒甚至可能是創造出來的。 ⠀⠀⠀⠀⠀⠀⠀⠀⠀⠀⠀⠀ 那我們每天是不是都在進行一場完美的表演？ ⠀⠀⠀⠀⠀⠀⠀⠀⠀⠀⠀⠀ / ⠀⠀⠀⠀⠀⠀⠀⠀⠀⠀⠀⠀ Facebook｜書帆 ShuShu https://m.facebook.com/shufanfanfan/ ⠀⠀⠀⠀⠀⠀⠀⠀⠀⠀⠀⠀ Instagram｜maniac.n https://www.instagram.com/maniac.n/ ⠀⠀⠀⠀⠀⠀⠀⠀⠀⠀⠀⠀ Youtube｜書帆 ShuShu https://reurl.cc/8noMYg ⠀⠀⠀⠀⠀⠀⠀⠀⠀⠀⠀⠀ /⠀⠀⠀⠀⠀ ⠀⠀⠀⠀⠀⠀⠀⠀⠀⠀⠀⠀ ⭓ 音樂製作 𝑴𝒖𝒔𝒊𝒄 𝑪𝒓𝒆𝒅𝒊𝒕 作詞 Lyricist｜書帆 ShuShu 作曲 Composer｜書帆 ShuShu 製作 Producer｜林易祺 LNiCH ＠給樂音樂 編曲 Arrangement｜李思嘉 Alice Lee ＠給樂音樂 和聲編寫 Backing Vocals Arrangement｜書帆 ShuShu 吉他 Guitar｜張子軒 Tim Chang @知間文化 貝斯 Bass｜柯遵毓 Jack Ko 鼓 Drums｜潘維瀚 Pan Wei Han 鍵盤/合成器 Keys/Synth｜李思嘉 Alice Lee ＠給樂音樂 和聲 Backing Vocals｜書帆 ShuShu 配唱製作 Vocal Producer｜黃宇寒 Huang Yu Han 人聲錄音師 Vocal Recording Engineer｜張子軒 Tim Chang ＠知間文化 人聲錄音室 Vocal Recording Studio｜給樂錄音室 Gather Music Studio 鼓組錄音師 Drum Recording Engineer｜張閔翔 Min-Hsiang Chang 鼓組錄音室 Drum Recording Studio｜給樂團彩錄音室 JFB Studio 鼓技師 Drum Technician｜莊開旭 Cash Chuang 混音師 Mixing Engineer｜郭冠鑫 Attis @給樂音樂 聲音編輯 Editing Engineer｜張子軒 Tim Chang ＠知間文化 製作助理 Producer Assistant｜張子軒 Tim Chang ＠知間文化 ⠀⠀⠀⠀⠀⠀⠀⠀⠀⠀⠀⠀ ⠀⠀⠀⠀⠀⠀⠀⠀⠀⠀⠀⠀ ⭓ 單曲封面製作 𝑪𝒐𝒗𝒆𝒓 𝑫𝒆𝒔𝒊𝒈𝒏 ⠀⠀⠀⠀⠀⠀⠀⠀⠀⠀⠀⠀ 平面攝影 Photographer｜鄭宇傑 Rinne Cheng 平面設計 Graphic Designer｜周虹妮 Mombrother 
書帆 ShuShu 2026 全新發行 ⠀⠀⠀⠀⠀⠀⠀⠀⠀⠀⠀⠀ ⠀⠀⠀⠀⠀⠀⠀⠀⠀⠀⠀⠀ ///// 生存哲學三部曲 ____________________ 首部曲〈完美表演〉 ⠀⠀⠀⠀⠀⠀⠀⠀⠀⠀⠀⠀ ⠀⠀⠀⠀⠀⠀⠀⠀⠀⠀⠀⠀ 身處複雜世界， 我們不一定會把最真實的感受與想法全部表露， 情緒甚至可能是創造出來的。 ⠀⠀⠀⠀⠀⠀⠀⠀⠀⠀⠀⠀ 那我們每天是不是都在進行一場完美的表演？ ⠀⠀⠀⠀⠀⠀⠀⠀⠀⠀⠀⠀ / ⠀⠀⠀⠀⠀⠀⠀⠀⠀⠀⠀⠀ Facebook｜書帆 ShuShu https://m.facebook.com/shufanfanfan/ ⠀⠀⠀⠀⠀⠀⠀⠀⠀⠀⠀⠀ Instagram｜maniac.n https://www.instagram.com/maniac.n/ ⠀⠀⠀⠀⠀⠀⠀⠀⠀⠀⠀⠀ Youtube｜書帆 ShuShu https://reurl.cc/8noMYg ⠀⠀⠀⠀⠀⠀⠀⠀⠀⠀⠀⠀ /⠀⠀⠀⠀⠀ ⠀⠀⠀⠀⠀⠀⠀⠀⠀⠀⠀⠀ ⭓ 音樂製作 𝑴𝒖𝒔𝒊𝒄 𝑪𝒓𝒆𝒅𝒊𝒕
https://m.facebook.com/shufanfanfan/
https://www.instagram.com/maniac.n/
https://reurl.cc/8noMYg
作詞 Lyricist｜書帆 ShuShu 作曲 Composer｜書帆 ShuShu
製作 Producer｜林易祺 LNiCH ＠給樂音樂 編曲 Arrangement｜李思嘉 Alice Lee ＠給樂音樂 和聲編寫 Backing Vocals Arrangement｜書帆 ShuShu
吉他 Guitar｜張子軒 Tim Chang @知間文化 貝斯 Bass｜柯遵毓 Jack Ko 鼓 Drums｜潘維瀚 Pan Wei Han 鍵盤/合成器 Keys/Synth｜李思嘉 Alice Lee ＠給樂音樂 和聲 Backing Vocals｜書帆 ShuShu
配唱製作 Vocal Producer｜黃宇寒 Huang Yu Han 人聲錄音師 Vocal Recording Engineer｜張子軒 Tim Chang ＠知間文化 人聲錄音室 Vocal Recording Studio｜給樂錄音室 Gather Music Studio 鼓組錄音師 Drum Recording Engineer｜張閔翔 Min-Hsiang Chang 鼓組錄音室 Drum Recording Studio｜給樂團彩錄音室 JFB Studio 鼓技師 Drum Technician｜莊開旭 Cash Chuang 混音師 Mixing Engineer｜郭冠鑫 Attis @給樂音樂 聲音編輯 Editing Engineer｜張子軒 Tim Chang ＠知間文化 製作助理 Producer Assistant｜張子軒 Tim Chang ＠知間文化 ⠀⠀⠀⠀⠀⠀⠀⠀⠀⠀⠀⠀ ⠀⠀⠀⠀⠀⠀⠀⠀⠀⠀⠀⠀ ⭓ 單曲封面製作 𝑪𝒐𝒗𝒆𝒓 𝑫𝒆𝒔𝒊𝒈𝒏 ⠀⠀⠀⠀⠀⠀⠀⠀⠀⠀⠀⠀ 平面攝影 Photographer｜鄭宇傑 Rinne Cheng 平面設計 Graphic Designer｜周虹妮 Mombrother","我們都在日常中 反覆琢磨改變 連情感都能偽裝 一切都是表演 慢慢體會 再慢慢學會 恭維 放棄準確 活在平行世界 怎麼才算特別 我們都被 這個時空 逐漸改變 該如何去應變 拒絕面對 最後淪為 過眼雲煙 怎麼才能分辨 關於情感 矛盾迂迴 虛實真偽 我們都在遮掩 字裡行間 真實情緒 不被看見 還有什麼值得我 反覆歌頌紀念 連情感都能偽裝 可貴還是可憐 慢慢體會 再慢慢學會 恭維 放棄準確 活在平行世界 怎麼才算特別 我們都被 這個時空 逐漸改變 該如何去應變 拒絕面對 最後淪為 過眼雲煙 怎麼才能分辨 關於情感 矛盾迂迴 虛實真偽 我們都在遮掩 字裡行間 真實情緒 不被看見 怎麼才算特別 我們都被 這個時空 逐漸改變 該如何去應變 拒絕面對 最後淪為 過眼雲煙 怎麼才能分辨 關於情感 矛盾迂迴 虛實真偽 我們都在遮掩 字裡行間 真實情緒 不被看見 
我們都在日常中 反覆琢磨改變 連情感都能偽裝 一切都是表演
慢慢體會 再慢慢學會 恭維 放棄準確 活在平行世界
怎麼才算特別 我們都被 這個時空 逐漸改變 該如何去應變 拒絕面對 最後淪為 過眼雲煙 怎麼才能分辨 關於情感 矛盾迂迴 虛實真偽 我們都在遮掩 字裡行間 真實情緒 不被看見
還有什麼值得我 反覆歌頌紀念 連情感都能偽裝 可貴還是可憐
慢慢體會 再慢慢學會 恭維 放棄準確 活在平行世界
怎麼才算特別 我們都被 這個時空 逐漸改變 該如何去應變 拒絕面對 最後淪為 過眼雲煙 怎麼才能分辨 關於情感 矛盾迂迴 虛實真偽 我們都在遮掩 字裡行間 真實情緒 不被看見
怎麼才算特別 我們都被 這個時空 逐漸改變 該如何去應變 拒絕面對 最後淪為 過眼雲煙 怎麼才能分辨 關於情感 矛盾迂迴 虛實真偽 我們都在遮掩 字裡行間 真實情緒 不被看見
留言（ 4 ） 最相關留言 所有留言
留言（ 4 ）",2026-08-18,,編輯推薦,True,False,
2026-08-22 03:33:00,realtime,all,,,21,Poe3030,泡在山的時間裡 演唱demo版,14,129,12,https://streetvoice.com/poe3030/songs/875600/,https://streetvoice.com/poe3030/,"https://akstatic.streetvoice.com/song_covers/po/e3/poe3030/QZi6BdiLiRYvTLCjXV7oAu.jpeg?x-oss-process=image/resize,m_fixed,h_1,w_1,limit_0/resize,m_fixed,h_630,w_1200,limit_0/watermark,image_c29uZ19jb3ZlcnMvcG8vZTMvcG9lMzAzMC9RWmk2QmRpTGlSWXZUTENqWFY3b0F1LmpwZWc_eC1vc3MtcHJvY2Vzcz1pbWFnZS9yZXNpemUsbV9maXhlZCxoXzM0NCx3XzM0NCxsaW1pdF8w,g_nw,x_428,y_143/watermark,image_YXNzZXQvaW1hZ2VzL21ldGFpbWFnZS1zb25nLnBuZw,g_nw,x_0,y_0",images/875600.jpeg,@poe3030,音樂人,台北市,2008-11-01,2026-06-30 10:03,94,80,111,https://www.facebook.com/poe3030/,,https://www.youtube.com/@poe3030,,,R&B / Soul,,,,"好久沒有自己唱歌了，這陣子聽太多AI歌手，聽自己的聲音有些不習慣 
好久沒有自己唱歌了，這陣子聽太多AI歌手，聽自己的聲音有些不習慣","Verse 1 我們開著車離開城市 把霓虹留在後視鏡裡 山路一彎又一彎延續 像把喧鬧慢慢甩出去 窗外雲霧貼著山脊 你說今天不用急著回去 我笑著說那走遠點 到誰都找不到我們的地方去 Pre-Chorus 手機安靜躺在桌面 訊息也不必急著回 沒有激情也沒有眼淚 第一次覺得沉默也很美 Chorus 把城市留在山的那邊 讓熱氣慢慢遮住疲倦 我們什麼都不用表演 在白色蒸氣升起以前 你還戴著熟悉的那張臉 等水溫慢慢漫過肩 我們都只想被彼此看見 今晚就泡在山的時間裡 泡掉那些不敢說的秘密 泡掉你笑著說沒關係 泡掉我假裝早已忘記 如果愛需要一點勇氣 那就先把面具放岸邊去 不承諾明天會怎樣繼續 至少此刻我看見真正的你 Verse 2 你的頭髮沾了一點水氣 眼神卻比城市裡更清晰 沒有濃妝沒有距離 也沒有誰需要證明自己 你說只是習慣什麼都自己扛起 我說我們都假裝沒事而已 山風吹過屋簷的鈴 溫泉在夜裡輕輕呼吸 那些說不出口的事情 好像都被蒸氣帶去遠行 Chorus 把城市留在山的那邊 讓熱氣慢慢遮住疲倦 我們什麼都不用表演 在白色蒸氣升起以前 你還戴著熟悉的那張臉 等水溫慢慢漫過肩 我們都只是想被彼此看見 今晚就泡在山的時間裡 泡掉那些不敢說的秘密 泡掉你笑著說沒關係 泡掉我假裝早已忘記 如果愛需要一點勇氣 那就先把面具放在岸邊去 不承諾明天會怎樣繼續 至少此刻我看見真正的你 Bridge 也許明天醒來以後 我們還是要回到城市裡 重新學著和世界客氣 但至少這一夜 你沒有躲著我 我也沒有躲著你 山沒有問我們哪裡去 泉也沒有問我們的記憶 它只是讓兩個疲倦 安靜地在同一段時間裡 Final Chorus 把城市留在山的那邊 讓熱氣慢慢遮住疲倦 如果人生總有太多明天 今晚就別急著走遠 在白色蒸氣消散以前 讓我再看你一眼 不用承諾永遠 不用回答愛會不會改變 今晚就泡在山的時間裡 泡掉我們身上的秘密 泡掉那些逞強的自己 泡到只剩下我和你 那多年以後再想起 我們曾經 把城市留在山的那邊 泡在山的時間裡談天 
Verse 1 我們開著車離開城市 把霓虹留在後視鏡裡 山路一彎又一彎延續 像把喧鬧慢慢甩出去 窗外雲霧貼著山脊 你說今天不用急著回去 我笑著說那走遠點 到誰都找不到我們的地方去 Pre-Chorus 手機安靜躺在桌面 訊息也不必急著回 沒有激情也沒有眼淚 第一次覺得沉默也很美 Chorus 把城市留在山的那邊 讓熱氣慢慢遮住疲倦 我們什麼都不用表演 在白色蒸氣升起以前 你還戴著熟悉的那張臉 等水溫慢慢漫過肩 我們都只想被彼此看見 今晚就泡在山的時間裡 泡掉那些不敢說的秘密 泡掉你笑著說沒關係 泡掉我假裝早已忘記 如果愛需要一點勇氣 那就先把面具放岸邊去 不承諾明天會怎樣繼續 至少此刻我看見真正的你 Verse 2 你的頭髮沾了一點水氣 眼神卻比城市裡更清晰 沒有濃妝沒有距離 也沒有誰需要證明自己 你說只是習慣什麼都自己扛起 我說我們都假裝沒事而已 山風吹過屋簷的鈴 溫泉在夜裡輕輕呼吸 那些說不出口的事情 好像都被蒸氣帶去遠行 Chorus 把城市留在山的那邊 讓熱氣慢慢遮住疲倦 我們什麼都不用表演 在白色蒸氣升起以前 你還戴著熟悉的那張臉 等水溫慢慢漫過肩 我們都只是想被彼此看見 今晚就泡在山的時間裡 泡掉那些不敢說的秘密 泡掉你笑著說沒關係 泡掉我假裝早已忘記 如果愛需要一點勇氣 那就先把面具放在岸邊去 不承諾明天會怎樣繼續 至少此刻我看見真正的你 Bridge 也許明天醒來以後 我們還是要回到城市裡 重新學著和世界客氣 但至少這一夜 你沒有躲著我 我也沒有躲著你 山沒有問我們哪裡去 泉也沒有問我們的記憶 它只是讓兩個疲倦 安靜地在同一段時間裡 Final Chorus 把城市留在山的那邊 讓熱氣慢慢遮住疲倦 如果人生總有太多明天 今晚就別急著走遠 在白色蒸氣消散以前 讓我再看你一眼 不用承諾永遠 不用回答愛會不會改變 今晚就泡在山的時間裡 泡掉我們身上的秘密 泡掉那些逞強的自己 泡到只剩下我和你 那多年以後再想起 我們曾經 把城市留在山的那邊 泡在山的時間裡談天
留言（ 12 ） 最相關留言 所有留言
留言（ 12 ）",2026-08-20,,AI 協作 R&B / Soul,False,False,
2026-08-22 03:33:00,realtime,all,,,22,李敏哲,Cocktail Speedo Lifesaver,16,550,11,https://streetvoice.com/minzer_c_lee/songs/875408/,https://streetvoice.com/minzer_c_lee/,"https://akstatic.streetvoice.com/song_covers/mi/nz/minzer_c_lee/5vs7JLSUTozYhFP6dE9hXv.jpeg?x-oss-process=image/resize,m_fixed,h_1,w_1,limit_0/resize,m_fixed,h_630,w_1200,limit_0/watermark,image_c29uZ19jb3ZlcnMvbWkvbnovbWluemVyX2NfbGVlLzV2czdKTFNVVG96WWhGUDZkRTloWHYuanBlZz94LW9zcy1wcm9jZXNzPWltYWdlL3Jlc2l6ZSxtX2ZpeGVkLGhfMzQ0LHdfMzQ0LGxpbWl0XzA,g_nw,x_428,y_143/watermark,image_YXNzZXQvaW1hZ2VzL21ldGFpbWFnZS1zb25nLnBuZw,g_nw,x_0,y_0",images/875408.jpeg,@minzer_c_lee,音樂人,,,,16,31,43,,,https://www.youtube.com/user/StreetVoiceTV,,,Jazz,,,雷克非 Christopher R,"海風徐徐的木頭吧檯前,沒有比這杯 Martini 和我更高雅的了。 無聊的周三下午,這沙灘真的沒什麼看頭。 欸,一條 Mini Cocktail Speedo 晃過去。 品味,有點俗……但字印得,還挺清楚。 我沒有在看。 真的沒有。 啊——他，怎麽又走回來了啦。 
海風徐徐的木頭吧檯前,沒有比這杯 Martini 和我更高雅的了。 無聊的周三下午,這沙灘真的沒什麼看頭。
欸,一條 Mini Cocktail Speedo 晃過去。 品味,有點俗……但字印得,還挺清楚。
我沒有在看。 真的沒有。
啊——他，怎麽又走回來了啦。","Just another afternoon by the sea... Nothing to see here... I was sipping something bitter, something cool Practicing my poise beside the shore Then the tide rolled in a different kind of wave Six-foot-two of trouble, tanned and brave Stay composed, darling, stay composed Don't spill the drink, don't strike a pose Cocktail Speedo, be still my heart Elegance is falling apart I'm holding on to my martini and my pride And somehow managing to spill a little of both Cocktail Speedo, walking like a crime I forgot the year, I forgot the time He adjusted nothing, didn't have to try Sunscreen glistening, catching every eye I said, “How refreshing,” meant to sound so calm It came out a whisper, not the voice that I know Stay composed, darling, stay composed Sweating right through your linen shirt Cocktail Speedo, be still my heart Elegance is falling apart I'm holding on to my martini and my pride And somehow managing to spill a little of both Cocktail Speedo, walking like a crime I forgot the year, I forgot the time Okay. Okay. Somebody get me a chair. This is not a drill. Someone pour me something stronger. Cocktail Speedo, there goes my composure Cocktail Speedo, somebody close the door I was elegant a minute ago-o-o Now I don't even know my own name anymore ...I'll have another. Same as before. Actually — make it a double. 
Just another afternoon by the sea... Nothing to see here...
I was sipping something bitter, something cool Practicing my poise beside the shore Then the tide rolled in a different kind of wave Six-foot-two of trouble, tanned and brave
Stay composed, darling, stay composed Don't spill the drink, don't strike a pose
Cocktail Speedo, be still my heart Elegance is falling apart I'm holding on to my martini and my pride And somehow managing to spill a little of both Cocktail Speedo, walking like a crime I forgot the year, I forgot the time
He adjusted nothing, didn't have to try Sunscreen glistening, catching every eye I said, “How refreshing,” meant to sound so calm It came out a whisper, not the voice that I know
Stay composed, darling, stay composed Sweating right through your linen shirt
Cocktail Speedo, be still my heart Elegance is falling apart I'm holding on to my martini and my pride And somehow managing to spill a little of both Cocktail Speedo, walking like a crime I forgot the year, I forgot the time
Okay. Okay. Somebody get me a chair. This is not a drill. Someone pour me something stronger.
Cocktail Speedo, there goes my composure Cocktail Speedo, somebody close the door I was elegant a minute ago-o-o Now I don't even know my own name anymore
...I'll have another. Same as before. Actually — make it a double.
留言（ 11 ） 最相關留言 所有留言
留言（ 11 ）",2026-08-19,,AI 協作 Jazz,False,False,
2026-08-22 03:33:00,realtime,all,,,23,普通隊長,Stargazer,6,177,1,https://streetvoice.com/captain2016/songs/875668/,https://streetvoice.com/captain2016/,"https://akstatic.streetvoice.com/song_covers/ca/pt/captain2016/bD2n5fSdSfvDzMHK6b2oZX.jpeg?x-oss-process=image/resize,m_fixed,h_1,w_1,limit_0/resize,m_fixed,h_630,w_1200,limit_0/watermark,image_c29uZ19jb3ZlcnMvY2EvcHQvY2FwdGFpbjIwMTYvYkQybjVmU2RTZnZEek1ISzZiMm9aWC5qcGVnP3gtb3NzLXByb2Nlc3M9aW1hZ2UvcmVzaXplLG1fZml4ZWQsaF8zNDQsd18zNDQsbGltaXRfMA,g_nw,x_428,y_143/watermark,image_YXNzZXQvaW1hZ2VzL21ldGFpbWFnZS1zb25nLnBuZw,g_nw,x_0,y_0",images/875668.jpeg,@captain2016,音樂人,高雄市,2016-08-01,2021-10-01 15:16,19,1261,9,https://www.facebook.com/captainfsvs,https://www.instagram.com/captainpu2016/,https://www.youtube.com/@captainpu2016,普通隊長完成首次日巡，十週年專場《10》8月LIVE WAREHOUSE登場|||https://blow.streetvoice.com/88147/?utm_source=streetvoice&utm_medium=profile-news-block; 普通隊長成軍10週年計畫正式啟動！8月挑戰高流千人專場|||https://blow.streetvoice.com/87648/?utm_source=streetvoice&utm_medium=profile-news-block; 普通隊長攜手日本新生代龐克樂團HONEST展開北中南巡迴！|||https://blow.streetvoice.com/84896/?utm_source=streetvoice&utm_medium=profile-news-block,,Punk,100 秒的紅燈 ENDLESS 100 SEC,https://streetvoice.com/captain2016/songs/album/97325924/,,"詞曲 Songwriter：劉佳維 MINN 編曲 Arranger：普通隊長 Captain Ordinary & 柯光 KG 
詞曲 Songwriter：劉佳維 MINN 編曲 Arranger：普通隊長 Captain Ordinary & 柯光 KG","My room is so dark and cold. I scare the things come to me. The unknown, the expectations they have on me. I tried so hard not to run away and stand against it. Failed but good, my heart is still beating. Oh~~ I gaze at the stars hanging in the sky yeah Oh~~ Shiny but far from me. I’m running in the street, chasing after the moon. I know I’m dreaming, but there something’s happening. How can I do to catch the star? I regret nothing but I know I have to leave. My room is so dark and cold. I scare the things come to me. The unknown, the expectations they have on me. I tried so hard not to run away and stand against it. Failed but good, my heart is still beating. Oh~~ I gaze at the stars hanging in the sky yeah Oh~~ Shiny but far from me. I’m so scared that day will come and I'll lose everything. (We gaze at the stars hanging in the sky yeah) Try to reach the stars that’s shiny but far from me. (Shiny but far…) My room is so dark and cold. I scare the things come to me. The unknown, the expectations they have on me. I tried so hard not to run away and stand against it. Failed but good, my heart is still beating. Shiny but far from me. Shiny but far from me. 
My room is so dark and cold. I scare the things come to me. The unknown, the expectations they have on me. I tried so hard not to run away and stand against it. Failed but good, my heart is still beating.
Oh~~ I gaze at the stars hanging in the sky yeah Oh~~ Shiny but far from me.
I’m running in the street, chasing after the moon. I know I’m dreaming, but there something’s happening. How can I do to catch the star? I regret nothing but I know I have to leave.
My room is so dark and cold. I scare the things come to me. The unknown, the expectations they have on me. I tried so hard not to run away and stand against it. Failed but good, my heart is still beating.
Oh~~ I gaze at the stars hanging in the sky yeah Oh~~ Shiny but far from me.
I’m so scared that day will come and I'll lose everything. (We gaze at the stars hanging in the sky yeah) Try to reach the stars that’s shiny but far from me. (Shiny but far…)
My room is so dark and cold. I scare the things come to me. The unknown, the expectations they have on me. I tried so hard not to run away and stand against it. Failed but good, my heart is still beating. Shiny but far from me.
Shiny but far from me.
留言（ 1 ） 最相關留言 所有留言
留言（ 1 ）",2026-08-21,,,False,False,
2026-08-22 03:33:00,realtime,all,,,24,普通隊長,CAPTAIN ORDINARY 2,5,128,0,https://streetvoice.com/captain2016/songs/875664/,https://streetvoice.com/captain2016/,"https://akstatic.streetvoice.com/song_covers/ca/pt/captain2016/bD2n5fSdSfvDzMHK6b2oZX.jpeg?x-oss-process=image/resize,m_fixed,h_1,w_1,limit_0/resize,m_fixed,h_630,w_1200,limit_0/watermark,image_c29uZ19jb3ZlcnMvY2EvcHQvY2FwdGFpbjIwMTYvYkQybjVmU2RTZnZEek1ISzZiMm9aWC5qcGVnP3gtb3NzLXByb2Nlc3M9aW1hZ2UvcmVzaXplLG1fZml4ZWQsaF8zNDQsd18zNDQsbGltaXRfMA,g_nw,x_428,y_143/watermark,image_YXNzZXQvaW1hZ2VzL21ldGFpbWFnZS1zb25nLnBuZw,g_nw,x_0,y_0",images/875664.jpeg,@captain2016,音樂人,高雄市,2016-08-01,2021-10-01 15:16,19,1261,9,https://www.facebook.com/captainfsvs,https://www.instagram.com/captainpu2016/,https://www.youtube.com/@captainpu2016,普通隊長完成首次日巡，十週年專場《10》8月LIVE WAREHOUSE登場|||https://blow.streetvoice.com/88147/?utm_source=streetvoice&utm_medium=profile-news-block; 普通隊長成軍10週年計畫正式啟動！8月挑戰高流千人專場|||https://blow.streetvoice.com/87648/?utm_source=streetvoice&utm_medium=profile-news-block; 普通隊長攜手日本新生代龐克樂團HONEST展開北中南巡迴！|||https://blow.streetvoice.com/84896/?utm_source=streetvoice&utm_medium=profile-news-block,,Punk,100 秒的紅燈 ENDLESS 100 SEC,https://streetvoice.com/captain2016/songs/album/97325924/,,"詞曲 Songwriter：劉佳維 MINN 編曲 Arranger：普通隊長 Captain Ordinary & 柯光 KG 
詞曲 Songwriter：劉佳維 MINN 編曲 Arranger：普通隊長 Captain Ordinary & 柯光 KG","C‧A‧P‧T‧A‧I‧N Ordinary wo~ Captain Ordinary C‧A‧P‧T‧A‧I‧N Ordinary wo~ Captain Ordinary 啦啦啦啦 啦啦~ 啦啦啦啦 啦啦~ 啦啦啦啦 啦啦~ 啦啦啦啦 啦啦~ 啦啦啦啦 啦啦~ 啦啦啦啦 啦啦~ 啦啦啦啦 啦啦~ 啦啦啦啦 啦啦~ 啦啦啦啦 啦啦~ 啦啦啦啦 啦啦~ 啦啦啦啦 啦啦~ Captain Captain Captain Captain C‧A‧P‧T‧A‧I‧N Ordinary wo~ GO! 
C‧A‧P‧T‧A‧I‧N Ordinary wo~ Captain Ordinary
C‧A‧P‧T‧A‧I‧N Ordinary wo~ Captain Ordinary
啦啦啦啦 啦啦~ 啦啦啦啦 啦啦~ 啦啦啦啦 啦啦~ 啦啦啦啦 啦啦~ 啦啦啦啦 啦啦~ 啦啦啦啦 啦啦~ 啦啦啦啦 啦啦~ 啦啦啦啦 啦啦~ 啦啦啦啦 啦啦~ 啦啦啦啦 啦啦~ 啦啦啦啦 啦啦~
Captain Captain Captain Captain C‧A‧P‧T‧A‧I‧N Ordinary wo~
GO!
留言（ 0 ） 最相關留言 所有留言
留言（ 0 ）",2026-08-21,,,False,False,
2026-08-22 03:33:00,realtime,all,,,25,Kouky,信風帶 (ft. Owgao),8,259,3,https://streetvoice.com/koukylevn/songs/875468/,https://streetvoice.com/koukylevn/,"https://akstatic.streetvoice.com/song_covers/ko/uk/koukylevn/HHaRS3bkobtUQaTuTYwoSR.jpeg?x-oss-process=image/resize,m_fixed,h_1,w_1,limit_0/resize,m_fixed,h_630,w_1200,limit_0/watermark,image_c29uZ19jb3ZlcnMva28vdWsva291a3lsZXZuL0hIYVJTM2Jrb2J0VVFhVHVUWXdvU1IuanBlZz94LW9zcy1wcm9jZXNzPWltYWdlL3Jlc2l6ZSxtX2ZpeGVkLGhfMzQ0LHdfMzQ0LGxpbWl0XzA,g_nw,x_428,y_143/watermark,image_YXNzZXQvaW1hZ2VzL21ldGFpbWFnZS1zb25nLnBuZw,g_nw,x_0,y_0",images/875468.jpeg,@koukylevn,音樂人,,,,22,53,13,,,https://www.youtube.com/user/StreetVoiceTV,,,Hip hop / Rap,,,,"躺在印碟裡快三年的DEMO...非常陽春na 順帶一提 我今天晚上六點才起床 祝大家七夕快樂？？！！ 
躺在印碟裡快三年的DEMO...非常陽春na
順帶一提 我今天晚上六點才起床 祝大家七夕快樂？？！！","我會一直陪著你就像是信風帶 只要你一句話我就會迎風來 把想對你說的話放進信封袋 再親手把他交給你like行動派 I need weather forecast yeah weather forecast weather forecast yeah weather forecast I need weather forecast yeah weather forecast weather forecast yeah weather forecast （owgao) 初次遇到的你 和我 its like we’ve met before 輕靠在你衣領的我 細數有幾滴雨滴滴過 Forecast said it’s sunny 結果傾盆大雨卻把我們浸透 但只要你一句話 我還是會跟在你傘下慢慢走 就算什麼不做我們在床上躺著 我看向你的眼眸睫毛在陽光下閃鑠著 我牽著你的手夕陽隔著烏雲照著 只要有你在的地方都會放晴的 原本心在谷底但想到你就不傷心了 只是想寫首歌但想到你又唱情歌 每天只要一有時間就只想和你待一整天 我會一直陪著你就像是信風帶 只要你一句話我就會迎風來 把想對你說的話放進信封袋 再親手把他交給你like行動派 I need weather forecast yeah weather forecast weather forecast yeah weather forecast I need weather forecast yeah weather forecast weather forecast yeah weather forecast (Kouky) 就算外頭颳風又下雨 也無法讓我們分離 儘管雨水浸濕眼角 經過無數次雨過天晴 讓周圍開出花朵 我們被星河圍繞 害怕時你可以靠著我肩膀 閉著眼一起數綿羊 帶著我們夢想凝視著前方 迎接明天綻放的艷陽 就算周圍的烏雲總是相連百里 我相信只要有你就會是藍天白雲 我會一直陪著你就像是信風帶 只要你一句話我就會迎風來 把想對你說的話放進信封袋 再親手把他交給你like行動派 I need weather forecast yeah weather forecast weather forecast yeah weather forecast I need weather forecast yeah weather forecast weather forecast yeah weather forecast 
我會一直陪著你就像是信風帶 只要你一句話我就會迎風來 把想對你說的話放進信封袋 再親手把他交給你like行動派 I need weather forecast yeah weather forecast weather forecast yeah weather forecast I need weather forecast yeah weather forecast weather forecast yeah weather forecast
（owgao) 初次遇到的你 和我 its like we’ve met before 輕靠在你衣領的我 細數有幾滴雨滴滴過 Forecast said it’s sunny 結果傾盆大雨卻把我們浸透 但只要你一句話 我還是會跟在你傘下慢慢走 就算什麼不做我們在床上躺著 我看向你的眼眸睫毛在陽光下閃鑠著 我牽著你的手夕陽隔著烏雲照著 只要有你在的地方都會放晴的 原本心在谷底但想到你就不傷心了 只是想寫首歌但想到你又唱情歌 每天只要一有時間就只想和你待一整天
我會一直陪著你就像是信風帶 只要你一句話我就會迎風來 把想對你說的話放進信封袋 再親手把他交給你like行動派 I need weather forecast yeah weather forecast weather forecast yeah weather forecast I need weather forecast yeah weather forecast weather forecast yeah weather forecast
(Kouky) 就算外頭颳風又下雨 也無法讓我們分離 儘管雨水浸濕眼角 經過無數次雨過天晴 讓周圍開出花朵 我們被星河圍繞 害怕時你可以靠著我肩膀 閉著眼一起數綿羊 帶著我們夢想凝視著前方 迎接明天綻放的艷陽 就算周圍的烏雲總是相連百里 我相信只要有你就會是藍天白雲
我會一直陪著你就像是信風帶 只要你一句話我就會迎風來 把想對你說的話放進信封袋 再親手把他交給你like行動派 I need weather forecast yeah weather forecast weather forecast yeah weather forecast I need weather forecast yeah weather forecast weather forecast yeah weather forecast
留言（ 3 ） 最相關留言 所有留言
留言（ 3 ）",2026-08-19,,編輯推薦,True,False,
2026-08-22 03:33:00,realtime,all,,,26,陳星甫,墜落的夢鏡中有你也有我,76,52491,130,https://streetvoice.com/billowing_sea_0d/songs/869559/,https://streetvoice.com/billowing_sea_0d/,"https://akstatic.streetvoice.com/song_covers/bi/ll/billowing_sea_0d/ZWwuKDfm8TeacbAXGBgvgE.jpeg?x-oss-process=image/resize,m_fixed,h_1,w_1,limit_0/resize,m_fixed,h_630,w_1200,limit_0/watermark,image_c29uZ19jb3ZlcnMvYmkvbGwvYmlsbG93aW5nX3NlYV8wZC9aV3d1S0RmbThUZWFjYkFYR0JndmdFLmpwZWc_eC1vc3MtcHJvY2Vzcz1pbWFnZS9yZXNpemUsbV9maXhlZCxoXzM0NCx3XzM0NCxsaW1pdF8w,g_nw,x_428,y_143/watermark,image_YXNzZXQvaW1hZ2VzL21ldGFpbWFnZS1zb25nLnBuZw,g_nw,x_0,y_0",images/869559.jpeg,@billowing_sea_0d,音樂人,台北市,2016-09-01,2025-11-10 09:55,9,91,14,,https://www.instagram.com/docstar_sing,https://youtube.com/@docstar_sing,,,Rock,,,,"💗 這首歌和 Vast & Hazy 吉他手林易祺，花了超過400小時完成，是我目前最喜歡的一首作品。如果它讓你想起某個人、某段過去，歡迎繼續往下看~ ✨ 白天是醫師，晚上把生命裡真實發生的故事寫成歌。 陳星甫 IG✨➡️ https://www.instagram.com/docstar_sing/ 全串流平台收聽 🎧➡️https://rock-mobile.lnk.to/IJVFaI20 陳星甫🎤街聲Playlist:➡️ https://streetvoice.com/billowing_sea_0d/playlists/947508/ 🌙【《墜落的夢鏡中有你也有我》的創作故事】 這首歌寫於我當住院醫師的時期。那時候我努力遺忘、努力生活，直到某天，她毫無預警地出現在夢裡，我醒來後久久無法抽離，於是寫下了這首歌。 主歌是剛醒來的孤寂：窗簾微微飄動，床上還留著餘溫，眼前的「我們」卻早已不在。 副歌裡的「夢鏡」，既是夢，也是鏡——自己一路墜落，山的盡頭，「我們」依然存在，卻只活在夢裡。 最後唱著「夢醒了，天亮了」——白天，我們笑著假裝早已放下；夜深人靜，才知道那些沒說完的話、沒做完的夢，其實都還在心裡。 🤍這首歌，寫給那些不得不長大，卻仍在過往愛情與未竟理想之間掙扎的人。 ❤️‍🩹如果你喜歡這首歌，歡迎按下愛心、留言分享你的故事，也別忘了追蹤我，我會繼續把生命裡真實發生的故事，寫成歌，陪你一起走一段。 — 星甫 
💗 這首歌和 Vast & Hazy 吉他手林易祺，花了超過400小時完成，是我目前最喜歡的一首作品。如果它讓你想起某個人、某段過去，歡迎繼續往下看~
✨ 白天是醫師，晚上把生命裡真實發生的故事寫成歌。
陳星甫 IG✨➡️ https://www.instagram.com/docstar_sing/ 全串流平台收聽 🎧➡️https://rock-mobile.lnk.to/IJVFaI20 陳星甫🎤街聲Playlist:➡️ https://streetvoice.com/billowing_sea_0d/playlists/947508/
https://www.instagram.com/docstar_sing/
https://streetvoice.com/billowing_sea_0d/playlists/947508/
🌙【《墜落的夢鏡中有你也有我》的創作故事】 這首歌寫於我當住院醫師的時期。那時候我努力遺忘、努力生活，直到某天，她毫無預警地出現在夢裡，我醒來後久久無法抽離，於是寫下了這首歌。
主歌是剛醒來的孤寂：窗簾微微飄動，床上還留著餘溫，眼前的「我們」卻早已不在。 副歌裡的「夢鏡」，既是夢，也是鏡——自己一路墜落，山的盡頭，「我們」依然存在，卻只活在夢裡。 最後唱著「夢醒了，天亮了」——白天，我們笑著假裝早已放下；夜深人靜，才知道那些沒說完的話、沒做完的夢，其實都還在心裡。
🤍這首歌，寫給那些不得不長大，卻仍在過往愛情與未竟理想之間掙扎的人。 ❤️‍🩹如果你喜歡這首歌，歡迎按下愛心、留言分享你的故事，也別忘了追蹤我，我會繼續把生命裡真實發生的故事，寫成歌，陪你一起走一段。 — 星甫","動態歌詞
詞/曲:陳星甫 我閉上了眼睛 餘溫都還留在這裡 雨 下個不停 我看清了眼前 隨風起舞之際 我們 早已遠去 墜落的夢鏡中 有你也有我 山的盡頭有我們 墜落的夢鏡中 有你也有我 但願山的盡頭 我是那麼從容 ♪ 我睜開著眼睛 回憶都還留 在 夢裡 雨 下個不停 我看起了眼前 面容憔悴的你 我們 早已 遠去 墜落的夢鏡中 有你也有我 山的盡頭 有我們 墜落的夢鏡中 有你也有我 但願山的盡頭 我是那麼從容 墜落的夢鏡中 有你也有我 但願夢的盡頭 天亮了 ♪ 黎明 在沒有你的陽光裡 狂喜著 喧鬧著 偽裝著 夜裡 我檢討著過去的 自己 大哭著 拼湊著 偽裝著 告訴自己 天亮了、夢醒了 請喚醒我吧 
詞/曲:陳星甫 我閉上了眼睛 餘溫都還留在這裡 雨 下個不停 我看清了眼前 隨風起舞之際 我們 早已遠去 墜落的夢鏡中 有你也有我 山的盡頭有我們 墜落的夢鏡中 有你也有我 但願山的盡頭 我是那麼從容 ♪ 我睜開著眼睛 回憶都還留 在 夢裡 雨 下個不停 我看起了眼前 面容憔悴的你 我們 早已 遠去 墜落的夢鏡中 有你也有我 山的盡頭 有我們 墜落的夢鏡中 有你也有我 但願山的盡頭 我是那麼從容 墜落的夢鏡中 有你也有我 但願夢的盡頭 天亮了 ♪ 黎明 在沒有你的陽光裡 狂喜著 喧鬧著 偽裝著 夜裡 我檢討著過去的 自己 大哭著 拼湊著 偽裝著 告訴自己 天亮了、夢醒了 請喚醒我吧
留言（ 130 ） 最相關留言 所有留言
留言（ 130 ）",2026-07-29,,,False,False,
2026-08-22 03:33:00,realtime,all,,,27,宋德鶴Song of crane,百川 2.0,5,240,2,https://streetvoice.com/Song_of_crane/songs/873402/,https://streetvoice.com/Song_of_crane/,"https://akstatic.streetvoice.com/music_albums/So/ng/Song_of_crane/CCP4dNbWXDejdEQrABZBAk.jpeg?x-oss-process=image/resize,m_fixed,h_1,w_1,limit_0/resize,m_fixed,h_630,w_1200,limit_0/watermark,image_bXVzaWNfYWxidW1zL1NvL25nL1Nvbmdfb2ZfY3JhbmUvQ0NQNGROYldYRGVqZEVRckFCWkJBay5qcGVnP3gtb3NzLXByb2Nlc3M9aW1hZ2UvcmVzaXplLG1fZml4ZWQsaF8zNDQsd18zNDQsbGltaXRfMA,g_nw,x_428,y_143/watermark,image_YXNzZXQvaW1hZ2VzL21ldGFpbWFnZS1zb25nLnBuZw,g_nw,x_0,y_0",images/873402.jpeg,@Song_of_crane,音樂人,彰化縣,2014-07-01,2021-09-02 17:50,36,4559,,https://www.facebook.com/iornhorn,https://www.instagram.com/song_of_crane/,https://www.youtube.com/c/%E5%AE%8B%E5%BE%B7%E9%B6%B4IRONHORN,,,Rock,你聽見了嗎,https://streetvoice.com/Song_of_crane/songs/album/97325858/,,,"你講的話 你講的一切 你講的聲音 甘有底找 你講的話 你講的一切 你講的未來 甘有底找 掂在這個無情的世界 甘有人願意聽阮講的話 掂在這個無情的世界 甘有人願意聽阮講的話 迷濛的聲音說過 迷惘的精神喊話 一個人親像發瘋人格分裂 無情的世界放生 無語的感情揮別 三更眠半對著空氣講話 腦中的情緒毀滅 心中的邪魔重生 放棄人生 放棄夢想 無夢徘徊 臉上的笑容墜落 噬血的想法翻騰 結束生命 黃泉閻王相陪 逝去的人生 毀類的過往 心內的哀怨 無人願意 了解體諒 希望的墜落 黑暗的路上 無形的聲音 起起落落 對著阮講 
你講的話 你講的一切 你講的聲音 甘有底找 你講的話 你講的一切 你講的未來 甘有底找 掂在這個無情的世界 甘有人願意聽阮講的話 掂在這個無情的世界 甘有人願意聽阮講的話 迷濛的聲音說過 迷惘的精神喊話 一個人親像發瘋人格分裂 無情的世界放生 無語的感情揮別 三更眠半對著空氣講話 腦中的情緒毀滅 心中的邪魔重生 放棄人生 放棄夢想 無夢徘徊 臉上的笑容墜落 噬血的想法翻騰 結束生命 黃泉閻王相陪 逝去的人生 毀類的過往 心內的哀怨 無人願意 了解體諒 希望的墜落 黑暗的路上 無形的聲音 起起落落 對著阮講
留言（ 2 ） 最相關留言 所有留言
留言（ 2 ）",2026-08-20,,編輯推薦,True,False,
2026-08-22 03:33:00,realtime,all,,,28,范安婷 Anie Fann,聽說有個人，在紐約等著我 (acoustic),3,54,0,https://streetvoice.com/aniefann/songs/875704/,https://streetvoice.com/aniefann/,"https://akstatic.streetvoice.com/song_covers/an/ie/aniefann/KsCZt9p4bwqrhtentwp3Zh.jpeg?x-oss-process=image/resize,m_fixed,h_1,w_1,limit_0/resize,m_fixed,h_630,w_1200,limit_0/watermark,image_c29uZ19jb3ZlcnMvYW4vaWUvYW5pZWZhbm4vS3NDWnQ5cDRid3FyaHRlbnR3cDNaaC5qcGVnP3gtb3NzLXByb2Nlc3M9aW1hZ2UvcmVzaXplLG1fZml4ZWQsaF8zNDQsd18zNDQsbGltaXRfMA,g_nw,x_428,y_143/watermark,image_YXNzZXQvaW1hZ2VzL21ldGFpbWFnZS1zb25nLnBuZw,g_nw,x_0,y_0",images/875704.jpeg,@aniefann,音樂人,,,2021-11-15 17:02,20,1247,12,https://www.facebook.com/aniefann,https://www.instagram.com/morgannie/,https://www.youtube.com/aniefann,范安婷重製專輯《亞底米1889 V2.0》 探討「人」與「人工智慧」的關係|||https://blow.streetvoice.com/84951/?utm_source=streetvoice&utm_medium=profile-news-block; 范安婷首張專輯與門田英司合作 巡迴即將開跑|||https://blow.streetvoice.com/33771/?utm_source=streetvoice&utm_medium=profile-news-block; 門田英司製作 范安婷專輯巡迴邀跨國王牌樂手助陣|||https://blow.streetvoice.com/33498/?utm_source=streetvoice&utm_medium=profile-news-block,,Singer / Songwriter,Acoustic 單曲,https://streetvoice.com/aniefann/songs/album/97325936/,,"范安婷十三年前發行的《聽說有個人，在紐約等著我》，如今以全新的不插電版本重新與大家見面。經過時間的沉澱，這首歌也更加真摯坦率。溫暖的木吉他與豐富的和聲交織其中，讓這首歌顯得簡單而質樸，坦誠而充滿渴望。木箱鼓沉穩的節奏推動著歌曲，也陪著范安婷一次又一次地問：如果呢？ 如果我能先開口，跨越那道沉默的距離？如果我能修復那些裂開的傷口？ 在《聽說有個人，在紐約等著我》的故事裡，一段關係被距離慢慢拉開——有現實中的距離，也有心與心之間的距離。當兩個人都在想著對方，卻說不出口自己的心意時，答案彷彿就在眼前，卻又令人心碎地遙遠。在副歌的最後一句，Anie 輕輕點出所有遺憾的源頭：「但我們太多說不出的話。」 
范安婷十三年前發行的《聽說有個人，在紐約等著我》，如今以全新的不插電版本重新與大家見面。經過時間的沉澱，這首歌也更加真摯坦率。溫暖的木吉他與豐富的和聲交織其中，讓這首歌顯得簡單而質樸，坦誠而充滿渴望。木箱鼓沉穩的節奏推動著歌曲，也陪著范安婷一次又一次地問：如果呢？ 如果我能先開口，跨越那道沉默的距離？如果我能修復那些裂開的傷口？
在《聽說有個人，在紐約等著我》的故事裡，一段關係被距離慢慢拉開——有現實中的距離，也有心與心之間的距離。當兩個人都在想著對方，卻說不出口自己的心意時，答案彷彿就在眼前，卻又令人心碎地遙遠。在副歌的最後一句，Anie 輕輕點出所有遺憾的源頭：「但我們太多說不出的話。」","動態歌詞
聽說有個人 在紐約等著我 他搭上任何 一班列車 繞著城市坐 多出的時間 不想都花在回家 他看見窗外 不再下雨 輕飄著雪花 也許他想問我 幾月會去看他 幾月會去看他 也許我想問他 七月天氣好嗎 七月天氣好嗎 但我們太多說不出的話 我們太多說不出的話 聽說有個人 在紐約等著我 他情願放手 不肯解釋 一句也不說 也許他想問我 幾月會去看他 幾月會去看他 也許我想問他 七月天氣好嗎 七月天氣好嗎 但我們太多說不出的話 我們太多說不出的話 聽說有個人 在紐約等著我 他搭上任何 一班列車 繞著城市坐 
聽說有個人 在紐約等著我 他搭上任何 一班列車 繞著城市坐 多出的時間 不想都花在回家 他看見窗外 不再下雨 輕飄著雪花
也許他想問我 幾月會去看他 幾月會去看他 也許我想問他 七月天氣好嗎 七月天氣好嗎 但我們太多說不出的話 我們太多說不出的話
聽說有個人 在紐約等著我 他情願放手 不肯解釋 一句也不說
也許他想問我 幾月會去看他 幾月會去看他 也許我想問他 七月天氣好嗎 七月天氣好嗎 但我們太多說不出的話 我們太多說不出的話
聽說有個人 在紐約等著我 他搭上任何 一班列車 繞著城市坐
留言（ 0 ） 最相關留言 所有留言
留言（ 0 ）",2026-08-21,,編輯推薦,True,False,
2026-08-22 03:33:00,realtime,all,,,29,劉正 J.Liu,相愛是什麼(Feat. 宋家耘 Üne SONG ）,11,44,2,https://streetvoice.com/old_fire_rzc/songs/875768/,https://streetvoice.com/old_fire_rzc/,"https://akstatic.streetvoice.com/song_covers/ol/d_/old_fire_rzc/MBr5SfeS5ViSo4guEvW4mi.jpeg?x-oss-process=image/resize,m_fixed,h_1,w_1,limit_0/resize,m_fixed,h_630,w_1200,limit_0/watermark,image_c29uZ19jb3ZlcnMvb2wvZF8vb2xkX2ZpcmVfcnpjL01CcjVTZmVTNVZpU280Z3VFdlc0bWkuanBlZz94LW9zcy1wcm9jZXNzPWltYWdlL3Jlc2l6ZSxtX2ZpeGVkLGhfMzQ0LHdfMzQ0LGxpbWl0XzA,g_nw,x_428,y_143/watermark,image_YXNzZXQvaW1hZ2VzL21ldGFpbWFnZS1zb25nLnBuZw,g_nw,x_0,y_0",images/875768.jpeg,@old_fire_rzc,音樂人,新北市,2017-06-01,2026-06-18 10:02,1,237,35,https://www.facebook.com/karl831028/,https://www.instagram.com/theseus_jeffery/,https://www.youtube.com/user/StreetVoiceTV,,,Pop,,,Theseus忒修斯,"相愛是什麼？ 我們試著用理性理解愛，卻在真正心動的時候變得慌張失措。那些說不出口的話、無法量化的心動，都在提醒我們——愛不是公式，也沒有標準答案。 當「你的」和「我的」不再計較，慢慢成為「我們」，或許那一刻，就是相愛。 
相愛是什麼？ 我們試著用理性理解愛，卻在真正心動的時候變得慌張失措。那些說不出口的話、無法量化的心動，都在提醒我們——愛不是公式，也沒有標準答案。 當「你的」和「我的」不再計較，慢慢成為「我們」，或許那一刻，就是相愛。","相愛是什麼 用什麼 算怎麼 能把你的和我的 當成一個我們 相愛是什麼 算什麼 該怎麼 能把計較從愛的 人眼睛裏抽走 而我 想說卻慌張失措  像夢 似幻又清醒矇朧 克制我對 苦境甘來的幻想 日子並非 觀望 美好就到 承受你包容 閉上眼出現 你的微笑 我想 萬語千言都亂套 答案 普通心理學書上 僅限理論  無法量化你讓我  心口不一了 算不算一種 喜上眉梢  而我 如何能確定 相愛是什麼 用什麼 算怎麼 能把你的和我的 當成一個我們 相愛是什麼 算什麼 該怎麼 能把計較從愛的 人眼睛裏抽走 而我 想說卻慌張失措 像夢 似幻又清醒矇朧 相愛是什麼 用什麼 算怎麼 能把你的和我的 當成一個我們 相愛是什麼 算什麼 該怎麼 能把計較從愛的 人眼睛裏抽走 而我 想說卻慌張失措 像夢 似幻又清醒矇朧 
相愛是什麼 用什麼 算怎麼 能把你的和我的 當成一個我們 相愛是什麼 算什麼 該怎麼 能把計較從愛的 人眼睛裏抽走 而我 想說卻慌張失措  像夢 似幻又清醒矇朧
克制我對 苦境甘來的幻想 日子並非 觀望 美好就到 承受你包容 閉上眼出現 你的微笑 我想 萬語千言都亂套 答案 普通心理學書上 僅限理論  無法量化你讓我  心口不一了 算不算一種 喜上眉梢  而我 如何能確定
相愛是什麼 用什麼 算怎麼 能把你的和我的 當成一個我們 相愛是什麼 算什麼 該怎麼 能把計較從愛的 人眼睛裏抽走 而我 想說卻慌張失措 像夢 似幻又清醒矇朧
相愛是什麼 用什麼 算怎麼 能把你的和我的 當成一個我們 相愛是什麼 算什麼 該怎麼 能把計較從愛的 人眼睛裏抽走 而我 想說卻慌張失措 像夢 似幻又清醒矇朧
留言（ 2 ） 最相關留言 所有留言
留言（ 2 ）",2026-08-21,,,False,False,
2026-08-22 03:33:00,realtime,all,,,30,火箭小狗 Rocky Puppy,Stand (Demo),5,89,1,https://streetvoice.com/rockypuppy/songs/875379/,https://streetvoice.com/rockypuppy/,"https://akstatic.streetvoice.com/profile_images/ro/ck/rockypuppyband/F5hJEAMrTNFkNbAHkLPNqh.jpeg?x-oss-process=image/resize,m_fixed,h_1,w_1,limit_0/resize,m_fixed,h_630,w_1200,limit_0/watermark,image_cHJvZmlsZV9pbWFnZXMvcm8vY2svcm9ja3lwdXBweWJhbmQvRjVoSkVBTXJUTkZrTmJBSGtMUE5xaC5qcGVnP3gtb3NzLXByb2Nlc3M9aW1hZ2UvcmVzaXplLG1fZml4ZWQsaF8zNDQsd18zNDQsbGltaXRfMA,g_nw,x_428,y_143/watermark,image_YXNzZXQvaW1hZ2VzL21ldGFpbWFnZS1zb25nLnBuZw,g_nw,x_0,y_0",images/875379.jpeg,@rockypuppy,音樂人,台中市,2026-07-01,,2,4,2,,,https://www.youtube.com/user/StreetVoiceTV,,,Rock,帕皮Demo,https://streetvoice.com/rockypuppy/songs/album/97325923/,,"傷痕沒有消失 只是化成迎著狂風站立的力量 當世界逼人低頭 仍在黑暗裡守住一點微光 寫給每一個快要倒下，卻還不願投降的你 
傷痕沒有消失 只是化成迎著狂風站立的力量 當世界逼人低頭 仍在黑暗裡守住一點微光
寫給每一個快要倒下，卻還不願投降的你","動態歌詞
== 火箭小狗 Rocky Puppy == == Stand (Demo) == ------------------ 疲憊的模樣 雙手佈滿舊傷 你看著窗，假裝 沒人懂的迷惘 拼碎了心臟 換不到避風港 太徬徨，找不到那微光 都一樣 受了傷，又怎樣 到底想逼誰投降 擦乾眼淚，向前望 不再退讓 狂風吹起 的力量 Stand up 保持清醒 的瘋狂 Stand up 抬起頭，別返航 This moment Keeps me free 疲憊的模樣 雙手佈滿舊傷 你看著窗，假裝 沒人懂的迷惘 拼碎了心臟 換不到避風港 太徬徨，找不到那微光 都一樣 受了傷，又怎樣 到底想逼誰投降 擦乾眼淚，向前望 不再退讓 狂風吹起 的力量 Stand up 保持清醒 的瘋狂 Stand up 抬起頭，別返航 This moment Keeps me free 撕開虛偽的對白 誰也別想逃得開 就算世界再崩壞 不離開 把痛都撐完 到極限 別心酸 等到結局崩開 最後的自白 剩下的底牌 化作塵埃 狂風吹起 的力量 Stand up 狂風吹起 的力量 Stand up 保持清醒 的瘋狂 Stand up 抬起頭，別返航 This moment Keeps me free 
== 火箭小狗 Rocky Puppy == == Stand (Demo) == ------------------
疲憊的模樣 雙手佈滿舊傷 你看著窗，假裝 沒人懂的迷惘
拼碎了心臟 換不到避風港 太徬徨，找不到那微光 都一樣
受了傷，又怎樣 到底想逼誰投降 擦乾眼淚，向前望 不再退讓
狂風吹起 的力量 Stand up 保持清醒 的瘋狂 Stand up 抬起頭，別返航 This moment Keeps me free
疲憊的模樣 雙手佈滿舊傷 你看著窗，假裝 沒人懂的迷惘
拼碎了心臟 換不到避風港 太徬徨，找不到那微光 都一樣
受了傷，又怎樣 到底想逼誰投降 擦乾眼淚，向前望 不再退讓
狂風吹起 的力量 Stand up 保持清醒 的瘋狂 Stand up 抬起頭，別返航 This moment Keeps me free
撕開虛偽的對白 誰也別想逃得開 就算世界再崩壞 不離開 把痛都撐完
到極限 別心酸 等到結局崩開 最後的自白 剩下的底牌 化作塵埃
狂風吹起 的力量 Stand up
狂風吹起 的力量 Stand up 保持清醒 的瘋狂 Stand up 抬起頭，別返航 This moment Keeps me free
留言（ 1 ） 最相關留言 所有留言
留言（ 1 ）",2026-08-19,,編輯推薦,True,False,
2026-08-22 03:33:00,realtime,all,,,31,Bystie,"PSYPHER (Man I Feel Like 質感流氓) [feat. brrrpaca, COINZ, Linle]",4,138,0,https://streetvoice.com/BeastieMusic/songs/875647/,https://streetvoice.com/BeastieMusic/,"https://akstatic.streetvoice.com/music_albums/Be/as/BeastieMusic/h5cbMihN8eY9z6G6GhoYvg.jpeg?x-oss-process=image/resize,m_fixed,h_1,w_1,limit_0/resize,m_fixed,h_630,w_1200,limit_0/watermark,image_bXVzaWNfYWxidW1zL0JlL2FzL0JlYXN0aWVNdXNpYy9oNWNiTWloTjhlWTl6Nkc2R2hvWXZnLmpwZWc_eC1vc3MtcHJvY2Vzcz1pbWFnZS9yZXNpemUsbV9maXhlZCxoXzM0NCx3XzM0NCxsaW1pdF8w,g_nw,x_428,y_143/watermark,image_YXNzZXQvaW1hZ2VzL21ldGFpbWFnZS1zb25nLnBuZw,g_nw,x_0,y_0",images/875647.jpeg,,,,,,10,21,2,,,https://www.youtube.com/user/StreetVoiceTV,,,Hip hop / Rap,我在七夕那一天跟三個大直男punch-in,https://streetvoice.com/BeastieMusic/songs/album/97325933/,brrrpaca、Linle,"以上言論不代表四人立場 
以上言論不代表四人立場","動態歌詞
把人聲給pan左 把你阿嬤養老金也全部騙走 Got nut on your face 以為是堅果 飛上天你就爆了 你不是煙火 bro Bust on her face 那種感覺像是煙火 Fat ass bitches 全部被我牽走 他想要帶我飛 遞給我了RedBull But I'm way too fire 才不需要滅火 Smash that bitch像是艾爾普利莫 那個婊子感覺像是無底洞 他們全部都是他媽的groupie hoe 交換口水 這樣算不算相濡以沫 Nam’ saying, yeah, 街頭國王登基 Stand on business, yeah, 做著我的生意 老子從來不會fall off 老子一點都不擔心 因為老子就是真一 我也想要低調但我實力不允許 Now I feel like Lil Rick Baby Yeah 我穿著baggy jeans 兩隻i17 把我左右口袋都塞滿 我在台北市寫這段verse Man, I feel like 質感流氓 我知道我位子不可能被拿走 所以這次玩抽象 Bitch, I'm only 19 只有老阿嬤會在乎市場走向 走向 台北的車道完全看不出走向 林北在中壢才沒看過 這裡治安太過優良 這些rapper沒錢還要大金牙 打個子彈在你口腔 100 thou' on yo' head, lil' bitch 十萬在你頭上 Ayy, ayy Bust (bus) on her face 她的臉是車站 她嘴被我塞壞 (sci-fi) 我不是說科幻 她嘴被我塞滿 我不是說Simon Who the fuck is Simon? 去你媽的麥塊 我挖不到diamond 現實裡的魯蛇 買不起戴森 I feel like質感 ego到不用拜神 什麼東西啊 你是誰 塞門 台上在表演我準備登機 火焰點燃瞬間飛出了星系 飛的太高我看不到地 懼高症有點發作使不上力 使不上力但我跑的飛快 我讓街上母親忙著背債 我還沒有駕照我需要被載 我早就飛了 我不需要被帶 
把人聲給pan左 把你阿嬤養老金也全部騙走 Got nut on your face 以為是堅果 飛上天你就爆了 你不是煙火 bro Bust on her face 那種感覺像是煙火 Fat ass bitches 全部被我牽走 他想要帶我飛 遞給我了RedBull But I'm way too fire 才不需要滅火 Smash that bitch像是艾爾普利莫 那個婊子感覺像是無底洞 他們全部都是他媽的groupie hoe 交換口水 這樣算不算相濡以沫 Nam’ saying, yeah, 街頭國王登基 Stand on business, yeah, 做著我的生意 老子從來不會fall off 老子一點都不擔心 因為老子就是真一 我也想要低調但我實力不允許 Now I feel like Lil Rick Baby Yeah 我穿著baggy jeans 兩隻i17 把我左右口袋都塞滿 我在台北市寫這段verse Man, I feel like 質感流氓 我知道我位子不可能被拿走 所以這次玩抽象 Bitch, I'm only 19 只有老阿嬤會在乎市場走向 走向 台北的車道完全看不出走向 林北在中壢才沒看過 這裡治安太過優良 這些rapper沒錢還要大金牙 打個子彈在你口腔 100 thou' on yo' head, lil' bitch 十萬在你頭上 Ayy, ayy Bust (bus) on her face 她的臉是車站 她嘴被我塞壞 (sci-fi) 我不是說科幻 她嘴被我塞滿 我不是說Simon Who the fuck is Simon? 去你媽的麥塊 我挖不到diamond 現實裡的魯蛇 買不起戴森 I feel like質感 ego到不用拜神 什麼東西啊 你是誰 塞門 台上在表演我準備登機 火焰點燃瞬間飛出了星系 飛的太高我看不到地 懼高症有點發作使不上力 使不上力但我跑的飛快 我讓街上母親忙著背債 我還沒有駕照我需要被載 我早就飛了 我不需要被帶
留言（ 0 ） 最相關留言 所有留言
留言（ 0 ）",2026-08-20,,,False,False,
2026-08-22 03:33:00,realtime,all,,,32,蘇裔非,開車音樂,120,7482,6,https://streetvoice.com/ifeisu/songs/871298/,https://streetvoice.com/ifeisu/,"https://akstatic.streetvoice.com/song_covers/if/ei/ifeisu/MJWQw5RxQf8Q66fedonMrV.jpeg?x-oss-process=image/resize,m_fixed,h_1,w_1,limit_0/resize,m_fixed,h_630,w_1200,limit_0/watermark,image_c29uZ19jb3ZlcnMvaWYvZWkvaWZlaXN1L01KV1F3NVJ4UWY4UTY2ZmVkb25NclYuanBlZz94LW9zcy1wcm9jZXNzPWltYWdlL3Jlc2l6ZSxtX2ZpeGVkLGhfMzQ0LHdfMzQ0LGxpbWl0XzA,g_nw,x_428,y_143/watermark,image_YXNzZXQvaW1hZ2VzL21ldGFpbWFnZS1zb25nLnBuZw,g_nw,x_0,y_0",images/871298.jpeg,@ifeisu,音樂人,台北市,2023-08-01,2023-10-11 15:40,11,345,1,,,https://www.youtube.com/user/StreetVoiceTV,,,Hip hop / Rap,,,,,"動態歌詞
Got a roll-call over on the west side 他問什麼時候到我回他現在 左手方向盤我右手播著電台 FM 91.3 在我腦裡 yeah right Got them redeye over on my 眼白 剩下你還沒有綁好的肩帶 他問我什麼時候到我回他現在 huh, yeah, but when I I dream about this all the time I’m doing quite alright So would you like to be my ride or die If you hit me up better on time 我開車開太久了開始變得有點搶拍 你叫我不要想太多 xanny and some hot wine 週刊連載這個旅程right on that Jumpboy 開了三十分鐘 左邊還是大海 開了三十分鐘 But I’m going offline 他問我什麼是愛我說would die for it but I won’t I dream about this all the time I’m doing quite alright So would you like to be my ride or die 這個城市充滿我的playlist 戴上墨鏡 傾聽我的隨意 嘿 華麗的轉過身去 我的鬆弛不被明碼標記 瞧我笑的得體 得意 dirty Bad and boujee ,extra lazy 像是喝了台啤的Harley Quinn Came straight out of Disney Got a roll-call over on the west side 他問什麼時候到我回他現在 左手方向盤我右手播著電台 FM 91.3 在我腦裡 yeah right Got them redeye over on my 眼白 剩下你還沒有綁好的肩帶 他問我什麼時候到我回他現在 huh, yeah, but when I I dream about this all the time I’m doing quite alright So would you like to be my ride or die 
Got a roll-call over on the west side 他問什麼時候到我回他現在 左手方向盤我右手播著電台 FM 91.3 在我腦裡 yeah right Got them redeye over on my 眼白 剩下你還沒有綁好的肩帶 他問我什麼時候到我回他現在 huh, yeah, but when I
I dream about this all the time I’m doing quite alright So would you like to be my ride or die
If you hit me up better on time 我開車開太久了開始變得有點搶拍 你叫我不要想太多 xanny and some hot wine 週刊連載這個旅程right on that Jumpboy 開了三十分鐘 左邊還是大海 開了三十分鐘 But I’m going offline 他問我什麼是愛我說would die for it but I won’t
I dream about this all the time I’m doing quite alright So would you like to be my ride or die
這個城市充滿我的playlist 戴上墨鏡 傾聽我的隨意 嘿 華麗的轉過身去 我的鬆弛不被明碼標記 瞧我笑的得體 得意 dirty Bad and boujee ,extra lazy 像是喝了台啤的Harley Quinn Came straight out of Disney
Got a roll-call over on the west side 他問什麼時候到我回他現在 左手方向盤我右手播著電台 FM 91.3 在我腦裡 yeah right Got them redeye over on my 眼白 剩下你還沒有綁好的肩帶 他問我什麼時候到我回他現在 huh, yeah, but when I
I dream about this all the time I’m doing quite alright So would you like to be my ride or die
留言（ 6 ） 最相關留言 所有留言
留言（ 6 ）",2026-08-01,,Song of the Day; 編輯推薦,True,True,
2026-08-22 03:33:00,realtime,all,,,33,宋德鶴Song of crane,怎麼會,5,152,0,https://streetvoice.com/Song_of_crane/songs/873403/,https://streetvoice.com/Song_of_crane/,"https://akstatic.streetvoice.com/music_albums/So/ng/Song_of_crane/CCP4dNbWXDejdEQrABZBAk.jpeg?x-oss-process=image/resize,m_fixed,h_1,w_1,limit_0/resize,m_fixed,h_630,w_1200,limit_0/watermark,image_bXVzaWNfYWxidW1zL1NvL25nL1Nvbmdfb2ZfY3JhbmUvQ0NQNGROYldYRGVqZEVRckFCWkJBay5qcGVnP3gtb3NzLXByb2Nlc3M9aW1hZ2UvcmVzaXplLG1fZml4ZWQsaF8zNDQsd18zNDQsbGltaXRfMA,g_nw,x_428,y_143/watermark,image_YXNzZXQvaW1hZ2VzL21ldGFpbWFnZS1zb25nLnBuZw,g_nw,x_0,y_0",images/873403.jpeg,@Song_of_crane,音樂人,彰化縣,2014-07-01,2021-09-02 17:50,36,4559,,https://www.facebook.com/iornhorn,https://www.instagram.com/song_of_crane/,https://www.youtube.com/c/%E5%AE%8B%E5%BE%B7%E9%B6%B4IRONHORN,,,Rock,你聽見了嗎,https://streetvoice.com/Song_of_crane/songs/album/97325858/,,,"有什麼理由讓你忘記自己（說的容易） 有什麼事情讓你獨自哭泣（說來聽聽） 說你不夠堅強 不夠努力 還有多少人為你操心 你在下過的雨街道上 說著有天會放晴 總有難過的時候 也想要你在我身邊 怎麽會 怎麽會 想緊握卻又消失不見 總有離開的時候 也想要你在我身邊 怎麽會 怎麽會 又來不及說再見 
有什麼理由讓你忘記自己（說的容易） 有什麼事情讓你獨自哭泣（說來聽聽） 說你不夠堅強 不夠努力 還有多少人為你操心 你在下過的雨街道上 說著有天會放晴
總有難過的時候 也想要你在我身邊 怎麽會 怎麽會 想緊握卻又消失不見 總有離開的時候 也想要你在我身邊 怎麽會 怎麽會 又來不及說再見
留言（ 0 ） 最相關留言 所有留言
留言（ 0 ）",2026-08-20,,編輯推薦,True,False,
2026-08-22 03:33:00,realtime,all,,,34,宋德鶴Song of crane,淵,4,107,0,https://streetvoice.com/Song_of_crane/songs/873400/,https://streetvoice.com/Song_of_crane/,"https://akstatic.streetvoice.com/music_albums/So/ng/Song_of_crane/CCP4dNbWXDejdEQrABZBAk.jpeg?x-oss-process=image/resize,m_fixed,h_1,w_1,limit_0/resize,m_fixed,h_630,w_1200,limit_0/watermark,image_bXVzaWNfYWxidW1zL1NvL25nL1Nvbmdfb2ZfY3JhbmUvQ0NQNGROYldYRGVqZEVRckFCWkJBay5qcGVnP3gtb3NzLXByb2Nlc3M9aW1hZ2UvcmVzaXplLG1fZml4ZWQsaF8zNDQsd18zNDQsbGltaXRfMA,g_nw,x_428,y_143/watermark,image_YXNzZXQvaW1hZ2VzL21ldGFpbWFnZS1zb25nLnBuZw,g_nw,x_0,y_0",images/873400.jpeg,@Song_of_crane,音樂人,彰化縣,2014-07-01,2021-09-02 17:50,36,4559,,https://www.facebook.com/iornhorn,https://www.instagram.com/song_of_crane/,https://www.youtube.com/c/%E5%AE%8B%E5%BE%B7%E9%B6%B4IRONHORN,,,Rock,你聽見了嗎,https://streetvoice.com/Song_of_crane/songs/album/97325858/,,,"總有人對著你說 什麼事該怎麼做 還帶著一點數落 有些話開不了口 把黑色藏在心中 讓它肆意放縱 灰白色陰暗角落 作繭自縛宇宙 讓善良被愚弄 土壤因為有裂縫 光才能透進其中 黑夜轉為白晝 有時候我並不是我 還不能任性地放手 期待有人能懂的 我這虛偽的懦弱 知道你一直在求救 讓我就陪你一起走 你的悲傷困惑 我會接著 別難過 隨之凋謝的花朵 那潮汐進退的起落浦公英它飄向遠方 在風中 向下而流的沙漏 時間被制約未停留 這故事角色 有你 有他 也有我 
總有人對著你說 什麼事該怎麼做 還帶著一點數落 有些話開不了口 把黑色藏在心中 讓它肆意放縱
灰白色陰暗角落 作繭自縛宇宙 讓善良被愚弄 土壤因為有裂縫 光才能透進其中 黑夜轉為白晝
有時候我並不是我 還不能任性地放手 期待有人能懂的 我這虛偽的懦弱
知道你一直在求救 讓我就陪你一起走 你的悲傷困惑 我會接著 別難過
隨之凋謝的花朵 那潮汐進退的起落浦公英它飄向遠方 在風中
向下而流的沙漏 時間被制約未停留 這故事角色 有你 有他 也有我
留言（ 0 ） 最相關留言 所有留言
留言（ 0 ）",2026-08-20,,編輯推薦,True,False,
2026-08-22 03:33:00,realtime,all,,,35,JOYCE 就以斯,Julia,78,3792,5,https://streetvoice.com/joyce_ch0627/songs/872269/,https://streetvoice.com/joyce_ch0627/,"https://akstatic.streetvoice.com/song_covers/jo/yc/joyce_ch0627/5cgnRgJmsPYHewLYE5Rixa.jpeg?x-oss-process=image/resize,m_fixed,h_1,w_1,limit_0/resize,m_fixed,h_630,w_1200,limit_0/watermark,image_c29uZ19jb3ZlcnMvam8veWMvam95Y2VfY2gwNjI3LzVjZ25SZ0ptc1BZSGV3TFlFNVJpeGEuanBlZz94LW9zcy1wcm9jZXNzPWltYWdlL3Jlc2l6ZSxtX2ZpeGVkLGhfMzQ0LHdfMzQ0LGxpbWl0XzA,g_nw,x_428,y_143/watermark,image_YXNzZXQvaW1hZ2VzL21ldGFpbWFnZS1zb25nLnBuZw,g_nw,x_0,y_0",images/872269.jpeg,@joyce_ch0627,音樂人,,,2024-02-15 09:40,6,4170,20,,https://www.instagram.com/joyce.ch0627/,https://www.youtube.com/@joycehub,【金曲37】2026 GMA金曲國際音樂節揭幕 陳嫺靜、JOYCE 就以斯等新人獎入圍者登台演出|||https://blow.streetvoice.com/88454/?utm_source=streetvoice&utm_medium=profile-news-block; JOYCE就以斯推出新歌〈Julia〉揭開塵封四年異國情書|||https://blow.streetvoice.com/89250/?utm_source=streetvoice&utm_medium=profile-news-block; JOYCE就以斯首場海外專場完售 將「吉他復興運動」唱進校園|||https://blow.streetvoice.com/88406/?utm_source=streetvoice&utm_medium=profile-news-block,,R&B / Soul,,,,"積存的心意傾瀉而出，重拾靈感的自由和解脫，一時之間無法用文字形容，索性用些溫柔的和弦和零散的記憶，夢境似的描述一段在義大利的邂逅——威尼斯的夜晚、維洛納的清晨，還有一封留在床邊的信。 
積存的心意傾瀉而出，重拾靈感的自由和解脫，一時之間無法用文字形容，索性用些溫柔的和弦和零散的記憶，夢境似的描述一段在義大利的邂逅——威尼斯的夜晚、維洛納的清晨，還有一封留在床邊的信。","Oh it’s 4 am in the morning I’m writing something cute but also corny Words can’t describe all my feelings correctly cus I skipped my college and now I feel sorry yeah Now I’m blushing really hard Thank god the light in the room was dark Should I tell her or should I not, I I’m singing in a fine bar Venice with my guitar I swear that I’ll be patient But I might have just start falling for ya Julia, I had a crush on you since the first time I saw you I’m singing in a fine bar Venice with my guitar Saw lovers making out and I can’t stop myself from thinking of ya Julia I hope you’ll like this song cus I wrote it just for ya Now I’m blushing really hard We’re strolling down the boulevard Star is shining through the dark I’m singing in a fine bar Venice with my guitar I swear that I’ll be patient but I might have just start falling for ya Julia, I had a crush on you since the first time I saw you I’m singing in a fine bar Venice with my guitar Saw lovers making out and I can’t stop myself from thinking of ya Julia, I had a crush on you since the first time I saw you I’m singing in a fine bar Venice with my guitar Called my friends and tell them I met an angel near Verona Julia if you’re feeling down Let me sing a song for ya I left a letter on your sheets You’ll wake up and noticed it Maybe then I’ll buy you a drink Have breakfast, talk about everything In the middle of the album There’s a song called Julia who I met in Italy Now I can’t wait for Julia to hear her song 
Oh it’s 4 am in the morning I’m writing something cute but also corny Words can’t describe all my feelings correctly cus I skipped my college and now I feel sorry yeah
Now I’m blushing really hard Thank god the light in the room was dark Should I tell her or should I not, I
I’m singing in a fine bar Venice with my guitar I swear that I’ll be patient But I might have just start falling for ya Julia, I had a crush on you since the first time I saw you
I’m singing in a fine bar Venice with my guitar Saw lovers making out and I can’t stop myself from thinking of ya Julia I hope you’ll like this song cus I wrote it just for ya
Now I’m blushing really hard We’re strolling down the boulevard Star is shining through the dark
I’m singing in a fine bar Venice with my guitar I swear that I’ll be patient but I might have just start falling for ya Julia, I had a crush on you since the first time I saw you
I’m singing in a fine bar Venice with my guitar Saw lovers making out and I can’t stop myself from thinking of ya Julia, I had a crush on you since the first time I saw you
I’m singing in a fine bar Venice with my guitar Called my friends and tell them I met an angel near Verona Julia if you’re feeling down Let me sing a song for ya
I left a letter on your sheets You’ll wake up and noticed it Maybe then I’ll buy you a drink Have breakfast, talk about everything In the middle of the album There’s a song called Julia who I met in Italy Now I can’t wait for Julia to hear her song
留言（ 5 ） 最相關留言 所有留言
留言（ 5 ）",2026-07-31,,Song of the Day; 編輯推薦,True,True,
2026-08-22 03:33:00,realtime,all,,,36,宋德鶴Song of crane,你聽見了嗎,5,129,0,https://streetvoice.com/Song_of_crane/songs/873401/,https://streetvoice.com/Song_of_crane/,"https://akstatic.streetvoice.com/music_albums/So/ng/Song_of_crane/CCP4dNbWXDejdEQrABZBAk.jpeg?x-oss-process=image/resize,m_fixed,h_1,w_1,limit_0/resize,m_fixed,h_630,w_1200,limit_0/watermark,image_bXVzaWNfYWxidW1zL1NvL25nL1Nvbmdfb2ZfY3JhbmUvQ0NQNGROYldYRGVqZEVRckFCWkJBay5qcGVnP3gtb3NzLXByb2Nlc3M9aW1hZ2UvcmVzaXplLG1fZml4ZWQsaF8zNDQsd18zNDQsbGltaXRfMA,g_nw,x_428,y_143/watermark,image_YXNzZXQvaW1hZ2VzL21ldGFpbWFnZS1zb25nLnBuZw,g_nw,x_0,y_0",images/873401.jpeg,@Song_of_crane,音樂人,彰化縣,2014-07-01,2021-09-02 17:50,36,4559,,https://www.facebook.com/iornhorn,https://www.instagram.com/song_of_crane/,https://www.youtube.com/c/%E5%AE%8B%E5%BE%B7%E9%B6%B4IRONHORN,,,Rock,你聽見了嗎,https://streetvoice.com/Song_of_crane/songs/album/97325858/,,,"是否自己掉著眼淚 哭紅了眼睛 走在陌生街道 熟悉的聲音 別太著急 我在這裡 不用擔心 你的曾經 不要哭泣 不捨的你 你在墜落 我會用力接住你 你聽見了嗎 你聽見了嗎 你聽見了嗎 我會一直在你身旁 別太著急 我在這裡 不用擔心 你的曾經 不要哭泣 不捨的你 你在墜落 我會用力接住你 你聽見了嗎 你聽見了嗎 你聽見了嗎 我會一直在你身旁 
是否自己掉著眼淚 哭紅了眼睛 走在陌生街道 熟悉的聲音 別太著急 我在這裡 不用擔心 你的曾經 不要哭泣 不捨的你 你在墜落 我會用力接住你 你聽見了嗎 你聽見了嗎 你聽見了嗎 我會一直在你身旁 別太著急 我在這裡 不用擔心 你的曾經 不要哭泣 不捨的你 你在墜落 我會用力接住你 你聽見了嗎 你聽見了嗎 你聽見了嗎 我會一直在你身旁
留言（ 0 ） 最相關留言 所有留言
留言（ 0 ）",2026-08-20,,編輯推薦,True,False,
2026-08-22 03:33:00,realtime,all,,,37,邱淑蟬,跼,18,1215,2,https://streetvoice.com/shuchan_chiu/songs/872714/,https://streetvoice.com/shuchan_chiu/,"https://akstatic.streetvoice.com/song_covers/sh/uc/shuchan_chiu/42KVxnZ6BcNZjaqLGDtABq.jpeg?x-oss-process=image/resize,m_fixed,h_1,w_1,limit_0/resize,m_fixed,h_630,w_1200,limit_0/watermark,image_c29uZ19jb3ZlcnMvc2gvdWMvc2h1Y2hhbl9jaGl1LzQyS1Z4blo2QmNOWmphcUxHRHRBQnEuanBlZz94LW9zcy1wcm9jZXNzPWltYWdlL3Jlc2l6ZSxtX2ZpeGVkLGhfMzQ0LHdfMzQ0LGxpbWl0XzA,g_nw,x_428,y_143/watermark,image_YXNzZXQvaW1hZ2VzL21ldGFpbWFnZS1zb25nLnBuZw,g_nw,x_0,y_0",images/872714.jpeg,@shuchan_chiu,音樂人,,,2021-10-08 15:18,6,641,7,https://www.facebook.com/shuchanchiu1997,https://www.instagram.com/enidisme_music/,https://www.youtube.com/user/StreetVoiceTV,邱淑蟬邀製作人蕭賀碩、大象體操涂嘉欽 打造全新EP《無爭》|||https://blow.streetvoice.com/89185/?utm_source=streetvoice&utm_medium=profile-news-block; 邱淑蟬攜手鄭寶欣、好日、樂凡 打造跨國多語單曲〈定定仔行〉|||https://blow.streetvoice.com/84993/?utm_source=streetvoice&utm_medium=profile-news-block; 薄荷綠工廠推出首張創作專輯前導單曲〈That Day〉邀邱淑蟬、Deca joins 打擊樂手杜哲欣合作|||https://blow.streetvoice.com/75995/?utm_source=streetvoice&utm_medium=profile-news-block,,Folk,,,,"跼 Confined 詞曲 Lyricist＆Composer｜邱淑蟬 Shuchan Chiu 製作人 Producer｜蕭賀碩 Shuo Hsiao 編曲 Arranger｜ 陳啟原 Curtis Chan、蕭賀碩 Shuo Hsiao 電吉他 E. Guitar｜陳啟原 Curtis Chan 人聲錄音工程師及錄音室 Vocal Recording Engineer＆Studio｜陳以霖 Yi-Lin Chen @大小眼錄音室 Twin Eyes Studio 吉他錄音工程師及錄音室 Recording Engineer＆Studio｜于世政 Shin-Cheng Yu @Lights Up Studio 助理錄音工程師及錄音室 Assistant Recording Engineer & Studio｜陳佳穎 Chia-Ying Chen @Lights Up Studio 混音工程師 Mixing Engineer｜林正忠 Jerry Lin @Robot Studio 母帶後期處理工程師及錄音室 Mastering Engineer ＆ Studio｜孫仲舒 Chung-Shu Sun@鈺德科技 U-Tech MT Studio 母帶後期處理製作人 Mastering Producer｜蕭賀碩 Shuo Hsiao 企劃宣傳 Project Planning & Promotion｜曾楚芳 Matilda Tseng 視覺設計 Visual Designer｜周雨衛 Viter Chou、謝沛宸 Anmy Hsieh 平面攝影 Photographer｜柳妘儒 Yunju Liu 攝影助理 Photographer Assistant｜陳泱丞 Dozz Chen 攝影燈光 Photographer Gaffer｜Jeremii Fan 妝髮 Hair＆Makeup｜鍾其甫Ooioh 妝髮助理 Hair＆Makeup Assistant｜陳姿秀 Heena Chen 客語歌詞校正 Language counselor of Hakka lyrics｜鄭育淇 
跼 Confined
詞曲 Lyricist＆Composer｜邱淑蟬 Shuchan Chiu 製作人 Producer｜蕭賀碩 Shuo Hsiao 編曲 Arranger｜ 陳啟原 Curtis Chan、蕭賀碩 Shuo Hsiao 電吉他 E. Guitar｜陳啟原 Curtis Chan 人聲錄音工程師及錄音室 Vocal Recording Engineer＆Studio｜陳以霖 Yi-Lin Chen @大小眼錄音室 Twin Eyes Studio 吉他錄音工程師及錄音室 Recording Engineer＆Studio｜于世政 Shin-Cheng Yu @Lights Up Studio 助理錄音工程師及錄音室 Assistant Recording Engineer & Studio｜陳佳穎 Chia-Ying Chen @Lights Up Studio 混音工程師 Mixing Engineer｜林正忠 Jerry Lin @Robot Studio
母帶後期處理工程師及錄音室 Mastering Engineer ＆ Studio｜孫仲舒 Chung-Shu Sun@鈺德科技 U-Tech MT Studio 母帶後期處理製作人 Mastering Producer｜蕭賀碩 Shuo Hsiao 企劃宣傳 Project Planning & Promotion｜曾楚芳 Matilda Tseng 視覺設計 Visual Designer｜周雨衛 Viter Chou、謝沛宸 Anmy Hsieh 平面攝影 Photographer｜柳妘儒 Yunju Liu 攝影助理 Photographer Assistant｜陳泱丞 Dozz Chen 攝影燈光 Photographer Gaffer｜Jeremii Fan 妝髮 Hair＆Makeup｜鍾其甫Ooioh 妝髮助理 Hair＆Makeup Assistant｜陳姿秀 Heena Chen 客語歌詞校正 Language counselor of Hakka lyrics｜鄭育淇","𠊎看毋透 你金金个目珠 我看不透  你閃亮的眼睛 ngaiˇ kon mˇteu nˇgimˊgimˊge mugˋzuˊ 有會㖸个鳥仔  還有會飛个貓仔 有會笑的鳥      還有會飛的貓 iuˊ voi nagˋge diauˊeˋ  hanˇ iuˊ voi biˊge meu eˋ 𠊎聽毋識 你噥噥哢哢个聲 我聽不懂  你的喃喃自語 ngaiˇ tangˊ mˇ siidˋ nˇ nungˇ nungˇnung nung ge sangˊ 一下撖地泥講話 一下唱歌仔分蟻公聽 一下和地板說話  一下唱歌給螞蟻聽 idˋ ha ganˋti naiˇ gongˋfa  idˋ ha cong  goˊeˋ bunˊ ngie gungˊ tangˊ 𠊎按著這世界 已經罅擺大 我以為這世界  已經足夠大 ngaiˇon doˋ iaˋ sii  giai iˋ ginˊ la baiˋ tai 嗄跼毋得你 恁闊个心 卻困不住你 那麼寬闊的心 sa kiug mˇ dedˋ nˇanˋfadˋ ge  ximˊ 你看毋透  𠊎等冷冷个目珠 你看不透   我們冷漠的眼睛 nˇ kon mˇ teu ngaiˇ nenˊ nangˊ nangˊ ge  mugˋzuˊ 不時落雨毛仔 目汁毋敢跌 不時下毛毛雨 眼淚不敢掉落 budˋ siiˇ log  iˋmoˊeˋ mugˋ ziibˋ mˇgamˋ diedˋ 你聽毋識 𠊎撖𠊎講个話 你聽不懂  我和我說的話 nˇtangˊ mˇ siidˋ ngaiˇ ganˋ ngaiˇ  gongˋ ge  fa 就算橫倒噭眵  一定係為了自家 就算跌倒哭泣   一定是為了自己 qiu son vang doˋ gieu  ziiˊ idˋ tin  he  vi  liauˋcii gaˊ 
𠊎看毋透 你金金个目珠 我看不透  你閃亮的眼睛 ngaiˇ kon mˇteu nˇgimˊgimˊge mugˋzuˊ 有會㖸个鳥仔  還有會飛个貓仔 有會笑的鳥      還有會飛的貓 iuˊ voi nagˋge diauˊeˋ  hanˇ iuˊ voi biˊge meu eˋ 𠊎聽毋識 你噥噥哢哢个聲 我聽不懂  你的喃喃自語 ngaiˇ tangˊ mˇ siidˋ nˇ nungˇ nungˇnung nung ge sangˊ 一下撖地泥講話 一下唱歌仔分蟻公聽 一下和地板說話  一下唱歌給螞蟻聽 idˋ ha ganˋti naiˇ gongˋfa  idˋ ha cong  goˊeˋ bunˊ ngie gungˊ tangˊ
𠊎按著這世界 已經罅擺大 我以為這世界  已經足夠大 ngaiˇon doˋ iaˋ sii  giai iˋ ginˊ la baiˋ tai 嗄跼毋得你 恁闊个心 卻困不住你 那麼寬闊的心 sa kiug mˇ dedˋ nˇanˋfadˋ ge  ximˊ
你看毋透  𠊎等冷冷个目珠 你看不透   我們冷漠的眼睛 nˇ kon mˇ teu ngaiˇ nenˊ nangˊ nangˊ ge  mugˋzuˊ 不時落雨毛仔 目汁毋敢跌 不時下毛毛雨 眼淚不敢掉落 budˋ siiˇ log  iˋmoˊeˋ mugˋ ziibˋ mˇgamˋ diedˋ 你聽毋識 𠊎撖𠊎講个話 你聽不懂  我和我說的話 nˇtangˊ mˇ siidˋ ngaiˇ ganˋ ngaiˇ  gongˋ ge  fa 就算橫倒噭眵  一定係為了自家 就算跌倒哭泣   一定是為了自己 qiu son vang doˋ gieu  ziiˊ idˋ tin  he  vi  liauˋcii gaˊ
留言（ 2 ） 最相關留言 所有留言
留言（ 2 ）",2026-08-03,,Song of the Day; 編輯推薦,True,True,
2026-08-22 03:33:00,realtime,all,,,38,日生人又 Shinio,春分,1,42,1,https://streetvoice.com/shinio/songs/875640/,https://streetvoice.com/shinio/,"https://akstatic.streetvoice.com/song_covers/sh/in/shinio/cAB4uVxWyXXqsKNDnjXozB.jpeg?x-oss-process=image/resize,m_fixed,h_1,w_1,limit_0/resize,m_fixed,h_630,w_1200,limit_0/watermark,image_c29uZ19jb3ZlcnMvc2gvaW4vc2hpbmlvL2NBQjR1VnhXeVhYcXNLTkRualhvekIuanBlZz94LW9zcy1wcm9jZXNzPWltYWdlL3Jlc2l6ZSxtX2ZpeGVkLGhfMzQ0LHdfMzQ0LGxpbWl0XzA,g_nw,x_428,y_143/watermark,image_YXNzZXQvaW1hZ2VzL21ldGFpbWFnZS1zb25nLnBuZw,g_nw,x_0,y_0",images/875640.jpeg,@shinio,音樂人,台灣,2020-04-01,,3,5,11,,,https://www.youtube.com/user/StreetVoiceTV,,,Folk,,,,"書寫好像總能帶我走出生活的困境 把虛無縹緲的思緒寫下後 能感覺到雙腳重新踩在地面上 生活的紛擾、迷惘無可避免 能在一往無前與逃避之間找到一點平衡 也許也是一件好事 --------- 這首的編曲、製作來自Noe 他大概是我生活中為數不多 專心在研究音樂製作的朋友 每次去錄音室都學到滿多錄音介面操作 和錄音的一些小技巧 實在感恩 雖然音樂製作的世界廣闊無邊 希望我們都能慢慢做出自己喜歡的聲音 詞曲/封面：Shinio 編曲/和聲/混音：Noe 
書寫好像總能帶我走出生活的困境 把虛無縹緲的思緒寫下後 能感覺到雙腳重新踩在地面上
生活的紛擾、迷惘無可避免 能在一往無前與逃避之間找到一點平衡 也許也是一件好事 --------- 這首的編曲、製作來自Noe 他大概是我生活中為數不多 專心在研究音樂製作的朋友
每次去錄音室都學到滿多錄音介面操作 和錄音的一些小技巧 實在感恩
雖然音樂製作的世界廣闊無邊 希望我們都能慢慢做出自己喜歡的聲音
詞曲/封面：Shinio 編曲/和聲/混音：Noe","生活一遍一遍 抽絲剝繭 撥不開千絲萬縷 理不清情絲深淺 寫了一篇一篇 徹夜未眠 零碎的片語隻言 放進字裡行間 生命一天一天 宛如飛煙 華月芳年 珍惜所念 在離開之前 萬般流連 歲歲年年 唯有一往無前 願翻越重山去找 把年華寫成詩 雲邊燕子往南飛走 就跟隨他 隨風飄盪遠走 生活太多紛擾 城市擁擠著喧囂 濃霧遮蓋蔽他的雙眼 讓風洗淨它 恰如初生模樣 
生活一遍一遍 抽絲剝繭 撥不開千絲萬縷 理不清情絲深淺
寫了一篇一篇 徹夜未眠 零碎的片語隻言 放進字裡行間
生命一天一天 宛如飛煙 華月芳年 珍惜所念
在離開之前 萬般流連 歲歲年年 唯有一往無前
願翻越重山去找 把年華寫成詩 雲邊燕子往南飛走 就跟隨他 隨風飄盪遠走
生活太多紛擾 城市擁擠著喧囂 濃霧遮蓋蔽他的雙眼 讓風洗淨它 恰如初生模樣
留言（ 1 ） 最相關留言 所有留言
留言（ 1 ）",2026-08-20,,編輯推薦,True,False,
2026-08-22 03:33:00,realtime,all,,,39,Bystie,"優格醬 (feat. brrrpaca, COINZ, Linle)",4,94,0,https://streetvoice.com/BeastieMusic/songs/875648/,https://streetvoice.com/BeastieMusic/,"https://akstatic.streetvoice.com/music_albums/Be/as/BeastieMusic/h5cbMihN8eY9z6G6GhoYvg.jpeg?x-oss-process=image/resize,m_fixed,h_1,w_1,limit_0/resize,m_fixed,h_630,w_1200,limit_0/watermark,image_bXVzaWNfYWxidW1zL0JlL2FzL0JlYXN0aWVNdXNpYy9oNWNiTWloTjhlWTl6Nkc2R2hvWXZnLmpwZWc_eC1vc3MtcHJvY2Vzcz1pbWFnZS9yZXNpemUsbV9maXhlZCxoXzM0NCx3XzM0NCxsaW1pdF8w,g_nw,x_428,y_143/watermark,image_YXNzZXQvaW1hZ2VzL21ldGFpbWFnZS1zb25nLnBuZw,g_nw,x_0,y_0",images/875648.jpeg,,,,,,10,21,2,,,https://www.youtube.com/user/StreetVoiceTV,,,Hip hop / Rap,我在七夕那一天跟三個大直男punch-in,https://streetvoice.com/BeastieMusic/songs/album/97325933/,brrrpaca、Linle,"以上言論不代表四人立場 
以上言論不代表四人立場","動態歌詞
Pop, pop, pop 我在摧毀這個Pop filter Man, I ain't got no filter 錢都在我口袋收著 Uh, 你馬子化妝品在我枕頭上 she feel like joker Uh, 我pump fake你馬子 那是9okerpump Pwaaa! 我馬子吃沙拉配他媽優格醬 我馬子不叫莎拉 但我吃我馬子也配優格醬 你馬子也喜歡我的優格 她也喜歡我的優格醬 你馬子對我沙拉嘿呦 她喜歡我的優格對我blow the job Like yogurt on my tongue, tongue, tongue Tung Tung Tung Sahur Like, she's a whore too What the fuck, fuck She's a whore too 他喜歡吃優格醬 I mean, she's a bitch as well 她是海灘 她只有風和浪 Yeah 他在海灘 有風和浪 我在海邊衝著浪 海邊有大白鯊 I told her run 然後她被吃掉了 she dumb as fuck 射穿你的家人 射穿你的阿公 射穿你的阿嬤 蛤 再內射你的馬子 蛤 蛤 你是誰 蛤 內射你的馬子 內射你的家人 我是射手座 Uh, this that boombap shit 2000年代熱狗貨 我不想在你馬子身上花錢 我們都在那廁所做 Uh, 你就像你馬子一樣 身上有各種洞 Uh, 我不是射手座 我好面子應該是獅子 用飛機聯絡你女友 挑個好的日子 一男一女一條綠帽狗 你應該試試 我會跟她有養一隻貓和四個孩子 Ain’t got 孩子 Got no kids, no like KID Ba-da-ba-ba, ba-da-ba-ba, ba-da-bum Man, I feel like JID Yeah, 走到哪都被很多妹在意 Yeah, 那個妹我不喜歡 因為他腿太細 他在這邊嘰嘰嘰 我以為他媽幹到鴨子 shit 太geek Now I feel like C.Holly Bitch, you ain't the man I need 你馬子全身是天然的 放屁應該也算天然氣 天然器 愛護地球like no plastic 幹這個音軌怎麼這麼粗 damn, that's thick 那就是為什麼我從來都不用錄任何adlibs 
Pop, pop, pop 我在摧毀這個Pop filter Man, I ain't got no filter 錢都在我口袋收著 Uh, 你馬子化妝品在我枕頭上 she feel like joker Uh, 我pump fake你馬子 那是9okerpump Pwaaa! 我馬子吃沙拉配他媽優格醬 我馬子不叫莎拉 但我吃我馬子也配優格醬 你馬子也喜歡我的優格 她也喜歡我的優格醬 你馬子對我沙拉嘿呦 她喜歡我的優格對我blow the job Like yogurt on my tongue, tongue, tongue Tung Tung Tung Sahur Like, she's a whore too What the fuck, fuck She's a whore too 他喜歡吃優格醬 I mean, she's a bitch as well 她是海灘 她只有風和浪 Yeah 他在海灘 有風和浪 我在海邊衝著浪 海邊有大白鯊 I told her run 然後她被吃掉了 she dumb as fuck 射穿你的家人 射穿你的阿公 射穿你的阿嬤 蛤 再內射你的馬子 蛤 蛤 你是誰 蛤 內射你的馬子 內射你的家人 我是射手座 Uh, this that boombap shit 2000年代熱狗貨 我不想在你馬子身上花錢 我們都在那廁所做 Uh, 你就像你馬子一樣 身上有各種洞 Uh, 我不是射手座 我好面子應該是獅子 用飛機聯絡你女友 挑個好的日子 一男一女一條綠帽狗 你應該試試 我會跟她有養一隻貓和四個孩子 Ain’t got 孩子 Got no kids, no like KID Ba-da-ba-ba, ba-da-ba-ba, ba-da-bum Man, I feel like JID Yeah, 走到哪都被很多妹在意 Yeah, 那個妹我不喜歡 因為他腿太細 他在這邊嘰嘰嘰 我以為他媽幹到鴨子 shit 太geek Now I feel like C.Holly Bitch, you ain't the man I need 你馬子全身是天然的 放屁應該也算天然氣 天然器 愛護地球like no plastic 幹這個音軌怎麼這麼粗 damn, that's thick 那就是為什麼我從來都不用錄任何adlibs
留言（ 0 ） 最相關留言 所有留言
留言（ 0 ）",2026-08-20,,,False,False,
2026-08-22 03:33:00,realtime,all,,,40,彩燎Auraq,惡魔的低語Demo,2,43,0,https://streetvoice.com/kzyi82736/songs/875674/,https://streetvoice.com/kzyi82736/,"https://akstatic.streetvoice.com/song_covers/kz/yi/kzyi82736/iySG7484F7jyD955aQCqpT.jpg?x-oss-process=image/resize,m_fixed,h_1,w_1,limit_0/resize,m_fixed,h_630,w_1200,limit_0/watermark,image_c29uZ19jb3ZlcnMva3oveWkva3p5aTgyNzM2L2l5U0c3NDg0RjdqeUQ5NTVhUUNxcFQuanBnP3gtb3NzLXByb2Nlc3M9aW1hZ2UvcmVzaXplLG1fZml4ZWQsaF8zNDQsd18zNDQsbGltaXRfMA,g_nw,x_428,y_143/watermark,image_YXNzZXQvaW1hZ2VzL21ldGFpbWFnZS1zb25nLnBuZw,g_nw,x_0,y_0",images/875674.jpg,@kzyi82736,音樂人,,,,1,2,1,,,https://www.youtube.com/user/StreetVoiceTV,,,Alternative,,,,"如果您是戴耳機聆聽的 先跟你說聲抱歉哈哈哈哈哈哈哈 
如果您是戴耳機聆聽的 先跟你說聲抱歉哈哈哈哈哈哈哈","我閉上雙眸 離開了地球 忘乎所以的流連 想放開雙手 卻想起什麼 擦乾眼角的淚水 我閉上雙眸 離開了地球 忘乎所以的流連 但有聲音在把我召回 喔是誰 又是誰 麥克Arthur好像說過 …或他沒說 但 當你像是列車失控 那就來一瓶酒 我想說人的心臟就像藝術品 只可惜我們腦海裡面都只有自己 I see, baby, what you mean I mean—baby, what you see 如果 妳也需要me 請妳 告訴我我沒關係 Yeah 我沒關係 是的我沒關係 我閉上雙眸 離開了地球 忘乎所以的流連 想放開雙手 卻想起什麼 擦乾眼角的淚水 我閉上雙眸 離開了地球 忘乎所以的流連 但有聲音在把我召回 喔是誰 又是誰 
我閉上雙眸 離開了地球 忘乎所以的流連 想放開雙手 卻想起什麼 擦乾眼角的淚水 我閉上雙眸 離開了地球 忘乎所以的流連 但有聲音在把我召回 喔是誰 又是誰
麥克Arthur好像說過 …或他沒說 但 當你像是列車失控 那就來一瓶酒 我想說人的心臟就像藝術品 只可惜我們腦海裡面都只有自己
I see, baby, what you mean I mean—baby, what you see 如果 妳也需要me 請妳 告訴我我沒關係 Yeah 我沒關係 是的我沒關係
我閉上雙眸 離開了地球 忘乎所以的流連 想放開雙手 卻想起什麼 擦乾眼角的淚水 我閉上雙眸 離開了地球 忘乎所以的流連 但有聲音在把我召回 喔是誰 又是誰
留言（ 0 ） 最相關留言 所有留言
留言（ 0 ）",2026-08-21,,編輯推薦,True,False,
2026-08-22 03:33:00,realtime,all,,,41,Cynthia,你會喜歡我,8,216,2,https://streetvoice.com/cynthiiia/songs/875287/,https://streetvoice.com/cynthiiia/,"https://akstatic.streetvoice.com/song_covers/cy/nt/cynthiiia/LDf3va2e7CHkLfZ4WRt3i3.jpeg?x-oss-process=image/resize,m_fixed,h_1,w_1,limit_0/resize,m_fixed,h_630,w_1200,limit_0/watermark,image_c29uZ19jb3ZlcnMvY3kvbnQvY3ludGhpaWlhL0xEZjN2YTJlN0NIa0xmWjRXUnQzaTMuanBlZz94LW9zcy1wcm9jZXNzPWltYWdlL3Jlc2l6ZSxtX2ZpeGVkLGhfMzQ0LHdfMzQ0LGxpbWl0XzA,g_nw,x_428,y_143/watermark,image_YXNzZXQvaW1hZ2VzL21ldGFpbWFnZS1zb25nLnBuZw,g_nw,x_0,y_0",images/875287.jpeg,@cynthiiia,音樂人,新北市,2020-11-01,2025-08-01 14:16,11,74,24,,https://www.instagram.com/cynthiiia_t,https://youtube.com/@cynthia6135,,,Singer / Songwriter,,,,"這首歌，致不善表達的你 這些...就是你愛我的原因對吧˚ʚ♡ɞ˚ 作詞Lyricist | Cynthia 作曲Composer | Cynthia 編曲Arranger | CAsPER 混音Mixing Engineer | CAsPER 製作人Producer | Cynthia,CAsPER 
這首歌，致不善表達的你 這些...就是你愛我的原因對吧˚ʚ♡ɞ˚
作詞Lyricist | Cynthia 作曲Composer | Cynthia 編曲Arranger | CAsPER 混音Mixing Engineer | CAsPER 製作人Producer | Cynthia,CAsPER","你會喜歡我側臉的輪廓 你會喜歡我自信的笑容 我知道你不會說出來 沒關係就讓我來猜 自律有條理偶爾有點感性的理性 還有顆感恩的心 附加少一根筋 都是為了你 連過馬路都很小心 錯過了班機 不小心拖累你 I'm Sorry 研究了規則 卻還是失算的Disney 想證明我可以 也許還需要再練習 已經成為這趟旅程最好的紀念品 我懂你習慣用行動表達 就算我又搞砸 應該也很可愛吧？ 微笑看著我在你前鏡頭 無可抵擋的光 無可取代的寶藏 是這樣對嗎？ 你會心疼我流淚的時候 想做點什麼卻不知所措 我知道你能感同身受 一個擁抱 就當你都懂 成熟不吵不鬧 整理好情緒再來溝通 絕不委屈自己也不會讓你難受 怎麼捨得放手 生活被工作填滿 還是把你放第一 能一個人吃飯 但有你會更開心 兩條平行線的相遇 算是我還是你幸運 就算我愛你也不會失去自己 我懂你習慣用行動表達 就算我又搞砸 應該也很可愛吧？ 微笑看著我在你前鏡頭 無可抵擋的光 無可取代的寶藏 是這樣對嗎？ 你會喜歡我 不強求你說 再更喜歡我 如果沒猜錯 
你會喜歡我側臉的輪廓 你會喜歡我自信的笑容 我知道你不會說出來 沒關係就讓我來猜
自律有條理偶爾有點感性的理性 還有顆感恩的心 附加少一根筋 都是為了你 連過馬路都很小心
錯過了班機 不小心拖累你 I'm Sorry 研究了規則 卻還是失算的Disney 想證明我可以 也許還需要再練習 已經成為這趟旅程最好的紀念品
我懂你習慣用行動表達 就算我又搞砸 應該也很可愛吧？ 微笑看著我在你前鏡頭 無可抵擋的光 無可取代的寶藏 是這樣對嗎？
你會心疼我流淚的時候 想做點什麼卻不知所措 我知道你能感同身受 一個擁抱 就當你都懂 成熟不吵不鬧 整理好情緒再來溝通 絕不委屈自己也不會讓你難受 怎麼捨得放手
生活被工作填滿 還是把你放第一 能一個人吃飯 但有你會更開心 兩條平行線的相遇 算是我還是你幸運 就算我愛你也不會失去自己
我懂你習慣用行動表達 就算我又搞砸 應該也很可愛吧？ 微笑看著我在你前鏡頭 無可抵擋的光 無可取代的寶藏 是這樣對嗎？
你會喜歡我 不強求你說 再更喜歡我 如果沒猜錯
留言（ 2 ） 最相關留言 所有留言
留言（ 2 ）",2026-08-18,,編輯推薦,True,False,
2026-08-22 03:33:00,realtime,all,,,42,羅架許,浪漫寫手Demo,22,9977,28,https://streetvoice.com/josh_lo/songs/875146/,https://streetvoice.com/josh_lo/,"https://akstatic.streetvoice.com/song_covers/jo/sh/josh_lo/46hqwhfT2aJTkayDihVDpX.jpeg?x-oss-process=image/resize,m_fixed,h_1,w_1,limit_0/resize,m_fixed,h_630,w_1200,limit_0/watermark,image_c29uZ19jb3ZlcnMvam8vc2gvam9zaF9sby80Nmhxd2hmVDJhSlRrYXlEaWhWRHBYLmpwZWc_eC1vc3MtcHJvY2Vzcz1pbWFnZS9yZXNpemUsbV9maXhlZCxoXzM0NCx3XzM0NCxsaW1pdF8w,g_nw,x_428,y_143/watermark,image_YXNzZXQvaW1hZ2VzL21ldGFpbWFnZS1zb25nLnBuZw,g_nw,x_0,y_0",images/875146.jpeg,@josh_lo,音樂人,日本,2016-09-01,2024-10-17 13:45,34,171,107,,,https://www.youtube.com/user/StreetVoiceTV,,,Experimental,,,,"再過幾天情人節快到了～❤️ 祝大家情人節快樂！ 我唱到快破音了~ 詞／唱｜羅架許 編曲｜77喵 鍵盤｜77喵 錄音／混音｜AMG 工作室 製作｜羅架許 剛開始寫歌的時候，常常都在海邊跟超商吸取靈感。 有時候一坐就是一兩個小時，吹著海風、喝著飲料，腦袋裡慢慢長出一些旋律和歌詞。 但很奇怪的是，只要到了海邊，就會很想唱《安平追想曲》😂 可能是台南人的 DNA 吧，海風一吹，腦袋裡不是自己的歌，反而先響起「身穿花紅長洋裝」…… 後來才發現，創作好像本來就是這樣。 有時候你以為自己是去找靈感，最後卻是被一個熟悉的地方、一首老歌，甚至一段記憶帶著走。 海邊、超商、深夜的街道，這些看似普通的地方，反而成了我剛開始寫歌時最常出現的「錄音室」。 而現在回頭想想， 也許那些歌還沒有寫得多好， 但至少都記錄了那個坐在海邊、吹著風，認真想著「我要不要再寫一首歌」的自己。 願每一個正在愛的人，都能被好好珍惜。 也願還沒遇見愛情的人，某一天會遇見那個對的人。🌹 Happy Valentine's Day ❤️ https://open.spotify.com/track/2CTY4DT3S5LDPl94YiBwV9?si=hkxJo3f0Sr2RKD5eirvluQ&utm_source=copy-link 
再過幾天情人節快到了～❤️ 祝大家情人節快樂！ 我唱到快破音了~ 詞／唱｜羅架許 編曲｜77喵 鍵盤｜77喵 錄音／混音｜AMG 工作室 製作｜羅架許
剛開始寫歌的時候，常常都在海邊跟超商吸取靈感。 有時候一坐就是一兩個小時，吹著海風、喝著飲料，腦袋裡慢慢長出一些旋律和歌詞。
但很奇怪的是，只要到了海邊，就會很想唱《安平追想曲》😂 可能是台南人的 DNA 吧，海風一吹，腦袋裡不是自己的歌，反而先響起「身穿花紅長洋裝」……
後來才發現，創作好像本來就是這樣。 有時候你以為自己是去找靈感，最後卻是被一個熟悉的地方、一首老歌，甚至一段記憶帶著走。
海邊、超商、深夜的街道，這些看似普通的地方，反而成了我剛開始寫歌時最常出現的「錄音室」。
而現在回頭想想， 也許那些歌還沒有寫得多好， 但至少都記錄了那個坐在海邊、吹著風，認真想著「我要不要再寫一首歌」的自己。
願每一個正在愛的人，都能被好好珍惜。 也願還沒遇見愛情的人，某一天會遇見那個對的人。🌹
Happy Valentine's Day ❤️
https://open.spotify.com/track/2CTY4DT3S5LDPl94YiBwV9?si=hkxJo3f0Sr2RKD5eirvluQ&utm_source=copy-link
https://open.spotify.com/track/2CTY4DT3S5LDPl94YiBwV9?si=hkxJo3f0Sr2RKD5eirvluQ&utm_source=copy-link","動態歌詞
我寫詞就是硬假裝是 R&B 卻只湊出一堆 ABC 想寫首討厭紅樓夢 卻寫成安平追想曲 Chorus 只怕我自己會愛上你 但是怕我會情不自禁 怕我什麼都想要給你 也許自己會力不從心 Verse 2 想寫一首關於我愛你 那不是詞情感可比擬 就像哈雷的三拍節奏 我寫出了想你的時候 Chorus 只怕我自己會愛上你 但是怕我會情不自禁 怕我什麼都想要給你 也許自己會力不從心 Bridge 不管韻腳該怎麼押 不管歌能否夠傳唱 我只會映襯輝映排比 因為我愛意無語能比 那種自由 就是一起飛 那種風速 我們一起追 如果人生只剩最後一頁 我想寫的還是你的名字 Final Chorus 只怕我自己真的愛上你 這一次我不想再小心翼翼 就算我什麼都給不起 至少還有這首歌送給你 只怕我自己真的愛上你 寫到最後才發現就是你 什麼 R&B 什麼 ABC 我最浪漫的押韻 就是我和你 Outro 我不是什麼浪漫寫手 也寫不出多漂亮的宇宙 只是每一次拿起筆的時候 腦袋裡面 都剛好是你。 
我寫詞就是硬假裝是 R&B 卻只湊出一堆 ABC 想寫首討厭紅樓夢 卻寫成安平追想曲 Chorus 只怕我自己會愛上你 但是怕我會情不自禁 怕我什麼都想要給你 也許自己會力不從心 Verse 2 想寫一首關於我愛你 那不是詞情感可比擬 就像哈雷的三拍節奏 我寫出了想你的時候 Chorus 只怕我自己會愛上你 但是怕我會情不自禁 怕我什麼都想要給你 也許自己會力不從心 Bridge 不管韻腳該怎麼押 不管歌能否夠傳唱 我只會映襯輝映排比 因為我愛意無語能比 那種自由 就是一起飛 那種風速 我們一起追 如果人生只剩最後一頁 我想寫的還是你的名字 Final Chorus 只怕我自己真的愛上你 這一次我不想再小心翼翼 就算我什麼都給不起 至少還有這首歌送給你 只怕我自己真的愛上你 寫到最後才發現就是你 什麼 R&B 什麼 ABC 我最浪漫的押韻 就是我和你 Outro 我不是什麼浪漫寫手 也寫不出多漂亮的宇宙 只是每一次拿起筆的時候 腦袋裡面 都剛好是你。
留言（ 28 ） 最相關留言 所有留言
留言（ 28 ）",2026-08-17,,,False,False,
2026-08-22 03:33:00,realtime,all,,,43,蔡題謙 Tee Train,在你離開之前擁抱我,33,3165,2,https://streetvoice.com/teetrain0112/songs/871581/,https://streetvoice.com/teetrain0112/,"https://akstatic.streetvoice.com/song_covers/te/et/teetrain0112/2xd8gwbzVEKFpEHPZ2ZGEC.jpeg?x-oss-process=image/resize,m_fixed,h_1,w_1,limit_0/resize,m_fixed,h_630,w_1200,limit_0/watermark,image_c29uZ19jb3ZlcnMvdGUvZXQvdGVldHJhaW4wMTEyLzJ4ZDhnd2J6VkVLRnBFSFBaMlpHRUMuanBlZz94LW9zcy1wcm9jZXNzPWltYWdlL3Jlc2l6ZSxtX2ZpeGVkLGhfMzQ0LHdfMzQ0LGxpbWl0XzA,g_nw,x_428,y_143/watermark,image_YXNzZXQvaW1hZ2VzL21ldGFpbWFnZS1zb25nLnBuZw,g_nw,x_0,y_0",images/871581.jpeg,@teetrain0112,音樂人,,,2024-01-11 17:13,11,3761,4,,,https://www.youtube.com/user/StreetVoiceTV,第二屆「街聲年度音樂趨勢大獎」擴大規模舉辦！邀張震嶽、熊仔、國國、鄭宜農擔任頒獎嘉賓|||https://blow.streetvoice.com/78673/?utm_source=streetvoice&utm_medium=profile-news-block; 金曲、金音前哨站，第二屆「𝙎𝙩𝙧𝙚𝙚𝙩𝙑𝙤𝙞𝙘𝙚 𝘼𝙬𝙖𝙧𝙙𝙨 街聲年度音樂趨勢大獎」公布全名單|||https://blow.streetvoice.com/78557/?utm_source=streetvoice&utm_medium=profile-news-block; 2024「秋OUT音樂節」9/28、9/29登場！九大舞台陣容、票價、場域全公開|||https://blow.streetvoice.com/76336/?utm_source=streetvoice&utm_medium=profile-news-block,,Singer / Songwriter,陪你等待黎明,https://streetvoice.com/teetrain0112/songs/album/97325877/,,"製作人 Producer/詹詠安 CHAN YUNG AN 作詞 Lyrics/蔡題謙 Tee Train 作曲 Composer/蔡題謙 Tee Train 編曲 Arranger/詹詠安 CHAN YUNG AN、蔡題謙 Tee Train 木吉他 Acoustic Guitar/蔡題謙 Tee Train 配唱製作人 Vocal Producer/蔡題謙 Tee Train 合聲編寫錄製 Background Vocal Arranger and Recording/詹詠安 CHAN YUNG AN、蔡題謙 Tee Train 錄音室 Recording Studio/TeeTrain’s Room 錄音師 Recording Engineer/詹詠安 CHAN YUNG AN、蔡題謙 Tee Train 混音師 Mixing Engineer/詹詠安 CHAN YUNG AN 母帶工程師 Mastering Engineer/史帝伏 Steve.Inn 平面攝影 Graphic photographer/林欣玫 May Lin 視覺設計Album Packaging/林欣玫 May Lin、蔡題謙 Tee Train 
製作人 Producer/詹詠安 CHAN YUNG AN 作詞 Lyrics/蔡題謙 Tee Train 作曲 Composer/蔡題謙 Tee Train 編曲 Arranger/詹詠安 CHAN YUNG AN、蔡題謙 Tee Train 木吉他 Acoustic Guitar/蔡題謙 Tee Train 配唱製作人 Vocal Producer/蔡題謙 Tee Train 合聲編寫錄製 Background Vocal Arranger and Recording/詹詠安 CHAN YUNG AN、蔡題謙 Tee Train 錄音室 Recording Studio/TeeTrain’s Room 錄音師 Recording Engineer/詹詠安 CHAN YUNG AN、蔡題謙 Tee Train 混音師 Mixing Engineer/詹詠安 CHAN YUNG AN 母帶工程師 Mastering Engineer/史帝伏 Steve.Inn 平面攝影 Graphic photographer/林欣玫 May Lin 視覺設計Album Packaging/林欣玫 May Lin、蔡題謙 Tee Train","我看著面前有人經過 卻沒有人回頭 我看著人來人往的街頭 卻沒有人在看我 為什麼我需要被人看見 我自己也不懂 或許這一切都在所難免 但我必須要說出口 又是一樣的念頭 一樣的寂寞 一樣又說著沒有人懂的感受 可不可以在你離開之前擁抱我 我再也無法回頭 我再也無法去說些什麼 表達我從來都不敢說的脆弱 我想盡辦法不再多說 卻沒辦法往前走 我用盡全力掙脫枷鎖 卻沒有力氣把握以後 
我看著面前有人經過 卻沒有人回頭 我看著人來人往的街頭 卻沒有人在看我 為什麼我需要被人看見 我自己也不懂 或許這一切都在所難免 但我必須要說出口
又是一樣的念頭 一樣的寂寞 一樣又說著沒有人懂的感受 可不可以在你離開之前擁抱我 我再也無法回頭 我再也無法去說些什麼 表達我從來都不敢說的脆弱
我想盡辦法不再多說 卻沒辦法往前走 我用盡全力掙脫枷鎖 卻沒有力氣把握以後
留言（ 2 ） 最相關留言 所有留言
留言（ 2 ）",2026-08-11,,編輯推薦,True,False,
2026-08-22 03:33:00,realtime,all,,,44,Control T,被你依賴著,118,4999,8,https://streetvoice.com/ControlT/songs/873412/,https://streetvoice.com/ControlT/,"https://akstatic.streetvoice.com/song_covers/Co/nt/ControlT/gnTkSx3QuhYGEhbhKB2UBn.jpeg?x-oss-process=image/resize,m_fixed,h_1,w_1,limit_0/resize,m_fixed,h_630,w_1200,limit_0/watermark,image_c29uZ19jb3ZlcnMvQ28vbnQvQ29udHJvbFQvZ25Ua1N4M1F1aFlHRWhiaEtCMlVCbi5qcGVnP3gtb3NzLXByb2Nlc3M9aW1hZ2UvcmVzaXplLG1fZml4ZWQsaF8zNDQsd18zNDQsbGltaXRfMA,g_nw,x_428,y_143/watermark,image_YXNzZXQvaW1hZ2VzL21ldGFpbWFnZS1zb25nLnBuZw,g_nw,x_0,y_0",images/873412.jpeg,@ControlT,音樂人,,,2021-09-27 15:35,18,9082,13,https://www.facebook.com/controltband/,https://instagram.com/controltband,https://youtube.com/c/ControlTband,Control T成團十週年推出首張專輯《Waste Land》 實體邀葛萊美獎設計師于薇操刀|||https://blow.streetvoice.com/84668/?utm_source=streetvoice&utm_medium=profile-news-block; Control T懷抱刺痛心情寫下〈再見之前〉 重逢的矛盾感令人深感共鳴|||https://blow.streetvoice.com/56520/?utm_source=streetvoice&utm_medium=profile-news-block; 【StreetVoice新歌週報】Control T將悲傷化作夕陽美景 陳修澤沈澱之作上線|||https://blow.streetvoice.com/55665/?utm_source=streetvoice&utm_medium=profile-news-block,,Singer / Songwriter,,,,"歡迎拿去告白。 - 製作人 Producer | Control T 作詞人 Lyricist |   黃正嘉 Zheng Jia Huang 作曲人 Composer | 黃正嘉 Zheng Jia Huang 編曲 Music Arranger | 陳信伯 Hsinpo Chen /Control T 合聲編寫 Backing Vocal Arranger | 李妮蓁 Nichen Lee/黃正嘉 Zheng Jia Huang 主唱 Lead Vocalist | 李妮蓁 Nichen Lee/黃正嘉 Zheng Jia Huang 電吉他 Electric Guitar |呂理鈞 jimjim 木吉他 Acoustic Guitar | 黃正嘉 Zheng Jia Huang Bass | 陳俊榕 CJ/陳信伯 Hsinpo Chen 錄音師 Recording Engineer | 黃渝傑 UJay Huang 混音師 Mixing Engineer |   陳信伯 Hsinpo Chen 母帶後期工程師 Mastering Engineer |  陳信伯 Hsinpo Chen 錄音室 Recording Studio | One Stroke Studio Ⓟ & © 2025 Control T 出品 ｜ Control T OP｜吾聲有限公司 Signature Sound TW CO., LTD. SP｜Warner Chappell Music, Hong Kong Limited Taiwan Branch 
歡迎拿去告白。
-
製作人 Producer | Control T 作詞人 Lyricist |   黃正嘉 Zheng Jia Huang 作曲人 Composer | 黃正嘉 Zheng Jia Huang 編曲 Music Arranger | 陳信伯 Hsinpo Chen /Control T 合聲編寫 Backing Vocal Arranger | 李妮蓁 Nichen Lee/黃正嘉 Zheng Jia Huang 主唱 Lead Vocalist | 李妮蓁 Nichen Lee/黃正嘉 Zheng Jia Huang 電吉他 Electric Guitar |呂理鈞 jimjim 木吉他 Acoustic Guitar | 黃正嘉 Zheng Jia Huang Bass | 陳俊榕 CJ/陳信伯 Hsinpo Chen 錄音師 Recording Engineer | 黃渝傑 UJay Huang 混音師 Mixing Engineer |   陳信伯 Hsinpo Chen 母帶後期工程師 Mastering Engineer |  陳信伯 Hsinpo Chen 錄音室 Recording Studio | One Stroke Studio
Ⓟ & © 2025 Control T 出品 ｜ Control T OP｜吾聲有限公司 Signature Sound TW CO., LTD. SP｜Warner Chappell Music, Hong Kong Limited Taiwan Branch","一道流星劃破寂靜的夜空 在無形之中觸動了線索 與我的複雜不安交錯成畫 逐漸明朗 只想輕描淡寫渡過的分秒 但又在時時刻刻不停提醒我 此時你的笑容來的正是時侯 逐漸美好 多好 嘗試了幾百種顏色 想重現那獨特 特別是你眼裡光澤 和難以言喻的時刻 多麼渴望我是同樣的人 足以匹配的靈魂 哪怕只是因為 也想被你依賴著 想被你依賴著 只想輕描淡寫渡過的分秒 但又在時時刻刻不停提醒我 此時你的笑容來的正是時侯 逐漸美好 多好 嘗試了幾百種顏色 想重現那獨特 特別是你眼裡光澤 和難以言喻的時刻 多麼渴望我是同樣的人 足以匹配的靈魂 哪怕只是因為 嘗試了幾百種顏色 想重現那獨特 特別是你眼裡光澤 和難以言喻的時刻 多麼渴望我是同樣的人 足以匹配的靈魂 哪怕只是因為 想被你依賴著 想被你依賴著 
一道流星劃破寂靜的夜空 在無形之中觸動了線索 與我的複雜不安交錯成畫 逐漸明朗
只想輕描淡寫渡過的分秒 但又在時時刻刻不停提醒我 此時你的笑容來的正是時侯 逐漸美好 多好
嘗試了幾百種顏色 想重現那獨特 特別是你眼裡光澤 和難以言喻的時刻
多麼渴望我是同樣的人 足以匹配的靈魂 哪怕只是因為 也想被你依賴著 想被你依賴著
只想輕描淡寫渡過的分秒 但又在時時刻刻不停提醒我 此時你的笑容來的正是時侯 逐漸美好 多好
嘗試了幾百種顏色 想重現那獨特 特別是你眼裡光澤 和難以言喻的時刻
多麼渴望我是同樣的人 足以匹配的靈魂 哪怕只是因為
嘗試了幾百種顏色 想重現那獨特 特別是你眼裡光澤 和難以言喻的時刻
多麼渴望我是同樣的人 足以匹配的靈魂 哪怕只是因為 想被你依賴著 想被你依賴著
留言（ 8 ） 最相關留言 所有留言
留言（ 8 ）",2026-08-07,,編輯推薦,True,False,
2026-08-22 03:33:00,realtime,all,,,45,loststar926,純粹,20,1723,5,https://streetvoice.com/loststar926/songs/875170/,https://streetvoice.com/loststar926/,"https://akstatic.streetvoice.com/song_covers/lo/st/loststar926/nBeYPncAfcCgpBryCjHSSd.jpg?x-oss-process=image/resize,m_fixed,h_1,w_1,limit_0/resize,m_fixed,h_630,w_1200,limit_0/watermark,image_c29uZ19jb3ZlcnMvbG8vc3QvbG9zdHN0YXI5MjYvbkJlWVBuY0FmY0NncEJyeUNqSFNTZC5qcGc_eC1vc3MtcHJvY2Vzcz1pbWFnZS9yZXNpemUsbV9maXhlZCxoXzM0NCx3XzM0NCxsaW1pdF8w,g_nw,x_428,y_143/watermark,image_YXNzZXQvaW1hZ2VzL21ldGFpbWFnZS1zb25nLnBuZw,g_nw,x_0,y_0",images/875170.jpg,@loststar926,音樂人,宜蘭縣,2022-11-01,2023-12-12 17:35,125,230,64,https://www.facebook.com/Funcal.tw,https://instagram.com/funcal.tw,https://youtube.com/@funcalmusic,,,Singer / Songwriter,,,,"純粹 
純粹","純粹 詞曲/LostStar 純粹喜歡彈琴 純粹喜歡你 純粹喜歡歌唱 唱給你聽 抱著你 靜靜睡去 純粹想陪著你 純粹傾聽你 純粹回應著你 望著你的眼睛 那樣美麗 難以抗拒 純粹想念著你 純粹迷戀你 純粹想愛著你 愛上你 不需要任何說明 純粹想要見你 純粹牽著你 純粹不想錯過 每一個你 讓我好好陪著你 
純粹 詞曲/LostStar
純粹喜歡彈琴 純粹喜歡你 純粹喜歡歌唱 唱給你聽 抱著你 靜靜睡去
純粹想陪著你 純粹傾聽你 純粹回應著你 望著你的眼睛 那樣美麗 難以抗拒
純粹想念著你 純粹迷戀你 純粹想愛著你 愛上你 不需要任何說明
純粹想要見你 純粹牽著你 純粹不想錯過 每一個你 讓我好好陪著你
留言（ 5 ） 最相關留言 所有留言
留言（ 5 ）",2026-08-17,,,False,False,
2026-08-22 03:33:00,realtime,all,,,46,君君桑,我的心破碎了,3,70,8,https://streetvoice.com/hochun/songs/875650/,https://streetvoice.com/hochun/,"https://akstatic.streetvoice.com/song_covers/ho/ch/hochun/B7uW5NTmDFeVAcHpFypRg4.jpeg?x-oss-process=image/resize,m_fixed,h_1,w_1,limit_0/resize,m_fixed,h_630,w_1200,limit_0/watermark,image_c29uZ19jb3ZlcnMvaG8vY2gvaG9jaHVuL0I3dVc1TlRtREZlVkFjSHBGeXBSZzQuanBlZz94LW9zcy1wcm9jZXNzPWltYWdlL3Jlc2l6ZSxtX2ZpeGVkLGhfMzQ0LHdfMzQ0LGxpbWl0XzA,g_nw,x_428,y_143/watermark,image_YXNzZXQvaW1hZ2VzL21ldGFpbWFnZS1zb25nLnBuZw,g_nw,x_0,y_0",images/875650.jpeg,@hochun,音樂人,新北市,2013-08-01,,11,5,3,,,https://www.youtube.com/user/StreetVoiceTV,,,Singer / Songwriter,,,,"沒有告別的告別 是很揪心的 這首歌的歌詞 我的靈魂破洞了 再也無法癒合 是自己曾經有過的感覺 
沒有告別的告別 是很揪心的 這首歌的歌詞 我的靈魂破洞了 再也無法癒合 是自己曾經有過的感覺","( verse ) 房間還留著你氣息 相片還有你的微笑 怎麼一轉眼 天空變成灰藍色 窗外燈一一熄滅 似乎預告了什麼 你的一轉身 卻沒有告別 （ chorus  ) 我的心破碎了 再也不能夠縫合 在這個靜靜的夜裡 我哭了好幾回 我的靈魂破洞了 再也不能癒合 看著藍藍的天 卻再也無法快樂起來 （ chorus 2 ) 我的心破碎了 再也不能夠縫合 在這個靜靜的夜裡 我哭了好幾回 我的靈魂破洞了 再也不能癒合 看著藍藍的天 卻再也無法快樂起來 
( verse ) 房間還留著你氣息 相片還有你的微笑 怎麼一轉眼 天空變成灰藍色
窗外燈一一熄滅 似乎預告了什麼 你的一轉身 卻沒有告別
（ chorus  ) 我的心破碎了 再也不能夠縫合 在這個靜靜的夜裡 我哭了好幾回
我的靈魂破洞了 再也不能癒合 看著藍藍的天 卻再也無法快樂起來
（ chorus 2 ) 我的心破碎了 再也不能夠縫合 在這個靜靜的夜裡 我哭了好幾回
我的靈魂破洞了 再也不能癒合 看著藍藍的天 卻再也無法快樂起來
留言（ 8 ） 最相關留言 所有留言
留言（ 8 ）",2026-08-21,,AI 協作 Singer / Songwriter,False,False,
2026-08-22 03:33:00,realtime,all,,,47,哈樂黛 Haradise,瓶中信 (Demo),3,12,2,https://streetvoice.com/haradise202412/songs/875693/,https://streetvoice.com/haradise202412/,"https://akstatic.streetvoice.com/song_covers/ha/ra/haradise202412/MuihQxXUzKofMPxhzhmNyE.jpeg?x-oss-process=image/resize,m_fixed,h_1,w_1,limit_0/resize,m_fixed,h_630,w_1200,limit_0/watermark,image_c29uZ19jb3ZlcnMvaGEvcmEvaGFyYWRpc2UyMDI0MTIvTXVpaFF4WFV6S29mTVB4aHpobU55RS5qcGVnP3gtb3NzLXByb2Nlc3M9aW1hZ2UvcmVzaXplLG1fZml4ZWQsaF8zNDQsd18zNDQsbGltaXRfMA,g_nw,x_428,y_143/watermark,image_YXNzZXQvaW1hZ2VzL21ldGFpbWFnZS1zb25nLnBuZw,g_nw,x_0,y_0",images/875693.jpeg,@haradise202412,音樂人,台北市,2016-03-01,2026-07-06 10:41,8,61,5,,https://www.instagram.com/haradise202412,https://www.youtube.com/@haradisebandofficialchannel,,,Folk,,,雨國 Kingdom of Rain,"詞：哈樂黛 曲：Chou Chao 編曲：哈樂黛 混音：趙沛 母帶：陳翰 製作人：陳翰 
詞：哈樂黛 曲：Chou Chao 編曲：哈樂黛 混音：趙沛 母帶：陳翰 製作人：陳翰","我是一封沒有地址的信 蜷縮在冰冷的玻璃瓶裡 隨著洋流 帶著你筆尖與淚痕的點滴 一起迷失在你的柔波裡 貼近著海浪的呼吸 濕氣洗去陌生的姓名在 一片汪洋裡 褪色的字句牽著我和你 展開我們的無聲遠行 陽光折射的橙色光暈 水下還藏另一片天地 不停的放映著褪色默劇 輪轉著 生鏽的回憶投影 瓶裝著 與你的幻影 我忘了我是一封信 泡沫唱著褪色的署名 被海浪叼去 連同迷路人魚 沉入海底 陽光折射的橙色光暈 水下還藏另一片天地 不停的放映著褪色默劇 嘆息撐破了玻璃瓶 字跡已落在你心底 
我是一封沒有地址的信 蜷縮在冰冷的玻璃瓶裡 隨著洋流 帶著你筆尖與淚痕的點滴 一起迷失在你的柔波裡
貼近著海浪的呼吸 濕氣洗去陌生的姓名在 一片汪洋裡 褪色的字句牽著我和你 展開我們的無聲遠行
陽光折射的橙色光暈 水下還藏另一片天地 不停的放映著褪色默劇 輪轉著 生鏽的回憶投影 瓶裝著 與你的幻影
我忘了我是一封信 泡沫唱著褪色的署名 被海浪叼去 連同迷路人魚 沉入海底
陽光折射的橙色光暈 水下還藏另一片天地 不停的放映著褪色默劇 嘆息撐破了玻璃瓶 字跡已落在你心底
留言（ 2 ） 最相關留言 所有留言
留言（ 2 ）",2026-08-21,,,False,False,
2026-08-22 03:33:00,realtime,all,,,48,悖論PXRDX,LOST,1,235,0,https://streetvoice.com/PXRDX/songs/875752/,https://streetvoice.com/PXRDX/,"https://akstatic.streetvoice.com/song_covers/PX/RD/PXRDX/2NPQnJENcqcnGQNDuxSLfE.jpeg?x-oss-process=image/resize,m_fixed,h_1,w_1,limit_0/resize,m_fixed,h_630,w_1200,limit_0/watermark,image_c29uZ19jb3ZlcnMvUFgvUkQvUFhSRFgvMk5QUW5KRU5jcWNuR1FORHV4U0xmRS5qcGVnP3gtb3NzLXByb2Nlc3M9aW1hZ2UvcmVzaXplLG1fZml4ZWQsaF8zNDQsd18zNDQsbGltaXRfMA,g_nw,x_428,y_143/watermark,image_YXNzZXQvaW1hZ2VzL21ldGFpbWFnZS1zb25nLnBuZw,g_nw,x_0,y_0",images/875752.jpeg,@PXRDX,音樂人,,,,2,1,1,,,https://www.youtube.com/user/StreetVoiceTV,,,Hip hop / Rap,,,,"也許你不是迷路了。 只是你走了很久， 才發現這條路根本沒有終點。 而你一直追的那個「答案」， 可能從一開始就不存在。 我把這種感覺寫成了一首歌。 《LOST》 
也許你不是迷路了。
只是你走了很久， 才發現這條路根本沒有終點。
而你一直追的那個「答案」， 可能從一開始就不存在。
我把這種感覺寫成了一首歌。
《LOST》","(Verse 1) 走廊盡頭有張懸掛的畫 沒有色彩 筆觸在邊緣漫延 像某種緩慢的腐敗 試圖用指尖去撫平 囤積的荒涼 卻只摸到一陣 無法被證實的虛妄 他們說那是某種必須遵循的輪廓 在像素與像素之間 悄悄完成的交錯 我只是站在潮汐消退的沙灘邊界 看著自己的影子 一點一點被海水撕解 沒有聲音的審判 在視線交錯的瞬間完成 像一場沒有受害者的 集體夢遊的犯事過程 (Hook) 那是被光線遺棄的展品 還是預告失敗的投影？ 在無數個鏡像的重疊裡 找不回最初的波長與對應 我們被困在參數組成的迷宮 摸索著不存在的邊界 讓呼吸跟著頻率塌陷 在深夜裡無聲地瓦解 多想把這層漂浮的霧撕開 看看裡面到底還剩下什麼 卻只在每一次伸手時 摸到無盡的空洞與蹉跎 (Verse 2) 螢幕的微光 在角膜上烙下幽藍的印記 那些被裁切的 被重組的 叫不出名字的微粒 在虛構的座標軸上 排列成完美的幾何 而真實的呼吸 卻成了最冗餘的附和 聲音穿過走廊 帶著輕盈的嘲弄 像羽毛落在皮膚上 卻重得讓人無法移動 我試著把那些定義 全都丟進深夜的漩渦 但漩渦浮上來的 依然是那個未解的謎題與枷鎖 (Hook) 那是被光線遺棄的展品 還是預告失敗的投影？ 在無數個鏡像的重疊裡 找不回最初的波長與對應 我們被困在參數組成的迷宮 摸索著不存在的邊界 讓呼吸跟著頻率塌陷 在深夜裡無聲地瓦解 多想把這層漂浮的霧撕開 看看裡面到底還剩下什麼 卻只在每一次伸手時 摸到無盡的空洞與蹉跎 
(Verse 1) 走廊盡頭有張懸掛的畫 沒有色彩 筆觸在邊緣漫延 像某種緩慢的腐敗 試圖用指尖去撫平 囤積的荒涼 卻只摸到一陣 無法被證實的虛妄 他們說那是某種必須遵循的輪廓 在像素與像素之間 悄悄完成的交錯 我只是站在潮汐消退的沙灘邊界 看著自己的影子 一點一點被海水撕解 沒有聲音的審判 在視線交錯的瞬間完成 像一場沒有受害者的 集體夢遊的犯事過程
(Hook) 那是被光線遺棄的展品 還是預告失敗的投影？ 在無數個鏡像的重疊裡 找不回最初的波長與對應 我們被困在參數組成的迷宮 摸索著不存在的邊界 讓呼吸跟著頻率塌陷 在深夜裡無聲地瓦解 多想把這層漂浮的霧撕開 看看裡面到底還剩下什麼 卻只在每一次伸手時 摸到無盡的空洞與蹉跎
(Verse 2) 螢幕的微光 在角膜上烙下幽藍的印記 那些被裁切的 被重組的 叫不出名字的微粒 在虛構的座標軸上 排列成完美的幾何 而真實的呼吸 卻成了最冗餘的附和 聲音穿過走廊 帶著輕盈的嘲弄 像羽毛落在皮膚上 卻重得讓人無法移動 我試著把那些定義 全都丟進深夜的漩渦 但漩渦浮上來的 依然是那個未解的謎題與枷鎖
(Hook) 那是被光線遺棄的展品 還是預告失敗的投影？ 在無數個鏡像的重疊裡 找不回最初的波長與對應 我們被困在參數組成的迷宮 摸索著不存在的邊界 讓呼吸跟著頻率塌陷 在深夜裡無聲地瓦解 多想把這層漂浮的霧撕開 看看裡面到底還剩下什麼 卻只在每一次伸手時 摸到無盡的空洞與蹉跎
留言（ 0 ） 最相關留言 所有留言
留言（ 0 ）",2026-08-21,,,False,False,
2026-08-22 03:33:00,realtime,all,,,49,魚酥,Roadman think,7,492,0,https://streetvoice.com/mute_wood_juf/songs/874904/,https://streetvoice.com/mute_wood_juf/,"https://akstatic.streetvoice.com/song_covers/mu/te/mute_wood_juf/RvqwXG23t7yov9ikdnkjXE.jpg?x-oss-process=image/resize,m_fixed,h_1,w_1,limit_0/resize,m_fixed,h_630,w_1200,limit_0/watermark,image_c29uZ19jb3ZlcnMvbXUvdGUvbXV0ZV93b29kX2p1Zi9SdnF3WEcyM3Q3eW92OWlrZG5ralhFLmpwZz94LW9zcy1wcm9jZXNzPWltYWdlL3Jlc2l6ZSxtX2ZpeGVkLGhfMzQ0LHdfMzQ0LGxpbWl0XzA,g_nw,x_428,y_143/watermark,image_YXNzZXQvaW1hZ2VzL21ldGFpbWFnZS1zb25nLnBuZw,g_nw,x_0,y_0",images/874904.jpg,@mute_wood_juf,音樂人,,,,5,29,12,,,https://www.youtube.com/user/StreetVoiceTV,,,Hip hop / Rap,,,,"🇬🇧🥷💭 
🇬🇧🥷💭","I got bird eye view I can saw that was happending Walking on the street like I’m from the UK magazine Chitty Chitty bang bang No more enemies 隨便跟人feat? Man you buck like fuckin dollar tree The children copy my bars on youtube But they ain't got shit But tryna to break rules Nixxa five Nixxa four Nixxa three Nixxa two Bitxh y’all know I’m Locked and Loaded Let me show you how to do I’m not full time rappers Still grinding on my business Freestyle on the beat But Why they call me Genius? Pussy cheating on me Actually It doesn't matter 在社群裝受害者？ We will see that Who’s Scammer 有錢能使鬼推磨 Money more than everything 米是給雞看的 You can see my ICY bling 我不在歌裡吹噓 Baby That’s a Roadman think 別僥倖 拿刀的被雙拳的給搞定 I say man not hot Still wearing my tracksuit 一張照片一把槍 Man I bet you can’t do Remember over the day Ma fada pass away 宣告搶救無效 那時 我也流下男兒淚 So I say all I wanna say What you gonna pray For ma mandem For ma fam I can't lose the any chance Then I murder on the beat 法醫大喊著:no way 就讓聽眾 Find that body And Bring it to UK bow Man I hope you find out bae That’s Roadman think For real 休想動你歪腦筋 My shooter Will taking aim at you Man I hope you find out bae That’s Roadman think For real 休想動你歪腦筋 My shooter Will taking aim at you 
I got bird eye view I can saw that was happending Walking on the street like I’m from the UK magazine Chitty Chitty bang bang No more enemies 隨便跟人feat? Man you buck like fuckin dollar tree The children copy my bars on youtube But they ain't got shit But tryna to break rules Nixxa five Nixxa four Nixxa three Nixxa two Bitxh y’all know I’m Locked and Loaded Let me show you how to do I’m not full time rappers Still grinding on my business Freestyle on the beat But Why they call me Genius? Pussy cheating on me Actually It doesn't matter 在社群裝受害者？ We will see that Who’s Scammer 有錢能使鬼推磨 Money more than everything 米是給雞看的 You can see my ICY bling 我不在歌裡吹噓 Baby That’s a Roadman think 別僥倖 拿刀的被雙拳的給搞定 I say man not hot Still wearing my tracksuit 一張照片一把槍 Man I bet you can’t do Remember over the day Ma fada pass away 宣告搶救無效 那時 我也流下男兒淚 So I say all I wanna say What you gonna pray For ma mandem For ma fam I can't lose the any chance Then I murder on the beat 法醫大喊著:no way 就讓聽眾 Find that body And Bring it to UK bow
Man I hope you find out bae That’s Roadman think For real 休想動你歪腦筋 My shooter Will taking aim at you Man I hope you find out bae That’s Roadman think For real 休想動你歪腦筋 My shooter Will taking aim at you
留言（ 0 ） 最相關留言 所有留言
留言（ 0 ）",2026-08-15,,編輯推薦,True,False,
2026-08-22 03:33:00,realtime,all,,,50,好大一把勇者劍,Kaze_404,57,4871,7,https://streetvoice.com/SWORDS_OF_BRAVE/songs/871904/,https://streetvoice.com/SWORDS_OF_BRAVE/,"https://akstatic.streetvoice.com/song_covers/SW/OR/SWORDS_OF_BRAVE/GpVoHAavpu3yYs7D7zZSYH.jpeg?x-oss-process=image/resize,m_fixed,h_1,w_1,limit_0/resize,m_fixed,h_630,w_1200,limit_0/watermark,image_c29uZ19jb3ZlcnMvU1cvT1IvU1dPUkRTX09GX0JSQVZFL0dwVm9IQWF2cHUzeVlzN0Q3elpTWUguanBlZz94LW9zcy1wcm9jZXNzPWltYWdlL3Jlc2l6ZSxtX2ZpeGVkLGhfMzQ0LHdfMzQ0LGxpbWl0XzA,g_nw,x_428,y_143/watermark,image_YXNzZXQvaW1hZ2VzL21ldGFpbWFnZS1zb25nLnBuZw,g_nw,x_0,y_0",images/871904.jpeg,@SWORDS_OF_BRAVE,音樂人,台中市,2021-01-01,2022-08-02 17:40,6,447,4,https://www.facebook.com/%E5%A5%BD%E5%A4%A7%E4%B8%80%E6%8A%8A%E5%8B%87%E8%80%85%E5%8A%8Dswords-of-brave-104728762217398,https://www.instagram.com/swords_of_brave/,https://www.youtube.com/channel/UCby1fO8wl5hDuH-elV3ZzZg,好大一把勇者劍推出新單曲〈伊迪爾特Idiot〉 巡迴現場剪輯成紀實MV|||https://blow.streetvoice.com/84759/?utm_source=streetvoice&utm_medium=profile-news-block; 好大一把勇者劍釋出新曲〈Wanna Go〉 展開首次北中南專場巡演|||https://blow.streetvoice.com/82752/?utm_source=streetvoice&utm_medium=profile-news-block; 大象體操吉他手張凱翔攜手2026諸羅搖滾 舉辦「嘉義新聲徵選」培育台灣新世代音樂人才|||https://blow.streetvoice.com/89534/?utm_source=streetvoice&utm_medium=profile-news-block,,Rock,,,,"作曲 COMPOSER｜好大一把勇者劍 作詞 LYRICIST｜好大一把勇者劍 編曲 ARRANGEMENT｜好大一把勇者劍 演唱 VOCAL｜張博淮 電吉他 ELECTRIC GUITAR｜黃浩銓・梁博涵 鼓 DRUMS｜張晉嘉 電貝斯 BASS｜劉語婕 
作曲 COMPOSER｜好大一把勇者劍 作詞 LYRICIST｜好大一把勇者劍 編曲 ARRANGEMENT｜好大一把勇者劍 演唱 VOCAL｜張博淮 電吉他 ELECTRIC GUITAR｜黃浩銓・梁博涵 鼓 DRUMS｜張晉嘉 電貝斯 BASS｜劉語婕","確定嗎 就到此為止嗎 有我的劇情 要在這裡停下 但如果活的和昨天一樣 不如就停吧 再多走一步太沉重 再多想一次太心痛 誰走來 誰走過 誰的回憶走不動 不想愛 不想痛 卻不想讓心臟沉默 誰的債 誰的錯 誰都來不及回頭 不想裝作想通 裝作看破 一二三   就回頭 最後一眼 曾經犯的錯 不想逐漸麻痺 逐漸變木頭 四五六   抬起頭 不管月球或海中 讓我邁開雙腳讓我追逐風 怎麼更改 無法更改 那天 還是 常浮現的瞬間 常定格在   你落下的 碎片 像片 大霧模糊視線 找阿找 找方法 塗改痛的原貌 逃阿逃 夢裡都 難躲回憶喧囂 找阿找 找大雨 想解後悔燃燒 找不到 逃不了 一二三   就回頭 最後一眼犯的錯 不想逐漸麻痺 逐漸變木頭 四五六   抬起頭 不管月球或海中 讓我邁開雙腳讓我 
確定嗎 就到此為止嗎 有我的劇情 要在這裡停下
但如果活的和昨天一樣 不如就停吧
再多走一步太沉重 再多想一次太心痛
誰走來 誰走過 誰的回憶走不動
不想愛 不想痛 卻不想讓心臟沉默
誰的債 誰的錯 誰都來不及回頭
不想裝作想通 裝作看破
一二三   就回頭 最後一眼 曾經犯的錯 不想逐漸麻痺 逐漸變木頭
四五六   抬起頭 不管月球或海中 讓我邁開雙腳讓我追逐風
怎麼更改 無法更改 那天 還是 常浮現的瞬間
常定格在   你落下的 碎片 像片 大霧模糊視線
找阿找 找方法 塗改痛的原貌 逃阿逃 夢裡都 難躲回憶喧囂 找阿找 找大雨 想解後悔燃燒 找不到 逃不了
一二三   就回頭 最後一眼犯的錯 不想逐漸麻痺 逐漸變木頭
四五六   抬起頭 不管月球或海中 讓我邁開雙腳讓我
留言（ 7 ） 最相關留言 所有留言
留言（ 7 ）",2026-08-09,,編輯推薦,True,False,
