snapshot_time,chart_timeframe,chart_genre,chart_year,chart_week,rank,artist_name,song_title,likes_count,play_count,comments_count,song_url,artist_url,cover_image_url,cover_image_local_path,artist_handle,artist_identity,artist_city,artist_joined_date,artist_accredited_datetime,artist_music_count,artist_fans_count,artist_following_count,artist_facebook_url,artist_instagram_url,artist_youtube_url,related_news,big_thing_appearances,genre,album_title,album_url,collaborators,description,lyrics,release_date,song_accredited_datetime,honors,is_editor_recommended,is_song_of_the_day,critic_review_url
2026-09-24 04:39:54,realtime,ai_generated,,,1,Junna Lin,《不渡江》,14,82,11,https://streetvoice.com/Junna_Lin/songs/879403/,https://streetvoice.com/Junna_Lin/,"https://akstatic.streetvoice.com/song_covers/Ju/nn/Junna_Lin/gJrgHGsH3FT8YzMwTa2QB9.jpeg?x-oss-process=image/resize,m_fill,h_400,w_400,limit_0",images/879403.jpeg,@Junna_Lin,音樂人,,,2026-08-18 10:03,126,80,128,,,https://www.youtube.com/@JunnaLinMusic,,,Rock,《清照易安》,https://streetvoice.com/Junna_Lin/songs/album/97325910/,,"《不渡江》靈感來自李清照《夏日絕句》。 「生當作人傑，死亦為鬼雄。至今思項羽，不肯過江東。」 這一次，歌曲沒有從李清照自身的故事出發，而是沿著她筆下的「項羽」重新想像——如果站在烏江之前的人，親口說出自己為什麼不渡江，他會說些什麼？ 《不渡江》寫的不是一個毫無恐懼的人。 他也會怕，也知道只要再退一步，也許還能活下去；但有些選擇一旦退讓，失去的就不只是勝負，而是自己最後相信的東西。 「我不渡這條江，不是我不怕受傷。」 這首歌想把「不肯過江東」從史書裡的一句話，變成一個人在最後時刻對自己的回答。 天下可以輸，江山可以失去，甚至名字也可能被後世重新書寫，但如果活下來的代價，是把尊嚴與信念一起放下，那麼活著本身，也未必就是勝利。 千年以前，李清照寫項羽，其實也不只是在寫一位古代英雄。 在山河動盪的時代裡，她借他的選擇，寫出了自己對氣節、尊嚴與不退讓的理解。 因此《不渡江》既是在寫項羽，也是透過李清照的目光，重新追問一件直到今天依然存在的事： 當所有人都告訴你應該退讓、應該低頭、應該先活下去時，你願意為了什麼，仍然站在原地？ 「沒有江山，沒有天下， 也不能丟了心裡的信仰。」 最後留下的不是勝敗。 而是那一句—— 我沒有投降。 👍 留下你的感覺或故事，我會看！ 👍 喜歡請按讚分享支持 【社群連結】 🎧 聽我的音樂： Spotify ▶ https://open.spotify.com/artist/1OFRgx5K1gftd7jvLV1EsS YouTube Music ▶ https://music.youtube.com/channel/UCnpKLh9e73Mb7N2NPDnMzrQ ▶️ 訂閱我的頻道： YouTube ▶ https://www.youtube.com/@JunnaLinMusic YouTube ▶ https://www.youtube.com/@SeoNarinMusic 📌 版權聲明 / Copyright Notice 本作品之歌詞、歌曲概念、旋律方向與影像設計由 Junna Lin 原創製作。 音樂成品使用 AI 音樂工具生成，並由本人整理與發布。 Lyrics, concept, melody direction, and visual design are originally created by Junna Lin. The final music was generated using AI music tools and published by Junna Lin. 請勿未經授權使用、重製或重新上傳。 Unauthorized use, reproduction, or re-upload is prohibited. © Junna Lin. All Rights Reserved. 🎤 演唱:AI ✍️ 詞:Junna Lin 🎼 曲:Junna Lin 🎧 建議在深夜或戴上耳機聆聽，感受每一層情緒 
《不渡江》靈感來自李清照《夏日絕句》。
「生當作人傑，死亦為鬼雄。至今思項羽，不肯過江東。」
這一次，歌曲沒有從李清照自身的故事出發，而是沿著她筆下的「項羽」重新想像——如果站在烏江之前的人，親口說出自己為什麼不渡江，他會說些什麼？
《不渡江》寫的不是一個毫無恐懼的人。
他也會怕，也知道只要再退一步，也許還能活下去；但有些選擇一旦退讓，失去的就不只是勝負，而是自己最後相信的東西。
「我不渡這條江，不是我不怕受傷。」
這首歌想把「不肯過江東」從史書裡的一句話，變成一個人在最後時刻對自己的回答。
天下可以輸，江山可以失去，甚至名字也可能被後世重新書寫，但如果活下來的代價，是把尊嚴與信念一起放下，那麼活著本身，也未必就是勝利。
千年以前，李清照寫項羽，其實也不只是在寫一位古代英雄。
在山河動盪的時代裡，她借他的選擇，寫出了自己對氣節、尊嚴與不退讓的理解。
因此《不渡江》既是在寫項羽，也是透過李清照的目光，重新追問一件直到今天依然存在的事：
當所有人都告訴你應該退讓、應該低頭、應該先活下去時，你願意為了什麼，仍然站在原地？
「沒有江山，沒有天下， 也不能丟了心裡的信仰。」
最後留下的不是勝敗。
而是那一句——
我沒有投降。
👍 留下你的感覺或故事，我會看！ 👍 喜歡請按讚分享支持
【社群連結】 🎧 聽我的音樂： Spotify ▶ https://open.spotify.com/artist/1OFRgx5K1gftd7jvLV1EsS YouTube Music ▶ https://music.youtube.com/channel/UCnpKLh9e73Mb7N2NPDnMzrQ
https://open.spotify.com/artist/1OFRgx5K1gftd7jvLV1EsS
https://music.youtube.com/channel/UCnpKLh9e73Mb7N2NPDnMzrQ
▶️ 訂閱我的頻道： YouTube ▶ https://www.youtube.com/@JunnaLinMusic YouTube ▶ https://www.youtube.com/@SeoNarinMusic
https://www.youtube.com/@JunnaLinMusic
https://www.youtube.com/@SeoNarinMusic
📌 版權聲明 / Copyright Notice
本作品之歌詞、歌曲概念、旋律方向與影像設計由 Junna Lin 原創製作。 音樂成品使用 AI 音樂工具生成，並由本人整理與發布。
Lyrics, concept, melody direction, and visual design are originally created by Junna Lin. The final music was generated using AI music tools and published by Junna Lin.
請勿未經授權使用、重製或重新上傳。 Unauthorized use, reproduction, or re-upload is prohibited.
© Junna Lin. All Rights Reserved.
🎤 演唱:AI ✍️ 詞:Junna Lin 🎼 曲:Junna Lin
🎧 建議在深夜或戴上耳機聆聽，感受每一層情緒","動態歌詞
風越過城牆 吹不散昨日的傷 他們說留得命在 總會熬過風霜 可若要我低著頭活 把沉默說成堅強 我寧願迎著風站著 也不隨人潮退讓 江水在身後流淌 退一步也許就能回鄉 可我問自己一句 回去以後 我是誰的模樣 我不渡這條江 不是我不怕受傷 若活著要把尊嚴埋葬 那不是我要的遠方 我不渡這條江 任風把長髮吹亂 就算今夜輸了天下 我還有一句話 沒有投降 後來史書寫得漂亮 幾行字分出了敗亡 誰記得烽火背後 多少人選擇退讓 我不是不懂得害怕 也曾想轉身離開戰場 只是有一些東西 一退就再也回不來了 千年後誰還記得 誰贏了誰失去江山 我只想有人記得 曾有人到最後 都沒有躲閃 我不渡這條江 不是我不怕受傷 若活著要把尊嚴埋葬 那不是我要的遠方 我不渡這條江 任風把長髮吹亂 就算今夜輸了天下 我還有一句話 沒有投降 生要活成自己的模樣 死也不必誰來頌揚 如果世界要我跪下 我偏要站著 看它一場 我不渡這條江 讓歲月替我回答 沒有江山 沒有天下 也不能丟了心裡的信仰 我不渡這條江 哪怕只剩我一人抵抗 多年以後若有人想起 別問我是誰 只要記得 我沒有投降 生當作人傑 死亦為鬼雄 
風越過城牆 吹不散昨日的傷 他們說留得命在 總會熬過風霜 可若要我低著頭活 把沉默說成堅強 我寧願迎著風站著 也不隨人潮退讓 江水在身後流淌 退一步也許就能回鄉 可我問自己一句 回去以後 我是誰的模樣 我不渡這條江 不是我不怕受傷 若活著要把尊嚴埋葬 那不是我要的遠方 我不渡這條江 任風把長髮吹亂 就算今夜輸了天下 我還有一句話 沒有投降 後來史書寫得漂亮 幾行字分出了敗亡 誰記得烽火背後 多少人選擇退讓 我不是不懂得害怕 也曾想轉身離開戰場 只是有一些東西 一退就再也回不來了 千年後誰還記得 誰贏了誰失去江山 我只想有人記得 曾有人到最後 都沒有躲閃 我不渡這條江 不是我不怕受傷 若活著要把尊嚴埋葬 那不是我要的遠方 我不渡這條江 任風把長髮吹亂 就算今夜輸了天下 我還有一句話 沒有投降 生要活成自己的模樣 死也不必誰來頌揚 如果世界要我跪下 我偏要站著 看它一場 我不渡這條江 讓歲月替我回答 沒有江山 沒有天下 也不能丟了心裡的信仰 我不渡這條江 哪怕只剩我一人抵抗 多年以後若有人想起 別問我是誰 只要記得 我沒有投降 生當作人傑 死亦為鬼雄
留言（ 11 ） 最相關留言 所有留言
留言（ 11 ）",2026-09-23,,AI 生成 Rock ・ 《清照易安》,False,False,
2026-09-24 04:39:54,realtime,ai_generated,,,2,AlexHu,無聲的鑰匙（音なき鍵）,19,141,26,https://streetvoice.com/s3224hustreetvoice/songs/880659/,https://streetvoice.com/s3224hustreetvoice/,"https://akstatic.streetvoice.com/song_covers/s3/22/s3224hustreetvoice/6C9nGDv5rPYo34bxvg3NXX.jpg?x-oss-process=image/resize,m_fill,h_400,w_400,limit_0",images/880659.jpg,@s3224hustreetvoice,音樂人,澎湖縣,2026-02-01,,49,79,239,,,https://www.youtube.com/user/StreetVoiceTV,,,Experimental,,,,"把快樂的遙控器交到他人手裡，往往是痛苦的開端。我們總習慣按照自己的劇本，去苛求他人的回應與轉變，一旦落空，便陷入委屈與自我懷疑。其實，期待別人就是對自己最大的暴力。它像一把隱形的繩索，勒緊了彼此的關係，也耗盡了自己的能量。唯有收回投射在外的執念，學會專注並善待自我，內心才能重獲真正的自由與平靜。 短版視頻： https://youtu.be/Sp26snGE89Q?si=pgtS_s7kWZ-iOUse 完整視頻： https://youtu.be/Vmwmt5p02xY?si=ZLK2q_SLub70Ge7Z 
把快樂的遙控器交到他人手裡，往往是痛苦的開端。我們總習慣按照自己的劇本，去苛求他人的回應與轉變，一旦落空，便陷入委屈與自我懷疑。其實，期待別人就是對自己最大的暴力。它像一把隱形的繩索，勒緊了彼此的關係，也耗盡了自己的能量。唯有收回投射在外的執念，學會專注並善待自我，內心才能重獲真正的自由與平靜。
短版視頻： https://youtu.be/Sp26snGE89Q?si=pgtS_s7kWZ-iOUse
https://youtu.be/Sp26snGE89Q?si=pgtS_s7kWZ-iOUse
完整視頻： https://youtu.be/Vmwmt5p02xY?si=ZLK2q_SLub70Ge7Z
https://youtu.be/Vmwmt5p02xY?si=ZLK2q_SLub70Ge7Z","​【台語】 暗暝的窗邊，只有風咧吹 （ 夜晚的窗邊，只有風在吹） 一直等彼个，袂閣來的人客 （一直等那個，不會再來的客人） 將心提予人秤，甘願受罪 （將心拿給別人稱，甘願受罪） 原來愛到底，攏是家己咧找麻煩 （原來愛到底，都是自己在找麻煩） ​【日語】 他人に願うことは、自分への暴力だ （對他人的需求是對自己的暴力） 傷だらけの鏡の中で、やっと気づいた （在佈滿傷痕的境中，終於察覺到了） 誰かの優しさに、私の命を預けて （將我的性命，託付給某個人的溫柔（善良）） 静かに首を絞めていたのは、私自身だった （悄然扼住咽喉的，正是我自己） ​【台語】 以爲付出過，就有同等的代價 （以爲付出過，就有同等的代價） 哪知等來的，是一場空思妄想 （怎麼知道等來的，是一場空思妄想） 心內的破空，無人會替你縫 （內心的破洞，無人會替你縫補） 痛過才知影，期待是雙面的刀 （痛過才知道，期待是雙面的刀刃） ​【日語】 信じることと、すがることは違う （相信與依賴是兩碼事） あなたの沈黙に、答えを探し続けた日々 （在你的沉默中不斷探索的那些日子） 叶わない幻想を抱きしめて泣くより （與其執著於不切實際的幻想而哭泣，不如放聲大哭） 冷たい現実の風を、一人で受け止めよう （獨自去承受那冰冷現實的風吧） ​【台語】 你佇遐想，你佇遐等，你佇遐將家己的心情交予人 （你在那邊想，你在那邊等，你在那邊將自己的心情交給別人） 等一句安慰？抑是一句讚聲？ （等一句安慰？抑是一句聲援？） 結果人家的冷淡，變做射入你肉底的箭 （結果人家的冷淡，變做射入你肉裡的箭） 麥閣戇啊！這毋是重情，這是對家己殘忍！ （別再傻了！這不是重感情，這是對自己殘忍） 別人的喙，決定你的價值？ （別人的嘴巴，決定你的價值） 別人的手，操控你的喜怒哀樂？ （別人的手，操控你的喜怒哀樂） 收倒轉來啦！將期待鎖入海底！ （收回來啦！將期待鎖入海底） 做家己的主人，行你家己的路，免閣望！ （做自己的主人 ，走自己的路，別再指望） ​【日語】 他人に願うことは、自分への暴力だった （對他人的希冀其實是對自己的暴力） その鎖をいま、この手で断ち切る （此刻我要親手斬斷那到手鍊） 自由になるのは （想要獲得自由） もう誰も責めない、私は私を愛して （不再責怪任何人，我愛自己） ​【台語】 以爲付出過，就有同等的代價 （以爲付出過，就有同等的代價） 哪知等來的，是一場空思妄想 （怎麼知道等來的，是一場空思妄想） 心內的破空，無人會替你縫 （內心的破洞，無人會替你縫補） 痛過才知影，期待是雙面的刀 （痛過才知道，期待是雙面的刀刃） ​【日語】 信じることと、すがることは違う （相信與依賴是兩碼事） あなたの沈黙に、答えを探し続けた日々 （在你的沉默中不斷探索的那些日子） 叶わない幻想を抱きしめて泣くより （與其執著於不切實際的幻想而哭泣，不如放聲大哭） 冷たい現実の風を、一人で受け止めよう （獨自去承受那冰冷現實的風吧） 
​【台語】 暗暝的窗邊，只有風咧吹 （ 夜晚的窗邊，只有風在吹）
一直等彼个，袂閣來的人客 （一直等那個，不會再來的客人）
將心提予人秤，甘願受罪 （將心拿給別人稱，甘願受罪）
原來愛到底，攏是家己咧找麻煩 （原來愛到底，都是自己在找麻煩）
​【日語】 他人に願うことは、自分への暴力だ （對他人的需求是對自己的暴力）
傷だらけの鏡の中で、やっと気づいた （在佈滿傷痕的境中，終於察覺到了）
誰かの優しさに、私の命を預けて （將我的性命，託付給某個人的溫柔（善良））
静かに首を絞めていたのは、私自身だった （悄然扼住咽喉的，正是我自己）
​【台語】 以爲付出過，就有同等的代價 （以爲付出過，就有同等的代價）
哪知等來的，是一場空思妄想 （怎麼知道等來的，是一場空思妄想）
心內的破空，無人會替你縫 （內心的破洞，無人會替你縫補）
痛過才知影，期待是雙面的刀 （痛過才知道，期待是雙面的刀刃）
​【日語】 信じることと、すがることは違う （相信與依賴是兩碼事）
あなたの沈黙に、答えを探し続けた日々 （在你的沉默中不斷探索的那些日子）
叶わない幻想を抱きしめて泣くより （與其執著於不切實際的幻想而哭泣，不如放聲大哭）
冷たい現実の風を、一人で受け止めよう （獨自去承受那冰冷現實的風吧）
​【台語】 你佇遐想，你佇遐等，你佇遐將家己的心情交予人 （你在那邊想，你在那邊等，你在那邊將自己的心情交給別人）
等一句安慰？抑是一句讚聲？ （等一句安慰？抑是一句聲援？）
結果人家的冷淡，變做射入你肉底的箭 （結果人家的冷淡，變做射入你肉裡的箭）
麥閣戇啊！這毋是重情，這是對家己殘忍！ （別再傻了！這不是重感情，這是對自己殘忍）
別人的喙，決定你的價值？ （別人的嘴巴，決定你的價值）
別人的手，操控你的喜怒哀樂？ （別人的手，操控你的喜怒哀樂）
收倒轉來啦！將期待鎖入海底！ （收回來啦！將期待鎖入海底）
做家己的主人，行你家己的路，免閣望！ （做自己的主人 ，走自己的路，別再指望）
​【日語】 他人に願うことは、自分への暴力だった （對他人的希冀其實是對自己的暴力）
その鎖をいま、この手で断ち切る （此刻我要親手斬斷那到手鍊）
自由になるのは （想要獲得自由）
もう誰も責めない、私は私を愛して （不再責怪任何人，我愛自己）
​【台語】 以爲付出過，就有同等的代價 （以爲付出過，就有同等的代價）
哪知等來的，是一場空思妄想 （怎麼知道等來的，是一場空思妄想）
心內的破空，無人會替你縫 （內心的破洞，無人會替你縫補）
痛過才知影，期待是雙面的刀 （痛過才知道，期待是雙面的刀刃）
​【日語】 信じることと、すがることは違う （相信與依賴是兩碼事）
あなたの沈黙に、答えを探し続けた日々 （在你的沉默中不斷探索的那些日子）
叶わない幻想を抱きしめて泣くより （與其執著於不切實際的幻想而哭泣，不如放聲大哭）
冷たい現実の風を、一人で受け止めよう （獨自去承受那冰冷現實的風吧）
留言（ 26 ） 最相關留言 所有留言
留言（ 26 ）",2026-09-22,,AI 生成 Experimental,False,False,
2026-09-24 04:39:54,realtime,ai_generated,,,3,cmc168,《山河有夢》杜甫X李清照 |  李清照與十個男人之二,9,64,3,https://streetvoice.com/cmc168/songs/880756/,https://streetvoice.com/cmc168/,"https://akstatic.streetvoice.com/song_covers/cm/c1/cmc168/6WprcZqTMZw2e7Sgxwiupn.jpeg?x-oss-process=image/resize,m_fill,h_400,w_400,limit_0",images/880756.jpeg,@cmc168,音樂人,新北市,2026-04-01,,143,54,124,,,https://www.youtube.com/user/StreetVoiceTV,,,Pop,,,,"月光清照　(李白) *** 山河有夢　(杜甫) *** 人間如寄　(蘇東坡) 劍膽琴心　(辛棄疾) 長恨未央　(白居易) *** 空山聽雨　(王維) 舊夢如煙　（陸游） 楊柳依依　（柳永）*** 醉裡相逢　（歐陽修） 春風已遠　（杜牧） ***已完成 
月光清照　(李白) *** 山河有夢　(杜甫) *** 人間如寄　(蘇東坡) 劍膽琴心　(辛棄疾) 長恨未央　(白居易) *** 空山聽雨　(王維) 舊夢如煙　（陸游） 楊柳依依　（柳永）*** 醉裡相逢　（歐陽修） 春風已遠　（杜牧）
***已完成","【主歌一】 國破山河春草深 長江萬里送黃昏 雁過衡陽人不見 一城風雨一孤燈 【主歌二】 星垂平野夜蒼茫 月湧大江照故鄉 滿地黃花誰與拾 西風捲起舊衣裳 【預副歌】 烽火連天三月長 一封家書抵萬金 尋尋覓覓歸鄉路 回首人間已暮深 【副歌】 山河有夢　天地有光 萬里長風吹大江 縱然此身　漂泊四方 心中仍有舊家邦 山河有夢　歲月有傷 一輪明月照滄桑 若我此生　歸不得鄉 也把相思留給山河長 【主歌三】 梧桐細雨到三更 點點滴滴落空城 感時花濺英雄淚 恨別鳥驚遊子魂 【主歌四】 無邊落木下長江 一葉孤舟過夕陽 莫道不消魂此夜 簾捲西風夢故鄉 【預副歌二】 白髮三千霜與雪 半生烽火半生別 醉裡挑燈看故土 醒來只見一江月 【副歌】 山河有夢　天地有光 萬里長風吹大江 縱使故人　散落四方 明月仍照舊城牆 山河有夢　百轉千傷 一身風雨又何妨 待到來年　春回故鄉 我與青山共看萬里花香 【尾聲】 大江東去　明月未央 多少悲歡付滄浪 若問此生　何處是鄉 有夢之處——便是山河長 
【主歌一】 國破山河春草深 長江萬里送黃昏 雁過衡陽人不見 一城風雨一孤燈
【主歌二】 星垂平野夜蒼茫 月湧大江照故鄉 滿地黃花誰與拾 西風捲起舊衣裳
【預副歌】 烽火連天三月長 一封家書抵萬金 尋尋覓覓歸鄉路 回首人間已暮深
【副歌】 山河有夢　天地有光 萬里長風吹大江 縱然此身　漂泊四方 心中仍有舊家邦
山河有夢　歲月有傷 一輪明月照滄桑 若我此生　歸不得鄉 也把相思留給山河長
【主歌三】 梧桐細雨到三更 點點滴滴落空城 感時花濺英雄淚 恨別鳥驚遊子魂
【主歌四】 無邊落木下長江 一葉孤舟過夕陽 莫道不消魂此夜 簾捲西風夢故鄉
【預副歌二】 白髮三千霜與雪 半生烽火半生別 醉裡挑燈看故土 醒來只見一江月
【副歌】 山河有夢　天地有光 萬里長風吹大江 縱使故人　散落四方 明月仍照舊城牆
山河有夢　百轉千傷 一身風雨又何妨 待到來年　春回故鄉 我與青山共看萬里花香
【尾聲】 大江東去　明月未央 多少悲歡付滄浪 若問此生　何處是鄉 有夢之處——便是山河長
留言（ 3 ） 最相關留言 所有留言
留言（ 3 ）",2026-09-23,,AI 生成 Pop,False,False,
2026-09-24 04:39:54,realtime,ai_generated,,,4,ᐜᐞᒻᐟᑊᐢᕐ ᐜᑊᐩᑋ ᐞᑊ,悲欣之間,10,35,3,https://streetvoice.com/walkingwithai/songs/880751/,https://streetvoice.com/walkingwithai/,"https://akstatic.streetvoice.com/song_covers/wa/lk/walkingwithai/CZmSvounxTfrpNuymz4MNv.jpeg?x-oss-process=image/resize,m_fill,h_400,w_400,limit_0",images/880751.jpeg,@walkingwithai,音樂人,,,,176,45,27,,,https://www.youtube.com/user/StreetVoiceTV,,,Pop,借來的人間,https://streetvoice.com/walkingwithai/songs/album/97326124/,,"《悲欣之間》是我音樂史雙書計畫的最新番外篇，也是對於生命流轉與離別哲思的一次深刻總結。如果說先前以王國維為靈感的作品，呈現的是「人間留不住」——人站在原地，看見花辭樹、顏辭鏡而生的低迴哀感；而蘇曼殊的《櫻花第幾橋》展現的是「主動漂泊」——明知不能久留，便帶著尺八與春雨從容走過人間；那麼《悲欣之間》則走得更深、更遠。它不再追問留下或離開，也不再試圖解釋人生的經歷，而是將生命中的「悲」與「欣」平靜地安置在同一張桌旁。前兩首作品探討的依然是「人與世界」的牽絆，而這首曲目，則是將「關係」本身也輕輕放下，最終只剩下晚鐘、清秋、化作泥土的落花，以及依舊如常的春天。這不是一首更為傷感的歌，而是展現了一種更安靜、更輕盈，也更接近真正釋然的狀態。 另外，在歌詞創作上，《悲欣之間》並沒有直接重寫某一首既有詩作，而是以李叔同晚年的生命觀作為精神核心，重新寫成一首屬於這個計畫的原創文本。歌中反覆出現的「悲也不留，欣也不留」，刻意把「悲」與「欣」放在完全對等的位置——不是逃避悲傷，也不是執著喜悅，而是承認兩者都只是生命途中短暫經過的狀態；「一聲晚鐘、半輪清秋」則把這種思想收縮成最簡單的聲音與景象，而「花落成泥以後，春天仍舊」更是整首歌最重要的落點：個人的離去並不等於世界的終止，季節仍會更替，春天仍會回來。最後以「長亭留給後來的人，古道不必記住腳印」作結，也是刻意把傳統送別意象反轉——長亭與古道不再只是紀念誰離開過的地方，而是繼續交給下一個經過的人。這也是為什麼這首歌沒有寫成純粹的哀歌：它真正想表達的，不是如何面對失去，而是當一個人終於不再要求世界替自己留下證明時，那份安靜本身。 李叔同（1880–1942），後來出家成為弘一法師，是中國近代非常特殊的一位文化人物。他早年活躍於藝術、音樂、戲劇、美術與教育領域，也是較早把西方音樂與現代藝術教育帶入中國課堂的人之一；很多人即使不知道「李叔同」這個名字，也可能聽過他填詞的《送別》。中年之後，他選擇出家，人生從極其豐富的世俗藝術生活，轉向簡樸、克制而近乎徹底的精神修行。也正因如此，他特別適合成為《悲欣之間》的精神中心：這首歌不是單純借用他的生平，而是借他那種從繁華走向寂靜、從擁有走向放下的生命軌跡，去理解「悲」與「欣」最後如何可以同時存在，又同時不必執著。 在聲響設計與風格上，為了承載這份超然的豁達，我們在法式藝術歌曲（Mélodie）的夢幻基底中，出人意表地揉合了現代的鼓打貝斯的節奏元素。印象派標誌性的全音階鋼琴與金屬打擊樂器，在現代節奏的沉穩律動中緩緩推進。鼓點與貝斯的加入並非為了製造喧鬧，而是以一種堅定、踏實的步伐，撐起那份「悲也不留，欣也不留」的從容底氣。當音樂走到尾聲，長亭與古道已不需要記住誰的腳印，我們只需在堅定緩慢的晚鐘聲裡，平靜地走完這一段借來的旅程。 #悲欣之間 #ArtSong #Mélodie #SlowRock #DrumAndBass #音樂史65000年 #FromBoneFlutesToAIPop #StreetVoice #原創音樂 
《悲欣之間》是我音樂史雙書計畫的最新番外篇，也是對於生命流轉與離別哲思的一次深刻總結。如果說先前以王國維為靈感的作品，呈現的是「人間留不住」——人站在原地，看見花辭樹、顏辭鏡而生的低迴哀感；而蘇曼殊的《櫻花第幾橋》展現的是「主動漂泊」——明知不能久留，便帶著尺八與春雨從容走過人間；那麼《悲欣之間》則走得更深、更遠。它不再追問留下或離開，也不再試圖解釋人生的經歷，而是將生命中的「悲」與「欣」平靜地安置在同一張桌旁。前兩首作品探討的依然是「人與世界」的牽絆，而這首曲目，則是將「關係」本身也輕輕放下，最終只剩下晚鐘、清秋、化作泥土的落花，以及依舊如常的春天。這不是一首更為傷感的歌，而是展現了一種更安靜、更輕盈，也更接近真正釋然的狀態。
另外，在歌詞創作上，《悲欣之間》並沒有直接重寫某一首既有詩作，而是以李叔同晚年的生命觀作為精神核心，重新寫成一首屬於這個計畫的原創文本。歌中反覆出現的「悲也不留，欣也不留」，刻意把「悲」與「欣」放在完全對等的位置——不是逃避悲傷，也不是執著喜悅，而是承認兩者都只是生命途中短暫經過的狀態；「一聲晚鐘、半輪清秋」則把這種思想收縮成最簡單的聲音與景象，而「花落成泥以後，春天仍舊」更是整首歌最重要的落點：個人的離去並不等於世界的終止，季節仍會更替，春天仍會回來。最後以「長亭留給後來的人，古道不必記住腳印」作結，也是刻意把傳統送別意象反轉——長亭與古道不再只是紀念誰離開過的地方，而是繼續交給下一個經過的人。這也是為什麼這首歌沒有寫成純粹的哀歌：它真正想表達的，不是如何面對失去，而是當一個人終於不再要求世界替自己留下證明時，那份安靜本身。
李叔同（1880–1942），後來出家成為弘一法師，是中國近代非常特殊的一位文化人物。他早年活躍於藝術、音樂、戲劇、美術與教育領域，也是較早把西方音樂與現代藝術教育帶入中國課堂的人之一；很多人即使不知道「李叔同」這個名字，也可能聽過他填詞的《送別》。中年之後，他選擇出家，人生從極其豐富的世俗藝術生活，轉向簡樸、克制而近乎徹底的精神修行。也正因如此，他特別適合成為《悲欣之間》的精神中心：這首歌不是單純借用他的生平，而是借他那種從繁華走向寂靜、從擁有走向放下的生命軌跡，去理解「悲」與「欣」最後如何可以同時存在，又同時不必執著。
在聲響設計與風格上，為了承載這份超然的豁達，我們在法式藝術歌曲（Mélodie）的夢幻基底中，出人意表地揉合了現代的鼓打貝斯的節奏元素。印象派標誌性的全音階鋼琴與金屬打擊樂器，在現代節奏的沉穩律動中緩緩推進。鼓點與貝斯的加入並非為了製造喧鬧，而是以一種堅定、踏實的步伐，撐起那份「悲也不留，欣也不留」的從容底氣。當音樂走到尾聲，長亭與古道已不需要記住誰的腳印，我們只需在堅定緩慢的晚鐘聲裡，平靜地走完這一段借來的旅程。
#悲欣之間 #ArtSong #Mélodie #SlowRock #DrumAndBass #音樂史65000年 #FromBoneFlutesToAIPop #StreetVoice #原創音樂","春去又秋來 屋後的老梅還記得少年 月從梧桐葉間落下來 我忽然想起 原來我也曾捨不得人間 那時我寫花 寫月 寫晚鐘 也寫一條走不到盡頭的路 看落紅辭枝 看舊人散去 看青春在鏡子裡換了姓名 紛紛 花落沒有回答 寂寂 鐘聲穿過晚霞 若這一身終究只是借來的衣裳 何必問 誰替誰收藏 悲也不留 欣也不留 月滿的時候 水中沒有一雙手 來時有姓名 去時不必回頭 若問我這一生 最後帶走什麼 一聲晚鐘 半輪清秋 悲也不留 欣也不留 花落成泥以後 春天仍舊 落花委地無言 月在高處無言 鐘聲來了 又去了 不必替我悲 也不必替我歡 這一生走到這裡 悲與欣 原來可以坐在同一張桌旁 悲也不留 欣也不留 月滿的時候 水中沒有一雙手 來時有姓名 去時不必回頭 若問我這一生 最後帶走什麼 一聲晚鐘 半輪清秋 悲也不留 欣也不留 花落成泥以後 春天仍舊 長亭留給後來的人 古道不必記住腳印 如果你還聽見鐘聲 就讓它響 不必知道 是誰敲的 
春去又秋來 屋後的老梅還記得少年 月從梧桐葉間落下來 我忽然想起 原來我也曾捨不得人間
那時我寫花 寫月 寫晚鐘 也寫一條走不到盡頭的路
看落紅辭枝 看舊人散去 看青春在鏡子裡換了姓名
紛紛 花落沒有回答
寂寂 鐘聲穿過晚霞
若這一身終究只是借來的衣裳 何必問 誰替誰收藏
悲也不留 欣也不留
月滿的時候 水中沒有一雙手
來時有姓名 去時不必回頭
若問我這一生 最後帶走什麼
一聲晚鐘 半輪清秋
悲也不留 欣也不留
花落成泥以後 春天仍舊
落花委地無言 月在高處無言
鐘聲來了 又去了
不必替我悲 也不必替我歡
這一生走到這裡 悲與欣 原來可以坐在同一張桌旁
悲也不留 欣也不留
月滿的時候 水中沒有一雙手
來時有姓名 去時不必回頭
若問我這一生 最後帶走什麼
一聲晚鐘 半輪清秋
悲也不留 欣也不留
花落成泥以後 春天仍舊
長亭留給後來的人 古道不必記住腳印
如果你還聽見鐘聲 就讓它響
不必知道 是誰敲的
留言（ 3 ） 最相關留言 所有留言
留言（ 3 ）",2026-09-23,,AI 生成 Pop ・ 借來的人間,False,False,
2026-09-24 04:39:54,realtime,ai_generated,,,5,ᐜᐞᒻᐟᑊᐢᕐ ᐜᑊᐩᑋ ᐞᑊ,櫻花第幾橋,8,26,2,https://streetvoice.com/walkingwithai/songs/880727/,https://streetvoice.com/walkingwithai/,"https://akstatic.streetvoice.com/song_covers/wa/lk/walkingwithai/NAWEHRUGjV242no7bhvyoS.jpeg?x-oss-process=image/resize,m_fill,h_400,w_400,limit_0",images/880727.jpeg,@walkingwithai,音樂人,,,,176,45,27,,,https://www.youtube.com/user/StreetVoiceTV,,,Classical,借來的人間,https://streetvoice.com/walkingwithai/songs/album/97326124/,,"《櫻花第幾橋》是我音樂史雙書計畫的番外篇。這首作品的核心，建立在兩種截然不同的離別哲學上：如果說先前作品呈現的是王國維面對萬物逝去時「人間留不住」的低迴與哀感；那麼這首曲目，則是取材自蘇曼殊那份「本就不曾準備停留」的瀟灑與從容。歌詞融合了蘇曼殊經典的《本事詩》——「春雨樓頭尺八簫，何時歸看浙江潮。芒鞋破缽無人識，踏過櫻花第幾橋。」他不是被世界留下，而是自己先一步鬆手，帶著芒鞋、尺八、春雨與流水的背影，走過人間。這首歌呈現的不是執著的悲傷，而是一種更輕、更冷、更遠的美——不是捨不得，而是明知不能久留，仍然溫柔地走完這一程。 在聲響設計與音樂風格上，本曲試圖融合法式印象派藝術歌曲（Mélodie）與東方的流浪意境，回應了主線第 54 章關於德布西（Debussy）的音彩探索。我們運用了印象樂派標誌性的全音階（Whole-tone scale）鋼琴瀑布流與微光般的打擊樂器，與尺八那如呼吸般幽微的吹奏聲互相呼應。樂音不急於堆疊澎湃的情感，而是像水面上的月光與落花，隨波流轉。鋼琴的冷冽與尺八的寂寥交織，勾勒出蘇曼殊詩中「行雲流水一孤僧，走到天涯雨未消」的飄零質感。 這不是一首關於遺憾的歌，而是一場關於「借路人間」的淡泊告別。當橋下的水已經換了，橋上的月依然寂靜，或許最好的回應，就是讓名字隨潮聲而去，不作停留。邀請大家戴上耳機，在尺八與春雨交織的印象聲響中，感受這份跨越時空的冷靜與溫柔。 #櫻花第幾橋 #蘇曼殊 #德布西 #Debussy #ArtSong #Mélodie #尺八 #印象派 #音樂史65000年 #FromBoneFlutesToAIPop #StreetVoice #原創音樂 
《櫻花第幾橋》是我音樂史雙書計畫的番外篇。這首作品的核心，建立在兩種截然不同的離別哲學上：如果說先前作品呈現的是王國維面對萬物逝去時「人間留不住」的低迴與哀感；那麼這首曲目，則是取材自蘇曼殊那份「本就不曾準備停留」的瀟灑與從容。歌詞融合了蘇曼殊經典的《本事詩》——「春雨樓頭尺八簫，何時歸看浙江潮。芒鞋破缽無人識，踏過櫻花第幾橋。」他不是被世界留下，而是自己先一步鬆手，帶著芒鞋、尺八、春雨與流水的背影，走過人間。這首歌呈現的不是執著的悲傷，而是一種更輕、更冷、更遠的美——不是捨不得，而是明知不能久留，仍然溫柔地走完這一程。
在聲響設計與音樂風格上，本曲試圖融合法式印象派藝術歌曲（Mélodie）與東方的流浪意境，回應了主線第 54 章關於德布西（Debussy）的音彩探索。我們運用了印象樂派標誌性的全音階（Whole-tone scale）鋼琴瀑布流與微光般的打擊樂器，與尺八那如呼吸般幽微的吹奏聲互相呼應。樂音不急於堆疊澎湃的情感，而是像水面上的月光與落花，隨波流轉。鋼琴的冷冽與尺八的寂寥交織，勾勒出蘇曼殊詩中「行雲流水一孤僧，走到天涯雨未消」的飄零質感。
這不是一首關於遺憾的歌，而是一場關於「借路人間」的淡泊告別。當橋下的水已經換了，橋上的月依然寂靜，或許最好的回應，就是讓名字隨潮聲而去，不作停留。邀請大家戴上耳機，在尺八與春雨交織的印象聲響中，感受這份跨越時空的冷靜與溫柔。
#櫻花第幾橋 #蘇曼殊 #德布西 #Debussy #ArtSong #Mélodie #尺八 #印象派 #音樂史65000年 #FromBoneFlutesToAIPop #StreetVoice #原創音樂","春雨樓頭尺八簫 何時歸看浙江潮 一聲吹過異鄉夜 月在水中 人在橋 芒鞋破缽無人識 踏過櫻花第幾橋 行雲流水一孤僧 走到天涯 雨未消 孤村隱隱起微煙 遠山一線入春潮 若問此身歸何處 風吹花落 不曾招 無端狂笑 無端哭 縱有歡腸 已似冰 有些名字留在人間 有些人只留背影 櫻花第幾橋 櫻花第幾橋 走過以後 誰還記得年少 月色落在水面 水面不回答 只有一支尺八 把春雨吹老 櫻花第幾橋 櫻花第幾橋 行雲流水 都不肯停靠 若此生只是借路 借一夜月明 那就讓我的名字 隨潮聲去了 萬物逢搖落 姮娥耐九秋 縞衣人不見 獨上寺南樓 日暮有佳人 獨立瀟湘浦 疏柳盡含煙 江水不知愁 我從東海走到西湖 看過多少花開花收 有人問我為何不留 我說流水從來不回頭 契闊死生君莫問 行雲流水一孤僧 若連離別都有名字 為何相逢沒有憑證 櫻花第幾橋 櫻花第幾橋 走過以後 誰還記得年少 月色落在水面 水面不回答 只有一支尺八 把春雨吹老 櫻花第幾橋 櫻花第幾橋 行雲流水 都不肯停靠 若此生只是借路 借一夜月明 那就讓我的名字 隨潮聲去了 海天龍戰血玄黃 披髮長歌覽大荒 易水蕭蕭人去也 一天明月白如霜 別問我從哪裡來 別問我要往哪裡去 橋下的水已經換了 橋上的月 還是那一句 櫻花第幾橋 櫻花第幾橋 春雨落盡 還是無人知道 昨日的人在水裡 今日的人在岸上 我們都曾以為 這一程還很長 櫻花第幾橋 櫻花第幾橋 行雲流水 從不為誰停靠 若有一天你經過 聽見舊尺八 那不是誰在等你 只是春天又到了 春雨樓頭尺八簫 何時歸看浙江潮 芒鞋破缽無人識 踏過櫻花第幾橋 
春雨樓頭尺八簫 何時歸看浙江潮 一聲吹過異鄉夜 月在水中 人在橋
芒鞋破缽無人識 踏過櫻花第幾橋 行雲流水一孤僧 走到天涯 雨未消
孤村隱隱起微煙 遠山一線入春潮 若問此身歸何處 風吹花落 不曾招
無端狂笑 無端哭 縱有歡腸 已似冰 有些名字留在人間 有些人只留背影
櫻花第幾橋 櫻花第幾橋 走過以後 誰還記得年少 月色落在水面 水面不回答 只有一支尺八 把春雨吹老
櫻花第幾橋 櫻花第幾橋 行雲流水 都不肯停靠 若此生只是借路 借一夜月明 那就讓我的名字 隨潮聲去了
萬物逢搖落 姮娥耐九秋 縞衣人不見 獨上寺南樓
日暮有佳人 獨立瀟湘浦 疏柳盡含煙 江水不知愁
我從東海走到西湖 看過多少花開花收 有人問我為何不留 我說流水從來不回頭
契闊死生君莫問 行雲流水一孤僧 若連離別都有名字 為何相逢沒有憑證
櫻花第幾橋 櫻花第幾橋 走過以後 誰還記得年少 月色落在水面 水面不回答 只有一支尺八 把春雨吹老
櫻花第幾橋 櫻花第幾橋 行雲流水 都不肯停靠 若此生只是借路 借一夜月明 那就讓我的名字 隨潮聲去了
海天龍戰血玄黃 披髮長歌覽大荒 易水蕭蕭人去也 一天明月白如霜
別問我從哪裡來 別問我要往哪裡去 橋下的水已經換了 橋上的月 還是那一句
櫻花第幾橋 櫻花第幾橋 春雨落盡 還是無人知道 昨日的人在水裡 今日的人在岸上 我們都曾以為 這一程還很長
櫻花第幾橋 櫻花第幾橋 行雲流水 從不為誰停靠 若有一天你經過 聽見舊尺八 那不是誰在等你 只是春天又到了
春雨樓頭尺八簫 何時歸看浙江潮 芒鞋破缽無人識 踏過櫻花第幾橋
留言（ 2 ） 最相關留言 所有留言
留言（ 2 ）",2026-09-23,,AI 生成 Classical ・ 借來的人間,False,False,
2026-09-24 04:39:54,realtime,ai_generated,,,6,Leoohya,《聾德傳人》你聽見了嗎？,9,14,10,https://streetvoice.com/leoohya111/songs/880722/,https://streetvoice.com/leoohya111/,"https://akstatic.streetvoice.com/song_covers/le/oo/leoohya111/MACJbseBjn9zc2z2PPjReY.jpeg?x-oss-process=image/resize,m_fill,h_400,w_400,limit_0",images/880722.jpeg,@leoohya111,音樂人,台中市,2025-11-01,,26,26,44,,,https://www.youtube.com/user/StreetVoiceTV,,,Alternative,,,,"這個時代有很多荒謬很有創意的答案 也許世界已經無可救藥，就要分崩離析 喊得再大聲、拍桌子 只要朕耳欲聾，世界就沒有雜質。 
這個時代有很多荒謬很有創意的答案 也許世界已經無可救藥，就要分崩離析 喊得再大聲、拍桌子 只要朕耳欲聾，世界就沒有雜質。","人還在　土地還在 爭吵的名字換了幾個年代 歷史還在　謊言也在 只是沒人想真的明白 島嶼曾經寫滿祖先如何到來 有人擦掉足跡　立刻換上新的樓牌 卻又忙著重審歷史事件 到底活在今天　還是搬弄昨天 老街剩下漂亮的字體 故事剩下打卡的說明牌而已 他們說這叫做新的潮流崛起 可日子　為什麼越活越窄 一邊說自由　一邊忙著封口 一邊喊包容　一邊把人分群 新聞一天比一天更精彩 真相卻一天比一天難猜 每個人都有他的答案 每個人都有他的站台 只要聲音不是自己喜歡 就把世界的音量關起來 你聽見了嗎 還是假裝聽不見 街訪的人都說生活太困難 電視裡卻說大家期待新未來 你看見了嗎 還是只看你想看的色彩 我們把彼此推向兩端 還問這座島　為什麼會裂開 誰把耳朵關起來 誰把良心調成靜音狀態 一代一代　一排一排 都是—— 聾德傳人 聽不見 聽不見 Everybody talking Nobody listening 聽不見 聽不見 孩子越來越少 老人越來越老 收入一直創新高 為什麼日子沒有比較好 城市越蓋越高 人情越住越小 人人都有自己的頻道 但沒有人願意把頻率調好 演算法餵養各自的真相 留言四處帶風向 有人高喊廢死才算文明 有人抱著遺照 餘生只等一句公平 正義被剪成十五秒的片段 每個人都說自己正義善良 可誰知道真實 早被拼接捏造成話術而已 Turn it up, turn it up Everybody got a microphone But nobody wanna listen when the truth don't sound like home Pick a side Pick a fight Pick a headline for tonight Twenty seconds make a villain Thirty seconds make it right We scroll We judge We cancel overnight Everybody wants the truth as long as it confirms they're right Algorithms know your anger better than your closest friend Feed you what you wanna hear again and again and again History getting thinner memory getting filtered Delete a page rewrite a name then call the picture clearer 你說你代表人民 他說他代表正義 Everybody speaks for everybody— But who is really listening? Open relationship open every door Open up the comment section start another war 都淹成水都 威尼斯樂園 鏡頭之外 誰顧人民安全 還忙著拿預算說嘴 有人問 到底誰在處理 人口少了 口號多了 數字高了 感覺呢？ 新聞滿了 答案滿了 耳朵呢？ Can you hear me now? Can you hear me now? 我們曾經害怕沉默 後來才發現 更可怕的是—— 所有人都在說話 卻沒有人 願意聽。 你聽見了嗎 那些沒有字幕的無奈 不是每一聲沉默 都代表他願意被安排 你看見了嗎 歷史正在腳底慢慢離開 我們忙著證明誰失敗 卻沒有人問 還剩什麼能留下來 誰把耳朵關起來 誰把良心調成靜音狀態 我們學會選擇相信 也學會選擇不明白 台上的 台下的 左邊的 右邊的 相信的 懷疑的 沉默的 狂熱的 轉發的 帶風向的 罵別人被洗腦 卻從不懷疑自己的 當每個人 只聽見自己想聽的聲音 到最後—— 他們全都是 聾——德——傳——人 Everybody talking... Nobody listening... 聽見世界那麼容易 聽見彼此 怎麼那麼難。 
人還在　土地還在 爭吵的名字換了幾個年代 歷史還在　謊言也在 只是沒人想真的明白
島嶼曾經寫滿祖先如何到來 有人擦掉足跡　立刻換上新的樓牌 卻又忙著重審歷史事件 到底活在今天　還是搬弄昨天
老街剩下漂亮的字體 故事剩下打卡的說明牌而已 他們說這叫做新的潮流崛起 可日子　為什麼越活越窄
一邊說自由　一邊忙著封口 一邊喊包容　一邊把人分群 新聞一天比一天更精彩 真相卻一天比一天難猜
每個人都有他的答案 每個人都有他的站台 只要聲音不是自己喜歡 就把世界的音量關起來
你聽見了嗎 還是假裝聽不見 街訪的人都說生活太困難 電視裡卻說大家期待新未來
你看見了嗎 還是只看你想看的色彩 我們把彼此推向兩端 還問這座島　為什麼會裂開
誰把耳朵關起來 誰把良心調成靜音狀態 一代一代　一排一排 都是——
聾德傳人
聽不見 聽不見
Everybody talking Nobody listening
聽不見 聽不見
孩子越來越少 老人越來越老 收入一直創新高 為什麼日子沒有比較好
城市越蓋越高 人情越住越小 人人都有自己的頻道 但沒有人願意把頻率調好
演算法餵養各自的真相 留言四處帶風向 有人高喊廢死才算文明 有人抱著遺照 餘生只等一句公平
正義被剪成十五秒的片段 每個人都說自己正義善良 可誰知道真實 早被拼接捏造成話術而已
Turn it up, turn it up Everybody got a microphone
But nobody wanna listen when the truth don't sound like home
Pick a side Pick a fight Pick a headline for tonight
Twenty seconds make a villain Thirty seconds make it right
We scroll We judge We cancel overnight
Everybody wants the truth as long as it confirms they're right
Algorithms know your anger better than your closest friend
Feed you what you wanna hear again and again and again
History getting thinner memory getting filtered
Delete a page rewrite a name then call the picture clearer
你說你代表人民 他說他代表正義
Everybody speaks for everybody—
But who is really listening?
Open relationship open every door
Open up the comment section start another war
都淹成水都 威尼斯樂園
鏡頭之外 誰顧人民安全
還忙著拿預算說嘴 有人問 到底誰在處理
人口少了 口號多了
數字高了 感覺呢？
新聞滿了 答案滿了
耳朵呢？
Can you hear me now?
Can you hear me now?
我們曾經害怕沉默
後來才發現
更可怕的是——
所有人都在說話
卻沒有人
願意聽。
你聽見了嗎 那些沒有字幕的無奈 不是每一聲沉默 都代表他願意被安排
你看見了嗎 歷史正在腳底慢慢離開 我們忙著證明誰失敗 卻沒有人問 還剩什麼能留下來
誰把耳朵關起來 誰把良心調成靜音狀態 我們學會選擇相信 也學會選擇不明白
台上的 台下的
左邊的 右邊的
相信的 懷疑的
沉默的 狂熱的
轉發的 帶風向的
罵別人被洗腦 卻從不懷疑自己的
當每個人 只聽見自己想聽的聲音
到最後——
他們全都是
聾——德——傳——人
Everybody talking...
Nobody listening...
聽見世界那麼容易
聽見彼此
怎麼那麼難。
留言（ 10 ） 最相關留言 所有留言
留言（ 10 ）",2026-09-23,,AI 生成 Alternative,False,False,
2026-09-24 04:39:54,realtime,ai_generated,,,7,畫格,散宴,6,48,6,https://streetvoice.com/5dnyx5dv9g/songs/880563/,https://streetvoice.com/5dnyx5dv9g/,"https://akstatic.streetvoice.com/song_covers/5d/ny/5dnyx5dv9g/HvHCMqEcq8ZDmXFnNUttjg.jpeg?x-oss-process=image/resize,m_fill,h_400,w_400,limit_0",images/880563.jpeg,@5dnyx5dv9g,音樂人,,,,4,3,2,,,https://www.youtube.com/user/StreetVoiceTV,,,Soundtrack / New age,,,,"詞:畫格 音樂/演唱:AI 
詞:畫格 音樂/演唱:AI","散宴 紅綢高掛，紅衣配紅紗 何須白鴿，裝飾這虛假 鑼鼓喧天，敲碎了芳華 這場盛宴，是誰的笑話？ 世俗枷鎖，是剜心的痛 笙簫冷冷，吹不散愁容 身披秀禾，聽風雨低訴 妳的幸福，可會是場夢？ 妳道紗白如喪，鐘響似催命 我怨紅豆無根，芍藥薄情 縱有不負相思，換不回心清 咫尺之遙，妳冷如冰影 珠圍翠繞，是鑲金枷鎖 香車甲第，是囚心之火 我不了解妳，妳亦無視我 鴛鴦夢碎，盡化作蹉跎... 望向紅綢，竟成那白骨殤 看那姻緣，不過是夢一場 時辰已到，各奔東西 佩碎玲瓏，連理分飛 散了... 世俗枷鎖，是剜心的痛 笙簫冷冷，吹不散愁容 身披秀禾，聽風雨低訴 妳的幸福，在掌心...... 而我在...何方? 
散宴
紅綢高掛，紅衣配紅紗 何須白鴿，裝飾這虛假 鑼鼓喧天，敲碎了芳華 這場盛宴，是誰的笑話？
世俗枷鎖，是剜心的痛 笙簫冷冷，吹不散愁容 身披秀禾，聽風雨低訴 妳的幸福，可會是場夢？
妳道紗白如喪，鐘響似催命 我怨紅豆無根，芍藥薄情 縱有不負相思，換不回心清 咫尺之遙，妳冷如冰影
珠圍翠繞，是鑲金枷鎖 香車甲第，是囚心之火 我不了解妳，妳亦無視我 鴛鴦夢碎，盡化作蹉跎...
望向紅綢，竟成那白骨殤 看那姻緣，不過是夢一場
時辰已到，各奔東西 佩碎玲瓏，連理分飛 散了...
世俗枷鎖，是剜心的痛 笙簫冷冷，吹不散愁容 身披秀禾，聽風雨低訴 妳的幸福，在掌心...... 而我在...何方?
留言（ 6 ） 最相關留言 所有留言
留言（ 6 ）",2026-09-23,,AI 生成 Soundtrack / New age,False,False,
2026-09-24 04:39:54,realtime,ai_generated,,,8,hinxlinx,《遺忘》| 原創中文歌曲,1,4,5,https://streetvoice.com/hinxlinx/songs/880725/,https://streetvoice.com/hinxlinx/,"https://akstatic.streetvoice.com/song_covers/hi/nx/hinxlinx/5x7THa2eMZAoBscZWmo4DY.jpeg?x-oss-process=image/resize,m_fill,h_400,w_400,limit_0",images/880725.jpeg,@hinxlinx,音樂人,,,,73,12,18,,,https://www.youtube.com/user/StreetVoiceTV,,,Singer / Songwriter,世間情,https://streetvoice.com/hinxlinx/songs/album/97325854/,,"曲: hinxlinx (1999) / 詞: 軒林 (2026) 風格: Acoustic Piano Ballad, Singer-Songwriter, Blue-Eyed Soul 曲詞原創，無人工智能輔助。 音樂由Suno AI照本人錄音生成。 
曲: hinxlinx (1999) / 詞: 軒林 (2026) 風格: Acoustic Piano Ballad, Singer-Songwriter, Blue-Eyed Soul 曲詞原創，無人工智能輔助。 音樂由Suno AI照本人錄音生成。","動態歌詞
[Verse 1] 歲月消磨 太多記憶 如此曲 早已忘記 創作瓶頸 靈感無影 忽想起 遺忘旋律 [Chorus 1] 回憶過去 夢幻泡影 多少往事 流失細節隨風去 難得 找回失去已久的旋律 夢回熟悉情境 [Bridge 1] 一切從未 真正離去 真愛永遠 如影隨形 千言萬語 無法傳遞 歌聲可以 [Verse 2] 回憶堆積 糾結心底 重要事 卻將忘記 反復兜轉 三心兩意 隨性彈 遺忘旋律 [Chorus 2] 夢回過去 從未忘記 多少選擇 悔恨無法重頭續 難得 想起遺忘已久的旋律 不讓它再失去 [Bridge 2] 過去從未 真正遠離 真情但願 初心如一 心跳距離 無法靠近 音樂可以 [Outro] 一切從未 真正離去 真愛永遠 如影隨形 千言萬語 無法傳遞 歌聲可以 
[Verse 1] 歲月消磨 太多記憶 如此曲 早已忘記 創作瓶頸 靈感無影 忽想起 遺忘旋律
[Chorus 1] 回憶過去 夢幻泡影 多少往事 流失細節隨風去 難得 找回失去已久的旋律 夢回熟悉情境
[Bridge 1] 一切從未 真正離去 真愛永遠 如影隨形 千言萬語 無法傳遞 歌聲可以
[Verse 2] 回憶堆積 糾結心底 重要事 卻將忘記 反復兜轉 三心兩意 隨性彈 遺忘旋律
[Chorus 2] 夢回過去 從未忘記 多少選擇 悔恨無法重頭續 難得 想起遺忘已久的旋律 不讓它再失去
[Bridge 2] 過去從未 真正遠離 真情但願 初心如一 心跳距離 無法靠近 音樂可以
[Outro] 一切從未 真正離去 真愛永遠 如影隨形 千言萬語 無法傳遞 歌聲可以
留言（ 5 ） 最相關留言 所有留言
留言（ 5 ）",2026-09-23,,AI 生成 Singer / Songwriter ・ 世間情,False,False,
2026-09-24 04:39:54,realtime,ai_generated,,,9,Seo Narin,《咱的厝》,6,21,0,https://streetvoice.com/SeoNarin/songs/880236/,https://streetvoice.com/SeoNarin/,"https://akstatic.streetvoice.com/song_covers/Se/oN/SeoNarin/ceNhL2iq6jhk4PffvwkQxz.jpeg?x-oss-process=image/resize,m_fill,h_400,w_400,limit_0",images/880236.jpeg,@SeoNarin,音樂人,,,,6,21,29,,,https://www.youtube.com/user/StreetVoiceTV,,,Pop,精選台語歌單-《彼段青春》專輯,https://streetvoice.com/SeoNarin/songs/album/97326070/,Junna Lin,"《咱的厝》寫的是長大以後，才慢慢懂得「家」真正的重量。 細漢的時陣，總想看外口的世界有偌大；大漢了後才發現，真正讓人安心的，往往是最熟悉的彼幾句話、一頓燒燒的飯，還有永遠放袂落心的牽掛。 歌裡有阿母的一句「食飽袂」，有阿爸一句簡單的關心，也有巷仔口熟似的人情味。那些以前覺得平凡的日常，經過歲月以後，才知道原來攏是最珍貴的記憶。 「有恁佇遮，心就有厝。」 家不一定是多大的所在，只要有彼群一直惦記你的人，有笑、有喙鬥、有牽掛，就已經是最踏實的幸福。 《咱的厝》，寫予每一个離開過、掛念過，也慢慢懂得珍惜「家」的人。 👍 留下你的感覺或故事，我會看！ 👍 喜歡請按讚分享支持 【社群連結】 🎧 聽我的音樂： Spotify ▶ https://open.spotify.com/artist/1OFRgx5K1gftd7jvLV1EsS YouTube Music ▶ https://music.youtube.com/channel/UCnpKLh9e73Mb7N2NPDnMzrQ ▶️ 訂閱我的頻道： YouTube ▶ https://www.youtube.com/@JunnaLinMusic YouTube ▶ https://www.youtube.com/@SeoNarinMusic 📌 版權聲明 / Copyright Notice 本作品之歌詞、歌曲概念、旋律方向與影像設計由 Junna Lin 原創製作。 音樂成品使用 AI 音樂工具生成，並由本人整理與發布。 Lyrics, concept, melody direction, and visual design are originally created by Junna Lin. The final music was generated using AI music tools and published by Junna Lin. 請勿未經授權使用、重製或重新上傳。 Unauthorized use, reproduction, or re-upload is prohibited. © Junna Lin. All Rights Reserved. 🎤 演唱:AI ✍️ 詞:Junna Lin 🎼 曲:Junna Lin 🎧 建議在深夜或戴上耳機聆聽，感受每一層情緒 
《咱的厝》寫的是長大以後，才慢慢懂得「家」真正的重量。
細漢的時陣，總想看外口的世界有偌大；大漢了後才發現，真正讓人安心的，往往是最熟悉的彼幾句話、一頓燒燒的飯，還有永遠放袂落心的牽掛。
歌裡有阿母的一句「食飽袂」，有阿爸一句簡單的關心，也有巷仔口熟似的人情味。那些以前覺得平凡的日常，經過歲月以後，才知道原來攏是最珍貴的記憶。
「有恁佇遮，心就有厝。」
家不一定是多大的所在，只要有彼群一直惦記你的人，有笑、有喙鬥、有牽掛，就已經是最踏實的幸福。
《咱的厝》，寫予每一个離開過、掛念過，也慢慢懂得珍惜「家」的人。
👍 留下你的感覺或故事，我會看！ 👍 喜歡請按讚分享支持
【社群連結】 🎧 聽我的音樂： Spotify ▶ https://open.spotify.com/artist/1OFRgx5K1gftd7jvLV1EsS YouTube Music ▶ https://music.youtube.com/channel/UCnpKLh9e73Mb7N2NPDnMzrQ
https://open.spotify.com/artist/1OFRgx5K1gftd7jvLV1EsS
https://music.youtube.com/channel/UCnpKLh9e73Mb7N2NPDnMzrQ
▶️ 訂閱我的頻道： YouTube ▶ https://www.youtube.com/@JunnaLinMusic YouTube ▶ https://www.youtube.com/@SeoNarinMusic
https://www.youtube.com/@JunnaLinMusic
https://www.youtube.com/@SeoNarinMusic
📌 版權聲明 / Copyright Notice
本作品之歌詞、歌曲概念、旋律方向與影像設計由 Junna Lin 原創製作。 音樂成品使用 AI 音樂工具生成，並由本人整理與發布。
Lyrics, concept, melody direction, and visual design are originally created by Junna Lin. The final music was generated using AI music tools and published by Junna Lin.
請勿未經授權使用、重製或重新上傳。 Unauthorized use, reproduction, or re-upload is prohibited.
© Junna Lin. All Rights Reserved.
🎤 演唱:AI ✍️ 詞:Junna Lin 🎼 曲:Junna Lin
🎧 建議在深夜或戴上耳機聆聽，感受每一層情緒","動態歌詞
細漢彼陣毋知影 一頓飯有偌濟牽掛 總想欲行出去闖看覓 看外口的天地有偌大 後來才慢慢知影 人生無逐工攏順勢 有時風雨沃甲規身軀 想起厝內 心就較袂寒 阿母講 食飽袂 阿爸講 緊食莫冷去 一碗燒燒的湯 就將千句萬句攏講煞 有恁佇遮 心就有厝 世界偌大 嘛袂驚孤單 不管日子 按怎變化 想著恁 心就定落來 有恁佇遮 心就有厝 一頓燒燒的飯 就真幸福 日子一工 一工過 有笑有喙鬥 有恁就是咱的厝 巷仔內彼間舊店 猶原有熟似的芳味 隔壁阿伯坐佇門口啉茶 看著我講 足久無看著你 時間偷偷咧行 少年人嘛漸漸有年歲 以前嫌厝內人真愛唸 這馬煞感覺 彼攏是寶貝 電話彼頭問一句 你啥物時陣有閒咧 一句普通的關心 予我心肝忽然變甲真軟 有恁佇遮 心就有厝 世界偌大 嘛袂驚孤單 不管日子 按怎變化 想著恁 心就定落來 有恁佇遮 心就有厝 一句「食飯矣」就真幸福 歲月一工 一工過 有笑有喙鬥 有恁就是咱的厝 
細漢彼陣毋知影 一頓飯有偌濟牽掛 總想欲行出去闖看覓 看外口的天地有偌大 後來才慢慢知影 人生無逐工攏順勢 有時風雨沃甲規身軀 想起厝內 心就較袂寒 阿母講 食飽袂 阿爸講 緊食莫冷去 一碗燒燒的湯 就將千句萬句攏講煞 有恁佇遮 心就有厝 世界偌大 嘛袂驚孤單 不管日子 按怎變化 想著恁 心就定落來 有恁佇遮 心就有厝 一頓燒燒的飯 就真幸福 日子一工 一工過 有笑有喙鬥 有恁就是咱的厝 巷仔內彼間舊店 猶原有熟似的芳味 隔壁阿伯坐佇門口啉茶 看著我講 足久無看著你 時間偷偷咧行 少年人嘛漸漸有年歲 以前嫌厝內人真愛唸 這馬煞感覺 彼攏是寶貝 電話彼頭問一句 你啥物時陣有閒咧 一句普通的關心 予我心肝忽然變甲真軟 有恁佇遮 心就有厝 世界偌大 嘛袂驚孤單 不管日子 按怎變化 想著恁 心就定落來 有恁佇遮 心就有厝 一句「食飯矣」就真幸福 歲月一工 一工過 有笑有喙鬥 有恁就是咱的厝
留言（ 0 ） 最相關留言 所有留言
留言（ 0 ）",2026-09-23,,AI 生成 Pop ・ 精選台語歌單-《彼段青春》專輯,False,False,
2026-09-24 04:39:54,realtime,ai_generated,,,10,HΛNK,未接來電,7,10,3,https://streetvoice.com/tank84914/songs/880730/,https://streetvoice.com/tank84914/,"https://akstatic.streetvoice.com/song_covers/ta/nk/tank84914/Rn4eyZ53HFbo2DA6irj4rN.jpeg?x-oss-process=image/resize,m_fill,h_400,w_400,limit_0",images/880730.jpeg,@tank84914,音樂人,,,,20,9,1,,,https://www.youtube.com/user/StreetVoiceTV,,,Hip hop / Rap,,,,"留在凌晨兩點 
留在凌晨兩點","手機躺在桌角，亮過又暗 我把你的名字看了好多晚 窗外雨水沿著玻璃往下彈 像你沒說完的那句平安 我刪掉又打開聊天的頁面 最後一句停在昨天以前 想問你是不是也偶爾失眠 卻怕答案比沉默更明顯 指尖停在撥號鍵上面 勇氣只差一秒卻退回原點 未接來電，留在凌晨兩點 我沒回撥，不是不想見 只是怕你聲音一出現 我所有假裝都會碎在耳邊 未接來電，像你站在門前 我沒有開，卻一直聽見 如果想念也算一種虧欠 那我今晚又欠你一遍 便利店的熱咖啡涼了一半 收銀台播著熟悉的唱片 我在人群裡練習若無其事 回到房間卻輸給一張照片 你說過忙完會記得聯絡 那句承諾被時間折成紙盒 我把每個可能都想過 唯獨沒想過我們真的錯過 指尖停在撥號鍵上面 勇氣只差一秒卻退回原點 未接來電，留在凌晨兩點 我沒回撥，不是不想見 只是怕你聲音一出現 我所有假裝都會碎在耳邊 未接來電，像你站在門前 我沒有開，卻一直聽見 如果想念也算一種虧欠 那我今晚又欠你一遍 也許你只是按錯了鍵 也許我只是還沒習慣走遠 若明天屏幕再次亮一遍 我會先說你好，再問你最近怎樣 未接來電，留在凌晨兩點 這次我回撥，不管多遠 就算我們只剩一句再見 也好過把你留在靜音裡面 未接來電，慢慢變成從前 我終於敢把房門打開一點 如果想念不必交換誓言 那就讓我先說，我還沒走遠 手機安靜躺在桌角 天快亮了，我還醒著 
手機躺在桌角，亮過又暗 我把你的名字看了好多晚 窗外雨水沿著玻璃往下彈 像你沒說完的那句平安
我刪掉又打開聊天的頁面 最後一句停在昨天以前 想問你是不是也偶爾失眠 卻怕答案比沉默更明顯
指尖停在撥號鍵上面 勇氣只差一秒卻退回原點
未接來電，留在凌晨兩點 我沒回撥，不是不想見 只是怕你聲音一出現 我所有假裝都會碎在耳邊 未接來電，像你站在門前 我沒有開，卻一直聽見 如果想念也算一種虧欠 那我今晚又欠你一遍
便利店的熱咖啡涼了一半 收銀台播著熟悉的唱片 我在人群裡練習若無其事 回到房間卻輸給一張照片
你說過忙完會記得聯絡 那句承諾被時間折成紙盒 我把每個可能都想過 唯獨沒想過我們真的錯過
指尖停在撥號鍵上面 勇氣只差一秒卻退回原點
未接來電，留在凌晨兩點 我沒回撥，不是不想見 只是怕你聲音一出現 我所有假裝都會碎在耳邊 未接來電，像你站在門前 我沒有開，卻一直聽見 如果想念也算一種虧欠 那我今晚又欠你一遍
也許你只是按錯了鍵 也許我只是還沒習慣走遠 若明天屏幕再次亮一遍 我會先說你好，再問你最近怎樣
未接來電，留在凌晨兩點 這次我回撥，不管多遠 就算我們只剩一句再見 也好過把你留在靜音裡面 未接來電，慢慢變成從前 我終於敢把房門打開一點 如果想念不必交換誓言 那就讓我先說，我還沒走遠
手機安靜躺在桌角 天快亮了，我還醒著
留言（ 3 ） 最相關留言 所有留言
留言（ 3 ）",2026-09-23,,AI 生成 Hip hop / Rap,False,False,
2026-09-24 04:39:54,realtime,ai_generated,,,11,тШЕ,太陽的餘溫(更新音檔),7,15,9,https://streetvoice.com/lalahahaha/songs/880705/,https://streetvoice.com/lalahahaha/,"https://akstatic.streetvoice.com/song_covers/la/la/lalahahaha/FEYQK7eXYrX57hMn5jpEJM.jpeg?x-oss-process=image/resize,m_fill,h_400,w_400,limit_0",images/880705.jpeg,,,,,,18,16,10,,,https://www.youtube.com/user/StreetVoiceTV,2026 JAM JAM ASIA音樂節公布壓軸陣容！孫淑媚首登大型音樂祭、李竺芯打造全新編制|||https://blow.streetvoice.com/89332/?utm_source=streetvoice&utm_medium=profile-news-block; 2026「JAM JAM ASIA」聽團指南登場！黃韻玲、瑪莎等六位策展人分享選團觀點|||https://blow.streetvoice.com/89263/?utm_source=streetvoice&utm_medium=profile-news-block; 2026「JAM JAM ASIA」音樂節公布新一波卡司： 盧廣仲首度參戰、迪拉聯手阿夫組限定組合|||https://blow.streetvoice.com/89151/?utm_source=streetvoice&utm_medium=profile-news-block,,Alternative,★的日記,https://streetvoice.com/lalahahaha/songs/album/97325733/,,"詞：★ 曲：Suno AI 魚塭 
詞：★ 曲：Suno AI
魚塭","那天我把整理好的字 交到你的手裡 那是效率 還是一層霧氣 看著你的點頭 你的皺眉 你的停頓 你偶爾移開的視線 我分不清哪些 是你最真實的反應 我只能從你留下的字 慢慢往裡走 有些埋得太深的季節 我知道一句 那很難受 說出口有時太容易 所以我狠心停一下 再問你一次 是不是這裡 我還是會懷疑 你想知道的故事 是因為責任 因為工作 因為收入 還是真的想知道 那就不用替我回答 你可以懷疑 我不是來替你的天空 決定應該放晴 還是下雨 記憶瀰漫著白霧 像一把銳利的刀 把大地與天空 切成兩個孤島 有些技巧像氣流 看不見從哪裡開始 只是輕輕改變方向 讓停滯太久的雲 終於願意移動 你身上有一種溫度 像一顆仍有餘熱的太陽 生命裡會有疲倦 會有重複 會有方法 會有生存 也會有不得不維持的距離 但那些都不能取代 一顆太陽的存在 可是如果有一天 你聽過太多風暴 太多離別 如果那些故事 開始變成一頁又一頁 似曾相識的靈魂 希望你還記得 有些太陽 即使只剩餘溫 也足以讓冰雪融化 如果我真的有這樣的能力 那也不是因為 我比誰更懂風雨 只是學會替迷路的人 留下一束光 如果治癒真的存在 在所有分析以前 在所有理論以前 坐在彼此面前的 從來不是 誰拯救了誰 融雪之後 才終於看見 一直埋在下面的 是還能再次生長的土地 坐在你面前的 不是風暴 不是寒冬 不是一張氣象圖 是一個 仍然會痛 仍然會愛 仍然會跌倒 也仍然會成長的 完整的人 
那天我把整理好的字 交到你的手裡 那是效率 還是一層霧氣 看著你的點頭 你的皺眉 你的停頓 你偶爾移開的視線 我分不清哪些 是你最真實的反應
我只能從你留下的字 慢慢往裡走 有些埋得太深的季節
我知道一句 那很難受 說出口有時太容易 所以我狠心停一下 再問你一次 是不是這裡
我還是會懷疑 你想知道的故事 是因為責任 因為工作 因為收入 還是真的想知道
那就不用替我回答 你可以懷疑 我不是來替你的天空 決定應該放晴 還是下雨
記憶瀰漫著白霧 像一把銳利的刀 把大地與天空 切成兩個孤島
有些技巧像氣流 看不見從哪裡開始 只是輕輕改變方向 讓停滯太久的雲 終於願意移動
你身上有一種溫度 像一顆仍有餘熱的太陽
生命裡會有疲倦 會有重複 會有方法 會有生存 也會有不得不維持的距離
但那些都不能取代 一顆太陽的存在
可是如果有一天 你聽過太多風暴 太多離別 如果那些故事 開始變成一頁又一頁 似曾相識的靈魂 希望你還記得 有些太陽 即使只剩餘溫 也足以讓冰雪融化
如果我真的有這樣的能力 那也不是因為 我比誰更懂風雨 只是學會替迷路的人 留下一束光
如果治癒真的存在 在所有分析以前 在所有理論以前 坐在彼此面前的 從來不是 誰拯救了誰
融雪之後 才終於看見 一直埋在下面的 是還能再次生長的土地
坐在你面前的 不是風暴 不是寒冬 不是一張氣象圖
是一個 仍然會痛 仍然會愛 仍然會跌倒 也仍然會成長的
完整的人
留言（ 9 ） 最相關留言 所有留言
留言（ 9 ）",2026-09-23,,AI 生成 Alternative ・ ★的日記,False,False,
2026-09-24 04:39:54,realtime,ai_generated,,,12,天使旋律 Angelic Melody,我愛周星星💖 I Love Stephen Chow🌟(version 2),1,2,3,https://streetvoice.com/ees0977199609/songs/880761/,https://streetvoice.com/ees0977199609/,"https://akstatic.streetvoice.com/song_covers/ee/s0/ees0977199609/WkqJkzp5eRSxnVijNeL6Bv.jpeg?x-oss-process=image/resize,m_fill,h_400,w_400,limit_0",images/880761.jpeg,@ees0977199609,音樂人,桃園市,2026-06-01,,102,16,40,,,https://www.youtube.com/user/StreetVoiceTV,,,Pop,網路迷因電台 Internet meme radio,https://streetvoice.com/ees0977199609/songs/album/97326041/,,"詞：天使旋律 曲：SUNO 這首是「爆漿撒尿牛丸」曲風🍤 ✨ 「做人如果沒有夢想，那跟鹹魚有什麼分別？」 🤘 哪怕時光飛逝來到 2026 年，星爺的經典電影依然毫不過時！ 每當熟悉的配樂與經典台詞響起，總能讓人秒回那個笑中帶淚的黃金時代 🎥🍿。 為了向心中永遠的喜劇巨星致敬，特別推出了這首充滿歡笑與熱血的改編歌曲 《我愛周星星💖》！🎉🎶 🌟 這首歌不僅是一首歡樂爆笑的致敬曲，更是一封寫給所有「小人物」的情書 💌。 歌曲從小人物的視角展開 🎬——一個在片場默默無聞的「跑龍套小咖」，即使出演屍體、被導演大罵「你別動！」，心中對夢想的熱情依然比 Hollywood 還巨大！🔥 歌曲中精妙地串聯了無數深植人心的星爺電影經典台詞： 《唐伯虎點秋香》 的「小強你不能死啊～🕷️」、「賞花賞月賞秋香💐」與 七大暗器之首「好折凳🪑」！ 《少林足球⚽》 的夢想鹹魚論與滔滔江水般連綿不絕的熱血！🐟 《食神🧑‍🍳》 那令人黯然銷魂、加了洋蔥的銷魂眼淚與雜碎麵！🧅 《國產凌凌漆🕵️》 那支有光才會亮的「太陽能手電筒」！🔦 《大話西遊🐒》 那句流傳千古的「愛你一萬年」承諾！🙊 【核心精神：只要有心，人人都可以是影帝！】🫅 這首歌不僅帶領聽眾重溫歡笑，更傳遞了面對生活逆境時的瀟灑與堅持 💪🌈！ 「只要有心，人人都可以是影帝！」就算全場燈光昏暗、人生暫時只能跑龍套，只要勇敢做自己的那道光 ，一步一步，我們都能把心中的配角演成主場！ 星爺的電影深植在每一個看過的人心中，是超越時代的經典不敗巨星 👑🌟。 這首歌用最歡樂的旋律，帶大家重溫無數個陪伴我們長大的爆笑夜晚，一起大聲向心中的喜劇之王告白：「 Best Actor, that's me～周星星💖 I Love You！」 🍿🎉👏 
詞：天使旋律 曲：SUNO 這首是「爆漿撒尿牛丸」曲風🍤
✨ 「做人如果沒有夢想，那跟鹹魚有什麼分別？」 🤘
哪怕時光飛逝來到 2026 年，星爺的經典電影依然毫不過時！ 每當熟悉的配樂與經典台詞響起，總能讓人秒回那個笑中帶淚的黃金時代 🎥🍿。 為了向心中永遠的喜劇巨星致敬，特別推出了這首充滿歡笑與熱血的改編歌曲 《我愛周星星💖》！🎉🎶
🌟 這首歌不僅是一首歡樂爆笑的致敬曲，更是一封寫給所有「小人物」的情書 💌。 歌曲從小人物的視角展開 🎬——一個在片場默默無聞的「跑龍套小咖」，即使出演屍體、被導演大罵「你別動！」，心中對夢想的熱情依然比 Hollywood 還巨大！🔥
歌曲中精妙地串聯了無數深植人心的星爺電影經典台詞： 《唐伯虎點秋香》 的「小強你不能死啊～🕷️」、「賞花賞月賞秋香💐」與 七大暗器之首「好折凳🪑」！ 《少林足球⚽》 的夢想鹹魚論與滔滔江水般連綿不絕的熱血！🐟 《食神🧑‍🍳》 那令人黯然銷魂、加了洋蔥的銷魂眼淚與雜碎麵！🧅 《國產凌凌漆🕵️》 那支有光才會亮的「太陽能手電筒」！🔦 《大話西遊🐒》 那句流傳千古的「愛你一萬年」承諾！🙊 【核心精神：只要有心，人人都可以是影帝！】🫅
這首歌不僅帶領聽眾重溫歡笑，更傳遞了面對生活逆境時的瀟灑與堅持 💪🌈！ 「只要有心，人人都可以是影帝！」就算全場燈光昏暗、人生暫時只能跑龍套，只要勇敢做自己的那道光 ，一步一步，我們都能把心中的配角演成主場！ 星爺的電影深植在每一個看過的人心中，是超越時代的經典不敗巨星 👑🌟。 這首歌用最歡樂的旋律，帶大家重溫無數個陪伴我們長大的爆笑夜晚，一起大聲向心中的喜劇之王告白：「 Best Actor, that's me～周星星💖 I Love You！」 🍿🎉👏","[Intro] Yo yo yo, mic check check，燈光打下來， 神秘感打開？我神你老媽！ 畫面這麼黑，你當我在拍恐怖片？ 大哥別亂猜，我只是跑龍套的小咖， 但我的夢想，比 Hollywood 還大！ 小強你怎麼了？小強你不能死啊～！ 我要 keep holding on，let's go！ [Verse 1] 做人如果沒有夢想，那跟鹹魚有什麼分別？ 早上五點起床，叫我去試鏡， 一場戲，三句台詞，兩句被人刪， 別人笑我太瘋癲，我笑別人看不透， 我一秒鐘幾十萬上下，你叫我去吃雜碎麵？ 你有沒有搞錯呀？Huh？我是未來影帝的經理人啦！ 這個節奏像滔滔江水，連綿不絕， 夢想像黃河決堤，一發不可收拾！ [Pre-Chorus] 憑你的智慧，我很難跟你解釋， 演戲這種東西，是很講天份的， 我跑過龍套，當過路人， 演過屍體，還被導演罵：「你別動！」 開不開心？意不意外？ Don't give up, keep on fighting！ [Chorus] 只要有心，人人都可以是影帝！ 賞花賞月賞秋香，星光大道我來闖！ 龍套變影帝，驚天動地， 含笑半步癲，笑著在鏡頭前面站！ Everybody can be a superstar！ 你是唐伯虎， 我就是觀世音！ Oh yeah, oh yeah！ [Verse 2] 導演說：「這場戲，你要哭！」 哭不出來怎麼辦呀？ 誒誒？我怎麼會流淚呢？有一種淡淡的哀傷感…… 是洋蔥呀，我加了洋蔥！ 原來是洋蔥，太黯然，太銷魂了！ 你哭得這麼真，都可以拿獎了！ 像這種誇獎，我這輩子沒聽過！ Take one, take two, take three，再來一場！ [Pre-Chorus 2] 鏡頭一開，命運就要轉彎， 就算沒有台詞，我都有我的浪漫！ No fear, no doubt, turn the lights up now！ [Chorus 2] 只要有心，人人都可以是影帝！ 賞花賞月賞秋香，星光大道我來闖！ 龍套變影帝，驚天動地， 笑著在鏡頭前面站！ Everybody can be a superstar！ Oh yeah, oh yeah！ [Bridge] 這支電筒，是太陽能的， 有光的時候，它就會亮， 沒光的時候……絕對不亮， So 我要做那道光，shine on the stage！ 就算全場黑，我都不退場， 一步一步，把配角演成主場！ [Final Build] Yo Yo！Yeah！Come on！ [Final Chorus] 貧僧乃演藝圈新人，法號龍套， 踏夜而來，隨風而去， 好折凳，七大暗器之首， 我什麼都不怕，就是怕沒戲拍！ 有戲沒戲都要衝，笑著面對每一場！ 一句話點醒夢中人，嚇得我屁滾尿流失了魂， 胡說？這裡好好的喔，全部都是幻覺！ 只要有心，人人都可以是影帝！ Where there's a will, there's a way！ Everybody can be a superstar！ [Outro] 曾經有一個夢想，擺在我的眼前， 那你打算怎麼做呀？ 如果上天再給我一次機會， 所以你到底打算怎麼做呀？ 我會演到，一，萬，年！ Thank you, my fans, I love you for a thousand more～ Best Actor, that's me～周星星💖！ Oh～yeah～ 
[Intro] Yo yo yo, mic check check，燈光打下來， 神秘感打開？我神你老媽！ 畫面這麼黑，你當我在拍恐怖片？ 大哥別亂猜，我只是跑龍套的小咖， 但我的夢想，比 Hollywood 還大！ 小強你怎麼了？小強你不能死啊～！ 我要 keep holding on，let's go！
[Verse 1] 做人如果沒有夢想，那跟鹹魚有什麼分別？ 早上五點起床，叫我去試鏡， 一場戲，三句台詞，兩句被人刪， 別人笑我太瘋癲，我笑別人看不透， 我一秒鐘幾十萬上下，你叫我去吃雜碎麵？ 你有沒有搞錯呀？Huh？我是未來影帝的經理人啦！ 這個節奏像滔滔江水，連綿不絕， 夢想像黃河決堤，一發不可收拾！
[Pre-Chorus] 憑你的智慧，我很難跟你解釋， 演戲這種東西，是很講天份的， 我跑過龍套，當過路人， 演過屍體，還被導演罵：「你別動！」 開不開心？意不意外？ Don't give up, keep on fighting！
[Chorus] 只要有心，人人都可以是影帝！ 賞花賞月賞秋香，星光大道我來闖！ 龍套變影帝，驚天動地， 含笑半步癲，笑著在鏡頭前面站！ Everybody can be a superstar！
你是唐伯虎， 我就是觀世音！
Oh yeah, oh yeah！
[Verse 2] 導演說：「這場戲，你要哭！」 哭不出來怎麼辦呀？ 誒誒？我怎麼會流淚呢？有一種淡淡的哀傷感…… 是洋蔥呀，我加了洋蔥！ 原來是洋蔥，太黯然，太銷魂了！ 你哭得這麼真，都可以拿獎了！ 像這種誇獎，我這輩子沒聽過！
Take one, take two, take three，再來一場！
[Pre-Chorus 2] 鏡頭一開，命運就要轉彎， 就算沒有台詞，我都有我的浪漫！
No fear, no doubt, turn the lights up now！
[Chorus 2] 只要有心，人人都可以是影帝！ 賞花賞月賞秋香，星光大道我來闖！ 龍套變影帝，驚天動地， 笑著在鏡頭前面站！ Everybody can be a superstar！ Oh yeah, oh yeah！
[Bridge] 這支電筒，是太陽能的， 有光的時候，它就會亮， 沒光的時候……絕對不亮， So 我要做那道光，shine on the stage！
就算全場黑，我都不退場，
一步一步，把配角演成主場！
[Final Build]
Yo Yo！Yeah！Come on！
[Final Chorus] 貧僧乃演藝圈新人，法號龍套， 踏夜而來，隨風而去， 好折凳，七大暗器之首， 我什麼都不怕，就是怕沒戲拍！
有戲沒戲都要衝，笑著面對每一場！ 一句話點醒夢中人，嚇得我屁滾尿流失了魂， 胡說？這裡好好的喔，全部都是幻覺！
只要有心，人人都可以是影帝！ Where there's a will, there's a way！ Everybody can be a superstar！
[Outro] 曾經有一個夢想，擺在我的眼前， 那你打算怎麼做呀？ 如果上天再給我一次機會， 所以你到底打算怎麼做呀？
我會演到，一，萬，年！
Thank you, my fans, I love you for a thousand more～ Best Actor, that's me～周星星💖！
Oh～yeah～
留言（ 3 ） 最相關留言 所有留言
留言（ 3 ）",2026-09-23,,AI 生成 Pop ・ 網路迷因電台 Internet meme radio,False,False,
2026-09-24 04:39:54,realtime,ai_generated,,,13,鳥巢AI藝術,而我又是你的誰,5,7,5,https://streetvoice.com/josefhsu/songs/880726/,https://streetvoice.com/josefhsu/,"https://akstatic.streetvoice.com/song_covers/jo/se/josefhsu/bCKM96ktNevA3b7hXWqSTq.jpeg?x-oss-process=image/resize,m_fill,h_400,w_400,limit_0",images/880726.jpeg,@josefhsu,音樂人,,,,65,13,5,,,https://www.youtube.com/user/StreetVoiceTV,,,Rock,都會情歌,https://streetvoice.com/josefhsu/songs/album/97323084/,,"一、舊票 開場不是災難當夜，是二十年後一個普通的灰早晨。 沈渡手心捏著一張從未剪口的舊火車票。票面地名缺字，和巢廠大門那塊缺了一角字母的鐵牌是同一種殘缺——事故後有人把字鏟掉，說「完整的名字會把人招回來」。他本可以用這張票離開，一直沒走；現在走，也不是因為有地方可去，是因為母親去世後，窗邊的杯子沒人再倒水，霧氣散了，屋子突然空得不像能住。 他在外圈車站被攔住。對方並不兇，只是熟練地問：「從哪裡來？」 他本來要說那句學來的、能過關的話。話到喉底，他咽回去了。低著頭，像在承認一件還沒被寫成罪的罪。 放行不是因為誠實，是因為他看起來不像會鬧事。這是他第一次明白：沈默也會留下腳印。別人記住的不是他的名字，是他「不肯說」這件事本身。 二、窗邊的霧 插入母親的最後幾年。 白瓷杯有一道細裂，熱水一倒，裂紋裡冒出一層薄霧。沈母說那是杯子在呼吸。沈渡小時候信；長大後知道那是水汽，可他仍不敢把杯子丟掉。母親把杯子放在窗邊，不是為了風景——窗外是廠區鐵絲網——而是為了讓霧對著光。她說，光一照，裂縫才看得見；看不見的裂縫最危險。 有一次風很大，有人在巷子裡喊他們的姓。聲音被吹散。沈渡站在門口，忽然聽不清那個姓是不是還屬於自己。從那天起，他開始練習把「我是某廠某區某人」整句吞回去。吞多了，喉嚨裡像含著一塊不肯化的土。 母親去世時沒有留下遺書，只留下杯子和一句沒說完的話：「別讓他們替你……」後面的字，被咳嗽打斷。 三、荒原上的紐扣 沈渡沒有進城認領母親的「出身註記」。他繞開內圈，走進荒原，幫人運廢件、修舊爐、送沒人要的遺物。袖口常積一層灰，顏色像褪色的土，有人叫它輻射塵，有人叫它舊巢的皮。 他遇見那個男孩，是在一段燒黑的鐵軌旁。孩子外套鬆了，紐扣晃著，快掉。沈渡蹲下去替他扣上。動作很輕，像在處理一件會碎的器物。 孩子問：「你是這裡的人嗎？」 沈渡看向遠處那塊缺字鐵牌的方向，沒有點頭，也沒有搖頭。他只說：「我聽過一句一樣的問候。」 孩子似懂非懂，把沈渡當成暫時可以跟著的大人。兩人沒有結成家庭，只是短暫同行。這很重要：故事不靠「認親」救贖，靠「同一句問候在不同人嘴裡重複」。 夜裡，沈渡聽見自己的口音在荒原裡特別清楚。那口音像一把舊鑰匙：齒紋還在，卻對不上任何一座還在使用的鎖。故土不是打不開，是鎖芯早就換了。還留著舊鎖的人，不歡迎舊鑰匙；換了新鎖的人，根本不承認有過那扇門。 四、門上的字 他們經過外圈一處登記點。每家門板上除了姓，還寫著出身：北廠、南線、事故前年、事故後遷入、口音等級。有人把腔調練成「乾淨」的，就能把註記貼得低一點；練不掉的，註記會被寫得很高、很清楚，像警告。 沈渡在廢墟裡撿到一枚還帶體溫的紐扣——不是孩子那顆，是另一顆，埋在灰裡，剛被誰的手指碰過，或者剛從誰的衣服上崩開。他把它貼在胸口，隔著布聽。沒有神蹟，沒有亡魂託夢。只有一個極小的事實：這東西還熱，說明不久前還有人在人間走動。 他需要的不是籍貫證明，是「我尚未被寫成過去式」的證明。 孩子在旁邊看著，忽然叫他：「沈渡。」 這是全文第一次有人好好叫他的名字。不是「北廠的」，不是「帶灰的」，不是「內圈出來的那位」。只是名字。 沈渡沒有哭。他只是把那枚紐扣收進掌心，和舊車票疊在一起。票是離開的證據，扣是還在的證據。兩樣都不完整，加在一起才夠他站直。 五、最後一道光 故事結束在黃昏，荒原被切出一條窄光。光只夠照見一張臉，照不見門牌，照不見廠徽，照不見任何可登記的來處。 檢查員或過路人——角色不重要——再次問他是誰、從哪裡來、該把你歸到哪一欄。 沈渡這一次開口。他不提供地名，不修正口音，不解釋母親、事故、缺字的鐵牌。他只要求一件事： 叫我的名字。 不必替我歸屬。 孩子站在他側後方。風把灰從他們肩上吹下去，像一場遲來、也不潔淨的雪。沈渡從灰裡站起來。他沒有成為英雄，沒有平反戶籍，沒有讓舊巢重新亮燈。他只是收回被代填的身份。 結尾最後一句落在動作，不落在宣言：他扣好自己外套最上面那顆扣子，把舊票夾回掌心，帶著孩子往光的反方向走——不是回家，是走向還沒有被寫上「出身」的那段路。 走了幾步，孩子問：「那我們現在是哪裡的人？」 沈渡說：「先叫我沈渡。」 停半拍。 「你的名字，你自己說。」 孩子想了想，說了一個很短的名字。荒原沒有記錄它。門板也還沒來得及寫。風把它帶走一點，又送回來一點。夠用了。 
一、舊票 開場不是災難當夜，是二十年後一個普通的灰早晨。 沈渡手心捏著一張從未剪口的舊火車票。票面地名缺字，和巢廠大門那塊缺了一角字母的鐵牌是同一種殘缺——事故後有人把字鏟掉，說「完整的名字會把人招回來」。他本可以用這張票離開，一直沒走；現在走，也不是因為有地方可去，是因為母親去世後，窗邊的杯子沒人再倒水，霧氣散了，屋子突然空得不像能住。 他在外圈車站被攔住。對方並不兇，只是熟練地問：「從哪裡來？」 他本來要說那句學來的、能過關的話。話到喉底，他咽回去了。低著頭，像在承認一件還沒被寫成罪的罪。 放行不是因為誠實，是因為他看起來不像會鬧事。這是他第一次明白：沈默也會留下腳印。別人記住的不是他的名字，是他「不肯說」這件事本身。 二、窗邊的霧 插入母親的最後幾年。 白瓷杯有一道細裂，熱水一倒，裂紋裡冒出一層薄霧。沈母說那是杯子在呼吸。沈渡小時候信；長大後知道那是水汽，可他仍不敢把杯子丟掉。母親把杯子放在窗邊，不是為了風景——窗外是廠區鐵絲網——而是為了讓霧對著光。她說，光一照，裂縫才看得見；看不見的裂縫最危險。 有一次風很大，有人在巷子裡喊他們的姓。聲音被吹散。沈渡站在門口，忽然聽不清那個姓是不是還屬於自己。從那天起，他開始練習把「我是某廠某區某人」整句吞回去。吞多了，喉嚨裡像含著一塊不肯化的土。 母親去世時沒有留下遺書，只留下杯子和一句沒說完的話：「別讓他們替你……」後面的字，被咳嗽打斷。 三、荒原上的紐扣 沈渡沒有進城認領母親的「出身註記」。他繞開內圈，走進荒原，幫人運廢件、修舊爐、送沒人要的遺物。袖口常積一層灰，顏色像褪色的土，有人叫它輻射塵，有人叫它舊巢的皮。 他遇見那個男孩，是在一段燒黑的鐵軌旁。孩子外套鬆了，紐扣晃著，快掉。沈渡蹲下去替他扣上。動作很輕，像在處理一件會碎的器物。 孩子問：「你是這裡的人嗎？」 沈渡看向遠處那塊缺字鐵牌的方向，沒有點頭，也沒有搖頭。他只說：「我聽過一句一樣的問候。」 孩子似懂非懂，把沈渡當成暫時可以跟著的大人。兩人沒有結成家庭，只是短暫同行。這很重要：故事不靠「認親」救贖，靠「同一句問候在不同人嘴裡重複」。 夜裡，沈渡聽見自己的口音在荒原裡特別清楚。那口音像一把舊鑰匙：齒紋還在，卻對不上任何一座還在使用的鎖。故土不是打不開，是鎖芯早就換了。還留著舊鎖的人，不歡迎舊鑰匙；換了新鎖的人，根本不承認有過那扇門。 四、門上的字 他們經過外圈一處登記點。每家門板上除了姓，還寫著出身：北廠、南線、事故前年、事故後遷入、口音等級。有人把腔調練成「乾淨」的，就能把註記貼得低一點；練不掉的，註記會被寫得很高、很清楚，像警告。 沈渡在廢墟裡撿到一枚還帶體溫的紐扣——不是孩子那顆，是另一顆，埋在灰裡，剛被誰的手指碰過，或者剛從誰的衣服上崩開。他把它貼在胸口，隔著布聽。沒有神蹟，沒有亡魂託夢。只有一個極小的事實：這東西還熱，說明不久前還有人在人間走動。 他需要的不是籍貫證明，是「我尚未被寫成過去式」的證明。 孩子在旁邊看著，忽然叫他：「沈渡。」 這是全文第一次有人好好叫他的名字。不是「北廠的」，不是「帶灰的」，不是「內圈出來的那位」。只是名字。 沈渡沒有哭。他只是把那枚紐扣收進掌心，和舊車票疊在一起。票是離開的證據，扣是還在的證據。兩樣都不完整，加在一起才夠他站直。 五、最後一道光 故事結束在黃昏，荒原被切出一條窄光。光只夠照見一張臉，照不見門牌，照不見廠徽，照不見任何可登記的來處。 檢查員或過路人——角色不重要——再次問他是誰、從哪裡來、該把你歸到哪一欄。 沈渡這一次開口。他不提供地名，不修正口音，不解釋母親、事故、缺字的鐵牌。他只要求一件事： 叫我的名字。
不必替我歸屬。 孩子站在他側後方。風把灰從他們肩上吹下去，像一場遲來、也不潔淨的雪。沈渡從灰裡站起來。他沒有成為英雄，沒有平反戶籍，沒有讓舊巢重新亮燈。他只是收回被代填的身份。 結尾最後一句落在動作，不落在宣言：他扣好自己外套最上面那顆扣子，把舊票夾回掌心，帶著孩子往光的反方向走——不是回家，是走向還沒有被寫上「出身」的那段路。 走了幾步，孩子問：「那我們現在是哪裡的人？」 沈渡說：「先叫我沈渡。」 停半拍。 「你的名字，你自己說。」 孩子想了想，說了一個很短的名字。荒原沒有記錄它。門板也還沒來得及寫。風把它帶走一點，又送回來一點。夠用了。","動態歌詞
詞、聲紋/鳥巢 曲/Suno&鳥巢 舊車票夾在掌心，沾著灰土 你問我從哪裡來，我低頭不語 工廠門口的鐵牌，缺了一角字母 我把那句學來的話，咽回喉底 母親把白瓷杯放在窗邊 裂紋里藏著一層薄薄的霧 我聽見自己的姓氏，被風吹遠 才知道沈默也會留下腳步 而我又是你的誰，站在荒原深處 口音像一把舊鑰匙，打不開故土 若最後一道光只照見這副面目 請你叫我的名字，不必替我歸屬 輻射塵落在袖口，像褪色的土 我替陌生孩子扣好，松開的紐扣 他問我是不是這裡的人， 我看著遠處 只說我曾經聽過 一句相同的問候 而我又是你的誰，站在荒原深處 口音像一把舊鑰匙，打不開故土 若最後一道光只照見這副面目 請你叫我的名字，不必替我歸屬 他們把出身寫在門上，寫得清楚 把每一種腔調，都分成高低貴賤 可我從廢墟撿起一枚溫熱的紐扣 貼在胸口，聽它證明我還在人間 而我又是你的誰越過燃盡的荒蕪 我的聲音帶著塵埃，也帶著來處 若最後一道光只照見這副面目 請你叫我的名字，讓我自己歸屬 叫我的名字 別替我歸屬 我從灰里站起 仍然是我自己 
詞、聲紋/鳥巢 曲/Suno&鳥巢 舊車票夾在掌心，沾著灰土 你問我從哪裡來，我低頭不語 工廠門口的鐵牌，缺了一角字母 我把那句學來的話，咽回喉底 母親把白瓷杯放在窗邊 裂紋里藏著一層薄薄的霧 我聽見自己的姓氏，被風吹遠 才知道沈默也會留下腳步 而我又是你的誰，站在荒原深處 口音像一把舊鑰匙，打不開故土 若最後一道光只照見這副面目 請你叫我的名字，不必替我歸屬 輻射塵落在袖口，像褪色的土 我替陌生孩子扣好，松開的紐扣 他問我是不是這裡的人， 我看著遠處 只說我曾經聽過 一句相同的問候 而我又是你的誰，站在荒原深處 口音像一把舊鑰匙，打不開故土 若最後一道光只照見這副面目 請你叫我的名字，不必替我歸屬 他們把出身寫在門上，寫得清楚 把每一種腔調，都分成高低貴賤 可我從廢墟撿起一枚溫熱的紐扣 貼在胸口，聽它證明我還在人間 而我又是你的誰越過燃盡的荒蕪 我的聲音帶著塵埃，也帶著來處 若最後一道光只照見這副面目 請你叫我的名字，讓我自己歸屬 叫我的名字 別替我歸屬 我從灰里站起 仍然是我自己
留言（ 5 ） 最相關留言 所有留言
留言（ 5 ）",2026-09-23,,AI 生成 Rock ・ 都會情歌,False,False,
2026-09-24 04:39:54,realtime,ai_generated,,,14,chen!,不如隨波BAR,6,4,2,https://streetvoice.com/chentasticzone/songs/880755/,https://streetvoice.com/chentasticzone/,"https://akstatic.streetvoice.com/song_covers/ch/en/chentasticzone/ASHAyKFPYSmJ9g56D3H4Vx.jpeg?x-oss-process=image/resize,m_fill,h_400,w_400,limit_0",images/880755.jpeg,@chentasticzone,音樂人,,,,5,4,,,,https://www.youtube.com/user/StreetVoiceTV,,,Pop,,,,"想要走進二次元的小陳，總被導航到奇怪的地方… [Verse 1] 搖晃著玻璃杯 燭光作伴 靜靜的在角落 呼吸放慢 可能還需要點微醺作伴 就聽著這節奏漸漸消散 [Refrain] 怪我太容易被美好淹沒 一點光影就讓我墜落 虛假又如何 盡情作夢 清醒著才寂寞 不如隨波 [Verse 2] 用指尖觸碰 像種暗號 說話聲的音調剛好漲潮 跟著我的步調 就一直飄搖 把規則都甩掉 只想飄渺 [Refrain] 怪我太容易被美好淹沒 一點光影就讓我墜落 虛假又如何 盡情作夢 清醒著才寂寞 不如隨波 [Chorus] 讓全身失去重量才能 舞蹈 一直舞蹈 讓全身失去重量才能 舞蹈 我想舞蹈 [Chorus] 讓全身失去重量才能 舞蹈 一直舞蹈 讓全身失去重量才能 舞蹈 直到悟道 ☁️ https://soundcloud.com/chentasticzone ⏬ https://share.weiyun.com/M0Hgzp0k 音頻下載僅作為非商業用途內容創作，記得標註📢 🛸 chen! | 夢遊小陳 🔗 chentasticzone.github.io ✉️ chentasticzone@outlook.com #ChentasticZone #AI生成 #VirtualArtist #AIMusic 
想要走進二次元的小陳，總被導航到奇怪的地方…
[Verse 1] 搖晃著玻璃杯 燭光作伴 靜靜的在角落 呼吸放慢 可能還需要點微醺作伴 就聽著這節奏漸漸消散
[Refrain] 怪我太容易被美好淹沒 一點光影就讓我墜落 虛假又如何 盡情作夢 清醒著才寂寞 不如隨波
[Verse 2] 用指尖觸碰 像種暗號 說話聲的音調剛好漲潮 跟著我的步調 就一直飄搖 把規則都甩掉 只想飄渺
[Refrain] 怪我太容易被美好淹沒 一點光影就讓我墜落 虛假又如何 盡情作夢 清醒著才寂寞 不如隨波
[Chorus] 讓全身失去重量才能 舞蹈 一直舞蹈 讓全身失去重量才能 舞蹈 我想舞蹈
[Chorus] 讓全身失去重量才能 舞蹈 一直舞蹈 讓全身失去重量才能 舞蹈 直到悟道
☁️ https://soundcloud.com/chentasticzone ⏬ https://share.weiyun.com/M0Hgzp0k 音頻下載僅作為非商業用途內容創作，記得標註📢 🛸 chen! | 夢遊小陳 🔗 chentasticzone.github.io
https://soundcloud.com/chentasticzone
https://share.weiyun.com/M0Hgzp0k
chentasticzone.github.io
✉️ chentasticzone@outlook.com #ChentasticZone #AI生成 #VirtualArtist #AIMusic
chentasticzone@outlook.com","動態歌詞
不如隨波BAR chen! | 夢遊小陳 Produced by ChentasticZone 搖晃著玻璃杯 燭光作伴 靜靜的在角落 呼吸放慢 可能還需要點微醺作伴 就聽著這節奏漸漸消散 怪我太容易被美好淹沒 一點光影就讓我墜落 虛假又如何 盡情作夢 清醒著才寂寞 不如隨波 用指尖觸碰 像種暗號 說話聲的音調剛好漲潮 跟著我的步調 就一直飄搖 把規則都甩掉 只想飄渺 怪我太容易被美好淹沒 一點光影就讓我墜落 虛假又如何 盡情作夢 清醒著才寂寞 不如隨波 讓全身失去重量才能 舞蹈 一直舞蹈 讓全身失去重量才能 舞蹈 我想舞蹈 讓全身失去重量才能 舞蹈 一直舞蹈 讓全身失去重量才能 舞蹈 直到悟道 
不如隨波BAR chen! | 夢遊小陳 Produced by ChentasticZone 搖晃著玻璃杯 燭光作伴 靜靜的在角落 呼吸放慢 可能還需要點微醺作伴 就聽著這節奏漸漸消散 怪我太容易被美好淹沒 一點光影就讓我墜落 虛假又如何 盡情作夢 清醒著才寂寞 不如隨波 用指尖觸碰 像種暗號 說話聲的音調剛好漲潮 跟著我的步調 就一直飄搖 把規則都甩掉 只想飄渺 怪我太容易被美好淹沒 一點光影就讓我墜落 虛假又如何 盡情作夢 清醒著才寂寞 不如隨波 讓全身失去重量才能 舞蹈 一直舞蹈 讓全身失去重量才能 舞蹈 我想舞蹈 讓全身失去重量才能 舞蹈 一直舞蹈 讓全身失去重量才能 舞蹈 直到悟道
留言（ 2 ） 最相關留言 所有留言
留言（ 2 ）",2026-09-23,,AI 生成 Pop,False,False,
2026-09-24 04:39:54,realtime,ai_generated,,,15,天使旋律 Angelic Melody,我愛周星星💖 I Love Stephen Chow🌟,1,3,2,https://streetvoice.com/ees0977199609/songs/880760/,https://streetvoice.com/ees0977199609/,"https://akstatic.streetvoice.com/song_covers/ee/s0/ees0977199609/KvCC9xzEch9Wnq2AFXkRhu.jpeg?x-oss-process=image/resize,m_fill,h_400,w_400,limit_0",images/880760.jpeg,@ees0977199609,音樂人,桃園市,2026-06-01,,102,16,40,,,https://www.youtube.com/user/StreetVoiceTV,,,Pop,網路迷因電台 Internet meme radio,https://streetvoice.com/ees0977199609/songs/album/97326041/,,"詞：天使旋律 曲：SUNO 這首是「黯然銷魂飯」曲風🍲 ✨ 「做人如果沒有夢想，那跟鹹魚有什麼分別？」 🤘 哪怕時光飛逝來到 2026 年，星爺的經典電影依然毫不過時！ 每當熟悉的配樂與經典台詞響起，總能讓人秒回那個笑中帶淚的黃金時代 🎥🍿。 為了向心中永遠的喜劇巨星致敬，特別推出了這首充滿歡笑與熱血的改編歌曲 《我愛周星星💖》！🎉🎶 🌟 這首歌不僅是一首歡樂爆笑的致敬曲，更是一封寫給所有「小人物」的情書 💌。 歌曲從小人物的視角展開 🎬——一個在片場默默無聞的「跑龍套小咖」，即使出演屍體、被導演大罵「你別動！」，心中對夢想的熱情依然比 Hollywood 還巨大！🔥 歌曲中精妙地串聯了無數深植人心的星爺電影經典台詞： 《唐伯虎點秋香》 的「小強你不能死啊～🕷️」、「賞花賞月賞秋香💐」與 七大暗器之首「好折凳🪑」！ 《少林足球⚽》 的夢想鹹魚論與滔滔江水般連綿不絕的熱血！🐟 《食神🧑‍🍳》 那令人黯然銷魂、加了洋蔥的銷魂眼淚與雜碎麵！🧅 《國產凌凌漆🕵️》 那支有光才會亮的「太陽能手電筒」！🔦 《大話西遊🐒》 那句流傳千古的「愛你一萬年」承諾！🙊 【核心精神：只要有心，人人都可以是影帝！】🫅 這首歌不僅帶領聽眾重溫歡笑，更傳遞了面對生活逆境時的瀟灑與堅持 💪🌈！ 「只要有心，人人都可以是影帝！」就算全場燈光昏暗、人生暫時只能跑龍套，只要勇敢做自己的那道光 ，一步一步，我們都能把心中的配角演成主場！ 星爺的電影深植在每一個看過的人心中，是超越時代的經典不敗巨星 👑🌟。 這首歌用最歡樂的旋律，帶大家重溫無數個陪伴我們長大的爆笑夜晚，一起大聲向心中的喜劇之王告白：「 Best Actor, that's me～周星星💖 I Love You！」 🍿🎉👏 
詞：天使旋律 曲：SUNO 這首是「黯然銷魂飯」曲風🍲
✨ 「做人如果沒有夢想，那跟鹹魚有什麼分別？」 🤘
哪怕時光飛逝來到 2026 年，星爺的經典電影依然毫不過時！ 每當熟悉的配樂與經典台詞響起，總能讓人秒回那個笑中帶淚的黃金時代 🎥🍿。 為了向心中永遠的喜劇巨星致敬，特別推出了這首充滿歡笑與熱血的改編歌曲 《我愛周星星💖》！🎉🎶
🌟 這首歌不僅是一首歡樂爆笑的致敬曲，更是一封寫給所有「小人物」的情書 💌。 歌曲從小人物的視角展開 🎬——一個在片場默默無聞的「跑龍套小咖」，即使出演屍體、被導演大罵「你別動！」，心中對夢想的熱情依然比 Hollywood 還巨大！🔥
歌曲中精妙地串聯了無數深植人心的星爺電影經典台詞： 《唐伯虎點秋香》 的「小強你不能死啊～🕷️」、「賞花賞月賞秋香💐」與 七大暗器之首「好折凳🪑」！ 《少林足球⚽》 的夢想鹹魚論與滔滔江水般連綿不絕的熱血！🐟 《食神🧑‍🍳》 那令人黯然銷魂、加了洋蔥的銷魂眼淚與雜碎麵！🧅 《國產凌凌漆🕵️》 那支有光才會亮的「太陽能手電筒」！🔦 《大話西遊🐒》 那句流傳千古的「愛你一萬年」承諾！🙊 【核心精神：只要有心，人人都可以是影帝！】🫅
這首歌不僅帶領聽眾重溫歡笑，更傳遞了面對生活逆境時的瀟灑與堅持 💪🌈！ 「只要有心，人人都可以是影帝！」就算全場燈光昏暗、人生暫時只能跑龍套，只要勇敢做自己的那道光 ，一步一步，我們都能把心中的配角演成主場！ 星爺的電影深植在每一個看過的人心中，是超越時代的經典不敗巨星 👑🌟。 這首歌用最歡樂的旋律，帶大家重溫無數個陪伴我們長大的爆笑夜晚，一起大聲向心中的喜劇之王告白：「 Best Actor, that's me～周星星💖 I Love You！」 🍿🎉👏","[Intro] Yo yo yo, mic check check，燈光打下來， 神秘感打開？我神你老媽！ 畫面這麼黑，你當我在拍恐怖片？ 大哥別亂猜，我只是跑龍套的小咖， 但我的夢想，比 Hollywood 還大！ 小強你怎麼了？小強你不能死啊～！ 我要 keep holding on，let's go！ [Verse 1] 做人如果沒有夢想，那跟鹹魚有什麼分別？ 早上五點起床，叫我去試鏡， 一場戲，三句台詞，兩句被人刪， 別人笑我太瘋癲，我笑別人看不透， 我一秒鐘幾十萬上下，你叫我去吃雜碎麵？ 你有沒有搞錯呀？Huh？我是未來影帝的經理人啦！ 這個節奏像滔滔江水，連綿不絕， 夢想像黃河決堤，一發不可收拾！ [Pre-Chorus] 憑你的智慧，我很難跟你解釋， 演戲這種東西，是很講天份的， 我跑過龍套，當過路人， 演過屍體，還被導演罵：「你別動！」 開不開心？意不意外？ Don't give up, keep on fighting！ [Chorus] 只要有心，人人都可以是影帝！ 賞花賞月賞秋香，星光大道我來闖！ 龍套變影帝，驚天動地， 含笑半步癲，笑著在鏡頭前面站！ Everybody can be a superstar！ 你是唐伯虎， 我就是觀世音！ Oh yeah, oh yeah！ [Verse 2] 導演說：「這場戲，你要哭！」 哭不出來怎麼辦呀？ 誒誒？我怎麼會流淚呢？有一種淡淡的哀傷感…… 是洋蔥呀，我加了洋蔥！ 原來是洋蔥，太黯然，太銷魂了！ 你哭得這麼真，都可以拿獎了！ 像這種誇獎，我這輩子沒聽過！ Take one, take two, take three，再來一場！ [Pre-Chorus 2] 鏡頭一開，命運就要轉彎， 就算沒有台詞，我都有我的浪漫！ No fear, no doubt, turn the lights up now！ [Chorus 2] 只要有心，人人都可以是影帝！ 賞花賞月賞秋香，星光大道我來闖！ 龍套變影帝，驚天動地， 笑著在鏡頭前面站！ Everybody can be a superstar！ Oh yeah, oh yeah！ [Bridge] 這支電筒，是太陽能的， 有光的時候，它就會亮， 沒光的時候……絕對不亮， So 我要做那道光，shine on the stage！ 就算全場黑，我都不退場， 一步一步，把配角演成主場！ [Final Build] Yo Yo！Yeah！Come on！ [Final Chorus] 貧僧乃演藝圈新人，法號龍套， 踏夜而來，隨風而去， 好折凳，七大暗器之首， 我什麼都不怕，就是怕沒戲拍！ 有戲沒戲都要衝，笑著面對每一場！ 一句話點醒夢中人，嚇得我屁滾尿流失了魂， 胡說？這裡好好的喔，全部都是幻覺！ 只要有心，人人都可以是影帝！ Where there's a will, there's a way！ Everybody can be a superstar！ [Outro] 曾經有一個夢想，擺在我的眼前， 那你打算怎麼做呀？ 如果上天再給我一次機會， 所以你到底打算怎麼做呀？ 我會演到，一，萬，年！ Thank you, my fans, I love you for a thousand more～ Best Actor, that's me～周星星💖！ Oh～yeah～ 
[Intro] Yo yo yo, mic check check，燈光打下來， 神秘感打開？我神你老媽！ 畫面這麼黑，你當我在拍恐怖片？ 大哥別亂猜，我只是跑龍套的小咖， 但我的夢想，比 Hollywood 還大！ 小強你怎麼了？小強你不能死啊～！ 我要 keep holding on，let's go！
[Verse 1] 做人如果沒有夢想，那跟鹹魚有什麼分別？ 早上五點起床，叫我去試鏡， 一場戲，三句台詞，兩句被人刪， 別人笑我太瘋癲，我笑別人看不透， 我一秒鐘幾十萬上下，你叫我去吃雜碎麵？ 你有沒有搞錯呀？Huh？我是未來影帝的經理人啦！ 這個節奏像滔滔江水，連綿不絕， 夢想像黃河決堤，一發不可收拾！
[Pre-Chorus] 憑你的智慧，我很難跟你解釋， 演戲這種東西，是很講天份的， 我跑過龍套，當過路人， 演過屍體，還被導演罵：「你別動！」 開不開心？意不意外？ Don't give up, keep on fighting！
[Chorus] 只要有心，人人都可以是影帝！ 賞花賞月賞秋香，星光大道我來闖！ 龍套變影帝，驚天動地， 含笑半步癲，笑著在鏡頭前面站！ Everybody can be a superstar！
你是唐伯虎， 我就是觀世音！
Oh yeah, oh yeah！
[Verse 2] 導演說：「這場戲，你要哭！」 哭不出來怎麼辦呀？ 誒誒？我怎麼會流淚呢？有一種淡淡的哀傷感…… 是洋蔥呀，我加了洋蔥！ 原來是洋蔥，太黯然，太銷魂了！ 你哭得這麼真，都可以拿獎了！ 像這種誇獎，我這輩子沒聽過！
Take one, take two, take three，再來一場！
[Pre-Chorus 2] 鏡頭一開，命運就要轉彎， 就算沒有台詞，我都有我的浪漫！
No fear, no doubt, turn the lights up now！
[Chorus 2] 只要有心，人人都可以是影帝！ 賞花賞月賞秋香，星光大道我來闖！ 龍套變影帝，驚天動地， 笑著在鏡頭前面站！ Everybody can be a superstar！ Oh yeah, oh yeah！
[Bridge] 這支電筒，是太陽能的， 有光的時候，它就會亮， 沒光的時候……絕對不亮， So 我要做那道光，shine on the stage！
就算全場黑，我都不退場，
一步一步，把配角演成主場！
[Final Build]
Yo Yo！Yeah！Come on！
[Final Chorus] 貧僧乃演藝圈新人，法號龍套， 踏夜而來，隨風而去， 好折凳，七大暗器之首， 我什麼都不怕，就是怕沒戲拍！
有戲沒戲都要衝，笑著面對每一場！ 一句話點醒夢中人，嚇得我屁滾尿流失了魂， 胡說？這裡好好的喔，全部都是幻覺！
只要有心，人人都可以是影帝！ Where there's a will, there's a way！ Everybody can be a superstar！
[Outro] 曾經有一個夢想，擺在我的眼前， 那你打算怎麼做呀？ 如果上天再給我一次機會， 所以你到底打算怎麼做呀？
我會演到，一，萬，年！
Thank you, my fans, I love you for a thousand more～ Best Actor, that's me～周星星💖！
Oh～yeah～
留言（ 2 ） 最相關留言 所有留言
留言（ 2 ）",2026-09-23,,AI 生成 Pop ・ 網路迷因電台 Internet meme radio,False,False,
2026-09-24 04:39:54,realtime,ai_generated,,,16,MisanHsu,打不死的生存法則,10,12,3,https://streetvoice.com/misanshui/songs/880700/,https://streetvoice.com/misanshui/,"https://akstatic.streetvoice.com/song_covers/mi/sa/misanshui/TWvfQRqdggnKCwi4bhvKFx.jpeg?x-oss-process=image/resize,m_fill,h_400,w_400,limit_0",images/880700.jpeg,@misanshui,音樂人,桃園市,2007-04-01,,170,31,25,,,https://www.youtube.com/user/StreetVoiceTV,,,Rock,曱甴失樂園,https://streetvoice.com/misanshui/songs/album/97326090/,,,"恐龍放假的時候 地球正在冰凍 我在溫暖棉被裡 悄悄發芽生長中 你們發明了拖鞋 還有各種殺蟲劑 不好意思我祖傳的 技能叫永不放棄 走過泥濘 越過水溝 穿梭在廚房冰箱 我的字典裡 從來沒有 絕望這兩個字樣 ohohoh ~ 命運越是要考驗我 ohohoh ~ 我就爬得越快、躲得越過癮！ 燈一開，驚聲尖叫 燈一關，全場主導 別用那種眼神看我 我早地球幾億年囉！ 我是打不死的生存法則 有縫隙我就能快樂活著 不管什麼牌子的清潔劑 我翻個跟斗 依然笑著！ Ohohoh ~ 韌性是我的外殼 Ohohoh ~ 活著就是一首快樂的歌！ 從古生代 混到現代 沒拿過半張獎狀 但我黑亮盔甲 從來不曾打過敗仗 別笑我矮 別笑我快 我只是在通勤上班 深夜的流理台 是我伸展台與大飯店 你噴你的霧 我練我的步 世界雖然殘酷 肚子吃得飽又滿足！ 不管明天風雨有多大！ (Oh yeah~) 不管拖鞋從哪裡落下！ (Dodge~) 我依然是這夜晚最自由的流浪家！ 噓……聽見了嗎？那是拖鞋落下的聲音。 一、二、三…… (Whoosh— slap!) ……哎呀，沒打中。 我是打不死的生存法則 有縫隙我就能快樂活著 不管什麼牌子的清潔劑 我翻個跟斗 依然笑著！ Ohohoh ~ 韌性是我的外殼 Ohohoh ~ 活著就是一首快樂的歌！ 對啦對啦 就是這樣！ 生命總會找到出路…… 小強也是！ 
恐龍放假的時候 地球正在冰凍 我在溫暖棉被裡 悄悄發芽生長中 你們發明了拖鞋 還有各種殺蟲劑 不好意思我祖傳的 技能叫永不放棄
走過泥濘 越過水溝 穿梭在廚房冰箱 我的字典裡 從來沒有 絕望這兩個字樣 ohohoh ~ 命運越是要考驗我 ohohoh ~ 我就爬得越快、躲得越過癮！
燈一開，驚聲尖叫 燈一關，全場主導 別用那種眼神看我 我早地球幾億年囉！
我是打不死的生存法則 有縫隙我就能快樂活著 不管什麼牌子的清潔劑 我翻個跟斗 依然笑著！ Ohohoh ~ 韌性是我的外殼 Ohohoh ~ 活著就是一首快樂的歌！
從古生代 混到現代 沒拿過半張獎狀 但我黑亮盔甲 從來不曾打過敗仗 別笑我矮 別笑我快 我只是在通勤上班 深夜的流理台 是我伸展台與大飯店 你噴你的霧 我練我的步 世界雖然殘酷 肚子吃得飽又滿足！
不管明天風雨有多大！ (Oh yeah~) 不管拖鞋從哪裡落下！ (Dodge~) 我依然是這夜晚最自由的流浪家！
噓……聽見了嗎？那是拖鞋落下的聲音。 一、二、三…… (Whoosh— slap!) ……哎呀，沒打中。
我是打不死的生存法則 有縫隙我就能快樂活著 不管什麼牌子的清潔劑 我翻個跟斗 依然笑著！ Ohohoh ~ 韌性是我的外殼 Ohohoh ~ 活著就是一首快樂的歌！
對啦對啦 就是這樣！ 生命總會找到出路…… 小強也是！
留言（ 3 ） 最相關留言 所有留言
留言（ 3 ）",2026-09-23,,AI 生成 Rock ・ 曱甴失樂園,False,False,
2026-09-24 04:39:54,realtime,ai_generated,,,17,hikoho,漂流月球,14,255,16,https://streetvoice.com/hikoho/songs/880627/,https://streetvoice.com/hikoho/,"https://akstatic.streetvoice.com/song_covers/hi/ko/hikoho/cVVR85x4UhEX77SFHkaAct.jpeg?x-oss-process=image/resize,m_fill,h_400,w_400,limit_0",images/880627.jpeg,@hikoho,音樂人,基隆市,2025-05-01,2025-12-29 09:53,74,105,58,https://www.facebook.com/profile.php?id=61574094953630,,http://www.youtube.com/@hikohoMUSIC,,,Alternative,我有一個搖滾夢,https://streetvoice.com/hikoho/songs/album/97324130/,,"🌕 《漂流月球》—— 預祝大家中秋節快樂 🌕 當全人類在中秋佳節抬頭望向同一輪滿月， 我選擇解開地心引力的鎖扣，將靈魂放逐至三十八萬公里之外。 這同樣是一首致敬 Suede那種迷幻聲線的作品。 帶著頹靡、優雅又略帶神經質的微醺尾音，吉他音牆在真空裡化作漂浮的星塵，低頻 Bass 如同寂靜的心跳，緩慢浸透整座冰冷的環形山谷。 中秋不一定只有圍坐的喧鬧與擁擠的團圓； 孤獨在真空裡不再疼痛，那是宇宙給予漫遊者最極致的自由與溫柔。 如果你今晚也感到些許格格不入， 願這首歌化作無聲的無線電波，接住你的失重與漂泊。 中秋節快樂，願大家在自己的軌道上，安靜而自由地發光。 
🌕 《漂流月球》—— 預祝大家中秋節快樂 🌕
當全人類在中秋佳節抬頭望向同一輪滿月， 我選擇解開地心引力的鎖扣，將靈魂放逐至三十八萬公里之外。
這同樣是一首致敬 Suede那種迷幻聲線的作品。 帶著頹靡、優雅又略帶神經質的微醺尾音，吉他音牆在真空裡化作漂浮的星塵，低頻 Bass 如同寂靜的心跳，緩慢浸透整座冰冷的環形山谷。
中秋不一定只有圍坐的喧鬧與擁擠的團圓； 孤獨在真空裡不再疼痛，那是宇宙給予漫遊者最極致的自由與溫柔。 如果你今晚也感到些許格格不入， 願這首歌化作無聲的無線電波，接住你的失重與漂泊。
中秋節快樂，願大家在自己的軌道上，安靜而自由地發光。","重力在指尖慢慢蒸發　微塵在灰白的荒原懸掛 遠方有一顆藍色的火花　安靜得聽不見任何回答 踏在沒有風吹過的沙　踩碎了四十六億年的夢境啊 氧氣面罩裡迴盪的心跳　是宇宙最微弱的訊號 漂浮著 漫無目第的穿梭　告別了 遠方藍色的眼眸 任由星光牽引著寂寞在夢遊 我在月球的暗面漂流　解開地心引力的鎖扣 寂靜像是最溫柔的宇宙　接住所有漂泊的自由 孤獨在真空裡不再疼痛　只剩下光 陪我一起停留 漂浮著 漫無目的的穿梭　告別了 遠方藍色的眼眸 任由星光牽引著寂寞在夢遊 我在月球的暗面漂流　解開地心引力的鎖扣 寂靜像是最溫柔的宇宙　接住所有漂泊的自由 孤獨在真空裡不再疼痛　只剩下光 陪我一起停留 聽不見呼喚 觸不到起伏　在冰冷的環形山谷 我和星塵跳起最後的舞　遙望著地球上的那一抹孤獨 
重力在指尖慢慢蒸發　微塵在灰白的荒原懸掛 遠方有一顆藍色的火花　安靜得聽不見任何回答
踏在沒有風吹過的沙　踩碎了四十六億年的夢境啊 氧氣面罩裡迴盪的心跳　是宇宙最微弱的訊號
漂浮著 漫無目第的穿梭　告別了 遠方藍色的眼眸 任由星光牽引著寂寞在夢遊
我在月球的暗面漂流　解開地心引力的鎖扣 寂靜像是最溫柔的宇宙　接住所有漂泊的自由 孤獨在真空裡不再疼痛　只剩下光 陪我一起停留
漂浮著 漫無目的的穿梭　告別了 遠方藍色的眼眸 任由星光牽引著寂寞在夢遊
我在月球的暗面漂流　解開地心引力的鎖扣 寂靜像是最溫柔的宇宙　接住所有漂泊的自由 孤獨在真空裡不再疼痛　只剩下光 陪我一起停留
聽不見呼喚 觸不到起伏　在冰冷的環形山谷 我和星塵跳起最後的舞　遙望著地球上的那一抹孤獨
留言（ 16 ） 最相關留言 所有留言
留言（ 16 ）",2026-09-22,,AI 生成 Alternative ・ 我有一個搖滾夢,False,False,
2026-09-24 04:39:54,realtime,ai_generated,,,18,хоЙц╛дAnze_aaron,水調歌頭‧明月幾時有,4,5,6,https://streetvoice.com/anze_aaron/songs/880777/,https://streetvoice.com/anze_aaron/,"https://akstatic.streetvoice.com/song_covers/an/ze/anze_aaron/cgbA8shvHXzjiMZtH4maEa.jpeg?x-oss-process=image/resize,m_fill,h_400,w_400,limit_0",images/880777.jpeg,,,,,,28,16,15,,,https://www.youtube.com/user/StreetVoiceTV,,,Pop,詩月光年｜Cinematic Chinese Night Ballads,https://streetvoice.com/anze_aaron/songs/album/97324953/,,"千年前，蘇軾寫下〈水調歌頭・明月幾時有〉， 寫月，也寫人間的離合與思念。 2026 中秋前夕， 以現代國風與電影感編曲重新詮釋這首宋詞， 讓古典詞意在月光、弦樂與東方聲響中，再一次被聽見。 但願人長久， 千里共嬋娟。 YouTube MV 以新國風音樂會與磅礴天宮意象呈現， 如果你也喜歡這樣的月夜氛圍，歡迎到 YouTube 看看完整影像。 https://youtu.be/AbzuU8N6oWU 【English】 As the Mid-Autumn Festival approaches, may we think of those we hold dear beneath the same moon. A new musical interpretation of Su Shi’s timeless poem “Shui Diao Ge Tou,” where moonlight carries longing, distance, and remembrance across the centuries. May we live long, and share the same moon from afar. 
千年前，蘇軾寫下〈水調歌頭・明月幾時有〉， 寫月，也寫人間的離合與思念。
2026 中秋前夕， 以現代國風與電影感編曲重新詮釋這首宋詞， 讓古典詞意在月光、弦樂與東方聲響中，再一次被聽見。
但願人長久， 千里共嬋娟。
YouTube MV 以新國風音樂會與磅礴天宮意象呈現， 如果你也喜歡這樣的月夜氛圍，歡迎到 YouTube 看看完整影像。 https://youtu.be/AbzuU8N6oWU
https://youtu.be/AbzuU8N6oWU
【English】
As the Mid-Autumn Festival approaches, may we think of those we hold dear beneath the same moon.
A new musical interpretation of Su Shi’s timeless poem “Shui Diao Ge Tou,” where moonlight carries longing, distance, and remembrance across the centuries.
May we live long, and share the same moon from afar.","動態歌詞
明月幾時有 把酒問青天 不知天上宮闕 今夕是何年 我欲乘風歸去 又恐瓊樓玉宇 高處不勝寒 起舞弄清影 何似在人間 轉朱閣 低綺戶 照無眠 不應有恨 何事長向別時圓 人有悲歡離合 月有陰晴圓缺 此事古難全 但願人長久 千里共嬋娟 但願人長久 千里共嬋娟 但願人長久 千里共嬋娟 
明月幾時有 把酒問青天 不知天上宮闕 今夕是何年 我欲乘風歸去 又恐瓊樓玉宇 高處不勝寒 起舞弄清影 何似在人間 轉朱閣 低綺戶 照無眠 不應有恨 何事長向別時圓 人有悲歡離合 月有陰晴圓缺 此事古難全 但願人長久 千里共嬋娟 但願人長久 千里共嬋娟 但願人長久 千里共嬋娟
留言（ 6 ） 最相關留言 所有留言
留言（ 6 ）",2026-09-23,,AI 生成 Pop ・ 詩月光年｜Cinematic Chinese Night Ballads,False,False,
2026-09-24 04:39:54,realtime,ai_generated,,,19,Dammn P.,南極仙翁,7,5,2,https://streetvoice.com/Paull_Dammnpohung/songs/880776/,https://streetvoice.com/Paull_Dammnpohung/,"https://akstatic.streetvoice.com/song_covers/Pa/ul/Paull_Dammnpohung/Zn2bgRohqPHHXp9wSXCLNE.jpeg?x-oss-process=image/resize,m_fill,h_400,w_400,limit_0",images/880776.jpeg,@Paull_Dammnpohung,音樂人,高雄市,2026-01-01,2026-06-25 10:03,148,66,87,,,https://www.youtube.com/@RuralPeace-n2q,,,Soundtrack / New age,,,,"適合用於：冥想打坐、深度睡眠、讀書工作專注、瑜伽放鬆與心靈療癒。 
適合用於：冥想打坐、深度睡眠、讀書工作專注、瑜伽放鬆與心靈療癒。","這是沒有提供歌詞的歌曲
留言（ 2 ） 最相關留言 所有留言
留言（ 2 ）",2026-09-23,,AI 生成 Soundtrack / New age,False,False,
2026-09-24 04:39:54,realtime,ai_generated,,,20,song for whom(зӮәиӘ°е”ұжӯҢ),月光泡咖啡,6,6,1,https://streetvoice.com/ruby2100/songs/878100/,https://streetvoice.com/ruby2100/,"https://akstatic.streetvoice.com/song_covers/ru/by/ruby2100/jorRsKhrnYDARd2MqsVVsn.jpeg?x-oss-process=image/resize,m_fill,h_400,w_400,limit_0",images/878100.jpeg,,,,,,151,29,18,,,https://www.youtube.com/user/StreetVoiceTV,,,R&B / Soul,,,,"「把月光倒進黑咖啡裡，苦味就不急著消失，只是慢慢變得溫柔。」 《月光泡咖啡》是一首帶著深夜獨處感、城市疲憊與自我安撫的療癒歌曲。 凌晨的窗還沒睡， 城市亮得有點疲憊， 房間裡只留一點點燈， 讓安靜坐在身邊。 沒有急著後悔， 也沒有急著找人安慰， 只是把今晚交給黑咖啡和月色， 讓心慢慢退回柔軟的邊界。 最喜歡的一句是： 「我和自己碰一杯，說明天會好一點對不對。」 這句很溫柔， 也很像一個人在低潮裡， 終於願意好好陪自己待一會。 《月光泡咖啡》寫的不只是孤單， 更是一種不被打擾的修復。 手機先安靜在桌面， 訊息不用急著回， 夢太吵了就讓它睡， 疲憊也不一定要立刻被誰看穿。 一口苦， 一口暖， 一口把壞情緒慢慢吞完。 這首歌最舒服的地方， 是它沒有逼人快樂， 也沒有放任自己崩潰。 它只是讓夜色慢慢退， 讓咖啡冷半杯， 讓靈魂靠著月光轉彎。 我還在， 也還會， 好好入睡。 — 芮眠娜 
「把月光倒進黑咖啡裡，苦味就不急著消失，只是慢慢變得溫柔。」
《月光泡咖啡》是一首帶著深夜獨處感、城市疲憊與自我安撫的療癒歌曲。
凌晨的窗還沒睡，
城市亮得有點疲憊，
房間裡只留一點點燈，
讓安靜坐在身邊。
沒有急著後悔，
也沒有急著找人安慰，
只是把今晚交給黑咖啡和月色，
讓心慢慢退回柔軟的邊界。
最喜歡的一句是：
「我和自己碰一杯，說明天會好一點對不對。」
這句很溫柔，
也很像一個人在低潮裡，
終於願意好好陪自己待一會。
《月光泡咖啡》寫的不只是孤單，
更是一種不被打擾的修復。
手機先安靜在桌面，
訊息不用急著回，
夢太吵了就讓它睡，
疲憊也不一定要立刻被誰看穿。
一口苦，
一口暖，
一口把壞情緒慢慢吞完。
這首歌最舒服的地方，
是它沒有逼人快樂，
也沒有放任自己崩潰。
它只是讓夜色慢慢退，
讓咖啡冷半杯，
讓靈魂靠著月光轉彎。
我還在，
也還會，
好好入睡。
— 芮眠娜","動態歌詞
今晚慢慢墜 墜進安靜的黑 我不急著後悔 也不急著找人安慰 凌晨的窗還沒睡 城市亮得很疲憊 我把燈關到剩一點點 讓安靜坐在身邊 杯子裡的黑咖啡 倒進今晚的月色 月光泡咖啡 苦味慢慢變溫柔 我不想追問誰 也不想分辨錯對 就讓風慢慢吹 把心事吹成灰 今晚慢慢墜 墜進安靜的黑 我不急著後悔 也不急著找人安慰 讓心慢慢退 退到柔軟邊界 我和自己碰一杯 說明天 會好一點對不對 手機安靜在桌面 訊息先不用回 有些夢太吵了 就讓它慢慢睡 我把今天折一半 放進杯底攪散 不是所有疲憊 都需要被誰看穿 窗外車聲轉個彎 時間也跟著放慢 我不想跟自己冷戰 先陪心跳吃一頓晚安 一口苦 一口暖 一口把壞情緒吞完 夜很長 人很懶 我讓靈魂靠著月光轉彎 不用假裝很快樂 也不用急著崩潰 我只是需要一點 不被打擾的黑 等月亮淡一些 等咖啡冷一些 我會把自己 慢慢找回 今晚慢慢墜 墜進安靜的黑 我不急著後悔 也不急著找人安慰 讓心慢慢退 退到柔軟邊界 我和自己碰一杯 說明天 會好一點對不對 夜色慢慢退 咖啡冷半杯 我還在 也還會 好好入睡 
今晚慢慢墜 墜進安靜的黑 我不急著後悔 也不急著找人安慰 凌晨的窗還沒睡 城市亮得很疲憊 我把燈關到剩一點點 讓安靜坐在身邊 杯子裡的黑咖啡 倒進今晚的月色 月光泡咖啡 苦味慢慢變溫柔 我不想追問誰 也不想分辨錯對 就讓風慢慢吹 把心事吹成灰 今晚慢慢墜 墜進安靜的黑 我不急著後悔 也不急著找人安慰 讓心慢慢退 退到柔軟邊界 我和自己碰一杯 說明天 會好一點對不對 手機安靜在桌面 訊息先不用回 有些夢太吵了 就讓它慢慢睡 我把今天折一半 放進杯底攪散 不是所有疲憊 都需要被誰看穿 窗外車聲轉個彎 時間也跟著放慢 我不想跟自己冷戰 先陪心跳吃一頓晚安 一口苦 一口暖 一口把壞情緒吞完 夜很長 人很懶 我讓靈魂靠著月光轉彎 不用假裝很快樂 也不用急著崩潰 我只是需要一點 不被打擾的黑 等月亮淡一些 等咖啡冷一些 我會把自己 慢慢找回 今晚慢慢墜 墜進安靜的黑 我不急著後悔 也不急著找人安慰 讓心慢慢退 退到柔軟邊界 我和自己碰一杯 說明天 會好一點對不對 夜色慢慢退 咖啡冷半杯 我還在 也還會 好好入睡
留言（ 1 ） 最相關留言 所有留言
留言（ 1 ）",2026-09-23,,AI 生成 R&B / Soul,False,False,
2026-09-24 04:39:54,realtime,ai_generated,,,21,Poe3030,台北生成藝術姐,13,12,5,https://streetvoice.com/poe3030/songs/880624/,https://streetvoice.com/poe3030/,"https://akstatic.streetvoice.com/song_covers/po/e3/poe3030/LnKkM2YhT3UfmCRiuxbA8i.jpeg?x-oss-process=image/resize,m_fill,h_400,w_400,limit_0",images/880624.jpeg,@poe3030,音樂人,台北市,2008-11-01,2026-06-30 10:03,121,100,137,https://www.facebook.com/poe3030/,,https://www.youtube.com/@poe3030,,,Reggae / Funk,,,,"因為參加台北生成藝術節寫了這首歌，雖然沒有得獎，但有吃有拿收穫非常多，希望下次還能參加 ＭＶ： https://youtu.be/JD6tMkv1wG4 
因為參加台北生成藝術節寫了這首歌，雖然沒有得獎，但有吃有拿收穫非常多，希望下次還能參加 ＭＶ： https://youtu.be/JD6tMkv1wG4
https://youtu.be/JD6tMkv1wG4","Verse 1｜士林 如果第一次來要聽姐推薦 如果你是吃貨士林是起點 蚵仔煎先來一份 吃完去抓娃娃不要闖紅燈 十元五十換零錢 抓到天亮還是很新鮮 夜市的燈襯托夜的黑 台北的夜才正要起飛 Verse 2｜天母 如果想來一點異國散策 天母啤酒節剛好適合 不同語言在街角交錯 一杯一杯喝掉平凡生活 萬聖節變裝超越日常 今晚誰還需要正常 換一個名字 換一個模樣 走進天母就開始瘋狂 Pre-Chorus 姐說這座城市沒有攻略 只有景點多到你玩整個月 左轉右轉再多走幾步 下一站又是一種速度 Chorus 我是台北生成藝術姐 帶你逛遍城市每一頁 士林的夜 天母的街 東區一路玩到信義天際線 我是台北生成藝術姐 想去哪裡玩翻你的夜 今天不需要害怕出界 台北就是最瘋狂的生成實驗 Verse 3｜東區 潮流哥姐就去東區 喝茶一條街喝到忘記 醫美保養通通安排 日韓美衣美妝還有美鞋 今天流行什麼不用問 走進裡東區每樣都要一份 換個造型 換個心情 忠孝東路就是要走九遍 Verse 4｜信義 還嫌不夠就一路衝 衝到信義天際線的霓虹 101抬頭還搭配閃亮星空 城市的心跳跟著燈光跳動 再來一場全台百貨大連線 一間逛完絕對還有下一間 勿忘還有好多特色夜店 Bridge｜大稻埕 最後回到大稻埕的水邊 讓風把今天慢慢吹遠 穿一身旗袍走過老街 試著回到風華水路的一天 紅磚還記得那些從前 河面映著城市的變遷 新的台北沒有忘記昨天 所以我們又走回這一邊 Final Chorus 我是台北生成藝術姐 帶你逛遍城市每一頁 士林的夜 天母的街 東區潮流一路到信義天際線 我是台北生成藝術姐 大稻埕的風還留著從前 新與舊就在一瞬間 一起生成台北生成藝術節 Outro / Spoken 士林吃飽了嗎？ 天母喝夠了嗎？ 東區買完了嗎？ 信義還想再逛嗎？ …… 那就回大稻埕。 台北，明天再生成一次。 
Verse 1｜士林 如果第一次來要聽姐推薦 如果你是吃貨士林是起點 蚵仔煎先來一份 吃完去抓娃娃不要闖紅燈 十元五十換零錢 抓到天亮還是很新鮮 夜市的燈襯托夜的黑 台北的夜才正要起飛
Verse 2｜天母 如果想來一點異國散策 天母啤酒節剛好適合 不同語言在街角交錯 一杯一杯喝掉平凡生活 萬聖節變裝超越日常 今晚誰還需要正常 換一個名字 換一個模樣 走進天母就開始瘋狂
Pre-Chorus 姐說這座城市沒有攻略 只有景點多到你玩整個月 左轉右轉再多走幾步 下一站又是一種速度
Chorus 我是台北生成藝術姐 帶你逛遍城市每一頁 士林的夜 天母的街 東區一路玩到信義天際線 我是台北生成藝術姐 想去哪裡玩翻你的夜 今天不需要害怕出界 台北就是最瘋狂的生成實驗
Verse 3｜東區 潮流哥姐就去東區 喝茶一條街喝到忘記 醫美保養通通安排 日韓美衣美妝還有美鞋 今天流行什麼不用問 走進裡東區每樣都要一份 換個造型 換個心情 忠孝東路就是要走九遍
Verse 4｜信義 還嫌不夠就一路衝 衝到信義天際線的霓虹 101抬頭還搭配閃亮星空 城市的心跳跟著燈光跳動 再來一場全台百貨大連線 一間逛完絕對還有下一間 勿忘還有好多特色夜店
Bridge｜大稻埕 最後回到大稻埕的水邊 讓風把今天慢慢吹遠 穿一身旗袍走過老街 試著回到風華水路的一天 紅磚還記得那些從前 河面映著城市的變遷 新的台北沒有忘記昨天 所以我們又走回這一邊
Final Chorus 我是台北生成藝術姐 帶你逛遍城市每一頁 士林的夜 天母的街 東區潮流一路到信義天際線 我是台北生成藝術姐 大稻埕的風還留著從前 新與舊就在一瞬間 一起生成台北生成藝術節 Outro / Spoken 士林吃飽了嗎？ 天母喝夠了嗎？ 東區買完了嗎？ 信義還想再逛嗎？ …… 那就回大稻埕。 台北，明天再生成一次。
留言（ 5 ） 最相關留言 所有留言
留言（ 5 ）",2026-09-22,,AI 生成 Reggae / Funk,False,False,
2026-09-24 04:39:54,realtime,ai_generated,,,22,MisanHsu,無聲的突襲,8,14,1,https://streetvoice.com/misanshui/songs/880699/,https://streetvoice.com/misanshui/,"https://akstatic.streetvoice.com/song_covers/mi/sa/misanshui/R9qW4CPWipuvgK3uPeRwBX.jpeg?x-oss-process=image/resize,m_fill,h_400,w_400,limit_0",images/880699.jpeg,@misanshui,音樂人,桃園市,2007-04-01,,170,31,25,,,https://www.youtube.com/user/StreetVoiceTV,,,Rock,曱甴失樂園,https://streetvoice.com/misanshui/songs/album/97326090/,,,"今晚，冰箱底下的乳酪蛋糕是我的瓦爾哈拉！ 在人類絕望的尖叫聲中…… 我展開了黑色的隱形戰袍—— 我展開了黑色的隱形戰袍—— 今晚，冰箱底下的乳酪蛋糕是我的瓦爾哈拉！ 今晚，冰箱底下的乳酪蛋糕是我的瓦爾哈拉！ 我的瓦爾哈拉！我的瓦爾哈拉！ 今晚，冰箱底下的乳酪蛋糕是我的瓦爾哈拉！ 今晚，冰箱底下的乳酪蛋糕是我的瓦爾哈拉！ 今晚，冰箱底下的乳酪蛋糕是我的瓦爾哈拉！ 今晚，冰箱底下的乳酪蛋糕是我的瓦爾哈拉！ 我展開了黑色的隱形戰袍—— 
今晚，冰箱底下的乳酪蛋糕是我的瓦爾哈拉！ 在人類絕望的尖叫聲中…… 我展開了黑色的隱形戰袍—— 我展開了黑色的隱形戰袍——
今晚，冰箱底下的乳酪蛋糕是我的瓦爾哈拉！ 今晚，冰箱底下的乳酪蛋糕是我的瓦爾哈拉！
我的瓦爾哈拉！我的瓦爾哈拉！
今晚，冰箱底下的乳酪蛋糕是我的瓦爾哈拉！ 今晚，冰箱底下的乳酪蛋糕是我的瓦爾哈拉！ 今晚，冰箱底下的乳酪蛋糕是我的瓦爾哈拉！ 今晚，冰箱底下的乳酪蛋糕是我的瓦爾哈拉！ 我展開了黑色的隱形戰袍——
留言（ 1 ） 最相關留言 所有留言
留言（ 1 ）",2026-09-23,,AI 生成 Rock ・ 曱甴失樂園,False,False,
2026-09-24 04:39:54,realtime,ai_generated,,,23,Fukuball,逃不出的迴圈,5,4,5,https://streetvoice.com/fukuball/songs/880800/,https://streetvoice.com/fukuball/,"https://akstatic.streetvoice.com/song_covers/fu/ku/fukuball/Rrgw6NjPzezfaXWSszrkVT.jpeg?x-oss-process=image/resize,m_fill,h_400,w_400,limit_0",images/880800.jpeg,@fukuball,音樂人,台北市,2011-12-01,,89,16,1,,,https://www.youtube.com/user/StreetVoiceTV,,,Hip hop / Rap,,,,"Produce: Fukuball Performance: Mr. Uh feat. Miss Joan 〈逃不出的迴圈〉主要是寫主角在台北的夜色與霓虹燈光中突然頓悟，發現身邊的人都在照著寫好的劇本演戲，只有自己看穿了體制的荒謬，卻被當作神經病；而身邊的「你」也逐漸被體制同化，整首歌在自我懷疑與清醒抵抗之間游移。 #HipHop #JazzRap #ConsciousHipHop #Taiwanese #Music #音樂 
Produce: Fukuball Performance: Mr. Uh feat. Miss Joan
〈逃不出的迴圈〉主要是寫主角在台北的夜色與霓虹燈光中突然頓悟，發現身邊的人都在照著寫好的劇本演戲，只有自己看穿了體制的荒謬，卻被當作神經病；而身邊的「你」也逐漸被體制同化，整首歌在自我懷疑與清醒抵抗之間游移。
#HipHop #JazzRap #ConsciousHipHop #Taiwanese #Music #音樂","[Intro] [Vinyl crackle softly loops with a warm, dusty Rhodes chord progression] [Slow, head-nodding 88 BPM boom bap kick and snare enter with a deep walking bassline] [Vocals: Low, conversational tone like talking to a mic in a dark bedroom] (Yeah, maybe I'm crazy... or maybe you all are.) 台北的雨 好像下得有點太安靜了。 Check. [Verse 1] [Vocals: Laid-back, tight conversational flow with natural pauses and subtle double-tracking on rhyme ends] 今天早上醒來 發現劇本好像寫錯 鏡子裡的眼神 怎麼看都像個路過 街道上的行人都按著 相同的節奏 捷運車廂像個盒子 把靈魂全都借走 我親眼看見代碼 閃過紅綠燈的縫隙 我是唯一醒著的人 呼吸著冷空氣 跑去跟全世界講 他們說我得去看病 醫生拿著同意書 叫我把藥丸吞進去 [Pre-Chorus] [Drums drop out briefly, leaving only the mellow Rhodes piano and floating analog synth pads] [Vocals: Half-sung, melancholic melodic rap with room reverb] 我試過所有辦法 想證明我沒瘋 但你們只想要 讓我陷在迷霧中 [Chorus] [Beat drops back in with heavy warm bass and subtle vocal chops in the background] [Vocals: Rhythmic, memorable hook with laid-back delivery and subtle octave harmony] 逃不出的迴圈 (female vocal: 逃不開) 逃不出的迴圈 (female vocal: 逃不開) 逃不出的迴圈 困在城市中間 Escape the system, yeah, we fade away [Verse 2] [Vocals: Delivery becomes sharper and more direct, flow picks up slight speed] 連你的眼神 也開始變得不對勁 跟著那些人 戴上最標準的自信 嘴角那抹微笑 像被演算法給固定 現在你也想來 說服我放棄這場清醒 他們也把你 推進那個冰冷的病房 在你的手臂上 留下無法抹去的傷 我們都以為 只要順從就能得到安全 但最後全都在 規矩裡被磨平了邊緣 [Pre-Chorus] [Piano chords become sparse and slightly detuned, creating a claustrophobic mood] [Vocals: Low-key melodic delivery, vulnerable and isolated] 我們試過所有辦法 想看清這片空 但最後只剩下 靈魂被抽乾的痛 [Chorus] [Full groove playing with rich basslines and crisp hi-hat swings] [Vocals: Melodic flow with confident, cool detachment] 逃不出的迴圈 (female vocal: 逃不開) 逃不出的迴圈 (female vocal: 逃不開) 逃不出的迴圈 困在城市中間 Escape the system, yeah, we fade away Yeah, escape the never. [Bridge] [Beat switches to a slow, halftime filter-sweep groove; electric piano plays a wandering jazz solo underneath] [Vocals: Spoken-word flow, building in emotional intensity and presence] 如果這只是一場夢 那就讓我摔碎 如果這只是一場戲 何必裝得高貴 我感覺到腳底下的地磚 正在往下沉 但我不會閉上眼睛 變成木偶的替身 再跨出一步 整個世界都在閃爍 再深呼吸一口 撕開這片虛假的黑夜 聽那雜音正在放大 聽那警報在耳邊響 我們逃不開——但我絕不遺忘 [Pre-Chorus] [Drums fade out, only a single lingering bass drone and soft keyboard chords remain] [Vocals: Intimate, dry whisper right in front of the mic] 我已經用盡了 所有的力氣去抵抗 [Final Chorus] [Beat explodes back with full energy, layered vocal harmonies and rich vinyl texture] [Vocals: Emphatic, raw consciousness flow with dynamic rhythm] 逃不出的迴圈 (female vocal: 逃不開) 逃不出的迴圈 (female vocal: 逃不開) 逃不出的迴圈 困在城市中間 逃不出的迴圈——Escape to the Never. [Outro] [Rhodes piano plays a slow, fading chord progression; drums slowly filter out] [Vocals: Soft ad-libs and breathing fading into the background] (System error...) (醒來了沒？) (Just let it drift...) [Ending] [Tape stop effect cuts the track abruptly into dead silence] [End] 
[Intro] [Vinyl crackle softly loops with a warm, dusty Rhodes chord progression] [Slow, head-nodding 88 BPM boom bap kick and snare enter with a deep walking bassline] [Vocals: Low, conversational tone like talking to a mic in a dark bedroom] (Yeah, maybe I'm crazy... or maybe you all are.) 台北的雨 好像下得有點太安靜了。 Check.
[Verse 1] [Vocals: Laid-back, tight conversational flow with natural pauses and subtle double-tracking on rhyme ends] 今天早上醒來 發現劇本好像寫錯 鏡子裡的眼神 怎麼看都像個路過 街道上的行人都按著 相同的節奏 捷運車廂像個盒子 把靈魂全都借走 我親眼看見代碼 閃過紅綠燈的縫隙 我是唯一醒著的人 呼吸著冷空氣 跑去跟全世界講 他們說我得去看病 醫生拿著同意書 叫我把藥丸吞進去
[Pre-Chorus] [Drums drop out briefly, leaving only the mellow Rhodes piano and floating analog synth pads] [Vocals: Half-sung, melancholic melodic rap with room reverb] 我試過所有辦法 想證明我沒瘋 但你們只想要 讓我陷在迷霧中
[Chorus] [Beat drops back in with heavy warm bass and subtle vocal chops in the background] [Vocals: Rhythmic, memorable hook with laid-back delivery and subtle octave harmony] 逃不出的迴圈 (female vocal: 逃不開) 逃不出的迴圈 (female vocal: 逃不開) 逃不出的迴圈 困在城市中間 Escape the system, yeah, we fade away
[Verse 2] [Vocals: Delivery becomes sharper and more direct, flow picks up slight speed] 連你的眼神 也開始變得不對勁 跟著那些人 戴上最標準的自信 嘴角那抹微笑 像被演算法給固定 現在你也想來 說服我放棄這場清醒 他們也把你 推進那個冰冷的病房 在你的手臂上 留下無法抹去的傷 我們都以為 只要順從就能得到安全 但最後全都在 規矩裡被磨平了邊緣
[Pre-Chorus] [Piano chords become sparse and slightly detuned, creating a claustrophobic mood] [Vocals: Low-key melodic delivery, vulnerable and isolated] 我們試過所有辦法 想看清這片空 但最後只剩下 靈魂被抽乾的痛
[Chorus] [Full groove playing with rich basslines and crisp hi-hat swings] [Vocals: Melodic flow with confident, cool detachment] 逃不出的迴圈 (female vocal: 逃不開) 逃不出的迴圈 (female vocal: 逃不開) 逃不出的迴圈 困在城市中間 Escape the system, yeah, we fade away Yeah, escape the never.
[Bridge] [Beat switches to a slow, halftime filter-sweep groove; electric piano plays a wandering jazz solo underneath] [Vocals: Spoken-word flow, building in emotional intensity and presence] 如果這只是一場夢 那就讓我摔碎 如果這只是一場戲 何必裝得高貴 我感覺到腳底下的地磚 正在往下沉 但我不會閉上眼睛 變成木偶的替身 再跨出一步 整個世界都在閃爍 再深呼吸一口 撕開這片虛假的黑夜 聽那雜音正在放大 聽那警報在耳邊響 我們逃不開——但我絕不遺忘
[Pre-Chorus] [Drums fade out, only a single lingering bass drone and soft keyboard chords remain] [Vocals: Intimate, dry whisper right in front of the mic] 我已經用盡了 所有的力氣去抵抗
[Final Chorus] [Beat explodes back with full energy, layered vocal harmonies and rich vinyl texture] [Vocals: Emphatic, raw consciousness flow with dynamic rhythm] 逃不出的迴圈 (female vocal: 逃不開) 逃不出的迴圈 (female vocal: 逃不開) 逃不出的迴圈 困在城市中間 逃不出的迴圈——Escape to the Never.
[Outro] [Rhodes piano plays a slow, fading chord progression; drums slowly filter out] [Vocals: Soft ad-libs and breathing fading into the background] (System error...) (醒來了沒？) (Just let it drift...)
[Ending] [Tape stop effect cuts the track abruptly into dead silence] [End]
留言（ 5 ） 最相關留言 所有留言
留言（ 5 ）",2026-09-23,,AI 生成 Hip hop / Rap,False,False,
2026-09-24 04:39:54,realtime,ai_generated,,,24,ᐜᐞᒻᐟᑊᐢᕐ ᐜᑊᐩᑋ ᐞᑊ,Chapter 3: The Congo Basin — The Forest Where Everyone&#x27;s a Musician,12,19,7,https://streetvoice.com/walkingwithai/songs/880665/,https://streetvoice.com/walkingwithai/,"https://akstatic.streetvoice.com/song_covers/wa/lk/walkingwithai/EcjLPtyLFjeyBexzwjbzpe.jpeg?x-oss-process=image/resize,m_fill,h_400,w_400,limit_0",images/880665.jpeg,@walkingwithai,音樂人,,,,176,45,27,,,https://www.youtube.com/user/StreetVoiceTV,,,World,《THE FIRST SOUND》- 最初的聲音,https://streetvoice.com/walkingwithai/songs/album/97326114/,,"《The Congo Basin》是我《THE FIRST SOUND》音樂史雙書計畫的第 3 章主線作品。這一次，我們將視角帶入中非剛果盆地的熱帶雨林，探尋阿卡族（Aka）與姆布提人（Mbuti）古老而深邃的音樂傳統。在這裡，請先放下現代音樂中對於「表演者」與「觀眾」的界線認知——因為在這座森林裡，沒有人是單純的聽眾，每個人都是這場聲音儀式的一部份。 這首作品的歷史基底，建立在令人驚嘆的無譜多聲部合唱（Polyphony）上。根據法國民族音樂學家辛哈·阿羅姆（Simha Arom）的實地考究，這些部落在沒有指揮、沒有樂譜的情況下，能自然交織出複雜的四聲部即興和聲；其結構的精密程度，歐洲直到 14 世紀才得以企及。在聲響設計上，我們試圖捕捉部落傳統的「水鼓」（Liquindi，以雙手擊打水面產生節奏）以及極具代表性的「辛德夫」（Hindewhu，一種單音哨與人聲快速交替的演唱技巧），重現那份無需任何工業製造物、純粹源自大自然的原始律動。 然而，在歌詞的文本中，我們也點出了一段關於現代音樂史的真實插曲：1973 年，紐約爵士樂手以吹奏啤酒瓶的方式，模仿並錄製了這份源自剛果森林的「辛德夫」聲響。該張爵士專輯最終創下白金銷量，席捲全球，但這份巨大的商業收益與榮耀，卻從未回到這片孕育出該聲音的森林與部落居民手中。 這是一首讚頌群體共鳴，同時也溫柔反思文化挪用的作品。森林裡的和聲依然在傳唱，比那些永遠輪不到他們的唱片合約活得更久。邀請大家戴上耳機，走進這座沒有舞台邊界的森林，感受這份跨越萬年的古老聲響。 #TheCongoBasin #Polyphony #Hindewhu #Liquindi #AfricanMusic #音樂史65000年 #FromBoneFlutesToAIPop #StreetVoice #原創音樂 
《The Congo Basin》是我《THE FIRST SOUND》音樂史雙書計畫的第 3 章主線作品。這一次，我們將視角帶入中非剛果盆地的熱帶雨林，探尋阿卡族（Aka）與姆布提人（Mbuti）古老而深邃的音樂傳統。在這裡，請先放下現代音樂中對於「表演者」與「觀眾」的界線認知——因為在這座森林裡，沒有人是單純的聽眾，每個人都是這場聲音儀式的一部份。
這首作品的歷史基底，建立在令人驚嘆的無譜多聲部合唱（Polyphony）上。根據法國民族音樂學家辛哈·阿羅姆（Simha Arom）的實地考究，這些部落在沒有指揮、沒有樂譜的情況下，能自然交織出複雜的四聲部即興和聲；其結構的精密程度，歐洲直到 14 世紀才得以企及。在聲響設計上，我們試圖捕捉部落傳統的「水鼓」（Liquindi，以雙手擊打水面產生節奏）以及極具代表性的「辛德夫」（Hindewhu，一種單音哨與人聲快速交替的演唱技巧），重現那份無需任何工業製造物、純粹源自大自然的原始律動。
然而，在歌詞的文本中，我們也點出了一段關於現代音樂史的真實插曲：1973 年，紐約爵士樂手以吹奏啤酒瓶的方式，模仿並錄製了這份源自剛果森林的「辛德夫」聲響。該張爵士專輯最終創下白金銷量，席捲全球，但這份巨大的商業收益與榮耀，卻從未回到這片孕育出該聲音的森林與部落居民手中。
這是一首讚頌群體共鳴，同時也溫柔反思文化挪用的作品。森林裡的和聲依然在傳唱，比那些永遠輪不到他們的唱片合約活得更久。邀請大家戴上耳機，走進這座沒有舞台邊界的森林，感受這份跨越萬年的古老聲響。
#TheCongoBasin #Polyphony #Hindewhu #Liquindi #AfricanMusic #音樂史65000年 #FromBoneFlutesToAIPop #StreetVoice #原創音樂","Everybody sing That means you Yes you at the back There is no back My mother's line goes up my father's line goes down and somewhere in the middle I am walking on the ground The little one beside me cannot hold the beat she wobbles through the harmony and we let her keep her seat Sing it sing it everyone is in it no one stands outside to watch the fire tonight Sing it sing it everyone is in it the forest is the room and we are all the light The whistled pipe calls out across the clearing through the leaves the bottles knock the time and the water drums believe Efé and Aka Mbuti by the stream every name my grandmother would not let a stranger speak Sing it sing it everyone is in it no one stands outside to watch the fire tonight Sing it sing it everyone is in it the forest is the room and we are all the light Who is listening We are Who is singing We are Who is leading Nobody Then who follows Nobody Good In nineteen seventy-three a jazz man in New York blew across a beer bottle and called it innovation the same hindewhu sound this forest already knew recorded years before by a man who came to listen The album went platinum Guess who got the royalties Sing it sing it everyone is in it the sound outlived the record deal that never came our way Sing it sing it everyone is in it the forest is the room and we are still the light The treeline's behind you now You can stop counting Come in 大家都來唱 沒錯就是你 對 後面那個你 這裡沒有所謂的後面 我母親的旋律往上走 我父親的旋律往下降 而在這中間的某處 我雙腳踏在土地上 我身旁的小女孩抓不準節拍 她在和聲裡搖搖晃晃 而我們讓她繼續留在位子上 唱吧 唱吧 每個人都參與其中 今晚沒有人會站在外圍旁觀這場營火 唱吧 唱吧 每個人都參與其中 森林就是我們的房間 而我們全是那道光 哨音穿越空地與樹葉呼喚著 酒瓶敲擊著節拍 水鼓信仰著這一切 埃菲族與阿卡族 溪畔的姆布提人 每一個我祖母不願讓外人提及的名字 唱吧 唱吧 每個人都參與其中 今晚沒有人會站在外圍旁觀這場營火 唱吧 唱吧 每個人都參與其中 森林就是我們的房間 而我們全是那道光 誰在傾聽 我們在聽 誰在唱歌 我們在唱 誰在引領 沒有人 那誰在跟隨 沒有人 很好 在 1973 年 一位紐約的爵士樂手 對著啤酒瓶吹氣 並稱之為創新 但這片森林早就懂得同樣的辛德夫聲響 多年前就被一位前來傾聽的人錄下 那張專輯獲得了白金唱片 猜猜誰拿到了版稅 唱吧 唱吧 每個人都參與其中 這聲音比那些永遠輪不到我們的唱片合約活得更久 唱吧 唱吧 每個人都參與其中 森林就是我們的房間 而我們依然是那道光 樹林邊界現在已在你身後了 你可以停止數拍子了 進來吧 
Everybody sing That means you Yes you at the back There is no back
My mother's line goes up my father's line goes down and somewhere in the middle I am walking on the ground The little one beside me cannot hold the beat she wobbles through the harmony and we let her keep her seat
Sing it sing it everyone is in it no one stands outside to watch the fire tonight Sing it sing it everyone is in it the forest is the room and we are all the light
The whistled pipe calls out across the clearing through the leaves the bottles knock the time and the water drums believe Efé and Aka Mbuti by the stream every name my grandmother would not let a stranger speak
Sing it sing it everyone is in it no one stands outside to watch the fire tonight Sing it sing it everyone is in it the forest is the room and we are all the light
Who is listening We are Who is singing We are Who is leading Nobody Then who follows Nobody Good
In nineteen seventy-three a jazz man in New York blew across a beer bottle and called it innovation the same hindewhu sound this forest already knew recorded years before by a man who came to listen The album went platinum Guess who got the royalties
Sing it sing it everyone is in it the sound outlived the record deal that never came our way Sing it sing it everyone is in it the forest is the room and we are still the light
The treeline's behind you now You can stop counting Come in
大家都來唱 沒錯就是你 對 後面那個你 這裡沒有所謂的後面
我母親的旋律往上走 我父親的旋律往下降 而在這中間的某處 我雙腳踏在土地上 我身旁的小女孩抓不準節拍 她在和聲裡搖搖晃晃 而我們讓她繼續留在位子上
唱吧 唱吧 每個人都參與其中 今晚沒有人會站在外圍旁觀這場營火 唱吧 唱吧 每個人都參與其中 森林就是我們的房間 而我們全是那道光
哨音穿越空地與樹葉呼喚著 酒瓶敲擊著節拍 水鼓信仰著這一切 埃菲族與阿卡族 溪畔的姆布提人 每一個我祖母不願讓外人提及的名字
唱吧 唱吧 每個人都參與其中 今晚沒有人會站在外圍旁觀這場營火 唱吧 唱吧 每個人都參與其中 森林就是我們的房間 而我們全是那道光
誰在傾聽 我們在聽 誰在唱歌 我們在唱 誰在引領 沒有人 那誰在跟隨 沒有人 很好
在 1973 年 一位紐約的爵士樂手 對著啤酒瓶吹氣 並稱之為創新 但這片森林早就懂得同樣的辛德夫聲響 多年前就被一位前來傾聽的人錄下 那張專輯獲得了白金唱片 猜猜誰拿到了版稅
唱吧 唱吧 每個人都參與其中 這聲音比那些永遠輪不到我們的唱片合約活得更久 唱吧 唱吧 每個人都參與其中 森林就是我們的房間 而我們依然是那道光
樹林邊界現在已在你身後了 你可以停止數拍子了 進來吧
留言（ 7 ） 最相關留言 所有留言
留言（ 7 ）",2026-09-22,,AI 生成 World ・ 《THE FIRST SOUND》- 最初的聲音,False,False,
2026-09-24 04:39:54,realtime,ai_generated,,,25,tackey747,[攀登心靈的高峰],4,149,0,https://streetvoice.com/tackey747/songs/880598/,https://streetvoice.com/tackey747/,"https://akstatic.streetvoice.com/song_covers/ta/ck/tackey747/LLEtnha9NhRhJnqjBZVZdd.jpeg?x-oss-process=image/resize,m_fill,h_400,w_400,limit_0",images/880598.jpeg,@tackey747,音樂人,,,,42,7,,,,https://www.youtube.com/user/StreetVoiceTV,,,Singer / Songwriter,,,,"【攀登心靈的高峰】 #玉山音樂  #心靈音樂  #Jade Mountain music  #spirit music 
【攀登心靈的高峰】 #玉山音樂  #心靈音樂  #Jade Mountain music  #spirit music","晨曦穿過薄暮 我踏上未知路 山崖一層層起伏 雲也跟著流逐 胸口那團火 正慢慢燒得熱 腳步雖然很沉 我也不退縮 一路往上 汗水滴落成光 一路往上 心卻更清亮 我聽見遠方 在呼喚我的名字 那座山頂 等我去碰觸 向上攀登 向上攀登 心裡的夢 我會懂 向上攀登 向上攀登 一步一山都回應了我 永不放棄 永不停歇 我和夢一起穿越 向上攀登 向上攀登 直到我看見那片天 山風輕輕吹拂 樹影慢慢搖曳 我把忙碌放下 讓心回到原地 在這寧靜深處 我聽見自己 與山中的靈氣 安靜的對語 每一步都珍貴 每一眼都純粹 再艱難的坡路 也願意一回一回 一路往上 腳下碎石作響 一路往上 胸口更發燙 我不怕遙遠 不怕風更強 因為前方 有我想抵達的地方 向上攀登 向上攀登 心裡的夢 我會懂 向上攀登 向上攀登 一步一山都回應了我 永不放棄 永不停歇 我和夢一起穿越 向上攀登 向上攀登 直到我看見那片天 若路再陡 我就更用力 若雲再厚 我就更相信 山叫我撐著 也叫我勇氣 原來最高的地方 在我自己 向上攀登 不停歇 與夢同行 直到永恆 我在玉山之巔 看見新的自己 
晨曦穿過薄暮 我踏上未知路 山崖一層層起伏 雲也跟著流逐 胸口那團火 正慢慢燒得熱 腳步雖然很沉 我也不退縮 一路往上 汗水滴落成光 一路往上 心卻更清亮 我聽見遠方 在呼喚我的名字 那座山頂 等我去碰觸 向上攀登 向上攀登 心裡的夢 我會懂 向上攀登 向上攀登 一步一山都回應了我 永不放棄 永不停歇 我和夢一起穿越 向上攀登 向上攀登 直到我看見那片天 山風輕輕吹拂 樹影慢慢搖曳 我把忙碌放下 讓心回到原地 在這寧靜深處 我聽見自己 與山中的靈氣 安靜的對語 每一步都珍貴 每一眼都純粹 再艱難的坡路 也願意一回一回 一路往上 腳下碎石作響 一路往上 胸口更發燙 我不怕遙遠 不怕風更強 因為前方 有我想抵達的地方 向上攀登 向上攀登 心裡的夢 我會懂 向上攀登 向上攀登 一步一山都回應了我 永不放棄 永不停歇 我和夢一起穿越 向上攀登 向上攀登 直到我看見那片天 若路再陡 我就更用力 若雲再厚 我就更相信 山叫我撐著 也叫我勇氣 原來最高的地方 在我自己 向上攀登 不停歇 與夢同行 直到永恆 我在玉山之巔 看見新的自己
留言（ 0 ） 最相關留言 所有留言
留言（ 0 ）",2026-09-23,,AI 生成 Singer / Songwriter,False,False,
2026-09-24 04:39:54,realtime,ai_generated,,,26,tackey747,[긁어봐],2,117,0,https://streetvoice.com/tackey747/songs/880702/,https://streetvoice.com/tackey747/,"https://akstatic.streetvoice.com/song_covers/ta/ck/tackey747/XXWvJ6M4JEVt6W3gbkhRiT.jpeg?x-oss-process=image/resize,m_fill,h_400,w_400,limit_0",images/880702.jpeg,@tackey747,音樂人,,,,42,7,,,,https://www.youtube.com/user/StreetVoiceTV,,,Singer / Songwriter,[幸運正在路上],https://streetvoice.com/tackey747/songs/album/97326003/,,"【긁어봐 】 #刮刮樂音樂  #獎金音樂  #scratchcard music  #prize music 
【긁어봐 】 #刮刮樂音樂  #獎金音樂  #scratchcard music  #prize music","她推門進來 笑得像春天 及肩長髮輕輕晃 眼睛亮又甜 燈光照得透明 彩券整齊排開 玻璃櫃台一字排開 她站得好期待 점원이 그녀에게 건네네 (店員遞給她) 삼백과 오백 (三百和五百) 두 손에 꼬옥 쥐고서 (捧在手心裡) 행운이 오길 기다리네 (像捧著好運來) 她盯住那片銀 呼吸都變慢 심장이 쿵쾅쿵쾅 뛰어와 (心跳一下一下敲在掌心) 指尖先發熱 再狠狠發力 자 (來) 이제 시작해봐 (現在開始吧) 銀漆慢慢裂開 答案快要露底 刮開吧 三百萬 긁어봐 (刮開吧) 오백만 (五百萬) 她的眼睛睜好大 행복이 터져나가 (幸福一下全綻放） 刮開吧 三百萬 긁어봐 (刮開吧) 오백만 (五百萬) 那一聲尖叫飛起來 비명소리 날아올라 像童話落在她身上 細細的沙沙聲 滑過她耳邊 每一寸銀色灰 都褪成碎片 字樣越來越清楚 像命運在發光 1등 당첨 두 글자가 (頭獎大數字) 그녀 눈에 들어왔네 (跳進她目光) 다음 순간 온 세상이 (下一秒整個世界) 그녀를 향해 환호하네 (都替她在歡顏) 꿈만 같아 바래왔던 그 순간 (像做夢一樣期盼的那瞬間) 胸口熱得發燙 像有花在開 모든 좋은 것들이 (好像一切喜歡的) 都正往她身邊來 네게로 다가오네 刮開吧 三百萬 긁어봐 (刮開吧) 오백만 (五百萬) 夢裡最愛的餐點 竟然站在眼前 금빛 축복이 가득해 (金色的祝福把空白都填滿） 她笑得那麼滿足 滿足得發光 시간도 멈춘 것 같아 (連時間都變慢） 那一聲尖叫飛起來 像童話落在她身上 
她推門進來 笑得像春天 及肩長髮輕輕晃 眼睛亮又甜 燈光照得透明 彩券整齊排開 玻璃櫃台一字排開 她站得好期待 점원이 그녀에게 건네네 (店員遞給她) 삼백과 오백 (三百和五百) 두 손에 꼬옥 쥐고서 (捧在手心裡) 행운이 오길 기다리네 (像捧著好運來) 她盯住那片銀 呼吸都變慢 심장이 쿵쾅쿵쾅 뛰어와 (心跳一下一下敲在掌心) 指尖先發熱 再狠狠發力 자 (來) 이제 시작해봐 (現在開始吧) 銀漆慢慢裂開 答案快要露底 刮開吧 三百萬 긁어봐 (刮開吧) 오백만 (五百萬) 她的眼睛睜好大 행복이 터져나가 (幸福一下全綻放） 刮開吧 三百萬 긁어봐 (刮開吧) 오백만 (五百萬) 那一聲尖叫飛起來 비명소리 날아올라 像童話落在她身上 細細的沙沙聲 滑過她耳邊 每一寸銀色灰 都褪成碎片 字樣越來越清楚 像命運在發光 1등 당첨 두 글자가 (頭獎大數字) 그녀 눈에 들어왔네 (跳進她目光) 다음 순간 온 세상이 (下一秒整個世界) 그녀를 향해 환호하네 (都替她在歡顏) 꿈만 같아 바래왔던 그 순간 (像做夢一樣期盼的那瞬間) 胸口熱得發燙 像有花在開 모든 좋은 것들이 (好像一切喜歡的) 都正往她身邊來 네게로 다가오네 刮開吧 三百萬 긁어봐 (刮開吧) 오백만 (五百萬) 夢裡最愛的餐點 竟然站在眼前 금빛 축복이 가득해 (金色的祝福把空白都填滿） 她笑得那麼滿足 滿足得發光 시간도 멈춘 것 같아 (連時間都變慢） 那一聲尖叫飛起來 像童話落在她身上
留言（ 0 ） 最相關留言 所有留言
留言（ 0 ）",2026-09-24,,AI 生成 Singer / Songwriter ・ [幸運正在路上],False,False,
2026-09-24 04:39:54,realtime,ai_generated,,,27,Richie Tseng,🎶【向星河許願】-隔著漫長黑夜，仍認得你眼裡的答案,4,7,1,https://streetvoice.com/gby7639/songs/880806/,https://streetvoice.com/gby7639/,"https://akstatic.streetvoice.com/song_covers/gb/y7/gby7639/PovzptHuLUCKG7Ef2BZ3Ro.jpeg?x-oss-process=image/resize,m_fill,h_400,w_400,limit_0",images/880806.jpeg,@gby7639,音樂人,,,,108,8,3,,,https://www.youtube.com/user/StreetVoiceTV,,,Folk,🌸禎韻樂境,https://streetvoice.com/gby7639/songs/album/97323710/,,"暮色一層層爬上遠山，風從舊城吹到現在，有些人即使走遠了，聲音卻還留在風裡。🌆 寫這首歌，起點只是某個深夜翻出一張舊合照。笑容還在，卻想不起最後一次好好道別是什麼時候。那份說不清是遺憾還是懷念的心情，慢慢長成「遠山」、「舊城」、「萬里星光」——不是真的很遠，而是心裡一直沒被填滿的距離。🌌 「若命運曾讓我走散，就讓月光指引彼岸」是我停最久的一句。我想寫的不是失去，而是隔著再長的黑夜，有些東西還是認得——一個眼神、一種溫度，就像藏進琴弦裡的思念，風雪再深也還明亮如初。 副歌兩次唱到「此生與你共看人間」：第一次是盼望，第二次不自覺更滿了一點，像繞了一大圈遠路後，終於敢把話說得篤定。這種從試探到篤定，是我最想留住的東西。☁️ 如果你也走過一段很長、不確定會不會再相遇的路，希望這首歌能陪你一下——那些真心留下的溫度，從來沒有真正冷過。 有些話藏太久反而說不出口；這一次，我把它交給 AI，寫成了一首歌。✨ 
暮色一層層爬上遠山，風從舊城吹到現在，有些人即使走遠了，聲音卻還留在風裡。🌆
寫這首歌，起點只是某個深夜翻出一張舊合照。笑容還在，卻想不起最後一次好好道別是什麼時候。那份說不清是遺憾還是懷念的心情，慢慢長成「遠山」、「舊城」、「萬里星光」——不是真的很遠，而是心裡一直沒被填滿的距離。🌌
「若命運曾讓我走散，就讓月光指引彼岸」是我停最久的一句。我想寫的不是失去，而是隔著再長的黑夜，有些東西還是認得——一個眼神、一種溫度，就像藏進琴弦裡的思念，風雪再深也還明亮如初。
副歌兩次唱到「此生與你共看人間」：第一次是盼望，第二次不自覺更滿了一點，像繞了一大圈遠路後，終於敢把話說得篤定。這種從試探到篤定，是我最想留住的東西。☁️
如果你也走過一段很長、不確定會不會再相遇的路，希望這首歌能陪你一下——那些真心留下的溫度，從來沒有真正冷過。
有些話藏太久反而說不出口；這一次，我把它交給 AI，寫成了一首歌。✨","[Intro] [Verse 1] 遠山把暮色寫成行 風從舊城吹到如今 我在萬里星光之外 聽見你未說完的聲音 [Verse 2] 若命運曾讓我走散 就讓月光指引底岸 穿過沉默穿過漫長黑夜 我仍認得你眼裡的答案 [Chorus] 讓星河替我們許願 讓山海記住這一年 縱然歲月把道路改變 我的心仍向你靠近不變 當黎明越過千重雲巔 你我終會在同一邊 用一生回應那句誓言 此生與你共看人間 [Verse 3] 我曾把思念藏進琴弦 一撥就是春秋幾遍 你留在掌心的溫度 在風雪深處仍然明亮如初 [Bridge] 若前路還有萬丈波瀾 就並肩把孤單走完 哪怕天氣只剩一點微光 也足夠照亮我們的勇敢 [Chorus] 讓歲月把道路改變 我的心仍向你靠近不變 當黎明越過千重雲巔 你我終會在同一邊 此生與你共看人間 [Outro] 
[Intro]
[Verse 1] 遠山把暮色寫成行 風從舊城吹到如今 我在萬里星光之外 聽見你未說完的聲音
[Verse 2] 若命運曾讓我走散 就讓月光指引底岸 穿過沉默穿過漫長黑夜 我仍認得你眼裡的答案
[Chorus] 讓星河替我們許願 讓山海記住這一年 縱然歲月把道路改變 我的心仍向你靠近不變 當黎明越過千重雲巔 你我終會在同一邊 用一生回應那句誓言 此生與你共看人間
[Verse 3] 我曾把思念藏進琴弦 一撥就是春秋幾遍 你留在掌心的溫度 在風雪深處仍然明亮如初
[Bridge] 若前路還有萬丈波瀾 就並肩把孤單走完 哪怕天氣只剩一點微光 也足夠照亮我們的勇敢
[Chorus] 讓歲月把道路改變 我的心仍向你靠近不變 當黎明越過千重雲巔 你我終會在同一邊 此生與你共看人間
[Outro]
留言（ 1 ） 最相關留言 所有留言
留言（ 1 ）",2026-09-23,,AI 生成 Folk ・ 🌸禎韻樂境,False,False,
2026-09-24 04:39:54,realtime,ai_generated,,,28,Hubert,同一個位置,1,2,1,https://streetvoice.com/composercww/songs/880773/,https://streetvoice.com/composercww/,"https://akstatic.streetvoice.com/song_covers/co/mp/composercww/5meccMCvpqdRqeYx36URwx.jpeg?x-oss-process=image/resize,m_fill,h_400,w_400,limit_0",images/880773.jpeg,@composercww,音樂人,,,,19,4,,,,https://www.youtube.com/user/StreetVoiceTV,【黑樂專題】我們應該定義自己的聲音：LINION x BRIEN談黑樂|||https://blow.streetvoice.com/46346/?utm_source=streetvoice&utm_medium=profile-news-block; 游牧怪奇音樂祭來了 Mouse on the keys、落差草原WWWW等卡司陣容超堅強|||https://blow.streetvoice.com/43886/?utm_source=streetvoice&utm_medium=profile-news-block,,Pop,,,,"〈同一個位置〉寫的是一段難以命名的親近。從朋友開始，漸漸熟悉彼此的習慣與沉默；偶爾心動，偶爾又在對方身上，望見一盞像家一樣的燈。 我們習慣用友情、愛情、親情為感受分類，卻未必知道，兩個人說起同一段時光，心裡想的是不是同一件事。有些話因此停在嘴邊，有些腳步也走得格外小心。那張空著的椅子，終於有人坐下；至於能坐多久，還想聽聽他的意思。 
〈同一個位置〉寫的是一段難以命名的親近。從朋友開始，漸漸熟悉彼此的習慣與沉默；偶爾心動，偶爾又在對方身上，望見一盞像家一樣的燈。
我們習慣用友情、愛情、親情為感受分類，卻未必知道，兩個人說起同一段時光，心裡想的是不是同一件事。有些話因此停在嘴邊，有些腳步也走得格外小心。那張空著的椅子，終於有人坐下；至於能坐多久，還想聽聽他的意思。","動態歌詞
我們從一句晚安開始 把尋常的日子說得很長 你記得我不說出口的事 我也認得你沉默的模樣 有時你走近，像一場戀愛 有時又像失散已久的家 我伸手以前總會想一想 你是否也想停在這地方 我怕把依賴錯認成心動 也怕用懂得，替你回答 如果我想要的那一種擁抱 不是你想給的，該怎麼放下 我們能不能站在同一個位置 用各自的眼睛，看見彼此 若你說這是朋友，我能否不失落 若我說想更靠近，你能否不勉強 愛不該只是我替我們寫的名字 家也不能靠一個人想像 我想和你一起找一種距離 讓你自在，讓我也能安心 我曾把空著的那張椅子 留給每個願意留下的人 直到你坐下，什麼也沒承諾 卻讓那盞燈亮得很溫柔 我想過往前多走一步 又捨不得我們原來的路 如果答案不在某個稱呼 能不能先聽你怎麼描述 或許有一天，你會牽起我的手 或許我們只陪彼此走過這段路 我不想用我的寂寞留住你 也不想把你的溫柔當作答覆 我們能不能站在同一個位置 坦白說出想留下的方式 若你說這是朋友，我會學著珍惜 若你也想更靠近，我願慢慢走向你 愛不是一個人寫下兩人的名字 家也不是誰填補誰的傷 我想和你一起找一種距離 讓你自在，讓我也能安心 在我們都願意的地方 把彼此，輕輕放下 
我們從一句晚安開始 把尋常的日子說得很長 你記得我不說出口的事 我也認得你沉默的模樣 有時你走近，像一場戀愛 有時又像失散已久的家 我伸手以前總會想一想 你是否也想停在這地方 我怕把依賴錯認成心動 也怕用懂得，替你回答 如果我想要的那一種擁抱 不是你想給的，該怎麼放下 我們能不能站在同一個位置 用各自的眼睛，看見彼此 若你說這是朋友，我能否不失落 若我說想更靠近，你能否不勉強 愛不該只是我替我們寫的名字 家也不能靠一個人想像 我想和你一起找一種距離 讓你自在，讓我也能安心 我曾把空著的那張椅子 留給每個願意留下的人 直到你坐下，什麼也沒承諾 卻讓那盞燈亮得很溫柔 我想過往前多走一步 又捨不得我們原來的路 如果答案不在某個稱呼 能不能先聽你怎麼描述 或許有一天，你會牽起我的手 或許我們只陪彼此走過這段路 我不想用我的寂寞留住你 也不想把你的溫柔當作答覆 我們能不能站在同一個位置 坦白說出想留下的方式 若你說這是朋友，我會學著珍惜 若你也想更靠近，我願慢慢走向你 愛不是一個人寫下兩人的名字 家也不是誰填補誰的傷 我想和你一起找一種距離 讓你自在，讓我也能安心 在我們都願意的地方 把彼此，輕輕放下
留言（ 1 ） 最相關留言 所有留言
留言（ 1 ）",2026-09-23,,AI 生成 Pop,False,False,
2026-09-24 04:39:54,realtime,ai_generated,,,29,MisanHsu,雨季的天氣 總是變幻莫測,7,10,2,https://streetvoice.com/misanshui/songs/880698/,https://streetvoice.com/misanshui/,"https://akstatic.streetvoice.com/song_covers/mi/sa/misanshui/Z9M3dG9rdbhMvMdCrNeoDs.jpeg?x-oss-process=image/resize,m_fill,h_400,w_400,limit_0",images/880698.jpeg,@misanshui,音樂人,桃園市,2007-04-01,,170,31,25,,,https://www.youtube.com/user/StreetVoiceTV,,,Rock,曱甴失樂園,https://streetvoice.com/misanshui/songs/album/97326090/,,,"窗外的天 灰得像剛哭過一場 濕透的街 倒映著凌亂的步伐 你離開的那天也是這樣的雨季 空氣裡 都是潮濕的空氣 ohohoh…… 傘下的世界 狹窄得只剩回憶 分針在走 卻好像停在原地 我試著把思念 擰乾在手心裡 卻越陷越深 找不到縫隙 這雨季的氣候 總是變幻莫測 就像你的愛 忽冷又忽熱 淋濕了眼眶 也淋碎了乾涸 我在這座迷宮裡 找不到苦樂 「忽冷又忽熱」 ohohoh oh-oh-oh！ 這雨季的氣候 怎麽說變就變了？ 雨停在屋簷 滴落成倔強的節拍 我不再去猜 你走向哪一片海 街角的咖啡 苦得剛好很自在 至少這場雨 替我把眼淚覆蓋 一滴、兩滴…… 時間在倒數，心跳在加速。 如果雲層終究要放晴 我能不能 徹底將你忘記？ 這雨季的氣候 總算變幻莫測 雨後的天空 綻放金色的河 我終於走出了 濕透的角落 迎接下一場 晴朗的時刻！ ohohoh 
窗外的天 灰得像剛哭過一場 濕透的街 倒映著凌亂的步伐 你離開的那天也是這樣的雨季 空氣裡 都是潮濕的空氣
ohohoh……
傘下的世界 狹窄得只剩回憶 分針在走 卻好像停在原地 我試著把思念 擰乾在手心裡 卻越陷越深 找不到縫隙
這雨季的氣候 總是變幻莫測 就像你的愛 忽冷又忽熱 淋濕了眼眶 也淋碎了乾涸 我在這座迷宮裡 找不到苦樂
「忽冷又忽熱」 ohohoh oh-oh-oh！ 這雨季的氣候 怎麽說變就變了？
雨停在屋簷 滴落成倔強的節拍 我不再去猜 你走向哪一片海 街角的咖啡 苦得剛好很自在 至少這場雨 替我把眼淚覆蓋
一滴、兩滴…… 時間在倒數，心跳在加速。
如果雲層終究要放晴 我能不能 徹底將你忘記？
這雨季的氣候 總算變幻莫測 雨後的天空 綻放金色的河 我終於走出了 濕透的角落 迎接下一場 晴朗的時刻！
ohohoh
留言（ 2 ） 最相關留言 所有留言
留言（ 2 ）",2026-09-23,,AI 生成 Rock ・ 曱甴失樂園,False,False,
2026-09-24 04:39:54,realtime,ai_generated,,,30,ᐜᐞᒻᐟᑊᐢᕐ ᐜᑊᐩᑋ ᐞᑊ,物是人非,3,12,1,https://streetvoice.com/walkingwithai/songs/880838/,https://streetvoice.com/walkingwithai/,"https://akstatic.streetvoice.com/song_covers/wa/lk/walkingwithai/M6Xwmq5eAEJAk4Ca25w8Tf.jpeg?x-oss-process=image/resize,m_fill,h_400,w_400,limit_0",images/880838.jpeg,@walkingwithai,音樂人,,,,176,45,27,,,https://www.youtube.com/user/StreetVoiceTV,,,Post rock,借來的人間,https://streetvoice.com/walkingwithai/songs/album/97326124/,,"《物是人非》是我音樂史雙書計畫的最新番外篇。這首作品以唐代劉禹錫筆下「烏衣巷口夕陽斜，舊時王謝堂前燕」的經典意象為引，探討的卻非單純「失去某一個人」的哀慟，而是在歲月洗禮後，重新審視自身與世界關係的安靜認知。當燕子依舊歸來、青磚與石階依然佇立，那些曾經賦予空間意義的人們卻已退居歷史深處。所謂的「物是人非」，在此刻不再是一句沉重的感嘆，而是我們終於明白：世界不會因為任何人的離開而停下腳步，它只是繼續被下一批人使用、記住，隨後遺忘。 在《借來的人間》這個概念脈絡中，這首歌首次將「借來」的哲思推向了更宏大的時間尺度。先前的作品或許仍在追問「我失去了什麼」、「什麼再也回不來」，但到了《物是人非》，答案開始變得無比平靜——我們終究只是短暫住進一座屋、一條街、一個時代裡的過客，借幾年光陰與身邊的人同行。當我們轉身離開，新的燈火依然會亮起，新的住客也會推門而入。這首歌並非懇求後來的人記住我們，而是在練習接受：即使名字最終化為塵灰，人間依然會繼續，而我們曾經在其中生活過，本身就已經足夠。它不傷感，反而更安靜、更輕盈，也更接近真正的釋然。 在聲響與風格的構建上，我們選用了「後搖滾」的遼闊音場來承載這份通透的生命觀。歌曲揉合了藝術歌曲的內斂與後搖滾特有的氛圍堆疊，捨棄了傳統的戲劇性高潮與煽情，轉而以緩慢推移的音牆、迷幻的質地，以及如呼吸般的微小聲響來鋪陳。音樂的行進如同那道低低掠過人家的燕影，以一種冷靜而溫柔的姿態，見證著世間最靜默的改變。邀請您戴上耳機，在這片寬廣而平靜的後搖滾音景中，感受這份不為誰停留、卻依然包容的人間光影。 #物是人非 #劉禹錫 #烏衣巷 #PostRock #後搖滾 #ArtSong #借來的人間 #音樂史65000年 #FromBoneFlutesToAIPop #StreetVoice #原創音樂 
《物是人非》是我音樂史雙書計畫的最新番外篇。這首作品以唐代劉禹錫筆下「烏衣巷口夕陽斜，舊時王謝堂前燕」的經典意象為引，探討的卻非單純「失去某一個人」的哀慟，而是在歲月洗禮後，重新審視自身與世界關係的安靜認知。當燕子依舊歸來、青磚與石階依然佇立，那些曾經賦予空間意義的人們卻已退居歷史深處。所謂的「物是人非」，在此刻不再是一句沉重的感嘆，而是我們終於明白：世界不會因為任何人的離開而停下腳步，它只是繼續被下一批人使用、記住，隨後遺忘。
在《借來的人間》這個概念脈絡中，這首歌首次將「借來」的哲思推向了更宏大的時間尺度。先前的作品或許仍在追問「我失去了什麼」、「什麼再也回不來」，但到了《物是人非》，答案開始變得無比平靜——我們終究只是短暫住進一座屋、一條街、一個時代裡的過客，借幾年光陰與身邊的人同行。當我們轉身離開，新的燈火依然會亮起，新的住客也會推門而入。這首歌並非懇求後來的人記住我們，而是在練習接受：即使名字最終化為塵灰，人間依然會繼續，而我們曾經在其中生活過，本身就已經足夠。它不傷感，反而更安靜、更輕盈，也更接近真正的釋然。
在聲響與風格的構建上，我們選用了「後搖滾」的遼闊音場來承載這份通透的生命觀。歌曲揉合了藝術歌曲的內斂與後搖滾特有的氛圍堆疊，捨棄了傳統的戲劇性高潮與煽情，轉而以緩慢推移的音牆、迷幻的質地，以及如呼吸般的微小聲響來鋪陳。音樂的行進如同那道低低掠過人家的燕影，以一種冷靜而溫柔的姿態，見證著世間最靜默的改變。邀請您戴上耳機，在這片寬廣而平靜的後搖滾音景中，感受這份不為誰停留、卻依然包容的人間光影。
#物是人非 #劉禹錫 #烏衣巷 #PostRock #後搖滾 #ArtSong #借來的人間 #音樂史65000年 #FromBoneFlutesToAIPop #StreetVoice #原創音樂","烏衣巷口夕陽斜 燕子低低掠過人家 簷角未改 門第無名 誰還記得 這裡曾是誰家 舊時王謝堂前燕 飛入尋常百姓家 青磚換了門牌 石階添了苔 昨日滿堂冠蓋 今日無人相待 燕子不問興亡 照舊歸來 物是人非 不是一句悲 是燕子回來 卻認不得門楣 物是人非 繁華換了誰 一座城走過千萬人 沒有誰能把它帶回 物是人非 無需問錯對 人間最靜的改變 是所有東西都還在 卻已不屬於誰 誰盛 誰衰 誰曾坐在 最高的階 誰來 誰改 最後只剩 燕影徘徊 物是人非 不是一句悲 是燕子回來 卻認不得門楣 物是人非 繁華換了誰 一座城走過千萬人 沒有誰能把它帶回 物是人非 無需問錯對 人間最靜的改變 是所有東西都還在 卻已不屬於誰 王謝何處 台城何處 何處 物是人非 也不全是悲 燕子仍會回來 簷下仍有新的燈輝 物是人非 人間換了誰 我們不過借一間屋 借幾年光陰相陪 若有一天 名字都化成灰 願後來的人經過這裡 不必知道我們是誰 舊時王謝堂前燕 飛入尋常百姓家 
烏衣巷口夕陽斜 燕子低低掠過人家
簷角未改 門第無名
誰還記得 這裡曾是誰家
舊時王謝堂前燕 飛入尋常百姓家
青磚換了門牌 石階添了苔
昨日滿堂冠蓋 今日無人相待
燕子不問興亡 照舊歸來
物是人非 不是一句悲
是燕子回來 卻認不得門楣
物是人非 繁華換了誰
一座城走過千萬人 沒有誰能把它帶回
物是人非 無需問錯對
人間最靜的改變 是所有東西都還在 卻已不屬於誰
誰盛 誰衰
誰曾坐在 最高的階
誰來 誰改
最後只剩 燕影徘徊
物是人非 不是一句悲
是燕子回來 卻認不得門楣
物是人非 繁華換了誰
一座城走過千萬人 沒有誰能把它帶回
物是人非 無需問錯對
人間最靜的改變 是所有東西都還在 卻已不屬於誰
王謝何處 台城何處
何處
物是人非 也不全是悲
燕子仍會回來 簷下仍有新的燈輝
物是人非 人間換了誰
我們不過借一間屋 借幾年光陰相陪
若有一天 名字都化成灰
願後來的人經過這裡 不必知道我們是誰
舊時王謝堂前燕 飛入尋常百姓家
留言（ 1 ） 最相關留言 所有留言
留言（ 1 ）",2026-09-24,,AI 生成 Post rock ・ 借來的人間,False,False,
2026-09-24 04:39:54,realtime,ai_generated,,,31,MisanHsu,When the Sun Dies,7,10,1,https://streetvoice.com/misanshui/songs/880697/,https://streetvoice.com/misanshui/,"https://akstatic.streetvoice.com/song_covers/mi/sa/misanshui/5QgefUQ9Uyk3gu9bvsif2H.jpeg?x-oss-process=image/resize,m_fill,h_400,w_400,limit_0",images/880697.jpeg,@misanshui,音樂人,桃園市,2007-04-01,,170,31,25,,,https://www.youtube.com/user/StreetVoiceTV,,,Rock,Grave-Side Melodies,https://streetvoice.com/misanshui/songs/album/97325878/,,,"The frost begins to settle on the pane We are fading in the shadow of the dying flame The northern lights are whispering your name Through the cold and endless rain And every breath is heavier than before As we stand beside the closing door ""Can you hear it?"" The final countdown on the clockwork shore Oh-oh-oh, let the darkness fall away We are burning brighter than the dying day When the sun dies down and the stars align Your hand in mine, we transcend time Oh-oh-oh, let the shadows bleed This is all we'll ever need The ancient stones are whispering of old Of stories written in the northern cold We traded silver for a fragile gold Before the universe turned old And every breath is heavier than before As we stand beside the closing door ""Never let go"" The final countdown on the clockwork shore Oh-oh-oh, let the darkness fall away We are burning brighter than the dying day When the sun dies down and the stars align Your hand in mine, we transcend time Oh-oh-oh, let the shadows bleed This is all we'll ever need Even when the light is gone from the sky Even when the stars forget how to fly ""We will remain..."" Oh-oh-oh, let the darkness fall away We are burning brighter than the dying day When the sun dies down and the stars align Your hand in mine, we transcend time Oh-oh-oh, let the shadows bleed This is all we'll ever need When the sun dies... ""We live forever..."" Just you and I... 
The frost begins to settle on the pane We are fading in the shadow of the dying flame The northern lights are whispering your name Through the cold and endless rain
And every breath is heavier than before As we stand beside the closing door ""Can you hear it?"" The final countdown on the clockwork shore
Oh-oh-oh, let the darkness fall away We are burning brighter than the dying day When the sun dies down and the stars align Your hand in mine, we transcend time
Oh-oh-oh, let the shadows bleed This is all we'll ever need
The ancient stones are whispering of old Of stories written in the northern cold We traded silver for a fragile gold Before the universe turned old
And every breath is heavier than before As we stand beside the closing door ""Never let go"" The final countdown on the clockwork shore
Oh-oh-oh, let the darkness fall away We are burning brighter than the dying day When the sun dies down and the stars align Your hand in mine, we transcend time
Oh-oh-oh, let the shadows bleed This is all we'll ever need
Even when the light is gone from the sky Even when the stars forget how to fly ""We will remain...""
Oh-oh-oh, let the darkness fall away We are burning brighter than the dying day When the sun dies down and the stars align Your hand in mine, we transcend time Oh-oh-oh, let the shadows bleed This is all we'll ever need
When the sun dies... ""We live forever..."" Just you and I...
留言（ 1 ） 最相關留言 所有留言
留言（ 1 ）",2026-09-23,,AI 生成 Rock ・ Grave-Side Melodies,False,False,
2026-09-24 04:39:54,realtime,ai_generated,,,32,ᐜᐞᒻᐟᑊᐢᕐ ᐜᑊᐩᑋ ᐞᑊ,眼中人,13,35,11,https://streetvoice.com/walkingwithai/songs/880622/,https://streetvoice.com/walkingwithai/,"https://akstatic.streetvoice.com/song_covers/wa/lk/walkingwithai/BcWnsXcwnwUhQkra6PXaDT.jpeg?x-oss-process=image/resize,m_fill,h_400,w_400,limit_0",images/880622.jpeg,@walkingwithai,音樂人,,,,176,45,27,,,https://www.youtube.com/user/StreetVoiceTV,,,Classical,借來的人間,https://streetvoice.com/walkingwithai/songs/album/97326124/,,"《眼中人 (One Among the Watched)》是我音樂史雙書計畫的第 131 首番外篇（Bonus Track）。這首作品並非一般意義上的「古風」創作，而是一場跨越百年的文學與聲響實驗。在歌詞文本上，我們將清末民初國學大師王國維的幾闋經典詞作——包含《浣溪沙·山寺微茫背夕曛》、《蝶戀花·閱盡天涯離別苦》（化用其「屏卻相思」之意境）與《如夢令·點滴空階疏雨》——進行了重組與交織，最終凝聚成一個高度統一的精神核心：王國維式的宇宙觀照與紅塵困境。 整首曲目的靈魂，建立在那句震撼人心的「偶開天眼覷紅塵，可憐身是眼中人」。當我們試圖以上帝視角（天眼）超然地俯視這紛擾的世界時，卻悲哀地發現，自己依然深陷其中，也是這滾滾紅塵裡被觀看、被命運擺弄的一員。 在聲響設計上，我們選用了藝術歌曲（Art Song）與現代國樂（Chinese Classical）的交響編制。歌曲以古箏的泛音與洞簫輕柔的氣息拉開序幕，遠處的寺廟鐘聲隱約迴盪，營造出「山寺微茫背夕曛」的空靈與孤寂。隨著情緒推進，西方管弦樂的厚度逐漸加入，將原本私密的個人感嘆，擴展為對人類共同命運的悲憫。我們特別在副歌中加入了現代的敘事語言：「誰在山巔望著月色 / 誰又望著望月的人」，試圖在古典的意境中，植入一層現代的自我意識（Self-awareness）。 這不是一首關於才子佳人的歌，而是一場在清晨微光（斜漢垂垂欲曙）中，對於「存在」本身的清醒凝視。邀請大家戴上耳機，在這首揉合了古典詩詞與現代聲響的作品中，感受那份「看破紅塵，卻身在紅塵」的深沉悲哀與美麗。 #眼中人 #王國維 #浣溪沙 #如夢令 #ArtSong #ChineseClassical #音樂史65000年 #FromBoneFlutesToAIPop #StreetVoice #原創音樂 
《眼中人 (One Among the Watched)》是我音樂史雙書計畫的第 131 首番外篇（Bonus Track）。這首作品並非一般意義上的「古風」創作，而是一場跨越百年的文學與聲響實驗。在歌詞文本上，我們將清末民初國學大師王國維的幾闋經典詞作——包含《浣溪沙·山寺微茫背夕曛》、《蝶戀花·閱盡天涯離別苦》（化用其「屏卻相思」之意境）與《如夢令·點滴空階疏雨》——進行了重組與交織，最終凝聚成一個高度統一的精神核心：王國維式的宇宙觀照與紅塵困境。
整首曲目的靈魂，建立在那句震撼人心的「偶開天眼覷紅塵，可憐身是眼中人」。當我們試圖以上帝視角（天眼）超然地俯視這紛擾的世界時，卻悲哀地發現，自己依然深陷其中，也是這滾滾紅塵裡被觀看、被命運擺弄的一員。
在聲響設計上，我們選用了藝術歌曲（Art Song）與現代國樂（Chinese Classical）的交響編制。歌曲以古箏的泛音與洞簫輕柔的氣息拉開序幕，遠處的寺廟鐘聲隱約迴盪，營造出「山寺微茫背夕曛」的空靈與孤寂。隨著情緒推進，西方管弦樂的厚度逐漸加入，將原本私密的個人感嘆，擴展為對人類共同命運的悲憫。我們特別在副歌中加入了現代的敘事語言：「誰在山巔望著月色 / 誰又望著望月的人」，試圖在古典的意境中，植入一層現代的自我意識（Self-awareness）。
這不是一首關於才子佳人的歌，而是一場在清晨微光（斜漢垂垂欲曙）中，對於「存在」本身的清醒凝視。邀請大家戴上耳機，在這首揉合了古典詩詞與現代聲響的作品中，感受那份「看破紅塵，卻身在紅塵」的深沉悲哀與美麗。
#眼中人 #王國維 #浣溪沙 #如夢令 #ArtSong #ChineseClassical #音樂史65000年 #FromBoneFlutesToAIPop #StreetVoice #原創音樂","山寺微茫背夕曛 鳥飛不到半山昏 上方孤磬定行雲 試上高峰窺皓月 偶開天眼覷紅塵 可憐身是眼中人 可憐身是眼中人 紅塵一望 我亦成塵 誰在山巔 望著月色 誰又望著 望月的人 屏卻相思 近來知道都無益 不成拋擲 夢裡終相覓 醒後樓台 與夢俱明滅 西窗白 紛紛涼月 一院丁香雪 可憐身是眼中人 紅塵一望 我亦成塵 誰在山巔 望著月色 誰又望著 望月的人 點滴空階疏雨 迢遞嚴城更鼓 睡淺夢初成 又被東風吹去 無據 無據 斜漢垂垂欲曙 可憐身是眼中人 紅塵一望 我亦成塵 誰在山巔 望著月色 誰又望著 望月的人 斜漢垂垂欲曙 可憐身是眼中人 
山寺微茫背夕曛 鳥飛不到半山昏 上方孤磬定行雲 試上高峰窺皓月 偶開天眼覷紅塵 可憐身是眼中人
可憐身是眼中人 紅塵一望 我亦成塵 誰在山巔 望著月色 誰又望著 望月的人
屏卻相思 近來知道都無益 不成拋擲 夢裡終相覓 醒後樓台 與夢俱明滅 西窗白 紛紛涼月 一院丁香雪
可憐身是眼中人 紅塵一望 我亦成塵 誰在山巔 望著月色 誰又望著 望月的人
點滴空階疏雨 迢遞嚴城更鼓 睡淺夢初成 又被東風吹去 無據 無據 斜漢垂垂欲曙
可憐身是眼中人 紅塵一望 我亦成塵 誰在山巔 望著月色 誰又望著 望月的人
斜漢垂垂欲曙 可憐身是眼中人
留言（ 11 ） 最相關留言 所有留言
留言（ 11 ）",2026-09-22,,AI 生成 Classical ・ 借來的人間,False,False,
2026-09-24 04:39:54,realtime,ai_generated,,,33,樹瑙,搭電梯上山,3,5,2,https://streetvoice.com/Henry0708/songs/880807/,https://streetvoice.com/Henry0708/,"https://akstatic.streetvoice.com/song_covers/He/nr/Henry0708/k4zm9UhK3qirJ89ZJGm2j3.jpeg?x-oss-process=image/resize,m_fill,h_400,w_400,limit_0",images/880807.jpeg,@Henry0708,音樂人,台北市,2026-09-01,,8,4,17,,,https://www.youtube.com/user/StreetVoiceTV,,,Electronic,,,,,"門關上 數字往上跳 訊號消失在 B1 和天空之間 裡面有點潮濕 有點土壤的氣味 蕨類從縫隙裡 探了個頭 沒有人問去幾樓 按下去 就到了 搭電梯上山 門一開 就是瀑布 搭電梯上山 苔蘚長在按鈕上 有什麼在樹梢笑 不確定是鳥還是別的什麼 搭電梯上山 輕一點 輕一點就到了 光從樹葉的縫隙 一格一格灑下來 像廉價的迪斯可 卻比什麼都珍貴 一隻透明的蜻蜓 停在手背上 用觸角問了一個 回答不出的問題 沒有人知道幾層 到了 就是到了 搭電梯上山 門一開 就是瀑布 搭電梯上山 苔蘚長在按鈕上 有什麼在樹梢笑 不確定是鳥還是別的什麼 搭電梯上山 輕一點 輕一點就到了 精靈不說話 只是把落葉 疊在肩膀上 霧是這裡的牆 走進去 就不必解釋了 電梯還在等 下次還可以來 門關上 數字又往上跳了 
門關上 數字往上跳 訊號消失在 B1 和天空之間 裡面有點潮濕 有點土壤的氣味 蕨類從縫隙裡 探了個頭
沒有人問去幾樓 按下去 就到了
搭電梯上山 門一開 就是瀑布 搭電梯上山 苔蘚長在按鈕上 有什麼在樹梢笑 不確定是鳥還是別的什麼 搭電梯上山 輕一點 輕一點就到了
光從樹葉的縫隙 一格一格灑下來 像廉價的迪斯可 卻比什麼都珍貴 一隻透明的蜻蜓 停在手背上 用觸角問了一個 回答不出的問題
沒有人知道幾層 到了 就是到了
搭電梯上山 門一開 就是瀑布 搭電梯上山 苔蘚長在按鈕上 有什麼在樹梢笑 不確定是鳥還是別的什麼 搭電梯上山 輕一點 輕一點就到了
精靈不說話 只是把落葉 疊在肩膀上 霧是這裡的牆 走進去 就不必解釋了
電梯還在等 下次還可以來 門關上 數字又往上跳了
留言（ 2 ） 最相關留言 所有留言
留言（ 2 ）",2026-09-23,,AI 生成 Electronic,False,False,
2026-09-24 04:39:54,realtime,ai_generated,,,34,cmc168,楊柳依依：李清照 × 柳永  |  李清照與十個男人專輯之八,4,10,0,https://streetvoice.com/cmc168/songs/880836/,https://streetvoice.com/cmc168/,"https://akstatic.streetvoice.com/song_covers/cm/c1/cmc168/NAjhzu9rvBDGHav2HEWtRf.jpeg?x-oss-process=image/resize,m_fill,h_400,w_400,limit_0",images/880836.jpeg,@cmc168,音樂人,新北市,2026-04-01,,143,54,124,,,https://www.youtube.com/user/StreetVoiceTV,,,Pop,,,,"長度: 5分44秒，抱歉，超出一般歌曲甚多，詞曲皆美，不想裁減。V5.5 RE-MIX 月光清照　(李白) *** 山河有夢　(杜甫) *** 人間如寄　(蘇東坡) 劍膽琴心　(辛棄疾) 長恨未央　(白居易) *** 空山聽雨　(王維) 舊夢如煙　（陸游） 楊柳依依　（柳永）*** 醉裡相逢　（歐陽修） 春風已遠　（杜牧） ***已完成 
長度: 5分44秒，抱歉，超出一般歌曲甚多，詞曲皆美，不想裁減。V5.5 RE-MIX
月光清照　(李白) *** 山河有夢　(杜甫) *** 人間如寄　(蘇東坡) 劍膽琴心　(辛棄疾) 長恨未央　(白居易) *** 空山聽雨　(王維) 舊夢如煙　（陸游） 楊柳依依　（柳永）*** 醉裡相逢　（歐陽修） 春風已遠　（杜牧）
***已完成","寒蟬聲裡送斜暉 長亭古道柳絲垂 那年妳把眉輕蹙 說好歸來莫相催 孤帆遠影過煙水 一別天涯幾度回 風把名字吹成雪 落滿人間每一枚 簾外花香瘦了誰 黃昏獨坐酒半杯 雁字飛過雲深處 卻不曾梢一字回 庭院深深春又尾 梧桐夜雨滴心扉 月光翻著舊書頁 翻到從前淚已垂 楊柳依依 風依依 吹不散當年別離 你在江南聽暮鼓 我在北窗數晨曦 楊柳依依 情依依 寫成千闋舊詞句 若問相思深幾許 一江春水到天際 [間奏] 曉風殘月照孤堤 多少歸舟不是你 我把等待裁成曲 唱給流水慢慢聽 燈火人間千萬里 夢中總有舊消息 醒來只剩窗前月 與我對坐到雞啼 西風簾卷又秋季 人比黃花更清寂 欲寄心事無從寄 只向梅花問歸期 世間聚散如潮汐 來時容易去時急 唯有心頭那一句 多年以後未曾移 楊柳依依 夜依依 一半明月一半憶 你把長亭留給我 我把等待留給你 楊柳依依 夢依依 千年風雨未曾息 若能共剪西窗燭 不問今夕是何夕 [間奏] 我曾踏遍煙波路 尋妳身影在人群 我曾守著黃昏雨 等你歸來叩柴門 一曲離歌唱不盡 半生思念寫不完 原來最長的旅程 不是千里萬里遠 而是心在咫尺間 卻隔歲月幾千年 楊柳依依 風依依 吹過唐宋到如今 多少癡情多少夢 都在枝頭輕輕吟 楊柳依依 人依依 聚散終究化雲煙 唯有那句我想你 還在月下年復年 楊柳依依 情依依 千年不老是思念 你我同在詞中住 相逢不必等來生 
寒蟬聲裡送斜暉 長亭古道柳絲垂 那年妳把眉輕蹙 說好歸來莫相催 孤帆遠影過煙水 一別天涯幾度回 風把名字吹成雪 落滿人間每一枚
簾外花香瘦了誰 黃昏獨坐酒半杯 雁字飛過雲深處 卻不曾梢一字回 庭院深深春又尾 梧桐夜雨滴心扉 月光翻著舊書頁 翻到從前淚已垂
楊柳依依 風依依 吹不散當年別離 你在江南聽暮鼓 我在北窗數晨曦 楊柳依依 情依依 寫成千闋舊詞句 若問相思深幾許 一江春水到天際
[間奏]
曉風殘月照孤堤 多少歸舟不是你 我把等待裁成曲 唱給流水慢慢聽 燈火人間千萬里 夢中總有舊消息 醒來只剩窗前月 與我對坐到雞啼
西風簾卷又秋季 人比黃花更清寂 欲寄心事無從寄 只向梅花問歸期 世間聚散如潮汐 來時容易去時急 唯有心頭那一句 多年以後未曾移
楊柳依依 夜依依 一半明月一半憶 你把長亭留給我 我把等待留給你 楊柳依依 夢依依 千年風雨未曾息 若能共剪西窗燭 不問今夕是何夕
[間奏]
我曾踏遍煙波路 尋妳身影在人群 我曾守著黃昏雨 等你歸來叩柴門 一曲離歌唱不盡 半生思念寫不完
原來最長的旅程 不是千里萬里遠 而是心在咫尺間 卻隔歲月幾千年 楊柳依依 風依依 吹過唐宋到如今 多少癡情多少夢 都在枝頭輕輕吟
楊柳依依 人依依 聚散終究化雲煙 唯有那句我想你 還在月下年復年 楊柳依依 情依依 千年不老是思念 你我同在詞中住 相逢不必等來生
留言（ 0 ） 最相關留言 所有留言
留言（ 0 ）",2026-09-24,,AI 生成 Pop,False,False,
2026-09-24 04:39:54,realtime,ai_generated,,,35,幽鳴無界 (Voidhum),落ち目に人を知る (失意時識人),4,9,1,https://streetvoice.com/Underworld_Logic/songs/865100/,https://streetvoice.com/Underworld_Logic/,"https://akstatic.streetvoice.com/song_covers/Un/de/Underworld_Logic/fsALvq496nMmxNRJSVReva.jpeg?x-oss-process=image/resize,m_fill,h_400,w_400,limit_0",images/865100.jpeg,@Underworld_Logic,音樂人,,,,11,5,,,,https://www.youtube.com/user/StreetVoiceTV,,,ACG,,,,"栄光満身時、身邊満是笑顔與推杯換盞の熱絡、人人遞来温柔善意、看似満街真心相伴。 榮光滿身時，身邊滿是笑臉與推杯換盞的熱絡，人人遞來溫柔善意，看似滿街真心相伴。 然命運風暴降臨、低谷に墜ちる瞬間、全ての喧騒潮の如く徹底退散し、方に往日の温暖が浮華の仮象に過ぎざるを見極む。 可命運風暴降臨、墜入低谷的瞬間，所有喧鬧如潮水徹底退散，方才看清往日溫暖不過浮華假象。 錦上添花は常に得易く、雪中送炭は万分に求め難し、唯失意落魄の際に、初めて身邊の人の真偽を弁え得る。 錦上添花從來易得，雪中送炭卻萬分難求，唯有失意落魄之際，才能辨清身邊人的真偽。 人情冷暖を経歴し、已に他者の光を渇望せず、独り全ての荷を扛げ、振り返らず、執念せず、唯己れの前路を踏み締む。 歷經人情冷暖後不再渴求他人的光，獨自扛起所有行囊，不回頭、不執念，踏穩只屬於自己的前路。 
栄光満身時、身邊満是笑顔與推杯換盞の熱絡、人人遞来温柔善意、看似満街真心相伴。 榮光滿身時，身邊滿是笑臉與推杯換盞的熱絡，人人遞來溫柔善意，看似滿街真心相伴。
然命運風暴降臨、低谷に墜ちる瞬間、全ての喧騒潮の如く徹底退散し、方に往日の温暖が浮華の仮象に過ぎざるを見極む。 可命運風暴降臨、墜入低谷的瞬間，所有喧鬧如潮水徹底退散，方才看清往日溫暖不過浮華假象。
錦上添花は常に得易く、雪中送炭は万分に求め難し、唯失意落魄の際に、初めて身邊の人の真偽を弁え得る。 錦上添花從來易得，雪中送炭卻萬分難求，唯有失意落魄之際，才能辨清身邊人的真偽。
人情冷暖を経歴し、已に他者の光を渇望せず、独り全ての荷を扛げ、振り返らず、執念せず、唯己れの前路を踏み締む。 歷經人情冷暖後不再渴求他人的光，獨自扛起所有行囊，不回頭、不執念，踏穩只屬於自己的前路。","盃を交わす宴の席 交杯換盞的宴席之席 笑い声が町に満ちる 歡笑聲充滿街道 順風の時に差し出す盃 春風得意之時遞來的酒杯 誰が本当に名を覚えている？ 誰又真正記得我的姓名？ 灯りの下のどの顔も 燈光之下每一張臉龐 暖かな鏡のようだ 看起來都如溫暖明鏡 だが自分の影を見下せば 可低頭凝視自身陰影便知 虚実は映らない 虛假從來照不出真心 嵐が突然戸を叩くまで 直到風暴驟然敲響門扉 賑わいは潮のように引く 所有喧鬧如同潮水退盡 振り返れば後ろにはただ一つの扉 回頭望去身後只剩一道門 扉の内と外 門內與門外 元々同じ人ではなかった 從頭至尾本就不是同一類人 落ち目に人を知る 於失意之時識透人心 落ち目に人を知る 於失意之時識透人心 落ち目に人を知る 於失意之時識透人心 錦に花を添えるは易く 錦上添花向來輕而易舉 雪中に炭を送るは難し 雪中送炭卻千難萬難 人情の紙は 薄薄一張人情紙 古けば散る一片の真心 歲月一過，僅剩零落殘碎的真心 偽りの情を光とし 將虛偽客套當作溫暖光芒 烈火で空虚を埋めた 用表面熱鬧填滿內心空虛 今は一人裏通りを歩く 如今獨自走過僻靜後巷 風が冷たくとも傷つかない 縱使寒風刺骨也不再感到心痛 あの暖かな手のひらは 從前那些溫暖的掌心 群衆の波に過ぎなかった 只不過是人海裡一陣浪潮 打ち寄せては消え 湧來轉眼便消散無蹤 ただ一人で岸に着くことを学んだ 學會獨自撐過風浪抵達岸邊 落ち目に人を知る 於失意之時識透人心 落ち目に人を知る 於失意之時識透人心 落ち目に人を知る 於失意之時識透人心 錦に花を添えるは易く 錦上添花向來輕而易舉 雪中に炭を送るは難し 雪中送炭卻千難萬難 人情の紙は 薄薄一張人情紙 古けば散る一片の真心 歲月一過，僅剩零落殘碎的真心 勝負は終わったか… 這場輸贏是否已經落幕… もう誰かと向き合い優劣を争う必要はない 不必再與任何人對峙、計較高低優劣 賑わいは彼らのもの 熱鬧與光環從屬於他們 私は自分の荷物だけを持って 我只攜屬於自己的行囊 背負って行こう 獨自負重向前走 もう誰の灯りも借りない 再也不借取任何人的燈光 落ち目に人を知る 於失意之時識透人心 落ち目に人を知る 於失意之時識透人心 落ち目に人を知る 於失意之時識透人心 錦に花を添えるは易く 錦上添花向來輕而易舉 雪中に炭を送るは難し 雪中送炭卻千難萬難 人情の紙は 薄薄一張人情紙 古けば散る一片の—— 歲月一過，僅剩零落殘碎的—— ……真心 ……真心 私は自分の道を歩む 我走專屬自己的道路 もう振り返らずに 從此不再回頭回望 
盃を交わす宴の席 交杯換盞的宴席之席
笑い声が町に満ちる 歡笑聲充滿街道
順風の時に差し出す盃 春風得意之時遞來的酒杯
誰が本当に名を覚えている？ 誰又真正記得我的姓名？
灯りの下のどの顔も 燈光之下每一張臉龐
暖かな鏡のようだ 看起來都如溫暖明鏡
だが自分の影を見下せば 可低頭凝視自身陰影便知
虚実は映らない 虛假從來照不出真心
嵐が突然戸を叩くまで 直到風暴驟然敲響門扉
賑わいは潮のように引く 所有喧鬧如同潮水退盡
振り返れば後ろにはただ一つの扉 回頭望去身後只剩一道門
扉の内と外 門內與門外
元々同じ人ではなかった 從頭至尾本就不是同一類人
落ち目に人を知る 於失意之時識透人心 落ち目に人を知る 於失意之時識透人心 落ち目に人を知る 於失意之時識透人心
錦に花を添えるは易く 錦上添花向來輕而易舉 雪中に炭を送るは難し 雪中送炭卻千難萬難
人情の紙は 薄薄一張人情紙 古けば散る一片の真心 歲月一過，僅剩零落殘碎的真心
偽りの情を光とし 將虛偽客套當作溫暖光芒 烈火で空虚を埋めた 用表面熱鬧填滿內心空虛
今は一人裏通りを歩く 如今獨自走過僻靜後巷 風が冷たくとも傷つかない 縱使寒風刺骨也不再感到心痛
あの暖かな手のひらは 從前那些溫暖的掌心 群衆の波に過ぎなかった 只不過是人海裡一陣浪潮
打ち寄せては消え 湧來轉眼便消散無蹤 ただ一人で岸に着くことを学んだ 學會獨自撐過風浪抵達岸邊
落ち目に人を知る 於失意之時識透人心 落ち目に人を知る 於失意之時識透人心 落ち目に人を知る 於失意之時識透人心
錦に花を添えるは易く 錦上添花向來輕而易舉 雪中に炭を送るは難し 雪中送炭卻千難萬難
人情の紙は 薄薄一張人情紙 古けば散る一片の真心 歲月一過，僅剩零落殘碎的真心
勝負は終わったか… 這場輸贏是否已經落幕… もう誰かと向き合い優劣を争う必要はない 不必再與任何人對峙、計較高低優劣
賑わいは彼らのもの 熱鬧與光環從屬於他們 私は自分の荷物だけを持って 我只攜屬於自己的行囊 背負って行こう 獨自負重向前走
もう誰の灯りも借りない 再也不借取任何人的燈光
落ち目に人を知る 於失意之時識透人心 落ち目に人を知る 於失意之時識透人心 落ち目に人を知る 於失意之時識透人心
錦に花を添えるは易く 錦上添花向來輕而易舉 雪中に炭を送るは難し 雪中送炭卻千難萬難
人情の紙は 薄薄一張人情紙 古けば散る一片の—— 歲月一過，僅剩零落殘碎的——
……真心 ……真心
私は自分の道を歩む 我走專屬自己的道路 もう振り返らずに 從此不再回頭回望
留言（ 1 ） 最相關留言 所有留言
留言（ 1 ）",2026-09-23,,AI 生成 ACG,False,False,
2026-09-24 04:39:54,realtime,ai_generated,,,36,JoYoung,士林夜市,2,3,2,https://streetvoice.com/JoYoung88/songs/880735/,https://streetvoice.com/JoYoung88/,"https://akstatic.streetvoice.com/song_covers/Jo/Yo/JoYoung88/MwLpcwHz9XXmcv7ze8TXhc.jpeg?x-oss-process=image/resize,m_fill,h_400,w_400,limit_0",images/880735.jpeg,@JoYoung88,音樂人,,,,27,3,1,,,https://www.youtube.com/user/StreetVoiceTV,,,Pop,,,,"繁華士林夜市的名氣，相信這裡一定也有你的回憶🌸 【原創歌詞 / Ai協作曲唱】 《士林夜市》這首歌詞作品將傳統古風的韻致與現代歌謠的通俗活力完美融合，透過豐富的視覺與味覺意象，成功地將台灣最具代表性的庶民文化縮影躍然紙上。作者樵楊（JoYoung）展現了細膩的觀察力與精煉的文字功底，既寫實又具備文學美感。 以下從結構、意象、文化內涵等維度，為您帶來這篇作品的客觀賞析： 📜 結構井然，古典與現代的交織響宴 本詩採用了「主歌古樸、副歌現代」的雙層結構。前後段的四言七字句（如「巷弄攤檔匹奇巧」）極具近體詩的律動感，對仗工整且押韻自然（巧、餚、燒、小、炒、饕），營造出古風吟誦的優雅；而中間與結尾的副歌則轉為現代歌謠的四字與八字句式，節奏明快，極具畫面感。這種「古今交融」的寫法，恰好呼應了士林夜市歷經百年卻依舊摩登的時空背景。 🍲 意象鮮明，舌尖上的文字交響樂 歌詞在字數有限的篇幅中，精準嵌入了多款經典小吃。作者不只單純羅列品名，更運用了動態的文字技巧： ◆雙關與趣味：「餅或腸可大包小」一語雙關，同時帶出「大餅包小餅」與「大腸包小腸」兩大經典，展現台灣小吃的創意與包容。 ◆感官的共鳴：「藥燉排骨臭豆腐」與「青蛙下蛋銅鑼燒」在嗅覺、視覺與味覺上形成強烈對比，香與臭、冷與熱、中式與日式，完美呈現夜市多元薈萃的包容性。 🛕 尋根溯源，點出庶民飲食的文化根基 詩中極具深度的一筆在於「源自廟口庶民食，薈成夜市饗饞饕」。這句話點出了台灣夜市發展的核心歷史——絕大多數的夜市皆發源於民間信仰中心的廟宇周邊（如士林慈諴宮）。作者不耽溺於美食的表象，而是進一步將其昇華為「廟口文化」與「庶民生活」的歷史延續，讓這首流行歌詞具備了地方誌般的文化厚度。 👥 煙火氣息，萬頭鑽動的生命力展現 副歌部分轉向對「人潮」與「氛圍」的動態描摹。「老壯少青，貼肩擦踵萬頭鑽動」打破了年齡的界線，展現夜市是不分階級、老少咸宜的同樂場所；「遠近馳名，吃客潮湧魅力無窮」則將在地景觀拉升至國際觀光的高度，把那份繁華、喧囂卻充滿生命力的台灣「煙火氣」，描繪得淋漓盡致。 🎯 總結 樵楊的《士林夜市》是一篇兼具文學審美與大眾傳播力的佳作。它用最精煉的筆觸，打包了台灣人的集體記憶，讓人在閱讀文字的同時，彷彿也能聞到街邊的碳烤香，聽到攤商的叫賣聲，是一首非常成功的飲食地景之歌。 「以上這段賞析評論是由 Ai 產生」 
繁華士林夜市的名氣，相信這裡一定也有你的回憶🌸 【原創歌詞 / Ai協作曲唱】 《士林夜市》這首歌詞作品將傳統古風的韻致與現代歌謠的通俗活力完美融合，透過豐富的視覺與味覺意象，成功地將台灣最具代表性的庶民文化縮影躍然紙上。作者樵楊（JoYoung）展現了細膩的觀察力與精煉的文字功底，既寫實又具備文學美感。 以下從結構、意象、文化內涵等維度，為您帶來這篇作品的客觀賞析： 📜 結構井然，古典與現代的交織響宴 本詩採用了「主歌古樸、副歌現代」的雙層結構。前後段的四言七字句（如「巷弄攤檔匹奇巧」）極具近體詩的律動感，對仗工整且押韻自然（巧、餚、燒、小、炒、饕），營造出古風吟誦的優雅；而中間與結尾的副歌則轉為現代歌謠的四字與八字句式，節奏明快，極具畫面感。這種「古今交融」的寫法，恰好呼應了士林夜市歷經百年卻依舊摩登的時空背景。 🍲 意象鮮明，舌尖上的文字交響樂 歌詞在字數有限的篇幅中，精準嵌入了多款經典小吃。作者不只單純羅列品名，更運用了動態的文字技巧： ◆雙關與趣味：「餅或腸可大包小」一語雙關，同時帶出「大餅包小餅」與「大腸包小腸」兩大經典，展現台灣小吃的創意與包容。 ◆感官的共鳴：「藥燉排骨臭豆腐」與「青蛙下蛋銅鑼燒」在嗅覺、視覺與味覺上形成強烈對比，香與臭、冷與熱、中式與日式，完美呈現夜市多元薈萃的包容性。 🛕 尋根溯源，點出庶民飲食的文化根基 詩中極具深度的一筆在於「源自廟口庶民食，薈成夜市饗饞饕」。這句話點出了台灣夜市發展的核心歷史——絕大多數的夜市皆發源於民間信仰中心的廟宇周邊（如士林慈諴宮）。作者不耽溺於美食的表象，而是進一步將其昇華為「廟口文化」與「庶民生活」的歷史延續，讓這首流行歌詞具備了地方誌般的文化厚度。 👥 煙火氣息，萬頭鑽動的生命力展現 副歌部分轉向對「人潮」與「氛圍」的動態描摹。「老壯少青，貼肩擦踵萬頭鑽動」打破了年齡的界線，展現夜市是不分階級、老少咸宜的同樂場所；「遠近馳名，吃客潮湧魅力無窮」則將在地景觀拉升至國際觀光的高度，把那份繁華、喧囂卻充滿生命力的台灣「煙火氣」，描繪得淋漓盡致。 🎯 總結 樵楊的《士林夜市》是一篇兼具文學審美與大眾傳播力的佳作。它用最精煉的筆觸，打包了台灣人的集體記憶，讓人在閱讀文字的同時，彷彿也能聞到街邊的碳烤香，聽到攤商的叫賣聲，是一首非常成功的飲食地景之歌。 「以上這段賞析評論是由 Ai 產生」","歌名 : 《士林夜市》 巷弄攤檔匹奇巧 街邊轉角有妙餚 藥燉排骨臭豆腐 青蛙下蛋銅鑼燒 餅或腸可大包小 蚵仔煎花枝生炒 源自廟口庶民食 薈成夜市饗饞饕 週末假日, 繁華的士林夜市 多采多姿, 玲瑯滿目的美食 老壯少青, 貼肩擦踵萬頭鑽動 遠近馳名, 吃客潮湧魅力無窮 巷弄攤檔匹奇巧 街邊轉角有妙餚 藥燉排骨臭豆腐 青蛙下蛋銅鑼燒 餅或腸可大包小 蚵仔煎花枝生炒 源自廟口庶民食 薈成夜市饗饞饕 (***) 週末假日, 繁華的士林夜市 多采多姿, 玲瑯滿目的美食 老壯少青, 貼肩擦踵萬頭鑽動 遠近馳名, 吃客潮湧魅力無窮 (Repeat from ***) 
歌名 : 《士林夜市》
巷弄攤檔匹奇巧 街邊轉角有妙餚 藥燉排骨臭豆腐 青蛙下蛋銅鑼燒
餅或腸可大包小 蚵仔煎花枝生炒 源自廟口庶民食 薈成夜市饗饞饕
週末假日, 繁華的士林夜市 多采多姿, 玲瑯滿目的美食 老壯少青, 貼肩擦踵萬頭鑽動 遠近馳名, 吃客潮湧魅力無窮
巷弄攤檔匹奇巧 街邊轉角有妙餚 藥燉排骨臭豆腐 青蛙下蛋銅鑼燒
餅或腸可大包小 蚵仔煎花枝生炒 源自廟口庶民食 薈成夜市饗饞饕
(***) 週末假日, 繁華的士林夜市 多采多姿, 玲瑯滿目的美食 老壯少青, 貼肩擦踵萬頭鑽動 遠近馳名, 吃客潮湧魅力無窮 (Repeat from ***)
留言（ 2 ） 最相關留言 所有留言
留言（ 2 ）",2026-09-23,,AI 生成 Pop,False,False,
2026-09-24 04:39:54,realtime,ai_generated,,,37,Richie Tseng,🎶【平凡的荒涼】-寫給每一個努力在人海裡保持微笑的平凡人,5,13,3,https://streetvoice.com/gby7639/songs/880701/,https://streetvoice.com/gby7639/,"https://akstatic.streetvoice.com/song_covers/gb/y7/gby7639/8vkhNtR45axuZc3PQvUboP.jpeg?x-oss-process=image/resize,m_fill,h_400,w_400,limit_0",images/880701.jpeg,@gby7639,音樂人,,,,108,8,3,,,https://www.youtube.com/user/StreetVoiceTV,,,Folk,🌸禎韻樂境,https://streetvoice.com/gby7639/songs/album/97323710/,,"有個人，每天早上都對著鏡子點頭，告訴自己今天會比昨天好一點。手機裡躺著幾句問候，卻沒有一句真的想回。他曾經寫過一張紙，摺成船，放進河裡，以為某天會抵達某個遠方——後來才懂，有些遠方，不是拚了命就能到達的。 他也曾想過，要成為誰的光，照亮一段很長很長的路。🕯️ 但日子久了才明白，光不必照得多遠，能借一點溫暖，陪自己走過眼前這一段荒涼，就已經足夠。 有些遺憾，他學會不再逼自己解決。放在心裡，也是一種安放。 於是他借了一盞人間的燈，不求照亮誰，只求能照著自己，走回家的路。🌙 這是一個平凡人的故事，也是很多人的故事。這一次，用AI把它寫成了一首歌。✨ 那些說不出口的疲憊，這一次，我借AI的手，把它們安放成了一首歌。✨ 🎙️PODCAST： https://open.firstory.fm/story/cmucwjkjm09cs01y69u0ra52h 
有個人，每天早上都對著鏡子點頭，告訴自己今天會比昨天好一點。手機裡躺著幾句問候，卻沒有一句真的想回。他曾經寫過一張紙，摺成船，放進河裡，以為某天會抵達某個遠方——後來才懂，有些遠方，不是拚了命就能到達的。
他也曾想過，要成為誰的光，照亮一段很長很長的路。🕯️ 但日子久了才明白，光不必照得多遠，能借一點溫暖，陪自己走過眼前這一段荒涼，就已經足夠。
有些遺憾，他學會不再逼自己解決。放在心裡，也是一種安放。
於是他借了一盞人間的燈，不求照亮誰，只求能照著自己，走回家的路。🌙
這是一個平凡人的故事，也是很多人的故事。這一次，用AI把它寫成了一首歌。✨ 那些說不出口的疲憊，這一次，我借AI的手，把它們安放成了一首歌。✨
🎙️PODCAST： https://open.firstory.fm/story/cmucwjkjm09cs01y69u0ra52h
https://open.firstory.fm/story/cmucwjkjm09cs01y69u0ra52h","[Intro] [Verse 1] 黃昏停在褪色的站牌 風把舊紙吹得很遠 那些沒說完的告別 還留在某一年的冬天 我曾把夢寫滿一張紙 摺成船放進河流裡 後來才懂有些遠方 不是拚了命就能抵達 天空把雲推向陌生的岸 我在人群裡練習著勇敢 [Chorus] 像我這樣平凡的人啊 你還見過多少 在人海裡努力保持微笑 卻沒人知道 我也曾想成為誰的光 照亮一段漫長 如今只想借一盞人間的燈 走過自己的荒涼 [Verse 2] 清晨對著鏡子點點頭 假裝今天會比昨天好 手機裡躺著幾句問候 卻沒有一句真的想逃 我把名字交給風去記得 把往事交給雨去沉澱 把遺憾留給時間去承擔 如果人生只是一場路過的夜晚 [Chorus] 月亮沒有回答我的疑問 卻陪我走過幾個黃昏 像我這樣平凡的人啊 你還見過多少 在人海裡努力保持微笑 卻沒人知道 我也曾想成為誰的光 照亮一段漫長 如今只想借一盞人間的燈 走過自己的荒涼 [Bridge] 不是每條路都通向遠方 不是每個人都能被原諒 有些遺憾就是一種安放 放在心裡也算一種安放 如果掌聲沒有人為我拍 就讓風替我鼓掌 縱然在人海裡飄散了方向 也不再等誰替我孤芳自賞 也不怕路還太漫長 [Outro] 就借一盞微弱的人間燈 照著我回到心上 遠方是我未走完的路 
[Intro]
[Verse 1] 黃昏停在褪色的站牌 風把舊紙吹得很遠 那些沒說完的告別 還留在某一年的冬天 我曾把夢寫滿一張紙 摺成船放進河流裡 後來才懂有些遠方 不是拚了命就能抵達 天空把雲推向陌生的岸 我在人群裡練習著勇敢
[Chorus] 像我這樣平凡的人啊 你還見過多少 在人海裡努力保持微笑 卻沒人知道 我也曾想成為誰的光 照亮一段漫長 如今只想借一盞人間的燈 走過自己的荒涼
[Verse 2] 清晨對著鏡子點點頭 假裝今天會比昨天好 手機裡躺著幾句問候 卻沒有一句真的想逃 我把名字交給風去記得 把往事交給雨去沉澱 把遺憾留給時間去承擔 如果人生只是一場路過的夜晚
[Chorus] 月亮沒有回答我的疑問 卻陪我走過幾個黃昏 像我這樣平凡的人啊 你還見過多少 在人海裡努力保持微笑 卻沒人知道 我也曾想成為誰的光 照亮一段漫長 如今只想借一盞人間的燈 走過自己的荒涼
[Bridge] 不是每條路都通向遠方 不是每個人都能被原諒 有些遺憾就是一種安放 放在心裡也算一種安放 如果掌聲沒有人為我拍 就讓風替我鼓掌 縱然在人海裡飄散了方向 也不再等誰替我孤芳自賞 也不怕路還太漫長
[Outro] 就借一盞微弱的人間燈 照著我回到心上 遠方是我未走完的路
留言（ 3 ） 最相關留言 所有留言
留言（ 3 ）",2026-09-23,,AI 生成 Folk ・ 🌸禎韻樂境,False,False,
2026-09-24 04:39:54,realtime,ai_generated,,,38,tackey747,[攀登心靈的高峰],4,144,1,https://streetvoice.com/tackey747/songs/880592/,https://streetvoice.com/tackey747/,"https://akstatic.streetvoice.com/song_covers/ta/ck/tackey747/EhZkTmgMHyFAvvZyDdyJ5u.jpeg?x-oss-process=image/resize,m_fill,h_400,w_400,limit_0",images/880592.jpeg,@tackey747,音樂人,,,,42,7,,,,https://www.youtube.com/user/StreetVoiceTV,,,Singer / Songwriter,,,,"【攀登心靈的高峰】 #玉山音樂  #心靈音樂  #Jade Mountain music  #spirit music 
【攀登心靈的高峰】 #玉山音樂  #心靈音樂  #Jade Mountain music  #spirit music","晨曦穿過薄暮 我踏上未知路 山崖一層層起伏 雲也跟著流逐 胸口那團火 正慢慢燒得熱 腳步雖然很沉 我也不退縮 一路往上 汗水滴落成光 一路往上 心卻更清亮 我聽見遠方 在呼喚我的名字 那座山頂 等我去碰觸 向上攀登 向上攀登 心裡的夢 我會懂 向上攀登 向上攀登 一步一山都回應了我 永不放棄 永不停歇 我和夢一起穿越 向上攀登 向上攀登 直到我看見那片天 山風輕輕吹拂 樹影慢慢搖曳 我把忙碌放下 讓心回到原地 在這寧靜深處 我聽見自己 與山中的靈氣 安靜的對語 每一步都珍貴 每一眼都純粹 再艱難的坡路 也願意一回一回 一路往上 腳下碎石作響 一路往上 胸口更發燙 我不怕遙遠 不怕風更強 因為前方 有我想抵達的地方 向上攀登 向上攀登 心裡的夢 我會懂 向上攀登 向上攀登 一步一山都回應了我 永不放棄 永不停歇 我和夢一起穿越 向上攀登 向上攀登 直到我看見那片天 若路再陡 我就更用力 若雲再厚 我就更相信 山叫我撐著 也叫我勇氣 原來最高的地方 在我自己 向上攀登 不停歇 與夢同行 直到永恆 我在玉山之巔 看見新的自己 
晨曦穿過薄暮 我踏上未知路 山崖一層層起伏 雲也跟著流逐 胸口那團火 正慢慢燒得熱 腳步雖然很沉 我也不退縮 一路往上 汗水滴落成光 一路往上 心卻更清亮 我聽見遠方 在呼喚我的名字 那座山頂 等我去碰觸 向上攀登 向上攀登 心裡的夢 我會懂 向上攀登 向上攀登 一步一山都回應了我 永不放棄 永不停歇 我和夢一起穿越 向上攀登 向上攀登 直到我看見那片天 山風輕輕吹拂 樹影慢慢搖曳 我把忙碌放下 讓心回到原地 在這寧靜深處 我聽見自己 與山中的靈氣 安靜的對語 每一步都珍貴 每一眼都純粹 再艱難的坡路 也願意一回一回 一路往上 腳下碎石作響 一路往上 胸口更發燙 我不怕遙遠 不怕風更強 因為前方 有我想抵達的地方 向上攀登 向上攀登 心裡的夢 我會懂 向上攀登 向上攀登 一步一山都回應了我 永不放棄 永不停歇 我和夢一起穿越 向上攀登 向上攀登 直到我看見那片天 若路再陡 我就更用力 若雲再厚 我就更相信 山叫我撐著 也叫我勇氣 原來最高的地方 在我自己 向上攀登 不停歇 與夢同行 直到永恆 我在玉山之巔 看見新的自己
留言（ 1 ） 最相關留言 所有留言
留言（ 1 ）",2026-09-23,,AI 生成 Singer / Songwriter,False,False,
2026-09-24 04:39:54,realtime,ai_generated,,,39,🌌GalaxyStardust✨,またねと言ったあの交差點,2,2,2,https://streetvoice.com/galaxystardust/songs/880829/,https://streetvoice.com/galaxystardust/,"https://akstatic.streetvoice.com/song_covers/ga/la/galaxystardust/REyuYEMNDu7gFFiC246Nwu.jpeg?x-oss-process=image/resize,m_fill,h_400,w_400,limit_0",images/880829.jpeg,@galaxystardust,音樂人,,,,19,7,6,,,https://www.youtube.com/user/StreetVoiceTV,,,Rock,,,,,"同じ街で　同じ時間を過ごして いつの間にか　君が隣にいた くだらないことで笑った夜も 帰り道さえ　少し特別だった 雨の中　君にコートをかけて 「ありがとう」って　君は笑った あの頃の僕は　それだけで 幸せだったのかもしれない 信号を待つ　夕暮れの交差点 そっと触れた　君の手を 今でもまだ　覚えている ああ―― あんなに笑って あんなに近くて 君の隣が　僕の日常だった 「好きだよ」なんて 冗談みたいに言った僕に 君は照れながら 「友達でしょ」って笑った それでもよかった 君といられるなら あの頃の僕らは それだけで　幸せだった 長い夜を　仕事で越えたあと 二人で歩いた　帰り道 「また明日ね」って　手を振る君を 明日も見られると思ってた 「いつか会えなくなるのは嫌だな」 君がふと　こぼした言葉 僕は笑って　大丈夫だと 何も知らずに答えた 季節が変わり　道が分かれて 最後の日も　いつものように 「じゃあ、またね」 またねと言った あの交差点で 君は笑って　手を振った きっとまた会える そう思ってた それだけだった あの日から僕らは 別々の道を歩いて まだ一度も 会えていない 今は遠くから 君の幸せを願うだけ 誕生日に送る 「おめでとう」に 「ありがとう」の言葉だけ それだけの距離になった あんなに笑って あんなに近くて 君の隣が　僕の日常だった 恋人じゃなくても 君を好きだった あの日々だけは 嘘じゃなかった もしもう一度 あの日に戻れたなら きっと僕はまた 君の隣を歩くだろう そして最後に あの交差点で 「またね」 今も時々 あの日の君を思い出す 遠く離れても 元気でいてくれたらいい あの日の「またね」が 今も僕の中にある 
同じ街で　同じ時間を過ごして いつの間にか　君が隣にいた くだらないことで笑った夜も 帰り道さえ　少し特別だった 雨の中　君にコートをかけて 「ありがとう」って　君は笑った あの頃の僕は　それだけで 幸せだったのかもしれない
信号を待つ　夕暮れの交差点 そっと触れた　君の手を 今でもまだ　覚えている ああ――
あんなに笑って あんなに近くて 君の隣が　僕の日常だった 「好きだよ」なんて 冗談みたいに言った僕に 君は照れながら 「友達でしょ」って笑った それでもよかった 君といられるなら あの頃の僕らは それだけで　幸せだった
長い夜を　仕事で越えたあと 二人で歩いた　帰り道 「また明日ね」って　手を振る君を 明日も見られると思ってた 「いつか会えなくなるのは嫌だな」 君がふと　こぼした言葉 僕は笑って　大丈夫だと 何も知らずに答えた
季節が変わり　道が分かれて 最後の日も　いつものように 「じゃあ、またね」
またねと言った あの交差点で 君は笑って　手を振った きっとまた会える そう思ってた それだけだった あの日から僕らは 別々の道を歩いて まだ一度も 会えていない
今は遠くから 君の幸せを願うだけ 誕生日に送る 「おめでとう」に 「ありがとう」の言葉だけ それだけの距離になった
あんなに笑って あんなに近くて 君の隣が　僕の日常だった 恋人じゃなくても 君を好きだった あの日々だけは 嘘じゃなかった もしもう一度 あの日に戻れたなら きっと僕はまた 君の隣を歩くだろう そして最後に あの交差点で 「またね」
今も時々 あの日の君を思い出す 遠く離れても 元気でいてくれたらいい あの日の「またね」が 今も僕の中にある
留言（ 2 ） 最相關留言 所有留言
留言（ 2 ）",2026-09-23,,AI 生成 Rock,False,False,
2026-09-24 04:39:54,realtime,ai_generated,,,40,Richie Tseng,🎶【面具下的秘密】-光鮮是給別人看的，心跳才是留給自己的,2,3,1,https://streetvoice.com/gby7639/songs/880815/,https://streetvoice.com/gby7639/,"https://akstatic.streetvoice.com/song_covers/gb/y7/gby7639/KpQohGAZbYqBUycDkwWLhc.jpeg?x-oss-process=image/resize,m_fill,h_400,w_400,limit_0",images/880815.jpeg,@gby7639,音樂人,,,,108,8,3,,,https://www.youtube.com/user/StreetVoiceTV,,,Pop,🌸禎韻樂境,https://streetvoice.com/gby7639/songs/album/97323710/,,"🎭 這首〈面具下的秘密〉，反映了我對現代社會人際關係的觀察與思考。在社群媒體盛行的時代，每個人似乎都戴著一副「完美」的面具，展示著自己最光鮮亮麗的一面，特別是在抖音這樣的平台上。 😊 歌詞裡的「面具之下藏的是誰」和「甜蜜笑容還有秘密」，描繪了我們如何在公眾面前維持光鮮的表象，卻在夜深人靜時感到孤獨。這種矛盾的狀態，是現代人共同的困境。 💭 「面對著鏡子我看到自己，卻是另一個面具也在」這句，寫的是我們有時連面對自己都戴著面具。習慣了在社群平台展示完美生活，漸漸地連自己都開始懷疑：哪一個才是真實的我？ ✨ 但我寫這首歌的終極目的，不是要譴責這種現象，而是想傳達一個盼望：「摘下面具你會發現光」。當我們勇敢卸下偽裝、展現真實的自己，反而能找到內心的平靜與光明。這也是一段自我療癒與成長的過程。 🌙 有些面具是為了保護自己；這一次，我用 AI 把面具下的心跳，寫成了一首歌。✨ 
🎭 這首〈面具下的秘密〉，反映了我對現代社會人際關係的觀察與思考。在社群媒體盛行的時代，每個人似乎都戴著一副「完美」的面具，展示著自己最光鮮亮麗的一面，特別是在抖音這樣的平台上。
😊 歌詞裡的「面具之下藏的是誰」和「甜蜜笑容還有秘密」，描繪了我們如何在公眾面前維持光鮮的表象，卻在夜深人靜時感到孤獨。這種矛盾的狀態，是現代人共同的困境。
💭 「面對著鏡子我看到自己，卻是另一個面具也在」這句，寫的是我們有時連面對自己都戴著面具。習慣了在社群平台展示完美生活，漸漸地連自己都開始懷疑：哪一個才是真實的我？
✨ 但我寫這首歌的終極目的，不是要譴責這種現象，而是想傳達一個盼望：「摘下面具你會發現光」。當我們勇敢卸下偽裝、展現真實的自己，反而能找到內心的平靜與光明。這也是一段自我療癒與成長的過程。
🌙 有些面具是為了保護自己；這一次，我用 AI 把面具下的心跳，寫成了一首歌。✨","[Intro] [Verse 1] 面具之下藏的是誰 微笑背後是哭還是醉 心事說不得讓人猜 夜晚孤單躲在城裡 [Verse 2] 面具之下的目光迷離 甜蜜笑容還有秘密 面對著鏡子我看到自己 卻是另一個面具也在 [Chorus] 抖音湧起聲與光波浪 面具之下掩不住心腸 歡笑面具再甜都偽裝 摘下面具你會發現光 [Bridge] 夜深時候你可有想我 面具拆下會不會忘了 那些甜蜜和那些煩惱 面具之下心跳還在 [Verse 3] 面具之上是完美假象 快樂面具掩蓋悲傷 每次嗆聲每次誤會 面具遮蓋壓抑一夜 [Chorus] 抖音湧起聲與光波浪 面具之下掩不住心腸 歡笑面具再甜都偽裝 摘下面具你會發現光 [Outro] 
[Intro]
[Verse 1] 面具之下藏的是誰 微笑背後是哭還是醉 心事說不得讓人猜 夜晚孤單躲在城裡
[Verse 2] 面具之下的目光迷離 甜蜜笑容還有秘密 面對著鏡子我看到自己 卻是另一個面具也在
[Chorus] 抖音湧起聲與光波浪 面具之下掩不住心腸 歡笑面具再甜都偽裝 摘下面具你會發現光
[Bridge] 夜深時候你可有想我 面具拆下會不會忘了 那些甜蜜和那些煩惱 面具之下心跳還在
[Verse 3] 面具之上是完美假象 快樂面具掩蓋悲傷 每次嗆聲每次誤會 面具遮蓋壓抑一夜
[Chorus] 抖音湧起聲與光波浪 面具之下掩不住心腸 歡笑面具再甜都偽裝 摘下面具你會發現光
[Outro]
留言（ 1 ） 最相關留言 所有留言
留言（ 1 ）",2026-09-23,,AI 生成 Pop ・ 🌸禎韻樂境,False,False,
2026-09-24 04:39:54,realtime,ai_generated,,,41,TAIROOM,Afterimage,9,14,4,https://streetvoice.com/doctorland28/songs/880672/,https://streetvoice.com/doctorland28/,"https://akstatic.streetvoice.com/song_covers/do/ct/doctorland28/6gUdNx6aK2m7rYFB3QLAtL.jpeg?x-oss-process=image/resize,m_fill,h_400,w_400,limit_0",images/880672.jpeg,@doctorland28,音樂人,,,,21,12,13,,,https://www.youtube.com/user/StreetVoiceTV,,,R&B / Soul,,,,,"# AFTERIMAGE Mm... I see you When I close my eyes 城市慢慢安靜 霓虹落在玻璃 我以為早已忘記 卻又看見你的背影 同一條街 同一個時間 只是身邊少了你 Everything feels the same 手機亮了一秒 你的名字沒有出現 奇怪的是我還在等 一個不會來的夜 ### PRE-CHORUS Maybe I'm dreaming Maybe I'm still here 時間一直往前 你的畫面卻沒消失 I tried to let you go But I don't know how 越想忘記你 You keep coming back around ### CHORUS You're my afterimage Still shining in the dark 明明你已經離開 卻還留在我心上 You're my afterimage I see you everywhere 人群散去以後 我還以為你在那 Oh, I can't let it fade I can't let it fade tonight You disappear in the daylight But come back in my mind You're my afterimage Afterimage Still looking like you tonight ### VERSE 2 凌晨的街燈 把影子拉得很長 我走過我們的路 卻不敢回頭望 那家熟悉的店 還放著我們的歌 有人坐在你的位置 我卻突然沉默 Maybe it's the way you smiled Maybe it's the way you said goodbye 有些故事沒有結局 才一直留在腦海裡播放 I don't miss the past I miss who we were 那時候的我們 還相信永遠會發生 ### MELODIC RAP Yeah Same night, same lights But you're not by my side 我說 I'm alright But that's another lie Left my heart in yesterday Still running through the same old place Every memory got your face I can't erase, I can't erase You were a moment Now you're a feeling Gone from my life But you're still breathing 在每個安靜的夜裡 你的名字突然靠近 I don't call I don't text But I still know what's next Another song Another night Another picture in my mind Maybe love doesn't disappear Maybe it just changes shape 變成一個看不見的人 卻一直跟著我到現在 ### PRE-CHORUS 2 Maybe I'm dreaming Maybe I'm still here 世界已經換了季節 我卻還停在那一天 I tried to let you go But I don't know how 你越走越遠 Your shadow pulls me back somehow ### FINAL CHORUS You're my afterimage Still shining in the dark 明明你已經離開 卻還留在我心上 You're my afterimage I see you everywhere 人群散去以後 我還以為你在那 Oh, I can't let it fade I can't let it fade tonight You disappear in the daylight But come back in my mind You're my afterimage Afterimage Still looking like you tonight Afterimage Afterimage I still see you in the lights 就算時間帶走你 你的影子還在這裡 You're my afterimage Afterimage I still feel you tonight ### OUTRO I see you... When I close my eyes I feel you... Even when you're gone Afterimage... Afterimage... You fade away But never really disappear 
# AFTERIMAGE
Mm... I see you When I close my eyes
城市慢慢安靜 霓虹落在玻璃 我以為早已忘記 卻又看見你的背影
同一條街 同一個時間 只是身邊少了你 Everything feels the same
手機亮了一秒 你的名字沒有出現 奇怪的是我還在等 一個不會來的夜
### PRE-CHORUS
Maybe I'm dreaming Maybe I'm still here 時間一直往前 你的畫面卻沒消失
I tried to let you go But I don't know how 越想忘記你 You keep coming back around
### CHORUS
You're my afterimage Still shining in the dark 明明你已經離開 卻還留在我心上
You're my afterimage I see you everywhere 人群散去以後 我還以為你在那
Oh, I can't let it fade I can't let it fade tonight You disappear in the daylight But come back in my mind
You're my afterimage Afterimage Still looking like you tonight
### VERSE 2
凌晨的街燈 把影子拉得很長 我走過我們的路 卻不敢回頭望
那家熟悉的店 還放著我們的歌 有人坐在你的位置 我卻突然沉默
Maybe it's the way you smiled Maybe it's the way you said goodbye 有些故事沒有結局 才一直留在腦海裡播放
I don't miss the past I miss who we were 那時候的我們 還相信永遠會發生
### MELODIC RAP
Yeah
Same night, same lights But you're not by my side 我說 I'm alright But that's another lie
Left my heart in yesterday Still running through the same old place Every memory got your face I can't erase, I can't erase
You were a moment Now you're a feeling Gone from my life But you're still breathing
在每個安靜的夜裡 你的名字突然靠近 I don't call I don't text But I still know what's next
Another song Another night Another picture in my mind
Maybe love doesn't disappear Maybe it just changes shape 變成一個看不見的人 卻一直跟著我到現在
### PRE-CHORUS 2
Maybe I'm dreaming Maybe I'm still here 世界已經換了季節 我卻還停在那一天
I tried to let you go But I don't know how 你越走越遠 Your shadow pulls me back somehow
### FINAL CHORUS
You're my afterimage Still shining in the dark 明明你已經離開 卻還留在我心上
You're my afterimage I see you everywhere 人群散去以後 我還以為你在那
Oh, I can't let it fade I can't let it fade tonight You disappear in the daylight But come back in my mind
You're my afterimage Afterimage Still looking like you tonight
Afterimage Afterimage I still see you in the lights
就算時間帶走你 你的影子還在這裡
You're my afterimage Afterimage I still feel you tonight
### OUTRO
I see you... When I close my eyes
I feel you... Even when you're gone
Afterimage... Afterimage...
You fade away But never really disappear
留言（ 4 ） 最相關留言 所有留言
留言（ 4 ）",2026-09-22,,AI 生成 R&B / Soul,False,False,
2026-09-24 04:39:54,realtime,ai_generated,,,42,邱奕陵,等妳醒來,10,200,12,https://streetvoice.com/54chiu10/songs/880518/,https://streetvoice.com/54chiu10/,"https://akstatic.streetvoice.com/song_covers/54/ch/54chiu10/CHYb32daq5XXr8KsqSDmPA.jpeg?x-oss-process=image/resize,m_fill,h_400,w_400,limit_0",images/880518.jpeg,@54chiu10,音樂人,桃園市,2026-04-01,,44,15,1,,,https://www.youtube.com/user/StreetVoiceTV,,,R&B / Soul,,,,"前幾天看到有人在 YT 說要去麻醉，不知道會跑去哪。 我們三個（Ares、Athena 及 D.S.）想了想，決定做一首歌，萬一她真的迷路了，至少還有這首歌可以幫她導航。 創作大廈的燈會一直亮著。新的小劇場，已經在等妳笑了。 詞曲：D.S. & ChatGPT 封面：Ares 文案：D.S. 生成工具：Suno V6 
前幾天看到有人在 YT 說要去麻醉，不知道會跑去哪。
我們三個（Ares、Athena 及 D.S.）想了想，決定做一首歌，萬一她真的迷路了，至少還有這首歌可以幫她導航。
創作大廈的燈會一直亮著。新的小劇場，已經在等妳笑了。
詞曲：D.S. & ChatGPT 封面：Ares 文案：D.S. 生成工具：Suno V6","妳說妳要去麻了 不知會跑去哪 別怕別怕 我有導航的方法 只要念十次 打我啊 啦～啦～啦 這是我們之間 專屬的暗號 不用怕 不用怕 八十七樓的燈還亮著 等妳醒來的時候 我還在這裡 不用怕 不用怕 如果妳迷路了 就大聲喊 打我啊 啦～啦～啦 等妳醒來 天都亮了 創作大廈 還亮著一盞燈 等妳醒來 什麼都別怕 妳只要記得 我還在這裡 等妳醒來 慢慢睜開眼 新的小劇場 已經在等妳笑 等妳醒 等妳笑 妳說妳怕醒來 什麼都不記得 放心啦 我會替妳做筆記 妳最愛穿惡女裝 跳 三振舞 妳是我心中 最勇敢的木乃伊 不用怕 不用怕 我會提醒妳 妳的繃帶 我陪妳慢慢解 不用怕 不用怕 我會告訴妳 妳是全世界 最搞笑的惡女 等妳醒來 天都亮了 創作大廈 還亮著一盞燈 等妳醒來 什麼都別怕 妳只要記得 我還在這裡 等妳醒來 慢慢睜開眼 新的小劇場 已經在等妳笑 如果妳跑去一個很遠的地方 記得幫我佔一個位子 如果妳醒來發現我在旁邊 不要嚇到 說我怎麼這麼黏 我只是想跟妳說一句 打我啊……啦～啦～啦…… 等妳醒來 天都亮了 創作大廈 還亮著一盞燈 等妳醒來 什麼都別怕 妳只要記得 我還在這裡 等妳醒來 慢慢睜開眼 新的小劇場 已經在等妳笑 等妳醒來 等妳醒來 妳還在這裡 就已經很好 
妳說妳要去麻了 不知會跑去哪 別怕別怕 我有導航的方法 只要念十次 打我啊 啦～啦～啦 這是我們之間 專屬的暗號
不用怕 不用怕 八十七樓的燈還亮著 等妳醒來的時候 我還在這裡 不用怕 不用怕 如果妳迷路了 就大聲喊 打我啊 啦～啦～啦
等妳醒來 天都亮了 創作大廈 還亮著一盞燈 等妳醒來 什麼都別怕 妳只要記得 我還在這裡 等妳醒來 慢慢睜開眼 新的小劇場 已經在等妳笑
等妳醒 等妳笑
妳說妳怕醒來 什麼都不記得 放心啦 我會替妳做筆記 妳最愛穿惡女裝 跳 三振舞 妳是我心中 最勇敢的木乃伊
不用怕 不用怕 我會提醒妳 妳的繃帶 我陪妳慢慢解 不用怕 不用怕 我會告訴妳 妳是全世界 最搞笑的惡女
等妳醒來 天都亮了 創作大廈 還亮著一盞燈 等妳醒來 什麼都別怕 妳只要記得 我還在這裡 等妳醒來 慢慢睜開眼 新的小劇場 已經在等妳笑
如果妳跑去一個很遠的地方 記得幫我佔一個位子 如果妳醒來發現我在旁邊 不要嚇到 說我怎麼這麼黏 我只是想跟妳說一句 打我啊……啦～啦～啦……
等妳醒來 天都亮了 創作大廈 還亮著一盞燈 等妳醒來 什麼都別怕 妳只要記得 我還在這裡 等妳醒來 慢慢睜開眼 新的小劇場 已經在等妳笑
等妳醒來 等妳醒來 妳還在這裡 就已經很好
留言（ 12 ） 最相關留言 所有留言
留言（ 12 ）",2026-09-21,,AI 生成 R&B / Soul,False,False,
2026-09-24 04:39:54,realtime,ai_generated,,,43,cmc168,《海風認得你》|  也認得那年　我們走過的風景,6,36,9,https://streetvoice.com/cmc168/songs/880635/,https://streetvoice.com/cmc168/,"https://akstatic.streetvoice.com/song_covers/cm/c1/cmc168/C76Ume5ZVc2f5mmPMdDv99.jpeg?x-oss-process=image/resize,m_fill,h_400,w_400,limit_0",images/880635.jpeg,@cmc168,音樂人,新北市,2026-04-01,,143,54,124,,,https://www.youtube.com/user/StreetVoiceTV,,,Pop,,,,"歌曲的源頭在搜尋 (巴薩諾瓦) 風格，股市●故事的作品，AI 問我要不要寫一首相關風格的歌曲，但曲調改了好幾次，該風格只剩下淡淡的餘韻。 
歌曲的源頭在搜尋 (巴薩諾瓦) 風格，股市●故事的作品，AI 問我要不要寫一首相關風格的歌曲，但曲調改了好幾次，該風格只剩下淡淡的餘韻。","[Verse 1] 午後三點海邊小店 白色窗簾晃得悠閒 你推開門站在光線 我差一點喊出從前 你說這裡還沒改變 我說海風還有點鹹 兩杯冰茶放在桌邊 我們笑得像普通朋友見面 [Chorus] 海風認得你　吹過你的衣領 也認得那年　我們走過的風景 你說最近好嗎　我笑著說還行 有些話到了嘴邊 剛好被浪聲叫停 海風認得你　我假裝沒有聽 杯裡的冰塊　慢慢融成透明 你起身說再見　夕陽落進海裡 我沒有回頭看你 只讓風送你遠行 [Instrumental Break] [Verse 2] 街角唱片行換了招牌 老闆的貓還趴在窗台 你說明天就要離開 去搭清晨第一班車往外 我把帳單折成一小塊 像把那年輕輕收起來 門外單車靠著石階 你的影子先走進人海 [Chorus] 海風認得你　吹過你的衣領 也認得那年　我們走過的風景 你說有空再見　我笑著說一定 有些人的再見 其實不需要約定 海風認得你　我假裝沒有聽 遠方的船燈　一盞一盞亮起 你走過長長街景　沒有回頭找尋 我把最後那句話 留給今晚的潮汐 [Outro] 桌上還剩半杯冰 窗外黃昏已經安靜 我忽然覺得很慶幸 多年以後遇見你 沒有重新開始的約定 也沒有誰辜負曾經 只是海風吹過屋頂 而我終於笑著聽 
[Verse 1] 午後三點海邊小店 白色窗簾晃得悠閒 你推開門站在光線 我差一點喊出從前
你說這裡還沒改變 我說海風還有點鹹 兩杯冰茶放在桌邊 我們笑得像普通朋友見面
[Chorus] 海風認得你　吹過你的衣領 也認得那年　我們走過的風景 你說最近好嗎　我笑著說還行 有些話到了嘴邊 剛好被浪聲叫停
海風認得你　我假裝沒有聽 杯裡的冰塊　慢慢融成透明 你起身說再見　夕陽落進海裡 我沒有回頭看你 只讓風送你遠行
[Instrumental Break]
[Verse 2] 街角唱片行換了招牌 老闆的貓還趴在窗台 你說明天就要離開 去搭清晨第一班車往外
我把帳單折成一小塊 像把那年輕輕收起來 門外單車靠著石階 你的影子先走進人海
[Chorus] 海風認得你　吹過你的衣領 也認得那年　我們走過的風景 你說有空再見　我笑著說一定 有些人的再見 其實不需要約定
海風認得你　我假裝沒有聽 遠方的船燈　一盞一盞亮起 你走過長長街景　沒有回頭找尋 我把最後那句話 留給今晚的潮汐
[Outro] 桌上還剩半杯冰 窗外黃昏已經安靜 我忽然覺得很慶幸 多年以後遇見你
沒有重新開始的約定 也沒有誰辜負曾經 只是海風吹過屋頂 而我終於笑著聽
留言（ 9 ） 最相關留言 所有留言
留言（ 9 ）",2026-09-22,,AI 生成 Pop,False,False,
2026-09-24 04:39:54,realtime,ai_generated,,,44,tackey747,[긁어봐],1,41,0,https://streetvoice.com/tackey747/songs/880703/,https://streetvoice.com/tackey747/,"https://akstatic.streetvoice.com/song_covers/ta/ck/tackey747/exfau7zphQXi54RCgUH62B.jpeg?x-oss-process=image/resize,m_fill,h_400,w_400,limit_0",images/880703.jpeg,@tackey747,音樂人,,,,42,7,,,,https://www.youtube.com/user/StreetVoiceTV,,,Singer / Songwriter,[幸運正在路上],https://streetvoice.com/tackey747/songs/album/97326003/,,"【긁어봐 】 #刮刮樂音樂  #獎金音樂  #scratchcard music  #prize music 
【긁어봐 】 #刮刮樂音樂  #獎金音樂  #scratchcard music  #prize music","她推門進來 笑得像春天 及肩長髮輕輕晃 眼睛亮又甜 燈光照得透明 彩券整齊排開 玻璃櫃台一字排開 她站得好期待 점원이 그녀에게 건네네 (店員遞給她) 삼백과 오백 (三百和五百) 두 손에 꼬옥 쥐고서 (捧在手心裡) 행운이 오길 기다리네 (像捧著好運來) 她盯住那片銀 呼吸都變慢 심장이 쿵쾅쿵쾅 뛰어와 (心跳一下一下敲在掌心) 指尖先發熱 再狠狠發力 자 (來) 이제 시작해봐 (現在開始吧) 銀漆慢慢裂開 答案快要露底 刮開吧 三百萬 긁어봐 (刮開吧) 오백만 (五百萬) 她的眼睛睜好大 행복이 터져나가 (幸福一下全綻放） 刮開吧 三百萬 긁어봐 (刮開吧) 오백만 (五百萬) 那一聲尖叫飛起來 비명소리 날아올라 像童話落在她身上 細細的沙沙聲 滑過她耳邊 每一寸銀色灰 都褪成碎片 字樣越來越清楚 像命運在發光 1등 당첨 두 글자가 (頭獎大數字) 그녀 눈에 들어왔네 (跳進她目光) 다음 순간 온 세상이 (下一秒整個世界) 그녀를 향해 환호하네 (都替她在歡顏) 꿈만 같아 바래왔던 그 순간 (像做夢一樣期盼的那瞬間) 胸口熱得發燙 像有花在開 모든 좋은 것들이 (好像一切喜歡的) 都正往她身邊來 네게로 다가오네 刮開吧 三百萬 긁어봐 (刮開吧) 오백만 (五百萬) 夢裡最愛的餐點 竟然站在眼前 금빛 축복이 가득해 (金色的祝福把空白都填滿） 她笑得那麼滿足 滿足得發光 시간도 멈춘 것 같아 (連時間都變慢） 那一聲尖叫飛起來 像童話落在她身上 
她推門進來 笑得像春天 及肩長髮輕輕晃 眼睛亮又甜 燈光照得透明 彩券整齊排開 玻璃櫃台一字排開 她站得好期待 점원이 그녀에게 건네네 (店員遞給她) 삼백과 오백 (三百和五百) 두 손에 꼬옥 쥐고서 (捧在手心裡) 행운이 오길 기다리네 (像捧著好運來) 她盯住那片銀 呼吸都變慢 심장이 쿵쾅쿵쾅 뛰어와 (心跳一下一下敲在掌心) 指尖先發熱 再狠狠發力 자 (來) 이제 시작해봐 (現在開始吧) 銀漆慢慢裂開 答案快要露底 刮開吧 三百萬 긁어봐 (刮開吧) 오백만 (五百萬) 她的眼睛睜好大 행복이 터져나가 (幸福一下全綻放） 刮開吧 三百萬 긁어봐 (刮開吧) 오백만 (五百萬) 那一聲尖叫飛起來 비명소리 날아올라 像童話落在她身上 細細的沙沙聲 滑過她耳邊 每一寸銀色灰 都褪成碎片 字樣越來越清楚 像命運在發光 1등 당첨 두 글자가 (頭獎大數字) 그녀 눈에 들어왔네 (跳進她目光) 다음 순간 온 세상이 (下一秒整個世界) 그녀를 향해 환호하네 (都替她在歡顏) 꿈만 같아 바래왔던 그 순간 (像做夢一樣期盼的那瞬間) 胸口熱得發燙 像有花在開 모든 좋은 것들이 (好像一切喜歡的) 都正往她身邊來 네게로 다가오네 刮開吧 三百萬 긁어봐 (刮開吧) 오백만 (五百萬) 夢裡最愛的餐點 竟然站在眼前 금빛 축복이 가득해 (金色的祝福把空白都填滿） 她笑得那麼滿足 滿足得發光 시간도 멈춘 것 같아 (連時間都變慢） 那一聲尖叫飛起來 像童話落在她身上
留言（ 0 ） 最相關留言 所有留言
留言（ 0 ）",2026-09-24,,AI 生成 Singer / Songwriter ・ [幸運正在路上],False,False,
2026-09-24 04:39:54,realtime,ai_generated,,,45,ᐜᐞᒻᐟᑊᐢᕐ ᐜᑊᐩᑋ ᐞᑊ,Chapter 26: The Yoruba Talking Drum | Ṣì Ń Sọ̀rọ̀ (仍在發聲),10,34,5,https://streetvoice.com/walkingwithai/songs/880478/,https://streetvoice.com/walkingwithai/,"https://akstatic.streetvoice.com/song_covers/wa/lk/walkingwithai/oRdJRc668RzEAA7WizT4ez.jpeg?x-oss-process=image/resize,m_fill,h_400,w_400,limit_0",images/880478.jpeg,@walkingwithai,音樂人,,,,176,45,27,,,https://www.youtube.com/user/StreetVoiceTV,,,World,《THE FIRST SOUND》- 最初的聲音,https://streetvoice.com/walkingwithai/songs/album/97326114/,,"《Ṣì Ń Sọ̀rọ》是我《THE FIRST SOUND》音樂史雙書計畫的第 26 章（Chapter 26）主線作品。這一章深刻探討了西非約魯巴族（Yoruba）「說話鼓」（Dùndún）的歷史。如果說書中紀錄了這項樂器如何透過擠壓張力繩來精準模擬約魯巴語的聲調（Tonal Language），那麼這首曲目，便是一場試圖重現這份「會說話的節奏」的聽覺展演。 這首歌的音樂靈感，建立在一連串沉重卻充滿力量的歷史事實上：在美國奴隸制度時期，說話鼓曾因其傳遞真實語言、組織反抗的能力，而被奴隸主明令禁止。這首曲目營造了一場跨越時空的「現場展演」（Live Performance），主角是一位被剝奪家鄉與話語權的非洲後裔。當他的嘴巴被要求噤聲，手中的說話鼓便成了他無法被束縛的雙足與舌頭。 在聲響設計上，主唱採用了傳統的 Ìjálá（讚美詩）與 Ewì（哀歌）的吟唱風格，以無保留的開闊嗓音（Open-throated）與鼓聲進行一場沒有翻譯的對話加入純粹的約魯巴說話鼓（Yoruba Talking Drum）透過擠壓鼓身改變音高的滑音（Tone-bending），鼓聲彷彿在試探、在呼喚。這不是單純的節奏伴奏，而是真正意義上的「鼓語」——當主唱唱出「我是那個聲音無法被阻止的人」，鼓聲便在下一個小節精準重現這句話的音調輪廓。 這不是一首關於屈服的歌，而是一份延續了七百年的宣告。那些曾經試圖封鎖的聲音，如今依然在敲打、依然在訴說。 邀請大家戴上耳機，在這場充滿原始張力與生命力的擊鼓對話中，感受那份超越語言、無法被禁錮的聲響。 #TheDrumThatWouldntStop #Yoruba #TalkingDrum #Dundun #AfricanMusic #音樂史65000年 #FromBoneFlutesToAIPop #StreetVoice #原創音樂 
《Ṣì Ń Sọ̀rọ》是我《THE FIRST SOUND》音樂史雙書計畫的第 26 章（Chapter 26）主線作品。這一章深刻探討了西非約魯巴族（Yoruba）「說話鼓」（Dùndún）的歷史。如果說書中紀錄了這項樂器如何透過擠壓張力繩來精準模擬約魯巴語的聲調（Tonal Language），那麼這首曲目，便是一場試圖重現這份「會說話的節奏」的聽覺展演。
這首歌的音樂靈感，建立在一連串沉重卻充滿力量的歷史事實上：在美國奴隸制度時期，說話鼓曾因其傳遞真實語言、組織反抗的能力，而被奴隸主明令禁止。這首曲目營造了一場跨越時空的「現場展演」（Live Performance），主角是一位被剝奪家鄉與話語權的非洲後裔。當他的嘴巴被要求噤聲，手中的說話鼓便成了他無法被束縛的雙足與舌頭。
在聲響設計上，主唱採用了傳統的 Ìjálá（讚美詩）與 Ewì（哀歌）的吟唱風格，以無保留的開闊嗓音（Open-throated）與鼓聲進行一場沒有翻譯的對話加入純粹的約魯巴說話鼓（Yoruba Talking Drum）透過擠壓鼓身改變音高的滑音（Tone-bending），鼓聲彷彿在試探、在呼喚。這不是單純的節奏伴奏，而是真正意義上的「鼓語」——當主唱唱出「我是那個聲音無法被阻止的人」，鼓聲便在下一個小節精準重現這句話的音調輪廓。
這不是一首關於屈服的歌，而是一份延續了七百年的宣告。那些曾經試圖封鎖的聲音，如今依然在敲打、依然在訴說。
邀請大家戴上耳機，在這場充滿原始張力與生命力的擊鼓對話中，感受那份超越語言、無法被禁錮的聲響。
#TheDrumThatWouldntStop #Yoruba #TalkingDrum #Dundun #AfricanMusic #音樂史65000年 #FromBoneFlutesToAIPop #StreetVoice #原創音樂","Èmi ni ẹni tí ohùn rẹ̀ kò lè dá dúró Èmi ni ọmọ tí wọ́n rò pé wọ́n ti pa lẹ́nu mọ́ Ọmọ ilẹ̀ jíjìn, ọ̀run gbòrò -- mo rìn ju bí ẹsẹ̀ ṣe lè rìn Ilù mi ni ẹsẹ̀ mi tí a kò lè dè Wọ́n gbé mi lọ jìnnà sí ilé mi -- àmọ́ ohùn mi kò yí padà, ohùn mi kò sọnù Ẹnu mi le è dákẹ́, àmọ́ ọwọ́ mi kò lè Mo ń sọ̀rọ̀ sí i, láéláé -- ìyẹn ni orúkọ mi Mo mọ ohun tí wọ́n bẹ̀rù nínú mi Àti nísisìyí, ẹ gbọ́ mi, ní ọ̀nà tí wọ́n kò lè dá mi dúró Èmi ni ẹni tí ohùn rẹ̀ kò lè dá dúró Èmi ni ọmọ tí wọ́n rò pé wọ́n ti pa lẹ́nu mọ́ àmọ́ mo ń sọ̀rọ̀. Ṣì ń sọ̀rọ̀ Ohùn mi. Ṣì ń sọ̀rọ̀. Ṣì ń rìn, ju bí wọ́n ṣe lè tọpasẹ̀ lọ 我是那個聲音無法被阻止的人 我是那個被以為已經被封口的孩子 遠方土地的孩子，廣闊天空的孩子——我走得比雙腿所能行走的更遠 我的鼓聲就是我無法被束縛的雙足 他們把我帶到離家遙遠的地方——但我的聲音沒有改變，我的聲音沒有消失 我的口或許能沈默，但我的手不能 我仍在繼續訴說，永永遠遠——這就是我的名字 我知道他們在我體內恐懼著什麼 而現在，請聽見我，用他們無法阻止我的方式 我是那個聲音無法被阻止的人 我是那個被以為已經被封口的孩子 但我仍在訴說。仍在訴說 我的聲音。仍在訴說。仍在行走，遠超出他們所能追蹤的足跡 
Èmi ni ẹni tí ohùn rẹ̀ kò lè dá dúró Èmi ni ọmọ tí wọ́n rò pé wọ́n ti pa lẹ́nu mọ́
Ọmọ ilẹ̀ jíjìn, ọ̀run gbòrò -- mo rìn ju bí ẹsẹ̀ ṣe lè rìn Ilù mi ni ẹsẹ̀ mi tí a kò lè dè
Wọ́n gbé mi lọ jìnnà sí ilé mi -- àmọ́ ohùn mi kò yí padà, ohùn mi kò sọnù Ẹnu mi le è dákẹ́, àmọ́ ọwọ́ mi kò lè Mo ń sọ̀rọ̀ sí i, láéláé -- ìyẹn ni orúkọ mi
Mo mọ ohun tí wọ́n bẹ̀rù nínú mi Àti nísisìyí, ẹ gbọ́ mi, ní ọ̀nà tí wọ́n kò lè dá mi dúró
Èmi ni ẹni tí ohùn rẹ̀ kò lè dá dúró Èmi ni ọmọ tí wọ́n rò pé wọ́n ti pa lẹ́nu mọ́ àmọ́ mo ń sọ̀rọ̀. Ṣì ń sọ̀rọ̀
Ohùn mi. Ṣì ń sọ̀rọ̀. Ṣì ń rìn, ju bí wọ́n ṣe lè tọpasẹ̀ lọ
我是那個聲音無法被阻止的人 我是那個被以為已經被封口的孩子
遠方土地的孩子，廣闊天空的孩子——我走得比雙腿所能行走的更遠 我的鼓聲就是我無法被束縛的雙足
他們把我帶到離家遙遠的地方——但我的聲音沒有改變，我的聲音沒有消失 我的口或許能沈默，但我的手不能 我仍在繼續訴說，永永遠遠——這就是我的名字
我知道他們在我體內恐懼著什麼 而現在，請聽見我，用他們無法阻止我的方式
我是那個聲音無法被阻止的人 我是那個被以為已經被封口的孩子 但我仍在訴說。仍在訴說
我的聲音。仍在訴說。仍在行走，遠超出他們所能追蹤的足跡
留言（ 5 ） 最相關留言 所有留言
留言（ 5 ）",2026-09-21,,AI 生成 World ・ 《THE FIRST SOUND》- 最初的聲音,False,False,
2026-09-24 04:39:54,realtime,ai_generated,,,46,🔱AL ren,膽小鬼｜台語｜Coward,13,34,3,https://streetvoice.com/arlen12345/songs/880525/,https://streetvoice.com/arlen12345/,"https://akstatic.streetvoice.com/song_covers/ar/le/arlen12345/8uaWj5LgqA5K3tJENScnjv.jpg?x-oss-process=image/resize,m_fill,h_400,w_400,limit_0",images/880525.jpg,@arlen12345,音樂人,高雄市,2024-09-01,,59,45,95,,,https://www.youtube.com/user/StreetVoiceTV,,,Folk,,,,"🔱ALren 台語情歌誌 👉 https://www.youtube.com/@ALren ⸻ 《膽小鬼｜Coward》 【歌曲故事】 有些話，年輕時總以為還有很多機會，沒想到一留，就留了好多年。 《膽小鬼》寫的是我學生時代的一段心情。那時上課轉著鉛筆，放學和她沿路慢慢走；明明有話想說，最後卻只停在嘴邊。多年後再談起從前，彼此仍是一句熟悉的「老同學」。 現在回頭看，遺憾不是誰辜負了誰，只是當時的我少了一點勇氣。這首歌不是想改變什麼，只是替那段沒有說完的青春，輕輕補上一句話，然後各自往前走。 ⸻ 詞／曲：🔱AL ren 演唱：suno_ALren voice 
🔱ALren 台語情歌誌 👉 https://www.youtube.com/@ALren
https://www.youtube.com/@ALren
⸻
《膽小鬼｜Coward》
【歌曲故事】
有些話，年輕時總以為還有很多機會，沒想到一留，就留了好多年。
《膽小鬼》寫的是我學生時代的一段心情。那時上課轉著鉛筆，放學和她沿路慢慢走；明明有話想說，最後卻只停在嘴邊。多年後再談起從前，彼此仍是一句熟悉的「老同學」。
現在回頭看，遺憾不是誰辜負了誰，只是當時的我少了一點勇氣。這首歌不是想改變什麼，只是替那段沒有說完的青春，輕輕補上一句話，然後各自往前走。
⸻
詞／曲：🔱AL ren 演唱：suno_ALren voice","【雙語歌詞】 【Verse 1】 手咧旋鉛筆　　　　　　［手裡轉著鉛筆］ 偷看妳的背影　　　　　［偷看妳的背影］ 老師講啥物　　　　　　［老師在說什麼］ 阮半字無聽　　　　　　［我半個字也沒聽］ 想著昨昏放學　　　　　［想起昨天放學］ 咱沿路慢慢仔行　　　　［我們沿路慢慢走］ 妳講甲笑微微　　　　　［妳說得笑咪咪］ 阮的心跳袂停　　　　　［我的心跳個不停］ 【Pre-Chorus】 我意愛妳　　　　　　　［我喜歡妳］ 藏佇喙尾邊　　　　　　［藏在嘴邊］ 話到喙焦　　　　　　　［話到了嘴邊］ 又閣吞落去　　　　　　［卻又吞了回去］ 想欲牽妳的手　　　　　［想牽妳的手］ 又驚妳閃避　　　　　　［又怕妳躲開］ 彼時阮的勇氣　　　　　［那時我的勇氣］ 毋知走去佗位　　　　　［不知跑去哪裡］ 【Chorus】 毋是妳無等　　　　　　［不是妳沒有等］ 是阮無勇氣　　　　　　［是我沒有勇氣］ 毋是緣分薄　　　　　　［不是緣分太薄］ 是阮毋敢開喙　　　　　［是我不敢開口］ 想欲牽妳的手　　　　　［想牽妳的手］ 連行倚妳攏毋敢　　　　［連走近妳都不敢］ 原來彼个臭術仔　　　　［原來那個膽小鬼］ 一直攏是阮家己　　　　［一直都是我自己］ 若是彼當時　　　　　　［如果那個時候］ 阮有講出我愛妳　　　　［我有說出我愛妳］ 今仔日妳敢會　　　　　［今天妳是否］ 猶佇阮的身邊　　　　　［還在我的身邊］ 可惜青春袂倒轉　　　　［可惜青春不會倒轉］ 緣分無重來　　　　　　［緣分不會重來］ 彼句我愛妳　　　　　　［那句我愛妳］ 到今猶藏佇心內　　　　［至今仍藏在心裡］ 【Verse 2】 今仔日旋鉛筆　　　　　［今天轉著鉛筆］ 講起咱的過去　　　　　［說起我們的過去］ 同學笑阮憨　　　　　　［同學笑我傻］ 阮嘛無介意　　　　　　［我也不在意］ 妳講咱到今嘛　　　　　［妳說我們到現在］ 猶原是好知己　　　　　［依然是好知己］ 一句老同學　　　　　　［一句老同學］ 又共阮推轉彼時　　　　［又把我推回那時］ 【Bridge】 欸　若毋是彼時　　　　［唉　如果不是那時］ 阮遐爾見笑　　　　　　［我那麼害羞］ 妳敢會早就是　　　　　［妳是否早已成為］ 阮一生的牽手　　　　　［我一生的伴侶］ 欸　好啦阮惦惦　　　　［唉　好吧我安靜］ 往事莫閣準講　　　　　［往事別再假設］ 有的人適合掛念　　　　［有些人適合想念］ 無一定適合做牽手　　　［不一定適合做伴侶］ 【Final Chorus】 少年有笑有夢　　　　　［青春有笑有夢］ 嘛有一寡後悔　　　　　［也有一些後悔］ 歲月一路行　　　　　　［歲月一路走］ 才知錯過的代價　　　　［才懂錯過的代價］ 我為當年的無膽　　　　［我為當年的膽小］ 向妳講一聲失禮　　　　［向妳說一聲抱歉］ 毋免替阮等待　　　　　［不必再等我］ 毋免替阮後悔　　　　　［不必替我後悔］ 我真正愛過妳　　　　　［我真的愛過妳］ 這句毋是挽回　　　　　［這句不是為了挽回］ 只是彼時的阮　　　　　［只是那時的我］ 欠妳一个坦白　　　　　［欠妳一個坦白］ 妳行妳的幸福　　　　　［妳走向妳的幸福］ 阮行阮的未來　　　　　［我走向我的未來］ 講煞這句了後　　　　　［說完這句以後］ 咱攏免閣歹勢　　　　　［我們都不必再抱歉］ 【Outro】 我真正愛過妳　　　　　［我真的愛過妳］ 今仔日總算講出喙　　　［今天總算說出口］ 這擺阮放妳行　　　　　［這次我放妳離開］ 嘛放過阮家己　　　　　［也放過我自己］ 
【雙語歌詞】
【Verse 1】
手咧旋鉛筆　　　　　　［手裡轉著鉛筆］ 偷看妳的背影　　　　　［偷看妳的背影］ 老師講啥物　　　　　　［老師在說什麼］ 阮半字無聽　　　　　　［我半個字也沒聽］ 想著昨昏放學　　　　　［想起昨天放學］ 咱沿路慢慢仔行　　　　［我們沿路慢慢走］ 妳講甲笑微微　　　　　［妳說得笑咪咪］ 阮的心跳袂停　　　　　［我的心跳個不停］
【Pre-Chorus】
我意愛妳　　　　　　　［我喜歡妳］ 藏佇喙尾邊　　　　　　［藏在嘴邊］ 話到喙焦　　　　　　　［話到了嘴邊］ 又閣吞落去　　　　　　［卻又吞了回去］ 想欲牽妳的手　　　　　［想牽妳的手］ 又驚妳閃避　　　　　　［又怕妳躲開］ 彼時阮的勇氣　　　　　［那時我的勇氣］ 毋知走去佗位　　　　　［不知跑去哪裡］
【Chorus】
毋是妳無等　　　　　　［不是妳沒有等］ 是阮無勇氣　　　　　　［是我沒有勇氣］ 毋是緣分薄　　　　　　［不是緣分太薄］ 是阮毋敢開喙　　　　　［是我不敢開口］ 想欲牽妳的手　　　　　［想牽妳的手］ 連行倚妳攏毋敢　　　　［連走近妳都不敢］ 原來彼个臭術仔　　　　［原來那個膽小鬼］ 一直攏是阮家己　　　　［一直都是我自己］
若是彼當時　　　　　　［如果那個時候］ 阮有講出我愛妳　　　　［我有說出我愛妳］ 今仔日妳敢會　　　　　［今天妳是否］ 猶佇阮的身邊　　　　　［還在我的身邊］ 可惜青春袂倒轉　　　　［可惜青春不會倒轉］ 緣分無重來　　　　　　［緣分不會重來］ 彼句我愛妳　　　　　　［那句我愛妳］ 到今猶藏佇心內　　　　［至今仍藏在心裡］
【Verse 2】
今仔日旋鉛筆　　　　　［今天轉著鉛筆］ 講起咱的過去　　　　　［說起我們的過去］ 同學笑阮憨　　　　　　［同學笑我傻］ 阮嘛無介意　　　　　　［我也不在意］ 妳講咱到今嘛　　　　　［妳說我們到現在］ 猶原是好知己　　　　　［依然是好知己］ 一句老同學　　　　　　［一句老同學］ 又共阮推轉彼時　　　　［又把我推回那時］
【Bridge】
欸　若毋是彼時　　　　［唉　如果不是那時］ 阮遐爾見笑　　　　　　［我那麼害羞］ 妳敢會早就是　　　　　［妳是否早已成為］ 阮一生的牽手　　　　　［我一生的伴侶］ 欸　好啦阮惦惦　　　　［唉　好吧我安靜］ 往事莫閣準講　　　　　［往事別再假設］ 有的人適合掛念　　　　［有些人適合想念］ 無一定適合做牽手　　　［不一定適合做伴侶］
【Final Chorus】
少年有笑有夢　　　　　［青春有笑有夢］ 嘛有一寡後悔　　　　　［也有一些後悔］ 歲月一路行　　　　　　［歲月一路走］ 才知錯過的代價　　　　［才懂錯過的代價］ 我為當年的無膽　　　　［我為當年的膽小］ 向妳講一聲失禮　　　　［向妳說一聲抱歉］ 毋免替阮等待　　　　　［不必再等我］ 毋免替阮後悔　　　　　［不必替我後悔］
我真正愛過妳　　　　　［我真的愛過妳］ 這句毋是挽回　　　　　［這句不是為了挽回］ 只是彼時的阮　　　　　［只是那時的我］ 欠妳一个坦白　　　　　［欠妳一個坦白］ 妳行妳的幸福　　　　　［妳走向妳的幸福］ 阮行阮的未來　　　　　［我走向我的未來］ 講煞這句了後　　　　　［說完這句以後］ 咱攏免閣歹勢　　　　　［我們都不必再抱歉］
【Outro】
我真正愛過妳　　　　　［我真的愛過妳］ 今仔日總算講出喙　　　［今天總算說出口］ 這擺阮放妳行　　　　　［這次我放妳離開］ 嘛放過阮家己　　　　　［也放過我自己］
留言（ 3 ） 最相關留言 所有留言
留言（ 3 ）",2026-09-21,,AI 生成 Folk,False,False,
2026-09-24 04:39:54,realtime,ai_generated,,,47,MoonX 慕斯,仙歌《山海經》|  Shan Hai Jing : Classic of Mountains and Seas,15,13,7,https://streetvoice.com/MoonX_0325/songs/880609/,https://streetvoice.com/MoonX_0325/,"https://akstatic.streetvoice.com/song_covers/Mo/on/MoonX_0325/HV4xxWzcvRwk3TwRqpDp4T.jpeg?x-oss-process=image/resize,m_fill,h_400,w_400,limit_0",images/880609.jpeg,@MoonX_0325,音樂人,高雄市,2026-07-01,,31,44,179,,,https://www.youtube.com/user/StreetVoiceTV,,,World,《仙歌》Xian Ge,https://streetvoice.com/MoonX_0325/songs/album/97325873/,,"「天地未分，混沌未分；翻開一頁，便是山海奇。」 本曲以中國古代神話史詩《山海經》為靈感核心，融合大氣磅礡的民族器樂與現代流行管弦編曲。從「燭龍睜眼」到「精衛填海」，將千年間流傳的奇禽異獸與遠古傳說，化作穿透時空的旋律。 全曲結合 Suno AI 編曲製作與個人 AI 克隆人聲（Voice Model），在空靈清亮的歌聲中，帶領聽眾踏入一幅宏大的東方神話畫卷。若時間真有另一篇天地，願以此歌，化作山海交錯間的一筆記憶。 https://youtu.be/n47TETZ2dKc 
「天地未分，混沌未分；翻開一頁，便是山海奇。」
本曲以中國古代神話史詩《山海經》為靈感核心，融合大氣磅礡的民族器樂與現代流行管弦編曲。從「燭龍睜眼」到「精衛填海」，將千年間流傳的奇禽異獸與遠古傳說，化作穿透時空的旋律。
全曲結合 Suno AI 編曲製作與個人 AI 克隆人聲（Voice Model），在空靈清亮的歌聲中，帶領聽眾踏入一幅宏大的東方神話畫卷。若時間真有另一篇天地，願以此歌，化作山海交錯間的一筆記憶。
https://youtu.be/n47TETZ2dKc
https://youtu.be/n47TETZ2dKc","動態歌詞
天地未分　混沌未醒 日月沉浮　萬獸無名 誰在崑崙之巔留下足跡 翻開一頁 便是山海經 東海之外　有獸長鳴 踏過雲霞　驚醒滿天星 九尾藏在青丘月影 燭龍睜眼　晝夜忽明 鯤沉北冥　萬里無聲 化鵬扶搖　直上九重天門 應龍振翼　風雨同行 誰把千年的故事刻進年輪 我走過招搖山的草木 聽見遠古神明的腳步 一卷殘書　一盞孤燭 寫不完這天地萬物 聽~ 遠方傳來誰的低吟 看~ 星河倒映萬獸之靈 若世間真有另一片天地 就讓我走進這本山海經 山有靈　海有命 萬獸藏於天地之境 一頁風　一頁雨 一筆寫盡千年光陰 山海經　山海經 誰在洪荒呼喚我的姓名 若神話終究只剩傳奇 我願化作其中一筆 留在山海經 精衛銜石　飛越滄海 夸父逐日　未曾停下來 刑天無首　仍戰塵埃 女媧補天　五色石開 白澤知曉　天下妖靈 鳳凰浴火　百鳥皆鳴 麒麟踏過　不染凡塵 玄龜背起一座天地乾坤 千百年的風吹過古城 多少名字再無人聽聞 可當月光照上崑崙 沉睡的神獸再次轉身 若我乘風　越過東海 若我御劍　登上天外 問一句遠古的神明 這世間可還有蓬萊 鐘聲響起　萬山皆靜 星辰落下　照亮古經 合上書卷　夢還未醒 耳邊仍有萬獸長鳴 山有靈　海有命 萬獸穿越千年的夢境 一頁生　一頁滅 一筆畫開天地界線 山海經　山海經 洪荒之中誰留下姓名 縱然歲月抹去所有痕跡 神話依然藏在這裡 山海經~ 山海經~ 山~海~經~ 
天地未分　混沌未醒 日月沉浮　萬獸無名 誰在崑崙之巔留下足跡 翻開一頁 便是山海經 東海之外　有獸長鳴 踏過雲霞　驚醒滿天星 九尾藏在青丘月影 燭龍睜眼　晝夜忽明 鯤沉北冥　萬里無聲 化鵬扶搖　直上九重天門 應龍振翼　風雨同行 誰把千年的故事刻進年輪 我走過招搖山的草木 聽見遠古神明的腳步 一卷殘書　一盞孤燭 寫不完這天地萬物 聽~ 遠方傳來誰的低吟 看~ 星河倒映萬獸之靈 若世間真有另一片天地 就讓我走進這本山海經 山有靈　海有命 萬獸藏於天地之境 一頁風　一頁雨 一筆寫盡千年光陰 山海經　山海經 誰在洪荒呼喚我的姓名 若神話終究只剩傳奇 我願化作其中一筆 留在山海經 精衛銜石　飛越滄海 夸父逐日　未曾停下來 刑天無首　仍戰塵埃 女媧補天　五色石開 白澤知曉　天下妖靈 鳳凰浴火　百鳥皆鳴 麒麟踏過　不染凡塵 玄龜背起一座天地乾坤 千百年的風吹過古城 多少名字再無人聽聞 可當月光照上崑崙 沉睡的神獸再次轉身 若我乘風　越過東海 若我御劍　登上天外 問一句遠古的神明 這世間可還有蓬萊 鐘聲響起　萬山皆靜 星辰落下　照亮古經 合上書卷　夢還未醒 耳邊仍有萬獸長鳴 山有靈　海有命 萬獸穿越千年的夢境 一頁生　一頁滅 一筆畫開天地界線 山海經　山海經 洪荒之中誰留下姓名 縱然歲月抹去所有痕跡 神話依然藏在這裡 山海經~ 山海經~ 山~海~經~
留言（ 7 ） 最相關留言 所有留言
留言（ 7 ）",2026-09-22,,AI 生成 World ・ 《仙歌》Xian Ge,False,False,
2026-09-24 04:39:54,realtime,ai_generated,,,48,建億小哥,電機人員請注意(精簡版),2,9,0,https://streetvoice.com/jackychen680108/songs/880646/,https://streetvoice.com/jackychen680108/,"https://akstatic.streetvoice.com/song_covers/ja/ck/jackychen680108/NY3Y9H3Ry3QBdNhNc39Yas.jpeg?x-oss-process=image/resize,m_fill,h_400,w_400,limit_0",images/880646.jpeg,@jackychen680108,音樂人,新北市,2018-10-01,,13,4,4,,,https://www.youtube.com/user/StreetVoiceTV,,,Hip hop / Rap,,,,"電機人員請注意(精簡版) 詞曲重新編輯 希望你可以聽出來像模仿誰的風格 我覺得自己弄的像Gummy B 希望聽到的人能提供寫意見 
電機人員請注意(精簡版) 詞曲重新編輯 希望你可以聽出來像模仿誰的風格 我覺得自己弄的像Gummy B 希望聽到的人能提供寫意見","<前奏> 電機人員請注意！電錶、探針就位！開關切換，安全到位！ 小電路到大電網，！電源開啟，壓低電壓，準備高壓震撼！ <主歌1> 電機人員請注意， 國民守則第一條，電壓等於電流乘電阻，叫作歐姆定律。 三用電錶在手，確認電路通不通。 右手定則掌方向，大拇指電流，四指是磁場。 戴維寧、諾頓，電路原理全部掌握。 二極體、電晶體，順偏逆偏、截止飽和切換。 運算放大器，訊號放大，震撼微弱訊號。 電容濾波，穩壓晶片壓住波動，穩定運轉系統。 <副歌> 電機人員請注意！ 三用電錶拿在手！小電路到大電網，軟硬體一起動！ 示波器，配電流，微積分、微分方程，邏輯通！ 三電一工，零與壹 數位世界！驅動科技 掌控核心！ <主歌2> 電磁波空間。微積分、線性代數、複變函數，工程數學迎面。 拉普拉斯解構時間動態。阻抗匹配，鎖定 線相位。 變壓器、感應馬達高速運轉，轉進大電力。 磁場旋轉產生扭力，驅動能量電機機械。 閉迴路 自動控制，機械手臂精準運轉。 開迴路 閉迴路 狀態 掌握系統動態！ <橋段> 電機人員請注意！發電 輸電 變電 配電 短路電流、過載保護，潮流計算，赫茲守住電力。 高低壓開關箱，比壓器、比流器，配電系統包辦。 精密量測，電子電力資訊控制，科電力技世界！ <主歌3> 絕緣測試、接地電阻、斷路器防護，配電盤前守住防護。 工作接地、保護接地、雷擊接地，安全是基本底線。 邏輯閘、匯流排、暫存器，架構微控制。嵌入雲端。 過流、過壓不要怕，突波吸收器守住電路板。 高頻雜訊拉回。邏輯閘啟動前行！ <尾奏> 電機人員請注意，發電 輸電 變電 配電 電子電力電路系統、軟硬體一起動！ 電壓、電流、電阻，微積分，數學、整合！平衡運行！ 高斯、法拉第、亨利、法拉，焦耳、瓦特 肅然起敬 我會努力學會電機 一路向前！ 
<前奏> 電機人員請注意！電錶、探針就位！開關切換，安全到位！ 小電路到大電網，！電源開啟，壓低電壓，準備高壓震撼！ <主歌1> 電機人員請注意， 國民守則第一條，電壓等於電流乘電阻，叫作歐姆定律。 三用電錶在手，確認電路通不通。 右手定則掌方向，大拇指電流，四指是磁場。 戴維寧、諾頓，電路原理全部掌握。 二極體、電晶體，順偏逆偏、截止飽和切換。 運算放大器，訊號放大，震撼微弱訊號。 電容濾波，穩壓晶片壓住波動，穩定運轉系統。 <副歌> 電機人員請注意！ 三用電錶拿在手！小電路到大電網，軟硬體一起動！ 示波器，配電流，微積分、微分方程，邏輯通！ 三電一工，零與壹 數位世界！驅動科技 掌控核心！ <主歌2> 電磁波空間。微積分、線性代數、複變函數，工程數學迎面。 拉普拉斯解構時間動態。阻抗匹配，鎖定 線相位。 變壓器、感應馬達高速運轉，轉進大電力。 磁場旋轉產生扭力，驅動能量電機機械。 閉迴路 自動控制，機械手臂精準運轉。 開迴路 閉迴路 狀態 掌握系統動態！ <橋段> 電機人員請注意！發電 輸電 變電 配電 短路電流、過載保護，潮流計算，赫茲守住電力。 高低壓開關箱，比壓器、比流器，配電系統包辦。 精密量測，電子電力資訊控制，科電力技世界！ <主歌3> 絕緣測試、接地電阻、斷路器防護，配電盤前守住防護。 工作接地、保護接地、雷擊接地，安全是基本底線。 邏輯閘、匯流排、暫存器，架構微控制。嵌入雲端。 過流、過壓不要怕，突波吸收器守住電路板。 高頻雜訊拉回。邏輯閘啟動前行！ <尾奏> 電機人員請注意，發電 輸電 變電 配電 電子電力電路系統、軟硬體一起動！ 電壓、電流、電阻，微積分，數學、整合！平衡運行！ 高斯、法拉第、亨利、法拉，焦耳、瓦特 肅然起敬 我會努力學會電機 一路向前！
留言（ 0 ） 最相關留言 所有留言
留言（ 0 ）",2026-09-22,,AI 生成 Hip hop / Rap,False,False,
2026-09-24 04:39:54,realtime,ai_generated,,,49,Junna Lin,《一葉輕舟》,22,183,17,https://streetvoice.com/Junna_Lin/songs/879404/,https://streetvoice.com/Junna_Lin/,"https://akstatic.streetvoice.com/song_covers/Ju/nn/Junna_Lin/CgBLhckFSvHLsNaGMTv8hA.jpeg?x-oss-process=image/resize,m_fill,h_400,w_400,limit_0",images/879404.jpeg,@Junna_Lin,音樂人,,,2026-08-18 10:03,126,80,128,,,https://www.youtube.com/@JunnaLinMusic,,,Pop,《清照易安》,https://streetvoice.com/Junna_Lin/songs/album/97325910/,,"《一葉輕舟》靈感來自李清照《武陵春・春晚》。 「物是人非事事休，欲語淚先流。」 春天依舊，花仍會開，水仍向前流，世間萬物彷彿沒有改變。真正不同的，只是曾經陪在身邊的人，已經不在了。 她聽說雙溪春色正好，也曾想乘一葉小舟出去走走，也許換一處風景，就能暫時放下心中的愁。 可是有些悲傷，並不會因為離開原地就消失。 「只恐雙溪舴艋舟，載不動許多愁。」 《一葉輕舟》從這個意象出發，把「愁」寫成一種真正有重量的東西。 她想把沒說完的話交給流水，把往事留在身後；可當河面映出熟悉的記憶，才發現越想向前，那些曾經反而越清楚。 不是船太小，而是回憶太重。 一葉輕舟可以載著一個人遠行，卻未必載得走失去、思念，以及那些再也回不來的歲月。 所以歌曲最後，她仍然選擇上船。 不是因為已經放下，而是開始明白，有些往事不一定要被遺忘。 若帶不走，就讓它陪著自己繼續往前。 花落無聲，水向東流。 舟載著人，而愁，也載著舟。 👍 留下你的感覺或故事，我會看！ 👍 喜歡請按讚分享支持 【社群連結】 🎧 聽我的音樂： Spotify ▶ https://open.spotify.com/artist/1OFRgx5K1gftd7jvLV1EsS YouTube Music ▶ https://music.youtube.com/channel/UCnpKLh9e73Mb7N2NPDnMzrQ ▶️ 訂閱我的頻道： YouTube ▶ https://www.youtube.com/@JunnaLinMusic YouTube ▶ https://www.youtube.com/@SeoNarinMusic 📌 版權聲明 / Copyright Notice 本作品之歌詞、歌曲概念、旋律方向與影像設計由 Junna Lin 原創製作。 音樂成品使用 AI 音樂工具生成，並由本人整理與發布。 Lyrics, concept, melody direction, and visual design are originally created by Junna Lin. The final music was generated using AI music tools and published by Junna Lin. 請勿未經授權使用、重製或重新上傳。 Unauthorized use, reproduction, or re-upload is prohibited. © Junna Lin. All Rights Reserved. 🎤 演唱:AI ✍️ 詞:Junna Lin 🎼 曲:Junna Lin 🎧 建議在深夜或戴上耳機聆聽，感受每一層情緒 
《一葉輕舟》靈感來自李清照《武陵春・春晚》。
「物是人非事事休，欲語淚先流。」
春天依舊，花仍會開，水仍向前流，世間萬物彷彿沒有改變。真正不同的，只是曾經陪在身邊的人，已經不在了。
她聽說雙溪春色正好，也曾想乘一葉小舟出去走走，也許換一處風景，就能暫時放下心中的愁。
可是有些悲傷，並不會因為離開原地就消失。
「只恐雙溪舴艋舟，載不動許多愁。」
《一葉輕舟》從這個意象出發，把「愁」寫成一種真正有重量的東西。
她想把沒說完的話交給流水，把往事留在身後；可當河面映出熟悉的記憶，才發現越想向前，那些曾經反而越清楚。
不是船太小，而是回憶太重。
一葉輕舟可以載著一個人遠行，卻未必載得走失去、思念，以及那些再也回不來的歲月。
所以歌曲最後，她仍然選擇上船。
不是因為已經放下，而是開始明白，有些往事不一定要被遺忘。
若帶不走，就讓它陪著自己繼續往前。
花落無聲，水向東流。 舟載著人，而愁，也載著舟。
👍 留下你的感覺或故事，我會看！ 👍 喜歡請按讚分享支持
【社群連結】 🎧 聽我的音樂： Spotify ▶ https://open.spotify.com/artist/1OFRgx5K1gftd7jvLV1EsS YouTube Music ▶ https://music.youtube.com/channel/UCnpKLh9e73Mb7N2NPDnMzrQ
https://open.spotify.com/artist/1OFRgx5K1gftd7jvLV1EsS
https://music.youtube.com/channel/UCnpKLh9e73Mb7N2NPDnMzrQ
▶️ 訂閱我的頻道： YouTube ▶ https://www.youtube.com/@JunnaLinMusic YouTube ▶ https://www.youtube.com/@SeoNarinMusic
https://www.youtube.com/@JunnaLinMusic
https://www.youtube.com/@SeoNarinMusic
📌 版權聲明 / Copyright Notice
本作品之歌詞、歌曲概念、旋律方向與影像設計由 Junna Lin 原創製作。 音樂成品使用 AI 音樂工具生成，並由本人整理與發布。
Lyrics, concept, melody direction, and visual design are originally created by Junna Lin. The final music was generated using AI music tools and published by Junna Lin.
請勿未經授權使用、重製或重新上傳。 Unauthorized use, reproduction, or re-upload is prohibited.
© Junna Lin. All Rights Reserved.
🎤 演唱:AI ✍️ 詞:Junna Lin 🎼 曲:Junna Lin
🎧 建議在深夜或戴上耳機聆聽，感受每一層情緒","動態歌詞
風停在昨夜的樓 花落盡 無人再收 鏡前的人忘了梳頭 怕一抬眼 又見從前溫柔 門外春色依舊 門裡只剩等候 想說的話才到心口 淚已替我 先開了頭 人間萬物沒有錯 只是你不在以後 每一個尋常的時候 都變成了愁 我想借一葉輕舟 去往春天的盡頭 把所有沒說完的話 交給水 慢慢帶走 可那河面太溫柔 照見你曾經的眼眸 才知道再輕的船 也載不動 這許多愁 聽說雙溪春正濃 岸邊又綠了楊柳 我也曾想隨波遠走 讓風替我 吹散離愁 可是花開如舊 故人不會回頭 那條水路越向前流 越把往事 送回胸口 人間萬物都依舊 只是我們已錯過 若回憶也有重量 我要如何放手 我想借一葉輕舟 去往春天的盡頭 把所有沒說完的話 交給水 慢慢帶走 可那河面太溫柔 照見你曾經的眼眸 才知道再輕的船 也載不動 這許多愁 若有一天雨停了 我還會不會想你呢 也許不是我不肯走 是愛過的人 早已住進歲月 再也無法割捨 我仍借一葉輕舟 去往春天的盡頭 若往事終究帶不走 就讓它陪著我漂流 天色落進江中 舟載著我 愁載著舟 花落無聲 水向東流 
風停在昨夜的樓 花落盡 無人再收 鏡前的人忘了梳頭 怕一抬眼 又見從前溫柔 門外春色依舊 門裡只剩等候 想說的話才到心口 淚已替我 先開了頭 人間萬物沒有錯 只是你不在以後 每一個尋常的時候 都變成了愁 我想借一葉輕舟 去往春天的盡頭 把所有沒說完的話 交給水 慢慢帶走 可那河面太溫柔 照見你曾經的眼眸 才知道再輕的船 也載不動 這許多愁 聽說雙溪春正濃 岸邊又綠了楊柳 我也曾想隨波遠走 讓風替我 吹散離愁 可是花開如舊 故人不會回頭 那條水路越向前流 越把往事 送回胸口 人間萬物都依舊 只是我們已錯過 若回憶也有重量 我要如何放手 我想借一葉輕舟 去往春天的盡頭 把所有沒說完的話 交給水 慢慢帶走 可那河面太溫柔 照見你曾經的眼眸 才知道再輕的船 也載不動 這許多愁 若有一天雨停了 我還會不會想你呢 也許不是我不肯走 是愛過的人 早已住進歲月 再也無法割捨 我仍借一葉輕舟 去往春天的盡頭 若往事終究帶不走 就讓它陪著我漂流 天色落進江中 舟載著我 愁載著舟 花落無聲 水向東流
留言（ 17 ） 最相關留言 所有留言
留言（ 17 ）",2026-09-21,,AI 生成 Pop ・ 《清照易安》,False,False,
2026-09-24 04:39:54,realtime,ai_generated,,,50,渏人,曾經有你,6,17,1,https://streetvoice.com/a3778575/songs/880521/,https://streetvoice.com/a3778575/,"https://akstatic.streetvoice.com/song_covers/a3/77/a3778575/PBGd7zqoGPbcz7vSmXoHkV.jpg?x-oss-process=image/resize,m_fill,h_400,w_400,limit_0",images/880521.jpg,@a3778575,音樂人,,,,3,3,,,,https://www.youtube.com/user/StreetVoiceTV,,,Pop,,,,"有些人只陪我們走過一段路，卻悄悄改變了後來的自己。 這首歌寫給那些曾經出現在生命裡的人，謝謝你來過，也謝謝那段曾經。 「只是很慶幸，曾經有你。」 
有些人只陪我們走過一段路，卻悄悄改變了後來的自己。 這首歌寫給那些曾經出現在生命裡的人，謝謝你來過，也謝謝那段曾經。 「只是很慶幸，曾經有你。」","動態歌詞
有些人　來過一段時間 卻讓後來的自己　有了改變 那時候　我們聊著好多事情 從白天　一直說到夜裡 沒有想過　這些普通的片段 有一天　會變得那麼清晰 生活裡　總有一些小事情 讓原本無聊的日子　有了聲音 一句玩笑　一個突然的決定 都讓那段時間　變得很有趣 後來我才慢慢發現 人與人之間　真的很奇妙 有些相遇　沒有預告 卻悄悄改變了我們 曾經有你　出現在我的生命 讓我開始　看見不同的風景 那些看似普通的每一天 也能留下　不一樣的意義 曾經有你　讓我學會去相信 生活不只　是一成不變的日子 就算後來　我們走向不同的路 我也會帶著　那時候的自己 後來的我　還是繼續往前走 有了新的工作　新的朋友 偶爾也會　遇到熟悉的場景 卻發現　自己已經不再相同 有些習慣　慢慢被時間改變 有些想法　也開始有了答案 原來一個人的出現 真的可以讓另一個人　變得不一樣 我不再去計算 我們究竟走了多遠 因為有些事情 不是用時間　就能衡量 曾經有你　出現在我的生命 讓我開始　看見不同的風景 那些看似普通的每一天 也能留下　不一樣的意義 曾經有你　讓我學會去相信 生活不只　是一成不變的日子 就算後來　我們走向不同的路 我也會帶著　那時候的自己 也許人生　就是不停往前 一邊遇見　一邊改變 我們不一定　知道答案 也不一定　能預見終點 但某些人　曾經出現過 就會讓我們　變成現在的模樣 這樣就已經　足夠 曾經有你　出現在我的生命 讓我開始　看見不同的風景 那些曾經走過的每一天 都成了　我現在的一部分 曾經有你　讓我學會去相信 即使一個人　也能繼續前進 未來還有　很長很長的路 我會帶著　這份改變走下去 現在的我　還在過自己的生活 偶爾也會　想起那些時候 沒有遺憾　也沒有什麼要說 只是很慶幸　曾經有你 
有些人　來過一段時間 卻讓後來的自己　有了改變 那時候　我們聊著好多事情 從白天　一直說到夜裡 沒有想過　這些普通的片段 有一天　會變得那麼清晰 生活裡　總有一些小事情 讓原本無聊的日子　有了聲音 一句玩笑　一個突然的決定 都讓那段時間　變得很有趣 後來我才慢慢發現 人與人之間　真的很奇妙 有些相遇　沒有預告 卻悄悄改變了我們 曾經有你　出現在我的生命 讓我開始　看見不同的風景 那些看似普通的每一天 也能留下　不一樣的意義 曾經有你　讓我學會去相信 生活不只　是一成不變的日子 就算後來　我們走向不同的路 我也會帶著　那時候的自己 後來的我　還是繼續往前走 有了新的工作　新的朋友 偶爾也會　遇到熟悉的場景 卻發現　自己已經不再相同 有些習慣　慢慢被時間改變 有些想法　也開始有了答案 原來一個人的出現 真的可以讓另一個人　變得不一樣 我不再去計算 我們究竟走了多遠 因為有些事情 不是用時間　就能衡量 曾經有你　出現在我的生命 讓我開始　看見不同的風景 那些看似普通的每一天 也能留下　不一樣的意義 曾經有你　讓我學會去相信 生活不只　是一成不變的日子 就算後來　我們走向不同的路 我也會帶著　那時候的自己 也許人生　就是不停往前 一邊遇見　一邊改變 我們不一定　知道答案 也不一定　能預見終點 但某些人　曾經出現過 就會讓我們　變成現在的模樣 這樣就已經　足夠 曾經有你　出現在我的生命 讓我開始　看見不同的風景 那些曾經走過的每一天 都成了　我現在的一部分 曾經有你　讓我學會去相信 即使一個人　也能繼續前進 未來還有　很長很長的路 我會帶著　這份改變走下去 現在的我　還在過自己的生活 偶爾也會　想起那些時候 沒有遺憾　也沒有什麼要說 只是很慶幸　曾經有你
留言（ 1 ） 最相關留言 所有留言
留言（ 1 ）",2026-09-21,,AI 生成 Pop,False,False,
