snapshot_time,chart_timeframe,chart_genre,chart_year,chart_week,rank,artist_name,song_title,likes_count,play_count,comments_count,song_url,artist_url,cover_image_url,cover_image_local_path,artist_handle,artist_identity,artist_city,artist_joined_date,artist_accredited_datetime,artist_music_count,artist_fans_count,artist_following_count,artist_facebook_url,artist_instagram_url,artist_youtube_url,related_news,big_thing_appearances,genre,album_title,album_url,collaborators,description,lyrics,release_date,song_accredited_datetime,honors,is_editor_recommended,is_song_of_the_day,critic_review_url
2026-10-05 15:35:20,weekly,hip_hop,2026,40,1,wannasleep,20260907凌晨Freestyle_mp3,85,1833,16,https://streetvoice.com/shu05229970/songs/882344/,https://streetvoice.com/shu05229970/,"https://akstatic.streetvoice.com/song_covers/sh/u0/shu05229970/Nb59sS3vyrDAxDoxm5kTto.jpeg?x-oss-process=image/resize,m_fill,h_400,w_400,limit_0",images/882344.jpeg,@shu05229970,音樂人,台北市,2017-09-01,2021-06-21 20:18,15,9562,19,,,https://youtube.com/channel/UCHoHAP5ODb3LRU5yA458D2w,嘻哈派對「嘻御天閣」9/18 Legacy Taipei登場  艾蜜莉AMILI、wannasleep等9組音樂人輪番登台|||https://blow.streetvoice.com/90056/?utm_source=streetvoice&utm_medium=profile-news-block; 熊仔「人格特化療程→0」出道十週年演唱會 呂士軒、wannasleep同台助陣|||https://blow.streetvoice.com/88992/?utm_source=streetvoice&utm_medium=profile-news-block; 嘻哈廠牌「夜間限定」宣布與wannasleep終止合作 廠牌社群預告停更|||https://blow.streetvoice.com/87908/?utm_source=streetvoice&utm_medium=profile-news-block,,Hip hop / Rap,,,,"編曲 | noizy 其他 | ME 就是睡不著寫專輯也卡住的那天凌晨，ㄏㄏ。 
編曲 | noizy 其他 | ME
就是睡不著寫專輯也卡住的那天凌晨，ㄏㄏ。","難吃的牛肉我切掉再下鍋 沒電燈的房間 沒聲也沒影 你在搞啥 什麼意思當我撒必鼠 白紙黑字怎麼沒寫 翅膀硬了 飛作一隻孤影 少年欸安哪 I’m not 誰的背景板 經典不會被停產 四書 抓著我 餵靈感 五經彷彿在 胃裡翻 幾回鍋底 鏟 一個位子 看見鍋巴 但 deglaze 秘方夠他 賺一輩子 過剩的多巴 胺 激著胃食道 依然為此笑 iamso good at this Better Call Saul handle this Better Call Soryo  make a beat Make a deal前 要學法律 謝謝光臨 但謝指教 I prefer ‘YES CHEF YES NOW’ 來一顆 戒了焦 戒了躁 驗明正身哪能驗得到 足不出戶但淨身出戶 那一能督促 二能數數鈔 若有出入 純屬雷同 盜我帳號 像是雷朋 誰打賴啦但我開著勿擾 開了發票也是開了不少 開了員工 老大不小 開誠佈公？好啦不聊 網內互打往外笑而不答 要是打不還手那是阿李不打 酷酷諧音梗自嘲自產自銷後自刎那也酷啦 哈雷路亞 旭日東昇我也正錄完 早餐店熱紅茶正露丸 乘興而至目前暫不還 誠信贏天下 不然怎辦嗎 難吃的牛肉我切掉再下鍋 沒電燈的房間 沒聲也沒影 你在搞啥 什麼意思當我撒必鼠 白紙黑字怎麼沒寫 翅膀硬了 飛作一隻孤影 少年欸安哪 I’m not 
難吃的牛肉我切掉再下鍋 沒電燈的房間 沒聲也沒影 你在搞啥 什麼意思當我撒必鼠 白紙黑字怎麼沒寫 翅膀硬了 飛作一隻孤影 少年欸安哪
I’m not 誰的背景板 經典不會被停產 四書 抓著我 餵靈感 五經彷彿在 胃裡翻 幾回鍋底 鏟 一個位子 看見鍋巴 但 deglaze 秘方夠他 賺一輩子 過剩的多巴 胺 激著胃食道 依然為此笑 iamso good at this Better Call Saul handle this Better Call Soryo  make a beat Make a deal前 要學法律 謝謝光臨 但謝指教 I prefer ‘YES CHEF YES NOW’ 來一顆 戒了焦 戒了躁 驗明正身哪能驗得到 足不出戶但淨身出戶 那一能督促 二能數數鈔 若有出入 純屬雷同 盜我帳號 像是雷朋 誰打賴啦但我開著勿擾 開了發票也是開了不少 開了員工 老大不小 開誠佈公？好啦不聊 網內互打往外笑而不答 要是打不還手那是阿李不打 酷酷諧音梗自嘲自產自銷後自刎那也酷啦 哈雷路亞 旭日東昇我也正錄完 早餐店熱紅茶正露丸 乘興而至目前暫不還 誠信贏天下 不然怎辦嗎
難吃的牛肉我切掉再下鍋 沒電燈的房間 沒聲也沒影 你在搞啥 什麼意思當我撒必鼠 白紙黑字怎麼沒寫 翅膀硬了 飛作一隻孤影 少年欸安哪 I’m not
留言（ 16 ） 最相關留言 所有留言
留言（ 16 ）",2026-10-03,,編輯推薦,True,False,
2026-10-05 15:35:20,weekly,hip_hop,2026,40,2,林潔心,To-Do List ft.呂允,52,2342,7,https://streetvoice.com/ddkogi/songs/879050/,https://streetvoice.com/ddkogi/,"https://akstatic.streetvoice.com/song_covers/dd/ko/ddkogi/BBGU3tP3HxbTkdxJHk54vK.jpg?x-oss-process=image/resize,m_fill,h_400,w_400,limit_0",images/879050.jpg,@ddkogi,音樂人,新北市,2023-08-01,2023-09-12 13:59,18,3735,13,,https://instagram.com/ddkogi88,https://www.youtube.com/user/StreetVoiceTV,林潔心推出第二張專輯《永恆少年少女》邀呂允合作主打歌〈To-Do List〉|||https://blow.streetvoice.com/89877/?utm_source=streetvoice&utm_medium=profile-news-block; 2025萬華大鬧熱11/29登場！一次集結李英宏、someshiit山姆、林潔心等17組饒舌歌手|||https://blow.streetvoice.com/84565/?utm_source=streetvoice&utm_medium=profile-news-block; 2025 Park Park Carnival首日回顧：林潔心豔陽下帶動「全民喝水運動」、芒果醬參演四年首登主舞台！|||https://blow.streetvoice.com/82722/?utm_source=streetvoice&utm_medium=profile-news-block,,Hip hop / Rap,,,,"「雖然還沒做到，但我一定可以！」To-Do list 不只是提醒，也是一種願意相信的能力。 足夠重要的事才會被寫下，在易忘瑣事的日常中反覆被想起，被確認，被執行。就像迷路時需要導航，茫然時需要燈塔，忘記如何愛的時候，就將此曲反覆播放，重新找回承接脆弱的力量。 這首甜蜜戀曲偽裝成男女對唱，其實是潔心寫給自己的情歌。歌詞所描述的待辦事項便是如何「愛自己」，因為很難，才更需要反覆提醒，不斷練習，每一個不完美的「你」都值得被愛，被珍惜，被好好善待。 過去他總在快要墜落時，感受到來自家人朋友、聽眾夥伴的愛，那些曾穩穩接住他的溫柔，如雨水流經乾涸，如光線穿過裂縫。 承接終將長出回應，潔心希望自己能像一面鏡子，把收到的光輕輕折返，繼續照亮下一個人，於是他把信念寫成習慣，用 To-Do list 召喚未來的自己，一再重複的歌詞就像那條反覆走過才會出現的小路，在日復一日的生活裡，期待每一次唱起，都離心中的模樣再近一些。 
「雖然還沒做到，但我一定可以！」To-Do list 不只是提醒，也是一種願意相信的能力。 足夠重要的事才會被寫下，在易忘瑣事的日常中反覆被想起，被確認，被執行。就像迷路時需要導航，茫然時需要燈塔，忘記如何愛的時候，就將此曲反覆播放，重新找回承接脆弱的力量。 這首甜蜜戀曲偽裝成男女對唱，其實是潔心寫給自己的情歌。歌詞所描述的待辦事項便是如何「愛自己」，因為很難，才更需要反覆提醒，不斷練習，每一個不完美的「你」都值得被愛，被珍惜，被好好善待。 過去他總在快要墜落時，感受到來自家人朋友、聽眾夥伴的愛，那些曾穩穩接住他的溫柔，如雨水流經乾涸，如光線穿過裂縫。 承接終將長出回應，潔心希望自己能像一面鏡子，把收到的光輕輕折返，繼續照亮下一個人，於是他把信念寫成習慣，用 To-Do list 召喚未來的自己，一再重複的歌詞就像那條反覆走過才會出現的小路，在日復一日的生活裡，期待每一次唱起，都離心中的模樣再近一些。","作詞 林潔心 ddkogi88、呂允 作曲 林潔心 ddkogi88 You 一本  反覆閱都 讀不膩的書 一不小心 被你迷得 一塌糊塗 不懂你時而氣餒中的悲喜 決定把愛你的話重複提及 (Love you for a thousand years , you're still here) 只要你願意 讓我參與你的生活 每天的to do list 是你音樂還有工作 儘管不時會 氣中帶不講理 那全都不要緊 浪漫不用搞剛牽著手一起揮霍 生活這long way扛肩一天一點磨 to do list 因為有你 我變得更加自律的生活 不介意 清單為你 騰出空位 坦然踏實的過 (時間在走 心越要穩重 就take it slowwww) 把愛刻寫在每日清單和心上 華麗辭藻都無以形容的美妙 不必做效果 胭脂 西裝 都丟掉 重複播放favorite song 儘管路漫長 以愛為信的宣告 我扛在肩上 以家為名的proud of 我每天記牢 You're on top of my list You're on top of my list 重複播放favorite song 儘管路漫長 為難的要求 可能會去做 愛常沖昏頭 理智在駐守 頭過身就過 思索對與錯 是你帶我逃出了亂流 迫降後的to do list 123456789 12 是你讓我別著急 愛你像愛自己不和人比較 允許悲傷與喜共存事難料 時而牽住自己時而去燃燒 溫柔/剛強的面都是我自傲 溫柔/剛強的面都是我自傲 不用再裝作我什麼都知道 愛情絕非一昧委屈的討好 愛情絕非一昧委屈地討好 破曉時分裡愛存在周圍繞 to do list 因為有你 我變得 更加自律的生活 不介意 清單為你 騰出空位 坦然踏實的過 (時間在走 心越要穩重 就take it slowwww) 把愛刻寫在每日清單 和心上 華麗辭藻都無以形容 的美妙 不必做效果 胭脂 西裝 都丟掉 重複播放favorite song 儘管路漫長 以愛為信的宣告 我扛在肩上 以家為名的proud of 我每天記牢 You're on top of my list You're on top of my list 重複播放favorite song 儘管路漫長 
作詞 林潔心 ddkogi88、呂允 作曲 林潔心 ddkogi88
You 一本  反覆閱都 讀不膩的書 一不小心 被你迷得 一塌糊塗
不懂你時而氣餒中的悲喜 決定把愛你的話重複提及 (Love you for a thousand years , you're still here)
只要你願意 讓我參與你的生活 每天的to do list 是你音樂還有工作 儘管不時會 氣中帶不講理 那全都不要緊 浪漫不用搞剛牽著手一起揮霍 生活這long way扛肩一天一點磨
to do list 因為有你 我變得更加自律的生活 不介意 清單為你 騰出空位 坦然踏實的過 (時間在走 心越要穩重 就take it slowwww)
把愛刻寫在每日清單和心上 華麗辭藻都無以形容的美妙 不必做效果 胭脂 西裝 都丟掉 重複播放favorite song 儘管路漫長 以愛為信的宣告 我扛在肩上 以家為名的proud of 我每天記牢 You're on top of my list You're on top of my list 重複播放favorite song 儘管路漫長
為難的要求 可能會去做 愛常沖昏頭 理智在駐守 頭過身就過 思索對與錯 是你帶我逃出了亂流 迫降後的to do list 123456789 12 是你讓我別著急 愛你像愛自己不和人比較 允許悲傷與喜共存事難料 時而牽住自己時而去燃燒 溫柔/剛強的面都是我自傲
溫柔/剛強的面都是我自傲 不用再裝作我什麼都知道 愛情絕非一昧委屈的討好
愛情絕非一昧委屈地討好 破曉時分裡愛存在周圍繞
to do list 因為有你 我變得 更加自律的生活 不介意 清單為你 騰出空位 坦然踏實的過 (時間在走 心越要穩重 就take it slowwww)
把愛刻寫在每日清單 和心上 華麗辭藻都無以形容 的美妙 不必做效果 胭脂 西裝 都丟掉 重複播放favorite song 儘管路漫長 以愛為信的宣告 我扛在肩上 以家為名的proud of 我每天記牢 You're on top of my list You're on top of my list 重複播放favorite song 儘管路漫長
留言（ 7 ） 最相關留言 所有留言
留言（ 7 ）",2026-09-23,,Song of the Day; 編輯推薦,True,True,
2026-10-05 15:35:20,weekly,hip_hop,2026,40,3,高偉勛 Shan Hay,3.&#x27;ali 兄弟 ft.跪父樂團,6,594,0,https://streetvoice.com/p233211/songs/881725/,https://streetvoice.com/p233211/,"https://akstatic.streetvoice.com/song_covers/p2/33/p233211/jAQpwrFGKt2N3rijtoHtw3.jpeg?x-oss-process=image/resize,m_fill,h_400,w_400,limit_0",images/881725.jpeg,@p233211,音樂人,台東縣,2008-11-01,,5,198,15,,,https://www.youtube.com/user/StreetVoiceTV,創作，是與家鄉連結的窗口－阿修＆高偉勛專訪|||https://blow.streetvoice.com/20203/?utm_source=streetvoice&utm_medium=profile-news-block; 臺灣原創流行音樂大賽首獎得主開唱 黃連煜、荒山亮、王宏恩任導師助陣加持|||https://blow.streetvoice.com/25093/?utm_source=streetvoice&utm_medium=profile-news-block; 新光三越不插電歷屆決賽入圍者近況蒐羅 自選代表作歌單伴你度過夏日午後|||https://blow.streetvoice.com/21488/?utm_source=streetvoice&utm_medium=profile-news-block,,Hip hop / Rap,《YOU GOOD?!》,https://streetvoice.com/p233211/songs/album/97326155/,阿蘭 AC,"‘ali犯錯，一起受罰。 ‘ali成功，一起享受。 或許有一天，我們會各自到其他的地方生活 但火的教育，巴拉冠的戒訓 無論到哪裡，都會跟著我們。 箴言 17:17 
‘ali犯錯，一起受罰。 ‘ali成功，一起享受。 或許有一天，我們會各自到其他的地方生活 但火的教育，巴拉冠的戒訓 無論到哪裡，都會跟著我們。
箴言 17:17","I got your back ! ‘ali！ 我永遠罩你，兄弟！ No matter where I am！ 不論我身在何處！ I got your back ! ‘ali！ 我永遠罩你，兄弟！ No matter where I am！ 不論我身在何處！ I got your back ! ‘ali！ 我永遠罩你，兄弟！ I got your back ! ‘ali！ 我永遠罩你，兄弟！ dinapalran i makalusu kana vulan mikuwang ta 月光下的腳印，我們拿著獵槍 tinu maca u,tinu calinga ku 你當眼睛我當耳朵 kadu u i nganguwayan kadu ku i likudan 你在前面我在後頭 marelrang ta pu’acar 我們一起分享 marelrang ta ‘imiway 我們一起挨餓 alra mareali 因為我們是兄弟 marelrang ta kisavung 一起被懲罰 kakuwayan i palakuwan i ni 這是巴拉冠的教育 I got your back ! ‘ali！ 我永遠罩你，兄弟！ No matter where I am！ 不論我身在何處！ I got your back ! ‘ali！ 我永遠罩你，兄弟！ No matter where I am！ 不論我身在何處！ I got your back ! ‘ali！ 我永遠罩你，兄弟！ I got your back ! ‘ali！ 我永遠罩你，兄弟！ I got you back,nu mi pamelriyan lra mu kakuda I got you back,犯錯沒關係 I got you back,marepakuwa ta,mareka inava ta I got you back,我們較勁，我們合好 nu kadaidan lra ma’idang ta lra 有一天都長大 mukuwa ta muvare sa i dawilr 都到外面去打拼了 Keeping the fire alive is our promise 不讓火熄滅是我們的承諾 Protecting the village is our promise 保護村莊是我們的承諾 To be a role model is our promise 做一個好榜樣是我們的承諾 We know it’s all about promise 是我們的承諾 Guiding our younger brothers is our promise 教育我們的弟弟是我們的承諾 Passing down the wisdom is our promise 傳承智慧是我們的承諾 Never leaving you behind is our promise 不撇下你是我們的承諾 When you fall, I’ll hold you up and pray y’all be blessed 當你失敗我會撐住你為你禱告 adi ta ma’avut da apuy 火不能熄 ma u nanta kinuredan 就是我們的承諾 nu kadu ku lra i iyan mu,marewadi ta patali a wac 不論我在哪，是一輩子的兄弟 Listen,alra ka adu mi diya聽好， 因為我們都在 I got your back ! ‘ali！ 我永遠罩你，兄弟！ No matter where I am！ 不論我身在何處！ 
I got your back ! ‘ali！ 我永遠罩你，兄弟！ No matter where I am！ 不論我身在何處！ I got your back ! ‘ali！ 我永遠罩你，兄弟！ No matter where I am！ 不論我身在何處！ I got your back ! ‘ali！ 我永遠罩你，兄弟！ I got your back ! ‘ali！ 我永遠罩你，兄弟！
dinapalran i makalusu kana vulan mikuwang ta 月光下的腳印，我們拿著獵槍 tinu maca u,tinu calinga ku 你當眼睛我當耳朵 kadu u i nganguwayan kadu ku i likudan 你在前面我在後頭
marelrang ta pu’acar 我們一起分享 marelrang ta ‘imiway 我們一起挨餓 alra mareali 因為我們是兄弟 marelrang ta kisavung 一起被懲罰 kakuwayan i palakuwan i ni 這是巴拉冠的教育
I got your back ! ‘ali！ 我永遠罩你，兄弟！ No matter where I am！ 不論我身在何處！ I got your back ! ‘ali！ 我永遠罩你，兄弟！ No matter where I am！ 不論我身在何處！ I got your back ! ‘ali！ 我永遠罩你，兄弟！ I got your back ! ‘ali！ 我永遠罩你，兄弟！
I got you back,nu mi pamelriyan lra mu kakuda I got you back,犯錯沒關係 I got you back,marepakuwa ta,mareka inava ta I got you back,我們較勁，我們合好
nu kadaidan lra ma’idang ta lra 有一天都長大 mukuwa ta muvare sa i dawilr 都到外面去打拼了
Keeping the fire alive is our promise 不讓火熄滅是我們的承諾 Protecting the village is our promise 保護村莊是我們的承諾 To be a role model is our promise 做一個好榜樣是我們的承諾 We know it’s all about promise 是我們的承諾 Guiding our younger brothers is our promise 教育我們的弟弟是我們的承諾 Passing down the wisdom is our promise 傳承智慧是我們的承諾 Never leaving you behind is our promise 不撇下你是我們的承諾 When you fall, I’ll hold you up and pray y’all be blessed 當你失敗我會撐住你為你禱告
adi ta ma’avut da apuy 火不能熄 ma u nanta kinuredan 就是我們的承諾 nu kadu ku lra i iyan mu,marewadi ta patali a wac 不論我在哪，是一輩子的兄弟 Listen,alra ka adu mi diya聽好， 因為我們都在
I got your back ! ‘ali！ 我永遠罩你，兄弟！ No matter where I am！ 不論我身在何處！
留言（ 0 ） 最相關留言 所有留言
留言（ 0 ）",2026-09-29,,Song of the Day; 編輯推薦,True,True,
2026-10-05 15:35:20,weekly,hip_hop,2026,40,4,Lil BANG,918 freestyle,13,1035,1,https://streetvoice.com/lilbang/songs/881478/,https://streetvoice.com/lilbang/,"https://akstatic.streetvoice.com/song_covers/li/lb/lilbang/8kc3avsvCnKyA3ujZwRff6.jpg?x-oss-process=image/resize,m_fill,h_400,w_400,limit_0",images/881478.jpg,@lilbang,音樂人,苗栗縣,2025-11-01,,1,2,3,,,https://www.youtube.com/user/StreetVoiceTV,【金曲37】2026年第37屆金曲獎得獎名單|||https://blow.streetvoice.com/88509/?utm_source=streetvoice&utm_medium=profile-news-block; 【金曲37】第37屆金曲獎入圍名單公布 陳嫺靜、Gummy B入圍最佳歌手獎|||https://blow.streetvoice.com/87754/?utm_source=streetvoice&utm_medium=profile-news-block,,Hip hop / Rap,,,1asy,"編曲 Arranger｜xcrxsses,Lil BANG 混音 Mixing｜Lil BANG 詞 Lyrics ｜Lil BANG,1asy 錄音Recording｜Lil BANG,1asy 自主學習課作業 希望畢得了業這樣才能用到 · 叫918 freestyle是因為9/18做的 詞都是free出來的 大概20分鐘吧 ． Yes and yo 是某個憨仔的名字諧音 
編曲 Arranger｜xcrxsses,Lil BANG 混音 Mixing｜Lil BANG 詞 Lyrics ｜Lil BANG,1asy 錄音Recording｜Lil BANG,1asy
自主學習課作業 希望畢得了業這樣才能用到 · 叫918 freestyle是因為9/18做的 詞都是free出來的 大概20分鐘吧 ． Yes and yo 是某個憨仔的名字諧音","(Lady what you gonna do) (September eighteenth gonna do) 快點離開廢墟這我地盤你不是例外 什麼都別想最後一頓他媽請你吃稀飯 點到了是時候該洗牌 人頭正字記號畫幾排 比不過叫你媽媽來 那我會掉兩枚紙板 Dont gonna lie 說不清楚 那些身分 太多金主 太多煩惱別再討好 小妹他說很命苦 要我幫忙做個業績 打個戰績 這週末又搭上班機 爸媽笑嘻嘻 嘴巴緊從不洩漏天機 我太強直接一步到位兩步到ㄈㄟˋ 三步上籃 四步才想到小妹好像還沒醉 幸好三杯醉 我也不用慌 當得分後衛 也不用裝 過來 show some mistake 哥哥的實力 請自行體會 哎呀 不用說那些廢話 愛就愛不愛滾蛋 回家睡覺 上學 遲到 放學 宮廟 這些都是妳愛做的 孟寶愛葳寶 他小到只能用奶嘴尻 出場就知道誰屌 因為拎北的牌最好 不用該該叫 論爽度隔壁奶奶最騷 老子就在你面前diss you now hear me shout Yes and yo  Yes and yo 你媽不生腦子給你因為你沒點用 Yes and yo  Yes and yo 沒有建模沒有優點你只配是舔狗 來到一片風水寶地 我苗栗竹南來自全台的兄弟都被召集 可是0個人會罩你 再裝逼小心我們讓你變男生中最騷滴 今天918 要不帶你去就醫吧 可是沒有醫生能救得了你的臭雞巴 長得抱歉破事又一堆不是我要攻擊他 不服憋著敢放一個屁我直接肘擊他 
(Lady what you gonna do) (September eighteenth gonna do)
快點離開廢墟這我地盤你不是例外 什麼都別想最後一頓他媽請你吃稀飯 點到了是時候該洗牌 人頭正字記號畫幾排 比不過叫你媽媽來 那我會掉兩枚紙板 Dont gonna lie 說不清楚 那些身分 太多金主 太多煩惱別再討好 小妹他說很命苦 要我幫忙做個業績 打個戰績 這週末又搭上班機 爸媽笑嘻嘻 嘴巴緊從不洩漏天機 我太強直接一步到位兩步到ㄈㄟˋ 三步上籃 四步才想到小妹好像還沒醉 幸好三杯醉 我也不用慌 當得分後衛 也不用裝 過來 show some mistake 哥哥的實力 請自行體會 哎呀 不用說那些廢話 愛就愛不愛滾蛋 回家睡覺 上學 遲到 放學 宮廟 這些都是妳愛做的
孟寶愛葳寶 他小到只能用奶嘴尻 出場就知道誰屌 因為拎北的牌最好 不用該該叫 論爽度隔壁奶奶最騷 老子就在你面前diss you now hear me shout Yes and yo  Yes and yo 你媽不生腦子給你因為你沒點用 Yes and yo  Yes and yo 沒有建模沒有優點你只配是舔狗 來到一片風水寶地 我苗栗竹南來自全台的兄弟都被召集 可是0個人會罩你 再裝逼小心我們讓你變男生中最騷滴 今天918 要不帶你去就醫吧 可是沒有醫生能救得了你的臭雞巴 長得抱歉破事又一堆不是我要攻擊他 不服憋著敢放一個屁我直接肘擊他
留言（ 1 ） 最相關留言 所有留言
留言（ 1 ）",2026-09-28,,,False,False,
2026-10-05 15:35:20,weekly,hip_hop,2026,40,5,高偉勛 Shan Hay,8.Little Luck Little Luv ft.舞思愛 Usay Kawlu,7,522,1,https://streetvoice.com/p233211/songs/881719/,https://streetvoice.com/p233211/,"https://akstatic.streetvoice.com/song_covers/p2/33/p233211/XCnF3XamF4MrU7ZyUe3Wvt.jpeg?x-oss-process=image/resize,m_fill,h_400,w_400,limit_0",images/881719.jpeg,@p233211,音樂人,台東縣,2008-11-01,,5,198,15,,,https://www.youtube.com/user/StreetVoiceTV,創作，是與家鄉連結的窗口－阿修＆高偉勛專訪|||https://blow.streetvoice.com/20203/?utm_source=streetvoice&utm_medium=profile-news-block; 臺灣原創流行音樂大賽首獎得主開唱 黃連煜、荒山亮、王宏恩任導師助陣加持|||https://blow.streetvoice.com/25093/?utm_source=streetvoice&utm_medium=profile-news-block; 新光三越不插電歷屆決賽入圍者近況蒐羅 自選代表作歌單伴你度過夏日午後|||https://blow.streetvoice.com/21488/?utm_source=streetvoice&utm_medium=profile-news-block,,Hip hop / Rap,《YOU GOOD?!》,https://streetvoice.com/p233211/songs/album/97326155/,,"你有沒有覺得生活中 真的有很多小事會把我們搞得心浮氣躁 沒帶到鑰匙、耳機線打結 又或者喜歡的早餐店奶茶被做成無糖的？ 但也許 當你把腳步放慢一點點點點點 你會發現比起那些小事 祂用祂的愛 創造了更多能夠讓我們去開心的小幸運。 So, take it slow today！ 詩篇 104:24 
你有沒有覺得生活中 真的有很多小事會把我們搞得心浮氣躁 沒帶到鑰匙、耳機線打結 又或者喜歡的早餐店奶茶被做成無糖的？
但也許 當你把腳步放慢一點點點點點
你會發現比起那些小事 祂用祂的愛 創造了更多能夠讓我們去開心的小幸運。
So, take it slow today！
詩篇 104:24","生活有時後太匆忙 從一睜眼開到起床 剛關門又開始慌張 手機錢包耳機戴上 kinilalupan lra na sosi (鑰匙又忘記帶了) man kemadu diya? (怎麼又這樣捏？) Oh baby,it just happend (懊親愛的，它終究發生了) Oh baby,you just need to listen (懊親愛的，我想你需要靜心聽看看) 小白鞋踩到水塘 陰時多雲是今天氣象 我們還能呼吸空氣 藏在高樓中微弱的星星 看得清 oh～patawari kemakawang mengad (喔～放慢腳步感受呼吸) oh～patawari kemakawang mengad (喔～放慢腳步感受呼吸) He gives me a little luck,gives me a little luv (祂賜給我這些美好的小幸運跟美好) He gives me a little luck,gives me a little luv (祂賜給我這些美好的小幸運跟美好) piya rukup mena’u di (深呼吸抬頭看看天空) mena’u da tara’ (看見了彩虹掛在天上) nu muruma’ diya,i du na tinusiyawan kana tu (下班後桌上的飯菜) ta patawalay mena’u (只要你放慢去注意) malayas semanal kanahni na eman lra (常常感激這些微不足道的小事) alra mau na pakavulay data wayway (因為它讓生活更美好) And If you take it slow today (在今天，就把腳步放慢吧) He gives me a little luck,gives me a little luv (祂賜給我這些美好的小幸運跟美好) He gives me a little luck,gives me a little luv (祂賜給我這些美好的小幸運跟美好) 這是祂創造得一切 天上蔓延到地面 你只要慢慢來體會 So, take it slow today. (把今天放慢吧) You gotta take it slow 
生活有時後太匆忙 從一睜眼開到起床 剛關門又開始慌張 手機錢包耳機戴上 kinilalupan lra na sosi (鑰匙又忘記帶了) man kemadu diya? (怎麼又這樣捏？) Oh baby,it just happend (懊親愛的，它終究發生了) Oh baby,you just need to listen (懊親愛的，我想你需要靜心聽看看)
小白鞋踩到水塘 陰時多雲是今天氣象 我們還能呼吸空氣 藏在高樓中微弱的星星 看得清
oh～patawari kemakawang mengad (喔～放慢腳步感受呼吸) oh～patawari kemakawang mengad (喔～放慢腳步感受呼吸)
He gives me a little luck,gives me a little luv (祂賜給我這些美好的小幸運跟美好) He gives me a little luck,gives me a little luv (祂賜給我這些美好的小幸運跟美好)
piya rukup mena’u di (深呼吸抬頭看看天空) mena’u da tara’ (看見了彩虹掛在天上) nu muruma’ diya,i du na tinusiyawan kana tu (下班後桌上的飯菜) ta patawalay mena’u (只要你放慢去注意)
malayas semanal kanahni na eman lra (常常感激這些微不足道的小事) alra mau na pakavulay data wayway (因為它讓生活更美好) And If you take it slow today (在今天，就把腳步放慢吧)
He gives me a little luck,gives me a little luv (祂賜給我這些美好的小幸運跟美好) He gives me a little luck,gives me a little luv (祂賜給我這些美好的小幸運跟美好)
這是祂創造得一切 天上蔓延到地面 你只要慢慢來體會 So, take it slow today. (把今天放慢吧)
You gotta take it slow
留言（ 1 ） 最相關留言 所有留言
留言（ 1 ）",2026-09-29,,Song of the Day; 編輯推薦,True,True,
2026-10-05 15:35:20,weekly,hip_hop,2026,40,6,震樂堂,比爾Rich Man_demo,14,1017,2,https://streetvoice.com/jhenyuetang/songs/880582/,https://streetvoice.com/jhenyuetang/,"https://akstatic.streetvoice.com/song_covers/jh/en/jhenyuetang/mrvY8tF2wAFU56b8XR563g.jpeg?x-oss-process=image/resize,m_fill,h_400,w_400,limit_0",images/880582.jpeg,@jhenyuetang,音樂人,台中市,2020-07-01,2023-07-12 17:18,13,444,2,https://www.facebook.com/jhenyuetang,https://www.instagram.com/jhenyuetang/,https://www.youtube.com/@jhenyuetang,震樂堂釋出〈眾神出巡〉Remix版本 FUTURE AFTER A SECOND吉他手Nicky跨刀合作|||https://blow.streetvoice.com/80898/?utm_source=streetvoice&utm_medium=profile-news-block; 震樂堂攜手「九天玄女娘娘」開啟《眾神出巡》專場 高雄加開場6/8邀夕陽武士共演|||https://blow.streetvoice.com/80611/?utm_source=streetvoice&utm_medium=profile-news-block; 震樂堂前往捷克音樂祭開唱 即將釋出首支官方MV〈勅令〉|||https://blow.streetvoice.com/75165/?utm_source=streetvoice&utm_medium=profile-news-block,,Hip hop / Rap,,,,,"詞曲｜王大偉　編曲｜震樂堂 和聲｜莊芷妤 比爾Rich Man 比爾 比爾Rich Man 我行東西趁錢無人知 我行南北趁錢穩答答 因為咬錢來的是虎爺 財神保庇我上好額 我手攑清香誠心三拜 開始報住址 祈求五路財神共我保庇照顧我生意 像我這款若發大財叫做真正有天理 Be a rich man 的我跟你講千萬別鐵齒 誠心三拜有道理 財神爺公賜財氣 正手水鬼倒手 Gucci 全身軀 Armani 有借有還發財金 愛飼金雞食水米 跤踏實地趁錢無數 逐工攏好日子 比爾Rich Man 比爾 比爾Rich Man 來拜伯公仔啊 順紲食一碗泡麵 比爾Rich Man 比爾 比爾Rich Man 財神廟補財庫 天庫地庫水庫錢 比爾Rich Man 比爾 比爾Rich Man 弓蕉梨仔王梨 財神招來咱身邊 １２３ 發啦！！！ 我行東西趁錢無人知 我行南北趁錢穩答答 因為咬錢來的是虎爺 財神保庇我上好額 為著生活 奮鬥到半暝 為著生活 奮鬥到雞啼 為著三頓 為著家庭 為著理想 為著自己 天公疼惜的你 財神會賜財予你 比爾Rich Man 比爾 比爾Rich Man 來拜伯公仔啊 順紲食一碗泡麵 比爾Rich Man 比爾 比爾Rich Man 財神廟補財庫 天庫地庫水庫錢 比爾Rich Man 比爾 比爾Rich Man 弓蕉李仔王梨 財神招來咱身邊 １２３ 發啦！！！ 我行東西趁錢無人知 我行南北趁錢穩答答 因為咬錢來的是虎爺 財神保庇我上好額 
詞曲｜王大偉　編曲｜震樂堂 和聲｜莊芷妤
比爾Rich Man 比爾 比爾Rich Man 我行東西趁錢無人知 我行南北趁錢穩答答 因為咬錢來的是虎爺 財神保庇我上好額
我手攑清香誠心三拜 開始報住址 祈求五路財神共我保庇照顧我生意 像我這款若發大財叫做真正有天理 Be a rich man 的我跟你講千萬別鐵齒
誠心三拜有道理 財神爺公賜財氣 正手水鬼倒手 Gucci 全身軀 Armani 有借有還發財金 愛飼金雞食水米 跤踏實地趁錢無數 逐工攏好日子
比爾Rich Man 比爾 比爾Rich Man 來拜伯公仔啊 順紲食一碗泡麵 比爾Rich Man 比爾 比爾Rich Man 財神廟補財庫 天庫地庫水庫錢 比爾Rich Man 比爾 比爾Rich Man 弓蕉梨仔王梨 財神招來咱身邊 １２３ 發啦！！！
我行東西趁錢無人知 我行南北趁錢穩答答 因為咬錢來的是虎爺 財神保庇我上好額
為著生活 奮鬥到半暝 為著生活 奮鬥到雞啼 為著三頓 為著家庭 為著理想 為著自己 天公疼惜的你 財神會賜財予你
比爾Rich Man 比爾 比爾Rich Man 來拜伯公仔啊 順紲食一碗泡麵 比爾Rich Man 比爾 比爾Rich Man 財神廟補財庫 天庫地庫水庫錢 比爾Rich Man 比爾 比爾Rich Man 弓蕉李仔王梨 財神招來咱身邊 １２３ 發啦！！！
我行東西趁錢無人知 我行南北趁錢穩答答 因為咬錢來的是虎爺 財神保庇我上好額
留言（ 2 ） 最相關留言 所有留言
留言（ 2 ）",2026-09-22,,Song of the Day; 編輯推薦,True,True,
2026-10-05 15:35:20,weekly,hip_hop,2026,40,7,ocio,自己都不自己RE:TAKE.mp3,18,640,2,https://streetvoice.com/ocio/songs/881357/,https://streetvoice.com/ocio/,"https://akstatic.streetvoice.com/song_covers/oc/io/ocio/E22pdWHaoE8QNnUjHNXSTY.jpg?x-oss-process=image/resize,m_fill,h_400,w_400,limit_0",images/881357.jpg,@ocio,音樂人,台北市,2022-11-01,,1,24,20,,,https://www.youtube.com/user/StreetVoiceTV,巴賴、黃瑋傑齊開唱 轉來音樂節慶咖啡店轉型|||https://blow.streetvoice.com/23933/?utm_source=streetvoice&utm_medium=profile-news-block; 如魚得水第一音：一定要認識的電音教授 Fish.the（上）|||https://blow.streetvoice.com/17701/?utm_source=streetvoice&utm_medium=profile-news-block,,Hip hop / Rap,,,,,"Gonna Get This vibe 當我開始饒舌 我想不起來上一次真正睡好的時候 我的playlist 都是Hiphop在圍繞著 每一次彈跳和憂鬱按下播放鍵用我的指頭 我習慣 正中午還裹著棉被 看著外面是晴是雨幻想變成誰的前輩 但是 那止不住的眼淚 當我開始焦慮或是恐慌又變得更加頹廢 拿起Red Bull 我需要一點咖啡因 日子一天一天過快得像搭飛機 I gotta Rush in it 我跟我的兄弟們互相勉勵 用盡全身的力量想抓飛機 21歲我還年輕那又如何 我在夢想和現實交界口之間杵著 21歲我還年輕那又如何 煙癮和酒精就像火我是那撲的蛾 迷失了方向 找不到只屬於我的地方 害怕穿上了西裝 就忘記了怎麼律動 怕自己穿上了西裝 卻只空有具皮囊 忘記了怎麼去對抗批鬥 想辦法珍惜時間做我想做的 管現在生活好過或不好過 我不想自己都不自己 自己都不自己 自己都不自己了 所以 得撥些時間和自己相處 並非每個遊戲都有Round 2 我不想自己都不自己 自己都不自己 自己都不自己了 帶上耳機對準麥又套著我的黑踢 不在乎誰和誰和誰對我的目光銳利 that shit gon crazy man 對鏡再練幾年 青春是我的武器把這身體操到極限My Man 對著鏡子也許會對自己感到驕傲 也許看著自己後卻感到萬分焦躁 回頭又看到少年提著裝滿錢的紙袋 發現得靠自己逃離街頭吵鬧 他一路走著走 被過去摟著走 每一晚他的情緒劑量都是Overdose 房門他上了鎖 他早已忘了我 看皮質醇多巴胺替他開了Carnival 望向鏡子裡的人慢慢又變得陌生 房間安靜得只剩下呼吸陪他作證 笑容像排練過表情顯得太過迫真 現實逼著他必須得慢慢學會默認 21歲還年輕那又如何 他不間斷的在潮起潮落中載沉浮著 21歲他還年輕那又如何 一切都變化的太快他沒辦法負荷 至少知道自己害怕什麼 還能分辨什麼才是真我 我不想自己都不自己 自己都不自己 自己都不自己了 所以 21歲跌倒也算活過 總好過忘了自己怎麼活著 
Gonna Get This vibe 當我開始饒舌 我想不起來上一次真正睡好的時候 我的playlist 都是Hiphop在圍繞著 每一次彈跳和憂鬱按下播放鍵用我的指頭
我習慣 正中午還裹著棉被 看著外面是晴是雨幻想變成誰的前輩 但是 那止不住的眼淚 當我開始焦慮或是恐慌又變得更加頹廢
拿起Red Bull 我需要一點咖啡因 日子一天一天過快得像搭飛機 I gotta Rush in it 我跟我的兄弟們互相勉勵 用盡全身的力量想抓飛機
21歲我還年輕那又如何 我在夢想和現實交界口之間杵著 21歲我還年輕那又如何 煙癮和酒精就像火我是那撲的蛾 迷失了方向 找不到只屬於我的地方 害怕穿上了西裝 就忘記了怎麼律動 怕自己穿上了西裝 卻只空有具皮囊 忘記了怎麼去對抗批鬥
想辦法珍惜時間做我想做的 管現在生活好過或不好過 我不想自己都不自己 自己都不自己 自己都不自己了 所以 得撥些時間和自己相處 並非每個遊戲都有Round 2 我不想自己都不自己 自己都不自己 自己都不自己了
帶上耳機對準麥又套著我的黑踢 不在乎誰和誰和誰對我的目光銳利 that shit gon crazy man 對鏡再練幾年 青春是我的武器把這身體操到極限My Man
對著鏡子也許會對自己感到驕傲 也許看著自己後卻感到萬分焦躁 回頭又看到少年提著裝滿錢的紙袋 發現得靠自己逃離街頭吵鬧
他一路走著走 被過去摟著走 每一晚他的情緒劑量都是Overdose 房門他上了鎖 他早已忘了我 看皮質醇多巴胺替他開了Carnival
望向鏡子裡的人慢慢又變得陌生 房間安靜得只剩下呼吸陪他作證 笑容像排練過表情顯得太過迫真 現實逼著他必須得慢慢學會默認
21歲還年輕那又如何 他不間斷的在潮起潮落中載沉浮著 21歲他還年輕那又如何 一切都變化的太快他沒辦法負荷
至少知道自己害怕什麼 還能分辨什麼才是真我 我不想自己都不自己 自己都不自己 自己都不自己了 所以 21歲跌倒也算活過 總好過忘了自己怎麼活著
留言（ 2 ） 最相關留言 所有留言
留言（ 2 ）",2026-09-27,,,False,False,
2026-10-05 15:35:20,weekly,hip_hop,2026,40,8,Sxkura,fadedflower（退去的愛）,3,255,0,https://streetvoice.com/xxxxxx1002/songs/881598/,https://streetvoice.com/xxxxxx1002/,"https://akstatic.streetvoice.com/song_covers/xx/xx/xxxxxx1002/kDsFrWFcQ3qAxvJN8u438Z.jpg?x-oss-process=image/resize,m_fill,h_400,w_400,limit_0",images/881598.jpg,@xxxxxx1002,音樂人,,,,2,8,8,,,https://www.youtube.com/user/StreetVoiceTV,,,Hip hop / Rap,,,,"「雖近在咫尺，但只能遠觀。只有這樣能將關係變得簡單。」 封心的那刻，妳不動，我不動，也不知如何是好。 ------------------------------------------------------- 編曲 Arrangement: ProdbySJ 歌詞 Lyrics: Sxkura 作曲 Composition: Sxkura 混音/母帶 Mixing/Mastering: Sxkura 封面 Cover: Pinterest 
「雖近在咫尺，但只能遠觀。只有這樣能將關係變得簡單。」 封心的那刻，妳不動，我不動，也不知如何是好。
-------------------------------------------------------
編曲 Arrangement: ProdbySJ 歌詞 Lyrics: Sxkura 作曲 Composition: Sxkura 混音/母帶 Mixing/Mastering: Sxkura 封面 Cover: Pinterest","她像是花朵 在秋冬的那刻 跟時間拉扯 不想再凋謝了 在黑暗的空間 慢慢褪去的顏色 哼唱著小夜歌 通往光明的橋偏了 悄然拒絕遠方來的宴客 刻著「謝絕光顧」難道那是她自定義的匾額 雖近在咫尺 但只能遠觀 只有這樣能將關係變得簡單 怕再次靠近 形成天難 成為佔有他人內心的嫌犯 但是這樣的選擇 在事發當下對不對 可能這樣的選擇 減少了沒必要的灰土堆 當下內心被動搖 以為那人出現就會抹去了孤傲 冰封著一切搭配著風蕭 吹散了原本剛發芽的樹苗 專屬於妳的《本草綱目》我先裝上了書套 等待彼岸花的同意 讓我成為「她」的主角 無可（刻）奈何 但妳希望此路是奈何橋 陰與陽的摩擦 無果 但依舊希望會再和好 妳說「既見君子，云胡不喜」 但怕那句顯得太客套 隨季更換了三件套 是否話語變冷冽 也不再可靠 花自飄零水自流 獨抱相思 一處閒愁 此情無計可消除 才下眉頭 卻上心頭 即便身上刻出了醉花銘 她卻希望現在該回家行 但仍然會執著 徹夜地死守 依舊觀坐在醉花亭 她像是花朵 在秋冬的那刻 跟時間拉扯 不想再凋謝了 在黑暗的空間 慢慢褪去的顏色 哼唱著小夜歌 通往光明的橋偏了 悄然拒絕遠方來的宴客 刻著「謝絕光顧」難道那是她自定義的匾額 雖近在咫尺 但只能遠觀 只有這樣能將關係變得簡單 怕再次靠近 形成天難 成為佔有他人內心的嫌犯 但是這樣的選擇 在事發當下對不對 可能這樣的選擇 減少了沒必要的灰土堆 
她像是花朵 在秋冬的那刻 跟時間拉扯 不想再凋謝了 在黑暗的空間 慢慢褪去的顏色 哼唱著小夜歌 通往光明的橋偏了 悄然拒絕遠方來的宴客 刻著「謝絕光顧」難道那是她自定義的匾額
雖近在咫尺 但只能遠觀 只有這樣能將關係變得簡單 怕再次靠近 形成天難 成為佔有他人內心的嫌犯 但是這樣的選擇 在事發當下對不對 可能這樣的選擇 減少了沒必要的灰土堆
當下內心被動搖 以為那人出現就會抹去了孤傲 冰封著一切搭配著風蕭 吹散了原本剛發芽的樹苗 專屬於妳的《本草綱目》我先裝上了書套 等待彼岸花的同意 讓我成為「她」的主角
無可（刻）奈何 但妳希望此路是奈何橋 陰與陽的摩擦 無果 但依舊希望會再和好 妳說「既見君子，云胡不喜」 但怕那句顯得太客套 隨季更換了三件套 是否話語變冷冽 也不再可靠
花自飄零水自流 獨抱相思 一處閒愁 此情無計可消除 才下眉頭 卻上心頭 即便身上刻出了醉花銘 她卻希望現在該回家行 但仍然會執著 徹夜地死守 依舊觀坐在醉花亭
她像是花朵 在秋冬的那刻 跟時間拉扯 不想再凋謝了 在黑暗的空間 慢慢褪去的顏色 哼唱著小夜歌 通往光明的橋偏了 悄然拒絕遠方來的宴客 刻著「謝絕光顧」難道那是她自定義的匾額
雖近在咫尺 但只能遠觀 只有這樣能將關係變得簡單 怕再次靠近 形成天難 成為佔有他人內心的嫌犯 但是這樣的選擇 在事發當下對不對 可能這樣的選擇 減少了沒必要的灰土堆
留言（ 0 ） 最相關留言 所有留言
留言（ 0 ）",2026-09-28,,,False,False,
2026-10-05 15:35:20,weekly,hip_hop,2026,40,9,希珥,義務教育沒教我的是...,11,328,2,https://streetvoice.com/shir_vtuber/songs/881189/,https://streetvoice.com/shir_vtuber/,"https://akstatic.streetvoice.com/song_covers/sh/ir/shir_vtuber/MdHYjQ3kM3GBkzuckAarH4.jpeg?x-oss-process=image/resize,m_fill,h_400,w_400,limit_0",images/881189.jpeg,@shir_vtuber,音樂人,其他,2022-11-01,,6,119,2,,,https://www.youtube.com/user/StreetVoiceTV,,,Hip hop / Rap,,,,"Presented by：LiOne Studio Co., Ltd. 李万文創有限公司 出品 ▸Credit： Lyrics / Composition / Video：希珥Shir Arrangement： ARAM Recording Engineer & Mix：Lulu 吳昱儒 Executive Producer：A Jie Special Thanks：韓森 
Presented by：LiOne Studio Co., Ltd. 李万文創有限公司 出品
▸Credit： Lyrics / Composition / Video：希珥Shir Arrangement： ARAM Recording Engineer & Mix：Lulu 吳昱儒 Executive Producer：A Jie Special Thanks：韓森","Intro 玩就要Chill 玩得盡興 玩就要鬆 玩得盡興 玩就要開心 玩得盡興 玩就要用力 玩得盡興 V1 框住自己的設限 全都踹倒 你真的試過嗎 喊卡太早 或許你更適合大槌 多過太刀 同樣的鍵位重組 又多學了幾招 大路朝天 就各走半邊 腿短又怎樣 就多走半天 只打直球 有點半顛 代表學到都是賺 成就多解半篇 你看見了公園的長椅 我善辯的亂騙的 說是公元前的賞景 以上根本沒邏輯 但我不介意 甚至小得意 我想要我想 而不是你要 我想要你們真心的講 不講禮貌 我想要卯足全力的爽 不是半調 我想要音樂製作 能請上剃刀 Bridge 扭緊也好 鬆掉也好 wanna be an open book 沒試過的都很酷 感動最好 都很重要 there nothing gonna lose 上了狀態後  哪次收的住 HOOK 玩就要Chill 玩得盡興 玩就要鬆 玩得盡興 玩就要開心 玩得盡興 玩就要用力 玩得盡興 V2 不是成為被玩的機器 死背完了 哪有活力提筆 我討厭考試 我也討厭體制 更討厭自己屈服 不准輕易說出可是 義務教育沒教我的是 石頭想變成金子 不是可恥的事 病態的客觀 把別人說的比做事實 太窩囔 才讓小人得志 健身兩小 合理爆吃滷肉飯 不糾結0.幾公斤 再加點荷包蛋 誰管別人怎麼看 不想和我走散 跟著自己的FLOW 身心五告讚 我想要有成為的勇氣 我想要我每次想要 優先想到的都是自己 我知道我有毅力 我想要玩得盡興 難度再升級 ok 先深呼吸 Bridge 扭緊也好 鬆掉也好 wanna be an open book 沒試過的都很酷 感動最好 都很重要 there nothing gonna lose 上了狀態後  哪次收的住 HOOK 玩就要Chill 玩得盡興 玩就要鬆 玩得盡興 玩就要開心 玩得盡興 玩就要快樂 玩得盡興 
Intro 玩就要Chill 玩得盡興 玩就要鬆 玩得盡興 玩就要開心 玩得盡興 玩就要用力 玩得盡興
V1 框住自己的設限 全都踹倒 你真的試過嗎 喊卡太早 或許你更適合大槌 多過太刀 同樣的鍵位重組 又多學了幾招 大路朝天 就各走半邊 腿短又怎樣 就多走半天 只打直球 有點半顛 代表學到都是賺 成就多解半篇
你看見了公園的長椅 我善辯的亂騙的 說是公元前的賞景 以上根本沒邏輯 但我不介意 甚至小得意 我想要我想 而不是你要 我想要你們真心的講 不講禮貌 我想要卯足全力的爽 不是半調 我想要音樂製作 能請上剃刀
Bridge 扭緊也好 鬆掉也好 wanna be an open book 沒試過的都很酷 感動最好 都很重要 there nothing gonna lose 上了狀態後  哪次收的住
HOOK 玩就要Chill 玩得盡興 玩就要鬆 玩得盡興 玩就要開心 玩得盡興 玩就要用力 玩得盡興
V2 不是成為被玩的機器 死背完了 哪有活力提筆 我討厭考試 我也討厭體制 更討厭自己屈服 不准輕易說出可是 義務教育沒教我的是 石頭想變成金子 不是可恥的事 病態的客觀 把別人說的比做事實 太窩囔 才讓小人得志
健身兩小 合理爆吃滷肉飯 不糾結0.幾公斤 再加點荷包蛋 誰管別人怎麼看 不想和我走散 跟著自己的FLOW 身心五告讚 我想要有成為的勇氣 我想要我每次想要 優先想到的都是自己 我知道我有毅力 我想要玩得盡興 難度再升級 ok 先深呼吸
Bridge 扭緊也好 鬆掉也好 wanna be an open book 沒試過的都很酷 感動最好 都很重要 there nothing gonna lose 上了狀態後  哪次收的住
HOOK 玩就要Chill 玩得盡興 玩就要鬆 玩得盡興 玩就要開心 玩得盡興 玩就要快樂 玩得盡興
留言（ 2 ） 最相關留言 所有留言
留言（ 2 ）",2026-09-26,,,False,False,
2026-10-05 15:35:20,weekly,hip_hop,2026,40,10,h0sh1kuzu,理所當然，I’m fine DEMO,6,179,0,https://streetvoice.com/h0sh1kuzu_m4a/songs/881597/,https://streetvoice.com/h0sh1kuzu_m4a/,"https://akstatic.streetvoice.com/song_covers/h0/sh/h0sh1kuzu_m4a/DHTvc4PM5xUc8fzi6n9Wjr.jpg?x-oss-process=image/resize,m_fill,h_400,w_400,limit_0",images/881597.jpg,@h0sh1kuzu_m4a,音樂人,台中市,2025-11-01,,16,50,27,,,https://www.youtube.com/user/StreetVoiceTV,,,Hip hop / Rap,,,,"隨便 我很好 
隨便 我很好","什麼時候從見面就好變不如別來 什麼時候我發病的原因變成了愛 你說早知道就不期待 Ok fine First time？ 我只是累了 又要面對我的錯了 Right? I’m fine 再讓我吃點藥 I’m fine 讓我能都忘掉 I’m fine 時間也已經不太早 是時候沖個澡躺上床再回頭想想曾經的好 I had to go 我不是你想要的那個人 結果會變這樣我幹嘛那麼認真 拖到後面剩下你覺得理所當然的責任 全都是責任 那愛呢 怎麼會消失了 怎麼就消失了 什麼時候從見面就好變不如別來 什麼時候我發病的原因變成了愛 你說早知道就不期待 Ok fine First time？ 我只是累了 又要面對我的錯了 Right? I’m fine 再讓我吃點藥 I’m fine 讓我能都忘掉 I’m fine 時間也已經不太早 是時候沖個澡躺上床再回頭想想曾經的好 曾經的好 也只是停留美好回憶裡的曾經 回不去的曾經 只存在腦海裡的曾經 
什麼時候從見面就好變不如別來 什麼時候我發病的原因變成了愛 你說早知道就不期待 Ok fine First time？ 我只是累了 又要面對我的錯了 Right?
I’m fine 再讓我吃點藥 I’m fine 讓我能都忘掉 I’m fine 時間也已經不太早 是時候沖個澡躺上床再回頭想想曾經的好
I had to go 我不是你想要的那個人 結果會變這樣我幹嘛那麼認真 拖到後面剩下你覺得理所當然的責任 全都是責任 那愛呢 怎麼會消失了 怎麼就消失了
什麼時候從見面就好變不如別來 什麼時候我發病的原因變成了愛 你說早知道就不期待 Ok fine First time？ 我只是累了 又要面對我的錯了 Right?
I’m fine 再讓我吃點藥 I’m fine 讓我能都忘掉 I’m fine 時間也已經不太早 是時候沖個澡躺上床再回頭想想曾經的好
曾經的好 也只是停留美好回憶裡的曾經 回不去的曾經 只存在腦海裡的曾經
留言（ 0 ） 最相關留言 所有留言
留言（ 0 ）",2026-09-28,,,False,False,
2026-10-05 15:35:20,weekly,hip_hop,2026,40,11,h0sh1kuzu,剎那sezna - 魂飛魄散 remix （Demo）,4,130,0,https://streetvoice.com/h0sh1kuzu_m4a/songs/882217/,https://streetvoice.com/h0sh1kuzu_m4a/,"https://akstatic.streetvoice.com/song_covers/h0/sh/h0sh1kuzu_m4a/WgoetiZaEi3KE4PGZbpNVf.jpg?x-oss-process=image/resize,m_fill,h_400,w_400,limit_0",images/882217.jpg,@h0sh1kuzu_m4a,音樂人,台中市,2025-11-01,,16,50,27,,,https://www.youtube.com/user/StreetVoiceTV,,,Hip hop / Rap,,,,"試唱一個 之後弄個完整 感謝剎那老姐借我音檔玩 聽完記得支持正版🙂‍↕️ 
試唱一個 之後弄個完整 感謝剎那老姐借我音檔玩 聽完記得支持正版🙂‍↕️","Find a sunrise in da neon night Like satellite that not can’t come on 將剩餘的信仰burn to ashes 拔下最後的星芒 Set me free Set me free 要多詞不達意 要多虛情假意 才能走進 I Can’t stop 意識正在不斷地消散 虛無與存在的對立 天人交戰 我知道我留不住你但還是在 嘗試從看不見你的黑暗之中緊握試探 我毋知影我到底欲按怎甲你放捒 我毋甘的心內攏是你啊你啊 你啊你啊 講是啊是啊 （人來人去 我放袂落你） 爍啊爍啊 欲死矣死矣 （燈火通明 但我揣無你） 問你會知彼个聲音 （人來人去 我放袂落你） 天頂風花 賜我人生 （燈火通明 但我揣無你） 講袂出喙的話 攏放風吹散咱的命運 講白賊的人 到最後嘛攏提無名分 魂飛魄散 你閣毋看 你掖佇咧空中的壽命 攏是下落不明 毋甘的心內攏是你啊你啊 
Find a sunrise in da neon night Like satellite that not can’t come on 將剩餘的信仰burn to ashes 拔下最後的星芒 Set me free Set me free 要多詞不達意 要多虛情假意 才能走進
I Can’t stop 意識正在不斷地消散 虛無與存在的對立 天人交戰 我知道我留不住你但還是在 嘗試從看不見你的黑暗之中緊握試探 我毋知影我到底欲按怎甲你放捒 我毋甘的心內攏是你啊你啊
你啊你啊 講是啊是啊
（人來人去 我放袂落你）
爍啊爍啊 欲死矣死矣
（燈火通明 但我揣無你）
問你會知彼个聲音
（人來人去 我放袂落你）
天頂風花 賜我人生
（燈火通明 但我揣無你）
講袂出喙的話 攏放風吹散咱的命運 講白賊的人 到最後嘛攏提無名分 魂飛魄散 你閣毋看 你掖佇咧空中的壽命 攏是下落不明 毋甘的心內攏是你啊你啊
留言（ 0 ） 最相關留言 所有留言
留言（ 0 ）",2026-10-02,,,False,False,
2026-10-05 15:35:20,weekly,hip_hop,2026,40,12,翊庭,Magazine Baby,5,107,1,https://streetvoice.com/yiting_chang_/songs/881838/,https://streetvoice.com/yiting_chang_/,"https://akstatic.streetvoice.com/song_covers/yi/ti/yiting_chang_/2wTndJodNT2kGZhux2JVQz.jpeg?x-oss-process=image/resize,m_fill,h_400,w_400,limit_0",images/881838.jpeg,@yiting_chang_,音樂人,,,2022-01-04 18:49,6,1913,3,,https://instagram.com/yiting_chang_,https://www.youtube.com/channel/UCNuqUnM5olqZp7jRcTIw0MA,壞特、楊舒雅、7LING等女聲參戰！文總「She Vibes嬉哈音樂日」6/14 The Wall開唱|||https://blow.streetvoice.com/87678/?utm_source=streetvoice&utm_medium=profile-news-block; 114年流行音樂製作發行補助案 「創作新聲類」獲補助名單公布|||https://blow.streetvoice.com/81788/?utm_source=streetvoice&utm_medium=profile-news-block; 不只有「暈船神曲」！StreetVoice公布2021年五十大熱門歌曲|||https://blow.streetvoice.com/58024/?utm_source=streetvoice&utm_medium=profile-news-block,,Hip hop / Rap,,,,"MAGAZINE BABY 豪華禮盒 ✨ 💪🏻 產品說明 內含容貌焦慮、身材羞辱等你一定也曾有的恐懼 🔥 超早鳥方案 現在下單，加碼贈送「6小時脫水減重」SOP ｜ 豪華包裝 唯一正貨｜ 📞 立刻撥打訂購專線：0800-5252 🤫 折扣通關密語： 如果我可以，你一定也可以 獻給所有夾在主流審美與自我覺醒之間 一邊臣服，一邊掙扎的人 在這場從出生就開始的集體洗腦裡，我們清醒地沉淪 ☆.｡.:*・°･.｡*･.｡* .☆.｡.:* ・°･.｡*･.｡* . 🎵 雜誌寶貝已在各大串流平台登場！ ➡️https://www.submithub.com/link/magazine-baby 🥤 Follow 翊庭 Instagram｜ https://www.instagram.com/yiting_chang_ Youtube｜ https://www.youtube.com/@yiting_chang_ Spotify | https://cutt.ly/yiting_spotify Apple Music | https://cutt.ly/yiting_applemusic 更多串流平台 | https://lnkfi.re/yitingchang .☆.｡.:*・°･.｡*･.｡* .☆.｡.:* ・°･.｡*･.｡* . | Music | 製作人 Producer / A.F 作詞 Lyricist / 翊庭 作曲 Composer / 翊庭 編曲 Arrangement / A.F 錄音 Recording Engineer / A.F 混音 Mixing Engineer / Wayson Scream | Artist Team | 統籌 Coordinator / Eira 概念原創 Concept / 翊庭、Eira 藝人經紀 Artist Manager / 老高 A&R / 瑞發Reva Chen 企劃 Planning / 阿湯 封面設計 Cover Design / Lori | Photography | 攝影 Photographer / Jove Wong 攝助 Photo Assistant / Helen Yeh & Pang Chau 妝髮 MUA / Liz Lee 妝髮助理 MUA Assistant / Pei Yu Tseng 造型 Stylist / Fish Kuang 
MAGAZINE BABY 豪華禮盒 ✨
💪🏻 產品說明 內含容貌焦慮、身材羞辱等你一定也曾有的恐懼 🔥 超早鳥方案 現在下單，加碼贈送「6小時脫水減重」SOP ｜ 豪華包裝 唯一正貨｜ 📞 立刻撥打訂購專線：0800-5252 🤫 折扣通關密語： 如果我可以，你一定也可以 獻給所有夾在主流審美與自我覺醒之間 一邊臣服，一邊掙扎的人 在這場從出生就開始的集體洗腦裡，我們清醒地沉淪
☆.｡.:*・°･.｡*･.｡* .☆.｡.:* ・°･.｡*･.｡* .
🎵 雜誌寶貝已在各大串流平台登場！ ➡️https://www.submithub.com/link/magazine-baby
🥤 Follow 翊庭 Instagram｜ https://www.instagram.com/yiting_chang_ Youtube｜ https://www.youtube.com/@yiting_chang_ Spotify | https://cutt.ly/yiting_spotify Apple Music | https://cutt.ly/yiting_applemusic 更多串流平台 | https://lnkfi.re/yitingchang
https://www.instagram.com/yiting_chang_
https://www.youtube.com/@yiting_chang_
https://cutt.ly/yiting_spotify
https://cutt.ly/yiting_applemusic
https://lnkfi.re/yitingchang
.☆.｡.:*・°･.｡*･.｡* .☆.｡.:* ・°･.｡*･.｡* .
| Music | 製作人 Producer / A.F 作詞 Lyricist / 翊庭 作曲 Composer / 翊庭 編曲 Arrangement / A.F 錄音 Recording Engineer / A.F 混音 Mixing Engineer / Wayson Scream
| Artist Team | 統籌 Coordinator / Eira 概念原創 Concept / 翊庭、Eira 藝人經紀 Artist Manager / 老高 A&R / 瑞發Reva Chen 企劃 Planning / 阿湯 封面設計 Cover Design / Lori
| Photography | 攝影 Photographer / Jove Wong 攝助 Photo Assistant / Helen Yeh & Pang Chau 妝髮 MUA / Liz Lee 妝髮助理 MUA Assistant / Pei Yu Tseng 造型 Stylist / Fish Kuang","動態歌詞
Hey, what's up girl You doing okay in this fucked up world? Hey, what's up girl You doing okay in this fucked up world? So, Free size 到底哪裡free？ 熱量算得比我薪水還仔細 斷食345678 有氧跳到缺氧 但是導演還是不滿意 從小立志成為一個 role model 站上鏡頭wow真的是個肉model 小編幫我多推一點陰影多疊一點 不然粉絲絕對unfollow Big girl with a big dream 想推翻規則要先贏得遊戲 So, being a girl , I gotta fit in 無所不用其極暴力脫水 SOP 抽筋 心悸 利尿劑 know you made it when they let you sing when they let you sing... Be a magazine baby 一起愛自己的身體 改變從現在起 三分基因 七分靠自律 Be a magazine baby 一起愛自己的身體 改變從現在起 立刻入手 甩掉五公斤 被風吹走 像是蒲公英 拉鍊 拉不上 緊身衣 灌香腸 A字裙 塞不下 體重機 不敢量 拉鍊 拉不上 緊身衣 灌香腸 A字裙 塞不下 體重機 不敢量 ( 誰的骨盆最端正？) 我的骨盆最端正！ ( 誰的大腿外側沒有ㄉㄨㄞㄉㄨㄞㄉㄨㄞ....) So why do I do this? 到底是出於我的選擇還是誰的注視？ 當我失去分辨卻一再把話給複製 Losing sight of who to blame I stop thinking , I just play the game Girl, just play the game Be a magazine baby 一起愛自己的身體 改變從現在起 三分基因 七分靠自律 Be a magazine baby 一起愛自己的身體 改變從現在起 立刻入手 甩掉五公斤 被風吹走 像是蒲公英 拉鍊 拉不上 緊身衣 灌香腸 A字裙 塞不下 體重機 不敢量 拉鍊 拉不上 緊身衣 灌香腸 A字裙 塞不下 體重機 不敢量 Hey, what's up girl You doing okay in this fucked up world? Hey, what's up girl You doing okay in this fucked up world? 如果我可以 你一定也可以 你要相信自己 美由你來定義 如果我可以 你一定也可以 你要相信自己 美由你來定義 
Hey, what's up girl You doing okay in this fucked up world? Hey, what's up girl You doing okay in this fucked up world? So, Free size 到底哪裡free？ 熱量算得比我薪水還仔細 斷食345678 有氧跳到缺氧 但是導演還是不滿意 從小立志成為一個 role model 站上鏡頭wow真的是個肉model 小編幫我多推一點陰影多疊一點 不然粉絲絕對unfollow Big girl with a big dream 想推翻規則要先贏得遊戲 So, being a girl , I gotta fit in 無所不用其極暴力脫水 SOP 抽筋 心悸 利尿劑 know you made it when they let you sing when they let you sing... Be a magazine baby 一起愛自己的身體 改變從現在起 三分基因 七分靠自律 Be a magazine baby 一起愛自己的身體 改變從現在起 立刻入手 甩掉五公斤 被風吹走 像是蒲公英 拉鍊 拉不上 緊身衣 灌香腸 A字裙 塞不下 體重機 不敢量 拉鍊 拉不上 緊身衣 灌香腸 A字裙 塞不下 體重機 不敢量 ( 誰的骨盆最端正？) 我的骨盆最端正！ ( 誰的大腿外側沒有ㄉㄨㄞㄉㄨㄞㄉㄨㄞ....) So why do I do this? 到底是出於我的選擇還是誰的注視？ 當我失去分辨卻一再把話給複製 Losing sight of who to blame I stop thinking , I just play the game Girl, just play the game Be a magazine baby 一起愛自己的身體 改變從現在起 三分基因 七分靠自律 Be a magazine baby 一起愛自己的身體 改變從現在起 立刻入手 甩掉五公斤 被風吹走 像是蒲公英 拉鍊 拉不上 緊身衣 灌香腸 A字裙 塞不下 體重機 不敢量 拉鍊 拉不上 緊身衣 灌香腸 A字裙 塞不下 體重機 不敢量 Hey, what's up girl You doing okay in this fucked up world? Hey, what's up girl You doing okay in this fucked up world? 如果我可以 你一定也可以 你要相信自己 美由你來定義 如果我可以 你一定也可以 你要相信自己 美由你來定義
留言（ 1 ） 最相關留言 所有留言
留言（ 1 ）",2026-09-30,,,False,False,
2026-10-05 15:35:20,weekly,hip_hop,2026,40,13,寬平Ekko,0926 memo,8,548,3,https://streetvoice.com/kusyoualreadyknow/songs/881234/,https://streetvoice.com/kusyoualreadyknow/,"https://akstatic.streetvoice.com/song_covers/ku/sy/kusyoualreadyknow/EjUvDqTCuG2RwgTPNbgfdE.jpeg?x-oss-process=image/resize,m_fill,h_400,w_400,limit_0",images/881234.jpeg,@kusyoualreadyknow,音樂人,台北市,2019-09-01,2026-08-12 09:23,6,59,38,,https://www.instagram.com/kuan.xc,https://youtube.com/@kusyoualreadyknow,,,Hip hop / Rap,,,,"我想我會記得 
我想我會記得","Hey you 我現在正在經歷一段痛苦的時期 快承受不住了 那些我對過去自己的質疑 內心崩塌了 無法接受更多外在的刺激 承認吧 就連我自己都快要認不出我自己 Who am I 不知道眼前的路途該向左或向右 But why 內心的雜音依然像窗戶外的大雨滂沱 想說的太多如鯁在喉 抵住的槍口 我知道我變了 我已經變得不再那麼像我 我想過能不依賴 我想過轉身離開 不需再猜忌 不需再在意 灰色地帶 也許我不需要開口 就能夠讀懂我所有期待 如果一切能夠重來 Fuck it 時間沒辦法rewind 如果一切能夠重來 我希望從沒發生真的Pardon me 這根札的太深 太掙扎 我只想抽身到最後卻沒了力 過程中載浮載沉著 到頭來人呢 Lose a part of me 不成功便成仁 漸漸的陷得深 怎麼會又讓我傷了心 我想這就是我的性格 沒辦法把那些我認為最美好的畫面給定格 我知道 一切的一切 回歸原點 不是唯一的 但我也想看到花兒綻放的時候多美麗呢 我想我記得 
Hey you 我現在正在經歷一段痛苦的時期 快承受不住了 那些我對過去自己的質疑 內心崩塌了 無法接受更多外在的刺激 承認吧 就連我自己都快要認不出我自己
Who am I 不知道眼前的路途該向左或向右 But why 內心的雜音依然像窗戶外的大雨滂沱 想說的太多如鯁在喉 抵住的槍口 我知道我變了 我已經變得不再那麼像我
我想過能不依賴 我想過轉身離開 不需再猜忌 不需再在意 灰色地帶 也許我不需要開口 就能夠讀懂我所有期待 如果一切能夠重來 Fuck it 時間沒辦法rewind 如果一切能夠重來 我希望從沒發生真的Pardon me 這根札的太深 太掙扎 我只想抽身到最後卻沒了力 過程中載浮載沉著 到頭來人呢 Lose a part of me 不成功便成仁 漸漸的陷得深 怎麼會又讓我傷了心 我想這就是我的性格 沒辦法把那些我認為最美好的畫面給定格 我知道 一切的一切 回歸原點 不是唯一的 但我也想看到花兒綻放的時候多美麗呢
我想我記得
留言（ 3 ） 最相關留言 所有留言
留言（ 3 ）",2026-09-26,,,False,False,
2026-10-05 15:35:20,weekly,hip_hop,2026,40,14,巫雨彤,失眠,2,114,2,https://streetvoice.com/Sub_attack_715/songs/882219/,https://streetvoice.com/Sub_attack_715/,"https://akstatic.streetvoice.com/song_covers/Su/b_/Sub_attack_715/g2aNo8JVfyUZDsJqvFRTBc.jpg?x-oss-process=image/resize,m_fill,h_400,w_400,limit_0",images/882219.jpg,@Sub_attack_715,音樂人,雲林縣,2024-08-01,,40,15,2,,,https://www.youtube.com/user/StreetVoiceTV,,,Hip hop / Rap,,,,,"明明都累了 卻還只是躺著 是睡不著的人 明明都走了 卻還在那站著 依依不捨的人 已經夠了  腦袋都刪光 容不下一半點的思考 只剩下沒意義的標點符號 已經夠了 寫滿的紙張 想要塗掉卻做不到 憤怒的看着自己 就像個智障一樣 
明明都累了 卻還只是躺著 是睡不著的人
明明都走了 卻還在那站著 依依不捨的人
已經夠了  腦袋都刪光 容不下一半點的思考 只剩下沒意義的標點符號
已經夠了 寫滿的紙張 想要塗掉卻做不到 憤怒的看着自己 就像個智障一樣
留言（ 2 ） 最相關留言 所有留言
留言（ 2 ）",2026-10-02,,,False,False,
2026-10-05 15:35:20,weekly,hip_hop,2026,40,15,CELL,BALANCE,14,341,2,https://streetvoice.com/shiny_disk_hit/songs/881125/,https://streetvoice.com/shiny_disk_hit/,"https://akstatic.streetvoice.com/profile_images/sh/in/shiny_disk_hit/2qJ3XbzJsFvRMciMb6DmXZ.jpg?x-oss-process=image/resize,m_fill,h_400,w_400,limit_0",images/881125.jpg,@shiny_disk_hit,音樂人,花蓮縣,2022-08-01,,3,49,10,,,https://www.youtube.com/user/StreetVoiceTV,辦一趟可能取消的巡迴？deca joins、無妄合作社公布「Cancelled巡迴取消」T-Shirt販售計畫|||https://blow.streetvoice.com/49414/?utm_source=streetvoice&utm_medium=profile-news-block; 日本音樂兄弟檔KICELL開唱 攜手洪申豪站台|||https://blow.streetvoice.com/5074/?utm_source=streetvoice&utm_medium=profile-news-block; 第18屆Freshmusic Awards得獎名單揭曉 陶晶瑩首次參與評審|||https://blow.streetvoice.com/81270/?utm_source=streetvoice&utm_medium=profile-news-block,,Hip hop / Rap,,,ocio,"要如何去平衡這一些愛 我沒有答案 作詞作曲 Lyricist | C1LL 錄音 Recording Engineer | Ocio 錄音工作室 Recording Studio | Ocio 混音 Mixing Engineer | Ocio 母帶 Mastering Engineer | Ocio 
要如何去平衡這一些愛 我沒有答案
作詞作曲 Lyricist | C1LL 錄音 Recording Engineer | Ocio 錄音工作室 Recording Studio | Ocio 混音 Mixing Engineer | Ocio 母帶 Mastering Engineer | Ocio","I'm gonna beat for the talent 那些少說的 Silent 和你走過的Southside 帶我離開這裡 像是妳的吻 我的心無法對準 妳也早就已經淘汰 但我也只是扎心的虧損 是我輸掉的賠本 我懂妳也不說話 我們不要這樣衝動的講話 時間到了就走你還需要演嗎 還有那一些傷口的血液都不斷的滴著 那是考驗決定那刺傷的心門 是討厭還是那厭倦的精神 I feel like mind 妳也最好在聽著 絢爛的Silent 相關的 balance 放縱和快樂 那不好的猜測 我差勁的敗了 我最後才明白妳心早不在呢 還記得那是平凡的下雨天 雨滴還有淚滴劃過妳的臉 她又抓住我的手還有說幾遍 但也不是妳的錯是我的底線 Got the 2 4 to my life I should tell you I can't lie Never see you can cry all night 對妳說過那些畫面不存在 
I'm gonna beat for the talent 那些少說的 Silent 和你走過的Southside 帶我離開這裡 像是妳的吻 我的心無法對準 妳也早就已經淘汰 但我也只是扎心的虧損 是我輸掉的賠本 我懂妳也不說話 我們不要這樣衝動的講話 時間到了就走你還需要演嗎 還有那一些傷口的血液都不斷的滴著 那是考驗決定那刺傷的心門 是討厭還是那厭倦的精神 I feel like mind 妳也最好在聽著 絢爛的Silent 相關的 balance 放縱和快樂 那不好的猜測 我差勁的敗了 我最後才明白妳心早不在呢 還記得那是平凡的下雨天 雨滴還有淚滴劃過妳的臉 她又抓住我的手還有說幾遍 但也不是妳的錯是我的底線 Got the 2 4 to my life I should tell you I can't lie Never see you can cry all night 對妳說過那些畫面不存在
留言（ 2 ） 最相關留言 所有留言
留言（ 2 ）",2026-09-25,,,False,False,
2026-10-05 15:35:20,weekly,hip_hop,2026,40,16,h0sh1kuzu,Take it slow,8,438,4,https://streetvoice.com/h0sh1kuzu_m4a/songs/881150/,https://streetvoice.com/h0sh1kuzu_m4a/,"https://akstatic.streetvoice.com/song_covers/h0/sh/h0sh1kuzu_m4a/7xbiu3eFt78t67wLfWLzt6.jpg?x-oss-process=image/resize,m_fill,h_400,w_400,limit_0",images/881150.jpg,@h0sh1kuzu_m4a,音樂人,台中市,2025-11-01,,16,50,27,,,https://www.youtube.com/user/StreetVoiceTV,,,Hip hop / Rap,,,,"暈船歌 
暈船歌","在盛夏的結尾 抽著菸 在深夜 思考那字句描述的夠不夠體面 那晚我徹夜難眠 思念籠罩你的容貌覆蓋著一層懸念 想跟你成家立業 在你哭泣時伸手拭去眼淚 氣氛已然完備 你的一顰一笑都如此完美 Take it slow 讓霓虹替我們沉默 不必承諾 也別急著說出口 Take it slow Just take it slower, baby 呼吸落在同一個節奏 這一秒 有你在就足夠 在你指尖殘留的香水味 游移不定的眼神中帶著沈醉 就算是直球對決 誰也沒戳破 曖昧才顯得安全 如果害怕需要挽留 請你就別急著回頭 把心跳都留給沉默 讓眼神代替那雙手 Stay with me Oh baby stay with me Take it slow 讓霓虹替我們沉默 不必承諾 也別急著說出口 Take it slow Just take it slower, baby 呼吸落在同一個節奏 這一秒 有你在就足夠 雙手是空的 這轉變太快還來不及習慣 回憶那一晚 你笑容和氛圍顯得多自然 你說你太危險要我注意不要太喜歡 然後默默遞過你的飲料上面用著同一隻吸管 Shit 怎麼會那麼暈 這感覺太久沒有像軍人全裝在大中午行軍 我現在真的有點法離開太久居然開始相信 喔好吧我認了你說的是對的 但我不聽 但我不聽話 除了dirty talk All about love 不都是在追逐著快樂 哪有人進門就說有點熱我明明有開冷氣 本來是這麼想直到我第一次感受到炙熱的身體 在意識和意識間用 舌頭連結起 接下來發生的事情我想我還是放在心裡 也許過了今晚就能淡然結束我的任期 騙你的我他媽暈得要死 要我怎麼裝不在意 
在盛夏的結尾 抽著菸 在深夜 思考那字句描述的夠不夠體面 那晚我徹夜難眠 思念籠罩你的容貌覆蓋著一層懸念 想跟你成家立業 在你哭泣時伸手拭去眼淚 氣氛已然完備 你的一顰一笑都如此完美
Take it slow 讓霓虹替我們沉默 不必承諾 也別急著說出口 Take it slow Just take it slower, baby 呼吸落在同一個節奏 這一秒 有你在就足夠
在你指尖殘留的香水味 游移不定的眼神中帶著沈醉 就算是直球對決 誰也沒戳破 曖昧才顯得安全 如果害怕需要挽留 請你就別急著回頭 把心跳都留給沉默 讓眼神代替那雙手
Stay with me Oh baby stay with me
Take it slow 讓霓虹替我們沉默 不必承諾 也別急著說出口 Take it slow Just take it slower, baby 呼吸落在同一個節奏 這一秒 有你在就足夠
雙手是空的 這轉變太快還來不及習慣 回憶那一晚 你笑容和氛圍顯得多自然 你說你太危險要我注意不要太喜歡 然後默默遞過你的飲料上面用著同一隻吸管 Shit 怎麼會那麼暈 這感覺太久沒有像軍人全裝在大中午行軍 我現在真的有點法離開太久居然開始相信 喔好吧我認了你說的是對的 但我不聽
但我不聽話 除了dirty talk All about love 不都是在追逐著快樂 哪有人進門就說有點熱我明明有開冷氣 本來是這麼想直到我第一次感受到炙熱的身體 在意識和意識間用 舌頭連結起 接下來發生的事情我想我還是放在心裡 也許過了今晚就能淡然結束我的任期 騙你的我他媽暈得要死 要我怎麼裝不在意
留言（ 4 ） 最相關留言 所有留言
留言（ 4 ）",2026-09-26,,,False,False,
2026-10-05 15:35:20,weekly,hip_hop,2026,40,17,minho,大學下雨不淋濕雙腳(demo),1,166,1,https://streetvoice.com/minhominho/songs/881455/,https://streetvoice.com/minhominho/,"https://akstatic.streetvoice.com/song_covers/mi/nh/minhominho/VToGRx8ACoh458pUG3aK7g.jpeg?x-oss-process=image/resize,m_fill,h_400,w_400,limit_0",images/881455.jpeg,@minhominho,音樂人,桃園市,2023-02-01,,2,7,2,,,https://www.youtube.com/user/StreetVoiceTV,現場直擊：The Next Big Thing 大團誕生 開發場 4|||https://blow.streetvoice.com/33935/?utm_source=streetvoice&utm_medium=profile-news-block,,Hip hop / Rap,,,,"上大學後還沒下過雨 
上大學後還沒下過雨","I don't know what to tell them that get a chill點vibe 多去睡覺少點紅眼time 沒關係像液態氮到冰點 我心願 能聽見 下雨滴在每個面和音節 but still wasted Taste it more goals 'n passion 心態是否能夠達到那位階 不強求 如洋流般 反正也類似 不如慢慢的構築你說紀念的墜飾 隨著自然擺動那是最純粹的節拍 走二十分鐘太陽很大店卻沒開 煩惱跟真誠都全賣 在現在這不太清爽的年代 通勤下雨妳可能需要雨傘 你可以封上我嘴但是折不斷我筆桿 批判著自我總說不是我的正事 這種所謂不太真誠的話 你們得認識 大學下雨不淋濕雙腳 再添一句賤嗎 真的剛好 都不開傘 卻不會除去臉上狀造 坦白說不就是想要 大學下雨只淋濕大腦 明天就要感冒 那也剛好 只需忙笑 過去沒必要再強調 或許時間過了就要放掉 不知不覺就開始 十幾二十的人不追社會就是大孩子 睡在拍子 不思考四遍就被當呆子 寧願呆滯 不願陷入飛蚊（緋聞）處境被一掌給拍死 下雨路上坑坑洞洞 磕磕碰碰 沉沉重重不被 人們重用 那平平淡淡 迷離爛漫 停停看看 平平安安就超越剛睡醒的情形渙散 走向陌生恐懼不熟悉世界 在每個早晚每個陰晴每個日夜 邊致謝過去把我心情點碎 一戳痛點那魯伯特的眼淚 烏雲密佈 不在頭頂盤旋 請不繫住 不與過去纏綿 管你雷暴天或晴天 這是我自己故事 不用了解 只需要知道我很固執 這種事發生一年又一年 心態消失那段壞的期間 這種事發生一年又一年 但望心態逐漸轉正 不酒精 不坐冷板凳 
I don't know what to tell them that get a chill點vibe 多去睡覺少點紅眼time 沒關係像液態氮到冰點 我心願 能聽見 下雨滴在每個面和音節 but still wasted Taste it more goals 'n passion 心態是否能夠達到那位階 不強求 如洋流般 反正也類似 不如慢慢的構築你說紀念的墜飾 隨著自然擺動那是最純粹的節拍 走二十分鐘太陽很大店卻沒開 煩惱跟真誠都全賣 在現在這不太清爽的年代 通勤下雨妳可能需要雨傘 你可以封上我嘴但是折不斷我筆桿 批判著自我總說不是我的正事 這種所謂不太真誠的話 你們得認識
大學下雨不淋濕雙腳 再添一句賤嗎 真的剛好 都不開傘 卻不會除去臉上狀造 坦白說不就是想要 大學下雨只淋濕大腦 明天就要感冒 那也剛好 只需忙笑 過去沒必要再強調 或許時間過了就要放掉
不知不覺就開始 十幾二十的人不追社會就是大孩子 睡在拍子 不思考四遍就被當呆子 寧願呆滯 不願陷入飛蚊（緋聞）處境被一掌給拍死 下雨路上坑坑洞洞 磕磕碰碰 沉沉重重不被 人們重用 那平平淡淡 迷離爛漫 停停看看 平平安安就超越剛睡醒的情形渙散 走向陌生恐懼不熟悉世界 在每個早晚每個陰晴每個日夜 邊致謝過去把我心情點碎 一戳痛點那魯伯特的眼淚 烏雲密佈 不在頭頂盤旋 請不繫住 不與過去纏綿 管你雷暴天或晴天 這是我自己故事 不用了解 只需要知道我很固執
這種事發生一年又一年 心態消失那段壞的期間 這種事發生一年又一年 但望心態逐漸轉正 不酒精 不坐冷板凳
留言（ 1 ） 最相關留言 所有留言
留言（ 1 ）",2026-09-27,,,False,False,
2026-10-05 15:35:20,weekly,hip_hop,2026,40,18,D-R¥DE,放手（Let go）,6,221,2,https://streetvoice.com/ttt_ryder/songs/881159/,https://streetvoice.com/ttt_ryder/,"https://akstatic.streetvoice.com/song_covers/tt/t_/ttt_ryder/XGgpUKjB4JEbucFLJ7LyWH.jpg?x-oss-process=image/resize,m_fill,h_400,w_400,limit_0",images/881159.jpg,@ttt_ryder,音樂人,,,,10,4,3,,,https://www.youtube.com/user/StreetVoiceTV,,,Hip hop / Rap,,,,"詞：D-R¥DE 曲：D-R¥DE 製/混：楊錫瑾 阿爾敏·亞魯雷特：「什麼都無法捨棄的人，什麼都改變不了」 YT: https://youtu.be/uJV1MMA1hbo?si=YZ2PL2ADFjrgRHg4 
詞：D-R¥DE 曲：D-R¥DE 製/混：楊錫瑾
阿爾敏·亞魯雷特：「什麼都無法捨棄的人，什麼都改變不了」 YT: https://youtu.be/uJV1MMA1hbo?si=YZ2PL2ADFjrgRHg4
https://youtu.be/uJV1MMA1hbo?si=YZ2PL2ADFjrgRHg4","什麼都無法捨棄的人 什麼都改變不了 把一切放進了口袋 最後怎麼都甩不掉 總覺得一個人能夠擁有所有美好 直到挽留不成 才懂得放下的重要 我早就知道 我應該放手 但過去的自己糾纏著我 總覺得一個人能夠擁有所有美好 直到挽留不成 才懂得放下的重要 不斷糾結過去到底有甚麼好 在低估持續徘徊 I'm just running around 早該放下過去 投入未來的懷抱 Now I'm struggling 陷入無盡的煩惱 想要鬆開手 but I just can let go I hope you feel my pain 這不是我的錯 證明我的過去 曾經擁有過 我需要多點時間讓自己沉默 止不住地想念 在心中逐漸發了芽 放手的那天 我心中早已沒了她 空洞的雙眼 再度開出鮮豔的話花 Sometimes we should let go 尋找更適合的回答 什麼都無法捨棄的人 什麼都改變不了 把一切放進了口袋 最後怎麼都甩不掉 總覺得一個人能夠擁有所有美好 直到挽留不成 才懂得放下的重要 我早就知道 我應該放手 但過去的自己糾纏著我 總覺得一個人能夠擁有所有美好 直到挽留不成 才懂得放下的重要 我的心中終於多了空位 放下心中大石新的風味 依舊的不捨 在心底住著 依舊的無奈正在後面追 I know its hard to let go 適當的取捨不是我的錯 當我回到了現實逃出我的夢 過去的點滴 至少經歷過 telling myself is all okay 別管捨不得的心情作祟 保持著如此 all the way I know it's hard but my faith won't fade 拋去那悲傷我祈求著 面對那 新生活新的人 we must let something go 尋找個屬於自己的人生 止不住地想念 在心中逐漸發了芽 放手的那天 我心中早已沒了她 空洞的雙眼 再度開出鮮豔的話花 Sometimes we should let go 什麼都無法捨棄的人 什麼都改變不了 把一切放進了口袋 最後怎麼都甩不掉 總覺得一個人能夠擁有所有美好 直到挽留不成 才懂得放下的重要 我早就知道 我應該放手 但過去的自己糾纏著我 總覺得一個人能夠擁有所有美好 直到挽留不成 才懂得放下的重要 
什麼都無法捨棄的人 什麼都改變不了 把一切放進了口袋 最後怎麼都甩不掉 總覺得一個人能夠擁有所有美好 直到挽留不成 才懂得放下的重要 我早就知道 我應該放手 但過去的自己糾纏著我 總覺得一個人能夠擁有所有美好 直到挽留不成 才懂得放下的重要
不斷糾結過去到底有甚麼好 在低估持續徘徊 I'm just running around 早該放下過去 投入未來的懷抱 Now I'm struggling 陷入無盡的煩惱
想要鬆開手 but I just can let go I hope you feel my pain 這不是我的錯 證明我的過去 曾經擁有過 我需要多點時間讓自己沉默
止不住地想念 在心中逐漸發了芽 放手的那天 我心中早已沒了她 空洞的雙眼 再度開出鮮豔的話花 Sometimes we should let go 尋找更適合的回答
什麼都無法捨棄的人 什麼都改變不了 把一切放進了口袋 最後怎麼都甩不掉 總覺得一個人能夠擁有所有美好 直到挽留不成 才懂得放下的重要 我早就知道 我應該放手 但過去的自己糾纏著我 總覺得一個人能夠擁有所有美好 直到挽留不成 才懂得放下的重要
我的心中終於多了空位 放下心中大石新的風味 依舊的不捨 在心底住著 依舊的無奈正在後面追
I know its hard to let go 適當的取捨不是我的錯 當我回到了現實逃出我的夢 過去的點滴 至少經歷過
telling myself is all okay 別管捨不得的心情作祟 保持著如此 all the way I know it's hard but my faith won't fade
拋去那悲傷我祈求著 面對那 新生活新的人 we must let something go 尋找個屬於自己的人生
止不住地想念 在心中逐漸發了芽 放手的那天 我心中早已沒了她 空洞的雙眼 再度開出鮮豔的話花 Sometimes we should let go
什麼都無法捨棄的人 什麼都改變不了 把一切放進了口袋 最後怎麼都甩不掉 總覺得一個人能夠擁有所有美好 直到挽留不成 才懂得放下的重要 我早就知道 我應該放手 但過去的自己糾纏著我 總覺得一個人能夠擁有所有美好 直到挽留不成 才懂得放下的重要
留言（ 2 ） 最相關留言 所有留言
留言（ 2 ）",2026-09-26,,,False,False,
2026-10-05 15:35:20,weekly,hip_hop,2026,40,19,Easy Mind,不AI,1,82,1,https://streetvoice.com/EasyMindMusic/songs/880987/,https://streetvoice.com/EasyMindMusic/,"https://akstatic.streetvoice.com/song_covers/Ea/sy/EasyMindMusic/5qYQTds6TdX4XwPSQXZNzp.jpeg?x-oss-process=image/resize,m_fill,h_400,w_400,limit_0",images/880987.jpeg,@EasyMindMusic,音樂人,北京,2018-04-01,,27,25,8,,,https://www.youtube.com/user/StreetVoiceTV,百合花與苗可麗為大港開唱彩排 搶先釋出合作歌曲〈愛情限時批〉|||https://blow.streetvoice.com/73082/?utm_source=streetvoice&utm_medium=profile-news-block; 2024大港開唱全陣容＆時程表公開！閃靈成海龍王開場、滿島光撞草東|||https://blow.streetvoice.com/72865/?utm_source=streetvoice&utm_medium=profile-news-block; 大港開唱公布最終波壓軸陣容！閃靈預告演出將結合5G最新科技|||https://blow.streetvoice.com/72791/?utm_source=streetvoice&utm_medium=profile-news-block,,Hip hop / Rap,,,,"如今幾秒鐘就能用AI生成一首歌，那為什麼還要花大把時間「手搓」寫歌？因為對我來說，只有親自創作的音樂才算是真正的原創音樂。手搓的結果不一定比AI做得更好，那又怎樣？或許，我們本來就不該把結果當作人生的意義。你看，今天我又手搓了一首歌，但我不只是手搓，我是在生活，過我喜歡的生活。 詞曲 / 編曲 / 製作：Easy Mind 取樣：The Love Unlimited Orchestra - Give Up Your Love Girl (1975) 
如今幾秒鐘就能用AI生成一首歌，那為什麼還要花大把時間「手搓」寫歌？因為對我來說，只有親自創作的音樂才算是真正的原創音樂。手搓的結果不一定比AI做得更好，那又怎樣？或許，我們本來就不該把結果當作人生的意義。你看，今天我又手搓了一首歌，但我不只是手搓，我是在生活，過我喜歡的生活。
詞曲 / 編曲 / 製作：Easy Mind 取樣：The Love Unlimited Orchestra - Give Up Your Love Girl (1975)","Say what say what No AI no AI Say what say what I said no AI 當我真的在 說愛 真的愛 不是來自AI 大品牌 更新到十八代 但我還是更在乎你心態 That’s right 如何把壓抑變成期待 愛可以消去冰冷傷害 如果人類的幸福指數崩壞 那是因為對科技太過依賴 丟了愛 要和誰分享回憶 Not AI Not AI 要做真實的自己 我真的不AI 真的不AI 雖然慢 但是享受過程就不會有遺憾 親手畫出你心裡的圖案 經歷挫折才會通往答案 多出去看看世界 少評判 大數據懂你消費的習慣 購物車裡面東西塞的太滿 太多的幻覺 意識到的太晚 太晚 要和誰傳達心意 Not AI Not AI 要做唯一的自己 我真的不AI 真的不AI Hey boss, now pardon me （嘿老闆，抱歉了） I need originality （我需要原創性） Fake voice, same melody （偽造的嗓音，重複的旋律） It don’t mean anything to me （對我來說沒有意義） You can generate right away （你可以馬上生成） But it don’t mean anything to me （但這對我來說沒有意義） Dreamin’ like you don’t wanna wake （你可以一直做夢不醒來） But it don’t mean anything to me （但這對我來說沒有意義） 要和誰分享回憶 （別忘了有人還在等你） Not AI Not AI 要做真實的自己 我真的不AI 真的不AI 
Say what say what No AI no AI Say what say what I said no AI
當我真的在 說愛 真的愛 不是來自AI 大品牌 更新到十八代 但我還是更在乎你心態 That’s right 如何把壓抑變成期待 愛可以消去冰冷傷害 如果人類的幸福指數崩壞 那是因為對科技太過依賴 丟了愛
要和誰分享回憶 Not AI Not AI
要做真實的自己 我真的不AI 真的不AI
雖然慢 但是享受過程就不會有遺憾 親手畫出你心裡的圖案 經歷挫折才會通往答案 多出去看看世界 少評判 大數據懂你消費的習慣 購物車裡面東西塞的太滿 太多的幻覺 意識到的太晚 太晚
要和誰傳達心意 Not AI Not AI
要做唯一的自己 我真的不AI 真的不AI
Hey boss, now pardon me （嘿老闆，抱歉了） I need originality （我需要原創性） Fake voice, same melody （偽造的嗓音，重複的旋律） It don’t mean anything to me （對我來說沒有意義） You can generate right away （你可以馬上生成） But it don’t mean anything to me （但這對我來說沒有意義） Dreamin’ like you don’t wanna wake （你可以一直做夢不醒來） But it don’t mean anything to me （但這對我來說沒有意義）
要和誰分享回憶 （別忘了有人還在等你） Not AI Not AI
要做真實的自己 我真的不AI 真的不AI
留言（ 1 ） 最相關留言 所有留言
留言（ 1 ）",2026-09-24,,編輯推薦,True,False,
2026-10-05 15:35:20,weekly,hip_hop,2026,40,20,ソビ soby,愛妳是,2169,236014,76,https://streetvoice.com/moocusmoo/songs/803176/,https://streetvoice.com/moocusmoo/,"https://akstatic.streetvoice.com/song_covers/mo/oc/moocusmoo/8cNT8pap9aDHSuPff3hxXn.jpg?x-oss-process=image/resize,m_fill,h_400,w_400,limit_0",images/803176.jpg,@moocusmoo,音樂人,,,,13,1425,,,,https://www.youtube.com/user/StreetVoiceTV,第三屆「街聲年度音樂趨勢大獎」盛大登場！李竺芯：「街聲見證了我，金曲獎前面這些大家看不到的歷程！」|||https://blow.streetvoice.com/85903/?utm_source=streetvoice&utm_medium=profile-news-block; 成軍20年首度來台開唱！日本樂團CreepHyp確定出演浪人祭|||https://blow.streetvoice.com/82169/?utm_source=streetvoice&utm_medium=profile-news-block,,Hip hop / Rap,,,,"Original instrumental by Nujabes Original song Luv sic pt2: https://youtu.be/orZdl3KqgzU?si=h5EgyT3rZLpAyj9X This video is a non profit fan work remix Solely to express my love for the song the musicians and its beautiful instrumental ❤️ I promise not to commercialize this music in any way without permission from the original creators RECORDED MIXED & MASTERED BY: https://www.instagram.com/7oiichi?igsh=MXJpaTV0Y3Y3ZXVkZA== Instrumental downloaded from: https://youtu.be/PIasVnc8dEc?si=kPur5TPGm0EzrDda 
Original instrumental by Nujabes
Original song Luv sic pt2: https://youtu.be/orZdl3KqgzU?si=h5EgyT3rZLpAyj9X
https://youtu.be/orZdl3KqgzU?si=h5EgyT3rZLpAyj9X
This video is a non profit fan work remix Solely to express my love for the song the musicians and its beautiful instrumental ❤️
I promise not to commercialize this music in any way without permission from the original creators
RECORDED MIXED & MASTERED BY:
https://www.instagram.com/7oiichi?igsh=MXJpaTV0Y3Y3ZXVkZA==
https://www.instagram.com/7oiichi?igsh=MXJpaTV0Y3Y3ZXVkZA==
Instrumental downloaded from: https://youtu.be/PIasVnc8dEc?si=kPur5TPGm0EzrDda
https://youtu.be/PIasVnc8dEc?si=kPur5TPGm0EzrDda","興奮到想馬上衝回家跟老媽說 我再也不回來要跟她搬到離島住 靠北真的 妳好酷 但愛 you gotta show me how to do it tho 像胰島素 這種感覺兄弟們可不會懂 除了妳的平靜沒有東西更能撫慰我 不想回家願在腳踏車道騎到吐 希望著迷倒我的妳也被我迷倒too 對你有點認真這句不押你老木 但祈禱哭著笑和笑著哭 我都能寫清楚bars 沒有妳給我的靈感讓我血清素大失 關係撇清不踏實 不想胡來是過程 不是寫情書大師 但交五百字作文 描述藝術家都詬病的深情 雖然很不酷 但hoping能跟妳 永遠躲進個森林 即便不樂見但倘若有個痛心的分離 Either way 這輩子是段最有後勁的生命 別拘謹把我心房當家chilling 架上的空間讓妳放下行李 Oh we none stop 形影不離fun stuff 與妳 Trust me girl it ain’t just a tomcat feeling 怎能讓她青睞 我常常反問自己 are we on that thin line 就喜歡這樣怎麼都看當下心情 Trust me girl it ain’t just a tomcat feeling Ain’t a tomcat thing 愛妳是 沒辦法接受我一個人 畢竟每次跟妳看得夕陽都很美 愛妳是 害怕我給妳太多責任 但行為舉止總是不小心說溜了嘴 愛妳是也許我們也不用在一起 愛妳是感染妳時就當我在意妳 愛妳是當陰影糾纏時能暫時當作我都忘記 愛妳是每次妳才剛走我就想妳 如果我能重新再認識妳一次 剛好在轉角處看到妳一個人走市集 手上提著很多飾品 禮盒跟酒4瓶 差點忘了解答那些妳懷疑的各種事情 Pull up to u 雙手放開騎車那種自信 How u doing 妳我像失散的貓與主人 妳和雨聲多配 這樣的歌能聽整首 配合唱幾聲do re 其他話留在清晨說 愛需要舉證多累沒為什麼 今天看海 我倆跟魚神有約 三個人共桌的聚餐 跳慢動作的預判妳的舞步 怕妳鬆手了 遇上妳就好似一場夢播了序章 也許看清愛是尊重 大部份的話我胡說 沒辦法讓妳知道我在乎 是怕我不夠 自己一人騎車腦裡早就到天邊 在公園裡繞圈圈 因為愛妳使 我不太理智 So 愛妳是 沒辦法接受我一個人 畢竟每次跟妳看得清晨都很美 愛妳是 害怕我給妳太多責任 但行為舉止總是不小心說溜了嘴 愛妳是也許我們也不用在一起 愛妳是感染妳時就當我在意妳 愛妳是當陰影糾纏時能暫時當作我都忘記 愛妳是每次妳才剛走我就想妳 愛妳是常把真實的情感忍住 停歇思考又反覆評鑑著自我價值 在妳面前裝得冷酷一遍一遍的等 To be fair 對我來說妳的喜好依然很不明確 但也是妳的特別之處 也許不在彼此身邊我們個別吃醋 在訊息說著重複的話 幽默的默契開心一點不廢功夫的 哪都好the only place we wanna be is close to the heart don’t go 不論是沿海山區甚至以後去到花東走 會發現世界才就這麼大當只有妳和我 相處時難免會變得健忘當妳佔據我的腦 希望以後能一起變胖 But it ain’t now 因為對我來說愛是一種監禁 我只想為妳平衡自由和付出的天秤 知道我的一切任妳怎麼搜刮都酷 就躺在sofa通鋪I’ll tell you so far so good 
興奮到想馬上衝回家跟老媽說 我再也不回來要跟她搬到離島住 靠北真的 妳好酷 但愛 you gotta show me how to do it tho 像胰島素 這種感覺兄弟們可不會懂 除了妳的平靜沒有東西更能撫慰我 不想回家願在腳踏車道騎到吐 希望著迷倒我的妳也被我迷倒too 對你有點認真這句不押你老木 但祈禱哭著笑和笑著哭 我都能寫清楚bars 沒有妳給我的靈感讓我血清素大失 關係撇清不踏實 不想胡來是過程 不是寫情書大師 但交五百字作文 描述藝術家都詬病的深情 雖然很不酷 但hoping能跟妳 永遠躲進個森林 即便不樂見但倘若有個痛心的分離 Either way 這輩子是段最有後勁的生命 別拘謹把我心房當家chilling 架上的空間讓妳放下行李 Oh we none stop 形影不離fun stuff 與妳 Trust me girl it ain’t just a tomcat feeling 怎能讓她青睞 我常常反問自己 are we on that thin line 就喜歡這樣怎麼都看當下心情 Trust me girl it ain’t just a tomcat feeling Ain’t a tomcat thing
愛妳是 沒辦法接受我一個人 畢竟每次跟妳看得夕陽都很美 愛妳是 害怕我給妳太多責任 但行為舉止總是不小心說溜了嘴 愛妳是也許我們也不用在一起 愛妳是感染妳時就當我在意妳 愛妳是當陰影糾纏時能暫時當作我都忘記 愛妳是每次妳才剛走我就想妳
如果我能重新再認識妳一次 剛好在轉角處看到妳一個人走市集 手上提著很多飾品 禮盒跟酒4瓶 差點忘了解答那些妳懷疑的各種事情 Pull up to u 雙手放開騎車那種自信 How u doing 妳我像失散的貓與主人 妳和雨聲多配 這樣的歌能聽整首 配合唱幾聲do re 其他話留在清晨說 愛需要舉證多累沒為什麼 今天看海 我倆跟魚神有約 三個人共桌的聚餐 跳慢動作的預判妳的舞步 怕妳鬆手了 遇上妳就好似一場夢播了序章 也許看清愛是尊重 大部份的話我胡說 沒辦法讓妳知道我在乎 是怕我不夠 自己一人騎車腦裡早就到天邊 在公園裡繞圈圈 因為愛妳使 我不太理智 So
愛妳是 沒辦法接受我一個人 畢竟每次跟妳看得清晨都很美 愛妳是 害怕我給妳太多責任 但行為舉止總是不小心說溜了嘴 愛妳是也許我們也不用在一起 愛妳是感染妳時就當我在意妳 愛妳是當陰影糾纏時能暫時當作我都忘記 愛妳是每次妳才剛走我就想妳
愛妳是常把真實的情感忍住 停歇思考又反覆評鑑著自我價值 在妳面前裝得冷酷一遍一遍的等 To be fair 對我來說妳的喜好依然很不明確 但也是妳的特別之處 也許不在彼此身邊我們個別吃醋 在訊息說著重複的話 幽默的默契開心一點不廢功夫的 哪都好the only place we wanna be is close to the heart don’t go 不論是沿海山區甚至以後去到花東走 會發現世界才就這麼大當只有妳和我 相處時難免會變得健忘當妳佔據我的腦 希望以後能一起變胖 But it ain’t now 因為對我來說愛是一種監禁 我只想為妳平衡自由和付出的天秤 知道我的一切任妳怎麼搜刮都酷 就躺在sofa通鋪I’ll tell you so far so good
留言（ 76 ） 最相關留言 所有留言
留言（ 76 ）",2025-02-25,,Song of the Day; 週排行冠軍; 達人推薦; 編輯推薦,True,True,https://streetvoice.com/moocusmoo/songs/803176/critic_reviews/
2026-10-05 15:35:20,weekly,hip_hop,2026,40,21,許千九 Smoky,AVD DEMO,6,217,1,https://streetvoice.com/d8g448r7qy/songs/881140/,https://streetvoice.com/d8g448r7qy/,"https://akstatic.streetvoice.com/song_covers/d8/g4/d8g448r7qy/6bZdvnRdxkkTSyDJFKnPqH.jpeg?x-oss-process=image/resize,m_fill,h_400,w_400,limit_0",images/881140.jpeg,@d8g448r7qy,音樂人,,,,5,16,2,,,https://www.youtube.com/user/StreetVoiceTV,,,Hip hop / Rap,,,,"無任何引導 純粹想像力作品 
無任何引導 純粹想像力作品","I wanna cuddle just keep me tonight Want you to wake me up stay by my side Don’t you know luv is a lie U are a liar I lied I keep on doing this shit I keep on doing this shit I’m not feeling like I gonna lie To me I gonna lie in my passion Keep on doing this to me I’m not feeling like I’m gonna slip out of the bed Unless u teach me I keep on doing this shit I I I keep on I keep on doing this shit I’m not feeling like I Unless u miss me Unless u promise to be my boo Unless u make me lose my cool Unless u 跟我一樣想要的幸福 Unless u 偶爾會來我家住 Sorry 有時候我想不起你 也希望特別的日子被慶祝 Sorry I got my own anxiety 還是說我其實能夠被記住 Run run run run run running I keep on running from you I keep on running ‘Cause u a liar Baby I can’t get close enough Baby I can’t trust u enough Baby cut it out dats enough Baby One more kiss dats enough I keep on doing this shit I don’t even trust you I got my trust issues no So are u the one 這全都不算 這全都不算 這全都不算 Baby I can’t get close enough Baby I can’t trust u enough Baby cut it out dats enough Baby One more kiss dats enough 
I wanna cuddle just keep me tonight Want you to wake me up stay by my side Don’t you know luv is a lie U are a liar I lied I keep on doing this shit
I keep on doing this shit I’m not feeling like I gonna lie To me I gonna lie in my passion Keep on doing this to me I’m not feeling like I’m gonna slip out of the bed Unless u teach me
I keep on doing this shit I I I keep on I keep on doing this shit I’m not feeling like I Unless u miss me Unless u promise to be my boo Unless u make me lose my cool Unless u 跟我一樣想要的幸福 Unless u 偶爾會來我家住 Sorry 有時候我想不起你 也希望特別的日子被慶祝 Sorry I got my own anxiety 還是說我其實能夠被記住
Run run run run run running I keep on running from you I keep on running ‘Cause u a liar Baby I can’t get close enough Baby I can’t trust u enough Baby cut it out dats enough Baby One more kiss dats enough
I keep on doing this shit I don’t even trust you I got my trust issues no So are u the one 這全都不算 這全都不算 這全都不算
Baby I can’t get close enough Baby I can’t trust u enough Baby cut it out dats enough Baby One more kiss dats enough
留言（ 1 ） 最相關留言 所有留言
留言（ 1 ）",2026-09-25,,,False,False,
2026-10-05 15:35:20,weekly,hip_hop,2026,40,22,evil.Larry.S.,寶藏男孩,4,86,1,https://streetvoice.com/evilLarry_makesmusic/songs/882365/,https://streetvoice.com/evilLarry_makesmusic/,"https://akstatic.streetvoice.com/song_covers/ev/il/evilLarry_makesmusic/8bHgX3wBzDW7ypPKxgsnpu.jpeg?x-oss-process=image/resize,m_fill,h_400,w_400,limit_0",images/882365.jpeg,@evilLarry_makesmusic,音樂人,新北市,2026-09-01,,1,2,2,,,https://www.youtube.com/user/StreetVoiceTV,,,Hip hop / Rap,,,Ofa,"作詞 Larry, Ofa 作曲 Larry, Ofa Prod. DANAS Visual. Chatgpt pro, Gemini, Larry, Ofa 
作詞 Larry, Ofa 作曲 Larry, Ofa Prod. DANAS
Visual. Chatgpt pro, Gemini, Larry, Ofa","當我睡起床感覺像NO.1 當我睡過頭感覺像NO.2 當我感覺來你擋都擋不住 別急輕鬆繃住 因為 擋在前面的快報上命來 Out of my way Cuz we're 寶藏男孩 Know my name 做個超大名牌 讓你明白 is 寶藏男孩 Spotlight on me, rely on me 取代上帝 call it 寶藏男孩 Sting like a bumblebee Rhyme like a butterfly So bye bye bye bye bye 牛奶都是晚上才喝 靠近自然就會放大 又像畫裡走出來的 一邊帥的又不像話 寶藏男孩保障品質 保障這首歌你能聽的爽了 兩個寶藏男孩 合在一起是寶藏big brothers 咬你的鎖骨你啃我的肉 都不洗你的頭就會很臭 我的頭把卡車撞破個洞 動跟不動選擇一動不動 怎麼解釋 是你家的事 這鍋我不背 說實話 真不是我吹 這波 中和人能飛 擋在前面的快報上命來 Out of my way Cuz we're 寶藏男孩 Know my name 做個超大名牌 讓你明白 is 寶藏男孩 Spotlight on me, rely on me 取代上帝 call it 寶藏男孩 Sting like a bumblebee Rhyme like a butterfly So bye bye bye bye bye Step left step right like a treasure boy Step left step right like a treasure boy Step left step right like a treasure boy Step left step right like a treasure boy 一支草就有一點露 你一直吵也沒有三點露 地質好就會有寶藏 男孩膝下有黃金 12567 因為我丟三落四 寶藏男孩不容易 不滑手機都看雜誌 夏蟲不可語冰不該直說的 還在屁話我都開始做了 抓我語病你太執著了 中了三槍幫我開直播了 逼我freestyle 真的超雞八的 臨場反應都超級拉的 Sample this說我抄襲他的 拳頭硬了我草尼瑪的 威猛三百天 yeah that's my shhh 此地無銀三百兩 遇到我像大秘寶 一大清早變臭海王 把type beat都變成type shi 錄完音再寄給你 相生相剋的udg 寶藏男孩配地雷女 擋在前面的快報上命來 Out of my way Cuz we're 寶藏男孩 Know my name 做個超大名牌 讓你明白 is 寶藏男孩 Spotlight on me, rely on me 取代上帝 call it 寶藏男孩 Sting like a bumblebee Rhyme like a butterfly So bye bye bye bye bye Step left step right like a treasure boy Step left step right like a treasure boy Step left step right like a treasure boy Step left step right like a 
當我睡起床感覺像NO.1 當我睡過頭感覺像NO.2 當我感覺來你擋都擋不住 別急輕鬆繃住 因為
擋在前面的快報上命來 Out of my way Cuz we're 寶藏男孩 Know my name 做個超大名牌 讓你明白 is 寶藏男孩 Spotlight on me, rely on me 取代上帝 call it 寶藏男孩 Sting like a bumblebee Rhyme like a butterfly So bye bye bye bye bye
牛奶都是晚上才喝 靠近自然就會放大 又像畫裡走出來的 一邊帥的又不像話 寶藏男孩保障品質 保障這首歌你能聽的爽了 兩個寶藏男孩 合在一起是寶藏big brothers 咬你的鎖骨你啃我的肉 都不洗你的頭就會很臭 我的頭把卡車撞破個洞 動跟不動選擇一動不動 怎麼解釋 是你家的事 這鍋我不背 說實話 真不是我吹 這波 中和人能飛
擋在前面的快報上命來 Out of my way Cuz we're 寶藏男孩 Know my name 做個超大名牌 讓你明白 is 寶藏男孩 Spotlight on me, rely on me 取代上帝 call it 寶藏男孩 Sting like a bumblebee Rhyme like a butterfly So bye bye bye bye bye
Step left step right like a treasure boy Step left step right like a treasure boy Step left step right like a treasure boy Step left step right like a treasure boy
一支草就有一點露 你一直吵也沒有三點露 地質好就會有寶藏 男孩膝下有黃金 12567 因為我丟三落四 寶藏男孩不容易 不滑手機都看雜誌
夏蟲不可語冰不該直說的 還在屁話我都開始做了 抓我語病你太執著了 中了三槍幫我開直播了 逼我freestyle 真的超雞八的 臨場反應都超級拉的 Sample this說我抄襲他的 拳頭硬了我草尼瑪的
威猛三百天 yeah that's my shhh 此地無銀三百兩 遇到我像大秘寶 一大清早變臭海王
把type beat都變成type shi 錄完音再寄給你 相生相剋的udg 寶藏男孩配地雷女
擋在前面的快報上命來 Out of my way Cuz we're 寶藏男孩 Know my name 做個超大名牌 讓你明白 is 寶藏男孩 Spotlight on me, rely on me 取代上帝 call it 寶藏男孩 Sting like a bumblebee Rhyme like a butterfly So bye bye bye bye bye
Step left step right like a treasure boy Step left step right like a treasure boy Step left step right like a treasure boy Step left step right like a
留言（ 1 ） 最相關留言 所有留言
留言（ 1 ）",2026-10-04,,,False,False,
2026-10-05 15:35:20,weekly,hip_hop,2026,40,23,DJ.PETER,隆冬框 全民體操 (Remix),1,40,1,https://streetvoice.com/djp88168/songs/882240/,https://streetvoice.com/djp88168/,"https://akstatic.streetvoice.com/song_covers/dj/p8/djp88168/GTfmw8mAimLUwqUYG6tLM3.jpg?x-oss-process=image/resize,m_fill,h_400,w_400,limit_0",images/882240.jpg,@djp88168,音樂人,高雄市,2006-05-01,2026-03-04 09:49,162,62,59,,,https://www.youtube.com/@djpeterya168,,,Hip hop / Rap,HIP HOP,https://streetvoice.com/djp88168/songs/album/180/,,,"隆冬框 全民體操 (Remix) (隆冬框！隆冬框！隆冬框隆冬框！) (隆冬框！隆冬框！隆冬框隆冬框！) (隆冬框！隆冬框！隆冬框隆冬框！) (隆冬框！隆冬框！隆冬框隆冬框！) 各位鄉親父老、兄弟姊妹、樓上樓下、阿貓阿狗！ 不管你是剛睡醒，還是已經吃飽飽！ 穿上拖鞋，站到客廳中央！ 咱來做一套——全民廣播體操！ Music, go! One two three four, 二二三四！ 아이구! (Aigoo!) 화이팅! (Hwaiting!) Let's go! 大家一起來！ 閃身步！隆冬框隆冬框！ 浪子踢球！隆冬框隆冬框！ 狗熊哆嗦毛！隆冬框隆冬框！ 狗熊多說毛！隆冬框隆冬框！ 多說毛！多說毛！隆冬框隆冬框！ 閃身步！浪子踢球！狗熊多說毛！ 嘿！哈！嗚！笑到肚子痛！ Yo～隆冬框隆冬框，全民攏總來～ 閃身步一踩，像泥鰍鑽灶腳～ 左閃右閃，閃到阿公找不到～ 前閃後閃，閃到影子都跌倒～ 阿公說：我佇遮啦，只是腰閃到～ 아이고! (Aigoo!) 浪子踢球，腳尖畫一個圓～ 踢出去，拖鞋飛過三層樓頂～ 阿嬤喊：死囝仔，球咧？球咧？ 뭐라고? (Mworago?) 我講：阿嬤，球佇狗熊的頭殼頂～ 진짜? (Jinjja?) 狗熊哆嗦毛，抖抖抖抖抖～ 抖一下，毛一件；抖兩下，毛一斗～ 抖三下，客廳變做毛球池～ 抖四下，鄰居以為落雪啊～ 隆冬框隆冬框，狗熊多說毛～ 多說多說多說，毛愈說愈厚～ 多說一句，頭頂生一撮～ 多說兩句，屁股長一顆～ 多說三句，狗熊變做棉被店～ 몰라 몰라! (Molla Molla!) 多說四句，連北極熊都來喊：借過～ (隆冬框！隆冬框！隆冬框隆冬框！) (隆冬框！隆冬框！隆冬框隆冬框！) (隆冬框！隆冬框！隆冬框隆冬框！) (隆冬框！隆冬框！隆冬框隆冬框！) Yo! Long dong kuang, let's do the dodge-step! Left, right, slip like a fish, no regret! Grandpa fell down—oh no, is he okay? He said, ""I'm fine, just twisted my waist today!"" Rogue kick ball, kick it high, kick it strong! Grandma's slipper flew away—so long! Bear shiver fur, shake it loud, shake it proud! Now the living room has a fur cloud! Talk fur, talk fur, talk talk talk some more! You talk so much you grow a floor! Long dong kuang! Dodge! Kick! Shake! Talk! Hey! Ha! Woo! Laugh till your abs hurt! 롱동쿵 롱동쿵! (Long dong kuang! Long dong kuang!) 闪身步! (Dodge-step!) 준비됐어? (Junbidwaesseo? Are you ready?) 왼쪽 오른쪽! (Wenjjok oreunjjok! Left right!) 미끄러지듯이! (Mikkeureojideusi! Like a slippery fish!) 할아버지 어디 갔어? (Harabeoji eodi gasseo? Where did grandpa go?) 아이고, 허리 삐었어! (Aigoo, heori ppieosseo! Oh no, he twisted his back!) 발로 차! (Ballo cha! Kick it!) 슬리퍼가 하늘로! (Slipper goes to the sky!) 곰이 털을 떨어! (Gomi teoreul tteoreo! Bear shivers fur!) 털이 복슬복슬! (Teori bokseulbokseul! Fur is fluffy!) 대박! (Daebak!) 미쳐! (Michyeo!) 화이팅! (Hwaiting!) 안녕! (Annyeong!) 閃身步！隆冬框隆冬框！浪子踢球！隆冬框隆冬框！ Dodge-step! Long dong kuang! Rogue kick! Long dong kuang! 롱동쿵! 롱동쿵! 롱동쿵! 롱동쿵! 嘿！哈！嗚！笑到肚子痛！ 閃身步！隆冬框隆冬框！ 浪子踢球！隆冬框隆冬框！ 狗熊哆嗦毛！隆冬框隆冬框！ 狗熊多說毛！隆冬框隆冬框！ 多說毛！多說毛！隆冬框隆冬框！ 閃身步！浪子踢球！狗熊多說毛！ 嘿！哈！嗚！笑到肚子痛！ 대박! (Daebak!) 화이팅! (Hwaiting!) 안녕! (Annyeong!) (隆冬框！隆冬框！隆冬框隆冬框！) (隆冬框！隆冬框！隆冬框隆冬框！) (隆冬框！隆冬框！隆冬框隆冬框！) (隆冬框！隆冬框！隆冬框隆冬框！) 收操！深呼吸～ 隆冬框隆冬框！ 謝謝阿公，謝謝阿嬤，謝謝小狗，謝謝自己。 Good job, weirdos! Long dong kuang! 수고하셨습니다! (Sugohasyeotseumnida!) 明天見！ 
隆冬框 全民體操 (Remix)
(隆冬框！隆冬框！隆冬框隆冬框！) (隆冬框！隆冬框！隆冬框隆冬框！) (隆冬框！隆冬框！隆冬框隆冬框！) (隆冬框！隆冬框！隆冬框隆冬框！) 各位鄉親父老、兄弟姊妹、樓上樓下、阿貓阿狗！ 不管你是剛睡醒，還是已經吃飽飽！ 穿上拖鞋，站到客廳中央！ 咱來做一套——全民廣播體操！ Music, go! One two three four, 二二三四！ 아이구! (Aigoo!) 화이팅! (Hwaiting!) Let's go! 大家一起來！
閃身步！隆冬框隆冬框！ 浪子踢球！隆冬框隆冬框！ 狗熊哆嗦毛！隆冬框隆冬框！ 狗熊多說毛！隆冬框隆冬框！ 多說毛！多說毛！隆冬框隆冬框！ 閃身步！浪子踢球！狗熊多說毛！ 嘿！哈！嗚！笑到肚子痛！
Yo～隆冬框隆冬框，全民攏總來～ 閃身步一踩，像泥鰍鑽灶腳～ 左閃右閃，閃到阿公找不到～ 前閃後閃，閃到影子都跌倒～ 阿公說：我佇遮啦，只是腰閃到～ 아이고! (Aigoo!) 浪子踢球，腳尖畫一個圓～ 踢出去，拖鞋飛過三層樓頂～ 阿嬤喊：死囝仔，球咧？球咧？ 뭐라고? (Mworago?) 我講：阿嬤，球佇狗熊的頭殼頂～ 진짜? (Jinjja?) 狗熊哆嗦毛，抖抖抖抖抖～ 抖一下，毛一件；抖兩下，毛一斗～ 抖三下，客廳變做毛球池～ 抖四下，鄰居以為落雪啊～ 隆冬框隆冬框，狗熊多說毛～ 多說多說多說，毛愈說愈厚～ 多說一句，頭頂生一撮～ 多說兩句，屁股長一顆～ 多說三句，狗熊變做棉被店～ 몰라 몰라! (Molla Molla!) 多說四句，連北極熊都來喊：借過～
(隆冬框！隆冬框！隆冬框隆冬框！) (隆冬框！隆冬框！隆冬框隆冬框！) (隆冬框！隆冬框！隆冬框隆冬框！) (隆冬框！隆冬框！隆冬框隆冬框！)
Yo! Long dong kuang, let's do the dodge-step! Left, right, slip like a fish, no regret! Grandpa fell down—oh no, is he okay? He said, ""I'm fine, just twisted my waist today!"" Rogue kick ball, kick it high, kick it strong! Grandma's slipper flew away—so long! Bear shiver fur, shake it loud, shake it proud! Now the living room has a fur cloud! Talk fur, talk fur, talk talk talk some more! You talk so much you grow a floor! Long dong kuang! Dodge! Kick! Shake! Talk! Hey! Ha! Woo! Laugh till your abs hurt!
롱동쿵 롱동쿵! (Long dong kuang! Long dong kuang!) 闪身步! (Dodge-step!) 준비됐어? (Junbidwaesseo? Are you ready?) 왼쪽 오른쪽! (Wenjjok oreunjjok! Left right!) 미끄러지듯이! (Mikkeureojideusi! Like a slippery fish!) 할아버지 어디 갔어? (Harabeoji eodi gasseo? Where did grandpa go?) 아이고, 허리 삐었어! (Aigoo, heori ppieosseo! Oh no, he twisted his back!) 발로 차! (Ballo cha! Kick it!) 슬리퍼가 하늘로! (Slipper goes to the sky!) 곰이 털을 떨어! (Gomi teoreul tteoreo! Bear shivers fur!) 털이 복슬복슬! (Teori bokseulbokseul! Fur is fluffy!) 대박! (Daebak!) 미쳐! (Michyeo!) 화이팅! (Hwaiting!) 안녕! (Annyeong!)
閃身步！隆冬框隆冬框！浪子踢球！隆冬框隆冬框！ Dodge-step! Long dong kuang! Rogue kick! Long dong kuang! 롱동쿵! 롱동쿵! 롱동쿵! 롱동쿵! 嘿！哈！嗚！笑到肚子痛！
閃身步！隆冬框隆冬框！ 浪子踢球！隆冬框隆冬框！ 狗熊哆嗦毛！隆冬框隆冬框！ 狗熊多說毛！隆冬框隆冬框！ 多說毛！多說毛！隆冬框隆冬框！ 閃身步！浪子踢球！狗熊多說毛！ 嘿！哈！嗚！笑到肚子痛！ 대박! (Daebak!) 화이팅! (Hwaiting!) 안녕! (Annyeong!)
(隆冬框！隆冬框！隆冬框隆冬框！) (隆冬框！隆冬框！隆冬框隆冬框！) (隆冬框！隆冬框！隆冬框隆冬框！) (隆冬框！隆冬框！隆冬框隆冬框！) 收操！深呼吸～ 隆冬框隆冬框！ 謝謝阿公，謝謝阿嬤，謝謝小狗，謝謝自己。 Good job, weirdos! Long dong kuang! 수고하셨습니다! (Sugohasyeotseumnida!) 明天見！
留言（ 1 ） 最相關留言 所有留言
留言（ 1 ）",2026-10-03,,,False,False,
2026-10-05 15:35:20,weekly,hip_hop,2026,40,24,韓森博懿,躁,3,202,0,https://streetvoice.com/Young_Yee/songs/880362/,https://streetvoice.com/Young_Yee/,"https://akstatic.streetvoice.com/song_covers/Yo/un/Young_Yee/kQH8dpD7uczuXSptm34AM3.jpeg?x-oss-process=image/resize,m_fill,h_400,w_400,limit_0",images/880362.jpeg,@Young_Yee,音樂人,,,,7,9,15,,,https://www.youtube.com/user/StreetVoiceTV,,,Hip hop / Rap,躁。焦。情。鬱。,https://streetvoice.com/Young_Yee/songs/album/97326104/,,,"Hook： 每當我開口 要場子一定得熱 掌握著節奏 不一定會懂我 一切不是夢 是種美妙的獨特 我絕不會撤 充滿著動力 擁有著底氣 不可能碰壁 要就當最屌的TOP 拿到VIP 怎麼會輕易說放棄 Ver： 不停的衝衝衝衝衝 我像是空中風又瘋 腦中的想法不停的蹦蹦蹦 朋友都叫我放鬆 精神來了像個超級英雄 我狀態像是巔峰 滿電的我繼續的冰蹦冰蹦 再怎樣我也不痛 Hook： 每當我開口 要場子一定得熱 掌握著節奏 不一定會懂我 一切不是夢 是種美妙的獨特 我絕不會撤 充滿著動力 擁有著底氣 不可能碰壁 要就當最屌的TOP 拿到VIP 怎麼會輕易說放棄 Ver： 什麼狀況 喝了再上 催尬緊蹦再尢到我撞 大家都說 說你好棒 尢到我身體都整個發燙 好啦就這樣都別再胡鬧了 時間到點了都該去睡覺了 說也奇怪的又真的奇妙了 睡覺什麼的不是我需要的 （躁掉） Hook： 每當我開口 要場子一定得熱 掌握著節奏 不一定會懂我 一切不是夢 是種美妙的獨特 我絕不會撤 充滿著動力 擁有著底氣 不可能碰壁 要就當最屌的TOP 拿到VIP 怎麼會輕易說放棄 
Hook： 每當我開口 要場子一定得熱 掌握著節奏 不一定會懂我 一切不是夢 是種美妙的獨特 我絕不會撤
充滿著動力 擁有著底氣 不可能碰壁 要就當最屌的TOP 拿到VIP 怎麼會輕易說放棄
Ver： 不停的衝衝衝衝衝 我像是空中風又瘋 腦中的想法不停的蹦蹦蹦 朋友都叫我放鬆 精神來了像個超級英雄 我狀態像是巔峰 滿電的我繼續的冰蹦冰蹦 再怎樣我也不痛
Hook： 每當我開口 要場子一定得熱 掌握著節奏 不一定會懂我 一切不是夢 是種美妙的獨特 我絕不會撤
充滿著動力 擁有著底氣 不可能碰壁 要就當最屌的TOP 拿到VIP 怎麼會輕易說放棄
Ver： 什麼狀況 喝了再上 催尬緊蹦再尢到我撞 大家都說 說你好棒 尢到我身體都整個發燙 好啦就這樣都別再胡鬧了 時間到點了都該去睡覺了 說也奇怪的又真的奇妙了 睡覺什麼的不是我需要的
（躁掉）
Hook： 每當我開口 要場子一定得熱 掌握著節奏 不一定會懂我 一切不是夢 是種美妙的獨特 我絕不會撤
充滿著動力 擁有著底氣 不可能碰壁 要就當最屌的TOP 拿到VIP 怎麼會輕易說放棄
留言（ 0 ） 最相關留言 所有留言
留言（ 0 ）",2026-09-20,,編輯推薦,True,False,
2026-10-05 15:35:20,weekly,hip_hop,2026,40,25,Aroziel,當你瞇著笑,1,48,0,https://streetvoice.com/Aroziel_AC/songs/881886/,https://streetvoice.com/Aroziel_AC/,"https://akstatic.streetvoice.com/song_covers/Ar/oz/Aroziel_AC/EZwsjhX5bZTB4WQfvPmBYW.jpeg?x-oss-process=image/resize,m_fill,h_400,w_400,limit_0",images/881886.jpeg,@Aroziel_AC,音樂人,台北市,2023-01-01,,22,8,6,,,https://www.youtube.com/user/StreetVoiceTV,,,Hip hop / Rap,解相思,https://streetvoice.com/Aroziel_AC/songs/album/97325952/,,,"過半年再次想起熟悉陌生的lady face 從那天就沒見面 這關係ending maybe fate 匆忙的台北 自我消化有點太累 不回頭邁著我的Lazy pace 我每一步卻在倒退 刻意避開看到你 IG的 story 沒機會親口當面對你say sorry 不及格考卷沒辦法追根究底 淚水偶爾被勾起 情緒輕放在你送的外套兜裡 當你眼睛再次瞇著笑 就是感情的句號 脫離我的懷抱 只想要你 可以幸福就好 當你的眼睛瞇著笑 當你喝可樂 當你吵 我想對你好 你從來不知道 想你 想你也能成為嗜好 當你說今天的煩惱 當你說夜深你睡不著 我想對你說 卻害怕都說錯 好喜歡你 知不知道 
過半年再次想起熟悉陌生的lady face 從那天就沒見面 這關係ending maybe fate 匆忙的台北 自我消化有點太累 不回頭邁著我的Lazy pace 我每一步卻在倒退
刻意避開看到你 IG的 story 沒機會親口當面對你say sorry 不及格考卷沒辦法追根究底 淚水偶爾被勾起 情緒輕放在你送的外套兜裡
當你眼睛再次瞇著笑 就是感情的句號 脫離我的懷抱 只想要你 可以幸福就好
當你的眼睛瞇著笑 當你喝可樂 當你吵 我想對你好 你從來不知道 想你 想你也能成為嗜好 當你說今天的煩惱 當你說夜深你睡不著 我想對你說 卻害怕都說錯 好喜歡你 知不知道
留言（ 0 ） 最相關留言 所有留言
留言（ 0 ）",2026-09-30,,,False,False,
2026-10-05 15:35:20,weekly,hip_hop,2026,40,26,YouNg ReaL_🎲,神燈沒了精靈 DEMO,4,43,0,https://streetvoice.com/Youngreal_886/songs/881696/,https://streetvoice.com/Youngreal_886/,"https://akstatic.streetvoice.com/song_covers/Yo/un/Youngreal_886/JTSZGbA5SXbCYSTsKuW6Uo.jpeg?x-oss-process=image/resize,m_fill,h_400,w_400,limit_0",images/881696.jpeg,@Youngreal_886,音樂人,,,,4,8,8,,,https://www.youtube.com/user/StreetVoiceTV,,,Hip hop / Rap,,,,"給你許三個願望 許完就好聚好散 
給你許三個願望 許完就好聚好散","feel like 沒有神燈的精靈 all right 從來沒這麼清醒 good bye 心像易碎的玻璃 也許從明天起 竟不在乎分離 也許 是我太過於平靜 結局 還是一樣的冷清 每分 每秒都特別珍惜 神燈沒了精靈 就像我沒了你 希望 時間 真的能夠倒帶 OUT SIDE 不想當故事裡的旁白 想起從前 你呼喚從遠處傳來 但幻想終究是幻想 過去 就無法重來 看 鞦韆 擺盪 你溫柔的側臉 連 棉的 海浪 夕陽太過耀眼 無 人的 暗巷  剩月光的皎潔 唯一值得悼念 是你不在身邊 
feel like 沒有神燈的精靈 all right 從來沒這麼清醒 good bye 心像易碎的玻璃 也許從明天起 竟不在乎分離
也許 是我太過於平靜 結局 還是一樣的冷清 每分 每秒都特別珍惜 神燈沒了精靈 就像我沒了你
希望 時間 真的能夠倒帶 OUT SIDE 不想當故事裡的旁白 想起從前 你呼喚從遠處傳來 但幻想終究是幻想 過去 就無法重來
看 鞦韆 擺盪 你溫柔的側臉 連 棉的 海浪 夕陽太過耀眼 無 人的 暗巷  剩月光的皎潔 唯一值得悼念 是你不在身邊
留言（ 0 ） 最相關留言 所有留言
留言（ 0 ）",2026-09-28,,,False,False,
2026-10-05 15:35:20,weekly,hip_hop,2026,40,27,奧薩瑪 Osama,說真的我曾經 demo,5,240,3,https://streetvoice.com/hejiawei0909/songs/879934/,https://streetvoice.com/hejiawei0909/,"https://akstatic.streetvoice.com/song_covers/he/ji/hejiawei0909/29se8x2EfU95u8L8bXYHtn.jpg?x-oss-process=image/resize,m_fill,h_400,w_400,limit_0",images/879934.jpg,@hejiawei0909,音樂人,新北市,2018-09-01,,20,40,22,,,https://www.youtube.com/user/StreetVoiceTV,,,Hip hop / Rap,,,,,"說真的 我曾經 幻想過這一覺不再醒來 說真的 我承認 我害怕不能期待 走在路上感覺他媽大家都在看我 黑色的 眼球我實在不能夠看懂 沒有辦法 我當然沒有看不懂 我害怕我看著我當然知道眼球不能夠包裝 直到我是試著將一切全部都給打破 多麼希望這一切都會是一場夢 境 但這不是夢境 我爬到了最頂端看 下面那湖面的倒影 彷彿一下子 我就能夠呱呱墜地 看上去的風景還是一樣的美麗 看那美麗風景 
說真的 我曾經 幻想過這一覺不再醒來 說真的 我承認 我害怕不能期待 走在路上感覺他媽大家都在看我 黑色的 眼球我實在不能夠看懂 沒有辦法 我當然沒有看不懂 我害怕我看著我當然知道眼球不能夠包裝 直到我是試著將一切全部都給打破 多麼希望這一切都會是一場夢 境 但這不是夢境 我爬到了最頂端看 下面那湖面的倒影 彷彿一下子 我就能夠呱呱墜地 看上去的風景還是一樣的美麗 看那美麗風景
留言（ 3 ） 最相關留言 所有留言
留言（ 3 ）",2026-09-18,,編輯推薦,True,False,
2026-10-05 15:35:20,weekly,hip_hop,2026,40,28,YPG,Retro,2,28,3,https://streetvoice.com/YPG/songs/882481/,https://streetvoice.com/YPG/,"https://akstatic.streetvoice.com/song_covers/YP/G/YPG/3WbRqejBUjXcFNHWnNWCai.jpeg?x-oss-process=image/resize,m_fill,h_400,w_400,limit_0",images/882481.jpeg,@YPG,音樂人,台中市,2024-03-01,,6,42,10,,,https://www.youtube.com/user/StreetVoiceTV,火焰先生會變老，MBTI還跟大正一樣？——2024火球祭你可能不知道的十個彩蛋與幕後小事|||https://blow.streetvoice.com/77624/?utm_source=streetvoice&utm_medium=profile-news-block; 夕陽音樂打造線上音樂祭「夕陽小鎮」 落日飛車、ØZI、許光漢⋯⋯多組海內外音樂人連唱四天|||https://blow.streetvoice.com/65199/?utm_source=streetvoice&utm_medium=profile-news-block; 高飛舉辦墾丁鼓手夏令營 這位金音獎最佳樂手將會教你什麼？|||https://blow.streetvoice.com/50722/?utm_source=streetvoice&utm_medium=profile-news-block,,Hip hop / Rap,,,,"我受夠在你眼裡愛是必須的 我受夠在你眼裡不是第一個 q pibm c (vocal chop太多就不放動態字幕了) M/V : https://youtu.be/caIn_KRswOg?si=BtYtfpawV2u3n9rF 
我受夠在你眼裡愛是必須的 我受夠在你眼裡不是第一個
q pibm c
(vocal chop太多就不放動態字幕了)
M/V : https://youtu.be/caIn_KRswOg?si=BtYtfpawV2u3n9rF
https://youtu.be/caIn_KRswOg?si=BtYtfpawV2u3n9rF","i see ur Retro 跟你的限動 i wanna say no u wanna just go i see ur Retro i see ur Retro 你怎麼沒說 u with another kid girl, hold me tight u know now im not a shiner girl, hold me tight 雖然我知道u lying only u can make me cry in the night u r my nightmare 回憶通通再見 Retro (u can make me cry) (ahh) (再見) (nightmare) i see ur Retro 跟你的限動(make me cry) i wanna say no u wanna just go i see ur Retro i see ur Retro 你怎麼沒說 u with another kid 叮叮 訊息來 ring ring 接電話 秘密 就別再藏 照片裡面double cup i know u with another kid 我們約會的咖啡廳 測驗偵查能力 察不到你的心 i see ur…(訊息…訊息來) i see u(秘密別再藏) i see ur Retro i see u (with another kid) i see u later b-b-but u with another kid (girl,  i dont luv u anymore…) Retro 我受夠在你眼裡愛是必須的 Retro 我受夠在你眼裡不是第一個 Retro 我受夠在你眼裡愛可以分別人 總是不斷瞎扯 Retro 總通通不是我 u see me rap i see u soon 你好像忘了 Retro 我也在裡面 沒底線 沒底線 沒底線 沒底線的拉扯 u with another kid 
i see ur Retro 跟你的限動 i wanna say no u wanna just go i see ur Retro i see ur Retro 你怎麼沒說 u with another kid
girl, hold me tight u know now im not a shiner girl, hold me tight 雖然我知道u lying only u can make me cry in the night u r my nightmare 回憶通通再見
Retro (u can make me cry) (ahh) (再見) (nightmare)
i see ur Retro 跟你的限動(make me cry) i wanna say no u wanna just go i see ur Retro i see ur Retro 你怎麼沒說 u with another kid
叮叮 訊息來 ring ring 接電話 秘密 就別再藏 照片裡面double cup i know u with another kid 我們約會的咖啡廳 測驗偵查能力 察不到你的心
i see ur…(訊息…訊息來) i see u(秘密別再藏) i see ur Retro i see u (with another kid) i see u later b-b-but u with another kid
(girl,  i dont luv u anymore…)
Retro 我受夠在你眼裡愛是必須的 Retro 我受夠在你眼裡不是第一個 Retro 我受夠在你眼裡愛可以分別人 總是不斷瞎扯 Retro 總通通不是我
u see me rap i see u soon 你好像忘了 Retro 我也在裡面 沒底線 沒底線 沒底線 沒底線的拉扯 u with another kid
留言（ 3 ） 最相關留言 所有留言
留言（ 3 ）",2026-10-04,,,False,False,
2026-10-05 15:35:20,weekly,hip_hop,2026,40,29,Soft Lipa,台北嘻哈故事 之一,9851,422055,452,https://streetvoice.com/softlipa/songs/559318/,https://streetvoice.com/softlipa/,"https://akstatic.streetvoice.com/song_covers/so/ft/softlipa/rfJhKt35gUv2WPTk2vvmeM.jpg?x-oss-process=image/resize,m_fill,h_400,w_400,limit_0",images/559318.jpg,@softlipa,音樂人,台北市,2006-11-01,,18,22639,74,,,https://www.youtube.com/user/StreetVoiceTV,2026桃園鐵玫瑰音樂節10/3、10/4登場 孫淑媚、鳳小岳首次合作展現「台式搖滾」|||https://blow.streetvoice.com/90365/?utm_source=streetvoice&utm_medium=profile-news-block; 顏社21週年演唱會《K21》集結歷代全明星陣容於12/12、12/13北流開唱|||https://blow.streetvoice.com/89254/?utm_source=streetvoice&utm_medium=profile-news-block; Asiaboy禁藥王首張專輯《猛虎下山》 從街頭重生邀蛋堡合作|||https://blow.streetvoice.com/86826/?utm_source=streetvoice&utm_medium=profile-news-block,,Hip hop / Rap,,,,"這是千千萬萬台北嘻哈故事的其中一則， 圖為一張2006年的剪報， 謝謝9m88美好的聲音， 謝謝DJ Mr. Gin帥氣的刷刷。 
這是千千萬萬台北嘻哈故事的其中一則， 圖為一張2006年的剪報， 謝謝9m88美好的聲音， 謝謝DJ Mr. Gin帥氣的刷刷。","小伙子剛整理好他的房間 打算在新的生活圈 四處瞎逛 精選的帽子 CD 球鞋和幾本書籍 音響 PC 加上他習慣的 香味 觸感 以及新的素T 是他帶著的家當 新的移民離開戶籍來到這裡 想讓音樂出現在架上 不清楚是否已經準備好這一切 他的故事 現在翻到這一頁 問他工作還是升學 他說做音樂 他將永遠記得做了決定那一夜 人生總要判斷 面對未知還是想走走看看 眼前的選擇 雨大得像是戰亂 當他走出屋簷 06年的夏天 雨後陽光燦爛 一個小鎮靠海 夥伴們在這集合 立起他們招牌 希望能被記得 音樂還算及格 做他們滿意的 錄到電腦超載 等著那天到來 才發現不是開著車 就能真的衝出淡水 也不是加緊腳步就能快 看著聽著那時發了片的都是正面教材 但不是出了唱片就能賣 等待著的饒舌歌手走不出夜店 除了那裡 他們才華難變現 但那只是這種文化的片面 努力帶著氣氛 心裡放不下眷戀 而他在他的台北絲竹地圖裡認著路 07年的唱片行還撐得住 回程的車廂 一站一站跟著數 開往冬季裡的夜和霧 沈醉在hip hop裡面 幾個八的loop 就是永遠 Feel that beat, and we gonna rock the party 他們闖蕩大的小的音樂季 拼閱歷 有時pay少也不介意 當練習 在夜裡 他不願闔上眼皮 perfect the beatz 不是為了利 是為了 街頭之聲鼎沸的 星期六的夜 熱騰騰的心血 不用多作介紹 歌才上傳就衝排行 舊雨新知都來嚐 究竟誰才狂 但當他走出08年的茶餐廳 負擔依舊有點重 他不免擔心 那是那些年的痛 大家都沒吃飽 導致 搞不了音樂只好搞事 哪種牛肉叫做香 誰又嗆或噹 在西門有多僵 誰茶街亮過槍 而他 飛在煙霧之上 飛過那些事件 直到光淹沒了視線 是那些 四處在跳動的數字 是那些 無感地路過或注視著 是那些 男男女女來來去去 交織成我的 台北嘻哈故事 是那些 穩定在前進的拍子 是那些 樂句的貼上和複製著 是那些 自信和憂鬱的文字 串起了我的 台北嘻哈故事 (To be Continued...) 
小伙子剛整理好他的房間 打算在新的生活圈 四處瞎逛 精選的帽子 CD 球鞋和幾本書籍 音響 PC 加上他習慣的 香味 觸感 以及新的素T 是他帶著的家當 新的移民離開戶籍來到這裡 想讓音樂出現在架上 不清楚是否已經準備好這一切 他的故事 現在翻到這一頁 問他工作還是升學 他說做音樂 他將永遠記得做了決定那一夜 人生總要判斷 面對未知還是想走走看看 眼前的選擇 雨大得像是戰亂 當他走出屋簷 06年的夏天 雨後陽光燦爛
一個小鎮靠海 夥伴們在這集合 立起他們招牌 希望能被記得 音樂還算及格 做他們滿意的 錄到電腦超載 等著那天到來 才發現不是開著車 就能真的衝出淡水 也不是加緊腳步就能快 看著聽著那時發了片的都是正面教材 但不是出了唱片就能賣 等待著的饒舌歌手走不出夜店 除了那裡 他們才華難變現 但那只是這種文化的片面 努力帶著氣氛 心裡放不下眷戀 而他在他的台北絲竹地圖裡認著路 07年的唱片行還撐得住 回程的車廂 一站一站跟著數 開往冬季裡的夜和霧
沈醉在hip hop裡面 幾個八的loop 就是永遠
Feel that beat, and we gonna rock the party
他們闖蕩大的小的音樂季 拼閱歷 有時pay少也不介意 當練習 在夜裡 他不願闔上眼皮 perfect the beatz 不是為了利 是為了 街頭之聲鼎沸的 星期六的夜 熱騰騰的心血 不用多作介紹 歌才上傳就衝排行 舊雨新知都來嚐 究竟誰才狂 但當他走出08年的茶餐廳 負擔依舊有點重 他不免擔心 那是那些年的痛 大家都沒吃飽 導致 搞不了音樂只好搞事 哪種牛肉叫做香 誰又嗆或噹 在西門有多僵 誰茶街亮過槍 而他 飛在煙霧之上 飛過那些事件 直到光淹沒了視線
是那些 四處在跳動的數字 是那些 無感地路過或注視著 是那些 男男女女來來去去 交織成我的 台北嘻哈故事
是那些 穩定在前進的拍子 是那些 樂句的貼上和複製著 是那些 自信和憂鬱的文字 串起了我的 台北嘻哈故事
(To be Continued...)
留言（ 452 ） 最相關留言 所有留言
留言（ 452 ）",2018-06-30,,Song of the Day; 週排行冠軍歌曲; 編輯推薦,True,True,
2026-10-05 15:35:20,weekly,hip_hop,2026,40,30,Doz,骷髏,2,32,0,https://streetvoice.com/Dodo0810/songs/881740/,https://streetvoice.com/Dodo0810/,"https://akstatic.streetvoice.com/song_covers/Do/do/Dodo0810/6HNTi9DAeXcv9FccKgGv2X.jpg?x-oss-process=image/resize,m_fill,h_400,w_400,limit_0",images/881740.jpg,@Dodo0810,音樂人,新北市,2021-01-01,,2,4,1,,,https://www.youtube.com/user/StreetVoiceTV,瞪鞋搖滾樂團DoZzz推出首張專輯《Passage》 週六舉辦專場|||https://blow.streetvoice.com/51758/?utm_source=streetvoice&utm_medium=profile-news-block; 首創泰雅族語融合黑人靈魂樂《莎韻DOZO》製作人黃士佳淺談原住民歌曲的「再詮釋」|||https://blow.streetvoice.com/49220/?utm_source=streetvoice&utm_medium=profile-news-block; Blow吹音樂選：2025年度30張台灣原創音樂專輯|||https://blow.streetvoice.com/85800/?utm_source=streetvoice&utm_medium=profile-news-block,,Hip hop / Rap,,,,,"骷髏是一種象徵 一群人出現在黃昏 他們沒有目標的狂奔 這是一場沒有終點的長征 沒有人能倖免 末日預言正在應驗 拼了命地掙扎 只為了能多活一天 重症患者出現跑馬燈 在病床邊落淚的家人 到底為了什麼而活著 我不懂 也不想懂了 名和利 無所謂 祈求時間後退 獨自一人坐在房間看著相片後悔 夜晚 一瓶瓶的酒把我灌醉 只有 酒精才能卸下我防備 不管每天的夜有多黑 撐著不讓我自己崩潰 那個自責的心在我清醒後又會逐漸浮現 失眠的夜 嘗試跟自己和解 用鮮血 化解 藏在心中已久的心結 放下一切 看淡生死 開始習慣離別 所有事物 在那瞬間 全部都被理解 這條旅程遲早會看到盡頭 只有現在沒有那麼多以後 曾經那些過客都只是經過 這趟旅程遲早會看到盡頭 只是現在沒有那麼多以後 曾經那些過客都只是經過 
骷髏是一種象徵 一群人出現在黃昏 他們沒有目標的狂奔 這是一場沒有終點的長征 沒有人能倖免 末日預言正在應驗 拼了命地掙扎 只為了能多活一天 重症患者出現跑馬燈 在病床邊落淚的家人 到底為了什麼而活著 我不懂 也不想懂了 名和利 無所謂 祈求時間後退 獨自一人坐在房間看著相片後悔 夜晚 一瓶瓶的酒把我灌醉 只有 酒精才能卸下我防備 不管每天的夜有多黑 撐著不讓我自己崩潰 那個自責的心在我清醒後又會逐漸浮現 失眠的夜 嘗試跟自己和解 用鮮血 化解 藏在心中已久的心結 放下一切 看淡生死 開始習慣離別 所有事物 在那瞬間 全部都被理解 這條旅程遲早會看到盡頭 只有現在沒有那麼多以後 曾經那些過客都只是經過 這趟旅程遲早會看到盡頭 只是現在沒有那麼多以後 曾經那些過客都只是經過
留言（ 0 ） 最相關留言 所有留言
留言（ 0 ）",2026-09-29,,,False,False,
2026-10-05 15:35:20,weekly,hip_hop,2026,40,31,沖吧睿哥,我是齊天大聖,1,35,2,https://streetvoice.com/rapbrui/songs/881564/,https://streetvoice.com/rapbrui/,"https://akstatic.streetvoice.com/profile_images/ra/pb/rapbrui/D4nJ5qdPLWL82i3WpPoXp2.jpg?x-oss-process=image/resize,m_fill,h_400,w_400,limit_0",images/881564.jpg,@rapbrui,音樂人,,,,3,,,,,https://www.youtube.com/user/StreetVoiceTV,,,Hip hop / Rap,,,,"孫悟空我就是我，不被框架定義。這首《齊天大聖》代表著突破逆境、堅持到底的嘻哈態度，戴上耳機，感受這個 Flow 的爆發力！ 
孫悟空我就是我，不被框架定義。這首《齊天大聖》代表著突破逆境、堅持到底的嘻哈態度，戴上耳機，感受這個 Flow 的爆發力！","天耐我何管他什麼因果 管她什麼天命我踏下明歸 嘿踏下壓過溫層眼裡只有這一棒  黑擋我先讓開啟 眼裏不管神明任命只有這條命  黑風起翻過山海 金光落找回來 我聽見神明在鬥 聽見眾神發呆 天奈我何 天奈我何 我偏要鬧到最後 天奈我何 天奈我何 一路衝破這天空 齊天大聖 齊天大聖  孫悟空就是我呦 這樣做什麼人才能做更棒的人 還是怎麼樣才能衝破雲霄殿 還是讓我心裡還是那些的衝擊 一路殺盡到了隔天一路殺盡到了雲端 我想劈開這什麼樣的的天地 黑風起翻過山海金光落找我回來 我聽見神明在鬥聽見眾神發呆 天耐我何 天耐我何 我偏要鬧到最後 天耐我何 天耐我何一路衝破這天空 齊天大聖 齊天大聖 孫悟空我就是我呦 我任性我想踏碎這命一路衝破天空 我想大鬧的就是 天空的的事讓我的心裡面 我的名號一出口連風都跟著瘋 天耐我何 天耐我何 我偏要鬧到最後 天奈我何 天奈我我何 一路衝破這天空 齊天大聖 齊天大聖 孫悟空我就是我 天耐我何 
天耐我何管他什麼因果 管她什麼天命我踏下明歸 嘿踏下壓過溫層眼裡只有這一棒  黑擋我先讓開啟 眼裏不管神明任命只有這條命  黑風起翻過山海 金光落找回來 我聽見神明在鬥 聽見眾神發呆 天奈我何 天奈我何 我偏要鬧到最後 天奈我何 天奈我何 一路衝破這天空 齊天大聖 齊天大聖  孫悟空就是我呦 這樣做什麼人才能做更棒的人 還是怎麼樣才能衝破雲霄殿 還是讓我心裡還是那些的衝擊 一路殺盡到了隔天一路殺盡到了雲端 我想劈開這什麼樣的的天地 黑風起翻過山海金光落找我回來 我聽見神明在鬥聽見眾神發呆 天耐我何 天耐我何 我偏要鬧到最後 天耐我何 天耐我何一路衝破這天空 齊天大聖 齊天大聖 孫悟空我就是我呦 我任性我想踏碎這命一路衝破天空 我想大鬧的就是 天空的的事讓我的心裡面 我的名號一出口連風都跟著瘋 天耐我何 天耐我何 我偏要鬧到最後 天奈我何 天奈我我何 一路衝破這天空 齊天大聖 齊天大聖 孫悟空我就是我
天耐我何
留言（ 2 ） 最相關留言 所有留言
留言（ 2 ）",2026-09-28,,,False,False,
2026-10-05 15:35:20,weekly,hip_hop,2026,40,32,lilHej,禁錮demo,1,12,0,https://streetvoice.com/toby930923/songs/882310/,https://streetvoice.com/toby930923/,"https://akstatic.streetvoice.com/profile_images/to/by/toby930923/fodz3P6Fu3Diib3rcPhJJV.jpg?x-oss-process=image/resize,m_fill,h_400,w_400,limit_0",images/882310.jpg,@toby930923,音樂人,屏東縣,2021-07-01,,7,4,4,,,https://www.youtube.com/user/StreetVoiceTV,,,Hip hop / Rap,,,,,"n the shadows of my mind, where the darkness takes its hold, Lost within the echoes of a story left untold 他們對我的hate 我是真的不能理解 絕不輕易低下頭whispers of despair These heavy hearts, burdened by the weight, Drowning in a sea of tears, a soul that can’t abate 沒人可以傾訴 那一幕很清楚 烙印在我心裡最深處 像被禁錮 The world is painted in shades of gray, In this melody, I've lost my way. I'm lost.  emotions tossed. who know I need somebody to tell 被傷透了心還是要走最後一路 得裝很酷 因為沒人在乎 一步一步走向陷阱掉下去 在絕望之後嚥下最後一口氣 Embraced by shadows, I fade away, In my thoughts, I stay. I'm lost.  emotions tossed. who know I need somebody to tell 被傷透了心還是要走最後一路 得裝很酷 因為沒人在乎 
n the shadows of my mind, where the darkness takes its hold, Lost within the echoes of a story left untold 他們對我的hate 我是真的不能理解 絕不輕易低下頭whispers of despair These heavy hearts, burdened by the weight, Drowning in a sea of tears, a soul that can’t abate
沒人可以傾訴 那一幕很清楚 烙印在我心裡最深處 像被禁錮 The world is painted in shades of gray, In this melody, I've lost my way. I'm lost.  emotions tossed. who know I need somebody to tell 被傷透了心還是要走最後一路 得裝很酷 因為沒人在乎
一步一步走向陷阱掉下去 在絕望之後嚥下最後一口氣 Embraced by shadows, I fade away, In my thoughts, I stay. I'm lost.  emotions tossed. who know I need somebody to tell 被傷透了心還是要走最後一路 得裝很酷 因為沒人在乎
留言（ 0 ） 最相關留言 所有留言
留言（ 0 ）",2026-10-03,,AI 協作 Hip hop / Rap,False,False,
2026-10-05 15:35:20,weekly,hip_hop,2026,40,33,Hong,告白要趁聖誕節前,1,31,0,https://streetvoice.com/J_Hong/songs/881224/,https://streetvoice.com/J_Hong/,"https://akstatic.streetvoice.com/song_covers/J_/Ho/J_Hong/BcgabRqWGgUzkrxaxam8Pu.jpg?x-oss-process=image/resize,m_fill,h_400,w_400,limit_0",images/881224.jpg,@J_Hong,音樂人,,,,4,2,,,,https://www.youtube.com/user/StreetVoiceTV,2019大團誕生開發場七 飛鴻FayeHong、FORMOZA、MAFANA不畏風雨|||https://blow.streetvoice.com/46474/?utm_source=streetvoice&utm_medium=profile-news-block; Sónar Hong Kong 首次登港 電音創意科技共冶一爐音樂節|||https://blow.streetvoice.com/32010/?utm_source=streetvoice&utm_medium=profile-news-block; 「大寒之後」Cicada live in Hong Kong 2016|||https://blow.streetvoice.com/16045/?utm_source=streetvoice&utm_medium=profile-news-block,,Hip hop / Rap,,,,"YT: https://www.youtube.com/@jiehong-s21 IG: jie_.hong (Demo version) ——————————————————————————— Lyrics -鄭傑鴻Hong Composing -(prod.waizener x luvv.kyoshi) Mixing & Mastering -鄭傑鴻Hong 
YT: https://www.youtube.com/@jiehong-s21 IG: jie_.hong
https://www.youtube.com/@jiehong-s21
(Demo version) ———————————————————————————
Lyrics -鄭傑鴻Hong Composing -(prod.waizener x luvv.kyoshi) Mixing & Mastering -鄭傑鴻Hong","動態歌詞
Hong slow down shawty 別讓時間過得太快 用你的聲音編成戀愛番的旁白 打亂思緒是什麼原因 要等到最後才肯做決定 其實我也沒有你想像中的那麼壞 難道你還沒發現我的配偶欄為你留了白 等到季節再替換 提起我們 也只是順帶 goddamn坦白講明天又不想去上學 可能我是真的很想你吧 我做什麼事都沒有感覺 想讓我走心嗎 你的揣測我真的沒有概念 怎麼能叫我Cupid讓他們都沒有遊戲體驗 我的直接 你的委婉 為了你我選擇放棄一切 你的細節 讓我心軟 在夢裡我們是天生一對 它散落在床邊 我看見了故事裡的起點 從前是有一個冬天 而我和你偶然碰面 神經緊繃 觀察行蹤 fucked up在想你的每一天 聽過很多 他們都說 告白要在聖誕節以前 不敢說的話 安慰自己反正還有再下一年 怕你沒有聽清楚所以接下來的話我不會省略 「天使的武器不是魔法」 下次先告訴我標準答案 再讓我回答 待收件的情書是回憶 我知道我們都不太會表達 所以 slow down shawty 別讓時間過得太快 用你的聲音編成戀愛番的旁白 打亂思緒是什麼原因 要等到最後才肯做決定 其實我也沒有你想像中的那麼壞 難道你還沒發現我的配偶欄為你留了白 等到季節再替換 提起我們 也只是順帶 我牽著你要怎麼逛街 和你去找浪漫 很沒有耐心的我在慢慢地瓦解 就瞬間 drop的痛 牽引我走 什麼微不足道 我只是還沒發現它很痛 
Hong slow down shawty 別讓時間過得太快 用你的聲音編成戀愛番的旁白 打亂思緒是什麼原因 要等到最後才肯做決定 其實我也沒有你想像中的那麼壞 難道你還沒發現我的配偶欄為你留了白 等到季節再替換 提起我們 也只是順帶 goddamn坦白講明天又不想去上學 可能我是真的很想你吧 我做什麼事都沒有感覺 想讓我走心嗎 你的揣測我真的沒有概念 怎麼能叫我Cupid讓他們都沒有遊戲體驗 我的直接 你的委婉 為了你我選擇放棄一切 你的細節 讓我心軟 在夢裡我們是天生一對 它散落在床邊 我看見了故事裡的起點 從前是有一個冬天 而我和你偶然碰面 神經緊繃 觀察行蹤 fucked up在想你的每一天 聽過很多 他們都說 告白要在聖誕節以前 不敢說的話 安慰自己反正還有再下一年 怕你沒有聽清楚所以接下來的話我不會省略 「天使的武器不是魔法」 下次先告訴我標準答案 再讓我回答 待收件的情書是回憶 我知道我們都不太會表達 所以 slow down shawty 別讓時間過得太快 用你的聲音編成戀愛番的旁白 打亂思緒是什麼原因 要等到最後才肯做決定 其實我也沒有你想像中的那麼壞 難道你還沒發現我的配偶欄為你留了白 等到季節再替換 提起我們 也只是順帶 我牽著你要怎麼逛街 和你去找浪漫 很沒有耐心的我在慢慢地瓦解 就瞬間 drop的痛 牽引我走 什麼微不足道 我只是還沒發現它很痛
留言（ 0 ） 最相關留言 所有留言
留言（ 0 ）",2026-09-28,,,False,False,
2026-10-05 15:35:20,weekly,hip_hop,2026,40,34,奧薩瑪 Osama,極度高敏之人類人,4,189,0,https://streetvoice.com/hejiawei0909/songs/880946/,https://streetvoice.com/hejiawei0909/,"https://akstatic.streetvoice.com/song_covers/he/ji/hejiawei0909/dr6TReU3Tuz2LMRjFbhqjF.jpg?x-oss-process=image/resize,m_fill,h_400,w_400,limit_0",images/880946.jpg,@hejiawei0909,音樂人,新北市,2018-09-01,,20,40,22,,,https://www.youtube.com/user/StreetVoiceTV,,,Hip hop / Rap,,,,"《極度高敏之人類人》 我一直覺得，有些人只是大腦好像沒有靜音鍵。 一個人站在人群裡，開始注意到所有不屬於自己的東西。別人可能只是看了一眼，我卻會開始想他為什麼看我；一件根本不關我的事，我卻會莫名其妙覺得是不是自己的問題。 最麻煩的不是敏感，而是你其實知道自己可能想太多。 你知道沒有人真的在注意你，也知道很多事情根本不是你的責任，但你的身體和情緒還是會先一步做出反應。那些細微的聲音、眼神、動作，甚至只是經過身邊的一個瞬間，都可能被放大，最後變成一種很真實的感受。 所以我用一個本來不應該感覺到疼痛的東西，去形容這種狀態。 明明理性上知道不該痛，卻偏偏痛得很真實。 這大概就是我理解的「高敏」。 不是什麼都看得見。 是什麼都感覺得到。 而有時候，選擇閉上眼睛，也不一定是不想看見。 只是想讓那些一直進來的東西，暫時安靜一點。 
《極度高敏之人類人》
我一直覺得，有些人只是大腦好像沒有靜音鍵。
一個人站在人群裡，開始注意到所有不屬於自己的東西。別人可能只是看了一眼，我卻會開始想他為什麼看我；一件根本不關我的事，我卻會莫名其妙覺得是不是自己的問題。
最麻煩的不是敏感，而是你其實知道自己可能想太多。
你知道沒有人真的在注意你，也知道很多事情根本不是你的責任，但你的身體和情緒還是會先一步做出反應。那些細微的聲音、眼神、動作，甚至只是經過身邊的一個瞬間，都可能被放大，最後變成一種很真實的感受。
所以我用一個本來不應該感覺到疼痛的東西，去形容這種狀態。
明明理性上知道不該痛，卻偏偏痛得很真實。
這大概就是我理解的「高敏」。
不是什麼都看得見。
是什麼都感覺得到。
而有時候，選擇閉上眼睛，也不一定是不想看見。
只是想讓那些一直進來的東西，暫時安靜一點。","我看見他打破了杯子 當我走到人群一樣的卑賤 我看著碎片與它在對視 怎麼可能這種時候還在道歉 他瞳孔的倒影 在我眼裡看來就像視而不見 碎片劃破把我給叫醒 接著我又開始在道歉 不是他也不是你 但更不是我吧 雙眼看著鏡子我像是個廢物 一樣的時候 噁心的程度 就像是 他看著我的雙眼 往我嘴裡催吐 但我卻感到抱歉 沒做到我的本分 到現在可能沒有什麼可以勝任 我感覺全世界都討厭我得承認 因為這些都是我該承擔的責任 那感覺怎麼形容 敏感到像有人拿 筷子插入你的義眼 那怎麼形容 旁邊正在搶劫經過感覺都在看我一眼 那怎麼形容 我知道根本沒人看我沒有那麼自戀 那怎麼形容 大部分時間 我都會 選擇閉眼 
我看見他打破了杯子 當我走到人群一樣的卑賤 我看著碎片與它在對視 怎麼可能這種時候還在道歉
他瞳孔的倒影 在我眼裡看來就像視而不見 碎片劃破把我給叫醒 接著我又開始在道歉
不是他也不是你 但更不是我吧 雙眼看著鏡子我像是個廢物 一樣的時候 噁心的程度 就像是 他看著我的雙眼 往我嘴裡催吐
但我卻感到抱歉 沒做到我的本分 到現在可能沒有什麼可以勝任 我感覺全世界都討厭我得承認 因為這些都是我該承擔的責任
那感覺怎麼形容 敏感到像有人拿 筷子插入你的義眼 那怎麼形容 旁邊正在搶劫經過感覺都在看我一眼 那怎麼形容 我知道根本沒人看我沒有那麼自戀 那怎麼形容 大部分時間 我都會 選擇閉眼
留言（ 0 ） 最相關留言 所有留言
留言（ 0 ）",2026-09-24,,,False,False,
2026-10-05 15:35:20,weekly,hip_hop,2026,40,35,RWay,RWay - 就等聽令 Feat. 大溪廣澤宮,1,8,2,https://streetvoice.com/shrill_moon_ps/songs/882412/,https://streetvoice.com/shrill_moon_ps/,"https://akstatic.streetvoice.com/song_covers/sh/ri/shrill_moon_ps/4qhEF93bKjpUuHBvEijTZh.jpeg?x-oss-process=image/resize,m_fill,h_400,w_400,limit_0",images/882412.jpeg,@shrill_moon_ps,音樂人,桃園市,2017-02-01,,9,25,2,,,https://www.youtube.com/user/StreetVoiceTV,【現場回顧】誰能論斷你的人生？光是自我挑戰，倒下的姿態也足夠華麗——K6劉家凱「一無是處的人生」專場|||https://blow.streetvoice.com/70877/?utm_source=streetvoice&utm_medium=profile-news-block; K6劉家凱首次專場「一無是處的人生」 　用音樂演繹人生旅程|||https://blow.streetvoice.com/70453/?utm_source=streetvoice&utm_medium=profile-news-block; 雖然海外音樂人頻頻來台開唱搶荷包，但國際巡演環境仍是一團混亂⋯⋯|||https://blow.streetvoice.com/63646/?utm_source=streetvoice&utm_medium=profile-news-block,,Hip hop / Rap,,,YATI,"#大溪廣澤宮 #RFRESHWAY #HOLYPLACE #至聖所 詞/曲 : RWay 編曲 : YATI 錄音 : YATI 混音/製作人 : YATI Lyrics/Composer : RWay Music Arranger : YATI Recording Engineer : YATI Mixing Engineer/Producer : YATI ------------------------------------------------ 哪裡找 RWay: IG) https://www.instagram.com/rway_hsu/?hl=zh-tw Youtube) https://www.youtube.com/channel/UCVgjCbmBADKIAMREkgMEmkA 大溪廣澤宮: IG) https://www.instagram.com/guangze.temple9230222/ Yati: IG) https://www.instagram.com/holyplace_yati/ 至聖所 Holyplace: IG) https://www.instagram.com/holyplace_official/ 
#大溪廣澤宮 #RFRESHWAY #HOLYPLACE #至聖所
詞/曲 : RWay 編曲 : YATI 錄音 : YATI 混音/製作人 : YATI
Lyrics/Composer : RWay Music Arranger : YATI Recording Engineer : YATI Mixing Engineer/Producer : YATI
------------------------------------------------ 哪裡找
RWay: IG) https://www.instagram.com/rway_hsu/?hl=zh-tw Youtube) https://www.youtube.com/channel/UCVgjCbmBADKIAMREkgMEmkA
https://www.instagram.com/rway_hsu/?hl=zh-tw
https://www.youtube.com/channel/UCVgjCbmBADKIAMREkgMEmkA
大溪廣澤宮: IG) https://www.instagram.com/guangze.temple9230222/
https://www.instagram.com/guangze.temple9230222/
Yati: IG) https://www.instagram.com/holyplace_yati/
https://www.instagram.com/holyplace_yati/
至聖所 Holyplace: IG) https://www.instagram.com/holyplace_official/
https://www.instagram.com/holyplace_official/","Verse1: 良心重過名利 有話咱攏敢講 為著心裡的道理 所以有時性地較衝 親像郭聖王 目睭四界硬頸行正道 做人有正氣 安良除惡毋驚痛 神明自會保 從來無放棄 當聽著蒼生救命聲 受邪祟的苦 廣澤尊王絕對硬起來拚到底 神威永遠袂倒 社會漸漸無情 嘛欲叫人知影良善 無論時代按那變 心肝攏繫在百姓 識破魔神假面目 光明照破這重冥 捉拿魑魅魍魎 四界恢復太平 Hook: 已經準備好了就等聽令 起步 耳仔內響起法仔鼓聲音 無論叨位心裡攏有祂的名字 祈求 庇佑作伙打拚的兄弟 咱攏準備好了就等聽令 起步 耳仔內響起法仔鼓聲音 無論叨位心裡攏有祂的名字 祈求 庇佑作伙打拚的兄弟 Verse2: 心裡攏有茫過 路要按怎控制 感謝聖王公 行歹路的攏有改變 從開山的祖先庇佑到這嘛打拼的少年仔 翹腳神跡降臨就算社會一路行風雨大 予咱知影父母攏為著咱心頭煩 予咱知影有孝嘛愛飲水思本源 予咱知影義氣著愛用佇對所在 相挺 打拼 總有一工會出頭來 顧無勢的人 出力咱的鄉里 守咧咱的所在 報答神明恩惠 做人正氣自然有神明咧顧 順順咧行咱自己的路 Hook: 已經準備好了就等聽令 起步 耳仔內響起法仔鼓聲音 無論叨位心裡攏有祂的名字 祈求 庇佑作伙打拚的兄弟 咱攏準備好了就等聽令 起步 耳仔內響起法仔鼓聲音 大溪廣澤宮是咱的名字 祈求 庇佑作伙打拚的兄弟 
Verse1: 良心重過名利 有話咱攏敢講 為著心裡的道理 所以有時性地較衝 親像郭聖王 目睭四界硬頸行正道 做人有正氣 安良除惡毋驚痛 神明自會保 從來無放棄 當聽著蒼生救命聲 受邪祟的苦 廣澤尊王絕對硬起來拚到底 神威永遠袂倒 社會漸漸無情 嘛欲叫人知影良善 無論時代按那變 心肝攏繫在百姓 識破魔神假面目 光明照破這重冥 捉拿魑魅魍魎 四界恢復太平
Hook: 已經準備好了就等聽令 起步 耳仔內響起法仔鼓聲音 無論叨位心裡攏有祂的名字 祈求 庇佑作伙打拚的兄弟 咱攏準備好了就等聽令 起步 耳仔內響起法仔鼓聲音 無論叨位心裡攏有祂的名字 祈求 庇佑作伙打拚的兄弟
Verse2: 心裡攏有茫過 路要按怎控制 感謝聖王公 行歹路的攏有改變 從開山的祖先庇佑到這嘛打拼的少年仔 翹腳神跡降臨就算社會一路行風雨大
予咱知影父母攏為著咱心頭煩 予咱知影有孝嘛愛飲水思本源 予咱知影義氣著愛用佇對所在 相挺 打拼 總有一工會出頭來
顧無勢的人 出力咱的鄉里 守咧咱的所在 報答神明恩惠 做人正氣自然有神明咧顧 順順咧行咱自己的路
Hook: 已經準備好了就等聽令 起步 耳仔內響起法仔鼓聲音 無論叨位心裡攏有祂的名字 祈求 庇佑作伙打拚的兄弟 咱攏準備好了就等聽令 起步 耳仔內響起法仔鼓聲音 大溪廣澤宮是咱的名字 祈求 庇佑作伙打拚的兄弟
留言（ 2 ） 最相關留言 所有留言
留言（ 2 ）",2026-10-04,,,False,False,
2026-10-05 15:35:20,weekly,hip_hop,2026,40,36,jgps0619,九曲堂蘭姐,1,7,0,https://streetvoice.com/mjfolksonghch/songs/882453/,https://streetvoice.com/mjfolksonghch/,"https://akstatic.streetvoice.com/music_albums/mj/fo/mjfolksonghch/M3hKEBcgnc2oTyC4fzF5Bj.jpeg?x-oss-process=image/resize,m_fill,h_400,w_400,limit_0",images/882453.jpeg,@mjfolksonghch,音樂人,屏東縣,2020-08-01,,16,1,5,,,https://www.youtube.com/user/StreetVoiceTV,,,Hip hop / Rap,阿居公的人生尾路,https://streetvoice.com/mjfolksonghch/songs/album/97326186/,,"九曲堂阿蘭姐談她的四姨丈黃順居和阿姨蔡忍 
九曲堂阿蘭姐談她的四姨丈黃順居和阿姨蔡忍","這是沒有提供歌詞的歌曲
留言（ 0 ） 最相關留言 所有留言
留言（ 0 ）",2026-10-04,,,False,False,
2026-10-05 15:35:20,weekly,hip_hop,2026,40,37,叶贺龙 逆光音视主理人,少年,1,12,0,https://streetvoice.com/zcs2026/songs/882029/,https://streetvoice.com/zcs2026/,"https://akstatic.streetvoice.com/song_covers/zc/s2/zcs2026/C25qHxmiGQUiUqR5qghbca.jpeg?x-oss-process=image/resize,m_fill,h_400,w_400,limit_0",images/882029.jpeg,@zcs2026,音樂人,,,,21,1,,,,https://www.youtube.com/user/StreetVoiceTV,,,Hip hop / Rap,逆光劲声随笔,https://streetvoice.com/zcs2026/songs/album/97326056/,,"花有重开日，人无再少年 
花有重开日，人无再少年","花有重开日，人无再少年 去趁着你还年轻，还没有很多曾经 去把你想做的事，全部都变成行动 就趁着你还没老，你还能走得动道 把你想看的风景，都走一程你的笑 不要等到你后悔，不要感叹我太老 不要等到了错过，才觉我走这么少 去看看想见的人，去走走想拜的庙 你我也都还年少，就算七十也不老 
花有重开日，人无再少年
去趁着你还年轻，还没有很多曾经 去把你想做的事，全部都变成行动
就趁着你还没老，你还能走得动道 把你想看的风景，都走一程你的笑
不要等到你后悔，不要感叹我太老 不要等到了错过，才觉我走这么少
去看看想见的人，去走走想拜的庙 你我也都还年少，就算七十也不老
留言（ 0 ） 最相關留言 所有留言
留言（ 0 ）",2026-10-01,,,False,False,
2026-10-05 15:35:20,weekly,hip_hop,2026,40,38,YouNg ReaL_🎲,KING_IS_BACK FREESTYLE DEMO,4,42,1,https://streetvoice.com/Youngreal_886/songs/881355/,https://streetvoice.com/Youngreal_886/,"https://akstatic.streetvoice.com/song_covers/Yo/un/Youngreal_886/fLNc5NWyoeoeRyts6wmPzw.jpeg?x-oss-process=image/resize,m_fill,h_400,w_400,limit_0",images/881355.jpeg,@Youngreal_886,音樂人,,,,4,8,8,,,https://www.youtube.com/user/StreetVoiceTV,,,Hip hop / Rap,,,LEON、h0sh1kuzu,"s/o 褲子Kuzu   LEON All is back !!!! 
s/o 褲子Kuzu   LEON All is back !!!!","YOUNG ReaL: 大家 long time no see 真是好久不見 但好像只有我的精神 從來不曾熄滅 在我安靜的日子裡 有人  觸碰了底線 告訴你 king is back 回來把妳反覆凌虐 依然不指名道姓 掩耳盜鈴 選擇旁聽 必然站在高的段位 bro 妳譴責黃金 又或是 開著auto tune 句尾還拖著長音 結果呢 你選擇了一個黑客來幫妳還擊 要copy 真傳奇的故事 開個檔案讓你複製 幾千雙眼睛的注視 全都是你的幻想 別問我how we roll 說你有多屌 no 全部都是花瓶 碎的玻璃 FCC  超DOPE 其實我也是路過 太無辜 別罵得太很 平時走夜路太多 不讀書 也保持水準 要保持著好心情 有激情的 過著每秒 外送你幾次鞭刑 24HR 不斷圍剿 你們這群  年輕小伙  別欣賞我 才華洋溢 你們穿著   不是TRAP BOY 像野狗沒沾染洋氣 我不想浪費時間 把垃圾分類說詳細 你們身上衣服破的 還不如你家牆壁 褲子Kuzu: STFU一堆懂哥懂弟 爛得要命一群十幾個加起來沒我的實力 努力噴著垃圾話 寫著爛的type beat 受夠了一堆pussy年紀輕輕小的雞雞 你的歌就像是火鍋裡面加芋頭 Feel like cardi B 我說你有大乳頭 我想踢足球 等我出手 我恐同所以現在片甲不留 不要在那雞雞巴巴的 嘻嘻哈哈的 我會把你CD刮花了 EZ my brother 非常的容易 不管我用了什麼工藝 什麼用意 同期裡沒啥實力全部都在吃年齡紅利 衝擊你的作品庫裡幾GB的trash 你最好快點祈禱別被殺掉make a wish 不只拉高行情還順手搶了你的crush 你學不來我的押韻就像你猜不到我的下一句 這什麼組合 抽太法的哥們跟感冒的地雷男 毫無威攝力的歌詞 你老二微軟 聽你的歌你要付我賠款 不只違反社群規範更要追趕製造內亂 
YOUNG ReaL: 大家 long time no see 真是好久不見 但好像只有我的精神 從來不曾熄滅 在我安靜的日子裡 有人  觸碰了底線 告訴你 king is back 回來把妳反覆凌虐
依然不指名道姓 掩耳盜鈴 選擇旁聽 必然站在高的段位 bro 妳譴責黃金 又或是 開著auto tune 句尾還拖著長音 結果呢 你選擇了一個黑客來幫妳還擊
要copy 真傳奇的故事 開個檔案讓你複製 幾千雙眼睛的注視 全都是你的幻想
別問我how we roll 說你有多屌 no 全部都是花瓶 碎的玻璃 FCC  超DOPE
其實我也是路過 太無辜 別罵得太很 平時走夜路太多 不讀書 也保持水準 要保持著好心情 有激情的 過著每秒 外送你幾次鞭刑 24HR 不斷圍剿
你們這群  年輕小伙  別欣賞我 才華洋溢 你們穿著   不是TRAP BOY 像野狗沒沾染洋氣 我不想浪費時間 把垃圾分類說詳細 你們身上衣服破的 還不如你家牆壁
褲子Kuzu: STFU一堆懂哥懂弟 爛得要命一群十幾個加起來沒我的實力 努力噴著垃圾話 寫著爛的type beat 受夠了一堆pussy年紀輕輕小的雞雞 你的歌就像是火鍋裡面加芋頭 Feel like cardi B 我說你有大乳頭 我想踢足球 等我出手 我恐同所以現在片甲不留
不要在那雞雞巴巴的 嘻嘻哈哈的 我會把你CD刮花了 EZ my brother 非常的容易 不管我用了什麼工藝 什麼用意 同期裡沒啥實力全部都在吃年齡紅利
衝擊你的作品庫裡幾GB的trash 你最好快點祈禱別被殺掉make a wish 不只拉高行情還順手搶了你的crush 你學不來我的押韻就像你猜不到我的下一句
這什麼組合 抽太法的哥們跟感冒的地雷男 毫無威攝力的歌詞 你老二微軟 聽你的歌你要付我賠款 不只違反社群規範更要追趕製造內亂
留言（ 1 ） 最相關留言 所有留言
留言（ 1 ）",2026-09-27,,,False,False,
2026-10-05 15:35:20,weekly,hip_hop,2026,40,39,Gr3dyyyyy,Hustle,1,43,0,https://streetvoice.com/abalone_huang/songs/881258/,https://streetvoice.com/abalone_huang/,"https://akstatic.streetvoice.com/music_albums/ab/al/abalone_huang/Y26vK8B4tH6RTwoyVNEAnE.jpeg?x-oss-process=image/resize,m_fill,h_400,w_400,limit_0",images/881258.jpeg,@abalone_huang,音樂人,,,,3,2,3,,,https://www.youtube.com/user/StreetVoiceTV,,,Hip hop / Rap,All the best,https://streetvoice.com/abalone_huang/songs/album/97326099/,,"作詞作曲 Lyrics & Composer｜Gr3dy 製作人 Producer｜Gr3dy 編曲人 Arrangement｜leegoldn 
作詞作曲 Lyrics & Composer｜Gr3dy 製作人 Producer｜Gr3dy 編曲人 Arrangement｜leegoldn","What I do for 我想你大概不懂 扒開初衷 你瞎猜怎能說的出口 九彎十八拐後還是找不到出口 厭倦當人沙袋 一旁發呆的豬頭 
What I do for 我想你大概不懂 扒開初衷 你瞎猜怎能說的出口 九彎十八拐後還是找不到出口 厭倦當人沙袋 一旁發呆的豬頭
留言（ 0 ） 最相關留言 所有留言
留言（ 0 ）",2026-09-26,,,False,False,
2026-10-05 15:35:20,weekly,hip_hop,2026,40,40,佐佐木由樹,1003陳明廷生日快樂freestyle,0,36,0,https://streetvoice.com/spring_mud_jhz/songs/882368/,https://streetvoice.com/spring_mud_jhz/,"https://akstatic.streetvoice.com/song_covers/sp/ri/spring_mud_jhz/ZbUsvZPQXXd7a3YwHAYm77.jpg?x-oss-process=image/resize,m_fill,h_400,w_400,limit_0",images/882368.jpg,@spring_mud_jhz,音樂人,高雄市,2021-02-01,,7,1,5,,,https://www.youtube.com/user/StreetVoiceTV,,,Hip hop / Rap,,,,"有太多人太愛對號入座了 老話一句 如果你拿一塊磚頭砸進狗群裡 有狗在叫 那就代表他被砸到了 
有太多人太愛對號入座了 老話一句 如果你拿一塊磚頭砸進狗群裡 有狗在叫 那就代表他被砸到了","伴奏｜noizy 其他｜我啦 (Hook1) 焦 躁 也拿來寫副歌 我告你們能拿一部車 打到 學 校 要你負責 你卻說那是我的現生 焦 躁 也拿來寫副歌 官司打完要哪一部車 顫抖的手靈感打五折 姓賴的永遠不會輸的 (Verse1) 她叫我不要碰任何的社群媒體但我總是不聽話 剛剛睡著做了個春秋大夢我就像是拿了金音獎 我應該再跟他們多要點治療還有投稿的費用 但我現在就只想罰他們把這首歌詞全文背誦 當我fight back 的流量比捐獻的多 就知道這社會病了 他們只要看到我出現在脆上 說什麼他們都都信了 靠藥物維持生活機能 我才能夠不倒 找我的話請你預約 因為我大多時間都勿擾 (Hook2) 焦 躁 也拿來寫副歌 我告你們能拿一部車 打到 學 校 要你負責 你卻說那是我的現生 焦 躁 也拿來寫副歌 官司打完要哪一部車 顫抖的手靈感打五折 姓賴的永遠不會輸的 (Verse2) 發捐獻文的隔天翻舊帳那到底是什麼嘴臉 把磚頭丟進狗群裡再對他們做一個鬼臉 他們都說現在我講話要小心點注意點危險 獎池還在疊加 sorry 這波我受益匪淺 被當打手 還不自覺 你爸沒教你嗎？ 在高火 還偷拍我 man 我會叫警察 好的前任就跟死了一樣 這句就是說給你聽的 上段感情留下的心得 是 要確定好年齡 要確定好教育程度 確定好口風 確定分手後弄你會用什麼門路 你拍腦殘手勢舞跟自拍就能漲粉 我就算病的要死還是腦袋裡面還是不斷想梗 前人種樹 後人乘涼 我只是寫不出專輯不是在耍狠 （outro） 賴祥德 沒有用的 我不會屈服 我不會投降 
伴奏｜noizy 其他｜我啦
(Hook1) 焦 躁 也拿來寫副歌 我告你們能拿一部車 打到 學 校 要你負責 你卻說那是我的現生 焦 躁 也拿來寫副歌 官司打完要哪一部車 顫抖的手靈感打五折 姓賴的永遠不會輸的
(Verse1) 她叫我不要碰任何的社群媒體但我總是不聽話 剛剛睡著做了個春秋大夢我就像是拿了金音獎 我應該再跟他們多要點治療還有投稿的費用 但我現在就只想罰他們把這首歌詞全文背誦 當我fight back 的流量比捐獻的多 就知道這社會病了 他們只要看到我出現在脆上 說什麼他們都都信了 靠藥物維持生活機能 我才能夠不倒 找我的話請你預約 因為我大多時間都勿擾
(Hook2) 焦 躁 也拿來寫副歌 我告你們能拿一部車 打到 學 校 要你負責 你卻說那是我的現生 焦 躁 也拿來寫副歌 官司打完要哪一部車 顫抖的手靈感打五折 姓賴的永遠不會輸的
(Verse2) 發捐獻文的隔天翻舊帳那到底是什麼嘴臉 把磚頭丟進狗群裡再對他們做一個鬼臉 他們都說現在我講話要小心點注意點危險 獎池還在疊加 sorry 這波我受益匪淺 被當打手 還不自覺 你爸沒教你嗎？ 在高火 還偷拍我 man 我會叫警察 好的前任就跟死了一樣 這句就是說給你聽的 上段感情留下的心得 是 要確定好年齡 要確定好教育程度 確定好口風 確定分手後弄你會用什麼門路 你拍腦殘手勢舞跟自拍就能漲粉 我就算病的要死還是腦袋裡面還是不斷想梗 前人種樹 後人乘涼 我只是寫不出專輯不是在耍狠
（outro） 賴祥德 沒有用的 我不會屈服 我不會投降
留言（ 0 ） 最相關留言 所有留言
留言（ 0 ）",2026-10-04,,,False,False,
2026-10-05 15:35:20,weekly,hip_hop,2026,40,41,YAMAKUMA RADIO｜山下志熊,山下志熊 - 通透,0,14,0,https://streetvoice.com/Osc666/songs/882234/,https://streetvoice.com/Osc666/,"https://akstatic.streetvoice.com/song_covers/Os/c6/Osc666/TQiSuXczPLMmZPdzsr7QPc.jpeg?x-oss-process=image/resize,m_fill,h_400,w_400,limit_0",images/882234.jpeg,@Osc666,音樂人,,,,1,,4,,,https://www.youtube.com/user/StreetVoiceTV,,,Hip hop / Rap,,,,"「一無所有的狼狽，是最大的自由。」 來自十幾歲、二十幾歲留下來的一些真實記憶碎片。 街頭、騎樓、水溝邊， 那些以前覺得很狼狽的日子， 現在回頭看，反而是最自由的時候。 有些事情記得很清楚， 有些只剩下聲音、味道和感覺。 以前總覺得， 很多事情一定要想明白、看透。 後來才發現， 人生不一定真的要那麼通透。 有時候， 知道自己還在往前走， 就夠了。 
「一無所有的狼狽，是最大的自由。」
來自十幾歲、二十幾歲留下來的一些真實記憶碎片。
街頭、騎樓、水溝邊， 那些以前覺得很狼狽的日子， 現在回頭看，反而是最自由的時候。
有些事情記得很清楚， 有些只剩下聲音、味道和感覺。
以前總覺得， 很多事情一定要想明白、看透。
後來才發現， 人生不一定真的要那麼通透。
有時候， 知道自己還在往前走， 就夠了。","水比記憶裡更冷 腳踩下去 比想像更深 站在岸上 永遠看不清幾分真 那時候世界很大 大到每條沒走過的路 都像有人替你留著門 --- 第一次站在那個街口 紅燈數起來很久 人潮比雲還厚很多 只覺得每個方向都能走 破機車一路冷的發抖 是鐵鏽味 跟著破傷風 口袋明明什麼都沒有 狼狽是最大的自由 凌晨兩點的街燈 便利商店的人聲 鞋底的灰 配屋裡的黑 路上的菸 還比不上我廢 年輕的時候很愛問： 為什麼不是那樣 為什麼有人留下 為什麼有人轉身下樓 好像只要找到原因 事情就會完整 路一直走 就一定會到頭 話說清楚 就一定能懂透 手抓得夠緊 東西就不會溜走 --- 後來我才懂，走就走，別回頭。 後來我才懂，走就走，別通透。 --- 雨停了彩虹不在天邊 漏油浮在水面 倒過來的天空 被幾個鞋印踩碎 鐵門鎖在騎樓下 只能站水溝邊 規矩說不能再往前 還得掛著笑臉 你好雞蛋糕 喊了好幾百遍 明明只差幾步 卻像隔了好多年 推開那扇門 裡面安靜得可憐 老電扇慢慢轉 牆角冰箱亮著一點 偶爾「喀」一聲 才知道裡面還有電 沒有掌聲 也沒什麼改變 以前想像的世界 也就這麼一點 一條小巷 飯糰油飯 讓畫面突然倒轉回放 日期忘了 原因也講得很亂 你我像阿茲海默 把很多名字丟進角落 平常想不起來 一經過 又全部回頭找我 記得那個笑聲 還記得那個午後 卻忘了哪個路口 自己站了很久 想不起來誰在左右 才知道忘記 也沒把曾經帶走 --- 後來我才懂，走就走，別回頭。 後來我才懂，走就走，別通透。 --- 十年以後 又晃回那個路口 以前看不到盡頭 現在十一分鐘走透 路沒有變短 只是變了尺度 有些很遠 從來不是公里數 ----- 一直盯著時鐘的人 只想少受點傷害 也不是每個當下 都得要替未來交代 帶著二三十歲的臉 總想把話一次說滿 以為講清楚 人就不會栽得太快 可你看呀 話還沒說完 人先走 那時都說 會留很久很久 當年急著把結局講透 現在只剩沒演完的以後 人都走後 門還留著缺口 剩遺憾它沒走 在門口陪我醉酒最久 --- 後來我才懂，走就走，別回頭。 後來我才懂，別通透。別回頭。 --- 把成熟摺成一張張地圖 每個岔路 標記成回家的路 箭頭走著也失去去處 後來下雨了 墨暈成迷霧 口袋半張紙 鞋底沾著土 前面是哪裡 走到那再讀 「不知道。」 以前說這三個字 像認輸認輸 現在有時候 只是真的不知道 不知道明年在哪 不知道誰還會在那 不知道現在覺得重要的事 五年後還剩多少 不知道今天走錯的路 會不會有一天 繞到別的地方 不知道 然後照樣把鞋穿好 門關上 往前 --- 有人陪一段 有人只在某一站 有人坐在旁邊很久 最後連告別都沒有 有人只講過一句話 多年以後突然聽懂 聽懂 以前總想替這些事情命名 好的 壞的 非得分明 值得 浪費 都得判定 判定 後來有些標籤 慢慢掉落 事情還是事情 換了輪廓 好的會過去 壞的也會過去 得到會失去 失去也留下東西 後來我才懂，走就走，別回頭。 後來我才懂，別通透。別回頭。 後來我不懂，走就走，別回頭。 後來我不懂，看不透，也不強求。 
水比記憶裡更冷 腳踩下去 比想像更深
站在岸上 永遠看不清幾分真
那時候世界很大
大到每條沒走過的路 都像有人替你留著門
---
第一次站在那個街口 紅燈數起來很久 人潮比雲還厚很多 只覺得每個方向都能走
破機車一路冷的發抖 是鐵鏽味 跟著破傷風
口袋明明什麼都沒有 狼狽是最大的自由
凌晨兩點的街燈 便利商店的人聲
鞋底的灰 配屋裡的黑 路上的菸 還比不上我廢
年輕的時候很愛問：
為什麼不是那樣 為什麼有人留下 為什麼有人轉身下樓
好像只要找到原因 事情就會完整
路一直走 就一定會到頭
話說清楚 就一定能懂透
手抓得夠緊 東西就不會溜走
---
後來我才懂，走就走，別回頭。 後來我才懂，走就走，別通透。
---
雨停了彩虹不在天邊 漏油浮在水面
倒過來的天空 被幾個鞋印踩碎
鐵門鎖在騎樓下 只能站水溝邊
規矩說不能再往前 還得掛著笑臉
你好雞蛋糕 喊了好幾百遍 明明只差幾步 卻像隔了好多年
推開那扇門 裡面安靜得可憐
老電扇慢慢轉 牆角冰箱亮著一點
偶爾「喀」一聲 才知道裡面還有電
沒有掌聲 也沒什麼改變 以前想像的世界 也就這麼一點
一條小巷 飯糰油飯 讓畫面突然倒轉回放
日期忘了 原因也講得很亂
你我像阿茲海默 把很多名字丟進角落
平常想不起來 一經過 又全部回頭找我
記得那個笑聲 還記得那個午後 卻忘了哪個路口
自己站了很久 想不起來誰在左右
才知道忘記 也沒把曾經帶走 ---
後來我才懂，走就走，別回頭。 後來我才懂，走就走，別通透。
---
十年以後 又晃回那個路口
以前看不到盡頭 現在十一分鐘走透
路沒有變短 只是變了尺度
有些很遠 從來不是公里數 -----
一直盯著時鐘的人 只想少受點傷害
也不是每個當下 都得要替未來交代
帶著二三十歲的臉 總想把話一次說滿
以為講清楚 人就不會栽得太快
可你看呀 話還沒說完 人先走
那時都說 會留很久很久
當年急著把結局講透 現在只剩沒演完的以後
人都走後 門還留著缺口
剩遺憾它沒走 在門口陪我醉酒最久 ---
後來我才懂，走就走，別回頭。 後來我才懂，別通透。別回頭。
---
把成熟摺成一張張地圖 每個岔路 標記成回家的路
箭頭走著也失去去處 後來下雨了 墨暈成迷霧
口袋半張紙 鞋底沾著土 前面是哪裡 走到那再讀
「不知道。」
以前說這三個字 像認輸認輸
現在有時候 只是真的不知道
不知道明年在哪 不知道誰還會在那
不知道現在覺得重要的事 五年後還剩多少
不知道今天走錯的路 會不會有一天 繞到別的地方
不知道
然後照樣把鞋穿好
門關上
往前
---
有人陪一段 有人只在某一站
有人坐在旁邊很久 最後連告別都沒有
有人只講過一句話 多年以後突然聽懂 聽懂
以前總想替這些事情命名
好的 壞的 非得分明 值得 浪費 都得判定 判定
後來有些標籤 慢慢掉落
事情還是事情 換了輪廓
好的會過去 壞的也會過去
得到會失去 失去也留下東西
後來我才懂，走就走，別回頭。 後來我才懂，別通透。別回頭。
後來我不懂，走就走，別回頭。 後來我不懂，看不透，也不強求。
留言（ 0 ） 最相關留言 所有留言
留言（ 0 ）",2026-10-03,,AI 協作 Hip hop / Rap,False,False,
2026-10-05 15:35:20,weekly,hip_hop,2026,40,42,cjø4wut,Need U (Self Ver. Demo),2,49,1,https://streetvoice.com/cj_0412/songs/881147/,https://streetvoice.com/cj_0412/,"https://akstatic.streetvoice.com/profile_images/cj/_0/cj_0412/NXkmByL6QsB8ztugsQVUii.jpg?x-oss-process=image/resize,m_fill,h_400,w_400,limit_0",images/881147.jpg,@cj_0412,音樂人,台北市,2025-06-01,,6,8,15,,,https://www.youtube.com/user/StreetVoiceTV,,,Hip hop / Rap,,,,,"I need u by my side Cuz baby u my only 一晚的時間過得快 Baby can u repeat 說明白了U my type 甩她們好幾公里 Am I wrong Ain't Gon lie Cuz bae u r my type I need u by my side 請拯救我的狀態 感謝上帝讓妳出現在我面前 I told em thousand times U r my destined Baby妳早已經我的心牽走了 1/2的心多了一半 也期盼與妳相遇 內心多了期待 妳的髮香味靠近時 久了就成為我的依賴 Please just be my Caroline I need u by my side Cuz baby u my only y Huh wo oh I need u by my side Cuz baby u my only 一晚的時間過得快 Baby can u repeat 說明白了U my type 甩她們好幾公里 Am I wrong Ain't Gon lie Cuz bae u r my type I need u by my side Cuz baby u my only 一晚的時間過得快 Baby can u repeat 說明白了U my type 甩她們好幾公里 Am I wrong Ain't Gon lie Cuz bae u r my type 
I need u by my side Cuz baby u my only 一晚的時間過得快 Baby can u repeat 說明白了U my type 甩她們好幾公里 Am I wrong Ain't Gon lie Cuz bae u r my type
I need u by my side 請拯救我的狀態 感謝上帝讓妳出現在我面前 I told em thousand times U r my destined Baby妳早已經我的心牽走了 1/2的心多了一半 也期盼與妳相遇 內心多了期待 妳的髮香味靠近時 久了就成為我的依賴 Please just be my Caroline
I need u by my side Cuz baby u my only y Huh wo oh
I need u by my side Cuz baby u my only 一晚的時間過得快 Baby can u repeat 說明白了U my type 甩她們好幾公里 Am I wrong Ain't Gon lie Cuz bae u r my type
I need u by my side Cuz baby u my only 一晚的時間過得快 Baby can u repeat 說明白了U my type 甩她們好幾公里 Am I wrong Ain't Gon lie Cuz bae u r my type
留言（ 1 ） 最相關留言 所有留言
留言（ 1 ）",2026-09-26,,,False,False,
2026-10-05 15:35:20,weekly,hip_hop,2026,40,43,Hao,還是不知道要叫啥的重製版(prod. BACCO),0,9,0,https://streetvoice.com/amei0321amei/songs/882140/,https://streetvoice.com/amei0321amei/,"https://akstatic.streetvoice.com/song_covers/am/ei/amei0321amei/aHejAQLfnLK47UmGkCqTqM.jpg?x-oss-process=image/resize,m_fill,h_400,w_400,limit_0",images/882140.jpg,@amei0321amei,音樂人,桃園市,2023-01-01,,10,,,,,https://www.youtube.com/user/StreetVoiceTV,宋念宇相隔五年發行創作專輯《以為你還在》主打歌〈意外〉力邀金狼獎最佳導演 Haoyan of America 操刀|||https://blow.streetvoice.com/89294/?utm_source=streetvoice&utm_medium=profile-news-block; 昭霖Zhaolin再發新專《夢中夢》 與王昭華同台演出合作〈古早的歌〉|||https://blow.streetvoice.com/87564/?utm_source=streetvoice&utm_medium=profile-news-block; 以數位聲響重構道家宇宙觀 電子音樂製作人B E N N新專輯《Chaos and Order》|||https://blow.streetvoice.com/85644/?utm_source=streetvoice&utm_medium=profile-news-block,,Hip hop / Rap,,,,"有資源一定會做的更好 sorry沒資源都靠自己 聽起來雜雜的 給個機會 ""For promotional use only. All rights reserved to the original beat producer."" （僅供推廣使用。版權歸原編曲師所有。） 
有資源一定會做的更好 sorry沒資源都靠自己 聽起來雜雜的 給個機會
""For promotional use only. All rights reserved to the original beat producer."" （僅供推廣使用。版權歸原編曲師所有。）","看我拼命的追 追著那不可能實現的夢 他就像惡夢 在我腦海裡不斷地重播 看我爬上了山頂 看著那些我從未見過的 美麗的風景 it be like 鐵觀音 purple lean drinking drinking drinking all these Hennessy 看我把手中的香菸換成了雪茄 看著他們還在路邊彈奏著吉他 從什麼時候開始我也變成了其他 給你看看為什麼我的成績是A+ 你可能還不了解我們之間的差距 所以你只會在背地裡說閒言閒語 i just wanna make it loud 但你卻帶不走我倔犟的靈魂 lemme sing loud 探討我的風格探討我的品味想法上攻擊 得到了我該得到的都來說恭喜 work hard everyday tryna make it easy make it easy make it easy tryna make it easy prove somethin i don’t need it i don’t need it i don’t need it i don’t need it i don’t need it i don’t need it lemme tell you somethin 從無到有 到頭來都一樣 get numb get pain tryna be better but i can’t that shit so fucked tryna prove something i don’t need it i can’t shut my mouth lemme sing loud 看我拼命的追 追著那不可能實現的夢 他就像惡夢 在我腦海裡不斷地重播 看我爬上了山頂 看著那些我從未見過的 美麗的風景 it be like 鐵觀音 purple lean drinking drinking drinking all these Hennessy 看我把手中的香菸換成了雪茄 給你看看為什麼我的成績是A+ 
看我拼命的追 追著那不可能實現的夢 他就像惡夢 在我腦海裡不斷地重播 看我爬上了山頂 看著那些我從未見過的 美麗的風景 it be like 鐵觀音 purple lean drinking drinking drinking all these Hennessy 看我把手中的香菸換成了雪茄 看著他們還在路邊彈奏著吉他 從什麼時候開始我也變成了其他 給你看看為什麼我的成績是A+ 你可能還不了解我們之間的差距 所以你只會在背地裡說閒言閒語 i just wanna make it loud 但你卻帶不走我倔犟的靈魂 lemme sing loud 探討我的風格探討我的品味想法上攻擊 得到了我該得到的都來說恭喜
work hard everyday tryna make it easy make it easy make it easy tryna make it easy prove somethin i don’t need it i don’t need it i don’t need it i don’t need it i don’t need it i don’t need it
lemme tell you somethin 從無到有 到頭來都一樣 get numb get pain tryna be better but i can’t that shit so fucked tryna prove something i don’t need it i can’t shut my mouth lemme sing loud
看我拼命的追 追著那不可能實現的夢 他就像惡夢 在我腦海裡不斷地重播 看我爬上了山頂 看著那些我從未見過的 美麗的風景 it be like 鐵觀音 purple lean drinking drinking drinking all these Hennessy 看我把手中的香菸換成了雪茄 給你看看為什麼我的成績是A+
留言（ 0 ） 最相關留言 所有留言
留言（ 0 ）",2026-10-02,,,False,False,
2026-10-05 15:35:20,weekly,hip_hop,2026,40,44,阿洛,鴨肉 (吉仔ㄟ歌),1,11,0,https://streetvoice.com/Frankly_/songs/881743/,https://streetvoice.com/Frankly_/,"https://akstatic.streetvoice.com/song_covers/Fr/an/Frankly_/Vg5ipDMFZuxBUpSQpknVdb.jpg?x-oss-process=image/resize,m_fill,h_400,w_400,limit_0",images/881743.jpg,@Frankly_,音樂人,台南市,2022-11-01,,2,1,1,,,https://www.youtube.com/user/StreetVoiceTV,阿洛與南島女音樂人跨國合作新專輯《女人島》 舒米恩獻聲展現阿美族複音搭唱|||https://blow.streetvoice.com/72209/?utm_source=streetvoice&utm_medium=profile-news-block; 【金曲37】2026年第37屆金曲獎得獎名單|||https://blow.streetvoice.com/88509/?utm_source=streetvoice&utm_medium=profile-news-block; 【金曲37】第37屆金曲獎入圍名單公布 陳嫺靜、Gummy B入圍最佳歌手獎|||https://blow.streetvoice.com/87754/?utm_source=streetvoice&utm_medium=profile-news-block,,Hip hop / Rap,,,,"所有給我老爸的歌 
所有給我老爸的歌","手提電火布，日頭熱甲欲窒箍 四界走傱 ，但是厝內猶有我愛顧 伊是正港的，水電師傅 厝邊攏知影 炒飯兩碗，一對普通的父子仔 這馬放假閒閒，阿翰緊上車 廟口咧熱鬧，手機仔莫閣看 涼的啉完，做伙來去買鹹酥雞 叫五百箍嘛開落去，伊是大頭家 騎歐兜邁食檳榔，反手猶有一支菸 Dio改甲乒乓叫，這叫態度有賰 鴨肉鴨肉，無穿衫企在廟口 暗啊暗啊，相揣欲來去賭博 鴨肉鴨肉，賭輸伊都無藉口 翰啊翰啊，莫閣規天咧睏覺 鴨肉鴨肉，無穿衫企在廟口 暗啊暗啊，相揣欲來去賭博 鴨肉鴨肉，賭輸伊都無藉口 翰啊翰啊，莫閣規天咧睡覺 
手提電火布，日頭熱甲欲窒箍
四界走傱 ，但是厝內猶有我愛顧
伊是正港的，水電師傅
厝邊攏知影
炒飯兩碗，一對普通的父子仔
這馬放假閒閒，阿翰緊上車
廟口咧熱鬧，手機仔莫閣看
涼的啉完，做伙來去買鹹酥雞
叫五百箍嘛開落去，伊是大頭家
騎歐兜邁食檳榔，反手猶有一支菸
Dio改甲乒乓叫，這叫態度有賰
鴨肉鴨肉，無穿衫企在廟口
暗啊暗啊，相揣欲來去賭博
鴨肉鴨肉，賭輸伊都無藉口
翰啊翰啊，莫閣規天咧睏覺
鴨肉鴨肉，無穿衫企在廟口
暗啊暗啊，相揣欲來去賭博
鴨肉鴨肉，賭輸伊都無藉口
翰啊翰啊，莫閣規天咧睡覺
留言（ 0 ） 最相關留言 所有留言
留言（ 0 ）",2026-09-29,,,False,False,
2026-10-05 15:35:20,weekly,hip_hop,2026,40,45,暫時叫。陳天順,陳天順-【一覺醒不來】audio,1,12,0,https://streetvoice.com/OGchen/songs/881925/,https://streetvoice.com/OGchen/,"https://akstatic.streetvoice.com/song_covers/OG/ch/OGchen/SiRxurmFAJfqSRXfF2HwXP.jpg?x-oss-process=image/resize,m_fill,h_400,w_400,limit_0",images/881925.jpg,@OGchen,音樂人,台中市,2019-05-01,,2,1,1,,,https://www.youtube.com/user/StreetVoiceTV,,,Hip hop / Rap,,,,,"有時候想 一覺醒不來 偷偷關注 著妳的動態 悄悄的坐在椅子上 就這樣對著那節拍 拿走妳的所有  就當我是小偷 我偷走了妳的煩惱 奔向屬於妳的懷抱 偷不走妳那帶刺的心窩 在我的身邊可以任妳肆意的放肆 我就是愛耍著那冷酷孤僻和偏執 你說我說他說 愛你需要什麼理由 只有妳讓我著了魔 我不在。還有什麼能讓妳期待 就算分開。就像一場夢逃不出來 Hey girl you are my only （Hey girl you are my only) Girl 妳讓我太著迷 （girl你讓我） 有時候想 一覺醒不來 偷偷關注 著妳的動態 悄悄的坐在椅子上 就這樣對著那節拍 拿走妳的所有  就當我是小偷 為妳寫了 一首又一首 想講的 都在歌裡頭 ～～～這就是一覺醒不來的我 ～～～這又不是我所想要的結果 ～～～還有很多話沒有對妳說 ～～～到底要怎樣才能解脫 她的夢太甜 所以醒不來 但睡姿太豪邁 昨晚我們有點喝開 所以有些小失態 看我們。經歷的Hard time 到了現在。妳也都還在 只有妳配ya。配當我的bae 還記得上次失控。妳卻沒有放手 有了妳我就夠。妳就是我的所有 Ya Im losing control 對妳浪漫。溫柔 就算沒走到。以後 但這也不算。錯過 Ya 拿走妳的所有ya 就當做我是小偷ya 有時候想 一覺醒不來 偷偷關注 著妳的動態 悄悄的坐在椅子上 就這樣對著那節拍 拿走妳的所有  就當我是小偷 為妳寫了 一首又一首 想講的 都在歌裡頭 ～～～這就是一覺醒不來的我 ～～～這又不是我所想要的結果 ～～～還有很多話沒有對妳說 ～～～到底要怎樣才能解脫 
有時候想 一覺醒不來 偷偷關注 著妳的動態 悄悄的坐在椅子上 就這樣對著那節拍 拿走妳的所有  就當我是小偷 我偷走了妳的煩惱 奔向屬於妳的懷抱 偷不走妳那帶刺的心窩
在我的身邊可以任妳肆意的放肆 我就是愛耍著那冷酷孤僻和偏執
你說我說他說 愛你需要什麼理由 只有妳讓我著了魔
我不在。還有什麼能讓妳期待 就算分開。就像一場夢逃不出來 Hey girl you are my only （Hey girl you are my only) Girl 妳讓我太著迷 （girl你讓我）
有時候想 一覺醒不來 偷偷關注 著妳的動態 悄悄的坐在椅子上 就這樣對著那節拍 拿走妳的所有  就當我是小偷 為妳寫了 一首又一首 想講的 都在歌裡頭
～～～這就是一覺醒不來的我 ～～～這又不是我所想要的結果 ～～～還有很多話沒有對妳說 ～～～到底要怎樣才能解脫
她的夢太甜 所以醒不來 但睡姿太豪邁 昨晚我們有點喝開 所以有些小失態 看我們。經歷的Hard time 到了現在。妳也都還在 只有妳配ya。配當我的bae 還記得上次失控。妳卻沒有放手 有了妳我就夠。妳就是我的所有 Ya Im losing control 對妳浪漫。溫柔 就算沒走到。以後 但這也不算。錯過
Ya 拿走妳的所有ya 就當做我是小偷ya
有時候想 一覺醒不來 偷偷關注 著妳的動態 悄悄的坐在椅子上 就這樣對著那節拍 拿走妳的所有  就當我是小偷 為妳寫了 一首又一首 想講的 都在歌裡頭
～～～這就是一覺醒不來的我 ～～～這又不是我所想要的結果 ～～～還有很多話沒有對妳說 ～～～到底要怎樣才能解脫
留言（ 0 ） 最相關留言 所有留言
留言（ 0 ）",2026-09-30,,,False,False,
2026-10-05 15:35:20,weekly,hip_hop,2026,40,46,okatang,白日,0,14,0,https://streetvoice.com/okatang/songs/881789/,https://streetvoice.com/okatang/,"https://akstatic.streetvoice.com/music_albums/ok/at/okatang/BEZwvdbKeXWHeaeif7D7cJ.jpg?x-oss-process=image/resize,m_fill,h_400,w_400,limit_0",images/881789.jpg,@okatang,音樂人,桃園市,2024-08-01,,9,5,32,,,https://www.youtube.com/user/StreetVoiceTV,,,Hip hop / Rap,時間,https://streetvoice.com/okatang/songs/album/97326168/,,,"這是沒有提供歌詞的歌曲
留言（ 0 ） 最相關留言 所有留言
留言（ 0 ）",2026-09-30,,,False,False,
2026-10-05 15:35:20,weekly,hip_hop,2026,40,47,小尾巴,三十七,5,470,2,https://streetvoice.com/tiest0913/songs/879284/,https://streetvoice.com/tiest0913/,"https://akstatic.streetvoice.com/song_covers/ti/es/tiest0913/KRvnUyBiCewdE69EouT7eu.jpeg?x-oss-process=image/resize,m_fill,h_400,w_400,limit_0",images/879284.jpeg,@tiest0913,音樂人,,,2022-03-21 15:49,53,114,9,https://www.facebook.com/kbtiest,https://www.instagram.com/tiest0913/,https://www.youtube.com/channel/UCGKjYyVV5AUMWlElBhGti8A,熊仔「人格特化療程→0」出道十週年演唱會 呂士軒、wannasleep同台助陣|||https://blow.streetvoice.com/88992/?utm_source=streetvoice&utm_medium=profile-news-block; 大港開唱20週年攻略：ACG跨次元來襲、滅火器與落日飛車重返南霸天、兒童界巨星「巧虎」參戰|||https://blow.streetvoice.com/86698/?utm_source=streetvoice&utm_medium=profile-news-block; 【吹專訪】That’s My SHHH 主腦 LEO37：玩音樂？一切都是因為傻！|||https://blow.streetvoice.com/86468/?utm_source=streetvoice&utm_medium=profile-news-block,,Hip hop / Rap,,,,"我今年三十七，我有中年危機 --- 詞曲 Composer & Lyricist｜小尾巴 編曲 Arranger｜小尾巴 錄音 Recording Engineer｜小尾巴 和聲編寫 Backing Vocal Arranger｜小尾巴 混音工程師 Mixing Engineer｜@raxio11 @_13lefty @NERDYBOY 母帶工程師 Mastering Engineer | @doublewei666 @NERDYBOY https://www.instagram.com/doublewei666/ 母帶工作室 Mastering Studio | Nerdyboy Space Capsule 
我今年三十七，我有中年危機 --- 詞曲 Composer & Lyricist｜小尾巴 編曲 Arranger｜小尾巴 錄音 Recording Engineer｜小尾巴 和聲編寫 Backing Vocal Arranger｜小尾巴 混音工程師 Mixing Engineer｜@raxio11 @_13lefty @NERDYBOY 母帶工程師 Mastering Engineer | @doublewei666 @NERDYBOY https://www.instagram.com/doublewei666/ 母帶工作室 Mastering Studio | Nerdyboy Space Capsule
https://www.instagram.com/doublewei666/","嫌い　自分　嫌い 每天晚上 この Thought 襲來 奇怪 他人 面對這都 怎麼辦 從被剪掉臍帶 已過37載 從備選到廢案 不再被誰期待 真的是變太老 做的還不夠好 衰退中的右腦 吃碳水會睡著 中年危機是真的 經驗是生的 新世代說 人老做啥都很心酸 他們講話 沒經過腦袋 不然會知道 我眼睛跟腰 也都很酸 想要成名　想要大受歡迎 想要爆紅 到大家願意關心我的心疾 Well 真是不稀奇 我也該去看自己有沒有 ADHD 怕被公審 怕被取消 怕建空城 怕被取笑 光是活過今天就已經 竭盡心神 而我 嫌い　自分　嫌い 每天晚上 この Thought 襲來 奇怪 他人 面對這都 怎麼辦 Help me 即便 我不再被誰期待 
嫌い　自分　嫌い 每天晚上 この Thought 襲來 奇怪 他人 面對這都 怎麼辦
從被剪掉臍帶 已過37載 從備選到廢案 不再被誰期待 真的是變太老 做的還不夠好 衰退中的右腦 吃碳水會睡著
中年危機是真的 經驗是生的 新世代說 人老做啥都很心酸 他們講話 沒經過腦袋 不然會知道 我眼睛跟腰 也都很酸
想要成名　想要大受歡迎 想要爆紅 到大家願意關心我的心疾 Well 真是不稀奇 我也該去看自己有沒有 ADHD
怕被公審 怕被取消 怕建空城 怕被取笑 光是活過今天就已經 竭盡心神 而我
嫌い　自分　嫌い 每天晚上 この Thought 襲來 奇怪 他人 面對這都 怎麼辦 Help me 即便 我不再被誰期待
留言（ 2 ） 最相關留言 所有留言
留言（ 2 ）",2026-09-13,,編輯推薦,True,False,
2026-10-05 15:35:20,weekly,hip_hop,2026,40,48,Aroziel,2 Find What I’m 4 (freestyle demo.),0,12,0,https://streetvoice.com/Aroziel_AC/songs/882211/,https://streetvoice.com/Aroziel_AC/,"https://akstatic.streetvoice.com/song_covers/Ar/oz/Aroziel_AC/SeoWUAxNvBhthRgfJrpeG6.jpg?x-oss-process=image/resize,m_fill,h_400,w_400,limit_0",images/882211.jpg,@Aroziel_AC,音樂人,台北市,2023-01-01,,22,8,6,,,https://www.youtube.com/user/StreetVoiceTV,,,Hip hop / Rap,,,,"Credit Lyrics / Composition：Aroziel Producer：Roman Arrangement：Roman Mixing Engineer：Aroziel 
Credit Lyrics / Composition：Aroziel Producer：Roman Arrangement：Roman Mixing Engineer：Aroziel","不在意成就快慢在羅盤指針指對以前 告訴自己別忘記赤子出發的起源 蹲了許久即將躍過龍門在近幾年 撰寫獨特脈絡 專屬Aro的 語言 別想我拿遺憾在夢想的墳前祭酒 沒混到金盆洗手 跟音樂直到天長地久 命運端上桌的 我從來不忌口 24 重生 死灰復燃的ego To Find What I’m for 不是為了證明誰看走眼 只是想對得起每個失眠的昨天 走得慢又如何 至少方向沒有偏 如果答案還沒出現 I will got the more and more 渴望自由 不代表開始逃離現實 追求功名 也提醒自己不被名利限制 成功如果只剩數字 那我寧願重新定義 All in 過程 夢想拋起決定命運的硬幣 還在找 what I live for 每扇門都會親手推開過 有人問我還要追多久 直到那個男孩對我說 Man 你沒辜負 那個從低谷爬起的lil bro To Find What I’m for 不是為了證明誰看走眼 只是想對得起每個失眠的昨天 走得慢又如何 至少方向沒有偏 如果答案還沒出現 I will got the more and more 
不在意成就快慢在羅盤指針指對以前 告訴自己別忘記赤子出發的起源 蹲了許久即將躍過龍門在近幾年 撰寫獨特脈絡 專屬Aro的 語言
別想我拿遺憾在夢想的墳前祭酒 沒混到金盆洗手 跟音樂直到天長地久 命運端上桌的 我從來不忌口 24 重生 死灰復燃的ego
To Find What I’m for 不是為了證明誰看走眼 只是想對得起每個失眠的昨天 走得慢又如何 至少方向沒有偏 如果答案還沒出現 I will got the more and more
渴望自由 不代表開始逃離現實 追求功名 也提醒自己不被名利限制 成功如果只剩數字 那我寧願重新定義 All in 過程 夢想拋起決定命運的硬幣
還在找 what I live for 每扇門都會親手推開過 有人問我還要追多久 直到那個男孩對我說 Man 你沒辜負 那個從低谷爬起的lil bro
To Find What I’m for 不是為了證明誰看走眼 只是想對得起每個失眠的昨天 走得慢又如何 至少方向沒有偏 如果答案還沒出現 I will got the more and more
留言（ 0 ） 最相關留言 所有留言
留言（ 0 ）",2026-10-03,,,False,False,
2026-10-05 15:35:20,weekly,hip_hop,2026,40,49,drordie,榮光故里歸 demo,1,16,0,https://streetvoice.com/dreamordie/songs/881800/,https://streetvoice.com/dreamordie/,"https://akstatic.streetvoice.com/song_covers/dr/ea/dreamordie/8gH74KcaMz9zF2BTkMYWuj.jpeg?x-oss-process=image/resize,m_fill,h_400,w_400,limit_0",images/881800.jpeg,@dreamordie,音樂人,,,2025-05-21 16:29,7,76,9,,https://www.instagram.com/drordie.dir/,https://www.youtube.com/@drordie,,,Hip hop / Rap,,,,"有一天我會榮光故里歸的 對吧？ 
有一天我會榮光故里歸的 對吧？","其實一切沒有變 最愛的 還是那一件 故事曲折離奇 新鮮感也不再新鮮 但我不會重新選 時間幫我慢一點 wait wait put my city on the map 有一天我也會榮光故里歸 何時 何時 怎麼每個選擇背後都變得奢侈 會不會是這次 就能帶著自信回家當個好兒子 只是人無再少年 我們當然也不會再比今天更年輕 追逐太陽的耀眼 沒想過每個角色的責任這也是原因 okay i get it 1 2 3 腳步踩穩 那些問題麻煩get away 我走出我的 方圓裡面 我們都在慌亂的middle twenty 別著急 too young to be perfect Okay 沒問題 不再需要天氣預報 今天天氣晴 Still doing my thing 剛走出烏雲密佈 正趕往晴空萬里 朋友我得更加專心 
其實一切沒有變 最愛的 還是那一件 故事曲折離奇 新鮮感也不再新鮮 但我不會重新選 時間幫我慢一點 wait wait put my city on the map 有一天我也會榮光故里歸
何時 何時 怎麼每個選擇背後都變得奢侈 會不會是這次 就能帶著自信回家當個好兒子 只是人無再少年 我們當然也不會再比今天更年輕 追逐太陽的耀眼 沒想過每個角色的責任這也是原因 okay i get it 1 2 3 腳步踩穩 那些問題麻煩get away 我走出我的 方圓裡面 我們都在慌亂的middle twenty 別著急 too young to be perfect
Okay 沒問題 不再需要天氣預報 今天天氣晴 Still doing my thing 剛走出烏雲密佈 正趕往晴空萬里 朋友我得更加專心
留言（ 0 ） 最相關留言 所有留言
留言（ 0 ）",2026-09-29,,,False,False,
2026-10-05 15:35:20,weekly,hip_hop,2026,40,50,jgps0619,2024年2月12日 凌晨12_02_54,0,3,0,https://streetvoice.com/mjfolksonghch/songs/760758/,https://streetvoice.com/mjfolksonghch/,"https://akstatic.streetvoice.com/music_albums/mj/fo/mjfolksonghch/GWF8NFBtRS9M5RtqHnY724.jpeg?x-oss-process=image/resize,m_fill,h_400,w_400,limit_0",images/760758.jpeg,@mjfolksonghch,音樂人,屏東縣,2020-08-01,,16,1,5,,,https://www.youtube.com/user/StreetVoiceTV,,,Hip hop / Rap,李明喆,https://streetvoice.com/mjfolksonghch/songs/album/97321272/,,,"這是沒有提供歌詞的歌曲
留言（ 0 ） 最相關留言 所有留言
留言（ 0 ）",2026-10-04,,,False,False,
