snapshot_time,chart_timeframe,chart_genre,chart_year,chart_week,rank,artist_name,song_title,likes_count,play_count,comments_count,song_url,artist_url,cover_image_url,cover_image_local_path,artist_handle,artist_identity,artist_city,artist_joined_date,artist_accredited_datetime,artist_music_count,artist_fans_count,artist_following_count,artist_facebook_url,artist_instagram_url,artist_youtube_url,related_news,big_thing_appearances,genre,album_title,album_url,collaborators,description,lyrics,release_date,song_accredited_datetime,honors,is_editor_recommended,is_song_of_the_day,critic_review_url
2026-09-26 02:39:15,realtime,folk,,,1,阿雰,魔神仔,16,1091,1,https://streetvoice.com/rockerfen3388/songs/879763/,https://streetvoice.com/rockerfen3388/,"https://akstatic.streetvoice.com/song_covers/ro/ck/rockerfen3388/aumesr8m3uNL8fuKHgBemW.jpeg?x-oss-process=image/resize,m_fill,h_400,w_400,limit_0",images/879763.jpeg,@rockerfen3388,音樂人,,,,,,,,,https://www.youtube.com/user/StreetVoiceTV,,,Folk,,,黃培育,"緊來走啊咿 kín lâi tsáu--ah i 魔神仔無咧佮你講道理 môo-sîn-á bô leh kah lí kóng tō-lí 緊來走啊咿 kín lâi tsáu--ah i 魔神仔無咧佮你講人情 môo-sîn-á bô leh kah lí kóng jîn-tsîng 鬼若欲掠人是無咧選日子 kuí nā-beh lia̍h-lâng sī bô-leh suán ji̍t-tsí 咱就拜請關老爺來保庇 lán tiō pài-tshiánn Kuan-ló-iâ lâi pó-pì 走 走 走 走 tsáu, tsáu, tsáu, tsáu 
緊來走啊咿 kín lâi tsáu--ah i 魔神仔無咧佮你講道理 môo-sîn-á bô leh kah lí kóng tō-lí 緊來走啊咿 kín lâi tsáu--ah i 魔神仔無咧佮你講人情 môo-sîn-á bô leh kah lí kóng jîn-tsîng 鬼若欲掠人是無咧選日子 kuí nā-beh lia̍h-lâng sī bô-leh suán ji̍t-tsí 咱就拜請關老爺來保庇 lán tiō pài-tshiánn Kuan-ló-iâ lâi pó-pì 走 走 走 走 tsáu, tsáu, tsáu, tsáu","這是沒有提供歌詞的歌曲
留言（ 1 ） 最相關留言 所有留言
留言（ 1 ）",2026-09-17,,Song of the Day; 編輯推薦,True,True,
2026-09-26 02:39:15,realtime,folk,,,2,Control T,怎麼會,18,214,2,https://streetvoice.com/ControlT/songs/881076/,https://streetvoice.com/ControlT/,"https://akstatic.streetvoice.com/song_covers/Co/nt/ControlT/4DqBew4oWJBpSCD5rDtqkR.jpeg?x-oss-process=image/resize,m_fill,h_400,w_400,limit_0",images/881076.jpeg,@ControlT,音樂人,,,2021-09-27 15:35,17,8756,13,https://www.facebook.com/controltband/,https://instagram.com/controltband,https://youtube.com/c/ControlTband,Control T成團十週年推出首張專輯《Waste Land》 實體邀葛萊美獎設計師于薇操刀|||https://blow.streetvoice.com/84668/?utm_source=streetvoice&utm_medium=profile-news-block; Control T懷抱刺痛心情寫下〈再見之前〉 重逢的矛盾感令人深感共鳴|||https://blow.streetvoice.com/56520/?utm_source=streetvoice&utm_medium=profile-news-block; 【StreetVoice新歌週報】Control T將悲傷化作夕陽美景 陳修澤沈澱之作上線|||https://blow.streetvoice.com/55665/?utm_source=streetvoice&utm_medium=profile-news-block,,Singer / Songwriter,,,,"真正擊潰我的，不單單只是失去了一段感情。 而是在那個難忘的月份裡，對我來說僅存的遮羞布，被狠狠撕了下來。 我只好第一次那麼直接的，面對自己的失敗，一事無成。 分手之後的那段時間，我其實很害怕去碰觸「愛」這件事情。 看到韓劇裡男女主角甜膩的擁抱、親吻，甚至只是一個眼神，都會察覺到 「嗯，我好像已經忘記了。」 忘記了喜歡一個人是什麼感覺，忘記了親吻一個人的感覺，也忘記了為一個人深呼吸、嘆氣，究竟是什麼樣的心情。 又或者，是因為害怕再次失去，所以開始退卻。 「如果我真的再也沒有辦法愛上一個人了呢？」 如果連該怎麼擁抱一個人，怎麼相信一段感情，甚至期待一個人走進我的生命，都變成了一件需要鼓起很大勇氣的事情呢？ 於是我寫下了〈怎麼會〉。 那時候的我，已經沒有力氣，再一次去索求一個不值得擁有的夢。 少在寫下這首歌的當下，我只想承認一件事， 我真的，很害怕再愛了。 - 製作人 Producer | Control T 作詞人 Lyricist |   李妮蓁 Nichen Lee/黃正嘉 Zheng Jia Huang 作曲人 Composer | 黃正嘉 Zheng Jia Huang 編曲 Music Arranger | 陳信伯 Hsinpo Chen /Control T 合聲編寫 Backing Vocal Arranger | 李妮蓁 Nichen Lee/黃正嘉 Zheng Jia Huang 主唱 Lead Vocalist | 李妮蓁 Nichen Lee/黃正嘉 Zheng Jia Huang 電吉他 Electric Guitar |呂理鈞 jimjim 木吉他 Acoustic Guitar | 黃正嘉 Zheng Jia Huang 人聲編輯 Vocal Editing | 呂理鈞 jimjim 錄音師 Recording Engineer | 黃渝傑 UJay Huang 混音師 Mixing Engineer |   陳信伯 Hsinpo Chen 母帶後期工程師 Mastering Engineer |  陳信伯 Hsinpo Chen 錄音室 Recording Studio | One Stroke Studio 
真正擊潰我的，不單單只是失去了一段感情。
而是在那個難忘的月份裡，對我來說僅存的遮羞布，被狠狠撕了下來。 我只好第一次那麼直接的，面對自己的失敗，一事無成。
分手之後的那段時間，我其實很害怕去碰觸「愛」這件事情。 看到韓劇裡男女主角甜膩的擁抱、親吻，甚至只是一個眼神，都會察覺到
「嗯，我好像已經忘記了。」
忘記了喜歡一個人是什麼感覺，忘記了親吻一個人的感覺，也忘記了為一個人深呼吸、嘆氣，究竟是什麼樣的心情。
又或者，是因為害怕再次失去，所以開始退卻。
「如果我真的再也沒有辦法愛上一個人了呢？」
如果連該怎麼擁抱一個人，怎麼相信一段感情，甚至期待一個人走進我的生命，都變成了一件需要鼓起很大勇氣的事情呢？
於是我寫下了〈怎麼會〉。
那時候的我，已經沒有力氣，再一次去索求一個不值得擁有的夢。
少在寫下這首歌的當下，我只想承認一件事，
我真的，很害怕再愛了。 - 製作人 Producer | Control T 作詞人 Lyricist |   李妮蓁 Nichen Lee/黃正嘉 Zheng Jia Huang 作曲人 Composer | 黃正嘉 Zheng Jia Huang 編曲 Music Arranger | 陳信伯 Hsinpo Chen /Control T 合聲編寫 Backing Vocal Arranger | 李妮蓁 Nichen Lee/黃正嘉 Zheng Jia Huang 主唱 Lead Vocalist | 李妮蓁 Nichen Lee/黃正嘉 Zheng Jia Huang 電吉他 Electric Guitar |呂理鈞 jimjim 木吉他 Acoustic Guitar | 黃正嘉 Zheng Jia Huang 人聲編輯 Vocal Editing | 呂理鈞 jimjim 錄音師 Recording Engineer | 黃渝傑 UJay Huang 混音師 Mixing Engineer |   陳信伯 Hsinpo Chen 母帶後期工程師 Mastering Engineer |  陳信伯 Hsinpo Chen 錄音室 Recording Studio | One Stroke Studio","十月 到了這季節 翻來覆去地改寫 心痛的畫面 忘卻 理解成退怯 褪去的註解 是不敢再重現 只不過 是回到 不曾相戀的你 體感上 彷彿又 失去了立足點 怎麼會 忘記了親吻一個人的感覺 忘記深呼吸 嘆氣 是為了誰 情緒太緩慢 思緒太混亂 寧可讓我從來都不曾愛過 寧可讓我從來看不到結果 就讓我抹殺所有回頭的衝動 如果還有可能重新再來過 寧可我們用別的方式相擁 不要 我不要了 我不願意 再次伸手 索求 不值得的夢 十月 離開的季節 沒有辦法再改寫 心動的畫面 忘卻 理解成退怯 褪去的註解 是不敢再重現 只不過 是回到 不曾相戀的你 體感上 彷彿又 失去了立足點 怎麼會 忘記了親吻一個人的感覺 忘記深呼吸 嘆氣 是為了誰 情緒太緩慢 思緒太混亂 寧可讓我從來都不曾愛過 寧可讓我從來看不到結果 就讓我抹殺所有回頭的衝動 如果還有可能重新再來過 寧可我們用別的方式相擁 不要 我不要了 我不願意 再次伸手 索求 不值得的夢 
十月 到了這季節 翻來覆去地改寫 心痛的畫面
忘卻 理解成退怯 褪去的註解 是不敢再重現 只不過 是回到 不曾相戀的你 體感上 彷彿又 失去了立足點
怎麼會 忘記了親吻一個人的感覺 忘記深呼吸 嘆氣 是為了誰 情緒太緩慢 思緒太混亂
寧可讓我從來都不曾愛過 寧可讓我從來看不到結果 就讓我抹殺所有回頭的衝動
如果還有可能重新再來過 寧可我們用別的方式相擁 不要 我不要了 我不願意 再次伸手 索求 不值得的夢
十月 離開的季節 沒有辦法再改寫 心動的畫面 忘卻 理解成退怯 褪去的註解 是不敢再重現 只不過 是回到 不曾相戀的你 體感上 彷彿又 失去了立足點
怎麼會 忘記了親吻一個人的感覺 忘記深呼吸 嘆氣 是為了誰 情緒太緩慢 思緒太混亂
寧可讓我從來都不曾愛過 寧可讓我從來看不到結果 就讓我抹殺所有回頭的衝動
如果還有可能重新再來過 寧可我們用別的方式相擁 不要 我不要了 我不願意 再次伸手 索求 不值得的夢
留言（ 2 ） 最相關留言 所有留言
留言（ 2 ）",2026-09-25,,,False,False,
2026-09-26 02:39:15,realtime,folk,,,3,夏寧杉,回憶太溫柔 不可太過依賴 demo,7,409,2,https://streetvoice.com/irenexia/songs/880706/,https://streetvoice.com/irenexia/,"https://akstatic.streetvoice.com/song_covers/ir/en/irenexia/NZGXLqd9c9neKpRmNkoKx5.jpeg?x-oss-process=image/resize,m_fill,h_400,w_400,limit_0",images/880706.jpeg,@irenexia,音樂人,台中市,2008-10-01,,3,200,,https://www.facebook.com/iiixia7,https://www.instagram.com/iiixia7/,https://www.youtube.com/@irenexia,夏寧杉與閃靈小捲合作新單曲〈白日夢〉都會感舞曲風格令人耳目一新|||https://blow.streetvoice.com/50367/?utm_source=streetvoice&utm_medium=profile-news-block; 夏寧杉首度嘗試懷舊電子曲風 新EP邀閃靈小捲錄音譜曲|||https://blow.streetvoice.com/45726/?utm_source=streetvoice&utm_medium=profile-news-block,,Singer / Songwriter,,,,"Music/ Song/ Lyric: Irene 
Music/ Song/ Lyric: Irene","長長的筆直道途 習以為常的路徑依賴 或是轉一個彎 換一個想像不到的未來 行走的山路彎彎 秋日的景色映入眼底 隨著時間的流動 不再執著哪種形式的安排 在乎的感受是一個藉口 帶領著飛往嚮往的晴空 是轉瞬即逝的風 和揮霍時間的自由 回憶太溫柔 不可太過依賴 悲傷爲偶然　而期待卻成為感慨 而每一刻留下的印記　都值得存在 在乎的感受是一個誘餌 帶領著前往未知的時空 穿越星海　留下線索 漫長盡頭　在黎明之後 回憶太溫柔 不可太過依賴 悲傷爲偶然　拼湊了完整的色彩 每一步追逐的痕跡　不曾離開 
長長的筆直道途 習以為常的路徑依賴 或是轉一個彎 換一個想像不到的未來
行走的山路彎彎 秋日的景色映入眼底 隨著時間的流動 不再執著哪種形式的安排
在乎的感受是一個藉口 帶領著飛往嚮往的晴空 是轉瞬即逝的風 和揮霍時間的自由
回憶太溫柔 不可太過依賴 悲傷爲偶然　而期待卻成為感慨 而每一刻留下的印記　都值得存在
在乎的感受是一個誘餌 帶領著前往未知的時空 穿越星海　留下線索 漫長盡頭　在黎明之後
回憶太溫柔 不可太過依賴 悲傷爲偶然　拼湊了完整的色彩 每一步追逐的痕跡　不曾離開
留言（ 2 ） 最相關留言 所有留言
留言（ 2 ）",2026-09-23,,編輯推薦,True,False,
2026-09-26 02:39:15,realtime,folk,,,4,谷恆勇,沒有人留在窗邊,3,20,3,https://streetvoice.com/hayung_smangus/songs/881040/,https://streetvoice.com/hayung_smangus/,"https://akstatic.streetvoice.com/song_covers/ha/yu/hayung_smangus/i72CBx9DNgyZqe3g97QQZt.jpeg?x-oss-process=image/resize,m_fill,h_400,w_400,limit_0",images/881040.jpeg,@hayung_smangus,音樂人,,,,1,12,23,,,https://www.youtube.com/user/StreetVoiceTV,,,Singer / Songwriter,,,,"Just another generic Mandopop breakup song. By the time it finishes streaming, you won't even remember who sang it. Unfortunately, it's my story. I wrote it. I sang it. This is not a SUNO song 
Just another generic Mandopop breakup song. By the time it finishes streaming, you won't even remember who sang it.
Unfortunately, it's my story. I wrote it. I sang it.
This is not a SUNO song","你把咖啡留在窗邊 那圈污痕像你的藉口 我守著它直到天黑 你倒是走得乾脆俐落 我搭車越過那條河 不是為了聽你再審判我 每一站都問我該去哪 每個答案都指向你的錯 你說你只是需要一點空間 不，你只是早就不想留下 我們像一只停壞的鐘 每一次靠近都在浪費 你把愛說成最後通牒 再怪我沒有跪下挽回 我追過那扇關上的門 你追的是一個聽話的人 別把分開說得那麼體面 我們都知道誰先轉身 你的藍外套還掛在房裡 袖口替你保留著姿勢 我差點打電話給你 卻想起你只會說到此為止 我在書裡找到你的字 第一百頁那句溫柔忠告 你叫我善待已經結束的事 那你為什麼還要回頭看我 你要我忘記，卻不肯說再見 你要我承認，卻不肯承認你 別把沉默當作成熟 別把逃走說成成全 我們像一只停壞的鐘 每一次靠近都在浪費 你把愛說成最後通牒 再怪我沒有跪下挽回 我追過那扇關上的門 你追的是一個聽話的人 別把分開說得那麼體面 我們都知道誰先轉身 我究竟是你的家 還是你路過的一季 你究竟愛過我嗎 還是只愛有人等你 你欠我一句真話 你欠我一次放手 別再把我的傷口 縫成你漂亮的理由 沒有人贏得了這場爭吵 沒有人能毫髮無傷地走 我不會再守著那扇門 我不會再回來求你開 你說我們只是走到盡頭 我說是你先把路拆開 別叫這成全 別叫這深情 我們只是終於說出真相 你和我，誰也別再裝作沒事 把窗關上 把燈關掉 這次不必留下最後一句 
你把咖啡留在窗邊 那圈污痕像你的藉口 我守著它直到天黑 你倒是走得乾脆俐落
我搭車越過那條河 不是為了聽你再審判我 每一站都問我該去哪 每個答案都指向你的錯
你說你只是需要一點空間
不，你只是早就不想留下
我們像一只停壞的鐘 每一次靠近都在浪費 你把愛說成最後通牒 再怪我沒有跪下挽回 我追過那扇關上的門 你追的是一個聽話的人 別把分開說得那麼體面 我們都知道誰先轉身
你的藍外套還掛在房裡 袖口替你保留著姿勢 我差點打電話給你 卻想起你只會說到此為止
我在書裡找到你的字 第一百頁那句溫柔忠告 你叫我善待已經結束的事 那你為什麼還要回頭看我
你要我忘記，卻不肯說再見 你要我承認，卻不肯承認你 別把沉默當作成熟 別把逃走說成成全
我們像一只停壞的鐘 每一次靠近都在浪費 你把愛說成最後通牒 再怪我沒有跪下挽回 我追過那扇關上的門 你追的是一個聽話的人 別把分開說得那麼體面 我們都知道誰先轉身
我究竟是你的家 還是你路過的一季
你究竟愛過我嗎 還是只愛有人等你
你欠我一句真話 你欠我一次放手 別再把我的傷口 縫成你漂亮的理由 沒有人贏得了這場爭吵 沒有人能毫髮無傷地走
我不會再守著那扇門 我不會再回來求你開 你說我們只是走到盡頭 我說是你先把路拆開 別叫這成全 別叫這深情 我們只是終於說出真相 你和我，誰也別再裝作沒事
把窗關上
把燈關掉
這次不必留下最後一句
留言（ 3 ） 最相關留言 所有留言
留言（ 3 ）",2026-09-25,,,False,False,
2026-09-26 02:39:15,realtime,folk,,,5,雷克非 Christopher R,You Crossed the Sea - 妳漂洋過海,11,196,19,https://streetvoice.com/ChristopherR/songs/880861/,https://streetvoice.com/ChristopherR/,"https://akstatic.streetvoice.com/song_covers/Ch/ri/ChristopherR/Ra6EESnhMgcjziq8oTYnFz.jpeg?x-oss-process=image/resize,m_fill,h_400,w_400,limit_0",images/880861.jpeg,@ChristopherR,音樂人,,,,4,12,38,,,https://www.youtube.com/user/StreetVoiceTV,,,Singer / Songwriter,,,,"就只是過了幾個十年後的一杯酒。多說無益。 Adult Contemporary. Duet. Christopher & Charlene. That’s it. https://youtu.be/1MMWruT4hzc 
就只是過了幾個十年後的一杯酒。多說無益。
Adult Contemporary. Duet. Christopher & Charlene. That’s it.
https://youtu.be/1MMWruT4hzc
https://youtu.be/1MMWruT4hzc","That was the split. I stayed on my side of the world. I poured a glass of wine, watched the level fall, and suddenly the room grew wide. Ce n’est pas du regret, c’est la physique. 這不是遺憾，只是物理定律。 Your face half lost inside the light. At last I saw you clearly, and the place I kept inside went quiet enough for me to hear the room reply. Two seeds from the same tree. On a compris plus tard, 我們後來才明白， we didn’t simply trade our lives. Nous étions chacun 我們各自都在 à mesurer jusqu’où l’âme pouvait aller. 丈量靈魂究竟能走多遠。 You’re the version of me that left. Je suis la version de toi qui est restée. 我是那個留下來的你。 I’m the one who held the little light you left. Tu es la route que je n’ai pas choisie. 你是那條我沒有選擇的路。 The road split open, but the roots stayed the same. No debt, no victory, nothing left to claim. You said you wanted une vie plus tranquille. 一種更平靜的生活。 I nodded, looking toward my own future. No envy, no pride. Some answers take this many years before they finally become clear. You lived the life I didn’t choose. J’ai gardé la maison que tu as dû perdre. 我守住了那個你不得不失去的家。 I kept the part of you that stayed behind. Après toutes ces années, 過了這麼多年， je porte encore ton nom dans le silence. 我依然在沉默裡帶著你的名字。 It’s one long breath held for decades, finally released between us. Tu me reconnais encore. 你依然認得我。 Et je connais toujours mon propre nom. 而我也依然知道自己是誰。 No one had to say a word. Personne n’avait besoin de parler. 誰都不需要開口。 Same old rhythm, same tired light. Toutes ces années, tout est enfin terminé. 這麼多年以後，一切終於結束了。 We laughed together, a little empty, a little lost, because there was nothing left to wait for. You’re the me who crossed the sea. Je suis le toi que tu étais autrefois. 我是你曾經的那個自己。 There is no way back to yesterday. Il ne sert à rien de rembobiner le temps. 把時間倒帶，也沒有任何意義。 The ones who finally close the case sometimes don’t know where to place their hands. Ceux qui ont enfin tourné la page 那些終於翻過這一頁的人， ne savent pas toujours quoi faire de leurs mains. 也不一定知道自己的雙手該做些什麼。 But we are here, sharing the silence, and neither of us has to disappear. The airport changed its name. Mais le sang n’a pas changé. 但內在沒有改變。 The air still carries both our names. I won’t pour a second glass tonight. Je le laisse là, 我就讓它留在那裡， à perdre doucement sa chaleur. 讓它慢慢失去原本的溫度。 This answer found the place where it belongs inside. 
That was the split. I stayed on my side of the world. I poured a glass of wine, watched the level fall, and suddenly the room grew wide.
Ce n’est pas du regret, c’est la physique. 這不是遺憾，只是物理定律。
Your face half lost inside the light. At last I saw you clearly, and the place I kept inside went quiet enough for me to hear the room reply.
Two seeds from the same tree.
On a compris plus tard, 我們後來才明白，
we didn’t simply trade our lives.
Nous étions chacun 我們各自都在
à mesurer jusqu’où l’âme pouvait aller. 丈量靈魂究竟能走多遠。
You’re the version of me that left.
Je suis la version de toi qui est restée. 我是那個留下來的你。
I’m the one who held the little light you left.
Tu es la route que je n’ai pas choisie. 你是那條我沒有選擇的路。
The road split open, but the roots stayed the same. No debt, no victory, nothing left to claim.
You said you wanted
une vie plus tranquille. 一種更平靜的生活。
I nodded, looking toward my own future. No envy, no pride. Some answers take this many years before they finally become clear.
You lived the life I didn’t choose.
J’ai gardé la maison que tu as dû perdre. 我守住了那個你不得不失去的家。
I kept the part of you that stayed behind.
Après toutes ces années, 過了這麼多年，
je porte encore ton nom dans le silence. 我依然在沉默裡帶著你的名字。
It’s one long breath held for decades, finally released between us.
Tu me reconnais encore. 你依然認得我。
Et je connais toujours mon propre nom. 而我也依然知道自己是誰。
No one had to say a word.
Personne n’avait besoin de parler. 誰都不需要開口。
Same old rhythm, same tired light.
Toutes ces années, tout est enfin terminé. 這麼多年以後，一切終於結束了。
We laughed together, a little empty, a little lost, because there was nothing left to wait for.
You’re the me who crossed the sea.
Je suis le toi que tu étais autrefois. 我是你曾經的那個自己。
There is no way back to yesterday.
Il ne sert à rien de rembobiner le temps. 把時間倒帶，也沒有任何意義。
The ones who finally close the case sometimes don’t know where to place their hands.
Ceux qui ont enfin tourné la page 那些終於翻過這一頁的人，
ne savent pas toujours quoi faire de leurs mains. 也不一定知道自己的雙手該做些什麼。
But we are here, sharing the silence, and neither of us has to disappear.
The airport changed its name.
Mais le sang n’a pas changé. 但內在沒有改變。
The air still carries both our names. I won’t pour a second glass tonight.
Je le laisse là, 我就讓它留在那裡，
à perdre doucement sa chaleur. 讓它慢慢失去原本的溫度。
This answer found the place where it belongs inside.
留言（ 19 ） 最相關留言 所有留言
留言（ 19 ）",2026-09-24,,AI 協作 Singer / Songwriter,False,False,
2026-09-26 02:39:15,realtime,folk,,,6,YUEQIN,someday,6,215,0,https://streetvoice.com/Yooqin/songs/880693/,https://streetvoice.com/Yooqin/,"https://akstatic.streetvoice.com/song_covers/Yo/oq/Yooqin/7jNPLnpjaBWGnUNzUEsLGC.jpeg?x-oss-process=image/resize,m_fill,h_400,w_400,limit_0",images/880693.jpeg,@Yooqin,音樂人,馬來西亞,2021-04-01,,1,5,2,,,https://www.youtube.com/user/StreetVoiceTV,,,Folk,,,,"小時候的你，會寫一首怎樣的歌給長大的自己？ - 詞曲：YUEQIN 製作：Yeekee / YUEQIN 編曲：武人 / Yeekee 混音/母帶：道鵬.daw 封面：媽媽 
小時候的你，會寫一首怎樣的歌給長大的自己？
-
詞曲：YUEQIN 製作：Yeekee / YUEQIN 編曲：武人 / Yeekee 混音/母帶：道鵬.daw 封面：媽媽","I ask myself Where will I be tomorrow Tomorrow As the sun’s going down Nobody sees the sorrow I wouldn't know Things will never stay the same And I'll never know Time has laid out its decree Stop asking more No one can say what lies ahead Just keep on track Someday you’ll know I ask myself Why do i feel a little mess In the haze of neon nights, Find the stories left unsaid I wouldn't know Things will never stay the same And I'll never know Time has laid out its decree Stop asking more No one can say what lies ahead Just keep on track Someday you’ll know 
I ask myself Where will I be tomorrow Tomorrow
As the sun’s going down Nobody sees the sorrow
I wouldn't know Things will never stay the same And I'll never know Time has laid out its decree
Stop asking more No one can say what lies ahead Just keep on track Someday you’ll know
I ask myself Why do i feel a little mess
In the haze of neon nights, Find the stories left unsaid
I wouldn't know Things will never stay the same And I'll never know Time has laid out its decree
Stop asking more No one can say what lies ahead Just keep on track Someday you’ll know
留言（ 0 ） 最相關留言 所有留言
留言（ 0 ）",2026-09-22,,編輯推薦,True,False,
2026-09-26 02:39:15,realtime,folk,,,7,孫一軒Sun,尋,12,1386,1,https://streetvoice.com/psvsun/songs/880462/,https://streetvoice.com/psvsun/,"https://akstatic.streetvoice.com/song_covers/ps/vs/psvsun/RbtHQTxNRXW8bfJZAjd3jh.jpeg?x-oss-process=image/resize,m_fill,h_400,w_400,limit_0",images/880462.jpeg,@psvsun,音樂人,桃園市,2018-04-01,2024-07-09 10:27,13,193,14,,https://www.instagram.com/psvsun,https://youtube.com/@psvsun,2024「秋OUT音樂節」9/28、9/29登場！九大舞台陣容、票價、場域全公開|||https://blow.streetvoice.com/76336/?utm_source=streetvoice&utm_medium=profile-news-block; 2024 Park Park Carnival首日回顧：OBSESS炸場台下開圈、飛機降落聲替Gummy B開場|||https://blow.streetvoice.com/75870/?utm_source=streetvoice&utm_medium=profile-news-block; 第五屆Park Park Carnival叭叭嘉年華 8/24、8/25圓山花博公園開唱！完整陣容、場域圖全公開|||https://blow.streetvoice.com/75492/?utm_source=streetvoice&utm_medium=profile-news-block,,Singer / Songwriter,,,李縉加,"這是一個暫時無法到達的理想世界， 原本一直訴說一個「想去的地方」， 其實是一處女主角非常嚮往的wonderland， 在成長過程漸漸地摸索出自己想要的： 原來是一座可以盡情抒發、沒有謊言的樂園島。 然而，不是每個人都能幸運抵達那個位置。 在短暫的人生旅途，它可能只永遠存在想像中， 在像是海岸那樣平靜的場景中， 將自己的嚮往寄託在風浪， 想像著有那一處所在、自我療癒的過程。 最後 女巫店要起售了（放在這裡也太偷偷？） 【製作團隊Credit】 製作人Producer｜周沅正Bryan Chou @bryan__chou 人聲 Vocal ｜孫一軒、李縉加 @jonas_lcc 作詞 Lyrics｜孫一軒Sun 作曲Composer｜孫一軒Sun、申屠文栩Vincent @vincent0803 編曲Arranger｜周沅正Bryan Chou、許皓幃 和聲編寫 Harmony｜孫一軒Sun、申屠文栩Vincent 木吉他Acoustic Guitar｜許皓幃 @leaharmonic 電吉他Electric Guitar｜許皓幃 鼓 Drum | 蕭迦勒Caleb Hsiao 樂器錄音室Instruments Recording Studio｜態度音樂工作室Layback Studio @laybackstudio_official 樂器錄音師Instruments Recording Engineer｜周沅正Bryan Chou 人聲錄音室Vocal Recording Studio｜態度音樂工作室Layback Studio 人聲錄音師Vocal Recording Engineer｜周沅正Bryan Chou 混音師Mixing Engineer｜周沅正Bryan Chou 混音工程工作室Mixing Engineering Studio｜態度音樂工作室Layback Studio 母帶後期工程師Mastering Engineer｜周沅正Bryan Chou 封面設計Cover Design｜漆ㄢ @7n.o.oo 發行企劃 Publish Planner｜丹尼、童柏勛Rex @toward_zlo @iipeare 
這是一個暫時無法到達的理想世界， 原本一直訴說一個「想去的地方」， 其實是一處女主角非常嚮往的wonderland， 在成長過程漸漸地摸索出自己想要的： 原來是一座可以盡情抒發、沒有謊言的樂園島。
然而，不是每個人都能幸運抵達那個位置。 在短暫的人生旅途，它可能只永遠存在想像中， 在像是海岸那樣平靜的場景中， 將自己的嚮往寄託在風浪， 想像著有那一處所在、自我療癒的過程。
最後 女巫店要起售了（放在這裡也太偷偷？）
【製作團隊Credit】 製作人Producer｜周沅正Bryan Chou @bryan__chou 人聲 Vocal ｜孫一軒、李縉加 @jonas_lcc 作詞 Lyrics｜孫一軒Sun 作曲Composer｜孫一軒Sun、申屠文栩Vincent @vincent0803 編曲Arranger｜周沅正Bryan Chou、許皓幃 和聲編寫 Harmony｜孫一軒Sun、申屠文栩Vincent 木吉他Acoustic Guitar｜許皓幃 @leaharmonic 電吉他Electric Guitar｜許皓幃 鼓 Drum | 蕭迦勒Caleb Hsiao 樂器錄音室Instruments Recording Studio｜態度音樂工作室Layback Studio @laybackstudio_official 樂器錄音師Instruments Recording Engineer｜周沅正Bryan Chou 人聲錄音室Vocal Recording Studio｜態度音樂工作室Layback Studio 人聲錄音師Vocal Recording Engineer｜周沅正Bryan Chou 混音師Mixing Engineer｜周沅正Bryan Chou 混音工程工作室Mixing Engineering Studio｜態度音樂工作室Layback Studio 母帶後期工程師Mastering Engineer｜周沅正Bryan Chou 封面設計Cover Design｜漆ㄢ @7n.o.oo 發行企劃 Publish Planner｜丹尼、童柏勛Rex @toward_zlo @iipeare","動態歌詞
獨自走在潮起潮落的海岸 閉上眼吹著微涼的風 試著把雜想放到看不見的地方 任由鹹澀的沙不停流 摺起手中未寫的信 將滿是空白寄到瓶裡 讓浪花把難言捲起 可以的話 把我也帶去 讓風啊吹呀吹呀吹到我不在的地方 它會知道 寧靜在哪 讓浪啊晃呀晃呀晃到我想去的地方 然後找到 你 像風一樣 彼岸那一頭的四季 每陣潮水都清澈透明 不再有防備 猜疑 彼此相信 直到無垠 讓風啊吹呀吹呀吹到我不在的地方 它會知道 寧靜在哪 讓浪啊晃呀晃呀晃到我想去的地方 然後找到 你 讓風啊吹呀吹呀吹到無盡的雲霞 它會找到 寧靜在哪 讓浪啊晃呀晃呀晃到潮汐間嚮往 然後沉溺 
獨自走在潮起潮落的海岸 閉上眼吹著微涼的風 試著把雜想放到看不見的地方 任由鹹澀的沙不停流
摺起手中未寫的信 將滿是空白寄到瓶裡 讓浪花把難言捲起 可以的話 把我也帶去
讓風啊吹呀吹呀吹到我不在的地方 它會知道 寧靜在哪 讓浪啊晃呀晃呀晃到我想去的地方 然後找到 你 像風一樣
彼岸那一頭的四季 每陣潮水都清澈透明 不再有防備 猜疑 彼此相信 直到無垠
讓風啊吹呀吹呀吹到我不在的地方 它會知道 寧靜在哪 讓浪啊晃呀晃呀晃到我想去的地方 然後找到 你 讓風啊吹呀吹呀吹到無盡的雲霞 它會找到 寧靜在哪 讓浪啊晃呀晃呀晃到潮汐間嚮往 然後沉溺
留言（ 1 ） 最相關留言 所有留言
留言（ 1 ）",2026-09-21,,編輯推薦,True,False,
2026-09-26 02:39:15,realtime,folk,,,8,Tanuki Maruina,經過從前  忠誠路,0,12,0,https://streetvoice.com/boson321/songs/880837/,https://streetvoice.com/boson321/,"https://akstatic.streetvoice.com/music_albums/bo/so/boson321/Js9E2iN5xUBdoPxEE9hGYc.jpeg?x-oss-process=image/resize,m_fill,h_400,w_400,limit_0",images/880837.jpeg,@boson321,音樂人,,,,3,1,,,,https://www.youtube.com/user/StreetVoiceTV,,,Singer / Songwriter,續 嘴,https://streetvoice.com/boson321/songs/album/97326089/,,"A Tanuki Song Keyboard: Benson Ng Lyrics: Tanuki FX and Mastering: Tanukii 置入 天母 
A Tanuki Song
Keyboard: Benson Ng Lyrics: Tanuki FX and Mastering: Tanukii
置入 天母","走在忠誠路 雨剛停 我沿著緩坡 把傘收起 巷裡那家停著老車的店 透著玻璃 想起那個下午 你扶著方向盤 問去哪裡 我說隨便 只要晚一點回家 店裡那部車 沒開走我們 卻把從今以後 聊了好久 我說 再坐一下 把外套 放回椅背 最遠的路是 再見到下次再見 今天我一人慢慢走 留著你的左邊 綠燈亮 手伸出去 等你綁赤足鞋 隨口聊那些小事 在經過路口浮現 明明只是繞一圈 卻經過了 好多從前 欒樹黃花 落在路邊 藍色招牌下 你挑了半天 你說一口就好 不必多買 湯匙卻更早伸過來 我故意紙杯 往遠處推 你連我手 也一起拉回 你說 再走一下 手機 收口袋裡 記住 這些 路口 都因有你 曾停下來 今天我一人慢慢走 留著你的左邊 綠燈亮 手伸出去 等你綁赤足鞋 隨口聊那些小事 在經過路口浮現 明明只是繞一圈 卻經過了 好多從前 球場那 忽然一陣歡呼 蓋過 我大聲say sorry 你沒有要 重說一次 只説無名牛肉麵 怒吃 今天我一人慢慢走 還留著你的左邊 綠燈亮 手伸出去 等你綁赤足鞋 隨口聊那些小事 在經過路口浮現 明明只是繞一圈 卻經過好多個從前 手機亮起 不是你 問到了哪裡 店員問我要幾支湯匙 我說 兩支 尷.    尬的 
走在忠誠路 雨剛停 我沿著緩坡 把傘收起 巷裡那家停著老車的店 透著玻璃 想起那個下午 你扶著方向盤 問去哪裡 我說隨便 只要晚一點回家 店裡那部車 沒開走我們 卻把從今以後 聊了好久
我說 再坐一下 把外套 放回椅背 最遠的路是 再見到下次再見
今天我一人慢慢走 留著你的左邊 綠燈亮 手伸出去 等你綁赤足鞋 隨口聊那些小事 在經過路口浮現 明明只是繞一圈 卻經過了 好多從前
欒樹黃花 落在路邊 藍色招牌下 你挑了半天 你說一口就好 不必多買 湯匙卻更早伸過來 我故意紙杯 往遠處推 你連我手 也一起拉回
你說 再走一下 手機 收口袋裡 記住 這些 路口 都因有你 曾停下來
今天我一人慢慢走 留著你的左邊 綠燈亮 手伸出去 等你綁赤足鞋 隨口聊那些小事 在經過路口浮現 明明只是繞一圈 卻經過了 好多從前
球場那 忽然一陣歡呼 蓋過 我大聲say sorry 你沒有要 重說一次 只説無名牛肉麵 怒吃
今天我一人慢慢走 還留著你的左邊 綠燈亮 手伸出去 等你綁赤足鞋 隨口聊那些小事 在經過路口浮現 明明只是繞一圈 卻經過好多個從前
手機亮起 不是你 問到了哪裡 店員問我要幾支湯匙 我說 兩支 尷.    尬的
留言（ 0 ） 最相關留言 所有留言
留言（ 0 ）",2026-09-24,,,False,False,
2026-09-26 02:39:15,realtime,folk,,,9,StreetVoice 未來進行式,2026.09.23 ç‰¹هˆ¥ن¾†è³“ï¼ڑAiden Chen,4,67,0,https://streetvoice.com/svradio/songs/880644/,https://streetvoice.com/svradio/,"https://akstatic.streetvoice.com/song_covers/sv/ra/svradio/SBgWCqnairdgCZmD2NPDmS.jpeg?x-oss-process=image/resize,m_fill,h_400,w_400,limit_0",images/880644.jpeg,@svradio,Podcast,基隆市,2009-06-01,,72,343,,,,https://www.youtube.com/user/StreetVoiceTV,「StreetVoice 未來進行式」六月登陸飛碟電台 世外桃源任首集嘉賓|||https://blow.streetvoice.com/33663/?utm_source=streetvoice&utm_medium=profile-news-block; 勃發的創作量、新的收入可能：往音樂社群平台發展的StreetVoice，在2021年度報告中分享了哪些資訊？|||https://blow.streetvoice.com/58836/?utm_source=streetvoice&utm_medium=profile-news-block; 返回地球 理化兄弟 P.C.B 新單曲《PSYBERPUNKER》未來進行式搶先首播|||https://blow.streetvoice.com/21388/?utm_source=streetvoice&utm_medium=profile-news-block,,Singer / Songwriter,,,,,,,,ç·¨è¼¯وژ¨è–¦,False,False,
2026-09-26 02:39:15,realtime,folk,,,10,debloop,Losing Bones (solo live demo),13,1117,4,https://streetvoice.com/illsuka/songs/877987/,https://streetvoice.com/illsuka/,"https://akstatic.streetvoice.com/song_covers/il/ls/illsuka/D4n89gGckY2XLiEYERZbUj.jpeg?x-oss-process=image/resize,m_fill,h_400,w_400,limit_0",images/877987.jpeg,@illsuka,音樂人,台北市,2021-04-01,,2,165,2,,,https://www.youtube.com/user/StreetVoiceTV,【吹專訪】來自地下場景的怪聲debloop主唱Suka的Z世代搖滾文藝復興|||https://blow.streetvoice.com/89788/?utm_source=streetvoice&utm_medium=profile-news-block; 拍謝少年20週年「現場處理：山盟海誓」邀debloop、EmptyORio、COLD DEW、五五身擔任嘉賓|||https://blow.streetvoice.com/85161/?utm_source=streetvoice&utm_medium=profile-news-block; 香港獨立樂團不平靜水域發行首張EP 9/26專場邀請Debloop、Super Napkin共演|||https://blow.streetvoice.com/83299/?utm_source=streetvoice&utm_medium=profile-news-block,11 月 6 2025 The Next Big Thing 大團誕生（開發場9）|||11 月 6|||https://streetvoice.com/gigs/8319/,Singer / Songwriter,,,,"Mix by Michael Wu 
Mix by Michael Wu","這是沒有提供歌詞的歌曲
留言（ 4 ） 最相關留言 所有留言
留言（ 4 ）",2026-09-04,,Song of the Day; 編輯推薦,True,True,
2026-09-26 02:39:15,realtime,folk,,,11,Leyi D,02-T-Rex (feat. Weijun Huang),4,6,7,https://streetvoice.com/bellebearrrrrr/songs/881064/,https://streetvoice.com/bellebearrrrrr/,"https://akstatic.streetvoice.com/song_covers/be/ll/bellebearrrrrr/d77ZRsGXHFXDQNH3UfTjdx.jpeg?x-oss-process=image/resize,m_fill,h_400,w_400,limit_0",images/881064.jpeg,@bellebearrrrrr,音樂人,新北市,2017-06-01,2022-10-18 17:25,12,163,24,,https://instagram.com/bellebearrrrrr,https://youtube.com/channel/UC1E5w9lLUBSJivyj5oS8CtA,自己樂團自己選  Wake Up 演出名單由你決定|||https://blow.streetvoice.com/8075/?utm_source=streetvoice&utm_medium=profile-news-block,,Singer / Songwriter,Deep Inside My Brain,https://streetvoice.com/bellebearrrrrr/songs/album/97326131/,weijunlikessounds,"製作人 Producer｜廖威力 Willy 作詞 Lyricist｜Leyi D 作曲 Composer｜Leyi D 編曲 Arranger｜廖威力 Willy 薩克斯風 Saxophone | Weijun 鼓組 Drum | 楊宏易 Caeser Yang 小提琴 Violin | 廖威力 Willy 中提琴 Viola | 廖威力 Willy 大提琴 Cello | Angel Niu 配唱 Vocal Producer｜江泰德 Ted Chiang 錄音師 Vocal Recording Engineer｜徐昕 Vivian Hsin Hsu(Vocal)、陳硬核 Hardcore Chen(Drum)、Kayne(Saxophone) 錄音室 Vocal Recording Studio | 玉成戲院錄音室 YuChen Cinema Studio(Vocal)、112F Recording Studio(Drum)、J.Studio傑奧斯錄音室(Saxophone) 鼓組技師 Drum Tech | 陳硬核 Hardcore Chen 鼓組助理錄音師 Drum Recording Assistant | 吳境倫 Jin Wu 混音 Mixing Engineer｜江泰德 Ted Chiang 人聲剪輯 Vocal Editing｜江泰德 Ted Chiang、廖威力 Willy 母帶後期處理師 Master Engineer｜江泰德 Ted Chiang 
製作人 Producer｜廖威力 Willy 作詞 Lyricist｜Leyi D 作曲 Composer｜Leyi D 編曲 Arranger｜廖威力 Willy 薩克斯風 Saxophone | Weijun 鼓組 Drum | 楊宏易 Caeser Yang 小提琴 Violin | 廖威力 Willy 中提琴 Viola | 廖威力 Willy 大提琴 Cello | Angel Niu
配唱 Vocal Producer｜江泰德 Ted Chiang 錄音師 Vocal Recording Engineer｜徐昕 Vivian Hsin Hsu(Vocal)、陳硬核 Hardcore Chen(Drum)、Kayne(Saxophone) 錄音室 Vocal Recording Studio | 玉成戲院錄音室 YuChen Cinema Studio(Vocal)、112F Recording Studio(Drum)、J.Studio傑奧斯錄音室(Saxophone) 鼓組技師 Drum Tech | 陳硬核 Hardcore Chen 鼓組助理錄音師 Drum Recording Assistant | 吳境倫 Jin Wu
混音 Mixing Engineer｜江泰德 Ted Chiang 人聲剪輯 Vocal Editing｜江泰德 Ted Chiang、廖威力 Willy 母帶後期處理師 Master Engineer｜江泰德 Ted Chiang","Weirdo, ain’t no place for me to stay in this world All my mind is drifting in a tangled storm Chaos in stone Too slow, ain’t no time for me to fit in this flow All my life is chasing something for my soul Memories in stone Roar roar roar roar roar roar roar Roar roar roar roar roar roar roar Too short, couldn’t hug Too huge, couldn’t touch Too much to forget about it Too little to talk about it Never mind, I’ll be fine There’s no need to cry Never mind, I’ll be fine There’s no need to cry Never mind, I’ll be fine There’s no need to cry Too slow, ain’t no time for me to fit in this flow All my life is chasing something for my soul Memories in stone I do a little “haha” like this Smile a little “hehe” like that Keep my claws behind my back So they won’t hear me roar I’ve tried but I Losing my wonderfully weird And now I can’t hear myself roar Never mind, I’ll be fine There’s no need to cry Never mind, I’ll be fine There’s no need to cry Never mind, I’ll be fine There’s no need to cry 
Weirdo, ain’t no place for me to stay in this world All my mind is drifting in a tangled storm Chaos in stone
Too slow, ain’t no time for me to fit in this flow All my life is chasing something for my soul Memories in stone
Roar roar roar roar roar roar roar Roar roar roar roar roar roar roar
Too short, couldn’t hug Too huge, couldn’t touch Too much to forget about it Too little to talk about it
Never mind, I’ll be fine There’s no need to cry Never mind, I’ll be fine There’s no need to cry Never mind, I’ll be fine There’s no need to cry
Too slow, ain’t no time for me to fit in this flow All my life is chasing something for my soul Memories in stone
I do a little “haha” like this Smile a little “hehe” like that Keep my claws behind my back So they won’t hear me roar I’ve tried but I Losing my wonderfully weird And now I can’t hear myself roar
Never mind, I’ll be fine There’s no need to cry Never mind, I’ll be fine There’s no need to cry Never mind, I’ll be fine There’s no need to cry
留言（ 7 ） 最相關留言 所有留言
留言（ 7 ）",2026-09-25,,,False,False,
2026-09-26 02:39:15,realtime,folk,,,12,祈,再等一下,14,3523,9,https://streetvoice.com/Catalinaaaa/songs/880126/,https://streetvoice.com/Catalinaaaa/,"https://akstatic.streetvoice.com/song_covers/od/d_/odd_disk_1zb/cPnUVvZ6VSqfmtxRDTq2fh.jpg?x-oss-process=image/resize,m_fill,h_400,w_400,limit_0",images/880126.jpg,@Catalinaaaa,音樂人,高雄市,2022-12-01,,16,53,17,,,https://www.youtube.com/user/StreetVoiceTV,震樂堂與浮現祭聯手打造祈安大典 新專輯《眾神出巡》保平安體現信仰傳承|||https://blow.streetvoice.com/72556/?utm_source=streetvoice&utm_medium=profile-news-block; 送給所有缺乏自信卻依然願意追尋的人——閃閃閃閃釋出迷你專輯《少女的祈禱》|||https://blow.streetvoice.com/70468/?utm_source=streetvoice&utm_medium=profile-news-block; 詮釋餘生的祈求與解脫 遊樂新歌〈神仙〉邀陳昱翰執導MV|||https://blow.streetvoice.com/60380/?utm_source=streetvoice&utm_medium=profile-news-block,,Singer / Songwriter,,,,"這首歌是寫給那些在這個世界上絕望到看不見任何光芒的所有人，以及那些沒辦法繼續下去而離開的你們 。 還有我自己。 我告訴過好多好多人這些事，好像除了離開世界也沒有其他選擇了，每一個人都說再等一下，還活著就會遇到希望，相信就會看見奇蹟，繞了一圈還是回到同一個結論，就是繼續活著。 可是如果已經痛苦到撐不下去了那怎麼辦啊？就是沒有能繼續走的路，就算有也沒力氣走下去了，看不見未來又身在黑暗中，這樣存在的意義是什麼？ 要怎麼以這種狀態繼續等待？ 明明就超努力在過生活了，對這個世界還有眷戀，用盡全力在尋找快樂的存在也好好珍惜著。 可是當力氣用光的時候，可能是躺在床上一動也不動時，或在聊天室中尋找能夠傾訴的對象，也可能只是當想放下一些事讓自己好過一些時，得到的卻是「你已經很勇敢了」或「再撐一下就過了」，從愛我的人口中說出。 這些「愛」用力的拖著我們向前，都遍體鱗傷了都求救到沒有聲音了，但好像沒有人看見也沒有人聽見。 好無助好無助喔，這就是要我們繼續存在的原因嗎？被責怪不夠堅強還有更多更多消失在空氣中的呼救聲。 詞是在那天莫名哭的稀裡嘩啦時蹦出來的，在那之前爸爸走進來我房間跟我說他要出門辦事情，我回了一句蛤啊是喔，他問我怎麼了，我說我只是不想一個人，他留下一句「等一下就回來了啦」然後就出去了。 很小很小的一件事，很稀鬆平常的對話，所以也不知道自己怎麼會在講出「我不想一個人時」哭了。 邊哭邊刷著吉他喃喃唸著「再等一下、再等一下」，不知不覺就變成一段旋律了。 沒有一個好的結尾，沒有要你們繼續勇敢繼續前進，因為我知道勇敢也沒有用，等待也沒有用，身在這種狀態下的話前進比任何事情都還要困難。 只是想提醒現在看到這裡聽完這首歌的人仔細聆聽這些絕望的吶喊。無論是離開的，或是繼續為了愛的人待在這個世界的你們，也許沒有真的觸碰到你，但會有些人懂的吧？ 還有我自己。 再等一下 credit 製作人：黃彥翔Eric 編曲：陳彥尊MikeChen Bass：蘇楷雄 吉他：Angus(陳品嘉） 鼓：林璟博 Editing/混音/母帶：黃彥翔Eric 
這首歌是寫給那些在這個世界上絕望到看不見任何光芒的所有人，以及那些沒辦法繼續下去而離開的你們 。 還有我自己。
我告訴過好多好多人這些事，好像除了離開世界也沒有其他選擇了，每一個人都說再等一下，還活著就會遇到希望，相信就會看見奇蹟，繞了一圈還是回到同一個結論，就是繼續活著。 可是如果已經痛苦到撐不下去了那怎麼辦啊？就是沒有能繼續走的路，就算有也沒力氣走下去了，看不見未來又身在黑暗中，這樣存在的意義是什麼？ 要怎麼以這種狀態繼續等待？ 明明就超努力在過生活了，對這個世界還有眷戀，用盡全力在尋找快樂的存在也好好珍惜著。 可是當力氣用光的時候，可能是躺在床上一動也不動時，或在聊天室中尋找能夠傾訴的對象，也可能只是當想放下一些事讓自己好過一些時，得到的卻是「你已經很勇敢了」或「再撐一下就過了」，從愛我的人口中說出。 這些「愛」用力的拖著我們向前，都遍體鱗傷了都求救到沒有聲音了，但好像沒有人看見也沒有人聽見。 好無助好無助喔，這就是要我們繼續存在的原因嗎？被責怪不夠堅強還有更多更多消失在空氣中的呼救聲。
詞是在那天莫名哭的稀裡嘩啦時蹦出來的，在那之前爸爸走進來我房間跟我說他要出門辦事情，我回了一句蛤啊是喔，他問我怎麼了，我說我只是不想一個人，他留下一句「等一下就回來了啦」然後就出去了。 很小很小的一件事，很稀鬆平常的對話，所以也不知道自己怎麼會在講出「我不想一個人時」哭了。 邊哭邊刷著吉他喃喃唸著「再等一下、再等一下」，不知不覺就變成一段旋律了。 沒有一個好的結尾，沒有要你們繼續勇敢繼續前進，因為我知道勇敢也沒有用，等待也沒有用，身在這種狀態下的話前進比任何事情都還要困難。 只是想提醒現在看到這裡聽完這首歌的人仔細聆聽這些絕望的吶喊。無論是離開的，或是繼續為了愛的人待在這個世界的你們，也許沒有真的觸碰到你，但會有些人懂的吧？ 還有我自己。
再等一下 credit 製作人：黃彥翔Eric 編曲：陳彥尊MikeChen Bass：蘇楷雄 吉他：Angus(陳品嘉） 鼓：林璟博 Editing/混音/母帶：黃彥翔Eric","動態歌詞
再等一下 再撐一下 再努力一下 都說奇蹟會從天而降 再等一下 再奮力一下 但我早已看不見了啊 夠了吧 你們啊 看見了嗎 用力爬向光芒的人啊 明明用盡全力活著啊 怎麼還要他們繼續啊 愛我的人啊 聽見了嗎 聲嘶力竭的求救聲啊 明明早已吶喊到沙啞 怎麼還用愛噤聲我啊 再等一下 再勇敢一下 可是還是算了吧 等待有什麼用啊 大家啊 感受到了嗎 深淵中人們的無助啊 已經快要放棄掙扎 就這樣吧 愛我的人啊 別再用愛綑綁我了啊 已經無力掙脫了啊 放開我好嗎 再等一下 再堅持一下 或許向前一點會得救吧 但還是算了吧 再等一下 等很久了啊 沒有回應的呼喊啊 先這樣吧 
再等一下 再撐一下 再努力一下 都說奇蹟會從天而降 再等一下 再奮力一下 但我早已看不見了啊 夠了吧
你們啊 看見了嗎 用力爬向光芒的人啊 明明用盡全力活著啊 怎麼還要他們繼續啊 愛我的人啊 聽見了嗎 聲嘶力竭的求救聲啊 明明早已吶喊到沙啞 怎麼還用愛噤聲我啊
再等一下 再勇敢一下 可是還是算了吧 等待有什麼用啊
大家啊 感受到了嗎 深淵中人們的無助啊 已經快要放棄掙扎 就這樣吧
愛我的人啊 別再用愛綑綁我了啊 已經無力掙脫了啊 放開我好嗎
再等一下 再堅持一下 或許向前一點會得救吧 但還是算了吧 再等一下 等很久了啊 沒有回應的呼喊啊 先這樣吧
留言（ 9 ） 最相關留言 所有留言
留言（ 9 ）",2026-09-21,,,False,False,
2026-09-26 02:39:15,realtime,folk,,,13,Niki the Unicorn,(Live Band) Ladylike,25,2972,3,https://streetvoice.com/niki_yuwen/songs/877875/,https://streetvoice.com/niki_yuwen/,"https://akstatic.streetvoice.com/song_covers/ni/ki/niki_yuwen/5sEqZsZXYXfKPwCSocvShZ.jpeg?x-oss-process=image/resize,m_fill,h_400,w_400,limit_0",images/877875.jpeg,@niki_yuwen,音樂人,台北市,2024-05-01,2024-09-18 10:15,8,142,2,,https://www.instagram.com/niki.theunicorn/,https://www.youtube.com/@niki.theunicorn,Niki the Unicorn推出第6張專輯《Almost Maybes》 2/7野地方辦發片專場|||https://blow.streetvoice.com/85741/?utm_source=streetvoice&utm_medium=profile-news-block; Niki the Unicorn發行全新EP《Reckless Driver in a Cadillac》 5/14將於台北Revolver舉辦首場專場|||https://blow.streetvoice.com/79907/?utm_source=streetvoice&utm_medium=profile-news-block; 【吹專訪】我做了張專輯回應前任的冷暴力——Niki談《傲慢與偏見》：「如果不想被這樣的字句紀念，就不要給我這種靈感吧。」|||https://blow.streetvoice.com/78311/?utm_source=streetvoice&utm_medium=profile-news-block,,Singer / Songwriter,Live Collections : I,https://streetvoice.com/niki_yuwen/songs/album/97326024/,,"吉他: CW Sun 貝斯: 陳柏宏 鼓手: 張育齊 小號: Uraybaobao 致日記 我不想再找尋什麼了 我擁有過的都只是些帶著溫柔語氣的控制狂 致日記 我遇見了這個男生 他看起來是蠻真誠的 但引起我注意的永遠都不會是對的人 經典啊 「不要抽煙 少喝酒 不要失控」 「多笑點 用更細的聲音說話」 「能不能偶爾像個女生點」 你從最開始就知道我的野性跟瘋狂 我也不曾想要隱藏我的本性 若你想改變任何部分的我 那就請你離開吧 我從來沒要求你回來 我是在求你離開 放過我 「別這麼不受控 別這麼情緒化」 我打著你永遠無法理解的仗 走過那麼多事也不是為了讓自己更渺小 「你不能更像個女生嗎？」 我就是這樣的女生 致日記 我體驗過男人也體驗過愛情 我只能說 我大力推薦酒精 致日記 他們哪來的勇氣 對我說教 看扁我 說是看似男人嗎 應該比較像男孩吧？ 「小聲點 低調點 別引起注意」 我讓自己丟臉了嗎？ 還是是你不能接受目光在我身上？ 你說你喜歡溫柔的那種女人 要她會討抱抱 討親吻 在手機邊守著 讓我在你耳邊好好重申我的立場 （這樣才像女生、那樣才像女生） （你不能更像個女生嗎？） （這樣才像女生、那樣才像女生） （你不能更像個女生嗎？） 致日記 搞什麼？ 我的朋友都在養小孩了 我怎麼還在我人生中的第22季 致日記 那些父權主義說的那些話 「你不能更像女生嗎？」 我就是這樣的女生啊 
吉他: CW Sun 貝斯: 陳柏宏 鼓手: 張育齊 小號: Uraybaobao
致日記 我不想再找尋什麼了 我擁有過的都只是些帶著溫柔語氣的控制狂 致日記 我遇見了這個男生 他看起來是蠻真誠的 但引起我注意的永遠都不會是對的人 經典啊
「不要抽煙 少喝酒 不要失控」 「多笑點 用更細的聲音說話」 「能不能偶爾像個女生點」 你從最開始就知道我的野性跟瘋狂 我也不曾想要隱藏我的本性 若你想改變任何部分的我 那就請你離開吧
我從來沒要求你回來 我是在求你離開 放過我 「別這麼不受控 別這麼情緒化」 我打著你永遠無法理解的仗 走過那麼多事也不是為了讓自己更渺小 「你不能更像個女生嗎？」 我就是這樣的女生
致日記 我體驗過男人也體驗過愛情 我只能說 我大力推薦酒精 致日記 他們哪來的勇氣 對我說教 看扁我 說是看似男人嗎 應該比較像男孩吧？
「小聲點 低調點 別引起注意」 我讓自己丟臉了嗎？ 還是是你不能接受目光在我身上？ 你說你喜歡溫柔的那種女人 要她會討抱抱 討親吻 在手機邊守著 讓我在你耳邊好好重申我的立場
（這樣才像女生、那樣才像女生） （你不能更像個女生嗎？） （這樣才像女生、那樣才像女生） （你不能更像個女生嗎？）
致日記 搞什麼？ 我的朋友都在養小孩了 我怎麼還在我人生中的第22季 致日記 那些父權主義說的那些話 「你不能更像女生嗎？」 我就是這樣的女生啊","動態歌詞
(Ladylike that, ladylike this, ladylike that) (Ladylike that, ladylike this, ladylike) Dear diary I’m sick of searching All I ever had were Soft-spoken manipulators Dear diary I met this guy He really did seem genuine, but Whoever got my attention can’t be right Classic ‘Don’t smoke, drink less’ ‘Don’t be off the rails’ ‘Smile more, talk soft with a higher voice’ ‘Can you, just for a second, be more like a girl?’ (What?) You know from the start, I’m wild and crazy I never even tried to hide my nature So, if you want to change parts of me You should leave I wasn’t telling you to come back I was telling you to fuck off and leave me alone ‘Don’t be so out of control, all that emotional’ I’m fighting wars you can’t understand I didn’t come this far to be small again ‘Can’t you be more ladylike?’ But I’m a lady like that Dear diary I’ve tasted men and tasted love The sweet and bitter And I highly recommend alcohol Dear diary The audacity to speak and look down to me You seem like a man But no more than a boy ‘Keep it down, stay low’ ‘Don’t draw attention’ Am I embarrassing myself? Or, is it you who can’t stand the spotlight on me? You said you like the gentle, soft kind of women Cuddles and kisses and waiting by the phone So, let me whisper this in your ears I wasn’t telling you to come back I was telling you to fuck off and leave me alone ‘Don’t be so out of control, all that emotional’ I’m fighting wars you can’t understand I didn’t come this far to be small again ‘Can’t you be more ladylike?’ But I’m a lady like that (Ladylike that, ladylike this, ladylike that) (Be more like a girl) (Ladylike that, ladylike this, ladylike) (Be more like a girl) (Ladylike that, ladylike this, ladylike that) Dear diary What the hell? My friends are having babies How am I still in episode 22? Dear diary All the patriarchy Saying this and that ‘Can’t you be more ladylike?’ But I’m a lady like that 
(Ladylike that, ladylike this, ladylike that) (Ladylike that, ladylike this, ladylike) Dear diary I’m sick of searching All I ever had were Soft-spoken manipulators Dear diary I met this guy He really did seem genuine, but Whoever got my attention can’t be right Classic ‘Don’t smoke, drink less’ ‘Don’t be off the rails’ ‘Smile more, talk soft with a higher voice’ ‘Can you, just for a second, be more like a girl?’ (What?) You know from the start, I’m wild and crazy I never even tried to hide my nature So, if you want to change parts of me You should leave I wasn’t telling you to come back I was telling you to fuck off and leave me alone ‘Don’t be so out of control, all that emotional’ I’m fighting wars you can’t understand I didn’t come this far to be small again ‘Can’t you be more ladylike?’ But I’m a lady like that Dear diary I’ve tasted men and tasted love The sweet and bitter And I highly recommend alcohol Dear diary The audacity to speak and look down to me You seem like a man But no more than a boy ‘Keep it down, stay low’ ‘Don’t draw attention’ Am I embarrassing myself? Or, is it you who can’t stand the spotlight on me? You said you like the gentle, soft kind of women Cuddles and kisses and waiting by the phone So, let me whisper this in your ears I wasn’t telling you to come back I was telling you to fuck off and leave me alone ‘Don’t be so out of control, all that emotional’ I’m fighting wars you can’t understand I didn’t come this far to be small again ‘Can’t you be more ladylike?’ But I’m a lady like that (Ladylike that, ladylike this, ladylike that) (Be more like a girl) (Ladylike that, ladylike this, ladylike) (Be more like a girl) (Ladylike that, ladylike this, ladylike that) Dear diary What the hell? My friends are having babies How am I still in episode 22? Dear diary All the patriarchy Saying this and that ‘Can’t you be more ladylike?’ But I’m a lady like that
留言（ 3 ） 最相關留言 所有留言
留言（ 3 ）",2026-09-05,,Song of the Day; 編輯推薦,True,True,
2026-09-26 02:39:15,realtime,folk,,,14,Theseus忒修斯,暗戀桃花源在伊斯坦堡（再等真的就會跟我們一樣老）,14,327,1,https://streetvoice.com/Theseus_tw/songs/880721/,https://streetvoice.com/Theseus_tw/,"https://akstatic.streetvoice.com/song_covers/Th/es/Theseus_tw/av589YPVjdFcmp7ujLS52P.jpeg?x-oss-process=image/resize,m_fill,h_400,w_400,limit_0",images/880721.jpeg,@Theseus_tw,音樂人,台北市,2016-12-01,,32,8705,3,,https://www.instagram.com/2016theseus/,https://www.youtube.com/user/StreetVoiceTV,Theseus忒修斯新歌〈凡勢〉MV邀何諭函、蘇皓兒擔任女主角 9/20舉辦專場|||https://blow.streetvoice.com/82596/?utm_source=streetvoice&utm_medium=profile-news-block; Theseus忒修斯為台劇《拜六禮拜》量身打造新歌 催生全台語專輯《未擇之路（凡勢我）》|||https://blow.streetvoice.com/81746/?utm_source=streetvoice&utm_medium=profile-news-block; Theseus忒修斯為台語劇集《拜六禮拜》打造片頭曲〈朋友之歌〉歌名致敬港片《古惑仔》|||https://blow.streetvoice.com/81078/?utm_source=streetvoice&utm_medium=profile-news-block,,Folk,The Last Meeting Theory,https://streetvoice.com/Theseus_tw/songs/album/97325034/,,"除了討債也是很認真在製作， 文藝中年的本份差點就被法院給耽誤了。 我剛弄完，反正就想先給大家聽， 週六在台中演出不確定唱不唱的出來， 但反正 10/01 正式上架。 
除了討債也是很認真在製作， 文藝中年的本份差點就被法院給耽誤了。
我剛弄完，反正就想先給大家聽， 週六在台中演出不確定唱不唱的出來， 但反正 10/01 正式上架。","依然很想問你 二零年初沒去的土耳其 帶著愧疚與不捨 我的感冒沒能讓你成行 依然很想問你 伊斯坦堡 濾鏡與空氣 帶著愧疚與不捨 我的提筆提起 閃回初春的  日期 再等就要老啦 你我分道揚鑣的日子裡 小小的台北呀 依舊關著你我不見我你 再等就要老啦 那年的伊斯坦堡有光 我的愛盲目添亂 只給未來 添一道疤 依然很想問你 二四年初 我沒寄出的信 帶著自私與傲慢 我的激問今日大夢初醒 依然很想問你 伊斯坦堡 貓以及電影 帶著未知是否 能如當年相遇 再等就要老啦 你我分道揚鑣的日子裡 小小的台北呀 依舊關著你我不見我你 再等就要老啦 那年的伊斯坦堡有光 我的愛盲目添亂 只給未來 添一道疤 依然很想問你 第一次看電影離去後 再留下你的街口 我又想起 你說怎麼讓你 離去後再留下的記憶 我想我該 在一樣的路口 丟掉後再留下你的美麗 你的眼睛笑的純粹如昔 再等就要老啦 你我分道揚鑣的日子裡 小小的台北呀 依舊是我和你從不相遇 再等就要老啦 伊斯坦堡沒有我吧 我的傷還結痂 淡淡的就在台北 小心輕放 
依然很想問你 二零年初沒去的土耳其 帶著愧疚與不捨 我的感冒沒能讓你成行
依然很想問你 伊斯坦堡 濾鏡與空氣 帶著愧疚與不捨 我的提筆提起 閃回初春的  日期
再等就要老啦 你我分道揚鑣的日子裡 小小的台北呀 依舊關著你我不見我你
再等就要老啦 那年的伊斯坦堡有光 我的愛盲目添亂 只給未來 添一道疤 依然很想問你 二四年初 我沒寄出的信 帶著自私與傲慢 我的激問今日大夢初醒
依然很想問你 伊斯坦堡 貓以及電影 帶著未知是否 能如當年相遇 再等就要老啦 你我分道揚鑣的日子裡 小小的台北呀 依舊關著你我不見我你
再等就要老啦 那年的伊斯坦堡有光 我的愛盲目添亂 只給未來 添一道疤 依然很想問你 第一次看電影離去後 再留下你的街口
我又想起 你說怎麼讓你 離去後再留下的記憶
我想我該 在一樣的路口 丟掉後再留下你的美麗 你的眼睛笑的純粹如昔 再等就要老啦 你我分道揚鑣的日子裡 小小的台北呀 依舊是我和你從不相遇
再等就要老啦 伊斯坦堡沒有我吧 我的傷還結痂 淡淡的就在台北 小心輕放
留言（ 1 ） 最相關留言 所有留言
留言（ 1 ）",2026-09-23,,編輯推薦,True,False,
2026-09-26 02:39:15,realtime,folk,,,15,Leyi D,06-深淵之處 (Piano Version),1,4,2,https://streetvoice.com/bellebearrrrrr/songs/881069/,https://streetvoice.com/bellebearrrrrr/,"https://akstatic.streetvoice.com/song_covers/be/ll/bellebearrrrrr/d77ZRsGXHFXDQNH3UfTjdx.jpeg?x-oss-process=image/resize,m_fill,h_400,w_400,limit_0",images/881069.jpeg,@bellebearrrrrr,音樂人,新北市,2017-06-01,2022-10-18 17:25,12,163,24,,https://instagram.com/bellebearrrrrr,https://youtube.com/channel/UC1E5w9lLUBSJivyj5oS8CtA,自己樂團自己選  Wake Up 演出名單由你決定|||https://blow.streetvoice.com/8075/?utm_source=streetvoice&utm_medium=profile-news-block,,Singer / Songwriter,Deep Inside My Brain,https://streetvoice.com/bellebearrrrrr/songs/album/97326131/,,"製作人 Producer｜廖威力 Willy 作詞 Lyricist｜Leyi D 作曲 Composer｜Leyi D 編曲 Arranger｜廖威力 Willy 配唱 Vocal Producer｜江泰德 Ted Chiang 錄音 Recording Engineer｜徐昕 Vivian Hsin Hsu 混音 Mixing Engineer｜江泰德 Ted Chiang 人聲剪輯 Vocal Editing｜江泰德 Ted Chiang、廖威力 Willy 母帶後期處理師 Master Engineer｜江泰德 Ted Chiang 
製作人 Producer｜廖威力 Willy 作詞 Lyricist｜Leyi D 作曲 Composer｜Leyi D 編曲 Arranger｜廖威力 Willy
配唱 Vocal Producer｜江泰德 Ted Chiang 錄音 Recording Engineer｜徐昕 Vivian Hsin Hsu
混音 Mixing Engineer｜江泰德 Ted Chiang 人聲剪輯 Vocal Editing｜江泰德 Ted Chiang、廖威力 Willy 母帶後期處理師 Master Engineer｜江泰德 Ted Chiang","深淵之處望著我的瞳孔 低谷之中千瘡百孔 笑著 唱著 癡人說夢 沉溺那紙醉金迷中的相擁 在癲狂以後 止不住的顫抖 世上萬有 是誰說 誰罪大 放縱著 滋養著 最純粹的 餓 釋放著 狂妄的 屬私慾的 渴 深淵之處還有誰看顧我 低谷之中暗潮洶湧 笑著 唱著 癡人說夢 麻痹那深陷泥沼中的哀慟 在癲狂以後 止不住的顫抖 世上萬有 是誰說 誰罪大 放縱著 滋養著 最純粹的 餓 釋放著 狂妄的 屬私慾的 渴 綑綁著 束縛著 那正義的 軛 禁錮在 聖潔的 殼 七種罪惡 深淵之處望著我的瞳孔 身在其中 誰能推託 
深淵之處望著我的瞳孔 低谷之中千瘡百孔 笑著 唱著 癡人說夢 沉溺那紙醉金迷中的相擁
在癲狂以後 止不住的顫抖 世上萬有 是誰說 誰罪大 放縱著 滋養著 最純粹的 餓 釋放著 狂妄的 屬私慾的 渴
深淵之處還有誰看顧我 低谷之中暗潮洶湧 笑著 唱著 癡人說夢 麻痹那深陷泥沼中的哀慟
在癲狂以後 止不住的顫抖 世上萬有 是誰說 誰罪大 放縱著 滋養著 最純粹的 餓 釋放著 狂妄的 屬私慾的 渴 綑綁著 束縛著 那正義的 軛 禁錮在 聖潔的 殼 七種罪惡
深淵之處望著我的瞳孔 身在其中 誰能推託
留言（ 2 ） 最相關留言 所有留言
留言（ 2 ）",2026-09-25,,,False,False,
2026-09-26 02:39:15,realtime,folk,,,16,Leyi D,05-What&#x27;s your take?,1,4,2,https://streetvoice.com/bellebearrrrrr/songs/881066/,https://streetvoice.com/bellebearrrrrr/,"https://akstatic.streetvoice.com/song_covers/be/ll/bellebearrrrrr/d77ZRsGXHFXDQNH3UfTjdx.jpeg?x-oss-process=image/resize,m_fill,h_400,w_400,limit_0",images/881066.jpeg,@bellebearrrrrr,音樂人,新北市,2017-06-01,2022-10-18 17:25,12,163,24,,https://instagram.com/bellebearrrrrr,https://youtube.com/channel/UC1E5w9lLUBSJivyj5oS8CtA,自己樂團自己選  Wake Up 演出名單由你決定|||https://blow.streetvoice.com/8075/?utm_source=streetvoice&utm_medium=profile-news-block,,Singer / Songwriter,Deep Inside My Brain,https://streetvoice.com/bellebearrrrrr/songs/album/97326131/,,,"動態歌詞
好 逼哩哩拉哩哩拉哩哩拉哩嚕拉 逼哩哩拉哩哩拉哩哩拉哩嚕拉 喔 逼哩哩拉哩哩拉哩哩拉哩嚕拉 啊? 逼哩哩拉哩哩拉哩哩拉 逼哩哩拉哩哩拉哩哩 拉哩哩 拉哩哩 咳 逼哩哩拉哩哩拉哩哩拉哩嚕拉 逼哩哩拉哩哩拉哩哩拉哩嚕拉 逼哩哩拉哩哩拉哩哩拉哩嚕拉 逼哩哩拉哩哩拉哩哩拉哩嚕拉 
好 逼哩哩拉哩哩拉哩哩拉哩嚕拉 逼哩哩拉哩哩拉哩哩拉哩嚕拉 喔 逼哩哩拉哩哩拉哩哩拉哩嚕拉 啊? 逼哩哩拉哩哩拉哩哩拉 逼哩哩拉哩哩拉哩哩 拉哩哩 拉哩哩 咳 逼哩哩拉哩哩拉哩哩拉哩嚕拉 逼哩哩拉哩哩拉哩哩拉哩嚕拉 逼哩哩拉哩哩拉哩哩拉哩嚕拉 逼哩哩拉哩哩拉哩哩拉哩嚕拉
留言（ 2 ） 最相關留言 所有留言
留言（ 2 ）",2026-09-25,,,False,False,
2026-09-26 02:39:15,realtime,folk,,,17,Leyi D,03-深淵之處,0,1,1,https://streetvoice.com/bellebearrrrrr/songs/881068/,https://streetvoice.com/bellebearrrrrr/,"https://akstatic.streetvoice.com/song_covers/be/ll/bellebearrrrrr/d77ZRsGXHFXDQNH3UfTjdx.jpeg?x-oss-process=image/resize,m_fill,h_400,w_400,limit_0",images/881068.jpeg,@bellebearrrrrr,音樂人,新北市,2017-06-01,2022-10-18 17:25,12,163,24,,https://instagram.com/bellebearrrrrr,https://youtube.com/channel/UC1E5w9lLUBSJivyj5oS8CtA,自己樂團自己選  Wake Up 演出名單由你決定|||https://blow.streetvoice.com/8075/?utm_source=streetvoice&utm_medium=profile-news-block,,Singer / Songwriter,Deep Inside My Brain,https://streetvoice.com/bellebearrrrrr/songs/album/97326131/,,"製作人 Producer｜廖威力 Willy 作詞 Lyricist｜Leyi D 作曲 Composer｜Leyi D 編曲 Arranger｜廖威力 Willy 鼓組 Drum | 楊宏易 Caeser Yang 合成器 Synthesizer | 江泰德 Ted Chiang、廖威力Willy 小提琴 Violin | Burger Rika 中提琴 Viola | 廖威力 Willy 大提琴 Cello | Ruby 洪瑞綺 配唱 Vocal Producer｜江泰德 Ted Chiang 錄音師 Vocal Recording Engineer｜徐昕 Vivian Hsin Hsu(Vocal)、陳硬核 Hardcore Chen(Drum)、 錄音室 Vocal Recording Studio | 玉成戲院錄音室 YuChen Cinema Studio(Vocal)、112F Recording Studio(Drum) 鼓組技師 Drum Tech | 陳硬核 Hardcore Chen 鼓組助理錄音師 Drum Recording Assistant | 吳境倫 Jin Wu 混音 Mixing Engineer｜江泰德 Ted Chiang 人聲剪輯 Vocal Editing｜江泰德 Ted Chiang、廖威力 Willy 母帶後期處理師 Master Engineer｜江泰德 Ted Chiang 
製作人 Producer｜廖威力 Willy 作詞 Lyricist｜Leyi D 作曲 Composer｜Leyi D 編曲 Arranger｜廖威力 Willy 鼓組 Drum | 楊宏易 Caeser Yang 合成器 Synthesizer | 江泰德 Ted Chiang、廖威力Willy 小提琴 Violin | Burger Rika 中提琴 Viola | 廖威力 Willy 大提琴 Cello | Ruby 洪瑞綺
配唱 Vocal Producer｜江泰德 Ted Chiang 錄音師 Vocal Recording Engineer｜徐昕 Vivian Hsin Hsu(Vocal)、陳硬核 Hardcore Chen(Drum)、 錄音室 Vocal Recording Studio | 玉成戲院錄音室 YuChen Cinema Studio(Vocal)、112F Recording Studio(Drum) 鼓組技師 Drum Tech | 陳硬核 Hardcore Chen 鼓組助理錄音師 Drum Recording Assistant | 吳境倫 Jin Wu
混音 Mixing Engineer｜江泰德 Ted Chiang 人聲剪輯 Vocal Editing｜江泰德 Ted Chiang、廖威力 Willy 母帶後期處理師 Master Engineer｜江泰德 Ted Chiang","深淵之處望著我的瞳孔 低谷之中千瘡百孔 笑著 唱著 癡人說夢 沉溺那紙醉金迷中的相擁 在癲狂以後 止不住的顫抖 世上萬有 是誰說 誰罪大 放縱著 滋養著 最純粹的 餓 釋放著 狂妄的 屬私慾的 渴 深淵之處還有誰看顧我 低谷之中暗潮洶湧 笑著 唱著 癡人說夢 麻痹那深陷泥沼中的哀慟 在癲狂以後 止不住的顫抖 世上萬有 是誰說 誰罪大 放縱著 滋養著 最純粹的 餓 釋放著 狂妄的 屬私慾的 渴 綑綁著 束縛著 那正義的 軛 禁錮在 聖潔的 殼 七種罪惡 深淵之處望著我的瞳孔 身在其中 誰能推託 
深淵之處望著我的瞳孔 低谷之中千瘡百孔 笑著 唱著 癡人說夢 沉溺那紙醉金迷中的相擁
在癲狂以後 止不住的顫抖 世上萬有 是誰說 誰罪大 放縱著 滋養著 最純粹的 餓 釋放著 狂妄的 屬私慾的 渴
深淵之處還有誰看顧我 低谷之中暗潮洶湧 笑著 唱著 癡人說夢 麻痹那深陷泥沼中的哀慟
在癲狂以後 止不住的顫抖 世上萬有 是誰說 誰罪大 放縱著 滋養著 最純粹的 餓 釋放著 狂妄的 屬私慾的 渴 綑綁著 束縛著 那正義的 軛 禁錮在 聖潔的 殼 七種罪惡
深淵之處望著我的瞳孔 身在其中 誰能推託
留言（ 1 ） 最相關留言 所有留言
留言（ 1 ）",2026-09-25,,,False,False,
2026-09-26 02:39:15,realtime,folk,,,18,Leyi D,04-Deep Inside My Brain (feat. 江泰德),1,1,1,https://streetvoice.com/bellebearrrrrr/songs/881067/,https://streetvoice.com/bellebearrrrrr/,"https://akstatic.streetvoice.com/song_covers/be/ll/bellebearrrrrr/d77ZRsGXHFXDQNH3UfTjdx.jpeg?x-oss-process=image/resize,m_fill,h_400,w_400,limit_0",images/881067.jpeg,@bellebearrrrrr,音樂人,新北市,2017-06-01,2022-10-18 17:25,12,163,24,,https://instagram.com/bellebearrrrrr,https://youtube.com/channel/UC1E5w9lLUBSJivyj5oS8CtA,自己樂團自己選  Wake Up 演出名單由你決定|||https://blow.streetvoice.com/8075/?utm_source=streetvoice&utm_medium=profile-news-block,,Singer / Songwriter,Deep Inside My Brain,https://streetvoice.com/bellebearrrrrr/songs/album/97326131/,,"製作人 Producer｜廖威力 Willy 作詞 Lyricist｜Leyi D 作曲 Composer｜Leyi D 編曲 Arranger｜廖威力 Willy 吉他 Arranger | 廖威力 Willy、Yu Jie@ Xmoraz 鼓組 Drum | 楊宏易 Caeser Yang 小提琴 Violin | Burger Rika 中提琴 Viola | 廖威力 Willy 大提琴 Cello | Angel Niu 配唱 Vocal Producer｜江泰德 Ted Chiang 錄音師 Vocal Recording Engineer｜徐昕 Vivian Hsin Hsu(Vocal)、陳硬核 Hardcore Chen(Drum)、 錄音室 Vocal Recording Studio | 玉成戲院錄音室 YuChen Cinema Studio(Vocal)、112F Recording Studio(Drum) 鼓組技師 Drum Tech | 陳硬核 Hardcore Chen 鼓組助理錄音師 Drum Recording Assistant | 吳境倫 Jin Wu 混音 Mixing Engineer｜江泰德 Ted Chiang 人聲剪輯 Vocal Editing｜江泰德 Ted Chiang、廖威力 Willy 母帶後期處理師 Master Engineer｜江泰德 Ted Chiang 
製作人 Producer｜廖威力 Willy 作詞 Lyricist｜Leyi D 作曲 Composer｜Leyi D 編曲 Arranger｜廖威力 Willy 吉他 Arranger | 廖威力 Willy、Yu Jie@ Xmoraz 鼓組 Drum | 楊宏易 Caeser Yang 小提琴 Violin | Burger Rika 中提琴 Viola | 廖威力 Willy 大提琴 Cello | Angel Niu
配唱 Vocal Producer｜江泰德 Ted Chiang 錄音師 Vocal Recording Engineer｜徐昕 Vivian Hsin Hsu(Vocal)、陳硬核 Hardcore Chen(Drum)、 錄音室 Vocal Recording Studio | 玉成戲院錄音室 YuChen Cinema Studio(Vocal)、112F Recording Studio(Drum) 鼓組技師 Drum Tech | 陳硬核 Hardcore Chen 鼓組助理錄音師 Drum Recording Assistant | 吳境倫 Jin Wu
混音 Mixing Engineer｜江泰德 Ted Chiang 人聲剪輯 Vocal Editing｜江泰德 Ted Chiang、廖威力 Willy 母帶後期處理師 Master Engineer｜江泰德 Ted Chiang","一點點憂傷 一點點荏懶 一點點攪和在腦海的慌 無從消化 一點點瘋狂 一點點魯莽 一點點躲藏在暗處的疤 偶爾滾燙 Welcome to deep inside my brain 無人的境界 不完美 也隨便 塵封的碎片 燥熱的火焰 我才知道我是誰 即便我的 焦慮在沈睡中積沙成塔 反正也沒差 一點點玩笑 不是很乖巧 那些也都只是冰山一角 揭開了面罩 有點愛逃跑 態度像躲藏的貓 找不到 Come deep inside my brain 無人的境界 不完美 關上窗簾 關掉感覺 躲進棉被 Come deep inside my brain 在我的房間 不完美 打開知覺 觀賞表演 獨自派對 Welcome to deep inside my brain 來參加盛宴 不完美 I don’t care 破碎的房間 安靜的睡顏 我才知道我是誰 
一點點憂傷 一點點荏懶 一點點攪和在腦海的慌 無從消化
一點點瘋狂 一點點魯莽 一點點躲藏在暗處的疤 偶爾滾燙
Welcome to deep inside my brain 無人的境界 不完美 也隨便 塵封的碎片 燥熱的火焰 我才知道我是誰
即便我的 焦慮在沈睡中積沙成塔 反正也沒差
一點點玩笑 不是很乖巧 那些也都只是冰山一角
揭開了面罩 有點愛逃跑 態度像躲藏的貓 找不到
Come deep inside my brain 無人的境界 不完美 關上窗簾 關掉感覺 躲進棉被
Come deep inside my brain 在我的房間 不完美 打開知覺 觀賞表演 獨自派對
Welcome to deep inside my brain 來參加盛宴 不完美 I don’t care 破碎的房間 安靜的睡顏 我才知道我是誰
留言（ 1 ） 最相關留言 所有留言
留言（ 1 ）",2026-09-25,,,False,False,
2026-09-26 02:39:15,realtime,folk,,,19,Leyi D,01-Bô-siann,1,3,1,https://streetvoice.com/bellebearrrrrr/songs/881065/,https://streetvoice.com/bellebearrrrrr/,"https://akstatic.streetvoice.com/song_covers/be/ll/bellebearrrrrr/836bZGigPKVhKZWuDHGaum.jpeg?x-oss-process=image/resize,m_fill,h_400,w_400,limit_0",images/881065.jpeg,@bellebearrrrrr,音樂人,新北市,2017-06-01,2022-10-18 17:25,12,163,24,,https://instagram.com/bellebearrrrrr,https://youtube.com/channel/UC1E5w9lLUBSJivyj5oS8CtA,自己樂團自己選  Wake Up 演出名單由你決定|||https://blow.streetvoice.com/8075/?utm_source=streetvoice&utm_medium=profile-news-block,,Singer / Songwriter,Deep Inside My Brain,https://streetvoice.com/bellebearrrrrr/songs/album/97326131/,,"製作人 Producer｜廖威力 Willy 作詞 Lyricist｜Leyi D 作曲 Composer｜Leyi D 編曲 Arranger｜廖威力 Willy Liao 人聲製作 Vocal Producer｜江泰德 Ted Chiang 人聲 Vocal｜Leyi D 和聲 Backing Scream | Leyi D、江泰德 Ted Chiang、蔡竣臣CJ @ Xmoraz 人聲錄音師 Vocal Recording Engineer｜徐昕 Vivian Hsin Hsu 人聲錄音室 Vocal Recording Studio | 玉成戲院錄音室 YuChen Cinema Studio 鋼琴 Piano｜廖威力 Willy Liao 電吉他 Electric Guitar | 廖威力 Willy 合成器 Synthesizer | 江泰德 Ted Chiang、廖威力 Willy 貝斯 Bass | 李俊彥 Jam Li 鼓組 Drum | 楊宏易 Caeser Yang 鼓組錄音師 Drum Recording Engineer | 陳硬核 Hardcore Chen 鼓組技師 Drum Tech | 陳硬核 Hardcore Chen 鼓組助理錄音師 Drum Recording Assistant | 吳境倫 Jin Wu 鼓組錄音室 Drum Recording Studio | 112F Recording Studio 混音 Mixing Engineer｜江泰德 Ted Chiang 母帶後期處理師 Master Engineer｜江泰德 Ted Chiang 
製作人 Producer｜廖威力 Willy 作詞 Lyricist｜Leyi D 作曲 Composer｜Leyi D 編曲 Arranger｜廖威力 Willy Liao
人聲製作 Vocal Producer｜江泰德 Ted Chiang 人聲 Vocal｜Leyi D 和聲 Backing Scream | Leyi D、江泰德 Ted Chiang、蔡竣臣CJ @ Xmoraz 人聲錄音師 Vocal Recording Engineer｜徐昕 Vivian Hsin Hsu 人聲錄音室 Vocal Recording Studio | 玉成戲院錄音室 YuChen Cinema Studio
鋼琴 Piano｜廖威力 Willy Liao 電吉他 Electric Guitar | 廖威力 Willy 合成器 Synthesizer | 江泰德 Ted Chiang、廖威力 Willy 貝斯 Bass | 李俊彥 Jam Li
鼓組 Drum | 楊宏易 Caeser Yang 鼓組錄音師 Drum Recording Engineer | 陳硬核 Hardcore Chen 鼓組技師 Drum Tech | 陳硬核 Hardcore Chen 鼓組助理錄音師 Drum Recording Assistant | 吳境倫 Jin Wu 鼓組錄音室 Drum Recording Studio | 112F Recording Studio
混音 Mixing Engineer｜江泰德 Ted Chiang 母帶後期處理師 Master Engineer｜江泰德 Ted Chiang","在失序的時間 沈澱 空蕩蕩的宣洩 曾以為的世界 停歇 留下空缺 你會在哪呢 沈默填滿空間 你會在哪呢 留我寂靜的夜 Lost my voice, 剎那間 away away 離好遠 I have nothing left to say, 你不見 不見 好累 閉著眼 失重跌墜  沒完結 獨自無聲狼狽 睜開眼 全都不對 無解的卑微 
在失序的時間 沈澱 空蕩蕩的宣洩 曾以為的世界 停歇 留下空缺
你會在哪呢 沈默填滿空間 你會在哪呢 留我寂靜的夜
Lost my voice, 剎那間 away away 離好遠 I have nothing left to say, 你不見 不見 好累 閉著眼 失重跌墜  沒完結 獨自無聲狼狽 睜開眼 全都不對 無解的卑微
留言（ 1 ） 最相關留言 所有留言
留言（ 1 ）",2026-09-25,,,False,False,
2026-09-26 02:39:15,realtime,folk,,,20,Tanuki Maruina,失重 Better Half (Room Demo),1,242,0,https://streetvoice.com/boson321/songs/880801/,https://streetvoice.com/boson321/,"https://akstatic.streetvoice.com/music_albums/bo/so/boson321/Js9E2iN5xUBdoPxEE9hGYc.jpeg?x-oss-process=image/resize,m_fill,h_400,w_400,limit_0",images/880801.jpeg,@boson321,音樂人,,,,3,1,,,,https://www.youtube.com/user/StreetVoiceTV,,,Singer / Songwriter,續 嘴,https://streetvoice.com/boson321/songs/album/97326089/,,"A Tanuki song Better Half 寫給太太，也希望它能屬於每個正在想著某個人的人。 開頭一個人在太空裡漂著，數著光年、追著一個聽不見的訊號，不確定這麼大的宇宙裡有沒有人在。然後一顆彗星劃開黑暗。 副歌「你就是我需要的引力」「我卻只對一個人靈魂失重」。 當遇到所愛之人，有天我們自己會願意放下重量。 一台鋼琴、麥克風，音準飄、拍子慢。 人生就是這樣，自得其樂，愛有所在。 
A Tanuki song
Better Half 寫給太太，也希望它能屬於每個正在想著某個人的人。
開頭一個人在太空裡漂著，數著光年、追著一個聽不見的訊號，不確定這麼大的宇宙裡有沒有人在。然後一顆彗星劃開黑暗。 副歌「你就是我需要的引力」「我卻只對一個人靈魂失重」。 當遇到所愛之人，有天我們自己會願意放下重量。
一台鋼琴、麥克風，音準飄、拍子慢。 人生就是這樣，自得其樂，愛有所在。","Floating where the signals fade to grey Counting light years in the disarray Bound by silent pulses, a ghost I chase Am I alone in this hazy void of space? Searching for some friction, a spark to hold Turning stardust into something like gold Then the comet breaks the obsidian dark You're the gravity I needed, the spark Not just a shadow, but a radiant orb in my mind Am I in space? Yeah, but I'm finally found With your quiet laughter, the only sound My better half Obsessed with the girl who makes me laugh hard Drifting past the silence of the moon I am tracing out the lines of your silhouette Against the dark, what comets never said Every little comet I have found Every grain of gold upon the ground Every piece of treasure in my sight Obsessed, so sentimental And I just want you as my better half Just want to be your better half Then the comet breaks the obsidian dark You're the gravity I needed, the spark Not just a shadow, but a radiant orb in my mind Am I in space? Yeah, but I'm finally found With your quiet laughter, the only sound My better half 就算飛到別的星球 腦海還是你笑到我失守 整個太空漂浮 我卻只對一個人靈魂失重 原來所謂 better half 不過是把 xxx 這幾個字 (所愛之名) 用餘生唱成廣仲 刻在我心底的名字 I just want you as my better half 
Floating where the signals fade to grey Counting light years in the disarray Bound by silent pulses, a ghost I chase Am I alone in this hazy void of space?
Searching for some friction, a spark to hold Turning stardust into something like gold
Then the comet breaks the obsidian dark You're the gravity I needed, the spark Not just a shadow, but a radiant orb in my mind Am I in space? Yeah, but I'm finally found With your quiet laughter, the only sound My better half
Obsessed with the girl who makes me laugh hard Drifting past the silence of the moon I am tracing out the lines of your silhouette Against the dark, what comets never said
Every little comet I have found Every grain of gold upon the ground Every piece of treasure in my sight Obsessed, so sentimental And I just want you as my better half Just want to be your better half
Then the comet breaks the obsidian dark You're the gravity I needed, the spark Not just a shadow, but a radiant orb in my mind Am I in space? Yeah, but I'm finally found With your quiet laughter, the only sound My better half
就算飛到別的星球 腦海還是你笑到我失守 整個太空漂浮 我卻只對一個人靈魂失重 原來所謂 better half
不過是把 xxx 這幾個字 (所愛之名) 用餘生唱成廣仲 刻在我心底的名字
I just want you as my better half
留言（ 0 ） 最相關留言 所有留言
留言（ 0 ）",2026-09-23,,,False,False,
2026-09-26 02:39:15,realtime,folk,,,21,李敏哲,That Little Mountiain Choir,12,1415,3,https://streetvoice.com/minzer_c_lee/songs/880404/,https://streetvoice.com/minzer_c_lee/,"https://akstatic.streetvoice.com/song_covers/mi/nz/minzer_c_lee/iX4VazuKG5J24cyjdcJEuW.jpeg?x-oss-process=image/resize,m_fill,h_400,w_400,limit_0",images/880404.jpeg,@minzer_c_lee,音樂人,,,,23,40,40,,,https://www.youtube.com/user/StreetVoiceTV,,,Folk,,,,"導演說孩子們都練兩個月了，今天一定沒問題。結果一到操場，有人掉了一隻鞋、有人追打虎頭蜂、有人爬到樹上，還有人站第一排一直喊肚子餓。隊形排了半天，最後排得最整齊的，是大家坐在地上吃餅乾那一刻。 想一下，算了，就醬吧。 抱著吉他坐下來，幾個孩子慢慢靠過來。有人唱低一點，有人硬要唱高一點，也沒誰真的管得住誰。唱著唱著，居然成了和聲。遠一點的孩子跟著喊，聲音從山那邊又繞回來。 那天沒有錄到我們原本準備的歌，因為導演的電池沒電。 如果你很想知道這個故事是不是真人實事：其實我是發現虎頭蜂的那個，老師應該是叫做 Macing。 
導演說孩子們都練兩個月了，今天一定沒問題。結果一到操場，有人掉了一隻鞋、有人追打虎頭蜂、有人爬到樹上，還有人站第一排一直喊肚子餓。隊形排了半天，最後排得最整齊的，是大家坐在地上吃餅乾那一刻。
想一下，算了，就醬吧。
抱著吉他坐下來，幾個孩子慢慢靠過來。有人唱低一點，有人硬要唱高一點，也沒誰真的管得住誰。唱著唱著，居然成了和聲。遠一點的孩子跟著喊，聲音從山那邊又繞回來。
那天沒有錄到我們原本準備的歌，因為導演的電池沒電。
如果你很想知道這個故事是不是真人實事：其實我是發現虎頭蜂的那個，老師應該是叫做 Macing。","Everybody, the mountain wind blows past the field. Teacher Minzer calls out loud: Today we’ll make the song real! The director called the teacher, said the children had to come. They had practiced for two months. Today we’d record the song. Faces washed and shirts all shining, through the school gate, one by one. Every little smiling troublemaker— look how innocent they’ve become! Lined up across the playing field, one child spun around and round. Someone’s missing one whole shoe, someone’s chasing a hornet down. One is waving at the camera, one has climbed a tree instead. Minzer shouts, “Left side! Right side!” Every child runs somewhere else! Let the whole mountain hear us! Ha-ha-ha, the children sing! Clean white shirts and muddy knees, plans fall down—let the party begin! Everybody say: We may not record a thing today! Minzer and the children, side by side, grace is waiting on the hillside! The director said, “The little ones in front, put the taller children behind.” Little boys pretend to steal a base, little girls braid each other’s hair. Somebody yells, “I’m so hungry!” “Me too!” The director grips his clipboard, looks up at the sky and sighs: “All right, let’s just leave it there— that’s the best we’ll do tonight!” Cookies, candy, soda bottles, everybody sits down on the ground. Dust on clothes and dirt on faces, every mouth is smiling wide. The director finally surrenders; mountain wind is everywhere. The neatest line we made today is everybody eating there! Let the whole mountain hear us! Ha-ha-ha, the children sing! Clean white shirts and muddy knees, the plan failed—let the party begin! Everybody say: We may not record a thing today! Minzer and the children, side by side, grace is waiting by the hillside! Minzer sits beside them, singing low, the song we meant to record today. The low part starts inside the heart, the high part finds its way. One child leans a little closer, another settles by his side. Some sing low and some sing higher, disappointment turns to choir. Let the whole mountain hear us! Ha-ha-ha, the children sing! Shirts are dirty, faces shining, the finest song came finding us! Everybody say: Today we made the finest song! Minzer and the children, side by side, even the valley will reply! “Children, can you hear me?” “We hear you, Teacher Minzer!” “Are you happy today?” “Happy! We’re happy!” “Sing your laughter out loud!” “We’ll sing our laughter out loud!” “Clap your hands, come on!” “Come on!” “From the mountain, where will we sing?” “All the way across the valley!” “One more time!” “One more time!” Today was sweet, dust along the edges of our clothes. No perfect line, no perfect team, but one heart that everybody knows. Minzer and the children sing, the valley sends the laughter back. 
Everybody, the mountain wind blows past the field. Teacher Minzer calls out loud: Today we’ll make the song real!
The director called the teacher, said the children had to come. They had practiced for two months. Today we’d record the song.
Faces washed and shirts all shining, through the school gate, one by one. Every little smiling troublemaker— look how innocent they’ve become!
Lined up across the playing field, one child spun around and round. Someone’s missing one whole shoe, someone’s chasing a hornet down.
One is waving at the camera, one has climbed a tree instead. Minzer shouts, “Left side! Right side!” Every child runs somewhere else!
Let the whole mountain hear us! Ha-ha-ha, the children sing!
Clean white shirts and muddy knees, plans fall down—let the party begin!
Everybody say: We may not record a thing today!
Minzer and the children, side by side, grace is waiting on the hillside!
The director said, “The little ones in front, put the taller children behind.”
Little boys pretend to steal a base, little girls braid each other’s hair.
Somebody yells, “I’m so hungry!”
“Me too!”
The director grips his clipboard, looks up at the sky and sighs:
“All right, let’s just leave it there— that’s the best we’ll do tonight!”
Cookies, candy, soda bottles, everybody sits down on the ground. Dust on clothes and dirt on faces, every mouth is smiling wide.
The director finally surrenders; mountain wind is everywhere. The neatest line we made today is everybody eating there!
Let the whole mountain hear us! Ha-ha-ha, the children sing!
Clean white shirts and muddy knees, the plan failed—let the party begin!
Everybody say: We may not record a thing today!
Minzer and the children, side by side, grace is waiting by the hillside!
Minzer sits beside them, singing low, the song we meant to record today. The low part starts inside the heart, the high part finds its way.
One child leans a little closer, another settles by his side.
Some sing low and some sing higher, disappointment turns to choir.
Let the whole mountain hear us! Ha-ha-ha, the children sing!
Shirts are dirty, faces shining, the finest song came finding us!
Everybody say: Today we made the finest song!
Minzer and the children, side by side, even the valley will reply!
“Children, can you hear me?”
“We hear you, Teacher Minzer!”
“Are you happy today?”
“Happy! We’re happy!”
“Sing your laughter out loud!”
“We’ll sing our laughter out loud!”
“Clap your hands, come on!”
“Come on!”
“From the mountain, where will we sing?”
“All the way across the valley!”
“One more time!”
“One more time!”
Today was sweet, dust along the edges of our clothes. No perfect line, no perfect team, but one heart that everybody knows.
Minzer and the children sing, the valley sends the laughter back.
留言（ 3 ） 最相關留言 所有留言
留言（ 3 ）",2026-09-20,,AI 協作 Folk,False,False,
2026-09-26 02:39:15,realtime,folk,,,22,侑彤 Verity,Dorry,67,3372,16,https://streetvoice.com/VerityPower/songs/875392/,https://streetvoice.com/VerityPower/,"https://akstatic.streetvoice.com/song_covers/Ve/ri/VerityPower/89mqpCpxWWWkwWS4cGnbbM.jpeg?x-oss-process=image/resize,m_fill,h_400,w_400,limit_0",images/875392.jpeg,@VerityPower,音樂人,基隆市,2008-05-01,2021-08-12 16:17,8,3207,149,https://www.facebook.com/VerityPowerYTC,https://www.instagram.com/__verity.c/,https://www.youtube.com/user/verityhang,【StreetVoice新歌週報】李友廷為《誰是被害者》打造插曲 侑彤攜溫柔版〈不凋花〉回歸|||https://blow.streetvoice.com/49455/?utm_source=streetvoice&utm_medium=profile-news-block; 【專訪】音樂比賽常勝軍 陳侑彤：唱歌讓我找到自己的價值|||https://blow.streetvoice.com/45860/?utm_source=streetvoice&utm_medium=profile-news-block; 【StreetVoice新歌週報】睽違九年白安發布新歌 忒修斯攜陳侑彤再造迷霧單曲|||https://blow.streetvoice.com/45260/?utm_source=streetvoice&utm_medium=profile-news-block,,Singer / Songwriter,,,,"Dear Dorry, 那幾年在台北的日子。 或哭或笑， 你終究長成了美好的樣子。 不知道接下來在英國的風景如何， 又有多少事發生？ 至少為你打包了25歲的生日記憶， 集合親愛朋友們給你的真心祝福。 這一路走來都不容易， 謝謝你長大了， 還保有一如往常的善良溫暖。 寫這首歌，希望你永遠記得： 再怎麼嘗試擁抱世界， 你都比這世界更值得被愛。 Verity Dorry _ Live @ WITCH HOUSE 20250606 Lyricist & Composer｜陳侑彤 Verity Piano Arrangement ｜呂毅心 Aaron Lu E. Guitar Arrangement ｜henÿ A. Guitar Arrangement ｜陳侑彤與桑霓 Verity& Sunny Chen Mixing Engineer｜ 邱宣凱 Kenny 
Dear Dorry,
那幾年在台北的日子。 或哭或笑， 你終究長成了美好的樣子。
不知道接下來在英國的風景如何， 又有多少事發生？
至少為你打包了25歲的生日記憶， 集合親愛朋友們給你的真心祝福。
這一路走來都不容易， 謝謝你長大了， 還保有一如往常的善良溫暖。
寫這首歌，希望你永遠記得：
再怎麼嘗試擁抱世界， 你都比這世界更值得被愛。
Verity
Dorry _ Live @ WITCH HOUSE 20250606 Lyricist & Composer｜陳侑彤 Verity Piano Arrangement ｜呂毅心 Aaron Lu E. Guitar Arrangement ｜henÿ A. Guitar Arrangement ｜陳侑彤與桑霓 Verity& Sunny Chen Mixing Engineer｜ 邱宣凱 Kenny","Dorry 25歲 不大不小的年紀 Please don’t say sorry! 很多事觸發你百感交集 也請你別把笑容放心底 Dorry 夜裡多少眼淚堆積成你 無數次長大成熟的決心 英國的風景不能代替你 本就澄澈的眼睛 日子 怎麼荒唐 都不影響 你的可愛 多愁善良 而溫暖 是你的 一路走來 像無尾熊一般感性地擁抱這世界 別忘了 你是美好的存在 日子 怎麼荒唐 都不影響你的可愛 哪怕你從來不覺得 自己 有多勇敢 當輕柔的風 帶過了深刻的聚散 別忘了 是你比這世界更值得被愛 Dorry 25歲 不大不小的年紀 If there‘s any feeling 先別急著否定你自己 還有很多人等著擁抱你 Dorry 夜裡多少眼淚堆積成你 無數次長大成熟的決心 所有風景都不能代替你 本就透徹的心靈 日子 怎麼荒唐 都不影響 你的可愛 多愁善良 而溫暖 是你的 一路走來 像無尾熊一般感性地擁抱這世界 別忘了 你是美好的存在 日子 怎麼荒唐 都不影響你的可愛 哪怕你從來不覺得 自己 有多勇敢 當輕柔的風 帶過了深刻的聚散 別忘了 是你比這世界更值得被愛 日子 怎麼荒唐 都不影響 你的可愛 不需要再去自責 隨風而逝的遺憾 像孩子一般無懼地擁抱這世界 哪怕許多事找不到答案 日子 怎麼荒唐 都不影響你的可愛 這一路走來證明 你已經足夠勇敢 當下一陣風 捎來了深刻的聚散 永遠記得 你比這世界更值得被愛 
Dorry 25歲 不大不小的年紀 Please don’t say sorry! 很多事觸發你百感交集 也請你別把笑容放心底
Dorry 夜裡多少眼淚堆積成你 無數次長大成熟的決心 英國的風景不能代替你 本就澄澈的眼睛
日子 怎麼荒唐 都不影響 你的可愛 多愁善良 而溫暖 是你的 一路走來 像無尾熊一般感性地擁抱這世界 別忘了 你是美好的存在
日子 怎麼荒唐 都不影響你的可愛 哪怕你從來不覺得 自己 有多勇敢 當輕柔的風 帶過了深刻的聚散 別忘了 是你比這世界更值得被愛
Dorry 25歲 不大不小的年紀 If there‘s any feeling 先別急著否定你自己 還有很多人等著擁抱你
Dorry 夜裡多少眼淚堆積成你 無數次長大成熟的決心 所有風景都不能代替你 本就透徹的心靈
日子 怎麼荒唐 都不影響 你的可愛 多愁善良 而溫暖 是你的 一路走來 像無尾熊一般感性地擁抱這世界 別忘了 你是美好的存在
日子 怎麼荒唐 都不影響你的可愛 哪怕你從來不覺得 自己 有多勇敢 當輕柔的風 帶過了深刻的聚散 別忘了 是你比這世界更值得被愛
日子 怎麼荒唐 都不影響 你的可愛 不需要再去自責 隨風而逝的遺憾 像孩子一般無懼地擁抱這世界 哪怕許多事找不到答案
日子 怎麼荒唐 都不影響你的可愛 這一路走來證明 你已經足夠勇敢 當下一陣風 捎來了深刻的聚散 永遠記得 你比這世界更值得被愛
留言（ 16 ） 最相關留言 所有留言
留言（ 16 ）",2026-09-01,,Song of the Day; 編輯推薦,True,True,
2026-09-26 02:39:15,realtime,folk,,,23,誰來寫歌,留戀歌,5,420,0,https://streetvoice.com/peipeiitsai/songs/879723/,https://streetvoice.com/peipeiitsai/,"https://akstatic.streetvoice.com/song_covers/pe/ip/peipeiitsai/GDRiSbAZyybLDSc9d2RcbL.jpeg?x-oss-process=image/resize,m_fill,h_400,w_400,limit_0",images/879723.jpeg,@peipeiitsai,音樂人,台北市,2021-02-01,,1,1,1,,,https://www.youtube.com/user/StreetVoiceTV,,,Folk,,,Pei、Billy比利、阿曼曼,"詞/曲：吳比利/吳冠穎/沛沛 我唱著留戀歌， 我無法抵抗，放下悲傷 
詞/曲：吳比利/吳冠穎/沛沛
我唱著留戀歌， 我無法抵抗，放下悲傷","來回擺盪 看不見你的形狀 潔白的洋裝 隨時間泛黃 尋找個角落躲藏 就別再留戀妄想 不透氣的時差 我無法 抵抗 放下 悲傷（破碎的回憶 無法回正的頻率） 空曠（我無法抵抗 這悲傷） 蕩漾（破碎的回憶 無法回正的頻率） 平靜日常（我無法抵抗 這悲傷） 回放（破碎的回憶 無法回正的頻率） 不停的想（我無法抵抗 這悲傷） 
來回擺盪 看不見你的形狀 潔白的洋裝 隨時間泛黃
尋找個角落躲藏 就別再留戀妄想 不透氣的時差 我無法
抵抗 放下 悲傷（破碎的回憶 無法回正的頻率） 空曠（我無法抵抗 這悲傷） 蕩漾（破碎的回憶 無法回正的頻率） 平靜日常（我無法抵抗 這悲傷） 回放（破碎的回憶 無法回正的頻率） 不停的想（我無法抵抗 這悲傷）
留言（ 0 ） 最相關留言 所有留言
留言（ 0 ）",2026-09-16,,編輯推薦,True,False,
2026-09-26 02:39:15,realtime,folk,,,24,Emma Woods 艾瑪的森林,死去了 Gone,1,16,0,https://streetvoice.com/EmmaWoods/songs/880083/,https://streetvoice.com/EmmaWoods/,"https://akstatic.streetvoice.com/music_albums/Em/ma/EmmaWoods/XZmDrp24Hq9cny9Duw3Qmc.jpeg?x-oss-process=image/resize,m_fill,h_400,w_400,limit_0",images/880083.jpeg,@EmmaWoods,音樂人,法國,2023-06-01,,28,1,1,,,https://www.youtube.com/user/StreetVoiceTV,,,Singer / Songwriter,搖籃曲之夢 Dreams in Lullaby,https://streetvoice.com/EmmaWoods/songs/album/97326096/,,,"秋天的時候我會想起你 湛藍的天空就是我的心情 即使它被撒哈拉沙漠染成紅色的天 就像它們在歡迎我來到這個世界 死去了 我的勇氣 在哪裡 活著的意義 死去了 我的生命 在哪裡 抓不住的道理 你說他要活 你就讓他苟活吧 你說他要死 你就讓他去死吧 每個人都實現自己的願望 這個世界就會好 如果衝動是魔鬼 我更喜歡地獄 秋天的時候我會想起你 湛藍的天空就是我的心情 即使它被撒哈拉沙漠染成紅色的天 就像它們在歡迎我來到這個世界 
秋天的時候我會想起你 湛藍的天空就是我的心情 即使它被撒哈拉沙漠染成紅色的天 就像它們在歡迎我來到這個世界
死去了 我的勇氣 在哪裡 活著的意義 死去了 我的生命 在哪裡 抓不住的道理
你說他要活 你就讓他苟活吧 你說他要死 你就讓他去死吧 每個人都實現自己的願望 這個世界就會好 如果衝動是魔鬼 我更喜歡地獄
秋天的時候我會想起你 湛藍的天空就是我的心情 即使它被撒哈拉沙漠染成紅色的天 就像它們在歡迎我來到這個世界
留言（ 0 ） 最相關留言 所有留言
留言（ 0 ）",2026-09-18,,編輯推薦,True,False,
2026-09-26 02:39:15,realtime,folk,,,25,奧薩瑪 Osama,大家都說時間會沖淡一切但那都是人們所說的,1,15,0,https://streetvoice.com/hejiawei0909/songs/880584/,https://streetvoice.com/hejiawei0909/,"https://akstatic.streetvoice.com/song_covers/he/ji/hejiawei0909/6qSyB9qjxenYTePh5qqZJk.jpg?x-oss-process=image/resize,m_fill,h_400,w_400,limit_0",images/880584.jpg,@hejiawei0909,音樂人,新北市,2018-09-01,,5,9,5,,,https://www.youtube.com/user/StreetVoiceTV,,,Singer / Songwriter,,,,,"擺脫自己的煩惱好像有點囉嗦 我說如果可以在一切結束就行的通 到現在如果有在一遍 如果期待能夠在晚一些 我會放進口袋 不在交出來 我怕會崩壞 如果你多在意我 多一點 我的內心是否還會無缺 我也想被寵壞 不感到孤單 完整的戀愛 說真的我知道時間會沖淡一切 但說真的實話沒有人能夠理解 
擺脫自己的煩惱好像有點囉嗦 我說如果可以在一切結束就行的通
到現在如果有在一遍 如果期待能夠在晚一些 我會放進口袋 不在交出來 我怕會崩壞
如果你多在意我 多一點 我的內心是否還會無缺 我也想被寵壞 不感到孤單 完整的戀愛
說真的我知道時間會沖淡一切 但說真的實話沒有人能夠理解
留言（ 0 ） 最相關留言 所有留言
留言（ 0 ）",2026-09-22,,,False,False,
2026-09-26 02:39:15,realtime,folk,,,26,Tanuki Maruina,只敢把Hi唱成歌 (Room Demo),1,62,0,https://streetvoice.com/boson321/songs/880664/,https://streetvoice.com/boson321/,"https://akstatic.streetvoice.com/music_albums/bo/so/boson321/Js9E2iN5xUBdoPxEE9hGYc.jpeg?x-oss-process=image/resize,m_fill,h_400,w_400,limit_0",images/880664.jpeg,@boson321,音樂人,,,,3,1,,,,https://www.youtube.com/user/StreetVoiceTV,,,Folk,續 嘴,https://streetvoice.com/boson321/songs/album/97326089/,,,"每天同一班車 你坐窗邊 我站門邊 換季海報 貼在你背光那一邊 耳機漏出一點鼓聲 跟我心跳 亂七八糟 sync 成一片 我記得你借過一次筆 卻忘記 怎麼把名字寫回今天 我們之間 只剩下一行 LED 我只會跟你走同一條線 排隊 刷卡 錯過聊天 從公司到車站 我擅長避開告白的終點 下一班車又進站 心跳亂七八糟地響 門開又關 燈亮了 又暗 想過一百種開場白 到最後 只敢把「Hi」唱成歌給你聽 小皮球 香蕉球 想說的話 在嘴裡停留 茉莉 獨白 意識流 (意思留) 一個字 幾百個鏡頭 心撲通不停 像菜雞互啄 Gummy B Help Me De Lil Tanuki 不停閱讀 持續閱讀 讀過了站 讀了一百遍 人好卡 想發自己好人卡 卡的卡比小卡比還卡 我是 ADHD 對你變成 OCD 忘東忘西忘不了你 卡到 bug Shout out PINKCHAIN 你愛的 強力曬衣鏈 想看愛的切面 想跟你滑脆到永遠 卻擠不出一句話跟你聊天 一直攏佇房間 門開又關 燈亮了 又暗 想過一百種開場白 到最後 只敢把「Hi」唱成歌給你聽 我只會跟你走同一條線 排隊 刷卡 錯過聊天 從公司到車站 我擅長避開告白的終點 下一班車又進站 心跳亂七八糟地響 門開又關 燈亮了 又暗 想過一百種開場白 到最後 只敢把「Hi」唱成歌給你聽 本是同根生 誰是xxx Pew 
每天同一班車 你坐窗邊 我站門邊 換季海報 貼在你背光那一邊 耳機漏出一點鼓聲 跟我心跳 亂七八糟 sync 成一片
我記得你借過一次筆 卻忘記 怎麼把名字寫回今天 我們之間 只剩下一行 LED
我只會跟你走同一條線 排隊 刷卡 錯過聊天 從公司到車站 我擅長避開告白的終點 下一班車又進站 心跳亂七八糟地響 門開又關 燈亮了 又暗 想過一百種開場白 到最後 只敢把「Hi」唱成歌給你聽
小皮球 香蕉球 想說的話 在嘴裡停留 茉莉 獨白 意識流 (意思留) 一個字 幾百個鏡頭 心撲通不停 像菜雞互啄 Gummy B Help Me De Lil Tanuki 不停閱讀 持續閱讀 讀過了站 讀了一百遍 人好卡 想發自己好人卡 卡的卡比小卡比還卡 我是 ADHD 對你變成 OCD 忘東忘西忘不了你 卡到 bug Shout out PINKCHAIN 你愛的 強力曬衣鏈 想看愛的切面 想跟你滑脆到永遠 卻擠不出一句話跟你聊天 一直攏佇房間
門開又關 燈亮了 又暗 想過一百種開場白 到最後 只敢把「Hi」唱成歌給你聽
我只會跟你走同一條線 排隊 刷卡 錯過聊天 從公司到車站 我擅長避開告白的終點 下一班車又進站 心跳亂七八糟地響 門開又關 燈亮了 又暗 想過一百種開場白 到最後 只敢把「Hi」唱成歌給你聽
本是同根生 誰是xxx Pew
留言（ 0 ） 最相關留言 所有留言
留言（ 0 ）",2026-09-22,,,False,False,
2026-09-26 02:39:15,realtime,folk,,,27,Olu,Darling don’t -Demo,0,4,0,https://streetvoice.com/ywpc7v85th/songs/880903/,https://streetvoice.com/ywpc7v85th/,"https://akstatic.streetvoice.com/song_covers/yw/pc/ywpc7v85th/PqPnsayqQXzXuviR2RcjaF.jpg?x-oss-process=image/resize,m_fill,h_400,w_400,limit_0",images/880903.jpg,@ywpc7v85th,音樂人,,,,1,2,,,,https://www.youtube.com/user/StreetVoiceTV,【金音17】2026第17屆金音創作獎入圍名單公布|||https://blow.streetvoice.com/90329/?utm_source=streetvoice&utm_medium=profile-news-block; 【吹專訪】邁向小巨蛋！滅火器成軍26年全記錄 ：「我們把活過的人生都寫成了歌。」|||https://blow.streetvoice.com/88397/?utm_source=streetvoice&utm_medium=profile-news-block; 2026火球祭首波陣容公開：滅火器領銜、日本傳奇怪物樂團Dragon Ash睽違8年再次來台|||https://blow.streetvoice.com/88280/?utm_source=streetvoice&utm_medium=profile-news-block,,Singer / Songwriter,,,,,"這是沒有提供歌詞的歌曲
留言（ 0 ） 最相關留言 所有留言
留言（ 0 ）",2026-09-24,,,False,False,
2026-09-26 02:39:15,realtime,folk,,,28,士羊,就走,0,5,0,https://streetvoice.com/shiyang0350/songs/881073/,https://streetvoice.com/shiyang0350/,"https://akstatic.streetvoice.com/song_covers/sh/iy/shiyang0350/ivyZF37cSRQUWtKKtJuE3e.jpeg?x-oss-process=image/resize,m_fill,h_400,w_400,limit_0",images/881073.jpeg,@shiyang0350,音樂人,,,,,,,,,https://www.youtube.com/user/StreetVoiceTV,,,Singer / Songwriter,,,,,"就走　在這荒唐的城市跟著人群走 誰說　腳下踩的一定是答案 看著　前面可笑的燈光手插進口袋 低下頭 跟著節奏 停在這尷尬的路口 好像又沒辦法回頭 是什麼藏在鏡子裡 看了一看卻還是欲說還休 旁邊的理智全都吐進水溝 煙霧瀰漫的場景通通都一起慢慢墜落 載滿小丑的小丑呼嘯而過 別害羞 就放下自尊用力跟我 走　在這傾斜的城市沿著醉意走 誰說　腳下踩的一定是結果 看著　前面無所適從的一堆堆荒謬 低下頭 保持沉默 旁邊的理智全都吐進水溝 煙霧瀰漫的場景通通都一起慢慢墜落 載滿小丑的小丑呼嘯而過 別害羞 就放下自尊用力跟我 走　在這荒唐的城市跟著人群走 誰說　腳下踩的一定是答案 看著　前面可笑的燈光手插進口袋 低下頭 跟著節奏 就走　在這傾斜的城市沿著醉意走 誰說　腳下踩的一定是結果 看著　前面無所適從的一堆堆荒謬 低下頭 保持沉默 就走　在這荒唐的城市跟著人群走 誰說　腳下踩的一定是答案 看著　前面可笑的燈光手插進口袋 低下頭 就拋開一切跟著節奏 走　在這傾斜的城市沿著醉意走 誰說　腳下踩的一定是結果 看著　前面無所適從的一堆堆荒謬 低下頭 保持沉默 
就走　在這荒唐的城市跟著人群走 誰說　腳下踩的一定是答案 看著　前面可笑的燈光手插進口袋 低下頭 跟著節奏
停在這尷尬的路口 好像又沒辦法回頭 是什麼藏在鏡子裡 看了一看卻還是欲說還休
旁邊的理智全都吐進水溝 煙霧瀰漫的場景通通都一起慢慢墜落 載滿小丑的小丑呼嘯而過 別害羞 就放下自尊用力跟我
走　在這傾斜的城市沿著醉意走 誰說　腳下踩的一定是結果 看著　前面無所適從的一堆堆荒謬 低下頭 保持沉默
旁邊的理智全都吐進水溝 煙霧瀰漫的場景通通都一起慢慢墜落 載滿小丑的小丑呼嘯而過 別害羞 就放下自尊用力跟我
走　在這荒唐的城市跟著人群走 誰說　腳下踩的一定是答案 看著　前面可笑的燈光手插進口袋 低下頭 跟著節奏 就走　在這傾斜的城市沿著醉意走 誰說　腳下踩的一定是結果 看著　前面無所適從的一堆堆荒謬 低下頭 保持沉默
就走　在這荒唐的城市跟著人群走 誰說　腳下踩的一定是答案 看著　前面可笑的燈光手插進口袋 低下頭 就拋開一切跟著節奏 走　在這傾斜的城市沿著醉意走 誰說　腳下踩的一定是結果 看著　前面無所適從的一堆堆荒謬 低下頭 保持沉默
留言（ 0 ） 最相關留言 所有留言
留言（ 0 ）",2026-09-25,,,False,False,
2026-09-26 02:39:15,realtime,folk,,,29,Anna,Folk一號練習曲demo,1,44,0,https://streetvoice.com/48_anna_l/songs/879522/,https://streetvoice.com/48_anna_l/,"https://akstatic.streetvoice.com/song_covers/48/_a/48_anna_l/NmSv5GAAMQsVojcTC7Jn7V.jpg?x-oss-process=image/resize,m_fill,h_400,w_400,limit_0",images/879522.jpg,@48_anna_l,音樂人,宜蘭縣,2019-10-01,,3,41,35,,,https://www.youtube.com/user/StreetVoiceTV,嘻哈派對「嘻御天閣」9/18 Legacy Taipei登場  艾蜜莉AMILI、wannasleep等9組音樂人輪番登台|||https://blow.streetvoice.com/90056/?utm_source=streetvoice&utm_medium=profile-news-block; 熊仔「人格特化療程→0」出道十週年演唱會 呂士軒、wannasleep同台助陣|||https://blow.streetvoice.com/88992/?utm_source=streetvoice&utm_medium=profile-news-block; 嘻哈廠牌「夜間限定」宣布與wannasleep終止合作 廠牌社群預告停更|||https://blow.streetvoice.com/87908/?utm_source=streetvoice&utm_medium=profile-news-block,,Folk,,,聖文.exe,,"When you say that you gonna come to see me again But I’ll never  可能再出現 That it’s why I’m sad When you say that you gonna come to see me again That sounds like  見到你每天 如果可以把你變不見 When you thinking about me 我就想逃離 Don’t you know  that 我不喜歡你 不要再欺騙自己 過不去的時候你說keep on going 討厭你事不關己 try to break free 趁還來 得及 Nothing will be end 嘗試放過自己妳說take it easy 就把我丟在這裡  lost in  hazy 總都看 不清 也都夢不醒 
When you say that you gonna come to see me again
But I’ll never  可能再出現
That it’s why I’m sad
When you say that you gonna come to see me again
That sounds like  見到你每天
如果可以把你變不見
When you thinking about me 我就想逃離 Don’t you know  that 我不喜歡你 不要再欺騙自己
過不去的時候你說keep on going 討厭你事不關己 try to break free 趁還來 得及 Nothing will be end
嘗試放過自己妳說take it easy 就把我丟在這裡  lost in  hazy 總都看 不清 也都夢不醒
留言（ 0 ） 最相關留言 所有留言
留言（ 0 ）",2026-09-15,,編輯推薦,True,False,
2026-09-26 02:39:15,realtime,folk,,,30,Anna,Folk二號練習曲demo,1,20,0,https://streetvoice.com/48_anna_l/songs/880886/,https://streetvoice.com/48_anna_l/,"https://akstatic.streetvoice.com/song_covers/48/_a/48_anna_l/AKFqNTQEiHwuTLhdiEtTWR.jpg?x-oss-process=image/resize,m_fill,h_400,w_400,limit_0",images/880886.jpg,@48_anna_l,音樂人,宜蘭縣,2019-10-01,,3,41,35,,,https://www.youtube.com/user/StreetVoiceTV,嘻哈派對「嘻御天閣」9/18 Legacy Taipei登場  艾蜜莉AMILI、wannasleep等9組音樂人輪番登台|||https://blow.streetvoice.com/90056/?utm_source=streetvoice&utm_medium=profile-news-block; 熊仔「人格特化療程→0」出道十週年演唱會 呂士軒、wannasleep同台助陣|||https://blow.streetvoice.com/88992/?utm_source=streetvoice&utm_medium=profile-news-block; 嘻哈廠牌「夜間限定」宣布與wannasleep終止合作 廠牌社群預告停更|||https://blow.streetvoice.com/87908/?utm_source=streetvoice&utm_medium=profile-news-block,,Folk,,,聖文.exe、阿洛,"有些人他們總是來了又走 走了還會有新的人出現 
有些人他們總是來了又走 走了還會有新的人出現","At the very first time You take boat come here alone Will you share your mine Tell me all when  come here alone Then I’ll take your boat Old friend can I take your boat travel around the world Look how small we are after all 
At the very first time You take boat come here alone Will you share your mine Tell me all when  come here alone
Then I’ll take your boat Old friend can I take your boat travel around the world Look how small we are after all
留言（ 0 ） 最相關留言 所有留言
留言（ 0 ）",2026-09-24,,,False,False,
2026-09-26 02:39:15,realtime,folk,,,31,趙廷,去森林流浪DEMO,11,752,4,https://streetvoice.com/Ray_t121/songs/880086/,https://streetvoice.com/Ray_t121/,"https://akstatic.streetvoice.com/song_covers/Ra/y_/Ray_t121/eZsLh77rP9VXcH35JEhvpk.jpeg?x-oss-process=image/resize,m_fill,h_400,w_400,limit_0",images/880086.jpeg,@Ray_t121,音樂人,台北市,2021-03-01,2024-06-12 11:01,6,70,2,,https://www.instagram.com/ray_t121,https://www.youtube.com/user/StreetVoiceTV,,,Folk,,,,"詞/曲：趙廷 是Demo喔 我們可以逃離這座城市 我們可以沉醉在彼此眼裡的世界 我們好像是難得一模一樣的人類 但這反而讓失去的恐懼與快樂變得一樣多 
詞/曲：趙廷
是Demo喔
我們可以逃離這座城市 我們可以沉醉在彼此眼裡的世界 我們好像是難得一模一樣的人類 但這反而讓失去的恐懼與快樂變得一樣多","我想我不太認真 風吹著海浪迷人 我卻只在意你靠著我的體溫 我喜歡看你的眼神 浮沉在清澈的河 我想我很適合當聽你說話的人 我們去森林流浪 迷路在星星之下 甚麼都不用再想 累了就躺下 這樣就夠啦 你也想這麼做吧 讓風帶走你的髮香 我就是你啊 我就是你啊 別分開好嗎 
我想我不太認真 風吹著海浪迷人 我卻只在意你靠著我的體溫 我喜歡看你的眼神 浮沉在清澈的河 我想我很適合當聽你說話的人
我們去森林流浪 迷路在星星之下 甚麼都不用再想 累了就躺下 這樣就夠啦 你也想這麼做吧 讓風帶走你的髮香 我就是你啊 我就是你啊 別分開好嗎
留言（ 4 ） 最相關留言 所有留言
留言（ 4 ）",2026-09-18,,AI 協作 Folk,False,False,
2026-09-26 02:39:15,realtime,folk,,,32,Emma Woods 艾瑪的森林,What Keeps Me Alive,2,20,0,https://streetvoice.com/EmmaWoods/songs/880084/,https://streetvoice.com/EmmaWoods/,"https://akstatic.streetvoice.com/music_albums/Em/ma/EmmaWoods/XZmDrp24Hq9cny9Duw3Qmc.jpeg?x-oss-process=image/resize,m_fill,h_400,w_400,limit_0",images/880084.jpeg,@EmmaWoods,音樂人,法國,2023-06-01,,28,1,1,,,https://www.youtube.com/user/StreetVoiceTV,,,Singer / Songwriter,搖籃曲之夢 Dreams in Lullaby,https://streetvoice.com/EmmaWoods/songs/album/97326096/,,,"I don’t know why I can’t stop writing songs This is the reason why You can see me still alive You don’t know where I go Here you are Here I am You don’t know what I see Is it clear Is it true Don’t let them find me This is my last stop line You can just set a fire To burn out those lies Hello my new world Is it real How does it feel This is where keeps me alive Hello my new world Is it safe How does it run This is not just a place I don’t know why I can fly in my mind This is the reason why You can see me still alive You don’t know where I fly Here you are Here I am You don’t know what I think Is it clear Is it true Don’t let them find me This is my last stop line You can just set a fire To burn out those lies Hello my new world Is it real How does it feel This is where keeps me alive Hello my new world Is it safe How does it run This is not just a place 
I don’t know why I can’t stop writing songs This is the reason why You can see me still alive
You don’t know where I go Here you are Here I am You don’t know what I see Is it clear Is it true
Don’t let them find me This is my last stop line You can just set a fire To burn out those lies
Hello my new world Is it real How does it feel This is where keeps me alive Hello my new world Is it safe How does it run This is not just a place
I don’t know why I can fly in my mind This is the reason why You can see me still alive
You don’t know where I fly Here you are Here I am You don’t know what I think Is it clear Is it true
Don’t let them find me This is my last stop line You can just set a fire To burn out those lies
Hello my new world Is it real How does it feel This is where keeps me alive Hello my new world Is it safe How does it run This is not just a place
留言（ 0 ） 最相關留言 所有留言
留言（ 0 ）",2026-09-18,,編輯推薦,True,False,
2026-09-26 02:39:15,realtime,folk,,,33,路阿春,慢兒・A Little Slower,2,36,0,https://streetvoice.com/tp6m4jp486/songs/880529/,https://streetvoice.com/tp6m4jp486/,"https://akstatic.streetvoice.com/song_covers/tp/6m/tp6m4jp486/FR6UqUDttt6NEpMhTzdGLn.jpeg?x-oss-process=image/resize,m_fill,h_400,w_400,limit_0",images/880529.jpeg,@tp6m4jp486,音樂人,台灣,2016-06-01,,1,3,4,,,https://www.youtube.com/user/StreetVoiceTV,114年流行音樂製作發行補助案 「創作新聲類」獲補助名單公布|||https://blow.streetvoice.com/81788/?utm_source=streetvoice&utm_medium=profile-news-block,,Folk,,,,"我住了二十多年的老家 直到回家生活的這兩年中 才慢下來，好好去感受它 那些不在家的日子裡 去到了不同地方旅行、生活 漸漸把這些生活的記憶與步調 慢慢帶回了家 或許旅行 是去到一個地方好好體驗生活 那沒有旅行的日子裡 在家鄉土地上好好生活的我們 稱得上為一位生活家嗎？ / 〈慢兒・A Little Slower〉 詞/曲 Lyrics/Composed：陳昱妏Yuwen Chen 編曲 Arrangement：林孟萱Menghsuan Lin 編曲協力 Arrangement Assistance：凌元耕Ernest 和聲編寫 Backing Vocal arrangement：陳昱妏Yuwen Chen 木吉他/鋼琴/鐵琴/鼓 Acoustic Guitar/Piano/Bells/Drums：林孟萱Menghsuan Lin 小號 Trumpet：林佳穎Leia Lin 製作人 Producer：林孟萱Menghsuan Lin 美術設計 Graphic Designer：巫伊平Yiping Wu 配唱指導 Vocal Director：謝孟庭Mengting Xie 人聲錄音 Vocal Recording：林孟萱Menghsuan Lin 樂器錄音 Instrumental Recording：黃炳喻Pingyu Huang 混音工程/母帶後期製作 Mixing Engineer/Mastering Engineer：黃炳喻Pingyu Huang 錄音室 Recording Studio：玉成戲院錄音室YuChen Studio 《波光粼粼，去旅行！Have a Sparkling Life!》Coming Soon... 
我住了二十多年的老家 直到回家生活的這兩年中 才慢下來，好好去感受它
那些不在家的日子裡 去到了不同地方旅行、生活 漸漸把這些生活的記憶與步調 慢慢帶回了家
或許旅行 是去到一個地方好好體驗生活 那沒有旅行的日子裡 在家鄉土地上好好生活的我們 稱得上為一位生活家嗎？
/ 〈慢兒・A Little Slower〉
詞/曲 Lyrics/Composed：陳昱妏Yuwen Chen 編曲 Arrangement：林孟萱Menghsuan Lin 編曲協力 Arrangement Assistance：凌元耕Ernest 和聲編寫 Backing Vocal arrangement：陳昱妏Yuwen Chen 木吉他/鋼琴/鐵琴/鼓 Acoustic Guitar/Piano/Bells/Drums：林孟萱Menghsuan Lin 小號 Trumpet：林佳穎Leia Lin
製作人 Producer：林孟萱Menghsuan Lin 美術設計 Graphic Designer：巫伊平Yiping Wu 配唱指導 Vocal Director：謝孟庭Mengting Xie 人聲錄音 Vocal Recording：林孟萱Menghsuan Lin 樂器錄音 Instrumental Recording：黃炳喻Pingyu Huang 混音工程/母帶後期製作 Mixing Engineer/Mastering Engineer：黃炳喻Pingyu Huang 錄音室 Recording Studio：玉成戲院錄音室YuChen Studio
《波光粼粼，去旅行！Have a Sparkling Life!》Coming Soon...","他總是背著回憶/一步步緩緩前行 行過紅花與綠葉/路過繁星點點 他踩著小小的步伐/靜靜的望著海面 看著雲朵變幻萬千/心中偶有思念 他總是比別人慢一點/總是比別人少一些 總是慢別人一點點/活在他的想像世界 他踩著小小的步伐/靜靜的望著海面 看著雲朵變幻萬千/心中偶有淚水 他總是比別人慢一點/總是比別人少一些 總是慢別人一點點/活在他的小小世界 活在他的慢步調裡面/活在他的小小空間 They always carry their memories Slowly taking one step at a time Walking past red flowers and green leaves Passing beneath a sky full of stars They take their little steps Quietly gazing out at the sea Watching the clouds transform in countless ways With a touch of longing in their heart Always a little slower than the others Always with a little less Always just a little behind Living in a world of imagination They take their little steps Quietly gazing out at the sea Watching the clouds transform in countless ways With a little tear in their heart Always a little slower than the others Always with a little less Always just a little behind Living in their own little world At their own slow pace In their own little space 
他總是背著回憶/一步步緩緩前行 行過紅花與綠葉/路過繁星點點
他踩著小小的步伐/靜靜的望著海面 看著雲朵變幻萬千/心中偶有思念 他總是比別人慢一點/總是比別人少一些 總是慢別人一點點/活在他的想像世界
他踩著小小的步伐/靜靜的望著海面 看著雲朵變幻萬千/心中偶有淚水 他總是比別人慢一點/總是比別人少一些 總是慢別人一點點/活在他的小小世界 活在他的慢步調裡面/活在他的小小空間
They always carry their memories Slowly taking one step at a time Walking past red flowers and green leaves Passing beneath a sky full of stars
They take their little steps Quietly gazing out at the sea Watching the clouds transform in countless ways With a touch of longing in their heart Always a little slower than the others Always with a little less Always just a little behind Living in a world of imagination
They take their little steps Quietly gazing out at the sea Watching the clouds transform in countless ways With a little tear in their heart Always a little slower than the others Always with a little less Always just a little behind Living in their own little world At their own slow pace In their own little space
留言（ 0 ） 最相關留言 所有留言
留言（ 0 ）",2026-09-22,,,False,False,
2026-09-26 02:39:15,realtime,folk,,,34,Fynk,Please God,2,27,0,https://streetvoice.com/gn00620357/songs/880588/,https://streetvoice.com/gn00620357/,"https://akstatic.streetvoice.com/music_albums/gn/00/gn00620357/MR5fPjh6tWJ4qooZZQTxds.jpeg?x-oss-process=image/resize,m_fill,h_400,w_400,limit_0",images/880588.jpeg,@gn00620357,音樂人,新北市,2006-05-01,,23,38,38,,,https://www.youtube.com/user/StreetVoiceTV,,,Folk,Blue Planet,https://streetvoice.com/gn00620357/songs/album/97324419/,,"「在世界某個遙遠的角落，一個靈魂被抽乾的孩子，獨自站在支離破碎的家門前。他的眼中只剩下一地瓦礫，以及再也等不到的家人。」 
「在世界某個遙遠的角落，一個靈魂被抽乾的孩子，獨自站在支離破碎的家門前。他的眼中只剩下一地瓦礫，以及再也等不到的家人。」","詞曲: Fynk 混音: Fynk 編曲: Fynk, Josh, Inmi Standing in the dark without fear 站在黑暗之中，卻不感到恐懼 Even if there is no hope at dawn 即使黎明時分已不再有希望 I don't remember when this began 我已記不得這一切是從何時開始 Maybe the heaven never existed 也許，天堂從來就不存在 Please God, can you hear me crying? 神啊，你能聽見我的哭泣嗎？ There is nothing the war can gain 戰爭什麼也無法帶來 Please God, can you hear me praying? 神啊，你能聽見我的祈禱嗎？ There is nothing 這裏什麼都沒有 Can't you see? 你難道看不見嗎？ There is only a broken home 這裏只剩下一個破碎的家 Can't you see? 你難道看不見嗎？ There is only a broken dream 這裏只剩下一場破碎的夢 Can't you see? 你難道看不見嗎？ 
詞曲: Fynk 混音: Fynk 編曲: Fynk, Josh, Inmi
Standing in the dark without fear 站在黑暗之中，卻不感到恐懼 Even if there is no hope at dawn 即使黎明時分已不再有希望 I don't remember when this began 我已記不得這一切是從何時開始 Maybe the heaven never existed 也許，天堂從來就不存在
Please God, can you hear me crying? 神啊，你能聽見我的哭泣嗎？ There is nothing the war can gain 戰爭什麼也無法帶來 Please God, can you hear me praying? 神啊，你能聽見我的祈禱嗎？
There is nothing 這裏什麼都沒有 Can't you see? 你難道看不見嗎？ There is only a broken home 這裏只剩下一個破碎的家 Can't you see? 你難道看不見嗎？ There is only a broken dream 這裏只剩下一場破碎的夢 Can't you see? 你難道看不見嗎？
留言（ 0 ） 最相關留言 所有留言
留言（ 0 ）",2026-09-22,,,False,False,
2026-09-26 02:39:15,realtime,folk,,,35,李敏哲,"Goodnight Father, Teach Me To Pray - 阿哲的晚禱",15,520,19,https://streetvoice.com/minzer_c_lee/songs/880210/,https://streetvoice.com/minzer_c_lee/,"https://akstatic.streetvoice.com/song_covers/mi/nz/minzer_c_lee/AGYsP5SFxE2m5MuP2r4fK3.jpeg?x-oss-process=image/resize,m_fill,h_400,w_400,limit_0",images/880210.jpeg,@minzer_c_lee,音樂人,,,,23,40,40,,,https://www.youtube.com/user/StreetVoiceTV,,,Singer / Songwriter,,,雷克非 Christopher R,"克非寫了一首中文的晚禱，我們都很喜歡，也都試唱，但遇到一點問題：因為性格不同，歌詞幾乎都要改，才能給小小和我唱。 改了蠻久，後來，克非乾脆整首英文重寫，然後分別出了三個人的量身版。小小的已經錄好並且發佈了。我的今天完工了。我也來禱告一下，雖然，我只有在事情很大條的時候才會想到天父，不過牧師說，恩典不是因為你做了什麼不做什麼才有的，恩典是白白得來的，你不能不敬畏。是的，克非寫給敏哲的詞，完全是這樣的。 預告一下，克非可能不會立刻出他的英文晚禱，不過，應該不會晚過聖誕節吧？另外，我們有一首聖誕歌，早就錄好了，還在很龜毛地修，因為還來得及今年發。 有感動的話要告訴我欸。 Lyrics: Christopher R Vocal: Minzer C Lee Music: Minzer C Lee, Christopher R Sophisti-pop / Blue-eyed soul 中文： https://streetvoice.com/ChristopherR/songs/878883/ 小小： https://streetvoice.com/RistyK/songs/879707/ 
克非寫了一首中文的晚禱，我們都很喜歡，也都試唱，但遇到一點問題：因為性格不同，歌詞幾乎都要改，才能給小小和我唱。
改了蠻久，後來，克非乾脆整首英文重寫，然後分別出了三個人的量身版。小小的已經錄好並且發佈了。我的今天完工了。我也來禱告一下，雖然，我只有在事情很大條的時候才會想到天父，不過牧師說，恩典不是因為你做了什麼不做什麼才有的，恩典是白白得來的，你不能不敬畏。是的，克非寫給敏哲的詞，完全是這樣的。
預告一下，克非可能不會立刻出他的英文晚禱，不過，應該不會晚過聖誕節吧？另外，我們有一首聖誕歌，早就錄好了，還在很龜毛地修，因為還來得及今年發。
有感動的話要告訴我欸。
Lyrics: Christopher R Vocal: Minzer C Lee Music: Minzer C Lee, Christopher R
Sophisti-pop / Blue-eyed soul
中文： https://streetvoice.com/ChristopherR/songs/878883/ 小小： https://streetvoice.com/RistyK/songs/879707/
https://streetvoice.com/ChristopherR/songs/878883/
https://streetvoice.com/RistyK/songs/879707/","Father, I don't really know how to do this Topher probably does Kristy definitely does Me? I usually remember You when things are already pretty bad Sorry about that Nothing happened today that should've broken me I went to work answered people ate something came home Normal stuff Still, somehow by the time the night got here I was tired of being me Not in a dramatic way Just tired There's probably somebody having a much worse night Some kid who's scared some old man alone someone waiting outside a room for a doctor to come out Someone who already knows the answer but keeps hoping they heard it wrong Take care of them first I'm serious I'll manage Probably I don't know their names You do That's kind of Your thing I guess So... please don't miss anybody tonight If tomorrow's going to be bad okay I can take bad Just don't let me make it worse Give me enough sense to shut up when I should Enough courage to speak when I shouldn't stay quiet And maybe a little strength Nothing heroic Just enough to get out of bed and try again And there's some people I should probably forgive I'm working on it Very slowly There are some people who probably need to forgive me too Also fair I don't know how You're supposed to sort all that out Good luck with that ...sorry That sounded rude Look I know I joke when I don't know what else to do I know I act like nothing gets to me That's not exactly true Some things stay Some names stay Some nights stay longer than they should And sometimes I really don't know what to do with them So if tomorrow can be a little better great If it can't stay anyway That's enough I think And if somebody else needs the good part more than I do give it to them I'll figure something out Anyway... thanks for listening I know I don't say that much And... take care of them first Really I'm okay ...mostly Amen In Jesus' name. ...that's how you end this, right? 
Father, I don't really know how to do this
Topher probably does Kristy definitely does
Me?
I usually remember You when things are already pretty bad
Sorry about that
Nothing happened today that should've broken me
I went to work answered people ate something came home
Normal stuff
Still, somehow by the time the night got here I was tired of being me
Not in a dramatic way
Just tired
There's probably somebody having a much worse night
Some kid who's scared some old man alone someone waiting outside a room for a doctor to come out
Someone who already knows the answer but keeps hoping they heard it wrong
Take care of them first
I'm serious
I'll manage
Probably
I don't know their names
You do
That's kind of Your thing I guess
So...
please
don't miss anybody tonight
If tomorrow's going to be bad okay
I can take bad
Just don't let me make it worse
Give me enough sense to shut up when I should
Enough courage to speak when I shouldn't stay quiet
And maybe a little strength
Nothing heroic
Just enough to get out of bed and try again
And there's some people I should probably forgive
I'm working on it
Very slowly
There are some people who probably need to forgive me too
Also fair
I don't know how You're supposed to sort all that out
Good luck with that
...sorry
That sounded rude
Look
I know I joke when I don't know what else to do
I know I act like nothing gets to me
That's not exactly true
Some things stay
Some names stay
Some nights stay longer than they should
And sometimes
I really don't know what to do with them
So if tomorrow can be a little better
great
If it can't
stay anyway
That's enough
I think
And if somebody else needs the good part more than I do
give it to them
I'll figure something out
Anyway...
thanks for listening
I know I don't say that much
And...
take care of them first
Really
I'm okay
...mostly
Amen
In Jesus' name. ...that's how you end this, right?
留言（ 19 ） 最相關留言 所有留言
留言（ 19 ）",2026-09-19,,AI 協作 Singer / Songwriter,False,False,
2026-09-26 02:39:15,realtime,folk,,,36,Andrew_Lai,我出生的地方，我們都已經很勇敢了,2,86,2,https://streetvoice.com/dawn_limit_mvd/songs/879920/,https://streetvoice.com/dawn_limit_mvd/,"https://akstatic.streetvoice.com/song_covers/da/wn/dawn_limit_mvd/XtfMBuK3RqDKbXvC4NarCq.jpeg?x-oss-process=image/resize,m_fill,h_400,w_400,limit_0",images/879920.jpeg,@dawn_limit_mvd,音樂人,南投縣,2023-10-01,,16,14,2,,,https://www.youtube.com/user/StreetVoiceTV,,,Folk,,,,"我出生的地方是一首寫給台灣，也寫給每一個正在努力生活的人的歌。 我們出生在一座有颱風、有地震，也有很多不同聲音的島上。有人種田、有人開車、有人守著夜班、有人照顧別人，也有人只是努力把今天過完。每個人的生活都不一樣，承受的重量也不一樣。 這首歌想說的，不是一定要堅強，也不是一定要比昨天更好，而是希望我們都能多理解彼此一點。尤其在爭吵很多、意見很不一樣的時候，也別忘了，我們其實都生活在同一個地方，也都希望明天能夠好一點。 有些人走得快，有些人走得慢；有些傷看得見，有些傷只有自己知道。但只要還願意留下來，還願意陪自己多走一天，那就已經很不容易了。 這首我出生的地方，送給這片土地，也送給每一個努力活到今天的人。 我們都已經很勇敢了。 
我出生的地方是一首寫給台灣，也寫給每一個正在努力生活的人的歌。 我們出生在一座有颱風、有地震，也有很多不同聲音的島上。有人種田、有人開車、有人守著夜班、有人照顧別人，也有人只是努力把今天過完。每個人的生活都不一樣，承受的重量也不一樣。 這首歌想說的，不是一定要堅強，也不是一定要比昨天更好，而是希望我們都能多理解彼此一點。尤其在爭吵很多、意見很不一樣的時候，也別忘了，我們其實都生活在同一個地方，也都希望明天能夠好一點。 有些人走得快，有些人走得慢；有些傷看得見，有些傷只有自己知道。但只要還願意留下來，還願意陪自己多走一天，那就已經很不容易了。 這首我出生的地方，送給這片土地，也送給每一個努力活到今天的人。 我們都已經很勇敢了。","動態歌詞
清晨五點的市場燈還亮著 有人搬著菜籃 有人煮著第一鍋湯 工地的安全帽 滴著昨夜的雨 早餐店的阿姨 記得誰不要加醬 有人趕著第一班車 有人剛下夜班 有人穿著制服 把疲倦藏在袖口裡面 你看這座島每天都那麼忙 其實每一個人都在跟自己的日子過關 也許今天走得比別人慢 也許光是起床就已經用盡了力量 沒關係 真的沒關係 不是每一天都一定要很像個答案 我們都已經很勇敢了 能走到今天就已經值得被記得 如果世界太吵 就先不用回答 累了就坐一下 天不會因為誰停下而崩塌 我們都已經很勇敢了 有些傷不會一夜之間變好了 可是留下來的每一個明天 都可能遇見昨天還不知道的溫暖 所以再陪自己走一段吧 慢一點也沒有關係啊 海上的漁船回港 腳底都是鹽 山裡的果農彎著腰 算今年的收成 護理站的燈沒熄 司機繞過半座城 便利店的門 凌晨三點還有人等 有人為了家裡撐著 有人離開了家鄉 有人第一次站上臺 說自己相信的方向 有人被掌聲推著走 也有人被噓聲淹沒 可我們都只是普通人 想把傷心的事情再多守一天 我們可以害怕 可以懷疑自己 可以偶爾討厭這世界 甚至不想說話 只要今天還願意吃一頓飯 願意看看窗外 就不算輸啊 我們都已經很勇敢了 不是非得堅強 才值得被擁抱著 如果眼淚掉下來 就讓它掉吧 沒有人規定活著一定要一直笑啊 我們都已經很勇敢了 有些路真的比別人走得更顛簸 但我們撐過來的那些夜晚 總有一天會變成理解別人的方法 所以再陪自己走一段吧 我們都還在這裡啊 我出生的地方 有颱風 有地震 有爭吵 也有好多不同的聲音 有人種稻 有人修路 有人教書 有人開車 有人救人 有人做夢 也有人第一次想為明天改變些什麼 我們不一定站在同一邊 也不一定相信同一種明天 可是如果可以 別把誰的痛苦說得太輕 也別笑誰走得太慢 因為在我出生的地方 每一個努力活著的人 都已經走了很遠 而能好好活著這件事 有時候本來就很難 我們都已經很勇敢了 就算今天只是把房門打開了 就算只是洗了臉 吃完一碗飯 那也是重新回到世界的一小段 我們都已經很勇敢了 別急著證明自己一定會變好了 人生不是比誰先抵達 而是有一天回頭看 才發現我們竟然走了這麼遠啊 這座島 還有人在等天亮 街角還有人替彼此留一盞光 如果今晚真的走不動了 就先停在這裡 也無妨 等明天風來的時候 我們再一起往前走吧 慢一點沒有關係 哭一下沒有關係 我們不需要成為誰期待的樣子 能走到這裡 我們都已經很勇敢了 
清晨五點的市場燈還亮著 有人搬著菜籃 有人煮著第一鍋湯 工地的安全帽 滴著昨夜的雨 早餐店的阿姨 記得誰不要加醬 有人趕著第一班車 有人剛下夜班 有人穿著制服 把疲倦藏在袖口裡面 你看這座島每天都那麼忙 其實每一個人都在跟自己的日子過關 也許今天走得比別人慢 也許光是起床就已經用盡了力量 沒關係 真的沒關係 不是每一天都一定要很像個答案 我們都已經很勇敢了 能走到今天就已經值得被記得 如果世界太吵 就先不用回答 累了就坐一下 天不會因為誰停下而崩塌 我們都已經很勇敢了 有些傷不會一夜之間變好了 可是留下來的每一個明天 都可能遇見昨天還不知道的溫暖 所以再陪自己走一段吧 慢一點也沒有關係啊 海上的漁船回港 腳底都是鹽 山裡的果農彎著腰 算今年的收成 護理站的燈沒熄 司機繞過半座城 便利店的門 凌晨三點還有人等 有人為了家裡撐著 有人離開了家鄉 有人第一次站上臺 說自己相信的方向 有人被掌聲推著走 也有人被噓聲淹沒 可我們都只是普通人 想把傷心的事情再多守一天 我們可以害怕 可以懷疑自己 可以偶爾討厭這世界 甚至不想說話 只要今天還願意吃一頓飯 願意看看窗外 就不算輸啊 我們都已經很勇敢了 不是非得堅強 才值得被擁抱著 如果眼淚掉下來 就讓它掉吧 沒有人規定活著一定要一直笑啊 我們都已經很勇敢了 有些路真的比別人走得更顛簸 但我們撐過來的那些夜晚 總有一天會變成理解別人的方法 所以再陪自己走一段吧 我們都還在這裡啊 我出生的地方 有颱風 有地震 有爭吵 也有好多不同的聲音 有人種稻 有人修路 有人教書 有人開車 有人救人 有人做夢 也有人第一次想為明天改變些什麼 我們不一定站在同一邊 也不一定相信同一種明天 可是如果可以 別把誰的痛苦說得太輕 也別笑誰走得太慢 因為在我出生的地方 每一個努力活著的人 都已經走了很遠 而能好好活著這件事 有時候本來就很難 我們都已經很勇敢了 就算今天只是把房門打開了 就算只是洗了臉 吃完一碗飯 那也是重新回到世界的一小段 我們都已經很勇敢了 別急著證明自己一定會變好了 人生不是比誰先抵達 而是有一天回頭看 才發現我們竟然走了這麼遠啊 這座島 還有人在等天亮 街角還有人替彼此留一盞光 如果今晚真的走不動了 就先停在這裡 也無妨 等明天風來的時候 我們再一起往前走吧 慢一點沒有關係 哭一下沒有關係 我們不需要成為誰期待的樣子 能走到這裡 我們都已經很勇敢了
留言（ 2 ） 最相關留言 所有留言
留言（ 2 ）",2026-09-18,,,False,False,
2026-09-26 02:39:15,realtime,folk,,,37,RistyK,"Goodnight Father, Just Stay a Little - 小小的晚禱",4,617,12,https://streetvoice.com/RistyK/songs/879707/,https://streetvoice.com/RistyK/,"https://akstatic.streetvoice.com/song_covers/Ri/st/RistyK/XmsMoicG9mfgVfruRJcTS6.jpeg?x-oss-process=image/resize,m_fill,h_400,w_400,limit_0",images/879707.jpeg,@RistyK,音樂人,,,,4,17,13,,,https://www.youtube.com/user/StreetVoiceTV,,,Singer / Songwriter,,,雷克非 Christopher R、李敏哲,"克非和敏哲為我量身打造的晚禱 詞曲都好棒，不過我沒有他們寫的那麼好，我很認真地唱，唱得鼻子都紅了 希望你們聽了以後，今天的難處都能得到緩解 Lyrics: Christopher Reed Music: Minzer C Lee Vocal: Kristy Reed Sophisti-pop / Blue-eyed soul 
克非和敏哲為我量身打造的晚禱
詞曲都好棒，不過我沒有他們寫的那麼好，我很認真地唱，唱得鼻子都紅了
希望你們聽了以後，今天的難處都能得到緩解
Lyrics: Christopher Reed Music: Minzer C Lee Vocal: Kristy Reed
Sophisti-pop / Blue-eyed soul","I poured myself a drink sat there quietly doing nothing for a while until I realized what I really needed wasn't another sip A prayer, maybe Father, I haven't been alright today Nothing terrible happened nothing I couldn't explain I just carried too much and smiled anyway I said I was fine more times than I should and nobody noticed which was good I think Father, There are people tonight who need You more than I do Someone in a hospital someone waiting for a call someone staring at the ceiling with nobody there at all Someone who's afraid to close their eyes Someone who doesn't know how they're going to make it through the night I don't know their names You probably do So could You stay with them for a while? And maybe when You're done come sit with me too Father, If tomorrow can only be a little better even just a little from You I'd really need that Not a miracle not the whole world made right Just enough light to know it's morning and enough strength to get there And Father, I'm sorry I only seem to talk this much when I'm tired or lonely or when the drink doesn't do what I thought it would I know that's probably not how prayer is supposed to work but I'm here and You're here I hope that's enough Father, If tomorrow can only be a little better even just a little from You I'd really need that And if somebody else needs that little better more than I do tonight then... maybe... give them mine first I'll be alright or... I'll try Amen 
I poured myself a drink sat there quietly doing nothing for a while
until I realized what I really needed wasn't another sip
A prayer, maybe
Father,
I haven't been alright today
Nothing terrible happened nothing I couldn't explain I just carried too much and smiled anyway
I said I was fine more times than I should and nobody noticed
which was good
I think
Father,
There are people tonight who need You more than I do
Someone in a hospital someone waiting for a call someone staring at the ceiling with nobody there at all
Someone who's afraid to close their eyes
Someone who doesn't know how they're going to make it through the night
I don't know their names You probably do
So could You stay with them for a while?
And maybe when You're done
come sit with me too
Father,
If tomorrow can only be a little better
even just a little from You
I'd really need that
Not a miracle not the whole world made right
Just enough light to know it's morning
and enough strength to get there
And Father,
I'm sorry
I only seem to talk this much when I'm tired
or lonely
or when the drink doesn't do what I thought it would
I know that's probably not how prayer is supposed to work
but I'm here
and You're here
I hope that's enough
Father,
If tomorrow can only be a little better
even just a little from You
I'd really need that
And if somebody else needs that little better more than I do tonight
then...
maybe...
give them mine first
I'll be alright
or...
I'll try
Amen
留言（ 12 ） 最相關留言 所有留言
留言（ 12 ）",2026-09-16,,AI 協作 Singer / Songwriter,False,False,
2026-09-26 02:39:15,realtime,folk,,,38,Tanuki Maruina,Fall Right In. 落落去,0,13,0,https://streetvoice.com/boson321/songs/880514/,https://streetvoice.com/boson321/,"https://akstatic.streetvoice.com/music_albums/bo/so/boson321/Js9E2iN5xUBdoPxEE9hGYc.jpeg?x-oss-process=image/resize,m_fill,h_400,w_400,limit_0",images/880514.jpeg,@boson321,音樂人,,,,3,1,,,,https://www.youtube.com/user/StreetVoiceTV,,,Singer / Songwriter,續 嘴,https://streetvoice.com/boson321/songs/album/97326089/,,"Bass and Keyboard: Benson Ng Drums & Percussion: Tanuki Mastering: Tanukii Vocal/ Backing Vocal: Tanukii 有些哥不喜歡小情小愛，那就來一斗大的！ 
Bass and Keyboard: Benson Ng Drums & Percussion: Tanuki Mastering: Tanukii Vocal/ Backing Vocal: Tanukii
有些哥不喜歡小情小愛，那就來一斗大的！","媽媽蜜絲佛陀 男模阿彌陀佛 我在ゴーシュート！ 咱就慢慢來　慢慢靠近 免趕時間　毋免假冷靜 若像 有淡薄仔忝　我想講 來　我陪你坐　燈光暗暗　音源 咧踅踅 我心跳煞　愈來愈大聲　閃邊 有人 cut it in da line　若是敢, 親手xxx Ring comin..　我毋是勇敢的人　只是對你無法度 若愛是失控　我甘願予伊去做 輕輕等　等你慢慢講　這个暗暝敢無退 我想　看你感覺，我想　較無尷尬 這擺　無輸，我想欲予你帶落 我又閣落落去　落佇你的目睭內，想欲名愛 samurai　一面歌 一面佇咧 High~ 我又閣落去 袂會駛無事的愛 Am I in space? Ya 共你鬥陣佇遮　等待 咱就慢慢來　慢慢靠近 免趕時間　毋免假冷靜 若像 有淡薄仔忝　我想講 來　我陪你坐　燈光暗暗　音源 咧踅踅 若愛是失控　我甘願予伊去做 輕輕等　等你慢慢講　這个暗暝敢無退 我想　看你感覺，我想　較無尷尬 Everybody clap 這擺　無輸，我想欲予你帶落 我又閣落落去　落佇你的目睭內，想欲名愛 samurai　一面歌 一面佇咧 High~ 我又閣落去　袂使無事的愛 Are We in space? Ya 共你鬥陣起飛　等待 我又閣落落去　落佇你的目睭內，想欲名愛 samurai　一面歌 一面佇咧 high 我又閣落去　袂使無事的愛 某仔咧揣我？　啥！ 轉來去地球　see ya 
媽媽蜜絲佛陀 男模阿彌陀佛 我在ゴーシュート！
咱就慢慢來　慢慢靠近 免趕時間　毋免假冷靜
若像 有淡薄仔忝　我想講 來　我陪你坐　燈光暗暗　音源 咧踅踅
我心跳煞　愈來愈大聲　閃邊 有人 cut it in da line　若是敢, 親手xxx
Ring comin..　我毋是勇敢的人　只是對你無法度
若愛是失控　我甘願予伊去做 輕輕等　等你慢慢講　這个暗暝敢無退 我想　看你感覺，我想　較無尷尬 這擺　無輸，我想欲予你帶落
我又閣落落去　落佇你的目睭內，想欲名愛 samurai　一面歌 一面佇咧 High~ 我又閣落去 袂會駛無事的愛 Am I in space? Ya 共你鬥陣佇遮　等待
咱就慢慢來　慢慢靠近 免趕時間　毋免假冷靜
若像 有淡薄仔忝　我想講 來　我陪你坐　燈光暗暗　音源 咧踅踅
若愛是失控　我甘願予伊去做 輕輕等　等你慢慢講　這个暗暝敢無退 我想　看你感覺，我想　較無尷尬 Everybody clap 這擺　無輸，我想欲予你帶落
我又閣落落去　落佇你的目睭內，想欲名愛 samurai　一面歌 一面佇咧 High~ 我又閣落去　袂使無事的愛 Are We in space? Ya 共你鬥陣起飛　等待
我又閣落落去　落佇你的目睭內，想欲名愛 samurai　一面歌 一面佇咧 high 我又閣落去　袂使無事的愛 某仔咧揣我？　啥！ 轉來去地球　see ya
留言（ 0 ） 最相關留言 所有留言
留言（ 0 ）",2026-09-21,,,False,False,
2026-09-26 02:39:15,realtime,folk,,,39,COLD DEW,溫泉鄉的吉他-(Live at THE WALL 2025),7,276,0,https://streetvoice.com/COLDDEW/songs/879435/,https://streetvoice.com/COLDDEW/,"https://akstatic.streetvoice.com/music_albums/CO/LD/COLDDEW/JgHB3sQsBYbRoPdaq2of2b.jpeg?x-oss-process=image/resize,m_fill,h_400,w_400,limit_0",images/879435.jpeg,@COLDDEW,音樂人,新北市,2019-04-01,2021-10-04 16:19,5,242,1,https://www.facebook.com/colddewtw,https://www.instagram.com/colddewtw/,https://www.youtube.com/channel/UC6C5yoccZQEaMzFqbv6EPDw,重返那一夜THE WALL的魔幻時刻——COLD DEW釋出《臺北人文地景》專場實況錄音|||https://blow.streetvoice.com/90217/?utm_source=streetvoice&utm_medium=profile-news-block; 2026雨山祭十週年全陣容公開，傷心欲絕、百合花、COLD DEW、That’s My Shhh等12組演出邀請樂迷重返文山|||https://blow.streetvoice.com/86335/?utm_source=streetvoice&utm_medium=profile-news-block; 拍謝少年20週年「現場處理：山盟海誓」邀debloop、EmptyORio、COLD DEW、五五身擔任嘉賓|||https://blow.streetvoice.com/85161/?utm_source=streetvoice&utm_medium=profile-news-block,,Folk,Fusion Village,https://streetvoice.com/COLDDEW/songs/album/97326083/,,,"這是沒有提供歌詞的歌曲
留言（ 0 ） 最相關留言 所有留言
留言（ 0 ）",2026-09-15,,編輯推薦,True,False,
2026-09-26 02:39:15,realtime,folk,,,40,小平,明天我們一起去散步好嗎,4,179,10,https://streetvoice.com/ping920702/songs/879742/,https://streetvoice.com/ping920702/,"https://akstatic.streetvoice.com/song_covers/pi/ng/ping920702/NCa2vkqQDYm9ak9foGyEQD.jpg?x-oss-process=image/resize,m_fill,h_400,w_400,limit_0",images/879742.jpg,@ping920702,音樂人,,,2021-07-21 17:52,2,202,31,,https://www.instagram.com/kppp02/,https://www.youtube.com/user/StreetVoiceTV,【吹對談】台灣為什麼沒有Free Jazz？薩克斯風手謝明諺 ⇋ 爵士樂評人孫秀蕙|||https://blow.streetvoice.com/82143/?utm_source=streetvoice&utm_medium=profile-news-block; Taiwan Beats年度特刊《unmute》第四期 Mong Tong談取經東南亞音樂的新作《Indies 印》|||https://blow.streetvoice.com/65561/?utm_source=streetvoice&utm_medium=profile-news-block; 【吹專訪】醒著做夢：SoulFa靈魂沙發與他們的新作《Slumber Days》|||https://blow.streetvoice.com/53901/?utm_source=streetvoice&utm_medium=profile-news-block,,Folk,,,,"- 明天或許還是沒有理想中的好 甚至某些事 讓你不期待明天 但總會有人 期待明天見到你 期待明天和你說話 和你浪費時間 - 希望大家都能在這個充滿焦慮長大的過程 給明天一些機會 給自己多一點擁抱跟勇氣 好好的 用力的 活著 呼吸著 btw 我最近感冒啦⋯⋯⋯聲音不是那麼好 錄音也錄得哩哩拉臘喇 開頭還咳嗽哈哈哈 請大家不要介意 我好久沒發歌在這隻帳號ㄌ 
- 明天或許還是沒有理想中的好 甚至某些事 讓你不期待明天 但總會有人 期待明天見到你 期待明天和你說話 和你浪費時間 - 希望大家都能在這個充滿焦慮長大的過程 給明天一些機會 給自己多一點擁抱跟勇氣 好好的 用力的 活著 呼吸著
btw 我最近感冒啦⋯⋯⋯聲音不是那麼好 錄音也錄得哩哩拉臘喇 開頭還咳嗽哈哈哈 請大家不要介意 我好久沒發歌在這隻帳號ㄌ","窗外的雲朵又慢慢遮住月光 你把所有期許都放在了遠方 當我又再次看見你失落的臉龐 我看著你又偷偷把眼淚藏好 一點 一點 一天 一天 明天 我們一起去散步好嗎 明天 我們一起去看海好嗎 明天我們一起看日落好嗎 這樣的日子 難道不好嗎 明天我們一起去散步好嗎 明天我們一起去看海好嗎 這樣的日子 如果你還不喜歡啊 那我就 陪你 一起 逃跑 花開花謝 我還在從前 那時的你 還期待明天 快樂的浪費 所有一切 
窗外的雲朵又慢慢遮住月光 你把所有期許都放在了遠方 當我又再次看見你失落的臉龐 我看著你又偷偷把眼淚藏好
一點 一點 一天 一天
明天 我們一起去散步好嗎 明天 我們一起去看海好嗎 明天我們一起看日落好嗎 這樣的日子 難道不好嗎
明天我們一起去散步好嗎 明天我們一起去看海好嗎 這樣的日子 如果你還不喜歡啊 那我就 陪你 一起 逃跑
花開花謝 我還在從前 那時的你 還期待明天 快樂的浪費 所有一切
留言（ 10 ） 最相關留言 所有留言
留言（ 10 ）",2026-09-17,,,False,False,
2026-09-26 02:39:15,realtime,folk,,,41,安眠巫師 WiFi,順流 （天氣加成版）ft.黃玠瑋 Zooey Wonder,190,27554,149,https://streetvoice.com/sleepywifizzz/songs/876157/,https://streetvoice.com/sleepywifizzz/,"https://akstatic.streetvoice.com/song_covers/sl/ee/sleepywifizzz/AYjU5Zx8r4VnpgqhRv885M.jpeg?x-oss-process=image/resize,m_fill,h_400,w_400,limit_0",images/876157.jpeg,@sleepywifizzz,音樂人,,,,1,58,,,,https://www.youtube.com/user/StreetVoiceTV,秦旭章化身安眠巫師 邀陳如山、盧律銘合作新歌〈月光假面〉|||https://blow.streetvoice.com/61042/?utm_source=streetvoice&utm_medium=profile-news-block; 守夜人團長秦旭章新身份「安眠巫師」 首支個人單曲〈我們沒救了〉MV上線|||https://blow.streetvoice.com/60361/?utm_source=streetvoice&utm_medium=profile-news-block,,Folk,,,,"歡迎追蹤巫師的IG，會有更多負負得正能量 、更多好聽的歌、有趣的事✨ IG 追蹤入口➡️ https://reurl.cc/p8YpK8 安眠巫師串流全平台➡️ https://umg.lnk.to/spwfzysl https://163cn.tv/bfQi0ElT 這次我們獨家在街聲放了最流動的原始創作✨ 有沒有一種時候， 你已經試過很多方法了。 換方向、換方法、換態度， 甚至連人生觀都重新安裝一次。 但事情還是沒有比較順。 於是某一天， 你突然想說—— 算了。 把自己關機好了 不是放棄， 只是有點累。 - 2026年 送給 突然不想再證明什麼了的自己 不強抓， 不討好， 不過度在意。 順流。 不在意。 沒關係。 — 「安眠巫師 WiFi」是守夜人 Night Keepers 團長旭章 WiFi， 所創造出來的分靈體角色。他能以反心靈雞湯語錄般的黑色幽默語氣，帶你用負能量化解負能量，另類「解惑」人生的各類疑難雜症。 安眠巫師與黃玠瑋在創作《順流》這首歌時，兩人都正處於各自生命裡的「逆流」時刻，與其寫下勵志口號，他們選擇誠實面對那些難以言說的疲憊與無力。 於是，將那些真正喘不過氣的內心話，誠實地寫進歌曲裡。 「無能為力」、「已經花光所有力氣」、「不要在意別人眼中的自己」—— 那些看似無力的念頭，在這首歌裡，被溫柔地接住。 《順流》以 Indie Pop × Dream Pop 為基底，融合 Ambient Folk 的空間感與如公路電影般的流動氛圍。編曲刻意保留大量留白，情緒內斂而緩慢推進，安眠巫師與黃玠瑋的聲線在歌曲中交錯，如同兩條逆流中的水脈，在孤獨與理解之間慢慢靠近。 這不是一首鼓勵你振作的歌， 而是一首在你累了的時候，陪你慢慢往前走的歌。 黃玠瑋形容錄音時腦海浮現的畫面，就像一部公路電影： 一條很長的道路，有人經過，有人上車，有人離開。 你不知道該不該回應，甚至有點孤單，但慢慢會發現——頻率對的人，自然會留下。 對安眠巫師而言，《順流》也是一種性格的鬆動。 允許不合時宜，允許自己的速度，也允許暫時不知道自己在做什麼。 這首歌不是要帶你去更遠的地方。 只是陪你， 把車繼續往前開。 人生如果真的卡住了， 有時候不是要重開機。 只是要先順流一下。 即使不知道明天在哪裡。 但方向， 會慢慢對上。 . 《 順流 (天氣加成版) 》  ｜安眠巫師  feat. 黃玠瑋 現在，你可以不用再用力了。 
歡迎追蹤巫師的IG，會有更多負負得正能量 、更多好聽的歌、有趣的事✨
IG 追蹤入口➡️ https://reurl.cc/p8YpK8
https://reurl.cc/p8YpK8
安眠巫師串流全平台➡️ https://umg.lnk.to/spwfzysl https://163cn.tv/bfQi0ElT
https://umg.lnk.to/spwfzysl
https://163cn.tv/bfQi0ElT
這次我們獨家在街聲放了最流動的原始創作✨
有沒有一種時候， 你已經試過很多方法了。
換方向、換方法、換態度， 甚至連人生觀都重新安裝一次。
但事情還是沒有比較順。
於是某一天， 你突然想說—— 算了。 把自己關機好了
不是放棄， 只是有點累。
-
2026年 送給 突然不想再證明什麼了的自己
不強抓， 不討好， 不過度在意。 順流。 不在意。 沒關係。 —
「安眠巫師 WiFi」是守夜人 Night Keepers 團長旭章 WiFi， 所創造出來的分靈體角色。他能以反心靈雞湯語錄般的黑色幽默語氣，帶你用負能量化解負能量，另類「解惑」人生的各類疑難雜症。
安眠巫師與黃玠瑋在創作《順流》這首歌時，兩人都正處於各自生命裡的「逆流」時刻，與其寫下勵志口號，他們選擇誠實面對那些難以言說的疲憊與無力。
於是，將那些真正喘不過氣的內心話，誠實地寫進歌曲裡。
「無能為力」、「已經花光所有力氣」、「不要在意別人眼中的自己」—— 那些看似無力的念頭，在這首歌裡，被溫柔地接住。
《順流》以 Indie Pop × Dream Pop 為基底，融合 Ambient Folk 的空間感與如公路電影般的流動氛圍。編曲刻意保留大量留白，情緒內斂而緩慢推進，安眠巫師與黃玠瑋的聲線在歌曲中交錯，如同兩條逆流中的水脈，在孤獨與理解之間慢慢靠近。
這不是一首鼓勵你振作的歌， 而是一首在你累了的時候，陪你慢慢往前走的歌。
黃玠瑋形容錄音時腦海浮現的畫面，就像一部公路電影： 一條很長的道路，有人經過，有人上車，有人離開。
你不知道該不該回應，甚至有點孤單，但慢慢會發現——頻率對的人，自然會留下。
對安眠巫師而言，《順流》也是一種性格的鬆動。 允許不合時宜，允許自己的速度，也允許暫時不知道自己在做什麼。
這首歌不是要帶你去更遠的地方。 只是陪你， 把車繼續往前開。 人生如果真的卡住了， 有時候不是要重開機。 只是要先順流一下。
即使不知道明天在哪裡。 但方向， 會慢慢對上。
.
《 順流 (天氣加成版) 》  ｜安眠巫師  feat. 黃玠瑋
現在，你可以不用再用力了。","歡迎追蹤巫師的IG，會有更多負負得正能量 、更多好聽的歌、有趣的事✨ IG 追蹤入口➡️ https://reurl.cc/p8YpK8 安眠巫師串流全平台➡️  https://umg.lnk.to/spwfzysl 、https://163cn.tv/bfQi0ElT 作詞| 黃玠瑋/ 秦旭章 作曲| 秦旭章 製作| 秦旭章/鍾承洋 訂了單程的車票 不想規劃去哪裡 維持平凡的生活 已經花光我所有的力氣 ⠀⠀ 有時我無能為力 只想躺平在家裡 我不想困在原地 不確定 ⠀⠀⠀⠀ 通往順流的頻率 深呼吸呀喘口氣 還沒發生的事情 看不透也沒關係 ⠀⠀⠀⠀ 明天在哪裡 不想去在意 我會在哪裡 我的影子在哪裡 我的笑容在哪裡 川流不息的海底 不知不覺的外空動力 ⠀⠀⠀⠀ 會不會太在意 每個人眼裡的自己 擁抱當下的每片風景 確定 ⠀⠀⠀⠀ 通往順流的頻率 深呼吸呀喘口氣 還沒發生的事情 看不透也沒關係 ⠀⠀⠀⠀ 明天在哪裡 不想去在意 我會在哪裡 時間每分每秒在流逝 只剩我還停留在這兒 每個人有自己的時區 沒關係 ⠀⠀⠀⠀ 通往順流的頻率 深呼吸呀喘口氣 還沒發生的事情 看不透也沒關係 ⠀⠀⠀⠀ 明天在哪裡 不想去在意 我會在哪裡 不想去在意 哪裡 
歡迎追蹤巫師的IG，會有更多負負得正能量 、更多好聽的歌、有趣的事✨
IG 追蹤入口➡️ https://reurl.cc/p8YpK8
安眠巫師串流全平台➡️  https://umg.lnk.to/spwfzysl 、https://163cn.tv/bfQi0ElT
作詞| 黃玠瑋/ 秦旭章 作曲| 秦旭章 製作| 秦旭章/鍾承洋
訂了單程的車票 不想規劃去哪裡 維持平凡的生活 已經花光我所有的力氣 ⠀⠀
有時我無能為力 只想躺平在家裡 我不想困在原地 不確定 ⠀⠀⠀⠀
通往順流的頻率 深呼吸呀喘口氣 還沒發生的事情 看不透也沒關係 ⠀⠀⠀⠀
明天在哪裡 不想去在意 我會在哪裡
我的影子在哪裡 我的笑容在哪裡 川流不息的海底 不知不覺的外空動力 ⠀⠀⠀⠀
會不會太在意 每個人眼裡的自己 擁抱當下的每片風景 確定 ⠀⠀⠀⠀
通往順流的頻率 深呼吸呀喘口氣 還沒發生的事情 看不透也沒關係 ⠀⠀⠀⠀
明天在哪裡 不想去在意 我會在哪裡
時間每分每秒在流逝 只剩我還停留在這兒 每個人有自己的時區 沒關係 ⠀⠀⠀⠀
通往順流的頻率 深呼吸呀喘口氣 還沒發生的事情 看不透也沒關係 ⠀⠀⠀⠀
明天在哪裡 不想去在意 我會在哪裡 不想去在意
哪裡
留言（ 149 ） 最相關留言 所有留言
留言（ 149 ）",2026-08-24,,Song of the Day; 週排行冠軍; 編輯推薦,True,True,
2026-09-26 02:39:15,realtime,folk,,,42,StreetVoice 未來進行式,2026.09.16 特別來賓：來者何人 Whoou!,4,67,1,https://streetvoice.com/svradio/songs/879538/,https://streetvoice.com/svradio/,"https://akstatic.streetvoice.com/song_covers/sv/ra/svradio/7dDqETETx9qRNjLa5GoYkV.jpeg?x-oss-process=image/resize,m_fill,h_400,w_400,limit_0",images/879538.jpeg,@svradio,Podcast,基隆市,2009-06-01,,72,343,,,,https://www.youtube.com/user/StreetVoiceTV,「StreetVoice 未來進行式」六月登陸飛碟電台 世外桃源任首集嘉賓|||https://blow.streetvoice.com/33663/?utm_source=streetvoice&utm_medium=profile-news-block; 勃發的創作量、新的收入可能：往音樂社群平台發展的StreetVoice，在2021年度報告中分享了哪些資訊？|||https://blow.streetvoice.com/58836/?utm_source=streetvoice&utm_medium=profile-news-block; 返回地球 理化兄弟 P.C.B 新單曲《PSYBERPUNKER》未來進行式搶先首播|||https://blow.streetvoice.com/21388/?utm_source=streetvoice&utm_medium=profile-news-block,,Singer / Songwriter,,,來者何人 Whoou!,"一位曾經立志台語唱跳歌手的青年遇見了一夥城市科大流行音樂系的學生，他們共同摸索出一款帶著搖滾樂團色彩的律動嘻哈，稍早交出的 Mixtape (其實就是EP)，從結冰水、傷心摩托車唱到頂樓加蓋，證明他們在胡鬧的表演風格裡有個嚴肅的社會學內在。近期他們拿下鐵玫瑰社會組冠軍，並以自身的土炮狂想拿到「本土語言流行音樂專輯製作發行」補助，明年應該會大放異彩。 本集來賓： 來者何人 Whoou!： https://streetvoice.com/sssutaii/ 節目資訊： StreetVoice未來進行式 FB： https://www.facebook.com/StreetVoiceonair/ IG： https://www.instagram.com/streetvoiceonair/ 主持人：小樹 https://www.instagram.com/chillouttree/ 出品｜街聲股份有限公司 主持｜小樹 製作｜韁河媒體工作室 Marks & 邋遢狗 剪輯｜韁河媒體工作室 Jason 社群｜黃芷萱（米雪） Podcast 聯繫信箱｜[svradio9999@gmail.com](< mailto:svradio9999@gmail.com >) *本計畫獲文化部影視及流行音樂產業局 114 年補助 
一位曾經立志台語唱跳歌手的青年遇見了一夥城市科大流行音樂系的學生，他們共同摸索出一款帶著搖滾樂團色彩的律動嘻哈，稍早交出的 Mixtape (其實就是EP)，從結冰水、傷心摩托車唱到頂樓加蓋，證明他們在胡鬧的表演風格裡有個嚴肅的社會學內在。近期他們拿下鐵玫瑰社會組冠軍，並以自身的土炮狂想拿到「本土語言流行音樂專輯製作發行」補助，明年應該會大放異彩。
本集來賓： 來者何人 Whoou!： https://streetvoice.com/sssutaii/
https://streetvoice.com/sssutaii/
節目資訊： StreetVoice未來進行式
FB： https://www.facebook.com/StreetVoiceonair/
https://www.facebook.com/StreetVoiceonair/
IG： https://www.instagram.com/streetvoiceonair/
https://www.instagram.com/streetvoiceonair/
主持人：小樹 https://www.instagram.com/chillouttree/
https://www.instagram.com/chillouttree/
出品｜街聲股份有限公司 主持｜小樹 製作｜韁河媒體工作室 Marks & 邋遢狗 剪輯｜韁河媒體工作室 Jason 社群｜黃芷萱（米雪）
Podcast 聯繫信箱｜[svradio9999@gmail.com](< mailto:svradio9999@gmail.com >)
mailto:svradio9999@gmail.com
*本計畫獲文化部影視及流行音樂產業局 114 年補助","這是沒有提供歌詞的歌曲
留言（ 1 ） 最相關留言 所有留言
留言（ 1 ）",2026-09-16,,編輯推薦,True,False,
2026-09-26 02:39:15,realtime,folk,,,43,奧薩瑪 Osama,得要快樂一點,0,8,0,https://streetvoice.com/hejiawei0909/songs/879935/,https://streetvoice.com/hejiawei0909/,"https://akstatic.streetvoice.com/song_covers/he/ji/hejiawei0909/aZYRYppGeJsmwkFArfp4pQ.jpg?x-oss-process=image/resize,m_fill,h_400,w_400,limit_0",images/879935.jpg,@hejiawei0909,音樂人,新北市,2018-09-01,,5,9,5,,,https://www.youtube.com/user/StreetVoiceTV,,,Singer / Songwriter,,,,,"看到妳 在我的夢裡不斷徘徊 看到妳 在我的回憶不斷旁白 看到妳 在我的夢裡直到崩壞 看到妳但卻又碰不到妳 假裝都不在意 雖然心碎了滿地 假裝都不在意 才能夠慢慢抽離 假裝都不在意 但還會想起曾經 假裝都不在意 假裝不在意 假裝都不在意 雖然心碎了滿地 假裝都不痛 雖然在對我扒皮 大部分能承受 我知道我能夠 到現在我能夠 懂一個人的痛 我可能不會傷心 把自己關在房裡 我可能不能夠在相信那些話語 那道理我都懂 說實話但沒用 讓我一個人走 讓我一個人痛 看到妳 在我的夢裡不斷徘徊 看到妳 在我的回憶不斷旁白 看到妳 在我的夢裡直到崩壞 看到妳但卻又碰不到妳 我得要快樂一點 怎麼可能什麼事情都要說 得要快一點 在痛苦追上快樂之前後 得要快一點 不要什麼事情都要點頭 
看到妳 在我的夢裡不斷徘徊 看到妳 在我的回憶不斷旁白 看到妳 在我的夢裡直到崩壞 看到妳但卻又碰不到妳
假裝都不在意 雖然心碎了滿地 假裝都不在意 才能夠慢慢抽離 假裝都不在意 但還會想起曾經 假裝都不在意 假裝不在意 假裝都不在意 雖然心碎了滿地 假裝都不痛 雖然在對我扒皮 大部分能承受 我知道我能夠 到現在我能夠 懂一個人的痛
我可能不會傷心 把自己關在房裡 我可能不能夠在相信那些話語 那道理我都懂 說實話但沒用 讓我一個人走 讓我一個人痛
看到妳 在我的夢裡不斷徘徊 看到妳 在我的回憶不斷旁白 看到妳 在我的夢裡直到崩壞 看到妳但卻又碰不到妳
我得要快樂一點 怎麼可能什麼事情都要說 得要快一點 在痛苦追上快樂之前後 得要快一點 不要什麼事情都要點頭
留言（ 0 ） 最相關留言 所有留言
留言（ 0 ）",2026-09-18,,,False,False,
2026-09-26 02:39:15,realtime,folk,,,44,Guo Shao Yi Mian,害怕你看穿Demo,2,42,1,https://streetvoice.com/nabeyaki_egg_noodles/songs/880202/,https://streetvoice.com/nabeyaki_egg_noodles/,"https://akstatic.streetvoice.com/song_covers/na/be/nabeyaki_egg_noodles/6MUddkMWMs7WYtpycu9y55.jpg?x-oss-process=image/resize,m_fill,h_400,w_400,limit_0",images/880202.jpg,@nabeyaki_egg_noodles,音樂人,,,2022-08-02 17:40,1,20,,,https://instagram.com/guo_shao_yi_mian,https://youtube.com/channel/UCjGjRdMDDchF3EQW92Wvisg,,,Folk,,,,"「最害怕被你看穿，卻又最渴望你看見真正的我。」 製作人 Producer：Go Shao Yi Mian 詞 Lyricist：Guo Shao Yi Mian 曲 Composer：Guo Shao Yin 
「最害怕被你看穿，卻又最渴望你看見真正的我。」
製作人 Producer：Go Shao Yi Mian 詞 Lyricist：Guo Shao Yi Mian 曲 Composer：Guo Shao Yin","我想了又想 你說的每一句話 像在嘲笑藏起來的模樣 我想了又想 那些沒說出口的話等著你 卻害怕你看穿 卑微的世界裡 我看不清我內心的證據 卻不敢向你靠近 Oh Baby 看穿了我一時的表情 Oh Baby 是你讓我做回我自己 Oh Baby 內心的恐懼曾蔓延著你的眼睛 你看見了我　最不敢承認的自己 
我想了又想 你說的每一句話 像在嘲笑藏起來的模樣
我想了又想 那些沒說出口的話等著你 卻害怕你看穿
卑微的世界裡 我看不清我內心的證據 卻不敢向你靠近
Oh Baby 看穿了我一時的表情 Oh Baby 是你讓我做回我自己 Oh Baby 內心的恐懼曾蔓延著你的眼睛 你看見了我　最不敢承認的自己
留言（ 1 ） 最相關留言 所有留言
留言（ 1 ）",2026-09-19,,,False,False,
2026-09-26 02:39:15,realtime,folk,,,45,咪咪約翰,電影票之歌 Without Our Ticket,0,40,0,https://streetvoice.com/evermissing/songs/880398/,https://streetvoice.com/evermissing/,"https://akstatic.streetvoice.com/song_covers/ev/er/evermissing/TL67DWhHzeH6bgUivn6wn6.jpeg?x-oss-process=image/resize,m_fill,h_400,w_400,limit_0",images/880398.jpeg,@evermissing,音樂人,,,,20,6,2,,,https://www.youtube.com/user/StreetVoiceTV,,,Singer / Songwriter,,,,"電影的內容相對容易被記得 當時一起看電影的人卻不一定 在老電影不斷修復、重映的文藝復興時刻 總有一些不復存於生活連結的人際關係 就像遺失的記憶和電影票，不可能再回來了 重新回味的電影卻仍是一如既往 以時代啟發的靈感，寫下這首歌 僅獻給電影，也獻給那些 實在存在過的生活片段、記憶和人。 特別感謝貢獻台詞的電影作品： 一代宗師、海角七號、藍色大門、臥虎藏龍 
電影的內容相對容易被記得 當時一起看電影的人卻不一定
在老電影不斷修復、重映的文藝復興時刻 總有一些不復存於生活連結的人際關係 就像遺失的記憶和電影票，不可能再回來了 重新回味的電影卻仍是一如既往
以時代啟發的靈感，寫下這首歌 僅獻給電影，也獻給那些 實在存在過的生活片段、記憶和人。
特別感謝貢獻台詞的電影作品： 一代宗師、海角七號、藍色大門、臥虎藏龍","手心裡的電影票 誰管我到底要或不要 為什麼自尋煩惱 反正還不是要像你一樣 遲早丟掉 一起看過的風景 至少有紀念品 一起看電影的你 臨走前會附身在哪裡 世間所有相遇都是久別重逢 留下來 或者我跟你走 還記得台詞 還記得畫面 重看卻記不得 當初身邊是誰 留下什麼我們就變成什麼樣的大人 把手握緊 裡面什麼也沒有 曲終人散前 好戲看多了 希望這一場有你陪 
手心裡的電影票 誰管我到底要或不要 為什麼自尋煩惱 反正還不是要像你一樣 遲早丟掉
一起看過的風景 至少有紀念品 一起看電影的你 臨走前會附身在哪裡
世間所有相遇都是久別重逢 留下來 或者我跟你走 還記得台詞 還記得畫面 重看卻記不得 當初身邊是誰
留下什麼我們就變成什麼樣的大人 把手握緊 裡面什麼也沒有 曲終人散前 好戲看多了 希望這一場有你陪
留言（ 0 ） 最相關留言 所有留言
留言（ 0 ）",2026-09-20,,,False,False,
2026-09-26 02:39:15,realtime,folk,,,46,Tanuki Maruina,慢慢仔踅 Around the Block,1,65,0,https://streetvoice.com/boson321/songs/880279/,https://streetvoice.com/boson321/,"https://akstatic.streetvoice.com/music_albums/bo/so/boson321/Js9E2iN5xUBdoPxEE9hGYc.jpeg?x-oss-process=image/resize,m_fill,h_400,w_400,limit_0",images/880279.jpeg,@boson321,音樂人,,,,3,1,,,,https://www.youtube.com/user/StreetVoiceTV,,,Singer / Songwriter,續 嘴,https://streetvoice.com/boson321/songs/album/97326089/,,"Just a dad, a kid, and a slow weekend. 最後幾個bars鼓組有點亂，原意圖是想呼應週末了一切收尾 一切收圓，所以想用不同的編排打出reverse倒帶的感覺，但不是真的音軌倒帶。聽感有點凌亂還請見諒。 Lyrics, keyboard, Vocal & Mastering: Tanuki 
Just a dad, a kid, and a slow weekend.
最後幾個bars鼓組有點亂，原意圖是想呼應週末了一切收尾 一切收圓，所以想用不同的編排打出reverse倒帶的感覺，但不是真的音軌倒帶。聽感有點凌亂還請見諒。
Lyrics, keyboard, Vocal & Mastering: Tanuki","慢慢仔踅 窗仔門開一半 亭仔跤的影 行過你的手 西照日 曝規條街 你笑，無代無誌 規條歌就寫好矣 慢慢仔踅 免著急 我若佇咧 你就免驚 拜五暗，載你去 拜五暗，配泡麵 拜五暗，干焦你 (只有你) 拜五暗，無地去 一巷過一巷 日頭落港 西瓜🍉哪仔沙沙 兩个人攏無伸手 阮哪仔咧流汗 佇你的手 仝一條路 今仔日真翕 （悶） 慢慢仔踅 免著急 閣一个彎 就欲暗時 拜六暗，載你去 拜六暗，河邊味 拜六暗，干焦你 (只有你) 拜六暗，無地去 慢慢仔踅 放伊去 開燈矣 咱哪攏無定著(沒安排) 咱共這个下晡 曝予乾 無欠啥物 攏足歡喜 禮拜暗，載你去 禮拜暗，無電視 禮拜暗，雨未停 禮拜暗，無地去 慢慢仔踅 頭鬃哪會亂落落去 我哪會按呢生 
慢慢仔踅 窗仔門開一半 亭仔跤的影 行過你的手
西照日 曝規條街 你笑，無代無誌 規條歌就寫好矣
慢慢仔踅 免著急 我若佇咧 你就免驚
拜五暗，載你去 拜五暗，配泡麵 拜五暗，干焦你 (只有你) 拜五暗，無地去
一巷過一巷 日頭落港 西瓜🍉哪仔沙沙 兩个人攏無伸手
阮哪仔咧流汗 佇你的手 仝一條路 今仔日真翕 （悶）
慢慢仔踅 免著急 閣一个彎 就欲暗時
拜六暗，載你去 拜六暗，河邊味 拜六暗，干焦你 (只有你) 拜六暗，無地去
慢慢仔踅 放伊去 開燈矣 咱哪攏無定著(沒安排)
咱共這个下晡 曝予乾 無欠啥物 攏足歡喜
禮拜暗，載你去 禮拜暗，無電視 禮拜暗，雨未停 禮拜暗，無地去
慢慢仔踅 頭鬃哪會亂落落去 我哪會按呢生
留言（ 0 ） 最相關留言 所有留言
留言（ 0 ）",2026-09-20,,,False,False,
2026-09-26 02:39:15,realtime,folk,,,47,Tanuki Maruina,借 光,0,26,0,https://streetvoice.com/boson321/songs/879869/,https://streetvoice.com/boson321/,"https://akstatic.streetvoice.com/song_covers/bo/so/boson321/WTWbqeTyoF4J83Lx9WXVGA.jpeg?x-oss-process=image/resize,m_fill,h_400,w_400,limit_0",images/879869.jpeg,@boson321,音樂人,,,,3,1,,,,https://www.youtube.com/user/StreetVoiceTV,,,Singer / Songwriter,續 嘴,https://streetvoice.com/boson321/songs/album/97326089/,,"A Tanuki Song Keyboard / Percussion: Benson Ng Everything else & Mastering: Tanuki Maruina 一直想用台語，優雅而隱晦地，寫一段刻骨銘心的愛。 看不見的傷最痛，錯過的愛最悵然。 即使人生已迎向新的開始，路過那個因為顧面子而沒說出口的路口，心裡還是會輕輕晃一下。到最後，只剩一句祝福：願你往後一切都好。 每個人心裡都有一段錯過的愛。願這首歌，能安撫那些沒有人看見的內傷。 
A Tanuki Song Keyboard / Percussion: Benson Ng Everything else & Mastering: Tanuki Maruina
一直想用台語，優雅而隱晦地，寫一段刻骨銘心的愛。 看不見的傷最痛，錯過的愛最悵然。 即使人生已迎向新的開始，路過那個因為顧面子而沒說出口的路口，心裡還是會輕輕晃一下。到最後，只剩一句祝福：願你往後一切都好。 每個人心裡都有一段錯過的愛。願這首歌，能安撫那些沒有人看見的內傷。","Buenas noches, Taiwán. Aquí Tanuki. 燈塔袂記得我是船，攏刻著你的名 紅牌是借的稱呼，光嘛是借的燈 拚性命演一齣戲，煞了才知一場空 窗外彼影是我，毋是電火的形 胸坎彼粒火，煏賰死殕的戲 逐擺閃光是別人的日頭，我猶咧揣你的身影 這杯是舞台借的酒，落台後名退了才是我 情海是虛，我毋敢去 心底彼條路，踅去你遐 乾杯予這齣 Crazy 的戲，觀眾若無你 自由毋是一雙翅，是你放我手內的溫柔 雨落台南，是你留的印，洗袂清彼是你的形 異鄉的暝，夢是別人的戲，我扮做，想欲轉去你身邊　無理やり (音同：無你也你，無論如何都要你之意) 歌聲佮燈光之間，我猶佇遐 你的心，是一句話　有去無回 媠衫是借的，續攤是空的殼 你講飛較懸，煞看你愈生份 巷仔口猶佇遮，跤步已無仝 石牌的雨，落佇無你的暗路 名聲是別人糖柑，甜袂過你無講的話 人生攏是戲台，無你，膨肚水雞　我規氣來去 光內毋驚，是我騙家己的戲 上暗的路，是心肝內彼位 若閣有一擺行到你舞台邊 我甘願靜靜，恬恬看掌聲的你 若閣有一世人，毋做別人的光，做你的暝 燈無閃爍，才看有天的星 城市暗矣，光留予別人拍戲 我猶咧踅，踅無出口 我等你，佇中山北路頭，美國學校邊 我願做你舞台的燈，為你留一條路 
Buenas noches, Taiwán. Aquí Tanuki.
燈塔袂記得我是船，攏刻著你的名 紅牌是借的稱呼，光嘛是借的燈 拚性命演一齣戲，煞了才知一場空 窗外彼影是我，毋是電火的形 胸坎彼粒火，煏賰死殕的戲 逐擺閃光是別人的日頭，我猶咧揣你的身影
這杯是舞台借的酒，落台後名退了才是我 情海是虛，我毋敢去 心底彼條路，踅去你遐
乾杯予這齣 Crazy 的戲，觀眾若無你 自由毋是一雙翅，是你放我手內的溫柔 雨落台南，是你留的印，洗袂清彼是你的形 異鄉的暝，夢是別人的戲，我扮做，想欲轉去你身邊　無理やり (音同：無你也你，無論如何都要你之意)
歌聲佮燈光之間，我猶佇遐 你的心，是一句話　有去無回
媠衫是借的，續攤是空的殼 你講飛較懸，煞看你愈生份 巷仔口猶佇遮，跤步已無仝 石牌的雨，落佇無你的暗路 名聲是別人糖柑，甜袂過你無講的話 人生攏是戲台，無你，膨肚水雞　我規氣來去
光內毋驚，是我騙家己的戲 上暗的路，是心肝內彼位 若閣有一擺行到你舞台邊 我甘願靜靜，恬恬看掌聲的你
若閣有一世人，毋做別人的光，做你的暝 燈無閃爍，才看有天的星
城市暗矣，光留予別人拍戲 我猶咧踅，踅無出口 我等你，佇中山北路頭，美國學校邊 我願做你舞台的燈，為你留一條路
留言（ 0 ） 最相關留言 所有留言
留言（ 0 ）",2026-09-17,,,False,False,
2026-09-26 02:39:15,realtime,folk,,,48,Emma Woods 艾瑪的森林,一二一 One Two One,1,21,0,https://streetvoice.com/EmmaWoods/songs/880065/,https://streetvoice.com/EmmaWoods/,"https://akstatic.streetvoice.com/music_albums/Em/ma/EmmaWoods/CpktWVcyhk8X9dhMgXWoon.jpeg?x-oss-process=image/resize,m_fill,h_400,w_400,limit_0",images/880065.jpeg,@EmmaWoods,音樂人,法國,2023-06-01,,28,1,1,,,https://www.youtube.com/user/StreetVoiceTV,,,Singer / Songwriter,恐怖故事(二) Horror Stories (Chapter 2),https://streetvoice.com/EmmaWoods/songs/album/97326095/,,,"這是一個沒人喜歡的季節 就像沒人喜歡集結 所有人都整齊排列 在烈日下的滾落的汗水 流淌的是屈服的卑微 沒有人喊疼沒有人落淚 一二一 一二一 向前走 昂首挺胸 一二三四 一二三四 同志們辛苦了 一二一 一二一 向右看 稍息立正 一二三四 一二三四 為人民服務 直到有人在靜止中暈倒 沒有人上前選擇報告 默默地將他劃掉 這是每個人無奈的青春 所有人都沒什麼疑問 沒有人選擇犧牲 一二一 一二一 向左轉 向右轉 一二三四 一二三四 同志們辛苦了 一二一 一二一 齊步走 像一條線 一二三四 一二三四 團結就是力量 
這是一個沒人喜歡的季節 就像沒人喜歡集結 所有人都整齊排列
在烈日下的滾落的汗水 流淌的是屈服的卑微 沒有人喊疼沒有人落淚
一二一 一二一 向前走 昂首挺胸 一二三四 一二三四 同志們辛苦了 一二一 一二一 向右看 稍息立正 一二三四 一二三四 為人民服務
直到有人在靜止中暈倒 沒有人上前選擇報告 默默地將他劃掉
這是每個人無奈的青春 所有人都沒什麼疑問 沒有人選擇犧牲
一二一 一二一 向左轉 向右轉 一二三四 一二三四 同志們辛苦了
一二一 一二一 齊步走 像一條線 一二三四 一二三四 團結就是力量
留言（ 0 ） 最相關留言 所有留言
留言（ 0 ）",2026-09-18,,,False,False,
2026-09-26 02:39:15,realtime,folk,,,49,Emma Woods 艾瑪的森林,黃土下的笑臉 Smiles Lost in the Yellow Earth,2,31,0,https://streetvoice.com/EmmaWoods/songs/880063/,https://streetvoice.com/EmmaWoods/,"https://akstatic.streetvoice.com/music_albums/Em/ma/EmmaWoods/CpktWVcyhk8X9dhMgXWoon.jpeg?x-oss-process=image/resize,m_fill,h_400,w_400,limit_0",images/880063.jpeg,@EmmaWoods,音樂人,法國,2023-06-01,,28,1,1,,,https://www.youtube.com/user/StreetVoiceTV,,,Folk,恐怖故事(二) Horror Stories (Chapter 2),https://streetvoice.com/EmmaWoods/songs/album/97326095/,,,"當孩子們的笑臉全都變成了大人們哭泣的臉 哪裡是我的路 當陽光灑在廣袤的黃土地那本該是我們的家園 此刻已是廢墟 我的未來 在哪裡等著我 我的故事停止了嗎 當我們已不能快樂奔跑平時的生活也變得稀少 何時才能回歸 當大家都把我們談論然後隨著時間漸漸遺忘 就這樣消失 你們還好嗎 我在這為你唱著 心中的怨與恨 遠處的火燒盡看不見的霾 遮住了人們的視線 荒蕪的村莊掩埋人們的淚 就這樣消磨殆盡 當孩子們的笑臉全都變成了大人們哭泣的臉 哪裡是我的路 
當孩子們的笑臉全都變成了大人們哭泣的臉 哪裡是我的路
當陽光灑在廣袤的黃土地那本該是我們的家園 此刻已是廢墟
我的未來 在哪裡等著我 我的故事停止了嗎
當我們已不能快樂奔跑平時的生活也變得稀少 何時才能回歸
當大家都把我們談論然後隨著時間漸漸遺忘 就這樣消失
你們還好嗎 我在這為你唱著 心中的怨與恨
遠處的火燒盡看不見的霾 遮住了人們的視線 荒蕪的村莊掩埋人們的淚 就這樣消磨殆盡
當孩子們的笑臉全都變成了大人們哭泣的臉 哪裡是我的路
留言（ 0 ） 最相關留言 所有留言
留言（ 0 ）",2026-09-18,,,False,False,
2026-09-26 02:39:15,realtime,folk,,,50,鄭方型,線索,9,645,0,https://streetvoice.com/Sret/songs/878933/,https://streetvoice.com/Sret/,"https://akstatic.streetvoice.com/song_covers/Sr/et/Sret/U4UibU3a5aRFbLPWksESLW.jpg?x-oss-process=image/resize,m_fill,h_400,w_400,limit_0",images/878933.jpg,@Sret,音樂人,,,,4,15,4,,,https://www.youtube.com/user/StreetVoiceTV,北流「Open Lab人才培育計畫」五週年成果亮眼 媒合紙鳶登泰國音樂節|||https://blow.streetvoice.com/88857/?utm_source=streetvoice&utm_medium=profile-news-block,,Singer / Songwriter,,,,"這份愛的節奏 這首歌的溫柔 是我留給你的 《線索》 
這份愛的節奏 這首歌的溫柔 是我留給你的 《線索》","綠色的山藍色的海 金色陽光擁我入懷 風吹過來帶走了慵懶 時間他停在剛好的恬淡 風吹過來帶走了慵懶 時間他停在剛好的 恬淡 風吹過來 呼喚 像是你在 呼喚 想要你 明白 沒有你的 未來 沒有勇氣面對 困難 想要帶你到宇宙 過兩個人的生活 想要你笑容 映入所有的夢 這份愛的節奏 這首歌的溫柔 是我留給你的 線索 你走過來帶走了我的溺愛 時間他停在每一秒的喜歡 海浪拍岸像是你呼喚 我閉上眼睛空氣都 浪漫 我在每個夜晚 重播我們片段 時間越轉越慢 浪漫 記憶越來越滿 卻越來越喜歡 怎麼辦 想要帶你到宇宙 過兩個人的生活 想要你的笑容 永遠屬於我 這份愛的節奏 這首歌的溫柔 是我留給你的 線索 
綠色的山藍色的海 金色陽光擁我入懷
風吹過來帶走了慵懶 時間他停在剛好的恬淡
風吹過來帶走了慵懶 時間他停在剛好的 恬淡
風吹過來 呼喚 像是你在 呼喚 想要你 明白 沒有你的 未來 沒有勇氣面對 困難
想要帶你到宇宙 過兩個人的生活 想要你笑容 映入所有的夢 這份愛的節奏 這首歌的溫柔 是我留給你的 線索
你走過來帶走了我的溺愛 時間他停在每一秒的喜歡
海浪拍岸像是你呼喚 我閉上眼睛空氣都 浪漫
我在每個夜晚 重播我們片段 時間越轉越慢 浪漫 記憶越來越滿 卻越來越喜歡 怎麼辦
想要帶你到宇宙 過兩個人的生活 想要你的笑容 永遠屬於我 這份愛的節奏 這首歌的溫柔 是我留給你的 線索
留言（ 0 ） 最相關留言 所有留言
留言（ 0 ）",2026-09-11,,編輯推薦,True,False,
