snapshot_time,chart_timeframe,chart_genre,chart_year,chart_week,rank,artist_name,song_title,likes_count,play_count,comments_count,song_url,artist_url,cover_image_url,cover_image_local_path,artist_handle,artist_identity,artist_city,artist_joined_date,artist_accredited_datetime,artist_music_count,artist_fans_count,artist_following_count,artist_facebook_url,artist_instagram_url,artist_youtube_url,related_news,big_thing_appearances,genre,album_title,album_url,collaborators,description,lyrics,release_date,song_accredited_datetime,honors,is_editor_recommended,is_song_of_the_day,critic_review_url
2026-09-30 16:35:55,realtime,hip_hop,,,1,林潔心,To-Do List ft.呂允,47,1605,5,https://streetvoice.com/ddkogi/songs/879050/,https://streetvoice.com/ddkogi/,"https://akstatic.streetvoice.com/song_covers/dd/ko/ddkogi/BBGU3tP3HxbTkdxJHk54vK.jpg?x-oss-process=image/resize,m_fill,h_400,w_400,limit_0",images/879050.jpg,@ddkogi,音樂人,新北市,2023-08-01,2023-09-12 13:59,17,3597,13,,https://instagram.com/ddkogi88,https://www.youtube.com/user/StreetVoiceTV,林潔心推出第二張專輯《永恆少年少女》邀呂允合作主打歌〈To-Do List〉|||https://blow.streetvoice.com/89877/?utm_source=streetvoice&utm_medium=profile-news-block; 2025萬華大鬧熱11/29登場！一次集結李英宏、someshiit山姆、林潔心等17組饒舌歌手|||https://blow.streetvoice.com/84565/?utm_source=streetvoice&utm_medium=profile-news-block; 2025 Park Park Carnival首日回顧：林潔心豔陽下帶動「全民喝水運動」、芒果醬參演四年首登主舞台！|||https://blow.streetvoice.com/82722/?utm_source=streetvoice&utm_medium=profile-news-block,,Hip hop / Rap,,,,"「雖然還沒做到，但我一定可以！」To-Do list 不只是提醒，也是一種願意相信的能力。 足夠重要的事才會被寫下，在易忘瑣事的日常中反覆被想起，被確認，被執行。就像迷路時需要導航，茫然時需要燈塔，忘記如何愛的時候，就將此曲反覆播放，重新找回承接脆弱的力量。 這首甜蜜戀曲偽裝成男女對唱，其實是潔心寫給自己的情歌。歌詞所描述的待辦事項便是如何「愛自己」，因為很難，才更需要反覆提醒，不斷練習，每一個不完美的「你」都值得被愛，被珍惜，被好好善待。 過去他總在快要墜落時，感受到來自家人朋友、聽眾夥伴的愛，那些曾穩穩接住他的溫柔，如雨水流經乾涸，如光線穿過裂縫。 承接終將長出回應，潔心希望自己能像一面鏡子，把收到的光輕輕折返，繼續照亮下一個人，於是他把信念寫成習慣，用 To-Do list 召喚未來的自己，一再重複的歌詞就像那條反覆走過才會出現的小路，在日復一日的生活裡，期待每一次唱起，都離心中的模樣再近一些。 
「雖然還沒做到，但我一定可以！」To-Do list 不只是提醒，也是一種願意相信的能力。 足夠重要的事才會被寫下，在易忘瑣事的日常中反覆被想起，被確認，被執行。就像迷路時需要導航，茫然時需要燈塔，忘記如何愛的時候，就將此曲反覆播放，重新找回承接脆弱的力量。 這首甜蜜戀曲偽裝成男女對唱，其實是潔心寫給自己的情歌。歌詞所描述的待辦事項便是如何「愛自己」，因為很難，才更需要反覆提醒，不斷練習，每一個不完美的「你」都值得被愛，被珍惜，被好好善待。 過去他總在快要墜落時，感受到來自家人朋友、聽眾夥伴的愛，那些曾穩穩接住他的溫柔，如雨水流經乾涸，如光線穿過裂縫。 承接終將長出回應，潔心希望自己能像一面鏡子，把收到的光輕輕折返，繼續照亮下一個人，於是他把信念寫成習慣，用 To-Do list 召喚未來的自己，一再重複的歌詞就像那條反覆走過才會出現的小路，在日復一日的生活裡，期待每一次唱起，都離心中的模樣再近一些。","作詞 林潔心 ddkogi88、呂允 作曲 林潔心 ddkogi88 You 一本  反覆閱都 讀不膩的書 一不小心 被你迷得 一塌糊塗 不懂你時而氣餒中的悲喜 決定把愛你的話重複提及 (Love you for a thousand years , you're still here) 只要你願意 讓我參與你的生活 每天的to do list 是你音樂還有工作 儘管不時會 氣中帶不講理 那全都不要緊 浪漫不用搞剛牽著手一起揮霍 生活這long way扛肩一天一點磨 to do list 因為有你 我變得更加自律的生活 不介意 清單為你 騰出空位 坦然踏實的過 (時間在走 心越要穩重 就take it slowwww) 把愛刻寫在每日清單和心上 華麗辭藻都無以形容的美妙 不必做效果 胭脂 西裝 都丟掉 重複播放favorite song 儘管路漫長 以愛為信的宣告 我扛在肩上 以家為名的proud of 我每天記牢 You're on top of my list You're on top of my list 重複播放favorite song 儘管路漫長 為難的要求 可能會去做 愛常沖昏頭 理智在駐守 頭過身就過 思索對與錯 是你帶我逃出了亂流 迫降後的to do list 123456789 12 是你讓我別著急 愛你像愛自己不和人比較 允許悲傷與喜共存事難料 時而牽住自己時而去燃燒 溫柔/剛強的面都是我自傲 溫柔/剛強的面都是我自傲 不用再裝作我什麼都知道 愛情絕非一昧委屈的討好 愛情絕非一昧委屈地討好 破曉時分裡愛存在周圍繞 to do list 因為有你 我變得 更加自律的生活 不介意 清單為你 騰出空位 坦然踏實的過 (時間在走 心越要穩重 就take it slowwww) 把愛刻寫在每日清單 和心上 華麗辭藻都無以形容 的美妙 不必做效果 胭脂 西裝 都丟掉 重複播放favorite song 儘管路漫長 以愛為信的宣告 我扛在肩上 以家為名的proud of 我每天記牢 You're on top of my list You're on top of my list 重複播放favorite song 儘管路漫長 
作詞 林潔心 ddkogi88、呂允 作曲 林潔心 ddkogi88
You 一本  反覆閱都 讀不膩的書 一不小心 被你迷得 一塌糊塗
不懂你時而氣餒中的悲喜 決定把愛你的話重複提及 (Love you for a thousand years , you're still here)
只要你願意 讓我參與你的生活 每天的to do list 是你音樂還有工作 儘管不時會 氣中帶不講理 那全都不要緊 浪漫不用搞剛牽著手一起揮霍 生活這long way扛肩一天一點磨
to do list 因為有你 我變得更加自律的生活 不介意 清單為你 騰出空位 坦然踏實的過 (時間在走 心越要穩重 就take it slowwww)
把愛刻寫在每日清單和心上 華麗辭藻都無以形容的美妙 不必做效果 胭脂 西裝 都丟掉 重複播放favorite song 儘管路漫長 以愛為信的宣告 我扛在肩上 以家為名的proud of 我每天記牢 You're on top of my list You're on top of my list 重複播放favorite song 儘管路漫長
為難的要求 可能會去做 愛常沖昏頭 理智在駐守 頭過身就過 思索對與錯 是你帶我逃出了亂流 迫降後的to do list 123456789 12 是你讓我別著急 愛你像愛自己不和人比較 允許悲傷與喜共存事難料 時而牽住自己時而去燃燒 溫柔/剛強的面都是我自傲
溫柔/剛強的面都是我自傲 不用再裝作我什麼都知道 愛情絕非一昧委屈的討好
愛情絕非一昧委屈地討好 破曉時分裡愛存在周圍繞
to do list 因為有你 我變得 更加自律的生活 不介意 清單為你 騰出空位 坦然踏實的過 (時間在走 心越要穩重 就take it slowwww)
把愛刻寫在每日清單 和心上 華麗辭藻都無以形容 的美妙 不必做效果 胭脂 西裝 都丟掉 重複播放favorite song 儘管路漫長 以愛為信的宣告 我扛在肩上 以家為名的proud of 我每天記牢 You're on top of my list You're on top of my list 重複播放favorite song 儘管路漫長
留言（ 5 ） 最相關留言 所有留言
留言（ 5 ）",2026-09-23,,編輯推薦,True,False,
2026-09-30 16:35:55,realtime,hip_hop,,,2,Lil BANG,918 freestyle,8,459,0,https://streetvoice.com/lilbang/songs/881478/,https://streetvoice.com/lilbang/,"https://akstatic.streetvoice.com/song_covers/li/lb/lilbang/8kc3avsvCnKyA3ujZwRff6.jpg?x-oss-process=image/resize,m_fill,h_400,w_400,limit_0",images/881478.jpg,@lilbang,音樂人,,,,3,8,9,,,https://www.youtube.com/user/StreetVoiceTV,【金曲37】2026年第37屆金曲獎得獎名單|||https://blow.streetvoice.com/88509/?utm_source=streetvoice&utm_medium=profile-news-block; 【金曲37】第37屆金曲獎入圍名單公布 陳嫺靜、Gummy B入圍最佳歌手獎|||https://blow.streetvoice.com/87754/?utm_source=streetvoice&utm_medium=profile-news-block,,Hip hop / Rap,,,1asy,"編曲 Arranger｜xcrxsses,Lil BANG 混音 Mixing｜Lil BANG 詞 Lyrics ｜Lil BANG,1asy 錄音Recording｜Lil BANG,1asy 自主學習課作業 希望畢得了業這樣才能用到 · 叫918 freestyle是因為9/18做的 詞都是free出來的 大概20分鐘吧 ． Yes and yo 是某個憨仔的名字諧音 
編曲 Arranger｜xcrxsses,Lil BANG 混音 Mixing｜Lil BANG 詞 Lyrics ｜Lil BANG,1asy 錄音Recording｜Lil BANG,1asy
自主學習課作業 希望畢得了業這樣才能用到 · 叫918 freestyle是因為9/18做的 詞都是free出來的 大概20分鐘吧 ． Yes and yo 是某個憨仔的名字諧音","(Lady what you gonna do) (September eighteenth gonna do) 快點離開廢墟這我地盤你不是例外 什麼都別想最後一頓他媽請你吃稀飯 點到了是時候該洗牌 人頭正字記號畫幾排 比不過叫你媽媽來 那我會掉兩枚紙板 Dont gonna lie 說不清楚 那些身分 太多金主 太多煩惱別再討好 小妹他說很命苦 要我幫忙做個業績 打個戰績 這週末又搭上班機 爸媽笑嘻嘻 嘴巴緊從不洩漏天機 我太強直接一步到位兩步到ㄈㄟˋ 三步上籃 四步才想到小妹好像還沒醉 幸好三杯醉 我也不用慌 當得分後衛 也不用裝 過來 show some mistake 哥哥的實力 請自行體會 哎呀 不用說那些廢話 愛就愛不愛滾蛋 回家睡覺 上學 遲到 放學 宮廟 這些都是妳愛做的 孟寶愛葳寶 他小到只能用奶嘴尻 出場就知道誰屌 因為拎北的牌最好 不用該該叫 論爽度隔壁奶奶最騷 老子就在你面前diss you now hear me shout Yes and yo  Yes and yo 你媽不生腦子給你因為你沒點用 Yes and yo  Yes and yo 沒有建模沒有優點你只配是舔狗 來到一片風水寶地 我苗栗竹南來自全台的兄弟都被召集 可是0個人會罩你 再裝逼小心我們讓你變男生中最騷滴 今天918 要不帶你去就醫吧 可是沒有醫生能救得了你的臭雞巴 長得抱歉破事又一堆不是我要攻擊他 不服憋著敢放一個屁我直接肘擊他 
(Lady what you gonna do) (September eighteenth gonna do)
快點離開廢墟這我地盤你不是例外 什麼都別想最後一頓他媽請你吃稀飯 點到了是時候該洗牌 人頭正字記號畫幾排 比不過叫你媽媽來 那我會掉兩枚紙板 Dont gonna lie 說不清楚 那些身分 太多金主 太多煩惱別再討好 小妹他說很命苦 要我幫忙做個業績 打個戰績 這週末又搭上班機 爸媽笑嘻嘻 嘴巴緊從不洩漏天機 我太強直接一步到位兩步到ㄈㄟˋ 三步上籃 四步才想到小妹好像還沒醉 幸好三杯醉 我也不用慌 當得分後衛 也不用裝 過來 show some mistake 哥哥的實力 請自行體會 哎呀 不用說那些廢話 愛就愛不愛滾蛋 回家睡覺 上學 遲到 放學 宮廟 這些都是妳愛做的
孟寶愛葳寶 他小到只能用奶嘴尻 出場就知道誰屌 因為拎北的牌最好 不用該該叫 論爽度隔壁奶奶最騷 老子就在你面前diss you now hear me shout Yes and yo  Yes and yo 你媽不生腦子給你因為你沒點用 Yes and yo  Yes and yo 沒有建模沒有優點你只配是舔狗 來到一片風水寶地 我苗栗竹南來自全台的兄弟都被召集 可是0個人會罩你 再裝逼小心我們讓你變男生中最騷滴 今天918 要不帶你去就醫吧 可是沒有醫生能救得了你的臭雞巴 長得抱歉破事又一堆不是我要攻擊他 不服憋著敢放一個屁我直接肘擊他
留言（ 0 ） 最相關留言 所有留言
留言（ 0 ）",2026-09-28,,,False,False,
2026-09-30 16:35:55,realtime,hip_hop,,,3,高偉勛 Shan Hay,3.&#x27;ali 兄弟 ft.跪父樂團,4,72,0,https://streetvoice.com/p233211/songs/881725/,https://streetvoice.com/p233211/,"https://akstatic.streetvoice.com/song_covers/p2/33/p233211/jAQpwrFGKt2N3rijtoHtw3.jpeg?x-oss-process=image/resize,m_fill,h_400,w_400,limit_0",images/881725.jpeg,@p233211,音樂人,台東縣,2008-11-01,,5,193,15,,,https://www.youtube.com/user/StreetVoiceTV,創作，是與家鄉連結的窗口－阿修＆高偉勛專訪|||https://blow.streetvoice.com/20203/?utm_source=streetvoice&utm_medium=profile-news-block; 臺灣原創流行音樂大賽首獎得主開唱 黃連煜、荒山亮、王宏恩任導師助陣加持|||https://blow.streetvoice.com/25093/?utm_source=streetvoice&utm_medium=profile-news-block; 新光三越不插電歷屆決賽入圍者近況蒐羅 自選代表作歌單伴你度過夏日午後|||https://blow.streetvoice.com/21488/?utm_source=streetvoice&utm_medium=profile-news-block,,Hip hop / Rap,《YOU GOOD?!》,https://streetvoice.com/p233211/songs/album/97326155/,阿蘭 AC,"‘ali犯錯，一起受罰。 ‘ali成功，一起享受。 或許有一天，我們會各自到其他的地方生活 但火的教育，巴拉冠的戒訓 無論到哪裡，都會跟著我們。 箴言 17:17 
‘ali犯錯，一起受罰。 ‘ali成功，一起享受。 或許有一天，我們會各自到其他的地方生活 但火的教育，巴拉冠的戒訓 無論到哪裡，都會跟著我們。
箴言 17:17","I got your back ! ‘ali！ 我永遠罩你，兄弟！ No matter where I am！ 不論我身在何處！ I got your back ! ‘ali！ 我永遠罩你，兄弟！ No matter where I am！ 不論我身在何處！ I got your back ! ‘ali！ 我永遠罩你，兄弟！ I got your back ! ‘ali！ 我永遠罩你，兄弟！ dinapalran i makalusu kana vulan mikuwang ta 月光下的腳印，我們拿著獵槍 tinu maca u,tinu calinga ku 你當眼睛我當耳朵 kadu u i nganguwayan kadu ku i likudan 你在前面我在後頭 marelrang ta pu’acar 我們一起分享 marelrang ta ‘imiway 我們一起挨餓 alra mareali 因為我們是兄弟 marelrang ta kisavung 一起被懲罰 kakuwayan i palakuwan i ni 這是巴拉冠的教育 I got your back ! ‘ali！ 我永遠罩你，兄弟！ No matter where I am！ 不論我身在何處！ I got your back ! ‘ali！ 我永遠罩你，兄弟！ No matter where I am！ 不論我身在何處！ I got your back ! ‘ali！ 我永遠罩你，兄弟！ I got your back ! ‘ali！ 我永遠罩你，兄弟！ I got you back,nu mi pamelriyan lra mu kakuda I got you back,犯錯沒關係 I got you back,marepakuwa ta,mareka inava ta I got you back,我們較勁，我們合好 nu kadaidan lra ma’idang ta lra 有一天都長大 mukuwa ta muvare sa i dawilr 都到外面去打拼了 Keeping the fire alive is our promise 不讓火熄滅是我們的承諾 Protecting the village is our promise 保護村莊是我們的承諾 To be a role model is our promise 做一個好榜樣是我們的承諾 We know it’s all about promise 是我們的承諾 Guiding our younger brothers is our promise 教育我們的弟弟是我們的承諾 Passing down the wisdom is our promise 傳承智慧是我們的承諾 Never leaving you behind is our promise 不撇下你是我們的承諾 When you fall, I’ll hold you up and pray y’all be blessed 當你失敗我會撐住你為你禱告 adi ta ma’avut da apuy 火不能熄 ma u nanta kinuredan 就是我們的承諾 nu kadu ku lra i iyan mu,marewadi ta patali a wac 不論我在哪，是一輩子的兄弟 Listen,alra ka adu mi diya聽好， 因為我們都在 I got your back ! ‘ali！ 我永遠罩你，兄弟！ No matter where I am！ 不論我身在何處！ 
I got your back ! ‘ali！ 我永遠罩你，兄弟！ No matter where I am！ 不論我身在何處！ I got your back ! ‘ali！ 我永遠罩你，兄弟！ No matter where I am！ 不論我身在何處！ I got your back ! ‘ali！ 我永遠罩你，兄弟！ I got your back ! ‘ali！ 我永遠罩你，兄弟！
dinapalran i makalusu kana vulan mikuwang ta 月光下的腳印，我們拿著獵槍 tinu maca u,tinu calinga ku 你當眼睛我當耳朵 kadu u i nganguwayan kadu ku i likudan 你在前面我在後頭
marelrang ta pu’acar 我們一起分享 marelrang ta ‘imiway 我們一起挨餓 alra mareali 因為我們是兄弟 marelrang ta kisavung 一起被懲罰 kakuwayan i palakuwan i ni 這是巴拉冠的教育
I got your back ! ‘ali！ 我永遠罩你，兄弟！ No matter where I am！ 不論我身在何處！ I got your back ! ‘ali！ 我永遠罩你，兄弟！ No matter where I am！ 不論我身在何處！ I got your back ! ‘ali！ 我永遠罩你，兄弟！ I got your back ! ‘ali！ 我永遠罩你，兄弟！
I got you back,nu mi pamelriyan lra mu kakuda I got you back,犯錯沒關係 I got you back,marepakuwa ta,mareka inava ta I got you back,我們較勁，我們合好
nu kadaidan lra ma’idang ta lra 有一天都長大 mukuwa ta muvare sa i dawilr 都到外面去打拼了
Keeping the fire alive is our promise 不讓火熄滅是我們的承諾 Protecting the village is our promise 保護村莊是我們的承諾 To be a role model is our promise 做一個好榜樣是我們的承諾 We know it’s all about promise 是我們的承諾 Guiding our younger brothers is our promise 教育我們的弟弟是我們的承諾 Passing down the wisdom is our promise 傳承智慧是我們的承諾 Never leaving you behind is our promise 不撇下你是我們的承諾 When you fall, I’ll hold you up and pray y’all be blessed 當你失敗我會撐住你為你禱告
adi ta ma’avut da apuy 火不能熄 ma u nanta kinuredan 就是我們的承諾 nu kadu ku lra i iyan mu,marewadi ta patali a wac 不論我在哪，是一輩子的兄弟 Listen,alra ka adu mi diya聽好， 因為我們都在
I got your back ! ‘ali！ 我永遠罩你，兄弟！ No matter where I am！ 不論我身在何處！
留言（ 0 ） 最相關留言 所有留言
留言（ 0 ）",2026-09-29,,編輯推薦,True,False,
2026-09-30 16:35:55,realtime,hip_hop,,,4,Sxkura,fadedflower（退去的愛）,2,151,0,https://streetvoice.com/xxxxxx1002/songs/881598/,https://streetvoice.com/xxxxxx1002/,"https://akstatic.streetvoice.com/song_covers/xx/xx/xxxxxx1002/kDsFrWFcQ3qAxvJN8u438Z.jpg?x-oss-process=image/resize,m_fill,h_400,w_400,limit_0",images/881598.jpg,@xxxxxx1002,音樂人,,,,2,8,8,,,https://www.youtube.com/user/StreetVoiceTV,,,Hip hop / Rap,,,,"「雖近在咫尺，但只能遠觀。只有這樣能將關係變得簡單。」 封心的那刻，妳不動，我不動，也不知如何是好。 ------------------------------------------------------- 編曲 Arrangement: ProdbySJ 歌詞 Lyrics: Sxkura 作曲 Composition: Sxkura 混音/母帶 Mixing/Mastering: Sxkura 封面 Cover: Pinterest 
「雖近在咫尺，但只能遠觀。只有這樣能將關係變得簡單。」 封心的那刻，妳不動，我不動，也不知如何是好。
-------------------------------------------------------
編曲 Arrangement: ProdbySJ 歌詞 Lyrics: Sxkura 作曲 Composition: Sxkura 混音/母帶 Mixing/Mastering: Sxkura 封面 Cover: Pinterest","她像是花朵 在秋冬的那刻 跟時間拉扯 不想再凋謝了 在黑暗的空間 慢慢褪去的顏色 哼唱著小夜歌 通往光明的橋偏了 悄然拒絕遠方來的宴客 刻著「謝絕光顧」難道那是她自定義的匾額 雖近在咫尺 但只能遠觀 只有這樣能將關係變得簡單 怕再次靠近 形成天難 成為佔有他人內心的嫌犯 但是這樣的選擇 在事發當下對不對 可能這樣的選擇 減少了沒必要的灰土堆 當下內心被動搖 以為那人出現就會抹去了孤傲 冰封著一切搭配著風蕭 吹散了原本剛發芽的樹苗 專屬於妳的《本草綱目》我先裝上了書套 等待彼岸花的同意 讓我成為「她」的主角 無可（刻）奈何 但妳希望此路是奈何橋 陰與陽的摩擦 無果 但依舊希望會再和好 妳說「既見君子，云胡不喜」 但怕那句顯得太客套 隨季更換了三件套 是否話語變冷冽 也不再可靠 花自飄零水自流 獨抱相思 一處閒愁 此情無計可消除 才下眉頭 卻上心頭 即便身上刻出了醉花銘 她卻希望現在該回家行 但仍然會執著 徹夜地死守 依舊觀坐在醉花亭 她像是花朵 在秋冬的那刻 跟時間拉扯 不想再凋謝了 在黑暗的空間 慢慢褪去的顏色 哼唱著小夜歌 通往光明的橋偏了 悄然拒絕遠方來的宴客 刻著「謝絕光顧」難道那是她自定義的匾額 雖近在咫尺 但只能遠觀 只有這樣能將關係變得簡單 怕再次靠近 形成天難 成為佔有他人內心的嫌犯 但是這樣的選擇 在事發當下對不對 可能這樣的選擇 減少了沒必要的灰土堆 
她像是花朵 在秋冬的那刻 跟時間拉扯 不想再凋謝了 在黑暗的空間 慢慢褪去的顏色 哼唱著小夜歌 通往光明的橋偏了 悄然拒絕遠方來的宴客 刻著「謝絕光顧」難道那是她自定義的匾額
雖近在咫尺 但只能遠觀 只有這樣能將關係變得簡單 怕再次靠近 形成天難 成為佔有他人內心的嫌犯 但是這樣的選擇 在事發當下對不對 可能這樣的選擇 減少了沒必要的灰土堆
當下內心被動搖 以為那人出現就會抹去了孤傲 冰封著一切搭配著風蕭 吹散了原本剛發芽的樹苗 專屬於妳的《本草綱目》我先裝上了書套 等待彼岸花的同意 讓我成為「她」的主角
無可（刻）奈何 但妳希望此路是奈何橋 陰與陽的摩擦 無果 但依舊希望會再和好 妳說「既見君子，云胡不喜」 但怕那句顯得太客套 隨季更換了三件套 是否話語變冷冽 也不再可靠
花自飄零水自流 獨抱相思 一處閒愁 此情無計可消除 才下眉頭 卻上心頭 即便身上刻出了醉花銘 她卻希望現在該回家行 但仍然會執著 徹夜地死守 依舊觀坐在醉花亭
她像是花朵 在秋冬的那刻 跟時間拉扯 不想再凋謝了 在黑暗的空間 慢慢褪去的顏色 哼唱著小夜歌 通往光明的橋偏了 悄然拒絕遠方來的宴客 刻著「謝絕光顧」難道那是她自定義的匾額
雖近在咫尺 但只能遠觀 只有這樣能將關係變得簡單 怕再次靠近 形成天難 成為佔有他人內心的嫌犯 但是這樣的選擇 在事發當下對不對 可能這樣的選擇 減少了沒必要的灰土堆
留言（ 0 ） 最相關留言 所有留言
留言（ 0 ）",2026-09-28,,,False,False,
2026-09-30 16:35:55,realtime,hip_hop,,,5,ocio,自己都不自己RE:TAKE.mp3,12,274,2,https://streetvoice.com/ocio/songs/881357/,https://streetvoice.com/ocio/,"https://akstatic.streetvoice.com/song_covers/oc/io/ocio/E22pdWHaoE8QNnUjHNXSTY.jpg?x-oss-process=image/resize,m_fill,h_400,w_400,limit_0",images/881357.jpg,@ocio,音樂人,台北市,2022-11-01,,2,25,21,,,https://www.youtube.com/user/StreetVoiceTV,巴賴、黃瑋傑齊開唱 轉來音樂節慶咖啡店轉型|||https://blow.streetvoice.com/23933/?utm_source=streetvoice&utm_medium=profile-news-block; 如魚得水第一音：一定要認識的電音教授 Fish.the（上）|||https://blow.streetvoice.com/17701/?utm_source=streetvoice&utm_medium=profile-news-block,,Hip hop / Rap,,,,,"Gonna Get This vibe 當我開始饒舌 我想不起來上一次真正睡好的時候 我的playlist 都是Hiphop在圍繞著 每一次彈跳和憂鬱按下播放鍵用我的指頭 我習慣 正中午還裹著棉被 看著外面是晴是雨幻想變成誰的前輩 但是 那止不住的眼淚 當我開始焦慮或是恐慌又變得更加頹廢 拿起Red Bull 我需要一點咖啡因 日子一天一天過快得像搭飛機 I gotta Rush in it 我跟我的兄弟們互相勉勵 用盡全身的力量想抓飛機 21歲我還年輕那又如何 我在夢想和現實交界口之間杵著 21歲我還年輕那又如何 煙癮和酒精就像火我是那撲的蛾 迷失了方向 找不到只屬於我的地方 害怕穿上了西裝 就忘記了怎麼律動 怕自己穿上了西裝 卻只空有具皮囊 忘記了怎麼去對抗批鬥 想辦法珍惜時間做我想做的 管現在生活好過或不好過 我不想自己都不自己 自己都不自己 自己都不自己了 所以 得撥些時間和自己相處 並非每個遊戲都有Round 2 我不想自己都不自己 自己都不自己 自己都不自己了 帶上耳機對準麥又套著我的黑踢 不在乎誰和誰和誰對我的目光銳利 that shit gon crazy man 對鏡再練幾年 青春是我的武器把這身體操到極限My Man 對著鏡子也許會對自己感到驕傲 也許看著自己後卻感到萬分焦躁 回頭又看到少年提著裝滿錢的紙袋 發現得靠自己逃離街頭吵鬧 他一路走著走 被過去摟著走 每一晚他的情緒劑量都是Overdose 房門他上了鎖 他早已忘了我 看皮質醇多巴胺替他開了Carnival 望向鏡子裡的人慢慢又變得陌生 房間安靜得只剩下呼吸陪他作證 笑容像排練過表情顯得太過迫真 現實逼著他必須得慢慢學會默認 21歲還年輕那又如何 他不間斷的在潮起潮落中載沉浮著 21歲他還年輕那又如何 一切都變化的太快他沒辦法負荷 至少知道自己害怕什麼 還能分辨什麼才是真我 我不想自己都不自己 自己都不自己 自己都不自己了 所以 21歲跌倒也算活過 總好過忘了自己怎麼活著 
Gonna Get This vibe 當我開始饒舌 我想不起來上一次真正睡好的時候 我的playlist 都是Hiphop在圍繞著 每一次彈跳和憂鬱按下播放鍵用我的指頭
我習慣 正中午還裹著棉被 看著外面是晴是雨幻想變成誰的前輩 但是 那止不住的眼淚 當我開始焦慮或是恐慌又變得更加頹廢
拿起Red Bull 我需要一點咖啡因 日子一天一天過快得像搭飛機 I gotta Rush in it 我跟我的兄弟們互相勉勵 用盡全身的力量想抓飛機
21歲我還年輕那又如何 我在夢想和現實交界口之間杵著 21歲我還年輕那又如何 煙癮和酒精就像火我是那撲的蛾 迷失了方向 找不到只屬於我的地方 害怕穿上了西裝 就忘記了怎麼律動 怕自己穿上了西裝 卻只空有具皮囊 忘記了怎麼去對抗批鬥
想辦法珍惜時間做我想做的 管現在生活好過或不好過 我不想自己都不自己 自己都不自己 自己都不自己了 所以 得撥些時間和自己相處 並非每個遊戲都有Round 2 我不想自己都不自己 自己都不自己 自己都不自己了
帶上耳機對準麥又套著我的黑踢 不在乎誰和誰和誰對我的目光銳利 that shit gon crazy man 對鏡再練幾年 青春是我的武器把這身體操到極限My Man
對著鏡子也許會對自己感到驕傲 也許看著自己後卻感到萬分焦躁 回頭又看到少年提著裝滿錢的紙袋 發現得靠自己逃離街頭吵鬧
他一路走著走 被過去摟著走 每一晚他的情緒劑量都是Overdose 房門他上了鎖 他早已忘了我 看皮質醇多巴胺替他開了Carnival
望向鏡子裡的人慢慢又變得陌生 房間安靜得只剩下呼吸陪他作證 笑容像排練過表情顯得太過迫真 現實逼著他必須得慢慢學會默認
21歲還年輕那又如何 他不間斷的在潮起潮落中載沉浮著 21歲他還年輕那又如何 一切都變化的太快他沒辦法負荷
至少知道自己害怕什麼 還能分辨什麼才是真我 我不想自己都不自己 自己都不自己 自己都不自己了 所以 21歲跌倒也算活過 總好過忘了自己怎麼活著
留言（ 2 ） 最相關留言 所有留言
留言（ 2 ）",2026-09-27,,,False,False,
2026-09-30 16:35:55,realtime,hip_hop,,,6,h0sh1kuzu,理所當然，I’m fine DEMO,6,135,0,https://streetvoice.com/h0sh1kuzu_m4a/songs/881597/,https://streetvoice.com/h0sh1kuzu_m4a/,"https://akstatic.streetvoice.com/song_covers/h0/sh/h0sh1kuzu_m4a/DHTvc4PM5xUc8fzi6n9Wjr.jpg?x-oss-process=image/resize,m_fill,h_400,w_400,limit_0",images/881597.jpg,@h0sh1kuzu_m4a,音樂人,台中市,2025-11-01,,16,49,27,,,https://www.youtube.com/user/StreetVoiceTV,,,Hip hop / Rap,,,,"隨便 我很好 
隨便 我很好","什麼時候從見面就好變不如別來 什麼時候我發病的原因變成了愛 你說早知道就不期待 Ok fine First time？ 我只是累了 又要面對我的錯了 Right? I’m fine 再讓我吃點藥 I’m fine 讓我能都忘掉 I’m fine 時間也已經不太早 是時候沖個澡躺上床再回頭想想曾經的好 I had to go 我不是你想要的那個人 結果會變這樣我幹嘛那麼認真 拖到後面剩下你覺得理所當然的責任 全都是責任 那愛呢 怎麼會消失了 怎麼就消失了 什麼時候從見面就好變不如別來 什麼時候我發病的原因變成了愛 你說早知道就不期待 Ok fine First time？ 我只是累了 又要面對我的錯了 Right? I’m fine 再讓我吃點藥 I’m fine 讓我能都忘掉 I’m fine 時間也已經不太早 是時候沖個澡躺上床再回頭想想曾經的好 曾經的好 也只是停留美好回憶裡的曾經 回不去的曾經 只存在腦海裡的曾經 
什麼時候從見面就好變不如別來 什麼時候我發病的原因變成了愛 你說早知道就不期待 Ok fine First time？ 我只是累了 又要面對我的錯了 Right?
I’m fine 再讓我吃點藥 I’m fine 讓我能都忘掉 I’m fine 時間也已經不太早 是時候沖個澡躺上床再回頭想想曾經的好
I had to go 我不是你想要的那個人 結果會變這樣我幹嘛那麼認真 拖到後面剩下你覺得理所當然的責任 全都是責任 那愛呢 怎麼會消失了 怎麼就消失了
什麼時候從見面就好變不如別來 什麼時候我發病的原因變成了愛 你說早知道就不期待 Ok fine First time？ 我只是累了 又要面對我的錯了 Right?
I’m fine 再讓我吃點藥 I’m fine 讓我能都忘掉 I’m fine 時間也已經不太早 是時候沖個澡躺上床再回頭想想曾經的好
曾經的好 也只是停留美好回憶裡的曾經 回不去的曾經 只存在腦海裡的曾經
留言（ 0 ） 最相關留言 所有留言
留言（ 0 ）",2026-09-28,,,False,False,
2026-09-30 16:35:55,realtime,hip_hop,,,7,minho,大學下雨不淋濕雙腳(demo),1,96,1,https://streetvoice.com/minhominho/songs/881455/,https://streetvoice.com/minhominho/,"https://akstatic.streetvoice.com/song_covers/mi/nh/minhominho/VToGRx8ACoh458pUG3aK7g.jpeg?x-oss-process=image/resize,m_fill,h_400,w_400,limit_0",images/881455.jpeg,@minhominho,音樂人,桃園市,2023-02-01,,2,6,2,,,https://www.youtube.com/user/StreetVoiceTV,現場直擊：The Next Big Thing 大團誕生 開發場 4|||https://blow.streetvoice.com/33935/?utm_source=streetvoice&utm_medium=profile-news-block,,Hip hop / Rap,,,,"上大學後還沒下過雨 
上大學後還沒下過雨","I don't know what to tell them that get a chill點vibe 多去睡覺少點紅眼time 沒關係像液態氮到冰點 我心願 能聽見 下雨滴在每個面和音節 but still wasted Taste it more goals 'n passion 心態是否能夠達到那位階 不強求 如洋流般 反正也類似 不如慢慢的構築你說紀念的墜飾 隨著自然擺動那是最純粹的節拍 走二十分鐘太陽很大店卻沒開 煩惱跟真誠都全賣 在現在這不太清爽的年代 通勤下雨妳可能需要雨傘 你可以封上我嘴但是折不斷我筆桿 批判著自我總說不是我的正事 這種所謂不太真誠的話 你們得認識 大學下雨不淋濕雙腳 再添一句賤嗎 真的剛好 都不開傘 卻不會除去臉上狀造 坦白說不就是想要 大學下雨只淋濕大腦 明天就要感冒 那也剛好 只需忙笑 過去沒必要再強調 或許時間過了就要放掉 不知不覺就開始 十幾二十的人不追社會就是大孩子 睡在拍子 不思考四遍就被當呆子 寧願呆滯 不願陷入飛蚊（緋聞）處境被一掌給拍死 下雨路上坑坑洞洞 磕磕碰碰 沉沉重重不被 人們重用 那平平淡淡 迷離爛漫 停停看看 平平安安就超越剛睡醒的情形渙散 走向陌生恐懼不熟悉世界 在每個早晚每個陰晴每個日夜 邊致謝過去把我心情點碎 一戳痛點那魯伯特的眼淚 烏雲密佈 不在頭頂盤旋 請不繫住 不與過去纏綿 管你雷暴天或晴天 這是我自己故事 不用了解 只需要知道我很固執 這種事發生一年又一年 心態消失那段壞的期間 這種事發生一年又一年 但望心態逐漸轉正 不酒精 不坐冷板凳 
I don't know what to tell them that get a chill點vibe 多去睡覺少點紅眼time 沒關係像液態氮到冰點 我心願 能聽見 下雨滴在每個面和音節 but still wasted Taste it more goals 'n passion 心態是否能夠達到那位階 不強求 如洋流般 反正也類似 不如慢慢的構築你說紀念的墜飾 隨著自然擺動那是最純粹的節拍 走二十分鐘太陽很大店卻沒開 煩惱跟真誠都全賣 在現在這不太清爽的年代 通勤下雨妳可能需要雨傘 你可以封上我嘴但是折不斷我筆桿 批判著自我總說不是我的正事 這種所謂不太真誠的話 你們得認識
大學下雨不淋濕雙腳 再添一句賤嗎 真的剛好 都不開傘 卻不會除去臉上狀造 坦白說不就是想要 大學下雨只淋濕大腦 明天就要感冒 那也剛好 只需忙笑 過去沒必要再強調 或許時間過了就要放掉
不知不覺就開始 十幾二十的人不追社會就是大孩子 睡在拍子 不思考四遍就被當呆子 寧願呆滯 不願陷入飛蚊（緋聞）處境被一掌給拍死 下雨路上坑坑洞洞 磕磕碰碰 沉沉重重不被 人們重用 那平平淡淡 迷離爛漫 停停看看 平平安安就超越剛睡醒的情形渙散 走向陌生恐懼不熟悉世界 在每個早晚每個陰晴每個日夜 邊致謝過去把我心情點碎 一戳痛點那魯伯特的眼淚 烏雲密佈 不在頭頂盤旋 請不繫住 不與過去纏綿 管你雷暴天或晴天 這是我自己故事 不用了解 只需要知道我很固執
這種事發生一年又一年 心態消失那段壞的期間 這種事發生一年又一年 但望心態逐漸轉正 不酒精 不坐冷板凳
留言（ 1 ） 最相關留言 所有留言
留言（ 1 ）",2026-09-27,,,False,False,
2026-09-30 16:35:55,realtime,hip_hop,,,8,寬平Ekko,0926 memo,8,466,3,https://streetvoice.com/kusyoualreadyknow/songs/881234/,https://streetvoice.com/kusyoualreadyknow/,"https://akstatic.streetvoice.com/song_covers/ku/sy/kusyoualreadyknow/EjUvDqTCuG2RwgTPNbgfdE.jpeg?x-oss-process=image/resize,m_fill,h_400,w_400,limit_0",images/881234.jpeg,@kusyoualreadyknow,音樂人,台北市,2019-09-01,2026-08-12 09:23,5,57,37,,https://www.instagram.com/kuan.xc,https://youtube.com/@kusyoualreadyknow,,,Hip hop / Rap,,,,"我想我會記得 
我想我會記得","Hey you 我現在正在經歷一段痛苦的時期 快承受不住了 那些我對過去自己的質疑 內心崩塌了 無法接受更多外在的刺激 承認吧 就連我自己都快要認不出我自己 Who am I 不知道眼前的路途該向左或向右 But why 內心的雜音依然像窗戶外的大雨滂沱 想說的太多如鯁在喉 抵住的槍口 我知道我變了 我已經變得不再那麼像我 我想過能不依賴 我想過轉身離開 不需再猜忌 不需再在意 灰色地帶 也許我不需要開口 就能夠讀懂我所有期待 如果一切能夠重來 Fuck it 時間沒辦法rewind 如果一切能夠重來 我希望從沒發生真的Pardon me 這根札的太深 太掙扎 我只想抽身到最後卻沒了力 過程中載浮載沉著 到頭來人呢 Lose a part of me 不成功便成仁 漸漸的陷得深 怎麼會又讓我傷了心 我想這就是我的性格 沒辦法把那些我認為最美好的畫面給定格 我知道 一切的一切 回歸原點 不是唯一的 但我也想看到花兒綻放的時候多美麗呢 我想我記得 
Hey you 我現在正在經歷一段痛苦的時期 快承受不住了 那些我對過去自己的質疑 內心崩塌了 無法接受更多外在的刺激 承認吧 就連我自己都快要認不出我自己
Who am I 不知道眼前的路途該向左或向右 But why 內心的雜音依然像窗戶外的大雨滂沱 想說的太多如鯁在喉 抵住的槍口 我知道我變了 我已經變得不再那麼像我
我想過能不依賴 我想過轉身離開 不需再猜忌 不需再在意 灰色地帶 也許我不需要開口 就能夠讀懂我所有期待 如果一切能夠重來 Fuck it 時間沒辦法rewind 如果一切能夠重來 我希望從沒發生真的Pardon me 這根札的太深 太掙扎 我只想抽身到最後卻沒了力 過程中載浮載沉著 到頭來人呢 Lose a part of me 不成功便成仁 漸漸的陷得深 怎麼會又讓我傷了心 我想這就是我的性格 沒辦法把那些我認為最美好的畫面給定格 我知道 一切的一切 回歸原點 不是唯一的 但我也想看到花兒綻放的時候多美麗呢
我想我記得
留言（ 3 ） 最相關留言 所有留言
留言（ 3 ）",2026-09-26,,,False,False,
2026-09-30 16:35:55,realtime,hip_hop,,,9,希珥,義務教育沒教我的是...,8,190,2,https://streetvoice.com/shir_vtuber/songs/881189/,https://streetvoice.com/shir_vtuber/,"https://akstatic.streetvoice.com/song_covers/sh/ir/shir_vtuber/MdHYjQ3kM3GBkzuckAarH4.jpeg?x-oss-process=image/resize,m_fill,h_400,w_400,limit_0",images/881189.jpeg,@shir_vtuber,音樂人,其他,2022-11-01,,6,122,2,,,https://www.youtube.com/user/StreetVoiceTV,,,Hip hop / Rap,,,,"Presented by：LiOne Studio Co., Ltd. 李万文創有限公司 出品 ▸Credit： Lyrics / Composition / Video：希珥Shir Arrangement： ARAM Recording Engineer & Mix：Lulu 吳昱儒 Executive Producer：A Jie Special Thanks：韓森 
Presented by：LiOne Studio Co., Ltd. 李万文創有限公司 出品
▸Credit： Lyrics / Composition / Video：希珥Shir Arrangement： ARAM Recording Engineer & Mix：Lulu 吳昱儒 Executive Producer：A Jie Special Thanks：韓森","Intro 玩就要Chill 玩得盡興 玩就要鬆 玩得盡興 玩就要開心 玩得盡興 玩就要用力 玩得盡興 V1 框住自己的設限 全都踹倒 你真的試過嗎 喊卡太早 或許你更適合大槌 多過太刀 同樣的鍵位重組 又多學了幾招 大路朝天 就各走半邊 腿短又怎樣 就多走半天 只打直球 有點半顛 代表學到都是賺 成就多解半篇 你看見了公園的長椅 我善辯的亂騙的 說是公元前的賞景 以上根本沒邏輯 但我不介意 甚至小得意 我想要我想 而不是你要 我想要你們真心的講 不講禮貌 我想要卯足全力的爽 不是半調 我想要音樂製作 能請上剃刀 Bridge 扭緊也好 鬆掉也好 wanna be an open book 沒試過的都很酷 感動最好 都很重要 there nothing gonna lose 上了狀態後  哪次收的住 HOOK 玩就要Chill 玩得盡興 玩就要鬆 玩得盡興 玩就要開心 玩得盡興 玩就要用力 玩得盡興 V2 不是成為被玩的機器 死背完了 哪有活力提筆 我討厭考試 我也討厭體制 更討厭自己屈服 不准輕易說出可是 義務教育沒教我的是 石頭想變成金子 不是可恥的事 病態的客觀 把別人說的比做事實 太窩囔 才讓小人得志 健身兩小 合理爆吃滷肉飯 不糾結0.幾公斤 再加點荷包蛋 誰管別人怎麼看 不想和我走散 跟著自己的FLOW 身心五告讚 我想要有成為的勇氣 我想要我每次想要 優先想到的都是自己 我知道我有毅力 我想要玩得盡興 難度再升級 ok 先深呼吸 Bridge 扭緊也好 鬆掉也好 wanna be an open book 沒試過的都很酷 感動最好 都很重要 there nothing gonna lose 上了狀態後  哪次收的住 HOOK 玩就要Chill 玩得盡興 玩就要鬆 玩得盡興 玩就要開心 玩得盡興 玩就要快樂 玩得盡興 
Intro 玩就要Chill 玩得盡興 玩就要鬆 玩得盡興 玩就要開心 玩得盡興 玩就要用力 玩得盡興
V1 框住自己的設限 全都踹倒 你真的試過嗎 喊卡太早 或許你更適合大槌 多過太刀 同樣的鍵位重組 又多學了幾招 大路朝天 就各走半邊 腿短又怎樣 就多走半天 只打直球 有點半顛 代表學到都是賺 成就多解半篇
你看見了公園的長椅 我善辯的亂騙的 說是公元前的賞景 以上根本沒邏輯 但我不介意 甚至小得意 我想要我想 而不是你要 我想要你們真心的講 不講禮貌 我想要卯足全力的爽 不是半調 我想要音樂製作 能請上剃刀
Bridge 扭緊也好 鬆掉也好 wanna be an open book 沒試過的都很酷 感動最好 都很重要 there nothing gonna lose 上了狀態後  哪次收的住
HOOK 玩就要Chill 玩得盡興 玩就要鬆 玩得盡興 玩就要開心 玩得盡興 玩就要用力 玩得盡興
V2 不是成為被玩的機器 死背完了 哪有活力提筆 我討厭考試 我也討厭體制 更討厭自己屈服 不准輕易說出可是 義務教育沒教我的是 石頭想變成金子 不是可恥的事 病態的客觀 把別人說的比做事實 太窩囔 才讓小人得志
健身兩小 合理爆吃滷肉飯 不糾結0.幾公斤 再加點荷包蛋 誰管別人怎麼看 不想和我走散 跟著自己的FLOW 身心五告讚 我想要有成為的勇氣 我想要我每次想要 優先想到的都是自己 我知道我有毅力 我想要玩得盡興 難度再升級 ok 先深呼吸
Bridge 扭緊也好 鬆掉也好 wanna be an open book 沒試過的都很酷 感動最好 都很重要 there nothing gonna lose 上了狀態後  哪次收的住
HOOK 玩就要Chill 玩得盡興 玩就要鬆 玩得盡興 玩就要開心 玩得盡興 玩就要快樂 玩得盡興
留言（ 2 ） 最相關留言 所有留言
留言（ 2 ）",2026-09-26,,,False,False,
2026-09-30 16:35:55,realtime,hip_hop,,,10,CELL,BALANCE,12,256,1,https://streetvoice.com/shiny_disk_hit/songs/881125/,https://streetvoice.com/shiny_disk_hit/,"https://akstatic.streetvoice.com/profile_images/sh/in/shiny_disk_hit/2qJ3XbzJsFvRMciMb6DmXZ.jpg?x-oss-process=image/resize,m_fill,h_400,w_400,limit_0",images/881125.jpg,@shiny_disk_hit,音樂人,花蓮縣,2022-08-01,,3,51,10,,,https://www.youtube.com/user/StreetVoiceTV,辦一趟可能取消的巡迴？deca joins、無妄合作社公布「Cancelled巡迴取消」T-Shirt販售計畫|||https://blow.streetvoice.com/49414/?utm_source=streetvoice&utm_medium=profile-news-block; 日本音樂兄弟檔KICELL開唱 攜手洪申豪站台|||https://blow.streetvoice.com/5074/?utm_source=streetvoice&utm_medium=profile-news-block; 第18屆Freshmusic Awards得獎名單揭曉 陶晶瑩首次參與評審|||https://blow.streetvoice.com/81270/?utm_source=streetvoice&utm_medium=profile-news-block,,Hip hop / Rap,,,ocio,"要如何去平衡這一些愛 我沒有答案 作詞作曲 Lyricist | C1LL 錄音 Recording Engineer | Ocio 錄音工作室 Recording Studio | Ocio 混音 Mixing Engineer | Ocio 母帶 Mastering Engineer | Ocio 
要如何去平衡這一些愛 我沒有答案
作詞作曲 Lyricist | C1LL 錄音 Recording Engineer | Ocio 錄音工作室 Recording Studio | Ocio 混音 Mixing Engineer | Ocio 母帶 Mastering Engineer | Ocio","I'm gonna beat for the talent 那些少說的 Silent 和你走過的Southside 帶我離開這裡 像是妳的吻 我的心無法對準 妳也早就已經淘汰 但我也只是扎心的虧損 是我輸掉的賠本 我懂妳也不說話 我們不要這樣衝動的講話 時間到了就走你還需要演嗎 還有那一些傷口的血液都不斷的滴著 那是考驗決定那刺傷的心門 是討厭還是那厭倦的精神 I feel like mind 妳也最好在聽著 絢爛的Silent 相關的 balance 放縱和快樂 那不好的猜測 我差勁的敗了 我最後才明白妳心早不在呢 還記得那是平凡的下雨天 雨滴還有淚滴劃過妳的臉 她又抓住我的手還有說幾遍 但也不是妳的錯是我的底線 Got the 2 4 to my life I should tell you I can't lie Never see you can cry all night 對妳說過那些畫面不存在 
I'm gonna beat for the talent 那些少說的 Silent 和你走過的Southside 帶我離開這裡 像是妳的吻 我的心無法對準 妳也早就已經淘汰 但我也只是扎心的虧損 是我輸掉的賠本 我懂妳也不說話 我們不要這樣衝動的講話 時間到了就走你還需要演嗎 還有那一些傷口的血液都不斷的滴著 那是考驗決定那刺傷的心門 是討厭還是那厭倦的精神 I feel like mind 妳也最好在聽著 絢爛的Silent 相關的 balance 放縱和快樂 那不好的猜測 我差勁的敗了 我最後才明白妳心早不在呢 還記得那是平凡的下雨天 雨滴還有淚滴劃過妳的臉 她又抓住我的手還有說幾遍 但也不是妳的錯是我的底線 Got the 2 4 to my life I should tell you I can't lie Never see you can cry all night 對妳說過那些畫面不存在
留言（ 1 ） 最相關留言 所有留言
留言（ 1 ）",2026-09-25,,,False,False,
2026-09-30 16:35:55,realtime,hip_hop,,,11,高偉勛 Shan Hay,8.Little Luck Little Luv ft.舞思愛 Usay Kawlu,0,12,0,https://streetvoice.com/p233211/songs/881719/,https://streetvoice.com/p233211/,"https://akstatic.streetvoice.com/song_covers/p2/33/p233211/XCnF3XamF4MrU7ZyUe3Wvt.jpeg?x-oss-process=image/resize,m_fill,h_400,w_400,limit_0",images/881719.jpeg,@p233211,音樂人,台東縣,2008-11-01,,5,193,15,,,https://www.youtube.com/user/StreetVoiceTV,創作，是與家鄉連結的窗口－阿修＆高偉勛專訪|||https://blow.streetvoice.com/20203/?utm_source=streetvoice&utm_medium=profile-news-block; 臺灣原創流行音樂大賽首獎得主開唱 黃連煜、荒山亮、王宏恩任導師助陣加持|||https://blow.streetvoice.com/25093/?utm_source=streetvoice&utm_medium=profile-news-block; 新光三越不插電歷屆決賽入圍者近況蒐羅 自選代表作歌單伴你度過夏日午後|||https://blow.streetvoice.com/21488/?utm_source=streetvoice&utm_medium=profile-news-block,,Hip hop / Rap,《YOU GOOD?!》,https://streetvoice.com/p233211/songs/album/97326155/,,"你有沒有覺得生活中 真的有很多小事會把我們搞得心浮氣躁 沒帶到鑰匙、耳機線打結 又或者喜歡的早餐店奶茶被做成無糖的？ 但也許 當你把腳步放慢一點點點點點 你會發現比起那些小事 祂用祂的愛 創造了更多能夠讓我們去開心的小幸運。 So, take it slow today！ 詩篇 104:24 
你有沒有覺得生活中 真的有很多小事會把我們搞得心浮氣躁 沒帶到鑰匙、耳機線打結 又或者喜歡的早餐店奶茶被做成無糖的？
但也許 當你把腳步放慢一點點點點點
你會發現比起那些小事 祂用祂的愛 創造了更多能夠讓我們去開心的小幸運。
So, take it slow today！
詩篇 104:24","生活有時後太匆忙 從一睜眼開到起床 剛關門又開始慌張 手機錢包耳機戴上 kinilalupan lra na sosi (鑰匙又忘記帶了) man kemadu diya? (怎麼又這樣捏？) Oh baby,it just happend (懊親愛的，它終究發生了) Oh baby,you just need to listen (懊親愛的，我想你需要靜心聽看看) 小白鞋踩到水塘 陰時多雲是今天氣象 我們還能呼吸空氣 藏在高樓中微弱的星星 看得清 oh～patawari kemakawang mengad (喔～放慢腳步感受呼吸) oh～patawari kemakawang mengad (喔～放慢腳步感受呼吸) He gives me a little luck,gives me a little luv (祂賜給我這些美好的小幸運跟美好) He gives me a little luck,gives me a little luv (祂賜給我這些美好的小幸運跟美好) piya rukup mena’u di (深呼吸抬頭看看天空) mena’u da tara’ (看見了彩虹掛在天上) nu muruma’ diya,i du na tinusiyawan kana tu (下班後桌上的飯菜) ta patawalay mena’u (只要你放慢去注意) malayas semanal kanahni na eman lra (常常感激這些微不足道的小事) alra mau na pakavulay data wayway (因為它讓生活更美好) And If you take it slow today (在今天，就把腳步放慢吧) He gives me a little luck,gives me a little luv (祂賜給我這些美好的小幸運跟美好) He gives me a little luck,gives me a little luv (祂賜給我這些美好的小幸運跟美好) 這是祂創造得一切 天上蔓延到地面 你只要慢慢來體會 So, take it slow today. (把今天放慢吧) You gotta take it slow 
生活有時後太匆忙 從一睜眼開到起床 剛關門又開始慌張 手機錢包耳機戴上 kinilalupan lra na sosi (鑰匙又忘記帶了) man kemadu diya? (怎麼又這樣捏？) Oh baby,it just happend (懊親愛的，它終究發生了) Oh baby,you just need to listen (懊親愛的，我想你需要靜心聽看看)
小白鞋踩到水塘 陰時多雲是今天氣象 我們還能呼吸空氣 藏在高樓中微弱的星星 看得清
oh～patawari kemakawang mengad (喔～放慢腳步感受呼吸) oh～patawari kemakawang mengad (喔～放慢腳步感受呼吸)
He gives me a little luck,gives me a little luv (祂賜給我這些美好的小幸運跟美好) He gives me a little luck,gives me a little luv (祂賜給我這些美好的小幸運跟美好)
piya rukup mena’u di (深呼吸抬頭看看天空) mena’u da tara’ (看見了彩虹掛在天上) nu muruma’ diya,i du na tinusiyawan kana tu (下班後桌上的飯菜) ta patawalay mena’u (只要你放慢去注意)
malayas semanal kanahni na eman lra (常常感激這些微不足道的小事) alra mau na pakavulay data wayway (因為它讓生活更美好) And If you take it slow today (在今天，就把腳步放慢吧)
He gives me a little luck,gives me a little luv (祂賜給我這些美好的小幸運跟美好) He gives me a little luck,gives me a little luv (祂賜給我這些美好的小幸運跟美好)
這是祂創造得一切 天上蔓延到地面 你只要慢慢來體會 So, take it slow today. (把今天放慢吧)
You gotta take it slow
留言（ 0 ） 最相關留言 所有留言
留言（ 0 ）",2026-09-29,,編輯推薦,True,False,
2026-09-30 16:35:55,realtime,hip_hop,,,12,震樂堂,比爾Rich Man_demo,13,804,2,https://streetvoice.com/jhenyuetang/songs/880582/,https://streetvoice.com/jhenyuetang/,"https://akstatic.streetvoice.com/song_covers/jh/en/jhenyuetang/mrvY8tF2wAFU56b8XR563g.jpeg?x-oss-process=image/resize,m_fill,h_400,w_400,limit_0",images/880582.jpeg,@jhenyuetang,音樂人,台中市,2020-07-01,2023-07-12 17:18,13,443,2,https://www.facebook.com/jhenyuetang,https://www.instagram.com/jhenyuetang/,https://www.youtube.com/@jhenyuetang,震樂堂釋出〈眾神出巡〉Remix版本 FUTURE AFTER A SECOND吉他手Nicky跨刀合作|||https://blow.streetvoice.com/80898/?utm_source=streetvoice&utm_medium=profile-news-block; 震樂堂攜手「九天玄女娘娘」開啟《眾神出巡》專場 高雄加開場6/8邀夕陽武士共演|||https://blow.streetvoice.com/80611/?utm_source=streetvoice&utm_medium=profile-news-block; 震樂堂前往捷克音樂祭開唱 即將釋出首支官方MV〈勅令〉|||https://blow.streetvoice.com/75165/?utm_source=streetvoice&utm_medium=profile-news-block,,Hip hop / Rap,,,,,"詞曲｜王大偉　編曲｜震樂堂 和聲｜莊芷妤 比爾Rich Man 比爾 比爾Rich Man 我行東西趁錢無人知 我行南北趁錢穩答答 因為咬錢來的是虎爺 財神保庇我上好額 我手攑清香誠心三拜 開始報住址 祈求五路財神共我保庇照顧我生意 像我這款若發大財叫做真正有天理 Be a rich man 的我跟你講千萬別鐵齒 誠心三拜有道理 財神爺公賜財氣 正手水鬼倒手 Gucci 全身軀 Armani 有借有還發財金 愛飼金雞食水米 跤踏實地趁錢無數 逐工攏好日子 比爾Rich Man 比爾 比爾Rich Man 來拜伯公仔啊 順紲食一碗泡麵 比爾Rich Man 比爾 比爾Rich Man 財神廟補財庫 天庫地庫水庫錢 比爾Rich Man 比爾 比爾Rich Man 弓蕉梨仔王梨 財神招來咱身邊 １２３ 發啦！！！ 我行東西趁錢無人知 我行南北趁錢穩答答 因為咬錢來的是虎爺 財神保庇我上好額 為著生活 奮鬥到半暝 為著生活 奮鬥到雞啼 為著三頓 為著家庭 為著理想 為著自己 天公疼惜的你 財神會賜財予你 比爾Rich Man 比爾 比爾Rich Man 來拜伯公仔啊 順紲食一碗泡麵 比爾Rich Man 比爾 比爾Rich Man 財神廟補財庫 天庫地庫水庫錢 比爾Rich Man 比爾 比爾Rich Man 弓蕉李仔王梨 財神招來咱身邊 １２３ 發啦！！！ 我行東西趁錢無人知 我行南北趁錢穩答答 因為咬錢來的是虎爺 財神保庇我上好額 
詞曲｜王大偉　編曲｜震樂堂 和聲｜莊芷妤
比爾Rich Man 比爾 比爾Rich Man 我行東西趁錢無人知 我行南北趁錢穩答答 因為咬錢來的是虎爺 財神保庇我上好額
我手攑清香誠心三拜 開始報住址 祈求五路財神共我保庇照顧我生意 像我這款若發大財叫做真正有天理 Be a rich man 的我跟你講千萬別鐵齒
誠心三拜有道理 財神爺公賜財氣 正手水鬼倒手 Gucci 全身軀 Armani 有借有還發財金 愛飼金雞食水米 跤踏實地趁錢無數 逐工攏好日子
比爾Rich Man 比爾 比爾Rich Man 來拜伯公仔啊 順紲食一碗泡麵 比爾Rich Man 比爾 比爾Rich Man 財神廟補財庫 天庫地庫水庫錢 比爾Rich Man 比爾 比爾Rich Man 弓蕉梨仔王梨 財神招來咱身邊 １２３ 發啦！！！
我行東西趁錢無人知 我行南北趁錢穩答答 因為咬錢來的是虎爺 財神保庇我上好額
為著生活 奮鬥到半暝 為著生活 奮鬥到雞啼 為著三頓 為著家庭 為著理想 為著自己 天公疼惜的你 財神會賜財予你
比爾Rich Man 比爾 比爾Rich Man 來拜伯公仔啊 順紲食一碗泡麵 比爾Rich Man 比爾 比爾Rich Man 財神廟補財庫 天庫地庫水庫錢 比爾Rich Man 比爾 比爾Rich Man 弓蕉李仔王梨 財神招來咱身邊 １２３ 發啦！！！
我行東西趁錢無人知 我行南北趁錢穩答答 因為咬錢來的是虎爺 財神保庇我上好額
留言（ 2 ） 最相關留言 所有留言
留言（ 2 ）",2026-09-22,,編輯推薦,True,False,
2026-09-30 16:35:55,realtime,hip_hop,,,13,Easy Mind,不AI,1,30,0,https://streetvoice.com/EasyMindMusic/songs/880987/,https://streetvoice.com/EasyMindMusic/,"https://akstatic.streetvoice.com/song_covers/Ea/sy/EasyMindMusic/5qYQTds6TdX4XwPSQXZNzp.jpeg?x-oss-process=image/resize,m_fill,h_400,w_400,limit_0",images/880987.jpeg,@EasyMindMusic,音樂人,北京,2018-04-01,,27,23,8,,,https://www.youtube.com/user/StreetVoiceTV,百合花與苗可麗為大港開唱彩排 搶先釋出合作歌曲〈愛情限時批〉|||https://blow.streetvoice.com/73082/?utm_source=streetvoice&utm_medium=profile-news-block; 2024大港開唱全陣容＆時程表公開！閃靈成海龍王開場、滿島光撞草東|||https://blow.streetvoice.com/72865/?utm_source=streetvoice&utm_medium=profile-news-block; 大港開唱公布最終波壓軸陣容！閃靈預告演出將結合5G最新科技|||https://blow.streetvoice.com/72791/?utm_source=streetvoice&utm_medium=profile-news-block,,Hip hop / Rap,,,,"如今幾秒鐘就能用AI生成一首歌，那為什麼還要花大把時間「手搓」寫歌？因為對我來說，只有親自創作的音樂才算是真正的原創音樂。手搓的結果不一定比AI做得更好，那又怎樣？或許，我們本來就不該把結果當作人生的意義。你看，今天我又手搓了一首歌，但我不只是手搓，我是在生活，過我喜歡的生活。 詞曲 / 編曲 / 製作：Easy Mind 取樣：The Love Unlimited Orchestra - Give Up Your Love Girl (1975) 
如今幾秒鐘就能用AI生成一首歌，那為什麼還要花大把時間「手搓」寫歌？因為對我來說，只有親自創作的音樂才算是真正的原創音樂。手搓的結果不一定比AI做得更好，那又怎樣？或許，我們本來就不該把結果當作人生的意義。你看，今天我又手搓了一首歌，但我不只是手搓，我是在生活，過我喜歡的生活。
詞曲 / 編曲 / 製作：Easy Mind 取樣：The Love Unlimited Orchestra - Give Up Your Love Girl (1975)","Say what say what No AI no AI Say what say what I said no AI 當我真的在 說愛 真的愛 不是來自AI 大品牌 更新到十八代 但我還是更在乎你心態 That’s right 如何把壓抑變成期待 愛可以消去冰冷傷害 如果人類的幸福指數崩壞 那是因為對科技太過依賴 丟了愛 要和誰分享回憶 Not AI Not AI 要做真實的自己 我真的不AI 真的不AI 雖然慢 但是享受過程就不會有遺憾 親手畫出你心裡的圖案 經歷挫折才會通往答案 多出去看看世界 少評判 大數據懂你消費的習慣 購物車裡面東西塞的太滿 太多的幻覺 意識到的太晚 太晚 要和誰傳達心意 Not AI Not AI 要做唯一的自己 我真的不AI 真的不AI Hey boss, now pardon me （嘿老闆，抱歉了） I need originality （我需要原創性） Fake voice, same melody （偽造的嗓音，重複的旋律） It don’t mean anything to me （對我來說沒有意義） You can generate right away （你可以馬上生成） But it don’t mean anything to me （但這對我來說沒有意義） Dreamin’ like you don’t wanna wake （你可以一直做夢不醒來） But it don’t mean anything to me （但這對我來說沒有意義） 要和誰分享回憶 （別忘了有人還在等你） Not AI Not AI 要做真實的自己 我真的不AI 真的不AI 
Say what say what No AI no AI Say what say what I said no AI
當我真的在 說愛 真的愛 不是來自AI 大品牌 更新到十八代 但我還是更在乎你心態 That’s right 如何把壓抑變成期待 愛可以消去冰冷傷害 如果人類的幸福指數崩壞 那是因為對科技太過依賴 丟了愛
要和誰分享回憶 Not AI Not AI
要做真實的自己 我真的不AI 真的不AI
雖然慢 但是享受過程就不會有遺憾 親手畫出你心裡的圖案 經歷挫折才會通往答案 多出去看看世界 少評判 大數據懂你消費的習慣 購物車裡面東西塞的太滿 太多的幻覺 意識到的太晚 太晚
要和誰傳達心意 Not AI Not AI
要做唯一的自己 我真的不AI 真的不AI
Hey boss, now pardon me （嘿老闆，抱歉了） I need originality （我需要原創性） Fake voice, same melody （偽造的嗓音，重複的旋律） It don’t mean anything to me （對我來說沒有意義） You can generate right away （你可以馬上生成） But it don’t mean anything to me （但這對我來說沒有意義） Dreamin’ like you don’t wanna wake （你可以一直做夢不醒來） But it don’t mean anything to me （但這對我來說沒有意義）
要和誰分享回憶 （別忘了有人還在等你） Not AI Not AI
要做真實的自己 我真的不AI 真的不AI
留言（ 0 ） 最相關留言 所有留言
留言（ 0 ）",2026-09-24,,編輯推薦,True,False,
2026-09-30 16:35:55,realtime,hip_hop,,,14,D-R¥DE,放手（Let go）,6,194,2,https://streetvoice.com/ttt_ryder/songs/881159/,https://streetvoice.com/ttt_ryder/,"https://akstatic.streetvoice.com/song_covers/tt/t_/ttt_ryder/XGgpUKjB4JEbucFLJ7LyWH.jpg?x-oss-process=image/resize,m_fill,h_400,w_400,limit_0",images/881159.jpg,@ttt_ryder,音樂人,,,,9,4,3,,,https://www.youtube.com/user/StreetVoiceTV,,,Hip hop / Rap,,,,"詞：D-R¥DE 曲：D-R¥DE 製/混：楊錫瑾 阿爾敏·亞魯雷特：「什麼都無法捨棄的人，什麼都改變不了」 YT: https://youtu.be/uJV1MMA1hbo?si=YZ2PL2ADFjrgRHg4 
詞：D-R¥DE 曲：D-R¥DE 製/混：楊錫瑾
阿爾敏·亞魯雷特：「什麼都無法捨棄的人，什麼都改變不了」 YT: https://youtu.be/uJV1MMA1hbo?si=YZ2PL2ADFjrgRHg4
https://youtu.be/uJV1MMA1hbo?si=YZ2PL2ADFjrgRHg4","什麼都無法捨棄的人 什麼都改變不了 把一切放進了口袋 最後怎麼都甩不掉 總覺得一個人能夠擁有所有美好 直到挽留不成 才懂得放下的重要 我早就知道 我應該放手 但過去的自己糾纏著我 總覺得一個人能夠擁有所有美好 直到挽留不成 才懂得放下的重要 不斷糾結過去到底有甚麼好 在低估持續徘徊 I'm just running around 早該放下過去 投入未來的懷抱 Now I'm struggling 陷入無盡的煩惱 想要鬆開手 but I just can let go I hope you feel my pain 這不是我的錯 證明我的過去 曾經擁有過 我需要多點時間讓自己沉默 止不住地想念 在心中逐漸發了芽 放手的那天 我心中早已沒了她 空洞的雙眼 再度開出鮮豔的話花 Sometimes we should let go 尋找更適合的回答 什麼都無法捨棄的人 什麼都改變不了 把一切放進了口袋 最後怎麼都甩不掉 總覺得一個人能夠擁有所有美好 直到挽留不成 才懂得放下的重要 我早就知道 我應該放手 但過去的自己糾纏著我 總覺得一個人能夠擁有所有美好 直到挽留不成 才懂得放下的重要 我的心中終於多了空位 放下心中大石新的風味 依舊的不捨 在心底住著 依舊的無奈正在後面追 I know its hard to let go 適當的取捨不是我的錯 當我回到了現實逃出我的夢 過去的點滴 至少經歷過 telling myself is all okay 別管捨不得的心情作祟 保持著如此 all the way I know it's hard but my faith won't fade 拋去那悲傷我祈求著 面對那 新生活新的人 we must let something go 尋找個屬於自己的人生 止不住地想念 在心中逐漸發了芽 放手的那天 我心中早已沒了她 空洞的雙眼 再度開出鮮豔的話花 Sometimes we should let go 什麼都無法捨棄的人 什麼都改變不了 把一切放進了口袋 最後怎麼都甩不掉 總覺得一個人能夠擁有所有美好 直到挽留不成 才懂得放下的重要 我早就知道 我應該放手 但過去的自己糾纏著我 總覺得一個人能夠擁有所有美好 直到挽留不成 才懂得放下的重要 
什麼都無法捨棄的人 什麼都改變不了 把一切放進了口袋 最後怎麼都甩不掉 總覺得一個人能夠擁有所有美好 直到挽留不成 才懂得放下的重要 我早就知道 我應該放手 但過去的自己糾纏著我 總覺得一個人能夠擁有所有美好 直到挽留不成 才懂得放下的重要
不斷糾結過去到底有甚麼好 在低估持續徘徊 I'm just running around 早該放下過去 投入未來的懷抱 Now I'm struggling 陷入無盡的煩惱
想要鬆開手 but I just can let go I hope you feel my pain 這不是我的錯 證明我的過去 曾經擁有過 我需要多點時間讓自己沉默
止不住地想念 在心中逐漸發了芽 放手的那天 我心中早已沒了她 空洞的雙眼 再度開出鮮豔的話花 Sometimes we should let go 尋找更適合的回答
什麼都無法捨棄的人 什麼都改變不了 把一切放進了口袋 最後怎麼都甩不掉 總覺得一個人能夠擁有所有美好 直到挽留不成 才懂得放下的重要 我早就知道 我應該放手 但過去的自己糾纏著我 總覺得一個人能夠擁有所有美好 直到挽留不成 才懂得放下的重要
我的心中終於多了空位 放下心中大石新的風味 依舊的不捨 在心底住著 依舊的無奈正在後面追
I know its hard to let go 適當的取捨不是我的錯 當我回到了現實逃出我的夢 過去的點滴 至少經歷過
telling myself is all okay 別管捨不得的心情作祟 保持著如此 all the way I know it's hard but my faith won't fade
拋去那悲傷我祈求著 面對那 新生活新的人 we must let something go 尋找個屬於自己的人生
止不住地想念 在心中逐漸發了芽 放手的那天 我心中早已沒了她 空洞的雙眼 再度開出鮮豔的話花 Sometimes we should let go
什麼都無法捨棄的人 什麼都改變不了 把一切放進了口袋 最後怎麼都甩不掉 總覺得一個人能夠擁有所有美好 直到挽留不成 才懂得放下的重要 我早就知道 我應該放手 但過去的自己糾纏著我 總覺得一個人能夠擁有所有美好 直到挽留不成 才懂得放下的重要
留言（ 2 ） 最相關留言 所有留言
留言（ 2 ）",2026-09-26,,,False,False,
2026-09-30 16:35:55,realtime,hip_hop,,,15,h0sh1kuzu,Take it slow,7,261,4,https://streetvoice.com/h0sh1kuzu_m4a/songs/881150/,https://streetvoice.com/h0sh1kuzu_m4a/,"https://akstatic.streetvoice.com/song_covers/h0/sh/h0sh1kuzu_m4a/7xbiu3eFt78t67wLfWLzt6.jpg?x-oss-process=image/resize,m_fill,h_400,w_400,limit_0",images/881150.jpg,@h0sh1kuzu_m4a,音樂人,台中市,2025-11-01,,16,49,27,,,https://www.youtube.com/user/StreetVoiceTV,,,Hip hop / Rap,,,,"暈船歌 
暈船歌","在盛夏的結尾 抽著菸 在深夜 思考那字句描述的夠不夠體面 那晚我徹夜難眠 思念籠罩你的容貌覆蓋著一層懸念 想跟你成家立業 在你哭泣時伸手拭去眼淚 氣氛已然完備 你的一顰一笑都如此完美 Take it slow 讓霓虹替我們沉默 不必承諾 也別急著說出口 Take it slow Just take it slower, baby 呼吸落在同一個節奏 這一秒 有你在就足夠 在你指尖殘留的香水味 游移不定的眼神中帶著沈醉 就算是直球對決 誰也沒戳破 曖昧才顯得安全 如果害怕需要挽留 請你就別急著回頭 把心跳都留給沉默 讓眼神代替那雙手 Stay with me Oh baby stay with me Take it slow 讓霓虹替我們沉默 不必承諾 也別急著說出口 Take it slow Just take it slower, baby 呼吸落在同一個節奏 這一秒 有你在就足夠 雙手是空的 這轉變太快還來不及習慣 回憶那一晚 你笑容和氛圍顯得多自然 你說你太危險要我注意不要太喜歡 然後默默遞過你的飲料上面用著同一隻吸管 Shit 怎麼會那麼暈 這感覺太久沒有像軍人全裝在大中午行軍 我現在真的有點法離開太久居然開始相信 喔好吧我認了你說的是對的 但我不聽 但我不聽話 除了dirty talk All about love 不都是在追逐著快樂 哪有人進門就說有點熱我明明有開冷氣 本來是這麼想直到我第一次感受到炙熱的身體 在意識和意識間用 舌頭連結起 接下來發生的事情我想我還是放在心裡 也許過了今晚就能淡然結束我的任期 騙你的我他媽暈得要死 要我怎麼裝不在意 
在盛夏的結尾 抽著菸 在深夜 思考那字句描述的夠不夠體面 那晚我徹夜難眠 思念籠罩你的容貌覆蓋著一層懸念 想跟你成家立業 在你哭泣時伸手拭去眼淚 氣氛已然完備 你的一顰一笑都如此完美
Take it slow 讓霓虹替我們沉默 不必承諾 也別急著說出口 Take it slow Just take it slower, baby 呼吸落在同一個節奏 這一秒 有你在就足夠
在你指尖殘留的香水味 游移不定的眼神中帶著沈醉 就算是直球對決 誰也沒戳破 曖昧才顯得安全 如果害怕需要挽留 請你就別急著回頭 把心跳都留給沉默 讓眼神代替那雙手
Stay with me Oh baby stay with me
Take it slow 讓霓虹替我們沉默 不必承諾 也別急著說出口 Take it slow Just take it slower, baby 呼吸落在同一個節奏 這一秒 有你在就足夠
雙手是空的 這轉變太快還來不及習慣 回憶那一晚 你笑容和氛圍顯得多自然 你說你太危險要我注意不要太喜歡 然後默默遞過你的飲料上面用著同一隻吸管 Shit 怎麼會那麼暈 這感覺太久沒有像軍人全裝在大中午行軍 我現在真的有點法離開太久居然開始相信 喔好吧我認了你說的是對的 但我不聽
但我不聽話 除了dirty talk All about love 不都是在追逐著快樂 哪有人進門就說有點熱我明明有開冷氣 本來是這麼想直到我第一次感受到炙熱的身體 在意識和意識間用 舌頭連結起 接下來發生的事情我想我還是放在心裡 也許過了今晚就能淡然結束我的任期 騙你的我他媽暈得要死 要我怎麼裝不在意
留言（ 4 ） 最相關留言 所有留言
留言（ 4 ）",2026-09-26,,,False,False,
2026-09-30 16:35:55,realtime,hip_hop,,,16,YouNg ReaL_🎲,神燈沒了精靈 DEMO,3,22,0,https://streetvoice.com/Youngreal_886/songs/881696/,https://streetvoice.com/Youngreal_886/,"https://akstatic.streetvoice.com/song_covers/Yo/un/Youngreal_886/JTSZGbA5SXbCYSTsKuW6Uo.jpeg?x-oss-process=image/resize,m_fill,h_400,w_400,limit_0",images/881696.jpeg,@Youngreal_886,音樂人,,,,4,8,8,,,https://www.youtube.com/user/StreetVoiceTV,,,Hip hop / Rap,,,,"給你許三個願望 許完就好聚好散 
給你許三個願望 許完就好聚好散","feel like 沒有神燈的精靈 all right 從來沒這麼清醒 good bye 心像易碎的玻璃 也許從明天起 竟不在乎分離 也許 是我太過於平靜 結局 還是一樣的冷清 每分 每秒都特別珍惜 神燈沒了精靈 就像我沒了你 希望 時間 真的能夠倒帶 OUT SIDE 不想當故事裡的旁白 想起從前 你呼喚從遠處傳來 但幻想終究是幻想 過去 就無法重來 看 鞦韆 擺盪 你溫柔的側臉 連 棉的 海浪 夕陽太過耀眼 無 人的 暗巷  剩月光的皎潔 唯一值得悼念 是你不在身邊 
feel like 沒有神燈的精靈 all right 從來沒這麼清醒 good bye 心像易碎的玻璃 也許從明天起 竟不在乎分離
也許 是我太過於平靜 結局 還是一樣的冷清 每分 每秒都特別珍惜 神燈沒了精靈 就像我沒了你
希望 時間 真的能夠倒帶 OUT SIDE 不想當故事裡的旁白 想起從前 你呼喚從遠處傳來 但幻想終究是幻想 過去 就無法重來
看 鞦韆 擺盪 你溫柔的側臉 連 棉的 海浪 夕陽太過耀眼 無 人的 暗巷  剩月光的皎潔 唯一值得悼念 是你不在身邊
留言（ 0 ） 最相關留言 所有留言
留言（ 0 ）",2026-09-28,,,False,False,
2026-09-30 16:35:55,realtime,hip_hop,,,17,drordie,榮光故里歸 demo,1,10,0,https://streetvoice.com/dreamordie/songs/881800/,https://streetvoice.com/dreamordie/,"https://akstatic.streetvoice.com/song_covers/dr/ea/dreamordie/8gH74KcaMz9zF2BTkMYWuj.jpeg?x-oss-process=image/resize,m_fill,h_400,w_400,limit_0",images/881800.jpeg,@dreamordie,音樂人,,,2025-05-21 16:29,7,73,9,,https://www.instagram.com/drordie.dir/,https://www.youtube.com/@drordie,,,Hip hop / Rap,,,,"有一天我會榮光故里歸的 對吧？ 
有一天我會榮光故里歸的 對吧？","其實一切沒有變 最愛的 還是那一件 故事曲折離奇 新鮮感也不再新鮮 但我不會重新選 時間幫我慢一點 wait wait put my city on the map 有一天我也會榮光故里歸 何時 何時 怎麼每個選擇背後都變得奢侈 會不會是這次 就能帶著自信回家當個好兒子 只是人無再少年 我們當然也不會再比今天更年輕 追逐太陽的耀眼 沒想過每個角色的責任這也是原因 okay i get it 1 2 3 腳步踩穩 那些問題麻煩get away 我走出我的 方圓裡面 我們都在慌亂的middle twenty 別著急 too young to be perfect Okay 沒問題 不再需要天氣預報 今天天氣晴 Still doing my thing 剛走出烏雲密佈 正趕往晴空萬里 朋友我得更加專心 
其實一切沒有變 最愛的 還是那一件 故事曲折離奇 新鮮感也不再新鮮 但我不會重新選 時間幫我慢一點 wait wait put my city on the map 有一天我也會榮光故里歸
何時 何時 怎麼每個選擇背後都變得奢侈 會不會是這次 就能帶著自信回家當個好兒子 只是人無再少年 我們當然也不會再比今天更年輕 追逐太陽的耀眼 沒想過每個角色的責任這也是原因 okay i get it 1 2 3 腳步踩穩 那些問題麻煩get away 我走出我的 方圓裡面 我們都在慌亂的middle twenty 別著急 too young to be perfect
Okay 沒問題 不再需要天氣預報 今天天氣晴 Still doing my thing 剛走出烏雲密佈 正趕往晴空萬里 朋友我得更加專心
留言（ 0 ） 最相關留言 所有留言
留言（ 0 ）",2026-09-29,,,False,False,
2026-09-30 16:35:55,realtime,hip_hop,,,18,沖吧睿哥,我是齊天大聖,0,22,1,https://streetvoice.com/rapbrui/songs/881564/,https://streetvoice.com/rapbrui/,"https://akstatic.streetvoice.com/profile_images/ra/pb/rapbrui/D4nJ5qdPLWL82i3WpPoXp2.jpg?x-oss-process=image/resize,m_fill,h_400,w_400,limit_0",images/881564.jpg,@rapbrui,音樂人,,,,2,,,,,https://www.youtube.com/user/StreetVoiceTV,,,Hip hop / Rap,,,,"孫悟空我就是我，不被框架定義。這首《齊天大聖》代表著突破逆境、堅持到底的嘻哈態度，戴上耳機，感受這個 Flow 的爆發力！ 
孫悟空我就是我，不被框架定義。這首《齊天大聖》代表著突破逆境、堅持到底的嘻哈態度，戴上耳機，感受這個 Flow 的爆發力！","天耐我何管他什麼因果 管她什麼天命我踏下明歸 嘿踏下壓過溫層眼裡只有這一棒  黑擋我先讓開啟 眼裏不管神明任命只有這條命  黑風起翻過山海 金光落找回來 我聽見神明在鬥 聽見眾神發呆 天奈我何 天奈我何 我偏要鬧到最後 天奈我何 天奈我何 一路衝破這天空 齊天大聖 齊天大聖  孫悟空就是我呦 這樣做什麼人才能做更棒的人 還是怎麼樣才能衝破雲霄殿 還是讓我心裡還是那些的衝擊 一路殺盡到了隔天一路殺盡到了雲端 我想劈開這什麼樣的的天地 黑風起翻過山海金光落找我回來 我聽見神明在鬥聽見眾神發呆 天耐我何 天耐我何 我偏要鬧到最後 天耐我何 天耐我何一路衝破這天空 齊天大聖 齊天大聖 孫悟空我就是我呦 我任性我想踏碎這命一路衝破天空 我想大鬧的就是 天空的的事讓我的心裡面 我的名號一出口連風都跟著瘋 天耐我何 天耐我何 我偏要鬧到最後 天奈我何 天奈我我何 一路衝破這天空 齊天大聖 齊天大聖 孫悟空我就是我 天耐我何 
天耐我何管他什麼因果 管她什麼天命我踏下明歸 嘿踏下壓過溫層眼裡只有這一棒  黑擋我先讓開啟 眼裏不管神明任命只有這條命  黑風起翻過山海 金光落找回來 我聽見神明在鬥 聽見眾神發呆 天奈我何 天奈我何 我偏要鬧到最後 天奈我何 天奈我何 一路衝破這天空 齊天大聖 齊天大聖  孫悟空就是我呦 這樣做什麼人才能做更棒的人 還是怎麼樣才能衝破雲霄殿 還是讓我心裡還是那些的衝擊 一路殺盡到了隔天一路殺盡到了雲端 我想劈開這什麼樣的的天地 黑風起翻過山海金光落找我回來 我聽見神明在鬥聽見眾神發呆 天耐我何 天耐我何 我偏要鬧到最後 天耐我何 天耐我何一路衝破這天空 齊天大聖 齊天大聖 孫悟空我就是我呦 我任性我想踏碎這命一路衝破天空 我想大鬧的就是 天空的的事讓我的心裡面 我的名號一出口連風都跟著瘋 天耐我何 天耐我何 我偏要鬧到最後 天奈我何 天奈我我何 一路衝破這天空 齊天大聖 齊天大聖 孫悟空我就是我
天耐我何
留言（ 1 ） 最相關留言 所有留言
留言（ 1 ）",2026-09-28,,,False,False,
2026-09-30 16:35:55,realtime,hip_hop,,,19,Doz,骷髏,1,15,0,https://streetvoice.com/Dodo0810/songs/881740/,https://streetvoice.com/Dodo0810/,"https://akstatic.streetvoice.com/song_covers/Do/do/Dodo0810/6HNTi9DAeXcv9FccKgGv2X.jpg?x-oss-process=image/resize,m_fill,h_400,w_400,limit_0",images/881740.jpg,@Dodo0810,音樂人,新北市,2021-01-01,,2,4,1,,,https://www.youtube.com/user/StreetVoiceTV,瞪鞋搖滾樂團DoZzz推出首張專輯《Passage》 週六舉辦專場|||https://blow.streetvoice.com/51758/?utm_source=streetvoice&utm_medium=profile-news-block; 首創泰雅族語融合黑人靈魂樂《莎韻DOZO》製作人黃士佳淺談原住民歌曲的「再詮釋」|||https://blow.streetvoice.com/49220/?utm_source=streetvoice&utm_medium=profile-news-block; Blow吹音樂選：2025年度30張台灣原創音樂專輯|||https://blow.streetvoice.com/85800/?utm_source=streetvoice&utm_medium=profile-news-block,,Hip hop / Rap,,,,,"骷髏是一種象徵 一群人出現在黃昏 他們沒有目標的狂奔 這是一場沒有終點的長征 沒有人能倖免 末日預言正在應驗 拼了命地掙扎 只為了能多活一天 重症患者出現跑馬燈 在病床邊落淚的家人 到底為了什麼而活著 我不懂 也不想懂了 名和利 無所謂 祈求時間後退 獨自一人坐在房間看著相片後悔 夜晚 一瓶瓶的酒把我灌醉 只有 酒精才能卸下我防備 不管每天的夜有多黑 撐著不讓我自己崩潰 那個自責的心在我清醒後又會逐漸浮現 失眠的夜 嘗試跟自己和解 用鮮血 化解 藏在心中已久的心結 放下一切 看淡生死 開始習慣離別 所有事物 在那瞬間 全部都被理解 這條旅程遲早會看到盡頭 只有現在沒有那麼多以後 曾經那些過客都只是經過 這趟旅程遲早會看到盡頭 只是現在沒有那麼多以後 曾經那些過客都只是經過 
骷髏是一種象徵 一群人出現在黃昏 他們沒有目標的狂奔 這是一場沒有終點的長征 沒有人能倖免 末日預言正在應驗 拼了命地掙扎 只為了能多活一天 重症患者出現跑馬燈 在病床邊落淚的家人 到底為了什麼而活著 我不懂 也不想懂了 名和利 無所謂 祈求時間後退 獨自一人坐在房間看著相片後悔 夜晚 一瓶瓶的酒把我灌醉 只有 酒精才能卸下我防備 不管每天的夜有多黑 撐著不讓我自己崩潰 那個自責的心在我清醒後又會逐漸浮現 失眠的夜 嘗試跟自己和解 用鮮血 化解 藏在心中已久的心結 放下一切 看淡生死 開始習慣離別 所有事物 在那瞬間 全部都被理解 這條旅程遲早會看到盡頭 只有現在沒有那麼多以後 曾經那些過客都只是經過 這趟旅程遲早會看到盡頭 只是現在沒有那麼多以後 曾經那些過客都只是經過
留言（ 0 ） 最相關留言 所有留言
留言（ 0 ）",2026-09-29,,,False,False,
2026-09-30 16:35:55,realtime,hip_hop,,,20,阿洛,鴨肉 (吉仔ㄟ歌),1,5,0,https://streetvoice.com/Frankly_/songs/881743/,https://streetvoice.com/Frankly_/,"https://akstatic.streetvoice.com/song_covers/Fr/an/Frankly_/Vg5ipDMFZuxBUpSQpknVdb.jpg?x-oss-process=image/resize,m_fill,h_400,w_400,limit_0",images/881743.jpg,@Frankly_,音樂人,台南市,2022-11-01,,2,1,1,,,https://www.youtube.com/user/StreetVoiceTV,阿洛與南島女音樂人跨國合作新專輯《女人島》 舒米恩獻聲展現阿美族複音搭唱|||https://blow.streetvoice.com/72209/?utm_source=streetvoice&utm_medium=profile-news-block; 【金曲37】2026年第37屆金曲獎得獎名單|||https://blow.streetvoice.com/88509/?utm_source=streetvoice&utm_medium=profile-news-block; 【金曲37】第37屆金曲獎入圍名單公布 陳嫺靜、Gummy B入圍最佳歌手獎|||https://blow.streetvoice.com/87754/?utm_source=streetvoice&utm_medium=profile-news-block,,Hip hop / Rap,,,,"所有給我老爸的歌 
所有給我老爸的歌","手提電火布，日頭熱甲欲窒箍 四界走傱 ，但是厝內猶有我愛顧 伊是正港的，水電師傅 厝邊攏知影 炒飯兩碗，一對普通的父子仔 這馬放假閒閒，阿翰緊上車 廟口咧熱鬧，手機仔莫閣看 涼的啉完，做伙來去買鹹酥雞 叫五百箍嘛開落去，伊是大頭家 騎歐兜邁食檳榔，反手猶有一支菸 Dio改甲乒乓叫，這叫態度有賰 鴨肉鴨肉，無穿衫企在廟口 暗啊暗啊，相揣欲來去賭博 鴨肉鴨肉，賭輸伊都無藉口 翰啊翰啊，莫閣規天咧睏覺 鴨肉鴨肉，無穿衫企在廟口 暗啊暗啊，相揣欲來去賭博 鴨肉鴨肉，賭輸伊都無藉口 翰啊翰啊，莫閣規天咧睡覺 
手提電火布，日頭熱甲欲窒箍
四界走傱 ，但是厝內猶有我愛顧
伊是正港的，水電師傅
厝邊攏知影
炒飯兩碗，一對普通的父子仔
這馬放假閒閒，阿翰緊上車
廟口咧熱鬧，手機仔莫閣看
涼的啉完，做伙來去買鹹酥雞
叫五百箍嘛開落去，伊是大頭家
騎歐兜邁食檳榔，反手猶有一支菸
Dio改甲乒乓叫，這叫態度有賰
鴨肉鴨肉，無穿衫企在廟口
暗啊暗啊，相揣欲來去賭博
鴨肉鴨肉，賭輸伊都無藉口
翰啊翰啊，莫閣規天咧睏覺
鴨肉鴨肉，無穿衫企在廟口
暗啊暗啊，相揣欲來去賭博
鴨肉鴨肉，賭輸伊都無藉口
翰啊翰啊，莫閣規天咧睡覺
留言（ 0 ） 最相關留言 所有留言
留言（ 0 ）",2026-09-29,,,False,False,
2026-09-30 16:35:55,realtime,hip_hop,,,21,韓森博懿,躁,3,170,0,https://streetvoice.com/Young_Yee/songs/880362/,https://streetvoice.com/Young_Yee/,"https://akstatic.streetvoice.com/song_covers/Yo/un/Young_Yee/kQH8dpD7uczuXSptm34AM3.jpeg?x-oss-process=image/resize,m_fill,h_400,w_400,limit_0",images/880362.jpeg,@Young_Yee,音樂人,,,,7,10,16,,,https://www.youtube.com/user/StreetVoiceTV,,,Hip hop / Rap,躁。焦。情。鬱。,https://streetvoice.com/Young_Yee/songs/album/97326104/,,,"Hook： 每當我開口 要場子一定得熱 掌握著節奏 不一定會懂我 一切不是夢 是種美妙的獨特 我絕不會撤 充滿著動力 擁有著底氣 不可能碰壁 要就當最屌的TOP 拿到VIP 怎麼會輕易說放棄 Ver： 不停的衝衝衝衝衝 我像是空中風又瘋 腦中的想法不停的蹦蹦蹦 朋友都叫我放鬆 精神來了像個超級英雄 我狀態像是巔峰 滿電的我繼續的冰蹦冰蹦 再怎樣我也不痛 Hook： 每當我開口 要場子一定得熱 掌握著節奏 不一定會懂我 一切不是夢 是種美妙的獨特 我絕不會撤 充滿著動力 擁有著底氣 不可能碰壁 要就當最屌的TOP 拿到VIP 怎麼會輕易說放棄 Ver： 什麼狀況 喝了再上 催尬緊蹦再尢到我撞 大家都說 說你好棒 尢到我身體都整個發燙 好啦就這樣都別再胡鬧了 時間到點了都該去睡覺了 說也奇怪的又真的奇妙了 睡覺什麼的不是我需要的 （躁掉） Hook： 每當我開口 要場子一定得熱 掌握著節奏 不一定會懂我 一切不是夢 是種美妙的獨特 我絕不會撤 充滿著動力 擁有著底氣 不可能碰壁 要就當最屌的TOP 拿到VIP 怎麼會輕易說放棄 
Hook： 每當我開口 要場子一定得熱 掌握著節奏 不一定會懂我 一切不是夢 是種美妙的獨特 我絕不會撤
充滿著動力 擁有著底氣 不可能碰壁 要就當最屌的TOP 拿到VIP 怎麼會輕易說放棄
Ver： 不停的衝衝衝衝衝 我像是空中風又瘋 腦中的想法不停的蹦蹦蹦 朋友都叫我放鬆 精神來了像個超級英雄 我狀態像是巔峰 滿電的我繼續的冰蹦冰蹦 再怎樣我也不痛
Hook： 每當我開口 要場子一定得熱 掌握著節奏 不一定會懂我 一切不是夢 是種美妙的獨特 我絕不會撤
充滿著動力 擁有著底氣 不可能碰壁 要就當最屌的TOP 拿到VIP 怎麼會輕易說放棄
Ver： 什麼狀況 喝了再上 催尬緊蹦再尢到我撞 大家都說 說你好棒 尢到我身體都整個發燙 好啦就這樣都別再胡鬧了 時間到點了都該去睡覺了 說也奇怪的又真的奇妙了 睡覺什麼的不是我需要的
（躁掉）
Hook： 每當我開口 要場子一定得熱 掌握著節奏 不一定會懂我 一切不是夢 是種美妙的獨特 我絕不會撤
充滿著動力 擁有著底氣 不可能碰壁 要就當最屌的TOP 拿到VIP 怎麼會輕易說放棄
留言（ 0 ） 最相關留言 所有留言
留言（ 0 ）",2026-09-20,,編輯推薦,True,False,
2026-09-30 16:35:55,realtime,hip_hop,,,22,Hong,告白要趁聖誕節前,1,9,0,https://streetvoice.com/J_Hong/songs/881224/,https://streetvoice.com/J_Hong/,"https://akstatic.streetvoice.com/song_covers/J_/Ho/J_Hong/BcgabRqWGgUzkrxaxam8Pu.jpg?x-oss-process=image/resize,m_fill,h_400,w_400,limit_0",images/881224.jpg,@J_Hong,音樂人,,,,4,2,,,,https://www.youtube.com/user/StreetVoiceTV,2019大團誕生開發場七 飛鴻FayeHong、FORMOZA、MAFANA不畏風雨|||https://blow.streetvoice.com/46474/?utm_source=streetvoice&utm_medium=profile-news-block; Sónar Hong Kong 首次登港 電音創意科技共冶一爐音樂節|||https://blow.streetvoice.com/32010/?utm_source=streetvoice&utm_medium=profile-news-block; 「大寒之後」Cicada live in Hong Kong 2016|||https://blow.streetvoice.com/16045/?utm_source=streetvoice&utm_medium=profile-news-block,,Hip hop / Rap,,,,"YT: https://www.youtube.com/@jiehong-s21 IG: jie_.hong (Demo version) ——————————————————————————— Lyrics -鄭傑鴻Hong Composing -(prod.waizener x luvv.kyoshi) Mixing & Mastering -鄭傑鴻Hong 
YT: https://www.youtube.com/@jiehong-s21 IG: jie_.hong
https://www.youtube.com/@jiehong-s21
(Demo version) ———————————————————————————
Lyrics -鄭傑鴻Hong Composing -(prod.waizener x luvv.kyoshi) Mixing & Mastering -鄭傑鴻Hong","動態歌詞
Hong slow down shawty 別讓時間過得太快 用你的聲音編成戀愛番的旁白 打亂思緒是什麼原因 要等到最後才肯做決定 其實我也沒有你想像中的那麼壞 難道你還沒發現我的配偶欄為你留了白 等到季節再替換 提起我們 也只是順帶 goddamn坦白講明天又不想去上學 可能我是真的很想你吧 我做什麼事都沒有感覺 想讓我走心嗎 你的揣測我真的沒有概念 怎麼能叫我Cupid讓他們都沒有遊戲體驗 我的直接 你的委婉 為了你我選擇放棄一切 你的細節 讓我心軟 在夢裡我們是天生一對 它散落在床邊 我看見了故事裡的起點 從前是有一個冬天 而我和你偶然碰面 神經緊繃 觀察行蹤 fucked up在想你的每一天 聽過很多 他們都說 告白要在聖誕節以前 不敢說的話 安慰自己反正還有再下一年 怕你沒有聽清楚所以接下來的話我不會省略 「天使的武器不是魔法」 下次先告訴我標準答案 再讓我回答 待收件的情書是回憶 我知道我們都不太會表達 所以 slow down shawty 別讓時間過得太快 用你的聲音編成戀愛番的旁白 打亂思緒是什麼原因 要等到最後才肯做決定 其實我也沒有你想像中的那麼壞 難道你還沒發現我的配偶欄為你留了白 等到季節再替換 提起我們 也只是順帶 我牽著你要怎麼逛街 和你去找浪漫 很沒有耐心的我在慢慢地瓦解 就瞬間 drop的痛 牽引我走 什麼微不足道 我只是還沒發現它很痛 
Hong slow down shawty 別讓時間過得太快 用你的聲音編成戀愛番的旁白 打亂思緒是什麼原因 要等到最後才肯做決定 其實我也沒有你想像中的那麼壞 難道你還沒發現我的配偶欄為你留了白 等到季節再替換 提起我們 也只是順帶 goddamn坦白講明天又不想去上學 可能我是真的很想你吧 我做什麼事都沒有感覺 想讓我走心嗎 你的揣測我真的沒有概念 怎麼能叫我Cupid讓他們都沒有遊戲體驗 我的直接 你的委婉 為了你我選擇放棄一切 你的細節 讓我心軟 在夢裡我們是天生一對 它散落在床邊 我看見了故事裡的起點 從前是有一個冬天 而我和你偶然碰面 神經緊繃 觀察行蹤 fucked up在想你的每一天 聽過很多 他們都說 告白要在聖誕節以前 不敢說的話 安慰自己反正還有再下一年 怕你沒有聽清楚所以接下來的話我不會省略 「天使的武器不是魔法」 下次先告訴我標準答案 再讓我回答 待收件的情書是回憶 我知道我們都不太會表達 所以 slow down shawty 別讓時間過得太快 用你的聲音編成戀愛番的旁白 打亂思緒是什麼原因 要等到最後才肯做決定 其實我也沒有你想像中的那麼壞 難道你還沒發現我的配偶欄為你留了白 等到季節再替換 提起我們 也只是順帶 我牽著你要怎麼逛街 和你去找浪漫 很沒有耐心的我在慢慢地瓦解 就瞬間 drop的痛 牽引我走 什麼微不足道 我只是還沒發現它很痛
留言（ 0 ） 最相關留言 所有留言
留言（ 0 ）",2026-09-28,,,False,False,
2026-09-30 16:35:55,realtime,hip_hop,,,23,許千九 Smoky,AVD DEMO,6,137,1,https://streetvoice.com/d8g448r7qy/songs/881140/,https://streetvoice.com/d8g448r7qy/,"https://akstatic.streetvoice.com/song_covers/d8/g4/d8g448r7qy/6bZdvnRdxkkTSyDJFKnPqH.jpeg?x-oss-process=image/resize,m_fill,h_400,w_400,limit_0",images/881140.jpeg,@d8g448r7qy,音樂人,,,,7,24,2,,,https://www.youtube.com/user/StreetVoiceTV,,,Hip hop / Rap,,,,"無任何引導 純粹想像力作品 
無任何引導 純粹想像力作品","I wanna cuddle just keep me tonight Want you to wake me up stay by my side Don’t you know luv is a lie U are a liar I lied I keep on doing this shit I keep on doing this shit I’m not feeling like I gonna lie To me I gonna lie in my passion Keep on doing this to me I’m not feeling like I’m gonna slip out of the bed Unless u teach me I keep on doing this shit I I I keep on I keep on doing this shit I’m not feeling like I Unless u miss me Unless u promise to be my boo Unless u make me lose my cool Unless u 跟我一樣想要的幸福 Unless u 偶爾會來我家住 Sorry 有時候我想不起你 也希望特別的日子被慶祝 Sorry I got my own anxiety 還是說我其實能夠被記住 Run run run run run running I keep on running from you I keep on running ‘Cause u a liar Baby I can’t get close enough Baby I can’t trust u enough Baby cut it out dats enough Baby One more kiss dats enough I keep on doing this shit I don’t even trust you I got my trust issues no So are u the one 這全都不算 這全都不算 這全都不算 Baby I can’t get close enough Baby I can’t trust u enough Baby cut it out dats enough Baby One more kiss dats enough 
I wanna cuddle just keep me tonight Want you to wake me up stay by my side Don’t you know luv is a lie U are a liar I lied I keep on doing this shit
I keep on doing this shit I’m not feeling like I gonna lie To me I gonna lie in my passion Keep on doing this to me I’m not feeling like I’m gonna slip out of the bed Unless u teach me
I keep on doing this shit I I I keep on I keep on doing this shit I’m not feeling like I Unless u miss me Unless u promise to be my boo Unless u make me lose my cool Unless u 跟我一樣想要的幸福 Unless u 偶爾會來我家住 Sorry 有時候我想不起你 也希望特別的日子被慶祝 Sorry I got my own anxiety 還是說我其實能夠被記住
Run run run run run running I keep on running from you I keep on running ‘Cause u a liar Baby I can’t get close enough Baby I can’t trust u enough Baby cut it out dats enough Baby One more kiss dats enough
I keep on doing this shit I don’t even trust you I got my trust issues no So are u the one 這全都不算 這全都不算 這全都不算
Baby I can’t get close enough Baby I can’t trust u enough Baby cut it out dats enough Baby One more kiss dats enough
留言（ 1 ） 最相關留言 所有留言
留言（ 1 ）",2026-09-25,,,False,False,
2026-09-30 16:35:55,realtime,hip_hop,,,24,FAT two,记忆巷子,0,4,0,https://streetvoice.com/nameyoung/songs/881728/,https://streetvoice.com/nameyoung/,"https://akstatic.streetvoice.com/profile_images/na/me/nameyoung/9F4WU9Z2TeiYtSDKLA2t2a.jpeg?x-oss-process=image/resize,m_fill,h_400,w_400,limit_0",images/881728.jpeg,@nameyoung,音樂人,四川,2026-09-01,,1,,1,,,https://www.youtube.com/user/StreetVoiceTV,喜歡哪種風格？音樂人友好的刺青團隊告訴你！|||https://blow.streetvoice.com/18513/?utm_source=streetvoice&utm_medium=profile-news-block,,Hip hop / Rap,,,,,"這是沒有提供歌詞的歌曲
留言（ 0 ） 最相關留言 所有留言
留言（ 0 ）",2026-09-29,,,False,False,
2026-09-30 16:35:55,realtime,hip_hop,,,25,Gr3dyyyyy,Hustle,1,35,0,https://streetvoice.com/abalone_huang/songs/881258/,https://streetvoice.com/abalone_huang/,"https://akstatic.streetvoice.com/music_albums/ab/al/abalone_huang/Y26vK8B4tH6RTwoyVNEAnE.jpeg?x-oss-process=image/resize,m_fill,h_400,w_400,limit_0",images/881258.jpeg,@abalone_huang,音樂人,,,,3,1,3,,,https://www.youtube.com/user/StreetVoiceTV,,,Hip hop / Rap,All the best,https://streetvoice.com/abalone_huang/songs/album/97326099/,,"作詞作曲 Lyrics & Composer｜Gr3dy 製作人 Producer｜Gr3dy 編曲人 Arrangement｜leegoldn 
作詞作曲 Lyrics & Composer｜Gr3dy 製作人 Producer｜Gr3dy 編曲人 Arrangement｜leegoldn","What I do for 我想你大概不懂 扒開初衷 你瞎猜怎能說的出口 九彎十八拐後還是找不到出口 厭倦當人沙袋 一旁發呆的豬頭 
What I do for 我想你大概不懂 扒開初衷 你瞎猜怎能說的出口 九彎十八拐後還是找不到出口 厭倦當人沙袋 一旁發呆的豬頭
留言（ 0 ） 最相關留言 所有留言
留言（ 0 ）",2026-09-26,,,False,False,
2026-09-30 16:35:55,realtime,hip_hop,,,26,Solita索利塔,罪 Sin,3,23,0,https://streetvoice.com/Solita777/songs/876850/,https://streetvoice.com/Solita777/,"https://akstatic.streetvoice.com/music_albums/So/li/Solita777/bx6zM4WvRkTrs8tpKokWGL.jpeg?x-oss-process=image/resize,m_fill,h_400,w_400,limit_0",images/876850.jpeg,@Solita777,音樂人,高雄市,2021-07-01,,24,7,4,,,https://www.youtube.com/user/StreetVoiceTV,,,Hip hop / Rap,無聲的狂歡 Silent feast,https://streetvoice.com/Solita777/songs/album/97325991/,,"現實中的一切終會把我催眠 詞&曲 Lyrics & Composed｜Solita索利塔 錄音Recording｜Badweatherzon 混音&母帶 Mixed & Mastering｜Badweatherzon Beat maker｜ Cells108 美術設計 Art Designer｜Nine_nylon99 
現實中的一切終會把我催眠
詞&曲 Lyrics & Composed｜Solita索利塔 錄音Recording｜Badweatherzon 混音&母帶 Mixed & Mastering｜Badweatherzon Beat maker｜ Cells108 美術設計 Art Designer｜Nine_nylon99","Chorus 為何 罪racks on me 習慣孤獨而非恐懼 惡魔的擁抱不被留意 racks on racks on rack on me 人心 被塗滿砒霜 他們都選擇一如既往 利益只為了填補慾望 死亡的終點卻是遺忘 racks on racks on rack on me 塵封的回憶 將靈魂 都凍成萬年的冰雪 racks on racks on rack on me 貪婪從眼神 倒映的 瞬間 就如同鏡面 Verse1 Sad with da pain 命運總把我囚禁 所有的選擇都被否定 回憶的一切 總讓我猶豫 虛偽目光 在眼底收盡 他們流下了 鱷魚淚 也許我 捨棄 樂與悲 被傷痕 又殘破擊潰 夜靜謐 問天是否錯意沒 Drip drip drip my tear 嘲諷的言語 我都還記得 未癒的傷疤 讓我感到飢餓 慾望搖籃 該如何閉合 陰鬱鋼琴 惡魔低吟 晝夜 響起 懺悔的餘韻 跨不過 是靈魂的距離 在黑暗 逐漸 展開了領域 Chorus 為何 罪racks on me 習慣孤獨而非恐懼 惡魔的擁抱不被留意 racks on racks on rack on me 人心 被塗滿砒霜 他們都選擇一如既往 利益只為了填補慾望 死亡的終點卻是遺忘 racks on racks on rack on me 塵封的回憶 將靈魂 都凍成萬年的冰雪 racks on racks on rack on me 貪婪從眼神 倒映的 瞬間 就如同鏡面 Verse2 出現 必定會 伴隨烏鴉悲鳴 存在抹殺 變成灰燼 孤獨 慾望無窮再回敬 如今美好 當作還沒睡醒 無數的痛苦 找尋自己 存在的意義 撕裂著靈魂 情緒冰冷 滿足心底的貪慾 經過了多少冷雨夜 天空也劃出了分際線 留下人情 只會剩一線 錢 權誘惑跟惡魔許願 許多過客 早就已經飛遠 所有的自卑 顯露自己卑賤 仇恨 心底 慾望把我規勸 獨來獨往 從不在意 誰的悲憐 Bridge 陷入慾望井後 留下了血淚 現實中的一切 總會把我催眠 keep run away Chorus 為何 罪racks on me 習慣孤獨而非恐懼 惡魔的擁抱不被留意 racks on racks on rack on me 人心 被塗滿砒霜 他們都選擇一如既往 利益只為了填補慾望 死亡的終點卻是遺忘 racks on racks on rack on me 塵封的回憶 將靈魂 都凍成萬年的冰雪 racks on racks on rack on me 貪婪從眼神 倒映的 瞬間 就如同鏡面 
Chorus 為何 罪racks on me 習慣孤獨而非恐懼 惡魔的擁抱不被留意 racks on racks on rack on me 人心 被塗滿砒霜 他們都選擇一如既往 利益只為了填補慾望 死亡的終點卻是遺忘 racks on racks on rack on me 塵封的回憶 將靈魂 都凍成萬年的冰雪 racks on racks on rack on me 貪婪從眼神 倒映的 瞬間 就如同鏡面
Verse1 Sad with da pain 命運總把我囚禁 所有的選擇都被否定 回憶的一切 總讓我猶豫 虛偽目光 在眼底收盡 他們流下了 鱷魚淚 也許我 捨棄 樂與悲 被傷痕 又殘破擊潰 夜靜謐 問天是否錯意沒 Drip drip drip my tear 嘲諷的言語 我都還記得 未癒的傷疤 讓我感到飢餓 慾望搖籃 該如何閉合 陰鬱鋼琴 惡魔低吟 晝夜 響起 懺悔的餘韻 跨不過 是靈魂的距離 在黑暗 逐漸 展開了領域
Chorus 為何 罪racks on me 習慣孤獨而非恐懼 惡魔的擁抱不被留意 racks on racks on rack on me 人心 被塗滿砒霜 他們都選擇一如既往 利益只為了填補慾望 死亡的終點卻是遺忘 racks on racks on rack on me 塵封的回憶 將靈魂 都凍成萬年的冰雪 racks on racks on rack on me 貪婪從眼神 倒映的 瞬間 就如同鏡面
Verse2 出現 必定會 伴隨烏鴉悲鳴 存在抹殺 變成灰燼 孤獨 慾望無窮再回敬 如今美好 當作還沒睡醒 無數的痛苦 找尋自己 存在的意義 撕裂著靈魂 情緒冰冷 滿足心底的貪慾 經過了多少冷雨夜 天空也劃出了分際線 留下人情 只會剩一線 錢 權誘惑跟惡魔許願 許多過客 早就已經飛遠 所有的自卑 顯露自己卑賤 仇恨 心底 慾望把我規勸 獨來獨往 從不在意 誰的悲憐
Bridge 陷入慾望井後 留下了血淚 現實中的一切 總會把我催眠 keep run away
Chorus 為何 罪racks on me 習慣孤獨而非恐懼 惡魔的擁抱不被留意 racks on racks on rack on me 人心 被塗滿砒霜 他們都選擇一如既往 利益只為了填補慾望 死亡的終點卻是遺忘 racks on racks on rack on me 塵封的回憶 將靈魂 都凍成萬年的冰雪 racks on racks on rack on me 貪婪從眼神 倒映的 瞬間 就如同鏡面
留言（ 0 ） 最相關留言 所有留言
留言（ 0 ）",2026-09-26,,,False,False,
2026-09-30 16:35:55,realtime,hip_hop,,,27,Gr3dyyyyy,Talk些,0,20,0,https://streetvoice.com/abalone_huang/songs/881245/,https://streetvoice.com/abalone_huang/,"https://akstatic.streetvoice.com/music_albums/ab/al/abalone_huang/Y26vK8B4tH6RTwoyVNEAnE.jpeg?x-oss-process=image/resize,m_fill,h_400,w_400,limit_0",images/881245.jpeg,@abalone_huang,音樂人,,,,3,1,3,,,https://www.youtube.com/user/StreetVoiceTV,,,Hip hop / Rap,All the best,https://streetvoice.com/abalone_huang/songs/album/97326099/,,"""聽著我Talk些然後拿到更多頭銜"" 作詞作曲 Lyrics & Composer｜Gr3dy 製作人 Producer｜Gr3dy 編曲人 Arrangement｜prod. ESKRY 
""聽著我Talk些然後拿到更多頭銜""
作詞作曲 Lyrics & Composer｜Gr3dy 製作人 Producer｜Gr3dy 編曲人 Arrangement｜prod. ESKRY","還不能休息 繼續的talk些 還不能休息 繼續的talk些 狀態時高時低像是在玩盪鞦韆 一樣還不能休息 繼續的talk些 每天都talk shit 但我講的不是bullshit 滔滔不絕 不知不覺 我變的熟練 更多的郵件 更多的邀約 是我所期待 是我所依賴 所以有不科學的留戀 聽著我talk些 聽著我talk些 聽著我talk些然後拿到更多頭銜 聽著我talk些 聽著我talk些 聽著我talk些然後拿到更多頭銜 記憶猶新 當時的場景 無法忘記 那麼的熟悉 觸景傷情 我也想忘記 或許就不該放棄 當我再次想起 是否我因此 變得更矜持 又或是因此 變得更上進 非理性充斥生活 有時會太衝 但焉知非福像是失了馬的塞翁 一塌糊塗也別有一番風味像燕麥粥 若不是這種心態 我也沒機會轉換跑道 手拿麥克風 
還不能休息 繼續的talk些 還不能休息 繼續的talk些 狀態時高時低像是在玩盪鞦韆 一樣還不能休息 繼續的talk些
每天都talk shit 但我講的不是bullshit 滔滔不絕 不知不覺 我變的熟練 更多的郵件 更多的邀約 是我所期待 是我所依賴 所以有不科學的留戀 聽著我talk些 聽著我talk些 聽著我talk些然後拿到更多頭銜 聽著我talk些 聽著我talk些 聽著我talk些然後拿到更多頭銜
記憶猶新 當時的場景 無法忘記 那麼的熟悉 觸景傷情 我也想忘記 或許就不該放棄 當我再次想起 是否我因此 變得更矜持 又或是因此 變得更上進 非理性充斥生活 有時會太衝 但焉知非福像是失了馬的塞翁 一塌糊塗也別有一番風味像燕麥粥 若不是這種心態 我也沒機會轉換跑道 手拿麥克風
留言（ 0 ） 最相關留言 所有留言
留言（ 0 ）",2026-09-26,,,False,False,
2026-09-30 16:35:55,realtime,hip_hop,,,28,范格OCVANZ,一人做事一人當,1,11,0,https://streetvoice.com/vanone/songs/881288/,https://streetvoice.com/vanone/,"https://akstatic.streetvoice.com/song_covers/va/no/vanone/crVmfWvVLzqNcujFu2993a.jpg?x-oss-process=image/resize,m_fill,h_400,w_400,limit_0",images/881288.jpg,@vanone,音樂人,,,,5,1,1,,,https://www.youtube.com/user/StreetVoiceTV,,,Hip hop / Rap,,,,,"一人做事一人當（帥） 藝人做事薏仁湯（好喝） 似曾相識四神湯（déjà vu） 小叮做事小叮噹（大雄） 美叮做事美叮噹（1、2） 響叮做事響叮噹（1、2） 煩惱太多老闆娘麻煩來一碗孟婆湯 麻雀雖小五臟俱全 無能為力炸醬麵（好吃) 阿嬤雖老 三點俱全 （哪三點） 一哭二鬧三合院(三小) 什麼國家的人不用電 緬甸(靠邀） 要確欸 要確欸 （雀食） 林北正在唱歌尬林北惦惦（閉嘴啦） 打電話給我的兄弟 沒有任何 談cell phone生 為了保持 家族風聲 我不想要做gang gang 賺乾淨的錢錢 出來讓市面見見我 漸漸的音樂變現了 感覺小時候身邊的Opps不講理的 都一樣Same same 沒關係可以回去慢慢的練練 因為都不會 一人做事一人當（我） 藝人做事薏仁湯（好喝） 似曾相識四神湯（déjà vu） 小叮做事啊小叮噹（嗯哼） 一家烤肉萬家香 (嗯哼） 七家烤肉八家將 麻雀雖小五藏小次郎 舉頭望明月別打擾林北低頭吃便當（賣岔） 通貨膨脹公道價八萬一漲到八萬八 人生無常大腸包小腸跩個二五八萬 沒命花 君の名は(你的名字) 肯定是(what)王德發 坐穩了這一波渦輪增鴨 甩掉阿達瑪空骨力欸咖小啊 借問酒家何處有，3.14159 順風浪 逆風投 問君能有幾多愁？ 術業有專攻 樹幹沒有 一回生 二回熟 恰似看見三群太監跑得像飛的上青樓 （太多了吧) 路見不平一聲吼 三觀跟著五官走 最高只能給你8.4 因為你有1.6 此曲只應天上有 醉翁之意不在酒 陽光總在風雨後 比我弱 硬要秀 關公面前已知用火 叫天天不應 叫地地不靈 叫哥哥布林 吵架扯不平 思念是一種病 思樂是一種冰 一寸光陰一寸金 就把老闆給開了 阿特范開張經營 自己幫自己加薪 因為我 一人做事一人當（帥） 藝人做事薏仁湯（好喝） 似曾相識四神湯（déjà vu） 小叮做事小叮噹（大雄） 美叮做事美叮噹（喔） 響叮做事響叮噹半瓶水別響叮噹 開玩笑的啦 別在那 搞破防 一人做事一人當（帥） 藝人做事薏仁湯（好喝） 似曾相識四神湯（déjà vu） 小叮做事小叮噹（大雄） 美叮做事美叮噹（喔） 響叮做事響叮噹（喔） 整天大清早忙的像是中川龍一郎 
一人做事一人當（帥） 藝人做事薏仁湯（好喝） 似曾相識四神湯（déjà vu） 小叮做事小叮噹（大雄） 美叮做事美叮噹（1、2） 響叮做事響叮噹（1、2） 煩惱太多老闆娘麻煩來一碗孟婆湯 麻雀雖小五臟俱全 無能為力炸醬麵（好吃) 阿嬤雖老 三點俱全 （哪三點） 一哭二鬧三合院(三小) 什麼國家的人不用電 緬甸(靠邀） 要確欸 要確欸 （雀食） 林北正在唱歌尬林北惦惦（閉嘴啦） 打電話給我的兄弟 沒有任何 談cell phone生 為了保持 家族風聲 我不想要做gang gang 賺乾淨的錢錢 出來讓市面見見我 漸漸的音樂變現了 感覺小時候身邊的Opps不講理的 都一樣Same same 沒關係可以回去慢慢的練練 因為都不會
一人做事一人當（我） 藝人做事薏仁湯（好喝） 似曾相識四神湯（déjà vu） 小叮做事啊小叮噹（嗯哼） 一家烤肉萬家香 (嗯哼） 七家烤肉八家將 麻雀雖小五藏小次郎 舉頭望明月別打擾林北低頭吃便當（賣岔） 通貨膨脹公道價八萬一漲到八萬八 人生無常大腸包小腸跩個二五八萬 沒命花 君の名は(你的名字) 肯定是(what)王德發 坐穩了這一波渦輪增鴨 甩掉阿達瑪空骨力欸咖小啊 借問酒家何處有，3.14159 順風浪 逆風投 問君能有幾多愁？ 術業有專攻 樹幹沒有 一回生 二回熟 恰似看見三群太監跑得像飛的上青樓 （太多了吧) 路見不平一聲吼 三觀跟著五官走 最高只能給你8.4 因為你有1.6 此曲只應天上有 醉翁之意不在酒 陽光總在風雨後 比我弱 硬要秀 關公面前已知用火 叫天天不應 叫地地不靈 叫哥哥布林 吵架扯不平 思念是一種病 思樂是一種冰 一寸光陰一寸金 就把老闆給開了 阿特范開張經營 自己幫自己加薪 因為我
一人做事一人當（帥） 藝人做事薏仁湯（好喝） 似曾相識四神湯（déjà vu） 小叮做事小叮噹（大雄） 美叮做事美叮噹（喔） 響叮做事響叮噹半瓶水別響叮噹 開玩笑的啦 別在那 搞破防 一人做事一人當（帥） 藝人做事薏仁湯（好喝） 似曾相識四神湯（déjà vu） 小叮做事小叮噹（大雄） 美叮做事美叮噹（喔） 響叮做事響叮噹（喔） 整天大清早忙的像是中川龍一郎
留言（ 0 ） 最相關留言 所有留言
留言（ 0 ）",2026-09-26,,,False,False,
2026-09-30 16:35:55,realtime,hip_hop,,,29,Gr3dyyyyy,恍惚之間,1,23,0,https://streetvoice.com/abalone_huang/songs/881257/,https://streetvoice.com/abalone_huang/,"https://akstatic.streetvoice.com/music_albums/ab/al/abalone_huang/Y26vK8B4tH6RTwoyVNEAnE.jpeg?x-oss-process=image/resize,m_fill,h_400,w_400,limit_0",images/881257.jpeg,@abalone_huang,音樂人,,,,3,1,3,,,https://www.youtube.com/user/StreetVoiceTV,,,Hip hop / Rap,All the best,https://streetvoice.com/abalone_huang/songs/album/97326099/,,"作詞作曲 Lyrics & Composer｜Gr3dy 製作人 Producer｜Gr3dy 編曲人 Arrangement｜6RAW 
作詞作曲 Lyrics & Composer｜Gr3dy 製作人 Producer｜Gr3dy 編曲人 Arrangement｜6RAW","在恍惚之間 睜開眼 已經下午四點 在恍惚之間 望向蓋住我的窗簾 在恍惚之間 曾想過多麼光鮮 太陽有多麼刺眼 但枉費了多少時間 昨晚忘了通風 燈光顯得有些昏暗 遺留在睡夢中 不復存在的稱讚 相框內的衝動 並不認為我是正版 身材變的蓬鬆 也害怕明天會起得更晚 The sky is darkening gradually 而我還躲在那被窩裡 祈禱著發生的全都是幻想 這樣的話一切都會過去 can't stop overthinking 分不清哪邊是清醒 逐漸瀕臨崩潰的心情 一步步朝我逼近 The sky is darkening gradually 而我還躲在那被窩裡 祈禱著發生的全都是幻想 這樣的話一切都會過去 事與願違 時間在流動我依然停滯 敷衍的行事 熬到了明日 才赫然發覺 在恍惚之間 睜開眼 已經下午四點 在恍惚之間 望向蓋住我的窗簾 在恍惚之間 曾想過多麼光鮮 太陽有多麼刺眼 但枉費了多少時間 日復一日的凋零 開始焦慮 斷開所有的交集 待在家裡 變得麻痺 恍惚之間有時也會想起 窗外透進來的光線 昨日的期待當前 對它我只有無止盡的抱歉 邋遢的樣子不堪入目蓬頭垢面 明白正作繭自縛但 近期內 處處受限 不停的發散何時才有機會收斂 
在恍惚之間 睜開眼 已經下午四點 在恍惚之間 望向蓋住我的窗簾 在恍惚之間 曾想過多麼光鮮 太陽有多麼刺眼 但枉費了多少時間
昨晚忘了通風 燈光顯得有些昏暗 遺留在睡夢中 不復存在的稱讚 相框內的衝動 並不認為我是正版 身材變的蓬鬆 也害怕明天會起得更晚
The sky is darkening gradually 而我還躲在那被窩裡 祈禱著發生的全都是幻想 這樣的話一切都會過去 can't stop overthinking 分不清哪邊是清醒 逐漸瀕臨崩潰的心情 一步步朝我逼近 The sky is darkening gradually 而我還躲在那被窩裡 祈禱著發生的全都是幻想 這樣的話一切都會過去 事與願違 時間在流動我依然停滯 敷衍的行事 熬到了明日 才赫然發覺
在恍惚之間 睜開眼 已經下午四點 在恍惚之間 望向蓋住我的窗簾 在恍惚之間 曾想過多麼光鮮 太陽有多麼刺眼 但枉費了多少時間
日復一日的凋零 開始焦慮 斷開所有的交集 待在家裡 變得麻痺 恍惚之間有時也會想起 窗外透進來的光線 昨日的期待當前 對它我只有無止盡的抱歉 邋遢的樣子不堪入目蓬頭垢面 明白正作繭自縛但 近期內 處處受限 不停的發散何時才有機會收斂
留言（ 0 ） 最相關留言 所有留言
留言（ 0 ）",2026-09-26,,,False,False,
2026-09-30 16:35:55,realtime,hip_hop,,,30,Gr3dyyyyy,早點,1,17,0,https://streetvoice.com/abalone_huang/songs/881256/,https://streetvoice.com/abalone_huang/,"https://akstatic.streetvoice.com/music_albums/ab/al/abalone_huang/Y26vK8B4tH6RTwoyVNEAnE.jpeg?x-oss-process=image/resize,m_fill,h_400,w_400,limit_0",images/881256.jpeg,@abalone_huang,音樂人,,,,3,1,3,,,https://www.youtube.com/user/StreetVoiceTV,,,Hip hop / Rap,All the best,https://streetvoice.com/abalone_huang/songs/album/97326099/,,"深藍的天空 寒冷的空氣 剛出爐的蛋餅 作詞作曲 Lyrics & Composer｜Gr3dy 製作人 Producer｜Gr3dy 編曲人 Arrangement｜Prod.JupaBeats 
深藍的天空 寒冷的空氣 剛出爐的蛋餅
作詞作曲 Lyrics & Composer｜Gr3dy 製作人 Producer｜Gr3dy 編曲人 Arrangement｜Prod.JupaBeats","比平常早點起床吃早點 清晨的街區出門散步消遣 美好的開始 外面風景好美 不必去在乎路途多遙遠 比平常早點起床吃早點 清晨的街區出門散步消遣 美好的開始 外面風景好美 不必去在乎路途多遙遠 Walking down the street I'm tryna be chill It feels like tripping 馬丘比丘 Then I find a type beat and freestyle 這種感覺多奇妙只有we know 窗外的世界開始蟲鳴鳥叫 我在街上四處跑跳 尋找著好料 隨後走進了早餐店 裡面老闆娘對我好親切 聽著音樂 其他事情I don't give a damn 同一首重播了好幾遍 在我的腦裏面 不停縈繞著 沒有極限 也不知疲倦的漫步 身邊的街景一樣的熟悉 就算偶爾 有麻煩亂入 依然要走上天橋的樓梯 比平常早點起床吃早點 清晨的街區出門散步消遣 美好的開始 外面風景好美 不必去在乎路途多遙遠 比平常早點起床吃早點 清晨的街區出門散步消遣 美好的開始 外面風景好美 不必去在乎路途多遙遠 起了早點 所以不會遲到 吃了早點 填飽我胃食道 有精神逆流 而上抵抗來勢洶洶的慾望 行人沒幾個 直到人群開始 往車廂蜂擁而入 整天幾乎 都充滿期待 因此 未曾把雙眼給闔住 像是打了整管興奮劑 奮力 earn it因為我的思考能力比原本縝密 更穩定 直到夜晚 的月亮升起 沐浴在陽光的照耀 一切豁然開朗我彷彿醍醐灌頂 感受人生的奧妙 不論時間流逝我依然吃著蛋餅 比平常早點起床吃早點 清晨的街區出門散步消遣 美好的開始 外面風景好美 不必去在乎路途多遙遠 比平常早點起床吃早點 清晨的街區出門散步消遣 美好的開始 外面風景好美 不必去在乎路途多遙遠 
比平常早點起床吃早點 清晨的街區出門散步消遣 美好的開始 外面風景好美 不必去在乎路途多遙遠 比平常早點起床吃早點 清晨的街區出門散步消遣 美好的開始 外面風景好美 不必去在乎路途多遙遠
Walking down the street I'm tryna be chill It feels like tripping 馬丘比丘 Then I find a type beat and freestyle 這種感覺多奇妙只有we know 窗外的世界開始蟲鳴鳥叫 我在街上四處跑跳 尋找著好料 隨後走進了早餐店 裡面老闆娘對我好親切 聽著音樂 其他事情I don't give a damn 同一首重播了好幾遍 在我的腦裏面 不停縈繞著 沒有極限 也不知疲倦的漫步 身邊的街景一樣的熟悉 就算偶爾 有麻煩亂入 依然要走上天橋的樓梯
比平常早點起床吃早點 清晨的街區出門散步消遣 美好的開始 外面風景好美 不必去在乎路途多遙遠 比平常早點起床吃早點 清晨的街區出門散步消遣 美好的開始 外面風景好美 不必去在乎路途多遙遠
起了早點 所以不會遲到 吃了早點 填飽我胃食道 有精神逆流 而上抵抗來勢洶洶的慾望 行人沒幾個 直到人群開始 往車廂蜂擁而入 整天幾乎 都充滿期待 因此 未曾把雙眼給闔住 像是打了整管興奮劑 奮力 earn it因為我的思考能力比原本縝密 更穩定 直到夜晚 的月亮升起 沐浴在陽光的照耀 一切豁然開朗我彷彿醍醐灌頂 感受人生的奧妙 不論時間流逝我依然吃著蛋餅
比平常早點起床吃早點 清晨的街區出門散步消遣 美好的開始 外面風景好美 不必去在乎路途多遙遠 比平常早點起床吃早點 清晨的街區出門散步消遣 美好的開始 外面風景好美 不必去在乎路途多遙遠
留言（ 0 ） 最相關留言 所有留言
留言（ 0 ）",2026-09-26,,,False,False,
2026-09-30 16:35:55,realtime,hip_hop,,,31,YouNg ReaL_🎲,KING_IS_BACK FREESTYLE DEMO,4,34,1,https://streetvoice.com/Youngreal_886/songs/881355/,https://streetvoice.com/Youngreal_886/,"https://akstatic.streetvoice.com/song_covers/Yo/un/Youngreal_886/fLNc5NWyoeoeRyts6wmPzw.jpeg?x-oss-process=image/resize,m_fill,h_400,w_400,limit_0",images/881355.jpeg,@Youngreal_886,音樂人,,,,4,8,8,,,https://www.youtube.com/user/StreetVoiceTV,,,Hip hop / Rap,,,LEON、h0sh1kuzu,"s/o 褲子Kuzu   LEON All is back !!!! 
s/o 褲子Kuzu   LEON All is back !!!!","YOUNG ReaL: 大家 long time no see 真是好久不見 但好像只有我的精神 從來不曾熄滅 在我安靜的日子裡 有人  觸碰了底線 告訴你 king is back 回來把妳反覆凌虐 依然不指名道姓 掩耳盜鈴 選擇旁聽 必然站在高的段位 bro 妳譴責黃金 又或是 開著auto tune 句尾還拖著長音 結果呢 你選擇了一個黑客來幫妳還擊 要copy 真傳奇的故事 開個檔案讓你複製 幾千雙眼睛的注視 全都是你的幻想 別問我how we roll 說你有多屌 no 全部都是花瓶 碎的玻璃 FCC  超DOPE 其實我也是路過 太無辜 別罵得太很 平時走夜路太多 不讀書 也保持水準 要保持著好心情 有激情的 過著每秒 外送你幾次鞭刑 24HR 不斷圍剿 你們這群  年輕小伙  別欣賞我 才華洋溢 你們穿著   不是TRAP BOY 像野狗沒沾染洋氣 我不想浪費時間 把垃圾分類說詳細 你們身上衣服破的 還不如你家牆壁 褲子Kuzu: STFU一堆懂哥懂弟 爛得要命一群十幾個加起來沒我的實力 努力噴著垃圾話 寫著爛的type beat 受夠了一堆pussy年紀輕輕小的雞雞 你的歌就像是火鍋裡面加芋頭 Feel like cardi B 我說你有大乳頭 我想踢足球 等我出手 我恐同所以現在片甲不留 不要在那雞雞巴巴的 嘻嘻哈哈的 我會把你CD刮花了 EZ my brother 非常的容易 不管我用了什麼工藝 什麼用意 同期裡沒啥實力全部都在吃年齡紅利 衝擊你的作品庫裡幾GB的trash 你最好快點祈禱別被殺掉make a wish 不只拉高行情還順手搶了你的crush 你學不來我的押韻就像你猜不到我的下一句 這什麼組合 抽太法的哥們跟感冒的地雷男 毫無威攝力的歌詞 你老二微軟 聽你的歌你要付我賠款 不只違反社群規範更要追趕製造內亂 
YOUNG ReaL: 大家 long time no see 真是好久不見 但好像只有我的精神 從來不曾熄滅 在我安靜的日子裡 有人  觸碰了底線 告訴你 king is back 回來把妳反覆凌虐
依然不指名道姓 掩耳盜鈴 選擇旁聽 必然站在高的段位 bro 妳譴責黃金 又或是 開著auto tune 句尾還拖著長音 結果呢 你選擇了一個黑客來幫妳還擊
要copy 真傳奇的故事 開個檔案讓你複製 幾千雙眼睛的注視 全都是你的幻想
別問我how we roll 說你有多屌 no 全部都是花瓶 碎的玻璃 FCC  超DOPE
其實我也是路過 太無辜 別罵得太很 平時走夜路太多 不讀書 也保持水準 要保持著好心情 有激情的 過著每秒 外送你幾次鞭刑 24HR 不斷圍剿
你們這群  年輕小伙  別欣賞我 才華洋溢 你們穿著   不是TRAP BOY 像野狗沒沾染洋氣 我不想浪費時間 把垃圾分類說詳細 你們身上衣服破的 還不如你家牆壁
褲子Kuzu: STFU一堆懂哥懂弟 爛得要命一群十幾個加起來沒我的實力 努力噴著垃圾話 寫著爛的type beat 受夠了一堆pussy年紀輕輕小的雞雞 你的歌就像是火鍋裡面加芋頭 Feel like cardi B 我說你有大乳頭 我想踢足球 等我出手 我恐同所以現在片甲不留
不要在那雞雞巴巴的 嘻嘻哈哈的 我會把你CD刮花了 EZ my brother 非常的容易 不管我用了什麼工藝 什麼用意 同期裡沒啥實力全部都在吃年齡紅利
衝擊你的作品庫裡幾GB的trash 你最好快點祈禱別被殺掉make a wish 不只拉高行情還順手搶了你的crush 你學不來我的押韻就像你猜不到我的下一句
這什麼組合 抽太法的哥們跟感冒的地雷男 毫無威攝力的歌詞 你老二微軟 聽你的歌你要付我賠款 不只違反社群規範更要追趕製造內亂
留言（ 1 ） 最相關留言 所有留言
留言（ 1 ）",2026-09-27,,,False,False,
2026-09-30 16:35:55,realtime,hip_hop,,,32,奧薩瑪 Osama,說真的我曾經 demo,5,213,0,https://streetvoice.com/hejiawei0909/songs/879934/,https://streetvoice.com/hejiawei0909/,"https://akstatic.streetvoice.com/song_covers/he/ji/hejiawei0909/29se8x2EfU95u8L8bXYHtn.jpg?x-oss-process=image/resize,m_fill,h_400,w_400,limit_0",images/879934.jpg,@hejiawei0909,音樂人,新北市,2018-09-01,,22,45,25,,,https://www.youtube.com/user/StreetVoiceTV,,,Hip hop / Rap,,,,,"說真的 我曾經 幻想過這一覺不再醒來 說真的 我承認 我害怕不能期待 走在路上感覺他媽大家都在看我 黑色的 眼球我實在不能夠看懂 沒有辦法 我當然沒有看不懂 我害怕我看著我當然知道眼球不能夠包裝 直到我是試著將一切全部都給打破 多麼希望這一切都會是一場夢 境 但這不是夢境 我爬到了最頂端看 下面那湖面的倒影 彷彿一下子 我就能夠呱呱墜地 看上去的風景還是一樣的美麗 看那美麗風景 
說真的 我曾經 幻想過這一覺不再醒來 說真的 我承認 我害怕不能期待 走在路上感覺他媽大家都在看我 黑色的 眼球我實在不能夠看懂 沒有辦法 我當然沒有看不懂 我害怕我看著我當然知道眼球不能夠包裝 直到我是試著將一切全部都給打破 多麼希望這一切都會是一場夢 境 但這不是夢境 我爬到了最頂端看 下面那湖面的倒影 彷彿一下子 我就能夠呱呱墜地 看上去的風景還是一樣的美麗 看那美麗風景
留言（ 0 ） 最相關留言 所有留言
留言（ 0 ）",2026-09-18,,編輯推薦,True,False,
2026-09-30 16:35:55,realtime,hip_hop,,,33,cjø4wut,Need U (Self Ver. Demo),3,49,1,https://streetvoice.com/cj_0412/songs/881147/,https://streetvoice.com/cj_0412/,"https://akstatic.streetvoice.com/profile_images/cj/_0/cj_0412/NXkmByL6QsB8ztugsQVUii.jpg?x-oss-process=image/resize,m_fill,h_400,w_400,limit_0",images/881147.jpg,@cj_0412,音樂人,台北市,2025-06-01,,6,8,15,,,https://www.youtube.com/user/StreetVoiceTV,,,Hip hop / Rap,,,,,"I need u by my side Cuz baby u my only 一晚的時間過得快 Baby can u repeat 說明白了U my type 甩她們好幾公里 Am I wrong Ain't Gon lie Cuz bae u r my type I need u by my side 請拯救我的狀態 感謝上帝讓妳出現在我面前 I told em thousand times U r my destined Baby妳早已經我的心牽走了 1/2的心多了一半 也期盼與妳相遇 內心多了期待 妳的髮香味靠近時 久了就成為我的依賴 Please just be my Caroline I need u by my side Cuz baby u my only y Huh wo oh I need u by my side Cuz baby u my only 一晚的時間過得快 Baby can u repeat 說明白了U my type 甩她們好幾公里 Am I wrong Ain't Gon lie Cuz bae u r my type I need u by my side Cuz baby u my only 一晚的時間過得快 Baby can u repeat 說明白了U my type 甩她們好幾公里 Am I wrong Ain't Gon lie Cuz bae u r my type 
I need u by my side Cuz baby u my only 一晚的時間過得快 Baby can u repeat 說明白了U my type 甩她們好幾公里 Am I wrong Ain't Gon lie Cuz bae u r my type
I need u by my side 請拯救我的狀態 感謝上帝讓妳出現在我面前 I told em thousand times U r my destined Baby妳早已經我的心牽走了 1/2的心多了一半 也期盼與妳相遇 內心多了期待 妳的髮香味靠近時 久了就成為我的依賴 Please just be my Caroline
I need u by my side Cuz baby u my only y Huh wo oh
I need u by my side Cuz baby u my only 一晚的時間過得快 Baby can u repeat 說明白了U my type 甩她們好幾公里 Am I wrong Ain't Gon lie Cuz bae u r my type
I need u by my side Cuz baby u my only 一晚的時間過得快 Baby can u repeat 說明白了U my type 甩她們好幾公里 Am I wrong Ain't Gon lie Cuz bae u r my type
留言（ 1 ） 最相關留言 所有留言
留言（ 1 ）",2026-09-26,,,False,False,
2026-09-30 16:35:55,realtime,hip_hop,,,34,無用中年飯館 · Useless Diner,外星人的血在四樓,2,24,1,https://streetvoice.com/uselessdiner/songs/881167/,https://streetvoice.com/uselessdiner/,"https://akstatic.streetvoice.com/song_covers/us/el/uselessdiner/cqcX2xCycqkAPDe68pA2WA.jpeg?x-oss-process=image/resize,m_fill,h_400,w_400,limit_0",images/881167.jpeg,@uselessdiner,音樂人,台灣,2026-09-01,,8,3,1,,,https://www.youtube.com/user/StreetVoiceTV,,,Hip hop / Rap,,,,"「曾經相信的，卻一個一個留在身後。」 取材自小朋友的真實故事。 那時候真的相信， 四樓有外星人， 樓梯再往上， 就是宇宙。 長大以後才發現， 有些答案知道了， 反而沒那麼有趣。 #無用中年飯館 #外星人的血在四樓 #台灣獨立音樂 #華語搖滾 #另類搖滾 #IndieFolkRock #老王樂隊風 #童年遺憾 #幻滅 #青春 
「曾經相信的，卻一個一個留在身後。」
取材自小朋友的真實故事。
那時候真的相信， 四樓有外星人， 樓梯再往上， 就是宇宙。
長大以後才發現， 有些答案知道了， 反而沒那麼有趣。
#無用中年飯館 #外星人的血在四樓 #台灣獨立音樂 #華語搖滾 #另類搖滾 #IndieFolkRock #老王樂隊風 #童年遺憾 #幻滅 #青春","〈外星人的血在四樓〉 放學鐘一響就往巷口溜 書包隨手一丟誰也不回頭 巷口有人神祕地開口 說昨晚有道怪光閃過牆後 樓梯一灘藍色慢慢流 我們圍成一圈不敢伸手 有人說怪獸半夜爬上四樓 有人說外星人中蛋逃走 吵了半天 不知道誰突然開口—— 那是外星人的血 就留在四樓 我們誰都沒看過宇宙 卻誰都相信牠真的來過 一個說昨晚聽見腳步 一個說窗外看見怪手 剩下那個最怕的我 嘴硬說：有什麼好怕的喔 走就走 外星人的血在四樓 我們躲在三樓不敢走 嘴上都說誰怕誰是小狗 手卻抓得比誰都久 外星人的血在四樓 樓梯再往上就是宇宙 那時候我們真的相信 推開那扇門以後 會有沒去過的星球 有飛船　有怪獸 有幾百種還沒發生的以後 還有長大的我們 站在世界的盡頭 四樓平常我們不太上去 樓梯再往上就有點安靜 牆上有個不知道哪來的洞 以前真的看過蝙蝠飛出去 所以大家越想越有道理 難怪最近它們變得比較少而已 外星人昨晚降落在這裡 大概是來研究蝙蝠的秘密 有人說牠們晚上才會出現 白天躲在四樓裡面休息 於是我們蹲在樓梯下面 從下午守到路燈亮起 誰都不敢真的往上走 又怕錯過牠突然飛出去 等了半天什麼都沒發生 蚊子倒是吃得很開心 最後媽媽一個一個來找 我們還約好明天繼續研究下去 外星人的血在四樓 我們躲在三樓不敢走 嘴上都說誰怕誰是小狗 手卻抓得比誰都久 外星人的血在四樓 樓梯再往上就是宇宙 那時候我們真的相信 推開那扇門以後 會有沒去過的星球 有飛船　有怪獸 有幾百種還沒發生的以後 還有長大的我們 站在世界的盡頭 很多年以後 我又經過那棟樓 鐵門換了 牆重新漆過 樓梯變得 比記憶裡窄很多 我慢慢走上四樓 站了很久 那裡沒有飛碟 沒有怪手 也沒有誰躲在門後 牆角那灘藍色的血 也早就什麼都沒留 外星人的血在四樓 可是我們早就搬走 當年說好 長大還要一起探索宇宙 現在連見面 都要先問有沒有空 外星人的血在四樓 真假現在誰還追究 那時我們站在樓梯口 真的相信再往上就是宇宙 外星人的血在四樓 我已經敢一個人往上走 長大以後 答案一個一個到手 曾經相信的 卻一個一個留在身後 走到那扇門口 我忽然站了很久 明明只差一步 卻沒有再往前走 只是有些答案 知道了以後 那個宇宙 就只剩在小時候 我把手收回 轉身慢慢下樓 沒有回頭 
〈外星人的血在四樓〉
放學鐘一響就往巷口溜 書包隨手一丟誰也不回頭
巷口有人神祕地開口 說昨晚有道怪光閃過牆後
樓梯一灘藍色慢慢流 我們圍成一圈不敢伸手
有人說怪獸半夜爬上四樓 有人說外星人中蛋逃走
吵了半天 不知道誰突然開口—— 那是外星人的血
就留在四樓
我們誰都沒看過宇宙 卻誰都相信牠真的來過
一個說昨晚聽見腳步 一個說窗外看見怪手
剩下那個最怕的我 嘴硬說：有什麼好怕的喔 走就走
外星人的血在四樓 我們躲在三樓不敢走
嘴上都說誰怕誰是小狗 手卻抓得比誰都久
外星人的血在四樓 樓梯再往上就是宇宙
那時候我們真的相信
推開那扇門以後 會有沒去過的星球
有飛船　有怪獸 有幾百種還沒發生的以後
還有長大的我們 站在世界的盡頭
四樓平常我們不太上去 樓梯再往上就有點安靜
牆上有個不知道哪來的洞 以前真的看過蝙蝠飛出去
所以大家越想越有道理 難怪最近它們變得比較少而已
外星人昨晚降落在這裡 大概是來研究蝙蝠的秘密
有人說牠們晚上才會出現 白天躲在四樓裡面休息
於是我們蹲在樓梯下面 從下午守到路燈亮起
誰都不敢真的往上走 又怕錯過牠突然飛出去
等了半天什麼都沒發生 蚊子倒是吃得很開心
最後媽媽一個一個來找 我們還約好明天繼續研究下去
外星人的血在四樓 我們躲在三樓不敢走
嘴上都說誰怕誰是小狗 手卻抓得比誰都久
外星人的血在四樓
樓梯再往上就是宇宙 那時候我們真的相信
推開那扇門以後 會有沒去過的星球
有飛船　有怪獸 有幾百種還沒發生的以後
還有長大的我們 站在世界的盡頭
很多年以後 我又經過那棟樓
鐵門換了 牆重新漆過
樓梯變得 比記憶裡窄很多
我慢慢走上四樓 站了很久
那裡沒有飛碟 沒有怪手
也沒有誰躲在門後
牆角那灘藍色的血 也早就什麼都沒留
外星人的血在四樓 可是我們早就搬走
當年說好 長大還要一起探索宇宙
現在連見面 都要先問有沒有空
外星人的血在四樓 真假現在誰還追究
那時我們站在樓梯口 真的相信再往上就是宇宙
外星人的血在四樓 我已經敢一個人往上走
長大以後 答案一個一個到手
曾經相信的 卻一個一個留在身後
走到那扇門口 我忽然站了很久
明明只差一步 卻沒有再往前走
只是有些答案 知道了以後
那個宇宙 就只剩在小時候
我把手收回 轉身慢慢下樓
沒有回頭
留言（ 1 ） 最相關留言 所有留言
留言（ 1 ）",2026-09-26,,AI 協作 Hip hop / Rap,False,False,
2026-09-30 16:35:55,realtime,hip_hop,,,35,Solita索利塔,籠中鳥 Caged bird,3,13,0,https://streetvoice.com/Solita777/songs/876848/,https://streetvoice.com/Solita777/,"https://akstatic.streetvoice.com/music_albums/So/li/Solita777/bx6zM4WvRkTrs8tpKokWGL.jpeg?x-oss-process=image/resize,m_fill,h_400,w_400,limit_0",images/876848.jpeg,@Solita777,音樂人,高雄市,2021-07-01,,24,7,4,,,https://www.youtube.com/user/StreetVoiceTV,,,Hip hop / Rap,無聲的狂歡 Silent feast,https://streetvoice.com/Solita777/songs/album/97325991/,,"金錢是逃出牢籠的鑰匙，還是下個囚禁自己的泥沼？ 詞&曲 Lyrics & Composed｜Solita索利塔 / Badweatherzon 錄音Recording｜Badweatherzon 混音&母帶 Mixed & Mastering｜Badweatherzon Beat maker｜ Kyon 美術設計 Art Designer｜Nine_nylon99 
金錢是逃出牢籠的鑰匙，還是下個囚禁自己的泥沼？
詞&曲 Lyrics & Composed｜Solita索利塔 / Badweatherzon 錄音Recording｜Badweatherzon 混音&母帶 Mixed & Mastering｜Badweatherzon Beat maker｜ Kyon 美術設計 Art Designer｜Nine_nylon99","Chorus 身上全都擺滿現金 雨過何時能夠天晴 天上怎麼落下餡餅 賺得越多卻與他們遠離 早厭煩無謂的建議 失敗後才需要憐憫 Ca-ca-ca-ca-cash money 只有 這些能讓傷口痊癒 Huh huh huh huh 說真的我不capping 違心的話 在我眼裡怎麼能夠對應 Huh huh huh huh 逃離規律的規矩 身處的罪域都僅剩灰燼 Verse1 Never gon stop 追名逐利 敗得一敗塗地 缺少骨氣 心靈 變得陰鬱 泥濘 陷於井底 入戲後 靈魂富裕 籠外願景 觸摸不到的現象 偏激 數次裝得堅強 逃脫循環 全是虛妄 丟失的覺察 把自我寄放 識破慾望要all da way cold 最後 為了換取誰回眸 飛向天空 卻都得墜落 捏住羽翼 結果只能沈默 被圈養的雛鳥 每天望著天空 All for the sin 景象停留眼中 Pain with my life 總失敗的鋪陳 什麼都 做不到 只能算我無能 Chorus 身上全都擺滿現金 雨過何時能夠天晴 天上怎麼落下餡餅 賺得越多卻與他們遠離 早厭煩無謂的建議 失敗後才需要憐憫 Ca-ca-ca-ca-cash money 只有 這些能讓傷口痊癒 Huh huh huh huh 說真的我不capping 違心的話 在我眼裡怎麼能夠對應 Huh huh huh huh 逃離規律的規矩 身處的罪域都僅剩灰燼 Verse2 太像夢境的現實 掉入內耗陷阱 耶 他們問我 遺憾點 麻-麻-麻來麻痹險境 我不需要那點東西只顧清醒走向頂點 大多時間只是靜心用來對自我理解 折翼的天使忘卻飛翔了吧 痴迷的程度讓孤獨發酵 持續撞擊也不過是徒勞無功 把你囚禁的鳥籠終究是無果 Chorus 身上全都擺滿現金 雨過何時能夠天晴 天上怎麼落下餡餅 賺得越多卻與他們遠離 早厭煩無謂的建議 失敗後才需要憐憫 Ca-ca-ca-ca-cash money 只有 這些能讓傷口痊癒 Huh huh huh huh 說真的我不capping 違心的話 在我眼裡怎麼能夠對應 Huh huh huh huh 逃離規律的規矩 身處的罪域都僅剩灰燼 
Chorus 身上全都擺滿現金 雨過何時能夠天晴 天上怎麼落下餡餅 賺得越多卻與他們遠離 早厭煩無謂的建議 失敗後才需要憐憫 Ca-ca-ca-ca-cash money 只有 這些能讓傷口痊癒 Huh huh huh huh 說真的我不capping 違心的話 在我眼裡怎麼能夠對應 Huh huh huh huh 逃離規律的規矩 身處的罪域都僅剩灰燼
Verse1 Never gon stop 追名逐利 敗得一敗塗地 缺少骨氣 心靈 變得陰鬱 泥濘 陷於井底 入戲後 靈魂富裕 籠外願景 觸摸不到的現象 偏激 數次裝得堅強 逃脫循環 全是虛妄 丟失的覺察 把自我寄放 識破慾望要all da way cold 最後 為了換取誰回眸 飛向天空 卻都得墜落 捏住羽翼 結果只能沈默 被圈養的雛鳥 每天望著天空 All for the sin 景象停留眼中 Pain with my life 總失敗的鋪陳 什麼都 做不到 只能算我無能
Chorus 身上全都擺滿現金 雨過何時能夠天晴 天上怎麼落下餡餅 賺得越多卻與他們遠離 早厭煩無謂的建議 失敗後才需要憐憫 Ca-ca-ca-ca-cash money 只有 這些能讓傷口痊癒 Huh huh huh huh 說真的我不capping 違心的話 在我眼裡怎麼能夠對應 Huh huh huh huh 逃離規律的規矩 身處的罪域都僅剩灰燼
Verse2 太像夢境的現實 掉入內耗陷阱 耶 他們問我 遺憾點 麻-麻-麻來麻痹險境 我不需要那點東西只顧清醒走向頂點 大多時間只是靜心用來對自我理解 折翼的天使忘卻飛翔了吧 痴迷的程度讓孤獨發酵 持續撞擊也不過是徒勞無功 把你囚禁的鳥籠終究是無果
Chorus 身上全都擺滿現金 雨過何時能夠天晴 天上怎麼落下餡餅 賺得越多卻與他們遠離 早厭煩無謂的建議 失敗後才需要憐憫 Ca-ca-ca-ca-cash money 只有 這些能讓傷口痊癒 Huh huh huh huh 說真的我不capping 違心的話 在我眼裡怎麼能夠對應 Huh huh huh huh 逃離規律的規矩 身處的罪域都僅剩灰燼
留言（ 0 ） 最相關留言 所有留言
留言（ 0 ）",2026-09-26,,,False,False,
2026-09-30 16:35:55,realtime,hip_hop,,,36,恋爱脑凝曦,卜青,0,34,0,https://streetvoice.com/hyperdrugs/songs/880960/,https://streetvoice.com/hyperdrugs/,"https://akstatic.streetvoice.com/music_albums/hy/pe/hyperdrugs/gN2VGN6BMjpDYqSHQ3ziaz.jpg?x-oss-process=image/resize,m_fill,h_400,w_400,limit_0",images/880960.jpg,@hyperdrugs,音樂人,,,,5,1,,,,https://www.youtube.com/user/StreetVoiceTV,,,Hip hop / Rap,9/24,https://streetvoice.com/hyperdrugs/songs/album/97326128/,,,"卜青 what a pity stucking on my mind 俯聽 她的耳語我不需要太猜 尼古丁 她嫌臭也在我旁邊徘徊 她是誰你或許有答案 我跟月老占卜了青春其實 我根本不 care about 結果 他說我們只剩一些些情分 我本就不害怕她被誰給接走 也許卜青就是最好的方式 我把沒關係當最好的藉口 也許卜青就是最好的方式 我也會選擇不聽 卜青卜青 U r  my fucking ride or die 我不停不停的渴望能夠得到更多愛 再多一點 就再多一點 再多一點 我們會不會是情人 不會虛度了青春 再多一點 再多一點 卜青 所有的想法我理不清 當四周的聲音都是妳和他的故事 我得假裝我聽不清 ：你認識她嗎？ 我認識她 ：她跟你好嗎？ 我有追蹤她 ：我偷偷跟你說吧 我在跟他聊天想約她出去 可惜她 有可能有機會大概率probably 正在交往 這一切我其實都清楚只是我不敢再面對過往 幾天前嘗試故地重遊只是想把自己帶回家住 他拒絕說在那裡有他愛的人 他過的非常幸福 卜青卜青 U r  my fucking ride or die 我不停不停的渴望能夠得到更多愛 再多一點 就再多一點 再多一點 我們會不會是情人 不會虛度了青春 再多一點 再多一點 
卜青 what a pity stucking on my mind 俯聽 她的耳語我不需要太猜 尼古丁 她嫌臭也在我旁邊徘徊 她是誰你或許有答案 我跟月老占卜了青春其實 我根本不 care about 結果 他說我們只剩一些些情分 我本就不害怕她被誰給接走 也許卜青就是最好的方式 我把沒關係當最好的藉口 也許卜青就是最好的方式 我也會選擇不聽
卜青卜青 U r  my fucking ride or die 我不停不停的渴望能夠得到更多愛 再多一點 就再多一點 再多一點 我們會不會是情人 不會虛度了青春 再多一點 再多一點
卜青 所有的想法我理不清 當四周的聲音都是妳和他的故事 我得假裝我聽不清 ：你認識她嗎？ 我認識她 ：她跟你好嗎？ 我有追蹤她 ：我偷偷跟你說吧 我在跟他聊天想約她出去 可惜她 有可能有機會大概率probably 正在交往 這一切我其實都清楚只是我不敢再面對過往 幾天前嘗試故地重遊只是想把自己帶回家住 他拒絕說在那裡有他愛的人 他過的非常幸福
卜青卜青 U r  my fucking ride or die 我不停不停的渴望能夠得到更多愛 再多一點 就再多一點 再多一點 我們會不會是情人 不會虛度了青春 再多一點 再多一點
留言（ 0 ） 最相關留言 所有留言
留言（ 0 ）",2026-09-24,,,False,False,
2026-09-30 16:35:55,realtime,hip_hop,,,37,奧薩瑪 Osama,極度高敏之人類人,4,172,0,https://streetvoice.com/hejiawei0909/songs/880946/,https://streetvoice.com/hejiawei0909/,"https://akstatic.streetvoice.com/song_covers/he/ji/hejiawei0909/dr6TReU3Tuz2LMRjFbhqjF.jpg?x-oss-process=image/resize,m_fill,h_400,w_400,limit_0",images/880946.jpg,@hejiawei0909,音樂人,新北市,2018-09-01,,22,45,25,,,https://www.youtube.com/user/StreetVoiceTV,,,Hip hop / Rap,,,,"《極度高敏之人類人》 我一直覺得，有些人只是大腦好像沒有靜音鍵。 一個人站在人群裡，開始注意到所有不屬於自己的東西。別人可能只是看了一眼，我卻會開始想他為什麼看我；一件根本不關我的事，我卻會莫名其妙覺得是不是自己的問題。 最麻煩的不是敏感，而是你其實知道自己可能想太多。 你知道沒有人真的在注意你，也知道很多事情根本不是你的責任，但你的身體和情緒還是會先一步做出反應。那些細微的聲音、眼神、動作，甚至只是經過身邊的一個瞬間，都可能被放大，最後變成一種很真實的感受。 所以我用一個本來不應該感覺到疼痛的東西，去形容這種狀態。 明明理性上知道不該痛，卻偏偏痛得很真實。 這大概就是我理解的「高敏」。 不是什麼都看得見。 是什麼都感覺得到。 而有時候，選擇閉上眼睛，也不一定是不想看見。 只是想讓那些一直進來的東西，暫時安靜一點。 
《極度高敏之人類人》
我一直覺得，有些人只是大腦好像沒有靜音鍵。
一個人站在人群裡，開始注意到所有不屬於自己的東西。別人可能只是看了一眼，我卻會開始想他為什麼看我；一件根本不關我的事，我卻會莫名其妙覺得是不是自己的問題。
最麻煩的不是敏感，而是你其實知道自己可能想太多。
你知道沒有人真的在注意你，也知道很多事情根本不是你的責任，但你的身體和情緒還是會先一步做出反應。那些細微的聲音、眼神、動作，甚至只是經過身邊的一個瞬間，都可能被放大，最後變成一種很真實的感受。
所以我用一個本來不應該感覺到疼痛的東西，去形容這種狀態。
明明理性上知道不該痛，卻偏偏痛得很真實。
這大概就是我理解的「高敏」。
不是什麼都看得見。
是什麼都感覺得到。
而有時候，選擇閉上眼睛，也不一定是不想看見。
只是想讓那些一直進來的東西，暫時安靜一點。","我看見他打破了杯子 當我走到人群一樣的卑賤 我看著碎片與它在對視 怎麼可能這種時候還在道歉 他瞳孔的倒影 在我眼裡看來就像視而不見 碎片劃破把我給叫醒 接著我又開始在道歉 不是他也不是你 但更不是我吧 雙眼看著鏡子我像是個廢物 一樣的時候 噁心的程度 就像是 他看著我的雙眼 往我嘴裡催吐 但我卻感到抱歉 沒做到我的本分 到現在可能沒有什麼可以勝任 我感覺全世界都討厭我得承認 因為這些都是我該承擔的責任 那感覺怎麼形容 敏感到像有人拿 筷子插入你的義眼 那怎麼形容 旁邊正在搶劫經過感覺都在看我一眼 那怎麼形容 我知道根本沒人看我沒有那麼自戀 那怎麼形容 大部分時間 我都會 選擇閉眼 
我看見他打破了杯子 當我走到人群一樣的卑賤 我看著碎片與它在對視 怎麼可能這種時候還在道歉
他瞳孔的倒影 在我眼裡看來就像視而不見 碎片劃破把我給叫醒 接著我又開始在道歉
不是他也不是你 但更不是我吧 雙眼看著鏡子我像是個廢物 一樣的時候 噁心的程度 就像是 他看著我的雙眼 往我嘴裡催吐
但我卻感到抱歉 沒做到我的本分 到現在可能沒有什麼可以勝任 我感覺全世界都討厭我得承認 因為這些都是我該承擔的責任
那感覺怎麼形容 敏感到像有人拿 筷子插入你的義眼 那怎麼形容 旁邊正在搶劫經過感覺都在看我一眼 那怎麼形容 我知道根本沒人看我沒有那麼自戀 那怎麼形容 大部分時間 我都會 選擇閉眼
留言（ 0 ） 最相關留言 所有留言
留言（ 0 ）",2026-09-24,,,False,False,
2026-09-30 16:35:55,realtime,hip_hop,,,38,沙羅曼蛇SALAMANDER,GALAXY SIGNAL,1,19,0,https://streetvoice.com/yen1982/songs/881077/,https://streetvoice.com/yen1982/,"https://akstatic.streetvoice.com/song_covers/ye/n1/yen1982/63Lrh6UsZ6C4yz7LfrYdVw.jpeg?x-oss-process=image/resize,m_fill,h_400,w_400,limit_0",images/881077.jpeg,@yen1982,音樂人,新北市,2007-03-01,2021-10-19 15:06,144,884,52,https://www.facebook.com/salamander.yz.com.tw,,https://www.youtube.com/watch,113年流行音樂製作發行補助案「創作樂團類」獲補助名單|||https://blow.streetvoice.com/74858/?utm_source=streetvoice&utm_medium=profile-news-block; 地方的樂團我敢嘴！麥卡貝聯手 PIPE 音樂奇葩直播節目|||https://blow.streetvoice.com/37030/?utm_source=streetvoice&utm_medium=profile-news-block; 都市視覺狂想製造機再度引爆！感官超刺激 ─ 短訪 Cave Records|||https://blow.streetvoice.com/23339/?utm_source=streetvoice&utm_medium=profile-news-block,,Hip hop / Rap,Silent Disco,https://streetvoice.com/yen1982/songs/album/97297918/,,"Galaxy Form Trip-Hop Beat. 
Galaxy Form Trip-Hop Beat.","這是沒有提供歌詞的歌曲
留言（ 0 ） 最相關留言 所有留言
留言（ 0 ）",2026-09-25,,,False,False,
2026-09-30 16:35:55,realtime,hip_hop,,,39,恋爱脑凝曦,translunarydream,0,29,0,https://streetvoice.com/hyperdrugs/songs/880955/,https://streetvoice.com/hyperdrugs/,"https://akstatic.streetvoice.com/music_albums/hy/pe/hyperdrugs/gN2VGN6BMjpDYqSHQ3ziaz.jpg?x-oss-process=image/resize,m_fill,h_400,w_400,limit_0",images/880955.jpg,@hyperdrugs,音樂人,,,,5,1,,,,https://www.youtube.com/user/StreetVoiceTV,,,Hip hop / Rap,9/24,https://streetvoice.com/hyperdrugs/songs/album/97326128/,,,"我 好像是在做夢 好像躺在雲中 好像沒有意識 不經意 不注意 就在此停留 好像夢了個夢 夢裡有妳也有我 好想鎖上大門 一直都 一直都 待在這夢中 高冷的她也會和我打招呼嗎 冬天的鐵椅子都沒比她高冷把 他和她的故事會有結局嗎 我是等著吃瓜但是兄弟還是得挺啦 他們看起來很甜 像是蜂蜜 甜裡帶了一點鹹 兌了海鹽 對了 白天的時候他也期待 期待今天晚上就能和她見面 那是最後一次靠近她的身邊 她那晚說的話 至今都放在心裡面 我想了又想也想不通 這個結局怎麼變得如此不體面 他站在角落打了哆嗦 他不想多說 什麼 我勸他放下 他卻說我囉嗦 是啊 他的神情落魄 落寞的眼神卻沒有怒火 你 好像是在做夢 好像躺在雲中 好像沒有意識 不經意 不注意 就在此停留 好像夢了個夢 夢終什麼都沒有 敞開的大門 一直都 一直都 等待著你走 徐風捲動書頁又過幾個寒冬 這一章節的故事正在撼動我的心窩 夢雲的卷絲被一陣東風吹動 她的散髮散發著幽香竄上我的心頭 她把她的故事說給我聽 我聽的入迷 不只她的故事還有她的美目盼兮 巧笑倩兮 悄悄的說我好像喜歡上妳 從故事裡頭聽出我們有好多相似 懷疑我們思緒是否住在同個腔室 妳陳列出的個性是另外一種樣式 唯有把最真實的一面獨留給我見識見識 可惜那是在一年前的冬天 我還不夠成熟 沒有能力承受 一份靜謐的關係怎麼就這樣沉入心裡頭 但我的心裏有 對妳的好感可我不敢說 我 好像是在做夢 好像躺在雲中 好像沒有意識 不經意 不注意 就在此停留 好像夢了個夢 夢裡有妳也有我 好想鎖上大門 一直都 一直都 待在這夢中 故事線走入正軌 我從地面踏上了雲階 邂逅過妳柔軟的唇 解過妳背後的束縛 接過妳的靈魂 解脫妳被囚錮的心思 成立理想國度讓妳暢遊 這次終於輪到我能擁有 一道光在我們眼中不斷反射穿梭 我的眼是明鏡 我的心不寧靜 我能照出妳的委屈我卻不能平定 我不想成為枷鎖 卻想在妳的訪問權限上頭加鎖 失控的眼淚會不會也讓妳失控的脫軌 失控的駛向另一處沒有回頭路的鏽軌 我不習慣我的懷中少了妳的溫暖 唇上少了妳的柔軟 晚上少了妳的陪伴 愛妳少了妳的答案 到底該前進或後退掙扎攢蹙的劇增 妳的懷抱裡有餘溫和嘴角乾的沫痕 我不知道我能否平衡心裡的天秤 妳是我的靈魂我全力支持妳 夢中夢的情人我真的已經愛上妳 這似夢還是夢是解脫或弒夢 我偏袒我失重 天秤已失控的倒向妳 so please tell me that’s not translunary 
我 好像是在做夢 好像躺在雲中 好像沒有意識 不經意 不注意 就在此停留 好像夢了個夢 夢裡有妳也有我 好想鎖上大門 一直都 一直都 待在這夢中
高冷的她也會和我打招呼嗎 冬天的鐵椅子都沒比她高冷把 他和她的故事會有結局嗎 我是等著吃瓜但是兄弟還是得挺啦 他們看起來很甜 像是蜂蜜 甜裡帶了一點鹹 兌了海鹽 對了 白天的時候他也期待 期待今天晚上就能和她見面 那是最後一次靠近她的身邊 她那晚說的話 至今都放在心裡面 我想了又想也想不通 這個結局怎麼變得如此不體面 他站在角落打了哆嗦 他不想多說 什麼 我勸他放下 他卻說我囉嗦 是啊 他的神情落魄 落寞的眼神卻沒有怒火
你 好像是在做夢 好像躺在雲中 好像沒有意識 不經意 不注意 就在此停留 好像夢了個夢 夢終什麼都沒有 敞開的大門 一直都 一直都 等待著你走
徐風捲動書頁又過幾個寒冬 這一章節的故事正在撼動我的心窩 夢雲的卷絲被一陣東風吹動 她的散髮散發著幽香竄上我的心頭 她把她的故事說給我聽 我聽的入迷 不只她的故事還有她的美目盼兮 巧笑倩兮 悄悄的說我好像喜歡上妳 從故事裡頭聽出我們有好多相似 懷疑我們思緒是否住在同個腔室 妳陳列出的個性是另外一種樣式 唯有把最真實的一面獨留給我見識見識 可惜那是在一年前的冬天 我還不夠成熟 沒有能力承受 一份靜謐的關係怎麼就這樣沉入心裡頭 但我的心裏有 對妳的好感可我不敢說
我 好像是在做夢 好像躺在雲中 好像沒有意識 不經意 不注意 就在此停留 好像夢了個夢 夢裡有妳也有我 好想鎖上大門 一直都 一直都 待在這夢中
故事線走入正軌 我從地面踏上了雲階 邂逅過妳柔軟的唇 解過妳背後的束縛 接過妳的靈魂 解脫妳被囚錮的心思 成立理想國度讓妳暢遊 這次終於輪到我能擁有 一道光在我們眼中不斷反射穿梭
我的眼是明鏡 我的心不寧靜 我能照出妳的委屈我卻不能平定 我不想成為枷鎖 卻想在妳的訪問權限上頭加鎖 失控的眼淚會不會也讓妳失控的脫軌 失控的駛向另一處沒有回頭路的鏽軌 我不習慣我的懷中少了妳的溫暖 唇上少了妳的柔軟 晚上少了妳的陪伴 愛妳少了妳的答案 到底該前進或後退掙扎攢蹙的劇增 妳的懷抱裡有餘溫和嘴角乾的沫痕 我不知道我能否平衡心裡的天秤 妳是我的靈魂我全力支持妳 夢中夢的情人我真的已經愛上妳 這似夢還是夢是解脫或弒夢 我偏袒我失重 天秤已失控的倒向妳 so please tell me that’s not translunary
留言（ 0 ） 最相關留言 所有留言
留言（ 0 ）",2026-09-24,,,False,False,
2026-09-30 16:35:55,realtime,hip_hop,,,40,D9ed,See the Light/尋光,1,31,0,https://streetvoice.com/denny80410/songs/881020/,https://streetvoice.com/denny80410/,"https://akstatic.streetvoice.com/song_covers/de/nn/denny80410/9WKRs2HcLpgbD8MiN3sxYu.jpeg?x-oss-process=image/resize,m_fill,h_400,w_400,limit_0",images/881020.jpeg,@denny80410,音樂人,桃園市,2023-12-01,,1,,,,,https://www.youtube.com/user/StreetVoiceTV,用鏡頭扮演一位安靜的觀察者 ─ 專訪攝影師 Allie|||https://blow.streetvoice.com/466/?utm_source=streetvoice&utm_medium=profile-news-block,,Hip hop / Rap,,,,"完成這首歌的 過程 與 結果 讓我得到了一些力量 希望你們也能找到自己的光. Lyrics 作詞：Denny Kuo(D9ed) Composer 作曲：Denny Kuo(D9ed) Arrangement 編曲：唐庭浩 Recording 錄音：Sidney Studio 悉尼音樂工作室 Mixing 混音：Sidney Studio 悉尼音樂工作室 Mastering 母帶：Sidney Studio 悉尼音樂工作室 D9ed： https://www.instagram.com/d9ed.himself?stkn=eHBqN29pM3FhaWh4&utm_source=qr 唐庭浩： https://www.instagram.com/imhao___?stkn=ZDhvaHN2YTJ1d3hz&utm_source=qr 悉尼音樂工作室： https://www.instagram.com/_sidneystudio_/ 
完成這首歌的 過程 與 結果 讓我得到了一些力量 希望你們也能找到自己的光.
Lyrics 作詞：Denny Kuo(D9ed) Composer 作曲：Denny Kuo(D9ed) Arrangement 編曲：唐庭浩 Recording 錄音：Sidney Studio 悉尼音樂工作室 Mixing 混音：Sidney Studio 悉尼音樂工作室 Mastering 母帶：Sidney Studio 悉尼音樂工作室
D9ed： https://www.instagram.com/d9ed.himself?stkn=eHBqN29pM3FhaWh4&utm_source=qr 唐庭浩： https://www.instagram.com/imhao___?stkn=ZDhvaHN2YTJ1d3hz&utm_source=qr 悉尼音樂工作室： https://www.instagram.com/_sidneystudio_/
https://www.instagram.com/d9ed.himself?stkn=eHBqN29pM3FhaWh4&utm_source=qr
https://www.instagram.com/imhao___?stkn=ZDhvaHN2YTJ1d3hz&utm_source=qr
https://www.instagram.com/_sidneystudio_/","我一路背著倔強 一直On and on 多久沒和自己對話 多久沒發覺痕跡與變化 面向 現狀 年紀越來越大 對過去 的恐懼 會怕 還是對抗 是否能夠從容面對 罪 狀 是否開始努力兌現 願 望 看時光匆匆 從空空 到如今有了些收穫 我終於不將目光給移向那些錯過 將癒合的痂皮 不再硬去摳落 終於成為 更好的樣子 不再去栽進往事 死命去僵持 開始能將每一步都走得踏實 不需要協助能用自己的方式 將步伐細數 一步步打下了基礎 無數 艱難的題目 不斷地襲入 是你不停步 And still be true 將方向清楚了 不再被禁錮著 開始學會負責 不再求速成 因為我 遇見了 領路人 周圍都是黑暗 但我找到了光 不再徬徨 往 我屬於的地方 Yeah I see it 它很清晰 不需任何證明 向前吧 現在的你已經不一樣 不需要害怕 現在U a grown man Man up man up man up 請你要一直堅信 路繼續行走 不會再停留 過去的心魔 不會再讓我fall apart 不再低頭 告訴自己I can do it all What I’m pursuing oh Already know 將音樂 Turn to the max 我沒有極限 一夜又一夜 我不會戒除我對成功的迷戀 我不願behave Get out of this cage 勇敢 站出來 就算沒俊美的形象 大聲呼喊 雖然嗓音不夠明亮 為我自己而活 不需要他人期盼 這航行不會中斷 一直到望見彼岸 Yeah I keep it going Yeah I keep it rolling 技能包unfolding Level up still loading 開始呼吸更新鮮的空氣 我的視線開始變得通明 Whoa 我的上進心 抱歉爸媽我讓你們傷盡心 But one day I will make it to the top 你們就放膽的trust this kid 周圍都是黑暗 但我找到了光 不再徬徨 往 我屬於的地方 Yeah I see it （yeah I see it) 它很清晰 不需任何證明 向前吧 現在的你已經不一樣(u different) 不需要害怕 現在U a grown man Man up man up man up 請你要繼續前進 我看到了光 他就在我前方 一瞬間忘了所積累的傷 Cover up過去自己畫的框 不再走心面對眼前的荒 我不再迷惘 我看到希望 我知道你已變得不一樣 過去的經歷很難被遺忘 但能夠重新去塑造出他的形狀 這條路 我起身 繼續走 不再去 做任何 的停留 因為I know I can suffer 不再按暫停的button Ye I know 我不再wonder Underdog 但我不怕go under 直面著光 yeah I finally found 我會抵達 我屬於的地方 
我一路背著倔強 一直On and on 多久沒和自己對話 多久沒發覺痕跡與變化
面向 現狀 年紀越來越大 對過去 的恐懼 會怕 還是對抗 是否能夠從容面對 罪 狀 是否開始努力兌現 願 望
看時光匆匆 從空空 到如今有了些收穫 我終於不將目光給移向那些錯過 將癒合的痂皮 不再硬去摳落
終於成為 更好的樣子 不再去栽進往事 死命去僵持 開始能將每一步都走得踏實 不需要協助能用自己的方式
將步伐細數 一步步打下了基礎 無數 艱難的題目 不斷地襲入 是你不停步 And still be true
將方向清楚了 不再被禁錮著 開始學會負責 不再求速成 因為我 遇見了 領路人
周圍都是黑暗 但我找到了光 不再徬徨 往 我屬於的地方 Yeah I see it 它很清晰 不需任何證明 向前吧 現在的你已經不一樣 不需要害怕 現在U a grown man Man up man up man up 請你要一直堅信
路繼續行走 不會再停留 過去的心魔 不會再讓我fall apart
不再低頭 告訴自己I can do it all What I’m pursuing oh Already know
將音樂 Turn to the max 我沒有極限 一夜又一夜 我不會戒除我對成功的迷戀 我不願behave Get out of this cage 勇敢 站出來 就算沒俊美的形象 大聲呼喊 雖然嗓音不夠明亮 為我自己而活 不需要他人期盼 這航行不會中斷 一直到望見彼岸
Yeah I keep it going Yeah I keep it rolling 技能包unfolding Level up still loading
開始呼吸更新鮮的空氣 我的視線開始變得通明 Whoa 我的上進心 抱歉爸媽我讓你們傷盡心 But one day I will make it to the top 你們就放膽的trust this kid
周圍都是黑暗 但我找到了光 不再徬徨 往 我屬於的地方 Yeah I see it （yeah I see it) 它很清晰 不需任何證明
向前吧 現在的你已經不一樣(u different) 不需要害怕 現在U a grown man Man up man up man up 請你要繼續前進
我看到了光 他就在我前方 一瞬間忘了所積累的傷 Cover up過去自己畫的框 不再走心面對眼前的荒
我不再迷惘 我看到希望 我知道你已變得不一樣 過去的經歷很難被遺忘 但能夠重新去塑造出他的形狀
這條路 我起身 繼續走 不再去 做任何 的停留 因為I know I can suffer 不再按暫停的button
Ye I know 我不再wonder Underdog 但我不怕go under 直面著光 yeah I finally found 我會抵達 我屬於的地方
留言（ 0 ） 最相關留言 所有留言
留言（ 0 ）",2026-09-25,,,False,False,
2026-09-30 16:35:55,realtime,hip_hop,,,41,恋爱脑凝曦,9/24,4,68,0,https://streetvoice.com/hyperdrugs/songs/880840/,https://streetvoice.com/hyperdrugs/,"https://akstatic.streetvoice.com/music_albums/hy/pe/hyperdrugs/gN2VGN6BMjpDYqSHQ3ziaz.jpg?x-oss-process=image/resize,m_fill,h_400,w_400,limit_0",images/880840.jpg,@hyperdrugs,音樂人,,,,5,1,,,,https://www.youtube.com/user/StreetVoiceTV,,,Hip hop / Rap,9/24,https://streetvoice.com/hyperdrugs/songs/album/97326128/,,"大家好我是恋爱脑凝曦 
大家好我是恋爱脑凝曦","so let me  take u to the 往年 搭時光機讓我們往前 視線開始變得模糊 精神也開始變得恍惚 日落後路燈變的曖昧 燈光下兩人都很膽怯 視線也開始變得模糊 精神也開始變的恍惚 u r my"" terces"" u r my ""dream"" u r my ""sarendipity"" 這不是""陷""阱並沒有""限""制 我光站著就能讓人""羨""慕 聽著""95%"" ""WIGGLE"" 我口水又吞了幾口 這是""誰的""請快領走 變成我的""卜青""not my fault I just wanna go with u I wanna go where u wanna go I just wanna go with u I wanna go 妳拿到了鑰匙開啟隱藏小地方 大風起兮雲飛揚女王登基左心房 不只是我的女王妳是我的世界最大 keep running keep running 是我虔誠的信仰 我會在當你隨時需要我肩膀 或許終究我們到不了彼方 我會是你的私人避風港 I just wanna go with u I wanna go where u wanna go I just wanna go with u I wanna go 
so let me  take u to the 往年 搭時光機讓我們往前 視線開始變得模糊 精神也開始變得恍惚 日落後路燈變的曖昧 燈光下兩人都很膽怯 視線也開始變得模糊 精神也開始變的恍惚 u r my"" terces"" u r my ""dream"" u r my ""sarendipity"" 這不是""陷""阱並沒有""限""制 我光站著就能讓人""羨""慕 聽著""95%"" ""WIGGLE"" 我口水又吞了幾口 這是""誰的""請快領走 變成我的""卜青""not my fault
I just wanna go with u I wanna go where u wanna go I just wanna go with u I wanna go
妳拿到了鑰匙開啟隱藏小地方 大風起兮雲飛揚女王登基左心房 不只是我的女王妳是我的世界最大 keep running keep running 是我虔誠的信仰 我會在當你隨時需要我肩膀 或許終究我們到不了彼方 我會是你的私人避風港
I just wanna go with u I wanna go where u wanna go I just wanna go with u I wanna go
留言（ 0 ） 最相關留言 所有留言
留言（ 0 ）",2026-09-24,,,False,False,
2026-09-30 16:35:55,realtime,hip_hop,,,42,kaikai,20260925練習,2,21,0,https://streetvoice.com/st900253/songs/881083/,https://streetvoice.com/st900253/,"https://akstatic.streetvoice.com/music_albums/st/90/st900253/BMuCEkyFjb7NrnHwLyBKyQ.jpeg?x-oss-process=image/resize,m_fill,h_400,w_400,limit_0",images/881083.jpeg,@st900253,音樂人,,,,2,,1,,,https://www.youtube.com/user/StreetVoiceTV,「寶寶」入歌 MC YK 發起你留言我寫歌|||https://blow.streetvoice.com/20281/?utm_source=streetvoice&utm_medium=profile-news-block,,Hip hop / Rap,DJ混音練習,https://streetvoice.com/st900253/songs/album/97324701/,,,"這是沒有提供歌詞的歌曲
留言（ 0 ） 最相關留言 所有留言
留言（ 0 ）",2026-09-25,,,False,False,
2026-09-30 16:35:55,realtime,hip_hop,,,43,恋爱脑凝曦,95%,0,15,0,https://streetvoice.com/hyperdrugs/songs/880959/,https://streetvoice.com/hyperdrugs/,"https://akstatic.streetvoice.com/music_albums/hy/pe/hyperdrugs/gN2VGN6BMjpDYqSHQ3ziaz.jpg?x-oss-process=image/resize,m_fill,h_400,w_400,limit_0",images/880959.jpg,@hyperdrugs,音樂人,,,,5,1,,,,https://www.youtube.com/user/StreetVoiceTV,,,Hip hop / Rap,9/24,https://streetvoice.com/hyperdrugs/songs/album/97326128/,,,"cause I been through that 重造的牆 I can't do that hot shit pop shit working on the hard shit 牆外的我播出我的唱片 盛開的薔薇把我辣倒 在我的眼裡pop out 勾魂攝魄勾出我的 type bae 推開銅鑄的大門 95%鑲上黃金的衙門 我的心房門重得八人 推不動但妳搭乘 專車like 妳的家門 不用費武功 cause I don't even know about that 會有公主被囚錮在我造的堡壘 會等我救贖在唇上壓上燒紅的烙鐵 Bae 妳的唇印是最上等的Body art part of my body 不用誇張的type beat 呱噪的交集 眼神跨過現實的峭壁 妳存在像夢境裡的倒影 複製靈魂我以為是道聽 塗說 微妙的連結有沒有道理 我不說 是天機的漏洞 黃泉的天氣有波動 還是孟婆湯沒功用 我在心裡悄悄話她也聽懂 她的身體似乎住著另一個我 推開銅鑄的大門 95%鑲上黃金的衙門 我的心房門重得八人 推不動但妳搭乘 專車like 妳的家門 不用費武功 cause I don't even know about that 會有公主被囚錮在我造的堡壘 會等我救贖在唇上壓上燒紅的烙鐵 她的影子埋伏在我每個邁步 走進夢裡逮捕 我在每刻扮演偷心的歹徒 我偷偷的轉身把她給逮住 我受夠我心跳 像在打太鼓 她呆呆的對我笑 她默默的閉眼 鼻息間醞釀紅嫣的側臉 頃刻間就呆住 故作輕鬆的態度 腦海清空的外物 眼裡星空的畫布 閃爍的耀眼才不是 輕鬆就能任人擺佈 拼湊出的優點擺設 我的星球只夠牽引一位嫦娥 關上銅鑄的大門 95%鑲上黃金的衙門 我的心房只要她人在就夠 妳搭乘專車這是妳的家門 不用費武功 
cause I been through that 重造的牆 I can't do that hot shit pop shit working on the hard shit 牆外的我播出我的唱片 盛開的薔薇把我辣倒 在我的眼裡pop out 勾魂攝魄勾出我的 type bae
推開銅鑄的大門 95%鑲上黃金的衙門 我的心房門重得八人 推不動但妳搭乘 專車like 妳的家門 不用費武功
cause I don't even know about that 會有公主被囚錮在我造的堡壘 會等我救贖在唇上壓上燒紅的烙鐵 Bae 妳的唇印是最上等的Body art
part of my body 不用誇張的type beat 呱噪的交集 眼神跨過現實的峭壁 妳存在像夢境裡的倒影 複製靈魂我以為是道聽 塗說 微妙的連結有沒有道理 我不說 是天機的漏洞 黃泉的天氣有波動 還是孟婆湯沒功用 我在心裡悄悄話她也聽懂 她的身體似乎住著另一個我
推開銅鑄的大門 95%鑲上黃金的衙門 我的心房門重得八人 推不動但妳搭乘 專車like 妳的家門 不用費武功
cause I don't even know about that 會有公主被囚錮在我造的堡壘 會等我救贖在唇上壓上燒紅的烙鐵
她的影子埋伏在我每個邁步 走進夢裡逮捕 我在每刻扮演偷心的歹徒 我偷偷的轉身把她給逮住 我受夠我心跳 像在打太鼓 她呆呆的對我笑
她默默的閉眼 鼻息間醞釀紅嫣的側臉 頃刻間就呆住 故作輕鬆的態度 腦海清空的外物 眼裡星空的畫布 閃爍的耀眼才不是 輕鬆就能任人擺佈 拼湊出的優點擺設 我的星球只夠牽引一位嫦娥
關上銅鑄的大門 95%鑲上黃金的衙門 我的心房只要她人在就夠 妳搭乘專車這是妳的家門 不用費武功
留言（ 0 ） 最相關留言 所有留言
留言（ 0 ）",2026-09-24,,,False,False,
2026-09-30 16:35:55,realtime,hip_hop,,,44,恋爱脑凝曦,terces,0,23,0,https://streetvoice.com/hyperdrugs/songs/880954/,https://streetvoice.com/hyperdrugs/,"https://akstatic.streetvoice.com/music_albums/hy/pe/hyperdrugs/gN2VGN6BMjpDYqSHQ3ziaz.jpg?x-oss-process=image/resize,m_fill,h_400,w_400,limit_0",images/880954.jpg,@hyperdrugs,音樂人,,,,5,1,,,,https://www.youtube.com/user/StreetVoiceTV,,,Hip hop / Rap,9/24,https://streetvoice.com/hyperdrugs/songs/album/97326128/,,,"Turning my heartbeat into music The hushhush secret no body know now it's terces terces it'll be  no longer terces (uh uh 綿延的 閑閑的 鹹鹹的海 我偷偷的 默默的 陪著妳踩 妳羞羞的 幽幽的 眼神使壞 hold on  那一刻 you're the number one girl in my eyes 像小丑女和小丑 不分夜晚和白晝 闖入哥德的罪人從來就不畏懼所有 拆穿偽善的面孔 看破世界的醜陋 只有透過妳的瞳孔才能感受確切真實的宇宙 心底有猛虎在細嗅著薔薇 徹底被折服來自妳靈魂的香味 林霏裡的曜靈暱藏在巖穴 有座醉翁亭又沉溺在壑的身邊 Turning my heartbeat into music The hushhush secret no body know now it's terces terces no longer terces terces Turning my heartbeat into music The hushhush secret no body know now it's terces terces no longer terces terces 撕下日記扉頁的一半 私下夙夜匪懈刻一段 明明知道這顫巍巍的路是危稜 為了前面的海妳願不願意走一段 前面的海有 無盡的 包容 饞岩陡岩包圍著小岸屏蔽在群山中 妳勢如破竹用妳的真誠破了我的城郭 but welcome cutie 這是屬於妳的理想國 Turning my heartbeat into music The hushhush secret no body know now it's terces terces no longer terces terces Turning my heartbeat into music The hushhush secret no body know now it's terces terces no longer terces terces terces 妳偷心 我偷親趁妳不注意 透析 在你眼裡 露餡的神情 看出妳的秘密 看出 妳想說的 妳想做的 我都懂了 我會陪妳一起做的 走了 我們說走就走 說走就走 妳是專屬於我的玫瑰 基因序列裡的缺口 像打了死結的紅線或 其他星球 的 夏娃亞當般偷嚐禁果 偷嚐禁果 共用腦袋的我們 像外星人來自其他星球 沒有盡頭沒有盡頭 Zubeneschamali 是妳也是我 
Turning my heartbeat into music The hushhush secret no body know now it's terces terces it'll be  no longer terces (uh uh 綿延的 閑閑的 鹹鹹的海 我偷偷的 默默的 陪著妳踩 妳羞羞的 幽幽的 眼神使壞 hold on  那一刻 you're the number one girl in my eyes
像小丑女和小丑 不分夜晚和白晝 闖入哥德的罪人從來就不畏懼所有 拆穿偽善的面孔 看破世界的醜陋 只有透過妳的瞳孔才能感受確切真實的宇宙 心底有猛虎在細嗅著薔薇 徹底被折服來自妳靈魂的香味 林霏裡的曜靈暱藏在巖穴 有座醉翁亭又沉溺在壑的身邊
Turning my heartbeat into music The hushhush secret no body know now it's terces terces no longer terces terces Turning my heartbeat into music The hushhush secret no body know now it's terces terces no longer terces terces
撕下日記扉頁的一半 私下夙夜匪懈刻一段 明明知道這顫巍巍的路是危稜 為了前面的海妳願不願意走一段 前面的海有 無盡的 包容 饞岩陡岩包圍著小岸屏蔽在群山中 妳勢如破竹用妳的真誠破了我的城郭 but welcome cutie 這是屬於妳的理想國
Turning my heartbeat into music The hushhush secret no body know now it's terces terces no longer terces terces Turning my heartbeat into music The hushhush secret no body know now it's terces terces no longer terces terces
terces 妳偷心 我偷親趁妳不注意 透析 在你眼裡 露餡的神情 看出妳的秘密 看出 妳想說的 妳想做的 我都懂了 我會陪妳一起做的 走了 我們說走就走
說走就走 妳是專屬於我的玫瑰 基因序列裡的缺口 像打了死結的紅線或 其他星球 的 夏娃亞當般偷嚐禁果 偷嚐禁果 共用腦袋的我們 像外星人來自其他星球 沒有盡頭沒有盡頭 Zubeneschamali 是妳也是我
留言（ 0 ） 最相關留言 所有留言
留言（ 0 ）",2026-09-24,,,False,False,
2026-09-30 16:35:55,realtime,hip_hop,,,45,Way U,賤 (ft. Grady),1,15,0,https://streetvoice.com/wayu_woys/songs/880867/,https://streetvoice.com/wayu_woys/,"https://akstatic.streetvoice.com/song_covers/wa/yu/wayu_woys/Courfy7BmJdW72BB6g4Bnm.jpeg?x-oss-process=image/resize,m_fill,h_400,w_400,limit_0",images/880867.jpeg,@wayu_woys,音樂人,台南市,2020-06-01,2022-03-01 17:38,6,296,16,,https://instagram.com/wayu__woys,https://youtube.com/channel/UCF-c1zA9E5zSuXFWsASJ3IQ,瘦子E.SO釋出新歌〈Way Up〉 2022年推二專《EARTHBOUND》|||https://blow.streetvoice.com/58254/?utm_source=streetvoice&utm_medium=profile-news-block; 高妍操刀封面設計 拍謝少年邀PEDRO合作新曲〈Outta My Way〉|||https://blow.streetvoice.com/86675/?utm_source=streetvoice&utm_medium=profile-news-block; Blueburn發行首張專輯《Type The Way You Talk》 以《馬男波傑克》譬喻網路世代交友觀察|||https://blow.streetvoice.com/77118/?utm_source=streetvoice&utm_medium=profile-news-block,,Hip hop / Rap,,,Grady,"Way U - 賤 ft. Grady https://www.instagram.com/wayu.akma/ https://www.instagram.com/gradyko/ MM by Grady 
Way U - 賤 ft. Grady https://www.instagram.com/wayu.akma/ https://www.instagram.com/gradyko/
https://www.instagram.com/wayu.akma/
https://www.instagram.com/gradyko/
MM by Grady","H: 我很早就說過了we don’t need new friends 我不需要躲也不需要他們給的臉 我很早就說過了only one girlfriend 反正都會離開 Don’t Waste my time *3 有壞人朝我來 他常回來 常回來 Plz don’t waste my time *3 有壞蛋朝我來 他常回來 常回來 我瞇著眼睛看不到 啥都看不到 我看向你們在偷笑 我也在偷笑 說真的我是看不到 啥都看不到 我看向你們在偷笑 你們在偷笑 我看起來很犯賤 猴子容易叛變 油門踩到半夜 她不想說再見 我也想要慢一點 時間給我晚一點 時間給我慢一點 我不想要踩線 V: Yea I hop on a coupe in citi Shawty want ride on me 我不想佔有記憶 全部都會還清 I got nowhere to go 我還沒法適應這個社會 算我輸了 沒有我和妳 就把我當成笨蛋 我懶得猜測 直視我的雙眼 得憂鬱症 妳有啥就說 我們不會停在這 在沒有人的地方 妳很過分 G: C4 你在我心臟上面安裝c4 你討厭一個人不需要理由 彈夾早被清空需要reload 需要reload 時間早就掏空身體 Feel like walking dead 的zombie 黑白色的無人葬禮 To be honest I ain’t really got no time to waste This shi ain’t no one v one 就算出界沒有裁判倒回去看 U need to take a step back 才發現進退兩難 U Need to let it go It’s okay to let it blow Let it burn, kerosene Let it sing like my choppa sing 停在這 what do u mean x2 
H: 我很早就說過了we don’t need new friends 我不需要躲也不需要他們給的臉 我很早就說過了only one girlfriend 反正都會離開 Don’t Waste my time *3 有壞人朝我來 他常回來 常回來 Plz don’t waste my time *3 有壞蛋朝我來 他常回來 常回來 我瞇著眼睛看不到 啥都看不到 我看向你們在偷笑 我也在偷笑 說真的我是看不到 啥都看不到 我看向你們在偷笑 你們在偷笑 我看起來很犯賤 猴子容易叛變 油門踩到半夜 她不想說再見 我也想要慢一點 時間給我晚一點 時間給我慢一點 我不想要踩線
V: Yea I hop on a coupe in citi Shawty want ride on me 我不想佔有記憶 全部都會還清 I got nowhere to go 我還沒法適應這個社會 算我輸了 沒有我和妳 就把我當成笨蛋 我懶得猜測 直視我的雙眼 得憂鬱症 妳有啥就說 我們不會停在這 在沒有人的地方 妳很過分
G: C4 你在我心臟上面安裝c4 你討厭一個人不需要理由 彈夾早被清空需要reload 需要reload 時間早就掏空身體 Feel like walking dead 的zombie 黑白色的無人葬禮 To be honest I ain’t really got no time to waste This shi ain’t no one v one 就算出界沒有裁判倒回去看 U need to take a step back 才發現進退兩難 U Need to let it go It’s okay to let it blow Let it burn, kerosene Let it sing like my choppa sing 停在這 what do u mean x2
留言（ 0 ） 最相關留言 所有留言
留言（ 0 ）",2026-09-24,,,False,False,
2026-09-30 16:35:55,realtime,hip_hop,,,46,Jokiller,錨點,1,43,0,https://streetvoice.com/Jokiller/songs/880859/,https://streetvoice.com/Jokiller/,"https://akstatic.streetvoice.com/song_covers/Jo/ki/Jokiller/HvMyzcFeVpcDMksjjJ6qZb.jpeg?x-oss-process=image/resize,m_fill,h_400,w_400,limit_0",images/880859.jpeg,@Jokiller,音樂人,,,,15,6,3,,,https://www.youtube.com/user/StreetVoiceTV,,,Hip hop / Rap,,,,"923 宋雨琦生日快樂 把很久以前沒寫完的補一補發了 看以前寫的歌詞很像日記很有趣 
923 宋雨琦生日快樂
把很久以前沒寫完的補一補發了 看以前寫的歌詞很像日記很有趣","（前奏很長） 有溫度的對話永遠停留在了那一天 如果沒有記錯的話下個禮拜剛好是妳的生日 說過不會再有emo歌 這首我要搞的帥一點 西裝外套 領帶 加皮鞋這次要我像個紳士 那天看完妳的訊息下午輸掉了校友盃 要走回家的路上想起妳的臉可臉上的笑容沒了 也沒試著挽回強裝鎮定發了一首《轉移》他們沒看出我哪裡不一樣可心裡面早就碎了 不停試著翻找曾經喜歡過的證據 我坐在湖邊 看著最後一波的漣漪退去 卡片我還要留著（嗎） 心裡的那句話也從肯定句變成問句 我們好像都還記得對方曾經說過的話 完美的弧線划過 卻有人戳破了它 我把故事寫進歌裡我以後偷偷的發 我依舊沒有抓住 就當我錯過了吧 不停試著翻找曾經喜歡過的證據 我坐在湖邊 看著最後一波的漣漪退去 卡片我還要留著（嗎） 心裡的那句話也從肯定句變成問句 最後選擇讓時間沖淡 然後把大門敞開 向後退了一步 正常的不讓他們想猜 妳的防線我過不了 幫我下個擋拆 我猜我們大概也沒機會把話給講開 我望著天 想要追逐的秘境好遙遠 我好像猜不到結局在這場秘密的表演 但終究敲響場記板 再也沒有力氣找導演 讓這場戲殺青 妳成為記憶的錨點 放在那天 像躺在衣櫃的《黑色素T》 我還是不知道那是不是一個對的主意 不擅言詞但我也試著pay the 努力 後來我也變了 妳也變了 甚至被別人背著圖利 我試著走遍每個角落 finding the greatest to be 回頭撞到放的錨點 最珍貴的土地 助跑 三級跳 Try again 太胡鬧 看著鏡子 在苦笑 往回走 我辦不到 不停試著翻找曾經喜歡過的證據 我坐在湖邊 看著最後一波的漣漪退去 卡片我還要留著（嗎） 心裡的那句話也從肯定句變成問句 
（前奏很長） 有溫度的對話永遠停留在了那一天 如果沒有記錯的話下個禮拜剛好是妳的生日 說過不會再有emo歌 這首我要搞的帥一點 西裝外套 領帶 加皮鞋這次要我像個紳士 那天看完妳的訊息下午輸掉了校友盃 要走回家的路上想起妳的臉可臉上的笑容沒了 也沒試著挽回強裝鎮定發了一首《轉移》他們沒看出我哪裡不一樣可心裡面早就碎了 不停試著翻找曾經喜歡過的證據 我坐在湖邊 看著最後一波的漣漪退去 卡片我還要留著（嗎） 心裡的那句話也從肯定句變成問句 我們好像都還記得對方曾經說過的話 完美的弧線划過 卻有人戳破了它 我把故事寫進歌裡我以後偷偷的發 我依舊沒有抓住 就當我錯過了吧 不停試著翻找曾經喜歡過的證據 我坐在湖邊 看著最後一波的漣漪退去 卡片我還要留著（嗎） 心裡的那句話也從肯定句變成問句 最後選擇讓時間沖淡 然後把大門敞開 向後退了一步 正常的不讓他們想猜 妳的防線我過不了 幫我下個擋拆 我猜我們大概也沒機會把話給講開 我望著天 想要追逐的秘境好遙遠 我好像猜不到結局在這場秘密的表演 但終究敲響場記板 再也沒有力氣找導演 讓這場戲殺青 妳成為記憶的錨點 放在那天 像躺在衣櫃的《黑色素T》 我還是不知道那是不是一個對的主意 不擅言詞但我也試著pay the 努力 後來我也變了 妳也變了 甚至被別人背著圖利 我試著走遍每個角落 finding the greatest to be 回頭撞到放的錨點 最珍貴的土地 助跑 三級跳 Try again 太胡鬧 看著鏡子 在苦笑 往回走 我辦不到 不停試著翻找曾經喜歡過的證據 我坐在湖邊 看著最後一波的漣漪退去 卡片我還要留著（嗎） 心裡的那句話也從肯定句變成問句
留言（ 0 ） 最相關留言 所有留言
留言（ 0 ）",2026-09-24,,,False,False,
2026-09-30 16:35:55,realtime,hip_hop,,,47,小尾巴,三十七,4,426,2,https://streetvoice.com/tiest0913/songs/879284/,https://streetvoice.com/tiest0913/,"https://akstatic.streetvoice.com/song_covers/ti/es/tiest0913/KRvnUyBiCewdE69EouT7eu.jpeg?x-oss-process=image/resize,m_fill,h_400,w_400,limit_0",images/879284.jpeg,@tiest0913,音樂人,,,2022-03-21 15:49,55,118,10,https://www.facebook.com/kbtiest,https://www.instagram.com/tiest0913/,https://www.youtube.com/channel/UCGKjYyVV5AUMWlElBhGti8A,熊仔「人格特化療程→0」出道十週年演唱會 呂士軒、wannasleep同台助陣|||https://blow.streetvoice.com/88992/?utm_source=streetvoice&utm_medium=profile-news-block; 大港開唱20週年攻略：ACG跨次元來襲、滅火器與落日飛車重返南霸天、兒童界巨星「巧虎」參戰|||https://blow.streetvoice.com/86698/?utm_source=streetvoice&utm_medium=profile-news-block; 【吹專訪】That’s My SHHH 主腦 LEO37：玩音樂？一切都是因為傻！|||https://blow.streetvoice.com/86468/?utm_source=streetvoice&utm_medium=profile-news-block,,Hip hop / Rap,,,,"我今年三十七，我有中年危機 --- 詞曲 Composer & Lyricist｜小尾巴 編曲 Arranger｜小尾巴 錄音 Recording Engineer｜小尾巴 和聲編寫 Backing Vocal Arranger｜小尾巴 混音工程師 Mixing Engineer｜@raxio11 @_13lefty @NERDYBOY 母帶工程師 Mastering Engineer | @doublewei666 @NERDYBOY https://www.instagram.com/doublewei666/ 母帶工作室 Mastering Studio | Nerdyboy Space Capsule 
我今年三十七，我有中年危機 --- 詞曲 Composer & Lyricist｜小尾巴 編曲 Arranger｜小尾巴 錄音 Recording Engineer｜小尾巴 和聲編寫 Backing Vocal Arranger｜小尾巴 混音工程師 Mixing Engineer｜@raxio11 @_13lefty @NERDYBOY 母帶工程師 Mastering Engineer | @doublewei666 @NERDYBOY https://www.instagram.com/doublewei666/ 母帶工作室 Mastering Studio | Nerdyboy Space Capsule
https://www.instagram.com/doublewei666/","嫌い　自分　嫌い 每天晚上 この Thought 襲來 奇怪 他人 面對這都 怎麼辦 從被剪掉臍帶 已過37載 從備選到廢案 不再被誰期待 真的是變太老 做的還不夠好 衰退中的右腦 吃碳水會睡著 中年危機是真的 經驗是生的 新世代說 人老做啥都很心酸 他們講話 沒經過腦袋 不然會知道 我眼睛跟腰 也都很酸 想要成名　想要大受歡迎 想要爆紅 到大家願意關心我的心疾 Well 真是不稀奇 我也該去看自己有沒有 ADHD 怕被公審 怕被取消 怕建空城 怕被取笑 光是活過今天就已經 竭盡心神 而我 嫌い　自分　嫌い 每天晚上 この Thought 襲來 奇怪 他人 面對這都 怎麼辦 Help me 即便 我不再被誰期待 
嫌い　自分　嫌い 每天晚上 この Thought 襲來 奇怪 他人 面對這都 怎麼辦
從被剪掉臍帶 已過37載 從備選到廢案 不再被誰期待 真的是變太老 做的還不夠好 衰退中的右腦 吃碳水會睡著
中年危機是真的 經驗是生的 新世代說 人老做啥都很心酸 他們講話 沒經過腦袋 不然會知道 我眼睛跟腰 也都很酸
想要成名　想要大受歡迎 想要爆紅 到大家願意關心我的心疾 Well 真是不稀奇 我也該去看自己有沒有 ADHD
怕被公審 怕被取消 怕建空城 怕被取笑 光是活過今天就已經 竭盡心神 而我
嫌い　自分　嫌い 每天晚上 この Thought 襲來 奇怪 他人 面對這都 怎麼辦 Help me 即便 我不再被誰期待
留言（ 2 ） 最相關留言 所有留言
留言（ 2 ）",2026-09-13,,編輯推薦,True,False,
2026-09-30 16:35:55,realtime,hip_hop,,,48,Lazy_Chen,下午,11,278,3,https://streetvoice.com/Lazy_Chen/songs/879952/,https://streetvoice.com/Lazy_Chen/,"https://akstatic.streetvoice.com/song_covers/La/zy/Lazy_Chen/LDanC5ygiA52ZRzPddYy8S.jpg?x-oss-process=image/resize,m_fill,h_400,w_400,limit_0",images/879952.jpg,@Lazy_Chen,音樂人,花蓮縣,2022-11-01,,1,3,5,,,https://www.youtube.com/user/StreetVoiceTV,,,Hip hop / Rap,,,,"這首歌誕生於我高二的某個下午。 混錄 by @_.hsue0423 詞曲 by @1azyasfucc_tg beat by @Flipmagic 
這首歌誕生於我高二的某個下午。
混錄 by @_.hsue0423 詞曲 by @1azyasfucc_tg beat by @Flipmagic","下午Afternoon 🌇🌇🌇 星期天的早晨我還沒睡 期待中午要吃漢堡王還是subway 一整天沒睡我卻也還不累 兩點了想吃早餐不管它貴不貴 在學校寫歌旁邊還有人正趴著睡 去吃晚餐老闆還幫我免費加了麵 在這個世代每個人都好像插著電 你要小心一個人肯定不只八個面 在燈下那個黑暗的角落 我在跟自己討論還有人想瞎攪和 多少人看我沒有但我不屑他們說的 我只在乎跟自己小酌可能還有音樂播著 如果能站著那我為何不能坐著 我還不曉得我到底是哪裡錯了 不知道現在算是死了還是活著 又是或者 我快要分不清這是現實還是虛擬 大概只能透過輪廓透過你的軀體 透過你的描述透過你的給予 如果你有聽見聲音那是我正在低語 凌晨三點五十八分 沒有一人在我左右 情緒被慢慢的瓜分 沒有一人為我守候 它就像是一盞花燈 閉上眼就不停閃爍 就血淋淋的發生 直到終於被誰給掌控 就直到被我給掌控握在我的手裡 你知道我的手裡握著比血紅的紅筆 慢慢書寫我的故事 tell some true story 過去犯的那些錯我只能說聲sorry 我時常在想人們為何孤獨 我時常在想人們為何享受孤獨 我時常在想人們為何害怕孤獨 有人說是那是大智若愚有人卻說那是糊塗 隨著我的思緒漸漸發散 爬上哪座心靈的高山再向下俯瞰 看著平原上躺多少傷患 回想以前犯賤的自己就像王八蛋 儘管我覺得生活法大但我還是照過 那些心靈雞湯的話我也還是照做 那些自己設下的陷阱我沿路繞過 莫名回首看著那些全都化為泡沫 
下午Afternoon 🌇🌇🌇
星期天的早晨我還沒睡 期待中午要吃漢堡王還是subway 一整天沒睡我卻也還不累 兩點了想吃早餐不管它貴不貴
在學校寫歌旁邊還有人正趴著睡 去吃晚餐老闆還幫我免費加了麵 在這個世代每個人都好像插著電 你要小心一個人肯定不只八個面
在燈下那個黑暗的角落 我在跟自己討論還有人想瞎攪和 多少人看我沒有但我不屑他們說的 我只在乎跟自己小酌可能還有音樂播著
如果能站著那我為何不能坐著 我還不曉得我到底是哪裡錯了 不知道現在算是死了還是活著 又是或者
我快要分不清這是現實還是虛擬 大概只能透過輪廓透過你的軀體 透過你的描述透過你的給予 如果你有聽見聲音那是我正在低語
凌晨三點五十八分 沒有一人在我左右 情緒被慢慢的瓜分 沒有一人為我守候 它就像是一盞花燈 閉上眼就不停閃爍 就血淋淋的發生 直到終於被誰給掌控
就直到被我給掌控握在我的手裡 你知道我的手裡握著比血紅的紅筆 慢慢書寫我的故事 tell some true story 過去犯的那些錯我只能說聲sorry
我時常在想人們為何孤獨 我時常在想人們為何享受孤獨 我時常在想人們為何害怕孤獨 有人說是那是大智若愚有人卻說那是糊塗
隨著我的思緒漸漸發散 爬上哪座心靈的高山再向下俯瞰 看著平原上躺多少傷患 回想以前犯賤的自己就像王八蛋
儘管我覺得生活法大但我還是照過 那些心靈雞湯的話我也還是照做 那些自己設下的陷阱我沿路繞過 莫名回首看著那些全都化為泡沫
留言（ 3 ） 最相關留言 所有留言
留言（ 3 ）",2026-09-20,,,False,False,
2026-09-30 16:35:55,realtime,hip_hop,,,49,Kill2,PEACE,1,64,0,https://streetvoice.com/Jayaott/songs/880347/,https://streetvoice.com/Jayaott/,"https://akstatic.streetvoice.com/song_covers/Ja/ya/Jayaott/nMAdagmjTcQektGAztghq6.jpg?x-oss-process=image/resize,m_fill,h_400,w_400,limit_0",images/880347.jpg,@Jayaott,音樂人,,,,1,1,1,,,https://www.youtube.com/user/StreetVoiceTV,,,Hip hop / Rap,,,,"（ Prod.by ‪@markmywordsbeats‬ &  @zuri6640‬） 
（ Prod.by ‪@markmywordsbeats‬ &  @zuri6640‬）
Prod.by","Let me take you back to the past 讓我帶你回到過去 回到21年的夏天 第一次看見是在 一個豔陽高照的上午 那帶著primitive調整帽子的角度 穿著SB 踩著DGK的setup He’s got swag 感覺他曾經也玩過hip hop 從沒想過有一天你也會找我搭話 教會我滑板 也教會了我Grow up This P E A C E 人生的一頁 回顧你一路上教會我所有的一切 可能不是你帶過極限最棒的一屆 但專屬於小老弟和你的Process 極限的教官 人生的導師 So Big thx給了我太多的物資 不知如何感謝 get something off one's chest 需要來上一點啤酒接著加上秘密宵夜 從不忘記過去那些美好的’Old day’ ‘如果有一天’那肯定就是我又喝醉 度過了晴天又陪我度過多少’雨夜’ 我們之間的友誼‘forever in the day’ ’Run my dream’總是告誡著我別害怕 在我迷茫的時候總是tell me ‘we are top’ ‘繼續做’就像滑板絕不輕易放下 默默’pray 4 us’像每個動作的pop 8點到極限 從來都沒有遲到 Of course 比學校還要更像學校 比老師更像老師 我不是在開玩鬧 偶爾會被你教育但苦口他才是良藥 是你給我用愛好賺零用錢的機會 是你讓滑板衣服第一次在我的衣櫃 是你在我悲傷時能夠接住我的心累 是你教會了老弟什麼是錯什麼是對 也許我們的年齡 可能有些許差距 但就像是你說的 我們就像是兄弟 從興安街一路去喝到建興南路 極限小毛頭長大我們依然保持頑酷 人生的課題不斷 但你就像是導師 There's nothing you don't know 甚至哪間早餐好吃 在一片汪洋的大海 亮起一座燈塔 提示著ㄧ艘艘的小船 找到one peace let’s go 從不忘記過去那些美好的’Old day’ ‘如果有一天’那肯定就是我又喝醉 度過了晴天又陪我度過多少’雨夜’ 我們之間的友誼‘forever in the day’ ’Run my dream’總是告誡著我別害怕 在我迷茫的時候總是tell me ‘we are top’ ‘繼續做’就像滑板絕不輕易放下 默默’pray 4 us’像每個動作的pop 雖然還在經歷著人生的試煉 就像大雨一直一直下 但經過這些年的我們 不會像極限和福橋一樣輕易的Tear apart 我知道有的兄弟過去總是讓你很操心 擔心我們會做傻事 擔心我們會走鐘 但是這一切都過來小老弟都長大了 兄弟們都走在正軌 甚至有的在當兵 從不忘記過去那些美好的’Old day’ ‘如果有一天’那肯定就是我又喝醉 度過了晴天又陪我度過多少’雨夜’ 我們之間的友誼‘forever in the day’ ’Run my dream’總是告誡著我別害怕 在我迷茫的時候總是tell me ‘we are top’ ‘繼續做’就像滑板絕不輕易放下 默默’pray 4 us’像每個動作的pop 我也想能看到你對‘我拿著mic說故事’ 不論‘自我介紹’或‘單身日記’都曾是 讓我‘明白’‘有時候’‘夏天來了’並不是在講炎日 ’U should know‘ ‘那年’在極限後的‘Meeting’是我美好的回憶 ‘Skateboarding life’組建了沒血緣的’Family ’ ABCD 選不出結局 是你陪我過‘非常時期’ ‘Just a song’但獻給peace and OOCG 
Let me take you back to the past 讓我帶你回到過去 回到21年的夏天 第一次看見是在 一個豔陽高照的上午 那帶著primitive調整帽子的角度 穿著SB 踩著DGK的setup He’s got swag 感覺他曾經也玩過hip hop 從沒想過有一天你也會找我搭話 教會我滑板 也教會了我Grow up This P E A C E 人生的一頁 回顧你一路上教會我所有的一切 可能不是你帶過極限最棒的一屆 但專屬於小老弟和你的Process 極限的教官 人生的導師 So Big thx給了我太多的物資 不知如何感謝 get something off one's chest 需要來上一點啤酒接著加上秘密宵夜
從不忘記過去那些美好的’Old day’ ‘如果有一天’那肯定就是我又喝醉 度過了晴天又陪我度過多少’雨夜’ 我們之間的友誼‘forever in the day’ ’Run my dream’總是告誡著我別害怕 在我迷茫的時候總是tell me ‘we are top’ ‘繼續做’就像滑板絕不輕易放下 默默’pray 4 us’像每個動作的pop
8點到極限 從來都沒有遲到 Of course 比學校還要更像學校 比老師更像老師 我不是在開玩鬧 偶爾會被你教育但苦口他才是良藥 是你給我用愛好賺零用錢的機會 是你讓滑板衣服第一次在我的衣櫃 是你在我悲傷時能夠接住我的心累 是你教會了老弟什麼是錯什麼是對 也許我們的年齡 可能有些許差距 但就像是你說的 我們就像是兄弟 從興安街一路去喝到建興南路 極限小毛頭長大我們依然保持頑酷 人生的課題不斷 但你就像是導師 There's nothing you don't know 甚至哪間早餐好吃 在一片汪洋的大海 亮起一座燈塔 提示著ㄧ艘艘的小船 找到one peace let’s go
從不忘記過去那些美好的’Old day’ ‘如果有一天’那肯定就是我又喝醉 度過了晴天又陪我度過多少’雨夜’ 我們之間的友誼‘forever in the day’ ’Run my dream’總是告誡著我別害怕 在我迷茫的時候總是tell me ‘we are top’ ‘繼續做’就像滑板絕不輕易放下 默默’pray 4 us’像每個動作的pop
雖然還在經歷著人生的試煉 就像大雨一直一直下 但經過這些年的我們 不會像極限和福橋一樣輕易的Tear apart
我知道有的兄弟過去總是讓你很操心 擔心我們會做傻事 擔心我們會走鐘 但是這一切都過來小老弟都長大了 兄弟們都走在正軌 甚至有的在當兵
從不忘記過去那些美好的’Old day’ ‘如果有一天’那肯定就是我又喝醉 度過了晴天又陪我度過多少’雨夜’ 我們之間的友誼‘forever in the day’ ’Run my dream’總是告誡著我別害怕 在我迷茫的時候總是tell me ‘we are top’ ‘繼續做’就像滑板絕不輕易放下 默默’pray 4 us’像每個動作的pop
我也想能看到你對‘我拿著mic說故事’ 不論‘自我介紹’或‘單身日記’都曾是 讓我‘明白’‘有時候’‘夏天來了’並不是在講炎日 ’U should know‘ ‘那年’在極限後的‘Meeting’是我美好的回憶 ‘Skateboarding life’組建了沒血緣的’Family ’ ABCD 選不出結局 是你陪我過‘非常時期’ ‘Just a song’但獻給peace and OOCG
留言（ 0 ） 最相關留言 所有留言
留言（ 0 ）",2026-09-20,,,False,False,
2026-09-30 16:35:55,realtime,hip_hop,,,50,叶贺龙 逆光音视主理人,工人,1,16,0,https://streetvoice.com/zcs2026/songs/880585/,https://streetvoice.com/zcs2026/,"https://akstatic.streetvoice.com/song_covers/zc/s2/zcs2026/kcPjSBMQAR9xd7Md9a63YA.jpeg?x-oss-process=image/resize,m_fill,h_400,w_400,limit_0",images/880585.jpeg,@zcs2026,音樂人,,,,17,1,,,,https://www.youtube.com/user/StreetVoiceTV,,,Hip hop / Rap,逆光劲声随笔,https://streetvoice.com/zcs2026/songs/album/97326056/,,"喂孩子，钱还够吗？照顾好自己 
喂孩子，钱还够吗？照顾好自己","今天真累 凌晨六点天没亮，我就来到货站上 听说今天几车货，下班又得半夜了 眨眼都要五十了，过两年可咋整啊 我这腰也直不起，毛病落了一身了 家里孩子还要养，不能撒手不管他 这日子我没个头，全年四季忙到头 年年过年年年愁，一年比一年白头 我这身子骨还行，就是爬不了几楼 喂孩子，钱还够吗？照顾好自己 
今天真累
凌晨六点天没亮，我就来到货站上 听说今天几车货，下班又得半夜了
眨眼都要五十了，过两年可咋整啊 我这腰也直不起，毛病落了一身了
家里孩子还要养，不能撒手不管他 这日子我没个头，全年四季忙到头
年年过年年年愁，一年比一年白头 我这身子骨还行，就是爬不了几楼
喂孩子，钱还够吗？照顾好自己
留言（ 0 ） 最相關留言 所有留言
留言（ 0 ）",2026-09-22,,,False,False,
