snapshot_time,chart_timeframe,chart_genre,chart_year,chart_week,rank,artist_name,song_title,likes_count,play_count,comments_count,song_url,artist_url,cover_image_url,cover_image_local_path,artist_handle,artist_identity,artist_city,artist_joined_date,artist_accredited_datetime,artist_music_count,artist_fans_count,artist_following_count,artist_facebook_url,artist_instagram_url,artist_youtube_url,related_news,big_thing_appearances,genre,album_title,album_url,collaborators,description,lyrics,release_date,song_accredited_datetime,honors,is_editor_recommended,is_song_of_the_day,critic_review_url
2026-09-03 08:07:55,realtime,all,,,1,安眠巫師 WiFi,順流 （天氣加成版）ft.黃玠瑋 Zooey Wonder,60,6672,91,https://streetvoice.com/sleepywifizzz/songs/876157/,https://streetvoice.com/sleepywifizzz/,"https://akstatic.streetvoice.com/song_covers/sl/ee/sleepywifizzz/AYjU5Zx8r4VnpgqhRv885M.jpeg?x-oss-process=image/resize,m_fixed,h_1,w_1,limit_0/resize,m_fixed,h_630,w_1200,limit_0/watermark,image_c29uZ19jb3ZlcnMvc2wvZWUvc2xlZXB5d2lmaXp6ei9BWWpVNVp4OHI0Vm5wZ3FoUnY4ODVNLmpwZWc_eC1vc3MtcHJvY2Vzcz1pbWFnZS9yZXNpemUsbV9maXhlZCxoXzM0NCx3XzM0NCxsaW1pdF8w,g_nw,x_428,y_143/watermark,image_YXNzZXQvaW1hZ2VzL21ldGFpbWFnZS1zb25nLnBuZw,g_nw,x_0,y_0",images/876157.jpeg,@sleepywifizzz,音樂人,,,,,8,,,,https://www.youtube.com/user/StreetVoiceTV,秦旭章化身安眠巫師 邀陳如山、盧律銘合作新歌〈月光假面〉|||https://blow.streetvoice.com/61042/?utm_source=streetvoice&utm_medium=profile-news-block; 守夜人團長秦旭章新身份「安眠巫師」 首支個人單曲〈我們沒救了〉MV上線|||https://blow.streetvoice.com/60361/?utm_source=streetvoice&utm_medium=profile-news-block,,Folk,,,,"🎧 https://umg.lnk.to/spwfzysl 這次我們獨家在街聲放了最流動的原始創作✨ 有沒有一種時候， 你已經試過很多方法了。 換方向、換方法、換態度， 甚至連人生觀都重新安裝一次。 但事情還是沒有比較順。 於是某一天， 你突然想說—— 算了。 把自己關機好了 不是放棄， 只是有點累。 - 2026年 送給 突然不想再證明什麼了的自己 不強抓， 不討好， 不過度在意。 順流。 不在意。 沒關係。 — 「安眠巫師 WiFi」是守夜人 Night Keepers 團長旭章 WiFi， 所創造出來的分靈體角色。他能以反心靈雞湯語錄般的黑色幽默語氣，帶你用負能量化解負能量，另類「解惑」人生的各類疑難雜症。 安眠巫師與黃玠瑋在創作《順流》這首歌時，兩人都正處於各自生命裡的「逆流」時刻，與其寫下勵志口號，他們選擇誠實面對那些難以言說的疲憊與無力。 於是，將那些真正喘不過氣的內心話，誠實地寫進歌曲裡。 「無能為力」、「已經花光所有力氣」、「不要在意別人眼中的自己」—— 那些看似無力的念頭，在這首歌裡，被溫柔地接住。 《順流》以 Indie Pop × Dream Pop 為基底，融合 Ambient Folk 的空間感與如公路電影般的流動氛圍。編曲刻意保留大量留白，情緒內斂而緩慢推進，安眠巫師與黃玠瑋的聲線在歌曲中交錯，如同兩條逆流中的水脈，在孤獨與理解之間慢慢靠近。 這不是一首鼓勵你振作的歌， 而是一首在你累了的時候，陪你慢慢往前走的歌。 黃玠瑋形容錄音時腦海浮現的畫面，就像一部公路電影： 一條很長的道路，有人經過，有人上車，有人離開。 你不知道該不該回應，甚至有點孤單，但慢慢會發現——頻率對的人，自然會留下。 對安眠巫師而言，《順流》也是一種性格的鬆動。 允許不合時宜，允許自己的速度，也允許暫時不知道自己在做什麼。 這首歌不是要帶你去更遠的地方。 只是陪你， 把車繼續往前開。 人生如果真的卡住了， 有時候不是要重開機。 只是要先順流一下。 即使不知道明天在哪裡。 但方向， 會慢慢對上。 . 《 順流 (天氣加成版) 》  ｜安眠巫師  feat. 黃玠瑋 現在，你可以不用再用力了。 
🎧 https://umg.lnk.to/spwfzysl
https://umg.lnk.to/spwfzysl
這次我們獨家在街聲放了最流動的原始創作✨
有沒有一種時候， 你已經試過很多方法了。
換方向、換方法、換態度， 甚至連人生觀都重新安裝一次。
但事情還是沒有比較順。
於是某一天， 你突然想說—— 算了。 把自己關機好了
不是放棄， 只是有點累。
-
2026年 送給 突然不想再證明什麼了的自己
不強抓， 不討好， 不過度在意。 順流。 不在意。 沒關係。 —
「安眠巫師 WiFi」是守夜人 Night Keepers 團長旭章 WiFi， 所創造出來的分靈體角色。他能以反心靈雞湯語錄般的黑色幽默語氣，帶你用負能量化解負能量，另類「解惑」人生的各類疑難雜症。
安眠巫師與黃玠瑋在創作《順流》這首歌時，兩人都正處於各自生命裡的「逆流」時刻，與其寫下勵志口號，他們選擇誠實面對那些難以言說的疲憊與無力。
於是，將那些真正喘不過氣的內心話，誠實地寫進歌曲裡。
「無能為力」、「已經花光所有力氣」、「不要在意別人眼中的自己」—— 那些看似無力的念頭，在這首歌裡，被溫柔地接住。
《順流》以 Indie Pop × Dream Pop 為基底，融合 Ambient Folk 的空間感與如公路電影般的流動氛圍。編曲刻意保留大量留白，情緒內斂而緩慢推進，安眠巫師與黃玠瑋的聲線在歌曲中交錯，如同兩條逆流中的水脈，在孤獨與理解之間慢慢靠近。
這不是一首鼓勵你振作的歌， 而是一首在你累了的時候，陪你慢慢往前走的歌。
黃玠瑋形容錄音時腦海浮現的畫面，就像一部公路電影： 一條很長的道路，有人經過，有人上車，有人離開。
你不知道該不該回應，甚至有點孤單，但慢慢會發現——頻率對的人，自然會留下。
對安眠巫師而言，《順流》也是一種性格的鬆動。 允許不合時宜，允許自己的速度，也允許暫時不知道自己在做什麼。
這首歌不是要帶你去更遠的地方。 只是陪你， 把車繼續往前開。 人生如果真的卡住了， 有時候不是要重開機。 只是要先順流一下。
即使不知道明天在哪裡。 但方向， 會慢慢對上。
.
《 順流 (天氣加成版) 》  ｜安眠巫師  feat. 黃玠瑋
現在，你可以不用再用力了。","🎧 https://umg.lnk.to/spwfzysl 作詞| 黃玠瑋/ 秦旭章 作曲| 秦旭章 製作| 秦旭章/鍾承洋 訂了單程的車票 不想規劃去哪裡 維持平凡的生活 已經花光我所有的力氣 ⠀⠀ 有時我無能為力 只想躺平在家裡 我不想困在原地 不確定 ⠀⠀⠀⠀ 通往順流的頻率 深呼吸呀喘口氣 還沒發生的事情 看不透也沒關係 ⠀⠀⠀⠀ 明天在哪裡 不想去在意 我會在哪裡 我的影子在哪裡 我的笑容在哪裡 川流不息的海底 不知不覺的外空動力 ⠀⠀⠀⠀ 會不會太在意 每個人眼裡的自己 擁抱當下的每片風景 確定 ⠀⠀⠀⠀ 通往順流的頻率 深呼吸呀喘口氣 還沒發生的事情 看不透也沒關係 ⠀⠀⠀⠀ 明天在哪裡 不想去在意 我會在哪裡 時間每分每秒在流逝 只剩我還停留在這兒 每個人有自己的時區 沒關係 ⠀⠀⠀⠀ 通往順流的頻率 深呼吸呀喘口氣 還沒發生的事情 看不透也沒關係 ⠀⠀⠀⠀ 明天在哪裡 不想去在意 我會在哪裡 不想去在意 哪裡 
🎧 https://umg.lnk.to/spwfzysl
作詞| 黃玠瑋/ 秦旭章 作曲| 秦旭章 製作| 秦旭章/鍾承洋
訂了單程的車票 不想規劃去哪裡 維持平凡的生活 已經花光我所有的力氣 ⠀⠀
有時我無能為力 只想躺平在家裡 我不想困在原地 不確定 ⠀⠀⠀⠀
通往順流的頻率 深呼吸呀喘口氣 還沒發生的事情 看不透也沒關係 ⠀⠀⠀⠀
明天在哪裡 不想去在意 我會在哪裡
我的影子在哪裡 我的笑容在哪裡 川流不息的海底 不知不覺的外空動力 ⠀⠀⠀⠀
會不會太在意 每個人眼裡的自己 擁抱當下的每片風景 確定 ⠀⠀⠀⠀
通往順流的頻率 深呼吸呀喘口氣 還沒發生的事情 看不透也沒關係 ⠀⠀⠀⠀
明天在哪裡 不想去在意 我會在哪裡
時間每分每秒在流逝 只剩我還停留在這兒 每個人有自己的時區 沒關係 ⠀⠀⠀⠀
通往順流的頻率 深呼吸呀喘口氣 還沒發生的事情 看不透也沒關係 ⠀⠀⠀⠀
明天在哪裡 不想去在意 我會在哪裡 不想去在意
哪裡
留言（ 91 ） 最相關留言 所有留言
留言（ 91 ）",2026-08-24,,Song of the Day; 週排行冠軍; 編輯推薦,True,True,
2026-09-03 08:07:55,realtime,all,,,2,日新独立中学歌创社（日新独立中学）,乌合之众,10,114,12,https://streetvoice.com/suiqingsaw/songs/877464/,https://streetvoice.com/suiqingsaw/,"https://akstatic.streetvoice.com/song_covers/su/iq/suiqingsaw/4pUG3QmjCnqc2ZGf8XxPYJ.jpg?x-oss-process=image/resize,m_fixed,h_1,w_1,limit_0/resize,m_fixed,h_630,w_1200,limit_0/watermark,image_c29uZ19jb3ZlcnMvc3UvaXEvc3VpcWluZ3Nhdy80cFVHM1FtakNucWMyWkdmOFh4UFlKLmpwZz94LW9zcy1wcm9jZXNzPWltYWdlL3Jlc2l6ZSxtX2ZpeGVkLGhfMzQ0LHdfMzQ0LGxpbWl0XzA,g_nw,x_428,y_143/watermark,image_YXNzZXQvaW1hZ2VzL21ldGFpbWFnZS1zb25nLnBuZw,g_nw,x_0,y_0",images/877464.jpg,@suiqingsaw,音樂人,馬來西亞,2024-09-01,,,5,2,,,https://www.youtube.com/user/StreetVoiceTV,,,Reggae / Funk,,,,"作词：苏绥晴 作曲：苏绥晴 编曲：苏绥晴 温芷绮 黄煒燊 主唱：周恩希 和声1:温芷绮 和声2:黄煒燊 和声3/贝斯手：苏绥晴 吉他手：黄馨田 键盘手1:张千瑜 键盘手2:林楷维 鼓手：陈沅宇 创作理念 在现在这个社会的人们没有辨识能力去认真侦查网络上的信息是否绝对准确，就因为营销号的力量与人群的从众效应部分网民们就会没有个人主观思考就一面性的去否决所有事情就因为一件那个人发生的单一性的事件 因此我把这个人群现象称为“乌合之众”，而这首歌他主要的定位我是要说的是，为什么现在的人会渐渐变成“乌合之众”，为什么他们会越来越放弃思考。而现实的是所有人都可能会在无形之中成为“乌合之众” 所以大家要谨言慎行呀～～～你们说的每一句话都有可能成为伤害他人的利刃不要成为被操控的人，成为乌合之众😞 
作词：苏绥晴 作曲：苏绥晴 编曲：苏绥晴 温芷绮 黄煒燊
主唱：周恩希 和声1:温芷绮 和声2:黄煒燊 和声3/贝斯手：苏绥晴 吉他手：黄馨田 键盘手1:张千瑜 键盘手2:林楷维 鼓手：陈沅宇
创作理念 在现在这个社会的人们没有辨识能力去认真侦查网络上的信息是否绝对准确，就因为营销号的力量与人群的从众效应部分网民们就会没有个人主观思考就一面性的去否决所有事情就因为一件那个人发生的单一性的事件
因此我把这个人群现象称为“乌合之众”，而这首歌他主要的定位我是要说的是，为什么现在的人会渐渐变成“乌合之众”，为什么他们会越来越放弃思考。而现实的是所有人都可能会在无形之中成为“乌合之众”
所以大家要谨言慎行呀～～～你们说的每一句话都有可能成为伤害他人的利刃不要成为被操控的人，成为乌合之众😞","Intro ladies and gentlemen 欢迎大家来到我精心策划的派对 在这里我们言论自由 无需拘束 哈哈哈哈哈哈 那话不多说 欢迎加入我的乌合之众 verse 1 这个世界 太混乱 上网寻找一些些Fun 抛开一切 拿起键盘 想说什么就说出来 verse 2 关于什么是话语权 是非真假由我决定 反正网上就是虚拟 大家都是乌合之众 pre chorus 我不管 我不管 我不管 就算伤害了谁（轮到谁倒霉） 我不听 我不听 就算（笑起来 骂起来 ）弄伤了谁 啊啊啊啊啊啊 我不管 我就说 有本事你们就告我 和声：告我告我告我告我 chorus 1 这个世界太混乱 真相慢慢变得没人看 那就需要我的出现 让“真相”正式登场 chorus 2 人们真的太愚钝 傻傻等着被我操控 流言传得越发汹涌 剩下交给你们说 欢迎加入乌合之众X3 这就是 我 的 杰 作X1 verse 1 这个世界 太混乱 上网寻找一些些Fun 抛开一切 拿起键盘 想说什么就说出来 verse 2 关于什么是话语权 是非真假由我决定 反正网上就是虚拟 欢迎加入乌合之众 pre chorus 我不管 我不管 我不管 这都与我无关（轮到谁倒霉） 我不听 我不听 我就是（笑起来 骂起来 ）神经病 啊啊啊啊啊啊 我不管 我就说 有本事你们就告我 和声：告我告我告我告我 chorus 1 这个世界太混乱 真相慢慢变得没人看 那就需要我的出现 让“真相”正式登场 chorus 2 人们真的太愚钝 傻傻等着被我操控 真相早已没人想懂 剩下只有乌合之众 ending 欢迎加入乌合之众X3💥 这就是 我 的 杰 作X1🤪 
Intro ladies and gentlemen 欢迎大家来到我精心策划的派对 在这里我们言论自由 无需拘束 哈哈哈哈哈哈 那话不多说 欢迎加入我的乌合之众
verse 1 这个世界 太混乱 上网寻找一些些Fun 抛开一切 拿起键盘 想说什么就说出来
verse 2 关于什么是话语权 是非真假由我决定 反正网上就是虚拟 大家都是乌合之众
pre chorus 我不管 我不管 我不管 就算伤害了谁（轮到谁倒霉） 我不听 我不听 就算（笑起来 骂起来 ）弄伤了谁 啊啊啊啊啊啊 我不管 我就说 有本事你们就告我 和声：告我告我告我告我
chorus 1 这个世界太混乱 真相慢慢变得没人看 那就需要我的出现 让“真相”正式登场
chorus 2 人们真的太愚钝 傻傻等着被我操控 流言传得越发汹涌 剩下交给你们说
欢迎加入乌合之众X3 这就是 我 的 杰 作X1
verse 1 这个世界 太混乱 上网寻找一些些Fun 抛开一切 拿起键盘 想说什么就说出来
verse 2 关于什么是话语权 是非真假由我决定 反正网上就是虚拟 欢迎加入乌合之众
pre chorus 我不管 我不管 我不管 这都与我无关（轮到谁倒霉） 我不听 我不听 我就是（笑起来 骂起来 ）神经病 啊啊啊啊啊啊 我不管 我就说 有本事你们就告我 和声：告我告我告我告我
chorus 1 这个世界太混乱 真相慢慢变得没人看 那就需要我的出现 让“真相”正式登场
chorus 2 人们真的太愚钝 傻傻等着被我操控 真相早已没人想懂 剩下只有乌合之众
ending 欢迎加入乌合之众X3💥 这就是 我 的 杰 作X1🤪
留言（ 12 ） 最相關留言 所有留言
留言（ 12 ）",2026-09-01,,,False,False,
2026-09-03 08:07:55,realtime,all,,,3,紙鳶 Seizer,墜,13,342,13,https://streetvoice.com/seizer_official/songs/876182/,https://streetvoice.com/seizer_official/,"https://akstatic.streetvoice.com/music_albums/se/iz/seizer_official/N2aTYNoA3NBNhQWwfjgotd.jpeg?x-oss-process=image/resize,m_fixed,h_1,w_1,limit_0/resize,m_fixed,h_630,w_1200,limit_0/watermark,image_bXVzaWNfYWxidW1zL3NlL2l6L3NlaXplcl9vZmZpY2lhbC9OMmFUWU5vQTNOQk5oUVd3Zmpnb3RkLmpwZWc_eC1vc3MtcHJvY2Vzcz1pbWFnZS9yZXNpemUsbV9maXhlZCxoXzM0NCx3XzM0NCxsaW1pdF8w,g_nw,x_428,y_143/watermark,image_YXNzZXQvaW1hZ2VzL21ldGFpbWFnZS1zb25nLnBuZw,g_nw,x_0,y_0",images/876182.jpeg,@seizer_official,音樂人,台中市,2024-08-01,2024-09-10 20:11,10,1262,,,https://www.instagram.com/seizer.com.tw/,https://www.youtube.com/user/StreetVoiceTV,紙鳶首登泰國Monster Music Festival 回歸宣布新專輯《缺頁的名冊》即將發行|||https://blow.streetvoice.com/89229/?utm_source=streetvoice&utm_medium=profile-news-block; 北流「Open Lab人才培育計畫」五週年成果亮眼 媒合紙鳶登泰國音樂節|||https://blow.streetvoice.com/88857/?utm_source=streetvoice&utm_medium=profile-news-block; 紙鳶聯手羊米人推出首支台語單曲〈六月的雨縫〉為9月新專輯暖身|||https://blow.streetvoice.com/88034/?utm_source=streetvoice&utm_medium=profile-news-block,,Alternative,缺頁的名冊,https://streetvoice.com/seizer_official/songs/album/97325949/,,"詞 Lyrics｜仁杰 曲 Composer｜仁杰 編曲 Arrangement｜蔣希謙 TOC、紙鳶 Seizer 主唱 Vocal｜仁杰 和聲 Backing Vocal｜仁杰、蘇崇祐 Kay 電吉他 Electric Guitar｜楊博皓 Seal 貝斯 Bass｜呂建亨 Henry 鼓組 Drum｜王秉宸 Daniel 製作人 Producer｜楊博皓 Seal 鼓組錄音室 Drum Recording Studio｜秉乾工作室 鼓組錄音師 Drum Recording Engineer｜張家誠 Chia Chen Chang 鼓技師 Drum Technician｜莊開旭 Cash Chuang 人聲錄音室 Vocal Recording Studio｜RecoverStudio 人聲配唱 Vocal Producer｜蘇崇祐 Kay 錄音師 Recording Engineer｜楊博皓 Seal 混音師 Mixing Engineer｜張家誠 Chia Chen Chang 母帶後期製作 Mastering Engineer｜張家誠 Chia Chen Chang 
詞 Lyrics｜仁杰 曲 Composer｜仁杰 編曲 Arrangement｜蔣希謙 TOC、紙鳶 Seizer
主唱 Vocal｜仁杰 和聲 Backing Vocal｜仁杰、蘇崇祐 Kay 電吉他 Electric Guitar｜楊博皓 Seal 貝斯 Bass｜呂建亨 Henry 鼓組 Drum｜王秉宸 Daniel
製作人 Producer｜楊博皓 Seal 鼓組錄音室 Drum Recording Studio｜秉乾工作室 鼓組錄音師 Drum Recording Engineer｜張家誠 Chia Chen Chang 鼓技師 Drum Technician｜莊開旭 Cash Chuang 人聲錄音室 Vocal Recording Studio｜RecoverStudio
人聲配唱 Vocal Producer｜蘇崇祐 Kay 錄音師 Recording Engineer｜楊博皓 Seal
混音師 Mixing Engineer｜張家誠 Chia Chen Chang 母帶後期製作 Mastering Engineer｜張家誠 Chia Chen Chang","不再熾熱的心已破碎支離 隻身在沒有光亮的黎明 我救不了你 也救不了我自己 盡歡而散 後的氣球 洩掉了虛偽的快樂 不堪入 目的 狼藉 早被慣性的棄之不理 讓我睡在空盪的心房裡 貪圖地夢著美好的憧憬 不再熾熱的心已破碎支離 隻身在沒有光亮的黎明 我救不了你 也救不了我自己 讓我睡在空盪的心房裡 貪圖地夢著美好的憧憬 Nobody save me Nobody save me Nobody save me Nobody save me 不再熾熱的心已破碎支離 隻身在沒有光亮的黎明 我救不了你　也救不了我自己 不再完整的我墜入深淵裡 卻還把殘存的愛留給你 我救不了你　也救不了我自己 
不再熾熱的心已破碎支離 隻身在沒有光亮的黎明 我救不了你 也救不了我自己
盡歡而散 後的氣球 洩掉了虛偽的快樂 不堪入 目的 狼藉 早被慣性的棄之不理
讓我睡在空盪的心房裡 貪圖地夢著美好的憧憬
不再熾熱的心已破碎支離 隻身在沒有光亮的黎明 我救不了你 也救不了我自己
讓我睡在空盪的心房裡 貪圖地夢著美好的憧憬
Nobody save me Nobody save me Nobody save me Nobody save me
不再熾熱的心已破碎支離 隻身在沒有光亮的黎明 我救不了你　也救不了我自己
不再完整的我墜入深淵裡 卻還把殘存的愛留給你 我救不了你　也救不了我自己
留言（ 13 ） 最相關留言 所有留言
留言（ 13 ）",2026-09-03,,,False,False,
2026-09-03 08:07:55,realtime,all,,,4,哈樂黛 Haradise,瓶中信 (Demo),44,3693,9,https://streetvoice.com/haradise202412/songs/875693/,https://streetvoice.com/haradise202412/,"https://akstatic.streetvoice.com/song_covers/ha/ra/haradise202412/MuihQxXUzKofMPxhzhmNyE.jpeg?x-oss-process=image/resize,m_fixed,h_1,w_1,limit_0/resize,m_fixed,h_630,w_1200,limit_0/watermark,image_c29uZ19jb3ZlcnMvaGEvcmEvaGFyYWRpc2UyMDI0MTIvTXVpaFF4WFV6S29mTVB4aHpobU55RS5qcGVnP3gtb3NzLXByb2Nlc3M9aW1hZ2UvcmVzaXplLG1fZml4ZWQsaF8zNDQsd18zNDQsbGltaXRfMA,g_nw,x_428,y_143/watermark,image_YXNzZXQvaW1hZ2VzL21ldGFpbWFnZS1zb25nLnBuZw,g_nw,x_0,y_0",images/875693.jpeg,@haradise202412,音樂人,台北市,2016-03-01,2026-07-06 10:41,3,23,2,,https://www.instagram.com/haradise202412,https://www.youtube.com/@haradisebandofficialchannel,,,Folk,,,雨國 Kingdom of Rain、周趙容瑄,"詞：哈樂黛 曲：Chou Chao 編曲：哈樂黛 混音：趙沛 母帶：陳翰 製作人：陳翰 
詞：哈樂黛 曲：Chou Chao 編曲：哈樂黛 混音：趙沛 母帶：陳翰 製作人：陳翰","我是一封沒有地址的信 蜷縮在冰冷的玻璃瓶裡 隨著洋流 帶著你筆尖與淚痕的點滴 一起迷失在你的柔波裡 貼近著海浪的呼吸 濕氣洗去陌生的姓名在 一片汪洋裡 褪色的字句牽著我和你 展開我們的無聲遠行 陽光折射的橙色光暈 水下還藏另一片天地 不停的放映著褪色默劇 輪轉著 生鏽的回憶投影 瓶裝著 與你的幻影 我忘了我是一封信 泡沫唱著褪色的署名 被海浪叼去 連同迷路人魚 沉入海底 陽光折射的橙色光暈 水下還藏另一片天地 不停的放映著褪色默劇 嘆息撐破了玻璃瓶 字跡已落在你心底 
我是一封沒有地址的信 蜷縮在冰冷的玻璃瓶裡 隨著洋流 帶著你筆尖與淚痕的點滴 一起迷失在你的柔波裡
貼近著海浪的呼吸 濕氣洗去陌生的姓名在 一片汪洋裡 褪色的字句牽著我和你 展開我們的無聲遠行
陽光折射的橙色光暈 水下還藏另一片天地 不停的放映著褪色默劇 輪轉著 生鏽的回憶投影 瓶裝著 與你的幻影
我忘了我是一封信 泡沫唱著褪色的署名 被海浪叼去 連同迷路人魚 沉入海底
陽光折射的橙色光暈 水下還藏另一片天地 不停的放映著褪色默劇 嘆息撐破了玻璃瓶 字跡已落在你心底
留言（ 9 ） 最相關留言 所有留言
留言（ 9 ）",2026-08-21,,Song of the Day; 編輯推薦,True,True,
2026-09-03 08:07:55,realtime,all,,,5,jiMMY CHYN,青春假期結束,8,403,3,https://streetvoice.com/jimmy3063/songs/876199/,https://streetvoice.com/jimmy3063/,"https://akstatic.streetvoice.com/music_albums/ji/mm/jimmy3063/Ko62M8LfUvahk25D8r4Hgm.jpeg?x-oss-process=image/resize,m_fixed,h_1,w_1,limit_0/resize,m_fixed,h_630,w_1200,limit_0/watermark,image_bXVzaWNfYWxidW1zL2ppL21tL2ppbW15MzA2My9LbzYyTThMZlV2YWhrMjVEOHI0SGdtLmpwZWc_eC1vc3MtcHJvY2Vzcz1pbWFnZS9yZXNpemUsbV9maXhlZCxoXzM0NCx3XzM0NCxsaW1pdF8w,g_nw,x_428,y_143/watermark,image_YXNzZXQvaW1hZ2VzL21ldGFpbWFnZS1zb25nLnBuZw,g_nw,x_0,y_0",images/876199.jpeg,@jimmy3063,音樂人,台北市,2012-04-01,2021-06-01 13:03,4,67,2,https://www.facebook.com/jimmywang0511/,https://www.instagram.com/jimmy_0511,https://www.youtube.com/user/StreetVoiceTV,,,R&B / Soul,26.mp3,https://streetvoice.com/jimmy3063/songs/album/97325950/,Qmo,"獻給那些曾經一起長大、如今只存在回憶裡的人們。 - 詞曲 Songwriter｜jiMMY CHYN 演唱 Vocal｜jiMMY CHYN 合聲 Chorus｜jiMMY CHYN 吉他 Guitars｜張祐誠 Qmo 貝斯 Bass｜張祐誠 Qmo 編曲 Arrangement｜張祐誠 Qmo 混音 Mix Engineer｜張祐誠 Qmo 
獻給那些曾經一起長大、如今只存在回憶裡的人們。
- 詞曲 Songwriter｜jiMMY CHYN 演唱 Vocal｜jiMMY CHYN 合聲 Chorus｜jiMMY CHYN 吉他 Guitars｜張祐誠 Qmo 貝斯 Bass｜張祐誠 Qmo 編曲 Arrangement｜張祐誠 Qmo 混音 Mix Engineer｜張祐誠 Qmo","一個人回憶在深夜 想起 生活緊密的那些年 你說別為自己設限 踏出舒適圈 從此豐富了我的視野 如今 你不在這邊 所有過程經歷 都有了意義 我不再去抱怨 不再去逃避 謝謝我們曾經 有過那一段 感情 比朋友還更貼近 你 是這世上的唯一 那麽深刻了解了我的心 曾經 曾經是那麼的貼近 時間過去 當初的默契 沒人代替 還記得淡水的風聲吹響了夜巴黎 說不完的話題 (還記得) 清晨陽光照進 酒瓶散落一地 做過夢的屋頂 摩托車的風景 (希望) 再見面笑鬧如往昔 所有過程經歷 都有了意義 我不再去抱怨 不再去逃避 謝謝我們曾經 有過那一段 感情 比朋友還更貼近 你 是這世上的唯一 那麽深刻了解了我的心 如今 已沒有餘力再相聚 總是精神喊話 但你現在在哪 你還活著嗎 都回不去啦 真的超級想你 卻只能走向各自的時區 我也早就已經遠離青春假期 
一個人回憶在深夜 想起 生活緊密的那些年 你說別為自己設限 踏出舒適圈 從此豐富了我的視野 如今 你不在這邊
所有過程經歷 都有了意義 我不再去抱怨 不再去逃避 謝謝我們曾經 有過那一段 感情 比朋友還更貼近 你 是這世上的唯一 那麽深刻了解了我的心 曾經 曾經是那麼的貼近
時間過去 當初的默契 沒人代替 還記得淡水的風聲吹響了夜巴黎 說不完的話題 (還記得) 清晨陽光照進 酒瓶散落一地 做過夢的屋頂 摩托車的風景 (希望) 再見面笑鬧如往昔
所有過程經歷 都有了意義 我不再去抱怨 不再去逃避 謝謝我們曾經 有過那一段 感情 比朋友還更貼近 你 是這世上的唯一 那麽深刻了解了我的心 如今 已沒有餘力再相聚
總是精神喊話 但你現在在哪 你還活著嗎 都回不去啦 真的超級想你 卻只能走向各自的時區 我也早就已經遠離青春假期
留言（ 3 ） 最相關留言 所有留言
留言（ 3 ）",2026-08-24,,Song of the Day; 編輯推薦,True,True,
2026-09-03 08:07:55,realtime,all,,,6,岩壁ROCKWALL,雨 acoustic,19,1884,16,https://streetvoice.com/ROCKWALL/songs/877344/,https://streetvoice.com/ROCKWALL/,"https://akstatic.streetvoice.com/song_covers/RO/CK/ROCKWALL/4xNc3zAFXWtD6hyxfDb7a9.jpg?x-oss-process=image/resize,m_fixed,h_1,w_1,limit_0/resize,m_fixed,h_630,w_1200,limit_0/watermark,image_c29uZ19jb3ZlcnMvUk8vQ0svUk9DS1dBTEwvNHhOYzN6QUZYV3RENmh5eGZEYjdhOS5qcGc_eC1vc3MtcHJvY2Vzcz1pbWFnZS9yZXNpemUsbV9maXhlZCxoXzM0NCx3XzM0NCxsaW1pdF8w,g_nw,x_428,y_143/watermark,image_YXNzZXQvaW1hZ2VzL21ldGFpbWFnZS1zb25nLnBuZw,g_nw,x_0,y_0",images/877344.jpg,@ROCKWALL,音樂人,,,,1,17,1,,,https://www.youtube.com/user/StreetVoiceTV,,,Folk,,,,"內心的雨，比天空下得更久 - 造雨人員 作曲 Composer｜小P 作詞 Lyrics｜小P 製作人 Producer｜牛寶良 編曲 Arrangement｜葉秉豐Felix 人聲Vocal｜小P、葉秉豐Felix 吉他Guitar｜葉秉豐Felix 和聲編寫Backing Vocal & Arrangement｜葉秉豐Felix 錄音室 Recording Studio｜Akisnow Studio 錄音師Recording Engineer｜黃子誠Martin Huang 混音師 Mixing Engineer｜黃子誠Martin Huang 母帶後期處理 Mastering｜黃子誠Martin Huang 
內心的雨，比天空下得更久 - 造雨人員 作曲 Composer｜小P 作詞 Lyrics｜小P 製作人 Producer｜牛寶良 編曲 Arrangement｜葉秉豐Felix 人聲Vocal｜小P、葉秉豐Felix 吉他Guitar｜葉秉豐Felix 和聲編寫Backing Vocal & Arrangement｜葉秉豐Felix 錄音室 Recording Studio｜Akisnow Studio 錄音師Recording Engineer｜黃子誠Martin Huang 混音師 Mixing Engineer｜黃子誠Martin Huang 母帶後期處理 Mastering｜黃子誠Martin Huang","今天會下雨嗎 走出門肩膀濕了一塊 我不想躲在傘下 有沒有顯得自己比較特別 其實這些都沒關係 路邊的小花垂下身軀 像是在和我一起歡迎 這場大雨 大雨一直下可我的心 還沒癒合 我腐爛的心靈 該怎麼 今天會下雨嗎 走出門肩膀濕了一塊 我只想躲在傘下 反正沒顯得自己比較特別 其實這些都沒關係 路邊的小花垂下身軀 像是在在和我一起歡迎 這場大雨 大雨一直下可我的心 還沒癒合 我腐爛的心靈 該怎麼 今天會下雨嗎 走出門肩膀濕了一塊 
今天會下雨嗎 走出門肩膀濕了一塊 我不想躲在傘下 有沒有顯得自己比較特別
其實這些都沒關係 路邊的小花垂下身軀 像是在和我一起歡迎 這場大雨
大雨一直下可我的心 還沒癒合 我腐爛的心靈 該怎麼
今天會下雨嗎 走出門肩膀濕了一塊 我只想躲在傘下 反正沒顯得自己比較特別
其實這些都沒關係 路邊的小花垂下身軀 像是在在和我一起歡迎 這場大雨
大雨一直下可我的心 還沒癒合 我腐爛的心靈 該怎麼
今天會下雨嗎 走出門肩膀濕了一塊
留言（ 16 ） 最相關留言 所有留言
留言（ 16 ）",2026-08-31,,編輯推薦,True,False,
2026-09-03 08:07:55,realtime,all,,,7,邓加宇,爱人,7,429,2,https://streetvoice.com/djy2690/songs/875984/,https://streetvoice.com/djy2690/,"https://akstatic.streetvoice.com/song_covers/dj/y2/djy2690/oWcwUm4DXauGuewkGmAPQz.jpeg?x-oss-process=image/resize,m_fixed,h_1,w_1,limit_0/resize,m_fixed,h_630,w_1200,limit_0/watermark,image_c29uZ19jb3ZlcnMvZGoveTIvZGp5MjY5MC9vV2N3VW00RFhhdUd1ZXdrR21BUFF6LmpwZWc_eC1vc3MtcHJvY2Vzcz1pbWFnZS9yZXNpemUsbV9maXhlZCxoXzM0NCx3XzM0NCxsaW1pdF8w,g_nw,x_428,y_143/watermark,image_YXNzZXQvaW1hZ2VzL21ldGFpbWFnZS1zb25nLnBuZw,g_nw,x_0,y_0",images/875984.jpeg,@djy2690,音樂人,北京,2019-07-01,,4,7,,,,https://www.youtube.com/user/StreetVoiceTV,第18屆Freshmusic Awards得獎名單揭曉 陶晶瑩首次參與評審|||https://blow.streetvoice.com/81270/?utm_source=streetvoice&utm_medium=profile-news-block; 第17屆Freshmusic Awards入圍名單公布！6/20線上直播揭獎！|||https://blow.streetvoice.com/73888/?utm_source=streetvoice&utm_medium=profile-news-block,,Pop,30岁前的世界观,https://streetvoice.com/djy2690/songs/album/97325943/,,"5 
5","動態歌詞
作曲 Composed by：邓加宇 Joe Deng 作词 Lyrics by：邓加宇 Joe Deng 制作人 Produced by：邓加宇 Joe Deng 编曲 Music Arranged：邓加宇 Joe Deng 混音 Mixed by：一丁 Yi Ding 母带 Mastered by：Felix Davis 监制 Supervised by：黄宏展 Huang Hong Zhan 吉他 Guitar：邓加宇 Joe Deng 钢琴/键盘/合成器 Piano/keyboard/Synthesizer：邓加宇 Joe Deng 贝斯 Bass：邓加宇 Joe Deng 采样 Sampled by：邓加宇 Joe Deng 人声编辑 Vocal Editing by：邓加宇 Joe Deng 人声录音Vocals Recorded by：一丁 Yi Ding 邓加宇 Joe Deng 钢琴录音 Piano Recorded by：一丁 Yi Ding 夏侯哲Xia Hou Zhe 乐器录音 Instruments Recorded by：邓加宇 Joe Deng 和声/合唱 Backing Vocals ：邓加宇 Joe Deng 周菲戈Zhou Fei Ge 和声编写 Backing Vocals Arranged by：邓加宇 Joe Deng 我又再梦到你 雾对岸静谧的眼 越过不可能的风 相见 唱过歌的那边 强壮的人擎着帆 不自觉哼起那段 遥远又真切 的时间抱歉那时候我还没 学会 爱人 我的 爱人 乘起风筝 我想我还没理解我 们 青春如此美好 可却又如此短暂 转眼已踩在山 外 山 一千个普通的夜 稚嫩的莺不停歇 不厌烦诉说那些 遥远又真切 的时间抱歉那时候我还没 学会 爱人 我的 爱人 乘起风筝 原谅我还没理解我 学会 爱人 我的 爱人 成为风筝 挥霍在澄亮的时分 祝好我的爱人 
作曲 Composed by：邓加宇 Joe Deng 作词 Lyrics by：邓加宇 Joe Deng 制作人 Produced by：邓加宇 Joe Deng 编曲 Music Arranged：邓加宇 Joe Deng 混音 Mixed by：一丁 Yi Ding 母带 Mastered by：Felix Davis 监制 Supervised by：黄宏展 Huang Hong Zhan 吉他 Guitar：邓加宇 Joe Deng 钢琴/键盘/合成器 Piano/keyboard/Synthesizer：邓加宇 Joe Deng 贝斯 Bass：邓加宇 Joe Deng 采样 Sampled by：邓加宇 Joe Deng 人声编辑 Vocal Editing by：邓加宇 Joe Deng 人声录音Vocals Recorded by：一丁 Yi Ding 邓加宇 Joe Deng 钢琴录音 Piano Recorded by：一丁 Yi Ding 夏侯哲Xia Hou Zhe 乐器录音 Instruments Recorded by：邓加宇 Joe Deng 和声/合唱 Backing Vocals ：邓加宇 Joe Deng 周菲戈Zhou Fei Ge 和声编写 Backing Vocals Arranged by：邓加宇 Joe Deng
我又再梦到你 雾对岸静谧的眼 越过不可能的风 相见
唱过歌的那边 强壮的人擎着帆 不自觉哼起那段
遥远又真切 的时间抱歉那时候我还没
学会 爱人 我的 爱人 乘起风筝 我想我还没理解我 们 青春如此美好 可却又如此短暂 转眼已踩在山 外 山
一千个普通的夜 稚嫩的莺不停歇 不厌烦诉说那些
遥远又真切 的时间抱歉那时候我还没
学会 爱人 我的 爱人 乘起风筝 原谅我还没理解我 学会 爱人 我的 爱人 成为风筝 挥霍在澄亮的时分
祝好我的爱人
留言（ 2 ） 最相關留言 所有留言
留言（ 2 ）",2026-08-23,,Song of the Day; 編輯推薦,True,True,
2026-09-03 08:07:55,realtime,all,,,8,劉正 J.Liu,相愛是什麼(Feat. 宋家耘 Üne SONG ）,79,7370,37,https://streetvoice.com/old_fire_rzc/songs/875768/,https://streetvoice.com/old_fire_rzc/,"https://akstatic.streetvoice.com/song_covers/ol/d_/old_fire_rzc/MBr5SfeS5ViSo4guEvW4mi.jpeg?x-oss-process=image/resize,m_fixed,h_1,w_1,limit_0/resize,m_fixed,h_630,w_1200,limit_0/watermark,image_c29uZ19jb3ZlcnMvb2wvZF8vb2xkX2ZpcmVfcnpjL01CcjVTZmVTNVZpU280Z3VFdlc0bWkuanBlZz94LW9zcy1wcm9jZXNzPWltYWdlL3Jlc2l6ZSxtX2ZpeGVkLGhfMzQ0LHdfMzQ0LGxpbWl0XzA,g_nw,x_428,y_143/watermark,image_YXNzZXQvaW1hZ2VzL21ldGFpbWFnZS1zb25nLnBuZw,g_nw,x_0,y_0",images/875768.jpeg,@old_fire_rzc,音樂人,新北市,2017-06-01,2026-06-18 10:02,1,235,37,https://www.facebook.com/karl831028/,https://www.instagram.com/theseus_jeffery/,https://www.youtube.com/user/StreetVoiceTV,,,Pop,,,Theseus忒修斯,"相愛是什麼？ 我們試著用理性理解愛，卻在真正心動的時候變得慌張失措。那些說不出口的話、無法量化的心動，都在提醒我們——愛不是公式，也沒有標準答案。 當「你的」和「我的」不再計較，慢慢成為「我們」，或許那一刻，就是相愛。 
相愛是什麼？ 我們試著用理性理解愛，卻在真正心動的時候變得慌張失措。那些說不出口的話、無法量化的心動，都在提醒我們——愛不是公式，也沒有標準答案。 當「你的」和「我的」不再計較，慢慢成為「我們」，或許那一刻，就是相愛。","相愛是什麼 用什麼 算怎麼 能把你的和我的 當成一個我們 相愛是什麼 算什麼 該怎麼 能把計較從愛的 人眼睛裏抽走 而我 想說卻慌張失措  像夢 似幻又清醒矇朧 克制我對 苦境甘來的幻想 日子並非 觀望 美好就到 承受你包容 閉上眼出現 你的微笑 我想 萬語千言都亂套 答案 普通心理學書上 僅限理論  無法量化你讓我  心口不一了 算不算一種 喜上眉梢  而我 如何能確定 相愛是什麼 用什麼 算怎麼 能把你的和我的 當成一個我們 相愛是什麼 算什麼 該怎麼 能把計較從愛的 人眼睛裏抽走 而我 想說卻慌張失措 像夢 似幻又清醒矇朧 相愛是什麼 用什麼 算怎麼 能把你的和我的 當成一個我們 相愛是什麼 算什麼 該怎麼 能把計較從愛的 人眼睛裏抽走 而我 想說卻慌張失措 像夢 似幻又清醒矇朧 
相愛是什麼 用什麼 算怎麼 能把你的和我的 當成一個我們 相愛是什麼 算什麼 該怎麼 能把計較從愛的 人眼睛裏抽走 而我 想說卻慌張失措  像夢 似幻又清醒矇朧
克制我對 苦境甘來的幻想 日子並非 觀望 美好就到 承受你包容 閉上眼出現 你的微笑 我想 萬語千言都亂套 答案 普通心理學書上 僅限理論  無法量化你讓我  心口不一了 算不算一種 喜上眉梢  而我 如何能確定
相愛是什麼 用什麼 算怎麼 能把你的和我的 當成一個我們 相愛是什麼 算什麼 該怎麼 能把計較從愛的 人眼睛裏抽走 而我 想說卻慌張失措 像夢 似幻又清醒矇朧
相愛是什麼 用什麼 算怎麼 能把你的和我的 當成一個我們 相愛是什麼 算什麼 該怎麼 能把計較從愛的 人眼睛裏抽走 而我 想說卻慌張失措 像夢 似幻又清醒矇朧
留言（ 37 ） 最相關留言 所有留言
留言（ 37 ）",2026-08-21,,Song of the Day; 編輯推薦,True,True,
2026-09-03 08:07:55,realtime,all,,,9,侑彤 Verity,Dorry,5,91,13,https://streetvoice.com/VerityPower/songs/875392/,https://streetvoice.com/VerityPower/,"https://akstatic.streetvoice.com/song_covers/Ve/ri/VerityPower/89mqpCpxWWWkwWS4cGnbbM.jpeg?x-oss-process=image/resize,m_fixed,h_1,w_1,limit_0/resize,m_fixed,h_630,w_1200,limit_0/watermark,image_c29uZ19jb3ZlcnMvVmUvcmkvVmVyaXR5UG93ZXIvODltcXBDcHhXV1drd1dTNGNHbmJiTS5qcGVnP3gtb3NzLXByb2Nlc3M9aW1hZ2UvcmVzaXplLG1fZml4ZWQsaF8zNDQsd18zNDQsbGltaXRfMA,g_nw,x_428,y_143/watermark,image_YXNzZXQvaW1hZ2VzL21ldGFpbWFnZS1zb25nLnBuZw,g_nw,x_0,y_0",images/875392.jpeg,@VerityPower,音樂人,基隆市,2008-05-01,2021-08-12 16:17,8,3437,160,https://www.facebook.com/VerityPowerYTC,https://www.instagram.com/__verity.c/,https://www.youtube.com/user/verityhang,【StreetVoice新歌週報】李友廷為《誰是被害者》打造插曲 侑彤攜溫柔版〈不凋花〉回歸|||https://blow.streetvoice.com/49455/?utm_source=streetvoice&utm_medium=profile-news-block; 【專訪】音樂比賽常勝軍 陳侑彤：唱歌讓我找到自己的價值|||https://blow.streetvoice.com/45860/?utm_source=streetvoice&utm_medium=profile-news-block; 【StreetVoice新歌週報】睽違九年白安發布新歌 忒修斯攜陳侑彤再造迷霧單曲|||https://blow.streetvoice.com/45260/?utm_source=streetvoice&utm_medium=profile-news-block,,Singer / Songwriter,,,,"Dear Dorry, 那幾年在台北的日子。 或哭或笑， 你終究長成了美好的樣子。 不知道接下來在英國的風景如何， 又有多少事發生？ 至少為你打包了25歲的生日記憶， 集合親愛朋友們給你的真心祝福。 這一路走來都不容易， 謝謝你長大了， 還保有一如往常的善良溫暖。 寫這首歌，希望你永遠記得： 再怎麼嘗試擁抱世界， 你都比這世界更值得被愛。 Verity Dorry _ Live @ WITCH HOUSE 20250606 Lyricist & Composer｜陳侑彤 Verity Piano Arrangement ｜呂毅心 Aaron Lu E. Guitar Arrangement ｜henÿ A. Guitar Arrangement ｜陳侑彤與桑霓 Verity& Sunny Chen Mixing Engineer｜ 邱宣凱 Kenny 
Dear Dorry,
那幾年在台北的日子。 或哭或笑， 你終究長成了美好的樣子。
不知道接下來在英國的風景如何， 又有多少事發生？
至少為你打包了25歲的生日記憶， 集合親愛朋友們給你的真心祝福。
這一路走來都不容易， 謝謝你長大了， 還保有一如往常的善良溫暖。
寫這首歌，希望你永遠記得：
再怎麼嘗試擁抱世界， 你都比這世界更值得被愛。
Verity
Dorry _ Live @ WITCH HOUSE 20250606 Lyricist & Composer｜陳侑彤 Verity Piano Arrangement ｜呂毅心 Aaron Lu E. Guitar Arrangement ｜henÿ A. Guitar Arrangement ｜陳侑彤與桑霓 Verity& Sunny Chen Mixing Engineer｜ 邱宣凱 Kenny","Dorry 25歲 不大不小的年紀 Please don’t say sorry! 很多事觸發你百感交集 也請你別把笑容放心底 Dorry 夜裡多少眼淚堆積成你 無數次長大成熟的決心 英國的風景不能代替你 本就澄澈的眼睛 日子 怎麼荒唐 都不影響 你的可愛 多愁善良 而溫暖 是你的 一路走來 像無尾熊一般感性地擁抱這世界 別忘了 你是美好的存在 日子 怎麼荒唐 都不影響你的可愛 哪怕你從來不覺得 自己 有多勇敢 當輕柔的風 帶過了深刻的聚散 別忘了 是你比這世界更值得被愛 Dorry 25歲 不大不小的年紀 If there‘s any feeling 先別急著否定你自己 還有很多人等著擁抱你 Dorry 夜裡多少眼淚堆積成你 無數次長大成熟的決心 所有風景都不能代替你 本就透徹的心靈 日子 怎麼荒唐 都不影響 你的可愛 多愁善良 而溫暖 是你的 一路走來 像無尾熊一般感性地擁抱這世界 別忘了 你是美好的存在 日子 怎麼荒唐 都不影響你的可愛 哪怕你從來不覺得 自己 有多勇敢 當輕柔的風 帶過了深刻的聚散 別忘了 是你比這世界更值得被愛 日子 怎麼荒唐 都不影響 你的可愛 不需要再去自責 隨風而逝的遺憾 像孩子一般無懼地擁抱這世界 哪怕許多事找不到答案 日子 怎麼荒唐 都不影響你的可愛 這一路走來證明 你已經足夠勇敢 當下一陣風 捎來了深刻的聚散 永遠記得 你比這世界更值得被愛 
Dorry 25歲 不大不小的年紀 Please don’t say sorry! 很多事觸發你百感交集 也請你別把笑容放心底
Dorry 夜裡多少眼淚堆積成你 無數次長大成熟的決心 英國的風景不能代替你 本就澄澈的眼睛
日子 怎麼荒唐 都不影響 你的可愛 多愁善良 而溫暖 是你的 一路走來 像無尾熊一般感性地擁抱這世界 別忘了 你是美好的存在
日子 怎麼荒唐 都不影響你的可愛 哪怕你從來不覺得 自己 有多勇敢 當輕柔的風 帶過了深刻的聚散 別忘了 是你比這世界更值得被愛
Dorry 25歲 不大不小的年紀 If there‘s any feeling 先別急著否定你自己 還有很多人等著擁抱你
Dorry 夜裡多少眼淚堆積成你 無數次長大成熟的決心 所有風景都不能代替你 本就透徹的心靈
日子 怎麼荒唐 都不影響 你的可愛 多愁善良 而溫暖 是你的 一路走來 像無尾熊一般感性地擁抱這世界 別忘了 你是美好的存在
日子 怎麼荒唐 都不影響你的可愛 哪怕你從來不覺得 自己 有多勇敢 當輕柔的風 帶過了深刻的聚散 別忘了 是你比這世界更值得被愛
日子 怎麼荒唐 都不影響 你的可愛 不需要再去自責 隨風而逝的遺憾 像孩子一般無懼地擁抱這世界 哪怕許多事找不到答案
日子 怎麼荒唐 都不影響你的可愛 這一路走來證明 你已經足夠勇敢 當下一陣風 捎來了深刻的聚散 永遠記得 你比這世界更值得被愛
留言（ 13 ） 最相關留言 所有留言
留言（ 13 ）",2026-09-01,,編輯推薦,True,False,
2026-09-03 08:07:55,realtime,all,,,10,紙鳶 Seizer,偽善,2,40,2,https://streetvoice.com/seizer_official/songs/876178/,https://streetvoice.com/seizer_official/,"https://akstatic.streetvoice.com/music_albums/se/iz/seizer_official/N2aTYNoA3NBNhQWwfjgotd.jpeg?x-oss-process=image/resize,m_fixed,h_1,w_1,limit_0/resize,m_fixed,h_630,w_1200,limit_0/watermark,image_bXVzaWNfYWxidW1zL3NlL2l6L3NlaXplcl9vZmZpY2lhbC9OMmFUWU5vQTNOQk5oUVd3Zmpnb3RkLmpwZWc_eC1vc3MtcHJvY2Vzcz1pbWFnZS9yZXNpemUsbV9maXhlZCxoXzM0NCx3XzM0NCxsaW1pdF8w,g_nw,x_428,y_143/watermark,image_YXNzZXQvaW1hZ2VzL21ldGFpbWFnZS1zb25nLnBuZw,g_nw,x_0,y_0",images/876178.jpeg,@seizer_official,音樂人,台中市,2024-08-01,2024-09-10 20:11,10,1262,,,https://www.instagram.com/seizer.com.tw/,https://www.youtube.com/user/StreetVoiceTV,紙鳶首登泰國Monster Music Festival 回歸宣布新專輯《缺頁的名冊》即將發行|||https://blow.streetvoice.com/89229/?utm_source=streetvoice&utm_medium=profile-news-block; 北流「Open Lab人才培育計畫」五週年成果亮眼 媒合紙鳶登泰國音樂節|||https://blow.streetvoice.com/88857/?utm_source=streetvoice&utm_medium=profile-news-block; 紙鳶聯手羊米人推出首支台語單曲〈六月的雨縫〉為9月新專輯暖身|||https://blow.streetvoice.com/88034/?utm_source=streetvoice&utm_medium=profile-news-block,,Alternative,缺頁的名冊,https://streetvoice.com/seizer_official/songs/album/97325949/,,"詞 Lyrics｜仁杰 曲 Composer｜仁杰 編曲 Arrangement｜紙鳶 Seizer 主唱 Vocal｜仁杰 和聲 Backing Vocal｜紙鳶 Seizer 木吉他 Acoustic Guitar｜蘇崇祐 Kay 電吉他 Electric Guitar｜楊博皓 Seal 貝斯 Bass｜呂建亨 Henry 鼓組 Drum｜王秉宸 Daniel 鍵盤與合成器 ｜Keyboards & Synth Design｜楊博皓 Seal 弦樂編寫 Strings Arrangement｜蔡曜宇 Shuon Tsai 弦樂統籌/監製 String Coordinator/Producer｜蔡曜宇 Shuon Tsai 弦樂 Strings｜曜爆甘音樂工作室 Just Busy Music Studio 第一小提琴 First Violin｜陳奕勇 Yi-Yung Chen、駱思云 Ssu-Yun Lo、朱奕寧 Yi-Ning Ju 第二小提琴 Second Violin｜黃雨柔 Nala Huang、黃瑾諍 Chin-Cheng Huang 中提琴 Viola｜潘自琦 Tzu-Chi Pan、牟啟東 Wayne Mau 大提琴 Cello｜白竹君 Chu-Chun Pai 弦樂團行政String Administration｜林舜瑜 Shun-Yu Lin 弦樂錄音師 String Recording Engineer｜朱品豪 Pin-Hao Ju 弦樂錄音室String Recording Studio｜玉成戲院錄音室 YuChen Cinema Studio 製作人 Producer｜楊博皓 Seal 鼓組錄音室 Drum Recording Studio｜秉乾工作室 鼓組錄音師 Drum Recording Engineer｜張家誠 Chia Chen Chang 鼓技師 Drum Technician｜莊開旭 Cash Chuang 人聲錄音室 Vocal Recording Studio｜失眠招待所 Insomnia Hotel Studio 人聲配唱 Vocal Producer｜蘇崇祐 Kay 和聲編寫 Backing Vocal Arrangement｜楊博皓 Seal、仁杰、蘇崇祐 Kay 錄音師 Recording Engineer｜楊博皓 Seal 混音師 Mixing Engineer｜張家誠 Chia Chen Chang 母帶後期製作 Mastering Engineer｜張家誠 Chia Chen Chang 
詞 Lyrics｜仁杰 曲 Composer｜仁杰 編曲 Arrangement｜紙鳶 Seizer
主唱 Vocal｜仁杰 和聲 Backing Vocal｜紙鳶 Seizer 木吉他 Acoustic Guitar｜蘇崇祐 Kay 電吉他 Electric Guitar｜楊博皓 Seal 貝斯 Bass｜呂建亨 Henry 鼓組 Drum｜王秉宸 Daniel 鍵盤與合成器 ｜Keyboards & Synth Design｜楊博皓 Seal
弦樂編寫 Strings Arrangement｜蔡曜宇 Shuon Tsai 弦樂統籌/監製 String Coordinator/Producer｜蔡曜宇 Shuon Tsai 弦樂 Strings｜曜爆甘音樂工作室 Just Busy Music Studio 第一小提琴 First Violin｜陳奕勇 Yi-Yung Chen、駱思云 Ssu-Yun Lo、朱奕寧 Yi-Ning Ju 第二小提琴 Second Violin｜黃雨柔 Nala Huang、黃瑾諍 Chin-Cheng Huang 中提琴 Viola｜潘自琦 Tzu-Chi Pan、牟啟東 Wayne Mau 大提琴 Cello｜白竹君 Chu-Chun Pai 弦樂團行政String Administration｜林舜瑜 Shun-Yu Lin 弦樂錄音師 String Recording Engineer｜朱品豪 Pin-Hao Ju 弦樂錄音室String Recording Studio｜玉成戲院錄音室 YuChen Cinema Studio
製作人 Producer｜楊博皓 Seal 鼓組錄音室 Drum Recording Studio｜秉乾工作室 鼓組錄音師 Drum Recording Engineer｜張家誠 Chia Chen Chang 鼓技師 Drum Technician｜莊開旭 Cash Chuang 人聲錄音室 Vocal Recording Studio｜失眠招待所 Insomnia Hotel Studio 人聲配唱 Vocal Producer｜蘇崇祐 Kay 和聲編寫 Backing Vocal Arrangement｜楊博皓 Seal、仁杰、蘇崇祐 Kay 錄音師 Recording Engineer｜楊博皓 Seal
混音師 Mixing Engineer｜張家誠 Chia Chen Chang 母帶後期製作 Mastering Engineer｜張家誠 Chia Chen Chang","真正善良的人不會出現在眾人眼前 又怎能保證從善的人不是帶著假面 每個人心裏定義的善惡 輕易的扼殺社會現象的準則 躲在螢幕後面的醜惡 肆意煽動本就稀缺的尊重包容 想起身對抗不義不公 無奈大多數都選擇無動於衷 說一件被人遺忘的遺憾 爭一口別人無視的正義 明明沒錯卻被說成偽善 莫須有般成為眾矢之的 說一件被人遺忘的遺憾 爭一口別人無視的正義 明明沒錯卻被說成偽善 莫須有般成為眾矢之的 論是非對錯到最後也都流於形式 永遠都會有人在道德上鄙視 說一件被人遺忘的遺憾 爭一口別人無視的正義 明明沒錯卻被說成偽善 莫須有般成為眾矢之的 說一件被人遺忘的遺憾 爭一口別人無視的正義 明明沒錯卻被說成偽善 莫須有般成為眾矢之的 (La la la la) 說一件被人遺忘的遺憾 爭一口別人無視的正義 明明沒錯卻被說成偽善 莫須有般成為眾矢之的 
真正善良的人不會出現在眾人眼前 又怎能保證從善的人不是帶著假面 每個人心裏定義的善惡 輕易的扼殺社會現象的準則
躲在螢幕後面的醜惡 肆意煽動本就稀缺的尊重包容 想起身對抗不義不公 無奈大多數都選擇無動於衷
說一件被人遺忘的遺憾 爭一口別人無視的正義 明明沒錯卻被說成偽善 莫須有般成為眾矢之的
說一件被人遺忘的遺憾 爭一口別人無視的正義 明明沒錯卻被說成偽善 莫須有般成為眾矢之的
論是非對錯到最後也都流於形式 永遠都會有人在道德上鄙視
說一件被人遺忘的遺憾 爭一口別人無視的正義 明明沒錯卻被說成偽善 莫須有般成為眾矢之的
說一件被人遺忘的遺憾 爭一口別人無視的正義 明明沒錯卻被說成偽善 莫須有般成為眾矢之的
(La la la la)
說一件被人遺忘的遺憾 爭一口別人無視的正義 明明沒錯卻被說成偽善 莫須有般成為眾矢之的
留言（ 2 ） 最相關留言 所有留言
留言（ 2 ）",2026-09-03,,,False,False,
2026-09-03 08:07:55,realtime,all,,,11,日新独立中学歌创社（日新独立中学）,我也不差,13,103,7,https://streetvoice.com/suiqingsaw/songs/877496/,https://streetvoice.com/suiqingsaw/,"https://akstatic.streetvoice.com/song_covers/su/iq/suiqingsaw/HEKx5o3rRjWc98GgYAYmej.jpg?x-oss-process=image/resize,m_fixed,h_1,w_1,limit_0/resize,m_fixed,h_630,w_1200,limit_0/watermark,image_c29uZ19jb3ZlcnMvc3UvaXEvc3VpcWluZ3Nhdy9IRUt4NW8zclJqV2M5OEdnWUFZbWVqLmpwZz94LW9zcy1wcm9jZXNzPWltYWdlL3Jlc2l6ZSxtX2ZpeGVkLGhfMzQ0LHdfMzQ0LGxpbWl0XzA,g_nw,x_428,y_143/watermark,image_YXNzZXQvaW1hZ2VzL21ldGFpbWFnZS1zb25nLnBuZw,g_nw,x_0,y_0",images/877496.jpg,@suiqingsaw,音樂人,馬來西亞,2024-09-01,,,5,2,,,https://www.youtube.com/user/StreetVoiceTV,,,R&B / Soul,,,,"作词：陈沅宇 作曲：陈沅宇 编曲：陈沅宇 主唱/吉他手：陈沅宇 《我也不差》诞生于我人生最低潮的一段时期。那时候，我经历了许多伤痛、挫折与失去，也因为外界的声音和自己的经历，渐渐变得自卑，开始怀疑自己的价值。 这首歌记录了那段不断挣扎、不断想摆脱过去阴影的过程。歌词里的每一句，都是真实情绪的写照——面对困境时的无力、承受委屈时的眼泪，以及一次次告诉自己不要放弃的坚持。 副歌「其实我也没有那么差」，不是一句逞强的话，而是我不断鼓励自己的信念。它提醒着我，即使曾经跌倒、迷失，只要愿意相信自己，总有一天能够走出过去，活成自己想要的样子。 对我来说，《我也不差》不仅是一首原创歌曲，更像是一位陪伴我走过低谷的朋友。它见证了我的脆弱，也陪着我一点一点找回自信。我希望，当这首歌被更多人听见时，也能陪伴那些正在经历低潮、感到自我怀疑的人，让他们知道：你并不差，只是暂时忘记了自己的光芒。 
作词：陈沅宇 作曲：陈沅宇 编曲：陈沅宇
主唱/吉他手：陈沅宇
《我也不差》诞生于我人生最低潮的一段时期。那时候，我经历了许多伤痛、挫折与失去，也因为外界的声音和自己的经历，渐渐变得自卑，开始怀疑自己的价值。 这首歌记录了那段不断挣扎、不断想摆脱过去阴影的过程。歌词里的每一句，都是真实情绪的写照——面对困境时的无力、承受委屈时的眼泪，以及一次次告诉自己不要放弃的坚持。 副歌「其实我也没有那么差」，不是一句逞强的话，而是我不断鼓励自己的信念。它提醒着我，即使曾经跌倒、迷失，只要愿意相信自己，总有一天能够走出过去，活成自己想要的样子。 对我来说，《我也不差》不仅是一首原创歌曲，更像是一位陪伴我走过低谷的朋友。它见证了我的脆弱，也陪着我一点一点找回自信。我希望，当这首歌被更多人听见时，也能陪伴那些正在经历低潮、感到自我怀疑的人，让他们知道：你并不差，只是暂时忘记了自己的光芒。","Verse 1 那些风雨 对我来说 是一种逆不可进 选择题 作答题 Verse 2 那些经历 陷入困境 是我总摆脱不到的陷阱 我已尽力 prechorus 我拼命的想挣脱这枷锁 却总是身不由己 我承受着不甘着委屈的泪滴 请别 质疑自己 Chorus 1 其实我也没有那么差 只是总爱常胡思乱想 我告诉我自己 肯定一定 会走出那些过往 Chorus 2 其实我也没有那么差 听着旁人对我的评价 相信自己 一定一定 将自己活出美好的印记 
Verse 1 那些风雨 对我来说 是一种逆不可进 选择题 作答题
Verse 2 那些经历 陷入困境 是我总摆脱不到的陷阱 我已尽力
prechorus 我拼命的想挣脱这枷锁 却总是身不由己 我承受着不甘着委屈的泪滴 请别 质疑自己
Chorus 1 其实我也没有那么差 只是总爱常胡思乱想 我告诉我自己 肯定一定 会走出那些过往
Chorus 2 其实我也没有那么差 听着旁人对我的评价 相信自己 一定一定 将自己活出美好的印记
留言（ 7 ） 最相關留言 所有留言
留言（ 7 ）",2026-09-02,,,False,False,
2026-09-03 08:07:55,realtime,all,,,12,底特律胖小孩,Blackwater,2,207,2,https://streetvoice.com/detroitfatkids/songs/876212/,https://streetvoice.com/detroitfatkids/,"https://akstatic.streetvoice.com/music_albums/de/tr/detroitfatkids/8nGwH6PkrLiTGVoi6GrwPj.jpg?x-oss-process=image/resize,m_fixed,h_1,w_1,limit_0/resize,m_fixed,h_630,w_1200,limit_0/watermark,image_bXVzaWNfYWxidW1zL2RlL3RyL2RldHJvaXRmYXRraWRzLzhuR3dINlBrckxpVEdWb2k2R3J3UGouanBnP3gtb3NzLXByb2Nlc3M9aW1hZ2UvcmVzaXplLG1fZml4ZWQsaF8zNDQsd18zNDQsbGltaXRfMA,g_nw,x_428,y_143/watermark,image_YXNzZXQvaW1hZ2VzL21ldGFpbWFnZS1zb25nLnBuZw,g_nw,x_0,y_0",images/876212.jpg,@detroitfatkids,音樂人,,,2021-11-29 18:10,34,201,38,https://www.facebook.com/Detroitfatkids/,https://www.instagram.com/detroitfatkids/,https://www.youtube.com/user/StreetVoiceTV,【StreetVoice新歌週報】December vol.4|||https://blow.streetvoice.com/43236/?utm_source=streetvoice&utm_medium=profile-news-block; 【StreetVoice新歌週報】 September vol.3|||https://blow.streetvoice.com/41604/?utm_source=streetvoice&utm_medium=profile-news-block; 【StreetVoice新歌週報】 July vol.1|||https://blow.streetvoice.com/40524/?utm_source=streetvoice&utm_medium=profile-news-block,,Electronic,Equipment Experimental,https://streetvoice.com/detroitfatkids/songs/album/97298252/,,,"這是沒有提供歌詞的歌曲
留言（ 2 ） 最相關留言 所有留言
留言（ 2 ）",2026-08-24,,Song of the Day; 編輯推薦,True,True,
2026-09-03 08:07:55,realtime,all,,,13,紙鳶 Seizer,你在的地方,12,244,6,https://streetvoice.com/seizer_official/songs/876180/,https://streetvoice.com/seizer_official/,"https://akstatic.streetvoice.com/music_albums/se/iz/seizer_official/N2aTYNoA3NBNhQWwfjgotd.jpeg?x-oss-process=image/resize,m_fixed,h_1,w_1,limit_0/resize,m_fixed,h_630,w_1200,limit_0/watermark,image_bXVzaWNfYWxidW1zL3NlL2l6L3NlaXplcl9vZmZpY2lhbC9OMmFUWU5vQTNOQk5oUVd3Zmpnb3RkLmpwZWc_eC1vc3MtcHJvY2Vzcz1pbWFnZS9yZXNpemUsbV9maXhlZCxoXzM0NCx3XzM0NCxsaW1pdF8w,g_nw,x_428,y_143/watermark,image_YXNzZXQvaW1hZ2VzL21ldGFpbWFnZS1zb25nLnBuZw,g_nw,x_0,y_0",images/876180.jpeg,@seizer_official,音樂人,台中市,2024-08-01,2024-09-10 20:11,10,1262,,,https://www.instagram.com/seizer.com.tw/,https://www.youtube.com/user/StreetVoiceTV,紙鳶首登泰國Monster Music Festival 回歸宣布新專輯《缺頁的名冊》即將發行|||https://blow.streetvoice.com/89229/?utm_source=streetvoice&utm_medium=profile-news-block; 北流「Open Lab人才培育計畫」五週年成果亮眼 媒合紙鳶登泰國音樂節|||https://blow.streetvoice.com/88857/?utm_source=streetvoice&utm_medium=profile-news-block; 紙鳶聯手羊米人推出首支台語單曲〈六月的雨縫〉為9月新專輯暖身|||https://blow.streetvoice.com/88034/?utm_source=streetvoice&utm_medium=profile-news-block,,Folk,缺頁的名冊,https://streetvoice.com/seizer_official/songs/album/97325949/,,"詞 Lyrics｜仁杰 曲 Composer｜仁杰 編曲 Arrangement｜楊博皓 Seal 演唱 Vocal｜蘇崇祐 Kay 和聲 Backing Vocal｜蘇崇祐 Kay、仁杰 木吉他 Acoustic Guitar｜楊博皓 Seal、蘇崇祐 Kay 鍵盤與合成器 ｜Keyboards & Synth Design｜楊博皓 Seal 和聲 Backing Vocal｜仁杰、蘇崇祐 Kay 和聲編寫 Backing Vocal Arrangement｜楊博皓 Seal、仁杰、蘇崇祐 Kay 錄音室 Recording Studio｜RecoverStudio、秉乾工作室 錄音師 Recording Engineer｜楊博皓 Seal 、王秉宸Daniel 混音師 Mixing Engineer｜張家誠 Chia Chen Chang 母帶後期製作 Stem Mastering｜張家誠 Chia Chen Chang 
詞 Lyrics｜仁杰 曲 Composer｜仁杰 編曲 Arrangement｜楊博皓 Seal
演唱 Vocal｜蘇崇祐 Kay 和聲 Backing Vocal｜蘇崇祐 Kay、仁杰 木吉他 Acoustic Guitar｜楊博皓 Seal、蘇崇祐 Kay 鍵盤與合成器 ｜Keyboards & Synth Design｜楊博皓 Seal
和聲 Backing Vocal｜仁杰、蘇崇祐 Kay 和聲編寫 Backing Vocal Arrangement｜楊博皓 Seal、仁杰、蘇崇祐 Kay 錄音室 Recording Studio｜RecoverStudio、秉乾工作室 錄音師 Recording Engineer｜楊博皓 Seal 、王秉宸Daniel
混音師 Mixing Engineer｜張家誠 Chia Chen Chang 母帶後期製作 Stem Mastering｜張家誠 Chia Chen Chang","這條路會通到哪　星夜沒有回答 我心之所向　是你在的地方 緊握著船槳　漆黑的絕望像怒風拉扯我的信仰 這條路會通到哪　你能否說說話 我需要你的光　灑在船桅上 在這未知旅途上　好讓我不那麼害怕 我需要你的光　照耀我心房 渴望妳在身旁　睜開眼　浮生若夢一場 這條路會通到哪　依然在等解答 你在的地方　已在遙遠彼方 站在桅杆上　望向雲霧裡貪圖你　依稀的模樣 這條路會通到哪　回頭不見來港 我需要你的光　灑在船桅上 在這未知旅途上　好讓我不那麼害怕 我需要你的光　照耀我心房 渴望妳在身旁　睜開眼　浮生若夢一場 
這條路會通到哪　星夜沒有回答 我心之所向　是你在的地方 緊握著船槳　漆黑的絕望像怒風拉扯我的信仰 這條路會通到哪　你能否說說話
我需要你的光　灑在船桅上 在這未知旅途上　好讓我不那麼害怕 我需要你的光　照耀我心房 渴望妳在身旁　睜開眼　浮生若夢一場
這條路會通到哪　依然在等解答 你在的地方　已在遙遠彼方 站在桅杆上　望向雲霧裡貪圖你　依稀的模樣 這條路會通到哪　回頭不見來港
我需要你的光　灑在船桅上 在這未知旅途上　好讓我不那麼害怕 我需要你的光　照耀我心房 渴望妳在身旁　睜開眼　浮生若夢一場
留言（ 6 ） 最相關留言 所有留言
留言（ 6 ）",2026-09-03,,,False,False,
2026-09-03 08:07:55,realtime,all,,,14,外星人 （巴生滨华中学）,大海，听见吗？,15,163,3,https://streetvoice.com/Gabe_SamYunChi/songs/877467/,https://streetvoice.com/Gabe_SamYunChi/,"https://akstatic.streetvoice.com/song_covers/Ga/be/Gabe_SamYunChi/QyQ5BzzJgGozmBwKvvzSJN.jpg?x-oss-process=image/resize,m_fixed,h_1,w_1,limit_0/resize,m_fixed,h_630,w_1200,limit_0/watermark,image_c29uZ19jb3ZlcnMvR2EvYmUvR2FiZV9TYW1ZdW5DaGkvUXlRNUJ6ekpnR296bUJ3S3Z2elNKTi5qcGc_eC1vc3MtcHJvY2Vzcz1pbWFnZS9yZXNpemUsbV9maXhlZCxoXzM0NCx3XzM0NCxsaW1pdF8w,g_nw,x_428,y_143/watermark,image_YXNzZXQvaW1hZ2VzL21ldGFpbWFnZS1zb25nLnBuZw,g_nw,x_0,y_0",images/877467.jpg,@Gabe_SamYunChi,音樂人,雪蘭莪,2025-07-01,,1,31,13,,,https://www.youtube.com/user/StreetVoiceTV,,,Singer / Songwriter,,,,"这首歌是以美人鱼为主角，写的是她离开大海以后，在陆地上找到了自己想要的自由，也慢慢适应了新的生活，可是偶尔还是会想起那个熟悉的地方。 我觉得「开心」和「舍不得」其实可以同时存在，所以我没有把她写成一个后悔离开的人，而是想表达一种很单纯的感觉——走得再远，心里还是会留着一个属于自己的地方。 
这首歌是以美人鱼为主角，写的是她离开大海以后，在陆地上找到了自己想要的自由，也慢慢适应了新的生活，可是偶尔还是会想起那个熟悉的地方。 我觉得「开心」和「舍不得」其实可以同时存在，所以我没有把她写成一个后悔离开的人，而是想表达一种很单纯的感觉——走得再远，心里还是会留着一个属于自己的地方。","词曲 编曲 主唱：覃韵琦 大海，听见吗？ V 沉浸在 蓝色的回忆里 余响还未散去(like I heard them calling me) 海水轻轻摇拽(This is where you belong) 像从前在浪的怀里 Pc回不去的叫曾经 闭上了眼睛也在反复放映 直到我 慢慢地从画面抽离 Chorus Can you hear When I call 若你听见 那声呼唤 是否还在 等我啊 请轻轻回答 那里还是 我的家吗 Can you hear When I call 若你听见 那声呼唤 是否还在 等我啊 请轻轻回答 那里还是 我的家吗 
词曲 编曲 主唱：覃韵琦
大海，听见吗？
V
沉浸在
蓝色的回忆里
余响还未散去(like I heard them calling me)
海水轻轻摇拽(This is where you belong)
像从前在浪的怀里
Pc回不去的叫曾经
闭上了眼睛也在反复放映
直到我 慢慢地从画面抽离
Chorus
Can you hear
When I call
若你听见 那声呼唤
是否还在 等我啊
请轻轻回答
那里还是 我的家吗
Can you hear
When I call
若你听见 那声呼唤
是否还在 等我啊
请轻轻回答 那里还是 我的家吗
留言（ 3 ） 最相關留言 所有留言
留言（ 3 ）",2026-09-01,,,False,False,
2026-09-03 08:07:55,realtime,all,,,15,紙鳶 Seizer,缺頁的名冊,10,270,5,https://streetvoice.com/seizer_official/songs/876179/,https://streetvoice.com/seizer_official/,"https://akstatic.streetvoice.com/music_albums/se/iz/seizer_official/N2aTYNoA3NBNhQWwfjgotd.jpeg?x-oss-process=image/resize,m_fixed,h_1,w_1,limit_0/resize,m_fixed,h_630,w_1200,limit_0/watermark,image_bXVzaWNfYWxidW1zL3NlL2l6L3NlaXplcl9vZmZpY2lhbC9OMmFUWU5vQTNOQk5oUVd3Zmpnb3RkLmpwZWc_eC1vc3MtcHJvY2Vzcz1pbWFnZS9yZXNpemUsbV9maXhlZCxoXzM0NCx3XzM0NCxsaW1pdF8w,g_nw,x_428,y_143/watermark,image_YXNzZXQvaW1hZ2VzL21ldGFpbWFnZS1zb25nLnBuZw,g_nw,x_0,y_0",images/876179.jpeg,@seizer_official,音樂人,台中市,2024-08-01,2024-09-10 20:11,10,1262,,,https://www.instagram.com/seizer.com.tw/,https://www.youtube.com/user/StreetVoiceTV,紙鳶首登泰國Monster Music Festival 回歸宣布新專輯《缺頁的名冊》即將發行|||https://blow.streetvoice.com/89229/?utm_source=streetvoice&utm_medium=profile-news-block; 北流「Open Lab人才培育計畫」五週年成果亮眼 媒合紙鳶登泰國音樂節|||https://blow.streetvoice.com/88857/?utm_source=streetvoice&utm_medium=profile-news-block; 紙鳶聯手羊米人推出首支台語單曲〈六月的雨縫〉為9月新專輯暖身|||https://blow.streetvoice.com/88034/?utm_source=streetvoice&utm_medium=profile-news-block,,Alternative,缺頁的名冊,https://streetvoice.com/seizer_official/songs/album/97325949/,,"編曲 Arrangement｜紙鳶 Seizer、張家誠 Chia Chen Chang 電吉他 Electric Guitar｜楊博皓 Seal 貝斯 Bass｜呂建亨 Henry 鼓組 Drum｜張家誠 Chia Chen Chang 鍵盤與合成器 Keyboards & Synth Design｜楊博皓 Seal 製作人 Producer｜楊博皓 Seal 鼓組錄音室 Drum Recording Studio｜+x studio 鼓組錄音師 Drum Recording Engineer｜張家誠 Chia Chen Chang 鼓技師 Drum Technician｜莊開旭 Cash Chuang 混音師 Mixing Engineer｜張家誠 Chia Chen Chang 母帶後期製作 Mastering Engineer｜張家誠 Chia Chen Chang 
編曲 Arrangement｜紙鳶 Seizer、張家誠 Chia Chen Chang
電吉他 Electric Guitar｜楊博皓 Seal 貝斯 Bass｜呂建亨 Henry 鼓組 Drum｜張家誠 Chia Chen Chang 鍵盤與合成器 Keyboards & Synth Design｜楊博皓 Seal
製作人 Producer｜楊博皓 Seal 鼓組錄音室 Drum Recording Studio｜+x studio 鼓組錄音師 Drum Recording Engineer｜張家誠 Chia Chen Chang 鼓技師 Drum Technician｜莊開旭 Cash Chuang
混音師 Mixing Engineer｜張家誠 Chia Chen Chang 母帶後期製作 Mastering Engineer｜張家誠 Chia Chen Chang","這是沒有提供歌詞的歌曲
留言（ 5 ） 最相關留言 所有留言
留言（ 5 ）",2026-09-03,,,False,False,
2026-09-03 08:07:55,realtime,all,,,16,紙鳶 Seizer,Taste me Alive feat. 旅人至凱,5,122,3,https://streetvoice.com/seizer_official/songs/876175/,https://streetvoice.com/seizer_official/,"https://akstatic.streetvoice.com/music_albums/se/iz/seizer_official/N2aTYNoA3NBNhQWwfjgotd.jpeg?x-oss-process=image/resize,m_fixed,h_1,w_1,limit_0/resize,m_fixed,h_630,w_1200,limit_0/watermark,image_bXVzaWNfYWxidW1zL3NlL2l6L3NlaXplcl9vZmZpY2lhbC9OMmFUWU5vQTNOQk5oUVd3Zmpnb3RkLmpwZWc_eC1vc3MtcHJvY2Vzcz1pbWFnZS9yZXNpemUsbV9maXhlZCxoXzM0NCx3XzM0NCxsaW1pdF8w,g_nw,x_428,y_143/watermark,image_YXNzZXQvaW1hZ2VzL21ldGFpbWFnZS1zb25nLnBuZw,g_nw,x_0,y_0",images/876175.jpeg,@seizer_official,音樂人,台中市,2024-08-01,2024-09-10 20:11,10,1262,,,https://www.instagram.com/seizer.com.tw/,https://www.youtube.com/user/StreetVoiceTV,紙鳶首登泰國Monster Music Festival 回歸宣布新專輯《缺頁的名冊》即將發行|||https://blow.streetvoice.com/89229/?utm_source=streetvoice&utm_medium=profile-news-block; 北流「Open Lab人才培育計畫」五週年成果亮眼 媒合紙鳶登泰國音樂節|||https://blow.streetvoice.com/88857/?utm_source=streetvoice&utm_medium=profile-news-block; 紙鳶聯手羊米人推出首支台語單曲〈六月的雨縫〉為9月新專輯暖身|||https://blow.streetvoice.com/88034/?utm_source=streetvoice&utm_medium=profile-news-block,,Alternative,缺頁的名冊,https://streetvoice.com/seizer_official/songs/album/97325949/,,"詞 Lyrics｜仁杰、胡至凱 HzKai 曲 Composer｜仁杰、胡至凱 HzKai 編曲 Arrangement｜紙鳶 Seizer 主唱 Vocal｜仁杰、胡至凱 HzKai 和聲 Backing Vocal｜仁杰、胡至凱 HzKai 和聲編寫 Backing Vocal Arrangement｜魏翔鎰 Wade Wei 電吉他 Electric Guitar｜楊博皓 Seal 貝斯 Bass｜呂建亨 Henry 鼓組 Drum｜王秉宸 Daniel 鍵盤與合成器 ｜Keyboards & Synth Design｜楊博皓 Seal 製作人 Producer｜楊博皓 Seal 鼓組錄音室 Drum Recording Studio｜秉乾工作室 鼓組錄音師 Drum Recording Engineer｜張家誠 Chia Chen Chang 鼓技師 Drum Technician｜莊開旭 Cash Chuang 人聲錄音室 Vocal Recording Studio｜灰帽 Gray Hat Studio 人聲配唱 Vocal Producer｜魏翔鎰 Wade Wei 和聲編寫 Backing Vocal Arrangement｜魏翔鎰 Wade Wei 人聲錄音師 Vocal Recording Engineer｜梁祐鈞 Jim 貝斯、電吉他錄音師 Recording Engineer｜楊博皓 Seal 混音師 Mixing Engineer｜張家誠 Chia Chen Chang 母帶後期製作 Mastering Engineer｜張家誠 Chia Chen Chang 
詞 Lyrics｜仁杰、胡至凱 HzKai 曲 Composer｜仁杰、胡至凱 HzKai 編曲 Arrangement｜紙鳶 Seizer
主唱 Vocal｜仁杰、胡至凱 HzKai 和聲 Backing Vocal｜仁杰、胡至凱 HzKai 和聲編寫 Backing Vocal Arrangement｜魏翔鎰 Wade Wei 電吉他 Electric Guitar｜楊博皓 Seal 貝斯 Bass｜呂建亨 Henry 鼓組 Drum｜王秉宸 Daniel 鍵盤與合成器 ｜Keyboards & Synth Design｜楊博皓 Seal
製作人 Producer｜楊博皓 Seal 鼓組錄音室 Drum Recording Studio｜秉乾工作室 鼓組錄音師 Drum Recording Engineer｜張家誠 Chia Chen Chang 鼓技師 Drum Technician｜莊開旭 Cash Chuang 人聲錄音室 Vocal Recording Studio｜灰帽 Gray Hat Studio 人聲配唱 Vocal Producer｜魏翔鎰 Wade Wei 和聲編寫 Backing Vocal Arrangement｜魏翔鎰 Wade Wei 人聲錄音師 Vocal Recording Engineer｜梁祐鈞 Jim 貝斯、電吉他錄音師 Recording Engineer｜楊博皓 Seal
混音師 Mixing Engineer｜張家誠 Chia Chen Chang 母帶後期製作 Mastering Engineer｜張家誠 Chia Chen Chang","我在夜裡消化千百思緒 入睡前卻只拉出了沈默 又是聽誰說我不夠謙虛 自我催眠騙自己想太多 積累在昨天的憤慨或不安 閉上眼置身事外 一覺醒來以為事過境遷但 這些白癡依然想讓我活在 活在誰的嘴裡　在他味蕾上放個屁 （摀著臉只露出嘴巴的變態 說話只為了想看誰被誰幹） 我有我的真理　你不愛就別放嘴裡 （活在這文字超營養的生態 我不會因為被咀嚼就腐爛） 擔心你們智商記不住超過八句詞 宵夜嗑完所有意見我早上拉一池 這坨富有哲學思想請隨便拿去吃 你邊嫌邊吞欲求不滿還說再一次 一堆弱智　嘴砲都能錯字 整天除了發廢文就是幹破事 為了環保請你快過世 針對我腦袋的牛角你他媽就盡情鑽 笑死根本沒快感像你沒用的性器官 積累在昨天的憤慨或不安 閉上眼置身事外 我會在四處出沒邀請你來現場看 到面前TELL ME HOW I FUCKING TASTE LIKE 活在誰的嘴裡　在他味蕾上放個屁 （摀著臉只露出嘴巴的變態 說話只為了想看誰被誰幹） 我有我的真理　你不愛就別放嘴裡 （活在這文字超營養的生態 我不會因為被咀嚼就腐爛） 思想的巨人　拿到鍵盤也變混蛋 千篇一律在氾濫　你們全都是戰犯 像是在朝拜　都沒有臉看 全部都跪下接住我的厚愛 我有我的真理　你不愛就別放嘴裡 邊嫌邊吃你這犯賤的變態 吞下去TELL ME HOW I FUCKING TASTE LIKE 
我在夜裡消化千百思緒 入睡前卻只拉出了沈默 又是聽誰說我不夠謙虛 自我催眠騙自己想太多
積累在昨天的憤慨或不安 閉上眼置身事外 一覺醒來以為事過境遷但 這些白癡依然想讓我活在
活在誰的嘴裡　在他味蕾上放個屁 （摀著臉只露出嘴巴的變態 說話只為了想看誰被誰幹） 我有我的真理　你不愛就別放嘴裡 （活在這文字超營養的生態 我不會因為被咀嚼就腐爛）
擔心你們智商記不住超過八句詞 宵夜嗑完所有意見我早上拉一池 這坨富有哲學思想請隨便拿去吃 你邊嫌邊吞欲求不滿還說再一次 一堆弱智　嘴砲都能錯字 整天除了發廢文就是幹破事 為了環保請你快過世
針對我腦袋的牛角你他媽就盡情鑽 笑死根本沒快感像你沒用的性器官
積累在昨天的憤慨或不安 閉上眼置身事外 我會在四處出沒邀請你來現場看 到面前TELL ME HOW I FUCKING TASTE LIKE
活在誰的嘴裡　在他味蕾上放個屁 （摀著臉只露出嘴巴的變態 說話只為了想看誰被誰幹）
我有我的真理　你不愛就別放嘴裡 （活在這文字超營養的生態 我不會因為被咀嚼就腐爛）
思想的巨人　拿到鍵盤也變混蛋 千篇一律在氾濫　你們全都是戰犯 像是在朝拜　都沒有臉看 全部都跪下接住我的厚愛
我有我的真理　你不愛就別放嘴裡 邊嫌邊吃你這犯賤的變態 吞下去TELL ME HOW I FUCKING TASTE LIKE
留言（ 3 ） 最相關留言 所有留言
留言（ 3 ）",2026-09-03,,,False,False,
2026-09-03 08:07:55,realtime,all,,,17,Willna,來不及 Demo,15,418,18,https://streetvoice.com/willna_05/songs/877463/,https://streetvoice.com/willna_05/,"https://akstatic.streetvoice.com/song_covers/wi/ll/willna_05/fRiuxh66xK47FCGsPQaeuK.jpeg?x-oss-process=image/resize,m_fixed,h_1,w_1,limit_0/resize,m_fixed,h_630,w_1200,limit_0/watermark,image_c29uZ19jb3ZlcnMvd2kvbGwvd2lsbG5hXzA1L2ZSaXV4aDY2eEs0N0ZDR3NQUWFldUsuanBlZz94LW9zcy1wcm9jZXNzPWltYWdlL3Jlc2l6ZSxtX2ZpeGVkLGhfMzQ0LHdfMzQ0LGxpbWl0XzA,g_nw,x_428,y_143/watermark,image_YXNzZXQvaW1hZ2VzL21ldGFpbWFnZS1zb25nLnBuZw,g_nw,x_0,y_0",images/877463.jpeg,@willna_05,音樂人,嘉義縣,2024-08-01,,1,15,16,,,https://www.youtube.com/user/StreetVoiceTV,,,Folk,,,,,"來不及做的 忘不掉的 沒機會說了 夢想未完 卻化作星瀾 永遠停在那一站 收下 你遺留 的勇敢 成為疲備時的依賴 晝 夜 更迭 卻依然 相伴直到我不再停擺 反覆的夢見你 想抓緊你身影 用盡全力卻不再有回應 想穿越回過去 阻止你奔赴那約定 想把生的機會留給你 上一回 肩並肩 暢聊著一切 下一篇 說再見 卻是再也不見 想把 時間揉成線 縫補破碎的那天 來不及做的 忘不掉的 沒機會說了 夢想未完 卻化作星瀾 永遠停在那一站 收下 你遺留 的勇敢 成為疲倦時的依賴 晝 夜 更迭 卻依然 相伴直到我不再停擺 別放棄 擁有你 無法抵達 的天明 光穿過雲間 那是你捎來 的思念 我抬眼問候 忘卻了憂愁 我知道 是你 不願我滯留 （期盼著以後） 來不及做的 就交給我了 
來不及做的 忘不掉的 沒機會說了 夢想未完 卻化作星瀾 永遠停在那一站 收下 你遺留 的勇敢 成為疲備時的依賴 晝 夜 更迭 卻依然 相伴直到我不再停擺
反覆的夢見你 想抓緊你身影 用盡全力卻不再有回應 想穿越回過去 阻止你奔赴那約定 想把生的機會留給你
上一回 肩並肩 暢聊著一切 下一篇 說再見 卻是再也不見 想把 時間揉成線 縫補破碎的那天
來不及做的 忘不掉的 沒機會說了 夢想未完 卻化作星瀾 永遠停在那一站 收下 你遺留 的勇敢 成為疲倦時的依賴 晝 夜 更迭 卻依然 相伴直到我不再停擺
別放棄 擁有你 無法抵達 的天明 光穿過雲間 那是你捎來 的思念 我抬眼問候 忘卻了憂愁 我知道 是你 不願我滯留 （期盼著以後）
來不及做的 就交給我了
留言（ 18 ） 最相關留言 所有留言
留言（ 18 ）",2026-09-01,,,False,False,
2026-09-03 08:07:55,realtime,all,,,18,紙鳶 Seizer,同類,10,219,4,https://streetvoice.com/seizer_official/songs/876185/,https://streetvoice.com/seizer_official/,"https://akstatic.streetvoice.com/music_albums/se/iz/seizer_official/N2aTYNoA3NBNhQWwfjgotd.jpeg?x-oss-process=image/resize,m_fixed,h_1,w_1,limit_0/resize,m_fixed,h_630,w_1200,limit_0/watermark,image_bXVzaWNfYWxidW1zL3NlL2l6L3NlaXplcl9vZmZpY2lhbC9OMmFUWU5vQTNOQk5oUVd3Zmpnb3RkLmpwZWc_eC1vc3MtcHJvY2Vzcz1pbWFnZS9yZXNpemUsbV9maXhlZCxoXzM0NCx3XzM0NCxsaW1pdF8w,g_nw,x_428,y_143/watermark,image_YXNzZXQvaW1hZ2VzL21ldGFpbWFnZS1zb25nLnBuZw,g_nw,x_0,y_0",images/876185.jpeg,@seizer_official,音樂人,台中市,2024-08-01,2024-09-10 20:11,10,1262,,,https://www.instagram.com/seizer.com.tw/,https://www.youtube.com/user/StreetVoiceTV,紙鳶首登泰國Monster Music Festival 回歸宣布新專輯《缺頁的名冊》即將發行|||https://blow.streetvoice.com/89229/?utm_source=streetvoice&utm_medium=profile-news-block; 北流「Open Lab人才培育計畫」五週年成果亮眼 媒合紙鳶登泰國音樂節|||https://blow.streetvoice.com/88857/?utm_source=streetvoice&utm_medium=profile-news-block; 紙鳶聯手羊米人推出首支台語單曲〈六月的雨縫〉為9月新專輯暖身|||https://blow.streetvoice.com/88034/?utm_source=streetvoice&utm_medium=profile-news-block,,Rock,缺頁的名冊,https://streetvoice.com/seizer_official/songs/album/97325949/,,"詞 Lyrics｜仁杰 曲 Composer｜仁杰 編曲 Arrangement｜紙鳶 Seizer 主唱 Vocal｜仁杰 和聲 Backing Vocal｜黃夏蘿 SUKINO、仁杰、蘇崇祐 Kay 電吉他 Electric Guitar｜楊博皓 Seal 貝斯 Bass｜呂建亨 Henry 鼓組 Drum｜王秉宸 Daniel 鍵盤與合成器 Keyboards & Synth Design｜楊博皓 Seal 管樂編寫 Brass Arrangement｜楊博皓 Seal、王浩宇 管樂監製 Brass Producer ｜王浩宇 管樂製譜 ｜王浩宇 管樂統籌Brass Coordinator｜王浩宇 小號 Trumpet | 陸韋全 薩克斯風 Saxophone | 李家禾 低音長號 Bass Trombone | 黃昱澄 管樂錄音協力Brass  Administration  | 故事痕跡音樂有限公司 許永慶 管樂錄音室 Brass Recording Studio｜秉乾工作室 管樂錄音師 Brass Recording Engineer｜ 製作人 Producer｜楊博皓 Seal 鼓組錄音室 Drum Recording Studio｜秉乾工作室 鼓組錄音師 Drum Recording Engineer｜張家誠 Chia Chen Chang 鼓技師 Drum Technician｜莊開旭 Cash Chuang 人聲錄音室 Vocal Recording Studio｜RecoverStudio 人聲配唱 Vocal Producer｜蘇崇祐 Kay 和聲編寫 Backing Vocal Arrangement｜黃夏蘿 SUKINO、楊博皓 Seal、仁杰、蘇崇祐 Kay 錄音師 Recording Engineer｜楊博皓 Seal 混音師 Mixing Engineer｜張家誠 Chia Chen Chang 母帶後期製作 Mastering Engineer｜張家誠 Chia Chen Chang 
詞 Lyrics｜仁杰 曲 Composer｜仁杰 編曲 Arrangement｜紙鳶 Seizer
主唱 Vocal｜仁杰 和聲 Backing Vocal｜黃夏蘿 SUKINO、仁杰、蘇崇祐 Kay 電吉他 Electric Guitar｜楊博皓 Seal 貝斯 Bass｜呂建亨 Henry 鼓組 Drum｜王秉宸 Daniel 鍵盤與合成器 Keyboards & Synth Design｜楊博皓 Seal
管樂編寫 Brass Arrangement｜楊博皓 Seal、王浩宇 管樂監製 Brass Producer ｜王浩宇 管樂製譜 ｜王浩宇 管樂統籌Brass Coordinator｜王浩宇 小號 Trumpet | 陸韋全 薩克斯風 Saxophone | 李家禾 低音長號 Bass Trombone | 黃昱澄 管樂錄音協力Brass  Administration  | 故事痕跡音樂有限公司 許永慶 管樂錄音室 Brass Recording Studio｜秉乾工作室 管樂錄音師 Brass Recording Engineer｜
製作人 Producer｜楊博皓 Seal 鼓組錄音室 Drum Recording Studio｜秉乾工作室 鼓組錄音師 Drum Recording Engineer｜張家誠 Chia Chen Chang 鼓技師 Drum Technician｜莊開旭 Cash Chuang
人聲錄音室 Vocal Recording Studio｜RecoverStudio 人聲配唱 Vocal Producer｜蘇崇祐 Kay 和聲編寫 Backing Vocal Arrangement｜黃夏蘿 SUKINO、楊博皓 Seal、仁杰、蘇崇祐 Kay 錄音師 Recording Engineer｜楊博皓 Seal
混音師 Mixing Engineer｜張家誠 Chia Chen Chang 母帶後期製作 Mastering Engineer｜張家誠 Chia Chen Chang","嫉妒心在作祟　證明比誰優越 將所有的怨懟包裝成文字按下發佈鍵 拿仇恨當發洩　要爭贏對立面 將自己武裝成刺蝟　是為了掩蓋自卑 這世界不是誰的讚多誰就是真理 哪有什麼真理　真理都在各自的嘴巴裡 把所有感官洗淨　別讓情感支配 怕自己不小心變成數落人的傀儡 人云亦云多危險　理智線被燒毀 而我不知不覺也淪落成同類 閉上眼　別忽略真實的感受 閉上嘴　說過的話沒法回收 這世界不是誰的讚多誰就是真理 哪有什麼真理　真理都在各自的嘴巴裡 把所有感官洗淨　別讓情感支配 怕自己不小心變成數落人的傀儡 人云亦云多危險　理智線被燒毀 而我不知不覺也淪落成同類 閉上眼　別忽略真實的感受 閉上嘴　說過的話沒法回收 
嫉妒心在作祟　證明比誰優越 將所有的怨懟包裝成文字按下發佈鍵 拿仇恨當發洩　要爭贏對立面 將自己武裝成刺蝟　是為了掩蓋自卑
這世界不是誰的讚多誰就是真理 哪有什麼真理　真理都在各自的嘴巴裡
把所有感官洗淨　別讓情感支配 怕自己不小心變成數落人的傀儡 人云亦云多危險　理智線被燒毀 而我不知不覺也淪落成同類
閉上眼　別忽略真實的感受 閉上嘴　說過的話沒法回收
這世界不是誰的讚多誰就是真理 哪有什麼真理　真理都在各自的嘴巴裡
把所有感官洗淨　別讓情感支配 怕自己不小心變成數落人的傀儡 人云亦云多危險　理智線被燒毀 而我不知不覺也淪落成同類
閉上眼　別忽略真實的感受 閉上嘴　說過的話沒法回收
留言（ 4 ） 最相關留言 所有留言
留言（ 4 ）",2026-09-03,,,False,False,
2026-09-03 08:07:55,realtime,all,,,19,紙鳶 Seizer,蛀蟲,11,199,2,https://streetvoice.com/seizer_official/songs/876184/,https://streetvoice.com/seizer_official/,"https://akstatic.streetvoice.com/music_albums/se/iz/seizer_official/N2aTYNoA3NBNhQWwfjgotd.jpeg?x-oss-process=image/resize,m_fixed,h_1,w_1,limit_0/resize,m_fixed,h_630,w_1200,limit_0/watermark,image_bXVzaWNfYWxidW1zL3NlL2l6L3NlaXplcl9vZmZpY2lhbC9OMmFUWU5vQTNOQk5oUVd3Zmpnb3RkLmpwZWc_eC1vc3MtcHJvY2Vzcz1pbWFnZS9yZXNpemUsbV9maXhlZCxoXzM0NCx3XzM0NCxsaW1pdF8w,g_nw,x_428,y_143/watermark,image_YXNzZXQvaW1hZ2VzL21ldGFpbWFnZS1zb25nLnBuZw,g_nw,x_0,y_0",images/876184.jpeg,@seizer_official,音樂人,台中市,2024-08-01,2024-09-10 20:11,10,1262,,,https://www.instagram.com/seizer.com.tw/,https://www.youtube.com/user/StreetVoiceTV,紙鳶首登泰國Monster Music Festival 回歸宣布新專輯《缺頁的名冊》即將發行|||https://blow.streetvoice.com/89229/?utm_source=streetvoice&utm_medium=profile-news-block; 北流「Open Lab人才培育計畫」五週年成果亮眼 媒合紙鳶登泰國音樂節|||https://blow.streetvoice.com/88857/?utm_source=streetvoice&utm_medium=profile-news-block; 紙鳶聯手羊米人推出首支台語單曲〈六月的雨縫〉為9月新專輯暖身|||https://blow.streetvoice.com/88034/?utm_source=streetvoice&utm_medium=profile-news-block,,Rock,缺頁的名冊,https://streetvoice.com/seizer_official/songs/album/97325949/,,"詞 Lyrics｜仁杰 曲 Composer｜仁杰 編曲 Arrangement｜紙鳶 Seizer 主唱 Vocal｜仁杰 和聲 Backing Vocal｜仁杰、蘇崇祐 Kay 木吉他 Acoustic Guitar｜蘇崇祐 Kay 貝斯 Bass｜呂建亨 Henry 鼓組 Drum｜王秉宸 Daniel 鍵盤與合成器 Keyboards & Synth Design｜楊博皓 Seal 製作人 Producer｜楊博皓 Seal 鼓組錄音室 Drum Recording Studio｜+x studio 鼓組錄音師 Drum Recording Engineer｜張家誠 Chia Chen Chang 鼓技師 Drum Technician｜莊開旭 Cash Chuang 人聲錄音室 Vocal Recording Studio｜RecoverStudio 人聲配唱 Vocal Producer｜蘇崇祐 Kay 和聲編寫 Backing Vocal Arrangement｜楊博皓 Seal、仁杰、蘇崇祐 Kay 錄音師 Recording Engineer｜楊博皓 Seal 混音師 Mixing Engineer｜張家誠 Chia Chen Chang 母帶後期製作 Mastering Engineer｜張家誠 Chia Chen Chang 
詞 Lyrics｜仁杰 曲 Composer｜仁杰 編曲 Arrangement｜紙鳶 Seizer
主唱 Vocal｜仁杰 和聲 Backing Vocal｜仁杰、蘇崇祐 Kay 木吉他 Acoustic Guitar｜蘇崇祐 Kay 貝斯 Bass｜呂建亨 Henry 鼓組 Drum｜王秉宸 Daniel 鍵盤與合成器 Keyboards & Synth Design｜楊博皓 Seal
製作人 Producer｜楊博皓 Seal 鼓組錄音室 Drum Recording Studio｜+x studio 鼓組錄音師 Drum Recording Engineer｜張家誠 Chia Chen Chang 鼓技師 Drum Technician｜莊開旭 Cash Chuang 人聲錄音室 Vocal Recording Studio｜RecoverStudio 人聲配唱 Vocal Producer｜蘇崇祐 Kay 和聲編寫 Backing Vocal Arrangement｜楊博皓 Seal、仁杰、蘇崇祐 Kay 錄音師 Recording Engineer｜楊博皓 Seal
混音師 Mixing Engineer｜張家誠 Chia Chen Chang 母帶後期製作 Mastering Engineer｜張家誠 Chia Chen Chang","穿著整齊劃一的校服 循著無可非議的規定 像楚門覓自由的蹤跡 盼著看似美好的未來 說著掩耳盜鈴的願景 被囚在出生的那一刻起 我住在這裡　我住在這裡 施捨給我的床我會好好的珍惜 我蛀在這裡　我蛀在這裡 無法改變的命運翻攪在牙根裡 謝謝你的教導　磨平我的稜角 我會乖乖聽話　做個優秀榜樣 一條一條刻在手臂上當作獎章 一幀一幀就像活在巨大的片場 我住在這裡　我住在這裡 施捨給我的床我會好好的珍惜 我蛀在這裡　我蛀在這裡 無法改變的命運翻攪在牙根裡 
穿著整齊劃一的校服 循著無可非議的規定 像楚門覓自由的蹤跡
盼著看似美好的未來 說著掩耳盜鈴的願景 被囚在出生的那一刻起
我住在這裡　我住在這裡 施捨給我的床我會好好的珍惜 我蛀在這裡　我蛀在這裡 無法改變的命運翻攪在牙根裡
謝謝你的教導　磨平我的稜角 我會乖乖聽話　做個優秀榜樣 一條一條刻在手臂上當作獎章 一幀一幀就像活在巨大的片場
我住在這裡　我住在這裡 施捨給我的床我會好好的珍惜 我蛀在這裡　我蛀在這裡 無法改變的命運翻攪在牙根裡
留言（ 2 ） 最相關留言 所有留言
留言（ 2 ）",2026-09-03,,,False,False,
2026-09-03 08:07:55,realtime,all,,,20,风人院,爱人你呀,14,136,3,https://streetvoice.com/The_Wind_Asylum/songs/877485/,https://streetvoice.com/The_Wind_Asylum/,"https://akstatic.streetvoice.com/song_covers/Th/e_/The_Wind_Asylum/7ouyeSREuwAf3RXiJPfTiP.jpg?x-oss-process=image/resize,m_fixed,h_1,w_1,limit_0/resize,m_fixed,h_630,w_1200,limit_0/watermark,image_c29uZ19jb3ZlcnMvVGgvZV8vVGhlX1dpbmRfQXN5bHVtLzdvdXllU1JFdXdBZjNSWGlKUGZUaVAuanBnP3gtb3NzLXByb2Nlc3M9aW1hZ2UvcmVzaXplLG1fZml4ZWQsaF8zNDQsd18zNDQsbGltaXRfMA,g_nw,x_428,y_143/watermark,image_YXNzZXQvaW1hZ2VzL21ldGFpbWFnZS1zb25nLnBuZw,g_nw,x_0,y_0",images/877485.jpg,@The_Wind_Asylum,音樂人,霹靂,2026-09-01,,1,7,,,,https://www.youtube.com/user/StreetVoiceTV,,,Alternative,,,,"「愛人你呀，為何還握著枯萎的花？」 你真的辛苦了... 不知道是否還有機會，所以請至少為自己活一次。 别忘了去擁抱還愛著你的人。 
「愛人你呀，為何還握著枯萎的花？」
你真的辛苦了... 不知道是否還有機會，所以請至少為自己活一次。 别忘了去擁抱還愛著你的人。","词：谢松隽/林祖仪 曲：谢松隽 编：谢松隽/黄咏健/何宏量 心疼你呀 在无人的晚霞 心疼你呀 而我在浪迹天涯 心疼你呀 对我说了那么多话 而我的谎话 在吞噬着你呀 他们长大 我的家没啦 他们做爸 你的青春被糟蹋 他们是画家 像是把心都给你呀 也会毁掉一幅画 他们长大 我的家没啦 他们做爸 你的青春被糟蹋 他们是画家 像是把心都给你呀 也会毁掉一幅画 爱人你呀 有没有后悔一直牵挂 爱人你呀 为何还握着枯萎的花 爱人你呀 会不会嘲笑自己的傻 爱人你呀 为何期盼总会有落差 
词：谢松隽/林祖仪 曲：谢松隽 编：谢松隽/黄咏健/何宏量
心疼你呀 在无人的晚霞 心疼你呀 而我在浪迹天涯 心疼你呀 对我说了那么多话 而我的谎话 在吞噬着你呀
他们长大 我的家没啦 他们做爸 你的青春被糟蹋 他们是画家 像是把心都给你呀 也会毁掉一幅画
他们长大 我的家没啦 他们做爸 你的青春被糟蹋 他们是画家 像是把心都给你呀 也会毁掉一幅画
爱人你呀 有没有后悔一直牵挂 爱人你呀 为何还握着枯萎的花 爱人你呀 会不会嘲笑自己的傻 爱人你呀 为何期盼总会有落差
留言（ 3 ） 最相關留言 所有留言
留言（ 3 ）",2026-09-02,,,False,False,
2026-09-03 08:07:55,realtime,all,,,21,李敏哲,改名的機場｜進場重飛,26,1934,20,https://streetvoice.com/minzer_c_lee/songs/877156/,https://streetvoice.com/minzer_c_lee/,"https://akstatic.streetvoice.com/song_covers/mi/nz/minzer_c_lee/aDBLa8ACvYFKvu2AHmYRoW.jpeg?x-oss-process=image/resize,m_fixed,h_1,w_1,limit_0/resize,m_fixed,h_630,w_1200,limit_0/watermark,image_c29uZ19jb3ZlcnMvbWkvbnovbWluemVyX2NfbGVlL2FEQkxhOEFDdllGS3Z1MkFIbVlSb1cuanBlZz94LW9zcy1wcm9jZXNzPWltYWdlL3Jlc2l6ZSxtX2ZpeGVkLGhfMzQ0LHdfMzQ0LGxpbWl0XzA,g_nw,x_428,y_143/watermark,image_YXNzZXQvaW1hZ2VzL21ldGFpbWFnZS1zb25nLnBuZw,g_nw,x_0,y_0",images/877156.jpeg,@minzer_c_lee,音樂人,,,,17,32,40,,,https://www.youtube.com/user/StreetVoiceTV,,,Singer / Songwriter,,,雷克非 Christopher R,"我把雷克非的《改名的機場》重新唱了一次。 這首歌有一個很台灣的時間座標。你記得那個機場以前的名字，記得自己曾經從那裡離開。很多年後再回來，它已經換成另一個你沒什麼感覺的名字。城市變了，長大還是變老？不知道。 我唱到「有到萬華嗎」那句的時候，心裡真的幹了一聲。機捷沒有到萬華啦！北七喔！ 不是什麼宏大肉麻的鄉愁。只是離開太久的人回來了，腦子裡還帶著以前的地圖，然後被幾件再日常不過的小事迎面撞了幾下。 你離開太久了，家裡少了好幾個人。 幹！ 不准哭！ 克非首飛原版 https://streetvoice.com/ChristopherR/songs/859841/ 
我把雷克非的《改名的機場》重新唱了一次。
這首歌有一個很台灣的時間座標。你記得那個機場以前的名字，記得自己曾經從那裡離開。很多年後再回來，它已經換成另一個你沒什麼感覺的名字。城市變了，長大還是變老？不知道。
我唱到「有到萬華嗎」那句的時候，心裡真的幹了一聲。機捷沒有到萬華啦！北七喔！
不是什麼宏大肉麻的鄉愁。只是離開太久的人回來了，腦子裡還帶著以前的地圖，然後被幾件再日常不過的小事迎面撞了幾下。
你離開太久了，家裡少了好幾個人。
幹！ 不准哭！
克非首飛原版 https://streetvoice.com/ChristopherR/songs/859841/
https://streetvoice.com/ChristopherR/songs/859841/","《改名的機場》 Vancouver rains tonight I pull my jacket tight This car key takes me back To another time It holds the years we drove And every late-night drive Every mile we couldn’t leave Still flickers in my eyes 台北的巷弄 藏著志文版的存在主義 We were so sure. 那是我們 曾經以為能改變世界的勇氣 現在的我 只能在高速公路上奔馳 Don't look back. 看著路燈 一盞一盞回到青春的過往 我們的世代 總在時差裡清醒 太平洋的浪 拍著兩座城的倒影 不用誰來懂 那些沒說出口的傷 You don't explain to nobody. 跟著搖盪的旋律 抱住自己的重量 落地窗外 燈火依然編織著忙碌 行李盤轉著 那些帶不走的下午 廣播裡的聲音 變得客氣而生疏 Welcome back. Please follow the signs. 我站在大廳 像個迷路的老信徒 那一年 登機證是通往未來的門票 這一年 護照本是留住過去的依靠 時差沒變，只是心跳慢了一拍 在自動感應門前，我摸了摸口袋 只有一條哪裡都不是的手帕 這裡早已不是以人名命名的地圖 舊證件上的字跡 模糊得像來時的路 家鄉是改名的機場 我還在舊城裡找回家的路 我們的世代 總在時差裡清醒 太平洋的浪 拍著兩座城的倒影 不用誰來懂 那些沒說出口的傷 You don't explain to nobody. 跟著搖盪的旋律 抱住自己的重量 開往台北的普通車 即將進站 是這邊吧？ 有到萬華嗎？ Damn！好陌生。 
《改名的機場》
Vancouver rains tonight I pull my jacket tight This car key takes me back To another time
It holds the years we drove And every late-night drive Every mile we couldn’t leave Still flickers in my eyes
台北的巷弄 藏著志文版的存在主義 We were so sure. 那是我們 曾經以為能改變世界的勇氣 現在的我 只能在高速公路上奔馳 Don't look back. 看著路燈 一盞一盞回到青春的過往
我們的世代 總在時差裡清醒 太平洋的浪 拍著兩座城的倒影 不用誰來懂 那些沒說出口的傷 You don't explain to nobody. 跟著搖盪的旋律 抱住自己的重量
落地窗外 燈火依然編織著忙碌 行李盤轉著 那些帶不走的下午 廣播裡的聲音 變得客氣而生疏 Welcome back. Please follow the signs. 我站在大廳 像個迷路的老信徒
那一年 登機證是通往未來的門票 這一年 護照本是留住過去的依靠 時差沒變，只是心跳慢了一拍 在自動感應門前，我摸了摸口袋 只有一條哪裡都不是的手帕
這裡早已不是以人名命名的地圖 舊證件上的字跡 模糊得像來時的路 家鄉是改名的機場 我還在舊城裡找回家的路
我們的世代 總在時差裡清醒 太平洋的浪 拍著兩座城的倒影 不用誰來懂 那些沒說出口的傷 You don't explain to nobody. 跟著搖盪的旋律 抱住自己的重量
開往台北的普通車 即將進站
是這邊吧？ 有到萬華嗎？
Damn！好陌生。
留言（ 20 ） 最相關留言 所有留言
留言（ 20 ）",2026-08-31,,AI 協作 Singer / Songwriter,False,False,
2026-09-03 08:07:55,realtime,all,,,22,歌曲创作社 (槟城锺灵独立中学),走,15,131,3,https://streetvoice.com/sassydonut123/songs/877478/,https://streetvoice.com/sassydonut123/,"https://akstatic.streetvoice.com/song_covers/sa/ss/sassydonut123/EGQMfsmbnjVFX8u2SG8qQt.jpeg?x-oss-process=image/resize,m_fixed,h_1,w_1,limit_0/resize,m_fixed,h_630,w_1200,limit_0/watermark,image_c29uZ19jb3ZlcnMvc2Evc3Mvc2Fzc3lkb251dDEyMy9FR1FNZnNtYm5qVkZYOHUyU0c4cVF0LmpwZWc_eC1vc3MtcHJvY2Vzcz1pbWFnZS9yZXNpemUsbV9maXhlZCxoXzM0NCx3XzM0NCxsaW1pdF8w,g_nw,x_428,y_143/watermark,image_YXNzZXQvaW1hZ2VzL21ldGFpbWFnZS1zb25nLnBuZw,g_nw,x_0,y_0",images/877478.jpeg,@sassydonut123,音樂人,,,,,2,1,,,https://www.youtube.com/user/StreetVoiceTV,,,Post rock,,,,"每個人都會有不同的經歷，不管是好的壞的，有多深刻，有多遺憾，我們不能因此而停留在那個時期、那個場景、那個感受。 看後就走，不是不想回想起當初，只是不要一直停留，人生終究要繼續走下去，才能進步，成為更好的自己。 
每個人都會有不同的經歷，不管是好的壞的，有多深刻，有多遺憾，我們不能因此而停留在那個時期、那個場景、那個感受。 看後就走，不是不想回想起當初，只是不要一直停留，人生終究要繼續走下去，才能進步，成為更好的自己。","Verse 那春季 暖風吹來親如蜜 情溢 春撇去 離意遲遲不經意 Pre-chorus 1 那天 雨很淺 沿路邊 繚亂視線 就這麼堅定決心 向前走 直走 Chorus 看後 就走 足夠 就走 Pre-Chorus 2 幾天 雨漸綿 路越遠 模糊視線 就真的堅定決心 向前走 直走 Chorus 看後 就走 足夠 就走 Post-Chorus 直走 望不見的盡頭 忘不了當時的季候 就繼續走 直走 望不見的盡頭 忘不了當時的季候 就繼續 
Verse 那春季 暖風吹來親如蜜 情溢 春撇去 離意遲遲不經意
Pre-chorus 1 那天 雨很淺 沿路邊 繚亂視線 就這麼堅定決心 向前走 直走
Chorus 看後 就走 足夠 就走
Pre-Chorus 2 幾天 雨漸綿 路越遠 模糊視線 就真的堅定決心 向前走 直走
Chorus 看後 就走 足夠 就走
Post-Chorus 直走 望不見的盡頭 忘不了當時的季候 就繼續走 直走 望不見的盡頭 忘不了當時的季候 就繼續
留言（ 3 ） 最相關留言 所有留言
留言（ 3 ）",2026-09-01,,,False,False,
2026-09-03 08:07:55,realtime,all,,,23,紙鳶 Seizer,Lost and found,9,298,0,https://streetvoice.com/seizer_official/songs/876183/,https://streetvoice.com/seizer_official/,"https://akstatic.streetvoice.com/music_albums/se/iz/seizer_official/N2aTYNoA3NBNhQWwfjgotd.jpeg?x-oss-process=image/resize,m_fixed,h_1,w_1,limit_0/resize,m_fixed,h_630,w_1200,limit_0/watermark,image_bXVzaWNfYWxidW1zL3NlL2l6L3NlaXplcl9vZmZpY2lhbC9OMmFUWU5vQTNOQk5oUVd3Zmpnb3RkLmpwZWc_eC1vc3MtcHJvY2Vzcz1pbWFnZS9yZXNpemUsbV9maXhlZCxoXzM0NCx3XzM0NCxsaW1pdF8w,g_nw,x_428,y_143/watermark,image_YXNzZXQvaW1hZ2VzL21ldGFpbWFnZS1zb25nLnBuZw,g_nw,x_0,y_0",images/876183.jpeg,@seizer_official,音樂人,台中市,2024-08-01,2024-09-10 20:11,10,1262,,,https://www.instagram.com/seizer.com.tw/,https://www.youtube.com/user/StreetVoiceTV,紙鳶首登泰國Monster Music Festival 回歸宣布新專輯《缺頁的名冊》即將發行|||https://blow.streetvoice.com/89229/?utm_source=streetvoice&utm_medium=profile-news-block; 北流「Open Lab人才培育計畫」五週年成果亮眼 媒合紙鳶登泰國音樂節|||https://blow.streetvoice.com/88857/?utm_source=streetvoice&utm_medium=profile-news-block; 紙鳶聯手羊米人推出首支台語單曲〈六月的雨縫〉為9月新專輯暖身|||https://blow.streetvoice.com/88034/?utm_source=streetvoice&utm_medium=profile-news-block,,Rock,缺頁的名冊,https://streetvoice.com/seizer_official/songs/album/97325949/,,"編曲 Arrangement｜楊博皓 Seal 電吉他 Electric Guitar｜楊博皓 Seal 鍵盤與合成器 Keyboards & Synth Design｜楊博皓 Seal 製作人 Producer｜楊博皓 Seal 錄音師 Recording Engineer｜楊博皓 Seal 混音師 Mixing Engineer｜張家誠 Chia Chen Chang 母帶後期製作 Mastering Engineer｜張家誠 Chia Chen Chang 
編曲 Arrangement｜楊博皓 Seal
電吉他 Electric Guitar｜楊博皓 Seal 鍵盤與合成器 Keyboards & Synth Design｜楊博皓 Seal
製作人 Producer｜楊博皓 Seal 錄音師 Recording Engineer｜楊博皓 Seal
混音師 Mixing Engineer｜張家誠 Chia Chen Chang 母帶後期製作 Mastering Engineer｜張家誠 Chia Chen Chang","這是沒有提供歌詞的歌曲
留言（ 0 ） 最相關留言 所有留言
留言（ 0 ）",2026-09-03,,,False,False,
2026-09-03 08:07:55,realtime,all,,,24,紙鳶 Seizer,六月的雨縫 feat. 羊米人 YUMMYMAN,10,176,0,https://streetvoice.com/seizer_official/songs/876181/,https://streetvoice.com/seizer_official/,"https://akstatic.streetvoice.com/music_albums/se/iz/seizer_official/N2aTYNoA3NBNhQWwfjgotd.jpeg?x-oss-process=image/resize,m_fixed,h_1,w_1,limit_0/resize,m_fixed,h_630,w_1200,limit_0/watermark,image_bXVzaWNfYWxidW1zL3NlL2l6L3NlaXplcl9vZmZpY2lhbC9OMmFUWU5vQTNOQk5oUVd3Zmpnb3RkLmpwZWc_eC1vc3MtcHJvY2Vzcz1pbWFnZS9yZXNpemUsbV9maXhlZCxoXzM0NCx3XzM0NCxsaW1pdF8w,g_nw,x_428,y_143/watermark,image_YXNzZXQvaW1hZ2VzL21ldGFpbWFnZS1zb25nLnBuZw,g_nw,x_0,y_0",images/876181.jpeg,@seizer_official,音樂人,台中市,2024-08-01,2024-09-10 20:11,10,1262,,,https://www.instagram.com/seizer.com.tw/,https://www.youtube.com/user/StreetVoiceTV,紙鳶首登泰國Monster Music Festival 回歸宣布新專輯《缺頁的名冊》即將發行|||https://blow.streetvoice.com/89229/?utm_source=streetvoice&utm_medium=profile-news-block; 北流「Open Lab人才培育計畫」五週年成果亮眼 媒合紙鳶登泰國音樂節|||https://blow.streetvoice.com/88857/?utm_source=streetvoice&utm_medium=profile-news-block; 紙鳶聯手羊米人推出首支台語單曲〈六月的雨縫〉為9月新專輯暖身|||https://blow.streetvoice.com/88034/?utm_source=streetvoice&utm_medium=profile-news-block,,Pop,缺頁的名冊,https://streetvoice.com/seizer_official/songs/album/97325949/,,"作詞 Lyricist｜林奕廷 Yi-Ting Lin、李皮尼 Peeni Lee 作曲 Composer｜林奕廷 Yi-Ting Lin、李皮尼 Peeni Lee、仁杰 編曲 Arrangement｜紙鳶 Seizer 演唱 Vocal｜仁杰、李皮尼 Peeni Lee 和聲 Backing Vocal｜仁杰、李皮尼 Peeni Lee 電吉他 Electric Guitar｜楊博皓 Seal 木吉他 Acoustic Guitar｜蘇崇祐 Kay 貝斯 Bass｜呂建亨 Henry 鼓組 Drum｜王秉宸 Daniel 弦樂 Strings Arrangement｜楊博皓 Seal 製作人 Producer｜楊博皓 Seal 鼓組錄音室 Drum Recording Studio｜秉乾工作室 鼓組錄音師 Drum Recording Engineer｜王秉宸 Daniel 人聲錄音室 Vocal Recording Studio｜RecoverStudio 人聲配唱 Vocal Producer｜蘇崇祐 Kay 和聲編寫 Backing Vocal Arrangement｜林奕廷 Yi-Ting Lin、李皮尼 Peeni Lee、仁杰 錄音師 Recording Engineer｜楊博皓 Seal 歌詞校正Lyrics Supervisor｜魏宗仁 Rendy Wei 混音師 Mixing Engineer｜張家誠 Chia Chen Chang 母帶後期製作 Mastering Engineer｜張家誠 Chia Chen Chang 
作詞 Lyricist｜林奕廷 Yi-Ting Lin、李皮尼 Peeni Lee 作曲 Composer｜林奕廷 Yi-Ting Lin、李皮尼 Peeni Lee、仁杰 編曲 Arrangement｜紙鳶 Seizer
演唱 Vocal｜仁杰、李皮尼 Peeni Lee 和聲 Backing Vocal｜仁杰、李皮尼 Peeni Lee 電吉他 Electric Guitar｜楊博皓 Seal 木吉他 Acoustic Guitar｜蘇崇祐 Kay 貝斯 Bass｜呂建亨 Henry 鼓組 Drum｜王秉宸 Daniel 弦樂 Strings Arrangement｜楊博皓 Seal
製作人 Producer｜楊博皓 Seal 鼓組錄音室 Drum Recording Studio｜秉乾工作室 鼓組錄音師 Drum Recording Engineer｜王秉宸 Daniel 人聲錄音室 Vocal Recording Studio｜RecoverStudio 人聲配唱 Vocal Producer｜蘇崇祐 Kay 和聲編寫 Backing Vocal Arrangement｜林奕廷 Yi-Ting Lin、李皮尼 Peeni Lee、仁杰 錄音師 Recording Engineer｜楊博皓 Seal 歌詞校正Lyrics Supervisor｜魏宗仁 Rendy Wei
混音師 Mixing Engineer｜張家誠 Chia Chen Chang 母帶後期製作 Mastering Engineer｜張家誠 Chia Chen Chang","前方佇佗位　踅啊踅　是按怎攏看袂清 手中的批猶是　留著你的名字 這敢是愛情　捎無嘛當做流星 也想過牽你行過　一世人的勇氣 一直到彼一工　茫茫大海　揣無你的影 彼時才知影　阮這款的愛情　親像六月的雨縫 你敢知影 無你的日子　無眠的暗暝 我猶原　猶原踮佇遮 這馬你佇佗位　走揣著　你我的痕跡 霓虹閃爍　像你掠袂定的形影 啊～ 多情的我　掠準袂變卦 請予我牽你行過　一世人的勇氣 一直到彼一工　茫茫大海　揣無你的影 彼時才知影　阮這款的愛情　親像六月的雨縫 無你的日子　無眠的暗暝 我猶原　猶原踮佇遮 一直到彼一工 (是你離開的背影) 一直到彼一工 （後悔猶是無較縒） 一直到彼一工 （這場大雨㴙㴙落　落佇　我早就焦洘的傷跡） 彼時才知影 (這場大雨㴙㴙落　敢會　洗淨我對你的咒誓) 走袂離　你的面　你的味 猶是你　閬雨縫　穿你彼領衫 閣一改共我來作伴 
前方佇佗位　踅啊踅　是按怎攏看袂清 手中的批猶是　留著你的名字
這敢是愛情　捎無嘛當做流星 也想過牽你行過　一世人的勇氣
一直到彼一工　茫茫大海　揣無你的影 彼時才知影　阮這款的愛情　親像六月的雨縫 你敢知影 無你的日子　無眠的暗暝 我猶原　猶原踮佇遮
這馬你佇佗位　走揣著　你我的痕跡 霓虹閃爍　像你掠袂定的形影 啊～ 多情的我　掠準袂變卦 請予我牽你行過　一世人的勇氣
一直到彼一工　茫茫大海　揣無你的影 彼時才知影　阮這款的愛情　親像六月的雨縫 無你的日子　無眠的暗暝 我猶原　猶原踮佇遮
一直到彼一工 (是你離開的背影) 一直到彼一工 （後悔猶是無較縒）
一直到彼一工 （這場大雨㴙㴙落　落佇　我早就焦洘的傷跡） 彼時才知影 (這場大雨㴙㴙落　敢會　洗淨我對你的咒誓)
走袂離　你的面　你的味 猶是你　閬雨縫　穿你彼領衫 閣一改共我來作伴
留言（ 0 ） 最相關留言 所有留言
留言（ 0 ）",2026-09-03,,,False,False,
2026-09-03 08:07:55,realtime,all,,,25,LJ433aka小浚littlejun,COLD,1,70,2,https://streetvoice.com/holy_voice_8kv/songs/877507/,https://streetvoice.com/holy_voice_8kv/,"https://akstatic.streetvoice.com/song_covers/ho/ly/holy_voice_8kv/R6JrbHXGkPxBZJfHqTAjMu.jpeg?x-oss-process=image/resize,m_fixed,h_1,w_1,limit_0/resize,m_fixed,h_630,w_1200,limit_0/watermark,image_c29uZ19jb3ZlcnMvaG8vbHkvaG9seV92b2ljZV84a3YvUjZKcmJIWEdrUHhCWkpmSHFUQWpNdS5qcGVnP3gtb3NzLXByb2Nlc3M9aW1hZ2UvcmVzaXplLG1fZml4ZWQsaF8zNDQsd18zNDQsbGltaXRfMA,g_nw,x_428,y_143/watermark,image_YXNzZXQvaW1hZ2VzL21ldGFpbWFnZS1zb25nLnBuZw,g_nw,x_0,y_0",images/877507.jpeg,@holy_voice_8kv,音樂人,台中市,2024-06-01,,1,2,2,,,https://www.youtube.com/user/StreetVoiceTV,,,Hip hop / Rap,,,,"冷 混音可以私訊我哀居: junhong_12.28 mixing:LJ433 master:LJ433 beats:Mehti https://www.youtube.com/watch?v=yJpyY2CIS2k 
冷 混音可以私訊我哀居: junhong_12.28
mixing:LJ433 master:LJ433 beats:Mehti https://www.youtube.com/watch?v=yJpyY2CIS2k
https://www.youtube.com/watch?v=yJpyY2CIS2k","I feeling cold I feeling cold I feeling cold I feeling cold I feeling cold I feeling cold I feeling cold I feeling cold 外面下著冰雹 懂危險的信號 U guys batter watching me 排緊湊的韻腳 筆記全都記好 老師下節要查筆記 你們全都出來別再胡來我就他媽要打第一 U know what i mean煙灰往你身上倒你個小弟弟 裝逼太久了你忘記你從哪裡出發的了嗎 叛逆太久了你忘記出門前爸爸說的話 為何你變那麼冷酷 眼神也變那麼殺 體感有零下三度 feeling wtf 讓你被冰凍我很抱歉 生起一團火被當成硝煙 有無數人想要跟我熱戀 但我冷酷的像我的項鍊 I feeling cold I feeling cold I feeling cold I feeling cold I feeling cold I feeling cold I feeling cold I feeling cold I feeling cold cold as fuck 就讓這機械的聲音往他頭上射一發 Step by step 踩過你就像是哥吉拉 Day by day擊潰你然後找你的下一個住所 就為了讓你這群廢物能住口 不再有發言權 清理像污垢 讓他們say 對 做事不可能糊弄 砍下那手臂再砍下那豬頭 Kill it and get it 這狀態like drug Brand new 的風格他聽了say what 噴射了一堆塞進你的嘴巴 None stop aim to the spot Yeah sent me 更多 想好了就堅定地做 別把人生當扮家家酒 能重來的機會不多 要相信因果 有些靈感只是經過 把握住時間停留 別再每次acting so cold 
I feeling cold I feeling cold I feeling cold I feeling cold I feeling cold I feeling cold I feeling cold I feeling cold
外面下著冰雹 懂危險的信號 U guys batter watching me 排緊湊的韻腳 筆記全都記好 老師下節要查筆記
你們全都出來別再胡來我就他媽要打第一 U know what i mean煙灰往你身上倒你個小弟弟 裝逼太久了你忘記你從哪裡出發的了嗎 叛逆太久了你忘記出門前爸爸說的話
為何你變那麼冷酷 眼神也變那麼殺 體感有零下三度 feeling wtf
讓你被冰凍我很抱歉 生起一團火被當成硝煙 有無數人想要跟我熱戀 但我冷酷的像我的項鍊
I feeling cold I feeling cold I feeling cold I feeling cold I feeling cold I feeling cold I feeling cold I feeling cold
I feeling cold cold as fuck 就讓這機械的聲音往他頭上射一發 Step by step 踩過你就像是哥吉拉 Day by day擊潰你然後找你的下一個住所 就為了讓你這群廢物能住口 不再有發言權 清理像污垢 讓他們say 對 做事不可能糊弄 砍下那手臂再砍下那豬頭
Kill it and get it 這狀態like drug Brand new 的風格他聽了say what 噴射了一堆塞進你的嘴巴 None stop aim to the spot
Yeah sent me 更多 想好了就堅定地做 別把人生當扮家家酒 能重來的機會不多
要相信因果 有些靈感只是經過 把握住時間停留 別再每次acting so cold
留言（ 2 ） 最相關留言 所有留言
留言（ 2 ）",2026-09-02,,,False,False,
2026-09-03 08:07:55,realtime,all,,,26,thisisyoyo,光透進來的地方,101,2116,56,https://streetvoice.com/thisisyoyo/songs/876432/,https://streetvoice.com/thisisyoyo/,"https://akstatic.streetvoice.com/song_covers/th/is/thisisyoyo/GiBnpGoxkqjcd4sym7EQ6T.jpg?x-oss-process=image/resize,m_fixed,h_1,w_1,limit_0/resize,m_fixed,h_630,w_1200,limit_0/watermark,image_c29uZ19jb3ZlcnMvdGgvaXMvdGhpc2lzeW95by9HaUJucEdveGtxamNkNHN5bTdFUTZULmpwZz94LW9zcy1wcm9jZXNzPWltYWdlL3Jlc2l6ZSxtX2ZpeGVkLGhfMzQ0LHdfMzQ0LGxpbWl0XzA,g_nw,x_428,y_143/watermark,image_YXNzZXQvaW1hZ2VzL21ldGFpbWFnZS1zb25nLnBuZw,g_nw,x_0,y_0",images/876432.jpg,@thisisyoyo,音樂人,,,2021-07-02 15:39,59,5349,23,https://www.facebook.com/thisisyoyosham/,https://www.instagram.com/thisisyoyosham/,https://www.youtube.com/channel/UCXDeEdib9iL_RNqdZCsUc-w,【StreetVoice新歌週報】鹿洐人坐穩即時冠軍 吳獻溺在愛裡與世隔絕|||https://blow.streetvoice.com/56976/?utm_source=streetvoice&utm_medium=profile-news-block; 【StreetVoice新歌週報】ADEN、李權哲攻上熱門榜 美麗本人大嘻哈登台作上線|||https://blow.streetvoice.com/55862/?utm_source=streetvoice&utm_medium=profile-news-block; 回到香港灌錄首張粵語專輯 岑寧兒釋出〈風的形狀〉願給離家者一個擁抱|||https://blow.streetvoice.com/55791/?utm_source=streetvoice&utm_medium=profile-news-block,,Singer / Songwriter,,,,"這是岑寧兒為新專輯寫的第一首歌，以「金繼」為靈感起點，從裂痕中學習修復，讓光透進來，再塗上流金，流金再化成幾千里金沙，在廣闊無垠的天地中，再向前走。 回到台北，和港台樂手組成的樂隊，一起進行同步錄音；和張貝芝聯合監製，大大擴闊了岑寧兒的音樂圖譜。樂器和人聲陪伴彼此高低起伏，群唱疊加眾人心底裡的情緒，不止記錄了一個音樂現場，更像是用音樂拍了一部給耳朵聽的電影。 曲 Composer | 岑寧兒 Yoyo Sham 詞 Lyricist | 岑寧兒 Yoyo Sham 編 Arranger | 張貝芝 Joyce Cheung 監製 Producers | 張貝芝 Joyce Cheung   岑寧兒 Yoyo Sham 木吉他 Acoustic Guitar | 屠衡 Josh Tu 低音吉他 Bass | 黃德聰 Wong Tak Chung 鼓 Drums | Dean Li 和音編寫 Backing Vocals Arrangement | 岑寧兒 Yoyo Sham 和音演唱 Backing Vocals | 洪樂曦 Ivy Hung   宋正方 Rachel Sung 群唱 Crowd Vocals | Everyone at the studio 台北： 錄音 Recording Engineer | 單為明 Link Shan 錄音助理 Recording Assistant| 相云 Camille Chen   陳佳穎 Chen Chia Ying 錄音室 Recording Studio| 享亮音樂國際有限公司 Lights Up Studio Taipei 香港： 錄音 Recording Engineer | 介 錄音助理 Recording Assistant | 陳沁怡 Tsamchan 錄音室 Recording Studio | 雅旺錄音室 Avon Recording Studios 混音 Mixing Engineer | 單為明 Link Shan @Outer Space 母帶 Mastering Engineer | Jeff Lipton at Peerless Mastering, Boston, MA 
這是岑寧兒為新專輯寫的第一首歌，以「金繼」為靈感起點，從裂痕中學習修復，讓光透進來，再塗上流金，流金再化成幾千里金沙，在廣闊無垠的天地中，再向前走。 回到台北，和港台樂手組成的樂隊，一起進行同步錄音；和張貝芝聯合監製，大大擴闊了岑寧兒的音樂圖譜。樂器和人聲陪伴彼此高低起伏，群唱疊加眾人心底裡的情緒，不止記錄了一個音樂現場，更像是用音樂拍了一部給耳朵聽的電影。
曲 Composer | 岑寧兒 Yoyo Sham 詞 Lyricist | 岑寧兒 Yoyo Sham 編 Arranger | 張貝芝 Joyce Cheung 監製 Producers | 張貝芝 Joyce Cheung   岑寧兒 Yoyo Sham
木吉他 Acoustic Guitar | 屠衡 Josh Tu 低音吉他 Bass | 黃德聰 Wong Tak Chung 鼓 Drums | Dean Li
和音編寫 Backing Vocals Arrangement | 岑寧兒 Yoyo Sham 和音演唱 Backing Vocals | 洪樂曦 Ivy Hung   宋正方 Rachel Sung 群唱 Crowd Vocals | Everyone at the studio
台北： 錄音 Recording Engineer | 單為明 Link Shan 錄音助理 Recording Assistant| 相云 Camille Chen   陳佳穎 Chen Chia Ying 錄音室 Recording Studio| 享亮音樂國際有限公司 Lights Up Studio Taipei
香港： 錄音 Recording Engineer | 介 錄音助理 Recording Assistant | 陳沁怡 Tsamchan 錄音室 Recording Studio | 雅旺錄音室 Avon Recording Studios
混音 Mixing Engineer | 單為明 Link Shan @Outer Space 母帶 Mastering Engineer | Jeff Lipton at Peerless Mastering, Boston, MA","還在裂的痕 還未結的疤 一直在我胸口裡隱藏 已跌破的堅強 流失了所有期盼 容不下失望 破碎了的一片片 收起來的一點點 用我僅有的力氣握緊 不完整的心 默默踏出一步步 靜靜的一吸一呼 總有一天 終會修復 Yes, it hurts, it hurts, it hurts But I’ll heal, I’ll heal, I’ll heal I’ll heal 不一樣的形狀 曾殘缺的地方 偏偏透出光 雖然心臟還在痛 但是心臟還在跳 讓我為它的傷口填上 金色的希望 默默踏出一步步 靜靜的一吸一呼 只要繼續 都會過去 Yes, it hurts, it hurts, it hurts But I’ll heal, I’ll heal Yes, I will 
還在裂的痕 還未結的疤 一直在我胸口裡隱藏 已跌破的堅強 流失了所有期盼 容不下失望
破碎了的一片片 收起來的一點點 用我僅有的力氣握緊 不完整的心
默默踏出一步步 靜靜的一吸一呼 總有一天 終會修復
Yes, it hurts, it hurts, it hurts But I’ll heal, I’ll heal, I’ll heal I’ll heal
不一樣的形狀 曾殘缺的地方 偏偏透出光
雖然心臟還在痛 但是心臟還在跳 讓我為它的傷口填上 金色的希望
默默踏出一步步 靜靜的一吸一呼 只要繼續 都會過去
Yes, it hurts, it hurts, it hurts But I’ll heal, I’ll heal Yes, I will
留言（ 56 ） 最相關留言 所有留言
留言（ 56 ）",2026-08-25,,Song of the Day; 編輯推薦,True,True,
2026-09-03 08:07:55,realtime,all,,,27,紙鳶 Seizer,查無此人,9,226,1,https://streetvoice.com/seizer_official/songs/876177/,https://streetvoice.com/seizer_official/,"https://akstatic.streetvoice.com/music_albums/se/iz/seizer_official/N2aTYNoA3NBNhQWwfjgotd.jpeg?x-oss-process=image/resize,m_fixed,h_1,w_1,limit_0/resize,m_fixed,h_630,w_1200,limit_0/watermark,image_bXVzaWNfYWxidW1zL3NlL2l6L3NlaXplcl9vZmZpY2lhbC9OMmFUWU5vQTNOQk5oUVd3Zmpnb3RkLmpwZWc_eC1vc3MtcHJvY2Vzcz1pbWFnZS9yZXNpemUsbV9maXhlZCxoXzM0NCx3XzM0NCxsaW1pdF8w,g_nw,x_428,y_143/watermark,image_YXNzZXQvaW1hZ2VzL21ldGFpbWFnZS1zb25nLnBuZw,g_nw,x_0,y_0",images/876177.jpeg,@seizer_official,音樂人,台中市,2024-08-01,2024-09-10 20:11,10,1262,,,https://www.instagram.com/seizer.com.tw/,https://www.youtube.com/user/StreetVoiceTV,紙鳶首登泰國Monster Music Festival 回歸宣布新專輯《缺頁的名冊》即將發行|||https://blow.streetvoice.com/89229/?utm_source=streetvoice&utm_medium=profile-news-block; 北流「Open Lab人才培育計畫」五週年成果亮眼 媒合紙鳶登泰國音樂節|||https://blow.streetvoice.com/88857/?utm_source=streetvoice&utm_medium=profile-news-block; 紙鳶聯手羊米人推出首支台語單曲〈六月的雨縫〉為9月新專輯暖身|||https://blow.streetvoice.com/88034/?utm_source=streetvoice&utm_medium=profile-news-block,,Folk,缺頁的名冊,https://streetvoice.com/seizer_official/songs/album/97325949/,,"詞 Lyrics｜仁杰 曲 Composer｜仁杰 編曲 Arrangement｜紙鳶 Seizer 主唱 Vocal｜仁杰 和聲 Backing Vocal｜仁杰、蘇崇祐 Kay 木吉他 Acoustic Guitar｜蘇崇祐 Kay 貝斯 Bass｜呂建亨 Henry 鼓組 Drum｜王秉宸 Daniel 鍵盤與合成器 Keyboards & Synth Design｜楊博皓 Seal 製作人 Producer｜楊博皓 Seal 鼓組錄音室 Drum Recording Studio｜+x studio 鼓組錄音師 Drum Recording Engineer｜張家誠 Chia Chen Chang 鼓技師 Drum Technician｜莊開旭 Cash Chuang 人聲錄音室 Vocal Recording Studio｜秉乾工作室 人聲配唱 Vocal Producer｜蘇崇祐 Kay 和聲編寫 Backing Vocal Arrangement｜楊博皓 Seal、仁杰、蘇崇祐 Kay 錄音師 Recording Engineer｜楊博皓 Seal 混音師 Mixing Engineer｜張家誠 Chia Chen Chang 母帶後期製作 Mastering Engineer｜張家誠 Chia Chen Chang 
詞 Lyrics｜仁杰 曲 Composer｜仁杰 編曲 Arrangement｜紙鳶 Seizer
主唱 Vocal｜仁杰 和聲 Backing Vocal｜仁杰、蘇崇祐 Kay 木吉他 Acoustic Guitar｜蘇崇祐 Kay 貝斯 Bass｜呂建亨 Henry 鼓組 Drum｜王秉宸 Daniel 鍵盤與合成器 Keyboards & Synth Design｜楊博皓 Seal
製作人 Producer｜楊博皓 Seal 鼓組錄音室 Drum Recording Studio｜+x studio 鼓組錄音師 Drum Recording Engineer｜張家誠 Chia Chen Chang 鼓技師 Drum Technician｜莊開旭 Cash Chuang 人聲錄音室 Vocal Recording Studio｜秉乾工作室 人聲配唱 Vocal Producer｜蘇崇祐 Kay 和聲編寫 Backing Vocal Arrangement｜楊博皓 Seal、仁杰、蘇崇祐 Kay 錄音師 Recording Engineer｜楊博皓 Seal
混音師 Mixing Engineer｜張家誠 Chia Chen Chang 母帶後期製作 Mastering Engineer｜張家誠 Chia Chen Chang","枯萎的心下了場永不停歇的傾盆大雨 絕望的 注視著無法 挽回的事態愣著神 是否有人能找到 她隱藏的悲傷 不安的過往 卻只留下靈魂破碎前的求救跡象 在沈默的夜裡 空蕩的房間裡 你我的名字 終將消散在日常 這世界依然上演同樣的戲碼 在不見天日的夜裡 還等著 窗透進來的光 但也許不會有結局 也許都不會有解答 未到來的真理 被淹沒在喧囂的聲浪裡 原本美好的憧憬 為何靜默在這裡 無法安息 又有誰 會惋惜 又有誰 會在意 
枯萎的心下了場永不停歇的傾盆大雨 絕望的 注視著無法 挽回的事態愣著神 是否有人能找到 她隱藏的悲傷 不安的過往 卻只留下靈魂破碎前的求救跡象
在沈默的夜裡 空蕩的房間裡
你我的名字 終將消散在日常 這世界依然上演同樣的戲碼 在不見天日的夜裡 還等著 窗透進來的光 但也許不會有結局 也許都不會有解答
未到來的真理 被淹沒在喧囂的聲浪裡 原本美好的憧憬 為何靜默在這裡 無法安息
又有誰 會惋惜 又有誰 會在意
留言（ 1 ） 最相關留言 所有留言
留言（ 1 ）",2026-09-03,,,False,False,
2026-09-03 08:07:55,realtime,all,,,28,AuZTIN,怎說？(demo),148,32809,84,https://streetvoice.com/summer_bush_wns/songs/875477/,https://streetvoice.com/summer_bush_wns/,"https://akstatic.streetvoice.com/song_covers/su/mm/summer_bush_wns/njQYwPArm5Qfh45hTjvtsb.jpeg?x-oss-process=image/resize,m_fixed,h_1,w_1,limit_0/resize,m_fixed,h_630,w_1200,limit_0/watermark,image_c29uZ19jb3ZlcnMvc3UvbW0vc3VtbWVyX2J1c2hfd25zL25qUVl3UEFybTVRZmg0NWhUanZ0c2IuanBlZz94LW9zcy1wcm9jZXNzPWltYWdlL3Jlc2l6ZSxtX2ZpeGVkLGhfMzQ0LHdfMzQ0LGxpbWl0XzA,g_nw,x_428,y_143/watermark,image_YXNzZXQvaW1hZ2VzL21ldGFpbWFnZS1zb25nLnBuZw,g_nw,x_0,y_0",images/875477.jpeg,@summer_bush_wns,音樂人,新北市,2022-05-01,,5,3510,1,,,https://www.youtube.com/user/StreetVoiceTV,第三屆「街聲年度音樂趨勢大獎」盛大登場！李竺芯：「街聲見證了我，金曲獎前面這些大家看不到的歷程！」|||https://blow.streetvoice.com/85903/?utm_source=streetvoice&utm_medium=profile-news-block; 第二屆「街聲年度音樂趨勢大獎」擴大規模舉辦！邀張震嶽、熊仔、國國、鄭宜農擔任頒獎嘉賓|||https://blow.streetvoice.com/78673/?utm_source=streetvoice&utm_medium=profile-news-block; 金曲、金音前哨站，第二屆「𝙎𝙩𝙧𝙚𝙚𝙩𝙑𝙤𝙞𝙘𝙚 𝘼𝙬𝙖𝙧𝙙𝙨 街聲年度音樂趨勢大獎」公布全名單|||https://blow.streetvoice.com/78557/?utm_source=streetvoice&utm_medium=profile-news-block,,Pop,,,,"我們重來過，你怎麼說？ 
我們重來過，你怎麼說？","我們重來過 怎怎怎 怎麼說 就當這場雨 躲躲躲 了過頭 再讓我陪你 走走走 了好久 只要你能夠 夠等我 我振作 你怎麼說 我坐在六月的北極圈盼著落日 麻痹的雙手再接不住你的心事 看著迷路的訊息有多諷刺 在受傷的同時算著傷了你幾次 現在的你會不會怪我太慢懂事 又傷了自己能不能來罵我幼稚 我接受忽視接手沒你的城市 卻再固執再無知地期待童話結局被收拾 有些話我們不該說 有些承諾讓你等了太久 若我放棄了執著 你別放棄溫柔 能不能把傷鎖在角落 如果我們重來過 怎怎怎 怎麼說 就當作一切 都都沒發生過 就算要時間過過過了好久 只要你能夠 夠等我 我振作 我們重來過 怎怎怎 怎麼說 就當這場雨 躲躲躲 了過頭 再讓我陪你 走走走 了好久 答應你能夠 夠等我 我振作 你怎麼說 
我們重來過 怎怎怎 怎麼說 就當這場雨 躲躲躲 了過頭 再讓我陪你 走走走 了好久 只要你能夠 夠等我 我振作 你怎麼說
我坐在六月的北極圈盼著落日 麻痹的雙手再接不住你的心事 看著迷路的訊息有多諷刺 在受傷的同時算著傷了你幾次 現在的你會不會怪我太慢懂事 又傷了自己能不能來罵我幼稚 我接受忽視接手沒你的城市 卻再固執再無知地期待童話結局被收拾
有些話我們不該說 有些承諾讓你等了太久 若我放棄了執著 你別放棄溫柔 能不能把傷鎖在角落
如果我們重來過 怎怎怎 怎麼說 就當作一切 都都沒發生過 就算要時間過過過了好久 只要你能夠 夠等我 我振作
我們重來過 怎怎怎 怎麼說 就當這場雨 躲躲躲 了過頭 再讓我陪你 走走走 了好久 答應你能夠 夠等我 我振作 你怎麼說
留言（ 84 ） 最相關留言 所有留言
留言（ 84 ）",2026-08-19,,週排行冠軍; 編輯推薦,True,False,
2026-09-03 08:07:55,realtime,all,,,29,紙鳶 Seizer,矯,8,211,0,https://streetvoice.com/seizer_official/songs/876186/,https://streetvoice.com/seizer_official/,"https://akstatic.streetvoice.com/music_albums/se/iz/seizer_official/N2aTYNoA3NBNhQWwfjgotd.jpeg?x-oss-process=image/resize,m_fixed,h_1,w_1,limit_0/resize,m_fixed,h_630,w_1200,limit_0/watermark,image_bXVzaWNfYWxidW1zL3NlL2l6L3NlaXplcl9vZmZpY2lhbC9OMmFUWU5vQTNOQk5oUVd3Zmpnb3RkLmpwZWc_eC1vc3MtcHJvY2Vzcz1pbWFnZS9yZXNpemUsbV9maXhlZCxoXzM0NCx3XzM0NCxsaW1pdF8w,g_nw,x_428,y_143/watermark,image_YXNzZXQvaW1hZ2VzL21ldGFpbWFnZS1zb25nLnBuZw,g_nw,x_0,y_0",images/876186.jpeg,@seizer_official,音樂人,台中市,2024-08-01,2024-09-10 20:11,10,1262,,,https://www.instagram.com/seizer.com.tw/,https://www.youtube.com/user/StreetVoiceTV,紙鳶首登泰國Monster Music Festival 回歸宣布新專輯《缺頁的名冊》即將發行|||https://blow.streetvoice.com/89229/?utm_source=streetvoice&utm_medium=profile-news-block; 北流「Open Lab人才培育計畫」五週年成果亮眼 媒合紙鳶登泰國音樂節|||https://blow.streetvoice.com/88857/?utm_source=streetvoice&utm_medium=profile-news-block; 紙鳶聯手羊米人推出首支台語單曲〈六月的雨縫〉為9月新專輯暖身|||https://blow.streetvoice.com/88034/?utm_source=streetvoice&utm_medium=profile-news-block,,Alternative,缺頁的名冊,https://streetvoice.com/seizer_official/songs/album/97325949/,,"詞 Lyrics｜仁杰 曲 Composer｜仁杰 編曲 Arrangement｜紙鳶 Seizer 主唱 Vocal｜仁杰 和聲 Backing Vocal｜黃夏蘿 SUKINO、仁杰、蘇崇祐 Kay 電吉他 Electric Guitar｜楊博皓 Seal 貝斯 Bass｜呂建亨 Henry 鼓組 Drum｜王秉宸 Daniel 鍵盤與合成器 ｜Keyboards & Synth Design｜楊博皓 Seal 製作人 Producer｜楊博皓 Seal 鼓組錄音室 Drum Recording Studio｜秉乾工作室 鼓組錄音師 Drum Recording Engineer｜張家誠 Chia Chen Chang 鼓技師 Drum Technician｜莊開旭 Cash Chuang 人聲錄音室 Vocal Recording Studio｜RecoverStudio 人聲配唱 Vocal Producer｜蘇崇祐 Kay 和聲編寫 Backing Vocal Arrangement｜黃夏蘿 SUKINO、仁杰、蘇崇祐 Kay 錄音師 Recording Engineer｜楊博皓 Seal 混音師 Mixing Engineer｜張家誠 Chia Chen Chang 母帶後期製作 Mastering Engineer｜張家誠 Chia Chen Chang 
詞 Lyrics｜仁杰 曲 Composer｜仁杰 編曲 Arrangement｜紙鳶 Seizer
主唱 Vocal｜仁杰 和聲 Backing Vocal｜黃夏蘿 SUKINO、仁杰、蘇崇祐 Kay 電吉他 Electric Guitar｜楊博皓 Seal 貝斯 Bass｜呂建亨 Henry 鼓組 Drum｜王秉宸 Daniel 鍵盤與合成器 ｜Keyboards & Synth Design｜楊博皓 Seal
製作人 Producer｜楊博皓 Seal 鼓組錄音室 Drum Recording Studio｜秉乾工作室 鼓組錄音師 Drum Recording Engineer｜張家誠 Chia Chen Chang 鼓技師 Drum Technician｜莊開旭 Cash Chuang 人聲錄音室 Vocal Recording Studio｜RecoverStudio 人聲配唱 Vocal Producer｜蘇崇祐 Kay 和聲編寫 Backing Vocal Arrangement｜黃夏蘿 SUKINO、仁杰、蘇崇祐 Kay 錄音師 Recording Engineer｜楊博皓 Seal
混音師 Mixing Engineer｜張家誠 Chia Chen Chang 母帶後期製作 Mastering Engineer｜張家誠 Chia Chen Chang","我唱著前人道盡的哀愁 讓人錯覺我好像經歷過 感受著未曾發生的苦痛 用美麗的謊言包裝醜陋 我唱著眾人喜愛的情歌 讓人錯覺我好像深愛過 重複著千篇一律的架構 卻還是流著淚感同身受 我撕心裂肺地唱著　你都聽過的感受 廉價的感動連我都無地自容 我用盡全力地唱著　無人聽聞的內容 曲終人散去 衷心感謝你膚淺的包容 不用在意我想傳達什麼 只要能讓你愛上這節奏 我還是願意接受這荒謬 諷刺的是 你根本也不想懂 我撕心裂肺地唱著　你都聽過的感受 廉價的感動連我都無地自容 我用盡全力地唱著　無人聽聞的內容 曲終人散去 衷心感謝你膚淺的包容 
我唱著前人道盡的哀愁 讓人錯覺我好像經歷過 感受著未曾發生的苦痛 用美麗的謊言包裝醜陋
我唱著眾人喜愛的情歌 讓人錯覺我好像深愛過 重複著千篇一律的架構 卻還是流著淚感同身受
我撕心裂肺地唱著　你都聽過的感受 廉價的感動連我都無地自容 我用盡全力地唱著　無人聽聞的內容 曲終人散去 衷心感謝你膚淺的包容
不用在意我想傳達什麼 只要能讓你愛上這節奏 我還是願意接受這荒謬 諷刺的是 你根本也不想懂
我撕心裂肺地唱著　你都聽過的感受 廉價的感動連我都無地自容 我用盡全力地唱著　無人聽聞的內容 曲終人散去 衷心感謝你膚淺的包容
留言（ 0 ） 最相關留言 所有留言
留言（ 0 ）",2026-09-03,,,False,False,
2026-09-03 08:07:55,realtime,all,,,30,还是当个糕手最自在,初春,3,25,3,https://streetvoice.com/LimZheYu/songs/877524/,https://streetvoice.com/LimZheYu/,"https://akstatic.streetvoice.com/song_covers/Li/mZ/LimZheYu/brT3oMP2ueGEWfyKTac8xX.jpg?x-oss-process=image/resize,m_fixed,h_1,w_1,limit_0/resize,m_fixed,h_630,w_1200,limit_0/watermark,image_c29uZ19jb3ZlcnMvTGkvbVovTGltWmhlWXUvYnJUM29NUDJ1ZUdFV2Z5S1RhYzh4WC5qcGc_eC1vc3MtcHJvY2Vzcz1pbWFnZS9yZXNpemUsbV9maXhlZCxoXzM0NCx3XzM0NCxsaW1pdF8w,g_nw,x_428,y_143/watermark,image_YXNzZXQvaW1hZ2VzL21ldGFpbWFnZS1zb25nLnBuZw,g_nw,x_0,y_0",images/877524.jpg,@LimZheYu,音樂人,,,,1,8,1,,,https://www.youtube.com/user/StreetVoiceTV,,,Jazz,,,,,"橘色 斜阳 轻轻 映着南方 初春 的 初尝 爱 如花 随风绽放 橘色 斜阳 暖暖 照着我俩 九霄 多高 这银河 多长 爱人 心里占多少两 龙华湾 未开 的念想 一瓣瓣 守候 的余香 梦一片 花乡 谱一曲 思量 待秋 捎一丝 漫长 随梦 随浪 一生 随爱 的眺望 等待 某张 牵挂 半生 的脸庞 原来有种浪漫 叫悲伤 越陈旧 越甜 越刺痒 守着空荡心房 直到凝了白发 才看见 无人的远方 橘色 斜阳 轻轻 映着过往 时间 飞向 落雪的 南洋 能否 看清爱人 模样 用字句 晕开 的念想 一句句 被堆砌 的想象 想沐浴 月光 想拥抱 春光 想你 能在我 身旁 随梦 随浪 一生 随爱 的眺望 等待 某张 牵挂 半生 的脸庞 原来有种浪漫 叫悲伤 越陈旧 越甜 越刺痒 守着空荡心房 直到凝了白发 才发现 原来这远方 橘色 斜阳 缓缓 阖上 
橘色 斜阳 轻轻 映着南方 初春 的 初尝 爱 如花 随风绽放 橘色 斜阳 暖暖 照着我俩 九霄 多高 这银河 多长 爱人 心里占多少两
龙华湾 未开 的念想 一瓣瓣 守候 的余香 梦一片 花乡 谱一曲 思量 待秋 捎一丝 漫长
随梦 随浪 一生 随爱 的眺望 等待 某张 牵挂 半生 的脸庞 原来有种浪漫 叫悲伤 越陈旧 越甜 越刺痒 守着空荡心房 直到凝了白发 才看见 无人的远方
橘色 斜阳 轻轻 映着过往 时间 飞向 落雪的 南洋 能否 看清爱人 模样
用字句 晕开 的念想 一句句 被堆砌 的想象 想沐浴 月光 想拥抱 春光 想你 能在我 身旁
随梦 随浪 一生 随爱 的眺望 等待 某张 牵挂 半生 的脸庞 原来有种浪漫 叫悲伤 越陈旧 越甜 越刺痒 守着空荡心房 直到凝了白发 才发现 原来这远方
橘色 斜阳 缓缓 阖上
留言（ 3 ） 最相關留言 所有留言
留言（ 3 ）",2026-09-02,,,False,False,
2026-09-03 08:07:55,realtime,all,,,31,紙鳶 Seizer,星雲飄蕩,8,161,0,https://streetvoice.com/seizer_official/songs/876187/,https://streetvoice.com/seizer_official/,"https://akstatic.streetvoice.com/music_albums/se/iz/seizer_official/N2aTYNoA3NBNhQWwfjgotd.jpeg?x-oss-process=image/resize,m_fixed,h_1,w_1,limit_0/resize,m_fixed,h_630,w_1200,limit_0/watermark,image_bXVzaWNfYWxidW1zL3NlL2l6L3NlaXplcl9vZmZpY2lhbC9OMmFUWU5vQTNOQk5oUVd3Zmpnb3RkLmpwZWc_eC1vc3MtcHJvY2Vzcz1pbWFnZS9yZXNpemUsbV9maXhlZCxoXzM0NCx3XzM0NCxsaW1pdF8w,g_nw,x_428,y_143/watermark,image_YXNzZXQvaW1hZ2VzL21ldGFpbWFnZS1zb25nLnBuZw,g_nw,x_0,y_0",images/876187.jpeg,@seizer_official,音樂人,台中市,2024-08-01,2024-09-10 20:11,10,1262,,,https://www.instagram.com/seizer.com.tw/,https://www.youtube.com/user/StreetVoiceTV,紙鳶首登泰國Monster Music Festival 回歸宣布新專輯《缺頁的名冊》即將發行|||https://blow.streetvoice.com/89229/?utm_source=streetvoice&utm_medium=profile-news-block; 北流「Open Lab人才培育計畫」五週年成果亮眼 媒合紙鳶登泰國音樂節|||https://blow.streetvoice.com/88857/?utm_source=streetvoice&utm_medium=profile-news-block; 紙鳶聯手羊米人推出首支台語單曲〈六月的雨縫〉為9月新專輯暖身|||https://blow.streetvoice.com/88034/?utm_source=streetvoice&utm_medium=profile-news-block,,Rock,缺頁的名冊,https://streetvoice.com/seizer_official/songs/album/97325949/,,"詞 Lyrics｜蘇崇祐 Kay 曲 Composer｜蘇崇祐 Kay 編曲 Arrangement｜紙鳶 Seizer 演唱 Vocal｜蘇崇祐 Kay、仁杰 和聲 Backing Vocal｜蘇崇祐 Kay、仁杰 木吉他 Acoustic Guitar｜蘇崇祐 Kay 電吉他 Electric Guitar｜楊博皓 Seal 電吉他協力編曲｜莊瑞翔 Zen 貝斯 Bass｜呂建亨 Henry 鼓組 Drum｜王秉宸 Daniel 製作人 Producer｜楊博皓 Seal 配唱製作人 Vocal Producer｜蘇崇祐 Kay、楊博皓 Seal 鼓組錄音室 Drum Recording Studio｜秉乾工作室 和聲 Backing Vocal｜仁杰、蘇崇祐 Kay 和聲編寫 Backing Vocal Arrangement｜仁杰、蘇崇祐 Kay 錄音室 Recording Studio｜失眠招待所 Insomnia Hotel Studio 錄音師 Recording Engineer｜楊博皓 Seal 混音師 Mixing Engineer｜楊博皓 Seal 母帶後期製作 Stem Mastering｜張家誠 Chia Chen Chang 
詞 Lyrics｜蘇崇祐 Kay 曲 Composer｜蘇崇祐 Kay 編曲 Arrangement｜紙鳶 Seizer
演唱 Vocal｜蘇崇祐 Kay、仁杰 和聲 Backing Vocal｜蘇崇祐 Kay、仁杰 木吉他 Acoustic Guitar｜蘇崇祐 Kay 電吉他 Electric Guitar｜楊博皓 Seal 電吉他協力編曲｜莊瑞翔 Zen 貝斯 Bass｜呂建亨 Henry 鼓組 Drum｜王秉宸 Daniel
製作人 Producer｜楊博皓 Seal 配唱製作人 Vocal Producer｜蘇崇祐 Kay、楊博皓 Seal 鼓組錄音室 Drum Recording Studio｜秉乾工作室 和聲 Backing Vocal｜仁杰、蘇崇祐 Kay 和聲編寫 Backing Vocal Arrangement｜仁杰、蘇崇祐 Kay 錄音室 Recording Studio｜失眠招待所 Insomnia Hotel Studio 錄音師 Recording Engineer｜楊博皓 Seal
混音師 Mixing Engineer｜楊博皓 Seal 母帶後期製作 Stem Mastering｜張家誠 Chia Chen Chang","星與月亮 懵懂無知也徬徨 星雲飄蕩 我會在黑暗中照亮 在落日餘暉之後 都市喧囂　山林的芬芳 擁抱你的傷 即使摸不著我的模樣 我們在夜晚度過一個人的時間 我們在日夜更迭時享受黑夜與白天 疲憊的身軀靠著一個人的夜 其實被愛著只是你看不見 星與月亮 懵懂無知也徬徨 星雲飄蕩 我會在黑暗中照亮 在落日餘暉之後 都市喧囂　山林的芬芳 擁抱你的傷 即使摸不著我的模樣 我們在夜晚度過一個人的時間 我們在日夜更迭時享受黑夜與白天 疲憊的身軀靠著一個人的夜 其實被愛著只是你看不見 
星與月亮 懵懂無知也徬徨 星雲飄蕩 我會在黑暗中照亮
在落日餘暉之後 都市喧囂　山林的芬芳 擁抱你的傷 即使摸不著我的模樣
我們在夜晚度過一個人的時間 我們在日夜更迭時享受黑夜與白天 疲憊的身軀靠著一個人的夜 其實被愛著只是你看不見
星與月亮 懵懂無知也徬徨 星雲飄蕩 我會在黑暗中照亮
在落日餘暉之後 都市喧囂　山林的芬芳 擁抱你的傷 即使摸不著我的模樣
我們在夜晚度過一個人的時間 我們在日夜更迭時享受黑夜與白天 疲憊的身軀靠著一個人的夜 其實被愛著只是你看不見
留言（ 0 ） 最相關留言 所有留言
留言（ 0 ）",2026-09-03,,,False,False,
2026-09-03 08:07:55,realtime,all,,,32,MORE BE US,退潮,183,16090,12,https://streetvoice.com/morebeus_official/songs/874196/,https://streetvoice.com/morebeus_official/,"https://akstatic.streetvoice.com/song_covers/mo/re/morebeus_official/4Cc95H92v5bbYN2uCsnkju.jpeg?x-oss-process=image/resize,m_fixed,h_1,w_1,limit_0/resize,m_fixed,h_630,w_1200,limit_0/watermark,image_c29uZ19jb3ZlcnMvbW8vcmUvbW9yZWJldXNfb2ZmaWNpYWwvNENjOTVIOTJ2NWJiWU4ydUNzbmtqdS5qcGVnP3gtb3NzLXByb2Nlc3M9aW1hZ2UvcmVzaXplLG1fZml4ZWQsaF8zNDQsd18zNDQsbGltaXRfMA,g_nw,x_428,y_143/watermark,image_YXNzZXQvaW1hZ2VzL21ldGFpbWFnZS1zb25nLnBuZw,g_nw,x_0,y_0",images/874196.jpeg,@morebeus_official,音樂人,台灣,2025-12-01,2026-02-12 09:57,5,647,3,,https://www.instagram.com/morebeus_official/,https://www.youtube.com/@morebeus_official,「秋OUT音樂節」海外陣容驚喜加碼！日本樂團礼賛、東京製作鬼才VIDEOTAPEMUSIC、蒙古樂團NaraBara參戰|||https://blow.streetvoice.com/82661/?utm_source=streetvoice&utm_medium=profile-news-block; 2025大港開唱再公布20組陣容！黃大謙與I Mean Us合作，獻上首次音樂祭演出|||https://blow.streetvoice.com/78923/?utm_source=streetvoice&utm_medium=profile-news-block; 2024浪人祭推出全新海外陣容：西班牙文青女聲Russian Red再次訪台，kanekoayano、Science Noodles接力開唱|||https://blow.streetvoice.com/76097/?utm_source=streetvoice&utm_medium=profile-news-block,,Rock,,,,"站在沙灘上，你很難只憑一道浪，就判斷海是在漲潮還是退潮。浪花一次次漫過雙腳，又退回海裡，順勢帶走腳下幾粒沙。 退潮從不是一次帶走所有，而是在一次又一次的浪裡，無聲地讓一些東西悄悄離開。有些人的離開，也是如此。等你終於回過頭，那個曾經眼裡只有你的人，早已不在原地。 
站在沙灘上，你很難只憑一道浪，就判斷海是在漲潮還是退潮。浪花一次次漫過雙腳，又退回海裡，順勢帶走腳下幾粒沙。
退潮從不是一次帶走所有，而是在一次又一次的浪裡，無聲地讓一些東西悄悄離開。有些人的離開，也是如此。等你終於回過頭，那個曾經眼裡只有你的人，早已不在原地。","動態歌詞
風暖暖的沙灘上 靜悄悄的走在一起 好嗎 你多我一大截步伐 讓我一刻都不能停下 隨著你走 退潮帶走了我 無影無蹤 你可曾找尋過 那顆愛你的心 充滿你的眼睛 海水輕輕淹沒了 不知不覺的 風冷冷的 沙灘上 緊緊挨著走在一起 好嗎 別先走 我跟不上 你回頭 看看我 好不好嘛 好嗎 隨著你走 退潮帶走了我 無影無蹤 你可曾找尋過 那個執著著你 不是你就不行 海水輕輕淹沒了 無跡可循的 你走 別假裝在乎我 是我 讓真相如此赤裸 別找回我的心 別看向我眼睛 海水輕輕淹沒了 重重墜落的 我 
風暖暖的沙灘上 靜悄悄的走在一起 好嗎 你多我一大截步伐 讓我一刻都不能停下
隨著你走 退潮帶走了我 無影無蹤 你可曾找尋過 那顆愛你的心 充滿你的眼睛 海水輕輕淹沒了 不知不覺的
風冷冷的 沙灘上 緊緊挨著走在一起 好嗎 別先走 我跟不上 你回頭 看看我 好不好嘛 好嗎
隨著你走 退潮帶走了我 無影無蹤 你可曾找尋過 那個執著著你 不是你就不行 海水輕輕淹沒了 無跡可循的
你走 別假裝在乎我 是我 讓真相如此赤裸 別找回我的心 別看向我眼睛 海水輕輕淹沒了 重重墜落的 我
留言（ 12 ） 最相關留言 所有留言
留言（ 12 ）",2026-08-12,,Song of the Day; 週排行冠軍; 編輯推薦,True,True,
2026-09-03 08:07:55,realtime,all,,,33,沒有才能,二十五,21,971,9,https://streetvoice.com/anti_talent/songs/876006/,https://streetvoice.com/anti_talent/,"https://akstatic.streetvoice.com/song_covers/an/ti/anti_talent/7weRVH3PFb6WKcjGyaM9sF.jpeg?x-oss-process=image/resize,m_fixed,h_1,w_1,limit_0/resize,m_fixed,h_630,w_1200,limit_0/watermark,image_c29uZ19jb3ZlcnMvYW4vdGkvYW50aV90YWxlbnQvN3dlUlZIM1BGYjZXS2NqR3lhTTlzRi5qcGVnP3gtb3NzLXByb2Nlc3M9aW1hZ2UvcmVzaXplLG1fZml4ZWQsaF8zNDQsd18zNDQsbGltaXRfMA,g_nw,x_428,y_143/watermark,image_YXNzZXQvaW1hZ2VzL21ldGFpbWFnZS1zb25nLnBuZw,g_nw,x_0,y_0",images/876006.jpeg,@anti_talent,音樂人,花蓮縣,2019-03-01,2021-06-30 20:14,15,6412,24,https://www.facebook.com/profile.php?id=100057806991024,https://www.instagram.com/antitalentttt/,https://www.youtube.com/channel/UCioPM4PKLFaMaW7VTBXai_Q,金旋音樂節即將登場！力邀LAWA合體鄒序、楊子平攜手沒有才能等四組共演驚喜上陣|||https://blow.streetvoice.com/79258/?utm_source=streetvoice&utm_medium=profile-news-block; 從長頸鹿進化成人類！沒有才能推出首張專輯《我終於也變成人了》宣告正式轉大人|||https://blow.streetvoice.com/76073/?utm_source=streetvoice&utm_medium=profile-news-block; 新銳唱作人Everydaze擔任製作 沒有才能新歌〈此時此刻〉衝上街聲即時排行榜冠軍|||https://blow.streetvoice.com/75521/?utm_source=streetvoice&utm_medium=profile-news-block,,R&B / Soul,,,,"送給每一位面臨25歲半半生危機但仍繼續努力的人 從年少的心願變成眼前的生活，我們可以，我們做得到 Credit: 詞曲 Lyricist / Composer｜沒有才能 anti-talent 編曲 Arrangement ｜碩美 咪媽 Mixing&Mastering ｜碩美 
送給每一位面臨25歲半半生危機但仍繼續努力的人 從年少的心願變成眼前的生活，我們可以，我們做得到
Credit: 詞曲 Lyricist / Composer｜沒有才能 anti-talent 編曲 Arrangement ｜碩美 咪媽 Mixing&Mastering ｜碩美","不知不覺 就到了這門檻 不再無知 但將來怎麼辦 他們說 蹲的低才跳的高 他們說 敗不餒 勝不驕 以為長大會撥雲見日 還是怕丟臉 但至少有誠實 再給我點時間 我也會很特別 熟悉的空房間裡 壓抑著想念 再給我點信念 我也能走到那 夢裡見到的風景 我一定要親眼看見 嗚 轉眼25 前方的路依舊不清楚 手握畫筆繼續畫圖 它長得太抽象 不能預測方向 站遠仔細端詳 不由自主流下一滴淚 Keep your head up 即使會害怕 你為了看見那個景象付了代價 在冷嘲熱諷裡面你連滾帶爬 還是殺不掉你熱情因為那是愛啊 像陰鬱土壤內依舊會開花 像那個天才也曾被人當成呆瓜 難道你甘願永遠在台下拍嗎 去成為你想成為的 其他隨風吹吧 最開始的心願 也不是很特別 重複闖進深夜裡 渴望著明天 再給我點信念 我也能走到那 夢裡見到的風景 我一定要親眼看見 要看見 它實現 要看見 它實現 要看見 它實現 看見 它實現 再給我點時間 我也會很特別 熟悉的空房間裡 壓抑著想念 再給我點信念 我也能走到那 夢裡見到的風景 我一定要親眼看見 
不知不覺 就到了這門檻 不再無知 但將來怎麼辦 他們說 蹲的低才跳的高 他們說 敗不餒 勝不驕 以為長大會撥雲見日 還是怕丟臉 但至少有誠實
再給我點時間 我也會很特別 熟悉的空房間裡 壓抑著想念 再給我點信念 我也能走到那 夢裡見到的風景 我一定要親眼看見
嗚 轉眼25 前方的路依舊不清楚 手握畫筆繼續畫圖 它長得太抽象 不能預測方向 站遠仔細端詳 不由自主流下一滴淚
Keep your head up 即使會害怕 你為了看見那個景象付了代價 在冷嘲熱諷裡面你連滾帶爬 還是殺不掉你熱情因為那是愛啊 像陰鬱土壤內依舊會開花 像那個天才也曾被人當成呆瓜 難道你甘願永遠在台下拍嗎 去成為你想成為的 其他隨風吹吧
最開始的心願 也不是很特別 重複闖進深夜裡 渴望著明天 再給我點信念 我也能走到那 夢裡見到的風景 我一定要親眼看見
要看見 它實現 要看見 它實現 要看見 它實現 看見 它實現
再給我點時間 我也會很特別 熟悉的空房間裡 壓抑著想念 再給我點信念 我也能走到那 夢裡見到的風景 我一定要親眼看見
留言（ 9 ） 最相關留言 所有留言
留言（ 9 ）",2026-08-25,,編輯推薦,True,False,
2026-09-03 08:07:55,realtime,all,,,34,紙鳶 Seizer,平凡的一天 feat. 知更 John Stoniae,10,151,0,https://streetvoice.com/seizer_official/songs/876176/,https://streetvoice.com/seizer_official/,"https://akstatic.streetvoice.com/music_albums/se/iz/seizer_official/N2aTYNoA3NBNhQWwfjgotd.jpeg?x-oss-process=image/resize,m_fixed,h_1,w_1,limit_0/resize,m_fixed,h_630,w_1200,limit_0/watermark,image_bXVzaWNfYWxidW1zL3NlL2l6L3NlaXplcl9vZmZpY2lhbC9OMmFUWU5vQTNOQk5oUVd3Zmpnb3RkLmpwZWc_eC1vc3MtcHJvY2Vzcz1pbWFnZS9yZXNpemUsbV9maXhlZCxoXzM0NCx3XzM0NCxsaW1pdF8w,g_nw,x_428,y_143/watermark,image_YXNzZXQvaW1hZ2VzL21ldGFpbWFnZS1zb25nLnBuZw,g_nw,x_0,y_0",images/876176.jpeg,@seizer_official,音樂人,台中市,2024-08-01,2024-09-10 20:11,10,1262,,,https://www.instagram.com/seizer.com.tw/,https://www.youtube.com/user/StreetVoiceTV,紙鳶首登泰國Monster Music Festival 回歸宣布新專輯《缺頁的名冊》即將發行|||https://blow.streetvoice.com/89229/?utm_source=streetvoice&utm_medium=profile-news-block; 北流「Open Lab人才培育計畫」五週年成果亮眼 媒合紙鳶登泰國音樂節|||https://blow.streetvoice.com/88857/?utm_source=streetvoice&utm_medium=profile-news-block; 紙鳶聯手羊米人推出首支台語單曲〈六月的雨縫〉為9月新專輯暖身|||https://blow.streetvoice.com/88034/?utm_source=streetvoice&utm_medium=profile-news-block,,Rock,缺頁的名冊,https://streetvoice.com/seizer_official/songs/album/97325949/,,"詞 Lyricist｜仁杰 曲 Composer｜ 仁杰、蘇崇祐 Kay 編曲 Music Arranger｜紙鳶 Seizer、知更John Stoniae 演唱 Vocal｜仁杰、、知更John Stoniae、蘇崇祐 Kay 木吉他 Acoustic Guitar｜蘇崇祐 Kay 電吉他 Electric Guitar｜楊博皓 Seal、知更John Stoniae 貝斯 Bass｜呂建亨 Henry 鼓組 Drum｜王秉宸 Daniel 合成器 Synth｜楊博皓 Seal 製作人 Producer｜楊博皓 Seal 配唱製作 Vocal Producer｜知更John Stoniae、蘇崇祐 Kay 鼓組聲音設計& 技師 Drum Sound Design & Technician｜余璨宇 Yu Tsan Yu 和聲 Backing Vocal｜仁杰、蘇崇祐 Kay、知更John Stoniae 和聲編寫 Backing Vocal Arrangement｜仁杰、蘇崇祐 Kay、知更John Stoniae 弦樂編寫 Strings Arrangement｜Stefano Tiero 弦樂 Strings｜DoubleSharp Production 小提琴 Violin Section｜Claudia Roccon, Leonardo Lombardi, Isabella Mastroeni, Francesca Vanoncini 大提琴 Cello｜Jingbo Wang 錄音師 Recording Engineer｜楊昊 HAO Young、楊韜 TAO Young(Drum/AG/EG/BASS/Vocal) 、Federico Tiero（Strings) 錄音室 Recording Studio｜雲耀音樂 Ultimate Studio Inc、iCarus Studio（Strings) 聲音編輯 Editing Engineer｜楊昊 HAO Young、楊博皓 Seal 混音師 Mixing Engineer｜張家誠 Chia Chen Chang 母帶後期製作 Stem Mastering｜張家誠 Chia Chen Chang 
詞 Lyricist｜仁杰 曲 Composer｜ 仁杰、蘇崇祐 Kay 編曲 Music Arranger｜紙鳶 Seizer、知更John Stoniae
演唱 Vocal｜仁杰、、知更John Stoniae、蘇崇祐 Kay 木吉他 Acoustic Guitar｜蘇崇祐 Kay 電吉他 Electric Guitar｜楊博皓 Seal、知更John Stoniae 貝斯 Bass｜呂建亨 Henry 鼓組 Drum｜王秉宸 Daniel 合成器 Synth｜楊博皓 Seal
製作人 Producer｜楊博皓 Seal 配唱製作 Vocal Producer｜知更John Stoniae、蘇崇祐 Kay 鼓組聲音設計& 技師 Drum Sound Design & Technician｜余璨宇 Yu Tsan Yu 和聲 Backing Vocal｜仁杰、蘇崇祐 Kay、知更John Stoniae 和聲編寫 Backing Vocal Arrangement｜仁杰、蘇崇祐 Kay、知更John Stoniae 弦樂編寫 Strings Arrangement｜Stefano Tiero 弦樂 Strings｜DoubleSharp Production 小提琴 Violin Section｜Claudia Roccon, Leonardo Lombardi, Isabella Mastroeni, Francesca Vanoncini 大提琴 Cello｜Jingbo Wang
錄音師 Recording Engineer｜楊昊 HAO Young、楊韜 TAO Young(Drum/AG/EG/BASS/Vocal) 、Federico Tiero（Strings) 錄音室 Recording Studio｜雲耀音樂 Ultimate Studio Inc、iCarus Studio（Strings) 聲音編輯 Editing Engineer｜楊昊 HAO Young、楊博皓 Seal
混音師 Mixing Engineer｜張家誠 Chia Chen Chang 母帶後期製作 Stem Mastering｜張家誠 Chia Chen Chang","活在永遠無法抹滅的陰影 與痛苦並行的人們 至多就是報導上的一瞥 而我過著再平凡不過的一天 我望著電視裡罹難的一切 與我而言那悲傷只有片刻銘心 日曆上用鮮血換來的紀念 對你我來說 都只是 平凡不過的一天 感受不到分秒的消逝 是還未發生足以窒息的苦難 還是為了等到那天的到來 繼續過著再平凡不過的一天 我望著電視裡罹難的一切 與我而言那悲傷只有片刻銘心 日曆上用鮮血換來的紀念 對你我來說 都只是 平凡不過的 
活在永遠無法抹滅的陰影 與痛苦並行的人們 至多就是報導上的一瞥 而我過著再平凡不過的一天
我望著電視裡罹難的一切 與我而言那悲傷只有片刻銘心 日曆上用鮮血換來的紀念 對你我來說 都只是 平凡不過的一天
感受不到分秒的消逝 是還未發生足以窒息的苦難 還是為了等到那天的到來 繼續過著再平凡不過的一天
我望著電視裡罹難的一切 與我而言那悲傷只有片刻銘心 日曆上用鮮血換來的紀念 對你我來說 都只是 平凡不過的
留言（ 0 ） 最相關留言 所有留言
留言（ 0 ）",2026-09-03,,,False,False,
2026-09-03 08:07:55,realtime,all,,,35,croissantiess（怡保培南國民型華文中學）,就让风带走吧,5,449,1,https://streetvoice.com/pppaco/songs/877589/,https://streetvoice.com/pppaco/,"https://akstatic.streetvoice.com/song_covers/pp/pa/pppaco/YWmrLFhtMDCDDzMEHuqSZp.jpeg?x-oss-process=image/resize,m_fixed,h_1,w_1,limit_0/resize,m_fixed,h_630,w_1200,limit_0/watermark,image_c29uZ19jb3ZlcnMvcHAvcGEvcHBwYWNvL1lXbXJMRmh0TURDRER6TUVIdXFTWnAuanBlZz94LW9zcy1wcm9jZXNzPWltYWdlL3Jlc2l6ZSxtX2ZpeGVkLGhfMzQ0LHdfMzQ0LGxpbWl0XzA,g_nw,x_428,y_143/watermark,image_YXNzZXQvaW1hZ2VzL21ldGFpbWFnZS1zb25nLnBuZw,g_nw,x_0,y_0",images/877589.jpeg,@pppaco,音樂人,,,,1,1,1,,,https://www.youtube.com/user/StreetVoiceTV,,,Pop,,,,"願你在另一個世界永遠開心健康，無病無痛，無憂無慮 永念 • 230806 
願你在另一個世界永遠開心健康，無病無痛，無憂無慮
永念 • 230806","《就讓風帶走吧》 詞/曲/編：陳柏浩 Paco 夢里常有與你的回憶浮現 常常害怕與你的點滴變落葉 眼淚頻繁出現 上演對你思念 沒有所謂永遠 也沒所謂告別 你的出現或許屬於另一個世界 我們不該自告奮勇嘗試去搶先 我們的過去出現在平行的交叉線 未存在的一些 童話的故事線 啊 拜託別食言 啊 我會永遠牽掛 啊 眼淚在你臉頰 就讓你先到達 另一個家 就讓風帶走你的痛吧 讓世間淨化你的健康 在另一個世界 是無痛的世界 沒關係 我會永遠牽掛 世界太殘酷 我們只能兵分兩路 你說過不許哭 可我還是忍不住哭 你就這樣停留在中途 你知道嗎 我們都很想念你啊 啊 拜託別食言 啊 我會永遠牽掛 啊 眼淚在你臉頰 你知道嗎 我們都很想念你啊 就讓風帶走你的痛吧 讓世間淨化你的健康 在另一個世界 是無痛的世界 沒關係 我會永遠牽掛 
《就讓風帶走吧》 詞/曲/編：陳柏浩 Paco
夢里常有與你的回憶浮現 常常害怕與你的點滴變落葉
眼淚頻繁出現 上演對你思念 沒有所謂永遠 也沒所謂告別
你的出現或許屬於另一個世界 我們不該自告奮勇嘗試去搶先 我們的過去出現在平行的交叉線 未存在的一些 童話的故事線
啊 拜託別食言 啊 我會永遠牽掛 啊 眼淚在你臉頰 就讓你先到達 另一個家
就讓風帶走你的痛吧 讓世間淨化你的健康 在另一個世界 是無痛的世界 沒關係 我會永遠牽掛
世界太殘酷 我們只能兵分兩路 你說過不許哭 可我還是忍不住哭 你就這樣停留在中途 你知道嗎 我們都很想念你啊
啊 拜託別食言 啊 我會永遠牽掛 啊 眼淚在你臉頰 你知道嗎 我們都很想念你啊
就讓風帶走你的痛吧 讓世間淨化你的健康 在另一個世界 是無痛的世界 沒關係 我會永遠牽掛
留言（ 1 ） 最相關留言 所有留言
留言（ 1 ）",2026-09-02,,,False,False,
2026-09-03 08:07:55,realtime,all,,,36,第零纬度（宽容中学古来分校）,flee,14,86,0,https://streetvoice.com/wong_hao_yuan/songs/877508/,https://streetvoice.com/wong_hao_yuan/,"https://akstatic.streetvoice.com/song_covers/wo/ng/wong_hao_yuan/7qNGUmZACjccduomhuDNXd.jpg?x-oss-process=image/resize,m_fixed,h_1,w_1,limit_0/resize,m_fixed,h_630,w_1200,limit_0/watermark,image_c29uZ19jb3ZlcnMvd28vbmcvd29uZ19oYW9feXVhbi83cU5HVW1aQUNqY2NkdW9taHVETlhkLmpwZz94LW9zcy1wcm9jZXNzPWltYWdlL3Jlc2l6ZSxtX2ZpeGVkLGhfMzQ0LHdfMzQ0LGxpbWl0XzA,g_nw,x_428,y_143/watermark,image_YXNzZXQvaW1hZ2VzL21ldGFpbWFnZS1zb25nLnBuZw,g_nw,x_0,y_0",images/877508.jpg,@wong_hao_yuan,音樂人,,,,1,5,9,,,https://www.youtube.com/user/StreetVoiceTV,,,Alternative,,,,"作词：黄皓原/张瑜恩 作曲：黄皓原 这首歌描述了一段我被困在情绪低谷的时期，内心的挣扎和想法。“我想逃出去”这个想法不断出现，我试图改变现状，但是我发现我会越陷越深，因为我改变不了什么，最后渐渐习惯了这样的生活。而这首《flee》，既是理想，亦是空想 
作词：黄皓原/张瑜恩 作曲：黄皓原
这首歌描述了一段我被困在情绪低谷的时期，内心的挣扎和想法。“我想逃出去”这个想法不断出现，我试图改变现状，但是我发现我会越陷越深，因为我改变不了什么，最后渐渐习惯了这样的生活。而这首《flee》，既是理想，亦是空想","灰白的世界 被什么淹没 染上看不见 的红 窒息的感觉 我无力逃脱 疼痛似乎却 迷了路 我是否应该 为牠指路 我是否应该 为此而感到痛苦 或许我应该 不去想太多 听见了 刺耳的 破碎了 烛灭了 该醒了 缓缓地 蹲下身 呼吸仍继续着 i trapped in my own maze i trapped in my own world alone i trapped in my own maze i trapped in my own world alone i trapped in my own maze i trapped in my own world alone 杯子快满了 我却没意识到 滚烫的热水不小心溢出 烫伤了手 随之 掉落 破碎 或许这是一种解脱 然而此刻的我却无比空洞 迎面而来的疾风 穿过了我的身体 似乎平静了 却 非常寒冷 曾经愿意 困在笼里 无路可去 将一切都封闭 看似安逸 却无法呼吸 害怕出去 但 必须离开这里 我不再害怕 不许再幻想 那些梦 飞走了 很远 很远 不再沉溺 自我合理 无处可去 我将被困在梦里 你不许再管我 im free 请别困着自已 im flee im flee im flee im free im free im free im finally me. 
灰白的世界 被什么淹没 染上看不见 的红 窒息的感觉 我无力逃脱 疼痛似乎却 迷了路
我是否应该 为牠指路 我是否应该 为此而感到痛苦 或许我应该 不去想太多
听见了 刺耳的 破碎了 烛灭了 该醒了 缓缓地 蹲下身 呼吸仍继续着
i trapped in my own maze i trapped in my own world alone i trapped in my own maze i trapped in my own world alone i trapped in my own maze i trapped in my own world alone
杯子快满了 我却没意识到 滚烫的热水不小心溢出 烫伤了手 随之 掉落 破碎 或许这是一种解脱 然而此刻的我却无比空洞 迎面而来的疾风 穿过了我的身体 似乎平静了 却 非常寒冷
曾经愿意 困在笼里 无路可去 将一切都封闭
看似安逸 却无法呼吸 害怕出去 但 必须离开这里
我不再害怕 不许再幻想 那些梦 飞走了 很远 很远 不再沉溺 自我合理 无处可去 我将被困在梦里 你不许再管我 im free 请别困着自已
im flee im flee im flee
im free im free im free
im finally me.
留言（ 0 ） 最相關留言 所有留言
留言（ 0 ）",2026-09-02,,,False,False,
2026-09-03 08:07:55,realtime,all,,,37,紙鳶 Seizer,偽善 Acoustic live ver.,19,1063,2,https://streetvoice.com/seizer_official/songs/876203/,https://streetvoice.com/seizer_official/,"https://akstatic.streetvoice.com/song_covers/se/iz/seizer_official/8q5UYN3MWPtjiAMRTY6FMi.jpeg?x-oss-process=image/resize,m_fixed,h_1,w_1,limit_0/resize,m_fixed,h_630,w_1200,limit_0/watermark,image_c29uZ19jb3ZlcnMvc2UvaXovc2VpemVyX29mZmljaWFsLzhxNVVZTjNNV1B0amlBTVJUWTZGTWkuanBlZz94LW9zcy1wcm9jZXNzPWltYWdlL3Jlc2l6ZSxtX2ZpeGVkLGhfMzQ0LHdfMzQ0LGxpbWl0XzA,g_nw,x_428,y_143/watermark,image_YXNzZXQvaW1hZ2VzL21ldGFpbWFnZS1zb25nLnBuZw,g_nw,x_0,y_0",images/876203.jpeg,@seizer_official,音樂人,台中市,2024-08-01,2024-09-10 20:11,10,1262,,,https://www.instagram.com/seizer.com.tw/,https://www.youtube.com/user/StreetVoiceTV,紙鳶首登泰國Monster Music Festival 回歸宣布新專輯《缺頁的名冊》即將發行|||https://blow.streetvoice.com/89229/?utm_source=streetvoice&utm_medium=profile-news-block; 北流「Open Lab人才培育計畫」五週年成果亮眼 媒合紙鳶登泰國音樂節|||https://blow.streetvoice.com/88857/?utm_source=streetvoice&utm_medium=profile-news-block; 紙鳶聯手羊米人推出首支台語單曲〈六月的雨縫〉為9月新專輯暖身|||https://blow.streetvoice.com/88034/?utm_source=streetvoice&utm_medium=profile-news-block,,Folk,,,,"詞 Lyrics｜仁杰 曲 Composer｜仁杰 編曲 Arrangement｜紙鳶 Seizer 主唱 Vocal｜仁杰 和聲 Backing Vocal｜紙鳶 Seizer 木吉他 Acoustic Guitar｜蘇崇祐 Kay 楊博皓 Seal 貝斯 Bass｜呂建亨 Henry 木箱鼓 Cajon｜王秉宸 Daniel 鍵盤與合成器 ｜Keyboards & Synth Design｜楊博皓 Seal 製作人 Producer｜楊博皓 Seal 和聲編寫 Backing Vocal Arrangement｜紙鳶 Seizer 錄音師 Recording Engineer｜楊博皓 Seal 混音師 Mixing Engineer｜楊博皓 Seal 
詞 Lyrics｜仁杰 曲 Composer｜仁杰 編曲 Arrangement｜紙鳶 Seizer
主唱 Vocal｜仁杰 和聲 Backing Vocal｜紙鳶 Seizer 木吉他 Acoustic Guitar｜蘇崇祐 Kay 楊博皓 Seal 貝斯 Bass｜呂建亨 Henry 木箱鼓 Cajon｜王秉宸 Daniel 鍵盤與合成器 ｜Keyboards & Synth Design｜楊博皓 Seal
製作人 Producer｜楊博皓 Seal 和聲編寫 Backing Vocal Arrangement｜紙鳶 Seizer 錄音師 Recording Engineer｜楊博皓 Seal 混音師 Mixing Engineer｜楊博皓 Seal","真正善良的人不會出現在眾人眼前 又怎能保證從善的人不是帶著假面 每個人心裏定義的善惡 輕易的扼殺社會現象的準則 躲在螢幕後面的醜惡 肆意煽動本就稀缺的尊重包容 想起身對抗不義不公 無奈大多數都選擇無動於衷 說一件被人遺忘的遺憾 爭一口別人無視的正義 明明沒錯卻被說成偽善 莫須有般成為眾矢之的 說一件被人遺忘的遺憾 爭一口別人無視的正義 明明沒錯卻被說成偽善 莫須有般成為眾矢之的 論是非對錯到最後也都流於形式 永遠都會有人在道德上鄙視 說一件被人遺忘的遺憾 爭一口別人無視的正義 明明沒錯卻被說成偽善 莫須有般成為眾矢之的 說一件被人遺忘的遺憾 爭一口別人無視的正義 明明沒錯卻被說成偽善 莫須有般成為眾矢之的 (La la la la) 說一件被人遺忘的遺憾 爭一口別人無視的正義 明明沒錯卻被說成偽善 莫須有般成為眾矢之的 
真正善良的人不會出現在眾人眼前 又怎能保證從善的人不是帶著假面 每個人心裏定義的善惡 輕易的扼殺社會現象的準則
躲在螢幕後面的醜惡 肆意煽動本就稀缺的尊重包容 想起身對抗不義不公 無奈大多數都選擇無動於衷
說一件被人遺忘的遺憾 爭一口別人無視的正義 明明沒錯卻被說成偽善 莫須有般成為眾矢之的
說一件被人遺忘的遺憾 爭一口別人無視的正義 明明沒錯卻被說成偽善 莫須有般成為眾矢之的
論是非對錯到最後也都流於形式 永遠都會有人在道德上鄙視
說一件被人遺忘的遺憾 爭一口別人無視的正義 明明沒錯卻被說成偽善 莫須有般成為眾矢之的
說一件被人遺忘的遺憾 爭一口別人無視的正義 明明沒錯卻被說成偽善 莫須有般成為眾矢之的
(La la la la)
說一件被人遺忘的遺憾 爭一口別人無視的正義 明明沒錯卻被說成偽善 莫須有般成為眾矢之的
留言（ 2 ） 最相關留言 所有留言
留言（ 2 ）",2026-08-25,,編輯推薦,True,False,
2026-09-03 08:07:55,realtime,all,,,38,Daydream,ドキドキ(dokidoki),5,383,3,https://streetvoice.com/28daydream/songs/876758/,https://streetvoice.com/28daydream/,"https://akstatic.streetvoice.com/song_covers/28/da/28daydream/fbBARbgiVA6mVFC4c3C6Dk.jpg?x-oss-process=image/resize,m_fixed,h_1,w_1,limit_0/resize,m_fixed,h_630,w_1200,limit_0/watermark,image_c29uZ19jb3ZlcnMvMjgvZGEvMjhkYXlkcmVhbS9mYkJBUmJnaVZBNm1WRkM0YzNDNkRrLmpwZz94LW9zcy1wcm9jZXNzPWltYWdlL3Jlc2l6ZSxtX2ZpeGVkLGhfMzQ0LHdfMzQ0LGxpbWl0XzA,g_nw,x_428,y_143/watermark,image_YXNzZXQvaW1hZ2VzL21ldGFpbWFnZS1zb25nLnBuZw,g_nw,x_0,y_0",images/876758.jpg,@28daydream,音樂人,嘉義縣,2024-01-01,,3,22,9,,,https://www.youtube.com/user/StreetVoiceTV,破千萬點聽單曲〈Okinawa〉原唱 「咖啡廳歌單必備」自然系樂團92914首次登台！|||https://blow.streetvoice.com/67168/?utm_source=streetvoice&utm_medium=profile-news-block; 這些自創畢業歌你都看過了嗎？ 2017寫歌潮又來了|||https://blow.streetvoice.com/33816/?utm_source=streetvoice&utm_medium=profile-news-block; 達人聽歌：微酸的偷窺狂〈過去的過不去〉直白爽快 毫不保留的歌詞讓人雀躍舞動|||https://blow.streetvoice.com/29315/?utm_source=streetvoice&utm_medium=profile-news-block,,Hip hop / Rap,,,,"高中時的戀愛 雖然有一點短暫♪♫ 作詞｜Daydream 賴婕綺 作曲｜Daydream 賴婕綺 type beat｜CALL ME （ https://youtu.be/m2Qarizoq6Q?si=K_KX-G-KdSzg0OlG） 錄音｜Daydream 賴婕綺 混音｜Daydream 賴婕綺 封面｜Daydream 賴婕綺、攝影師｜Weirdy 
高中時的戀愛 雖然有一點短暫♪♫
作詞｜Daydream 賴婕綺 作曲｜Daydream 賴婕綺 type beat｜CALL ME （ https://youtu.be/m2Qarizoq6Q?si=K_KX-G-KdSzg0OlG） 錄音｜Daydream 賴婕綺 混音｜Daydream 賴婕綺 封面｜Daydream 賴婕綺、攝影師｜Weirdy
https://youtu.be/m2Qarizoq6Q?si=K_KX-G-KdSzg0OlG）","動態歌詞
心！ ドキドキドキドキドキドキド 我⋯ 好好好好緊張緊張好好好好緊張 手 牽著又緊握緊牽著又心動 殺死我的到底是浪漫 還是你的手指頭？ 你一口 我一口 吃吃看 這不錯 我保證 有以後 你願不願 意跟我走？ 闖進我心房的理由 難不成是看上我優秀的面孔 哦 我心房已上了鎖 命令你只准牽我手 看著我雙眸再親我一口 其他的就晚點再說 專屬於你的鑰匙 我早就放在你制服右邊口袋 我喜歡你喜歡得要死 如果可以想把你裝進右邊口袋 交換運動服外套 身上穿著你的香味我好喜歡 便當盒忘了帶到 沒關係去你們班吃你碗內的菜 我恨不得大聲炫耀 四處公告 讓知道你的人知道 你有我罩 只要你一開口我就會笑 你的身影你的心跳我都明瞭 我們是備受矚目的焦點 旁人羨慕都找不到缺點 有時會磨合有時會冤家 了解彼此原意各退一些 關於愛情我能明白 你對愛的不安和恐懼感 現在說這不算太晚 從現在開始調整愛的型態 心！ ドキドキドキドキドキドキド 我⋯ 好好好好緊張緊張好好好好緊張 手 牽著又緊握緊牽著又心動 殺死我的到底是浪漫 還是你的手指頭？？ 
心！ ドキドキドキドキドキドキド 我⋯ 好好好好緊張緊張好好好好緊張 手 牽著又緊握緊牽著又心動 殺死我的到底是浪漫 還是你的手指頭？ 你一口 我一口 吃吃看 這不錯 我保證 有以後 你願不願 意跟我走？ 闖進我心房的理由 難不成是看上我優秀的面孔 哦 我心房已上了鎖 命令你只准牽我手 看著我雙眸再親我一口 其他的就晚點再說 專屬於你的鑰匙 我早就放在你制服右邊口袋 我喜歡你喜歡得要死 如果可以想把你裝進右邊口袋 交換運動服外套 身上穿著你的香味我好喜歡 便當盒忘了帶到 沒關係去你們班吃你碗內的菜 我恨不得大聲炫耀 四處公告 讓知道你的人知道 你有我罩 只要你一開口我就會笑 你的身影你的心跳我都明瞭 我們是備受矚目的焦點 旁人羨慕都找不到缺點 有時會磨合有時會冤家 了解彼此原意各退一些 關於愛情我能明白 你對愛的不安和恐懼感 現在說這不算太晚 從現在開始調整愛的型態 心！ ドキドキドキドキドキドキド 我⋯ 好好好好緊張緊張好好好好緊張 手 牽著又緊握緊牽著又心動 殺死我的到底是浪漫 還是你的手指頭？？
留言（ 3 ） 最相關留言 所有留言
留言（ 3 ）",2026-08-28,,編輯推薦,True,False,
2026-09-03 08:07:55,realtime,all,,,39,歌曲创作社（锺灵独立中学）,会飞的星,4,33,1,https://streetvoice.com/xiangcaimangguofan/songs/877523/,https://streetvoice.com/xiangcaimangguofan/,"https://akstatic.streetvoice.com/song_covers/xi/an/xiangcaimangguofan/kpgNcXVYcrqeaogd5HbfyR.jpg?x-oss-process=image/resize,m_fixed,h_1,w_1,limit_0/resize,m_fixed,h_630,w_1200,limit_0/watermark,image_c29uZ19jb3ZlcnMveGkvYW4veGlhbmdjYWltYW5nZ3VvZmFuL2twZ05jWFZZY3JxZWFvZ2Q1SGJmeVIuanBnP3gtb3NzLXByb2Nlc3M9aW1hZ2UvcmVzaXplLG1fZml4ZWQsaF8zNDQsd18zNDQsbGltaXRfMA,g_nw,x_428,y_143/watermark,image_YXNzZXQvaW1hZ2VzL21ldGFpbWFnZS1zb25nLnBuZw,g_nw,x_0,y_0",images/877523.jpg,@xiangcaimangguofan,音樂人,馬來西亞,2026-09-01,,1,2,1,,,https://www.youtube.com/user/StreetVoiceTV,,,R&B / Soul,,,,,"作词：叶韦泽，丁子谦 作曲：李任恩，叶韦泽 《会飞的星》 Verse 1 雪兰莪河每年都有我的身影 提着绿色小灯 飞舞如星 孩子们在夏夜 追逐我的光明 那是大自然 最美丽的风景 Verse 2 后来钢筋在河岸边长成森林 河流失了忆将我抛弃 任我孤独消逝在剧毒的雾里 才知告别竟没有声音 Pre-chorus 强光在剥离漆黑的纯粹 农药抛撒不甘的卑微 你隔着窗看萤火的颓废 像那些没用的谁 残酷撕开灯下的虚伪 故事在往下坠 Chorus 若你怀念童年追光的孩子 请别让萤火成为历史 处在黑夜沦为白昼的幻觉 谁来修补夜幕的残缺 若你放任浪漫独自被流放 该如何赎回童年时光 走在路灯模仿萤光的轨迹 谁来证明世界有过 会飞的星 interlude ～～～～ Pre-chorus 强光在剥离漆黑的纯粹 农药抛撒不甘的卑微 你隔着窗看萤火的颓废 像那些没用的谁 残酷撕开灯下的虚伪 故事在往下坠 Chorus 若你怀念童年追光的孩子 请别让萤火成为历史 处在黑夜沦为白昼的幻觉 谁来修补夜幕的残缺 若你放任浪漫独自被流放 该如何赎回童年时光 走在路灯模仿萤光的轨迹 谁来证明世界有过 会飞的星 outro ～～～ 
作词：叶韦泽，丁子谦 作曲：李任恩，叶韦泽
《会飞的星》 Verse 1 雪兰莪河每年都有我的身影 提着绿色小灯 飞舞如星 孩子们在夏夜 追逐我的光明 那是大自然 最美丽的风景
Verse 2 后来钢筋在河岸边长成森林 河流失了忆将我抛弃 任我孤独消逝在剧毒的雾里 才知告别竟没有声音
Pre-chorus 强光在剥离漆黑的纯粹 农药抛撒不甘的卑微 你隔着窗看萤火的颓废 像那些没用的谁 残酷撕开灯下的虚伪 故事在往下坠
Chorus 若你怀念童年追光的孩子 请别让萤火成为历史 处在黑夜沦为白昼的幻觉 谁来修补夜幕的残缺 若你放任浪漫独自被流放 该如何赎回童年时光 走在路灯模仿萤光的轨迹 谁来证明世界有过 会飞的星
interlude ～～～～
Pre-chorus 强光在剥离漆黑的纯粹 农药抛撒不甘的卑微 你隔着窗看萤火的颓废 像那些没用的谁 残酷撕开灯下的虚伪 故事在往下坠
Chorus 若你怀念童年追光的孩子 请别让萤火成为历史 处在黑夜沦为白昼的幻觉 谁来修补夜幕的残缺 若你放任浪漫独自被流放 该如何赎回童年时光 走在路灯模仿萤光的轨迹 谁来证明世界有过 会飞的星
outro ～～～
留言（ 1 ） 最相關留言 所有留言
留言（ 1 ）",2026-09-02,,,False,False,
2026-09-03 08:07:55,realtime,all,,,40,Nanguaq Music那屋瓦,3.Always by your side | Makav 真愛,6,108,0,https://streetvoice.com/nanguaq/songs/877381/,https://streetvoice.com/nanguaq/,"https://akstatic.streetvoice.com/music_albums/na/ng/nanguaq/dwVG63v2eKwE9DAJ9dS5ko.jpeg?x-oss-process=image/resize,m_fixed,h_1,w_1,limit_0/resize,m_fixed,h_630,w_1200,limit_0/watermark,image_bXVzaWNfYWxidW1zL25hL25nL25hbmd1YXEvZHdWRzYzdjJlS3dFOURBSjlkUzVrby5qcGVnP3gtb3NzLXByb2Nlc3M9aW1hZ2UvcmVzaXplLG1fZml4ZWQsaF8zNDQsd18zNDQsbGltaXRfMA,g_nw,x_428,y_143/watermark,image_YXNzZXQvaW1hZ2VzL21ldGFpbWFnZS1zb25nLnBuZw,g_nw,x_0,y_0",images/877381.jpeg,@nanguaq,音樂人,台北市,2020-09-01,2024-01-11 17:13,37,1111,,https://www.facebook.com/nanguaq,https://www.instagram.com/nanguaq/,https://www.youtube.com/@nanguaq188,,,Pop,《Greater Waves》 | Makav 真愛,https://streetvoice.com/nanguaq/songs/album/97326013/,,"製作人 Producer｜黃少雍 Huang Shao Yong、ABAO阿爆 編曲 Arrangement｜知更 John Stoniae 鼓 Drums｜Brody Simpson 配唱製作人 Vocal Producer ｜ABAO阿爆 和聲編寫 Background Vocal Arranger｜布蘭地 Brandy Tien、Makav 真愛 和聲 Background Vocal｜布蘭地 Brandy Tien、Makav 真愛 錄音師 Recording Engineer｜林志龍Lin Linz 錄音室 Recording Studio｜Coop Studio 混音師 Mix Engineer｜黃少雍 Huang Shao Yong 混音錄音室 Mixing Studio｜Coop Studio 母帶後期處理工程師 Mastering Engineer｜Dave Kutch 母帶後期處理錄音室 Mastering Studio｜The Mastering Palace 
製作人 Producer｜黃少雍 Huang Shao Yong、ABAO阿爆 編曲 Arrangement｜知更 John Stoniae 鼓 Drums｜Brody Simpson 配唱製作人 Vocal Producer ｜ABAO阿爆 和聲編寫 Background Vocal Arranger｜布蘭地 Brandy Tien、Makav 真愛 和聲 Background Vocal｜布蘭地 Brandy Tien、Makav 真愛 錄音師 Recording Engineer｜林志龍Lin Linz 錄音室 Recording Studio｜Coop Studio 混音師 Mix Engineer｜黃少雍 Huang Shao Yong 混音錄音室 Mixing Studio｜Coop Studio 母帶後期處理工程師 Mastering Engineer｜Dave Kutch 母帶後期處理錄音室 Mastering Studio｜The Mastering Palace","詞：Makav 真愛 曲：Makav 真愛 最近不那麼愛黃昏 和黑夜降臨的時刻 好像我必須 坐在沙發椅 開始檢視我的心 沒有不願意 只是想起你 總有複雜的聲音 I’ll always by your side *4 早晨陽光打在房門 是一天最浪漫的時刻 我的故事寫在 黑色筆記 敞開我的內心 訴說著日與夜 沒有不願意 這次想起你 愛比複雜多了一些 I’ll always by your side *4 過去我在人群 試著拉開距離 試著裝不熟悉 試著不被吸引 這些事傷了你 也傷了我自己 自私的用意 最後還是過不去 我只想保護你 不想傷你的心 所以總是逃離 藉著調整我的心 你總是很容易 理解我的情緒 嘴上說不在意 you know I’ll always by your side 
詞：Makav 真愛 曲：Makav 真愛
最近不那麼愛黃昏 和黑夜降臨的時刻 好像我必須 坐在沙發椅 開始檢視我的心 沒有不願意 只是想起你 總有複雜的聲音
I’ll always by your side *4
早晨陽光打在房門 是一天最浪漫的時刻 我的故事寫在 黑色筆記 敞開我的內心 訴說著日與夜 沒有不願意 這次想起你 愛比複雜多了一些
I’ll always by your side *4
過去我在人群 試著拉開距離 試著裝不熟悉 試著不被吸引 這些事傷了你 也傷了我自己 自私的用意 最後還是過不去
我只想保護你 不想傷你的心 所以總是逃離 藉著調整我的心 你總是很容易 理解我的情緒 嘴上說不在意 you know I’ll always by your side
留言（ 0 ） 最相關留言 所有留言
留言（ 0 ）",2026-09-01,,編輯推薦,True,False,
2026-09-03 08:07:55,realtime,all,,,41,labere,天文氣候色彩學-Demo,63,3746,5,https://streetvoice.com/Chen_Wen_Yue/songs/875470/,https://streetvoice.com/Chen_Wen_Yue/,"https://akstatic.streetvoice.com/song_covers/Ch/en/Chen_Wen_Yue/hZtZ7YqpmtYaCzsicmqNtm.jpeg?x-oss-process=image/resize,m_fixed,h_1,w_1,limit_0/resize,m_fixed,h_630,w_1200,limit_0/watermark,image_c29uZ19jb3ZlcnMvQ2gvZW4vQ2hlbl9XZW5fWXVlL2hadFo3WXFwbXRZYUN6c2ljbXFOdG0uanBlZz94LW9zcy1wcm9jZXNzPWltYWdlL3Jlc2l6ZSxtX2ZpeGVkLGhfMzQ0LHdfMzQ0LGxpbWl0XzA,g_nw,x_428,y_143/watermark,image_YXNzZXQvaW1hZ2VzL21ldGFpbWFnZS1zb25nLnBuZw,g_nw,x_0,y_0",images/875470.jpeg,@Chen_Wen_Yue,音樂人,台東縣,2018-04-01,2022-04-25 21:27,15,454,45,,https://www.instagram.com/labere_chen/,https://www.youtube.com/user/StreetVoiceTV,第二屆「街聲年度音樂趨勢大獎」擴大規模舉辦！邀張震嶽、熊仔、國國、鄭宜農擔任頒獎嘉賓|||https://blow.streetvoice.com/78673/?utm_source=streetvoice&utm_medium=profile-news-block; 金曲、金音前哨站，第二屆「𝙎𝙩𝙧𝙚𝙚𝙩𝙑𝙤𝙞𝙘𝙚 𝘼𝙬𝙖𝙧𝙙𝙨 街聲年度音樂趨勢大獎」公布全名單|||https://blow.streetvoice.com/78557/?utm_source=streetvoice&utm_medium=profile-news-block,,Folk,,,,"Lyrics: Pacak Music: LABERE Arrangement: LABERE 
Lyrics: Pacak Music: LABERE Arrangement: LABERE","紅色是你 毫無保留揮灑了自己 橘色是我 溫柔包裝所有不安定 黃色是你 就像太陽照亮這行星 綠色是我 草原咀嚼著地心引力 藍色是你 熱愛海洋跟風和日麗 紫色是我 幻想跟你一起被雨淋 當我心理複雜的像氣候 軀殼空蕩的像宇宙 你卻不在乎的擁抱我 當我不喜歡自己的時候 越脆弱 越希望被拯救 越倔強 越渴望被你的溫柔包裹 
紅色是你 毫無保留揮灑了自己
橘色是我 溫柔包裝所有不安定
黃色是你 就像太陽照亮這行星
綠色是我 草原咀嚼著地心引力
藍色是你 熱愛海洋跟風和日麗
紫色是我 幻想跟你一起被雨淋
當我心理複雜的像氣候
軀殼空蕩的像宇宙
你卻不在乎的擁抱我
當我不喜歡自己的時候
越脆弱 越希望被拯救
越倔強 越渴望被你的溫柔包裹
留言（ 5 ） 最相關留言 所有留言
留言（ 5 ）",2026-08-19,,編輯推薦,True,False,
2026-09-03 08:07:55,realtime,all,,,42,后浪,走,3,25,0,https://streetvoice.com/crestfall/songs/877488/,https://streetvoice.com/crestfall/,"https://akstatic.streetvoice.com/song_covers/cr/es/crestfall/QDqfLmHmviifonQr6Szae7.jpeg?x-oss-process=image/resize,m_fixed,h_1,w_1,limit_0/resize,m_fixed,h_630,w_1200,limit_0/watermark,image_c29uZ19jb3ZlcnMvY3IvZXMvY3Jlc3RmYWxsL1FEcWZMbUhtdmlpZm9uUXI2U3phZTcuanBlZz94LW9zcy1wcm9jZXNzPWltYWdlL3Jlc2l6ZSxtX2ZpeGVkLGhfMzQ0LHdfMzQ0LGxpbWl0XzA,g_nw,x_428,y_143/watermark,image_YXNzZXQvaW1hZ2VzL21ldGFpbWFnZS1zb25nLnBuZw,g_nw,x_0,y_0",images/877488.jpeg,@crestfall,音樂人,,,,1,4,,,,https://www.youtube.com/user/StreetVoiceTV,金曲歌后阿爆領軍原民後浪！推出賀歲電音舞曲〈免緊張〉|||https://blow.streetvoice.com/72343/?utm_source=streetvoice&utm_medium=profile-news-block; 那屋瓦舉辦「N1後浪趴」！阿爆、珂拉琪夏子、曾妮、Kivi等原民新音浪將登台|||https://blow.streetvoice.com/53629/?utm_source=streetvoice&utm_medium=profile-news-block; 海邊的孩子 邀請你共同迎接大後浪時代|||https://blow.streetvoice.com/32998/?utm_source=streetvoice&utm_medium=profile-news-block,,Rock,,,,"人生总要面临选择 选择认为对的决定，但或许会令我们不愉快 走，或不走 内心都会充满纠结与不甘 我不想走，但我必须要走 
人生总要面临选择 选择认为对的决定，但或许会令我们不愉快 走，或不走 内心都会充满纠结与不甘 我不想走，但我必须要走","在我离开那个晚上 关了那扇 总是虚掩的窗 你不舍的余光 留下我满地 心荒 转身去反方向的站 万缕思绪在脑海里 飘荡 前往了向往的远方 有种说不出的 惆怅 望不尽的街头 站在中间我迷昏了头 看不见的出口 想往回又没有路走 我无力失控 无声嘶吼 眼眶通红 却没有眼泪流 走了很远的走廊 脚步很轻 步伐一直放慢 撒在地上的月光 照应出我的 悲伤 在陌生的城市游荡 面对千万副不同的 脸庞 心中对未来不安 又对现状表现 不甘 走不出这迷宫 永远被困在了愧疚 我颤抖的双手 你终究狠心甩开手 我无力失控 无声嘶吼 眼眶通红 却没有眼泪流 我没有回头 表现轻松 内心翻涌 一直说不出口 我不想要走 
在我离开那个晚上 关了那扇 总是虚掩的窗 你不舍的余光 留下我满地 心荒
转身去反方向的站 万缕思绪在脑海里 飘荡 前往了向往的远方 有种说不出的 惆怅
望不尽的街头 站在中间我迷昏了头 看不见的出口 想往回又没有路走 我无力失控 无声嘶吼 眼眶通红 却没有眼泪流
走了很远的走廊 脚步很轻 步伐一直放慢 撒在地上的月光 照应出我的 悲伤
在陌生的城市游荡 面对千万副不同的 脸庞 心中对未来不安 又对现状表现 不甘
走不出这迷宫 永远被困在了愧疚 我颤抖的双手 你终究狠心甩开手 我无力失控 无声嘶吼 眼眶通红 却没有眼泪流 我没有回头 表现轻松 内心翻涌 一直说不出口 我不想要走
留言（ 0 ） 最相關留言 所有留言
留言（ 0 ）",2026-09-01,,,False,False,
2026-09-03 08:07:55,realtime,all,,,43,理科指南 The Scientific Way,别再说,13,56,0,https://streetvoice.com/TheScientificWay/songs/877476/,https://streetvoice.com/TheScientificWay/,"https://akstatic.streetvoice.com/song_covers/Th/eS/TheScientificWay/GURLFYtyAWzqiDqWmBYuDd.jpg?x-oss-process=image/resize,m_fixed,h_1,w_1,limit_0/resize,m_fixed,h_630,w_1200,limit_0/watermark,image_c29uZ19jb3ZlcnMvVGgvZVMvVGhlU2NpZW50aWZpY1dheS9HVVJMRll0eUFXenFpRHFXbUJZdURkLmpwZz94LW9zcy1wcm9jZXNzPWltYWdlL3Jlc2l6ZSxtX2ZpeGVkLGhfMzQ0LHdfMzQ0LGxpbWl0XzA,g_nw,x_428,y_143/watermark,image_YXNzZXQvaW1hZ2VzL21ldGFpbWFnZS1zb25nLnBuZw,g_nw,x_0,y_0",images/877476.jpg,@TheScientificWay,音樂人,,,,1,9,4,,,https://www.youtube.com/user/StreetVoiceTV,,,R&B / Soul,,,,"有些人总是在难过、无助的时候才会想起你，把自己的情绪和烦恼一次次倾诉给你，却很少在开心的时候与你分享。当你开始疑惑，为什么自己总是在接住对方的负面情绪时，对方却会告诉你，这是一种爱和信任的表示。 但其实，所谓的爱，可能只是一种依赖。 一种在不开心的时候，需要有人倾听，需要一个情绪垃圾桶去接住自己所有负面情绪的依赖。 当你一次又一次成为别人倾倒情绪的出口，久而久之，这段关系也渐渐变成了单向关系。一个人不断倾诉与释放，另一个人不断倾听和承受。 直到有一天，那个一直倾听的人终于意识到，原来自己也有自己的情绪，也需要被看见。 
有些人总是在难过、无助的时候才会想起你，把自己的情绪和烦恼一次次倾诉给你，却很少在开心的时候与你分享。当你开始疑惑，为什么自己总是在接住对方的负面情绪时，对方却会告诉你，这是一种爱和信任的表示。
但其实，所谓的爱，可能只是一种依赖。
一种在不开心的时候，需要有人倾听，需要一个情绪垃圾桶去接住自己所有负面情绪的依赖。
当你一次又一次成为别人倾倒情绪的出口，久而久之，这段关系也渐渐变成了单向关系。一个人不断倾诉与释放，另一个人不断倾听和承受。
直到有一天，那个一直倾听的人终于意识到，原来自己也有自己的情绪，也需要被看见。","動態歌詞
凌晨五点了铃声又响起 以为你察觉了我的情绪 开口第一句 又听见你的泪滴 你从来都不了解我心情 你只想要有个人陪着你 假装的关心 只是为了留住我 别再说 你爱我 所谓的爱只是种依赖 只是刚好你需要人陪 聆听你的悲哀 别再说 我都懂 只是不知该如何逃离 逃离这名为爱的梦境 才发现我 早已不是我自己 你总说我是最懂你的人 以为我永远都会在这里 可你却忘记 我也有我的难题 我默默收集你所有悲伤 从来没问过我是否无恙 像片无人的海 承载你的风浪 别再说 你爱我 所谓的爱只是种依赖 只是刚好你需要人陪 聆听你的悲哀 别再说 我都懂 只是不知该如何逃离 逃离这名为爱的梦境 才发现我 早已不是我自己 
凌晨五点了铃声又响起 以为你察觉了我的情绪 开口第一句 又听见你的泪滴 你从来都不了解我心情 你只想要有个人陪着你 假装的关心 只是为了留住我 别再说 你爱我 所谓的爱只是种依赖 只是刚好你需要人陪 聆听你的悲哀 别再说 我都懂 只是不知该如何逃离 逃离这名为爱的梦境 才发现我 早已不是我自己 你总说我是最懂你的人 以为我永远都会在这里 可你却忘记 我也有我的难题 我默默收集你所有悲伤 从来没问过我是否无恙 像片无人的海 承载你的风浪 别再说 你爱我 所谓的爱只是种依赖 只是刚好你需要人陪 聆听你的悲哀 别再说 我都懂 只是不知该如何逃离 逃离这名为爱的梦境 才发现我 早已不是我自己
留言（ 0 ） 最相關留言 所有留言
留言（ 0 ）",2026-09-01,,,False,False,
2026-09-03 08:07:55,realtime,all,,,44,Twelves (Stonyhurst International School,野花,12,62,2,https://streetvoice.com/kathdoesthings/songs/877618/,https://streetvoice.com/kathdoesthings/,"https://akstatic.streetvoice.com/song_covers/ka/th/kathdoesthings/V9ZKTJo2mRV6NepyUXC7Ex.jpeg?x-oss-process=image/resize,m_fixed,h_1,w_1,limit_0/resize,m_fixed,h_630,w_1200,limit_0/watermark,image_c29uZ19jb3ZlcnMva2EvdGgva2F0aGRvZXN0aGluZ3MvVjlaS1RKbzJtUlY2TmVweVVYQzdFeC5qcGVnP3gtb3NzLXByb2Nlc3M9aW1hZ2UvcmVzaXplLG1fZml4ZWQsaF8zNDQsd18zNDQsbGltaXRfMA,g_nw,x_428,y_143/watermark,image_YXNzZXQvaW1hZ2VzL21ldGFpbWFnZS1zb25nLnBuZw,g_nw,x_0,y_0",images/877618.jpeg,@kathdoesthings,音樂人,,,,1,2,2,,,https://www.youtube.com/user/StreetVoiceTV,,,Rock,,,,"大家好，我们是来自Stonyhurst International School 的Twelves！这是我们第一次参加金锋奖并且这是我们的第一首自创歌曲！我们很荣幸能拥有这个机会站在这里让大家知晓我们的歌曲！我们希望能通过我们的歌曲把青春散播出去，如果大家喜欢我们的歌曲可以按赞并分享！谢谢！！ 
大家好，我们是来自Stonyhurst International School 的Twelves！这是我们第一次参加金锋奖并且这是我们的第一首自创歌曲！我们很荣幸能拥有这个机会站在这里让大家知晓我们的歌曲！我们希望能通过我们的歌曲把青春散播出去，如果大家喜欢我们的歌曲可以按赞并分享！谢谢！！","风吹过~ 街角那老围墙 蝉鸣揉碎~ 在午后阳光 旧耳机~ 一直循环那段哼唱 oh~ 时光悄悄 慢慢流淌 初心依旧 握在手掌 不用权衡 人情 跌宕 随口约定来 日要去远方 笑声漫过 整条街巷 那些莽撞 那些晴朗 在旧时光~ 往前走吧 别回头望 旧日美好都留在过往 鲜活热血 肆意坦荡 每段碎片都闪闪发着光亮 年少模样 永远滚烫 单车碾过~青石板长巷 晚霞晕染~天边的橘色波浪 随口吐槽琐碎日常 oh~ 烦恼转瞬 全部遗忘 合照定格 稚嫩脸庞 那时不懂 世事的匆忙 纯粹热烈 简单的向往 往前走吧 别回头望 旧日美好都留在过往 鲜活热血 肆意坦荡 每段碎片都闪闪发着光亮 年少模样 永远滚烫 清风逐浪 肆意飞扬 
风吹过~ 街角那老围墙 蝉鸣揉碎~ 在午后阳光 旧耳机~ 一直循环那段哼唱 oh~
时光悄悄 慢慢流淌 初心依旧 握在手掌 不用权衡 人情 跌宕 随口约定来 日要去远方 笑声漫过 整条街巷 那些莽撞 那些晴朗 在旧时光~
往前走吧 别回头望 旧日美好都留在过往 鲜活热血 肆意坦荡 每段碎片都闪闪发着光亮 年少模样 永远滚烫
单车碾过~青石板长巷 晚霞晕染~天边的橘色波浪 随口吐槽琐碎日常 oh~
烦恼转瞬 全部遗忘 合照定格 稚嫩脸庞 那时不懂 世事的匆忙 纯粹热烈 简单的向往
往前走吧 别回头望 旧日美好都留在过往 鲜活热血 肆意坦荡 每段碎片都闪闪发着光亮 年少模样 永远滚烫 清风逐浪 肆意飞扬
留言（ 2 ） 最相關留言 所有留言
留言（ 2 ）",2026-09-02,,,False,False,
2026-09-03 08:07:55,realtime,all,,,45,Nanguaq Music那屋瓦,2.I Am Your Beloved | Makav 真愛,3,51,1,https://streetvoice.com/nanguaq/songs/877388/,https://streetvoice.com/nanguaq/,"https://akstatic.streetvoice.com/music_albums/na/ng/nanguaq/dwVG63v2eKwE9DAJ9dS5ko.jpeg?x-oss-process=image/resize,m_fixed,h_1,w_1,limit_0/resize,m_fixed,h_630,w_1200,limit_0/watermark,image_bXVzaWNfYWxidW1zL25hL25nL25hbmd1YXEvZHdWRzYzdjJlS3dFOURBSjlkUzVrby5qcGVnP3gtb3NzLXByb2Nlc3M9aW1hZ2UvcmVzaXplLG1fZml4ZWQsaF8zNDQsd18zNDQsbGltaXRfMA,g_nw,x_428,y_143/watermark,image_YXNzZXQvaW1hZ2VzL21ldGFpbWFnZS1zb25nLnBuZw,g_nw,x_0,y_0",images/877388.jpeg,@nanguaq,音樂人,台北市,2020-09-01,2024-01-11 17:13,37,1111,,https://www.facebook.com/nanguaq,https://www.instagram.com/nanguaq/,https://www.youtube.com/@nanguaq188,,,Pop,《Greater Waves》 | Makav 真愛,https://streetvoice.com/nanguaq/songs/album/97326013/,,"製作人 Producer｜黃少雍 Huang Shao Yong、ABAO阿爆 編曲 Arrangement｜黃少雍 Huang Shao Yong、張少瑜Charles Chang 配唱製作人 Vocal Producer ｜ABAO阿爆 和聲編寫 Background Vocal Arranger｜陳思函 Seehan Chen、Makav 真愛 和聲 Background Vocal｜陳思函 Seehan Chen、Makav 真愛 錄音師 Recording Engineer｜林志龍Lin Linz 錄音室 Recording Studio｜Coop Studio 混音師 Mix Engineer｜黃少雍 Huang Shao Yong 混音錄音室 Mixing Studio｜Coop Studio 母帶後期處理工程師 Mastering Engineer｜Dave Kutch 母帶後期處理錄音室 Mastering Studio｜The Mastering Palace 
製作人 Producer｜黃少雍 Huang Shao Yong、ABAO阿爆 編曲 Arrangement｜黃少雍 Huang Shao Yong、張少瑜Charles Chang 配唱製作人 Vocal Producer ｜ABAO阿爆 和聲編寫 Background Vocal Arranger｜陳思函 Seehan Chen、Makav 真愛 和聲 Background Vocal｜陳思函 Seehan Chen、Makav 真愛 錄音師 Recording Engineer｜林志龍Lin Linz 錄音室 Recording Studio｜Coop Studio 混音師 Mix Engineer｜黃少雍 Huang Shao Yong 混音錄音室 Mixing Studio｜Coop Studio 母帶後期處理工程師 Mastering Engineer｜Dave Kutch 母帶後期處理錄音室 Mastering Studio｜The Mastering Palace","詞：Makav 真愛 曲：Makav 真愛 英語編譯＆發音指導：Rose-marie I have spent a long time 我有過很長的時間 Living in shame 活在羞愧裡面 I am scared of every choice 我害怕每一個選擇 I am scared of my numbered years 我害怕生命的短暫 I am enclosed in a world of fear 在我的世界裡只有恐懼 I see a figure in white 我看見潔白的身影 I can’t turn away my gaze 視線無法從你身上抽離 I run to you, your arms are open 我衝向你 你打開雙臂 You say, I am here*2 對我說 我在這裡 x2 I was at the end of my rope 直到我快放棄自己 When I heard the whisper 那微弱的聲音響起 You said, you are mine 你說我屬於你 I am your beloved 我是你喜悅的 I don’t see any direction 我看不見自己的去向 any future 也看不見自己的未來 I am scared of every choice 我害怕每一個選擇 I am scared of my numbered years 我害怕生命的短暫 alone, in the night, with my tears 在夜裡一個人哭泣 I see a figure in white 我看見潔白的身影 I can’t turn away my gaze 視線無法從你身上抽離 I run to you, your arms are open 我衝向你 你打開雙臂 You say, I am here 對我說 我在這裡 x2 I was at the end of my rope 直到我快放棄自己 When I heard the whisper 那微弱的聲音響起 You said, you are min 你說我屬於你 I am your beloved 我是你喜悅的 I was at the end of my rope 直到我快放棄自己 When I heard the whisper 那微弱的聲音響起 You said, you are min 你說我屬於你 I am your beloved 我是你喜悅的 
詞：Makav 真愛 曲：Makav 真愛 英語編譯＆發音指導：Rose-marie
I have spent a long time 我有過很長的時間 Living in shame 活在羞愧裡面 I am scared of every choice 我害怕每一個選擇 I am scared of my numbered years 我害怕生命的短暫 I am enclosed in a world of fear 在我的世界裡只有恐懼 I see a figure in white 我看見潔白的身影 I can’t turn away my gaze 視線無法從你身上抽離 I run to you, your arms are open 我衝向你 你打開雙臂 You say, I am here*2 對我說 我在這裡 x2
I was at the end of my rope 直到我快放棄自己 When I heard the whisper 那微弱的聲音響起 You said, you are mine 你說我屬於你 I am your beloved 我是你喜悅的 I don’t see any direction 我看不見自己的去向 any future 也看不見自己的未來 I am scared of every choice 我害怕每一個選擇 I am scared of my numbered years 我害怕生命的短暫 alone, in the night, with my tears 在夜裡一個人哭泣 I see a figure in white 我看見潔白的身影 I can’t turn away my gaze 視線無法從你身上抽離 I run to you, your arms are open 我衝向你 你打開雙臂 You say, I am here 對我說 我在這裡 x2
I was at the end of my rope 直到我快放棄自己 When I heard the whisper 那微弱的聲音響起 You said, you are min 你說我屬於你 I am your beloved 我是你喜悅的
I was at the end of my rope 直到我快放棄自己 When I heard the whisper 那微弱的聲音響起 You said, you are min 你說我屬於你 I am your beloved 我是你喜悅的
留言（ 1 ） 最相關留言 所有留言
留言（ 1 ）",2026-09-01,,編輯推薦,True,False,
2026-09-03 08:07:55,realtime,all,,,46,雷克非 Christopher R,Just so happens,4,326,13,https://streetvoice.com/ChristopherR/songs/877350/,https://streetvoice.com/ChristopherR/,"https://akstatic.streetvoice.com/song_covers/Ch/ri/ChristopherR/Ntgusrs54gwXEw5YgvgmSi.jpeg?x-oss-process=image/resize,m_fixed,h_1,w_1,limit_0/resize,m_fixed,h_630,w_1200,limit_0/watermark,image_c29uZ19jb3ZlcnMvQ2gvcmkvQ2hyaXN0b3BoZXJSL050Z3VzcnM1NGd3WEV3NVlndmdtU2kuanBlZz94LW9zcy1wcm9jZXNzPWltYWdlL3Jlc2l6ZSxtX2ZpeGVkLGhfMzQ0LHdfMzQ0LGxpbWl0XzA,g_nw,x_428,y_143/watermark,image_YXNzZXQvaW1hZ2VzL21ldGFpbWFnZS1zb25nLnBuZw,g_nw,x_0,y_0",images/877350.jpeg,@ChristopherR,音樂人,,,,56,56,162,,,https://www.youtube.com/user/StreetVoiceTV,,,Pop,,,RistyK,"一首法英雙語的 Sophisti-pop 男女對唱，以輕快鬆弛的節奏、精緻的流行編曲和一點法式情調，唱兩個人一來一往、誰也不肯先把心意說破的曖昧。 ======== Une chanson légère qui parle d’amour avec douceur et désinvolture. Ah, les amoureux… rien n’est jamais si simple. Alors, chantez. Let the coincidences pile up; there’s no need to name what’s happening. If the two of you insist it means nothing, we’ll be polite enough to sit back and enjoy the chorus. 好啦，都是偶遇，誰會多想。你們繼續唱，我們負責吃瓜、鼓掌——嗯，很好聽，真的，不用停。 
一首法英雙語的 Sophisti-pop 男女對唱，以輕快鬆弛的節奏、精緻的流行編曲和一點法式情調，唱兩個人一來一往、誰也不肯先把心意說破的曖昧。 ======== Une chanson légère qui parle d’amour avec douceur et désinvolture. Ah, les amoureux… rien n’est jamais si simple. Alors, chantez.
Let the coincidences pile up; there’s no need to name what’s happening. If the two of you insist it means nothing, we’ll be polite enough to sit back and enjoy the chorus.
好啦，都是偶遇，誰會多想。你們繼續唱，我們負責吃瓜、鼓掌——嗯，很好聽，真的，不用停。","Just so happens l'amour n'est pas encore là Just so happens juste un hasard qui s'attarde I'm not saying that I'm falling just the angle of your smile keeps conspiring with mine just tonight, that's all The way you walk, unhurried, slow like you're stalling on purpose too waiting till I finally admit I've been looking straight at you ""Just so happens,"" what a line smooth enough to sound sincere but your eyes give better signs than that mouth of yours, my dear I'm not saying that I care must've been the breeze tonight blew me right into this chair lucky you, lucky you M: Veux-tu parier, dis-moi F: Sur quoi ? Vas-y, parle M: Que tu sens la même chose F: Montre-moi d'abord tes cartes Just so happens just so happens no one said the word love this wine is half gone Just so happens l'amour n'est pas encore là Just so happens juste un hasard qui s'attarde Truth is, I've been counting time how long you take to write me back lately you don't take as long make of that what you will You think I hadn't noticed yet you always choose my favorite spot ""just happened by,"" don't make me laugh mais je dois dire — j'aime bien ça M: Alors, on se revoit ? F: Ça dépend de mon humeur M: Et quand seras-tu d'humeur ? F: Peut-être — coincidentally, soon M: You're a hard one to pin down F: You're a patient man, it seems M: (laughing) Then I'll wait F: (laughing) Don't wait too long, quand même Just so happens just so happens no one said the word love this wine is half gone Just so happens l'amour n'est pas encore là Just so happens juste un hasard qui s'attarde Maybe it's not love just yet maybe it's too soon to say but tonight the moon, I bet, happens to lean your way So let's just happen to look up no need to name what this could be after all, we've time enough and the story's just begun — comme il se doit 
Just so happens l'amour n'est pas encore là Just so happens juste un hasard qui s'attarde
I'm not saying that I'm falling just the angle of your smile keeps conspiring with mine just tonight, that's all The way you walk, unhurried, slow like you're stalling on purpose too waiting till I finally admit I've been looking straight at you
""Just so happens,"" what a line smooth enough to sound sincere but your eyes give better signs than that mouth of yours, my dear I'm not saying that I care must've been the breeze tonight blew me right into this chair lucky you, lucky you
M: Veux-tu parier, dis-moi F: Sur quoi ? Vas-y, parle M: Que tu sens la même chose F: Montre-moi d'abord tes cartes
Just so happens just so happens no one said the word love this wine is half gone
Just so happens l'amour n'est pas encore là Just so happens juste un hasard qui s'attarde
Truth is, I've been counting time how long you take to write me back lately you don't take as long make of that what you will
You think I hadn't noticed yet you always choose my favorite spot ""just happened by,"" don't make me laugh mais je dois dire — j'aime bien ça
M: Alors, on se revoit ? F: Ça dépend de mon humeur M: Et quand seras-tu d'humeur ? F: Peut-être — coincidentally, soon M: You're a hard one to pin down F: You're a patient man, it seems M: (laughing) Then I'll wait F: (laughing) Don't wait too long, quand même
Just so happens just so happens no one said the word love this wine is half gone
Just so happens l'amour n'est pas encore là Just so happens juste un hasard qui s'attarde
Maybe it's not love just yet maybe it's too soon to say but tonight the moon, I bet, happens to lean your way So let's just happen to look up no need to name what this could be after all, we've time enough and the story's just begun — comme il se doit
留言（ 13 ） 最相關留言 所有留言
留言（ 13 ）",2026-08-31,,AI 協作 Pop,False,False,
2026-09-03 08:07:55,realtime,all,,,47,Julie 的饼干,出嫁,8,38,0,https://streetvoice.com/waylead0422/songs/877510/,https://streetvoice.com/waylead0422/,"https://akstatic.streetvoice.com/song_covers/wa/yl/waylead0422/YQ3Nm5DFsojTeBDHRR4Hgd.jpeg?x-oss-process=image/resize,m_fixed,h_1,w_1,limit_0/resize,m_fixed,h_630,w_1200,limit_0/watermark,image_c29uZ19jb3ZlcnMvd2EveWwvd2F5bGVhZDA0MjIvWVEzTm01REZzb2pUZUJESFJSNEhnZC5qcGVnP3gtb3NzLXByb2Nlc3M9aW1hZ2UvcmVzaXplLG1fZml4ZWQsaF8zNDQsd18zNDQsbGltaXRfMA,g_nw,x_428,y_143/watermark,image_YXNzZXQvaW1hZ2VzL21ldGFpbWFnZS1zb25nLnBuZw,g_nw,x_0,y_0",images/877510.jpeg,@waylead0422,音樂人,,,,2,26,7,,,https://www.youtube.com/user/StreetVoiceTV,【我用音樂養小孩】我們的乾媽是魏如萱：賴心樂、賴錚|||https://blow.streetvoice.com/37787/?utm_source=streetvoice&utm_medium=profile-news-block,,Pop,,,,"這首歌以南洋 Baba Nyonya 曲風為基調，講述著一段關於愛與婚姻的遺憾。歌曲從最初的浪漫，到回望出嫁時的美好，再到副歌唱出愛已無法輓回的痛。 歌曲中的她曾把青春奉陪，把一生交付，卻發現那些曾經以為不會改變的愛，終究在歲月里漸漸變了模樣，再也回不到從前。 
這首歌以南洋 Baba Nyonya 曲風為基調，講述著一段關於愛與婚姻的遺憾。歌曲從最初的浪漫，到回望出嫁時的美好，再到副歌唱出愛已無法輓回的痛。
歌曲中的她曾把青春奉陪，把一生交付，卻發現那些曾經以為不會改變的愛，終究在歲月里漸漸變了模樣，再也回不到從前。","词：陈伟历 / 蔡易达 曲：陈伟历 演唱：李荧恩 口琴：洪捷智 Verse 花开正盛偏要学会离别 不惧世纷飞 与你相随 却把初心留在梦中的岁月 却任旧芳华 枯萎 Pre Chorus 鼓声 送我归 花桥掩去我的眼泪 回头望去岁月回忆磨灭 是谁 不再回 Chorus 阮的爱一直无变卦 甲你做伙是阮的心愿 红盖头下 笑声相随 一世的誓言 换成累 你的心慢慢咧变卦 阮诶心愿到尾剩梦 曾为了爱 换彼此安慰 把青春奉陪 却换来余生一回 ——— Interlude ——— Pre Chorus 鼓声 送我归 花桥掩去我的眼泪 回头望去岁月回忆磨灭 是谁 不再回 Chorus 阮的爱一直无变卦 甲你做伙是阮的心愿 红盖头下 笑声相随 一世的誓言 换成累 你的心慢慢咧变卦 阮诶心愿到尾剩梦 曾为了爱 换彼此安慰 把青春奉陪 却换来余生一回 把青春奉陪 却换来余生一回 
词：陈伟历 / 蔡易达 曲：陈伟历 演唱：李荧恩 口琴：洪捷智
Verse 花开正盛偏要学会离别 不惧世纷飞 与你相随 却把初心留在梦中的岁月 却任旧芳华 枯萎
Pre Chorus 鼓声 送我归 花桥掩去我的眼泪 回头望去岁月回忆磨灭 是谁 不再回
Chorus 阮的爱一直无变卦 甲你做伙是阮的心愿 红盖头下 笑声相随 一世的誓言 换成累
你的心慢慢咧变卦 阮诶心愿到尾剩梦 曾为了爱 换彼此安慰 把青春奉陪 却换来余生一回
——— Interlude ———
Pre Chorus 鼓声 送我归 花桥掩去我的眼泪 回头望去岁月回忆磨灭 是谁 不再回
Chorus 阮的爱一直无变卦 甲你做伙是阮的心愿 红盖头下 笑声相随 一世的誓言 换成累
你的心慢慢咧变卦 阮诶心愿到尾剩梦 曾为了爱 换彼此安慰 把青春奉陪 却换来余生一回
把青春奉陪 却换来余生一回
留言（ 0 ） 最相關留言 所有留言
留言（ 0 ）",2026-09-02,,,False,False,
2026-09-03 08:07:55,realtime,all,,,48,Lucia&#x27;s Masquerade,Lucia,7,52,0,https://streetvoice.com/JJLim/songs/877518/,https://streetvoice.com/JJLim/,"https://akstatic.streetvoice.com/song_covers/SV/W2/SVW2/NS3K92rS4d2vuNvj2uo5Gm.jpg?x-oss-process=image/resize,m_fixed,h_1,w_1,limit_0/resize,m_fixed,h_630,w_1200,limit_0/watermark,image_c29uZ19jb3ZlcnMvU1YvVzIvU1ZXMi9OUzNLOTJyUzRkMnZ1TnZqMnVvNUdtLmpwZz94LW9zcy1wcm9jZXNzPWltYWdlL3Jlc2l6ZSxtX2ZpeGVkLGhfMzQ0LHdfMzQ0LGxpbWl0XzA,g_nw,x_428,y_143/watermark,image_YXNzZXQvaW1hZ2VzL21ldGFpbWFnZS1zb25nLnBuZw,g_nw,x_0,y_0",images/877518.jpg,@JJLim,音樂人,馬來西亞,2025-09-01,,,1,,,,https://www.youtube.com/user/StreetVoiceTV,,,Metal,,,,"Lucia 没人知道她从什么时候开始学会了服从。 有人说，她只是听见了声音。 也有人说—— 那些声音，从来没有出现在她的耳边。 直到面具裂开， 命令仍在继续。 只是这一次， 说话的人，已经变成了她自己。 而你现在听见的， 是她最后一次保持清醒时留下的声音 
Lucia
没人知道她从什么时候开始学会了服从。
有人说，她只是听见了声音。 也有人说—— 那些声音，从来没有出现在她的耳边。
直到面具裂开， 命令仍在继续。
只是这一次， 说话的人，已经变成了她自己。
而你现在听见的， 是她最后一次保持清醒时留下的声音","天还没亮透之前 就像被定着的位置 摆好的标记 Oh微笑角度 连呼吸分寸 步伐克制 禁犹豫因为 ""Lucia"" 世人眼中 宿命已裁决了她 Lunaria... Non libera... Nexa anima... Vestra mea... Ora mea ridet... Corde fia... Silentia... Sanguis clamat... 站在世人中Lucia Sanguis clamat corde nox 可谁剩我再堕落 刻下小花是我Lucia 高声赞美完美无暇的假 困在众目 像献至世人圣像 灵魂却早已堕落悬崖 暮色逐渐腐蚀 Lunaria 圣谕失声 Corde fia... Silentia 慈悲侵吞自我 Nexa Anima 永夜 Corde nox intrat… Non muta… non muta… Sanguis in memoria… Perfecta… perfecta… Non sum Lucia… Tu es Lucia… I break… I break… No return… 我听见名字在回响 一声一声不是我 谁还记得最初的我 连灵魂都遗忘 最后一点自己 剩下的是谁 刻下名 不再是Lucia 高声赞美完美无暇的假 灵魂全被 撕裂成 灰啊 最终还剩谁来回答 灵魂 撕裂成 灰啊 最终还剩下谁来回答 
天还没亮透之前 就像被定着的位置 摆好的标记 Oh微笑角度 连呼吸分寸 步伐克制 禁犹豫因为 ""Lucia"" 世人眼中 宿命已裁决了她
Lunaria... Non libera... Nexa anima... Vestra mea... Ora mea ridet... Corde fia... Silentia... Sanguis clamat...
站在世人中Lucia Sanguis clamat corde nox 可谁剩我再堕落
刻下小花是我Lucia 高声赞美完美无暇的假 困在众目 像献至世人圣像 灵魂却早已堕落悬崖
暮色逐渐腐蚀 Lunaria 圣谕失声 Corde fia... Silentia 慈悲侵吞自我 Nexa Anima 永夜
Corde nox intrat… Non muta… non muta… Sanguis in memoria… Perfecta… perfecta… Non sum Lucia… Tu es Lucia… I break… I break… No return…
我听见名字在回响 一声一声不是我 谁还记得最初的我 连灵魂都遗忘 最后一点自己 剩下的是谁
刻下名 不再是Lucia 高声赞美完美无暇的假 灵魂全被 撕裂成 灰啊 最终还剩谁来回答
灵魂 撕裂成 灰啊 最终还剩下谁来回答
留言（ 0 ） 最相關留言 所有留言
留言（ 0 ）",2026-09-02,,,False,False,
2026-09-03 08:07:55,realtime,all,,,49,雨國 Kingdom of Rain,總有不同的路要走,78,2902,30,https://streetvoice.com/kingdomofrain/songs/876158/,https://streetvoice.com/kingdomofrain/,"https://akstatic.streetvoice.com/song_covers/ki/ng/kingdomofrain/khetXxJhrhEpYBK9y9Nrmh.jpeg?x-oss-process=image/resize,m_fixed,h_1,w_1,limit_0/resize,m_fixed,h_630,w_1200,limit_0/watermark,image_c29uZ19jb3ZlcnMva2kvbmcva2luZ2RvbW9mcmFpbi9raGV0WHhKaHJoRXBZQks5eTlOcm1oLmpwZWc_eC1vc3MtcHJvY2Vzcz1pbWFnZS9yZXNpemUsbV9maXhlZCxoXzM0NCx3XzM0NCxsaW1pdF8w,g_nw,x_428,y_143/watermark,image_YXNzZXQvaW1hZ2VzL21ldGFpbWFnZS1zb25nLnBuZw,g_nw,x_0,y_0",images/876158.jpeg,@kingdomofrain,音樂人,,,2021-05-20 15:42,55,1510,1,,,https://youtu.be/GRV3uu6d_xw,無畏地走下去 雨國 Kingdom of Rain 新曲〈奇遇〉釋出|||https://blow.streetvoice.com/22980/?utm_source=streetvoice&utm_medium=profile-news-block; 海洋音樂祭評審團大獎得主雨國 新歌〈Robot Dreams〉靈感取自《再見機器人》|||https://blow.streetvoice.com/84673/?utm_source=streetvoice&utm_medium=profile-news-block; 恭喜Nana高娜娜、雨國、逃走鮑伯獲選2019臺北周末音樂不斷電優勝團隊|||https://blow.streetvoice.com/47753/?utm_source=streetvoice&utm_medium=profile-news-block,,Dance,,,,"詞曲：陳翰 編曲：雨國 混音：曹安 母帶：曹安 
詞曲：陳翰 編曲：雨國 混音：曹安 母帶：曹安","動態歌詞
我們總有不同條的路要走 在這些日常不過的對話中 總有繼續往下走的足夠理由 理解季節週期仍會變動 試著放下過去擔憂的困惑 春夏秋冬中你會懂得過 在那些過往的日常對話當中 萬物總會有放下的理由 平淡的對話 平淡的時候 不想庸庸碌碌過著生活 那些改變不了自己的平庸 提醒著你我 學著把話放在心中 只對自己說 學會將話存在心中 只為你而活 學著把話放在心中 只對自己說 學會將話存在心中 只為你而活 理解生命的變動 諒解一切的無果 理解故事的結果 未必能有始有終 我們總有不同條的路要走 在這些日常不過的對話中 總有繼續往下走的足夠理由 理解季節週期仍會變動 試著放下過去擔憂的困惑 春夏秋冬中你會懂得過 在那些過往的日常對話當中 萬物總會有放下的理由 理解故事的結果 未必能有始有終 理解生命的變動 諒解一切的無果 理解故事的結果 未必能有始有終 理解生命的變動 諒解一切的無果 理解故事的結果 未必能有始有終 理解生命的變動 諒解一切的無果 理解故事的結果 未必能有始有終 理解生命的變動 諒解一切的無果 理解故事的結果 未必能有始有終 
我們總有不同條的路要走 在這些日常不過的對話中 總有繼續往下走的足夠理由 理解季節週期仍會變動 試著放下過去擔憂的困惑 春夏秋冬中你會懂得過 在那些過往的日常對話當中 萬物總會有放下的理由 平淡的對話 平淡的時候 不想庸庸碌碌過著生活 那些改變不了自己的平庸 提醒著你我 學著把話放在心中 只對自己說 學會將話存在心中 只為你而活 學著把話放在心中 只對自己說 學會將話存在心中 只為你而活 理解生命的變動 諒解一切的無果 理解故事的結果 未必能有始有終 我們總有不同條的路要走 在這些日常不過的對話中 總有繼續往下走的足夠理由 理解季節週期仍會變動 試著放下過去擔憂的困惑 春夏秋冬中你會懂得過 在那些過往的日常對話當中 萬物總會有放下的理由 理解故事的結果 未必能有始有終 理解生命的變動 諒解一切的無果 理解故事的結果 未必能有始有終 理解生命的變動 諒解一切的無果 理解故事的結果 未必能有始有終 理解生命的變動 諒解一切的無果 理解故事的結果 未必能有始有終 理解生命的變動 諒解一切的無果 理解故事的結果 未必能有始有終
留言（ 30 ） 最相關留言 所有留言
留言（ 30 ）",2026-08-24,,編輯推薦,True,False,
2026-09-03 08:07:55,realtime,all,,,50,Tanuki Maruina,NO CAP,3,202,3,https://streetvoice.com/boson321/songs/877137/,https://streetvoice.com/boson321/,"https://akstatic.streetvoice.com/song_covers/bo/so/boson321/KjUQsWpD3BqL8MqNhLvWtj.jpeg?x-oss-process=image/resize,m_fixed,h_1,w_1,limit_0/resize,m_fixed,h_630,w_1200,limit_0/watermark,image_c29uZ19jb3ZlcnMvYm8vc28vYm9zb24zMjEvS2pVUXNXcEQzQnFMOE1xTmhMdld0ai5qcGVnP3gtb3NzLXByb2Nlc3M9aW1hZ2UvcmVzaXplLG1fZml4ZWQsaF8zNDQsd18zNDQsbGltaXRfMA,g_nw,x_428,y_143/watermark,image_YXNzZXQvaW1hZ2VzL21ldGFpbWFnZS1zb25nLnBuZw,g_nw,x_0,y_0",images/877137.jpeg,@boson321,音樂人,,,,5,1,,,,https://www.youtube.com/user/StreetVoiceTV,,,Hip hop / Rap,,,,"獻給努力做音樂的各位. Shout out 紅粉鍊人。從大嘻哈第一季開始，這個年輕人是我重拾創作的動力。 
獻給努力做音樂的各位.
Shout out 紅粉鍊人。從大嘻哈第一季開始，這個年輕人是我重拾創作的動力。","門前觀自在 門後談生意 眼耳鼻舌身意 我們談一門生意 Head low Bass loud No cap No crown Stay in line That's your thing I miss one beat Still don't miss Seven beats Let me cook You want proof? Yeah, right, take a look Caught in 4K I don't pose Main character? Nah, I ghost You talk big I speak low My verse walks in Before I show Get out my way No hype No fear Your rage bait Dies here You call me cooked I like the heat You chase the trend I break the beat Too real For your feed No blue check Don't need it, no need No cap No crown Turn your rules Upside down One beat short Still right on time 少了一拍 自成一派 對. 對呀. You follow the wave I make it mine De der Te ta Tanuki 
門前觀自在 門後談生意
眼耳鼻舌身意 我們談一門生意
Head low Bass loud No cap No crown
Stay in line That's your thing
I miss one beat Still don't miss
Seven beats Let me cook
You want proof? Yeah, right, take a look
Caught in 4K I don't pose
Main character? Nah, I ghost
You talk big I speak low
My verse walks in Before I show
Get out my way
No hype No fear
Your rage bait Dies here
You call me cooked I like the heat
You chase the trend I break the beat
Too real For your feed
No blue check Don't need it, no need
No cap No crown
Turn your rules Upside down
One beat short Still right on time
少了一拍 自成一派
對. 對呀.
You follow the wave I make it mine
De der Te ta
Tanuki
留言（ 3 ） 最相關留言 所有留言
留言（ 3 ）",2026-08-30,,編輯推薦,True,False,
